target,target_label,prediction,prediction_label,count
656,口,999,囗,59
1370,子,1371,孑,47
2780,榛,2764,楱,42
5677,诸,3190,渚,42
2512,曰,2418,日,39
3113,浩,5669,诰,38
480,刺,490,剌,35
3970,睛,2485,晴,35
5666,语,3116,浯,35
5697,谍,3198,渫,35
3009,河,5626,诃,34
5483,袄,4134,祆,34
5649,诛,3064,洙,34
3055,洁,5646,诘,33
2946,汀,5596,订,32
3063,洗,418,冼,32
3864,瘦,3853,瘐,32
5680,读,3184,渎,32
5620,讽,3001,沨,31
1184,士,598,卤,30
3623,玫,3616,玟,30
5700,谐,3216,湝,30
5524,裸,4158,祼,29
1620,已,1619,己,28
3083,洼,5644,诖,28
5719,谤,3250,滂,28
7033,鸣,739,呜,27
2947,汁,5595,计,26
576,千,1667,干,25
3275,滴,5725,谪,25
3284,漠,5714,谟,25
3481,父,2352,攵,25
4001,瞳,2505,曈,24
1210,夭,1206,天,23
1621,巳,1620,已,23
3014,沽,5625,诂,23
3099,浑,5662,诨,23
3191,渝,5705,谕,23
51,之,6021,辶,22
2418,日,2512,曰,22
2908,毫,106,亳,22
2949,汆,2945,氽,22
2957,汗,5600,讦,22
2987,沐,3005,沭,22
2997,沤,5612,讴,22
660,叨,678,叼,21
2956,汕,5604,讪,21
5728,谭,3307,潭,21
7029,鸟,52,乌,21
1619,己,1620,已,20
2074,扶,2083,抉,20
2962,江,5601,讧,20
3214,湛,5696,谌,20
3902,皙,2484,晳,20
4747,育,4727,肓,20
5595,计,2947,汁,20
5651,话,3082,活,20
5693,谈,3168,淡,20
3013,沼,5637,诏,19
3123,消,5667,诮,19
5671,诲,3118,海,19
5691,谆,3175,淳,19
5703,谓,3199,渭,19
5732,谱,3315,潽,19
1144,堤,2249,提,18
2958,汛,5608,讯,18
3012,治,5640,诒,18
3066,洛,3081,洺,18
4265,竟,4264,竞,18
4947,芒,4952,芝,18
4996,苟,4992,苘,18
5034,茫,5039,茳,18
5656,询,3079,洵,18
5676,请,3180,清,18
6397,锉,4016,矬,18
6576,陈,6564,阵,18
2496,暖,2499,暧,17
2995,没,5621,设,17
3039,泪,2966,汨,17
3082,活,5651,话,17
3118,海,5671,诲,17
3235,溢,5720,谥,17
4338,算,4332,箅,17
5106,获,5107,莸,17
5674,诵,3125,涌,17
5686,谁,3173,淮,17
54,乎,2052,手,16
99,亨,101,享,16
3104,浙,3155,淅,16
5249,蕴,5247,蕰,16
5724,谩,3288,漫,16
415,冶,3012,治,15
449,刁,448,刀,15
1185,壬,3608,王,15
1796,徘,4529,绯,15
3063,洗,5650,诜,15
3172,淬,5692,谇,15
3180,清,5676,请,15
3199,渭,5703,谓,15
3288,漫,5724,谩,15
3623,玫,3612,玖,15
4411,粱,2695,梁,15
4725,肋,523,助,15
396,冒,2441,昌,14
739,呜,7033,鸣,14
842,唧,877,啷,14
1456,寸,2053,扌,14
1888,恩,1857,思,14
2999,沦,5618,论,14
3126,涎,5652,诞,14
3814,疽,3811,疸,14
3935,盹,4742,肫,14
4436,系,4435,糸,14
5639,译,3053,泽,14
5660,详,3058,洋,14
5864,跌,5856,趺,14
6213,酪,6212,酩,14
719,吹,735,呗,13
1027,土,598,卤,13
1056,坝,1048,坎,13
1208,夫,1209,夬,13
1483,尸,601,卩,13
1620,已,1621,巳,13
1742,弛,6836,驰,13
2083,抉,2074,扶,13
2235,掰,2290,搿,13
2436,昂,2457,昴,13
2537,末,2536,未,13
2564,来,4677,耒,13
2967,汩,2966,汨,13
3125,涌,5674,诵,13
4775,胧,2461,昽,13
5618,论,2999,沦,13
5628,诅,3006,沮,13
5652,诞,3126,涎,13
5731,谰,3322,澜,13
60,乖,61,乘,12
192,住,6615,隹,12
1807,徽,1803,微,12
2141,拨,2126,拔,12
2352,攵,1191,夂,12
2370,敞,2369,敝,12
2466,晌,798,响,12
2485,晴,4818,腈,12
2581,构,2607,枸,12
2975,汽,2955,汔,12
3006,沮,5628,诅,12
3062,洒,6201,酒,12
3175,淳,5691,谆,12
4264,竞,4265,竟,12
5041,茵,5118,菌,12
5096,莨,5029,茛,12
5596,订,2946,汀,12
5605,讫,2955,汔,12
5621,设,2995,没,12
6085,逢,6064,逄,12
6201,酒,3062,洒,12
6399,锋,6343,铎,12
57,乒,380,兵,11
164,优,160,伏,11
352,儿,431,几,11
355,元,2416,无,11
678,叼,660,叨,11
1045,坊,1032,圬,11
1277,姐,1270,妲,11
1934,惊,1933,惇,11
2105,抵,2076,扺,11
2966,汨,2967,汩,11
3035,波,5638,诐,11
3039,泪,3006,沮,11
3156,淆,3108,浠,11
3789,疗,3787,疔,11
4146,祟,1567,崇,11
4296,第,4295,笫,11
5042,茶,5082,荼,11
5608,讯,2958,汛,11
6333,铃,6302,钤,11
6368,铬,6369,铭,11
7030,鸠,7038,鸩,11
152,份,172,伤,10
416,冷,3033,泠,10
431,几,352,儿,10
598,卤,1027,土,10
777,咪,746,味,10
1709,庾,1712,廋,10
1797,徙,1793,徒,10
1829,快,1849,怏,10
2977,沁,3022,泌,10
3123,消,3159,淌,10
3151,涸,3057,洇,10
3322,澜,5731,谰,10
3479,爱,3478,爰,10
4517,绢,3128,涓,10
4675,耍,5551,要,10
4735,肠,2432,旸,10
4744,肮,2524,朊,10
5106,获,5081,荻,10
5199,蒽,5179,葸,10
5258,薛,5259,薜,10
5485,袆,4137,祎,10
5787,贷,5771,货,10
6026,迂,6025,迁,10
6032,运,6040,远,10
6721,顽,6727,颃,10
79,二,92,亠,9
129,仕,151,任,9
423,凇,3166,淞,9
446,函,445,凼,9
578,升,1727,开,9
639,叁,640,参,9
807,哗,805,哔,9
1667,干,576,千,9
2104,抱,2098,抢,9
2128,拗,1069,坳,9
2554,杏,2573,杳,9
2612,柏,2680,桕,9
2624,柠,2140,拧,9
2645,栏,2139,拦,9
2962,江,2950,汇,9
3053,泽,5639,译,9
3168,淡,5693,谈,9
3173,淮,5686,谁,9
3932,盲,4727,肓,9
3956,眯,2452,昧,9
3972,睢,6628,雎,9
4008,矛,76,予,9
4479,纺,1777,彷,9
4595,缴,1806,徼,9
4729,肘,2430,时,9
4733,肝,2427,旰,9
4933,艹,1725,廾,9
5019,茉,5038,茱,9
5106,获,5037,茯,9
5116,菇,5044,茹,9
5372,蜓,5371,蜒,9
5633,诋,3031,泜,9
5690,谅,424,凉,9
5702,谒,3202,渴,9
5736,谵,3329,澹,9
5828,赢,5445,蠃,9
6237,醒,6219,酲,9
7108,麋,7106,麇,9
15,且,2419,旦,8
68,乡,1765,彡,8
106,亳,2908,毫,8
118,仅,646,反,8
172,伤,152,份,8
199,余,198,佘,8
279,倍,262,信,8
370,入,372,八,8
372,八,110,人,8
465,创,469,刨,8
684,合,375,兮,8
701,吟,741,呤,8
999,囗,656,口,8
1349,嫒,1338,媛,8
1426,宫,1411,官,8
1477,尤,1476,尢,8
1562,峰,1549,峄,8
1784,径,4499,经,8
1890,恫,2676,桐,8
2018,戍,2017,戌,8
2018,戍,2021,成,8
2135,拢,2072,扰,8
2152,拼,2131,拚,8
2485,晴,3970,睛,8
2499,暧,2496,暖,8
2539,札,2055,扎,8
2542,朴,2056,扑,8
2626,查,2573,杳,8
2628,柬,2561,束,8
2667,桃,2162,挑,8
3012,治,415,冶,8
3053,泽,3065,洚,8
3202,渴,5702,谒,8
3258,滔,5689,谄,8
3481,父,1191,夂,8
3608,王,86,五,8
3853,瘐,3864,瘦,8
3908,皿,1001,四,8
4262,竖,1053,坚,8
4741,肪,4734,肟,8
4815,脸,3968,睑,8
5145,萎,5186,蒌,8
5395,蝎,5386,蜴,8
5495,袪,4142,祛,8
5634,诌,5689,谄,8
5681,诼,3152,涿,8
5690,谅,5691,谆,8
5735,谴,6110,遣,8
5828,赢,1367,嬴,8
5896,踏,5924,蹐,8
6018,辫,6017,辩,8
6423,锤,6444,锺,8
6562,阳,6563,阴,8
6853,骂,4276,笃,8
49,么,1672,幺,7
51,之,93,亡,7
58,乓,380,兵,7
93,亡,5594,讠,7
102,京,101,享,7
176,伪,115,仂,7
184,伺,196,何,7
344,僳,323,傈,7
382,具,638,县,7
415,冶,5640,诒,7
438,凳,3889,登,7
490,剌,480,刺,7
646,反,118,仅,7
1050,坐,3740,生,7
1184,士,1027,土,7
1467,小,1809,忄,7
1471,尖,1472,尘,7
1477,尤,3524,犬,7
1726,廿,3736,甘,7
1796,徘,272,俳,7
1850,怒,1879,恕,7
1988,慨,2770,概,7
2149,拴,2113,拄,7
2183,挽,2199,换,7
2423,旬,658,句,7
2453,昨,758,咋,7
2536,未,2537,末,7
2585,析,2092,折,7
2593,枢,2096,抠,7
2666,桂,2157,挂,7
2693,桶,2186,捅,7
2753,楔,2260,揳,7
2772,榆,2243,揄,7
2818,橇,2321,撬,7
2921,氓,3042,泯,7
2945,氽,2949,汆,7
3058,洋,5660,详,7
3302,潜,3312,潸,7
3307,潭,5728,谭,7
3380,炮,3375,炝,7
3832,痢,3852,瘌,7
3891,百,3890,白,7
3909,盂,1382,孟,7
4050,砰,4021,矸,7
4405,粟,2650,栗,7
4498,绎,4510,绛,7
4521,绦,3140,涤,7
4566,编,309,偏,7
4628,羔,1880,恙,7
4875,自,3890,白,7
4934,艺,4946,芑,7
5040,茴,4992,苘,7
5044,茹,5116,菇,7
5066,荣,5038,茱,7
5123,菜,5101,莱,7
5388,蜻,5409,蝽,7
5467,衣,5468,衤,7
5615,讷,2969,汭,7
5616,许,5600,讦,7
5797,赁,435,凭,7
5877,跤,5890,跻,7
6021,辶,51,之,7
6025,迁,6026,迂,7
6067,选,6052,迭,7
6304,钦,6299,钡,7
6305,钧,6286,钓,7
6504,门,390,冂,7
6849,驾,2605,架,7
6961,鲛,6960,鲚,7
7033,鸣,697,吗,7
7049,鸵,4911,舵,7
7049,鸵,6847,驼,7
3,七,45,乂,6
22,东,5958,车,6
52,乌,7029,鸟,6
75,了,2,丁,6
81,于,1667,干,6
86,五,3608,王,6
122,今,139,令,6
124,仍,135,仞,6
162,休,195,体,6
183,伸,146,仲,6
196,何,692,向,6
215,佳,6615,隹,6
231,侗,287,倜,6
246,便,221,使,6
252,俏,284,倘,6
262,信,279,倍,6
355,元,94,亢,6
418,冼,3063,洗,6
419,冽,3059,洌,6
525,劫,608,却,6
548,勾,549,勿,6
658,句,550,匀,6
1012,囱,1004,囟,6
1054,坛,1032,圬,6
1118,域,1108,城,6
1197,夕,547,勺,6
1228,奏,4189,秦,6
1473,尚,4728,肖,6
1476,尢,1477,尤,6
1557,峦,1875,恋,6
1563,峻,1558,峧,6
1619,己,62,乙,6
1634,帐,1844,怅,6
1807,徽,1804,徵,6
1879,恕,1850,怒,6
1905,悄,1941,惝,6
2120,拌,2090,抖,6
2163,挖,2228,控,6
2194,捐,2251,揖,6
2228,控,2163,挖,6
2314,撒,2319,撤,6
2350,支,2351,攴,6
2380,文,1191,夂,6
2380,文,2352,攵,6
2428,旱,2422,早,6
2457,昴,2436,昂,6
2540,术,2535,木,6
2570,杯,2088,抔,6
2579,板,2073,扳,6
2581,构,2557,杓,6
2591,枝,2080,技,6
2631,柱,2675,桎,6
2648,栓,2149,拴,6
2658,样,2775,榉,6
2693,桶,2694,桷,6
2736,椅,2218,掎,6
2737,椋,2735,椁,6
2750,椽,2242,掾,6
2781,榜,2275,搒,6
2894,毋,2895,母,6
2918,氏,2919,氐,6
2994,沟,3017,泃,6
3009,河,6509,问,6
3021,泊,3060,洎,6
3034,泡,3000,沧,6
3039,泪,3060,洎,6
3104,浙,3185,渐,6
3447,熄,3453,熜,6
3616,玟,3623,玫,6
3694,瑷,3683,瑗,6
3856,瘘,3845,痿,6
3884,癞,3886,癫,6
3935,盹,3943,眊,6
3949,眠,3962,眼,6
3980,睽,2494,暌,6
4024,矾,4039,砜,6
4144,祝,5558,视,6
4227,究,4228,穷,6
4244,窖,4241,窑,6
4391,米,2536,未,6
4431,糠,4426,糖,6
4456,红,5601,讧,6
4508,给,4500,绐,6
4509,绚,1786,徇,6
4509,绚,3079,洵,6
4527,续,3184,渎,6
4545,绿,3182,渌,6
4588,缭,3306,潦,6
4595,缴,3331,激,6
4741,肪,2439,昉,6
4754,肿,4757,胂,6
4854,膛,3992,瞠,6
4951,芜,4961,芫,6
4996,苟,4969,芴,6
4996,苟,5047,荀,6
5560,览,4285,笕,6
5656,询,3017,泃,6
5668,误,3160,淏,6
5675,诶,3131,涘,6
5724,谩,4581,缦,6
6105,道,6104,遒,6
6286,钓,4460,约,6
6300,钢,4471,纲,6
6305,钧,6307,钩,6
6307,钩,6286,钓,6
6445,锻,4559,缎,6
6563,阴,6562,阳,6
6622,雅,4209,稚,6
6763,飒,3001,沨,6
7057,鸽,7045,鸰,6
47,久,1191,夂,5
50,义,45,乂,5
139,令,55,乏,5
153,仿,1777,彷,5
161,伐,138,代,5
178,伯,214,佰,5
195,体,162,休,5
213,佯,181,伴,5
214,佰,178,伯,5
259,保,298,倮,5
339,僧,4590,缯,5
340,僬,3426,焦,5
418,冼,5650,诜,5
433,凤,6760,风,5
482,刽,6278,钊,5
523,助,4725,肋,5
528,励,520,劢,5
539,勒,543,勤,5
581,半,34,丰,5
615,厂,2,丁,5
682,各,699,吝,5
689,后,619,厉,5
692,向,196,何,5
699,吝,682,各,5
716,吴,2440,昊,5
1017,国,1010,园,5
1029,在,1612,左,5
1048,坎,1056,坝,5
1063,坨,1086,垞,5
1075,垃,2118,拉,5
1123,埴,1159,填,5
1192,处,1198,外,5
1371,孑,1370,子,5
1384,季,2553,李,5
1483,尸,6554,阝,5
1665,幢,1997,憧,5
1686,库,622,厍,5
1699,度,1682,庋,5
1716,廖,3870,瘳,5
1738,弓,75,了,5
1762,彗,1987,慧,5
1865,怪,1871,怿,5
1890,恫,1932,惆,5
1963,愉,2772,榆,5
2053,扌,1456,寸,5
2075,批,2076,扺,5
2098,抢,2097,抡,5
2118,拉,1075,垃,5
2143,括,2651,栝,5
2177,挪,2262,揶,5
2195,捕,2273,搏,5
2198,捡,2122,拎,5
2249,提,1144,堤,5
2268,搁,2237,掴,5
2442,明,2525,朋,5
2452,昧,746,味,5
2468,晒,791,哂,5
2469,晓,804,哓,5
2483,晰,823,哳,5
2494,暌,3980,睽,5
2495,暑,4618,署,5
2497,暗,894,喑,5
2522,月,2418,日,5
2525,朋,2442,明,5
2555,材,2556,村,5
2564,来,2561,束,5
2566,杨,2068,扬,5
2569,杭,2091,抗,5
2573,杳,2626,查,5
2607,枸,2647,栒,5
2630,柰,1224,奈,5
2631,柱,2113,拄,5
2632,柳,2085,抑,5
2638,标,2644,栎,5
2642,栋,2644,栎,5
2678,桓,1878,恒,5
2719,棒,2201,捧,5
2803,槽,4430,糟,5
2809,模,2305,摸,5
2813,樱,2310,撄,5
2817,橄,2316,撖,5
2860,此,2900,比,5
2863,歧,1523,岐,5
2938,氮,2937,氪,5
2982,沆,2981,沅,5
3003,沪,3049,泸,5
3037,泥,3042,泯,5
3055,洁,3026,法,5
3116,浯,5666,语,5
3127,涑,3134,涞,5
3145,涪,3116,浯,5
3159,淌,3123,消,5
3159,淌,5667,诮,5
3161,淑,3226,溆,5
3174,深,5683,课,5
3277,漂,3238,溧,5
3291,漱,3334,濑,5
3398,烛,3551,独,5
3403,烦,3367,炊,5
3476,爪,3717,瓜,5
3584,猫,2248,描,5
3717,瓜,3476,爪,5
3930,盯,3756,町,5
3930,盯,4697,耵,5
3989,瞑,2498,暝,5
4183,秒,2568,杪,5
4260,立,6021,辶,5
4361,篙,1593,嵩,5
4391,米,2541,朱,5
4395,籽,4678,耔,5
4461,级,2971,汲,5
4466,纬,169,伟,5
4466,纬,5611,讳,5
4468,纯,2985,沌,5
4470,纱,2991,沙,5
4472,纳,2969,汭,5
4476,纷,2976,汾,5
4483,线,3088,浅,5
4490,细,188,佃,5
4491,织,5629,识,5
4494,绊,181,伴,5
4499,经,3054,泾,5
4503,结,5646,诘,5
4507,绘,3095,浍,5
4508,给,3084,洽,5
4513,绞,4478,纹,5
4524,绩,4556,缋,5
4525,绪,3190,渚,5
4530,绰,3162,淖,5
4542,综,3164,淙,5
4543,绽,3153,淀,5
4550,缄,5648,诚,5
4551,缅,3209,湎,5
4566,编,5713,谝,5
4570,缚,322,傅,5
4618,署,2495,暑,5
4741,肪,4732,肜,5
4763,胎,3946,眙,5
4811,脯,2477,晡,5
4816,脾,3974,睥,5
4961,芫,4951,芜,5
4992,苘,5046,茼,5
5003,苫,5002,苦,5
5067,荤,5069,荦,5
5101,莱,5123,菜,5
5107,莸,5106,获,5
5119,菏,4992,苘,5
5140,萄,5169,葡,5
5152,营,5115,菅,5
5167,葛,5104,莴,5
5333,蛀,5352,蛭,5
5462,衔,5463,街,5
5511,裕,5500,袷,5
5551,要,4675,耍,5
5555,观,2842,欢,5
5569,角,3744,甪,5
5602,讨,4457,纣,5
5607,议,2973,汶,5
5686,谁,4534,维,5
5696,谌,3214,湛,5
5718,谣,6111,遥,5
5720,谥,3235,溢,5
5732,谱,5709,谙,5
5733,谲,3300,潏,5
5735,谴,4592,缱,5
5979,轻,5982,轾,5
6017,辩,6018,辫,5
6040,远,6032,运,5
6054,述,6073,逑,5
6083,造,6067,选,5
6101,遏,6099,遇,5
6148,邻,6159,郐,5
6176,郸,6172,郫,5
6193,酉,5550,西,5
6212,酩,6213,酪,5
6277,钉,6280,钌,5
6307,钩,6305,钧,5
6312,钮,4481,纽,5
6331,铁,6359,铢,5
6404,锐,6460,镋,5
6411,锗,6413,错,5
6425,锦,4535,绵,5
6456,镇,4572,缜,5
6521,闺,6511,闰,5
6665,靖,5676,请,5
6743,颖,6737,颍,5
6791,饰,6787,饬,5
6797,饶,4505,绕,5
3,七,557,匕,4
10,不,4019,石,4
28,丧,5470,表,4
33,中,3752,申,4
40,为,514,力,4
54,乎,1668,平,4
67,习,449,刁,4
67,习,1757,彐,4
79,二,1,一,4
82,亏,2401,方,4
83,云,82,亏,4
123,介,2393,斤,4
133,仙,5604,讪,4
146,仲,183,伸,4
174,伦,175,伧,4
181,伴,149,件,4
190,位,141,仨,4
214,佰,208,佤,4
268,俭,182,伶,4
281,倒,226,例,4
364,兔,362,免,4
371,全,134,仝,4
373,公,1672,幺,4
400,写,52,乌,4
405,冤,364,兔,4
407,冫,2943,氵,4
413,决,3044,泱,4
422,准,3173,淮,4
427,减,5648,诚,4
464,刚,460,刖,4
464,刚,463,则,4
469,刨,465,创,4
522,动,1674,幼,4
543,勤,539,勒,4
549,勿,550,匀,4
550,匀,547,勺,4
557,匕,3,七,4
561,匚,1611,工,4
598,卤,1184,士,4
615,厂,1676,广,4
638,县,1922,悬,4
641,又,45,乂,4
642,叉,641,又,4
660,叨,677,叻,4
674,号,1738,弓,4
688,名,682,各,4
692,向,203,佝,4
727,告,685,吉,4
745,呲,703,吡,4
746,味,2452,昧,4
751,呻,4052,砷,4
757,咆,738,呛,4
758,咋,2453,昨,4
760,咎,2448,昝,4
798,响,6798,饷,4
866,啥,795,哈,4
906,喷,868,啧,4
929,嗦,913,嗉,4
993,嚣,977,器,4
1027,土,1184,士,4
1065,坪,1049,坏,4
1091,垣,1062,坦,4
1155,塔,2286,搭,4
1184,士,3,七,4
1191,夂,2352,攵,4
1197,夕,1191,夂,4
1213,失,1211,央,4
1217,夹,1209,夬,4
1237,奢,5164,著,4
1249,妄,1273,妾,4
1251,妇,1245,好,4
1278,姑,1287,姞,4
1320,婆,1305,娑,4
1336,媒,3437,煤,4
1375,字,1402,宇,4
1381,孝,4669,考,4
1406,完,1400,宄,4
1420,客,1434,容,4
1434,容,1420,客,4
1473,尚,4992,苘,4
1483,尸,1485,尺,4
1533,岢,4993,苛,4
1553,峡,1565,崃,4
1629,帅,1631,师,4
1634,帐,5770,账,4
1674,幼,115,仂,4
1675,幽,445,凼,4
1688,底,1693,府,4
1722,延,1723,廷,4
1857,思,1888,恩,4
1958,惺,1914,悝,4
1970,感,1936,惑,4
1985,慢,3459,熳,4
2017,戌,2018,戍,4
2021,成,2018,戍,4
2037,戮,2038,戳,4
2082,抄,2568,杪,4
2086,抒,2577,杼,4
2109,抽,2107,抻,4
2109,抽,2620,柚,4
2115,拆,2121,拍,4
2126,拔,2141,拨,4
2135,拢,1077,垅,4
2144,拭,5643,试,4
2157,挂,2113,拄,4
2162,挑,2667,桃,4
2168,挟,2083,抉,4
2170,挡,2684,档,4
2187,捆,2237,掴,4
2193,捏,2114,担,4
2198,捡,2154,拾,4
2201,捧,2719,棒,4
2223,掘,1129,堀,4
2249,提,2188,捉,4
2273,搏,590,博,4
2323,撮,2292,摄,4
2342,擦,2347,攥,4
2346,攘,1183,壤,4
2352,攵,3481,父,4
2355,改,2356,攻,4
2358,政,2356,攻,4
2362,敌,2359,故,4
2369,敝,2370,敞,4
2407,旅,2409,旋,4
2419,旦,15,且,4
2429,旴,2427,旰,4
2451,春,4885,舂,4
2484,晳,3902,皙,4
2512,曰,2419,旦,4
2543,朵,725,呆,4
2580,极,2589,枚,4
2616,染,2615,柒,4
2616,染,2695,梁,4
2621,柜,2124,拒,4
2669,桅,2636,栀,4
2679,桔,2699,梏,4
2684,档,2170,挡,4
2702,梢,2192,捎,4
2757,楞,2604,枵,4
2829,檀,2332,擅,4
2887,殴,2845,欧,4
2895,母,2894,毋,4
2920,民,1487,尼,4
2922,气,65,乞,4
2931,氢,2930,氡,4
2944,永,2942,水,4
2983,沈,3101,浓,4
3009,河,2951,汈,4
3012,治,3015,沾,4
3012,治,3084,洽,4
3018,泄,2963,池,4
3036,泣,3030,泛,4
3041,泮,2996,沣,4
3055,洁,4503,结,4
3068,洣,3004,沫,4
3088,浅,4483,线,4
3089,浆,2689,桨,4
3113,浩,3055,洁,4
3123,消,3070,洧,4
3153,淀,3107,浞,4
3155,淅,3104,浙,4
3159,淌,4531,绱,4
3183,渍,3224,溃,4
3184,渎,5680,读,4
3191,渝,3211,湔,4
3222,湾,3250,滂,4
3223,湿,3197,温,4
3224,溃,4556,缋,4
3239,溪,3131,涘,4
3288,漫,3242,溲,4
3299,潍,3173,淮,4
3317,澈,3318,澉,4
3377,炫,3406,烩,4
3416,焊,1908,悍,4
3416,焊,3395,烊,4
3444,煸,3446,煽,4
3459,熳,1985,慢,4
3508,牲,3503,牦,4
3552,狭,2168,挟,4
3555,狰,2172,挣,4
3570,猎,2231,措,4
3570,猎,3583,猪,4
3583,猪,3576,猜,4
3585,猬,900,喟,4
3615,玛,3613,玙,4
3623,玫,2356,攻,4
3660,琐,6720,顼,4
3663,琢,3152,涿,4
3683,瑗,3694,瑷,4
3710,璧,1179,壁,4
3736,甘,1726,廿,4
3755,甸,2423,旬,4
3793,疟,3805,疰,4
3798,疤,3806,疱,4
3823,痊,3805,疰,4
3847,瘁,3825,痒,4
3864,瘦,3800,疫,4
3871,瘴,3825,痒,4
3911,盆,5775,贫,4
3937,盾,5772,质,4
3953,眩,2439,昉,4
3959,眷,2451,春,4
3985,瞅,881,啾,4
4038,砚,4031,砍,4
4039,砜,4024,矾,4
4127,示,4174,禾,4
4139,祖,5489,袒,4
4184,秕,2582,枇,4
4191,秩,4190,秧,4
4240,窍,4235,窃,4
4310,筐,4344,箧,4
4313,答,4288,笞,4
4327,筹,4306,等,4
4331,简,4298,笱,4
4337,箕,5138,萁,4
4434,糵,5282,蘖,4
4435,糸,4436,系,4
4456,红,112,亿,4
4461,级,157,伋,4
4466,纬,4495,绋,4
4475,纶,174,伦,4
4479,纺,5622,访,4
4488,组,1783,徂,4
4488,组,3006,沮,4
4492,终,205,佟,4
4497,绍,5637,诏,4
4505,绕,236,侥,4
4513,绞,219,佼,4
4513,绞,3071,洨,4
4517,绢,4516,绡,4
4517,绢,4555,缉,4
4524,绩,3183,渍,4
4533,绳,3186,渑,4
4559,缎,6445,锻,4
4564,缔,5711,谛,4
4565,缕,3227,溇,4
4698,耶,649,取,4
4727,肓,4747,育,4
4730,肚,4731,肛,4
4736,股,4788,胶,4
4740,肩,2046,扃,4
4756,胁,4725,肋,4
4766,胙,2453,昨,4
4769,胜,4808,脞,4
4796,脊,4761,背,4
4819,腊,4818,腈,4
4836,腰,4852,膘,4
4882,臾,654,叟,4
4930,色,6124,邑,4
4942,芋,4941,芊,4
4952,芝,4947,芒,4
4968,芳,4944,芎,4
4991,苗,4994,苜,4
5001,若,5002,苦,4
5012,茂,5098,莪,4
5033,茨,4954,芡,4
5033,茨,5100,莰,4
5039,茳,5076,荭,4
5056,荒,5045,茺,4
5076,荭,5039,茳,4
5081,荻,5106,获,4
5170,董,1132,堇,4
5194,蒲,5254,薄,4
5231,蔷,5238,蕃,4
5281,蘑,4113,磨,4
5338,蛊,3910,盅,4
5371,蜒,5372,蜓,4
5393,蝉,5385,蜱,4
5394,蝌,5368,蜊,4
5406,蝶,5410,蝾,4
5431,蟀,5345,蛘,4
5431,蟀,5435,蟑,4
5463,街,5462,衔,4
5472,衫,5491,袗,4
5574,解,2388,斛,4
5598,认,5597,讣,4
5601,讧,2962,江,4
5608,讯,6028,迅,4
5609,记,2959,汜,4
5614,讶,171,伢,4
5622,访,4479,纺,4
5623,诀,413,决,4
5629,识,4491,织,4
5634,诌,4493,绉,4
5644,诖,3083,洼,4
5648,诚,427,减,4
5662,诨,3099,浑,4
5667,诮,3123,消,4
5670,诱,4518,绣,4
5680,读,4527,续,4
5686,谁,422,准,4
5697,谍,5695,谋,4
5702,谒,306,偈,4
5705,谕,3191,渝,4
5714,谟,3284,漠,4
5727,谬,4585,缪,4
5860,跃,5864,跌,4
5868,跑,5861,跄,4
5882,路,6800,饹,4
5886,跷,5876,跣,4
5967,软,2844,欤,4
6017,辩,6016,辨,4
6030,迈,6033,近,4
6073,逑,6054,述,4
6106,遗,6110,遣,4
6254,重,1074,垂,4
6303,钥,6353,铜,4
6304,钦,6789,饮,4
6315,钱,6790,饯,4
6321,钷,6294,钜,4
6325,钻,6318,钴,4
6369,铭,6368,铬,4
6384,铼,6349,铗,4
6396,锈,4518,绣,4
6397,锉,6387,铿,4
6404,锐,5673,说,4
6423,锤,4558,缍,4
6513,闲,6508,闭,4
6515,间,6509,问,4
6520,闹,6512,闱,4
6536,阉,6531,阄,4
6541,阎,6537,阊,4
6554,阝,601,卩,4
6619,雀,1569,崔,4
6628,雎,3972,睢,4
6717,项,6714,顶,4
6717,项,6720,顼,4
6730,领,6742,颔,4
6763,飒,5620,讽,4
6813,馈,4556,缋,4
6819,馏,6464,镏,4
6829,香,3913,盉,4
7063,鹃,7079,鹘,4
7070,鹊,7071,鹋,4
7107,麈,6270,鏖,4
7110,麓,4379,簏,4
7122,黍,1823,忝,4
6,三,79,二,3
7,上,557,匕,3
23,丝,21,丛,3
33,中,1625,巾,3
34,丰,4719,肀,3
46,乃,6554,阝,3
49,么,1765,彡,3
79,二,407,冫,3
81,于,1371,孑,3
82,亏,1738,弓,3
93,亡,51,之,3
93,亡,6021,辶,3
94,亢,355,元,3
101,享,99,亨,3
118,仅,142,仪,3
120,仇,115,仂,3
120,仇,4462,纨,3
127,仓,65,乞,3
127,仓,6780,饣,3
129,仕,558,化,3
132,付,4457,纣,3
132,付,5602,讨,3
133,仙,558,化,3
136,仟,113,什,3
138,代,558,化,3
139,令,122,今,3
142,仪,165,伙,3
146,仲,149,件,3
152,份,4476,纷,3
160,伏,164,优,3
161,伐,113,什,3
161,伐,2015,戊,3
165,伙,160,伏,3
169,伟,201,佛,3
169,伟,4466,纬,3
179,估,194,佑,3
192,住,190,位,3
192,住,223,侄,3
194,佑,179,估,3
198,佘,199,余,3
213,佯,1788,徉,3
214,佰,229,侑,3
215,佳,5644,诖,3
221,使,246,便,3
236,侥,4505,绕,3
239,侨,2171,挢,3
244,侯,285,候,3
250,俊,1913,悛,3
252,俏,229,侑,3
285,候,263,俣,3
286,倚,4528,绮,3
322,傅,4570,缚,3
323,傈,344,僳,3
335,像,4568,缘,3
350,儒,3338,濡,3
356,兄,662,只,3
358,兆,559,北,3
363,兑,4625,羌,3
374,六,2401,方,3
379,兴,374,六,3
380,兵,58,乓,3
387,兽,2519,曾,3
394,册,577,卅,3
400,写,6832,马,3
400,写,7029,鸟,3
414,况,418,冼,3
415,冶,668,台,3
422,准,3805,疰,3
422,准,5686,谁,3
430,凝,3785,疑,3
436,凯,484,剀,3
444,击,636,去,3
448,刀,601,卩,3
449,刁,67,习,3
455,刊,458,刑,3
474,到,472,刭,3
477,刷,502,剧,3
482,刽,465,创,3
503,剩,470,利,3
546,勹,390,冂,3
547,勺,1197,夕,3
549,勿,552,匆,3
558,化,2900,比,3
562,匜,563,匝,3
586,卓,2674,桌,3
592,卞,8,下,3
592,卞,595,卡,3
599,卦,6279,钋,3
603,卮,616,厄,3
607,即,6143,邵,3
608,却,525,劫,3
609,卵,604,卯,3
617,厅,2393,斤,3
619,厉,689,后,3
627,原,625,厚,3
644,友,1612,左,3
644,友,2350,支,3
656,口,398,冖,3
660,叨,661,叩,3
668,台,354,允,3
671,右,657,古,3
671,右,4019,石,3
678,叼,677,叻,3
679,叽,703,吡,3
703,吡,745,呲,3
712,吮,711,吭,3
725,呆,2543,朵,3
736,员,5764,负,3
738,呛,757,咆,3
785,咸,2021,成,3
790,品,662,只,3
799,哎,792,哄,3
820,哭,977,器,3
825,哼,769,咛,3
829,唆,779,咬,3
841,唤,831,唉,3
842,唧,819,哪,3
852,唾,834,唑,3
899,喝,848,唱,3
936,嗳,2499,暧,3
942,嘁,891,喊,3
983,噶,899,喝,3
1001,四,1000,囚,3
1001,四,2512,曰,3
1003,回,1001,四,3
1004,囟,598,卤,3
1005,因,1016,固,3
1007,团,1011,困,3
1010,园,3929,目,3
1011,困,1005,因,3
1011,困,1007,团,3
1011,困,1013,围,3
1017,国,1002,囝,3
1017,国,1013,围,3
1020,圃,554,匍,3
1027,土,1611,工,3
1029,在,671,右,3
1042,址,2992,沚,3
1051,坑,2091,抗,3
1053,坚,4262,竖,3
1058,坟,2356,攻,3
1112,埕,1107,埋,3
1125,培,2216,掊,3
1130,堂,1084,垕,3
1156,塘,1168,墉,3
1159,填,1123,埴,3
1185,壬,48,乇,3
1193,备,682,各,3
1205,大,5,丈,3
1210,夭,1191,夂,3
1217,夹,1215,夷,3
1252,妈,1245,好,3
1256,妓,1288,姣,3
1274,姆,1070,坶,3
1276,始,1280,姓,3
1290,姨,1323,婕,3
1293,姻,3401,烟,3
1296,威,785,咸,3
1297,娃,1280,姓,3
1326,婢,1331,婵,3
1370,子,1372,孓,3
1385,孤,1747,弧,3
1387,学,1375,字,3
1389,孪,101,享,3
1398,宁,1403,守,3
1419,审,1412,宙,3
1422,室,4242,窒,3
1425,宪,1406,完,3
1428,宰,6011,辛,3
1431,宵,4758,胃,3
1471,尖,1213,失,3
1485,尺,662,只,3
1512,屮,33,中,3
1514,山,439,凵,3
1519,岂,1532,岜,3
1525,岔,3911,盆,3
1531,岛,7029,鸟,3
1535,岩,1409,宕,3
1568,崎,1552,峙,3
1576,崧,5122,菘,3
1608,州,577,卅,3
1611,工,62,乙,3
1622,巴,1621,巳,3
1625,巾,33,中,3
1637,帕,1852,怕,3
1655,帽,1658,幅,3
1661,幕,542,募,3
1667,干,81,于,3
1673,幻,4465,纫,3
1680,庇,3810,疵,3
1712,廋,1709,庾,3
1715,廓,1711,廊,3
1723,廷,1722,延,3
1735,弋,2014,戈,3
1747,弧,1385,孤,3
1810,必,1808,心,3
1821,忘,1820,志,3
1822,忙,2565,杧,3
1829,快,1052,块,3
1836,忽,1814,忍,3
1849,怏,1829,快,3
1887,恨,1864,怩,3
1903,恿,1886,恧,3
1930,悼,1951,惮,3
1931,情,1967,愔,3
1933,惇,1934,惊,3
1937,惕,1124,埸,3
1942,惟,1651,帷,3
1952,惯,1974,愦,3
1956,惶,1958,惺,3
1956,惶,3433,煌,3
1957,惹,5257,薏,3
1968,愕,1972,愣,3
1985,慢,1164,墁,3
1993,憎,1173,增,3
2002,憾,2329,撼,3
2014,戈,1735,弋,3
2015,戊,2017,戌,3
2019,戎,2023,戒,3
2021,成,2017,戌,3
2022,我,2078,找,3
2035,截,796,哉,3
2040,户,1483,尸,3
2056,扑,2057,扒,3
2062,扣,2059,扔,3
2068,扬,2129,拘,3
2072,扰,2169,挠,3
2073,扳,1043,坂,3
2073,扳,2579,板,3
2092,折,1040,圻,3
2097,抡,2098,抢,3
2100,报,2073,扳,3
2102,披,1060,坡,3
2103,抬,2158,指,3
2105,抵,2119,拊,3
2108,押,2107,抻,3
2108,押,2138,拥,3
2110,抿,2076,扺,3
2113,拄,2118,拉,3
2113,拄,2157,挂,3
2117,拈,1066,坫,3
2118,拉,2139,拦,3
2120,拌,2611,柈,3
2124,拒,2621,柜,3
2144,拭,2078,找,3
2149,拴,2648,栓,3
2167,挞,1099,垯,3
2168,挟,2074,扶,3
2170,挡,1100,垱,3
2173,挤,2171,挢,3
2176,挨,1105,埃,3
2176,挨,2199,换,3
2182,挺,1109,埏,3
2186,捅,1106,埇,3
2186,捅,2693,桶,3
2198,捡,2713,检,3
2199,换,2176,挨,3
2210,捻,2122,拎,3
2215,掉,2731,棹,3
2229,推,1131,堆,3
2231,措,2248,描,3
2231,措,2252,揞,3
2237,掴,2187,捆,3
2254,握,2206,捱,3
2257,揪,2766,楸,3
2262,揶,2177,挪,3
2280,搞,2790,槁,3
2299,摔,2203,捭,3
2318,撞,2825,橦,3
2319,撤,2316,撖,3
2321,撬,2818,橇,3
2322,播,1175,墦,3
2331,擂,2833,檑,3
2350,支,644,友,3
2355,改,4879,致,3
2357,放,2360,效,3
2369,敝,2365,敕,3
2372,散,2375,敬,3
2386,斗,34,丰,3
2393,斤,617,厅,3
2418,日,2522,月,3
2420,旧,2967,汩,3
2422,早,2428,旱,3
2423,旬,3755,甸,3
2430,时,4729,肘,3
2447,昙,638,县,3
2453,昨,4766,胙,3
2462,显,2456,昱,3
2478,晤,835,唔,3
2481,普,2465,晋,3
2486,晶,790,品,3
2517,曹,5121,菖,3
2522,月,687,同,3
2529,朕,4791,胼,3
2536,未,2541,朱,3
2536,未,4677,耒,3
2547,杂,2543,朵,3
2549,杆,2063,扦,3
2556,村,2555,材,3
2557,杓,2581,构,3
2559,杜,2562,杠,3
2561,束,2564,来,3
2562,杠,2061,扛,3
2564,来,1217,夹,3
2575,杷,2084,把,3
2587,林,2106,抹,3
2587,林,2555,材,3
2590,果,2572,杲,3
2611,柈,2120,拌,3
2612,柏,2121,拍,3
2633,柴,2615,柒,3
2642,栋,2136,拣,3
2647,栒,2607,枸,3
2650,栗,4405,粟,3
2658,样,2793,槎,3
2674,桌,586,卓,3
2679,桔,2145,拮,3
2686,桥,2171,挢,3
2689,桨,3089,浆,3
2695,梁,4411,粱,3
2704,梧,2184,捂,3
2713,检,2198,捡,3
2713,检,2609,柃,3
2713,检,2648,栓,3
2718,棍,2660,根,3
2730,棵,4210,稞,3
2732,棺,2783,榨,3
2736,椅,2711,梽,3
2738,植,2678,桓,3
2739,椎,4209,稚,3
2747,椰,2262,揶,3
2757,楞,1972,愣,3
2764,楱,2780,榛,3
2765,楷,2256,揩,3
2768,楼,2269,搂,3
2791,槊,1154,塑,3
2820,橘,2300,摘,3
2840,欠,5762,贝,3
2851,款,2849,欹,3
2900,比,559,北,3
2903,毗,703,吡,3
2921,氓,3635,珉,3
2924,氖,2925,氘,3
2939,氯,2935,氨,3
2946,汀,2951,汈,3
2946,汀,6504,门,3
2950,汇,5601,讧,3
2954,汐,2973,汶,3
2976,汾,4476,纷,3
2991,沙,4470,纱,3
2996,沣,3041,泮,3
3004,沫,2996,沣,3
3004,沫,5642,诔,3
3006,沮,2967,汩,3
3006,沮,3039,泪,3
3010,沸,1740,弗,3
3011,油,2969,汭,3
3019,泅,3057,洇,3
3021,泊,2967,汩,3
3022,泌,1810,必,3
3038,注,2968,汪,3
3039,泪,2420,旧,3
3039,泪,5628,诅,3
3041,泮,3068,洣,3
3041,泮,4494,绊,3
3051,泻,5662,诨,3
3058,洋,3041,泮,3
3059,洌,419,冽,3
3081,洺,3066,洛,3
3083,洼,3038,注,3
3084,洽,3033,泠,3
3101,浓,2983,沈,3
3121,涂,3115,浮,3
3132,涛,264,俦,3
3134,涞,5642,诔,3
3135,涟,6042,连,3
3139,涣,3106,浜,3
3139,涣,3131,涘,3
3140,涤,3121,涂,3
3142,涧,3079,洵,3
3142,涧,3141,润,3
3154,淄,4547,缁,3
3156,淆,3190,渚,3
3171,淫,5718,谣,3
3173,淮,422,准,3
3189,渗,5632,诊,3
3192,渠,2615,柒,3
3224,溃,3183,渍,3
3235,溢,3210,湓,3
3263,滞,3133,涝,3
3270,滦,2663,栾,3
3270,滦,3238,溧,3
3277,漂,3164,淙,3
3288,漫,3119,浸,3
3329,澹,5736,谵,3
3349,灈,3340,濯,3
3362,灾,1400,宄,3
3383,炳,3403,烦,3
3392,烂,3393,烃,3
3414,烽,3395,烊,3
3427,焯,1930,悼,3
3446,煽,3444,煸,3
3468,燠,2005,懊,3
3479,爱,650,受,3
3510,特,3507,牯,3
3517,犊,2743,椟,3
3517,犊,3510,特,3
3524,犬,1205,大,3
3532,犹,2072,扰,3
3546,狞,2140,拧,3
3546,狞,3550,狩,3
3561,狸,257,俚,3
3605,玄,83,云,3
3606,率,585,卒,3
3607,玉,3608,王,3
3611,玕,3625,环,3
3612,玖,3616,玟,3
3612,玖,3623,玫,3
3622,玩,2981,沅,3
3623,玫,2355,改,3
3629,玷,3613,玙,3
3631,玻,5638,诐,3
3674,琳,3158,淋,3
3692,瑰,6923,魂,3
3698,璃,4576,缡,3
3720,瓢,6768,飘,3
3752,申,33,中,3
3752,申,3750,由,3
3772,畦,794,哇,3
3803,疮,3806,疱,3
3811,疸,3814,疽,3
3819,病,3801,疬,3
3820,症,3828,痖,3
3822,痉,3805,疰,3
3838,痪,3815,疾,3
3840,痰,3815,疾,3
3885,癣,3882,癖,3
3890,白,3891,百,3
3890,白,4881,臼,3
3897,皋,4876,臬,3
3929,目,1003,回,3
3929,目,1010,园,3
3929,目,2418,日,3
3931,盱,2429,旴,3
3931,盱,3930,盯,3
3936,盼,708,吩,3
3954,眬,2461,昽,3
3963,着,3944,看,3
3970,睛,3979,睹,3
3975,睦,3955,眭,3
3984,瞄,905,喵,3
3997,瞪,970,噔,3
4010,矢,1213,失,3
4019,石,4,万,3
4031,砍,4067,硕,3
4080,碉,4065,硐,3
4105,磅,4090,碜,3
4113,磨,7117,麽,3
4137,祎,5485,袆,3
4151,票,2650,栗,3
4178,秆,2549,杆,3
4194,积,2603,枳,3
4196,秸,2679,桔,3
4198,秽,4197,移,3
4209,稚,2739,椎,3
4242,窒,1422,室,3
4260,立,6,三,3
4267,竣,3105,浚,3
4270,竭,5702,谒,3
4275,竿,4606,罕,3
4283,笑,716,吴,3
4290,笤,1838,忿,3
4302,笼,5022,茏,3
4330,签,4289,笠,3
4351,箱,4340,箝,3
4360,篓,5186,蒌,3
4365,篢,4343,箦,3
4370,篱,4361,篙,3
4371,篷,5218,蓬,3
4384,簧,4365,篢,3
4387,簿,5254,薄,3
4398,粒,2118,拉,3
4407,粤,1238,奥,3
4409,粪,4393,类,3
4410,粮,4201,稂,3
4425,糕,4398,粒,3
4426,糖,2284,搪,3
4430,糟,2803,槽,3
4458,纤,4455,纡,3
4460,约,1246,妁,3
4464,纪,5609,记,3
4465,纫,135,仞,3
4468,纯,6783,饨,3
4472,纳,6298,钠,3
4477,纸,191,低,3
4488,组,5628,诅,3
4499,经,1749,弪,3
4500,绐,4508,给,3
4503,结,170,传,3
4505,绕,3090,浇,3
4509,绚,5656,询,3
4511,络,3066,洛,3
4511,络,6800,饹,3
4516,绡,4531,绱,3
4518,绣,6396,锈,3
4538,绸,5688,调,3
4560,缏,4515,绠,3
4570,缚,3236,溥,3
4579,缤,3271,滨,3
4634,群,6014,辟,3
4730,肚,3501,牡,3
4737,肢,4788,胶,3
4758,胃,4759,胄,3
4771,胞,4739,肥,3
4788,胶,4809,脧,3
4812,脱,4784,胱,3
4815,脸,4779,胫,3
4826,腔,4857,膣,3
4828,腙,4806,脘,3
4836,腰,4790,胺,3
4845,腿,3445,煺,3
4852,膘,3991,瞟,3
4869,臊,3966,睇,3
4879,致,2355,改,3
4889,舌,657,古,3
4902,航,4903,舫,3
4947,芒,4945,芏,3
4952,芝,4946,芑,3
4958,芨,4937,艿,3
4962,芬,4969,芴,3
4967,花,4960,芪,3
4967,花,5020,茌,3
4968,芳,4948,芗,3
4988,苓,4959,芩,3
4991,苗,5041,茵,3
4995,苞,4946,芑,3
4995,苞,4963,芭,3
4995,苞,4983,苍,3
4996,苟,4943,芍,3
4996,苟,4993,苛,3
4996,苟,5119,菏,3
5008,苹,6673,革,3
5019,茉,4677,耒,3
5020,茌,5053,荏,3
5029,茛,5096,莨,3
5035,茬,5054,荐,3
5040,茴,4991,苗,3
5066,荣,5042,茶,3
5070,荧,4954,芡,3
5078,药,4943,芍,3
5079,荷,5009,苻,3
5109,莺,5153,萦,3
5118,菌,5041,茵,3
5119,菏,5079,荷,3
5123,菜,5038,茱,3
5145,萎,5083,荽,3
5148,萘,5082,荼,3
5164,著,5113,菁,3
5169,葡,5140,萄,3
5200,蒿,1593,嵩,3
5218,蓬,5102,莲,3
5231,蔷,5113,菁,3
5309,蚁,5311,蚊,3
5319,蚣,5321,蚧,3
5324,蚪,5313,蚌,3
5395,蝎,5447,蠋,3
5398,蝙,3520,犏,3
5399,蝠,1658,幅,3
5445,蠃,5828,赢,3
5463,街,5464,衙,3
5470,表,28,丧,3
5530,褐,5526,裼,3
5538,褪,5507,裉,3
5550,西,6193,酉,3
5554,见,399,冗,3
5561,觉,367,党,3
5595,计,113,什,3
5596,订,6504,门,3
5602,讨,132,付,3
5603,让,2992,沚,3
5606,训,1037,圳,3
5607,议,142,仪,3
5609,记,4464,纪,3
5609,记,5601,讧,3
5616,许,2957,汗,3
5622,访,2964,污,3
5623,诀,1052,块,3
5623,诀,3621,玦,3
5624,证,2992,沚,3
5625,诂,3014,沽,3
5627,评,5600,讦,3
5635,词,184,伺,3
5635,词,5626,诃,3
5637,诏,4497,绍,3
5639,译,5660,详,3
5645,诗,5644,诖,3
5651,话,5625,诂,3
5656,询,4509,绚,3
5657,诣,3128,涓,3
5661,诧,3007,沱,3
5669,诰,3113,浩,3
5670,诱,3655,琇,3
5671,诲,243,侮,3
5673,说,3120,浼,3
5684,诿,297,倭,3
5688,调,3151,涸,3
5695,谋,3157,淇,3
5698,谎,1149,塃,3
5706,谖,3221,湲,3
5721,谦,4578,缣,3
5724,谩,3119,浸,3
5725,谪,3275,滴,3
5738,谷,682,各,3
5762,贝,2840,欠,3
5765,贡,6713,页,3
5767,责,5782,贲,3
5784,贴,5791,贻,3
5844,超,5841,起,3
5868,跑,6792,饱,3
5883,跳,3646,珧,3
5899,踞,5873,距,3
5947,躏,5930,蹢,3
5972,轴,2620,柚,3
6026,迂,6029,过,3
6026,迂,6034,迓,3
6026,迂,6036,迕,3
6033,近,6030,迈,3
6052,迭,6067,选,3
6056,迷,6054,述,3
6057,迸,6039,进,3
6064,逄,6085,逢,3
6094,逼,6078,通,3
6099,遇,6101,遏,3
6156,郊,2360,效,3
6156,郊,6173,郭,3
6157,郎,607,即,3
6177,都,6151,郁,3
6180,鄂,6164,郛,3
6213,酪,4063,硌,3
6232,醋,6223,酷,3
6257,金,371,全,3
6282,钎,4458,纤,3
6282,钎,6276,针,3
6291,钙,2989,沔,3
6295,钝,4468,纯,3
6296,钞,4470,纱,3
6297,钟,4489,绅,3
6298,钠,4472,纳,3
6299,钡,6304,钦,3
6302,钤,6333,铃,3
6306,钨,7045,鸰,3
6317,钳,4484,绀,3
6335,铅,6354,铝,3
6353,铜,6303,钥,3
6354,铝,6335,铅,3
6368,铬,4511,络,3
6369,铭,4511,络,3
6372,铰,4513,绞,3
6372,铰,6801,饺,3
6378,银,1787,很,3
6388,销,4516,绡,3
6388,销,6347,铕,3
6389,锁,6388,销,3
6399,锋,4510,绛,3
6405,锑,4523,绨,3
6421,锢,6356,铟,3
6425,锦,6355,铞,3
6456,镇,6455,镆,3
6465,镐,6478,镝,3
6484,镣,4588,缭,3
6494,镭,6464,镏,3
6508,闭,6513,闲,3
6509,问,6515,间,3
6510,闯,6522,闻,3
6511,闰,6509,问,3
6541,阎,6531,阄,3
6559,阮,6557,阢,3
6633,雨,26,两,3
6725,颁,6726,颂,3
6727,颃,6721,顽,3
6730,领,6719,须,3
6742,颔,6736,颌,3
6749,颜,6738,颏,3
6760,风,392,冈,3
6801,饺,4513,绞,3
6805,饿,248,俄,3
6818,馍,6455,镆,3
6829,香,2573,杳,3
6836,驰,1742,弛,3
6847,驼,7049,鸵,3
6849,驾,6853,骂,3
6857,骇,1388,孩,3
6874,骛,7082,鹜,3
6922,魁,6926,魅,3
6988,鲷,6985,鲴,3
7035,鸥,7060,鹀,3
7057,鸽,7066,鹆,3
7082,鹜,6874,骛,3
7106,麇,7108,麋,3
7125,黑,4612,罢,3
7181,龙,1477,尤,3
7184,龟,362,免,3
7184,龟,7142,黾,3
4,万,617,厅,2
5,丈,1205,大,2
7,上,0,々,2
7,上,1027,土,2
8,下,1205,大,2
10,不,8,下,2
12,丐,2989,沔,2
15,且,3929,目,2
17,世,4970,芷,2
19,丙,26,两,2
20,业,3409,热,2
25,丢,636,去,2
26,两,6633,雨,2
30,个,576,千,2
34,丰,581,半,2
34,丰,2538,本,2
39,丹,2895,母,2
41,主,5594,讠,2
41,主,6021,辶,2
45,乂,641,又,2
46,乃,448,刀,2
46,乃,601,卩,2
47,久,2352,攵,2
48,乇,2905,毛,2
51,之,1611,工,2
51,之,2380,文,2
54,乎,168,伞,2
56,乐,22,东,2
56,乐,4174,禾,2
58,乓,57,乒,2
59,乔,4174,禾,2
62,乙,1619,己,2
64,九,1476,尢,2
65,乞,2922,气,2
66,也,63,乜,2
71,买,6832,马,2
75,了,1738,弓,2
78,事,6702,韦,2
81,于,80,亍,2
81,于,576,千,2
82,亏,4,万,2
83,云,1672,幺,2
87,井,2120,拌,2
97,亦,3787,疔,2
98,产,6011,辛,2
100,亩,1412,宙,2
104,亮,106,亳,2
105,亲,101,享,2
113,什,5600,讦,2
114,仁,112,亿,2
114,仁,141,仨,2
124,仍,121,仉,2
124,仍,157,伋,2
125,从,140,以,2
127,仓,126,仑,2
127,仓,551,包,2
129,仕,2968,汪,2
130,他,2963,池,2
136,仟,148,仵,2
136,仟,151,任,2
139,令,134,仝,2
139,令,375,兮,2
140,以,2900,比,2
140,以,5598,认,2
142,仪,282,倓,2
142,仪,4478,纹,2
149,件,146,仲,2
149,件,148,仵,2
153,仿,143,仫,2
160,伏,702,吠,2
164,优,193,佐,2
166,会,139,令,2
166,会,209,佥,2
168,伞,1669,年,2
170,传,159,伎,2
170,传,217,佶,2
172,伤,6787,饬,2
174,伦,197,佗,2
174,伦,4475,纶,2
176,伪,3002,沩,2
178,伯,3021,泊,2
182,伶,1856,怜,2
183,伸,4489,绅,2
184,伺,687,同,2
185,似,144,们,2
189,但,1783,徂,2
194,佑,193,佐,2
196,何,171,伢,2
196,何,184,伺,2
196,何,203,佝,2
201,佛,4495,绋,2
206,你,128,仔,2
206,你,2843,欣,2
207,佣,4490,细,2
223,侄,192,住,2
223,侄,215,佳,2
223,侄,6615,隹,2
227,侍,264,俦,2
233,依,273,俵,2
234,侠,3087,浃,2
235,侣,179,估,2
235,侣,217,佶,2
237,侦,6719,须,2
238,侧,133,仙,2
238,侧,3094,测,2
239,侨,150,价,2
240,侩,190,位,2
240,侩,4507,绘,2
246,便,4515,绠,2
247,促,3107,浞,2
247,促,4532,绲,2
250,俊,219,佼,2
250,俊,1791,後,2
260,俞,1962,愈,2
262,信,217,佶,2
271,俱,189,但,2
276,俺,3177,淹,2
284,倘,176,伪,2
285,候,244,侯,2
286,倚,225,侉,2
292,倦,3200,港,2
302,值,4875,自,2
305,假,157,伋,2
308,偎,3581,猥,2
309,偏,254,俑,2
311,做,2354,攸,2
312,停,288,倞,2
312,停,4482,纾,2
322,傅,590,博,2
335,像,288,倞,2
337,僚,3306,潦,2
344,僳,3238,溧,2
354,允,357,充,2
354,允,359,先,2
355,元,83,云,2
357,充,354,允,2
359,先,360,光,2
359,先,1213,失,2
360,光,94,亢,2
360,光,379,兴,2
367,党,5561,觉,2
370,入,110,人,2
370,入,448,刀,2
370,入,449,刁,2
371,全,65,乞,2
371,全,139,令,2
371,全,6257,金,2
371,全,6273,钅,2
372,八,37,丶,2
373,公,49,么,2
374,六,47,久,2
374,六,592,卞,2
380,兵,57,乒,2
391,内,6506,闪,2
392,冈,6760,风,2
397,冕,2464,晃,2
399,冗,5554,见,2
400,写,409,冯,2
410,冰,2942,水,2
413,决,1209,夬,2
413,决,5623,诀,2
415,冶,3015,沾,2
415,冶,3082,活,2
417,冻,3050,泺,2
420,净,77,争,2
420,净,5658,诤,2
421,凄,1272,妻,2
424,凉,3115,浮,2
424,凉,3164,淙,2
425,凋,5688,调,2
428,凑,3241,溱,2
431,几,372,八,2
443,出,3740,生,2
448,刀,390,冂,2
448,刀,449,刁,2
448,刀,514,力,2
449,刁,1371,孑,2
451,刃,448,刀,2
453,切,5963,轫,2
461,列,462,刘,2
461,列,1739,引,2
462,刘,486,剂,2
464,刚,457,刎,2
465,创,493,剑,2
471,别,494,剔,2
479,刹,485,剁,2
479,刹,554,匍,2
480,刺,470,利,2
482,刽,493,剑,2
492,剐,494,剔,2
493,剑,465,创,2
493,剑,4454,纠,2
494,剔,471,别,2
496,剖,481,刻,2
503,剩,490,剌,2
514,力,3525,犭,2
515,劝,115,仂,2
515,劝,1267,妫,2
517,功,677,叻,2
519,务,3482,爷,2
522,动,5615,讷,2
523,助,677,叻,2
547,勺,550,匀,2
548,勾,550,匀,2
548,勾,553,匈,2
548,勾,658,句,2
550,匀,658,句,2
551,包,4930,色,2
551,包,6780,饣,2
552,匆,392,冈,2
553,匈,548,勾,2
553,匈,1000,囚,2
557,匕,45,乂,2
558,化,118,仅,2
559,北,1035,圯,2
559,北,1186,壮,2
559,北,3499,牝,2
569,匮,6106,遗,2
570,匹,571,区,2
585,卒,3606,率,2
591,卜,110,人,2
594,占,1816,忐,2
596,卢,2040,户,2
607,即,6157,郎,2
608,却,6165,郜,2
616,厄,603,卮,2
617,厅,4,万,2
618,历,1626,币,2
625,厚,627,原,2
636,去,6503,长,2
638,县,382,具,2
638,县,2447,昙,2
640,参,4669,考,2
643,及,125,从,2
647,发,95,交,2
647,发,1518,岁,2
655,叠,2677,桑,2
656,口,352,儿,2
656,口,390,冂,2
656,口,2512,曰,2
657,古,685,吉,2
657,古,1612,左,2
658,句,549,勿,2
659,另,519,务,2
660,叨,135,仞,2
661,叩,677,叻,2
666,叮,678,叼,2
667,可,67,习,2
667,可,449,刁,2
678,叼,661,叩,2
680,吁,752,呼,2
680,吁,2429,旴,2
681,吃,738,呛,2
682,各,688,名,2
682,各,5738,谷,2
684,合,166,会,2
684,合,209,佥,2
685,吉,14,专,2
685,吉,636,去,2
687,同,675,司,2
687,同,1003,回,2
690,吏,2515,更,2
692,向,135,仞,2
692,向,1004,囟,2
697,吗,739,呜,2
701,吟,808,哙,2
705,否,2554,杏,2
708,吩,720,吻,2
709,含,4890,舍,2
712,吮,771,咣,2
716,吴,378,关,2
716,吴,1221,奂,2
726,呈,6273,钅,2
727,告,4889,舌,2
736,员,6713,页,2
738,呛,126,仑,2
740,呢,2458,昵,2
743,周,4605,罔,2
747,呵,666,叮,2
747,呵,678,叼,2
750,呸,16,丕,2
751,呻,1061,坤,2
753,命,6165,郜,2
757,咆,706,吧,2
763,咒,365,兕,2
765,咕,780,咭,2
767,咙,740,呢,2
767,咙,2461,昽,2
774,咧,715,吲,2
782,咱,798,响,2
786,咻,2587,林,2
792,哄,728,呋,2
794,哇,3772,畦,2
805,哔,807,哗,2
807,哗,582,华,2
807,哗,2470,晔,2
817,哨,850,唷,2
818,哩,757,咆,2
824,哺,2477,晡,2
828,唁,825,哼,2
831,唉,841,唤,2
833,唐,1706,庸,2
848,唱,899,喝,2
852,唾,835,唔,2
852,唾,6594,陲,2
856,啄,761,咏,2
865,啤,928,嗥,2
865,啤,4084,碑,2
866,啥,924,嗟,2
880,啼,5917,蹄,2
882,喀,781,咯,2
884,喂,800,哏,2
894,喑,828,唁,2
908,喻,5705,谕,2
912,嗅,975,噢,2
918,嗓,979,噪,2
929,嗦,945,嘌,2
939,嗽,3291,漱,2
946,嘎,911,嗄,2
947,嘏,2493,暇,2
963,嘹,3999,瞭,2
965,嘿,818,哩,2
979,噪,809,哚,2
993,嚣,4365,篢,2
1000,囚,1005,因,2
1001,四,999,囗,2
1001,四,1003,回,2
1001,四,3749,田,2
1003,回,2512,曰,2
1005,因,743,周,2
1005,因,1000,囚,2
1005,因,3929,目,2
1005,因,6523,闼,2
1011,困,1017,国,2
1012,囱,598,卤,2
1013,围,6512,闱,2
1016,固,1005,因,2
1016,固,1018,图,2
1017,国,6511,闰,2
1018,图,1010,园,2
1018,图,1015,囹,2
1022,圆,1010,园,2
1023,圈,1025,圊,2
1025,圊,1019,囿,2
1035,圯,1034,圮,2
1039,场,2068,扬,2
1039,场,3614,玚,2
1041,圾,1043,坂,2
1042,址,1097,垭,2
1043,坂,2073,扳,2
1044,均,1094,垧,2
1044,均,2129,拘,2
1045,坊,1054,坛,2
1049,坏,3625,环,2
1051,坑,1031,圪,2
1052,块,2083,抉,2
1052,块,3621,玦,2
1058,坟,1045,坊,2
1058,坟,1048,坎,2
1060,坡,3631,玻,2
1061,坤,1064,坩,2
1062,坦,1270,妲,2
1062,坦,2114,担,2
1066,坫,2117,拈,2
1071,坷,3633,珂,2
1074,垂,6254,重,2
1078,垆,2099,护,2
1085,垛,1172,墚,2
1091,垣,3080,洹,2
1098,垮,2161,挎,2
1107,埋,1062,坦,2
1115,埙,1116,埚,2
1126,基,3738,甚,2
1129,堀,2223,掘,2
1130,堂,367,党,2
1131,堆,1081,垍,2
1141,堞,2259,揲,2
1152,塌,1116,埚,2
1152,塌,3247,溻,2
1154,塑,1162,塾,2
1156,塘,1122,埯,2
1156,塘,2284,搪,2
1166,墅,6255,野,2
1175,墦,2322,播,2
1184,士,2053,扌,2
1186,壮,559,北,2
1187,声,596,卢,2
1194,复,1195,夏,2
1198,外,1192,处,2
1202,够,3957,眵,2
1202,够,7047,鸲,2
1205,大,1476,尢,2
1206,天,1208,夫,2
1207,太,1612,左,2
1208,夫,1213,失,2
1211,央,1209,夬,2
1213,失,1208,夫,2
1213,失,4010,矢,2
1215,夷,5055,荑,2
1217,夹,1208,夫,2
1222,奄,1226,奋,2
1224,奈,1218,夺,2
1232,奖,2689,桨,2
1236,奠,1466,尊,2
1236,奠,5099,莫,2
1241,奴,1245,好,2
1244,她,1036,地,2
1245,好,1242,奶,2
1245,好,1262,妤,2
1249,妄,1404,安,2
1251,妇,1253,妊,2
1257,妖,1265,妩,2
1257,妖,1301,娇,2
1263,妥,1404,安,2
1264,妨,1288,姣,2
1268,妮,1067,坭,2
1270,妲,1277,姐,2
1271,妹,1286,姝,2
1276,始,1264,妨,2
1277,姐,1304,娌,2
1280,姓,1286,姝,2
1281,委,1298,娄,2
1285,姜,1273,妾,2
1285,姜,4626,美,2
1286,姝,1271,妹,2
1295,姿,5800,资,2
1297,娃,1253,妊,2
1298,娄,4393,类,2
1313,娩,1265,妩,2
1317,娶,4714,聚,2
1318,娼,1309,娟,2
1328,婪,2703,梦,2
1330,婴,1305,娑,2
1331,婵,1326,婢,2
1335,婿,4774,胥,2
1372,孓,1721,廴,2
1373,孔,2055,扎,2
1375,字,1404,安,2
1382,孟,3909,盂,2
1389,孪,1384,季,2
1389,孪,2165,挛,2
1389,孪,2553,李,2
1398,宁,80,亍,2
1401,宅,1399,它,2
1402,宇,1375,字,2
1402,宇,1403,守,2
1403,守,1398,宁,2
1410,宗,1375,字,2
1412,宙,100,亩,2
1416,宝,1401,宅,2
1418,宠,1407,宏,2
1420,客,1409,宕,2
1422,室,1416,宝,2
1431,宵,4759,胄,2
1441,密,5377,蜜,2
1458,寺,1218,夺,2
1458,寺,5958,车,2
1465,尉,1989,慰,2
1467,小,1370,子,2
1469,尔,579,午,2
1472,尘,1471,尖,2
1472,尘,4391,米,2
1472,尘,4945,芏,2
1473,尚,3017,泃,2
1477,尤,7181,龙,2
1483,尸,1484,尹,2
1485,尺,1206,天,2
1490,尿,1500,屎,2
1492,屁,1487,尼,2
1493,层,166,会,2
1499,屋,1489,尾,2
1499,屋,1493,层,2
1503,屑,3937,盾,2
1506,属,1496,屈,2
1514,山,1512,屮,2
1517,屿,1541,岵,2
1525,岔,1838,忿,2
1530,岚,1527,岗,2
1552,峙,5645,诗,2
1560,峪,1547,峂,2
1562,峰,3065,洚,2
1565,崃,1553,峡,2
1567,崇,4402,粜,2
1569,崔,1570,崖,2
1569,崔,5147,萑,2
1572,崞,825,哼,2
1580,崴,5176,葳,2
1581,崽,1595,嵬,2
1586,嵌,5100,莰,2
1611,工,561,匚,2
1611,工,1027,土,2
1612,左,1029,在,2
1613,巧,1032,圬,2
1617,差,4625,羌,2
1617,差,4627,羑,2
1618,巯,3784,疏,2
1619,己,1621,巳,2
1621,巳,1622,巴,2
1623,巷,4668,老,2
1623,巷,4983,苍,2
1628,布,1626,币,2
1631,师,1629,帅,2
1638,帖,1636,帔,2
1638,帖,1854,怙,2
1638,帖,5784,贴,2
1647,帧,1638,帖,2
1668,平,54,乎,2
1668,平,2052,手,2
1669,年,401,军,2
1669,年,2422,早,2
1671,幸,1458,寺,2
1671,幸,5090,莘,2
1676,广,80,亍,2
1676,广,81,于,2
1676,广,615,厂,2
1678,庄,1677,庀,2
1679,庆,1678,庄,2
1681,床,1698,庥,2
1695,废,1682,庋,2
1699,度,1712,廋,2
1699,度,4958,芨,2
1711,廊,1715,廓,2
1716,廖,1452,寥,2
1721,廴,1372,孓,2
1724,建,6088,逮,2
1725,廾,4933,艹,2
1727,开,87,井,2
1729,异,1670,并,2
1731,弄,1729,异,2
1738,弓,82,亏,2
1741,弘,1746,弦,2
1753,弹,1788,徉,2
1758,归,1812,忉,2
1767,彤,4732,肜,2
1773,彭,6903,髟,2
1778,役,5621,设,2
1780,彼,5638,诐,2
1781,往,192,住,2
1782,征,5624,证,2
1783,徂,189,但,2
1783,徂,4488,组,2
1785,待,227,侍,2
1792,徐,128,仔,2
1798,徜,4531,绱,2
1803,微,1804,徵,2
1808,心,635,厶,2
1813,忌,1821,忘,2
1821,忘,1833,念,2
1821,忘,1875,恋,2
1822,忙,1830,忭,2
1825,忡,1629,帅,2
1826,忤,1815,忏,2
1827,忧,1868,怵,2
1829,快,3370,炔,2
1833,念,1860,急,2
1838,忿,1860,急,2
1839,怀,1049,坏,2
1841,怂,4273,竺,2
1845,怆,3375,炝,2
1846,怊,1915,悟,2
1856,怜,1828,忪,2
1858,怠,1838,忿,2
1862,性,3508,牲,2
1865,怪,2634,柽,2
1869,总,363,兑,2
1875,恋,1557,峦,2
1878,恒,3399,烜,2
1880,恙,1881,恚,2
1891,恬,1815,忏,2
1891,恬,1854,怙,2
1894,恰,1856,怜,2
1894,恰,1859,怡,2
1895,恳,1813,忌,2
1903,恿,5179,葸,2
1908,悍,3416,焊,2
1913,悛,1965,愎,2
1913,悛,3417,焌,2
1917,悢,1887,恨,2
1919,悦,1876,恍,2
1920,您,1872,恁,2
1927,悴,1861,怦,2
1930,悼,2731,棹,2
1931,情,1327,婧,2
1931,情,1905,悄,2
1932,惆,1938,惘,2
1941,惝,1905,悄,2
1945,惧,1855,怛,2
1945,惧,3518,犋,2
1950,惭,1835,忻,2
1950,惭,3185,渐,2
1966,意,5257,薏,2
1968,愕,2604,枵,2
1982,慑,2292,摄,2
1987,慧,1762,彗,2
2010,懦,4433,糯,2
2014,戈,1736,式,2
2017,戌,2019,戎,2
2017,戌,2021,成,2
2018,戍,161,伐,2
2021,成,785,咸,2
2023,戒,2019,戎,2
2023,戒,3737,甙,2
2027,战,3005,沭,2
2027,战,4483,线,2
2028,戚,785,咸,2
2043,房,713,启,2
2044,所,2397,斫,2
2045,扁,2046,扃,2
2045,扁,4740,肩,2
2046,扃,4740,肩,2
2057,扒,2056,扑,2
2058,打,2066,扪,2
2062,扣,2544,机,2
2065,扩,1038,圹,2
2068,扬,2566,杨,2
2068,扬,3505,物,2
2069,扭,2576,杻,2
2072,扰,2135,拢,2
2073,扳,2100,报,2
2073,扳,2115,拆,2
2075,批,2071,扯,2
2075,批,2582,枇,2
2079,承,1760,录,2
2085,抑,145,仰,2
2085,抑,6144,邶,2
2086,抒,2099,护,2
2087,抓,2076,扺,2
2087,抓,2105,抵,2
2089,投,2214,授,2
2090,抖,4182,科,2
2091,抗,2081,抃,2
2092,折,2056,扑,2
2093,抚,2072,扰,2
2101,抨,2602,枰,2
2104,抱,2084,把,2
2104,抱,2127,拖,2
2105,抵,1072,坻,2
2105,抵,2625,柢,2
2108,押,2174,挥,2
2109,抽,2071,扯,2
2109,抽,2121,拍,2
2110,抿,2100,报,2
2114,担,1062,坦,2
2115,拆,2088,抔,2
2115,拆,2092,折,2
2115,拆,2119,拊,2
2117,拈,2103,抬,2
2117,拈,2601,枯,2
2122,拎,2609,柃,2
2125,拓,2088,抔,2
2125,拓,2132,招,2
2126,拔,2080,技,2
2127,拖,2181,挹,2
2129,拘,2607,枸,2
2132,招,2125,拓,2
2139,拦,1075,垃,2
2139,拦,2118,拉,2
2148,拳,1225,奉,2
2152,拼,2652,栟,2
2154,拾,2070,扮,2
2154,拾,2103,抬,2
2154,拾,2145,拮,2
2156,持,2175,挦,2
2156,持,2218,掎,2
2157,挂,2149,拴,2
2160,按,2672,桉,2
2169,挠,2157,挂,2
2169,挠,2682,桡,2
2178,挫,2113,拄,2
2184,捂,2286,搭,2
2184,捂,2704,梧,2
2188,捉,2089,投,2
2188,捉,2197,损,2
2192,捎,5667,诮,2
2194,捐,2192,捎,2
2198,捡,2118,拉,2
2209,捺,2161,挎,2
2209,捺,2218,掎,2
2209,捺,2224,掠,2
2210,捻,1117,埝,2
2214,授,2261,援,2
2225,探,2174,挥,2
2228,控,2247,揎,2
2231,措,2158,指,2
2239,掸,1087,垟,2
2239,掸,2224,掠,2
2240,掺,1946,惨,2
2246,揍,2764,楱,2
2252,揞,2216,掊,2
2256,揩,2765,楷,2
2274,搐,2252,揞,2
2276,搓,2793,槎,2
2279,搜,2089,投,2
2289,搽,2225,探,2
2296,摈,2799,槟,2
2297,摊,2229,推,2
2300,摘,2280,搞,2
2305,摸,2147,拱,2
2309,撂,2301,摞,2
2314,撒,3311,潵,2
2329,撼,2002,憾,2
2333,操,2225,探,2
2333,操,2282,搡,2
2342,擦,2837,檫,2
2345,攒,2264,揽,2
2351,攴,2350,支,2
2353,收,676,叹,2
2355,改,2952,汉,2
2355,改,2973,汶,2
2355,改,3616,玟,2
2355,改,3623,玫,2
2364,救,2361,敉,2
2364,救,2589,枚,2
2366,敖,2367,教,2
2367,教,2359,故,2
2367,教,2376,数,2
2368,敛,4478,纹,2
2373,敦,2357,放,2
2376,数,3504,牧,2
2379,敷,2376,数,2
2380,文,51,之,2
2384,斑,3651,珽,2
2396,斩,5960,轨,2
2401,方,1765,彡,2
2403,施,3008,沲,2
2407,旅,6802,饻,2
2416,无,355,元,2
2416,无,1206,天,2
2419,旦,2418,日,2
2420,旧,1758,归,2
2420,旧,2418,日,2
2420,旧,2966,汨,2
2421,旨,3890,白,2
2423,旬,552,匆,2
2427,旰,2429,旴,2
2429,旴,2431,旷,2
2429,旴,3931,盱,2
2436,昂,686,吊,2
2441,昌,695,吕,2
2442,明,2433,旺,2
2448,昝,760,咎,2
2449,星,1489,尾,2
2450,映,728,呋,2
2451,春,3959,眷,2
2458,昵,740,呢,2
2460,昼,1488,尽,2
2460,昼,3783,疍,2
2465,晋,870,啬,2
2466,晌,2435,昀,2
2478,晤,2454,昭,2
2479,晦,930,嗨,2
2481,普,6829,香,2
2489,晾,1933,惇,2
2490,暂,2484,晳,2
2495,暑,5164,著,2
2497,暗,851,唼,2
2497,暗,5815,赔,2
2499,暧,936,嗳,2
2512,曰,999,囗,2
2525,朋,460,刖,2
2526,服,4736,股,2
2530,朗,6157,郎,2
2537,末,34,丰,2
2537,末,2053,扌,2
2537,末,4677,耒,2
2538,本,2535,木,2
2538,本,2573,杳,2
2540,术,2053,扌,2
2540,术,4391,米,2
2541,朱,4391,米,2
2542,朴,2587,林,2
2543,朵,2547,杂,2
2545,朽,2551,杉,2
2546,杀,199,余,2
2548,权,649,取,2
2549,杆,2574,杵,2
2549,杆,2602,枰,2
2550,杈,2548,权,2
2551,杉,2557,杓,2
2554,杏,685,吉,2
2554,杏,2571,杰,2
2559,杜,2583,枉,2
2561,束,2628,柬,2
2561,束,4677,耒,2
2562,杠,2539,札,2
2562,杠,2631,柱,2
2565,杧,2560,杞,2
2569,杭,2552,杌,2
2569,杭,2584,枋,2
2570,杯,2587,林,2
2574,杵,2549,杆,2
2577,杼,2086,抒,2
2578,松,1828,忪,2
2578,松,2592,枞,2
2578,松,2688,桧,2
2579,板,2622,柝,2
2580,极,2100,报,2
2580,极,2579,板,2
2581,构,2129,拘,2
2582,枇,2075,批,2
2583,枉,2113,拄,2
2583,枉,2562,杠,2
2583,枉,2565,杧,2
2584,枋,2555,材,2
2586,枕,2596,枧,2
2587,林,2556,村,2
2589,枚,2548,权,2
2590,果,725,呆,2
2598,枪,2098,抢,2
2598,枪,2621,柜,2
2601,枯,2145,拮,2
2601,枯,2651,栝,2
2602,枰,2101,抨,2
2607,枸,2581,构,2
2610,柄,2649,栖,2
2615,柒,2633,柴,2
2615,柒,3198,渫,2
2616,染,3064,洙,2
2620,柚,2109,抽,2
2629,柯,2567,杩,2
2629,柯,2576,杻,2
2629,柯,2607,枸,2
2631,柱,2565,杧,2
2631,柱,2728,棰,2
2633,柴,4441,紫,2
2634,柽,2142,择,2
2635,柿,2584,枋,2
2635,柿,2595,枥,2
2638,标,1376,存,2
2638,标,2587,林,2
2639,栈,2078,找,2
2642,栋,2156,持,2
2648,栓,2728,棰,2
2650,栗,4151,票,2
2652,栟,2152,拼,2
2655,株,2574,杵,2
2655,株,2712,梾,2
2658,样,2602,枰,2
2658,样,3395,烊,2
2660,根,1088,垠,2
2662,栽,5981,载,2
2669,桅,2077,扼,2
2671,案,1428,宰,2
2674,桌,4876,臬,2
2676,桐,2774,榈,2
2676,桐,3934,相,2
2677,桑,2617,柔,2
2678,桓,2621,柜,2
2684,档,2685,桤,2
2685,桤,1899,恺,2
2687,桦,2784,榫,2
2691,桫,2568,杪,2
2693,桶,2566,杨,2
2694,桷,2693,桶,2
2699,梏,2679,桔,2
2703,梦,2710,梵,2
2704,梧,1915,悟,2
2706,梭,2653,校,2
2709,梳,2659,核,2
2719,棒,2764,楱,2
2720,棕,2692,桴,2
2720,棕,2773,榇,2
2720,棕,4416,粽,2
2728,棰,2207,捶,2
2729,棱,4159,祾,2
2730,棵,2301,摞,2
2737,椋,1934,惊,2
2739,椎,2229,推,2
2740,椐,2204,据,2
2741,椑,2203,捭,2
2747,椰,2632,柳,2
2747,椰,6175,郴,2
2750,椽,2823,橡,2
2752,楂,2738,植,2
2759,楣,2763,楯,2
2760,楦,2247,揎,2
2771,榄,2264,揽,2
2772,榆,1963,愉,2
2773,榇,2700,梓,2
2788,榷,2302,摧,2
2790,槁,2280,搞,2
2808,樟,2700,梓,2
2811,横,2809,模,2
2820,橘,2833,檑,2
2823,橡,2750,椽,2
2832,檐,2740,椐,2
2833,檑,2331,擂,2
2836,檩,2829,檀,2
2838,檬,2750,椽,2
2865,歹,4,万,2
2865,歹,1197,夕,2
2900,比,2947,汁,2
2903,毗,3951,眦,2
2905,毛,48,乇,2
2909,毯,3673,琰,2
2920,民,4927,艮,2
2921,氓,5633,诋,2
2927,氚,2925,氘,2
2928,氛,2931,氢,2
2933,氦,2937,氪,2
2943,氵,5594,讠,2
2948,求,2540,术,2
2950,汇,2962,江,2
2952,汉,2953,汊,2
2952,汉,2973,汶,2
2955,汔,2975,汽,2
2956,汕,1808,心,2
2956,汕,2974,汹,2
2957,汗,3003,沪,2
2960,汝,1250,妆,2
2960,汝,2973,汶,2
2962,江,4464,纪,2
2965,汤,3017,泃,2
2968,汪,2985,沌,2
2968,汪,3038,注,2
2968,汪,5601,讧,2
2969,汭,4472,纳,2
2971,汲,2995,没,2
2971,汲,4461,级,2
2971,汲,6506,闪,2
2974,汹,2956,汕,2
2979,沃,2970,汰,2
2981,沅,2982,沆,2
2984,沉,3001,沨,2
2987,沐,3004,沫,2
2993,沛,3127,涑,2
2995,没,2971,汲,2
2995,没,2973,汶,2
2999,沦,3000,沧,2
2999,沦,3007,沱,2
3000,沧,2955,汔,2
3000,沧,2999,沦,2
3000,沧,3008,沲,2
3001,沨,5620,讽,2
3004,沫,3127,涑,2
3006,沮,2420,旧,2
3009,河,3017,泃,2
3009,河,6506,闪,2
3012,治,3016,沿,2
3013,沼,4497,绍,2
3014,沽,3055,洁,2
3015,沾,415,冶,2
3016,沿,3012,治,2
3019,泅,3028,泗,2
3020,泉,4876,臬,2
3021,泊,2966,汨,2
3026,法,2980,沄,2
3026,法,2985,沌,2
3029,泚,2990,沘,2
3030,泛,3033,泠,2
3030,泛,3036,泣,2
3030,泛,3054,泾,2
3032,泞,2989,沔,2
3037,泥,2971,汲,2
3038,注,6036,迕,2
3039,泪,2967,汩,2
3039,泪,3067,洞,2
3042,泯,3037,泥,2
3046,泵,3020,泉,2
3052,泼,4486,绂,2
3058,洋,3065,洚,2
3059,洌,3097,浏,2
3064,洙,5649,诛,2
3066,洛,3117,浴,2
3067,洞,425,凋,2
3067,洞,5688,调,2
3067,洞,6509,问,2
3068,洣,3005,沭,2
3072,洪,3106,浜,2
3082,活,3012,治,2
3082,活,3081,洺,2
3083,洼,1033,圭,2
3084,洽,3095,浍,2
3085,派,3042,泯,2
3085,派,5617,讹,2
3090,浇,236,侥,2
3090,浇,418,冼,2
3090,浇,4505,绕,2
3093,浊,3044,泱,2
3094,测,3097,浏,2
3099,浑,401,军,2
3104,浙,823,哳,2
3104,浙,2092,折,2
3104,浙,2398,断,2
3105,浚,3071,洨,2
3113,浩,3026,法,2
3115,浮,1378,孚,2
3115,浮,3175,淳,2
3119,浸,3071,洨,2
3122,涅,3223,湿,2
3126,涎,1722,延,2
3126,涎,2992,沚,2
3126,涎,3651,珽,2
3130,涕,3108,浠,2
3130,涕,6074,递,2
3131,涘,3139,涣,2
3132,涛,3241,溱,2
3134,涞,3068,洣,2
3134,涞,3087,浃,2
3135,涟,3659,琏,2
3139,涣,1221,奂,2
3141,润,3142,涧,2
3142,涧,3056,洄,2
3142,涧,3067,洞,2
3145,涪,3040,泫,2
3145,涪,3098,浐,2
3145,涪,3250,滂,2
3151,涸,425,凋,2
3152,涿,5681,诼,2
3153,淀,1413,定,2
3153,淀,3036,泣,2
3155,淅,3185,渐,2
3156,淆,3180,清,2
3161,淑,648,叔,2
3162,淖,3058,洋,2
3163,淘,4539,绹,2
3168,淡,3368,炎,2
3171,淫,3217,湟,2
3173,淮,4534,维,2
3174,深,3121,涂,2
3174,深,3662,琛,2
3174,深,5662,诨,2
3175,淳,3109,浡,2
3176,混,3042,泯,2
3176,混,3667,琨,2
3176,混,4532,绲,2
3180,清,3190,渚,2
3180,清,6663,青,2
3187,渔,3036,泣,2
3187,渔,3120,浼,2
3199,渭,3256,滑,2
3204,渺,3940,眇,2
3204,渺,4554,缈,2
3218,湨,3243,溴,2
3221,湲,5706,谖,2
3223,湿,3107,浞,2
3235,溢,3231,溘,2
3244,溶,5708,谘,2
3256,滑,3128,涓,2
3256,滑,3206,湄,2
3257,滓,3307,潭,2
3272,滩,329,傩,2
3275,滴,3258,滔,2
3281,漓,3300,潏,2
3282,演,1440,寅,2
3286,漩,2409,旋,2
3286,漩,3700,璇,2
3291,漱,2369,敝,2
3301,潘,3773,番,2
3307,潭,3257,滓,2
3308,潮,3212,湖,2
3315,潽,5732,谱,2
3317,澈,3311,潵,2
3323,澡,3174,深,2
3326,澳,1238,奥,2
3358,灵,3365,炅,2
3359,灶,4130,社,2
3361,灼,5777,购,2
3366,炉,1255,妒,2
3375,炝,1845,怆,2
3375,炝,3380,炮,2
3385,炸,1847,怍,2
3389,炽,3387,炻,2
3391,烁,3390,烀,2
3393,烃,3392,烂,2
3394,烈,5503,裂,2
3397,烙,1889,恪,2
3397,烙,3423,焙,2
3410,烯,832,唏,2
3411,烷,3110,浣,2
3421,焖,6518,闷,2
3423,焙,3418,焐,2
3426,焦,1872,恁,2
3426,焦,6617,隽,2
3433,煌,1956,惶,2
3436,煞,3430,然,2
3449,熏,6254,重,2
3450,熔,3423,焙,2
3482,爷,2395,斧,2
3498,牛,33,中,2
3500,牟,1669,年,2
3504,牧,2589,枚,2
3504,牧,3762,畋,2
3508,牲,1862,性,2
3510,特,1874,恃,2
3510,特,2156,持,2
3511,牺,4404,粞,2
3524,犬,595,卡,2
3524,犬,1477,尤,2
3530,犷,2065,扩,2
3536,狄,4180,秋,2
3539,狍,3543,狗,2
3541,狐,1385,孤,2
3541,狐,2087,抓,2
3543,狗,2129,拘,2
3544,狙,2114,担,2
3561,狸,1304,娌,2
3561,狸,3582,猩,2
3564,狼,3547,狠,2
3564,狼,4201,稂,2
3570,猎,3584,猫,2
3583,猪,3570,猎,2
3583,猪,5534,褚,2
3584,猫,905,喵,2
3585,猬,3560,狷,2
3585,猬,3581,猥,2
3585,猬,3590,猸,2
3599,獠,2320,撩,2
3605,玄,1672,幺,2
3623,玫,4879,致,2
3625,环,1049,坏,2
3626,现,1056,坝,2
3626,现,5555,观,2
3633,珂,1071,坷,2
3637,珍,5632,诊,2
3643,珠,4187,秣,2
3643,珠,5649,诛,2
3653,琅,3114,浪,2
3656,琉,3086,流,2
3660,琐,3649,珰,2
3676,琵,3677,琶,2
3678,琼,3613,玙,2
3693,瑶,5718,谣,2
3726,瓴,6730,领,2
3740,生,3498,牛,2
3740,生,4453,纟,2
3749,田,3742,用,2
3750,由,2513,曲,2
3750,由,6022,边,2
3752,申,3751,甲,2
3752,申,4719,肀,2
3754,男,4295,笫,2
3770,畜,6902,高,2
3771,略,5798,赂,2
3772,畦,3955,眭,2
3772,畦,6219,酲,2
3773,番,6829,香,2
3784,疏,6375,铳,2
3800,疫,3791,疚,2
3801,疬,3794,疠,2
3803,疮,3798,疤,2
3806,疱,3803,疮,2
3812,疹,3850,瘆,2
3815,疾,3838,痪,2
3821,痈,3830,痛,2
3825,痒,3847,瘁,2
3830,痛,3839,痫,2
3831,痞,3822,痉,2
3864,瘦,1712,廋,2
3865,瘩,3835,痦,2
3871,瘴,3847,瘁,2
3893,的,2435,昀,2
3893,的,4023,矽,2
3893,的,5615,讷,2
3904,皮,646,反,2
3908,皿,5457,血,2
3908,皿,6022,边,2
3909,盂,3913,盉,2
3910,盅,1824,忠,2
3910,盅,5338,蛊,2
3922,盖,3914,益,2
3926,盟,3919,监,2
3929,目,2512,曰,2
3929,目,2522,月,2
3933,直,3948,真,2
3934,相,2114,担,2
3949,眠,2458,昵,2
3952,眨,5776,贬,2
3956,眯,4802,脒,2
3961,眺,3951,眦,2
3962,眼,3949,眠,2
3965,睃,4809,脧,2
3971,睡,2507,曛,2
3977,睫,4837,腱,2
3978,睬,2489,晾,2
3978,睬,3956,眯,2
3978,睬,3967,睐,2
3993,瞢,5204,蓇,2
3994,瞥,2490,暂,2
4002,瞵,4858,膦,2
4010,矢,1206,天,2
4010,矢,1211,央,2
4014,矩,6294,钜,2
4016,矬,6397,锉,2
4019,石,10,不,2
4024,矾,1615,巩,2
4025,矿,4021,矸,2
4025,矿,4023,矽,2
4027,码,4133,祃,2
4034,研,5857,趼,2
4050,砰,4036,砗,2
4058,砾,4032,砑,2
4058,砾,4036,砗,2
4059,础,5636,诎,2
4060,硁,4057,砼,2
4067,硕,4031,砍,2
4076,确,4093,碣,2
4083,碎,4036,砗,2
4083,碎,4050,砰,2
4084,碑,4050,砰,2
4084,碑,5519,裨,2
4086,碗,4042,砣,2
4091,碟,5914,蹀,2
4094,碥,4076,确,2
4108,磋,4104,磁,2
4130,社,4129,礼,2
4134,祆,5482,袂,2
4134,祆,5483,袄,2
4138,祓,5498,袯,2
4139,祖,1783,徂,2
4139,祖,4186,租,2
4146,祟,4402,粜,2
4149,祥,2658,样,2
4149,祥,4163,禅,2
4151,票,101,享,2
4175,秀,1384,季,2
4178,秆,3528,犴,2
4178,秆,3611,玕,2
4180,秋,4176,私,2
4181,种,2107,抻,2
4183,秒,4181,种,2
4183,秒,4185,秘,2
4189,秦,1228,奏,2
4189,秦,2673,桊,2
4189,秦,4438,素,2
4190,秧,4191,秩,2
4190,秧,5482,袂,2
4192,秫,2587,林,2
4192,秫,4187,秣,2
4195,称,4202,稃,2
4196,秸,4203,稆,2
4200,稀,5748,豨,2
4201,稂,2660,根,2
4202,稃,2692,桴,2
4204,程,5508,裎,2
4205,稍,2702,梢,2
4206,税,2714,棁,2
4209,稚,6622,雅,2
4212,稣,6210,酥,2
4213,稳,4207,稔,2
4215,稹,919,嗔,2
4219,稿,3521,犒,2
4226,穴,374,六,2
4226,穴,2840,欠,2
4227,究,4233,窀,2
4231,空,1422,室,2
4234,突,1417,实,2
4236,窄,1434,容,2
4242,窒,4233,窀,2
4263,站,1066,坫,2
4263,站,5640,诒,2
4267,竣,1791,後,2
4275,竿,4941,芊,2
4278,笆,1532,岜,2
4278,笆,3483,爸,2
4278,笆,4930,色,2
4281,笋,77,争,2
4281,笋,4274,竽,2
4288,笞,4313,答,2
4290,笤,4276,笃,2
4290,笤,4288,笞,2
4295,笫,4296,第,2
4296,第,1743,弟,2
4301,笺,2016,戋,2
4306,等,4276,笃,2
4306,等,4327,筹,2
4311,筑,4305,筇,2
4312,筒,4331,简,2
4312,筒,5046,茼,2
4313,答,1524,岑,2
4313,答,5738,谷,2
4314,策,4295,笫,2
4319,筝,77,争,2
4330,签,639,叁,2
4330,签,1573,崟,2
4330,签,6264,鋈,2
4341,管,5115,菅,2
4351,箱,5165,葙,2
4352,箴,1427,宬,2
4352,箴,3779,畿,2
4359,篑,4343,箦,2
4369,篮,5212,蓝,2
4370,篱,5214,蓠,2
4384,簧,4314,策,2
4398,粒,4401,粘,2
4399,粕,2680,桕,2
4399,粕,4401,粘,2
4401,粘,4398,粒,2
4407,粤,6634,雩,2
4426,糖,4431,糠,2
4439,索,5153,萦,2
4443,絮,1386,孥,2
4454,纠,4458,纤,2
4458,纤,2957,汗,2
4458,纤,5600,讦,2
4461,级,4478,纹,2
4464,纪,1248,妃,2
4464,纪,4473,纴,2
4471,纲,5620,讽,2
4472,纳,5615,讷,2
4475,纶,5618,论,2
4477,纸,3031,泜,2
4479,纺,172,伤,2
4479,纺,4467,纭,2
4480,纻,177,伫,2
4481,纽,1260,妞,2
4481,纽,6312,钮,2
4485,绁,4484,绀,2
4488,组,4491,织,2
4494,绊,3041,泮,2
4497,绍,3013,沼,2
4498,绎,5639,译,2
4498,绎,6055,迳,2
4501,绑,6150,邾,2
4502,绒,4483,线,2
4503,结,217,佶,2
4507,绘,3040,泫,2
4507,绘,4467,纭,2
4508,给,4476,纷,2
4508,给,6799,饸,2
4511,络,4519,绤,2
4512,绝,4475,纶,2
4514,统,3086,流,2
4520,绥,4563,缓,2
4520,绥,6807,馁,2
4522,继,4496,绌,2
4533,绳,4512,绝,2
4534,维,3173,淮,2
4534,维,5686,谁,2
4538,绸,4549,缃,2
4542,综,1792,徐,2
4543,绽,4553,缇,2
4550,缄,427,减,2
4559,缎,3431,煅,2
4563,缓,5706,谖,2
4566,编,2045,扁,2
4568,缘,4542,综,2
4579,缤,327,傧,2
4588,缭,337,僚,2
4591,缰,345,僵,2
4593,缲,3323,澡,2
4603,罐,3716,瓘,2
4604,网,392,冈,2
4604,网,6506,闪,2
4618,署,5164,著,2
4628,羔,3922,盖,2
4634,群,6167,郡,2
4644,翁,4650,翕,2
4654,翟,4005,瞿,2
4665,翻,4652,翙,2
4669,考,1381,孝,2
4675,耍,1281,委,2
4676,耐,6198,酎,2
4683,耙,4397,粑,2
4683,耙,4681,耗,2
4684,耜,4203,稆,2
4692,耪,2781,榜,2
4698,耶,609,卵,2
4700,耸,5043,茸,2
4725,肋,677,叻,2
4725,肋,3940,眇,2
4727,肓,3932,盲,2
4728,肖,1044,均,2
4729,肘,1819,忖,2
4735,肠,2527,朐,2
4744,肮,4741,肪,2
4744,肮,4902,航,2
4745,肯,6886,骨,2
4747,育,1821,忘,2
4748,肴,1632,希,2
4753,肾,5768,贤,2
4754,肿,4751,肼,2
4757,胂,4768,胛,2
4759,胄,4758,胃,2
4764,胖,4802,脒,2
4769,胜,4729,肘,2
4769,胜,4742,肫,2
4771,胞,4908,舱,2
4771,胞,6762,飑,2
4790,胺,4788,胶,2
4795,脉,5745,豚,2
4808,脞,4769,胜,2
4811,脯,4833,腩,2
4815,脸,4826,腔,2
4826,腔,4779,胫,2
4828,腙,4840,腺,2
4839,腹,4809,脧,2
4840,腺,4795,脉,2
4849,膊,5819,赙,2
4858,膦,4002,瞵,2
4866,臂,4864,臀,2
4875,自,5952,身,2
4878,至,3608,王,2
4881,臼,3890,白,2
4885,舂,2451,春,2
4911,舵,4902,航,2
4913,舷,4903,舫,2
4922,艏,4918,艄,2
4923,艘,4904,般,2
4929,艰,1088,垠,2
4942,芋,5008,苹,2
4943,芍,4996,苟,2
4947,芒,4946,芑,2
4950,芙,5005,英,2
4950,芙,5059,荚,2
4952,芝,4945,芏,2
4956,芥,4972,芹,2
4965,芯,1820,志,2
4965,芯,5241,蕊,2
4978,苇,4975,芾,2
4978,苇,5010,茀,2
4983,苍,4946,芑,2
4985,苏,4935,艽,2
4985,苏,5137,菽,2
4986,苑,4955,芤,2
4986,苑,5171,葩,2
4988,苓,5048,荃,2
4991,苗,5028,茚,2
4991,苗,5117,菊,2
4993,苛,4992,苘,2
5002,苦,5003,苫,2
5003,苫,4970,芷,2
5004,苯,5042,茶,2
5005,英,4950,芙,2
5008,苹,4941,芊,2
5008,苹,4942,芋,2
5008,苹,4957,芦,2
5008,苹,5090,莘,2
5010,茀,1740,弗,2
5011,茁,4597,缶,2
5013,范,606,危,2
5016,茆,5028,茚,2
5041,茵,4991,苗,2
5047,荀,4992,苘,2
5052,草,5141,萆,2
5059,荚,4393,类,2
5059,荚,4950,芙,2
5059,荚,5101,莱,2
5059,荚,5138,萁,2
5064,荠,5062,荞,2
5065,荡,4969,芴,2
5074,荫,5143,萌,2
5079,荷,5047,荀,2
5079,荷,5119,菏,2
5081,荻,5156,萩,2
5092,莛,5102,莲,2
5101,莱,5038,茱,2
5102,莲,6042,连,2
5119,菏,1127,埼,2
5123,菜,2733,棻,2
5132,菱,5036,茭,2
5144,萍,3058,洋,2
5145,萎,5142,萋,2
5154,萧,386,兼,2
5154,萧,5101,莱,2
5164,著,5207,蓍,2
5164,著,5231,蔷,2
5169,葡,554,匍,2
5170,董,4268,童,2
5177,葵,1228,奏,2
5177,葵,5228,蔡,2
5179,葸,5175,葱,2
5190,蒜,5073,荪,2
5199,蒽,5041,茵,2
5200,蒿,5030,茜,2
5200,蒿,5203,蓄,2
5200,蒿,5214,蓠,2
5205,蓉,5129,菩,2
5225,蔗,1704,庶,2
5229,蔫,5023,茑,2
5240,蕉,5006,苴,2
5254,薄,3236,溥,2
5258,薛,5155,萨,2
5258,薛,5272,藓,2
5269,藉,4390,籍,2
5276,藤,3259,滕,2
5277,藩,5238,蕃,2
5282,蘖,4434,糵,2
5288,虍,5289,虎,2
5290,虏,1683,序,2
5291,虐,5293,虔,2
5304,虼,5303,虻,2
5305,虽,736,员,2
5305,虽,7142,黾,2
5308,蚀,6794,饳,2
5311,蚊,5303,虻,2
5311,蚊,5349,蛟,2
5313,蚌,5346,蛙,2
5319,蚣,5303,虻,2
5326,蚯,5303,虻,2
5327,蚰,5332,蚺,2
5327,蚰,5342,蛐,2
5333,蛀,5303,虻,2
5333,蛀,5337,蛉,2
5338,蛊,3915,盍,2
5343,蛑,5345,蛘,2
5349,蛟,5311,蚊,2
5350,蛤,6799,饸,2
5355,蛱,5322,蚨,2
5363,蜂,5341,蛏,2
5366,蜈,1314,娱,2
5370,蜎,5359,蛸,2
5372,蜓,3651,珽,2
5377,蜜,1441,密,2
5377,蜜,5364,蜃,2
5383,蜩,5392,蝈,2
5393,蝉,5343,蛑,2
5393,蝉,5345,蛘,2
5398,蝙,3444,煸,2
5398,蝙,5360,蛹,2
5398,蝙,5425,螭,2
5399,蝠,1158,塥,2
5399,蝠,6995,鲾,2
5423,螫,5426,螯,2
5431,蟀,5343,蛑,2
5432,蟆,5410,蝾,2
5434,蟋,5439,蟠,2
5439,蟠,5434,蟋,2
5440,蟥,5422,螨,2
5443,蟹,5351,蛩,2
5445,蠃,1367,嬴,2
5449,蠕,5398,蝙,2
5457,血,1004,囟,2
5460,行,5622,访,2
5461,衍,144,们,2
5462,衔,4506,绗,2
5467,衣,1680,庇,2
5468,衤,5467,衣,2
5473,衬,2556,村,2
5474,衮,366,兖,2
5475,衰,789,哀,2
5477,衷,789,哀,2
5489,袒,4139,祖,2
5496,被,4138,祓,2
5504,装,5514,裟,2
5507,裉,1787,很,2
5511,裕,5501,袼,2
5517,裤,5537,褥,2
5525,裹,5475,衰,2
5527,裾,5513,裙,2
5531,褒,5509,裒,2
5538,褪,3445,煺,2
5550,西,5457,血,2
5556,规,2596,枧,2
5556,规,5325,蚬,2
5557,觅,362,免,2
5558,视,4144,祝,2
5562,觊,436,凯,2
5576,触,5570,觖,2
5581,言,3605,玄,2
5597,讣,5598,认,2
5601,讧,4456,红,2
5603,让,5601,讧,2
5604,讪,2956,汕,2
5605,讫,1031,圪,2
5605,讫,5654,诠,2
5606,训,1607,川,2
5607,议,2953,汊,2
5610,讲,5600,讦,2
5611,讳,4466,纬,2
5612,讴,2997,沤,2
5616,许,148,仵,2
5616,许,1826,忤,2
5617,讹,3031,泜,2
5618,论,4475,纶,2
5620,讽,5599,讥,2
5623,诀,3044,泱,2
5624,证,1782,征,2
5624,证,5601,讧,2
5625,诂,5646,诘,2
5625,诂,5651,话,2
5626,诃,196,何,2
5626,诃,3009,河,2
5627,评,3041,泮,2
5627,评,5630,诈,2
5628,诅,3080,洹,2
5629,识,3106,浜,2
5630,诈,202,作,2
5633,诋,191,低,2
5634,诌,5658,诤,2
5635,词,687,同,2
5635,词,2951,汈,2
5635,词,3067,洞,2
5636,诎,4496,绌,2
5637,诏,3013,沼,2
5639,译,3065,洚,2
5640,诒,3012,治,2
5644,诖,215,佳,2
5645,诗,3102,浔,2
5645,诗,4487,练,2
5649,诛,228,侏,2
5649,诛,3004,沫,2
5649,诛,3050,泺,2
5649,诛,3068,洣,2
5649,诛,3134,涞,2
5649,诛,3643,珠,2
5649,诛,5642,诔,2
5652,诞,2992,沚,2
5656,询,3644,珣,2
5657,诣,3070,洧,2
5658,诤,5660,详,2
5659,该,1083,垓,2
5659,该,3219,湫,2
5660,详,5616,许,2
5661,诧,1086,垞,2
5665,诬,1616,巫,2
5666,语,5646,诘,2
5667,诮,252,俏,2
5668,误,244,侯,2
5668,误,3131,涘,2
5668,误,5675,诶,2
5670,诱,6071,透,2
5674,诵,254,俑,2
5674,诵,1106,埇,2
5676,请,294,倩,2
5677,诸,4525,绪,2
5677,诸,5534,褚,2
5679,诺,307,偌,2
5679,诺,3190,渚,2
5680,读,2743,椟,2
5682,诽,3074,洮,2
5682,诽,4529,绯,2
5683,课,3174,深,2
5686,谁,5730,谯,2
5688,调,425,凋,2
5688,调,4538,绸,2
5690,谅,3182,渌,2
5693,谈,3673,琰,2
5693,谈,5673,说,2
5694,谊,3201,渲,2
5700,谐,5657,诣,2
5707,谗,3120,浼,2
5711,谛,1644,帝,2
5715,谠,326,傥,2
5718,谣,3171,淫,2
5723,谨,3314,潼,2
5723,谨,3695,瑾,2
5727,谬,3699,璆,2
5730,谯,340,僬,2
5731,谰,3136,涠,2
5732,谱,3283,漕,2
5764,负,5763,贞,2
5764,负,6713,页,2
5771,货,5787,贷,2
5773,贩,5769,败,2
5773,贩,6788,饭,2
5775,贫,5774,贪,2
5781,贱,5792,贼,2
5781,贱,6790,饯,2
5784,贴,5786,贶,2
5792,贼,5803,赇,2
5828,赢,4639,羸,2
5831,赦,2367,教,2
5831,赦,2371,敢,2
5831,赦,5833,赪,2
5841,起,5844,超,2
5858,趾,2992,沚,2
5872,跛,5859,趿,2
5875,跟,6581,限,2
5876,跣,5864,跌,2
5882,路,5902,踣,2
5883,跳,3961,眺,2
5884,践,4483,线,2
5886,跷,4505,绕,2
5886,跷,6797,饶,2
5886,跷,6852,骁,2
5889,跺,5898,踝,2
5889,跺,6806,馀,2
5894,踊,5915,蹁,2
5899,踞,3661,琚,2
5903,踩,5874,跞,2
5959,轧,5960,轨,2
5961,轩,1243,奸,2
5981,载,5502,裁,2
5982,轾,5979,轻,2
5987,较,1288,姣,2
5992,辈,5991,辇,2
6003,输,2243,揄,2
6003,输,3687,瑜,2
6012,辜,1671,幸,2
6022,边,66,也,2
6025,迁,6036,迕,2
6028,迅,5608,讯,2
6032,运,2980,沄,2
6034,迓,6026,迂,2
6035,返,6051,迫,2
6038,这,6023,辽,2
6051,迫,3080,洹,2
6052,迭,6043,迟,2
6056,迷,6082,速,2
6058,迹,6049,迩,2
6062,适,6071,透,2
6063,逃,445,凼,2
6071,透,6091,逶,2
6072,逐,3152,涿,2
6074,递,6066,逆,2
6075,途,6049,迩,2
6078,通,6051,迫,2
6081,逞,6090,逵,2
6085,逢,6075,途,2
6087,逭,6059,追,2
6088,逮,6082,速,2
6105,道,6070,逍,2
6105,道,6078,通,2
6110,遣,5735,谴,2
6116,遵,6104,遒,2
6118,避,3330,澼,2
6125,邓,6130,邝,2
6131,邡,4132,祁,2
6134,邦,6149,邽,2
6134,邦,6158,郏,2
6135,邪,604,卯,2
6144,邶,6147,邺,2
6159,郐,6148,邻,2
6167,郡,6143,邵,2
6167,郡,6163,郚,2
6171,部,6153,郅,2
6171,部,6163,郚,2
6173,郭,6171,部,2
6195,酋,3187,渔,2
6201,酒,3209,湎,2
6213,酪,6223,酷,2
6223,酷,6209,酤,2
6223,酷,6217,酰,2
6224,酸,3898,皎,2
6232,醋,6216,酯,2
6237,醒,3899,皑,2
6237,醒,6234,醍,2
6250,采,2052,手,2
6250,采,2541,朱,2
6257,金,198,佘,2
6257,金,4890,舍,2
6259,鉴,1573,崟,2
6259,鉴,3919,监,2
6296,钞,6284,钐,2
6298,钠,1779,彻,2
6298,钠,6300,钢,2
6304,钦,5967,软,2
6305,钧,4460,约,2
6307,钩,4509,绚,2
6309,钫,6318,钴,2
6320,钶,6353,铜,2
6324,钺,6348,铖,2
6328,钾,4489,绅,2
6330,铀,3011,油,2
6330,铀,5972,轴,2
6330,铀,6329,钿,2
6331,铁,6349,铗,2
6331,铁,6431,锬,2
6332,铂,6329,钿,2
6333,铃,3033,泠,2
6333,铃,4507,绘,2
6335,铅,3016,沿,2
6344,铐,6411,锗,2
6355,铞,6393,锅,2
6356,铟,6421,锢,2
6359,铢,6384,铼,2
6360,铣,6331,铁,2
6360,铣,6404,锐,2
6373,铱,6406,锒,2
6373,铱,6802,饻,2
6374,铲,4463,纩,2
6374,铲,6284,钐,2
6378,银,6419,锟,2
6389,锁,3660,琐,2
6395,锇,6805,饿,2
6397,锉,6364,铨,2
6399,锋,4498,绎,2
6399,锋,6400,锌,2
6401,锍,6375,铳,2
6404,锐,4505,绕,2
6404,锐,6308,钪,2
6413,错,4569,缙,2
6413,错,6414,锚,2
6414,锚,905,喵,2
6414,锚,6413,错,2
6420,锡,4495,绋,2
6424,锥,4534,维,2
6424,锥,6625,雉,2
6432,锭,4543,绽,2
6432,锭,6372,铰,2
6433,键,313,健,2
6433,键,4522,继,2
6434,锯,5899,踞,2
6435,锰,6383,铻,2
6443,锹,3985,瞅,2
6449,镀,3193,渡,2
6449,镀,6301,钣,2
6465,镐,4574,缟,2
6466,镑,6381,铹,2
6474,镙,6417,锝,2
6477,镜,4514,统,2
6477,镜,6404,锐,2
6479,镞,6480,镟,2
6480,镟,6479,镞,2
6497,镱,6477,镜,2
6502,镶,6448,锿,2
6502,镶,6825,馕,2
6503,长,3524,犬,2
6504,门,2401,方,2
6504,门,6505,闩,2
6505,闩,2951,汈,2
6506,闪,392,冈,2
6509,问,692,向,2
6509,问,6505,闩,2
6515,间,6511,闰,2
6518,闷,6509,问,2
6518,闷,6515,间,2
6522,闻,6549,阗,2
6524,闽,6512,闱,2
6525,闾,6532,阅,2
6525,闾,6537,阊,2
6528,阁,6534,阇,2
6532,阅,6525,闾,2
6532,阅,6529,阂,2
6532,阅,6539,阌,2
6563,阴,2442,明,2
6564,阵,6576,陈,2
6565,阶,6561,防,2
6565,阶,6569,阿,2
6566,阻,754,咀,2
6569,阿,6562,阳,2
6569,阿,6563,阴,2
6572,附,762,咐,2
6572,附,5870,跗,2
6586,陡,6585,陟,2
6587,院,3901,皖,2
6588,除,6573,际,2
6592,陪,5902,踣,2
6598,陷,6579,陌,2
6599,隅,883,喁,2
6600,隆,6580,降,2
6606,隔,6598,陷,2
6614,隶,4720,肃,2
6616,隼,6623,集,2
6619,雀,3938,省,2
6619,雀,5147,萑,2
6635,雪,6634,雩,2
6644,霄,4324,筲,2
6660,霸,5195,蒴,2
6663,青,1461,寿,2
6675,靳,5248,蕲,2
6710,音,5581,言,2
6714,顶,1494,屃,2
6714,顶,6716,顸,2
6714,顶,6717,项,2
6715,顷,1048,坎,2
6715,顷,6720,顼,2
6715,顷,6724,颀,2
6724,颀,2843,欣,2
6725,颁,6736,颌,2
6729,颅,6725,颁,2
6732,颈,6720,顼,2
6736,颌,6730,领,2
6740,频,2844,欤,2
6743,颖,2851,款,2
6750,额,6756,颤,2
6763,飒,1615,巩,2
6789,饮,5308,蚀,2
6789,饮,6792,饱,2
6790,饯,6315,钱,2
6791,饰,6322,钸,2
6793,饲,184,伺,2
6801,饺,6372,铰,2
6811,馆,6799,饸,2
6818,馍,6821,馑,2
6822,馒,6801,饺,2
6826,首,4727,肓,2
6826,首,4994,苜,2
6843,驸,6572,附,2
6849,驾,4276,笃,2
6861,验,6868,骓,2
6866,骑,6845,驺,2
6870,骗,3520,犏,2
6870,骗,6878,骟,2
6880,骡,6867,骒,2
6951,鲍,5868,跑,2
6951,鲍,6950,鲌,2
6989,鲸,6972,鲧,2
6997,鳁,6984,鲳,2
7000,鳄,6441,锷,2
7000,鳄,7013,鳑,2
7031,鸡,7034,鸤,2
7036,鸦,7040,鸫,2
7042,鸭,7034,鸤,2
7048,鸳,1863,怨,2
7057,鸽,7053,鸹,2
7104,鹿,7105,麂,2
7105,麂,7104,鹿,2
7113,麦,14,专,2
7113,麦,5470,表,2
7119,黄,1440,寅,2
7131,黟,1204,夥,2
7148,鼓,5742,豉,2
7153,鼩,7152,鼢,2
7184,龟,6921,鬼,2
0,々,546,勹,1
0,々,2352,攵,1
2,丁,75,了,1
2,丁,80,亍,1
2,丁,615,厂,1
3,七,48,乇,1
3,七,63,乜,1
3,七,1476,尢,1
4,万,94,亢,1
4,万,2393,斤,1
4,万,3525,犭,1
5,丈,131,仗,1
5,丈,575,十,1
6,三,1619,己,1
6,三,3608,王,1
6,三,4453,纟,1
6,三,6021,辶,1
7,上,79,二,1
7,上,598,卤,1
7,上,1621,巳,1
7,上,2858,止,1
8,下,10,不,1
8,下,2416,无,1
8,下,2535,木,1
9,丌,87,井,1
10,不,16,丕,1
10,不,30,个,1
10,不,2537,末,1
10,不,2538,本,1
10,不,4128,礻,1
11,与,3525,犭,1
13,丑,602,卫,1
13,丑,1757,彐,1
13,丑,3486,爽,1
14,专,11,与,1
14,专,1472,尘,1
14,专,4669,考,1
14,专,4946,芑,1
14,专,5836,走,1
15,且,2418,日,1
15,且,3740,生,1
15,且,3908,皿,1
15,且,5554,见,1
15,且,6029,过,1
17,世,1247,如,1
17,世,3736,甘,1
18,丘,0,々,1
18,丘,602,卫,1
18,丘,4260,立,1
18,丘,5740,豆,1
19,丙,618,历,1
19,丙,1615,巩,1
19,丙,5550,西,1
19,丙,5631,诉,1
19,丙,6633,雨,1
20,业,89,亚,1
20,业,90,些,1
20,业,356,兄,1
20,业,1547,峂,1
20,业,2419,旦,1
20,业,2420,旧,1
20,业,2858,止,1
20,业,4984,苎,1
21,丛,4273,竺,1
22,东,5952,身,1
23,丝,6038,这,1
23,丝,6047,迦,1
25,丢,380,兵,1
25,丢,1407,宏,1
25,丢,2416,无,1
25,丢,3607,玉,1
25,丢,4453,纟,1
25,丢,4597,缶,1
25,丢,6273,钅,1
26,两,618,历,1
26,两,620,压,1
26,两,5550,西,1
27,严,89,亚,1
27,严,98,产,1
27,严,1484,尹,1
27,严,4957,芦,1
27,严,5552,覃,1
28,丧,4678,耔,1
28,丧,5029,茛,1
28,丧,5767,责,1
30,个,372,八,1
30,个,1512,屮,1
31,丫,30,个,1
31,丫,45,乂,1
31,丫,111,亻,1
31,丫,407,冫,1
31,丫,1512,屮,1
31,丫,1776,彳,1
31,丫,2943,氵,1
31,丫,3525,犭,1
31,丫,4624,羊,1
32,丬,67,习,1
32,丬,3487,爿,1
33,中,87,井,1
33,中,2858,止,1
33,中,2996,沣,1
33,中,3498,牛,1
34,丰,2052,手,1
34,丰,2386,斗,1
34,丰,2537,末,1
34,丰,4718,聿,1
34,丰,6702,韦,1
35,串,581,半,1
35,串,1740,弗,1
35,串,4719,肀,1
35,串,6702,韦,1
36,临,1852,怕,1
36,临,1967,愔,1
36,临,1971,愠,1
36,临,2694,桷,1
36,临,6718,顺,1
38,丸,64,九,1
39,丹,393,冉,1
39,丹,432,凡,1
39,丹,1607,川,1
39,丹,1608,州,1
39,丹,3749,田,1
39,丹,4897,舟,1
40,为,38,丸,1
40,为,391,内,1
40,为,1488,尽,1
40,为,1758,归,1
40,为,4460,约,1
41,主,355,元,1
41,主,357,充,1
41,主,371,全,1
41,主,1399,它,1
41,主,1757,彐,1
41,主,2905,毛,1
41,主,3608,王,1
41,主,3740,生,1
41,主,4260,立,1
41,主,4878,至,1
41,主,4945,芏,1
41,主,6273,钅,1
41,主,6780,饣,1
42,丽,623,厕,1
43,举,4266,章,1
43,举,4308,筌,1
43,举,5069,荦,1
44,丿,2053,扌,1
45,乂,2952,汉,1
45,乂,7170,龁,1
46,乃,9,丌,1
46,乃,390,冂,1
46,乃,2545,朽,1
46,乃,2886,殳,1
47,久,1213,失,1
47,久,1776,彳,1
47,久,2840,欠,1
47,久,3355,灭,1
49,么,0,々,1
49,么,163,众,1
49,么,1397,宀,1
50,义,5,丈,1
50,义,1676,广,1
50,义,2352,攵,1
50,义,3353,火,1
50,义,5607,议,1
51,之,0,々,1
51,之,47,久,1
51,之,355,元,1
51,之,1399,它,1
51,之,1676,广,1
51,之,1721,廴,1
51,之,2352,攵,1
51,之,3608,王,1
51,之,4260,立,1
51,之,4453,纟,1
51,之,5594,讠,1
52,乌,11,与,1
53,乍,151,任,1
53,乍,354,允,1
53,乍,579,午,1
54,乎,77,争,1
54,乎,546,勹,1
54,乎,1378,孚,1
54,乎,1460,导,1
54,乎,2401,方,1
54,乎,3496,牙,1
54,乎,5958,车,1
55,乏,41,主,1
55,乏,65,乞,1
55,乏,93,亡,1
55,乏,127,仓,1
55,乏,134,仝,1
55,乏,209,佥,1
55,乏,355,元,1
55,乏,4453,纟,1
55,乏,4952,芝,1
56,乐,1846,怊,1
56,乐,2394,斥,1
56,乐,5958,车,1
56,乐,6250,采,1
57,乒,27,严,1
57,乒,58,乓,1
58,乓,18,丘,1
58,乓,1263,妥,1
58,乓,1896,恶,1
59,乔,359,先,1
59,乔,1529,岙,1
60,乖,759,和,1
60,乖,4179,秉,1
61,乘,503,剩,1
61,乘,2541,朱,1
61,乘,4179,秉,1
61,乘,4314,策,1
62,乙,48,乇,1
62,乙,561,匚,1
62,乙,3752,申,1
63,乜,66,也,1
63,乜,602,卫,1
64,九,514,力,1
65,乞,122,今,1
65,乞,4453,纟,1
65,乞,6273,钅,1
65,乞,6921,鬼,1
66,也,1240,女,1
66,也,1622,巴,1
67,习,448,刀,1
67,习,667,可,1
67,习,2053,扌,1
68,乡,122,今,1
68,乡,1672,幺,1
68,乡,4463,纩,1
69,书,1215,夷,1
69,书,2568,杪,1
69,书,3750,由,1
69,书,6702,韦,1
70,乩,5959,轧,1
71,买,1417,实,1
71,买,2079,承,1
71,买,2944,永,1
71,买,3358,灵,1
72,乱,70,乩,1
73,乳,4129,礼,1
75,了,4,万,1
75,了,1765,彡,1
75,了,2943,氵,1
75,了,4019,石,1
76,予,67,习,1
76,予,77,争,1
76,予,2600,枭,1
77,争,456,刍,1
77,争,587,单,1
78,事,34,丰,1
78,事,77,争,1
78,事,1187,声,1
78,事,2561,束,1
79,二,6,三,1
79,二,1611,工,1
80,亍,2401,方,1
81,于,1185,壬,1
81,于,1483,尸,1
81,于,1676,广,1
81,于,5596,订,1
82,亏,375,兮,1
82,亏,1381,孝,1
82,亏,3794,疠,1
83,云,374,六,1
83,云,635,厶,1
83,云,4597,缶,1
84,互,0,々,1
84,互,15,且,1
84,互,88,亘,1
84,互,6832,马,1
85,亓,355,元,1
86,五,18,丘,1
86,五,24,丞,1
86,五,355,元,1
86,五,722,吾,1
86,五,1721,廴,1
86,五,2426,旯,1
86,五,3607,玉,1
86,五,4260,立,1
86,五,5000,苤,1
87,井,578,升,1
87,井,2056,扑,1
87,井,2107,抻,1
87,井,2112,拃,1
87,井,2611,柈,1
87,井,5610,讲,1
89,亚,88,亘,1
90,些,376,兰,1
90,些,1100,垱,1
91,亟,24,丞,1
91,亟,3400,烝,1
92,亠,407,冫,1
93,亡,373,公,1
93,亡,1397,宀,1
93,亡,2905,毛,1
93,亡,3608,王,1
93,亡,6780,饣,1
94,亢,93,亡,1
94,亢,353,兀,1
94,亢,2091,抗,1
94,亢,2416,无,1
94,亢,4981,苋,1
95,交,1372,孓,1
95,交,1408,宓,1
95,交,3071,洨,1
95,交,6021,辶,1
96,亥,4453,纟,1
96,亥,4474,纵,1
97,亦,85,亓,1
97,亦,102,京,1
97,亦,516,办,1
97,亦,1669,年,1
97,亦,1727,开,1
97,亦,1777,彷,1
97,亦,3786,疒,1
97,亦,3788,疖,1
97,亦,4127,示,1
97,亦,6058,迹,1
97,亦,6292,钚,1
98,产,27,严,1
98,产,1676,广,1
98,产,2040,户,1
98,产,4260,立,1
98,产,4948,芗,1
98,产,4972,芹,1
99,亨,75,了,1
99,亨,103,亭,1
99,亨,1378,孚,1
99,亨,2811,横,1
100,亩,1004,囟,1
100,亩,1220,奁,1
100,亩,5752,豸,1
101,享,103,亭,1
101,享,1375,字,1
102,京,105,亲,1
102,京,1370,子,1
102,京,1469,尔,1
102,京,4127,示,1
102,京,4436,系,1
102,京,5581,言,1
103,亭,76,予,1
103,亭,99,亨,1
103,亭,2404,旁,1
103,亭,4230,穹,1
103,亭,5581,言,1
104,亮,1188,壳,1
104,亮,4264,竞,1
105,亲,199,余,1
105,亲,1458,寺,1
105,亲,2547,杂,1
105,亲,2563,条,1
105,亲,2617,柔,1
108,亶,45,乂,1
109,亸,108,亶,1
109,亸,2881,殚,1
110,人,37,丶,1
110,人,370,入,1
110,人,372,八,1
111,亻,1676,广,1
112,亿,126,仑,1
112,亿,208,佤,1
113,什,136,仟,1
113,什,558,化,1
113,什,2947,汁,1
113,什,4457,纣,1
114,仁,111,亻,1
114,仁,129,仕,1
114,仁,177,伫,1
114,仁,558,化,1
115,仂,120,仇,1
115,仂,176,伪,1
117,仄,570,匹,1
117,仄,3476,爪,1
118,仅,140,以,1
118,仅,2952,汉,1
118,仅,2953,汊,1
118,仅,6130,邝,1
119,仆,373,公,1
119,仆,1198,外,1
120,仇,112,亿,1
120,仇,121,仉,1
120,仇,129,仕,1
120,仇,137,仡,1
120,仇,2960,汝,1
121,仉,5599,讥,1
122,今,55,乏,1
122,今,198,佘,1
122,今,375,兮,1
123,介,30,个,1
123,介,59,乔,1
123,介,163,众,1
123,介,354,允,1
123,介,1728,弁,1
124,仍,115,仂,1
124,仍,116,仃,1
124,仍,144,们,1
124,仍,3525,犭,1
124,仍,4465,纫,1
125,从,157,伋,1
125,从,593,卟,1
125,从,5598,认,1
126,仑,53,乍,1
126,仑,114,仁,1
126,仑,127,仓,1
126,仑,154,企,1
126,仑,557,匕,1
126,仑,684,合,1
126,仑,1621,巳,1
126,仑,2905,毛,1
126,仑,6273,钅,1
127,仓,55,乏,1
127,仓,2943,氵,1
128,仔,2394,斥,1
128,仔,3890,白,1
129,仕,113,什,1
129,仕,187,伾,1
129,仕,2559,杜,1
129,仕,4473,纴,1
129,仕,5625,诂,1
129,仕,5644,诖,1
131,仗,116,仃,1
131,仗,118,仅,1
131,仗,119,仆,1
131,仗,132,付,1
132,付,116,仃,1
132,付,2919,氐,1
132,付,5712,谜,1
133,仙,217,佶,1
133,仙,243,侮,1
133,仙,2956,汕,1
134,仝,41,主,1
134,仝,371,全,1
134,仝,1375,字,1
135,仞,1004,囟,1
136,仟,112,亿,1
136,仟,150,价,1
136,仟,202,作,1
136,仟,249,俅,1
136,仟,1815,忏,1
136,仟,4178,秆,1
136,仟,4272,竹,1
136,仟,4458,纤,1
136,仟,4460,约,1
136,仟,5460,行,1
136,仟,5600,讦,1
136,仟,5975,轷,1
136,仟,6025,迁,1
137,仡,141,仨,1
138,代,113,什,1
138,代,161,伐,1
138,代,2918,氏,1
138,代,2946,汀,1
138,代,4478,纹,1
139,令,199,余,1
139,令,5594,讠,1
140,以,125,从,1
140,以,593,卟,1
140,以,665,叭,1
140,以,676,叹,1
140,以,717,吵,1
140,以,3354,灬,1
141,仨,53,乍,1
141,仨,114,仁,1
141,仨,190,位,1
142,仪,1,一,1
142,仪,115,仂,1
142,仪,131,仗,1
142,仪,174,伦,1
144,们,137,仡,1
144,们,196,何,1
144,们,1608,州,1
145,仰,604,卯,1
145,仰,2085,抑,1
145,仰,6151,郁,1
146,仲,130,他,1
146,仲,1825,忡,1
146,仲,4145,神,1
146,仲,4454,纠,1
146,仲,4906,舯,1
146,仲,6297,钟,1
148,仵,5616,许,1
149,件,181,伴,1
149,件,183,伸,1
149,件,230,侔,1
149,件,4460,约,1
149,件,5627,评,1
150,价,191,低,1
150,价,202,作,1
150,价,203,佝,1
150,价,208,佤,1
150,价,286,倚,1
150,价,4500,绐,1
150,价,6565,阶,1
151,任,141,仨,1
151,任,192,住,1
151,任,196,何,1
151,任,558,化,1
151,任,1185,壬,1
151,任,2968,汪,1
151,任,6785,饪,1
152,份,135,仞,1
152,份,150,价,1
152,份,2965,汤,1
152,份,2976,汾,1
152,份,4500,绐,1
152,份,4881,臼,1
152,份,6787,饬,1
153,仿,116,仃,1
153,仿,144,们,1
153,仿,150,价,1
153,仿,172,伤,1
153,仿,190,位,1
153,仿,619,厉,1
153,仿,2439,昉,1
153,仿,2965,汤,1
153,仿,6561,防,1
154,企,127,仓,1
154,企,570,匹,1
154,企,4597,缶,1
156,伊,132,付,1
156,伊,2185,捃,1
156,伊,3744,甪,1
156,伊,6130,邝,1
157,伋,109,亸,1
157,伋,214,佰,1
158,伍,151,任,1
158,伍,157,伋,1
158,伍,177,伫,1
158,伍,189,但,1
158,伍,2968,汪,1
159,伎,157,伋,1
159,伎,219,佼,1
159,伎,221,使,1
159,伎,1682,庋,1
159,伎,2080,技,1
159,伎,5772,质,1
160,伏,131,仗,1
160,伏,138,代,1
160,伏,210,佧,1
160,伏,621,厌,1
161,伐,5595,计,1
162,休,173,伥,1
162,休,1120,埤,1
162,休,2985,沌,1
162,休,4458,纤,1
162,休,5984,辀,1
163,众,1672,幺,1
163,众,1679,庆,1
163,众,1687,应,1
163,众,3367,炊,1
164,优,1827,忧,1
165,伙,121,仉,1
165,伙,200,佚,1
165,伙,4474,纵,1
166,会,65,乞,1
166,会,122,今,1
166,会,198,佘,1
166,会,2922,气,1
166,会,5581,言,1
166,会,6273,钅,1
168,伞,493,剑,1
168,伞,2945,氽,1
168,伞,3500,牟,1
170,传,124,仍,1
170,传,205,佟,1
170,传,212,佬,1
170,传,215,佳,1
170,传,4503,结,1
171,伢,5614,讶,1
172,伤,124,仍,1
172,伤,137,仡,1
172,伤,689,后,1
172,伤,2998,沥,1
173,伥,160,伏,1
173,伥,200,佚,1
173,伥,217,佶,1
174,伦,211,佩,1
174,伦,217,佶,1
174,伦,1677,庀,1
174,伦,6780,饣,1
176,伪,135,仞,1
176,伪,161,伐,1
176,伪,452,分,1
176,伪,1674,幼,1
178,伯,255,俗,1
178,伯,689,后,1
179,估,115,仂,1
179,估,153,仿,1
179,估,170,传,1
179,估,177,伫,1
179,估,193,佐,1
179,估,217,佶,1
179,估,689,后,1
179,估,3014,沽,1
180,伲,1,一,1
181,伴,230,侔,1
181,伴,1790,律,1
181,伴,2120,拌,1
181,伴,3041,泮,1
181,伴,4494,绊,1
182,伶,137,仡,1
182,伶,240,侩,1
182,伶,2122,拎,1
182,伶,2210,捻,1
182,伶,2995,没,1
182,伶,3033,泠,1
183,伸,156,伊,1
183,伸,207,佣,1
183,伸,287,倜,1
183,伸,4906,舯,1
184,伺,203,佝,1
184,伺,579,午,1
184,伺,692,向,1
184,伺,715,吲,1
184,伺,4065,硐,1
184,伺,6793,饲,1
185,似,133,仙,1
185,似,140,以,1
185,似,147,仳,1
185,似,1606,巛,1
185,似,4554,缈,1
186,伽,180,伲,1
187,伾,157,伋,1
187,伾,193,佐,1
187,伾,1004,囟,1
188,佃,4490,细,1
189,但,158,伍,1
189,但,190,位,1
189,但,1855,怛,1
190,位,143,仫,1
190,位,148,仵,1
190,位,155,伉,1
190,位,4499,经,1
191,低,208,佤,1
191,低,2119,拊,1
191,低,4477,纸,1
192,住,41,主,1
192,住,129,仕,1
192,住,151,任,1
192,住,155,伉,1
192,住,158,伍,1
192,住,202,作,1
192,住,1781,往,1
192,住,3890,白,1
193,佐,179,估,1
193,佐,215,佳,1
193,佐,1612,左,1
193,佐,5772,质,1
194,佑,418,冼,1
194,佑,3014,沽,1
194,佑,5625,诂,1
195,体,1305,娑,1
195,体,4036,砗,1
195,体,4487,练,1
195,体,4510,绛,1
195,体,5692,谇,1
196,何,135,仞,1
196,何,216,佴,1
196,何,2874,殉,1
196,何,4470,纱,1
197,佗,174,伦,1
198,佘,1224,奈,1
198,佘,4436,系,1
199,余,56,乐,1
199,余,168,伞,1
199,余,1370,子,1
199,余,1375,字,1
199,余,1403,守,1
199,余,2052,手,1
199,余,2563,条,1
199,余,4392,籴,1
199,余,6257,金,1
200,佚,148,仵,1
200,佚,239,侨,1
201,佛,115,仂,1
201,佛,147,仳,1
201,佛,393,冉,1
201,佛,3010,沸,1
202,作,53,乍,1
202,作,149,件,1
202,作,155,伉,1
202,作,174,伦,1
202,作,178,伯,1
202,作,210,佧,1
202,作,689,后,1
202,作,5630,诈,1
202,作,6668,非,1
205,佟,4492,终,1
206,你,148,仵,1
206,你,152,份,1
206,你,249,俅,1
206,你,256,俘,1
206,你,272,俳,1
206,你,288,倞,1
206,你,3545,狝,1
206,你,4148,祢,1
206,你,4460,约,1
207,佣,135,仞,1
207,佣,188,佃,1
207,佣,2138,拥,1
207,佣,3744,甪,1
207,佣,4471,纲,1
210,佧,173,伥,1
211,佩,152,份,1
211,佩,207,佣,1
212,佬,170,传,1
212,佬,205,佟,1
212,佬,232,供,1
212,佬,273,俵,1
212,佬,1864,怩,1
212,佬,2657,栳,1
212,佬,4668,老,1
213,佯,230,侔,1
213,佯,277,俾,1
213,佯,3041,泮,1
213,佯,3058,洋,1
213,佯,5009,苻,1
214,佰,187,伾,1
214,佰,255,俗,1
214,佰,1437,宿,1
214,佰,2121,拍,1
215,佳,132,付,1
215,佳,223,侄,1
215,佳,293,倨,1
215,佳,323,傈,1
215,佳,1794,徕,1
215,佳,3083,洼,1
216,佴,217,佶,1
217,佶,186,伽,1
218,佻,173,伥,1
218,佻,220,佾,1
219,佼,241,侪,1
220,佾,228,侏,1
221,使,159,伎,1
221,使,234,侠,1
221,使,5638,诐,1
222,侃,150,价,1
222,侃,225,侉,1
223,侄,190,位,1
223,侄,257,俚,1
223,侄,291,倥,1
223,侄,2675,桎,1
223,侄,4459,纥,1
223,侄,4499,经,1
223,侄,4930,色,1
223,侄,4997,苠,1
224,侈,186,伽,1
224,侈,203,佝,1
224,侈,253,俐,1
224,侈,290,倡,1
224,侈,311,做,1
224,侈,654,叟,1
224,侈,3071,洨,1
224,侈,4197,移,1
224,侈,4520,绥,1
225,侉,229,侑,1
226,例,238,侧,1
227,侍,256,俘,1
227,侍,1458,寺,1
227,侍,1697,庤,1
227,侍,1785,待,1
227,侍,5644,诖,1
228,侏,149,件,1
228,侏,222,侃,1
229,侑,216,佴,1
229,侑,2405,旃,1
230,侔,148,仵,1
230,侔,242,侬,1
231,侗,184,伺,1
231,侗,1080,垌,1
231,侗,3381,炯,1
232,供,792,哄,1
232,供,3641,珙,1
233,依,242,侬,1
233,依,3085,派,1
233,依,6019,辰,1
233,依,6582,陔,1
233,依,6802,饻,1
234,侠,218,佻,1
234,侠,221,使,1
234,侠,340,僬,1
234,侠,1794,徕,1
234,侠,3552,狭,1
234,侠,6349,铗,1
234,侠,6583,陕,1
235,侣,157,伋,1
235,侣,290,倡,1
235,侣,293,倨,1
235,侣,1784,径,1
236,侥,232,供,1
236,侥,2682,桡,1
236,侥,3090,浇,1
237,侦,3091,浈,1
237,侦,5763,贞,1
237,侦,5772,质,1
238,侧,509,劁,1
238,侧,623,厕,1
238,侧,4554,缈,1
239,侨,241,侪,1
239,侨,2686,桥,1
240,侩,152,份,1
240,侩,198,佘,1
240,侩,255,俗,1
240,侩,262,信,1
240,侩,3406,烩,1
241,侪,218,佻,1
241,侪,3096,济,1
242,侬,219,佼,1
243,侮,130,他,1
243,侮,230,侔,1
243,侮,261,俟,1
243,侮,3118,海,1
244,侯,261,俟,1
244,侯,288,倞,1
244,侯,2042,戾,1
244,侯,6714,顶,1
245,侵,219,佼,1
245,侵,254,俑,1
245,侵,1787,很,1
245,侵,3119,浸,1
246,便,142,仪,1
246,便,2045,扁,1
246,便,4074,硬,1
247,促,118,仅,1
247,促,174,伦,1
247,促,189,但,1
247,促,190,位,1
247,促,221,使,1
247,促,6724,颀,1
248,俄,164,优,1
248,俄,207,佣,1
248,俄,218,佻,1
248,俄,2022,我,1
248,俄,6805,饿,1
249,俅,3652,球,1
250,俊,255,俗,1
250,俊,319,偾,1
250,俊,3071,洨,1
252,俏,178,伯,1
252,俏,243,侮,1
252,俏,254,俑,1
252,俏,3937,盾,1
252,俏,4516,绡,1
252,俏,4883,舀,1
252,俏,5667,诮,1
253,俐,203,佝,1
253,俐,226,例,1
253,俐,470,利,1
254,俑,3744,甪,1
255,俗,152,份,1
255,俗,153,仿,1
255,俗,205,佟,1
255,俗,270,俯,1
255,俗,1884,恣,1
255,俗,4508,给,1
255,俗,4519,绤,1
256,俘,128,仔,1
256,俘,204,佞,1
256,俘,213,佯,1
256,俘,262,信,1
256,俘,288,倞,1
256,俘,1378,孚,1
256,俘,3175,淳,1
256,俘,4202,稃,1
256,俘,4487,练,1
257,俚,1914,悝,1
259,保,227,侍,1
259,保,228,侏,1
259,保,263,俣,1
259,保,332,傺,1
259,保,3571,猓,1
259,保,4583,缨,1
259,保,4882,臾,1
259,保,5038,茱,1
260,俞,199,余,1
260,俞,491,前,1
261,俟,237,侦,1
261,俟,347,儆,1
262,信,182,伶,1
262,信,190,位,1
262,信,210,佧,1
262,信,258,俜,1
262,信,278,倌,1
262,信,3562,狺,1
262,信,6617,隽,1
264,俦,230,侔,1
266,俩,26,两,1
266,俩,135,仞,1
266,俩,3062,洒,1
268,俭,34,丰,1
268,俭,190,位,1
268,俭,205,佟,1
268,俭,209,佥,1
268,俭,255,俗,1
268,俭,282,倓,1
268,俭,504,剪,1
268,俭,2122,拎,1
268,俭,3201,渲,1
268,俭,4077,硷,1
268,俭,6591,险,1
269,修,124,仍,1
269,修,280,倏,1
269,修,5632,诊,1
271,俱,232,供,1
271,俱,257,俚,1
271,俱,298,倮,1
271,俱,302,值,1
271,俱,1945,惧,1
271,俱,3072,洪,1
272,俳,218,佻,1
273,俵,187,伾,1
274,俶,210,佧,1
274,俶,273,俵,1
276,俺,174,伦,1
276,俺,212,佬,1
277,俾,243,侮,1
277,俾,1120,埤,1
278,倌,3672,琯,1
278,倌,4544,绾,1
279,倍,205,佟,1
279,倍,217,佶,1
279,倍,255,俗,1
279,倍,256,俘,1
279,倍,293,倨,1
279,倍,342,僮,1
281,倒,238,侧,1
281,倒,253,俐,1
281,倒,473,刮,1
281,倒,2363,敏,1
282,倓,173,伥,1
282,倓,244,侯,1
282,倓,261,俟,1
282,倓,274,俶,1
283,倔,180,伲,1
283,倔,3229,溏,1
284,倘,229,侑,1
284,倘,254,俑,1
284,倘,4426,糖,1
284,倘,4531,绱,1
284,倘,5653,诟,1
285,候,185,似,1
285,候,280,倏,1
285,候,327,傧,1
285,候,3588,猴,1
285,候,4561,缑,1
286,倚,159,伎,1
286,倚,227,侍,1
286,倚,1127,埼,1
286,倚,3574,猗,1
286,倚,3666,琦,1
288,倞,282,倓,1
289,借,217,佶,1
289,借,252,俏,1
289,借,307,偌,1
289,借,626,厝,1
289,借,2231,措,1
290,倡,235,侣,1
290,倡,306,偈,1
290,倡,3573,猖,1
290,倡,4493,绉,1
291,倥,182,伶,1
292,倦,175,伧,1
292,倦,212,佬,1
292,倦,318,偻,1
293,倨,180,伲,1
293,倨,283,倔,1
294,倩,300,债,1
295,倪,216,佴,1
295,倪,320,偿,1
295,倪,1120,埤,1
295,倪,3569,猊,1
295,倪,6986,鲵,1
296,倬,202,作,1
296,倬,4530,绰,1
297,倭,318,偻,1
299,倴,288,倞,1
300,债,294,倩,1
300,债,319,偾,1
300,债,4524,绩,1
300,债,5767,责,1
300,债,5797,赁,1
301,倻,299,倴,1
302,值,178,伯,1
302,值,3937,盾,1
302,值,4462,纨,1
302,值,5157,萱,1
303,倾,6724,颀,1
303,倾,6726,颂,1
305,假,3003,沪,1
305,假,4559,缎,1
306,偈,231,侗,1
307,偌,289,借,1
308,偎,290,倡,1
308,偎,298,倮,1
308,偎,348,儇,1
309,偏,1955,惴,1
309,偏,4566,编,1
309,偏,5713,谝,1
310,偕,3216,湝,1
311,做,274,俶,1
311,做,347,儆,1
311,做,2967,汩,1
311,做,3762,畋,1
312,停,128,仔,1
312,停,225,侉,1
312,停,324,傍,1
313,健,2754,楗,1
313,健,4489,绅,1
313,健,6349,铗,1
314,偬,315,偲,1
314,偬,1836,忽,1
316,偶,257,俚,1
316,偶,290,倡,1
316,偶,306,偈,1
316,偶,315,偲,1
316,偶,3767,留,1
317,偷,908,喻,1
317,偷,4510,绛,1
317,偷,5705,谕,1
318,偻,297,倭,1
319,偾,5772,质,1
320,偿,225,侉,1
320,偿,240,侩,1
320,偿,326,傥,1
320,偿,334,僇,1
320,偿,6472,镗,1
321,傀,314,偬,1
321,傀,558,化,1
321,傀,1975,愧,1
322,傅,227,侍,1
323,傈,298,倮,1
323,傈,3238,溧,1
324,傍,262,信,1
324,傍,263,俣,1
324,傍,2275,搒,1
325,傣,273,俵,1
325,傣,275,俸,1
325,傣,3241,溱,1
326,傥,320,偿,1
326,傥,5702,谒,1
328,储,242,侬,1
328,储,2800,槠,1
328,储,3310,潴,1
328,储,5534,褚,1
328,储,6411,锗,1
329,傩,3272,滩,1
330,催,320,偿,1
330,催,6615,隹,1
331,傲,347,儆,1
331,傲,1803,微,1
331,傲,2367,教,1
331,傲,3298,潋,1
331,傲,3331,激,1
333,傻,245,侵,1
333,傻,250,俊,1
333,傻,277,俾,1
333,傻,295,倪,1
333,傻,314,偬,1
333,傻,631,厦,1
333,傻,1800,徨,1
333,傻,4536,绶,1
333,傻,5716,谡,1
333,傻,6815,馊,1
335,像,249,俅,1
335,像,312,停,1
335,像,2823,橡,1
335,像,3051,泻,1
337,僚,6484,镣,1
338,僦,332,傺,1
339,僧,87,井,1
339,僧,310,偕,1
339,僧,3283,漕,1
342,僮,257,俚,1
344,僳,298,倮,1
345,僵,3783,疍,1
346,僻,3330,澼,1
348,儇,3327,澴,1
350,儒,254,俑,1
350,儒,987,嚅,1
351,儡,1082,垒,1
351,儡,4557,缌,1
352,儿,125,从,1
353,兀,94,亢,1
354,允,94,亢,1
354,允,112,亿,1
354,允,353,兀,1
354,允,1765,彡,1
354,允,2860,此,1
354,允,6032,运,1
355,元,353,兀,1
355,元,1206,天,1
355,元,1476,尢,1
355,元,2923,氕,1
355,元,6021,辶,1
355,元,6040,远,1
356,兄,414,况,1
356,兄,1487,尼,1
356,兄,2922,气,1
357,充,94,亢,1
357,充,606,危,1
357,充,1677,庀,1
357,充,2923,氕,1
358,兆,2860,此,1
358,兆,2985,沌,1
358,兆,6562,阳,1
359,先,361,克,1
359,先,418,冼,1
359,先,2923,氕,1
359,先,4010,矢,1
359,先,4934,艺,1
359,先,5288,虍,1
360,光,104,亮,1
360,光,357,充,1
360,光,414,况,1
360,光,1472,尘,1
360,光,1765,彡,1
360,光,4961,芫,1
360,光,5318,蚝,1
361,克,363,兑,1
361,克,1476,尢,1
361,克,1820,志,1
361,克,4264,竞,1
361,克,5763,贞,1
362,免,356,兄,1
362,免,357,充,1
362,免,364,兔,1
362,免,1221,奂,1
362,免,1685,庑,1
362,免,5158,萸,1
363,兑,362,免,1
363,兑,378,关,1
363,兑,1617,差,1
363,兑,6274,钆,1
364,兔,363,兑,1
366,兖,4252,窥,1
366,兖,5474,衮,1
367,党,414,况,1
367,党,1130,堂,1
367,党,1685,庑,1
367,党,4264,竞,1
367,党,4961,芫,1
367,党,5522,裳,1
367,党,5560,览,1
367,党,5785,贵,1
367,党,5811,赏,1
367,党,6652,霓,1
369,兢,74,乾,1
369,兢,1749,弪,1
369,兢,4526,绫,1
369,兢,6753,颠,1
371,全,55,乏,1
371,全,199,余,1
371,全,456,刍,1
371,全,1046,坌,1
371,全,1089,垡,1
371,全,6615,隹,1
372,八,29,丨,1
372,八,44,丿,1
372,八,111,亻,1
372,八,352,儿,1
372,八,370,入,1
372,八,448,刀,1
373,公,372,八,1
373,公,472,刭,1
373,公,635,厶,1
373,公,1728,弁,1
373,公,3717,瓜,1
374,六,123,介,1
374,六,635,厶,1
374,六,1485,尺,1
374,六,2352,攵,1
374,六,2840,欠,1
374,六,5598,认,1
375,兮,2401,方,1
376,兰,6,三,1
376,兰,400,写,1
376,兰,2943,氵,1
376,兰,3386,点,1
377,共,1896,恶,1
377,共,4934,艺,1
377,共,4937,艿,1
377,共,4954,芡,1
377,共,4977,苄,1
377,共,4982,苌,1
378,关,716,吴,1
378,关,1028,圣,1
378,关,1206,天,1
378,关,1209,夬,1
378,关,1670,并,1
378,关,4010,矢,1
378,关,5468,衤,1
379,兴,83,云,1
379,兴,85,亓,1
379,兴,383,典,1
379,兴,595,卡,1
379,兴,1214,头,1
379,兴,2697,梅,1
379,兴,2955,汔,1
380,兵,3948,真,1
380,兵,5740,豆,1
381,其,377,共,1
381,其,2613,某,1
381,其,4981,苋,1
382,具,15,且,1
382,具,374,六,1
382,具,380,兵,1
382,具,1211,央,1
382,具,3948,真,1
383,典,5779,贯,1
384,兹,4937,艿,1
384,兹,5122,菘,1
384,兹,5303,虻,1
385,养,1461,寿,1
385,养,3963,着,1
385,养,4625,羌,1
386,兼,4740,肩,1
387,兽,542,募,1
387,兽,886,善,1
387,兽,6940,鲁,1
388,冀,1143,堡,1
388,冀,2440,昊,1
388,冀,4666,翼,1
390,冂,999,囗,1
391,内,4724,肉,1
392,冈,3742,用,1
392,冈,4604,网,1
392,冈,6506,闪,1
393,冉,39,丹,1
393,冉,3750,由,1
394,册,1134,堋,1
394,册,1282,姗,1
394,册,2894,毋,1
394,册,3513,牿,1
394,册,5859,趿,1
395,再,393,冉,1
395,再,627,原,1
395,再,5981,载,1
396,冒,900,喟,1
396,冒,2460,昼,1
396,冒,4607,罗,1
397,冕,367,党,1
397,冕,2480,晨,1
398,冖,4933,艹,1
399,冗,65,乞,1
399,冗,112,亿,1
399,冗,354,允,1
399,冗,356,兄,1
399,冗,1487,尼,1
400,写,659,另,1
400,写,1240,女,1
400,写,1625,巾,1
400,写,2708,械,1
400,写,4276,笃,1
401,军,400,写,1
401,军,584,卑,1
401,军,1460,导,1
401,军,1484,尹,1
401,军,2467,晏,1
401,军,4284,笔,1
402,农,1213,失,1
402,农,1241,奴,1
405,冤,366,兖,1
405,冤,1813,忌,1
406,冥,382,具,1
407,冫,29,丨,1
407,冫,44,丿,1
407,冫,5594,讠,1
408,冬,3485,爻,1
409,冯,52,乌,1
409,冯,400,写,1
409,冯,1044,均,1
409,冯,2989,沔,1
409,冯,3613,玙,1
410,冰,412,冲,1
410,冰,1242,奶,1
410,冰,2991,沙,1
411,冱,1613,巧,1
412,冲,3011,油,1
412,冲,3041,泮,1
413,决,1211,央,1
413,决,2983,沈,1
414,况,352,儿,1
414,况,3091,浈,1
414,况,3110,浣,1
414,况,5629,识,1
415,冶,416,冷,1
415,冶,1884,恣,1
415,冶,2984,沉,1
415,冶,3038,注,1
415,冶,3066,洛,1
415,冶,3081,洺,1
415,冶,5667,诮,1
415,冶,5689,谄,1
416,冷,122,今,1
416,冷,139,令,1
416,冷,624,厘,1
416,冷,3071,洨,1
417,冻,5614,讶,1
418,冼,5673,说,1
420,净,3049,泸,1
420,净,3065,洚,1
420,净,3502,牢,1
420,净,3664,琤,1
420,净,3964,睁,1
421,凄,1074,垂,1
421,凄,1323,婕,1
421,凄,3227,溇,1
422,准,846,唯,1
422,准,2229,推,1
422,准,3042,泯,1
422,准,3808,疳,1
423,凇,4176,私,1
424,凉,102,京,1
424,凉,1469,尔,1
424,凉,3032,泞,1
424,凉,3175,淳,1
424,凉,5690,谅,1
424,凉,5691,谆,1
425,凋,2527,朐,1
425,凋,3067,洞,1
425,凋,3079,洵,1
426,凌,428,凑,1
426,凌,1137,堎,1
426,凌,3071,洨,1
426,凌,3105,浚,1
426,凌,5036,茭,1
426,凌,5646,诘,1
427,减,891,喊,1
427,减,2021,成,1
427,减,4550,缄,1
427,减,6535,阈,1
428,凑,1228,奏,1
428,凑,3160,淏,1
429,凛,424,凉,1
429,凛,3115,浮,1
429,凛,3164,淙,1
429,凛,3175,淳,1
429,凛,3277,漂,1
430,凝,2140,拧,1
430,凝,7178,龊,1
431,几,557,匕,1
431,几,999,囗,1
432,凡,392,冈,1
432,凡,2900,比,1
432,凡,2918,氏,1
432,凡,5554,见,1
433,凤,1296,威,1
433,凤,3743,甩,1
434,凫,2911,毵,1
435,凭,308,偎,1
435,凭,1872,恁,1
435,凭,2955,汔,1
436,凯,1544,岽,1
436,凯,2368,敛,1
436,凯,3727,瓶,1
436,凯,4020,矶,1
436,凯,5562,觊,1
436,凯,6781,饥,1
436,凯,6789,饮,1
437,凰,1024,圉,1
437,凰,3217,湟,1
437,凰,3384,炷,1
437,凰,5583,訇,1
438,凳,898,喜,1
440,凶,140,以,1
440,凶,1040,圻,1
440,凶,1397,宀,1
440,凶,1810,必,1
440,凶,2900,比,1
441,凸,674,号,1
441,凸,1397,宀,1
441,凸,2906,毡,1
441,凸,5626,诃,1
442,凹,999,囗,1
443,出,140,以,1
443,出,598,卤,1
443,出,1191,夂,1
443,出,1512,屮,1
443,出,1672,幺,1
443,出,3639,珐,1
444,击,521,劣,1
444,击,1820,志,1
444,击,2053,扌,1
444,击,2535,木,1
446,函,24,丞,1
446,函,443,出,1
446,函,1372,孓,1
446,函,1514,山,1
446,函,1926,悲,1
446,函,3400,烝,1
446,函,3607,玉,1
447,凿,3290,漯,1
448,刀,46,乃,1
448,刀,451,刃,1
448,刀,1752,弱,1
449,刁,13,丑,1
449,刁,451,刃,1
449,刁,1456,寸,1
449,刁,2894,毋,1
450,刂,390,冂,1
451,刃,516,办,1
452,分,52,乌,1
452,分,400,写,1
452,分,448,刀,1
452,分,521,劣,1
452,分,1212,夯,1
452,分,1672,幺,1
452,分,1728,弁,1
452,分,3487,爿,1
452,分,4272,竹,1
453,切,517,功,1
453,切,1069,坳,1
453,切,1674,幼,1
455,刊,474,到,1
455,刊,1608,州,1
455,刊,3620,玥,1
458,刑,455,刊,1
458,刑,502,剧,1
458,刑,2205,捯,1
458,刑,2595,枥,1
459,划,454,刈,1
459,划,470,利,1
459,划,500,剡,1
461,列,472,刭,1
461,列,2869,殂,1
462,刘,457,刎,1
462,刘,461,列,1
462,刘,5606,训,1
463,则,457,刎,1
463,则,464,刚,1
463,则,476,制,1
463,则,663,叫,1
464,刚,392,冈,1
465,创,463,则,1
465,创,502,剧,1
465,创,6278,钊,1
466,初,135,仞,1
466,初,531,劾,1
466,初,4132,祁,1
467,删,1900,恻,1
468,判,480,刺,1
468,判,490,剌,1
468,判,2387,料,1
469,刨,463,则,1
469,刨,551,包,1
469,刨,3094,测,1
470,利,455,刊,1
470,利,458,刑,1
470,利,461,列,1
470,利,500,剡,1
470,利,2057,扒,1
470,利,3001,沨,1
470,利,3617,玠,1
470,利,4183,秒,1
470,利,6278,钊,1
471,别,458,刑,1
471,别,460,刖,1
471,别,2190,捌,1
471,别,2421,旨,1
473,刮,461,列,1
473,刮,470,利,1
473,刮,483,刿,1
474,到,24,丞,1
474,到,281,倒,1
474,到,462,刘,1
474,到,481,刻,1
474,到,488,剅,1
474,到,577,卅,1
474,到,3610,玑,1
474,到,4454,纠,1
474,到,4879,致,1
474,到,6278,钊,1
474,到,6305,钧,1
475,刳,1224,奈,1
475,刳,3933,直,1
476,制,471,别,1
476,制,475,刳,1
476,制,509,劁,1
477,刷,253,俐,1
477,刷,460,刖,1
477,刷,623,厕,1
477,刷,847,唰,1
477,刷,1465,尉,1
477,刷,4198,秽,1
478,券,610,卷,1
478,券,659,另,1
478,券,1461,寿,1
478,券,2673,桊,1
479,刹,470,利,1
479,刹,503,剩,1
480,刺,2557,杓,1
480,刺,6158,郏,1
481,刻,490,剌,1
481,刻,5606,训,1
482,刽,472,刭,1
482,刽,6283,钏,1
483,刿,461,列,1
485,剁,470,利,1
485,剁,490,剌,1
485,剁,6835,驯,1
486,剂,462,刘,1
486,剂,472,刭,1
486,剂,496,剖,1
487,剃,4678,耔,1
489,削,460,刖,1
489,削,6283,钏,1
489,削,6675,靳,1
491,前,95,交,1
491,前,470,利,1
491,前,489,削,1
493,剑,498,剞,1
493,剑,6278,钊,1
494,剔,492,剐,1
494,剔,500,剡,1
494,剔,501,剥,1
496,剖,473,刮,1
496,剖,497,剜,1
496,剖,1821,忘,1
496,剖,6171,部,1
501,剥,490,剌,1
501,剥,1391,孰,1
503,剩,501,剥,1
504,剪,4658,翦,1
505,副,419,冽,1
505,副,474,到,1
505,副,483,刿,1
506,割,484,剀,1
506,割,486,剂,1
508,剿,513,劓,1
508,剿,3382,炱,1
514,力,1468,少,1
515,劝,517,功,1
515,劝,1674,幼,1
516,办,40,为,1
516,办,514,力,1
516,办,2058,打,1
517,功,2356,攻,1
518,加,1078,垆,1
518,加,3527,犰,1
519,务,1200,多,1
519,务,4435,糸,1
520,劢,528,励,1
521,劣,360,光,1
521,劣,2861,步,1
522,动,517,功,1
522,动,2568,杪,1
522,动,2991,沙,1
522,动,6322,钸,1
523,助,526,劬,1
524,努,1254,妍,1
524,努,4049,砮,1
524,努,4228,穷,1
525,劫,453,切,1
525,劫,520,劢,1
525,劫,537,勍,1
525,劫,1462,封,1
525,劫,1626,币,1
525,劫,6153,郅,1
526,劬,5559,觇,1
528,励,3001,沨,1
528,励,4052,砷,1
529,劲,115,仂,1
529,劲,472,刭,1
529,劲,520,劢,1
529,劲,527,劭,1
529,劲,543,勤,1
529,劲,4462,纨,1
530,劳,619,厉,1
530,劳,1379,孛,1
530,劳,2604,枵,1
530,劳,3133,涝,1
530,劳,4937,艿,1
530,劳,4938,节,1
530,劳,4962,芬,1
530,劳,5026,茕,1
530,劳,5027,茗,1
531,劾,481,刻,1
532,势,475,刳,1
532,势,1096,垫,1
533,勃,537,勍,1
533,勃,2367,教,1
533,勃,3195,渤,1
534,勇,2426,旯,1
535,勉,364,兔,1
536,勋,527,劭,1
536,勋,531,劾,1
538,勐,5793,贽,1
539,勒,533,勃,1
539,勒,537,勍,1
539,勒,541,勘,1
539,勒,5010,茀,1
539,勒,6185,鄞,1
542,募,1661,幕,1
542,募,2928,氛,1
542,募,5099,莫,1
542,募,5217,蓦,1
543,勤,529,劲,1
543,勤,4945,芏,1
543,勤,6185,鄞,1
543,勤,6679,靺,1
546,勹,111,亻,1
546,勹,547,勺,1
547,勺,450,刂,1
547,勺,546,勹,1
547,勺,658,句,1
548,勾,67,习,1
548,勾,128,仔,1
548,勾,462,刘,1
548,勾,692,向,1
548,勾,6518,闷,1
549,勿,135,仞,1
549,勿,548,勾,1
549,勿,658,句,1
549,勿,5837,赳,1
550,匀,1197,夕,1
550,匀,2418,日,1
550,匀,2522,月,1
550,匀,6505,闩,1
551,包,127,仓,1
551,包,1399,它,1
551,包,1401,宅,1
551,包,1622,巴,1
551,包,3757,画,1
551,包,7184,龟,1
552,匆,548,勾,1
552,匆,549,勿,1
552,匆,658,句,1
552,匆,3755,甸,1
553,匈,392,冈,1
553,匈,552,匆,1
553,匈,1001,四,1
553,匈,1006,囡,1
553,匈,2994,沟,1
553,匈,6805,饿,1
557,匕,48,乇,1
557,匕,63,乜,1
557,匕,3481,父,1
558,化,48,乇,1
558,化,138,代,1
558,化,1034,圮,1
558,化,2918,氏,1
558,化,4464,纪,1
559,北,1063,坨,1
559,北,1827,忧,1
559,北,2055,扎,1
559,北,2900,比,1
559,北,2990,沘,1
559,北,3074,洮,1
559,北,3526,犯,1
560,匙,23,丝,1
560,匙,2455,是,1
560,匙,5838,赴,1
564,匠,446,函,1
564,匠,6033,近,1
565,匡,1614,巨,1
566,匣,569,匮,1
566,匣,624,厘,1
568,匪,272,俳,1
568,匪,563,匝,1
568,匪,1091,垣,1
569,匮,574,匿,1
570,匹,562,匜,1
570,匹,568,匪,1
571,区,570,匹,1
571,区,3357,灰,1
571,区,6771,飞,1
572,医,631,厦,1
572,医,672,叵,1
572,医,6036,迕,1
573,匾,3913,盉,1
573,匾,5127,菡,1
574,匿,569,匮,1
575,十,1456,寸,1
575,十,1667,干,1
575,十,4933,艹,1
575,十,4977,苄,1
576,千,1370,子,1
578,升,1725,廾,1
578,升,2918,氏,1
578,升,3611,玕,1
578,升,4897,舟,1
579,午,6,三,1
579,午,53,乍,1
579,午,81,于,1
579,午,576,千,1
579,午,1667,干,1
579,午,2394,斥,1
579,午,3751,甲,1
579,午,4597,缶,1
579,午,4624,羊,1
579,午,4941,芊,1
580,卉,1230,奔,1
580,卉,1943,惠,1
581,半,2025,或,1
581,半,3502,牢,1
581,半,4719,肀,1
581,半,5958,车,1
581,半,6681,靽,1
582,华,2901,毕,1
583,协,1064,坩,1
583,协,2168,挟,1
583,协,4487,练,1
584,卑,277,俾,1
584,卑,401,军,1
584,卑,2422,早,1
584,卑,3669,琫,1
584,卑,4884,舁,1
584,卑,4941,芊,1
584,卑,6553,阜,1
585,卒,1408,宓,1
585,卒,1671,幸,1
585,卒,1700,座,1
585,卒,2165,挛,1
585,卒,2412,族,1
585,卒,3502,牢,1
585,卒,4941,芊,1
585,卒,6011,辛,1
586,卓,587,单,1
586,卓,5008,苹,1
587,单,11,与,1
587,单,586,卓,1
587,单,1387,学,1
587,单,1466,尊,1
587,单,1670,并,1
587,单,4624,羊,1
588,卖,1417,实,1
588,卖,5830,赤,1
589,南,2758,楠,1
590,博,2273,搏,1
592,卞,374,六,1
592,卞,1205,大,1
592,卞,1676,广,1
592,卞,4127,示,1
593,卟,669,叱,1
593,卟,673,叶,1
593,卟,764,咔,1
594,占,547,勺,1
594,占,657,古,1
594,占,659,另,1
594,占,688,名,1
594,占,1738,弓,1
595,卡,374,六,1
595,卡,3524,犬,1
595,卡,4933,艹,1
595,卡,6503,长,1
596,卢,57,乒,1
596,卢,695,吕,1
598,卤,1004,囟,1
598,卤,1012,囱,1
598,卤,2932,氤,1
598,卤,7168,齿,1
599,卦,1033,圭,1
599,卦,1198,外,1
599,卦,6131,邡,1
600,卧,1696,庠,1
602,卫,62,乙,1
602,卫,5006,苴,1
603,卮,689,后,1
604,卯,601,卩,1
604,卯,4489,绅,1
604,卯,6127,邗,1
605,印,661,叩,1
605,印,2393,斤,1
605,印,2992,沚,1
605,印,6140,邱,1
606,危,106,亳,1
606,危,364,兔,1
606,危,603,卮,1
606,危,1677,庀,1
607,即,661,叩,1
607,即,6567,阼,1
608,却,453,切,1
608,却,5597,讣,1
608,却,6149,邽,1
609,卵,661,叩,1
609,卵,3620,玥,1
609,卵,3744,甪,1
609,卵,4698,耶,1
610,卷,1617,差,1
610,卷,3959,眷,1
610,卷,4177,秃,1
611,卸,605,印,1
611,卸,5443,蟹,1
612,卺,3677,琶,1
614,卿,4707,聊,1
615,厂,29,丨,1
615,厂,111,亻,1
616,厄,1222,奄,1
616,厄,1677,庀,1
617,厅,618,历,1
617,厅,1419,审,1
618,历,172,伤,1
618,历,3001,沨,1
619,厉,375,兮,1
619,厉,618,历,1
619,厉,4944,芎,1
619,厉,4979,苈,1
619,厉,5625,诂,1
620,压,353,兀,1
620,压,689,后,1
620,压,999,囗,1
620,压,1477,尤,1
620,压,3607,玉,1
621,厌,117,仄,1
622,厍,400,写,1
622,厍,1686,库,1
622,厍,6020,辱,1
623,厕,419,冽,1
624,厘,257,俚,1
624,厘,566,匣,1
624,厘,603,卮,1
624,厘,625,厚,1
624,厘,627,原,1
624,厘,903,喱,1
624,厘,6077,逗,1
625,厚,1376,存,1
625,厚,1690,店,1
625,厚,1956,惶,1
625,厚,5740,豆,1
627,原,117,仄,1
627,原,128,仔,1
627,原,4897,舟,1
628,厢,6633,雨,1
628,厢,7116,麻,1
631,厦,20,业,1
631,厦,625,厚,1
631,厦,4873,臣,1
631,厦,6775,餍,1
633,厩,6722,顾,1
635,厶,668,台,1
635,厶,2076,扺,1
636,去,83,云,1
636,去,444,击,1
636,去,638,县,1
636,去,1209,夬,1
636,去,1738,弓,1
636,去,6702,韦,1
638,县,15,且,1
638,县,1475,尝,1
639,叁,1398,宁,1
640,参,59,乔,1
640,参,375,兮,1
640,参,639,叁,1
640,参,1765,彡,1
640,参,4453,纟,1
641,又,9,丌,1
641,又,601,卩,1
641,又,642,叉,1
641,又,1372,孓,1
642,叉,1191,夂,1
643,及,46,乃,1
643,及,140,以,1
643,及,644,友,1
643,及,646,反,1
643,及,1191,夂,1
643,及,1487,尼,1
643,及,1721,廴,1
643,及,2352,攵,1
643,及,2589,枚,1
643,及,3904,皮,1
644,友,2523,有,1
644,友,2865,歹,1
644,友,3485,爻,1
644,友,3904,皮,1
645,双,676,叹,1
645,双,1241,奴,1
645,双,3625,环,1
646,反,163,众,1
646,反,558,化,1
646,反,616,厄,1
646,反,1191,夂,1
646,反,2394,斥,1
646,反,2865,歹,1
646,反,3890,白,1
648,叔,652,叙,1
648,叔,1241,奴,1
648,叔,2360,效,1
648,叔,2366,敖,1
648,叔,2367,教,1
649,取,117,仄,1
650,受,95,交,1
650,受,646,反,1
650,受,654,叟,1
650,受,1200,多,1
650,受,4279,笈,1
650,受,4453,纟,1
651,变,14,专,1
651,变,246,便,1
651,变,650,受,1
651,变,1302,娈,1
651,变,2434,旻,1
651,变,4966,芰,1
652,叙,648,叔,1
652,叙,1241,奴,1
652,叙,4351,箱,1
652,叙,6292,钚,1
653,叛,2073,扳,1
653,叛,2579,板,1
653,叛,6723,顿,1
654,叟,3242,溲,1
655,叠,4268,童,1
656,口,7,上,1
656,口,431,几,1
656,口,448,刀,1
656,口,662,只,1
656,口,1611,工,1
656,口,1726,廿,1
657,古,94,亢,1
657,古,361,克,1
657,古,3891,百,1
657,古,4019,石,1
657,古,5625,诂,1
658,句,547,勺,1
658,句,687,同,1
658,句,747,呵,1
658,句,1758,归,1
658,句,2423,旬,1
658,句,6509,问,1
659,另,534,勇,1
659,另,674,号,1
659,另,2886,殳,1
659,另,2923,氕,1
659,另,3754,男,1
660,叨,451,刃,1
660,叨,735,呗,1
660,叨,1812,忉,1
660,叨,2951,汈,1
662,只,49,么,1
662,只,356,兄,1
662,只,379,兴,1
662,只,380,兵,1
662,只,406,冥,1
662,只,598,卤,1
662,只,1485,尺,1
662,只,1776,彳,1
662,只,4453,纟,1
662,只,5762,贝,1
662,只,6780,饣,1
663,叫,412,冲,1
663,叫,673,叶,1
663,叫,704,吣,1
663,叫,5606,训,1
664,召,2865,歹,1
664,召,3891,百,1
665,叭,593,卟,1
665,叭,660,叨,1
665,叭,3354,灬,1
666,叮,661,叩,1
666,叮,673,叶,1
666,叮,1607,川,1
666,叮,4272,竹,1
666,叮,4697,耵,1
667,可,86,五,1
667,可,641,又,1
667,可,666,叮,1
667,可,1371,孑,1
667,可,2865,歹,1
667,可,6832,马,1
668,台,94,亢,1
668,台,122,今,1
668,台,456,刍,1
668,台,684,合,1
668,台,727,告,1
668,台,1399,它,1
668,台,3487,爿,1
668,台,4889,舌,1
669,叱,661,叩,1
670,史,71,买,1
670,史,690,吏,1
670,史,1844,怅,1
670,史,6036,迕,1
671,右,490,剌,1
671,右,594,占,1
671,右,2955,汔,1
672,叵,570,匹,1
674,号,640,参,1
674,号,1765,彡,1
674,号,4230,穹,1
675,司,67,习,1
675,司,451,刃,1
675,司,2423,旬,1
675,司,3609,玎,1
676,叹,2356,攻,1
677,叻,693,吒,1
678,叼,448,刀,1
678,叼,720,吻,1
678,叼,735,呗,1
678,叼,2951,汈,1
678,叼,6936,鱽,1
679,叽,121,仉,1
679,叽,665,叭,1
679,叽,669,叱,1
679,叽,721,吼,1
679,叽,724,呃,1
680,吁,81,于,1
680,吁,812,哞,1
680,吁,3611,玕,1
680,吁,4455,纡,1
681,吃,65,乞,1
681,吃,137,仡,1
681,吃,795,哈,1
681,吃,840,唣,1
682,各,0,々,1
682,各,408,冬,1
682,各,519,务,1
682,各,781,咯,1
682,各,1193,备,1
683,吆,418,冼,1
683,吆,756,咄,1
683,吆,862,啖,1
683,吆,1828,忪,1
684,合,122,今,1
684,合,134,仝,1
684,合,371,全,1
684,合,400,写,1
684,合,452,分,1
684,合,705,否,1
684,合,709,含,1
684,合,1409,宕,1
684,合,2922,气,1
684,合,4436,系,1
685,吉,671,右,1
685,吉,722,吾,1
685,吉,1381,孝,1
685,吉,1461,寿,1
685,吉,5002,苦,1
686,吊,1626,币,1
687,同,392,冈,1
687,同,1199,夙,1
687,同,2522,月,1
687,同,5635,词,1
687,同,6509,问,1
687,同,6515,间,1
688,名,52,乌,1
688,名,519,务,1
688,名,1672,幺,1
688,名,5027,茗,1
689,后,57,乒,1
689,后,177,伫,1
689,后,178,伯,1
689,后,1075,垃,1
689,后,1685,庑,1
690,吏,2351,攴,1
691,吐,669,叱,1
691,吐,707,吨,1
691,吐,4730,肚,1
691,吐,5601,讧,1
692,向,128,仔,1
692,向,144,们,1
692,向,184,伺,1
692,向,658,句,1
692,向,689,后,1
692,向,1094,垧,1
692,向,1455,寰,1
692,向,2523,有,1
692,向,3744,甪,1
692,向,3890,白,1
692,向,6509,问,1
693,吒,696,吖,1
693,吒,772,咤,1
694,吓,8,下,1
694,吓,593,卟,1
694,吓,702,吠,1
694,吓,1809,忄,1
695,吕,547,勺,1
695,吕,594,占,1
695,吕,659,另,1
695,吕,662,只,1
695,吕,737,呙,1
695,吕,2421,旨,1
695,吕,2441,昌,1
695,吕,3030,泛,1
695,吕,5039,茳,1
696,吖,677,叻,1
696,吖,728,呋,1
696,吖,771,咣,1
696,吖,776,咩,1
696,吖,999,囗,1
697,吗,52,乌,1
697,吗,669,叱,1
697,吗,5662,诨,1
699,吝,3944,看,1
699,吝,7166,齐,1
700,吞,1220,奁,1
700,吞,1381,孝,1
700,吞,1474,尜,1
700,吞,1488,尽,1
700,吞,3944,看,1
701,吟,416,冷,1
701,吟,795,哈,1
701,吟,3627,玲,1
702,吠,3529,状,1
703,吡,559,北,1
703,吡,735,呗,1
704,吣,669,叱,1
704,吣,715,吲,1
705,否,700,吞,1
705,否,5088,莒,1
706,吧,724,呃,1
706,吧,756,咄,1
707,吨,755,咂,1
707,吨,1513,屯,1
707,吨,3753,电,1
707,吨,3935,盹,1
707,吨,4037,砘,1
708,吩,734,呖,1
709,含,166,会,1
709,含,668,台,1
709,含,1765,彡,1
709,含,3724,瓮,1
709,含,4392,籴,1
709,含,7183,龛,1
710,听,85,亓,1
710,听,663,叫,1
710,听,665,叭,1
710,听,680,吁,1
710,听,823,哳,1
710,听,1040,圻,1
710,听,2446,昕,1
710,听,3527,犰,1
710,听,4470,纱,1
710,听,4972,芹,1
711,吭,414,况,1
711,吭,697,吗,1
711,吭,712,吮,1
711,吭,730,呒,1
711,吭,772,咤,1
711,吭,810,哜,1
711,吭,2091,抗,1
711,吭,2982,沆,1
711,吭,3040,泫,1
711,吭,4744,肮,1
712,吮,365,兕,1
712,吮,815,哦,1
713,启,1859,怡,1
713,启,2043,房,1
713,启,3605,玄,1
713,启,4740,肩,1
713,启,5091,莙,1
714,吱,221,使,1
714,吱,676,叹,1
714,吱,779,咬,1
714,吱,794,哇,1
714,吱,920,嗖,1
714,吱,1137,堎,1
715,吲,718,吸,1
715,吲,755,咂,1
715,吲,854,啁,1
715,吲,3005,沭,1
716,吴,4010,矢,1
716,吴,4283,笑,1
716,吴,4626,美,1
717,吵,521,劣,1
717,吵,2568,杪,1
717,吵,2991,沙,1
717,吵,3369,炒,1
718,吸,157,伋,1
718,吸,676,叹,1
718,吸,735,呗,1
718,吸,854,啁,1
718,吸,2356,攻,1
718,吸,3623,玫,1
719,吹,665,叭,1
719,吹,2841,次,1
719,吹,2845,欧,1
720,吻,203,佝,1
721,吼,761,咏,1
721,吼,767,咙,1
722,吾,360,光,1
722,吾,698,君,1
722,吾,1220,奁,1
722,吾,1409,宕,1
722,吾,1411,官,1
722,吾,1488,尽,1
722,吾,2554,杏,1
722,吾,3116,浯,1
722,吾,3608,王,1
723,呀,171,伢,1
723,呀,663,叫,1
723,呀,680,吁,1
723,呀,693,吒,1
723,呀,752,呼,1
723,呀,5766,财,1
724,呃,681,吃,1
724,呃,703,吡,1
725,呆,199,余,1
725,呆,686,吊,1
725,呆,1405,宋,1
725,呆,1669,年,1
725,呆,2052,手,1
725,呆,2572,杲,1
725,呆,2590,果,1
725,呆,2617,柔,1
725,呆,4391,米,1
725,呆,6250,采,1
725,呆,6503,长,1
726,呈,456,刍,1
726,呈,716,吴,1
726,呈,1095,垩,1
726,呈,2456,昱,1
726,呈,3895,皇,1
726,呈,4284,笔,1
726,呈,7142,黾,1
727,告,25,丢,1
727,告,217,佶,1
727,告,359,先,1
727,告,695,吕,1
727,告,722,吾,1
727,告,2445,昔,1
727,告,2861,步,1
727,告,4668,老,1
727,告,4727,肓,1
727,告,5002,苦,1
727,告,5836,走,1
728,呋,730,呒,1
728,呋,746,味,1
729,呐,752,呼,1
730,呒,731,呓,1
731,呓,681,吃,1
731,呓,732,呔,1
732,呔,702,吠,1
732,呔,734,呖,1
733,呕,704,吣,1
733,呕,706,吧,1
733,呕,767,咙,1
733,呕,5612,讴,1
734,呖,724,呃,1
735,呗,737,呙,1
736,员,300,债,1
736,员,606,危,1
736,员,695,吕,1
736,员,1488,尽,1
736,员,5763,贞,1
736,员,5765,贡,1
737,呙,686,吊,1
737,呙,704,吣,1
738,呛,681,吃,1
739,呜,697,吗,1
739,呜,812,哞,1
739,呜,817,哨,1
739,呜,840,唣,1
740,呢,718,吸,1
740,呢,730,呒,1
740,呢,2461,昽,1
740,呢,3037,泥,1
740,呢,3310,潴,1
741,呤,701,吟,1
741,呤,768,咚,1
742,呦,770,咝,1
742,呦,1069,坳,1
743,周,1016,固,1
743,周,1021,圄,1
743,周,2522,月,1
743,周,3025,泔,1
743,周,6514,闳,1
743,周,6521,闺,1
743,周,6525,闾,1
743,周,6534,阇,1
744,呱,741,呤,1
744,呱,4762,胍,1
745,呲,771,咣,1
746,味,728,呋,1
746,味,777,咪,1
746,味,836,唛,1
746,味,2106,抹,1
746,味,2633,柴,1
746,味,2875,殊,1
746,味,2996,沣,1
747,呵,1,一,1
747,呵,135,仞,1
747,呵,710,听,1
747,呵,717,吵,1
747,呵,750,呸,1
747,呵,2442,明,1
747,呵,2527,朐,1
747,呵,5330,蚵,1
748,呶,742,呦,1
749,呷,744,呱,1
750,呸,23,丝,1
750,呸,694,吓,1
750,呸,707,吨,1
750,呸,731,呓,1
750,呸,835,唔,1
750,呸,959,嘱,1
750,呸,4767,胚,1
751,呻,412,冲,1
752,呼,661,叩,1
752,呼,680,吁,1
752,呼,701,吟,1
752,呼,747,呵,1
752,呼,758,咋,1
753,命,260,俞,1
753,命,790,品,1
753,命,3482,爷,1
754,咀,818,哩,1
754,咀,3544,狙,1
755,咂,581,半,1
756,咄,748,呶,1
756,咄,920,嗖,1
757,咆,853,唿,1
758,咋,710,听,1
758,咋,711,吭,1
758,咋,719,吹,1
758,咋,776,咩,1
758,咋,846,唯,1
758,咋,4297,笮,1
759,和,470,利,1
759,和,2062,扣,1
759,和,2866,死,1
759,和,4181,种,1
759,和,4184,秕,1
759,和,4186,租,1
760,咎,1192,处,1
760,咎,4288,笞,1
761,咏,3792,疝,1
762,咐,663,叫,1
762,咐,786,咻,1
762,咐,2119,拊,1
762,咐,2430,时,1
763,咒,730,呒,1
763,咒,731,呓,1
764,咔,702,吠,1
764,咔,749,呷,1
765,咕,691,吐,1
765,咕,694,吓,1
765,咕,3015,沾,1
765,咕,5334,蛄,1
765,咕,5625,诂,1
766,咖,516,办,1
766,咖,3634,珈,1
767,咙,732,呔,1
767,咙,772,咤,1
767,咙,6575,陇,1
768,咚,769,咛,1
768,咚,781,咯,1
769,咛,749,呷,1
769,咛,756,咄,1
770,咝,801,哐,1
771,咣,702,吠,1
771,咣,728,呋,1
771,咣,804,哓,1
771,咣,806,哕,1
772,咤,693,吒,1
772,咤,811,哝,1
772,咤,840,唣,1
772,咤,5661,诧,1
773,咦,804,哓,1
774,咧,888,喇,1
775,咨,3102,浔,1
775,咨,3728,瓷,1
776,咩,772,咤,1
777,咪,725,呆,1
777,咪,754,咀,1
777,咪,809,哚,1
777,咪,4802,脒,1
779,咬,95,交,1
779,咬,718,吸,1
779,咬,724,呃,1
779,咬,860,啐,1
779,咬,3071,洨,1
779,咬,4083,碎,1
779,咬,5349,蛟,1
780,咭,217,佶,1
780,咭,791,哂,1
780,咭,1078,垆,1
781,咯,794,哇,1
781,咯,795,哈,1
781,咯,1889,恪,1
782,咱,758,咋,1
782,咱,861,啕,1
782,咱,3060,洎,1
783,咳,711,吭,1
783,咳,779,咬,1
784,咴,803,哒,1
785,咸,1296,威,1
785,咸,2017,戌,1
785,咸,2573,杳,1
785,咸,6155,郈,1
786,咻,788,咿,1
786,咻,3061,洑,1
787,咽,854,啁,1
788,咿,797,哌,1
789,哀,3827,痕,1
789,哀,5474,衮,1
789,哀,5475,衰,1
789,哀,5494,袤,1
790,品,2926,氙,1
791,哂,784,咴,1
792,哄,683,吆,1
792,哄,799,哎,1
792,哄,804,哓,1
792,哄,3396,烘,1
793,哆,1559,峨,1
793,哆,3081,洺,1
794,哇,681,吃,1
794,哇,714,吱,1
794,哇,852,唾,1
794,哇,909,喽,1
794,哇,1112,埕,1
794,哇,3977,睫,1
794,哇,5346,蛙,1
795,哈,152,份,1
795,哈,681,吃,1
795,哈,708,吩,1
795,哈,828,唁,1
795,哈,837,唝,1
796,哉,2016,戋,1
796,哉,2021,成,1
796,哉,2027,战,1
797,哌,744,呱,1
797,哌,808,哙,1
798,响,40,为,1
798,响,734,呖,1
798,响,744,呱,1
798,响,817,哨,1
798,响,1534,岣,1
798,响,1758,归,1
798,响,2466,晌,1
798,响,4475,纶,1
799,哎,5012,茂,1
800,哏,3766,畔,1
801,哐,765,咕,1
801,哐,802,哑,1
802,哑,3725,瓯,1
802,哑,5665,诬,1
803,哒,773,咦,1
804,哓,805,哔,1
806,哕,771,咣,1
806,哕,786,咻,1
806,哕,2461,昽,1
807,哗,752,呼,1
807,哗,812,哞,1
807,哗,834,唑,1
807,哗,874,啴,1
808,哙,809,哚,1
808,哙,4507,绘,1
809,哚,810,哜,1
809,哚,4293,笨,1
810,哜,776,咩,1
810,哜,781,咯,1
811,哝,797,哌,1
811,哝,800,哏,1
812,哞,776,咩,1
812,哞,807,哗,1
812,哞,836,唛,1
812,哞,3960,眸,1
813,哟,669,叱,1
813,哟,718,吸,1
814,哥,1200,多,1
814,哥,1461,寿,1
814,哥,4008,矛,1
814,哥,6710,音,1
815,哦,797,哌,1
815,哦,2022,我,1
815,哦,6395,锇,1
816,哧,826,哽,1
817,哨,710,听,1
817,哨,780,咭,1
817,哨,798,响,1
817,哨,813,哟,1
817,哨,839,唢,1
817,哨,1561,峭,1
817,哨,2435,昀,1
817,哨,5896,踏,1
818,哩,809,哚,1
818,哩,840,唣,1
818,哩,1107,埋,1
818,哩,2454,昭,1
820,哭,92,亠,1
820,哭,379,兴,1
820,哭,4283,笑,1
820,哭,5288,虍,1
821,哮,6221,酵,1
822,哲,1138,堑,1
822,哲,2112,拃,1
822,哲,2216,掊,1
822,哲,2265,揾,1
822,哲,3409,热,1
822,哲,7058,鸾,1
824,哺,878,啸,1
824,哺,891,喊,1
824,哺,905,喵,1
825,哼,99,亨,1
825,哼,809,哚,1
825,哼,917,嗒,1
825,哼,970,噔,1
825,哼,1379,孛,1
825,哼,3115,浮,1
826,哽,818,哩,1
826,哽,835,唔,1
826,哽,4074,硬,1
828,唁,783,咳,1
828,唁,808,哙,1
828,唁,882,喀,1
828,唁,894,喑,1
828,唁,2439,昉,1
828,唁,4105,磅,1
828,唁,5902,踣,1
828,唁,6620,雁,1
829,唆,831,唉,1
829,唆,936,嗳,1
829,唆,1058,坟,1
829,唆,1563,峻,1
829,唆,3889,登,1
829,唆,5403,蝮,1
830,唇,633,厩,1
830,唇,1848,怎,1
830,唇,4288,笞,1
831,唉,792,哄,1
831,唉,829,唆,1
831,唉,979,噪,1
833,唐,1411,官,1
833,唐,1705,康,1
833,唐,5814,赓,1
834,唑,770,咝,1
835,唔,2478,晤,1
836,唛,816,哧,1
836,唛,835,唔,1
836,唛,6596,陵,1
837,唝,868,啧,1
838,唠,892,喋,1
838,唠,917,嗒,1
838,唠,1564,崂,1
839,唢,817,哨,1
840,唣,772,咤,1
840,唣,3892,皂,1
841,唤,979,噪,1
841,唤,1106,埇,1
841,唤,1417,实,1
841,唤,5675,诶,1
844,唬,948,嘘,1
844,唬,5289,虎,1
845,售,153,仿,1
845,售,258,俜,1
845,售,262,信,1
845,售,835,唔,1
845,售,1920,您,1
845,售,3116,浯,1
845,售,3426,焦,1
845,售,4276,笃,1
845,售,6615,隹,1
846,唯,422,准,1
846,唯,712,吮,1
846,唯,724,呃,1
846,唯,782,咱,1
846,唯,801,哐,1
846,唯,890,喉,1
846,唯,2524,朊,1
846,唯,3878,癃,1
846,唯,6615,隹,1
846,唯,6618,难,1
846,唯,6626,雌,1
848,唱,697,吗,1
848,唱,735,呗,1
848,唱,793,哆,1
848,唱,900,喟,1
848,唱,1585,嵋,1
848,唱,2988,沓,1
848,唱,3926,盟,1
849,唳,841,唤,1
851,唼,1330,婴,1
852,唾,907,喹,1
852,唾,3971,睡,1
853,唿,934,嗯,1
854,啁,787,咽,1
855,啃,764,咔,1
855,啃,812,哞,1
855,啃,817,哨,1
855,啃,900,喟,1
855,啃,2485,晴,1
855,啃,4745,肯,1
856,啄,3152,涿,1
856,啄,6573,际,1
857,商,2046,扃,1
857,商,4172,离,1
857,商,5526,裼,1
857,商,6902,高,1
858,啉,3674,琳,1
859,啊,747,呵,1
859,啊,798,响,1
859,啊,908,喻,1
859,啊,3023,泐,1
859,啊,5341,蛏,1
860,啐,812,哞,1
862,啖,804,哓,1
862,啖,831,唉,1
862,啖,3168,淡,1
864,啡,745,呲,1
864,啡,4529,绯,1
864,啡,4732,肜,1
865,啤,749,呷,1
865,啤,752,呼,1
865,啤,812,哞,1
865,啤,874,啴,1
865,啤,975,噢,1
865,啤,1120,埤,1
866,啥,808,哙,1
866,啥,809,哚,1
866,啥,835,唔,1
866,啥,876,啶,1
866,啥,3170,淦,1
866,啥,5348,蛞,1
868,啧,835,唔,1
868,啧,836,唛,1
869,啪,3310,潴,1
872,啮,756,咄,1
872,啮,862,啖,1
872,啮,889,喈,1
872,啮,6585,陟,1
872,啮,7168,齿,1
873,啰,799,哎,1
873,啰,818,哩,1
873,啰,825,哼,1
873,啰,900,喟,1
873,啰,2745,椤,1
873,啰,4607,罗,1
874,啴,776,咩,1
874,啴,953,嘡,1
876,啶,3003,沪,1
876,啶,3153,淀,1
876,啶,4829,腚,1
879,啻,1644,帝,1
880,啼,1641,帚,1
880,啼,3250,滂,1
881,啾,3985,瞅,1
881,啾,4180,秋,1
882,喀,681,吃,1
882,喀,828,唁,1
882,喀,835,唔,1
884,喂,975,噢,1
884,喂,2293,摅,1
885,喃,589,南,1
886,善,898,喜,1
886,善,1235,奚,1
886,善,1880,恙,1
886,善,5581,言,1
886,善,5957,軎,1
888,喇,476,制,1
888,喇,847,唰,1
890,喉,244,侯,1
890,喉,3898,皎,1
891,喊,427,减,1
891,喊,746,味,1
891,喊,763,咒,1
891,喊,854,啁,1
891,喊,942,嘁,1
891,喊,2020,戏,1
892,喋,3198,渫,1
892,喋,5697,谍,1
894,喑,850,唷,1
894,喑,2497,暗,1
896,喘,756,咄,1
896,喘,806,哕,1
896,喘,832,唏,1
896,喘,848,唱,1
896,喘,922,嗝,1
896,喘,3688,瑞,1
898,喜,1190,壹,1
898,喜,1540,岳,1
898,喜,4029,砉,1
898,喜,4254,窨,1
898,喜,5129,菩,1
899,喝,861,啕,1
899,喝,883,喁,1
899,喝,1124,埸,1
899,喝,2432,旸,1
899,喝,2516,曷,1
900,喟,855,啃,1
900,喟,2241,掼,1
900,喟,3180,清,1
901,喤,840,唣,1
902,喧,904,喳,1
902,喧,2491,暄,1
902,喧,3432,煊,1
902,喧,3681,瑄,1
903,喱,840,唣,1
904,喳,732,呔,1
904,喳,2469,晓,1
904,喳,3194,渣,1
904,喳,6812,馇,1
906,喷,714,吱,1
906,喷,837,唝,1
906,喷,839,唢,1
908,喻,744,呱,1
911,嗄,946,嘎,1
911,嗄,6585,陟,1
912,嗅,831,唉,1
912,嗅,865,啤,1
912,嗅,1584,嵊,1
913,嗉,1322,婊,1
914,嗌,916,嗑,1
914,嗌,5420,螠,1
915,嗍,939,嗽,1
916,嗑,3986,瞌,1
916,嗑,4111,磕,1
918,嗓,843,唪,1
918,嗓,991,嚓,1
918,嗓,4081,碌,1
919,嗔,911,嗄,1
921,嗜,821,哮,1
921,嗜,850,唷,1
921,嗜,2485,晴,1
923,嗞,384,兹,1
924,嗟,971,噗,1
925,嗡,894,喑,1
925,嗡,4324,筲,1
926,嗣,42,丽,1
927,嗤,771,咣,1
927,嗤,777,咪,1
927,嗤,892,喋,1
927,嗤,3254,滍,1
927,嗤,3792,疝,1
929,嗦,816,哧,1
929,嗦,821,哮,1
929,嗦,825,哼,1
929,嗦,968,噍,1
931,嗪,892,喋,1
932,嗫,5925,蹑,1
934,嗯,883,喁,1
939,嗽,881,啾,1
941,嘀,850,唷,1
941,嘀,5725,谪,1
941,嘀,5930,蹢,1
942,嘁,5734,谳,1
944,嘉,3145,涪,1
944,嘉,4299,笳,1
944,嘉,7096,鹬,1
946,嘎,800,哏,1
946,嘎,912,嗅,1
946,嘎,4103,碾,1
948,嘘,844,唬,1
948,嘘,973,噙,1
948,嘘,2879,殓,1
950,嘛,761,咏,1
950,嘛,858,啉,1
950,嘛,2380,文,1
957,嘬,2521,最,1
959,嘱,718,吸,1
959,嘱,3996,瞩,1
960,嘲,5368,蜊,1
961,嘴,889,喈,1
961,嘴,945,嘌,1
961,嘴,991,嚓,1
962,嘶,3319,澌,1
963,嘹,906,喷,1
963,嘹,922,嗝,1
963,嘹,931,嗪,1
964,嘻,898,喜,1
964,嘻,913,嗉,1
964,嘻,916,嗑,1
964,嘻,924,嗟,1
964,嘻,958,嘭,1
965,嘿,808,哙,1
965,嘿,966,噀,1
965,嘿,4407,粤,1
967,噌,2519,曾,1
968,噍,340,僬,1
969,噎,964,嘻,1
969,噎,990,嚏,1
969,噎,1189,壶,1
977,器,820,哭,1
977,器,993,嚣,1
977,器,4385,簪,1
977,器,4612,罢,1
978,噩,5307,虿,1
978,噩,6088,逮,1
979,噪,874,啴,1
979,噪,895,喔,1
979,噪,966,噀,1
979,噪,3469,燥,1
979,噪,3713,璪,1
981,噬,4322,筮,1
983,噶,5236,蔼,1
984,噻,913,嗉,1
987,嚅,3338,濡,1
988,嚆,2485,晴,1
989,嚎,897,喙,1
989,嚎,913,嗉,1
989,嚎,931,嗪,1
991,嚓,918,嗓,1
993,嚣,1635,帑,1
993,嚣,1966,意,1
993,嚣,6613,隳,1
993,嚣,6659,露,1
994,嚯,2508,曜,1
995,嚷,5544,襄,1
996,嚼,880,啼,1
996,嚼,987,嚅,1
996,嚼,3300,潏,1
997,囊,2169,挠,1
997,囊,2511,曩,1
997,囊,5125,菟,1
997,囊,5544,襄,1
998,囔,999,囗,1
999,囗,1002,囝,1
999,囗,5601,讧,1
1000,囚,1001,四,1
1000,囚,1004,囟,1
1000,囚,1007,团,1
1000,囚,1070,坶,1
1000,囚,2522,月,1
1000,囚,3744,甪,1
1000,囚,4604,网,1
1000,囚,6506,闪,1
1001,四,441,凸,1
1001,四,1812,忉,1
1001,四,1857,思,1
1001,四,2522,月,1
1001,四,2967,汩,1
1002,囝,1006,囡,1
1002,囝,1007,团,1
1002,囝,1017,国,1
1002,囝,4605,罔,1
1003,回,442,凹,1
1003,回,692,向,1
1003,回,1002,囝,1
1003,回,1014,囵,1
1003,回,1062,坦,1
1003,回,2419,旦,1
1003,回,3929,目,1
1003,回,4881,臼,1
1003,回,6511,闰,1
1005,因,1011,困,1
1005,因,1622,巴,1
1006,囡,1014,囵,1
1006,囡,1018,图,1
1007,团,3749,田,1
1007,团,6508,闭,1
1008,囤,1005,因,1
1008,囤,1011,困,1
1008,囤,1013,围,1
1008,囤,1017,国,1
1008,囤,2567,杩,1
1008,囤,6524,闽,1
1008,囤,6525,闾,1
1009,囫,1015,囹,1
1009,囫,1025,圊,1
1009,囫,6539,阌,1
1010,园,600,卧,1
1010,园,1002,囝,1
1010,园,1005,因,1
1010,园,1008,囤,1
1010,园,4605,罔,1
1011,困,3749,田,1
1011,困,6521,闺,1
1012,囱,552,匆,1
1012,囱,2232,掬,1
1012,囱,3438,煦,1
1012,囱,5457,血,1
1013,围,1007,团,1
1013,围,1016,固,1
1013,围,1024,圉,1
1013,围,2420,旧,1
1013,围,5952,身,1
1013,围,6533,阆,1
1014,囵,1006,囡,1
1014,囵,1009,囫,1
1015,囹,1014,囵,1
1015,囹,1019,囿,1
1016,固,251,俎,1
1016,固,687,同,1
1016,固,743,周,1
1016,固,1000,囚,1
1016,固,1001,四,1
1016,固,6521,闺,1
1017,国,501,剥,1
1017,国,574,匿,1
1017,国,687,同,1
1017,国,1006,囡,1
1017,国,1008,囤,1
1017,国,1016,固,1
1017,国,3742,用,1
1017,国,4605,罔,1
1017,国,6522,闻,1
1018,图,1017,国,1
1018,图,1022,圆,1
1018,图,6526,闿,1
1019,囿,1021,圄,1
1019,囿,1022,圆,1
1019,囿,6046,迥,1
1020,圃,1009,囫,1
1020,圃,1017,国,1
1020,圃,1019,囿,1
1020,圃,1022,圆,1
1020,圃,1025,圊,1
1020,圃,6520,闹,1
1020,圃,6524,闽,1
1021,圄,1002,囝,1
1021,圄,1025,圊,1
1022,圆,1003,回,1
1022,圆,1025,圊,1
1022,圆,4288,笞,1
1022,圆,5779,贯,1
1023,圈,1010,园,1
1023,圈,1021,圄,1
1023,圈,6548,阖,1
1024,圉,1026,圜,1
1025,圊,1024,圉,1
1025,圊,6548,阖,1
1026,圜,1633,帏,1
1027,土,7,上,1
1027,土,86,五,1
1027,土,561,匚,1
1027,土,657,古,1
1027,土,3608,王,1
1027,土,6021,辶,1
1028,圣,16,丕,1
1028,圣,2943,氵,1
1029,在,130,他,1
1029,在,3740,生,1
1029,在,4945,芏,1
1029,在,5288,虍,1
1029,在,5958,车,1
1030,圩,1038,圹,1
1031,圪,681,吃,1
1031,圪,1034,圮,1
1031,圪,2955,汔,1
1032,圬,1613,巧,1
1032,圬,3247,溻,1
1032,圬,3613,玙,1
1033,圭,3740,生,1
1034,圮,2560,杞,1
1034,圮,5612,讴,1
1036,地,130,他,1
1036,地,1035,圯,1
1036,地,1042,址,1
1038,圹,1034,圮,1
1039,场,1043,坂,1
1039,场,2067,扫,1
1039,场,2566,杨,1
1040,圻,2092,折,1
1040,圻,5382,蜥,1
1041,圾,157,伋,1
1041,圾,1044,均,1
1041,圾,1060,坡,1
1041,圾,1115,埙,1
1041,圾,5638,诐,1
1041,圾,6080,逝,1
1042,址,41,主,1
1042,址,1063,坨,1
1042,址,2071,扯,1
1043,坂,5326,蚯,1
1044,均,453,切,1
1044,均,1071,坷,1
1044,均,1075,垃,1
1044,均,1080,垌,1
1044,均,1100,垱,1
1044,均,2557,杓,1
1045,坊,583,协,1
1045,坊,1039,场,1
1045,坊,1055,坜,1
1045,坊,1102,垴,1
1045,坊,1125,培,1
1045,坊,5622,访,1
1047,坍,1037,圳,1
1047,坍,1070,坶,1
1047,坍,1164,墁,1
1048,坎,1043,坂,1
1048,坎,1044,均,1
1048,坎,1052,块,1
1048,坎,1078,垆,1
1049,坏,1040,圻,1
1049,坏,1065,坪,1
1049,坏,2087,抓,1
1050,坐,134,仝,1
1050,坐,1472,尘,1
1050,坐,4945,芏,1
1050,坐,6063,逃,1
1051,坑,1038,圹,1
1051,坑,1040,圻,1
1051,坑,1054,坛,1
1051,坑,1075,垃,1
1051,坑,1102,垴,1
1051,坑,3626,现,1
1052,块,413,决,1
1052,块,2095,抟,1
1052,块,3044,泱,1
1053,坚,1472,尘,1
1054,坛,141,仨,1
1054,坛,1045,坊,1
1054,坛,4467,纭,1
1056,坝,1037,圳,1
1056,坝,1062,坦,1
1056,坝,2596,枧,1
1056,坝,2986,沏,1
1056,坝,6715,顷,1
1057,坞,1032,圬,1
1057,坞,1044,均,1
1057,坞,1098,垮,1
1057,坞,1100,垱,1
1057,坞,1102,垴,1
1058,坟,1041,圾,1
1058,坟,3616,玟,1
1058,坟,4461,级,1
1058,坟,4478,纹,1
1058,坟,4954,芡,1
1058,坟,5311,蚊,1
1059,坠,1092,垤,1
1059,坠,1139,堕,1
1059,坠,4273,竺,1
1060,坡,2102,披,1
1060,坡,5638,诐,1
1062,坦,1068,坯,1
1062,坦,1855,怛,1
1062,坦,5628,诅,1
1063,坨,1036,地,1
1065,坪,1030,圩,1
1065,坪,1087,垟,1
1065,坪,1861,怦,1
1065,坪,2101,抨,1
1065,坪,5627,评,1
1066,坫,1063,坨,1
1068,坯,1049,坏,1
1068,坯,1097,垭,1
1070,坶,1274,姆,1
1070,坶,2895,母,1
1071,坷,747,呵,1
1071,坷,1030,圩,1
1071,坷,1044,均,1
1071,坷,1068,坯,1
1071,坷,1104,埂,1
1071,坷,5970,轲,1
1071,坷,6129,邛,1
1071,坷,6669,靠,1
1072,坻,2105,抵,1
1072,坻,2728,棰,1
1073,坼,2115,拆,1
1074,垂,2594,枣,1
1075,垃,1031,圪,1
1075,垃,1125,培,1
1075,垃,1288,姣,1
1075,垃,2139,拦,1
1075,垃,4931,艳,1
1075,垃,5303,虻,1
1076,垄,7182,龚,1
1077,垅,2135,拢,1
1077,垅,3640,珑,1
1079,型,2531,望,1
1079,型,4945,芏,1
1080,垌,1131,堆,1
1080,垌,2676,桐,1
1081,垍,1123,埴,1
1081,垍,2121,拍,1
1082,垒,2331,擂,1
1082,垒,3911,盆,1
1082,垒,5025,茔,1
1085,垛,809,哚,1
1085,垛,1403,守,1
1086,垞,1063,坨,1
1087,垟,1116,埚,1
1090,垢,3632,珀,1
1090,垢,5653,诟,1
1091,垣,1075,垃,1
1091,垣,1878,恒,1
1091,垣,3811,疸,1
1091,垣,6720,顼,1
1092,垤,1049,坏,1
1094,垧,798,响,1
1094,垧,3620,玥,1
1096,垫,1472,尘,1
1096,垫,2264,揽,1
1096,垫,3409,热,1
1098,垮,5517,裤,1
1099,垯,6687,鞑,1
1100,垱,2170,挡,1
1101,垲,1519,岂,1
1102,垴,1035,圯,1
1103,垸,1120,埤,1
1104,埂,1043,坂,1
1104,埂,2701,梗,1
1105,埃,1083,垓,1
1105,埃,1087,垟,1
1105,埃,1115,埙,1
1105,埃,1136,堍,1
1105,埃,1175,墦,1
1105,埃,2176,挨,1
1105,埃,3662,琛,1
1105,埃,5675,诶,1
1107,埋,257,俚,1
1107,埋,1075,垃,1
1107,埋,1304,娌,1
1107,埋,2805,樊,1
1107,埋,3654,理,1
1107,埋,5683,课,1
1108,城,1118,域,1
1108,城,2021,成,1
1108,城,5664,诫,1
1109,埏,1722,延,1
1109,埏,5371,蜒,1
1111,埔,2195,捕,1
1112,埕,1092,垤,1
1113,埗,1144,堤,1
1113,埗,1150,塄,1
1115,埙,2197,损,1
1115,埙,6715,顷,1
1116,埚,1124,埸,1
1117,埝,1062,坦,1
1117,埝,1090,垢,1
1117,埝,1144,堤,1
1118,域,1066,坫,1
1118,域,1111,埔,1
1118,域,5384,蜮,1
1119,埠,1182,壕,1
1119,埠,2191,捍,1
1120,埤,1110,埒,1
1120,埤,2203,捭,1
1121,埭,2724,棣,1
1122,埯,2230,掩,1
1123,埴,1081,垍,1
1124,埸,5386,蜴,1
1125,培,1032,圬,1
1125,培,1066,坫,1
1125,培,1098,垮,1
1125,培,3145,涪,1
1125,培,3423,焙,1
1125,培,3690,瑢,1
1125,培,5409,蝽,1
1125,培,5644,诖,1
1125,培,5709,谙,1
1126,基,5004,苯,1
1126,基,5048,荃,1
1126,基,5105,莶,1
1126,基,5170,董,1
1126,基,5892,踅,1
1127,埼,1137,堎,1
1127,埼,2218,掎,1
1128,埽,1164,墁,1
1128,埽,3119,浸,1
1129,堀,1067,坭,1
1130,堂,2723,棠,1
1130,堂,4044,砦,1
1130,堂,5048,荃,1
1130,堂,5581,言,1
1130,堂,6254,重,1
1130,堂,6256,量,1
1131,堆,1073,坼,1
1131,堆,1090,垢,1
1131,堆,1112,埕,1
1131,堆,5672,诳,1
1132,堇,6253,里,1
1133,堉,3086,流,1
1134,堋,1282,姗,1
1138,堑,2490,暂,1
1139,堕,7035,鸥,1
1141,堞,5588,誊,1
1143,堡,259,保,1
1143,堡,4589,缮,1
1144,堤,1145,堪,1
1144,堤,2123,拐,1
1144,堤,3215,湜,1
1144,堤,3643,珠,1
1145,堪,1064,坩,1
1145,堪,1097,垭,1
1145,堪,1149,塃,1
1146,堰,1063,坨,1
1146,堰,2253,揠,1
1146,堰,5641,诓,1
1148,堵,229,侑,1
1148,堵,1133,堉,1
1148,堵,2145,拮,1
1148,堵,2762,楮,1
1148,堵,3190,渚,1
1152,塌,1088,垠,1
1152,塌,5663,诩,1
1154,塑,2531,望,1
1154,塑,5195,蒴,1
1155,塔,349,儋,1
1155,塔,1127,埼,1
1155,塔,2656,栲,1
1155,塔,3054,泾,1
1156,塘,1173,增,1
1156,塘,3691,瑭,1
1157,塞,1176,墨,1
1157,塞,1435,宽,1
1157,塞,1445,寒,1
1157,塞,2287,搴,1
1157,塞,3895,皇,1
1157,塞,5060,荛,1
1157,塞,5166,葚,1
1159,填,1091,垣,1
1159,填,1145,堪,1
1159,填,2305,摸,1
1159,填,3252,滇,1
1159,填,4572,缜,1
1161,塮,1114,埘,1
1165,境,1051,坑,1
1165,境,1103,垸,1
1165,境,1149,塃,1
1165,境,1159,填,1
1166,墅,1059,坠,1
1169,墒,1116,埚,1
1169,墒,1133,堉,1
1169,墒,2300,摘,1
1170,墓,1126,基,1
1170,墓,5072,荩,1
1170,墓,5201,蓁,1
1170,墓,5267,薹,1
1171,墙,870,啬,1
1171,墙,1100,垱,1
1171,墙,1123,埴,1
1171,墙,1124,埸,1
1171,墙,1125,培,1
1171,墙,1133,堉,1
1171,墙,1158,塥,1
1173,增,1133,堉,1
1173,增,4584,缩,1
1173,增,4590,缯,1
1174,墟,2353,收,1
1174,墟,5673,说,1
1175,墦,5439,蟠,1
1176,墨,106,亳,1
1176,墨,2502,暴,1
1176,墨,3630,玺,1
1177,墩,1083,垓,1
1177,墩,2504,暾,1
1179,壁,1143,堡,1
1179,壁,1989,慰,1
1179,壁,6014,辟,1
1181,壑,3982,睿,1
1183,壤,2346,攘,1
1183,壤,5544,襄,1
1184,士,5,丈,1
1184,士,63,乜,1
1184,士,86,五,1
1184,士,657,古,1
1184,士,1611,工,1
1185,壬,1611,工,1
1185,壬,4174,禾,1
1185,壬,4597,缶,1
1186,壮,422,准,1
1186,壮,1184,士,1
1186,壮,1512,屮,1
1186,壮,1862,性,1
1186,壮,2061,扛,1
1186,壮,5601,讧,1
1186,壮,6281,钍,1
1187,声,98,产,1
1187,声,685,吉,1
1187,声,2365,敕,1
1187,声,4937,艿,1
1188,壳,104,亮,1
1188,壳,4955,芤,1
1188,壳,5646,诘,1
1189,壶,5172,葫,1
1190,壹,1189,壶,1
1190,壹,3915,盍,1
1191,夂,0,々,1
1191,夂,47,久,1
1193,备,1226,奋,1
1194,复,95,交,1
1194,复,631,厦,1
1194,复,2434,旻,1
1195,夏,380,兵,1
1195,夏,631,厦,1
1195,夏,789,哀,1
1195,夏,1721,廴,1
1195,夏,4229,穸,1
1195,夏,4966,芰,1
1195,夏,5150,萝,1
1195,夏,5952,身,1
1195,夏,6059,追,1
1197,夕,1397,宀,1
1198,外,354,允,1
1198,外,1739,引,1
1199,夙,433,凤,1
1200,多,456,刍,1
1200,多,552,匆,1
1200,多,793,哆,1
1200,多,1245,好,1
1200,多,4937,艿,1
1201,夜,1,一,1
1201,夜,1691,庙,1
1201,夜,1701,庭,1
1201,夜,5219,蓰,1
1202,够,526,劬,1
1202,够,1200,多,1
1202,够,3776,畴,1
1202,够,4788,胶,1
1202,够,4808,脞,1
1202,够,6154,郇,1
1205,大,8,下,1
1205,大,3353,火,1
1206,天,5,丈,1
1206,天,1210,夭,1
1206,天,1476,尢,1
1206,天,2416,无,1
1206,天,2979,沃,1
1206,天,4010,矢,1
1206,天,5598,认,1
1207,太,5,丈,1
1207,太,1205,大,1
1207,太,1476,尢,1
1208,夫,5,丈,1
1208,夫,636,去,1
1208,夫,1211,央,1
1209,夬,595,卡,1
1209,夬,1208,夫,1
1209,夬,1211,央,1
1210,夭,1209,夬,1
1210,夭,1214,头,1
1210,夭,4010,矢,1
1210,夭,4174,禾,1
1211,央,413,决,1
1211,央,1213,失,1
1211,央,1471,尖,1
1211,央,1824,忠,1
1211,央,3499,牝,1
1212,夯,1187,声,1
1212,夯,1218,夺,1
1213,失,200,佚,1
1213,失,359,先,1
1213,失,413,决,1
1213,失,1209,夬,1
1213,失,2541,朱,1
1213,失,3498,牛,1
1213,失,3740,生,1
1213,失,4283,笑,1
1214,头,1208,夫,1
1214,头,5598,认,1
1215,夷,4201,稂,1
1215,夷,6738,颏,1
1215,夷,7113,麦,1
1216,夸,375,兮,1
1216,夸,1686,库,1
1217,夹,22,东,1
1217,夹,1214,头,1
1217,夹,3353,火,1
1218,夺,1223,奇,1
1218,夺,5009,苻,1
1218,夺,5958,车,1
1219,夼,1223,奇,1
1223,奇,814,哥,1
1223,奇,870,啬,1
1223,奇,1218,夺,1
1223,奇,1226,奋,1
1223,奇,1458,寺,1
1223,奇,1533,岢,1
1223,奇,1759,当,1
1223,奇,4993,苛,1
1224,奈,101,享,1
1224,奈,198,佘,1
1224,奈,1216,夸,1
1224,奈,2630,柰,1
1225,奉,1228,奏,1
1225,奉,2451,春,1
1226,奋,1224,奈,1
1226,奋,3891,百,1
1227,奎,1074,垂,1
1227,奎,1218,夺,1
1228,奏,1225,奉,1
1228,奏,2246,揍,1
1228,奏,4439,索,1
1230,奔,1732,弇,1
1231,奕,1733,弈,1
1231,奕,2663,栾,1
1231,奕,5163,葖,1
1232,奖,378,关,1
1233,套,1227,奎,1
1233,套,3817,痃,1
1233,套,5316,蚕,1
1236,奠,1235,奚,1
1236,奠,5032,茧,1
1237,奢,3948,真,1
1237,奢,4173,禽,1
1238,奥,3020,泉,1
1238,奥,4234,突,1
1238,奥,4877,臭,1
1240,女,3,七,1
1240,女,670,史,1
1240,女,1371,孑,1
1240,女,2014,戈,1
1240,女,2960,汝,1
1240,女,3485,爻,1
1240,女,4668,老,1
1240,女,5958,车,1
1241,奴,645,双,1
1241,奴,646,反,1
1241,奴,1246,妁,1
1241,奴,1247,如,1
1241,奴,2359,故,1
1241,奴,2548,权,1
1241,奴,3504,牧,1
1242,奶,453,切,1
1242,奶,583,协,1
1242,奶,608,却,1
1242,奶,1267,妫,1
1242,奶,1287,姞,1
1243,奸,3048,泷,1
1243,奸,5958,车,1
1244,她,1253,妊,1
1244,她,2900,比,1
1245,好,38,丸,1
1245,好,1243,奸,1
1245,好,1246,妁,1
1245,好,1251,妇,1
1245,好,1252,妈,1
1246,妁,5854,趵,1
1247,如,453,切,1
1247,如,1039,场,1
1247,如,1246,妁,1
1247,如,1259,妙,1
1247,如,1828,忪,1
1247,如,2125,拓,1
1248,妃,1034,圮,1
1248,妃,1266,妪,1
1249,妄,1263,妥,1
1249,妄,1821,忘,1
1250,妆,1186,壮,1
1250,妆,1827,忧,1
1250,妆,2078,找,1
1250,妆,3529,状,1
1251,妇,999,囗,1
1251,妇,4473,纴,1
1252,妈,1057,坞,1
1252,妈,1242,奶,1
1252,妈,1246,妁,1
1252,妈,1262,妤,1
1252,妈,3615,玛,1
1253,妊,1265,妩,1
1253,妊,1276,始,1
1253,妊,1278,姑,1
1253,妊,1341,媳,1
1254,妍,1243,奸,1
1255,妒,1243,奸,1
1255,妒,1262,妤,1
1255,妒,3788,疖,1
1255,妒,6158,郏,1
1256,妓,1246,妁,1
1256,妓,2080,技,1
1257,妖,810,哜,1
1257,妖,1052,块,1
1257,妖,1253,妊,1
1257,妖,1271,妹,1
1257,妖,3693,瑶,1
1257,妖,4134,祆,1
1258,妗,1267,妫,1
1259,妙,1253,妊,1
1259,妙,1254,妍,1
1259,妙,2568,杪,1
1259,妙,3369,炒,1
1259,妙,5859,趿,1
1261,妣,1258,妗,1
1262,妤,1255,妒,1
1263,妥,1249,妄,1
1263,妥,1273,妾,1
1263,妥,2016,戋,1
1263,妥,2905,毛,1
1263,妥,3856,瘘,1
1263,妥,5852,足,1
1264,妨,1045,坊,1
1264,妨,1242,奶,1
1264,妨,1255,妒,1
1264,妨,1258,妗,1
1264,妨,1276,始,1
1264,妨,1278,姑,1
1264,妨,1287,姞,1
1265,妩,2093,抚,1
1267,妫,4472,纳,1
1268,妮,1248,妃,1
1268,妮,1265,妩,1
1268,妮,1292,姹,1
1271,妹,1327,婧,1
1271,妹,1336,媒,1
1272,妻,421,凄,1
1272,妻,5142,萋,1
1273,妾,1249,妄,1
1273,妾,1263,妥,1
1274,姆,1047,坍,1
1274,姆,1260,妞,1
1274,姆,1286,姝,1
1274,姆,1293,姻,1
1275,姊,1255,妒,1
1275,姊,1311,娣,1
1276,始,1066,坫,1
1276,始,1242,奶,1
1276,始,1252,妈,1
1276,始,1261,妣,1
1276,始,1287,姞,1
1276,始,2103,抬,1
1276,始,5640,诒,1
1277,姐,1062,坦,1
1277,姐,1260,妞,1
1277,姐,3363,灿,1
1277,姐,3544,狙,1
1277,姐,3934,相,1
1277,姐,4488,组,1
1277,姐,4772,胡,1
1278,姑,1242,奶,1
1278,姑,1247,如,1
1278,姑,1256,妓,1
1278,姑,1264,妨,1
1278,姑,1276,始,1
1278,姑,4805,脖,1
1278,姑,5625,诂,1
1279,姒,1259,妙,1
1280,姓,1246,妁,1
1280,姓,1256,妓,1
1280,姓,1299,娅,1
1280,姓,5318,蚝,1
1281,委,1272,妻,1
1281,委,5083,荽,1
1283,姘,6803,饼,1
1284,姚,1261,妣,1
1285,姜,4360,篓,1
1285,姜,5186,蒌,1
1288,姣,1041,圾,1
1289,姥,1063,坨,1
1289,姥,1265,妩,1
1289,姥,1294,姽,1
1289,姥,1300,娆,1
1289,姥,1313,娩,1
1289,姥,1322,婊,1
1290,姨,88,亘,1
1290,姨,1307,娘,1
1291,姬,1248,妃,1
1291,姬,1274,姆,1
1291,姬,1306,娓,1
1291,姬,3378,炬,1
1292,姹,1086,垞,1
1293,姻,1260,妞,1
1293,姻,1274,姆,1
1293,姻,4787,胴,1
1295,姿,1263,妥,1
1296,威,248,俄,1
1296,威,4097,碱,1
1297,娃,1131,堆,1
1297,娃,1278,姑,1
1297,娃,1287,姞,1
1297,娃,1300,娆,1
1298,娄,1281,委,1
1298,娄,1328,婪,1
1298,娄,5083,荽,1
1299,娅,1242,奶,1
1301,娇,2171,挢,1
1302,娈,5083,荽,1
1304,娌,1107,埋,1
1304,娌,3561,狸,1
1305,娑,5684,诿,1
1306,娓,1268,妮,1
1307,娘,1088,垠,1
1307,娘,1268,妮,1
1307,娘,1288,姣,1
1307,娘,3413,烺,1
1307,娘,3564,狼,1
1308,娜,2262,揶,1
1309,娟,1116,埚,1
1309,娟,1246,妁,1
1309,娟,1318,娼,1
1309,娟,1327,婧,1
1309,娟,1356,嫡,1
1309,娟,3560,狷,1
1310,娠,1067,坭,1
1310,娠,1322,婊,1
1310,娠,1341,媳,1
1310,娠,2179,振,1
1310,娠,3413,烺,1
1312,娥,2022,我,1
1312,娥,5361,蛾,1
1313,娩,1292,姹,1
1313,娩,6479,镞,1
1313,娩,6689,鞔,1
1314,娱,1313,娩,1
1314,娱,1361,嫫,1
1315,娲,1116,埚,1
1317,娶,4753,肾,1
1318,娼,1339,媪,1
1320,婆,1295,姿,1
1321,婉,1288,姣,1
1321,婉,1313,娩,1
1321,婉,1345,嫁,1
1321,婉,1414,宛,1
1322,婊,1290,姨,1
1322,婊,1310,娠,1
1323,婕,1290,姨,1
1324,婚,179,估,1
1328,婪,343,僰,1
1328,婪,4161,禁,1
1328,婪,5991,辇,1
1329,婳,4551,缅,1
1330,婴,2484,晳,1
1330,婴,4643,羿,1
1332,婶,1269,妯,1
1332,婶,1292,姹,1
1332,婶,1325,婞,1
1332,婶,3421,焖,1
1333,婷,1264,妨,1
1335,婿,1318,娼,1
1335,婿,1327,婧,1
1335,婿,1337,媚,1
1335,婿,1343,媸,1
1335,婿,4421,糈,1
1336,媒,1286,姝,1
1337,媚,1268,妮,1
1337,媚,1585,嵋,1
1337,媚,3590,猸,1
1338,媛,1313,娩,1
1339,媪,1318,娼,1
1341,媳,1385,孤,1
1341,媳,3447,熄,1
1341,媳,6122,邈,1
1345,嫁,1286,姝,1
1345,嫁,1288,姣,1
1345,嫁,2242,掾,1
1345,嫁,2828,橼,1
1346,嫂,654,叟,1
1346,嫂,1060,坡,1
1346,嫂,1341,媳,1
1346,嫂,1712,廋,1
1346,嫂,2273,搏,1
1348,嫌,1260,妞,1
1348,嫌,1323,婕,1
1348,嫌,6074,递,1
1352,嫘,1303,娉,1
1353,嫚,1349,嫒,1
1356,嫡,1337,媚,1
1359,嫩,4901,舨,1
1363,嬉,1287,姞,1
1363,嬉,1325,婞,1
1367,嬴,5445,蠃,1
1367,嬴,5828,赢,1
1370,子,75,了,1
1370,子,81,于,1
1370,子,1611,工,1
1370,子,1667,干,1
1371,孑,449,刁,1
1371,孑,2052,手,1
1373,孔,13,丑,1
1373,孔,670,史,1
1373,孔,4955,芤,1
1374,孕,1378,孚,1
1374,孕,1484,尹,1
1374,孕,2133,拜,1
1375,字,1370,子,1
1375,字,1378,孚,1
1375,字,1379,孛,1
1375,字,1410,宗,1
1375,字,1469,尔,1
1376,存,126,仑,1
1376,存,671,右,1
1376,存,689,后,1
1377,孙,461,列,1
1377,孙,1373,孔,1
1377,孙,4642,羽,1
1377,孙,5744,豕,1
1380,孜,643,及,1
1380,孜,2356,攻,1
1380,孜,2358,政,1
1380,孜,2876,残,1
1381,孝,1224,奈,1
1381,孝,1376,存,1
1381,孝,1384,季,1
1381,孝,4943,芍,1
1382,孟,84,互,1
1382,孟,2617,柔,1
1382,孟,3358,灵,1
1382,孟,3913,盉,1
1384,季,1371,孑,1
1384,季,1731,弄,1
1384,季,2594,枣,1
1384,季,4175,秀,1
1385,孤,2076,扺,1
1385,孤,2087,抓,1
1385,孤,3541,狐,1
1387,学,420,净,1
1387,学,1378,孚,1
1387,学,1402,宇,1
1388,孩,1083,垓,1
1388,孩,5659,该,1
1389,孪,1381,孝,1
1389,孪,1751,弯,1
1389,孪,2663,栾,1
1389,孪,5551,要,1
1391,孰,537,勍,1
1391,孰,4462,纨,1
1391,孰,6840,驵,1
1393,孳,1396,孽,1
1395,孺,2873,殇,1
1395,孺,3338,濡,1
1395,孺,4433,糯,1
1397,宀,92,亠,1
1398,宁,1375,字,1
1398,宁,1738,弓,1
1398,宁,3032,泞,1
1399,它,126,仑,1
1399,它,1063,坨,1
1399,它,1401,宅,1
1399,它,2992,沚,1
1399,它,6780,饣,1
1400,宄,1486,尻,1
1401,宅,1425,宪,1
1401,宅,1472,尘,1
1401,宅,2456,昱,1
1401,宅,2908,毫,1
1401,宅,3753,电,1
1401,宅,6273,钅,1
1402,宇,77,争,1
1402,宇,1398,宁,1
1402,宇,3502,牢,1
1402,宇,3809,疴,1
1403,守,4234,突,1
1404,安,584,卑,1
1404,安,1240,女,1
1404,安,1249,妄,1
1404,安,1401,宅,1
1404,安,1418,宠,1
1405,宋,1375,字,1
1405,宋,1408,宓,1
1405,宋,2541,朱,1
1405,宋,2616,染,1
1405,宋,4232,穿,1
1405,宋,4392,籴,1
1405,宋,5958,车,1
1406,完,106,亳,1
1406,完,360,光,1
1406,完,367,党,1
1406,完,1410,宗,1
1406,完,1425,宪,1
1407,宏,364,兔,1
1407,宏,640,参,1
1407,宏,1400,宄,1
1407,宏,1418,宠,1
1407,宏,1433,宸,1
1407,宏,3605,玄,1
1407,宏,4226,穴,1
1409,宕,1407,宏,1
1409,宕,5001,若,1
1410,宗,105,亲,1
1410,宗,198,佘,1
1410,宗,199,余,1
1410,宗,1402,宇,1
1410,宗,1417,实,1
1410,宗,1430,宴,1
1410,宗,1432,家,1
1410,宗,2546,杀,1
1410,宗,3164,淙,1
1410,宗,4608,罘,1
1411,官,1409,宕,1
1411,官,1424,宦,1
1411,官,3362,灾,1
1411,官,4231,空,1
1411,官,4236,窄,1
1412,宙,1680,庇,1
1412,宙,4237,窅,1
1413,定,51,之,1
1413,定,65,乞,1
1413,定,1417,实,1
1413,定,4260,立,1
1413,定,6581,限,1
1414,宛,3806,疱,1
1414,宛,4986,苑,1
1414,宛,5554,见,1
1415,宜,1421,宣,1
1415,宜,2978,沂,1
1415,宜,3933,直,1
1415,宜,6051,迫,1
1415,宜,6952,鲎,1
1416,宝,1399,它,1
1416,宝,1406,完,1
1416,宝,1408,宓,1
1416,宝,1411,官,1
1416,宝,1824,忠,1
1417,实,71,买,1
1417,实,1405,宋,1
1417,实,1489,尾,1
1417,实,3362,灾,1
1417,实,4010,矢,1
1417,实,4011,矣,1
1418,宠,1408,宓,1
1419,审,77,争,1
1419,审,1627,市,1
1419,审,3502,牢,1
1419,审,3751,甲,1
1419,审,6131,邡,1
1420,客,699,吝,1
1420,客,2922,气,1
1420,客,4610,罟,1
1420,客,6280,钌,1
1421,宣,108,亶,1
1421,宣,1400,宄,1
1421,宣,1415,宜,1
1421,宣,2943,氵,1
1421,宣,3201,渲,1
1421,宣,4245,窗,1
1421,宣,5468,衤,1
1422,室,1033,圭,1
1422,室,1401,宅,1
1422,室,1406,完,1
1422,室,4234,突,1
1422,室,4268,童,1
1422,室,5581,言,1
1422,室,6021,辶,1
1423,宥,1431,宵,1
1423,宥,3775,畲,1
1424,宦,1415,宜,1
1425,宪,4238,窆,1
1426,宫,684,合,1
1426,宫,1443,富,1
1426,宫,3775,畲,1
1426,宫,4480,纻,1
1426,宫,4990,苕,1
1426,宫,5581,言,1
1428,宰,1702,庳,1
1428,宰,3502,牢,1
1428,宰,3981,睾,1
1429,害,699,吝,1
1429,害,1409,宕,1
1429,害,4890,舍,1
1429,害,5115,菅,1
1429,害,5957,軎,1
1430,宴,1130,堂,1
1430,宴,1302,娈,1
1430,宴,1436,宾,1
1430,宴,4256,窭,1
1431,宵,2481,普,1
1431,宵,4753,肾,1
1431,宵,5775,贫,1
1431,宵,6644,霄,1
1431,宵,6829,香,1
1432,家,404,冢,1
1432,家,1410,宗,1
1432,家,1761,彖,1
1432,家,3020,泉,1
1432,家,5744,豕,1
1432,家,5746,象,1
1433,宸,2895,母,1
1434,容,1439,寄,1
1434,容,3982,睿,1
1434,容,4231,空,1
1434,容,4240,窍,1
1434,容,5021,茎,1
1434,容,5468,衤,1
1434,容,5581,言,1
1434,容,5738,谷,1
1434,容,5957,軎,1
1435,宽,360,光,1
1435,宽,4227,究,1
1435,宽,5782,贲,1
1436,宾,1221,奂,1
1436,宾,1448,寞,1
1437,宿,1777,彷,1
1437,宿,4544,绾,1
1437,宿,5221,蓿,1
1438,寂,648,叔,1
1438,寂,3791,疚,1
1438,寂,3807,疲,1
1439,寄,1423,宥,1
1439,寄,2381,斋,1
1439,寄,3666,琦,1
1440,寅,1411,官,1
1440,寅,1415,宜,1
1440,寅,4268,童,1
1440,寅,4332,箅,1
1441,密,1426,宫,1
1441,密,1529,岙,1
1441,密,1947,惩,1
1441,密,4238,窆,1
1441,密,4241,窑,1
1442,寇,37,丶,1
1442,寇,4256,窭,1
1442,寇,5843,趄,1
1442,寇,5844,超,1
1443,富,1424,宦,1
1443,富,1426,宫,1
1443,富,1440,寅,1
1443,富,1821,忘,1
1443,富,3770,畜,1
1443,富,5581,言,1
1445,寒,58,乓,1
1445,寒,1413,定,1
1445,寒,1429,害,1
1445,寒,1453,寨,1
1445,寒,6638,零,1
1446,寓,1412,宙,1
1446,寓,4228,穷,1
1446,寓,4239,窈,1
1446,寓,4248,窝,1
1446,寓,6902,高,1
1447,寝,1682,庋,1
1447,寝,3869,瘰,1
1448,寞,1425,宪,1
1449,察,4440,紧,1
1449,察,4571,缛,1
1450,寡,478,券,1
1450,寡,1429,害,1
1450,寡,4364,篡,1
1451,寤,9,丌,1
1452,寥,1449,察,1
1452,寥,1716,廖,1
1453,寨,4234,突,1
1453,寨,5821,赛,1
1454,寮,1409,宕,1
1456,寸,132,付,1
1456,寸,449,刁,1
1456,寸,2052,手,1
1456,寸,2054,才,1
1457,对,1819,忖,1
1457,对,6125,邓,1
1458,寺,5830,赤,1
1459,寻,1458,寺,1
1459,寻,1760,录,1
1459,寻,5107,莸,1
1459,寻,6832,马,1
1460,导,1403,守,1
1461,寿,1225,奉,1
1461,寿,1381,孝,1
1462,封,1298,娄,1
1462,封,4457,纣,1
1462,封,6198,酎,1
1462,封,6280,钌,1
1463,射,4697,耵,1
1463,射,4733,肝,1
1463,射,6970,鲥,1
1464,将,2773,榇,1
1464,将,3089,浆,1
1464,将,4735,肠,1
1465,尉,5226,蔚,1
1465,尉,6843,驸,1
1466,尊,1387,学,1
1466,尊,2303,摩,1
1466,尊,2663,栾,1
1466,尊,2824,橥,1
1466,尊,6634,雩,1
1467,小,450,刂,1
1467,小,591,卜,1
1467,小,1184,士,1
1467,小,1240,女,1
1467,小,1371,孑,1
1467,小,2942,水,1
1468,少,1765,彡,1
1468,少,1809,忄,1
1469,尔,134,仝,1
1469,尔,1374,孕,1
1469,尔,1378,孚,1
1469,尔,2515,更,1
1469,尔,4127,示,1
1469,尔,5762,贝,1
1471,尖,1209,夬,1
1472,尘,41,主,1
1472,尘,1046,坌,1
1472,尘,1050,坐,1
1473,尚,284,倘,1
1473,尚,870,啬,1
1473,尚,1517,屿,1
1473,尚,1798,徜,1
1473,尚,1873,恂,1
1473,尚,3159,淌,1
1473,尚,3938,省,1
1473,尚,4745,肯,1
1474,尜,1823,忝,1
1475,尝,367,党,1
1475,尝,2861,步,1
1475,尝,4236,窄,1
1475,尝,5029,茛,1
1475,尝,5094,莞,1
1475,尝,5587,誉,1
1476,尢,354,允,1
1476,尢,1205,大,1
1477,尤,3,七,1
1477,尤,1726,廿,1
1478,尥,2424,旭,1
1479,尧,236,侥,1
1479,尧,356,兄,1
1479,尧,359,先,1
1479,尧,804,哓,1
1481,就,1385,孤,1
1481,就,1679,庆,1
1481,就,3532,犹,1
1483,尸,448,刀,1
1483,尸,451,刃,1
1483,尸,1206,天,1
1483,尸,2040,户,1
1483,尸,3751,甲,1
1484,尹,71,买,1
1484,尹,698,君,1
1484,尹,3751,甲,1
1485,尺,6022,边,1
1487,尼,689,后,1
1487,尼,698,君,1
1487,尼,1497,屉,1
1487,尼,2959,汜,1
1487,尼,4533,绳,1
1487,尼,5022,茏,1
1488,尽,1485,尺,1
1489,尾,1499,屋,1
1489,尾,6273,钅,1
1490,尿,1486,尻,1
1490,尿,1709,庾,1
1490,尿,2522,月,1
1491,局,203,佝,1
1491,局,1495,居,1
1492,屁,1486,尻,1
1492,屁,2920,民,1
1492,屁,3499,牝,1
1492,屁,4464,纪,1
1493,层,1495,居,1
1493,层,2980,沄,1
1495,居,1486,尻,1
1495,居,1493,层,1
1495,居,4889,舌,1
1496,屈,1493,层,1
1496,屈,1494,屃,1
1496,屈,1497,屉,1
1497,屉,1487,尼,1
1498,届,259,保,1
1498,届,1495,居,1
1498,届,1503,屑,1
1498,届,1691,庙,1
1498,届,3937,盾,1
1499,屋,564,匠,1
1499,屋,603,卮,1
1499,屋,622,厍,1
1499,屋,1486,尻,1
1499,屋,3783,疍,1
1500,屎,1490,尿,1
1500,屎,2051,扊,1
1500,屎,3514,犀,1
1500,屎,5038,茱,1
1500,屎,6250,采,1
1501,屏,1489,尾,1
1501,屏,1499,屋,1
1501,屏,1702,庳,1
1501,屏,1729,异,1
1503,屑,1495,居,1
1503,屑,1506,属,1
1503,屑,3258,滔,1
1503,屑,6019,辰,1
1504,展,1493,层,1
1504,展,4379,簏,1
1504,展,6019,辰,1
1504,展,6918,鬲,1
1505,屙,6320,钶,1
1506,属,1392,孱,1
1506,属,6672,靥,1
1507,屠,1200,多,1
1507,屠,5534,褚,1
1508,屡,622,厍,1
1508,屡,631,厦,1
1508,屡,1364,嬖,1
1508,屡,1489,尾,1
1508,屡,4641,羼,1
1510,履,1509,屣,1
1510,履,2047,扅,1
1510,履,2890,殿,1
1512,屮,3106,浜,1
1513,屯,63,乜,1
1513,屯,3753,电,1
1514,山,440,凶,1
1514,山,2860,此,1
1515,屹,1031,圪,1
1515,屹,1516,屺,1
1515,屹,5560,览,1
1516,屺,1558,峧,1
1517,屿,11,与,1
1517,屿,1572,崞,1
1517,屿,5634,诌,1
1518,岁,647,发,1
1518,岁,657,古,1
1518,岁,1200,多,1
1518,岁,1468,少,1
1518,岁,1521,岌,1
1518,岁,2401,方,1
1518,岁,2865,歹,1
1518,岁,4607,罗,1
1519,岂,65,乞,1
1519,岂,360,光,1
1519,岂,4944,芎,1
1519,岂,4946,芑,1
1521,岌,1535,岩,1
1521,岌,4958,芨,1
1523,岐,1558,峧,1
1524,岑,1573,崟,1
1524,岑,4959,芩,1
1524,岑,4988,苓,1
1525,岔,1848,怎,1
1526,岖,1516,屺,1
1526,岖,1558,峧,1
1526,岖,1575,崦,1
1526,岖,1634,帐,1
1526,岖,1843,怄,1
1526,岖,3074,洮,1
1527,岗,1518,岁,1
1527,岗,1530,岚,1
1527,岗,1532,岜,1
1529,岙,1823,忝,1
1531,岛,2444,易,1
1531,岛,2926,氙,1
1534,岣,1520,岈,1
1535,岩,674,号,1
1535,岩,713,启,1
1535,岩,1521,岌,1
1535,岩,5001,若,1
1537,岬,1211,央,1
1538,岭,1515,屹,1
1538,岭,1560,峪,1
1538,岭,1856,怜,1
1538,岭,5337,蛉,1
1538,岭,5654,诠,1
1540,岳,14,专,1
1540,岳,380,兵,1
1540,岳,444,击,1
1540,岳,1004,囟,1
1541,岵,1638,帖,1
1543,岸,1670,并,1
1544,岽,2633,柴,1
1545,岿,1577,崩,1
1545,岿,2175,挦,1
1546,峁,5016,茆,1
1548,峃,7168,齿,1
1549,峄,1562,峰,1
1550,峋,1534,岣,1
1552,峙,1556,峥,1
1552,峙,1874,恃,1
1552,峙,1911,悖,1
1553,峡,1217,夹,1
1553,峡,1554,峣,1
1553,峡,2450,映,1
1553,峡,3004,沫,1
1553,峡,5355,蛱,1
1557,峦,1441,密,1
1557,峦,4759,胄,1
1557,峦,5475,衰,1
1558,峧,1043,坂,1
1558,峧,1572,崞,1
1559,峨,815,哦,1
1559,峨,1522,岍,1
1559,峨,1528,岘,1
1559,峨,1542,岷,1
1560,峪,255,俗,1
1560,峪,724,呃,1
1560,峪,825,哼,1
1560,峪,1566,崆,1
1560,峪,1575,崦,1
1560,峪,1828,忪,1
1560,峪,3771,略,1
1561,峭,5370,蜎,1
1562,峰,1087,垟,1
1562,峰,1556,峥,1
1562,峰,1598,嶂,1
1563,峻,917,嗒,1
1563,峻,2494,暌,1
1563,峻,4548,缂,1
1563,峻,4809,脧,1
1566,崆,1560,峪,1
1567,崇,1521,岌,1
1567,崇,1696,庠,1
1567,崇,1697,庤,1
1567,崇,2482,景,1
1567,崇,2630,柰,1
1567,崇,4146,祟,1
1567,崇,5153,萦,1
1568,崎,1517,屿,1
1568,崎,1534,岣,1
1568,崎,5367,蜉,1
1569,崔,4005,瞿,1
1569,崔,5654,诠,1
1569,崔,6826,首,1
1573,崟,6257,金,1
1574,崤,1561,峭,1
1577,崩,1134,堋,1
1577,崩,2525,朋,1
1577,崩,5143,萌,1
1578,崭,384,兹,1
1578,崭,1440,寅,1
1578,崭,6301,钣,1
1582,崾,1589,嵘,1
1585,嵋,855,啃,1
1586,嵌,1590,嵚,1
1586,嵌,6724,颀,1
1588,嵖,904,喳,1
1594,嵫,874,啴,1
1597,嵴,1563,峻,1
1597,嵴,1574,崤,1
1605,巍,5230,蔬,1
1607,川,666,叮,1
1607,川,678,叼,1
1607,川,1608,州,1
1608,州,394,册,1
1608,州,663,叫,1
1608,州,1037,圳,1
1608,州,1900,恻,1
1608,州,3369,炒,1
1608,州,3529,状,1
1608,州,4421,糈,1
1608,州,4679,耕,1
1609,巡,1606,巛,1
1609,巡,4176,私,1
1610,巢,105,亲,1
1610,巢,1567,崇,1
1610,巢,3140,涤,1
1611,工,5,丈,1
1611,工,92,亠,1
1611,工,598,卤,1
1611,工,602,卫,1
1611,工,1721,廴,1
1611,工,2053,扌,1
1611,工,5594,讠,1
1611,工,6021,辶,1
1612,左,657,古,1
1612,左,1099,垯,1
1612,左,5836,走,1
1612,左,5958,车,1
1613,巧,46,乃,1
1613,巧,411,冱,1
1614,巨,565,匡,1
1614,巨,672,叵,1
1614,巨,1820,志,1
1614,巨,4873,臣,1
1614,巨,6124,邑,1
1614,巨,6771,飞,1
1615,巩,3610,玑,1
1615,巩,3620,玥,1
1615,巩,5615,讷,1
1615,巩,6506,闪,1
1616,巫,16,丕,1
1616,巫,1050,坐,1
1617,差,4677,耒,1
1618,巯,4073,硫,1
1619,己,3,七,1
1619,己,13,丑,1
1619,己,48,乇,1
1619,己,561,匚,1
1619,己,999,囗,1
1619,己,1622,巴,1
1619,己,2859,正,1
1619,己,3608,王,1
1620,已,62,乙,1
1620,已,63,乜,1
1620,已,999,囗,1
1620,已,1611,工,1
1620,已,6021,辶,1
1621,巳,999,囗,1
1621,巳,1614,巨,1
1621,巳,4927,艮,1
1622,巴,999,囗,1
1622,巴,1620,已,1
1622,巴,1757,彐,1
1622,巴,6036,迕,1
1623,巷,610,卷,1
1623,巷,4995,苞,1
1623,巷,4999,苣,1
1623,巷,5021,茎,1
1623,巷,5035,茬,1
1623,巷,5475,衰,1
1625,巾,1809,忄,1
1626,币,578,升,1
1627,市,53,乍,1
1627,市,97,亦,1
1627,市,1626,币,1
1627,市,2905,毛,1
1627,市,3788,疖,1
1627,市,5597,讣,1
1628,布,520,劢,1
1628,布,1029,在,1
1628,布,1635,帑,1
1629,帅,677,叻,1
1629,帅,1053,坚,1
1629,帅,1625,巾,1
1629,帅,1831,忮,1
1629,帅,1866,怫,1
1630,帆,1634,帐,1
1630,帆,5312,蚋,1
1630,帆,5314,蚍,1
1631,师,97,亦,1
1631,师,1835,忻,1
1631,师,1853,怖,1
1631,师,2976,汾,1
1631,师,3788,疖,1
1632,希,5010,茀,1
1632,希,6152,郄,1
1632,希,6177,都,1
1633,帏,1640,帙,1
1634,帐,1640,帙,1
1634,帐,2582,枇,1
1634,帐,2597,枨,1
1634,帐,4755,胀,1
1635,帑,1650,帱,1
1636,帔,1635,帑,1
1637,帕,1885,恤,1
1637,帕,2680,桕,1
1637,帕,5326,蚯,1
1638,帖,1634,帐,1
1638,帖,5334,蛄,1
1639,帘,1212,夯,1
1639,帘,1644,帝,1
1639,帘,4228,穷,1
1639,帘,4236,窄,1
1639,帘,4295,笫,1
1640,帙,1636,帔,1
1641,帚,6791,饰,1
1642,帛,2426,旯,1
1642,帛,2436,昂,1
1642,帛,3754,男,1
1643,帜,1634,帐,1
1643,帜,1638,帖,1
1643,帜,1828,忪,1
1643,帜,1837,忾,1
1644,帝,1639,帘,1
1644,帝,5611,讳,1
1645,帡,4791,胼,1
1646,带,530,劳,1
1646,带,1639,帘,1
1646,带,4975,芾,1
1647,帧,1643,帜,1
1647,帧,5349,蛟,1
1648,席,1627,市,1
1648,席,1652,常,1
1651,帷,2297,摊,1
1652,常,3081,洺,1
1653,帻,1647,帧,1
1655,帽,900,喟,1
1655,帽,1967,愔,1
1655,帽,5370,蜎,1
1656,幂,2428,旱,1
1656,幂,3897,皋,1
1656,幂,4545,绿,1
1657,幄,1651,帷,1
1658,幅,36,临,1
1658,幅,1638,帖,1
1659,幌,1971,愠,1
1659,幌,5698,谎,1
1660,幔,1353,嫚,1
1660,幔,1658,幅,1
1660,幔,1965,愎,1
1661,幕,2501,暮,1
1661,幕,5062,荞,1
1662,幛,1665,幢,1
1664,幡,5439,蟠,1
1665,幢,1651,帷,1
1665,幢,1653,帻,1
1665,幢,1662,幛,1
1666,幪,2534,朦,1
1666,幪,5448,蠓,1
1667,干,8,下,1
1667,干,32,丬,1
1667,干,575,十,1
1667,干,579,午,1
1667,干,1668,平,1
1667,干,2053,扌,1
1667,干,2416,无,1
1668,平,34,丰,1
1668,平,1667,干,1
1668,平,1669,年,1
1668,平,4174,禾,1
1668,平,4719,肀,1
1669,年,168,伞,1
1669,年,1668,平,1
1669,年,2052,手,1
1669,年,3498,牛,1
1669,年,4624,羊,1
1669,年,5958,车,1
1670,并,378,关,1
1670,并,595,卡,1
1670,并,1728,弁,1
1670,并,5616,许,1
1671,幸,4439,索,1
1671,幸,5052,草,1
1671,幸,6011,辛,1
1671,幸,6012,辜,1
1672,幺,49,么,1
1672,幺,96,亥,1
1673,幻,390,冂,1
1673,幻,1674,幼,1
1674,幼,522,动,1
1674,幼,531,劾,1
1674,幼,1673,幻,1
1674,幼,4462,纨,1
1674,幼,4496,绌,1
1675,幽,446,函,1
1675,幽,6051,迫,1
1675,幽,6566,阻,1
1676,广,30,个,1
1676,广,1371,孑,1
1676,广,2943,氵,1
1676,广,3786,疒,1
1678,庄,564,匠,1
1678,庄,620,压,1
1678,庄,1029,在,1
1678,庄,1679,庆,1
1678,庄,1681,床,1
1678,庄,5020,茌,1
1679,庆,117,仄,1
1679,庆,621,厌,1
1679,庆,1685,庑,1
1679,庆,3131,涘,1
1679,庆,3797,疣,1
1679,庆,4597,缶,1
1680,庇,147,仳,1
1680,庇,1492,屁,1
1681,床,56,乐,1
1681,床,3064,洙,1
1681,床,4174,禾,1
1682,庋,1699,度,1
1682,庋,3193,渡,1
1683,序,619,厉,1
1683,序,1494,屃,1
1683,序,1627,市,1
1683,序,1681,床,1
1683,序,2394,斥,1
1683,序,2577,杼,1
1684,庐,5670,诱,1
1685,庑,1678,庄,1
1686,库,627,原,1
1686,库,5002,苦,1
1687,应,190,位,1
1687,应,209,佥,1
1687,应,689,后,1
1687,应,1678,庄,1
1687,应,1816,忐,1
1687,应,2843,欣,1
1687,应,6021,辶,1
1689,庖,603,卮,1
1690,店,143,仫,1
1690,店,1715,廓,1
1691,庙,3819,病,1
1692,庚,1056,坝,1
1692,庚,1705,康,1
1692,庚,3087,浃,1
1693,府,1698,庥,1
1693,府,2046,扃,1
1693,府,5009,苻,1
1693,府,5473,衬,1
1694,庞,1418,宠,1
1694,庞,1681,床,1
1694,庞,2015,戊,1
1694,庞,3640,珑,1
1694,庞,4668,老,1
1695,废,1651,帷,1
1695,废,5124,菝,1
1696,庠,4727,肓,1
1699,度,159,伎,1
1699,度,5293,虔,1
1700,座,2051,扊,1
1700,座,3270,滦,1
1700,座,3863,瘥,1
1700,座,6219,酲,1
1701,庭,1413,定,1
1701,庭,1781,往,1
1701,庭,3651,珽,1
1701,庭,3880,癍,1
1703,庵,222,侃,1
1703,庵,7118,麾,1
1704,庶,1687,应,1
1704,庶,1710,廉,1
1704,庶,2043,房,1
1704,庶,3447,熄,1
1705,康,1681,床,1
1706,庸,1718,廛,1
1706,庸,6639,雷,1
1707,庹,626,厝,1
1707,庹,5772,质,1
1710,廉,5364,蜃,1
1712,廋,5496,被,1
1716,廖,3812,疹,1
1717,廙,3843,痹,1
1718,廛,1705,康,1
1720,廪,429,凛,1
1720,廪,2836,檩,1
1721,廴,51,之,1
1722,延,52,乌,1
1722,延,2877,殍,1
1722,延,4453,纟,1
1723,廷,6025,迁,1
1723,廷,6062,适,1
1724,建,690,吏,1
1724,建,1121,埭,1
1724,建,1790,律,1
1724,建,6073,逑,1
1724,建,6082,速,1
1725,廾,39,丹,1
1725,廾,1726,廿,1
1727,开,85,亓,1
1727,开,578,升,1
1727,开,1668,平,1
1727,开,2602,枰,1
1727,开,6127,邗,1
1729,异,57,乒,1
1729,异,474,到,1
1729,异,1730,弃,1
1729,异,6273,钅,1
1729,异,6556,阡,1
1730,弃,1731,弄,1
1730,弃,4435,糸,1
1731,弄,1730,弃,1
1731,弄,2897,毐,1
1733,弈,2663,栾,1
1734,弊,2407,旅,1
1736,式,459,划,1
1736,式,1209,夬,1
1736,式,2019,戎,1
1736,式,2022,我,1
1736,式,2862,武,1
1736,式,2948,求,1
1736,式,3736,甘,1
1738,弓,4,万,1
1738,弓,13,丑,1
1738,弓,400,写,1
1738,弓,1372,孓,1
1738,弓,1765,彡,1
1738,弓,2401,方,1
1738,弓,4019,石,1
1738,弓,4718,聿,1
1738,弓,4972,芹,1
1739,引,29,丨,1
1739,引,419,冽,1
1739,引,517,功,1
1740,弗,87,井,1
1740,弗,2120,拌,1
1740,弗,5789,费,1
1740,弗,5830,赤,1
1741,弘,133,仙,1
1741,弘,143,仫,1
1741,弘,1739,引,1
1742,弛,1744,张,1
1742,弛,2866,死,1
1742,弛,2963,池,1
1742,弛,4485,绁,1
1742,弛,6842,驷,1
1743,弟,376,兰,1
1743,弟,1393,孳,1
1743,弟,4008,矛,1
1743,弟,6490,镩,1
1744,张,3018,泄,1
1744,张,3639,珐,1
1744,张,3653,琅,1
1744,张,4485,绁,1
1745,弥,2355,改,1
1745,弥,2971,汲,1
1745,弥,2976,汾,1
1745,弥,6049,迩,1
1746,弦,3040,泫,1
1746,弦,4261,竑,1
1746,弦,4572,缜,1
1746,弦,5632,诊,1
1746,弦,6857,骇,1
1747,弧,3717,瓜,1
1747,弧,4762,胍,1
1747,弧,5597,讣,1
1747,弧,6728,预,1
1749,弪,4060,硁,1
1751,弯,99,亨,1
1751,弯,1074,垂,1
1751,弯,1875,恋,1
1751,弯,3222,湾,1
1751,弯,5097,莩,1
1752,弱,1383,孢,1
1752,弱,4081,碌,1
1752,弱,4678,耔,1
1752,弱,5653,诟,1
1752,弱,6844,驹,1
1752,弱,6845,驺,1
1753,弹,1750,弭,1
1753,弹,2877,殍,1
1753,弹,2881,殚,1
1753,弹,3522,犟,1
1753,弹,4493,绉,1
1753,弹,5658,诤,1
1754,强,1383,孢,1
1754,强,2406,旄,1
1754,强,5305,虽,1
1755,弼,3246,溺,1
1756,彀,2379,敷,1
1757,彐,13,丑,1
1757,彐,67,习,1
1758,归,67,习,1
1758,归,2420,旧,1
1758,归,3353,火,1
1759,当,41,主,1
1759,当,456,刍,1
1759,当,1100,垱,1
1759,当,1518,岁,1
1759,当,5075,荬,1
1760,录,1761,彖,1
1760,录,2939,氯,1
1760,录,6614,隶,1
1764,彝,880,啼,1
1766,形,455,刊,1
1766,形,458,刑,1
1766,形,2416,无,1
1766,形,4903,舫,1
1766,形,6127,邗,1
1767,彤,1242,奶,1
1767,彤,4802,脒,1
1767,彤,4903,舫,1
1768,彦,2043,房,1
1768,彦,5581,言,1
1769,彧,2025,或,1
1770,彩,124,仍,1
1770,彩,6251,釉,1
1770,彩,6284,钐,1
1771,彪,4016,矬,1
1772,彬,6175,郴,1
1773,彭,2397,斫,1
1774,彰,1771,彪,1
1775,影,1002,囝,1
1775,影,2482,景,1
1775,影,4732,肜,1
1775,影,5460,行,1
1776,彳,111,亻,1
1778,役,1729,异,1
1778,役,4461,级,1
1778,役,4478,纹,1
1779,彻,466,初,1
1779,彻,2986,沏,1
1779,彻,4469,纰,1
1780,彼,157,伋,1
1780,彼,1783,徂,1
1780,彼,3035,波,1
1780,彼,5496,被,1
1781,往,143,仫,1
1781,往,190,位,1
1781,往,1782,征,1
1781,往,1784,径,1
1781,往,3038,注,1
1781,往,3384,炷,1
1781,往,4459,纥,1
1781,往,4473,纴,1
1781,往,4534,维,1
1781,往,6955,鲑,1
1782,征,411,冱,1
1782,征,1783,徂,1
1782,征,1797,徙,1
1782,征,4588,缭,1
1782,征,6023,辽,1
1782,征,6316,钲,1
1783,徂,251,俎,1
1783,徂,4481,纽,1
1784,径,55,乏,1
1784,径,1781,往,1
1784,径,2634,柽,1
1784,径,4456,红,1
1784,径,4459,纥,1
1784,径,4519,绤,1
1785,待,264,俦,1
1785,待,1376,存,1
1785,待,4457,纣,1
1785,待,5645,诗,1
1786,徇,4509,绚,1
1787,很,180,伲,1
1787,很,1782,征,1
1787,很,3547,狠,1
1787,很,4469,纰,1
1788,徉,181,伴,1
1788,徉,213,佯,1
1788,徉,4149,祥,1
1789,徊,189,但,1
1789,徊,314,偬,1
1789,徊,1673,幻,1
1789,徊,1783,徂,1
1789,徊,1873,恂,1
1789,徊,4471,纲,1
1789,徊,4485,绁,1
1789,徊,4490,细,1
1789,徊,6151,郁,1
1789,徊,6842,驷,1
1790,律,1788,徉,1
1790,律,1794,徕,1
1790,律,4494,绊,1
1790,律,4538,绸,1
1792,徐,206,你,1
1792,徐,4507,绘,1
1793,徒,170,传,1
1793,徒,247,促,1
1793,徒,1780,彼,1
1793,徒,2095,抟,1
1793,徒,4456,红,1
1793,徒,5836,走,1
1793,徒,6586,陡,1
1794,徕,228,侏,1
1794,徕,3134,涞,1
1795,得,298,倮,1
1795,得,4306,等,1
1795,得,4553,缇,1
1796,徘,1777,彷,1
1796,徘,5682,诽,1
1797,徙,2409,旋,1
1797,徙,4148,祢,1
1797,徙,4528,绮,1
1797,徙,4553,缇,1
1799,御,877,啷,1
1799,御,4564,缔,1
1799,御,5462,衔,1
1801,循,203,佝,1
1801,循,3940,眇,1
1801,循,4567,缗,1
1803,微,274,俶,1
1803,微,317,偷,1
1803,微,1799,御,1
1803,微,1807,徽,1
1803,微,3331,激,1
1803,微,4474,纵,1
1804,徵,1803,微,1
1805,德,307,偌,1
1805,德,1793,徒,1
1805,德,4527,续,1
1805,德,6821,馑,1
1807,徽,311,做,1
1807,徽,3237,溦,1
1807,徽,4323,筱,1
1807,徽,4559,缎,1
1808,心,110,人,1
1808,心,114,仁,1
1808,心,133,仙,1
1808,心,5604,讪,1
1809,忄,30,个,1
1809,忄,1467,小,1
1810,必,20,业,1
1810,必,33,中,1
1810,必,48,乇,1
1810,必,50,义,1
1810,必,125,从,1
1810,必,140,以,1
1810,必,200,佚,1
1810,必,440,凶,1
1810,必,1192,处,1
1810,必,2977,沁,1
1810,必,3353,火,1
1810,必,3499,牝,1
1810,必,6760,风,1
1811,忆,112,亿,1
1811,忆,1034,圮,1
1811,忆,2060,托,1
1813,忌,1820,志,1
1813,忌,1895,恳,1
1813,忌,2919,氐,1
1813,忌,3085,派,1
1814,忍,664,召,1
1814,忍,1857,思,1
1814,忍,1877,恐,1
1814,忍,1884,恣,1
1814,忍,4927,艮,1
1816,忐,6692,鞡,1
1817,忑,1816,忐,1
1818,忒,1296,威,1
1820,志,1813,忌,1
1820,志,1816,忐,1
1820,志,1824,忠,1
1820,志,1881,恚,1
1821,忘,93,亡,1
1821,忘,1703,庵,1
1821,忘,4453,纟,1
1822,忙,1811,忆,1
1822,忙,3384,炷,1
1822,忙,5303,虻,1
1823,忝,59,乔,1
1824,忠,1529,岙,1
1826,忤,1871,怿,1
1827,忧,160,伏,1
1827,忧,164,优,1
1827,忧,1051,坑,1
1827,忧,1830,忭,1
1827,忧,1832,忱,1
1827,忧,1844,怅,1
1827,忧,3529,状,1
1827,忧,3532,犹,1
1828,忪,2578,松,1
1829,快,200,佚,1
1829,快,372,八,1
1829,快,1844,怅,1
1829,快,5313,蚌,1
1830,忭,1847,怍,1
1830,忭,2623,柞,1
1832,忱,1629,帅,1
1832,忱,2596,枧,1
1833,念,139,令,1
1833,念,1117,埝,1
1833,念,1838,忿,1
1833,念,5479,衾,1
1834,忸,2576,杻,1
1835,忻,1040,圻,1
1835,忻,1250,妆,1
1835,忻,1815,忏,1
1835,忻,4604,网,1
1836,忽,1765,彡,1
1836,忽,1838,忿,1
1836,忽,1884,恣,1
1838,忿,1833,念,1
1838,忿,1858,怠,1
1839,怀,1861,怦,1
1839,怀,2088,抔,1
1839,怀,2365,敕,1
1839,怀,2570,杯,1
1839,怀,2586,枕,1
1839,怀,3387,炻,1
1840,态,1529,岙,1
1840,态,1820,志,1
1842,怃,1864,怩,1
1843,怄,2593,枢,1
1844,怅,1868,怵,1
1845,怆,1899,恺,1
1846,怊,3013,沼,1
1847,怍,202,作,1
1847,怍,4766,胙,1
1848,怎,364,兔,1
1848,怎,1817,忑,1
1848,怎,1869,总,1
1848,怎,1872,恁,1
1848,怎,1875,恋,1
1848,怎,2926,氙,1
1848,怎,5474,衮,1
1850,怒,1386,孥,1
1850,怒,1836,忽,1
1851,怔,1109,埏,1
1851,怔,1266,妪,1
1851,怔,1828,忪,1
1851,怔,1834,忸,1
1851,怔,1878,恒,1
1852,怕,782,咱,1
1852,怕,1873,恂,1
1852,怕,1885,恤,1
1852,怕,2121,拍,1
1852,怕,2557,杓,1
1852,怕,2612,柏,1
1852,怕,2680,桕,1
1852,怕,6950,鲌,1
1853,怖,1631,师,1
1853,怖,1839,怀,1
1854,怙,36,临,1
1854,怙,1862,性,1
1856,怜,36,临,1
1856,怜,182,伶,1
1856,怜,1815,忏,1
1856,怜,1837,忾,1
1856,怜,2122,拎,1
1856,怜,2609,柃,1
1857,思,400,写,1
1857,思,405,冤,1
1857,思,662,只,1
1857,思,1814,忍,1
1857,思,1824,忠,1
1857,思,3144,涩,1
1858,怠,1893,息,1
1858,怠,1906,悉,1
1858,怠,4364,篡,1
1859,怡,1891,恬,1
1859,怡,1894,恰,1
1859,怡,6048,迨,1
1860,急,364,兔,1
1860,急,1672,幺,1
1860,急,1838,忿,1
1860,急,1881,恚,1
1860,急,1906,悉,1
1860,急,4930,色,1
1860,急,5484,袅,1
1861,怦,1065,坪,1
1862,性,1280,姓,1
1862,性,1819,忖,1
1862,性,1851,怔,1
1862,性,1867,怯,1
1862,性,4808,脞,1
1863,怨,1850,怒,1
1863,怨,1879,恕,1
1863,怨,1884,恣,1
1863,怨,1903,恿,1
1863,怨,1947,惩,1
1865,怪,1053,坚,1
1865,怪,1914,悝,1
1865,怪,3534,狂,1
1866,怫,1825,忡,1
1866,怫,2111,拂,1
1867,怯,1844,怅,1
1867,怯,1861,怦,1
1867,怯,1883,恢,1
1867,怯,1912,悚,1
1867,怯,3093,浊,1
1868,怵,1827,忧,1
1868,怵,1830,忭,1
1869,总,1821,忘,1
1869,总,4128,礻,1
1869,总,4134,祆,1
1869,总,4474,纵,1
1873,恂,2647,栒,1
1874,恃,1458,寺,1
1874,恃,1464,将,1
1874,恃,1819,忖,1
1874,恃,1873,恂,1
1874,恃,1911,悖,1
1874,恃,1929,悻,1
1874,恃,1976,愫,1
1874,恃,2156,持,1
1874,恃,3102,浔,1
1874,恃,5009,苻,1
1875,恋,1302,娈,1
1875,恋,1860,急,1
1875,恋,1896,恶,1
1875,恋,5554,见,1
1875,恋,6058,迹,1
1876,恍,418,冼,1
1876,恍,1827,忧,1
1876,恍,1837,忾,1
1876,恍,1919,悦,1
1876,恍,3357,灰,1
1876,恍,3392,烂,1
1878,恒,1091,垣,1
1878,恒,1834,忸,1
1878,恒,2678,桓,1
1878,恒,3814,疽,1
1878,恒,5968,轰,1
1879,恕,1247,如,1
1879,恕,4965,芯,1
1880,恙,1872,恁,1
1880,恙,3922,盖,1
1881,恚,1880,恙,1
1883,恢,1935,惋,1
1883,恢,1959,愀,1
1883,恢,1973,愤,1
1886,恧,1860,急,1
1886,恧,1903,恿,1
1887,恨,358,兆,1
1887,恨,402,农,1
1887,恨,1088,垠,1
1887,恨,1846,怊,1
1888,恩,698,君,1
1888,恩,1814,忍,1
1888,恩,1824,忠,1
1888,恩,4463,纩,1
1888,恩,4927,艮,1
1889,恪,2661,格,1
1890,恫,231,侗,1
1890,恫,1551,峒,1
1890,恫,2619,柙,1
1890,恫,3620,玥,1
1891,恬,1842,怃,1
1891,恬,1859,怡,1
1892,恭,1490,尿,1
1892,恭,1705,康,1
1892,恭,1823,忝,1
1892,恭,2613,某,1
1893,息,688,名,1
1893,息,1614,巨,1
1893,息,1836,忽,1
1893,息,1857,思,1
1893,息,1896,恶,1
1894,恰,1828,忪,1
1894,恰,1837,忾,1
1894,恰,1889,恪,1
1894,恰,1946,惨,1
1894,恰,2154,拾,1
1894,恰,2651,栝,1
1894,恰,2692,桴,1
1895,恳,1093,垦,1
1895,恳,6060,退,1
1896,恶,25,丢,1
1896,恶,1557,峦,1
1896,恶,1893,息,1
1896,恶,3415,焉,1
1896,恶,4965,芯,1
1899,恺,1876,恍,1
1901,恼,1102,垴,1
1901,恼,1852,怕,1
1901,恼,1917,悢,1
1902,恽,2174,挥,1
1905,悄,1852,怕,1
1905,悄,2702,梢,1
1905,悄,3002,沩,1
1905,悄,3128,涓,1
1905,悄,3312,潸,1
1906,悉,1896,恶,1
1907,悌,1866,怫,1
1908,悍,1902,恽,1
1910,悔,1815,忏,1
1910,悔,1847,怍,1
1910,悔,1904,悃,1
1910,悔,2116,拇,1
1910,悔,3118,海,1
1910,悔,3618,玡,1
1911,悖,1933,惇,1
1912,悚,2010,懦,1
1914,悝,579,午,1
1914,悝,1846,怊,1
1915,悟,1758,归,1
1915,悟,1946,惨,1
1915,悟,1972,愣,1
1915,悟,1997,憧,1
1915,悟,2184,捂,1
1915,悟,3418,焐,1
1915,悟,3512,牾,1
1915,悟,3865,瘩,1
1916,悠,282,倓,1
1916,悠,314,偬,1
1916,悠,1877,恐,1
1916,悠,1893,息,1
1916,悠,1964,愍,1
1916,悠,5615,讷,1
1918,患,359,先,1
1918,患,1906,悉,1
1918,患,6082,速,1
1919,悦,1935,惋,1
1919,悦,1980,慌,1
1919,悦,4206,税,1
1920,您,435,凭,1
1920,您,1539,岱,1
1920,您,1817,忑,1
1920,您,1841,怂,1
1920,您,1893,息,1
1920,您,1916,悠,1
1920,您,3546,狞,1
1922,悬,2455,是,1
1922,悬,5096,莨,1
1923,悭,1914,悝,1
1924,悯,2680,桕,1
1926,悲,1251,妇,1
1926,悲,1638,帖,1
1926,悲,6709,韭,1
1927,悴,1826,忤,1
1927,悴,1847,怍,1
1927,悴,2299,摔,1
1927,悴,4414,粹,1
1928,悸,2263,揸,1
1928,悸,3375,炝,1
1929,悻,1979,慊,1
1929,悻,2700,梓,1
1930,悼,1826,忤,1
1930,悼,1861,怦,1
1930,悼,1878,恒,1
1930,悼,1908,悍,1
1930,悼,1929,悻,1
1930,悼,1958,惺,1
1930,悼,1965,愎,1
1930,悼,3414,烽,1
1931,情,1911,悖,1
1931,情,1932,惆,1
1931,情,1953,惰,1
1932,惆,1135,堌,1
1934,惊,1902,恽,1
1934,惊,1967,愔,1
1934,惊,2224,掠,1
1934,惊,2638,标,1
1934,惊,3567,猄,1
1935,惋,5390,蜿,1
1936,惑,1769,彧,1
1936,惑,1870,怼,1
1936,惑,1970,感,1
1936,惑,1996,憝,1
1937,惕,2566,杨,1
1937,惕,2665,桁,1
1937,惕,3451,熘,1
1937,惕,4282,笏,1
1937,惕,5386,蜴,1
1939,惚,6930,魉,1
1940,惜,1854,怙,1
1940,惜,1967,愔,1
1940,惜,2812,樯,1
1940,惜,3570,猎,1
1942,惟,1131,堆,1
1942,惟,1837,忾,1
1942,惟,1842,怃,1
1942,惟,1917,悢,1
1943,惠,1848,怎,1
1943,惠,1921,悫,1
1943,惠,1984,慝,1
1943,惠,1995,憖,1
1943,惠,2479,晦,1
1943,惠,2864,歪,1
1943,惠,3738,甚,1
1944,惦,1690,店,1
1945,惧,271,俱,1
1945,惧,382,具,1
1945,惧,1849,怏,1
1945,惧,1982,慑,1
1945,惧,3157,淇,1
1946,惨,640,参,1
1946,惨,2699,梏,1
1947,惩,1872,恁,1
1947,惩,4569,缙,1
1948,惫,1893,息,1
1948,惫,6935,鱼,1
1950,惭,2830,檄,1
1951,惮,776,咩,1
1951,惮,1087,垟,1
1951,惮,1861,怦,1
1951,惮,1929,悻,1
1951,惮,1933,惇,1
1951,惮,1979,慊,1
1951,惮,2239,掸,1
1951,惮,3427,焯,1
1951,惮,5069,荦,1
1952,惯,450,刂,1
1952,惯,2000,憬,1
1952,惯,2241,掼,1
1953,惰,2736,椅,1
1954,想,369,兢,1
1954,想,1062,坦,1
1954,想,1882,恝,1
1954,想,1896,恶,1
1954,想,2114,担,1
1954,想,2291,摁,1
1954,想,3934,相,1
1956,惶,1130,堂,1
1956,惶,2426,旯,1
1956,惶,2678,桓,1
1957,惹,3441,煮,1
1957,惹,4999,苣,1
1957,惹,5001,若,1
1958,惺,1855,怛,1
1958,惺,1902,恽,1
1958,惺,1956,惶,1
1958,惺,2193,捏,1
1958,惺,4831,腥,1
1959,愀,1950,惭,1
1960,愁,1996,憝,1
1960,愁,2378,整,1
1960,愁,3424,焚,1
1960,愁,4193,秭,1
1962,愈,1833,念,1
1962,愈,1858,怠,1
1963,愉,317,偷,1
1963,愉,2233,掭,1
1963,愉,5396,蝓,1
1964,愍,1989,慰,1
1966,意,1190,壹,1
1966,意,1761,彖,1
1966,意,1821,忘,1
1966,意,4265,竟,1
1966,意,5481,袁,1
1967,愔,36,临,1
1967,愔,1941,惝,1
1968,愕,4834,腭,1
1969,愚,1918,患,1
1969,愚,3288,漫,1
1969,愚,3754,男,1
1969,愚,4171,禺,1
1970,感,381,其,1
1970,感,785,咸,1
1970,感,1926,悲,1
1970,感,1947,惩,1
1970,感,1996,憝,1
1971,愠,6813,馈,1
1972,愣,1955,惴,1
1973,愤,1647,帧,1
1973,愤,1952,惯,1
1973,愤,1976,愫,1
1973,愤,5772,质,1
1974,愦,1973,愤,1
1974,愦,2757,楞,1
1975,愧,1864,怩,1
1975,愧,1919,悦,1
1975,愧,1935,惋,1
1975,愧,1939,惚,1
1976,愫,1934,惊,1
1977,愿,627,原,1
1977,愿,631,厦,1
1977,愿,1920,您,1
1977,愿,1970,感,1
1977,愿,1984,慝,1
1977,愿,6075,途,1
1978,慈,384,兹,1
1978,慈,1869,总,1
1978,慈,1884,恣,1
1980,慌,1149,塃,1
1980,慌,1976,愫,1
1980,慌,2811,横,1
1980,慌,5698,谎,1
1981,慎,1837,忾,1
1981,慎,2005,懊,1
1981,慎,2809,模,1
1981,慎,5695,谋,1
1982,慑,4870,臌,1
1983,慕,1170,墓,1
1983,慕,3897,皋,1
1983,慕,5015,茅,1
1983,慕,5241,蕊,1
1983,慕,5244,蕞,1
1984,慝,1895,恳,1
1985,慢,1353,嫚,1
1985,慢,1660,幔,1
1985,慢,1831,忮,1
1985,慢,1965,愎,1
1985,慢,3417,焌,1
1987,慧,580,卉,1
1987,慧,1918,患,1
1987,慧,1926,悲,1
1987,慧,2755,楚,1
1989,慰,1465,尉,1
1989,慰,1961,愆,1
1989,慰,5546,襞,1
1991,慷,4431,糠,1
1992,憋,1850,怒,1
1993,憎,1941,惝,1
1993,憎,5826,赠,1
1994,憔,1062,坦,1
1994,憔,1855,怛,1
1995,憖,1841,怂,1
1995,憖,1960,愁,1
1996,憝,1998,憨,1
1997,憧,2003,懂,1
1997,憧,6497,镱,1
1998,憨,1875,恋,1
1998,憨,1992,憋,1
1998,憨,1996,憝,1
1998,憨,1999,憩,1
1998,憨,7082,鹜,1
2003,懂,1958,惺,1
2003,懂,1980,慌,1
2003,懂,1997,憧,1
2003,懂,3863,瘥,1
2004,懈,1963,愉,1
2004,懈,3018,泄,1
2005,懊,912,嗅,1
2005,懊,975,噢,1
2005,懊,1945,惧,1
2005,懊,3468,燠,1
2008,懒,939,嗽,1
2010,懦,1990,慵,1
2010,懦,2827,橹,1
2010,懦,3453,熜,1
2010,懦,4871,臑,1
2010,懦,5548,襦,1
2010,懦,6672,靥,1
2014,戈,571,区,1
2014,戈,577,卅,1
2014,戈,1810,必,1
2014,戈,2016,戋,1
2014,戈,2053,扌,1
2014,戈,2540,术,1
2015,戊,161,伐,1
2015,戊,2014,戈,1
2015,戊,2021,成,1
2015,戊,2082,抄,1
2015,戊,2356,攻,1
2017,戌,2015,戊,1
2017,戌,2016,戋,1
2017,戌,2900,比,1
2018,戍,644,友,1
2018,戍,1818,忒,1
2019,戎,2017,戌,1
2019,戎,2020,戏,1
2019,戎,2022,我,1
2020,戏,1457,对,1
2020,戏,6783,饨,1
2021,成,1108,城,1
2021,成,2019,戎,1
2021,成,2027,战,1
2021,成,3745,甫,1
2022,我,2027,战,1
2022,我,3499,牝,1
2022,我,3616,玟,1
2022,我,5098,莪,1
2023,戒,2021,成,1
2023,戒,4597,缶,1
2025,或,60,乖,1
2025,或,1736,式,1
2025,或,2021,成,1
2025,或,2027,战,1
2025,或,5780,贰,1
2026,戗,465,创,1
2027,战,2014,戈,1
2027,战,4468,纯,1
2027,战,4891,舐,1
2028,戚,1296,威,1
2028,戚,2017,戌,1
2032,戢,796,哉,1
2035,截,330,催,1
2035,截,1118,域,1
2035,截,5782,贲,1
2039,戴,796,哉,1
2039,戴,5502,裁,1
2040,户,44,丿,1
2040,户,3786,疒,1
2043,房,1201,夜,1
2043,房,1697,庤,1
2043,房,5632,诊,1
2043,房,6617,隽,1
2044,所,115,仂,1
2044,所,150,价,1
2044,所,710,听,1
2044,所,1040,圻,1
2044,所,1198,外,1
2044,所,2026,戗,1
2044,所,2978,沂,1
2045,扁,1941,惝,1
2045,扁,5776,贬,1
2046,扃,1491,局,1
2048,扇,42,丽,1
2048,扇,1527,岗,1
2048,扇,1577,崩,1
2048,扇,2045,扁,1
2051,扊,3921,盔,1
2052,手,41,主,1
2052,手,54,乎,1
2052,手,81,于,1
2052,手,581,半,1
2052,手,1371,孑,1
2052,手,1384,季,1
2052,手,1403,守,1
2052,手,1456,寸,1
2052,手,1667,干,1
2052,手,2053,扌,1
2052,手,3498,牛,1
2053,扌,81,于,1
2053,扌,3609,玎,1
2054,才,1456,寸,1
2054,才,2053,扌,1
2054,才,3525,犭,1
2055,扎,2075,批,1
2056,扑,1038,圹,1
2056,扑,1054,坛,1
2056,扑,2137,拤,1
2057,扒,662,只,1
2057,扒,1037,圳,1
2057,扒,2055,扎,1
2058,打,2,丁,1
2058,打,459,划,1
2058,打,1038,圹,1
2058,打,2106,抹,1
2059,扔,1078,垆,1
2059,扔,1242,奶,1
2059,扔,1812,忉,1
2059,扔,2066,扪,1
2059,扔,2068,扬,1
2059,扔,2132,招,1
2059,扔,2595,枥,1
2060,托,48,乇,1
2060,托,1031,圪,1
2060,托,2055,扎,1
2060,托,2058,打,1
2060,托,2077,扼,1
2060,托,2093,抚,1
2060,托,2096,抠,1
2060,托,2560,杞,1
2061,扛,2055,扎,1
2061,扛,2113,拄,1
2061,扛,2539,札,1
2061,扛,2562,杠,1
2061,扛,4431,糠,1
2062,扣,2061,扛,1
2062,扣,2121,拍,1
2062,扣,2134,拟,1
2062,扣,2557,杓,1
2063,扦,2060,托,1
2063,扦,2076,扺,1
2063,扦,2101,抨,1
2063,扦,2112,拃,1
2063,扦,2120,拌,1
2063,扦,5600,讦,1
2064,执,2071,扯,1
2064,执,2076,扺,1
2064,执,2096,抠,1
2065,扩,1030,圩,1
2065,扩,2063,扦,1
2065,扩,2099,护,1
2065,扩,4938,节,1
2067,扫,2104,抱,1
2067,扫,2629,柯,1
2068,扬,2965,汤,1
2068,扬,3795,疡,1
2068,扬,6144,邶,1
2069,扭,2059,扔,1
2069,扭,2061,扛,1
2069,扭,2067,扫,1
2069,扭,2076,扺,1
2069,扭,2096,抠,1
2069,扭,2106,抹,1
2069,扭,2116,拇,1
2069,扭,4481,纽,1
2070,扮,2057,扒,1
2070,扮,2117,拈,1
2070,扮,2131,拚,1
2070,扮,2132,招,1
2070,扮,2243,揄,1
2070,扮,3721,瓣,1
2071,扯,1042,址,1
2071,扯,2084,把,1
2071,扯,2114,担,1
2071,扯,2124,拒,1
2072,扰,418,冼,1
2072,扰,1827,忧,1
2072,扰,2055,扎,1
2072,扰,2091,抗,1
2072,扰,3532,犹,1
2073,扳,1083,垓,1
2073,扳,2087,抓,1
2074,扶,1052,块,1
2074,扶,2095,抟,1
2074,扶,2130,拙,1
2074,扶,2137,拤,1
2074,扶,2587,林,1
2075,批,2062,扣,1
2075,批,2066,扪,1
2076,扺,1072,坻,1
2076,扺,2075,批,1
2076,扺,2105,抵,1
2076,扺,2110,抿,1
2077,扼,724,呃,1
2077,扼,2084,把,1
2077,扼,2124,拒,1
2078,找,559,北,1
2078,找,1077,垅,1
2078,找,2022,我,1
2078,找,2158,指,1
2079,承,410,冰,1
2079,承,420,净,1
2079,承,1054,坛,1
2079,承,1767,彤,1
2079,承,2944,永,1
2079,承,3746,甬,1
2079,承,4008,矛,1
2079,承,5744,豕,1
2079,承,6089,逯,1
2080,技,1380,孜,1
2080,技,2073,扳,1
2080,技,2089,投,1
2080,技,2095,抟,1
2082,抄,2059,扔,1
2082,抄,2092,折,1
2083,抉,583,协,1
2083,抉,1052,块,1
2083,抉,2064,执,1
2083,抉,2168,挟,1
2083,抉,2182,挺,1
2084,把,1034,圮,1
2084,把,1036,地,1
2084,把,2104,抱,1
2086,抒,2065,扩,1
2086,抒,2108,押,1
2086,抒,2123,拐,1
2086,抒,2127,拖,1
2086,抒,2175,挦,1
2086,抒,2189,捋,1
2087,抓,1049,坏,1
2087,抓,2088,抔,1
2087,抓,2091,抗,1
2087,抓,2136,拣,1
2089,投,1913,悛,1
2089,投,2118,拉,1
2089,投,2188,捉,1
2089,投,2224,掠,1
2089,投,2603,枳,1
2090,抖,2107,抻,1
2090,抖,2120,拌,1
2091,抗,1051,坑,1
2091,抗,2061,扛,1
2091,抗,2093,抚,1
2091,抗,2118,拉,1
2091,抗,2143,括,1
2091,抗,2569,杭,1
2091,抗,2578,松,1
2091,抗,2661,格,1
2091,抗,4685,耠,1
2092,折,1835,忻,1
2092,折,2063,扦,1
2092,折,2076,扺,1
2092,折,2140,拧,1
2093,抚,730,呒,1
2093,抚,2060,托,1
2093,抚,2076,扺,1
2094,抛,1069,坳,1
2094,抛,2127,拖,1
2096,抠,1034,圮,1
2096,抠,2084,把,1
2096,抠,2124,拒,1
2096,抠,2135,拢,1
2097,抡,2103,抬,1
2097,抡,2104,抱,1
2097,抡,2127,拖,1
2097,抡,2154,拾,1
2097,抡,2608,柁,1
2098,抢,610,卷,1
2098,抢,1383,孢,1
2098,抢,2055,扎,1
2098,抢,2104,抱,1
2098,抢,2124,拒,1
2098,抢,2127,拖,1
2098,抢,2230,掩,1
2098,抢,2598,枪,1
2099,护,2090,抖,1
2099,护,2101,抨,1
2099,护,2112,拃,1
2099,护,2172,挣,1
2099,护,2643,栌,1
2099,护,6839,驴,1
2100,报,1060,坡,1
2100,报,2099,护,1
2100,报,2104,抱,1
2100,报,2526,服,1
2100,报,2580,极,1
2101,抨,1065,坪,1
2101,抨,2063,扦,1
2101,抨,2076,扺,1
2101,抨,2090,抖,1
2101,抨,2142,择,1
2101,抨,2174,挥,1
2101,抨,2203,捭,1
2101,抨,7039,鸪,1
2102,披,2100,报,1
2102,披,2117,拈,1
2102,披,2211,掀,1
2103,抬,2091,抗,1
2103,抬,2117,拈,1
2103,抬,2122,拎,1
2103,抬,2143,括,1
2103,抬,2154,拾,1
2103,抬,2194,捐,1
2103,抬,2216,掊,1
2103,抬,2685,桤,1
2103,抬,2699,梏,1
2104,抱,175,伧,1
2104,抱,2097,抡,1
2104,抱,3806,疱,1
2105,抵,1073,坼,1
2105,抵,1688,底,1
2105,抵,2092,折,1
2105,抵,3556,狱,1
2106,抹,2137,拤,1
2106,抹,2168,挟,1
2106,抹,2587,林,1
2106,抹,2712,梾,1
2106,抹,3068,洣,1
2108,押,2063,扦,1
2108,押,2191,捍,1
2108,押,3540,狎,1
2109,抽,1064,坩,1
2109,抽,2116,拇,1
2109,抽,3511,牺,1
2110,抿,1304,娌,1
2110,抿,1777,彷,1
2110,抿,2077,扼,1
2110,抿,2596,枧,1
2111,拂,2107,抻,1
2111,拂,2168,挟,1
2111,拂,2192,捎,1
2111,拂,3542,狒,1
2113,拄,1865,怪,1
2113,拄,2229,推,1
2113,拄,2631,柱,1
2114,担,2188,捉,1
2114,担,6046,迥,1
2115,拆,411,冱,1
2115,拆,1073,坼,1
2115,拆,2062,扣,1
2115,拆,2073,扳,1
2115,拆,2140,拧,1
2116,拇,1070,坶,1
2117,拈,1859,怡,1
2117,拈,2145,拮,1
2117,拈,2158,指,1
2117,拈,2584,枋,1
2117,拈,3507,牯,1
2117,拈,3533,狁,1
2117,拈,6568,阽,1
2118,拉,141,仨,1
2118,拉,2113,拄,1
2118,拉,2122,拎,1
2120,拌,181,伴,1
2120,拌,581,半,1
2120,拌,2106,抹,1
2120,拌,6056,迷,1
2121,拍,2062,扣,1
2121,拍,2064,执,1
2121,拍,2186,捅,1
2122,拎,1837,忾,1
2122,拎,2061,扛,1
2122,拎,2149,拴,1
2122,拎,3566,猃,1
2122,拎,5985,辁,1
2123,拐,2181,挹,1
2123,拐,2189,捋,1
2123,拐,2190,捌,1
2123,拐,2603,枳,1
2124,拒,565,匡,1
2124,拒,2084,把,1
2124,拒,2096,抠,1
2124,拒,2104,抱,1
2124,拒,2112,拃,1
2124,拒,2139,拦,1
2124,拒,3539,狍,1
2125,拓,1055,坜,1
2125,拓,2059,扔,1
2125,拓,2073,扳,1
2125,拓,2091,抗,1
2125,拓,2185,捃,1
2125,拓,2220,掐,1
2125,拓,2618,柘,1
2126,拔,2073,扳,1
2126,拔,2102,披,1
2126,拔,2117,拈,1
2127,拖,2104,抱,1
2127,拖,2131,拚,1
2128,拗,2134,拟,1
2128,拗,2266,揿,1
2129,拘,1044,均,1
2129,拘,2218,掎,1
2130,拙,69,书,1
2130,拙,1036,地,1
2130,拙,2075,批,1
2130,拙,2095,抟,1
2130,拙,3658,琎,1
2132,招,2059,扔,1
2132,招,2121,拍,1
2133,拜,57,乒,1
2133,拜,3611,玕,1
2133,拜,6134,邦,1
2134,拟,2059,扔,1
2134,拟,2066,扪,1
2134,拟,2075,批,1
2134,拟,2592,枞,1
2135,拢,2093,抚,1
2135,拢,2641,栊,1
2135,拢,5098,莪,1
2136,拣,2106,抹,1
2136,拣,2118,拉,1
2136,拣,2233,掭,1
2136,拣,2269,搂,1
2136,拣,2273,搏,1
2136,拣,2642,栋,1
2136,拣,2644,栎,1
2137,拤,2074,扶,1
2138,拥,2085,抑,1
2138,拥,2108,押,1
2138,拥,2116,拇,1
2138,拥,6329,钿,1
2139,拦,2645,栏,1
2139,拦,2685,桤,1
2140,拧,769,咛,1
2140,拧,1032,圬,1
2140,拧,1246,妁,1
2140,拧,2070,扮,1
2140,拧,2112,拃,1
2140,拧,2439,昉,1
2140,拧,2551,杉,1
2140,拧,2624,柠,1
2140,拧,3498,牛,1
2141,拨,2089,投,1
2142,择,1861,怦,1
2142,择,2101,抨,1
2142,择,2110,抿,1
2142,择,2189,捋,1
2142,择,2730,棵,1
2142,择,6616,隼,1
2143,括,1090,垢,1
2143,括,2081,抃,1
2143,括,2095,抟,1
2143,括,2112,拃,1
2143,括,2115,拆,1
2143,括,2154,拾,1
2143,括,2589,枚,1
2144,拭,2090,抖,1
2144,拭,2708,械,1
2146,拯,1068,坯,1
2146,拯,2067,扫,1
2146,拯,2086,抒,1
2146,拯,2130,拙,1
2146,拯,2678,桓,1
2147,拱,232,供,1
2147,拱,2095,抟,1
2147,拱,2137,拤,1
2147,拱,2139,拦,1
2147,拱,2305,摸,1
2147,拱,3517,犊,1
2148,拳,478,券,1
2148,拳,2673,桊,1
2148,拳,5082,荼,1
2149,拴,2098,抢,1
2149,拴,2118,拉,1
2149,拴,2157,挂,1
2149,拴,2178,挫,1
2149,拴,2193,捏,1
2149,拴,2198,捡,1
2149,拴,2229,推,1
2149,拴,3558,狳,1
2149,拴,5985,辁,1
2151,拷,2060,托,1
2151,拷,2086,抒,1
2151,拷,2143,括,1
2151,拷,2145,拮,1
2151,拷,2171,挢,1
2151,拷,2207,捶,1
2151,拷,2216,掊,1
2151,拷,2240,掺,1
2151,拷,2286,搭,1
2151,拷,2656,栲,1
2151,拷,2692,桴,1
2151,拷,4669,考,1
2152,拼,2116,拇,1
2152,拼,2123,拐,1
2152,拼,2278,搛,1
2153,拽,2130,拙,1
2154,拾,1173,增,1
2154,拾,2112,拃,1
2154,拾,2122,拎,1
2154,拾,2140,拧,1
2154,拾,2578,松,1
2154,拾,5500,袷,1
2155,拿,1860,急,1
2156,持,2157,挂,1
2156,持,2189,捋,1
2156,持,3826,痔,1
2156,持,6564,阵,1
2157,挂,1899,恺,1
2157,挂,2106,抹,1
2157,挂,2118,拉,1
2157,挂,2139,拦,1
2157,挂,3772,畦,1
2158,指,889,喈,1
2158,指,1064,坩,1
2158,指,1380,孜,1
2158,指,2121,拍,1
2158,指,2145,拮,1
2158,指,2156,持,1
2158,指,2192,捎,1
2158,指,2194,捐,1
2158,指,2197,损,1
2158,指,2247,揎,1
2158,指,2265,揾,1
2158,指,5849,趟,1
2159,挈,2164,挚,1
2160,按,1256,妓,1
2160,按,2102,披,1
2160,按,2227,接,1
2160,按,2279,搜,1
2160,按,3510,特,1
2161,挎,1216,夸,1
2161,挎,2058,打,1
2161,挎,2218,掎,1
2162,挑,1284,姚,1
2162,挑,2221,排,1
2162,挑,3536,狄,1
2163,挖,2196,捞,1
2163,挖,2216,掊,1
2163,挖,5661,诧,1
2164,挚,2178,挫,1
2164,挚,2180,挲,1
2164,挚,4444,絷,1
2165,挛,99,亨,1
2165,挛,651,变,1
2165,挛,2663,栾,1
2166,挝,358,兆,1
2166,挝,2094,抛,1
2166,挝,2134,拟,1
2166,挝,2206,捱,1
2167,挞,2055,扎,1
2167,挞,2166,挝,1
2167,挞,2601,枯,1
2168,挟,2179,振,1
2168,挟,2199,换,1
2168,挟,2246,揍,1
2168,挟,2288,携,1
2168,挟,3824,痍,1
2168,挟,4134,祆,1
2169,挠,418,冼,1
2169,挠,4801,脑,1
2170,挡,2157,挂,1
2171,挢,2173,挤,1
2172,挣,2101,抨,1
2172,挣,2142,择,1
2172,挣,2164,挚,1
2172,挣,3555,狰,1
2173,挤,2131,拚,1
2173,挤,2661,格,1
2173,挤,5890,跻,1
2174,挥,2136,拣,1
2174,挥,2203,捭,1
2174,挥,2207,捶,1
2174,挥,2225,探,1
2174,挥,2299,摔,1
2174,挥,2658,样,1
2174,挥,3577,猝,1
2175,挦,2156,持,1
2176,挨,2147,拱,1
2176,挨,2333,操,1
2176,挨,2706,梭,1
2176,挨,2715,棂,1
2177,挪,2107,抻,1
2177,挪,2285,搬,1
2178,挫,598,卤,1
2178,挫,2157,挂,1
2178,挫,6413,错,1
2179,振,2088,抔,1
2179,振,2110,抿,1
2179,振,2272,搌,1
2180,挲,5514,裟,1
2181,挹,1102,垴,1
2181,挹,2251,揖,1
2181,挹,2265,揾,1
2182,挺,2089,投,1
2182,挺,2696,梃,1
2182,挺,3651,珽,1
2183,挽,205,佟,1
2183,挽,1048,坎,1
2183,挽,1136,堍,1
2183,挽,1313,娩,1
2183,挽,2091,抗,1
2183,挽,2176,挨,1
2183,挽,2743,椟,1
2184,捂,1032,圬,1
2184,捂,2124,拒,1
2184,捂,2175,挦,1
2184,捂,2185,捃,1
2184,捂,2216,掊,1
2184,捂,2252,揞,1
2184,捂,3512,牾,1
2184,捂,3562,狺,1
2184,捂,5088,莒,1
2185,捃,2184,捂,1
2185,捃,2204,据,1
2186,捅,2138,拥,1
2186,捅,2158,指,1
2186,捅,2298,摒,1
2186,捅,2758,楠,1
2187,捆,1904,悃,1
2187,捆,2119,拊,1
2188,捉,247,促,1
2188,捉,376,兰,1
2188,捉,2071,扯,1
2188,捉,2083,抉,1
2188,捉,2112,拃,1
2188,捉,2147,拱,1
2188,捉,2208,捷,1
2188,捉,2249,提,1
2188,捉,5138,萁,1
2189,捋,2245,揉,1
2189,捋,2692,桴,1
2189,捋,4810,脬,1
2190,捌,2131,拚,1
2190,捌,2205,捯,1
2190,捌,5848,趔,1
2191,捍,1908,悍,1
2191,捍,2120,拌,1
2191,捍,2142,择,1
2191,捍,2157,挂,1
2192,捎,2121,拍,1
2192,捎,2171,挢,1
2192,捎,2248,描,1
2193,捏,2120,拌,1
2193,捏,2174,挥,1
2193,捏,2249,提,1
2193,捏,6390,锂,1
2194,捐,2158,指,1
2194,捐,2197,损,1
2194,捐,2258,揭,1
2194,捐,2761,楫,1
2194,捐,3206,湄,1
2194,捐,3560,狷,1
2195,捕,2192,捎,1
2195,捕,2250,插,1
2196,捞,943,嘈,1
2196,捞,2111,拂,1
2196,捞,2186,捅,1
2196,捞,2248,描,1
2196,捞,2275,搒,1
2196,捞,4686,耢,1
2197,损,2251,揖,1
2197,损,2683,桢,1
2197,损,3673,琰,1
2197,损,6714,顶,1
2198,捡,2095,抟,1
2198,捡,2114,担,1
2198,捡,2139,拦,1
2198,捡,2247,揎,1
2198,捡,4331,简,1
2199,换,1105,埃,1
2199,换,2124,拒,1
2199,换,2134,拟,1
2199,换,2160,按,1
2199,换,2183,挽,1
2199,换,2197,损,1
2200,捣,2116,拇,1
2200,捣,7040,鸫,1
2200,捣,7051,鸷,1
2201,捧,2185,捃,1
2203,捭,1120,埤,1
2203,捭,2239,掸,1
2204,据,2110,抿,1
2204,据,2124,拒,1
2204,据,2143,括,1
2204,据,2740,椐,1
2205,捯,2190,捌,1
2207,捶,2095,抟,1
2207,捶,2112,拃,1
2207,捶,2178,挫,1
2207,捶,2250,插,1
2207,捶,2340,擢,1
2207,捶,2710,梵,1
2207,捶,2728,棰,1
2207,捶,3508,牲,1
2209,捺,2149,拴,1
2209,捺,2308,摽,1
2209,捺,2320,撩,1
2209,捺,3558,狳,1
2211,掀,2100,报,1
2211,掀,2128,拗,1
2211,掀,2266,揿,1
2211,掀,2364,救,1
2212,掂,2117,拈,1
2214,授,650,受,1
2214,授,2089,投,1
2214,授,2224,掠,1
2215,掉,2076,扺,1
2215,掉,2089,投,1
2215,掉,2142,择,1
2215,掉,2203,捭,1
2215,掉,2239,掸,1
2215,掉,2299,摔,1
2215,掉,3577,猝,1
2215,掉,5052,草,1
2216,掊,2252,揞,1
2217,掌,1402,宇,1
2217,掌,1683,序,1
2217,掌,2155,拿,1
2217,掌,2180,挲,1
2217,掌,2723,棠,1
2217,掌,3497,牚,1
2217,掌,4232,穿,1
2217,掌,4439,索,1
2218,掎,1113,埗,1
2218,掎,2161,挎,1
2219,掏,2129,拘,1
2219,掏,2232,掬,1
2219,掏,3407,烫,1
2219,掏,4539,绹,1
2220,掐,1852,怕,1
2220,掐,2117,拈,1
2220,掐,2200,捣,1
2220,掐,2250,插,1
2220,掐,2680,桕,1
2223,掘,2087,抓,1
2223,掘,2254,握,1
2223,掘,2296,摈,1
2224,掠,1245,好,1
2224,掠,2089,投,1
2224,掠,2245,揉,1
2224,掠,2567,杩,1
2224,掠,2638,标,1
2224,掠,2735,椁,1
2224,掠,2737,椋,1
2224,掠,5996,辌,1
2225,探,809,哚,1
2225,探,2106,抹,1
2225,探,2191,捍,1
2225,探,2224,掠,1
2225,探,2244,揆,1
2225,探,2245,揉,1
2225,探,2301,摞,1
2227,接,1250,妆,1
2227,接,2160,按,1
2227,接,2214,授,1
2227,接,2252,揞,1
2227,接,2672,桉,1
2228,控,1350,嫔,1
2228,控,2118,拉,1
2228,控,2565,杧,1
2228,控,5982,轾,1
2229,推,2103,抬,1
2229,推,2113,拄,1
2229,推,2206,捱,1
2230,掩,1122,埯,1
2230,掩,2163,挖,1
2231,措,1175,墦,1
2231,措,2145,拮,1
2231,措,2151,拷,1
2231,措,2178,挫,1
2231,措,2185,捃,1
2231,措,2194,捐,1
2231,措,2249,提,1
2232,掬,2116,拇,1
2234,掮,2194,捐,1
2236,掳,2293,摅,1
2239,掸,1104,埂,1
2239,掸,2107,抻,1
2239,掸,2203,捭,1
2239,掸,2215,掉,1
2239,掸,2255,揣,1
2239,掸,2317,撙,1
2240,掺,640,参,1
2240,掺,2082,抄,1
2240,掺,2151,拷,1
2240,掺,5976,轸,1
2245,揉,1173,增,1
2245,揉,2184,捂,1
2245,揉,2207,捶,1
2245,揉,2278,搛,1
2245,揉,2282,搡,1
2245,揉,4419,糅,1
2245,揉,4653,翚,1
2246,揍,4186,租,1
2247,揎,2332,擅,1
2248,描,2192,捎,1
2248,描,2197,损,1
2248,描,2219,掏,1
2248,描,3584,猫,1
2249,提,1945,惧,1
2249,提,2175,挦,1
2249,提,2265,揾,1
2249,提,5994,辊,1
2250,插,1958,惺,1
2250,插,2220,掐,1
2251,揖,2218,掎,1
2251,揖,2252,揞,1
2251,揖,2761,楫,1
2252,揞,2158,指,1
2254,握,2185,捃,1
2254,握,2202,捩,1
2254,握,2204,据,1
2254,握,3599,獠,1
2254,握,6963,鲞,1
2255,揣,241,侪,1
2255,揣,2186,捅,1
2255,揣,2265,揾,1
2256,揩,2158,指,1
2256,揩,2220,掐,1
2256,揩,2231,措,1
2256,揩,2248,描,1
2256,揩,2307,摺,1
2256,揩,4399,粕,1
2257,揪,1,一,1
2258,揭,2123,拐,1
2258,揭,2200,捣,1
2258,揭,2265,揾,1
2258,揭,2516,曷,1
2258,揭,2557,杓,1
2259,揲,1141,堞,1
2261,援,1338,媛,1
2261,援,2227,接,1
2261,援,3694,瑷,1
2262,揶,2316,撖,1
2266,揿,2177,挪,1
2267,搀,2183,挽,1
2267,搀,2210,捻,1
2268,搁,2066,扪,1
2268,搁,2121,拍,1
2269,搂,2095,抟,1
2269,搂,2111,拂,1
2269,搂,2227,接,1
2269,搂,2711,梽,1
2269,搂,2768,楼,1
2270,搅,2183,挽,1
2270,搅,2197,损,1
2270,搅,2276,搓,1
2272,搌,2776,榍,1
2273,搏,2107,抻,1
2273,搏,2116,拇,1
2273,搏,2156,持,1
2273,搏,2317,撙,1
2274,搐,2255,揣,1
2275,搒,2284,搪,1
2275,搒,2781,榜,1
2276,搓,1153,塍,1
2276,搓,2112,拃,1
2276,搓,2139,拦,1
2276,搓,2185,捃,1
2276,搓,2231,措,1
2276,搓,3863,瘥,1
2279,搜,1104,埂,1
2279,搜,1142,堠,1
2279,搜,2095,抟,1
2279,搜,2260,揳,1
2279,搜,3513,牿,1
2280,搞,2234,掮,1
2280,搞,2331,擂,1
2280,搞,2635,柿,1
2280,搞,3521,犒,1
2280,搞,4219,稿,1
2282,搡,2225,探,1
2284,搪,255,俗,1
2284,搪,833,唐,1
2284,搪,1156,塘,1
2284,搪,2141,拨,1
2284,搪,2212,掂,1
2284,搪,2271,搋,1
2284,搪,2278,搛,1
2284,搪,3691,瑭,1
2285,搬,3333,濉,1
2285,搬,4431,糠,1
2286,搭,1108,城,1
2286,搭,1155,塔,1
2286,搭,2139,拦,1
2286,搭,2151,拷,1
2286,搭,2218,掎,1
2286,搭,2289,搽,1
2286,搭,6024,达,1
2288,携,2665,桁,1
2288,携,2798,槜,1
2288,携,6135,邪,1
2289,搽,2136,拣,1
2289,搽,2233,掭,1
2289,搽,2712,梾,1
2290,搿,2235,掰,1
2290,搿,3572,猕,1
2293,摅,2329,撼,1
2293,摅,5833,赪,1
2294,摆,2123,拐,1
2294,摆,2291,摁,1
2294,摆,4424,糍,1
2295,摇,2149,拴,1
2295,摇,2275,搒,1
2295,摇,2688,桧,1
2295,摇,3879,癌,1
2296,摈,2073,扳,1
2296,摈,2228,控,1
2296,摈,2260,揳,1
2296,摈,3518,犋,1
2297,摊,2654,栩,1
2299,摔,1662,幛,1
2299,摔,1927,悴,1
2299,摔,2101,抨,1
2299,摔,2118,拉,1
2299,摔,2175,挦,1
2299,摔,2275,搒,1
2299,摔,2330,擀,1
2299,摔,3405,烨,1
2300,摘,2186,捅,1
2300,摘,2248,描,1
2300,摘,2255,揣,1
2300,摘,5725,谪,1
2301,摞,2282,搡,1
2301,摞,2291,摁,1
2302,摧,2163,挖,1
2302,摧,2229,推,1
2302,摧,3129,涔,1
2302,摧,3696,璀,1
2303,摩,103,亭,1
2303,摩,1697,庤,1
2303,摩,1705,康,1
2303,摩,2338,擘,1
2303,摩,4113,磨,1
2303,摩,6634,雩,1
2305,摸,1388,孩,1
2305,摸,2168,挟,1
2305,摸,2248,描,1
2305,摸,2341,擤,1
2305,摸,3595,獏,1
2306,摹,629,厣,1
2306,摹,5180,葺,1
2306,摹,5217,蓦,1
2311,撅,2822,橛,1
2312,撇,2316,撖,1
2312,撇,2319,撤,1
2313,撑,1902,恽,1
2313,撑,2113,拄,1
2313,撑,2218,掎,1
2313,撑,2273,搏,1
2313,撑,2308,摽,1
2313,撑,2328,撺,1
2313,撑,2775,榉,1
2313,撑,2807,樘,1
2313,撑,6463,镎,1
2314,撒,2326,撷,1
2314,撒,2372,散,1
2315,撕,3319,澌,1
2316,撖,2319,撤,1
2318,撞,2139,拦,1
2318,撞,2175,挦,1
2318,撞,2232,掬,1
2318,撞,2240,掺,1
2318,撞,2252,揞,1
2318,撞,2341,擤,1
2319,撤,2119,拊,1
2319,撤,2312,撇,1
2319,撤,3572,猕,1
2319,撤,6009,辙,1
2320,撩,2282,搡,1
2320,撩,3599,獠,1
2322,播,1664,幡,1
2322,播,2250,插,1
2322,播,2274,搐,1
2322,播,2331,擂,1
2323,撮,1165,境,1
2323,撮,2251,揖,1
2323,撮,2276,搓,1
2323,撮,2316,撖,1
2324,撰,2244,揆,1
2324,撰,2310,撄,1
2325,撵,2174,挥,1
2325,撵,3276,滹,1
2325,撵,3302,潜,1
2327,撸,2827,橹,1
2328,撺,2299,摔,1
2329,撼,2291,摁,1
2331,擂,4442,累,1
2331,擂,4725,肋,1
2332,擅,1365,嬗,1
2332,擅,2113,拄,1
2332,擅,2253,揠,1
2332,擅,2318,撞,1
2332,擅,2344,攉,1
2333,操,2239,掸,1
2333,操,2245,揉,1
2333,操,2259,揲,1
2333,操,2773,榇,1
2333,操,3469,燥,1
2333,操,3713,璪,1
2334,擎,2159,挈,1
2334,擎,2835,檠,1
2334,擎,5051,荇,1
2334,擎,5239,蕈,1
2336,擒,1128,埽,1
2336,擒,1149,塃,1
2336,擒,4388,籀,1
2336,擒,5425,螭,1
2338,擘,1364,嬖,1
2338,擘,2834,檗,1
2338,擘,6271,鐾,1
2339,擞,2073,扳,1
2339,擞,3701,璈,1
2342,擦,2224,掠,1
2342,擦,2228,控,1
2342,擦,2282,搡,1
2342,擦,4221,穄,1
2343,攀,2785,榭,1
2344,攉,2331,擂,1
2345,攒,1647,帧,1
2345,攒,2241,掼,1
2345,攒,3715,瓒,1
2346,攘,2216,掊,1
2346,攘,2261,援,1
2346,攘,2786,榱,1
2350,支,646,反,1
2350,支,657,古,1
2350,支,1721,廴,1
2350,支,3184,渎,1
2350,支,5836,走,1
2351,攴,4936,艾,1
2353,收,1250,妆,1
2353,收,3353,火,1
2353,收,3504,牧,1
2353,收,4480,纻,1
2353,收,4749,肷,1
2353,收,5311,蚊,1
2355,改,1606,巛,1
2355,改,2357,放,1
2355,改,3612,玖,1
2355,改,5601,讧,1
2355,改,5607,议,1
2355,改,5612,讴,1
2355,改,5618,论,1
2356,攻,1041,圾,1
2356,攻,2073,扳,1
2356,攻,2355,改,1
2356,攻,2358,政,1
2356,攻,2971,汲,1
2356,攻,3616,玟,1
2356,攻,4936,艾,1
2357,放,1745,弥,1
2357,放,1806,徼,1
2357,放,2359,故,1
2357,放,2363,敏,1
2357,放,2966,汨,1
2357,放,4462,纨,1
2357,放,4478,纹,1
2357,放,5607,议,1
2357,放,7031,鸡,1
2358,政,2355,改,1
2358,政,2365,敕,1
2358,政,2887,殴,1
2358,政,2995,没,1
2358,政,3612,玖,1
2358,政,3623,玫,1
2358,政,5018,茈,1
2358,政,5853,趴,1
2359,故,118,仅,1
2359,故,1048,坎,1
2359,故,2073,扳,1
2359,故,2370,敞,1
2359,故,2843,欣,1
2359,故,4023,矽,1
2359,故,4031,砍,1
2359,故,5607,议,1
2359,故,6131,邡,1
2360,效,2357,放,1
2360,效,2868,殁,1
2360,效,2952,汉,1
2360,效,4280,笊,1
2360,效,6130,邝,1
2360,效,6838,驳,1
2361,敉,4404,粞,1
2362,敌,72,乱,1
2362,敌,118,仅,1
2362,敌,2357,放,1
2362,敌,3504,牧,1
2362,敌,3898,皎,1
2362,敌,4023,矽,1
2363,敏,1574,崤,1
2363,敏,3898,皎,1
2363,敏,5859,趿,1
2363,敏,6961,鲛,1
2364,救,2073,扳,1
2364,救,2317,撙,1
2364,救,2358,政,1
2364,救,2362,敌,1
2364,救,2367,教,1
2364,救,2580,极,1
2364,救,2775,榉,1
2366,敖,2379,敷,1
2366,敖,6301,钣,1
2367,教,1380,孜,1
2367,教,2851,款,1
2367,教,4671,者,1
2368,敛,2954,汐,1
2368,敛,3298,潋,1
2368,敛,4461,级,1
2369,敝,2361,敉,1
2369,敝,2606,枷,1
2370,敞,2849,欹,1
2370,敞,3762,畋,1
2371,敢,648,叔,1
2371,敢,2362,敌,1
2371,敢,2365,敕,1
2371,敢,2367,教,1
2371,敢,3791,疚,1
2371,敢,4879,致,1
2372,散,653,叛,1
2372,散,2367,教,1
2372,散,2370,敞,1
2372,散,2376,数,1
2372,散,3896,皈,1
2372,散,5093,莜,1
2373,敦,2367,教,1
2373,敦,2400,新,1
2373,敦,4478,纹,1
2375,敬,1043,坂,1
2375,敬,2363,敏,1
2375,敬,2371,敢,1
2375,敬,2372,散,1
2375,敬,2844,欤,1
2375,敬,5114,菂,1
2375,敬,5866,跏,1
2376,数,1317,娶,1
2376,数,2080,技,1
2376,数,2361,敉,1
2376,数,2366,敖,1
2376,数,2580,极,1
2376,数,5831,赦,1
2377,敲,1644,帝,1
2377,敲,2857,歙,1
2377,敲,2893,毅,1
2378,整,1762,彗,1
2378,整,1954,想,1
2378,整,1992,憋,1
2378,整,2755,楚,1
2378,整,4983,苍,1
2379,敷,1296,威,1
2379,敷,2374,敫,1
2379,敷,2850,欺,1
2379,敷,5233,蔹,1
2380,文,5,丈,1
2380,文,47,久,1
2380,文,95,交,1
2380,文,1197,夕,1
2380,文,1372,孓,1
2380,文,1721,廴,1
2380,文,2351,攴,1
2380,文,3481,父,1
2380,文,4172,离,1
2380,文,6021,辶,1
2381,斋,3415,焉,1
2381,斋,4172,离,1
2381,斋,4437,紊,1
2381,斋,4974,芽,1
2382,斌,1289,姥,1
2382,斌,5807,赋,1
2384,斑,5609,记,1
2386,斗,32,丬,1
2386,斗,2947,汁,1
2386,斗,4696,耳,1
2387,料,2090,抖,1
2387,料,4182,科,1
2389,斜,4464,纪,1
2389,斜,4756,胁,1
2389,斜,6311,钭,1
2391,斟,2399,斯,1
2392,斡,2879,殓,1
2393,斤,4,万,1
2393,斤,116,仃,1
2393,斤,1776,彳,1
2393,斤,4458,纤,1
2394,斥,53,乍,1
2394,斥,591,卜,1
2394,斥,601,卩,1
2394,斥,646,反,1
2394,斥,2081,抃,1
2396,斩,1254,妍,1
2396,斩,2060,托,1
2396,斩,6839,驴,1
2397,斫,4058,砾,1
2398,断,445,凼,1
2398,断,607,即,1
2399,斯,541,勘,1
2399,斯,2446,昕,1
2399,斯,5116,菇,1
2399,斯,6033,近,1
2400,新,5969,轱,1
2401,方,4,万,1
2401,方,82,亏,1
2401,方,85,亓,1
2401,方,1371,孑,1
2401,方,1612,左,1
2401,方,1683,序,1
2401,方,1738,弓,1
2401,方,1821,忘,1
2403,施,2411,旎,1
2403,施,4512,绝,1
2403,施,4562,缒,1
2403,施,6923,魂,1
2404,旁,1428,宰,1
2404,旁,1644,帝,1
2404,旁,1751,弯,1
2404,旁,1768,彦,1
2404,旁,2928,氛,1
2404,旁,6262,銮,1
2405,旃,4908,舱,1
2406,旄,2410,旌,1
2406,旄,4108,磋,1
2407,旅,2412,族,1
2407,旅,3085,派,1
2407,旅,3400,烝,1
2407,旅,4077,硷,1
2407,旅,4112,磙,1
2407,旅,5120,菔,1
2407,旅,6855,骅,1
2409,旋,2407,旅,1
2409,旋,2415,旗,1
2409,旋,3030,泛,1
2409,旋,3360,灸,1
2409,旋,3700,璇,1
2409,旋,5834,赫,1
2409,旋,6568,阽,1
2409,旋,6774,飨,1
2411,旎,2669,桅,1
2411,旎,4794,脆,1
2412,族,1300,娆,1
2412,族,2410,旌,1
2412,族,3131,涘,1
2412,族,3184,渎,1
2412,族,4191,秩,1
2412,族,5489,袒,1
2412,族,5641,诓,1
2413,旒,2709,梳,1
2415,旗,3126,涎,1
2415,旗,4096,碰,1
2415,旗,4579,缤,1
2416,无,134,仝,1
2416,无,1476,尢,1
2417,既,3635,珉,1
2417,既,3949,眠,1
2417,既,5317,蚜,1
2417,既,6557,阢,1
2418,日,390,冂,1
2418,日,433,凤,1
2418,日,571,区,1
2418,日,999,囗,1
2418,日,1374,孕,1
2418,日,3890,白,1
2418,日,3929,目,1
2419,旦,84,互,1
2419,旦,88,亘,1
2419,旦,139,令,1
2419,旦,4453,纟,1
2420,旧,1003,回,1
2420,旧,3056,洄,1
2421,旨,4727,肓,1
2422,早,579,午,1
2422,早,2901,毕,1
2422,早,3751,甲,1
2423,旬,216,佴,1
2423,旬,549,勿,1
2423,旬,1003,回,1
2423,旬,3079,洵,1
2423,旬,5656,询,1
2423,旬,6515,间,1
2424,旭,156,伊,1
2425,旮,1002,囝,1
2425,旮,4796,脊,1
2426,旯,2464,晃,1
2427,旰,3931,盱,1
2428,旱,659,另,1
2428,旱,726,呈,1
2429,旴,680,吁,1
2430,时,132,付,1
2430,时,666,叮,1
2430,时,673,叶,1
2430,时,762,咐,1
2430,时,1114,埘,1
2430,时,1457,对,1
2430,时,1819,忖,1
2430,时,2442,明,1
2430,时,6505,闩,1
2431,旷,1038,圹,1
2431,旷,3940,眇,1
2431,旷,4733,肝,1
2432,旸,3614,玚,1
2432,旸,4735,肠,1
2433,旺,693,吒,1
2433,旺,2418,日,1
2433,旺,2427,旰,1
2433,旺,2429,旴,1
2433,旺,3638,珏,1
2433,旺,3945,眍,1
2433,旺,3952,眨,1
2433,旺,5802,赆,1
2434,旻,2467,晏,1
2435,昀,861,啕,1
2435,昀,2432,旸,1
2435,昀,2442,明,1
2436,昂,753,命,1
2436,昂,2441,昌,1
2436,昂,3358,灵,1
2436,昂,4305,筇,1
2438,昆,432,凡,1
2438,昆,3358,灵,1
2438,昆,3365,炅,1
2438,昆,5618,论,1
2438,昆,7142,黾,1
2439,昉,523,助,1
2439,昉,2430,时,1
2439,昉,3762,畋,1
2439,昉,3794,疠,1
2439,昉,4788,胶,1
2440,昊,716,吴,1
2440,昊,2428,旱,1
2440,昊,4877,臭,1
2441,昌,396,冒,1
2441,昌,440,凶,1
2441,昌,674,号,1
2441,昌,1200,多,1
2441,昌,1459,寻,1
2441,昌,4759,胄,1
2441,昌,4999,苣,1
2442,明,140,以,1
2442,明,762,咐,1
2442,明,1037,圳,1
2442,明,2435,昀,1
2442,明,4781,胭,1
2443,昏,2421,旨,1
2443,昏,2573,杳,1
2443,昏,4761,背,1
2444,易,659,另,1
2444,易,1124,埸,1
2444,易,4171,禺,1
2444,易,5554,见,1
2445,昔,1066,坫,1
2445,昔,1381,孝,1
2445,昔,1544,岽,1
2445,昔,4671,者,1
2445,昔,4727,肓,1
2445,昔,4962,芬,1
2445,昔,4993,苛,1
2447,昙,2437,昃,1
2447,昙,2456,昱,1
2447,昙,2482,景,1
2447,昙,4971,芸,1
2447,昙,6634,雩,1
2449,星,376,兰,1
2449,星,726,呈,1
2449,星,1143,堡,1
2449,星,2456,昱,1
2449,星,2467,晏,1
2449,星,2476,晟,1
2449,星,5038,茱,1
2450,映,809,哚,1
2450,映,881,啾,1
2450,映,4068,硖,1
2450,映,4709,职,1
2450,映,4738,肤,1
2450,映,5864,跌,1
2451,春,478,券,1
2451,春,610,卷,1
2451,春,2898,毒,1
2451,春,3808,疳,1
2451,春,3944,看,1
2451,春,3947,眚,1
2451,春,5805,赉,1
2452,昧,2450,映,1
2452,昧,3967,睐,1
2452,昧,4802,脒,1
2452,昧,5313,蚌,1
2452,昧,5712,谜,1
2453,昨,2435,昀,1
2453,昨,2470,晔,1
2453,昨,3946,眙,1
2453,昨,3952,眨,1
2453,昨,4041,砟,1
2453,昨,4779,胫,1
2453,昨,5328,蚱,1
2454,昭,833,唐,1
2454,昭,3939,眄,1
2455,是,75,了,1
2455,是,1922,悬,1
2455,是,2456,昱,1
2455,是,2518,曼,1
2455,是,4442,累,1
2455,是,4611,罡,1
2455,是,5836,走,1
2455,是,5852,足,1
2458,昵,180,伲,1
2458,昵,703,吡,1
2458,昵,2461,昽,1
2458,昵,3962,眼,1
2458,昵,4920,艉,1
2460,昼,3942,眉,1
2461,昽,2469,晓,1
2461,昽,3640,珑,1
2462,显,2426,旯,1
2462,显,2521,最,1
2462,显,3365,炅,1
2464,晃,356,兄,1
2464,晃,1876,恍,1
2464,晃,2426,旯,1
2464,晃,3358,灵,1
2464,晃,4619,罴,1
2464,晃,7125,黑,1
2465,晋,1896,恶,1
2465,晋,2481,普,1
2465,晋,4671,者,1
2465,晋,4747,育,1
2465,晋,4999,苣,1
2465,晋,5164,著,1
2465,晋,6663,青,1
2465,晋,6710,音,1
2466,晌,2527,朐,1
2466,晌,3646,珧,1
2466,晌,4787,胴,1
2466,晌,5777,购,1
2468,晒,1055,坜,1
2468,晒,2461,昽,1
2468,晒,2492,暅,1
2468,晒,2998,沥,1
2468,晒,3939,眄,1
2468,晒,4842,腼,1
2468,晒,4917,舾,1
2468,晒,6633,雨,1
2469,晓,4784,胱,1
2470,晔,807,哗,1
2471,晕,401,军,1
2471,晕,586,卓,1
2471,晕,5067,荤,1
2471,晕,6711,韵,1
2472,晖,3752,申,1
2473,晗,795,哈,1
2474,晚,418,冼,1
2474,晚,841,唤,1
2474,晚,2498,暝,1
2474,晚,3941,眈,1
2474,晚,3972,睢,1
2475,晞,832,唏,1
2476,晟,1580,崴,1
2478,晤,974,噜,1
2478,晤,2497,暗,1
2479,晦,1910,悔,1
2479,晦,2435,昀,1
2479,晦,2468,晒,1
2479,晦,3998,瞬,1
2479,晦,5795,贿,1
2479,晦,6222,酶,1
2480,晨,5029,茛,1
2481,普,2441,昌,1
2481,普,3315,潽,1
2481,普,5113,菁,1
2482,景,674,号,1
2482,景,725,呆,1
2482,景,1761,彖,1
2482,景,2434,旻,1
2482,景,3343,瀑,1
2482,景,3754,男,1
2482,景,4442,累,1
2483,晰,881,啾,1
2483,晰,4756,胁,1
2483,晰,5382,蜥,1
2484,晳,1133,堉,1
2484,晳,2557,杓,1
2484,晳,2763,楯,1
2485,晴,2477,晡,1
2485,晴,2497,暗,1
2485,晴,2506,曙,1
2485,晴,3777,畸,1
2485,晴,4800,脐,1
2486,晶,2463,晁,1
2488,智,705,否,1
2488,智,2896,每,1
2488,智,3671,琮,1
2489,晾,35,串,1
2489,晾,825,哼,1
2489,晾,2439,昉,1
2489,晾,2877,殍,1
2489,晾,3678,琼,1
2489,晾,4852,膘,1
2490,暂,4004,瞽,1
2490,暂,5007,苷,1
2491,暄,902,喧,1
2492,暅,1878,恒,1
2493,暇,859,啊,1
2493,暇,2442,明,1
2493,暇,2492,暅,1
2493,暇,2526,服,1
2495,暑,638,县,1
2496,暖,2472,晖,1
2496,暖,3683,瑗,1
2496,暖,3774,畯,1
2496,暖,4966,芰,1
2497,暗,974,噜,1
2497,暗,2473,晗,1
2497,暗,2485,晴,1
2497,暗,2489,晾,1
2497,暗,6608,隘,1
2499,暧,911,嗄,1
2501,暮,542,募,1
2501,暮,2573,杳,1
2501,暮,4850,膏,1
2501,暮,4947,芒,1
2501,暮,5113,菁,1
2501,暮,5217,蓦,1
2502,暴,2464,晃,1
2502,暴,2495,暑,1
2502,暴,4262,竖,1
2505,曈,981,噬,1
2505,曈,2491,暄,1
2506,曙,2294,摆,1
2507,曛,852,唾,1
2507,曛,3903,皤,1
2512,曰,547,勺,1
2512,曰,1000,囚,1
2512,曰,3736,甘,1
2512,曰,5762,贝,1
2513,曲,383,典,1
2513,曲,3750,由,1
2513,曲,5550,西,1
2514,曳,69,书,1
2515,更,690,吏,1
2515,更,6022,边,1
2517,曹,2445,昔,1
2517,曹,3283,漕,1
2517,曹,5023,茑,1
2517,曹,5146,萏,1
2517,曹,5150,萝,1
2517,曹,6113,遭,1
2517,曹,6644,霄,1
2518,曼,4581,缦,1
2519,曾,387,兽,1
2519,曾,814,哥,1
2519,曾,924,嗟,1
2519,曾,1173,增,1
2519,曾,1475,尝,1
2519,曾,5204,蓇,1
2520,替,2735,椁,1
2520,替,2751,椿,1
2521,最,1474,尜,1
2521,最,2371,敢,1
2522,月,667,可,1
2522,月,2516,曷,1
2522,月,3929,目,1
2522,月,6509,问,1
2523,有,4761,背,1
2524,朊,4726,肌,1
2524,朊,4744,肮,1
2524,朊,4794,脆,1
2525,朋,2527,朐,1
2525,朋,3620,玥,1
2525,朋,4743,肭,1
2525,朋,4787,胴,1
2525,朋,4825,腓,1
2525,朋,6563,阴,1
2527,朐,2435,昀,1
2527,朐,2466,晌,1
2527,朐,4763,胎,1
2527,朐,4771,胞,1
2527,朐,4789,胸,1
2528,朔,531,劾,1
2528,朔,3620,玥,1
2528,朔,6729,颅,1
2529,朕,4712,联,1
2530,朗,469,刨,1
2531,望,5644,诖,1
2532,朝,3308,潮,1
2534,朦,4123,礞,1
2534,朦,4833,腩,1
2534,朦,4852,膘,1
2534,朦,4926,艨,1
2534,朦,5448,蠓,1
2535,木,1208,夫,1
2535,木,2053,扌,1
2535,木,2538,本,1
2535,木,2540,术,1
2535,木,2942,水,1
2535,木,6702,韦,1
2536,未,595,卡,1
2536,未,1208,夫,1
2536,未,1209,夬,1
2536,未,2053,扌,1
2536,未,2573,杳,1
2536,未,4391,米,1
2537,末,746,味,1
2537,末,2054,才,1
2537,末,2541,朱,1
2537,末,4391,米,1
2538,本,22,东,1
2538,本,34,丰,1
2538,本,1628,布,1
2538,本,5958,车,1
2539,札,2542,朴,1
2539,札,2559,杜,1
2539,札,2562,杠,1
2540,术,2948,求,1
2540,术,4174,禾,1
2541,朱,647,发,1
2541,朱,2536,未,1
2541,朱,3740,生,1
2542,朴,2556,村,1
2542,朴,2568,杪,1
2542,朴,2577,杼,1
2542,朴,2662,栽,1
2543,朵,41,主,1
2543,朵,1405,宋,1
2543,朵,1484,尹,1
2543,朵,2541,朱,1
2543,朵,4293,笨,1
2544,机,2076,扺,1
2544,机,2542,朴,1
2544,机,2599,枫,1
2544,机,3610,玑,1
2545,朽,2058,打,1
2545,朽,2059,扔,1
2545,朽,2565,杧,1
2545,朽,2577,杼,1
2545,朽,2603,枳,1
2545,朽,2610,柄,1
2545,朽,2618,柘,1
2545,朽,2701,梗,1
2545,朽,4403,粝,1
2546,杀,123,介,1
2546,杀,1218,夺,1
2546,杀,1458,寺,1
2546,杀,2052,手,1
2547,杂,28,丧,1
2547,杂,516,办,1
2547,杂,585,卒,1
2547,杂,725,呆,1
2547,杂,2541,朱,1
2547,杂,5958,车,1
2548,权,648,叔,1
2548,权,2560,杞,1
2548,权,6158,郏,1
2549,杆,2157,挂,1
2549,杆,2585,析,1
2549,杆,2611,柈,1
2549,杆,2619,柙,1
2550,杈,2078,找,1
2551,杉,1772,彬,1
2551,杉,2058,打,1
2551,杉,2059,扔,1
2551,杉,2542,朴,1
2551,杉,2665,桁,1
2551,杉,3376,炟,1
2551,杉,3633,珂,1
2552,杌,2544,机,1
2553,李,34,丰,1
2553,李,1223,奇,1
2553,李,2536,未,1
2554,杏,44,丿,1
2554,杏,705,否,1
2554,杏,870,啬,1
2554,杏,2626,查,1
2554,杏,4175,秀,1
2554,杏,4177,秃,1
2554,杏,4728,肖,1
2555,材,1462,封,1
2555,材,2587,林,1
2555,材,2654,栩,1
2556,村,2644,栎,1
2556,村,5473,衬,1
2557,杓,2568,杪,1
2557,杓,2588,枘,1
2558,杖,131,仗,1
2558,杖,1829,快,1
2558,杖,2074,扶,1
2558,杖,2361,敉,1
2558,杖,2548,权,1
2559,杜,2061,扛,1
2559,杜,2558,杖,1
2559,杜,3359,灶,1
2559,杜,4130,社,1
2560,杞,2544,机,1
2560,杞,2685,桤,1
2561,束,34,丰,1
2561,束,690,吏,1
2561,束,3087,浃,1
2561,束,3127,涑,1
2561,束,4718,聿,1
2561,束,5957,軎,1
2562,杠,2063,扦,1
2562,杠,2168,挟,1
2562,杠,2549,杆,1
2562,杠,2557,杓,1
2562,杠,2559,杜,1
2562,杠,2583,枉,1
2562,杠,3723,瓦,1
2562,杠,5601,讧,1
2563,条,408,冬,1
2563,条,1218,夺,1
2563,条,5764,负,1
2564,来,4438,素,1
2564,来,5101,莱,1
2564,来,6614,隶,1
2565,杧,1822,忙,1
2565,杧,2559,杜,1
2565,杧,2583,枉,1
2565,杧,2631,柱,1
2565,杧,2793,槎,1
2566,杨,2557,杓,1
2566,杨,2595,枥,1
2566,杨,2596,枧,1
2566,杨,2833,檑,1
2566,杨,4148,祢,1
2567,杩,2629,柯,1
2569,杭,155,伉,1
2569,杭,1048,坎,1
2569,杭,2578,松,1
2569,杭,2683,桢,1
2570,杯,1049,坏,1
2570,杯,2542,朴,1
2570,杯,2552,杌,1
2570,杯,2618,柘,1
2570,杯,2655,株,1
2570,杯,4190,秧,1
2571,杰,1557,峦,1
2571,杰,2554,杏,1
2571,杰,5297,虫,1
2572,杲,725,呆,1
2572,杲,2590,果,1
2574,杵,1826,忤,1
2574,杵,2623,柞,1
2576,杻,2069,扭,1
2576,杻,2696,梃,1
2578,松,143,仫,1
2578,松,2061,扛,1
2578,松,2551,杉,1
2578,松,2565,杧,1
2578,松,2584,枋,1
2578,松,2586,枕,1
2578,松,2599,枫,1
2578,松,2609,柃,1
2578,松,2652,栟,1
2579,板,2089,投,1
2579,板,2220,掐,1
2579,板,2585,析,1
2579,板,2589,枚,1
2579,板,2618,柘,1
2579,板,2653,校,1
2579,板,2659,核,1
2580,极,583,协,1
2580,极,1041,圾,1
2580,极,2134,拟,1
2580,极,2539,札,1
2580,极,2548,权,1
2580,极,2596,枧,1
2580,极,2599,枫,1
2580,极,2603,枳,1
2580,极,2653,校,1
2580,极,3545,狝,1
2581,构,1873,恂,1
2581,构,2067,扫,1
2581,构,2085,抑,1
2581,构,2566,杨,1
2581,构,2593,枢,1
2581,构,2661,格,1
2581,构,4396,粉,1
2583,枉,2099,护,1
2583,枉,2125,拓,1
2583,枉,2146,拯,1
2583,枉,2263,揸,1
2583,枉,2559,杜,1
2583,枉,2631,柱,1
2583,枉,2634,柽,1
2583,枉,5840,赶,1
2584,枋,2569,杭,1
2585,析,1835,忻,1
2585,析,2073,扳,1
2585,析,2076,扺,1
2585,析,2545,朽,1
2585,析,2624,柠,1
2585,析,2632,柳,1
2586,枕,2135,拢,1
2586,枕,4199,秾,1
2587,林,1740,弗,1
2587,林,2056,扑,1
2587,林,2090,抖,1
2587,林,4187,秣,1
2589,枚,1048,坎,1
2589,枚,1372,孓,1
2589,枚,1380,孜,1
2589,枚,2557,杓,1
2589,枚,2558,杖,1
2589,枚,2562,杠,1
2589,枚,2579,板,1
2589,枚,2585,析,1
2589,枚,2592,枞,1
2589,枚,2608,柁,1
2589,枚,2653,校,1
2589,枚,2661,格,1
2589,枚,3504,牧,1
2590,果,2613,某,1
2590,果,4171,禺,1
2591,枝,1831,忮,1
2591,枝,2073,扳,1
2591,枝,2583,枉,1
2591,枝,2589,枚,1
2591,枝,2653,校,1
2591,枝,4737,肢,1
2591,枝,5137,菽,1
2592,枞,2579,板,1
2593,枢,1851,怔,1
2593,枢,2579,板,1
2593,枢,2621,柜,1
2593,枢,2627,柩,1
2593,枢,2690,桩,1
2594,枣,2561,束,1
2594,枣,6638,零,1
2595,枥,2610,柄,1
2597,枨,4191,秩,1
2598,枪,1845,怆,1
2598,枪,2565,杧,1
2598,枪,2620,柚,1
2598,枪,2636,栀,1
2599,枫,2596,枧,1
2599,枫,2608,柁,1
2599,枫,2788,榷,1
2601,枯,1854,怙,1
2601,枯,2559,杜,1
2601,枯,2591,枝,1
2601,枯,2618,柘,1
2601,枯,2640,栉,1
2601,枯,2666,桂,1
2601,枯,2679,桔,1
2601,枯,4143,祜,1
2601,枯,4203,稆,1
2601,枯,6316,钲,1
2602,枰,1065,坪,1
2602,枰,2629,柯,1
2602,枰,2658,样,1
2603,枳,2081,抃,1
2603,枳,2599,枫,1
2603,枳,2711,梽,1
2604,枵,2704,梧,1
2605,架,259,保,1
2605,架,809,哚,1
2605,架,4653,翚,1
2606,枷,2094,抛,1
2606,枷,2555,材,1
2606,枷,2649,栖,1
2607,枸,2129,拘,1
2607,枸,2557,杓,1
2607,枸,2612,柏,1
2607,枸,2629,柯,1
2608,柁,2566,杨,1
2608,柁,2589,枚,1
2608,柁,2598,枪,1
2609,柃,1066,坫,1
2609,柃,2122,拎,1
2610,柄,2588,枘,1
2610,柄,2595,枥,1
2610,柄,2742,椒,1
2611,柈,2639,栈,1
2611,柈,2658,样,1
2612,柏,2557,杓,1
2612,柏,2579,板,1
2612,柏,2595,枥,1
2612,柏,2598,枪,1
2612,柏,2607,枸,1
2612,柏,2623,柞,1
2612,柏,3934,相,1
2612,柏,4399,粕,1
2612,柏,5984,辀,1
2613,某,2053,扌,1
2613,某,4876,臬,1
2613,某,5019,茉,1
2613,某,5123,菜,1
2614,柑,1064,坩,1
2614,柑,2116,拇,1
2614,柑,2121,拍,1
2614,柑,2559,杜,1
2614,柑,2601,枯,1
2614,柑,3934,相,1
2615,柒,409,冯,1
2615,柒,2543,朵,1
2615,柒,3140,涤,1
2615,柒,4306,等,1
2616,染,402,农,1
2616,染,1403,守,1
2616,染,2689,桨,1
2617,柔,1459,寻,1
2618,柘,2125,拓,1
2619,柙,2108,押,1
2619,柙,2602,枰,1
2621,柜,2575,杷,1
2621,柜,2593,枢,1
2621,柜,2670,框,1
2623,柞,1847,怍,1
2623,柞,2112,拃,1
2623,柞,2739,椎,1
2624,柠,430,凝,1
2624,柠,2567,杩,1
2624,柠,2577,杼,1
2624,柠,2638,标,1
2624,柠,2640,栉,1
2624,柠,2692,桴,1
2624,柠,2720,棕,1
2624,柠,3356,灯,1
2625,柢,2076,扺,1
2626,查,1226,奋,1
2626,查,5006,苴,1
2626,查,5084,莅,1
2626,查,5157,萱,1
2628,柬,4097,碱,1
2628,柬,5957,軎,1
2629,柯,2218,掎,1
2629,柯,2568,杪,1
2629,柯,2618,柘,1
2629,柯,2619,柙,1
2629,柯,2644,栎,1
2629,柯,4197,移,1
2629,柯,5970,轲,1
2630,柰,105,亲,1
2630,柰,1218,夺,1
2630,柰,2553,李,1
2631,柱,1075,垃,1
2631,柱,2583,枉,1
2631,柱,2589,枚,1
2631,柱,2607,枸,1
2631,柱,2623,柞,1
2631,柱,2645,栏,1
2631,柱,2648,栓,1
2631,柱,2666,桂,1
2631,柱,2669,桅,1
2631,柱,3805,疰,1
2632,柳,2635,柿,1
2633,柴,1147,堲,1
2633,柴,2543,朵,1
2633,柴,3463,燊,1
2633,柴,5101,莱,1
2635,柿,2070,扮,1
2635,柿,2570,杯,1
2636,栀,2098,抢,1
2637,栅,2766,楸,1
2637,栅,3636,珊,1
2638,标,2115,拆,1
2638,标,2570,杯,1
2638,标,2574,杵,1
2638,标,2622,柝,1
2638,标,2773,榇,1
2638,标,3545,狝,1
2638,标,4395,籽,1
2639,栈,1868,怵,1
2639,栈,2137,拤,1
2639,栈,2611,柈,1
2639,栈,2672,桉,1
2639,栈,2682,桡,1
2640,栉,201,佛,1
2640,栉,2577,杼,1
2641,栊,2569,杭,1
2641,栊,2639,栈,1
2642,栋,2655,株,1
2643,栌,2099,护,1
2644,栎,2076,扺,1
2644,栎,2583,枉,1
2645,栏,34,丰,1
2645,栏,2648,栓,1
2645,栏,3392,烂,1
2645,栏,3955,眭,1
2647,栒,2158,指,1
2647,栒,2676,桐,1
2648,栓,1862,性,1
2648,栓,2118,拉,1
2648,栓,2551,杉,1
2648,栓,2645,栏,1
2648,栓,2675,桎,1
2648,栓,2684,档,1
2648,栓,2713,检,1
2648,栓,2773,榇,1
2649,栖,791,哂,1
2649,栖,2127,拖,1
2649,栖,2206,捱,1
2649,栖,2612,柏,1
2649,栖,2620,柚,1
2650,栗,2515,更,1
2650,栗,2663,栾,1
2650,栗,2671,案,1
2650,栗,5142,萋,1
2651,栝,999,囗,1
2651,栝,2601,枯,1
2653,校,34,丰,1
2653,校,2126,拔,1
2653,校,2584,枋,1
2653,校,2589,枚,1
2653,校,2591,枝,1
2653,校,2672,桉,1
2653,校,2711,梽,1
2653,校,2729,棱,1
2653,校,3545,狝,1
2653,校,3548,狡,1
2653,校,5349,蛟,1
2655,株,2106,抹,1
2655,株,2699,梏,1
2655,株,2730,棵,1
2655,株,4187,秣,1
2656,栲,2609,柃,1
2656,栲,2704,梧,1
2656,栲,2736,椅,1
2657,栳,2169,挠,1
2658,样,1788,徉,1
2658,样,1951,惮,1
2658,样,2101,抨,1
2658,样,2142,择,1
2658,样,2239,掸,1
2658,样,2611,柈,1
2658,样,2684,档,1
2658,样,2700,梓,1
2658,样,2731,棹,1
2658,样,2761,楫,1
2659,核,1083,垓,1
2659,核,2589,枚,1
2659,核,2668,桄,1
2659,核,2682,桡,1
2660,根,2110,抿,1
2660,根,2715,棂,1
2660,根,2718,棍,1
2660,根,2732,棺,1
2660,根,2770,概,1
2660,根,3547,狠,1
2660,根,3653,琅,1
2660,根,4203,稆,1
2661,格,2584,枋,1
2661,格,2651,栝,1
2661,格,2740,椐,1
2661,格,3512,牾,1
2661,格,3813,疼,1
2662,栽,5502,裁,1
2665,桁,2577,杼,1
2665,桁,3371,炕,1
2666,桂,1092,垤,1
2666,桂,2113,拄,1
2666,桂,2118,拉,1
2666,桂,2559,杜,1
2666,桂,2565,杧,1
2666,桂,2601,枯,1
2666,桂,2645,栏,1
2666,桂,2675,桎,1
2666,桂,2682,桡,1
2666,桂,2699,梏,1
2666,桂,2704,梧,1
2666,桂,2752,楂,1
2667,桃,2548,权,1
2667,桃,5140,萄,1
2668,桄,2682,桡,1
2668,桄,2683,桢,1
2668,桄,2709,梳,1
2669,桅,2657,栳,1
2670,框,1240,女,1
2670,框,2593,枢,1
2670,框,2627,柩,1
2670,框,2792,槌,1
2670,框,3792,疝,1
2670,框,5641,诓,1
2671,案,1405,宋,1
2671,案,1667,干,1
2671,案,4437,紊,1
2672,桉,2652,栟,1
2674,桌,2590,果,1
2674,桌,3020,泉,1
2676,桐,2138,拥,1
2676,桐,2237,掴,1
2676,桐,2268,搁,1
2676,桐,2607,枸,1
2676,桐,2620,柚,1
2676,桐,2629,柯,1
2676,桐,2647,栒,1
2676,桐,2654,栩,1
2676,桐,3381,炯,1
2676,桐,5165,葙,1
2677,桑,77,争,1
2678,桓,1091,垣,1
2678,桓,2114,担,1
2678,桓,2612,柏,1
2678,桓,2681,桠,1
2678,桓,2685,桤,1
2678,桓,2738,植,1
2678,桓,3814,疽,1
2679,桔,1287,姞,1
2679,桔,1867,怯,1
2679,桔,2121,拍,1
2679,桔,2601,枯,1
2679,桔,2651,栝,1
2679,桔,2657,栳,1
2679,桔,2704,梧,1
2679,桔,2711,梽,1
2679,桔,5969,轱,1
2680,桕,2607,枸,1
2680,桕,2651,栝,1
2681,桠,3828,痖,1
2682,桡,2169,挠,1
2684,档,2156,持,1
2684,档,2192,捎,1
2684,档,2656,栲,1
2686,桥,1853,怖,1
2686,桥,2070,扮,1
2686,桥,2597,枨,1
2686,桥,2651,栝,1
2686,桥,2655,株,1
2686,桥,2796,槚,1
2687,桦,805,哔,1
2687,桦,2602,枰,1
2687,桦,3405,烨,1
2687,桦,5887,跸,1
2688,桧,3558,狳,1
2689,桨,1232,奖,1
2689,桨,1405,宋,1
2689,桨,4406,粢,1
2689,桨,4940,芈,1
2690,桩,2113,拄,1
2690,桩,2569,杭,1
2690,桩,2579,板,1
2690,桩,2623,柞,1
2690,桩,2660,根,1
2690,桩,2681,桠,1
2691,桫,2620,柚,1
2693,桶,1106,埇,1
2693,桶,2610,柄,1
2693,桶,2652,栟,1
2693,桶,3444,煸,1
2695,梁,3174,深,1
2695,梁,5683,课,1
2695,梁,6253,里,1
2697,梅,93,亡,1
2697,梅,930,嗨,1
2697,梅,1910,悔,1
2697,梅,2194,捐,1
2697,梅,2300,摘,1
2697,梅,2648,栓,1
2697,梅,2670,框,1
2697,梅,2694,桷,1
2697,梅,3511,牺,1
2697,梅,5089,莓,1
2698,梆,2075,批,1
2698,梆,2623,柞,1
2698,梆,6141,邳,1
2698,梆,6144,邶,1
2698,梆,6175,郴,1
2699,梏,2604,枵,1
2700,梓,2299,摔,1
2700,梓,2602,枰,1
2700,梓,2658,样,1
2700,梓,3489,牂,1
2700,梓,3577,猝,1
2701,梗,2672,桉,1
2701,梗,4413,粳,1
2701,梗,4515,绠,1
2702,梢,1905,悄,1
2702,梢,2555,材,1
2702,梢,2714,棁,1
2702,梢,4205,稍,1
2703,梦,1328,婪,1
2703,梦,2734,棼,1
2703,梦,2755,楚,1
2704,梧,2207,捶,1
2704,梧,2603,枳,1
2704,梧,2732,棺,1
2704,梧,2793,槎,1
2704,梧,3418,焐,1
2704,梧,3835,痦,1
2705,梨,3463,燊,1
2705,梨,5503,裂,1
2706,梭,2150,拶,1
2706,梭,2591,枝,1
2706,梭,2627,柩,1
2706,梭,2699,梏,1
2706,梭,2745,椤,1
2706,梭,3563,狻,1
2707,梯,2224,掠,1
2707,梯,2736,椅,1
2708,械,611,卸,1
2708,械,1108,城,1
2708,械,2801,槭,1
2709,梳,2210,捻,1
2709,梳,2569,杭,1
2710,梵,2734,棼,1
2710,梵,2755,楚,1
2711,梽,2657,栳,1
2712,梾,1912,悚,1
2712,梾,2655,株,1
2712,梾,6679,靺,1
2713,检,1117,埝,1
2713,检,1837,忾,1
2713,检,2118,拉,1
2713,检,2216,掊,1
2713,检,2628,柬,1
2713,检,2645,栏,1
2713,检,2814,樵,1
2713,检,3968,睑,1
2713,检,5842,趁,1
2714,棁,1919,悦,1
2714,棁,4206,税,1
2716,棉,1642,帛,1
2716,棉,2070,扮,1
2716,棉,2635,柿,1
2716,棉,2707,梯,1
2716,棉,2741,椑,1
2716,棉,2795,槔,1
2717,棋,2193,捏,1
2717,棋,2682,桡,1
2717,棋,2749,椹,1
2717,棋,4157,祺,1
2717,棋,4215,稹,1
2718,棍,2335,擐,1
2719,棒,2340,擢,1
2719,棒,2623,柞,1
2719,棒,3669,琫,1
2720,棕,1160,塬,1
2720,棕,2743,椟,1
2720,棕,2750,椽,1
2720,棕,2815,樽,1
2720,棕,2823,橡,1
2721,棘,343,僰,1
2721,棘,2561,束,1
2721,棘,4269,竦,1
2722,棚,1134,堋,1
2722,棚,2654,栩,1
2723,棠,1130,堂,1
2723,棠,2217,掌,1
2723,棠,3497,牚,1
2723,棠,4406,粢,1
2723,棠,5202,蓂,1
2723,棠,5481,袁,1
2725,棨,2650,栗,1
2726,棬,2598,枪,1
2727,森,5073,荪,1
2729,棱,1137,堎,1
2729,棱,2246,揍,1
2729,棱,2305,摸,1
2729,棱,2591,枝,1
2729,棱,2641,栊,1
2729,棱,2656,栲,1
2729,棱,2706,梭,1
2729,棱,2757,楞,1
2730,棵,2069,扭,1
2730,棵,2644,栎,1
2730,棵,2655,株,1
2730,棵,2686,桥,1
2731,棹,1930,悼,1
2731,棹,2808,樟,1
2732,棺,2284,搪,1
2732,棺,2636,栀,1
2732,棺,2675,桎,1
2732,棺,2714,棁,1
2732,棺,2737,椋,1
2732,棺,2799,槟,1
2732,棺,2807,樘,1
2733,棻,5123,菜,1
2735,椁,1333,婷,1
2735,椁,1933,惇,1
2736,椅,3516,犄,1
2737,椋,2224,掠,1
2737,椋,2638,标,1
2737,椋,2823,橡,1
2738,植,1123,埴,1
2738,植,2237,掴,1
2738,植,2248,描,1
2738,植,4488,组,1
2739,椎,2592,枞,1
2739,椎,2623,柞,1
2739,椎,2631,柱,1
2739,椎,2636,栀,1
2739,椎,2814,樵,1
2741,椑,2731,棹,1
2741,椑,4816,脾,1
2742,椒,274,俶,1
2742,椒,2316,撖,1
2742,椒,2680,桕,1
2742,椒,2772,榆,1
2743,椟,2756,楝,1
2744,椠,1138,堑,1
2746,椭,2337,擗,1
2746,椭,2738,植,1
2746,椭,2763,楯,1
2746,椭,6134,邦,1
2747,椰,661,叩,1
2747,椰,2746,椭,1
2747,椰,2748,椴,1
2747,椰,2822,橛,1
2748,椴,2285,搬,1
2748,椴,2785,榭,1
2748,椴,3431,煅,1
2750,椽,1844,怅,1
2750,椽,2838,檬,1
2750,椽,4217,稼,1
2751,椿,2764,楱,1
2751,椿,4417,精,1
2753,楔,1945,惧,1
2753,楔,4164,禊,1
2754,楗,2696,梃,1
2754,楗,2724,棣,1
2755,楚,1215,夷,1
2755,楚,1987,慧,1
2755,楚,3677,琶,1
2755,楚,5102,莲,1
2756,楝,2721,棘,1
2757,楞,416,冷,1
2757,楞,2275,搒,1
2757,楞,2745,椤,1
2757,楞,2789,榻,1
2757,楞,2806,樗,1
2758,楠,2694,桷,1
2759,楣,1337,媚,1
2759,楣,2776,榍,1
2759,楣,3590,猸,1
2759,楣,3934,相,1
2760,楦,2738,植,1
2761,楫,2251,揖,1
2762,楮,2800,槠,1
2765,楷,2150,拶,1
2765,楷,2762,楮,1
2765,楷,2804,槿,1
2765,楷,3680,瑁,1
2766,楸,1959,愀,1
2768,楼,2080,技,1
2768,楼,2095,抟,1
2768,楼,2656,栲,1
2768,楼,2657,栳,1
2768,楼,2672,桉,1
2769,榀,2603,枳,1
2769,榀,2789,榻,1
2770,概,1988,慨,1
2770,概,2682,桡,1
2770,概,2766,楸,1
2771,榄,2683,桢,1
2771,榄,2685,桤,1
2773,榇,2624,柠,1
2775,榉,2559,杜,1
2775,榉,2808,樟,1
2776,榍,2298,摒,1
2777,榔,2770,概,1
2777,榔,6144,邶,1
2778,榕,279,倍,1
2778,榕,2163,挖,1
2778,榕,2672,桉,1
2778,榕,2706,梭,1
2778,榕,2709,梳,1
2778,榕,2799,槟,1
2780,榛,1976,愫,1
2780,榛,2201,捧,1
2780,榛,2289,搽,1
2780,榛,2773,榇,1
2780,榛,3241,溱,1
2781,榜,2757,楞,1
2783,榨,2732,棺,1
2783,榨,2778,榕,1
2784,榫,2700,梓,1
2784,榫,2773,榇,1
2787,榴,2220,掐,1
2787,榴,2763,楯,1
2787,榴,2833,檑,1
2787,榴,3451,熘,1
2788,榷,329,傩,1
2788,榷,1942,惟,1
2788,榷,2328,撺,1
2788,榷,2586,枕,1
2788,榷,4085,碓,1
2794,槐,2291,摁,1
2794,槐,2711,梽,1
2794,槐,6921,鬼,1
2796,槚,2649,栖,1
2803,槽,2273,搏,1
2803,槽,2307,摺,1
2803,槽,2329,撼,1
2803,槽,2762,楮,1
2805,樊,1147,堲,1
2807,樘,2804,槿,1
2808,樟,2318,撞,1
2808,樟,2731,棹,1
2808,樟,2761,楫,1
2808,樟,2784,榫,1
2808,樟,3596,獐,1
2809,模,2203,捭,1
2809,模,2275,搒,1
2809,模,2296,摈,1
2809,模,2717,棋,1
2809,模,2743,椟,1
2810,樨,1087,垟,1
2810,樨,2828,橼,1
2811,横,2003,懂,1
2811,横,2186,捅,1
2811,横,2659,核,1
2811,横,2793,槎,1
2811,横,2804,槿,1
2811,横,5465,衡,1
2812,樯,1362,嫱,1
2812,樯,4223,穑,1
2813,樱,2672,桉,1
2813,樱,2768,楼,1
2814,樵,1270,妲,1
2814,樵,2670,框,1
2814,樵,2831,檎,1
2815,樽,2810,樨,1
2816,樾,2835,檠,1
2817,橄,2618,柘,1
2817,橄,2822,橛,1
2819,橐,2822,橛,1
2820,橘,2790,槁,1
2820,橘,2831,檎,1
2820,橘,3465,燏,1
2822,橛,2814,樵,1
2823,橡,2224,掠,1
2823,橡,2242,掾,1
2823,橡,2288,携,1
2823,橡,2815,樽,1
2825,橦,1914,悝,1
2825,橦,1997,憧,1
2825,橦,2318,撞,1
2826,橱,2588,枘,1
2827,橹,2815,樽,1
2827,橹,2832,檐,1
2828,橼,2833,檑,1
2829,檀,1092,垤,1
2830,檄,1806,徼,1
2830,檄,3701,璈,1
2831,檎,2336,擒,1
2831,檎,2697,梅,1
2831,檎,2827,橹,1
2832,檐,2293,摅,1
2832,檐,5444,蟾,1
2833,檑,2834,檗,1
2834,檗,2692,桴,1
2834,檗,4977,苄,1
2836,檩,2009,懔,1
2836,檩,2224,掠,1
2836,檩,2737,椋,1
2837,檫,2342,擦,1
2837,檫,2720,棕,1
2837,檫,2773,榇,1
2837,檫,3589,猷,1
2838,檬,1666,幪,1
2838,檬,2242,掾,1
2838,檬,2308,摽,1
2838,檬,2737,椋,1
2840,欠,47,久,1
2840,欠,354,允,1
2840,欠,373,公,1
2840,欠,1191,夂,1
2840,欠,2841,次,1
2841,次,3001,沨,1
2841,次,3108,浠,1
2842,欢,2841,次,1
2842,欢,3612,玖,1
2842,欢,3616,玟,1
2842,欢,5555,观,1
2843,欣,1048,坎,1
2843,欣,4194,积,1
2843,欣,5982,轾,1
2843,欣,6273,钅,1
2843,欣,6724,颀,1
2843,欣,6789,饮,1
2845,欧,2842,欢,1
2845,欧,2887,殴,1
2846,欲,1804,徵,1
2846,欲,2357,放,1
2846,欲,4031,砍,1
2846,欲,6789,饮,1
2846,欲,7045,鸰,1
2851,款,1380,孜,1
2851,款,2061,扛,1
2851,款,2366,敖,1
2851,款,2400,新,1
2851,款,5967,软,1
2852,歃,6741,颓,1
2853,歆,6711,韵,1
2854,歇,1366,嬲,1
2854,歇,2846,欲,1
2854,歇,6746,颙,1
2855,歉,2852,歃,1
2856,歌,1745,弥,1
2856,歌,2843,欣,1
2856,歌,2846,欲,1
2856,歌,2849,欹,1
2856,歌,2853,歆,1
2858,止,7,上,1
2858,止,1514,山,1
2858,止,2859,正,1
2858,止,3783,疍,1
2859,正,24,丞,1
2859,正,570,匹,1
2859,正,571,区,1
2859,正,1611,工,1
2859,正,1614,巨,1
2859,正,5740,豆,1
2860,此,418,冼,1
2860,此,1035,圯,1
2860,此,1516,屺,1
2860,此,2861,步,1
2860,此,3022,泌,1
2860,此,3753,电,1
2860,此,7169,龀,1
2861,步,122,今,1
2861,步,483,刿,1
2861,步,650,受,1
2861,步,4391,米,1
2861,步,4941,芊,1
2861,步,5763,贞,1
2862,武,1199,夙,1
2862,武,1736,式,1
2862,武,2025,或,1
2862,武,5643,试,1
2863,歧,1058,坟,1
2863,歧,1137,堎,1
2863,歧,1568,崎,1
2863,歧,1831,忮,1
2863,歧,5742,豉,1
2863,歧,5859,趿,1
2864,歪,705,否,1
2864,歪,4878,至,1
2865,歹,84,互,1
2865,歹,646,反,1
2865,歹,1518,岁,1
2866,死,559,北,1
2866,死,1373,孔,1
2867,歼,1243,奸,1
2867,歼,2877,殍,1
2867,歼,2881,殚,1
2867,歼,3528,犴,1
2867,歼,3611,玕,1
2867,歼,4050,砰,1
2868,殁,649,取,1
2868,殁,2869,殂,1
2869,殂,1270,妲,1
2869,殂,2873,殇,1
2869,殂,6002,辒,1
2870,殃,1440,寅,1
2870,殃,5482,袂,1
2871,殄,2879,殓,1
2871,殄,3637,珍,1
2871,殄,4782,胯,1
2872,殆,1859,怡,1
2872,殆,2877,殍,1
2872,殆,2879,殓,1
2872,殆,5862,跆,1
2872,殆,6851,骀,1
2874,殉,2871,殄,1
2874,殉,2994,沟,1
2874,殉,6844,驹,1
2875,殊,228,侏,1
2875,殊,1286,姝,1
2875,殊,2870,殃,1
2875,殊,3643,珠,1
2875,殊,4802,脒,1
2875,殊,6841,驶,1
2876,残,1769,彧,1
2876,残,2020,戏,1
2876,残,3549,狨,1
2876,残,4894,舛,1
2877,殍,4810,脬,1
2878,殒,6724,颀,1
2879,殓,6866,骑,1
2880,殖,3080,洹,1
2883,殡,4709,职,1
2886,殳,643,及,1
2886,殳,2351,攴,1
2888,段,373,公,1
2888,段,648,叔,1
2888,段,2362,敌,1
2888,段,2580,极,1
2888,段,2887,殴,1
2888,段,3612,玖,1
2888,段,3623,玫,1
2888,段,4736,股,1
2889,殷,305,假,1
2890,殿,2887,殴,1
2890,殿,6722,顾,1
2891,毁,4499,经,1
2892,毂,1756,彀,1
2893,毅,5126,菠,1
2894,毋,1260,妞,1
2894,毋,1484,尹,1
2894,毋,3749,田,1
2895,母,17,世,1
2895,母,1005,因,1
2895,母,1260,妞,1
2896,每,198,佘,1
2896,每,395,再,1
2896,每,456,刍,1
2896,每,4406,粢,1
2896,每,4897,舟,1
2896,每,4930,色,1
2897,毐,395,再,1
2897,毐,1189,壶,1
2897,毐,2898,毒,1
2898,毒,4727,肓,1
2899,毓,6401,锍,1
2900,比,352,儿,1
2900,比,1030,圩,1
2900,比,1035,圯,1
2900,比,2918,氏,1
2900,比,3753,电,1
2900,比,5298,虬,1
2901,毕,579,午,1
2901,毕,4941,芊,1
2901,毕,5992,辈,1
2902,毖,1824,忠,1
2902,毖,2886,殳,1
2902,毖,6369,铭,1
2904,毙,3735,甓,1
2905,毛,41,主,1
2906,毡,4480,纻,1
2906,毡,6325,钻,1
2908,毫,4268,童,1
2908,毫,6262,銮,1
2908,毫,6652,霓,1
2908,毫,7184,龟,1
2909,毯,2913,毽,1
2909,毯,2915,氆,1
2911,毵,613,卻,1
2918,氏,113,什,1
2918,氏,138,代,1
2918,氏,558,化,1
2918,氏,576,千,1
2918,氏,1191,夂,1
2918,氏,2900,比,1
2918,氏,2947,汁,1
2918,氏,6274,钆,1
2919,氐,2918,氏,1
2920,民,3725,瓯,1
2921,氓,1088,垠,1
2921,氓,3114,浪,1
2921,氓,3667,琨,1
2921,氓,5799,赃,1
2922,气,1409,宕,1
2922,气,1721,廴,1
2922,气,2456,昱,1
2922,气,2943,氵,1
2922,气,6273,钅,1
2924,氖,456,刍,1
2926,氙,2932,氤,1
2928,氛,2924,氖,1
2930,氡,2938,氮,1
2931,氢,2923,氕,1
2931,氢,2924,氖,1
2931,氢,4129,礼,1
2931,氢,6027,迄,1
2933,氦,2924,氖,1
2933,氦,2931,氢,1
2933,氦,2935,氨,1
2933,氦,6401,锍,1
2934,氧,2924,氖,1
2934,氧,2937,氪,1
2934,氧,4381,簟,1
2935,氨,2467,晏,1
2935,氨,2926,氙,1
2935,氨,2929,氟,1
2935,氨,2930,氡,1
2935,氨,2934,氧,1
2935,氨,2936,氩,1
2935,氨,2937,氪,1
2935,氨,2938,氮,1
2935,氨,4242,窒,1
2936,氩,2926,氙,1
2936,氩,2934,氧,1
2937,氪,2938,氮,1
2938,氮,2039,戴,1
2938,氮,2930,氡,1
2938,氮,6285,钒,1
2939,氯,1481,就,1
2939,氯,1860,急,1
2939,氯,2926,氙,1
2939,氯,2929,氟,1
2939,氯,4179,秉,1
2940,氰,2941,氲,1
2941,氲,2931,氢,1
2942,水,677,叻,1
2942,水,2052,手,1
2942,水,3355,灭,1
2943,氵,6,三,1
2943,氵,407,冫,1
2944,永,2961,汞,1
2946,汀,2,丁,1
2946,汀,390,冂,1
2946,汀,1211,央,1
2946,汀,2943,氵,1
2946,汀,2973,汶,1
2946,汀,3009,河,1
2946,汀,3609,玎,1
2946,汀,5602,讨,1
2947,汁,575,十,1
2947,汁,673,叶,1
2947,汁,2054,才,1
2947,汁,5600,讦,1
2947,汁,5602,讨,1
2948,求,2961,汞,1
2950,汇,140,以,1
2950,汇,2959,汜,1
2950,汇,2968,汪,1
2950,汇,3356,灯,1
2950,汇,4464,纪,1
2950,汇,6275,钇,1
2951,汈,2954,汐,1
2951,汈,3102,浔,1
2951,汈,5602,讨,1
2951,汈,6505,闩,1
2952,汉,118,仅,1
2952,汉,646,反,1
2952,汉,5598,认,1
2952,汉,5607,议,1
2953,汊,2952,汉,1
2954,汐,409,冯,1
2954,汐,2955,汔,1
2955,汔,3120,浼,1
2955,汔,5605,讫,1
2956,汕,1514,山,1
2956,汕,2959,汜,1
2956,汕,2977,沁,1
2956,汕,2992,沚,1
2956,汕,3011,油,1
2956,汕,3013,沼,1
2957,汗,2060,托,1
2957,汗,3356,灯,1
2957,汗,4458,纤,1
2957,汗,5595,计,1
2957,汗,5616,许,1
2958,汛,4462,纨,1
2958,汛,5857,趼,1
2958,汛,6508,闭,1
2959,汜,1035,圯,1
2960,汝,1677,庀,1
2960,汝,2985,沌,1
2960,汝,2999,沦,1
2960,汝,3071,洨,1
2960,汝,3186,渑,1
2960,汝,4520,绥,1
2960,汝,6288,钕,1
2961,汞,759,和,1
2961,汞,1760,录,1
2961,汞,2079,承,1
2961,汞,2944,永,1
2962,江,431,几,1
2962,江,2946,汀,1
2962,江,6023,辽,1
2963,池,1036,地,1
2963,池,3002,沩,1
2963,池,3018,泄,1
2963,池,4485,绁,1
2964,污,82,亏,1
2964,污,375,兮,1
2964,污,409,冯,1
2964,污,1032,圬,1
2964,污,1613,巧,1
2964,污,1777,彷,1
2964,污,2943,氵,1
2964,污,2981,沅,1
2964,污,5622,访,1
2965,汤,1039,场,1
2965,汤,2951,汈,1
2965,汤,2971,汲,1
2965,汤,4969,芴,1
2966,汨,2420,旧,1
2966,汨,3006,沮,1
2966,汨,3039,泪,1
2966,汨,4490,细,1
2966,汨,5626,诃,1
2967,汩,3039,泪,1
2967,汩,6509,问,1
2967,汩,6562,阳,1
2968,汪,2958,汛,1
2968,汪,2979,沃,1
2968,汪,3081,洺,1
2968,汪,4499,经,1
2968,汪,5600,讦,1
2968,汪,5613,讵,1
2969,汭,3011,油,1
2970,汰,1214,头,1
2970,汰,3048,泷,1
2971,汲,157,伋,1
2971,汲,648,叔,1
2971,汲,2952,汉,1
2971,汲,3114,浪,1
2971,汲,5615,讷,1
2971,汲,5638,诐,1
2971,汲,6301,钣,1
2972,汴,97,亦,1
2973,汶,2952,汉,1
2973,汶,2971,汲,1
2973,汶,4478,纹,1
2974,汹,2959,汜,1
2974,汹,2990,沘,1
2974,汹,3022,泌,1
2974,汹,3029,泚,1
2975,汽,3030,泛,1
2975,汽,5605,讫,1
2975,汽,6784,饩,1
2976,汾,2951,汈,1
2976,汾,3007,沱,1
2976,汾,3049,泸,1
2976,汾,3124,涉,1
2977,沁,117,仄,1
2977,沁,352,儿,1
2977,沁,1808,心,1
2977,沁,2952,汉,1
2977,沁,2955,汔,1
2977,沁,2956,汕,1
2977,沁,2967,汩,1
2977,沁,2974,汹,1
2977,沁,2990,沘,1
2977,沁,2999,沦,1
2977,沁,3628,玳,1
2977,沁,5604,讪,1
2977,沁,5640,诒,1
2978,沂,3031,泜,1
2978,沂,3032,泞,1
2978,沂,3078,洴,1
2978,沂,3092,浉,1
2978,沂,3785,疑,1
2978,沂,5600,讦,1
2979,沃,2951,汈,1
2979,沃,2953,汊,1
2979,沃,2978,沂,1
2979,沃,3087,浃,1
2979,沃,4174,禾,1
2979,沃,5600,讦,1
2979,沃,5623,诀,1
2980,沄,2981,沅,1
2980,沄,4467,纭,1
2981,沅,2955,汔,1
2981,沅,5650,诜,1
2983,沈,2959,汜,1
2983,沈,3001,沨,1
2983,沈,3013,沼,1
2983,沈,3048,泷,1
2983,沈,3086,流,1
2983,沈,4462,纨,1
2984,沉,399,冗,1
2984,沉,2841,次,1
2984,沉,2966,汨,1
2984,沉,2981,沅,1
2984,沉,2983,沈,1
2984,沉,3042,泯,1
2984,沉,4227,究,1
2984,沉,6760,风,1
2985,沌,4468,纯,1
2987,沐,2993,沛,1
2987,沐,3041,泮,1
2987,沐,4037,砘,1
2988,沓,4728,肖,1
2990,沘,3029,泚,1
2990,沘,4469,纰,1
2991,沙,717,吵,1
2991,沙,2568,杪,1
2991,沙,2956,汕,1
2991,沙,2973,汶,1
2991,沙,3940,眇,1
2992,沚,2956,汕,1
2992,沚,5604,讪,1
2992,沚,5624,证,1
2993,沛,1627,市,1
2993,沛,2976,汾,1
2993,沛,3081,洺,1
2993,沛,5611,讳,1
2993,沛,5622,访,1
2994,沟,3028,泗,1
2994,沟,3152,涿,1
2994,沟,5619,讼,1
2995,没,2089,投,1
2995,没,2981,沅,1
2995,没,3033,泠,1
2995,没,3071,洨,1
2995,没,3096,济,1
2995,没,3107,浞,1
2995,没,3216,湝,1
2995,没,3269,滥,1
2995,没,3420,焕,1
2995,没,5629,识,1
2996,沣,3083,洼,1
2997,沤,2950,汇,1
2997,沤,2962,江,1
2997,沤,2968,汪,1
2997,沤,2980,沄,1
2998,沥,2951,汈,1
2998,沥,2992,沚,1
2999,沦,174,伦,1
2999,沦,415,冶,1
2999,沦,2959,汜,1
2999,沦,3008,沲,1
2999,沦,3034,泡,1
2999,沦,4464,纪,1
2999,沦,4475,纶,1
2999,沦,4949,芘,1
3000,沧,175,伧,1
3000,沧,1399,它,1
3000,沧,2959,汜,1
3000,沧,3034,泡,1
3000,沧,3177,淹,1
3003,沪,1403,守,1
3003,沪,2991,沙,1
3003,沪,2993,沛,1
3003,沪,3098,浐,1
3004,沫,2979,沃,1
3004,沫,3064,洙,1
3004,沫,3068,洣,1
3004,沫,3134,涞,1
3004,沫,5611,讳,1
3005,沭,3025,泔,1
3005,沭,3529,状,1
3005,沭,5612,讴,1
3006,沮,2966,汨,1
3006,沮,4488,组,1
3006,沮,5603,让,1
3006,沮,6050,迪,1
3006,沮,6326,钼,1
3006,沮,6680,靼,1
3007,沱,2963,池,1
3007,沱,3000,沧,1
3009,河,196,何,1
3009,河,517,功,1
3009,河,2522,月,1
3009,河,2964,污,1
3009,河,2978,沂,1
3009,河,3032,泞,1
3009,河,3050,泺,1
3009,河,3067,洞,1
3009,河,3128,涓,1
3009,河,4470,纱,1
3009,河,5614,讶,1
3009,河,5622,访,1
3010,沸,3100,浒,1
3011,油,2966,汨,1
3011,油,4472,纳,1
3012,治,178,伯,1
3012,治,668,台,1
3012,治,3032,泞,1
3012,治,3117,浴,1
3012,治,3187,渔,1
3012,治,3201,渲,1
3012,治,4143,祜,1
3012,治,4500,绐,1
3012,治,5636,诎,1
3013,沼,664,召,1
3013,沼,1836,忽,1
3013,沼,2420,旧,1
3013,沼,2618,柘,1
3013,沼,2959,汜,1
3013,沼,2966,汨,1
3013,沼,3016,沿,1
3014,沽,179,估,1
3014,沽,2964,污,1
3014,沽,2985,沌,1
3014,沽,2989,沔,1
3014,沽,3026,法,1
3014,沽,3070,洧,1
3014,沽,3116,浯,1
3014,沽,4503,结,1
3014,沽,5646,诘,1
3015,沾,1884,恣,1
3015,沾,2955,汔,1
3015,沾,2976,汾,1
3015,沾,2982,沆,1
3015,沾,2984,沉,1
3015,沾,3014,沽,1
3015,沾,3049,泸,1
3015,沾,4263,站,1
3015,沾,5039,茳,1
3015,沾,5625,诂,1
3015,沾,5640,诒,1
3016,沿,409,冯,1
3016,沿,415,冶,1
3016,沿,2841,次,1
3016,沿,2955,汔,1
3016,沿,2967,汩,1
3016,沿,2984,沉,1
3016,沿,3013,沼,1
3016,沿,3015,沾,1
3016,沿,3081,洺,1
3016,沿,3084,洽,1
3016,沿,3128,涓,1
3016,沿,3133,涝,1
3016,沿,5599,讥,1
3016,沿,5621,设,1
3016,沿,5640,诒,1
3016,沿,5689,谄,1
3017,泃,2994,沟,1
3017,泃,5656,询,1
3017,泃,6844,驹,1
3018,泄,3051,泻,1
3018,泄,4485,绁,1
3019,泅,1000,囚,1
3019,泅,2967,汩,1
3019,泅,3021,泊,1
3019,泅,3025,泔,1
3020,泉,1469,尔,1
3020,泉,2949,汆,1
3020,泉,3373,炙,1
3020,泉,6250,采,1
3021,泊,2954,汐,1
3021,泊,3073,洫,1
3021,泊,3080,洹,1
3021,泊,3128,涓,1
3021,泊,3203,游,1
3021,泊,5686,谁,1
3022,泌,140,以,1
3022,泌,2974,汹,1
3022,泌,2977,沁,1
3022,泌,2991,沙,1
3024,泓,1739,引,1
3024,泓,6539,阌,1
3025,泔,3050,泺,1
3025,泔,5331,蚶,1
3026,法,217,佶,1
3026,法,3071,洨,1
3026,法,3072,洪,1
3026,法,3093,浊,1
3026,法,3095,浍,1
3026,法,3124,涉,1
3026,法,5644,诖,1
3027,泖,604,卯,1
3028,泗,3019,泅,1
3028,泗,3056,洄,1
3029,泚,410,冰,1
3030,泛,2955,汔,1
3030,泛,2968,汪,1
3030,泛,3000,沧,1
3030,泛,3073,洫,1
3030,泛,4499,经,1
3030,泛,4946,芑,1
3031,泜,3618,玡,1
3031,泜,4477,纸,1
3031,泜,5617,讹,1
3031,泜,5633,诋,1
3032,泞,409,冯,1
3032,泞,769,咛,1
3032,泞,1398,宁,1
3032,泞,2069,扭,1
3032,泞,2954,汐,1
3032,泞,2964,污,1
3032,泞,3007,沱,1
3032,泞,6280,钌,1
3033,泠,416,冷,1
3034,泡,551,包,1
3034,泡,2963,池,1
3034,泡,2999,沦,1
3034,泡,3007,沱,1
3034,泡,3111,浥,1
3034,泡,4771,胞,1
3035,波,157,伋,1
3035,波,1041,圾,1
3035,波,2616,染,1
3035,波,2969,汭,1
3035,波,2973,汶,1
3035,波,3001,沨,1
3035,波,3052,泼,1
3035,波,3242,溲,1
3035,波,5621,设,1
3035,波,6516,闵,1
3036,泣,190,位,1
3036,泣,1965,愎,1
3036,泣,2118,拉,1
3036,泣,2982,沆,1
3036,泣,3040,泫,1
3036,泣,3098,浐,1
3036,泣,4873,臣,1
3037,泥,1088,垠,1
3037,泥,1268,妮,1
3037,泥,3024,泓,1
3037,泥,3190,渚,1
3037,泥,5688,调,1
3038,注,1678,庄,1
3038,注,2955,汔,1
3038,注,2975,汽,1
3038,注,2999,沦,1
3038,注,3036,泣,1
3038,注,3173,淮,1
3038,注,3384,炷,1
3038,注,3790,疙,1
3038,注,5634,诌,1
3038,注,5644,诖,1
3038,注,5654,诠,1
3039,泪,1538,岭,1
3039,泪,2729,棱,1
3039,泪,3057,洇,1
3039,泪,3070,洧,1
3039,泪,3645,珥,1
3039,泪,5135,菹,1
3039,泪,6326,钼,1
3040,泫,96,亥,1
3040,泫,3036,泣,1
3040,泫,5659,该,1
3042,泯,2979,沃,1
3042,泯,3031,泜,1
3042,泯,3635,珉,1
3043,泰,1892,恭,1
3043,泰,5744,豕,1
3045,泳,410,冰,1
3045,泳,2944,永,1
3045,泳,2967,汩,1
3045,泳,4545,绿,1
3046,泵,3472,燹,1
3046,泵,5744,豕,1
3049,泸,3003,沪,1
3051,泻,400,写,1
3051,泻,409,冯,1
3051,泻,3066,洛,1
3051,泻,3071,洨,1
3051,泻,3081,洺,1
3051,泻,3115,浮,1
3051,泻,3128,涓,1
3051,泻,3131,涘,1
3051,泻,3202,渴,1
3051,泻,3304,潟,1
3051,泻,4133,祃,1
3051,泻,5683,课,1
3051,泻,5717,谢,1
3052,泼,418,冼,1
3052,泼,1043,坂,1
3052,泼,3001,沨,1
3052,泼,3105,浚,1
3052,泼,5638,诐,1
3053,泽,622,厍,1
3053,泽,1543,岸,1
3053,泽,1549,峄,1
3053,泽,3058,洋,1
3053,泽,3102,浔,1
3053,泽,3108,浠,1
3053,泽,6850,驿,1
3055,洁,170,传,1
3055,洁,217,佶,1
3055,洁,3014,沽,1
3055,洁,3054,泾,1
3055,洁,3106,浜,1
3055,洁,3109,浡,1
3055,洁,3175,淳,1
3055,洁,3190,渚,1
3055,洁,3315,潽,1
3055,洁,5625,诂,1
3055,洁,5644,诖,1
3056,洄,2967,汩,1
3056,洄,3006,沮,1
3056,洄,3136,涠,1
3056,洄,3620,玥,1
3058,洋,776,咩,1
3058,洋,1087,垟,1
3058,洋,1677,庀,1
3058,洋,3102,浔,1
3058,洋,3162,淖,1
3058,洋,4624,羊,1
3058,洋,5627,评,1
3059,洌,461,列,1
3059,洌,3094,测,1
3060,洎,3021,泊,1
3060,洎,3039,泪,1
3060,洎,3173,淮,1
3062,洒,254,俑,1
3062,洒,3021,泊,1
3062,洒,3028,泗,1
3062,洒,3073,洫,1
3062,洒,5615,讷,1
3063,洗,359,先,1
3063,洗,414,况,1
3063,洗,2955,汔,1
3063,洗,2982,沆,1
3063,洗,2984,沉,1
3063,洗,2985,沌,1
3063,洗,3002,沩,1
3063,洗,3026,法,1
3063,洗,3072,洪,1
3063,洗,3090,浇,1
3063,洗,3110,浣,1
3065,洚,1734,弊,1
3065,洚,3053,泽,1
3065,洚,3064,洙,1
3065,洚,3140,涤,1
3065,洚,4510,绛,1
3066,洛,699,吝,1
3066,洛,3146,涫,1
3066,洛,3642,珞,1
3066,洛,4492,终,1
3066,洛,5160,落,1
3066,洛,6800,饹,1
3067,洞,2966,汨,1
3067,洞,3017,泃,1
3067,洞,3056,洄,1
3067,洞,3057,洇,1
3067,洞,5635,词,1
3068,洣,3041,泮,1
3068,洣,3090,浇,1
3068,洣,3127,涑,1
3069,津,2996,沣,1
3069,津,3083,洼,1
3069,津,3127,涑,1
3069,津,3297,潇,1
3069,津,5642,诔,1
3070,洧,5680,读,1
3071,洨,2973,汶,1
3071,洨,3095,浍,1
3071,洨,4513,绞,1
3072,洪,377,共,1
3072,洪,383,典,1
3072,洪,2972,汴,1
3072,洪,3157,淇,1
3072,洪,3641,珙,1
3072,洪,4529,绯,1
3072,洪,4958,芨,1
3074,洮,358,兆,1
3074,洮,2990,沘,1
3074,洮,4529,绯,1
3075,洱,216,佴,1
3075,洱,2966,汨,1
3075,洱,3006,沮,1
3075,洱,4548,缂,1
3076,洲,394,册,1
3076,洲,1037,圳,1
3076,洲,1607,川,1
3076,洲,3094,测,1
3076,洲,5606,训,1
3076,洲,5636,诎,1
3079,洵,3017,泃,1
3079,洵,3209,湎,1
3079,洵,5626,诃,1
3079,洵,5656,询,1
3079,洵,6515,间,1
3080,洹,411,冱,1
3081,洺,2954,汐,1
3082,活,522,动,1
3082,活,3014,沽,1
3082,活,3015,沾,1
3082,活,3084,洽,1
3082,活,3261,滘,1
3082,活,3937,盾,1
3082,活,5622,访,1
3083,洼,3026,法,1
3083,洼,3055,洁,1
3083,洼,3178,添,1
3083,洼,3184,渎,1
3083,洼,5034,茫,1
3084,洽,1258,妗,1
3084,洽,2976,汾,1
3084,洽,3081,洺,1
3084,洽,3113,浩,1
3084,洽,3170,淦,1
3084,洽,3210,湓,1
3084,洽,5619,讼,1
3084,洽,5622,访,1
3084,洽,5630,诈,1
3084,洽,5640,诒,1
3084,洽,5646,诘,1
3084,洽,5705,谕,1
3084,洽,6799,饸,1
3085,派,3031,泜,1
3085,派,3268,滤,1
3085,派,4498,绎,1
3085,派,5631,诉,1
3086,流,3120,浼,1
3086,流,4514,统,1
3087,浃,3127,涑,1
3087,浃,3134,涞,1
3088,浅,1405,宋,1
3088,浅,2514,曳,1
3088,浅,2985,沌,1
3088,浅,3005,沭,1
3089,浆,2242,掾,1
3090,浇,1479,尧,1
3090,浇,2615,柒,1
3090,浇,3026,法,1
3090,浇,3279,漉,1
3091,浈,4153,祯,1
3092,浉,1631,师,1
3092,浉,3553,狮,1
3093,浊,418,冼,1
3093,浊,3095,浍,1
3093,浊,5297,虫,1
3094,测,238,侧,1
3094,测,463,则,1
3094,测,2984,沉,1
3094,测,3059,洌,1
3094,测,3076,洲,1
3095,浍,2980,沄,1
3095,浍,3121,涂,1
3095,浍,3817,痃,1
3096,济,2999,沦,1
3096,济,3172,淬,1
3096,济,3617,玠,1
3096,济,5711,谛,1
3097,浏,499,剟,1
3098,浐,2972,汴,1
3098,浐,3003,沪,1
3099,浑,411,冱,1
3099,浑,3038,注,1
3099,浑,3058,洋,1
3099,浑,3065,洚,1
3099,浑,3121,涂,1
3099,浑,3174,深,1
3099,浑,3241,溱,1
3101,浓,242,侬,1
3101,浓,1731,弄,1
3101,浓,1828,忪,1
3103,浕,2971,汲,1
3104,浙,1040,圻,1
3104,浙,2446,昕,1
3105,浚,829,唆,1
3105,浚,2973,汶,1
3105,浚,3131,涘,1
3105,浚,5800,资,1
3107,浞,3153,淀,1
3107,浞,3188,渖,1
3108,浠,832,唏,1
3108,浠,1632,希,1
3108,浠,2993,沛,1
3109,浡,3050,泺,1
3110,浣,2975,汽,1
3110,浣,3120,浼,1
3110,浣,3271,滨,1
3110,浣,6024,达,1
3112,浦,3070,洧,1
3112,浦,3236,溥,1
3113,浩,418,冼,1
3113,浩,2976,汾,1
3113,浩,3116,浯,1
3113,浩,3900,皓,1
3113,浩,5650,诜,1
3114,浪,1430,宴,1
3114,浪,3037,泥,1
3114,浪,3085,派,1
3114,浪,3564,狼,1
3114,浪,4929,艰,1
3114,浪,6533,阆,1
3115,浮,128,仔,1
3115,浮,256,俘,1
3115,浮,424,凉,1
3115,浮,1375,字,1
3115,浮,3098,浐,1
3115,浮,3121,涂,1
3115,浮,3203,游,1
3117,浴,2980,沄,1
3117,浴,2999,沦,1
3117,浴,3081,洺,1
3117,浴,3118,海,1
3117,浴,4519,绤,1
3117,浴,5632,诊,1
3117,浴,5669,诰,1
3118,海,395,再,1
3118,海,1006,囡,1
3118,海,3070,洧,1
3118,海,5667,诮,1
3119,浸,245,侵,1
3119,浸,3109,浡,1
3119,浸,4229,穸,1
3119,浸,5716,谡,1
3119,浸,5724,谩,1
3119,浸,6407,锓,1
3119,浸,6863,骎,1
3120,浼,3220,湮,1
3120,浼,5697,谍,1
3121,涂,424,凉,1
3121,涂,2616,染,1
3121,涂,3102,浔,1
3121,涂,3164,淙,1
3121,涂,3174,深,1
3121,涂,3241,溱,1
3121,涂,5654,诠,1
3122,涅,2624,柠,1
3122,涅,3036,泣,1
3122,涅,3217,湟,1
3122,涅,5644,诖,1
3123,消,229,侑,1
3123,消,241,侪,1
3123,消,1431,宵,1
3123,消,3002,沩,1
3123,消,3017,泃,1
3123,消,3118,海,1
3123,消,3128,涓,1
3123,消,3168,淡,1
3123,消,4516,绡,1
3123,消,6070,逍,1
3124,涉,1100,垱,1
3124,涉,2861,步,1
3124,涉,2964,污,1
3124,涉,2989,沔,1
3124,涉,2991,沙,1
3124,涉,3115,浮,1
3124,涉,3123,消,1
3124,涉,5087,莎,1
3124,涉,5636,诎,1
3125,涌,254,俑,1
3125,涌,1106,埇,1
3125,涌,3209,湎,1
3125,涌,3746,甬,1
3126,涎,690,吏,1
3126,涎,2968,汪,1
3126,涎,3022,泌,1
3126,涎,3107,浞,1
3126,涎,4562,缒,1
3127,涑,3004,沫,1
3127,涑,3087,浃,1
3127,涑,5699,谏,1
3128,涓,3137,涡,1
3128,涓,4517,绢,1
3128,涓,5657,诣,1
3129,涔,3052,泼,1
3129,涔,4593,缲,1
3130,涕,1743,弟,1
3130,涕,3134,涞,1
3130,涕,4523,绨,1
3132,涛,2219,掏,1
3132,涛,3116,浯,1
3133,涝,418,冼,1
3133,涝,530,劳,1
3133,涝,1564,崂,1
3133,涝,2993,沛,1
3133,涝,3263,滞,1
3133,涝,3305,潢,1
3134,涞,3127,涑,1
3135,涟,3080,洹,1
3135,涟,3099,浑,1
3135,涟,6386,链,1
3136,涠,3164,淙,1
3137,涡,1116,埚,1
3137,涡,2969,汭,1
3137,涡,3062,洒,1
3137,涡,3128,涓,1
3137,涡,3159,淌,1
3137,涡,5615,讷,1
3138,涢,3137,涡,1
3138,涢,6719,须,1
3138,涢,6720,顼,1
3139,涣,841,唤,1
3139,涣,2841,次,1
3139,涣,2979,沃,1
3139,涣,3087,浃,1
3139,涣,3120,浼,1
3139,涣,3239,溪,1
3140,涤,3051,泻,1
3140,涤,3053,泽,1
3140,涤,3065,洚,1
3140,涤,3075,洱,1
3141,润,687,同,1
3141,润,2966,汨,1
3141,润,2967,汩,1
3141,润,2986,沏,1
3141,润,3060,洎,1
3141,润,3067,洞,1
3141,润,3079,洵,1
3141,润,3245,溷,1
3141,润,3322,澜,1
3141,润,6518,闷,1
3142,涧,3011,油,1
3142,涧,4490,细,1
3142,涧,5606,训,1
3142,涧,5656,询,1
3142,涧,6515,间,1
3143,涨,3134,涞,1
3143,涨,3228,溉,1
3143,涨,3318,澉,1
3144,涩,2188,捉,1
3144,涩,2858,止,1
3144,涩,3037,泥,1
3144,涩,5880,跫,1
3144,涩,6044,迢,1
3144,涩,6053,迮,1
3145,涪,262,信,1
3145,涪,2943,氵,1
3145,涪,2975,汽,1
3145,涪,3084,洽,1
3145,涪,3117,浴,1
3145,涪,3119,浸,1
3145,涪,3222,湾,1
3145,涪,5709,谙,1
3147,涮,463,则,1
3147,涮,3059,洌,1
3148,涯,3220,湮,1
3148,涯,3279,漉,1
3148,涯,3822,痉,1
3149,液,418,冼,1
3149,液,3070,洧,1
3149,液,5655,诡,1
3150,涵,446,函,1
3150,涵,3006,沮,1
3150,涵,3116,浯,1
3150,涵,3318,澉,1
3150,涵,4927,艮,1
3150,涵,5538,褪,1
3150,涵,5636,诎,1
3150,涵,5666,语,1
3151,涸,2420,旧,1
3151,涸,3028,泗,1
3151,涸,3056,洄,1
3151,涸,3136,涠,1
3151,涸,3245,溷,1
3151,涸,4490,细,1
3151,涸,4538,绸,1
3151,涸,5688,调,1
3153,淀,3220,湮,1
3153,淀,3278,漆,1
3153,淀,4512,绝,1
3153,淀,4543,绽,1
3153,淀,5609,记,1
3154,淄,2995,没,1
3154,淄,3216,湝,1
3154,淄,3758,甾,1
3156,淆,980,噫,1
3156,淆,3070,洧,1
3156,淆,3938,省,1
3156,淆,5713,谝,1
3157,淇,3242,溲,1
3158,淋,1868,怵,1
3158,淋,3025,泔,1
3158,淋,3104,浙,1
3158,淋,3674,琳,1
3158,淋,5610,讲,1
3159,淌,1941,惝,1
3159,淌,3021,泊,1
3159,淌,3067,洞,1
3159,淌,3116,浯,1
3159,淌,3209,湎,1
3159,淌,5956,躺,1
3159,淌,6542,阏,1
3160,淏,3110,浣,1
3160,淏,3218,湨,1
3160,淏,5683,课,1
3161,淑,274,俶,1
3161,淑,2369,敝,1
3162,淖,586,卓,1
3162,淖,3065,洚,1
3162,淖,3099,浑,1
3162,淖,3109,浡,1
3162,淖,3243,溴,1
3163,淘,1012,囱,1
3163,淘,2994,沟,1
3163,淘,3034,泡,1
3163,淘,3060,洎,1
3163,淘,3079,洵,1
3163,淘,3662,琛,1
3163,淘,6511,闰,1
3163,淘,6517,闶,1
3163,淘,6538,阋,1
3164,淙,3146,涫,1
3164,淙,3153,淀,1
3164,淙,3174,深,1
3164,淙,3671,琮,1
3165,淝,4683,耙,1
3166,淞,423,凇,1
3168,淡,117,仄,1
3168,淡,282,倓,1
3168,淡,2960,汝,1
3168,淡,3090,浇,1
3168,淡,3108,浠,1
3168,淡,3131,涘,1
3168,淡,3184,渎,1
3168,淡,3265,滠,1
3168,淡,3673,琰,1
3169,淤,1609,巡,1
3169,淤,2402,於,1
3169,淤,3071,洨,1
3169,淤,3203,游,1
3169,淤,3273,滪,1
3170,淦,3254,滍,1
3171,淫,1700,座,1
3171,淫,3030,泛,1
3171,淫,3041,泮,1
3171,淫,3116,浯,1
3171,淫,3170,淦,1
3171,淫,3260,滗,1
3171,淫,3758,甾,1
3171,淫,4520,绥,1
3171,淫,5654,诠,1
3172,淬,3065,洚,1
3172,淬,3098,浐,1
3172,淬,3257,滓,1
3172,淬,3260,滗,1
3173,淮,3060,洎,1
3173,淮,3170,淦,1
3173,淮,3272,滩,1
3173,淮,5641,诓,1
3173,淮,6622,雅,1
3174,深,1172,墚,1
3174,深,1405,宋,1
3174,深,2042,戾,1
3174,深,2695,梁,1
3174,深,3050,泺,1
3174,深,3140,涤,1
3174,深,3164,淙,1
3174,深,3238,溧,1
3175,淳,101,享,1
3175,淳,2972,汴,1
3175,淳,3032,泞,1
3175,淳,3164,淙,1
3176,混,2982,沆,1
3176,混,3008,沲,1
3176,混,3340,濯,1
3177,淹,1222,奄,1
3178,添,1823,忝,1
3178,添,3182,渌,1
3179,淼,3089,浆,1
3180,清,294,倩,1
3180,清,1327,婧,1
3180,清,3070,洧,1
3180,清,3132,涛,1
3180,清,3199,渭,1
3180,清,3231,溘,1
3180,清,3283,漕,1
3180,清,3818,痄,1
3180,清,3947,眚,1
3181,渊,3322,澜,1
3183,渍,3037,泥,1
3183,渍,3138,涢,1
3183,渍,3305,潢,1
3184,渎,4527,续,1
3185,渐,3104,浙,1
3185,渐,3321,澎,1
3186,渑,4533,绳,1
3187,渔,21,丛,1
3187,渔,3031,泜,1
3187,渔,3080,洹,1
3187,渔,3194,渣,1
3187,渔,3201,渲,1
3187,渔,3209,湎,1
3187,渔,5689,谄,1
3187,渔,6935,鱼,1
3188,渖,3182,渌,1
3189,渗,1474,尜,1
3189,渗,4447,縻,1
3189,渗,5710,谚,1
3190,渚,1148,堵,1
3190,渚,3209,湎,1
3190,渚,3219,湫,1
3190,渚,5534,褚,1
3191,渝,260,俞,1
3191,渝,2243,揄,1
3191,渝,3031,泜,1
3191,渝,5550,西,1
3192,渠,4359,篑,1
3192,渠,4411,粱,1
3193,渡,1699,度,1
3193,渡,3148,涯,1
3194,渣,904,喳,1
3194,渣,3180,清,1
3194,渣,3200,港,1
3194,渣,3227,溇,1
3194,渣,3306,潦,1
3194,渣,5644,诖,1
3195,渤,533,勃,1
3195,渤,3318,澉,1
3196,渥,3241,溱,1
3197,温,290,倡,1
3197,温,2265,揾,1
3197,温,3111,浥,1
3197,温,3186,渑,1
3197,温,3196,渥,1
3197,温,3201,渲,1
3197,温,3210,湓,1
3197,温,3247,溻,1
3199,渭,3128,涓,1
3199,渭,3202,渴,1
3199,渭,3283,漕,1
3200,港,1623,巷,1
3200,港,3129,涔,1
3200,港,4541,绻,1
3201,渲,3006,沮,1
3201,渲,3264,滟,1
3202,渴,598,卤,1
3202,渴,1100,垱,1
3202,渴,1884,恣,1
3202,渴,3137,涡,1
3202,渴,5657,诣,1
3203,游,3175,淳,1
3203,游,3246,溺,1
3204,渺,2991,沙,1
3204,渺,3039,泪,1
3204,渺,3242,溲,1
3204,渺,3318,澉,1
3205,湃,2841,次,1
3205,湃,4506,绗,1
3208,湍,896,喘,1
3208,湍,2457,昴,1
3208,湍,3014,沽,1
3208,湍,3108,浠,1
3208,湍,3338,濡,1
3208,湍,4171,禺,1
3209,湎,1094,垧,1
3210,湓,3196,渥,1
3211,湔,3206,湄,1
3211,湔,5726,谫,1
3212,湖,3213,湘,1
3212,湖,3443,煳,1
3212,湖,4422,糊,1
3212,湖,4772,胡,1
3212,湖,4940,芈,1
3212,湖,5405,蝴,1
3213,湘,869,啪,1
3213,湘,1270,妲,1
3213,湘,2680,桕,1
3213,湘,3155,淅,1
3213,湘,3190,渚,1
3213,湘,3212,湖,1
3213,湘,3634,珈,1
3213,湘,3934,相,1
3213,湘,4549,缃,1
3214,湛,3200,港,1
3214,湛,5698,谎,1
3215,湜,2001,憷,1
3215,湜,2455,是,1
3215,湜,3288,漫,1
3215,湜,4553,缇,1
3215,湜,6073,逑,1
3216,湝,3258,滔,1
3217,湟,3106,浜,1
3218,湨,3160,淏,1
3219,湫,3226,溆,1
3219,湫,4180,秋,1
3220,湮,3217,湟,1
3221,湲,3478,爰,1
3221,湲,4563,缓,1
3221,湲,5676,请,1
3222,湾,1151,塆,1
3222,湾,1751,弯,1
3222,湾,3116,浯,1
3222,湾,3189,渗,1
3222,湾,5704,谔,1
3223,湿,290,倡,1
3223,湿,3080,洹,1
3223,湿,3288,漫,1
3224,溃,3168,淡,1
3224,溃,3910,盅,1
3224,溃,5715,谠,1
3224,溃,5772,质,1
3225,溅,5781,贱,1
3225,溅,6395,锇,1
3226,溆,3161,淑,1
3226,溆,3201,渲,1
3227,溇,2269,搂,1
3227,溇,4565,缕,1
3228,溉,1988,慨,1
3228,溉,2185,捃,1
3228,溉,3042,泯,1
3229,溏,1168,墉,1
3230,源,627,原,1
3230,源,1186,壮,1
3230,源,3148,涯,1
3230,源,3206,湄,1
3230,源,5690,谅,1
3232,溜,3052,泼,1
3232,溜,3199,渭,1
3232,溜,3216,湝,1
3232,溜,3258,滔,1
3233,溟,3288,漫,1
3234,溠,5679,诺,1
3235,溢,3301,潘,1
3235,溢,4577,缢,1
3235,溢,5722,谧,1
3237,溦,3311,潵,1
3239,溪,1378,孚,1
3239,溪,3221,湲,1
3239,溪,5659,该,1
3239,溪,5675,诶,1
3240,溯,2528,朔,1
3240,溯,3078,洴,1
3240,溯,3128,涓,1
3240,溯,4562,缒,1
3241,溱,428,凑,1
3242,溲,3210,湓,1
3243,溴,3218,湨,1
3244,溶,2969,汭,1
3244,溶,3051,泻,1
3244,溶,3054,泾,1
3244,溶,3117,浴,1
3244,溶,3145,涪,1
3244,溶,3146,涫,1
3244,溶,3200,港,1
3244,溶,3234,溠,1
3244,溶,3261,滘,1
3244,溶,3262,滚,1
3244,溶,5716,谡,1
3246,溺,3023,泐,1
3246,溺,3240,溯,1
3246,溺,3247,溻,1
3246,溺,3251,滃,1
3246,溺,5663,诩,1
3248,溽,3236,溥,1
3248,溽,6020,辱,1
3250,滂,420,净,1
3250,滂,2404,旁,1
3252,滇,3157,淇,1
3253,滋,2964,污,1
3253,滋,3024,泓,1
3253,滋,3026,法,1
3253,滋,3081,洺,1
3253,滋,3237,溦,1
3254,滍,3305,潢,1
3255,滏,3170,淦,1
3256,滑,855,啃,1
3256,滑,3102,浔,1
3256,滑,3180,清,1
3256,滑,3216,湝,1
3257,滓,3292,漳,1
3257,滓,5661,诧,1
3258,滔,415,冶,1
3258,滔,3132,涛,1
3258,滔,3159,淌,1
3258,滔,3190,渚,1
3258,滔,3232,溜,1
3259,滕,4856,膝,1
3262,滚,3337,濠,1
3262,滚,5474,衮,1
3263,滞,4975,芾,1
3266,满,3190,渚,1
3266,满,3231,溘,1
3266,满,3262,滚,1
3266,满,4576,缡,1
3266,满,5065,荡,1
3266,满,5119,菏,1
3266,满,5638,诐,1
3266,满,5711,谛,1
3266,满,5926,蹒,1
3267,滢,5108,莹,1
3268,滤,293,倨,1
3268,滤,2983,沈,1
3268,滤,3051,泻,1
3268,滤,3086,流,1
3269,滥,2995,没,1
3269,滥,3254,滍,1
3269,滥,3470,燧,1
3270,滦,323,傈,1
3270,滦,3050,泺,1
3270,滦,3134,涞,1
3270,滦,3170,淦,1
3270,滦,3174,深,1
3270,滦,5691,谆,1
3271,滨,327,傧,1
3271,滨,1436,宾,1
3271,滨,2202,捩,1
3271,滨,2296,摈,1
3271,滨,3044,泱,1
3271,滨,3106,浜,1
3271,滨,3131,涘,1
3271,滨,3239,溪,1
3271,滨,3250,滂,1
3271,滨,3282,演,1
3271,滨,4579,缤,1
3271,滨,5601,讧,1
3272,滩,4085,碓,1
3272,滩,4209,稚,1
3272,滩,6626,雌,1
3272,滩,6868,骓,1
3273,滪,2283,搦,1
3273,滪,3023,泐,1
3273,滪,6728,预,1
3275,滴,1503,屑,1
3275,滴,3065,洚,1
3275,滴,3300,潏,1
3276,滹,5701,谑,1
3277,漂,323,傈,1
3277,漂,424,凉,1
3277,漂,3080,洹,1
3277,漂,3307,潭,1
3277,漂,4151,票,1
3277,漂,4542,综,1
3277,漂,4580,缥,1
3277,漂,5695,谋,1
3277,漂,5714,谟,1
3278,漆,1121,埭,1
3278,漆,3182,渌,1
3280,漏,3266,满,1
3281,漓,1641,帚,1
3281,漓,3250,滂,1
3281,漓,3280,漏,1
3281,漓,3294,漹,1
3281,漓,3698,璃,1
3281,漓,4576,缡,1
3282,演,1203,夤,1
3282,演,3131,涘,1
3282,演,3146,涫,1
3282,演,3201,渲,1
3282,演,3254,滍,1
3282,演,3305,潢,1
3282,演,3338,濡,1
3282,演,3347,瀵,1
3284,漠,3157,淇,1
3284,漠,3160,淏,1
3284,漠,3184,渎,1
3284,漠,3243,溴,1
3284,漠,3254,滍,1
3285,漤,2703,梦,1
3286,漩,940,嗾,1
3286,漩,3168,淡,1
3286,漩,3299,潍,1
3287,漪,3574,猗,1
3288,漫,3105,浚,1
3288,漫,3459,熳,1
3288,漫,4581,缦,1
3288,漫,5715,谠,1
3289,漭,3098,浐,1
3290,漯,3175,淳,1
3290,漯,4582,缧,1
3291,漱,423,凇,1
3291,漱,3161,淑,1
3291,漱,4749,肷,1
3292,漳,1702,庳,1
3292,漳,3065,洚,1
3292,漳,3083,洼,1
3292,漳,3098,浐,1
3292,漳,3162,淖,1
3292,漳,5658,诤,1
3295,漾,37,丶,1
3295,漾,3182,渌,1
3295,漾,3253,滋,1
3295,漾,3265,滠,1
3296,潆,3109,浡,1
3296,潆,3337,濠,1
3296,潆,5153,萦,1
3297,潇,5725,谪,1
3299,潍,4534,维,1
3299,潍,5686,谁,1
3300,潏,5733,谲,1
3301,潘,1175,墦,1
3301,潘,2573,杳,1
3301,潘,3775,畲,1
3302,潜,5729,谮,1
3303,潞,3346,瀣,1
3303,潞,3704,璐,1
3303,潞,3865,瘩,1
3303,潞,5669,诰,1
3304,潟,3202,渴,1
3304,潟,3208,湍,1
3306,潦,1376,存,1
3306,潦,3666,琦,1
3306,潦,4588,缭,1
3307,潭,3162,淖,1
3307,潭,3294,漹,1
3307,潭,5552,覃,1
3308,潮,2532,朝,1
3308,潮,5368,蜊,1
3311,潵,2372,散,1
3311,潵,3247,溻,1
3314,潼,3187,渔,1
3316,澄,3060,洎,1
3316,澄,3201,渲,1
3316,澄,3228,溉,1
3316,澄,3233,溟,1
3316,澄,3267,滢,1
3316,澄,4585,缪,1
3316,澄,6592,陪,1
3317,澈,1241,奴,1
3317,澈,3086,流,1
3319,澌,2399,斯,1
3321,澎,2059,扔,1
3321,澎,3190,渚,1
3321,澎,3320,澍,1
3322,澜,2180,挲,1
3322,澜,3852,瘌,1
3322,澜,5234,蔺,1
3322,澜,6527,阀,1
3322,澜,6531,阄,1
3323,澡,2972,汴,1
3323,澡,3497,牚,1
3323,澡,4593,缲,1
3324,澥,3269,滥,1
3326,澳,1717,廙,1
3326,澳,3160,淏,1
3326,澳,3218,湨,1
3326,澳,3243,溴,1
3326,澳,5685,谀,1
3326,澳,6587,院,1
3327,澴,4594,缳,1
3328,澶,3201,渲,1
3330,澼,346,僻,1
3331,激,3237,溦,1
3331,激,3242,溲,1
3331,激,3313,潺,1
3332,濂,3282,演,1
3334,濑,2008,懒,1
3334,濑,3291,漱,1
3335,濒,2973,汶,1
3335,濒,3334,濑,1
3335,濒,6749,颜,1
3338,濡,3277,漂,1
3338,濡,3679,瑀,1
3341,瀌,3279,漉,1
3343,瀑,5724,谩,1
3347,瀵,62,乙,1
3348,瀹,3191,渝,1
3350,灌,3262,滚,1
3350,灌,4565,缕,1
3350,灌,5147,萑,1
3351,灏,37,丶,1
3353,火,1811,忆,1
3353,火,2841,次,1
3353,火,5554,见,1
3353,火,5598,认,1
3355,灭,8,下,1
3355,灭,117,仄,1
3355,灭,1206,天,1
3356,灯,1673,幻,1
3357,灰,117,仄,1
3357,灰,1490,尿,1
3357,灰,1679,庆,1
3357,灰,5647,诙,1
3358,灵,1760,录,1
3358,灵,2438,昆,1
3358,灵,2440,昊,1
3358,灵,4927,艮,1
3359,灶,1259,妙,1
3359,灶,2992,沚,1
3359,灶,3363,灿,1
3359,灶,3384,炷,1
3359,灶,3398,烛,1
3359,灶,5601,讧,1
3360,灸,1761,彖,1
3360,灸,3373,炙,1
3360,灸,4010,矢,1
3360,灸,4011,矣,1
3361,灼,1246,妁,1
3361,灼,1819,忖,1
3361,灼,2557,杓,1
3361,灼,3375,炝,1
3362,灾,1417,实,1
3362,灾,1433,宸,1
3362,灾,3355,灭,1
3362,灾,4226,穴,1
3363,灿,4394,籼,1
3363,灿,5604,讪,1
3364,炀,3614,玚,1
3365,炅,3358,灵,1
3366,炉,1631,师,1
3367,炊,719,吹,1
3367,炊,1839,怀,1
3367,炊,3420,焕,1
3367,炊,6789,饮,1
3368,炎,31,丫,1
3368,炎,2841,次,1
3368,炎,3360,灸,1
3368,炎,3365,炅,1
3368,炎,3533,狁,1
3368,炎,4281,笋,1
3368,炎,5836,走,1
3369,炒,1520,岈,1
3369,炒,3363,灿,1
3370,炔,1849,怏,1
3370,炔,5322,蚨,1
3371,炕,94,亢,1
3371,炕,3361,灼,1
3371,炕,3367,炊,1
3373,炙,1221,奂,1
3373,炙,3358,灵,1
3373,炙,3360,灸,1
3373,炙,5746,象,1
3374,炜,1290,姨,1
3375,炝,3428,焰,1
3376,炟,1062,坦,1
3376,炟,1064,坩,1
3376,炟,1855,怛,1
3377,炫,2659,核,1
3377,炫,3040,泫,1
3377,炫,3384,炷,1
3378,炬,3403,烦,1
3378,炬,4014,矩,1
3378,炬,6053,迮,1
3379,炭,1433,宸,1
3380,炮,1845,怆,1
3380,炮,3539,狍,1
3381,炯,747,呵,1
3381,炯,1890,恫,1
3381,炯,3401,烟,1
3381,炯,3421,焖,1
3381,炯,5344,蛔,1
3382,炱,789,哀,1
3382,炱,1858,怠,1
3382,炱,4011,矣,1
3383,炳,6798,饷,1
3384,炷,3359,灶,1
3384,炷,3393,烃,1
3384,炷,4204,程,1
3385,炸,1826,忤,1
3385,炸,2623,柞,1
3385,炸,3384,炷,1
3385,炸,5328,蚱,1
3386,点,376,兰,1
3386,点,594,占,1
3386,点,688,名,1
3386,点,1221,奂,1
3386,点,1869,总,1
3386,点,2674,桌,1
3386,点,5852,足,1
3387,炻,3418,焐,1
3388,炼,3391,烁,1
3388,炼,3427,焯,1
3388,炼,5473,衬,1
3389,炽,3363,灿,1
3389,炽,3398,烛,1
3389,炽,3451,熘,1
3391,烁,3361,灼,1
3393,烃,3054,泾,1
3393,烃,3417,焌,1
3394,烈,2869,殂,1
3394,烈,3639,珐,1
3395,烊,1087,垟,1
3395,烊,3405,烨,1
3396,烘,3377,炫,1
3396,烘,3389,炽,1
3396,烘,3404,烧,1
3396,烘,5301,虹,1
3397,烙,1549,峄,1
3397,烙,1928,悸,1
3397,烙,2661,格,1
3397,烙,3393,烃,1
3397,烙,3418,焐,1
3399,烜,1878,恒,1
3399,烜,3376,炟,1
3399,烜,3378,炬,1
3399,烜,3406,烩,1
3399,烜,3435,煜,1
3400,烝,24,丞,1
3401,烟,787,咽,1
3401,烟,1932,惆,1
3401,烟,3057,洇,1
3401,烟,3381,炯,1
3401,烟,3421,焖,1
3402,烤,821,哮,1
3402,烤,1891,恬,1
3402,烤,2151,拷,1
3402,烤,2577,杼,1
3403,烦,1585,嵋,1
3403,烦,3378,炬,1
3403,烦,3399,烜,1
3403,烦,4067,硕,1
3403,烦,5869,跖,1
3403,烦,6724,颀,1
3404,烧,1300,娆,1
3404,烧,3374,炜,1
3404,烧,3396,烘,1
3404,烧,3411,烷,1
3404,烧,5299,虮,1
3404,烧,5356,蛲,1
3405,烨,1929,悻,1
3406,烩,1894,恰,1
3406,烩,3377,炫,1
3406,烩,3420,焕,1
3407,烫,2512,曰,1
3407,烫,2965,汤,1
3407,烫,3160,淏,1
3407,烫,3327,澴,1
3407,烫,5652,诞,1
3407,烫,5849,趟,1
3408,烬,1248,妃,1
3409,热,90,些,1
3409,热,2064,执,1
3409,热,2218,掎,1
3410,烯,1955,惴,1
3410,烯,2475,晞,1
3410,烯,3108,浠,1
3410,烯,4098,碲,1
3410,烯,4200,稀,1
3411,烷,1103,垸,1
3411,烷,6587,院,1
3412,烹,101,享,1
3412,烹,1273,妾,1
3412,烹,1966,意,1
3413,烺,1887,恨,1
3414,烽,1871,怿,1
3414,烽,3140,涤,1
3414,烽,3416,焊,1
3415,焉,3294,漹,1
3415,焉,4528,绮,1
3415,焉,4657,翥,1
3416,焊,776,咩,1
3416,焊,2191,捍,1
3416,焊,3389,炽,1
3417,焌,1913,悛,1
3418,焐,1915,悟,1
3418,焐,3512,牾,1
3419,焓,3397,烙,1
3420,焕,940,嗾,1
3420,焕,1910,悔,1
3420,焕,2199,换,1
3420,焕,3393,烃,1
3420,焕,3403,烦,1
3422,焘,24,丞,1
3422,焘,1461,寿,1
3422,焘,4153,祯,1
3423,焙,3375,炝,1
3423,焙,3392,烂,1
3423,焙,3404,烧,1
3423,焙,3406,烩,1
3423,焙,5582,訄,1
3424,焚,4643,羿,1
3425,焜,1887,恨,1
3426,焦,18,丘,1
3426,焦,141,仨,1
3426,焦,271,俱,1
3426,焦,340,僬,1
3426,焦,2419,旦,1
3426,焦,6615,隹,1
3427,焯,3395,烊,1
3428,焰,791,哂,1
3428,焰,1246,妁,1
3428,焰,3364,炀,1
3428,焰,3421,焖,1
3428,焰,3451,熘,1
3428,焰,3474,爝,1
3429,焱,3379,炭,1
3429,焱,5136,菼,1
3430,然,232,供,1
3430,然,1280,姓,1
3430,然,6054,述,1
3432,煊,3399,烜,1
3433,煌,901,喤,1
3433,煌,1659,幌,1
3433,煌,3406,烩,1
3434,煎,386,兼,1
3434,煎,491,前,1
3434,煎,1603,巅,1
3434,煎,2814,樵,1
3435,煜,3396,烘,1
3436,煞,2363,敏,1
3437,煤,1976,愫,1
3437,煤,3198,渫,1
3437,煤,3396,烘,1
3438,煦,2454,昭,1
3439,照,1863,怨,1
3439,照,2454,昭,1
3439,照,3394,烈,1
3440,煨,884,喂,1
3440,煨,3425,焜,1
3441,煮,14,专,1
3441,煮,1529,岙,1
3441,煮,4012,知,1
3441,煮,4671,者,1
3442,煲,4882,臾,1
3443,煳,3381,炯,1
3445,煺,3413,烺,1
3446,煽,766,咖,1
3446,煽,3428,焰,1
3446,煽,3456,熥,1
3446,煽,3474,爝,1
3446,煽,6878,骟,1
3447,熄,704,吣,1
3447,熄,3389,炽,1
3447,熄,3404,烧,1
3447,熄,3406,烩,1
3448,熊,23,丝,1
3448,熊,4792,能,1
3449,熏,3412,烹,1
3449,熏,5957,軎,1
3450,熔,1125,培,1
3450,熔,1566,崆,1
3450,熔,1915,悟,1
3450,熔,3411,烷,1
3450,熔,3432,煊,1
3450,熔,7038,鸩,1
3453,熜,934,嗯,1
3453,熜,3447,熄,1
3454,熟,532,势,1
3454,熟,1996,憝,1
3454,熟,2400,新,1
3454,熟,6932,魏,1
3456,熥,1566,崆,1
3456,熥,3378,炬,1
3457,熨,6887,骰,1
3460,熵,1967,愔,1
3462,燃,1712,廋,1
3462,燃,3453,熜,1
3463,燊,2733,棻,1
3464,燎,4587,缬,1
3467,燕,1970,感,1
3467,燕,2006,懋,1
3467,燕,5225,蔗,1
3467,燕,5241,蕊,1
3469,燥,1979,慊,1
3469,燥,3417,焌,1
3469,燥,3420,焕,1
3469,燥,5993,辉,1
3473,爆,3469,燥,1
3473,爆,5993,辉,1
3475,爨,1611,工,1
3476,爪,112,亿,1
3476,爪,117,仄,1
3476,爪,138,代,1
3476,爪,621,厌,1
3476,爪,1606,巛,1
3477,爬,13,丑,1
3477,爬,6762,飑,1
3478,爰,3479,爱,1
3479,爱,1195,夏,1
3479,爱,3221,湲,1
3480,爵,2465,晋,1
3480,爵,5103,莳,1
3480,爵,7025,鳟,1
3481,父,45,乂,1
3481,父,47,久,1
3481,父,50,义,1
3481,父,646,反,1
3481,父,3485,爻,1
3482,爷,43,举,1
3482,爷,606,危,1
3482,爷,1200,多,1
3482,爷,3481,父,1
3482,爷,6258,釜,1
3483,爸,4983,苍,1
3484,爹,2395,斧,1
3484,爹,2930,氡,1
3485,爻,3481,父,1
3487,爿,32,丬,1
3487,爿,2040,户,1
3488,牁,6303,钥,1
3490,片,359,先,1
3490,片,375,兮,1
3490,片,1397,宀,1
3490,片,2401,方,1
3490,片,3312,潸,1
3490,片,3740,生,1
3490,片,3753,电,1
3491,版,3504,牧,1
3491,版,3761,畈,1
3492,牌,311,做,1
3492,牌,805,哔,1
3492,牌,865,啤,1
3492,牌,4828,腙,1
3492,牌,5363,蜂,1
3492,牌,5385,蜱,1
3493,牍,2743,椟,1
3493,牍,3184,渎,1
3496,牙,56,乐,1
3496,牙,1371,孑,1
3496,牙,1667,干,1
3496,牙,2644,栎,1
3496,牙,4008,矛,1
3497,牚,2217,掌,1
3497,牚,4232,穿,1
3498,牛,34,丰,1
3498,牛,87,井,1
3498,牛,579,午,1
3498,牛,2052,手,1
3498,牛,2386,斗,1
3498,牛,6312,钮,1
3499,牝,3501,牡,1
3499,牝,5969,轱,1
3500,牟,378,关,1
3500,牟,581,半,1
3500,牟,3768,畚,1
3500,牟,4011,矣,1
3501,牡,1029,在,1
3501,牡,3499,牝,1
3501,牡,3507,牯,1
3501,牡,4598,缸,1
3501,牡,6281,钍,1
3502,牢,168,伞,1
3502,牢,401,军,1
3502,牢,1402,宇,1
3502,牢,1419,审,1
3502,牢,4941,芊,1
3504,牧,2061,扛,1
3504,牧,3499,牝,1
3504,牧,3505,物,1
3505,物,468,判,1
3505,物,1246,妁,1
3505,物,1832,忱,1
3505,物,1937,惕,1
3505,物,2219,掏,1
3505,物,3504,牧,1
3505,物,6703,韧,1
3508,牲,1280,姓,1
3508,牲,2187,捆,1
3508,牲,3501,牡,1
3508,牲,4769,胜,1
3508,牲,6281,钍,1
3509,牵,4699,耷,1
3510,特,1458,寺,1
3510,特,1464,将,1
3511,牺,2094,抛,1
3511,牺,3383,炳,1
3511,牺,3501,牡,1
3511,牺,3505,物,1
3511,牺,6150,邾,1
3512,牾,3513,牿,1
3513,牿,1451,寤,1
3514,犀,4283,笑,1
3514,犀,4696,耳,1
3514,犀,6020,辱,1
3515,犁,2226,掣,1
3515,犁,2705,梨,1
3517,犊,1106,埇,1
3517,犊,3493,牍,1
3517,犊,3516,犄,1
3517,犊,4326,筷,1
3519,犍,5346,蛙,1
3520,犏,4426,糖,1
3521,犒,2280,搞,1
3521,犒,2790,槁,1
3521,犒,3504,牧,1
3521,犒,4219,稿,1
3524,犬,5,丈,1
3524,犬,1206,天,1
3526,犯,3533,狁,1
3526,犯,3539,狍,1
3528,犴,2063,扦,1
3529,状,1827,忧,1
3532,犹,179,估,1
3532,犹,3527,犰,1
3532,犹,5107,莸,1
3532,犹,6786,饫,1
3534,狂,1630,帆,1
3534,狂,2060,托,1
3534,狂,3527,犰,1
3534,狂,5478,衽,1
3534,狂,5982,轾,1
3535,狃,2069,扭,1
3536,狄,457,刎,1
3536,狄,3527,犰,1
3536,狄,6834,驮,1
3537,狈,2596,枧,1
3537,狈,3545,狝,1
3537,狈,6299,钡,1
3538,狉,1875,恋,1
3538,狉,2125,拓,1
3538,狉,3534,狂,1
3539,狍,2104,抱,1
3540,狎,2108,押,1
3541,狐,3533,狁,1
3541,狐,3543,狗,1
3542,狒,2111,拂,1
3542,狒,2238,掷,1
3543,狗,3531,犸,1
3543,狗,3539,狍,1
3543,狗,4787,胴,1
3544,狙,3527,犰,1
3544,狙,4186,租,1
3544,狙,4760,胆,1
3545,狝,3558,狳,1
3545,狝,4195,称,1
3546,狞,1398,宁,1
3546,狞,3032,泞,1
3546,狞,3528,犴,1
3546,狞,3530,犷,1
3546,狞,3567,猄,1
3547,狠,2660,根,1
3547,狠,3548,狡,1
3547,狠,3564,狼,1
3547,狠,4201,稂,1
3548,狡,2222,掖,1
3548,狡,2407,旅,1
3548,狡,3071,洨,1
3548,狡,3552,狭,1
3548,狡,3567,猄,1
3548,狡,3577,猝,1
3548,狡,3762,畋,1
3549,狨,2144,拭,1
3550,狩,2189,捋,1
3550,狩,3546,狞,1
3550,狩,3555,狰,1
3552,狭,3551,独,1
3552,狭,3595,獏,1
3553,狮,1631,师,1
3554,狯,166,会,1
3555,狰,3574,猗,1
3555,狰,5658,诤,1
3557,狲,5473,衬,1
3558,狳,3578,猞,1
3560,狷,2192,捎,1
3560,狷,3585,猬,1
3561,狸,2193,捏,1
3561,狸,3579,猡,1
3561,狸,3591,猹,1
3561,狸,4843,腽,1
3563,狻,3548,狡,1
3564,狼,2110,抿,1
3566,猃,2198,捡,1
3567,猄,2224,掠,1
3568,猇,2271,搋,1
3570,猎,2209,捺,1
3570,猎,3560,狷,1
3570,猎,3576,猜,1
3570,猎,4819,腊,1
3571,猓,2245,揉,1
3571,猓,3547,狠,1
3572,猕,3557,狲,1
3573,猖,1318,娼,1
3573,猖,1434,容,1
3573,猖,3548,狡,1
3573,猖,3560,狷,1
3573,猖,3575,猛,1
3573,猖,3579,猡,1
3573,猖,3590,猸,1
3574,猗,2218,掎,1
3575,猛,2491,暄,1
3575,猛,3531,犸,1
3575,猛,3591,猹,1
3575,猛,4165,福,1
3575,猛,4921,艋,1
3576,猜,264,俦,1
3576,猜,1327,婧,1
3576,猜,2252,揞,1
3576,猜,3560,狷,1
3576,猜,3574,猗,1
3576,猜,3591,猹,1
3576,猜,3592,猾,1
3576,猜,4089,碛,1
3576,猜,4818,腈,1
3578,猞,1258,妗,1
3578,猞,2207,捶,1
3580,猢,3540,狎,1
3580,猢,4422,糊,1
3582,猩,2410,旌,1
3582,猩,3539,狍,1
3582,猩,3550,狩,1
3582,猩,3566,猃,1
3582,猩,3587,猱,1
3582,猩,3633,珂,1
3582,猩,4831,腥,1
3583,猪,307,偌,1
3583,猪,3310,潴,1
3583,猪,3574,猗,1
3583,猪,3584,猫,1
3583,猪,4089,碛,1
3584,猫,3570,猎,1
3584,猫,3573,猖,1
3584,猫,3590,猸,1
3584,猫,3984,瞄,1
3585,猬,3573,猖,1
3585,猬,3592,猾,1
3586,献,338,僦,1
3586,献,589,南,1
3588,猴,285,候,1
3588,猴,4420,糇,1
3589,猷,3597,獒,1
3591,猹,2263,揸,1
3592,猾,3560,狷,1
3592,猾,3576,猜,1
3593,猿,3567,猄,1
3593,猿,3594,獍,1
3593,猿,4526,绫,1
3593,猿,5481,袁,1
3594,獍,3596,獐,1
3595,獏,2305,摸,1
3597,獒,2875,殊,1
3598,獗,2311,撅,1
3601,獭,2326,撷,1
3601,獭,3334,濑,1
3601,獭,3588,猴,1
3605,玄,82,亏,1
3605,玄,96,亥,1
3605,玄,360,光,1
3605,玄,636,去,1
3606,率,1733,弈,1
3606,率,6011,辛,1
3606,率,6273,钅,1
3607,玉,62,乙,1
3607,玉,83,云,1
3607,玉,4260,立,1
3608,王,93,亡,1
3608,王,1027,土,1
3608,王,1184,士,1
3608,王,1185,壬,1
3608,王,1611,工,1
3611,玕,3645,珥,1
3612,玖,2355,改,1
3612,玖,2356,攻,1
3612,玖,2841,次,1
3612,玖,3631,玻,1
3612,玖,4454,纠,1
3612,玖,5629,识,1
3613,玙,3664,琤,1
3614,玚,1039,场,1
3615,玛,409,冯,1
3615,玛,1745,弥,1
3615,玛,3633,珂,1
3615,玛,7034,鸤,1
3618,玡,3611,玕,1
3618,玡,3663,琢,1
3618,玡,4032,砑,1
3618,玡,5614,讶,1
3620,玥,3633,珂,1
3622,玩,1051,坑,1
3622,玩,3371,炕,1
3622,玩,3656,琉,1
3622,玩,5605,讫,1
3623,玫,1058,坟,1
3623,玫,2357,放,1
3623,玫,2362,敌,1
3623,玫,2920,民,1
3623,玫,2973,汶,1
3623,玫,4023,矽,1
3623,玫,5311,蚊,1
3623,玫,6716,顸,1
3625,环,694,吓,1
3625,环,1839,怀,1
3625,环,2088,抔,1
3625,环,2587,林,1
3626,现,1035,圯,1
3626,现,1528,岘,1
3626,现,2596,枧,1
3626,现,3654,理,1
3626,现,3668,琪,1
3626,现,4668,老,1
3626,现,5629,识,1
3626,现,5637,诏,1
3626,现,6720,顼,1
3627,玲,3033,泠,1
3627,玲,3612,玖,1
3627,玲,3619,玢,1
3627,玲,3637,珍,1
3627,玲,4009,矜,1
3629,玷,1066,坫,1
3629,玷,3639,珐,1
3629,玷,3642,珞,1
3629,玷,3691,瑭,1
3629,玷,3713,璪,1
3629,玷,4263,站,1
3631,玻,1060,坡,1
3631,玻,5302,虺,1
3632,珀,3653,琅,1
3633,珂,3618,玡,1
3635,珉,2921,氓,1
3636,珊,394,册,1
3636,珊,3616,玟,1
3637,珍,69,书,1
3637,珍,1098,垮,1
3637,珍,2871,殄,1
3637,珍,3609,玎,1
3639,珐,1054,坛,1
3639,珐,5605,讫,1
3639,珐,5646,诘,1
3640,珑,1077,垅,1
3641,珙,3072,洪,1
3641,珙,3683,瑗,1
3643,珠,3064,洙,1
3643,珠,3621,玦,1
3643,珠,4802,脒,1
3643,珠,5492,袜,1
3644,珣,3673,琰,1
3645,珥,6346,铒,1
3648,班,3610,玑,1
3648,班,3659,琏,1
3651,珽,2182,挺,1
3651,珽,3126,涎,1
3652,球,2724,棣,1
3652,球,3628,玳,1
3652,球,3640,珑,1
3653,琅,1088,垠,1
3653,琅,3635,珉,1
3653,琅,3692,瑰,1
3653,琅,4201,稂,1
3653,琅,4929,艰,1
3653,琅,6406,锒,1
3654,理,1062,坦,1
3654,理,1107,埋,1
3654,理,2531,望,1
3654,理,3186,渑,1
3654,理,3561,狸,1
3654,理,4210,稞,1
3655,琇,5670,诱,1
3656,琉,1149,塃,1
3656,琉,1165,境,1
3656,琉,1618,巯,1
3656,琉,3665,琥,1
3656,琉,3670,琬,1
3659,琏,4036,砗,1
3660,琐,839,唢,1
3660,琐,2192,捎,1
3660,琐,3070,洧,1
3660,琐,3091,浈,1
3660,琐,3686,瑛,1
3660,琐,4071,硝,1
3660,琐,5772,质,1
3662,琛,6589,陧,1
3663,琢,3614,玚,1
3663,琢,5681,诼,1
3664,琤,3666,琦,1
3666,琦,3613,玙,1
3667,琨,3176,混,1
3668,琪,2717,棋,1
3668,琪,2989,沔,1
3668,琪,5378,蜞,1
3671,琮,2720,棕,1
3671,琮,3164,淙,1
3671,琮,4542,综,1
3673,琰,3168,淡,1
3673,琰,3686,瑛,1
3674,琳,3641,珙,1
3674,琳,5717,谢,1
3675,琴,3635,珉,1
3675,琴,5132,菱,1
3676,琵,2438,昆,1
3676,琵,3638,珏,1
3676,琵,4233,窀,1
3677,琶,2755,楚,1
3677,琶,2906,毡,1
3677,琶,4278,笆,1
3678,琼,424,凉,1
3678,琼,1245,好,1
3678,琼,2356,攻,1
3678,琼,3671,琮,1
3678,琼,5690,谅,1
3678,琼,6573,际,1
3678,琼,6588,除,1
3680,瑁,3693,瑶,1
3685,瑚,2004,懈,1
3685,瑚,3212,湖,1
3685,瑚,4772,胡,1
3688,瑞,1955,惴,1
3688,瑞,3619,玢,1
3688,瑞,3696,璀,1
3688,瑞,5911,踹,1
3689,瑟,1872,恁,1
3689,瑟,2421,旨,1
3689,瑟,2902,毖,1
3689,瑟,3609,玎,1
3689,瑟,3638,珏,1
3689,瑟,5716,谡,1
3692,瑰,3623,玫,1
3692,瑰,6379,铷,1
3693,瑶,2295,摇,1
3693,瑶,3683,瑗,1
3693,瑶,3713,璪,1
3693,瑶,4339,箜,1
3693,瑶,5650,诜,1
3693,瑶,5654,诠,1
3693,瑶,6720,顼,1
3693,瑶,7034,鸤,1
3694,瑷,5706,谖,1
3696,璀,3688,瑞,1
3698,璃,3709,璠,1
3699,璆,5727,谬,1
3702,璋,6862,骍,1
3706,璜,3694,瑷,1
3707,璞,971,噗,1
3707,璞,3221,湲,1
3709,璠,2322,播,1
3709,璠,3301,潘,1
3709,璠,3684,瑙,1
3710,璧,1364,嬖,1
3710,璧,2338,擘,1
3710,璧,5546,襞,1
3710,璧,6271,鐾,1
3713,璪,3643,珠,1
3715,瓒,1155,塔,1
3716,瓘,3695,瑾,1
3716,瓘,3696,璀,1
3717,瓜,163,众,1
3717,瓜,185,似,1
3717,瓜,623,厕,1
3717,瓜,2522,月,1
3720,瓢,1385,孤,1
3720,瓢,3719,瓠,1
3721,瓣,4630,羝,1
3723,瓦,646,反,1
3723,瓦,1489,尾,1
3723,瓦,2394,斥,1
3723,瓦,2919,氐,1
3723,瓦,4949,芘,1
3724,瓮,789,哀,1
3724,瓮,1752,弱,1
3727,瓶,4397,粑,1
3727,瓶,6285,钒,1
3728,瓷,1434,容,1
3728,瓷,3724,瓮,1
3728,瓷,4365,篢,1
3728,瓷,5709,谙,1
3731,甄,3725,瓯,1
3732,甍,5261,薨,1
3736,甘,1184,士,1
3738,甚,381,其,1
3738,甚,4696,耳,1
3738,甚,4963,芭,1
3738,甚,5166,葚,1
3739,甜,1750,弭,1
3739,甜,2430,时,1
3739,甜,2904,毙,1
3739,甜,4484,绀,1
3740,生,7,上,1
3740,生,1033,圭,1
3740,生,1213,失,1
3740,生,1484,尹,1
3740,生,1513,屯,1
3740,生,2021,成,1
3740,生,2541,朱,1
3740,生,2905,毛,1
3740,生,3753,电,1
3740,生,6029,过,1
3741,甥,521,劣,1
3741,甥,5386,蜴,1
3742,用,1002,囝,1
3742,用,1013,围,1
3742,用,3749,田,1
3743,甩,3753,电,1
3744,甪,3742,用,1
3744,甪,5569,角,1
3745,甫,2897,毐,1
3746,甬,3744,甪,1
3746,甬,5569,角,1
3747,甭,1239,奭,1
3747,甭,3746,甬,1
3749,田,390,冂,1
3749,田,1000,囚,1
3749,田,1001,四,1
3749,田,1006,囡,1
3749,田,2419,旦,1
3749,田,2512,曰,1
3749,田,2894,毋,1
3750,由,393,冉,1
3750,由,1004,囟,1
3750,由,1006,囡,1
3750,由,1209,夬,1
3751,甲,29,丨,1
3751,甲,3742,用,1
3751,甲,3752,申,1
3752,申,393,冉,1
3753,电,1513,屯,1
3753,电,2514,曳,1
3753,电,3743,甩,1
3753,电,3752,申,1
3753,电,3943,眊,1
3754,男,4758,胃,1
3755,甸,552,匆,1
3755,甸,553,匈,1
3755,甸,658,句,1
3758,甾,1610,巢,1
3759,畀,3763,界,1
3760,畅,720,吻,1
3760,畅,6579,陌,1
3761,畈,5773,贩,1
3762,畋,2845,欧,1
3763,界,59,乔,1
3763,界,2590,果,1
3763,界,3358,灵,1
3763,界,3759,畀,1
3765,畏,7125,黑,1
3766,畔,776,咩,1
3767,留,3758,甾,1
3767,留,4517,绢,1
3767,留,4991,苗,1
3767,留,5788,贸,1
3767,留,6108,遛,1
3767,留,6782,饧,1
3770,畜,3915,盍,1
3770,畜,5088,莒,1
3770,畜,5203,蓄,1
3770,畜,5581,言,1
3771,略,781,咯,1
3771,略,2489,晾,1
3771,略,3642,珞,1
3771,略,4803,脓,1
3772,畦,2430,时,1
3772,畦,6577,陉,1
3773,番,1906,悉,1
3773,番,3768,畚,1
3773,番,5164,著,1
3774,畯,2499,暧,1
3776,畴,821,哮,1
3777,畸,764,咔,1
3777,畸,1127,埼,1
3777,畸,1552,峙,1
3777,畸,1568,崎,1
3777,畸,6205,酞,1
3780,疃,2505,曈,1
3781,疆,6861,验,1
3782,疋,602,卫,1
3782,疋,5549,襻,1
3783,疍,2626,查,1
3784,疏,1594,嵫,1
3784,疏,1618,巯,1
3784,疏,2709,梳,1
3784,疏,3588,猴,1
3784,疏,3656,琉,1
3784,疏,4073,硫,1
3784,疏,6693,鞣,1
3785,疑,736,员,1
3785,疑,4783,胰,1
3785,疑,5250,蕹,1
3785,疑,5842,趁,1
3785,疑,6118,避,1
3785,疑,7178,龊,1
3787,疔,3789,疗,1
3788,疖,3798,疤,1
3789,疗,702,吠,1
3789,疗,2638,标,1
3789,疗,3795,疡,1
3789,疗,3800,疫,1
3789,疗,3835,痦,1
3789,疗,5185,蒋,1
3789,疗,5472,衫,1
3790,疙,1899,恺,1
3790,疙,3822,痉,1
3791,疚,2316,撖,1
3791,疚,2364,救,1
3791,疚,3817,痃,1
3793,疟,3820,症,1
3794,疠,3801,疬,1
3795,疡,407,冫,1
3795,疡,2068,扬,1
3795,疡,3133,涝,1
3795,疡,3794,疠,1
3795,疡,3820,症,1
3796,疢,3802,疭,1
3796,疢,3815,疾,1
3796,疢,3820,症,1
3796,疢,3840,痰,1
3797,疣,3793,疟,1
3798,疤,3803,疮,1
3798,疤,4131,祀,1
3799,疥,3817,痃,1
3801,疬,3788,疖,1
3802,疭,3796,疢,1
3803,疮,60,乖,1
3803,疮,1845,怆,1
3803,疮,2726,棬,1
3803,疮,3790,疙,1
3804,疯,3809,疴,1
3804,疯,3816,痂,1
3804,疯,3821,痈,1
3805,疰,422,准,1
3805,疰,3833,痣,1
3806,疱,3798,疤,1
3807,疲,1679,庆,1
3807,疲,1780,彼,1
3807,疲,3800,疫,1
3807,疲,3827,痕,1
3808,疳,1250,妆,1
3809,疴,3789,疗,1
3810,疵,1680,庇,1
3810,疵,3951,眦,1
3812,疹,3799,疥,1
3812,疹,3817,痃,1
3813,疼,3822,痉,1
3814,疽,1855,怛,1
3814,疽,4186,租,1
3814,疽,4760,胆,1
3815,疾,1208,夫,1
3815,疾,3791,疚,1
3815,疾,3800,疫,1
3815,疾,3817,痃,1
3815,疾,6021,辶,1
3819,病,2610,柄,1
3819,病,3791,疚,1
3820,症,2769,榀,1
3820,症,3798,疤,1
3820,症,3829,痘,1
3821,痈,1106,埇,1
3821,痈,1648,席,1
3821,痈,3125,涌,1
3821,痈,3788,疖,1
3822,痉,1499,屋,1
3822,痉,3148,涯,1
3822,痉,3790,疙,1
3822,痉,3806,疱,1
3822,痉,3855,瘗,1
3823,痊,3054,泾,1
3823,痊,3790,疙,1
3823,痊,3803,疮,1
3823,痊,3812,疹,1
3823,痊,3822,痉,1
3823,痊,3829,痘,1
3825,痒,2328,撺,1
3825,痒,3826,痔,1
3825,痒,3834,痤,1
3826,痔,3805,疰,1
3826,痔,3848,瘃,1
3827,痕,358,兆,1
3827,痕,3824,痍,1
3829,痘,1690,店,1
3829,痘,1997,憧,1
3829,痘,3790,疙,1
3829,痘,3805,疰,1
3829,痘,3817,痃,1
3829,痘,3820,症,1
3829,痘,3822,痉,1
3829,痘,3878,癃,1
3830,痛,3691,瑭,1
3830,痛,3844,痼,1
3830,痛,3862,瘤,1
3831,痞,187,伾,1
3831,痞,2247,揎,1
3831,痞,3793,疟,1
3831,痞,3812,疹,1
3831,痞,3815,疾,1
3831,痞,3818,痄,1
3831,痞,3845,痿,1
3831,痞,4862,膺,1
3832,痢,3211,湔,1
3833,痣,3845,痿,1
3835,痦,3857,瘙,1
3837,痨,3794,疠,1
3838,痪,2199,换,1
3838,痪,2202,捩,1
3838,痪,2412,族,1
3838,痪,3840,痰,1
3838,痪,3851,瘊,1
3838,痪,3853,瘐,1
3840,痰,2179,振,1
3840,痰,3796,疢,1
3840,痰,3817,痃,1
3840,痰,3846,瘀,1
3840,痰,3857,瘙,1
3840,痰,3879,癌,1
3840,痰,4225,穰,1
3842,痴,3797,疣,1
3842,痴,5445,蠃,1
3843,痹,3336,濞,1
3846,瘀,3831,痞,1
3847,瘁,3799,疥,1
3847,瘁,3805,疰,1
3847,瘁,3849,瘅,1
3847,瘁,3850,瘆,1
3847,瘁,3871,瘴,1
3848,瘃,3869,瘰,1
3849,瘅,3814,疽,1
3849,瘅,3828,痖,1
3849,瘅,3847,瘁,1
3853,瘐,3876,瘿,1
3854,瘕,3807,疲,1
3854,瘕,3830,痛,1
3859,瘟,3811,疸,1
3859,瘟,3849,瘅,1
3859,瘟,4709,职,1
3860,瘠,2322,播,1
3862,瘤,972,噘,1
3862,瘤,3451,熘,1
3862,瘤,3806,疱,1
3862,瘤,3887,癯,1
3864,瘦,3807,疲,1
3865,瘩,3712,璩,1
3865,瘩,3837,痨,1
3866,瘪,3081,洺,1
3866,瘪,3811,疸,1
3866,瘪,3849,瘅,1
3866,瘪,3869,瘰,1
3867,瘫,1414,宛,1
3867,瘫,1925,悱,1
3867,瘫,2912,毹,1
3867,瘫,3818,痄,1
3867,瘫,3822,痉,1
3867,瘫,3880,癍,1
3869,瘰,3230,源,1
3871,瘴,1929,悻,1
3871,瘴,1997,憧,1
3871,瘴,3702,璋,1
3871,瘴,3850,瘆,1
3871,瘴,3869,瘰,1
3871,瘴,3877,癀,1
3872,瘵,1394,孵,1
3873,瘸,3878,癃,1
3873,瘸,4862,膺,1
3874,瘼,3871,瘴,1
3875,瘾,3881,癔,1
3876,瘿,3858,瘛,1
3879,癌,3336,濞,1
3879,癌,3840,痰,1
3879,癌,3842,痴,1
3879,癌,3859,瘟,1
3879,癌,3866,瘪,1
3880,癍,3867,瘫,1
3881,癔,3706,璜,1
3881,癔,3817,痃,1
3881,癔,3845,痿,1
3883,癜,2890,殿,1
3884,癞,2766,楸,1
3886,癫,3883,癜,1
3888,癸,1232,奖,1
3888,癸,1844,怅,1
3888,癸,4010,矢,1
3889,登,438,凳,1
3889,登,1948,惫,1
3889,登,2866,死,1
3889,登,3863,瘥,1
3889,登,4382,簠,1
3889,登,4383,簦,1
3890,白,692,向,1
3890,白,1004,囟,1
3890,白,2394,斥,1
3890,白,2418,日,1
3890,白,2425,旮,1
3890,白,2973,汶,1
3890,白,4875,自,1
3891,百,1614,巨,1
3891,百,2394,斥,1
3891,百,2441,昌,1
3891,百,2865,歹,1
3891,百,3184,渎,1
3891,百,4019,石,1
3891,百,4674,而,1
3891,百,4875,自,1
3891,百,4984,苎,1
3892,皂,1401,宅,1
3892,皂,2514,曳,1
3892,皂,6273,钅,1
3893,的,128,仔,1
3893,的,520,劢,1
3893,的,526,劬,1
3893,的,790,品,1
3893,的,1004,囟,1
3893,的,1246,妁,1
3893,的,1808,心,1
3893,的,3896,皈,1
3893,的,3898,皎,1
3893,的,5753,豹,1
3893,的,6727,颃,1
3894,皆,727,告,1
3894,皆,782,咱,1
3894,皆,1164,墁,1
3894,皆,2421,旨,1
3894,皆,4298,笱,1
3894,皆,4761,背,1
3894,皆,6710,音,1
3895,皇,726,呈,1
3895,皇,1406,完,1
3895,皇,1914,悝,1
3895,皇,3892,皂,1
3896,皈,3762,畋,1
3897,皋,3020,泉,1
3898,皎,3896,皈,1
3899,皑,1961,愆,1
3899,皑,3901,皖,1
3899,皑,4908,舱,1
3901,皖,4806,脘,1
3901,皖,6217,酰,1
3901,皖,6974,鲩,1
3902,皙,1762,彗,1
3904,皮,359,先,1
3904,皮,643,及,1
3904,皮,2126,拔,1
3904,皮,2365,敕,1
3904,皮,5293,虔,1
3904,皮,6516,闵,1
3905,皱,1780,彼,1
3906,皲,4774,胥,1
3906,皲,6449,镀,1
3907,皴,3906,皲,1
3907,皴,6539,阌,1
3908,皿,13,丑,1
3908,皿,2419,旦,1
3909,盂,89,亚,1
3909,盂,3915,盍,1
3909,盂,3916,盎,1
3910,盅,3913,盉,1
3910,盅,3916,盎,1
3910,盅,6059,追,1
3911,盆,209,佥,1
3911,盆,3920,盒,1
3911,盆,4231,空,1
3911,盆,6935,鱼,1
3912,盈,3911,盆,1
3912,盈,3920,盒,1
3912,盈,6935,鱼,1
3914,益,104,亮,1
3914,益,5212,蓝,1
3914,益,7017,鳖,1
3915,盍,1189,壶,1
3916,盎,639,叁,1
3916,盎,5338,蛊,1
3918,盐,6973,鲨,1
3919,监,750,呸,1
3919,监,1540,岳,1
3919,监,3269,滥,1
3919,监,4282,笏,1
3919,监,6048,迨,1
3920,盒,209,佥,1
3920,盒,3911,盆,1
3921,盔,1840,态,1
3921,盔,6094,逼,1
3922,盖,886,善,1
3922,盖,1880,恙,1
3922,盖,3461,熹,1
3922,盖,4631,羞,1
3922,盖,6935,鱼,1
3923,盗,775,咨,1
3923,盗,3210,湓,1
3923,盗,3232,溜,1
3923,盗,5457,血,1
3924,盘,5105,莶,1
3925,盛,1936,惑,1
3925,盛,4294,笪,1
3925,盛,6812,馇,1
3926,盟,919,嗔,1
3926,盟,4647,翌,1
3929,目,15,且,1
3929,目,675,司,1
3929,目,1002,囝,1
3929,目,3736,甘,1
3929,目,5007,苷,1
3930,盯,607,即,1
3930,盯,2429,旴,1
3930,盯,2431,旷,1
3932,盲,857,商,1
3932,盲,4237,窅,1
3932,盲,4747,育,1
3932,盲,4875,自,1
3932,盲,4994,苜,1
3932,盲,5157,萱,1
3933,直,4875,自,1
3933,直,5006,苴,1
3934,相,2555,材,1
3934,相,2596,枧,1
3934,相,2612,柏,1
3934,相,2676,桐,1
3934,相,5165,葙,1
3934,相,6563,阴,1
3935,盹,707,吨,1
3935,盹,3939,眄,1
3936,盼,2070,扮,1
3936,盼,2446,昕,1
3936,盼,6787,饬,1
3937,盾,229,侑,1
3937,盾,302,值,1
3937,盾,1376,存,1
3937,盾,3184,渎,1
3938,省,215,佳,1
3938,省,3505,物,1
3938,省,4993,苛,1
3938,省,5084,莅,1
3941,眈,2903,毗,1
3942,眉,1498,届,1
3944,看,870,啬,1
3944,看,1423,宥,1
3944,看,2421,旨,1
3944,看,2495,暑,1
3944,看,3768,畚,1
3944,看,3963,着,1
3944,看,4671,者,1
3944,看,6829,香,1
3947,眚,3773,番,1
3948,真,3933,直,1
3948,真,5099,莫,1
3948,真,5138,萁,1
3948,真,7182,龚,1
3949,眠,740,呢,1
3949,眠,2442,明,1
3949,眠,3635,珉,1
3949,眠,6133,那,1
3951,眦,703,吡,1
3951,眦,2903,毗,1
3952,眨,741,呤,1
3952,眨,2433,旺,1
3953,眩,3616,玟,1
3953,眩,4797,脍,1
3955,眭,3975,睦,1
3955,眭,3986,瞌,1
3956,眯,2430,时,1
3956,眯,2479,晦,1
3956,眯,3955,眭,1
3956,眯,3978,睬,1
3957,眵,793,哆,1
3958,眶,1949,惬,1
3958,眶,3945,眍,1
3958,眶,6668,非,1
3959,眷,478,券,1
3959,眷,2673,桊,1
3959,眷,3963,着,1
3959,眷,4796,脊,1
3960,眸,776,咩,1
3961,眺,2667,桃,1
3961,眺,2903,毗,1
3961,眺,3940,眇,1
3961,眺,4803,脓,1
3962,眼,402,农,1
3962,眼,800,哏,1
3962,眼,2526,服,1
3962,眼,3954,眬,1
3962,眼,4755,胀,1
3962,眼,4929,艰,1
3963,着,1617,差,1
3964,睁,1556,峥,1
3965,睃,829,唆,1
3967,睐,2452,昧,1
3967,睐,3962,眼,1
3968,睑,4815,脸,1
3969,睚,3955,眭,1
3970,睛,2477,晡,1
3970,睛,3955,眭,1
3970,睛,4002,瞵,1
3971,睡,2207,捶,1
3971,睡,3952,眨,1
3972,睢,846,唯,1
3973,督,6663,青,1
3975,睦,1153,塍,1
3975,睦,2472,晖,1
3975,睦,3772,畦,1
3975,睦,6596,陵,1
3977,睫,2450,映,1
3978,睬,2472,晖,1
3978,睬,5903,踩,1
3979,睹,2479,晦,1
3979,睹,2485,晴,1
3979,睹,3946,眙,1
3979,睹,3967,睐,1
3979,睹,5808,赌,1
3980,睽,3997,瞪,1
3982,睿,5205,蓉,1
3984,瞄,3955,眭,1
3985,瞅,1959,愀,1
3985,瞅,2257,揪,1
3986,瞌,916,嗑,1
3988,瞎,2478,晤,1
3988,瞎,3953,眩,1
3990,瞒,307,偌,1
3990,瞒,2475,晞,1
3990,瞒,4814,脶,1
3990,瞒,4848,膈,1
3990,瞒,5926,蹒,1
3993,瞢,2517,曹,1
3993,瞢,5264,薯,1
3994,瞥,1734,弊,1
3994,瞥,3973,督,1
3994,瞥,3983,瞀,1
3995,瞧,968,噍,1
3995,瞧,1270,妲,1
3995,瞧,1994,憔,1
3995,瞧,3952,眨,1
3995,瞧,3972,睢,1
3995,瞧,4812,脱,1
3995,瞧,4859,膨,1
3995,瞧,6147,邺,1
3996,瞩,959,嘱,1
3997,瞪,332,傺,1
3997,瞪,1601,嶝,1
3998,瞬,897,喙,1
3998,瞬,996,嚼,1
3998,瞬,2475,晞,1
3999,瞭,963,嘹,1
3999,瞭,5941,蹽,1
4001,瞳,3594,獍,1
4001,瞳,4765,胗,1
4001,瞳,4785,胲,1
4002,瞵,3705,璘,1
4003,瞻,5444,蟾,1
4003,瞻,5827,赡,1
4005,瞿,994,嚯,1
4008,矛,1459,寻,1
4008,矛,1627,市,1
4008,矛,2617,柔,1
4009,矜,1749,弪,1
4009,矜,3907,皴,1
4010,矢,0,々,1
4010,矢,1205,大,1
4010,矢,4011,矣,1
4011,矣,1213,失,1
4011,矣,1221,奂,1
4011,矣,4982,苌,1
4012,知,4017,短,1
4012,知,6987,鲶,1
4015,矫,5511,裕,1
4017,短,23,丝,1
4017,短,4012,知,1
4017,短,4014,矩,1
4017,短,4398,粒,1
4019,石,355,元,1
4019,石,671,右,1
4019,石,1185,壬,1
4019,石,5640,诒,1
4023,矽,3750,由,1
4023,矽,4038,砚,1
4023,矽,4068,硖,1
4024,矾,4020,矶,1
4024,矾,4033,砒,1
4024,矾,4038,砚,1
4025,矿,2397,斫,1
4025,矿,4041,砟,1
4025,矿,4463,纩,1
4027,码,4023,矽,1
4027,码,4032,砑,1
4027,码,5842,趁,1
4027,码,7052,鸸,1
4028,砂,1259,妙,1
4028,砂,4183,秒,1
4028,砂,4470,纱,1
4031,砍,1745,弥,1
4031,砍,4038,砚,1
4031,砍,4074,硬,1
4032,砑,4058,砾,1
4032,砑,5614,讶,1
4033,砒,1367,嬴,1
4033,砒,4020,矶,1
4033,砒,4024,矾,1
4033,砒,5617,讹,1
4034,研,1254,妍,1
4034,研,4050,砰,1
4035,砖,887,喆,1
4035,砖,3631,玻,1
4035,砖,4048,砭,1
4035,砖,5601,讧,1
4037,砘,5302,虺,1
4038,砚,3626,现,1
4039,砜,4043,砥,1
4040,砝,4061,硅,1
4042,砣,4045,砧,1
4043,砥,4033,砒,1
4045,砧,780,咭,1
4045,砧,3091,浈,1
4045,砧,3613,玙,1
4045,砧,4028,砂,1
4045,砧,4042,砣,1
4045,砧,4263,站,1
4048,砭,4057,砼,1
4048,砭,4060,硁,1
4050,砰,4034,研,1
4050,砰,4041,砟,1
4050,砰,4083,碎,1
4050,砰,6013,辞,1
4050,砰,6944,鲆,1
4051,破,1780,彼,1
4051,破,4039,砜,1
4051,破,4054,砹,1
4051,破,5638,诐,1
4052,砷,2574,杵,1
4053,砸,4043,砥,1
4053,砸,5873,距,1
4057,砼,4048,砭,1
4057,砼,4060,硁,1
4058,砾,1698,庥,1
4058,砾,2644,栎,1
4058,砾,2877,殍,1
4058,砾,3001,沨,1
4058,砾,4039,砜,1
4058,砾,4043,砥,1
4058,砾,4269,竦,1
4059,础,756,咄,1
4059,础,4028,砂,1
4059,础,4072,硪,1
4059,础,4090,碜,1
4060,硁,4048,砭,1
4061,硅,1121,埭,1
4061,硅,4035,砖,1
4061,硅,4057,砼,1
4061,硅,4059,础,1
4061,硅,4065,硐,1
4063,硌,6213,酪,1
4066,硒,26,两,1
4066,硒,7016,鳕,1
4067,硕,4038,砚,1
4067,硕,4118,磺,1
4067,硕,5859,趿,1
4067,硕,6717,项,1
4067,硕,6720,顼,1
4067,硕,6732,颈,1
4067,硕,6739,颐,1
4071,硝,4051,破,1
4073,硫,1746,弦,1
4073,硫,3656,琉,1
4073,硫,4022,矻,1
4073,硫,4069,硗,1
4073,硫,4514,统,1
4074,硬,826,哽,1
4074,硬,2868,殁,1
4074,硬,4101,碶,1
4074,硬,4515,绠,1
4074,硬,6139,邰,1
4077,硷,268,俭,1
4077,硷,2879,殓,1
4077,硷,4035,砖,1
4077,硷,4057,砼,1
4078,硼,5931,蹦,1
4079,碇,4543,绽,1
4080,碉,3620,玥,1
4080,碉,5688,调,1
4081,碌,4027,码,1
4081,碌,4058,砾,1
4082,碍,4023,矽,1
4082,碍,4081,碌,1
4082,碍,4093,碣,1
4082,碍,5526,裼,1
4082,碍,5910,踶,1
4083,碎,860,啐,1
4083,碎,3330,澼,1
4083,碎,3702,璋,1
4083,碎,4293,笨,1
4083,碎,6014,辟,1
4083,碎,6374,铲,1
4084,碑,277,俾,1
4084,碑,2412,族,1
4084,碑,4083,碎,1
4086,碗,3670,琬,1
4087,碘,1343,媸,1
4087,碘,2870,殃,1
4089,碛,3683,瑗,1
4091,碟,2875,殊,1
4091,碟,3662,琛,1
4091,碟,4115,磲,1
4091,碟,5695,谋,1
4095,碧,4044,砦,1
4096,碰,2681,桠,1
4096,碰,3828,痖,1
4096,碰,4104,磁,1
4096,碰,6489,镨,1
4096,碰,6615,隹,1
4097,碱,2136,拣,1
4097,碱,2876,残,1
4097,碱,4072,硪,1
4097,碱,4550,缄,1
4098,碲,4564,缔,1
4098,碲,6825,馕,1
4100,碴,3591,猹,1
4100,碴,4037,砘,1
4100,碴,5918,蹅,1
4101,碶,4106,磉,1
4103,碾,4108,磋,1
4104,磁,635,厶,1
4104,磁,923,嗞,1
4104,磁,1492,屁,1
4104,磁,3253,滋,1
4104,磁,4047,砬,1
4105,磅,4098,碲,1
4107,磊,887,喆,1
4107,磊,4442,累,1
4108,磋,924,嗟,1
4108,磋,4047,砬,1
4108,磋,5539,褫,1
4108,磋,5921,蹉,1
4111,磕,4035,砖,1
4111,磕,4040,砝,1
4111,磕,4061,硅,1
4111,磕,4088,碚,1
4113,磨,5586,詹,1
4116,磴,6885,骧,1
4117,磷,1020,圃,1
4117,磷,6115,遴,1
4118,磺,4384,簧,1
4119,礁,968,噍,1
4119,礁,4085,碓,1
4121,礌,4094,碥,1
4121,礌,6654,霜,1
4124,礤,4091,碟,1
4127,示,62,乙,1
4127,示,97,亦,1
4127,示,374,六,1
4127,示,595,卡,1
4127,示,1370,子,1
4127,示,1375,字,1
4127,示,2865,歹,1
4127,示,3671,琮,1
4128,礻,2944,永,1
4129,礼,1186,壮,1
4129,礼,2539,札,1
4129,礼,4131,祀,1
4130,社,1781,往,1
4130,社,4131,祀,1
4130,社,4134,祆,1
4130,社,4136,祉,1
4132,祁,531,劾,1
4132,祁,4137,祎,1
4132,祁,6131,邡,1
4132,祁,6159,郐,1
4133,祃,2567,杩,1
4135,祈,2397,斫,1
4135,祈,2400,新,1
4135,祈,2624,柠,1
4135,祈,6727,颃,1
4136,祉,2858,止,1
4137,祎,4143,祜,1
4137,祎,5611,讳,1
4139,祖,5558,视,1
4139,祖,5688,调,1
4139,祖,6327,钽,1
4140,祗,4043,砥,1
4141,祚,5630,诈,1
4143,祜,4503,结,1
4144,祝,165,伙,1
4144,祝,712,吮,1
4144,祝,4134,祆,1
4144,祝,4709,职,1
4144,祝,5629,识,1
4145,神,183,伸,1
4145,神,3188,渖,1
4145,神,5490,袖,1
4146,祟,101,享,1
4146,祟,1224,奈,1
4146,祟,1533,岢,1
4146,祟,5075,荬,1
4146,祟,5148,萘,1
4147,祠,287,倜,1
4147,祠,5626,诃,1
4148,祢,4133,祃,1
4149,祥,1497,屉,1
4149,祥,1788,徉,1
4149,祥,2191,捍,1
4149,祥,2602,枰,1
4149,祥,3395,烊,1
4149,祥,4678,耔,1
4149,祥,5532,褓,1
4149,祥,6130,邝,1
4150,祧,2667,桃,1
4150,祧,4157,祺,1
4150,祧,5617,讹,1
4151,票,103,亭,1
4151,票,5551,要,1
4151,票,6646,震,1
4152,祭,1386,孥,1
4153,祯,2683,桢,1
4153,祯,4150,祧,1
4154,祲,245,侵,1
4155,祷,264,俦,1
4155,祷,5537,褥,1
4155,祷,6380,铸,1
4156,祸,5476,衲,1
4157,祺,4163,禅,1
4157,祺,6423,锤,1
4158,祼,5524,裸,1
4158,祼,5683,课,1
4160,禀,4876,臬,1
4160,禀,6778,饔,1
4161,禁,2613,某,1
4161,禁,2703,梦,1
4161,禁,2768,楼,1
4162,禄,2715,棂,1
4162,禄,3182,渌,1
4162,禄,3663,琢,1
4162,禄,4082,碍,1
4162,禄,4545,绿,1
4162,禄,5492,袜,1
4162,禄,5507,裉,1
4163,禅,4084,碑,1
4163,禅,4149,祥,1
4163,禅,4164,禊,1
4163,禅,5519,裨,1
4164,禊,4166,禚,1
4165,福,4156,祸,1
4165,福,4203,稆,1
4165,福,4209,稚,1
4166,禚,4168,禧,1
4168,禧,4169,禳,1
4169,禳,1817,忑,1
4169,禳,4225,穰,1
4170,禹,737,呙,1
4170,禹,1404,安,1
4170,禹,1706,庸,1
4170,禹,4171,禺,1
4170,禹,7029,鸟,1
4172,离,2861,步,1
4172,离,3331,激,1
4172,离,3415,焉,1
4173,禽,973,噙,1
4173,禽,1233,套,1
4173,禽,1642,帛,1
4173,禽,3928,盫,1
4174,禾,56,乐,1
4174,禾,2535,木,1
4174,禾,2536,未,1
4174,禾,2537,末,1
4174,禾,2541,朱,1
4174,禾,3740,生,1
4174,禾,4127,示,1
4175,秀,225,侉,1
4176,私,133,仙,1
4176,私,4183,秒,1
4177,秃,763,咒,1
4177,秃,1074,垂,1
4178,秆,2133,拜,1
4178,秆,4182,科,1
4178,秆,4188,秤,1
4178,秆,6150,邾,1
4179,秉,61,乘,1
4179,秉,4174,禾,1
4179,秉,6614,隶,1
4180,秋,2558,杖,1
4180,秋,3536,狄,1
4181,种,4183,秒,1
4182,科,4181,种,1
4183,秒,1766,形,1
4183,秒,4680,耖,1
4184,秕,2075,批,1
4185,秘,4176,私,1
4185,秘,6340,铋,1
4186,租,470,利,1
4186,租,759,和,1
4186,租,1062,坦,1
4186,租,2869,殂,1
4186,租,3544,狙,1
4186,租,4139,祖,1
4186,租,4400,粗,1
4186,租,5852,足,1
4187,秣,4191,秩,1
4188,秤,2602,枰,1
4188,秤,3503,牦,1
4188,秤,4182,科,1
4188,秤,4187,秣,1
4188,秤,4201,稂,1
4188,秤,4208,稗,1
4188,秤,5473,衬,1
4188,秤,6150,邾,1
4189,秦,2451,春,1
4189,秦,5082,荼,1
4190,秧,3044,泱,1
4190,秧,4180,秋,1
4190,秧,4522,继,1
4191,秩,1640,帙,1
4191,秩,2074,扶,1
4191,秩,2083,抉,1
4191,秩,3508,牲,1
4191,秩,3621,玦,1
4191,秩,4187,秣,1
4191,秩,4220,穀,1
4191,秩,5685,谀,1
4191,秩,6684,鞅,1
4194,积,2852,歃,1
4194,积,4203,稆,1
4194,积,5629,识,1
4195,称,2844,欤,1
4195,称,3545,狝,1
4195,称,4148,祢,1
4195,称,4174,禾,1
4195,称,4208,稗,1
4195,称,4213,稳,1
4197,移,1960,愁,1
4197,移,2047,扅,1
4197,移,2235,掰,1
4197,移,2275,搒,1
4197,移,2557,杓,1
4197,移,4187,秣,1
4197,移,4191,秩,1
4197,移,4202,稃,1
4197,移,4207,稔,1
4197,移,4213,稳,1
4197,移,4216,稻,1
4198,秽,806,哕,1
4198,秽,2141,拨,1
4198,秽,4200,稀,1
4198,秽,6622,雅,1
4199,秾,4180,秋,1
4200,稀,2635,柿,1
4201,稂,4199,秾,1
4203,稆,4194,积,1
4203,稆,6354,铝,1
4204,程,2541,朱,1
4204,程,4186,租,1
4205,稍,2192,捎,1
4205,稍,2584,枋,1
4205,稍,3309,潲,1
4205,稍,4185,秘,1
4205,稍,4199,秾,1
4205,稍,4216,稻,1
4206,税,2183,挽,1
4206,税,3533,狁,1
4206,税,4197,移,1
4206,税,4201,稂,1
4208,稗,1783,徂,1
4209,稚,2229,推,1
4209,稚,3511,牺,1
4209,稚,6618,难,1
4210,稞,2730,棵,1
4211,稠,2774,榈,1
4211,稠,3620,玥,1
4211,稠,4549,缃,1
4212,稣,6944,鲆,1
4213,稳,1939,惚,1
4213,稳,4194,积,1
4215,稹,2717,棋,1
4216,稻,2680,桕,1
4216,稻,4203,稆,1
4216,稻,4224,穗,1
4216,稻,6708,韬,1
4217,稼,1345,嫁,1
4217,稼,2022,我,1
4217,稼,2242,掾,1
4217,稼,2750,椽,1
4217,稼,2823,橡,1
4217,稼,3671,琮,1
4217,稼,4195,称,1
4218,稽,286,倚,1
4218,稽,921,嗜,1
4218,稽,2425,旮,1
4218,稽,2765,楷,1
4219,稿,2790,槁,1
4219,稿,3668,琪,1
4219,稿,4223,穑,1
4221,穄,2244,揆,1
4221,穄,2837,檫,1
4222,穆,4197,移,1
4224,穗,2349,攮,1
4224,穗,2678,桓,1
4224,穗,2806,樗,1
4226,穴,0,々,1
4226,穴,2954,汐,1
4227,究,366,兖,1
4227,究,1406,完,1
4227,究,1410,宗,1
4227,究,2257,揪,1
4228,穷,521,劣,1
4228,穷,659,另,1
4228,穷,1411,官,1
4228,穷,2043,房,1
4228,穷,4296,第,1
4228,穷,5738,谷,1
4230,穹,375,兮,1
4231,空,1406,完,1
4231,空,5738,谷,1
4232,穿,105,亲,1
4232,穿,4274,竽,1
4232,穿,4969,芴,1
4232,穿,4974,芽,1
4234,突,96,亥,1
4234,突,1408,宓,1
4234,突,1413,定,1
4234,突,3605,玄,1
4235,窃,3619,玢,1
4235,窃,4644,翁,1
4236,窄,366,兖,1
4236,窄,4297,笮,1
4236,窄,5581,言,1
4237,窅,1421,宣,1
4237,窅,4245,窗,1
4238,窆,4231,空,1
4238,窆,4242,窒,1
4238,窆,4262,竖,1
4240,窍,1409,宕,1
4240,窍,4227,究,1
4240,窍,4228,穷,1
4240,窍,4230,穹,1
4240,窍,4669,考,1
4240,窍,6284,钐,1
4241,窑,1429,害,1
4241,窑,2801,槭,1
4241,窑,4244,窖,1
4241,窑,4258,窸,1
4242,窒,1573,崟,1
4242,窒,3605,玄,1
4242,窒,4268,童,1
4244,窖,910,喾,1
4244,窖,1273,妾,1
4244,窖,1436,宾,1
4244,窖,1697,庤,1
4244,窖,4230,穹,1
4244,窖,4254,窨,1
4244,窖,5581,言,1
4244,窖,5738,谷,1
4245,窗,1437,宿,1
4245,窗,4237,窅,1
4245,窗,6826,首,1
4246,窘,1440,寅,1
4246,窘,1593,嵩,1
4246,窘,1595,嵬,1
4246,窘,4232,穿,1
4246,窘,5091,莙,1
4247,窜,35,串,1
4247,窜,1652,常,1
4248,窝,898,喜,1
4248,窝,1426,宫,1
4248,窝,1593,嵩,1
4248,窝,3484,爹,1
4248,窝,4361,篙,1
4248,窝,5104,莴,1
4248,窝,5214,蓠,1
4249,窟,2737,椋,1
4249,窟,5855,趸,1
4252,窥,1400,宄,1
4254,窨,5585,詈,1
4260,立,41,主,1
4260,立,51,之,1
4260,立,2401,方,1
4260,立,2859,正,1
4260,立,4453,纟,1
4263,站,1276,始,1
4263,站,3015,沾,1
4263,站,4500,绐,1
4263,站,5603,让,1
4264,竞,94,亢,1
4264,竞,1479,尧,1
4264,竞,2937,氪,1
4264,竞,4980,苊,1
4265,竟,1406,完,1
4265,竟,1966,意,1
4265,竟,2404,旁,1
4265,竟,5581,言,1
4265,竟,7183,龛,1
4266,章,77,争,1
4266,章,6553,阜,1
4267,竣,4536,绶,1
4267,竣,5621,设,1
4267,竣,6084,逡,1
4268,童,1180,壅,1
4268,童,4264,竞,1
4268,童,6710,音,1
4269,竦,6201,酒,1
4270,竭,1754,强,1
4270,竭,2403,施,1
4270,竭,4495,绋,1
4270,竭,4557,缌,1
4271,端,1116,埚,1
4271,端,3208,湍,1
4271,端,4566,编,1
4271,端,5689,谄,1
4272,竹,116,仃,1
4272,竹,1038,圹,1
4272,竹,1815,忏,1
4272,竹,2946,汀,1
4272,竹,3609,玎,1
4272,竹,5460,行,1
4273,竺,6048,迨,1
4274,竽,4275,竿,1
4275,竿,1428,宰,1
4275,竿,2422,早,1
4275,竿,2901,毕,1
4275,竿,4274,竽,1
4275,竿,4284,笔,1
4276,笃,6853,骂,1
4277,笄,1733,弈,1
4277,笄,4292,符,1
4278,笆,4946,芑,1
4278,笆,6124,邑,1
4280,笊,2437,昃,1
4281,笋,4278,笆,1
4282,笏,4735,肠,1
4283,笑,378,关,1
4283,笑,1210,夭,1
4283,笑,1235,奚,1
4283,笑,4011,矣,1
4283,笑,4365,篢,1
4283,笑,7037,鸨,1
4284,笔,726,呈,1
4284,笔,2438,昆,1
4284,笔,4275,竿,1
4284,笔,4973,芼,1
4284,笔,6905,髦,1
4285,笕,5557,觅,1
4286,笙,41,主,1
4286,笙,772,咤,1
4286,笙,1050,坐,1
4286,笙,2449,星,1
4286,笙,2605,架,1
4286,笙,2968,汪,1
4286,笙,3260,滗,1
4286,笙,3740,生,1
4286,笙,4293,笨,1
4286,笙,4308,筌,1
4286,笙,6935,鱼,1
4287,笛,100,亩,1
4287,笛,1412,宙,1
4287,笛,4322,筮,1
4290,笤,993,嚣,1
4290,笤,2425,旮,1
4290,笤,4044,砦,1
4290,笤,4303,笾,1
4290,笤,4990,苕,1
4291,笥,4298,笱,1
4291,笥,4312,筒,1
4291,笥,4313,答,1
4292,符,2394,斥,1
4292,符,3894,皆,1
4292,符,4274,竽,1
4292,符,4313,答,1
4292,符,4457,纣,1
4292,符,5009,苻,1
4293,笨,1474,尜,1
4293,笨,4314,策,1
4293,笨,4392,籴,1
4293,笨,5323,蚩,1
4294,笪,4332,箅,1
4294,笪,4700,耸,1
4296,第,3496,牙,1
4296,第,4287,笛,1
4296,第,4306,等,1
4296,第,4319,筝,1
4296,第,4382,簠,1
4296,第,5581,言,1
4298,笱,4044,砦,1
4298,笱,4312,筒,1
4301,笺,4279,笈,1
4301,笺,4302,笼,1
4301,笺,6515,间,1
4302,笼,1418,宠,1
4302,笼,3724,瓮,1
4302,笼,4309,筏,1
4302,笼,7181,龙,1
4304,筅,359,先,1
4304,筅,1425,宪,1
4305,筇,4311,筑,1
4306,等,11,与,1
4306,等,1458,寺,1
4306,等,1459,寻,1
4306,等,1474,尜,1
4306,等,4232,穿,1
4306,等,4274,竽,1
4306,等,4275,竿,1
4306,等,4292,符,1
4306,等,4319,筝,1
4306,等,4723,肇,1
4306,等,5097,莩,1
4307,筋,520,劢,1
4307,筋,1055,坜,1
4307,筋,3801,疬,1
4308,筌,1573,崟,1
4308,筌,6259,鉴,1
4309,筏,4277,笄,1
4309,筏,4972,芹,1
4310,筐,1570,崖,1
4310,筐,4339,箜,1
4311,筑,3723,瓦,1
4311,筑,4320,筠,1
4311,筑,4327,筹,1
4311,筑,5134,菸,1
4311,筑,5650,诜,1
4311,筑,6475,镚,1
4312,筒,4298,笱,1
4312,筒,4324,筲,1
4312,筒,4361,篙,1
4312,筒,4516,绡,1
4312,筒,6507,闫,1
4313,答,478,券,1
4313,答,891,喊,1
4313,答,3865,瘩,1
4313,答,4289,笠,1
4313,答,5581,言,1
4313,答,6973,鲨,1
4314,策,2615,柒,1
4314,策,4293,笨,1
4314,策,4975,芾,1
4315,筘,4333,箍,1
4316,筚,2901,毕,1
4317,筛,6791,饰,1
4319,筝,4274,竽,1
4319,筝,4281,笋,1
4319,筝,4318,筜,1
4319,筝,4335,箓,1
4320,筠,6307,钩,1
4323,筱,3850,瘆,1
4324,筲,4361,篙,1
4325,筵,4369,篮,1
4325,筵,4375,簇,1
4326,筷,3838,痪,1
4327,筹,2287,搴,1
4327,筹,4232,穿,1
4328,筻,4287,笛,1
4329,筼,1797,徙,1
4329,筼,5775,贫,1
4330,签,768,咚,1
4330,签,4313,答,1
4330,签,5105,莶,1
4331,简,190,位,1
4331,简,4165,福,1
4331,简,6798,饷,1
4332,箅,1610,巢,1
4332,箅,4338,算,1
4334,箐,4363,篝,1
4335,箓,4306,等,1
4335,箓,4402,粜,1
4336,箔,3021,泊,1
4336,箔,4229,穸,1
4336,箔,4311,筑,1
4336,箔,4555,缉,1
4336,箔,5236,蔼,1
4336,箔,5689,谄,1
4338,算,841,唤,1
4338,算,1194,复,1
4338,算,4277,笄,1
4338,算,4884,舁,1
4339,箜,1617,差,1
4339,箜,3194,渣,1
4339,箜,4300,笸,1
4339,箜,4357,篊,1
4340,箝,4315,筘,1
4340,箝,4351,箱,1
4341,管,845,售,1
4341,管,879,啻,1
4341,管,2988,沓,1
4341,管,4279,笈,1
4341,管,4288,笞,1
4341,管,4317,筛,1
4341,管,4339,箜,1
4341,管,4346,箩,1
4341,管,5902,踣,1
4341,管,7048,鸳,1
4341,管,7050,鸶,1
4345,箨,6159,郐,1
4346,箩,1194,复,1
4347,箪,4339,箜,1
4348,箫,386,兼,1
4348,箫,878,啸,1
4348,箫,5154,萧,1
4349,箬,5091,莙,1
4350,箭,4228,穷,1
4350,箭,4295,笫,1
4351,箱,2528,朔,1
4351,箱,2654,栩,1
4351,箱,3080,洹,1
4351,箱,4315,筘,1
4351,箱,4390,籍,1
4351,箱,4566,编,1
4351,箱,5835,赭,1
4353,箸,3315,潽,1
4353,箸,5523,裴,1
4355,篆,1761,彖,1
4355,篆,4335,箓,1
4355,篆,4714,聚,1
4356,篇,757,咆,1
4357,篊,156,伊,1
4357,篊,3105,浚,1
4360,篓,1285,姜,1
4360,篓,2440,昊,1
4360,篓,4284,笔,1
4360,篓,4301,笺,1
4360,篓,4359,篑,1
4361,篙,2518,曼,1
4361,篙,4276,笃,1
4361,篙,4337,箕,1
4361,篙,4365,篢,1
4361,篙,4370,篱,1
4363,篝,4359,篑,1
4364,篡,388,冀,1
4364,篡,1170,墓,1
4365,篢,1440,寅,1
4365,篢,5774,贪,1
4366,篥,1610,巢,1
4366,篥,4371,篷,1
4369,篮,3921,盔,1
4369,篮,3923,盗,1
4369,篮,4318,筜,1
4369,篮,4376,簉,1
4369,篮,6094,逼,1
4369,篮,6108,遛,1
4369,篮,6608,隘,1
4370,篱,1593,嵩,1
4370,篱,4173,禽,1
4370,篱,4276,笃,1
4370,篱,5709,谙,1
4371,篷,2907,毪,1
4371,篷,5102,莲,1
4371,篷,6064,逄,1
4372,篼,4285,笕,1
4373,篾,4339,箜,1
4374,簃,4218,稽,1
4375,簇,5190,蒜,1
4376,簉,6110,遣,1
4377,簋,4381,簟,1
4381,簟,4347,箪,1
4382,簠,3919,监,1
4382,簠,4334,箐,1
4383,簦,7019,鳘,1
4384,簧,437,凰,1
4384,簧,2456,昱,1
4384,簧,4329,筼,1
4384,簧,4337,箕,1
4384,簧,4363,篝,1
4384,簧,4376,簉,1
4385,簪,1379,孛,1
4386,簸,2850,欺,1
4386,簸,3969,睚,1
4387,簿,4327,筹,1
4387,簿,4396,粉,1
4387,簿,5103,莳,1
4387,簿,6415,锛,1
4389,籁,4378,簌,1
4389,籁,6743,颖,1
4390,籍,4374,簃,1
4390,籍,5269,藉,1
4391,米,516,办,1
4391,米,581,半,1
4391,米,764,咔,1
4391,米,1208,夫,1
4391,米,2053,扌,1
4391,米,2537,末,1
4391,米,2564,来,1
4391,米,4677,耒,1
4393,类,1298,娄,1
4393,类,1707,庹,1
4393,类,3056,洄,1
4393,类,4409,粪,1
4393,类,5042,茶,1
4394,籼,4404,粞,1
4395,籽,1372,孓,1
4395,籽,2361,敉,1
4395,籽,4681,耗,1
4396,粉,1090,垢,1
4396,粉,2361,敉,1
4396,粉,2557,杓,1
4396,粉,3619,玢,1
4396,粉,4401,粘,1
4396,粉,4403,粝,1
4396,粉,5901,踢,1
4397,粑,4683,耙,1
4398,粒,2365,敕,1
4398,粒,4682,耘,1
4399,粕,2121,拍,1
4399,粕,2125,拓,1
4399,粕,2612,柏,1
4399,粕,2738,植,1
4399,粕,4423,糌,1
4400,粗,2114,担,1
4401,粘,3207,湉,1
4401,粘,4684,耜,1
4401,粘,5303,虻,1
4402,粜,105,亲,1
4402,粜,4391,米,1
4405,粟,2600,枭,1
4405,粟,4151,票,1
4405,粟,5551,要,1
4406,粢,2695,梁,1
4406,粢,4412,粲,1
4408,粥,5463,街,1
4409,粪,447,凿,1
4410,粮,53,乍,1
4410,粮,2660,根,1
4410,粮,4397,粑,1
4410,粮,4419,糅,1
4411,粱,2590,果,1
4411,粱,5514,裟,1
4412,粲,4415,粼,1
4414,粹,490,剌,1
4414,粹,2387,料,1
4414,粹,3395,烊,1
4414,粹,4398,粒,1
4415,粼,4416,粽,1
4416,粽,4418,糁,1
4417,精,3576,猜,1
4418,糁,4420,糇,1
4420,糇,4423,糌,1
4420,糇,4432,糨,1
4422,糊,2722,棚,1
4422,糊,3580,猢,1
4423,糌,4424,糍,1
4425,糕,2276,搓,1
4425,糕,4401,粘,1
4425,糕,4424,糍,1
4425,糕,4628,羔,1
4426,糖,833,唐,1
4426,糖,4396,粉,1
4426,糖,5418,螗,1
4427,糗,3243,溴,1
4428,糙,1986,慥,1
4428,糙,2124,拒,1
4429,糜,1707,庹,1
4429,糜,1720,廪,1
4429,糜,2303,摩,1
4429,糜,4447,縻,1
4429,糜,7106,麇,1
4429,糜,7108,麋,1
4430,糟,2833,檑,1
4430,糟,5424,螬,1
4431,糠,1991,慷,1
4431,糠,4805,脖,1
4433,糯,4421,糈,1
4433,糯,5812,赐,1
4434,糵,5061,荜,1
4435,糸,102,京,1
4436,系,102,京,1
4436,系,105,亲,1
4436,系,198,佘,1
4436,系,1370,子,1
4436,系,1470,尕,1
4436,系,2155,拿,1
4436,系,4008,矛,1
4436,系,4437,紊,1
4436,系,5744,豕,1
4436,系,5830,赤,1
4437,紊,1389,孪,1
4437,紊,4232,穿,1
4438,素,898,喜,1
4438,素,1228,奏,1
4438,素,1381,孝,1
4438,素,1881,恚,1
4438,素,2482,景,1
4438,素,2553,李,1
4439,索,1379,孛,1
4439,索,1381,孝,1
4439,索,2573,杳,1
4439,索,2819,橐,1
4439,索,4435,糸,1
4439,索,4437,紊,1
4439,索,4438,素,1
4439,索,5830,赤,1
4440,紧,3389,炽,1
4440,紧,3889,登,1
4440,紧,4444,絷,1
4440,紧,5073,荪,1
4441,紫,1038,圹,1
4441,紫,1386,孥,1
4441,紫,1387,学,1
4441,紫,4416,粽,1
4441,紫,5015,茅,1
4441,紫,5153,萦,1
4442,累,351,儡,1
4442,累,725,呆,1
4442,累,2482,景,1
4442,累,4876,臬,1
4443,絮,2605,架,1
4443,絮,4152,祭,1
4443,絮,4440,紧,1
4443,絮,4442,累,1
4443,絮,4444,絷,1
4443,絮,5704,谔,1
4444,絷,2164,挚,1
4446,綮,2725,棨,1
4447,縻,1570,崖,1
4448,繁,4306,等,1
4448,繁,5996,辌,1
4450,繇,3115,浮,1
4450,繇,7084,鹞,1
4451,纂,1474,尜,1
4451,纂,1823,忝,1
4451,纂,4445,綦,1
4453,纟,68,乡,1
4454,纠,1261,妣,1
4454,纠,4227,究,1
4454,纠,4457,纣,1
4454,纠,4469,纰,1
4454,纠,4494,绊,1
4454,纠,5604,讪,1
4454,纠,5606,训,1
4454,纠,6274,钆,1
4455,纡,5460,行,1
4456,红,18,丘,1
4456,红,2962,江,1
4456,红,4464,纪,1
4456,红,4467,纭,1
4456,红,4598,缸,1
4456,红,6281,钍,1
4457,纣,4455,纡,1
4458,纤,113,什,1
4458,纤,136,仟,1
4458,纤,149,件,1
4458,纤,4021,矸,1
4458,纤,4454,纠,1
4458,纤,4473,纴,1
4458,纤,4477,纸,1
4458,纤,4494,绊,1
4458,纤,5616,许,1
4460,约,115,仂,1
4460,约,391,内,1
4460,约,1673,幻,1
4460,约,4500,绐,1
4460,约,4506,绗,1
4461,级,185,似,1
4461,级,1041,圾,1
4461,级,2953,汊,1
4461,级,3161,淑,1
4461,级,3504,牧,1
4461,级,4472,纳,1
4461,级,4474,纵,1
4461,级,4491,织,1
4461,级,5762,贝,1
4464,纪,112,亿,1
4464,纪,352,儿,1
4464,纪,354,允,1
4464,纪,1034,圮,1
4464,纪,1268,妮,1
4464,纪,1782,征,1
4464,纪,2900,比,1
4464,纪,2950,汇,1
4464,纪,2959,汜,1
4464,纪,2999,沦,1
4464,纪,4456,红,1
4464,纪,4485,绁,1
4465,纫,4462,纨,1
4466,纬,1790,律,1
4466,纬,3374,炜,1
4466,纬,4494,绊,1
4466,纬,4534,维,1
4467,纭,2981,沅,1
4467,纭,4507,绘,1
4467,纭,6738,颏,1
4468,纯,2974,汹,1
4468,纯,4462,纨,1
4469,纰,4477,纸,1
4470,纱,115,仂,1
4470,纱,1468,少,1
4470,纱,1674,幼,1
4470,纱,3369,炒,1
4470,纱,4463,纩,1
4470,纱,5597,讣,1
4470,纱,6569,阿,1
4471,纲,2420,旧,1
4471,纲,3001,沨,1
4471,纲,4465,纫,1
4471,纲,4490,细,1
4471,纲,6300,钢,1
4472,纳,115,仂,1
4472,纳,1674,幼,1
4472,纳,2588,枘,1
4472,纳,4485,绁,1
4472,纳,5476,衲,1
4473,纴,4475,纶,1
4473,纴,6785,饪,1
4474,纵,5598,认,1
4474,纵,6146,邹,1
4475,纶,1043,坂,1
4475,纶,2999,沦,1
4475,纶,3539,狍,1
4475,纶,4512,绝,1
4475,纶,5460,行,1
4476,纷,152,份,1
4476,纷,4510,绛,1
4476,纷,6787,饬,1
4477,纸,2076,扺,1
4477,纸,3042,泯,1
4477,纸,4469,纰,1
4477,纸,4891,舐,1
4478,纹,1241,奴,1
4478,纹,2352,攵,1
4478,纹,2356,攻,1
4478,纹,2973,汶,1
4478,纹,3616,玟,1
4478,纹,4461,级,1
4478,纹,4474,纵,1
4479,纺,153,仿,1
4479,纺,1613,巧,1
4479,纺,2964,污,1
4479,纺,4463,纩,1
4479,纺,4482,纾,1
4479,纺,4519,绤,1
4479,纺,4567,缗,1
4481,纽,167,伛,1
4481,纽,3101,浓,1
4481,纽,3749,田,1
4481,纽,4455,纡,1
4481,纽,4598,缸,1
4481,纽,6028,迅,1
4482,纾,4455,纡,1
4483,线,161,伐,1
4483,线,2024,戕,1
4483,线,4457,纣,1
4483,线,4462,纨,1
4483,线,6790,饯,1
4487,练,3050,泺,1
4488,组,189,但,1
4488,组,1062,坦,1
4488,组,1789,徊,1
4488,组,3064,洙,1
4488,组,4186,租,1
4488,组,4465,纫,1
4489,绅,146,仲,1
4489,绅,2107,抻,1
4489,绅,4490,细,1
4490,细,1269,妯,1
4490,细,2967,汩,1
4490,细,3401,烟,1
4490,细,4470,纱,1
4490,细,4538,绸,1
4491,织,124,仍,1
4491,织,189,但,1
4491,织,271,俱,1
4491,织,1778,役,1
4491,织,2402,於,1
4491,织,2420,旧,1
4491,织,4194,积,1
4491,织,4463,纩,1
4491,织,4474,纵,1
4491,织,6354,铝,1
4493,绉,5689,谄,1
4494,绊,149,件,1
4494,绊,1788,徉,1
4494,绊,2996,沣,1
4494,绊,4457,纣,1
4497,绍,2998,沥,1
4497,绍,3626,现,1
4497,绍,4491,织,1
4498,绎,3053,泽,1
4498,绎,3172,淬,1
4498,绎,3182,渌,1
4498,绎,4494,绊,1
4498,绎,4555,缉,1
4498,绎,5341,蛏,1
4498,绎,6343,铎,1
4499,经,223,侄,1
4499,经,1781,往,1
4499,经,1784,径,1
4499,经,3030,泛,1
4499,经,3627,玲,1
4499,经,4459,纥,1
4499,经,4461,级,1
4499,经,4464,纪,1
4499,经,4467,纭,1
4499,经,4511,络,1
4500,绐,5640,诒,1
4501,绑,301,倻,1
4501,绑,4559,缎,1
4502,绒,3549,狨,1
4502,绒,4457,纣,1
4502,绒,4550,缄,1
4502,绒,5664,诫,1
4503,结,1495,居,1
4503,结,1777,彷,1
4503,结,1805,德,1
4503,结,3014,沽,1
4503,结,3055,洁,1
4503,结,3507,牯,1
4503,结,3639,珐,1
4503,结,4484,绀,1
4503,结,4544,绾,1
4505,绕,1300,娆,1
4505,绕,1554,峣,1
4505,绕,5650,诜,1
4507,绘,137,仡,1
4507,绘,4508,给,1
4507,绘,4514,统,1
4507,绘,5632,诊,1
4507,绘,6302,钤,1
4507,绘,6764,飓,1
4507,绘,6784,饩,1
4507,绘,6959,鲙,1
4508,给,1276,始,1
4508,给,1792,徐,1
4508,给,2976,汾,1
4508,给,3741,甥,1
4508,给,4504,绔,1
4508,给,4507,绘,1
4508,给,4511,络,1
4508,给,4519,绤,1
4508,给,4544,绾,1
4508,给,4669,考,1
4508,给,6369,铭,1
4509,绚,203,佝,1
4509,绚,206,你,1
4509,绚,4539,绹,1
4510,绛,4498,绎,1
4511,络,3397,烙,1
4511,络,3642,珞,1
4511,络,4492,终,1
4511,络,4493,绉,1
4511,络,4508,给,1
4511,络,4518,绣,1
4512,绝,175,伧,1
4512,绝,3008,沲,1
4512,绝,3111,浥,1
4513,绞,1778,役,1
4513,绞,3504,牧,1
4513,绞,4159,祾,1
4513,绞,4461,级,1
4513,绞,4502,绒,1
4513,绞,4526,绫,1
4513,绞,5692,谇,1
4514,统,3490,片,1
4514,统,4513,绞,1
4514,统,6375,铳,1
4516,绡,4517,绢,1
4517,绢,17,世,1
4517,绢,290,倡,1
4517,绢,3138,涢,1
4517,绢,4491,织,1
4517,绢,4572,缜,1
4517,绢,4590,缯,1
4518,绣,372,八,1
4518,绣,2734,棼,1
4518,绣,3655,琇,1
4518,绣,4503,结,1
4518,绣,4565,缕,1
4518,绣,4568,缘,1
4518,绣,5797,赁,1
4518,绣,6812,馇,1
4519,绤,255,俗,1
4519,绤,4511,络,1
4520,绥,4483,线,1
4520,绥,4513,绞,1
4520,绥,4523,绨,1
4520,绥,4536,绶,1
4520,绥,4541,绻,1
4521,绦,223,侄,1
4521,绦,3258,滔,1
4521,绦,4510,绛,1
4521,绦,4568,缘,1
4521,绦,5889,跺,1
4521,绦,6365,铩,1
4521,绦,7043,鸮,1
4522,继,3018,泄,1
4522,继,4468,纯,1
4522,继,4484,绀,1
4522,继,4485,绁,1
4522,继,5636,诎,1
4522,继,6056,迷,1
4523,绨,4576,缡,1
4523,绨,6074,递,1
4523,绨,6405,锑,1
4524,绩,294,倩,1
4524,绩,300,债,1
4524,绩,1327,婧,1
4524,绩,3138,涢,1
4524,绩,4089,碛,1
4524,绩,4505,绕,1
4524,绩,4526,绫,1
4524,绩,4578,缣,1
4525,绪,289,借,1
4525,绪,307,偌,1
4525,绪,319,偾,1
4525,绪,5534,褚,1
4525,绪,5677,诸,1
4525,绪,6411,锗,1
4527,续,1417,实,1
4527,续,3517,犊,1
4527,续,4572,缜,1
4527,续,5680,读,1
4527,续,6804,饽,1
4528,绮,4508,给,1
4529,绯,1796,徘,1
4530,绰,296,倬,1
4530,绰,1790,律,1
4530,绰,2390,斝,1
4530,绰,4510,绛,1
4531,绱,4516,绡,1
4532,绲,3176,混,1
4533,绳,4496,绌,1
4533,绳,4558,缍,1
4533,绳,5391,蝇,1
4533,绳,5559,觇,1
4534,维,4209,稚,1
4534,维,4561,缑,1
4534,维,6625,雉,1
4536,绶,4563,缓,1
4537,绷,1316,娴,1
4537,绷,4549,缃,1
4538,绸,231,侗,1
4538,绸,425,凋,1
4538,绸,854,啁,1
4538,绸,4211,稠,1
4538,绸,4490,细,1
4538,绸,5383,蜩,1
4539,绹,4509,绚,1
4541,绻,292,倦,1
4541,绻,6428,锩,1
4542,综,1410,宗,1
4542,综,3106,浜,1
4542,综,4496,绌,1
4542,综,4521,绦,1
4542,综,4543,绽,1
4542,综,5683,课,1
4542,综,5691,谆,1
4542,综,6972,鲧,1
4543,绽,247,促,1
4543,绽,3036,泣,1
4543,绽,4467,纭,1
4543,绽,4480,纻,1
4543,绽,4513,绞,1
4545,绿,4487,练,1
4546,缀,350,儒,1
4546,缀,3203,游,1
4546,缀,5520,裰,1
4547,缁,3154,淄,1
4548,缂,4580,缥,1
4549,缃,4490,细,1
4550,缄,1075,垃,1
4550,缄,4538,绸,1
4551,缅,4476,纷,1
4551,缅,4495,绋,1
4551,缅,4519,绤,1
4551,缅,4566,编,1
4551,缅,5702,谒,1
4551,缅,6719,须,1
4552,缆,5378,蜞,1
4553,缇,315,偲,1
4554,缈,3204,渺,1
4555,缉,243,侮,1
4555,缉,3292,漳,1
4555,缉,4517,绢,1
4555,缉,4567,缗,1
4555,缉,5667,诮,1
4556,缋,837,唝,1
4556,缋,4524,绩,1
4559,缎,1218,夺,1
4559,缎,1394,孵,1
4559,缎,2888,段,1
4559,缎,3219,湫,1
4559,缎,3242,溲,1
4559,缎,4474,纵,1
4563,缓,282,倓,1
4563,缓,3221,湲,1
4563,缓,4513,绞,1
4563,缓,4546,缀,1
4563,缓,5659,该,1
4563,缓,6807,馁,1
4564,缔,2993,沛,1
4565,缕,264,俦,1
4565,缕,318,偻,1
4565,缕,1790,律,1
4565,缕,4494,绊,1
4565,缕,4495,绋,1
4565,缕,4577,缢,1
4566,编,3520,犏,1
4566,编,3767,留,1
4566,编,4574,缟,1
4567,缗,4484,绀,1
4568,缘,897,喙,1
4568,缘,1761,彖,1
4568,缘,3045,泳,1
4568,缘,3089,浆,1
4568,缘,3578,猞,1
4568,缘,4545,绿,1
4570,缚,270,俯,1
4570,缚,4571,缛,1
4570,缚,4581,缦,1
4570,缚,5699,谏,1
4570,缚,6457,镈,1
4573,缝,205,佟,1
4573,缝,2503,暹,1
4573,缝,3659,琏,1
4574,缟,4460,约,1
4575,缠,1862,性,1
4575,缠,3229,溏,1
4575,缠,3342,瀍,1
4575,缠,4459,纥,1
4577,缢,330,催,1
4577,缢,3235,溢,1
4578,缣,5721,谦,1
4579,缤,4357,篊,1
4579,缤,4543,绽,1
4580,缥,3062,洒,1
4581,缦,5724,谩,1
4582,缧,3290,漯,1
4582,缧,4557,缌,1
4583,缨,1330,婴,1
4583,缨,3285,漤,1
4583,缨,3703,璎,1
4584,缩,150,价,1
4584,缩,3495,牖,1
4584,缩,4544,绾,1
4585,缪,334,僇,1
4585,缪,5727,谬,1
4585,缪,6481,镠,1
4586,缫,1610,巢,1
4588,缭,4528,绮,1
4588,缭,4580,缥,1
4588,缭,6484,镣,1
4589,缮,3145,涪,1
4589,缮,3234,溠,1
4589,缮,3315,潽,1
4591,缰,4577,缢,1
4592,缱,5735,谴,1
4594,缳,3327,澴,1
4595,缴,331,傲,1
4595,缴,1714,廒,1
4595,缴,4568,缘,1
4595,缴,4590,缯,1
4595,缴,6159,郐,1
4598,缸,2926,氙,1
4598,缸,5741,豇,1
4599,缺,5482,袂,1
4600,罂,5884,践,1
4601,罄,6831,馨,1
4601,罄,7185,龠,1
4603,罐,6620,雁,1
4604,网,687,同,1
4604,网,1002,囝,1
4604,网,6402,锎,1
4605,罔,743,周,1
4605,罔,1017,国,1
4606,罕,586,卓,1
4606,罕,1428,宰,1
4606,罕,3502,牢,1
4606,罕,4275,竿,1
4607,罗,400,写,1
4607,罗,1194,复,1
4607,罗,1518,岁,1
4607,罗,2434,旻,1
4607,罗,2456,昱,1
4607,罗,4229,穸,1
4607,罗,4230,穹,1
4607,罗,4442,累,1
4610,罟,4612,罢,1
4612,罢,2673,桊,1
4612,罢,4607,罗,1
4614,罩,2428,旱,1
4614,罩,3981,睾,1
4614,罩,4606,罕,1
4614,罩,4624,羊,1
4614,罩,5552,覃,1
4614,罩,6673,革,1
4615,罪,1115,埙,1
4615,罪,2463,晁,1
4615,罪,5133,菲,1
4615,罪,6651,霏,1
4616,置,1421,宣,1
4616,置,2456,昱,1
4616,置,4409,粪,1
4616,置,4614,罩,1
4616,置,6826,首,1
4617,罱,5362,蜀,1
4618,署,1450,寡,1
4618,署,4349,箬,1
4618,署,5585,詈,1
4619,罴,4612,罢,1
4624,羊,1,一,1
4624,羊,1187,声,1
4624,羊,2961,汞,1
4624,羊,3786,疒,1
4624,羊,5069,荦,1
4624,羊,6011,辛,1
4625,羌,3120,浼,1
4625,羌,4177,秃,1
4626,美,378,关,1
4626,美,3358,灵,1
4628,羔,25,丢,1
4628,羔,41,主,1
4628,羔,376,兰,1
4629,羚,1617,差,1
4629,羚,5748,豨,1
4629,羚,5964,转,1
4633,羡,4627,羑,1
4638,羲,4590,缯,1
4639,羸,1249,妄,1
4640,羹,2933,氦,1
4640,羹,4626,美,1
4642,羽,3067,洞,1
4642,羽,6509,问,1
4645,翅,2654,栩,1
4645,翅,6125,邓,1
4648,翎,4474,纵,1
4649,翔,4630,羝,1
4649,翔,4660,翮,1
4653,翚,4655,翠,1
4655,翠,2428,旱,1
4659,翩,4646,翊,1
4661,翯,4647,翌,1
4663,翱,4665,翻,1
4665,翻,2362,敌,1
4665,翻,4646,翊,1
4665,翻,4660,翮,1
4665,翻,5518,裥,1
4666,翼,1475,尝,1
4666,翼,4409,粪,1
4666,翼,4647,翌,1
4666,翼,5049,荄,1
4667,耀,3349,灈,1
4667,耀,6481,镠,1
4668,老,14,专,1
4668,老,1067,坭,1
4668,老,4260,立,1
4669,考,1218,夺,1
4669,考,3371,炕,1
4670,耄,4668,老,1
4671,者,2445,昔,1
4671,者,2451,春,1
4671,者,2873,殇,1
4671,者,6826,首,1
4673,耋,1076,垄,1
4674,而,618,历,1
4674,而,3723,瓦,1
4674,而,5550,西,1
4675,耍,2432,旸,1
4675,耍,6643,霁,1
4676,耐,1457,对,1
4677,耒,4009,矜,1
4678,耔,4395,籽,1
4678,耔,6255,野,1
4679,耕,4680,耖,1
4679,耕,6684,鞅,1
4682,耘,2980,沄,1
4682,耘,6582,陔,1
4683,耙,2084,把,1
4683,耙,2575,杷,1
4683,耙,4680,耖,1
4684,耜,4688,耦,1
4685,耠,4684,耜,1
4690,耨,4695,耲,1
4692,耪,3196,渥,1
4692,耪,4686,耢,1
4696,耳,4875,自,1
4697,耵,3930,盯,1
4698,耶,604,卯,1
4698,耶,3688,瑞,1
4698,耶,4707,聊,1
4698,耶,6138,邯,1
4698,耶,6141,邳,1
4698,耶,6145,邸,1
4700,耸,4294,笪,1
4700,耸,4699,耷,1
4701,耻,1042,址,1
4701,耻,4730,肚,1
4701,耻,4739,肥,1
4703,耿,3219,湫,1
4703,耿,4702,耽,1
4703,耿,4738,肤,1
4703,耿,6138,邯,1
4707,聊,614,卿,1
4708,聋,3509,牵,1
4708,聋,4699,耷,1
4708,聋,5043,茸,1
4709,职,1081,垍,1
4709,职,1828,忪,1
4709,职,4703,耿,1
4709,职,5973,轵,1
4709,职,5974,轶,1
4712,联,1684,庐,1
4712,联,2529,朕,1
4712,联,6857,骇,1
4713,聘,6860,骋,1
4714,聚,2650,栗,1
4714,聚,5486,袈,1
4714,聚,5752,豸,1
4716,聪,4706,聆,1
4716,聪,4789,胸,1
4716,聪,4812,脱,1
4721,肄,4722,肆,1
4721,肄,6092,逸,1
4722,肆,3624,玮,1
4722,肆,5493,袢,1
4724,肉,391,内,1
4724,肉,1014,囵,1
4724,肉,1044,均,1
4724,肉,3017,泃,1
4724,肉,6514,闳,1
4725,肋,540,勖,1
4725,肋,4393,类,1
4726,肌,2461,昽,1
4728,肖,1473,尚,1
4728,肖,2523,有,1
4728,肖,3746,甬,1
4728,肖,4753,肾,1
4728,肖,4759,胄,1
4728,肖,4993,苛,1
4728,肖,5569,角,1
4729,肘,2522,月,1
4729,肘,4711,聒,1
4729,肘,4751,肼,1
4730,肚,4729,肘,1
4730,肚,4752,肽,1
4731,肛,2427,旰,1
4731,肛,4730,肚,1
4731,肛,4733,肝,1
4731,肛,5303,虻,1
4732,肜,4734,肟,1
4733,肝,2903,毗,1
4733,肝,3611,玕,1
4733,肝,4178,秆,1
4733,肝,4730,肚,1
4733,肝,4754,肿,1
4733,肝,4764,胖,1
4735,肠,2435,昀,1
4735,肠,2526,服,1
4735,肠,3505,物,1
4735,肠,4732,肜,1
4735,肠,5745,豚,1
4736,股,2526,服,1
4736,股,4777,胩,1
4736,股,4829,腚,1
4737,肢,14,专,1
4737,肢,1256,妓,1
4737,肢,2526,服,1
4737,肢,3955,眭,1
4737,肢,4837,腱,1
4738,肤,4749,肷,1
4738,肤,4752,肽,1
4738,肤,4769,胜,1
4738,肤,4797,脍,1
4739,肥,706,吧,1
4739,肥,2084,把,1
4739,肥,2959,汜,1
4739,肥,4397,粑,1
4740,肩,713,启,1
4740,肩,2041,戽,1
4740,肩,4237,窅,1
4740,肩,4929,艰,1
4740,肩,4992,苘,1
4740,肩,6810,馅,1
4741,肪,4766,胙,1
4741,肪,4903,舫,1
4742,肫,4739,肥,1
4743,肭,4725,肋,1
4744,肮,1845,怆,1
4744,肮,2091,抗,1
4744,肮,2446,昕,1
4744,肮,2982,沆,1
4744,肮,4726,肌,1
4744,肮,4784,胱,1
4744,肮,4799,脏,1
4744,肮,4801,脑,1
4745,肯,1527,岗,1
4745,肯,2421,旨,1
4745,肯,3128,涓,1
4745,肯,4727,肓,1
4745,肯,4728,肖,1
4747,育,456,刍,1
4747,育,1201,夜,1
4747,育,2421,旨,1
4747,育,2451,春,1
4747,育,4237,窅,1
4747,育,6710,音,1
4747,育,6902,高,1
4748,肴,1237,奢,1
4748,肴,1423,宥,1
4748,肴,1437,宿,1
4748,肴,3944,看,1
4750,肺,2452,昧,1
4750,肺,4741,肪,1
4750,肺,4757,胂,1
4752,肽,4755,胀,1
4752,肽,4762,胍,1
4753,肾,3065,洚,1
4753,肾,4759,胄,1
4753,肾,4972,芹,1
4754,肿,4145,神,1
4754,肿,4733,肝,1
4754,肿,4737,肢,1
4754,肿,4906,舯,1
4755,胀,358,兆,1
4755,胀,2461,昽,1
4755,胀,4738,肤,1
4755,胀,4749,肷,1
4755,胀,4752,肽,1
4755,胀,4784,胱,1
4756,胁,3216,湝,1
4756,胁,4749,肷,1
4756,胁,4786,胳,1
4758,胃,1491,局,1
4758,胃,2441,昌,1
4758,胃,4607,罗,1
4759,胄,3525,犭,1
4760,胆,4779,胫,1
4760,胆,5489,袒,1
4761,背,2573,杳,1
4761,背,3680,瑁,1
4761,背,4717,聱,1
4761,背,4728,肖,1
4761,背,4796,脊,1
4761,背,7051,鸷,1
4762,胍,744,呱,1
4763,胎,1276,始,1
4763,胎,2439,昉,1
4763,胎,2446,昕,1
4763,胎,4732,肜,1
4763,胎,4744,肮,1
4763,胎,4776,胨,1
4763,胎,4793,脂,1
4763,胎,4815,脸,1
4763,胎,5791,贻,1
4764,胖,788,咿,1
4764,胖,3966,睇,1
4764,胖,4751,肼,1
4764,胖,5493,袢,1
4765,胗,3957,眵,1
4765,胗,5491,袗,1
4767,胚,1068,坯,1
4767,胚,4732,肜,1
4767,胚,4815,脸,1
4767,胚,5665,诬,1
4768,胛,4757,胂,1
4768,胛,4816,脾,1
4769,胜,4732,肜,1
4771,胞,2527,朐,1
4772,胡,6563,阴,1
4774,胥,3782,疋,1
4775,胧,2903,毗,1
4775,胧,4746,肱,1
4775,胧,4752,肽,1
4775,胧,4755,胀,1
4776,胨,4798,脎,1
4777,胩,4755,胀,1
4782,胯,1,一,1
4782,胯,2161,挎,1
4782,胯,4805,脖,1
4782,胯,5878,跨,1
4783,胰,142,仪,1
4783,胰,343,僰,1
4783,胰,4738,肤,1
4783,胰,4837,腱,1
4784,胱,4803,脓,1
4784,胱,4806,脘,1
4785,胲,3953,眩,1
4785,胲,4830,腠,1
4787,胴,3067,洞,1
4788,胶,157,伋,1
4788,胶,292,倦,1
4788,胶,779,咬,1
4788,胶,3504,牧,1
4788,胶,4737,肢,1
4788,胶,5776,贬,1
4789,胸,2435,昀,1
4789,胸,2524,朊,1
4789,胸,2527,朐,1
4789,胸,3543,狗,1
4789,胸,4735,肠,1
4789,胸,4795,脉,1
4789,胸,4801,脑,1
4790,胺,2479,晦,1
4790,胺,4801,脑,1
4792,能,2634,柽,1
4792,能,3074,洮,1
4792,能,4035,砖,1
4792,能,6828,馘,1
4793,脂,460,刖,1
4793,脂,2497,暗,1
4793,脂,3128,涓,1
4793,脂,3216,湝,1
4793,脂,3507,牯,1
4793,脂,4818,腈,1
4793,脂,4819,腊,1
4794,脆,3943,眊,1
4794,脆,4771,胞,1
4794,脆,4806,脘,1
4794,脆,4824,腒,1
4795,脉,2433,旺,1
4795,脉,4643,羿,1
4795,脉,4801,脑,1
4796,脊,2573,杳,1
4796,脊,3031,泜,1
4796,脊,4727,肓,1
4798,脎,2475,晞,1
4798,脎,4200,稀,1
4798,脎,4802,脒,1
4799,脏,2461,昽,1
4799,脏,3945,眍,1
4799,脏,3971,睡,1
4799,脏,3972,睢,1
4799,脏,4737,肢,1
4799,脏,4766,胙,1
4799,脏,4767,胚,1
4800,脐,1828,忪,1
4800,脐,3777,畸,1
4800,脐,4786,胳,1
4800,脐,4809,脧,1
4801,脑,1844,怅,1
4801,脑,1917,悢,1
4801,脑,4734,肟,1
4802,脒,2452,昧,1
4803,脓,402,农,1
4803,脓,4199,秾,1
4805,脖,1911,悖,1
4805,脖,2499,暧,1
4805,脖,4810,脬,1
4805,脖,4852,膘,1
4806,脘,4829,腚,1
4807,脚,4750,肺,1
4809,脧,4788,胶,1
4810,脬,752,呼,1
4810,脬,4828,腙,1
4811,脯,4743,肭,1
4811,脯,4750,肺,1
4811,脯,4818,腈,1
4812,脱,2524,朊,1
4812,脱,2529,朕,1
4812,脱,3504,牧,1
4814,脶,4853,膙,1
4814,脶,4858,膦,1
4815,脸,1894,恰,1
4815,脸,2492,暅,1
4815,脸,2879,殓,1
4815,脸,4843,腽,1
4815,脸,6364,铨,1
4816,脾,1946,惨,1
4816,脾,3492,牌,1
4816,脾,4814,脶,1
4817,腆,4924,艚,1
4818,腈,2485,晴,1
4818,腈,4783,胰,1
4818,腈,6453,镄,1
4819,腊,2497,暗,1
4819,腊,4569,缙,1
4819,腊,4784,胱,1
4820,腋,1852,怕,1
4821,腌,1122,埯,1
4821,腌,1575,崦,1
4821,腌,4794,脆,1
4822,腐,306,偈,1
4823,腑,6572,附,1
4824,腒,3996,瞩,1
4826,腔,2228,控,1
4826,腔,4829,腚,1
4826,腔,4836,腰,1
4826,腔,6470,镕,1
4827,腕,3670,琬,1
4827,腕,3778,畹,1
4827,腕,5303,虻,1
4828,腙,4805,脖,1
4829,腚,4806,脘,1
4829,腚,4809,脧,1
4829,腚,6762,飑,1
4830,腠,4738,肤,1
4831,腥,4806,脘,1
4831,腥,4808,脞,1
4831,腥,4812,脱,1
4831,腥,4843,腽,1
4833,腩,4811,脯,1
4835,腮,3833,痣,1
4835,腮,3962,眼,1
4835,腮,6764,飓,1
4835,腮,6765,飔,1
4836,腰,1257,妖,1
4836,腰,4849,膊,1
4838,腴,2450,映,1
4839,腹,3762,畋,1
4839,腹,3987,瞍,1
4839,腹,4788,胶,1
4839,腹,4843,腽,1
4839,腹,6822,馒,1
4840,腺,2051,扊,1
4840,腺,4786,胳,1
4840,腺,4810,脬,1
4840,腺,4828,腙,1
4841,腻,4874,臧,1
4841,腻,5384,蜮,1
4842,腼,4801,脑,1
4844,腾,36,临,1
4844,腾,3259,滕,1
4844,腾,4669,考,1
4844,腾,4783,胰,1
4844,腾,4818,腈,1
4844,腾,4856,膝,1
4844,腾,5421,螣,1
4845,腿,3126,涎,1
4845,腿,4837,腱,1
4845,腿,6060,退,1
4846,膀,3250,滂,1
4846,膀,3957,眵,1
4846,膀,4782,胯,1
4846,膀,4806,脘,1
4847,膂,2697,梅,1
4849,膊,590,博,1
4849,膊,2273,搏,1
4849,膊,4842,腼,1
4850,膏,6886,骨,1
4852,膘,1453,寨,1
4852,膘,2308,摽,1
4852,膘,4770,胝,1
4852,膘,4810,脬,1
4852,膘,4828,腙,1
4852,膘,4836,腰,1
4852,膘,4840,腺,1
4852,膘,6271,鐾,1
4854,膛,3991,瞟,1
4854,膛,4766,胙,1
4854,膛,4826,腔,1
4854,膛,4855,膜,1
4854,膛,4857,膣,1
4855,膜,892,喋,1
4855,膜,3838,痪,1
4855,膜,3967,睐,1
4855,膜,5810,赎,1
4856,膝,3259,滕,1
4856,膝,4802,脒,1
4856,膝,4805,脖,1
4858,膦,6766,飕,1
4859,膨,958,嘭,1
4859,膨,1135,堌,1
4859,膨,4808,脞,1
4859,膨,4870,臌,1
4859,膨,6284,钐,1
4861,膳,4764,胖,1
4861,膳,4818,腈,1
4864,臀,5924,蹐,1
4866,臂,1179,壁,1
4866,臂,6831,馨,1
4868,臆,1778,役,1
4868,臆,4809,脧,1
4868,臆,4812,脱,1
4868,臆,4829,腚,1
4868,臆,4839,腹,1
4868,臆,5582,訄,1
4869,臊,3514,犀,1
4869,臊,4810,脬,1
4869,臊,4828,腙,1
4869,臊,4837,腱,1
4872,臜,4817,腆,1
4872,臜,5950,躜,1
4873,臣,565,匡,1
4873,臣,620,压,1
4873,臣,6090,逵,1
4873,臣,6771,飞,1
4874,臧,427,减,1
4875,自,216,佴,1
4875,自,565,匡,1
4875,自,3060,洎,1
4875,自,3929,目,1
4876,臬,2572,杲,1
4877,臭,382,具,1
4877,臭,638,县,1
4877,臭,1238,奥,1
4877,臭,5982,轾,1
4877,臭,6273,钅,1
4878,至,41,主,1
4878,至,48,乇,1
4878,至,84,互,1
4878,至,378,关,1
4878,至,1074,垂,1
4878,至,2905,毛,1
4878,至,5555,观,1
4878,至,5740,豆,1
4879,致,2353,收,1
4879,致,2357,放,1
4879,致,2358,政,1
4879,致,2362,敌,1
4879,致,3623,玫,1
4879,致,4478,纹,1
4881,臼,2967,汩,1
4881,臼,5457,血,1
4881,臼,5604,讪,1
4881,臼,6511,闰,1
4883,舀,870,啬,1
4883,舀,2421,旨,1
4883,舀,3890,白,1
4883,舀,4493,绉,1
4883,舀,5689,谄,1
4887,舅,1673,幻,1
4888,舆,1238,奥,1
4889,舌,81,于,1
4889,舌,375,兮,1
4889,舌,1185,壬,1
4889,舌,1210,夭,1
4889,舌,1495,居,1
4889,舌,4597,缶,1
4889,舌,4934,艺,1
4890,舍,166,会,1
4890,舍,198,佘,1
4890,舍,375,兮,1
4890,舍,4610,罟,1
4890,舍,6257,金,1
4891,舐,3635,珉,1
4892,舒,652,叙,1
4892,舒,5460,行,1
4892,舒,6280,钌,1
4893,舔,4545,绿,1
4893,舔,5834,赫,1
4895,舜,827,哿,1
4895,舜,1408,宓,1
4895,舜,2389,斜,1
4895,舜,2928,氛,1
4896,舞,1273,妾,1
4897,舟,552,匆,1
4897,舟,577,卅,1
4897,舟,1004,囟,1
4897,舟,1727,开,1
4899,舢,4907,舰,1
4902,航,2524,朊,1
4902,航,4744,肮,1
4903,舫,4914,舸,1
4903,舫,4922,艏,1
4904,般,157,伋,1
4904,般,2363,敏,1
4904,般,3900,皓,1
4904,般,4199,秾,1
4904,般,4736,股,1
4904,般,7056,鸼,1
4906,舯,4909,舳,1
4907,舰,2596,枧,1
4907,舰,3901,皖,1
4908,舱,4911,舵,1
4908,舱,5861,跄,1
4909,舳,9,丌,1
4909,舳,4899,舢,1
4911,舵,4906,舯,1
4911,舵,4910,舴,1
4912,舶,3632,珀,1
4912,舶,3761,畈,1
4912,舶,3896,皈,1
4912,舶,3946,眙,1
4912,舶,4908,舱,1
4912,舶,4909,舳,1
4912,舶,4915,船,1
4913,舷,7056,鸼,1
4915,船,4763,胎,1
4915,船,4903,舫,1
4915,船,4913,舷,1
4917,舾,4901,舨,1
4919,艇,4900,舣,1
4920,艉,4905,舭,1
4923,艘,2745,椤,1
4923,艘,3659,琏,1
4923,艘,3987,瞍,1
4926,艨,3337,濠,1
4927,艮,382,具,1
4927,艮,2920,民,1
4928,良,651,变,1
4928,良,833,唐,1
4928,良,1220,奁,1
4928,良,1682,庋,1
4928,良,1689,庖,1
4928,良,2920,民,1
4928,良,4927,艮,1
4929,艰,1307,娘,1
4929,艰,1887,恨,1
4929,艰,5477,衷,1
4929,艰,5626,诃,1
4930,色,126,仑,1
4930,色,1532,岜,1
4934,艺,93,亡,1
4934,艺,1031,圪,1
4934,艺,4668,老,1
4934,艺,4935,艽,1
4936,艾,2351,攴,1
4936,艾,4976,苁,1
4937,艿,4957,芦,1
4938,节,76,予,1
4938,节,4935,艽,1
4938,节,4957,芦,1
4939,芄,4935,艽,1
4940,芈,4933,艹,1
4941,芊,4942,芋,1
4941,芊,6011,辛,1
4942,芋,1187,声,1
4942,芋,5071,荨,1
4942,芋,6011,辛,1
4943,芍,52,乌,1
4943,芍,4969,芴,1
4943,芍,4992,苘,1
4943,芍,5047,荀,1
4944,芎,4946,芑,1
4944,芎,4968,芳,1
4944,芎,5178,葶,1
4945,芏,1028,圣,1
4945,芏,4947,芒,1
4946,芑,4944,芎,1
4946,芑,4961,芫,1
4946,芑,4963,芭,1
4947,芒,363,兑,1
4947,芒,377,共,1
4947,芒,4934,艺,1
4947,芒,4971,芸,1
4947,芒,4983,苍,1
4947,芒,5740,豆,1
4947,芒,6021,辶,1
4949,芘,5018,茈,1
4949,芘,6281,钍,1
4950,芙,378,关,1
4950,芙,1209,夬,1
4950,芙,4982,苌,1
4950,芙,5038,茱,1
4951,芜,4950,芙,1
4951,芜,5045,茺,1
4951,芜,5056,荒,1
4952,芝,381,其,1
4952,芝,4953,芟,1
4952,芝,6021,辶,1
4954,芡,5033,茨,1
4954,芡,5070,荧,1
4956,芥,377,共,1
4956,芥,4938,节,1
4956,芥,4989,苔,1
4956,芥,5064,荠,1
4957,芦,4938,节,1
4957,芦,4942,芋,1
4957,芦,4975,芾,1
4957,芦,4984,苎,1
4960,芪,4967,花,1
4962,芬,478,券,1
4962,芬,530,劳,1
4962,芬,1684,庐,1
4962,芬,5024,茓,1
4962,芬,5027,茗,1
4962,芬,6641,雾,1
4963,芭,1339,媪,1
4963,芭,4946,芑,1
4963,芭,4983,苍,1
4963,芭,5029,茛,1
4964,芮,4170,禹,1
4964,芮,4943,芍,1
4965,芯,1816,忐,1
4965,芯,4934,艺,1
4966,芰,3478,爰,1
4966,芰,5001,若,1
4966,芰,5036,茭,1
4967,花,360,光,1
4967,花,361,克,1
4967,花,4668,老,1
4967,花,4949,芘,1
4968,芳,1738,弓,1
4968,芳,4961,芫,1
4968,芳,4972,芹,1
4968,芳,4979,苈,1
4968,芳,5002,苦,1
4968,芳,5113,菁,1
4968,芳,6710,音,1
4971,芸,1235,奚,1
4971,芸,4961,芫,1
4972,芹,2393,斤,1
4972,芹,4938,节,1
4972,芹,4956,芥,1
4972,芹,4975,芾,1
4972,芹,5062,荞,1
4973,芼,4284,笔,1
4974,芽,44,丿,1
4974,芽,4941,芊,1
4974,芽,4942,芋,1
4974,芽,5069,荦,1
4975,芾,4314,策,1
4975,芾,4979,苈,1
4975,芾,5010,茀,1
4976,苁,4998,苡,1
4978,苇,1743,弟,1
4978,苇,4944,芎,1
4978,苇,5055,荑,1
4978,苇,6702,韦,1
4981,苋,4954,芡,1
4981,苋,4984,苎,1
4981,苋,5033,茨,1
4981,苋,5560,览,1
4982,苌,28,丧,1
4983,苍,551,包,1
4983,苍,4989,苔,1
4983,苍,4995,苞,1
4983,苍,4999,苣,1
4985,苏,4969,芴,1
4986,苑,4981,苋,1
4986,苑,5016,茆,1
4986,苑,5076,荭,1
4986,苑,5841,起,1
4989,苔,668,台,1
4989,苔,4727,肓,1
4989,苔,4946,芑,1
4989,苔,5025,茔,1
4989,苔,5048,荃,1
4990,苕,4937,艿,1
4991,苗,589,南,1
4991,苗,1382,孟,1
4991,苗,1689,庖,1
4991,苗,2573,杳,1
4991,苗,4967,花,1
4991,苗,4969,芴,1
4991,苗,4987,苒,1
4991,苗,5008,苹,1
4991,苗,5016,茆,1
4991,苗,5030,茜,1
4992,苘,4996,苟,1
4992,苘,5180,葺,1
4993,苛,377,共,1
4993,苛,1071,坷,1
4993,苛,1533,岢,1
4993,苛,2445,昔,1
4993,苛,3633,珂,1
4993,苛,4969,芴,1
4993,苛,4996,苟,1
4993,苛,5015,茅,1
4993,苛,5047,荀,1
4993,苛,5064,荠,1
4994,苜,1371,孑,1
4994,苜,4943,芍,1
4994,苜,5006,苴,1
4994,苜,5007,苷,1
4994,苜,5040,茴,1
4995,苞,1623,巷,1
4995,苞,1689,庖,1
4996,苟,1473,尚,1
4998,苡,4949,芘,1
4999,苣,4983,苍,1
5000,苤,5021,茎,1
5001,若,671,右,1
5001,若,1535,岩,1
5001,若,4671,者,1
5001,若,4944,芎,1
5001,若,5000,苤,1
5001,若,5022,茏,1
5001,若,5035,茬,1
5002,苦,1381,孝,1
5002,苦,1474,尜,1
5002,苦,4982,苌,1
5002,苦,4989,苔,1
5002,苦,5001,若,1
5003,苫,456,刍,1
5003,苫,1726,廿,1
5003,苫,4966,芰,1
5003,苫,4984,苎,1
5003,苫,5051,荇,1
5003,苫,5088,莒,1
5004,苯,2564,来,1
5004,苯,2617,柔,1
5005,英,1221,奂,1
5005,英,2515,更,1
5005,英,4954,芡,1
5005,英,5032,茧,1
5005,英,5075,荬,1
5005,英,5136,菼,1
5005,英,5163,葖,1
5006,苴,4994,苜,1
5008,苹,77,争,1
5008,苹,1428,宰,1
5008,苹,1671,幸,1
5008,苹,4624,羊,1
5008,苹,4975,芾,1
5010,茀,4975,芾,1
5010,茀,5055,荑,1
5011,茁,443,出,1
5011,茁,1496,屈,1
5011,茁,4240,窍,1
5011,茁,4962,芬,1
5011,茁,4970,芷,1
5011,茁,5127,菡,1
5011,茁,5164,著,1
5012,茂,5022,茏,1
5013,范,616,厄,1
5013,范,4949,芘,1
5013,范,4986,苑,1
5013,范,5110,莼,1
5014,茄,5022,茏,1
5014,茄,5081,荻,1
5014,茄,5114,菂,1
5015,茅,4968,芳,1
5015,茅,5071,荨,1
5015,茅,5113,菁,1
5016,茆,1546,峁,1
5017,茇,647,发,1
5018,茈,4949,芘,1
5019,茉,105,亲,1
5019,茉,5101,莱,1
5021,茎,1126,基,1
5021,茎,1499,屋,1
5021,茎,3823,痊,1
5021,茎,5048,荃,1
5021,茎,5072,荩,1
5022,茏,6158,郏,1
5023,茑,5043,茸,1
5024,茓,377,共,1
5024,茓,3072,洪,1
5024,茓,3396,烘,1
5024,茓,4984,苎,1
5025,茔,4991,苗,1
5028,茚,5047,荀,1
5031,茝,4963,芭,1
5032,茧,4959,芩,1
5032,茧,4982,苌,1
5032,茧,5025,茔,1
5033,茨,5005,英,1
5033,茨,5013,范,1
5034,茫,1749,弪,1
5034,茫,3072,洪,1
5034,茫,4945,芏,1
5034,茫,5084,莅,1
5034,茫,6577,陉,1
5035,茬,1617,差,1
5035,茬,4960,芪,1
5035,茬,5020,茌,1
5036,茭,5021,茎,1
5036,茭,5132,菱,1
5036,茭,5263,薮,1
5037,茯,5106,获,1
5038,茱,5019,茉,1
5038,茱,5066,荣,1
5040,茴,589,南,1
5040,茴,4963,芭,1
5040,茴,5006,苴,1
5040,茴,5041,茵,1
5040,茴,5079,荷,1
5041,茵,1004,囟,1
5041,茵,4875,自,1
5041,茵,5040,茴,1
5042,茶,105,亲,1
5042,茶,1892,恭,1
5042,茶,2613,某,1
5043,茸,3932,盲,1
5043,茸,4699,耷,1
5043,茸,4966,芰,1
5043,茸,5121,菖,1
5043,茸,6673,革,1
5044,茹,4982,苌,1
5044,茹,5014,茄,1
5044,茹,5083,荽,1
5045,茺,4980,苊,1
5045,茺,5056,荒,1
5046,茼,4992,苘,1
5046,茼,4996,苟,1
5046,茼,5140,萄,1
5047,荀,4996,苟,1
5049,荄,4971,芸,1
5050,荆,491,前,1
5050,荆,496,剖,1
5050,荆,498,剞,1
5052,草,586,卓,1
5052,草,4393,类,1
5052,草,5069,荦,1
5052,草,5090,莘,1
5052,草,6673,革,1
5053,荏,3083,洼,1
5053,荏,5020,茌,1
5053,荏,5161,葆,1
5054,荐,4292,符,1
5054,荐,5001,若,1
5055,荑,1215,夷,1
5056,荒,4961,芫,1
5056,荒,4971,芸,1
5056,荒,4980,苊,1
5056,荒,5049,荄,1
5056,荒,5052,草,1
5057,荔,4937,艿,1
5058,荙,5092,莛,1
5059,荚,4626,美,1
5059,荚,5005,英,1
5059,荚,5022,茏,1
5059,荚,5072,荩,1
5059,荚,5075,荬,1
5062,荞,59,乔,1
5062,荞,4956,芥,1
5062,荞,5051,荇,1
5064,荠,580,卉,1
5065,荡,466,初,1
5066,荣,1379,孛,1
5066,荣,1567,崇,1
5066,荣,2633,柴,1
5066,荣,5005,英,1
5066,荣,5019,茉,1
5066,荣,5082,荼,1
5067,荤,1306,娓,1
5067,荤,2471,晕,1
5067,荤,5052,草,1
5069,荦,5025,茔,1
5070,荧,4969,芴,1
5070,荧,4991,苗,1
5070,荧,5005,英,1
5070,荧,5026,茕,1
5070,荧,5151,萤,1
5073,荪,5116,菇,1
5074,荫,5043,茸,1
5077,荮,5009,苻,1
5077,荮,5078,药,1
5078,药,4964,芮,1
5078,药,4984,苎,1
5078,药,5028,茚,1
5078,药,5077,荮,1
5078,药,5114,菂,1
5079,荷,3584,猫,1
5079,荷,3914,益,1
5079,荷,4992,苘,1
5079,荷,4993,苛,1
5079,荷,4996,苟,1
5079,荷,5046,茼,1
5079,荷,5051,荇,1
5080,荸,1762,彗,1
5080,荸,2482,景,1
5080,荸,5031,茝,1
5080,荸,5113,菁,1
5080,荸,5192,蒡,1
5081,荻,5107,莸,1
5082,荼,5042,茶,1
5083,荽,4966,芰,1
5083,荽,5097,莩,1
5083,荽,5142,萋,1
5084,莅,5003,苫,1
5084,莅,5147,萑,1
5085,莆,4975,芾,1
5085,莆,4979,苈,1
5085,莆,4987,苒,1
5085,莆,5028,茚,1
5085,莆,5164,著,1
5085,莆,5206,蓊,1
5085,莆,7139,黹,1
5086,莉,471,别,1
5086,莉,479,刹,1
5086,莉,485,剁,1
5086,莉,2058,打,1
5086,莉,5128,菥,1
5087,莎,2991,沙,1
5087,莎,4998,苡,1
5087,莎,5039,茳,1
5088,莒,4990,苕,1
5088,莒,5039,茳,1
5089,莓,2898,毒,1
5096,莨,5188,蒗,1
5097,莩,4445,綦,1
5097,莩,5083,荽,1
5099,莫,1232,奖,1
5099,莫,2440,昊,1
5099,莫,3365,炅,1
5099,莫,3892,皂,1
5099,莫,4953,芟,1
5099,莫,5049,荄,1
5099,莫,5168,葜,1
5100,莰,5033,茨,1
5101,莱,4179,秉,1
5101,莱,4718,聿,1
5101,莱,5019,茉,1
5102,莲,4873,臣,1
5102,莲,5092,莛,1
5104,莴,530,劳,1
5104,莴,5071,荨,1
5105,莶,141,仨,1
5105,莶,1203,夤,1
5105,莶,4988,苓,1
5105,莶,5048,荃,1
5106,获,4134,祆,1
5106,获,5014,茄,1
5106,获,5156,萩,1
5108,莹,5025,茔,1
5108,莹,5048,荃,1
5108,莹,5068,荥,1
5108,莹,5170,董,1
5109,莺,5023,茑,1
5109,莺,5115,菅,1
5109,莺,5150,萝,1
5109,莺,5152,营,1
5109,莺,5157,萱,1
5109,莺,6635,雪,1
5110,莼,5032,茧,1
5111,莽,1731,弄,1
5114,菂,1490,尿,1
5114,菂,4949,芘,1
5115,菅,5025,茔,1
5115,菅,5088,莒,1
5116,菇,1246,妁,1
5116,菇,5741,豇,1
5117,菊,5047,荀,1
5117,菊,5169,葡,1
5118,菌,1011,困,1
5118,菌,4994,苜,1
5118,菌,5140,萄,1
5118,菌,5157,萱,1
5118,菌,5234,蔺,1
5118,菌,6523,闼,1
5119,菏,619,厉,1
5119,菏,4943,芍,1
5119,菏,4993,苛,1
5119,菏,5051,荇,1
5119,菏,5087,莎,1
5121,菖,2517,曹,1
5121,菖,5204,蓇,1
5121,菖,5212,蓝,1
5123,菜,105,亲,1
5123,菜,4151,票,1
5123,菜,5019,茉,1
5123,菜,5090,莘,1
5123,菜,5122,菘,1
5123,菜,5201,蓁,1
5123,菜,6673,革,1
5126,菠,1060,坡,1
5126,菠,3149,液,1
5126,菠,5024,茓,1
5126,菠,5187,蒎,1
5127,菡,5011,茁,1
5129,菩,4029,砉,1
5129,菩,4944,芎,1
5129,菩,4989,苔,1
5129,菩,5056,荒,1
5129,菩,5090,莘,1
5129,菩,5205,蓉,1
5132,菱,4966,芰,1
5132,菱,5224,蔓,1
5132,菱,7113,麦,1
5133,菲,2112,拃,1
5133,菲,3818,痄,1
5133,菲,6668,非,1
5136,菼,1235,奚,1
5138,萁,381,其,1
5138,萁,4337,箕,1
5138,萁,5099,莫,1
5140,萄,4542,综,1
5140,萄,4969,芴,1
5140,萄,5150,萝,1
5141,萆,6673,革,1
5142,萋,1285,姜,1
5143,萌,2442,明,1
5143,萌,5103,莳,1
5144,萍,1696,庠,1
5144,萍,5093,莜,1
5144,萍,5194,蒲,1
5144,萍,5218,蓬,1
5144,萍,5660,详,1
5145,萎,1285,姜,1
5145,萎,4966,芰,1
5145,萎,5095,莠,1
5145,萎,5132,菱,1
5145,萎,5136,菼,1
5146,萏,2445,昔,1
5146,萏,2484,晳,1
5146,萏,4989,苔,1
5146,萏,5634,诌,1
5148,萘,5201,蓁,1
5150,萝,5097,莩,1
5150,萝,5104,莴,1
5150,萝,5152,营,1
5150,萝,5179,葸,1
5151,萤,1189,壶,1
5151,萤,5032,茧,1
5151,萤,5108,莹,1
5151,萤,5115,菅,1
5151,萤,5179,葸,1
5151,萤,5307,虿,1
5152,营,4439,索,1
5152,营,4944,芎,1
5152,营,4984,苎,1
5152,营,5088,莒,1
5152,营,5121,菖,1
5154,萧,5010,茀,1
5154,萧,5117,菊,1
5154,萧,6263,鋆,1
5155,萨,3837,痨,1
5156,萩,5106,获,1
5156,萩,5136,菼,1
5158,萸,5168,葜,1
5158,萸,5220,蓼,1
5160,落,241,侪,1
5160,落,1155,塔,1
5160,落,1420,客,1
5160,落,4991,苗,1
5160,落,5115,菅,1
5163,葖,5205,蓉,1
5164,著,2495,暑,1
5164,著,3944,看,1
5164,著,4885,舂,1
5164,著,4990,苕,1
5164,著,5091,莙,1
5164,著,5782,贲,1
5166,葚,3738,甚,1
5167,葛,5047,荀,1
5169,葡,4969,芴,1
5169,葡,5041,茵,1
5170,董,5085,莆,1
5170,董,5112,菀,1
5170,董,5238,蕃,1
5170,董,6256,量,1
5170,董,7119,黄,1
5172,葫,900,喟,1
5172,葫,4772,胡,1
5172,葫,4992,苘,1
5172,葫,5191,蒟,1
5172,葫,5195,蒴,1
5172,葫,6563,阴,1
5175,葱,1886,恧,1
5175,葱,1970,感,1
5175,葱,3296,潆,1
5175,葱,4995,苞,1
5177,葵,5148,萘,1
5177,葵,5168,葜,1
5179,葸,1170,墓,1
5181,蒂,1632,希,1
5181,蒂,1644,帝,1
5181,蒂,4564,缔,1
5181,蒂,4975,芾,1
5181,蒂,5015,茅,1
5183,蒈,4994,苜,1
5184,蒉,4359,篑,1
5184,蒉,5785,贵,1
5185,蒋,625,厚,1
5186,蒌,5142,萋,1
5186,蒌,5145,萎,1
5189,蒙,1432,家,1
5189,蒙,4151,票,1
5189,蒙,5153,萦,1
5189,蒙,5208,蓐,1
5189,蒙,5744,豕,1
5190,蒜,1381,孝,1
5190,蒜,3164,淙,1
5190,蒜,4718,聿,1
5190,蒜,5262,薪,1
5191,蒟,2607,枸,1
5191,蒟,5077,荮,1
5192,蒡,2404,旁,1
5192,蒡,5224,蔓,1
5194,蒲,3130,涕,1
5194,蒲,5085,莆,1
5195,蒴,2528,朔,1
5196,蒸,1132,堇,1
5196,蒸,1472,尘,1
5196,蒸,3386,点,1
5196,蒸,3400,烝,1
5196,蒸,3436,煞,1
5196,蒸,3467,燕,1
5196,蒸,4970,芷,1
5196,蒸,5000,苤,1
5196,蒸,5023,茑,1
5196,蒸,5265,薰,1
5197,蒹,386,兼,1
5200,蒿,988,嚆,1
5200,蒿,4992,苘,1
5200,蒿,5113,菁,1
5200,蒿,5210,蓓,1
5202,蓂,4666,翼,1
5203,蓄,1593,嵩,1
5203,蓄,1623,巷,1
5203,蓄,3770,畜,1
5203,蓄,5146,萏,1
5203,蓄,5200,蒿,1
5203,蓄,5205,蓉,1
5203,蓄,5238,蕃,1
5204,蓇,4850,膏,1
5205,蓉,1434,容,1
5205,蓉,3982,睿,1
5205,蓉,4944,芎,1
5205,蓉,4990,苕,1
5205,蓉,5049,荄,1
5205,蓉,5130,菪,1
5205,蓉,5216,蓥,1
5206,蓊,4656,翡,1
5207,蓍,3773,番,1
5207,蓍,4672,耆,1
5207,蓍,5164,著,1
5207,蓍,5229,蔫,1
5208,蓐,1433,宸,1
5209,蓑,4409,粪,1
5211,蓖,4960,芪,1
5211,蓖,5029,茛,1
5212,蓝,3921,盔,1
5212,蓝,5011,茁,1
5212,蓝,6656,霪,1
5213,蓟,5193,蒯,1
5213,蓟,6185,鄞,1
5214,蓠,4172,离,1
5217,蓦,542,募,1
5218,蓬,2503,暹,1
5218,蓬,5092,莛,1
5219,蓰,3457,熨,1
5219,蓰,4972,芹,1
5222,蔌,2855,歉,1
5223,蔑,2029,戛,1
5223,蔑,4373,篾,1
5223,蔑,5187,蒎,1
5224,蔓,1195,夏,1
5224,蔓,1233,套,1
5224,蔓,5142,萋,1
5224,蔓,5150,萝,1
5225,蔗,1677,庀,1
5225,蔗,5056,荒,1
5226,蔚,1465,尉,1
5228,蔡,5101,莱,1
5228,蔡,5148,萘,1
5228,蔡,5177,葵,1
5228,蔡,5255,薅,1
5228,蔡,5285,蘩,1
5228,蔡,6879,骠,1
5229,蔫,4804,脔,1
5229,蔫,5167,葛,1
5230,蔬,5127,菡,1
5230,蔬,5215,蓣,1
5231,蔷,2465,晋,1
5231,蔷,5154,萧,1
5231,蔷,5207,蓍,1
5233,蔹,2376,数,1
5233,蔹,5213,蓟,1
5236,蔼,306,偈,1
5236,蔼,983,噶,1
5236,蔼,3328,澶,1
5236,蔼,5167,葛,1
5236,蔼,5191,蒟,1
5236,蔼,5240,蕉,1
5237,蔽,347,儆,1
5237,蔽,2073,扳,1
5237,蔽,2375,敬,1
5237,蔽,5136,菼,1
5238,蕃,5277,藩,1
5239,蕈,5552,覃,1
5240,蕉,23,丝,1
5240,蕉,3426,焦,1
5240,蕉,5364,蜃,1
5241,蕊,1840,态,1
5241,蕊,5027,茗,1
5242,蕖,3192,渠,1
5243,蕙,1943,惠,1
5246,蕨,2028,戚,1
5247,蕰,5249,蕴,1
5248,蕲,5128,菥,1
5249,蕴,3024,泓,1
5249,蕴,4577,缢,1
5249,蕴,5034,茫,1
5249,蕴,5136,菼,1
5249,蕴,5212,蓝,1
5249,蕴,6997,鳁,1
5250,蕹,6627,雍,1
5251,蕺,2032,戢,1
5253,蕾,5266,薷,1
5253,蕾,6759,颧,1
5254,薄,1466,尊,1
5254,薄,4126,礴,1
5254,薄,5104,莴,1
5254,薄,5144,萍,1
5254,薄,5194,蒲,1
5254,薄,6195,酋,1
5255,薅,1310,娠,1
5258,薛,5051,荇,1
5258,薛,5248,蕲,1
5262,薪,1578,崭,1
5262,薪,1892,恭,1
5262,薪,2400,新,1
5262,薪,4955,芤,1
5262,薪,5128,菥,1
5264,薯,542,募,1
5264,薯,2495,暑,1
5264,薯,5113,菁,1
5265,薰,3449,熏,1
5265,薰,4384,簧,1
5265,薰,5170,董,1
5265,薰,5257,薏,1
5266,薷,6642,需,1
5269,藉,4692,耪,1
5269,藉,5010,茀,1
5269,藉,5752,豸,1
5270,藏,4874,臧,1
5270,藏,5009,苻,1
5270,藏,5110,莼,1
5270,藏,5165,葙,1
5271,藐,5219,蓰,1
5271,藐,5759,貌,1
5273,藕,7041,鸬,1
5276,藤,4761,背,1
5277,藩,3305,潢,1
5277,藩,5210,蓓,1
5277,藩,5212,蓝,1
5277,藩,6831,馨,1
5278,藻,5082,荼,1
5278,藻,5161,葆,1
5278,藻,6020,辱,1
5279,藿,6110,遣,1
5280,蘅,5465,衡,1
5281,蘑,1768,彦,1
5281,蘑,5210,蓓,1
5281,蘑,5225,蔗,1
5282,蘖,1396,孽,1
5282,蘖,2834,檗,1
5286,蘸,3341,瀌,1
5286,蘸,5134,菸,1
5286,蘸,5260,薤,1
5287,蘼,5279,藿,1
5287,蘼,6670,靡,1
5288,虍,606,危,1
5288,虍,1677,庀,1
5289,虎,155,伉,1
5289,虎,833,唐,1
5289,虎,5650,诜,1
5290,虏,5289,虎,1
5291,虐,3793,疟,1
5292,虑,1367,嬴,1
5292,虑,1886,恧,1
5292,虑,3268,滤,1
5292,虑,5289,虎,1
5293,虔,3904,皮,1
5293,虔,5291,虐,1
5294,虚,5289,虎,1
5294,虚,5291,虐,1
5294,虚,5364,蜃,1
5295,虞,4283,笑,1
5295,虞,5293,虔,1
5297,虫,418,冼,1
5297,虫,636,去,1
5297,虫,1209,夬,1
5297,虫,3753,电,1
5298,虬,5299,虮,1
5300,虱,72,乱,1
5300,虱,5307,虿,1
5301,虹,463,则,1
5301,虹,1189,壶,1
5301,虹,1248,妃,1
5301,虹,2562,杠,1
5301,虹,5303,虻,1
5301,虹,5317,蚜,1
5301,虹,5379,蜡,1
5301,虹,7059,鸿,1
5303,虻,5304,虼,1
5303,虻,5318,蚝,1
5304,虼,1031,圪,1
5304,虼,5344,蛔,1
5305,虽,362,免,1
5305,虽,2936,氩,1
5305,虽,5297,虫,1
5305,虽,5307,虿,1
5305,虽,5323,蚩,1
5305,虽,5339,蛋,1
5306,虾,694,吓,1
5306,虾,1400,宄,1
5308,蚀,197,佗,1
5308,蚀,3398,烛,1
5308,蚀,5613,讵,1
5308,蚀,6787,饬,1
5309,蚁,3616,玟,1
5310,蚂,2567,杩,1
5310,蚂,3613,玙,1
5311,蚊,5297,虫,1
5311,蚊,5310,蚂,1
5313,蚌,4036,砗,1
5313,蚌,5322,蚨,1
5313,蚌,5324,蚪,1
5313,蚌,5333,蛀,1
5313,蚌,5387,蜷,1
5313,蚌,5682,诽,1
5314,蚍,5331,蚶,1
5315,蚓,3647,珩,1
5315,蚓,5368,蜊,1
5316,蚕,2876,残,1
5316,蚕,5339,蛋,1
5317,蚜,5348,蛞,1
5318,蚝,5336,蛇,1
5319,蚣,744,呱,1
5319,蚣,5304,虼,1
5319,蚣,5314,蚍,1
5319,蚣,5436,蟒,1
5324,蚪,4013,矧,1
5324,蚪,5315,蚓,1
5324,蚪,5321,蚧,1
5326,蚯,18,丘,1
5326,蚯,3106,浜,1
5326,蚯,5334,蛄,1
5327,蚰,6330,铀,1
5329,蚴,742,呦,1
5331,蚶,5327,蚰,1
5331,蚶,5334,蛄,1
5333,蛀,1280,姓,1
5333,蛀,3384,炷,1
5333,蛀,5318,蚝,1
5333,蛀,5336,蛇,1
5333,蛀,5346,蛙,1
5334,蛄,5330,蚵,1
5335,蛆,189,但,1
5335,蛆,251,俎,1
5335,蛆,3376,炟,1
5335,蛆,5325,蚬,1
5335,蛆,6326,钼,1
5336,蛇,724,呃,1
5336,蛇,3366,炉,1
5336,蛇,4233,窀,1
5336,蛇,5303,虻,1
5336,蛇,5311,蚊,1
5336,蛇,5325,蚬,1
5336,蛇,5343,蛑,1
5336,蛇,6847,驼,1
5337,蛉,5304,虼,1
5337,蛉,5328,蚱,1
5337,蛉,5343,蛑,1
5337,蛉,5349,蛟,1
5338,蛊,3916,盎,1
5339,蛋,1440,寅,1
5339,蛋,3783,疍,1
5341,蛏,3642,珞,1
5342,蛐,5332,蚺,1
5343,蛑,5363,蜂,1
5344,蛔,3376,炟,1
5344,蛔,5335,蛆,1
5344,蛔,5336,蛇,1
5344,蛔,5342,蛐,1
5346,蛙,794,哇,1
5346,蛙,5352,蛭,1
5346,蛙,5404,蝰,1
5347,蛛,200,佚,1
5347,蛛,1286,姝,1
5347,蛛,1912,悚,1
5347,蛛,5313,蚌,1
5347,蛛,5361,蛾,1
5347,蛛,5369,蜍,1
5347,蛛,5408,蝼,1
5349,蛟,779,咬,1
5349,蛟,1636,帔,1
5349,蛟,5331,蚶,1
5350,蛤,3433,煌,1
5350,蛤,5337,蛉,1
5350,蛤,5438,蟛,1
5350,蛤,6588,除,1
5351,蛩,4286,笙,1
5352,蛭,5348,蛞,1
5353,蛮,28,丧,1
5353,蛮,1751,弯,1
5353,蛮,4265,竟,1
5353,蛮,5307,虿,1
5354,蛰,3409,热,1
5354,蛰,5793,贽,1
5355,蛱,1553,峡,1
5356,蛲,1553,峡,1
5357,蛳,5374,蜗,1
5359,蛸,1133,堉,1
5359,蛸,5370,蜎,1
5360,蛹,5340,蛎,1
5360,蛹,5386,蜴,1
5361,蛾,5314,蚍,1
5361,蛾,5400,蝣,1
5362,蜀,2516,曷,1
5362,蜀,4617,罱,1
5362,蜀,4758,胃,1
5362,蜀,4759,胄,1
5363,蜂,1547,峂,1
5363,蜂,1562,峰,1
5363,蜂,1871,怿,1
5363,蜂,3065,洚,1
5363,蜂,3414,烽,1
5363,蜂,4275,竿,1
5363,蜂,4492,终,1
5363,蜂,5343,蛑,1
5363,蜂,5345,蛘,1
5363,蜂,5385,蜱,1
5365,蜇,5354,蛰,1
5366,蜈,5331,蚶,1
5366,蜈,5341,蛏,1
5366,蜈,5352,蛭,1
5366,蜈,5369,蜍,1
5367,蜉,1944,惦,1
5369,蜍,5347,蛛,1
5371,蜒,1109,埏,1
5371,蜒,3651,珽,1
5372,蜓,5322,蚨,1
5373,蜕,5325,蚬,1
5373,蜕,5326,蚯,1
5373,蜕,5411,螂,1
5374,蜗,1115,埙,1
5374,蜗,5370,蜎,1
5374,蜗,5422,螨,1
5375,蜘,5322,蚨,1
5375,蜘,5900,踟,1
5377,蜜,3485,爻,1
5377,蜜,5323,蚩,1
5377,蜜,5421,螣,1
5377,蜜,6659,露,1
5379,蜡,1148,堵,1
5379,蜡,1940,惜,1
5379,蜡,5439,蟠,1
5381,蜣,5318,蚝,1
5383,蜩,5330,蚵,1
5385,蜱,865,啤,1
5385,蜱,5343,蛑,1
5388,蜻,1362,嫱,1
5388,蜻,5387,蜷,1
5390,蜿,5336,蛇,1
5391,蝇,5390,蜿,1
5392,蝈,5383,蜩,1
5393,蝉,1087,垟,1
5393,蝉,5400,蝣,1
5393,蝉,5429,螺,1
5393,蝉,5897,踔,1
5393,蝉,5943,蹿,1
5395,蝎,5310,蚂,1
5395,蝎,5370,蜎,1
5395,蝎,6685,鞋,1
5397,蝗,41,主,1
5397,蝗,3435,煜,1
5397,蝗,5373,蜕,1
5397,蝗,5385,蜱,1
5398,蝙,5915,蹁,1
5398,蝙,7006,鳊,1
5399,蝠,5359,蛸,1
5399,蝠,5360,蛹,1
5399,蝠,5425,螭,1
5401,蝤,5408,蝼,1
5401,蝤,5937,蹲,1
5405,蝴,5314,蚍,1
5405,蝴,5368,蜊,1
5405,蝴,5411,螂,1
5406,蝶,892,喋,1
5406,蝶,1141,堞,1
5406,蝶,3494,牒,1
5408,蝼,5355,蛱,1
5409,蝽,5388,蜻,1
5411,螂,5297,虫,1
5412,螃,3402,烤,1
5412,螃,5444,蟾,1
5412,螃,7013,鳑,1
5414,螈,5326,蚯,1
5416,融,5570,觖,1
5419,螟,5396,蝓,1
5421,螣,4830,腠,1
5424,螬,943,嘈,1
5425,螭,5374,蜗,1
5425,螭,5380,蜢,1
5426,螯,5402,蝥,1
5426,螯,7008,鳌,1
5427,螳,5373,蜕,1
5428,螵,5406,蝶,1
5429,螺,2000,憬,1
5429,螺,5367,蜉,1
5429,螺,5370,蜎,1
5429,螺,5385,蜱,1
5431,蟀,1283,姘,1
5431,蟀,5367,蜉,1
5431,蟀,5370,蜎,1
5431,蟀,6944,鲆,1
5432,蟆,1159,填,1
5432,蟆,3396,烘,1
5432,蟆,5378,蜞,1
5435,蟑,5345,蛘,1
5435,蟑,5431,蟀,1
5436,蟒,5410,蝾,1
5438,蟛,5379,蜡,1
5439,蟠,5401,蝤,1
5440,蟥,3706,璜,1
5440,蟥,5378,蜞,1
5443,蟹,343,僰,1
5443,蟹,879,啻,1
5443,蟹,2004,懈,1
5447,蠋,5374,蜗,1
5448,蠓,5437,蟓,1
5449,蠕,1395,孺,1
5449,蠕,3679,瑀,1
5449,蠕,5418,螗,1
5449,蠕,5439,蟠,1
5453,蠢,5455,蠹,1
5457,血,1001,四,1
5457,血,5550,西,1
5459,衅,446,函,1
5459,衅,4489,绅,1
5459,衅,4494,绊,1
5460,行,80,亍,1
5460,行,1613,巧,1
5460,行,1673,幻,1
5460,行,1781,往,1
5460,行,4460,约,1
5460,行,4482,纾,1
5460,行,5461,衍,1
5461,衍,4504,绔,1
5461,衍,4506,绗,1
5461,衍,5460,行,1
5461,衍,5465,衡,1
5461,衍,6409,锕,1
5462,衔,4464,纪,1
5462,衔,5465,衡,1
5463,街,2556,村,1
5463,街,4455,纡,1
5463,街,4457,纣,1
5463,街,4528,绮,1
5464,衙,1804,徵,1
5464,衙,5465,衡,1
5465,衡,1878,恒,1
5465,衡,5462,衔,1
5465,衡,5463,街,1
5465,衡,5464,衙,1
5467,衣,3357,灰,1
5467,衣,4129,礼,1
5468,衤,2944,永,1
5468,衤,4128,礻,1
5468,衤,7166,齐,1
5469,补,165,伙,1
5469,补,3865,瘩,1
5469,补,5492,袜,1
5470,表,1881,恚,1
5470,表,4029,砉,1
5471,衩,6289,钗,1
5472,衫,3637,珍,1
5472,衫,5501,袼,1
5475,衰,4934,艺,1
5475,衰,5477,衷,1
5476,衲,2969,汭,1
5476,衲,4743,肭,1
5477,衷,362,免,1
5477,衷,490,剌,1
5477,衷,4927,艮,1
5477,衷,5470,表,1
5477,衷,5474,衮,1
5477,衷,5494,袤,1
5478,衽,2968,汪,1
5480,衿,5489,袒,1
5480,衿,5491,袗,1
5481,袁,636,去,1
5481,袁,789,哀,1
5481,袁,5470,表,1
5481,袁,5522,裳,1
5482,袂,5492,袜,1
5482,袂,5685,谀,1
5483,袄,5482,袂,1
5483,袄,5492,袜,1
5485,袆,5611,讳,1
5486,袈,6849,驾,1
5487,袋,5787,贷,1
5488,袍,3380,炮,1
5488,袍,3539,狍,1
5488,袍,3626,现,1
5488,袍,4131,祀,1
5489,袒,189,但,1
5489,袒,4136,祉,1
5489,袒,7171,龃,1
5490,袖,5327,蚰,1
5490,袖,5489,袒,1
5490,袖,5545,襕,1
5490,袖,5972,轴,1
5490,袖,6330,铀,1
5491,袗,5472,衫,1
5491,袗,5480,衿,1
5492,袜,4037,砘,1
5492,袜,4187,秣,1
5492,袜,5482,袂,1
5492,袜,5485,袆,1
5496,被,1695,废,1
5496,被,1780,彼,1
5496,被,2620,柚,1
5496,被,3807,疲,1
5496,被,5638,诐,1
5496,被,6571,陂,1
5496,被,6864,骏,1
5497,袭,4056,砻,1
5497,袭,5183,蒈,1
5497,袭,5474,衮,1
5498,袯,4138,祓,1
5499,袱,5870,跗,1
5500,袷,5511,裕,1
5500,袷,5516,裣,1
5500,袷,5708,谘,1
5501,袼,5500,袷,1
5502,裁,796,哉,1
5502,裁,2039,戴,1
5502,裁,6340,铋,1
5503,裂,368,兜,1
5503,裂,5514,裟,1
5504,装,893,喏,1
5504,装,2361,敉,1
5504,装,3765,畏,1
5504,装,5470,表,1
5504,装,5523,裴,1
5504,装,5669,诰,1
5505,裆,1798,徜,1
5505,裆,2684,档,1
5505,裆,4133,祃,1
5505,裆,4143,祜,1
5506,裈,5662,诨,1
5507,裉,6581,限,1
5508,裎,4204,程,1
5509,裒,789,哀,1
5509,裒,5475,衰,1
5510,裔,4172,离,1
5510,裔,4804,脔,1
5510,裔,6902,高,1
5511,裕,255,俗,1
5511,裕,3117,浴,1
5511,裕,4519,绤,1
5511,裕,5480,衿,1
5511,裕,5491,袗,1
5511,裕,5708,谘,1
5511,裕,5738,谷,1
5512,裘,5487,袋,1
5513,裙,1777,彷,1
5513,裙,1947,惩,1
5513,裙,5526,裼,1
5516,裣,268,俭,1
5516,裣,4077,硷,1
5516,裣,5541,褴,1
5517,裤,4041,砟,1
5517,裤,6564,阵,1
5518,裥,3142,涧,1
5522,裳,1433,宸,1
5522,裳,2723,棠,1
5522,裳,5504,装,1
5522,裳,5514,裟,1
5522,裳,5811,赏,1
5523,裴,5376,蜚,1
5523,裴,5486,袈,1
5523,裴,5504,装,1
5523,裴,5514,裟,1
5524,裸,4091,碟,1
5524,裸,4210,稞,1
5524,裸,5483,袄,1
5525,裹,4928,良,1
5525,裹,5540,褰,1
5526,裼,5530,褐,1
5529,褊,5513,裙,1
5530,褐,3202,渴,1
5530,褐,4156,祸,1
5530,褐,4270,竭,1
5531,褒,2411,旎,1
5533,褙,5530,褐,1
5535,褛,318,偻,1
5535,褛,4689,耧,1
5535,褛,5684,诿,1
5537,褥,322,傅,1
5537,褥,2754,楗,1
5537,褥,3248,溽,1
5537,褥,5517,裤,1
5537,褥,5521,裱,1
5539,褫,3228,溉,1
5539,褫,4153,祯,1
5539,褫,5541,褴,1
5542,褶,5513,裙,1
5542,褶,5539,褫,1
5543,襁,5542,褶,1
5544,襄,4258,窸,1
5544,襄,5474,衮,1
5544,襄,5479,衾,1
5544,襄,5494,袤,1
5544,襄,5540,褰,1
5545,襕,3322,澜,1
5547,襟,4221,穄,1
5547,襟,4447,縻,1
5547,襟,5526,裼,1
5548,襦,3338,濡,1
5548,襦,5543,襁,1
5548,襦,7157,鼱,1
5549,襻,5548,襦,1
5550,西,26,两,1
5550,西,563,匝,1
5550,西,1044,均,1
5550,西,1886,恧,1
5550,西,3028,泗,1
5550,西,3062,洒,1
5550,西,4969,芴,1
5550,西,6195,酋,1
5551,要,654,叟,1
5551,要,1095,垩,1
5551,要,1263,妥,1
5551,要,1305,娑,1
5551,要,1404,安,1
5551,要,2029,戛,1
5551,要,5083,荽,1
5551,要,5794,贾,1
5553,覆,6493,镬,1
5554,见,5762,贝,1
5554,见,6039,进,1
5555,观,2903,毗,1
5556,规,3376,炟,1
5557,觅,434,凫,1
5557,觅,603,卮,1
5557,觅,606,危,1
5557,觅,1399,它,1
5557,觅,4177,秃,1
5557,觅,4285,笕,1
5557,觅,5024,茓,1
5557,觅,5765,贡,1
5557,觅,5771,货,1
5558,视,5759,貌,1
5560,览,1997,憧,1
5560,览,3368,炎,1
5561,觉,4285,笕,1
5561,觉,5024,茓,1
5561,觉,5560,览,1
5561,觉,5715,谠,1
5561,觉,5785,贵,1
5561,觉,5796,赀,1
5563,觋,1528,岘,1
5569,角,598,卤,1
5569,角,1106,埇,1
5569,角,1527,岗,1
5569,角,2421,旨,1
5569,角,3742,用,1
5569,角,6519,闸,1
5569,角,6886,骨,1
5569,角,6935,鱼,1
5573,觞,2873,殇,1
5574,解,3960,眸,1
5574,解,4041,砟,1
5574,解,4516,绡,1
5574,解,5578,觯,1
5574,解,6131,邡,1
5574,解,6964,鲟,1
5575,觥,3586,献,1
5575,觥,4558,缍,1
5576,触,3219,湫,1
5576,触,4792,能,1
5576,触,4906,舯,1
5576,触,5308,蚀,1
5576,触,6938,鱿,1
5578,觯,4593,缲,1
5581,言,709,含,1
5581,言,886,善,1
5581,言,4029,砉,1
5581,言,4230,穹,1
5581,言,6710,音,1
5582,訄,916,嗑,1
5583,訇,556,匐,1
5583,訇,5952,身,1
5584,訾,6871,骘,1
5586,詹,3812,疹,1
5586,詹,5210,蓓,1
5587,誉,886,善,1
5587,誉,898,喜,1
5587,誉,1475,尝,1
5587,誉,4673,耋,1
5587,誉,6264,鋈,1
5588,誊,640,参,1
5588,誊,709,含,1
5588,誊,1216,夸,1
5588,誊,3959,眷,1
5589,誓,58,乓,1
5589,誓,1474,尜,1
5589,誓,2161,挎,1
5591,謦,438,凳,1
5591,謦,5584,訾,1
5592,警,1317,娶,1
5592,警,5220,蓼,1
5592,警,5265,薰,1
5592,警,5591,謦,1
5592,警,5844,超,1
5592,警,7095,鹫,1
5593,譬,2338,擘,1
5595,计,5602,讨,1
5596,订,1673,幻,1
5596,订,2951,汈,1
5596,订,3609,玎,1
5596,订,4457,纣,1
5596,订,5601,讧,1
5597,讣,119,仆,1
5597,讣,1672,幺,1
5597,讣,2947,汁,1
5597,讣,2954,汐,1
5597,讣,2987,沐,1
5597,讣,5599,讥,1
5598,认,119,仆,1
5599,讥,112,亿,1
5599,讥,2958,汛,1
5599,讥,2966,汨,1
5599,讥,2967,汩,1
5599,讥,2978,沂,1
5599,讥,5615,讷,1
5600,讦,2957,汗,1
5600,讦,4458,纤,1
5600,讦,6036,迕,1
5602,讨,1456,寸,1
5602,讨,1819,忖,1
5603,让,23,丝,1
5603,让,5607,议,1
5605,讫,2975,汽,1
5605,讫,2981,沅,1
5605,讫,4459,纥,1
5605,讫,5609,记,1
5606,训,2978,沂,1
5606,训,5604,讪,1
5607,议,50,义,1
5607,议,95,交,1
5607,议,138,代,1
5607,议,2952,汉,1
5607,议,4478,纹,1
5608,讯,5599,讥,1
5608,讯,5620,讽,1
5609,记,352,儿,1
5609,记,558,化,1
5609,记,2950,汇,1
5609,记,2962,江,1
5609,记,2981,沅,1
5609,记,3030,泛,1
5609,记,3034,泡,1
5609,记,5594,讠,1
5609,记,5605,讫,1
5609,记,5650,诜,1
5609,记,5689,谄,1
5609,记,6780,饣,1
5610,讲,3158,淋,1
5610,讲,5636,诎,1
5611,讳,169,伟,1
5613,讵,5612,讴,1
5614,讶,3050,泺,1
5614,讶,3611,玕,1
5614,讶,3618,玡,1
5614,讶,5633,诋,1
5614,讶,5675,诶,1
5614,讶,6034,迓,1
5615,讷,4472,纳,1
5615,讷,5598,认,1
5616,许,418,冼,1
5616,许,3098,浐,1
5616,许,4458,纤,1
5616,许,4558,缍,1
5616,许,5661,诧,1
5617,讹,1492,屁,1
5617,讹,2990,沘,1
5617,讹,3022,泌,1
5617,讹,3085,派,1
5617,讹,4469,纰,1
5617,讹,4477,纸,1
5618,论,2955,汔,1
5618,论,2959,汜,1
5618,论,3007,沱,1
5618,论,3015,沾,1
5618,论,3048,泷,1
5618,论,5613,讵,1
5618,论,5640,诒,1
5618,论,5653,诟,1
5619,讼,2841,次,1
5619,讼,2972,汴,1
5619,讼,2980,沄,1
5619,讼,3082,活,1
5619,讼,3117,浴,1
5619,讼,3166,淞,1
5619,讼,4762,胍,1
5619,讼,5601,讧,1
5619,讼,5618,论,1
5619,讼,5622,访,1
5619,讼,5632,诊,1
5619,讼,5640,诒,1
5619,讼,5693,谈,1
5620,讽,3019,泅,1
5620,讽,4462,纨,1
5620,讽,5615,讷,1
5620,讽,5688,调,1
5620,讽,6506,闪,1
5621,设,1778,役,1
5621,设,2355,改,1
5621,设,2356,攻,1
5621,设,3054,泾,1
5621,设,3071,洨,1
5621,设,4461,级,1
5621,设,5496,被,1
5621,设,5629,识,1
5622,访,153,仿,1
5622,访,1045,坊,1
5622,访,1777,彷,1
5622,访,2972,汴,1
5622,访,2982,沆,1
5622,访,3015,沾,1
5622,访,3787,疔,1
5622,访,5614,讶,1
5622,访,5653,诟,1
5622,访,5658,诤,1
5623,诀,3087,浃,1
5623,诀,3116,浯,1
5623,诀,5482,袂,1
5624,证,2124,拒,1
5624,证,2859,正,1
5624,证,2950,汇,1
5624,证,2959,汜,1
5624,证,2997,沤,1
5624,证,3036,泣,1
5624,证,5609,记,1
5624,证,5613,讵,1
5624,证,5652,诞,1
5624,证,5665,诬,1
5625,诂,179,估,1
5625,诂,6318,钴,1
5626,诃,3017,泃,1
5626,诃,3633,珂,1
5627,评,2996,沣,1
5627,评,5660,详,1
5627,评,5662,诨,1
5627,评,6944,鲆,1
5628,诅,228,侏,1
5628,诅,1062,坦,1
5628,诅,2966,汨,1
5628,诅,3039,泪,1
5628,诅,4488,组,1
5628,诅,5599,讥,1
5628,诅,6578,陋,1
5629,识,5598,认,1
5629,识,5621,设,1
5629,识,5623,诀,1
5629,识,5624,证,1
5629,识,5636,诎,1
5629,识,5646,诘,1
5629,识,5675,诶,1
5630,诈,2453,昨,1
5630,诈,3818,痄,1
5630,诈,4534,维,1
5630,诈,5597,讣,1
5631,诉,191,低,1
5631,诉,2978,沂,1
5631,诉,5615,讷,1
5631,诉,5653,诟,1
5631,诉,6033,近,1
5632,诊,2964,污,1
5632,诊,3040,泫,1
5632,诊,3115,浮,1
5632,诊,4470,纱,1
5632,诊,5618,论,1
5632,诊,6284,钐,1
5633,诋,3042,泯,1
5633,诋,3628,玳,1
5634,诌,2973,汶,1
5634,诌,2988,沓,1
5634,诌,3187,渔,1
5634,诌,5625,诂,1
5635,词,2966,汨,1
5635,词,3017,泃,1
5635,词,4724,肉,1
5635,词,5640,诒,1
5636,诎,4059,础,1
5636,诎,5654,诠,1
5637,诏,5666,语,1
5638,诐,3035,波,1
5639,译,3058,洋,1
5639,译,5517,裤,1
5639,译,5627,评,1
5639,译,5662,诨,1
5640,诒,5625,诂,1
5641,诓,5613,讵,1
5643,试,249,俅,1
5643,试,5602,讨,1
5643,试,5610,讲,1
5643,试,5648,诚,1
5643,试,5664,诫,1
5644,诖,2406,旄,1
5644,诖,6273,钅,1
5645,诗,3109,浡,1
5645,诗,3132,涛,1
5645,诗,3184,渎,1
5645,诗,4805,脖,1
5645,诗,5646,诘,1
5646,诘,3055,洁,1
5646,诘,3145,涪,1
5646,诘,4503,结,1
5646,诘,4944,芎,1
5647,诙,5646,诘,1
5648,诚,1108,城,1
5648,诚,3005,沭,1
5648,诚,3048,泷,1
5648,诚,4550,缄,1
5648,诚,5643,试,1
5649,诛,2951,汈,1
5649,诛,5492,袜,1
5650,诜,418,冼,1
5650,诜,3063,洗,1
5650,诜,5647,诙,1
5651,话,2964,污,1
5651,话,2982,沆,1
5651,话,2985,沌,1
5651,话,3015,沾,1
5651,话,3064,洙,1
5651,话,3081,洺,1
5651,话,3219,湫,1
5651,话,4479,纺,1
5651,话,4889,舌,1
5651,话,5637,诏,1
5651,话,5653,诟,1
5651,话,5666,语,1
5652,诞,3044,泱,1
5652,诞,3272,滩,1
5652,诞,5730,谯,1
5652,诞,6091,逶,1
5653,诟,5613,讵,1
5653,诟,5650,诜,1
5654,诠,3654,理,1
5654,诠,5653,诟,1
5655,诡,3279,漉,1
5655,诡,5713,谝,1
5656,询,1459,寻,1
5656,询,2965,汤,1
5656,询,2994,沟,1
5656,询,3060,洎,1
5657,诣,2158,指,1
5657,诣,3002,沩,1
5657,诣,3066,洛,1
5657,诣,3206,湄,1
5657,诣,3216,湝,1
5657,诣,3258,滔,1
5657,诣,4517,绢,1
5657,诣,5613,讵,1
5657,诣,5646,诘,1
5657,诣,5662,诨,1
5657,诣,5667,诮,1
5657,诣,5689,谄,1
5657,诣,6216,酯,1
5658,诤,420,净,1
5658,诤,3038,注,1
5658,诤,3555,狰,1
5658,诤,5671,诲,1
5659,该,3040,泫,1
5659,该,3071,洨,1
5660,详,213,佯,1
5660,详,230,侔,1
5660,详,1402,宇,1
5660,详,1788,徉,1
5660,详,3038,注,1
5660,详,3041,泮,1
5660,详,3702,璋,1
5660,详,4728,肖,1
5660,详,5658,诤,1
5661,诧,1292,姹,1
5661,诧,2060,托,1
5661,诧,3086,流,1
5661,诧,3187,渔,1
5661,诧,3260,滗,1
5661,诧,4459,纥,1
5661,诧,5605,讫,1
5661,诧,5613,讵,1
5662,诨,420,净,1
5663,诩,5662,诨,1
5663,诩,6513,闲,1
5664,诫,4502,绒,1
5664,诫,4529,绯,1
5665,诬,24,丞,1
5665,诬,411,冱,1
5665,诬,2859,正,1
5665,诬,2985,沌,1
5665,诬,3194,渣,1
5665,诬,5624,证,1
5665,诬,5636,诎,1
5666,语,2216,掊,1
5666,语,2980,沄,1
5666,语,4467,纭,1
5666,语,5513,裙,1
5666,语,5637,诏,1
5666,语,5651,话,1
5666,语,5709,谙,1
5666,语,6383,铻,1
5667,诮,3128,涓,1
5667,诮,4516,绡,1
5667,诮,5663,诩,1
5667,诮,5709,谙,1
5668,误,263,俣,1
5668,误,3138,涢,1
5669,诰,5646,诘,1
5669,诰,5667,诮,1
5670,诱,3009,河,1
5670,诱,3116,浯,1
5670,诱,3794,疠,1
5670,诱,4175,秀,1
5670,诱,4470,纱,1
5670,诱,5684,诿,1
5671,诲,3073,洫,1
5671,诲,3077,洳,1
5671,诲,3115,浮,1
5671,诲,5630,诈,1
5671,诲,5689,谄,1
5672,诳,5669,诰,1
5673,说,414,况,1
5673,说,2412,族,1
5673,说,2982,沆,1
5673,说,3034,泡,1
5673,说,3091,浈,1
5673,说,3110,浣,1
5673,说,4144,祝,1
5673,说,4499,经,1
5673,说,5650,诜,1
5673,说,5659,该,1
5673,说,5715,谠,1
5673,说,6404,锐,1
5674,诵,3060,洎,1
5674,诵,3209,湎,1
5674,诵,4517,绢,1
5674,诵,4584,缩,1
5674,诵,5631,诉,1
5674,诵,5667,诮,1
5675,诶,250,俊,1
5675,诶,261,俟,1
5675,诶,5663,诩,1
5675,诶,5706,谖,1
5676,请,195,体,1
5676,请,217,佶,1
5676,请,3159,淌,1
5676,请,3283,漕,1
5676,请,4466,纬,1
5676,请,4516,绡,1
5676,请,6410,锖,1
5676,请,6665,靖,1
5677,诸,229,侑,1
5677,诸,1148,堵,1
5677,诸,3108,浠,1
5677,诸,5625,诂,1
5677,诸,5646,诘,1
5677,诸,5679,诺,1
5677,诸,6973,鲨,1
5678,诹,301,倻,1
5678,诹,5689,谄,1
5679,诺,3113,浩,1
5679,诺,3289,漭,1
5679,诺,3305,潢,1
5679,诺,5653,诟,1
5679,诺,5677,诸,1
5679,诺,6412,锘,1
5680,读,5623,诀,1
5680,读,5675,诶,1
5680,读,5714,谟,1
5681,诼,5678,诹,1
5682,诽,272,俳,1
5682,诽,1796,徘,1
5682,诽,3010,沸,1
5682,诽,3029,泚,1
5682,诽,3213,湘,1
5682,诽,4766,胙,1
5683,课,298,倮,1
5683,课,3134,涞,1
5683,课,3290,漯,1
5683,课,3571,猓,1
5683,课,5628,诅,1
5683,课,5659,该,1
5684,诿,5670,诱,1
5684,诿,5681,诼,1
5685,谀,246,便,1
5685,谀,5684,诿,1
5686,谁,1131,堆,1
5686,谁,2410,旌,1
5686,谁,2983,沈,1
5686,谁,3196,渥,1
5686,谁,3299,潍,1
5686,谁,5630,诈,1
5686,谁,5689,谄,1
5687,谂,1117,埝,1
5687,谂,5685,谀,1
5688,调,287,倜,1
5688,调,854,啁,1
5688,调,1293,姻,1
5688,调,2969,汭,1
5688,调,3027,泖,1
5688,调,3136,涠,1
5688,调,5626,诃,1
5688,调,5683,课,1
5690,谅,206,你,1
5690,谅,288,倞,1
5690,谅,2224,掠,1
5690,谅,3091,浈,1
5690,谅,3175,淳,1
5690,谅,3567,猄,1
5691,谆,128,仔,1
5691,谆,409,冯,1
5691,谆,1378,孚,1
5691,谆,1387,学,1
5692,谇,3172,淬,1
5693,谈,282,倓,1
5693,谈,418,冼,1
5693,谈,1486,尻,1
5693,谈,5647,诙,1
5693,谈,5650,诜,1
5694,谊,411,冱,1
5694,谊,3187,渔,1
5694,谊,3681,瑄,1
5694,谊,4572,缜,1
5694,谊,5667,诮,1
5694,谊,6070,逍,1
5695,谋,3140,涤,1
5695,谋,3198,渫,1
5695,谋,3214,湛,1
5695,谋,3236,溥,1
5695,谋,3289,漭,1
5695,谋,3671,琮,1
5695,谋,5033,茨,1
5695,谋,5642,诔,1
5695,谋,5697,谍,1
5697,谍,4593,缲,1
5697,谍,5693,谈,1
5697,谍,5714,谟,1
5698,谎,1980,慌,1
5698,谎,3305,潢,1
5698,谎,5230,蔬,1
5698,谎,5695,谋,1
5699,谏,3127,涑,1
5700,谐,289,借,1
5700,谐,310,偕,1
5700,谐,400,写,1
5700,谐,2765,楷,1
5700,谐,3052,泼,1
5700,谐,3894,皆,1
5700,谐,5709,谙,1
5700,谐,5722,谧,1
5700,谐,5729,谮,1
5702,谒,3017,泃,1
5702,谒,3197,温,1
5702,谒,3206,湄,1
5702,谒,4270,竭,1
5702,谒,5689,谄,1
5703,谓,900,喟,1
5703,谓,3128,涓,1
5703,谓,3256,滑,1
5703,谓,3283,漕,1
5703,谓,3290,漯,1
5703,谓,3680,瑁,1
5703,谓,4133,祃,1
5704,谔,3233,溟,1
5707,谗,3103,浕,1
5707,谗,4492,终,1
5707,谗,5681,诼,1
5707,谗,6816,馋,1
5708,谘,255,俗,1
5709,谙,2252,揞,1
5709,谙,4574,缟,1
5709,谙,5676,请,1
5709,谙,5711,谛,1
5709,谙,5725,谪,1
5710,谚,1765,彡,1
5710,谚,2989,沔,1
5710,谚,3250,滂,1
5710,谚,5659,该,1
5710,谚,5709,谙,1
5711,谛,4564,缔,1
5711,谛,5708,谘,1
5712,谜,3135,涟,1
5712,谜,4522,继,1
5712,谜,5617,讹,1
5712,谜,5641,诓,1
5712,谜,5735,谴,1
5712,谜,6056,迷,1
5713,谝,4566,编,1
5715,谠,367,党,1
5715,谠,5667,诮,1
5717,谢,6970,鲥,1
5718,谣,374,六,1
5718,谣,3683,瑗,1
5718,谣,3693,瑶,1
5718,谣,4873,臣,1
5719,谤,324,傍,1
5719,谤,3337,濠,1
5719,谤,3690,瑢,1
5719,谤,5669,诰,1
5719,谤,5704,谔,1
5719,谤,5710,谚,1
5719,谤,6820,馐,1
5719,谤,7013,鳑,1
5720,谥,3914,益,1
5720,谥,4577,缢,1
5721,谦,3315,潽,1
5722,谧,2797,槛,1
5722,谧,3269,滥,1
5722,谧,5720,谥,1
5723,谨,1132,堇,1
5723,谨,3267,滢,1
5723,谨,5644,诖,1
5723,谨,6821,馑,1
5724,谩,3215,湜,1
5724,谩,3708,璟,1
5724,谩,6822,馒,1
5725,谪,5674,诵,1
5725,谪,5676,请,1
5727,谬,3129,涔,1
5727,谬,5710,谚,1
5728,谭,3058,洋,1
5728,谭,3177,淹,1
5728,谭,3514,犀,1
5729,谮,341,僭,1
5731,谰,1938,惘,1
5731,谰,3181,渊,1
5731,谰,3245,溷,1
5731,谰,6544,阑,1
5732,谱,886,善,1
5732,谱,5701,谑,1
5735,谴,6083,造,1
5736,谵,5827,赡,1
5738,谷,1203,夤,1
5738,谷,1777,彷,1
5738,谷,3084,洽,1
5738,谷,3501,牡,1
5739,豁,4375,簇,1
5740,豆,6,三,1
5740,豆,55,乏,1
5740,豆,3386,点,1
5740,豆,4878,至,1
5740,豆,5855,趸,1
5740,豆,6021,辶,1
5743,豌,3670,琬,1
5743,豌,4086,碗,1
5743,豌,5879,跪,1
5745,豚,3152,涿,1
5746,象,1761,彖,1
5746,象,1860,急,1
5746,象,1893,息,1
5746,象,6902,高,1
5747,豢,1761,彖,1
5747,豢,2148,拳,1
5747,豢,3043,泰,1
5747,豢,4189,秦,1
5749,豪,102,京,1
5749,豪,989,嚎,1
5749,豪,2939,氯,1
5749,豪,3043,泰,1
5749,豪,5189,蒙,1
5749,豪,6097,遂,1
5750,豫,4747,育,1
5750,豫,5437,蟓,1
5750,豫,6468,镓,1
5750,豫,6728,预,1
5752,豸,1761,彖,1
5753,豹,3543,狗,1
5753,豹,5752,豸,1
5754,豺,4457,纣,1
5757,貉,4786,胳,1
5757,貉,5755,貂,1
5762,贝,354,允,1
5762,贝,2841,次,1
5762,贝,5554,见,1
5763,贞,595,卡,1
5763,贞,736,员,1
5763,贞,1678,庄,1
5763,贞,2351,攴,1
5763,贞,5764,负,1
5764,负,362,免,1
5764,负,664,召,1
5764,负,736,员,1
5764,负,2840,欠,1
5764,负,5765,贡,1
5764,负,5775,贫,1
5765,贡,19,丙,1
5765,贡,2052,手,1
5765,贡,5764,负,1
5765,贡,5767,责,1
5765,贡,7113,麦,1
5766,财,541,勘,1
5766,财,678,叼,1
5767,责,1458,寺,1
5767,责,4029,砉,1
5767,责,5005,英,1
5767,责,5789,费,1
5767,责,5805,赉,1
5767,责,7113,麦,1
5768,贤,4753,肾,1
5769,败,2356,攻,1
5769,败,5773,贩,1
5770,账,669,叱,1
5770,账,1634,帐,1
5770,账,2903,毗,1
5770,账,6805,饿,1
5771,货,582,华,1
5771,货,1399,它,1
5771,货,2443,昏,1
5771,货,3919,监,1
5772,质,229,侑,1
5772,质,3357,灰,1
5773,贩,219,佼,1
5773,贩,2354,攸,1
5773,贩,3491,版,1
5774,贪,5764,负,1
5774,贪,5775,贫,1
5775,贫,47,久,1
5775,贫,139,令,1
5775,贫,606,危,1
5775,贫,5764,负,1
5776,贬,741,呤,1
5776,贬,3952,眨,1
5776,贬,4566,编,1
5777,购,720,吻,1
5777,购,2527,朐,1
5777,购,3951,眦,1
5777,购,4537,绷,1
5778,贮,177,伫,1
5778,贮,5773,贩,1
5779,贯,5764,负,1
5779,贯,5789,费,1
5779,贯,5794,贾,1
5780,贰,481,刻,1
5780,贰,5981,载,1
5781,贱,1633,帏,1
5783,贳,4981,苋,1
5784,贴,2430,时,1
5784,贴,5778,贮,1
5784,贴,5798,赂,1
5784,贴,5862,跆,1
5784,贴,5882,路,1
5784,贴,6945,鲇,1
5785,贵,3224,溃,1
5785,贵,3910,盅,1
5788,贸,1846,怊,1
5788,贸,5771,货,1
5789,费,736,员,1
5789,费,4177,秃,1
5789,费,5782,贲,1
5790,贺,6849,驾,1
5791,贻,5784,贴,1
5792,贼,1737,弑,1
5792,贼,5361,蛾,1
5792,贼,6805,饿,1
5793,贽,5796,赀,1
5794,贾,4882,臾,1
5794,贾,5477,衷,1
5794,贾,5800,资,1
5795,贿,220,佾,1
5795,贿,445,凼,1
5795,贿,4198,秽,1
5796,赀,5768,贤,1
5797,赁,5771,货,1
5798,赂,1889,恪,1
5798,赂,3771,略,1
5798,赂,5815,赔,1
5799,赃,3538,狉,1
5799,赃,5791,贻,1
5800,资,2840,欠,1
5800,资,4329,筼,1
5800,资,5768,贤,1
5800,资,5774,贪,1
5800,资,5794,贾,1
5800,资,6004,辔,1
5803,赇,5781,贱,1
5806,赊,1330,婴,1
5806,赊,5798,赂,1
5806,赊,6588,除,1
5807,赋,877,啷,1
5807,赋,1282,姗,1
5808,赌,5815,赔,1
5809,赍,5785,贵,1
5810,赎,319,偾,1
5811,赏,4627,羑,1
5811,赏,5800,资,1
5811,赏,6110,遣,1
5812,赐,1124,埸,1
5812,赐,4282,笏,1
5812,赐,5777,购,1
5814,赓,1692,庚,1
5815,赔,2497,暗,1
5815,赔,3423,焙,1
5815,赔,5806,赊,1
5815,赔,6229,醅,1
5817,赖,2197,损,1
5817,赖,2365,敕,1
5817,赖,2366,敖,1
5817,赖,4389,籁,1
5817,赖,6723,顿,1
5817,赖,6728,预,1
5818,赘,5824,赞,1
5818,赘,6723,顿,1
5821,赛,1157,塞,1
5821,赛,5184,蒉,1
5821,赛,5377,蜜,1
5821,赛,5805,赉,1
5824,赞,343,僰,1
5824,赞,1791,後,1
5824,赞,1793,徒,1
5824,赞,4285,笕,1
5824,赞,4500,绐,1
5826,赠,967,噌,1
5826,赠,4590,缯,1
5827,赡,4003,瞻,1
5827,赡,5444,蟾,1
5827,赡,5815,赔,1
5828,赢,1708,庼,1
5830,赤,1458,寺,1
5830,赤,1672,幺,1
5830,赤,5785,贵,1
5831,赦,2365,敕,1
5831,赦,2366,敖,1
5831,赦,2376,数,1
5831,赦,3226,溆,1
5831,赦,4023,矽,1
5831,赦,5832,赧,1
5831,赦,5967,软,1
5834,赫,2405,旃,1
5834,赫,4417,精,1
5834,赫,6704,韨,1
5834,赫,6705,韩,1
5836,走,14,专,1
5836,走,55,乏,1
5836,走,1208,夫,1
5836,走,1228,奏,1
5836,走,1485,尺,1
5836,走,2350,支,1
5836,走,2859,正,1
5836,走,6024,达,1
5837,赳,3658,琎,1
5838,赴,599,卦,1
5838,赴,600,卧,1
5838,赴,5839,赵,1
5838,赴,5845,越,1
5839,赵,5837,赳,1
5839,赵,6281,钍,1
5840,赶,5839,赵,1
5841,起,5836,走,1
5841,起,5838,赴,1
5842,趁,1957,惹,1
5842,趁,4562,缒,1
5842,趁,5844,超,1
5842,趁,5846,趋,1
5844,超,1722,延,1
5844,超,5842,趁,1
5845,越,2862,武,1
5845,越,3658,琎,1
5846,趋,4493,绉,1
5846,趋,5847,趑,1
5846,趋,6112,遨,1
5847,趑,5850,趣,1
5847,趑,6049,迩,1
5849,趟,3159,淌,1
5849,趟,6056,迷,1
5849,趟,6070,逍,1
5849,趟,6735,颋,1
5850,趣,5837,赳,1
5850,趣,6593,陬,1
5852,足,571,区,1
5852,足,585,卒,1
5852,足,2462,显,1
5852,足,3003,沪,1
5852,足,3782,疋,1
5852,足,5836,走,1
5852,足,6037,还,1
5852,足,6043,迟,1
5852,足,6061,送,1
5852,足,6062,适,1
5853,趴,665,叭,1
5856,趺,5864,跌,1
5856,趺,5898,踝,1
5857,趼,4034,研,1
5858,趾,4701,耻,1
5858,趾,5867,跐,1
5859,趿,5869,跖,1
5860,跃,4467,纭,1
5860,跃,4998,苡,1
5860,跃,5856,趺,1
5860,跃,5874,跞,1
5861,跄,5865,跎,1
5861,跄,5868,跑,1
5861,跄,6951,鲍,1
5863,跋,4486,绂,1
5863,跋,5876,跣,1
5864,跌,2417,既,1
5864,跌,3370,炔,1
5864,跌,4599,缺,1
5864,跌,5322,蚨,1
5864,跌,5876,跣,1
5864,跌,6786,饫,1
5865,跎,5867,跐,1
5866,跏,527,劭,1
5866,跏,3634,珈,1
5867,跐,3951,眦,1
5867,跐,5883,跳,1
5868,跑,1383,孢,1
5868,跑,1478,尥,1
5868,跑,1877,恐,1
5868,跑,3375,炝,1
5868,跑,5865,跎,1
5868,跑,5909,踵,1
5868,跑,7173,龅,1
5869,跖,3387,炻,1
5871,跚,5867,跐,1
5872,跛,875,啵,1
5872,跛,1636,帔,1
5872,跛,4706,聆,1
5872,跛,5496,被,1
5872,跛,6571,陂,1
5872,跛,6953,鲏,1
5873,距,1147,堲,1
5873,距,4014,矩,1
5873,距,5882,路,1
5874,跞,5854,趵,1
5874,跞,5903,踩,1
5875,跟,1470,尕,1
5875,跟,1787,很,1
5875,跟,1887,恨,1
5875,跟,3033,泠,1
5875,跟,5893,踉,1
5875,跟,5899,踞,1
5875,跟,6314,钰,1
5877,跤,3898,皎,1
5877,跤,5349,蛟,1
5877,跤,5858,趾,1
5877,跤,5859,趿,1
5878,跨,1098,垮,1
5878,跨,5350,蛤,1
5878,跨,5854,趵,1
5879,跪,724,呃,1
5879,跪,1294,姽,1
5879,跪,4514,统,1
5879,跪,5385,蜱,1
5879,跪,5861,跄,1
5879,跪,5865,跎,1
5879,跪,5882,路,1
5879,跪,6607,隗,1
5880,跫,1877,恐,1
5882,路,1996,憝,1
5882,路,3116,浯,1
5882,路,3642,珞,1
5882,路,5890,跻,1
5882,路,5893,踉,1
5883,跳,5871,跚,1
5884,践,2902,毖,1
5884,践,3925,盛,1
5884,践,5792,贼,1
5884,践,6315,钱,1
5884,践,6790,饯,1
5886,跷,1300,娆,1
5889,跺,809,哚,1
5889,跺,4521,绦,1
5889,跺,4802,脒,1
5889,跺,5874,跞,1
5889,跺,6808,馃,1
5890,跻,3096,济,1
5890,跻,5358,蛴,1
5890,跻,5935,蹯,1
5891,跽,5893,踉,1
5893,踉,3653,琅,1
5893,踉,5877,跤,1
5894,踊,254,俑,1
5894,踊,1106,埇,1
5894,踊,4076,确,1
5894,踊,5569,角,1
5895,踌,3132,涛,1
5896,踏,1597,嵴,1
5896,踏,4516,绡,1
5896,踏,5862,跆,1
5896,踏,5918,蹅,1
5896,踏,5930,蹢,1
5896,踏,5935,蹯,1
5897,踔,5891,跽,1
5898,踝,4158,祼,1
5898,踝,5897,踔,1
5899,踞,5869,跖,1
5899,踞,5875,跟,1
5899,踞,5882,路,1
5900,踟,5898,踝,1
5901,踢,2873,殇,1
5901,踢,5386,蜴,1
5901,踢,5526,裼,1
5901,踢,5923,蹋,1
5901,踢,5945,躅,1
5902,踣,5882,路,1
5903,踩,3238,溧,1
5903,踩,3978,睬,1
5903,踩,5904,踪,1
5903,踩,5944,躁,1
5904,踪,2773,榇,1
5904,踪,3671,琮,1
5904,踪,4542,综,1
5904,踪,5080,荸,1
5904,踪,5878,跨,1
5904,踪,5895,踌,1
5904,踪,6474,镙,1
5904,踪,6974,鲩,1
5905,踬,5900,踟,1
5905,踬,6426,锧,1
5906,踮,5905,踬,1
5908,踱,3791,疚,1
5908,踱,5863,跋,1
5908,踱,5877,跤,1
5909,踵,5881,跬,1
5909,踵,5918,蹅,1
5910,踶,5899,踞,1
5911,踹,5914,蹀,1
5913,踽,5909,踵,1
5915,蹁,5398,蝙,1
5915,蹁,5418,螗,1
5916,蹂,3587,猱,1
5916,蹂,5417,螓,1
5916,蹂,5874,跞,1
5916,蹂,5889,跺,1
5916,蹂,5903,踩,1
5916,蹂,5944,躁,1
5917,蹄,4564,缔,1
5917,蹄,5711,谛,1
5917,蹄,5902,踣,1
5917,蹄,6933,魑,1
5918,蹅,5896,踏,1
5918,蹅,6812,馇,1
5920,蹈,5689,谄,1
5920,蹈,5862,跆,1
5920,蹈,5900,踟,1
5920,蹈,6598,陷,1
5922,蹊,3218,湨,1
5923,蹋,445,凼,1
5923,蹋,5894,踊,1
5923,蹋,6099,遇,1
5926,蹒,3266,满,1
5927,蹓,791,哂,1
5930,蹢,5915,蹁,1
5931,蹦,954,嘣,1
5931,蹦,4531,绱,1
5931,蹦,6859,骊,1
5933,蹬,970,噔,1
5933,蹬,1601,嶝,1
5933,蹬,3220,湮,1
5933,蹬,4116,磴,1
5933,蹬,7003,鳇,1
5934,蹭,967,噌,1
5934,蹭,1173,增,1
5934,蹭,2519,曾,1
5934,蹭,3146,涫,1
5934,蹭,4118,磺,1
5934,蹭,5826,赠,1
5937,蹲,3587,猱,1
5937,蹲,5921,蹉,1
5937,蹲,5934,蹭,1
5937,蹲,7025,鳟,1
5940,蹼,5939,蹶,1
5942,蹾,2504,暾,1
5942,蹾,5912,踺,1
5943,蹿,1311,娣,1
5944,躁,1311,娣,1
5944,躁,3713,璪,1
5944,躁,5889,跺,1
5944,躁,5903,踩,1
5944,躁,5922,蹊,1
5944,躁,6808,馃,1
5945,躅,5901,踢,1
5946,躇,6410,锖,1
5947,躏,3839,痫,1
5947,躏,5926,蹒,1
5949,躔,4575,缠,1
5952,身,2522,月,1
5952,身,4884,舁,1
5953,躬,4697,耵,1
5953,躬,4903,舫,1
5955,躲,1463,射,1
5955,躲,3978,睬,1
5955,躲,4736,股,1
5955,躲,4808,脞,1
5955,躲,5953,躬,1
5956,躺,284,倘,1
5956,躺,4531,绱,1
5956,躺,4559,缎,1
5956,躺,4918,艄,1
5957,軎,722,吾,1
5957,軎,5601,讧,1
5958,车,22,东,1
5958,车,1218,夺,1
5958,车,1371,孑,1
5958,车,1668,平,1
5959,轧,5966,轮,1
5960,轨,64,九,1
5960,轨,5959,轧,1
5960,轨,5961,轩,1
5961,轩,1030,圩,1
5961,轩,2396,斩,1
5961,轩,4178,秆,1
5961,轩,4443,絮,1
5961,轩,5970,轲,1
5961,轩,5975,轷,1
5964,转,2095,抟,1
5964,转,5979,轻,1
5966,轮,1383,孢,1
5966,轮,2097,抡,1
5966,轮,4681,耗,1
5966,轮,6275,钇,1
5967,软,4031,砍,1
5967,软,5963,轫,1
5967,软,5965,轭,1
5967,软,6304,钦,1
5968,轰,792,哄,1
5969,轱,5965,轭,1
5970,轲,5963,轫,1
5970,轲,5969,轱,1
5971,轳,5970,轲,1
5972,轴,3028,泗,1
5972,轴,3511,牺,1
5972,轴,4909,舳,1
5972,轴,5990,辆,1
5972,轴,6332,铂,1
5973,轵,5967,软,1
5973,轵,5971,轳,1
5974,轶,5973,轵,1
5974,轶,6331,铁,1
5975,轷,5976,轸,1
5976,轸,5974,轶,1
5976,轸,5983,轿,1
5977,轹,2076,扺,1
5977,轹,5975,轷,1
5977,轹,6334,铄,1
5978,轺,4497,绍,1
5979,轻,5965,轭,1
5979,轻,5967,软,1
5979,轻,5973,轵,1
5979,轻,5985,辁,1
5981,载,1462,封,1
5981,载,2039,戴,1
5981,载,2662,栽,1
5981,载,5098,莪,1
5982,轾,1138,堑,1
5982,轾,5965,轭,1
5983,轿,2171,挢,1
5983,轿,4015,矫,1
5983,轿,4070,硚,1
5983,轿,5964,转,1
5983,轿,5973,轵,1
5983,轿,5976,轸,1
5983,轿,6688,鞒,1
5983,轿,6854,骄,1
5987,较,2359,故,1
5987,较,6372,铰,1
5987,较,6847,驼,1
5989,辅,1269,妯,1
5989,辅,6382,铺,1
5990,辆,2588,枘,1
5990,辆,6000,辐,1
5991,辇,5992,辈,1
5992,辈,2159,挈,1
5992,辈,2633,柴,1
5992,辈,4306,等,1
5993,辉,3405,烨,1
5993,辉,4163,禅,1
5993,辉,5343,蛑,1
5994,辊,3667,琨,1
5994,辊,4532,绲,1
5994,辊,6419,锟,1
5998,辎,3684,瑙,1
6000,辐,2873,殇,1
6000,辐,6458,镉,1
6001,辑,2251,揖,1
6003,输,1319,婀,1
6003,输,5396,蝓,1
6006,辖,2877,殍,1
6006,辖,5983,轿,1
6006,辖,6000,辐,1
6007,辗,1306,娓,1
6009,辙,2316,撖,1
6009,辙,5958,车,1
6011,辛,77,争,1
6011,辛,585,卒,1
6011,辛,1644,帝,1
6011,辛,1671,幸,1
6011,辛,2395,斧,1
6011,辛,2428,旱,1
6011,辛,4266,章,1
6011,辛,4606,罕,1
6011,辛,5090,莘,1
6011,辛,6273,钅,1
6011,辛,6616,隼,1
6012,辜,2155,拿,1
6012,辜,5090,莘,1
6013,辞,473,刮,1
6013,辞,2359,故,1
6013,辞,3503,牦,1
6013,辞,4050,砰,1
6013,辞,6862,骍,1
6014,辟,5902,踣,1
6014,辟,6013,辞,1
6014,辟,6167,郡,1
6014,辟,6862,骍,1
6015,辣,6017,辩,1
6015,辣,6310,钬,1
6015,辣,6384,铼,1
6016,辨,4020,矶,1
6016,辨,4534,维,1
6016,辨,5533,褙,1
6016,辨,6187,鄣,1
6017,辩,109,亸,1
6017,辩,4130,社,1
6017,辩,4163,禅,1
6017,辩,4634,群,1
6017,辩,6355,铞,1
6017,辩,6727,颃,1
6018,辫,4580,缥,1
6018,辫,6622,雅,1
6019,辰,1487,尼,1
6019,辰,1494,屃,1
6020,辱,1084,垕,1
6020,辱,1697,庤,1
6020,辱,4234,突,1
6022,边,516,办,1
6022,边,1004,囟,1
6023,辽,24,丞,1
6023,辽,2858,止,1
6023,辽,2968,汪,1
6024,达,1207,太,1
6024,达,2167,挞,1
6024,达,2858,止,1
6024,达,3054,泾,1
6024,达,4313,答,1
6024,达,6022,边,1
6024,达,6029,过,1
6024,达,6054,述,1
6025,迁,81,于,1
6025,迁,2947,汁,1
6025,迁,2957,汗,1
6025,迁,2968,汪,1
6025,迁,3106,浜,1
6025,迁,6029,过,1
6025,迁,6034,迓,1
6026,迂,81,于,1
6026,迂,4455,纡,1
6026,迂,6023,辽,1
6027,迄,65,乞,1
6027,迄,6040,远,1
6027,迄,6048,迨,1
6027,迄,6055,迳,1
6028,迅,2958,汛,1
6028,迅,2966,汨,1
6028,迅,3190,渚,1
6028,迅,3749,田,1
6028,迅,6022,边,1
6029,过,6025,迁,1
6029,过,6038,这,1
6029,过,6073,逑,1
6030,迈,18,丘,1
6030,迈,643,及,1
6030,迈,2858,止,1
6030,迈,3030,泛,1
6030,迈,6022,边,1
6030,迈,6028,迅,1
6030,迈,6037,还,1
6030,迈,6048,迨,1
6030,迈,6554,阝,1
6031,迎,3027,泖,1
6031,迎,3032,泞,1
6031,迎,6051,迫,1
6032,运,82,亏,1
6032,运,572,医,1
6032,运,1614,巨,1
6032,运,5249,蕴,1
6032,运,6027,迄,1
6032,运,6030,迈,1
6033,近,18,丘,1
6033,近,1848,怎,1
6033,近,2978,沂,1
6033,近,6025,迁,1
6033,近,6031,迎,1
6033,近,6034,迓,1
6033,近,6035,返,1
6033,近,6036,迕,1
6033,近,6038,这,1
6035,返,6030,迈,1
6035,返,6031,迎,1
6036,迕,6025,迁,1
6036,迕,6064,逄,1
6037,还,440,凶,1
6037,还,3054,泾,1
6037,还,4873,臣,1
6037,还,6024,达,1
6037,还,6032,运,1
6037,还,6054,述,1
6037,还,6072,逐,1
6038,这,571,区,1
6038,这,2954,汐,1
6038,这,3082,活,1
6038,这,3786,疒,1
6038,这,6049,迩,1
6038,这,6059,追,1
6039,进,3072,洪,1
6040,远,620,压,1
6040,远,2950,汇,1
6040,远,2980,沄,1
6040,远,2981,沅,1
6040,远,3071,洨,1
6040,远,3820,症,1
6040,远,4459,纥,1
6040,远,6027,迄,1
6040,远,6037,还,1
6040,远,6059,追,1
6041,违,14,专,1
6041,违,3624,玮,1
6041,违,5611,讳,1
6041,违,6024,达,1
6041,违,6027,迄,1
6042,连,5102,莲,1
6042,连,5644,诖,1
6042,连,5645,诗,1
6042,连,6036,迕,1
6042,连,6082,速,1
6042,连,6090,逵,1
6043,迟,6024,达,1
6043,迟,6060,退,1
6044,迢,672,叵,1
6044,迢,6023,辽,1
6044,迢,6048,迨,1
6044,迢,6059,追,1
6044,迢,6065,逅,1
6044,迢,6077,逗,1
6045,迤,5850,趣,1
6045,迤,6090,逵,1
6046,迥,6051,迫,1
6048,迨,6051,迫,1
6048,迨,6062,适,1
6048,迨,6065,逅,1
6049,迩,6036,迕,1
6050,迪,3011,油,1
6051,迫,88,亘,1
6051,迫,189,但,1
6051,迫,2360,效,1
6051,迫,3021,泊,1
6051,迫,6031,迎,1
6051,迫,6033,近,1
6051,迫,6713,页,1
6052,迭,6024,达,1
6052,迭,6083,造,1
6053,迮,6059,追,1
6054,述,3005,沭,1
6054,述,6039,进,1
6054,述,6062,适,1
6056,迷,1723,廷,1
6056,迷,6024,达,1
6056,迷,6039,进,1
6056,迷,6070,逍,1
6056,迷,6073,逑,1
6057,迸,1918,患,1
6057,迸,3078,洴,1
6057,迸,6061,送,1
6057,迸,6099,遇,1
6058,迹,89,亚,1
6058,迹,564,匠,1
6058,迹,3036,泣,1
6058,迹,6034,迓,1
6058,迹,6037,还,1
6058,迹,6090,逵,1
6059,追,1723,廷,1
6059,追,3006,沮,1
6059,追,3060,洎,1
6059,追,6027,迄,1
6059,追,6048,迨,1
6059,追,6049,迩,1
6059,追,6065,逅,1
6060,退,6043,迟,1
6061,送,3087,浃,1
6061,送,6040,远,1
6061,送,6066,逆,1
6061,送,6081,逞,1
6062,适,558,化,1
6062,适,565,匡,1
6062,适,1723,廷,1
6062,适,2859,正,1
6062,适,3082,活,1
6062,适,3909,盂,1
6062,适,4889,舌,1
6062,适,6025,迁,1
6062,适,6048,迨,1
6062,适,6091,逶,1
6063,逃,5847,趑,1
6063,逃,6076,逖,1
6065,逅,5653,诟,1
6065,逅,6059,追,1
6066,逆,6034,迓,1
6066,逆,6042,连,1
6066,逆,6049,迩,1
6066,逆,6057,迸,1
6066,逆,6058,迹,1
6066,逆,6074,递,1
6066,逆,6075,途,1
6066,逆,6096,遁,1
6067,选,3026,法,1
6067,选,3189,渗,1
6067,选,4668,老,1
6067,选,5058,荙,1
6067,选,5650,诜,1
6067,选,6043,迟,1
6067,选,6071,透,1
6067,选,6083,造,1
6068,逊,5469,补,1
6068,逊,5888,跹,1
6068,逊,6037,还,1
6068,逊,6079,逛,1
6070,逍,6069,逋,1
6070,逍,6105,道,1
6071,透,1384,季,1
6071,透,3129,涔,1
6071,透,4303,笾,1
6071,透,5670,诱,1
6071,透,6052,迭,1
6071,透,6053,迮,1
6071,透,6082,速,1
6072,逐,445,凼,1
6072,逐,446,函,1
6072,逐,6023,辽,1
6074,递,1907,悌,1
6074,递,6064,逄,1
6074,递,6075,途,1
6074,递,6116,遵,1
6075,途,3121,涂,1
6075,途,4930,色,1
6075,途,5654,诠,1
6075,途,6036,迕,1
6075,途,6059,追,1
6075,途,6091,逶,1
6075,途,6257,金,1
6076,逖,3430,然,1
6076,逖,6068,逊,1
6077,逗,1813,忌,1
6077,逗,3262,滚,1
6077,逗,4930,色,1
6077,逗,5852,足,1
6077,逗,6062,适,1
6077,逗,6094,逼,1
6078,通,3798,疤,1
6078,通,6070,逍,1
6078,通,6108,遛,1
6078,通,6604,随,1
6080,逝,2167,挞,1
6080,逝,3104,浙,1
6080,逝,6054,述,1
6080,逝,6073,逑,1
6081,逞,418,冼,1
6081,逞,3122,涅,1
6081,逞,6027,迄,1
6081,逞,6062,适,1
6081,逞,6219,酲,1
6082,速,421,凄,1
6082,速,1009,囫,1
6082,速,6064,逄,1
6082,速,6088,逮,1
6082,速,6507,闫,1
6083,造,3113,浩,1
6083,造,5669,诰,1
6083,造,6052,迭,1
6083,造,6090,逵,1
6083,造,6107,遘,1
6083,造,6586,陡,1
6085,逢,2148,拳,1
6085,逢,5218,蓬,1
6085,逢,6070,逍,1
6085,逢,6119,邀,1
6086,逦,6033,近,1
6089,逯,6088,逮,1
6090,逵,6084,逡,1
6090,逵,6112,遨,1
6091,逶,6071,透,1
6092,逸,4868,臆,1
6092,逸,6040,远,1
6092,逸,6067,选,1
6092,逸,6084,逡,1
6093,逻,6084,逡,1
6093,逻,6099,遇,1
6094,逼,3187,渔,1
6094,逼,6062,适,1
6094,逼,6077,逗,1
6094,逼,6100,遍,1
6094,逼,6104,遒,1
6095,逾,3757,画,1
6095,逾,6075,途,1
6096,遁,3814,疽,1
6096,遁,5689,谄,1
6096,遁,6062,适,1
6096,遁,6065,逅,1
6096,遁,6080,逝,1
6097,遂,1432,家,1
6097,遂,6066,逆,1
6097,遂,6072,逐,1
6097,遂,6075,途,1
6097,遂,6121,邃,1
6099,遇,4171,禺,1
6099,遇,6044,迢,1
6099,遇,6060,退,1
6099,遇,6065,逅,1
6100,遍,2046,扃,1
6100,遍,3375,炝,1
6100,遍,4740,肩,1
6100,遍,6060,退,1
6100,遍,6064,逄,1
6100,遍,6104,遒,1
6101,遏,3102,浔,1
6101,遏,3202,渴,1
6101,遏,6108,遛,1
6102,遐,3682,瑕,1
6102,遐,4204,程,1
6104,遒,6116,遵,1
6105,道,3047,泶,1
6105,道,5135,菹,1
6105,道,5720,谥,1
6105,道,6033,近,1
6105,道,6058,迹,1
6105,道,6059,追,1
6105,道,6066,逆,1
6105,道,6084,逡,1
6105,道,6094,逼,1
6106,遗,2503,暹,1
6106,遗,6082,速,1
6106,遗,6098,遄,1
6106,遗,6115,遴,1
6110,遣,5115,菅,1
6110,遣,6083,造,1
6110,遣,6105,道,1
6110,遣,6106,遗,1
6110,遣,6107,遘,1
6111,遥,1573,崟,1
6111,遥,5718,谣,1
6111,遥,6081,逞,1
6111,遥,6092,逸,1
6112,遨,6107,遘,1
6113,遭,3283,漕,1
6113,遭,3982,睿,1
6113,遭,5247,蕰,1
6114,遮,3148,涯,1
6114,遮,3341,瀌,1
6114,遮,6092,逸,1
6114,遮,7058,鸾,1
6116,遵,1236,奠,1
6116,遵,1466,尊,1
6116,遵,5714,谟,1
6116,遵,6034,迓,1
6116,遵,6041,违,1
6116,遵,6061,送,1
6116,遵,6066,逆,1
6118,避,6102,遐,1
6119,邀,3331,激,1
6119,邀,4836,腰,1
6120,邂,6090,逵,1
6121,邃,4232,穿,1
6122,邈,6051,迫,1
6124,邑,1622,巴,1
6124,邑,4930,色,1
6124,邑,4963,芭,1
6125,邓,451,刃,1
6125,邓,661,叩,1
6125,邓,6141,邳,1
6125,邓,6555,队,1
6128,邙,6130,邝,1
6129,邛,6127,邗,1
6129,邛,6128,邙,1
6130,邝,6127,邗,1
6131,邡,6177,都,1
6132,邢,604,卯,1
6132,邢,607,即,1
6132,邢,1766,形,1
6132,邢,6145,邸,1
6133,那,2262,揶,1
6133,那,6138,邯,1
6134,邦,1038,圹,1
6134,邦,1740,弗,1
6134,邦,6127,邗,1
6134,邦,6150,邾,1
6135,邪,2389,斜,1
6135,邪,6125,邓,1
6135,邪,6127,邗,1
6135,邪,6189,鄱,1
6137,邮,1630,帆,1
6137,邮,6147,邺,1
6138,邯,6137,邮,1
6138,邯,7039,鸪,1
6140,邱,1674,幼,1
6140,邱,5971,轳,1
6140,邱,6128,邙,1
6140,邱,6145,邸,1
6143,邵,527,劭,1
6143,邵,605,印,1
6143,邵,819,哪,1
6143,邵,6154,郇,1
6143,邵,6167,郡,1
6146,邹,3905,皱,1
6146,邹,5836,走,1
6146,邹,6136,邬,1
6146,邹,6153,郅,1
6148,邻,605,印,1
6148,邻,753,命,1
6148,邻,2393,斤,1
6148,邻,4461,级,1
6148,邻,4463,纩,1
6148,邻,4495,绋,1
6148,邻,6128,邙,1
6148,邻,6136,邬,1
6148,邻,6139,邰,1
6148,邻,6146,邹,1
6148,邻,6153,郅,1
6148,邻,7045,鸰,1
6149,邽,608,却,1
6151,郁,5453,蠢,1
6151,郁,6155,郈,1
6151,郁,6177,都,1
6151,郁,6179,郿,1
6153,郅,6337,铈,1
6155,郈,6140,邱,1
6156,郊,4132,祁,1
6156,郊,6131,邡,1
6157,郎,5360,蛹,1
6158,郏,6134,邦,1
6159,郐,753,命,1
6160,郑,531,劾,1
6160,郑,613,卻,1
6160,郑,3629,玷,1
6160,郑,6153,郅,1
6162,郗,482,刽,1
6162,郗,6177,都,1
6163,郚,6171,部,1
6164,郛,1670,并,1
6166,郝,4132,祁,1
6166,郝,4683,耙,1
6166,郝,6177,都,1
6167,郡,607,即,1
6167,郡,1641,帚,1
6167,郡,6153,郅,1
6167,郡,6158,郏,1
6169,郦,42,丽,1
6170,郧,736,员,1
6170,郧,6153,郅,1
6170,郧,6174,郯,1
6171,部,608,却,1
6171,部,6165,郜,1
6171,部,6173,郭,1
6171,部,6942,鲃,1
6172,郫,4698,耶,1
6173,郭,5028,茚,1
6173,郭,6131,邡,1
6173,郭,6187,鄣,1
6173,郭,6749,颜,1
6175,郴,1772,彬,1
6175,郴,2177,挪,1
6175,郴,2635,柿,1
6175,郴,6144,邶,1
6176,郸,6173,郭,1
6176,郸,6174,郯,1
6176,郸,6185,鄞,1
6176,郸,6187,鄣,1
6177,都,608,却,1
6177,都,3387,炻,1
6177,都,6179,郿,1
6180,鄂,6168,郢,1
6183,鄘,6182,鄌,1
6184,鄙,538,勐,1
6184,鄙,6162,郗,1
6184,鄙,6177,都,1
6184,鄙,6186,鄢,1
6189,鄱,6186,鄢,1
6191,酃,6181,鄄,1
6193,酉,26,两,1
6193,酉,1004,囟,1
6193,酉,1015,囹,1
6194,酊,1009,囫,1
6194,酊,3756,町,1
6195,酋,5030,茜,1
6195,酋,5135,菹,1
6195,酋,6193,酉,1
6196,酌,26,两,1
6196,酌,3613,玙,1
6196,酌,3778,畹,1
6196,酌,4023,矽,1
6197,配,4042,砣,1
6197,配,5599,讥,1
6197,配,6212,酩,1
6200,酐,6194,酊,1
6201,酒,409,冯,1
6201,酒,791,哂,1
6201,酒,3125,涌,1
6201,酒,3277,漂,1
6201,酒,6193,酉,1
6201,酒,6715,顷,1
6202,酗,6231,醉,1
6203,酚,3836,痧,1
6203,酚,4026,砀,1
6203,酚,4057,砼,1
6204,酝,43,举,1
6204,酝,6197,配,1
6204,酝,6223,酷,1
6205,酞,6209,酤,1
6205,酞,6210,酥,1
6206,酡,4712,联,1
6207,酢,6216,酯,1
6208,酣,4549,缃,1
6210,酥,2696,梃,1
6210,酥,4039,砜,1
6210,酥,4058,砾,1
6210,酥,4072,硪,1
6210,酥,6200,酐,1
6210,酥,6211,酦,1
6212,酩,689,后,1
6212,酩,6223,酷,1
6212,酩,6229,醅,1
6213,酪,6169,郦,1
6213,酪,6229,醅,1
6213,酪,6893,骼,1
6213,酪,7005,鳉,1
6215,酮,2525,朋,1
6218,酱,2265,揾,1
6219,酲,6234,醍,1
6220,酴,6210,酥,1
6220,酴,6221,酵,1
6220,酴,6225,酹,1
6221,酵,6225,酹,1
6223,酷,1564,崂,1
6223,酷,4249,窟,1
6223,酷,6203,酚,1
6223,酷,6204,酝,1
6223,酷,6213,酪,1
6223,酷,6216,酯,1
6223,酷,7052,鸸,1
6223,酷,7056,鸼,1
6224,酸,3774,畯,1
6224,酸,6196,酌,1
6224,酸,6217,酰,1
6224,酸,6229,醅,1
6224,酸,6231,醉,1
6224,酸,6232,醋,1
6224,酸,6234,醍,1
6224,酸,7133,黢,1
6225,酹,6220,酴,1
6227,酾,6193,酉,1
6228,酿,3962,眼,1
6228,酿,4037,砘,1
6228,酿,4086,碗,1
6228,酿,4199,秾,1
6228,酿,6142,邴,1
6229,醅,6230,醇,1
6230,醇,6193,酉,1
6230,醇,6194,酊,1
6230,醇,6219,酲,1
6231,醉,3627,玲,1
6231,醉,4083,碎,1
6231,醉,6207,酢,1
6231,醉,6226,酽,1
6232,醋,4088,碚,1
6232,醋,6209,酤,1
6232,醋,6221,酵,1
6233,醌,6228,酿,1
6234,醍,6215,酮,1
6234,醍,6237,醒,1
6234,醍,6239,醛,1
6234,醍,6996,鳀,1
6236,醑,6222,酶,1
6237,醒,2406,旄,1
6237,醒,2410,旌,1
6237,醒,6232,醋,1
6237,醒,7159,鼹,1
6238,醚,3718,瓞,1
6240,醢,3197,温,1
6241,醣,1394,孵,1
6242,醪,334,僇,1
6242,醪,4124,礤,1
6243,醭,6244,醮,1
6245,醯,2899,毓,1
6250,采,199,余,1
6250,采,2633,柴,1
6250,采,4436,系,1
6251,釉,2620,柚,1
6251,釉,4665,翻,1
6251,釉,6330,铀,1
6252,释,2133,拜,1
6252,释,6343,铎,1
6253,里,726,呈,1
6254,重,41,主,1
6254,重,1272,妻,1
6254,重,3740,生,1
6254,重,6069,逋,1
6254,重,6091,逶,1
6254,重,6633,雨,1
6255,野,1262,妤,1
6255,野,4482,纾,1
6255,野,6161,郓,1
6255,野,7134,黥,1
6256,量,1132,堇,1
6256,量,2426,旯,1
6256,量,2444,易,1
6256,量,3783,疍,1
6256,量,5048,荃,1
6257,金,209,佥,1
6257,金,456,刍,1
6257,金,709,含,1
6257,金,1074,垂,1
6257,金,3630,玺,1
6257,金,4330,签,1
6257,金,6314,钰,1
6258,釜,3483,爸,1
6258,釜,3484,爹,1
6258,釜,4242,窒,1
6259,鉴,58,乓,1
6259,鉴,6258,釜,1
6261,銎,6259,鉴,1
6265,錾,1999,憩,1
6269,鏊,6267,鍪,1
6269,鏊,6875,骜,1
6270,鏖,7107,麈,1
6273,钅,6780,饣,1
6274,钆,6279,钋,1
6275,钇,6274,钆,1
6276,针,5595,计,1
6276,针,6317,钳,1
6277,钉,3609,玎,1
6277,钉,4455,纡,1
6277,钉,4460,约,1
6277,钉,5853,趴,1
6277,钉,6273,钅,1
6277,钉,6276,针,1
6277,钉,6278,钊,1
6278,钊,469,刨,1
6279,钋,599,卦,1
6279,钋,6276,针,1
6280,钌,6277,钉,1
6282,钎,3611,玕,1
6282,钎,6311,钭,1
6282,钎,6363,铧,1
6283,钏,6278,钊,1
6284,钐,6309,钫,1
6285,钒,3001,沨,1
6285,钒,4461,级,1
6285,钒,6278,钊,1
6285,钒,6295,钝,1
6285,钒,6781,饥,1
6286,钓,2368,敛,1
6286,钓,6280,钌,1
6286,钓,6287,钔,1
6286,钓,6305,钧,1
6287,钔,6275,钇,1
6287,钔,6278,钊,1
6288,钕,6301,钣,1
6291,钙,4503,结,1
6291,钙,6313,钯,1
6291,钙,6351,铙,1
6292,钚,6277,钉,1
6292,钚,6280,钌,1
6294,钜,4014,矩,1
6294,钜,6383,铻,1
6295,钝,6319,钵,1
6296,钞,4142,祛,1
6297,钟,6337,铈,1
6298,钠,391,内,1
6298,钠,1463,射,1
6299,钡,3537,狈,1
6299,钡,4488,组,1
6299,钡,4491,织,1
6299,钡,5558,视,1
6299,钡,6300,钢,1
6299,钡,6301,钣,1
6299,钡,6305,钧,1
6300,钢,6298,钠,1
6300,钢,6303,钥,1
6302,钤,6453,镄,1
6303,钥,2530,朗,1
6303,钥,5330,蚵,1
6303,钥,6283,钏,1
6303,钥,6320,钶,1
6303,钥,6326,钼,1
6303,钥,6949,鲋,1
6304,钦,124,仍,1
6304,钦,684,合,1
6304,钦,2844,欤,1
6304,钦,2846,欲,1
6304,钦,4491,织,1
6304,钦,5100,莰,1
6304,钦,6310,钬,1
6305,钧,1044,均,1
6305,钧,4509,绚,1
6305,钧,5984,辀,1
6305,钧,6278,钊,1
6305,钧,6782,饧,1
6306,钨,1742,弛,1
6306,钨,2567,杩,1
6306,钨,4460,约,1
6306,钨,6280,钌,1
6307,钩,3637,珍,1
6307,钩,6303,钥,1
6307,钩,6329,钿,1
6307,钩,6792,饱,1
6308,钪,6375,铳,1
6309,钫,6293,钛,1
6309,钫,6308,钪,1
6310,钬,4180,秋,1
6310,钬,6331,铁,1
6311,钭,6276,针,1
6311,钭,6282,钎,1
6312,钮,1260,妞,1
6312,钮,4560,缏,1
6312,钮,4803,脓,1
6312,钮,6314,钰,1
6312,钮,6326,钼,1
6312,钮,6329,钿,1
6312,钮,6390,锂,1
6314,钰,6364,铨,1
6315,钱,1296,威,1
6315,钱,2026,戗,1
6315,钱,3088,浅,1
6315,钱,4269,竦,1
6315,钱,4457,纣,1
6315,钱,4483,线,1
6315,钱,6297,钟,1
6315,钱,6351,铙,1
6316,钲,6313,钯,1
6317,钳,3025,泔,1
6317,钳,4469,纰,1
6317,钳,6294,钜,1
6317,钳,6318,钴,1
6318,钴,6309,钫,1
6318,钴,6325,钻,1
6319,钵,4269,竦,1
6319,钵,6292,钚,1
6319,钵,6318,钴,1
6319,钵,6343,铎,1
6319,钵,6363,铧,1
6320,钶,6309,钫,1
6321,钷,5970,轲,1
6325,钻,3015,沾,1
6325,钻,4463,纩,1
6325,钻,4500,绐,1
6325,钻,4559,缎,1
6325,钻,6284,钐,1
6325,钻,6296,钞,1
6325,钻,6302,钤,1
6325,钻,6309,钫,1
6325,钻,6354,铝,1
6326,钼,6327,钽,1
6326,钼,6329,钿,1
6326,钼,6353,铜,1
6327,钽,6326,钼,1
6328,钾,6290,钘,1
6329,钿,6312,钮,1
6329,钿,6327,钽,1
6330,铀,1780,彼,1
6330,铀,2107,抻,1
6330,铀,3511,牺,1
6330,铀,5490,袖,1
6330,铀,6297,钟,1
6330,铀,6303,钥,1
6330,铀,6392,锄,1
6330,铀,6403,锏,1
6330,铀,6947,鲉,1
6331,铁,200,佚,1
6331,铁,3044,泱,1
6331,铁,3621,玦,1
6331,铁,5623,诀,1
6331,铁,6418,锞,1
6331,铁,6786,饫,1
6332,铂,3632,珀,1
6332,铂,4525,绪,1
6332,铂,6298,钠,1
6332,铂,6330,铀,1
6332,铂,6339,铊,1
6332,铂,6950,鲌,1
6333,铃,3030,泛,1
6333,铃,3627,玲,1
6333,铃,6366,铪,1
6333,铃,6372,铰,1
6333,铃,6784,饩,1
6334,铄,6365,铩,1
6335,铅,763,咒,1
6335,铅,4203,稆,1
6335,铅,4500,绐,1
6335,铅,4508,给,1
6335,铅,6284,钐,1
6335,铅,6318,钴,1
6335,铅,6325,钻,1
6335,铅,6366,铪,1
6335,铅,6368,铬,1
6335,铅,6369,铭,1
6335,铅,6387,铿,1
6336,铆,3027,泖,1
6336,铆,6350,铘,1
6338,铉,6362,铥,1
6338,铉,6372,铰,1
6339,铊,6371,铯,1
6341,铌,6313,钯,1
6341,铌,6378,银,1
6343,铎,4498,绎,1
6343,铎,6399,锋,1
6344,铐,1793,徒,1
6344,铐,6345,铑,1
6344,铐,6416,锜,1
6344,铐,6438,锴,1
6345,铑,6351,铙,1
6345,铑,6685,鞋,1
6347,铕,6318,钴,1
6347,铕,6322,钸,1
6347,铕,6388,销,1
6347,铕,6411,锗,1
6348,铖,5981,载,1
6349,铗,6331,铁,1
6351,铙,6360,铣,1
6351,铙,6797,饶,1
6352,铛,1100,垱,1
6352,铛,3649,珰,1
6352,铛,4493,绉,1
6352,铛,6284,钐,1
6352,铛,6309,钫,1
6352,铛,6318,钴,1
6352,铛,6357,铠,1
6352,铛,6467,镒,1
6353,铜,2607,枸,1
6353,铜,3067,洞,1
6353,铜,4488,组,1
6353,铜,5635,词,1
6353,铜,6300,钢,1
6353,铜,6320,钶,1
6353,铜,6356,铟,1
6353,铜,6421,锢,1
6353,铜,6439,锵,1
6353,铜,6507,闫,1
6354,铝,235,侣,1
6354,铝,4497,绍,1
6354,铝,4531,绱,1
6354,铝,5637,诏,1
6354,铝,6318,钴,1
6354,铝,6325,钻,1
6354,铝,6327,钽,1
6354,铝,6394,锆,1
6354,铝,6431,锬,1
6355,铞,6322,钸,1
6356,铟,6329,钿,1
6358,铡,3094,测,1
6358,铡,4490,细,1
6359,铢,5974,轶,1
6359,铢,6319,钵,1
6359,铢,6331,铁,1
6359,铢,6334,铄,1
6360,铣,2541,朱,1
6360,铣,4464,纪,1
6360,铣,4473,纴,1
6360,铣,5650,诜,1
6360,铣,6349,铗,1
6360,铣,6351,铙,1
6360,铣,6394,锆,1
6361,铤,6383,铻,1
6362,铥,6338,铉,1
6362,铥,6361,铤,1
6363,铧,6282,钎,1
6364,铨,6366,铪,1
6366,铪,6333,铃,1
6366,铪,6354,铝,1
6368,铬,688,名,1
6368,铬,781,咯,1
6368,铬,3619,玢,1
6368,铬,6309,钫,1
6368,铬,6383,铻,1
6368,铬,6430,锫,1
6369,铭,2661,格,1
6369,铭,3081,洺,1
6369,铭,5986,辂,1
6369,铭,6308,钪,1
6369,铭,6366,铪,1
6369,铭,6412,锘,1
6369,铭,6429,锪,1
6369,铭,7043,鸮,1
6370,铮,6400,锌,1
6371,铯,6370,铮,1
6372,铰,3436,煞,1
6372,铰,3906,皲,1
6372,铰,5349,蛟,1
6372,铰,5877,跤,1
6372,铰,5987,较,1
6372,铰,6306,钨,1
6372,铰,6333,铃,1
6372,铰,6340,铋,1
6372,铰,6369,铭,1
6372,铰,6375,铳,1
6373,铱,233,依,1
6373,铱,3001,沨,1
6373,铱,4568,缘,1
6373,铱,6292,钚,1
6373,铱,6308,钪,1
6373,铱,6310,钬,1
6373,铱,6369,铭,1
6373,铱,6372,铰,1
6373,铱,6468,镓,1
6374,铲,3003,沪,1
6374,铲,4482,纾,1
6374,铲,6343,铎,1
6374,铲,6400,锌,1
6375,铳,3785,疑,1
6375,铳,6401,锍,1
6378,银,5507,裉,1
6378,银,5875,跟,1
6378,银,6285,钒,1
6378,银,6406,锒,1
6379,铷,6367,铫,1
6380,铸,1785,待,1
6380,铸,4487,练,1
6380,铸,4571,缛,1
6380,铸,6410,锖,1
6380,铸,6439,锵,1
6382,铺,824,哺,1
6382,铺,2477,晡,1
6382,铺,4261,竑,1
6382,铺,4489,绅,1
6382,铺,6319,钵,1
6382,铺,6337,铈,1
6382,铺,6388,销,1
6383,铻,6380,铸,1
6384,铼,6359,铢,1
6385,铽,6348,铖,1
6386,链,3135,涟,1
6386,链,6361,铤,1
6386,链,6388,销,1
6386,链,6433,键,1
6386,链,6487,镦,1
6388,销,1798,徜,1
6388,销,3091,浈,1
6388,销,4403,粝,1
6388,销,4525,绪,1
6388,销,6318,钴,1
6388,销,6332,铂,1
6388,销,6431,锬,1
6388,销,6478,镝,1
6389,锁,1780,彼,1
6389,锁,3091,浈,1
6389,锁,4514,统,1
6389,锁,4556,缋,1
6389,锁,6070,逍,1
6389,锁,6304,钦,1
6389,锁,6342,铍,1
6389,锁,6404,锐,1
6389,锁,6426,锧,1
6389,锁,6453,镄,1
6389,锁,6456,镇,1
6389,锁,6460,镋,1
6389,锁,6719,须,1
6389,锁,6726,颂,1
6390,锂,6440,锶,1
6390,锂,6469,镔,1
6392,锄,4554,缈,1
6392,锄,6326,钼,1
6392,锄,6336,铆,1
6393,锅,266,俩,1
6393,锅,1116,埚,1
6393,锅,2588,枘,1
6393,锅,4156,祸,1
6393,锅,4566,编,1
6393,锅,4576,缡,1
6394,锆,2699,梏,1
6394,锆,6318,钴,1
6395,锇,6367,铫,1
6395,锇,6445,锻,1
6396,锈,3655,琇,1
6396,锈,5670,诱,1
6396,锈,6362,铥,1
6397,锉,4473,纴,1
6397,锉,4485,绁,1
6397,锉,5649,诛,1
6397,锉,6339,铊,1
6397,锉,6359,铢,1
6397,锉,6390,锂,1
6398,锊,6400,锌,1
6399,锋,6370,铮,1
6399,锋,6390,锂,1
6399,锋,6424,锥,1
6400,锌,230,侔,1
6400,锌,4463,纩,1
6400,锌,4507,绘,1
6400,锌,6343,铎,1
6400,锌,6370,铮,1
6400,锌,6806,馀,1
6401,锍,6260,銍,1
6401,锍,6360,铣,1
6403,锏,3755,甸,1
6404,锐,4206,税,1
6404,锐,6477,镜,1
6404,锐,6797,饶,1
6405,锑,2408,旆,1
6406,锒,6378,银,1
6408,锔,6287,钔,1
6408,锔,6434,锯,1
6408,锔,6486,镥,1
6410,锖,6347,铕,1
6411,锗,1801,循,1
6411,锗,4525,绪,1
6411,锗,4569,缙,1
6411,锗,6383,铻,1
6411,锗,6412,锘,1
6412,锘,6362,铥,1
6412,锘,6383,铻,1
6412,锘,6808,馃,1
6413,错,2231,措,1
6413,错,2286,搭,1
6413,错,6345,铑,1
6413,错,6347,铕,1
6413,错,6394,锆,1
6413,错,6410,锖,1
6413,错,6411,锗,1
6413,错,6454,镅,1
6413,错,6489,镨,1
6413,错,6823,馓,1
6414,锚,4569,缙,1
6414,锚,6318,钴,1
6414,锚,6394,锆,1
6414,锚,6408,锔,1
6417,锝,6420,锡,1
6419,锟,6378,银,1
6420,锡,4566,编,1
6420,锡,6284,钐,1
6420,锡,6393,锅,1
6422,锣,1785,待,1
6422,锣,4461,级,1
6422,锣,4508,给,1
6422,锣,4581,缦,1
6422,锣,5898,踝,1
6422,锣,6440,锶,1
6422,锣,6446,锼,1
6423,锤,852,唾,1
6423,锤,2728,棰,1
6423,锤,3641,珙,1
6423,锤,6442,锸,1
6423,锤,6620,雁,1
6424,锥,23,丝,1
6424,锥,4769,胜,1
6424,锥,5686,谁,1
6424,锥,6361,铤,1
6424,锥,6423,锤,1
6425,锦,6337,铈,1
6426,锧,6453,镄,1
6427,锨,2843,欣,1
6427,锨,3373,炙,1
6427,锨,4539,绹,1
6429,锪,6369,铭,1
6429,锪,6440,锶,1
6430,锫,6354,铝,1
6432,锭,1780,彼,1
6432,锭,3036,泣,1
6432,锭,4464,纪,1
6432,锭,6404,锐,1
6433,键,3658,琎,1
6433,键,6342,铍,1
6434,锯,202,作,1
6434,锯,293,倨,1
6434,锯,3661,琚,1
6434,锯,5527,裾,1
6434,锯,6369,铭,1
6434,锯,6383,铻,1
6434,锯,6412,锘,1
6434,锯,6442,锸,1
6434,锯,6491,镪,1
6435,锰,4577,缢,1
6435,锰,6997,鳁,1
6438,锴,6408,锔,1
6440,锶,1962,愈,1
6440,锶,6378,银,1
6441,锷,6422,锣,1
6443,锹,3219,湫,1
6443,锹,6367,铫,1
6444,锺,6423,锤,1
6445,锻,6301,钣,1
6446,锼,6815,馊,1
6447,锾,3683,瑗,1
6447,锾,6301,钣,1
6448,锿,6373,铱,1
6449,镀,4561,缑,1
6449,镀,5908,踱,1
6449,镀,6342,铍,1
6449,镀,6374,铲,1
6450,镁,1794,徕,1
6450,镁,3489,牂,1
6450,镁,4527,续,1
6450,镁,4561,缑,1
6452,镃,6338,铉,1
6454,镅,3680,瑁,1
6454,镅,6408,锔,1
6455,镆,6818,馍,1
6456,镇,3080,洹,1
6456,镇,3726,瓴,1
6456,镇,4215,稹,1
6457,镈,6382,铺,1
6459,镊,4546,缀,1
6460,镋,6404,锐,1
6462,镍,928,嗥,1
6462,镍,4545,绿,1
6462,镍,6337,铈,1
6462,镍,6346,铒,1
6462,镍,6417,锝,1
6462,镍,6418,锞,1
6462,镍,6425,锦,1
6464,镏,6335,铅,1
6464,镏,6494,镭,1
6465,镐,3521,犒,1
6465,镐,4165,福,1
6465,镐,4219,稿,1
6465,镐,6347,铕,1
6465,镐,6408,锔,1
6465,镐,6449,镀,1
6465,镐,6810,馅,1
6466,镑,4585,缪,1
6466,镑,5975,轷,1
6466,镑,6380,铸,1
6466,镑,6460,镋,1
6466,镑,6461,镌,1
6466,镑,6470,镕,1
6467,镒,6470,镕,1
6469,镔,6432,锭,1
6470,镕,3450,熔,1
6470,镕,6430,锫,1
6472,镗,6467,镒,1
6473,镘,4581,缦,1
6473,镘,6822,馒,1
6477,镜,6349,铗,1
6477,镜,6351,铙,1
6477,镜,6375,铳,1
6477,镜,6460,镋,1
6477,镜,6497,镱,1
6477,镜,6974,鲩,1
6482,镡,6471,镖,1
6484,镣,963,嘹,1
6484,镣,2095,抟,1
6484,镣,5941,蹽,1
6484,镣,6471,镖,1
6485,镤,6451,镂,1
6486,镥,6489,镨,1
6487,镦,2363,敏,1
6491,镪,6423,锤,1
6494,镭,4165,福,1
6494,镭,6471,镖,1
6494,镭,6495,镯,1
6496,镰,283,倔,1
6496,镰,959,嘱,1
6496,镰,1444,寐,1
6496,镰,3332,濂,1
6496,镰,4578,缣,1
6502,镶,4563,缓,1
6503,长,17,世,1
6503,长,1209,夬,1
6503,长,1485,尺,1
6503,长,3490,片,1
6504,门,44,丿,1
6504,门,407,冫,1
6504,门,601,卩,1
6504,门,666,叮,1
6504,门,1397,宀,1
6504,门,1607,川,1
6504,门,6506,闪,1
6505,闩,678,叼,1
6506,闪,1607,川,1
6506,闪,2962,江,1
6506,闪,3001,沨,1
6506,闪,4724,肉,1
6507,闫,3929,目,1
6507,闫,6529,阂,1
6508,闭,598,卤,1
6508,闭,3005,沭,1
6508,闭,6514,闳,1
6508,闭,6522,闻,1
6508,闭,6535,阈,1
6509,问,19,丙,1
6509,问,687,同,1
6509,问,1534,岣,1
6509,问,2129,拘,1
6509,问,2420,旧,1
6509,问,3009,河,1
6509,问,3037,泥,1
6509,问,6506,闪,1
6509,问,6518,闷,1
6510,闯,1003,回,1
6510,闯,6508,闭,1
6510,闯,6524,闽,1
6510,闯,6525,闾,1
6510,闯,6526,闿,1
6510,闯,6539,阌,1
6511,闰,6513,闲,1
6511,闰,6516,闵,1
6511,闰,6521,闺,1
6511,闰,6529,阂,1
6512,闱,6520,闹,1
6513,闲,1412,宙,1
6513,闲,3744,甪,1
6515,间,2423,旬,1
6515,间,3056,洄,1
6515,间,3434,煎,1
6515,间,5626,诃,1
6515,间,6510,闯,1
6515,间,6518,闷,1
6515,间,6519,闸,1
6516,闵,6511,闰,1
6517,闶,6520,闹,1
6518,闷,552,匆,1
6518,闷,687,同,1
6518,闷,3039,泪,1
6518,闷,4604,网,1
6518,闷,6505,闩,1
6518,闷,6506,闪,1
6519,闸,3744,甪,1
6519,闸,5569,角,1
6520,闹,6544,阑,1
6521,闺,1013,围,1
6521,闺,1024,圉,1
6521,闺,3095,浍,1
6521,闺,3102,浔,1
6521,闺,4605,罔,1
6521,闺,5118,菌,1
6521,闺,5644,诖,1
6521,闺,6512,闱,1
6521,闺,6524,闽,1
6521,闺,6536,阉,1
6522,闻,1019,囿,1
6522,闻,1070,坶,1
6522,闻,1550,峋,1
6522,闻,3746,甬,1
6522,闻,6511,闰,1
6522,闻,6515,间,1
6522,闻,6530,阃,1
6522,闻,6543,阐,1
6524,闽,1070,坶,1
6524,闽,3042,泯,1
6524,闽,6510,闯,1
6524,闽,6511,闰,1
6524,闽,6514,闳,1
6524,闽,6530,阃,1
6524,闽,6533,阆,1
6525,闾,6507,闫,1
6526,闿,6532,阅,1
6526,闿,6538,阋,1
6527,阀,3755,甸,1
6527,阀,6535,阈,1
6528,阁,1012,囱,1
6528,阁,6517,闶,1
6528,阁,6525,闾,1
6528,阁,6532,阅,1
6528,阁,6536,阉,1
6528,阁,6540,阍,1
6528,阁,6541,阎,1
6529,阂,6507,闫,1
6529,阂,6517,闶,1
6529,阂,6538,阋,1
6529,阂,6552,阚,1
6531,阄,6538,阋,1
6532,阅,687,同,1
6532,阅,2951,汈,1
6532,阅,3204,渺,1
6532,阅,4605,罔,1
6532,阅,4724,肉,1
6532,阅,6507,闫,1
6532,阅,6511,闰,1
6532,阅,6516,闵,1
6532,阅,6521,闺,1
6532,阅,6524,闽,1
6532,阅,6533,阆,1
6532,阅,6538,阋,1
6532,阅,6551,阙,1
6533,阆,6532,阅,1
6534,阇,6512,闱,1
6534,阇,6548,阖,1
6535,阈,6547,阕,1
6536,阉,687,同,1
6536,阉,6534,阇,1
6536,阉,6548,阖,1
6538,阋,6533,阆,1
6541,阎,1008,囤,1
6541,阎,3079,洵,1
6541,阎,6520,闹,1
6541,阎,6539,阌,1
6541,阎,6542,阏,1
6542,阏,6551,阙,1
6542,阏,6552,阚,1
6543,阐,3163,淘,1
6543,阐,3167,淠,1
6543,阐,4539,绹,1
6543,阐,6519,闸,1
6543,阐,6520,闹,1
6543,阐,6522,闻,1
6543,阐,6523,闼,1
6544,阑,6512,闱,1
6544,阑,6521,闺,1
6544,阑,6532,阅,1
6544,阑,6535,阈,1
6544,阑,6543,阐,1
6544,阑,6547,阕,1
6544,阑,6549,阗,1
6544,阑,6552,阚,1
6545,阒,6549,阗,1
6546,阔,1520,岈,1
6546,阔,1932,惆,1
6546,阔,3067,洞,1
6546,阔,3141,润,1
6546,阔,4787,胴,1
6546,阔,5637,诏,1
6546,阔,6509,问,1
6546,阔,6525,闾,1
6546,阔,6793,饲,1
6548,阖,6514,闳,1
6552,阚,6548,阖,1
6553,阜,77,争,1
6553,阜,2422,早,1
6553,阜,4696,耳,1
6553,阜,4876,臬,1
6553,阜,6623,集,1
6555,队,119,仆,1
6555,队,4927,艮,1
6555,队,6557,阢,1
6557,阢,6559,阮,1
6559,阮,711,吭,1
6559,阮,6308,钪,1
6560,阱,3064,洙,1
6560,阱,4034,研,1
6560,阱,6571,陂,1
6561,防,5619,讼,1
6561,防,6569,阿,1
6561,防,6573,际,1
6561,防,6577,陉,1
6561,防,6856,骆,1
6562,阳,3064,洙,1
6562,阳,6566,阻,1
6563,阴,2522,月,1
6563,阴,2530,朗,1
6563,阴,3620,玥,1
6563,阴,4065,硐,1
6563,阴,6569,阿,1
6563,阴,6587,院,1
6564,阵,4036,砗,1
6564,阵,6556,阡,1
6564,阵,6573,际,1
6564,阵,6580,降,1
6565,阶,2978,沂,1
6565,阶,5321,蚧,1
6565,阶,6556,阡,1
6565,阶,6580,降,1
6566,阻,2420,旧,1
6566,阻,6327,钽,1
6566,阻,6563,阴,1
6567,阼,5630,诈,1
6569,阿,6320,钶,1
6570,陀,6557,阢,1
6571,陂,2102,披,1
6572,附,6569,阿,1
6572,附,6843,驸,1
6573,际,3647,珩,1
6573,际,6556,阡,1
6573,际,6567,阼,1
6573,际,6613,隳,1
6574,陆,6583,陕,1
6574,陆,6586,陡,1
6574,陆,6593,陬,1
6575,陇,767,咙,1
6575,陇,3048,泷,1
6575,陇,3640,珑,1
6576,陈,6561,防,1
6576,陈,6573,际,1
6578,陋,6604,随,1
6579,陌,3021,泊,1
6579,陌,6562,阳,1
6579,陌,6568,阽,1
6579,陌,6578,陋,1
6580,降,5144,萍,1
6580,降,6594,陲,1
6581,限,1088,垠,1
6581,限,4927,艮,1
6581,限,6567,阼,1
6581,限,6601,隈,1
6583,陕,3087,浃,1
6584,陛,5039,茳,1
6584,陛,6589,陧,1
6585,陟,6586,陡,1
6586,陡,1793,徒,1
6586,陡,6714,顶,1
6587,院,6559,阮,1
6587,院,6570,陀,1
6587,院,6582,陔,1
6588,除,3249,滁,1
6588,除,3558,狳,1
6588,除,6591,险,1
6590,陨,145,仰,1
6590,陨,354,允,1
6590,陨,2197,损,1
6590,陨,6715,顷,1
6590,陨,6729,颅,1
6591,险,1594,嵫,1
6591,险,2505,曈,1
6591,险,6364,铨,1
6591,险,6573,际,1
6591,险,6575,陇,1
6591,险,6577,陉,1
6591,险,6603,隍,1
6592,陪,851,唼,1
6592,陪,1967,愔,1
6592,陪,2216,掊,1
6592,陪,2252,揞,1
6592,陪,6605,隐,1
6592,陪,6610,障,1
6593,陬,301,倻,1
6596,陵,5735,谴,1
6597,陶,861,啕,1
6597,陶,2219,掏,1
6597,陶,3535,狃,1
6598,陷,5915,蹁,1
6599,隅,1914,悝,1
6599,隅,1971,愠,1
6599,隅,4814,脶,1
6599,隅,6578,陋,1
6600,隆,6615,隹,1
6603,隍,6589,陧,1
6604,随,930,嗨,1
6604,随,3456,熥,1
6604,随,6051,迫,1
6604,随,6578,陋,1
6604,随,6602,隋,1
6605,隐,4048,砭,1
6605,隐,6577,陉,1
6605,隐,6588,除,1
6605,隐,6598,陷,1
6605,隐,6801,饺,1
6608,隘,5720,谥,1
6609,隙,2489,晾,1
6609,隙,5904,踪,1
6609,隙,6564,阵,1
6609,隙,6573,际,1
6609,隙,6576,陈,1
6609,隙,6588,除,1
6610,障,1662,幛,1
6610,障,6556,阡,1
6610,障,6580,降,1
6611,隧,923,嗞,1
6611,隧,6576,陈,1
6614,隶,4179,秉,1
6614,隶,4718,聿,1
6615,隹,192,住,1
6617,隽,6623,集,1
6618,难,1837,忾,1
6618,难,1942,惟,1
6618,难,2378,整,1
6618,难,4085,碓,1
6619,雀,360,光,1
6619,雀,1784,径,1
6619,雀,5210,蓓,1
6620,雁,1253,妊,1
6620,雁,2395,斧,1
6620,雁,5147,萑,1
6620,雁,6197,配,1
6621,雄,1131,堆,1
6621,雄,4085,碓,1
6621,雄,4773,胤,1
6622,雅,4620,罹,1
6622,雅,5985,辁,1
6622,雅,6868,骓,1
6623,集,323,傈,1
6623,集,4876,臬,1
6623,集,6250,采,1
6623,集,6616,隼,1
6624,雇,1437,宿,1
6624,雇,1492,屁,1
6624,雇,1784,径,1
6624,雇,5495,袪,1
6624,雇,6619,雀,1
6624,雇,6620,雁,1
6626,雌,968,噍,1
6626,雌,1862,性,1
6627,雍,1451,寤,1
6627,雍,1801,循,1
6628,雎,3949,眠,1
6628,雎,3969,睚,1
6628,雎,6868,骓,1
6629,雏,3805,疰,1
6629,雏,3972,睢,1
6629,雏,6266,鍠,1
6629,雏,6630,雒,1
6629,雏,6632,雠,1
6630,雒,6629,雏,1
6631,雕,1651,帷,1
6631,雕,2524,朊,1
6631,雕,6212,酩,1
6631,雕,6244,醮,1
6633,雨,2435,昀,1
6633,雨,6563,阴,1
6634,雩,6641,雾,1
6635,雪,1759,当,1
6635,雪,4229,穸,1
6635,雪,6636,雯,1
6636,雯,4675,耍,1
6637,雳,5551,要,1
6637,雳,6634,雩,1
6638,零,4177,秃,1
6639,雷,3767,留,1
6639,雷,5552,覃,1
6640,雹,1623,巷,1
6640,雹,6848,驽,1
6641,雾,722,吾,1
6641,雾,6638,零,1
6642,需,5338,蛊,1
6642,需,6639,雷,1
6644,霄,1431,宵,1
6644,霄,3773,番,1
6644,霄,4658,翦,1
6646,震,1407,宏,1
6648,霉,5552,覃,1
6648,霉,6650,霎,1
6649,霍,1569,崔,1
6649,霍,5147,萑,1
6649,霍,6262,銮,1
6649,霍,6656,霪,1
6649,霍,6657,霭,1
6650,霎,5551,要,1
6651,霏,4615,罪,1
6651,霏,6647,霈,1
6652,霓,366,兖,1
6652,霓,5557,觅,1
6654,霜,6190,鄹,1
6655,霞,6658,霰,1
6658,霰,6655,霞,1
6659,露,6655,霞,1
6659,露,6657,霭,1
6661,霹,5259,薜,1
6661,霹,6644,霄,1
6662,霾,6643,霁,1
6663,青,1686,库,1
6663,青,2573,杳,1
6663,青,3944,看,1
6663,青,5164,著,1
6663,青,5767,责,1
6663,青,6902,高,1
6664,靓,5325,蚬,1
6665,靖,1327,婧,1
6665,靖,4015,矫,1
6665,靖,4271,端,1
6665,靖,6978,鲭,1
6666,静,2290,搿,1
6666,静,4717,聱,1
6666,静,5578,觯,1
6666,静,6013,辞,1
6666,静,6664,靓,1
6667,靛,6664,靓,1
6668,非,410,冰,1
6668,非,749,呷,1
6668,非,1725,廾,1
6668,非,1942,惟,1
6668,非,2112,拃,1
6668,非,4529,绯,1
6668,非,5133,菲,1
6669,靠,3402,烤,1
6669,靠,4436,系,1
6669,靠,5250,蕹,1
6669,靠,6651,霏,1
6670,靡,1121,埭,1
6670,靡,4429,糜,1
6670,靡,4518,绣,1
6670,靡,5287,蘼,1
6670,靡,6651,霏,1
6671,面,178,伯,1
6671,面,3209,湎,1
6671,面,3891,百,1
6671,面,4019,石,1
6671,面,4674,而,1
6671,面,5457,血,1
6671,面,5550,西,1
6671,面,6078,通,1
6673,革,4266,章,1
6673,革,4938,节,1
6673,革,4942,芋,1
6673,革,4948,芗,1
6673,革,5008,苹,1
6673,革,5043,茸,1
6673,革,5052,草,1
6673,革,5066,荣,1
6673,革,5197,蒹,1
6674,靰,4902,航,1
6675,靳,6674,靰,1
6677,靶,5171,葩,1
6677,靶,5566,觏,1
6683,鞁,6675,靳,1
6683,鞁,6697,鞭,1
6684,鞅,5974,轶,1
6685,鞋,583,协,1
6685,鞋,5053,荏,1
6686,鞍,5269,藉,1
6686,鞍,6330,铀,1
6686,鞍,6692,鞡,1
6690,鞘,5971,轳,1
6690,鞘,6675,靳,1
6690,鞘,6683,鞁,1
6690,鞘,6694,鞧,1
6691,鞠,5963,轫,1
6695,鞨,7076,鹑,1
6697,鞭,5832,赧,1
6698,鞯,6690,鞘,1
6700,鞴,6698,鞯,1
6700,鞴,6699,鞲,1
6700,鞴,6701,韂,1
6702,韦,35,串,1
6702,韦,78,事,1
6702,韦,1740,弗,1
6702,韦,2584,枋,1
6707,韫,3197,温,1
6708,韬,4216,稻,1
6709,韭,20,业,1
6709,韭,1926,悲,1
6709,韭,2355,改,1
6709,韭,5133,菲,1
6709,韭,6668,非,1
6710,音,722,吾,1
6710,音,1273,妾,1
6710,音,2445,昔,1
6711,韵,1752,弱,1
6711,韵,7043,鸮,1
6712,韶,4497,绍,1
6712,韶,5527,裾,1
6713,页,361,克,1
6713,页,736,员,1
6713,页,5765,贡,1
6714,顶,2088,抔,1
6714,顶,2197,损,1
6714,顶,3138,涢,1
6715,顷,1040,圻,1
6715,顷,1106,埇,1
6715,顷,1470,尕,1
6717,项,1048,坎,1
6717,项,2841,次,1
6717,项,6715,顷,1
6717,项,6724,颀,1
6718,顺,787,咽,1
6718,顺,1631,师,1
6718,顺,5562,觊,1
6718,顺,6715,顷,1
6719,须,1784,径,1
6719,须,2844,欤,1
6719,须,4478,纹,1
6719,须,6051,迫,1
6719,须,6718,顺,1
6719,须,6724,颀,1
6719,须,6789,饮,1
6721,顽,1745,弥,1
6721,顽,6716,顸,1
6721,顽,6717,项,1
6721,顽,6720,顼,1
6722,顾,2843,欣,1
6722,顾,2845,欧,1
6722,顾,6590,陨,1
6722,顾,6724,颀,1
6723,顿,6720,顼,1
6723,顿,6722,顾,1
6725,颁,6740,频,1
6726,颂,2844,欤,1
6726,颂,4515,绠,1
6726,颂,6427,锨,1
6726,颂,6736,颌,1
6726,颂,6788,饭,1
6727,颃,6789,饮,1
6728,预,4009,矜,1
6728,预,6716,顸,1
6729,颅,6740,频,1
6730,领,3537,狈,1
6730,领,6304,钦,1
6730,领,6732,颈,1
6730,领,6736,颌,1
6730,领,6789,饮,1
6731,颇,6741,颓,1
6732,颈,1380,孜,1
6732,颈,6725,颁,1
6732,颈,6726,颂,1
6732,颈,6736,颌,1
6734,颊,2683,桢,1
6734,颊,3403,烦,1
6734,颊,4931,艳,1
6736,颌,4067,硕,1
6736,颌,6733,颉,1
6736,颌,6742,颔,1
6737,颍,6743,颖,1
6739,颐,4873,臣,1
6739,颐,6720,顼,1
6740,频,2566,杨,1
6740,频,2854,歇,1
6741,颓,4067,硕,1
6743,颖,3785,疑,1
6744,颗,6746,颙,1
6745,题,1969,愚,1
6745,题,1992,憋,1
6745,题,5905,踬,1
6747,颚,5704,谔,1
6747,颚,6180,鄂,1
6748,颛,6752,颟,1
6749,颜,2853,歆,1
6749,颜,6728,预,1
6749,颜,6756,颤,1
6750,额,6304,钦,1
6750,额,6738,颏,1
6750,额,6739,颐,1
6750,额,6741,颓,1
6750,额,6748,颛,1
6750,额,6749,颜,1
6750,额,6757,颥,1
6755,颢,1775,影,1
6755,颢,6747,颚,1
6759,颧,5222,蔌,1
6760,风,432,凡,1
6760,风,433,凤,1
6760,风,1074,垂,1
6760,风,2958,汛,1
6762,飑,6761,飐,1
6763,飒,4471,纲,1
6763,飒,4646,翊,1
6763,飒,6738,颏,1
6768,飘,3720,瓢,1
6771,飞,570,匹,1
6771,飞,571,区,1
6771,飞,2859,正,1
6772,食,127,仓,1
6772,食,1833,念,1
6772,食,1838,忿,1
6772,食,3724,瓮,1
6773,飧,3354,灬,1
6774,飨,2409,旋,1
6776,餐,6777,餮,1
6778,饔,5096,莨,1
6778,饔,5510,裔,1
6779,饕,3712,璩,1
6781,饥,121,仉,1
6781,饥,5599,讥,1
6781,饥,6285,钒,1
6781,饥,6784,饩,1
6783,饨,2985,沌,1
6784,饩,1031,圪,1
6788,饭,4513,绞,1
6788,饭,6808,馃,1
6789,饮,161,伐,1
6789,饮,206,你,1
6789,饮,735,呗,1
6789,饮,2844,欤,1
6789,饮,6304,钦,1
6789,饮,6788,饭,1
6790,饯,3088,浅,1
6790,饯,4483,线,1
6790,饯,6351,铙,1
6790,饯,6797,饶,1
6791,饰,4307,筋,1
6791,饰,5324,蚪,1
6792,饱,3034,泡,1
6792,饱,4272,竹,1
6792,饱,5861,跄,1
6792,饱,6784,饩,1
6792,饱,6795,饴,1
6793,饲,747,呵,1
6793,饲,4013,矧,1
6793,饲,4460,约,1
6793,饲,5626,诃,1
6793,饲,6326,钼,1
6793,饲,6514,闳,1
6793,饲,6792,饱,1
6794,饳,4059,础,1
6794,饳,5308,蚀,1
6794,饳,6806,馀,1
6796,饵,3075,洱,1
6796,饵,6569,阿,1
6796,饵,6950,鲌,1
6797,饶,236,侥,1
6797,饶,804,哓,1
6797,饶,3090,浇,1
6797,饶,3641,珙,1
6797,饶,4467,纭,1
6797,饶,5886,跷,1
6797,饶,6351,铙,1
6797,饶,6784,饩,1
6799,饸,6984,鲳,1
6801,饺,219,佼,1
6801,饺,6784,饩,1
6801,饺,6788,饭,1
6802,饻,6801,饺,1
6804,饽,3109,浡,1
6805,饿,4072,硪,1
6806,馀,5369,蜍,1
6806,馀,5806,赊,1
6806,馀,6474,镙,1
6807,馁,4303,笾,1
6807,馁,4520,绥,1
6808,馃,6418,锞,1
6809,馄,6341,铌,1
6809,馄,6795,饴,1
6810,馅,6598,陷,1
6810,馅,6795,饴,1
6810,馅,6798,饷,1
6811,馆,2473,晗,1
6811,馆,3672,琯,1
6811,馆,4544,绾,1
6811,馆,5308,蚀,1
6811,馆,7042,鸭,1
6813,馈,6800,饹,1
6816,馋,291,倥,1
6817,馌,5308,蚀,1
6817,馌,6812,馇,1
6818,馍,804,哓,1
6818,馍,919,嗔,1
6818,馍,5714,谟,1
6819,馏,3232,溜,1
6819,馏,5927,蹓,1
6819,馏,6814,馉,1
6822,馒,1660,幔,1
6822,馒,1985,慢,1
6822,馒,3119,浸,1
6822,馒,4536,绶,1
6822,馒,4581,缦,1
6822,馒,5716,谡,1
6822,馒,6473,镘,1
6822,馒,6815,馊,1
6823,馓,5942,蹾,1
6826,首,1672,幺,1
6826,首,1903,恿,1
6826,首,3190,渚,1
6826,首,3891,百,1
6826,首,3914,益,1
6826,首,3932,盲,1
6826,首,4875,自,1
6826,首,5030,茜,1
6826,首,5047,荀,1
6826,首,5586,詹,1
6827,馗,3814,疽,1
6829,香,2517,曹,1
6829,香,2594,枣,1
6829,香,3773,番,1
6829,香,4175,秀,1
6829,香,4177,秃,1
6829,香,6254,重,1
6829,香,7058,鸾,1
6832,马,52,乌,1
6832,马,3609,玎,1
6832,马,6771,飞,1
6833,驭,2844,欤,1
6833,驭,4131,祀,1
6833,驭,6146,邹,1
6834,驮,1,一,1
6834,驮,6851,骀,1
6837,驱,3538,狉,1
6837,驱,4243,窕,1
6837,驱,5954,躯,1
6837,驱,6868,骓,1
6838,驳,1380,孜,1
6838,驳,6863,骎,1
6839,驴,1383,孢,1
6839,驴,2844,欤,1
6839,驴,6143,邵,1
6840,驵,1277,姐,1
6846,驻,4048,砭,1
6846,驻,5996,辌,1
6846,驻,6833,驭,1
6846,驻,6844,驹,1
6846,驻,6847,驼,1
6846,驻,6868,骓,1
6847,驼,1383,孢,1
6847,驼,1749,弪,1
6847,驼,4042,砣,1
6847,驼,4911,舵,1
6847,驼,6836,驰,1
6847,驼,6839,驴,1
6847,驼,6846,驻,1
6848,驽,7051,鸷,1
6849,驾,827,哿,1
6849,驾,5992,辈,1
6849,驾,6848,驽,1
6853,骂,739,呜,1
6853,骂,806,哕,1
6853,骂,1624,巽,1
6853,骂,3894,皆,1
6853,骂,5023,茑,1
6853,骂,6849,驾,1
6854,骄,1555,峤,1
6854,骄,1746,弦,1
6854,骄,6565,阶,1
6856,骆,1749,弪,1
6856,骆,4023,矽,1
6856,骆,5882,路,1
6856,骆,6845,驺,1
6856,骆,6851,骀,1
6857,骇,5801,赅,1
6858,骈,3664,琤,1
6858,骈,5820,赚,1
6861,验,1388,孩,1
6861,验,2879,殓,1
6861,验,4779,胫,1
6861,验,5976,轸,1
6861,验,5985,辁,1
6861,验,6869,骖,1
6862,骍,6858,骈,1
6862,骍,6867,骒,1
6863,骎,1,一,1
6863,骎,6864,骏,1
6864,骏,6857,骇,1
6864,骏,6863,骎,1
6865,骐,6594,陲,1
6866,骑,3776,畴,1
6868,骓,6622,雅,1
6870,骗,1333,婷,1
6870,骗,5915,蹁,1
6872,骙,3980,睽,1
6873,骚,2230,掩,1
6874,骛,7097,鹭,1
6877,骞,5919,蹇,1
6878,骟,6870,骗,1
6880,骡,1352,嫘,1
6881,骢,6867,骒,1
6883,骤,6867,骒,1
6883,骤,6879,骠,1
6886,骨,798,响,1
6886,骨,2441,昌,1
6886,骨,4171,禺,1
6886,骨,4850,膏,1
6886,骨,4993,苛,1
6893,骼,6212,酩,1
6895,髁,6894,髀,1
6896,髂,1437,宿,1
6896,髂,2411,旎,1
6896,髂,6631,雕,1
6897,髅,7070,鹊,1
6899,髌,5902,踣,1
6902,高,101,享,1
6902,高,4173,禽,1
6902,高,5121,菖,1
6903,髟,1773,彭,1
6905,髦,3677,琶,1
6907,髭,5829,赣,1
6907,髭,6905,髦,1
6911,鬃,1610,巢,1
6911,鬃,6910,髻,1
6911,鬃,6916,鬣,1
6911,鬃,7008,鳌,1
6914,鬓,6911,鬃,1
6914,鬓,6915,鬟,1
6915,鬟,4714,聚,1
6916,鬣,6903,髟,1
6917,鬯,440,凶,1
6921,鬼,490,剌,1
6921,鬼,1408,宓,1
6921,鬼,6646,震,1
6922,魁,6921,鬼,1
6923,魂,3120,浼,1
6923,魂,3692,瑰,1
6923,魂,4475,纶,1
6923,魂,5662,诨,1
6923,魂,5687,谂,1
6923,魂,5717,谢,1
6923,魂,5993,辉,1
6924,魃,6926,魅,1
6925,魄,3974,睥,1
6928,魇,1454,寮,1
6928,魇,1703,庵,1
6930,魉,6578,陋,1
6932,魏,1605,巍,1
6932,魏,6006,辖,1
6932,魏,6741,颓,1
6934,魔,5292,虑,1
6934,魔,6607,隗,1
6934,魔,7117,麽,1
6935,鱼,23,丝,1
6935,鱼,214,佰,1
6935,鱼,6051,迫,1
6935,鱼,6085,逢,1
6935,鱼,6671,面,1
6941,鲂,6945,鲇,1
6945,鲇,6941,鲂,1
6946,鲈,1078,垆,1
6946,鲈,4778,胪,1
6946,鲈,6839,驴,1
6949,鲋,5870,跗,1
6951,鲍,4042,砣,1
6951,鲍,6792,饱,1
6951,鲍,6959,鲙,1
6953,鲏,3905,皱,1
6956,鲒,6945,鲇,1
6956,鲒,6955,鲑,1
6957,鲔,6347,铕,1
6959,鲙,4507,绘,1
6960,鲚,7162,鼾,1
6961,鲛,6953,鲏,1
6961,鲛,6993,鲼,1
6961,鲛,7103,鹾,1
6962,鲜,1788,徉,1
6962,鲜,6944,鲆,1
6966,鲡,6227,酾,1
6968,鲣,6969,鲤,1
6968,鲣,6994,鲽,1
6969,鲤,726,呈,1
6969,鲤,5982,轾,1
6969,鲤,6390,锂,1
6969,鲤,6968,鲣,1
6969,鲤,6980,鲯,1
6970,鲥,6949,鲋,1
6971,鲦,4212,稣,1
6971,鲦,6962,鲜,1
6972,鲧,3203,游,1
6972,鲧,6971,鲦,1
6973,鲨,3189,渗,1
6974,鲩,5390,蜿,1
6976,鲫,6139,邰,1
6976,鲫,6944,鲆,1
6976,鲫,6958,鲕,1
6977,鲬,7006,鳊,1
6978,鲭,4092,碡,1
6980,鲯,6965,鲠,1
6985,鲴,6988,鲷,1
6989,鲸,2374,敫,1
6989,鲸,3893,的,1
6989,鲸,4212,稣,1
6989,鲸,6955,鲑,1
6989,鲸,6964,鲟,1
6989,鲸,7013,鳑,1
6989,鲸,7134,黥,1
6991,鲺,6942,鲃,1
6995,鲾,6918,鬲,1
6998,鳂,4553,缇,1
6999,鳃,4557,缌,1
6999,鳃,6951,鲍,1
6999,鳃,6998,鳂,1
7000,鳄,4504,绔,1
7000,鳄,5704,谔,1
7000,鳄,7028,鳤,1
7001,鳅,6995,鲾,1
7003,鳇,6969,鲤,1
7004,鳈,44,丿,1
7005,鳉,6935,鱼,1
7006,鳊,5915,蹁,1
7006,鳊,6978,鲭,1
7008,鳌,6269,鏊,1
7009,鳍,4567,缗,1
7009,鳍,6978,鲭,1
7010,鳎,6983,鲲,1
7012,鳐,6972,鲧,1
7013,鳑,6466,镑,1
7016,鳕,5934,蹭,1
7016,鳕,7020,鳙,1
7017,鳖,2490,暂,1
7017,鳖,5932,蹩,1
7017,鳖,7019,鳘,1
7024,鳞,1600,嶙,1
7024,鳞,4002,瞵,1
7024,鳞,4070,硚,1
7024,鳞,6955,鲑,1
7029,鸟,441,凸,1
7029,鸟,6136,邬,1
7030,鸠,1057,坞,1
7030,鸠,2692,桴,1
7030,鸠,3590,猸,1
7031,鸡,7035,鸥,1
7032,鸢,1382,孟,1
7033,鸣,768,咚,1
7033,鸣,1374,孕,1
7035,鸥,1252,妈,1
7035,鸥,2845,欧,1
7035,鸥,7034,鸤,1
7036,鸦,2600,枭,1
7036,鸦,3615,玛,1
7036,鸦,4203,稆,1
7036,鸦,6135,邪,1
7036,鸦,6881,骢,1
7036,鸦,7031,鸡,1
7037,鸨,7034,鸤,1
7040,鸫,6695,鞨,1
7042,鸭,5310,蚂,1
7042,鸭,6457,镈,1
7043,鸮,7037,鸨,1
7044,鸯,7032,鸢,1
7045,鸰,7043,鸮,1
7045,鸰,7057,鸽,1
7047,鸲,1202,够,1
7048,鸳,3889,登,1
7048,鸳,3950,眢,1
7048,鸳,4443,絮,1
7048,鸳,7032,鸢,1
7048,鸳,7058,鸾,1
7048,鸳,7095,鹫,1
7049,鸵,197,佗,1
7049,鸵,6851,骀,1
7051,鸷,532,势,1
7052,鸸,477,刷,1
7052,鸸,7062,鹂,1
7053,鸹,7039,鸪,1
7054,鸺,7046,鸱,1
7055,鸻,5460,行,1
7055,鸻,7036,鸦,1
7057,鸽,1785,待,1
7057,鸽,6306,钨,1
7057,鸽,7059,鸿,1
7057,鸽,7064,鹄,1
7058,鸾,6874,骛,1
7059,鸿,1517,屿,1
7059,鸿,2954,汐,1
7059,鸿,2994,沟,1
7059,鸿,3051,泻,1
7059,鸿,3203,游,1
7059,鸿,7033,鸣,1
7060,鹀,3612,玖,1
7063,鹃,2486,晶,1
7063,鹃,6599,隅,1
7063,鹃,6984,鲳,1
7063,鹃,7043,鸮,1
7063,鹃,7070,鹊,1
7063,鹃,7081,鹛,1
7065,鹅,2567,杩,1
7065,鹅,7069,鹉,1
7066,鹆,7057,鸽,1
7070,鹊,4133,祃,1
7070,鹊,5103,莳,1
7070,鹊,7061,鹁,1
7070,鹊,7064,鹄,1
7070,鹊,7083,鹝,1
7071,鹋,7070,鹊,1
7073,鹎,3744,甪,1
7073,鹎,7072,鹌,1
7074,鹏,3972,睢,1
7075,鹐,441,凸,1
7076,鹑,7073,鹎,1
7077,鹕,7076,鹑,1
7078,鹗,7043,鸮,1
7078,鹗,7077,鹕,1
7078,鹗,7098,鹮,1
7080,鹚,7078,鹗,1
7081,鹛,7080,鹚,1
7082,鹜,6875,骜,1
7082,鹜,7081,鹛,1
7083,鹝,2877,殍,1
7084,鹞,6370,铮,1
7084,鹞,7082,鹜,1
7088,鹣,7068,鹈,1
7088,鹣,7084,鹞,1
7089,鹤,5380,蜢,1
7089,鹤,6547,阕,1
7089,鹤,7038,鸩,1
7089,鹤,7087,鹡,1
7090,鹦,7078,鹗,1
7091,鹧,7088,鹣,1
7092,鹨,7091,鹧,1
7093,鹩,6187,鄣,1
7093,鹩,7092,鹨,1
7094,鹪,7093,鹩,1
7095,鹫,7094,鹪,1
7096,鹬,7095,鹫,1
7099,鹰,1712,廋,1
7099,鹰,4862,膺,1
7100,鹱,4727,肓,1
7102,鹳,7071,鹋,1
7104,鹿,569,匮,1
7104,鹿,1704,庶,1
7105,麂,1704,庶,1
7106,麇,3342,瀍,1
7106,麇,4429,糜,1
7106,麇,7107,麈,1
7107,麈,1713,廑,1
7107,麈,7108,麋,1
7113,麦,646,反,1
7113,麦,1228,奏,1
7113,麦,2673,桊,1
7113,麦,4966,芰,1
7114,麴,5117,菊,1
7115,麸,5322,蚨,1
7116,麻,1648,席,1
7116,麻,1959,愀,1
7119,黄,4937,艿,1
7119,黄,5170,董,1
7119,黄,5265,薰,1
7119,黄,5397,蝗,1
7120,黇,6941,鲂,1
7122,黍,2538,本,1
7122,黍,4179,秉,1
7125,黑,965,嘿,1
7125,黑,1415,宜,1
7125,黑,1453,寨,1
7126,黔,3619,玢,1
7126,黔,4706,聆,1
7126,黔,6903,髟,1
7126,黔,7068,鹈,1
7126,黔,7130,黝,1
7126,黔,7131,黟,1
7129,黜,7127,默,1
7129,黜,7134,黥,1
7131,黟,6933,魑,1
7133,黢,7131,黟,1
7133,黢,7138,黯,1
7134,黥,6255,野,1
7134,黥,7138,黯,1
7135,黧,6265,錾,1
7136,黩,5432,蟆,1
7137,黪,701,吟,1
7137,黪,4758,胃,1
7138,黯,4487,练,1
7138,黯,6232,醋,1
7146,鼐,7145,鼎,1
7151,鼠,4280,笊,1
7152,鼢,7086,鹠,1
7153,鼩,4531,绱,1
7154,鼫,2374,敫,1
7158,鼷,5922,蹊,1
7158,鼷,7159,鼹,1
7159,鼹,204,佞,1
7159,鼹,7156,鼯,1
7160,鼻,2480,晨,1
7160,鼻,4444,絷,1
7163,齁,513,劓,1
7163,齁,7157,鼱,1
7165,齉,7163,齁,1
7166,齐,59,乔,1
7166,齐,699,吝,1
7166,齐,2395,斧,1
7166,齐,2943,氵,1
7168,齿,443,出,1
7168,齿,572,医,1
7170,龁,7165,齉,1
7172,龄,7170,龁,1
7179,龋,5913,踽,1
7179,龋,6787,饬,1
7181,龙,355,元,1
7181,龙,431,几,1
7181,龙,1476,尢,1
7181,龙,1513,屯,1
7181,龙,2014,戈,1
7182,龚,4284,笔,1
7184,龟,364,兔,1
7184,龟,551,包,1
7184,龟,1401,宅,1
7184,龟,4233,窀,1
7184,龟,4930,色,1
7185,龠,1443,富,1
