target,target_label,prediction,prediction_label,count
7033,鸣,739,呜,42
3970,睛,2485,晴,40
656,口,999,囗,37
660,叨,678,叼,37
1370,子,1371,孑,34
5595,计,2947,汁,31
2780,榛,2764,楱,30
7029,鸟,52,乌,30
1619,己,1620,已,28
2512,曰,2418,日,28
576,千,1667,干,27
1620,已,1619,己,26
5652,诞,3126,涎,26
5671,诲,3118,海,26
5674,诵,3125,涌,26
5691,谆,3175,淳,26
2074,扶,2083,抉,25
1184,士,598,卤,24
1210,夭,1206,天,24
5651,话,3082,活,24
5703,谓,3199,渭,24
480,刺,490,剌,23
5621,设,2995,没,23
5677,诸,3190,渚,23
5731,谰,3322,澜,23
2949,汆,2945,氽,22
5620,讽,3001,沨,22
5649,诛,3064,洙,22
6397,锉,4016,矬,22
1621,巳,1620,已,21
3062,洒,6201,酒,21
5628,诅,3006,沮,21
5719,谤,3250,滂,21
1620,已,1621,巳,20
2418,日,2512,曰,20
2946,汀,5596,订,20
4411,粱,2695,梁,20
5676,请,3180,清,20
5693,谈,3168,淡,20
5697,谍,3198,渫,20
5724,谩,3288,漫,20
5728,谭,3307,潭,20
3481,父,2352,攵,19
4264,竞,4265,竟,19
4265,竟,4264,竞,19
5680,读,3184,渎,19
4725,肋,523,助,18
4747,育,4727,肓,18
5666,语,3116,浯,18
739,呜,7033,鸣,17
4947,芒,4952,芝,17
5608,讯,2958,汛,17
5686,谁,3173,淮,17
6576,陈,6564,阵,17
99,亨,101,享,16
1144,堤,2249,提,16
1185,壬,3608,王,16
2235,掰,2290,搿,16
2370,敞,2369,敝,16
2485,晴,3970,睛,16
5524,裸,4158,祼,16
5618,论,2999,沦,16
5639,译,3053,泽,16
5700,谐,3216,湝,16
5732,谱,3315,潽,16
415,冶,3012,治,15
1784,径,4499,经,15
1797,徙,1793,徒,15
5596,订,2946,汀,15
5656,询,3079,洵,15
54,乎,2052,手,14
1888,恩,1857,思,14
2958,汛,5608,讯,14
3099,浑,5662,诨,14
3902,皙,2484,晳,14
5660,详,3058,洋,14
5681,诼,3152,涿,14
60,乖,61,乘,13
279,倍,262,信,13
449,刁,448,刀,13
999,囗,656,口,13
1027,土,598,卤,13
1807,徽,1803,微,13
2083,抉,2074,扶,13
2536,未,2537,末,13
2945,氽,2949,汆,13
2977,沁,3022,泌,13
3082,活,5651,话,13
3083,洼,5644,诖,13
3125,涌,5674,诵,13
3175,淳,5691,谆,13
3180,清,5676,请,13
3284,漠,5714,谟,13
3623,玫,3612,玖,13
4338,算,4332,箅,13
4675,耍,5551,要,13
5199,蒽,5179,葸,13
5828,赢,5445,蠃,13
6212,酩,6213,酪,13
6307,钩,6305,钧,13
129,仕,151,任,12
777,咪,746,味,12
3307,潭,5728,谭,12
3623,玫,3616,玟,12
3853,瘐,3864,瘦,12
4961,芫,4951,芜,12
5101,莱,5123,菜,12
5145,萎,5186,蒌,12
5372,蜓,5371,蜒,12
5483,袄,4134,祆,12
6025,迁,6026,迂,12
7108,麋,7106,麇,12
15,且,2419,旦,11
57,乒,380,兵,11
355,元,2416,无,11
418,冼,3063,洗,11
431,几,352,儿,11
578,升,1727,开,11
1277,姐,1270,妲,11
1796,徘,4529,绯,11
2141,拨,2126,拔,11
2466,晌,798,响,11
2484,晳,3902,皙,11
2957,汗,5600,讦,11
2995,没,5621,设,11
2999,沦,5618,论,11
3039,泪,3006,沮,11
3055,洁,5646,诘,11
3104,浙,3155,淅,11
3118,海,5671,诲,11
3123,消,3159,淌,11
3909,盂,1382,孟,11
5041,茵,5118,菌,11
5096,莨,5029,茛,11
5550,西,6193,酉,11
51,之,93,亡,10
106,亳,2908,毫,10
118,仅,646,反,10
352,儿,431,几,10
433,凤,6760,风,10
490,剌,480,刺,10
609,卵,604,卯,10
639,叁,640,参,10
678,叼,660,叨,10
1208,夫,1209,夬,10
1349,嫒,1338,媛,10
1367,嬴,5828,赢,10
1456,寸,2053,扌,10
1857,思,1888,恩,10
1934,惊,1933,惇,10
2537,末,2536,未,10
2561,束,2628,柬,10
2569,杭,2091,抗,10
2624,柠,2140,拧,10
2667,桃,2162,挑,10
2908,毫,106,亳,10
2947,汁,5595,计,10
2956,汕,5604,讪,10
2967,汩,2966,汨,10
2997,沤,5612,讴,10
3126,涎,5652,诞,10
3288,漫,5724,谩,10
3612,玖,3623,玫,10
3864,瘦,3853,瘐,10
3935,盹,4742,肫,10
4134,祆,5483,袄,10
4137,祎,5485,袆,10
4146,祟,1567,崇,10
4434,糵,5282,蘖,10
4618,署,2495,暑,10
5019,茉,5038,茱,10
5106,获,5107,莸,10
5116,菇,5044,茹,10
5615,讷,2969,汭,10
5633,诋,3031,泜,10
5696,谌,3214,湛,10
5787,贷,5771,货,10
6017,辩,6018,辫,10
6026,迂,6025,迁,10
6032,运,6040,远,10
6237,醒,6219,酲,10
51,之,6021,辶,9
152,份,172,伤,9
162,休,195,体,9
184,伺,196,何,9
465,创,469,刨,9
494,剔,471,别,9
1048,坎,1056,坝,9
1296,威,785,咸,9
1382,孟,3909,盂,9
1709,庾,1712,廋,9
1726,廿,3736,甘,9
1742,弛,6836,驰,9
1905,悄,1941,惝,9
2423,旬,3755,甸,9
2452,昧,746,味,9
2666,桂,2157,挂,9
2693,桶,2186,捅,9
2809,模,2305,摸,9
2829,檀,2332,擅,9
2894,毋,2895,母,9
2921,氓,3042,泯,9
2950,汇,2962,江,9
2962,江,2950,汇,9
2966,汨,2967,汩,9
3006,沮,5628,诅,9
3053,泽,5639,译,9
3191,渝,5705,谕,9
3199,渭,5703,谓,9
3608,王,86,五,9
3814,疽,3811,疸,9
4001,瞳,2505,曈,9
4008,矛,76,予,9
4435,糸,4436,系,9
5042,茶,5082,荼,9
5123,菜,5101,莱,9
5249,蕴,5247,蕰,9
5258,薛,5259,薜,9
5640,诒,3012,治,9
5646,诘,3055,洁,9
5667,诮,3123,消,9
5702,谒,3202,渴,9
5828,赢,1367,嬴,9
6201,酒,3062,洒,9
6563,阴,6562,阳,9
52,乌,7029,鸟,8
172,伤,152,份,8
192,住,6615,隹,8
344,僳,323,傈,8
373,公,49,么,8
396,冒,2441,昌,8
1011,困,1007,团,8
1118,域,1108,城,8
1270,妲,1277,姐,8
1371,孑,1370,子,8
1375,字,1402,宇,8
1471,尖,1472,尘,8
2053,扌,1456,寸,8
2135,拢,2072,扰,8
2183,挽,2199,换,8
2352,攵,1191,夂,8
2496,暖,2499,暧,8
2499,暧,2496,暖,8
2539,札,2055,扎,8
2542,朴,2056,扑,8
2556,村,2555,材,8
2564,来,4677,耒,8
2818,橇,2321,撬,8
3058,洋,5660,详,8
3063,洗,418,冼,8
3183,渍,3224,溃,8
3322,澜,5731,谰,8
3616,玟,3623,玫,8
3956,眯,2452,昧,8
4139,祖,5489,袒,8
4296,第,4295,笫,8
4405,粟,2650,栗,8
4436,系,4435,糸,8
4517,绢,3128,涓,8
4996,苟,4992,苘,8
5463,街,5462,衔,8
5561,觉,367,党,8
5637,诏,3013,沼,8
5638,诐,3035,波,8
5644,诖,3083,洼,8
5690,谅,5691,谆,8
5705,谕,3191,渝,8
5714,谟,3284,漠,8
5720,谥,3235,溢,8
5735,谴,6110,遣,8
5797,赁,435,凭,8
6018,辫,6017,辩,8
6368,铬,6369,铭,8
6622,雅,4209,稚,8
28,丧,5470,表,7
58,乓,380,兵,7
61,乘,60,乖,7
138,代,161,伐,7
284,倘,252,俏,7
340,僬,3426,焦,7
371,全,6257,金,7
382,具,638,县,7
423,凇,3166,淞,7
438,凳,3889,登,7
543,勤,539,勒,7
547,勺,1197,夕,7
598,卤,1027,土,7
682,各,699,吝,7
699,吝,682,各,7
701,吟,741,呤,7
785,咸,2021,成,7
829,唆,779,咬,7
1056,坝,1048,坎,7
1075,垃,2118,拉,7
1184,士,1027,土,7
1228,奏,4189,秦,7
1384,季,2553,李,7
1426,宫,1411,官,7
1473,尚,4728,肖,7
1619,己,62,乙,7
1829,快,1849,怏,7
1849,怏,1829,快,7
1988,慨,2770,概,7
2162,挑,2667,桃,7
2451,春,4885,舂,7
2494,暌,3980,睽,7
2573,杳,2626,查,7
2579,板,2073,扳,7
2642,栋,2644,栎,7
2700,梓,2658,样,7
2772,榆,2243,揄,7
2781,榜,2275,搒,7
3009,河,5626,诃,7
3063,洗,5650,诜,7
3064,洙,5649,诛,7
3113,浩,5669,诰,7
3156,淆,3108,浠,7
3159,淌,3123,消,7
3173,淮,5686,谁,7
3275,滴,5725,谪,7
3380,炮,3375,炝,7
3583,猪,3570,猎,7
3694,瑷,3683,瑗,7
3972,睢,6628,雎,7
4158,祼,5524,裸,7
4191,秩,4190,秧,7
4327,筹,4306,等,7
4426,糖,2284,搪,7
4543,绽,3153,淀,7
4545,绿,3182,渌,7
4570,缚,3236,溥,7
4588,缭,3306,潦,7
4727,肓,4747,育,7
4729,肘,2430,时,7
4854,膛,3992,瞠,7
4933,艹,1725,廾,7
4950,芙,5059,荚,7
5020,茌,5053,荏,7
5044,茹,5116,菇,7
5081,荻,5106,获,7
5107,莸,5106,获,7
5612,讴,2997,沤,7
5668,误,3160,淏,7
5686,谁,4534,维,7
5706,谖,3221,湲,7
5736,谵,3329,澹,7
5856,趺,5864,跌,7
5864,跌,5856,趺,7
5877,跤,5890,跻,7
6017,辩,6016,辨,7
6021,辶,51,之,7
6040,远,6032,运,7
6085,逢,6064,逄,7
6304,钦,6299,钡,7
6305,钧,6307,钩,7
6484,镣,4588,缭,7
6513,闲,6508,闭,7
6562,阳,6563,阴,7
6727,颃,6721,顽,7
6849,驾,2605,架,7
6961,鲛,6960,鲚,7
7049,鸵,6847,驼,7
7082,鹜,6874,骛,7
3,七,557,匕,6
49,么,1672,幺,6
79,二,92,亠,6
82,亏,1738,弓,6
94,亢,355,元,6
102,京,101,享,6
139,令,55,乏,6
161,伐,138,代,6
192,住,223,侄,6
196,何,692,向,6
198,佘,199,余,6
262,信,279,倍,6
323,傈,344,僳,6
355,元,94,亢,6
419,冽,3059,洌,6
469,刨,465,创,6
477,刷,502,剧,6
550,匀,658,句,6
552,匆,549,勿,6
557,匕,3,七,6
581,半,34,丰,6
598,卤,1184,士,6
719,吹,735,呗,6
1001,四,1000,囚,6
1003,回,1001,四,6
1123,埴,1159,填,6
1251,妇,1253,妊,6
1476,尢,1477,尤,6
1477,尤,3524,犬,6
1557,峦,1875,恋,6
1562,峰,1549,峄,6
1568,崎,1552,峙,6
1850,怒,1879,恕,6
2017,戌,2018,戍,6
2018,戍,2017,戌,6
2018,戍,2021,成,6
2052,手,54,乎,6
2098,抢,2097,抡,6
2104,抱,2098,抢,6
2120,拌,2090,抖,6
2163,挖,2228,控,6
2194,捐,2251,揖,6
2201,捧,2719,棒,6
2228,控,2163,挖,6
2423,旬,658,句,6
2430,时,4729,肘,6
2451,春,3959,眷,6
2457,昴,2436,昂,6
2505,曈,4001,瞳,6
2549,杆,2063,扦,6
2564,来,2561,束,6
2585,析,2092,折,6
2587,林,2555,材,6
2593,枢,2096,抠,6
2631,柱,2113,拄,6
2645,栏,2139,拦,6
2648,栓,2149,拴,6
2684,档,2170,挡,6
2803,槽,4430,糟,6
2962,江,5601,讧,6
2975,汽,2955,汔,6
3016,沿,3012,治,6
3018,泄,2963,池,6
3113,浩,3055,洁,6
3127,涑,3134,涞,6
3142,涧,3141,润,6
3172,淬,5692,谇,6
3184,渎,5680,读,6
3214,湛,5696,谌,6
3334,濑,3291,漱,6
3444,煸,3446,煽,6
3476,爪,3717,瓜,6
3811,疸,3814,疽,6
3890,白,3891,百,6
3949,眠,3962,眼,6
3954,眬,2461,昽,6
3989,瞑,2498,暝,6
4198,秽,4197,移,6
4262,竖,1053,坚,6
4332,箅,4338,算,6
4466,纬,169,伟,6
4468,纯,6783,饨,6
4476,纷,2976,汾,6
4490,细,188,佃,6
4498,绎,4510,绛,6
4508,给,3084,洽,6
4517,绢,4555,缉,6
4521,绦,3140,涤,6
4595,缴,3331,激,6
4744,肮,2524,朊,6
4796,脊,4761,背,6
4815,脸,3968,睑,6
4930,色,6124,邑,6
4956,芥,4972,芹,6
5003,苫,5002,苦,6
5052,草,5141,萆,6
5327,蚰,5342,蛐,6
5462,衔,5463,街,6
5485,袆,4137,祎,6
5495,袪,4142,祛,6
5601,讧,2962,江,6
5604,讪,2956,汕,6
5605,讫,2955,汔,6
5626,诃,3009,河,6
5634,诌,5689,谄,6
5656,询,3017,泃,6
5669,诰,3113,浩,6
5675,诶,3131,涘,6
5686,谁,422,准,6
5692,谇,3172,淬,6
5733,谲,3300,潏,6
6101,遏,6099,遇,6
6106,遗,6110,遣,6
6286,钓,4460,约,6
6303,钥,6353,铜,6
6399,锋,6343,铎,6
6425,锦,4535,绵,6
6515,间,6509,问,6
6736,颌,6730,领,6
7030,鸠,7038,鸩,6
7049,鸵,4911,舵,6
7106,麇,7108,麋,6
33,中,1625,巾,5
34,丰,581,半,5
86,五,3608,王,5
178,伯,214,佰,5
199,余,198,佘,5
213,佯,181,伴,5
246,便,221,使,5
322,傅,4570,缚,5
372,八,110,人,5
392,冈,6760,风,5
448,刀,449,刁,5
525,劫,608,却,5
539,勒,543,勤,5
553,匈,548,勾,5
585,卒,3606,率,5
604,卯,609,卵,5
608,却,525,劫,5
658,句,550,匀,5
667,可,67,习,5
671,右,4019,石,5
712,吮,711,吭,5
738,呛,757,咆,5
745,呲,703,吡,5
757,咆,738,呛,5
841,唤,831,唉,5
842,唧,877,啷,5
1029,在,1612,左,5
1045,坊,1032,圬,5
1274,姆,1293,姻,5
1297,娃,1280,姓,5
1381,孝,4669,考,5
1422,室,4242,窒,5
1467,小,1809,忄,5
1611,工,62,乙,5
1675,幽,445,凼,5
1711,廊,1715,廓,5
1762,彗,1987,慧,5
1807,徽,1804,徵,5
1942,惟,1651,帷,5
1970,感,1936,惑,5
2021,成,2027,战,5
2040,户,1483,尸,5
2118,拉,2139,拦,5
2144,拭,5643,试,5
2168,挟,2083,抉,5
2193,捏,2114,担,5
2195,捕,2273,搏,5
2217,掌,3497,牚,5
2273,搏,590,博,5
2314,撒,2319,撤,5
2346,攘,1183,壤,5
2352,攵,3481,父,5
2355,改,2356,攻,5
2366,敖,2367,教,5
2375,敬,2372,散,5
2393,斤,617,厅,5
2418,日,2522,月,5
2422,早,2428,旱,5
2453,昨,758,咋,5
2468,晒,791,哂,5
2469,晓,804,哓,5
2478,晤,835,唔,5
2483,晰,823,哳,5
2497,暗,894,喑,5
2522,月,2418,日,5
2550,杈,2548,权,5
2580,极,2100,报,5
2580,极,2589,枚,5
2581,构,2607,枸,5
2612,柏,2680,桕,5
2616,染,2695,梁,5
2630,柰,1224,奈,5
2650,栗,4151,票,5
2650,栗,4405,粟,5
2662,栽,5981,载,5
2678,桓,1878,恒,5
2702,梢,2192,捎,5
2713,检,2648,栓,5
2719,棒,2201,捧,5
2736,椅,2218,掎,5
2737,椋,2735,椁,5
2750,椽,2242,掾,5
2753,楔,2260,揳,5
2765,楷,2256,揩,5
2774,榈,2676,桐,5
2813,樱,2310,撄,5
2833,檑,2331,擂,5
2840,欠,47,久,5
2928,氛,2924,氖,5
2933,氦,2931,氢,5
2944,永,2942,水,5
2982,沆,2981,沅,5
3000,沧,2999,沦,5
3003,沪,3049,泸,5
3004,沫,5642,诔,5
3009,河,6509,问,5
3012,治,3015,沾,5
3012,治,3016,沿,5
3038,注,2968,汪,5
3081,洺,3066,洛,5
3104,浙,3185,渐,5
3122,涅,3217,湟,5
3155,淅,3104,浙,5
3161,淑,3226,溆,5
3168,淡,5693,谈,5
3202,渴,5702,谒,5
3223,湿,3197,温,5
3349,灈,3340,濯,5
3398,烛,3551,独,5
3479,爱,3478,爰,5
3481,父,1191,夂,5
3623,玫,2355,改,5
3692,瑰,6923,魂,5
3717,瓜,3476,爪,5
3755,甸,2423,旬,5
3787,疔,3789,疗,5
3823,痊,3805,疰,5
3825,痒,3847,瘁,5
3864,瘦,3800,疫,5
3884,癞,3886,癫,5
3929,目,1003,回,5
3930,盯,3756,町,5
3932,盲,4727,肓,5
3980,睽,2494,暌,5
4244,窖,4241,窑,5
4267,竣,3105,浚,5
4391,米,2536,未,5
4431,糠,4426,糖,5
4488,组,3006,沮,5
4499,经,1784,径,5
4505,绕,236,侥,5
4509,绚,3079,洵,5
4518,绣,6396,锈,5
4524,绩,4556,缋,5
4533,绳,3186,渑,5
4559,缎,6445,锻,5
4570,缚,322,傅,5
4595,缴,1806,徼,5
4766,胙,2453,昨,5
4775,胧,2461,昽,5
4836,腰,4852,膘,5
4952,芝,4947,芒,5
4983,苍,1623,巷,5
4992,苘,5046,茼,5
4995,苞,4963,芭,5
5001,若,5002,苦,5
5029,茛,5096,莨,5
5040,茴,4991,苗,5
5067,荤,5069,荦,5
5106,获,5081,荻,5
5118,菌,5041,茵,5
5177,葵,5228,蔡,5
5228,蔡,5285,蘩,5
5281,蘑,4113,磨,5
5333,蛀,5352,蛭,5
5338,蛊,3916,盎,5
5558,视,4144,祝,5
5598,认,5597,讣,5
5623,诀,413,决,5
5637,诏,4497,绍,5
5690,谅,424,凉,5
5718,谣,6111,遥,5
5725,谪,3275,滴,5
6052,迭,6067,选,5
6067,选,6083,造,5
6071,透,6091,逶,5
6099,遇,6101,遏,5
6193,酉,5550,西,5
6213,酪,6212,酩,5
6300,钢,4471,纲,5
6305,钧,6286,钓,5
6312,钮,4481,纽,5
6353,铜,6303,钥,5
6369,铭,4511,络,5
6369,铭,6368,铬,5
6401,锍,6375,铳,5
6411,锗,6413,错,5
6445,锻,4559,缎,5
6502,镶,6448,锿,5
6532,阅,6529,阂,5
6564,阵,6576,陈,5
6598,陷,6579,陌,5
6619,雀,1569,崔,5
6742,颔,6736,颌,5
6790,饯,6315,钱,5
6857,骇,1388,孩,5
6989,鲸,6972,鲧,5
7033,鸣,697,吗,5
4,万,617,厅,4
22,东,5958,车,4
33,中,3752,申,4
46,乃,448,刀,4
48,乇,2905,毛,4
50,义,45,乂,4
75,了,2,丁,4
81,于,1667,干,4
82,亏,2401,方,4
113,什,138,代,4
122,今,139,令,4
123,介,2393,斤,4
127,仓,126,仑,4
132,付,5602,讨,4
142,仪,165,伙,4
146,仲,183,伸,4
160,伏,164,优,4
164,优,160,伏,4
176,伪,115,仂,4
179,估,193,佐,4
183,伸,4489,绅,4
184,伺,687,同,4
195,体,162,休,4
213,佯,1788,徉,4
215,佳,6615,隹,4
221,使,246,便,4
252,俏,284,倘,4
281,倒,226,例,4
405,冤,364,兔,4
413,决,5623,诀,4
415,冶,5640,诒,4
444,击,636,去,4
464,刚,460,刖,4
523,助,4725,肋,4
548,勾,549,勿,4
551,包,4930,色,4
574,匿,569,匮,4
617,厅,2393,斤,4
627,原,625,厚,4
638,县,1922,悬,4
644,友,2350,支,4
685,吉,14,专,4
689,后,619,厉,4
692,向,196,何,4
807,哗,805,哔,4
866,啥,795,哈,4
912,嗅,975,噢,4
936,嗳,2499,暧,4
993,嚣,977,器,4
1007,团,1011,困,4
1012,囱,1004,囟,4
1027,土,1184,士,4
1041,圾,1060,坡,4
1050,坐,3740,生,4
1062,坦,2114,担,4
1065,坪,1049,坏,4
1074,垂,6254,重,4
1108,城,1118,域,4
1155,塔,2286,搭,4
1170,墓,1126,基,4
1209,夬,1208,夫,4
1217,夹,1209,夬,4
1223,奇,4993,苛,4
1249,妄,1273,妾,4
1274,姆,1070,坶,4
1336,媒,3437,煤,4
1380,孜,2358,政,4
1415,宜,1421,宣,4
1420,客,1434,容,4
1434,容,1420,客,4
1477,尤,1476,尢,4
1623,巷,610,卷,4
1625,巾,33,中,4
1629,帅,1631,师,4
1634,帐,1844,怅,4
1634,帐,5770,账,4
1637,帕,1852,怕,4
1661,幕,542,募,4
1667,干,576,千,4
1680,庇,3810,疵,4
1699,度,1682,庋,4
1716,廖,3870,瘳,4
1723,廷,1722,延,4
1729,异,1670,并,4
1738,弓,75,了,4
1738,弓,82,亏,4
1747,弧,1385,孤,4
1783,徂,4488,组,4
1785,待,227,侍,4
1796,徘,272,俳,4
1822,忙,2565,杧,4
1838,忿,1833,念,4
1838,忿,1858,怠,4
1852,怕,2612,柏,4
1878,恒,2678,桓,4
1890,恫,2676,桐,4
1894,恰,1856,怜,4
1933,惇,1934,惊,4
1951,惮,1930,悼,4
1952,惯,1974,愦,4
1963,愉,2772,榆,4
2021,成,2018,戍,4
2022,我,2078,找,4
2023,戒,2019,戎,4
2068,扬,2566,杨,4
2073,扳,2579,板,4
2080,技,2591,枝,4
2100,报,2073,扳,4
2105,抵,2076,扺,4
2126,拔,2141,拨,4
2143,括,2651,栝,4
2149,拴,2113,拄,4
2170,挡,2684,档,4
2176,挨,1105,埃,4
2186,捅,1106,埇,4
2187,捆,2237,掴,4
2198,捡,2122,拎,4
2215,掉,2239,掸,4
2239,掸,2215,掉,4
2262,揶,2177,挪,4
2276,搓,2793,槎,4
2323,撮,2292,摄,4
2350,支,2351,攴,4
2362,敌,2359,故,4
2364,救,2589,枚,4
2380,文,1191,夂,4
2380,文,2352,攵,4
2404,旁,1751,弯,4
2407,旅,2409,旋,4
2416,无,355,元,4
2427,旰,2429,旴,4
2429,旴,2427,旰,4
2441,昌,396,冒,4
2458,昵,740,呢,4
2461,昽,3954,眬,4
2485,晴,4818,腈,4
2486,晶,790,品,4
2495,暑,4618,署,4
2505,曈,3780,疃,4
2512,曰,2419,旦,4
2517,曹,5121,菖,4
2540,术,2948,求,4
2549,杆,2574,杵,4
2554,杏,2573,杳,4
2555,材,2556,村,4
2590,果,725,呆,4
2591,枝,2080,技,4
2601,枯,2679,桔,4
2607,枸,2581,构,4
2615,柒,2616,染,4
2628,柬,2561,束,4
2631,柱,2675,桎,4
2632,柳,2085,抑,4
2642,栋,2136,拣,4
2652,栟,2152,拼,4
2695,梁,4411,粱,4
2697,梅,1910,悔,4
2739,椎,2229,推,4
2739,椎,4209,稚,4
2747,椰,2262,揶,4
2757,楞,1972,愣,4
2791,槊,1154,塑,4
2817,橄,2316,撖,4
2860,此,2900,比,4
2887,殴,2845,欧,4
2897,毐,2898,毒,4
2900,比,2860,此,4
2930,氡,2931,氢,4
2961,汞,1760,录,4
2983,沈,3101,浓,4
2990,沘,3029,泚,4
3006,沮,3039,泪,4
3012,治,5640,诒,4
3013,沼,4497,绍,4
3014,沽,3055,洁,4
3014,沽,5625,诂,4
3015,沾,3012,治,4
3021,泊,3060,洎,4
3034,泡,3000,沧,4
3035,波,5638,诐,4
3041,泮,2996,沣,4
3053,泽,3065,洚,4
3059,洌,419,冽,4
3090,浇,4505,绕,4
3098,浐,3003,沪,4
3136,涠,3151,涸,4
3160,淏,5668,误,4
3173,淮,422,准,4
3174,深,5683,课,4
3221,湲,5706,谖,4
3235,溢,5720,谥,4
3239,溪,3131,涘,4
3291,漱,3334,濑,4
3329,澹,5736,谵,4
3358,灵,1760,录,4
3416,焊,1908,悍,4
3417,焌,1913,悛,4
3433,煌,1956,惶,4
3459,熳,1985,慢,4
3468,燠,2005,懊,4
3498,牛,33,中,4
3524,犬,1205,大,4
3552,狭,2168,挟,4
3583,猪,3576,猜,4
3584,猫,2248,描,4
3585,猬,3560,狷,4
3626,现,5555,观,4
3643,珠,5649,诛,4
3710,璧,1179,壁,4
3720,瓢,6768,飘,4
3736,甘,1726,廿,4
3744,甪,5569,角,4
3798,疤,3806,疱,4
3847,瘁,3825,痒,4
3856,瘘,3845,痿,4
3890,白,4875,自,4
3890,白,4881,臼,4
3910,盅,5338,蛊,4
3959,眷,6963,鲞,4
3970,睛,3979,睹,4
4002,瞵,4858,膦,4
4010,矢,1213,失,4
4024,矾,4039,砜,4
4038,砚,4031,砍,4
4039,砜,4024,矾,4
4050,砰,4021,矸,4
4144,祝,5558,视,4
4146,祟,4402,粜,4
4178,秆,4188,秤,4
4190,秧,4191,秩,4
4240,窍,4235,窃,4
4276,笃,6853,骂,4
4290,笤,4288,笞,4
4296,第,1743,弟,4
4365,篢,4384,簧,4
4389,籁,4378,簌,4
4430,糟,2803,槽,4
4444,絷,2164,挚,4
4461,级,2971,汲,4
4472,纳,2969,汭,4
4477,纸,3031,泜,4
4479,纺,153,仿,4
4483,线,3088,浅,4
4494,绊,181,伴,4
4497,绍,3013,沼,4
4513,绞,3071,洨,4
4513,绞,4478,纹,4
4520,绥,4563,缓,4
4530,绰,3162,淖,4
4550,缄,5648,诚,4
4551,缅,3209,湎,4
4566,编,309,偏,4
4591,缰,345,僵,4
4659,翩,4660,翮,4
4676,耐,6198,酎,4
4727,肓,3932,盲,4
4730,肚,4731,肛,4
4733,肝,2427,旰,4
4735,肠,2432,旸,4
4741,肪,4732,肜,4
4741,肪,4734,肟,4
4763,胎,3946,眙,4
4764,胖,4802,脒,4
4812,脱,4784,胱,4
4816,脾,3974,睥,4
4934,艺,4947,芒,4
4951,芜,4961,芫,4
4983,苍,4995,苞,4
4992,苘,4996,苟,4
5005,英,4950,芙,4
5008,苹,6673,革,4
5019,茉,5101,莱,4
5021,茎,1126,基,4
5034,茫,5039,茳,4
5038,茱,5101,莱,4
5040,茴,4992,苘,4
5047,荀,4996,苟,4
5066,荣,5038,茱,4
5082,荼,5042,茶,4
5164,著,5231,蔷,4
5169,葡,5140,萄,4
5194,蒲,5254,薄,4
5269,藉,4390,籍,4
5292,虑,5289,虎,4
5309,蚁,5311,蚊,4
5349,蛟,5311,蚊,4
5393,蝉,5385,蜱,4
5395,蝎,5386,蜴,4
5395,蝎,5447,蠋,4
5523,裴,5504,装,4
5530,褐,5526,裼,4
5594,讠,93,亡,4
5595,计,113,什,4
5595,计,5602,讨,4
5600,讦,4458,纤,4
5609,记,2959,汜,4
5609,记,4464,纪,4
5616,许,2957,汗,4
5616,许,5600,讦,4
5622,访,4479,纺,4
5625,诂,3014,沽,4
5627,评,3041,泮,4
5636,诎,4496,绌,4
5648,诚,427,减,4
5650,诜,3063,洗,4
5657,诣,3128,涓,4
5662,诨,3099,浑,4
5664,诫,5648,诚,4
5680,读,4527,续,4
5683,课,3174,深,4
5699,谏,3127,涑,4
5762,贝,2840,欠,4
5764,负,6713,页,4
5775,贫,5774,贪,4
5844,超,5841,起,4
5860,跃,5864,跌,4
6016,辨,6017,辩,4
6022,边,66,也,4
6030,迈,6033,近,4
6054,述,6073,逑,4
6057,迸,6066,逆,4
6083,造,6067,选,4
6171,部,496,剖,4
6175,郴,2698,梆,4
6257,金,371,全,4
6286,钓,6305,钧,4
6299,钡,6304,钦,4
6302,钤,6333,铃,4
6305,钧,4460,约,4
6307,钩,6286,钓,4
6360,铣,6331,铁,4
6368,铬,4511,络,4
6397,锉,6387,铿,4
6413,错,6411,锗,4
6423,锤,4558,缍,4
6423,锤,6444,锺,4
6444,锺,6423,锤,4
6526,闿,6532,阅,4
6536,阉,6531,阄,4
6539,阌,6528,阁,4
6543,阐,6522,闻,4
6628,雎,3972,睢,4
6665,靖,5676,请,4
6715,顷,6717,项,4
6717,项,6720,顼,4
6737,颍,6743,颖,4
6743,颖,6737,颍,4
6760,风,392,冈,4
6763,飒,5620,讽,4
6797,饶,4505,绕,4
6797,饶,6351,铙,4
7055,鸻,7066,鹆,4
7110,麓,4379,簏,4
7125,黑,4612,罢,4
2,丁,75,了,3
25,丢,636,去,3
40,为,514,力,3
54,乎,168,伞,3
65,乞,2922,气,3
67,习,449,刁,3
79,二,407,冫,3
79,二,1611,工,3
83,云,82,亏,3
87,井,2120,拌,3
93,亡,5594,讠,3
100,亩,1412,宙,3
101,享,99,亨,3
120,仇,115,仂,3
136,仟,4458,纤,3
139,令,122,今,3
149,件,146,仲,3
149,件,181,伴,3
158,伍,151,任,3
161,伐,2015,戊,3
169,伟,4466,纬,3
174,伦,4475,纶,3
179,估,194,佑,3
181,伴,149,件,3
181,伴,4494,绊,3
183,伸,146,仲,3
190,位,192,住,3
191,低,5633,诋,3
194,佑,179,估,3
214,佰,178,伯,3
234,侠,221,使,3
239,侨,150,价,3
244,侯,285,候,3
252,俏,4516,绡,3
253,俐,281,倒,3
283,倔,180,伲,3
286,倚,225,侉,3
358,兆,559,北,3
359,先,1213,失,3
360,光,359,先,3
362,免,364,兔,3
364,兔,362,免,3
367,党,5561,觉,3
387,兽,2519,曾,3
392,冈,4604,网,3
396,冒,4758,胃,3
400,写,52,乌,3
400,写,7029,鸟,3
410,冰,2942,水,3
416,冷,3030,泛,3
418,冼,5650,诜,3
422,准,846,唯,3
425,凋,5688,调,3
430,凝,3785,疑,3
448,刀,514,力,3
449,刁,67,习,3
460,刖,464,刚,3
462,刘,461,列,3
462,刘,486,剂,3
463,则,464,刚,3
465,创,493,剑,3
474,到,472,刭,3
493,剑,465,创,3
503,剩,470,利,3
503,剩,480,刺,3
517,功,677,叻,3
528,励,520,劢,3
549,勿,550,匀,3
549,勿,552,匆,3
571,区,6771,飞,3
578,升,1725,廾,3
581,半,3498,牛,3
586,卓,2674,桌,3
592,卞,1205,大,3
594,占,695,吕,3
595,卡,6503,长,3
599,卦,6279,钋,3
603,卮,616,厄,3
615,厂,2,丁,3
618,历,619,厉,3
638,县,382,具,3
658,句,549,勿,3
675,司,67,习,3
678,叼,747,呵,3
679,叽,665,叭,3
682,各,5738,谷,3
684,合,375,兮,3
684,合,5738,谷,3
687,同,675,司,3
688,名,682,各,3
690,吏,2515,更,3
692,向,135,仞,3
692,向,6509,问,3
703,吡,745,呲,3
705,否,2554,杏,3
725,呆,2543,朵,3
726,呈,3895,皇,3
746,味,2452,昧,3
751,呻,4052,砷,3
768,咚,781,咯,3
789,哀,5475,衰,3
789,哀,5477,衷,3
805,哔,807,哗,3
812,哞,865,啤,3
831,唉,841,唤,3
846,唯,6618,难,3
856,啄,761,咏,3
880,啼,5917,蹄,3
899,喝,848,唱,3
906,喷,868,啧,3
963,嘹,3999,瞭,3
1004,囟,598,卤,3
1004,囟,1012,囱,3
1005,因,1000,囚,3
1005,因,3749,田,3
1011,困,1008,囤,3
1016,固,1005,因,3
1018,图,1022,圆,3
1027,土,1611,工,3
1029,在,671,右,3
1032,圬,1045,坊,3
1051,坑,2091,抗,3
1053,坚,4262,竖,3
1060,坡,2102,披,3
1063,坨,1086,垞,3
1071,坷,747,呵,3
1075,垃,4398,粒,3
1098,垮,2161,挎,3
1125,培,3423,焙,3
1175,墦,2322,播,3
1184,士,3,七,3
1186,壮,559,北,3
1191,夂,47,久,3
1192,处,1198,外,3
1194,复,1195,夏,3
1198,外,1192,处,3
1202,够,7047,鸲,3
1205,大,5,丈,3
1206,天,1208,夫,3
1206,天,2416,无,3
1213,失,359,先,3
1213,失,1211,央,3
1215,夷,5055,荑,3
1236,奠,5099,莫,3
1237,奢,5164,著,3
1251,妇,1245,好,3
1259,妙,3369,炒,3
1278,姑,1276,始,3
1293,姻,3401,烟,3
1320,婆,1305,娑,3
1385,孤,1747,弧,3
1385,孤,3541,狐,3
1389,孪,101,享,3
1389,孪,2165,挛,3
1399,它,6780,饣,3
1402,宇,1403,守,3
1410,宗,1402,宇,3
1411,官,1426,宫,3
1417,实,3362,灾,3
1418,宠,1407,宏,3
1419,审,1412,宙,3
1425,宪,1406,完,3
1432,家,5746,象,3
1441,密,5377,蜜,3
1458,寺,1218,夺,3
1483,尸,1485,尺,3
1485,尺,662,只,3
1512,屮,33,中,3
1527,岗,1473,尚,3
1531,岛,7029,鸟,3
1533,岢,4993,苛,3
1553,峡,1565,崃,3
1562,峰,1556,峥,3
1567,崇,4146,祟,3
1569,崔,5147,萑,3
1576,崧,5122,菘,3
1614,巨,672,叵,3
1623,巷,4668,老,3
1665,幢,1997,憧,3
1669,年,3500,牟,3
1672,幺,49,么,3
1688,底,1693,府,3
1693,府,1688,底,3
1712,廋,1709,庾,3
1715,廓,1711,廊,3
1721,廴,1372,孓,3
1722,延,1723,廷,3
1731,弄,1729,异,3
1735,弋,2014,戈,3
1760,录,2079,承,3
1780,彼,3035,波,3
1784,径,1781,往,3
1803,微,1804,徵,3
1809,忄,1467,小,3
1821,忘,1820,志,3
1838,忿,1525,岔,3
1856,怜,1894,恰,3
1865,怪,1871,怿,3
1869,总,363,兑,3
1879,恕,1850,怒,3
1887,恨,1864,怩,3
1887,恨,1917,悢,3
1890,恫,1932,惆,3
1894,恰,1859,怡,3
1903,恿,1886,恧,3
1917,悢,1887,恨,3
1930,悼,1951,惮,3
1931,情,1953,惰,3
1932,惆,1890,恫,3
1956,惶,3433,煌,3
1985,慢,1660,幔,3
1998,憨,1964,愍,3
2002,憾,2329,撼,3
2019,戎,2020,戏,3
2021,成,2017,戌,3
2025,或,1736,式,3
2025,或,1769,彧,3
2035,截,796,哉,3
2037,戮,2038,戳,3
2046,扃,4740,肩,3
2068,扬,3505,物,3
2072,扰,2169,挠,3
2086,抒,2577,杼,3
2097,抡,2098,抢,3
2098,抢,2104,抱,3
2102,披,1060,坡,3
2102,披,2100,报,3
2104,抱,2084,把,3
2104,抱,2127,拖,3
2105,抵,2625,柢,3
2113,拄,2118,拉,3
2113,拄,2157,挂,3
2115,拆,2092,折,3
2120,拌,2611,柈,3
2122,拎,2149,拴,3
2123,拐,2070,扮,3
2125,拓,2132,招,3
2128,拗,1069,坳,3
2135,拢,2078,找,3
2139,拦,2118,拉,3
2139,拦,2645,栏,3
2142,择,2191,捍,3
2144,拭,2078,找,3
2152,拼,2131,拚,3
2154,拾,2103,抬,3
2158,指,2194,捐,3
2158,指,2256,揩,3
2191,捍,2215,掉,3
2192,捎,2702,梢,3
2194,捐,2192,捎,3
2199,换,2183,挽,3
2203,捭,2239,掸,3
2209,捺,2136,拣,3
2214,授,2261,援,3
2225,探,2174,挥,3
2237,掴,2187,捆,3
2245,揉,2282,搡,3
2249,提,1144,堤,3
2252,揞,2274,搐,3
2256,揩,2231,措,3
2333,操,2225,探,3
2351,攴,2350,支,3
2355,改,3623,玫,3
2355,改,4879,致,3
2357,放,2360,效,3
2367,教,2376,数,3
2368,敛,4478,纹,3
2376,数,2361,敉,3
2380,文,51,之,3
2386,斗,34,丰,3
2387,料,2090,抖,3
2418,日,3749,田,3
2420,旧,1758,归,3
2428,旱,2422,早,3
2436,昂,2457,昴,3
2442,明,2525,朋,3
2447,昙,638,县,3
2453,昨,4766,胙,3
2460,昼,3783,疍,3
2464,晃,397,冕,3
2481,普,2465,晋,3
2483,晰,5382,蜥,3
2512,曰,3890,白,3
2522,月,687,同,3
2523,有,1376,存,3
2525,朋,2442,明,3
2525,朋,4787,胴,3
2529,朕,4791,胼,3
2536,未,2541,朱,3
2537,末,34,丰,3
2537,末,2541,朱,3
2537,末,4391,米,3
2538,本,34,丰,3
2540,术,2535,木,3
2543,朵,2547,杂,3
2554,杏,685,吉,3
2557,杓,2581,构,3
2559,杜,2562,杠,3
2561,束,2564,来,3
2562,杠,2061,扛,3
2562,杠,2583,枉,3
2564,来,1217,夹,3
2566,杨,2068,扬,3
2572,杲,725,呆,3
2581,构,2129,拘,3
2581,构,2557,杓,3
2583,枉,2631,柱,3
2589,枚,2579,板,3
2590,果,2572,杲,3
2591,枝,2653,校,3
2598,枪,2098,抢,3
2609,柃,2122,拎,3
2610,柄,2649,栖,3
2611,柈,2120,拌,3
2620,柚,2109,抽,3
2621,柜,2124,拒,3
2642,栋,2156,持,3
2653,校,2706,梭,3
2660,根,2718,棍,3
2674,桌,586,卓,3
2687,桦,2602,枰,3
2689,桨,3089,浆,3
2689,桨,4406,粢,3
2691,桫,2568,杪,3
2704,梧,2184,捂,3
2706,梭,2653,校,3
2713,检,2198,捡,3
2718,棍,2660,根,3
2728,棰,2207,捶,3
2730,棵,4210,稞,3
2732,棺,2783,榨,3
2738,植,2678,桓,3
2741,椑,2203,捭,3
2760,楦,2247,揎,3
2768,楼,2269,搂,3
2770,概,1988,慨,3
2771,榄,2264,揽,3
2788,榷,2302,摧,3
2808,樟,2700,梓,3
2822,橛,2311,撅,3
2823,橡,2750,椽,3
2837,檫,2342,擦,3
2865,歹,4,万,3
2900,比,669,叱,3
2903,毗,703,吡,3
2903,毗,3951,眦,3
2924,氖,2925,氘,3
2933,氦,2937,氪,3
2939,氯,2935,氨,3
2955,汔,5605,讫,3
2962,江,4456,红,3
2971,汲,2995,没,3
2971,汲,3035,波,3
2971,汲,4461,级,3
2977,沁,1808,心,3
2987,沐,3004,沫,3
2987,沐,3005,沭,3
2991,沙,4470,纱,3
2993,沛,5611,讳,3
2994,沟,3017,泃,3
2995,没,2971,汲,3
3011,油,2969,汭,3
3012,治,415,冶,3
3015,沾,3014,沽,3
3016,沿,3015,沾,3
3022,泌,1810,必,3
3031,泜,5633,诋,3
3033,泠,416,冷,3
3039,泪,2966,汨,3
3045,泳,410,冰,3
3053,泽,3058,洋,3
3056,洄,3028,泗,3
3058,洋,3065,洚,3
3063,洗,3090,浇,3
3066,洛,3081,洺,3
3066,洛,3117,浴,3
3068,洣,3004,沫,3
3068,洣,3064,洙,3
3082,活,3014,沽,3
3083,洼,3038,注,3
3084,洽,3117,浴,3
3116,浯,5666,语,3
3117,浴,3066,洛,3
3121,涂,3115,浮,3
3123,消,5667,诮,3
3139,涣,3131,涘,3
3142,涧,3079,洵,3
3145,涪,5709,谙,3
3153,淀,3107,浞,3
3155,淅,3185,渐,3
3162,淖,3058,洋,3
3166,淞,423,凇,3
3174,深,3121,涂,3
3216,湝,5700,谐,3
3222,湾,1751,弯,3
3244,溶,3145,涪,3
3257,滓,3292,漳,3
3288,漫,3119,浸,3
3299,潍,3173,淮,3
3317,澈,3318,澉,3
3343,瀑,3295,漾,3
3375,炝,1845,怆,3
3375,炝,3380,炮,3
3377,炫,3406,烩,3
3383,炳,3403,烦,3
3388,炼,3391,烁,3
3396,烘,3389,炽,3
3403,烦,3367,炊,3
3414,烽,3395,烊,3
3416,焊,3395,烊,3
3418,焐,1915,悟,3
3421,焖,3381,炯,3
3423,焙,3418,焐,3
3446,煽,3444,煸,3
3450,熔,3423,焙,3
3479,爱,650,受,3
3481,父,2380,文,3
3500,牟,1669,年,3
3510,特,3507,牯,3
3517,犊,3510,特,3
3532,犹,2072,扰,3
3547,狠,3564,狼,3
3561,狸,3582,猩,3
3570,猎,3583,猪,3
3582,猩,3561,狸,3
3595,獏,2305,摸,3
3605,玄,83,云,3
3606,率,585,卒,3
3608,王,1185,壬,3
3611,玕,3625,环,3
3625,环,1049,坏,3
3633,珂,1071,坷,3
3637,珍,5632,诊,3
3643,珠,2875,殊,3
3674,琳,3158,淋,3
3678,琼,5690,谅,3
3683,瑗,3694,瑷,3
3693,瑶,5718,谣,3
3750,由,2513,曲,3
3752,申,3751,甲,3
3771,略,5798,赂,3
3789,疗,3787,疔,3
3800,疫,3791,疚,3
3803,疮,3798,疤,3
3806,疱,3798,疤,3
3819,病,3801,疬,3
3820,症,3828,痖,3
3831,痞,3822,痉,3
3838,痪,3815,疾,3
3847,瘁,3871,瘴,3
3890,白,692,向,3
3897,皋,4876,臬,3
3908,皿,5457,血,3
3911,盆,5775,贫,3
3912,盈,3911,盆,3
3914,益,3922,盖,3
3916,盎,5338,蛊,3
3920,盒,3911,盆,3
3929,目,15,且,3
3931,盱,2429,旴,3
3931,盱,3930,盯,3
3932,盲,4747,育,3
3942,眉,1498,届,3
3944,看,4671,者,3
3951,眦,2903,毗,3
3955,眭,3975,睦,3
3961,眺,3951,眦,3
3962,眼,3949,眠,3
3975,睦,3772,畦,3
3985,瞅,881,啾,3
3992,瞠,4854,膛,3
4001,瞳,3780,疃,3
4008,矛,1743,弟,3
4011,矣,1221,奂,3
4024,矾,4033,砒,3
4058,砾,4032,砑,3
4067,硕,4031,砍,3
4083,碎,4050,砰,3
4083,碎,6014,辟,3
4094,碥,4076,确,3
4113,磨,7117,麽,3
4127,示,97,亦,3
4130,社,4129,礼,3
4163,禅,5519,裨,3
4174,禾,56,乐,3
4178,秆,2549,杆,3
4184,秕,2582,枇,3
4188,秤,4182,科,3
4189,秦,1228,奏,3
4189,秦,3043,泰,3
4219,稿,3521,犒,3
4227,究,4228,穷,3
4234,突,1417,实,3
4236,窄,4297,笮,3
4237,窅,4245,窗,3
4242,窒,1422,室,3
4260,立,6021,辶,3
4270,竭,3202,渴,3
4270,竭,5702,谒,3
4274,竽,4275,竿,3
4278,笆,4930,色,3
4288,笞,4313,答,3
4290,笤,4276,笃,3
4295,笫,4296,第,3
4306,等,4327,筹,3
4310,筐,4300,笸,3
4310,筐,4344,箧,3
4319,筝,77,争,3
4319,筝,4281,笋,3
4360,篓,4301,笺,3
4370,篱,4361,篙,3
4371,篷,5218,蓬,3
4384,簧,4365,篢,3
4387,簿,5254,薄,3
4407,粤,1238,奥,3
4425,糕,4398,粒,3
4429,糜,7108,麋,3
4441,紫,4443,絮,3
4443,絮,1386,孥,3
4453,纟,68,乡,3
4458,纤,136,仟,3
4461,级,157,伋,3
4464,纪,5609,记,3
4472,纳,6298,钠,3
4475,纶,174,伦,3
4476,纷,152,份,3
4479,纺,1777,彷,3
4479,纺,5622,访,3
4491,织,5629,识,3
4494,绊,3041,泮,3
4499,经,1749,弪,3
4500,绐,4508,给,3
4503,结,217,佶,3
4503,结,3055,洁,3
4505,绕,3090,浇,3
4507,绘,3095,浍,3
4508,给,4507,绘,3
4508,给,4511,络,3
4509,绚,5656,询,3
4511,络,6800,饹,3
4519,绤,4511,络,3
4524,绩,3183,渍,3
4525,绪,5677,诸,3
4527,续,3184,渎,3
4542,综,3164,淙,3
4556,缋,4524,绩,3
4564,缔,5711,谛,3
4644,翁,4650,翕,3
4698,耶,649,取,3
4728,肖,1473,尚,3
4754,肿,4757,胂,3
4756,胁,4725,肋,3
4758,胃,4759,胄,3
4775,胧,3954,眬,3
4836,腰,4790,胺,3
4839,腹,4809,脧,3
4845,腿,3445,煺,3
4856,膝,3259,滕,3
4858,膦,4002,瞵,3
4881,臼,3890,白,3
4882,臾,654,叟,3
4942,芋,4941,芊,3
4947,芒,4934,艺,3
4958,芨,4937,艿,3
4967,花,5020,茌,3
4968,芳,4944,芎,3
4974,芽,4942,芋,3
4988,苓,4959,芩,3
4991,苗,5041,茵,3
4993,苛,4996,苟,3
4995,苞,4983,苍,3
4996,苟,4943,芍,3
4996,苟,4969,芴,3
4996,苟,4993,苛,3
5001,若,4668,老,3
5002,苦,5003,苫,3
5008,苹,5090,莘,3
5039,茳,5034,茫,3
5040,茴,5006,苴,3
5041,茵,4991,苗,3
5053,荏,5020,茌,3
5059,荚,4393,类,3
5064,荠,5062,荞,3
5074,荫,5143,萌,3
5076,荭,5039,茳,3
5102,莲,5218,蓬,3
5106,获,5037,茯,3
5115,菅,5152,营,3
5117,菊,5169,葡,3
5119,菏,4992,苘,3
5140,萄,5169,葡,3
5145,萎,5142,萋,3
5167,葛,5104,莴,3
5179,葸,5175,葱,3
5179,葸,5199,蒽,3
5186,蒌,5142,萋,3
5186,蒌,5145,萎,3
5247,蕰,5249,蕴,3
5282,蘖,4434,糵,3
5305,虽,736,员,3
5335,蛆,5344,蛔,3
5355,蛱,5322,蚨,3
5359,蛸,5370,蜎,3
5371,蜒,5372,蜓,3
5388,蜻,5409,蝽,3
5431,蟀,5343,蛑,3
5445,蠃,1367,嬴,3
5460,行,4455,纡,3
5463,街,5464,衙,3
5468,衤,5467,衣,3
5475,衰,5509,裒,3
5480,衿,5491,袗,3
5504,装,5523,裴,3
5524,裸,4210,稞,3
5538,褪,3445,煺,3
5551,要,4675,耍,3
5554,见,399,冗,3
5555,观,2842,欢,3
5574,解,2388,斛,3
5597,讣,5598,认,3
5600,讦,2957,汗,3
5602,讨,132,付,3
5602,讨,4457,纣,3
5606,训,1607,川,3
5607,议,2953,汊,3
5608,讯,6028,迅,3
5614,讶,171,伢,3
5622,访,2964,污,3
5623,诀,3621,玦,3
5625,诂,5646,诘,3
5628,诅,4488,组,3
5629,识,4491,织,3
5630,诈,202,作,3
5646,诘,4503,结,3
5649,诛,3068,洣,3
5654,诠,3170,淦,3
5670,诱,3655,琇,3
5676,请,6665,靖,3
5682,诽,4529,绯,3
5684,诿,297,倭,3
5688,调,425,凋,3
5688,调,3067,洞,3
5694,谊,3187,渔,3
5697,谍,5695,谋,3
5700,谐,5657,诣,3
5702,谒,4270,竭,3
5711,谛,4564,缔,3
5718,谣,3171,淫,3
5738,谷,682,各,3
5746,象,1761,彖,3
5771,货,5797,赁,3
5774,贪,5775,贫,3
5781,贱,6790,饯,3
5798,赂,3771,略,3
5800,资,5774,贪,3
5821,赛,5919,蹇,3
5831,赦,2363,敏,3
5842,趁,5846,趋,3
5886,跷,5876,跣,3
5899,踞,5873,距,3
5943,蹿,6490,镩,3
5958,车,22,东,3
5970,轲,5963,轫,3
5977,轹,6334,铄,3
5992,辈,5991,辇,3
6023,辽,6038,这,3
6030,迈,6023,辽,3
6057,迸,6039,进,3
6064,逄,6085,逢,3
6066,逆,6057,迸,3
6066,逆,6061,送,3
6074,递,6066,逆,3
6083,造,3113,浩,3
6091,逶,6071,透,3
6171,部,6163,郚,3
6176,郸,6172,郫,3
6177,都,608,却,3
6177,都,6151,郁,3
6219,酲,6237,醒,3
6232,醋,6221,酵,3
6232,醋,6223,酷,3
6237,醒,6234,醍,3
6254,重,1074,垂,3
6282,钎,4458,纤,3
6286,钓,6307,钩,3
6295,钝,4468,纯,3
6296,钞,4470,纱,3
6304,钦,6789,饮,3
6320,钶,6353,铜,3
6321,钷,6294,钜,3
6347,铕,6388,销,3
6354,铝,6335,铅,3
6372,铰,4513,绞,3
6384,铼,6349,铗,3
6393,锅,6420,锡,3
6399,锋,6400,锌,3
6404,锐,6460,镋,3
6426,锧,6389,锁,3
6434,锯,5899,踞,3
6462,镍,6418,锞,3
6470,镕,6430,锫,3
6497,镱,6477,镜,3
6504,门,390,冂,3
6508,闭,6513,闲,3
6509,问,6518,闷,3
6510,闯,6522,闻,3
6511,闰,1017,国,3
6511,闰,6509,问,3
6518,闷,6509,问,3
6521,闺,6529,阂,3
6522,闻,6543,阐,3
6537,阊,6541,阎,3
6554,阝,601,卩,3
6572,附,5870,跗,3
6575,陇,767,咙,3
6609,隙,6588,除,3
6615,隹,192,住,3
6639,雷,6648,霉,3
6673,革,5008,苹,3
6714,顶,6717,项,3
6717,项,6714,顶,3
6721,顽,6727,颃,3
6725,颁,6726,颂,3
6740,频,3335,濒,3
6750,额,6749,颜,3
6793,饲,184,伺,3
6794,饳,5308,蚀,3
6818,馍,6821,馑,3
6836,驰,1742,弛,3
6853,骂,4276,笃,3
6874,骛,7082,鹜,3
6911,鬃,6914,鬓,3
7048,鸳,6849,驾,3
7057,鸽,7045,鸰,3
7063,鹃,7083,鹝,3
7066,鹆,7057,鸽,3
7070,鹊,7071,鹋,3
7088,鹣,7068,鹈,3
7104,鹿,7105,麂,3
7184,龟,362,免,3
2,丁,615,厂,2
3,七,45,乂,2
3,七,1184,士,2
4,万,2401,方,2
4,万,4019,石,2
5,丈,1205,大,2
7,上,1027,土,2
8,下,10,不,2
10,不,4019,石,2
15,且,3929,目,2
23,丝,21,丛,2
26,两,6633,雨,2
30,个,31,丫,2
32,丬,450,刂,2
33,中,3498,牛,2
34,丰,2538,本,2
34,丰,6702,韦,2
36,临,1910,悔,2
36,临,3919,监,2
39,丹,2895,母,2
39,丹,4897,舟,2
41,主,3740,生,2
41,主,4878,至,2
45,乂,641,又,2
47,久,1191,夂,2
51,之,47,久,2
51,之,1611,工,2
53,乍,94,亢,2
54,乎,27,严,2
54,乎,1668,平,2
55,乏,139,令,2
56,乐,2052,手,2
56,乐,4174,禾,2
63,乜,66,也,2
66,也,1622,巴,2
68,乡,1765,彡,2
71,买,1417,实,2
71,买,6832,马,2
75,了,1738,弓,2
80,亍,76,予,2
81,于,80,亍,2
81,于,1371,孑,2
81,于,1483,尸,2
83,云,3607,玉,2
84,互,18,丘,2
86,五,3607,玉,2
93,亡,51,之,2
93,亡,1619,己,2
93,亡,4260,立,2
98,产,2040,户,2
98,产,6011,辛,2
102,京,4436,系,2
104,亮,1188,壳,2
111,亻,30,个,2
113,什,2947,汁,2
114,仁,129,仕,2
115,仂,176,伪,2
116,仃,617,厅,2
116,仃,2393,斤,2
118,仅,142,仪,2
118,仅,2952,汉,2
122,今,55,乏,2
122,今,375,兮,2
126,仑,154,企,2
127,仓,65,乞,2
127,仓,551,包,2
127,仓,4930,色,2
128,仔,3890,白,2
129,仕,158,伍,2
129,仕,558,化,2
131,仗,132,付,2
131,仗,162,休,2
136,仟,128,仔,2
136,仟,151,任,2
138,代,558,化,2
140,以,2900,比,2
140,以,5598,认,2
142,仪,4478,纹,2
145,仰,2085,抑,2
146,仲,149,件,2
149,件,230,侔,2
151,任,158,伍,2
151,任,192,住,2
152,份,4476,纷,2
153,仿,4479,纺,2
159,伎,219,佼,2
160,伏,702,吠,2
164,优,1827,忧,2
165,伙,160,伏,2
168,伞,1669,年,2
173,伥,160,伏,2
173,伥,218,佻,2
174,伦,175,伧,2
178,伯,3021,泊,2
179,估,217,佶,2
182,伶,1856,怜,2
183,伸,156,伊,2
189,但,235,侣,2
190,位,223,侄,2
192,住,151,任,2
192,住,190,位,2
196,何,184,伺,2
196,何,203,佝,2
197,佗,174,伦,2
201,佛,3010,沸,2
202,作,758,咋,2
202,作,5630,诈,2
206,你,128,仔,2
206,你,256,俘,2
207,佣,4490,细,2
213,佯,3058,洋,2
214,佰,229,侑,2
214,佰,289,借,2
215,佳,192,住,2
215,佳,223,侄,2
215,佳,5644,诖,2
223,侄,192,住,2
223,侄,215,佳,2
223,侄,6615,隹,2
226,例,281,倒,2
227,侍,1785,待,2
227,侍,5645,诗,2
231,侗,184,伺,2
231,侗,287,倜,2
235,侣,290,倡,2
236,侥,4505,绕,2
238,侧,623,厕,2
240,侩,262,信,2
243,侮,3118,海,2
246,便,4074,硬,2
248,俄,6805,饿,2
250,俊,1913,悛,2
252,俏,229,侑,2
268,俭,190,位,2
268,俭,6591,险,2
271,俱,189,但,2
276,俺,3177,淹,2
279,倍,255,俗,2
284,倘,3159,淌,2
284,倘,4531,绱,2
285,候,244,侯,2
285,候,263,俣,2
286,倚,3666,琦,2
286,倚,4528,绮,2
290,倡,235,侣,2
293,倨,283,倔,2
300,债,4524,绩,2
300,债,4556,缋,2
300,债,5797,赁,2
303,倾,6726,颂,2
309,偏,4566,编,2
311,做,331,傲,2
313,健,6433,键,2
316,偶,315,偲,2
321,傀,1975,愧,2
328,储,5534,褚,2
344,僳,3238,溧,2
347,儆,311,做,2
350,儒,2010,懦,2
355,元,83,云,2
360,光,94,亢,2
363,兑,4625,羌,2
366,兖,357,充,2
370,入,110,人,2
370,入,372,八,2
370,入,448,刀,2
372,八,111,亻,2
372,八,370,入,2
374,六,592,卞,2
374,六,2401,方,2
375,兮,684,合,2
380,兵,58,乓,2
387,兽,1429,害,2
388,冀,4409,粪,2
391,内,1625,巾,2
393,冉,39,丹,2
399,冗,356,兄,2
399,冗,5554,见,2
401,军,400,写,2
401,军,4606,罕,2
407,冫,31,丫,2
407,冫,44,丿,2
407,冫,2943,氵,2
409,冯,400,写,2
413,决,3044,泱,2
414,况,2841,次,2
414,况,2984,沉,2
415,冶,416,冷,2
415,冶,3015,沾,2
416,冷,3033,泠,2
420,净,77,争,2
421,凄,1272,妻,2
422,准,3805,疰,2
427,减,2021,成,2
428,凑,3241,溱,2
429,凛,424,凉,2
429,凛,3277,漂,2
432,凡,2900,比,2
437,凰,1018,图,2
445,凼,446,函,2
445,凼,1675,幽,2
446,函,445,凼,2
455,刊,458,刑,2
457,刎,469,刨,2
458,刑,455,刊,2
461,列,462,刘,2
464,刚,463,则,2
465,创,463,则,2
470,利,479,刹,2
470,利,503,剩,2
471,别,494,剔,2
472,刭,474,到,2
482,刽,6278,钊,2
492,剐,471,别,2
492,剐,494,剔,2
493,剑,4454,纠,2
496,剖,473,刮,2
515,劝,1267,妫,2
518,加,1247,如,2
519,务,682,各,2
519,务,3482,爷,2
524,努,532,势,2
530,劳,4962,芬,2
542,募,1661,幕,2
546,勹,547,勺,2
547,勺,550,匀,2
547,勺,658,句,2
548,勾,550,匀,2
550,匀,549,勿,2
551,包,3743,甩,2
552,匆,658,句,2
558,化,2900,比,2
562,匜,563,匝,2
569,匮,6106,遗,2
570,匹,564,匠,2
570,匹,571,区,2
575,十,1456,寸,2
576,千,81,于,2
578,升,1728,弁,2
579,午,2040,户,2
584,卑,401,军,2
586,卓,587,单,2
586,卓,1428,宰,2
587,单,4624,羊,2
588,卖,1033,圭,2
589,南,3746,甬,2
590,博,2273,搏,2
592,卞,8,下,2
592,卞,595,卡,2
596,卢,2040,户,2
597,卣,598,卤,2
601,卩,1483,尸,2
605,印,604,卯,2
607,即,6143,邵,2
607,即,6157,郎,2
610,卷,3959,眷,2
615,厂,1676,广,2
617,厅,4,万,2
619,厉,689,后,2
622,厍,1686,库,2
624,厘,566,匣,2
636,去,444,击,2
641,又,50,义,2
642,叉,641,又,2
646,反,2865,歹,2
647,发,95,交,2
647,发,1518,岁,2
653,叛,2579,板,2
655,叠,2677,桑,2
656,口,398,冖,2
656,口,2512,曰,2
657,古,671,右,2
657,古,685,吉,2
658,句,547,勺,2
658,句,548,勾,2
658,句,2423,旬,2
658,句,3890,白,2
659,另,519,务,2
659,另,3754,男,2
660,叨,665,叭,2
660,叨,718,吸,2
662,只,356,兄,2
662,只,379,兴,2
664,召,4019,石,2
671,右,657,古,2
674,号,1738,弓,2
681,吃,1031,圪,2
682,各,408,冬,2
682,各,688,名,2
684,合,709,含,2
685,吉,636,去,2
687,同,2522,月,2
692,向,184,伺,2
695,吕,664,召,2
696,吖,776,咩,2
703,吡,3499,牝,2
706,吧,733,呕,2
709,含,1833,念,2
709,含,4890,舍,2
711,吭,681,吃,2
711,吭,730,呒,2
716,吴,378,关,2
718,吸,676,叹,2
718,吸,729,呐,2
723,呀,680,吁,2
726,呈,716,吴,2
726,呈,6273,钅,2
727,告,2445,昔,2
735,呗,719,吹,2
736,员,5764,负,2
743,周,687,同,2
743,周,1016,固,2
747,呵,666,叮,2
757,咆,706,吧,2
758,咋,2453,昨,2
774,咧,715,吲,2
782,咱,798,响,2
787,咽,854,啁,2
807,哗,2470,晔,2
820,哭,379,兴,2
820,哭,977,器,2
829,唆,831,唉,2
842,唧,819,哪,2
846,唯,782,咱,2
852,唾,3971,睡,2
854,啁,787,咽,2
859,啊,798,响,2
859,啊,1319,婀,2
865,啤,752,呼,2
865,啤,928,嗥,2
865,啤,4084,碑,2
866,啥,808,哙,2
866,啥,841,唤,2
886,善,5581,言,2
894,喑,828,唁,2
901,喤,840,唣,2
906,喷,837,唝,2
909,喽,851,唼,2
918,嗓,979,噪,2
939,嗽,938,嗷,2
941,嘀,850,唷,2
941,嘀,922,嗝,2
942,嘁,891,喊,2
946,嘎,911,嗄,2
947,嘏,2493,暇,2
948,嘘,844,唬,2
950,嘛,858,啉,2
957,嘬,2521,最,2
959,嘱,3996,瞩,2
961,嘴,971,噗,2
964,嘻,828,唁,2
983,噶,899,喝,2
993,嚣,992,嚚,2
1000,囚,1005,因,2
1001,四,1003,回,2
1001,四,1009,囫,2
1002,囝,1006,囡,2
1003,回,442,凹,2
1005,因,1006,囡,2
1005,因,1016,固,2
1008,囤,1017,国,2
1010,园,1017,国,2
1011,困,1005,因,2
1011,困,1013,围,2
1011,困,3749,田,2
1012,囱,598,卤,2
1012,囱,4875,自,2
1013,围,1017,国,2
1015,囹,1014,囵,2
1015,囹,1019,囿,2
1016,固,1013,围,2
1017,国,1010,园,2
1017,国,1013,围,2
1018,图,1010,园,2
1020,圃,1023,圈,2
1021,圄,1025,圊,2
1022,圆,1010,园,2
1022,圆,1017,国,2
1023,圈,743,周,2
1023,圈,1018,图,2
1023,圈,1021,圄,2
1027,土,7,上,2
1035,圯,1034,圮,2
1038,圹,2065,扩,2
1039,场,2068,扬,2
1039,场,3614,玚,2
1042,址,1036,地,2
1043,坂,2073,扳,2
1045,坊,1054,坛,2
1048,坎,1043,坂,2
1051,坑,1031,圪,2
1051,坑,1054,坛,2
1052,块,413,决,2
1052,块,2083,抉,2
1054,坛,1032,圬,2
1058,坟,1041,圾,2
1058,坟,1045,坊,2
1058,坟,1048,坎,2
1058,坟,1241,奴,2
1058,坟,5311,蚊,2
1062,坦,1091,垣,2
1062,坦,1270,妲,2
1066,坫,2117,拈,2
1070,坶,1274,姆,2
1086,垞,1063,坨,2
1091,垣,1062,坦,2
1105,埃,2176,挨,2
1107,埋,818,哩,2
1108,城,5648,诚,2
1109,埏,2182,挺,2
1115,埙,1116,埚,2
1120,埤,2203,捭,2
1122,埯,2230,掩,2
1128,埽,1164,墁,2
1129,堀,2223,掘,2
1154,塑,1079,型,2
1156,塘,2284,搪,2
1157,塞,1445,寒,2
1159,填,1123,埴,2
1166,墅,6255,野,2
1173,增,1993,憎,2
1179,壁,3710,璧,2
1187,声,596,卢,2
1191,夂,1197,夕,2
1197,夕,547,勺,2
1200,多,793,哆,2
1206,天,1210,夭,2
1206,天,3524,犬,2
1207,太,1205,大,2
1208,夫,1211,央,2
1211,央,670,史,2
1211,央,1471,尖,2
1213,失,413,决,2
1213,失,4010,矢,2
1214,头,140,以,2
1214,头,413,决,2
1215,夷,5767,责,2
1217,夹,1208,夫,2
1222,奄,1226,奋,2
1223,奇,814,哥,2
1223,奇,1216,夸,2
1224,奈,1218,夺,2
1224,奈,2630,柰,2
1232,奖,2689,桨,2
1235,奚,4626,美,2
1236,奠,1466,尊,2
1238,奥,4877,臭,2
1241,奴,645,双,2
1241,奴,1251,妇,2
1245,好,1243,奸,2
1245,好,1252,妈,2
1248,妃,1268,妮,2
1251,妇,1260,妞,2
1252,妈,1245,好,2
1257,妖,1301,娇,2
1266,妪,1291,姬,2
1271,妹,1286,姝,2
1272,妻,421,凄,2
1273,妾,1302,娈,2
1276,始,1280,姓,2
1278,姑,1264,妨,2
1280,姓,1276,始,2
1285,姜,1298,娄,2
1290,姨,1323,婕,2
1291,姬,3378,炬,2
1295,姿,5800,资,2
1296,威,4097,碱,2
1307,娘,3564,狼,2
1309,娟,1315,娲,2
1309,娟,1318,娼,2
1317,娶,4714,聚,2
1320,婆,1295,姿,2
1323,婕,1290,姨,2
1326,婢,1331,婵,2
1328,婪,2703,梦,2
1331,婵,1326,婢,2
1335,婿,1337,媚,2
1337,媚,1585,嵋,2
1339,媪,1318,娼,2
1341,媳,3447,熄,2
1346,嫂,1341,媳,2
1370,子,81,于,2
1370,子,1667,干,2
1371,孑,2052,手,2
1375,字,1410,宗,2
1376,存,671,右,2
1380,孜,6838,驳,2
1384,季,1378,孚,2
1384,季,4175,秀,2
1385,孤,2087,抓,2
1385,孤,4762,胍,2
1388,孩,6857,骇,2
1399,它,1401,宅,2
1401,宅,1399,它,2
1401,宅,1472,尘,2
1402,宇,1375,字,2
1402,宇,1398,宁,2
1402,宇,3502,牢,2
1403,守,1398,宁,2
1404,安,1401,宅,2
1406,完,1425,宪,2
1408,宓,1418,宠,2
1410,宗,1375,字,2
1410,宗,1405,宋,2
1410,宗,1417,实,2
1412,宙,100,亩,2
1413,定,4928,良,2
1413,定,6021,辶,2
1415,宜,3933,直,2
1416,宝,1401,宅,2
1419,审,3502,牢,2
1421,宣,1415,宜,2
1426,宫,1443,富,2
1428,宰,3502,牢,2
1431,宵,4728,肖,2
1431,宵,6644,霄,2
1438,寂,2373,敦,2
1441,密,4241,窑,2
1445,寒,5072,荩,2
1446,寓,1443,富,2
1453,寨,2287,搴,2
1456,寸,2054,才,2
1461,寿,1225,奉,2
1462,封,5162,葑,2
1465,尉,1989,慰,2
1471,尖,1213,失,2
1473,尚,4992,苘,2
1479,尧,356,兄,2
1481,就,3532,犹,2
1483,尸,1484,尹,2
1485,尺,1206,天,2
1499,屋,1489,尾,2
1499,屋,1493,层,2
1503,屑,1507,屠,2
1503,屑,3937,盾,2
1506,属,1496,屈,2
1513,屯,707,吨,2
1518,岁,647,发,2
1518,岁,1468,少,2
1519,岂,4946,芑,2
1521,岌,4958,芨,2
1524,岑,1573,崟,2
1525,岔,1838,忿,2
1525,岔,3911,盆,2
1538,岭,1560,峪,2
1550,峋,1534,岣,2
1565,崃,1553,峡,2
1569,崔,1570,崖,2
1577,崩,5143,萌,2
1580,崴,5176,葳,2
1581,崽,1595,嵬,2
1586,嵌,5100,莰,2
1608,州,1900,恻,2
1611,工,561,匚,2
1611,工,602,卫,2
1611,工,1027,土,2
1618,巯,3784,疏,2
1621,巳,1622,巴,2
1622,巴,1620,已,2
1622,巴,1621,巳,2
1623,巷,5021,茎,2
1629,帅,1825,忡,2
1631,师,1629,帅,2
1638,帖,5784,贴,2
1642,帛,35,串,2
1647,帧,1638,帖,2
1651,帷,1942,惟,2
1660,幔,1965,愎,2
1666,幪,5448,蠓,2
1667,干,81,于,2
1667,干,575,十,2
1667,干,1483,尸,2
1668,平,54,乎,2
1669,年,77,争,2
1669,年,401,军,2
1671,幸,6011,辛,2
1673,幻,1674,幼,2
1676,广,80,亍,2
1678,庄,620,压,2
1681,床,1705,康,2
1682,庋,1699,度,2
1686,库,622,厍,2
1689,庖,603,卮,2
1699,度,4958,芨,2
1700,座,1690,店,2
1705,康,833,唐,2
1709,庾,1692,庚,2
1717,廙,3843,痹,2
1721,廴,51,之,2
1723,廷,6062,适,2
1724,建,6082,速,2
1724,建,6088,逮,2
1725,廾,4933,艹,2
1736,式,2862,武,2
1744,张,4496,绌,2
1752,弱,2874,殉,2
1752,弱,6845,驺,2
1753,弹,2881,殚,2
1766,形,455,刊,2
1766,形,1767,彤,2
1781,往,192,住,2
1781,往,4473,纴,2
1782,征,1784,径,2
1783,徂,251,俎,2
1786,徇,4509,绚,2
1787,很,3547,狠,2
1789,徊,4490,细,2
1803,微,4595,缴,2
1804,徵,1803,微,2
1806,徼,4595,缴,2
1810,必,1808,心,2
1810,必,2977,沁,2
1810,必,3022,泌,2
1818,忒,2018,戍,2
1820,志,22,东,2
1820,志,1821,忘,2
1821,忘,1813,忌,2
1824,忠,1820,志,2
1827,忧,164,优,2
1829,快,1052,块,2
1829,快,1643,帜,2
1829,快,3370,炔,2
1833,念,709,含,2
1846,怊,1915,悟,2
1848,怎,1817,忑,2
1851,怔,1878,恒,2
1852,怕,1637,帕,2
1852,怕,2121,拍,2
1854,怙,1862,性,2
1856,怜,182,伶,2
1857,思,1814,忍,2
1857,思,1824,忠,2
1858,怠,1838,忿,2
1858,怠,1860,急,2
1862,性,3508,牲,2
1863,怨,1850,怒,2
1863,怨,1879,恕,2
1885,恤,1878,恒,2
1886,恧,1875,恋,2
1891,恬,1859,怡,2
1895,恳,1813,忌,2
1905,悄,2702,梢,2
1913,悛,1965,愎,2
1919,悦,1876,恍,2
1920,您,1872,恁,2
1920,您,1916,悠,2
1927,悴,1930,悼,2
1930,悼,2215,掉,2
1930,悼,2731,棹,2
1935,惋,4827,腕,2
1936,惑,1970,感,2
1941,惝,1905,悄,2
1945,惧,1855,怛,2
1950,惭,3185,渐,2
1951,惮,2239,掸,2
1951,惮,3427,焯,2
1952,惯,1973,愤,2
1956,惶,1958,惺,2
1956,惶,2005,懊,2
1957,惹,5257,薏,2
1958,惺,1914,悝,2
1963,愉,5396,蝓,2
1966,意,1948,惫,2
1966,意,5257,薏,2
1967,愔,1940,惜,2
1968,愕,1972,愣,2
1969,愚,7125,黑,2
1977,愿,627,原,2
1984,慝,1895,恳,2
1992,憋,1998,憨,2
1993,憎,1173,增,2
1997,憧,1665,幢,2
1997,憧,2003,懂,2
2003,懂,1997,憧,2
2005,懊,3468,燠,2
2014,戈,2016,戋,2
2015,戊,2018,戍,2
2017,戌,2016,戋,2
2017,戌,2021,成,2
2019,戎,2023,戒,2
2020,戏,1457,对,2
2020,戏,5781,贱,2
2021,成,785,咸,2
2021,成,1108,城,2
2025,或,2021,成,2
2027,战,3088,浅,2
2028,戚,785,咸,2
2028,戚,1296,威,2
2038,戳,2037,戮,2
2043,房,2047,扅,2
2044,所,1835,忻,2
2052,手,81,于,2
2052,手,2079,承,2
2052,手,3498,牛,2
2056,扑,2057,扒,2
2057,扒,2056,扑,2
2061,扛,2562,杠,2
2062,扣,2544,机,2
2068,扬,2129,拘,2
2069,扭,2576,杻,2
2072,扰,2075,批,2
2072,扰,2135,拢,2
2073,扳,2100,报,2
2073,扳,2115,拆,2
2074,扶,2168,挟,2
2075,批,2582,枇,2
2079,承,1760,录,2
2083,抉,1052,块,2
2084,把,2104,抱,2
2084,把,2575,杷,2
2085,抑,145,仰,2
2085,抑,2262,揶,2
2086,抒,2099,护,2
2086,抒,2123,拐,2
2087,抓,1049,坏,2
2087,抓,2076,扺,2
2089,投,2214,授,2
2090,抖,2120,拌,2
2091,抗,1051,坑,2
2091,抗,2578,松,2
2092,折,1040,圻,2
2092,折,1835,忻,2
2092,折,2056,扑,2
2097,抡,2060,托,2
2097,抡,2104,抱,2
2098,抢,2598,枪,2
2101,抨,1065,坪,2
2101,抨,2063,扦,2
2101,抨,2174,挥,2
2105,抵,2092,折,2
2106,抹,2587,林,2
2108,押,2107,抻,2
2109,抽,2107,抻,2
2109,抽,2116,拇,2
2109,抽,2121,拍,2
2109,抽,2620,柚,2
2113,拄,2097,抡,2
2113,拄,2631,柱,2
2114,担,1062,坦,2
2115,拆,1073,坼,2
2117,拈,1066,坫,2
2117,拈,2103,抬,2
2117,拈,2601,枯,2
2118,拉,1075,垃,2
2122,拎,2609,柃,2
2124,拒,2084,把,2
2124,拒,2096,抠,2
2126,拔,2073,扳,2
2126,拔,2080,技,2
2126,拔,2102,披,2
2127,拖,2181,挹,2
2129,拘,1044,均,2
2133,拜,6252,释,2
2135,拢,2641,栊,2
2138,拥,2108,押,2
2142,择,2101,抨,2
2147,拱,2305,摸,2
2148,拳,1381,孝,2
2151,拷,2143,括,2
2152,拼,2652,栟,2
2154,拾,2070,扮,2
2156,持,2189,捋,2
2157,挂,2113,拄,2
2158,指,2248,描,2
2160,按,2672,桉,2
2165,挛,1389,孪,2
2165,挛,3606,率,2
2167,挞,1099,垯,2
2169,挠,2157,挂,2
2172,挣,2142,择,2
2173,挤,2171,挢,2
2174,挥,2225,探,2
2177,挪,2085,抑,2
2178,挫,2113,拄,2
2182,挺,2188,捉,2
2182,挺,2696,梃,2
2183,挽,2163,挖,2
2183,挽,2267,搀,2
2184,捂,2216,掊,2
2184,捂,2704,梧,2
2185,捃,2204,据,2
2188,捉,2249,提,2
2191,捍,1908,悍,2
2196,捞,2111,拂,2
2198,捡,2118,拉,2
2198,捡,2139,拦,2
2198,捡,2713,检,2
2204,据,2110,抿,2
2207,捶,2728,棰,2
2209,捺,2161,挎,2
2210,捻,1117,埝,2
2212,掂,2204,据,2
2214,授,2089,投,2
2215,掉,2731,棹,2
2216,掊,2275,搒,2
2217,掌,1402,宇,2
2223,掘,1129,堀,2
2224,掠,1934,惊,2
2227,接,2160,按,2
2229,推,1131,堆,2
2229,推,2739,椎,2
2231,措,2151,拷,2
2231,措,2194,捐,2
2231,措,2256,揩,2
2245,揉,2333,操,2
2247,揎,2332,擅,2
2248,描,2231,措,2
2249,提,2188,捉,2
2249,提,2265,揾,2
2252,揞,2216,掊,2
2252,揞,2231,措,2
2256,揩,2765,楷,2
2265,揾,6002,辒,2
2266,揿,2211,掀,2
2270,搅,2183,挽,2
2275,搒,2196,捞,2
2280,搞,2234,掮,2
2280,搞,3521,犒,2
2282,搡,2245,揉,2
2282,搡,2273,搏,2
2282,搡,2333,操,2
2284,搪,1156,塘,2
2286,搭,2240,掺,2
2294,摆,2291,摁,2
2305,摸,2147,拱,2
2305,摸,2199,换,2
2306,摹,4451,纂,2
2309,撂,2301,摞,2
2312,撇,2314,撒,2
2312,撇,2319,撤,2
2312,撇,2339,擞,2
2314,撒,3311,潵,2
2321,撬,2818,橇,2
2322,播,1175,墦,2
2324,撰,2294,摆,2
2327,撸,2827,橹,2
2329,撼,2002,憾,2
2342,擦,2228,控,2
2350,支,5836,走,2
2356,攻,2841,次,2
2357,放,2371,敢,2
2357,放,4474,纵,2
2358,政,2845,欧,2
2358,政,3623,玫,2
2359,故,2357,放,2
2359,故,2362,敌,2
2360,效,2357,放,2
2364,救,2134,拟,2
2367,教,1380,孜,2
2369,敝,2370,敞,2
2369,敝,5831,赦,2
2372,散,2375,敬,2
2379,敷,2376,数,2
2386,斗,32,丬,2
2393,斤,123,介,2
2396,斩,5960,轨,2
2396,斩,6675,靳,2
2401,方,82,亏,2
2403,施,4475,纶,2
2417,既,3943,眊,2
2418,日,3929,目,2
2419,旦,15,且,2
2429,旴,3931,盱,2
2433,旺,3952,眨,2
2436,昂,686,吊,2
2436,昂,1641,帚,2
2436,昂,2441,昌,2
2445,昔,6663,青,2
2447,昙,4612,罢,2
2448,昝,760,咎,2
2452,昧,3956,眯,2
2452,昧,3967,睐,2
2453,昨,3946,眙,2
2455,是,2456,昱,2
2460,昼,1488,尽,2
2465,晋,1896,恶,2
2465,晋,2445,昔,2
2470,晔,807,哗,2
2474,晚,2469,晓,2
2479,晦,3964,睁,2
2479,晦,6222,酶,2
2491,暄,902,喧,2
2495,暑,5164,著,2
2497,暗,2485,晴,2
2499,暧,936,嗳,2
2501,暮,542,募,2
2522,月,3929,目,2
2524,朊,4744,肮,2
2525,朋,460,刖,2
2527,朐,2435,昀,2
2527,朐,4789,胸,2
2530,朗,6157,郎,2
2535,木,2538,本,2
2535,木,2540,术,2
2536,未,2564,来,2
2536,未,4174,禾,2
2538,本,2535,木,2
2539,札,2559,杜,2
2542,朴,2587,林,2
2543,朵,725,呆,2
2543,朵,4293,笨,2
2545,朽,2551,杉,2
2548,权,648,叔,2
2553,李,1384,季,2
2554,杏,4177,秃,2
2561,束,4677,耒,2
2562,杠,2549,杆,2
2564,来,2628,柬,2
2564,来,4391,米,2
2570,杯,1839,怀,2
2570,杯,2088,抔,2
2571,杰,2554,杏,2
2572,杲,2590,果,2
2574,杵,1826,忤,2
2575,杷,2084,把,2
2576,杻,2069,扭,2
2577,杼,2086,抒,2
2578,松,2551,杉,2
2579,板,2589,枚,2
2579,板,2632,柳,2
2580,极,2579,板,2
2581,构,2566,杨,2
2582,枇,1261,妣,2
2582,枇,2075,批,2
2583,枉,2113,拄,2
2583,枉,2666,桂,2
2586,枕,2596,枧,2
2586,枕,4199,秾,2
2587,林,2655,株,2
2589,枚,2548,权,2
2589,枚,2653,校,2
2591,枝,2089,投,2
2599,枫,2596,枧,2
2601,枯,2591,枝,2
2601,枯,2684,档,2
2601,枯,4143,祜,2
2602,枰,2101,抨,2
2607,枸,2557,杓,2
2609,柃,2648,栓,2
2610,柄,2566,杨,2
2610,柄,2595,枥,2
2611,柈,2658,样,2
2615,柒,2633,柴,2
2615,柒,3323,澡,2
2616,染,2615,柒,2
2618,柘,2125,拓,2
2619,柙,2108,押,2
2621,柜,2670,框,2
2623,柞,2112,拃,2
2624,柠,2737,椋,2
2626,查,2573,杳,2
2631,柱,2645,栏,2
2633,柴,2615,柒,2
2633,柴,4441,紫,2
2635,柿,2595,枥,2
2638,标,1376,存,2
2638,标,2587,林,2
2639,栈,2078,找,2
2645,栏,2118,拉,2
2647,栒,2129,拘,2
2648,栓,2713,检,2
2653,校,2089,投,2
2655,株,2712,梾,2
2658,样,2775,榉,2
2658,样,4149,祥,2
2660,根,1088,垠,2
2666,桂,2675,桎,2
2667,桃,2582,枇,2
2671,案,1428,宰,2
2674,桌,4876,臬,2
2676,桐,2629,柯,2
2677,桑,2079,承,2
2678,桓,2621,柜,2
2679,桔,2145,拮,2
2679,桔,2704,梧,2
2680,桕,2121,拍,2
2682,桡,2169,挠,2
2685,桤,1899,恺,2
2686,桥,2171,挢,2
2692,桴,4202,稃,2
2693,桶,2566,杨,2
2693,桶,2694,桷,2
2694,桷,2693,桶,2
2694,桷,2697,梅,2
2697,梅,2694,桷,2
2700,梓,2299,摔,2
2701,梗,4413,粳,2
2703,梦,1328,婪,2
2713,检,2690,桩,2
2714,棁,2668,桄,2
2720,棕,2638,标,2
2720,棕,2773,榇,2
2720,棕,4416,粽,2
2722,棚,1134,堋,2
2730,棵,2225,探,2
2739,椎,2623,柞,2
2741,椑,2795,槔,2
2741,椑,4208,稗,2
2752,楂,2738,植,2
2757,楞,2604,枵,2
2759,楣,1337,媚,2
2764,楱,2780,榛,2
2772,榆,1963,愉,2
2773,榇,2700,梓,2
2773,榇,2720,棕,2
2788,榷,2297,摊,2
2793,槎,2276,搓,2
2797,槛,2685,桤,2
2798,槜,2288,携,2
2800,槠,2762,楮,2
2831,檎,2336,擒,2
2835,檠,2334,擎,2
2836,檩,2773,榇,2
2836,檩,2829,檀,2
2840,欠,5762,贝,2
2842,欢,719,吹,2
2842,欢,5555,观,2
2851,款,2366,敖,2
2851,款,2856,歌,2
2863,歧,1523,岐,2
2870,殃,4068,硖,2
2876,残,2020,戏,2
2888,段,1778,役,2
2900,比,559,北,2
2901,毕,4941,芊,2
2918,氏,2900,比,2
2918,氏,2919,氐,2
2919,氐,2918,氏,2
2920,民,4927,艮,2
2921,氓,3635,珉,2
2929,氟,2932,氤,2
2935,氨,2928,氛,2
2935,氨,2934,氧,2
2935,氨,2937,氪,2
2935,氨,2939,氯,2
2937,氪,2938,氮,2
2938,氮,2937,氪,2
2939,氯,2929,氟,2
2942,水,2944,永,2
2943,氵,407,冫,2
2946,汀,3009,河,2
2952,汉,5607,议,2
2953,汊,2952,汉,2
2954,汐,2973,汶,2
2955,汔,2975,汽,2
2956,汕,3011,油,2
2957,汗,3003,沪,2
2960,汝,3011,油,2
2965,汤,2994,沟,2
2966,汨,2420,旧,2
2968,汪,3036,泣,2
2968,汪,3038,注,2
2969,汭,4472,纳,2
2975,汽,5605,讫,2
2976,汾,3051,泻,2
2984,沉,2983,沈,2
2999,沦,3000,沧,2
2999,沦,4475,纶,2
3001,沨,5620,讽,2
3003,沪,3098,浐,2
3005,沭,2987,沐,2
3006,沮,754,咀,2
3007,沱,5661,诧,2
3009,河,1071,坷,2
3010,沸,5610,讲,2
3012,治,2976,汾,2
3012,治,3084,洽,2
3014,沽,3015,沾,2
3016,沿,415,冶,2
3016,沿,3013,沼,2
3016,沿,3084,洽,2
3019,泅,3056,洄,2
3019,泅,3057,洇,2
3019,泅,3075,洱,2
3020,泉,3373,炙,2
3022,泌,2977,沁,2
3030,泛,3036,泣,2
3030,泛,3054,泾,2
3032,泞,2964,污,2
3034,泡,2999,沦,2
3035,波,2971,汲,2
3037,泥,3042,泯,2
3038,注,3030,泛,2
3039,泪,2420,旧,2
3039,泪,2967,汩,2
3039,泪,3010,沸,2
3039,泪,5628,诅,2
3041,泮,3068,洣,2
3042,泯,3037,泥,2
3049,泸,3003,沪,2
3051,泻,5662,诨,2
3052,泼,4486,绂,2
3053,泽,3102,浔,2
3053,泽,3172,淬,2
3055,洁,3026,法,2
3055,洁,3084,洽,2
3055,洁,3113,浩,2
3055,洁,4503,结,2
3057,洇,3151,涸,2
3058,洋,3041,泮,2
3066,洛,415,冶,2
3066,洛,3642,珞,2
3067,洞,425,凋,2
3067,洞,5688,调,2
3071,洨,4513,绞,2
3079,洵,5656,询,2
3082,活,3012,治,2
3083,洼,3054,泾,2
3084,洽,3012,治,2
3087,浃,3134,涞,2
3089,浆,2689,桨,2
3090,浇,236,侥,2
3099,浑,401,军,2
3101,浓,2983,沈,2
3104,浙,823,哳,2
3104,浙,2398,断,2
3105,浚,3071,洨,2
3107,浞,3153,淀,2
3110,浣,2975,汽,2
3111,浥,3186,渑,2
3121,涂,3174,深,2
3122,涅,3223,湿,2
3123,消,5657,诣,2
3126,涎,1722,延,2
3127,涑,3004,沫,2
3127,涑,5699,谏,2
3130,涕,1743,弟,2
3131,涘,3139,涣,2
3132,涛,3241,溱,2
3134,涞,3068,洣,2
3137,涡,3159,淌,2
3140,涤,3174,深,2
3141,润,425,凋,2
3141,润,3142,涧,2
3142,涧,3056,洄,2
3143,涨,3134,涞,2
3149,液,3804,疯,2
3151,涸,425,凋,2
3153,淀,1413,定,2
3153,淀,3036,泣,2
3154,淄,4547,缁,2
3160,淏,3218,湨,2
3163,淘,3079,洵,2
3171,淫,5718,谣,2
3174,深,3140,涤,2
3175,淳,3164,淙,2
3176,混,4532,绲,2
3189,渗,5632,诊,2
3190,渚,5677,诸,2
3191,渝,3211,湔,2
3194,渣,3347,瀵,2
3197,温,3223,湿,2
3199,渭,3128,涓,2
3202,渴,5657,诣,2
3207,湉,1891,恬,2
3213,湘,3934,相,2
3217,湟,3223,湿,2
3218,湨,3160,淏,2
3222,湾,5719,谤,2
3232,溜,3154,淄,2
3235,溢,3231,溘,2
3243,溴,3218,湨,2
3243,溴,3326,澳,2
3244,溶,3066,洛,2
3250,滂,5719,谤,2
3252,滇,3284,漠,2
3256,滑,3128,涓,2
3258,滔,5689,谄,2
3263,滞,3133,涝,2
3271,滨,3106,浜,2
3271,滨,3110,浣,2
3271,滨,3139,涣,2
3280,漏,3313,潺,2
3282,演,3271,滨,2
3284,漠,3184,渎,2
3291,漱,3166,淞,2
3294,漹,3281,漓,2
3295,漾,3182,渌,2
3296,潆,3109,浡,2
3302,潜,3283,漕,2
3302,潜,3312,潸,2
3306,潦,963,嘹,2
3307,潭,3257,滓,2
3308,潮,2532,朝,2
3323,澡,3174,深,2
3326,澳,1238,奥,2
3326,澳,3243,溴,2
3333,濉,3272,滩,2
3359,灶,4130,社,2
3360,灸,4010,矢,2
3362,灾,1400,宄,2
3366,炉,1255,妒,2
3373,炙,3360,灸,2
3376,炟,1855,怛,2
3382,炱,1858,怠,2
3389,炽,3398,烛,2
3391,烁,3388,炼,2
3392,烂,3393,烃,2
3394,烈,5503,裂,2
3396,烘,792,哄,2
3396,烘,3377,炫,2
3396,烘,3404,烧,2
3397,烙,1889,恪,2
3397,烙,3393,烃,2
3397,烙,3423,焙,2
3398,烛,3359,灶,2
3399,烜,1878,恒,2
3404,烧,1300,娆,2
3404,烧,5356,蛲,2
3416,焊,2191,捍,2
3427,焯,1930,悼,2
3433,煌,3406,烩,2
3449,熏,6254,重,2
3450,熔,3402,烤,2
3460,熵,3465,燏,2
3464,燎,963,嘹,2
3466,燔,1664,幡,2
3481,父,47,久,2
3482,爷,682,各,2
3482,爷,2395,斧,2
3497,牚,2217,掌,2
3498,牛,579,午,2
3498,牛,2386,斗,2
3499,牝,3501,牡,2
3501,牡,4730,肚,2
3504,牧,2353,收,2
3505,物,3760,畅,2
3508,牲,4769,胜,2
3510,特,2156,持,2
3511,牺,4404,粞,2
3517,犊,2743,椟,2
3524,犬,595,卡,2
3524,犬,1477,尤,2
3529,状,1827,忧,2
3537,狈,3536,狄,2
3539,狍,2104,抱,2
3539,狍,3543,狗,2
3541,狐,1385,孤,2
3542,狒,2111,拂,2
3543,狗,3535,狃,2
3546,狞,3550,狩,2
3555,狰,2172,挣,2
3564,狼,3547,狠,2
3564,狼,4201,稂,2
3570,猎,3584,猫,2
3574,猗,2218,掎,2
3576,猜,3583,猪,2
3580,猢,4422,糊,2
3584,猫,3570,猎,2
3585,猬,3590,猸,2
3587,猱,2245,揉,2
3588,猴,4420,糇,2
3591,猹,2263,揸,2
3599,獠,2320,撩,2
3603,獴,2838,檬,2
3604,獾,2344,攉,2
3605,玄,96,亥,2
3607,玉,86,五,2
3608,王,3607,玉,2
3612,玖,2355,改,2
3615,玛,409,冯,2
3615,玛,3613,玙,2
3618,玡,5614,讶,2
3622,玩,5609,记,2
3623,玫,2356,攻,2
3629,玷,4263,站,2
3635,珉,2921,氓,2
3636,珊,5871,跚,2
3637,珍,2871,殄,2
3654,理,1107,埋,2
3660,琐,3649,珰,2
3660,琐,4071,硝,2
3663,琢,3152,涿,2
3667,琨,3176,混,2
3671,琮,3164,淙,2
3676,琵,2438,昆,2
3676,琵,3677,琶,2
3676,琵,3689,瑟,2
3677,琶,4278,笆,2
3678,琼,3671,琮,2
3685,瑚,3212,湖,2
3688,瑞,3208,湍,2
3689,瑟,3676,琵,2
3726,瓴,6730,领,2
3728,瓷,3724,瓮,2
3739,甜,4484,绀,2
3740,生,359,先,2
3749,田,1007,团,2
3750,由,3749,田,2
3750,由,6022,边,2
3752,申,3750,由,2
3754,男,659,另,2
3759,畀,3763,界,2
3770,畜,3915,盍,2
3773,番,5207,蓍,2
3774,畯,3965,睃,2
3777,畸,1568,崎,2
3782,疋,1622,巴,2
3791,疚,3800,疫,2
3793,疟,3805,疰,2
3794,疠,3801,疬,2
3798,疤,3803,疮,2
3801,疬,3794,疠,2
3803,疮,3806,疱,2
3805,疰,3823,痊,2
3806,疱,3803,疮,2
3815,疾,3791,疚,2
3821,痈,3830,痛,2
3821,痈,3839,痫,2
3825,痒,3849,瘅,2
3828,痖,3820,症,2
3829,痘,3822,痉,2
3839,痫,3821,痈,2
3840,痰,3815,疾,2
3842,痴,4012,知,2
3843,痹,1702,庳,2
3859,瘟,3866,瘪,2
3865,瘩,3835,痦,2
3865,瘩,3837,痨,2
3865,瘩,3850,瘆,2
3871,瘴,3825,痒,2
3871,瘴,3847,瘁,2
3879,癌,3859,瘟,2
3891,百,3890,白,2
3891,百,4019,石,2
3895,皇,726,呈,2
3895,皇,3892,皂,2
3908,皿,1001,四,2
3911,盆,3920,盒,2
3911,盆,6935,鱼,2
3922,盖,3914,益,2
3922,盖,4631,羞,2
3929,目,2418,日,2
3929,目,2512,曰,2
3930,盯,2431,旷,2
3934,相,2676,桐,2
3934,相,2774,榈,2
3937,盾,302,值,2
3938,省,6826,首,2
3944,看,6829,香,2
3948,真,3933,直,2
3955,眭,3772,畦,2
3958,眶,3969,睚,2
3959,眷,478,券,2
3959,眷,2451,春,2
3959,眷,3963,着,2
3963,着,3944,看,2
3964,睁,3960,眸,2
3967,睐,3956,眯,2
3968,睑,4815,脸,2
3972,睢,6631,雕,2
3975,睦,3955,眭,2
3978,睬,3956,眯,2
3978,睬,3991,瞟,2
3979,睹,3953,眩,2
3984,瞄,3990,瞒,2
3993,瞢,5204,蓇,2
3994,瞥,4847,膂,2
3994,瞥,7017,鳖,2
3995,瞧,968,噍,2
3995,瞧,3439,照,2
3996,瞩,959,嘱,2
3997,瞪,970,噔,2
3999,瞭,963,嘹,2
4010,矢,1206,天,2
4020,矶,4024,矾,2
4021,矸,2867,歼,2
4021,矸,4050,砰,2
4022,矻,4048,砭,2
4031,砍,4067,硕,2
4035,砖,4045,砧,2
4045,砧,4067,硕,2
4048,砭,4060,硁,2
4053,砸,4066,硒,2
4060,硁,4057,砼,2
4061,硅,4035,砖,2
4061,硅,4060,硁,2
4080,碉,4065,硐,2
4086,碗,3778,畹,2
4098,碲,4564,缔,2
4105,磅,4090,碜,2
4108,磋,4104,磁,2
4119,礁,4085,碓,2
4127,示,1370,子,2
4134,祆,5482,袂,2
4145,神,146,仲,2
4149,祥,2658,样,2
4151,票,2650,栗,2
4151,票,4405,粟,2
4162,禄,4081,碌,2
4170,禹,3301,潘,2
4171,禺,2444,易,2
4174,禾,2052,手,2
4174,禾,4127,示,2
4178,秆,4181,种,2
4180,秋,3536,狄,2
4183,秒,2568,杪,2
4183,秒,4185,秘,2
4185,秘,4180,秋,2
4186,租,4400,粗,2
4186,租,5489,袒,2
4189,秦,2673,桊,2
4191,秩,4194,积,2
4194,积,2603,枳,2
4194,积,4190,秧,2
4196,秸,4203,稆,2
4197,移,4198,秽,2
4197,移,4202,稃,2
4202,稃,2692,桴,2
4203,稆,4194,积,2
4205,稍,2702,梢,2
4206,税,2714,棁,2
4206,税,4194,积,2
4207,稔,4213,稳,2
4209,稚,2739,椎,2
4212,稣,6210,酥,2
4217,稼,4195,称,2
4226,穴,2840,欠,2
4227,究,4249,窟,2
4228,穷,521,劣,2
4228,穷,4232,穿,2
4230,穹,1439,寄,2
4231,空,1406,完,2
4232,穿,1439,寄,2
4232,穿,4974,芽,2
4234,突,1436,宾,2
4236,窄,1434,容,2
4241,窑,4244,窖,2
4246,窘,4254,窨,2
4260,立,3605,玄,2
4260,立,5836,走,2
4264,竞,104,亮,2
4264,竞,4177,秃,2
4268,童,4265,竟,2
4275,竿,4606,罕,2
4285,笕,4342,箢,2
4290,笤,1838,忿,2
4296,第,4314,策,2
4302,笼,1418,宠,2
4306,等,4274,竽,2
4308,筌,1573,崟,2
4312,筒,4331,简,2
4313,答,4288,笞,2
4313,答,4330,签,2
4314,策,4293,笨,2
4330,签,639,叁,2
4334,箐,4353,箸,2
4338,算,4884,舁,2
4339,箜,4341,管,2
4340,箝,4351,箱,2
4341,管,4339,箜,2
4342,箢,2904,毙,2
4344,箧,4310,筐,2
4352,箴,1427,宬,2
4355,篆,4714,聚,2
4361,篙,1593,嵩,2
4371,篷,4573,缝,2
4390,籍,5269,藉,2
4391,米,581,半,2
4391,米,2541,朱,2
4391,米,2564,来,2
4395,籽,4678,耔,2
4397,粑,4683,耙,2
4399,粕,2121,拍,2
4399,粕,4401,粘,2
4401,粘,4398,粒,2
4410,粮,2660,根,2
4411,粱,2590,果,2
4426,糖,4431,糠,2
4429,糜,2303,摩,2
4436,系,105,亲,2
4438,素,2819,橐,2
4439,索,1379,孛,2
4439,索,4438,素,2
4441,紫,2633,柴,2
4443,絮,4440,紧,2
4454,纠,663,叫,2
4454,纠,4458,纤,2
4456,红,112,亿,2
4456,红,2962,江,2
4458,纤,2957,汗,2
4458,纤,4455,纡,2
4461,级,4474,纵,2
4461,级,4478,纹,2
4464,纪,2959,汜,2
4464,纪,4456,红,2
4466,纬,3010,沸,2
4467,纭,4507,绘,2
4468,纯,2985,沌,2
4470,纱,2991,沙,2
4470,纱,4028,砂,2
4475,纶,2999,沦,2
4476,纷,4500,绐,2
4476,纷,4506,绗,2
4478,纹,2355,改,2
4479,纺,172,伤,2
4480,纻,177,伫,2
4481,纽,6312,钮,2
4483,线,161,伐,2
4483,线,6790,饯,2
4485,绁,4484,绀,2
4487,练,417,冻,2
4488,组,189,但,2
4488,组,4481,纽,2
4492,终,205,佟,2
4494,绊,149,件,2
4497,绍,5637,诏,2
4499,经,23,丝,2
4499,经,3054,泾,2
4502,绒,4550,缄,2
4503,结,223,侄,2
4503,结,5646,诘,2
4507,绘,240,侩,2
4507,绘,4508,给,2
4508,给,4500,绐,2
4509,绚,203,佝,2
4511,络,3066,洛,2
4511,络,4492,终,2
4513,绞,219,佼,2
4516,绡,4517,绢,2
4516,绡,4531,绱,2
4518,绣,5670,诱,2
4519,绤,255,俗,2
4520,绥,6807,馁,2
4522,继,4496,绌,2
4522,继,5712,谜,2
4524,绩,300,债,2
4524,绩,4526,绫,2
4527,续,5680,读,2
4534,维,3173,淮,2
4536,绶,4563,缓,2
4538,绸,4490,细,2
4538,绸,5688,调,2
4539,绹,4509,绚,2
4542,综,1410,宗,2
4542,综,3671,琮,2
4542,综,4580,缥,2
4547,缁,3154,淄,2
4550,缄,4502,绒,2
4560,缏,4515,绠,2
4564,缔,4584,缩,2
4565,缕,318,偻,2
4565,缕,3227,溇,2
4566,编,5713,谝,2
4568,缘,4545,绿,2
4570,缚,4548,缂,2
4572,缜,6456,镇,2
4579,缤,327,傧,2
4580,缥,6471,镖,2
4583,缨,3703,璎,2
4585,缪,6481,镠,2
4588,缭,337,僚,2
4588,缭,6484,镣,2
4590,缯,5934,蹭,2
4593,缲,3323,澡,2
4604,网,392,冈,2
4626,美,378,关,2
4626,美,4625,羌,2
4628,羔,1880,恙,2
4628,羔,3922,盖,2
4634,群,6167,郡,2
4653,翚,4655,翠,2
4654,翟,6619,雀,2
4666,翼,4647,翌,2
4668,老,14,专,2
4671,者,3938,省,2
4674,而,5550,西,2
4677,耒,2564,来,2
4683,耙,4681,耗,2
4697,耵,3930,盯,2
4717,聱,6875,骜,2
4724,肉,391,内,2
4730,肚,4769,胜,2
4732,肜,1767,彤,2
4736,股,4788,胶,2
4737,肢,4736,股,2
4737,肢,4788,胶,2
4740,肩,2046,扃,2
4744,肮,4741,肪,2
4744,肮,4812,脱,2
4747,育,3932,盲,2
4748,肴,1632,希,2
4757,胂,4754,肿,2
4757,胂,4768,胛,2
4759,胄,4758,胃,2
4761,背,4796,脊,2
4763,胎,4741,肪,2
4763,胎,4769,胜,2
4764,胖,3766,畔,2
4764,胖,4754,肿,2
4764,胖,4816,脾,2
4769,胜,4808,脞,2
4775,胧,4742,肫,2
4776,胨,4798,脎,2
4787,胴,1890,恫,2
4789,胸,2527,朐,2
4793,脂,4763,胎,2
4794,脆,4771,胞,2
4796,脊,4745,肯,2
4801,脑,1901,恼,2
4812,脱,4806,脘,2
4819,腊,4818,腈,2
4844,腾,4818,腈,2
4846,膀,1946,惨,2
4846,膀,4782,胯,2
4852,膘,4828,腙,2
4852,膘,4836,腰,2
4864,臀,4866,臂,2
4866,臂,4864,臀,2
4869,臊,3966,睇,2
4873,臣,565,匡,2
4874,臧,427,减,2
4879,致,2355,改,2
4889,舌,657,古,2
4889,舌,727,告,2
4902,航,4903,舫,2
4904,般,4915,船,2
4906,舯,5576,触,2
4911,舵,4902,航,2
4913,舷,4902,航,2
4922,艏,4918,艄,2
4927,艮,4928,良,2
4929,艰,1088,垠,2
4935,艽,4981,苋,2
4937,艿,4968,芳,2
4941,芊,4942,芋,2
4941,芊,5008,苹,2
4943,芍,4996,苟,2
4947,芒,376,兰,2
4947,芒,4945,芏,2
4952,芝,4934,艺,2
4954,芡,5024,茓,2
4954,芡,5033,茨,2
4962,芬,4969,芴,2
4965,芯,5241,蕊,2
4966,芰,5017,茇,2
4978,苇,5010,茀,2
4981,苋,4954,芡,2
4991,苗,4987,苒,2
4991,苗,5118,菌,2
4992,苘,5040,茴,2
4994,苜,5041,茵,2
5002,苦,2445,昔,2
5004,苯,5101,莱,2
5005,英,5075,荬,2
5008,苹,4624,羊,2
5008,苹,4957,芦,2
5013,范,4980,苊,2
5013,范,4981,苋,2
5015,茅,5071,荨,2
5016,茆,5028,茚,2
5018,茈,4949,芘,2
5021,茎,5132,菱,2
5025,茔,4991,苗,2
5032,茧,5011,茁,2
5032,茧,5305,虽,2
5033,茨,5100,莰,2
5035,茬,5054,荐,2
5038,茱,2613,某,2
5038,茱,5019,茉,2
5042,茶,5038,茱,2
5046,茼,4992,苘,2
5052,草,5090,莘,2
5052,草,6673,革,2
5053,荏,4967,花,2
5054,荐,4671,者,2
5054,荐,5164,著,2
5056,荒,5045,茺,2
5062,荞,4956,芥,2
5066,荣,2633,柴,2
5066,荣,5042,茶,2
5068,荥,5066,荣,2
5069,荦,5052,草,2
5070,荧,4954,芡,2
5070,荧,5151,萤,2
5077,荮,5009,苻,2
5079,荷,5009,苻,2
5079,荷,5047,荀,2
5079,荷,5054,荐,2
5081,荻,5156,萩,2
5085,莆,4975,芾,2
5086,莉,501,剥,2
5087,莎,4998,苡,2
5100,莰,5033,茨,2
5102,莲,6042,连,2
5111,莽,5173,葬,2
5119,菏,5065,荡,2
5123,菜,5038,茱,2
5132,菱,4966,芰,2
5133,菲,4615,罪,2
5142,萋,5145,萎,2
5144,萍,1696,庠,2
5145,萎,5083,荽,2
5148,萘,5082,荼,2
5150,萝,5109,莺,2
5150,萝,5152,营,2
5152,营,5115,菅,2
5154,萧,386,兼,2
5160,落,1155,塔,2
5164,著,5207,蓍,2
5164,著,5238,蕃,2
5169,葡,554,匍,2
5169,葡,5234,蔺,2
5170,董,1132,堇,2
5177,葵,1228,奏,2
5190,蒜,5073,荪,2
5194,蒲,5085,莆,2
5196,蒸,3467,燕,2
5197,蒹,386,兼,2
5207,蓍,5164,著,2
5218,蓬,5102,莲,2
5225,蔗,1704,庶,2
5231,蔷,5113,菁,2
5237,蔽,5263,薮,2
5254,薄,5194,蒲,2
5258,薛,5155,萨,2
5258,薛,5272,藓,2
5259,薜,5258,薛,2
5262,薪,5128,菥,2
5264,薯,2501,暮,2
5272,藓,5258,薛,2
5281,蘑,5225,蔗,2
5282,蘖,2834,檗,2
5290,虏,1683,序,2
5291,虐,5294,虚,2
5294,虚,5289,虎,2
5294,虚,5291,虐,2
5298,虬,5299,虮,2
5304,虼,5303,虻,2
5308,蚀,6794,饳,2
5311,蚊,5349,蛟,2
5313,蚌,5346,蛙,2
5319,蚣,5321,蚧,2
5327,蚰,6330,铀,2
5352,蛭,5333,蛀,2
5353,蛮,4264,竞,2
5363,蜂,5345,蛘,2
5366,蜈,1314,娱,2
5373,蜕,5381,蜣,2
5374,蜗,5370,蜎,2
5375,蜘,5900,踟,2
5377,蜜,1441,密,2
5379,蜡,5440,蟥,2
5393,蝉,5345,蛘,2
5398,蝙,5360,蛹,2
5399,蝠,1658,幅,2
5399,蝠,5360,蛹,2
5406,蝶,5410,蝾,2
5423,螫,5402,蝥,2
5431,蟀,5435,蟑,2
5432,蟆,5378,蜞,2
5434,蟋,5439,蟠,2
5439,蟠,5434,蟋,2
5445,蠃,5828,赢,2
5449,蠕,5398,蝙,2
5453,蠢,5433,蟊,2
5457,血,1004,囟,2
5460,行,4458,纤,2
5460,行,4463,纩,2
5465,衡,5462,衔,2
5470,表,3358,灵,2
5473,衬,2556,村,2
5474,衮,366,兖,2
5475,衰,789,哀,2
5481,袁,5470,表,2
5483,袄,5482,袂,2
5488,袍,3380,炮,2
5490,袖,4145,神,2
5496,被,3807,疲,2
5501,袼,5511,裕,2
5511,裕,5501,袼,2
5512,裘,5497,袭,2
5516,裣,4077,硷,2
5525,裹,5477,衷,2
5537,褥,5506,裈,2
5538,褪,5507,裉,2
5544,襄,5477,衷,2
5544,襄,5525,裹,2
5553,覆,6655,霞,2
5554,见,3753,电,2
5554,见,5762,贝,2
5554,见,6760,风,2
5555,观,3626,现,2
5556,规,5325,蚬,2
5558,视,4180,秋,2
5562,觊,436,凯,2
5569,角,1527,岗,2
5569,角,3744,甪,2
5576,触,5570,觖,2
5581,言,709,含,2
5587,誉,5588,誊,2
5587,誉,7044,鸯,2
5588,誊,1216,夸,2
5592,警,5591,謦,2
5596,订,1673,幻,2
5596,订,6504,门,2
5599,讥,2990,沘,2
5600,讦,5616,许,2
5601,讧,4456,红,2
5603,让,2992,沚,2
5603,让,5624,证,2
5605,讫,4459,纥,2
5607,议,2973,汶,2
5609,记,5599,讥,2
5611,讳,4466,纬,2
5615,讷,4472,纳,2
5618,论,4475,纶,2
5618,论,5640,诒,2
5624,证,1782,征,2
5624,证,5603,让,2
5624,证,5612,讴,2
5626,诃,196,何,2
5627,评,5660,详,2
5629,识,2841,次,2
5631,诉,2978,沂,2
5631,诉,5653,诟,2
5634,诌,3187,渔,2
5635,词,184,伺,2
5635,词,687,同,2
5635,词,3009,河,2
5639,译,3065,洚,2
5639,译,4498,绎,2
5643,试,2862,武,2
5645,诗,4503,结,2
5648,诚,5664,诫,2
5649,诛,3004,沫,2
5651,话,5666,语,2
5656,询,4509,绚,2
5657,诣,3021,泊,2
5657,诣,3154,淄,2
5659,该,1083,垓,2
5660,详,1788,徉,2
5661,诧,772,咤,2
5661,诧,1086,垞,2
5661,诧,3007,沱,2
5663,诩,4646,翊,2
5666,语,3145,涪,2
5667,诮,252,俏,2
5668,误,3139,涣,2
5670,诱,4518,绣,2
5677,诸,5709,谙,2
5685,谀,3242,溲,2
5686,谁,3196,渥,2
5688,调,3151,涸,2
5688,调,4538,绸,2
5689,谄,5634,诌,2
5690,谅,3678,琼,2
5693,谈,3673,琰,2
5694,谊,3681,瑄,2
5695,谋,3174,深,2
5695,谋,3236,溥,2
5695,谋,5697,谍,2
5698,谎,1149,塃,2
5708,谘,3117,浴,2
5711,谛,1644,帝,2
5718,谣,3693,瑶,2
5719,谤,3145,涪,2
5721,谦,4578,缣,2
5723,谨,3695,瑾,2
5724,谩,426,凌,2
5724,谩,1164,墁,2
5724,谩,3119,浸,2
5727,谬,4585,缪,2
5732,谱,5709,谙,2
5735,谴,4592,缱,2
5740,豆,55,乏,2
5740,豆,4260,立,2
5742,豉,7148,鼓,2
5743,豌,3670,琬,2
5749,豪,5746,象,2
5750,豫,4217,稼,2
5762,贝,5554,见,2
5764,负,736,员,2
5765,贡,5767,责,2
5765,贡,6713,页,2
5767,责,5785,贵,2
5769,败,5773,贩,2
5771,货,5787,贷,2
5772,质,1494,屃,2
5773,贩,3761,畈,2
5773,贩,5769,败,2
5777,购,4789,胸,2
5790,贺,5800,资,2
5791,贻,5784,贴,2
5797,赁,5771,货,2
5803,赇,5781,贱,2
5815,赔,3423,焙,2
5821,赛,5805,赉,2
5827,赡,4003,瞻,2
5830,赤,22,东,2
5834,赫,6705,韩,2
5841,起,5844,超,2
5849,趟,5846,趋,2
5861,跄,5879,跪,2
5868,跑,5861,跄,2
5868,跑,5865,跎,2
5869,跖,5873,距,2
5873,距,5869,跖,2
5874,跞,5889,跺,2
5875,跟,7176,龈,2
5876,跣,5864,跌,2
5882,路,5902,踣,2
5882,路,6368,铬,2
5883,跳,5867,跐,2
5883,跳,6367,铫,2
5884,践,4483,线,2
5886,跷,4505,绕,2
5886,跷,6797,饶,2
5889,跺,5874,跞,2
5896,踏,5924,蹐,2
5899,踞,3661,琚,2
5899,踞,6434,锯,2
5903,踩,3978,睬,2
5903,踩,5904,踪,2
5904,踪,4542,综,2
5916,蹂,5944,躁,2
5919,蹇,5821,赛,2
5933,蹬,3316,澄,2
5944,躁,3713,璪,2
5944,躁,5903,踩,2
5947,躏,5930,蹢,2
5959,轧,5960,轨,2
5960,轨,5959,轧,2
5961,轩,1243,奸,2
5964,转,5969,轱,2
5967,软,2843,欣,2
5977,轹,5975,轷,2
5979,轻,5982,轾,2
5979,轻,5985,辁,2
5982,轾,5979,轻,2
5983,轿,6688,鞒,2
5983,轿,6854,骄,2
6011,辛,585,卒,2
6011,辛,1671,幸,2
6012,辜,1671,幸,2
6014,辟,4083,碎,2
6018,辫,6016,辨,2
6026,迂,2968,汪,2
6026,迂,6034,迓,2
6026,迂,6036,迕,2
6029,过,6024,达,2
6030,迈,18,丘,2
6033,近,6030,迈,2
6033,近,6031,迎,2
6035,返,6030,迈,2
6037,还,570,匹,2
6038,这,6023,辽,2
6040,远,6037,还,2
6040,远,6092,逸,2
6042,连,3083,洼,2
6042,连,5102,莲,2
6042,连,5836,走,2
6044,迢,3144,涩,2
6054,述,3005,沭,2
6056,迷,1724,建,2
6056,迷,6024,达,2
6056,迷,6054,述,2
6056,迷,6082,速,2
6056,迷,6088,逮,2
6058,迹,6049,迩,2
6058,迹,6057,迸,2
6058,迹,6072,逐,2
6058,迹,6082,速,2
6061,送,6067,选,2
6062,适,6071,透,2
6062,适,6091,逶,2
6066,逆,6075,途,2
6067,选,5058,荙,2
6067,选,6052,迭,2
6073,逑,6054,述,2
6075,途,6095,逾,2
6077,逗,6081,逞,2
6078,通,6094,逼,2
6078,通,6105,道,2
6080,逝,6112,遨,2
6081,逞,6027,迄,2
6082,速,6088,逮,2
6083,造,6106,遗,2
6087,逭,6059,追,2
6088,逮,6082,速,2
6094,逼,6078,通,2
6094,逼,6100,遍,2
6097,遂,6066,逆,2
6097,遂,6072,逐,2
6099,遇,6093,逻,2
6101,遏,6093,逻,2
6104,遒,6116,遵,2
6105,道,6070,逍,2
6105,道,6078,通,2
6105,道,6116,遵,2
6110,遣,5735,谴,2
6124,邑,4963,芭,2
6132,邢,6135,邪,2
6134,邦,6150,邾,2
6138,邯,6137,邮,2
6148,邻,6146,邹,2
6148,邻,6159,郐,2
6151,郁,6155,郈,2
6151,郁,6166,郝,2
6156,郊,2360,效,2
6157,郎,2530,朗,2
6158,郏,6134,邦,2
6159,郐,6148,邻,2
6167,郡,6143,邵,2
6171,部,6173,郭,2
6171,部,6177,都,2
6173,郭,6171,部,2
6182,鄌,1715,廓,2
6184,鄙,6177,都,2
6189,鄱,6167,郡,2
6195,酋,6826,首,2
6200,酐,6194,酊,2
6216,酯,6232,醋,2
6221,酵,6225,酹,2
6224,酸,6211,酦,2
6234,醍,6996,鳀,2
6250,采,2541,朱,2
6251,釉,5972,轴,2
6253,里,7125,黑,2
6256,量,4268,童,2
6257,金,209,佥,2
6257,金,4890,舍,2
6259,鉴,3919,监,2
6265,錾,1138,堑,2
6269,鏊,6267,鍪,2
6270,鏖,7107,麈,2
6277,钉,6280,钌,2
6277,钉,6287,钔,2
6279,钋,6276,针,2
6280,钌,6277,钉,2
6282,钎,6276,针,2
6286,钓,6285,钒,2
6287,钔,6278,钊,2
6291,钙,2989,沔,2
6292,钚,6277,钉,2
6294,钜,4014,矩,2
6298,钠,4472,纳,2
6303,钥,6326,钼,2
6304,钦,5967,软,2
6307,钩,4509,绚,2
6310,钬,6331,铁,2
6315,钱,4483,线,2
6315,钱,6790,饯,2
6324,钺,6348,铖,2
6325,钻,6335,铅,2
6325,钻,6354,铝,2
6326,钼,6329,钿,2
6328,钾,4489,绅,2
6330,铀,3011,油,2
6330,铀,5972,轴,2
6330,铀,6298,钠,2
6333,铃,4629,羚,2
6335,铅,6354,铝,2
6337,铈,6322,钸,2
6343,铎,6399,锋,2
6344,铐,6380,铸,2
6348,铖,6324,钺,2
6349,铗,6331,铁,2
6351,铙,6797,饶,2
6354,铝,4491,织,2
6354,铝,6325,钻,2
6355,铞,6393,锅,2
6356,铟,6421,锢,2
6360,铣,6394,锆,2
6360,铣,6404,锐,2
6364,铨,6333,铃,2
6368,铬,6335,铅,2
6369,铭,6309,钫,2
6372,铰,6801,饺,2
6374,铲,6400,锌,2
6377,铵,6469,镔,2
6378,银,1787,很,2
6386,链,6361,铤,2
6388,销,4516,绡,2
6388,销,6347,铕,2
6389,锁,3660,琐,2
6389,锁,6388,销,2
6389,锁,6426,锧,2
6395,锇,6805,饿,2
6396,锈,4518,绣,2
6399,锋,4498,绎,2
6399,锋,4510,绛,2
6404,锐,6360,铣,2
6413,错,4565,缕,2
6414,锚,6413,错,2
6421,锢,6353,铜,2
6421,锢,6356,铟,2
6424,锥,4534,维,2
6425,锦,6355,铞,2
6429,锪,6440,锶,2
6432,锭,4543,绽,2
6432,锭,6372,铰,2
6433,键,313,健,2
6443,锹,3985,瞅,2
6454,镅,6408,锔,2
6456,镇,4572,缜,2
6465,镐,4574,缟,2
6465,镐,6478,镝,2
6477,镜,6404,锐,2
6479,镞,6480,镟,2
6480,镟,6479,镞,2
6482,镡,6471,镖,2
6508,闭,2958,汛,2
6510,闯,5635,词,2
6510,闯,6524,闽,2
6511,闰,6521,闺,2
6511,闰,6524,闽,2
6512,闱,6513,闲,2
6515,间,6511,闰,2
6515,间,6530,阃,2
6517,闶,6514,闳,2
6518,闷,1808,心,2
6520,闹,6512,闱,2
6520,闹,6544,阑,2
6521,闺,6511,闰,2
6522,闻,6549,阗,2
6524,闽,6514,闳,2
6527,阀,6546,阔,2
6532,阅,6517,闶,2
6532,阅,6538,阋,2
6534,阇,6520,闹,2
6541,阎,6511,闰,2
6543,阐,6519,闸,2
6546,阔,6524,闽,2
6555,队,140,以,2
6555,队,6557,阢,2
6562,阳,6566,阻,2
6563,阴,6569,阿,2
6572,附,762,咐,2
6576,陈,6573,际,2
6580,降,6564,阵,2
6581,限,6607,隗,2
6592,陪,2497,暗,2
6592,陪,3423,焙,2
6592,陪,5815,赔,2
6599,隅,883,喁,2
6602,隋,1953,惰,2
6603,隍,6589,陧,2
6608,隘,914,嗌,2
6614,隶,4718,聿,2
6616,隼,6623,集,2
6619,雀,5147,萑,2
6629,雏,4534,维,2
6633,雨,26,两,2
6638,零,6636,雯,2
6644,霄,1431,宵,2
6650,霎,5551,要,2
6650,霎,6648,霉,2
6663,青,5164,著,2
6673,革,5043,茸,2
6673,革,5090,莘,2
6674,靰,6676,靴,2
6685,鞋,4632,羟,2
6690,鞘,6694,鞧,2
6702,韦,35,串,2
6702,韦,1740,弗,2
6702,韦,4978,苇,2
6710,音,6663,青,2
6713,页,736,员,2
6713,页,5765,贡,2
6715,顷,1115,埙,2
6720,顼,3660,琐,2
6723,顿,6739,颐,2
6724,颀,2843,欣,2
6729,颅,6725,颁,2
6730,领,6719,须,2
6730,领,6726,颂,2
6730,领,6789,饮,2
6736,颌,6725,颁,2
6736,颌,6742,颔,2
6759,颧,6697,鞭,2
6759,颧,6741,颓,2
6763,飒,3001,沨,2
6772,食,1833,念,2
6789,饮,6792,饱,2
6790,饯,4483,线,2
6791,饰,6787,饬,2
6792,饱,5868,跑,2
6801,饺,6372,铰,2
6805,饿,248,俄,2
6805,饿,6395,锇,2
6807,馁,4520,绥,2
6810,馅,6598,陷,2
6813,馈,4556,缋,2
6818,馍,5714,谟,2
6819,馏,4121,礌,2
6819,馏,6464,镏,2
6822,馒,1660,幔,2
6822,馒,4581,缦,2
6826,首,3932,盲,2
6826,首,4727,肓,2
6826,首,4994,苜,2
6829,香,2573,杳,2
6833,驭,1380,孜,2
6843,驸,6572,附,2
6847,驼,7049,鸵,2
6849,驾,827,哿,2
6849,驾,4276,笃,2
6849,驾,6853,骂,2
6857,骇,1746,弦,2
6870,骗,6878,骟,2
6923,魂,3692,瑰,2
6928,魇,1703,庵,2
6945,鲇,6941,鲂,2
6951,鲍,6942,鲃,2
6968,鲣,6969,鲤,2
6974,鲩,6986,鲵,2
7009,鳍,6978,鲭,2
7030,鸠,1057,坞,2
7030,鸠,7033,鸣,2
7033,鸣,793,哆,2
7036,鸦,7040,鸫,2
7042,鸭,5310,蚂,2
7042,鸭,7036,鸦,2
7045,鸰,7057,鸽,2
7048,鸳,1863,怨,2
7061,鹁,7076,鹑,2
7063,鹃,7075,鹐,2
7075,鹐,7063,鹃,2
7076,鹑,7061,鹁,2
7079,鹘,7063,鹃,2
7087,鹡,7063,鹃,2
7089,鹤,7038,鸩,2
7090,鹦,7078,鹗,2
7104,鹿,3279,漉,2
7105,麂,7104,鹿,2
7107,麈,6270,鏖,2
7113,麦,28,丧,2
7113,麦,5470,表,2
7122,黍,1823,忝,2
7125,黑,4619,罴,2
7148,鼓,5742,豉,2
7170,龁,7172,龄,2
7179,龋,5913,踽,2
7184,龟,7142,黾,2
0,々,546,勹,1
3,七,63,乜,1
3,七,66,也,1
3,七,1207,太,1
3,七,1476,尢,1
3,七,1735,弋,1
4,万,12,丐,1
4,万,667,可,1
4,万,1371,孑,1
4,万,1738,弓,1
4,万,2393,斤,1
4,万,3525,犭,1
5,丈,131,仗,1
5,丈,598,卤,1
6,三,51,之,1
6,三,376,兰,1
6,三,2943,氵,1
6,三,3608,王,1
7,上,79,二,1
7,上,407,冫,1
7,上,656,口,1
7,上,1208,夫,1
7,上,1621,巳,1
7,上,2858,止,1
8,下,111,亻,1
8,下,591,卜,1
8,下,1205,大,1
8,下,2416,无,1
9,丌,87,井,1
10,不,8,下,1
10,不,1619,己,1
10,不,2538,本,1
11,与,550,匀,1
11,与,659,另,1
11,与,3498,牛,1
11,与,4597,缶,1
11,与,5958,车,1
11,与,6832,马,1
12,丐,11,与,1
13,丑,602,卫,1
13,丑,1484,尹,1
13,丑,1616,巫,1
13,丑,1814,忍,1
13,丑,2419,旦,1
13,丑,3608,王,1
14,专,1479,尧,1
14,专,2626,查,1
14,专,4669,考,1
14,专,4952,芝,1
14,专,5836,走,1
15,且,602,卫,1
15,且,1013,围,1
15,且,1669,年,1
15,且,2455,是,1
15,且,3006,沮,1
15,且,3736,甘,1
15,且,3740,生,1
15,且,3908,皿,1
15,且,5554,见,1
15,且,6041,违,1
16,丕,6037,还,1
17,世,1247,如,1
17,世,3736,甘,1
17,世,4970,芷,1
18,丘,55,乏,1
18,丘,565,匡,1
18,丘,602,卫,1
18,丘,1191,夂,1
18,丘,4260,立,1
19,丙,26,两,1
19,丙,40,为,1
19,丙,618,历,1
19,丙,2356,攻,1
19,丙,2394,斥,1
19,丙,5550,西,1
19,丙,6633,雨,1
20,业,69,书,1
20,业,89,亚,1
20,业,379,兴,1
20,业,1247,如,1
20,业,2860,此,1
20,业,3409,热,1
20,业,4453,纟,1
21,丛,4273,竺,1
22,东,56,乐,1
22,东,417,冻,1
22,东,1681,床,1
22,东,2052,手,1
22,东,2537,末,1
22,东,6250,采,1
23,丝,4273,竺,1
23,丝,5457,血,1
24,丞,41,主,1
24,丞,446,函,1
25,丢,359,先,1
25,丢,1407,宏,1
25,丢,1416,宝,1
26,两,266,俩,1
26,两,395,再,1
26,两,583,协,1
26,两,649,取,1
26,两,1689,庖,1
26,两,3742,用,1
26,两,6072,逐,1
27,严,98,产,1
27,严,4719,肀,1
27,严,4957,芦,1
28,丧,1215,夷,1
28,丧,2465,晋,1
28,丧,4668,老,1
28,丧,5477,衷,1
28,丧,5767,责,1
29,丨,1809,忄,1
30,个,576,千,1
30,个,1776,彳,1
31,丫,30,个,1
31,丫,111,亻,1
31,丫,601,卩,1
31,丫,1776,彳,1
31,丫,4624,羊,1
32,丬,67,习,1
32,丬,3487,爿,1
33,中,87,井,1
33,中,1211,央,1
33,中,3750,由,1
33,中,6780,饣,1
34,丰,2052,手,1
34,丰,3498,牛,1
34,丰,4719,肀,1
35,串,1627,市,1
35,串,3069,津,1
35,串,3752,申,1
35,串,6702,韦,1
36,临,1852,怕,1
36,临,1967,愔,1
36,临,3511,牺,1
36,临,6718,顺,1
38,丸,64,九,1
39,丹,393,冉,1
39,丹,432,凡,1
39,丹,3356,灯,1
39,丹,3490,片,1
40,为,38,丸,1
40,为,391,内,1
40,为,1064,坩,1
40,为,1207,太,1
40,为,1247,如,1
40,为,1758,归,1
41,主,25,丢,1
41,主,95,交,1
41,主,1416,宝,1
41,主,2943,氵,1
41,主,3608,王,1
41,主,4260,立,1
41,主,5594,讠,1
41,主,6257,金,1
41,主,6780,饣,1
42,丽,623,厕,1
42,丽,628,厢,1
42,丽,6208,酣,1
42,丽,6232,醋,1
43,举,4381,簟,1
43,举,4878,至,1
43,举,5069,荦,1
43,举,6011,辛,1
44,丿,2053,扌,1
45,乂,39,丹,1
45,乂,7170,龁,1
46,乃,68,乡,1
46,乃,1487,尼,1
46,乃,1738,弓,1
46,乃,2942,水,1
46,乃,6832,马,1
47,久,1672,幺,1
47,久,2352,攵,1
47,久,3353,火,1
47,久,4010,矢,1
47,久,4226,穴,1
48,乇,1185,壬,1
49,么,163,众,1
49,么,1765,彡,1
49,么,3605,玄,1
50,义,117,仄,1
50,义,641,又,1
50,义,3353,火,1
50,义,5598,认,1
51,之,0,々,1
51,之,55,乏,1
51,之,355,元,1
51,之,1399,它,1
51,之,1619,己,1
51,之,1721,廴,1
51,之,2943,氵,1
51,之,4260,立,1
53,乍,151,任,1
53,乍,579,午,1
53,乍,689,后,1
53,乍,4889,舌,1
54,乎,68,乡,1
54,乎,77,争,1
54,乎,1378,孚,1
54,乎,3496,牙,1
54,乎,3751,甲,1
55,乏,65,乞,1
55,乏,93,亡,1
55,乏,127,仓,1
55,乏,209,佥,1
55,乏,1413,定,1
55,乏,4260,立,1
56,乐,22,东,1
56,乐,1375,字,1
56,乐,3046,泵,1
56,乐,3937,盾,1
56,乐,4915,船,1
56,乐,5958,车,1
56,乐,6250,采,1
57,乒,1484,尹,1
58,乓,57,乒,1
58,乓,1896,恶,1
58,乓,4704,聂,1
59,乔,359,先,1
59,乔,700,吞,1
59,乔,7166,齐,1
60,乖,2910,毳,1
60,乖,2993,沛,1
60,乖,3500,牟,1
61,乘,2541,朱,1
61,乘,2617,柔,1
61,乘,2862,武,1
61,乘,3515,犁,1
61,乘,4179,秉,1
61,乘,4314,策,1
61,乘,4703,耿,1
61,乘,6321,钷,1
62,乙,4,万,1
62,乙,444,击,1
62,乙,2905,毛,1
62,乙,5596,订,1
62,乙,6771,飞,1
64,九,514,力,1
64,九,2055,扎,1
65,乞,122,今,1
65,乞,134,仝,1
65,乞,5582,訄,1
66,也,17,世,1
66,也,3750,由,1
67,习,13,丑,1
67,习,392,冈,1
67,习,448,刀,1
67,习,550,匀,1
67,习,667,可,1
67,习,1757,彐,1
68,乡,122,今,1
68,乡,2052,手,1
68,乡,4453,纟,1
69,书,521,劣,1
69,书,1468,少,1
69,书,2082,抄,1
69,书,2948,求,1
69,书,3490,片,1
69,书,3745,甫,1
69,书,5010,茀,1
69,书,6702,韦,1
70,乩,7169,龀,1
71,买,1211,央,1
71,买,1214,头,1
71,买,3358,灵,1
71,买,4179,秉,1
71,买,5744,豕,1
71,买,6044,迢,1
72,乱,2055,扎,1
74,乾,6689,鞔,1
74,乾,7170,龁,1
75,了,4,万,1
75,了,6,三,1
75,了,1370,子,1
75,了,1371,孑,1
75,了,2865,歹,1
76,予,1738,弓,1
76,予,2040,户,1
76,予,2600,枭,1
77,争,420,净,1
77,争,587,单,1
78,事,34,丰,1
78,事,1215,夷,1
78,事,4624,羊,1
78,事,6012,辜,1
78,事,6702,韦,1
78,事,7058,鸾,1
79,二,6,三,1
79,二,7,上,1
79,二,2697,梅,1
80,亍,546,勹,1
80,亍,592,卞,1
80,亍,1667,干,1
81,于,54,乎,1
81,于,76,予,1
81,于,576,千,1
81,于,1209,夬,1
81,于,1370,子,1
81,于,1484,尹,1
81,于,1676,广,1
81,于,2052,手,1
81,于,4174,禾,1
81,于,5958,车,1
82,亏,4,万,1
82,亏,674,号,1
82,亏,4669,考,1
83,云,374,六,1
83,云,636,去,1
83,云,1672,幺,1
84,互,15,且,1
84,互,55,乏,1
84,互,4878,至,1
84,互,5740,豆,1
85,亓,4127,示,1
86,五,18,丘,1
86,五,64,九,1
86,五,722,吾,1
86,五,1485,尺,1
86,五,2865,歹,1
86,五,4985,苏,1
86,五,5011,茁,1
86,五,5297,虫,1
86,五,6030,迈,1
87,井,35,串,1
87,井,409,冯,1
87,井,580,卉,1
87,井,2555,材,1
87,井,2574,杵,1
88,亘,3933,直,1
88,亘,4875,自,1
89,亚,24,丞,1
89,亚,563,匝,1
89,亚,2859,正,1
89,亚,3534,狂,1
89,亚,4970,芷,1
90,些,376,兰,1
90,些,1609,巡,1
90,些,1862,性,1
90,些,4273,竺,1
90,些,6784,饩,1
91,亟,24,丞,1
91,亟,3400,烝,1
92,亠,407,冫,1
93,亡,1397,宀,1
93,亡,2840,欠,1
93,亡,2905,毛,1
93,亡,3608,王,1
94,亢,41,主,1
94,亢,373,公,1
94,亢,1612,左,1
94,亢,1694,庞,1
94,亢,2091,抗,1
95,交,651,变,1
95,交,1200,多,1
95,交,1408,宓,1
95,交,1692,庚,1
95,交,1821,忘,1
95,交,2350,支,1
95,交,7113,麦,1
96,亥,4453,纟,1
96,亥,4474,纵,1
97,亦,102,京,1
97,亦,516,办,1
97,亦,1377,孙,1
97,亦,1669,年,1
97,亦,3787,疔,1
97,亦,3808,疳,1
97,亦,4174,禾,1
97,亦,6058,迹,1
98,产,53,乍,1
98,产,68,乡,1
98,产,76,予,1
98,产,122,今,1
98,产,1676,广,1
98,产,1776,彳,1
99,亨,76,予,1
99,亨,1768,彦,1
99,亨,2811,横,1
99,亨,5186,蒌,1
100,亩,1437,宿,1
100,亩,1706,庸,1
101,享,98,产,1
101,享,103,亭,1
101,享,105,亲,1
101,享,4626,美,1
102,京,105,亲,1
102,京,1375,字,1
102,京,3412,烹,1
102,京,4127,示,1
102,京,5958,车,1
103,亭,76,予,1
103,亭,77,争,1
103,亭,98,产,1
103,亭,5581,言,1
103,亭,6902,高,1
104,亮,212,佬,1
104,亮,1406,完,1
105,亲,101,享,1
105,亲,2547,杂,1
105,亲,2563,条,1
105,亲,2617,柔,1
105,亲,5123,菜,1
108,亶,45,乂,1
109,亸,108,亶,1
110,人,37,丶,1
110,人,370,入,1
110,人,372,八,1
110,人,1205,大,1
111,亻,615,厂,1
112,亿,137,仡,1
112,亿,174,伦,1
112,亿,689,后,1
112,亿,1811,忆,1
112,亿,4456,红,1
112,亿,4464,纪,1
113,什,132,付,1
113,什,136,仟,1
113,什,2393,斤,1
114,仁,55,乏,1
114,仁,112,亿,1
114,仁,163,众,1
114,仁,177,伫,1
114,仁,1612,左,1
115,仂,120,仇,1
115,仂,517,功,1
115,仂,1674,幼,1
117,仄,570,匹,1
117,仄,3723,瓦,1
118,仅,185,似,1
118,仅,2548,权,1
119,仆,205,佟,1
119,仆,373,公,1
119,仆,1198,外,1
119,仆,2393,斤,1
120,仇,112,亿,1
120,仇,130,他,1
120,仇,137,仡,1
120,仇,158,伍,1
120,仇,410,冰,1
120,仇,759,和,1
120,仇,4462,纨,1
120,仇,6781,饥,1
121,仉,5599,讥,1
122,今,684,合,1
122,今,709,含,1
123,介,113,什,1
123,介,163,众,1
123,介,354,允,1
123,介,1776,彳,1
123,介,2918,氏,1
123,介,3524,犬,1
123,介,4272,竹,1
124,仍,115,仂,1
124,仍,157,伋,1
124,仍,618,历,1
124,仍,2059,扔,1
124,仍,4461,级,1
125,从,140,以,1
125,从,157,伋,1
126,仑,38,丸,1
126,仑,141,仨,1
126,仑,594,占,1
126,仑,684,合,1
126,仑,6772,食,1
126,仑,6780,饣,1
127,仓,55,乏,1
127,仓,1480,尬,1
127,仓,6780,饣,1
128,仔,2394,斥,1
128,仔,2418,日,1
129,仕,113,什,1
129,仕,149,件,1
129,仕,215,佳,1
129,仕,1029,在,1
129,仕,3038,注,1
130,他,1036,地,1
130,他,2094,抛,1
130,他,2963,池,1
130,他,6031,迎,1
131,仗,118,仅,1
131,仗,119,仆,1
131,仗,160,伏,1
132,付,195,体,1
132,付,1462,封,1
132,付,3396,烘,1
132,付,4457,纣,1
133,仙,147,仳,1
133,仙,179,估,1
133,仙,311,做,1
133,仙,558,化,1
133,仙,2956,汕,1
133,仙,5604,讪,1
134,仝,65,乞,1
134,仝,6273,钅,1
134,仝,6333,铃,1
135,仞,196,何,1
135,仞,549,勿,1
135,仞,1004,囟,1
136,仟,148,仵,1
136,仟,202,作,1
136,仟,1788,徉,1
136,仟,1815,忏,1
136,仟,2394,斥,1
136,仟,3611,玕,1
136,仟,4272,竹,1
136,仟,5460,行,1
136,仟,6025,迁,1
137,仡,240,侩,1
137,仡,689,后,1
138,代,1736,式,1
138,代,2862,武,1
138,代,2918,氏,1
138,代,3529,状,1
139,令,134,仝,1
139,令,166,会,1
139,令,209,佥,1
139,令,375,兮,1
139,令,709,含,1
139,令,1833,念,1
139,令,2922,气,1
140,以,665,叭,1
140,以,676,叹,1
142,仪,1,一,1
142,仪,131,仗,1
142,仪,140,以,1
142,仪,282,倓,1
142,仪,558,化,1
142,仪,5309,蚁,1
143,仫,49,么,1
144,们,137,仡,1
144,们,196,何,1
144,们,618,历,1
144,们,678,叼,1
145,仰,144,们,1
145,仰,604,卯,1
145,仰,6129,邛,1
146,仲,130,他,1
146,仲,202,作,1
146,仲,412,冲,1
146,仲,2991,沙,1
146,仲,4181,种,1
146,仲,4489,绅,1
148,仵,149,件,1
149,件,148,仵,1
149,件,156,伊,1
149,件,5602,讨,1
149,件,5658,诤,1
150,价,152,份,1
150,价,202,作,1
150,价,255,俗,1
150,价,1835,忻,1
150,价,4491,织,1
151,任,190,位,1
151,任,1781,往,1
151,任,2919,氐,1
151,任,5557,觅,1
152,份,150,价,1
152,份,156,伊,1
152,份,2965,汤,1
152,份,3619,玢,1
152,份,4470,纱,1
152,份,4499,经,1
153,仿,132,付,1
153,仿,152,份,1
153,仿,190,位,1
153,仿,235,侣,1
153,仿,3082,活,1
153,仿,6561,防,1
154,企,209,佥,1
154,企,4260,立,1
155,伉,137,仡,1
155,伉,1830,忭,1
156,伊,119,仆,1
156,伊,136,仟,1
156,伊,201,佛,1
156,伊,1684,庐,1
157,伋,109,亸,1
157,伋,246,便,1
158,伍,189,但,1
158,伍,192,住,1
158,伍,247,促,1
158,伍,2968,汪,1
158,伍,3534,狂,1
159,伎,179,估,1
159,伎,221,使,1
159,伎,1682,庋,1
159,伎,2080,技,1
159,伎,5621,设,1
159,伎,5771,货,1
160,伏,138,代,1
160,伏,165,伙,1
160,伏,210,佧,1
160,伏,621,厌,1
160,伏,2072,扰,1
161,伐,113,什,1
161,伐,164,优,1
161,伐,173,伥,1
162,休,707,吨,1
162,休,2978,沂,1
162,休,3574,猗,1
162,休,5692,谇,1
163,众,49,么,1
163,众,96,亥,1
163,众,1606,巛,1
163,众,1687,应,1
164,优,194,佑,1
165,伙,131,仗,1
165,伙,133,仙,1
165,伙,185,似,1
165,伙,200,佚,1
165,伙,1829,快,1
165,伙,4496,绌,1
165,伙,4563,缓,1
166,会,55,乏,1
166,会,122,今,1
166,会,373,公,1
166,会,753,命,1
166,会,5581,言,1
167,伛,1782,征,1
168,伞,154,企,1
168,伞,3500,牟,1
168,伞,3786,疒,1
168,伞,3948,真,1
169,伟,201,佛,1
169,伟,228,侏,1
169,伟,3542,狒,1
169,伟,6615,隹,1
170,传,179,估,1
170,传,182,伶,1
170,传,193,佐,1
170,传,215,佳,1
170,传,217,佶,1
170,传,256,俘,1
171,伢,5614,讶,1
172,伤,176,伪,1
172,伤,521,劣,1
172,伤,689,后,1
172,伤,1777,彷,1
172,伤,4479,纺,1
172,伤,5290,虏,1
172,伤,6787,饬,1
173,伥,210,佧,1
174,伦,151,任,1
174,伦,256,俘,1
174,伦,689,后,1
174,伦,1781,往,1
174,伦,1810,必,1
174,伦,4981,苋,1
174,伦,5618,论,1
176,伪,618,历,1
176,伪,1674,幼,1
176,伪,3002,沩,1
176,伪,4462,纨,1
177,伫,291,倥,1
178,伯,194,佑,1
178,伯,203,佝,1
178,伯,208,佤,1
178,伯,3937,盾,1
178,伯,4460,约,1
179,估,153,仿,1
179,估,170,传,1
179,估,177,伫,1
179,估,689,后,1
179,估,3937,盾,1
180,伲,158,伍,1
180,伲,222,侃,1
180,伲,247,促,1
180,伲,3638,珏,1
181,伴,132,付,1
181,伴,156,伊,1
181,伴,171,伢,1
181,伴,213,佯,1
181,伴,2120,拌,1
182,伶,137,仡,1
182,伶,240,侩,1
182,伶,295,倪,1
182,伶,1117,埝,1
182,伶,1872,恁,1
182,伶,2122,拎,1
182,伶,4476,纷,1
184,伺,425,凋,1
184,伺,692,向,1
184,伺,1243,奸,1
184,伺,4065,硐,1
184,伺,5635,词,1
184,伺,6793,饲,1
185,似,133,仙,1
185,似,140,以,1
185,似,173,伥,1
185,似,238,侧,1
185,似,4474,纵,1
186,伽,180,伲,1
187,伾,157,伋,1
187,伾,158,伍,1
187,伾,162,休,1
187,伾,167,伛,1
187,伾,193,佐,1
187,伾,1839,怀,1
187,伾,3538,狉,1
188,佃,284,倘,1
188,佃,3535,狃,1
189,但,158,伍,1
189,但,188,佃,1
189,但,2114,担,1
189,但,4488,组,1
189,但,5628,诅,1
190,位,247,促,1
190,位,4499,经,1
190,位,6615,隹,1
191,低,167,伛,1
191,低,252,俏,1
191,低,2105,抵,1
191,低,3031,泜,1
191,低,4477,纸,1
191,低,6576,陈,1
192,住,3038,注,1
192,住,3890,白,1
193,佐,120,仇,1
193,佐,159,伎,1
193,佐,179,估,1
193,佐,194,佑,1
193,佐,1612,左,1
193,佐,4484,绀,1
193,佐,4522,继,1
194,佑,193,佐,1
194,佑,229,侑,1
194,佑,3014,沽,1
195,体,227,侍,1
195,体,248,俄,1
195,体,3011,油,1
195,体,3506,牮,1
195,体,4036,砗,1
195,体,4510,绛,1
196,何,116,仃,1
196,何,206,你,1
196,何,230,侔,1
196,何,231,侗,1
196,何,798,响,1
196,何,1693,府,1
196,何,3009,河,1
197,佗,130,他,1
197,佗,4468,纯,1
199,余,56,乐,1
199,余,101,享,1
199,余,102,京,1
199,余,168,伞,1
199,余,1375,字,1
199,余,1403,守,1
199,余,1617,差,1
199,余,2052,手,1
199,余,2563,条,1
199,余,2674,桌,1
200,佚,234,侠,1
201,佛,169,伟,1
201,佛,271,俱,1
201,佛,393,冉,1
201,佛,4495,绋,1
202,作,145,仰,1
202,作,149,件,1
202,作,150,价,1
202,作,174,伦,1
202,作,178,伯,1
202,作,179,估,1
202,作,213,佯,1
202,作,270,俯,1
202,作,1051,坑,1
202,作,4766,胙,1
204,佞,4513,绞,1
205,佟,4492,终,1
206,你,152,份,1
206,你,195,体,1
206,你,288,倞,1
206,你,346,僻,1
206,你,1745,弥,1
206,你,2843,欣,1
206,你,4162,禄,1
207,佣,188,佃,1
207,佣,211,佩,1
207,佣,254,俑,1
207,佣,2138,拥,1
208,佤,178,伯,1
208,佤,214,佰,1
209,佥,1687,应,1
210,佧,173,伥,1
211,佩,207,佣,1
211,佩,310,偕,1
212,佬,170,传,1
212,佬,215,佳,1
212,佬,232,供,1
212,佬,236,侥,1
212,佬,276,俺,1
212,佬,279,倍,1
212,佬,1864,怩,1
212,佬,6345,铑,1
213,佯,259,保,1
213,佯,277,俾,1
213,佯,3041,泮,1
214,佰,192,住,1
214,佰,244,侯,1
214,佰,306,偈,1
214,佰,1437,宿,1
214,佰,2131,拚,1
214,佰,2998,沥,1
215,佳,170,传,1
215,佳,257,俚,1
215,佳,295,倪,1
215,佳,1781,往,1
215,佳,3083,洼,1
216,佴,217,佶,1
216,佴,3075,洱,1
216,佴,3645,珥,1
217,佶,186,伽,1
217,佶,193,佐,1
218,佻,220,佾,1
219,佼,241,侪,1
219,佼,4513,绞,1
219,佼,5690,谅,1
220,佾,228,侏,1
220,佾,229,侑,1
220,佾,252,俏,1
221,使,131,仗,1
221,使,234,侠,1
221,使,4413,粳,1
222,侃,225,侉,1
223,侄,190,位,1
223,侄,3426,焦,1
223,侄,4060,硁,1
223,侄,4475,纶,1
223,侄,4930,色,1
224,侈,137,仡,1
224,侈,236,侥,1
224,侈,256,俘,1
224,侈,289,借,1
224,侈,311,做,1
224,侈,312,停,1
224,侈,654,叟,1
224,侈,1910,悔,1
224,侈,3893,的,1
224,侈,4197,移,1
224,侈,4513,绞,1
225,侉,229,侑,1
225,侉,240,侩,1
226,例,6155,郈,1
226,例,6541,阎,1
227,侍,215,佳,1
227,侍,259,保,1
227,侍,264,俦,1
227,侍,1697,庤,1
227,侍,4805,脖,1
228,侏,149,件,1
228,侏,200,佚,1
228,侏,222,侃,1
228,侏,2541,朱,1
228,侏,2834,檗,1
228,侏,3064,洙,1
228,侏,5649,诛,1
229,侑,216,佴,1
229,侑,252,俏,1
229,侑,2405,旃,1
230,侔,181,伴,1
230,侔,201,佛,1
230,侔,242,侬,1
230,侔,243,侮,1
230,侔,277,俾,1
231,侗,3067,洞,1
231,侗,3381,炯,1
232,供,271,俱,1
232,供,320,偿,1
232,供,393,冉,1
232,供,792,哄,1
232,供,2147,拱,1
232,供,3641,珙,1
232,供,5772,质,1
233,依,180,伲,1
233,依,190,位,1
233,依,202,作,1
234,侠,200,佚,1
234,侠,311,做,1
234,侠,3087,浃,1
234,侠,3552,狭,1
234,侠,5355,蛱,1
234,侠,6349,铗,1
235,侣,153,仿,1
235,侣,179,估,1
235,侣,214,佰,1
235,侣,217,佶,1
235,侣,1784,径,1
236,侥,208,佤,1
236,侥,232,供,1
236,侥,326,傥,1
237,侦,157,伋,1
237,侦,261,俟,1
237,侦,1530,岚,1
237,侦,3183,渍,1
237,侦,5763,贞,1
237,侦,5764,负,1
238,侧,253,俐,1
238,侧,317,偷,1
238,侧,509,劁,1
238,侧,3094,测,1
239,侨,241,侪,1
239,侨,255,俗,1
239,侨,2686,桥,1
239,侨,4015,矫,1
239,侨,5772,质,1
240,侩,23,丝,1
240,侩,255,俗,1
240,侩,268,俭,1
240,侩,373,公,1
240,侩,2864,歪,1
240,侩,3406,烩,1
240,侩,4507,绘,1
241,侪,218,佻,1
241,侪,239,侨,1
241,侪,810,哜,1
241,侪,2173,挤,1
242,侬,219,佼,1
242,侬,3101,浓,1
243,侮,230,侔,1
243,侮,242,侬,1
243,侮,266,俩,1
243,侮,5671,诲,1
244,侯,261,俟,1
244,侯,263,俣,1
244,侯,288,倞,1
244,侯,1802,徭,1
244,侯,3442,煲,1
244,侯,3815,疾,1
245,侵,182,伶,1
245,侵,250,俊,1
245,侵,300,债,1
245,侵,1778,役,1
245,侵,2045,扁,1
245,侵,3119,浸,1
246,便,244,侯,1
246,便,2045,扁,1
246,便,4515,绠,1
247,促,118,仅,1
247,促,190,位,1
247,促,221,使,1
247,促,2843,欣,1
247,促,4543,绽,1
248,俄,207,佣,1
248,俄,2022,我,1
248,俄,2027,战,1
248,俄,3797,疣,1
249,俅,3045,泳,1
250,俊,219,佼,1
250,俊,255,俗,1
250,俊,319,偾,1
250,俊,1791,後,1
250,俊,3296,潆,1
250,俊,4513,绞,1
251,俎,4488,组,1
252,俏,220,佾,1
252,俏,330,催,1
252,俏,4517,绢,1
252,俏,4644,翁,1
252,俏,5667,诮,1
253,俐,226,例,1
254,俑,4517,绢,1
255,俗,152,份,1
255,俗,194,佑,1
255,俗,224,侈,1
255,俗,240,侩,1
255,俗,279,倍,1
255,俗,3117,浴,1
255,俗,4519,绤,1
255,俗,4542,综,1
255,俗,5619,讼,1
256,俘,128,仔,1
256,俘,344,僳,1
256,俘,2692,桴,1
256,俘,3115,浮,1
257,俚,3561,狸,1
259,保,149,件,1
259,保,156,伊,1
259,保,213,佯,1
259,保,228,侏,1
259,保,323,傈,1
259,保,3174,深,1
259,保,4593,缲,1
259,保,5695,谋,1
259,保,6583,陕,1
260,俞,198,佘,1
260,俞,753,命,1
260,俞,1962,愈,1
260,俞,2933,氦,1
261,俟,200,佚,1
261,俟,237,侦,1
262,信,192,住,1
262,信,210,佧,1
262,信,1967,愔,1
262,信,3562,狺,1
262,信,6617,隽,1
263,俣,244,侯,1
264,俦,230,侔,1
264,俦,239,侨,1
266,俩,1898,恹,1
266,俩,3062,洒,1
268,俭,182,伶,1
268,俭,193,佐,1
268,俭,255,俗,1
268,俭,282,倓,1
268,俭,504,剪,1
268,俭,2053,扌,1
268,俭,2122,拎,1
268,俭,4534,维,1
268,俭,4544,绾,1
269,修,124,仍,1
269,修,255,俗,1
269,修,280,倏,1
269,修,828,唁,1
269,修,4035,砖,1
270,俯,317,偷,1
270,俯,330,催,1
271,俱,170,传,1
271,俱,313,健,1
271,俱,1159,填,1
271,俱,4488,组,1
271,俱,4572,缜,1
272,俳,1796,徘,1
272,俳,4529,绯,1
273,俵,187,伾,1
274,俶,227,侍,1
274,俶,273,俵,1
275,俸,3669,琫,1
276,俺,212,佬,1
276,俺,4533,绳,1
278,倌,2760,楦,1
278,倌,3672,琯,1
278,倌,4544,绾,1
279,倍,320,偿,1
279,倍,345,僵,1
279,倍,1125,培,1
279,倍,4589,缮,1
281,倒,238,侧,1
281,倒,253,俐,1
281,倒,324,傍,1
281,倒,488,剅,1
281,倒,6511,闰,1
282,倓,173,伥,1
282,倓,261,俟,1
282,倓,274,俶,1
282,倓,280,倏,1
282,倓,5816,赕,1
283,倔,846,唯,1
284,倘,1798,徜,1
284,倘,1941,惝,1
284,倘,4426,糖,1
284,倘,7054,鸺,1
285,候,327,傧,1
285,候,3588,猴,1
285,候,4068,硖,1
285,候,4561,缑,1
285,候,6719,须,1
286,倚,227,侍,1
286,倚,1127,埼,1
286,倚,4526,绫,1
286,倚,4564,缔,1
287,倜,231,侗,1
288,倞,256,俘,1
288,倞,282,倓,1
288,倞,4542,综,1
289,借,224,侈,1
289,借,252,俏,1
289,借,279,倍,1
289,借,307,偌,1
289,借,626,厝,1
289,借,2231,措,1
290,倡,4497,绍,1
291,倥,182,伶,1
292,倦,212,佬,1
292,倦,300,债,1
292,倦,3200,港,1
294,倩,300,债,1
294,倩,5676,请,1
295,倪,246,便,1
295,倪,320,偿,1
295,倪,1103,垸,1
295,倪,3569,猊,1
295,倪,6587,院,1
295,倪,6789,饮,1
296,倬,210,佧,1
297,倭,318,偻,1
297,倭,845,售,1
298,倮,5683,课,1
299,倴,288,倞,1
300,债,215,佳,1
300,债,294,倩,1
300,债,3183,渍,1
300,债,5767,责,1
301,倻,299,倴,1
302,值,178,伯,1
302,值,216,佴,1
302,值,2626,查,1
302,值,3937,盾,1
302,值,5613,讵,1
302,值,6030,迈,1
303,倾,4587,缬,1
303,倾,6717,项,1
303,倾,6724,颀,1
304,偃,345,僵,1
305,假,144,们,1
306,偈,231,侗,1
306,偈,290,倡,1
306,偈,316,偶,1
306,偈,3202,渴,1
306,偈,6101,遏,1
307,偌,289,借,1
308,偎,235,侣,1
308,偎,3581,猥,1
309,偏,36,临,1
309,偏,152,份,1
309,偏,283,倔,1
309,偏,4356,篇,1
310,偕,4798,脎,1
310,偕,5700,谐,1
311,做,347,儆,1
311,做,2354,攸,1
311,做,3077,洳,1
311,做,3367,炊,1
311,做,5770,账,1
311,做,6724,颀,1
312,停,256,俘,1
312,停,4504,绔,1
313,健,300,债,1
313,健,4489,绅,1
314,偬,321,傀,1
314,偬,1836,忽,1
314,偬,1857,思,1
314,偬,5292,虑,1
316,偶,321,傀,1
316,偶,400,写,1
316,偶,3304,潟,1
316,偶,4562,缒,1
316,偶,6599,隅,1
317,偷,254,俑,1
317,偷,1555,峤,1
317,偷,1963,愉,1
317,偷,3191,渝,1
317,偷,3687,瑜,1
318,偻,297,倭,1
318,偻,3285,漤,1
318,偻,4565,缕,1
319,偾,300,债,1
319,偾,5797,赁,1
320,偿,324,傍,1
320,偿,326,傥,1
320,偿,339,僧,1
320,偿,4589,缮,1
320,偿,6472,镗,1
321,傀,277,俾,1
321,傀,295,倪,1
321,傀,315,偲,1
321,傀,6921,鬼,1
322,傅,227,侍,1
322,傅,3236,溥,1
323,傈,3469,燥,1
324,傍,279,倍,1
324,傍,4173,禽,1
324,傍,5719,谤,1
324,傍,6617,隽,1
324,傍,6623,集,1
325,傣,300,债,1
326,傥,236,侥,1
326,傥,237,侦,1
326,傥,320,偿,1
326,傥,1470,尕,1
327,傧,4579,缤,1
327,傧,6582,陔,1
328,储,340,僬,1
328,储,1940,惜,1
328,储,2800,槠,1
330,催,1350,嫔,1
331,傲,311,做,1
331,傲,347,儆,1
331,傲,1803,微,1
333,傻,219,佼,1
333,傻,250,俊,1
333,傻,277,俾,1
333,傻,304,偃,1
333,傻,631,厦,1
333,傻,3224,溃,1
335,像,249,俅,1
335,像,288,倞,1
335,像,312,停,1
335,像,325,傣,1
335,像,2823,橡,1
335,像,4568,缘,1
335,像,5690,谅,1
337,僚,2320,撩,1
337,僚,4588,缭,1
339,僧,87,井,1
339,僧,320,偿,1
339,僧,4590,缯,1
342,僮,278,倌,1
342,僮,3314,潼,1
344,僳,264,俦,1
344,僳,335,像,1
345,僵,269,修,1
345,僵,4558,缍,1
346,僻,3330,澼,1
350,儒,294,倩,1
350,儒,3338,濡,1
350,儒,6606,隔,1
351,儡,1082,垒,1
351,儡,2769,榀,1
351,儡,3247,溻,1
352,儿,125,从,1
354,允,112,亿,1
354,允,144,们,1
354,允,357,充,1
354,允,359,先,1
354,允,399,冗,1
354,允,605,印,1
354,允,2923,氕,1
354,允,6032,运,1
355,元,1206,天,1
355,元,4625,羌,1
355,元,6040,远,1
356,兄,360,光,1
356,兄,414,况,1
356,兄,662,只,1
356,兄,2543,朵,1
356,兄,2922,气,1
356,兄,5554,见,1
357,充,354,允,1
357,充,1730,弃,1
357,充,2923,氕,1
357,充,4131,祀,1
357,充,4226,穴,1
357,充,5013,范,1
357,充,5045,茺,1
358,兆,410,冰,1
358,兆,703,吡,1
358,兆,2071,扯,1
358,兆,2900,比,1
358,兆,3074,洮,1
358,兆,3551,独,1
358,兆,6668,非,1
359,先,356,兄,1
359,先,360,光,1
359,先,363,兑,1
359,先,2351,攴,1
359,先,2923,氕,1
359,先,4393,类,1
359,先,5959,轧,1
360,光,104,亮,1
360,光,355,元,1
360,光,379,兴,1
360,光,521,劣,1
360,光,713,启,1
360,光,804,哓,1
360,光,1479,尧,1
360,光,1535,岩,1
361,克,363,兑,1
361,克,367,党,1
361,克,1612,左,1
361,克,1820,志,1
361,克,4951,芜,1
361,克,4997,苠,1
362,免,356,兄,1
362,免,1406,完,1
362,免,5070,荧,1
362,免,6254,重,1
362,免,6274,钆,1
362,免,6935,鱼,1
363,兑,356,兄,1
363,兑,360,光,1
363,兑,362,免,1
363,兑,736,员,1
363,兑,1869,总,1
363,兑,3892,皂,1
363,兑,6713,页,1
364,兔,1858,怠,1
364,兔,5477,衷,1
366,兖,5474,衮,1
367,党,361,克,1
367,党,363,兑,1
367,党,414,况,1
367,党,1475,尝,1
367,党,1685,庑,1
367,党,4264,竞,1
367,党,4625,羌,1
367,党,5560,览,1
367,党,5789,费,1
367,党,5811,赏,1
367,党,6652,霓,1
369,兢,435,凭,1
369,兢,1289,姥,1
369,兢,5376,蜚,1
369,兢,6308,钪,1
369,兢,6753,颠,1
370,入,64,九,1
370,入,449,刁,1
370,入,3525,犭,1
371,全,65,乞,1
371,全,77,争,1
371,全,126,仑,1
371,全,139,令,1
371,全,154,企,1
371,全,168,伞,1
371,全,548,勾,1
371,全,1028,圣,1
371,全,1046,坌,1
371,全,2922,气,1
372,八,448,刀,1
373,公,163,众,1
373,公,166,会,1
373,公,452,分,1
373,公,1672,幺,1
373,公,5738,谷,1
374,六,47,久,1
374,六,64,九,1
374,六,83,云,1
374,六,1485,尺,1
374,六,2840,欠,1
374,六,4226,穴,1
375,兮,122,今,1
376,兰,4453,纟,1
376,兰,6253,里,1
377,共,4934,艺,1
377,共,4947,芒,1
377,共,4968,芳,1
377,共,4972,芹,1
377,共,5001,若,1
377,共,5024,茓,1
377,共,6503,长,1
378,关,716,吴,1
378,关,1206,天,1
378,关,1210,夭,1
378,关,1670,并,1
378,关,4010,矢,1
378,关,4626,美,1
378,关,4878,至,1
379,兴,83,云,1
379,兴,1214,头,1
380,兵,57,乒,1
380,兵,377,共,1
380,兵,5740,豆,1
381,其,2613,某,1
381,其,3738,甚,1
381,其,4947,芒,1
382,具,381,其,1
382,具,418,冼,1
382,具,595,卡,1
382,具,2419,旦,1
382,具,2447,昙,1
382,具,2456,昱,1
382,具,2590,果,1
382,具,3948,真,1
382,具,4877,臭,1
382,具,5952,身,1
383,典,5785,贵,1
384,兹,1690,店,1
384,兹,1741,弘,1
384,兹,2848,欸,1
385,养,1439,寄,1
385,养,3963,着,1
385,养,3982,睿,1
385,养,4625,羌,1
386,兼,4740,肩,1
387,兽,886,善,1
387,兽,1459,寻,1
387,兽,4095,碧,1
387,兽,6940,鲁,1
390,冂,656,口,1
390,冂,999,囗,1
391,内,516,办,1
391,内,548,勾,1
391,内,1758,归,1
391,内,2420,旧,1
392,冈,391,内,1
392,冈,552,匆,1
392,冈,667,可,1
393,冉,4679,耕,1
394,册,467,删,1
394,册,577,卅,1
394,册,1134,堋,1
394,册,1282,姗,1
394,册,2894,毋,1
395,再,5981,载,1
396,冒,1422,室,1
396,冒,2421,旨,1
396,冒,2444,易,1
396,冒,2449,星,1
396,冒,2516,曷,1
397,冕,610,卷,1
397,冕,6256,量,1
398,冖,3354,灬,1
398,冖,6504,门,1
399,冗,65,乞,1
399,冗,144,们,1
399,冗,353,兀,1
399,冗,354,允,1
399,冗,4231,空,1
400,写,401,军,1
400,写,548,勾,1
400,写,697,吗,1
400,写,1374,孕,1
400,写,2708,械,1
400,写,3754,男,1
400,写,5738,谷,1
401,军,759,和,1
401,军,2428,旱,1
401,军,2502,暴,1
401,军,4284,笔,1
402,农,784,咴,1
402,农,1241,奴,1
402,农,6044,迢,1
402,农,6406,锒,1
403,冠,4651,翘,1
405,冤,1813,忌,1
405,冤,2937,氪,1
405,冤,4246,窘,1
405,冤,4609,罚,1
405,冤,6940,鲁,1
406,冥,382,具,1
407,冫,615,厂,1
407,冫,5594,讠,1
408,冬,1200,多,1
409,冯,52,乌,1
409,冯,1403,守,1
409,冯,3051,泻,1
411,冱,4,万,1
411,冱,3030,泛,1
413,决,2841,次,1
414,况,352,儿,1
414,况,3063,洗,1
414,况,5554,见,1
415,冶,424,凉,1
415,冶,2984,沉,1
415,冶,3016,沿,1
415,冶,3066,洛,1
415,冶,3081,洺,1
415,冶,3082,活,1
415,冶,3113,浩,1
415,冶,5651,话,1
416,冷,122,今,1
416,冷,139,令,1
416,冷,624,厘,1
416,冷,1521,岌,1
416,冷,1856,怜,1
416,冷,5800,资,1
417,冻,424,凉,1
417,冻,1387,学,1
417,冻,2136,拣,1
417,冻,3050,泺,1
417,冻,4724,肉,1
417,冻,5631,诉,1
418,冼,4967,花,1
419,冽,3009,河,1
420,净,587,单,1
420,净,5658,诤,1
421,凄,3227,溇,1
422,准,414,况,1
422,准,1131,堆,1
422,准,1569,崔,1
422,准,1781,往,1
422,准,2675,桎,1
422,准,3173,淮,1
422,准,3207,湉,1
422,准,3320,澍,1
422,准,3406,烩,1
422,准,3503,牦,1
422,准,3578,猞,1
422,准,3938,省,1
422,准,4534,维,1
422,准,5686,谁,1
423,凇,2578,松,1
423,凇,4176,私,1
424,凉,102,京,1
424,凉,417,冻,1
424,凉,1375,字,1
424,凉,1387,学,1
424,凉,3115,浮,1
424,凉,3140,涤,1
424,凉,3164,淙,1
424,凉,4542,综,1
424,凉,5690,谅,1
425,凋,798,响,1
426,凌,428,凑,1
426,凌,1137,堎,1
426,凌,3262,滚,1
426,凌,7113,麦,1
427,减,423,凇,1
427,减,785,咸,1
427,减,891,喊,1
427,减,5643,试,1
427,减,6805,饿,1
428,凑,5668,误,1
429,凛,3175,淳,1
429,凛,3239,溪,1
430,凝,343,僰,1
430,凝,2140,拧,1
430,凝,3228,溉,1
430,凝,3286,漩,1
431,几,62,乙,1
431,几,372,八,1
431,几,2962,江,1
432,凡,431,几,1
432,凡,2918,氏,1
432,凡,6760,风,1
433,凤,658,句,1
433,凤,1199,夙,1
433,凤,3742,用,1
434,凫,1531,岛,1
434,凫,2438,昆,1
434,凫,4264,竞,1
435,凭,3113,浩,1
435,凭,5487,袋,1
435,凭,5797,赁,1
436,凯,1590,嵚,1
436,凯,2363,敏,1
436,凯,2368,敛,1
436,凯,4478,纹,1
436,凯,4632,羟,1
436,凯,5562,觊,1
436,凯,5643,试,1
436,凯,6781,饥,1
437,凰,3895,皇,1
437,凰,5397,蝗,1
438,凳,4304,筅,1
438,凳,6776,餐,1
439,凵,635,厶,1
440,凶,662,只,1
440,凶,4454,纠,1
440,凶,5853,趴,1
441,凸,674,号,1
441,凸,1738,弓,1
441,凸,5645,诗,1
442,凹,754,咀,1
442,凹,1001,四,1
442,凹,1277,姐,1
443,出,7,上,1
443,出,688,名,1
443,出,1027,土,1
443,出,1557,峦,1
443,出,2991,沙,1
443,出,3749,田,1
443,出,4273,竺,1
443,出,7168,齿,1
444,击,521,劣,1
444,击,2536,未,1
444,击,4669,考,1
446,函,440,凶,1
446,函,443,出,1
446,函,469,刨,1
446,函,1257,妖,1
446,函,1675,幽,1
446,函,1751,弯,1
446,函,3607,玉,1
446,函,6030,迈,1
447,凿,3290,漯,1
448,刀,390,冂,1
448,刀,547,勺,1
448,刀,3013,沼,1
449,刁,13,丑,1
449,刁,451,刃,1
449,刁,549,勿,1
449,刁,1456,寸,1
449,刁,2894,毋,1
451,刃,448,刀,1
451,刃,449,刁,1
451,刃,517,功,1
451,刃,549,勿,1
451,刃,678,叼,1
452,分,373,公,1
452,分,400,写,1
452,分,448,刀,1
452,分,618,历,1
452,分,1212,夯,1
452,分,1759,当,1
452,分,3482,爷,1
452,分,3487,爿,1
452,分,3525,犭,1
452,分,4272,竹,1
453,切,583,协,1
453,切,677,叻,1
453,切,1044,均,1
453,切,1242,奶,1
453,切,1674,幼,1
453,切,2357,放,1
453,切,6129,邛,1
455,刊,472,刭,1
455,刊,1608,州,1
455,刊,4205,稍,1
456,刍,695,吕,1
456,刍,726,呈,1
456,刍,1759,当,1
457,刎,464,刚,1
457,刎,473,刮,1
458,刑,2116,拇,1
458,刑,5014,茄,1
459,划,454,刈,1
459,划,468,判,1
459,划,1037,圳,1
461,列,458,刑,1
461,列,471,别,1
461,列,474,到,1
461,列,1739,引,1
461,列,6835,驯,1
462,刘,463,则,1
463,则,226,例,1
463,则,459,划,1
463,则,469,刨,1
463,则,663,叫,1
463,则,4609,罚,1
463,则,5766,财,1
464,刚,469,刨,1
464,刚,3094,测,1
464,刚,6358,铡,1
465,创,260,俞,1
465,创,462,刘,1
465,创,473,刮,1
465,创,4454,纠,1
466,初,531,劾,1
467,删,1282,姗,1
468,判,459,划,1
468,判,480,刺,1
468,判,490,剌,1
469,刨,442,凹,1
469,刨,462,刘,1
469,刨,497,剜,1
469,刨,551,包,1
469,刨,6336,铆,1
470,利,455,刊,1
470,利,474,到,1
470,利,4183,秒,1
470,利,6278,钊,1
470,利,6916,鬣,1
471,别,458,刑,1
471,别,473,刮,1
471,别,483,刿,1
471,别,3429,焱,1
471,别,5050,荆,1
473,刮,461,列,1
473,刮,470,利,1
473,刮,496,剖,1
474,到,281,倒,1
474,到,475,刳,1
474,到,481,刻,1
474,到,493,剑,1
474,到,3633,珂,1
474,到,4454,纠,1
474,到,4879,致,1
474,到,6278,钊,1
474,到,6305,钧,1
475,刳,498,剞,1
475,刳,2630,柰,1
475,刳,4260,立,1
476,制,471,别,1
476,制,473,刮,1
476,制,477,刷,1
476,制,489,削,1
476,制,490,剌,1
476,制,503,剩,1
476,制,6283,钏,1
477,刷,253,俐,1
477,刷,281,倒,1
477,刷,460,刖,1
477,刷,623,厕,1
477,刷,847,唰,1
477,刷,1766,形,1
477,刷,3147,涮,1
478,券,610,卷,1
478,券,2043,房,1
478,券,2148,拳,1
478,券,2451,春,1
478,券,2734,棼,1
478,券,4669,考,1
478,券,5747,豢,1
479,刹,468,判,1
479,刹,470,利,1
479,刹,480,刺,1
479,刹,485,剁,1
479,刹,486,剂,1
479,刹,501,剥,1
479,刹,503,剩,1
480,刺,468,判,1
480,刺,476,制,1
480,刺,503,剩,1
480,刺,2542,朴,1
480,刺,6734,颊,1
481,刻,488,剅,1
481,刻,497,剜,1
481,刻,4454,纠,1
481,刻,5606,训,1
482,刽,465,创,1
482,刽,475,刳,1
482,刽,496,剖,1
485,剁,470,利,1
485,剁,471,别,1
485,剁,474,到,1
485,剁,490,剌,1
486,剂,462,刘,1
486,剂,481,刻,1
486,剂,7167,齑,1
487,剃,457,刎,1
487,剃,476,制,1
488,剅,474,到,1
489,削,464,刚,1
489,削,480,刺,1
489,削,6675,靳,1
490,剌,4680,耖,1
491,前,489,削,1
491,前,505,副,1
491,前,2961,汞,1
491,前,4621,罽,1
491,前,4745,肯,1
491,前,5143,萌,1
491,前,5213,蓟,1
492,剐,489,削,1
493,剑,481,刻,1
493,剑,640,参,1
494,剔,483,刿,1
494,剔,492,剐,1
494,剔,500,剡,1
494,剔,505,副,1
495,剕,1319,婀,1
496,剖,462,刘,1
496,剖,498,剞,1
496,剖,6171,部,1
496,剖,6290,钘,1
498,剞,479,刹,1
498,剞,5086,莉,1
501,剥,473,刮,1
501,剥,485,剁,1
501,剥,503,剩,1
501,剥,1391,孰,1
502,剧,492,剐,1
502,剧,3059,洌,1
503,剩,501,剥,1
504,剪,1212,夯,1
504,剪,3434,煎,1
505,副,462,刘,1
505,副,474,到,1
505,副,477,刷,1
505,副,510,劂,1
506,割,481,刻,1
506,割,486,剂,1
506,割,507,剽,1
508,剿,513,劓,1
510,劂,492,剐,1
510,劂,502,剧,1
511,劈,1364,嬖,1
511,劈,2834,檗,1
514,力,448,刀,1
514,力,1468,少,1
514,力,3525,犭,1
515,劝,523,助,1
516,办,40,为,1
516,办,87,井,1
516,办,514,力,1
517,功,515,劝,1
517,功,2356,攻,1
518,加,4012,知,1
519,务,521,劣,1
519,务,659,另,1
519,务,2401,方,1
520,劢,528,励,1
520,劢,529,劲,1
520,劢,543,勤,1
520,劢,4023,矽,1
520,劢,4025,矿,1
521,劣,734,呖,1
521,劣,1471,尖,1
521,劣,1627,市,1
521,劣,4044,砦,1
521,劣,5812,赐,1
522,动,517,功,1
523,助,734,呖,1
523,助,6392,锄,1
524,努,521,劣,1
524,努,4242,窒,1
525,劫,453,切,1
525,劫,537,勍,1
525,劫,541,勘,1
525,劫,1628,布,1
525,劫,1674,幼,1
525,劫,2901,毕,1
526,劬,4030,砌,1
526,劬,4642,羽,1
526,劬,4725,肋,1
527,劭,540,勖,1
527,劭,4026,砀,1
528,励,536,勋,1
528,励,633,厩,1
528,励,4052,砷,1
528,励,6916,鬣,1
529,劲,522,动,1
529,劲,538,勐,1
529,劲,543,勤,1
529,劲,4462,纨,1
530,劳,1379,孛,1
530,劳,1646,带,1
530,劳,1743,弟,1
530,劳,4978,苇,1
530,劳,5015,茅,1
530,劳,5117,菊,1
530,劳,5569,角,1
531,劾,481,刻,1
531,劾,2400,新,1
532,势,524,努,1
532,势,7051,鸷,1
533,勃,3527,犰,1
534,勇,504,剪,1
535,勉,364,兔,1
535,勉,1810,必,1
535,勉,6792,饱,1
536,勋,535,勉,1
537,勍,501,剥,1
537,勍,536,勋,1
538,勐,1395,孺,1
539,勒,541,勘,1
539,勒,544,勩,1
539,勒,4698,耶,1
539,勒,5010,茀,1
541,勘,2850,欺,1
542,募,4364,篡,1
542,募,5015,茅,1
542,募,5032,茧,1
542,募,5264,薯,1
543,勤,528,励,1
543,勤,529,劲,1
544,勩,539,勒,1
544,勩,540,勖,1
546,勹,390,冂,1
546,勹,1197,夕,1
547,勺,4,万,1
547,勺,391,内,1
547,勺,548,勾,1
547,勺,549,勿,1
547,勺,1218,夺,1
547,勺,2423,旬,1
547,勺,3890,白,1
548,勾,154,企,1
548,勾,462,刘,1
548,勾,553,匈,1
548,勾,658,句,1
548,勾,687,同,1
549,勿,13,丑,1
549,勿,453,切,1
549,勿,468,判,1
550,匀,548,勾,1
550,匀,1401,宅,1
550,匀,2418,日,1
550,匀,6505,闩,1
551,包,126,仑,1
551,包,1401,宅,1
551,包,1836,忽,1
551,包,3892,皂,1
551,包,6780,饣,1
551,包,7184,龟,1
552,匆,132,付,1
552,匆,548,勾,1
552,匆,550,匀,1
552,匆,553,匈,1
552,匆,2423,旬,1
552,匆,3755,甸,1
553,匈,466,初,1
553,匈,720,吻,1
553,匈,1001,四,1
553,匈,1004,囟,1
553,匈,1012,囱,1
553,匈,2420,旧,1
553,匈,2423,旬,1
553,匈,3755,甸,1
553,匈,5308,蚀,1
554,匍,3755,甸,1
556,匐,434,凫,1
556,匐,1017,国,1
556,匐,1022,圆,1
557,匕,45,乂,1
557,匕,50,义,1
557,匕,1869,总,1
557,匕,2858,止,1
558,化,72,乱,1
558,化,129,仕,1
558,化,130,他,1
558,化,138,代,1
558,化,1034,圮,1
558,化,2918,氏,1
558,化,2919,氐,1
558,化,7184,龟,1
559,北,358,兆,1
559,北,1035,圯,1
559,北,1186,壮,1
559,北,1560,峪,1
559,北,2062,扣,1
559,北,2612,柏,1
559,北,2942,水,1
559,北,3022,泌,1
559,北,3499,牝,1
560,匙,6068,逊,1
560,匙,6745,题,1
561,匚,1611,工,1
563,匝,566,匣,1
563,匝,570,匹,1
563,匝,5302,虺,1
564,匠,572,医,1
564,匠,617,厅,1
565,匡,572,医,1
565,匡,574,匿,1
565,匡,6771,飞,1
566,匣,624,厘,1
566,匣,672,叵,1
566,匣,3757,画,1
566,匣,5211,蓖,1
567,匦,1024,圉,1
568,匪,272,俳,1
568,匪,1091,垣,1
568,匪,4701,耻,1
569,匮,345,僵,1
570,匹,568,匪,1
570,匹,6040,远,1
571,区,1622,巴,1
571,区,2096,抠,1
572,医,565,匡,1
572,医,631,厦,1
572,医,5616,许,1
573,匾,564,匠,1
573,匾,6094,逼,1
573,匾,6100,遍,1
574,匿,4873,臣,1
576,千,2052,手,1
576,千,3496,牙,1
577,卅,394,册,1
577,卅,1037,圳,1
578,升,113,什,1
578,升,4897,舟,1
579,午,54,乎,1
579,午,81,于,1
579,午,87,井,1
579,午,168,伞,1
579,午,576,千,1
579,午,1612,左,1
579,午,1776,彳,1
579,午,2352,攵,1
579,午,2394,斥,1
579,午,4624,羊,1
580,卉,1230,奔,1
580,卉,1943,惠,1
581,半,443,出,1
581,半,587,单,1
581,半,1669,年,1
581,半,4719,肀,1
581,半,6681,靽,1
582,华,584,卑,1
582,华,585,卒,1
582,华,2901,毕,1
582,华,4275,竿,1
583,协,1064,坩,1
583,协,2168,挟,1
583,协,3158,淋,1
584,卑,586,卓,1
584,卑,1065,坪,1
584,卑,5952,身,1
584,卑,6011,辛,1
585,卒,168,伞,1
585,卒,582,华,1
585,卒,1408,宓,1
585,卒,1641,帚,1
585,卒,1671,幸,1
585,卒,1700,座,1
585,卒,2165,挛,1
585,卒,2412,族,1
585,卒,2911,毵,1
585,卒,4942,芋,1
587,单,102,京,1
587,单,584,卑,1
587,单,1387,学,1
587,单,1402,宇,1
587,单,1403,守,1
587,单,1670,并,1
587,单,2519,曾,1
588,卖,1272,妻,1
588,卖,5223,蔑,1
589,南,587,单,1
589,南,2523,有,1
589,南,2758,楠,1
590,博,322,傅,1
590,博,1336,媒,1
591,卜,110,人,1
591,卜,1809,忄,1
592,卞,94,亢,1
592,卞,374,六,1
592,卞,1676,广,1
592,卞,4127,示,1
593,卟,669,叱,1
593,卟,673,叶,1
593,卟,694,吓,1
593,卟,764,咔,1
594,占,11,与,1
594,占,596,卢,1
594,占,668,台,1
594,占,688,名,1
594,占,713,启,1
594,占,1816,忐,1
594,占,2421,旨,1
595,卡,1208,夫,1
595,卡,1735,弋,1
595,卡,2393,斤,1
595,卡,3524,犬,1
596,卢,57,乒,1
596,卢,452,分,1
597,卣,1012,囱,1
597,卣,4930,色,1
598,卤,1012,囱,1
598,卤,1189,壶,1
598,卤,7168,齿,1
599,卦,1198,外,1
599,卦,1462,封,1
599,卦,2056,扑,1
599,卦,2387,料,1
599,卦,4141,祚,1
599,卦,4680,耖,1
600,卧,5822,赜,1
601,卩,448,刀,1
601,卩,2418,日,1
602,卫,6,三,1
602,卫,999,囗,1
602,卫,4260,立,1
603,卮,689,后,1
605,印,609,卵,1
605,印,2393,斤,1
605,印,6031,迎,1
605,印,6130,邝,1
605,印,6140,邱,1
606,危,94,亢,1
606,危,354,允,1
606,危,1595,嵬,1
606,危,1677,庀,1
606,危,4930,色,1
607,即,1626,币,1
608,却,453,切,1
608,却,611,卸,1
608,却,5597,讣,1
609,卵,3620,玥,1
609,卵,5682,诽,1
609,卵,6139,邰,1
609,卵,6142,邴,1
609,卵,6150,邾,1
610,卷,1617,差,1
610,卷,3483,爸,1
610,卷,4177,秃,1
610,卷,4264,竞,1
610,卷,4631,羞,1
611,卸,605,印,1
611,卸,608,却,1
611,卸,5443,蟹,1
611,卸,6164,郛,1
612,卺,2378,整,1
612,卺,3400,烝,1
613,卻,6152,郄,1
614,卿,4707,聊,1
615,厂,44,丿,1
615,厂,575,十,1
615,厂,2040,户,1
616,厄,562,匜,1
616,厄,563,匝,1
616,厄,603,卮,1
617,厅,2865,歹,1
618,历,19,丙,1
618,历,5550,西,1
618,历,6916,鬣,1
619,厉,603,卮,1
619,厉,618,历,1
619,厉,5625,诂,1
620,压,16,丕,1
620,压,353,兀,1
620,压,689,后,1
620,压,1487,尼,1
620,压,1616,巫,1
620,压,3607,玉,1
620,压,6314,钰,1
621,厌,1679,庆,1
621,厌,1898,恹,1
622,厍,574,匿,1
622,厍,625,厚,1
622,厍,3099,浑,1
623,厕,1009,囫,1
623,厕,1608,州,1
624,厘,625,厚,1
624,厘,1084,垕,1
624,厘,1091,垣,1
624,厘,3122,涅,1
624,厘,3879,癌,1
624,厘,3895,皇,1
624,厘,6077,逗,1
625,厚,101,享,1
625,厚,624,厘,1
625,厚,627,原,1
625,厚,1956,惶,1
625,厚,4151,票,1
627,原,22,东,1
627,原,288,倞,1
627,原,424,凉,1
627,原,3046,泵,1
627,原,3230,源,1
627,原,6034,迓,1
628,厢,2388,斛,1
630,厥,5967,软,1
631,厦,93,亡,1
631,厦,624,厘,1
631,厦,2047,扅,1
631,厦,2455,是,1
632,厨,1693,府,1
633,厩,3434,煎,1
633,厩,6260,銍,1
633,厩,6722,顾,1
635,厶,49,么,1
635,厶,668,台,1
636,去,83,云,1
636,去,595,卡,1
636,去,638,县,1
636,去,1820,志,1
636,去,4889,舌,1
636,去,4982,苌,1
636,去,5853,趴,1
638,县,365,兕,1
638,县,2456,昱,1
638,县,4971,芸,1
638,县,5138,萁,1
639,叁,1421,宣,1
640,参,385,养,1
640,参,1200,多,1
640,参,1765,彡,1
640,参,4128,礻,1
640,参,4669,考,1
641,又,45,乂,1
641,又,642,叉,1
641,又,1240,女,1
641,又,1721,廴,1
641,又,3355,灭,1
642,叉,1191,夂,1
643,及,46,乃,1
643,及,125,从,1
643,及,644,友,1
643,及,646,反,1
643,及,1191,夂,1
643,及,1372,孓,1
643,及,1380,孜,1
643,及,1813,忌,1
643,及,2995,没,1
643,及,3089,浆,1
643,及,3481,父,1
643,及,3723,瓦,1
643,及,7113,麦,1
643,及,7142,黾,1
644,友,94,亢,1
644,友,646,反,1
644,友,647,发,1
644,友,1240,女,1
644,友,1612,左,1
644,友,2523,有,1
644,友,2865,歹,1
644,友,3904,皮,1
645,双,676,叹,1
645,双,4674,而,1
645,双,5555,观,1
646,反,118,仅,1
646,反,142,仪,1
646,反,163,众,1
646,反,641,又,1
646,反,1684,庐,1
646,反,2394,斥,1
646,反,3723,瓦,1
648,叔,652,叙,1
648,叔,1241,奴,1
648,叔,2367,教,1
648,叔,4900,舣,1
648,叔,5839,赵,1
648,叔,6703,韧,1
649,取,1852,怕,1
649,取,3355,灭,1
649,取,4698,耶,1
649,取,4709,职,1
650,受,55,乏,1
650,受,139,令,1
650,受,1404,安,1
650,受,3478,爰,1
650,受,3479,爱,1
650,受,4536,绶,1
651,变,95,交,1
651,变,246,便,1
651,变,1200,多,1
651,变,1302,娈,1
651,变,5892,踅,1
652,叙,199,余,1
652,叙,1241,奴,1
652,叙,6292,钚,1
653,叛,5817,赖,1
653,叛,6729,颅,1
654,叟,3242,溲,1
655,叠,3983,瞀,1
655,叠,4268,童,1
656,口,7,上,1
656,口,390,冂,1
656,口,431,几,1
656,口,432,凡,1
656,口,1611,工,1
657,古,4,万,1
657,古,1397,宀,1
657,古,1612,左,1
657,古,2061,扛,1
657,古,2401,方,1
657,古,3014,沽,1
657,古,3891,百,1
657,古,4019,石,1
657,古,4934,艺,1
658,句,692,向,1
658,句,3749,田,1
658,句,6509,问,1
659,另,471,别,1
659,另,521,劣,1
659,另,524,努,1
659,另,662,只,1
659,另,688,名,1
659,另,737,呙,1
659,另,4228,穷,1
660,叨,451,刃,1
660,叨,515,劝,1
660,叨,2986,沏,1
661,叩,677,叻,1
661,叩,679,叽,1
662,只,31,丫,1
662,只,695,吕,1
662,只,1485,尺,1
662,只,1776,彳,1
662,只,5762,贝,1
663,叫,412,冲,1
663,叫,442,凹,1
663,叫,704,吣,1
664,召,373,公,1
664,召,695,吕,1
664,召,1738,弓,1
664,召,2920,民,1
664,召,3891,百,1
665,叭,140,以,1
665,叭,660,叨,1
665,叭,5598,认,1
666,叮,661,叩,1
666,叮,694,吓,1
666,叮,3930,盯,1
667,可,4,万,1
667,可,449,刁,1
667,可,658,句,1
667,可,2052,手,1
667,可,3496,牙,1
668,台,354,允,1
668,台,399,冗,1
668,台,684,合,1
668,台,688,名,1
668,台,695,吕,1
668,台,705,否,1
668,台,727,告,1
668,台,1612,左,1
668,台,3736,甘,1
668,台,3890,白,1
668,台,4889,舌,1
668,台,4968,芳,1
669,叱,661,叩,1
670,史,690,吏,1
670,史,2515,更,1
670,史,2860,此,1
671,右,594,占,1
671,右,1029,在,1
671,右,1820,志,1
672,叵,564,匠,1
672,叵,570,匹,1
673,叶,663,叫,1
674,号,640,参,1
674,号,682,各,1
674,号,1216,夸,1
674,号,1775,影,1
675,司,451,刃,1
675,司,1739,引,1
676,叹,735,呗,1
676,叹,2952,汉,1
676,叹,4882,臾,1
677,叻,693,吒,1
678,叼,677,叻,1
678,叼,723,呀,1
678,叼,1615,巩,1
679,叽,121,仉,1
679,叽,704,吣,1
679,叽,721,吼,1
679,叽,724,呃,1
679,叽,6781,饥,1
680,吁,752,呼,1
680,吁,1030,圩,1
680,吁,1520,岈,1
680,吁,2427,旰,1
680,吁,4021,矸,1
681,吃,712,吮,1
681,吃,731,呓,1
681,吃,738,呛,1
681,吃,795,哈,1
681,吃,907,喹,1
682,各,519,务,1
682,各,775,咨,1
682,各,3360,灸,1
683,吆,710,听,1
683,吆,752,呼,1
683,吆,756,咄,1
683,吆,783,咳,1
683,吆,1276,始,1
683,吆,5319,蚣,1
684,合,122,今,1
684,合,126,仑,1
684,合,134,仝,1
684,合,139,令,1
684,合,371,全,1
684,合,606,危,1
684,合,2922,气,1
684,合,4290,笤,1
684,合,4436,系,1
684,合,5581,言,1
685,吉,722,吾,1
685,吉,727,告,1
685,吉,1738,弓,1
685,吉,1759,当,1
686,吊,1626,币,1
686,吊,1627,市,1
687,同,67,习,1
687,同,743,周,1
687,同,1003,回,1
687,同,1017,国,1
687,同,1071,坷,1
687,同,3929,目,1
687,同,5635,词,1
687,同,6507,闫,1
687,同,6515,间,1
688,名,699,吝,1
688,名,4883,舀,1
688,名,5738,谷,1
689,后,57,乒,1
689,后,177,伫,1
689,后,684,合,1
689,后,713,启,1
689,后,1411,官,1
689,后,2583,枉,1
689,后,3893,的,1
690,吏,6082,速,1
691,吐,669,叱,1
691,吐,2433,旺,1
691,吐,4456,红,1
691,吐,4730,肚,1
692,向,144,们,1
692,向,203,佝,1
692,向,687,同,1
692,向,1717,廙,1
692,向,3890,白,1
693,吒,696,吖,1
694,吓,2942,水,1
695,吕,662,只,1
695,吕,737,呙,1
695,吕,790,品,1
695,吕,2421,旨,1
695,吕,2441,昌,1
695,吕,5297,虫,1
695,吕,6832,马,1
696,吖,463,则,1
696,吖,663,叫,1
696,吖,680,吁,1
696,吖,728,呋,1
697,吗,409,冯,1
697,吗,669,叱,1
697,吗,739,呜,1
697,吗,793,哆,1
697,吗,1386,孥,1
698,君,713,启,1
698,君,3676,琵,1
698,君,3942,眉,1
698,君,5300,虱,1
699,吝,685,吉,1
699,吝,2451,春,1
699,吝,4231,空,1
699,吝,5738,谷,1
699,吝,6710,音,1
700,吞,682,各,1
700,吞,689,后,1
700,吞,1381,孝,1
700,吞,4313,答,1
701,吟,90,些,1
701,吟,806,哕,1
701,吟,808,哙,1
701,吟,1258,妗,1
702,吠,3529,状,1
703,吡,735,呗,1
703,吡,5867,跐,1
704,吣,669,叱,1
704,吣,715,吲,1
705,否,700,吞,1
705,否,722,吾,1
705,否,727,告,1
706,吧,738,呛,1
707,吨,1824,忠,1
707,吨,4742,肫,1
708,吩,697,吗,1
708,吩,4282,笏,1
709,含,166,会,1
709,含,684,合,1
709,含,4290,笤,1
709,含,4990,苕,1
709,含,6772,食,1
710,听,31,丫,1
710,听,68,乡,1
710,听,663,叫,1
710,听,677,叻,1
710,听,747,呵,1
711,吭,710,听,1
711,吭,712,吮,1
711,吭,3063,洗,1
712,吮,745,呲,1
712,吮,763,咒,1
712,吮,906,喷,1
712,吮,2984,沉,1
713,启,378,关,1
713,启,684,合,1
714,吱,779,咬,1
714,吱,783,咳,1
714,吱,920,嗖,1
714,吱,3404,烧,1
715,吲,747,呵,1
715,吲,751,呻,1
715,吲,755,咂,1
715,吲,854,啁,1
715,吲,2972,汴,1
716,吴,96,亥,1
716,吴,662,只,1
716,吴,725,呆,1
716,吴,1221,奂,1
716,吴,2440,昊,1
716,吴,4011,矣,1
716,吴,4877,臭,1
716,吴,4878,至,1
717,吵,87,井,1
717,吵,517,功,1
717,吵,793,哆,1
717,吵,3940,眇,1
718,吸,678,叼,1
718,吸,714,吱,1
718,吸,829,唆,1
718,吸,875,啵,1
718,吸,2362,敌,1
718,吸,3491,版,1
719,吹,665,叭,1
719,吹,702,吠,1
719,吹,811,哝,1
719,吹,1469,尔,1
719,吹,2841,次,1
720,吻,723,呀,1
721,吼,745,呲,1
721,吼,761,咏,1
722,吾,27,严,1
722,吾,360,光,1
722,吾,700,吞,1
722,吾,1281,委,1
722,吾,1535,岩,1
722,吾,1641,帚,1
722,吾,3675,琴,1
722,吾,4237,窅,1
722,吾,5002,苦,1
722,吾,5957,軎,1
723,呀,752,呼,1
723,呀,1520,岈,1
723,呀,2431,旷,1
723,呀,2452,昧,1
723,呀,4032,砑,1
723,呀,4281,笋,1
724,呃,147,仳,1
724,呃,208,佤,1
725,呆,674,号,1
725,呆,686,吊,1
725,呆,1669,年,1
725,呆,2502,暴,1
725,呆,2563,条,1
725,呆,2590,果,1
725,呆,4306,等,1
725,呆,4392,籴,1
725,呆,4442,累,1
726,呈,2434,旻,1
726,呈,2922,气,1
726,呈,4878,至,1
726,呈,5305,虽,1
727,告,25,丢,1
727,告,28,丧,1
727,告,359,先,1
727,告,685,吉,1
727,告,1429,害,1
727,告,1535,岩,1
727,告,2421,旨,1
727,告,2554,杏,1
727,告,5002,苦,1
727,告,6940,鲁,1
728,呋,702,吠,1
728,呋,730,呒,1
728,呋,792,哄,1
729,呐,677,叻,1
729,呐,748,呶,1
729,呐,762,咐,1
730,呒,731,呓,1
731,呓,681,吃,1
731,呓,732,呔,1
731,呓,792,哄,1
731,呓,794,哇,1
732,呔,702,吠,1
732,呔,734,呖,1
733,呕,707,吨,1
733,呕,2997,沤,1
733,呕,4929,艰,1
734,呖,724,呃,1
734,呖,742,呦,1
734,呖,798,响,1
735,呗,718,吸,1
735,呗,737,呙,1
735,呗,1056,坝,1
736,员,1487,尼,1
736,员,5763,贞,1
736,员,5765,贡,1
736,员,5800,资,1
736,员,5821,赛,1
737,呙,686,吊,1
737,呙,704,吣,1
737,呙,4171,禺,1
737,呙,4964,芮,1
738,呛,126,仑,1
738,呛,681,吃,1
738,呛,794,哇,1
739,呜,697,吗,1
739,呜,1057,坞,1
740,呢,730,呒,1
740,呢,758,咋,1
740,呢,767,咙,1
740,呢,869,啪,1
740,呢,884,喂,1
740,呢,1487,尼,1
740,呢,2458,昵,1
740,呢,3037,泥,1
741,呤,416,冷,1
741,呤,701,吟,1
741,呤,768,咚,1
741,呤,795,哈,1
741,呤,2473,晗,1
741,呤,4035,砖,1
742,呦,770,咝,1
742,呦,5329,蚴,1
743,周,502,剧,1
743,周,1005,因,1
743,周,1006,囡,1
743,周,1274,姆,1
743,周,3745,甫,1
743,周,5583,訇,1
743,周,6534,阇,1
743,周,6536,阉,1
743,周,6548,阖,1
744,呱,741,呤,1
744,呱,4762,胍,1
745,呲,771,咣,1
745,呲,3029,泚,1
745,呲,3951,眦,1
746,味,777,咪,1
746,味,816,哧,1
746,味,821,哮,1
746,味,1271,妹,1
746,味,2541,朱,1
746,味,2633,柴,1
746,味,2996,沣,1
747,呵,678,叼,1
747,呵,697,吗,1
747,呵,787,咽,1
747,呵,798,响,1
747,呵,825,哼,1
747,呵,3009,河,1
747,呵,4836,腰,1
747,呵,4914,舸,1
748,呶,742,呦,1
749,呷,744,呱,1
749,呷,805,哔,1
749,呷,4768,胛,1
750,呸,16,丕,1
750,呸,23,丝,1
750,呸,694,吓,1
750,呸,755,咂,1
750,呸,802,哑,1
750,呸,837,唝,1
750,呸,921,嗜,1
751,呻,1061,坤,1
751,呻,1269,妯,1
752,呼,749,呷,1
752,呼,807,哗,1
752,呼,815,哦,1
752,呼,5937,蹲,1
753,命,100,亩,1
753,命,260,俞,1
753,命,3482,爷,1
753,命,6139,邰,1
753,命,6159,郐,1
754,咀,735,呗,1
754,咀,3544,狙,1
755,咂,581,半,1
756,咄,745,呲,1
756,咄,748,呶,1
757,咆,782,咱,1
757,咆,3380,炮,1
757,咆,6792,饱,1
758,咋,710,听,1
758,咋,711,吭,1
758,咋,765,咕,1
758,咋,846,唯,1
759,和,4176,私,1
759,和,4180,秋,1
759,和,4181,种,1
759,和,4493,绉,1
760,咎,2488,智,1
760,咎,2988,沓,1
761,咏,410,冰,1
761,咏,747,呵,1
762,咐,663,叫,1
762,咐,678,叼,1
762,咐,718,吸,1
762,咐,786,咻,1
762,咐,813,哟,1
762,咐,6572,附,1
763,咒,712,吮,1
763,咒,977,器,1
764,咔,702,吠,1
764,咔,749,呷,1
765,咕,691,吐,1
765,咕,694,吓,1
765,咕,3055,洁,1
765,咕,5334,蛄,1
766,咖,516,办,1
767,咙,740,呢,1
767,咙,766,咖,1
767,咙,772,咤,1
767,咙,2461,昽,1
768,咚,769,咛,1
769,咛,756,咄,1
770,咝,801,哐,1
771,咣,711,吭,1
771,咣,730,呒,1
771,咣,804,哓,1
771,咣,806,哕,1
772,咤,693,吒,1
772,咤,811,哝,1
772,咤,840,唣,1
773,咦,804,哓,1
773,咦,990,嚏,1
773,咦,5381,蜣,1
774,咧,888,喇,1
775,咨,1305,娑,1
775,咨,2443,昏,1
775,咨,4753,肾,1
776,咩,752,呼,1
776,咩,772,咤,1
777,咪,2543,朵,1
779,咬,204,佞,1
779,咬,710,听,1
779,咬,718,吸,1
779,咬,750,呸,1
779,咬,829,唆,1
779,咬,841,唤,1
779,咬,860,啐,1
779,咬,4083,碎,1
779,咬,4478,纹,1
779,咬,5349,蛟,1
780,咭,791,哂,1
780,咭,943,嘈,1
781,咯,760,咎,1
781,咯,768,咚,1
781,咯,794,哇,1
781,咯,3066,洛,1
781,咯,4313,答,1
781,咯,5798,赂,1
782,咱,865,啤,1
782,咱,905,喵,1
782,咱,3039,泪,1
783,咳,779,咬,1
783,咳,793,哆,1
783,咳,831,唉,1
783,咳,5099,莫,1
784,咴,803,哒,1
784,咴,3357,灰,1
785,咸,1296,威,1
785,咸,1970,感,1
785,咸,2017,戌,1
785,咸,2028,戚,1
785,咸,6535,阈,1
786,咻,162,休,1
786,咻,788,咿,1
786,咻,881,啾,1
786,咻,2587,林,1
787,咽,4781,胭,1
788,咿,797,哌,1
789,哀,4982,苌,1
789,哀,5509,裒,1
790,品,662,只,1
790,品,1560,峪,1
790,品,1824,忠,1
790,品,2486,晶,1
791,哂,784,咴,1
792,哄,783,咳,1
792,哄,804,哓,1
792,哄,808,哙,1
792,哄,906,喷,1
792,哄,3396,烘,1
793,哆,813,哟,1
793,哆,815,哦,1
793,哆,829,唆,1
793,哆,2485,晴,1
794,哇,681,吃,1
794,哇,852,唾,1
794,哇,1112,埕,1
794,哇,1553,峡,1
794,哇,3772,畦,1
794,哇,5346,蛙,1
795,哈,683,吆,1
795,哈,825,哼,1
796,哉,2016,戋,1
796,哉,2022,我,1
796,哉,2027,战,1
796,哉,2035,截,1
796,哉,2036,戬,1
796,哉,2366,敖,1
797,哌,744,呱,1
797,哌,808,哙,1
798,响,734,呖,1
798,响,782,咱,1
798,响,1383,孢,1
798,响,1534,岣,1
798,响,2466,晌,1
798,响,3381,炯,1
798,响,3543,狗,1
798,响,6798,饷,1
799,哎,676,叹,1
799,哎,792,哄,1
799,哎,2450,映,1
799,哎,4936,艾,1
799,哎,5223,蔑,1
800,哏,3766,畔,1
800,哏,4929,艰,1
801,哐,780,咭,1
802,哑,754,咀,1
802,哑,5665,诬,1
803,哒,773,咦,1
804,哓,805,哔,1
804,哓,844,唬,1
805,哔,812,哞,1
805,哔,2470,晔,1
806,哕,771,咣,1
806,哕,786,咻,1
807,哗,582,华,1
807,哗,752,呼,1
807,哗,812,哞,1
807,哗,834,唑,1
807,哗,860,啐,1
807,哗,865,啤,1
807,哗,4182,科,1
808,哙,809,哚,1
809,哚,810,哜,1
810,哜,781,咯,1
810,哜,3395,烊,1
810,哜,7166,齐,1
811,哝,784,咴,1
811,哝,797,哌,1
811,哝,800,哏,1
811,哝,872,啮,1
812,哞,751,呻,1
812,哞,807,哗,1
812,哞,809,哚,1
812,哞,836,唛,1
812,哞,3960,眸,1
813,哟,710,听,1
813,哟,723,呀,1
813,哟,742,呦,1
813,哟,793,哆,1
814,哥,743,周,1
814,哥,1460,导,1
814,哥,1461,寿,1
814,哥,5184,蒉,1
814,哥,5952,身,1
814,哥,6874,骛,1
815,哦,6805,饿,1
816,哧,746,味,1
816,哧,826,哽,1
816,哧,906,喷,1
816,哧,2452,昧,1
817,哨,824,哺,1
817,哨,850,唷,1
817,哨,855,啃,1
817,哨,896,喘,1
817,哨,930,嗨,1
817,哨,933,嗬,1
817,哨,1561,峭,1
817,哨,4761,背,1
818,哩,754,咀,1
818,哩,757,咆,1
818,哩,840,唣,1
818,哩,911,嗄,1
818,哩,965,嘿,1
819,哪,842,唧,1
819,哪,864,啡,1
820,哭,7,上,1
820,哭,2543,朵,1
820,哭,4012,知,1
820,哭,4044,砦,1
820,哭,4283,笑,1
821,哮,893,喏,1
821,哮,3570,猎,1
821,哮,7097,鹭,1
822,哲,1131,堆,1
822,哲,2204,据,1
822,哲,2703,梦,1
822,哲,6193,酉,1
823,哳,710,听,1
823,哳,2483,晰,1
824,哺,878,啸,1
824,哺,885,喃,1
824,哺,905,喵,1
824,哺,2477,晡,1
824,哺,4811,脯,1
825,哼,409,冯,1
825,哼,769,咛,1
825,哼,835,唔,1
825,哼,851,唼,1
825,哼,1572,崞,1
825,哼,3889,登,1
826,哽,818,哩,1
826,哽,835,唔,1
826,哽,4074,硬,1
828,唁,808,哙,1
828,唁,825,哼,1
828,唁,882,喀,1
828,唁,917,嗒,1
828,唁,924,嗟,1
828,唁,2473,晗,1
828,唁,3655,琇,1
828,唁,4105,磅,1
828,唁,5815,赔,1
828,唁,6620,雁,1
829,唆,770,咝,1
829,唆,806,哕,1
829,唆,851,唼,1
829,唆,936,嗳,1
829,唆,3417,焌,1
829,唆,4267,竣,1
830,唇,709,含,1
830,唇,1434,容,1
831,唉,730,呒,1
831,唉,829,唆,1
833,唐,1411,官,1
833,唐,1683,序,1
833,唐,1705,康,1
833,唐,1706,庸,1
833,唐,3449,熏,1
833,唐,3937,盾,1
833,唐,4179,秉,1
833,唐,7104,鹿,1
834,唑,770,咝,1
834,唑,5933,蹬,1
836,唛,816,哧,1
836,唛,868,啧,1
837,唝,839,唢,1
837,唝,868,啧,1
837,唝,906,喷,1
837,唝,6715,顷,1
838,唠,893,喏,1
838,唠,2196,捞,1
838,唠,6239,醛,1
839,唢,817,哨,1
839,唢,837,唝,1
840,唣,772,咤,1
841,唤,263,俣,1
841,唤,2450,映,1
842,唧,6161,郓,1
842,唧,6958,鲕,1
844,唬,948,嘘,1
844,唬,5289,虎,1
845,售,153,仿,1
845,售,258,俜,1
845,售,435,凭,1
845,售,835,唔,1
845,售,1920,您,1
845,售,6871,骘,1
845,售,7084,鹞,1
846,唯,797,哌,1
846,唯,895,喔,1
846,唯,968,噍,1
847,唰,952,嘟,1
848,唱,697,吗,1
848,唱,894,喑,1
848,唱,934,嗯,1
848,唱,2421,旨,1
848,唱,5812,赐,1
849,唳,841,唤,1
850,唷,855,啃,1
850,唷,894,喑,1
850,唷,5143,萌,1
851,唼,723,呀,1
851,唼,1330,婴,1
851,唼,2227,接,1
852,唾,802,哑,1
852,唾,834,唑,1
852,唾,907,喹,1
852,唾,984,噻,1
852,唾,4558,缍,1
853,唿,934,嗯,1
853,唿,6923,魂,1
855,啃,812,哞,1
855,啃,817,哨,1
855,啃,900,喟,1
855,啃,943,嘈,1
855,啃,4745,肯,1
856,啄,2932,氤,1
856,啄,3663,琢,1
857,商,1439,寄,1
857,商,1473,尚,1
857,商,2048,扇,1
857,商,4172,离,1
857,商,5191,蒟,1
857,商,5510,裔,1
857,商,6902,高,1
858,啉,816,哧,1
858,啉,3674,琳,1
859,啊,747,呵,1
859,啊,847,唰,1
861,啕,720,吻,1
862,啖,811,哝,1
862,啖,3224,溃,1
864,啡,819,哪,1
864,啡,867,啦,1
864,啡,6668,非,1
865,啤,807,哗,1
865,啤,818,哩,1
865,啤,1119,埠,1
866,啥,852,唾,1
866,啥,924,嗟,1
866,啥,3121,涂,1
866,啥,3207,湉,1
867,啦,2139,拦,1
867,啦,2492,暅,1
870,啬,3773,番,1
872,啮,930,嗨,1
872,啮,956,嘧,1
872,啮,4096,碰,1
872,啮,6585,陟,1
872,啮,7168,齿,1
873,啰,825,哼,1
873,啰,883,喁,1
873,啰,955,嘤,1
874,啴,776,咩,1
874,啴,825,哼,1
874,啴,953,嘡,1
875,啵,3631,玻,1
876,啶,3003,沪,1
876,啶,3153,淀,1
877,啷,6191,酃,1
878,啸,888,喇,1
879,啻,7058,鸾,1
880,啼,961,嘴,1
880,啼,5412,螃,1
881,啾,3985,瞅,1
882,喀,772,咤,1
882,喀,781,咯,1
882,喀,835,唔,1
882,喀,964,嘻,1
883,喁,4814,脶,1
884,喂,872,啮,1
884,喂,934,嗯,1
886,善,898,喜,1
886,善,4451,纂,1
888,喇,5368,蜊,1
889,喈,3894,皆,1
890,喉,841,唤,1
890,喉,849,唳,1
890,喉,3815,疾,1
891,喊,747,呵,1
891,喊,756,咄,1
891,喊,786,咻,1
891,喊,864,啡,1
891,喊,5648,诚,1
892,喋,3198,渫,1
892,喋,5697,谍,1
893,喏,917,嗒,1
893,喏,2185,捃,1
894,喑,850,唷,1
894,喑,2497,暗,1
896,喘,848,唱,1
896,喘,872,啮,1
896,喘,922,嗝,1
896,喘,3208,湍,1
896,喘,3688,瑞,1
896,喘,4556,缋,1
898,喜,1190,壹,1
898,喜,1671,幸,1
898,喜,4029,砉,1
898,喜,5129,菩,1
898,喜,5307,虿,1
898,喜,6710,音,1
899,喝,817,哨,1
899,喝,883,喁,1
899,喝,900,喟,1
899,喝,5462,衔,1
900,喟,817,哨,1
900,喟,906,喷,1
900,喟,967,噌,1
900,喟,3180,清,1
902,喧,327,傧,1
902,喧,829,唆,1
902,喧,901,喤,1
902,喧,969,噎,1
902,喧,2491,暄,1
903,喱,840,唣,1
904,喳,836,唛,1
904,喳,907,喹,1
904,喳,969,噎,1
904,喳,1588,嵖,1
904,喳,2469,晓,1
904,喳,2626,查,1
904,喳,3194,渣,1
904,喳,4100,碴,1
904,喳,6812,馇,1
905,喵,922,嗝,1
905,喵,941,嘀,1
905,喵,3584,猫,1
906,喷,794,哇,1
906,喷,911,嗄,1
906,喷,2474,晚,1
908,喻,844,唬,1
909,喽,821,哮,1
911,嗄,826,哽,1
911,嗄,1303,娉,1
911,嗄,2509,曝,1
912,嗅,831,唉,1
912,嗅,865,啤,1
913,嗉,929,嗦,1
913,嗉,931,嗪,1
913,嗉,1322,婊,1
913,嗉,4343,箦,1
914,嗌,5420,螠,1
914,嗌,6608,隘,1
915,嗍,939,嗽,1
915,嗍,7021,鳚,1
916,嗑,4111,磕,1
917,嗒,821,哮,1
917,嗒,838,唠,1
918,嗓,843,唪,1
918,嗓,878,啸,1
918,嗓,2600,枭,1
919,嗔,911,嗄,1
920,嗖,6815,馊,1
921,嗜,2485,晴,1
922,嗝,5436,蟒,1
923,嗞,384,兹,1
924,嗟,971,噗,1
925,嗡,4324,筲,1
925,嗡,7152,鼢,1
927,嗤,862,啖,1
927,嗤,872,啮,1
927,嗤,976,噤,1
929,嗦,816,哧,1
929,嗦,825,哼,1
929,嗦,913,嗉,1
929,嗦,945,嘌,1
929,嗦,1911,悖,1
929,嗦,4439,索,1
930,嗨,2479,晦,1
931,嗪,979,噪,1
932,嗫,5925,蹑,1
933,嗬,869,啪,1
934,嗯,787,咽,1
934,嗯,800,哏,1
937,嗵,3456,熥,1
937,嗵,6078,通,1
938,嗷,939,嗽,1
941,嘀,930,嗨,1
941,嘀,3748,甯,1
941,嘀,4312,筒,1
942,嘁,815,哦,1
942,嘁,2801,槭,1
942,嘁,4874,臧,1
943,嘈,967,噌,1
944,嘉,1237,奢,1
944,嘉,3461,熹,1
944,嘉,4007,矗,1
944,嘉,4299,笳,1
945,嘌,873,啰,1
945,嘌,5428,螵,1
946,嘎,975,噢,1
946,嘎,4103,碾,1
948,嘘,958,嘭,1
948,嘘,4096,碰,1
949,嘚,900,喟,1
949,嘚,5819,赙,1
950,嘛,699,吝,1
950,嘛,761,咏,1
950,嘛,762,咐,1
956,嘧,991,嚓,1
956,嘧,2504,暾,1
957,嘬,829,唆,1
959,嘱,973,噙,1
959,嘱,977,器,1
959,嘱,1571,崛,1
960,嘲,888,喇,1
960,嘲,915,嗍,1
960,嘲,2532,朝,1
961,嘴,889,喈,1
961,嘴,896,喘,1
961,嘴,905,喵,1
961,嘴,5572,觜,1
963,嘹,929,嗦,1
963,嘹,4347,箪,1
964,嘻,780,咭,1
964,嘻,898,喜,1
964,嘻,919,嗔,1
964,嘻,974,噜,1
964,嘻,1592,嵝,1
964,嘻,3776,畴,1
965,嘿,818,哩,1
965,嘿,876,啶,1
965,嘿,934,嗯,1
965,嘿,990,嚏,1
967,噌,924,嗟,1
967,噌,2519,曾,1
968,噍,1994,憔,1
969,噎,901,喤,1
969,噎,913,嗉,1
969,噎,953,嘡,1
970,噔,5933,蹬,1
972,噘,2311,撅,1
975,噢,934,嗯,1
977,器,820,哭,1
977,器,3994,瞥,1
977,器,4619,罴,1
978,噩,4611,罡,1
978,噩,5353,蛮,1
979,噪,764,咔,1
979,噪,1085,垛,1
979,噪,4869,臊,1
980,噫,851,唼,1
980,噫,1966,意,1
981,噬,852,唾,1
981,噬,4322,筮,1
982,噱,989,嚎,1
983,噶,5236,蔼,1
987,嚅,896,喘,1
987,嚅,3338,濡,1
988,嚆,896,喘,1
988,嚆,3990,瞒,1
988,嚆,5945,躅,1
989,嚎,829,唆,1
989,嚎,913,嗉,1
989,嚎,982,噱,1
990,嚏,929,嗦,1
990,嚏,969,噎,1
991,嚓,918,嗓,1
991,嚓,976,噤,1
991,嚓,3872,瘵,1
992,嚚,993,嚣,1
993,嚣,978,噩,1
993,嚣,1635,帑,1
993,嚣,1966,意,1
993,嚣,4365,篢,1
993,嚣,4370,篱,1
994,嚯,2344,攉,1
995,嚷,5544,襄,1
996,嚼,877,啷,1
996,嚼,880,啼,1
997,囊,2169,挠,1
997,囊,5339,蛋,1
998,囔,997,囊,1
998,囔,999,囗,1
999,囗,439,凵,1
999,囗,1002,囝,1
999,囗,2512,曰,1
999,囗,5601,讧,1
1000,囚,678,叼,1
1000,囚,1003,回,1
1000,囚,1007,团,1
1000,囚,2895,母,1
1000,囚,4604,网,1
1000,囚,6513,闲,1
1001,四,1857,思,1
1001,四,2420,旧,1
1001,四,2512,曰,1
1001,四,2522,月,1
1001,四,3749,田,1
1001,四,3908,皿,1
1002,囝,1007,团,1
1002,囝,1017,国,1
1003,回,196,何,1
1003,回,2418,日,1
1003,回,3006,沮,1
1003,回,4294,笪,1
1003,回,6509,问,1
1004,囟,1006,囡,1
1005,因,401,军,1
1005,因,743,周,1
1005,因,1007,团,1
1005,因,1011,困,1
1005,因,1017,国,1
1005,因,1857,思,1
1005,因,3929,目,1
1005,因,4605,罔,1
1005,因,6511,闰,1
1006,囡,1003,回,1
1006,囡,1008,囤,1
1006,囡,1014,囵,1
1006,囡,1018,图,1
1006,囡,3749,田,1
1007,团,1016,固,1
1007,团,6508,闭,1
1008,囤,754,咀,1
1008,囤,1001,四,1
1008,囤,1005,因,1
1008,囤,1011,困,1
1008,囤,1013,围,1
1008,囤,1016,固,1
1008,囤,6533,阆,1
1009,囫,1015,囹,1
1009,囫,1018,图,1
1009,囫,1022,圆,1
1009,囫,6549,阗,1
1010,园,675,司,1
1010,园,1002,囝,1
1010,园,1005,因,1
1010,园,1011,困,1
1010,园,1013,围,1
1010,园,2462,显,1
1010,园,3929,目,1
1010,园,6511,闰,1
1011,困,440,凶,1
1011,困,1003,回,1
1011,困,1016,固,1
1011,困,6534,阇,1
1011,困,6928,魇,1
1012,囱,692,向,1
1012,囱,3890,白,1
1012,囱,5118,菌,1
1012,囱,5457,血,1
1013,围,475,刳,1
1013,围,1000,囚,1
1013,围,1011,困,1
1013,围,1021,圄,1
1013,围,1022,圆,1
1013,围,1023,圈,1
1013,围,6512,闱,1
1014,囵,1008,囤,1
1014,囵,1009,囫,1
1014,囵,1015,囹,1
1015,囹,1001,四,1
1016,固,550,匀,1
1016,固,687,同,1
1016,固,743,周,1
1016,固,1017,国,1
1016,固,1022,圆,1
1016,固,6521,闺,1
1017,国,687,同,1
1017,国,1000,囚,1
1017,国,1002,囝,1
1017,国,1003,回,1
1017,国,1005,因,1
1017,国,1016,固,1
1017,国,6511,闰,1
1017,国,6529,阂,1
1018,图,437,凰,1
1018,图,743,周,1
1018,图,1000,囚,1
1018,图,1002,囝,1
1018,图,1017,国,1
1018,图,6031,迎,1
1019,囿,1020,圃,1
1019,囿,1021,圄,1
1019,囿,1022,圆,1
1019,囿,6046,迥,1
1020,圃,1008,囤,1
1020,圃,1013,围,1
1020,圃,1019,囿,1
1020,圃,4605,罔,1
1020,圃,6520,闹,1
1020,圃,6524,闽,1
1021,圄,1013,围,1
1021,圄,1024,圉,1
1021,圄,6534,阇,1
1022,圆,631,厦,1
1022,圆,1003,回,1
1022,圆,1006,囡,1
1022,圆,1019,囿,1
1022,圆,3736,甘,1
1022,圆,4616,置,1
1023,圈,506,割,1
1023,圈,1026,圜,1
1023,圈,6548,阖,1
1024,圉,1026,圜,1
1025,圊,1019,囿,1
1025,圊,1024,圉,1
1025,圊,6548,阖,1
1026,圜,1633,帏,1
1027,土,64,九,1
1027,土,1207,太,1
1027,土,3608,王,1
1028,圣,2052,手,1
1028,圣,4878,至,1
1029,在,621,厌,1
1029,在,2539,札,1
1029,在,5836,走,1
1029,在,6066,逆,1
1030,圩,1038,圹,1
1030,圩,2968,汪,1
1031,圪,65,乞,1
1031,圪,681,吃,1
1031,圪,1051,坑,1
1032,圬,235,侣,1
1032,圬,1044,均,1
1032,圬,1054,坛,1
1032,圬,1613,巧,1
1033,圭,41,主,1
1033,圭,376,兰,1
1033,圭,794,哇,1
1033,圭,1189,壶,1
1033,圭,5021,茎,1
1034,圮,2417,既,1
1034,圮,2560,杞,1
1034,圮,5609,记,1
1035,圯,558,化,1
1035,圯,1062,坦,1
1035,圯,1067,坭,1
1036,地,558,化,1
1036,地,1042,址,1
1036,地,1097,垭,1
1036,地,2963,池,1
1038,圹,3786,疒,1
1039,场,1044,均,1
1039,场,2067,扫,1
1039,场,2566,杨,1
1039,场,6717,项,1
1040,圻,710,听,1
1040,圻,2092,折,1
1040,圻,2978,沂,1
1040,圻,5321,蚧,1
1041,圾,1044,均,1
1041,圾,1108,城,1
1041,圾,2089,投,1
1041,圾,2971,汲,1
1041,圾,6080,逝,1
1042,址,41,主,1
1042,址,1062,坦,1
1042,址,1063,坨,1
1042,址,1099,垯,1
1042,址,1616,巫,1
1042,址,2071,扯,1
1042,址,2900,比,1
1043,坂,5311,蚊,1
1043,坂,6788,饭,1
1044,均,453,切,1
1044,均,1039,场,1
1044,均,1071,坷,1
1044,均,2129,拘,1
1044,均,3619,玢,1
1044,均,4991,苗,1
1045,坊,1083,垓,1
1045,坊,1100,垱,1
1045,坊,1148,堵,1
1045,坊,1613,巧,1
1045,坊,2439,昉,1
1045,坊,4479,纺,1
1046,坌,6935,鱼,1
1047,坍,1156,塘,1
1047,坍,1274,姆,1
1047,坍,1615,巩,1
1047,坍,5332,蚺,1
1048,坎,1044,均,1
1048,坎,1049,坏,1
1048,坎,1052,块,1
1048,坎,1058,坟,1
1048,坎,6715,顷,1
1049,坏,1065,坪,1
1049,坏,1839,怀,1
1049,坏,3625,环,1
1050,坐,154,企,1
1050,坐,435,凭,1
1050,坐,551,包,1
1050,坐,834,唑,1
1050,坐,1033,圭,1
1050,坐,1059,坠,1
1050,坐,1089,垡,1
1051,坑,1045,坊,1
1051,坑,3622,玩,1
1052,块,2145,拮,1
1052,块,2168,挟,1
1053,坚,1472,尘,1
1053,坚,6253,里,1
1054,坛,2184,捂,1
1054,坛,3817,痃,1
1056,坝,1062,坦,1
1056,坝,3537,狈,1
1056,坝,3626,现,1
1056,坝,6715,顷,1
1056,坝,6717,项,1
1057,坞,1066,坫,1
1057,坞,1107,埋,1
1057,坞,1110,埒,1
1057,坞,1933,惇,1
1058,坟,2356,攻,1
1058,坟,2358,政,1
1058,坟,2359,故,1
1058,坟,4513,绞,1
1059,坠,794,哇,1
1059,坠,1139,堕,1
1059,坠,1147,堲,1
1059,坠,2922,气,1
1060,坡,4051,破,1
1060,坡,5638,诐,1
1061,坤,412,冲,1
1061,坤,1135,堌,1
1061,坤,2108,押,1
1062,坦,5628,诅,1
1063,坨,1036,地,1
1064,坩,1062,坦,1
1064,坩,4484,绀,1
1065,坪,1030,圩,1
1065,坪,1087,垟,1
1065,坪,2101,抨,1
1065,坪,5627,评,1
1066,坫,1051,坑,1
1066,坫,1063,坨,1
1066,坫,1075,垃,1
1067,坭,1864,怩,1
1068,坯,1049,坏,1
1068,坯,1091,垣,1
1069,坳,2128,拗,1
1071,坷,1030,圩,1
1071,坷,1039,场,1
1071,坷,1044,均,1
1071,坷,1070,坶,1
1071,坷,2219,掏,1
1071,坷,2865,歹,1
1071,坷,3633,珂,1
1071,坷,6669,靠,1
1072,坻,1114,埘,1
1072,坻,2105,抵,1
1072,坻,3731,甄,1
1073,坼,2115,拆,1
1074,垂,1272,妻,1
1075,垃,1048,坎,1
1075,垃,1058,坟,1
1075,垃,1125,培,1
1075,垃,2139,拦,1
1076,垄,5240,蕉,1
1076,垄,7182,龚,1
1077,垅,2135,拢,1
1078,垆,2099,护,1
1078,垆,3146,涫,1
1079,型,473,刮,1
1079,型,1179,壁,1
1080,垌,847,唰,1
1080,垌,1114,埘,1
1080,垌,1135,堌,1
1080,垌,2676,桐,1
1081,垍,1091,垣,1
1081,垍,2121,拍,1
1081,垍,3632,珀,1
1082,垒,2331,擂,1
1082,垒,3913,盉,1
1082,垒,4878,至,1
1083,垓,2659,核,1
1085,垛,1495,居,1
1085,垛,5889,跺,1
1086,垞,1065,坪,1
1086,垞,1107,埋,1
1087,垟,2120,拌,1
1088,垠,800,哏,1
1088,垠,2660,根,1
1089,垡,248,俄,1
1090,垢,1155,塔,1
1090,垢,1173,增,1
1090,垢,2942,水,1
1090,垢,3632,珀,1
1091,垣,1092,垤,1
1091,垣,2678,桓,1
1091,垣,3080,洹,1
1091,垣,5135,菹,1
1091,垣,5603,让,1
1092,垤,1049,坏,1
1093,垦,1143,堡,1
1094,垧,798,响,1
1094,垧,5656,询,1
1096,垫,2069,扭,1
1096,垫,2178,挫,1
1096,垫,3409,热,1
1096,垫,5354,蛰,1
1098,垮,1155,塔,1
1098,垮,4504,绔,1
1098,垮,5517,裤,1
1099,垯,2167,挞,1
1099,垯,6687,鞑,1
1100,垱,1112,埕,1
1100,垱,2139,拦,1
1100,垱,2684,档,1
1101,垲,1519,岂,1
1102,垴,1035,圯,1
1102,垴,1901,恼,1
1104,埂,2701,梗,1
1105,埃,1083,垓,1
1105,埃,1086,垞,1
1105,埃,1112,埕,1
1105,埃,1136,堍,1
1105,埃,5163,葖,1
1106,埇,2186,捅,1
1107,埋,1062,坦,1
1107,埋,1068,坯,1
1107,埋,1112,埕,1
1107,埋,1140,堙,1
1107,埋,3326,澳,1
1107,埋,3654,理,1
1107,埋,5997,辍,1
1109,埏,1722,延,1
1109,埏,5371,蜒,1
1109,埏,5652,诞,1
1110,埒,256,俘,1
1110,埒,2189,捋,1
1111,埔,590,博,1
1111,埔,2195,捕,1
1111,埔,5989,辅,1
1112,埕,1092,垤,1
1112,埕,1144,堤,1
1113,埗,1144,堤,1
1114,埘,1064,坩,1
1115,埙,1144,堤,1
1115,埙,2197,损,1
1115,埙,6715,顷,1
1116,埚,1115,埙,1
1116,埚,1124,埸,1
1117,埝,1144,堤,1
1117,埝,1341,媳,1
1118,域,1111,埔,1
1118,域,2153,拽,1
1118,域,2639,栈,1
1118,域,5384,蜮,1
1118,域,5408,蝼,1
1119,埠,1087,垟,1
1119,埠,2203,捭,1
1120,埤,1110,埒,1
1120,埤,1537,岬,1
1121,埭,1085,垛,1
1121,埭,2724,棣,1
1122,埯,1123,埴,1
1123,埴,1081,垍,1
1123,埴,1091,垣,1
1124,埸,1152,塌,1
1125,培,1032,圬,1
1125,培,1064,坩,1
1125,培,1127,埼,1
1125,培,1137,堎,1
1125,培,3145,涪,1
1126,基,1132,堇,1
1126,基,1573,崟,1
1126,基,3738,甚,1
1126,基,3897,皋,1
1126,基,5072,荩,1
1126,基,5136,菼,1
1126,基,5166,葚,1
1126,基,5170,董,1
1126,基,5267,薹,1
1127,埼,2218,掎,1
1129,堀,1090,垢,1
1130,堂,367,党,1
1130,堂,376,兰,1
1130,堂,1422,室,1
1130,堂,2723,棠,1
1130,堂,5048,荃,1
1130,堂,6254,重,1
1131,堆,1073,坼,1
1131,堆,1090,垢,1
1131,堆,1515,屹,1
1131,堆,1781,往,1
1131,堆,1942,惟,1
1131,堆,2229,推,1
1132,堇,6673,革,1
1133,堉,1092,垤,1
1133,堉,1173,增,1
1133,堉,1327,婧,1
1134,堋,4537,绷,1
1135,堌,5392,蝈,1
1136,堍,2183,挽,1
1138,堑,2490,暂,1
1139,堕,5909,踵,1
1139,堕,6604,随,1
1141,堞,5593,譬,1
1141,堞,5697,谍,1
1143,堡,259,保,1
1143,堡,1422,室,1
1143,堡,1508,屡,1
1143,堡,6623,集,1
1144,堤,1062,坦,1
1144,堤,1112,埕,1
1144,堤,2188,捉,1
1144,堤,2604,枵,1
1144,堤,3215,湜,1
1145,堪,1091,垣,1
1145,堪,1144,堤,1
1145,堪,1159,填,1
1145,堪,1171,墙,1
1145,堪,2749,椹,1
1146,堰,304,偃,1
1146,堰,1091,垣,1
1148,堵,1133,堉,1
1148,堵,1171,墙,1
1148,堵,1175,墦,1
1148,堵,1369,孀,1
1148,堵,2145,拮,1
1148,堵,3190,渚,1
1151,塆,1150,塄,1
1151,塆,2332,擅,1
1152,塌,954,嘣,1
1152,塌,1085,垛,1
1152,塌,1327,婧,1
1152,塌,3425,焜,1
1152,塌,4270,竭,1
1153,塍,1342,媵,1
1154,塑,2531,望,1
1154,塑,4649,翔,1
1155,塔,2151,拷,1
1155,塔,2193,捏,1
1155,塔,3133,涝,1
1155,塔,4313,答,1
1156,塘,1098,垮,1
1156,塘,1167,墈,1
1156,塘,1173,增,1
1156,塘,3691,瑭,1
1157,塞,1422,室,1
1157,塞,1441,密,1
1157,塞,2287,搴,1
1157,塞,7107,麈,1
1158,塥,1169,墒,1
1159,填,1091,垣,1
1159,填,1145,堪,1
1159,填,3252,滇,1
1159,填,3948,真,1
1160,塬,2489,晾,1
1161,塮,1114,埘,1
1161,塮,2785,榭,1
1162,塾,1096,垫,1
1162,塾,3454,熟,1
1165,境,1051,坑,1
1165,境,1122,埯,1
1165,境,1136,堍,1
1165,境,1137,堎,1
1165,境,1149,塃,1
1166,墅,90,些,1
1166,墅,5865,跎,1
1169,墒,941,嘀,1
1169,墒,1117,埝,1
1169,墒,1133,堉,1
1169,墒,2300,摘,1
1169,墒,4312,筒,1
1170,墓,1132,堇,1
1170,墓,5021,茎,1
1170,墓,5201,蓁,1
1171,墙,294,倩,1
1171,墙,1125,培,1
1171,墙,1362,嫱,1
1173,增,1148,堵,1
1173,增,4584,缩,1
1174,墟,1232,奖,1
1174,墟,3175,淳,1
1174,墟,3340,濯,1
1174,墟,6074,递,1
1175,墦,5439,蟠,1
1176,墨,3630,玺,1
1176,墨,4617,罱,1
1177,墩,3791,疚,1
1178,墼,4601,罄,1
1179,壁,1139,堕,1
1179,壁,4085,碓,1
1179,壁,6014,辟,1
1180,壅,1713,廑,1
1180,壅,6627,雍,1
1181,壑,3982,睿,1
1182,壕,335,像,1
1182,壕,989,嚎,1
1183,壤,2346,攘,1
1183,壤,3833,痣,1
1183,壤,5544,襄,1
1184,士,63,乜,1
1184,士,93,亡,1
1184,士,3608,王,1
1185,壬,41,主,1
1185,壬,48,乇,1
1185,壬,134,仝,1
1185,壬,2905,毛,1
1185,壬,4945,芏,1
1186,壮,1862,性,1
1186,壮,2559,杜,1
1186,壮,2562,杠,1
1187,声,53,乍,1
1187,声,98,产,1
1187,声,1513,屯,1
1188,壳,713,启,1
1189,壶,1190,壹,1
1189,壶,3915,盍,1
1189,壶,5170,董,1
1189,壶,5172,葫,1
1190,壹,1189,壶,1
1190,壹,3915,盍,1
1190,壹,5205,蓉,1
1191,夂,0,々,1
1191,夂,2352,攵,1
1191,夂,3481,父,1
1193,备,682,各,1
1193,备,1226,奋,1
1193,备,3770,畜,1
1193,备,4177,秃,1
1194,复,631,厦,1
1194,复,647,发,1
1194,复,651,变,1
1194,复,1699,度,1
1194,复,1848,怎,1
1195,夏,534,勇,1
1195,夏,631,厦,1
1195,夏,789,哀,1
1195,夏,1194,复,1
1195,夏,1721,廴,1
1195,夏,4229,穸,1
1195,夏,4927,艮,1
1195,夏,4953,芟,1
1195,夏,5855,趸,1
1195,夏,6254,重,1
1197,夕,47,久,1
1197,夕,53,乍,1
1197,夕,57,乒,1
1197,夕,641,又,1
1197,夕,1191,夂,1
1197,夕,1765,彡,1
1198,外,70,乩,1
1198,外,593,卟,1
1198,外,1739,引,1
1199,夙,433,凤,1
1200,多,77,争,1
1200,多,688,名,1
1200,多,1245,好,1
1200,多,4607,罗,1
1201,夜,188,佃,1
1201,夜,357,充,1
1201,夜,1701,庭,1
1201,夜,2222,掖,1
1201,夜,4836,腰,1
1201,夜,5471,衩,1
1202,够,1204,夥,1
1202,够,3508,牲,1
1202,够,3900,皓,1
1202,够,3957,眵,1
1202,够,4197,移,1
1202,够,4559,缎,1
1202,够,4741,肪,1
1202,够,5776,贬,1
1202,够,6999,鳃,1
1205,大,8,下,1
1205,大,657,古,1
1205,大,1207,太,1
1205,大,1476,尢,1
1205,大,3353,火,1
1205,大,3524,犬,1
1206,天,355,元,1
1206,天,1485,尺,1
1206,天,2393,斤,1
1206,天,2979,沃,1
1206,天,3476,爪,1
1206,天,4010,矢,1
1207,太,1476,尢,1
1207,太,1612,左,1
1207,太,1736,式,1
1208,夫,377,共,1
1208,夫,636,去,1
1208,夫,1213,失,1
1208,夫,1479,尧,1
1208,夫,1485,尺,1
1208,夫,6614,隶,1
1209,夬,595,卡,1
1210,夭,1185,壬,1
1210,夭,1214,头,1
1210,夭,2416,无,1
1210,夭,4010,矢,1
1211,央,413,决,1
1211,央,1213,失,1
1211,央,1824,忠,1
1211,央,1863,怨,1
1211,央,5297,虫,1
1212,夯,1187,声,1
1212,夯,1230,奔,1
1213,失,820,哭,1
1213,失,1208,夫,1
1213,失,3740,生,1
1214,头,1208,夫,1
1215,夷,1290,姨,1
1215,夷,3486,爽,1
1216,夸,674,号,1
1216,夸,1223,奇,1
1216,夸,1686,库,1
1217,夹,377,共,1
1217,夹,580,卉,1
1217,夹,690,吏,1
1217,夹,728,呋,1
1217,夹,1211,央,1
1217,夹,1214,头,1
1217,夹,2564,来,1
1217,夹,5477,衷,1
1218,夺,420,净,1
1218,夺,1223,奇,1
1218,夺,1384,季,1
1218,夺,1458,寺,1
1218,夺,1460,导,1
1218,夺,2538,本,1
1218,夺,3525,犭,1
1219,夼,1628,布,1
1220,奁,209,佥,1
1221,奂,3139,涣,1
1222,奄,3177,淹,1
1222,奄,4475,纶,1
1223,奇,1218,夺,1
1223,奇,1219,夼,1
1223,奇,1224,奈,1
1223,奇,1458,寺,1
1224,奈,101,享,1
1224,奈,1216,夸,1
1224,奈,1488,尽,1
1224,奈,2864,歪,1
1224,奈,4974,芽,1
1224,奈,5082,荼,1
1225,奉,2148,拳,1
1225,奉,2451,春,1
1225,奉,2538,本,1
1225,奉,3669,琫,1
1226,奋,1223,奇,1
1226,奋,3805,疰,1
1226,奋,6826,首,1
1227,奎,1033,圭,1
1227,奎,1233,套,1
1228,奏,2246,揍,1
1228,奏,4439,索,1
1229,契,3597,獒,1
1229,契,4190,秧,1
1230,奔,491,前,1
1230,奔,1212,夯,1
1230,奔,1733,弈,1
1230,奔,4409,粪,1
1231,奕,1082,垒,1
1231,奕,1733,弈,1
1231,奕,2165,挛,1
1231,奕,3797,疣,1
1231,奕,4234,突,1
1232,奖,1471,尖,1
1233,套,1227,奎,1
1233,套,5316,蚕,1
1236,奠,4626,美,1
1236,奠,5045,茺,1
1237,奢,898,喜,1
1237,奢,1230,奔,1
1237,奢,2481,普,1
1237,奢,4173,禽,1
1238,奥,382,具,1
1238,奥,1229,契,1
1238,奥,1235,奚,1
1238,奥,3020,泉,1
1240,女,57,乒,1
1240,女,1245,好,1
1240,女,1259,妙,1
1240,女,1726,廿,1
1240,女,4260,立,1
1241,奴,676,叹,1
1241,奴,1245,好,1
1241,奴,1247,如,1
1241,奴,1255,妒,1
1241,奴,2548,权,1
1242,奶,453,切,1
1242,奶,608,却,1
1242,奶,688,名,1
1242,奶,1245,好,1
1242,奶,1259,妙,1
1243,奸,1245,好,1
1243,奸,1258,妗,1
1243,奸,4458,纤,1
1243,奸,5643,试,1
1243,奸,5958,车,1
1243,奸,5961,轩,1
1244,她,1270,妲,1
1244,她,2900,比,1
1244,她,2963,池,1
1244,她,6199,酏,1
1245,好,525,劫,1
1245,好,1218,夺,1
1245,好,1242,奶,1
1245,好,1246,妁,1
1245,好,1247,如,1
1245,好,1259,妙,1
1245,好,1264,妨,1
1246,妁,1267,妫,1
1247,如,459,划,1
1247,如,518,加,1
1247,如,589,南,1
1247,如,759,和,1
1248,妃,1244,她,1
1248,妃,1266,妪,1
1249,妄,1263,妥,1
1249,妄,1404,安,1
1249,妄,5003,苫,1
1250,妆,2078,找,1
1250,妆,3529,状,1
1251,妇,1241,奴,1
1251,妇,1247,如,1
1251,妇,4897,舟,1
1252,妈,1246,妁,1
1252,妈,1251,妇,1
1252,妈,1262,妤,1
1252,妈,1293,姻,1
1252,妈,1357,嫣,1
1252,妈,5310,蚂,1
1252,妈,7073,鹎,1
1253,妊,1278,姑,1
1253,妊,1822,忙,1
1253,妊,3359,灶,1
1253,妊,4473,纴,1
1253,妊,6731,颇,1
1254,妍,394,册,1
1254,妍,1243,奸,1
1255,妒,1242,奶,1
1255,妒,1243,奸,1
1255,妒,1259,妙,1
1255,妒,1262,妤,1
1255,妒,3366,炉,1
1255,妒,6677,靶,1
1256,妓,1241,奴,1
1256,妓,1288,姣,1
1256,妓,2376,数,1
1256,妓,2591,枝,1
1257,妖,59,乔,1
1257,妖,2589,枚,1
1257,妖,3430,然,1
1257,妖,3693,瑶,1
1257,妖,5311,蚊,1
1258,妗,1253,妊,1
1258,妗,1267,妫,1
1258,妗,1276,始,1
1259,妙,1241,奴,1
1259,妙,1377,孙,1
1259,妙,6058,迹,1
1260,妞,1293,姻,1
1260,妞,3376,炟,1
1261,妣,1258,妗,1
1261,妣,1268,妮,1
1262,妤,1243,奸,1
1262,妤,1255,妒,1
1262,妤,1333,婷,1
1263,妥,1249,妄,1
1263,妥,1281,委,1
1263,妥,1285,姜,1
1263,妥,1378,孚,1
1263,妥,1404,安,1
1263,妥,2905,毛,1
1263,妥,4675,耍,1
1263,妥,5136,菼,1
1263,妥,5852,足,1
1263,妥,6807,馁,1
1264,妨,1258,妗,1
1264,妨,1259,妙,1
1264,妨,1278,姑,1
1264,妨,1287,姞,1
1265,妩,1257,妖,1
1265,妩,1300,娆,1
1266,妪,3029,泚,1
1266,妪,6058,迹,1
1267,妫,1259,妙,1
1267,妫,4912,舶,1
1268,妮,1265,妩,1
1268,妮,1289,姥,1
1268,妮,1306,娓,1
1268,妮,1310,娠,1
1268,妮,5391,蝇,1
1268,妮,5994,辊,1
1271,妹,1327,婧,1
1271,妹,1336,媒,1
1271,妹,2587,林,1
1272,妻,5142,萋,1
1272,妻,5551,要,1
1273,妾,1249,妄,1
1273,妾,1285,姜,1
1273,妾,4302,笼,1
1274,姆,1260,妞,1
1274,姆,1269,妯,1
1274,姆,1277,姐,1
1274,姆,1282,姗,1
1274,姆,1316,娴,1
1274,姆,2385,斓,1
1274,姆,3401,烟,1
1275,姊,1255,妒,1
1275,姊,1267,妫,1
1275,姊,1311,娣,1
1276,始,1246,妁,1
1276,始,1252,妈,1
1276,始,1264,妨,1
1276,始,1278,姑,1
1276,始,3084,洽,1
1276,始,4292,符,1
1277,姐,1062,坦,1
1277,姐,1251,妇,1
1277,姐,1253,妊,1
1277,姐,1260,妞,1
1277,姐,1304,娌,1
1277,姐,3544,狙,1
1277,姐,4400,粗,1
1277,姐,4488,组,1
1277,姐,4772,胡,1
1278,姑,1245,好,1
1278,姑,1247,如,1
1278,姑,1256,妓,1
1278,姑,1280,姓,1
1278,姑,1287,姞,1
1278,姑,1297,娃,1
1278,姑,1879,恕,1
1278,姑,4196,秸,1
1278,姑,7036,鸦,1
1279,姒,1259,妙,1
1280,姓,1107,埋,1
1280,姓,1253,妊,1
1280,姓,1277,姐,1
1280,姓,1286,姝,1
1280,姓,7173,龅,1
1281,委,1263,妥,1
1281,委,1298,娄,1
1281,委,7122,黍,1
1283,姘,6803,饼,1
1284,姚,1261,妣,1
1284,姚,4825,腓,1
1285,姜,1273,妾,1
1285,姜,2935,氨,1
1285,姜,5142,萋,1
1285,姜,5186,蒌,1
1286,姝,1271,妹,1
1286,姝,5347,蛛,1
1287,姞,1363,嬉,1
1288,姣,1256,妓,1
1289,姥,1265,妩,1
1289,姥,1268,妮,1
1289,姥,1276,始,1
1289,姥,1284,姚,1
1289,姥,1286,姝,1
1289,姥,1287,姞,1
1289,姥,1294,姽,1
1289,姥,1297,娃,1
1289,姥,1300,娆,1
1289,姥,1313,娩,1
1290,姨,88,亘,1
1290,姨,1307,娘,1
1291,姬,1248,妃,1
1291,姬,1268,妮,1
1291,姬,4014,矩,1
1292,姹,1340,媲,1
1293,姻,1252,妈,1
1293,姻,1274,姆,1
1294,姽,1268,妮,1
1294,姽,2669,桅,1
1295,姿,1263,妥,1
1295,姿,3923,盗,1
1296,威,248,俄,1
1296,威,1970,感,1
1296,威,2021,成,1
1297,娃,1131,堆,1
1297,娃,1278,姑,1
1297,娃,1289,姥,1
1297,娃,1292,姹,1
1297,娃,1345,嫁,1
1297,娃,5644,诖,1
1298,娄,78,事,1
1298,娄,1272,妻,1
1298,娄,1281,委,1
1298,娄,1285,姜,1
1298,娄,1302,娈,1
1298,娄,2180,挲,1
1298,娄,5830,赤,1
1299,娅,1097,垭,1
1299,娅,1247,如,1
1299,娅,1291,姬,1
1300,娆,1297,娃,1
1302,娈,1273,妾,1
1304,娌,1107,埋,1
1304,娌,1280,姓,1
1304,娌,3561,狸,1
1304,娌,5456,蠼,1
1305,娑,5671,诲,1
1306,娓,1268,妮,1
1307,娘,1241,奴,1
1307,娘,1244,她,1
1307,娘,1268,妮,1
1307,娘,1322,婊,1
1307,娘,1329,婳,1
1307,娘,1341,媳,1
1309,娟,1252,妈,1
1309,娟,1335,婿,1
1309,娟,1362,嫱,1
1309,娟,4270,竭,1
1309,娟,6001,辑,1
1310,娠,1054,坛,1
1310,娠,1090,垢,1
1310,娠,1322,婊,1
1312,娥,815,哦,1
1312,娥,1321,婉,1
1312,娥,2022,我,1
1312,娥,4072,硪,1
1312,娥,5361,蛾,1
1313,娩,862,啖,1
1313,娩,1265,妩,1
1313,娩,1292,姹,1
1313,娩,2183,挽,1
1313,娩,2899,毓,1
1313,娩,6904,髡,1
1314,娱,1306,娓,1
1314,娱,1313,娩,1
1314,娱,3442,煲,1
1315,娲,1116,埚,1
1315,娲,4156,祸,1
1317,娶,1272,妻,1
1317,娶,1334,婺,1
1317,娶,1865,怪,1
1317,娶,4005,瞿,1
1318,娼,1124,埸,1
1318,娼,1277,姐,1
1318,娼,1309,娟,1
1318,娼,1337,媚,1
1318,娼,1339,媪,1
1319,婀,6095,逾,1
1320,婆,1330,婴,1
1320,婆,2383,斐,1
1321,婉,1290,姨,1
1321,婉,1292,姹,1
1321,婉,1414,宛,1
1321,婉,3411,烷,1
1322,婊,1290,姨,1
1322,婊,1310,娠,1
1322,婊,4925,艟,1
1324,婚,1309,娟,1
1326,婢,1120,埤,1
1326,婢,5385,蜱,1
1327,婧,1290,姨,1
1327,婧,2485,晴,1
1328,婪,2755,楚,1
1328,婪,5991,辇,1
1329,婳,4551,缅,1
1330,婴,1147,堲,1
1330,婴,1295,姿,1
1330,婴,1305,娑,1
1330,婴,2902,毖,1
1331,婵,1332,婶,1
1331,婵,4163,禅,1
1332,婶,1275,姊,1
1332,婶,1292,姹,1
1332,婶,1326,婢,1
1332,婶,2732,棺,1
1333,婷,1259,妙,1
1335,婿,1306,娓,1
1335,婿,1318,娼,1
1335,婿,1327,婧,1
1335,婿,2776,榍,1
1335,婿,4421,糈,1
1336,媒,1361,嫫,1
1337,媚,229,侑,1
1337,媚,1318,娼,1
1337,媚,1335,婿,1
1337,媚,2759,楣,1
1338,媛,1349,嫒,1
1339,媪,1971,愠,1
1339,媪,6002,辒,1
1341,媳,1266,妪,1
1341,媳,3267,滢,1
1341,媳,5891,跽,1
1341,媳,6051,迫,1
1341,媳,6925,魄,1
1342,媵,5421,螣,1
1344,媾,1369,孀,1
1345,嫁,1350,嫔,1
1346,嫂,3242,溲,1
1348,嫌,1304,娌,1
1348,嫌,1589,嵘,1
1349,嫒,1313,娩,1
1352,嫘,1346,嫂,1
1353,嫚,1349,嫒,1
1354,嫜,2472,晖,1
1356,嫡,1324,婚,1
1360,嫪,934,嗯,1
1361,嫫,3595,獏,1
1362,嫱,1171,墙,1
1362,嫱,1327,婧,1
1362,嫱,1344,媾,1
1362,嫱,1356,嫡,1
1363,嬉,1325,婞,1
1363,嬉,4925,艟,1
1367,嬴,3804,疯,1
1367,嬴,4639,羸,1
1367,嬴,5445,蠃,1
1370,子,11,与,1
1370,子,1372,孓,1
1370,子,1809,忄,1
1370,子,4889,舌,1
1371,孑,449,刁,1
1372,孓,1721,廴,1
1373,孔,24,丞,1
1373,孔,2055,扎,1
1373,孔,2434,旻,1
1374,孕,1375,字,1
1374,孕,1378,孚,1
1374,孕,1484,尹,1
1374,孕,7034,鸤,1
1375,字,1379,孛,1
1375,字,1403,守,1
1375,字,1408,宓,1
1375,字,1429,害,1
1375,字,4228,穷,1
1376,存,154,企,1
1376,存,1029,在,1
1376,存,1683,序,1
1377,孙,1373,孔,1
1377,孙,1457,对,1
1378,孚,1386,孥,1
1378,孚,1387,学,1
1380,孜,2355,改,1
1380,孜,2362,敌,1
1380,孜,2365,敕,1
1380,孜,4023,矽,1
1380,孜,4028,砂,1
1380,孜,4879,致,1
1381,孝,4446,綮,1
1381,孝,5054,荐,1
1381,孝,5080,荸,1
1381,孝,5470,表,1
1382,孟,695,吕,1
1382,孟,1189,壶,1
1382,孟,3358,灵,1
1384,季,1389,孪,1
1384,季,6637,雳,1
1385,孤,1377,孙,1
1385,孤,2076,扺,1
1386,孥,2725,棨,1
1386,孥,6848,驽,1
1387,学,1375,字,1
1387,学,5615,讷,1
1387,学,5932,蹩,1
1387,学,7058,鸾,1
1388,孩,6846,驻,1
1389,孪,1384,季,1
1389,孪,1751,弯,1
1389,孪,3222,湾,1
1391,孰,2373,敦,1
1391,孰,4462,纨,1
1391,孰,5972,轴,1
1391,孰,6173,郭,1
1391,孰,6743,颖,1
1394,孵,6225,酹,1
1395,孺,350,儒,1
1395,孺,4433,糯,1
1395,孺,5548,襦,1
1395,孺,6883,骤,1
1396,孽,1393,孳,1
1396,孽,2165,挛,1
1396,孽,4449,繄,1
1397,宀,2418,日,1
1398,宁,58,乓,1
1398,宁,80,亍,1
1398,宁,82,亏,1
1398,宁,1375,字,1
1398,宁,1399,它,1
1398,宁,1403,守,1
1398,宁,1410,宗,1
1398,宁,1738,弓,1
1398,宁,2052,手,1
1398,宁,3032,泞,1
1398,宁,4226,穴,1
1399,它,126,仑,1
1399,它,1404,安,1
1399,它,3526,犯,1
1399,它,5554,见,1
1400,宄,4227,究,1
1400,宄,5289,虎,1
1401,宅,1421,宣,1
1401,宅,1425,宪,1
1401,宅,6273,钅,1
1401,宅,7184,龟,1
1402,宇,77,争,1
1402,宇,2040,户,1
1402,宇,7029,鸟,1
1403,守,1402,宇,1
1403,守,1458,寺,1
1403,守,1469,尔,1
1403,守,2052,手,1
1404,安,95,交,1
1404,安,584,卑,1
1404,安,1249,妄,1
1404,安,1418,宠,1
1404,安,1430,宴,1
1404,安,2359,故,1
1404,安,3750,由,1
1405,宋,1375,字,1
1405,宋,1417,实,1
1405,宋,1469,尔,1
1405,宋,1533,岢,1
1405,宋,2541,朱,1
1405,宋,2616,染,1
1405,宋,3752,申,1
1406,完,1400,宄,1
1406,完,1402,宇,1
1406,完,4231,空,1
1406,完,5184,蒉,1
1407,宏,689,后,1
1407,宏,1400,宄,1
1407,宏,1418,宠,1
1407,宏,1768,彦,1
1407,宏,3605,玄,1
1407,宏,5263,薮,1
1407,宏,5297,虫,1
1408,宓,1399,它,1
1408,宓,1407,宏,1
1408,宓,1412,宙,1
1408,宓,4239,窈,1
1409,宕,1407,宏,1
1409,宕,1535,岩,1
1409,宕,4968,芳,1
1410,宗,102,京,1
1410,宗,105,亲,1
1410,宗,1432,家,1
1410,宗,3164,淙,1
1410,宗,4250,窠,1
1410,宗,4439,索,1
1410,宗,4615,罪,1
1411,官,713,启,1
1411,官,1399,它,1
1411,官,1404,安,1
1411,官,1406,完,1
1411,官,3382,炱,1
1411,官,3822,痉,1
1411,官,4236,窄,1
1411,官,4928,良,1
1411,官,5003,苫,1
1412,宙,3747,甭,1
1412,宙,3793,疟,1
1413,定,1416,宝,1
1413,定,1422,室,1
1413,定,4260,立,1
1413,定,5852,足,1
1413,定,6581,限,1
1414,宛,3362,灾,1
1414,宛,4227,究,1
1414,宛,4986,苑,1
1414,宛,6677,靶,1
1415,宜,2978,沂,1
1416,宝,1399,它,1
1416,宝,1406,完,1
1416,宝,1411,官,1
1417,实,71,买,1
1417,实,1211,央,1
1417,实,1221,奂,1
1417,实,1405,宋,1
1417,实,1436,宾,1
1417,实,1499,屋,1
1417,实,2590,果,1
1417,实,2671,案,1
1417,实,4878,至,1
1418,宠,4302,笼,1
1418,宠,5022,茏,1
1418,宠,5292,虑,1
1419,审,77,争,1
1419,审,3751,甲,1
1420,客,1406,完,1
1420,客,3724,瓮,1
1420,客,4049,砮,1
1420,客,4230,穹,1
1420,客,4236,窄,1
1420,客,4246,窘,1
1421,宣,1422,室,1
1421,宣,1424,宦,1
1421,宣,4245,窗,1
1421,宣,4260,立,1
1421,宣,5006,苴,1
1422,室,106,亳,1
1422,室,772,咤,1
1422,室,902,喧,1
1422,室,1406,完,1
1422,室,2908,毫,1
1422,室,4231,空,1
1422,室,4234,突,1
1423,宥,1431,宵,1
1423,宥,4237,窅,1
1423,宥,4245,窗,1
1423,宥,4740,肩,1
1424,宦,1415,宜,1
1424,宦,1440,寅,1
1425,宪,4227,究,1
1425,宪,4304,筅,1
1426,宫,775,咨,1
1426,宫,789,哀,1
1426,宫,1375,字,1
1426,宫,1519,岂,1
1426,宫,5581,言,1
1428,宰,1416,宝,1
1428,宰,2934,氧,1
1428,宰,4247,窜,1
1428,宰,4266,章,1
1428,宰,4614,罩,1
1428,宰,6011,辛,1
1428,宰,6012,辜,1
1429,害,833,唐,1
1429,害,879,啻,1
1429,害,1411,官,1
1429,害,6710,音,1
1430,宴,1436,宾,1
1430,宴,4359,篑,1
1431,宵,967,噌,1
1431,宵,1423,宥,1
1431,宵,1424,宦,1
1431,宵,2519,曾,1
1431,宵,3763,界,1
1431,宵,4740,肩,1
1431,宵,4753,肾,1
1431,宵,4759,胄,1
1431,宵,6886,骨,1
1432,家,404,冢,1
1432,家,1761,彖,1
1432,家,2933,氦,1
1432,家,3382,炱,1
1433,宸,393,冉,1
1434,容,387,兽,1
1434,容,626,厝,1
1434,容,640,参,1
1434,容,789,哀,1
1434,容,882,喀,1
1434,容,1429,害,1
1434,容,4231,空,1
1434,容,4236,窄,1
1434,容,5129,菩,1
1434,容,5581,言,1
1435,宽,104,亮,1
1435,宽,360,光,1
1435,宽,606,危,1
1435,宽,783,咳,1
1435,宽,1425,宪,1
1435,宽,4227,究,1
1436,宾,377,共,1
1436,宾,380,兵,1
1436,宾,406,冥,1
1436,宾,1238,奥,1
1436,宾,1417,实,1
1436,宾,3360,灸,1
1437,宿,1423,宥,1
1437,宿,1690,店,1
1437,宿,4245,窗,1
1437,宿,5221,蓿,1
1438,寂,1714,廒,1
1438,寂,3804,疯,1
1439,寄,286,倚,1
1439,寄,814,哥,1
1439,寄,1403,守,1
1439,寄,1410,宗,1
1439,寄,1423,宥,1
1439,寄,1428,宰,1
1439,寄,1731,弄,1
1439,寄,4237,窅,1
1439,寄,5583,訇,1
1440,寅,1406,完,1
1440,寅,1424,宦,1
1440,寅,1448,寞,1
1440,寅,5775,贫,1
1441,密,948,嘘,1
1441,密,1557,峦,1
1441,密,1978,慈,1
1441,密,4231,空,1
1441,密,4240,窍,1
1441,密,4249,窟,1
1441,密,6640,雹,1
1441,密,7168,齿,1
1442,寇,37,丶,1
1442,寇,5377,蜜,1
1442,寇,5844,超,1
1443,富,1424,宦,1
1443,富,1434,容,1
1443,富,1446,寓,1
1443,富,2897,毐,1
1443,富,3497,牚,1
1443,富,3748,甯,1
1443,富,3770,畜,1
1445,寒,1429,害,1
1445,寒,5821,赛,1
1446,寓,3754,男,1
1446,寓,4228,穷,1
1446,寓,6902,高,1
1447,寝,3869,瘰,1
1447,寝,6645,霆,1
1448,寞,1435,宽,1
1448,寞,6652,霓,1
1449,察,1386,孥,1
1449,察,2671,案,1
1449,察,4847,膂,1
1450,寡,478,券,1
1450,寡,5590,謇,1
1451,寤,398,冖,1
1452,寥,1449,察,1
1452,寥,1716,廖,1
1452,寥,5590,謇,1
1452,寥,6638,零,1
1453,寨,1474,尜,1
1453,寨,1544,岽,1
1453,寨,2671,案,1
1453,寨,4234,突,1
1453,寨,4442,累,1
1453,寨,4451,纂,1
1453,寨,5540,褰,1
1453,寨,5821,赛,1
1454,寮,1445,寒,1
1454,寮,5377,蜜,1
1456,寸,1030,圩,1
1456,寸,2052,手,1
1457,对,6125,邓,1
1458,寺,2052,手,1
1458,寺,4942,芋,1
1458,寺,5830,赤,1
1458,寺,5958,车,1
1459,寻,1760,录,1
1459,寻,2394,斥,1
1459,寻,2482,景,1
1459,寻,6835,驯,1
1460,导,1459,寻,1
1460,导,1729,异,1
1460,导,2428,旱,1
1460,导,6020,辱,1
1461,寿,103,亭,1
1461,寿,1228,奏,1
1461,寿,1458,寺,1
1461,寿,1681,床,1
1462,封,4457,纣,1
1462,封,5754,豺,1
1463,射,6970,鲥,1
1464,将,2200,捣,1
1464,将,2661,格,1
1464,将,3089,浆,1
1464,将,3132,涛,1
1465,尉,482,刽,1
1465,尉,6556,阡,1
1466,尊,1298,娄,1
1466,尊,1389,孪,1
1466,尊,2165,挛,1
1466,尊,4160,禀,1
1466,尊,5071,荨,1
1467,小,13,丑,1
1467,小,372,八,1
1467,小,410,冰,1
1467,小,790,品,1
1467,小,1240,女,1
1467,小,1370,子,1
1467,小,1468,少,1
1467,小,1808,心,1
1467,小,2942,水,1
1468,少,68,乡,1
1468,少,1809,忄,1
1469,尔,134,仝,1
1469,尔,549,勿,1
1469,尔,662,只,1
1469,尔,1374,孕,1
1469,尔,2423,旬,1
1469,尔,4170,禹,1
1469,尔,5559,觇,1
1471,尖,1209,夬,1
1471,尖,4406,粢,1
1472,尘,35,串,1
1472,尘,41,主,1
1472,尘,1074,垂,1
1472,尘,1471,尖,1
1472,尘,3740,生,1
1472,尘,4945,芏,1
1473,尚,284,倘,1
1473,尚,521,劣,1
1473,尚,598,卤,1
1473,尚,1534,岣,1
1473,尚,2684,档,1
1473,尚,3123,消,1
1473,尚,3938,省,1
1473,尚,4740,肩,1
1473,尚,5634,诌,1
1474,尜,977,器,1
1474,尜,1823,忝,1
1475,尝,367,党,1
1475,尝,1387,学,1
1475,尝,1652,常,1
1475,尝,3497,牚,1
1475,尝,5094,莞,1
1475,尝,5584,訾,1
1476,尢,64,九,1
1476,尢,354,允,1
1476,尢,356,兄,1
1476,尢,1205,大,1
1477,尤,4668,老,1
1477,尤,6503,长,1
1477,尤,7181,龙,1
1478,尥,2424,旭,1
1480,尬,1135,堌,1
1480,尬,1478,尥,1
1481,就,1214,头,1
1481,就,1747,弧,1
1483,尸,448,刀,1
1483,尸,451,刃,1
1483,尸,1206,天,1
1483,尸,2040,户,1
1483,尸,6554,阝,1
1484,尹,27,严,1
1484,尹,601,卩,1
1484,尹,698,君,1
1484,尹,1483,尸,1
1484,尹,1731,弄,1
1484,尹,4315,筘,1
1485,尺,64,九,1
1485,尺,641,又,1
1485,尺,5554,见,1
1485,尺,6760,风,1
1487,尼,616,厄,1
1487,尼,689,后,1
1487,尼,698,君,1
1487,尼,1399,它,1
1487,尼,1492,屁,1
1487,尼,2900,比,1
1487,尼,4668,老,1
1488,尽,639,叁,1
1489,尾,2449,星,1
1489,尾,6273,钅,1
1490,尿,56,乐,1
1490,尿,743,周,1
1490,尿,1492,屁,1
1490,尿,1497,屉,1
1490,尿,1498,届,1
1490,尿,1500,屎,1
1490,尿,2412,族,1
1491,局,1473,尚,1
1491,局,1495,居,1
1491,局,1505,屙,1
1491,局,4298,笱,1
1492,屁,740,呢,1
1492,屁,1486,尻,1
1492,屁,1496,屈,1
1492,屁,2438,昆,1
1493,层,1495,居,1
1493,层,1504,展,1
1493,层,2980,沄,1
1494,屃,5772,质,1
1495,居,1493,层,1
1495,居,1503,屑,1
1496,屈,283,倔,1
1496,屈,1092,垤,1
1496,屈,1494,屃,1
1496,屈,1497,屉,1
1496,屈,2462,显,1
1497,屉,1498,届,1
1498,届,1492,屁,1
1498,届,1495,居,1
1498,届,1503,屑,1
1498,届,1507,屠,1
1498,届,1691,庙,1
1498,届,4287,笛,1
1499,屋,1686,库,1
1499,屋,3889,登,1
1499,屋,6066,逆,1
1500,屎,1490,尿,1
1500,屎,1509,屣,1
1500,屎,2042,戾,1
1500,屎,4392,籴,1
1501,屏,1436,宾,1
1501,屏,1500,屎,1
1501,屏,1729,异,1
1503,屑,2043,房,1
1503,屑,3258,滔,1
1503,屑,4672,耆,1
1504,展,1499,屋,1
1504,展,6019,辰,1
1506,属,405,冤,1
1506,属,1498,届,1
1506,属,1503,屑,1
1506,属,1507,屠,1
1506,属,1648,席,1
1506,属,1934,惊,1
1506,属,5253,蕾,1
1506,属,6672,靥,1
1507,屠,1200,多,1
1507,屠,2048,扇,1
1507,屠,5738,谷,1
1508,屡,1374,孕,1
1508,屡,4641,羼,1
1509,屣,1510,履,1
1510,履,1502,屐,1
1510,履,1509,屣,1
1510,履,1701,庭,1
1510,履,4375,簇,1
1511,屦,1509,屣,1
1512,屮,3015,沾,1
1513,屯,3753,电,1
1514,山,441,凸,1
1514,山,445,凼,1
1514,山,2860,此,1
1515,屹,681,吃,1
1515,屹,1516,屺,1
1515,屹,1566,崆,1
1515,屹,5560,览,1
1516,屺,6226,酽,1
1517,屿,227,侍,1
1517,屿,3159,淌,1
1517,屿,3287,漪,1
1517,屿,7059,鸿,1
1518,岁,443,出,1
1518,岁,1375,字,1
1518,岁,1521,岌,1
1518,岁,2865,歹,1
1518,岁,4607,罗,1
1519,岂,65,乞,1
1519,岂,359,先,1
1519,岂,379,兴,1
1519,岂,763,咒,1
1520,岈,723,呀,1
1520,岈,4032,砑,1
1523,岐,1558,峧,1
1523,岐,2863,歧,1
1524,岑,43,举,1
1524,岑,4629,羚,1
1524,岑,4959,芩,1
1524,岑,4988,苓,1
1525,岔,1848,怎,1
1525,岔,1858,怠,1
1525,岔,6095,逾,1
1526,岖,1516,屺,1
1526,岖,1547,峂,1
1526,岖,1851,怔,1
1527,岗,598,卤,1
1527,岗,1521,岌,1
1527,岗,1577,崩,1
1527,岗,2861,步,1
1528,岘,5325,蚬,1
1529,岙,1821,忘,1
1529,岙,1823,忝,1
1530,岚,1527,岗,1
1531,岛,2444,易,1
1531,岛,2926,氙,1
1532,岜,1519,岂,1
1532,岜,4278,笆,1
1534,岣,1528,岘,1
1534,岣,1550,峋,1
1534,岣,1551,峒,1
1535,岩,379,兴,1
1535,岩,713,启,1
1535,岩,4740,肩,1
1535,岩,5001,若,1
1537,岬,33,中,1
1537,岬,749,呷,1
1538,岭,741,呤,1
1538,岭,1517,屿,1
1538,岭,1547,峂,1
1538,岭,1856,怜,1
1538,岭,5337,蛉,1
1540,岳,14,专,1
1540,岳,380,兵,1
1540,岳,1548,峃,1
1540,岳,4597,缶,1
1540,岳,4895,舜,1
1540,岳,6250,采,1
1541,岵,765,咕,1
1541,岵,1517,屿,1
1541,岵,1638,帖,1
1542,岷,3949,眠,1
1543,岸,1225,奉,1
1543,岸,4275,竿,1
1544,岽,2689,桨,1
1544,岽,4232,穿,1
1544,岽,5042,茶,1
1545,岿,40,为,1
1545,岿,4631,羞,1
1545,岿,5143,萌,1
1546,峁,5016,茆,1
1547,峂,1538,岭,1
1547,峂,1560,峪,1
1548,峃,1545,岿,1
1548,峃,2140,拧,1
1548,峃,3047,泶,1
1549,峄,1562,峰,1
1552,峙,1589,嵘,1
1552,峙,1874,恃,1
1552,峙,5645,诗,1
1553,峡,1217,夹,1
1553,峡,1542,岷,1
1553,峡,1584,嵊,1
1553,峡,3004,沫,1
1553,峡,5355,蛱,1
1554,峣,804,哓,1
1556,峥,1562,峰,1
1556,峥,3414,烽,1
1557,峦,1441,密,1
1557,峦,1540,岳,1
1557,峦,4597,缶,1
1557,峦,4609,罚,1
1558,峧,1279,姒,1
1558,峧,1563,峻,1
1558,峧,1572,崞,1
1558,峧,2353,收,1
1560,峪,795,哈,1
1560,峪,1555,峤,1
1560,峪,1566,崆,1
1560,峪,1575,崦,1
1560,峪,2845,欧,1
1560,峪,3084,洽,1
1560,峪,3272,滩,1
1561,峭,1597,嵴,1
1561,峭,1598,嶂,1
1561,峭,3460,熵,1
1562,峰,752,呼,1
1562,峰,1597,嵴,1
1562,峰,3414,烽,1
1563,峻,1517,屿,1
1563,峻,1538,岭,1
1563,峻,1558,峧,1
1563,峻,1560,峪,1
1563,峻,2325,撵,1
1563,峻,2494,暌,1
1563,峻,2496,暖,1
1566,崆,1538,岭,1
1567,崇,105,亲,1
1567,崇,1387,学,1
1567,崇,1683,序,1
1567,崇,2723,棠,1
1567,崇,4402,粜,1
1567,崇,4438,素,1
1567,崇,4446,綮,1
1568,崎,1517,屿,1
1568,崎,1561,峭,1
1568,崎,2863,歧,1
1569,崔,3805,疰,1
1569,崔,3938,省,1
1569,崔,4005,瞿,1
1569,崔,6619,雀,1
1569,崔,6826,首,1
1570,崖,5291,虐,1
1572,崞,825,哼,1
1573,崟,4242,窒,1
1573,崟,6257,金,1
1573,崟,6258,釜,1
1574,崤,1148,堵,1
1574,崤,1555,峤,1
1574,崤,1561,峭,1
1574,崤,3156,淆,1
1575,崦,2230,掩,1
1576,崧,2216,掊,1
1577,崩,1134,堋,1
1578,崭,1590,嵚,1
1578,崭,1605,巍,1
1578,崭,5262,薪,1
1578,崭,6675,靳,1
1578,崭,6676,靴,1
1582,崾,1589,嵘,1
1582,崾,1592,嵝,1
1585,嵋,855,啃,1
1585,嵋,1337,媚,1
1585,嵋,1571,崛,1
1585,嵋,1587,嵎,1
1586,嵌,2854,歇,1
1588,嵖,904,喳,1
1592,嵝,909,喽,1
1594,嵫,923,嗞,1
1594,嵫,948,嘘,1
1596,嵯,924,嗟,1
1597,嵴,1563,峻,1
1597,嵴,1574,崤,1
1597,嵴,4796,脊,1
1598,嶂,5435,蟑,1
1602,嶷,6417,锝,1
1605,巍,4252,窥,1
1607,川,663,叫,1
1607,川,666,叮,1
1608,州,394,册,1
1608,州,454,刈,1
1608,州,463,则,1
1608,州,577,卅,1
1608,州,2070,扮,1
1608,州,3369,炒,1
1608,州,4433,糯,1
1608,州,4679,耕,1
1609,巡,1741,弘,1
1610,巢,587,单,1
1610,巢,4338,算,1
1610,巢,4357,篊,1
1610,巢,4411,粱,1
1611,工,7,上,1
1611,工,55,乏,1
1611,工,407,冫,1
1611,工,641,又,1
1611,工,1513,屯,1
1612,左,361,克,1
1612,左,1029,在,1
1612,左,5836,走,1
1612,左,5958,车,1
1613,巧,46,乃,1
1613,巧,409,冯,1
1613,巧,2964,污,1
1614,巨,564,匠,1
1614,巨,565,匡,1
1614,巨,2943,氵,1
1614,巨,4873,臣,1
1614,巨,6124,邑,1
1614,巨,6771,飞,1
1615,巩,1694,庞,1
1615,巩,3610,玑,1
1616,巫,16,丕,1
1616,巫,24,丞,1
1616,巫,563,匝,1
1616,巫,705,否,1
1616,巫,2626,查,1
1617,差,4625,羌,1
1617,差,4631,羞,1
1618,巯,3656,琉,1
1618,巯,4073,硫,1
1619,己,561,匚,1
1619,己,2859,正,1
1619,己,3608,王,1
1620,已,62,乙,1
1620,已,580,卉,1
1621,巳,3,七,1
1622,巴,446,函,1
1622,巴,451,刃,1
1623,巷,4983,苍,1
1623,巷,4999,苣,1
1623,巷,5205,蓉,1
1623,巷,6640,雹,1
1624,巽,1436,宾,1
1625,巾,517,功,1
1625,巾,1809,忄,1
1625,巾,3752,申,1
1626,币,1627,市,1
1626,币,4174,禾,1
1627,市,57,乒,1
1627,市,76,予,1
1627,市,95,交,1
1627,市,1626,币,1
1627,市,1678,庄,1
1627,市,1691,庙,1
1628,布,53,乍,1
1628,布,525,劫,1
1628,布,608,却,1
1628,布,1029,在,1
1628,布,4938,节,1
1628,布,5028,茚,1
1629,帅,1053,坚,1
1629,帅,1866,怫,1
1629,帅,5374,蜗,1
1630,帆,1643,帜,1
1630,帆,5299,虮,1
1630,帆,5312,蚋,1
1631,师,97,亦,1
1631,师,708,吩,1
1631,师,1835,忻,1
1631,师,3378,炬,1
1631,师,4733,肝,1
1632,希,753,命,1
1632,希,2381,斋,1
1632,希,4247,窜,1
1632,希,6152,郄,1
1632,希,6160,郑,1
1633,帏,1640,帙,1
1634,帐,881,啾,1
1634,帐,1630,帆,1
1634,帐,1640,帙,1
1635,帑,1650,帱,1
1636,帔,1060,坡,1
1636,帔,1635,帑,1
1636,帔,1659,幌,1
1637,帕,766,咖,1
1637,帕,859,啊,1
1637,帕,6796,饵,1
1638,帖,1634,帐,1
1638,帖,1822,忙,1
1638,帖,1859,怡,1
1638,帖,1862,性,1
1639,帘,1644,帝,1
1639,帘,4228,穷,1
1639,帘,4236,窄,1
1639,帘,4247,窜,1
1639,帘,4296,第,1
1640,帙,1636,帔,1
1640,帙,1643,帜,1
1641,帚,1644,帝,1
1641,帚,1652,常,1
1642,帛,584,卑,1
1642,帛,686,吊,1
1642,帛,688,名,1
1642,帛,1893,息,1
1642,帛,2436,昂,1
1643,帜,1634,帐,1
1643,帜,5322,蚨,1
1644,帝,1639,帘,1
1644,帝,1646,带,1
1644,帝,5290,虏,1
1644,帝,6157,郎,1
1645,帡,4791,胼,1
1646,带,530,劳,1
1646,带,1641,帚,1
1646,带,1743,弟,1
1646,带,4983,苍,1
1646,带,5090,莘,1
1647,帧,1660,幔,1
1647,帧,5349,蛟,1
1647,帧,5386,蜴,1
1647,帧,6718,顺,1
1648,席,880,啼,1
1648,席,1627,市,1
1648,席,5290,虏,1
1650,帱,1931,情,1
1650,帱,2751,椿,1
1651,帷,1657,幄,1
1651,帷,2739,椎,1
1651,帷,3333,濉,1
1652,常,1644,帝,1
1652,常,2674,桌,1
1653,帻,1647,帧,1
1653,帻,1973,愤,1
1654,帼,5392,蝈,1
1655,帽,1654,帼,1
1655,帽,1658,幅,1
1655,帽,1937,惕,1
1655,帽,1967,愔,1
1656,幂,2444,易,1
1656,幂,3763,界,1
1656,幂,3981,睾,1
1657,幄,895,喔,1
1657,幄,1958,惺,1
1658,幅,1665,幢,1
1658,幅,1967,愔,1
1658,幅,1993,憎,1
1658,幅,5399,蝠,1
1658,幅,5403,蝮,1
1659,幌,1643,帜,1
1659,幌,5698,谎,1
1659,幌,6809,馄,1
1660,幔,3417,焌,1
1661,幕,1983,慕,1
1661,幕,2501,暮,1
1661,幕,3897,皋,1
1661,幕,5062,荞,1
1661,幕,5181,蒂,1
1662,幛,1665,幢,1
1664,幡,1599,嶓,1
1665,幢,1637,帕,1
1665,幢,1651,帷,1
1665,幢,1653,帻,1
1665,幢,1662,幛,1
1665,幢,2825,橦,1
1666,幪,2534,朦,1
1666,幪,2838,檬,1
1667,干,8,下,1
1667,干,579,午,1
1667,干,5840,赶,1
1668,平,27,严,1
1668,平,34,丰,1
1668,平,53,乍,1
1668,平,1484,尹,1
1668,平,1667,干,1
1668,平,1669,年,1
1668,平,2052,手,1
1668,平,2564,来,1
1668,平,2901,毕,1
1668,平,4719,肀,1
1668,平,6011,辛,1
1669,年,1668,平,1
1669,年,2422,早,1
1669,年,3502,牢,1
1669,年,4624,羊,1
1670,并,378,关,1
1670,并,1729,异,1
1670,并,1730,弃,1
1670,并,1731,弄,1
1671,幸,1224,奈,1
1671,幸,4718,聿,1
1671,幸,6012,辜,1
1672,幺,3605,玄,1
1673,幻,1613,巧,1
1673,幻,4465,纫,1
1673,幻,5753,豹,1
1674,幼,115,仂,1
1674,幼,522,动,1
1674,幼,1673,幻,1
1674,幼,3893,的,1
1674,幼,4484,绀,1
1675,幽,5538,褪,1
1675,幽,6051,迫,1
1676,广,31,丫,1
1676,广,81,于,1
1676,广,98,产,1
1676,广,615,厂,1
1676,广,1483,尸,1
1677,庀,3820,症,1
1678,庄,41,主,1
1678,庄,1029,在,1
1678,庄,1612,左,1
1678,庄,1681,床,1
1678,庄,1687,应,1
1678,庄,1691,庙,1
1678,庄,5288,虍,1
1678,庄,7181,龙,1
1679,庆,125,从,1
1679,庆,621,厌,1
1679,庆,1694,庞,1
1679,庆,3139,涣,1
1680,庇,1492,屁,1
1680,庇,1688,底,1
1680,庇,4129,礼,1
1681,床,1490,尿,1
1681,床,3050,泺,1
1683,序,102,京,1
1683,序,169,伟,1
1683,序,617,厅,1
1683,序,619,厉,1
1683,序,1648,席,1
1683,序,1690,店,1
1683,序,1821,忘,1
1683,序,5290,虏,1
1684,庐,172,伤,1
1684,庐,2401,方,1
1684,庐,3003,沪,1
1686,库,1489,尾,1
1686,库,1687,应,1
1686,库,1697,庤,1
1686,库,5002,苦,1
1687,应,94,亢,1
1687,应,1841,怂,1
1687,应,4631,羞,1
1687,应,6662,霾,1
1688,底,1694,庞,1
1688,底,3717,瓜,1
1688,底,4740,肩,1
1689,庖,833,唐,1
1689,庖,7184,龟,1
1690,店,235,侣,1
1690,店,558,化,1
1690,店,671,右,1
1690,店,2043,房,1
1691,庙,167,伛,1
1691,庙,266,俩,1
1691,庙,1680,庇,1
1691,庙,1711,廊,1
1692,庚,833,唐,1
1692,庚,1705,康,1
1692,庚,1707,庹,1
1692,庚,2843,欣,1
1692,庚,3139,涣,1
1693,府,4747,育,1
1693,府,5009,苻,1
1693,府,5473,衬,1
1693,府,5831,赦,1
1694,庞,1695,废,1
1694,庞,4668,老,1
1694,庞,6575,陇,1
1694,庞,7117,麽,1
1695,废,622,厍,1
1695,废,1699,度,1
1695,废,5772,质,1
1696,庠,1686,库,1
1696,庠,4727,肓,1
1698,庥,7116,麻,1
1699,度,631,厦,1
1699,度,1712,廋,1
1699,度,5293,虔,1
1700,座,699,吝,1
1700,座,1059,坠,1
1700,座,1499,屋,1
1700,座,1570,崖,1
1700,座,6672,靥,1
1701,庭,313,健,1
1701,庭,633,厩,1
1701,庭,4867,臃,1
1701,庭,5116,菇,1
1701,庭,6816,馋,1
1702,庳,4862,膺,1
1703,庵,222,侃,1
1703,庵,2049,扈,1
1703,庵,3177,淹,1
1704,庶,1687,应,1
1704,庶,1710,廉,1
1704,庶,2043,房,1
1704,庶,3447,熄,1
1705,康,1692,庚,1
1705,康,7104,鹿,1
1706,庸,1718,廛,1
1707,庹,1692,庚,1
1709,庾,833,唐,1
1709,庾,1695,废,1
1710,廉,1705,康,1
1710,廉,1706,庸,1
1710,廉,1714,廒,1
1711,廊,753,命,1
1712,廋,3864,瘦,1
1712,廋,4267,竣,1
1715,廓,2045,扁,1
1716,廖,3813,疼,1
1717,廙,5295,虞,1
1718,廛,7108,麋,1
1719,廨,1702,庳,1
1720,廪,429,凛,1
1720,廪,3869,瘰,1
1722,延,1893,息,1
1722,延,2882,殛,1
1722,延,4260,立,1
1722,延,6027,迄,1
1722,延,6072,逐,1
1722,延,6077,逗,1
1723,廷,2696,梃,1
1723,廷,3740,生,1
1723,廷,5092,莛,1
1723,廷,6025,迁,1
1724,建,2724,棣,1
1724,建,6041,违,1
1724,建,6042,连,1
1724,建,6113,遭,1
1724,建,6883,骤,1
1725,廾,39,丹,1
1725,廾,87,井,1
1725,廾,1726,廿,1
1726,廿,1240,女,1
1726,廿,6503,长,1
1727,开,85,亓,1
1727,开,87,井,1
1728,弁,1670,并,1
1729,异,59,乔,1
1729,异,85,亓,1
1729,异,1731,弄,1
1730,弃,1249,妄,1
1730,弃,6011,辛,1
1731,弄,25,丢,1
1731,弄,581,半,1
1731,弄,1730,弃,1
1731,弄,1759,当,1
1731,弄,3944,看,1
1732,弇,4338,算,1
1733,弈,2663,栾,1
1734,弊,5574,解,1
1736,式,459,划,1
1736,式,2025,或,1
1736,式,2054,才,1
1736,式,3736,甘,1
1738,弓,4,万,1
1738,弓,400,写,1
1738,弓,664,召,1
1738,弓,675,司,1
1738,弓,2456,昱,1
1738,弓,4453,纟,1
1739,引,32,丬,1
1739,引,461,列,1
1739,引,5635,词,1
1740,弗,78,事,1
1740,弗,87,井,1
1740,弗,698,君,1
1740,弗,1729,异,1
1740,弗,1824,忠,1
1740,弗,5010,茀,1
1740,弗,5789,费,1
1740,弗,6702,韦,1
1741,弘,133,仙,1
1741,弘,1739,引,1
1741,弘,1752,弱,1
1742,弛,1744,张,1
1742,弛,4190,秧,1
1742,弛,4472,纳,1
1742,弛,7036,鸦,1
1743,弟,376,兰,1
1743,弟,4008,矛,1
1743,弟,4228,穷,1
1743,弟,4942,芋,1
1743,弟,5010,茀,1
1744,张,3018,泄,1
1744,张,3101,浓,1
1744,张,3639,珐,1
1744,张,5884,践,1
1745,弥,1380,孜,1
1745,弥,2976,汾,1
1745,弥,6049,迩,1
1746,弦,1388,孩,1
1746,弦,1741,弘,1
1746,弦,4572,缜,1
1746,弦,5632,诊,1
1746,弦,6846,驻,1
1747,弧,119,仆,1
1747,弧,1750,弭,1
1747,弧,4551,缅,1
1747,弧,6728,预,1
1747,弧,6837,驱,1
1749,弪,4060,硁,1
1750,弭,3645,珥,1
1751,弯,99,亨,1
1751,弯,640,参,1
1751,弯,1074,垂,1
1751,弯,1875,恋,1
1751,弯,2165,挛,1
1751,弯,3282,演,1
1751,弯,5159,萼,1
1752,弱,4609,罚,1
1752,弱,4678,耔,1
1752,弱,5116,菇,1
1752,弱,6711,韵,1
1752,弱,6844,驹,1
1752,弱,6846,驻,1
1752,弱,6851,骀,1
1753,弹,1750,弭,1
1753,弹,2875,殊,1
1753,弹,3115,浮,1
1753,弹,3162,淖,1
1753,弹,4523,绨,1
1753,弹,4530,绰,1
1753,弹,4542,综,1
1753,弹,5144,萍,1
1753,弹,5937,蹲,1
1754,强,1744,张,1
1754,强,4589,缮,1
1754,强,5339,蛋,1
1755,弼,6599,隅,1
1758,归,1834,忸,1
1759,当,41,主,1
1759,当,456,刍,1
1759,当,1518,岁,1
1759,当,1758,归,1
1759,当,4990,苕,1
1760,录,1761,彖,1
1760,录,3358,灵,1
1760,录,4335,箓,1
1760,录,4626,美,1
1760,录,4902,航,1
1761,彖,1273,妾,1
1761,彖,5746,象,1
1764,彝,4658,翦,1
1764,彝,5173,葬,1
1766,形,458,刑,1
1766,形,4129,礼,1
1767,彤,394,册,1
1767,彤,2590,果,1
1767,彤,4732,肜,1
1767,彤,4903,舫,1
1767,彤,6903,髟,1
1768,彦,2043,房,1
1768,彦,2404,旁,1
1768,彦,3850,瘆,1
1768,彦,4669,考,1
1768,彦,4747,育,1
1768,彦,5710,谚,1
1769,彧,2025,或,1
1770,彩,759,和,1
1770,彩,5953,躬,1
1771,彪,3375,炝,1
1771,彪,4908,舱,1
1771,彪,5289,虎,1
1772,彬,2641,栊,1
1772,彬,4932,艴,1
1773,彭,543,勤,1
1773,彭,1775,影,1
1773,彭,1881,恚,1
1774,彰,1771,彪,1
1774,彰,6284,钐,1
1775,影,1774,彰,1
1775,影,5753,豹,1
1775,影,5854,趵,1
1776,彳,31,丫,1
1777,彷,1264,妨,1
1777,彷,4479,纺,1
1777,彷,4483,线,1
1778,役,224,侈,1
1778,役,1729,异,1
1778,役,5621,设,1
1779,彻,466,初,1
1779,彻,2986,沏,1
1779,彻,4501,绑,1
1780,彼,5638,诐,1
1781,往,1782,征,1
1781,往,1784,径,1
1781,往,3038,注,1
1781,往,3384,炷,1
1781,往,4468,纯,1
1781,往,5619,讼,1
1782,征,1498,届,1
1782,征,1606,巛,1
1782,征,1793,徒,1
1782,征,4136,祉,1
1782,征,4481,纽,1
1782,征,5624,证,1
1782,征,6023,辽,1
1783,徂,189,但,1
1783,徂,1789,徊,1
1783,徂,4139,祖,1
1783,徂,4481,纽,1
1784,径,435,凭,1
1784,径,1749,弪,1
1784,径,4456,红,1
1784,径,4477,纸,1
1785,待,264,俦,1
1785,待,1795,得,1
1785,待,3574,猗,1
1785,待,4292,符,1
1785,待,4457,纣,1
1785,待,4482,纾,1
1785,待,4873,臣,1
1786,徇,1789,徊,1
1787,很,180,伲,1
1787,很,3403,烦,1
1787,很,4532,绲,1
1787,很,5875,跟,1
1788,徉,181,伴,1
1788,徉,213,佯,1
1789,徊,188,佃,1
1789,徊,189,但,1
1789,徊,1673,幻,1
1789,徊,1790,律,1
1789,徊,4471,纲,1
1789,徊,5972,轴,1
1790,律,227,侍,1
1790,律,4137,祎,1
1790,律,4466,纬,1
1790,律,4495,绋,1
1792,徐,128,仔,1
1792,徐,206,你,1
1792,徐,1795,得,1
1792,徐,4507,绘,1
1793,徒,170,传,1
1793,徒,4524,绩,1
1793,徒,4543,绽,1
1793,徒,5836,走,1
1795,得,290,倡,1
1796,徘,5682,诽,1
1797,徙,1781,往,1
1797,徙,2409,旋,1
1797,徙,3107,浞,1
1797,徙,4528,绮,1
1797,徙,4562,缒,1
1798,徜,4531,绱,1
1799,御,1711,廊,1
1799,御,5461,衍,1
1801,循,1786,徇,1
1801,循,2763,楯,1
1801,循,3753,电,1
1801,循,4534,维,1
1801,循,4552,缆,1
1803,微,233,依,1
1803,微,347,儆,1
1803,微,3331,激,1
1803,微,4568,缘,1
1803,微,4587,缬,1
1805,德,315,偲,1
1805,德,3593,猿,1
1805,德,4224,穗,1
1805,德,4527,续,1
1805,德,6816,馋,1
1807,徽,1502,屐,1
1807,徽,4559,缎,1
1807,徽,5471,衩,1
1808,心,352,儿,1
1808,心,635,厶,1
1808,心,1185,壬,1
1808,心,1673,幻,1
1808,心,1810,必,1
1810,必,125,从,1
1810,必,165,伙,1
1810,必,402,农,1
1810,必,440,凶,1
1810,必,665,叭,1
1810,必,1192,处,1
1810,必,1468,少,1
1810,必,1841,怂,1
1810,必,3361,灼,1
1810,必,3363,灿,1
1810,必,3481,父,1
1810,必,6760,风,1
1811,忆,1034,圮,1
1811,忆,2544,机,1
1811,忆,4934,艺,1
1813,忌,2920,民,1
1814,忍,664,召,1
1814,忍,1841,怂,1
1814,忍,1875,恋,1
1814,忍,1877,恐,1
1814,忍,1879,恕,1
1815,忏,1629,帅,1
1816,忐,1896,恶,1
1816,忐,5288,虍,1
1816,忐,6692,鞡,1
1817,忑,1816,忐,1
1818,忒,1296,威,1
1818,忒,1427,宬,1
1818,忒,2948,求,1
1819,忖,2430,时,1
1820,志,636,去,1
1820,志,1813,忌,1
1820,志,1824,忠,1
1821,忘,357,充,1
1821,忘,1816,忐,1
1821,忘,1872,恁,1
1821,忘,1875,恋,1
1821,忘,1996,憝,1
1821,忘,2373,敦,1
1821,忘,3770,畜,1
1821,忘,4260,立,1
1822,忙,1828,忪,1
1822,忙,1837,忾,1
1822,忙,1862,性,1
1822,忙,3366,炉,1
1823,忝,1529,岙,1
1824,忠,440,凶,1
1826,忤,1815,忏,1
1826,忤,1825,忡,1
1826,忤,1861,怦,1
1827,忧,160,伏,1
1827,忧,1822,忙,1
1827,忧,1828,忪,1
1827,忧,1832,忱,1
1827,忧,2072,扰,1
1827,忧,3529,状,1
1827,忧,3532,犹,1
1828,忪,1867,怯,1
1828,忪,2578,松,1
1829,快,665,叭,1
1829,快,1876,恍,1
1829,快,3398,烛,1
1829,快,3510,特,1
1830,忭,1912,悚,1
1830,忭,1935,惋,1
1830,忭,2081,抃,1
1832,忱,559,北,1
1832,忱,1825,忡,1
1832,忱,1827,忧,1
1832,忱,2983,沈,1
1832,忱,4702,耽,1
1832,忱,5770,账,1
1832,忱,6932,魏,1
1833,念,139,令,1
1833,念,260,俞,1
1833,念,1858,怠,1
1833,念,1860,急,1
1834,忸,2576,杻,1
1835,忻,1040,圻,1
1835,忻,2063,扦,1
1835,忻,3155,淅,1
1835,忻,5769,败,1
1836,忽,1838,忿,1
1836,忽,1841,怂,1
1836,忽,1882,恝,1
1836,忽,3782,疋,1
1837,忾,1897,恸,1
1837,忾,1919,悦,1
1837,忾,1940,惜,1
1837,忾,3375,炝,1
1838,忿,364,兔,1
1838,忿,6772,食,1
1839,怀,163,众,1
1839,怀,1049,坏,1
1839,怀,2365,敕,1
1839,怀,2570,杯,1
1839,怀,2586,枕,1
1840,态,1224,奈,1
1840,态,1477,尤,1
1840,态,1820,志,1
1840,态,1875,恋,1
1840,态,4059,础,1
1840,态,5481,袁,1
1841,怂,1050,坐,1
1841,怂,1824,忠,1
1841,怂,1926,悲,1
1842,怃,1864,怩,1
1843,怄,1851,怔,1
1843,怄,1862,性,1
1844,怅,1827,忧,1
1844,怅,1876,恍,1
1844,怅,1891,恬,1
1844,怅,4755,胀,1
1845,怆,174,伦,1
1845,怆,1899,恺,1
1846,怊,3013,沼,1
1847,怍,202,作,1
1847,怍,1891,恬,1
1847,怍,4766,胙,1
1848,怎,1869,总,1
1848,怎,1872,恁,1
1848,怎,2926,氙,1
1848,怎,4453,纟,1
1848,怎,5481,袁,1
1850,怒,1245,好,1
1850,怒,1341,媳,1
1850,怒,1836,忽,1
1850,怒,1996,憝,1
1850,怒,3447,熄,1
1850,怒,4557,缌,1
1851,怔,1811,忆,1
1851,怔,1846,怊,1
1851,怔,3945,眍,1
1851,怔,5328,蚱,1
1852,怕,1873,恂,1
1852,怕,1878,恒,1
1852,怕,2353,收,1
1852,怕,2420,旧,1
1853,怖,1631,师,1
1853,怖,3383,炳,1
1854,怙,1541,岵,1
1856,怜,1380,孜,1
1856,怜,1828,忪,1
1856,怜,1837,忾,1
1856,怜,1915,悟,1
1856,怜,2122,拎,1
1856,怜,2609,柃,1
1857,思,443,出,1
1857,思,698,君,1
1857,思,1672,幺,1
1857,思,1836,忽,1
1857,思,1895,恳,1
1857,思,6253,里,1
1858,怠,364,兔,1
1858,怠,1273,妾,1
1858,怠,1693,府,1
1858,怠,1848,怎,1
1858,怠,1906,悉,1
1858,怠,4930,色,1
1859,怡,1852,怕,1
1859,怡,1894,恰,1
1860,急,364,兔,1
1860,急,1689,庖,1
1860,急,1896,恶,1
1860,急,1906,悉,1
1860,急,6772,食,1
1861,怦,2602,枰,1
1862,性,1894,恰,1
1862,性,1914,悝,1
1862,性,4769,胜,1
1862,性,4808,脞,1
1862,性,5346,蛙,1
1863,怨,1860,急,1
1863,怨,1884,恣,1
1863,怨,1947,惩,1
1863,怨,3430,然,1
1865,怪,1053,坚,1
1865,怪,1862,性,1
1865,怪,2634,柽,1
1865,怪,3534,狂,1
1866,怫,1825,忡,1
1866,怫,2111,拂,1
1867,怯,1844,怅,1
1867,怯,1854,怙,1
1867,怯,1912,悚,1
1868,怵,1839,怀,1
1868,怵,3385,炸,1
1869,总,1858,怠,1
1869,总,1880,恙,1
1869,总,4474,纵,1
1871,怿,1908,悍,1
1872,恁,845,售,1
1872,恁,1895,恳,1
1872,恁,1916,悠,1
1873,恂,2647,栒,1
1873,恂,3644,珣,1
1874,恃,227,侍,1
1874,恃,1464,将,1
1874,恃,1819,忖,1
1874,恃,1870,怼,1
1874,恃,1910,悔,1
1874,恃,1911,悖,1
1874,恃,1928,悸,1
1874,恃,1934,惊,1
1874,恃,2156,持,1
1875,恋,424,凉,1
1875,恋,1302,娈,1
1875,恋,1557,峦,1
1875,恋,1880,恙,1
1875,恋,1886,恧,1
1875,恋,1896,恶,1
1875,恋,6058,迹,1
1876,恍,1829,快,1
1876,恍,1842,怃,1
1876,恍,1919,悦,1
1876,恍,3357,灰,1
1877,恐,5351,蛩,1
1877,恐,6569,阿,1
1878,恒,1643,帜,1
1878,恒,1885,恤,1
1878,恒,3399,烜,1
1878,恒,5968,轰,1
1879,恕,1882,恝,1
1879,恕,6047,迦,1
1880,恙,1872,恁,1
1880,恙,1881,恚,1
1880,恙,3922,盖,1
1880,恙,4628,羔,1
1881,恚,886,善,1
1881,恚,1880,恙,1
1881,恚,5470,表,1
1882,恝,1877,恐,1
1882,恝,2132,招,1
1883,恢,1935,惋,1
1883,恢,3420,焕,1
1884,恣,775,咨,1
1884,恣,1877,恐,1
1885,恤,1478,尥,1
1886,恧,1860,急,1
1886,恧,1903,恿,1
1887,恨,1088,垠,1
1887,恨,1780,彼,1
1887,恨,1952,惯,1
1887,恨,2110,抿,1
1887,恨,3962,眼,1
1888,恩,1519,岂,1
1888,恩,1814,忍,1
1889,恪,2661,格,1
1889,恪,3397,烙,1
1889,恪,4786,胳,1
1890,恫,231,侗,1
1890,恫,1293,姻,1
1890,恫,1608,州,1
1890,恫,2525,朋,1
1890,恫,2774,榈,1
1890,恫,3488,牁,1
1890,恫,3934,相,1
1890,恫,5344,蛔,1
1891,恬,1815,忏,1
1891,恬,1822,忙,1
1891,恬,1846,怊,1
1891,恬,1854,怙,1
1891,恬,1862,性,1
1891,恬,1894,恰,1
1891,恬,1902,恽,1
1892,恭,105,亲,1
1892,恭,1705,康,1
1892,恭,2617,柔,1
1892,恭,3043,泰,1
1892,恭,4161,禁,1
1892,恭,5274,藜,1
1892,恭,5275,藠,1
1893,息,668,台,1
1893,息,1012,囱,1
1893,息,1836,忽,1
1893,息,1857,思,1
1893,息,1888,恩,1
1893,息,1903,恿,1
1893,息,1906,悉,1
1893,息,3892,皂,1
1893,息,6926,魅,1
1894,恰,1837,忾,1
1894,恰,2551,杉,1
1894,恰,3423,焙,1
1894,恰,4765,胗,1
1895,恳,1093,垦,1
1895,恳,1857,思,1
1895,恳,1896,恶,1
1895,恳,6060,退,1
1896,恶,25,丢,1
1896,恶,1816,忐,1
1896,恶,1893,息,1
1896,恶,2465,晋,1
1896,恶,3394,烈,1
1896,恶,3415,焉,1
1899,恺,1876,恍,1
1899,恺,3380,炮,1
1900,恻,238,侧,1
1900,恻,3094,测,1
1901,恼,1845,怆,1
1901,恼,1852,怕,1
1901,恼,2102,披,1
1901,恼,4801,脑,1
1902,恽,230,侔,1
1902,恽,2174,挥,1
1903,恿,1836,忽,1
1903,恿,1893,息,1
1903,恿,1943,惠,1
1903,恿,5199,蒽,1
1904,悃,1571,崛,1
1905,悄,252,俏,1
1905,悄,817,哨,1
1905,悄,1561,峭,1
1905,悄,6070,逍,1
1906,悉,1879,恕,1
1906,悉,1896,恶,1
1906,悉,4177,秃,1
1907,悌,3966,睇,1
1908,悍,1902,恽,1
1908,悍,1972,愣,1
1908,悍,2718,棍,1
1908,悍,3416,焊,1
1910,悔,243,侮,1
1910,悔,1364,嬖,1
1910,悔,1815,忏,1
1910,悔,1901,恼,1
1910,悔,1930,悼,1
1910,悔,2362,敌,1
1910,悔,3118,海,1
1910,悔,3390,烀,1
1911,悖,1928,悸,1
1912,悚,3238,溧,1
1913,悛,2005,懊,1
1913,悛,6596,陵,1
1914,悝,579,午,1
1914,悝,1846,怊,1
1915,悟,1846,怊,1
1915,悟,1867,怯,1
1915,悟,1891,恬,1
1915,悟,1913,悛,1
1915,悟,1937,惕,1
1915,悟,2184,捂,1
1915,悟,3418,焐,1
1916,悠,282,倓,1
1916,悠,1850,怒,1
1916,悠,1893,息,1
1916,悠,3448,熊,1
1918,患,1824,忠,1
1918,患,1984,慝,1
1918,患,3386,点,1
1918,患,3738,甚,1
1918,患,4597,缶,1
1918,患,5852,足,1
1919,悦,4206,税,1
1919,悦,5381,蜣,1
1920,您,1841,怂,1
1920,您,1893,息,1
1920,您,3546,狞,1
1920,您,4557,缌,1
1920,您,5487,袋,1
1922,悬,2447,昙,1
1922,悬,2482,景,1
1923,悭,1914,悝,1
1924,悯,1890,恫,1
1924,悯,2680,桕,1
1926,悲,377,共,1
1926,悲,1824,忠,1
1926,悲,1862,性,1
1926,悲,3458,熬,1
1926,悲,3513,牿,1
1927,悴,860,啐,1
1927,悴,1464,将,1
1927,悴,4414,粹,1
1928,悸,337,僚,1
1928,悸,1891,恬,1
1928,悸,2269,搂,1
1928,悸,5417,螓,1
1929,悻,1927,悴,1
1929,悻,2009,懔,1
1929,悻,2700,梓,1
1930,悼,1861,怦,1
1930,悼,1878,恒,1
1930,悼,1908,悍,1
1930,悼,1929,悻,1
1930,悼,3414,烽,1
1930,悼,4532,绲,1
1931,情,1853,怖,1
1931,情,1905,悄,1
1931,情,1940,惜,1
1931,情,1967,愔,1
1931,情,2812,樯,1
1931,情,4819,腊,1
1932,惆,1904,悃,1
1932,惆,1938,惘,1
1933,惇,1928,悸,1
1934,惊,1856,怜,1
1934,惊,1990,慵,1
1934,惊,2224,掠,1
1934,惊,2638,标,1
1934,惊,3510,特,1
1935,惋,212,佬,1
1936,惑,1769,彧,1
1936,惑,1996,憝,1
1936,惑,2034,戥,1
1936,惑,6365,铩,1
1937,惕,2566,杨,1
1937,惕,3450,熔,1
1937,惕,4282,笏,1
1937,惕,4814,脶,1
1939,惚,1944,惦,1
1939,惚,3453,熜,1
1939,惚,4835,腮,1
1939,惚,5342,蛐,1
1940,惜,289,借,1
1940,惜,1148,堵,1
1940,惜,1967,愔,1
1940,惜,2003,懂,1
1940,惜,2194,捐,1
1940,惜,2762,楮,1
1942,惟,1994,憔,1
1942,惟,3299,潍,1
1943,惠,625,厚,1
1943,惠,1881,恚,1
1943,惠,1896,恶,1
1943,惠,1969,愚,1
1943,惠,2479,晦,1
1943,惠,4439,索,1
1944,惦,1560,峪,1
1944,惦,1847,怍,1
1944,惦,2212,掂,1
1944,惦,4252,窥,1
1945,惧,271,俱,1
1945,惧,295,倪,1
1945,惧,1849,怏,1
1945,惧,1981,慎,1
1945,惧,1985,慢,1
1945,惧,4427,糗,1
1946,惨,2699,梏,1
1947,惩,1821,忘,1
1947,惩,4330,签,1
1948,惫,1893,息,1
1948,惫,5320,蚤,1
1949,惬,1991,慷,1
1950,惭,2770,概,1
1951,惮,776,咩,1
1951,惮,1826,忤,1
1951,惮,1933,惇,1
1951,惮,1934,惊,1
1951,惮,3414,烽,1
1951,惮,3492,牌,1
1952,惯,450,刂,1
1952,惯,1958,惺,1
1952,惯,3396,烘,1
1953,惰,1931,情,1
1953,惰,2736,椅,1
1954,想,1062,坦,1
1954,想,1850,怒,1
1954,想,1879,恕,1
1954,想,1926,悲,1
1954,想,2909,毯,1
1954,想,3934,相,1
1954,想,5838,赴,1
1955,惴,1866,怫,1
1956,惶,2000,憬,1
1956,惶,2464,晃,1
1956,惶,3409,热,1
1956,惶,4354,篁,1
1957,惹,1506,属,1
1957,惹,1820,志,1
1957,惹,1978,慈,1
1957,惹,4668,老,1
1957,惹,5283,蘘,1
1957,惹,5470,表,1
1958,惺,901,喤,1
1958,惺,981,噬,1
1958,惺,1107,埋,1
1958,惺,1862,性,1
1958,惺,1865,怪,1
1958,惺,1956,惶,1
1958,惺,2193,捏,1
1960,愁,1875,恋,1
1960,愁,1954,想,1
1960,愁,4283,笑,1
1962,愈,1833,念,1
1963,愉,2224,掠,1
1963,愉,2243,揄,1
1963,愉,4832,腧,1
1965,愎,1981,慎,1
1966,意,103,亭,1
1966,意,1881,恚,1
1966,意,3412,烹,1
1966,意,4301,笺,1
1966,意,5481,袁,1
1967,愔,1993,憎,1
1967,愔,2011,懵,1
1967,愔,4834,腭,1
1968,愕,2604,枵,1
1968,愕,4834,腭,1
1969,愚,1886,恧,1
1969,愚,3288,漫,1
1970,感,1296,威,1
1970,感,1838,忿,1
1970,感,1954,想,1
1970,感,3394,烈,1
1970,感,3452,熙,1
1970,感,3925,盛,1
1970,感,4874,臧,1
1971,愠,1937,惕,1
1971,愠,1941,惝,1
1972,愣,1955,惴,1
1973,愤,1647,帧,1
1973,愤,1653,帻,1
1973,愤,1976,愫,1
1974,愦,1973,愤,1
1974,愦,2757,楞,1
1974,愦,3224,溃,1
1975,愧,1901,恼,1
1975,愧,3447,熄,1
1976,愫,1928,悸,1
1976,愫,1934,惊,1
1977,愿,565,匡,1
1977,愿,1920,您,1
1977,愿,7104,鹿,1
1978,慈,384,兹,1
1978,慈,1869,总,1
1978,慈,1880,恙,1
1978,慈,1964,愍,1
1978,慈,4258,窸,1
1979,慊,5820,赚,1
1980,慌,1659,幌,1
1980,慌,1919,悦,1
1980,慌,2811,横,1
1981,慎,335,像,1
1981,慎,2743,椟,1
1981,慎,3396,烘,1
1982,慑,2213,掇,1
1982,慑,2292,摄,1
1982,慑,4853,膙,1
1983,慕,2306,摹,1
1983,慕,3897,皋,1
1983,慕,5153,萦,1
1983,慕,5244,蕞,1
1983,慕,5275,藠,1
1985,慢,1164,墁,1
1985,慢,1911,悖,1
1985,慢,1965,愎,1
1985,慢,2000,憬,1
1985,慢,3417,焌,1
1985,慢,3469,燥,1
1985,慢,4736,股,1
1986,慥,1915,悟,1
1987,慧,580,卉,1
1989,慰,508,剿,1
1989,慰,1465,尉,1
1989,慰,1964,愍,1
1989,慰,3394,烈,1
1989,慰,5546,襞,1
1991,慷,1835,忻,1
1991,慷,4865,臁,1
1992,憋,1964,愍,1
1992,憋,3458,熬,1
1993,憎,1658,幅,1
1993,憎,4855,膜,1
1993,憎,5826,赠,1
1994,憔,1091,垣,1
1994,憔,1855,怛,1
1995,憖,1960,愁,1
1996,憝,1998,憨,1
1996,憝,6745,题,1
1997,憧,342,僮,1
1997,憧,1662,幛,1
1997,憧,3881,癔,1
1998,憨,1966,意,1
1998,憨,1992,憋,1
1998,憨,3448,熊,1
1999,憩,1954,想,1
1999,憩,1961,愆,1
2002,憾,1592,嵝,1
2002,憾,1939,惚,1
2002,憾,3462,燃,1
2003,懂,1958,惺,1
2003,懂,2825,橦,1
2003,懂,5387,蜷,1
2004,懈,1963,愉,1
2004,懈,2257,揪,1
2004,懈,3018,泄,1
2005,懊,1945,惧,1
2005,懊,4838,腴,1
2006,懋,6930,魉,1
2008,懒,1974,愦,1
2008,懒,2504,暾,1
2010,懦,1937,惕,1
2010,懦,3521,犒,1
2010,懦,4433,糯,1
2010,懦,4871,臑,1
2014,戈,69,书,1
2014,戈,577,卅,1
2014,戈,1477,尤,1
2014,戈,1735,弋,1
2014,戈,1736,式,1
2014,戈,2021,成,1
2014,戈,7181,龙,1
2015,戊,142,仪,1
2015,戊,459,划,1
2015,戊,2016,戋,1
2015,戊,2017,戌,1
2015,戊,2021,成,1
2015,戊,2540,术,1
2015,戊,4983,苍,1
2016,戋,2014,戈,1
2017,戌,2015,戊,1
2017,戌,2019,戎,1
2017,戌,5012,茂,1
2017,戌,5022,茏,1
2018,戍,161,伐,1
2018,戍,1818,忒,1
2018,戍,2020,戏,1
2018,戍,2476,晟,1
2018,戍,7181,龙,1
2019,戎,1736,式,1
2019,戎,2017,戌,1
2019,戎,2078,找,1
2020,戏,3014,沽,1
2021,成,796,哉,1
2021,成,1296,威,1
2021,成,2019,戎,1
2021,成,2023,戒,1
2021,成,2025,或,1
2021,成,2028,戚,1
2021,成,4028,砂,1
2022,我,2020,戏,1
2022,我,2034,戥,1
2022,我,2476,晟,1
2022,我,2541,朱,1
2022,我,3538,狉,1
2022,我,4470,纱,1
2022,我,4483,线,1
2022,我,6135,邪,1
2023,戒,580,卉,1
2023,戒,1586,嵌,1
2023,戒,1736,式,1
2023,戒,2021,成,1
2023,戒,2024,戕,1
2023,戒,2949,汆,1
2024,戕,2022,我,1
2025,或,2876,残,1
2025,或,2948,求,1
2025,或,5012,茂,1
2026,戗,465,创,1
2027,战,161,伐,1
2027,战,1118,域,1
2027,战,2876,残,1
2027,战,4483,线,1
2027,战,6790,饯,1
2028,戚,2021,成,1
2028,戚,2035,截,1
2028,戚,4352,箴,1
2028,戚,5980,轼,1
2034,戥,2038,戳,1
2035,截,1118,域,1
2035,截,1580,崴,1
2035,截,3467,燕,1
2035,截,5270,藏,1
2037,戮,5361,蛾,1
2038,戳,5502,裁,1
2039,戴,796,哉,1
2039,戴,2035,截,1
2039,戴,5502,裁,1
2040,户,549,勿,1
2040,户,1197,夕,1
2042,戾,1692,庚,1
2043,房,1697,庤,1
2043,房,3189,渗,1
2043,房,3812,疹,1
2044,所,710,听,1
2044,所,810,哜,1
2044,所,3756,町,1
2044,所,4034,研,1
2044,所,6157,郎,1
2045,扁,309,偏,1
2045,扁,713,启,1
2045,扁,1648,席,1
2045,扁,1691,庙,1
2045,扁,4740,肩,1
2045,扁,5776,贬,1
2045,扁,7052,鸸,1
2046,扃,1505,屙,1
2046,扃,2048,扇,1
2047,扅,1713,廑,1
2048,扇,2045,扁,1
2051,扊,3921,盔,1
2052,手,581,半,1
2052,手,1185,壬,1
2052,手,1371,孑,1
2052,手,1384,季,1
2052,手,4942,芋,1
2053,扌,449,刁,1
2053,扌,1184,士,1
2053,扌,2054,才,1
2054,才,9,丌,1
2054,才,1468,少,1
2054,才,3525,犭,1
2055,扎,2167,挞,1
2056,扑,577,卅,1
2056,扑,1037,圳,1
2056,扑,2055,扎,1
2056,扑,2067,扫,1
2056,扑,2233,掭,1
2056,扑,2556,村,1
2057,扒,662,只,1
2057,扒,1037,圳,1
2057,扒,2059,扔,1
2058,打,2056,扑,1
2058,打,2061,扛,1
2058,打,2065,扩,1
2059,扔,1242,奶,1
2059,扔,2082,抄,1
2059,扔,2102,披,1
2059,扔,2130,拙,1
2059,扔,2595,枥,1
2059,扔,6129,邛,1
2060,托,559,北,1
2060,托,1030,圩,1
2060,托,2093,抚,1
2060,托,2124,拒,1
2060,托,2143,括,1
2060,托,2583,枉,1
2060,托,5314,蚍,1
2061,扛,64,九,1
2061,扛,2055,扎,1
2061,扛,2113,拄,1
2061,扛,4431,糠,1
2062,扣,2066,扪,1
2062,扣,2197,损,1
2063,扦,87,井,1
2063,扦,1030,圩,1
2063,扦,1815,忏,1
2063,扦,2060,托,1
2063,扦,2101,抨,1
2063,扦,2120,拌,1
2064,执,2062,扣,1
2064,执,2143,括,1
2064,执,2267,搀,1
2065,扩,1038,圹,1
2065,扩,2099,护,1
2065,扩,2113,拄,1
2065,扩,2117,拈,1
2065,扩,4938,节,1
2065,扩,6149,邽,1
2066,扪,468,判,1
2067,扫,2062,扣,1
2067,扫,2068,扬,1
2067,扫,2069,扭,1
2067,扫,2121,拍,1
2068,扬,1039,场,1
2068,扬,2070,扮,1
2068,扬,2123,拐,1
2068,扬,3575,猛,1
2068,扬,3795,疡,1
2069,扭,2067,扫,1
2069,扭,2084,把,1
2069,扭,2114,担,1
2069,扭,4481,纽,1
2070,扮,2057,扒,1
2070,扮,2123,拐,1
2070,扮,2132,招,1
2070,扮,2240,掺,1
2070,扮,3721,瓣,1
2071,扯,1042,址,1
2071,扯,2084,把,1
2071,扯,2124,拒,1
2072,扰,2093,抚,1
2072,扰,2130,拙,1
2072,扰,3501,牡,1
2073,扳,2080,技,1
2073,扳,2134,拟,1
2073,扳,2589,枚,1
2073,扳,6676,靴,1
2074,扶,2093,抚,1
2074,扶,2113,拄,1
2074,扶,2137,拤,1
2074,扶,2587,林,1
2075,批,2076,扺,1
2075,批,2094,抛,1
2075,批,2109,抽,1
2075,批,2229,推,1
2076,扺,1072,坻,1
2076,扺,2105,抵,1
2076,扺,2110,抿,1
2076,扺,2262,揶,1
2076,扺,2625,柢,1
2077,扼,724,呃,1
2077,扼,2075,批,1
2077,扼,2084,把,1
2077,扼,2127,拖,1
2077,扼,2230,掩,1
2078,找,559,北,1
2078,找,2022,我,1
2078,找,2158,指,1
2079,承,348,儇,1
2079,承,410,冰,1
2079,承,1500,屎,1
2079,承,2942,水,1
2079,承,3373,炙,1
2079,承,4008,矛,1
2079,承,6089,逯,1
2080,技,2073,扳,1
2080,技,2089,投,1
2080,技,2095,抟,1
2080,技,2102,披,1
2081,抃,2112,拃,1
2082,抄,2059,扔,1
2082,抄,2064,执,1
2083,抉,1829,快,1
2083,抉,2093,抚,1
2083,抉,2208,捷,1
2083,抉,2754,楗,1
2083,抉,3536,狄,1
2084,把,2069,扭,1
2084,把,2096,抠,1
2084,把,2132,招,1
2084,把,2424,旭,1
2085,抑,3553,狮,1
2085,抑,6031,迎,1
2086,抒,2058,打,1
2086,抒,2059,扔,1
2086,抒,2084,把,1
2086,抒,2140,拧,1
2086,抒,2172,挣,1
2086,抒,2175,挦,1
2087,抓,97,亦,1
2087,抓,2091,抗,1
2087,抓,2105,抵,1
2087,抓,2136,拣,1
2088,抔,1068,坯,1
2088,抔,2115,拆,1
2088,抔,2570,杯,1
2089,投,1380,孜,1
2089,投,1778,役,1
2089,投,2188,捉,1
2089,投,2197,损,1
2089,投,2224,掠,1
2089,投,2249,提,1
2089,投,3504,牧,1
2090,抖,2387,料,1
2090,抖,3369,炒,1
2090,抖,4182,科,1
2091,抗,2061,扛,1
2091,抗,2093,抚,1
2091,抗,2113,拄,1
2091,抗,2118,拉,1
2091,抗,2125,拓,1
2091,抗,2143,括,1
2091,抗,2160,按,1
2091,抗,2552,杌,1
2091,抗,4682,耘,1
2092,折,2060,托,1
2092,折,2063,扦,1
2092,折,2085,抑,1
2092,折,2140,拧,1
2092,折,2585,析,1
2093,抚,2416,无,1
2094,抛,2128,拗,1
2095,抟,2139,拦,1
2096,抠,2067,扫,1
2096,抠,2077,扼,1
2097,抡,2103,抬,1
2097,抡,2117,拈,1
2097,抡,2118,拉,1
2097,抡,2127,拖,1
2097,抡,2198,捡,1
2098,抢,2123,拐,1
2098,抢,2210,捻,1
2098,抢,2230,掩,1
2098,抢,2636,栀,1
2098,抢,5013,范,1
2099,护,2086,抒,1
2099,护,2101,抨,1
2099,护,2172,挣,1
2099,护,2643,栌,1
2099,护,6150,邾,1
2100,报,1056,坝,1
2100,报,2104,抱,1
2100,报,2108,押,1
2100,报,2197,损,1
2100,报,2526,服,1
2100,报,2580,极,1
2101,抨,2076,扺,1
2101,抨,2108,押,1
2101,抨,2116,拇,1
2101,抨,2120,拌,1
2101,抨,2328,撺,1
2101,抨,2687,桦,1
2102,披,2117,拈,1
2102,披,2160,按,1
2102,披,2182,挺,1
2102,披,2197,损,1
2102,披,2358,政,1
2103,抬,2117,拈,1
2103,抬,2118,拉,1
2103,抬,2143,括,1
2103,抬,2154,拾,1
2103,抬,2158,指,1
2103,抬,2286,搭,1
2104,抱,2097,抡,1
2104,抱,2631,柱,1
2105,抵,1688,底,1
2105,抵,2578,松,1
2105,抵,2644,栎,1
2105,抵,4140,祗,1
2106,抹,1271,妹,1
2106,抹,2168,挟,1
2106,抹,2655,株,1
2106,抹,2712,梾,1
2106,抹,4187,秣,1
2106,抹,5834,赫,1
2107,抻,2109,抽,1
2108,押,2063,扦,1
2108,押,2174,挥,1
2108,押,2191,捍,1
2108,押,2239,掸,1
2109,抽,2071,扯,1
2109,抽,2195,捕,1
2109,抽,2250,插,1
2109,抽,5342,蛐,1
2110,抿,2077,扼,1
2110,抿,2100,报,1
2110,抿,2179,振,1
2110,抿,2921,氓,1
2110,抿,6737,颍,1
2111,拂,2106,抹,1
2111,拂,2208,捷,1
2111,拂,3010,沸,1
2112,拃,2623,柞,1
2113,拄,2139,拦,1
2113,拄,2178,挫,1
2113,拄,2188,捉,1
2113,拄,2229,推,1
2113,拄,2675,桎,1
2113,拄,4204,程,1
2114,担,1270,妲,1
2114,担,2089,投,1
2114,担,6046,迥,1
2115,拆,2062,扣,1
2115,拆,2064,执,1
2115,拆,2081,抃,1
2115,拆,2087,抓,1
2115,拆,2088,抔,1
2115,拆,2121,拍,1
2115,拆,2140,拧,1
2116,拇,1001,四,1
2116,拇,1070,坶,1
2116,拇,2108,押,1
2116,拇,2138,拥,1
2116,拇,2187,捆,1
2116,拇,2219,掏,1
2116,拇,2251,揖,1
2117,拈,190,位,1
2117,拈,1859,怡,1
2117,拈,2070,扮,1
2117,拈,2147,拱,1
2117,拈,2158,指,1
2117,拈,2160,按,1
2118,拉,2113,拄,1
2118,拉,2140,拧,1
2118,拉,2199,换,1
2118,拉,2659,核,1
2120,拌,581,半,1
2121,拍,1044,均,1
2121,拍,1081,垍,1
2121,拍,1852,怕,1
2121,拍,2096,抠,1
2121,拍,2124,拒,1
2121,拍,2186,捅,1
2121,拍,2612,柏,1
2122,拎,225,侉,1
2122,拎,1856,怜,1
2122,拎,2080,技,1
2122,拎,2118,拉,1
2122,拎,2154,拾,1
2122,拎,2224,掠,1
2122,拎,2228,控,1
2123,拐,2059,扔,1
2123,拐,2127,拖,1
2123,拐,2190,捌,1
2123,拐,2640,栉,1
2123,拐,4688,耦,1
2124,拒,565,匡,1
2124,拒,2104,抱,1
2124,拒,2118,拉,1
2124,拒,2139,拦,1
2124,拒,2621,柜,1
2124,拒,2670,框,1
2125,拓,1247,如,1
2125,拓,2059,扔,1
2125,拓,2060,托,1
2125,拓,2086,抒,1
2125,拓,2088,抔,1
2125,拓,2103,抬,1
2125,拓,2118,拉,1
2125,拓,2185,捃,1
2125,拓,2220,掐,1
2127,拖,2097,抡,1
2127,拖,2160,按,1
2128,拗,2085,抑,1
2128,拗,2109,抽,1
2129,拘,2069,扭,1
2129,拘,2121,拍,1
2129,拘,2170,挡,1
2129,拘,2243,揄,1
2129,拘,2557,杓,1
2129,拘,2607,枸,1
2130,拙,443,出,1
2130,拙,1167,墈,1
2130,拙,2178,挫,1
2130,拙,2184,捂,1
2130,拙,2255,揣,1
2131,拚,2152,拼,1
2131,拚,2173,挤,1
2132,招,2059,扔,1
2132,招,2103,抬,1
2132,招,2121,拍,1
2132,招,2125,拓,1
2132,招,2145,拮,1
2132,招,2185,捃,1
2132,招,2769,榀,1
2132,招,2984,沉,1
2133,拜,57,乒,1
2133,拜,4208,稗,1
2133,拜,4458,纤,1
2133,拜,6328,钾,1
2134,拟,2075,批,1
2134,拟,2130,拙,1
2135,拢,1060,坡,1
2135,拢,1077,垅,1
2135,拢,2093,抚,1
2136,拣,2118,拉,1
2136,拣,2156,持,1
2136,拣,2209,捺,1
2136,拣,2269,搂,1
2136,拣,2642,栋,1
2137,拤,2074,扶,1
2137,拤,2597,枨,1
2138,拥,188,佃,1
2138,拥,1106,埇,1
2138,拥,2187,捆,1
2138,拥,2273,搏,1
2139,拦,1075,垃,1
2140,拧,822,哲,1
2140,拧,2189,捋,1
2140,拧,2551,杉,1
2140,拧,2624,柠,1
2140,拧,3032,泞,1
2140,拧,3498,牛,1
2140,拧,3613,玙,1
2141,拨,2080,技,1
2141,拨,2122,拎,1
2142,择,1871,怿,1
2142,择,1902,恽,1
2142,择,2172,挣,1
2142,择,2225,探,1
2142,择,2299,摔,1
2142,择,2658,样,1
2143,括,1045,坊,1
2143,括,2184,捂,1
2143,括,2185,捃,1
2143,括,2234,掮,1
2143,括,2250,插,1
2143,括,2549,杆,1
2143,括,2567,杩,1
2143,括,2631,柱,1
2144,拭,2090,抖,1
2144,拭,5980,轼,1
2145,拮,2184,捂,1
2145,拮,2212,掂,1
2145,拮,2679,桔,1
2145,拮,3513,牿,1
2146,拯,2130,拙,1
2146,拯,2678,桓,1
2147,拱,232,供,1
2147,拱,1097,垭,1
2147,拱,2139,拦,1
2147,拱,2231,措,1
2147,拱,2717,棋,1
2147,拱,3641,珙,1
2148,拳,1225,奉,1
2148,拳,2673,桊,1
2149,拴,2122,拎,1
2149,拴,2139,拦,1
2149,拴,2178,挫,1
2149,拴,2189,捋,1
2149,拴,2207,捶,1
2149,拴,2228,控,1
2149,拴,2648,栓,1
2149,拴,2688,桧,1
2149,拴,5985,辁,1
2150,拶,2141,拨,1
2151,拷,1946,惨,1
2151,拷,2088,抔,1
2151,拷,2106,抹,1
2151,拷,2140,拧,1
2151,拷,2656,栲,1
2151,拷,2657,栳,1
2151,拷,2692,桴,1
2151,拷,3402,烤,1
2151,拷,3546,狞,1
2151,拷,4669,考,1
2152,拼,2092,折,1
2152,拼,2116,拇,1
2152,拼,2173,挤,1
2152,拼,2278,搛,1
2153,拽,2178,挫,1
2153,拽,2203,捭,1
2154,拾,2158,指,1
2154,拾,2584,枋,1
2154,拾,2783,榨,1
2154,拾,5986,辂,1
2155,拿,77,争,1
2155,拿,2217,掌,1
2155,拿,4436,系,1
2156,持,1874,恃,1
2156,持,2120,拌,1
2156,持,2157,挂,1
2156,持,2245,揉,1
2156,持,3510,特,1
2156,持,3826,痔,1
2157,挂,2106,抹,1
2157,挂,2139,拦,1
2157,挂,3790,疙,1
2157,挂,4204,程,1
2158,指,1276,始,1
2158,指,1380,孜,1
2158,指,2117,拈,1
2158,指,2121,拍,1
2158,指,2145,拮,1
2158,指,2154,拾,1
2158,指,2156,持,1
2158,指,2197,损,1
2158,指,2220,掐,1
2158,指,2231,措,1
2158,指,2300,摘,1
2158,指,4793,脂,1
2158,指,5657,诣,1
2160,按,2094,抛,1
2160,按,2109,抽,1
2160,按,2113,拄,1
2160,按,2227,接,1
2160,按,2895,母,1
2160,按,4198,秽,1
2161,挎,1216,夸,1
2161,挎,2095,抟,1
2161,挎,2122,拎,1
2161,挎,2140,拧,1
2161,挎,2151,拷,1
2162,挑,3646,珧,1
2163,挖,1103,垸,1
2164,挚,2142,择,1
2164,挚,2159,挈,1
2164,挚,2226,掣,1
2164,挚,7051,鸷,1
2165,挛,101,享,1
2165,挛,1751,弯,1
2165,挛,2663,栾,1
2165,挛,3630,玺,1
2165,挛,4306,等,1
2165,挛,4718,聿,1
2165,挛,7058,鸾,1
2166,挝,2094,抛,1
2166,挝,2114,担,1
2166,挝,2134,拟,1
2166,挝,2153,拽,1
2166,挝,3918,盐,1
2166,挝,4837,腱,1
2167,挞,1250,妆,1
2167,挞,2084,把,1
2167,挞,2166,挝,1
2167,挞,5838,赴,1
2167,挞,5885,跶,1
2168,挟,234,侠,1
2168,挟,2074,扶,1
2168,挟,2147,拱,1
2168,挟,2199,换,1
2168,挟,2257,揪,1
2168,挟,2288,携,1
2169,挠,2208,捷,1
2169,挠,2668,桄,1
2169,挠,3090,浇,1
2169,挠,4801,脑,1
2170,挡,2139,拦,1
2171,挢,2173,挤,1
2172,挣,2239,掸,1
2172,挣,2784,榫,1
2172,挣,3555,狰,1
2172,挣,4897,舟,1
2173,挤,241,侪,1
2173,挤,2152,拼,1
2173,挤,2661,格,1
2173,挤,3763,界,1
2174,挥,2172,挣,1
2174,挥,2191,捍,1
2174,挥,2215,掉,1
2174,挥,2301,摞,1
2174,挥,2658,样,1
2175,挦,2156,持,1
2176,挨,2089,投,1
2176,挨,2147,拱,1
2176,挨,2197,损,1
2176,挨,2199,换,1
2176,挨,2305,摸,1
2176,挨,3563,狻,1
2177,挪,2262,揶,1
2177,挪,2315,撕,1
2177,挪,2654,栩,1
2178,挫,2104,抱,1
2178,挫,2157,挂,1
2178,挫,2294,摆,1
2178,挫,3508,牲,1
2178,挫,6413,错,1
2179,振,1054,坛,1
2179,振,2077,扼,1
2179,振,2176,挨,1
2179,振,2230,掩,1
2179,振,2272,搌,1
2180,挲,417,冻,1
2180,挲,2165,挛,1
2180,挲,5514,裟,1
2180,挲,5992,辈,1
2181,挹,2251,揖,1
2181,挹,2267,搀,1
2181,挹,4931,艳,1
2182,挺,2167,挞,1
2182,挺,2178,挫,1
2183,挽,1136,堍,1
2183,挽,2091,抗,1
2183,挽,2113,拄,1
2184,捂,1931,情,1
2184,捂,2124,拒,1
2184,捂,2154,拾,1
2184,捂,2286,搭,1
2184,捂,3512,牾,1
2184,捂,5129,菩,1
2185,捃,2132,招,1
2185,捃,2184,捂,1
2186,捅,2138,拥,1
2186,捅,2241,掼,1
2186,捅,2248,描,1
2186,捅,2758,楠,1
2186,捅,3821,痈,1
2186,捅,4433,糯,1
2187,捆,2069,扭,1
2187,捆,2116,拇,1
2187,捆,2119,拊,1
2187,捆,2138,拥,1
2188,捉,2092,折,1
2188,捉,2100,报,1
2188,捉,2118,拉,1
2188,捉,2197,损,1
2188,捉,5077,荮,1
2188,捉,5782,贲,1
2189,捋,2327,撸,1
2189,捋,4810,脬,1
2191,捍,2181,挹,1
2191,捍,2258,揭,1
2192,捎,2111,拂,1
2192,捎,2121,拍,1
2192,捎,2194,捐,1
2192,捎,2248,描,1
2192,捎,3560,狷,1
2193,捏,2120,拌,1
2193,捏,2249,提,1
2193,捏,6266,鍠,1
2194,捐,1940,惜,1
2194,捐,2158,指,1
2194,捐,2248,描,1
2194,捐,2759,楣,1
2195,捕,1111,埔,1
2195,捕,2121,拍,1
2195,捕,2192,捎,1
2196,捞,2186,捅,1
2196,捞,2248,描,1
2196,捞,2295,摇,1
2196,捞,4686,耢,1
2197,损,1115,埙,1
2197,损,2270,搅,1
2197,损,2323,撮,1
2197,损,2683,桢,1
2197,损,6714,顶,1
2197,损,6723,顿,1
2198,捡,2103,抬,1
2198,捡,2188,捉,1
2198,捡,2199,换,1
2198,捡,4331,简,1
2198,捡,5842,趁,1
2199,换,2134,拟,1
2199,换,2160,按,1
2199,换,2176,挨,1
2199,换,2197,损,1
2199,换,2215,掉,1
2199,换,2224,掠,1
2199,换,2796,槚,1
2200,捣,1057,坞,1
2200,捣,2116,拇,1
2200,捣,2258,揭,1
2200,捣,2283,搦,1
2200,捣,2581,构,1
2200,捣,2697,梅,1
2201,捧,2142,择,1
2201,捧,2149,拴,1
2201,捧,2700,梓,1
2201,捧,3669,琫,1
2202,捩,2176,挨,1
2202,捩,2179,振,1
2203,捭,1120,埤,1
2204,据,2143,括,1
2204,据,2212,掂,1
2205,捯,2190,捌,1
2206,捱,2254,握,1
2207,捶,1131,堆,1
2207,捶,2143,括,1
2207,捶,2157,挂,1
2207,捶,2178,挫,1
2207,捶,2322,播,1
2208,捷,1323,婕,1
2208,捷,2127,拖,1
2208,捷,2188,捉,1
2208,捷,2754,楗,1
2209,捺,2154,拾,1
2209,捺,2289,搽,1
2209,捺,2308,摽,1
2209,捺,2320,撩,1
2209,捺,2773,榇,1
2210,捻,2086,抒,1
2210,捻,2098,抢,1
2210,捻,2149,拴,1
2210,捻,2711,梽,1
2211,掀,1048,坎,1
2211,掀,2134,拟,1
2211,掀,2221,排,1
2211,掀,2222,掖,1
2211,掀,2257,揪,1
2211,掀,2266,揿,1
2211,掀,2364,救,1
2211,掀,2632,柳,1
2212,掂,1944,惦,1
2213,掇,5520,裰,1
2214,授,2224,掠,1
2215,掉,2060,托,1
2215,掉,2121,拍,1
2215,掉,2172,挣,1
2215,掉,2328,撺,1
2215,掉,3427,焯,1
2216,掊,2295,摇,1
2217,掌,1466,尊,1
2217,掌,1652,常,1
2217,掌,1671,幸,1
2217,掌,2155,拿,1
2217,掌,2287,搴,1
2217,掌,3089,浆,1
2217,掌,7029,鸟,1
2218,掎,2156,持,1
2218,掎,2161,挎,1
2218,掎,2773,榇,1
2219,掏,2068,扬,1
2219,掏,3407,烫,1
2220,掐,2117,拈,1
2220,掐,2127,拖,1
2220,掐,2158,指,1
2220,掐,2250,插,1
2220,掐,2331,擂,1
2220,掐,2612,柏,1
2220,掐,4216,稻,1
2221,排,272,俳,1
2221,排,2111,拂,1
2221,排,2315,撕,1
2221,排,2592,枞,1
2222,掖,3564,狼,1
2222,掖,4420,糇,1
2223,掘,1975,愧,1
2223,掘,2254,握,1
2223,掘,2296,摈,1
2223,掘,6723,顿,1
2224,掠,1376,存,1
2224,掠,2089,投,1
2224,掠,2136,拣,1
2224,掠,2233,掭,1
2224,掠,3829,痘,1
2225,探,1085,垛,1
2225,探,2136,拣,1
2225,探,2245,揉,1
2225,探,4210,稞,1
2227,接,2216,掊,1
2227,接,2252,揞,1
2227,接,2269,搂,1
2227,接,2275,搒,1
2227,接,2653,校,1
2228,控,1086,垞,1
2228,控,1566,崆,1
2228,控,2091,抗,1
2228,控,2118,拉,1
2228,控,2247,揎,1
2228,控,2254,握,1
2228,控,2749,椹,1
2229,推,2103,抬,1
2229,推,2113,拄,1
2229,推,2297,摊,1
2229,推,2302,摧,1
2230,掩,2183,挽,1
2231,措,2078,找,1
2231,措,2111,拂,1
2231,措,2158,指,1
2231,措,2178,挫,1
2231,措,2252,揞,1
2231,措,2322,播,1
2231,措,2699,梏,1
2232,掬,2116,拇,1
2233,掭,3178,添,1
2234,掮,2192,捎,1
2234,掮,2194,捐,1
2235,掰,6018,辫,1
2236,掳,2293,摅,1
2238,掷,2221,排,1
2238,掷,2232,掬,1
2239,掸,1087,垟,1
2239,掸,1331,婵,1
2239,掸,2101,抨,1
2239,掸,2136,拣,1
2239,掸,2172,挣,1
2239,掸,2224,掠,1
2239,掸,2276,搓,1
2239,掸,2333,操,1
2239,掸,2658,样,1
2240,掺,640,参,1
2240,掺,2151,拷,1
2240,掺,2216,掊,1
2240,掺,2275,搒,1
2240,掺,2551,杉,1
2240,掺,3189,渗,1
2240,掺,6869,骖,1
2242,掾,2199,换,1
2242,掾,2750,椽,1
2243,揄,6859,骊,1
2244,揆,2178,挫,1
2245,揉,5779,贯,1
2246,揍,2201,捧,1
2246,揍,4186,租,1
2248,描,1940,惜,1
2248,描,2192,捎,1
2248,描,2256,揩,1
2248,描,6010,辚,1
2249,提,2179,振,1
2249,提,2261,援,1
2249,提,5987,较,1
2250,插,1982,慑,1
2250,插,2220,掐,1
2250,插,2234,掮,1
2250,插,2322,播,1
2251,揖,2227,接,1
2251,揖,2761,楫,1
2252,揞,2158,指,1
2252,揞,2220,掐,1
2252,揞,2247,揎,1
2254,握,2202,捩,1
2254,握,2206,捱,1
2254,握,2223,掘,1
2254,握,2229,推,1
2254,握,2271,搋,1
2254,握,2302,摧,1
2254,握,2675,桎,1
2254,握,5905,踬,1
2255,揣,2186,捅,1
2255,揣,2274,搐,1
2255,揣,3596,獐,1
2256,揩,2158,指,1
2256,揩,2255,揣,1
2256,揩,2320,撩,1
2257,揪,2316,撖,1
2257,揪,2766,楸,1
2257,揪,4836,腰,1
2258,揭,2129,拘,1
2258,揭,2186,捅,1
2258,揭,2200,捣,1
2258,揭,2265,揾,1
2258,揭,4270,竭,1
2261,援,1338,媛,1
2261,援,2227,接,1
2261,援,2345,攒,1
2262,揶,2316,撖,1
2262,揶,2747,椰,1
2264,揽,2270,搅,1
2264,揽,2771,榄,1
2265,揾,2277,搔,1
2267,搀,2091,抗,1
2267,搀,2183,挽,1
2268,搁,2121,拍,1
2268,搁,2237,掴,1
2268,搁,3141,润,1
2268,搁,3844,痼,1
2268,搁,4211,稠,1
2269,搂,2106,抹,1
2269,搂,2130,拙,1
2269,搂,2227,接,1
2269,搂,2279,搜,1
2269,搂,2292,摄,1
2269,搂,2768,楼,1
2270,搅,2326,撷,1
2271,搋,2284,搪,1
2273,搏,2116,拇,1
2273,搏,2156,持,1
2273,搏,2308,摽,1
2273,搏,5254,薄,1
2274,搐,2252,揞,1
2274,搐,2255,揣,1
2274,搐,2322,播,1
2275,搒,2284,搪,1
2275,搒,2336,擒,1
2275,搒,2781,榜,1
2276,搓,2091,抗,1
2276,搓,2139,拦,1
2276,搓,2231,措,1
2276,搓,2659,核,1
2279,搜,1103,垸,1
2279,搜,2147,拱,1
2279,搜,4413,粳,1
2280,搞,262,信,1
2280,搞,2125,拓,1
2280,搞,2224,掠,1
2280,搞,2274,搐,1
2280,搞,2300,摘,1
2280,搞,2327,撸,1
2280,搞,2790,槁,1
2282,搡,2225,探,1
2282,搡,2342,擦,1
2283,搦,3246,溺,1
2284,搪,1751,弯,1
2284,搪,2125,拓,1
2284,搪,2178,挫,1
2284,搪,2212,掂,1
2284,搪,2229,推,1
2284,搪,3568,猇,1
2285,搬,2162,挑,1
2285,搬,2339,擞,1
2285,搬,2369,敝,1
2286,搭,1155,塔,1
2286,搭,2289,搽,1
2286,搭,6024,达,1
2287,搴,1453,寨,1
2288,携,2213,掇,1
2288,携,2327,撸,1
2288,携,6135,邪,1
2289,搽,2106,抹,1
2289,搽,2136,拣,1
2289,搽,2156,持,1
2289,搽,2325,撵,1
2289,搽,4221,穄,1
2290,搿,2235,掰,1
2290,搿,3572,猕,1
2290,搿,3721,瓣,1
2291,摁,2249,提,1
2292,摄,2213,掇,1
2292,摄,2322,播,1
2292,摄,2748,椴,1
2292,摄,3265,滠,1
2293,摅,5833,赪,1
2294,摆,2151,拷,1
2294,摆,2277,搔,1
2294,摆,5365,蜇,1
2295,摇,2149,拴,1
2295,摇,2151,拷,1
2295,摇,2152,拼,1
2295,摇,2199,换,1
2295,摇,2296,摈,1
2295,摇,5365,蜇,1
2296,摈,2073,扳,1
2296,摈,2176,挨,1
2296,摈,2228,控,1
2296,摈,2242,掾,1
2296,摈,2269,搂,1
2297,摊,1284,姚,1
2297,摊,1312,娥,1
2297,摊,2182,挺,1
2297,摊,2221,排,1
2297,摊,2229,推,1
2297,摊,6621,雄,1
2297,摊,6625,雉,1
2298,摒,2275,搒,1
2299,摔,1331,婵,1
2299,摔,2101,抨,1
2299,摔,2113,拄,1
2299,摔,2156,持,1
2299,摔,2215,掉,1
2299,摔,2328,撺,1
2299,摔,2658,样,1
2300,摘,2158,指,1
2300,摘,2248,描,1
2300,摘,2280,搞,1
2300,摘,4417,精,1
2301,摞,2214,授,1
2301,摞,2308,摽,1
2302,摧,2212,掂,1
2302,摧,2228,控,1
2302,摧,2271,搋,1
2302,摧,2340,擢,1
2302,摧,2344,攉,1
2303,摩,1697,庤,1
2303,摩,1705,康,1
2303,摩,2165,挛,1
2303,摩,2338,擘,1
2303,摩,3492,牌,1
2303,摩,4113,磨,1
2303,摩,4429,糜,1
2305,摸,1388,孩,1
2305,摸,2248,描,1
2305,摸,2809,模,1
2305,摸,3517,犊,1
2306,摹,1661,幕,1
2306,摹,5180,葺,1
2306,摹,5201,蓁,1
2306,摹,5217,蓦,1
2308,摽,2313,撑,1
2310,撄,2273,搏,1
2310,撄,2813,樱,1
2310,撄,3703,璎,1
2311,撅,2822,橛,1
2311,撅,3598,獗,1
2312,撇,2281,搠,1
2312,撇,2316,撖,1
2313,撑,296,倬,1
2313,撑,2113,拄,1
2313,撑,2156,持,1
2313,撑,2172,挣,1
2313,撑,2174,挥,1
2313,撑,2189,捋,1
2313,撑,2215,掉,1
2313,撑,2317,撙,1
2313,撑,2328,撺,1
2313,撑,2807,樘,1
2314,撒,1177,墩,1
2314,撒,2315,撕,1
2314,撒,2316,撖,1
2314,撒,2372,散,1
2314,撒,2830,檄,1
2315,撕,634,厮,1
2316,撖,2319,撤,1
2317,撙,590,博,1
2317,撙,2815,樽,1
2318,撞,2113,拄,1
2318,撞,2139,拦,1
2318,撞,2157,挂,1
2318,撞,2227,接,1
2318,撞,2808,樟,1
2318,撞,2825,橦,1
2319,撤,2134,拟,1
2319,撤,2283,搦,1
2319,撤,2311,撅,1
2319,撤,2316,撖,1
2319,撤,6009,辙,1
2320,撩,2179,振,1
2320,撩,5122,菘,1
2322,播,2184,捂,1
2322,播,2250,插,1
2322,播,2274,搐,1
2322,播,2295,摇,1
2322,播,2820,橘,1
2322,播,4018,矮,1
2323,撮,2179,振,1
2323,撮,2251,揖,1
2323,撮,2276,搓,1
2324,撰,2244,揆,1
2324,撰,2296,摈,1
2325,撵,2174,挥,1
2325,撵,2201,捧,1
2325,撵,2337,擗,1
2325,撵,3302,潜,1
2325,撵,3336,濞,1
2328,撺,2152,拼,1
2328,撺,2299,摔,1
2329,撼,2269,搂,1
2329,撼,2291,摁,1
2329,撼,3225,溅,1
2331,擂,2143,括,1
2331,擂,2274,搐,1
2331,擂,4442,累,1
2331,擂,4725,肋,1
2332,擅,2118,拉,1
2332,擅,2247,揎,1
2332,擅,2274,搐,1
2333,操,2152,拼,1
2333,操,2157,挂,1
2333,操,2199,换,1
2333,操,2239,掸,1
2333,操,2245,揉,1
2333,操,2259,揲,1
2333,操,2282,搡,1
2333,操,2828,橼,1
2333,操,3323,澡,1
2333,操,3469,燥,1
2334,擎,2217,掌,1
2334,擎,4796,脊,1
2334,擎,5220,蓼,1
2334,擎,5239,蕈,1
2334,擎,6758,颦,1
2334,擎,6874,骛,1
2336,擒,2171,挢,1
2336,擒,2831,檎,1
2338,擘,1364,嬖,1
2338,擘,2155,拿,1
2338,擘,6271,鐾,1
2339,擞,1177,墩,1
2339,擞,2316,撖,1
2339,擞,2742,椒,1
2339,擞,3701,璈,1
2342,擦,2224,掠,1
2342,擦,2308,摽,1
2342,擦,2347,攥,1
2342,擦,2837,檫,1
2343,攀,2755,楚,1
2343,攀,4221,穄,1
2344,攉,2331,擂,1
2344,攉,2340,擢,1
2344,攉,3350,灌,1
2345,攒,2241,掼,1
2345,攒,2264,揽,1
2346,攘,2227,接,1
2346,攘,2261,援,1
2346,攘,2349,攮,1
2346,攘,6885,骧,1
2348,攫,2241,掼,1
2348,攫,2294,摆,1
2348,攫,2310,撄,1
2349,攮,2246,揍,1
2349,攮,3593,猿,1
2350,支,361,克,1
2350,支,644,友,1
2350,支,1721,廴,1
2350,支,4936,艾,1
2351,攴,4936,艾,1
2352,攵,1240,女,1
2352,攵,2356,攻,1
2353,收,676,叹,1
2353,收,1517,屿,1
2353,收,3353,火,1
2353,收,3504,牧,1
2353,收,4749,肷,1
2353,收,5638,诐,1
2353,收,6816,馋,1
2354,攸,118,仅,1
2354,攸,2843,欣,1
2354,攸,4898,舡,1
2355,改,1380,孜,1
2355,改,2362,敌,1
2355,改,2954,汐,1
2355,改,2971,汲,1
2355,改,2973,汶,1
2355,改,3612,玖,1
2355,改,3616,玟,1
2355,改,4460,约,1
2355,改,5603,让,1
2355,改,5618,论,1
2356,攻,1043,坂,1
2356,攻,1380,孜,1
2356,攻,2355,改,1
2356,攻,2357,放,1
2356,攻,2571,杰,1
2356,攻,3623,玫,1
2356,攻,4936,艾,1
2356,攻,6717,项,1
2357,放,1177,墩,1
2357,放,1745,弥,1
2357,放,2359,故,1
2357,放,5620,讽,1
2357,放,5831,赦,1
2357,放,7031,鸡,1
2358,政,645,双,1
2358,政,676,叹,1
2358,政,719,吹,1
2358,政,1380,孜,1
2358,政,2355,改,1
2358,政,2362,敌,1
2358,政,2513,曲,1
2358,政,2887,殴,1
2358,政,4879,致,1
2359,故,1048,坎,1
2359,故,2356,攻,1
2359,故,2843,欣,1
2359,故,4031,砍,1
2360,效,1130,堂,1
2360,效,1257,妖,1
2360,效,2367,教,1
2360,效,2952,汉,1
2360,效,5769,败,1
2361,敉,2369,敝,1
2362,敌,72,乱,1
2362,敌,2366,敖,1
2362,敌,2367,教,1
2362,敌,2368,敛,1
2362,敌,4478,纹,1
2362,敌,6013,辞,1
2363,敏,3893,的,1
2363,敏,5859,趿,1
2363,敏,6788,饭,1
2364,救,2073,扳,1
2364,救,2101,抨,1
2364,救,2358,政,1
2364,救,2362,敌,1
2364,救,2367,教,1
2364,救,2580,极,1
2364,救,4395,籽,1
2364,救,4510,绛,1
2366,敖,2379,敷,1
2366,敖,5263,薮,1
2366,敖,5319,蚣,1
2366,敖,6301,钣,1
2367,教,2357,放,1
2367,教,2364,救,1
2367,教,4159,祾,1
2367,教,5309,蚁,1
2367,教,5831,赦,1
2367,教,5849,趟,1
2368,敛,176,伪,1
2368,敛,5233,蔹,1
2368,敛,5774,贪,1
2369,敝,2359,故,1
2369,敝,2361,敉,1
2369,敝,2589,枚,1
2369,敝,2698,梆,1
2369,敝,3491,版,1
2369,敝,5237,蔽,1
2370,敞,2375,敬,1
2370,敞,2376,数,1
2370,敞,3762,畋,1
2370,敞,6731,颇,1
2371,敢,649,取,1
2371,敢,2372,散,1
2371,敢,3791,疚,1
2371,敢,3804,疯,1
2371,敢,4703,耿,1
2372,散,653,叛,1
2372,散,796,哉,1
2372,散,2357,放,1
2372,散,2367,教,1
2372,散,2376,数,1
2372,散,2843,欣,1
2372,散,2849,欹,1
2372,散,5237,蔽,1
2373,敦,2357,放,1
2373,敦,2374,敫,1
2373,敦,2400,新,1
2373,敦,6173,郭,1
2373,敦,6372,铰,1
2373,敦,6763,飒,1
2374,敫,4704,聂,1
2375,敬,2844,欤,1
2375,敬,2853,歆,1
2375,敬,5070,荧,1
2375,敬,5233,蔹,1
2375,敬,5237,蔽,1
2375,敬,5831,赦,1
2376,数,1298,娄,1
2376,数,1317,娶,1
2376,数,1334,婺,1
2376,数,2362,敌,1
2376,数,2363,敏,1
2376,数,2365,敕,1
2376,数,2366,敖,1
2376,数,2367,教,1
2376,数,2830,檄,1
2376,数,3368,炎,1
2376,数,5263,薮,1
2376,数,6723,顿,1
2377,敲,1644,帝,1
2377,敲,2893,毅,1
2377,敲,4792,能,1
2377,敲,6749,颜,1
2378,整,1178,墼,1
2378,整,2755,楚,1
2378,整,4006,矍,1
2378,整,6263,鋆,1
2379,敷,2226,掣,1
2379,敷,2850,欺,1
2379,敷,4595,缴,1
2379,敷,6676,靴,1
2380,文,47,久,1
2380,文,1372,孓,1
2380,文,2865,歹,1
2380,文,3481,父,1
2380,文,4172,离,1
2381,斋,1730,弃,1
2381,斋,4170,禹,1
2381,斋,4172,离,1
2381,斋,5794,贾,1
2381,斋,6710,音,1
2382,斌,1312,娥,1
2382,斌,4137,祎,1
2382,斌,5528,褂,1
2382,斌,5807,赋,1
2384,斑,3126,涎,1
2384,斑,3651,珽,1
2384,斑,4646,翊,1
2384,斑,5620,讽,1
2384,斑,6721,顽,1
2385,斓,4211,稠,1
2385,斓,5545,襕,1
2386,斗,581,半,1
2386,斗,2052,手,1
2386,斗,2947,汁,1
2386,斗,3498,牛,1
2387,料,2611,柈,1
2389,斜,503,剩,1
2389,斜,4182,科,1
2389,斜,4469,纰,1
2389,斜,4756,胁,1
2389,斜,4894,舛,1
2390,斝,4614,罩,1
2391,斟,2399,斯,1
2392,斡,2713,检,1
2392,斡,5975,轷,1
2392,斡,6696,鞫,1
2393,斤,4,万,1
2393,斤,3786,疒,1
2394,斥,8,下,1
2394,斥,53,乍,1
2394,斥,128,仔,1
2394,斥,390,冂,1
2394,斥,646,反,1
2394,斥,2393,斤,1
2394,斥,4174,禾,1
2394,斥,6771,飞,1
2395,斧,5460,行,1
2396,斩,1254,妍,1
2396,斩,4910,舴,1
2397,斫,4025,矿,1
2397,斫,4070,硚,1
2398,断,445,凼,1
2398,断,1675,幽,1
2398,断,5330,蚵,1
2398,断,5838,赴,1
2398,断,6565,阶,1
2399,斯,541,勘,1
2399,斯,2446,昕,1
2399,斯,5116,菇,1
2400,新,2022,我,1
2400,新,4178,秆,1
2400,新,6728,预,1
2401,方,83,云,1
2401,方,85,亓,1
2401,方,98,产,1
2401,方,1738,弓,1
2401,方,1875,恋,1
2403,施,1742,弛,1
2403,施,2409,旋,1
2403,施,2411,旎,1
2403,施,3008,沲,1
2403,施,4512,绝,1
2403,施,6031,迎,1
2404,旁,103,亭,1
2404,旁,530,劳,1
2404,旁,1768,彦,1
2404,旁,3250,滂,1
2404,旁,5752,豸,1
2405,旃,4918,艄,1
2405,旃,7091,鹧,1
2406,旄,2403,施,1
2406,旄,2410,旌,1
2406,旄,4108,磋,1
2407,旅,233,依,1
2407,旅,2412,族,1
2407,旅,4283,笑,1
2407,旅,4630,羝,1
2407,旅,6018,辫,1
2407,旅,6448,锿,1
2408,旆,5721,谦,1
2409,旋,2403,施,1
2409,旋,2415,旗,1
2409,旋,2846,欲,1
2409,旋,2979,沃,1
2409,旋,3153,淀,1
2409,旋,4712,联,1
2409,旋,6667,靛,1
2411,旎,2669,桅,1
2411,旎,4794,脆,1
2412,族,1142,堠,1
2412,族,2410,旌,1
2412,族,3139,涣,1
2412,族,3584,猫,1
2412,族,5489,袒,1
2412,族,6725,颁,1
2413,旒,2669,桅,1
2413,旒,2709,梳,1
2414,旖,2280,搞,1
2414,旖,3302,潜,1
2415,旗,3324,澥,1
2416,无,83,云,1
2416,无,357,充,1
2416,无,698,君,1
2416,无,1206,天,1
2416,无,4668,老,1
2417,既,3063,洗,1
2417,既,3411,烷,1
2417,既,3635,珉,1
2417,既,3949,眠,1
2417,既,3953,眩,1
2417,既,6557,阢,1
2418,日,67,习,1
2418,日,550,匀,1
2418,日,571,区,1
2418,日,656,口,1
2418,日,1493,层,1
2418,日,2920,民,1
2418,日,2968,汪,1
2418,日,3890,白,1
2419,旦,139,令,1
2419,旦,3740,生,1
2420,旧,2512,曰,1
2420,旧,3814,疽,1
2420,旧,5738,谷,1
2421,旨,597,卣,1
2421,旨,1518,岁,1
2421,旨,3891,百,1
2421,旨,5040,茴,1
2422,早,401,军,1
2422,早,2901,毕,1
2422,早,4941,芊,1
2423,旬,553,匈,1
2423,旬,2896,每,1
2423,旬,4875,自,1
2423,旬,4897,舟,1
2423,旬,5656,询,1
2423,旬,6533,阆,1
2424,旭,2114,担,1
2424,旭,6566,阻,1
2425,旮,3891,百,1
2425,旮,4761,背,1
2425,旮,4796,脊,1
2426,旯,763,咒,1
2426,旯,2464,晃,1
2426,旯,3754,男,1
2427,旰,2431,旷,1
2428,旱,726,呈,1
2428,旱,6273,钅,1
2429,旴,680,吁,1
2429,旴,3756,町,1
2430,时,762,咐,1
2430,时,1114,埘,1
2430,时,1457,对,1
2430,时,2947,汁,1
2431,旷,717,吵,1
2431,旷,2429,旴,1
2431,旷,4733,肝,1
2432,旸,3614,玚,1
2432,旸,3615,玛,1
2432,旸,4735,肠,1
2433,旺,678,叼,1
2433,旺,693,吒,1
2433,旺,3534,狂,1
2433,旺,3958,眶,1
2433,旺,4730,肚,1
2433,旺,6255,野,1
2435,昀,861,啕,1
2435,昀,2429,旴,1
2435,昀,2466,晌,1
2436,昂,753,命,1
2436,昂,6642,需,1
2438,昆,1497,屉,1
2438,昆,1857,思,1
2438,昆,2426,旯,1
2438,昆,2476,晟,1
2438,昆,3358,灵,1
2438,昆,4927,艮,1
2438,昆,5618,论,1
2438,昆,7142,黾,1
2439,昉,523,助,1
2439,昉,2461,昽,1
2439,昉,3762,畋,1
2439,昉,3794,疠,1
2439,昉,4734,肟,1
2439,昉,4788,胶,1
2440,昊,716,吴,1
2440,昊,2428,旱,1
2440,昊,4877,臭,1
2441,昌,674,号,1
2441,昌,736,员,1
2441,昌,1459,寻,1
2441,昌,1723,廷,1
2441,昌,4759,胄,1
2441,昌,7029,鸟,1
2442,明,701,吟,1
2442,明,719,吹,1
2442,明,854,啁,1
2442,明,2433,旺,1
2442,明,2435,昀,1
2442,明,3766,畔,1
2442,明,4642,羽,1
2442,明,6215,酮,1
2442,明,7021,鳚,1
2443,昏,2421,旨,1
2443,昏,4761,背,1
2443,昏,5183,蒈,1
2444,易,659,另,1
2444,易,3754,男,1
2444,易,4171,禺,1
2444,易,5779,贯,1
2445,昔,699,吝,1
2445,昔,870,啬,1
2445,昔,1090,垢,1
2445,昔,1148,堵,1
2445,昔,2441,昌,1
2445,昔,3768,畚,1
2445,昔,4974,芽,1
2445,昔,4979,苈,1
2445,昔,5021,茎,1
2445,昔,5147,萑,1
2445,昔,6710,音,1
2445,昔,6826,首,1
2446,昕,710,听,1
2446,昕,2431,旷,1
2447,昙,2482,景,1
2447,昙,4407,粤,1
2447,昙,7160,鼻,1
2448,昝,4671,者,1
2449,星,376,兰,1
2449,星,1024,圉,1
2449,星,1093,垦,1
2449,星,2462,显,1
2449,星,2476,晟,1
2449,星,3343,瀑,1
2449,星,3895,皇,1
2449,星,4878,至,1
2449,星,6256,量,1
2449,星,7107,麈,1
2450,映,732,呔,1
2450,映,834,唑,1
2450,映,2452,昧,1
2450,映,3536,狄,1
2450,映,4738,肤,1
2450,映,5685,谀,1
2450,映,5898,踝,1
2451,春,640,参,1
2451,春,2501,暮,1
2451,春,2898,毒,1
2451,春,3944,看,1
2451,春,4671,者,1
2451,春,4699,耷,1
2452,昧,2430,时,1
2452,昧,2875,殊,1
2452,昧,3766,畔,1
2452,昧,4002,瞵,1
2452,昧,4802,脒,1
2452,昧,5347,蛛,1
2453,昨,841,唤,1
2453,昨,1523,岐,1
2454,昭,688,名,1
2454,昭,5513,裙,1
2455,是,674,号,1
2455,是,2437,昃,1
2455,是,2518,曼,1
2455,是,3215,湜,1
2455,是,3897,皋,1
2455,是,5836,走,1
2455,是,5852,足,1
2456,昱,2449,星,1
2456,昱,2462,显,1
2458,昵,3954,眬,1
2458,昵,3962,眼,1
2458,昵,4824,腒,1
2459,昶,5489,袒,1
2460,昼,6963,鲞,1
2461,昽,767,咙,1
2461,昽,2469,晓,1
2461,昽,3640,珑,1
2461,昽,3941,眈,1
2461,昽,4775,胧,1
2462,显,15,且,1
2462,显,790,品,1
2462,显,2426,旯,1
2462,显,2449,星,1
2462,显,2456,昱,1
2462,显,2572,杲,1
2462,显,3197,温,1
2462,显,5852,足,1
2463,晁,358,兆,1
2463,晁,2464,晃,1
2464,晃,356,兄,1
2464,晃,2434,旻,1
2464,晃,3765,畏,1
2464,晃,4619,罴,1
2464,晃,5575,觥,1
2465,晋,2451,春,1
2465,晋,4616,置,1
2465,晋,4747,育,1
2465,晋,6663,青,1
2465,晋,6710,音,1
2466,晌,813,哟,1
2466,晌,1534,岣,1
2466,晌,1873,恂,1
2466,晌,2442,明,1
2466,晌,3381,炯,1
2466,晌,3543,狗,1
2466,晌,6403,锏,1
2467,晏,2518,曼,1
2467,晏,3754,男,1
2468,晒,798,响,1
2468,晒,1055,坜,1
2468,晒,3958,眶,1
2469,晓,719,吹,1
2469,晓,2474,晚,1
2469,晓,4784,胱,1
2471,晕,586,卓,1
2471,晕,1428,宰,1
2471,晕,2217,掌,1
2471,晕,3981,睾,1
2471,晕,6711,韵,1
2472,晖,3750,由,1
2472,晖,3960,眸,1
2473,晗,795,哈,1
2474,晚,2183,挽,1
2474,晚,2450,映,1
2474,晚,4812,脱,1
2476,晟,4792,能,1
2477,晡,5989,辅,1
2478,晤,2454,昭,1
2478,晤,2497,暗,1
2478,晤,3953,眩,1
2478,晤,3988,瞎,1
2479,晦,930,嗨,1
2479,晦,1910,悔,1
2479,晦,2435,昀,1
2479,晦,2466,晌,1
2479,晦,3118,海,1
2479,晦,4790,胺,1
2479,晦,5795,贿,1
2480,晨,1433,宸,1
2480,晨,2335,擐,1
2481,普,3902,皙,1
2481,普,3963,着,1
2481,普,4363,篝,1
2482,景,725,呆,1
2482,景,2495,暑,1
2482,景,2572,杲,1
2482,景,2590,果,1
2482,景,2895,母,1
2482,景,3373,炙,1
2482,景,3754,男,1
2484,晳,2763,楯,1
2485,晴,961,嘴,1
2485,晴,2478,晤,1
2485,晴,2497,暗,1
2485,晴,3777,畸,1
2486,晶,848,唱,1
2486,晶,6670,靡,1
2487,晷,2495,暑,1
2488,智,700,吞,1
2488,智,1752,弱,1
2488,智,2490,暂,1
2488,智,3932,盲,1
2488,智,3983,瞀,1
2488,智,5511,裕,1
2488,智,5825,赟,1
2489,晾,35,串,1
2489,晾,825,哼,1
2489,晾,2439,昉,1
2489,晾,4805,脖,1
2489,晾,7031,鸡,1
2490,暂,1138,堑,1
2490,暂,1324,婚,1
2490,暂,2156,持,1
2490,暂,3983,瞀,1
2490,暂,5790,贺,1
2490,暂,7095,鹫,1
2492,暅,1878,恒,1
2493,暇,859,啊,1
2493,暇,863,啜,1
2493,暇,3682,瑕,1
2493,暇,4820,腋,1
2495,暑,3897,皋,1
2496,暖,2214,授,1
2496,暖,3774,畯,1
2496,暖,4838,腴,1
2497,暗,851,唼,1
2497,暗,914,嗌,1
2497,暗,1327,婧,1
2497,暗,3966,睇,1
2498,暝,3989,瞑,1
2501,暮,898,喜,1
2501,暮,1132,堇,1
2501,暮,5167,葛,1
2501,暮,5205,蓉,1
2501,暮,6940,鲁,1
2502,暴,1892,恭,1
2502,暴,2495,暑,1
2502,暴,4301,笺,1
2502,暴,4442,累,1
2503,暹,6081,逞,1
2503,暹,6087,逭,1
2505,曈,2491,暄,1
2506,曙,2294,摆,1
2506,曙,5812,赐,1
2507,曛,852,唾,1
2507,曛,5421,螣,1
2508,曜,994,嚯,1
2512,曰,550,匀,1
2512,曰,999,囗,1
2512,曰,1001,四,1
2512,曰,2462,显,1
2512,曰,3929,目,1
2512,曰,6505,闩,1
2513,曲,1260,妞,1
2513,曲,1810,必,1
2513,曲,3011,油,1
2513,曲,3750,由,1
2513,曲,3753,电,1
2514,曳,69,书,1
2514,曳,1888,恩,1
2515,更,670,史,1
2515,更,690,吏,1
2515,更,1263,妥,1
2515,更,2628,柬,1
2515,更,3782,疋,1
2515,更,6022,边,1
2516,曷,3202,渴,1
2516,曷,5167,葛,1
2517,曹,3283,漕,1
2517,曹,5023,茑,1
2517,曹,5266,薷,1
2517,曹,5957,軎,1
2517,曹,6113,遭,1
2518,曼,1195,夏,1
2518,曼,1387,学,1
2518,曼,3119,浸,1
2518,曼,3288,漫,1
2518,曼,4622,罾,1
2519,曾,833,唐,1
2519,曾,2481,普,1
2519,曾,7121,黉,1
2520,替,2751,椿,1
2520,替,4417,精,1
2520,替,4672,耆,1
2520,替,4761,背,1
2520,替,4864,臀,1
2520,替,5409,蝽,1
2521,最,60,乖,1
2521,最,1775,影,1
2521,最,2371,敢,1
2521,最,4393,类,1
2521,最,4616,置,1
2522,月,393,冉,1
2522,月,658,句,1
2522,月,667,可,1
2522,月,2512,曰,1
2522,月,3742,用,1
2523,有,1223,奇,1
2523,有,1226,奋,1
2523,有,4994,苜,1
2524,朊,4726,肌,1
2524,朊,4868,臆,1
2525,朋,2466,晌,1
2525,朋,4735,肠,1
2525,朋,4825,腓,1
2525,朋,6303,钥,1
2525,朋,6551,阙,1
2525,朋,6563,阴,1
2526,服,2890,殿,1
2526,服,3962,眼,1
2526,服,5773,贩,1
2527,朐,4771,胞,1
2528,朔,531,劾,1
2528,朔,3727,瓶,1
2528,朔,4649,翔,1
2528,朔,6303,钥,1
2528,朔,6563,阴,1
2528,朔,6737,颍,1
2529,朕,4712,联,1
2530,朗,469,刨,1
2530,朗,4646,翊,1
2530,朗,5344,蛔,1
2530,朗,6303,钥,1
2530,朗,6343,铎,1
2531,望,2968,汪,1
2531,望,3122,涅,1
2532,朝,3308,潮,1
2532,朝,6562,阳,1
2532,朝,6703,韧,1
2534,朦,2499,暧,1
2534,朦,4852,膘,1
2534,朦,4865,臁,1
2534,朦,4926,艨,1
2534,朦,5448,蠓,1
2534,朦,5745,豚,1
2535,木,1208,夫,1
2535,木,2053,扌,1
2535,木,2537,末,1
2535,木,2942,水,1
2535,木,4128,礻,1
2535,木,6702,韦,1
2536,未,34,丰,1
2536,未,1206,天,1
2536,未,2535,木,1
2536,未,2538,本,1
2536,未,2547,杂,1
2536,未,4391,米,1
2536,未,6702,韦,1
2537,末,444,击,1
2537,末,1405,宋,1
2537,末,1681,床,1
2537,末,2561,束,1
2537,末,2564,来,1
2537,末,3004,沫,1
2537,末,4677,耒,1
2538,本,1628,布,1
2538,本,2394,斥,1
2538,本,2564,来,1
2538,本,2948,求,1
2538,本,4674,而,1
2539,札,2542,朴,1
2539,札,2544,机,1
2539,札,2668,桄,1
2540,术,595,卡,1
2540,术,3524,犬,1
2540,术,3529,状,1
2540,术,4174,禾,1
2541,朱,1198,外,1
2541,朱,1474,尜,1
2541,朱,2536,未,1
2541,朱,3498,牛,1
2541,朱,6702,韦,1
2542,朴,2549,杆,1
2542,朴,2556,村,1
2542,朴,4185,秘,1
2542,朴,5962,轪,1
2543,朵,1410,宗,1
2543,朵,2541,朱,1
2543,朵,2572,杲,1
2543,朵,4597,缶,1
2544,机,2596,枧,1
2544,机,2599,枫,1
2545,朽,2577,杼,1
2545,朽,2583,枉,1
2545,朽,2604,枵,1
2545,朽,2610,柄,1
2545,朽,2618,柘,1
2545,朽,2815,樽,1
2545,朽,4403,粝,1
2546,杀,123,介,1
2546,杀,1218,夺,1
2546,杀,2052,手,1
2546,杀,2543,朵,1
2546,杀,2547,杂,1
2546,杀,2564,来,1
2546,杀,4624,羊,1
2546,杀,5958,车,1
2546,杀,6250,采,1
2546,杀,6503,长,1
2547,杂,22,东,1
2547,杂,28,丧,1
2547,杂,516,办,1
2547,杂,725,呆,1
2547,杂,2543,朵,1
2547,杂,2546,杀,1
2547,杂,5785,贵,1
2547,杂,5958,车,1
2548,权,649,取,1
2548,权,2560,杞,1
2548,权,2562,杠,1
2548,权,2589,枚,1
2548,权,2603,枳,1
2548,权,6158,郏,1
2549,杆,1243,奸,1
2549,杆,2619,柙,1
2549,杆,4178,秆,1
2549,杆,5288,虍,1
2549,杆,6134,邦,1
2550,杈,2059,扔,1
2551,杉,1772,彬,1
2551,杉,2058,打,1
2551,杉,2082,抄,1
2551,杉,2086,抒,1
2551,杉,2542,朴,1
2551,杉,2545,朽,1
2551,杉,2591,枝,1
2551,杉,5472,衫,1
2552,杌,1827,忧,1
2552,杌,2569,杭,1
2553,李,34,丰,1
2553,李,1218,夺,1
2553,李,1223,奇,1
2553,李,2554,杏,1
2554,杏,478,券,1
2554,杏,727,告,1
2554,杏,2553,李,1
2554,杏,2571,杰,1
2554,杏,2626,查,1
2554,杏,3627,玲,1
2554,杏,4393,类,1
2554,杏,4836,腰,1
2554,杏,5105,莶,1
2554,杏,6663,青,1
2554,杏,6829,香,1
2555,材,2570,杯,1
2555,材,2581,构,1
2555,材,2587,林,1
2555,材,2599,枫,1
2555,材,5766,财,1
2556,村,1462,封,1
2557,杓,2588,枘,1
2557,杓,2647,栒,1
2558,杖,131,仗,1
2558,杖,2074,扶,1
2558,杖,2083,抉,1
2558,杖,2361,敉,1
2558,杖,2548,权,1
2559,杜,2061,扛,1
2559,杜,2558,杖,1
2559,杜,2583,枉,1
2559,杜,4130,社,1
2560,杞,648,叔,1
2560,杞,2539,札,1
2560,杞,2598,枪,1
2561,束,34,丰,1
2561,束,651,变,1
2561,束,1405,宋,1
2561,束,2553,李,1
2561,束,2573,杳,1
2561,束,4696,耳,1
2561,束,5163,葖,1
2561,束,6614,隶,1
2562,杠,2062,扣,1
2562,杠,2063,扦,1
2562,杠,2207,捶,1
2562,杠,2539,札,1
2562,杠,2544,机,1
2562,杠,2559,杜,1
2562,杠,2631,柱,1
2562,杠,5601,讧,1
2563,条,105,亲,1
2563,条,199,余,1
2563,条,408,冬,1
2563,条,682,各,1
2563,条,725,呆,1
2563,条,1469,尔,1
2563,条,2543,朵,1
2563,条,2546,杀,1
2563,条,5042,茶,1
2564,来,1298,娄,1
2564,来,2053,扌,1
2564,来,2537,末,1
2564,来,2541,朱,1
2564,来,2613,某,1
2564,来,4439,索,1
2564,来,5101,莱,1
2564,来,6250,采,1
2565,杧,847,唰,1
2565,杧,1822,忙,1
2565,杧,2569,杭,1
2565,杧,2583,枉,1
2565,杧,2608,柁,1
2565,杧,2659,核,1
2566,杨,2125,拓,1
2566,杨,2129,拘,1
2566,杨,2557,杓,1
2566,杨,2567,杩,1
2566,杨,2607,枸,1
2566,杨,2618,柘,1
2566,杨,2675,桎,1
2566,杨,3934,相,1
2566,杨,4148,祢,1
2567,杩,2175,挦,1
2567,杩,2629,柯,1
2567,杩,3531,犸,1
2567,杩,5310,蚂,1
2568,杪,2082,抄,1
2569,杭,2103,抬,1
2569,杭,2570,杯,1
2569,杭,2578,松,1
2569,杭,2584,枋,1
2569,杭,2668,桄,1
2569,杭,2690,桩,1
2569,杭,3622,玩,1
2570,杯,1049,坏,1
2570,杯,2578,松,1
2570,杯,2587,林,1
2570,杯,2655,株,1
2570,杯,3538,狉,1
2570,杯,4190,秧,1
2570,杯,4194,积,1
2571,杰,1529,岙,1
2571,杰,4175,秀,1
2571,杰,4177,秃,1
2571,杰,5297,虫,1
2571,杰,5836,走,1
2571,杰,6702,韦,1
2573,杳,2554,杏,1
2573,杳,6829,香,1
2574,杵,2549,杆,1
2574,杵,2585,析,1
2574,杵,2602,枰,1
2575,杷,2608,柁,1
2576,杻,2696,梃,1
2577,杼,1377,孙,1
2577,杼,2700,梓,1
2578,松,114,仁,1
2578,松,2134,拟,1
2578,松,2559,杜,1
2578,松,2609,柃,1
2578,松,2612,柏,1
2578,松,2652,栟,1
2579,板,653,叛,1
2579,板,2222,掖,1
2579,板,2580,极,1
2579,板,2585,析,1
2579,板,2592,枞,1
2579,板,2622,柝,1
2579,板,2653,校,1
2579,板,5773,贩,1
2579,板,6714,顶,1
2579,板,6720,顼,1
2580,极,822,哲,1
2580,极,2548,权,1
2580,极,2570,杯,1
2580,极,2587,林,1
2580,极,2592,枞,1
2580,极,2603,枳,1
2580,极,2638,标,1
2581,构,1873,恂,1
2581,构,2598,枪,1
2581,构,2661,格,1
2581,构,2697,梅,1
2581,构,3505,物,1
2581,构,4724,肉,1
2582,枇,2623,柞,1
2582,枇,2667,桃,1
2583,枉,2060,托,1
2583,枉,2132,招,1
2583,枉,2166,挝,1
2583,枉,2549,杆,1
2583,枉,2560,杞,1
2583,枉,2675,桎,1
2583,枉,2696,梃,1
2583,枉,5840,赶,1
2584,枋,2555,材,1
2584,枋,2601,枯,1
2584,枋,2624,柠,1
2584,枋,2684,档,1
2585,析,1835,忻,1
2585,析,2063,扦,1
2585,析,2087,抓,1
2585,析,2624,柠,1
2585,析,2643,栌,1
2586,枕,2135,拢,1
2586,枕,2153,拽,1
2586,枕,2582,枇,1
2586,枕,5556,规,1
2587,林,1740,弗,1
2587,林,2086,抒,1
2587,林,2090,抖,1
2587,林,2556,村,1
2587,林,4187,秣,1
2588,枘,2109,抽,1
2588,枘,2557,杓,1
2589,枚,2134,拟,1
2589,枚,2361,敉,1
2589,枚,2557,杓,1
2589,枚,2661,格,1
2589,枚,3504,牧,1
2590,果,71,买,1
2590,果,1500,屎,1
2590,果,4171,禺,1
2590,果,4412,粲,1
2590,果,6253,里,1
2590,果,6614,隶,1
2591,枝,1831,忮,1
2591,枝,2559,杜,1
2591,枝,2589,枚,1
2591,枝,4737,肢,1
2592,枞,2579,板,1
2592,枞,4703,耿,1
2593,枢,423,凇,1
2593,枢,2084,把,1
2593,枢,2579,板,1
2593,枢,2621,柜,1
2593,枢,2681,桠,1
2593,枢,6240,醢,1
2594,枣,6638,零,1
2595,枥,2610,柄,1
2596,枧,2586,枕,1
2597,枨,2657,栳,1
2597,枨,2699,梏,1
2597,枨,4191,秩,1
2598,枪,2127,拖,1
2598,枪,2403,施,1
2598,枪,2608,柁,1
2598,枪,2621,柜,1
2598,枪,2683,桢,1
2598,枪,4207,稔,1
2598,枪,4931,艳,1
2599,枫,2579,板,1
2599,枫,2672,桉,1
2599,枫,2788,榷,1
2599,枫,5556,规,1
2601,枯,1442,寇,1
2601,枯,2143,括,1
2601,枯,2559,杜,1
2601,枯,2618,柘,1
2601,枯,2666,桂,1
2601,枯,2704,梧,1
2602,枰,2549,杆,1
2602,枰,2611,柈,1
2602,枰,2658,样,1
2603,枳,2599,枫,1
2603,枳,2711,梽,1
2603,枳,6567,阼,1
2604,枵,2603,枳,1
2604,枵,2704,梧,1
2605,架,3571,猓,1
2605,架,6623,集,1
2606,枷,2555,材,1
2607,枸,2129,拘,1
2607,枸,2612,柏,1
2607,枸,2647,栒,1
2608,柁,2163,挖,1
2608,柁,2672,桉,1
2609,柃,2713,检,1
2610,柄,2059,扔,1
2610,柄,2618,柘,1
2610,柄,2635,柿,1
2610,柄,2742,椒,1
2611,柈,5493,袢,1
2612,柏,1637,帕,1
2612,柏,2062,扣,1
2612,柏,2121,拍,1
2612,柏,2579,板,1
2612,柏,2595,枥,1
2612,柏,2598,枪,1
2612,柏,2621,柜,1
2612,柏,2676,桐,1
2612,柏,2738,植,1
2612,柏,3511,牺,1
2612,柏,3632,珀,1
2612,柏,4399,粕,1
2613,某,2564,来,1
2613,某,4293,笨,1
2613,某,5002,苦,1
2613,某,5019,茉,1
2613,某,5038,茱,1
2613,某,5101,莱,1
2613,某,5123,菜,1
2614,柑,2116,拇,1
2614,柑,2121,拍,1
2614,柑,2603,枳,1
2614,柑,2620,柚,1
2614,柑,2666,桂,1
2614,柑,2685,桤,1
2615,柒,2543,朵,1
2615,柒,3068,洣,1
2615,柒,3192,渠,1
2615,柒,4275,竿,1
2615,柒,5645,诗,1
2616,染,1544,岽,1
2616,染,2541,朱,1
2616,染,2543,朵,1
2616,染,3134,涞,1
2616,染,3894,皆,1
2617,柔,61,乘,1
2617,柔,725,呆,1
2617,柔,2467,晏,1
2617,柔,2650,栗,1
2617,柔,4437,紊,1
2618,柘,2713,检,1
2620,柚,2582,枇,1
2620,柚,2649,栖,1
2621,柜,278,倌,1
2621,柜,2560,杞,1
2621,柜,2593,枢,1
2621,柜,2608,柁,1
2621,柜,3378,炬,1
2622,柝,2115,拆,1
2622,柝,2579,板,1
2622,柝,2585,析,1
2624,柠,430,凝,1
2624,柠,2684,档,1
2624,柠,2720,棕,1
2624,柠,3546,狞,1
2625,柢,2076,扺,1
2625,柢,2105,抵,1
2625,柢,2709,梳,1
2626,查,1226,奋,1
2626,查,3916,盎,1
2626,查,4294,笪,1
2628,柬,490,剌,1
2628,柬,4097,碱,1
2629,柯,2545,朽,1
2629,柯,2607,枸,1
2629,柯,2619,柙,1
2629,柯,2649,栖,1
2629,柯,3381,炯,1
2629,柯,4197,移,1
2630,柰,2553,李,1
2631,柱,2118,拉,1
2631,柱,2188,捉,1
2631,柱,2589,枚,1
2631,柱,2648,栓,1
2631,柱,2739,椎,1
2632,柳,2566,杨,1
2632,柳,2585,析,1
2633,柴,1147,堲,1
2633,柴,2616,染,1
2633,柴,2650,栗,1
2633,柴,4412,粲,1
2634,柽,1871,怿,1
2634,柽,2142,择,1
2635,柿,2112,拃,1
2635,柿,2584,枋,1
2635,柿,2602,枰,1
2635,柿,2632,柳,1
2635,柿,2638,标,1
2635,柿,2707,梯,1
2636,栀,1909,悒,1
2637,栅,2722,棚,1
2637,栅,3636,珊,1
2638,标,2570,杯,1
2638,标,2622,柝,1
2638,标,2707,梯,1
2638,标,2737,椋,1
2638,标,3545,狝,1
2638,标,4187,秣,1
2638,标,4395,籽,1
2639,栈,1868,怵,1
2639,栈,2144,拭,1
2639,栈,2578,松,1
2639,栈,2672,桉,1
2639,栈,2679,桔,1
2640,栉,2577,杼,1
2642,栋,2712,梾,1
2643,栌,2099,护,1
2644,栎,2625,柢,1
2644,栎,2642,栋,1
2644,栎,5977,轹,1
2645,栏,34,丰,1
2645,栏,2648,栓,1
2645,栏,3392,烂,1
2645,栏,3955,眭,1
2645,栏,6138,邯,1
2646,树,2119,拊,1
2646,树,2555,材,1
2646,树,2556,村,1
2647,栒,2607,枸,1
2647,栒,2676,桐,1
2647,栒,3543,狗,1
2648,栓,1569,崔,1
2648,栓,1862,性,1
2648,栓,2118,拉,1
2648,栓,2631,柱,1
2648,栓,2645,栏,1
2648,栓,2685,桤,1
2649,栖,2127,拖,1
2649,栖,2194,捐,1
2649,栖,2223,掘,1
2649,栖,2612,柏,1
2649,栖,2620,柚,1
2650,栗,2465,晋,1
2650,栗,2515,更,1
2650,栗,2671,案,1
2650,栗,5163,葖,1
2651,栝,2058,打,1
2651,栝,2644,栎,1
2651,栝,2699,梏,1
2651,栝,2740,椐,1
2651,栝,3578,猞,1
2653,校,34,丰,1
2653,校,1913,悛,1
2653,校,2126,拔,1
2653,校,2222,掖,1
2653,校,2589,枚,1
2653,校,2729,棱,1
2653,校,3548,狡,1
2653,校,5817,赖,1
2653,校,6259,鉴,1
2654,栩,2722,棚,1
2655,株,2106,抹,1
2655,株,2559,杜,1
2655,株,2574,杵,1
2655,株,2587,林,1
2655,株,2730,棵,1
2655,株,3570,猎,1
2655,株,5974,轶,1
2656,栲,2151,拷,1
2656,栲,2604,枵,1
2656,栲,2657,栳,1
2656,栲,2793,槎,1
2657,栳,2169,挠,1
2657,栳,2656,栲,1
2658,样,2101,抨,1
2658,样,2172,挣,1
2658,样,2299,摔,1
2658,样,2602,枰,1
2658,样,2700,梓,1
2658,样,2793,槎,1
2659,核,1388,孩,1
2659,核,2631,柱,1
2659,核,2661,格,1
2659,核,2682,桡,1
2659,核,2688,桧,1
2659,核,2704,梧,1
2659,核,5789,费,1
2660,根,608,却,1
2660,根,1887,恨,1
2660,根,2100,报,1
2660,根,2110,抿,1
2660,根,2132,招,1
2660,根,2593,枢,1
2660,根,2732,棺,1
2660,根,2770,概,1
2660,根,4201,稂,1
2660,根,4410,粮,1
2661,格,2154,拾,1
2661,格,2623,柞,1
2661,格,2645,栏,1
2661,格,2651,栝,1
2661,格,2684,档,1
2661,格,3512,牾,1
2661,格,3865,瘩,1
2661,格,4063,硌,1
2661,格,4395,籽,1
2662,栽,2022,我,1
2662,栽,5502,裁,1
2663,栾,2705,梨,1
2664,桀,1793,徒,1
2664,桀,4402,粜,1
2665,桁,2483,晰,1
2665,桁,2622,柝,1
2666,桂,1092,垤,1
2666,桂,2113,拄,1
2666,桂,2169,挠,1
2666,桂,2559,杜,1
2666,桂,2583,枉,1
2666,桂,2631,柱,1
2666,桂,2645,栏,1
2666,桂,2668,桄,1
2666,桂,2749,椹,1
2666,桂,2807,樘,1
2667,桃,2766,楸,1
2667,桃,5140,萄,1
2668,桄,2683,桢,1
2669,桅,2077,扼,1
2670,框,1726,廿,1
2670,框,2206,捱,1
2670,框,2593,枢,1
2670,框,2739,椎,1
2670,框,2792,槌,1
2670,框,4410,粮,1
2671,案,105,亲,1
2671,案,401,军,1
2671,案,615,厂,1
2671,案,1405,宋,1
2671,案,1436,宾,1
2671,案,1449,察,1
2671,案,1544,岽,1
2671,案,2834,檗,1
2671,案,4250,窠,1
2672,桉,2160,按,1
2672,桉,2785,榭,1
2673,桊,2148,拳,1
2673,桊,4189,秦,1
2674,桌,102,京,1
2674,桌,2590,果,1
2676,桐,2119,拊,1
2676,桐,2129,拘,1
2676,桐,2138,拥,1
2676,桐,2237,掴,1
2676,桐,2647,栒,1
2676,桐,2774,榈,1
2676,桐,3381,炯,1
2676,桐,3934,相,1
2676,桐,5947,躏,1
2677,桑,2617,柔,1
2677,桑,3522,犟,1
2678,桓,1091,垣,1
2678,桓,1270,妲,1
2678,桓,2146,拯,1
2678,桓,2612,柏,1
2678,桓,2688,桧,1
2678,桓,3814,疽,1
2678,桓,6744,颗,1
2679,桔,1867,怯,1
2679,桔,2169,挠,1
2679,桔,2567,杩,1
2679,桔,2601,枯,1
2679,桔,2700,梓,1
2680,桕,1852,怕,1
2680,桕,2565,杧,1
2681,桠,3534,狂,1
2682,桡,2718,棍,1
2683,桢,2659,核,1
2684,档,179,估,1
2684,档,2631,柱,1
2684,档,2685,桤,1
2684,档,2702,梢,1
2684,档,2704,梧,1
2685,桤,2645,栏,1
2685,桤,2657,栳,1
2686,桥,1301,娇,1
2686,桥,1835,忻,1
2686,桥,2183,挽,1
2686,桥,2224,掠,1
2686,桥,2225,探,1
2686,桥,2651,栝,1
2686,桥,2655,株,1
2687,桦,2299,摔,1
2687,桦,2712,梾,1
2687,桦,3405,烨,1
2688,桧,240,侩,1
2688,桧,2648,栓,1
2689,桨,1850,怒,1
2689,桨,5992,辈,1
2690,桩,2113,拄,1
2690,桩,2204,据,1
2690,桩,2569,杭,1
2690,桩,2578,松,1
2690,桩,2623,柞,1
2690,桩,2643,栌,1
2691,桫,2582,枇,1
2692,桴,2815,樽,1
2693,桶,1106,埇,1
2693,桶,2068,扬,1
2693,桶,2280,搞,1
2693,桶,2649,栖,1
2693,桶,2810,樨,1
2693,桶,2820,橘,1
2695,梁,2590,果,1
2695,梁,2616,染,1
2695,梁,3270,滦,1
2695,梁,3407,烫,1
2695,梁,6253,里,1
2696,梃,2182,挺,1
2697,梅,243,侮,1
2697,梅,2172,挣,1
2697,梅,2578,松,1
2697,梅,2672,桉,1
2697,梅,2675,桎,1
2697,梅,2713,检,1
2697,梅,2731,棹,1
2697,梅,5089,莓,1
2698,梆,2094,抛,1
2698,梆,2619,柙,1
2698,梆,2687,桦,1
2698,梆,2777,榔,1
2698,梆,6175,郴,1
2698,梆,6185,鄞,1
2699,梏,2604,枵,1
2699,梏,2668,桄,1
2699,梏,2679,桔,1
2700,梓,2602,枰,1
2700,梓,2731,棹,1
2701,梗,1878,恒,1
2701,梗,2208,捷,1
2701,梗,2595,枥,1
2701,梗,2670,框,1
2701,梗,2672,桉,1
2702,梢,1905,悄,1
2702,梢,2248,描,1
2702,梢,6690,鞘,1
2703,梦,698,君,1
2703,梦,1995,憖,1
2703,梦,2734,棼,1
2703,梦,2755,楚,1
2703,梦,5824,赞,1
2704,梧,1915,悟,1
2704,梧,2207,捶,1
2704,梧,2216,掊,1
2704,梧,2294,摆,1
2704,梧,2657,栳,1
2704,梧,2661,格,1
2704,梧,2684,档,1
2704,梧,2732,棺,1
2704,梧,2768,楼,1
2705,梨,2165,挛,1
2705,梨,3500,牟,1
2705,梨,3515,犁,1
2706,梭,2214,授,1
2706,梭,2240,掺,1
2706,梭,2685,桤,1
2707,梯,1311,娣,1
2707,梯,2186,捅,1
2707,梯,2658,样,1
2707,梯,2728,棰,1
2707,梯,2736,椅,1
2707,梯,2768,楼,1
2708,械,611,卸,1
2708,械,1108,城,1
2708,械,2816,樾,1
2709,梳,2087,抓,1
2709,梳,2163,挖,1
2709,梳,2271,搋,1
2709,梳,2659,核,1
2709,梳,2711,梽,1
2710,梵,2768,楼,1
2711,梽,2749,椹,1
2711,梽,4424,糍,1
2712,梾,2655,株,1
2712,梾,2721,棘,1
2712,梾,2756,楝,1
2712,梾,5355,蛱,1
2713,检,1077,垅,1
2713,检,2118,拉,1
2713,检,2216,掊,1
2713,检,2551,杉,1
2713,检,2609,柃,1
2713,检,2628,柬,1
2713,检,4207,稔,1
2713,检,4508,给,1
2714,棁,1919,悦,1
2714,棁,2183,挽,1
2714,棁,2682,桡,1
2714,棁,2709,梳,1
2714,棁,4206,税,1
2715,棂,2660,根,1
2716,棉,1642,帛,1
2716,棉,2635,柿,1
2716,棉,2741,椑,1
2716,棉,2778,榕,1
2716,棉,4317,筛,1
2717,棋,2168,挟,1
2717,棋,2249,提,1
2717,棋,2749,椹,1
2717,棋,2809,模,1
2717,棋,4215,稹,1
2718,棍,2335,擐,1
2718,棍,2597,枨,1
2718,棍,3425,焜,1
2719,棒,2764,楱,1
2719,棒,2808,樟,1
2719,棒,3669,琫,1
2720,棕,2692,桴,1
2720,棕,2781,榜,1
2720,棕,5369,蜍,1
2720,棕,5996,辌,1
2721,棘,2825,橦,1
2722,棚,2637,栅,1
2723,棠,1130,堂,1
2723,棠,1381,孝,1
2723,棠,2617,柔,1
2723,棠,3497,牚,1
2723,棠,5123,菜,1
2724,棣,1121,埭,1
2724,棣,2730,棵,1
2725,棨,3089,浆,1
2725,棨,4412,粲,1
2725,棨,4856,膝,1
2725,棨,5042,茶,1
2727,森,6668,非,1
2729,棱,1973,愤,1
2729,棱,2227,接,1
2729,棱,2305,摸,1
2729,棱,2591,枝,1
2729,棱,2692,桴,1
2729,棱,2726,棬,1
2729,棱,2757,楞,1
2729,棱,2796,槚,1
2730,棵,2069,扭,1
2730,棵,2301,摞,1
2730,棵,2619,柙,1
2730,棵,2655,株,1
2730,棵,3167,淠,1
2731,棹,2215,掉,1
2731,棹,3427,焯,1
2732,棺,2648,栓,1
2732,棺,2714,棁,1
2732,棺,2739,椎,1
2732,棺,2760,楦,1
2732,棺,2781,榜,1
2733,棻,3046,泵,1
2733,棻,5123,菜,1
2736,椅,2156,持,1
2736,椅,2684,档,1
2737,椋,1934,惊,1
2737,椋,2224,掠,1
2737,椋,2638,标,1
2737,椋,2720,棕,1
2737,椋,2823,橡,1
2738,植,1091,垣,1
2738,植,1123,埴,1
2738,植,2203,捭,1
2738,植,2263,揸,1
2738,植,2746,椭,1
2738,植,4369,篮,1
2738,植,4533,绳,1
2739,椎,1942,惟,1
2739,椎,2592,枞,1
2739,椎,2631,柱,1
2739,椎,2738,植,1
2739,椎,4681,耗,1
2739,椎,6621,雄,1
2740,椐,2651,栝,1
2741,椑,2716,棉,1
2742,椒,274,俶,1
2742,椒,2817,橄,1
2743,椟,2753,楔,1
2743,椟,2756,楝,1
2743,椟,3517,犊,1
2744,椠,1138,堑,1
2744,椠,4179,秉,1
2745,椤,2757,楞,1
2746,椭,589,南,1
2746,椭,2738,植,1
2746,椭,2763,楯,1
2747,椰,819,哪,1
2747,椰,2629,柯,1
2747,椰,2632,柳,1
2747,椰,2746,椭,1
2747,椰,2748,椴,1
2747,椰,2822,橛,1
2747,椰,6175,郴,1
2748,椴,2285,搬,1
2748,椴,2826,橱,1
2750,椽,2818,橇,1
2750,椽,2823,橡,1
2750,椽,4217,稼,1
2751,椿,2201,捧,1
2751,椿,2656,栲,1
2751,椿,2761,楫,1
2751,椿,4417,精,1
2753,楔,4164,禊,1
2754,楗,2696,梃,1
2754,楗,3519,犍,1
2755,楚,1762,彗,1
2755,楚,3424,焚,1
2755,楚,3677,琶,1
2755,楚,5102,莲,1
2755,楚,5789,费,1
2756,楝,2712,梾,1
2756,楝,2728,棰,1
2757,楞,416,冷,1
2757,楞,2745,椤,1
2759,楣,2693,桶,1
2759,楣,2763,楯,1
2760,楦,2783,榨,1
2760,楦,2829,檀,1
2761,楫,2251,揖,1
2762,楮,2765,楷,1
2762,楮,2812,樯,1
2762,楮,3583,猪,1
2763,楯,2158,指,1
2763,楯,2759,楣,1
2764,楱,2246,揍,1
2765,楷,2158,指,1
2765,楷,2655,株,1
2765,楷,2699,梏,1
2765,楷,2811,横,1
2766,楸,1959,愀,1
2766,楸,2257,揪,1
2767,楹,2146,拯,1
2768,楼,532,势,1
2768,楼,2160,按,1
2768,楼,2657,栳,1
2768,楼,2724,棣,1
2768,楼,2726,棬,1
2768,楼,2729,棱,1
2769,榀,2603,枳,1
2769,榀,2718,棍,1
2769,榀,2789,榻,1
2770,概,2586,枕,1
2770,概,5556,规,1
2771,榄,2683,桢,1
2771,榄,2714,棁,1
2771,榄,2811,横,1
2772,榆,2718,棍,1
2773,榇,2672,桉,1
2773,榇,2823,橡,1
2775,榉,2540,术,1
2775,榉,2700,梓,1
2775,榉,2719,棒,1
2776,榍,2298,摒,1
2776,榍,3521,犒,1
2777,榔,2177,挪,1
2777,榔,2654,栩,1
2777,榔,2698,梆,1
2777,榔,2830,檄,1
2778,榕,2216,掊,1
2778,榕,2714,棁,1
2778,榕,2765,楷,1
2778,榕,2783,榨,1
2778,榕,3244,溶,1
2778,榕,3593,猿,1
2779,榘,7049,鸵,1
2780,榛,1976,愫,1
2780,榛,2246,揍,1
2780,榛,2301,摞,1
2780,榛,2712,梾,1
2780,榛,2773,榇,1
2781,榜,2578,松,1
2781,榜,2732,棺,1
2781,榜,4105,磅,1
2783,榨,2623,柞,1
2783,榨,2669,桅,1
2784,榫,2810,樨,1
2786,榱,2346,攘,1
2787,榴,2220,掐,1
2787,榴,2763,楯,1
2787,榴,2833,檑,1
2788,榷,329,傩,1
2788,榷,1953,惰,1
2788,榷,2759,楣,1
2788,榷,4199,秾,1
2790,槁,2280,搞,1
2794,槐,1836,忽,1
2794,槐,1975,愧,1
2794,槐,2598,枪,1
2794,槐,3692,瑰,1
2796,槚,2833,檑,1
2798,槜,1952,惯,1
2798,槜,2757,楞,1
2801,槭,2708,械,1
2802,槲,2004,懈,1
2803,槽,2307,摺,1
2803,槽,2704,梧,1
2803,槽,6413,错,1
2804,槿,2675,桎,1
2804,槿,2825,橦,1
2805,樊,6968,鲣,1
2808,樟,1354,嫜,1
2808,樟,2658,样,1
2808,樟,2731,棹,1
2809,模,2199,换,1
2809,模,2729,棱,1
2809,模,2743,椟,1
2810,樨,2254,握,1
2810,樨,2298,摒,1
2810,樨,2828,橼,1
2810,樨,3405,烨,1
2811,横,2003,懂,1
2811,横,2207,捶,1
2811,横,2657,栳,1
2811,横,2724,棣,1
2811,横,2793,槎,1
2811,横,2809,模,1
2811,横,5465,衡,1
2812,樯,2252,揞,1
2812,樯,2751,椿,1
2812,樯,2803,槽,1
2812,樯,2833,檑,1
2813,樱,2745,椤,1
2814,樵,2114,担,1
2814,樵,2670,框,1
2814,樵,2831,檎,1
2815,樽,2317,撙,1
2815,樽,2810,樨,1
2816,樾,2835,檠,1
2817,橄,2766,楸,1
2819,橐,2822,橛,1
2820,橘,1931,情,1
2820,橘,2300,摘,1
2820,橘,2777,榔,1
2821,橙,2244,揆,1
2821,橙,4221,穄,1
2822,橛,2792,槌,1
2823,橡,2242,掾,1
2823,橡,2336,擒,1
2823,橡,2707,梯,1
2823,橡,2773,榇,1
2823,橡,2828,橼,1
2823,橡,4840,腺,1
2825,橦,1914,悝,1
2825,橦,1997,憧,1
2825,橦,2318,撞,1
2825,橦,2821,橙,1
2826,橱,2556,村,1
2826,橱,2817,橄,1
2827,橹,2327,撸,1
2827,橹,2815,樽,1
2827,橹,4222,穆,1
2828,橼,2833,檑,1
2828,橼,4431,糠,1
2829,檀,1165,境,1
2829,檀,2752,楂,1
2830,檄,1806,徼,1
2831,檎,2697,梅,1
2831,檎,2827,橹,1
2832,檐,2236,掳,1
2832,檐,2783,榨,1
2833,檑,2834,檗,1
2834,檗,918,嗓,1
2834,檗,2692,桴,1
2834,檗,4608,罘,1
2834,檗,5546,襞,1
2835,檠,1734,弊,1
2835,檠,2744,椠,1
2836,檩,2009,懔,1
2836,檩,2838,檬,1
2837,檫,2320,撩,1
2837,檫,2707,梯,1
2837,檫,2720,棕,1
2837,檫,3589,猷,1
2838,檬,335,像,1
2838,檬,1666,幪,1
2838,檬,2823,橡,1
2840,欠,57,乒,1
2840,欠,163,众,1
2840,欠,354,允,1
2840,欠,662,只,1
2840,欠,2841,次,1
2840,欠,3353,火,1
2840,欠,3481,父,1
2841,次,411,冱,1
2841,次,5762,贝,1
2841,次,6719,须,1
2842,欢,2841,次,1
2842,欢,3612,玖,1
2843,欣,57,乒,1
2843,欣,165,伙,1
2843,欣,720,吻,1
2843,欣,4031,砍,1
2843,欣,4194,积,1
2843,欣,4749,肷,1
2843,欣,6719,须,1
2844,欤,6789,饮,1
2845,欧,2355,改,1
2845,欧,2358,政,1
2845,欧,2887,殴,1
2845,欧,5563,觋,1
2846,欲,1803,微,1
2846,欲,2357,放,1
2846,欲,4031,砍,1
2846,欲,6719,须,1
2846,欲,6730,领,1
2851,款,5106,获,1
2851,款,5967,软,1
2851,款,6728,预,1
2852,歃,5831,赦,1
2853,歆,2849,欹,1
2853,歆,2856,歌,1
2853,歆,6711,韵,1
2854,歇,1366,嬲,1
2854,歇,2374,敫,1
2854,歇,2846,欲,1
2854,歇,2847,欷,1
2854,歇,2852,歃,1
2854,歇,2856,歌,1
2854,歇,2857,歙,1
2855,歉,5967,软,1
2856,歌,1586,嵌,1
2856,歌,1745,弥,1
2856,歌,2372,散,1
2856,歌,2843,欣,1
2856,歌,2846,欲,1
2856,歌,2853,歆,1
2856,歌,2854,歇,1
2856,歌,6768,飘,1
2858,止,7,上,1
2858,止,20,业,1
2858,止,79,二,1
2858,止,4616,置,1
2859,正,16,丕,1
2859,正,570,匹,1
2859,正,571,区,1
2859,正,1611,工,1
2859,正,1614,巨,1
2859,正,3607,玉,1
2859,正,3782,疋,1
2859,正,4260,立,1
2859,正,6024,达,1
2860,此,738,呛,1
2860,此,2991,沙,1
2861,步,594,占,1
2861,步,1460,导,1
2861,步,1518,岁,1
2861,步,1535,岩,1
2861,步,3490,片,1
2861,步,4391,米,1
2861,步,4941,芊,1
2862,武,72,乱,1
2862,武,1736,式,1
2862,武,2355,改,1
2863,歧,1568,崎,1
2863,歧,5742,豉,1
2864,歪,705,否,1
2864,歪,4878,至,1
2865,歹,646,反,1
2865,歹,1518,岁,1
2865,歹,3891,百,1
2865,歹,4019,石,1
2866,死,3355,灭,1
2866,死,4020,矶,1
2866,死,6834,驮,1
2867,歼,1243,奸,1
2867,歼,4021,矸,1
2867,歼,4084,碑,1
2867,歼,6282,钎,1
2868,殁,2869,殂,1
2869,殂,1270,妲,1
2869,殂,2873,殇,1
2869,殂,4186,租,1
2870,殃,4101,碶,1
2870,殃,6238,醚,1
2870,殃,6841,驶,1
2871,殄,2879,殓,1
2871,殄,4090,碜,1
2871,殄,4782,胯,1
2872,殆,1280,姓,1
2872,殆,2877,殍,1
2872,殆,4045,砧,1
2873,殇,4650,翕,1
2874,殉,3079,洵,1
2874,殉,3543,狗,1
2874,殉,4023,矽,1
2875,殊,1286,姝,1
2875,殊,4802,脒,1
2876,残,760,咎,1
2876,残,796,哉,1
2876,残,2382,斌,1
2876,残,4483,线,1
2876,残,5884,践,1
2877,殍,4810,脬,1
2878,殒,42,丽,1
2878,殒,6719,须,1
2879,殓,2873,殇,1
2879,殓,4077,硷,1
2880,殖,302,值,1
2883,殡,4101,碶,1
2884,殣,1132,堇,1
2884,殣,3604,獾,1
2887,殴,5987,较,1
2887,殴,6228,酿,1
2888,段,157,伋,1
2888,段,166,会,1
2888,段,647,发,1
2888,段,2887,殴,1
2888,段,3504,牧,1
2888,段,3623,玫,1
2888,段,3800,疫,1
2888,段,4559,缎,1
2888,段,4629,羚,1
2889,殷,2888,段,1
2889,殷,2890,殿,1
2889,殷,4904,般,1
2890,殿,3883,癜,1
2890,殿,6722,顾,1
2890,殿,7133,黢,1
2891,毁,1202,够,1
2891,毁,4493,绉,1
2892,毂,1756,彀,1
2893,毅,2367,教,1
2893,毅,2377,敲,1
2893,毅,2853,歆,1
2893,毅,5126,菠,1
2894,毋,3645,珥,1
2895,母,1005,因,1
2895,母,1259,妙,1
2895,母,2522,月,1
2895,母,2861,步,1
2895,母,2894,毋,1
2895,母,3736,甘,1
2895,母,3749,田,1
2896,每,2895,母,1
2896,每,4626,美,1
2896,每,4930,色,1
2897,毐,1189,壶,1
2897,毐,3948,真,1
2898,毒,2573,杳,1
2898,毒,2897,毐,1
2898,毒,6648,霉,1
2898,毒,6663,青,1
2900,比,352,儿,1
2900,比,1036,地,1
2900,比,1725,廾,1
2900,比,2950,汇,1
2900,比,3363,灿,1
2900,比,5298,虬,1
2901,毕,579,午,1
2901,毕,582,华,1
2901,毕,807,哗,1
2901,毕,3498,牛,1
2901,毕,3606,率,1
2902,毖,1884,恣,1
2902,毖,4520,绥,1
2904,毙,1530,岚,1
2905,毛,41,主,1
2905,毛,48,乇,1
2906,毡,2909,毯,1
2906,毡,3629,玷,1
2906,毡,4203,稆,1
2906,毡,6354,铝,1
2908,毫,367,党,1
2908,毫,7107,麈,1
2908,毫,7184,龟,1
2909,毯,2906,毡,1
2909,毯,3840,痰,1
2909,毯,4651,翘,1
2911,毵,2779,榘,1
2913,毽,6433,键,1
2914,氅,5932,蹩,1
2915,氆,6467,镒,1
2918,氏,70,乩,1
2918,氏,125,从,1
2918,氏,138,代,1
2918,氏,558,化,1
2918,氏,3490,片,1
2918,氏,4483,线,1
2920,民,1487,尼,1
2920,民,1489,尾,1
2920,民,1492,屁,1
2920,民,1729,异,1
2920,民,2918,氏,1
2920,民,4949,芘,1
2921,氓,1088,垠,1
2921,氓,3114,浪,1
2921,氓,5673,说,1
2921,氓,5694,谊,1
2922,气,65,乞,1
2922,气,1406,完,1
2922,气,2923,氕,1
2922,气,3892,皂,1
2923,氕,2426,旯,1
2924,氖,549,勿,1
2924,氖,2931,氢,1
2924,氖,5765,贡,1
2925,氘,606,危,1
2925,氘,1728,弁,1
2925,氘,2933,氦,1
2926,氙,2932,氤,1
2926,氙,2936,氩,1
2927,氚,260,俞,1
2927,氚,2925,氘,1
2928,氛,2931,氢,1
2928,氛,2934,氧,1
2928,氛,2938,氮,1
2928,氛,4296,第,1
2929,氟,2928,氛,1
2929,氟,2939,氯,1
2929,氟,6190,鄹,1
2930,氡,77,争,1
2930,氡,2937,氪,1
2931,氢,209,佥,1
2931,氢,2924,氖,1
2931,氢,2930,氡,1
2931,氢,2936,氩,1
2931,氢,4238,窆,1
2932,氤,2939,氯,1
2933,氦,2935,氨,1
2934,氧,2924,氖,1
2934,氧,2939,氯,1
2934,氧,2940,氰,1
2935,氨,2467,晏,1
2935,氨,2924,氖,1
2935,氨,2929,氟,1
2935,氨,2930,氡,1
2935,氨,2932,氤,1
2935,氨,2936,氩,1
2935,氨,2940,氰,1
2935,氨,4301,笺,1
2935,氨,6711,韵,1
2936,氩,2931,氢,1
2936,氩,2934,氧,1
2936,氩,2935,氨,1
2936,氩,2939,氯,1
2937,氪,2935,氨,1
2937,氪,2940,氰,1
2938,氮,2617,柔,1
2938,氮,2933,氦,1
2938,氮,2939,氯,1
2938,氮,2941,氲,1
2938,氮,6285,钒,1
2938,氮,7104,鹿,1
2939,氯,1481,就,1
2939,氯,1531,岛,1
2939,氯,1860,急,1
2939,氯,2463,晁,1
2939,氯,2933,氦,1
2939,氯,2936,氩,1
2939,氯,2938,氮,1
2939,氯,4179,秉,1
2940,氰,2934,氧,1
2940,氰,2937,氪,1
2940,氰,2939,氯,1
2940,氰,3973,督,1
2940,氰,5583,訇,1
2941,氲,1421,宣,1
2941,氲,2938,氮,1
2941,氲,3928,盫,1
2942,水,410,冰,1
2942,水,445,凼,1
2942,水,766,咖,1
2942,水,1467,小,1
2942,水,2052,手,1
2943,氵,81,于,1
2943,氵,5594,讠,1
2944,永,516,办,1
2944,永,694,吓,1
2945,氽,689,后,1
2946,汀,666,叮,1
2946,汀,1247,如,1
2946,汀,1673,幻,1
2946,汀,2951,汈,1
2946,汀,2964,污,1
2946,汀,6504,门,1
2947,汁,2054,才,1
2947,汁,2386,斗,1
2947,汁,5602,讨,1
2948,求,2540,术,1
2948,求,2944,永,1
2950,汇,352,儿,1
2950,汇,557,匕,1
2950,汇,1811,忆,1
2950,汇,2968,汪,1
2950,汇,4464,纪,1
2950,汇,5601,讧,1
2950,汇,5609,记,1
2951,汈,2946,汀,1
2951,汈,2994,沟,1
2951,汈,3009,河,1
2951,汈,3102,浔,1
2951,汈,4481,纽,1
2951,汈,6505,闩,1
2952,汉,118,仅,1
2952,汉,2953,汊,1
2952,汉,6760,风,1
2954,汐,409,冯,1
2954,汐,2418,日,1
2954,汐,3009,河,1
2955,汔,3120,浼,1
2956,汕,133,仙,1
2956,汕,409,冯,1
2956,汕,1514,山,1
2956,汕,1808,心,1
2956,汕,2974,汹,1
2956,汕,2992,沚,1
2956,汕,5609,记,1
2957,汗,2947,汁,1
2957,汗,2999,沦,1
2957,汗,3356,灯,1
2957,汗,3751,甲,1
2957,汗,5616,许,1
2958,汛,4462,纨,1
2958,汛,6508,闭,1
2959,汜,3034,泡,1
2959,汜,4131,祀,1
2959,汜,5609,记,1
2960,汝,26,两,1
2960,汝,1250,妆,1
2960,汝,2380,文,1
2960,汝,2900,比,1
2960,汝,3014,沽,1
2960,汝,4478,纹,1
2960,汝,4483,线,1
2960,汝,5607,议,1
2961,汞,491,前,1
2961,汞,1432,家,1
2961,汞,1680,庇,1
2961,汞,2079,承,1
2961,汞,2944,永,1
2961,汞,3046,泵,1
2962,江,431,几,1
2962,江,4499,经,1
2963,池,130,他,1
2963,池,1036,地,1
2963,池,1832,忱,1
2963,池,3008,沲,1
2963,池,3011,油,1
2963,池,3018,泄,1
2964,污,82,亏,1
2964,污,409,冯,1
2964,污,3024,泓,1
2964,污,5622,访,1
2964,污,5632,诊,1
2965,汤,790,品,1
2965,汤,1039,场,1
2965,汤,1613,巧,1
2965,汤,2971,汲,1
2965,汤,3037,泥,1
2966,汨,3006,沮,1
2966,汨,3009,河,1
2966,汨,6326,钼,1
2966,汨,6533,阆,1
2967,汩,3039,泪,1
2967,汩,6509,问,1
2967,汩,6562,阳,1
2968,汪,691,吐,1
2968,汪,2957,汗,1
2968,汪,3278,漆,1
2968,汪,3749,田,1
2968,汪,4491,织,1
2968,汪,4499,经,1
2968,汪,5034,茫,1
2968,汪,5613,讵,1
2968,汪,5644,诖,1
2968,汪,5665,诬,1
2968,汪,6026,迂,1
2969,汭,3032,泞,1
2970,汰,2979,沃,1
2970,汰,3048,泷,1
2971,汲,646,反,1
2971,汲,2952,汉,1
2971,汲,2958,汛,1
2971,汲,2960,汝,1
2971,汲,2973,汶,1
2971,汲,3119,浸,1
2971,汲,3137,涡,1
2971,汲,3161,淑,1
2971,汲,3625,环,1
2971,汲,5624,证,1
2971,汲,5638,诐,1
2972,汴,97,亦,1
2972,汴,2946,汀,1
2973,汶,2952,汉,1
2973,汶,2960,汝,1
2973,汶,4478,纹,1
2973,汶,5601,讧,1
2974,汹,2956,汕,1
2974,汹,2977,沁,1
2974,汹,3022,泌,1
2975,汽,681,吃,1
2975,汽,3026,法,1
2975,汽,3063,洗,1
2975,汽,3095,浍,1
2975,汽,3117,浴,1
2975,汽,4499,经,1
2975,汽,4514,统,1
2976,汾,3012,治,1
2976,汾,3124,涉,1
2976,汾,4476,纷,1
2976,汾,5622,访,1
2976,汾,5634,诌,1
2977,沁,1810,必,1
2977,沁,2956,汕,1
2977,沁,3076,洲,1
2978,沂,2393,斤,1
2978,沂,3085,派,1
2978,沂,3155,淅,1
2978,沂,3785,疑,1
2979,沃,414,况,1
2979,沃,1214,头,1
2979,沃,2546,杀,1
2979,沃,2999,沦,1
2979,沃,3030,泛,1
2979,沃,3044,泱,1
2979,沃,3082,活,1
2979,沃,5598,认,1
2979,沃,5623,诀,1
2980,沄,1746,弦,1
2980,沄,3030,泛,1
2980,沄,3040,泫,1
2981,沅,2982,沆,1
2981,沅,5609,记,1
2981,沅,5673,说,1
2983,沈,2900,比,1
2983,沈,3086,流,1
2983,沈,3120,浼,1
2983,沈,3753,电,1
2983,沈,5661,诧,1
2983,沈,5865,跎,1
2984,沉,2841,次,1
2984,沉,2962,江,1
2984,沉,2976,汾,1
2984,沉,2982,沆,1
2984,沉,3001,沨,1
2984,沉,3118,海,1
2986,沏,3023,泐,1
2987,沐,2993,沛,1
2987,沐,3041,泮,1
2988,沓,2421,旨,1
2988,沓,3118,海,1
2988,沓,4761,背,1
2989,沔,3236,溥,1
2989,沔,4554,缈,1
2990,沘,2075,批,1
2990,沘,4469,纰,1
2991,沙,717,吵,1
2991,沙,1468,少,1
2991,沙,3369,炒,1
2991,沙,3940,眇,1
2991,沙,5626,诃,1
2992,沚,2956,汕,1
2992,沚,5603,让,1
2992,沚,5604,讪,1
2992,沚,5624,证,1
2993,沛,1625,巾,1
2993,沛,1627,市,1
2993,沛,2976,汾,1
2993,沛,3127,涑,1
2993,沛,3278,漆,1
2993,沛,4479,纺,1
2994,沟,2420,旧,1
2994,沟,2965,汤,1
2994,沟,3118,海,1
2994,沟,3163,淘,1
2994,沟,5705,谕,1
2995,没,643,及,1
2995,没,1295,姿,1
2995,没,1361,嫫,1
2995,没,2355,改,1
2995,没,2981,沅,1
2995,没,3012,治,1
2995,没,3174,深,1
2995,没,3210,湓,1
2995,没,4267,竣,1
2995,没,5634,诌,1
2996,沣,35,串,1
2996,沣,3064,洙,1
2996,沣,3083,洼,1
2996,沣,3099,浑,1
2997,沤,2962,江,1
2997,沤,3022,泌,1
2997,沤,5641,诓,1
2998,沥,2976,汾,1
2998,沥,2991,沙,1
2998,沥,3013,沼,1
2999,沦,415,冶,1
2999,沦,2983,沈,1
2999,沦,2984,沉,1
2999,沦,3007,沱,1
2999,沦,3034,泡,1
2999,沦,3120,浼,1
2999,沦,5619,讼,1
2999,沦,5630,诈,1
2999,沦,5661,诧,1
3000,沧,2955,汔,1
3000,沧,2960,汝,1
3000,沧,2975,汽,1
3000,沧,3008,沲,1
3000,沧,3034,泡,1
3002,沩,3123,消,1
3003,沪,2963,池,1
3003,沪,2991,沙,1
3003,沪,2993,沛,1
3003,沪,3752,申,1
3003,沪,6715,顷,1
3004,沫,140,以,1
3004,沫,410,冰,1
3004,沫,2996,沣,1
3004,沫,3064,洙,1
3004,沫,3087,浃,1
3004,沫,5602,讨,1
3004,沫,5611,讳,1
3004,沫,5649,诛,1
3004,沫,6082,速,1
3005,沭,2513,曲,1
3005,沭,5647,诙,1
3006,沮,414,况,1
3006,沮,1783,徂,1
3006,沮,2968,汪,1
3006,沮,4488,组,1
3006,沮,6082,速,1
3007,沱,2963,池,1
3007,沱,2964,污,1
3007,沱,5865,跎,1
3008,沲,3210,湓,1
3009,河,2946,汀,1
3009,河,2951,汈,1
3009,河,2964,污,1
3009,河,2991,沙,1
3009,河,3075,洱,1
3009,河,4470,纱,1
3009,河,5614,讶,1
3009,河,5622,访,1
3009,河,5635,词,1
3009,河,6518,闷,1
3009,河,6715,顷,1
3010,沸,1607,川,1
3010,沸,1740,弗,1
3010,沸,3264,滟,1
3011,油,2956,汕,1
3011,油,2974,汹,1
3011,油,3021,泊,1
3011,油,3035,波,1
3012,治,153,仿,1
3012,治,2999,沦,1
3012,治,3082,活,1
3013,沼,214,佰,1
3013,沼,664,召,1
3013,沼,2454,昭,1
3013,沼,2618,柘,1
3013,沼,3016,沿,1
3013,沼,3144,涩,1
3013,沼,5637,诏,1
3014,沽,179,估,1
3014,沽,409,冯,1
3014,沽,765,咕,1
3014,沽,1278,姑,1
3014,沽,2964,污,1
3014,沽,3026,法,1
3014,沽,3116,浯,1
3014,沽,5646,诘,1
3015,沾,415,冶,1
3015,沾,2976,汾,1
3015,沾,2997,沤,1
3015,沾,3036,泣,1
3015,沾,3049,泸,1
3015,沾,4263,站,1
3016,沿,2967,汩,1
3016,沿,2984,沉,1
3016,沿,4508,给,1
3016,沿,5630,诈,1
3017,泃,2951,汈,1
3017,泃,2965,汤,1
3017,泃,3009,河,1
3017,泃,3079,洵,1
3017,泃,6509,问,1
3018,泄,17,世,1
3018,泄,3051,泻,1
3018,泄,3077,洳,1
3018,泄,5636,诎,1
3019,泅,1000,囚,1
3019,泅,1001,四,1
3019,泅,2420,旧,1
3019,泅,2967,汩,1
3019,泅,3021,泊,1
3019,泅,3025,泔,1
3020,泉,60,乖,1
3020,泉,1469,尔,1
3020,泉,1642,帛,1
3020,泉,6250,采,1
3021,泊,178,伯,1
3021,泊,2954,汐,1
3021,泊,2966,汨,1
3021,泊,3128,涓,1
3021,泊,4509,绚,1
3021,泊,5686,谁,1
3022,泌,140,以,1
3022,泌,2841,次,1
3022,泌,2974,汹,1
3022,泌,2991,沙,1
3022,泌,2999,沦,1
3023,泐,539,勒,1
3024,泓,1739,引,1
3024,泓,6548,阖,1
3026,法,273,俵,1
3026,法,3040,泫,1
3026,法,3055,洁,1
3026,法,3093,浊,1
3026,法,4503,结,1
3026,法,5646,诘,1
3027,泖,604,卯,1
3028,泗,3019,泅,1
3030,泛,411,冱,1
3030,泛,2841,次,1
3030,泛,3033,泠,1
3030,泛,3083,洼,1
3030,泛,4499,经,1
3030,泛,5605,讫,1
3030,泛,6033,近,1
3031,泜,5617,讹,1
3032,泞,1398,宁,1
3032,泞,2069,扭,1
3032,泞,3003,沪,1
3033,泠,3095,浍,1
3033,泠,3627,玲,1
3034,泡,551,包,1
3034,泡,2959,汜,1
3034,泡,3111,浥,1
3034,泡,4512,绝,1
3034,泡,4771,胞,1
3035,波,2953,汊,1
3035,波,3001,沨,1
3035,波,3042,泯,1
3035,波,3242,溲,1
3035,波,5628,诅,1
3036,泣,190,位,1
3036,泣,2118,拉,1
3036,泣,2960,汝,1
3036,泣,3015,沾,1
3036,泣,3030,泛,1
3036,泣,3038,注,1
3036,泣,3098,浐,1
3036,泣,3120,浼,1
3036,泣,3153,淀,1
3036,泣,3210,湓,1
3036,泣,3627,玲,1
3036,泣,4507,绘,1
3036,泣,5659,该,1
3036,泣,5661,诧,1
3037,泥,1268,妮,1
3037,泥,2971,汲,1
3037,泥,2975,汽,1
3037,泥,3086,流,1
3037,泥,3176,混,1
3038,注,416,冷,1
3038,注,1678,庄,1
3038,注,2955,汔,1
3038,注,2975,汽,1
3038,注,2999,沦,1
3038,注,3036,泣,1
3038,注,3083,洼,1
3039,泪,2729,棱,1
3039,泪,2954,汐,1
3039,泪,3016,沿,1
3039,泪,3021,泊,1
3039,泪,3035,波,1
3039,泪,3042,泯,1
3039,泪,3060,洎,1
3039,泪,3067,洞,1
3039,泪,3075,洱,1
3039,泪,3141,润,1
3039,泪,4488,组,1
3039,泪,5626,诃,1
3039,泪,7059,鸿,1
3040,泫,96,亥,1
3040,泫,1746,弦,1
3040,泫,3071,洨,1
3040,泫,5659,该,1
3041,泮,581,半,1
3041,泮,4494,绊,1
3041,泮,5627,评,1
3042,泯,3635,珉,1
3043,泰,4189,秦,1
3043,泰,4438,素,1
3043,泰,5744,豕,1
3044,泱,165,伙,1
3044,泱,2983,沈,1
3045,泳,2944,永,1
3045,泳,3004,沫,1
3045,泳,3017,泃,1
3045,泳,4545,绿,1
3046,泵,1405,宋,1
3046,泵,3020,泉,1
3046,泵,3407,烫,1
3046,泵,5744,豕,1
3046,泵,6250,采,1
3048,泷,3640,珑,1
3049,泸,2996,沣,1
3050,泺,3064,洙,1
3050,泺,3082,活,1
3050,泺,3178,添,1
3050,泺,4487,练,1
3051,泻,400,写,1
3051,泻,409,冯,1
3051,泻,2994,沟,1
3051,泻,3016,沿,1
3051,泻,3066,洛,1
3051,泻,3099,浑,1
3051,泻,3102,浔,1
3051,泻,3202,渴,1
3051,泻,3255,滏,1
3051,泻,3290,漯,1
3051,泻,3615,玛,1
3051,泻,3650,珲,1
3051,泻,5637,诏,1
3051,泻,5645,诗,1
3051,泻,5717,谢,1
3052,泼,2970,汰,1
3052,泼,2971,汲,1
3052,泼,2995,没,1
3052,泼,3101,浓,1
3052,泼,3804,疯,1
3053,泽,1871,怿,1
3053,泽,3041,泮,1
3053,泽,4281,笋,1
3054,泾,3103,浕,1
3054,泾,3316,澄,1
3055,洁,1387,学,1
3055,洁,3015,沾,1
3055,洁,3115,浮,1
3055,洁,3116,浯,1
3055,洁,3224,溃,1
3055,洁,4524,绩,1
3055,洁,5651,话,1
3055,洁,5679,诺,1
3056,洄,1789,徊,1
3056,洄,3006,沮,1
3056,洄,3151,涸,1
3056,洄,5344,蛔,1
3057,洇,3136,涠,1
3057,洇,6523,闼,1
3058,洋,3053,泽,1
3058,洋,5627,评,1
3058,洋,5662,诨,1
3058,洋,5692,谇,1
3058,洋,6272,鑫,1
3059,洌,3097,浏,1
3059,洌,3213,湘,1
3060,洎,3021,泊,1
3060,洎,3173,淮,1
3060,洎,3814,疽,1
3062,洒,2965,汤,1
3062,洒,2971,汲,1
3062,洒,3028,泗,1
3062,洒,3073,洫,1
3062,洒,3118,海,1
3062,洒,3209,湎,1
3062,洒,3275,滴,1
3062,洒,5604,讪,1
3062,洒,6193,酉,1
3063,洗,359,先,1
3063,洗,414,况,1
3063,洗,2984,沉,1
3063,洗,3110,浣,1
3063,洗,3113,浩,1
3063,洗,4468,纯,1
3064,洙,3101,浓,1
3065,洚,3053,泽,1
3065,洚,3140,涤,1
3065,洚,3174,深,1
3066,洛,3217,湟,1
3066,洛,3244,溶,1
3066,洛,4511,络,1
3066,洛,5160,落,1
3066,洛,5622,访,1
3067,洞,2420,旧,1
3067,洞,3019,泅,1
3067,洞,3057,洇,1
3067,洞,4538,绸,1
3067,洞,5635,词,1
3067,洞,6546,阔,1
3068,洣,3005,沭,1
3068,洣,3041,泮,1
3068,洣,3127,涑,1
3068,洣,3174,深,1
3068,洣,3198,渫,1
3068,洣,5649,诛,1
3069,津,2996,沣,1
3069,津,3041,泮,1
3069,津,3068,洣,1
3069,津,3140,涤,1
3069,津,3297,潇,1
3069,津,4548,缂,1
3070,洧,229,侑,1
3071,洨,95,交,1
3071,洨,2973,汶,1
3071,洨,2995,没,1
3071,洨,5619,讼,1
3072,洪,418,冼,1
3072,洪,1048,坎,1
3072,洪,1052,块,1
3072,洪,3106,浜,1
3072,洪,3157,淇,1
3072,洪,3158,淋,1
3072,洪,3168,淡,1
3072,洪,4146,祟,1
3072,洪,5610,讲,1
3072,洪,6349,铗,1
3075,洱,1750,弭,1
3075,洱,3021,泊,1
3075,洱,5614,讶,1
3075,洱,6923,魂,1
3076,洲,3094,测,1
3076,洲,3181,渊,1
3077,洳,4462,纨,1
3079,洵,3017,泃,1
3079,洵,3163,淘,1
3079,洵,5626,诃,1
3079,洵,6515,间,1
3080,洹,411,冱,1
3081,洺,2954,汐,1
3081,洺,3197,温,1
3081,洺,4511,络,1
3082,活,3145,涪,1
3082,活,4263,站,1
3082,活,4479,纺,1
3082,活,4517,绢,1
3083,洼,3015,沾,1
3083,洼,3026,法,1
3083,洼,3055,洁,1
3083,洼,3194,渣,1
3083,洼,3231,溘,1
3083,洼,5034,茫,1
3083,洼,5645,诗,1
3084,洽,415,冶,1
3084,洽,416,冷,1
3084,洽,3055,洁,1
3084,洽,3081,洺,1
3084,洽,3095,浍,1
3084,洽,3113,浩,1
3084,洽,3116,浯,1
3084,洽,3627,玲,1
3084,洽,4476,纷,1
3084,洽,4508,给,1
3084,洽,5619,讼,1
3085,派,2998,沥,1
3085,派,3031,泜,1
3085,派,3042,泯,1
3085,派,3149,液,1
3085,派,3230,源,1
3085,派,4477,纸,1
3085,派,4510,绛,1
3085,派,5617,讹,1
3085,派,5631,诉,1
3086,流,1406,完,1
3086,流,2983,沈,1
3086,流,3120,浼,1
3086,流,3314,潼,1
3086,流,3656,琉,1
3087,浃,3004,沫,1
3087,浃,3044,泱,1
3088,浅,2021,成,1
3088,浅,2027,战,1
3088,浅,2153,拽,1
3088,浅,3025,泔,1
3088,浅,3090,浇,1
3088,浅,4483,线,1
3089,浆,73,乳,1
3089,浆,1295,姿,1
3089,浆,2750,椽,1
3089,浆,4161,禁,1
3090,浇,1479,尧,1
3090,浇,2169,挠,1
3090,浇,2615,柒,1
3090,浇,3026,法,1
3090,浇,3072,洪,1
3091,浈,3224,溃,1
3091,浈,3660,琐,1
3091,浈,4153,祯,1
3092,浉,1631,师,1
3093,浊,418,冼,1
3093,浊,2972,汴,1
3093,浊,3252,滇,1
3093,浊,3254,滍,1
3093,浊,5297,虫,1
3093,浊,5308,蚀,1
3093,浊,5638,诐,1
3094,测,495,剕,1
3094,测,3076,洲,1
3094,测,3097,浏,1
3094,测,6358,铡,1
3095,浍,240,侩,1
3095,浍,3121,涂,1
3096,济,2999,沦,1
3096,济,3066,洛,1
3096,济,3145,涪,1
3096,济,3205,湃,1
3096,济,3617,玠,1
3096,济,5622,访,1
3097,浏,3059,洌,1
3097,浏,3094,测,1
3098,浐,3049,泸,1
3099,浑,1544,岽,1
3099,浑,3038,注,1
3099,浑,3058,洋,1
3099,浑,3075,洱,1
3099,浑,3082,活,1
3099,浑,3121,涂,1
3099,浑,3174,深,1
3099,浑,3188,渖,1
3099,浑,3223,湿,1
3099,浑,3257,滓,1
3101,浓,402,农,1
3101,浓,811,哝,1
3101,浓,1731,弄,1
3101,浓,5619,讼,1
3103,浕,408,冬,1
3104,浙,2044,所,1
3104,浙,2446,昕,1
3104,浙,3010,沸,1
3104,浙,3078,洴,1
3105,浚,426,凌,1
3105,浚,2928,氛,1
3105,浚,2976,汾,1
3105,浚,3133,涝,1
3105,浚,3288,漫,1
3105,浚,4536,绶,1
3105,浚,5716,谡,1
3106,浜,3326,澳,1
3107,浞,3144,涩,1
3107,浞,3188,渖,1
3107,浞,3223,湿,1
3107,浞,5624,证,1
3108,浠,832,唏,1
3108,浠,1632,希,1
3108,浠,2993,沛,1
3108,浠,3156,淆,1
3109,浡,3250,滂,1
3109,浡,5631,诉,1
3110,浣,1810,必,1
3110,浣,3120,浼,1
3110,浣,3271,滨,1
3111,浥,3008,沲,1
3112,浦,2993,沛,1
3112,浦,3011,油,1
3112,浦,6382,铺,1
3113,浩,2976,汾,1
3113,浩,3026,法,1
3113,浩,3063,洗,1
3113,浩,3216,湝,1
3113,浩,4506,绗,1
3113,浩,5670,诱,1
3113,浩,6394,锆,1
3114,浪,1425,宪,1
3114,浪,3037,泥,1
3114,浪,3101,浓,1
3114,浪,3193,渡,1
3114,浪,3564,狼,1
3114,浪,3653,琅,1
3115,浮,128,仔,1
3115,浮,409,冯,1
3115,浮,424,凉,1
3115,浮,3175,淳,1
3117,浴,415,冶,1
3117,浴,3109,浡,1
3117,浴,3113,浩,1
3117,浴,3145,涪,1
3117,浴,4519,绤,1
3117,浴,5709,谙,1
3118,海,243,侮,1
3118,海,2566,杨,1
3118,海,3065,洚,1
3118,海,3162,淖,1
3118,海,3266,满,1
3118,海,3717,瓜,1
3118,海,5694,谊,1
3119,浸,1558,峧,1
3119,浸,3035,波,1
3119,浸,3183,渍,1
3119,浸,3459,熳,1
3119,浸,5724,谩,1
3120,浼,3220,湮,1
3120,浼,5697,谍,1
3121,涂,199,余,1
3121,涂,3198,渫,1
3121,涂,3270,滦,1
3121,涂,4281,笋,1
3121,涂,4508,给,1
3122,涅,2449,星,1
3122,涅,2624,柠,1
3122,涅,2968,汪,1
3122,涅,3170,淦,1
3122,涅,3197,温,1
3123,消,3010,沸,1
3123,消,3070,洧,1
3123,消,3118,海,1
3123,消,3137,涡,1
3123,消,3199,渭,1
3123,消,3258,滔,1
3123,消,5655,诡,1
3123,消,5676,请,1
3123,消,6579,陌,1
3124,涉,269,修,1
3124,涉,1517,屿,1
3124,涉,2861,步,1
3124,涉,2964,污,1
3124,涉,2991,沙,1
3124,涉,3041,泮,1
3124,涉,3116,浯,1
3124,涉,3202,渴,1
3124,涉,5669,诰,1
3125,涌,3275,滴,1
3125,涌,3280,漏,1
3125,涌,6078,通,1
3126,涎,690,吏,1
3126,涎,4562,缒,1
3126,涎,6079,逛,1
3126,涎,6764,飓,1
3128,涓,3137,涡,1
3128,涓,4517,绢,1
3129,涔,3052,泼,1
3129,涔,4581,缦,1
3129,涔,5708,谘,1
3130,涕,3010,沸,1
3130,涕,3108,浠,1
3130,涕,3174,深,1
3130,涕,4523,绨,1
3130,涕,4564,缔,1
3130,涕,6074,递,1
3132,涛,843,唪,1
3132,涛,1148,堵,1
3132,涛,1464,将,1
3132,涛,2098,抢,1
3132,涛,3102,浔,1
3132,涛,3156,淆,1
3132,涛,3776,畴,1
3132,涛,5645,诗,1
3133,涝,3113,浩,1
3133,涝,3263,滞,1
3133,涝,4564,缔,1
3133,涝,5119,菏,1
3133,涝,5290,虏,1
3134,涞,2564,来,1
3134,涞,3087,浃,1
3134,涞,3127,涑,1
3134,涞,3238,溧,1
3134,涞,5642,诔,1
3135,涟,411,冱,1
3135,涟,794,哇,1
3135,涟,905,喵,1
3135,涟,3018,泄,1
3135,涟,3659,琏,1
3135,涟,5641,诓,1
3135,涟,6042,连,1
3135,涟,6386,链,1
3136,涠,425,凋,1
3136,涠,3057,洇,1
3136,涠,3164,淙,1
3137,涡,790,品,1
3137,涡,2969,汭,1
3137,涡,3125,涌,1
3137,涡,3152,涿,1
3137,涡,3202,渴,1
3137,涡,3282,演,1
3137,涡,5653,诟,1
3138,涢,2984,沉,1
3138,涢,3128,涓,1
3138,涢,3137,涡,1
3139,涣,841,唤,1
3139,涣,3106,浜,1
3139,涣,3120,浼,1
3139,涣,3239,溪,1
3139,涣,4527,续,1
3140,涤,409,冯,1
3140,涤,420,净,1
3140,涤,3004,沫,1
3140,涤,3051,泻,1
3141,润,1885,恤,1
3141,润,2966,汨,1
3141,润,2986,沏,1
3141,润,3067,洞,1
3141,润,3151,涸,1
3142,涧,1789,徊,1
3142,涧,3017,泃,1
3142,涧,6515,间,1
3142,涧,6518,闷,1
3143,涨,4247,窜,1
3144,涩,1609,巡,1
3144,涩,3013,沼,1
3144,涩,3037,泥,1
3144,涩,6709,韭,1
3145,涪,3116,浯,1
3145,涪,3117,浴,1
3145,涪,3175,淳,1
3145,涪,3231,溘,1
3145,涪,4589,缮,1
3145,涪,5634,诌,1
3146,涫,3672,琯,1
3147,涮,477,刷,1
3147,涮,847,唰,1
3147,涮,3059,洌,1
3148,涯,428,凑,1
3148,涯,3822,痉,1
3149,液,3035,波,1
3149,液,3815,疾,1
3150,涵,446,函,1
3150,涵,2956,汕,1
3150,涵,3093,浊,1
3150,涵,3116,浯,1
3150,涵,3293,漶,1
3150,涵,4927,艮,1
3150,涵,5604,讪,1
3151,涸,1855,怛,1
3151,涸,2958,汛,1
3151,涸,3019,泅,1
3151,涸,3136,涠,1
3151,涸,3141,润,1
3151,涸,5688,调,1
3153,淀,3071,洨,1
3153,淀,3144,涩,1
3153,淀,3820,症,1
3153,淀,4543,绽,1
3154,淄,4586,缫,1
3156,淆,1921,悫,1
3156,淆,1940,惜,1
3156,淆,2998,沥,1
3156,淆,3132,涛,1
3156,淆,3190,渚,1
3156,淆,3221,湲,1
3156,淆,3763,界,1
3156,淆,5677,诸,1
3156,淆,6365,铩,1
3157,淇,3087,浃,1
3157,淇,3242,溲,1
3157,淇,3284,漠,1
3157,淇,3668,琪,1
3158,淋,3674,琳,1
3158,淋,4802,脒,1
3158,淋,5610,讲,1
3159,淌,284,倘,1
3159,淌,2965,汤,1
3159,淌,3067,洞,1
3159,淌,3128,涓,1
3159,淌,3893,的,1
3159,淌,4531,绱,1
3159,淌,5666,语,1
3159,淌,5667,诮,1
3159,淌,5956,躺,1
3160,淏,5683,课,1
3161,淑,648,叔,1
3161,淑,2369,敝,1
3161,淑,3291,漱,1
3162,淖,3172,淬,1
3162,淖,6553,阜,1
3162,淖,6554,阝,1
3163,淘,861,啕,1
3163,淘,3125,涌,1
3163,淘,3199,渭,1
3163,淘,3329,澹,1
3163,淘,5656,询,1
3163,淘,6507,闫,1
3163,淘,6511,闰,1
3163,淘,6538,阋,1
3164,淙,3121,涂,1
3164,淙,3124,涉,1
3164,淙,3146,涫,1
3164,淙,3153,淀,1
3164,淙,3174,深,1
3164,淙,4542,综,1
3167,淠,3099,浑,1
3168,淡,308,偎,1
3168,淡,3013,沼,1
3168,淡,3109,浡,1
3168,淡,6555,队,1
3169,淤,3178,添,1
3169,淤,3203,游,1
3169,淤,6102,遐,1
3170,淦,3000,沧,1
3170,淦,6075,途,1
3171,淫,1059,坠,1
3171,淫,3038,注,1
3171,淫,3122,涅,1
3171,淫,3167,淠,1
3171,淫,3168,淡,1
3171,淫,3217,湟,1
3171,淫,3218,湨,1
3171,淫,3220,湮,1
3171,淫,3260,滗,1
3171,淫,3316,澄,1
3171,淫,4520,绥,1
3171,淫,5659,该,1
3172,淬,2957,汗,1
3172,淬,3065,洚,1
3172,淬,3098,浐,1
3172,淬,3239,溪,1
3172,淬,3289,漭,1
3172,淬,3292,漳,1
3173,淮,1131,堆,1
3173,淮,3085,派,1
3173,淮,3136,涠,1
3173,淮,3148,涯,1
3173,淮,3272,滩,1
3173,淮,3793,疟,1
3173,淮,4534,维,1
3174,深,1172,墚,1
3174,深,2522,月,1
3174,深,3099,浑,1
3174,深,3160,淏,1
3174,深,3199,渭,1
3174,深,5649,诛,1
3174,深,5662,诨,1
3174,深,5695,谋,1
3175,淳,424,凉,1
3175,淳,1450,寡,1
3175,淳,3121,涂,1
3175,淳,3145,涪,1
3175,淳,3292,漳,1
3176,混,2968,汪,1
3176,混,3037,泥,1
3176,混,3042,泯,1
3176,混,3186,渑,1
3176,混,3667,琨,1
3177,淹,907,喹,1
3177,淹,2999,沦,1
3177,淹,6264,鋈,1
3178,添,2233,掭,1
3179,淼,4766,胙,1
3180,清,3132,涛,1
3180,清,3156,淆,1
3180,清,3190,渚,1
3180,清,3199,渭,1
3180,清,5630,诈,1
3180,清,5677,诸,1
3180,清,6663,青,1
3180,清,6665,靖,1
3180,清,6669,靠,1
3181,渊,495,剕,1
3181,渊,3322,澜,1
3182,渌,4081,碌,1
3183,渍,3037,泥,1
3183,渍,3138,涢,1
3183,渍,3180,清,1
3183,渍,4524,绩,1
3184,渎,3174,深,1
3184,渎,4527,续,1
3184,渎,5810,赎,1
3185,渐,823,哳,1
3185,渐,1040,圻,1
3185,渐,3104,浙,1
3185,渐,3319,澌,1
3185,渐,3321,澎,1
3187,渔,3036,泣,1
3187,渔,3173,淮,1
3187,渔,3201,渲,1
3187,渔,3209,湎,1
3187,渔,3258,滔,1
3187,渔,3314,潼,1
3187,渔,6027,迄,1
3187,渔,6935,鱼,1
3188,渖,3182,渌,1
3189,渗,1452,寥,1
3189,渗,3068,洣,1
3189,渗,3292,漳,1
3189,渗,5710,谚,1
3190,渚,3123,消,1
3190,渚,3156,淆,1
3190,渚,3180,清,1
3190,渚,3209,湎,1
3190,渚,3219,湫,1
3190,渚,3315,潽,1
3190,渚,5534,褚,1
3191,渝,260,俞,1
3191,渝,908,喻,1
3191,渝,3147,涮,1
3191,渝,5030,茜,1
3192,渠,1848,怎,1
3192,渠,2543,朵,1
3192,渠,2615,柒,1
3192,渠,2616,染,1
3192,渠,2779,榘,1
3192,渠,4411,粱,1
3192,渠,6264,鋈,1
3192,渠,6623,集,1
3193,渡,1699,度,1
3193,渡,3791,疚,1
3194,渣,3180,清,1
3194,渣,3227,溇,1
3194,渣,6113,遭,1
3194,渣,6973,鲨,1
3195,渤,3291,漱,1
3195,渤,3318,澉,1
3196,渥,3122,涅,1
3196,渥,3176,混,1
3196,渥,3241,溱,1
3196,渥,6081,逞,1
3197,温,411,冱,1
3197,温,3138,涢,1
3197,温,3186,渑,1
3197,温,3202,渴,1
3197,温,3215,湜,1
3197,温,6099,遇,1
3199,渭,425,凋,1
3199,渭,3202,渴,1
3199,渭,3247,溻,1
3199,渭,3256,滑,1
3199,渭,3283,漕,1
3199,渭,3302,潜,1
3200,港,610,卷,1
3200,港,3190,渚,1
3200,港,3235,溢,1
3200,港,4565,缕,1
3200,港,5716,谡,1
3201,渲,3006,沮,1
3201,渲,4932,艴,1
3201,渲,5694,谊,1
3201,渲,6101,遏,1
3202,渴,899,喝,1
3202,渴,1124,埸,1
3202,渴,1473,尚,1
3202,渴,3111,浥,1
3202,渴,3118,海,1
3202,渴,3137,涡,1
3202,渴,3197,温,1
3202,渴,3199,渭,1
3202,渴,3247,溻,1
3202,渴,3265,滠,1
3202,渴,4270,竭,1
3202,渴,5689,谄,1
3202,渴,6101,遏,1
3203,游,3169,淤,1
3203,游,3246,溺,1
3203,游,3318,澉,1
3203,游,5350,蛤,1
3204,渺,717,吵,1
3204,渺,3011,油,1
3204,渺,3056,洄,1
3204,渺,3940,眇,1
3204,渺,4554,缈,1
3205,湃,1161,塮,1
3205,湃,3326,澳,1
3205,湃,3336,濞,1
3206,湄,3275,滴,1
3206,湄,4270,竭,1
3208,湍,896,喘,1
3208,湍,2436,昂,1
3208,湍,2457,昴,1
3208,湍,3014,沽,1
3208,湍,4531,绱,1
3208,湍,5911,踹,1
3209,湎,3021,泊,1
3209,湎,6201,酒,1
3210,湓,3118,海,1
3210,湓,3196,渥,1
3211,湔,3206,湄,1
3211,湔,6104,遒,1
3212,湖,3104,浙,1
3212,湖,3308,潮,1
3212,湖,3324,澥,1
3212,湖,4391,米,1
3212,湖,4422,糊,1
3213,湘,516,办,1
3213,湘,3161,淑,1
3213,湘,3212,湖,1
3213,湘,3685,瑚,1
3214,湛,3200,港,1
3214,湛,3343,瀑,1
3214,湛,5698,谎,1
3215,湜,1986,慥,1
3215,湜,2455,是,1
3215,湜,3122,涅,1
3215,湜,3138,涢,1
3215,湜,3176,混,1
3215,湜,3288,漫,1
3215,湜,4553,缇,1
3215,湜,6088,逮,1
3216,湝,3154,淄,1
3216,湝,3258,滔,1
3216,湝,3269,滥,1
3216,湝,3276,滹,1
3217,湟,3122,涅,1
3217,湟,3326,澳,1
3217,湟,5291,虐,1
3218,湨,3243,溴,1
3219,湫,3226,溆,1
3219,湫,4180,秋,1
3220,湮,3217,湟,1
3221,湲,4563,缓,1
3222,湾,3032,泞,1
3222,湾,3189,渗,1
3222,湾,5666,语,1
3223,湿,2449,星,1
3223,湿,3107,浞,1
3223,湿,3122,涅,1
3223,湿,3144,涩,1
3223,湿,3288,漫,1
3224,溃,426,凌,1
3224,溃,3183,渍,1
3224,溃,5715,谠,1
3225,溅,3074,洮,1
3225,溅,3113,浩,1
3225,溅,3334,濑,1
3225,溅,4550,缄,1
3225,溅,5781,贱,1
3225,溅,5792,贼,1
3226,溆,3161,淑,1
3226,溆,3201,渲,1
3227,溇,1592,嵝,1
3227,溇,3052,泼,1
3227,溇,4565,缕,1
3228,溉,1857,思,1
3228,溉,1988,慨,1
3228,溉,3042,泯,1
3229,溏,1990,慵,1
3230,源,424,凉,1
3230,源,3085,派,1
3230,源,3148,涯,1
3230,源,5678,诹,1
3230,源,5690,谅,1
3232,溜,3012,治,1
3232,溜,3199,渭,1
3232,溜,3338,濡,1
3233,溟,3160,淏,1
3233,溟,3288,漫,1
3234,溠,3200,港,1
3234,溠,4589,缮,1
3234,溠,5679,诺,1
3234,溠,6820,馐,1
3235,溢,2825,橦,1
3235,溢,3210,湓,1
3235,溢,3269,滥,1
3235,溢,3287,漪,1
3235,溢,3301,潘,1
3237,溦,2369,敝,1
3237,溦,2370,敞,1
3237,溦,3331,激,1
3238,溧,2695,梁,1
3238,溧,3277,漂,1
3239,溪,1609,巡,1
3239,溪,3168,淡,1
3239,溪,3218,湨,1
3239,溪,3221,湲,1
3239,溪,3271,滨,1
3239,溪,3298,潋,1
3240,溯,2528,朔,1
3240,溯,3078,洴,1
3240,溯,3142,涧,1
3240,溯,3213,湘,1
3240,溯,5735,谴,1
3241,溱,428,凑,1
3242,溲,3210,湓,1
3242,溲,5685,谀,1
3244,溶,3040,泫,1
3244,溶,3051,泻,1
3244,溶,3093,浊,1
3244,溶,3262,滚,1
3244,溶,3690,瑢,1
3245,溷,3136,涠,1
3245,溷,3151,涸,1
3245,溷,5392,蝈,1
3245,溷,6552,阚,1
3246,溺,3050,泺,1
3246,溺,3161,淑,1
3246,溺,3309,潲,1
3246,溺,5663,诩,1
3247,溻,3102,浔,1
3247,溻,4532,绲,1
3248,溽,4571,缛,1
3248,溽,6020,辱,1
3249,滁,5806,赊,1
3249,滁,6588,除,1
3250,滂,3222,湾,1
3250,滂,3664,琤,1
3252,滇,3243,溴,1
3252,滇,4572,缜,1
3252,滇,5680,读,1
3253,滋,1387,学,1
3253,滋,3024,泓,1
3253,滋,3040,泫,1
3253,滋,3101,浓,1
3253,滋,4524,绩,1
3255,滏,3065,洚,1
3255,滏,3170,淦,1
3255,滏,3171,淫,1
3255,滏,6264,鋈,1
3256,滑,3102,浔,1
3256,滑,3199,渭,1
3256,滑,4516,绡,1
3256,滑,4517,绢,1
3256,滑,5700,谐,1
3256,滑,6886,骨,1
3257,滓,3037,泥,1
3258,滔,36,临,1
3258,滔,3015,沾,1
3258,滔,3132,涛,1
3258,滔,3137,涡,1
3258,滔,3232,溜,1
3259,滕,1342,媵,1
3259,滕,4856,膝,1
3262,滚,3086,流,1
3262,滚,3268,滤,1
3262,滚,5474,衮,1
3263,滞,4548,缂,1
3266,满,3231,溘,1
3266,满,3275,滴,1
3266,满,3293,漶,1
3266,满,3297,潇,1
3266,满,3300,潏,1
3266,满,3990,瞒,1
3266,满,5119,菏,1
3266,满,5711,谛,1
3267,滢,5108,莹,1
3268,滤,424,凉,1
3268,滤,1704,庶,1
3268,滤,3045,泳,1
3269,滥,3303,潞,1
3269,滥,3325,澧,1
3270,滦,2615,柒,1
3270,滦,2663,栾,1
3270,滦,3175,淳,1
3270,滦,3238,溧,1
3270,滦,3323,澡,1
3270,滦,4593,缲,1
3270,滦,5691,谆,1
3271,滨,1436,宾,1
3271,滨,3131,涘,1
3271,滨,3163,淘,1
3271,滨,3282,演,1
3272,滩,329,傩,1
3272,滩,3867,瘫,1
3272,滩,4085,碓,1
3272,滩,4209,稚,1
3272,滩,6626,雌,1
3272,滩,6868,骓,1
3273,滪,3335,濒,1
3273,滪,7154,鼫,1
3274,滫,3302,潜,1
3274,滫,4421,糈,1
3275,滴,1503,屑,1
3275,滴,3193,渡,1
3275,滴,3206,湄,1
3275,滴,3229,溏,1
3275,滴,3258,滔,1
3276,滹,5701,谑,1
3277,漂,323,傈,1
3277,漂,2561,束,1
3277,漂,3164,淙,1
3277,漂,3220,湮,1
3277,漂,3238,溧,1
3277,漂,3290,漯,1
3277,漂,3296,潆,1
3277,漂,3307,潭,1
3277,漂,3323,澡,1
3277,漂,4542,综,1
3277,漂,5632,诊,1
3278,漆,421,凄,1
3278,漆,3134,涞,1
3278,漆,3184,渎,1
3278,漆,3241,溱,1
3278,漆,3306,潦,1
3278,漆,3840,痰,1
3278,漆,6825,馕,1
3280,漏,3149,液,1
3280,漏,3256,滑,1
3280,漏,3520,犏,1
3280,漏,3839,痫,1
3280,漏,5713,谝,1
3281,漓,1993,憎,1
3281,漓,3140,涤,1
3281,漓,3300,潏,1
3281,漓,5719,谤,1
3282,演,1440,寅,1
3282,演,3072,洪,1
3282,演,3146,涫,1
3282,演,3174,深,1
3282,演,3187,渔,1
3282,演,3201,渲,1
3282,演,3254,滍,1
3282,演,3314,潼,1
3282,演,3336,濞,1
3284,漠,3160,淏,1
3284,漠,3168,淡,1
3284,漠,3252,滇,1
3286,漩,2409,旋,1
3286,漩,3168,淡,1
3286,漩,3299,潍,1
3286,漩,3700,璇,1
3288,漫,2518,曼,1
3288,漫,3242,溲,1
3288,漫,4154,祲,1
3288,漫,4581,缦,1
3289,漭,3098,浐,1
3290,漯,3122,涅,1
3290,漯,3174,深,1
3290,漯,4582,缧,1
3291,漱,939,嗽,1
3291,漱,2370,敞,1
3291,漱,3219,湫,1
3291,漱,4749,肷,1
3291,漱,6731,颇,1
3292,漳,1702,庳,1
3292,漳,3083,洼,1
3292,漳,3162,淖,1
3292,漳,3172,淬,1
3292,漳,5711,谛,1
3292,漳,5728,谭,1
3295,漾,1,一,1
3295,漾,3265,滠,1
3296,潆,3337,濠,1
3296,潆,4445,綦,1
3296,潆,4570,缚,1
3297,潇,3337,濠,1
3297,潇,4528,绮,1
3297,潇,5154,萧,1
3298,潋,3237,溦,1
3298,潋,3320,澍,1
3299,潍,3027,泖,1
3299,潍,3251,滃,1
3299,潍,4534,维,1
3300,潏,3275,滴,1
3300,潏,5733,谲,1
3301,潘,2573,杳,1
3301,潘,3171,淫,1
3301,潘,3221,湲,1
3301,潘,3315,潽,1
3301,潘,3773,番,1
3302,潜,2520,替,1
3302,潜,5729,谮,1
3303,潞,3704,璐,1
3303,潞,5899,踞,1
3303,潞,6285,钒,1
3303,潞,6893,骼,1
3304,潟,3202,渴,1
3304,潟,4886,舄,1
3305,潢,773,咦,1
3306,潦,3241,溱,1
3306,潦,3278,漆,1
3306,潦,3296,潆,1
3306,潦,3655,琇,1
3307,潭,429,凛,1
3307,潭,3277,漂,1
3307,潭,3292,漳,1
3307,潭,3336,濞,1
3308,潮,3212,湖,1
3310,潴,3206,湄,1
3310,潴,3287,漪,1
3310,潴,3583,猪,1
3310,潴,3900,皓,1
3311,潵,2369,敝,1
3311,潵,2370,敞,1
3311,潵,3313,潺,1
3311,潵,5237,蔽,1
3312,潸,3302,潜,1
3313,潺,3247,溻,1
3314,潼,3288,漫,1
3316,澄,1601,嶝,1
3316,澄,3169,淤,1
3316,澄,3222,湾,1
3316,澄,3267,滢,1
3316,澄,3889,登,1
3316,澄,5669,诰,1
3316,澄,6592,陪,1
3317,澈,648,叔,1
3317,澈,2370,敞,1
3317,澈,3156,淆,1
3317,澈,3251,滃,1
3317,澈,3311,潵,1
3321,澎,1242,奶,1
3321,澎,3024,泓,1
3321,澎,3246,溺,1
3321,澎,3305,潢,1
3321,澎,3320,澍,1
3321,澎,5463,街,1
3322,澜,3075,洱,1
3322,澜,3158,淋,1
3322,澜,6536,阉,1
3322,澜,6546,阔,1
3323,澡,918,嗓,1
3323,澡,2695,梁,1
3323,澡,3102,浔,1
3323,澡,3332,濂,1
3323,澡,3343,瀑,1
3323,澡,5690,谅,1
3324,澥,3232,溜,1
3325,澧,6113,遭,1
3326,澳,1717,廙,1
3326,澳,2005,懊,1
3326,澳,3044,泱,1
3326,澳,3233,溟,1
3326,澳,6587,院,1
3327,澴,4594,缳,1
3328,澶,3201,渲,1
3328,澶,3342,瀍,1
3330,澼,346,僻,1
3330,澼,3203,游,1
3331,激,3237,溦,1
3331,激,3298,潋,1
3331,激,4595,缴,1
3332,濂,3229,溏,1
3333,濉,6631,雕,1
3334,濑,2008,懒,1
3335,濒,3273,滪,1
3335,濒,3291,漱,1
3335,濒,6719,须,1
3335,濒,6740,频,1
3338,濡,3263,滞,1
3338,濡,3277,漂,1
3338,濡,3301,潘,1
3339,濮,3276,滹,1
3339,濮,3707,璞,1
3341,瀌,3279,漉,1
3343,瀑,3278,漆,1
3343,瀑,3473,爆,1
3343,瀑,5724,谩,1
3347,瀵,62,乙,1
3348,瀹,3191,渝,1
3350,灌,3234,溠,1
3350,灌,3267,滢,1
3350,灌,4339,箜,1
3350,灌,6619,雀,1
3351,灏,37,丶,1
3353,火,64,九,1
3353,火,595,卡,1
3353,火,1811,忆,1
3353,火,2841,次,1
3354,灬,1808,心,1
3355,灭,641,又,1
3355,灭,4010,矢,1
3356,灯,747,呵,1
3356,灯,2954,汐,1
3356,灯,3361,灼,1
3356,灯,3385,炸,1
3356,灯,3476,爪,1
3357,灰,784,咴,1
3357,灰,1485,尺,1
3357,灰,1490,尿,1
3357,灰,1679,庆,1
3358,灵,2426,旯,1
3358,灵,5300,虱,1
3359,灶,1259,妙,1
3359,灶,2992,沚,1
3359,灶,3363,灿,1
3359,灶,3398,烛,1
3360,灸,3373,炙,1
3360,灸,4011,矣,1
3361,灼,1246,妁,1
3361,灼,3356,灯,1
3361,灼,3367,炊,1
3361,灼,5777,购,1
3361,灼,5854,趵,1
3362,灾,1417,实,1
3362,灾,1418,宠,1
3362,灾,2983,沈,1
3363,灿,1608,州,1
3363,灿,3369,炒,1
3363,灿,4394,籼,1
3364,炀,4008,矛,1
3365,炅,2438,昆,1
3365,炅,2455,是,1
3365,炅,2462,显,1
3365,炅,3358,灵,1
3365,炅,3382,炱,1
3366,炉,145,仰,1
3366,炉,1631,师,1
3367,炊,719,吹,1
3367,炊,1839,怀,1
3367,炊,2845,欧,1
3367,炊,3389,炽,1
3367,炊,6789,饮,1
3368,炎,1213,失,1
3368,炎,2180,挲,1
3368,炎,3358,灵,1
3368,炎,3382,炱,1
3368,炎,5800,资,1
3368,炎,5836,走,1
3369,炒,1674,幼,1
3369,炒,3204,渺,1
3369,炒,3366,炉,1
3370,炔,1849,怏,1
3370,炔,2452,昧,1
3370,炔,3367,炊,1
3371,炕,94,亢,1
3371,炕,1515,屹,1
3371,炕,3406,烩,1
3371,炕,3411,烷,1
3372,炖,1862,性,1
3373,炙,688,名,1
3373,炙,1217,夹,1
3373,炙,5746,象,1
3374,炜,4466,纬,1
3376,炟,3462,燃,1
3377,炫,1867,怯,1
3377,炫,2659,核,1
3377,炫,5801,赅,1
3378,炬,3089,浆,1
3378,炬,4014,矩,1
3379,炭,1433,宸,1
3379,炭,3373,炙,1
3380,炮,3376,炟,1
3381,炯,1534,岣,1
3381,炯,1890,恫,1
3381,炯,3142,涧,1
3381,炯,3401,烟,1
3381,炯,5344,蛔,1
3381,炯,5392,蝈,1
3382,炱,789,哀,1
3382,炱,4011,矣,1
3383,炳,734,呖,1
3383,炳,1631,师,1
3383,炳,3387,炻,1
3383,炳,3410,烯,1
3383,炳,6810,馅,1
3384,炷,3377,炫,1
3384,炷,3435,煜,1
3385,炸,1847,怍,1
3385,炸,2623,柞,1
3385,炸,3366,炉,1
3385,炸,3395,烊,1
3385,炸,3397,烙,1
3385,炸,4297,笮,1
3386,点,376,兰,1
3386,点,586,卓,1
3386,点,688,名,1
3386,点,736,员,1
3386,点,1221,奂,1
3386,点,1869,总,1
3386,点,2674,桌,1
3386,点,5292,虑,1
3386,点,5852,足,1
3386,点,6935,鱼,1
3387,炻,1846,怊,1
3387,炻,1891,恬,1
3387,炻,2618,柘,1
3387,炻,3378,炬,1
3387,炻,3418,焐,1
3388,炼,417,冻,1
3388,炼,1114,埘,1
3388,炼,1352,嫘,1
3388,炼,3372,炖,1
3388,炼,3420,焕,1
3388,炼,5378,蜞,1
3389,炽,3363,灿,1
3389,炽,5812,赐,1
3390,烀,1861,怦,1
3390,烀,3405,烨,1
3392,烂,3378,炬,1
3392,烂,3404,烧,1
3392,烂,5373,蜕,1
3393,烃,3054,泾,1
3393,烃,3392,烂,1
3393,烃,3420,焕,1
3393,烃,3423,焙,1
3394,烈,4879,致,1
3395,烊,776,咩,1
3395,烊,1788,徉,1
3395,烊,3405,烨,1
3395,烊,3414,烽,1
3396,烘,3398,烛,1
3396,烘,5301,虹,1
3397,烙,781,咯,1
3398,烛,3372,炖,1
3398,烛,3402,烤,1
3399,烜,3376,炟,1
3399,烜,3403,烦,1
3399,烜,3419,焓,1
3399,烜,3435,煜,1
3401,烟,787,咽,1
3401,烟,1551,峒,1
3401,烟,3057,洇,1
3401,烟,3389,炽,1
3401,烟,3398,烛,1
3402,烤,590,博,1
3402,烤,746,味,1
3402,烤,2151,拷,1
3402,烤,3391,烁,1
3402,烤,3423,焙,1
3402,烤,3466,燔,1
3403,烦,1784,径,1
3403,烦,6715,顷,1
3403,烦,6717,项,1
3404,烧,1876,恍,1
3404,烧,2682,桡,1
3404,烧,5299,虮,1
3405,烨,1929,悻,1
3406,烩,3392,烂,1
3407,烫,2512,曰,1
3407,烫,3114,浪,1
3407,烫,3218,湨,1
3407,烫,5652,诞,1
3407,烫,5849,趟,1
3408,烬,1257,妖,1
3408,烬,5802,赆,1
3409,热,532,势,1
3409,热,3454,熟,1
3409,热,5850,趣,1
3410,烯,832,唏,1
3410,烯,1128,埽,1
3410,烯,2408,旆,1
3410,烯,2707,梯,1
3410,烯,3466,燔,1
3410,烯,4200,稀,1
3411,烷,1103,垸,1
3411,烷,3389,炽,1
3411,烷,3404,烧,1
3411,烷,4507,绘,1
3411,烷,5373,蜕,1
3412,烹,101,享,1
3412,烹,105,亲,1
3412,烹,1848,怎,1
3412,烹,5225,蔗,1
3412,烹,6012,辜,1
3413,烺,1887,恨,1
3413,烺,3447,熄,1
3414,烽,1386,孥,1
3414,烽,3053,泽,1
3414,烽,3172,淬,1
3414,烽,3416,焊,1
3414,烽,5363,蜂,1
3415,焉,1381,孝,1
3415,焉,1896,恶,1
3415,焉,2465,晋,1
3415,焉,3478,爰,1
3415,焉,5464,衙,1
3416,焊,35,串,1
3416,焊,1795,得,1
3416,焊,3369,炒,1
3416,焊,4414,粹,1
3418,焐,3393,烃,1
3418,焐,3450,熔,1
3418,焐,4921,艋,1
3419,焓,3397,烙,1
3419,焓,3418,焐,1
3420,焕,841,唤,1
3420,焕,2005,懊,1
3420,焕,2199,换,1
3420,焕,3370,炔,1
3420,焕,3384,炷,1
3420,焕,3403,烦,1
3420,焕,6469,镔,1
3421,焖,1890,恫,1
3421,焖,6518,闷,1
3422,焘,24,丞,1
3422,焘,1461,寿,1
3422,焘,4153,祯,1
3423,焙,1125,培,1
3423,焙,3371,炕,1
3423,焙,3402,烤,1
3423,焙,3450,熔,1
3423,焙,3460,熵,1
3424,焚,1328,婪,1
3424,焚,5045,茺,1
3424,焚,7049,鸵,1
3425,焜,3371,炕,1
3426,焦,18,丘,1
3426,焦,271,俱,1
3426,焦,2419,旦,1
3426,焦,6617,隽,1
3427,焯,3395,烊,1
3427,焯,3414,烽,1
3428,焰,3456,熥,1
3428,焰,3466,燔,1
3429,焱,3802,疭,1
3429,焱,5263,薮,1
3429,焱,5813,赑,1
3429,焱,5816,赕,1
3430,然,232,供,1
3430,然,1280,姓,1
3433,煌,1659,幌,1
3433,煌,3423,焙,1
3433,煌,3435,煜,1
3433,煌,5397,蝗,1
3434,煎,386,兼,1
3434,煎,1687,应,1
3434,煎,1962,愈,1
3434,煎,3394,烈,1
3435,煜,3389,炽,1
3436,煞,2363,敏,1
3436,煞,3448,熊,1
3436,煞,3454,熟,1
3437,煤,892,喋,1
3437,煤,1286,姝,1
3437,煤,1934,惊,1
3437,煤,3396,烘,1
3437,煤,3519,犍,1
3437,煤,5347,蛛,1
3438,煦,3439,照,1
3439,照,2454,昭,1
3439,照,3394,烈,1
3440,煨,884,喂,1
3440,煨,1887,恨,1
3440,煨,3425,焜,1
3441,煮,14,专,1
3441,煮,1957,惹,1
3441,煮,1966,意,1
3441,煮,4265,竟,1
3441,煮,5196,蒸,1
3442,煲,3592,猾,1
3442,煲,4393,类,1
3445,煺,3413,烺,1
3446,煽,3469,燥,1
3447,熄,840,唣,1
3447,熄,1528,岘,1
3447,熄,3380,炮,1
3447,熄,3389,炽,1
3447,熄,3453,熜,1
3447,熄,3462,燃,1
3448,熊,23,丝,1
3448,熊,4792,能,1
3448,熊,6314,钰,1
3449,熏,3412,烹,1
3449,熏,5544,襄,1
3449,熏,6634,雩,1
3449,熏,6646,震,1
3449,熏,7128,黛,1
3449,熏,7135,黧,1
3450,熔,3244,溶,1
3450,熔,3377,炫,1
3450,熔,3397,烙,1
3450,熔,3428,焰,1
3450,熔,3447,熄,1
3450,熔,5437,蟓,1
3450,熔,5710,谚,1
3451,熘,1587,嵎,1
3451,熘,2787,榴,1
3453,熜,3447,熄,1
3454,熟,532,势,1
3454,熟,538,勐,1
3454,熟,1138,堑,1
3454,熟,2882,殛,1
3455,熠,3451,熘,1
3456,熥,1566,崆,1
3456,熥,3372,炖,1
3460,熵,1967,愔,1
3460,熵,2300,摘,1
3460,熵,5401,蝤,1
3461,熹,1190,壹,1
3462,燃,5576,触,1
3463,燊,2689,桨,1
3464,燎,5428,螵,1
3467,燕,1903,恿,1
3467,燕,1970,感,1
3467,燕,5225,蔗,1
3469,燥,3388,炼,1
3469,燥,3695,瑾,1
3469,燥,5347,蛛,1
3469,燥,5369,蜍,1
3470,燧,5420,螠,1
3470,燧,6611,隧,1
3472,燹,4074,硬,1
3473,爆,350,儒,1
3473,爆,1958,惺,1
3473,爆,3469,燥,1
3475,爨,407,冫,1
3476,爪,689,后,1
3476,爪,3723,瓦,1
3477,爬,638,县,1
3477,爬,1266,妪,1
3478,爰,3479,爱,1
3479,爱,6655,霞,1
3480,爵,2465,晋,1
3480,爵,4895,舜,1
3480,爵,5261,薨,1
3481,父,641,又,1
3481,父,646,反,1
3481,父,1197,夕,1
3481,父,2014,戈,1
3481,父,2840,欠,1
3482,爷,43,举,1
3482,爷,606,危,1
3482,爷,688,名,1
3482,爷,760,咎,1
3482,爷,1193,备,1
3482,爷,3481,父,1
3482,爷,6258,釜,1
3483,爸,610,卷,1
3483,爸,3482,爷,1
3483,爸,4278,笆,1
3484,爹,2563,条,1
3484,爹,6258,釜,1
3485,爻,50,义,1
3485,爻,3481,父,1
3487,爿,32,丬,1
3487,爿,1483,尸,1
3490,片,356,兄,1
3490,片,1045,坊,1
3490,片,1464,将,1
3490,片,1621,巳,1
3490,片,2900,比,1
3490,片,2964,污,1
3490,片,3753,电,1
3490,片,5771,货,1
3491,版,3504,牧,1
3491,版,3761,畈,1
3491,版,6788,饭,1
3492,牌,1283,姘,1
3492,牌,1501,屏,1
3492,牌,4208,稗,1
3492,牌,5343,蛑,1
3492,牌,6595,陴,1
3493,牍,3517,犊,1
3496,牙,56,乐,1
3496,牙,1667,干,1
3496,牙,3618,玡,1
3496,牙,4008,矛,1
3497,牚,2723,棠,1
3497,牚,4232,穿,1
3498,牛,87,井,1
3498,牛,1213,失,1
3498,牛,2541,朱,1
3498,牛,6312,钮,1
3499,牝,559,北,1
3499,牝,2860,此,1
3499,牝,4469,纰,1
3499,牝,5969,轱,1
3500,牟,378,关,1
3500,牟,581,半,1
3500,牟,639,叁,1
3500,牟,4011,矣,1
3501,牡,1186,壮,1
3501,牡,3499,牝,1
3501,牡,3507,牯,1
3501,牡,4967,花,1
3501,牡,6281,钍,1
3502,牢,168,伞,1
3502,牢,401,军,1
3502,牢,1243,奸,1
3502,牢,1402,宇,1
3502,牢,1417,实,1
3502,牢,6011,辛,1
3503,牦,3943,眊,1
3504,牧,648,叔,1
3504,牧,761,咏,1
3504,牧,2061,扛,1
3504,牧,2361,敉,1
3504,牧,3505,物,1
3505,物,1044,均,1
3505,物,1885,恤,1
3505,物,2129,拘,1
3506,牮,582,华,1
3506,牮,824,哺,1
3506,牮,5069,荦,1
3507,牯,1541,岵,1
3508,牲,1280,姓,1
3508,牲,1862,性,1
3508,牲,2166,挝,1
3508,牲,2178,挫,1
3508,牲,3501,牡,1
3508,牲,3503,牦,1
3508,牲,3505,物,1
3509,牵,586,卓,1
3509,牵,1226,奋,1
3509,牵,2471,晕,1
3509,牵,5069,荦,1
3510,特,1267,妫,1
3510,特,1874,恃,1
3510,特,2189,捋,1
3510,特,2658,样,1
3510,特,3205,湃,1
3510,特,3826,痔,1
3510,特,4196,秸,1
3510,特,4419,糅,1
3510,特,5367,蜉,1
3511,牺,2094,抛,1
3511,牺,2649,栖,1
3511,牺,3383,炳,1
3511,牺,4012,知,1
3511,牺,4598,缸,1
3512,牾,6383,铻,1
3513,牿,6006,辖,1
3514,犀,5377,蜜,1
3514,犀,6020,辱,1
3515,犁,2226,掣,1
3515,犁,2705,梨,1
3516,犄,3574,猗,1
3516,犄,6416,锜,1
3517,犊,2356,攻,1
3517,犊,3493,牍,1
3517,犊,3516,犄,1
3519,犍,4837,腱,1
3519,犍,6433,键,1
3520,犏,1990,慵,1
3520,犏,6870,骗,1
3521,犒,2280,搞,1
3521,犒,3510,特,1
3521,犒,3516,犄,1
3521,犒,3520,犏,1
3521,犒,4219,稿,1
3524,犬,1206,天,1
3526,犯,2084,把,1
3526,犯,3527,犰,1
3527,犰,3532,犹,1
3528,犴,6705,韩,1
3529,状,160,伏,1
3529,状,2970,汰,1
3530,犷,2065,扩,1
3530,犷,4025,矿,1
3531,犸,2567,杩,1
3532,犹,179,估,1
3532,犹,3527,犰,1
3533,狁,3539,狍,1
3534,狂,1186,壮,1
3534,狂,1251,妇,1
3534,狂,2060,托,1
3534,狂,4188,秤,1
3534,狂,4730,肚,1
3535,狃,2069,扭,1
3536,狄,3532,犹,1
3536,狄,3537,狈,1
3536,狄,4180,秋,1
3536,狄,6076,逖,1
3536,狄,6834,驮,1
3537,狈,4186,租,1
3537,狈,4397,粑,1
3537,狈,6299,钡,1
3538,狉,1863,怨,1
3538,狉,1960,愁,1
3540,狎,2108,押,1
3541,狐,2087,抓,1
3541,狐,3533,狁,1
3541,狐,3719,瓠,1
3543,狗,2121,拍,1
3543,狗,2129,拘,1
3543,狗,5753,豹,1
3544,狙,189,但,1
3544,狙,3527,犰,1
3544,狙,3537,狈,1
3544,狙,3561,狸,1
3544,狙,4400,粗,1
3545,狝,3572,猕,1
3546,狞,1398,宁,1
3546,狞,3530,犷,1
3547,狠,2110,抿,1
3547,狠,3536,狄,1
3547,狠,3561,狸,1
3547,狠,4103,碾,1
3548,狡,1944,惦,1
3548,狡,2222,掖,1
3548,狡,2299,摔,1
3548,狡,3552,狭,1
3549,狨,2144,拭,1
3549,狨,3542,狒,1
3550,狩,2189,捋,1
3550,狩,3510,特,1
3550,狩,3546,狞,1
3550,狩,3555,狰,1
3551,独,4199,秾,1
3552,狭,3551,独,1
3553,狮,1847,怍,1
3553,狮,2637,栅,1
3553,狮,3542,狒,1
3554,狯,166,会,1
3554,狯,3551,独,1
3554,狯,6799,饸,1
3555,狰,3574,猗,1
3555,狰,4208,稗,1
3555,狰,5658,诤,1
3555,狰,6001,辑,1
3557,狲,7055,鸻,1
3558,狳,3121,涂,1
3559,狴,2178,挫,1
3560,狷,2194,捐,1
3560,狷,3585,猬,1
3560,狷,6001,辑,1
3561,狸,257,俚,1
3561,狸,2193,捏,1
3561,狸,3534,狂,1
3561,狸,4831,腥,1
3562,狺,6466,镑,1
3563,狻,3548,狡,1
3563,狻,6864,骏,1
3564,狼,3539,狍,1
3564,狼,5308,蚀,1
3564,狼,5760,貔,1
3565,猁,4064,硎,1
3566,猃,2198,捡,1
3567,猄,2224,掠,1
3567,猄,3546,狞,1
3567,猄,3554,狯,1
3567,猄,3555,狰,1
3568,猇,2270,搅,1
3568,猇,2293,摅,1
3570,猎,1337,媚,1
3570,猎,2231,措,1
3570,猎,3542,狒,1
3570,猎,3560,狷,1
3570,猎,3576,猜,1
3570,猎,4805,脖,1
3570,猎,4819,腊,1
3570,猎,6413,错,1
3571,猓,2333,操,1
3571,猓,3558,狳,1
3572,猕,2283,搦,1
3572,猕,3557,狲,1
3573,猖,2158,指,1
3573,猖,3547,狠,1
3573,猖,3560,狷,1
3573,猖,3562,狺,1
3573,猖,3575,猛,1
3573,猖,3579,猡,1
3573,猖,3585,猬,1
3573,猖,7031,鸡,1
3574,猗,3548,狡,1
3575,猛,3566,猃,1
3575,猛,3591,猹,1
3576,猜,2252,揞,1
3576,猜,3570,猎,1
3576,猜,3573,猖,1
3577,猝,985,噼,1
3577,猝,3596,獐,1
3579,猡,3581,猥,1
3580,猢,3540,狎,1
3582,猩,3392,烂,1
3582,猩,3539,狍,1
3582,猩,3550,狩,1
3582,猩,6237,醒,1
3582,猩,6266,鍠,1
3583,猪,1148,堵,1
3583,猪,2475,晞,1
3583,猪,3584,猫,1
3583,猪,3591,猹,1
3583,猪,4525,绪,1
3583,猪,5534,褚,1
3584,猫,3573,猖,1
3584,猫,3579,猡,1
3584,猫,3583,猪,1
3584,猫,6414,锚,1
3585,猬,1309,娟,1
3585,猬,3581,猥,1
3586,献,338,僦,1
3586,献,3589,猷,1
3586,献,6176,郸,1
3587,猱,2106,抹,1
3588,猴,4561,缑,1
3589,猷,3597,獒,1
3589,猷,6205,酞,1
3592,猾,3570,猎,1
3592,猾,3576,猜,1
3592,猾,3585,猬,1
3592,猾,4667,耀,1
3593,猿,1805,德,1
3594,獍,2318,撞,1
3594,獍,3596,獐,1
3597,獒,2875,殊,1
3597,獒,2938,氮,1
3597,獒,5818,赘,1
3598,獗,2311,撅,1
3598,獗,3601,獭,1
3599,獠,3596,獐,1
3601,獭,3588,猴,1
3603,獴,2534,朦,1
3605,玄,82,亏,1
3605,玄,166,会,1
3605,玄,357,充,1
3605,玄,636,去,1
3605,玄,1672,幺,1
3605,玄,5581,言,1
3606,率,77,争,1
3606,率,1428,宰,1
3606,率,3597,獒,1
3606,率,6011,辛,1
3607,玉,6,三,1
3607,玉,83,云,1
3607,玉,441,凸,1
3607,玉,1820,志,1
3607,玉,2859,正,1
3607,玉,3608,王,1
3608,王,6,三,1
3608,王,1027,土,1
3608,王,1184,士,1
3608,王,1456,寸,1
3608,王,1611,工,1
3608,王,1619,己,1
3610,玑,3626,现,1
3610,玑,5599,讥,1
3611,玕,2427,旰,1
3611,玕,3645,珥,1
3611,玕,6282,钎,1
3612,玖,2356,攻,1
3612,玖,2841,次,1
3612,玖,3622,玩,1
3612,玖,4454,纠,1
3612,玖,6717,项,1
3612,玖,6721,顽,1
3613,玙,3664,琤,1
3615,玛,3531,犸,1
3615,玛,4133,祃,1
3616,玟,1058,坟,1
3616,玟,3631,玻,1
3617,玠,3799,疥,1
3618,玡,3611,玕,1
3618,玡,3663,琢,1
3619,玢,2976,汾,1
3620,玥,3632,珀,1
3620,玥,3633,珂,1
3621,玦,3623,玫,1
3621,玦,3663,琢,1
3621,玦,5623,诀,1
3622,玩,1685,庑,1
3622,玩,2417,既,1
3622,玩,2981,沅,1
3622,玩,3656,琉,1
3623,玫,1058,坟,1
3623,玫,2357,放,1
3623,玫,2358,政,1
3623,玫,2842,欢,1
3623,玫,2995,没,1
3623,玫,4709,职,1
3623,玫,4879,致,1
3624,玮,3643,珠,1
3624,玮,5611,讳,1
3625,环,2703,梦,1
3625,环,2970,汰,1
3626,现,2596,枧,1
3626,现,3610,玑,1
3626,现,3665,琥,1
3626,现,3668,琪,1
3626,现,4464,纪,1
3626,现,5556,规,1
3626,现,6130,邝,1
3626,现,6720,顼,1
3627,玲,2975,汽,1
3627,玲,3612,玖,1
3627,玲,3619,玢,1
3627,玲,3637,珍,1
3627,玲,5621,设,1
3629,玷,3613,玙,1
3629,玷,3617,玠,1
3629,玷,3619,玢,1
3629,玷,4223,穑,1
3629,玷,5619,讼,1
3631,玻,1060,坡,1
3631,玻,4929,艰,1
3631,玻,6571,陂,1
3632,珀,3620,玥,1
3634,珈,6329,钿,1
3636,珊,1282,姗,1
3636,珊,3076,洲,1
3636,珊,3674,琳,1
3637,珍,1098,垮,1
3637,珍,1613,巧,1
3637,珍,3639,珐,1
3637,珍,3769,畛,1
3637,珍,4706,聆,1
3638,珏,1781,往,1
3639,珐,193,佐,1
3639,珐,3638,珏,1
3639,珐,3693,瑶,1
3640,珑,1077,垅,1
3641,珙,3072,洪,1
3641,珙,3668,琪,1
3642,珞,6369,铭,1
3642,珞,6800,饹,1
3643,珠,2106,抹,1
3643,珠,2452,昧,1
3643,珠,5492,袜,1
3644,珣,3687,瑜,1
3645,珥,6346,铒,1
3647,珩,1766,形,1
3648,班,766,咖,1
3648,班,2971,汲,1
3649,珰,3614,玚,1
3650,珲,4634,群,1
3651,珽,3126,涎,1
3652,球,2019,戎,1
3652,球,2641,栊,1
3652,球,3628,玳,1
3652,球,3666,琦,1
3653,琅,1917,悢,1
3653,琅,3114,浪,1
3653,琅,4201,稂,1
3653,琅,6406,锒,1
3653,琅,6581,限,1
3654,理,1062,坦,1
3654,理,2531,望,1
3654,理,3186,渑,1
3654,理,3561,狸,1
3654,理,4121,礌,1
3656,琉,418,冼,1
3656,琉,1149,塃,1
3656,琉,3622,玩,1
3656,琉,3670,琬,1
3656,琉,3709,璠,1
3656,琉,5655,诡,1
3659,琏,2664,桀,1
3659,琏,3631,玻,1
3659,琏,3658,琎,1
3660,琐,2842,欢,1
3660,琐,3091,浈,1
3660,琐,3123,消,1
3660,琐,3670,琬,1
3660,琐,3686,瑛,1
3660,琐,6389,锁,1
3660,琐,6720,顼,1
3662,琛,3654,理,1
3663,琢,410,冰,1
3663,琢,3045,泳,1
3663,琢,3614,玚,1
3663,琢,6716,顸,1
3664,琤,3666,琦,1
3664,琤,5658,诤,1
3666,琦,3613,玙,1
3666,琦,6585,陟,1
3668,琪,3233,溟,1
3670,琬,3692,瑰,1
3671,琮,3672,琯,1
3673,琰,3168,淡,1
3673,琰,3700,璇,1
3674,琳,2587,林,1
3674,琳,3645,珥,1
3674,琳,3985,瞅,1
3674,琳,4802,脒,1
3675,琴,3693,瑶,1
3675,琴,3699,璆,1
3675,琴,5220,蓼,1
3675,琴,5436,蟒,1
3675,琴,6265,錾,1
3676,琵,3037,泥,1
3676,琵,3663,琢,1
3676,琵,4681,耗,1
3677,琶,1532,岜,1
3677,琶,4651,翘,1
3678,琼,1613,巧,1
3678,琼,2136,拣,1
3678,琼,2489,晾,1
3678,琼,2877,殍,1
3678,琼,3642,珞,1
3678,琼,3663,琢,1
3678,琼,5854,趵,1
3679,瑀,3698,璃,1
3679,瑀,6923,魂,1
3680,瑁,3696,璀,1
3681,瑄,3649,珰,1
3682,瑕,947,嘏,1
3682,瑕,1766,形,1
3685,瑚,4772,胡,1
3685,瑚,6563,阴,1
3688,瑞,1955,惴,1
3688,瑞,3679,瑀,1
3688,瑞,5924,蹐,1
3689,瑟,884,喂,1
3689,瑟,1624,巽,1
3689,瑟,2366,敖,1
3689,瑟,3675,琴,1
3689,瑟,6091,逶,1
3689,瑟,6771,飞,1
3689,瑟,6999,鳃,1
3690,瑢,2778,榕,1
3690,瑢,3244,溶,1
3690,瑢,6592,陪,1
3692,瑰,3623,玫,1
3692,瑰,3670,琬,1
3693,瑶,1501,屏,1
3693,瑶,2295,摇,1
3693,瑶,3639,珐,1
3693,瑶,3643,珠,1
3693,瑶,3649,珰,1
3693,瑶,3660,琐,1
3693,瑶,3679,瑀,1
3693,瑶,4202,稃,1
3693,瑶,4507,绘,1
3694,瑷,3693,瑶,1
3695,瑾,3654,理,1
3696,璀,3688,瑞,1
3698,璃,1955,惴,1
3698,璃,3262,滚,1
3698,璃,3281,漓,1
3698,璃,3679,瑀,1
3698,璃,4172,离,1
3698,璃,5425,螭,1
3699,璆,5727,谬,1
3701,璈,3682,瑕,1
3702,璋,6862,骍,1
3704,璐,3303,潞,1
3706,璜,7119,黄,1
3707,璞,971,噗,1
3707,璞,3706,璜,1
3707,璞,3708,璟,1
3709,璠,2248,描,1
3709,璠,2322,播,1
3710,璧,3735,甓,1
3710,璧,5546,襞,1
3710,璧,6271,鐾,1
3712,璩,982,噱,1
3713,璪,2333,操,1
3715,瓒,2345,攒,1
3715,瓒,3703,璎,1
3716,瓘,3696,璀,1
3717,瓜,163,众,1
3717,瓜,570,匹,1
3717,瓜,623,厕,1
3717,瓜,687,同,1
3720,瓢,1385,孤,1
3720,瓢,3731,甄,1
3721,瓣,2400,新,1
3721,瓣,6016,辨,1
3723,瓦,84,互,1
3723,瓦,646,反,1
3723,瓦,1387,学,1
3723,瓦,3891,百,1
3723,瓦,4875,自,1
3723,瓦,5618,论,1
3723,瓦,7184,龟,1
3724,瓮,364,兔,1
3724,瓮,1752,弱,1
3724,瓮,2924,氖,1
3726,瓴,4479,纺,1
3726,瓴,6742,颔,1
3727,瓶,4404,粞,1
3727,瓶,6298,钠,1
3727,瓶,6889,骶,1
3728,瓷,1125,培,1
3728,瓷,1434,容,1
3728,瓷,4285,笕,1
3728,瓷,5504,装,1
3731,甄,5990,辆,1
3731,甄,6222,酶,1
3732,甍,5261,薨,1
3736,甘,2555,材,1
3738,甚,2455,是,1
3738,甚,3933,直,1
3738,甚,5031,茝,1
3739,甜,2362,敌,1
3739,甜,4277,笄,1
3739,甜,4538,绸,1
3739,甜,5103,莳,1
3739,甜,6865,骐,1
3740,生,25,丢,1
3740,生,669,叱,1
3740,生,690,吏,1
3740,生,1033,圭,1
3740,生,1050,坐,1
3740,生,1472,尘,1
3740,生,1678,庄,1
3740,生,2905,毛,1
3742,用,743,周,1
3742,用,2522,月,1
3742,用,3749,田,1
3742,用,6509,问,1
3743,甩,551,包,1
3743,甩,1622,巴,1
3743,甩,3753,电,1
3744,甪,553,匈,1
3744,甪,3742,用,1
3745,甫,6829,香,1
3746,甬,589,南,1
3746,甬,5569,角,1
3746,甬,6633,雨,1
3746,甬,6671,面,1
3747,甭,3746,甬,1
3747,甭,4747,育,1
3747,甭,5968,轰,1
3749,田,552,匆,1
3749,田,1000,囚,1
3749,田,1001,四,1
3749,田,1005,因,1
3749,田,1006,囡,1
3749,田,2512,曰,1
3749,田,3742,用,1
3749,田,3750,由,1
3749,田,4481,纽,1
3749,田,5762,贝,1
3749,田,6508,闭,1
3750,由,393,冉,1
3750,由,2512,曰,1
3750,由,2895,母,1
3750,由,3753,电,1
3750,由,4724,肉,1
3751,甲,3752,申,1
3751,甲,6780,饣,1
3752,申,33,中,1
3753,电,551,包,1
3753,电,707,吨,1
3753,电,2514,曳,1
3753,电,3740,生,1
3753,电,3750,由,1
3754,男,400,写,1
3754,男,1888,恩,1
3754,男,3759,畀,1
3754,男,4295,笫,1
3754,男,4887,舅,1
3755,甸,403,冠,1
3755,甸,549,勿,1
3755,甸,552,匆,1
3755,甸,553,匈,1
3757,画,12,丐,1
3758,甾,1610,巢,1
3758,甾,4287,笛,1
3759,畀,2482,景,1
3760,畅,4735,肠,1
3760,畅,6793,饲,1
3762,畋,5769,败,1
3763,界,595,卡,1
3763,界,2590,果,1
3763,界,3759,畀,1
3765,畏,1857,思,1
3765,畏,1922,悬,1
3765,畏,4613,罨,1
3765,畏,4619,罴,1
3765,畏,5503,裂,1
3765,畏,7125,黑,1
3766,畔,765,咕,1
3766,畔,812,哞,1
3766,畔,2120,拌,1
3766,畔,5459,衅,1
3767,留,3232,溜,1
3767,留,4488,组,1
3767,留,4991,苗,1
3767,留,5569,角,1
3767,留,5788,贸,1
3767,留,6108,遛,1
3768,畚,1226,奋,1
3768,畚,3773,番,1
3768,畚,4245,窗,1
3770,畜,830,唇,1
3770,畜,1443,富,1
3770,畜,5088,莒,1
3770,畜,5203,蓄,1
3770,畜,5581,言,1
3770,畜,6902,高,1
3771,略,781,咯,1
3771,略,2489,晾,1
3771,略,3953,眩,1
3771,略,4803,脓,1
3771,略,6369,铭,1
3772,畦,691,吐,1
3772,畦,768,咚,1
3772,畦,794,哇,1
3772,畦,2469,晓,1
3772,畦,3955,眭,1
3772,畦,6219,酲,1
3772,畦,6260,銍,1
3772,畦,6852,骁,1
3773,番,78,事,1
3773,番,2594,枣,1
3773,番,4177,秃,1
3773,番,6829,香,1
3774,畯,829,唆,1
3774,畯,4809,脧,1
3776,畴,843,唪,1
3776,畴,4880,臻,1
3777,畸,1127,埼,1
3777,畸,3998,瞬,1
3777,畸,4734,肟,1
3777,畸,5878,跨,1
3777,畸,6223,酷,1
3778,畹,5390,蜿,1
3781,疆,2344,攉,1
3781,疆,4925,艟,1
3782,疋,1485,尺,1
3782,疋,5549,襻,1
3784,疏,155,伉,1
3784,疏,828,唁,1
3784,疏,3622,玩,1
3784,疏,6857,骇,1
3785,疑,1602,嶷,1
3785,疑,3407,烫,1
3785,疑,4783,胰,1
3785,疑,6118,避,1
3785,疑,6685,鞋,1
3787,疔,2978,沂,1
3787,疔,3788,疖,1
3788,疖,3798,疤,1
3789,疗,702,吠,1
3789,疗,1683,序,1
3789,疗,2604,枵,1
3789,疗,3203,游,1
3789,疗,3826,痔,1
3789,疗,5185,蒋,1
3789,疗,5472,衫,1
3789,疗,7036,鸦,1
3790,疙,3812,疹,1
3790,疙,3822,痉,1
3791,疚,2659,核,1
3791,疚,3796,疢,1
3791,疚,3807,疲,1
3792,疝,3802,疭,1
3792,疝,3832,痢,1
3793,疟,3820,症,1
3795,疡,1765,彡,1
3795,疡,3133,涝,1
3795,疡,3789,疗,1
3795,疡,3819,病,1
3795,疡,3831,痞,1
3796,疢,3552,狭,1
3796,疢,3802,疭,1
3796,疢,3815,疾,1
3796,疢,3840,痰,1
3796,疢,3842,痴,1
3796,疢,3853,瘐,1
3798,疤,357,充,1
3798,疤,616,厄,1
3798,疤,3792,疝,1
3799,疥,3817,痃,1
3799,疥,5983,轿,1
3800,疫,2888,段,1
3800,疫,3831,痞,1
3801,疬,3828,痖,1
3802,疭,1680,庇,1
3803,疮,2726,棬,1
3803,疮,3790,疙,1
3803,疮,3820,症,1
3804,疯,3819,病,1
3806,疱,1689,庖,1
3807,疲,1780,彼,1
3807,疲,3827,痕,1
3807,疲,3831,痞,1
3807,疲,3862,瘤,1
3807,疲,4226,穴,1
3807,疲,4229,穸,1
3807,疲,6887,骰,1
3808,疳,3814,疽,1
3809,疴,3789,疗,1
3810,疵,1680,庇,1
3810,疵,3792,疝,1
3812,疹,3789,疗,1
3812,疹,3817,痃,1
3813,疼,3822,痉,1
3813,疼,3865,瘩,1
3813,疼,5291,虐,1
3814,疽,4186,租,1
3814,疽,6105,道,1
3814,疽,6566,阻,1
3815,疾,3790,疙,1
3815,疾,3800,疫,1
3815,疾,3813,疼,1
3815,疾,3817,痃,1
3815,疾,3822,痉,1
3815,疾,3838,痪,1
3815,疾,3868,瘭,1
3816,痂,3788,疖,1
3818,痄,917,嗒,1
3818,痄,3841,痱,1
3819,病,1116,埚,1
3819,病,3791,疚,1
3819,病,3795,疡,1
3819,病,3804,疯,1
3819,病,3820,症,1
3819,病,3842,痴,1
3820,症,3798,疤,1
3820,症,3811,疸,1
3820,症,3829,痘,1
3820,症,4701,耻,1
3820,症,5738,谷,1
3820,症,5978,轺,1
3821,痈,1501,屏,1
3821,痈,1941,惝,1
3821,痈,2693,桶,1
3821,痈,3788,疖,1
3821,痈,5194,蒲,1
3821,痈,6691,鞠,1
3822,痉,1499,屋,1
3822,痉,3790,疙,1
3822,痉,3804,疯,1
3822,痉,3805,疰,1
3822,痉,3813,疼,1
3822,痉,3820,症,1
3822,痉,3823,痊,1
3822,痉,3829,痘,1
3823,痊,2228,控,1
3823,痊,3822,痉,1
3823,痊,3829,痘,1
3823,痊,3850,瘆,1
3825,痒,2133,拜,1
3825,痒,3822,痉,1
3825,痒,3834,痤,1
3825,痒,3871,瘴,1
3826,痔,3510,特,1
3826,痔,3871,瘴,1
3826,痔,4885,舂,1
3827,痕,358,兆,1
3827,痕,3085,派,1
3827,痕,3840,痰,1
3828,痖,3814,疽,1
3828,痖,3829,痘,1
3829,痘,1690,店,1
3829,痘,1997,憧,1
3829,痘,3791,疚,1
3829,痘,3805,疰,1
3829,痘,3812,疹,1
3829,痘,3856,瘘,1
3829,痘,3878,癃,1
3830,痛,3795,疡,1
3830,痛,3839,痫,1
3830,痛,5529,褊,1
3830,痛,6691,鞠,1
3831,痞,283,倔,1
3831,痞,3272,滩,1
3831,痞,3812,疹,1
3831,痞,3823,痊,1
3831,痞,3873,瘸,1
3831,痞,4862,膺,1
3832,痢,3211,湔,1
3832,痢,3852,瘌,1
3833,痣,3268,滤,1
3833,痣,3826,痔,1
3833,痣,3845,痿,1
3834,痤,1700,座,1
3834,痤,3805,疰,1
3835,痦,833,唐,1
3835,痦,3865,瘩,1
3837,痨,3819,病,1
3838,痪,2176,挨,1
3838,痪,2311,撅,1
3838,痪,3851,瘊,1
3840,痰,2179,振,1
3840,痰,3467,燕,1
3840,痰,3838,痪,1
3840,痰,3856,瘘,1
3840,痰,3857,瘙,1
3840,痰,3865,瘩,1
3840,痰,3879,癌,1
3842,痴,3801,疬,1
3843,痹,3796,疢,1
3843,痹,3868,瘭,1
3845,痿,3807,疲,1
3846,瘀,3831,痞,1
3847,瘁,202,作,1
3847,瘁,3845,痿,1
3847,瘁,3849,瘅,1
3847,瘁,3882,癖,1
3848,瘃,3824,痍,1
3849,瘅,3830,痛,1
3849,瘅,3871,瘴,1
3849,瘅,3872,瘵,1
3850,瘆,3846,瘀,1
3850,瘆,3865,瘩,1
3851,瘊,3878,癃,1
3852,瘌,3832,痢,1
3853,瘐,3838,痪,1
3853,瘐,3876,瘿,1
3854,瘕,3800,疫,1
3855,瘗,3878,癃,1
3858,瘛,3827,痕,1
3859,瘟,3210,湓,1
3859,瘟,3698,璃,1
3859,瘟,3811,疸,1
3859,瘟,3869,瘰,1
3859,瘟,6002,辒,1
3860,瘠,3882,癖,1
3862,瘤,3232,溜,1
3862,瘤,3795,疡,1
3862,瘤,3873,瘸,1
3862,瘤,4862,膺,1
3863,瘥,3878,癃,1
3864,瘦,1712,廋,1
3864,瘦,1985,慢,1
3864,瘦,3838,痪,1
3865,瘩,3856,瘘,1
3865,瘩,3860,瘠,1
3866,瘪,840,唣,1
3866,瘪,1709,庾,1
3866,瘪,3811,疸,1
3866,瘪,3874,瘼,1
3867,瘫,3818,痄,1
3867,瘫,3822,痉,1
3867,瘫,3841,痱,1
3867,瘫,3880,癍,1
3867,瘫,4252,窥,1
3869,瘰,3230,源,1
3869,瘰,3868,瘭,1
3870,瘳,1452,寥,1
3871,瘴,1354,嫜,1
3871,瘴,1696,庠,1
3871,瘴,3817,痃,1
3872,瘵,3864,瘦,1
3873,瘸,1658,幅,1
3874,瘼,3871,瘴,1
3875,瘾,1771,彪,1
3875,瘾,3880,癍,1
3877,癀,3874,瘼,1
3879,癌,3840,痰,1
3879,癌,3866,瘪,1
3879,癌,5718,谣,1
3880,癍,3867,瘫,1
3881,癔,422,准,1
3881,癔,3845,痿,1
3881,癔,4213,稳,1
3882,癖,2298,摒,1
3882,癖,3330,澼,1
3883,癜,2890,殿,1
3884,癞,2852,歃,1
3884,癞,3318,澉,1
3884,癞,3601,獭,1
3885,癣,3843,痹,1
3885,癣,3882,癖,1
3886,癫,3883,癜,1
3888,癸,1232,奖,1
3888,癸,4010,矢,1
3888,癸,4441,紫,1
3889,登,438,凳,1
3889,登,2866,死,1
3889,登,2879,殓,1
3889,登,4383,簦,1
3890,白,1383,孢,1
3890,白,2394,斥,1
3890,白,5457,血,1
3890,白,6038,这,1
3891,百,1498,届,1
3891,百,2460,昼,1
3891,百,2523,有,1
3891,百,2573,杳,1
3891,百,2865,歹,1
3891,百,3750,由,1
3891,百,4727,肓,1
3891,百,4994,苜,1
3891,百,5634,诌,1
3892,皂,364,兔,1
3892,皂,1401,宅,1
3892,皂,2514,曳,1
3892,皂,2905,毛,1
3892,皂,5099,莫,1
3893,的,42,丽,1
3893,的,124,仍,1
3893,的,520,劢,1
3893,的,526,劬,1
3893,的,649,取,1
3893,的,720,吻,1
3893,的,1245,好,1
3893,的,1615,巩,1
3893,的,2435,昀,1
3893,的,3890,白,1
3893,的,4023,矽,1
3893,的,4027,码,1
3893,的,4735,肠,1
3893,的,6305,钧,1
3894,皆,782,咱,1
3894,皆,1533,岢,1
3894,皆,2421,旨,1
3894,皆,2443,昏,1
3894,皆,2703,梦,1
3894,皆,4292,符,1
3894,皆,4761,背,1
3894,皆,6710,音,1
3895,皇,1956,惶,1
3896,皈,303,倾,1
3896,皈,2363,敏,1
3897,皋,584,卑,1
3897,皋,1656,幂,1
3897,皋,6250,采,1
3898,皎,6945,鲇,1
3899,皑,3901,皖,1
3899,皑,4022,矻,1
3900,皓,871,啭,1
3900,皓,3899,皑,1
3901,皖,2469,晓,1
3901,皖,3899,皑,1
3901,皖,6986,鲵,1
3902,皙,2490,暂,1
3902,皙,2710,梵,1
3902,皙,2730,棵,1
3904,皮,159,伎,1
3904,皮,646,反,1
3904,皮,1530,岚,1
3904,皮,2356,攻,1
3904,皮,4724,肉,1
3904,皮,5762,贝,1
3904,皮,7113,麦,1
3905,皱,1780,彼,1
3905,皱,3631,玻,1
3905,皱,3907,皴,1
3906,皲,4774,胥,1
3906,皲,6683,鞁,1
3907,皴,3905,皱,1
3907,皴,3906,皲,1
3907,皴,4011,矣,1
3908,皿,1003,回,1
3908,皿,2419,旦,1
3908,皿,3028,泗,1
3909,盂,86,五,1
3909,盂,3194,渣,1
3909,盂,3607,玉,1
3909,盂,3773,番,1
3909,盂,3917,盏,1
3909,盂,3924,盘,1
3909,盂,4889,舌,1
3909,盂,6071,透,1
3910,盅,1421,宣,1
3910,盅,1519,岂,1
3910,盅,1824,忠,1
3911,盆,1046,坌,1
3911,盆,1443,富,1
3912,盈,1203,夤,1
3912,盈,3920,盒,1
3912,盈,3923,盗,1
3912,盈,6935,鱼,1
3914,益,3911,盆,1
3914,益,3915,盍,1
3914,益,5740,豆,1
3915,盍,3770,畜,1
3917,盏,3915,盍,1
3917,盏,3921,盔,1
3918,盐,3923,盗,1
3918,盐,4303,笾,1
3919,监,36,临,1
3919,监,2861,步,1
3919,监,3368,炎,1
3919,监,3923,盗,1
3919,监,4530,绰,1
3919,监,4552,缆,1
3919,监,6048,迨,1
3919,监,6049,迩,1
3920,盒,1443,富,1
3920,盒,3928,盫,1
3921,盔,2626,查,1
3921,盔,4672,耆,1
3921,盔,6254,重,1
3922,盖,886,善,1
3922,盖,3909,盂,1
3922,盖,3915,盍,1
3922,盖,3920,盒,1
3923,盗,4231,空,1
3923,盗,6124,邑,1
3923,盗,6935,鱼,1
3924,盘,108,亶,1
3925,盛,90,些,1
3925,盛,1936,惑,1
3925,盛,3917,盏,1
3925,盛,3926,盟,1
3925,盛,6812,馇,1
3926,盟,3919,监,1
3926,盟,4647,翌,1
3927,盥,3926,盟,1
3928,盫,4173,禽,1
3929,目,743,周,1
3929,目,2522,月,1
3929,目,3127,涑,1
3929,目,3736,甘,1
3929,目,4875,自,1
3929,目,5007,苷,1
3929,目,6529,阂,1
3930,盯,607,即,1
3930,盯,666,叮,1
3930,盯,3356,灯,1
3930,盯,3931,盱,1
3930,盯,6255,野,1
3931,盱,2427,旰,1
3932,盲,857,商,1
3932,盲,2421,旨,1
3932,盲,3770,畜,1
3932,盲,4753,肾,1
3932,盲,4850,膏,1
3933,直,3948,真,1
3933,直,4696,耳,1
3933,直,5006,苴,1
3933,直,6826,首,1
3934,相,1890,恫,1
3934,相,2114,担,1
3934,相,2424,旭,1
3934,相,2580,极,1
3934,相,2612,柏,1
3934,相,2619,柙,1
3934,相,2629,柯,1
3935,盹,2903,毗,1
3935,盹,3943,眊,1
3936,盼,708,吩,1
3936,盼,2551,杉,1
3937,盾,194,佑,1
3937,盾,214,佰,1
3937,盾,229,侑,1
3937,盾,1084,垕,1
3937,盾,2158,指,1
3937,盾,2443,昏,1
3937,盾,4994,苜,1
3937,盾,5772,质,1
3938,省,870,啬,1
3938,省,1545,岿,1
3938,省,3973,督,1
3938,省,4728,肖,1
3938,省,4993,苛,1
3938,省,5007,苷,1
3938,省,6619,雀,1
3940,眇,4725,肋,1
3941,眈,3968,睑,1
3942,眉,573,匾,1
3942,眉,5362,蜀,1
3943,眊,4790,胺,1
3944,看,521,劣,1
3944,看,2421,旨,1
3944,看,2451,春,1
3944,看,2495,暑,1
3944,看,3773,番,1
3944,看,3937,盾,1
3944,看,3959,眷,1
3944,看,3963,着,1
3944,看,4883,舀,1
3944,看,6826,首,1
3946,眙,2435,昀,1
3947,眚,4353,箸,1
3948,真,361,克,1
3948,真,589,南,1
3948,真,1893,息,1
3948,真,4409,粪,1
3948,真,5099,莫,1
3949,眠,740,呢,1
3949,眠,2458,昵,1
3949,眠,2469,晓,1
3949,眠,2903,毗,1
3949,眠,4824,腒,1
3950,眢,2488,智,1
3951,眦,3029,泚,1
3951,眦,3941,眈,1
3952,眨,741,呤,1
3952,眨,3995,瞧,1
3953,眩,683,吆,1
3953,眩,2439,昉,1
3953,眩,2569,杭,1
3953,眩,4732,肜,1
3953,眩,4785,胲,1
3953,眩,5815,赔,1
3956,眯,358,兆,1
3956,眯,2106,抹,1
3956,眯,3508,牲,1
3956,眯,3967,睐,1
3957,眵,793,哆,1
3958,眶,3945,眍,1
3959,眷,610,卷,1
3959,眷,3944,看,1
3960,眸,4764,胖,1
3960,眸,5363,蜂,1
3961,眺,2667,桃,1
3961,眺,2903,毗,1
3961,眺,3941,眈,1
3961,眺,3985,瞅,1
3961,眺,5883,跳,1
3962,眼,2478,晤,1
3962,眼,2526,服,1
3962,眼,2660,根,1
3962,眼,4755,胀,1
3962,眼,6503,长,1
3963,着,3768,畚,1
3963,着,5231,蔷,1
3964,睁,752,呼,1
3965,睃,829,唆,1
3965,睃,2472,晖,1
3965,睃,3774,畯,1
3965,睃,4809,脧,1
3967,睐,2452,昧,1
3967,睐,4849,膊,1
3969,睚,3958,眶,1
3970,睛,868,啧,1
3970,睛,3776,畴,1
3970,睛,4818,腈,1
3970,睛,5924,蹐,1
3971,睡,2207,捶,1
3971,睡,2507,曛,1
3971,睡,3952,眨,1
3972,睢,846,唯,1
3973,督,2528,朔,1
3973,督,3781,疆,1
3973,督,3994,瞥,1
3973,督,6644,霄,1
3973,督,6758,颦,1
3974,睥,865,啤,1
3974,睥,2472,晖,1
3975,睦,4846,膀,1
3976,睨,3901,皖,1
3977,睫,836,唛,1
3977,睫,4783,胰,1
3977,睫,4837,腱,1
3977,睫,5810,赎,1
3977,睫,6925,魄,1
3978,睬,2472,晖,1
3978,睬,3967,睐,1
3979,睹,2479,晦,1
3979,睹,2497,暗,1
3979,睹,3946,眙,1
3980,睽,3997,瞪,1
3982,睿,5205,蓉,1
3984,瞄,4819,腊,1
3985,瞅,2257,揪,1
3986,瞌,916,嗑,1
3986,瞌,4863,膻,1
3988,瞎,1204,夥,1
3988,瞎,3953,眩,1
3988,瞎,3989,瞑,1
3988,瞎,4861,膳,1
3988,瞎,5815,赔,1
3990,瞒,3688,瑞,1
3990,瞒,4814,脶,1
3990,瞒,4819,腊,1
3990,瞒,4823,腑,1
3990,瞒,5358,蛴,1
3991,瞟,6879,骠,1
3992,瞠,953,嘡,1
3993,瞢,2517,曹,1
3994,瞥,2488,智,1
3994,瞥,3983,瞀,1
3994,瞥,4004,瞽,1
3995,瞧,1994,憔,1
3995,瞧,1999,憩,1
3995,瞧,3972,睢,1
3995,瞧,3997,瞪,1
3995,瞧,4812,脱,1
3995,瞧,4815,脸,1
3996,瞩,5946,躇,1
3997,瞪,3710,璧,1
3997,瞪,3980,睽,1
3997,瞪,6498,镲,1
3999,瞭,3599,獠,1
4001,瞳,2507,曛,1
4001,瞳,3971,睡,1
4001,瞳,3972,睢,1
4001,瞳,4839,腹,1
4001,瞳,4868,臆,1
4002,瞵,3705,璘,1
4002,瞵,3992,瞠,1
4002,瞵,4830,腠,1
4002,瞵,6010,辚,1
4003,瞻,964,嘻,1
4003,瞻,5827,赡,1
4003,瞻,6628,雎,1
4004,瞽,3733,甏,1
4005,瞿,3714,璺,1
4005,瞿,6619,雀,1
4008,矛,1459,寻,1
4008,矛,1641,帚,1
4008,矛,2465,晋,1
4008,矛,2617,柔,1
4008,矛,5015,茅,1
4009,矜,1360,嫪,1
4009,矜,1576,崧,1
4009,矜,1749,弪,1
4009,矜,3812,疹,1
4009,矜,3907,皴,1
4010,矢,1208,夫,1
4010,矢,1211,央,1
4010,矢,1490,尿,1
4010,矢,4011,矣,1
4010,矢,4283,笑,1
4011,矣,3605,玄,1
4011,矣,4283,笑,1
4012,知,4017,短,1
4012,知,4598,缸,1
4012,知,5375,蜘,1
4013,矧,4147,祠,1
4014,矩,6294,钜,1
4014,矩,6301,钣,1
4014,矩,6321,钷,1
4015,矫,1301,娇,1
4015,矫,4018,矮,1
4015,矫,5499,袱,1
4015,矫,5983,轿,1
4016,矬,6397,锉,1
4017,短,1781,往,1
4017,短,1784,径,1
4017,短,3433,煌,1
4017,短,4012,知,1
4017,短,4014,矩,1
4017,短,4499,经,1
4018,矮,1328,婪,1
4018,矮,3418,焐,1
4018,矮,6442,锸,1
4019,石,671,右,1
4019,石,689,后,1
4019,石,1028,圣,1
4019,石,3891,百,1
4019,石,4938,节,1
4022,矻,4057,砼,1
4023,矽,224,侈,1
4023,矽,3750,由,1
4023,矽,4068,硖,1
4023,矽,6196,酌,1
4024,矾,42,丽,1
4024,矾,4020,矶,1
4024,矾,4023,矽,1
4024,矾,4038,砚,1
4024,矾,6763,飒,1
4025,矿,4021,矸,1
4026,砀,4069,硗,1
4027,码,4051,破,1
4027,码,4081,碌,1
4027,码,6422,锣,1
4028,砂,4183,秒,1
4030,砌,4026,砀,1
4031,砍,2842,欢,1
4031,砍,3612,玖,1
4031,砍,4038,砚,1
4032,砑,5614,讶,1
4033,砒,147,仳,1
4033,砒,2912,毹,1
4033,砒,3029,泚,1
4033,砒,6379,铷,1
4034,研,1254,妍,1
4034,研,2397,斫,1
4034,研,2867,歼,1
4034,研,4021,矸,1
4034,研,4050,砰,1
4035,砖,3631,玻,1
4035,砖,4031,砍,1
4035,砖,4040,砝,1
4035,砖,4048,砭,1
4035,砖,4051,破,1
4035,砖,4503,结,1
4036,砗,4058,砾,1
4037,砘,3718,瓞,1
4037,砘,4052,砷,1
4038,砚,3626,现,1
4039,砜,4020,矶,1
4039,砜,4031,砍,1
4039,砜,4043,砥,1
4039,砜,4051,破,1
4040,砝,4061,硅,1
4042,砣,6847,驼,1
4043,砥,4032,砑,1
4044,砦,4049,砮,1
4045,砧,887,喆,1
4045,砧,3629,玷,1
4045,砧,4027,码,1
4045,砧,4028,砂,1
4046,砩,4495,绋,1
4047,砬,4077,硷,1
4047,砬,4079,碇,1
4047,砬,4102,碹,1
4048,砭,4061,硅,1
4048,砭,4067,硕,1
4049,砮,4109,磐,1
4050,砰,1065,坪,1
4050,砰,4034,研,1
4050,砰,4041,砟,1
4050,砰,4074,硬,1
4051,破,159,伎,1
4051,破,875,啵,1
4051,破,3631,玻,1
4051,破,4037,砘,1
4051,破,4054,砹,1
4051,破,4074,硬,1
4051,破,4085,碓,1
4052,砷,3540,狎,1
4052,砷,4028,砂,1
4054,砹,4051,破,1
4057,砼,4048,砭,1
4058,砾,2875,殊,1
4058,砾,4036,砗,1
4058,砾,6916,鬣,1
4059,础,4028,砂,1
4059,础,4033,砒,1
4059,础,4043,砥,1
4061,硅,2875,殊,1
4061,硅,4037,砘,1
4061,硅,4059,础,1
4061,硅,4081,碌,1
4063,硌,781,咯,1
4063,硌,6213,酪,1
4066,硒,3819,病,1
4066,硒,4026,砀,1
4066,硒,4027,码,1
4066,硒,6249,醾,1
4067,硕,303,倾,1
4067,硕,3318,澉,1
4067,硕,4038,砚,1
4067,硕,4051,破,1
4067,硕,4089,碛,1
4067,硕,4135,祈,1
4067,硕,6143,邵,1
4067,硕,6721,顽,1
4067,硕,6726,颂,1
4067,硕,6732,颈,1
4067,硕,6733,颉,1
4070,硚,1301,娇,1
4070,硚,4084,碑,1
4071,硝,4118,磺,1
4071,硝,5359,蛸,1
4073,硫,3687,瑜,1
4073,硫,4022,矻,1
4074,硬,2415,旗,1
4074,硬,4051,破,1
4075,硭,4074,硬,1
4076,确,3664,琤,1
4076,确,4071,硝,1
4077,硷,2879,殓,1
4077,硷,3084,洽,1
4077,硷,4057,砼,1
4078,硼,1755,弼,1
4078,硼,5931,蹦,1
4079,碇,4047,砬,1
4079,碇,4086,碗,1
4080,碉,3620,玥,1
4080,碉,4038,砚,1
4080,碉,5688,调,1
4081,碌,3457,熨,1
4082,碍,4081,碌,1
4082,碍,4088,碚,1
4082,碍,4093,碣,1
4082,碍,4122,礓,1
4083,碎,1746,弦,1
4083,碎,2867,歼,1
4083,碎,3172,淬,1
4083,碎,6013,辞,1
4084,碑,2410,旌,1
4084,碑,2867,歼,1
4084,碑,4050,砰,1
4084,碑,5519,裨,1
4085,碓,3700,璇,1
4086,碗,212,佬,1
4086,碗,4037,砘,1
4086,碗,6169,郦,1
4087,碘,2870,殃,1
4087,碘,4059,础,1
4087,碘,4101,碶,1
4088,碚,4105,磅,1
4091,碟,2875,殊,1
4091,碟,3713,璪,1
4091,碟,5914,蹀,1
4091,碟,6994,鲽,1
4093,碣,4270,竭,1
4093,碣,5592,警,1
4093,碣,5923,蹋,1
4095,碧,1535,岩,1
4096,碰,192,住,1
4096,碰,2728,棰,1
4096,碰,4104,磁,1
4096,碰,4108,磋,1
4096,碰,6489,镨,1
4097,碱,2136,拣,1
4097,碱,4072,硪,1
4097,碱,4550,缄,1
4099,碳,4077,硷,1
4099,碳,4081,碌,1
4100,碴,2678,桓,1
4100,碴,2880,殖,1
4100,碴,4035,砖,1
4100,碴,5918,蹅,1
4101,碶,3711,璨,1
4102,碹,4077,硷,1
4103,碾,4065,硐,1
4103,碾,4081,碌,1
4103,碾,4112,磙,1
4104,磁,576,千,1
4104,磁,923,嗞,1
4104,磁,4047,砬,1
4104,磁,4073,硫,1
4104,磁,4096,碰,1
4105,磅,3665,琥,1
4105,磅,4092,碡,1
4105,磅,4117,磷,1
4106,磉,918,嗓,1
4107,磊,4442,累,1
4107,磊,6266,鍠,1
4108,磋,4061,硅,1
4108,磋,5381,蜣,1
4109,磐,4049,砮,1
4109,磐,4095,碧,1
4109,磐,4353,箸,1
4109,磐,4915,船,1
4111,磕,3677,琶,1
4111,磕,4035,砖,1
4111,磕,4040,砝,1
4111,磕,4088,碚,1
4111,磕,4116,磴,1
4112,磙,4123,礞,1
4113,磨,1507,屠,1
4114,磬,6831,馨,1
4115,磲,4106,磉,1
4116,磴,6885,骧,1
4117,磷,2628,柬,1
4117,磷,4123,礞,1
4117,磷,7024,鳞,1
4118,磺,4099,碳,1
4118,磺,4384,簧,1
4121,礌,628,厢,1
4121,礌,4122,礓,1
4122,礓,4591,缰,1
4124,礤,4091,碟,1
4127,示,56,乐,1
4127,示,84,互,1
4127,示,374,六,1
4127,示,516,办,1
4127,示,592,卞,1
4127,示,2482,景,1
4127,示,4174,禾,1
4127,示,4436,系,1
4128,礻,34,丰,1
4128,礻,2944,永,1
4129,礼,1481,就,1
4129,礼,2539,札,1
4129,礼,5495,袪,1
4130,社,1680,庇,1
4130,社,1781,往,1
4130,社,3534,狂,1
4130,社,4136,祉,1
4130,社,5301,虹,1
4132,祁,608,却,1
4132,祁,1628,布,1
4132,祁,6135,邪,1
4132,祁,6157,郎,1
4133,祃,3051,泻,1
4133,祃,5496,被,1
4135,祈,3104,浙,1
4135,祈,4132,祁,1
4136,祉,2858,止,1
4137,祎,4143,祜,1
4138,祓,5498,袯,1
4139,祖,1783,徂,1
4139,祖,4651,翘,1
4139,祖,5558,视,1
4139,祖,5628,诅,1
4139,祖,6566,阻,1
4140,祗,191,低,1
4141,祚,4041,砟,1
4141,祚,5630,诈,1
4142,祛,5495,袪,1
4143,祜,4045,砧,1
4143,祜,4503,结,1
4144,祝,414,况,1
4144,祝,4709,职,1
4144,祝,4907,舰,1
4144,祝,5513,裙,1
4145,神,183,伸,1
4145,神,4141,祚,1
4145,神,5490,袖,1
4145,神,5519,裨,1
4145,神,6297,钟,1
4146,祟,101,享,1
4146,祟,4151,票,1
4146,祟,4441,紫,1
4146,祟,5082,荼,1
4147,祠,5545,襕,1
4148,祢,1745,弥,1
4148,祢,4133,祃,1
4149,祥,1497,屉,1
4149,祥,1815,忏,1
4149,祥,2602,枰,1
4149,祥,2631,柱,1
4149,祥,3825,痒,1
4149,祥,5506,裈,1
4150,祧,165,伙,1
4150,祧,2667,桃,1
4150,祧,3646,珧,1
4150,祧,4157,祺,1
4151,票,101,享,1
4151,票,1387,学,1
4151,票,1389,孪,1
4151,票,2663,栾,1
4151,票,4444,絷,1
4151,票,4447,縻,1
4151,票,5207,蓍,1
4153,祯,2683,桢,1
4153,祯,4150,祧,1
4155,祷,264,俦,1
4155,祷,1697,庤,1
4155,祷,4570,缚,1
4155,祷,6380,铸,1
4156,祸,2610,柄,1
4156,祸,5530,褐,1
4156,祸,5834,赫,1
4157,祺,2717,棋,1
4157,祺,4163,禅,1
4157,祺,4169,禳,1
4158,祼,5683,课,1
4159,祾,1793,徒,1
4160,禀,1943,惠,1
4160,禀,2051,扊,1
4160,禀,4151,票,1
4161,禁,1328,婪,1
4161,禁,1928,悸,1
4161,禁,2689,桨,1
4162,禄,1705,康,1
4162,禄,3652,球,1
4162,禄,4082,碍,1
4162,禄,4137,祎,1
4162,禄,4545,绿,1
4163,禅,1753,弹,1
4163,禅,4149,祥,1
4163,禅,4164,禊,1
4164,禊,4166,禚,1
4165,福,328,储,1
4165,福,5517,裤,1
4165,福,6100,遍,1
4166,禚,4168,禧,1
4168,禧,4169,禳,1
4169,禳,1817,忑,1
4170,禹,1200,多,1
4170,禹,1404,安,1
4170,禹,1706,庸,1
4170,禹,3304,潟,1
4170,禹,6642,需,1
4172,离,1644,帝,1
4172,离,2404,旁,1
4172,离,3281,漓,1
4172,离,4171,禺,1
4172,离,4740,肩,1
4172,离,5746,象,1
4172,离,6332,铂,1
4173,禽,1233,套,1
4173,禽,1642,帛,1
4173,禽,2928,氛,1
4173,禽,3480,爵,1
4173,禽,4172,离,1
4173,禽,4370,篱,1
4173,禽,4576,缡,1
4174,禾,59,乔,1
4174,禾,725,呆,1
4174,禾,1405,宋,1
4174,禾,1626,币,1
4174,禾,2536,未,1
4175,秀,519,务,1
4175,秀,1384,季,1
4175,秀,4177,秃,1
4175,秀,6829,香,1
4176,私,2542,朴,1
4177,秃,435,凭,1
4177,秃,3724,瓮,1
4177,秃,6024,达,1
4178,秆,3503,牦,1
4178,秆,3611,玕,1
4178,秆,4194,积,1
4179,秉,1215,夷,1
4179,秉,2561,束,1
4179,秉,2617,柔,1
4179,秉,2628,柬,1
4179,秉,4391,米,1
4179,秉,4392,籴,1
4179,秉,7122,黍,1
4180,秋,3504,牧,1
4180,秋,4176,私,1
4180,秋,4183,秒,1
4180,秋,4184,秕,1
4181,种,4182,科,1
4181,种,4183,秒,1
4182,科,2090,抖,1
4182,科,2387,料,1
4182,科,4181,种,1
4183,秒,1766,形,1
4183,秒,3516,犄,1
4183,秒,4028,砂,1
4183,秒,4181,种,1
4184,秕,2075,批,1
4184,秕,4022,矻,1
4184,秕,4180,秋,1
4185,秘,2578,松,1
4185,秘,2586,枕,1
4185,秘,3537,狈,1
4185,秘,4183,秒,1
4185,秘,4184,秕,1
4186,租,2678,桓,1
4186,租,3544,狙,1
4186,租,5628,诅,1
4186,租,5852,足,1
4187,秣,2587,林,1
4187,秣,4191,秩,1
4187,秣,4210,稞,1
4188,秤,2099,护,1
4188,秤,2602,枰,1
4188,秤,3489,牂,1
4188,秤,3503,牦,1
4188,秤,4186,租,1
4188,秤,5627,评,1
4188,秤,5975,轷,1
4189,秦,78,事,1
4189,秦,2451,春,1
4189,秦,2677,桑,1
4189,秦,5049,荄,1
4189,秦,6673,革,1
4190,秧,3621,玦,1
4190,秧,4194,积,1
4191,秩,1640,帙,1
4191,秩,2074,扶,1
4191,秩,3508,牲,1
4191,秩,3556,狱,1
4191,秩,6433,键,1
4192,秫,2587,林,1
4194,积,2717,棋,1
4194,积,2888,段,1
4194,积,4203,稆,1
4195,称,470,利,1
4195,称,2638,标,1
4195,称,3505,物,1
4195,称,4202,稃,1
4195,称,4208,稗,1
4195,称,4213,稳,1
4195,称,4395,籽,1
4196,秸,2679,桔,1
4196,秸,4204,程,1
4197,移,224,侈,1
4197,移,470,利,1
4197,移,1960,愁,1
4197,移,2240,掺,1
4197,移,3572,猕,1
4197,移,4196,秸,1
4197,移,4216,稻,1
4197,移,4222,穆,1
4198,秽,4203,稆,1
4198,秽,6622,雅,1
4200,稀,5748,豨,1
4201,稂,2660,根,1
4201,稂,4199,秾,1
4201,稂,4217,稼,1
4202,稃,4196,秸,1
4203,稆,6354,铝,1
4204,程,3501,牡,1
4204,程,4186,租,1
4204,程,4206,税,1
4204,程,5982,轾,1
4205,稍,2192,捎,1
4205,稍,4198,秽,1
4205,稍,4204,程,1
4206,税,3504,牧,1
4206,税,4191,秩,1
4206,税,4209,稚,1
4208,稗,296,倬,1
4208,稗,4083,碎,1
4208,稗,4202,稃,1
4208,稗,4210,稞,1
4209,稚,1942,惟,1
4209,稚,2229,推,1
4209,稚,3511,牺,1
4209,稚,4222,穆,1
4209,稚,6622,雅,1
4211,稠,2774,榈,1
4211,稠,6563,阴,1
4212,稣,6944,鲆,1
4213,稳,1939,惚,1
4213,稳,4185,秘,1
4213,稳,4194,积,1
4213,稳,4201,稂,1
4213,稳,4207,稔,1
4213,稳,4217,稼,1
4213,稳,4224,穗,1
4215,稹,6818,馍,1
4216,稻,2220,掐,1
4216,稻,4165,福,1
4216,稻,4203,稆,1
4216,稻,4224,穗,1
4217,稼,1345,嫁,1
4217,稼,4180,秋,1
4218,稽,286,倚,1
4218,稽,2765,楷,1
4218,稽,3993,瞢,1
4218,稽,4223,穑,1
4218,稽,4672,耆,1
4219,稿,1798,徜,1
4219,稿,2790,槁,1
4219,稿,4215,稹,1
4220,穀,2892,毂,1
4221,穄,2244,揆,1
4222,穆,3516,犄,1
4222,穆,4197,移,1
4223,穑,4219,稿,1
4224,穗,2349,攮,1
4224,穗,2829,檀,1
4224,穗,4213,稳,1
4226,穴,93,亡,1
4226,穴,1399,它,1
4226,穴,1400,宄,1
4226,穴,1758,归,1
4226,穴,5762,贝,1
4227,究,1406,完,1
4227,究,1417,实,1
4227,究,1425,宪,1
4227,究,2257,揪,1
4227,究,4233,窀,1
4228,穷,519,务,1
4228,穷,659,另,1
4228,穷,1411,官,1
4228,穷,6633,雨,1
4228,穷,6648,霉,1
4229,穸,1426,宫,1
4230,穹,1434,容,1
4230,穹,4240,窍,1
4230,穹,4244,窖,1
4231,空,1417,实,1
4231,空,1422,室,1
4232,穿,991,嚓,1
4232,穿,3164,淙,1
4232,穿,4606,罕,1
4234,突,3605,玄,1
4235,窃,3619,玢,1
4235,窃,4228,穷,1
4236,窄,1449,察,1
4236,窄,4258,窸,1
4237,窅,1415,宜,1
4237,窅,3932,盲,1
4238,窆,1425,宪,1
4238,窆,4231,空,1
4238,窆,4262,竖,1
4240,窍,1434,容,1
4240,窍,4228,穷,1
4240,窍,5581,言,1
4241,窑,1436,宾,1
4241,窑,1440,寅,1
4241,窑,4233,窀,1
4241,窑,4242,窒,1
4241,窑,4249,窟,1
4241,窑,4437,紊,1
4241,窑,5474,衮,1
4242,窒,1157,塞,1
4242,窒,1416,宝,1
4242,窒,1421,宣,1
4242,窒,1448,寞,1
4242,窒,2531,望,1
4242,窒,4673,耋,1
4242,窒,5919,蹇,1
4243,窕,402,农,1
4243,窕,4252,窥,1
4244,窖,886,善,1
4244,窖,898,喜,1
4244,窖,1429,害,1
4244,窖,1436,宾,1
4244,窖,1507,屠,1
4244,窖,4246,窘,1
4244,窖,4247,窜,1
4244,窖,6470,镕,1
4245,窗,1437,宿,1
4245,窗,3748,甯,1
4245,窗,4850,膏,1
4245,窗,5362,蜀,1
4245,窗,6619,雀,1
4246,窘,1429,害,1
4246,窘,1440,寅,1
4246,窘,4281,笋,1
4247,窜,686,吊,1
4247,窜,1419,审,1
4247,窜,1639,帘,1
4247,窜,4241,窑,1
4247,窜,4251,窣,1
4248,窝,898,喜,1
4248,窝,1426,宫,1
4248,窝,1446,寓,1
4248,窝,1593,嵩,1
4248,窝,4361,篙,1
4248,窝,4780,胬,1
4249,窟,1412,宙,1
4249,窟,2717,棋,1
4249,窟,4258,窸,1
4251,窣,1428,宰,1
4251,窣,5139,萃,1
4252,窥,7151,鼠,1
4253,窦,4242,窒,1
4253,窦,4616,置,1
4255,窬,3748,甯,1
4256,窭,4244,窖,1
4258,窸,1441,密,1
4258,窸,4241,窑,1
4260,立,6,三,1
4260,立,41,主,1
4260,立,55,乏,1
4260,立,82,亏,1
4260,立,376,兰,1
4260,立,1033,圭,1
4260,立,4453,纟,1
4261,竑,3639,珐,1
4261,竑,4263,站,1
4262,竖,414,况,1
4262,竖,4289,笠,1
4262,竖,5554,见,1
4263,站,790,品,1
4263,站,3014,沽,1
4263,站,4270,竭,1
4263,站,4500,绐,1
4263,站,6325,钻,1
4264,竞,357,充,1
4264,竞,367,党,1
4265,竟,362,免,1
4265,竟,1966,意,1
4265,竟,2404,旁,1
4265,竟,4268,童,1
4265,竟,5581,言,1
4266,章,43,举,1
4266,章,4850,膏,1
4266,章,6012,辜,1
4267,竣,1791,後,1
4267,竣,3637,珍,1
4267,竣,4536,绶,1
4267,竣,5621,设,1
4268,童,1573,崟,1
4268,童,3866,瘪,1
4268,童,5170,董,1
4268,童,7143,鼋,1
4269,竦,3209,湎,1
4269,竦,4487,练,1
4270,竭,4576,缡,1
4270,竭,5370,蜎,1
4270,竭,5513,裙,1
4271,端,3256,滑,1
4271,端,4270,竭,1
4271,端,4566,编,1
4272,竹,115,仂,1
4272,竹,119,仆,1
4272,竹,1038,圹,1
4272,竹,1835,忻,1
4272,竹,2353,收,1
4272,竹,2946,汀,1
4272,竹,3546,狞,1
4272,竹,3609,玎,1
4272,竹,5460,行,1
4272,竹,6328,钾,1
4273,竺,442,凹,1
4274,竽,4288,笞,1
4275,竿,2422,早,1
4275,竿,2428,旱,1
4275,竿,2901,毕,1
4275,竿,4281,笋,1
4275,竿,4284,笔,1
4275,竿,4940,芈,1
4275,竿,6011,辛,1
4275,竿,6273,钅,1
4276,笃,4318,筜,1
4277,笄,1624,巽,1
4277,笄,4274,竽,1
4277,笄,7098,鹮,1
4278,笆,1519,岂,1
4278,笆,2573,杳,1
4278,笆,3677,琶,1
4278,笆,6124,邑,1
4280,笊,1569,崔,1
4280,笊,5514,裟,1
4281,笋,2164,挚,1
4281,笋,2390,斝,1
4282,笏,4331,简,1
4282,笏,4735,肠,1
4283,笑,378,关,1
4283,笑,716,吴,1
4283,笑,725,呆,1
4283,笑,856,啄,1
4283,笑,1471,尖,1
4283,笑,4010,矢,1
4283,笑,4011,矣,1
4283,笑,4475,纶,1
4284,笔,1401,宅,1
4284,笔,4275,竿,1
4284,笔,4304,筅,1
4284,笔,4625,羌,1
4284,笔,4986,苑,1
4285,笕,1435,宽,1
4285,笕,4311,筑,1
4285,笕,5557,觅,1
4285,笕,5771,货,1
4286,笙,727,告,1
4286,笙,1050,坐,1
4286,笙,1082,垒,1
4286,笙,3500,牟,1
4286,笙,3740,生,1
4286,笙,4284,笔,1
4286,笙,4293,笨,1
4286,笙,4304,筅,1
4286,笙,4308,筌,1
4286,笙,5376,蜚,1
4287,笛,3758,甾,1
4287,笛,3894,皆,1
4287,笛,4286,笙,1
4287,笛,4301,笺,1
4287,笛,5569,角,1
4287,笛,6218,酱,1
4289,笠,754,咀,1
4290,笤,3419,焓,1
4290,笤,4990,苕,1
4291,笥,4281,笋,1
4291,笥,4312,筒,1
4292,符,402,农,1
4292,符,617,厅,1
4292,符,4313,答,1
4292,符,7037,鸨,1
4293,笨,43,举,1
4293,笨,4314,策,1
4293,笨,6588,除,1
4294,笪,4367,篦,1
4295,笫,1743,弟,1
4295,笫,4390,籍,1
4295,笫,6954,鲐,1
4296,第,519,务,1
4296,第,2929,氟,1
4296,第,4306,等,1
4296,第,4319,筝,1
4296,第,4348,箫,1
4296,第,4978,苇,1
4297,笮,4308,筌,1
4298,笱,284,倘,1
4298,笱,4312,筒,1
4298,笱,4331,简,1
4298,笱,4753,肾,1
4299,笳,4277,笄,1
4300,笸,4278,笆,1
4301,笺,4279,笈,1
4301,笺,4302,笼,1
4301,笺,4309,筏,1
4301,笺,4355,篆,1
4301,笺,5098,莪,1
4301,笺,6515,间,1
4302,笼,1487,尼,1
4302,笼,4304,筅,1
4302,笼,4309,筏,1
4302,笼,4330,签,1
4302,笼,5022,茏,1
4303,笾,4278,笆,1
4304,筅,359,先,1
4304,筅,1425,宪,1
4304,筅,4283,笑,1
4305,筇,4311,筑,1
4306,等,52,乌,1
4306,等,1458,寺,1
4306,等,2155,拿,1
4306,等,4232,穿,1
4306,等,4275,竿,1
4306,等,4276,笃,1
4306,等,4355,篆,1
4306,等,4370,篱,1
4306,等,4451,纂,1
4306,等,4723,肇,1
4306,等,6049,迩,1
4307,筋,618,历,1
4307,筋,951,嘞,1
4308,筌,4330,签,1
4308,筌,5048,荃,1
4308,筌,6259,鉴,1
4309,筏,1728,弁,1
4309,筏,4323,筱,1
4309,筏,4477,纸,1
4310,筐,1570,崖,1
4310,筐,4341,管,1
4311,筑,3726,瓴,1
4311,筑,4305,筇,1
4311,筑,4320,筠,1
4311,筑,4451,纂,1
4311,筑,4516,绡,1
4311,筑,5739,豁,1
4311,筑,6285,钒,1
4311,筑,6360,铣,1
4311,筑,6637,雳,1
4312,筒,1491,局,1
4312,筒,3894,皆,1
4312,筒,4147,祠,1
4312,筒,4291,笥,1
4312,筒,4298,笱,1
4312,筒,4361,篙,1
4312,筒,6598,陷,1
4313,答,727,告,1
4313,答,3484,爹,1
4313,答,3865,瘩,1
4313,答,4282,笏,1
4313,答,5105,莶,1
4314,策,2561,束,1
4314,策,4295,笫,1
4314,策,4311,筑,1
4314,策,4328,筻,1
4314,策,4335,箓,1
4315,筘,4321,筢,1
4315,筘,4333,箍,1
4317,筛,2475,晞,1
4317,筛,6337,铈,1
4317,筛,6791,饰,1
4318,筜,1759,当,1
4319,筝,1402,宇,1
4319,筝,4274,竽,1
4319,筝,4381,簟,1
4320,筠,3664,琤,1
4320,筠,6306,钨,1
4320,筠,6388,销,1
4320,筠,7037,鸨,1
4323,筱,1778,役,1
4323,筱,4090,碜,1
4324,筲,4312,筒,1
4324,筲,4361,篙,1
4325,筵,4376,簉,1
4325,筵,6044,迢,1
4325,筵,6645,霆,1
4326,筷,2168,挟,1
4326,筷,4225,穰,1
4326,筷,4561,缑,1
4327,筹,424,凉,1
4327,筹,843,唪,1
4327,筹,4363,篝,1
4328,筻,3382,炱,1
4328,筻,3442,煲,1
4328,筻,5085,莆,1
4329,筼,736,员,1
4329,筼,4359,篑,1
4329,筼,5775,贫,1
4330,签,1573,崟,1
4330,签,4238,窆,1
4330,签,4288,笞,1
4330,签,4289,笠,1
4330,签,4308,筌,1
4330,签,4313,答,1
4330,签,5105,莶,1
4330,签,6264,鋈,1
4331,简,190,位,1
4331,简,3125,涌,1
4331,简,4165,福,1
4331,简,4298,笱,1
4331,简,4551,缅,1
4331,简,6782,饧,1
4332,箅,1610,巢,1
4333,箍,4321,筢,1
4333,箍,6625,雉,1
4335,箓,4306,等,1
4335,箓,5746,象,1
4336,箔,178,伯,1
4336,箔,3021,泊,1
4336,箔,4292,符,1
4336,箔,4331,简,1
4336,箔,4369,篮,1
4336,箔,4555,缉,1
4336,箔,4656,翡,1
4336,箔,5236,蔼,1
4337,箕,5138,萁,1
4337,箕,5166,葚,1
4338,算,2896,每,1
4338,算,4304,筅,1
4338,算,4346,箩,1
4338,算,4367,篦,1
4339,箜,639,叁,1
4339,箜,3231,溘,1
4339,箜,4294,笪,1
4339,箜,4308,筌,1
4340,箝,4315,筘,1
4341,管,324,傍,1
4341,管,709,含,1
4341,管,1411,官,1
4341,管,4313,答,1
4341,管,4387,簿,1
4341,管,4850,膏,1
4341,管,7048,鸳,1
4342,箢,362,免,1
4342,箢,4372,篼,1
4343,箦,4384,簧,1
4343,箦,5821,赛,1
4345,箨,6148,邻,1
4345,箨,6399,锋,1
4346,箩,1194,复,1
4346,箩,4276,笃,1
4346,箩,5150,萝,1
4347,箪,4316,筚,1
4347,箪,4339,箜,1
4347,箪,5572,觜,1
4348,箫,1559,峨,1
4348,箫,2414,旖,1
4348,箫,2929,氟,1
4348,箫,3297,潇,1
4348,箫,4296,第,1
4348,箫,4335,箓,1
4348,箫,4360,篓,1
4348,箫,5154,萧,1
4349,箬,4302,笼,1
4349,箬,5091,莙,1
4350,箭,317,偷,1
4350,箭,491,前,1
4350,箭,908,喻,1
4350,箭,4313,答,1
4350,箭,4355,篆,1
4351,箱,2528,朔,1
4351,箱,3959,眷,1
4351,箱,4340,箝,1
4351,箱,4390,籍,1
4351,箱,4566,编,1
4351,箱,6003,输,1
4351,箱,6326,钼,1
4352,箴,3779,畿,1
4353,箸,4313,答,1
4353,箸,4385,簪,1
4353,箸,4618,署,1
4353,箸,6910,髻,1
4355,篆,4314,策,1
4355,篆,4335,箓,1
4355,篆,5746,象,1
4356,篇,4095,碧,1
4356,篇,4353,箸,1
4357,篊,1500,屎,1
4357,篊,4375,簇,1
4359,篑,4370,篱,1
4360,篓,1305,娑,1
4360,篓,1573,崟,1
4360,篓,1624,巽,1
4360,篓,4363,篝,1
4360,篓,4382,簠,1
4360,篓,5142,萋,1
4360,篓,5186,蒌,1
4361,篙,3281,漓,1
4361,篙,4324,筲,1
4361,篙,4356,篇,1
4361,篙,4370,篱,1
4361,篙,4381,簟,1
4361,篙,6218,酱,1
4361,篙,7050,鸶,1
4362,篚,5916,蹂,1
4363,篝,4334,箐,1
4363,篝,4384,簧,1
4364,篡,1170,墓,1
4364,篡,5217,蓦,1
4364,篡,6912,鬈,1
4365,篢,4343,箦,1
4366,篥,7108,麋,1
4367,篦,364,兔,1
4367,篦,5211,蓖,1
4368,篪,4304,筅,1
4369,篮,3921,盔,1
4369,篮,4591,缰,1
4369,篮,5212,蓝,1
4369,篮,6111,遥,1
4369,篮,6118,避,1
4369,篮,6640,雹,1
4370,篱,511,劈,1
4370,篱,2495,暑,1
4370,篱,3130,涕,1
4370,篱,4172,离,1
4370,篱,4367,篦,1
4370,篱,4381,簟,1
4370,篱,4385,簪,1
4370,篱,4628,羔,1
4370,篱,5214,蓠,1
4371,篷,4310,筐,1
4371,篷,4335,箓,1
4371,篷,4358,篌,1
4371,篷,6085,逢,1
4371,篷,6111,遥,1
4371,篷,6611,隧,1
4371,篷,6619,雀,1
4374,簃,4196,秸,1
4375,簇,6630,雒,1
4376,簉,4592,缱,1
4376,簉,6044,迢,1
4376,簉,6083,造,1
4377,簋,4369,篮,1
4377,簋,4382,簠,1
4378,簌,1586,嵌,1
4378,簌,4389,籁,1
4378,簌,6743,颖,1
4380,簖,2398,断,1
4380,簖,4348,箫,1
4381,簟,4347,箪,1
4381,簟,4382,簠,1
4381,簟,4700,耸,1
4381,簟,5552,覃,1
4382,簠,993,嚣,1
4382,簠,4377,簋,1
4383,簦,6779,饕,1
4384,簧,437,凰,1
4384,簧,4337,箕,1
4384,簧,4364,篡,1
4384,簧,4370,篱,1
4384,簧,4383,簦,1
4385,簪,2488,智,1
4385,簪,4275,竿,1
4386,簸,2850,欺,1
4386,簸,4380,簖,1
4386,簸,4389,籁,1
4386,簸,6226,酽,1
4387,簿,3315,潽,1
4387,簿,3994,瞥,1
4387,簿,4357,篊,1
4387,簿,5074,荫,1
4388,籀,4374,簃,1
4389,籁,3379,炭,1
4390,籍,4374,簃,1
4391,米,87,井,1
4391,米,379,兴,1
4391,米,1217,夹,1
4391,米,1471,尖,1
4391,米,2537,末,1
4391,米,2543,朵,1
4391,米,2561,束,1
4391,米,4677,耒,1
4391,米,4719,肀,1
4392,籴,168,伞,1
4393,类,1298,娄,1
4393,类,3056,洄,1
4393,类,4409,粪,1
4393,类,4626,美,1
4393,类,5005,英,1
4394,籼,4404,粞,1
4394,籼,6251,釉,1
4395,籽,2143,括,1
4395,籽,6150,邾,1
4396,粉,708,吩,1
4396,粉,1276,始,1
4396,粉,2070,扮,1
4396,粉,2595,枥,1
4398,粒,2118,拉,1
4398,粒,2565,杧,1
4398,粒,2739,椎,1
4398,粒,4191,秩,1
4398,粒,4401,粘,1
4398,粒,4418,糁,1
4398,粒,5333,蛀,1
4399,粕,1637,帕,1
4399,粕,2125,拓,1
4399,粕,4912,舶,1
4399,粕,6251,釉,1
4400,粗,1545,岿,1
4400,粗,4186,租,1
4400,粗,6703,韧,1
4401,粘,3507,牯,1
4401,粘,4399,粕,1
4401,粘,4428,糙,1
4401,粘,4682,耘,1
4401,粘,4685,耠,1
4401,粘,5784,贴,1
4402,粜,3463,燊,1
4402,粜,4406,粢,1
4403,粝,1801,循,1
4404,粞,6694,鞧,1
4405,粟,105,亲,1
4405,粟,1733,弈,1
4405,粟,2617,柔,1
4405,粟,4151,票,1
4405,粟,4179,秉,1
4405,粟,4295,笫,1
4405,粟,6644,霄,1
4406,粢,2695,梁,1
4406,粢,4412,粲,1
4409,粪,898,喜,1
4409,粪,1298,娄,1
4409,粪,4393,类,1
4409,粪,7121,黉,1
4410,粮,53,乍,1
4410,粮,3564,狼,1
4410,粮,4201,稂,1
4410,粮,5311,蚊,1
4411,粱,4406,粢,1
4411,粱,5514,裟,1
4412,粲,4152,祭,1
4412,粲,4415,粼,1
4413,粳,4419,糅,1
4414,粹,2687,桦,1
4414,粹,3395,烊,1
4414,粹,4398,粒,1
4414,粹,5993,辉,1
4415,粼,4416,粽,1
4416,粽,4418,糁,1
4417,精,2194,捐,1
4417,精,2751,椿,1
4417,精,3303,潞,1
4417,精,3576,猜,1
4418,糁,2240,掺,1
4418,糁,4420,糇,1
4420,糇,4423,糌,1
4420,糇,4427,糗,1
4421,糈,4417,精,1
4423,糌,2765,楷,1
4423,糌,4424,糍,1
4425,糕,1771,彪,1
4425,糕,4424,糍,1
4425,糕,4628,羔,1
4426,糖,833,唐,1
4426,糖,4931,艳,1
4427,糗,3243,溴,1
4428,糙,2181,挹,1
4428,糙,4932,艴,1
4429,糜,1686,库,1
4429,糜,1707,庹,1
4429,糜,2725,棨,1
4429,糜,3877,癀,1
4429,糜,7117,麽,1
4429,糜,7118,麾,1
4430,糟,2011,懵,1
4430,糟,2827,橹,1
4431,糠,1991,慷,1
4431,糠,2284,搪,1
4431,糠,4416,粽,1
4431,糠,5347,蛛,1
4431,糠,6740,频,1
4433,糯,4419,糅,1
4433,糯,4843,腽,1
4433,糯,5812,赐,1
4434,糵,1466,尊,1
4434,糵,2834,檗,1
4434,糵,5061,荜,1
4435,糸,102,京,1
4435,糸,3043,泰,1
4436,系,101,享,1
4436,系,102,京,1
4436,系,1776,彳,1
4436,系,2563,条,1
4436,系,3412,烹,1
4436,系,5746,象,1
4437,紊,424,凉,1
4437,紊,1384,季,1
4438,素,78,事,1
4438,素,1228,奏,1
4438,素,1381,孝,1
4438,素,1384,季,1
4438,素,1453,寨,1
4438,素,1943,惠,1
4438,素,2630,柰,1
4438,素,4439,索,1
4438,素,4442,累,1
4438,素,6913,鬏,1
4439,索,1381,孝,1
4439,索,1652,常,1
4439,索,2482,景,1
4439,索,4437,紊,1
4439,索,5223,蔑,1
4439,索,5830,赤,1
4440,紧,1387,学,1
4440,紧,1884,恣,1
4440,紧,3997,瞪,1
4440,紧,4436,系,1
4440,紧,4437,紊,1
4440,紧,4443,絮,1
4441,紫,1387,学,1
4441,紫,1544,岽,1
4441,紫,6576,陈,1
4442,累,351,儡,1
4442,累,2434,旻,1
4442,累,2482,景,1
4442,累,2495,暑,1
4442,累,4440,紧,1
4442,累,4608,罘,1
4442,累,5484,袅,1
4443,絮,2605,架,1
4443,絮,3473,爆,1
4443,絮,4412,粲,1
4443,絮,4600,罂,1
4443,絮,5790,贺,1
4445,綦,4437,紊,1
4446,綮,2725,棨,1
4447,縻,1704,庶,1
4447,縻,4113,磨,1
4447,縻,5281,蘑,1
4447,縻,6934,魔,1
4448,繁,4109,磐,1
4448,繁,4306,等,1
4448,繁,4449,繄,1
4448,繁,5824,赞,1
4448,繁,6874,骛,1
4449,繄,3475,爨,1
4449,繄,4448,繁,1
4450,繇,5753,豹,1
4450,繇,6573,际,1
4450,繇,7084,鹞,1
4451,纂,1453,寨,1
4451,纂,4364,篡,1
4451,纂,4440,紧,1
4451,纂,4445,綦,1
4454,纠,121,仉,1
4454,纠,1279,姒,1
4454,纠,2386,斗,1
4454,纠,2585,析,1
4454,纠,2956,汕,1
4454,纠,4227,究,1
4454,纠,4489,绅,1
4455,纡,4458,纤,1
4455,纡,4463,纩,1
4456,红,4598,缸,1
4456,红,6275,钇,1
4456,红,6781,饥,1
4457,纣,4455,纡,1
4458,纤,113,什,1
4458,纤,4454,纠,1
4458,纤,4477,纸,1
4458,纤,4494,绊,1
4458,纤,6282,钎,1
4460,约,124,仍,1
4460,约,1267,妫,1
4460,约,3356,灯,1
4460,约,4463,纩,1
4460,约,4500,绐,1
4460,约,4506,绗,1
4460,约,4509,绚,1
4460,约,4517,绢,1
4460,约,6286,钓,1
4461,级,185,似,1
4461,级,646,反,1
4461,级,1779,彻,1
4461,级,4472,纳,1
4461,级,5762,贝,1
4461,级,5790,贺,1
4461,级,6725,颁,1
4461,级,6788,饭,1
4462,纨,5308,蚀,1
4463,纩,4458,纤,1
4463,纩,4523,绨,1
4464,纪,112,亿,1
4464,纪,352,儿,1
4464,纪,354,允,1
4464,纪,399,冗,1
4464,纪,558,化,1
4464,纪,1248,妃,1
4464,纪,1268,妮,1
4464,纪,1782,征,1
4464,纪,2900,比,1
4464,纪,2950,汇,1
4464,纪,2968,汪,1
4465,纫,135,仞,1
4465,纫,604,卯,1
4465,纫,1001,四,1
4465,纫,1242,奶,1
4465,纫,5963,轫,1
4466,纬,35,串,1
4466,纬,1790,律,1
4466,纬,4295,笫,1
4466,纬,4494,绊,1
4466,纬,4495,绋,1
4466,纬,4523,绨,1
4466,纬,5611,讳,1
4466,纬,6360,铣,1
4467,纭,4479,纺,1
4467,纭,4491,织,1
4467,纭,4514,统,1
4467,纭,6738,颏,1
4468,纯,2956,汕,1
4468,纯,4466,纬,1
4468,纯,5492,袜,1
4468,纯,6295,钝,1
4469,纰,4477,纸,1
4470,纱,115,仂,1
4470,纱,717,吵,1
4470,纱,1674,幼,1
4470,纱,4463,纩,1
4470,纱,5461,衍,1
4471,纲,188,佃,1
4471,纲,392,冈,1
4471,纲,3001,沨,1
4471,纲,4465,纫,1
4471,纲,4490,细,1
4471,纲,6300,钢,1
4472,纳,1674,幼,1
4472,纳,3101,浓,1
4472,纳,4460,约,1
4472,纳,4465,纫,1
4472,纳,6285,钒,1
4473,纴,4464,纪,1
4473,纴,4468,纯,1
4474,纵,6146,邹,1
4475,纶,2906,毡,1
4475,纶,3000,沧,1
4475,纶,4508,给,1
4475,纶,5618,论,1
4475,纶,6792,饱,1
4475,纶,7149,鼗,1
4476,纷,4282,笏,1
4476,纷,4479,纺,1
4476,纷,4508,给,1
4476,纷,4523,绨,1
4477,纸,191,低,1
4477,纸,212,佬,1
4477,纸,1254,妍,1
4477,纸,1781,往,1
4477,纸,4475,纶,1
4478,纹,643,及,1
4478,纹,1241,奴,1
4478,纹,2353,收,1
4478,纹,4474,纵,1
4478,纹,4513,绞,1
4478,纹,6032,运,1
4479,纺,384,兹,1
4479,纺,1613,巧,1
4479,纺,1773,彭,1
4479,纺,2964,污,1
4479,纺,4470,纱,1
4479,纺,4476,纷,1
4479,纺,4518,绣,1
4480,纻,4470,纱,1
4481,纽,3101,浓,1
4481,纽,3753,电,1
4481,纽,4500,绐,1
4481,纽,4557,缌,1
4482,纾,4455,纡,1
4483,线,248,俄,1
4483,线,2017,戌,1
4483,线,2022,我,1
4483,线,2024,戕,1
4483,线,2027,战,1
4483,线,4502,绒,1
4483,线,5648,诚,1
4485,绁,3018,泄,1
4487,练,3127,涑,1
4487,练,4545,绿,1
4487,练,4565,缕,1
4487,练,5645,诗,1
4488,组,90,些,1
4488,组,1783,徂,1
4488,组,1789,徊,1
4488,组,4186,租,1
4488,组,4490,细,1
4488,组,4491,织,1
4489,绅,183,伸,1
4489,绅,4181,种,1
4489,绅,4460,约,1
4489,绅,5610,讲,1
4490,细,1789,徊,1
4490,细,3011,油,1
4490,细,4465,纫,1
4490,细,4488,组,1
4490,细,4538,绸,1
4490,细,5344,蛔,1
4490,细,6329,钿,1
4491,织,140,以,1
4491,织,271,俱,1
4491,织,4194,积,1
4491,织,4474,纵,1
4491,织,4488,组,1
4491,织,5598,认,1
4491,织,6354,铝,1
4492,终,269,修,1
4492,终,3066,洛,1
4492,终,4459,纥,1
4492,终,4511,络,1
4494,绊,1790,律,1
4494,绊,2996,沣,1
4494,绊,4489,绅,1
4494,绊,4721,肄,1
4494,绊,5660,详,1
4497,绍,124,仍,1
4497,绍,4491,织,1
4497,绍,4503,结,1
4497,绍,5899,踞,1
4497,绍,6335,铅,1
4497,绍,6712,韶,1
4498,绎,3053,泽,1
4498,绎,3058,洋,1
4498,绎,4527,续,1
4498,绎,5639,译,1
4499,经,1746,弦,1
4499,经,2402,於,1
4499,经,3030,泛,1
4499,经,4464,纪,1
4499,经,4508,给,1
4499,经,6368,铬,1
4500,绐,3012,治,1
4500,绐,5630,诈,1
4500,绐,6795,饴,1
4501,绑,1308,娜,1
4501,绑,4468,纯,1
4502,绒,248,俄,1
4502,绒,1312,娥,1
4502,绒,4457,纣,1
4502,绒,4468,纯,1
4502,绒,4483,线,1
4502,绒,4559,缎,1
4502,绒,5664,诫,1
4502,绒,5989,辅,1
4503,结,170,传,1
4503,结,269,修,1
4503,结,1098,垮,1
4503,结,1264,妨,1
4503,结,1777,彷,1
4503,结,3014,沽,1
4503,结,4336,箔,1
4503,结,4470,纱,1
4503,结,4499,经,1
4503,结,4508,给,1
4505,绕,359,先,1
4505,绕,1805,德,1
4505,绕,4499,经,1
4505,绕,4514,统,1
4505,绕,6797,饶,1
4506,绗,3647,珩,1
4506,绗,4476,纷,1
4507,绘,3040,泫,1
4507,绘,4579,缤,1
4507,绘,4797,脍,1
4507,绘,7064,鹄,1
4508,给,255,俗,1
4508,给,1276,始,1
4508,给,3032,泞,1
4508,给,4263,站,1
4508,给,4499,经,1
4508,给,4535,绵,1
4508,给,6799,饸,1
4509,绚,1274,姆,1
4509,绚,1786,徇,1
4509,绚,4460,约,1
4510,绛,4345,箨,1
4510,绛,4520,绥,1
4510,绛,6343,铎,1
4511,络,255,俗,1
4511,络,781,咯,1
4511,络,3189,渗,1
4511,络,3397,烙,1
4511,络,4500,绐,1
4511,络,4508,给,1
4511,络,4519,绤,1
4512,绝,1221,奂,1
4512,绝,3008,沲,1
4512,绝,3111,浥,1
4512,绝,4475,纶,1
4512,绝,4533,绳,1
4513,绞,163,众,1
4513,绞,204,佞,1
4513,绞,779,咬,1
4513,绞,2977,沁,1
4513,绞,3616,玟,1
4513,绞,4159,祾,1
4513,绞,4514,统,1
4513,绞,4536,绶,1
4513,绞,6372,铰,1
4513,绞,6801,饺,1
4514,统,3086,流,1
4514,统,3098,浐,1
4514,统,4469,纰,1
4515,绠,4560,缏,1
4515,绠,4575,缠,1
4517,绢,284,倘,1
4517,绢,1339,媪,1
4517,绢,2048,扇,1
4517,绢,4270,竭,1
4517,绢,4487,练,1
4517,绢,4516,绡,1
4517,绢,6719,须,1
4518,绣,374,六,1
4518,绣,1785,待,1
4518,绣,4565,缕,1
4520,绥,1289,姥,1
4520,绥,4287,笛,1
4520,绥,4475,纶,1
4520,绥,4513,绞,1
4520,绥,4536,绶,1
4521,绦,1745,弥,1
4521,绦,3258,滔,1
4521,绦,3270,滦,1
4521,绦,3785,疑,1
4521,绦,4542,综,1
4521,绦,4545,绿,1
4521,绦,4573,缝,1
4521,绦,5649,诛,1
4522,继,803,哒,1
4522,继,3135,涟,1
4522,继,4484,绀,1
4522,继,4485,绁,1
4522,继,4510,绛,1
4523,绨,1802,徭,1
4523,绨,6074,递,1
4524,绩,294,倩,1
4524,绩,868,啧,1
4524,绩,3138,涢,1
4524,绩,4486,绂,1
4524,绩,4505,绕,1
4524,绩,4541,绻,1
4524,绩,5824,赞,1
4525,绪,328,储,1
4525,绪,3190,渚,1
4525,绪,3583,猪,1
4525,绪,4567,缗,1
4525,绪,4569,缙,1
4525,绪,4671,者,1
4525,绪,6411,锗,1
4526,绫,1791,後,1
4527,续,3139,涣,1
4527,续,3347,瀵,1
4527,续,4487,练,1
4527,续,6437,锲,1
4528,绮,286,倚,1
4528,绮,4508,给,1
4528,绮,4574,缟,1
4529,绯,1796,徘,1
4529,绯,6982,鲱,1
4530,绰,296,倬,1
4530,绰,4494,绊,1
4531,绱,4516,绡,1
4531,绱,6376,铴,1
4532,绲,3176,混,1
4532,绲,6809,馄,1
4533,绳,3223,湿,1
4533,绳,4204,程,1
4533,绳,4512,绝,1
4533,绳,4558,缍,1
4533,绳,5391,蝇,1
4533,绳,6341,铌,1
4533,绳,6431,锬,1
4534,维,3661,琚,1
4534,维,6630,雒,1
4535,绵,1395,孺,1
4535,绵,4507,绘,1
4535,绵,4523,绨,1
4535,绵,6425,锦,1
4535,绵,6791,饰,1
4536,绶,4515,绠,1
4537,绷,2525,朋,1
4537,绷,3076,洲,1
4537,绷,4078,硼,1
4537,绷,4649,翔,1
4537,绷,7175,龇,1
4538,绸,287,倜,1
4538,绸,2522,月,1
4538,绸,3067,洞,1
4538,绸,3136,涠,1
4538,绸,4270,竭,1
4538,绸,4539,绹,1
4539,绹,3141,润,1
4541,绻,292,倦,1
4541,绻,6428,锩,1
4542,综,206,你,1
4542,综,424,凉,1
4542,综,1792,徐,1
4542,综,3282,演,1
4542,综,3303,潞,1
4542,综,4416,粽,1
4542,综,4487,练,1
4542,综,5645,诗,1
4542,综,5889,跺,1
4543,绽,2995,没,1
4543,绽,4047,砬,1
4543,绽,4512,绝,1
4543,绽,4553,缇,1
4545,绿,4162,禄,1
4545,绿,4487,练,1
4545,绿,4568,缘,1
4546,缀,350,儒,1
4546,缀,3203,游,1
4548,缂,4542,综,1
4549,缃,3213,湘,1
4549,缃,4490,细,1
4550,缄,427,减,1
4550,缄,785,咸,1
4550,缄,2118,拉,1
4550,缄,4538,绸,1
4550,缄,4874,臧,1
4551,缅,3364,炀,1
4551,缅,4476,纷,1
4551,缅,4575,缠,1
4551,缅,5733,谲,1
4551,缅,5866,跏,1
4552,缆,282,倓,1
4552,缆,5523,裴,1
4553,缇,4557,缌,1
4554,缈,3204,渺,1
4555,缉,243,侮,1
4555,缉,4517,绢,1
4555,缉,4558,缍,1
4556,缋,6715,顷,1
4557,缌,1863,怨,1
4557,缌,4532,绲,1
4558,缍,6423,锤,1
4559,缎,1394,孵,1
4559,缎,2888,段,1
4559,缎,3242,溲,1
4559,缎,4595,缴,1
4559,缎,4938,节,1
4559,缎,5678,诹,1
4561,缑,4534,维,1
4563,缓,182,伶,1
4563,缓,4583,缨,1
4563,缓,5659,该,1
4563,缓,5706,谖,1
4563,缓,6807,馁,1
4564,缔,4200,稀,1
4564,缔,4535,绵,1
4565,缕,1298,娄,1
4565,缕,2768,楼,1
4565,缕,3132,涛,1
4565,缕,4018,矮,1
4565,缕,4516,绡,1
4565,缕,4524,绩,1
4565,缕,4570,缚,1
4566,编,2045,扁,1
4566,编,3156,淆,1
4566,编,3830,痛,1
4566,编,4577,缢,1
4566,编,5573,觞,1
4568,缘,335,像,1
4568,缘,494,剔,1
4568,缘,3168,淡,1
4568,缘,3578,猞,1
4568,缘,4542,综,1
4570,缚,1795,得,1
4570,缚,4487,练,1
4570,缚,5671,诲,1
4573,缝,280,倏,1
4573,缝,1562,峰,1
4573,缝,3659,琏,1
4573,缝,4534,维,1
4573,缝,6111,遥,1
4574,缟,4584,缩,1
4574,缟,5634,诌,1
4575,缠,3834,痤,1
4575,缠,4534,维,1
4576,缡,4518,绣,1
4576,缡,6465,镐,1
4578,缣,5721,谦,1
4579,缤,1501,屏,1
4579,缤,3271,滨,1
4579,缤,4543,绽,1
4579,缤,4572,缜,1
4579,缤,7121,黉,1
4580,缥,344,僳,1
4580,缥,6193,酉,1
4581,缦,3459,熳,1
4582,缧,3290,漯,1
4582,缧,4557,缌,1
4583,缨,1330,婴,1
4583,缨,4573,缝,1
4584,缩,255,俗,1
4586,缫,4593,缲,1
4587,缬,6750,额,1
4588,缭,963,嘹,1
4588,缭,3244,溶,1
4588,缭,4487,练,1
4588,缭,4580,缥,1
4589,缮,4565,缕,1
4589,缮,4861,膳,1
4591,缰,4572,缜,1
4592,缱,5735,谴,1
4593,缲,4581,缦,1
4594,缳,348,儇,1
4594,缳,3327,澴,1
4595,缴,331,傲,1
4595,缴,1803,微,1
4595,缴,2830,檄,1
4595,缴,3085,派,1
4595,缴,4568,缘,1
4595,缴,4584,缩,1
4596,缵,5824,赞,1
4598,缸,5301,虹,1
4598,缸,5741,豇,1
4599,缺,4190,秧,1
4599,缺,5893,踉,1
4601,罄,6831,馨,1
4603,罐,3716,瓘,1
4603,罐,6412,锘,1
4603,罐,6458,镉,1
4604,网,463,则,1
4604,网,628,厢,1
4604,网,687,同,1
4605,罔,1003,回,1
4605,罔,1017,国,1
4606,罕,716,吴,1
4606,罕,1428,宰,1
4606,罕,3053,泽,1
4606,罕,4275,竿,1
4606,罕,4607,罗,1
4607,罗,400,写,1
4607,罗,406,冥,1
4607,罗,806,哕,1
4607,罗,1200,多,1
4607,罗,2434,旻,1
4607,罗,2444,易,1
4607,罗,4230,穹,1
4607,罗,5852,足,1
4608,罘,1407,宏,1
4611,罡,2864,歪,1
4612,罢,4607,罗,1
4614,罩,401,军,1
4614,罩,3981,睾,1
4614,罩,4347,箪,1
4614,罩,4624,羊,1
4615,罪,3467,燕,1
4615,罪,6651,霏,1
4615,罪,6755,颢,1
4616,置,1176,墨,1
4616,置,1421,宣,1
4616,置,2462,显,1
4616,置,4614,罩,1
4616,置,4631,羞,1
4616,置,7119,黄,1
4618,署,1450,寡,1
4618,署,5164,著,1
4622,罾,5919,蹇,1
4624,羊,1,一,1
4624,羊,385,养,1
4624,羊,585,卒,1
4624,羊,587,单,1
4624,羊,1187,声,1
4624,羊,1743,弟,1
4624,羊,2428,旱,1
4625,羌,4626,美,1
4625,羌,4951,芜,1
4626,美,4638,羲,1
4626,美,5075,荬,1
4627,羑,1617,差,1
4628,羔,376,兰,1
4628,羔,380,兵,1
4629,羚,1617,差,1
4629,羚,4685,耠,1
4629,羚,6404,锐,1
4632,羟,6716,顸,1
4633,羡,886,善,1
4633,羡,5805,赉,1
4633,羡,5968,轰,1
4634,群,5345,蛘,1
4634,群,6014,辟,1
4638,羲,2025,或,1
4639,羸,3412,烹,1
4640,羹,1228,奏,1
4640,羹,4626,美,1
4642,羽,798,响,1
4644,翁,3724,瓮,1
4644,翁,4299,笳,1
4645,翅,4132,祁,1
4645,翅,5840,赶,1
4645,翅,5848,趔,1
4645,翅,5850,趣,1
4646,翊,4648,翎,1
4647,翌,4262,竖,1
4648,翎,4474,纵,1
4648,翎,6303,钥,1
4649,翔,3547,狠,1
4649,翔,3620,玥,1
4649,翔,4537,绷,1
4650,翕,4644,翁,1
4651,翘,2654,栩,1
4651,翘,4645,翅,1
4652,翙,5332,蚺,1
4654,翟,3676,琵,1
4654,翟,4005,瞿,1
4655,翠,3523,犨,1
4655,翠,4653,翚,1
4657,翥,2939,氯,1
4658,翦,6654,霜,1
4659,翩,2138,拥,1
4660,翮,6235,醐,1
4661,翯,4647,翌,1
4661,翯,4664,翳,1
4662,翰,3600,獬,1
4662,翰,3688,瑞,1
4663,翱,4660,翮,1
4664,翳,3604,獾,1
4664,翳,7085,鹟,1
4665,翻,2362,敌,1
4665,翻,2532,朝,1
4665,翻,3734,甑,1
4665,翻,4422,糊,1
4665,翻,4649,翔,1
4665,翻,4652,翙,1
4666,翼,1475,尝,1
4666,翼,1624,巽,1
4666,翼,4409,粪,1
4666,翼,5049,荄,1
4667,耀,3440,煨,1
4667,耀,3455,熠,1
4667,耀,4603,罐,1
4667,耀,5328,蚱,1
4667,耀,6360,铣,1
4668,老,360,光,1
4668,老,610,卷,1
4668,老,1858,怠,1
4668,老,2072,扰,1
4668,老,4671,者,1
4668,老,4939,芄,1
4668,老,5001,若,1
4669,考,640,参,1
4669,考,1381,孝,1
4669,考,1612,左,1
4669,考,2334,擎,1
4669,考,3371,炕,1
4669,考,4944,芎,1
4670,耄,1381,孝,1
4671,者,2445,昔,1
4671,者,2451,春,1
4671,者,5808,赌,1
4671,者,6826,首,1
4672,耆,5207,蓍,1
4673,耋,4640,羹,1
4674,而,520,劢,1
4674,而,618,历,1
4674,而,692,向,1
4674,而,3723,瓦,1
4674,而,3891,百,1
4674,而,4008,矛,1
4674,而,6671,面,1
4675,耍,1263,妥,1
4675,耍,1281,委,1
4675,耍,6193,酉,1
4675,耍,6638,零,1
4676,耐,6572,附,1
4677,耒,3068,洣,1
4677,耒,4009,矜,1
4679,耕,4680,耖,1
4679,耕,4686,耢,1
4680,耖,2082,抄,1
4681,耗,6667,靛,1
4681,耗,6676,靴,1
4682,耘,6857,骇,1
4683,耙,2084,把,1
4683,耙,2575,杷,1
4683,耙,4397,粑,1
4683,耙,6166,郝,1
4684,耜,4688,耦,1
4684,耜,5978,轺,1
4685,耠,4682,耘,1
4685,耠,4684,耜,1
4686,耢,4678,耔,1
4686,耢,4684,耜,1
4687,耥,6708,韬,1
4688,耦,3136,涠,1
4690,耨,4695,耲,1
4690,耨,5537,褥,1
4692,耪,2781,榜,1
4693,耰,4695,耲,1
4694,耱,4225,穰,1
4695,耲,2346,攘,1
4696,耳,4875,自,1
4696,耳,6673,革,1
4697,耵,1463,射,1
4697,耵,6194,酊,1
4698,耶,523,助,1
4698,耶,604,卯,1
4698,耶,4529,绯,1
4698,耶,4707,聊,1
4698,耶,6135,邪,1
4698,耶,6138,邯,1
4698,耶,6172,郫,1
4698,耶,6237,醒,1
4700,耸,739,呜,1
4700,耸,3973,督,1
4700,耸,4699,耷,1
4700,耸,4708,聋,1
4700,耸,5043,茸,1
4701,耻,6676,靴,1
4702,耽,2866,死,1
4702,耽,3941,眈,1
4703,耿,1766,形,1
4703,耿,4702,耽,1
4703,耿,4738,肤,1
4704,聂,5789,费,1
4706,聆,4711,聒,1
4707,聊,614,卿,1
4707,聊,2632,柳,1
4707,聊,2747,椰,1
4707,聊,4917,舾,1
4708,聋,1076,垄,1
4708,聋,3509,牵,1
4708,聋,3889,登,1
4708,聋,5043,茸,1
4708,聋,5180,葺,1
4709,职,2866,死,1
4709,职,3793,疟,1
4709,职,4703,耿,1
4709,职,5973,轵,1
4712,联,2529,朕,1
4712,联,6217,酰,1
4712,联,6450,镁,1
4713,聘,6860,骋,1
4714,聚,3415,焉,1
4714,聚,4151,票,1
4714,聚,5274,藜,1
4714,聚,5486,袈,1
4714,聚,6653,霖,1
4716,聪,4709,职,1
4716,聪,5745,豚,1
4719,肀,1484,尹,1
4719,肀,4718,聿,1
4720,肃,7139,黹,1
4721,肄,4722,肆,1
4721,肄,6092,逸,1
4722,肆,1119,埠,1
4722,肆,1271,妹,1
4722,肆,3624,玮,1
4722,肆,5459,衅,1
4723,肇,4247,窜,1
4723,肇,6758,颦,1
4724,肉,409,冯,1
4724,肉,1177,墩,1
4724,肉,2994,沟,1
4724,肉,6536,阉,1
4725,肋,3940,眇,1
4725,肋,4409,粪,1
4726,肌,665,叭,1
4726,肌,4731,肛,1
4726,肌,4784,胱,1
4728,肖,1044,均,1
4728,肖,3543,狗,1
4728,肖,4747,育,1
4728,肖,4759,胄,1
4728,肖,4796,脊,1
4728,肖,4992,苘,1
4728,肖,5569,角,1
4728,肖,6832,马,1
4729,肘,762,咐,1
4729,肘,4730,肚,1
4729,肘,4770,胝,1
4730,肚,4701,耻,1
4730,肚,4729,肘,1
4730,肚,4752,肽,1
4731,肛,433,凤,1
4731,肛,3931,盱,1
4731,肛,4726,肌,1
4731,肛,4730,肚,1
4731,肛,4779,胫,1
4733,肝,2429,旴,1
4733,肝,4178,秆,1
4733,肝,4729,肘,1
4733,肝,6762,飑,1
4733,肝,6839,驴,1
4734,肟,4741,肪,1
4735,肠,2526,服,1
4735,肠,3543,狗,1
4735,肠,3760,畅,1
4735,肠,5745,豚,1
4736,股,1330,婴,1
4736,股,4840,腺,1
4737,肢,2353,收,1
4737,肢,2526,服,1
4737,肢,4749,肷,1
4737,肢,4777,胩,1
4737,肢,4812,脱,1
4737,肢,5807,赋,1
4738,肤,4703,耿,1
4738,肤,4752,肽,1
4738,肤,4755,胀,1
4738,肤,4784,胱,1
4739,肥,1244,她,1
4739,肥,2084,把,1
4740,肩,214,佰,1
4740,肩,713,启,1
4740,肩,1491,局,1
4740,肩,2519,曾,1
4740,肩,4929,艰,1
4741,肪,2527,朐,1
4741,肪,3507,牯,1
4742,肫,2468,晒,1
4742,肫,4739,肥,1
4743,肭,4756,胁,1
4744,肮,2091,抗,1
4744,肮,4746,肱,1
4744,肮,4799,脏,1
4744,肮,4801,脑,1
4744,肮,4815,脸,1
4744,肮,4902,航,1
4745,肯,648,叔,1
4745,肯,2421,旨,1
4745,肯,4728,肖,1
4745,肯,4993,苛,1
4745,肯,6886,骨,1
4747,育,1249,妄,1
4747,育,1693,府,1
4747,育,2421,旨,1
4747,育,3770,畜,1
4747,育,4885,舂,1
4747,育,5569,角,1
4747,育,6710,音,1
4747,育,6902,高,1
4748,肴,1237,奢,1
4748,肴,1423,宥,1
4748,肴,3944,看,1
4748,肴,7167,齑,1
4749,肷,2843,欣,1
4749,肷,4803,脓,1
4749,肷,6718,顺,1
4750,肺,2452,昧,1
4750,肺,3542,狒,1
4750,肺,3936,盼,1
4750,肺,4741,肪,1
4750,肺,4751,肼,1
4750,肺,4754,肿,1
4750,肺,4849,膊,1
4751,肼,4755,胀,1
4752,肽,4755,胀,1
4752,肽,4762,胍,1
4753,肾,4972,芹,1
4753,肾,5768,贤,1
4754,肿,4733,肝,1
4754,肿,4737,肢,1
4754,肿,4751,肼,1
4754,肿,4756,胁,1
4754,肿,4764,胖,1
4755,胀,4749,肷,1
4755,胀,4752,肽,1
4755,胀,4784,胱,1
4755,胀,4820,腋,1
4755,胀,5770,账,1
4756,胁,766,咖,1
4756,胁,3216,湝,1
4756,胁,4743,肭,1
4756,胁,4786,胳,1
4756,胁,4802,脒,1
4758,胃,396,冒,1
4758,胃,2516,曷,1
4758,胃,4728,肖,1
4759,胄,397,冕,1
4759,胄,3525,犭,1
4760,胆,1643,帜,1
4760,胆,5489,袒,1
4761,背,1124,埸,1
4761,背,4728,肖,1
4761,背,4940,芈,1
4761,背,6663,青,1
4762,胍,4726,肌,1
4762,胍,4770,胝,1
4763,胎,1276,始,1
4763,胎,4744,肮,1
4764,胖,3967,睐,1
4764,胖,4778,胪,1
4765,胗,2454,昭,1
4765,胗,3769,畛,1
4765,胗,3957,眵,1
4766,胙,5133,菲,1
4767,胚,1675,幽,1
4767,胚,2524,朊,1
4767,胚,3952,眨,1
4767,胚,4815,脸,1
4767,胚,5665,诬,1
4768,胛,4757,胂,1
4768,胛,4816,脾,1
4769,胜,3952,眨,1
4769,胜,3955,眭,1
4769,胜,4729,肘,1
4769,胜,4739,肥,1
4769,胜,4845,腿,1
4770,胝,4781,胭,1
4771,胞,724,呃,1
4771,胞,757,咆,1
4771,胞,2104,抱,1
4771,胞,3962,眼,1
4771,胞,4735,肠,1
4771,胞,4739,肥,1
4771,胞,4908,舱,1
4771,胞,6762,飑,1
4772,胡,207,佣,1
4772,胡,3934,相,1
4772,胡,4065,硐,1
4772,胡,5143,萌,1
4774,胥,3782,疋,1
4774,胥,6886,骨,1
4775,胧,1827,忧,1
4775,胧,2903,毗,1
4775,胧,4755,胀,1
4776,胨,2452,昧,1
4777,胩,2529,朕,1
4777,胩,4755,胀,1
4778,胪,3964,睁,1
4778,胪,4766,胙,1
4779,胫,4767,胚,1
4779,胫,4786,胳,1
4781,胭,4831,腥,1
4782,胯,1,一,1
4782,胯,225,侉,1
4782,胯,2161,挎,1
4782,胯,3769,畛,1
4782,胯,4765,胗,1
4782,胯,4805,脖,1
4782,胯,4844,腾,1
4783,胰,142,仪,1
4783,胰,4738,肤,1
4784,胱,2469,晓,1
4784,胱,4744,肮,1
4785,胲,4801,脑,1
4786,胳,1899,恺,1
4786,胳,4741,肪,1
4786,胳,6368,铬,1
4786,胳,7042,鸭,1
4787,胴,2525,朋,1
4787,胴,3067,洞,1
4787,胴,4781,胭,1
4788,胶,643,及,1
4788,胶,779,咬,1
4788,胶,3504,牧,1
4788,胶,3774,畯,1
4788,胶,3898,皎,1
4788,胶,4737,肢,1
4788,胶,4741,肪,1
4788,胶,4812,脱,1
4788,胶,4820,腋,1
4789,胸,3125,涌,1
4789,胸,3543,狗,1
4789,胸,4735,肠,1
4789,胸,4781,胭,1
4789,胸,4840,腺,1
4789,胸,4842,腼,1
4790,胺,2099,护,1
4790,胺,3957,眵,1
4790,胺,4803,脓,1
4790,胺,4838,腴,1
4792,能,1796,徘,1
4792,能,2860,此,1
4792,能,3074,洮,1
4792,能,4483,线,1
4793,脂,1852,怕,1
4793,脂,3950,眢,1
4793,脂,4810,脬,1
4793,脂,4819,腊,1
4793,脂,4846,膀,1
4794,脆,2669,桅,1
4794,脆,4744,肮,1
4794,脆,4868,臆,1
4795,脉,4756,胁,1
4795,脉,4764,胖,1
4795,脉,5745,豚,1
4796,脊,2523,有,1
4796,脊,3959,眷,1
4796,脊,6663,青,1
4798,脎,2475,晞,1
4798,脎,4200,稀,1
4798,脎,4776,胨,1
4798,脎,4802,脒,1
4799,脏,3968,睑,1
4799,脏,3972,睢,1
4799,脏,4003,瞻,1
4799,脏,4744,肮,1
4799,脏,4767,胚,1
4799,脏,4784,胱,1
4799,脏,4815,脸,1
4800,脐,3516,犄,1
4800,脐,4750,肺,1
4800,脐,4752,肽,1
4800,脐,4782,胯,1
4800,脐,6565,阶,1
4801,脑,1828,忪,1
4801,脑,4741,肪,1
4801,脑,4786,胳,1
4801,脑,4799,脏,1
4801,脑,4800,脐,1
4801,脑,4835,腮,1
4802,脒,2452,昧,1
4802,脒,4808,脞,1
4803,脓,402,农,1
4803,脓,4199,秾,1
4805,脖,1911,悖,1
4805,脖,3631,玻,1
4805,脖,3955,眭,1
4805,脖,3992,瞠,1
4805,脖,4828,腙,1
4805,脖,4852,膘,1
4806,脘,4797,脍,1
4806,脘,6587,院,1
4807,脚,4750,肺,1
4807,脚,6144,邶,1
4808,脞,834,唑,1
4808,脞,3508,牲,1
4808,脞,4769,胜,1
4809,脧,4736,股,1
4809,脧,4788,胶,1
4809,脧,4839,腹,1
4810,脬,752,呼,1
4810,脬,4828,腙,1
4811,脯,4818,腈,1
4811,脯,4833,腩,1
4812,脱,4736,股,1
4812,脱,4744,肮,1
4814,脶,2004,懈,1
4814,脶,4783,胰,1
4814,脶,4853,膙,1
4814,脶,6599,隅,1
4815,脸,1856,怜,1
4815,脸,3995,瞧,1
4815,脸,4771,胞,1
4815,脸,4826,腔,1
4816,脾,3492,牌,1
4816,脾,4764,胖,1
4816,脾,4810,脬,1
4817,腆,2450,映,1
4817,腆,4838,腴,1
4817,腆,4924,艚,1
4818,腈,2485,晴,1
4818,腈,4783,胰,1
4818,腈,6453,镄,1
4819,腊,1940,惜,1
4819,腊,2497,暗,1
4819,腊,3990,瞒,1
4819,腊,4805,脖,1
4819,腊,4833,腩,1
4820,腋,1852,怕,1
4820,腋,4829,腚,1
4821,腌,2475,晞,1
4821,腌,3968,睑,1
4821,腌,5421,螣,1
4822,腐,1503,屑,1
4822,腐,3873,瘸,1
4822,腐,4862,膺,1
4823,腑,270,俯,1
4823,腑,762,咐,1
4824,腒,2458,昵,1
4824,腒,4843,腽,1
4826,腔,2478,晤,1
4826,腔,2837,檫,1
4826,腔,3971,睡,1
4826,腔,3975,睦,1
4826,腔,4779,胫,1
4826,腔,4815,脸,1
4826,腔,4829,腚,1
4826,腔,4857,膣,1
4827,腕,2409,旋,1
4827,腕,3778,畹,1
4827,腕,4744,肮,1
4827,腕,4794,脆,1
4828,腙,4806,脘,1
4828,腙,4826,腔,1
4828,腙,4831,腥,1
4828,腙,4840,腺,1
4829,腚,4760,胆,1
4829,腚,4806,脘,1
4829,腚,4827,腕,1
4829,腚,4868,臆,1
4830,腠,4738,肤,1
4831,腥,1865,怪,1
4831,腥,4769,胜,1
4831,腥,4812,脱,1
4831,腥,4819,腊,1
4831,腥,4857,膣,1
4833,腩,4811,脯,1
4835,腮,3833,痣,1
4835,腮,3962,眼,1
4835,腮,4771,胞,1
4835,腮,4817,腆,1
4835,腮,4831,腥,1
4835,腮,6764,飓,1
4836,腰,1257,妖,1
4836,腰,4810,脬,1
4836,腰,4860,膪,1
4836,腰,4863,膻,1
4838,腴,2450,映,1
4838,腴,3987,瞍,1
4838,腴,4839,腹,1
4839,腹,2499,暧,1
4839,腹,3977,睫,1
4839,腹,4736,股,1
4839,腹,4820,腋,1
4839,腹,4826,腔,1
4839,腹,4843,腽,1
4839,腹,4861,膳,1
4839,腹,4868,臆,1
4840,腺,4786,胳,1
4840,腺,4828,腙,1
4841,腻,4859,膨,1
4841,腻,5384,蜮,1
4844,腾,3259,滕,1
4844,腾,4783,胰,1
4844,腾,4856,膝,1
4844,腾,5421,螣,1
4845,腿,3126,涎,1
4845,腿,4835,腮,1
4845,腿,4837,腱,1
4845,腿,4843,腽,1
4845,腿,4919,艇,1
4845,腿,5371,蜒,1
4845,腿,6770,飚,1
4846,膀,4924,艚,1
4847,膂,3734,甑,1
4848,膈,4735,肠,1
4849,膊,590,博,1
4849,膊,4844,腾,1
4849,膊,4852,膘,1
4849,膊,5549,襻,1
4849,膊,5819,赙,1
4850,膏,6886,骨,1
4851,膑,4785,胲,1
4851,膑,4826,腔,1
4852,膘,3494,牒,1
4852,膘,3980,睽,1
4852,膘,4810,脬,1
4852,膘,4849,膊,1
4854,膛,3991,瞟,1
4854,膛,4766,胙,1
4854,膛,4815,脸,1
4854,膛,4826,腔,1
4855,膜,3595,獏,1
4855,膜,3838,痪,1
4855,膜,4851,膑,1
4856,膝,3980,睽,1
4856,膝,4002,瞵,1
4856,膝,4805,脖,1
4857,膣,4831,腥,1
4858,膦,3777,畸,1
4858,膦,4818,腈,1
4859,膨,3951,眦,1
4859,膨,4853,膙,1
4861,膳,4764,胖,1
4861,膳,4818,腈,1
4862,膺,4866,臂,1
4864,臀,3970,睛,1
4865,臁,4867,臃,1
4866,臂,511,劈,1
4866,臂,1179,壁,1
4866,臂,4346,箩,1
4867,臃,3998,瞬,1
4868,臆,1608,州,1
4868,臆,1778,役,1
4868,臆,4788,胶,1
4868,臆,4829,腚,1
4869,臊,2529,朕,1
4869,臊,3494,牒,1
4869,臊,3967,睐,1
4869,臊,4737,肢,1
4869,臊,4798,脎,1
4869,臊,6399,锋,1
4873,臣,1501,屏,1
4873,臣,1614,巨,1
4873,臣,1713,廑,1
4873,臣,6111,遥,1
4873,臣,6771,飞,1
4874,臧,4550,缄,1
4875,自,184,伺,1
4875,自,549,勿,1
4875,自,565,匡,1
4875,自,1012,囱,1
4875,自,2418,日,1
4875,自,2419,旦,1
4875,自,3890,白,1
4875,自,3891,百,1
4875,自,4881,臼,1
4875,自,5952,身,1
4876,臬,2572,杲,1
4876,臬,3020,泉,1
4877,臭,1238,奥,1
4877,臭,2447,昙,1
4878,至,41,主,1
4878,至,376,兰,1
4878,至,378,关,1
4878,至,1033,圭,1
4878,至,1185,壬,1
4878,至,2905,毛,1
4878,至,3607,玉,1
4878,至,3830,痛,1
4878,至,5740,豆,1
4878,至,7184,龟,1
4879,致,1380,孜,1
4879,致,2357,放,1
4879,致,2358,政,1
4879,致,2368,敛,1
4879,致,3623,玫,1
4879,致,5967,软,1
4881,臼,5457,血,1
4881,臼,6509,问,1
4882,臾,1238,奥,1
4882,臾,5788,贸,1
4883,舀,573,匾,1
4883,舀,3944,看,1
4883,舀,4303,笾,1
4883,舀,5689,谄,1
4884,舁,1729,异,1
4884,舁,1732,弇,1
4887,舅,534,勇,1
4887,舅,2511,曩,1
4888,舆,4359,篑,1
4889,舌,81,于,1
4889,舌,444,击,1
4889,舌,684,合,1
4889,舌,705,否,1
4889,舌,1200,多,1
4889,舌,3909,盂,1
4890,舍,166,会,1
4890,舍,709,含,1
4890,舍,4436,系,1
4890,舍,4889,舌,1
4891,舐,4097,碱,1
4891,舐,6769,飙,1
4891,舐,6889,骶,1
4892,舒,652,叙,1
4892,舒,5460,行,1
4892,舒,6255,野,1
4892,舒,6280,钌,1
4893,舔,4545,绿,1
4893,舔,5834,赫,1
4894,舛,2867,歼,1
4894,舛,2996,沣,1
4895,舜,2928,氛,1
4895,舜,3998,瞬,1
4895,舜,6146,邹,1
4896,舞,3724,瓮,1
4896,舞,4895,舜,1
4897,舟,577,卅,1
4897,舟,3890,白,1
4899,舢,4898,舡,1
4899,舢,4907,舰,1
4902,航,1767,彤,1
4902,航,4908,舱,1
4903,舫,467,删,1
4903,舫,1772,彬,1
4903,舫,4922,艏,1
4904,般,2363,敏,1
4904,般,2843,欣,1
4904,般,3861,瘢,1
4904,般,3899,皑,1
4904,般,4736,股,1
4904,般,5832,赧,1
4904,般,7056,鸼,1
4905,舭,4907,舰,1
4906,舯,4912,舶,1
4907,舰,3901,皖,1
4907,舰,5271,藐,1
4908,舱,4902,航,1
4908,舱,4911,舵,1
4908,舱,5861,跄,1
4909,舳,2393,斤,1
4909,舳,4899,舢,1
4910,舴,4916,舻,1
4911,舵,3899,皑,1
4911,舵,4908,舱,1
4911,舵,4915,船,1
4911,舵,4918,艄,1
4912,舶,42,丽,1
4912,舶,2466,晌,1
4912,舶,3632,珀,1
4912,舶,4901,舨,1
4912,舶,4915,船,1
4912,舶,5954,躯,1
4912,舶,6741,颓,1
4913,舷,3953,眩,1
4913,舷,4903,舫,1
4915,船,1770,彩,1
4917,舾,4913,舷,1
4918,艄,5795,贿,1
4922,艏,4903,舫,1
4923,艘,1346,嫂,1
4923,艘,3659,琏,1
4923,艘,3987,瞍,1
4923,艘,4904,般,1
4926,艨,3337,濠,1
4927,艮,1485,尺,1
4927,艮,6772,食,1
4928,良,651,变,1
4928,良,2896,每,1
4928,良,2920,民,1
4928,良,7104,鹿,1
4929,艰,1247,如,1
4929,艰,1346,嫂,1
4929,艰,1887,恨,1
4929,艰,5491,袗,1
4930,色,126,仑,1
4930,色,565,匡,1
4930,色,3106,浜,1
4930,色,4278,笆,1
4934,艺,1619,己,1
4934,艺,4951,芜,1
4934,艺,4952,芝,1
4936,艾,690,吏,1
4937,艿,69,书,1
4937,艿,5964,转,1
4938,节,76,予,1
4938,节,5008,苹,1
4939,芄,4935,艽,1
4940,芈,4933,艹,1
4941,芊,6011,辛,1
4942,芋,43,举,1
4942,芋,2180,挲,1
4942,芋,2613,某,1
4942,芋,4944,芎,1
4942,芋,5090,莘,1
4942,芋,6011,辛,1
4942,芋,6673,革,1
4943,芍,52,乌,1
4943,芍,4938,节,1
4943,芍,5047,荀,1
4943,芍,5078,药,1
4943,芍,5087,莎,1
4944,芎,4963,芭,1
4944,芎,4968,芳,1
4944,芎,5178,葶,1
4945,芏,1095,垩,1
4945,芏,4947,芒,1
4946,芑,361,克,1
4946,芑,1519,岂,1
4946,芑,4934,艺,1
4946,芑,4944,芎,1
4946,芑,4951,芜,1
4946,芑,4999,苣,1
4947,芒,4961,芫,1
4947,芒,4984,苎,1
4949,芘,5018,茈,1
4949,芘,5032,茧,1
4950,芙,378,关,1
4950,芙,4947,芒,1
4950,芙,4951,芜,1
4950,芙,4973,芼,1
4950,芙,5005,英,1
4950,芙,5090,莘,1
4950,芙,5138,萁,1
4950,芙,7182,龚,1
4951,芜,397,冕,1
4951,芜,4625,羌,1
4951,芜,4668,老,1
4951,芜,4950,芙,1
4951,芜,5056,荒,1
4952,芝,2922,气,1
4952,芝,4945,芏,1
4952,芝,4948,芗,1
4952,芝,4961,芫,1
4953,芟,4958,芨,1
4954,芡,4981,苋,1
4954,芡,5126,菠,1
4954,芡,5779,贯,1
4955,芤,3089,浆,1
4955,芤,5098,莪,1
4956,芥,59,乔,1
4956,芥,377,共,1
4956,芥,4938,节,1
4956,芥,5064,荠,1
4957,芦,68,乡,1
4957,芦,4938,节,1
4958,芨,5084,莅,1
4959,芩,3675,琴,1
4959,芩,4988,苓,1
4959,芩,5004,苯,1
4960,芪,2920,民,1
4960,芪,3728,瓷,1
4960,芪,3790,疙,1
4960,芪,5012,茂,1
4960,芪,5035,茬,1
4961,芫,5045,茺,1
4962,芬,478,券,1
4962,芬,530,劳,1
4962,芬,617,厅,1
4962,芬,1623,巷,1
4962,芬,2482,景,1
4962,芬,4985,苏,1
4962,芬,5027,茗,1
4963,芭,1513,屯,1
4963,芭,4930,色,1
4963,芭,4946,芑,1
4963,芭,4991,苗,1
4963,芭,4995,苞,1
4963,芭,5031,茝,1
4964,芮,4939,芄,1
4965,芯,1814,忍,1
4965,芯,1820,志,1
4965,芯,1850,怒,1
4965,芯,1858,怠,1
4965,芯,4976,苁,1
4965,芯,4996,苟,1
4967,花,138,代,1
4967,花,4668,老,1
4967,花,4960,芪,1
4967,花,5013,范,1
4967,花,5034,茫,1
4967,花,5110,莼,1
4968,芳,1567,崇,1
4968,芳,1738,弓,1
4968,芳,2445,昔,1
4968,芳,4306,等,1
4968,芳,4978,苇,1
4968,芳,5015,茅,1
4968,芳,5113,菁,1
4969,芴,4996,苟,1
4969,芴,5089,莓,1
4970,芷,5061,荜,1
4971,芸,4961,芫,1
4972,芹,2393,斤,1
4972,芹,2401,方,1
4972,芹,4938,节,1
4972,芹,4941,芊,1
4972,芹,4956,芥,1
4972,芹,4968,芳,1
4973,芼,4284,笔,1
4974,芽,407,冫,1
4974,芽,5008,苹,1
4974,芽,5015,茅,1
4975,芾,1646,带,1
4975,芾,4314,策,1
4975,芾,4978,苇,1
4975,芾,4979,苈,1
4975,芾,5004,苯,1
4975,芾,5015,茅,1
4975,芾,5028,茚,1
4976,苁,4998,苡,1
4977,苄,381,其,1
4977,苄,4957,芦,1
4978,苇,1641,帚,1
4978,苇,1661,幕,1
4978,苇,1743,弟,1
4978,苇,4295,笫,1
4978,苇,4944,芎,1
4978,苇,4975,芾,1
4978,苇,5008,苹,1
4978,苇,5095,莠,1
4981,苋,5033,茨,1
4981,苋,5557,觅,1
4981,苋,5560,览,1
4983,苍,610,卷,1
4983,苍,1532,岜,1
4983,苍,4989,苔,1
4983,苍,4999,苣,1
4985,苏,86,五,1
4985,苏,530,劳,1
4985,苏,542,募,1
4985,苏,1740,弗,1
4985,苏,5137,菽,1
4986,苑,796,哉,1
4986,苑,4955,芤,1
4986,苑,4995,苞,1
4986,苑,5070,荧,1
4986,苑,5110,莼,1
4986,苑,5126,菠,1
4988,苓,5048,荃,1
4988,苓,5072,荩,1
4989,苔,668,台,1
4989,苔,4956,芥,1
4989,苔,4974,芽,1
4989,苔,5007,苷,1
4989,苔,5021,茎,1
4990,苕,377,共,1
4990,苕,2445,昔,1
4990,苕,5027,茗,1
4991,苗,2573,杳,1
4991,苗,2598,枪,1
4991,苗,3760,畅,1
4991,苗,3891,百,1
4991,苗,4965,芯,1
4991,苗,4994,苜,1
4991,苗,5028,茚,1
4991,苗,5030,茜,1
4991,苗,5117,菊,1
4991,苗,5140,萄,1
4991,苗,5141,萆,1
4992,苘,857,商,1
4992,苘,1473,尚,1
4992,苘,2897,毐,1
4993,苛,1071,坷,1
4993,苛,1533,岢,1
4993,苛,2445,昔,1
4993,苛,3644,珣,1
4993,苛,4943,芍,1
4993,苛,4969,芴,1
4993,苛,5007,苷,1
4993,苛,5015,茅,1
4993,苛,5043,茸,1
4993,苛,5079,荷,1
4993,苛,5181,蒂,1
4994,苜,4728,肖,1
4994,苜,4933,艹,1
4994,苜,4989,苔,1
4994,苜,4992,苘,1
4994,苜,6826,首,1
4995,苞,1689,庖,1
4995,苞,3483,爸,1
4995,苞,4996,苟,1
4996,苟,1106,埇,1
4996,苟,5040,茴,1
4996,苟,5046,茼,1
4996,苟,5047,荀,1
4996,苟,5065,荡,1
4996,苟,5079,荷,1
4996,苟,5119,菏,1
4998,苡,4949,芘,1
4999,苣,4264,竞,1
4999,苣,4983,苍,1
4999,苣,5031,茝,1
5001,若,1407,宏,1
5001,若,1535,岩,1
5001,若,3944,看,1
5001,若,4968,芳,1
5002,苦,14,专,1
5002,苦,699,吝,1
5002,苦,2554,杏,1
5002,苦,4364,篡,1
5002,苦,5001,若,1
5003,苫,2441,昌,1
5003,苫,4947,芒,1
5003,苫,5186,蒌,1
5004,苯,4293,笨,1
5004,苯,4985,苏,1
5004,苯,5008,苹,1
5004,苯,5019,茉,1
5004,苯,5044,茹,1
5004,苯,5111,莽,1
5004,苯,5139,萃,1
5004,苯,6015,辣,1
5005,英,1052,块,1
5005,英,4954,芡,1
5005,英,5032,茧,1
5005,英,5033,茨,1
5005,英,5038,茱,1
5005,英,5059,荚,1
5005,英,5136,菼,1
5005,英,5158,萸,1
5005,英,6713,页,1
5005,英,7119,黄,1
5006,苴,3933,直,1
5006,苴,4994,苜,1
5008,苹,43,举,1
5008,苹,3498,牛,1
5008,苹,4281,笋,1
5008,苹,4718,聿,1
5008,苹,4942,芋,1
5008,苹,4972,芹,1
5008,苹,5015,茅,1
5008,苹,5052,草,1
5008,苹,5139,萃,1
5008,苹,5144,萍,1
5008,苹,5744,豕,1
5008,苹,6011,辛,1
5009,苻,4989,苔,1
5009,苻,5054,荐,1
5009,苻,6564,阵,1
5010,茀,1661,幕,1
5010,茀,1740,弗,1
5010,茀,4978,苇,1
5010,茀,5055,荑,1
5010,茀,5197,蒹,1
5011,茁,443,出,1
5011,茁,446,函,1
5011,茁,1943,惠,1
5011,茁,4945,芏,1
5011,茁,5022,茏,1
5011,茁,5027,茗,1
5011,茁,5032,茧,1
5011,茁,5104,莴,1
5011,茁,5122,菘,1
5011,茁,5183,蒈,1
5011,茁,5323,蚩,1
5011,茁,5718,谣,1
5011,茁,5783,贳,1
5011,茁,6732,颈,1
5012,茂,4302,笼,1
5012,茂,5098,莪,1
5013,范,616,厄,1
5013,范,3483,爸,1
5013,范,4949,芘,1
5013,范,4986,苑,1
5013,范,5034,茫,1
5013,范,5110,莼,1
5014,茄,42,丽,1
5014,茄,4299,笳,1
5014,茄,5044,茹,1
5015,茅,4296,第,1
5015,茅,4942,芋,1
5015,茅,4968,芳,1
5015,茅,4974,芽,1
5017,茇,5022,茏,1
5019,茉,105,亲,1
5019,茉,4677,耒,1
5019,茉,4978,苇,1
5019,茉,5032,茧,1
5019,茉,5066,荣,1
5019,茉,5082,荼,1
5019,茉,5123,菜,1
5021,茎,1499,屋,1
5021,茎,1623,巷,1
5021,茎,5036,茭,1
5021,茎,5228,蔡,1
5022,茏,2392,斡,1
5023,茑,5140,萄,1
5024,茓,3072,洪,1
5024,茓,3396,烘,1
5024,茓,4954,芡,1
5024,茓,5005,英,1
5025,茔,5032,茧,1
5025,茔,5151,萤,1
5026,茕,4951,芜,1
5027,茗,4990,苕,1
5027,茗,5021,茎,1
5027,茗,5130,菪,1
5028,茚,4996,苟,1
5031,茝,5225,蔗,1
5031,茝,7119,黄,1
5032,茧,5723,谨,1
5033,茨,4954,芡,1
5033,茨,4998,苡,1
5033,茨,5034,茫,1
5034,茫,4947,芒,1
5034,茫,6577,陉,1
5035,茬,1617,差,1
5035,茬,5225,蔗,1
5036,茭,5021,茎,1
5036,茭,5186,蒌,1
5036,茭,5192,蒡,1
5037,茯,5106,获,1
5037,茯,5107,莸,1
5038,茱,2650,栗,1
5038,茱,5066,荣,1
5039,茳,5669,诰,1
5040,茴,3891,百,1
5040,茴,4996,苟,1
5040,茴,5065,荡,1
5040,茴,5079,荷,1
5041,茵,100,亩,1
5041,茵,1012,囱,1
5041,茵,4994,苜,1
5041,茵,5140,萄,1
5041,茵,5671,诲,1
5041,茵,6529,阂,1
5042,茶,1495,居,1
5042,茶,2617,柔,1
5042,茶,2733,棻,1
5042,茶,5019,茉,1
5042,茶,5111,莽,1
5042,茶,5123,菜,1
5043,茸,3932,盲,1
5043,茸,5008,苹,1
5043,茸,5089,莓,1
5043,茸,5204,蓇,1
5043,茸,6669,靠,1
5044,茹,3357,灰,1
5044,茹,4955,芤,1
5044,茹,4982,苌,1
5044,茹,5014,茄,1
5045,茺,1435,宽,1
5045,茺,4980,苊,1
5046,茼,4996,苟,1
5046,茼,5065,荡,1
5046,茼,5140,萄,1
5047,荀,5046,茼,1
5047,荀,5140,萄,1
5047,荀,5169,葡,1
5048,荃,5105,莶,1
5049,荄,5090,莘,1
5050,荆,458,刑,1
5050,荆,2372,散,1
5051,荇,5095,莠,1
5051,荇,6374,铲,1
5052,草,586,卓,1
5052,草,4393,类,1
5052,草,5008,苹,1
5053,荏,5035,茬,1
5053,荏,5219,蓰,1
5054,荐,4990,苕,1
5055,荑,1215,夷,1
5056,荒,4951,芜,1
5056,荒,4961,芫,1
5056,荒,5049,荄,1
5056,荒,5062,荞,1
5056,荒,5209,蓑,1
5056,荒,5270,藏,1
5057,荔,4107,磊,1
5058,荙,5000,苤,1
5059,荚,4626,美,1
5059,荚,4950,芙,1
5059,荚,5005,英,1
5059,荚,7182,龚,1
5060,荛,4951,芜,1
5061,荜,4316,筚,1
5062,荞,385,养,1
5062,荞,5056,荒,1
5064,荠,4956,芥,1
5065,荡,4962,芬,1
5065,荡,5087,莎,1
5065,荡,5191,蒟,1
5065,荡,5236,蔼,1
5066,荣,105,亲,1
5066,荣,1085,垛,1
5066,荣,1375,字,1
5066,荣,2445,昔,1
5066,荣,2561,束,1
5066,荣,4985,苏,1
5066,荣,5019,茉,1
5066,荣,5055,荑,1
5066,荣,5068,荥,1
5066,荣,5069,荦,1
5067,荤,5043,茸,1
5067,荤,5052,草,1
5067,荤,5170,董,1
5067,荤,5239,蕈,1
5067,荤,5272,藓,1
5067,荤,5991,辇,1
5069,荦,5025,茔,1
5070,荧,1413,定,1
5070,荧,3424,焚,1
5070,荧,4950,芙,1
5070,荧,4969,芴,1
5070,荧,5026,茕,1
5071,荨,5015,茅,1
5072,荩,5291,虐,1
5074,荫,2897,毐,1
5074,荫,5213,蓟,1
5074,荫,6563,阴,1
5076,荭,5100,莰,1
5077,荮,5087,莎,1
5077,荮,5103,莳,1
5078,药,2080,技,1
5078,药,4998,苡,1
5078,药,5077,荮,1
5079,荷,286,倚,1
5079,荷,2218,掎,1
5079,荷,4993,苛,1
5079,荷,4996,苟,1
5079,荷,5065,荡,1
5079,荷,5086,莉,1
5079,荷,5119,菏,1
5079,荷,5143,萌,1
5080,荸,1384,季,1
5080,荸,2482,景,1
5080,荸,5097,莩,1
5080,荸,5153,萦,1
5080,荸,5192,蒡,1
5080,荸,5267,薹,1
5081,荻,5134,菸,1
5082,荼,4445,綦,1
5082,荼,5148,萘,1
5083,荽,5097,莩,1
5083,荽,5142,萋,1
5084,莅,4297,笮,1
5084,莅,5003,苫,1
5085,莆,4974,芽,1
5085,莆,5164,著,1
5085,莆,5277,藩,1
5086,莉,468,判,1
5086,莉,479,刹,1
5086,莉,5128,菥,1
5086,莉,5262,薪,1
5087,莎,4948,芗,1
5087,莎,5039,茳,1
5087,莎,5119,菏,1
5088,莒,4984,苎,1
5088,莒,5006,苴,1
5089,莓,2898,毒,1
5090,莘,4718,聿,1
5090,莘,5052,草,1
5090,莘,5129,菩,1
5091,莙,1237,奢,1
5093,莜,2089,投,1
5094,莞,367,党,1
5094,莞,5026,茕,1
5094,莞,5125,菟,1
5095,莠,5145,萎,1
5096,莨,3114,浪,1
5096,莨,5209,蓑,1
5097,莩,1389,孪,1
5097,莩,4445,綦,1
5097,莩,5083,荽,1
5098,莪,1328,婪,1
5098,莪,6883,骤,1
5099,莫,1236,奠,1
5099,莫,3892,皂,1
5099,莫,5163,葖,1
5099,莫,5202,蓂,1
5100,莰,5158,萸,1
5101,莱,4624,羊,1
5101,莱,4718,聿,1
5101,莱,4940,芈,1
5101,莱,4974,芽,1
5101,莱,5010,茀,1
5101,莱,5019,茉,1
5101,莱,5038,茱,1
5101,莱,5055,荑,1
5101,莱,5071,荨,1
5101,莱,6673,革,1
5102,莲,1132,堇,1
5102,莲,4873,臣,1
5102,莲,5031,茝,1
5102,莲,5892,踅,1
5105,莶,2864,歪,1
5105,莶,4988,苓,1
5105,莶,6963,鲞,1
5106,获,4799,脏,1
5107,莸,3532,犹,1
5107,莸,5081,荻,1
5108,莹,1227,奎,1
5108,莹,5068,荥,1
5108,莹,5151,萤,1
5109,莺,5023,茑,1
5109,莺,5152,营,1
5109,莺,6020,辱,1
5110,莼,1489,尾,1
5111,莽,1764,彝,1
5111,莽,5004,苯,1
5111,莽,5186,蒌,1
5111,莽,6663,青,1
5113,菁,1439,寄,1
5113,菁,5204,蓇,1
5114,菂,1490,尿,1
5114,菂,5078,药,1
5114,菂,5213,蓟,1
5115,菅,5025,茔,1
5115,菅,5157,萱,1
5116,菇,5073,荪,1
5116,菇,5131,菰,1
5117,菊,589,南,1
5117,菊,4991,苗,1
5117,菊,4996,苟,1
5117,菊,5140,萄,1
5118,菌,534,勇,1
5118,菌,1008,囤,1
5118,菌,4991,苗,1
5118,菌,5108,莹,1
5118,菌,5117,菊,1
5118,菌,5234,蔺,1
5119,菏,619,厉,1
5119,菏,1127,埼,1
5119,菏,1527,岗,1
5119,菏,4943,芍,1
5119,菏,5191,蒟,1
5120,菔,5174,葭,1
5121,菖,5088,莒,1
5121,菖,5338,蛊,1
5123,菜,1460,导,1
5123,菜,2733,棻,1
5123,菜,4402,粜,1
5123,菜,5004,苯,1
5123,菜,5090,莘,1
5123,菜,5097,莩,1
5123,菜,5248,蕲,1
5126,菠,3807,疲,1
5126,菠,5177,葵,1
5127,菡,5011,茁,1
5127,菡,5196,蒸,1
5129,菩,4029,砉,1
5129,菩,5021,茎,1
5129,菩,5090,莘,1
5130,菪,5088,莒,1
5131,菰,5187,蒎,1
5132,菱,5083,荽,1
5132,菱,5192,蒡,1
5132,菱,5267,薹,1
5132,菱,5268,藁,1
5132,菱,7113,麦,1
5133,菲,2925,氘,1
5133,菲,5014,茄,1
5133,菲,5185,蒋,1
5133,菲,6668,非,1
5136,菼,5186,蒌,1
5138,萁,388,冀,1
5138,萁,5043,茸,1
5138,萁,5099,莫,1
5138,萁,5166,葚,1
5138,萁,5202,蓂,1
5139,萃,5004,苯,1
5139,萃,5090,莘,1
5140,萄,2219,掏,1
5140,萄,4542,综,1
5140,萄,5117,菊,1
5140,萄,5362,蜀,1
5141,萆,5052,草,1
5143,萌,2442,明,1
5143,萌,2528,朔,1
5143,萌,5074,荫,1
5144,萍,3058,洋,1
5144,萍,3098,浐,1
5144,萍,3257,滓,1
5144,萍,5141,萆,1
5144,萍,5258,薛,1
5144,萍,6582,陔,1
5145,萎,886,善,1
5145,萎,1285,姜,1
5145,萎,1957,惹,1
5145,萎,4966,芰,1
5145,萎,5095,莠,1
5146,萏,4883,舀,1
5146,萏,5052,草,1
5146,萏,5054,荐,1
5146,萏,5634,诌,1
5147,萑,1220,奁,1
5147,萑,5240,蕉,1
5148,萘,5042,茶,1
5150,萝,1195,夏,1
5150,萝,2517,曹,1
5150,萝,5083,荽,1
5150,萝,5097,莩,1
5150,萝,5179,葸,1
5150,萝,5224,蔓,1
5151,萤,5070,荧,1
5151,萤,5075,荬,1
5151,萤,5108,莹,1
5152,营,1466,尊,1
5152,营,1969,愚,1
5152,营,4944,芎,1
5152,营,5088,莒,1
5152,营,5109,莺,1
5152,营,5151,萤,1
5152,营,5253,蕾,1
5153,萦,5067,荤,1
5153,萦,5109,莺,1
5154,萧,1272,妻,1
5154,萧,4247,窜,1
5154,萧,5085,莆,1
5154,萧,5101,莱,1
5154,萧,5117,菊,1
5154,萧,5140,萄,1
5154,萧,5197,蒹,1
5154,萧,5280,蘅,1
5155,萨,4418,糁,1
5155,萨,5116,菇,1
5156,萩,3840,痰,1
5156,萩,5237,蔽,1
5156,萩,5263,薮,1
5157,萱,1132,堇,1
5158,萸,5070,荧,1
5158,萸,5153,萦,1
5158,萸,5168,葜,1
5158,萸,5220,蓼,1
5160,落,830,唇,1
5160,落,5034,茫,1
5160,落,5088,莒,1
5160,落,5227,蔟,1
5160,落,5612,讴,1
5163,葖,4234,突,1
5163,葖,4953,芟,1
5163,葖,5066,荣,1
5163,葖,5177,葵,1
5163,葖,5205,蓉,1
5164,著,2495,暑,1
5164,著,3944,看,1
5164,著,4146,祟,1
5164,著,5095,莠,1
5165,葙,2738,植,1
5165,葙,4351,箱,1
5165,葙,5263,薮,1
5166,葚,3738,甚,1
5167,葛,2501,暮,1
5167,葛,4320,筠,1
5167,葛,5044,茹,1
5167,葛,5121,菖,1
5167,葛,5140,萄,1
5167,葛,5150,萝,1
5167,葛,5180,葺,1
5167,葛,5214,蓠,1
5167,葛,5264,薯,1
5167,葛,6113,遭,1
5167,葛,6648,霉,1
5169,葡,4969,芴,1
5169,葡,5117,菊,1
5170,董,1126,基,1
5170,董,4268,童,1
5170,董,5048,荃,1
5170,董,5085,莆,1
5170,董,5147,萑,1
5170,董,5265,薰,1
5170,董,7119,黄,1
5172,葫,3620,玥,1
5172,葫,4656,翡,1
5172,葫,4772,胡,1
5172,葫,5079,荷,1
5172,葫,5086,莉,1
5172,葫,5191,蒟,1
5173,葬,5139,萃,1
5173,葬,5192,蒡,1
5175,葱,1903,恿,1
5175,葱,2007,懑,1
5175,葱,5179,葸,1
5175,葱,5205,蓉,1
5175,葱,5211,蓖,1
5176,葳,1580,崴,1
5176,葳,5182,蒇,1
5177,葵,1232,奖,1
5177,葵,5168,葜,1
5178,葶,5080,荸,1
5178,葶,5090,莘,1
5178,葶,5200,蒿,1
5179,葸,5167,葛,1
5179,葸,5243,蕙,1
5180,葺,5043,茸,1
5180,葺,6012,辜,1
5181,蒂,1644,帝,1
5181,蒂,1646,带,1
5181,蒂,5015,茅,1
5181,蒂,5170,董,1
5181,蒂,5203,蓄,1
5181,蒂,6647,霈,1
5184,蒉,4359,篑,1
5184,蒉,5785,贵,1
5185,蒋,627,原,1
5185,蒋,5126,菠,1
5189,蒙,4415,粼,1
5189,蒙,5153,萦,1
5190,蒜,4718,聿,1
5190,蒜,5054,荐,1
5190,蒜,5262,薪,1
5190,蒜,5833,赪,1
5191,蒟,5077,荮,1
5191,蒟,5079,荷,1
5191,蒟,5172,葫,1
5192,蒡,2404,旁,1
5192,蒡,4622,罾,1
5194,蒲,1691,庙,1
5194,蒲,3112,浦,1
5194,蒲,5277,藩,1
5194,蒲,6322,钸,1
5196,蒸,2571,杰,1
5196,蒸,4970,芷,1
5196,蒸,5240,蕉,1
5196,蒸,5241,蕊,1
5196,蒸,5564,觌,1
5198,蒺,5227,蔟,1
5199,蒽,1903,恿,1
5199,蒽,1983,慕,1
5199,蒽,5118,菌,1
5199,蒽,5175,葱,1
5199,蒽,5243,蕙,1
5200,蒿,988,嚆,1
5200,蒿,2445,昔,1
5200,蒿,4248,窝,1
5200,蒿,4361,篙,1
5200,蒿,5030,茜,1
5200,蒿,5214,蓠,1
5203,蓄,4850,膏,1
5203,蓄,5001,若,1
5203,蓄,5205,蓉,1
5203,蓄,5214,蓠,1
5203,蓄,5238,蕃,1
5203,蓄,5257,薏,1
5204,蓇,3993,瞢,1
5204,蓇,4850,膏,1
5204,蓇,6886,骨,1
5205,蓉,1434,容,1
5205,蓉,2404,旁,1
5205,蓉,5063,荟,1
5205,蓉,5129,菩,1
5205,蓉,5130,菪,1
5205,蓉,5150,萝,1
5205,蓉,5163,葖,1
5205,蓉,5192,蒡,1
5205,蓉,5207,蓍,1
5205,蓉,5216,蓥,1
5205,蓉,5289,虎,1
5206,蓊,4644,翁,1
5207,蓍,4672,耆,1
5207,蓍,5113,菁,1
5208,蓐,1504,展,1
5209,蓑,1298,娄,1
5209,蓑,5056,荒,1
5209,蓑,5279,藿,1
5209,蓑,5283,蘘,1
5211,蓖,3676,琵,1
5212,蓝,3913,盉,1
5212,蓝,3921,盔,1
5212,蓝,6639,雷,1
5212,蓝,7017,鳖,1
5213,蓟,489,削,1
5214,蓠,4172,离,1
5214,蓠,4622,罾,1
5214,蓠,5167,葛,1
5215,蓣,6754,颡,1
5216,蓥,4242,窒,1
5216,蓥,5108,莹,1
5217,蓦,542,募,1
5218,蓬,2455,是,1
5218,蓬,4371,篷,1
5218,蓬,5216,蓥,1
5219,蓰,1334,婺,1
5219,蓰,1797,徙,1
5219,蓰,4957,芦,1
5222,蔌,2855,歉,1
5222,蔌,5817,赖,1
5223,蔑,4373,篾,1
5223,蔑,5189,蒙,1
5224,蔓,5132,菱,1
5224,蔓,5267,薹,1
5225,蔗,64,九,1
5225,蔗,7119,黄,1
5226,蔚,1465,尉,1
5226,蔚,5103,莳,1
5227,蔟,5136,菼,1
5228,蔡,1393,孳,1
5228,蔡,2334,擎,1
5228,蔡,3872,瘵,1
5228,蔡,4152,祭,1
5228,蔡,4852,膘,1
5228,蔡,5097,莩,1
5228,蔡,5177,葵,1
5228,蔡,5276,藤,1
5229,蔫,3415,焉,1
5229,蔫,5023,茑,1
5229,蔫,5095,莠,1
5229,蔫,5109,莺,1
5229,蔫,5132,菱,1
5229,蔫,5167,葛,1
5229,蔫,5214,蓠,1
5229,蔫,5231,蔷,1
5229,蔫,7058,鸾,1
5230,蔬,3458,熬,1
5230,蔬,6659,露,1
5231,蔷,870,啬,1
5231,蔷,2517,曹,1
5231,蔷,5129,菩,1
5231,蔷,5164,著,1
5231,蔷,5203,蓄,1
5231,蔷,5238,蕃,1
5233,蔹,2376,数,1
5233,蔹,5213,蓟,1
5234,蔺,2938,氮,1
5235,蔻,5279,藿,1
5236,蔼,3319,澌,1
5236,蔼,4804,脔,1
5236,蔼,5065,荡,1
5236,蔼,5167,葛,1
5236,蔼,5240,蕉,1
5236,蔼,5249,蕴,1
5236,蔼,5814,赓,1
5237,蔽,5198,蒺,1
5238,蕃,5231,蔷,1
5238,蕃,5253,蕾,1
5239,蕈,5552,覃,1
5240,蕉,2814,樵,1
5240,蕉,3426,焦,1
5240,蕉,5076,荭,1
5240,蕉,5147,萑,1
5240,蕉,5364,蜃,1
5241,蕊,337,僚,1
5241,蕊,4961,芫,1
5242,蕖,3192,渠,1
5242,蕖,5278,藻,1
5246,蕨,510,劂,1
5248,蕲,5128,菥,1
5249,蕴,4553,缇,1
5249,蕴,5034,茫,1
5249,蕴,5210,蓓,1
5249,蕴,5212,蓝,1
5249,蕴,5236,蔼,1
5249,蕴,6099,遇,1
5249,蕴,6204,酝,1
5250,蕹,6627,雍,1
5251,蕺,2032,戢,1
5251,蕺,5981,载,1
5253,蕾,5145,萎,1
5253,蕾,5203,蓄,1
5253,蕾,6248,醺,1
5254,薄,322,傅,1
5254,薄,2815,樽,1
5254,薄,4126,礴,1
5254,薄,4387,簿,1
5254,薄,5119,菏,1
5254,薄,6610,障,1
5255,薅,1310,娠,1
5256,薇,1803,微,1
5256,薇,2830,檄,1
5257,薏,1957,惹,1
5257,薏,5023,茑,1
5258,薛,1715,廓,1
5258,薛,2330,擀,1
5258,薛,5051,荇,1
5262,薪,1578,崭,1
5262,薪,2400,新,1
5262,薪,4972,芹,1
5262,薪,5011,茁,1
5262,薪,6675,靳,1
5263,薮,5237,蔽,1
5264,薯,542,募,1
5264,薯,1237,奢,1
5264,薯,5091,莙,1
5264,薯,5202,蓂,1
5264,薯,5231,蔷,1
5265,薰,3449,熏,1
5265,薰,5170,董,1
5265,薰,5257,薏,1
5269,藉,2864,歪,1
5269,藉,5116,菇,1
5269,藉,5273,藕,1
5270,藏,5098,莪,1
5270,藏,5251,蕺,1
5271,藐,2885,殪,1
5271,藐,5174,葭,1
5271,藐,5206,蓊,1
5271,藐,5222,蔌,1
5271,藐,5759,貌,1
5273,藕,5275,藠,1
5276,藤,3259,滕,1
5276,藤,4761,背,1
5277,藩,1718,廛,1
5277,藩,5212,蓝,1
5277,藩,5238,蕃,1
5278,藻,1697,庤,1
5278,藻,3238,溧,1
5280,蘅,5465,衡,1
5281,蘑,5210,蓓,1
5281,蘑,5286,蘸,1
5282,蘖,1396,孽,1
5282,蘖,2835,檠,1
5283,蘘,5544,襄,1
5284,蘧,6107,遘,1
5285,蘩,5228,蔡,1
5285,蘩,5274,藜,1
5286,蘸,568,匪,1
5286,蘸,2304,摭,1
5286,蘸,5134,菸,1
5287,蘼,6670,靡,1
5288,虍,606,危,1
5288,虍,3750,由,1
5288,虍,5289,虎,1
5288,虍,5290,虏,1
5289,虎,357,充,1
5289,虎,1435,宽,1
5289,虎,1690,店,1
5289,虎,5292,虑,1
5289,虎,5586,詹,1
5290,虏,5289,虎,1
5291,虐,2049,扈,1
5291,虐,3793,疟,1
5291,虐,4780,胬,1
5291,虐,5293,虔,1
5291,虐,5586,詹,1
5292,虑,1367,嬴,1
5292,虑,1704,庶,1
5292,虑,1920,您,1
5292,虑,3114,浪,1
5292,虑,3881,癔,1
5292,虑,5288,虍,1
5292,虑,5294,虚,1
5293,虔,5291,虐,1
5294,虚,1082,垒,1
5294,虚,1708,庼,1
5294,虚,5290,虏,1
5295,虞,3284,漠,1
5295,虞,5291,虐,1
5295,虞,5293,虔,1
5297,虫,86,五,1
5297,虫,443,出,1
5297,虫,636,去,1
5297,虫,1211,央,1
5297,虫,1643,帜,1
5298,虬,5301,虹,1
5299,虮,5325,蚬,1
5300,虱,637,厾,1
5300,虱,1017,国,1
5300,虱,5298,虬,1
5300,虱,5316,蚕,1
5301,虹,1189,壶,1
5301,虹,1839,怀,1
5301,虹,4456,红,1
5301,虹,5303,虻,1
5301,虹,5378,蜞,1
5301,虹,5601,讧,1
5301,虹,6137,邮,1
5301,虹,7059,鸿,1
5303,虻,5304,虼,1
5303,虻,5333,蛀,1
5303,虻,5336,蛇,1
5304,虼,5373,蜕,1
5305,虽,25,丢,1
5305,虽,1082,垒,1
5305,虽,1416,宝,1
5305,虽,5320,蚤,1
5305,虽,5323,蚩,1
5306,虾,694,吓,1
5306,虾,5319,蚣,1
5306,虾,6137,邮,1
5307,虿,5365,蜇,1
5308,蚀,2355,改,1
5308,蚀,3093,浊,1
5308,蚀,5770,账,1
5309,蚁,463,则,1
5310,蚂,409,冯,1
5310,蚂,5301,虹,1
5311,蚊,5309,蚁,1
5311,蚊,5333,蛀,1
5311,蚊,6137,邮,1
5311,蚊,6801,饺,1
5313,蚌,864,啡,1
5313,蚌,2631,柱,1
5313,蚌,4050,砰,1
5313,蚌,5324,蚪,1
5313,蚌,5347,蛛,1
5313,蚌,5408,蝼,1
5314,蚍,5361,蛾,1
5315,蚓,5298,虬,1
5315,蚓,5299,虮,1
5315,蚓,5368,蜊,1
5315,蚓,5411,螂,1
5316,蚕,1948,惫,1
5316,蚕,2876,残,1
5316,蚕,5095,莠,1
5316,蚕,5353,蛮,1
5318,蚝,5298,虬,1
5318,蚝,5336,蛇,1
5319,蚣,683,吆,1
5319,蚣,744,呱,1
5319,蚣,5303,虻,1
5319,蚣,5340,蛎,1
5319,蚣,5343,蛑,1
5319,蚣,6204,酝,1
5320,蚤,25,丢,1
5320,蚤,5316,蚕,1
5320,蚤,5339,蛋,1
5322,蚨,5347,蛛,1
5324,蚪,1047,坍,1
5324,蚪,2387,料,1
5324,蚪,3611,玕,1
5324,蚪,5313,蚌,1
5324,蚪,5315,蚓,1
5324,蚪,5317,蚜,1
5326,蚯,18,丘,1
5326,蚯,3106,浜,1
5326,蚯,5301,虹,1
5326,蚯,5303,虻,1
5326,蚯,5334,蛄,1
5327,蚰,5332,蚺,1
5329,蚴,742,呦,1
5329,蚴,1069,坳,1
5331,蚶,5327,蚰,1
5331,蚶,5334,蛄,1
5331,蚶,5383,蜩,1
5332,蚺,5342,蛐,1
5333,蛀,5318,蚝,1
5333,蛀,5326,蚯,1
5333,蛀,5336,蛇,1
5333,蛀,5346,蛙,1
5334,蛄,765,咕,1
5334,蛄,5330,蚵,1
5335,蛆,1062,坦,1
5335,蛆,2424,旭,1
5335,蛆,5392,蝈,1
5335,蛆,6840,驵,1
5336,蛇,724,呃,1
5336,蛇,772,咤,1
5336,蛇,3366,炉,1
5336,蛇,5327,蚰,1
5336,蛇,5343,蛑,1
5336,蛇,5350,蛤,1
5336,蛇,6789,饮,1
5336,蛇,6847,驼,1
5337,蛉,3627,玲,1
5337,蛉,5321,蚧,1
5337,蛉,5328,蚱,1
5337,蛉,7172,龄,1
5338,蛊,3910,盅,1
5338,蛊,3915,盍,1
5339,蛋,1754,强,1
5339,蛋,2447,昙,1
5339,蛋,3783,疍,1
5339,蛋,4098,碲,1
5339,蛋,5305,虽,1
5339,蛋,5320,蚤,1
5339,蛋,5377,蜜,1
5340,蛎,1090,垢,1
5341,蛏,5349,蛟,1
5341,蛏,5427,螳,1
5342,蛐,5327,蚰,1
5342,蛐,5332,蚺,1
5342,蛐,5378,蜞,1
5343,蛑,3100,浒,1
5343,蛑,5345,蛘,1
5343,蛑,5363,蜂,1
5343,蛑,5410,蝾,1
5344,蛔,678,叼,1
5344,蛔,5335,蛆,1
5344,蛔,5392,蝈,1
5346,蛙,794,哇,1
5346,蛙,5313,蚌,1
5346,蛙,5318,蚝,1
5346,蛙,5333,蛀,1
5346,蛙,5373,蜕,1
5346,蛙,5380,蜢,1
5346,蛙,6626,雌,1
5347,蛛,228,侏,1
5347,蛛,5313,蚌,1
5347,蛛,5332,蚺,1
5347,蛛,5361,蛾,1
5347,蛛,5389,蜾,1
5347,蛛,5889,跺,1
5347,蛛,6331,铁,1
5348,蛞,5350,蛤,1
5349,蛟,779,咬,1
5350,蛤,2399,斯,1
5350,蛤,5304,虼,1
5350,蛤,5319,蚣,1
5350,蛤,5798,赂,1
5350,蛤,5842,趁,1
5350,蛤,6588,除,1
5350,蛤,6799,饸,1
5351,蛩,4286,笙,1
5353,蛮,1302,娈,1
5353,蛮,1436,宾,1
5353,蛮,1751,弯,1
5353,蛮,5307,虿,1
5353,蛮,5365,蜇,1
5354,蛰,2153,拽,1
5354,蛰,3409,热,1
5354,蛰,5365,蜇,1
5355,蛱,1553,峡,1
5355,蛱,1912,悚,1
5356,蛲,1553,峡,1
5356,蛲,5373,蜕,1
5359,蛸,1561,峭,1
5359,蛸,2702,梢,1
5360,蛹,5340,蛎,1
5360,蛹,5370,蜎,1
5360,蛹,5407,蝻,1
5360,蛹,5418,螗,1
5361,蛾,5314,蚍,1
5361,蛾,5356,蛲,1
5361,蛾,5384,蜮,1
5361,蛾,6805,饿,1
5362,蜀,1527,岗,1
5362,蜀,4617,罱,1
5362,蜀,5140,萄,1
5363,蜂,832,唏,1
5363,蜂,1547,峂,1
5363,蜂,1562,峰,1
5363,蜂,3414,烽,1
5363,蜂,4493,绉,1
5363,蜂,5431,蟀,1
5363,蜂,6399,锋,1
5366,蜈,940,嗾,1
5366,蜈,5330,蚵,1
5366,蜈,5352,蛭,1
5366,蜈,5355,蛱,1
5366,蜈,5381,蜣,1
5367,蜉,3207,湉,1
5369,蜍,5347,蛛,1
5370,蜎,5359,蛸,1
5370,蜎,5383,蜩,1
5371,蜒,3651,珽,1
5372,蜓,1109,埏,1
5372,蜓,5322,蚨,1
5372,蜓,5346,蛙,1
5372,蜓,5355,蛱,1
5372,蜓,5413,螅,1
5372,蜓,5450,蠖,1
5372,蜓,6361,铤,1
5373,蜕,3772,畦,1
5373,蜕,5326,蚯,1
5373,蜕,5375,蜘,1
5374,蜗,5386,蜴,1
5374,蜗,5901,踢,1
5375,蜘,5322,蚨,1
5375,蜘,5368,蜊,1
5377,蜜,3368,炎,1
5377,蜜,3630,玺,1
5377,蜜,4236,窄,1
5377,蜜,5339,蛋,1
5378,蜞,5432,蟆,1
5378,蜞,6248,醺,1
5379,蜡,855,啃,1
5379,蜡,1940,惜,1
5379,蜡,5408,蝼,1
5379,蜡,5409,蝽,1
5379,蜡,5422,螨,1
5383,蜩,5392,蝈,1
5384,蜮,5361,蛾,1
5385,蜱,874,啴,1
5385,蜱,5343,蛑,1
5385,蜱,5393,蝉,1
5388,蜻,5345,蛘,1
5388,蜻,5435,蟑,1
5389,蜾,5385,蜱,1
5390,蜿,3778,畹,1
5391,蝇,5390,蜿,1
5392,蝈,1551,峒,1
5393,蝉,1087,垟,1
5393,蝉,1861,怦,1
5393,蝉,5369,蜍,1
5393,蝉,5410,蝾,1
5393,蝉,5429,螺,1
5393,蝉,5897,踔,1
5394,蝌,5324,蚪,1
5395,蝎,1655,帽,1
5395,蝎,5310,蚂,1
5395,蝎,5370,蜎,1
5395,蝎,5392,蝈,1
5395,蝎,5420,螠,1
5395,蝎,6685,鞋,1
5397,蝗,1958,惺,1
5397,蝗,4628,羔,1
5397,蝗,5427,螳,1
5397,蝗,5429,螺,1
5397,蝗,5909,踵,1
5398,蝙,3520,犏,1
5398,蝙,4566,编,1
5398,蝙,5375,蜘,1
5398,蝙,5446,蠊,1
5398,蝙,5915,蹁,1
5399,蝠,1158,塥,1
5399,蝠,5425,螭,1
5399,蝠,5447,蠋,1
5401,蝤,5408,蝼,1
5401,蝤,5937,蹲,1
5402,蝥,2277,搔,1
5402,蝥,5423,螫,1
5403,蝮,5413,螅,1
5404,蝰,5356,蛲,1
5404,蝰,6390,锂,1
5405,蝴,5342,蛐,1
5406,蝶,892,喋,1
5406,蝶,1110,埒,1
5406,蝶,1172,墚,1
5406,蝶,5389,蜾,1
5406,蝶,5429,螺,1
5409,蝽,5384,蜮,1
5410,蝾,4593,缲,1
5410,蝾,5406,蝶,1
5411,螂,877,啷,1
5411,螂,2777,榔,1
5411,螂,5297,虫,1
5412,螃,3402,烤,1
5412,螃,4846,膀,1
5412,螃,5442,蟮,1
5413,螅,5441,蟪,1
5414,螈,3399,烜,1
5415,螋,6766,飕,1
5418,螗,5444,蟾,1
5421,螣,1153,塍,1
5421,螣,2485,晴,1
5422,螨,3990,瞒,1
5423,螫,6910,髻,1
5424,螬,943,嘈,1
5425,螭,1990,慵,1
5425,螭,5374,蜗,1
5426,螯,5423,螫,1
5427,螳,3992,瞠,1
5428,螵,945,嘌,1
5428,螵,5406,蝶,1
5429,螺,2000,憬,1
5429,螺,5367,蜉,1
5429,螺,5413,螅,1
5431,蟀,1325,婞,1
5431,蟀,5345,蛘,1
5431,蟀,5363,蜂,1
5431,蟀,5370,蜎,1
5432,蟆,1159,填,1
5432,蟆,5406,蝶,1
5432,蟆,5440,蟥,1
5432,蟆,5451,蠛,1
5435,蟑,5345,蛘,1
5435,蟑,5417,螓,1
5435,蟑,5431,蟀,1
5436,蟒,5410,蝾,1
5438,蟛,5410,蝾,1
5439,蟠,5442,蟮,1
5440,蟥,5409,蝽,1
5440,蟥,5422,螨,1
5440,蟥,5446,蠊,1
5441,蟪,5413,螅,1
5443,蟹,2004,懈,1
5443,蟹,4866,臂,1
5443,蟹,5377,蜜,1
5443,蟹,6975,鲪,1
5444,蟾,4003,瞻,1
5445,蠃,4639,羸,1
5446,蠊,1168,墉,1
5447,蠋,5374,蜗,1
5447,蠋,5395,蝎,1
5448,蠓,5428,螵,1
5449,蠕,1395,孺,1
5452,蠡,5453,蠢,1
5453,蠢,5455,蠹,1
5455,蠹,998,囔,1
5457,血,1001,四,1
5457,血,5550,西,1
5459,衅,807,哗,1
5459,衅,4494,绊,1
5460,行,85,亓,1
5460,行,128,仔,1
5460,行,1776,彳,1
5460,行,2964,污,1
5460,行,4272,竹,1
5460,行,5609,记,1
5461,衍,124,仍,1
5461,衍,150,价,1
5461,衍,4202,稃,1
5461,衍,4506,绗,1
5462,衔,305,假,1
5462,衔,3790,疙,1
5462,衔,5464,衙,1
5462,衔,7021,鳚,1
5463,街,1785,待,1
5463,街,4457,纣,1
5463,街,5465,衡,1
5463,街,5473,衬,1
5465,衡,1878,恒,1
5465,衡,4506,绗,1
5465,衡,7021,鳚,1
5467,衣,402,农,1
5467,衣,713,启,1
5467,衣,1680,庇,1
5467,衣,1691,庙,1
5467,衣,4128,礻,1
5467,衣,4928,良,1
5467,衣,5468,衤,1
5468,衤,2944,永,1
5468,衤,5631,诉,1
5469,补,165,伙,1
5469,补,3807,疲,1
5469,补,4150,祧,1
5469,补,4474,纵,1
5470,表,28,丧,1
5470,表,3461,熹,1
5470,表,4029,砉,1
5470,表,4633,羡,1
5470,表,5477,衷,1
5470,表,5531,褒,1
5471,衩,5513,裙,1
5472,衫,1766,形,1
5472,衫,2397,斫,1
5472,衫,4028,砂,1
5472,衫,4472,纳,1
5473,衬,1693,府,1
5475,衰,360,光,1
5475,衰,5477,衷,1
5476,衲,5490,袖,1
5476,衲,6298,钠,1
5477,衷,362,免,1
5477,衷,789,哀,1
5477,衷,1714,廒,1
5477,衷,3358,灵,1
5477,衷,5470,表,1
5477,衷,5509,裒,1
5477,衷,5522,裳,1
5477,衷,5544,襄,1
5478,衽,2968,汪,1
5480,衿,5500,袷,1
5480,衿,5708,谘,1
5481,袁,789,哀,1
5481,袁,4439,索,1
5481,袁,5767,责,1
5481,袁,7139,黹,1
5482,袂,1829,快,1
5482,袂,5685,谀,1
5483,袄,3815,疾,1
5483,袄,5495,袪,1
5484,袅,4896,舞,1
5485,袆,6791,饰,1
5486,袈,5514,裟,1
5486,袈,6849,驾,1
5487,袋,3379,炭,1
5487,袋,5504,装,1
5487,袋,5787,贷,1
5488,袍,1680,庇,1
5488,袍,2560,杞,1
5488,袍,3539,狍,1
5488,袍,5558,视,1
5489,袒,189,但,1
5489,袒,1789,徊,1
5489,袒,3458,熬,1
5490,袖,3011,油,1
5490,袖,4139,祖,1
5490,袖,5327,蚰,1
5490,袖,5496,被,1
5491,袗,5472,衫,1
5491,袗,6335,铅,1
5492,袜,2875,殊,1
5492,袜,5577,觫,1
5494,袤,5470,表,1
5494,袤,5525,裹,1
5495,袪,5650,诜,1
5496,被,1695,废,1
5496,被,1780,彼,1
5496,被,2530,朗,1
5496,被,3905,皱,1
5496,被,4138,祓,1
5496,被,5498,袯,1
5496,被,5638,诐,1
5497,袭,5486,袈,1
5497,袭,5487,袋,1
5497,袭,5531,褒,1
5497,袭,7182,龚,1
5499,袱,4646,翊,1
5499,袱,5870,跗,1
5500,袷,4141,祚,1
5500,袷,5511,裕,1
5500,袷,5516,裣,1
5500,袷,5669,诰,1
5501,袼,5491,袗,1
5502,裁,2031,戡,1
5502,裁,5838,赴,1
5502,裁,5959,轧,1
5502,裁,5981,载,1
5502,裁,6171,部,1
5503,裂,4304,筅,1
5504,装,2755,楚,1
5504,装,3368,炎,1
5504,装,4262,竖,1
5504,装,5136,菼,1
5504,装,5512,裘,1
5505,裆,2684,档,1
5505,裆,4155,祷,1
5505,裆,5508,裎,1
5505,裆,5533,褙,1
5506,裈,3578,猞,1
5506,裈,5524,裸,1
5507,裉,1787,很,1
5507,裉,6378,银,1
5507,裉,6581,限,1
5508,裎,6391,锃,1
5509,裒,789,哀,1
5509,裒,5475,衰,1
5509,裒,5531,褒,1
5510,裔,857,商,1
5510,裔,3921,盔,1
5510,裔,4747,育,1
5511,裕,2408,旆,1
5511,裕,3117,浴,1
5511,裕,5500,袷,1
5512,裘,5487,袋,1
5513,裙,4518,绣,1
5513,裙,6975,鲪,1
5516,裣,268,俭,1
5516,裣,3269,滥,1
5517,裤,780,咭,1
5517,裤,2784,榫,1
5517,裤,4058,砾,1
5517,裤,5537,褥,1
5517,裤,5993,辉,1
5518,裥,3142,涧,1
5519,裨,4163,禅,1
5519,裨,4208,稗,1
5522,裳,789,哀,1
5522,裳,1433,宸,1
5522,裳,2723,棠,1
5522,裳,3089,浆,1
5522,裳,5455,蠹,1
5523,裴,360,光,1
5523,裴,5376,蜚,1
5523,裴,5486,袈,1
5524,裸,4091,碟,1
5524,裸,4163,禅,1
5524,裸,4270,竭,1
5525,裹,5475,衰,1
5525,裹,5494,袤,1
5525,裹,5512,裘,1
5525,裹,5544,襄,1
5526,裼,6420,锡,1
5527,裾,5513,裙,1
5527,裾,6434,锯,1
5529,褊,4566,编,1
5529,褊,5513,裙,1
5529,褊,5713,谝,1
5530,褐,1937,惕,1
5530,褐,4156,祸,1
5530,褐,4167,禤,1
5530,褐,4270,竭,1
5530,褐,4636,羯,1
5530,褐,5529,褊,1
5530,褐,6330,铀,1
5530,褐,6707,韫,1
5531,褒,1875,恋,1
5531,褒,3442,煲,1
5531,褒,5477,衷,1
5531,褒,5509,裒,1
5533,褙,4156,祸,1
5534,褚,4525,绪,1
5535,褛,318,偻,1
5535,褛,4689,耧,1
5537,褥,322,傅,1
5537,褥,3107,浞,1
5537,褥,4446,綮,1
5537,褥,5521,裱,1
5537,褥,6334,铄,1
5538,褪,4132,祁,1
5538,褪,5543,襁,1
5538,褪,6931,魍,1
5539,褫,2409,旋,1
5539,褫,3228,溉,1
5539,褫,5541,褴,1
5540,褰,1445,寒,1
5540,褰,1455,寰,1
5542,褶,5513,裙,1
5542,褶,5530,褐,1
5542,褶,5539,褫,1
5542,褶,5700,谐,1
5543,襁,5542,褶,1
5543,襁,6491,镪,1
5544,襄,1455,寰,1
5544,襄,5283,蘘,1
5544,襄,5474,衮,1
5545,襕,3322,澜,1
5547,襟,4154,祲,1
5547,襟,4155,祷,1
5547,襟,5492,袜,1
5547,襟,5526,裼,1
5547,襟,5549,襻,1
5547,襟,5695,谋,1
5547,襟,6879,骠,1
5548,襦,5513,裙,1
5548,襦,5543,襁,1
5548,襦,5913,踽,1
5549,襻,5548,襦,1
5550,西,26,两,1
5550,西,395,再,1
5550,西,441,凸,1
5550,西,453,切,1
5550,西,562,匜,1
5550,西,3011,油,1
5550,西,4675,耍,1
5550,西,5457,血,1
5550,西,6195,酋,1
5551,要,654,叟,1
5551,要,1095,垩,1
5551,要,1272,妻,1
5551,要,1273,妾,1
5551,要,1381,孝,1
5551,要,1896,恶,1
5552,覃,3307,潭,1
5553,覆,6645,霆,1
5554,见,359,先,1
5554,见,1947,惩,1
5555,观,414,况,1
5555,观,706,吧,1
5556,规,3626,现,1
5557,觅,360,光,1
5557,觅,362,免,1
5557,觅,363,兑,1
5557,觅,606,危,1
5557,觅,1399,它,1
5557,觅,4285,笕,1
5557,觅,4668,老,1
5557,觅,5561,觉,1
5557,觅,5771,货,1
5560,览,4285,笕,1
5560,览,5125,菟,1
5560,览,5557,觅,1
5560,览,6259,鉴,1
5561,觉,360,光,1
5561,觉,363,兑,1
5561,觉,736,员,1
5561,觉,5673,说,1
5561,觉,5785,贵,1
5561,觉,5790,贺,1
5562,觊,6149,邽,1
5563,觋,2845,欧,1
5563,觋,5325,蚬,1
5569,角,214,佰,1
5569,角,3745,甫,1
5569,角,6519,闸,1
5569,角,6918,鬲,1
5569,角,6935,鱼,1
5570,觖,5576,触,1
5571,觚,2407,旅,1
5572,觜,3894,皆,1
5572,觜,4287,笛,1
5572,觜,4796,脊,1
5573,觞,4568,缘,1
5574,解,2530,朗,1
5574,解,3100,浒,1
5574,解,3502,牢,1
5574,解,5578,觯,1
5574,解,6131,邡,1
5574,解,6297,钟,1
5574,解,6560,阱,1
5575,觥,4552,缆,1
5576,触,4913,舷,1
5576,触,5489,袒,1
5576,触,6938,鱿,1
5577,觫,4269,竦,1
5577,觫,5570,觖,1
5578,觯,4091,碟,1
5579,觱,4356,篇,1
5581,言,886,善,1
5581,言,2404,旁,1
5581,言,3605,玄,1
5581,言,6710,音,1
5582,訄,2049,扈,1
5583,訇,556,匐,1
5584,訾,4044,砦,1
5586,詹,1570,崖,1
5586,詹,3329,澹,1
5586,詹,3789,疗,1
5586,詹,5587,誉,1
5586,詹,6638,零,1
5587,誉,886,善,1
5587,誉,898,喜,1
5587,誉,1475,尝,1
5587,誉,4862,膺,1
5588,誊,3959,眷,1
5588,誊,4451,纂,1
5588,誊,5587,誉,1
5589,誓,58,乓,1
5589,誓,4146,祟,1
5589,誓,5892,踅,1
5589,誓,6875,骜,1
5591,謦,1748,弩,1
5591,謦,5592,警,1
5592,警,4334,箐,1
5592,警,4990,苕,1
5592,警,5283,蘘,1
5592,警,5593,譬,1
5592,警,6910,髻,1
5593,譬,2338,擘,1
5593,譬,4600,罂,1
5594,讠,80,亍,1
5595,计,1725,廾,1
5595,计,5597,讣,1
5596,订,116,仃,1
5596,订,550,匀,1
5596,订,617,厅,1
5596,订,2058,打,1
5596,订,2951,汈,1
5596,订,5609,记,1
5596,订,6023,辽,1
5597,讣,119,仆,1
5597,讣,2952,汉,1
5597,讣,2987,沐,1
5597,讣,3015,沾,1
5597,讣,5595,计,1
5597,讣,5599,讥,1
5598,认,125,从,1
5598,认,140,以,1
5598,认,1214,头,1
5598,认,2952,汉,1
5599,讥,112,亿,1
5599,讥,120,仇,1
5599,讥,2958,汛,1
5599,讥,2962,江,1
5599,讥,2984,沉,1
5599,讥,3019,泅,1
5599,讥,3610,玑,1
5600,讦,5614,讶,1
5602,讨,2947,汁,1
5603,让,23,丝,1
5603,让,2950,汇,1
5603,让,4456,红,1
5605,讫,2975,汽,1
5605,讫,2983,沈,1
5605,讫,3012,治,1
5605,讫,3030,泛,1
5605,讫,3638,珏,1
5605,讫,5609,记,1
5606,训,2954,汐,1
5606,训,6835,驯,1
5607,议,95,交,1
5607,议,118,仅,1
5607,议,138,代,1
5607,议,142,仪,1
5607,议,6555,队,1
5608,讯,3013,沼,1
5608,讯,3749,田,1
5608,讯,4462,纨,1
5608,讯,5610,讲,1
5608,讯,5620,讽,1
5608,讯,6760,风,1
5609,记,352,儿,1
5609,记,411,冱,1
5609,记,2950,汇,1
5609,记,2955,汔,1
5609,记,2962,江,1
5609,记,2968,汪,1
5609,记,3034,泡,1
5609,记,5601,讧,1
5609,记,5618,论,1
5609,记,5666,语,1
5610,讲,149,件,1
5611,讳,3004,沫,1
5611,讳,5666,语,1
5612,讴,3080,洹,1
5612,讴,5624,证,1
5612,讴,6035,返,1
5613,讵,5641,诓,1
5613,讵,5653,诟,1
5614,讶,3068,洣,1
5614,讶,3618,玡,1
5614,讶,5627,评,1
5614,讶,6026,迂,1
5614,讶,6128,邙,1
5615,讷,3002,沩,1
5615,讷,5598,认,1
5616,许,2956,汕,1
5616,许,4458,纤,1
5616,许,5619,讼,1
5616,许,5627,评,1
5616,许,5661,诧,1
5616,许,5686,谁,1
5617,讹,2990,沘,1
5617,讹,3031,泜,1
5617,讹,3626,现,1
5617,讹,4469,纰,1
5618,论,2983,沈,1
5618,论,3015,沾,1
5618,论,3034,泡,1
5618,论,3082,活,1
5618,论,3117,浴,1
5618,论,5619,讼,1
5619,讼,2356,攻,1
5619,讼,2977,沁,1
5619,讼,2980,沄,1
5619,讼,3084,洽,1
5619,讼,5618,论,1
5619,讼,5622,访,1
5619,讼,5693,谈,1
5620,讽,4471,纲,1
5620,讽,5688,调,1
5620,讽,6506,闪,1
5621,设,1778,役,1
5621,设,2355,改,1
5621,设,2356,攻,1
5621,设,2362,敌,1
5621,设,4144,祝,1
5621,设,4461,级,1
5621,设,5619,讼,1
5621,设,5629,识,1
5621,设,5640,诒,1
5621,设,5657,诣,1
5622,访,153,仿,1
5622,访,255,俗,1
5622,访,1045,坊,1
5622,访,1777,彷,1
5622,访,3015,沾,1
5622,访,3619,玢,1
5622,访,5611,讳,1
5622,访,5614,讶,1
5622,访,5619,讼,1
5622,访,5632,诊,1
5622,访,5651,话,1
5622,访,5653,诟,1
5622,访,5658,诤,1
5623,诀,1052,块,1
5623,诀,1829,快,1
5623,诀,3044,泱,1
5623,诀,3072,洪,1
5623,诀,3087,浃,1
5623,诀,5482,袂,1
5623,诀,5650,诜,1
5624,证,167,伛,1
5624,证,411,冱,1
5624,证,2409,旋,1
5624,证,2992,沚,1
5624,证,2997,沤,1
5624,证,3034,泡,1
5624,证,3107,浞,1
5624,证,5613,讵,1
5624,证,5647,诙,1
5625,诂,179,估,1
5625,诂,727,告,1
5625,诂,3025,泔,1
5625,诂,5638,诐,1
5625,诂,5651,话,1
5626,诃,3633,珂,1
5626,诃,6509,问,1
5627,评,2996,沣,1
5627,评,3053,泽,1
5627,评,5600,讦,1
5627,评,6944,鲆,1
5628,诅,228,侏,1
5628,诅,1062,坦,1
5628,诅,3039,泪,1
5628,诅,3626,现,1
5628,诅,5686,谁,1
5628,诅,6046,迥,1
5628,诅,6566,阻,1
5629,识,414,况,1
5629,识,1056,坝,1
5629,识,4456,红,1
5629,识,5619,讼,1
5629,识,5621,设,1
5629,识,5623,诀,1
5629,识,5669,诰,1
5630,诈,2453,昨,1
5630,诈,3058,洋,1
5630,诈,3818,痄,1
5630,诈,4534,维,1
5630,诈,5597,讣,1
5630,诈,5631,诉,1
5631,诉,178,伯,1
5631,诉,1073,坼,1
5631,诉,2954,汐,1
5631,诉,3230,源,1
5631,诉,5599,讥,1
5631,诉,6033,近,1
5632,诊,2978,沂,1
5632,诊,3115,浮,1
5632,诊,3637,珍,1
5632,诊,4463,纩,1
5632,诊,4519,绤,1
5633,诋,191,低,1
5633,诋,1072,坻,1
5633,诋,3628,玳,1
5633,诋,5614,讶,1
5633,诋,5631,诉,1
5634,诌,224,侈,1
5634,诌,2965,汤,1
5634,诌,2988,沓,1
5634,诌,3649,珰,1
5634,诌,6580,降,1
5635,词,410,冰,1
5635,词,2965,汤,1
5635,词,3017,泃,1
5635,词,3067,洞,1
5635,词,3163,淘,1
5635,词,4875,自,1
5635,词,6525,闾,1
5635,词,6793,饲,1
5636,诎,3018,泄,1
5636,诎,3650,珲,1
5636,诎,5651,话,1
5637,诏,3144,涩,1
5637,诏,5666,语,1
5638,诐,1060,坡,1
5639,译,3058,洋,1
5639,译,4149,祥,1
5639,译,5627,评,1
5639,译,5660,详,1
5639,译,5662,诨,1
5639,译,5692,谇,1
5640,诒,415,冶,1
5641,诓,3080,洹,1
5641,诓,3148,涯,1
5642,诔,3004,沫,1
5642,诔,3134,涞,1
5642,诔,3183,渍,1
5642,诔,5699,谏,1
5643,试,161,伐,1
5643,试,5664,诫,1
5644,诖,215,佳,1
5644,诖,2406,旄,1
5645,诗,417,冻,1
5645,诗,1785,待,1
5645,诗,3102,浔,1
5645,诗,3132,涛,1
5645,诗,4487,练,1
5645,诗,5642,诔,1
5645,诗,5644,诖,1
5645,诗,5666,语,1
5646,诘,217,佶,1
5646,诘,5666,语,1
5646,诘,5669,诰,1
5647,诙,5646,诘,1
5648,诚,2015,戊,1
5648,诚,3048,泷,1
5648,诚,3652,球,1
5648,诚,4550,缄,1
5648,诚,5620,讽,1
5648,诚,5643,试,1
5649,诛,228,侏,1
5649,诛,5482,袂,1
5649,诛,5614,讶,1
5649,诛,5623,诀,1
5649,诛,6359,铢,1
5650,诜,2990,沘,1
5650,诜,4505,绕,1
5650,诜,5647,诙,1
5651,话,435,凭,1
5651,话,2964,污,1
5651,话,3012,治,1
5651,话,3015,沾,1
5651,话,3084,洽,1
5651,话,3158,淋,1
5652,诞,3272,滩,1
5652,诞,5624,证,1
5652,诞,6052,迭,1
5653,诟,1090,垢,1
5653,诟,3117,浴,1
5653,诟,3378,炬,1
5653,诟,5650,诜,1
5654,诠,5653,诟,1
5654,诠,5680,读,1
5655,诡,180,伲,1
5655,诡,3120,浼,1
5655,诡,3279,漉,1
5655,诡,5702,谒,1
5656,询,1459,寻,1
5656,询,1786,徇,1
5656,询,2994,沟,1
5656,询,3070,洧,1
5656,询,3125,涌,1
5656,询,3209,湎,1
5656,询,3644,珣,1
5656,询,4539,绹,1
5656,询,5633,诋,1
5656,询,5728,谭,1
5657,诣,2158,指,1
5657,诣,3013,沼,1
5657,诣,3060,洎,1
5657,诣,3113,浩,1
5657,诣,3117,浴,1
5657,诣,3258,滔,1
5657,诣,3660,琐,1
5657,诣,4492,终,1
5657,诣,4517,绢,1
5657,诣,5646,诘,1
5657,诣,5673,说,1
5658,诤,420,净,1
5658,诤,3058,洋,1
5658,诤,3555,狰,1
5658,诤,5654,诠,1
5658,诤,5671,诲,1
5659,该,783,咳,1
5659,该,3036,泣,1
5660,详,420,净,1
5660,详,3041,泮,1
5660,详,4149,祥,1
5660,详,5616,许,1
5660,详,5627,评,1
5660,详,5634,诌,1
5660,详,5639,译,1
5660,详,5692,谇,1
5661,诧,1101,垲,1
5661,诧,2975,汽,1
5661,诧,2983,沈,1
5661,诧,3038,注,1
5661,诧,3120,浼,1
5661,诧,3229,溏,1
5661,诧,4475,纶,1
5661,诧,5336,蛇,1
5661,诧,5605,讫,1
5661,诧,5613,讵,1
5661,诧,5673,说,1
5662,诨,420,净,1
5662,诨,3174,深,1
5662,诨,3650,珲,1
5662,诨,5506,裈,1
5662,诨,5683,课,1
5662,诨,5993,辉,1
5663,诩,5662,诨,1
5664,诫,427,减,1
5664,诫,4502,绒,1
5664,诫,5699,谏,1
5665,诬,1616,巫,1
5665,诬,2997,沤,1
5665,诬,3148,涯,1
5665,诬,3194,渣,1
5666,语,1155,塔,1
5666,语,3102,浔,1
5666,语,3113,浩,1
5666,语,3180,清,1
5666,语,5513,裙,1
5666,语,6383,铻,1
5667,诮,4516,绡,1
5667,诮,5645,诗,1
5667,诮,5657,诣,1
5667,诮,5663,诩,1
5667,诮,5709,谙,1
5668,误,244,侯,1
5668,误,3138,涢,1
5668,误,5659,该,1
5669,诰,255,俗,1
5669,诰,3123,消,1
5669,诰,4503,结,1
5669,诰,5687,谂,1
5670,诱,202,作,1
5670,诱,239,侨,1
5670,诱,828,唁,1
5670,诱,3180,清,1
5670,诱,3301,潘,1
5670,诱,4487,练,1
5670,诱,5611,讳,1
5670,诱,5684,诿,1
5670,诱,6071,透,1
5671,诲,243,侮,1
5671,诲,3011,油,1
5671,诲,3126,涎,1
5671,诲,4267,竣,1
5671,诲,4728,肖,1
5671,诲,5689,谄,1
5672,诳,3113,浩,1
5673,说,414,况,1
5673,说,435,凭,1
5673,说,2412,族,1
5673,说,2984,沉,1
5673,说,3120,浼,1
5673,说,4144,祝,1
5673,说,4505,绕,1
5673,说,5650,诜,1
5673,说,5659,该,1
5673,说,5680,读,1
5673,说,5715,谠,1
5674,诵,1106,埇,1
5674,诵,2186,捅,1
5674,诵,3021,泊,1
5674,诵,3086,流,1
5674,诵,3128,涓,1
5674,诵,3821,痈,1
5674,诵,4517,绢,1
5674,诵,5631,诉,1
5674,诵,5667,诮,1
5675,诶,261,俟,1
5675,诶,1105,埃,1
5675,诶,3105,浚,1
5675,诶,3239,溪,1
5675,诶,5663,诩,1
5675,诶,5668,误,1
5675,诶,5693,谈,1
5675,诶,5706,谖,1
5676,请,294,倩,1
5676,请,2234,掮,1
5676,请,3123,消,1
5676,请,4092,碡,1
5676,请,4270,竭,1
5676,请,4487,练,1
5676,请,5667,诮,1
5676,请,5690,谅,1
5677,诸,289,借,1
5677,诸,3055,洁,1
5677,诸,3070,洧,1
5677,诸,3180,清,1
5677,诸,5534,褚,1
5677,诸,5646,诘,1
5677,诸,5679,诺,1
5678,诹,301,倻,1
5678,诹,5675,诶,1
5679,诺,307,偌,1
5679,诺,3113,浩,1
5679,诺,3190,渚,1
5679,诺,5677,诸,1
5679,诺,5696,谌,1
5680,读,3139,涣,1
5680,读,3239,溪,1
5680,读,3267,滢,1
5681,诼,3045,泳,1
5681,诼,5678,诹,1
5682,诽,4401,粘,1
5682,诽,4766,胙,1
5683,课,298,倮,1
5683,课,3041,泮,1
5683,课,3069,津,1
5683,课,3215,湜,1
5683,课,3218,湨,1
5683,课,5649,诛,1
5683,课,5668,误,1
5683,课,5695,谋,1
5683,课,6462,镍,1
5684,诿,5670,诱,1
5684,诿,5681,诼,1
5685,谀,4888,舆,1
5685,谀,5684,诿,1
5685,谀,6587,院,1
5686,谁,2410,旌,1
5686,谁,5617,讹,1
5686,谁,5630,诈,1
5686,谁,5641,诓,1
5686,谁,5689,谄,1
5686,谁,5694,谊,1
5687,谂,2411,旎,1
5687,谂,5685,谀,1
5687,谂,5691,谆,1
5688,调,1293,姻,1
5688,调,3057,洇,1
5688,调,3136,涠,1
5688,调,5683,课,1
5688,调,5703,谓,1
5689,谄,2048,扇,1
5689,谄,5702,谒,1
5690,谅,288,倞,1
5690,谅,2224,掠,1
5690,谅,3032,泞,1
5690,谅,3115,浮,1
5690,谅,3164,淙,1
5690,谅,3175,淳,1
5690,谅,3278,漆,1
5690,谅,4542,综,1
5690,谅,6989,鲸,1
5691,谆,256,俘,1
5691,谆,1378,孚,1
5691,谆,3164,淙,1
5691,谆,5367,蜉,1
5693,谈,282,倓,1
5693,谈,862,啖,1
5693,谈,2979,沃,1
5693,谈,3055,洁,1
5693,谈,3224,溃,1
5693,谈,5647,诙,1
5693,谈,5650,诜,1
5693,谈,5660,详,1
5694,谊,302,值,1
5694,谊,1123,埴,1
5694,谊,3121,涂,1
5694,谊,3201,渲,1
5694,谊,5730,谯,1
5695,谋,2289,搽,1
5695,谋,2615,柒,1
5695,谋,2616,染,1
5695,谋,2650,栗,1
5695,谋,3099,浑,1
5695,谋,3140,涤,1
5695,谋,3157,淇,1
5695,谋,3214,湛,1
5695,谋,5038,茱,1
5695,谋,5242,蕖,1
5695,谋,5683,课,1
5695,谋,5698,谎,1
5697,谍,1795,得,1
5697,谍,3140,涤,1
5697,谍,3707,璞,1
5697,谍,4593,缲,1
5697,谍,5693,谈,1
5698,谎,1980,慌,1
5698,谎,3707,璞,1
5698,谎,5230,蔬,1
5698,谎,5679,诺,1
5698,谎,5695,谋,1
5699,谏,4269,竦,1
5700,谐,289,借,1
5700,谐,310,偕,1
5700,谐,400,写,1
5700,谐,3113,浩,1
5700,谐,3894,皆,1
5700,谐,4847,膂,1
5700,谐,5533,褙,1
5700,谐,5667,诮,1
5700,谐,5729,谮,1
5702,谒,306,偈,1
5702,谒,848,唱,1
5702,谒,3137,涡,1
5702,谒,3197,温,1
5702,谒,5657,诣,1
5702,谒,6548,阖,1
5703,谓,1120,埤,1
5703,谓,3128,涓,1
5703,谓,3137,涡,1
5703,谓,3256,滑,1
5703,谓,3680,瑁,1
5703,谓,4270,竭,1
5704,谔,3233,溟,1
5705,谕,3832,痢,1
5706,谖,4563,缓,1
5707,谗,3103,浕,1
5707,谗,5690,谅,1
5707,谗,6816,馋,1
5707,谗,6923,魂,1
5708,谘,255,俗,1
5709,谙,289,借,1
5709,谙,1171,墙,1
5709,谙,2481,普,1
5709,谙,4569,缙,1
5709,谙,5676,请,1
5709,谙,5711,谛,1
5710,谚,3189,渗,1
5710,谚,3329,澹,1
5710,谚,5622,访,1
5710,谚,5632,诊,1
5710,谚,5659,该,1
5711,谛,5708,谘,1
5712,谜,3135,涟,1
5712,谜,3293,漶,1
5712,谜,4522,继,1
5712,谜,5685,谀,1
5713,谝,3125,涌,1
5713,谝,4566,编,1
5715,谠,367,党,1
5715,谠,3120,浼,1
5715,谠,5673,说,1
5716,谡,333,傻,1
5716,谡,3325,澧,1
5716,谡,6093,逻,1
5717,谢,2785,榭,1
5717,谢,3204,渺,1
5717,谢,3331,激,1
5718,谣,374,六,1
5718,谣,572,医,1
5718,谣,3174,深,1
5718,谣,3258,滔,1
5719,谤,324,傍,1
5719,谤,2275,搒,1
5719,谤,3337,濠,1
5719,谤,5659,该,1
5719,谤,5710,谚,1
5719,谤,5725,谪,1
5719,谤,6466,镑,1
5719,谤,6489,镨,1
5719,谤,6592,陪,1
5720,谥,3914,益,1
5720,谥,4577,缢,1
5720,谥,5294,虚,1
5721,谦,386,兼,1
5721,谦,421,凄,1
5721,谦,3347,瀵,1
5722,谧,3210,湓,1
5722,谧,5720,谥,1
5723,谨,2884,殣,1
5723,谨,3083,洼,1
5723,谨,3267,滢,1
5723,谨,3314,潼,1
5724,谩,245,侵,1
5724,谩,3708,璟,1
5724,谩,4267,竣,1
5724,谩,4581,缦,1
5724,谩,5716,谡,1
5724,谩,6822,馒,1
5725,谪,506,割,1
5725,谪,3332,濂,1
5725,谪,5645,诗,1
5725,谪,5709,谙,1
5725,谪,5733,谲,1
5727,谬,3675,琴,1
5727,谬,3699,璆,1
5727,谬,4222,穆,1
5728,谭,3041,泮,1
5728,谭,3058,洋,1
5728,谭,3186,渑,1
5728,谭,3257,滓,1
5728,谭,3292,漳,1
5728,谭,5703,谓,1
5729,谮,341,僭,1
5729,谮,3302,潜,1
5729,谮,3350,灌,1
5730,谯,340,僬,1
5730,谯,3668,琪,1
5731,谰,1890,恫,1
5731,谰,3141,润,1
5731,谰,3229,溏,1
5731,谰,3332,濂,1
5731,谰,5734,谳,1
5732,谱,857,商,1
5732,谱,886,善,1
5732,谱,974,噜,1
5732,谱,3180,清,1
5736,谵,349,儋,1
5736,谵,3222,湾,1
5738,谷,114,仁,1
5738,谷,662,只,1
5738,谷,727,告,1
5738,谷,3084,洽,1
5738,谷,4379,簏,1
5739,豁,5862,跆,1
5739,豁,6284,钐,1
5739,豁,6891,骸,1
5740,豆,722,吾,1
5740,豆,4878,至,1
5740,豆,6094,逼,1
5741,豇,5740,豆,1
5743,豌,3778,畹,1
5743,豌,4514,统,1
5743,豌,4543,绽,1
5745,豚,3152,涿,1
5745,豚,4735,肠,1
5745,豚,4845,腿,1
5746,象,1432,家,1
5746,象,1860,急,1
5747,豢,2148,拳,1
5747,豢,2673,桊,1
5747,豢,3043,泰,1
5747,豢,4189,秦,1
5747,豢,4437,紊,1
5748,豨,4200,稀,1
5749,豪,102,京,1
5749,豪,989,嚎,1
5749,豪,1367,嬴,1
5749,豪,3046,泵,1
5749,豪,5189,蒙,1
5749,豪,6012,辜,1
5750,豫,1202,够,1
5750,豫,4266,章,1
5750,豫,6728,预,1
5751,豳,6215,酮,1
5752,豸,1761,彖,1
5752,豸,2465,晋,1
5752,豸,3391,烁,1
5752,豸,4895,舜,1
5753,豹,2465,晋,1
5753,豹,3543,狗,1
5754,豺,4468,纯,1
5755,貂,5758,貊,1
5757,貉,3900,皓,1
5757,貉,5753,豹,1
5757,貉,5755,貂,1
5759,貌,4144,祝,1
5759,貌,6404,锐,1
5762,贝,662,只,1
5762,贝,665,叭,1
5762,贝,1485,尺,1
5763,贞,595,卡,1
5763,贞,736,员,1
5763,贞,1678,庄,1
5763,贞,2351,攴,1
5763,贞,5764,负,1
5764,负,362,免,1
5764,负,5763,贞,1
5764,负,5765,贡,1
5765,贡,592,卞,1
5765,贡,1215,夷,1
5765,贡,5763,贞,1
5766,财,541,勘,1
5767,责,1187,声,1
5767,责,1216,夸,1
5767,责,2042,戾,1
5767,责,5782,贲,1
5767,责,5789,费,1
5767,责,5805,赉,1
5767,责,5821,赛,1
5767,责,6663,青,1
5767,责,7113,麦,1
5768,贤,379,兴,1
5768,贤,4753,肾,1
5768,贤,5560,览,1
5769,败,676,叹,1
5769,败,3762,畋,1
5769,败,5770,账,1
5769,败,5778,贮,1
5770,账,702,吠,1
5770,账,1634,帐,1
5770,账,5322,蚨,1
5770,账,5784,贴,1
5770,账,5792,贼,1
5771,货,582,华,1
5771,货,3479,爱,1
5771,货,5763,贞,1
5771,货,5788,贸,1
5772,质,185,似,1
5772,质,237,侦,1
5772,质,239,侨,1
5772,质,302,值,1
5772,质,779,咬,1
5772,质,6714,顶,1
5773,贩,676,叹,1
5773,贩,6788,饭,1
5775,贫,139,令,1
5775,贫,606,危,1
5775,贫,3911,盆,1
5775,贫,5765,贡,1
5775,贫,5788,贸,1
5776,贬,741,呤,1
5776,贬,4376,簉,1
5776,贬,4566,编,1
5776,贬,5784,贴,1
5776,贬,5786,贶,1
5777,购,2435,昀,1
5777,购,2442,明,1
5777,购,4781,胭,1
5777,购,6745,题,1
5778,贮,5773,贩,1
5778,贮,5776,贬,1
5779,贯,1435,宽,1
5779,贯,2437,昃,1
5779,贯,5794,贾,1
5780,贰,5981,载,1
5781,贱,2031,戡,1
5781,贱,5792,贼,1
5783,贳,4981,苋,1
5784,贴,4045,砧,1
5784,贴,5890,跻,1
5784,贴,6945,鲇,1
5785,贵,5779,贯,1
5785,贵,5789,费,1
5785,贵,6218,酱,1
5788,贸,697,吗,1
5788,贸,3407,烫,1
5788,贸,3767,留,1
5788,贸,5796,赀,1
5789,费,3368,炎,1
5789,费,3409,热,1
5789,费,4011,矣,1
5789,费,5426,螯,1
5789,费,5794,贾,1
5790,贺,5788,贸,1
5790,贺,5789,费,1
5790,贺,6849,驾,1
5791,贻,1276,始,1
5792,贼,2023,戒,1
5792,贼,5781,贱,1
5792,贼,5807,赋,1
5792,贼,5810,赎,1
5793,贽,5789,费,1
5793,贽,5790,贺,1
5794,贾,5779,贯,1
5794,贾,5788,贸,1
5794,贾,5789,费,1
5794,贾,5800,资,1
5794,贾,5809,赍,1
5795,贿,1905,悄,1
5795,贿,3992,瞠,1
5795,贿,4198,秽,1
5795,贿,5808,赌,1
5796,赀,5560,览,1
5796,赀,5768,贤,1
5797,赁,300,债,1
5797,赁,837,唝,1
5797,赁,5783,贳,1
5799,赃,711,吭,1
5799,赃,867,啦,1
5799,赃,3371,炕,1
5799,赃,4799,脏,1
5799,赃,5420,螠,1
5799,赃,5784,贴,1
5799,赃,5801,赅,1
5800,资,775,咨,1
5800,资,2976,汾,1
5800,资,3360,灸,1
5802,赆,3408,烬,1
5802,赆,5812,赐,1
5802,赆,6735,颋,1
5804,赈,797,哌,1
5805,赉,5809,赍,1
5806,赊,4313,答,1
5806,赊,5369,蜍,1
5806,赊,5798,赂,1
5807,赋,800,哏,1
5807,赋,2037,戮,1
5807,赋,5792,贼,1
5808,赌,328,储,1
5808,赌,896,喘,1
5808,赌,3444,煸,1
5808,赌,5795,贿,1
5808,赌,5815,赔,1
5808,赌,6411,锗,1
5809,赍,5557,觅,1
5810,赎,5356,蛲,1
5810,赎,5820,赚,1
5811,赏,5789,费,1
5811,赏,5800,资,1
5811,赏,6952,鲎,1
5812,赐,720,吻,1
5812,赐,4843,腽,1
5812,赐,5386,蜴,1
5812,赐,5777,购,1
5814,赓,1692,庚,1
5815,赔,5806,赊,1
5815,赔,6820,馐,1
5815,赔,7074,鹏,1
5815,赔,7138,黯,1
5817,赖,5967,软,1
5817,赖,6590,陨,1
5817,赖,6716,顸,1
5817,赖,6723,顿,1
5817,赖,6734,颊,1
5817,赖,6744,颗,1
5818,赘,5824,赞,1
5821,赛,1157,塞,1
5821,赛,5377,蜜,1
5821,赛,5785,贵,1
5824,赞,4280,笊,1
5826,赠,974,噜,1
5827,赡,5444,蟾,1
5827,赡,5799,赃,1
5828,赢,1714,廒,1
5828,赢,4639,羸,1
5828,赢,4660,翮,1
5830,赤,2482,景,1
5830,赤,2961,汞,1
5830,赤,3388,炼,1
5830,赤,4435,糸,1
5830,赤,4624,羊,1
5831,赦,311,做,1
5831,赦,2134,拟,1
5831,赦,2364,救,1
5831,赦,2365,敕,1
5831,赦,2366,敖,1
5831,赦,2367,教,1
5831,赦,2371,敢,1
5831,赦,2372,散,1
5831,赦,4879,致,1
5831,赦,5967,软,1
5831,赦,6166,郝,1
5831,赦,7148,鼓,1
5832,赧,2211,掀,1
5834,赫,2408,旆,1
5836,走,14,专,1
5836,走,55,乏,1
5836,走,1033,圭,1
5836,走,1228,奏,1
5836,走,1485,尺,1
5836,走,6023,辽,1
5836,走,6024,达,1
5836,走,7113,麦,1
5837,赳,490,剌,1
5837,赳,6386,链,1
5838,赴,5839,赵,1
5838,赴,5841,起,1
5839,赵,23,丝,1
5839,赵,5838,赴,1
5839,赵,6112,遨,1
5840,赶,5841,起,1
5841,起,1903,恿,1
5841,起,5837,赳,1
5841,起,5839,赵,1
5841,起,6080,逝,1
5842,趁,1773,彭,1
5842,趁,4520,绥,1
5842,趁,4669,考,1
5842,趁,5841,起,1
5842,趁,7172,龄,1
5844,超,24,丞,1
5844,超,1252,妈,1
5845,越,2708,械,1
5845,越,2913,毽,1
5845,越,3589,猷,1
5845,越,5849,趟,1
5846,趋,3458,熬,1
5846,趋,5841,起,1
5846,趋,5843,趄,1
5846,趋,5849,趟,1
5846,趋,6604,随,1
5847,趑,5850,趣,1
5849,趟,3159,淌,1
5849,趟,6105,道,1
5849,趟,6922,魁,1
5850,趣,4660,翮,1
5852,足,571,区,1
5852,足,585,卒,1
5852,足,2462,显,1
5852,足,3013,沼,1
5852,足,3782,疋,1
5852,足,6083,造,1
5852,足,6124,邑,1
5853,趴,68,乡,1
5853,趴,665,叭,1
5854,趵,2371,敢,1
5854,趵,5868,跑,1
5854,趵,6286,钓,1
5855,趸,405,冤,1
5855,趸,3895,皇,1
5856,趺,5898,踝,1
5857,趼,4034,研,1
5858,趾,2900,比,1
5858,趾,4701,耻,1
5859,趿,2358,政,1
5859,趿,5869,跖,1
5859,趿,5875,跟,1
5859,趿,5877,跤,1
5860,跃,2417,既,1
5860,跃,4682,耘,1
5860,跃,5856,趺,1
5860,跃,5874,跞,1
5861,跄,5865,跎,1
5861,跄,5868,跑,1
5861,跄,6792,饱,1
5863,跋,5884,践,1
5864,跌,200,佚,1
5864,跌,3943,眊,1
5864,跌,5347,蛛,1
5864,跌,5876,跣,1
5864,跌,5903,踩,1
5864,跌,6331,铁,1
5864,跌,6790,饯,1
5865,跎,5868,跑,1
5865,跎,5873,距,1
5865,跎,6570,陀,1
5866,跏,536,勋,1
5866,跏,4756,胁,1
5866,跏,5329,蚴,1
5867,跐,3951,眦,1
5867,跐,5883,跳,1
5868,跑,1307,娘,1
5868,跑,2999,沦,1
5868,跑,3380,炮,1
5868,跑,7173,龅,1
5869,跖,3387,炻,1
5872,跛,875,啵,1
5872,跛,1636,帔,1
5872,跛,5496,被,1
5872,跛,5742,豉,1
5872,跛,5859,趿,1
5872,跛,5863,跋,1
5873,距,5891,跽,1
5873,距,6810,馅,1
5874,跞,5860,跃,1
5874,跞,5903,踩,1
5874,跞,6576,陈,1
5875,跟,305,假,1
5875,跟,5873,距,1
5875,跟,6378,银,1
5875,跟,6581,限,1
5877,跤,3105,浚,1
5877,跤,5349,蛟,1
5877,跤,5870,跗,1
5878,跨,1098,垮,1
5878,跨,5854,趵,1
5879,跪,1136,堍,1
5879,跪,1294,姽,1
5879,跪,2417,既,1
5879,跪,5655,诡,1
5879,跪,5861,跄,1
5880,跫,1877,恐,1
5881,跬,3952,眨,1
5881,跬,5877,跤,1
5881,跬,5918,蹅,1
5882,路,3303,潞,1
5882,路,5160,落,1
5882,路,5890,跻,1
5882,路,6383,铻,1
5883,跳,3646,珧,1
5883,跳,3961,眺,1
5883,跳,5857,趼,1
5884,践,1300,娆,1
5884,践,2027,战,1
5884,践,2034,戥,1
5884,践,4505,绕,1
5884,践,5781,贱,1
5884,践,5938,蹴,1
5884,践,6567,阼,1
5884,践,6790,饯,1
5886,跷,1300,娆,1
5886,跷,1554,峣,1
5886,跷,6852,骁,1
5888,跹,5885,跶,1
5888,跹,6026,迂,1
5889,跺,3174,深,1
5889,跺,3508,牲,1
5889,跺,4578,缣,1
5889,跺,4634,群,1
5889,跺,5887,跸,1
5889,跺,5898,踝,1
5889,跺,5944,躁,1
5889,跺,6386,链,1
5890,跻,5358,蛴,1
5890,跻,5882,路,1
5890,跻,6854,骄,1
5890,跻,6866,骑,1
5890,跻,6960,鲚,1
5891,跽,5893,踉,1
5892,踅,2755,楚,1
5893,踉,5877,跤,1
5893,踉,5879,跪,1
5893,踉,6406,锒,1
5894,踊,4076,确,1
5894,踊,5917,蹄,1
5894,踊,5927,蹓,1
5895,踌,3132,涛,1
5895,踌,5819,赙,1
5895,踌,5937,蹲,1
5895,踌,6410,锖,1
5896,踏,5862,跆,1
5896,踏,5895,踌,1
5896,踏,5935,蹯,1
5896,踏,6439,锵,1
5897,踔,5891,跽,1
5898,踝,4115,磲,1
5898,踝,5897,踔,1
5899,踞,5879,跪,1
5899,踞,5920,蹈,1
5899,踞,5929,蹜,1
5900,踟,5898,踝,1
5901,踢,6579,陌,1
5902,踣,5862,跆,1
5902,踣,5882,路,1
5902,踣,5905,踬,1
5903,踩,5874,跞,1
5903,踩,5882,路,1
5903,踩,5916,蹂,1
5903,踩,5922,蹊,1
5904,踪,3230,源,1
5904,踪,4450,繇,1
5904,踪,6474,镙,1
5905,踬,5900,踟,1
5905,踬,5939,蹶,1
5905,踬,6426,锧,1
5906,踮,5905,踬,1
5906,踮,5908,踱,1
5908,踱,3193,渡,1
5908,踱,3791,疚,1
5908,踱,5863,跋,1
5908,踱,5893,踉,1
5909,踵,5881,跬,1
5911,踹,5915,蹁,1
5911,踹,5946,躇,1
5913,踽,5901,踢,1
5913,踽,5909,踵,1
5915,蹁,5398,蝙,1
5915,蹁,5418,螗,1
5916,蹂,1794,徕,1
5916,蹂,5381,蜣,1
5916,蹂,5428,螵,1
5916,蹂,5889,跺,1
5917,蹄,4564,缔,1
5917,蹄,5915,蹁,1
5918,蹅,3709,璠,1
5918,蹅,5896,踏,1
5918,蹅,6812,馇,1
5919,蹇,5377,蜜,1
5920,蹈,4053,砸,1
5920,蹈,5913,踽,1
5920,蹈,6995,鲾,1
5922,蹊,3239,溪,1
5923,蹋,5930,蹢,1
5923,蹋,5945,躅,1
5924,蹐,5533,褙,1
5926,蹒,5917,蹄,1
5926,蹒,5946,躇,1
5926,蹒,6823,馓,1
5929,蹜,5920,蹈,1
5929,蹜,5946,躇,1
5930,蹢,5894,踊,1
5930,蹢,5915,蹁,1
5930,蹢,6478,镝,1
5931,蹦,1561,峭,1
5931,蹦,6475,镚,1
5932,蹩,2914,氅,1
5933,蹬,4116,磴,1
5933,蹬,5918,蹅,1
5933,蹬,6266,鍠,1
5934,蹭,3990,瞒,1
5934,蹭,4590,缯,1
5934,蹭,5826,赠,1
5935,蹯,3301,潘,1
5936,蹰,3248,溽,1
5936,蹰,5870,跗,1
5936,蹰,7026,鳡,1
5937,蹲,4450,繇,1
5937,蹲,5944,躁,1
5939,蹶,5905,踬,1
5940,蹼,5926,蹒,1
5941,蹽,3999,瞭,1
5942,蹾,2504,暾,1
5942,蹾,5908,踱,1
5943,蹿,5917,蹄,1
5943,蹿,6609,隙,1
5944,躁,5914,蹀,1
5944,躁,5922,蹊,1
5947,躏,5911,踹,1
5949,躔,5909,踵,1
5952,身,54,乎,1
5952,身,1642,帛,1
5952,身,3496,牙,1
5952,身,7160,鼻,1
5953,躬,4903,舫,1
5954,躯,3945,眍,1
5954,躯,4701,耻,1
5955,躲,1463,射,1
5955,躲,3971,睡,1
5955,躲,4005,瞿,1
5955,躲,4736,股,1
5955,躲,5953,躬,1
5956,躺,284,倘,1
5957,軎,722,吾,1
5957,軎,1611,工,1
5957,軎,4029,砉,1
5958,车,581,半,1
5958,车,1218,夺,1
5958,车,1371,孑,1
5958,车,1668,平,1
5958,车,2052,手,1
5958,车,4127,示,1
5959,轧,72,乱,1
5959,轧,73,乳,1
5960,轨,125,从,1
5961,轩,2867,歼,1
5961,轩,4412,粲,1
5961,轩,4697,耵,1
5961,轩,6282,钎,1
5962,轪,4703,耿,1
5963,轫,6769,飙,1
5964,转,5976,轸,1
5964,转,5979,轻,1
5964,转,6685,鞋,1
5965,轭,2077,扼,1
5966,轮,2097,抡,1
5966,轮,2396,斩,1
5966,轮,2668,桄,1
5966,轮,4598,缸,1
5967,软,2848,欸,1
5967,软,5963,轫,1
5967,软,5966,轮,1
5967,软,6304,钦,1
5968,轰,792,哄,1
5968,轰,4633,羡,1
5968,轰,4704,聂,1
5968,轰,5164,著,1
5968,轰,5477,衷,1
5969,轱,5965,轭,1
5970,轲,5969,轱,1
5971,轳,5970,轲,1
5972,轴,2888,段,1
5972,轴,5969,轱,1
5972,轴,5989,辅,1
5972,轴,5990,辆,1
5973,轵,4715,聩,1
5973,轵,5967,软,1
5973,轵,5971,轳,1
5973,轵,6285,钒,1
5974,轶,4599,缺,1
5974,轶,5973,轵,1
5974,轶,6331,铁,1
5975,轷,5976,轸,1
5976,轸,5974,轶,1
5976,轸,5986,辂,1
5977,轹,3508,牲,1
5977,轹,5980,轼,1
5978,轺,2132,招,1
5978,轺,3185,渐,1
5978,轺,5969,轱,1
5978,轺,6280,钌,1
5979,轻,4632,羟,1
5979,轻,5973,轵,1
5981,载,1462,封,1
5981,载,2032,戢,1
5981,载,2662,栽,1
5981,载,5098,莪,1
5981,载,5502,裁,1
5983,轿,4200,稀,1
5983,轿,5961,轩,1
5983,轿,5973,轵,1
5985,辁,2149,拴,1
5985,辁,3508,牲,1
5987,较,2359,故,1
5987,较,2653,校,1
5987,较,3548,狡,1
5987,较,5965,轭,1
5987,较,5966,轮,1
5987,较,6372,铰,1
5987,较,6864,骏,1
5989,辅,1269,妯,1
5989,辅,5834,赫,1
5989,辅,6382,铺,1
5989,辅,6753,颠,1
5990,辆,1282,姗,1
5990,辆,6000,辐,1
5992,辈,401,军,1
5992,辈,2383,斐,1
5992,辈,2633,柴,1
5993,辉,1902,恽,1
5993,辉,2392,斡,1
5993,辉,3416,焊,1
5993,辉,3492,牌,1
5993,辉,4163,禅,1
5993,辉,4510,绛,1
5994,辊,4532,绲,1
5994,辊,6419,锟,1
5996,辌,2737,椋,1
5997,辍,3785,疑,1
5997,辍,4114,磬,1
6000,辐,6458,镉,1
6000,辐,6995,鲾,1
6001,辑,2761,楫,1
6003,输,1319,婀,1
6003,输,2243,揄,1
6003,输,5396,蝓,1
6003,输,5976,轸,1
6005,辕,6007,辗,1
6006,辖,3518,犋,1
6006,辖,5967,软,1
6006,辖,5982,轾,1
6006,辖,5987,较,1
6007,辗,389,冁,1
6009,辙,2319,撤,1
6009,辙,6005,辕,1
6011,辛,34,丰,1
6011,辛,3500,牟,1
6011,辛,4266,章,1
6011,辛,4275,竿,1
6011,辛,4316,筚,1
6011,辛,4624,羊,1
6011,辛,4942,芋,1
6011,辛,5008,苹,1
6011,辛,6273,钅,1
6012,辜,27,严,1
6012,辜,5090,莘,1
6012,辜,7160,鼻,1
6013,辞,2362,敌,1
6013,辞,3503,牦,1
6013,辞,3664,琤,1
6014,辟,346,僻,1
6014,辟,4021,矸,1
6014,辟,4025,矿,1
6014,辟,4634,群,1
6014,辟,5902,踣,1
6014,辟,6013,辞,1
6015,辣,1794,徕,1
6015,辣,6749,颜,1
6015,辣,6862,骍,1
6016,辨,3648,班,1
6016,辨,5533,褙,1
6016,辨,5883,跳,1
6016,辨,6424,锥,1
6016,辨,6439,锵,1
6017,辩,3150,涵,1
6017,辩,4136,祉,1
6018,辫,3721,瓣,1
6018,辫,4634,群,1
6018,辫,6622,雅,1
6019,辰,1504,展,1
6020,辱,622,厍,1
6020,辱,1084,垕,1
6020,辱,1697,庤,1
6020,辱,2920,民,1
6020,辱,5208,蓐,1
6021,辶,95,交,1
6022,边,402,农,1
6022,边,516,办,1
6022,边,6047,迦,1
6023,辽,643,及,1
6023,辽,1620,已,1
6023,辽,2858,止,1
6023,辽,5603,让,1
6023,辽,6027,迄,1
6023,辽,6030,迈,1
6024,达,1207,太,1
6024,达,2167,挞,1
6024,达,3083,洼,1
6024,达,4313,答,1
6024,达,6022,边,1
6024,达,6038,这,1
6024,达,6054,述,1
6025,迁,18,丘,1
6025,迁,1609,巡,1
6025,迁,2968,汪,1
6025,迁,3050,泺,1
6025,迁,3740,生,1
6025,迁,5614,讶,1
6025,迁,6024,达,1
6025,迁,6036,迕,1
6025,迁,6054,述,1
6026,迂,6029,过,1
6026,迂,6073,逑,1
6027,迄,4303,笾,1
6027,迄,6032,运,1
6027,迄,6036,迕,1
6027,迄,6083,造,1
6028,迅,13,丑,1
6028,迅,446,函,1
6028,迅,2958,汛,1
6028,迅,3749,田,1
6028,迅,5608,讯,1
6028,迅,6039,进,1
6029,过,2419,旦,1
6030,迈,23,丝,1
6030,迈,643,及,1
6030,迈,6035,返,1
6030,迈,6044,迢,1
6031,迎,3376,炟,1
6031,迎,6066,逆,1
6032,运,1494,屃,1
6032,运,1614,巨,1
6032,运,3040,泫,1
6032,运,5249,蕴,1
6032,运,5841,起,1
6032,运,6037,还,1
6032,运,6038,这,1
6032,运,6062,适,1
6032,运,6092,逸,1
6033,近,18,丘,1
6033,近,154,企,1
6033,近,564,匠,1
6033,近,6025,迁,1
6033,近,6035,返,1
6033,近,6038,这,1
6033,近,6040,远,1
6033,近,6070,逍,1
6034,迓,6026,迂,1
6035,返,6031,迎,1
6035,返,6051,迫,1
6035,返,6055,迳,1
6036,迕,1781,往,1
6036,迕,6052,迭,1
6036,迕,6064,逄,1
6037,还,563,匝,1
6037,还,1614,巨,1
6037,还,2858,止,1
6037,还,6032,运,1
6037,还,6054,述,1
6037,还,6058,迹,1
6037,还,6072,逐,1
6038,这,363,兑,1
6038,这,433,凤,1
6038,这,571,区,1
6038,这,768,咚,1
6038,这,1413,定,1
6038,这,2356,攻,1
6038,这,3038,注,1
6038,这,3153,淀,1
6038,这,6031,迎,1
6038,这,6035,返,1
6039,进,66,也,1
6039,进,90,些,1
6039,进,6033,近,1
6039,进,6054,述,1
6039,进,6057,迸,1
6039,进,6079,逛,1
6040,远,620,压,1
6040,远,2980,沄,1
6040,远,2981,沅,1
6040,远,6030,迈,1
6040,远,6035,返,1
6040,远,6102,遐,1
6041,违,35,串,1
6041,违,1033,圭,1
6041,违,6052,迭,1
6041,违,6083,造,1
6041,违,6088,逮,1
6042,连,1092,垤,1
6042,连,3135,涟,1
6042,连,3140,涤,1
6042,连,4873,臣,1
6042,连,6066,逆,1
6043,迟,6024,达,1
6043,迟,6037,还,1
6043,迟,6040,远,1
6043,迟,6060,退,1
6044,迢,672,叵,1
6044,迢,1404,安,1
6044,迢,6023,辽,1
6044,迢,6030,迈,1
6044,迢,6040,远,1
6044,迢,6059,追,1
6044,迢,6060,退,1
6044,迢,6077,逗,1
6044,迢,6101,遏,1
6045,迤,2127,拖,1
6046,迥,15,且,1
6048,迨,6051,迫,1
6048,迨,6059,追,1
6049,迩,6029,过,1
6049,迩,6031,迎,1
6051,迫,189,但,1
6051,迫,672,叵,1
6051,迫,3080,洹,1
6051,迫,3757,画,1
6051,迫,6031,迎,1
6051,迫,6035,返,1
6051,迫,6053,迮,1
6051,迫,6059,追,1
6051,迫,6070,逍,1
6051,迫,6713,页,1
6052,迭,4597,缶,1
6052,迭,6024,达,1
6052,迭,6091,逶,1
6053,迮,6036,迕,1
6053,迮,6059,追,1
6053,迮,6062,适,1
6054,述,4393,类,1
6054,述,6037,还,1
6054,述,6056,迷,1
6054,述,6057,迸,1
6054,述,6069,逋,1
6055,迳,6077,逗,1
6056,迷,6058,迹,1
6056,迷,6073,逑,1
6057,迸,6105,道,1
6057,迸,6115,遴,1
6058,迹,89,亚,1
6058,迹,6080,逝,1
6059,追,1441,密,1
6059,追,3006,沮,1
6059,追,3046,泵,1
6059,追,4376,簉,1
6059,追,6048,迨,1
6059,追,6049,迩,1
6059,追,6062,适,1
6059,追,6083,造,1
6059,追,6103,遑,1
6059,追,6116,遵,1
6060,退,5538,褪,1
6060,退,6044,迢,1
6060,退,6077,逗,1
6061,送,5000,苤,1
6061,送,6040,远,1
6061,送,6072,逐,1
6061,送,6074,递,1
6061,送,6081,逞,1
6062,适,558,化,1
6062,适,3036,泣,1
6062,适,3082,活,1
6062,适,4889,舌,1
6062,适,5836,走,1
6062,适,6025,迁,1
6062,适,6026,迂,1
6062,适,6044,迢,1
6062,适,6435,锰,1
6062,适,7142,黾,1
6063,逃,90,些,1
6063,逃,560,匙,1
6063,逃,3029,泚,1
6064,逄,1193,备,1
6065,逅,5653,诟,1
6065,逅,6059,追,1
6065,逅,6077,逗,1
6065,逅,6096,遁,1
6066,逆,6054,述,1
6066,逆,6058,迹,1
6066,逆,6062,适,1
6066,逆,6083,造,1
6067,选,418,冼,1
6067,选,1305,娑,1
6067,选,5836,走,1
6067,选,5841,起,1
6067,选,6048,迨,1
6067,选,6061,送,1
6067,选,6106,遗,1
6068,逊,4767,胚,1
6068,逊,5469,补,1
6068,逊,5858,趾,1
6068,逊,5888,跹,1
6068,逊,6072,逐,1
6068,逊,6078,通,1
6069,逋,5102,莲,1
6069,逋,6070,逍,1
6070,逍,5849,趟,1
6070,逍,6105,道,1
6071,透,3773,番,1
6071,透,4170,禹,1
6071,透,5670,诱,1
6071,透,6041,违,1
6071,透,6636,雯,1
6072,逐,445,凼,1
6072,逐,1093,垦,1
6072,逐,6047,迦,1
6073,逑,6082,速,1
6074,递,6041,违,1
6074,递,6116,遵,1
6075,途,199,余,1
6075,途,3038,注,1
6075,途,3140,涤,1
6075,途,6061,送,1
6075,途,6064,逄,1
6075,途,6111,遥,1
6076,逖,5885,跶,1
6076,逖,6072,逐,1
6076,逖,6082,速,1
6077,逗,2049,扈,1
6077,逗,3262,滚,1
6077,逗,4930,色,1
6077,逗,6023,辽,1
6077,逗,6094,逼,1
6078,通,1382,孟,1
6078,通,3125,涌,1
6078,通,6051,迫,1
6078,通,6099,遇,1
6079,逛,1675,幽,1
6079,逛,5652,诞,1
6079,逛,6047,迦,1
6079,逛,6068,逊,1
6080,逝,6386,链,1
6081,逞,1112,埕,1
6081,逞,3153,淀,1
6081,逞,6077,逗,1
6081,逞,6106,遗,1
6081,逞,6110,遣,1
6082,速,690,吏,1
6082,速,2455,是,1
6082,速,6044,迢,1
6082,速,6054,述,1
6082,速,6056,迷,1
6083,造,3036,泣,1
6083,造,5735,谴,1
6083,造,6027,迄,1
6083,造,6052,迭,1
6083,造,6062,适,1
6083,造,6071,透,1
6083,造,6098,遄,1
6083,造,6107,遘,1
6083,造,6110,遣,1
6083,造,6113,遭,1
6083,造,6586,陡,1
6085,逢,420,净,1
6085,逢,3315,潽,1
6085,逢,4573,缝,1
6085,逢,5294,虚,1
6085,逢,6031,迎,1
6085,逢,6075,途,1
6085,逢,6081,逞,1
6085,逢,6097,遂,1
6085,逢,6103,遑,1
6085,逢,6110,遣,1
6086,逦,6058,迹,1
6090,逵,2626,查,1
6090,逵,3916,盎,1
6090,逵,6094,逼,1
6091,逶,6090,逵,1
6092,逸,574,匿,1
6092,逸,1821,忘,1
6092,逸,1918,患,1
6092,逸,4868,臆,1
6092,逸,5707,谗,1
6092,逸,6027,迄,1
6092,逸,6045,迤,1
6093,逻,2455,是,1
6093,逻,5102,莲,1
6093,逻,6081,逞,1
6093,逻,6094,逼,1
6093,逻,6101,遏,1
6094,逼,3187,渔,1
6094,逼,3909,盂,1
6094,逼,6059,追,1
6094,逼,6077,逗,1
6094,逼,6103,遑,1
6094,逼,6113,遭,1
6095,逾,6075,途,1
6096,遁,3814,疽,1
6096,遁,6062,适,1
6096,遁,6065,逅,1
6096,遁,6070,逍,1
6096,遁,6080,逝,1
6096,遁,6094,逼,1
6097,遂,4249,窟,1
6097,遂,4362,篚,1
6097,遂,5260,薤,1
6097,遂,6100,遍,1
6098,遄,3910,盅,1
6099,遇,3197,温,1
6099,遇,3341,瀌,1
6099,遇,4376,簉,1
6099,遇,6080,逝,1
6100,遍,573,匾,1
6100,遍,713,启,1
6100,遍,4740,肩,1
6100,遍,6095,逾,1
6100,遍,6114,遮,1
6101,遏,396,冒,1
6101,遏,6105,道,1
6102,遐,3682,瑕,1
6102,遐,4204,程,1
6104,遒,6096,遁,1
6104,遒,6099,遇,1
6105,道,1413,定,1
6105,道,4341,管,1
6105,道,5720,谥,1
6105,道,6059,追,1
6105,道,6066,逆,1
6105,道,6094,逼,1
6105,道,6096,遁,1
6105,道,6104,遒,1
6105,道,6110,遣,1
6106,遗,6113,遭,1
6108,遛,6050,迪,1
6109,遢,6101,遏,1
6110,遣,4541,绻,1
6110,遣,6081,逞,1
6110,遣,6093,逻,1
6110,遣,6106,遗,1
6111,遥,1338,媛,1
6111,遥,5718,谣,1
6111,遥,6040,远,1
6111,遥,6081,逞,1
6111,遥,6106,遗,1
6112,遨,2376,数,1
6112,遨,3458,熬,1
6112,遨,6088,逮,1
6112,遨,6119,邀,1
6113,遭,1096,垫,1
6113,遭,1569,崔,1
6113,遭,5247,蕰,1
6113,遭,6110,遣,1
6114,遮,574,匿,1
6114,遮,1875,恋,1
6114,遮,2304,摭,1
6114,遮,3196,渥,1
6114,遮,3833,痣,1
6114,遮,6058,迹,1
6114,遮,6091,逶,1
6114,遮,6092,逸,1
6115,遴,2503,暹,1
6116,遵,5102,莲,1
6116,遵,5723,谨,1
6116,遵,6074,递,1
6116,遵,6107,遘,1
6116,遵,6113,遭,1
6116,遵,6117,遽,1
6118,避,3330,澼,1
6118,避,6102,遐,1
6118,避,7134,黥,1
6119,邀,3331,激,1
6119,邀,4836,腰,1
6119,邀,6047,迦,1
6119,邀,6750,额,1
6120,邂,6078,通,1
6121,邃,4253,窦,1
6121,邃,6088,逮,1
6122,邈,6111,遥,1
6124,邑,4995,苞,1
6125,邓,604,卯,1
6125,邓,645,双,1
6125,邓,6130,邝,1
6125,邓,6133,那,1
6125,邓,6567,阼,1
6127,邗,4132,祁,1
6127,邗,6132,邢,1
6128,邙,6131,邡,1
6129,邛,6128,邙,1
6130,邝,1684,庐,1
6130,邝,6127,邗,1
6131,邡,6171,部,1
6132,邢,607,即,1
6132,邢,1766,形,1
6132,邢,6140,邱,1
6132,邢,7062,鹂,1
6133,那,703,吡,1
6133,那,2108,押,1
6133,那,6138,邯,1
6133,那,6143,邵,1
6134,邦,3615,玛,1
6134,邦,6149,邽,1
6134,邦,6158,郏,1
6135,邪,609,卵,1
6135,邪,2389,斜,1
6135,邪,6181,鄄,1
6136,邬,6172,郫,1
6137,邮,661,叩,1
6137,邮,6138,邯,1
6137,邮,6147,邺,1
6138,邯,1044,均,1
6138,邯,6147,邺,1
6138,邯,6166,郝,1
6139,邰,6148,邻,1
6140,邱,605,印,1
6140,邱,1674,幼,1
6140,邱,6128,邙,1
6143,邵,607,即,1
6143,邵,819,哪,1
6143,邵,6125,邓,1
6143,邵,6154,郇,1
6143,邵,6167,郡,1
6143,邵,6179,郿,1
6144,邶,6147,邺,1
6146,邹,3905,皱,1
6146,邹,5836,走,1
6146,邹,6131,邡,1
6146,邹,6166,郝,1
6146,邹,6173,郭,1
6146,邹,6833,驭,1
6147,邺,3389,炽,1
6148,邻,605,印,1
6148,邻,2059,扔,1
6148,邻,2393,斤,1
6148,邻,4458,纤,1
6148,邻,4465,纫,1
6148,邻,4466,纬,1
6148,邻,6128,邙,1
6148,邻,6138,邯,1
6148,邻,6171,部,1
6150,邾,6135,邪,1
6150,邾,6162,郗,1
6151,郁,5453,蠢,1
6151,郁,6131,邡,1
6151,郁,6179,郿,1
6153,郅,5010,茀,1
6153,郅,6297,钟,1
6154,郇,6133,那,1
6155,郈,6140,邱,1
6155,郈,6178,郾,1
6156,郊,1255,妒,1
6156,郊,2400,新,1
6156,郊,4132,祁,1
6156,郊,6131,邡,1
6156,郊,6140,邱,1
6156,郊,6172,郫,1
6156,郊,6173,郭,1
6157,郎,607,即,1
6159,郐,753,命,1
6160,郑,1774,彰,1
6160,郑,3629,玷,1
6160,郑,6153,郅,1
6161,郓,6172,郫,1
6162,郗,6166,郝,1
6164,郛,2897,毐,1
6164,郛,3907,皴,1
6165,郜,613,卻,1
6165,郜,6146,邹,1
6165,郜,6184,鄙,1
6166,郝,608,却,1
6166,郝,4683,耙,1
6166,郝,5831,赦,1
6166,郝,6164,郛,1
6167,郡,607,即,1
6167,郡,1648,席,1
6167,郡,6163,郚,1
6168,郢,6176,郸,1
6168,郢,6190,鄹,1
6169,郦,42,丽,1
6169,郦,6142,邴,1
6170,郧,492,剐,1
6170,郧,6155,郈,1
6170,郧,6174,郯,1
6171,部,611,卸,1
6171,部,4132,祁,1
6171,部,6131,邡,1
6171,部,6188,鄯,1
6171,部,6942,鲃,1
6173,郭,1627,市,1
6173,郭,6131,邡,1
6173,郭,6187,鄣,1
6174,郯,1652,常,1
6174,郯,3027,泖,1
6174,郯,6152,郄,1
6174,郯,6160,郑,1
6174,郯,6170,郧,1
6174,郯,6171,部,1
6175,郴,1772,彬,1
6175,郴,2606,枷,1
6175,郴,2747,椰,1
6175,郴,6144,邶,1
6175,郴,6166,郝,1
6176,郸,6134,邦,1
6176,郸,6173,郭,1
6176,郸,6181,鄄,1
6177,都,1632,希,1
6177,都,2632,柳,1
6177,都,4432,糨,1
6180,鄂,613,卻,1
6180,鄂,6153,郅,1
6180,鄂,6165,郜,1
6182,鄌,6183,鄘,1
6183,鄘,6182,鄌,1
6184,鄙,6165,郜,1
6184,鄙,6171,部,1
6184,鄙,6174,郯,1
6185,鄞,6181,鄄,1
6187,鄣,6173,郭,1
6190,鄹,4714,聚,1
6191,酃,6181,鄄,1
6193,酉,395,再,1
6193,酉,6195,酋,1
6194,酊,6196,酌,1
6195,酋,3441,煮,1
6195,酋,4984,苎,1
6195,酋,4991,苗,1
6195,酋,5212,蓝,1
6195,酋,6193,酉,1
6196,酌,1390,孬,1
6197,配,4042,砣,1
6197,配,4598,缸,1
6197,配,6204,酝,1
6197,配,6217,酰,1
6201,酒,409,冯,1
6201,酒,2965,汤,1
6201,酒,3125,涌,1
6201,酒,3148,涯,1
6201,酒,5936,蹰,1
6201,酒,6193,酉,1
6201,酒,6715,顷,1
6201,酒,7059,鸿,1
6202,酗,4028,砂,1
6202,酗,6200,酐,1
6203,酚,3195,渤,1
6203,酚,4554,缈,1
6203,酚,6202,酗,1
6203,酚,6739,颐,1
6204,酝,1387,学,1
6204,酝,4040,砝,1
6204,酝,6197,配,1
6204,酝,6212,酩,1
6205,酞,6210,酥,1
6206,酡,4038,砚,1
6206,酡,4713,聘,1
6206,酡,6739,颐,1
6206,酡,6847,驼,1
6208,酣,329,傩,1
6209,酤,6223,酷,1
6210,酥,4058,砾,1
6210,酥,4072,硪,1
6210,酥,6200,酐,1
6210,酥,6205,酞,1
6210,酥,6238,醚,1
6211,酦,4051,破,1
6212,酩,1090,垢,1
6212,酩,6954,鲐,1
6213,酪,3303,潞,1
6213,酪,3771,略,1
6213,酪,4063,硌,1
6213,酪,6203,酚,1
6213,酪,6204,酝,1
6213,酪,6223,酷,1
6213,酪,6229,醅,1
6213,酪,6396,锈,1
6214,酬,419,冽,1
6214,酬,510,劂,1
6218,酱,387,兽,1
6218,酱,4796,脊,1
6219,酲,6246,醴,1
6220,酴,6210,酥,1
6220,酴,6221,酵,1
6221,酵,3310,潴,1
6221,酵,4061,硅,1
6221,酵,5895,踌,1
6221,酵,6217,酰,1
6221,酵,6220,酴,1
6221,酵,6223,酷,1
6221,酵,6230,醇,1
6221,酵,6232,醋,1
6222,酶,6216,酯,1
6223,酷,4249,窟,1
6223,酷,4922,艏,1
6223,酷,5575,觥,1
6223,酷,6204,酝,1
6223,酷,6209,酤,1
6223,酷,6213,酪,1
6223,酷,6232,醋,1
6224,酸,2369,敝,1
6224,酸,2887,殴,1
6224,酸,3898,皎,1
6224,酸,4048,砭,1
6224,酸,6217,酰,1
6224,酸,6230,醇,1
6224,酸,6231,醉,1
6225,酹,6231,醉,1
6227,酾,4066,硒,1
6227,酾,6235,醐,1
6227,酾,6966,鲡,1
6228,酿,3962,眼,1
6228,酿,4410,粮,1
6228,酿,6222,酶,1
6228,酿,6244,醮,1
6228,酿,6722,顾,1
6229,醅,6239,醛,1
6230,醇,6198,酎,1
6230,醇,6221,酵,1
6230,醇,6225,酹,1
6231,醉,1131,堆,1
6231,醉,4083,碎,1
6231,醉,6226,酽,1
6232,醋,3979,睹,1
6232,醋,4922,艏,1
6232,醋,5379,蜡,1
6233,醌,6228,酿,1
6234,醍,6237,醒,1
6234,醍,7000,鳄,1
6235,醐,6215,酮,1
6236,醑,6222,酶,1
6237,醒,2645,栏,1
6237,醒,4061,硅,1
6237,醒,6217,酰,1
6237,醒,6225,酹,1
6237,醒,6236,醑,1
6237,醒,6246,醴,1
6238,醚,3718,瓞,1
6239,醛,2377,敲,1
6240,醢,914,嗌,1
6241,醣,6242,醪,1
6242,醪,334,僇,1
6242,醪,3699,璆,1
6242,醪,6246,醴,1
6243,醭,3707,璞,1
6243,醭,6239,醛,1
6243,醭,6244,醮,1
6244,醮,6240,醢,1
6245,醯,2899,毓,1
6248,醺,4119,礁,1
6250,采,584,卑,1
6250,采,2052,手,1
6250,采,2543,朵,1
6250,采,2546,杀,1
6250,采,4293,笨,1
6250,采,4436,系,1
6251,釉,2620,柚,1
6251,釉,4665,翻,1
6252,释,2133,拜,1
6252,释,2239,掸,1
6252,释,4419,糅,1
6252,释,4685,耠,1
6252,释,6013,辞,1
6252,释,6850,驿,1
6253,里,726,呈,1
6253,里,1176,墨,1
6253,里,3187,渔,1
6253,里,6088,逮,1
6254,重,41,主,1
6254,重,60,乖,1
6254,重,108,亶,1
6254,重,1194,复,1
6254,重,1272,妻,1
6254,重,3630,玺,1
6254,重,3740,生,1
6254,重,6633,雨,1
6254,重,6640,雹,1
6254,重,6829,香,1
6255,野,1262,妤,1
6255,野,1775,影,1
6255,野,5574,解,1
6256,量,2449,星,1
6256,量,2462,显,1
6256,量,5108,莹,1
6257,金,122,今,1
6257,金,199,余,1
6257,金,726,呈,1
6257,金,1074,垂,1
6257,金,3920,盒,1
6257,金,4330,签,1
6257,金,6148,邻,1
6258,釜,2155,拿,1
6258,釜,4308,筌,1
6258,釜,5320,蚤,1
6259,鉴,1573,崟,1
6259,鉴,4262,竖,1
6259,鉴,4626,美,1
6259,鉴,6258,釜,1
6260,銍,4204,程,1
6261,銎,4600,罂,1
6261,銎,6259,鉴,1
6264,鋈,3914,益,1
6265,錾,6269,鏊,1
6269,鏊,5426,螯,1
6273,钅,1460,导,1
6273,钅,2922,气,1
6273,钅,6780,饣,1
6276,针,1731,弄,1
6276,针,5473,衬,1
6276,针,5595,计,1
6276,针,6277,钉,1
6276,针,6279,钋,1
6276,针,6282,钎,1
6276,针,6293,钛,1
6276,针,6297,钟,1
6276,针,6346,铒,1
6277,钉,1673,幻,1
6277,钉,3609,玎,1
6277,钉,6278,钊,1
6278,钊,493,剑,1
6278,钊,6283,钏,1
6278,钊,6287,钔,1
6279,钋,599,卦,1
6281,钍,6327,钽,1
6282,钎,5961,轩,1
6282,钎,6311,钭,1
6283,钏,6278,钊,1
6284,钐,6309,钫,1
6285,钒,1615,巩,1
6285,钒,4461,级,1
6285,钒,6282,钎,1
6285,钒,6300,钢,1
6285,钒,6781,饥,1
6286,钓,2954,汐,1
6286,钓,6280,钌,1
6287,钔,6283,钏,1
6288,钕,6310,钬,1
6288,钕,6340,铋,1
6289,钗,6361,铤,1
6291,钙,3521,犒,1
6291,钙,4503,结,1
6291,钙,6280,钌,1
6291,钙,6441,锷,1
6291,钙,6484,镣,1
6292,钚,6442,锸,1
6293,钛,6288,钕,1
6293,钛,6299,钡,1
6294,钜,1074,垂,1
6294,钜,4632,羟,1
6294,钜,6313,钯,1
6295,钝,6294,钜,1
6295,钝,6319,钵,1
6295,钝,6345,铑,1
6295,钝,6414,锚,1
6296,钞,4142,祛,1
6297,钟,608,却,1
6297,钟,4181,种,1
6297,钟,4489,绅,1
6297,钟,5430,螽,1
6297,钟,6330,铀,1
6298,钠,526,劬,1
6298,钠,5626,诃,1
6298,钠,6332,铂,1
6298,钠,6392,锄,1
6299,钡,3144,涩,1
6299,钡,3537,狈,1
6299,钡,4012,知,1
6299,钡,4491,织,1
6299,钡,5559,觇,1
6299,钡,6285,钒,1
6299,钡,6335,铅,1
6300,钢,5620,讽,1
6300,钢,6015,辣,1
6300,钢,6298,钠,1
6300,钢,6299,钡,1
6300,钢,6307,钩,1
6301,钣,4901,舨,1
6301,钣,6372,铰,1
6301,钣,6426,锧,1
6301,钣,6788,饭,1
6302,钤,6366,铪,1
6302,钤,6374,铲,1
6302,钤,6447,锾,1
6303,钥,1274,姆,1
6303,钥,3620,玥,1
6303,钥,4490,细,1
6303,钥,6283,钏,1
6303,钥,6298,钠,1
6303,钥,6305,钧,1
6303,钥,6329,钿,1
6304,钦,684,合,1
6304,钦,2368,敛,1
6304,钦,2844,欤,1
6304,钦,2854,歇,1
6304,钦,3893,的,1
6304,钦,4474,纵,1
6304,钦,6310,钬,1
6305,钧,1044,均,1
6305,钧,6332,铂,1
6305,钧,6395,锇,1
6306,钨,4497,绍,1
6306,钨,4508,给,1
6306,钨,6291,钙,1
6306,钨,6352,铛,1
6306,钨,7035,鸥,1
6306,钨,7037,鸨,1
6307,钩,1836,忽,1
6307,钩,3505,物,1
6307,钩,6300,钢,1
6307,钩,6320,钶,1
6307,钩,6792,饱,1
6308,钪,6325,钻,1
6309,钫,6284,钐,1
6310,钬,4180,秋,1
6310,钬,6279,钋,1
6311,钭,6282,钎,1
6312,钮,867,啦,1
6312,钮,4803,脓,1
6312,钮,6299,钡,1
6312,钮,6726,颂,1
6314,钰,6318,钴,1
6314,钰,6319,钵,1
6314,钰,6338,铉,1
6314,钰,6364,铨,1
6314,钰,6440,锶,1
6315,钱,3088,浅,1
6315,钱,4792,能,1
6315,钱,6297,钟,1
6315,钱,6328,钾,1
6315,钱,6351,铙,1
6315,钱,6395,锇,1
6315,钱,6468,镓,1
6316,钲,6313,钯,1
6317,钳,3739,甜,1
6317,钳,4469,纰,1
6317,钳,4484,绀,1
6317,钳,6318,钴,1
6317,钳,6330,铀,1
6317,钳,6335,铅,1
6318,钴,6323,钹,1
6318,钴,6325,钻,1
6318,钴,6354,铝,1
6319,钵,4269,竦,1
6319,钵,5492,袜,1
6319,钵,6318,钴,1
6319,钵,6350,铘,1
6319,钵,6363,铧,1
6319,钵,6400,锌,1
6319,钵,6451,镂,1
6321,钷,6371,铯,1
6322,钸,6350,铘,1
6323,钹,4486,绂,1
6323,钹,6426,锧,1
6324,钺,6315,钱,1
6325,钻,3015,沾,1
6325,钻,4263,站,1
6325,钻,4473,纴,1
6325,钻,4500,绐,1
6325,钻,6291,钙,1
6325,钻,6296,钞,1
6325,钻,6306,钨,1
6325,钻,6309,钫,1
6325,钻,6318,钴,1
6325,钻,6369,铭,1
6326,钼,6327,钽,1
6326,钼,6382,铺,1
6327,钽,4014,矩,1
6327,钽,6335,铅,1
6327,钽,6390,锂,1
6329,钿,4465,纫,1
6329,钿,6312,钮,1
6329,钿,6326,钼,1
6329,钿,6327,钽,1
6330,铀,4490,细,1
6330,铀,6286,钓,1
6330,铀,6329,钿,1
6331,铁,165,伙,1
6331,铁,200,佚,1
6331,铁,2979,沃,1
6331,铁,5693,谈,1
6331,铁,5864,跌,1
6331,铁,5974,轶,1
6331,铁,6349,铗,1
6331,铁,6359,铢,1
6331,铁,6360,铣,1
6331,铁,6361,铤,1
6331,铁,6362,铥,1
6331,铁,6431,锬,1
6331,铁,6461,镌,1
6331,铁,6786,饫,1
6332,铂,4551,缅,1
6332,铂,6298,钠,1
6332,铂,6305,钧,1
6332,铂,6321,钷,1
6332,铂,6326,钼,1
6332,铂,6330,铀,1
6332,铂,6356,铟,1
6332,铂,6464,镏,1
6332,铂,6950,鲌,1
6333,铃,3030,泛,1
6333,铃,4345,箨,1
6333,铃,4507,绘,1
6333,铃,6372,铰,1
6333,铃,6425,锦,1
6333,铃,6432,锭,1
6334,铄,6365,铩,1
6334,铄,6944,鲆,1
6335,铅,775,咨,1
6335,铅,4500,绐,1
6335,铅,4508,给,1
6335,铅,4915,船,1
6335,铅,5511,裕,1
6335,铅,5969,轱,1
6335,铅,6284,钐,1
6335,铅,6325,钻,1
6335,铅,6366,铪,1
6335,铅,6368,铬,1
6335,铅,6369,铭,1
6335,铅,6781,饥,1
6336,铆,3027,泖,1
6336,铆,6392,锄,1
6338,铉,6362,铥,1
6339,铊,6294,钜,1
6339,铊,6304,钦,1
6339,铊,6371,铯,1
6340,铋,6330,铀,1
6340,铋,6393,锅,1
6341,铌,6378,银,1
6342,铍,6406,锒,1
6342,铍,6445,锻,1
6343,铎,4498,绎,1
6343,铎,6346,铒,1
6344,铐,6362,铥,1
6344,铐,6416,锜,1
6344,铐,6438,锴,1
6344,铐,6979,鲮,1
6345,铑,6351,铙,1
6347,铕,6322,钸,1
6347,铕,6478,镝,1
6348,铖,6315,钱,1
6349,铗,4599,缺,1
6349,铗,6450,镁,1
6351,铙,6378,银,1
6352,铛,3649,珰,1
6352,铛,4493,绉,1
6352,铛,6309,钫,1
6352,铛,6398,锊,1
6352,铛,6413,错,1
6353,铜,2530,朗,1
6353,铜,3067,洞,1
6353,铜,4065,硐,1
6353,铜,4147,祠,1
6353,铜,5344,蛔,1
6353,铜,6300,钢,1
6354,铝,235,侣,1
6354,铝,4497,绍,1
6354,铝,4500,绐,1
6354,铝,6431,锬,1
6355,铞,6350,铘,1
6356,铟,6326,钼,1
6358,铡,4471,纲,1
6358,铡,6283,钏,1
6359,铢,5974,轶,1
6359,铢,6319,钵,1
6359,铢,6331,铁,1
6359,铢,6334,铄,1
6359,铢,6384,铼,1
6359,铢,6418,锞,1
6360,铣,2541,朱,1
6360,铣,3063,洗,1
6360,铣,4462,纨,1
6361,铤,6423,锤,1
6361,铤,6492,镫,1
6362,铥,6338,铉,1
6362,铥,6361,铤,1
6364,铨,6492,镫,1
6365,铩,4798,脎,1
6366,铪,4508,给,1
6366,铪,5500,袷,1
6366,铪,6354,铝,1
6366,铪,6364,铨,1
6368,铬,688,名,1
6368,铬,3619,玢,1
6368,铬,5348,蛞,1
6368,铬,6383,铻,1
6368,铬,6398,锊,1
6368,铬,6430,锫,1
6369,铭,3436,煞,1
6369,铭,5757,貉,1
6369,铭,5893,踉,1
6369,铭,5986,辂,1
6369,铭,6325,钻,1
6369,铭,6354,铝,1
6369,铭,6355,铞,1
6369,铭,6388,销,1
6369,铭,6404,锐,1
6370,铮,6400,锌,1
6370,铮,6425,锦,1
6371,铯,6370,铮,1
6372,铰,3659,琏,1
6372,铰,4478,纹,1
6372,铰,4892,舒,1
6372,铰,5838,赴,1
6372,铰,5877,跤,1
6372,铰,5987,较,1
6372,铰,6290,钘,1
6372,铰,6306,钨,1
6372,铰,6375,铳,1
6372,铰,6423,锤,1
6372,铰,6447,锾,1
6372,铰,7133,黢,1
6373,铱,233,依,1
6373,铱,4474,纵,1
6373,铱,6292,钚,1
6373,铱,6301,钣,1
6373,铱,6308,钪,1
6373,铱,6375,铳,1
6373,铱,6406,锒,1
6374,铲,3003,沪,1
6374,铲,6284,钐,1
6374,铲,6291,钙,1
6374,铲,6434,锯,1
6375,铳,6308,钪,1
6375,铳,6401,锍,1
6376,铴,6369,铭,1
6378,银,5875,跟,1
6378,银,6299,钡,1
6378,银,6306,钨,1
6378,银,6313,钯,1
6378,银,6406,锒,1
6378,银,6419,锟,1
6379,铷,2606,枷,1
6379,铷,6358,铡,1
6380,铸,3132,涛,1
6380,铸,4487,练,1
6380,铸,5077,荮,1
6380,铸,6398,锊,1
6380,铸,6410,锖,1
6380,铸,6451,镂,1
6380,铸,6474,镙,1
6381,铹,6355,铞,1
6381,铹,6455,镆,1
6382,铺,1111,埔,1
6382,铺,4138,祓,1
6382,铺,5989,辅,1
6382,铺,6347,铕,1
6382,铺,6388,销,1
6382,铺,6457,镈,1
6383,铻,3512,牾,1
6383,铻,6294,钜,1
6383,铻,6362,铥,1
6383,铻,6394,锆,1
6384,铼,6359,铢,1
6385,铽,6324,钺,1
6385,铽,6348,铖,1
6386,链,3135,涟,1
6386,链,6388,销,1
6386,链,6433,键,1
6386,链,6480,镟,1
6388,销,1790,律,1
6388,销,4525,绪,1
6388,销,6303,钥,1
6388,销,6318,钴,1
6388,销,6414,锚,1
6388,销,6715,顷,1
6388,销,6728,预,1
6388,销,6810,馅,1
6389,锁,1780,彼,1
6389,锁,4524,绩,1
6389,锁,4533,绳,1
6389,锁,4556,缋,1
6389,锁,6015,辣,1
6389,锁,6342,铍,1
6389,锁,6357,铠,1
6389,锁,6376,铴,1
6389,锁,6404,锐,1
6389,锁,6456,镇,1
6389,锁,6725,颁,1
6389,锁,6730,领,1
6390,锂,6266,鍠,1
6390,锂,6418,锞,1
6390,锂,6440,锶,1
6390,锂,6464,镏,1
6392,锄,6346,铒,1
6393,锅,266,俩,1
6393,锅,4546,缀,1
6393,锅,6298,钠,1
6393,锅,6354,铝,1
6393,锅,6414,锚,1
6393,锅,6419,锟,1
6393,锅,6459,镊,1
6394,锆,2699,梏,1
6395,锇,6367,铫,1
6396,锈,3837,痨,1
6396,锈,5670,诱,1
6396,锈,6362,铥,1
6396,锈,6369,铭,1
6396,锈,6375,铳,1
6396,锈,6442,锸,1
6396,锈,6461,镌,1
6397,锉,4485,绁,1
6397,锉,5630,诈,1
6397,锉,6260,銍,1
6397,锉,6312,钮,1
6397,锉,6325,钻,1
6397,锉,6327,钽,1
6397,锉,6386,链,1
6398,锊,6417,锝,1
6399,锋,2133,拜,1
6399,锋,6364,铨,1
6399,锋,6370,铮,1
6399,锋,6424,锥,1
6399,锋,6490,镩,1
6400,锌,3512,牾,1
6400,锌,4463,纩,1
6400,锌,4494,绊,1
6400,锌,4498,绎,1
6400,锌,6282,钎,1
6400,锌,6363,铧,1
6400,锌,6373,铱,1
6400,锌,6398,锊,1
6400,锌,6399,锋,1
6400,锌,6806,馀,1
6400,锌,6962,鲜,1
6402,锎,6329,钿,1
6402,锎,6488,镧,1
6403,锏,6353,铜,1
6404,锐,360,光,1
6404,锐,4475,纶,1
6404,锐,5673,说,1
6404,锐,6308,钪,1
6404,锐,6477,镜,1
6404,锐,6501,镵,1
6405,锑,4523,绨,1
6405,锑,4578,缣,1
6405,锑,6374,铲,1
6406,锒,6342,铍,1
6406,锒,6378,银,1
6408,锔,6287,钔,1
6408,锔,6434,锯,1
6408,锔,6486,镥,1
6409,锕,6465,镐,1
6410,锖,6411,锗,1
6410,锖,6413,错,1
6410,锖,6416,锜,1
6411,锗,4525,绪,1
6411,锗,6383,铻,1
6411,锗,6410,锖,1
6411,锗,6412,锘,1
6411,锗,6416,锜,1
6411,锗,6489,镨,1
6412,锘,6006,辖,1
6412,锘,6808,馃,1
6413,错,289,借,1
6413,错,2286,搭,1
6413,错,3695,瑾,1
6413,错,6332,铂,1
6413,错,6345,铑,1
6413,错,6352,铛,1
6413,错,6394,锆,1
6413,错,6410,锖,1
6413,错,6417,锝,1
6413,错,6454,镅,1
6413,错,6486,镥,1
6413,错,6489,镨,1
6414,锚,289,借,1
6414,锚,6382,铺,1
6414,锚,6394,锆,1
6414,锚,6478,镝,1
6415,锛,6456,镇,1
6416,锜,6344,铐,1
6417,锝,6420,锡,1
6419,锟,6378,银,1
6419,锟,6406,锒,1
6420,锡,4566,编,1
6420,锡,6355,铞,1
6420,锡,6405,锑,1
6420,锡,6408,锔,1
6420,锡,6440,锶,1
6421,锢,6317,钳,1
6422,锣,2745,椤,1
6422,锣,4548,缂,1
6422,锣,4581,缦,1
6422,锣,6393,锅,1
6422,锣,6407,锓,1
6422,锣,6441,锷,1
6422,锣,6446,锼,1
6423,锤,6398,锊,1
6423,锤,6424,锥,1
6423,锤,6442,锸,1
6424,锥,23,丝,1
6424,锥,5511,裕,1
6424,锥,6333,铃,1
6424,锥,6357,铠,1
6424,锥,6361,铤,1
6424,锥,6439,锵,1
6424,锥,6625,雉,1
6425,锦,4200,稀,1
6427,锨,2846,欲,1
6427,锨,6431,锬,1
6427,锨,6483,镢,1
6428,锩,6411,锗,1
6429,锪,6406,锒,1
6430,锫,6394,锆,1
6431,锬,3673,琰,1
6431,锬,6389,锁,1
6432,锭,1780,彼,1
6432,锭,4599,缺,1
6432,锭,6375,铳,1
6432,锭,6404,锐,1
6432,锭,6434,锯,1
6432,锭,6789,饮,1
6433,键,2913,毽,1
6433,键,3519,犍,1
6433,键,5346,蛙,1
6433,键,5912,踺,1
6433,键,6384,铼,1
6434,锯,293,倨,1
6434,锯,3661,琚,1
6434,锯,6394,锆,1
6434,锯,6444,锺,1
6435,锰,6295,钝,1
6435,锰,6383,铻,1
6438,锴,6411,锗,1
6438,锴,6413,错,1
6438,锴,6464,镏,1
6440,锶,1947,惩,1
6440,锶,6341,铌,1
6441,锷,6481,镠,1
6442,锸,6478,镝,1
6443,锹,4595,缴,1
6443,锹,6379,铷,1
6445,锻,3431,煅,1
6445,锻,5462,衔,1
6445,锻,6301,钣,1
6445,锻,6456,镇,1
6445,锻,6629,雏,1
6446,锼,6437,锲,1
6446,锼,6815,馊,1
6447,锾,6459,镊,1
6449,镀,3193,渡,1
6449,镀,4560,缏,1
6449,镀,4575,缠,1
6449,镀,5908,踱,1
6449,镀,6058,迹,1
6449,镀,6372,铰,1
6449,镀,6407,锓,1
6449,镀,6484,镣,1
6450,镁,4527,续,1
6450,镁,4561,缑,1
6450,镁,6461,镌,1
6450,镁,6485,镤,1
6453,镄,6407,锓,1
6454,镅,7010,鳎,1
6455,镆,6473,镘,1
6455,镆,6818,馍,1
6456,镇,6455,镆,1
6456,镇,6469,镔,1
6456,镇,6472,镗,1
6456,镇,6493,镬,1
6456,镇,6717,项,1
6456,镇,6719,须,1
6457,镈,6370,铮,1
6457,镈,6382,铺,1
6458,镉,2694,桷,1
6458,镉,6478,镝,1
6458,镉,6494,镭,1
6460,镋,6472,镗,1
6460,镋,6477,镜,1
6462,镍,4521,绦,1
6462,镍,4535,绵,1
6462,镍,6346,铒,1
6462,镍,6369,铭,1
6462,镍,6425,锦,1
6462,镍,6482,镡,1
6464,镏,6459,镊,1
6464,镏,6494,镭,1
6464,镏,6495,镯,1
6465,镐,3521,犒,1
6465,镐,4219,稿,1
6465,镐,4320,筠,1
6465,镐,6000,辐,1
6465,镐,6411,锗,1
6465,镐,6413,错,1
6465,镐,6430,锫,1
6465,镐,6476,镛,1
6465,镐,6810,馅,1
6466,镑,4518,绣,1
6466,镑,6374,铲,1
6466,镑,6417,锝,1
6466,镑,6434,锯,1
6467,镒,6485,镤,1
6469,镔,6432,锭,1
6469,镔,6456,镇,1
6470,镕,3303,潞,1
6470,镕,3450,熔,1
6472,镗,6492,镫,1
6473,镘,6446,锼,1
6473,镘,6822,馒,1
6474,镙,6420,锡,1
6475,镚,5931,蹦,1
6476,镛,6382,铺,1
6476,镛,6496,镰,1
6477,镜,1165,境,1
6477,镜,4505,绕,1
6477,镜,4514,统,1
6477,镜,6338,铉,1
6477,镜,6360,铣,1
6477,镜,6389,锁,1
6477,镜,6431,锬,1
6477,镜,6497,镱,1
6478,镝,6465,镐,1
6479,镞,6453,镄,1
6483,镢,6445,锻,1
6484,镣,963,嘹,1
6484,镣,2611,柈,1
6484,镣,3599,獠,1
6484,镣,4568,缘,1
6485,镤,6451,镂,1
6486,镥,6489,镨,1
6487,镦,2363,敏,1
6488,镧,6356,铟,1
6489,镨,6410,锖,1
6490,镩,6466,镑,1
6491,镪,6423,锤,1
6491,镪,6805,饿,1
6492,镫,6387,铿,1
6494,镭,4533,绳,1
6494,镭,6464,镏,1
6494,镭,6478,镝,1
6494,镭,6811,馆,1
6494,镭,7016,鳕,1
6495,镯,6474,镙,1
6496,镰,283,倔,1
6496,镰,3871,瘴,1
6496,镰,4571,缛,1
6496,镰,4578,缣,1
6496,镰,5939,蹶,1
6497,镱,1511,屦,1
6498,镲,6384,铼,1
6498,镲,6475,镚,1
6498,镲,6479,镞,1
6499,镳,6008,辘,1
6502,镶,4563,缓,1
6502,镶,6825,馕,1
6503,长,20,业,1
6503,长,360,光,1
6503,长,595,卡,1
6503,长,1485,尺,1
6503,长,2350,支,1
6503,长,3524,犬,1
6503,长,6038,这,1
6504,门,450,刂,1
6504,门,615,厂,1
6504,门,1397,宀,1
6504,门,1398,宁,1
6504,门,1607,川,1
6504,门,2900,比,1
6504,门,2946,汀,1
6504,门,6505,闩,1
6505,闩,2951,汈,1
6506,闪,19,丙,1
6506,闪,390,冂,1
6506,闪,392,冈,1
6506,闪,1000,囚,1
6506,闪,1607,川,1
6506,闪,6508,闭,1
6506,闪,6509,问,1
6506,闪,6542,阏,1
6507,闫,3929,目,1
6508,闭,1007,团,1
6508,闭,2421,旨,1
6508,闭,6544,阑,1
6509,问,553,匈,1
6509,问,692,向,1
6509,问,1001,四,1
6509,问,2420,旧,1
6509,问,3009,河,1
6509,问,6511,闰,1
6509,问,6515,间,1
6510,闯,687,同,1
6510,闯,1002,囝,1
6510,闯,1003,回,1
6510,闯,3163,淘,1
6510,闯,6508,闭,1
6510,闯,6512,闱,1
6511,闰,534,勇,1
6511,闰,1010,园,1
6511,闰,6507,闫,1
6512,闱,1013,围,1
6512,闱,6520,闹,1
6512,闱,6550,阘,1
6513,闲,176,伪,1
6513,闲,392,冈,1
6513,闲,3742,用,1
6513,闲,3744,甪,1
6513,闲,6512,闱,1
6513,闲,6522,闻,1
6514,闳,6517,闶,1
6514,闳,6521,闺,1
6515,间,2423,旬,1
6515,间,3056,洄,1
6515,间,3755,甸,1
6515,间,5626,诃,1
6515,间,6066,逆,1
6515,间,6524,闽,1
6515,间,6541,阎,1
6516,闵,1007,团,1
6516,闵,6511,闰,1
6517,闶,6516,闵,1
6518,闷,1009,囫,1
6518,闷,2420,旧,1
6518,闷,3028,泗,1
6518,闷,4604,网,1
6518,闷,6506,闪,1
6518,闷,6515,间,1
6518,闷,6524,闽,1
6519,闸,3744,甪,1
6519,闸,6515,间,1
6519,闸,6524,闽,1
6520,闹,6513,闲,1
6520,闹,6517,闶,1
6520,闹,6522,闻,1
6520,闹,6550,阘,1
6521,闺,1006,囡,1
6521,闺,1013,围,1
6521,闺,1020,圃,1
6521,闺,1429,害,1
6521,闺,3102,浔,1
6521,闺,4605,罔,1
6521,闺,6512,闱,1
6521,闺,6526,闿,1
6521,闺,6532,阅,1
6522,闻,1579,崮,1
6522,闻,5635,词,1
6522,闻,6510,闯,1
6523,闼,6524,闽,1
6524,闽,1013,围,1
6524,闽,2986,沏,1
6524,闽,3123,消,1
6524,闽,3204,渺,1
6524,闽,6510,闯,1
6524,闽,6511,闰,1
6524,闽,6546,阔,1
6525,闾,5635,词,1
6525,闾,6507,闫,1
6525,闾,6511,闰,1
6525,闾,6528,阁,1
6525,闾,6531,阄,1
6525,闾,6537,阊,1
6526,闿,6511,闰,1
6526,闿,6524,闽,1
6526,闿,6538,阋,1
6527,阀,1011,困,1
6527,阀,1412,宙,1
6527,阀,1834,忸,1
6527,阀,3039,泪,1
6527,阀,3057,洇,1
6527,阀,6508,闭,1
6527,阀,6513,闲,1
6527,阀,6519,闸,1
6527,阀,6520,闹,1
6527,阀,6535,阈,1
6527,阀,6538,阋,1
6528,阁,499,剟,1
6528,阁,1018,图,1
6528,阁,5688,调,1
6528,阁,6510,闯,1
6528,阁,6517,闶,1
6528,阁,6534,阇,1
6528,阁,6540,阍,1
6528,阁,6541,阎,1
6528,阁,6550,阘,1
6529,阂,2986,沏,1
6529,阂,6507,闫,1
6529,阂,6510,闯,1
6529,阂,6521,闺,1
6529,阂,6524,闽,1
6529,阂,6539,阌,1
6529,阂,6547,阕,1
6529,阂,6552,阚,1
6531,阄,6538,阋,1
6531,阄,6543,阐,1
6532,阅,687,同,1
6532,阅,2420,旧,1
6532,阅,2951,汈,1
6532,阅,3324,澥,1
6532,阅,6511,闰,1
6532,阅,6524,闽,1
6532,阅,6525,闾,1
6532,阅,6533,阆,1
6532,阅,6549,阗,1
6533,阆,1924,悯,1
6533,阆,6514,闳,1
6533,阆,6516,闵,1
6533,阆,6525,闾,1
6534,阇,6537,阊,1
6534,阇,6548,阖,1
6534,阇,6552,阚,1
6535,阈,6520,闹,1
6535,阈,6544,阑,1
6536,阉,1024,圉,1
6536,阉,3163,淘,1
6536,阉,4996,苟,1
6536,阉,6528,阁,1
6536,阉,6534,阇,1
6537,阊,6525,闾,1
6537,阊,6531,阄,1
6537,阊,6546,阔,1
6537,阊,6550,阘,1
6538,阋,6531,阄,1
6538,阋,6537,阊,1
6538,阋,6549,阗,1
6539,阌,5046,茼,1
6540,阍,6528,阁,1
6541,阎,1022,圆,1
6541,阎,3163,淘,1
6541,阎,5635,词,1
6541,阎,6520,闹,1
6541,阎,6525,闾,1
6541,阎,6528,阁,1
6541,阎,6531,阄,1
6541,阎,6539,阌,1
6541,阎,6543,阐,1
6541,阎,6633,雨,1
6542,阏,6551,阙,1
6543,阐,3742,用,1
6543,阐,6512,闱,1
6543,阐,6532,阅,1
6544,阑,3322,澜,1
6544,阑,4605,罔,1
6544,阑,6512,闱,1
6544,阑,6520,闹,1
6544,阑,6522,闻,1
6544,阑,6524,闽,1
6544,阑,6538,阋,1
6544,阑,6543,阐,1
6544,阑,6549,阗,1
6544,阑,6633,雨,1
6545,阒,6543,阐,1
6546,阔,1834,忸,1
6546,阔,2525,朋,1
6546,阔,3151,涸,1
6546,阔,5317,蚜,1
6546,阔,6513,闲,1
6546,阔,6527,阀,1
6546,阔,6533,阆,1
6547,阕,6527,阀,1
6547,阕,6543,阐,1
6548,阖,505,副,1
6548,阖,1013,围,1
6548,阖,6521,闺,1
6548,阖,6529,阂,1
6549,阗,6529,阂,1
6549,阗,6545,阒,1
6551,阙,3205,湃,1
6551,阙,6529,阂,1
6551,阙,6542,阏,1
6551,阙,6552,阚,1
6552,阚,6542,阏,1
6553,阜,57,乒,1
6553,阜,77,争,1
6553,阜,1732,弇,1
6553,阜,2422,早,1
6553,阜,2674,桌,1
6553,阜,4696,耳,1
6553,阜,5952,身,1
6554,阝,46,乃,1
6554,阝,1667,干,1
6558,阪,653,叛,1
6559,阮,1495,居,1
6559,阮,2524,朊,1
6559,阮,5860,跃,1
6559,阮,6594,陲,1
6560,阱,3205,湃,1
6561,防,683,吆,1
6561,防,2439,昉,1
6561,防,2873,殇,1
6561,防,3084,洽,1
6561,防,3244,溶,1
6561,防,4735,肠,1
6561,防,4741,肪,1
6561,防,6555,队,1
6561,防,6569,阿,1
6561,防,6573,际,1
6561,防,6592,陪,1
6562,阳,607,即,1
6562,阳,5867,跐,1
6562,阳,6569,阿,1
6563,阴,2442,明,1
6563,阴,2525,朋,1
6563,阴,2530,朗,1
6563,阴,2532,朝,1
6563,阴,4642,羽,1
6563,阴,4772,胡,1
6563,阴,6560,阱,1
6563,阴,6572,附,1
6564,阵,6573,际,1
6564,阵,6583,陕,1
6565,阶,2044,所,1
6565,阶,6579,陌,1
6565,阶,6580,降,1
6566,阻,754,咀,1
6566,阻,3438,煦,1
6566,阻,6560,阱,1
6566,阻,6562,阳,1
6566,阻,6584,陛,1
6567,阼,2453,昨,1
6567,阼,4041,砟,1
6568,阽,3629,玷,1
6569,阿,747,呵,1
6569,阿,4331,简,1
6569,阿,6562,阳,1
6569,阿,6563,阴,1
6570,陀,2044,所,1
6570,陀,6561,防,1
6570,陀,6589,陧,1
6571,陂,6570,陀,1
6572,附,6563,阴,1
6572,附,6569,阿,1
6573,际,3115,浮,1
6573,际,6204,酝,1
6573,际,6561,防,1
6573,际,6564,阵,1
6573,际,6572,附,1
6573,际,6576,陈,1
6574,陆,6583,陕,1
6574,陆,6592,陪,1
6575,陇,2461,昽,1
6575,陇,3048,泷,1
6575,陇,3683,瑗,1
6575,陇,6561,防,1
6576,陈,417,冻,1
6576,陈,6594,陲,1
6577,陉,1784,径,1
6578,陋,1506,属,1
6578,陋,3383,炳,1
6578,陋,6604,随,1
6579,陌,2454,昭,1
6579,陌,6569,阿,1
6579,陌,6578,陋,1
6579,陌,6590,陨,1
6579,陌,6602,隋,1
6580,降,3172,淬,1
6580,降,6565,阶,1
6581,限,1088,垠,1
6581,限,3635,珉,1
6581,限,5308,蚀,1
6583,陕,3087,浃,1
6583,陕,3370,炔,1
6583,陕,4802,脒,1
6583,陕,6592,陪,1
6584,陛,6592,陪,1
6585,陟,6586,陡,1
6586,陡,1793,徒,1
6586,陡,6585,陟,1
6586,陡,6590,陨,1
6586,陡,6706,韪,1
6587,院,1166,墅,1
6587,院,3411,烷,1
6587,院,3901,皖,1
6587,院,4806,脘,1
6587,院,6559,阮,1
6587,院,6570,陀,1
6587,院,6605,隐,1
6588,除,1387,学,1
6588,除,2355,改,1
6588,除,3164,淙,1
6588,除,4281,笋,1
6588,除,6569,阿,1
6588,除,6574,陆,1
6588,除,6576,陈,1
6588,除,6592,陪,1
6589,陧,6603,隍,1
6590,陨,354,允,1
6590,陨,2197,损,1
6590,陨,6606,隔,1
6590,陨,6715,顷,1
6591,险,790,品,1
6591,险,2505,曈,1
6591,险,3419,焓,1
6591,险,3968,睑,1
6591,险,6573,际,1
6591,险,6577,陉,1
6591,险,6600,隆,1
6592,陪,2252,揞,1
6592,陪,3145,涪,1
6592,陪,6602,隋,1
6592,陪,6974,鲩,1
6593,陬,2698,梆,1
6593,陬,6169,郦,1
6596,陵,3200,港,1
6596,陵,6979,鲮,1
6597,陶,1834,忸,1
6597,陶,2219,掏,1
6597,陶,2874,殉,1
6597,陶,3364,炀,1
6597,陶,4789,胸,1
6597,陶,6570,陀,1
6598,陷,4793,脂,1
6599,隅,6718,顺,1
6600,隆,5810,赎,1
6600,隆,6580,降,1
6600,隆,6585,陟,1
6600,隆,6588,除,1
6600,隆,6591,险,1
6601,隈,6581,限,1
6602,隋,988,嚆,1
6602,隋,2520,替,1
6603,隍,6600,隆,1
6604,随,937,嗵,1
6604,随,6096,遁,1
6604,随,6578,陋,1
6604,随,6586,陡,1
6604,随,6827,馗,1
6605,隐,4213,稳,1
6605,隐,6587,院,1
6605,隐,6588,除,1
6605,隐,6607,隗,1
6605,隐,6789,饮,1
6606,隔,922,嗝,1
6606,隔,5894,踊,1
6606,隔,6598,陷,1
6606,隔,6672,靥,1
6607,隗,6581,限,1
6608,隘,3235,溢,1
6608,隘,6596,陵,1
6609,隙,929,嗦,1
6609,隙,5904,踪,1
6609,隙,6564,阵,1
6609,隙,6573,际,1
6610,障,6556,阡,1
6610,障,6580,降,1
6611,隧,6570,陀,1
6611,隧,6588,除,1
6613,隳,4119,礁,1
6614,隶,3089,浆,1
6614,隶,4179,秉,1
6614,隶,4720,肃,1
6615,隹,215,佳,1
6615,隹,279,倍,1
6617,隽,262,信,1
6617,隽,3222,湾,1
6618,难,754,咀,1
6618,难,846,唯,1
6618,难,1272,妻,1
6618,难,3385,炸,1
6618,难,4085,碓,1
6618,难,6125,邓,1
6618,难,6868,骓,1
6619,雀,3728,瓷,1
6619,雀,3938,省,1
6619,雀,5277,藩,1
6620,雁,633,厩,1
6620,雁,1253,妊,1
6620,雁,2395,斧,1
6620,雁,3299,潍,1
6620,雁,4902,航,1
6621,雄,4085,碓,1
6621,雄,6626,雌,1
6622,雅,5960,轨,1
6622,雅,6868,骓,1
6623,集,1046,坌,1
6623,集,5642,诔,1
6623,集,6250,采,1
6623,集,6616,隼,1
6624,雇,326,傥,1
6624,雇,1437,宿,1
6624,雇,3823,痊,1
6624,雇,5289,虎,1
6624,雇,5738,谷,1
6624,雇,6619,雀,1
6624,雇,6620,雁,1
6626,雌,1584,嵊,1
6626,雌,1587,嵎,1
6626,雌,3299,潍,1
6626,雌,6589,陧,1
6626,雌,6625,雉,1
6627,雍,1615,巩,1
6627,雍,4698,耶,1
6627,雍,6622,雅,1
6628,雎,3969,睚,1
6628,雎,3995,瞧,1
6629,雏,23,丝,1
6629,雏,2004,懈,1
6629,雏,3299,潍,1
6629,雏,5760,貔,1
6629,雏,6628,雎,1
6629,雏,6630,雒,1
6630,雒,6629,雏,1
6631,雕,1657,幄,1
6631,雕,3272,滩,1
6631,雕,3333,濉,1
6631,雕,3972,睢,1
6631,雕,3995,瞧,1
6631,雕,4726,肌,1
6631,雕,6197,配,1
6632,雠,6244,醮,1
6633,雨,42,丽,1
6633,雨,395,再,1
6633,雨,3745,甫,1
6633,雨,4674,而,1
6633,雨,5074,荫,1
6633,雨,6529,阂,1
6634,雩,6638,零,1
6635,雪,456,刍,1
6635,雪,1429,害,1
6635,雪,2519,曾,1
6635,雪,6634,雩,1
6635,雪,6636,雯,1
6637,雳,1642,帛,1
6637,雳,4151,票,1
6637,雳,5192,蒡,1
6637,雳,5290,虏,1
6637,雳,6642,需,1
6638,零,4177,秃,1
6639,雷,6638,零,1
6639,雷,6640,雹,1
6639,雷,6641,雾,1
6639,雷,6644,霄,1
6640,雹,1623,巷,1
6640,雹,7048,鸳,1
6641,雾,6634,雩,1
6641,雾,6638,零,1
6641,雾,6643,霁,1
6641,雾,6649,霍,1
6642,需,896,喘,1
6642,需,987,嚅,1
6642,需,2519,曾,1
6642,需,3338,濡,1
6642,需,5266,薷,1
6642,需,6641,雾,1
6642,需,6643,霁,1
6642,需,6657,霭,1
6643,霁,6653,霖,1
6644,霄,3415,焉,1
6644,霄,4324,筲,1
6644,霄,6646,震,1
6645,霆,6636,雯,1
6645,霆,6662,霾,1
6646,震,1848,怎,1
6646,震,6643,霁,1
6648,霉,3257,滓,1
6648,霉,5552,覃,1
6648,霉,6640,雹,1
6648,霉,6650,霎,1
6648,霉,6653,霖,1
6649,霍,5433,蟊,1
6649,霍,6656,霪,1
6649,霍,6659,露,1
6650,霎,6636,雯,1
6652,霓,405,冤,1
6652,霓,1435,宽,1
6653,霖,6654,霜,1
6654,霜,6657,霭,1
6655,霞,6658,霰,1
6658,霰,6655,霞,1
6659,露,5979,轻,1
6660,霸,5195,蒴,1
6660,霸,5221,蓿,1
6661,霹,4634,群,1
6661,霹,6657,霭,1
6662,霾,6643,霁,1
6663,青,1225,奉,1
6663,青,3894,皆,1
6663,青,3947,眚,1
6663,青,3993,瞢,1
6663,青,4671,者,1
6663,青,5767,责,1
6664,靓,5556,规,1
6665,靖,827,哿,1
6665,靖,954,嘣,1
6665,靖,1327,婧,1
6665,靖,3190,渚,1
6665,靖,4271,端,1
6665,靖,4525,绪,1
6665,靖,4528,绮,1
6665,靖,4574,缟,1
6666,静,4390,籍,1
6666,静,4722,肆,1
6667,靛,2856,歌,1
6667,靛,5333,蛀,1
6667,靛,5580,觳,1
6667,靛,6749,颜,1
6668,非,758,咋,1
6668,非,1809,忄,1
6668,非,2112,拃,1
6668,非,2623,柞,1
6668,非,3447,熄,1
6668,非,4041,砟,1
6668,非,4132,祁,1
6668,非,5133,菲,1
6668,非,5966,轮,1
6668,非,6135,邪,1
6669,靠,3402,烤,1
6669,靠,6292,钚,1
6670,靡,4429,糜,1
6670,靡,4615,罪,1
6671,面,2647,栒,1
6671,面,3891,百,1
6671,面,3937,盾,1
6671,面,4027,码,1
6671,面,5457,血,1
6671,面,6078,通,1
6671,面,6193,酉,1
6672,靥,7111,麝,1
6673,革,587,单,1
6673,革,4942,芋,1
6673,革,4973,芼,1
6673,革,5052,草,1
6673,革,5066,荣,1
6673,革,5170,董,1
6674,靰,4902,航,1
6675,靳,543,勤,1
6675,靳,2396,斩,1
6675,靳,4993,苛,1
6675,靳,5248,蕲,1
6676,靴,5122,菘,1
6677,靶,6768,飘,1
6679,靺,2721,棘,1
6682,靿,539,勒,1
6683,鞁,6675,靳,1
6683,鞁,6686,鞍,1
6684,鞅,6676,靴,1
6685,鞋,583,协,1
6685,鞋,2060,托,1
6685,鞋,6680,靼,1
6685,鞋,6684,鞅,1
6685,鞋,6686,鞍,1
6685,鞋,6868,骓,1
6686,鞍,1774,彰,1
6686,鞍,6677,靶,1
6686,鞍,6683,鞁,1
6686,鞍,6694,鞧,1
6686,鞍,7068,鹈,1
6688,鞒,6673,革,1
6688,鞒,6684,鞅,1
6690,鞘,4649,翔,1
6690,鞘,6675,靳,1
6690,鞘,6683,鞁,1
6691,鞠,5963,轫,1
6695,鞨,4636,羯,1
6695,鞨,7068,鹈,1
6696,鞫,6691,鞠,1
6697,鞭,6667,靛,1
6698,鞯,6690,鞘,1
6698,鞯,7024,鳞,1
6699,鞲,6995,鲾,1
6700,鞴,6695,鞨,1
6700,鞴,6698,鞯,1
6700,鞴,6699,鞲,1
6701,韂,5829,赣,1
6702,韦,1215,夷,1
6702,韦,2948,求,1
6702,韦,4719,肀,1
6702,韦,4937,艿,1
6703,韧,466,初,1
6703,韧,4649,翔,1
6705,韩,6668,非,1
6705,韩,6681,靽,1
6709,韭,1926,悲,1
6709,韭,2355,改,1
6709,韭,5133,菲,1
6709,韭,6668,非,1
6710,音,1768,彦,1
6710,音,2445,昔,1
6710,音,4671,者,1
6711,韵,2366,敖,1
6711,韵,2400,新,1
6711,韵,3944,看,1
6711,韵,5753,豹,1
6711,韵,6196,酌,1
6712,韶,4133,祃,1
6712,韶,5755,貂,1
6712,韶,7064,鹄,1
6713,页,3355,灭,1
6714,顶,2168,挟,1
6714,顶,6715,顷,1
6715,顷,303,倾,1
6715,顷,719,吹,1
6715,顷,1040,圻,1
6715,顷,1048,坎,1
6716,顸,6734,颊,1
6717,项,2356,攻,1
6717,项,2841,次,1
6717,项,6715,顷,1
6718,顺,766,咖,1
6718,顺,1631,师,1
6718,顺,4735,肠,1
6718,顺,6715,顷,1
6719,须,1792,徐,1
6719,须,3626,现,1
6719,须,4478,纹,1
6719,须,4491,织,1
6719,须,4543,绽,1
6719,须,6051,迫,1
6719,须,6724,颀,1
6720,顼,6716,顸,1
6721,顽,1745,弥,1
6722,顾,4038,砚,1
6722,顾,6590,陨,1
6722,顾,6732,颈,1
6722,顾,6739,颐,1
6723,顿,2211,掀,1
6723,顿,5817,赖,1
6723,顿,6132,邢,1
6723,顿,6719,须,1
6723,顿,6720,顼,1
6724,颀,6715,顷,1
6724,颀,6722,顾,1
6725,颁,2844,欤,1
6725,颁,2852,歃,1
6725,颁,4491,织,1
6725,颁,5461,衍,1
6725,颁,6724,颀,1
6726,颂,6719,须,1
6726,颂,6722,顾,1
6726,颂,6725,颁,1
6728,预,3626,现,1
6728,预,4144,祝,1
6728,预,4693,耰,1
6729,颅,6716,顸,1
6729,颅,6719,须,1
6730,领,5558,视,1
6730,领,6299,钡,1
6730,领,6304,钦,1
6730,领,6736,颌,1
6730,领,6742,颔,1
6731,颇,6723,顿,1
6731,颇,6746,颙,1
6731,颇,6752,颟,1
6731,颇,6753,颠,1
6732,颈,4031,砍,1
6732,颈,4067,硕,1
6732,颈,4087,碘,1
6732,颈,6725,颁,1
6732,颈,6730,领,1
6732,颈,6755,颢,1
6734,颊,2842,欢,1
6734,颊,3403,烦,1
6734,颊,5847,趑,1
6736,颌,2368,敛,1
6736,颌,4067,硕,1
6737,颍,303,倾,1
6738,颏,4271,端,1
6739,颐,4873,臣,1
6739,颐,5563,觋,1
6740,频,1603,巅,1
6740,频,2375,敬,1
6740,频,2899,毓,1
6740,频,5558,视,1
6740,频,6729,颅,1
6741,颓,1906,悉,1
6741,颓,6719,须,1
6741,颓,6726,颂,1
6741,颓,6746,颙,1
6742,颔,6732,颈,1
6743,颖,2851,款,1
6743,颖,3785,疑,1
6743,颖,5973,轵,1
6743,颖,6691,鞠,1
6743,颖,6740,频,1
6743,颖,6754,颡,1
6744,颗,5817,赖,1
6744,颗,6746,颙,1
6744,颗,6754,颡,1
6745,题,5841,起,1
6745,题,6735,颋,1
6745,题,6746,颙,1
6745,题,6747,颚,1
6747,颚,6180,鄂,1
6747,颚,6634,雩,1
6748,颛,6740,频,1
6749,颜,6721,顽,1
6749,颜,6752,颟,1
6750,额,2846,欲,1
6750,额,2848,欸,1
6750,额,3612,玖,1
6750,额,3731,甄,1
6750,额,5759,貌,1
6750,额,6755,颢,1
6750,额,6757,颥,1
6753,颠,6730,领,1
6755,颢,1775,影,1
6755,颢,6744,颗,1
6755,颢,7136,黩,1
6756,颤,6738,颏,1
6756,颤,6749,颜,1
6757,颥,5580,觳,1
6757,颥,6754,颡,1
6758,颦,4251,窣,1
6758,颦,5423,螫,1
6759,颧,5256,薇,1
6760,风,163,众,1
6760,风,432,凡,1
6760,风,433,凤,1
6760,风,2958,汛,1
6760,风,6257,金,1
6761,飐,4562,缒,1
6761,飐,5784,贴,1
6763,飒,1615,巩,1
6763,飒,4462,纨,1
6763,飒,4537,绷,1
6763,飒,4646,翊,1
6763,飒,6285,钒,1
6770,飚,1342,媵,1
6771,飞,557,匕,1
6771,飞,641,又,1
6772,食,127,仓,1
6772,食,1858,怠,1
6772,食,2922,气,1
6772,食,3724,瓮,1
6772,食,5479,衾,1
6772,食,6257,金,1
6772,食,7183,龛,1
6773,飧,4743,肭,1
6773,飧,6774,飨,1
6774,飨,4543,绽,1
6774,飨,6773,飧,1
6776,餐,5377,蜜,1
6778,饔,5474,衮,1
6778,饔,6775,餍,1
6779,饕,5514,裟,1
6779,饕,6776,餐,1
6780,饣,30,个,1
6780,饣,126,仑,1
6780,饣,551,包,1
6781,饥,72,乱,1
6781,饥,5599,讥,1
6782,饧,6420,锡,1
6784,饩,2975,汽,1
6784,饩,6799,饸,1
6786,饫,5860,跃,1
6787,饬,6784,饩,1
6788,饭,3761,畈,1
6788,饭,4461,级,1
6788,饭,5773,贩,1
6788,饭,6558,阪,1
6788,饭,6726,颂,1
6788,饭,6786,饫,1
6788,饭,6801,饺,1
6789,饮,140,以,1
6789,饮,168,伞,1
6789,饮,206,你,1
6789,饮,6304,钦,1
6789,饮,6788,饭,1
6790,饯,161,伐,1
6790,饯,3088,浅,1
6790,饯,6795,饴,1
6790,饯,6797,饶,1
6791,饰,580,卉,1
6791,饰,6370,铮,1
6791,饰,6803,饼,1
6792,饱,4512,绝,1
6792,饱,6762,飑,1
6793,饲,553,匈,1
6793,饲,747,呵,1
6793,饲,4481,纽,1
6793,饲,5464,衙,1
6793,饲,5635,词,1
6794,饳,4059,础,1
6795,饴,4042,砣,1
6795,饴,4500,绐,1
6796,饵,3075,洱,1
6796,饵,3150,涵,1
6796,饵,6346,铒,1
6797,饶,236,侥,1
6797,饶,1793,徒,1
6797,饶,4309,筏,1
6797,饶,4467,纭,1
6797,饶,6784,饩,1
6798,饷,6793,饲,1
6799,饸,6354,铝,1
6799,饸,6795,饴,1
6799,饸,6811,馆,1
6800,饹,781,咯,1
6800,饹,4511,络,1
6800,饹,6813,馈,1
6801,饺,2355,改,1
6801,饺,4513,绞,1
6801,饺,5877,跤,1
6801,饺,6719,须,1
6801,饺,6784,饩,1
6801,饺,6788,饭,1
6802,饻,233,依,1
6802,饻,6373,铱,1
6802,饻,6801,饺,1
6803,饼,5924,蹐,1
6803,饼,6787,饬,1
6803,饼,6791,饰,1
6803,饼,6807,馁,1
6805,饿,3219,湫,1
6805,饿,6423,锤,1
6805,饿,6790,饯,1
6806,馀,4521,绦,1
6806,馀,5806,赊,1
6806,馀,6364,铨,1
6806,馀,6365,铩,1
6807,馁,6801,饺,1
6807,馁,6816,馋,1
6808,馃,6418,锞,1
6809,馄,3340,濯,1
6809,馄,6419,锟,1
6810,馅,6821,馑,1
6811,馆,278,倌,1
6811,馆,4544,绾,1
6811,馆,5308,蚀,1
6811,馆,6799,饸,1
6812,馇,904,喳,1
6812,馇,5918,蹅,1
6812,馇,6435,锰,1
6813,馈,6726,颂,1
6813,馈,6800,饹,1
6815,馊,6807,馁,1
6816,馋,291,倥,1
6816,馋,5707,谗,1
6817,馌,916,嗑,1
6817,馌,5308,蚀,1
6818,馍,2498,暝,1
6818,馍,4505,绕,1
6818,馍,4527,续,1
6818,馍,6455,镆,1
6819,馏,3232,溜,1
6819,馏,4547,缁,1
6820,馐,5921,蹉,1
6822,馒,4515,绠,1
6822,馒,4583,缨,1
6826,首,857,商,1
6826,首,2932,氤,1
6826,首,3746,甬,1
6826,首,3891,百,1
6826,首,4324,筲,1
6826,首,4631,羞,1
6826,首,4991,苗,1
6826,首,5952,身,1
6827,馗,3814,疽,1
6829,香,1281,委,1
6829,香,1285,姜,1
6829,香,2421,旨,1
6829,香,2445,昔,1
6829,香,2554,杏,1
6829,香,3505,物,1
6829,香,3773,番,1
6829,香,4175,秀,1
6829,香,4944,芎,1
6829,香,5805,赉,1
6829,香,6254,重,1
6829,香,6262,銮,1
6832,马,52,乌,1
6832,马,664,召,1
6832,马,1460,导,1
6832,马,1491,局,1
6832,马,1738,弓,1
6832,马,3615,玛,1
6832,马,3891,百,1
6833,驭,605,印,1
6833,驭,2373,敦,1
6834,驮,1744,张,1
6834,驮,4836,腰,1
6834,驮,6833,驭,1
6834,驮,6841,驶,1
6835,驯,5606,训,1
6836,驰,2403,施,1
6836,驰,2963,池,1
6837,驱,5954,躯,1
6838,驳,6864,骏,1
6839,驴,6135,邪,1
6842,驷,3028,泗,1
6843,驸,762,咐,1
6844,驹,2527,朐,1
6844,驹,5777,购,1
6844,驹,6856,骆,1
6844,驹,7163,齁,1
6846,驻,1746,弦,1
6846,驻,4799,脏,1
6846,驻,5985,辁,1
6846,驻,6851,骀,1
6847,驼,4911,舵,1
6847,驼,5743,豌,1
6847,驼,5957,軎,1
6847,驼,6836,驰,1
6847,驼,6839,驴,1
6847,驼,6851,骀,1
6848,驽,1748,弩,1
6848,驽,7051,鸷,1
6849,驾,1386,孥,1
6849,驾,2165,挛,1
6849,驾,7032,鸢,1
6849,驾,7048,鸳,1
6850,驿,1871,怿,1
6851,骀,6839,驴,1
6851,骀,6864,骏,1
6852,骁,5356,蛲,1
6853,骂,1386,孥,1
6853,骂,1387,学,1
6853,骂,1624,巽,1
6853,骂,6849,驾,1
6854,骄,4800,脐,1
6854,骄,6866,骑,1
6856,骆,1388,孩,1
6856,骆,3303,潞,1
6856,骆,4063,硌,1
6856,骆,6845,驺,1
6857,骇,6846,驻,1
6858,骈,2278,搛,1
6858,骈,3664,琤,1
6860,骋,3576,猜,1
6860,骋,6883,骤,1
6861,验,2871,殄,1
6861,验,4815,脸,1
6861,验,5985,辁,1
6861,验,6847,驼,1
6861,验,6856,骆,1
6861,验,6869,骖,1
6861,验,6872,骙,1
6862,骍,3489,牂,1
6862,骍,6014,辟,1
6862,骍,6855,骅,1
6862,骍,6867,骒,1
6863,骎,3638,珏,1
6863,骎,6864,骏,1
6863,骎,6880,骡,1
6864,骏,1353,嫚,1
6864,骏,1746,弦,1
6864,骏,3417,焌,1
6864,骏,5784,贴,1
6864,骏,6863,骎,1
6865,骐,6879,骠,1
6866,骑,3574,猗,1
6866,骑,5878,跨,1
6866,骑,6845,驺,1
6870,骗,4094,碥,1
6871,骘,2338,擘,1
6872,骙,3980,睽,1
6874,骛,7097,鹭,1
6877,骞,5919,蹇,1
6878,骟,6870,骗,1
6880,骡,6841,驶,1
6880,骡,6883,骤,1
6880,骡,7011,鳏,1
6881,骢,6880,骡,1
6883,骤,6867,骒,1
6883,骤,6879,骠,1
6885,骧,2346,攘,1
6886,骨,396,冒,1
6886,骨,4745,肯,1
6886,骨,4796,脊,1
6886,骨,4993,苛,1
6886,骨,6940,鲁,1
6890,骷,6891,骸,1
6891,骸,2854,歇,1
6891,骸,6887,骰,1
6893,骼,6213,酪,1
6893,骼,6631,雕,1
6893,骼,7079,鹘,1
6895,髁,6894,髀,1
6896,髂,3914,益,1
6896,髂,6667,靛,1
6896,髂,6893,骼,1
6897,髅,7070,鹊,1
6899,髌,4420,糇,1
6899,髌,6898,髋,1
6901,髓,6887,骰,1
6902,高,101,享,1
6902,高,1869,总,1
6902,高,3770,畜,1
6902,高,4170,禹,1
6902,高,4172,离,1
6902,高,4747,育,1
6902,高,6663,青,1
6903,髟,1773,彭,1
6906,髫,6911,鬃,1
6907,髭,6407,锓,1
6907,髭,6905,髦,1
6909,髹,6911,鬃,1
6911,鬃,6906,髫,1
6911,鬃,6908,髯,1
6914,鬓,6911,鬃,1
6914,鬓,6915,鬟,1
6915,鬟,4714,聚,1
6916,鬣,3452,熙,1
6917,鬯,445,凼,1
6919,鬹,5824,赞,1
6921,鬼,403,冠,1
6921,鬼,4883,舀,1
6921,鬼,5486,袈,1
6921,鬼,6640,雹,1
6922,魁,6926,魅,1
6922,魁,7129,黜,1
6923,魂,4475,纶,1
6924,魃,6926,魅,1
6925,魄,3974,睥,1
6925,魄,6932,魏,1
6927,魆,7129,黜,1
6928,魇,1454,寮,1
6930,魉,6578,陋,1
6930,魉,6929,魈,1
6932,魏,1341,媳,1
6932,魏,1605,巍,1
6932,魏,2794,槐,1
6932,魏,5994,辊,1
6932,魏,6006,辖,1
6932,魏,6881,骢,1
6933,魑,3990,瞒,1
6934,魔,5292,虑,1
6934,魔,7104,鹿,1
6934,魔,7105,麂,1
6935,鱼,2896,每,1
6935,鱼,5305,虽,1
6935,鱼,5457,血,1
6935,鱼,6051,迫,1
6935,鱼,6671,面,1
6935,鱼,7184,龟,1
6937,鱾,6983,鲲,1
6940,鲁,655,叠,1
6940,鲁,7121,黉,1
6941,鲂,538,勐,1
6941,鲂,4476,纷,1
6941,鲂,6945,鲇,1
6943,鲅,6979,鲮,1
6945,鲇,6954,鲐,1
6946,鲈,4778,胪,1
6946,鲈,5971,轳,1
6946,鲈,6839,驴,1
6947,鲉,5327,蚰,1
6948,鲊,5328,蚱,1
6949,鲋,5870,跗,1
6949,鲋,6970,鲥,1
6951,鲍,4042,砣,1
6951,鲍,4512,绝,1
6951,鲍,5868,跑,1
6951,鲍,6119,邀,1
6951,鲍,6950,鲌,1
6952,鲎,1130,堂,1
6952,鲎,3187,渔,1
6953,鲏,3905,皱,1
6953,鲏,6975,鲪,1
6954,鲐,5862,跆,1
6956,鲒,6955,鲑,1
6957,鲔,6347,铕,1
6957,鲔,6978,鲭,1
6958,鲕,6985,鲴,1
6959,鲙,6954,鲐,1
6961,鲛,7103,鹾,1
6962,鲜,4494,绊,1
6965,鲠,1442,寇,1
6966,鲡,6227,酾,1
6967,鲢,6955,鲑,1
6969,鲤,3523,犨,1
6969,鲤,3608,王,1
6969,鲤,6314,钰,1
6969,鲤,6390,锂,1
6969,鲤,6942,鲃,1
6969,鲤,7003,鳇,1
6970,鲥,6949,鲋,1
6970,鲥,6988,鲷,1
6971,鲦,6990,鲹,1
6972,鲧,2370,敞,1
6972,鲧,6971,鲦,1
6973,鲨,4339,箜,1
6973,鲨,4382,簠,1
6974,鲩,2899,毓,1
6974,鲩,6989,鲸,1
6974,鲩,6996,鳀,1
6976,鲫,614,卿,1
6976,鲫,6139,邰,1
6977,鲬,3246,溺,1
6978,鲭,7024,鳞,1
6980,鲯,6947,鲉,1
6980,鲯,7136,黩,1
6983,鲲,2921,氓,1
6984,鲳,6776,餐,1
6985,鲴,6988,鲷,1
6987,鲶,3268,滤,1
6987,鲶,6942,鲃,1
6988,鲷,4538,绸,1
6989,鲸,2374,敫,1
6989,鲸,4212,稣,1
6989,鲸,6230,醇,1
6989,鲸,6961,鲛,1
6989,鲸,6964,鲟,1
6991,鲺,6942,鲃,1
6995,鲾,505,副,1
6997,鳁,6969,鲤,1
6997,鳁,6984,鲳,1
6999,鳃,6951,鲍,1
6999,鳃,6998,鳂,1
7000,鳄,6441,锷,1
7000,鳄,7013,鳑,1
7001,鳅,6995,鲾,1
7002,鳆,1965,愎,1
7003,鳇,7004,鳈,1
7004,鳈,4836,腰,1
7004,鳈,5437,蟓,1
7004,鳈,6996,鳀,1
7005,鳉,6935,鱼,1
7006,鳊,5915,蹁,1
7006,鳊,5956,躺,1
7006,鳊,7010,鳎,1
7008,鳌,6269,鏊,1
7008,鳌,6914,鬓,1
7009,鳍,4567,缗,1
7009,鳍,6489,镨,1
7010,鳎,5923,蹋,1
7010,鳎,6983,鲲,1
7010,鳎,6984,鲳,1
7012,鳐,5443,蟹,1
7012,鳐,6972,鲧,1
7012,鳐,6987,鲶,1
7013,鳑,5438,蟛,1
7013,鳑,7023,鳝,1
7014,鳓,3734,甑,1
7016,鳕,7020,鳙,1
7017,鳖,3994,瞥,1
7018,鳗,5553,覆,1
7024,鳞,4117,磷,1
7024,鳞,5936,蹰,1
7024,鳞,6996,鳀,1
7029,鸟,409,冯,1
7029,鸟,1384,季,1
7029,鸟,6832,马,1
7030,鸠,1252,妈,1
7030,鸠,1337,媚,1
7030,鸠,2200,捣,1
7030,鸠,2790,槁,1
7030,鸠,7039,鸪,1
7031,鸡,739,呜,1
7031,鸡,1057,坞,1
7031,鸡,2185,捃,1
7031,鸡,7033,鸣,1
7031,鸡,7035,鸥,1
7032,鸢,5023,茑,1
7033,鸣,400,写,1
7033,鸣,701,吟,1
7033,鸣,865,啤,1
7034,鸤,1057,坞,1
7035,鸥,830,唇,1
7035,鸥,3615,玛,1
7035,鸥,4027,码,1
7035,鸥,6789,饮,1
7035,鸥,7046,鸱,1
7036,鸦,3674,琳,1
7036,鸦,6135,邪,1
7036,鸦,6860,骋,1
7036,鸦,7031,鸡,1
7038,鸩,7064,鹄,1
7039,鸪,7053,鸹,1
7040,鸫,4197,移,1
7040,鸫,6695,鞨,1
7040,鸫,7036,鸦,1
7042,鸭,6596,陵,1
7044,鸯,2217,掌,1
7044,鸯,7050,鸶,1
7045,鸰,7043,鸮,1
7046,鸱,7035,鸥,1
7047,鸲,1202,够,1
7048,鸳,3950,眢,1
7048,鸳,7044,鸯,1
7048,鸳,7050,鸶,1
7048,鸳,7058,鸾,1
7048,鸳,7099,鹰,1
7049,鸵,1063,坨,1
7049,鸵,4792,能,1
7049,鸵,6846,驻,1
7049,鸵,7043,鸮,1
7052,鸸,4076,确,1
7052,鸸,6203,酚,1
7052,鸸,7036,鸦,1
7052,鸸,7062,鹂,1
7052,鸸,7067,鹇,1
7053,鸹,7039,鸪,1
7054,鸺,7055,鸻,1
7055,鸻,5460,行,1
7056,鸼,7067,鹇,1
7057,鸽,1792,徐,1
7057,鸽,6352,铛,1
7057,鸽,7038,鸩,1
7057,鸽,7053,鸹,1
7057,鸽,7055,鸻,1
7057,鸽,7059,鸿,1
7057,鸽,7064,鹄,1
7057,鸽,7066,鹆,1
7058,鸾,1751,弯,1
7058,鸾,5353,蛮,1
7059,鸿,739,呜,1
7059,鸿,1464,将,1
7059,鸿,1517,屿,1
7059,鸿,3051,泻,1
7059,鸿,3203,游,1
7059,鸿,3290,漯,1
7059,鸿,6564,阵,1
7059,鸿,7033,鸣,1
7059,鸿,7034,鸤,1
7060,鹀,3615,玛,1
7061,鹁,4705,聃,1
7063,鹃,2486,晶,1
7063,鹃,5899,踞,1
7063,鹃,6203,酚,1
7063,鹃,7043,鸮,1
7063,鹃,7047,鸲,1
7063,鹃,7070,鹊,1
7063,鹃,7079,鹘,1
7064,鹄,5395,蝎,1
7064,鹄,7037,鸨,1
7064,鹄,7043,鸮,1
7065,鹅,2684,档,1
7065,鹅,7039,鸪,1
7065,鹅,7056,鸼,1
7065,鹅,7059,鸿,1
7065,鹅,7069,鹉,1
7066,鹆,7043,鸮,1
7066,鹆,7075,鹐,1
7067,鹇,7065,鹅,1
7069,鹉,7077,鹕,1
7070,鹊,4027,码,1
7070,鹊,5172,葫,1
7070,鹊,6712,韶,1
7070,鹊,7063,鹃,1
7070,鹊,7064,鹄,1
7070,鹊,7080,鹚,1
7070,鹊,7092,鹨,1
7071,鹋,7070,鹊,1
7071,鹋,7081,鹛,1
7073,鹎,654,叟,1
7073,鹎,7072,鹌,1
7074,鹏,467,删,1
7075,鹐,4270,竭,1
7075,鹐,7052,鸸,1
7075,鹐,7080,鹚,1
7076,鹑,7040,鸫,1
7076,鹑,7073,鹎,1
7077,鹕,3994,瞥,1
7077,鹕,6222,酶,1
7077,鹕,7076,鹑,1
7078,鹗,7043,鸮,1
7078,鹗,7077,鹕,1
7080,鹚,7078,鹗,1
7081,鹛,7063,鹃,1
7081,鹛,7080,鹚,1
7082,鹜,1748,弩,1
7082,鹜,7081,鹛,1
7083,鹝,2877,殍,1
7084,鹞,6398,锊,1
7084,鹞,7082,鹜,1
7086,鹠,7083,鹝,1
7087,鹡,7069,鹉,1
7087,鹡,7071,鹋,1
7088,鹣,7084,鹞,1
7089,鹤,7059,鸿,1
7089,鹤,7064,鹄,1
7090,鹦,7084,鹞,1
7090,鹦,7098,鹮,1
7091,鹧,7088,鹣,1
7092,鹨,7091,鹧,1
7092,鹨,7131,黟,1
7093,鹩,1774,彰,1
7093,鹩,7087,鹡,1
7093,鹩,7092,鹨,1
7094,鹪,7066,鹆,1
7094,鹪,7093,鹩,1
7095,鹫,7051,鸷,1
7095,鹫,7058,鸾,1
7095,鹫,7094,鹪,1
7096,鹬,7083,鹝,1
7096,鹬,7086,鹠,1
7096,鹬,7095,鹫,1
7097,鹭,7048,鸳,1
7099,鹰,4822,腐,1
7100,鹱,2897,毐,1
7101,鹲,7068,鹈,1
7104,鹿,434,凫,1
7104,鹿,1504,展,1
7105,麂,5814,赓,1
7106,麇,1720,廪,1
7106,麇,3878,癃,1
7106,麇,5281,蘑,1
7106,麇,7107,麈,1
7107,麈,1713,廑,1
7110,麓,4368,篪,1
7111,麝,7108,麋,1
7112,麟,7109,麒,1
7113,麦,1228,奏,1
7113,麦,1272,妻,1
7113,麦,4668,老,1
7113,麦,4927,艮,1
7113,麦,5083,荽,1
7113,麦,5767,责,1
7114,麴,554,匍,1
7116,麻,1648,席,1
7116,麻,1698,庥,1
7117,麽,1368,嬷,1
7117,麽,1716,廖,1
7117,麽,4113,磨,1
7118,麾,3710,璧,1
7119,黄,1886,恧,1
7119,黄,5055,荑,1
7119,黄,5170,董,1
7119,黄,5397,蝗,1
7120,黇,2003,懂,1
7120,黇,5183,蒈,1
7120,黇,5266,薷,1
7121,黉,910,喾,1
7121,黉,5353,蛮,1
7122,黍,1744,张,1
7122,黍,2538,本,1
7122,黍,3043,泰,1
7122,黍,3178,添,1
7122,黍,3360,灸,1
7122,黍,4177,秃,1
7123,黎,3515,犁,1
7123,黎,4714,聚,1
7125,黑,965,嘿,1
7125,黑,1176,墨,1
7125,黑,1429,害,1
7125,黑,4442,累,1
7125,黑,4616,置,1
7125,黑,5585,詈,1
7126,黔,701,吟,1
7126,黔,1775,影,1
7126,黔,2379,敷,1
7126,黔,3619,玢,1
7126,黔,4706,聆,1
7126,黔,7130,黝,1
7127,默,6938,鱿,1
7129,黜,7127,默,1
7129,黜,7130,黝,1
7129,黜,7134,黥,1
7131,黟,1204,夥,1
7133,黢,7126,黔,1
7133,黢,7131,黟,1
7133,黢,7138,黯,1
7134,黥,6879,骠,1
7134,黥,7136,黩,1
7134,黥,7138,黯,1
7135,黧,3441,煮,1
7135,黧,6265,錾,1
7137,黪,5362,蜀,1
7137,黪,5882,路,1
7138,黯,3278,漆,1
7138,黯,6232,醋,1
7138,黯,7132,黠,1
7139,黹,5085,莆,1
7145,鼎,1578,崭,1
7150,鼙,4717,聱,1
7151,鼠,3176,混,1
7151,鼠,4609,罚,1
7152,鼢,5573,觞,1
7153,鼩,4531,绱,1
7153,鼩,7152,鼢,1
7154,鼫,4497,绍,1
7154,鼫,6887,骰,1
7158,鼷,5922,蹊,1
7158,鼷,7159,鼹,1
7159,鼹,654,叟,1
7159,鼹,7156,鼯,1
7160,鼻,2465,晋,1
7160,鼻,2480,晨,1
7163,齁,513,劓,1
7163,齁,7157,鼱,1
7165,齉,7163,齁,1
7166,齐,59,乔,1
7166,齐,699,吝,1
7166,齐,1728,弁,1
7166,齐,3796,疢,1
7166,齐,5738,谷,1
7168,齿,598,卤,1
7168,齿,1816,忐,1
7168,齿,5746,象,1
7170,龁,7165,齉,1
7172,龄,2372,散,1
7172,龄,7179,龋,1
7173,龅,7171,龃,1
7174,龆,1242,奶,1
7174,龆,7177,龉,1
7175,龇,1261,妣,1
7175,龇,5314,蚍,1
7175,龇,7169,龀,1
7176,龈,5875,跟,1
7176,龈,7178,龊,1
7178,龊,7171,龃,1
7179,龋,6791,饰,1
7181,龙,138,代,1
7181,龙,432,凡,1
7181,龙,1125,培,1
7181,龙,1477,尤,1
7181,龙,1487,尼,1
7181,龙,2014,戈,1
7181,龙,2401,方,1
7181,龙,3357,灰,1
7182,龚,1231,奕,1
7182,龚,4284,笔,1
7182,龚,5377,蜜,1
7183,龛,3724,瓮,1
7184,龟,364,兔,1
7184,龟,2416,无,1
7184,龟,4512,绝,1
7184,龟,5554,见,1
7184,龟,6921,鬼,1
7185,龠,4639,羸,1
