target,target_label,prediction,prediction_label,count
2780,榛,2764,楱,43
7029,鸟,52,乌,37
7033,鸣,739,呜,37
2512,曰,2418,日,36
660,叨,678,叼,34
3970,睛,2485,晴,34
656,口,999,囗,32
5677,诸,3190,渚,31
1370,子,1371,孑,30
1620,已,1619,己,30
3062,洒,6201,酒,29
2074,扶,2083,抉,27
5719,谤,3250,滂,27
6397,锉,4016,矬,27
5595,计,2947,汁,26
5674,诵,3125,涌,25
2946,汀,5596,订,24
3481,父,2352,攵,24
5372,蜓,5371,蜒,24
576,千,1667,干,23
1210,夭,1206,天,23
1619,己,1620,已,23
1620,已,1621,巳,23
1621,巳,1620,已,23
5680,读,3184,渎,23
5691,谆,3175,淳,23
5703,谓,3199,渭,23
5728,谭,3307,潭,23
739,呜,7033,鸣,22
2418,日,2512,曰,22
5697,谍,3198,渫,22
1184,士,598,卤,21
2949,汆,2945,氽,21
4265,竟,4264,竞,21
5145,萎,5186,蒌,21
5620,讽,3001,沨,21
5651,话,3082,活,21
5652,诞,3126,涎,21
5666,语,3116,浯,21
5671,诲,3118,海,21
5676,请,3180,清,21
5828,赢,5445,蠃,21
51,之,6021,辶,20
480,刺,490,剌,20
4296,第,4295,笫,20
4338,算,4332,箅,20
4747,育,4727,肓,19
5621,设,2995,没,19
5628,诅,3006,沮,19
5649,诛,3064,洙,19
5724,谩,3288,漫,19
2235,掰,2290,搿,18
3288,漫,5724,谩,18
3864,瘦,3853,瘐,18
5639,译,3053,泽,18
6576,陈,6564,阵,18
60,乖,61,乘,17
99,亨,101,享,17
3055,洁,5646,诘,17
3123,消,3159,淌,17
3180,清,5676,请,17
3935,盹,4742,肫,17
4264,竞,4265,竟,17
5524,裸,4158,祼,17
5660,详,3058,洋,17
5686,谁,3173,淮,17
6368,铬,6369,铭,17
7030,鸠,7038,鸩,17
1144,堤,2249,提,16
2947,汁,5595,计,16
2956,汕,5604,讪,16
3126,涎,5652,诞,16
3623,玫,3616,玟,16
4411,粱,2695,梁,16
5618,论,2999,沦,16
5656,询,3079,洵,16
5700,谐,3216,湝,16
5731,谰,3322,澜,16
415,冶,3012,治,15
449,刁,448,刀,15
2485,晴,3970,睛,15
2496,暖,2499,暧,15
2945,氽,2949,汆,15
2958,汛,5608,讯,15
3082,活,5651,话,15
3902,皙,2484,晳,15
4675,耍,5551,要,15
4725,肋,523,助,15
4947,芒,4952,芝,15
5596,订,2946,汀,15
5608,讯,2958,汛,15
6423,锤,6444,锺,15
54,乎,2052,手,14
262,信,279,倍,14
578,升,1727,开,14
1048,坎,1056,坝,14
1185,壬,3608,王,14
1888,恩,1857,思,14
2370,敞,2369,敝,14
3099,浑,5662,诨,14
3125,涌,5674,诵,14
3284,漠,5714,谟,14
3623,玫,3612,玖,14
3909,盂,1382,孟,14
5041,茵,5118,菌,14
5106,获,5107,莸,14
5249,蕴,5247,蕰,14
5732,谱,3315,潽,14
15,且,2419,旦,13
999,囗,656,口,13
1027,土,598,卤,13
1784,径,4499,经,13
1807,徽,1803,微,13
1905,悄,1941,惝,13
2083,抉,2074,扶,13
2997,沤,5612,讴,13
2999,沦,5618,论,13
3083,洼,5644,诖,13
3118,海,5671,诲,13
3275,滴,5725,谪,13
5483,袄,4134,祆,13
5693,谈,3168,淡,13
6025,迁,6026,迂,13
57,乒,380,兵,12
162,休,195,体,12
1456,寸,2053,扌,12
1796,徘,4529,绯,12
2650,栗,4405,粟,12
2908,毫,106,亳,12
2962,江,2950,汇,12
3058,洋,5660,详,12
3173,淮,5686,谁,12
3175,淳,5691,谆,12
3972,睢,6628,雎,12
4001,瞳,2505,曈,12
4775,胧,2461,昽,12
5550,西,6193,酉,12
5702,谒,3202,渴,12
6743,颖,6737,颍,12
192,住,6615,隹,11
279,倍,262,信,11
433,凤,6760,风,11
490,剌,480,刺,11
539,勒,543,勤,11
777,咪,746,味,11
1797,徙,1793,徒,11
1857,思,1888,恩,11
2141,拨,2126,拔,11
2423,旬,3755,甸,11
2466,晌,798,响,11
2484,晳,3902,皙,11
2537,末,2536,未,11
2966,汨,2967,汩,11
2967,汩,2966,汨,11
2977,沁,3022,泌,11
3035,波,5638,诐,11
3322,澜,5731,谰,11
3755,甸,2423,旬,11
3814,疽,3811,疸,11
5019,茉,5038,茱,11
5029,茛,5096,莨,11
5199,蒽,5179,葸,11
5388,蜻,5409,蝽,11
5633,诋,3031,泜,11
5681,诼,3152,涿,11
5828,赢,1367,嬴,11
6017,辩,6018,辫,11
6026,迂,6025,迁,11
7108,麋,7106,麇,11
129,仕,151,任,10
152,份,172,伤,10
352,儿,431,几,10
355,元,2416,无,10
431,几,352,儿,10
678,叼,660,叨,10
1277,姐,1270,妲,10
1349,嫒,1338,媛,10
1709,庾,1712,廋,10
1742,弛,6836,驰,10
1850,怒,1879,恕,10
1934,惊,1933,惇,10
2352,攵,1191,夂,10
2667,桃,2162,挑,10
2772,榆,2243,揄,10
2957,汗,5600,讦,10
3006,沮,5628,诅,10
3009,河,5626,诃,10
3039,泪,3006,沮,10
3053,泽,5639,译,10
3063,洗,5650,诜,10
3191,渝,5705,谕,10
3307,潭,5728,谭,10
3447,熄,3453,熜,10
3570,猎,3583,猪,10
3612,玖,3623,玫,10
4436,系,4435,糸,10
4595,缴,3331,激,10
4754,肿,4757,胂,10
4952,芝,4947,芒,10
5042,茶,5082,荼,10
5096,莨,5029,茛,10
5605,讫,2955,汔,10
5615,讷,2969,汭,10
5690,谅,5691,谆,10
5787,贷,5771,货,10
5864,跌,5856,趺,10
6017,辩,6016,辨,10
6032,运,6040,远,10
6213,酪,6212,酩,10
6304,钦,6299,钡,10
6413,错,6411,锗,10
6562,阳,6563,阴,10
52,乌,7029,鸟,9
344,僳,323,傈,9
358,兆,559,北,9
396,冒,2441,昌,9
418,冼,3063,洗,9
604,卯,609,卵,9
639,叁,640,参,9
1208,夫,1209,夬,9
1384,季,2553,李,9
1562,峰,1549,峄,9
2228,控,2163,挖,9
2536,未,2537,末,9
2539,札,2055,扎,9
2561,束,2628,柬,9
2564,来,4677,耒,9
2624,柠,2140,拧,9
2628,柬,2561,束,9
2666,桂,2157,挂,9
3063,洗,418,冼,9
3104,浙,3155,淅,9
3113,浩,5669,诰,9
3199,渭,5703,谓,9
3476,爪,3717,瓜,9
3847,瘁,3825,痒,9
4008,矛,76,予,9
4262,竖,1053,坚,9
4310,筐,4344,箧,9
4434,糵,5282,蘖,9
4435,糸,4436,系,9
4527,续,3184,渎,9
4744,肮,2524,朊,9
4769,胜,4808,脞,9
4996,苟,4992,苘,9
5106,获,5081,荻,9
5116,菇,5044,茹,9
5258,薛,5259,薜,9
5736,谵,3329,澹,9
6201,酒,3062,洒,9
6399,锋,6343,铎,9
6760,风,392,冈,9
33,中,3752,申,8
58,乓,380,兵,8
102,京,101,享,8
118,仅,646,反,8
246,便,221,使,8
281,倒,226,例,8
423,凇,3166,淞,8
557,匕,3,七,8
692,向,196,何,8
758,咋,2453,昨,8
807,哗,805,哔,8
1010,园,1017,国,8
1228,奏,4189,秦,8
1371,孑,1370,子,8
1375,字,1402,宇,8
1699,度,1682,庋,8
1829,快,1849,怏,8
1849,怏,1829,快,8
1970,感,1936,惑,8
1988,慨,2770,概,8
2017,戌,2018,戍,8
2018,戍,2021,成,8
2105,抵,2076,扺,8
2428,旱,2422,早,8
2585,析,2092,折,8
2642,栋,2644,栎,8
2645,栏,2139,拦,8
2693,桶,2186,捅,8
2693,桶,2694,桷,8
2719,棒,2201,捧,8
2818,橇,2321,撬,8
2894,毋,2895,母,8
2921,氓,3042,泯,8
2995,没,5621,设,8
3161,淑,3226,溆,8
3183,渍,3224,溃,8
3608,王,86,五,8
3616,玟,3623,玫,8
3853,瘐,3864,瘦,8
3932,盲,4727,肓,8
4024,矾,4039,砜,8
4137,祎,5485,袆,8
4146,祟,1567,崇,8
4158,祼,5524,裸,8
4509,绚,1786,徇,8
4517,绢,3128,涓,8
4517,绢,4555,缉,8
4588,缭,3306,潦,8
4618,署,2495,暑,8
4854,膛,3992,瞠,8
4950,芙,5059,荚,8
5101,莱,5123,菜,8
5395,蝎,5447,蠋,8
5561,觉,367,党,8
5625,诂,3014,沽,8
5626,诃,3009,河,8
5637,诏,3013,沼,8
5644,诖,3083,洼,8
5735,谴,6110,遣,8
6052,迭,6067,选,8
6054,述,6073,逑,8
6148,邻,6159,郐,8
6193,酉,5550,西,8
6237,醒,6219,酲,8
6286,钓,6305,钧,8
6397,锉,6387,铿,8
7070,鹊,7071,鹋,8
51,之,93,亡,7
172,伤,152,份,7
252,俏,284,倘,7
340,僬,3426,焦,7
438,凳,3889,登,7
446,函,445,凼,7
469,刨,465,创,7
543,勤,539,勒,7
549,勿,552,匆,7
581,半,34,丰,7
719,吹,735,呗,7
745,呲,703,吡,7
842,唧,877,啷,7
929,嗦,913,嗉,7
1045,坊,1032,圬,7
1118,域,1108,城,7
1213,失,1211,央,7
1249,妄,1273,妾,7
1278,姑,1287,姞,7
1382,孟,3909,盂,7
1420,客,1434,容,7
1426,宫,1411,官,7
1471,尖,1472,尘,7
1476,尢,1477,尤,7
1568,崎,1552,峙,7
1611,工,62,乙,7
1726,廿,3736,甘,7
1807,徽,1804,徵,7
2018,戍,2017,戌,7
2239,掸,2215,掉,7
2452,昧,746,味,7
2457,昴,2436,昂,7
2461,昽,3954,眬,7
2494,暌,3980,睽,7
2495,暑,4618,署,7
2499,暧,2496,暖,7
2535,木,2538,本,7
2569,杭,2091,抗,7
2579,板,2073,扳,7
2590,果,2572,杲,7
2593,枢,2096,抠,7
2612,柏,2680,桕,7
2648,栓,2149,拴,7
2695,梁,4411,粱,7
2803,槽,4430,糟,7
2809,模,2305,摸,7
2944,永,2942,水,7
2987,沐,3005,沭,7
3014,沽,5625,诂,7
3021,泊,3060,洎,7
3145,涪,3116,浯,7
3156,淆,3108,浠,7
3172,淬,5692,谇,7
3184,渎,5680,读,7
3202,渴,5702,谒,7
3214,湛,5696,谌,7
3277,漂,3238,溧,7
3481,父,1191,夂,7
3694,瑷,3683,瑗,7
3884,癞,3886,癫,7
3949,眠,3962,眼,7
4050,砰,4021,矸,7
4191,秩,4190,秧,7
4405,粟,2650,栗,7
4431,糠,4426,糖,7
4476,纷,2976,汾,7
4490,细,188,佃,7
4498,绎,4510,绛,7
4530,绰,3162,淖,7
4545,绿,3182,渌,7
4659,翩,4660,翮,7
4775,胧,3954,眬,7
4933,艹,1725,廾,7
4992,苘,5046,茼,7
4996,苟,5047,荀,7
5200,蒿,5214,蓠,7
5258,薛,5272,藓,7
5470,表,28,丧,7
5495,袪,4142,祛,7
5511,裕,5500,袷,7
5558,视,4144,祝,7
5646,诘,3055,洁,7
5662,诨,3099,浑,7
5675,诶,3131,涘,7
5705,谕,3191,渝,7
5706,谖,3221,湲,7
5877,跤,5890,跻,7
6018,辫,6017,辩,7
6085,逢,6064,逄,7
6212,酩,6213,酪,7
6305,钧,6286,钓,7
6307,钩,6305,钧,7
6411,锗,6413,错,7
6509,问,6515,间,7
6536,阉,6531,阄,7
6619,雀,1569,崔,7
6727,颃,6721,顽,7
6849,驾,2605,架,7
6961,鲛,6960,鲚,7
7049,鸵,6847,驼,7
7057,鸽,7066,鹆,7
49,么,1672,幺,6
86,五,3608,王,6
122,今,139,令,6
138,代,161,伐,6
146,仲,183,伸,6
161,伐,138,代,6
164,优,160,伏,6
178,伯,214,佰,6
183,伸,146,仲,6
213,佯,181,伴,6
221,使,246,便,6
355,元,94,亢,6
550,匀,658,句,6
553,匈,548,勾,6
682,各,699,吝,6
699,吝,682,各,6
701,吟,741,呤,6
712,吮,711,吭,6
757,咆,738,呛,6
942,嘁,891,喊,6
1003,回,1001,四,6
1011,困,1013,围,6
1017,国,1013,围,6
1075,垃,2118,拉,6
1197,夕,547,勺,6
1251,妇,1245,好,6
1270,妲,1277,姐,6
1385,孤,1747,弧,6
1721,廴,1372,孓,6
1723,廷,1722,延,6
1753,弹,2881,殚,6
1796,徘,272,俳,6
1803,微,1804,徵,6
2023,戒,2019,戎,6
2053,扌,1456,寸,6
2086,抒,2577,杼,6
2097,抡,2098,抢,6
2098,抢,2097,抡,6
2104,抱,2098,抢,6
2135,拢,2072,扰,6
2194,捐,2251,揖,6
2201,捧,2719,棒,6
2416,无,355,元,6
2423,旬,658,句,6
2430,时,4729,肘,6
2469,晓,804,哓,6
2527,朐,4789,胸,6
2542,朴,2056,扑,6
2556,村,2555,材,6
2573,杳,2626,查,6
2591,枝,2080,技,6
2607,枸,2581,构,6
2616,染,2695,梁,6
2626,查,2573,杳,6
2631,柱,2113,拄,6
2737,椋,2735,椁,6
2753,楔,2260,揳,6
2781,榜,2275,搒,6
2813,樱,2310,撄,6
2860,此,2900,比,6
2962,江,5601,讧,6
2975,汽,2955,汔,6
3001,沨,5620,讽,6
3113,浩,3055,洁,6
3127,涑,3134,涞,6
3168,淡,5693,谈,6
3235,溢,5720,谥,6
3561,狸,3582,猩,6
3623,玫,2355,改,6
3825,痒,3847,瘁,6
3908,皿,1001,四,6
3930,盯,3756,町,6
3954,眬,2461,昽,6
3956,眯,2452,昧,6
3959,眷,2451,春,6
3989,瞑,2498,暝,6
4290,笤,4276,笃,6
4290,笤,4288,笞,6
4327,筹,4306,等,6
4426,糖,2284,搪,6
4505,绕,236,侥,6
4566,编,309,偏,6
4570,缚,322,傅,6
4595,缴,1806,徼,6
4826,腔,4857,膣,6
4961,芫,4951,芜,6
4991,苗,5041,茵,6
4993,苛,4996,苟,6
5008,苹,5090,莘,6
5044,茹,5116,菇,6
5067,荤,5069,荦,6
5123,菜,5101,莱,6
5177,葵,5228,蔡,6
5281,蘑,4113,磨,6
5282,蘖,4434,糵,6
5333,蛀,5352,蛭,6
5445,蠃,1367,嬴,6
5480,衿,5491,袗,6
5517,裤,5537,褥,6
5523,裴,5504,装,6
5604,讪,2956,汕,6
5612,讴,2997,沤,6
5623,诀,413,决,6
5640,诒,3012,治,6
5667,诮,3123,消,6
5686,谁,4534,维,6
5690,谅,424,凉,6
5695,谋,5697,谍,6
5718,谣,6111,遥,6
5797,赁,435,凭,6
5968,轰,4704,聂,6
6021,辶,51,之,6
6066,逆,6057,迸,6
6099,遇,6101,遏,6
6171,部,6163,郚,6
6303,钥,6326,钼,6
6303,钥,6353,铜,6
6307,钩,6286,钓,6
6484,镣,4588,缭,6
6563,阴,6562,阳,6
6628,雎,3972,睢,6
6829,香,3773,番,6
6857,骇,1388,孩,6
6874,骛,7082,鹜,6
7082,鹜,6874,骛,6
7106,麇,7108,麋,6
7125,黑,4612,罢,6
28,丧,5470,表,5
33,中,1625,巾,5
79,二,92,亠,5
82,亏,1738,弓,5
82,亏,2401,方,5
106,亳,2908,毫,5
118,仅,142,仪,5
127,仓,126,仑,5
139,令,55,乏,5
174,伦,4475,纶,5
184,伺,196,何,5
196,何,692,向,5
198,佘,199,余,5
214,佰,178,伯,5
323,傈,344,僳,5
372,八,370,入,5
382,具,638,县,5
407,冫,2943,氵,5
413,决,5623,诀,5
415,冶,5640,诒,5
418,冼,5650,诜,5
419,冽,3059,洌,5
455,刊,458,刑,5
547,勺,1197,夕,5
598,卤,1027,土,5
599,卦,6279,钋,5
619,厉,689,后,5
627,原,625,厚,5
644,友,2350,支,5
658,句,550,匀,5
671,右,4019,石,5
675,司,67,习,5
682,各,688,名,5
785,咸,2021,成,5
846,唯,6618,难,5
936,嗳,2499,暧,5
1001,四,1000,囚,5
1011,困,1008,囤,5
1155,塔,2286,搭,5
1191,夂,2352,攵,5
1296,威,785,咸,5
1534,岣,1550,峋,5
1557,峦,1875,恋,5
1569,崔,6619,雀,5
1619,己,62,乙,5
1621,巳,1622,巴,5
1623,巷,610,卷,5
1711,廊,1715,廓,5
1722,延,1723,廷,5
1858,怠,1838,忿,5
1930,悼,1951,惮,5
1956,惶,3433,煌,5
2021,成,2018,戍,5
2052,手,54,乎,5
2080,技,2591,枝,5
2100,报,2073,扳,5
2125,拓,2618,柘,5
2126,拔,2141,拨,5
2135,拢,1077,垅,5
2162,挑,2667,桃,5
2163,挖,2228,控,5
2168,挟,2083,抉,5
2176,挨,2199,换,5
2183,挽,2199,换,5
2194,捐,2192,捎,5
2195,捕,2273,搏,5
2207,捶,2728,棰,5
2231,措,2252,揞,5
2249,提,2188,捉,5
2323,撮,2292,摄,5
2358,政,3623,玫,5
2370,敞,2375,敬,5
2380,文,1191,夂,5
2418,日,2522,月,5
2436,昂,2457,昴,5
2442,明,2525,朋,5
2452,昧,3967,睐,5
2468,晒,791,哂,5
2505,曈,4001,瞳,5
2570,杯,2088,抔,5
2580,极,2100,报,5
2580,极,2579,板,5
2580,极,2589,枚,5
2616,染,2615,柒,5
2621,柜,2124,拒,5
2630,柰,1224,奈,5
2632,柳,2085,抑,5
2662,栽,5981,载,5
2678,桓,1878,恒,5
2678,桓,2621,柜,5
2704,梧,2184,捂,5
2713,检,2198,捡,5
2736,椅,2218,掎,5
2739,椎,2229,推,5
2768,楼,2269,搂,5
2808,樟,2700,梓,5
2829,檀,2332,擅,5
2938,氮,2937,氪,5
2994,沟,3017,泃,5
3004,沫,5642,诔,5
3006,沮,3039,泪,5
3009,河,6509,问,5
3012,治,3015,沾,5
3012,治,3016,沿,5
3012,治,5640,诒,5
3029,泚,2990,沘,5
3034,泡,3000,沧,5
3039,泪,2966,汨,5
3059,洌,419,冽,5
3081,洺,3066,洛,5
3088,浅,4483,线,5
3155,淅,3104,浙,5
3174,深,5683,课,5
3271,滨,3282,演,5
3349,灈,3340,濯,5
3398,烛,3551,独,5
3450,熔,3423,焙,5
3545,狝,4195,称,5
3547,狠,3564,狼,5
3584,猫,2248,描,5
3585,猬,3590,猸,5
3674,琳,3158,淋,5
3692,瑰,6923,魂,5
3710,璧,6271,鐾,5
3736,甘,1726,廿,5
3753,电,2514,曳,5
3787,疔,3789,疗,5
3789,疗,3787,疔,5
3864,瘦,3800,疫,5
4039,砜,4024,矾,5
4113,磨,7117,麽,5
4134,祆,5483,袄,5
4142,祛,5495,袪,5
4146,祟,4402,粜,5
4184,秕,2582,枇,5
4198,秽,4197,移,5
4286,笙,4308,筌,5
4313,答,4288,笞,5
4391,米,2536,未,5
4461,级,2971,汲,5
4464,纪,5609,记,5
4466,纬,169,伟,5
4491,织,5629,识,5
4508,给,3084,洽,5
4513,绞,4478,纹,5
4518,绣,6396,锈,5
4533,绳,3186,渑,5
4538,绸,5688,调,5
4543,绽,3153,淀,5
4570,缚,3236,溥,5
4591,缰,345,僵,5
4628,羔,1880,恙,5
4728,肖,1473,尚,5
4729,肘,2430,时,5
4733,肝,2427,旰,5
4735,肠,2432,旸,5
4766,胙,2453,昨,5
4796,脊,4761,背,5
4816,脾,3974,睥,5
4836,腰,4852,膘,5
4930,色,6124,邑,5
4942,芋,4941,芊,5
4995,苞,4963,芭,5
5003,苫,5002,苦,5
5008,苹,6673,革,5
5052,草,5141,萆,5
5081,荻,5106,获,5
5082,荼,5042,茶,5
5118,菌,5041,茵,5
5152,营,5115,菅,5
5164,著,5231,蔷,5
5169,葡,5140,萄,5
5228,蔡,5285,蘩,5
5393,蝉,5385,蜱,5
5445,蠃,5828,赢,5
5462,衔,5463,街,5
5485,袆,4137,祎,5
5489,袒,4139,祖,5
5530,褐,5526,裼,5
5551,要,4675,耍,5
5587,誉,5588,誊,5
5600,讦,2957,汗,5
5616,许,2957,汗,5
5634,诌,5689,谄,5
5638,诐,3035,波,5
5648,诚,427,减,5
5661,诧,1086,垞,5
5664,诫,5648,诚,5
5669,诰,3113,浩,5
5696,谌,3214,湛,5
5714,谟,3284,漠,5
5724,谩,1164,墁,5
5765,贡,6713,页,5
6064,逄,6085,逢,5
6073,逑,6054,述,5
6101,遏,6099,遇,5
6106,遗,6110,遣,5
6286,钓,4460,约,5
6296,钞,4470,纱,5
6305,钧,6307,钩,5
6325,钻,6354,铝,5
6386,链,6361,铤,5
6404,锐,6460,镋,5
6421,锢,6356,铟,5
6513,闲,6508,闭,5
6515,间,6509,问,5
6622,雅,4209,稚,5
6665,靖,5676,请,5
6721,顽,6727,颃,5
6797,饶,6351,铙,5
6818,馍,6455,镆,5
6853,骂,4276,笃,5
6989,鲸,6972,鲧,5
7033,鸣,697,吗,5
7049,鸵,4911,舵,5
7107,麈,6270,鏖,5
4,万,617,厅,4
55,乏,139,令,4
56,乐,22,东,4
61,乘,60,乖,4
68,乡,1765,彡,4
75,了,2,丁,4
83,云,82,亏,4
93,亡,5594,讠,4
132,付,5602,讨,4
139,令,122,今,4
160,伏,164,优,4
168,伞,1669,年,4
179,估,194,佑,4
184,伺,687,同,4
199,余,198,佘,4
215,佳,6615,隹,4
221,使,234,侠,4
231,侗,287,倜,4
244,侯,285,候,4
259,保,298,倮,4
271,俱,189,但,4
286,倚,225,侉,4
356,兄,662,只,4
362,免,364,兔,4
364,兔,362,免,4
374,六,2401,方,4
387,兽,2519,曾,4
400,写,52,乌,4
405,冤,364,兔,4
410,冰,2942,水,4
416,冷,3033,泠,4
430,凝,3785,疑,4
464,刚,460,刖,4
465,创,469,刨,4
465,创,493,剑,4
477,刷,502,剧,4
493,剑,465,创,4
523,助,4725,肋,4
525,劫,608,却,4
548,勾,549,勿,4
548,勾,553,匈,4
551,包,3743,甩,4
586,卓,2674,桌,4
597,卣,598,卤,4
598,卤,1184,士,4
609,卵,604,卯,4
617,厅,2393,斤,4
638,县,1922,悬,4
642,叉,641,又,4
684,合,375,兮,4
684,合,709,含,4
709,含,4890,舍,4
787,咽,854,啁,4
831,唉,841,唤,4
906,喷,868,啧,4
963,嘹,3999,瞭,4
993,嚣,977,器,4
1000,囚,1001,四,4
1003,回,3929,目,4
1005,因,1016,固,4
1011,困,1007,团,4
1027,土,1184,士,4
1056,坝,1048,坎,4
1065,坪,1049,坏,4
1108,城,1118,域,4
1123,埴,1159,填,4
1170,墓,1126,基,4
1191,夂,47,久,4
1192,处,1198,外,4
1194,复,1195,夏,4
1215,夷,5055,荑,4
1274,姆,1293,姻,4
1293,姻,3401,烟,4
1297,娃,1280,姓,4
1336,媒,3437,煤,4
1338,媛,1349,嫒,4
1381,孝,4669,考,4
1385,孤,3541,狐,4
1389,孪,2165,挛,4
1404,安,1263,妥,4
1411,官,1426,宫,4
1422,室,4242,窒,4
1434,容,1420,客,4
1458,寺,1218,夺,4
1477,尤,3524,犬,4
1483,尸,1485,尺,4
1576,崧,5122,菘,4
1610,巢,4366,篥,4
1622,巴,1621,巳,4
1625,巾,33,中,4
1629,帅,1631,师,4
1634,帐,5770,账,4
1665,幢,1997,憧,4
1688,底,1693,府,4
1715,廓,1711,廊,4
1716,廖,3870,瘳,4
1723,廷,6062,适,4
1738,弓,75,了,4
1747,弧,1385,孤,4
1781,往,192,住,4
1785,待,227,侍,4
1809,忄,1467,小,4
1813,忌,1895,恳,4
1890,恫,1932,惆,4
1890,恫,2676,桐,4
1894,恰,1859,怡,4
1987,慧,1762,彗,4
2021,成,2027,战,4
2028,戚,785,咸,4
2037,戮,2038,戳,4
2061,扛,2562,杠,4
2102,披,1060,坡,4
2108,押,2107,抻,4
2120,拌,2090,抖,4
2125,拓,2132,招,4
2139,拦,2645,栏,4
2143,括,2651,栝,4
2144,拭,2078,找,4
2144,拭,5643,试,4
2152,拼,2131,拚,4
2156,持,2189,捋,4
2158,指,2256,揩,4
2184,捂,2704,梧,4
2193,捏,2114,担,4
2198,捡,2122,拎,4
2198,捡,2713,检,4
2215,掉,2239,掸,4
2225,探,2174,挥,4
2273,搏,590,博,4
2306,摹,5217,蓦,4
2314,撒,2319,撤,4
2319,撤,2316,撖,4
2321,撬,2818,橇,4
2346,攘,1183,壤,4
2350,支,2351,攴,4
2355,改,3623,玫,4
2366,敖,2367,教,4
2393,斤,617,厅,4
2407,旅,2409,旋,4
2419,旦,15,且,4
2422,早,2428,旱,4
2429,旴,2427,旰,4
2451,春,3959,眷,4
2451,春,4885,舂,4
2481,普,2465,晋,4
2485,晴,4818,腈,4
2497,暗,894,喑,4
2522,月,2418,日,4
2524,朊,4744,肮,4
2525,朋,4787,胴,4
2541,朱,4391,米,4
2548,权,648,叔,4
2549,杆,2063,扦,4
2554,杏,2573,杳,4
2559,杜,2562,杠,4
2562,杠,2061,扛,4
2562,杠,2583,枉,4
2581,构,2607,枸,4
2587,林,2555,材,4
2620,柚,2109,抽,4
2652,栟,2152,拼,4
2655,株,2712,梾,4
2660,根,2718,棍,4
2684,档,2170,挡,4
2686,桥,2171,挢,4
2689,桨,3089,浆,4
2702,梢,2192,捎,4
2728,棰,2207,捶,4
2739,椎,4209,稚,4
2747,椰,2262,揶,4
2750,椽,2242,掾,4
2765,楷,2256,揩,4
2778,榕,2783,榨,4
2817,橄,2316,撖,4
2823,橡,2750,椽,4
2840,欠,47,久,4
2900,比,2860,此,4
2933,氦,2937,氪,4
2939,氯,2929,氟,4
2955,汔,5605,讫,4
2971,汲,3035,波,4
2983,沈,3101,浓,4
2987,沐,3004,沫,4
2993,沛,5611,讳,4
2995,没,2971,汲,4
3000,沧,2999,沦,4
3009,河,2951,汈,4
3012,治,415,冶,4
3013,沼,5637,诏,4
3016,沿,3012,治,4
3022,泌,1810,必,4
3030,泛,3036,泣,4
3033,泠,416,冷,4
3041,泮,2996,沣,4
3053,泽,3058,洋,4
3053,泽,3065,洚,4
3055,洁,3026,法,4
3056,洄,3028,泗,4
3064,洙,5649,诛,4
3066,洛,3081,洺,4
3068,洣,3004,沫,4
3090,浇,4505,绕,4
3098,浐,3003,沪,4
3101,浓,2983,沈,4
3104,浙,3185,渐,4
3115,浮,3175,淳,4
3123,消,3128,涓,4
3123,消,5667,诮,4
3141,润,3142,涧,4
3142,涧,3141,润,4
3151,涸,3057,洇,4
3159,淌,3123,消,4
3190,渚,5677,诸,4
3223,湿,3197,温,4
3286,漩,3700,璇,4
3334,濑,3291,漱,4
3367,炊,3389,炽,4
3377,炫,3406,烩,4
3380,炮,3375,炝,4
3388,炼,3391,烁,4
3414,烽,3395,烊,4
3427,焯,1930,悼,4
3444,煸,3446,煽,4
3468,燠,2005,懊,4
3479,爱,650,受,4
3479,爱,3478,爰,4
3517,犊,2743,椟,4
3570,猎,2231,措,4
3583,猪,3570,猎,4
3583,猪,3576,猜,4
3608,王,1185,壬,4
3643,珠,5649,诛,4
3678,琼,3671,琮,4
3717,瓜,3476,爪,4
3752,申,3750,由,4
3783,疍,2460,昼,4
3798,疤,3806,疱,4
3811,疸,3814,疽,4
3821,痈,3839,痫,4
3823,痊,3805,疰,4
3856,瘘,3845,痿,4
3885,癣,3882,癖,4
3890,白,692,向,4
3911,盆,3920,盒,4
3922,盖,4631,羞,4
3929,目,1003,回,4
3951,眦,2903,毗,4
3956,眯,3967,睐,4
3959,眷,3963,着,4
3962,眼,3949,眠,4
4001,瞳,3780,疃,4
4010,矢,1213,失,4
4014,矩,6294,钜,4
4024,矾,4033,砒,4
4038,砚,4031,砍,4
4144,祝,5558,视,4
4163,禅,5519,裨,4
4189,秦,1228,奏,4
4196,秸,4203,稆,4
4232,穿,1439,寄,4
4240,窍,4235,窃,4
4242,窒,1422,室,4
4244,窖,4241,窑,4
4275,竿,4606,罕,4
4306,等,4327,筹,4
4319,筝,4281,笋,4
4360,篓,4301,笺,4
4370,篱,4361,篙,4
4425,糕,4398,粒,4
4430,糟,2803,槽,4
4470,纱,2991,沙,4
4479,纺,153,仿,4
4479,纺,1777,彷,4
4479,纺,5622,访,4
4488,组,3006,沮,4
4492,终,205,佟,4
4494,绊,181,伴,4
4499,经,1784,径,4
4502,绒,4550,缄,4
4508,给,4511,络,4
4508,给,4519,绤,4
4513,绞,3071,洨,4
4521,绦,3140,涤,4
4524,绩,4556,缋,4
4542,综,3164,淙,4
4559,缎,6445,锻,4
4644,翁,4650,翕,4
4727,肓,3932,盲,4
4730,肚,4731,肛,4
4731,肛,4898,舡,4
4737,肢,4788,胶,4
4741,肪,4734,肟,4
4756,胁,4725,肋,4
4771,胞,6762,飑,4
4776,胨,4798,脎,4
4812,脱,4784,胱,4
4852,膘,3991,瞟,4
4875,自,3890,白,4
4885,舂,2451,春,4
4890,舍,709,含,4
4922,艏,4918,艄,4
4968,芳,4944,芎,4
4992,苘,4996,苟,4
5001,若,5002,苦,4
5019,茉,5101,莱,4
5033,茨,5100,莰,4
5074,荫,5143,萌,4
5106,获,5037,茯,4
5107,莸,5106,获,4
5117,菊,5140,萄,4
5145,萎,5142,萋,4
5170,董,1132,堇,4
5194,蒲,5254,薄,4
5200,蒿,1593,嵩,4
5371,蜒,5372,蜓,4
5431,蟀,5343,蛑,4
5463,街,5462,衔,4
5463,街,5464,衙,4
5475,衰,789,哀,4
5554,见,399,冗,4
5569,角,3744,甪,4
5595,计,113,什,4
5598,认,5597,讣,4
5607,议,2973,汶,4
5609,记,4464,纪,4
5636,诎,4496,绌,4
5637,诏,4497,绍,4
5639,译,3065,洚,4
5656,询,4509,绚,4
5657,诣,3128,涓,4
5686,谁,422,准,4
5688,调,3067,洞,4
5697,谍,5695,谋,4
5702,谒,4270,竭,4
5720,谥,3235,溢,4
5725,谪,3275,滴,4
5733,谲,3300,潏,4
5743,豌,3670,琬,4
5771,货,5787,贷,4
5792,贼,5781,贱,4
5889,跺,5874,跞,4
5896,踏,5924,蹐,4
5979,轻,5982,轾,4
5981,载,2662,栽,4
5992,辈,5991,辇,4
6012,辜,1671,幸,4
6022,边,66,也,4
6030,迈,6033,近,4
6033,近,6030,迈,4
6057,迸,6039,进,4
6067,选,6083,造,4
6110,遣,5735,谴,4
6163,郚,6171,部,4
6175,郴,2698,梆,4
6232,醋,6223,酷,4
6237,醒,6234,醍,4
6300,钢,4471,纲,4
6302,钤,6333,铃,4
6331,铁,6349,铗,4
6335,铅,6354,铝,4
6349,铗,6384,铼,4
6384,铼,6349,铗,4
6396,锈,4518,绣,4
6399,锋,4510,绛,4
6402,锎,6488,镧,4
6423,锤,4558,缍,4
6425,锦,4535,绵,4
6445,锻,4559,缎,4
6502,镶,6448,锿,4
6509,问,6518,闷,4
6510,闯,6522,闻,4
6520,闹,6512,闱,4
6554,阝,601,卩,4
6564,阵,6576,陈,4
6572,附,762,咐,4
6715,顷,6717,项,4
6730,领,6736,颌,4
6742,颔,6736,颌,4
6805,饿,248,俄,4
6836,驰,1742,弛,4
6922,魁,6926,魅,4
6922,魁,6927,魆,4
7110,麓,4379,簏,4
7184,龟,362,免,4
3,七,557,匕,3
10,不,4128,礻,3
19,丙,26,两,3
22,东,5958,车,3
39,丹,4897,舟,3
40,为,514,力,3
47,久,1191,夂,3
48,乇,2905,毛,3
50,义,45,乂,3
51,之,55,乏,3
54,乎,1668,平,3
67,习,449,刁,3
67,习,675,司,3
81,于,1667,干,3
101,享,99,亨,3
101,享,103,亭,3
120,仇,115,仂,3
123,介,2393,斤,3
126,仑,127,仓,3
126,仑,154,企,3
129,仕,558,化,3
140,以,5598,认,3
142,仪,165,伙,3
146,仲,149,件,3
151,任,158,伍,3
152,份,4476,纷,3
172,伤,153,仿,3
173,伥,232,供,3
179,估,217,佶,3
181,伴,149,件,3
192,住,223,侄,3
194,佑,179,估,3
195,体,162,休,3
202,作,758,咋,3
212,佬,307,偌,3
214,佰,229,侑,3
226,例,238,侧,3
239,侨,241,侪,3
240,侩,262,信,3
252,俏,229,侑,3
253,俐,226,例,3
268,俭,182,伶,3
271,俱,1945,惧,3
279,倍,255,俗,3
283,倔,180,伲,3
284,倘,252,俏,3
285,候,244,侯,3
303,倾,6724,颀,3
303,倾,6726,颂,3
308,偎,348,儇,3
311,做,347,儆,3
359,先,360,光,3
363,兑,4625,羌,3
367,党,5561,觉,3
371,全,6257,金,3
372,八,110,人,3
392,冈,4604,网,3
400,写,7029,鸟,3
420,净,5658,诤,3
421,凄,1272,妻,3
422,准,3805,疰,3
425,凋,5688,调,3
432,凡,2900,比,3
444,击,636,去,3
445,凼,1675,幽,3
446,函,3400,烝,3
449,刁,67,习,3
461,列,462,刘,3
470,利,479,刹,3
474,到,472,刭,3
486,剂,496,剖,3
494,剔,471,别,3
520,劢,528,励,3
520,劢,529,劲,3
530,劳,4962,芬,3
542,募,1661,幕,3
548,勾,658,句,3
551,包,4930,色,3
552,匆,549,勿,3
574,匿,569,匮,3
584,卑,6553,阜,3
590,博,2273,搏,3
596,卢,2040,户,3
601,卩,1483,尸,3
615,厂,1676,广,3
617,厅,4,万,3
636,去,444,击,3
646,反,118,仅,3
646,反,2865,歹,3
647,发,1518,岁,3
651,变,1302,娈,3
658,句,692,向,3
667,可,67,习,3
671,右,1029,在,3
679,叽,665,叭,3
685,吉,14,专,3
687,同,2522,月,3
688,名,682,各,3
689,后,619,厉,3
703,吡,745,呲,3
706,吧,733,呕,3
708,吩,720,吻,3
711,吭,712,吮,3
714,吱,779,咬,3
723,呀,680,吁,3
727,告,685,吉,3
738,呛,757,咆,3
740,呢,3037,泥,3
746,味,2452,昧,3
751,呻,4052,砷,3
757,咆,706,吧,3
762,咐,786,咻,3
767,咙,2461,昽,3
813,哟,742,呦,3
820,哭,977,器,3
841,唤,831,唉,3
845,售,3426,焦,3
855,啃,817,哨,3
856,啄,761,咏,3
865,啤,928,嗥,3
866,啥,795,哈,3
939,嗽,881,啾,3
939,嗽,938,嗷,3
969,噎,953,嘡,3
979,噪,918,嗓,3
983,噶,899,喝,3
1005,因,3749,田,3
1012,囱,1004,囟,3
1013,围,1008,囤,3
1016,固,687,同,3
1023,圈,1025,圊,3
1027,土,1611,工,3
1029,在,671,右,3
1029,在,1612,左,3
1041,圾,1060,坡,3
1050,坐,3740,生,3
1051,坑,2091,抗,3
1053,坚,4262,竖,3
1054,坛,1032,圬,3
1058,坟,1041,圾,3
1063,坨,1086,垞,3
1096,垫,5354,蛰,3
1098,垮,2161,挎,3
1125,培,1155,塔,3
1159,填,1123,埴,3
1184,士,3,七,3
1184,士,1027,土,3
1185,壬,48,乇,3
1202,够,7047,鸲,3
1205,大,5,丈,3
1206,天,1210,夭,3
1206,天,2416,无,3
1207,太,1205,大,3
1208,夫,1211,央,3
1211,央,413,决,3
1217,夹,1211,央,3
1223,奇,1458,寺,3
1237,奢,5164,著,3
1251,妇,1253,妊,3
1257,妖,1265,妩,3
1281,委,1298,娄,3
1285,姜,1273,妾,3
1289,姥,1265,妩,3
1309,娟,1337,媚,3
1320,婆,1295,姿,3
1326,婢,1120,埤,3
1328,婪,2703,梦,3
1331,婵,1326,婢,3
1367,嬴,4639,羸,3
1367,嬴,5445,蠃,3
1367,嬴,5828,赢,3
1380,孜,2358,政,3
1385,孤,2087,抓,3
1388,孩,6857,骇,3
1402,宇,1403,守,3
1410,宗,1402,宇,3
1410,宗,1405,宋,3
1413,定,6021,辶,3
1419,审,1412,宙,3
1422,室,1416,宝,3
1425,宪,1406,完,3
1431,宵,2519,曾,3
1473,尚,4728,肖,3
1477,尤,1476,尢,3
1483,尸,601,卩,3
1485,尺,662,只,3
1499,屋,1493,层,3
1512,屮,33,中,3
1531,岛,7029,鸟,3
1533,岢,4993,苛,3
1567,崇,4146,祟,3
1611,工,1027,土,3
1623,巷,4668,老,3
1623,巷,4983,苍,3
1637,帕,1852,怕,3
1647,帧,1638,帖,3
1661,幕,542,募,3
1666,幪,5448,蠓,3
1667,干,579,午,3
1673,幻,4465,纫,3
1680,庇,3810,疵,3
1699,度,1712,廋,3
1705,康,833,唐,3
1712,廋,1709,庾,3
1735,弋,2014,戈,3
1738,弓,82,亏,3
1762,彗,1987,慧,3
1803,微,1806,徼,3
1821,忘,1820,志,3
1822,忙,2565,杧,3
1852,怕,2612,柏,3
1862,性,3508,牲,3
1865,怪,1871,怿,3
1869,总,363,兑,3
1887,恨,1864,怩,3
1895,恳,1813,忌,3
1918,患,3293,漶,3
1930,悼,1908,悍,3
1931,情,1953,惰,3
1932,惆,1890,恫,3
1933,惇,1934,惊,3
1951,惮,1930,悼,3
1952,惯,1974,愦,3
1963,愉,2772,榆,3
1963,愉,5396,蝓,3
1968,愕,1972,愣,3
1985,慢,1660,幔,3
1993,憎,1173,增,3
2003,懂,1997,憧,3
2005,懊,3468,燠,3
2010,懦,4433,糯,3
2015,戊,2017,戌,3
2022,我,2078,找,3
2045,扁,2046,扃,3
2059,扔,2132,招,3
2062,扣,2544,机,3
2068,扬,2566,杨,3
2072,扰,2169,挠,3
2073,扳,2100,报,3
2075,批,2076,扺,3
2076,扺,2105,抵,3
2079,承,410,冰,3
2092,折,1040,圻,3
2092,折,2585,析,3
2098,抢,2104,抱,3
2098,抢,2598,枪,3
2105,抵,2625,柢,3
2115,拆,2121,拍,3
2117,拈,2601,枯,3
2118,拉,1075,垃,3
2118,拉,2139,拦,3
2120,拌,2611,柈,3
2128,拗,1069,坳,3
2142,择,2101,抨,3
2177,挪,2262,揶,3
2186,捅,1106,埇,3
2188,捉,2249,提,3
2193,捏,2249,提,3
2198,捡,2118,拉,3
2198,捡,2154,拾,3
2199,换,2176,挨,3
2209,捺,2161,挎,3
2214,授,2261,援,3
2215,掉,2731,棹,3
2217,掌,2155,拿,3
2223,掘,1129,堀,3
2231,措,2158,指,3
2240,掺,2151,拷,3
2249,提,1144,堤,3
2262,揶,2177,挪,3
2276,搓,2793,槎,3
2280,搞,2790,槁,3
2282,搡,2245,揉,3
2282,搡,2333,操,3
2309,撂,2301,摞,3
2318,撞,2825,橦,3
2322,播,1175,墦,3
2350,支,644,友,3
2352,攵,3481,父,3
2353,收,1250,妆,3
2356,攻,1058,坟,3
2357,放,2360,效,3
2367,教,2366,敖,3
2368,敛,4478,纹,3
2369,敝,2370,敞,3
2372,散,2367,教,3
2372,散,2375,敬,3
2372,散,2376,数,3
2375,敬,2372,散,3
2380,文,2352,攵,3
2404,旁,1751,弯,3
2418,日,3929,目,3
2427,旰,2429,旴,3
2429,旴,3931,盱,3
2441,昌,396,冒,3
2447,昙,638,县,3
2448,昝,760,咎,3
2453,昨,758,咋,3
2453,昨,4766,胙,3
2456,昱,2462,显,3
2458,昵,740,呢,3
2478,晤,835,唔,3
2486,晶,790,品,3
2499,暧,936,嗳,3
2505,曈,3780,疃,3
2512,曰,2419,旦,3
2529,朕,4791,胼,3
2536,未,2541,朱,3
2537,末,34,丰,3
2540,术,2948,求,3
2542,朴,2587,林,3
2543,朵,725,呆,3
2543,朵,2547,杂,3
2546,杀,1218,夺,3
2550,杈,2548,权,3
2554,杏,685,吉,3
2558,杖,2074,扶,3
2564,来,1217,夹,3
2564,来,2561,束,3
2564,来,6614,隶,3
2566,杨,2068,扬,3
2574,杵,2549,杆,3
2582,枇,2075,批,3
2587,林,2106,抹,3
2589,枚,2653,校,3
2590,果,725,呆,3
2591,枝,2653,校,3
2595,枥,2610,柄,3
2598,枪,2098,抢,3
2601,枯,2679,桔,3
2611,柈,2120,拌,3
2612,柏,2121,拍,3
2617,柔,2677,桑,3
2629,柯,2607,枸,3
2631,柱,2648,栓,3
2631,柱,2675,桎,3
2638,标,4195,称,3
2642,栋,2136,拣,3
2653,校,2589,枚,3
2653,校,3548,狡,3
2658,样,2700,梓,3
2658,样,2775,榉,3
2670,框,2593,枢,3
2674,桌,586,卓,3
2687,桦,2602,枰,3
2689,桨,2633,柴,3
2699,梏,2679,桔,3
2700,梓,2658,样,3
2703,梦,1328,婪,3
2705,梨,3515,犁,3
2717,棋,4215,稹,3
2718,棍,2660,根,3
2720,棕,4416,粽,3
2732,棺,2783,榨,3
2738,植,2678,桓,3
2755,楚,3424,焚,3
2757,楞,1972,愣,3
2771,榄,2264,揽,3
2774,榈,2676,桐,3
2788,榷,2302,摧,3
2791,槊,1154,塑,3
2798,槜,2288,携,3
2833,檑,2331,擂,3
2840,欠,5762,贝,3
2842,欢,5555,观,3
2858,止,20,业,3
2865,歹,4,万,3
2870,殃,6841,驶,3
2874,殉,3543,狗,3
2895,母,2894,毋,3
2897,毐,2898,毒,3
2928,氛,2924,氖,3
2933,氦,2931,氢,3
2935,氨,2932,氤,3
2935,氨,2937,氪,3
2938,氮,2933,氦,3
2943,氵,407,冫,3
2950,汇,4464,纪,3
2955,汔,2975,汽,3
2956,汕,2974,汹,3
2964,污,5622,访,3
2971,汲,2995,没,3
2973,汶,2952,汉,3
2976,汾,4476,纷,3
2977,沁,1808,心,3
2982,沆,2981,沅,3
2990,沘,3029,泚,3
2999,沦,3000,沧,3
3003,沪,3049,泸,3
3013,沼,4497,绍,3
3014,沽,3015,沾,3
3014,沽,3055,洁,3
3018,泄,2963,池,3
3026,法,3093,浊,3
3030,泛,3033,泠,3
3034,泡,2999,沦,3
3039,泪,3060,洎,3
3039,泪,3067,洞,3
3039,泪,5628,诅,3
3060,洎,3021,泊,3
3067,洞,425,凋,3
3082,活,3012,治,3
3084,洽,3012,治,3
3087,浃,3134,涞,3
3108,浠,832,唏,3
3122,涅,3217,湟,3
3122,涅,3223,湿,3
3127,涑,5699,谏,3
3136,涠,3151,涸,3
3139,涣,3120,浼,3
3154,淄,4547,缁,3
3166,淞,423,凇,3
3173,淮,422,准,3
3173,淮,3148,涯,3
3174,深,3121,涂,3
3189,渗,5632,诊,3
3203,游,3246,溺,3
3216,湝,5700,谐,3
3217,湟,3122,涅,3
3232,溜,3154,淄,3
3243,溴,3218,湨,3
3250,滂,5719,谤,3
3257,滓,3099,浑,3
3262,滚,3337,濠,3
3263,滞,3133,涝,3
3307,潭,3257,滓,3
3312,潸,3302,潜,3
3315,潽,5732,谱,3
3358,灵,1760,录,3
3375,炝,1845,怆,3
3381,炯,3401,烟,3
3383,炳,3403,烦,3
3394,烈,5503,裂,3
3399,烜,1878,恒,3
3403,烦,3367,炊,3
3416,焊,1908,悍,3
3437,煤,3494,牒,3
3446,煽,3444,煸,3
3459,熳,1985,慢,3
3498,牛,579,午,3
3500,牟,1669,年,3
3510,特,3507,牯,3
3517,犊,3510,特,3
3524,犬,1205,大,3
3524,犬,1477,尤,3
3532,犹,2072,扰,3
3539,狍,2104,抱,3
3546,狞,3550,狩,3
3552,狭,3551,独,3
3555,狰,2172,挣,3
3585,猬,3560,狷,3
3595,獏,2305,摸,3
3611,玕,3625,环,3
3612,玖,3616,玟,3
3663,琢,5681,诼,3
3678,琼,5690,谅,3
3693,瑶,5718,谣,3
3710,璧,1179,壁,3
3710,璧,1364,嬖,3
3720,瓢,6768,飘,3
3755,甸,553,匈,3
3759,畀,3763,界,3
3801,疬,3794,疠,3
3803,疮,3798,疤,3
3805,疰,3822,痉,3
3815,疾,3791,疚,3
3820,症,3828,痖,3
3823,痊,3790,疙,3
3830,痛,3839,痫,3
3831,痞,3812,疹,3
3832,痢,3852,瘌,3
3838,痪,3874,瘼,3
3840,痰,3815,疾,3
3842,痴,3832,痢,3
3864,瘦,3807,疲,3
3871,瘴,3825,痒,3
3873,瘸,3860,瘠,3
3875,瘾,3878,癃,3
3890,白,3891,百,3
3890,白,4875,自,3
3908,皿,5457,血,3
3911,盆,5775,贫,3
3914,益,3922,盖,3
3916,盎,5338,蛊,3
3920,盒,3911,盆,3
3922,盖,3914,益,3
3929,目,2418,日,3
3929,目,2512,曰,3
3931,盱,3930,盯,3
3932,盲,857,商,3
3937,盾,302,值,3
3963,着,3944,看,3
3964,睁,3960,眸,3
3975,睦,3955,眭,3
3977,睫,4837,腱,3
3980,睽,2494,暌,3
3985,瞅,881,啾,3
3991,瞟,4852,膘,3
3996,瞩,959,嘱,3
3997,瞪,970,噔,3
4002,瞵,4858,膦,3
4017,短,4014,矩,3
4058,砾,4032,砑,3
4067,硕,4031,砍,3
4080,碉,4065,硐,3
4119,礁,4085,碓,3
4132,祁,6131,邡,3
4134,祆,5482,袂,3
4138,祓,5498,袯,3
4149,祥,2658,样,3
4178,秆,2549,杆,3
4183,秒,4185,秘,3
4196,秸,2679,桔,3
4197,移,4198,秽,3
4206,税,2714,棁,3
4209,稚,2739,椎,3
4219,稿,3521,犒,3
4226,穴,2840,欠,3
4237,窅,4245,窗,3
4241,窑,4249,窟,3
4265,竟,1966,意,3
4274,竽,4275,竿,3
4276,笃,6853,骂,3
4306,等,4274,竽,3
4319,筝,77,争,3
4330,签,639,叁,3
4331,简,4312,筒,3
4332,箅,4338,算,3
4361,篙,1593,嵩,3
4365,篢,4384,簧,3
4371,篷,5218,蓬,3
4387,簿,5254,薄,3
4391,米,2564,来,3
4395,籽,4678,耔,3
4398,粒,2118,拉,3
4399,粕,2121,拍,3
4399,粕,4401,粘,3
4401,粘,4684,耜,3
4407,粤,1238,奥,3
4431,糠,1991,慷,3
4433,糯,5449,蠕,3
4439,索,4438,素,3
4443,絮,1386,孥,3
4456,红,112,亿,3
4466,纬,5611,讳,3
4468,纯,2985,沌,3
4472,纳,6298,钠,3
4481,纽,6312,钮,3
4483,线,3088,浅,3
4483,线,6790,饯,3
4494,绊,3041,泮,3
4497,绍,3013,沼,3
4507,绘,3095,浍,3
4508,给,4500,绐,3
4511,络,3066,洛,3
4513,绞,219,佼,3
4516,绡,4531,绱,3
4517,绢,4516,绡,3
4520,绥,4536,绶,3
4520,绥,6807,馁,3
4522,继,5712,谜,3
4524,绩,300,债,3
4524,绩,3183,渍,3
4525,绪,3190,渚,3
4525,绪,5677,诸,3
4527,续,5680,读,3
4544,绾,6811,馆,3
4551,缅,3209,湎,3
4564,缔,5711,谛,3
4565,缕,3227,溇,3
4568,缘,335,像,3
4585,缪,6481,镠,3
4588,缭,337,僚,3
4653,翚,4655,翠,3
4697,耵,3930,盯,3
4698,耶,649,取,3
4727,肓,4747,育,3
4731,肛,4730,肚,3
4741,肪,2439,昉,3
4747,育,3932,盲,3
4757,胂,4754,肿,3
4759,胄,4758,胃,3
4771,胞,4739,肥,3
4788,胶,4809,脧,3
4799,脏,3972,睢,3
4815,脸,3968,睑,3
4819,腊,4793,脂,3
4819,腊,4818,腈,3
4839,腹,4809,脧,3
4856,膝,3259,滕,3
4858,膦,4002,瞵,3
4882,臾,654,叟,3
4902,航,4903,舫,3
4923,艘,4904,般,3
4950,芙,5005,英,3
4954,芡,5033,茨,3
4956,芥,4972,芹,3
4958,芨,4937,艿,3
4963,芭,4946,芑,3
4978,苇,5010,茀,3
4988,苓,4959,芩,3
4991,苗,5118,菌,3
4995,苞,4983,苍,3
4996,苟,4993,苛,3
5002,苦,5001,若,3
5002,苦,5003,苫,3
5008,苹,4624,羊,3
5021,茎,1126,基,3
5034,茫,5039,茳,3
5039,茳,5034,茫,3
5040,茴,4994,苜,3
5047,荀,4996,苟,3
5052,草,6673,革,3
5056,荒,5045,茺,3
5066,荣,5038,茱,3
5066,荣,5042,茶,3
5070,荧,4954,芡,3
5076,荭,5039,茳,3
5086,莉,479,刹,3
5102,莲,5218,蓬,3
5102,莲,6042,连,3
5123,菜,5038,茱,3
5140,萄,5169,葡,3
5145,萎,5083,荽,3
5170,董,5265,薰,3
5179,葸,5175,葱,3
5179,葸,5199,蒽,3
5179,葸,5243,蕙,3
5189,蒙,5068,荥,3
5218,蓬,5102,莲,3
5228,蔡,5097,莩,3
5231,蔷,5113,菁,3
5248,蕲,6675,靳,3
5258,薛,5155,萨,3
5262,薪,5128,菥,3
5269,藉,4390,籍,3
5292,虑,5289,虎,3
5298,虬,5299,虮,3
5309,蚁,5311,蚊,3
5311,蚊,5349,蛟,3
5319,蚣,5321,蚧,3
5327,蚰,5332,蚺,3
5338,蛊,3916,盎,3
5359,蛸,5370,蜎,3
5395,蝎,5386,蜴,3
5432,蟆,5378,蜞,3
5439,蟠,5434,蟋,3
5448,蠓,5437,蟓,3
5460,行,4463,纩,3
5468,衤,5467,衣,3
5488,袍,3380,炮,3
5492,袜,5485,袆,3
5511,裕,5491,袗,3
5525,裹,5477,衷,3
5555,观,2842,欢,3
5560,览,4285,笕,3
5574,解,2388,斛,3
5576,触,5570,觖,3
5594,讠,93,亡,3
5595,计,5602,讨,3
5607,议,2953,汊,3
5608,讯,6028,迅,3
5616,许,5600,讦,3
5622,访,2964,污,3
5623,诀,1052,块,3
5623,诀,3087,浃,3
5624,证,1782,征,3
5625,诂,5646,诘,3
5627,评,5600,讦,3
5627,评,5616,许,3
5628,诅,4488,组,3
5629,识,4491,织,3
5639,译,5660,详,3
5646,诘,4503,结,3
5656,询,3017,泃,3
5670,诱,5611,讳,3
5676,请,6665,靖,3
5680,读,4527,续,3
5682,诽,4529,绯,3
5683,课,3174,深,3
5693,谈,3673,琰,3
5698,谎,1149,塃,3
5699,谏,3127,涑,3
5707,谗,6816,馋,3
5721,谦,4578,缣,3
5724,谩,4581,缦,3
5738,谷,682,各,3
5749,豪,5746,象,3
5762,贝,2840,欠,3
5764,负,5763,贞,3
5774,贪,5775,贫,3
5779,贯,5785,贵,3
5781,贱,5792,贼,3
5798,赂,3771,略,3
5815,赔,3423,焙,3
5821,赛,5919,蹇,3
5841,起,5844,超,3
5860,跃,5856,趺,3
5864,跌,5860,跃,3
5868,跑,5861,跄,3
5868,跑,5865,跎,3
5877,跤,5859,趿,3
5882,路,5902,踣,3
5899,踞,5873,距,3
5903,踩,5904,踪,3
5934,蹭,5826,赠,3
6026,迂,6029,过,3
6030,迈,6023,辽,3
6035,返,6051,迫,3
6040,远,6032,运,3
6042,连,5102,莲,3
6057,迸,6115,遴,3
6061,送,6081,逞,3
6062,适,3082,活,3
6067,选,6052,迭,3
6071,透,6091,逶,3
6083,造,6067,选,3
6083,造,6071,透,3
6083,造,6106,遗,3
6094,逼,6077,逗,3
6110,遣,6106,遗,3
6111,遥,5718,谣,3
6113,遭,5247,蕰,3
6134,邦,6149,邽,3
6157,郎,607,即,3
6167,郡,6163,郚,3
6173,郭,6171,部,3
6177,都,6151,郁,3
6210,酥,4058,砾,3
6223,酷,6209,酤,3
6224,酸,6211,酦,3
6251,釉,5972,轴,3
6254,重,1074,垂,3
6257,金,371,全,3
6270,鏖,7107,麈,3
6277,钉,6280,钌,3
6282,钎,4458,纤,3
6286,钓,6307,钩,3
6295,钝,4468,纯,3
6297,钟,4489,绅,3
6304,钦,6789,饮,3
6312,钮,4481,纽,3
6315,钱,6790,饯,3
6318,钴,6325,钻,3
6320,钶,6353,铜,3
6321,钷,6294,钜,3
6329,钿,6356,铟,3
6336,铆,6350,铘,3
6343,铎,6399,锋,3
6360,铣,6349,铗,3
6368,铬,4511,络,3
6369,铭,4511,络,3
6369,铭,6368,铬,3
6374,铲,6400,锌,3
6378,银,1787,很,3
6389,锁,6404,锐,3
6395,锇,6805,饿,3
6401,锍,6375,铳,3
6423,锤,6424,锥,3
6433,键,2913,毽,3
6434,锯,5899,踞,3
6454,镅,6408,锔,3
6458,镉,6478,镝,3
6497,镱,6477,镜,3
6511,闰,6507,闫,3
6511,闰,6509,问,3
6511,闰,6524,闽,3
6521,闺,6511,闰,3
6521,闺,6526,闿,3
6522,闻,6543,阐,3
6532,阅,6511,闰,3
6561,防,6565,阶,3
6572,附,5870,跗,3
6602,隋,1953,惰,3
6615,隹,192,住,3
6622,雅,6868,骓,3
6633,雨,26,两,3
6633,雨,42,丽,3
6637,雳,6642,需,3
6644,霄,1431,宵,3
6648,霉,6639,雷,3
6714,顶,6717,项,3
6717,项,6715,顷,3
6717,项,6720,顼,3
6725,颁,6726,颂,3
6730,领,6726,颂,3
6736,颌,6725,颁,3
6736,颌,6730,领,3
6760,风,432,凡,3
6763,飒,5620,讽,3
6776,餐,6777,餮,3
6790,饯,6315,钱,3
6791,饰,6787,饬,3
6793,饲,184,伺,3
6796,饵,6346,铒,3
6801,饺,6372,铰,3
6819,馏,6464,镏,3
6861,验,6846,驻,3
6870,骗,6878,骟,3
6934,魔,7105,麂,3
6945,鲇,6954,鲐,3
7035,鸥,7060,鹀,3
7057,鸽,7045,鸰,3
7063,鹃,7079,鹘,3
7063,鹃,7083,鹝,3
7088,鹣,7068,鹈,3
7104,鹿,7105,麂,3
7133,黢,7131,黟,3
7148,鼓,5742,豉,3
7181,龙,1477,尤,3
0,々,546,勹,2
2,丁,75,了,2
2,丁,615,厂,2
4,万,1738,弓,2
5,丈,1205,大,2
7,上,557,匕,2
7,上,2858,止,2
8,下,10,不,2
10,不,4019,石,2
15,且,3929,目,2
17,世,66,也,2
20,业,3409,热,2
22,东,56,乐,2
25,丢,3607,玉,2
26,两,5550,西,2
33,中,3498,牛,2
34,丰,581,半,2
34,丰,4719,肀,2
39,丹,393,冉,2
39,丹,2895,母,2
41,主,4878,至,2
45,乂,641,又,2
46,乃,448,刀,2
47,久,374,六,2
51,之,47,久,2
51,之,355,元,2
51,之,1611,工,2
52,乌,400,写,2
54,乎,77,争,2
54,乎,168,伞,2
55,乏,2922,气,2
56,乐,4174,禾,2
61,乘,4179,秉,2
61,乘,5744,豕,2
65,乞,2922,气,2
67,习,1757,彐,2
69,书,2948,求,2
69,书,4938,节,2
70,乩,72,乱,2
71,买,1417,实,2
71,买,3358,灵,2
71,买,6832,马,2
73,乳,6274,钆,2
75,了,4,万,2
75,了,1738,弓,2
79,二,6,三,2
81,于,80,亍,2
81,于,1483,尸,2
82,亏,674,号,2
83,云,374,六,2
83,云,1672,幺,2
86,五,2571,杰,2
90,些,4273,竺,2
93,亡,51,之,2
93,亡,1619,己,2
94,亢,355,元,2
97,亦,580,卉,2
98,产,2040,户,2
100,亩,1412,宙,2
102,京,3412,烹,2
102,京,4127,示,2
104,亮,1188,壳,2
105,亲,101,享,2
110,人,370,入,2
110,人,372,八,2
113,什,132,付,2
113,什,138,代,2
114,仁,112,亿,2
114,仁,177,伫,2
115,仂,176,伪,2
122,今,375,兮,2
124,仍,144,们,2
125,从,140,以,2
127,仓,65,乞,2
127,仓,551,包,2
127,仓,4930,色,2
128,仔,2394,斥,2
128,仔,3890,白,2
129,仕,192,住,2
131,仗,162,休,2
132,付,4457,纣,2
133,仙,147,仳,2
136,仟,128,仔,2
136,仟,148,仵,2
136,仟,151,任,2
140,以,2900,比,2
145,仰,3027,泖,2
148,仵,136,仟,2
149,件,146,仲,2
149,件,148,仵,2
149,件,181,伴,2
151,任,192,住,2
153,仿,190,位,2
153,仿,1777,彷,2
158,伍,151,任,2
161,伐,2015,戊,2
165,伙,120,仇,2
169,伟,4466,纬,2
174,伦,175,伧,2
182,伶,1856,怜,2
183,伸,277,俾,2
185,似,147,仳,2
187,伾,167,伛,2
189,但,235,侣,2
190,位,192,住,2
192,住,190,位,2
193,佐,215,佳,2
194,佑,193,佐,2
196,何,184,伺,2
197,佗,174,伦,2
206,你,128,仔,2
206,你,256,俘,2
212,佬,236,侥,2
213,佯,230,侔,2
213,佯,1788,徉,2
215,佳,192,住,2
215,佳,223,侄,2
220,佾,229,侑,2
221,使,159,伎,2
223,侄,190,位,2
223,侄,215,佳,2
223,侄,6615,隹,2
226,例,281,倒,2
227,侍,264,俦,2
227,侍,286,倚,2
227,侍,1785,待,2
229,侑,252,俏,2
232,供,234,侠,2
234,侠,6349,铗,2
235,侣,290,倡,2
236,侥,4505,绕,2
239,侨,150,价,2
239,侨,2686,桥,2
240,侩,3406,烩,2
240,侩,4507,绘,2
246,便,4515,绠,2
247,促,235,侣,2
248,俄,6805,饿,2
250,俊,255,俗,2
252,俏,4516,绡,2
252,俏,5667,诮,2
253,俐,281,倒,2
254,俑,5569,角,2
262,信,217,佶,2
262,信,278,倌,2
266,俩,3062,洒,2
268,俭,190,位,2
276,俺,3177,淹,2
286,倚,3666,琦,2
286,倚,4528,绮,2
287,倜,231,侗,2
289,借,307,偌,2
290,倡,235,侣,2
290,倡,310,偕,2
292,倦,3200,港,2
293,倨,283,倔,2
297,倭,318,偻,2
300,债,319,偾,2
300,债,5767,责,2
300,债,5797,赁,2
306,偈,290,倡,2
306,偈,316,偶,2
312,停,324,傍,2
313,健,6433,键,2
316,偶,315,偲,2
320,偿,324,傍,2
320,偿,326,傥,2
322,傅,4570,缚,2
324,傍,5719,谤,2
335,像,2823,橡,2
346,僻,3330,澼,2
354,允,359,先,2
355,元,83,云,2
359,先,1213,失,2
360,光,359,先,2
360,光,379,兴,2
370,入,110,人,2
370,入,448,刀,2
370,入,449,刁,2
371,全,127,仓,2
371,全,139,令,2
371,全,1046,坌,2
372,八,111,亻,2
373,公,49,么,2
373,公,1672,幺,2
374,六,592,卞,2
375,兮,684,合,2
377,共,359,先,2
387,兽,6940,鲁,2
390,冂,999,囗,2
391,内,1625,巾,2
391,内,4724,肉,2
392,冈,6760,风,2
394,册,1282,姗,2
396,冒,2421,旨,2
396,冒,4758,胃,2
397,冕,2464,晃,2
401,军,400,写,2
406,冥,382,具,2
409,冯,400,写,2
414,况,2841,次,2
415,冶,416,冷,2
415,冶,3015,沾,2
415,冶,3082,活,2
416,冷,5800,资,2
422,准,3173,淮,2
422,准,5686,谁,2
424,凉,102,京,2
424,凉,420,净,2
424,凉,3164,淙,2
424,凉,5690,谅,2
427,减,891,喊,2
429,凛,424,凉,2
431,几,64,九,2
434,凫,1531,岛,2
443,出,3740,生,2
448,刀,449,刁,2
448,刀,514,力,2
449,刁,1456,寸,2
456,刍,1759,当,2
458,刑,455,刊,2
460,刖,464,刚,2
462,刘,486,剂,2
463,则,464,刚,2
464,刚,463,则,2
465,创,463,则,2
468,判,490,剌,2
470,利,458,刑,2
470,利,503,剩,2
472,刭,474,到,2
473,刮,461,列,2
474,到,6278,钊,2
476,制,480,刺,2
477,刷,3147,涮,2
479,刹,470,利,2
479,刹,503,剩,2
482,刽,465,创,2
482,刽,493,剑,2
486,剂,501,剥,2
491,前,5213,蓟,2
492,剐,471,别,2
492,剐,494,剔,2
493,剑,4454,纠,2
502,剧,492,剐,2
503,剩,470,利,2
503,剩,476,制,2
514,力,1468,少,2
515,劝,517,功,2
515,劝,1267,妫,2
519,务,1200,多,2
524,努,1635,帑,2
526,劬,4725,肋,2
527,劭,540,勖,2
530,劳,1646,带,2
536,勋,535,勉,2
539,勒,541,勘,2
546,勹,547,勺,2
547,勺,658,句,2
549,勿,548,勾,2
549,勿,658,句,2
550,匀,548,勾,2
551,包,126,仑,2
552,匆,658,句,2
558,化,130,他,2
558,化,138,代,2
558,化,142,仪,2
558,化,2900,比,2
559,北,358,兆,2
561,匚,1611,工,2
564,匠,572,医,2
571,区,2859,正,2
571,区,6771,飞,2
573,匾,6094,逼,2
573,匾,6100,遍,2
578,升,4897,舟,2
581,半,35,串,2
585,卒,582,华,2
585,卒,3606,率,2
586,卓,587,单,2
587,单,4624,羊,2
592,卞,374,六,2
592,卞,595,卡,2
592,卞,1205,大,2
593,卟,673,叶,2
593,卟,694,吓,2
594,占,11,与,2
595,卡,6503,长,2
598,卤,1012,囱,2
599,卦,1462,封,2
601,卩,448,刀,2
606,危,357,充,2
607,即,6143,邵,2
607,即,6157,郎,2
608,却,525,劫,2
608,却,6166,郝,2
615,厂,2,丁,2
618,历,619,厉,2
636,去,6503,长,2
638,县,382,具,2
641,又,45,乂,2
641,又,642,叉,2
642,叉,50,义,2
643,及,646,反,2
644,友,1612,左,2
647,发,95,交,2
649,取,4709,职,2
655,叠,2677,桑,2
656,口,398,冖,2
656,口,431,几,2
656,口,2512,曰,2
656,口,2900,比,2
657,古,671,右,2
657,古,685,吉,2
658,句,549,勿,2
658,句,2423,旬,2
659,另,521,劣,2
662,只,356,兄,2
664,召,4019,石,2
671,右,657,古,2
678,叼,747,呵,2
679,叽,740,呢,2
681,吃,738,呛,2
681,吃,1031,圪,2
682,各,5738,谷,2
685,吉,636,去,2
685,吉,727,告,2
685,吉,2554,杏,2
687,同,3929,目,2
689,后,3893,的,2
692,向,144,们,2
692,向,3890,白,2
692,向,6509,问,2
695,吕,790,品,2
696,吖,776,咩,2
697,吗,739,呜,2
699,吝,700,吞,2
710,听,2446,昕,2
711,吭,2439,昉,2
718,吸,729,呐,2
723,呀,4032,砑,2
725,呆,2543,朵,2
726,呈,716,吴,2
727,告,4889,舌,2
729,呐,677,叻,2
736,员,5763,贞,2
736,员,6713,页,2
738,呛,681,吃,2
740,呢,2458,昵,2
741,呤,701,吟,2
743,周,1016,固,2
747,呵,666,叮,2
747,呵,678,叼,2
749,呷,751,呻,2
750,呸,794,哇,2
752,呼,680,吁,2
760,咎,2448,昝,2
765,咕,3014,沽,2
776,咩,752,呼,2
777,咪,809,哚,2
779,咬,3898,皎,2
783,咳,711,吭,2
783,咳,779,咬,2
785,咸,2028,戚,2
787,咽,6356,铟,2
789,哀,5475,衰,2
789,哀,5477,衷,2
789,哀,5509,裒,2
794,哇,681,吃,2
795,哈,681,吃,2
798,响,2466,晌,2
805,哔,807,哗,2
812,哞,865,啤,2
815,哦,6805,饿,2
820,哭,4302,笼,2
828,唁,825,哼,2
829,唆,1563,峻,2
838,唠,1564,崂,2
842,唧,819,哪,2
848,唱,889,喈,2
850,唷,855,啃,2
852,唾,3971,睡,2
854,啁,787,咽,2
865,啤,807,哗,2
865,啤,874,啴,2
865,啤,4084,碑,2
880,啼,5917,蹄,2
890,喉,940,嗾,2
894,喑,850,唷,2
899,喝,848,唱,2
912,嗅,975,噢,2
913,嗉,931,嗪,2
914,嗌,5420,螠,2
918,嗓,979,噪,2
923,嗞,384,兹,2
927,嗤,872,啮,2
929,嗦,945,嘌,2
941,嘀,850,唷,2
946,嘎,911,嗄,2
956,嘧,991,嚓,2
959,嘱,973,噙,2
964,嘻,974,噜,2
967,噌,2519,曾,2
979,噪,3469,燥,2
982,噱,989,嚎,2
992,嚚,993,嚣,2
993,嚣,992,嚚,2
993,嚣,1966,意,2
996,嚼,987,嚅,2
1000,囚,1005,因,2
1001,四,1003,回,2
1001,四,1009,囫,2
1001,四,2512,曰,2
1002,囝,1006,囡,2
1002,囝,1007,团,2
1002,囝,1017,国,2
1003,回,6509,问,2
1004,囟,5457,血,2
1005,因,1006,囡,2
1006,囡,1003,回,2
1006,囡,1008,囤,2
1007,团,1011,困,2
1007,团,1016,固,2
1010,园,3487,爿,2
1011,困,1005,因,2
1012,囱,598,卤,2
1012,囱,692,向,2
1015,囹,1014,囵,2
1015,囹,1018,图,2
1016,固,1005,因,2
1016,固,1006,囡,2
1017,国,1006,囡,2
1017,国,1010,园,2
1018,图,1022,圆,2
1020,圃,1008,囤,2
1021,圄,1025,圊,2
1022,圆,1009,囫,2
1023,圈,743,周,2
1023,圈,1021,圄,2
1029,在,5958,车,2
1032,圬,1045,坊,2
1035,圯,1034,圮,2
1039,场,1044,均,2
1039,场,2068,扬,2
1039,场,3614,玚,2
1042,址,1063,坨,2
1042,址,2071,扯,2
1043,坂,2073,扳,2
1044,均,2129,拘,2
1045,坊,1613,巧,2
1049,坏,1839,怀,2
1051,坑,1054,坛,2
1052,块,413,决,2
1056,坝,3626,现,2
1058,坟,1045,坊,2
1058,坟,2356,攻,2
1058,坟,2359,故,2
1060,坡,2102,披,2
1060,坡,3631,玻,2
1066,坫,2117,拈,2
1068,坯,1097,垭,2
1071,坷,1044,均,2
1071,坷,1114,埘,2
1072,坻,2105,抵,2
1073,坼,2115,拆,2
1081,垍,2121,拍,2
1086,垞,1063,坨,2
1091,垣,1062,坦,2
1099,垯,2167,挞,2
1105,埃,1115,埙,2
1105,埃,2176,挨,2
1107,埋,1062,坦,2
1109,埏,1722,延,2
1115,埙,1116,埚,2
1115,埙,2197,损,2
1119,埠,1120,埤,2
1125,培,3423,焙,2
1126,基,3738,甚,2
1128,埽,1164,墁,2
1129,堀,2223,掘,2
1130,堂,367,党,2
1130,堂,4231,空,2
1131,堆,2229,推,2
1131,堆,6621,雄,2
1132,堇,6673,革,2
1133,堉,1169,墒,2
1156,塘,2284,搪,2
1157,塞,1422,室,2
1159,填,1091,垣,2
1171,墙,1148,堵,2
1171,墙,1362,嫱,2
1173,增,1993,憎,2
1175,墦,2322,播,2
1184,士,93,亡,2
1184,士,1611,工,2
1186,壮,559,北,2
1186,壮,2565,杧,2
1187,声,4957,芦,2
1191,夂,1197,夕,2
1191,夂,3481,父,2
1194,复,651,变,2
1195,夏,534,勇,2
1198,外,1192,处,2
1202,够,4197,移,2
1205,大,3353,火,2
1206,天,1208,夫,2
1206,天,1485,尺,2
1207,太,1612,左,2
1208,夫,1217,夹,2
1211,央,1213,失,2
1211,央,1217,夹,2
1211,央,5297,虫,2
1213,失,359,先,2
1213,失,1471,尖,2
1213,失,4010,矢,2
1215,夷,5767,责,2
1222,奄,1226,奋,2
1223,奇,814,哥,2
1224,奈,1218,夺,2
1232,奖,2689,桨,2
1235,奚,4626,美,2
1236,奠,1466,尊,2
1241,奴,645,双,2
1241,奴,1251,妇,2
1241,奴,2548,权,2
1243,奸,1245,好,2
1245,好,1242,奶,2
1245,好,1252,妈,2
1247,如,1293,姻,2
1250,妆,3529,状,2
1252,妈,1245,好,2
1253,妊,1276,始,2
1253,妊,1280,姓,2
1257,妖,1301,娇,2
1259,妙,3369,炒,2
1264,妨,1287,姞,2
1268,妮,1289,姥,2
1272,妻,5142,萋,2
1273,妾,1302,娈,2
1274,姆,1316,娴,2
1276,始,1246,妁,2
1276,始,1278,姑,2
1276,始,1280,姓,2
1277,姐,1293,姻,2
1278,姑,1264,妨,2
1280,姓,1297,娃,2
1281,委,1263,妥,2
1281,委,1302,娈,2
1286,姝,1271,妹,2
1291,姬,1268,妮,2
1293,姻,1274,姆,2
1295,姿,5800,资,2
1297,娃,1287,姞,2
1298,娄,1281,委,2
1301,娇,4015,矫,2
1307,娘,1322,婊,2
1307,娘,1341,媳,2
1317,娶,4714,聚,2
1318,娼,1337,媚,2
1320,婆,1305,娑,2
1323,婕,1290,姨,2
1326,婢,1331,婵,2
1335,婿,1337,媚,2
1337,媚,3590,猸,2
1346,嫂,1341,媳,2
1348,嫌,1323,婕,2
1370,子,76,予,2
1371,孑,2052,手,2
1375,字,1410,宗,2
1389,孪,2553,李,2
1391,孰,4462,纨,2
1396,孽,1393,孳,2
1396,孽,2338,擘,2
1398,宁,1375,字,2
1398,宁,1403,守,2
1399,它,1401,宅,2
1399,它,5609,记,2
1401,宅,1425,宪,2
1402,宇,1398,宁,2
1404,安,1401,宅,2
1404,安,3750,由,2
1406,完,1400,宄,2
1408,宓,1418,宠,2
1410,宗,1375,字,2
1410,宗,1432,家,2
1410,宗,4439,索,2
1412,宙,100,亩,2
1413,定,4928,良,2
1414,宛,4986,苑,2
1415,宜,1421,宣,2
1415,宜,3933,直,2
1416,宝,1399,它,2
1416,宝,1411,官,2
1417,实,3362,灾,2
1418,宠,1407,宏,2
1421,宣,1415,宜,2
1421,宣,4245,窗,2
1426,宫,1443,富,2
1431,宵,4758,胃,2
1432,家,404,冢,2
1432,家,5746,象,2
1434,容,5581,言,2
1435,宽,1425,宪,2
1436,宾,1417,实,2
1441,密,5377,蜜,2
1443,富,4248,窝,2
1446,寓,4228,穷,2
1446,寓,4248,窝,2
1448,寞,1435,宽,2
1449,察,991,嚓,2
1453,寨,5540,褰,2
1456,寸,2054,才,2
1458,寺,2052,手,2
1461,寿,1381,孝,2
1461,寿,6663,青,2
1466,尊,5071,荨,2
1467,小,1809,忄,2
1471,尖,820,哭,2
1472,尘,4945,芏,2
1476,尢,64,九,2
1483,尸,451,刃,2
1485,尺,3782,疋,2
1493,层,1499,屋,2
1496,屈,1493,层,2
1498,届,1495,居,2
1502,屐,1510,履,2
1504,展,6019,辰,2
1510,履,1509,屣,2
1511,屦,1508,屡,2
1515,屹,681,吃,2
1519,岂,4284,笔,2
1525,岔,3911,盆,2
1527,岗,1473,尚,2
1540,岳,7168,齿,2
1550,峋,1534,岣,2
1553,峡,1565,崃,2
1562,峰,1556,峥,2
1563,峻,1560,峪,2
1565,崃,1553,峡,2
1569,崔,5147,萑,2
1572,崞,825,哼,2
1577,崩,5143,萌,2
1578,崭,5248,蕲,2
1580,崴,5176,葳,2
1581,崽,1595,嵬,2
1608,州,577,卅,2
1608,州,1900,恻,2
1611,工,598,卤,2
1612,左,1029,在,2
1613,巧,46,乃,2
1614,巨,672,叵,2
1617,差,4625,羌,2
1617,差,4631,羞,2
1618,巯,3784,疏,2
1618,巯,4073,硫,2
1619,己,1621,巳,2
1620,已,62,乙,2
1626,币,618,历,2
1631,师,1629,帅,2
1634,帐,1844,怅,2
1638,帖,5784,贴,2
1643,帜,1638,帖,2
1651,帷,1942,惟,2
1667,干,81,于,2
1667,干,575,十,2
1667,干,576,千,2
1667,干,1483,尸,2
1668,平,54,乎,2
1668,平,1667,干,2
1669,年,168,伞,2
1669,年,401,军,2
1670,并,1230,奔,2
1670,并,1730,弃,2
1671,幸,6011,辛,2
1673,幻,1674,幼,2
1675,幽,445,凼,2
1675,幽,5751,豳,2
1677,庀,1687,应,2
1679,庆,1681,床,2
1683,序,1690,店,2
1686,库,622,厍,2
1693,府,1688,底,2
1695,废,1682,庋,2
1703,庵,1694,庞,2
1709,庾,1692,庚,2
1715,廓,6182,鄌,2
1716,廖,1452,寥,2
1721,廴,51,之,2
1724,建,6056,迷,2
1724,建,6082,速,2
1724,建,6088,逮,2
1725,廾,4933,艹,2
1731,弄,1729,异,2
1736,式,2862,武,2
1738,弓,4,万,2
1738,弓,685,吉,2
1742,弛,2963,池,2
1751,弯,99,亨,2
1760,录,2079,承,2
1760,录,3358,灵,2
1768,彦,4669,考,2
1768,彦,5581,言,2
1775,影,1774,彰,2
1781,往,1784,径,2
1781,往,4534,维,2
1782,征,5624,证,2
1783,徂,4488,组,2
1784,径,223,侄,2
1787,很,3547,狠,2
1789,徊,4490,细,2
1790,律,4466,纬,2
1796,徘,5682,诽,2
1797,徙,4562,缒,2
1804,徵,1803,微,2
1805,德,1947,惩,2
1808,心,133,仙,2
1810,必,1808,心,2
1810,必,3022,泌,2
1813,忌,1821,忘,2
1820,志,1821,忘,2
1824,忠,1918,患,2
1827,忧,164,优,2
1827,忧,2072,扰,2
1829,快,1052,块,2
1829,快,1876,恍,2
1834,忸,2576,杻,2
1835,忻,2585,析,2
1836,忽,1838,忿,2
1838,忿,1833,念,2
1838,忿,1858,怠,2
1839,怀,2570,杯,2
1842,怃,1864,怩,2
1843,怄,1851,怔,2
1846,怊,1915,悟,2
1848,怎,1817,忑,2
1851,怔,1878,恒,2
1852,怕,1637,帕,2
1852,怕,2121,拍,2
1854,怙,1862,性,2
1856,怜,182,伶,2
1856,怜,1837,忾,2
1856,怜,1894,恰,2
1856,怜,2609,柃,2
1857,思,1814,忍,2
1857,思,1824,忠,2
1859,怡,1894,恰,2
1863,怨,1848,怎,2
1863,怨,1850,怒,2
1865,怪,2634,柽,2
1867,怯,1844,怅,2
1878,恒,2678,桓,2
1878,恒,3399,烜,2
1879,恕,1850,怒,2
1881,恚,1880,恙,2
1887,恨,1917,悢,2
1888,恩,1814,忍,2
1889,恪,3397,烙,2
1890,恫,3401,烟,2
1891,恬,1854,怙,2
1891,恬,1859,怡,2
1892,恭,3043,泰,2
1892,恭,5042,茶,2
1893,息,1888,恩,2
1894,恰,1856,怜,2
1903,恿,1886,恧,2
1903,恿,1893,息,2
1906,悉,1875,恋,2
1908,悍,1902,恽,2
1908,悍,3416,焊,2
1910,悔,1901,恼,2
1910,悔,2697,梅,2
1913,悛,1965,愎,2
1916,悠,1872,恁,2
1917,悢,1887,恨,2
1919,悦,2714,棁,2
1920,您,1872,恁,2
1920,您,1916,悠,2
1922,悬,2482,景,2
1927,悴,1929,悻,2
1930,悼,2215,掉,2
1932,惆,1938,惘,2
1936,惑,403,冠,2
1937,惕,5386,蜴,2
1942,惟,1651,帷,2
1945,惧,271,俱,2
1945,惧,1855,怛,2
1950,惭,3185,渐,2
1951,惮,3427,焯,2
1953,惰,1931,情,2
1956,惶,1958,惺,2
1961,愆,1947,惩,2
1966,意,3412,烹,2
1966,意,4265,竟,2
1969,愚,7125,黑,2
1982,慑,2292,摄,2
1983,慕,5153,萦,2
1984,慝,1895,恳,2
1985,慢,1965,愎,2
1987,慧,1996,憝,2
1992,憋,1850,怒,2
1993,憎,1967,愔,2
1995,憖,1960,愁,2
1998,憨,1964,愍,2
1998,憨,1996,憝,2
2002,憾,2329,撼,2
2014,戈,2016,戋,2
2015,戊,2018,戍,2
2015,戊,7181,龙,2
2017,戌,2021,成,2
2019,戎,2023,戒,2
2021,成,2023,戒,2
2025,或,796,哉,2
2025,或,1736,式,2
2025,或,1769,彧,2
2028,戚,2021,成,2
2035,截,796,哉,2
2040,户,1483,尸,2
2043,房,2047,扅,2
2046,扃,4740,肩,2
2063,扦,2065,扩,2
2065,扩,2086,抒,2
2065,扩,2099,护,2
2068,扬,2129,拘,2
2069,扭,2576,杻,2
2070,扮,2123,拐,2
2072,扰,2135,拢,2
2073,扳,1043,坂,2
2073,扳,2579,板,2
2074,扶,2168,挟,2
2075,批,2094,抛,2
2078,找,2135,拢,2
2084,把,2104,抱,2
2085,抑,145,仰,2
2085,抑,6144,邶,2
2086,抒,2099,护,2
2086,抒,2123,拐,2
2086,抒,2140,拧,2
2087,抓,2136,拣,2
2088,抔,2570,杯,2
2089,投,2214,授,2
2090,抖,2120,拌,2
2091,抗,1051,坑,2
2091,抗,2569,杭,2
2092,折,2056,扑,2
2093,抚,2091,抗,2
2097,抡,2103,抬,2
2099,护,2643,栌,2
2100,报,2197,损,2
2101,抨,1065,坪,2
2101,抨,2063,扦,2
2101,抨,2090,抖,2
2101,抨,2174,挥,2
2102,披,2100,报,2
2103,抬,2117,拈,2
2103,抬,2154,拾,2
2105,抵,2092,折,2
2106,抹,2587,林,2
2108,押,2191,捍,2
2109,抽,2620,柚,2
2113,拄,2149,拴,2
2113,拄,2157,挂,2
2113,拄,2229,推,2
2113,拄,2631,柱,2
2114,担,1062,坦,2
2115,拆,2092,折,2
2117,拈,2103,抬,2
2118,拉,2198,捡,2
2122,拎,2198,捡,2
2123,拐,2059,扔,2
2124,拒,2096,抠,2
2126,拔,2080,技,2
2127,拖,2181,挹,2
2129,拘,1044,均,2
2129,拘,2121,拍,2
2132,招,2125,拓,2
2133,拜,6252,释,2
2135,拢,2078,找,2
2140,拧,2624,柠,2
2142,择,2191,捍,2
2143,括,2184,捂,2
2143,括,2250,插,2
2146,拯,2166,挝,2
2147,拱,3641,珙,2
2148,拳,1381,孝,2
2149,拴,2113,拄,2
2149,拴,2648,栓,2
2152,拼,2652,栟,2
2156,持,1874,恃,2
2156,持,2175,挦,2
2157,挂,2113,拄,2
2158,指,2192,捎,2
2158,指,2194,捐,2
2158,指,2248,描,2
2160,按,2102,披,2
2160,按,2672,桉,2
2164,挚,2159,挈,2
2164,挚,7051,鸷,2
2165,挛,1389,孪,2
2166,挝,2094,抛,2
2167,挞,1099,垯,2
2168,挟,2074,扶,2
2169,挠,2682,桡,2
2170,挡,2684,档,2
2171,挢,2173,挤,2
2172,挣,3555,狰,2
2176,挨,1105,埃,2
2178,挫,2157,挂,2
2179,振,2272,搌,2
2182,挺,2188,捉,2
2183,挽,2714,棁,2
2184,捂,3512,牾,2
2186,捅,2693,桶,2
2186,捅,2694,桷,2
2187,捆,2237,掴,2
2188,捉,2089,投,2
2189,捋,1110,埒,2
2191,捍,2215,掉,2
2192,捎,2158,指,2
2193,捏,2174,挥,2
2197,损,2261,援,2
2197,损,2683,桢,2
2198,捡,2139,拦,2
2199,换,2183,挽,2
2200,捣,1057,坞,2
2204,据,2143,括,2
2207,捶,2250,插,2
2208,捷,1323,婕,2
2209,捺,2136,拣,2
2210,捻,1117,埝,2
2210,捻,2122,拎,2
2214,授,2089,投,2
2215,掉,2203,捭,2
2217,掌,1402,宇,2
2217,掌,3497,牚,2
2219,掏,2232,掬,2
2220,掐,2158,指,2
2224,掠,2737,椋,2
2225,探,1172,墚,2
2229,推,2254,握,2
2231,措,2256,揩,2
2234,掮,2192,捎,2
2236,掳,2288,携,2
2237,掴,2187,捆,2
2240,掺,4418,糁,2
2245,揉,2333,操,2
2248,描,2250,插,2
2252,揞,2216,掊,2
2252,揞,2274,搐,2
2254,握,2206,捱,2
2254,握,2229,推,2
2256,揩,2231,措,2
2257,揪,2766,楸,2
2265,揾,6707,韫,2
2270,搅,2183,挽,2
2280,搞,2234,掮,2
2280,搞,2300,摘,2
2284,搪,1156,塘,2
2288,携,2798,槜,2
2290,搿,2235,掰,2
2296,摈,2799,槟,2
2299,摔,2101,抨,2
2299,摔,2203,捭,2
2299,摔,2687,桦,2
2300,摘,2280,搞,2
2301,摞,2308,摽,2
2302,摧,2229,推,2
2303,摩,6610,障,2
2311,撅,2822,橛,2
2312,撇,2314,撒,2
2312,撇,2319,撤,2
2313,撑,2317,撙,2
2314,撒,3311,潵,2
2322,播,2331,擂,2
2323,撮,2316,撖,2
2324,撰,2244,揆,2
2324,撰,2294,摆,2
2329,撼,2002,憾,2
2333,操,2225,探,2
2333,操,2245,揉,2
2339,擞,2314,撒,2
2342,擦,2224,掠,2
2342,擦,2347,攥,2
2351,攴,2350,支,2
2353,收,5311,蚊,2
2355,改,2356,攻,2
2355,改,2973,汶,2
2355,改,3612,玖,2
2355,改,3616,玟,2
2357,放,2371,敢,2
2358,政,2356,攻,2
2359,故,2357,放,2
2360,效,2357,放,2
2362,敌,2359,故,2
2364,救,2073,扳,2
2364,救,2580,极,2
2364,救,2589,枚,2
2367,教,2376,数,2
2369,敝,2364,救,2
2369,敝,5831,赦,2
2370,敞,6731,颇,2
2373,敦,2400,新,2
2380,文,51,之,2
2381,斋,4172,离,2
2387,料,2090,抖,2
2393,斤,123,介,2
2403,施,4475,纶,2
2404,旁,879,啻,2
2412,族,1754,强,2
2412,族,4527,续,2
2420,旧,1758,归,2
2422,早,579,午,2
2423,旬,687,同,2
2427,旰,4733,肝,2
2430,时,1457,对,2
2436,昂,686,吊,2
2439,昉,4741,肪,2
2440,昊,716,吴,2
2443,昏,3894,皆,2
2452,昧,3956,眯,2
2453,昨,867,啦,2
2460,昼,1488,尽,2
2464,晃,397,冕,2
2466,晌,1873,恂,2
2474,晚,4812,脱,2
2475,晞,832,唏,2
2479,晦,930,嗨,2
2479,晦,3964,睁,2
2481,普,2940,氰,2
2483,晰,823,哳,2
2483,晰,5382,蜥,2
2485,晴,2506,曙,2
2488,智,3950,眢,2
2489,晾,825,哼,2
2490,暂,7095,鹫,2
2496,暖,4809,脧,2
2497,暗,851,唼,2
2497,暗,2485,晴,2
2522,月,67,习,2
2525,朋,2442,明,2
2527,朐,2435,昀,2
2530,朗,4646,翊,2
2530,朗,6157,郎,2
2534,朦,3603,獴,2
2534,朦,4840,腺,2
2534,朦,5448,蠓,2
2535,木,2537,末,2
2535,木,2540,术,2
2536,未,2538,本,2
2536,未,4174,禾,2
2537,末,2541,朱,2
2538,本,34,丰,2
2538,本,2535,木,2
2540,术,2535,木,2
2541,朱,746,味,2
2543,朵,2541,朱,2
2543,朵,4293,笨,2
2546,杀,22,东,2
2547,杂,2543,朵,2
2549,杆,2574,杵,2
2554,杏,2626,查,2
2555,材,2556,村,2
2557,杓,2581,构,2
2559,杜,4130,社,2
2561,束,2537,末,2
2561,束,2564,来,2
2562,杠,2544,机,2
2562,杠,2559,杜,2
2563,条,682,各,2
2564,来,2547,杂,2
2564,来,2628,柬,2
2570,杯,2618,柘,2
2572,杲,725,呆,2
2572,杲,2590,果,2
2573,杳,2554,杏,2
2575,杷,2084,把,2
2576,杻,2069,扭,2
2577,杼,2086,抒,2
2579,板,2580,极,2
2579,板,2589,枚,2
2580,极,2638,标,2
2581,构,2129,拘,2
2581,构,2647,栒,2
2581,构,4396,粉,2
2583,枉,2560,杞,2
2583,枉,2666,桂,2
2584,枋,2555,材,2
2587,林,2655,株,2
2593,枢,2627,柩,2
2596,枧,5556,规,2
2598,枪,2621,柜,2
2601,枯,2591,枝,2
2601,枯,2618,柘,2
2602,枰,2101,抨,2
2602,枰,4188,秤,2
2606,枷,2766,楸,2
2607,枸,2129,拘,2
2607,枸,2612,柏,2
2607,枸,2647,栒,2
2610,柄,2595,枥,2
2612,柏,2697,梅,2
2612,柏,4399,粕,2
2613,某,5038,茱,2
2615,柒,2543,朵,2
2615,柒,2616,染,2
2615,柒,3192,渠,2
2616,染,2543,朵,2
2621,柜,2593,枢,2
2623,柞,2643,栌,2
2626,查,1226,奋,2
2631,柱,2645,栏,2
2633,柴,4441,紫,2
2638,标,1376,存,2
2638,标,2587,林,2
2639,栈,2078,找,2
2639,栈,2641,栊,2
2642,栋,2156,持,2
2642,栋,2712,梾,2
2644,栎,2642,栋,2
2648,栓,2713,检,2
2650,栗,4151,票,2
2651,栝,2644,栎,2
2653,校,2089,投,2
2653,校,2659,核,2
2655,株,2574,杵,2
2658,样,4149,祥,2
2666,桂,2631,柱,2
2669,桅,2636,栀,2
2671,案,1428,宰,2
2671,案,1449,察,2
2672,桉,2160,按,2
2673,桊,4189,秦,2
2676,桐,2680,桕,2
2676,桐,3381,炯,2
2677,桑,2617,柔,2
2678,桓,2612,柏,2
2679,桔,2601,枯,2
2679,桔,2704,梧,2
2682,桡,2169,挠,2
2684,档,2702,梢,2
2685,桤,1899,恺,2
2687,桦,2784,榫,2
2687,桦,3405,烨,2
2689,桨,2164,挚,2
2689,桨,4406,粢,2
2690,桩,2569,杭,2
2693,桶,2566,杨,2
2694,桷,2697,梅,2
2695,梁,2616,染,2
2697,梅,1910,悔,2
2698,梆,2238,掷,2
2698,梆,2747,椰,2
2700,梓,2602,枰,2
2706,梭,2653,校,2
2708,械,2801,槭,2
2709,梳,2659,核,2
2713,检,2609,柃,2
2713,检,2648,栓,2
2720,棕,2692,桴,2
2723,棠,1130,堂,2
2724,棣,1121,埭,2
2729,棱,4159,祾,2
2730,棵,4210,稞,2
2731,棹,2215,掉,2
2741,椑,4208,稗,2
2741,椑,5519,裨,2
2746,椭,2776,榍,2
2747,椰,6175,郴,2
2750,椽,2823,橡,2
2752,楂,2738,植,2
2755,楚,3677,琶,2
2757,楞,2604,枵,2
2757,楞,2745,椤,2
2759,楣,2776,榍,2
2759,楣,3590,猸,2
2761,楫,2251,揖,2
2762,楮,2800,槠,2
2764,楱,2780,榛,2
2772,榆,1963,愉,2
2773,榇,2700,梓,2
2773,榇,2720,棕,2
2774,榈,2268,搁,2
2778,榕,2837,檫,2
2781,榜,2732,棺,2
2797,槛,2685,桤,2
2809,模,2714,棁,2
2809,模,2743,椟,2
2817,橄,2747,椰,2
2820,橘,2300,摘,2
2825,橦,2318,撞,2
2825,橦,2821,橙,2
2827,橹,2327,撸,2
2836,檩,2829,檀,2
2837,檫,2342,擦,2
2851,款,2366,敖,2
2854,歇,2856,歌,2
2856,歌,1745,弥,2
2856,歌,2849,欹,2
2859,正,571,区,2
2862,武,72,乱,2
2863,歧,1523,岐,2
2867,歼,2881,殚,2
2872,殆,4045,砧,2
2875,殊,1286,姝,2
2875,殊,3643,珠,2
2887,殴,2845,欧,2
2900,比,559,北,2
2901,毕,4941,芊,2
2903,毗,703,吡,2
2909,毯,6431,锬,2
2918,氏,113,什,2
2918,氏,558,化,2
2918,氏,2900,比,2
2919,氐,2918,氏,2
2920,民,1487,尼,2
2920,民,4927,艮,2
2921,氓,3635,珉,2
2922,气,65,乞,2
2924,氖,2925,氘,2
2926,氙,2932,氤,2
2927,氚,2925,氘,2
2930,氡,2938,氮,2
2931,氢,2924,氖,2
2931,氢,2930,氡,2
2931,氢,2934,氧,2
2933,氦,2936,氩,2
2934,氧,2940,氰,2
2935,氨,2928,氛,2
2939,氯,2924,氖,2
2943,氵,5594,讠,2
2946,汀,2964,污,2
2950,汇,2962,江,2
2951,汈,3009,河,2
2956,汕,133,仙,2
2957,汗,3003,沪,2
2960,汝,4478,纹,2
2961,汞,1760,录,2
2965,汤,3017,泃,2
2966,汨,2420,旧,2
2968,汪,3038,注,2
2968,汪,5613,讵,2
2969,汭,4472,纳,2
2971,汲,5638,诐,2
2991,沙,4470,纱,2
2992,沚,5603,让,2
2992,沚,5624,证,2
2994,沟,2965,汤,2
2996,沣,3041,泮,2
2999,沦,4475,纶,2
3003,沪,3098,浐,2
3004,沫,3127,涑,2
3007,沱,5661,诧,2
3009,河,2964,污,2
3011,油,2974,汹,2
3012,治,3081,洺,2
3012,治,3084,洽,2
3015,沾,3014,沽,2
3015,沾,4263,站,2
3016,沿,415,冶,2
3016,沿,3013,沼,2
3016,沿,3015,沾,2
3019,泅,3039,泪,2
3019,泅,3057,洇,2
3020,泉,3373,炙,2
3028,泗,3056,洄,2
3030,泛,3038,注,2
3031,泜,5633,诋,2
3034,泡,5868,跑,2
3036,泣,3030,泛,2
3036,泣,3038,注,2
3038,注,2968,汪,2
3039,泪,2420,旧,2
3041,泮,3068,洣,2
3041,泮,4494,绊,2
3043,泰,4438,素,2
3045,泳,410,冰,2
3046,泵,3020,泉,2
3051,泻,3202,渴,2
3051,泻,5634,诌,2
3055,洁,217,佶,2
3055,洁,3113,浩,2
3055,洁,4503,结,2
3057,洇,3151,涸,2
3058,洋,3041,泮,2
3058,洋,3099,浑,2
3058,洋,5627,评,2
3059,洌,3097,浏,2
3063,洗,414,况,2
3063,洗,3090,浇,2
3068,洣,3041,泮,2
3068,洣,3064,洙,2
3072,洪,3087,浃,2
3082,活,3014,沽,2
3083,洼,3038,注,2
3084,洽,3055,洁,2
3090,浇,236,侥,2
3094,测,495,剕,2
3094,测,3097,浏,2
3099,浑,3140,涤,2
3101,浓,402,农,2
3104,浙,2398,断,2
3105,浚,3071,洨,2
3105,浚,3242,溲,2
3111,浥,3186,渑,2
3114,浪,1917,悢,2
3114,浪,3035,波,2
3117,浴,4519,绤,2
3119,浸,3288,漫,2
3119,浸,5724,谩,2
3121,涂,3115,浮,2
3123,消,3070,洧,2
3123,消,3156,淆,2
3124,涉,2861,步,2
3127,涑,3004,沫,2
3130,涕,1743,弟,2
3130,涕,3058,洋,2
3135,涟,6042,连,2
3137,涡,3159,淌,2
3139,涣,3131,涘,2
3140,涤,3121,涂,2
3142,涧,3056,洄,2
3142,涧,6515,间,2
3144,涩,6709,韭,2
3145,涪,3066,洛,2
3150,涵,2974,汹,2
3153,淀,3036,泣,2
3153,淀,3107,浞,2
3156,淆,3180,清,2
3156,淆,3190,渚,2
3159,淌,4531,绱,2
3160,淏,3218,湨,2
3161,淑,2369,敝,2
3162,淖,3058,洋,2
3171,淫,3260,滗,2
3171,淫,5718,谣,2
3173,淮,3299,潍,2
3174,深,3140,涤,2
3176,混,4532,绲,2
3180,清,3190,渚,2
3187,渔,3201,渲,2
3191,渝,3211,湔,2
3192,渠,2615,柒,2
3193,渡,3149,液,2
3197,温,3223,湿,2
3199,渭,3128,涓,2
3199,渭,3256,滑,2
3202,渴,3137,涡,2
3202,渴,3159,淌,2
3204,渺,3940,眇,2
3208,湍,4271,端,2
3212,湖,3308,潮,2
3212,湖,3685,瑚,2
3212,湖,4772,胡,2
3213,湘,3212,湖,2
3214,湛,3200,港,2
3218,湨,3243,溴,2
3224,溃,3183,渍,2
3224,溃,4556,缋,2
3225,溅,5781,贱,2
3233,溟,3160,淏,2
3235,溢,3231,溘,2
3243,溴,3326,澳,2
3256,滑,3128,涓,2
3256,滑,3199,渭,2
3256,滑,3592,猾,2
3257,滓,3292,漳,2
3257,滓,3307,潭,2
3263,滞,1646,带,2
3266,满,3311,潵,2
3270,滦,3134,涞,2
3270,滦,3238,溧,2
3270,滦,5699,谏,2
3271,滨,3233,溟,2
3272,滩,6626,雌,2
3275,滴,3258,滔,2
3277,漂,3164,淙,2
3280,漏,3313,潺,2
3281,漓,3698,璃,2
3284,漠,3252,滇,2
3286,漩,2409,旋,2
3287,漪,3574,猗,2
3288,漫,3119,浸,2
3291,漱,3166,淞,2
3299,潍,3333,濉,2
3302,潜,3312,潸,2
3302,潜,5729,谮,2
3303,潞,6893,骼,2
3304,潟,3202,渴,2
3317,澈,3318,澉,2
3322,澜,6546,阔,2
3323,澡,3174,深,2
3326,澳,1238,奥,2
3326,澳,3243,溴,2
3329,澹,5736,谵,2
3335,濒,3334,濑,2
3343,瀑,3295,漾,2
3343,瀑,3473,爆,2
3356,灯,666,叮,2
3359,灶,4130,社,2
3360,灸,3373,炙,2
3361,灼,1246,妁,2
3362,灾,1400,宄,2
3362,灾,3355,灭,2
3362,灾,4234,突,2
3373,炙,3360,灸,2
3376,炟,1855,怛,2
3382,炱,1858,怠,2
3389,炽,3398,烛,2
3395,烊,1087,垟,2
3396,烘,3389,炽,2
3403,烦,3404,烧,2
3404,烧,5356,蛲,2
3411,烷,1103,垸,2
3416,焊,3395,烊,2
3417,焌,1913,悛,2
3418,焐,3423,焙,2
3423,焙,3450,熔,2
3433,煌,1956,惶,2
3433,煌,3435,煜,2
3441,煮,1966,意,2
3460,熵,3465,燏,2
3464,燎,963,嘹,2
3481,父,47,久,2
3482,爷,2395,斧,2
3483,爸,4278,笆,2
3492,牌,5385,蜱,2
3497,牚,2217,掌,2
3498,牛,33,中,2
3498,牛,581,半,2
3500,牟,3506,牮,2
3501,牡,3508,牲,2
3502,牢,1419,审,2
3504,牧,2361,敉,2
3505,物,1885,恤,2
3505,物,3760,畅,2
3508,牲,1781,往,2
3508,牲,3503,牦,2
3510,特,1464,将,2
3514,犀,6020,辱,2
3524,犬,595,卡,2
3529,状,160,伏,2
3532,犹,3527,犰,2
3532,犹,3556,狱,2
3539,狍,3543,狗,2
3541,狐,1385,孤,2
3542,狒,2111,拂,2
3546,狞,2140,拧,2
3550,狩,3546,狞,2
3552,狭,2168,挟,2
3564,狼,3547,狠,2
3564,狼,4201,稂,2
3572,猕,3545,狝,2
3575,猛,3591,猹,2
3576,猜,3583,猪,2
3582,猩,3561,狸,2
3583,猪,3591,猹,2
3584,猫,3570,猎,2
3584,猫,3573,猖,2
3592,猾,3560,狷,2
3604,獾,2344,攉,2
3605,玄,83,云,2
3605,玄,96,亥,2
3605,玄,636,去,2
3606,率,585,卒,2
3606,率,6011,辛,2
3615,玛,3613,玙,2
3621,玦,5623,诀,2
3622,玩,3656,琉,2
3623,玫,1058,坟,2
3623,玫,2356,攻,2
3626,现,3610,玑,2
3626,现,5555,观,2
3629,玷,4263,站,2
3633,珂,1071,坷,2
3637,珍,2871,殄,2
3637,珍,5632,诊,2
3639,珐,3638,珏,2
3654,理,3561,狸,2
3656,琉,3622,玩,2
3656,琉,3665,琥,2
3656,琉,4073,硫,2
3660,琐,3123,消,2
3660,琐,6720,顼,2
3663,琢,3152,涿,2
3663,琢,3614,玚,2
3664,琤,5658,诤,2
3670,琬,4086,碗,2
3671,琮,3164,淙,2
3676,琵,3677,琶,2
3677,琶,4278,笆,2
3693,瑶,2295,摇,2
3698,璃,3281,漓,2
3698,璃,3679,瑀,2
3698,璃,4576,缡,2
3704,璐,3303,潞,2
3710,璧,3735,甓,2
3717,瓜,163,众,2
3739,甜,4484,绀,2
3740,生,1050,坐,2
3740,生,1472,尘,2
3742,用,3751,甲,2
3742,用,6519,闸,2
3744,甪,5569,角,2
3749,田,1007,团,2
3749,田,3742,用,2
3750,由,393,冉,2
3750,由,2513,曲,2
3750,由,6022,边,2
3751,甲,3752,申,2
3752,申,33,中,2
3752,申,3751,甲,2
3761,畈,3762,畋,2
3770,畜,1443,富,2
3771,略,5798,赂,2
3772,畦,1297,娃,2
3773,番,3944,看,2
3790,疙,3822,痉,2
3793,疟,3820,症,2
3796,疢,3802,疭,2
3800,疫,3791,疚,2
3801,疬,3819,病,2
3803,疮,3806,疱,2
3803,疮,3823,痊,2
3808,疳,3860,瘠,2
3815,疾,3817,痃,2
3815,疾,3838,痪,2
3818,痄,3841,痱,2
3819,病,3804,疯,2
3820,症,3829,痘,2
3822,痉,3805,疰,2
3822,痉,3823,痊,2
3822,痉,3829,痘,2
3823,痊,3803,疮,2
3825,痒,3849,瘅,2
3828,痖,3820,症,2
3828,痖,3829,痘,2
3829,痘,3822,痉,2
3835,痦,3865,瘩,2
3838,痪,3815,疾,2
3840,痰,3838,痪,2
3840,痰,3856,瘘,2
3847,瘁,3871,瘴,2
3852,瘌,3832,痢,2
3865,瘩,3837,痨,2
3866,瘪,5531,褒,2
3879,癌,3859,瘟,2
3890,白,4881,臼,2
3895,皇,726,呈,2
3897,皋,4876,臬,2
3902,皙,2490,暂,2
3905,皱,3907,皴,2
3910,盅,1824,忠,2
3919,监,36,临,2
3919,监,3269,滥,2
3919,监,3923,盗,2
3926,盟,3919,监,2
3926,盟,4647,翌,2
3929,目,2522,月,2
3930,盯,2429,旴,2
3930,盯,3931,盱,2
3931,盱,2429,旴,2
3932,盲,4747,育,2
3933,直,3948,真,2
3934,相,1890,恫,2
3934,相,2676,桐,2
3934,相,2739,椎,2
3935,盹,3943,眊,2
3935,盹,3951,眦,2
3944,看,2451,春,2
3944,看,3773,番,2
3944,看,4671,者,2
3944,看,6829,香,2
3949,眠,2458,昵,2
3953,眩,3769,畛,2
3955,眭,3772,畦,2
3955,眭,3975,睦,2
3956,眯,4802,脒,2
3959,眷,4885,舂,2
3961,眺,3951,眦,2
3962,眼,2660,根,2
3970,睛,3979,睹,2
3972,睢,3969,睚,2
3973,督,3983,瞀,2
3978,睬,3956,眯,2
3978,睬,3967,睐,2
3984,瞄,3986,瞌,2
3993,瞢,5204,蓇,2
3994,瞥,1734,弊,2
3994,瞥,2490,暂,2
3995,瞧,968,噍,2
3995,瞧,3439,照,2
4005,瞿,4654,翟,2
4010,矢,1206,天,2
4020,矶,4024,矾,2
4025,矿,4021,矸,2
4025,矿,4023,矽,2
4031,砍,4038,砚,2
4031,砍,4067,硕,2
4035,砖,4045,砧,2
4044,砦,4049,砮,2
4048,砭,4060,硁,2
4050,砰,4036,砗,2
4061,硅,4035,砖,2
4061,硅,4060,硁,2
4061,硅,4075,硭,2
4066,硒,4027,码,2
4067,硕,6732,颈,2
4067,硕,6733,颉,2
4074,硬,4068,硖,2
4076,确,4071,硝,2
4083,碎,6014,辟,2
4086,碗,3778,畹,2
4094,碥,4076,确,2
4096,碰,4104,磁,2
4100,碴,5918,蹅,2
4108,磋,4104,磁,2
4114,磬,5591,謦,2
4127,示,97,亦,2
4127,示,374,六,2
4127,示,1375,字,2
4127,示,4436,系,2
4129,礼,4130,社,2
4139,祖,5489,袒,2
4145,神,183,伸,2
4151,票,2650,栗,2
4151,票,4405,粟,2
4151,票,4439,索,2
4156,祸,5526,裼,2
4163,禅,4149,祥,2
4170,禹,6642,需,2
4174,禾,2052,手,2
4174,禾,4127,示,2
4175,秀,6829,香,2
4178,秆,4188,秤,2
4180,秋,3536,狄,2
4180,秋,4185,秘,2
4182,科,4181,种,2
4184,秕,4199,秾,2
4186,租,4194,积,2
4186,租,4400,粗,2
4189,秦,2673,桊,2
4191,秩,2074,扶,2
4191,秩,4180,秋,2
4192,秫,4187,秣,2
4194,积,2603,枳,2
4195,称,4202,稃,2
4201,稂,2660,根,2
4202,稃,2692,桴,2
4209,稚,6622,雅,2
4212,稣,6210,酥,2
4217,稼,4195,称,2
4220,穀,2892,毂,2
4227,究,1400,宄,2
4227,究,4228,穷,2
4228,穷,521,劣,2
4231,空,1411,官,2
4232,穿,4606,罕,2
4234,突,1417,实,2
4234,突,1436,宾,2
4235,窃,4239,窈,2
4236,窄,1434,容,2
4241,窑,4244,窖,2
4242,窒,1416,宝,2
4242,窒,4233,窀,2
4244,窖,1429,害,2
4248,窝,1446,寓,2
4249,窟,5377,蜜,2
4264,竞,4177,秃,2
4266,章,6553,阜,2
4267,竣,3105,浚,2
4267,竣,5621,设,2
4270,竭,3202,渴,2
4270,竭,5702,谒,2
4271,端,4566,编,2
4272,竹,5460,行,2
4275,竿,2901,毕,2
4275,竿,4274,竽,2
4278,笆,738,呛,2
4283,笑,716,吴,2
4288,笞,4313,答,2
4291,笥,4312,筒,2
4292,符,403,冠,2
4295,笫,4296,第,2
4296,第,1743,弟,2
4302,笼,1418,宠,2
4305,筇,4311,筑,2
4306,等,4232,穿,2
4307,筋,536,勋,2
4312,筒,4291,笥,2
4314,策,4293,笨,2
4314,策,4295,笫,2
4319,筝,4274,竽,2
4329,筼,4359,篑,2
4330,签,4289,笠,2
4330,签,4308,筌,2
4330,签,5105,莶,2
4343,箦,4384,簧,2
4349,箬,5091,莙,2
4353,箸,4334,箐,2
4355,篆,4335,箓,2
4356,篇,4361,篙,2
4361,篙,4370,篱,2
4365,篢,4343,箦,2
4369,篮,2500,暨,2
4369,篮,3921,盔,2
4370,篱,5214,蓠,2
4382,簠,4377,簋,2
4384,簧,4343,箦,2
4386,簸,1603,巅,2
4389,籁,4378,簌,2
4391,米,581,半,2
4391,米,2537,末,2
4391,米,2541,朱,2
4393,类,4409,粪,2
4398,粒,4401,粘,2
4401,粘,4398,粒,2
4410,粮,3413,烺,2
4429,糜,2303,摩,2
4439,索,1379,孛,2
4439,索,4437,紊,2
4440,紧,4442,累,2
4441,紫,4443,絮,2
4444,絷,2164,挚,2
4453,纟,68,乡,2
4454,纠,4458,纤,2
4458,纤,136,仟,2
4458,纤,2957,汗,2
4458,纤,4455,纡,2
4464,纪,1516,屺,2
4464,纪,4456,红,2
4467,纭,4507,绘,2
4469,纰,4477,纸,2
4472,纳,2969,汭,2
4472,纳,4462,纨,2
4475,纶,174,伦,2
4476,纷,152,份,2
4476,纷,4479,纺,2
4476,纷,4506,绗,2
4477,纸,191,低,2
4480,纻,177,伫,2
4481,纽,4488,组,2
4483,线,4502,绒,2
4485,绁,4484,绀,2
4488,组,1783,徂,2
4488,组,4490,细,2
4488,组,5628,诅,2
4492,终,269,修,2
4492,终,4511,络,2
4494,绊,149,件,2
4498,绎,5639,译,2
4499,经,1749,弪,2
4499,经,3054,泾,2
4499,经,4464,纪,2
4500,绐,4508,给,2
4503,结,217,佶,2
4503,结,223,侄,2
4503,结,3055,洁,2
4505,绕,3090,浇,2
4509,绚,3079,洵,2
4509,绚,5656,询,2
4509,绚,6798,饷,2
4512,绝,4475,纶,2
4513,绞,402,农,2
4514,统,3086,流,2
4516,绡,4517,绢,2
4520,绥,4563,缓,2
4525,绪,4516,绡,2
4525,绪,6411,锗,2
4531,绱,1798,徜,2
4531,绱,4516,绡,2
4533,绳,4512,绝,2
4538,绸,425,凋,2
4542,综,1410,宗,2
4542,综,4580,缥,2
4543,绽,6432,锭,2
4545,绿,4568,缘,2
4550,缄,5648,诚,2
4551,缅,4566,编,2
4556,缋,4524,绩,2
4563,缓,4526,绫,2
4563,缓,5706,谖,2
4566,编,2045,扁,2
4566,编,5713,谝,2
4568,缘,4545,绿,2
4578,缣,5721,谦,2
4579,缤,327,傧,2
4583,缨,3703,璎,2
4593,缲,3323,澡,2
4595,缴,331,傲,2
4595,缴,1803,微,2
4599,缺,5856,趺,2
4599,缺,6349,铗,2
4604,网,392,冈,2
4606,罕,401,军,2
4607,罗,2434,旻,2
4626,美,4409,粪,2
4628,羔,3922,盖,2
4629,羚,6333,铃,2
4633,羡,3922,盖,2
4634,群,6167,郡,2
4666,翼,388,冀,2
4666,翼,4647,翌,2
4669,考,1381,孝,2
4669,考,5095,莠,2
4671,者,5001,若,2
4674,而,5550,西,2
4674,而,6671,面,2
4676,耐,6198,酎,2
4683,耙,4397,粑,2
4683,耙,4681,耗,2
4692,耪,2781,榜,2
4698,耶,6135,邪,2
4698,耶,6145,邸,2
4703,耿,4701,耻,2
4707,聊,2632,柳,2
4708,聋,4699,耷,2
4730,肚,3501,牡,2
4732,肜,1767,彤,2
4733,肝,2431,旷,2
4734,肟,4741,肪,2
4735,肠,3760,畅,2
4736,股,4788,胶,2
4736,股,4829,腚,2
4740,肩,2046,扃,2
4744,肮,4741,肪,2
4744,肮,4794,脆,2
4745,肯,2421,旨,2
4747,育,3770,畜,2
4747,育,6710,音,2
4748,肴,1237,奢,2
4748,肴,1632,希,2
4757,胂,4768,胛,2
4758,胃,396,冒,2
4758,胃,4759,胄,2
4763,胎,4741,肪,2
4764,胖,4754,肿,2
4764,胖,4802,脒,2
4767,胚,4815,脸,2
4769,胜,3995,瞧,2
4769,胜,4760,胆,2
4771,胞,4908,舱,2
4775,胧,6575,陇,2
4782,胯,3769,畛,2
4782,胯,4765,胗,2
4782,胯,4846,膀,2
4786,胳,3771,略,2
4787,胴,1890,恫,2
4789,胸,2527,朐,2
4789,胸,4735,肠,2
4794,脆,4771,胞,2
4796,脊,4745,肯,2
4799,脏,4767,胚,2
4801,脑,1901,恼,2
4808,脞,4769,胜,2
4811,脯,5795,贿,2
4812,脱,4806,脘,2
4822,腐,4862,膺,2
4826,腔,4779,胫,2
4827,腕,3778,畹,2
4828,腙,4840,腺,2
4831,腥,4808,脞,2
4831,腥,4869,臊,2
4833,腩,4811,脯,2
4836,腰,4790,胺,2
4839,腹,4736,股,2
4840,腺,4795,脉,2
4845,腿,3445,煺,2
4846,膀,4860,膪,2
4846,膀,4861,膳,2
4852,膘,4828,腙,2
4854,膛,4826,腔,2
4864,臀,4866,臂,2
4869,臊,3966,睇,2
4869,臊,4798,脎,2
4874,臧,4550,缄,2
4878,至,378,关,2
4878,至,5740,豆,2
4879,致,2358,政,2
4881,臼,3890,白,2
4889,舌,657,古,2
4908,舱,4911,舵,2
4910,舴,4916,舻,2
4911,舵,4908,舱,2
4923,艘,3987,瞍,2
4927,艮,4928,良,2
4931,艳,2104,抱,2
4934,艺,4947,芒,2
4934,艺,4952,芝,2
4937,艿,4944,芎,2
4937,艿,4968,芳,2
4941,芊,5008,苹,2
4943,芍,4996,苟,2
4945,芏,4947,芒,2
4946,芑,4944,芎,2
4947,芒,4934,艺,2
4947,芒,4945,芏,2
4950,芙,4951,芜,2
4951,芜,4625,羌,2
4951,芜,4961,芫,2
4952,芝,4961,芫,2
4957,芦,4948,芗,2
4962,芬,619,厉,2
4962,芬,4969,芴,2
4963,芭,4983,苍,2
4965,芯,5241,蕊,2
4967,花,5020,茌,2
4968,芳,5002,苦,2
4972,芹,4956,芥,2
4976,苁,4998,苡,2
4978,苇,1743,弟,2
4981,苋,4954,芡,2
4983,苍,4995,苞,2
4986,苑,4955,芤,2
4991,苗,4994,苜,2
4993,苛,2445,昔,2
4994,苜,5040,茴,2
4995,苞,1532,岜,2
4996,苟,4943,芍,2
4996,苟,4969,芴,2
5002,苦,4989,苔,2
5004,苯,5042,茶,2
5005,英,4954,芡,2
5005,英,5075,荬,2
5005,英,5099,莫,2
5005,英,5158,萸,2
5008,苹,4941,芊,2
5011,茁,7168,齿,2
5014,茄,5044,茹,2
5016,茆,5028,茚,2
5020,茌,5053,荏,2
5023,茑,5140,萄,2
5032,茧,5011,茁,2
5033,茨,4954,芡,2
5035,茬,5054,荐,2
5038,茱,5019,茉,2
5039,茳,5076,荭,2
5040,茴,4991,苗,2
5040,茴,4996,苟,2
5040,茴,5047,荀,2
5042,茶,5038,茱,2
5042,茶,5123,菜,2
5045,茺,5056,荒,2
5046,茼,4992,苘,2
5052,草,5069,荦,2
5054,荐,4671,者,2
5059,荚,5005,英,2
5062,荞,5064,荠,2
5064,荠,5062,荞,2
5068,荥,5066,荣,2
5079,荷,5009,苻,2
5080,荸,5192,蒡,2
5081,荻,5156,萩,2
5082,荼,5148,萘,2
5083,荽,5097,莩,2
5083,荽,5186,蒌,2
5085,莆,5194,蒲,2
5086,莉,5050,荆,2
5087,莎,5119,菏,2
5091,莙,5095,莠,2
5092,莛,5102,莲,2
5100,莰,5033,茨,2
5108,莹,5151,萤,2
5109,莺,5023,茑,2
5111,莽,5173,葬,2
5117,菊,5169,葡,2
5118,菌,5234,蔺,2
5119,菏,4992,苘,2
5121,菖,2517,曹,2
5126,菠,3807,疲,2
5132,菱,4966,芰,2
5133,菲,4615,罪,2
5143,萌,5074,荫,2
5147,萑,5240,蕉,2
5148,萘,5082,荼,2
5150,萝,5152,营,2
5150,萝,5224,蔓,2
5157,萱,6113,遭,2
5160,落,1155,塔,2
5164,著,5207,蓍,2
5169,葡,554,匍,2
5172,葫,5195,蒴,2
5181,蒂,1644,帝,2
5186,蒌,5142,萋,2
5196,蒸,5240,蕉,2
5199,蒽,5243,蕙,2
5205,蓉,1434,容,2
5207,蓍,4672,耆,2
5207,蓍,5164,著,2
5209,蓑,5096,莨,2
5225,蔗,1704,庶,2
5229,蔫,5097,莩,2
5236,蔼,5247,蕰,2
5238,蕃,5231,蔷,2
5247,蕰,5249,蕴,2
5249,蕴,5212,蓝,2
5262,薪,1578,崭,2
5262,薪,2400,新,2
5264,薯,2501,暮,2
5264,薯,5113,菁,2
5265,薰,5170,董,2
5288,虍,5289,虎,2
5292,虑,5294,虚,2
5298,虬,5301,虹,2
5300,虱,637,厾,2
5303,虻,5304,虼,2
5305,虽,25,丢,2
5313,蚌,5324,蚪,2
5313,蚌,5346,蛙,2
5324,蚪,5313,蚌,2
5327,蚰,5342,蛐,2
5333,蛀,5318,蚝,2
5333,蛀,5341,蛏,2
5346,蛙,794,哇,2
5349,蛟,5311,蚊,2
5353,蛮,4264,竞,2
5354,蛰,5793,贽,2
5360,蛹,5407,蝻,2
5366,蜈,1314,娱,2
5366,蜈,5381,蜣,2
5370,蜎,5359,蛸,2
5375,蜘,5329,蚴,2
5375,蜘,5900,踟,2
5382,蜥,5394,蝌,2
5391,蝇,5390,蜿,2
5395,蝎,4270,竭,2
5395,蝎,5401,蝤,2
5398,蝙,5360,蛹,2
5398,蝙,5915,蹁,2
5405,蝴,3685,瑚,2
5423,螫,5402,蝥,2
5426,螯,5423,螫,2
5432,蟆,5410,蝾,2
5432,蟆,5450,蠖,2
5434,蟋,5439,蟠,2
5445,蠃,4639,羸,2
5449,蠕,5398,蝙,2
5460,行,4455,纡,2
5461,衍,144,们,2
5464,衙,5463,街,2
5464,衙,5465,衡,2
5465,衡,5462,衔,2
5469,补,4474,纵,2
5473,衬,2556,村,2
5474,衮,366,兖,2
5475,衰,5477,衷,2
5475,衰,5525,裹,2
5477,衷,789,哀,2
5480,衿,5500,袷,2
5480,衿,5511,裕,2
5481,袁,789,哀,2
5481,袁,5470,表,2
5490,袖,4145,神,2
5504,装,2376,数,2
5504,装,5523,裴,2
5513,裙,5527,裾,2
5516,裣,4077,硷,2
5519,裨,4163,禅,2
5522,裳,997,囊,2
5522,裳,2723,棠,2
5524,裸,5506,裈,2
5525,裹,5544,襄,2
5538,褪,3445,煺,2
5544,襄,5477,衷,2
5550,西,26,两,2
5551,要,1404,安,2
5554,见,356,兄,2
5554,见,5762,贝,2
5562,觊,436,凯,2
5583,訇,556,匐,2
5596,订,1673,幻,2
5597,讣,5598,认,2
5598,认,140,以,2
5599,讥,120,仇,2
5600,讦,5616,许,2
5601,讧,2962,江,2
5601,讧,4456,红,2
5602,讨,4457,纣,2
5603,让,2992,沚,2
5603,让,5624,证,2
5605,讫,4459,纥,2
5606,训,1607,川,2
5607,议,142,仪,2
5609,记,2950,汇,2
5609,记,2955,汔,2
5609,记,2959,汜,2
5609,记,2962,江,2
5611,讳,4137,祎,2
5611,讳,4466,纬,2
5612,讴,5624,证,2
5614,讶,171,伢,2
5614,讶,5600,讦,2
5615,讷,4472,纳,2
5616,许,148,仵,2
5618,论,4475,纶,2
5619,讼,2980,沄,2
5619,讼,5618,论,2
5621,设,1778,役,2
5622,访,4479,纺,2
5623,诀,3621,玦,2
5624,证,2992,沚,2
5624,证,5613,讵,2
5624,证,5665,诬,2
5627,评,3041,泮,2
5630,诈,202,作,2
5631,诉,2978,沂,2
5632,诊,3637,珍,2
5633,诋,191,低,2
5634,诌,3187,渔,2
5634,诌,4493,绉,2
5635,词,184,伺,2
5635,词,3009,河,2
5635,词,5626,诃,2
5635,词,6793,饲,2
5644,诖,215,佳,2
5645,诗,3102,浔,2
5648,诚,5664,诫,2
5649,诛,228,侏,2
5650,诜,3063,洗,2
5651,话,3113,浩,2
5651,话,5666,语,2
5653,诟,1090,垢,2
5658,诤,420,净,2
5658,诤,3555,狰,2
5659,该,1083,垓,2
5660,详,5658,诤,2
5661,诧,3007,沱,2
5663,诩,4646,翊,2
5668,误,3160,淏,2
5671,诲,243,侮,2
5673,说,3120,浼,2
5675,诶,5693,谈,2
5677,诸,5676,请,2
5677,诸,5679,诺,2
5679,诺,3072,洪,2
5679,诺,3190,渚,2
5680,读,3139,涣,2
5683,课,5662,诨,2
5685,谀,3242,溲,2
5688,调,3151,涸,2
5692,谇,3172,淬,2
5694,谊,3187,渔,2
5694,谊,3681,瑄,2
5695,谋,3198,渫,2
5698,谎,5230,蔬,2
5700,谐,5679,诺,2
5700,谐,5732,谱,2
5702,谒,306,偈,2
5703,谓,3256,滑,2
5709,谙,5677,诸,2
5711,谛,4564,缔,2
5716,谡,333,傻,2
5717,谢,1161,塮,2
5718,谣,3693,瑶,2
5719,谤,324,傍,2
5723,谨,3267,滢,2
5727,谬,3699,璆,2
5727,谬,4585,缪,2
5729,谮,3302,潜,2
5730,谯,340,僬,2
5732,谱,3180,清,2
5735,谴,4592,缱,2
5740,豆,4260,立,2
5743,豌,4086,碗,2
5746,象,1432,家,2
5746,象,1761,彖,2
5749,豪,5189,蒙,2
5750,豫,1395,孺,2
5750,豫,6728,预,2
5764,负,736,员,2
5764,负,6713,页,2
5767,责,5785,贵,2
5767,责,5789,费,2
5767,责,6663,青,2
5772,质,1494,屃,2
5773,贩,3761,畈,2
5773,贩,5769,败,2
5775,贫,5774,贪,2
5777,购,2435,昀,2
5777,购,4789,胸,2
5778,贮,5776,贬,2
5783,贳,5779,贯,2
5784,贴,5786,贶,2
5784,贴,6761,飐,2
5789,费,5805,赉,2
5791,贻,5784,贴,2
5792,贼,5807,赋,2
5798,赂,6800,饹,2
5800,资,5768,贤,2
5803,赇,5781,贱,2
5807,赋,5792,贼,2
5808,赌,328,储,2
5817,赖,6734,颊,2
5842,趁,5846,趋,2
5844,超,5841,起,2
5846,趋,5842,趁,2
5852,足,6037,还,2
5856,趺,5864,跌,2
5858,趾,5867,跐,2
5860,跃,5864,跌,2
5868,跑,6792,饱,2
5872,跛,5859,趿,2
5874,跞,5903,踩,2
5883,跳,1284,姚,2
5883,跳,3646,珧,2
5884,践,4483,线,2
5886,跷,4505,绕,2
5886,跷,6797,饶,2
5889,跺,5898,踝,2
5889,跺,6806,馀,2
5895,踌,6380,铸,2
5899,踞,3661,琚,2
5908,踱,5872,跛,2
5919,蹇,5821,赛,2
5933,蹬,3316,澄,2
5947,躏,5930,蹢,2
5952,身,3496,牙,2
5955,躲,5953,躬,2
5956,躺,4918,艄,2
5958,车,22,东,2
5958,车,1668,平,2
5961,轩,5975,轷,2
5966,轮,2097,抡,2
5972,轴,5989,辅,2
5972,轴,6330,铀,2
5974,轶,5973,轵,2
5977,轹,5975,轷,2
5977,轹,6334,铄,2
5979,轻,5985,辁,2
5981,载,5502,裁,2
5982,轾,5979,轻,2
5983,轿,6854,骄,2
5987,较,6372,铰,2
5992,辈,2180,挲,2
5994,辊,6419,锟,2
6003,输,2243,揄,2
6010,辚,3705,璘,2
6011,辛,585,卒,2
6013,辞,4050,砰,2
6014,辟,4083,碎,2
6018,辫,6016,辨,2
6023,辽,6030,迈,2
6024,达,2571,杰,2
6026,迂,6023,辽,2
6026,迂,6034,迓,2
6026,迂,6036,迕,2
6027,迄,6040,远,2
6028,迅,13,丑,2
6028,迅,6060,退,2
6030,迈,6037,还,2
6038,这,6023,辽,2
6040,远,6037,还,2
6042,连,6082,速,2
6048,迨,6059,追,2
6052,迭,6024,达,2
6053,迮,154,企,2
6053,迮,6059,追,2
6056,迷,1724,建,2
6056,迷,6054,述,2
6056,迷,6073,逑,2
6056,迷,6083,造,2
6058,迹,6034,迓,2
6058,迹,6042,连,2
6058,迹,6049,迩,2
6058,迹,6069,逋,2
6062,适,4889,舌,2
6062,适,6071,透,2
6063,逃,6056,迷,2
6064,逄,4371,篷,2
6066,逆,6061,送,2
6067,选,5058,荙,2
6067,选,6027,迄,2
6068,逊,6072,逐,2
6071,透,6041,违,2
6075,途,3121,涂,2
6075,途,6049,迩,2
6075,途,6095,逾,2
6078,通,6031,迎,2
6078,通,6094,逼,2
6082,速,6056,迷,2
6085,逢,6074,递,2
6089,逯,6088,逮,2
6093,逻,6101,遏,2
6094,逼,6100,遍,2
6095,逾,6075,途,2
6097,遂,6066,逆,2
6097,遂,6072,逐,2
6101,遏,3197,温,2
6101,遏,6109,遢,2
6105,道,6078,通,2
6105,道,6116,遵,2
6106,遗,6107,遘,2
6111,遥,6092,逸,2
6114,遮,6092,逸,2
6132,邢,607,即,2
6132,邢,6135,邪,2
6133,那,6144,邶,2
6135,邪,609,卵,2
6137,邮,6138,邯,2
6138,邯,6137,邮,2
6143,邵,6167,郡,2
6156,郊,2360,效,2
6156,郊,4132,祁,2
6156,郊,6173,郭,2
6159,郐,6148,邻,2
6165,郜,613,卻,2
6166,郝,6177,都,2
6171,部,496,剖,2
6171,部,611,卸,2
6171,部,6173,郭,2
6175,郴,6144,邶,2
6176,郸,6181,鄄,2
6180,鄂,6164,郛,2
6183,鄘,6182,鄌,2
6184,鄙,6177,都,2
6193,酉,6671,面,2
6195,酋,6826,首,2
6200,酐,6194,酊,2
6205,酞,6209,酤,2
6213,酪,3303,潞,2
6213,酪,4063,硌,2
6213,酪,6223,酷,2
6221,酵,6230,醇,2
6223,酷,6217,酰,2
6224,酸,3774,畯,2
6250,采,2052,手,2
6250,采,4436,系,2
6259,鉴,1573,崟,2
6259,鉴,3919,监,2
6269,鏊,6267,鍪,2
6280,钌,6277,钉,2
6282,钎,6276,针,2
6283,钏,6278,钊,2
6291,钙,6280,钌,2
6298,钠,4472,纳,2
6299,钡,6304,钦,2
6304,钦,5967,软,2
6304,钦,6310,钬,2
6305,钧,4460,约,2
6307,钩,4509,绚,2
6307,钩,6300,钢,2
6317,钳,4484,绀,2
6324,钺,6348,铖,2
6325,钻,6309,钫,2
6325,钻,6318,钴,2
6330,铀,3011,油,2
6330,铀,5972,轴,2
6331,铁,6362,铥,2
6332,铂,6326,钼,2
6335,铅,4500,绐,2
6335,铅,6325,钻,2
6336,铆,3027,泖,2
6344,铐,6416,锜,2
6347,铕,6388,销,2
6352,铛,4493,绉,2
6353,铜,6303,钥,2
6354,铝,6325,钻,2
6354,铝,6335,铅,2
6355,铞,6393,锅,2
6356,铟,6421,锢,2
6359,铢,6384,铼,2
6360,铣,6331,铁,2
6364,铨,6333,铃,2
6372,铰,4513,绞,2
6372,铰,6801,饺,2
6373,铱,6292,钚,2
6373,铱,6802,饻,2
6374,铲,6291,钙,2
6380,铸,6451,镂,2
6382,铺,6388,销,2
6388,销,6347,铕,2
6389,锁,6342,铍,2
6389,锁,6388,销,2
6389,锁,6453,镄,2
6393,锅,6420,锡,2
6399,锋,6400,锌,2
6404,锐,5673,说,2
6404,锐,6360,铣,2
6405,锑,4523,绨,2
6411,锗,6412,锘,2
6413,错,6394,锆,2
6413,错,6410,锖,2
6414,锚,6347,铕,2
6424,锥,4534,维,2
6429,锪,6369,铭,2
6432,锭,6372,铰,2
6433,键,313,健,2
6433,键,6432,锭,2
6434,锯,3661,琚,2
6438,锴,6413,错,2
6444,锺,6423,锤,2
6456,镇,4572,缜,2
6460,镋,6404,锐,2
6462,镍,6418,锞,2
6465,镐,4574,缟,2
6465,镐,6410,锖,2
6465,镐,6478,镝,2
6477,镜,6460,镋,2
6480,镟,6479,镞,2
6502,镶,1183,壤,2
6503,长,1485,尺,2
6503,长,3524,犬,2
6504,门,390,冂,2
6504,门,2946,汀,2
6506,闪,392,冈,2
6506,闪,6518,闷,2
6508,闭,6513,闲,2
6509,问,692,向,2
6510,闯,6524,闽,2
6512,闱,6520,闹,2
6514,闳,6517,闶,2
6518,闷,4604,网,2
6518,闷,6509,问,2
6521,闺,6512,闱,2
6521,闺,6529,阂,2
6521,闺,6532,阅,2
6522,闻,6510,闯,2
6522,闻,6515,间,2
6522,闻,6544,阑,2
6524,闽,6532,阅,2
6525,闾,6507,闫,2
6525,闾,6537,阊,2
6528,阁,1018,图,2
6528,阁,5688,调,2
6529,阂,6517,闶,2
6529,阂,6521,闺,2
6532,阅,6517,闶,2
6532,阅,6538,阋,2
6539,阌,6528,阁,2
6541,阎,3245,溷,2
6541,阎,6537,阊,2
6543,阐,6519,闸,2
6544,阑,6543,阐,2
6544,阑,6549,阗,2
6559,阮,6557,阢,2
6563,阴,2442,明,2
6565,阶,6569,阿,2
6569,阿,6563,阴,2
6570,陀,6561,防,2
6575,陇,767,咙,2
6575,陇,2461,昽,2
6578,陋,3383,炳,2
6579,陌,6598,陷,2
6581,限,6607,隗,2
6588,除,6576,陈,2
6591,险,3968,睑,2
6592,陪,5902,踣,2
6592,陪,6587,院,2
6598,陷,6579,陌,2
6603,隍,1956,惶,2
6606,隔,6598,陷,2
6609,隙,6588,除,2
6614,隶,4718,聿,2
6621,雄,4085,碓,2
6623,集,6616,隼,2
6633,雨,628,厢,2
6639,雷,6642,需,2
6641,雾,6634,雩,2
6648,霉,5552,覃,2
6650,霎,6636,雯,2
6655,霞,6658,霰,2
6668,非,358,兆,2
6671,面,3891,百,2
6673,革,5008,苹,2
6673,革,5090,莘,2
6675,靳,5248,蕲,2
6675,靳,5262,薪,2
6685,鞋,5982,轾,2
6690,鞘,6694,鞧,2
6710,音,3932,盲,2
6710,音,5581,言,2
6711,韵,5753,豹,2
6713,页,736,员,2
6717,项,2841,次,2
6717,项,6714,顶,2
6718,顺,6715,顷,2
6719,须,6726,颂,2
6719,须,6789,饮,2
6722,顾,6739,颐,2
6723,顿,6733,颉,2
6724,颀,2843,欣,2
6725,颁,2844,欤,2
6725,颁,6719,须,2
6730,领,6719,须,2
6730,领,6732,颈,2
6732,颈,6730,领,2
6736,颌,6742,颔,2
6737,颍,6743,颖,2
6742,颔,6730,领,2
6743,颖,2851,款,2
6743,颖,6740,频,2
6745,题,560,匙,2
6748,颛,6740,频,2
6748,颛,6752,颟,2
6750,额,6749,颜,2
6763,飒,4471,纲,2
6771,飞,557,匕,2
6772,食,1833,念,2
6772,食,1838,忿,2
6780,饣,126,仑,2
6781,饥,5599,讥,2
6789,饮,6788,饭,2
6789,饮,6792,饱,2
6790,饯,4483,线,2
6797,饶,4505,绕,2
6797,饶,6784,饩,2
6801,饺,4513,绞,2
6801,饺,6788,饭,2
6805,饿,6395,锇,2
6813,馈,4556,缋,2
6818,馍,6821,馑,2
6819,馏,4121,礌,2
6826,首,4875,自,2
6826,首,4994,苜,2
6829,香,3913,盉,2
6833,驭,1380,孜,2
6843,驸,6572,附,2
6847,驼,7049,鸵,2
6849,驾,827,哿,2
6849,驾,4276,笃,2
6849,驾,6853,骂,2
6853,骂,6849,驾,2
6861,验,6869,骖,2
6864,骏,6838,驳,2
6891,骸,6899,髌,2
6907,髭,6905,髦,2
6911,鬃,6914,鬓,2
6914,鬓,6911,鬃,2
6923,魂,3692,瑰,2
6935,鱼,6051,迫,2
6968,鲣,6969,鲤,2
6969,鲤,7003,鳇,2
6999,鳃,6998,鳂,2
7009,鳍,6978,鲭,2
7017,鳖,3994,瞥,2
7017,鳖,7019,鳘,2
7033,鸣,793,哆,2
7048,鸳,1863,怨,2
7055,鸻,7066,鹆,2
7065,鹅,7069,鹉,2
7070,鹊,7064,鹄,2
7079,鹘,7063,鹃,2
7090,鹦,7078,鹗,2
7105,麂,7104,鹿,2
7113,麦,28,丧,2
7119,黄,5265,薰,2
7126,黔,7131,黟,2
7129,黜,7130,黝,2
7134,黥,7138,黯,2
7159,鼹,7156,鼯,2
7179,龋,5913,踽,2
7184,龟,7142,黾,2
1,一,92,亠,1
3,七,45,乂,1
3,七,63,乜,1
3,七,1240,女,1
3,七,1476,尢,1
3,七,6503,长,1
4,万,46,乃,1
4,万,94,亢,1
4,万,2393,斤,1
4,万,2401,方,1
4,万,2865,歹,1
4,万,3525,犭,1
4,万,4019,石,1
5,丈,131,仗,1
5,丈,670,史,1
5,丈,1240,女,1
5,丈,1735,弋,1
6,三,51,之,1
6,三,93,亡,1
6,三,134,仝,1
6,三,1619,己,1
6,三,4946,芑,1
7,上,0,々,1
7,上,79,二,1
7,上,374,六,1
7,上,656,口,1
7,上,1027,土,1
7,上,1208,夫,1
7,上,1621,巳,1
8,下,0,々,1
8,下,83,云,1
8,下,399,冗,1
8,下,591,卜,1
8,下,592,卞,1
8,下,1205,大,1
8,下,1612,左,1
9,丌,1727,开,1
10,不,8,下,1
10,不,1619,己,1
10,不,2538,本,1
10,不,3717,瓜,1
11,与,22,东,1
11,与,594,占,1
11,与,659,另,1
11,与,5958,车,1
11,与,6832,马,1
12,丐,11,与,1
12,丐,1690,店,1
13,丑,602,卫,1
13,丑,1814,忍,1
13,丑,2419,旦,1
13,丑,6037,还,1
14,专,55,乏,1
14,专,1298,娄,1
14,专,2054,才,1
15,且,642,叉,1
15,且,2455,是,1
15,且,3006,沮,1
15,且,3736,甘,1
15,且,3740,生,1
15,且,3908,皿,1
15,且,5554,见,1
16,丕,2859,正,1
17,世,1247,如,1
17,世,3736,甘,1
17,世,4970,芷,1
18,丘,572,医,1
18,丘,602,卫,1
18,丘,1185,壬,1
18,丘,4260,立,1
19,丙,40,为,1
19,丙,411,冱,1
19,丙,737,呙,1
19,丙,2356,攻,1
19,丙,4674,而,1
19,丙,5550,西,1
19,丙,6633,雨,1
20,业,65,乞,1
20,业,89,亚,1
20,业,2900,比,1
21,丛,141,仨,1
21,丛,1810,必,1
21,丛,3430,然,1
22,东,2052,手,1
22,东,2547,杂,1
22,东,2553,李,1
22,东,5952,身,1
23,丝,1609,巡,1
23,丝,4273,竺,1
24,丞,41,主,1
24,丞,1616,巫,1
25,丢,636,去,1
25,丢,1416,宝,1
25,丢,2905,毛,1
25,丢,5307,虿,1
26,两,266,俩,1
26,两,583,协,1
26,两,649,取,1
26,两,2523,有,1
26,两,3011,油,1
26,两,4674,而,1
26,两,6633,雨,1
27,严,76,予,1
27,严,98,产,1
27,严,4957,芦,1
28,丧,402,农,1
28,丧,1215,夷,1
28,丧,3415,焉,1
28,丧,5477,衷,1
28,丧,5481,袁,1
28,丧,5767,责,1
28,丧,5805,赉,1
29,丨,32,丬,1
30,个,1676,广,1
31,丫,30,个,1
31,丫,407,冫,1
31,丫,601,卩,1
31,丫,1676,广,1
31,丫,1776,彳,1
31,丫,4624,羊,1
32,丬,67,习,1
32,丬,1607,川,1
32,丬,3487,爿,1
33,中,1512,屮,1
33,中,3750,由,1
34,丰,53,乍,1
34,丰,1668,平,1
34,丰,2386,斗,1
34,丰,2537,末,1
34,丰,2553,李,1
34,丰,2948,求,1
34,丰,3498,牛,1
34,丰,6673,革,1
34,丰,6702,韦,1
35,串,443,出,1
35,串,1627,市,1
35,串,1740,弗,1
35,串,3069,津,1
35,串,3134,涞,1
35,串,5611,讳,1
35,串,6702,韦,1
36,临,1852,怕,1
36,临,1859,怡,1
36,临,1901,恼,1
36,临,1971,愠,1
36,临,3444,煸,1
36,临,3511,牺,1
36,临,3919,监,1
37,丶,407,冫,1
38,丸,64,九,1
39,丹,392,冈,1
39,丹,432,凡,1
39,丹,1725,廾,1
40,为,38,丸,1
40,为,453,切,1
40,为,1207,太,1
40,为,1758,归,1
40,为,4460,约,1
40,为,4728,肖,1
41,主,95,交,1
41,主,1472,尘,1
41,主,2905,毛,1
41,主,3608,王,1
41,主,3740,生,1
41,主,4260,立,1
41,主,4453,纟,1
41,主,5058,荙,1
41,主,5594,讠,1
42,丽,623,厕,1
42,丽,628,厢,1
42,丽,4045,砧,1
43,举,2934,氧,1
43,举,3514,犀,1
43,举,4266,章,1
43,举,4745,肯,1
43,举,6011,辛,1
44,丿,2052,手,1
45,乂,2953,汊,1
45,乂,7170,龁,1
46,乃,9,丌,1
46,乃,617,厅,1
46,乃,1621,巳,1
46,乃,2059,扔,1
46,乃,2401,方,1
46,乃,2954,汐,1
47,久,380,兵,1
47,久,1485,尺,1
47,久,2840,欠,1
48,乇,4945,芏,1
49,么,373,公,1
49,么,1765,彡,1
49,么,4311,筑,1
50,义,5,丈,1
50,义,5598,认,1
51,之,6,三,1
51,之,83,云,1
51,之,1672,幺,1
51,之,1721,廴,1
51,之,2943,氵,1
51,之,4453,纟,1
52,乌,57,乒,1
52,乌,5953,躬,1
52,乌,7048,鸳,1
53,乍,94,亢,1
53,乍,112,亿,1
53,乍,114,仁,1
53,乍,399,冗,1
53,乍,594,占,1
54,乎,667,可,1
54,乎,3496,牙,1
54,乎,5958,车,1
55,乏,127,仓,1
55,乏,651,变,1
55,乏,1185,壬,1
56,乐,578,升,1
56,乐,2052,手,1
56,乐,2394,斥,1
56,乐,2888,段,1
56,乐,5958,车,1
56,乐,6250,采,1
56,乐,6829,香,1
57,乒,27,严,1
57,乒,1375,字,1
57,乒,1776,彳,1
58,乓,18,丘,1
58,乓,4884,舁,1
58,乓,5551,要,1
59,乔,359,先,1
60,乖,759,和,1
60,乖,2961,汞,1
60,乖,2993,沛,1
60,乖,5617,讹,1
61,乘,1074,垂,1
61,乘,2541,朱,1
61,乘,4314,策,1
61,乘,4703,耿,1
61,乘,5954,躯,1
62,乙,1619,己,1
62,乙,2058,打,1
62,乙,2905,毛,1
62,乙,3750,由,1
62,乙,5596,订,1
63,乜,66,也,1
64,九,38,丸,1
64,九,40,为,1
64,九,514,力,1
65,乞,122,今,1
65,乞,127,仓,1
65,乞,134,仝,1
65,乞,681,吃,1
65,乞,6273,钅,1
66,也,1622,巴,1
66,也,1808,心,1
67,习,13,丑,1
67,习,448,刀,1
69,书,1259,妙,1
69,书,1740,弗,1
69,书,3490,片,1
69,书,5055,荑,1
69,书,6702,韦,1
70,乩,1858,怠,1
71,买,382,具,1
71,买,1079,型,1
71,买,5300,虱,1
71,买,5744,豕,1
71,买,6023,辽,1
73,乳,4020,矶,1
74,乾,6689,鞔,1
76,予,40,为,1
76,予,1372,孓,1
76,予,1738,弓,1
76,予,2600,枭,1
76,予,4019,石,1
77,争,420,净,1
77,争,456,刍,1
77,争,587,单,1
77,争,2896,每,1
78,事,1215,夷,1
78,事,2898,毒,1
78,事,5010,茀,1
78,事,6673,革,1
78,事,6702,韦,1
79,二,1611,工,1
80,亍,76,予,1
80,亍,81,于,1
80,亍,1627,市,1
80,亍,1667,干,1
81,于,54,乎,1
81,于,449,刁,1
81,于,576,千,1
81,于,1370,子,1
81,于,1676,广,1
81,于,2052,手,1
81,于,3496,牙,1
81,于,4127,示,1
82,亏,4,万,1
82,亏,76,予,1
82,亏,4669,考,1
83,云,51,之,1
83,云,355,元,1
83,云,3607,玉,1
84,互,15,且,1
84,互,6037,还,1
85,亓,355,元,1
85,亓,4956,芥,1
86,五,14,专,1
86,五,722,吾,1
86,五,1485,尺,1
86,五,1513,屯,1
86,五,2858,止,1
86,五,2865,歹,1
87,井,425,凋,1
87,井,1725,廾,1
87,井,1727,开,1
87,井,2090,抖,1
87,井,2120,拌,1
87,井,2555,材,1
87,井,3374,炜,1
87,井,4466,纬,1
87,井,4937,艿,1
87,井,4940,芈,1
89,亚,24,丞,1
89,亚,4970,芷,1
90,些,1519,岂,1
90,些,3392,烂,1
90,些,3430,然,1
90,些,4952,芝,1
91,亟,24,丞,1
91,亟,3449,熏,1
92,亠,407,冫,1
93,亡,41,主,1
93,亡,373,公,1
93,亡,1397,宀,1
94,亢,93,亡,1
94,亢,373,公,1
94,亢,713,启,1
94,亢,2091,抗,1
95,交,55,乏,1
95,交,651,变,1
95,交,1200,多,1
95,交,1701,庭,1
95,交,1821,忘,1
95,交,3485,爻,1
95,交,5036,茭,1
96,亥,4264,竞,1
96,亥,4453,纟,1
96,亥,4474,纵,1
96,亥,5049,荄,1
97,亦,102,京,1
97,亦,163,众,1
97,亦,516,办,1
97,亦,1106,埇,1
97,亦,1377,孙,1
97,亦,1669,年,1
97,亦,1727,开,1
97,亦,2944,永,1
97,亦,4554,缈,1
97,亦,5765,贡,1
97,亦,6058,迹,1
98,产,27,严,1
98,产,68,乡,1
98,产,76,予,1
98,产,1676,广,1
98,产,4236,窄,1
98,产,4972,芹,1
98,产,6011,辛,1
99,亨,103,亭,1
99,亨,1273,妾,1
99,亨,1452,寥,1
99,亨,2811,横,1
99,亨,5581,言,1
100,亩,598,卤,1
100,亩,1376,存,1
100,亩,3746,甬,1
100,亩,6826,首,1
101,享,98,产,1
101,享,105,亲,1
101,享,1375,字,1
101,享,5150,萝,1
102,京,105,亲,1
102,京,1379,孛,1
102,京,1446,寓,1
102,京,1469,尔,1
102,京,1683,序,1
102,京,1858,怠,1
102,京,4436,系,1
103,亭,77,争,1
103,亭,99,亨,1
103,亭,1426,宫,1
103,亭,5581,言,1
103,亭,6902,高,1
104,亮,106,亳,1
104,亮,321,傀,1
104,亮,357,充,1
104,亮,5557,觅,1
105,亲,102,京,1
105,亲,199,余,1
105,亲,2563,条,1
105,亲,2617,柔,1
105,亲,3020,泉,1
105,亲,4160,禀,1
108,亶,45,乂,1
109,亸,108,亶,1
109,亸,6693,鞣,1
110,人,37,丶,1
110,人,1485,尺,1
111,亻,30,个,1
111,亻,615,厂,1
111,亻,1776,彳,1
112,亿,126,仑,1
112,亿,137,仡,1
112,亿,158,伍,1
112,亿,1782,征,1
112,亿,2562,杠,1
112,亿,4456,红,1
113,什,136,仟,1
113,什,578,升,1
113,什,2947,汁,1
113,什,4458,纤,1
114,仁,141,仨,1
114,仁,163,众,1
115,仂,120,仇,1
115,仂,144,们,1
117,仄,570,匹,1
117,仄,1240,女,1
117,仄,3355,灭,1
117,仄,3723,瓦,1
118,仅,185,似,1
118,仅,2548,权,1
118,仅,2952,汉,1
118,仅,3481,父,1
118,仅,6289,钗,1
119,仆,117,仄,1
119,仆,1198,外,1
119,仆,1741,弘,1
119,仆,1809,忄,1
119,仆,3792,疝,1
120,仇,112,亿,1
120,仇,158,伍,1
120,仇,2960,汝,1
120,仇,4462,纨,1
121,仉,5599,讥,1
122,今,55,乏,1
122,今,684,合,1
122,今,709,含,1
123,介,94,亢,1
123,介,113,什,1
123,介,136,仟,1
123,介,163,众,1
123,介,710,听,1
123,介,2401,方,1
123,介,3476,爪,1
124,仍,157,伋,1
124,仍,172,伤,1
124,仍,558,化,1
124,仍,618,历,1
124,仍,2059,扔,1
124,仍,4497,绍,1
125,从,115,仂,1
125,从,119,仆,1
125,从,1241,奴,1
126,仑,354,允,1
126,仑,594,占,1
126,仑,684,合,1
126,仑,705,否,1
126,仑,4878,至,1
126,仑,6780,饣,1
127,仓,41,主,1
128,仔,133,仙,1
128,仔,151,任,1
128,仔,6785,饪,1
129,仕,113,什,1
129,仕,201,佛,1
129,仕,215,佳,1
129,仕,3083,洼,1
129,仕,5020,茌,1
129,仕,5603,让,1
130,他,66,也,1
130,他,558,化,1
130,他,2963,池,1
131,仗,113,什,1
131,仗,119,仆,1
131,仗,132,付,1
131,仗,142,仪,1
132,付,227,侍,1
132,付,3396,烘,1
133,仙,124,仍,1
133,仙,183,伸,1
133,仙,292,倦,1
133,仙,558,化,1
133,仙,2956,汕,1
134,仝,6273,钅,1
134,仝,6333,铃,1
135,仞,549,勿,1
135,仞,1004,囟,1
136,仟,132,付,1
136,仟,149,件,1
136,仟,150,价,1
136,仟,202,作,1
136,仟,1815,忏,1
136,仟,2393,斤,1
136,仟,2957,汗,1
136,仟,4272,竹,1
136,仟,4458,纤,1
136,仟,5600,讦,1
136,仟,6025,迁,1
137,仡,141,仨,1
137,仡,175,伧,1
137,仡,240,侩,1
138,代,160,伏,1
138,代,558,化,1
138,代,2947,汁,1
138,代,3628,玳,1
139,令,371,全,1
139,令,375,兮,1
139,令,2886,殳,1
139,令,4289,笠,1
140,以,125,从,1
140,以,185,似,1
140,以,665,叭,1
140,以,679,叽,1
140,以,717,吵,1
140,以,1257,妖,1
140,以,2956,汕,1
140,以,4474,纵,1
142,仪,1,一,1
142,仪,131,仗,1
142,仪,140,以,1
142,仪,151,任,1
142,仪,282,倓,1
142,仪,2026,戗,1
142,仪,2354,攸,1
142,仪,2918,氏,1
142,仪,4478,纹,1
142,仪,5607,议,1
142,仪,6583,陕,1
144,们,112,亿,1
144,们,153,仿,1
144,们,196,何,1
144,们,618,历,1
145,仰,465,创,1
145,仰,604,卯,1
145,仰,609,卵,1
145,仰,1779,彻,1
145,仰,2085,抑,1
146,仲,130,他,1
146,仲,412,冲,1
146,仲,1825,忡,1
146,仲,4470,纱,1
146,仲,4906,舯,1
146,仲,6172,郫,1
148,仵,202,作,1
149,件,156,伊,1
149,件,169,伟,1
149,件,200,佚,1
149,件,202,作,1
149,件,230,侔,1
149,件,5602,讨,1
150,价,144,们,1
150,价,152,份,1
150,价,174,伦,1
150,价,191,低,1
150,价,4506,绗,1
150,价,6565,阶,1
151,任,137,仡,1
151,任,190,位,1
151,任,558,化,1
151,任,1781,往,1
151,任,2968,汪,1
151,任,4464,纪,1
151,任,6785,饪,1
152,份,145,仰,1
152,份,150,价,1
152,份,176,伪,1
152,份,224,侈,1
152,份,255,俗,1
152,份,2965,汤,1
152,份,5357,蛳,1
153,仿,144,们,1
153,仿,150,价,1
153,仿,152,份,1
153,仿,172,伤,1
153,仿,214,佰,1
153,仿,252,俏,1
153,仿,1264,妨,1
153,仿,2965,汤,1
153,仿,4479,纺,1
153,仿,6561,防,1
154,企,4260,立,1
154,企,4930,色,1
155,伉,137,仡,1
156,伊,119,仆,1
156,伊,265,俨,1
156,伊,307,偌,1
156,伊,1484,尹,1
157,伋,109,亸,1
157,伋,246,便,1
158,伍,157,伋,1
158,伍,159,伎,1
158,伍,192,住,1
158,伍,2968,汪,1
159,伎,157,伋,1
159,伎,170,传,1
159,伎,179,估,1
159,伎,221,使,1
159,伎,2080,技,1
159,伎,2354,攸,1
159,伎,5771,货,1
160,伏,138,代,1
160,伏,210,佧,1
160,伏,621,厌,1
161,伐,160,伏,1
161,伐,202,作,1
161,伐,2017,戌,1
162,休,56,乐,1
162,休,132,付,1
162,休,210,佧,1
162,休,707,吨,1
162,休,1737,弑,1
162,休,2538,本,1
162,休,4458,纤,1
163,众,6555,队,1
163,众,6727,颃,1
164,优,120,仇,1
164,优,173,伥,1
164,优,194,佑,1
164,优,1827,忧,1
165,伙,133,仙,1
165,伙,160,伏,1
165,伙,2845,欧,1
165,伙,3536,狄,1
165,伙,4469,纰,1
165,伙,5308,蚀,1
166,会,55,乏,1
166,会,122,今,1
166,会,375,兮,1
166,会,684,合,1
166,会,5581,言,1
168,伞,154,企,1
168,伞,493,剑,1
168,伞,3500,牟,1
168,伞,3502,牢,1
168,伞,3786,疒,1
169,伟,170,传,1
169,伟,183,伸,1
169,伟,201,佛,1
170,传,179,估,1
170,传,182,伶,1
170,传,215,佳,1
170,传,217,佶,1
170,传,224,侈,1
170,传,292,倦,1
170,传,4503,结,1
170,传,6816,馋,1
171,伢,228,侏,1
171,伢,5614,讶,1
171,伢,5952,身,1
172,伤,169,伟,1
172,伤,689,后,1
172,伤,4476,纷,1
172,伤,4479,纺,1
172,伤,6787,饬,1
173,伥,165,伙,1
173,伥,273,俵,1
173,伥,4180,秋,1
174,伦,137,仡,1
174,伦,197,佗,1
174,伦,208,佤,1
174,伦,5624,证,1
175,伧,174,伦,1
175,伧,276,俺,1
176,伪,115,仂,1
176,伪,120,仇,1
176,伪,135,仞,1
176,伪,162,休,1
176,伪,186,伽,1
176,伪,1674,幼,1
176,伪,3002,沩,1
176,伪,3893,的,1
176,伪,4462,纨,1
177,伫,130,他,1
177,伫,190,位,1
178,伯,203,佝,1
178,伯,208,佤,1
178,伯,254,俑,1
178,伯,1852,怕,1
178,伯,3021,泊,1
178,伯,3890,白,1
178,伯,4460,约,1
179,估,153,仿,1
179,估,177,伫,1
179,估,193,佐,1
179,估,215,佳,1
179,估,689,后,1
179,估,1612,左,1
179,估,3937,盾,1
179,估,4143,祜,1
179,估,4889,舌,1
180,伲,37,丶,1
180,伲,4464,纪,1
181,伴,169,伟,1
181,伴,171,伢,1
181,伴,210,佧,1
181,伴,230,侔,1
181,伴,2120,拌,1
181,伴,3041,泮,1
181,伴,4494,绊,1
182,伶,137,仡,1
182,伶,175,伧,1
182,伶,240,侩,1
182,伶,262,信,1
182,伶,2122,拎,1
182,伶,2210,捻,1
182,伶,2609,柃,1
182,伶,2976,汾,1
182,伶,3627,玲,1
183,伸,156,伊,1
183,伸,590,博,1
183,伸,1825,忡,1
183,伸,3011,油,1
183,伸,4489,绅,1
184,伺,203,佝,1
184,伺,2901,毕,1
184,伺,4065,硐,1
184,伺,6793,饲,1
185,似,133,仙,1
185,似,140,以,1
185,似,144,们,1
185,似,165,伙,1
185,似,4554,缈,1
185,似,4559,缎,1
186,伽,180,伲,1
187,伾,157,伋,1
187,伾,162,休,1
187,伾,3538,狉,1
188,佃,287,倜,1
188,佃,4490,细,1
188,佃,4551,缅,1
189,但,158,伍,1
189,但,257,俚,1
189,但,271,俱,1
189,但,1270,妲,1
189,但,4488,组,1
189,但,5628,诅,1
190,位,23,丝,1
190,位,143,仫,1
190,位,174,伦,1
190,位,237,侦,1
190,位,247,促,1
190,位,268,俭,1
190,位,689,后,1
190,位,4499,经,1
191,低,174,伦,1
191,低,2044,所,1
191,低,5633,诋,1
192,住,137,仡,1
192,住,148,仵,1
192,住,151,任,1
192,住,158,伍,1
192,住,244,侯,1
192,住,1781,往,1
192,住,3038,注,1
192,住,5654,诠,1
193,佐,158,伍,1
193,佐,179,估,1
193,佐,194,佑,1
193,佐,5053,荏,1
194,佑,229,侑,1
194,佑,1278,姑,1
194,佑,3014,沽,1
194,佑,5625,诂,1
195,体,181,伴,1
195,体,249,俅,1
195,体,252,俏,1
195,体,1073,坼,1
195,体,1785,待,1
195,体,4036,砗,1
195,体,4510,绛,1
195,体,5699,谏,1
196,何,144,们,1
196,何,203,佝,1
196,何,216,佴,1
196,何,3009,河,1
197,佗,175,伧,1
197,佗,180,伲,1
197,佗,4468,纯,1
198,佘,1223,奇,1
199,余,56,乐,1
199,余,168,伞,1
199,余,1375,字,1
199,余,1378,孚,1
199,余,1384,季,1
199,余,2052,手,1
199,余,2563,条,1
199,余,2674,桌,1
199,余,4296,第,1
199,余,4392,籴,1
200,佚,223,侄,1
200,佚,282,倓,1
201,佛,247,促,1
201,佛,3010,沸,1
201,佛,4495,绋,1
202,作,149,件,1
202,作,174,伦,1
202,作,194,佑,1
202,作,210,佧,1
202,作,213,佯,1
202,作,237,侦,1
203,佝,692,向,1
203,佝,6569,阿,1
204,佞,4513,绞,1
205,佟,4492,终,1
206,你,152,份,1
206,你,201,佛,1
206,你,246,便,1
206,你,288,倞,1
206,你,1745,弥,1
206,你,2843,欣,1
206,你,4162,禄,1
206,你,6789,饮,1
207,佣,188,佃,1
207,佣,211,佩,1
207,佣,1904,悃,1
207,佣,4490,细,1
207,佣,6519,闸,1
208,佤,203,佝,1
209,佥,671,右,1
209,佥,684,合,1
210,佧,173,伥,1
210,佧,279,倍,1
211,佩,179,估,1
211,佩,207,佣,1
211,佩,295,倪,1
211,佩,4039,砜,1
212,佬,205,佟,1
212,佬,215,佳,1
212,佬,292,倦,1
212,佬,326,傥,1
212,佬,2657,栳,1
213,佯,259,保,1
213,佯,3058,洋,1
213,佯,4149,祥,1
213,佯,4494,绊,1
214,佰,192,住,1
214,佰,290,倡,1
214,佰,2131,拚,1
215,佳,129,仕,1
215,佳,170,传,1
215,佳,221,使,1
215,佳,268,俭,1
215,佳,293,倨,1
215,佳,1781,往,1
215,佳,3083,洼,1
215,佳,4873,臣,1
215,佳,5644,诖,1
216,佴,217,佶,1
216,佴,3075,洱,1
216,佴,4696,耳,1
216,佴,5627,评,1
217,佶,186,伽,1
217,佶,193,佐,1
218,佻,220,佾,1
219,佼,241,侪,1
220,佾,150,价,1
220,佾,228,侏,1
220,佾,243,侮,1
221,使,157,伋,1
221,使,313,健,1
221,使,5487,袋,1
222,侃,225,侉,1
222,侃,5557,觅,1
223,侄,174,伦,1
223,侄,192,住,1
223,侄,1784,径,1
223,侄,4873,臣,1
224,侈,190,位,1
224,侈,191,低,1
224,侈,243,侮,1
224,侈,269,修,1
224,侈,274,俶,1
224,侈,654,叟,1
224,侈,4197,移,1
224,侈,4513,绞,1
225,侉,229,侑,1
226,例,3580,猢,1
227,侍,128,仔,1
227,侍,215,佳,1
227,侍,1458,寺,1
227,侍,1874,恃,1
227,侍,1911,悖,1
227,侍,3388,炼,1
228,侏,149,件,1
228,侏,162,休,1
228,侏,222,侃,1
228,侏,4402,粜,1
229,侑,208,佤,1
229,侑,216,佴,1
229,侑,276,俺,1
229,侑,2405,旃,1
230,侔,178,伯,1
230,侔,242,侬,1
230,侔,296,倬,1
230,侔,346,僻,1
231,侗,184,伺,1
231,侗,220,佾,1
231,侗,692,向,1
231,侗,1924,悯,1
231,侗,3067,洞,1
231,侗,3381,炯,1
232,供,3072,洪,1
232,供,3641,珙,1
233,依,190,位,1
233,依,219,佼,1
233,依,242,侬,1
233,依,248,俄,1
234,侠,200,佚,1
234,侠,221,使,1
234,侠,233,依,1
234,侠,3087,浃,1
234,侠,3552,狭,1
234,侠,6583,陕,1
235,侣,124,仍,1
235,侣,180,伲,1
235,侣,214,佰,1
235,侣,217,佶,1
235,侣,345,僵,1
235,侣,1784,径,1
236,侥,180,伲,1
236,侥,222,侃,1
236,侥,6797,饶,1
237,侦,3138,涢,1
237,侦,5557,觅,1
237,侦,6719,须,1
238,侧,133,仙,1
238,侧,222,侃,1
238,侧,281,倒,1
238,侧,509,劁,1
238,侧,623,厕,1
238,侧,3094,测,1
238,侧,3097,浏,1
239,侨,229,侑,1
239,侨,255,俗,1
240,侩,232,供,1
240,侩,255,俗,1
240,侩,268,俭,1
240,侩,373,公,1
240,侩,2879,殓,1
240,侩,4459,纥,1
240,侩,6799,饸,1
241,侪,218,佻,1
241,侪,239,侨,1
241,侪,2044,所,1
242,侬,219,佼,1
242,侬,3101,浓,1
243,侮,230,侔,1
243,侮,283,倔,1
243,侮,598,卤,1
243,侮,1799,御,1
243,侮,3118,海,1
243,侮,4493,绉,1
244,侯,259,保,1
244,侯,288,倞,1
244,侯,320,偿,1
244,侯,3815,疾,1
244,侯,4358,篌,1
244,侯,6615,隹,1
245,侵,250,俊,1
245,侵,266,俩,1
245,侵,333,傻,1
245,侵,4154,祲,1
246,便,237,侦,1
246,便,298,倮,1
246,便,2045,扁,1
246,便,3442,煲,1
246,便,4074,硬,1
247,促,118,仅,1
247,促,170,传,1
247,促,189,但,1
247,促,190,位,1
247,促,192,住,1
247,促,222,侃,1
247,促,308,偎,1
247,促,558,化,1
247,促,2843,欣,1
247,促,4561,缑,1
247,促,5855,趸,1
248,俄,145,仰,1
248,俄,207,佣,1
248,俄,815,哦,1
248,俄,1312,娥,1
248,俄,3532,犹,1
248,俄,4502,绒,1
248,俄,4900,舣,1
249,俅,1490,尿,1
249,俅,3005,沭,1
250,俊,170,传,1
250,俊,219,佼,1
250,俊,224,侈,1
250,俊,256,俘,1
250,俊,1913,悛,1
250,俊,1965,愎,1
250,俊,3109,浡,1
251,俎,1277,姐,1
251,俎,4488,组,1
252,俏,254,俑,1
252,俏,310,偕,1
252,俏,330,催,1
252,俏,4644,翁,1
252,俏,4761,背,1
253,俐,3076,洲,1
253,俐,3185,渐,1
255,俗,152,份,1
255,俗,205,佟,1
255,俗,224,侈,1
255,俗,240,侩,1
255,俗,279,倍,1
255,俗,283,倔,1
255,俗,1884,恣,1
256,俘,128,仔,1
256,俘,258,俜,1
256,俘,279,倍,1
256,俘,3175,淳,1
257,俚,1800,徨,1
257,俚,3561,狸,1
259,保,156,伊,1
259,保,181,伴,1
259,保,228,侏,1
259,保,323,傈,1
259,保,332,傺,1
259,保,2605,架,1
259,保,3174,深,1
259,保,4869,臊,1
259,保,6583,陕,1
260,俞,199,余,1
260,俞,753,命,1
260,俞,1962,愈,1
261,俟,237,侦,1
261,俟,244,侯,1
261,俟,347,儆,1
261,俟,4527,续,1
262,信,141,仨,1
262,信,190,位,1
262,信,240,侩,1
262,信,312,停,1
262,信,4088,碚,1
262,信,6430,锫,1
262,信,6617,隽,1
263,俣,244,侯,1
263,俣,247,促,1
264,俦,230,侔,1
264,俦,294,倩,1
265,俨,183,伸,1
267,俪,2595,枥,1
268,俭,255,俗,1
268,俭,262,信,1
268,俭,282,倓,1
268,俭,504,剪,1
268,俭,2053,扌,1
268,俭,2154,拾,1
268,俭,3082,活,1
268,俭,4532,绲,1
268,俭,6591,险,1
269,修,124,仍,1
269,修,153,仿,1
269,修,349,儋,1
269,修,4105,磅,1
269,修,6816,馋,1
270,俯,317,偷,1
270,俯,330,催,1
271,俱,232,供,1
271,俱,285,候,1
271,俱,302,值,1
271,俱,315,偲,1
271,俱,3654,理,1
272,俳,218,佻,1
273,俵,187,伾,1
273,俵,3593,猿,1
274,俶,213,佯,1
274,俶,273,俵,1
275,俸,3669,琫,1
276,俺,175,伧,1
276,俺,212,佬,1
278,倌,2732,棺,1
278,倌,3672,琯,1
279,倍,192,住,1
279,倍,256,俘,1
279,倍,336,僖,1
279,倍,1792,徐,1
280,倏,285,候,1
280,倏,327,傧,1
281,倒,238,侧,1
281,倒,253,俐,1
281,倒,347,儆,1
281,倒,3059,洌,1
282,倓,173,伥,1
282,倓,234,侠,1
282,倓,274,俶,1
282,倓,5816,赕,1
283,倔,4103,碾,1
283,倔,4577,缢,1
284,倘,176,伪,1
284,倘,231,侗,1
284,倘,328,储,1
284,倘,1941,惝,1
284,倘,4426,糖,1
284,倘,4531,绱,1
285,候,291,倥,1
285,候,3588,猴,1
285,候,4048,砭,1
285,候,4561,缑,1
286,倚,227,侍,1
286,倚,312,停,1
286,倚,1127,埼,1
286,倚,3574,猗,1
286,倚,4200,稀,1
286,倚,4526,绫,1
288,倞,256,俘,1
288,倞,282,倓,1
288,倞,335,像,1
288,倞,4487,练,1
289,借,153,仿,1
289,借,252,俏,1
289,借,290,倡,1
289,借,294,倩,1
289,借,328,储,1
289,借,1940,惜,1
290,倡,279,倍,1
290,倡,316,偶,1
290,倡,1795,得,1
291,倥,182,伶,1
291,倥,2228,控,1
292,倦,137,仡,1
293,倨,180,伲,1
294,倩,345,僵,1
294,倩,5676,请,1
295,倪,320,偿,1
295,倪,1136,堍,1
295,倪,3569,猊,1
295,倪,6429,锪,1
295,倪,6587,院,1
296,倬,202,作,1
296,倬,230,侔,1
297,倭,2913,毽,1
297,倭,5684,诿,1
298,倮,5683,课,1
299,倴,288,倞,1
300,债,294,倩,1
300,债,4524,绩,1
300,债,4556,缋,1
301,倻,299,倴,1
302,值,178,伯,1
302,值,216,佴,1
302,值,304,偃,1
302,值,1084,垕,1
302,值,3252,滇,1
302,值,3937,盾,1
302,值,4294,笪,1
302,值,4468,纯,1
302,值,6030,迈,1
303,倾,2843,欣,1
303,倾,4067,硕,1
305,假,270,俯,1
305,假,346,僻,1
305,假,1780,彼,1
307,偌,289,借,1
307,偌,1155,塔,1
308,偎,298,倮,1
308,偎,1352,嫘,1
308,偎,3581,猥,1
308,偎,6601,隈,1
309,偏,36,临,1
309,偏,1446,寓,1
309,偏,2045,扁,1
309,偏,4566,编,1
310,偕,328,储,1
310,偕,5700,谐,1
311,做,2354,攸,1
311,做,2843,欣,1
311,做,2986,沏,1
311,做,5773,贩,1
312,停,256,俘,1
312,停,279,倍,1
312,停,288,倞,1
312,停,825,哼,1
313,健,300,债,1
313,健,4489,绅,1
313,健,6057,迸,1
314,偬,321,傀,1
314,偬,1836,忽,1
315,偲,321,傀,1
316,偶,283,倔,1
316,偶,290,倡,1
316,偶,409,冯,1
316,偶,1938,惘,1
316,偶,3197,温,1
316,偶,4156,祸,1
316,偶,6599,隅,1
317,偷,152,份,1
317,偷,1555,峤,1
317,偷,1963,愉,1
318,偻,4565,缕,1
319,偾,300,债,1
320,偿,278,倌,1
320,偿,319,偾,1
320,偿,4581,缦,1
320,偿,6472,镗,1
321,傀,180,伲,1
321,傀,246,便,1
321,傀,335,像,1
321,傀,1975,愧,1
322,傅,227,侍,1
322,傅,590,博,1
322,傅,3236,溥,1
323,傈,259,保,1
324,傍,4589,缮,1
326,傥,320,偿,1
326,傥,704,吣,1
327,傧,3271,滨,1
328,储,194,佑,1
328,储,238,侧,1
328,储,1940,惜,1
328,储,4525,绪,1
329,傩,3272,滩,1
330,催,232,供,1
330,催,4534,维,1
331,傲,311,做,1
331,傲,347,儆,1
331,傲,1803,微,1
331,傲,4595,缴,1
331,傲,6555,队,1
333,傻,219,佼,1
333,傻,250,俊,1
333,傻,277,俾,1
333,傻,278,倌,1
333,傻,1952,惯,1
334,僇,4585,缪,1
335,像,249,俅,1
335,像,250,俊,1
335,像,288,倞,1
335,像,312,停,1
335,像,4568,缘,1
335,像,5690,谅,1
336,僖,6821,馑,1
337,僚,325,傣,1
337,僚,332,傺,1
337,僚,3464,燎,1
337,僚,6484,镣,1
339,僧,224,侈,1
339,僧,3490,片,1
339,僧,4590,缯,1
340,僬,5730,谯,1
341,僭,4862,膺,1
342,僮,278,倌,1
344,僳,264,俦,1
344,僳,301,倻,1
344,僳,335,像,1
344,僳,3238,溧,1
345,僵,4384,簧,1
347,儆,311,做,1
348,儇,3327,澴,1
350,儒,294,倩,1
350,儒,2010,懦,1
350,儒,3338,濡,1
350,儒,6639,雷,1
351,儡,1082,垒,1
352,儿,125,从,1
353,兀,3723,瓦,1
354,允,112,亿,1
354,允,144,们,1
354,允,399,冗,1
354,允,606,危,1
354,允,1188,壳,1
354,允,2840,欠,1
354,允,3723,瓦,1
354,允,6032,运,1
355,元,357,充,1
355,元,740,呢,1
355,元,1206,天,1
355,元,6040,远,1
356,兄,360,光,1
356,兄,2543,朵,1
356,兄,2922,气,1
356,兄,4284,笔,1
356,兄,5554,见,1
357,充,94,亢,1
357,充,354,允,1
357,充,366,兖,1
357,充,606,危,1
357,充,1414,宛,1
357,充,1821,忘,1
357,充,4129,礼,1
357,充,4131,祀,1
357,充,4226,穴,1
358,兆,410,冰,1
358,兆,703,吡,1
358,兆,3499,牝,1
358,兆,3961,眺,1
359,先,595,卡,1
359,先,1033,圭,1
359,先,2923,氕,1
359,先,4010,矢,1
359,先,4177,秃,1
359,先,4304,筅,1
359,先,4393,类,1
360,光,559,北,1
360,光,804,哓,1
360,光,1535,岩,1
360,光,4129,礼,1
360,光,4260,立,1
361,克,363,兑,1
361,克,367,党,1
361,克,1476,尢,1
361,克,1820,志,1
362,免,356,兄,1
362,免,357,充,1
362,免,435,凭,1
362,免,4625,羌,1
362,免,5158,萸,1
362,免,6935,鱼,1
363,兑,362,免,1
363,兑,1869,总,1
363,兑,3086,流,1
363,兑,4464,纪,1
364,兔,688,名,1
364,兔,1838,忿,1
364,兔,6921,鬼,1
366,兖,4243,窕,1
366,兖,5474,衮,1
367,党,414,况,1
367,党,1406,完,1
367,党,1595,嵬,1
367,党,1850,怒,1
367,党,4264,竞,1
367,党,5289,虎,1
367,党,5522,裳,1
367,党,5785,贵,1
368,兜,763,咒,1
369,兢,74,乾,1
369,兢,1749,弪,1
369,兢,3955,眭,1
369,兢,4035,砖,1
369,兢,5373,蜕,1
369,兢,6308,钪,1
369,兢,6753,颠,1
370,入,372,八,1
371,全,65,乞,1
371,全,1028,圣,1
371,全,1227,奎,1
371,全,2886,殳,1
372,八,448,刀,1
372,八,1607,川,1
373,公,83,云,1
373,公,163,众,1
373,公,452,分,1
373,公,1776,彳,1
373,公,3717,瓜,1
373,公,5738,谷,1
374,六,47,久,1
374,六,83,云,1
374,六,85,亓,1
374,六,123,介,1
374,六,360,光,1
374,六,1485,尺,1
374,六,2840,欠,1
374,六,4226,穴,1
376,兰,6,三,1
376,兰,139,令,1
377,共,25,丢,1
377,共,1896,恶,1
377,共,4934,艺,1
377,共,4936,艾,1
377,共,4968,芳,1
377,共,5002,苦,1
378,关,716,吴,1
378,关,1028,圣,1
378,关,1206,天,1
378,关,2926,氙,1
378,关,3368,炎,1
378,关,4010,矢,1
378,关,4283,笑,1
378,关,5059,荚,1
378,关,5468,衤,1
379,兴,83,云,1
379,兴,98,产,1
379,兴,374,六,1
379,兴,377,共,1
379,兴,1214,头,1
379,兴,2841,次,1
379,兴,6052,迭,1
380,兵,25,丢,1
380,兵,58,乓,1
380,兵,5740,豆,1
381,其,382,具,1
381,其,2613,某,1
381,其,3738,甚,1
381,其,4952,芝,1
381,其,5059,荚,1
381,其,5071,荨,1
382,具,15,且,1
382,具,140,以,1
382,具,374,六,1
382,具,2447,昙,1
382,具,2464,晃,1
382,具,3754,男,1
382,具,3948,真,1
383,典,1232,奖,1
384,兹,1741,弘,1
384,兹,2846,欲,1
385,养,1429,害,1
385,养,1617,差,1
385,养,3963,着,1
385,养,4625,羌,1
385,养,5134,菸,1
386,兼,4740,肩,1
386,兼,5154,萧,1
387,兽,542,募,1
387,兽,886,善,1
387,兽,1429,害,1
388,冀,1624,巽,1
388,冀,2383,斐,1
388,冀,3889,登,1
388,冀,5177,葵,1
391,内,451,刃,1
391,内,548,勾,1
391,内,1000,囚,1
391,内,1001,四,1
391,内,2420,旧,1
392,冈,391,内,1
392,冈,2522,月,1
392,冈,3742,用,1
393,冉,39,丹,1
394,册,1047,坍,1
394,册,1134,堋,1
394,册,1242,奶,1
394,册,4754,肿,1
395,再,393,冉,1
395,再,1007,团,1
395,再,4897,舟,1
395,再,5981,载,1
396,冒,1491,局,1
396,冒,2436,昂,1
396,冒,2516,曷,1
396,冒,4607,罗,1
396,冒,5362,蜀,1
397,冕,5561,觉,1
398,冖,3354,灬,1
399,冗,65,乞,1
399,冗,144,们,1
399,冗,353,兀,1
399,冗,354,允,1
399,冗,356,兄,1
399,冗,5554,见,1
400,写,524,努,1
400,写,1003,回,1
400,写,1200,多,1
400,写,1218,夺,1
400,写,1375,字,1
400,写,1810,必,1
400,写,1857,思,1
400,写,2708,械,1
400,写,3051,泻,1
400,写,3755,甸,1
400,写,4607,罗,1
400,写,6832,马,1
401,军,1668,平,1
401,军,2422,早,1
401,军,2428,旱,1
401,军,2467,晏,1
401,军,3502,牢,1
401,军,3509,牵,1
401,军,4284,笔,1
401,军,4442,累,1
401,军,4606,罕,1
402,农,1241,奴,1
402,农,2097,抡,1
402,农,3362,灾,1
402,农,4967,花,1
402,农,5467,衣,1
402,农,6304,钦,1
402,农,6802,饻,1
405,冤,1813,忌,1
405,冤,1888,恩,1
405,冤,2923,氕,1
406,冥,1448,寞,1
407,冫,31,丫,1
407,冫,44,丿,1
407,冫,615,厂,1
408,冬,640,参,1
408,冬,682,各,1
408,冬,1191,夂,1
409,冯,1403,守,1
409,冯,3051,泻,1
410,冰,1198,外,1
410,冰,1259,妙,1
410,冰,2535,木,1
410,冰,2845,欧,1
411,冱,521,劣,1
412,冲,3041,泮,1
413,决,410,冰,1
413,决,670,史,1
413,决,2983,沈,1
413,决,3044,泱,1
413,决,3139,涣,1
414,况,94,亢,1
414,况,418,冼,1
414,况,5666,语,1
414,况,6557,阢,1
415,冶,668,台,1
415,冶,684,合,1
415,冶,1133,堉,1
415,冶,2984,沉,1
415,冶,3016,沿,1
415,冶,3081,洺,1
415,冶,3115,浮,1
415,冶,3154,淄,1
415,冶,4500,绐,1
416,冷,122,今,1
416,冷,139,令,1
416,冷,624,厘,1
416,冷,2976,汾,1
416,冷,3030,泛,1
416,冷,3106,浜,1
416,冷,4492,终,1
417,冻,22,东,1
417,冻,424,凉,1
417,冻,3050,泺,1
417,冻,3064,洙,1
417,冻,3109,浡,1
417,冻,5626,诃,1
418,冼,2060,托,1
419,冽,2205,捯,1
419,冽,3009,河,1
420,净,77,争,1
420,净,2993,沛,1
420,净,3162,淖,1
420,净,3502,牢,1
420,净,3964,睁,1
421,凄,1724,建,1
421,凄,3227,溇,1
422,准,846,唯,1
422,准,1569,崔,1
422,准,1781,往,1
422,准,1891,恬,1
422,准,3392,烂,1
422,准,3393,烃,1
422,准,3503,牦,1
422,准,4534,维,1
422,准,5717,谢,1
424,凉,417,冻,1
424,凉,1136,堍,1
424,凉,1652,常,1
424,凉,3115,浮,1
424,凉,3175,淳,1
424,凉,3270,滦,1
424,凉,3678,琼,1
425,凋,798,响,1
426,凌,1137,堎,1
426,凌,3105,浚,1
426,凌,3262,滚,1
426,凌,7113,麦,1
427,减,785,咸,1
427,减,2021,成,1
427,减,3143,涨,1
427,减,5643,试,1
427,减,5648,诚,1
428,凑,3168,淡,1
428,凑,4880,臻,1
429,凛,3164,淙,1
429,凛,3239,溪,1
429,凛,3277,漂,1
429,凛,3869,瘰,1
429,凛,3879,癌,1
430,凝,2140,拧,1
430,凝,3228,溉,1
431,几,62,乙,1
431,几,432,凡,1
432,凡,38,丸,1
432,凡,431,几,1
432,凡,5554,见,1
433,凤,658,句,1
433,凤,1492,屁,1
433,凤,3742,用,1
433,凤,3743,甩,1
434,凫,496,剖,1
435,凭,236,侥,1
435,凭,2975,汽,1
435,凭,4285,笕,1
436,凯,1590,嵚,1
436,凯,2368,敛,1
436,凯,4020,矶,1
436,凯,4478,纹,1
436,凯,5562,觊,1
436,凯,6786,饫,1
436,凯,7064,鹄,1
436,凯,7175,龇,1
437,凰,1018,图,1
437,凰,1024,圉,1
437,凰,5397,蝗,1
437,凰,6937,鱾,1
440,凶,1514,山,1
440,凶,1810,必,1
440,凶,2860,此,1
441,凸,674,号,1
441,凸,695,吕,1
441,凸,1738,弓,1
441,凸,5671,诲,1
442,凹,1277,姐,1
443,出,140,以,1
443,出,143,仫,1
443,出,688,名,1
443,出,3524,犬,1
443,出,4176,私,1
443,出,6050,迪,1
444,击,521,劣,1
444,击,2538,本,1
445,凼,2430,时,1
445,凼,5663,诩,1
446,函,443,出,1
446,函,715,吲,1
446,函,2079,承,1
446,函,2435,昀,1
446,函,2909,毯,1
446,函,3607,玉,1
446,函,5857,趼,1
446,函,6030,迈,1
446,函,6040,远,1
447,凿,5118,菌,1
447,凿,5940,蹼,1
448,刀,390,冂,1
448,刀,391,内,1
448,刀,451,刃,1
448,刀,3016,沿,1
448,刀,6504,门,1
449,刁,13,丑,1
449,刁,451,刃,1
449,刁,2079,承,1
451,刃,448,刀,1
451,刃,517,功,1
451,刃,548,勾,1
451,刃,660,叨,1
451,刃,1000,囚,1
451,刃,4642,羽,1
452,分,52,乌,1
452,分,400,写,1
452,分,448,刀,1
452,分,618,历,1
452,分,668,台,1
452,分,3487,爿,1
452,分,4272,竹,1
453,切,517,功,1
453,切,605,印,1
453,切,678,叼,1
453,切,1071,坷,1
453,切,1244,她,1
453,切,1812,忉,1
453,切,3505,物,1
453,切,4465,纫,1
453,切,5615,讷,1
455,刊,470,利,1
455,刊,1037,圳,1
455,刊,3620,玥,1
456,刍,2865,歹,1
458,刑,470,利,1
458,刑,2205,捯,1
458,刑,5050,荆,1
459,划,461,列,1
459,划,462,刘,1
459,划,473,刮,1
459,划,1037,圳,1
460,刖,2525,朋,1
460,刖,6764,飓,1
461,列,458,刑,1
461,列,1739,引,1
461,列,6835,驯,1
462,刘,457,刎,1
462,刘,463,则,1
462,刘,1198,外,1
462,刘,2977,沁,1
463,则,226,例,1
463,则,459,划,1
463,则,747,呵,1
463,则,4454,纠,1
464,刚,457,刎,1
464,刚,467,删,1
464,刚,476,制,1
464,刚,6358,铡,1
465,创,4454,纠,1
465,创,6278,钊,1
466,初,531,劾,1
466,初,1779,彻,1
466,初,4132,祁,1
466,初,4147,祠,1
467,删,1282,姗,1
468,判,2387,料,1
468,判,5050,荆,1
469,刨,463,则,1
469,刨,551,包,1
469,刨,611,卸,1
469,刨,1009,囫,1
470,利,468,判,1
470,利,471,别,1
470,利,473,刮,1
470,利,474,到,1
470,利,490,剌,1
470,利,6901,髓,1
471,别,470,利,1
471,别,473,刮,1
471,别,477,刷,1
471,别,492,剐,1
471,别,502,剧,1
471,别,3429,焱,1
471,别,5299,虮,1
471,别,6358,铡,1
471,别,7145,鼎,1
472,刭,461,列,1
472,刭,465,创,1
473,刮,455,刊,1
473,刮,470,利,1
473,刮,474,到,1
473,刮,476,制,1
473,刮,505,副,1
474,到,281,倒,1
474,到,461,列,1
474,到,481,刻,1
474,到,488,剅,1
474,到,505,副,1
474,到,4879,致,1
474,到,5606,训,1
474,到,6287,钔,1
474,到,6305,钧,1
475,刳,86,五,1
475,刳,498,剞,1
475,刳,5082,荼,1
476,制,465,创,1
476,制,471,别,1
476,制,477,刷,1
476,制,485,剁,1
476,制,498,剞,1
476,制,509,劁,1
476,制,4394,籼,1
476,制,4665,翻,1
476,制,6703,韧,1
477,刷,460,刖,1
477,刷,464,刚,1
477,刷,623,厕,1
477,刷,1766,形,1
478,券,14,专,1
478,券,610,卷,1
478,券,2043,房,1
478,券,2673,桊,1
478,券,4669,考,1
479,刹,476,制,1
479,刹,485,剁,1
479,刹,501,剥,1
479,刹,6278,钊,1
479,刹,6335,铅,1
480,刺,468,判,1
480,刺,486,剂,1
480,刺,2297,摊,1
480,刺,5970,轲,1
481,刻,474,到,1
481,刻,4129,礼,1
481,刻,4646,翊,1
482,刽,476,制,1
482,刽,6278,钊,1
484,剀,5321,蚧,1
485,剁,470,利,1
485,剁,471,别,1
485,剁,474,到,1
485,剁,486,剂,1
485,剁,489,削,1
486,剂,462,刘,1
486,剂,487,剃,1
486,剂,7167,齑,1
487,剃,486,剂,1
487,剃,501,剥,1
488,剅,505,副,1
489,削,457,刎,1
489,削,480,刺,1
489,削,492,剐,1
489,削,4665,翻,1
489,削,5143,萌,1
489,削,6508,闭,1
490,剌,4394,籼,1
491,前,1465,尉,1
491,前,1591,嵛,1
491,前,4621,罽,1
491,前,4745,肯,1
491,前,5830,赤,1
492,剐,464,刚,1
492,剐,486,剂,1
493,剑,476,制,1
493,剑,482,刽,1
493,剑,6283,钏,1
494,剔,477,刷,1
494,剔,483,刿,1
494,剔,492,剐,1
494,剔,2528,朔,1
495,剕,1319,婀,1
496,剖,462,刘,1
496,剖,473,刮,1
496,剖,474,到,1
496,剖,481,刻,1
496,剖,482,刽,1
496,剖,486,剂,1
496,剖,506,割,1
496,剖,6171,部,1
496,剖,6290,钘,1
500,剡,468,判,1
500,剡,483,刿,1
501,剥,471,别,1
501,剥,473,刮,1
501,剥,479,刹,1
501,剥,480,刺,1
501,剥,1391,孰,1
501,剥,4184,秕,1
501,剥,5086,莉,1
503,剩,462,刘,1
503,剩,480,刺,1
503,剩,490,剌,1
503,剩,508,剿,1
505,副,474,到,1
505,副,486,剂,1
505,副,502,剧,1
505,副,4660,翮,1
506,割,473,刮,1
506,割,482,刽,1
506,割,484,剀,1
507,剽,6198,酎,1
508,剿,487,剃,1
508,剿,513,劓,1
510,劂,502,剧,1
510,劂,1367,嬴,1
510,劂,6214,酬,1
510,劂,6358,铡,1
511,劈,4279,笈,1
511,劈,4866,臂,1
516,办,40,为,1
516,办,514,力,1
516,办,2058,打,1
517,功,677,叻,1
517,功,2356,攻,1
518,加,1247,如,1
518,加,2062,扣,1
518,加,2424,旭,1
518,加,3527,犰,1
519,务,521,劣,1
519,务,682,各,1
519,务,2444,易,1
519,务,3482,爷,1
520,劢,525,劫,1
521,劣,360,光,1
521,劣,727,告,1
521,劣,5812,赐,1
522,动,517,功,1
522,动,4646,翊,1
522,动,6296,钞,1
524,努,521,劣,1
524,努,2404,旁,1
525,劫,453,切,1
525,劫,529,劲,1
525,劫,531,劾,1
525,劫,533,勃,1
525,劫,541,勘,1
525,劫,1462,封,1
525,劫,1628,布,1
525,劫,1674,幼,1
525,劫,2779,榘,1
525,劫,4490,细,1
526,劬,5866,跏,1
527,劭,520,劢,1
527,劭,4026,砀,1
528,励,520,劢,1
528,励,533,勃,1
528,励,538,勐,1
528,励,2866,死,1
528,励,4052,砷,1
528,励,6901,髓,1
529,劲,522,动,1
529,劲,523,助,1
529,劲,538,勐,1
530,劳,619,厉,1
530,劳,1379,孛,1
530,劳,3744,甪,1
530,劳,5065,荡,1
530,劳,5117,菊,1
530,劳,5154,萧,1
531,劾,481,刻,1
531,劾,4659,翩,1
532,势,524,努,1
532,势,4962,芬,1
532,势,7051,鸷,1
533,勃,537,勍,1
533,勃,3527,犰,1
533,勃,7061,鹁,1
534,勇,5214,蓠,1
535,勉,364,兔,1
535,勉,3022,泌,1
535,勉,5868,跑,1
535,勉,6924,魃,1
537,勍,2371,敢,1
538,勐,523,助,1
538,勐,5793,贽,1
539,勒,529,劲,1
539,勒,544,勩,1
540,勖,2854,歇,1
541,勘,2850,欺,1
542,募,2306,摹,1
542,募,4958,芨,1
542,募,5032,茧,1
542,募,5217,蓦,1
543,勤,529,劲,1
543,勤,544,勩,1
543,勤,4235,窃,1
543,勤,6177,都,1
544,勩,540,勖,1
546,勹,390,冂,1
546,勹,431,几,1
547,勺,111,亻,1
547,勺,548,勾,1
547,勺,2423,旬,1
547,勺,4460,约,1
548,勾,373,公,1
548,勾,452,分,1
548,勾,550,匀,1
548,勾,552,匆,1
548,勾,1673,幻,1
549,勿,543,勤,1
549,勿,550,匀,1
549,勿,3890,白,1
550,匀,472,刭,1
550,匀,547,勺,1
550,匀,2418,日,1
550,匀,5596,订,1
550,匀,6505,闩,1
550,匀,6524,闽,1
551,包,1014,囵,1
551,包,1399,它,1
551,包,3892,皂,1
551,包,6028,迅,1
552,匆,548,勾,1
552,匆,550,匀,1
552,匆,3755,甸,1
553,匈,552,匆,1
553,匈,1004,囟,1
553,匈,1012,囱,1
553,匈,2420,旧,1
553,匈,2423,旬,1
553,匈,2994,沟,1
553,匈,3755,甸,1
553,匈,4604,网,1
553,匈,6790,饯,1
554,匍,3755,甸,1
556,匐,505,副,1
557,匕,1191,夂,1
557,匕,1606,巛,1
557,匕,2858,止,1
558,化,129,仕,1
558,化,1810,必,1
558,化,2918,氏,1
558,化,4891,舐,1
559,北,410,冰,1
559,北,414,况,1
559,北,1852,怕,1
559,北,2072,扰,1
559,北,2565,杧,1
559,北,2612,柏,1
560,匙,4651,翘,1
560,匙,5847,趑,1
560,匙,5942,蹾,1
560,匙,6745,题,1
562,匜,616,厄,1
562,匜,620,压,1
562,匜,5550,西,1
563,匝,562,匜,1
563,匝,568,匪,1
563,匝,4873,臣,1
563,匝,5302,虺,1
563,匝,5550,西,1
564,匠,617,厅,1
564,匠,622,厍,1
564,匠,4873,臣,1
565,匡,572,医,1
565,匡,574,匿,1
565,匡,1614,巨,1
565,匡,5029,茛,1
565,匡,6771,飞,1
566,匣,624,厘,1
568,匪,272,俳,1
568,匪,672,叵,1
568,匪,4701,耻,1
569,匮,345,僵,1
569,匮,574,匿,1
570,匹,564,匠,1
570,匹,568,匪,1
570,匹,571,区,1
570,匹,6037,还,1
571,区,570,匹,1
571,区,620,压,1
571,区,2096,抠,1
571,区,7181,龙,1
572,医,565,匡,1
572,医,631,厦,1
572,医,3757,画,1
572,医,6036,迕,1
572,医,6055,迳,1
574,匿,345,僵,1
575,十,1456,寸,1
575,十,1667,干,1
575,十,1735,弋,1
576,千,30,个,1
576,千,81,于,1
576,千,1676,广,1
576,千,2052,手,1
576,千,3496,牙,1
577,卅,1037,圳,1
577,卅,1608,州,1
578,升,113,什,1
578,升,2058,打,1
578,升,2918,氏,1
579,午,30,个,1
579,午,53,乍,1
579,午,81,于,1
579,午,168,伞,1
579,午,581,半,1
579,午,1669,年,1
579,午,1776,彳,1
579,午,2052,手,1
579,午,2394,斥,1
579,午,4260,立,1
580,卉,374,六,1
580,卉,1230,奔,1
580,卉,1943,惠,1
581,半,69,书,1
581,半,443,出,1
581,半,587,单,1
581,半,1669,年,1
581,半,2538,本,1
581,半,6681,靽,1
582,华,202,作,1
582,华,2470,晔,1
582,华,2664,桀,1
582,华,2901,毕,1
582,华,4301,笺,1
582,华,5771,货,1
583,协,1121,埭,1
583,协,2168,挟,1
583,协,3357,灰,1
583,协,4756,胁,1
584,卑,401,军,1
584,卑,1428,宰,1
584,卑,2895,母,1
584,卑,5952,身,1
584,卑,6011,辛,1
585,卒,1408,宓,1
585,卒,1671,幸,1
585,卒,1701,庭,1
585,卒,2165,挛,1
585,卒,2412,族,1
585,卒,2931,氢,1
585,卒,4942,芋,1
585,卒,5958,车,1
585,卒,6011,辛,1
586,卓,584,卑,1
586,卓,1428,宰,1
586,卓,2422,早,1
586,卓,6553,阜,1
587,单,43,举,1
587,单,77,争,1
587,单,395,再,1
587,单,584,卑,1
587,单,1130,堂,1
587,单,1387,学,1
587,单,1403,守,1
587,单,1670,并,1
587,单,2519,曾,1
588,卖,1033,圭,1
588,卖,1272,妻,1
588,卖,2677,桑,1
588,卖,5494,袤,1
589,南,2934,氧,1
590,博,1874,恃,1
590,博,2303,摩,1
590,博,6609,隙,1
591,卜,110,人,1
591,卜,1809,忄,1
592,卞,8,下,1
592,卞,9,丌,1
592,卞,94,亢,1
592,卞,1676,广,1
592,卞,4127,示,1
593,卟,669,叱,1
593,卟,764,咔,1
594,占,2401,方,1
594,占,2962,江,1
594,占,5288,虍,1
595,卡,592,卞,1
595,卡,1208,夫,1
595,卡,1240,女,1
595,卡,2393,斤,1
595,卡,3524,犬,1
596,卢,57,乒,1
597,卣,4930,色,1
598,卤,597,卣,1
598,卤,1004,囟,1
598,卤,6935,鱼,1
598,卤,7168,齿,1
599,卦,5469,补,1
599,卦,6131,邡,1
600,卧,5459,衅,1
602,卫,1619,己,1
602,卫,2419,旦,1
602,卫,5762,贝,1
603,卮,616,厄,1
603,卮,689,后,1
603,卮,1399,它,1
604,卯,605,印,1
604,卯,661,叩,1
604,卯,751,呻,1
604,卯,4471,纲,1
605,印,520,劢,1
605,印,604,卯,1
605,印,609,卵,1
605,印,2393,斤,1
605,印,2531,望,1
606,危,1570,崖,1
606,危,1595,嵬,1
606,危,4930,色,1
606,危,5288,虍,1
607,即,6125,邓,1
607,即,6167,郡,1
607,即,6562,阳,1
608,却,611,卸,1
608,却,1673,幻,1
608,却,6163,郚,1
609,卵,5682,诽,1
609,卵,6139,邰,1
609,卵,6140,邱,1
609,卵,6154,郇,1
609,卵,6763,飒,1
610,卷,4177,秃,1
610,卷,4264,竞,1
611,卸,605,印,1
611,卸,608,却,1
611,卸,2457,昴,1
611,卸,5443,蟹,1
611,卸,6164,郛,1
613,卻,6159,郐,1
614,卿,4707,聊,1
615,厂,44,丿,1
615,厂,1468,少,1
616,厄,127,仓,1
616,厄,1399,它,1
617,厅,30,个,1
617,厅,53,乍,1
617,厅,564,匠,1
617,厅,618,历,1
618,历,1684,庐,1
618,历,6901,髓,1
619,厉,603,卮,1
619,厉,1486,尻,1
619,厉,1613,巧,1
619,厉,3891,百,1
619,厉,5625,诂,1
620,压,16,丕,1
620,压,689,后,1
620,压,1495,居,1
620,压,1496,屈,1
620,压,1677,庀,1
620,压,1886,恧,1
620,压,2866,死,1
620,压,3607,玉,1
621,厌,3796,疢,1
622,厍,627,原,1
622,厍,1686,库,1
623,厕,226,例,1
623,厕,510,劂,1
623,厕,4024,矾,1
624,厘,189,但,1
624,厘,566,匣,1
624,厘,625,厚,1
624,厘,1700,座,1
624,厘,3122,涅,1
624,厘,3895,皇,1
624,厘,6620,雁,1
625,厚,101,享,1
625,厚,624,厘,1
625,厚,1933,惇,1
625,厚,2047,扅,1
625,厚,2735,椁,1
626,厝,289,借,1
627,原,22,东,1
627,原,2895,母,1
627,原,3046,泵,1
627,原,3230,源,1
628,厢,42,丽,1
628,厢,6200,酐,1
628,厢,6633,雨,1
628,厢,6769,飙,1
631,厦,624,厘,1
631,厦,650,受,1
631,厦,1712,廋,1
631,厦,2047,扅,1
631,厦,4947,芒,1
631,厦,5247,蕰,1
631,厦,5823,赝,1
631,厦,6934,魔,1
633,厩,6260,銍,1
633,厩,6620,雁,1
635,厶,49,么,1
635,厶,668,台,1
636,去,22,东,1
636,去,83,云,1
636,去,377,共,1
636,去,638,县,1
636,去,1820,志,1
636,去,3605,玄,1
638,县,2447,昙,1
638,县,4971,芸,1
638,县,5789,费,1
639,叁,40,为,1
640,参,99,亨,1
640,参,375,兮,1
640,参,639,叁,1
640,参,1765,彡,1
640,参,4015,矫,1
640,参,4128,礻,1
641,又,5,丈,1
641,又,50,义,1
641,又,601,卩,1
641,又,1372,孓,1
641,又,2380,文,1
642,叉,1191,夂,1
643,及,46,乃,1
643,及,644,友,1
643,及,664,召,1
643,及,1240,女,1
643,及,1380,孜,1
643,及,2841,次,1
643,及,2865,歹,1
643,及,2920,民,1
643,及,2962,江,1
643,及,2971,汲,1
643,及,3904,皮,1
643,及,6023,辽,1
643,及,6503,长,1
643,及,7142,黾,1
644,友,646,反,1
644,友,2523,有,1
644,友,2865,歹,1
644,友,4958,芨,1
644,友,4967,花,1
644,友,5836,走,1
645,双,451,刃,1
645,双,676,叹,1
645,双,1241,奴,1
645,双,2020,戏,1
645,双,2942,水,1
645,双,3616,玟,1
645,双,5555,观,1
646,反,142,仪,1
646,反,433,凤,1
646,反,644,友,1
646,反,3003,沪,1
647,发,1530,岚,1
648,叔,652,叙,1
648,叔,2360,效,1
648,叔,2367,教,1
648,叔,2548,权,1
648,叔,2550,杈,1
648,叔,2929,氟,1
648,叔,6703,韧,1
649,取,1758,归,1
649,取,3355,灭,1
650,受,95,交,1
650,受,1387,学,1
650,受,1404,安,1
650,受,1521,岌,1
650,受,3105,浚,1
650,受,3478,爰,1
651,变,95,交,1
651,变,99,亨,1
651,变,246,便,1
651,变,1328,婪,1
651,变,1699,度,1
651,变,4966,芰,1
651,变,5239,蕈,1
652,叙,118,仅,1
652,叙,648,叔,1
652,叙,2368,敛,1
653,叛,5311,蚊,1
653,叛,5817,赖,1
653,叛,6134,邦,1
653,叛,6729,颅,1
653,叛,6740,频,1
654,叟,920,嗖,1
655,叠,4268,童,1
655,叠,6886,骨,1
656,口,7,上,1
656,口,390,冂,1
656,口,448,刀,1
656,口,1611,工,1
656,口,2061,扛,1
657,古,4,万,1
657,古,94,亢,1
657,古,2401,方,1
657,古,2562,杠,1
657,古,3891,百,1
657,古,4019,石,1
658,句,547,勺,1
658,句,548,勾,1
658,句,552,匆,1
658,句,3755,甸,1
658,句,3890,白,1
658,句,6509,问,1
659,另,471,别,1
659,另,524,努,1
659,另,662,只,1
659,另,737,呙,1
659,另,3754,男,1
659,另,4228,穷,1
660,叨,718,吸,1
660,叨,802,哑,1
660,叨,2442,明,1
660,叨,2512,曰,1
660,叨,2986,沏,1
661,叩,660,叨,1
661,叩,677,叻,1
662,只,31,丫,1
662,只,379,兴,1
662,只,380,兵,1
662,只,636,去,1
662,只,695,吕,1
662,只,1485,尺,1
662,只,5762,贝,1
663,叫,412,冲,1
663,叫,673,叶,1
663,叫,2442,明,1
663,叫,4454,纠,1
663,叫,5616,许,1
664,召,1738,弓,1
664,召,3891,百,1
665,叭,660,叨,1
665,叭,3354,灬,1
665,叭,5853,趴,1
666,叮,661,叩,1
666,叮,678,叼,1
666,叮,3356,灯,1
666,叮,3609,玎,1
666,叮,3756,町,1
666,叮,3930,盯,1
667,可,4,万,1
667,可,449,刁,1
667,可,658,句,1
667,可,1071,坷,1
667,可,3496,牙,1
668,台,53,乍,1
668,台,94,亢,1
668,台,354,允,1
668,台,657,古,1
668,台,684,合,1
668,台,705,否,1
668,台,1858,怠,1
668,台,4889,舌,1
668,台,4962,芬,1
668,台,6785,饪,1
669,叱,410,冰,1
669,叱,661,叩,1
669,叱,2900,比,1
670,史,690,吏,1
671,右,594,占,1
671,右,1376,存,1
671,右,1612,左,1
672,叵,564,匠,1
672,叵,570,匹,1
673,叶,113,什,1
673,叶,593,卟,1
673,叶,663,叫,1
674,号,82,亏,1
674,号,376,兰,1
674,号,400,写,1
674,号,1200,多,1
674,号,1738,弓,1
674,号,5305,虽,1
674,号,5581,言,1
675,司,449,刁,1
675,司,1739,引,1
675,司,6507,闫,1
676,叹,118,仅,1
676,叹,645,双,1
676,叹,735,呗,1
676,叹,4478,纹,1
677,叻,693,吒,1
677,叻,766,咖,1
678,叼,658,句,1
678,叼,661,叩,1
678,叼,677,叻,1
678,叼,720,吻,1
678,叼,2430,时,1
678,叼,4031,砍,1
678,叼,5602,讨,1
679,叽,669,叱,1
679,叽,703,吡,1
679,叽,1630,帆,1
679,叽,1811,忆,1
679,叽,2442,明,1
680,吁,673,叶,1
680,吁,723,呀,1
680,吁,752,呼,1
680,吁,1030,圩,1
680,吁,2427,旰,1
680,吁,2429,旴,1
680,吁,4733,肝,1
681,吃,712,吮,1
681,吃,795,哈,1
681,吃,907,喹,1
681,吃,1519,岂,1
682,各,606,危,1
683,吆,844,唬,1
683,吆,862,啖,1
683,吆,1276,始,1
683,吆,3462,燃,1
683,吆,5319,蚣,1
684,合,122,今,1
684,合,127,仓,1
684,合,134,仝,1
684,合,209,佥,1
684,合,371,全,1
684,合,452,分,1
684,合,682,各,1
684,合,1378,孚,1
684,合,1494,屃,1
684,合,5738,谷,1
685,吉,4,万,1
685,吉,1738,弓,1
685,吉,1759,当,1
685,吉,2445,昔,1
685,吉,5002,苦,1
685,吉,5003,苫,1
685,吉,5957,軎,1
686,吊,1626,币,1
686,吊,1642,帛,1
686,吊,1743,弟,1
687,同,67,习,1
687,同,675,司,1
687,同,1003,回,1
687,同,3755,甸,1
687,同,5635,词,1
687,同,6507,闫,1
687,同,6509,问,1
687,同,6518,闷,1
688,名,709,含,1
688,名,1626,币,1
688,名,3373,炙,1
689,后,46,乃,1
689,后,57,乒,1
689,后,153,仿,1
689,后,177,伫,1
689,后,684,合,1
689,后,713,启,1
689,后,1253,妊,1
690,吏,2515,更,1
691,吐,669,叱,1
691,吐,803,哒,1
691,吐,2433,旺,1
691,吐,4456,红,1
691,吐,4730,肚,1
692,向,135,仞,1
692,向,184,伺,1
692,向,231,侗,1
692,向,553,匈,1
692,向,687,同,1
692,向,857,商,1
692,向,1251,妇,1
692,向,1446,寓,1
692,向,2421,旨,1
693,吒,696,吖,1
694,吓,593,卟,1
694,吓,764,咔,1
695,吕,594,占,1
695,吕,662,只,1
695,吕,664,召,1
695,吕,1491,局,1
695,吕,2441,昌,1
695,吕,6832,马,1
696,吖,463,则,1
696,吖,717,吵,1
696,吖,728,呋,1
697,吗,409,冯,1
697,吗,835,唔,1
697,吗,1386,孥,1
697,吗,2430,时,1
697,吗,6853,骂,1
698,君,3676,琵,1
698,君,3942,眉,1
699,吝,685,吉,1
699,吝,688,名,1
699,吝,4231,空,1
699,吝,5738,谷,1
699,吝,6710,音,1
700,吞,59,乔,1
700,吞,689,后,1
700,吞,4313,答,1
701,吟,23,丝,1
701,吟,122,今,1
701,吟,416,冷,1
701,吟,697,吗,1
701,吟,795,哈,1
701,吟,806,哕,1
701,吟,1258,妗,1
701,吟,3769,畛,1
702,吠,799,哎,1
702,吠,3764,畎,1
703,吡,735,呗,1
703,吡,3499,牝,1
704,吣,715,吲,1
705,否,14,专,1
705,否,700,吞,1
705,否,722,吾,1
705,否,2554,杏,1
705,否,5738,谷,1
706,吧,757,咆,1
707,吨,733,呕,1
707,吨,784,咴,1
707,吨,2985,沌,1
707,吨,4468,纯,1
707,吨,4742,肫,1
707,吨,6783,饨,1
708,吩,697,吗,1
708,吩,2439,昉,1
709,含,166,会,1
709,含,375,兮,1
709,含,705,否,1
709,含,1833,念,1
709,含,5774,贪,1
709,含,7183,龛,1
710,听,31,丫,1
710,听,559,北,1
710,听,666,叮,1
710,听,680,吁,1
710,听,694,吓,1
710,听,717,吵,1
710,听,823,哳,1
710,听,4226,穴,1
711,吭,415,冶,1
711,吭,5799,赃,1
712,吮,721,吼,1
712,吮,730,呒,1
712,吮,763,咒,1
712,吮,935,嗲,1
712,吮,2984,沉,1
712,吮,3976,睨,1
713,启,378,关,1
713,启,415,冶,1
713,启,1677,庀,1
713,启,2043,房,1
713,启,4740,肩,1
714,吱,645,双,1
714,吱,765,咕,1
714,吱,784,咴,1
714,吱,794,哇,1
714,吱,920,嗖,1
714,吱,5836,走,1
715,吲,755,咂,1
715,吲,774,咧,1
715,吲,817,哨,1
715,吲,3169,淤,1
715,吲,5766,财,1
716,吴,96,亥,1
716,吴,378,关,1
716,吴,662,只,1
716,吴,736,员,1
716,吴,1221,奂,1
716,吴,2440,昊,1
716,吴,3358,灵,1
716,吴,4010,矢,1
716,吴,4283,笑,1
716,吴,4877,臭,1
716,吴,4878,至,1
717,吵,523,助,1
717,吵,739,呜,1
717,吵,799,哎,1
717,吵,1674,幼,1
717,吵,3369,炒,1
718,吸,678,叼,1
718,吸,735,呗,1
718,吸,799,哎,1
718,吸,800,哏,1
718,吸,856,啄,1
718,吸,2353,收,1
718,吸,2366,敖,1
718,吸,2971,汲,1
718,吸,6378,银,1
718,吸,6788,饭,1
719,吹,665,叭,1
719,吹,702,吠,1
719,吹,712,吮,1
719,吹,811,哝,1
719,吹,841,唤,1
719,吹,2841,次,1
719,吹,2843,欣,1
719,吹,6715,顷,1
719,吹,6789,饮,1
720,吻,1044,均,1
721,吼,703,吡,1
721,吼,761,咏,1
722,吾,360,光,1
722,吾,698,君,1
722,吾,700,吞,1
722,吾,705,否,1
722,吾,886,善,1
722,吾,1411,官,1
722,吾,2864,歪,1
722,吾,6710,音,1
723,呀,710,听,1
723,呀,1520,岈,1
723,呀,2431,旷,1
724,呃,703,吡,1
724,呃,711,吭,1
724,呃,2077,扼,1
725,呆,686,吊,1
725,呆,1405,宋,1
725,呆,1459,寻,1
725,呆,1760,录,1
725,呆,2052,手,1
725,呆,2563,条,1
725,呆,2572,杲,1
725,呆,2590,果,1
725,呆,3192,渠,1
725,呆,4008,矛,1
725,呆,5004,苯,1
725,呆,5145,萎,1
725,呆,6250,采,1
726,呈,356,兄,1
726,呈,1028,圣,1
726,呈,2922,气,1
726,呈,3895,皇,1
726,呈,5852,足,1
726,呈,6253,里,1
727,告,14,专,1
727,告,25,丢,1
727,告,28,丧,1
727,告,402,农,1
727,告,722,吾,1
727,告,1381,孝,1
727,告,2395,斧,1
727,告,2445,昔,1
728,呋,730,呒,1
728,呋,784,咴,1
729,呐,762,咐,1
729,呐,813,哟,1
730,呒,731,呓,1
730,呒,1265,妩,1
731,呓,681,吃,1
731,呓,732,呔,1
732,呔,702,吠,1
732,呔,734,呖,1
732,呔,765,咕,1
733,呕,707,吨,1
733,呕,801,哐,1
733,呕,2997,沤,1
734,呖,724,呃,1
734,呖,742,呦,1
734,呖,798,响,1
735,呗,451,刃,1
735,呗,719,吹,1
735,呗,737,呙,1
735,呗,1056,坝,1
735,呗,6715,顷,1
736,员,695,吕,1
736,员,1504,展,1
736,员,2923,氕,1
736,员,2938,氮,1
736,员,4285,笕,1
736,员,5764,负,1
736,员,5765,贡,1
737,呙,40,为,1
737,呙,686,吊,1
737,呙,704,吣,1
738,呛,126,仑,1
739,呜,697,吗,1
740,呢,800,哏,1
740,呢,884,喂,1
740,呢,934,嗯,1
740,呢,5374,蜗,1
741,呤,416,冷,1
741,呤,768,咚,1
741,呤,4035,砖,1
742,呦,770,咝,1
742,呦,1069,坳,1
743,周,425,凋,1
743,周,502,剧,1
743,周,554,匍,1
743,周,2522,月,1
743,周,4724,肉,1
743,周,6548,阖,1
744,呱,741,呤,1
744,呱,908,喻,1
744,呱,6320,钶,1
745,呲,771,咣,1
745,呲,3029,泚,1
745,呲,3951,眦,1
745,呲,5314,蚍,1
745,呲,6783,饨,1
746,味,707,吨,1
746,味,761,咏,1
746,味,777,咪,1
746,味,816,哧,1
746,味,1271,妹,1
746,味,2541,朱,1
746,味,2633,柴,1
746,味,3004,沫,1
747,呵,37,丶,1
747,呵,667,可,1
747,呵,710,听,1
747,呵,750,呸,1
747,呵,1071,坷,1
747,呵,2433,旺,1
747,呵,2442,明,1
747,呵,5330,蚵,1
747,呵,5626,诃,1
747,呵,6320,钶,1
747,呵,6569,阿,1
748,呶,742,呦,1
749,呷,744,呱,1
749,呷,787,咽,1
750,呸,16,丕,1
750,呸,23,丝,1
750,呸,694,吓,1
750,呸,758,咋,1
750,呸,802,哑,1
750,呸,902,喧,1
750,呸,1571,崛,1
750,呸,4767,胚,1
751,呻,412,冲,1
751,呻,749,呷,1
752,呼,710,听,1
752,呼,723,呀,1
752,呼,749,呷,1
752,呼,755,咂,1
752,呼,1520,岈,1
753,命,260,俞,1
753,命,482,刽,1
753,命,611,卸,1
753,命,3482,爷,1
753,命,6165,郜,1
754,咀,757,咆,1
754,咀,818,哩,1
754,咀,3544,狙,1
754,咀,5335,蛆,1
755,咂,595,卡,1
755,咂,801,哐,1
756,咄,745,呲,1
756,咄,748,呶,1
756,咄,813,哟,1
757,咆,3380,炮,1
757,咆,4995,苞,1
757,咆,6792,饱,1
758,咋,710,听,1
758,咋,711,吭,1
758,咋,764,咔,1
758,咋,765,咕,1
758,咋,846,唯,1
759,和,470,利,1
759,和,648,叔,1
759,和,1247,如,1
762,咐,723,呀,1
762,咐,6572,附,1
763,咒,365,兕,1
763,咒,977,器,1
764,咔,728,呋,1
764,咔,749,呷,1
765,咕,691,吐,1
765,咕,694,吓,1
765,咕,780,咭,1
765,咕,1541,岵,1
765,咕,4263,站,1
765,咕,5334,蛄,1
766,咖,516,办,1
766,咖,859,啊,1
767,咙,740,呢,1
767,咙,766,咖,1
767,咙,846,唯,1
767,咙,891,喊,1
767,咙,6575,陇,1
768,咚,769,咛,1
768,咚,781,咯,1
768,咚,3771,略,1
769,咛,756,咄,1
770,咝,801,哐,1
770,咝,2492,暅,1
771,咣,804,哓,1
771,咣,806,哕,1
771,咣,1554,峣,1
772,咤,693,吒,1
772,咤,811,哝,1
772,咤,840,唣,1
773,咦,804,哓,1
773,咦,5355,蛱,1
774,咧,419,冽,1
774,咧,715,吲,1
775,咨,3728,瓷,1
775,咨,4753,肾,1
776,咩,772,咤,1
776,咩,979,噪,1
777,咪,754,咀,1
777,咪,786,咻,1
777,咪,878,啸,1
777,咪,909,喽,1
777,咪,4802,脒,1
777,咪,6250,采,1
779,咬,710,听,1
779,咬,714,吱,1
779,咬,860,啐,1
779,咬,876,啶,1
779,咬,880,啼,1
779,咬,1558,峧,1
779,咬,3071,洨,1
779,咬,3774,畯,1
779,咬,3791,疚,1
779,咬,5877,跤,1
779,咬,6801,饺,1
780,咭,791,哂,1
780,咭,835,唔,1
780,咭,1137,堎,1
781,咯,768,咚,1
781,咯,794,哇,1
781,咯,3771,略,1
781,咯,4511,络,1
781,咯,5798,赂,1
782,咱,758,咋,1
782,咱,787,咽,1
782,咱,798,响,1
782,咱,801,哐,1
782,咱,824,哺,1
782,咱,861,啕,1
782,咱,3039,泪,1
782,咱,6618,难,1
783,咳,96,亥,1
783,咳,831,唉,1
783,咳,1388,孩,1
783,咳,1417,实,1
783,咳,3901,皖,1
783,咳,3957,眵,1
784,咴,803,哒,1
785,咸,1970,感,1
785,咸,2017,戌,1
785,咸,2948,求,1
785,咸,6155,郈,1
786,咻,702,吠,1
786,咻,788,咿,1
786,咻,858,啉,1
786,咻,3158,淋,1
787,咽,818,哩,1
787,咽,4781,胭,1
788,咿,797,哌,1
788,咿,858,啉,1
789,哀,4928,良,1
789,哀,4982,苌,1
790,品,206,你,1
790,品,662,只,1
790,品,1467,小,1
790,品,2486,晶,1
790,品,3386,点,1
791,哂,784,咴,1
792,哄,728,呋,1
792,哄,764,咔,1
792,哄,799,哎,1
792,哄,3157,淇,1
792,哄,3396,烘,1
793,哆,813,哟,1
793,哆,815,哦,1
793,哆,848,唱,1
793,哆,1518,岁,1
794,哇,714,吱,1
794,哇,750,呸,1
794,哇,835,唔,1
794,哇,907,喹,1
794,哇,1588,嵖,1
794,哇,3772,畦,1
794,哇,5346,蛙,1
795,哈,182,伶,1
795,哈,701,吟,1
795,哈,708,吩,1
795,哈,825,哼,1
795,哈,828,唁,1
796,哉,2016,戋,1
796,哉,2027,战,1
796,哉,2035,截,1
796,哉,2036,戬,1
796,哉,2862,武,1
797,哌,744,呱,1
797,哌,808,哙,1
797,哌,3085,派,1
798,响,415,冶,1
798,响,734,呖,1
798,响,859,啊,1
798,响,861,啕,1
798,响,1094,垧,1
798,响,6798,饷,1
799,哎,792,哄,1
799,哎,862,啖,1
799,哎,2513,曲,1
799,哎,5223,蔑,1
800,哏,2472,晖,1
801,哐,757,咆,1
801,哐,765,咕,1
801,哐,948,嘘,1
801,哐,968,噍,1
802,哑,730,呒,1
802,哑,791,哂,1
803,哒,773,咦,1
804,哓,805,哔,1
804,哓,844,唬,1
804,哓,1554,峣,1
805,哔,788,咿,1
805,哔,2470,晔,1
806,哕,771,咣,1
806,哕,786,咻,1
807,哗,582,华,1
807,哗,752,呼,1
807,哗,812,哞,1
807,哗,834,唑,1
807,哗,860,啐,1
807,哗,1331,婵,1
807,哗,4494,绊,1
808,哙,809,哚,1
808,哙,4507,绘,1
809,哚,810,哜,1
809,哚,979,噪,1
809,哚,2633,柴,1
809,哚,4275,竿,1
810,哜,776,咩,1
810,哜,781,咯,1
811,哝,797,哌,1
811,哝,800,哏,1
812,哞,751,呻,1
812,哞,807,哗,1
812,哞,809,哚,1
812,哞,836,唛,1
812,哞,3960,眸,1
813,哟,311,做,1
813,哟,710,听,1
813,哟,762,咐,1
813,哟,793,哆,1
813,哟,3893,的,1
814,哥,1439,寄,1
814,哥,1459,寻,1
814,哥,1731,弄,1
814,哥,2561,束,1
814,哥,2895,母,1
814,哥,7029,鸟,1
815,哦,248,俄,1
815,哦,744,呱,1
815,哦,834,唑,1
816,哧,826,哽,1
816,哧,906,喷,1
817,哨,823,哳,1
817,哨,850,唷,1
817,哨,1561,峭,1
817,哨,4516,绡,1
817,哨,4761,背,1
817,哨,5795,贿,1
818,哩,754,咀,1
818,哩,757,咆,1
818,哩,840,唣,1
818,哩,902,喧,1
818,哩,911,嗄,1
818,哩,965,嘿,1
818,哩,1107,埋,1
819,哪,2177,挪,1
819,哪,4649,翔,1
819,哪,5866,跏,1
819,哪,6169,郦,1
820,哭,7,上,1
820,哭,379,兴,1
820,哭,4283,笑,1
821,哮,816,哧,1
821,哮,843,唪,1
821,哮,893,喏,1
821,哮,921,嗜,1
821,哮,5991,辇,1
821,哮,6232,醋,1
822,哲,532,势,1
822,哲,2139,拦,1
822,哲,2223,掘,1
822,哲,3458,熬,1
822,哲,3918,盐,1
824,哺,878,啸,1
824,哺,885,喃,1
824,哺,891,喊,1
824,哺,905,喵,1
824,哺,4811,脯,1
825,哼,779,咬,1
825,哼,866,啥,1
825,哼,1151,塆,1
825,哼,1262,妤,1
825,哼,1572,崞,1
825,哼,3230,源,1
825,哼,3889,登,1
825,哼,7033,鸣,1
826,哽,835,唔,1
826,哽,903,喱,1
826,哽,920,嗖,1
826,哽,4074,硬,1
827,哿,6849,驾,1
828,唁,808,哙,1
828,唁,882,喀,1
828,唁,894,喑,1
828,唁,2473,晗,1
828,唁,2497,暗,1
828,唁,3145,涪,1
828,唁,4105,磅,1
828,唁,5815,赔,1
828,唁,6620,雁,1
829,唆,779,咬,1
829,唆,793,哆,1
829,唆,831,唉,1
829,唆,906,喷,1
829,唆,914,嗌,1
829,唆,1558,峧,1
829,唆,2653,校,1
829,唆,3774,畯,1
829,唆,4267,竣,1
830,唇,695,吕,1
830,唇,898,喜,1
830,唇,1496,屈,1
831,唉,771,咣,1
831,唉,829,唆,1
831,唉,849,唳,1
831,唉,940,嗾,1
833,唐,1411,官,1
833,唐,1683,序,1
833,唐,1705,康,1
833,唐,1706,庸,1
833,唐,5814,赓,1
834,唑,4303,笾,1
835,唔,2478,晤,1
836,唛,816,哧,1
837,唝,868,啧,1
837,唝,906,喷,1
838,唠,893,喏,1
838,唠,905,喵,1
838,唠,5451,蠛,1
839,唢,817,哨,1
841,唤,261,俟,1
841,唤,771,咣,1
841,唤,936,嗳,1
841,唤,979,噪,1
841,唤,2450,映,1
842,唧,742,呦,1
842,唧,6181,鄄,1
844,唬,1944,惦,1
845,售,153,仿,1
845,售,258,俜,1
845,售,1143,堡,1
845,售,1411,官,1
845,售,2288,携,1
845,售,2913,毽,1
845,售,6617,隽,1
846,唯,782,咱,1
846,唯,876,啶,1
846,唯,890,喉,1
846,唯,968,噍,1
846,唯,1131,堆,1
846,唯,3972,睢,1
847,唰,952,嘟,1
848,唱,697,吗,1
848,唱,899,喝,1
848,唱,2421,旨,1
848,唱,5812,赐,1
849,唳,841,唤,1
850,唷,817,哨,1
850,唷,5143,萌,1
851,唼,880,啼,1
851,唼,1330,婴,1
852,唾,802,哑,1
852,唾,834,唑,1
852,唾,907,喹,1
853,唿,934,嗯,1
853,唿,994,嚯,1
853,唿,1877,恐,1
854,啁,425,凋,1
854,啁,747,呵,1
854,啁,861,啕,1
855,啃,812,哞,1
855,啃,900,喟,1
855,啃,4745,肯,1
855,啃,4761,背,1
856,啄,404,冢,1
856,啄,2854,歇,1
856,啄,3663,琢,1
856,啄,5681,诼,1
857,商,466,初,1
857,商,1439,寄,1
857,商,3832,痢,1
857,商,4747,育,1
857,商,5510,裔,1
857,商,6750,额,1
858,啉,816,哧,1
858,啉,2587,林,1
858,啉,3674,琳,1
859,啊,3760,畅,1
859,啊,6409,锕,1
860,啐,812,哞,1
862,啖,811,哝,1
862,啖,831,唉,1
862,啖,3224,溃,1
863,啜,932,嗫,1
864,啡,819,哪,1
864,啡,867,啦,1
864,啡,3771,略,1
865,啤,749,呷,1
865,啤,752,呼,1
865,啤,769,咛,1
865,啤,1120,埤,1
865,啤,1562,峰,1
866,啥,701,吟,1
866,啥,752,呼,1
866,啥,825,哼,1
866,啥,828,唁,1
866,啥,851,唼,1
866,啥,852,唾,1
866,啥,968,噍,1
866,啥,3082,活,1
866,啥,3261,滘,1
866,啥,4288,笞,1
867,啦,2118,拉,1
867,啦,2139,拦,1
870,啬,3773,番,1
870,啬,6663,青,1
871,啭,939,嗽,1
872,啮,956,嘧,1
872,啮,3766,畔,1
872,啮,7168,齿,1
873,啰,806,哕,1
873,啰,883,喁,1
873,啰,920,嗖,1
874,啴,953,嘡,1
874,啴,979,噪,1
876,啶,990,嚏,1
876,啶,3003,沪,1
876,啶,3153,淀,1
877,啷,6191,酃,1
878,啸,746,味,1
878,啸,823,哳,1
878,啸,888,喇,1
878,啸,4818,腈,1
879,啻,4268,童,1
880,啼,896,喘,1
880,啼,1128,埽,1
880,啼,2489,晾,1
880,啼,4105,磅,1
880,啼,4317,筛,1
880,啼,5711,谛,1
881,啾,3985,瞅,1
881,啾,4180,秋,1
882,喀,681,吃,1
882,喀,781,咯,1
882,喀,828,唁,1
882,喀,835,唔,1
882,喀,844,唬,1
883,喁,900,喟,1
883,喁,5812,赐,1
884,喂,800,哏,1
884,喂,934,嗯,1
884,喂,965,嘿,1
884,喂,1869,总,1
885,喃,3517,犊,1
886,善,639,叁,1
886,善,2481,普,1
886,善,4029,砉,1
886,善,4451,纂,1
886,善,5581,言,1
886,善,5957,軎,1
888,喇,476,制,1
890,喉,841,唤,1
890,喉,846,唯,1
890,喉,3815,疾,1
891,喊,427,减,1
891,喊,858,啉,1
891,喊,4097,碱,1
891,喊,5384,蜮,1
891,喊,5648,诚,1
892,喋,5697,谍,1
894,喑,851,唼,1
896,喘,872,啮,1
896,喘,922,嗝,1
896,喘,961,嘴,1
896,喘,3208,湍,1
896,喘,3688,瑞,1
896,喘,4547,缁,1
897,喙,884,喂,1
898,喜,588,卖,1
898,喜,3915,盍,1
898,喜,4029,砉,1
898,喜,5192,蒡,1
898,喜,5307,虿,1
898,喜,6940,鲁,1
899,喝,883,喁,1
899,喝,900,喟,1
899,喝,5702,谒,1
899,喝,5812,赐,1
900,喟,889,喈,1
900,喟,1931,情,1
900,喟,5779,贯,1
901,喤,840,唣,1
901,喤,953,嘡,1
902,喧,795,哈,1
902,喧,2491,暄,1
902,喧,4249,窟,1
903,喱,990,嚏,1
904,喳,794,哇,1
904,喳,836,唛,1
904,喳,907,喹,1
904,喳,1588,嵖,1
904,喳,2500,暨,1
904,喳,2626,查,1
904,喳,3194,渣,1
904,喳,3977,睫,1
904,喳,4100,碴,1
905,喵,3584,猫,1
906,喷,821,哮,1
906,喷,983,噶,1
906,喷,2474,晚,1
908,喻,260,俞,1
908,喻,317,偷,1
908,喻,711,吭,1
908,喻,3687,瑜,1
908,喻,5705,谕,1
909,喽,821,哮,1
909,喽,851,唼,1
909,喽,1592,嵝,1
911,嗄,826,哽,1
911,嗄,946,嘎,1
911,嗄,6587,院,1
912,嗅,831,唉,1
912,嗅,865,啤,1
912,嗅,3373,炙,1
913,嗉,868,啧,1
913,嗉,945,嘌,1
913,嗉,1322,婊,1
913,嗉,4440,紧,1
914,嗌,916,嗑,1
915,嗍,939,嗽,1
916,嗑,4111,磕,1
916,嗑,6973,鲨,1
917,嗒,781,咯,1
917,嗒,921,嗜,1
918,嗓,843,唪,1
918,嗓,967,噌,1
918,嗓,2600,枭,1
918,嗓,7033,鸣,1
919,嗔,3948,真,1
921,嗜,889,喈,1
921,嗜,894,喑,1
921,嗜,935,嗲,1
921,嗜,943,嘈,1
921,嗜,2485,晴,1
921,嗜,4847,膂,1
921,嗜,5409,蝽,1
921,嗜,5808,赌,1
921,嗜,7009,鳍,1
923,嗞,1594,嵫,1
924,嗟,2276,搓,1
925,嗡,813,哟,1
925,嗡,1431,宵,1
926,嗣,42,丽,1
927,嗤,756,咄,1
927,嗤,966,噀,1
927,嗤,976,噤,1
928,嗥,865,啤,1
929,嗦,816,哧,1
929,嗦,821,哮,1
929,嗦,825,哼,1
929,嗦,4123,礞,1
929,嗦,4439,索,1
930,嗨,2479,晦,1
930,嗨,5393,蝉,1
930,嗨,5671,诲,1
931,嗪,843,唪,1
931,嗪,979,噪,1
932,嗫,1982,慑,1
932,嗫,5925,蹑,1
934,嗯,883,喁,1
935,嗲,3484,爹,1
937,嗵,6078,通,1
939,嗽,1359,嫩,1
939,嗽,3291,漱,1
940,嗾,890,喉,1
941,嘀,930,嗨,1
941,嘀,980,噫,1
941,嘀,3275,滴,1
941,嘀,4245,窗,1
941,嘀,4849,膊,1
941,嘀,5676,请,1
941,嘀,5930,蹢,1
941,嘀,6478,镝,1
943,嘈,967,噌,1
944,嘉,1237,奢,1
944,嘉,4007,矗,1
944,嘉,4107,磊,1
944,嘉,4650,翕,1
945,嘌,873,啰,1
945,嘌,991,嚓,1
945,嘌,5428,螵,1
946,嘎,912,嗅,1
946,嘎,4103,碾,1
947,嘏,2493,暇,1
948,嘘,844,唬,1
948,嘘,981,噬,1
948,嘘,3235,溢,1
949,嘚,900,喟,1
950,嘛,858,啉,1
950,嘛,948,嘘,1
950,嘛,2949,汆,1
950,嘛,3158,淋,1
950,嘛,4431,糠,1
952,嘟,877,啷,1
952,嘟,6189,鄱,1
953,嘡,1130,堂,1
955,嘤,3703,璎,1
957,嘬,928,嗥,1
957,嘬,936,嗳,1
959,嘱,922,嗝,1
959,嘱,1571,崛,1
959,嘱,3996,瞩,1
960,嘲,888,喇,1
961,嘴,806,哕,1
961,嘴,824,哺,1
961,嘴,889,喈,1
961,嘴,933,嗬,1
961,嘴,976,噤,1
961,嘴,3495,牖,1
961,嘴,5572,觜,1
963,嘹,862,啖,1
963,嘹,931,嗪,1
963,嘹,935,嗲,1
964,嘻,765,咕,1
964,嘻,780,咭,1
964,嘻,866,啥,1
964,嘻,913,嗉,1
964,嘻,919,嗔,1
964,嘻,3948,真,1
964,嘻,5442,蟮,1
965,嘿,808,哙,1
965,嘿,818,哩,1
967,噌,771,咣,1
967,噌,921,嗜,1
968,噍,340,僬,1
969,噎,913,嗉,1
969,噎,916,嗑,1
969,噎,5157,萱,1
970,噔,3997,瞪,1
973,噙,4173,禽,1
973,噙,4361,篙,1
975,噢,884,喂,1
975,噢,3326,澳,1
977,器,820,哭,1
977,器,993,嚣,1
977,器,3675,琴,1
977,器,3728,瓷,1
977,器,4612,罢,1
978,噩,4611,罡,1
978,噩,6082,速,1
979,噪,764,咔,1
979,噪,776,咩,1
979,噪,807,哗,1
979,噪,809,哚,1
979,噪,862,啖,1
979,噪,874,啴,1
979,噪,892,喋,1
979,噪,2333,操,1
980,噫,851,唼,1
981,噬,852,唾,1
981,噬,867,啦,1
983,噶,5236,蔼,1
983,噶,6648,霉,1
988,嚆,1593,嵩,1
988,嚆,3990,瞒,1
988,嚆,4715,聩,1
989,嚎,821,哮,1
989,嚎,913,嗉,1
989,嚎,982,噱,1
990,嚏,929,嗦,1
990,嚏,953,嘡,1
991,嚓,918,嗓,1
991,嚓,3872,瘵,1
991,嚓,6972,鲧,1
993,嚣,820,哭,1
993,嚣,4440,紧,1
993,嚣,4619,罴,1
994,嚯,2344,攉,1
995,嚷,964,嘻,1
995,嚷,1183,壤,1
995,嚷,5544,襄,1
996,嚼,880,啼,1
996,嚼,3480,爵,1
997,囊,2169,挠,1
997,囊,6928,魇,1
998,囔,997,囊,1
998,囔,999,囗,1
999,囗,439,凵,1
999,囗,1002,囝,1
999,囗,2418,日,1
999,囗,2512,曰,1
1000,囚,1007,团,1
1000,囚,1527,岗,1
1000,囚,2895,母,1
1000,囚,3929,目,1
1000,囚,4604,网,1
1000,囚,6506,闪,1
1001,四,1012,囱,1
1001,四,1857,思,1
1001,四,2420,旧,1
1001,四,3028,泗,1
1001,四,3929,目,1
1002,囝,4605,罔,1
1003,回,442,凹,1
1003,回,553,匈,1
1003,回,1062,坦,1
1003,回,2419,旦,1
1003,回,2512,曰,1
1004,囟,598,卤,1
1004,囟,692,向,1
1004,囟,1012,囱,1
1005,因,687,同,1
1005,因,743,周,1
1005,因,1000,囚,1
1005,因,1001,四,1
1005,因,1007,团,1
1005,因,1011,困,1
1005,因,1013,围,1
1005,因,2894,毋,1
1005,因,3929,目,1
1005,因,4605,罔,1
1006,囡,1002,囝,1
1006,囡,1015,囹,1
1006,囡,1018,图,1
1007,团,1003,回,1
1007,团,1006,囡,1
1007,团,5610,讲,1
1007,团,6508,闭,1
1008,囤,1005,因,1
1008,囤,1011,困,1
1008,囤,1013,围,1
1008,囤,1014,囵,1
1008,囤,1017,国,1
1008,囤,3743,甩,1
1008,囤,6525,闾,1
1009,囫,1015,囹,1
1009,囫,1018,图,1
1009,囫,1022,圆,1
1009,囫,6539,阌,1
1010,园,1005,因,1
1010,园,1011,困,1
1010,园,1022,圆,1
1010,园,3929,目,1
1010,园,6511,闰,1
1010,园,6529,阂,1
1011,困,554,匍,1
1011,困,2291,摁,1
1012,囱,281,倒,1
1012,囱,3163,淘,1
1012,囱,5457,血,1
1013,围,409,冯,1
1013,围,1000,囚,1
1013,围,1005,因,1
1013,围,1016,固,1
1013,围,1017,国,1
1013,围,5583,訇,1
1014,囵,1006,囡,1
1014,囵,1008,囤,1
1014,囵,1009,囫,1
1015,囹,1019,囿,1
1015,囹,1022,圆,1
1016,固,743,周,1
1016,固,1000,囚,1
1016,固,1014,囵,1
1016,固,1024,圉,1
1016,固,6521,闺,1
1016,固,6548,阖,1
1017,国,1000,囚,1
1017,国,1002,囝,1
1017,国,1016,固,1
1017,国,1018,图,1
1017,国,6511,闰,1
1017,国,6522,闻,1
1017,国,6529,阂,1
1018,图,437,凰,1
1018,图,1002,囝,1
1018,图,1005,因,1
1018,图,1010,园,1
1018,图,1016,固,1
1018,图,1017,国,1
1018,图,3929,目,1
1018,图,6178,郾,1
1018,图,6529,阂,1
1018,图,6532,阅,1
1019,囿,1020,圃,1
1019,囿,1021,圄,1
1019,囿,1025,圊,1
1019,囿,6046,迥,1
1020,圃,743,周,1
1020,圃,1013,围,1
1020,圃,1017,国,1
1020,圃,1019,囿,1
1020,圃,1025,圊,1
1020,圃,6548,阖,1
1021,圄,396,冒,1
1021,圄,1023,圈,1
1021,圄,1024,圉,1
1021,圄,1026,圜,1
1022,圆,1008,囤,1
1022,圆,1010,园,1
1022,圆,1017,国,1
1022,圆,1018,图,1
1022,圆,1025,圊,1
1022,圆,1166,墅,1
1022,圆,1762,彗,1
1022,圆,4605,罔,1
1022,圆,6549,阗,1
1023,圈,1013,围,1
1023,圈,1026,圜,1
1023,圈,1579,崮,1
1023,圈,6548,阖,1
1024,圉,1026,圜,1
1024,圉,4605,罔,1
1025,圊,1019,囿,1
1025,圊,1024,圉,1
1026,圜,1633,帏,1
1027,土,7,上,1
1027,土,86,五,1
1027,土,93,亡,1
1027,土,657,古,1
1027,土,1472,尘,1
1028,圣,1281,委,1
1028,圣,1401,宅,1
1028,圣,1459,寻,1
1029,在,620,压,1
1029,在,1678,庄,1
1029,在,1680,庇,1
1029,在,2539,札,1
1030,圩,1038,圹,1
1031,圪,681,吃,1
1031,圪,2955,汔,1
1031,圪,3030,泛,1
1032,圬,222,侃,1
1032,圬,1054,坛,1
1032,圬,1066,坫,1
1032,圬,1613,巧,1
1033,圭,41,主,1
1033,圭,726,呈,1
1033,圭,1028,圣,1
1033,圭,1472,尘,1
1033,圭,3083,洼,1
1034,圮,1035,圯,1
1034,圮,2560,杞,1
1034,圮,5891,跽,1
1035,圯,1067,坭,1
1035,圯,2084,把,1
1036,地,1097,垭,1
1036,地,1244,她,1
1036,地,1478,尥,1
1036,地,2084,把,1
1036,地,3398,烛,1
1038,圹,1030,圩,1
1038,圹,1040,圻,1
1038,圹,2065,扩,1
1038,圹,3786,疒,1
1039,场,1124,埸,1
1039,场,2067,扫,1
1039,场,2566,杨,1
1039,场,3364,炀,1
1039,场,6717,项,1
1040,圻,710,听,1
1040,圻,1835,忻,1
1040,圻,2092,折,1
1040,圻,5321,蚧,1
1041,圾,410,冰,1
1041,圾,718,吸,1
1041,圾,1042,址,1
1041,圾,1043,坂,1
1041,圾,1044,均,1
1041,圾,1049,坏,1
1041,圾,1085,垛,1
1041,圾,2089,投,1
1041,圾,2167,挞,1
1042,址,1036,地,1
1042,址,1616,巫,1
1042,址,2900,比,1
1042,址,2992,沚,1
1042,址,3412,烹,1
1043,坂,3491,版,1
1043,坂,6788,饭,1
1044,均,1039,场,1
1044,均,1071,坷,1
1044,均,1081,垍,1
1044,均,1100,垱,1
1044,均,1123,埴,1
1045,坊,1054,坛,1
1045,坊,1125,培,1
1045,坊,1148,堵,1
1046,坌,371,全,1
1046,坌,7128,黛,1
1047,坍,39,丹,1
1047,坍,132,付,1
1047,坍,1078,垆,1
1047,坍,4772,胡,1
1048,坎,719,吹,1
1048,坎,1041,圾,1
1048,坎,1043,坂,1
1048,坎,1044,均,1
1048,坎,1049,坏,1
1048,坎,1052,块,1
1048,坎,1115,埙,1
1048,坎,3367,炊,1
1048,坎,6715,顷,1
1049,坏,1065,坪,1
1049,坏,2394,斥,1
1049,坏,3625,环,1
1050,坐,21,丛,1
1050,坐,359,先,1
1050,坐,582,华,1
1050,坐,834,唑,1
1050,坐,1082,垒,1
1050,坐,1472,尘,1
1050,坐,1920,您,1
1050,坐,4278,笆,1
1051,坑,1045,坊,1
1051,坑,1066,坫,1
1051,坑,1077,垅,1
1051,坑,3622,玩,1
1052,块,1058,坟,1
1052,块,1209,夬,1
1052,块,2083,抉,1
1052,块,2145,拮,1
1052,块,2147,拱,1
1052,块,2605,架,1
1052,块,3621,玦,1
1053,坚,820,哭,1
1053,坚,1472,尘,1
1053,坚,1865,怪,1
1053,坚,6253,里,1
1054,坛,1704,庶,1
1054,坛,2110,抿,1
1054,坛,2980,沄,1
1054,坛,4467,纭,1
1054,坛,6717,项,1
1055,坜,1045,坊,1
1056,坝,1037,圳,1
1056,坝,1062,坦,1
1056,坝,1115,埙,1
1056,坝,2064,执,1
1057,坞,1044,均,1
1057,坞,1045,坊,1
1057,坞,1102,垴,1
1057,坞,1107,埋,1
1057,坞,1120,埤,1
1057,坞,1933,惇,1
1057,坞,2200,捣,1
1057,坞,7038,鸩,1
1058,坟,1048,坎,1
1058,坟,1049,坏,1
1058,坟,2358,政,1
1058,坟,3616,玟,1
1058,坟,4478,纹,1
1058,坟,4513,绞,1
1058,坟,5311,蚊,1
1059,坠,794,哇,1
1059,坠,1139,堕,1
1059,坠,4273,竺,1
1060,坡,1174,墟,1
1060,坡,5987,较,1
1061,坤,1135,堌,1
1061,坤,2109,抽,1
1062,坦,1091,垣,1
1062,坦,1270,妲,1
1062,坦,2114,担,1
1062,坦,5628,诅,1
1063,坨,1036,地,1
1064,坩,3025,泔,1
1064,坩,4484,绀,1
1065,坪,1061,坤,1
1065,坪,1078,垆,1
1065,坪,1087,垟,1
1065,坪,1110,埒,1
1065,坪,2101,抨,1
1066,坫,1051,坑,1
1066,坫,1075,垃,1
1066,坫,1125,培,1
1067,坭,1268,妮,1
1068,坯,1049,坏,1
1068,坯,1092,垤,1
1069,坳,2128,拗,1
1070,坶,1274,姆,1
1071,坷,645,双,1
1071,坷,747,呵,1
1071,坷,1030,圩,1
1071,坷,1613,巧,1
1071,坷,3633,珂,1
1071,坷,6669,靠,1
1072,坻,1114,埘,1
1072,坻,5361,蛾,1
1073,坼,1110,埒,1
1074,垂,1272,妻,1
1074,垂,2594,枣,1
1074,垂,2930,氡,1
1074,垂,6254,重,1
1075,垃,1058,坟,1
1075,垃,1125,培,1
1075,垃,2139,拦,1
1076,垄,1096,垫,1
1076,垄,7182,龚,1
1077,垅,2135,拢,1
1078,垆,2099,护,1
1078,垆,2328,撺,1
1079,型,822,哲,1
1080,垌,1102,垴,1
1080,垌,1135,堌,1
1080,垌,1161,塮,1
1080,垌,2676,桐,1
1080,垌,5970,轲,1
1081,垍,1131,堆,1
1082,垒,2331,擂,1
1082,垒,3463,燊,1
1082,垒,3913,盉,1
1082,垒,4273,竺,1
1082,垒,4878,至,1
1082,垒,6256,量,1
1083,垓,1097,垭,1
1083,垓,2659,核,1
1084,垕,215,佳,1
1085,垛,1144,堤,1
1085,垛,1172,墚,1
1085,垛,2605,架,1
1085,垛,5038,茱,1
1085,垛,5889,跺,1
1086,垞,772,咤,1
1088,垠,2660,根,1
1089,垡,1076,垄,1
1089,垡,5643,试,1
1090,垢,559,北,1
1090,垢,1173,增,1
1090,垢,3632,珀,1
1090,垢,5348,蛞,1
1091,垣,158,伍,1
1091,垣,1063,坨,1
1091,垣,3080,洹,1
1091,垣,3399,烜,1
1091,垣,5135,菹,1
1092,垤,1049,坏,1
1093,垦,1092,垤,1
1093,垦,1143,堡,1
1094,垧,798,响,1
1096,垫,1089,垡,1
1096,垫,2169,挠,1
1096,垫,2634,柽,1
1096,垫,3409,热,1
1097,垭,1070,坶,1
1097,垭,2146,拯,1
1098,垮,1151,塆,1
1098,垮,4504,绔,1
1098,垮,5517,裤,1
1099,垯,1155,塔,1
1100,垱,2170,挡,1
1100,垱,2684,档,1
1100,垱,3649,珰,1
1101,垲,1519,岂,1
1102,垴,1035,圯,1
1102,垴,1129,堀,1
1102,垴,1901,恼,1
1104,埂,1042,址,1
1104,埂,1060,坡,1
1104,埂,2260,揳,1
1104,埂,2701,梗,1
1104,埂,6715,顷,1
1105,埃,261,俟,1
1105,埃,1083,垓,1
1105,埃,1092,垤,1
1105,埃,1119,埠,1
1105,埃,1136,堍,1
1107,埋,818,哩,1
1107,埋,1075,垃,1
1107,埋,1112,埕,1
1107,埋,1366,嬲,1
1107,埋,3148,涯,1
1107,埋,3654,理,1
1108,城,785,咸,1
1108,城,5648,诚,1
1109,埏,2182,挺,1
1109,埏,5371,蜒,1
1110,埒,256,俘,1
1111,埔,1106,埇,1
1111,埔,2195,捕,1
1112,埕,1092,垤,1
1113,埗,1124,埸,1
1113,埗,1144,堤,1
1114,埘,1064,坩,1
1114,埘,1134,堋,1
1114,埘,3674,琳,1
1115,埙,6715,顷,1
1117,埝,1136,堍,1
1117,埝,3697,璁,1
1118,域,1077,垅,1
1118,域,2153,拽,1
1118,域,5384,蜮,1
1118,域,5408,蝼,1
1119,埠,1163,墀,1
1119,埠,2203,捭,1
1119,埠,6553,阜,1
1120,埤,1057,坞,1
1120,埤,1326,婢,1
1120,埤,2203,捭,1
1121,埭,2724,棣,1
1122,埯,1123,埴,1
1122,埯,2230,掩,1
1123,埴,1081,垍,1
1124,埸,1152,塌,1
1125,培,262,信,1
1125,培,1083,垓,1
1125,培,1133,堉,1
1125,培,1300,娆,1
1125,培,3145,涪,1
1126,基,1132,堇,1
1126,基,1170,墓,1
1126,基,1623,巷,1
1126,基,5034,茫,1
1126,基,5048,荃,1
1126,基,5170,董,1
1126,基,5267,薹,1
1127,埼,1098,垮,1
1127,埼,2218,掎,1
1129,堀,1090,垢,1
1130,堂,1084,垕,1
1130,堂,1236,奠,1
1130,堂,2626,查,1
1130,堂,2723,棠,1
1130,堂,5048,荃,1
1130,堂,6254,重,1
1131,堆,1081,垍,1
1131,堆,1090,垢,1
1131,堆,1651,帷,1
1131,堆,1781,往,1
1131,堆,1942,惟,1
1131,堆,2384,斑,1
1131,堆,2565,杧,1
1131,堆,3972,睢,1
1132,堇,3449,熏,1
1132,堇,5265,薰,1
1133,堉,1165,境,1
1133,堉,1173,增,1
1133,堉,2280,搞,1
1134,堋,2722,棚,1
1135,堌,2187,捆,1
1135,堌,3151,涸,1
1136,堍,2183,挽,1
1138,堑,2490,暂,1
1138,堑,5975,轷,1
1139,堕,6604,随,1
1141,堞,3722,瓤,1
1141,堞,5697,谍,1
1143,堡,259,保,1
1143,堡,1089,垡,1
1143,堡,6973,鲨,1
1144,堤,1062,坦,1
1144,堤,1121,埭,1
1144,堤,1145,堪,1
1144,堤,2188,捉,1
1144,堤,2604,枵,1
1144,堤,3215,湜,1
1144,堤,3658,琎,1
1144,堤,5621,设,1
1146,堰,1091,垣,1
1147,堲,4647,翌,1
1148,堵,1106,埇,1
1148,堵,1133,堉,1
1148,堵,1169,墒,1
1148,堵,2231,措,1
1148,堵,3190,渚,1
1148,堵,5379,蜡,1
1148,堵,5409,蝽,1
1151,塆,1150,塄,1
1151,塆,2332,擅,1
1152,塌,1085,垛,1
1152,塌,1088,垠,1
1152,塌,1124,埸,1
1152,塌,3247,溻,1
1152,塌,3446,煽,1
1153,塍,4854,膛,1
1154,塑,42,丽,1
1154,塑,1079,型,1
1154,塑,1162,塾,1
1154,塑,1178,墼,1
1154,塑,2531,望,1
1154,塑,7171,龃,1
1155,塔,269,修,1
1155,塔,917,嗒,1
1155,塔,2151,拷,1
1155,塔,2277,搔,1
1155,塔,3812,疹,1
1155,塔,4962,芬,1
1156,塘,1069,坳,1
1156,塘,1098,垮,1
1156,塘,1912,悚,1
1156,塘,3691,瑭,1
1157,塞,1176,墨,1
1157,塞,1445,寒,1
1157,塞,2287,搴,1
1157,塞,5821,赛,1
1157,塞,5919,蹇,1
1157,塞,7107,麈,1
1159,填,919,嗔,1
1159,填,1145,堪,1
1159,填,3252,滇,1
1159,填,3948,真,1
1160,塬,1182,壕,1
1160,塬,1345,嫁,1
1160,塬,2489,晾,1
1160,塬,5401,蝤,1
1161,塮,1114,埘,1
1162,塾,1096,垫,1
1162,塾,3454,熟,1
1165,境,1051,坑,1
1165,境,1083,垓,1
1165,境,5356,蛲,1
1166,墅,1059,坠,1
1166,墅,6255,野,1
1166,墅,7090,鹦,1
1167,墈,2315,撕,1
1169,墒,1133,堉,1
1169,墒,3156,淆,1
1170,墓,1132,堇,1
1170,墓,2306,摹,1
1170,墓,4349,箬,1
1170,墓,5021,茎,1
1170,墓,5072,荩,1
1170,墓,5201,蓁,1
1171,墙,905,喵,1
1171,墙,1125,培,1
1171,墙,1175,墦,1
1173,增,290,倡,1
1173,增,1115,埙,1
1173,增,1133,堉,1
1173,增,1169,墒,1
1173,增,3300,潏,1
1174,墟,1125,培,1
1174,墟,1129,堀,1
1174,墟,1156,塘,1
1174,墟,1173,增,1
1174,墟,5504,装,1
1175,墦,5439,蟠,1
1176,墨,2449,星,1
1176,墨,3630,玺,1
1176,墨,4617,罱,1
1177,墩,813,哟,1
1179,壁,1143,堡,1
1179,壁,4085,碓,1
1179,壁,6014,辟,1
1179,壁,6271,鐾,1
1180,壅,1713,廑,1
1181,壑,5590,謇,1
1182,壕,1345,嫁,1
1182,壕,2823,橡,1
1182,壕,4568,缘,1
1183,壤,2346,攘,1
1183,壤,3426,焦,1
1183,壤,5544,襄,1
1183,壤,6005,辕,1
1184,士,1240,女,1
1184,士,1472,尘,1
1185,壬,41,主,1
1185,壬,81,于,1
1185,壬,134,仝,1
1185,壬,4945,芏,1
1186,壮,422,准,1
1186,壮,1862,性,1
1186,壮,2061,扛,1
1186,壮,2559,杜,1
1186,壮,2562,杠,1
1186,壮,3359,灶,1
1186,壮,3501,牡,1
1187,声,53,乍,1
1187,声,99,亨,1
1187,声,588,卖,1
1187,声,596,卢,1
1187,声,759,和,1
1187,声,2897,毐,1
1187,声,4938,节,1
1188,壳,713,启,1
1189,壶,1130,堂,1
1189,壶,1382,孟,1
1189,壶,1399,它,1
1189,壶,3915,盍,1
1189,壶,5170,董,1
1189,壶,5172,葫,1
1190,壹,655,叠,1
1190,壹,3915,盍,1
1190,壹,5157,萱,1
1190,壹,5267,薹,1
1191,夂,30,个,1
1192,处,1099,垯,1
1193,备,682,各,1
1193,备,2898,毒,1
1194,复,2517,曹,1
1194,复,5855,趸,1
1195,夏,108,亶,1
1195,夏,631,厦,1
1195,夏,654,叟,1
1195,夏,789,哀,1
1195,夏,1721,廴,1
1195,夏,3479,爱,1
1195,夏,4229,穸,1
1195,夏,4953,芟,1
1197,夕,53,乍,1
1197,夕,75,了,1
1197,夕,646,反,1
1197,夕,1397,宀,1
1198,外,354,允,1
1198,外,452,分,1
1198,外,5469,补,1
1199,夙,433,凤,1
1200,多,374,六,1
1200,多,779,咬,1
1200,多,1245,好,1
1201,夜,3477,爬,1
1201,夜,3526,犯,1
1201,夜,5219,蓰,1
1201,夜,5550,西,1
1202,够,305,假,1
1202,够,3771,略,1
1202,够,3957,眵,1
1202,够,4788,胶,1
1202,够,4910,舴,1
1203,夤,2819,橐,1
1204,夥,7131,黟,1
1205,大,8,下,1
1205,大,64,九,1
1205,大,374,六,1
1205,大,1207,太,1
1205,大,3524,犬,1
1206,天,355,元,1
1206,天,357,充,1
1206,天,1477,尤,1
1206,天,1727,开,1
1206,天,2979,沃,1
1206,天,3087,浃,1
1206,天,3476,爪,1
1206,天,3524,犬,1
1207,太,1476,尢,1
1207,太,1488,尽,1
1207,太,2021,成,1
1208,夫,71,买,1
1208,夫,444,击,1
1208,夫,1213,失,1
1208,夫,7166,齐,1
1209,夬,595,卡,1
1209,夬,1217,夹,1
1210,夭,1185,壬,1
1210,夭,3353,火,1
1211,央,521,劣,1
1211,央,1209,夬,1
1211,央,1317,娶,1
1211,央,1417,实,1
1211,央,1471,尖,1
1211,央,1744,张,1
1211,央,3362,灾,1
1212,夯,1187,声,1
1212,夯,1218,夺,1
1213,失,200,佚,1
1213,失,377,共,1
1213,失,413,决,1
1213,失,1208,夫,1
1213,失,2905,毛,1
1213,失,3740,生,1
1213,失,4882,臾,1
1213,失,6503,长,1
1214,头,140,以,1
1214,头,413,决,1
1214,头,702,吠,1
1214,头,1208,夫,1
1214,头,1213,失,1
1215,夷,1290,姨,1
1215,夷,2944,永,1
1215,夷,4393,类,1
1215,夷,5805,赉,1
1216,夸,375,兮,1
1216,夸,1220,奁,1
1216,夸,1233,套,1
1216,夸,1237,奢,1
1216,夸,1686,库,1
1216,夸,4890,舍,1
1217,夹,690,吏,1
1217,夹,728,呋,1
1217,夹,1208,夫,1
1217,夹,1209,夬,1
1217,夹,1214,头,1
1217,夹,1215,夷,1
1217,夹,1471,尖,1
1217,夹,2350,支,1
1217,夹,4677,耒,1
1217,夹,4709,职,1
1217,夹,4936,艾,1
1217,夹,5136,菼,1
1218,夺,1223,奇,1
1218,夺,1403,守,1
1218,夺,1458,寺,1
1218,夺,1460,导,1
1218,夺,2538,本,1
1218,夺,5958,车,1
1221,奂,4332,箅,1
1222,奄,1029,在,1
1222,奄,7184,龟,1
1223,奇,796,哉,1
1223,奇,1218,夺,1
1223,奇,1219,夼,1
1223,奇,4993,苛,1
1223,奇,6710,音,1
1224,奈,198,佘,1
1224,奈,371,全,1
1224,奈,1216,夸,1
1224,奈,1379,孛,1
1224,奈,2553,李,1
1224,奈,2630,柰,1
1225,奉,43,举,1
1225,奉,2538,本,1
1226,奋,1222,奄,1
1226,奋,1223,奇,1
1226,奋,2523,有,1
1226,奋,3914,益,1
1226,奋,6826,首,1
1227,奎,1233,套,1
1227,奎,4983,苍,1
1227,奎,6254,重,1
1228,奏,2246,揍,1
1228,奏,2671,案,1
1229,契,3597,獒,1
1229,契,3621,玦,1
1230,奔,1212,夯,1
1230,奔,1224,奈,1
1230,奔,1730,弃,1
1230,奔,1732,弇,1
1230,奔,4409,粪,1
1231,奕,1389,孪,1
1231,奕,1733,弈,1
1231,奕,4234,突,1
1232,奖,3243,溴,1
1232,奖,5793,贽,1
1233,套,1227,奎,1
1233,套,4670,耄,1
1233,套,5307,虿,1
1233,套,5316,蚕,1
1236,奠,387,兽,1
1236,奠,2650,栗,1
1236,奠,4626,美,1
1236,奠,5099,莫,1
1236,奠,5125,菟,1
1236,奠,5202,蓂,1
1237,奢,898,喜,1
1237,奢,1171,墙,1
1237,奢,4370,篱,1
1238,奥,382,具,1
1238,奥,1176,墨,1
1238,奥,2650,栗,1
1238,奥,4011,矣,1
1239,奭,6047,迦,1
1240,女,3,七,1
1240,女,1197,夕,1
1240,女,1259,妙,1
1240,女,1263,妥,1
1240,女,3485,爻,1
1240,女,7181,龙,1
1241,奴,1247,如,1
1241,奴,3504,牧,1
1242,奶,453,切,1
1242,奶,608,却,1
1242,奶,1245,好,1
1243,奸,1255,妒,1
1243,奸,1262,妤,1
1243,奸,1301,娇,1
1243,奸,4458,纤,1
1243,奸,4502,绒,1
1243,奸,5038,茱,1
1243,奸,5961,轩,1
1244,她,2900,比,1
1244,她,2963,池,1
1245,好,552,匆,1
1245,好,1243,奸,1
1245,好,1247,如,1
1245,好,1251,妇,1
1245,好,1256,妓,1
1245,好,1259,妙,1
1245,好,1262,妤,1
1246,妁,1316,娴,1
1247,如,518,加,1
1247,如,598,卤,1
1247,如,759,和,1
1247,如,1242,奶,1
1247,如,1261,妣,1
1247,如,2606,枷,1
1248,妃,1035,圯,1
1248,妃,1244,她,1
1248,妃,1247,如,1
1248,妃,1268,妮,1
1249,妄,1263,妥,1
1249,妄,1404,安,1
1249,妄,2905,毛,1
1250,妆,358,兆,1
1250,妆,583,协,1
1251,妇,1274,姆,1
1251,妇,4897,舟,1
1252,妈,552,匆,1
1252,妈,1262,妤,1
1252,妈,1319,婀,1
1252,妈,1357,嫣,1
1252,妈,5310,蚂,1
1252,妈,7040,鸫,1
1253,妊,151,任,1
1253,妊,1258,妗,1
1253,妊,1278,姑,1
1253,妊,1289,姥,1
1254,妍,1243,奸,1
1254,妍,1283,姘,1
1255,妒,1242,奶,1
1255,妒,1262,妤,1
1255,妒,1291,姬,1
1255,妒,2549,杆,1
1255,妒,5971,轳,1
1255,妒,6839,驴,1
1256,妓,2080,技,1
1256,妓,2359,故,1
1256,妓,2360,效,1
1257,妖,1253,妊,1
1257,妖,1439,寄,1
1257,妖,3693,瑶,1
1258,妗,1267,妫,1
1258,妗,1276,始,1
1259,妙,1251,妇,1
1259,妙,1254,妍,1
1259,妙,1377,孙,1
1259,妙,3009,河,1
1260,妞,1293,姻,1
1260,妞,5458,衄,1
1261,妣,1258,妗,1
1262,妤,1255,妒,1
1262,妤,1333,婷,1
1263,妥,654,叟,1
1263,妥,1249,妄,1
1263,妥,1399,它,1
1263,妥,1404,安,1
1263,妥,2905,毛,1
1263,妥,4301,笺,1
1263,妥,4675,耍,1
1263,妥,5276,藤,1
1264,妨,1045,坊,1
1264,妨,1242,奶,1
1264,妨,1258,妗,1
1264,妨,1276,始,1
1264,妨,1278,姑,1
1264,妨,1301,娇,1
1265,妩,1300,娆,1
1265,妩,1313,娩,1
1266,妪,1260,妞,1
1266,妪,1261,妣,1
1266,妪,1291,姬,1
1266,妪,6079,逛,1
1267,妫,1278,姑,1
1268,妮,1067,坭,1
1268,妮,1306,娓,1
1270,妲,1062,坦,1
1270,妲,1339,媪,1
1271,妹,1286,姝,1
1271,妹,1336,媒,1
1271,妹,3552,狭,1
1272,妻,421,凄,1
1272,妻,5186,蒌,1
1273,妾,101,享,1
1273,妾,1263,妥,1
1273,妾,2227,接,1
1274,姆,1070,坶,1
1274,姆,1260,妞,1
1274,姆,1277,姐,1
1274,姆,1284,姚,1
1274,姆,1318,娼,1
1275,姊,1255,妒,1
1275,姊,1267,妫,1
1275,姊,1311,娣,1
1275,姊,3660,琐,1
1276,始,1264,妨,1
1276,始,1287,姞,1
1276,始,1309,娟,1
1276,始,1315,娲,1
1276,始,2872,殆,1
1276,始,4202,稃,1
1276,始,5791,贻,1
1277,姐,750,呸,1
1277,姐,1251,妇,1
1277,姐,1252,妈,1
1277,姐,1260,妞,1
1277,姐,1304,娌,1
1277,姐,3363,灿,1
1277,姐,3544,狙,1
1277,姐,4139,祖,1
1277,姐,4186,租,1
1277,姐,4488,组,1
1277,姐,4772,胡,1
1278,姑,1245,好,1
1278,姑,1276,始,1
1278,姑,1280,姓,1
1278,姑,1297,娃,1
1278,姑,1770,彩,1
1278,姑,3371,炕,1
1278,姑,7036,鸦,1
1279,姒,1259,妙,1
1280,姓,1252,妈,1
1280,姓,1253,妊,1
1280,姓,1269,妯,1
1280,姓,1276,始,1
1280,姓,1277,姐,1
1280,姓,1286,姝,1
1280,姓,1299,娅,1
1280,姓,3718,瓞,1
1280,姓,7173,龅,1
1282,姗,1267,妫,1
1282,姗,1274,姆,1
1283,姘,1311,娣,1
1283,姘,6803,饼,1
1284,姚,4905,舭,1
1285,姜,1249,妄,1
1285,姜,1298,娄,1
1285,姜,4626,美,1
1285,姜,4627,羑,1
1287,姞,1318,娼,1
1288,姣,1256,妓,1
1289,姥,1287,姞,1
1289,姥,1294,姽,1
1289,姥,1297,娃,1
1289,姥,1300,娆,1
1289,姥,1313,娩,1
1289,姥,1336,媒,1
1290,姨,1256,妓,1
1290,姨,1307,娘,1
1290,姨,1322,婊,1
1290,姨,1323,婕,1
1290,姨,1415,宜,1
1291,姬,1274,姆,1
1291,姬,1340,媲,1
1291,姬,3378,炬,1
1291,姬,7176,龈,1
1292,姹,1289,姥,1
1292,姹,1340,媲,1
1293,姻,2187,捆,1
1293,姻,5995,辋,1
1294,姽,1268,妮,1
1294,姽,2669,桅,1
1295,姿,0,々,1
1295,姿,1298,娄,1
1295,姿,1305,娑,1
1295,姿,1320,婆,1
1295,姿,4301,笺,1
1296,威,248,俄,1
1296,威,1970,感,1
1296,威,2021,成,1
1296,威,4097,碱,1
1296,威,6704,韨,1
1297,娃,1253,妊,1
1297,娃,1323,婕,1
1297,娃,5644,诖,1
1298,娄,78,事,1
1298,娄,1272,妻,1
1298,娄,1273,妾,1
1298,娄,1305,娑,1
1298,娄,4940,芈,1
1298,娄,5830,赤,1
1299,娅,1097,垭,1
1299,娅,1247,如,1
1299,娅,1341,媳,1
1300,娆,1290,姨,1
1300,娆,1297,娃,1
1300,娆,5356,蛲,1
1301,娇,5986,辂,1
1302,娈,1263,妥,1
1302,娈,1281,委,1
1302,娈,1733,弈,1
1304,娌,1339,媪,1
1304,娌,2187,捆,1
1304,娌,3561,狸,1
1305,娑,3227,溇,1
1306,娓,1268,妮,1
1307,娘,1257,妖,1
1307,娘,1292,姹,1
1307,娘,1310,娠,1
1307,娘,3653,琅,1
1307,娘,4410,粮,1
1308,娜,1282,姗,1
1308,娜,6151,郁,1
1308,娜,6976,鲫,1
1309,娟,1315,娲,1
1309,娟,1318,娼,1
1309,娟,1356,嫡,1
1309,娟,1362,嫱,1
1309,娟,2194,捐,1
1309,娟,3560,狷,1
1309,娟,4517,绢,1
1309,娟,5359,蛸,1
1309,娟,6618,难,1
1310,娠,1090,垢,1
1310,娠,1289,姥,1
1310,娠,2179,振,1
1312,娥,1265,妩,1
1312,娥,2022,我,1
1312,娥,3565,猁,1
1312,娥,5361,蛾,1
1312,娥,6805,饿,1
1313,娩,1103,垸,1
1313,娩,1136,堍,1
1313,娩,1265,妩,1
1313,娩,1292,姹,1
1313,娩,1294,姽,1
1313,娩,2183,挽,1
1313,娩,3784,疏,1
1313,娩,7165,齉,1
1314,娱,1115,埙,1
1314,娱,1306,娓,1
1314,娱,1313,娩,1
1314,娱,1336,媒,1
1314,娱,1347,嫉,1
1314,娱,3558,狳,1
1317,娶,1334,婺,1
1317,娶,3089,浆,1
1317,娶,4109,磐,1
1318,娼,1309,娟,1
1318,娼,1339,媪,1
1318,娼,6997,鳁,1
1319,婀,2722,棚,1
1319,婀,5465,衡,1
1320,婆,1334,婺,1
1321,婉,1105,埃,1
1321,婉,1313,娩,1
1321,婉,1338,媛,1
1321,婉,1345,嫁,1
1321,婉,1414,宛,1
1322,婊,1310,娠,1
1322,婊,1338,媛,1
1322,婊,1362,嫱,1
1324,婚,1335,婿,1
1324,婚,3584,猫,1
1328,婪,5991,辇,1
1329,婳,4551,缅,1
1329,婳,4917,舾,1
1329,婳,6699,鞲,1
1330,婴,651,变,1
1330,婴,1305,娑,1
1330,婴,1328,婪,1
1330,婴,4109,磐,1
1330,婴,4647,翌,1
1330,婴,5408,蝼,1
1332,婶,1311,娣,1
1332,婶,7036,鸦,1
1333,婷,1262,妤,1
1335,婿,1318,娼,1
1335,婿,1324,婚,1
1335,婿,1327,婧,1
1335,婿,1360,嫪,1
1335,婿,4421,糈,1
1336,媒,1141,堞,1
1336,媒,1352,嫘,1
1336,媒,1361,嫫,1
1336,媒,3713,璪,1
1337,媚,900,喟,1
1337,媚,1242,奶,1
1337,媚,1318,娼,1
1337,媚,1335,婿,1
1337,媚,1585,嵋,1
1337,媚,2776,榍,1
1339,媪,1318,娼,1
1339,媪,6002,辒,1
1341,媳,1916,悠,1
1341,媳,3447,熄,1
1341,媳,5841,起,1
1342,媵,4844,腾,1
1344,媾,1369,孀,1
1345,嫁,1271,妹,1
1345,嫁,1314,娱,1
1346,嫂,1060,坡,1
1346,嫂,3242,溲,1
1347,嫉,1310,娠,1
1347,嫉,1359,嫩,1
1348,嫌,1304,娌,1
1349,嫒,1314,娱,1
1350,嫔,1314,娱,1
1352,嫘,1303,娉,1
1352,嫘,3290,漯,1
1353,嫚,1346,嫂,1
1353,嫚,1349,嫒,1
1355,嫠,4717,聱,1
1356,嫡,1309,娟,1
1356,嫡,1337,媚,1
1357,嫣,1324,婚,1
1357,嫣,1356,嫡,1
1358,嫦,1311,娣,1
1360,嫪,6638,零,1
1362,嫱,1344,媾,1
1363,嬉,1325,婞,1
1363,嬉,1365,嬗,1
1364,嬖,511,劈,1
1370,子,75,了,1
1370,子,1667,干,1
1371,孑,449,刁,1
1371,孑,2865,歹,1
1371,孑,3525,犭,1
1371,孑,6771,飞,1
1372,孓,41,主,1
1373,孔,24,丞,1
1373,孔,72,乱,1
1373,孔,73,乳,1
1373,孔,2434,旻,1
1373,孔,4020,矶,1
1373,孔,5959,轧,1
1374,孕,1484,尹,1
1374,孕,2561,束,1
1375,字,101,享,1
1375,字,1374,孕,1
1375,字,1398,宁,1
1375,字,1404,安,1
1375,字,4228,穷,1
1376,存,163,众,1
1376,存,671,右,1
1376,存,1201,夜,1
1376,存,1628,布,1
1376,存,2523,有,1
1376,存,2577,杼,1
1377,孙,1373,孔,1
1378,孚,1386,孥,1
1378,孚,1387,学,1
1380,孜,1388,孩,1
1380,孜,2356,攻,1
1380,孜,2362,敌,1
1380,孜,2367,教,1
1380,孜,4009,矜,1
1380,孜,4023,矽,1
1380,孜,4028,砂,1
1380,孜,4879,致,1
1380,孜,5967,软,1
1381,孝,1384,季,1
1381,孝,1387,学,1
1381,孝,5054,荐,1
1382,孟,664,召,1
1382,孟,3358,灵,1
1382,孟,3910,盅,1
1382,孟,5040,茴,1
1382,孟,6902,高,1
1383,孢,2104,抱,1
1384,季,640,参,1
1384,季,1281,委,1
1384,季,1389,孪,1
1384,季,1733,弈,1
1384,季,4175,秀,1
1384,季,6254,重,1
1385,孤,1160,塬,1
1385,孤,2076,扺,1
1385,孤,5131,菰,1
1386,孥,1748,弩,1
1386,孥,6848,驽,1
1387,学,1374,孕,1
1387,学,1375,字,1
1387,学,1389,孪,1
1387,学,2217,掌,1
1387,学,5088,莒,1
1387,学,5937,蹲,1
1387,学,7058,鸾,1
1388,孩,2183,挽,1
1389,孪,101,享,1
1389,孪,1378,孚,1
1389,孪,1384,季,1
1389,孪,1751,弯,1
1389,孪,2663,栾,1
1389,孪,3222,湾,1
1389,孪,5097,莩,1
1389,孪,6874,骛,1
1389,孪,7029,鸟,1
1391,孰,533,勃,1
1391,孰,537,勍,1
1391,孰,2373,敦,1
1391,孰,2983,沈,1
1391,孰,6173,郭,1
1395,孺,3338,濡,1
1395,孺,4118,磺,1
1395,孺,4433,糯,1
1395,孺,5548,襦,1
1395,孺,6878,骟,1
1396,孽,4449,繄,1
1397,宀,92,亠,1
1398,宁,58,乓,1
1398,宁,76,予,1
1398,宁,99,亨,1
1398,宁,391,内,1
1398,宁,1405,宋,1
1398,宁,1738,弓,1
1398,宁,3032,泞,1
1398,宁,3490,片,1
1399,它,126,仑,1
1399,它,1404,安,1
1399,它,1413,定,1
1399,它,1487,尼,1
1399,它,3362,灾,1
1399,它,3753,电,1
1399,它,5554,见,1
1399,它,5624,证,1
1400,宄,1418,宠,1
1400,宄,5289,虎,1
1401,宅,1399,它,1
1401,宅,1406,完,1
1401,宅,1422,室,1
1401,宅,5291,虐,1
1401,宅,6273,钅,1
1401,宅,7181,龙,1
1402,宇,77,争,1
1402,宇,1375,字,1
1402,宇,3502,牢,1
1402,宇,3752,申,1
1403,守,1398,宁,1
1403,守,1410,宗,1
1403,守,2547,杂,1
1403,守,3502,牢,1
1403,守,4724,肉,1
1404,安,1249,妄,1
1404,安,1418,宠,1
1404,安,2359,故,1
1405,宋,1375,字,1
1405,宋,1403,守,1
1405,宋,1417,实,1
1405,宋,1469,尔,1
1405,宋,1533,岢,1
1405,宋,2541,朱,1
1405,宋,2616,染,1
1405,宋,4127,示,1
1406,完,367,党,1
1406,完,1402,宇,1
1406,完,1425,宪,1
1406,完,2426,旯,1
1406,完,2922,气,1
1406,完,4227,究,1
1407,宏,689,后,1
1407,宏,1400,宄,1
1407,宏,1413,定,1
1407,宏,1441,密,1
1407,宏,1576,崧,1
1407,宏,3605,玄,1
1407,宏,5297,虫,1
1408,宓,4239,窈,1
1409,宕,1407,宏,1
1409,宕,2445,昔,1
1410,宗,102,京,1
1410,宗,105,亲,1
1410,宗,1417,实,1
1410,宗,1430,宴,1
1410,宗,2482,景,1
1410,宗,3164,淙,1
1410,宗,4608,罘,1
1411,官,664,召,1
1411,官,1046,坌,1
1411,官,1404,安,1
1411,官,1424,宦,1
1411,官,1435,宽,1
1411,官,3822,痉,1
1411,官,4233,窀,1
1411,官,4236,窄,1
1411,官,4890,舍,1
1412,宙,371,全,1
1412,宙,1408,宓,1
1412,宙,1419,审,1
1413,定,1398,宁,1
1413,定,1410,宗,1
1413,定,1687,应,1
1413,定,3153,淀,1
1413,定,4231,空,1
1413,定,5875,跟,1
1414,宛,367,党,1
1414,宛,724,呃,1
1414,宛,2403,施,1
1414,宛,4227,究,1
1414,宛,6792,饱,1
1415,宜,2978,沂,1
1416,宝,1401,宅,1
1416,宝,1406,完,1
1416,宝,1407,宏,1
1416,宝,1422,室,1
1416,宝,1820,志,1
1417,实,71,买,1
1417,实,1211,央,1
1417,实,1221,奂,1
1417,实,1405,宋,1
1417,实,1489,尾,1
1417,实,3139,涣,1
1417,实,4010,矢,1
1418,宠,180,伲,1
1418,宠,1433,宸,1
1418,宠,1694,庞,1
1418,宠,1821,忘,1
1418,宠,4233,窀,1
1418,宠,4302,笼,1
1419,审,1627,市,1
1419,审,3502,牢,1
1419,审,3751,甲,1
1419,审,6131,邡,1
1420,客,405,冤,1
1420,客,1422,室,1
1420,客,1436,宾,1
1420,客,4230,穹,1
1420,客,4231,空,1
1420,客,5738,谷,1
1421,宣,1399,它,1
1421,宣,1424,宦,1
1421,宣,1435,宽,1
1421,宣,3426,焦,1
1421,宣,3938,省,1
1422,室,396,冒,1
1422,室,772,咤,1
1422,室,1093,垦,1
1422,室,1406,完,1
1422,室,1421,宣,1
1423,宥,1431,宵,1
1424,宦,4928,良,1
1424,宦,5031,茝,1
1424,宦,6772,食,1
1425,宪,363,兑,1
1425,宪,4234,突,1
1426,宫,5581,言,1
1427,宬,4352,箴,1
1428,宰,1410,宗,1
1428,宰,2428,旱,1
1428,宰,3257,滓,1
1428,宰,3502,牢,1
1428,宰,4251,窣,1
1428,宰,6012,辜,1
1429,害,387,兽,1
1429,害,1411,官,1
1429,害,1425,宪,1
1429,害,3630,玺,1
1429,害,6710,音,1
1430,宴,1424,宦,1
1430,宴,1446,寓,1
1430,宴,2671,案,1
1430,宴,3838,痪,1
1431,宵,1443,富,1
1431,宵,3938,省,1
1431,宵,4247,窜,1
1431,宵,4728,肖,1
1431,宵,4740,肩,1
1431,宵,4759,胄,1
1431,宵,5477,衷,1
1431,宵,6644,霄,1
1432,家,1580,崴,1
1432,家,1761,彖,1
1432,家,3020,泉,1
1433,宸,393,冉,1
1433,宸,4249,窟,1
1434,容,882,喀,1
1434,容,1157,塞,1
1434,容,1409,宕,1
1434,容,1423,宥,1
1434,容,1439,寄,1
1434,容,4230,穹,1
1434,容,4231,空,1
1434,容,4236,窄,1
1434,容,4610,罟,1
1434,容,5129,菩,1
1435,宽,104,亮,1
1435,宽,405,冤,1
1435,宽,606,危,1
1435,宽,4934,艺,1
1435,宽,5782,贲,1
1435,宽,5794,贾,1
1435,宽,6652,霓,1
1436,宾,1238,奥,1
1436,宾,1440,寅,1
1436,宾,3360,灸,1
1436,宾,3362,灾,1
1436,宾,3605,玄,1
1436,宾,4234,突,1
1437,宿,4245,窗,1
1437,宿,5221,蓿,1
1438,寂,652,叙,1
1438,寂,1694,庞,1
1438,寂,3237,溦,1
1438,寂,6658,霰,1
1439,寄,59,乔,1
1439,寄,556,匐,1
1439,寄,1223,奇,1
1439,寄,1410,宗,1
1439,寄,1423,宥,1
1439,寄,2287,搴,1
1439,寄,2381,斋,1
1439,寄,5583,訇,1
1440,寅,1424,宦,1
1440,寅,1448,寞,1
1440,寅,3412,烹,1
1440,寅,3441,煮,1
1441,密,994,嚯,1
1441,密,1426,宫,1
1441,密,1557,峦,1
1441,密,1906,悉,1
1441,密,1947,惩,1
1441,密,4579,缤,1
1441,密,6640,雹,1
1442,寇,37,丶,1
1442,寇,4249,窟,1
1442,寇,4651,翘,1
1442,寇,5843,趄,1
1443,富,1440,寅,1
1443,富,1446,寓,1
1443,富,1652,常,1
1443,富,3770,畜,1
1444,寐,6627,雍,1
1444,寐,6653,霖,1
1445,寒,1157,塞,1
1445,寒,5072,荩,1
1445,寒,5821,赛,1
1446,寓,1429,害,1
1446,寓,1443,富,1
1446,寓,6902,高,1
1447,寝,2224,掠,1
1447,寝,3807,疲,1
1447,寝,6655,霞,1
1448,寞,997,囊,1
1448,寞,5295,虞,1
1449,察,1386,孥,1
1449,察,1453,寨,1
1449,察,1602,嶷,1
1449,察,4242,窒,1
1449,察,4258,窸,1
1449,察,4448,繁,1
1449,察,7047,鸲,1
1450,寡,478,券,1
1450,寡,5590,謇,1
1451,寤,601,卩,1
1452,寥,1449,察,1
1452,寥,1716,廖,1
1452,寥,5220,蓼,1
1452,寥,5590,謇,1
1452,寥,6638,零,1
1453,寨,2287,搴,1
1453,寨,2671,案,1
1453,寨,3407,烫,1
1453,寨,4442,累,1
1453,寨,5919,蹇,1
1454,寮,1445,寒,1
1456,寸,2052,手,1
1457,对,515,劝,1
1457,对,2430,时,1
1457,对,6125,邓,1
1458,寺,1759,当,1
1458,寺,4677,耒,1
1458,寺,4942,芋,1
1458,寺,5830,赤,1
1459,寻,403,冠,1
1459,寻,1460,导,1
1459,寻,1760,录,1
1459,寻,2865,歹,1
1459,寻,5071,荨,1
1459,寻,6835,驯,1
1460,导,1458,寺,1
1460,导,1459,寻,1
1460,导,2428,旱,1
1460,导,2543,朵,1
1460,导,3496,牙,1
1460,导,6020,辱,1
1461,寿,103,亭,1
1461,寿,1218,夺,1
1461,寿,1225,奉,1
1461,寿,1458,寺,1
1461,寿,3422,焘,1
1462,封,4679,耕,1
1462,封,5162,葑,1
1462,封,6277,钉,1
1463,射,5955,躲,1
1463,射,6949,鲋,1
1464,将,1889,恪,1
1464,将,2174,挥,1
1464,将,3089,浆,1
1464,将,3132,涛,1
1465,尉,1989,慰,1
1465,尉,3457,熨,1
1466,尊,2165,挛,1
1466,尊,2217,掌,1
1466,尊,2723,棠,1
1466,尊,4160,禀,1
1466,尊,6874,骛,1
1467,小,140,以,1
1467,小,516,办,1
1467,小,641,又,1
1467,小,1370,子,1
1467,小,1456,寸,1
1467,小,1468,少,1
1467,小,1512,屮,1
1467,小,2942,水,1
1468,少,1809,忄,1
1469,尔,163,众,1
1469,尔,788,咿,1
1469,尔,1374,孕,1
1469,尔,1378,孚,1
1469,尔,2423,旬,1
1470,尕,1374,孕,1
1470,尕,1469,尔,1
1471,尖,360,光,1
1471,尖,413,决,1
1471,尖,1050,坐,1
1471,尖,1209,夬,1
1471,尖,1232,奖,1
1471,尖,3368,炎,1
1472,尘,35,串,1
1472,尘,41,主,1
1472,尘,360,光,1
1472,尘,1050,坐,1
1472,尘,1074,垂,1
1472,尘,1471,尖,1
1473,尚,284,倘,1
1473,尚,2994,沟,1
1473,尚,3123,消,1
1473,尚,3159,淌,1
1473,尚,3938,省,1
1473,尚,4331,简,1
1473,尚,4740,肩,1
1473,尚,6826,首,1
1474,尜,1823,忝,1
1475,尝,363,兑,1
1475,尝,367,党,1
1475,尝,402,农,1
1475,尝,1406,完,1
1475,尝,3189,渗,1
1475,尝,5094,莞,1
1475,尝,5581,言,1
1475,尝,5584,訾,1
1475,尝,5811,赏,1
1476,尢,354,允,1
1477,尤,355,元,1
1477,尤,2016,戋,1
1477,尤,3356,灯,1
1477,尤,4177,秃,1
1477,尤,7181,龙,1
1479,尧,356,兄,1
1479,尧,363,兑,1
1479,尧,4668,老,1
1480,尬,2424,旭,1
1481,就,1391,孰,1
1481,就,3532,犹,1
1481,就,3586,献,1
1481,就,6834,驮,1
1483,尸,1206,天,1
1483,尸,1484,尹,1
1483,尸,2040,户,1
1484,尹,27,严,1
1484,尹,1483,尸,1
1484,尹,1731,弄,1
1484,尹,3742,用,1
1484,尹,3751,甲,1
1485,尺,379,兴,1
1485,尺,641,又,1
1485,尺,1206,天,1
1486,尻,2920,民,1
1487,尼,570,匹,1
1487,尼,689,后,1
1487,尼,698,君,1
1487,尼,1273,妾,1
1487,尼,2900,比,1
1487,尼,6295,钝,1
1488,尽,10,不,1
1488,尽,700,吞,1
1489,尾,1486,尻,1
1489,尾,2051,扊,1
1489,尾,2449,星,1
1489,尾,6273,钅,1
1490,尿,686,吊,1
1490,尿,1492,屁,1
1490,尿,4041,砟,1
1490,尿,5952,身,1
1491,局,284,倘,1
1491,局,1495,居,1
1492,屁,1486,尻,1
1493,层,166,会,1
1493,层,713,启,1
1493,层,1416,宝,1
1493,层,2043,房,1
1494,屃,5765,贡,1
1495,居,1499,屋,1
1495,居,1503,屑,1
1495,居,2043,房,1
1495,居,3607,玉,1
1496,屈,283,倔,1
1496,屈,1495,居,1
1496,屈,1497,屉,1
1496,屈,2460,昼,1
1497,屉,1487,尼,1
1498,届,1496,屈,1
1498,届,1506,属,1
1498,届,1691,庙,1
1498,届,3746,甬,1
1499,屋,223,侄,1
1499,屋,1487,尼,1
1499,屋,1489,尾,1
1499,屋,1684,庐,1
1499,屋,1686,库,1
1499,屋,2449,星,1
1499,屋,5267,薹,1
1499,屋,6745,题,1
1500,屎,627,原,1
1500,屎,1490,尿,1
1500,屎,3514,犀,1
1500,屎,7108,麋,1
1501,屏,1489,尾,1
1501,屏,1500,屎,1
1501,屏,1729,异,1
1501,屏,4249,窟,1
1501,屏,4277,笄,1
1501,屏,6803,饼,1
1502,屐,1509,屣,1
1503,屑,1491,局,1
1503,屑,1506,属,1
1503,屑,1706,庸,1
1503,屑,1931,情,1
1503,屑,3258,滔,1
1503,屑,3937,盾,1
1503,屑,5183,蒈,1
1504,展,1977,愿,1
1504,展,5292,虑,1
1504,展,6646,震,1
1505,屙,1503,屑,1
1505,屙,2048,扇,1
1506,属,959,嘱,1
1506,属,1493,层,1
1506,属,1496,屈,1
1506,属,1503,屑,1
1506,属,1507,屠,1
1506,属,5281,蘑,1
1506,属,5869,跖,1
1506,属,6928,魇,1
1507,屠,3423,焙,1
1507,屠,5738,谷,1
1508,屡,631,厦,1
1508,屡,4641,羼,1
1508,屡,5550,西,1
1510,履,1502,屐,1
1510,履,2890,殿,1
1511,屦,1509,屣,1
1512,屮,521,劣,1
1512,屮,3015,沾,1
1513,屯,707,吨,1
1513,屯,6041,违,1
1514,山,140,以,1
1514,山,440,凶,1
1514,山,1512,屮,1
1515,屹,1516,屺,1
1515,屹,1566,崆,1
1515,屹,5560,览,1
1516,屺,1564,崂,1
1517,屿,1568,崎,1
1517,屿,1572,崞,1
1517,屿,1597,嵴,1
1517,屿,4292,符,1
1517,屿,7059,鸿,1
1518,岁,68,乡,1
1518,岁,443,出,1
1518,岁,521,劣,1
1518,岁,647,发,1
1518,岁,1527,岗,1
1518,岁,1535,岩,1
1518,岁,2865,歹,1
1518,岁,3894,皆,1
1518,岁,4229,穸,1
1519,岂,65,乞,1
1519,岂,360,光,1
1519,岂,763,咒,1
1519,岂,1759,当,1
1519,岂,4946,芑,1
1520,岈,2477,晡,1
1520,岈,3391,烁,1
1521,岌,3379,炭,1
1521,岌,4279,笈,1
1523,岐,1558,峧,1
1523,岐,2863,歧,1
1524,岑,521,劣,1
1524,岑,1573,崟,1
1524,岑,4238,窆,1
1524,岑,4959,芩,1
1525,岔,1838,忿,1
1525,岔,1848,怎,1
1525,岔,1858,怠,1
1526,岖,733,呕,1
1526,岖,1542,岷,1
1526,岖,1547,峂,1
1526,岖,1843,怄,1
1526,岖,5799,赃,1
1527,岗,798,响,1
1527,岗,1521,岌,1
1527,岗,2861,步,1
1527,岗,3118,海,1
1527,岗,4312,筒,1
1529,岙,1823,忝,1
1530,岚,1527,岗,1
1531,岛,2444,易,1
1531,岛,2516,曷,1
1531,岛,3924,盘,1
1531,岛,4235,窃,1
1532,岜,4278,笆,1
1534,岣,798,响,1
1535,岩,379,兴,1
1535,岩,1409,宕,1
1535,岩,1521,岌,1
1535,岩,4044,砦,1
1535,岩,5054,荐,1
1536,岫,751,呻,1
1537,岬,33,中,1
1538,岭,741,呤,1
1538,岭,1515,屹,1
1538,岭,1547,峂,1
1538,岭,1556,峥,1
1538,岭,1560,峪,1
1538,岭,1563,峻,1
1538,岭,3033,泠,1
1538,岭,3084,洽,1
1538,岭,5337,蛉,1
1540,岳,25,丢,1
1540,岳,380,兵,1
1540,岳,4170,禹,1
1540,岳,4597,缶,1
1540,岳,6250,采,1
1541,岵,765,咕,1
1541,岵,1638,帖,1
1541,岵,2513,曲,1
1542,岷,3949,眠,1
1543,岸,43,举,1
1543,岸,1461,寿,1
1543,岸,4277,笄,1
1544,岽,2633,柴,1
1544,岽,4146,祟,1
1544,岽,5042,茶,1
1545,岿,1527,岗,1
1545,岿,1577,崩,1
1545,岿,4631,羞,1
1545,岿,6663,青,1
1545,岿,6810,馅,1
1548,峃,1527,岗,1
1548,峃,6080,逝,1
1549,峄,1106,埇,1
1549,峄,1562,峰,1
1552,峙,1517,屿,1
1552,峙,1565,崃,1
1552,峙,1568,崎,1
1552,峙,1572,崞,1
1552,峙,1589,嵘,1
1552,峙,5645,诗,1
1553,峡,1217,夹,1
1553,峡,1542,岷,1
1553,峡,2450,映,1
1553,峡,3004,沫,1
1553,峡,5355,蛱,1
1554,峣,804,哓,1
1555,峤,1574,崤,1
1557,峦,447,凿,1
1557,峦,1441,密,1
1558,峧,1288,姣,1
1558,峧,1523,岐,1
1558,峧,1528,岘,1
1558,峧,2353,收,1
1559,峨,3161,淑,1
1560,峪,795,哈,1
1560,峪,1547,峂,1
1560,峪,1566,崆,1
1560,峪,1572,崞,1
1560,峪,3393,烃,1
1560,峪,3428,焰,1
1560,峪,3936,盼,1
1560,峪,5738,谷,1
1561,峭,1597,嵴,1
1561,峭,3460,熵,1
1562,峰,1597,嵴,1
1562,峰,3414,烽,1
1563,峻,829,唆,1
1563,峻,1517,屿,1
1563,峻,1538,岭,1
1563,峻,1558,峧,1
1563,峻,1592,嵝,1
1563,峻,2494,暌,1
1563,峻,2496,暖,1
1563,峻,5436,蟒,1
1566,崆,1560,峪,1
1567,崇,1449,察,1
1567,崇,1535,岩,1
1567,崇,2482,景,1
1567,崇,2924,氖,1
1567,崇,4296,第,1
1567,崇,4402,粜,1
1567,崇,5066,荣,1
1567,崇,5197,蒹,1
1567,崇,5254,薄,1
1567,崇,5294,虚,1
1568,崎,1517,屿,1
1568,崎,1574,崤,1
1568,崎,2863,歧,1
1569,崔,1570,崖,1
1569,崔,1573,崟,1
1569,崔,3379,炭,1
1569,崔,5341,蛏,1
1569,崔,6826,首,1
1570,崖,1499,屋,1
1570,崖,1569,崔,1
1573,崟,3916,盎,1
1573,崟,5216,蓥,1
1573,崟,6257,金,1
1574,崤,1561,峭,1
1574,崤,3583,猪,1
1577,崩,42,丽,1
1577,崩,489,削,1
1577,崩,5405,蝴,1
1577,崩,7167,齑,1
1578,崭,384,兹,1
1578,崭,1590,嵚,1
1578,崭,1602,嶷,1
1578,崭,2400,新,1
1578,崭,6308,钪,1
1581,崽,5179,葸,1
1582,崾,1589,嵘,1
1582,崾,1910,悔,1
1583,嵇,4221,穄,1
1585,嵋,900,喟,1
1585,嵋,1587,嵎,1
1586,嵌,1590,嵚,1
1586,嵌,1603,巅,1
1586,嵌,3896,皈,1
1586,嵌,5100,莰,1
1586,嵌,5263,薮,1
1592,嵝,909,喽,1
1594,嵫,948,嘘,1
1595,嵬,5509,裒,1
1596,嵯,924,嗟,1
1597,嵴,1563,峻,1
1597,嵴,1601,嶝,1
1599,嶓,3466,燔,1
1600,嶙,4858,膦,1
1601,嶝,970,噔,1
1601,嶝,3997,瞪,1
1602,嶷,1590,嵚,1
1602,嶷,4721,肄,1
1605,巍,5230,蔬,1
1605,巍,5269,藉,1
1605,巍,6923,魂,1
1607,川,352,儿,1
1607,川,457,刎,1
1607,川,663,叫,1
1607,川,678,叼,1
1607,川,1725,廾,1
1608,州,394,册,1
1608,州,454,刈,1
1608,州,2119,拊,1
1608,州,2353,收,1
1608,州,3369,炒,1
1608,州,4679,耕,1
1608,州,6498,镲,1
1609,巡,1606,巛,1
1609,巡,5472,衫,1
1610,巢,2723,棠,1
1610,巢,3323,澡,1
1610,巢,4332,箅,1
1610,巢,7128,黛,1
1611,工,7,上,1
1611,工,561,匚,1
1611,工,602,卫,1
1611,工,1721,廴,1
1611,工,2538,本,1
1612,左,18,丘,1
1612,左,367,党,1
1612,左,657,古,1
1612,左,1033,圭,1
1612,左,5958,车,1
1613,巧,409,冯,1
1613,巧,2964,污,1
1614,巨,616,厄,1
1614,巨,1620,已,1
1614,巨,1840,态,1
1614,巨,4873,臣,1
1614,巨,4999,苣,1
1614,巨,6124,邑,1
1616,巫,27,严,1
1616,巫,1068,坯,1
1616,巫,2554,杏,1
1616,巫,4970,芷,1
1617,差,4668,老,1
1619,己,3608,王,1
1620,已,551,包,1
1620,已,657,古,1
1621,巳,551,包,1
1621,巳,2858,止,1
1622,巴,442,凹,1
1623,巷,2710,梵,1
1623,巷,4995,苞,1
1623,巷,5021,茎,1
1623,巷,5919,蹇,1
1625,巾,517,功,1
1625,巾,677,叻,1
1625,巾,3752,申,1
1626,币,113,什,1
1626,币,759,和,1
1626,币,3482,爷,1
1627,市,76,予,1
1627,市,97,亦,1
1627,市,100,亩,1
1627,市,452,分,1
1627,市,1626,币,1
1627,市,1691,庙,1
1627,市,2052,手,1
1627,市,4128,礻,1
1628,布,172,伤,1
1628,布,461,列,1
1628,布,1029,在,1
1628,布,1627,市,1
1628,布,3482,爷,1
1628,布,5028,茚,1
1628,布,5963,轫,1
1629,帅,1825,忡,1
1629,帅,1835,忻,1
1629,帅,1866,怫,1
1629,帅,2969,汭,1
1629,帅,3378,炬,1
1629,帅,6718,顺,1
1630,帆,1651,帷,1
1630,帆,5325,蚬,1
1630,帆,5331,蚶,1
1630,帆,5375,蜘,1
1631,师,36,临,1
1631,师,1835,忻,1
1631,师,1839,怀,1
1631,师,1853,怖,1
1631,师,2976,汾,1
1632,希,686,吊,1
1632,希,2381,斋,1
1632,希,4247,窜,1
1632,希,4975,芾,1
1632,希,6162,郗,1
1632,希,6177,都,1
1633,帏,1640,帙,1
1634,帐,1640,帙,1
1634,帐,1876,恍,1
1634,帐,2582,枇,1
1634,帐,3398,烛,1
1634,帐,4755,胀,1
1635,帑,1650,帱,1
1636,帔,1060,坡,1
1636,帔,1635,帑,1
1636,帔,4803,脓,1
1637,帕,766,咖,1
1637,帕,1651,帷,1
1637,帕,5344,蛔,1
1637,帕,6409,锕,1
1637,帕,6796,饵,1
1638,帖,1634,帐,1
1638,帖,1637,帕,1
1638,帖,1643,帜,1
1638,帖,1653,帻,1
1638,帖,3363,灿,1
1638,帖,5304,虼,1
1639,帘,1419,审,1
1639,帘,1635,帑,1
1639,帘,1644,帝,1
1639,帘,3482,爷,1
1639,帘,4236,窄,1
1639,帘,4239,窈,1
1640,帙,1634,帐,1
1640,帙,1636,帔,1
1640,帙,1643,帜,1
1641,帚,1644,帝,1
1641,帚,1652,常,1
1641,帚,6886,骨,1
1642,帛,584,卑,1
1642,帛,688,名,1
1642,帛,2436,昂,1
1642,帛,3020,泉,1
1642,帛,3754,男,1
1643,帜,1640,帙,1
1643,帜,2603,枳,1
1643,帜,5555,观,1
1644,帝,1639,帘,1
1644,帝,5611,讳,1
1644,帝,7139,黹,1
1645,帡,4791,胼,1
1645,帡,5345,蛘,1
1646,带,530,劳,1
1646,带,1639,帘,1
1646,带,1644,帝,1
1646,带,1652,常,1
1646,带,4938,节,1
1646,带,4969,芴,1
1646,带,4975,芾,1
1646,带,4983,苍,1
1646,带,5004,苯,1
1646,带,5090,莘,1
1646,带,5181,蒂,1
1647,帧,1637,帕,1
1647,帧,1643,帜,1
1647,帧,5384,蜮,1
1648,席,230,侔,1
1648,席,1627,市,1
1648,席,1652,常,1
1648,席,1683,序,1
1648,席,2043,房,1
1649,帮,524,努,1
1649,帮,3482,爷,1
1649,帮,3830,痛,1
1649,帮,6134,邦,1
1650,帱,2803,槽,1
1651,帷,1657,幄,1
1651,帷,2763,楯,1
1651,帷,3333,濉,1
1651,帷,6626,雌,1
1652,常,1644,帝,1
1652,常,1646,带,1
1652,常,1671,幸,1
1653,帻,1647,帧,1
1653,帻,1973,愤,1
1654,帼,5392,蝈,1
1655,帽,1658,幅,1
1655,帽,1937,惕,1
1655,帽,1940,惜,1
1655,帽,1971,愠,1
1655,帽,5812,赐,1
1656,幂,1450,寡,1
1656,幂,1661,幕,1
1656,幂,3897,皋,1
1658,幅,1637,帕,1
1658,幅,1651,帷,1
1658,幅,1665,幢,1
1658,幅,3760,畅,1
1658,幅,5399,蝠,1
1658,幅,5403,蝮,1
1659,幌,1971,愠,1
1659,幌,5698,谎,1
1660,幔,1658,幅,1
1660,幔,1663,幞,1
1660,幔,1919,悦,1
1660,幔,3417,焌,1
1660,幔,3459,熳,1
1661,幕,2501,暮,1
1661,幕,3897,皋,1
1661,幕,5062,荞,1
1661,幕,5181,蒂,1
1662,幛,1665,幢,1
1662,幛,2808,樟,1
1663,幞,2768,楼,1
1664,幡,1599,嶓,1
1664,幡,5439,蟠,1
1665,幢,1638,帖,1
1665,幢,1651,帷,1
1665,幢,1653,帻,1
1665,幢,1662,幛,1
1665,幢,2825,橦,1
1665,幢,5427,螳,1
1666,幪,2534,朦,1
1666,幪,2838,檬,1
1667,干,8,下,1
1667,干,2386,斗,1
1667,干,4178,秆,1
1668,平,27,严,1
1668,平,34,丰,1
1668,平,35,串,1
1668,平,596,卢,1
1668,平,1669,年,1
1668,平,2052,手,1
1668,平,2564,来,1
1668,平,2901,毕,1
1668,平,6011,辛,1
1669,年,122,今,1
1669,年,586,卓,1
1669,年,1668,平,1
1669,年,2422,早,1
1669,年,3500,牟,1
1669,年,3502,牢,1
1669,年,4624,羊,1
1669,年,5958,车,1
1670,并,378,关,1
1670,并,1729,异,1
1670,并,1731,弄,1
1670,并,3078,洴,1
1670,并,5616,许,1
1671,幸,1224,奈,1
1671,幸,1379,孛,1
1671,幸,4718,聿,1
1671,幸,4948,芗,1
1671,幸,5052,草,1
1672,幺,49,么,1
1673,幻,1613,巧,1
1674,幼,115,仂,1
1674,幼,144,们,1
1674,幼,522,动,1
1674,幼,537,勍,1
1674,幼,1673,幻,1
1675,幽,2398,断,1
1675,幽,2479,晦,1
1675,幽,4793,脂,1
1675,幽,6079,逛,1
1675,幽,7171,龃,1
1676,广,76,予,1
1676,广,80,亍,1
1676,广,81,于,1
1676,广,615,厂,1
1677,庀,3792,疝,1
1678,庄,620,压,1
1678,庄,713,启,1
1678,庄,1029,在,1
1678,庄,1612,左,1
1678,庄,1681,床,1
1678,庄,1687,应,1
1678,庄,1691,庙,1
1679,庆,125,从,1
1679,庆,165,伙,1
1679,庆,2042,戾,1
1679,庆,3139,涣,1
1680,庇,1688,底,1
1681,床,1694,庞,1
1681,床,3121,涂,1
1682,庋,1690,店,1
1682,庋,1699,度,1
1682,庋,3807,疲,1
1682,庋,5477,衷,1
1683,序,619,厉,1
1683,序,1648,席,1
1683,序,1681,床,1
1683,序,1697,庤,1
1683,序,1821,忘,1
1683,序,5290,虏,1
1684,庐,1683,序,1
1684,庐,3003,沪,1
1684,庐,5670,诱,1
1686,库,1422,室,1
1686,库,1683,序,1
1686,库,1687,应,1
1686,库,1697,庤,1
1686,库,2303,摩,1
1686,库,3514,犀,1
1686,库,5002,苦,1
1687,应,94,亢,1
1687,应,1678,庄,1
1687,应,6591,险,1
1687,应,6619,雀,1
1688,底,96,亥,1
1688,底,1698,庥,1
1688,底,2042,戾,1
1688,底,3804,疯,1
1689,庖,1222,奄,1
1690,店,1090,垢,1
1690,店,2043,房,1
1690,店,5292,虑,1
1691,庙,266,俩,1
1691,庙,1701,庭,1
1691,庙,4740,肩,1
1691,庙,7104,鹿,1
1691,庙,7181,龙,1
1692,庚,1704,庶,1
1692,庚,1707,庹,1
1692,庚,1709,庾,1
1692,庚,2042,戾,1
1692,庚,3139,涣,1
1692,庚,6713,页,1
1693,府,1698,庥,1
1693,府,3203,游,1
1693,府,5009,苻,1
1694,庞,1695,废,1
1694,庞,2017,戌,1
1694,庞,4668,老,1
1694,庞,6575,陇,1
1695,废,624,厘,1
1695,废,1703,庵,1
1695,废,1712,廋,1
1695,废,2868,殁,1
1695,废,3865,瘩,1
1698,庥,4058,砾,1
1699,度,631,厦,1
1699,度,833,唐,1
1699,度,1690,店,1
1699,度,1707,庹,1
1699,度,2924,氖,1
1700,座,1082,垒,1
1700,座,1497,屉,1
1700,座,1570,崖,1
1700,座,1687,应,1
1700,座,1690,店,1
1700,座,1712,廋,1
1700,座,3842,痴,1
1700,座,4177,秃,1
1701,庭,633,厩,1
1701,庭,1347,嫉,1
1701,庭,2696,梃,1
1701,庭,2868,殁,1
1701,庭,6578,陋,1
1703,庵,276,俺,1
1703,庵,4773,胤,1
1703,庵,6928,魇,1
1704,庶,688,名,1
1704,庶,1679,庆,1
1704,庶,1687,应,1
1704,庶,1705,康,1
1704,庶,1994,憔,1
1704,庶,2043,房,1
1704,庶,3881,癔,1
1704,庶,4113,磨,1
1704,庶,5225,蔗,1
1706,庸,5814,赓,1
1707,庹,4113,磨,1
1707,庹,5772,质,1
1708,庼,3334,濑,1
1710,廉,5293,虔,1
1710,廉,7143,鼋,1
1711,廊,1799,御,1
1711,廊,6151,郁,1
1711,廊,6182,鄌,1
1711,廊,6183,鄘,1
1712,廋,1695,废,1
1712,廋,3864,瘦,1
1713,廑,2908,毫,1
1715,廓,2050,扉,1
1715,廓,6151,郁,1
1716,廖,3812,疹,1
1717,廙,2051,扊,1
1717,廙,3342,瀍,1
1717,廙,3874,瘼,1
1718,廛,3855,瘗,1
1718,廛,7108,麋,1
1719,廨,1702,庳,1
1720,廪,3868,瘭,1
1720,廪,3869,瘰,1
1721,廴,643,及,1
1721,廴,2380,文,1
1722,延,380,兵,1
1722,延,4260,立,1
1722,延,6044,迢,1
1722,延,6075,途,1
1722,延,6077,逗,1
1723,廷,2182,挺,1
1723,廷,5092,莛,1
1723,廷,6024,达,1
1723,廷,6025,迁,1
1723,廷,6077,逗,1
1724,建,35,串,1
1724,建,1121,埭,1
1724,建,6041,违,1
1724,建,6110,遣,1
1724,建,7108,麋,1
1725,廾,39,丹,1
1725,廾,87,井,1
1725,廾,1726,廿,1
1727,开,39,丹,1
1727,开,85,亓,1
1727,开,87,井,1
1727,开,1669,年,1
1728,弁,1670,并,1
1729,异,1398,宁,1
1729,异,1670,并,1
1729,异,1728,弁,1
1729,异,1730,弃,1
1729,异,2920,民,1
1730,弃,96,亥,1
1730,弃,1249,妄,1
1730,弃,3605,玄,1
1730,弃,4266,章,1
1730,弃,6011,辛,1
1730,弃,7166,齐,1
1731,弄,34,丰,1
1731,弄,637,厾,1
1731,弄,1730,弃,1
1731,弄,3759,畀,1
1731,弄,4343,箦,1
1731,弄,7113,麦,1
1732,弇,1230,奔,1
1732,弇,4338,算,1
1733,弈,1730,弃,1
1733,弈,2663,栾,1
1734,弊,5760,貔,1
1736,式,459,划,1
1736,式,2021,成,1
1736,式,2025,或,1
1738,弓,400,写,1
1738,弓,1200,多,1
1738,弓,3909,盂,1
1738,弓,4019,石,1
1738,弓,4453,纟,1
1738,弓,6253,里,1
1739,引,32,丬,1
1739,引,461,列,1
1739,引,1198,外,1
1739,引,4696,耳,1
1739,引,6508,闭,1
1740,弗,87,井,1
1740,弗,393,冉,1
1740,弗,3754,男,1
1740,弗,3904,皮,1
1740,弗,5010,茀,1
1740,弗,5789,费,1
1741,弘,133,仙,1
1741,弘,518,加,1
1741,弘,531,劾,1
1741,弘,1739,引,1
1741,弘,1746,弦,1
1741,弘,1752,弱,1
1742,弛,1744,张,1
1742,弛,6881,骢,1
1742,弛,7036,鸦,1
1743,弟,376,兰,1
1743,弟,1387,学,1
1743,弟,1740,弗,1
1743,弟,4008,矛,1
1743,弟,5581,言,1
1743,弟,6826,首,1
1744,张,1745,弥,1
1744,张,1752,弱,1
1744,张,3018,泄,1
1744,张,3161,淑,1
1744,张,3639,珐,1
1744,张,3653,琅,1
1744,张,4491,织,1
1744,张,6838,驳,1
1745,弥,2976,汾,1
1745,弥,3020,泉,1
1745,弥,4028,砂,1
1746,弦,1388,孩,1
1746,弦,2964,污,1
1746,弦,4261,竑,1
1746,弦,4467,纭,1
1746,弦,4503,结,1
1747,弧,1744,张,1
1747,弧,3717,瓜,1
1748,弩,5589,誓,1
1748,弩,6848,驽,1
1749,弪,4060,硁,1
1749,弪,4632,羟,1
1751,弯,504,剪,1
1751,弯,1717,廙,1
1751,弯,1875,恋,1
1751,弯,3222,湾,1
1751,弯,6849,驾,1
1752,弱,2874,殉,1
1752,弱,4678,耔,1
1752,弱,6844,驹,1
1752,弱,6846,驻,1
1752,弱,6860,骋,1
1753,弹,3162,淖,1
1753,弹,3175,淳,1
1753,弹,3522,犟,1
1753,弹,4487,练,1
1753,弹,5461,衍,1
1753,弹,5937,蹲,1
1754,强,3547,狠,1
1754,强,4059,础,1
1754,强,4558,缍,1
1754,强,5305,虽,1
1755,弼,1366,嬲,1
1758,归,678,叼,1
1758,归,1834,忸,1
1758,归,3356,灯,1
1758,归,4642,羽,1
1759,当,456,刍,1
1759,当,521,劣,1
1759,当,4990,苕,1
1759,当,4995,苞,1
1760,录,1761,彖,1
1760,录,2961,汞,1
1760,录,4720,肃,1
1760,录,6892,骺,1
1761,彖,5749,豪,1
1763,彘,2932,氤,1
1764,彝,1733,弈,1
1764,彝,3702,璋,1
1765,彡,68,乡,1
1765,彡,1768,彦,1
1766,形,455,刊,1
1766,形,473,刮,1
1766,形,4176,私,1
1767,彤,394,册,1
1767,彤,823,哳,1
1767,彤,1772,彬,1
1767,彤,2079,承,1
1767,彤,4910,舴,1
1768,彦,640,参,1
1769,彧,2025,或,1
1770,彩,124,仍,1
1770,彩,4012,知,1
1771,彪,3375,炝,1
1771,彪,4908,舱,1
1772,彬,2195,捕,1
1772,彬,7077,鹕,1
1773,彭,1774,彰,1
1773,彭,3321,澎,1
1773,彭,6163,郚,1
1773,彭,6903,髟,1
1774,彰,1773,彭,1
1774,彰,6284,钐,1
1775,影,4240,窍,1
1776,彳,49,么,1
1776,彳,53,乍,1
1777,彷,1674,幼,1
1777,彷,4479,纺,1
1777,彷,4483,线,1
1778,役,224,侈,1
1778,役,1729,异,1
1778,役,3016,沿,1
1778,役,4461,级,1
1778,役,4491,织,1
1778,役,5621,设,1
1779,彻,1789,徊,1
1779,彻,2986,沏,1
1779,彻,4501,绑,1
1780,彼,157,伋,1
1780,彼,3035,波,1
1780,彼,5638,诐,1
1781,往,1782,征,1
1781,往,3038,注,1
1781,往,4309,筏,1
1781,往,4459,纥,1
1781,往,4522,继,1
1781,往,6719,须,1
1782,征,133,仙,1
1782,征,4469,纰,1
1782,征,4475,纶,1
1783,徂,189,但,1
1783,徂,251,俎,1
1783,徂,4186,租,1
1783,徂,4481,纽,1
1783,徂,5628,诅,1
1784,径,688,名,1
1784,径,704,吣,1
1784,径,1781,往,1
1784,径,4456,红,1
1785,待,256,俘,1
1785,待,264,俦,1
1785,待,3510,特,1
1785,待,4457,纣,1
1785,待,4482,纾,1
1786,徇,203,佝,1
1786,徇,1789,徊,1
1786,徇,4509,绚,1
1787,很,247,促,1
1787,很,4520,绥,1
1787,很,4594,缳,1
1787,很,6721,顽,1
1787,很,6774,飨,1
1788,徉,4149,祥,1
1788,徉,5493,袢,1
1789,徊,188,佃,1
1789,徊,189,但,1
1789,徊,1012,囱,1
1789,徊,1673,幻,1
1789,徊,3056,洄,1
1789,徊,4471,纲,1
1789,徊,5834,赫,1
1790,律,322,傅,1
1790,律,1794,徕,1
1790,律,4137,祎,1
1791,後,261,俟,1
1791,後,3193,渡,1
1792,徐,128,仔,1
1792,徐,206,你,1
1792,徐,4217,稼,1
1792,徐,4507,绘,1
1792,徐,4521,绦,1
1792,徐,5161,葆,1
1792,徐,6806,馀,1
1793,徒,170,传,1
1793,徒,247,促,1
1793,徒,1778,役,1
1793,徒,4456,红,1
1793,徒,5836,走,1
1794,徕,3004,沫,1
1795,得,1785,待,1
1795,得,3099,浑,1
1795,得,4582,缧,1
1795,得,6417,锝,1
1796,徘,6629,雏,1
1797,徙,317,偷,1
1797,徙,1781,往,1
1797,徙,3124,涉,1
1798,徜,4531,绱,1
1799,御,145,仰,1
1799,御,613,卻,1
1799,御,1711,廊,1
1799,御,5462,衔,1
1801,循,1780,彼,1
1801,循,1786,徇,1
1801,循,3310,潴,1
1801,循,4534,维,1
1801,循,4584,缩,1
1801,循,6253,里,1
1802,徭,3693,瑶,1
1803,微,331,傲,1
1803,微,1799,御,1
1803,微,3237,溦,1
1803,微,3331,激,1
1803,微,3701,璈,1
1803,微,4525,绪,1
1803,微,4587,缬,1
1803,微,4595,缴,1
1804,徵,1806,徼,1
1804,徵,1807,徽,1
1805,德,315,偲,1
1805,德,3593,猿,1
1805,德,6816,馋,1
1806,徼,4595,缴,1
1807,徽,1699,度,1
1807,徽,4546,缀,1
1807,徽,4559,缎,1
1808,心,352,儿,1
1808,心,576,千,1
1808,心,635,厶,1
1809,忄,30,个,1
1810,必,50,义,1
1810,必,125,从,1
1810,必,126,仑,1
1810,必,165,伙,1
1810,必,440,凶,1
1810,必,516,办,1
1810,必,665,叭,1
1810,必,1038,圹,1
1810,必,1192,处,1
1810,必,1247,如,1
1810,必,1841,怂,1
1810,必,2977,沁,1
1810,必,3387,炻,1
1810,必,3428,焰,1
1810,必,3485,爻,1
1810,必,3717,瓜,1
1811,忆,1034,圮,1
1811,忆,2562,杠,1
1811,忆,4456,红,1
1811,忆,4934,艺,1
1811,忆,5298,虬,1
1812,忉,1811,忆,1
1813,忌,446,函,1
1813,忌,1858,怠,1
1813,忌,2920,民,1
1813,忌,3268,滤,1
1814,忍,664,召,1
1814,忍,1875,恋,1
1814,忍,1877,恐,1
1815,忏,1861,怦,1
1816,忐,5288,虍,1
1816,忐,6692,鞡,1
1817,忑,1816,忐,1
1818,忒,1296,威,1
1818,忒,2023,戒,1
1820,志,22,东,1
1820,志,361,克,1
1820,志,617,厅,1
1820,志,1813,忌,1
1820,志,1816,忐,1
1820,志,1824,忠,1
1820,志,4965,芯,1
1820,志,5830,赤,1
1821,忘,606,危,1
1821,忘,1813,忌,1
1821,忘,1848,怎,1
1821,忘,3689,瑟,1
1822,忙,1828,忪,1
1822,忙,1837,忾,1
1822,忙,1862,性,1
1822,忙,4815,脸,1
1822,忙,5303,虻,1
1823,忝,1474,尜,1
1823,忝,1529,岙,1
1824,忠,3910,盅,1
1825,忡,1629,帅,1
1826,忤,1815,忏,1
1826,忤,1871,怿,1
1827,忧,1830,忭,1
1827,忧,1832,忱,1
1827,忧,1876,恍,1
1827,忧,3529,状,1
1827,忧,3556,狱,1
1828,忪,1867,怯,1
1828,忪,2578,松,1
1829,快,372,八,1
1829,快,1643,帜,1
1829,快,1862,性,1
1829,快,1883,恢,1
1829,快,3370,炔,1
1829,快,3398,烛,1
1829,快,3510,特,1
1830,忭,1854,怙,1
1830,忭,1907,悌,1
1830,忭,1912,悚,1
1830,忭,2638,标,1
1831,忮,159,伎,1
1831,忮,2863,歧,1
1832,忱,559,北,1
1832,忱,1629,帅,1
1832,忱,1827,忧,1
1832,忱,2983,沈,1
1832,忱,3941,眈,1
1832,忱,4683,耙,1
1832,忱,5770,账,1
1833,念,139,令,1
1833,念,709,含,1
1833,念,1117,埝,1
1833,念,1821,忘,1
1833,念,1858,怠,1
1833,念,1860,急,1
1833,念,4107,磊,1
1833,念,7183,龛,1
1835,忻,144,们,1
1835,忻,1040,圻,1
1835,忻,1815,忏,1
1835,忻,2060,托,1
1835,忻,5769,败,1
1836,忽,1814,忍,1
1836,忽,1863,怨,1
1836,忽,1893,息,1
1837,忾,1835,忻,1
1837,忾,1899,恺,1
1837,忾,1900,恻,1
1837,忾,3404,烧,1
1838,忿,1525,岔,1
1838,忿,1860,急,1
1838,忿,1870,怼,1
1839,怀,1049,坏,1
1839,怀,1631,师,1
1839,怀,1883,恢,1
1839,怀,2586,枕,1
1839,怀,3179,淼,1
1840,态,1820,志,1
1840,态,1821,忘,1
1840,态,1879,恕,1
1840,态,5063,荟,1
1841,怂,21,丛,1
1841,怂,1916,悠,1
1841,怂,4883,舀,1
1841,怂,6807,馁,1
1844,怅,1634,帐,1
1844,怅,1827,忧,1
1845,怆,1822,忙,1
1845,怆,3375,炝,1
1846,怊,664,召,1
1847,怍,202,作,1
1847,怍,4766,胙,1
1848,怎,789,哀,1
1848,怎,1540,岳,1
1848,怎,1690,店,1
1848,怎,1869,总,1
1848,怎,1872,恁,1
1848,怎,1875,恋,1
1848,怎,2926,氙,1
1850,怒,1386,孥,1
1850,怒,1836,忽,1
1850,怒,1939,惚,1
1850,怒,4553,缇,1
1850,怒,6848,驽,1
1851,怔,1839,怀,1
1851,怔,1843,怄,1
1851,怔,3945,眍,1
1852,怕,178,伯,1
1852,怕,1081,垍,1
1852,怕,1873,恂,1
1852,怕,1924,悯,1
1852,怕,2353,收,1
1852,怕,2466,晌,1
1852,怕,3380,炮,1
1853,怖,1631,师,1
1853,怖,1839,怀,1
1853,怖,1883,恢,1
1853,怖,1950,惭,1
1853,怖,2635,柿,1
1853,怖,6791,饰,1
1854,怙,1541,岵,1
1854,怙,2601,枯,1
1855,怛,1834,忸,1
1856,怜,1187,声,1
1856,怜,1828,忪,1
1856,怜,1839,怀,1
1857,思,662,只,1
1857,思,1922,悬,1
1857,思,3754,男,1
1857,思,6253,里,1
1857,思,7125,黑,1
1858,怠,1531,岛,1
1858,怠,1906,悉,1
1858,怠,3386,点,1
1858,怠,4435,糸,1
1859,怡,6048,迨,1
1860,急,364,兔,1
1860,急,1893,息,1
1860,急,1896,恶,1
1860,急,1906,悉,1
1860,急,3605,玄,1
1860,急,3866,瘪,1
1860,急,4107,磊,1
1860,急,6772,食,1
1861,怦,1065,坪,1
1861,怦,2602,枰,1
1862,性,1849,怏,1
1862,性,1867,怯,1
1862,性,1894,恰,1
1862,性,1923,悭,1
1862,性,2178,挫,1
1862,性,4428,糙,1
1862,性,4769,胜,1
1862,性,4808,脞,1
1862,性,5346,蛙,1
1863,怨,1836,忽,1
1863,怨,1879,恕,1
1863,怨,1884,恣,1
1863,怨,1947,惩,1
1863,怨,1998,憨,1
1863,怨,4491,织,1
1864,怩,1643,帜,1
1865,怪,1053,坚,1
1865,怪,1862,性,1
1865,怪,3534,狂,1
1866,怫,2111,拂,1
1867,怯,1827,忧,1
1867,怯,1949,惬,1
1867,怯,2524,朊,1
1868,怵,1839,怀,1
1868,怵,6573,际,1
1869,总,1408,宓,1
1869,总,1581,崽,1
1869,总,1821,忘,1
1869,总,1886,恧,1
1869,总,3386,点,1
1869,总,4474,纵,1
1870,怼,1814,忍,1
1870,怼,3738,甚,1
1871,怿,1861,怦,1
1871,怿,1908,悍,1
1872,恁,364,兔,1
1872,恁,830,唇,1
1872,恁,1896,恶,1
1872,恁,5797,赁,1
1873,恂,3644,珣,1
1874,恃,227,侍,1
1874,恃,1464,将,1
1874,恃,1650,帱,1
1874,恃,1819,忖,1
1874,恃,1870,怼,1
1874,恃,1910,悔,1
1874,恃,1911,悖,1
1874,恃,1933,惇,1
1874,恃,3402,烤,1
1874,恃,3510,特,1
1874,恃,4753,肾,1
1875,恋,1302,娈,1
1875,恋,1880,恙,1
1875,恋,1896,恶,1
1875,恋,1903,恿,1
1875,恋,1943,惠,1
1875,恋,6058,迹,1
1876,恍,1829,快,1
1876,恍,1837,忾,1
1876,恍,1842,怃,1
1876,恍,2668,桄,1
1876,恍,3357,灰,1
1876,恍,3371,炕,1
1877,恐,1884,恣,1
1877,恐,1920,您,1
1878,恒,1885,恤,1
1878,恒,5968,轰,1
1879,恕,1242,奶,1
1879,恕,1841,怂,1
1879,恕,3430,然,1
1880,恙,1881,恚,1
1880,恙,3426,焦,1
1880,恙,3922,盖,1
1880,恙,3963,着,1
1881,恚,5164,著,1
1881,恚,5470,表,1
1882,恝,1877,恐,1
1882,恝,4684,耜,1
1883,恢,3388,炼,1
1884,恣,2007,懑,1
1885,恤,1478,尥,1
1885,恤,1878,恒,1
1886,恧,1860,急,1
1886,恧,1903,恿,1
1886,恧,1969,愚,1
1887,恨,1949,惬,1
1887,恨,2110,抿,1
1887,恨,3101,浓,1
1888,恩,1863,怨,1
1888,恩,1943,惠,1
1888,恩,1984,慝,1
1888,恩,4647,翌,1
1889,恪,2661,格,1
1889,恪,4786,胳,1
1890,恫,231,侗,1
1890,恫,859,啊,1
1890,恫,1608,州,1
1890,恫,1630,帆,1
1890,恫,2774,榈,1
1890,恫,3381,炯,1
1890,恫,5386,蜴,1
1891,恬,235,侣,1
1891,恬,1815,忏,1
1891,恬,1862,性,1
1891,恬,1894,恰,1
1891,恬,3359,灶,1
1891,恬,3391,烁,1
1892,恭,1823,忝,1
1892,恭,4161,禁,1
1892,恭,4951,芜,1
1892,恭,5068,荥,1
1892,恭,5262,薪,1
1892,恭,5274,藜,1
1892,恭,5453,蠢,1
1892,恭,6177,都,1
1893,息,668,台,1
1893,息,1614,巨,1
1893,息,1872,恁,1
1893,息,1922,悬,1
1893,息,4109,磐,1
1893,息,5687,谂,1
1894,恰,1946,惨,1
1894,恰,2551,杉,1
1894,恰,2578,松,1
1894,恰,3406,烩,1
1894,恰,3423,焙,1
1895,恳,643,及,1
1895,恳,830,唇,1
1895,恳,1093,垦,1
1895,恳,1969,愚,1
1896,恶,28,丧,1
1896,恶,1215,夷,1
1896,恶,1875,恋,1
1896,恶,3415,焉,1
1896,恶,3607,玉,1
1896,恶,4965,芯,1
1897,恸,1069,坳,1
1897,恸,1904,悃,1
1897,恸,2691,桫,1
1899,恺,1876,恍,1
1899,恺,3380,炮,1
1900,恻,3094,测,1
1901,恼,1845,怆,1
1901,恼,1915,悟,1
1901,恼,4801,脑,1
1902,恽,2174,挥,1
1903,恿,1857,思,1
1903,恿,1943,惠,1
1903,恿,1948,惫,1
1903,恿,5179,葸,1
1904,悃,5392,蝈,1
1905,悄,252,俏,1
1905,悄,2702,梢,1
1905,悄,2788,榷,1
1905,悄,5359,蛸,1
1906,悉,1857,思,1
1906,悉,1896,恶,1
1906,悉,1957,惹,1
1907,悌,1993,憎,1
1907,悌,3966,睇,1
1908,悍,1930,悼,1
1908,悍,1945,惧,1
1908,悍,1972,愣,1
1908,悍,2191,捍,1
1910,悔,36,临,1
1910,悔,930,嗨,1
1910,悔,1815,忏,1
1910,悔,3049,泸,1
1911,悖,1933,惇,1
1912,悚,1951,惮,1
1913,悛,2672,桉,1
1913,悛,3417,焌,1
1913,悛,6596,陵,1
1914,悝,579,午,1
1914,悝,1855,怛,1
1914,悝,1958,惺,1
1915,悟,1891,恬,1
1915,悟,1945,惧,1
1915,悟,1985,慢,1
1915,悟,1997,憧,1
1915,悟,2184,捂,1
1915,悟,3418,焐,1
1915,悟,3512,牾,1
1916,悠,282,倓,1
1916,悠,1850,怒,1
1916,悠,1893,息,1
1916,悠,1920,您,1
1916,悠,1964,愍,1
1917,悢,1901,恼,1
1918,患,1824,忠,1
1918,患,1886,恧,1
1918,患,1943,惠,1
1919,悦,1876,恍,1
1919,悦,1905,悄,1
1919,悦,1935,惋,1
1919,悦,4206,税,1
1920,您,435,凭,1
1920,您,1875,恋,1
1920,您,1877,恐,1
1920,您,1893,息,1
1920,您,3546,狞,1
1921,悫,1978,慈,1
1922,悬,1884,恣,1
1922,悬,4619,罴,1
1924,悯,1890,恫,1
1924,悯,2690,桩,1
1926,悲,2383,斐,1
1926,悲,3072,洪,1
1926,悲,3353,火,1
1926,悲,3439,照,1
1926,悲,3458,熬,1
1926,悲,6052,迭,1
1927,悴,219,佼,1
1927,悴,1662,幛,1
1927,悴,1930,悼,1
1927,悴,1955,惴,1
1927,悴,3847,瘁,1
1927,悴,4414,粹,1
1928,悸,1891,恬,1
1928,悸,1976,愫,1
1929,悻,1927,悴,1
1929,悻,2009,懔,1
1929,悻,2700,梓,1
1930,悼,1861,怦,1
1930,悼,1907,悌,1
1930,悼,1929,悻,1
1930,悼,2731,棹,1
1930,悼,3176,混,1
1930,悼,3414,烽,1
1931,情,1940,惜,1
1931,情,1973,愤,1
1931,情,3466,燔,1
1931,情,4417,精,1
1932,惆,1655,帽,1
1932,惆,2268,搁,1
1933,惇,1911,悖,1
1934,惊,288,倞,1
1934,惊,1911,悖,1
1934,惊,2224,掠,1
1934,惊,2353,收,1
1934,惊,4195,称,1
1935,惋,1321,婉,1
1935,惋,2709,梳,1
1935,惋,4827,腕,1
1936,惑,1970,感,1
1936,惑,2025,或,1
1937,惕,1124,埸,1
1937,惕,1985,慢,1
1937,惕,3364,炀,1
1937,惕,4282,笏,1
1937,惕,5812,赐,1
1937,惕,7038,鸩,1
1939,惚,1944,惦,1
1939,惚,4835,腮,1
1939,惚,5342,蛐,1
1940,惜,1148,堵,1
1940,惜,1874,恃,1
1940,惜,1967,愔,1
1940,惜,2194,捐,1
1940,惜,2762,楮,1
1941,惝,1905,悄,1
1942,惟,1131,堆,1
1942,惟,2739,椎,1
1943,惠,1848,怎,1
1943,惠,1875,恋,1
1943,惠,1969,愚,1
1943,惠,1984,慝,1
1943,惠,2479,晦,1
1943,惠,4439,索,1
1944,惦,1920,您,1
1945,惧,1981,慎,1
1945,惧,1985,慢,1
1946,惨,269,修,1
1946,惨,1967,愔,1
1946,惨,2699,梏,1
1947,惩,1821,忘,1
1947,惩,1841,怂,1
1947,惩,1978,慈,1
1947,惩,4330,签,1
1948,惫,1860,急,1
1948,惫,3449,熏,1
1950,惭,2004,懈,1
1950,惭,2822,橛,1
1951,惮,776,咩,1
1951,惮,1087,垟,1
1951,惮,1826,忤,1
1951,惮,1907,悌,1
1951,惮,1911,悖,1
1952,惯,450,刂,1
1952,惯,1935,惋,1
1952,惯,1958,惺,1
1952,惯,1973,愤,1
1952,惯,2001,憷,1
1952,惯,2811,横,1
1953,惰,1133,堉,1
1953,惰,2736,椅,1
1953,惰,2751,椿,1
1953,惰,7038,鸩,1
1954,想,1062,坦,1
1954,想,1877,恐,1
1954,想,1879,恕,1
1954,想,1882,恝,1
1954,想,1926,悲,1
1954,想,1999,憩,1
1954,想,2188,捉,1
1954,想,3934,相,1
1954,想,5116,菇,1
1954,想,5556,规,1
1956,惶,1914,悝,1
1956,惶,1993,憎,1
1956,惶,2000,憬,1
1956,惶,2005,懊,1
1956,惶,2009,懔,1
1956,惶,2228,控,1
1956,惶,2426,旯,1
1956,惶,4242,窒,1
1957,惹,3441,煮,1
1957,惹,4668,老,1
1957,惹,5257,薏,1
1957,惹,5264,薯,1
1958,惺,1596,嵯,1
1958,惺,1657,幄,1
1958,惺,1862,性,1
1958,惺,1914,悝,1
1958,惺,1956,惶,1
1958,惺,1971,愠,1
1958,惺,2193,捏,1
1958,惺,3582,猩,1
1958,惺,4831,腥,1
1958,惺,6599,隅,1
1959,愀,1950,惭,1
1960,愁,1234,奘,1
1960,愁,1877,恐,1
1960,愁,1998,憨,1
1960,愁,1999,憩,1
1960,愁,3430,然,1
1960,愁,4213,稳,1
1963,愉,2233,掭,1
1964,愍,1989,慰,1
1964,愍,1996,憝,1
1966,意,1880,恙,1
1966,意,1948,惫,1
1966,意,4264,竞,1
1966,意,7183,龛,1
1967,愔,1664,幡,1
1967,愔,1940,惜,1
1967,愔,1993,憎,1
1967,愔,1997,憧,1
1967,愔,2011,懵,1
1968,愕,1915,悟,1
1968,愕,4834,腭,1
1968,愕,5704,谔,1
1969,愚,1977,愿,1
1969,愚,4171,禺,1
1970,感,1296,威,1
1970,感,1877,恐,1
1970,感,2028,戚,1
1970,感,4263,站,1
1971,愠,2762,楮,1
1972,愣,1955,惴,1
1972,愣,1968,愕,1
1972,愣,3435,煜,1
1973,愤,319,偾,1
1973,愤,1647,帧,1
1973,愤,1912,悚,1
1973,愤,1976,愫,1
1973,愤,6718,顺,1
1974,愦,2757,楞,1
1975,愧,1900,恻,1
1975,愧,1937,惕,1
1975,愧,1939,惚,1
1975,愧,2794,槐,1
1976,愫,1928,悸,1
1977,愿,565,匡,1
1977,愿,627,原,1
1977,愿,1446,寓,1
1977,愿,1920,您,1
1977,愿,3933,直,1
1977,愿,7104,鹿,1
1978,慈,384,兹,1
1978,慈,1869,总,1
1978,慈,1880,恙,1
1978,慈,1881,恚,1
1978,慈,1961,愆,1
1978,慈,3412,烹,1
1980,慌,1919,悦,1
1980,慌,2682,桡,1
1980,慌,5698,谎,1
1981,慎,1159,填,1
1981,慎,1956,惶,1
1981,慎,1965,愎,1
1981,慎,2009,懔,1
1982,慑,4837,腱,1
1983,慕,1170,墓,1
1983,慕,2501,暮,1
1983,慕,5241,蕊,1
1984,慝,7106,麇,1
1985,慢,1144,堤,1
1985,慢,1831,忮,1
1985,慢,1911,悖,1
1985,慢,2000,憬,1
1985,慢,3459,熳,1
1985,慢,3473,爆,1
1986,慥,1915,悟,1
1987,慧,580,卉,1
1987,慧,2378,整,1
1988,慨,3425,焜,1
1988,慨,4813,脲,1
1989,慰,1465,尉,1
1989,慰,1870,怼,1
1989,慰,1964,愍,1
1991,慷,1852,怕,1
1991,慷,4865,臁,1
1992,憋,1998,憨,1
1993,憎,967,噌,1
1993,憎,2011,懵,1
1994,憔,1091,垣,1
1994,憔,1942,惟,1
1994,憔,2814,樵,1
1995,憖,2006,懋,1
1996,憝,1964,愍,1
1996,憝,1978,慈,1
1997,憧,1662,幛,1
1997,憧,2003,懂,1
1997,憧,3881,癔,1
1998,憨,3400,烝,1
1998,憨,3458,熬,1
1998,憨,6874,骛,1
1999,憩,5994,辊,1
2000,憬,1928,悸,1
2002,憾,1341,媳,1
2003,懂,342,僮,1
2003,懂,1862,性,1
2003,懂,1980,慌,1
2003,懂,2825,橦,1
2003,懂,5387,蜷,1
2004,懈,1963,愉,1
2004,懈,2802,槲,1
2004,懈,3018,泄,1
2004,懈,5405,蝴,1
2005,懊,1945,惧,1
2005,懊,3326,澳,1
2005,懊,4838,腴,1
2006,懋,1394,孵,1
2008,懒,938,嗷,1
2008,懒,1974,愦,1
2010,懦,350,儒,1
2010,懦,2833,檑,1
2010,懦,5425,螭,1
2010,懦,5449,蠕,1
2014,戈,577,卅,1
2014,戈,1477,尤,1
2014,戈,1736,式,1
2014,戈,1810,必,1
2014,戈,2540,术,1
2014,戈,7181,龙,1
2015,戊,2020,戏,1
2015,戊,2078,找,1
2015,戊,2356,攻,1
2015,戊,2545,朽,1
2016,戋,1298,娄,1
2016,戋,1736,式,1
2017,戌,161,伐,1
2017,戌,2014,戈,1
2017,戌,2016,戋,1
2017,戌,2019,戎,1
2017,戌,4935,艽,1
2018,戍,161,伐,1
2018,戍,1818,忒,1
2019,戎,1736,式,1
2019,戎,2016,戋,1
2019,戎,2017,戌,1
2019,戎,2020,戏,1
2019,戎,2639,栈,1
2020,戏,2453,昨,1
2020,戏,4764,胖,1
2021,成,94,亢,1
2021,成,785,咸,1
2021,成,1108,城,1
2021,成,2017,戌,1
2021,成,2028,戚,1
2021,成,4023,矽,1
2021,成,5012,茂,1
2021,成,5559,觇,1
2022,我,161,伐,1
2022,我,4183,秒,1
2023,戒,380,兵,1
2023,戒,2021,成,1
2023,戒,2035,截,1
2023,戒,2538,本,1
2023,戒,3652,球,1
2023,戒,5780,贰,1
2025,或,60,乖,1
2025,或,1936,惑,1
2025,或,2019,戎,1
2025,或,2021,成,1
2025,或,2027,战,1
2025,或,2031,戡,1
2025,或,2862,武,1
2025,或,2876,残,1
2025,或,5012,茂,1
2026,戗,465,创,1
2026,戗,2027,战,1
2027,战,161,伐,1
2027,战,1108,城,1
2027,战,2078,找,1
2027,战,2876,残,1
2027,战,4483,线,1
2027,战,6324,钺,1
2028,戚,1296,威,1
2028,戚,4900,舣,1
2032,戢,5981,载,1
2035,截,4603,罐,1
2035,截,5098,莪,1
2035,截,5176,葳,1
2035,截,5270,藏,1
2035,截,5463,街,1
2035,截,5502,裁,1
2038,戳,2035,截,1
2038,戳,2037,戮,1
2039,戴,796,哉,1
2039,戴,2035,截,1
2039,戴,5502,裁,1
2040,户,114,仁,1
2040,户,549,勿,1
2040,户,1197,夕,1
2040,户,1738,弓,1
2042,戾,1692,庚,1
2042,戾,4234,突,1
2043,房,713,启,1
2043,房,1420,客,1
2043,房,1495,居,1
2043,房,1506,属,1
2043,房,3189,渗,1
2043,房,3932,盲,1
2043,房,4230,穹,1
2043,房,6877,骞,1
2044,所,150,价,1
2044,所,710,听,1
2044,所,2397,斫,1
2044,所,4135,祈,1
2044,所,5595,计,1
2044,所,6565,阶,1
2044,所,6941,鲂,1
2045,扁,309,偏,1
2045,扁,1691,庙,1
2045,扁,1710,廉,1
2045,扁,3209,湎,1
2045,扁,3444,煸,1
2045,扁,4740,肩,1
2045,扁,5776,贬,1
2046,扃,1503,屑,1
2046,扃,1505,屙,1
2048,扇,1505,屙,1
2048,扇,1577,崩,1
2048,扇,1719,廨,1
2048,扇,2045,扁,1
2048,扇,6711,韵,1
2048,扇,7167,齑,1
2051,扊,3879,癌,1
2052,手,41,主,1
2052,手,68,乡,1
2052,手,81,于,1
2052,手,581,半,1
2052,手,1371,孑,1
2052,手,1384,季,1
2052,手,1668,平,1
2052,手,1760,录,1
2052,手,2053,扌,1
2052,手,3498,牛,1
2052,手,4624,羊,1
2052,手,4942,芋,1
2053,扌,1184,士,1
2053,扌,2054,才,1
2053,扌,5596,订,1
2054,才,1456,寸,1
2054,才,3525,犭,1
2055,扎,1373,孔,1
2055,扎,2060,托,1
2055,扎,2097,抡,1
2056,扑,1049,坏,1
2056,扑,2055,扎,1
2056,扑,2057,扒,1
2056,扑,2092,折,1
2056,扑,2542,朴,1
2056,扑,2597,枨,1
2056,扑,4772,胡,1
2057,扒,662,只,1
2057,扒,2056,扑,1
2057,扒,2544,机,1
2058,打,1038,圹,1
2058,打,2061,扛,1
2058,打,2066,扪,1
2058,打,2106,抹,1
2058,打,3356,灯,1
2059,扔,2070,扮,1
2059,扔,2094,抛,1
2059,扔,2130,拙,1
2059,扔,2580,极,1
2060,托,559,北,1
2060,托,1034,圮,1
2060,托,1253,妊,1
2060,托,2055,扎,1
2060,托,2077,扼,1
2060,托,2093,抚,1
2060,托,2096,抠,1
2060,托,2560,杞,1
2060,托,2583,枉,1
2060,托,4401,粘,1
2061,扛,2055,扎,1
2061,扛,2113,拄,1
2061,扛,2942,水,1
2061,扛,4431,糠,1
2062,扣,2059,扔,1
2062,扣,2061,扛,1
2062,扣,2066,扪,1
2062,扣,2121,拍,1
2063,扦,1030,圩,1
2063,扦,2060,托,1
2063,扦,2076,扺,1
2063,扦,2099,护,1
2063,扦,2112,拃,1
2063,扦,2120,拌,1
2063,扦,2549,杆,1
2064,执,2062,扣,1
2064,执,2167,挞,1
2064,执,2169,挠,1
2064,执,2184,捂,1
2064,执,2644,栎,1
2065,扩,1038,圹,1
2065,扩,2117,拈,1
2065,扩,2565,杧,1
2065,扩,4938,节,1
2067,扫,2069,扭,1
2067,扫,2129,拘,1
2067,扫,2559,杜,1
2068,扬,1039,场,1
2068,扬,2070,扮,1
2068,扬,2186,捅,1
2068,扬,2432,旸,1
2068,扬,3235,溢,1
2068,扬,3505,物,1
2068,扬,3760,畅,1
2068,扬,3795,疡,1
2069,扭,2062,扣,1
2069,扭,2067,扫,1
2069,扭,2100,报,1
2069,扭,2114,担,1
2069,扭,2132,招,1
2069,扭,4481,纽,1
2070,扮,2057,扒,1
2070,扮,2099,护,1
2070,扮,2117,拈,1
2070,扮,2243,揄,1
2070,扮,3721,瓣,1
2071,扯,1042,址,1
2071,扯,2084,把,1
2071,扯,2130,拙,1
2071,扯,2139,拦,1
2071,扯,2146,拯,1
2072,扰,1477,尤,1
2072,扰,2130,拙,1
2072,扰,3532,犹,1
2073,扳,653,叛,1
2073,扳,2102,披,1
2073,扳,2115,拆,1
2073,扳,2376,数,1
2073,扳,5617,讹,1
2074,扶,1052,块,1
2074,扶,2106,抹,1
2074,扶,2169,挠,1
2074,扶,4187,秣,1
2075,批,2130,拙,1
2075,批,2229,推,1
2075,批,2582,枇,1
2076,扺,1072,坻,1
2076,扺,2075,批,1
2076,扺,2162,挑,1
2077,扼,724,呃,1
2077,扼,3526,犯,1
2077,扼,5965,轭,1
2078,找,559,北,1
2078,找,2022,我,1
2078,找,2158,指,1
2078,找,5980,轼,1
2079,承,659,另,1
2079,承,1490,尿,1
2079,承,1500,屎,1
2079,承,2942,水,1
2079,承,3046,泵,1
2079,承,3152,涿,1
2079,承,3357,灰,1
2079,承,4546,缀,1
2079,承,4731,肛,1
2079,承,5744,豕,1
2079,承,6091,逶,1
2080,技,2102,披,1
2080,技,2364,救,1
2081,抃,2112,拃,1
2082,抄,2059,扔,1
2083,抉,1052,块,1
2083,抉,1829,快,1
2083,抉,2064,执,1
2083,抉,2093,抚,1
2083,抉,2147,拱,1
2083,抉,2166,挝,1
2083,抉,2188,捉,1
2084,把,358,兆,1
2084,把,2055,扎,1
2084,把,2069,扭,1
2084,把,2096,抠,1
2084,把,2097,抡,1
2084,把,2116,拇,1
2084,把,2132,招,1
2085,抑,2077,扼,1
2085,抑,2177,挪,1
2085,抑,2178,挫,1
2085,抑,2262,揶,1
2086,抒,1047,坍,1
2086,抒,2059,扔,1
2086,抒,2186,捅,1
2087,抓,1049,坏,1
2087,抓,1073,坼,1
2087,抓,1385,孤,1
2087,抓,2076,扺,1
2087,抓,2091,抗,1
2087,抓,2105,抵,1
2087,抓,2110,抿,1
2087,抓,2179,振,1
2087,抓,3476,爪,1
2087,抓,3541,狐,1
2088,抔,2115,拆,1
2088,抔,3538,狉,1
2089,投,1778,役,1
2089,投,2102,披,1
2089,投,2197,损,1
2089,投,2199,换,1
2089,投,2364,救,1
2089,投,2603,枳,1
2089,投,2887,殴,1
2089,投,3504,牧,1
2089,投,5621,设,1
2090,抖,2387,料,1
2090,抖,3369,炒,1
2090,抖,4181,种,1
2091,抗,2061,扛,1
2091,抗,2087,抓,1
2091,抗,2093,抚,1
2091,抗,2097,抡,1
2091,抗,2113,拄,1
2091,抗,2135,拢,1
2091,抗,2143,括,1
2091,抗,2160,按,1
2091,抗,2578,松,1
2091,抗,3622,玩,1
2092,折,1835,忻,1
2092,折,2060,托,1
2092,折,2063,扦,1
2092,折,2131,拚,1
2092,折,2140,拧,1
2092,折,2396,斩,1
2093,抚,2183,挽,1
2094,抛,1069,坳,1
2095,抟,2078,找,1
2095,抟,2145,拮,1
2096,抠,2124,拒,1
2096,抠,2167,挞,1
2097,抡,1253,妊,1
2097,抡,2104,抱,1
2097,抡,2112,拃,1
2097,抡,2127,拖,1
2097,抡,2198,捡,1
2097,抡,2565,杧,1
2097,抡,5022,茏,1
2098,抢,1383,孢,1
2098,抢,2197,损,1
2098,抢,2210,捻,1
2098,抢,2636,栀,1
2098,抢,5022,茏,1
2099,护,2068,扬,1
2099,护,2070,扮,1
2099,护,2101,抨,1
2099,护,2172,挣,1
2100,报,1066,坫,1
2100,报,2104,抱,1
2100,报,2108,押,1
2100,报,2132,招,1
2100,报,2526,服,1
2100,报,2580,极,1
2100,报,2660,根,1
2101,抨,2108,押,1
2101,抨,2120,拌,1
2101,抨,2207,捶,1
2101,抨,2299,摔,1
2101,抨,2602,枰,1
2102,披,2089,投,1
2102,披,2109,抽,1
2102,披,2197,损,1
2102,披,2211,掀,1
2102,披,2268,搁,1
2102,披,4413,粳,1
2103,抬,822,哲,1
2103,抬,2119,拊,1
2103,抬,2121,拍,1
2103,抬,2139,拦,1
2103,抬,2143,括,1
2103,抬,2158,指,1
2103,抬,2184,捂,1
2103,抬,3507,牯,1
2103,抬,4401,粘,1
2104,抱,2069,扭,1
2104,抱,2084,把,1
2104,抱,2097,抡,1
2104,抱,2181,挹,1
2104,抱,2183,挽,1
2104,抱,2188,捉,1
2104,抱,4931,艳,1
2105,抵,191,低,1
2105,抵,2096,抠,1
2105,抵,2119,拊,1
2105,抵,2644,栎,1
2105,抵,3541,狐,1
2106,抹,2120,拌,1
2106,抹,2712,梾,1
2107,抻,2108,押,1
2107,抻,2109,抽,1
2108,押,1047,坍,1
2108,押,2063,扦,1
2108,押,2174,挥,1
2108,押,2273,搏,1
2108,押,2619,柙,1
2109,抽,1108,城,1
2109,抽,2071,扯,1
2109,抽,2097,抡,1
2109,抽,2099,护,1
2109,抽,2107,抻,1
2109,抽,2116,拇,1
2109,抽,2121,拍,1
2109,抽,5972,轴,1
2110,抿,1306,娓,1
2110,抿,2077,扼,1
2110,抿,2100,报,1
2110,抿,2179,振,1
2110,抿,2718,棍,1
2110,抿,3729,瓻,1
2111,拂,2197,损,1
2111,拂,3010,沸,1
2112,拃,2623,柞,1
2113,拄,2060,托,1
2113,拄,2097,抡,1
2113,拄,2118,拉,1
2113,拄,2207,捶,1
2113,拄,5982,轾,1
2114,担,17,世,1
2114,担,2067,扫,1
2114,担,2139,拦,1
2114,担,3814,疽,1
2114,担,4400,粗,1
2114,担,6047,迦,1
2115,拆,1065,坪,1
2115,拆,2059,扔,1
2115,拆,2073,扳,1
2115,拆,2081,抃,1
2115,拆,2119,拊,1
2115,拆,2140,拧,1
2116,拇,1070,坶,1
2116,拇,2109,抽,1
2116,拇,2138,拥,1
2116,拇,2219,掏,1
2117,拈,237,侦,1
2117,拈,1066,坫,1
2117,拈,1859,怡,1
2117,拈,2091,抗,1
2117,拈,2132,招,1
2117,拈,2160,按,1
2117,拈,2578,松,1
2117,拈,4401,粘,1
2118,拉,2122,拎,1
2118,拉,2143,括,1
2120,拌,581,半,1
2120,拌,2069,扭,1
2120,拌,2101,抨,1
2120,拌,4940,芈,1
2121,拍,1044,均,1
2121,拍,1081,垍,1
2121,拍,1269,妯,1
2121,拍,2096,抠,1
2121,拍,2098,抢,1
2121,拍,2119,拊,1
2121,拍,2129,拘,1
2121,拍,2186,捅,1
2121,拍,2612,柏,1
2121,拍,4399,粕,1
2122,拎,182,伶,1
2122,拎,1856,怜,1
2122,拎,2070,扮,1
2122,拎,2103,抬,1
2122,拎,2113,拄,1
2122,拎,2118,拉,1
2122,拎,2149,拴,1
2122,拎,2228,控,1
2122,拎,2609,柃,1
2122,拎,3030,泛,1
2122,拎,4706,聆,1
2123,拐,2070,扮,1
2123,拐,2190,捌,1
2123,拐,2258,揭,1
2124,拒,565,匡,1
2124,拒,2077,扼,1
2124,拒,2084,把,1
2124,拒,2118,拉,1
2124,拒,2121,拍,1
2124,拒,2132,招,1
2124,拒,2139,拦,1
2125,拓,1247,如,1
2125,拓,2185,捃,1
2125,拓,2220,掐,1
2126,拔,2073,扳,1
2126,拔,2102,披,1
2126,拔,2103,抬,1
2127,拖,1036,地,1
2127,拖,2097,抡,1
2127,拖,2098,抢,1
2127,拖,2167,挞,1
2128,拗,2262,揶,1
2128,拗,2281,搠,1
2129,拘,2068,扬,1
2129,拘,2069,扭,1
2129,拘,2581,构,1
2129,拘,2607,枸,1
2129,拘,3543,狗,1
2130,拙,17,世,1
2130,拙,1036,地,1
2130,拙,2075,批,1
2130,拙,2178,挫,1
2130,拙,2184,捂,1
2130,拙,2187,捆,1
2130,拙,2255,揣,1
2132,招,2059,扔,1
2132,招,2071,扯,1
2132,招,2110,抿,1
2132,招,2121,拍,1
2132,招,2143,括,1
2132,招,2145,拮,1
2132,招,2769,榀,1
2132,招,3579,猡,1
2133,拜,57,乒,1
2133,拜,2602,枰,1
2133,拜,4208,稗,1
2133,拜,4458,纤,1
2133,拜,6328,钾,1
2133,拜,6444,锺,1
2134,拟,2071,扯,1
2134,拟,2075,批,1
2135,拢,2091,抗,1
2135,拢,2153,拽,1
2135,拢,2312,撇,1
2135,拢,5098,莪,1
2136,拣,2106,抹,1
2136,拣,2139,拦,1
2136,拣,2156,持,1
2136,拣,2157,挂,1
2136,拣,2161,挎,1
2136,拣,2224,掠,1
2136,拣,2273,搏,1
2136,拣,2642,栋,1
2136,拣,2644,栎,1
2137,拤,2074,扶,1
2137,拤,2076,扺,1
2138,拥,2085,抑,1
2138,拥,2104,抱,1
2138,拥,2108,押,1
2138,拥,2187,捆,1
2138,拥,2273,搏,1
2138,拥,2676,桐,1
2139,拦,1075,垃,1
2139,拦,2118,拉,1
2139,拦,2228,控,1
2140,拧,2058,打,1
2140,拧,2108,押,1
2140,拧,2275,搒,1
2140,拧,2551,杉,1
2140,拧,3498,牛,1
2141,拨,2080,技,1
2142,择,1871,怿,1
2142,择,2090,抖,1
2142,择,2172,挣,1
2142,择,2173,挤,1
2142,择,2175,挦,1
2142,择,2282,搡,1
2142,择,2299,摔,1
2142,择,4498,绎,1
2143,括,1090,垢,1
2143,括,2105,抵,1
2143,括,2160,按,1
2143,括,2185,捃,1
2143,括,2194,捐,1
2143,括,2551,杉,1
2143,括,2567,杩,1
2143,括,2793,槎,1
2144,拭,1118,域,1
2144,拭,2090,抖,1
2145,拮,2184,捂,1
2145,拮,2216,掊,1
2145,拮,2231,措,1
2145,拮,3513,牿,1
2146,拯,2067,扫,1
2146,拯,2130,拙,1
2146,拯,2182,挺,1
2146,拯,2583,枉,1
2146,拯,2678,桓,1
2146,拯,2767,楹,1
2146,拯,3409,热,1
2147,拱,232,供,1
2147,拱,2074,扶,1
2147,拱,2139,拦,1
2147,拱,2145,拮,1
2147,拱,2169,挠,1
2147,拱,2305,摸,1
2147,拱,2324,撰,1
2147,拱,2717,棋,1
2148,拳,1461,寿,1
2148,拳,1671,幸,1
2148,拳,2673,桊,1
2148,拳,4669,考,1
2149,拴,2070,扮,1
2149,拴,2118,拉,1
2149,拴,2139,拦,1
2149,拴,2157,挂,1
2149,拴,2178,挫,1
2149,拴,2207,捶,1
2149,拴,2214,授,1
2149,拴,2228,控,1
2149,拴,2688,桧,1
2149,拴,5985,辁,1
2151,拷,1151,塆,1
2151,拷,1946,惨,1
2151,拷,2086,抒,1
2151,拷,2095,抟,1
2151,拷,2143,括,1
2151,拷,2161,挎,1
2151,拷,2189,捋,1
2151,拷,2240,掺,1
2151,拷,2275,搒,1
2151,拷,2286,搭,1
2151,拷,2692,桴,1
2151,拷,2711,梽,1
2151,拷,4669,考,1
2152,拼,2171,挢,1
2152,拼,2172,挣,1
2152,拼,2278,搛,1
2153,拽,2130,拙,1
2154,拾,1125,培,1
2154,拾,2070,扮,1
2154,拾,2097,抡,1
2154,拾,2103,抬,1
2154,拾,2121,拍,1
2154,拾,2132,招,1
2154,拾,2143,括,1
2154,拾,2158,指,1
2154,拾,2252,揞,1
2154,拾,2661,格,1
2154,拾,4685,耠,1
2155,拿,77,争,1
2155,拿,4306,等,1
2155,拿,4436,系,1
2156,持,2157,挂,1
2156,持,2201,捧,1
2156,持,2218,掎,1
2156,持,2602,枰,1
2156,持,2736,椅,1
2156,持,3510,特,1
2157,挂,2106,抹,1
2157,挂,2118,拉,1
2157,挂,2139,拦,1
2157,挂,2160,按,1
2157,挂,2208,捷,1
2157,挂,3562,狺,1
2158,指,1066,坫,1
2158,指,1380,孜,1
2158,指,2117,拈,1
2158,指,2121,拍,1
2158,指,2154,拾,1
2158,指,2156,持,1
2158,指,2231,措,1
2158,指,2797,槛,1
2158,指,5657,诣,1
2160,按,2109,抽,1
2160,按,2153,拽,1
2160,按,2227,接,1
2160,按,2228,控,1
2160,按,4520,绥,1
2160,按,7065,鹅,1
2161,挎,1098,垮,1
2161,挎,1216,夸,1
2161,挎,2140,拧,1
2161,挎,2156,持,1
2161,挎,2329,撼,1
2161,挎,2736,椅,1
2162,挑,2221,排,1
2163,挖,1103,垸,1
2163,挖,2139,拦,1
2163,挖,2181,挹,1
2164,挚,2142,择,1
2165,挛,101,享,1
2165,挛,1557,峦,1
2165,挛,1751,弯,1
2165,挛,3606,率,1
2165,挛,4319,筝,1
2165,挛,4406,粢,1
2166,挝,2134,拟,1
2166,挝,2167,挞,1
2166,挝,3658,琎,1
2167,挞,1250,妆,1
2167,挞,2130,拙,1
2167,挞,2166,挝,1
2167,挞,4752,肽,1
2168,挟,2199,换,1
2168,挟,2208,捷,1
2168,挟,2288,携,1
2168,挟,3552,狭,1
2168,挟,5106,获,1
2168,挟,5974,轶,1
2169,挠,236,侥,1
2169,挠,2157,挂,1
2169,挠,2163,挖,1
2169,挠,2208,捷,1
2169,挠,2668,桄,1
2169,挠,3090,浇,1
2169,挠,4801,脑,1
2170,挡,2095,抟,1
2170,挡,2102,披,1
2170,挡,2184,捂,1
2170,挡,2190,捌,1
2170,挡,2228,控,1
2170,挡,2248,描,1
2170,挡,3649,珰,1
2171,挢,1301,娇,1
2172,挣,196,何,1
2172,挣,1466,尊,1
2172,挣,2101,抨,1
2172,挣,2142,择,1
2172,挣,2273,搏,1
2173,挤,2131,拚,1
2173,挤,2152,拼,1
2173,挤,2194,捐,1
2173,挤,2224,掠,1
2173,挤,2661,格,1
2173,挤,2902,毖,1
2174,挥,2142,择,1
2174,挥,2156,持,1
2174,挥,2175,挦,1
2174,挥,2191,捍,1
2174,挥,2215,掉,1
2174,挥,2225,探,1
2174,挥,2299,摔,1
2174,挥,2658,样,1
2174,挥,2837,檫,1
2175,挦,2189,捋,1
2175,挦,3592,猾,1
2176,挨,1048,坎,1
2176,挨,2147,拱,1
2176,挨,2249,提,1
2176,挨,2305,摸,1
2176,挨,3563,狻,1
2177,挪,2085,抑,1
2177,挪,2315,撕,1
2177,挪,2747,椰,1
2178,挫,2104,抱,1
2178,挫,2113,拄,1
2178,挫,2146,拯,1
2178,挫,2149,拴,1
2178,挫,2225,探,1
2178,挫,3508,牲,1
2178,挫,6413,错,1
2179,振,2183,挽,1
2179,振,2199,换,1
2179,振,2608,柁,1
2179,振,3692,瑰,1
2180,挲,1305,娑,1
2180,挲,3276,滹,1
2181,挹,2104,抱,1
2181,挹,2251,揖,1
2181,挹,2267,搀,1
2181,挹,4931,艳,1
2182,挺,1109,埏,1
2182,挺,2105,抵,1
2182,挺,2167,挞,1
2182,挺,2384,斑,1
2183,挽,1313,娩,1
2183,挽,2091,抗,1
2183,挽,2104,抱,1
2183,挽,2163,挖,1
2183,挽,2197,损,1
2183,挽,2210,捻,1
2183,挽,2267,搀,1
2183,挽,2270,搅,1
2183,挽,2709,梳,1
2184,捂,2095,抟,1
2184,捂,2124,拒,1
2184,捂,2231,措,1
2184,捂,2286,搭,1
2184,捂,3576,猜,1
2184,捂,5084,莅,1
2184,捂,5152,营,1
2185,捃,2204,据,1
2185,捃,2208,捷,1
2186,捅,254,俑,1
2186,捅,2138,拥,1
2186,捅,2258,揭,1
2186,捅,2758,楠,1
2187,捆,2116,拇,1
2187,捆,2174,挥,1
2187,捆,2219,掏,1
2187,捆,2599,枫,1
2188,捉,247,促,1
2188,捉,2197,损,1
2188,捉,2715,棂,1
2188,捉,2755,楚,1
2188,捉,3424,焚,1
2188,捉,5077,荮,1
2188,捉,6056,迷,1
2189,捋,2327,撸,1
2189,捋,2692,桴,1
2191,捍,1908,悍,1
2191,捍,2108,押,1
2191,捍,2174,挥,1
2191,捍,2193,捏,1
2191,捍,3582,猩,1
2192,捎,2121,拍,1
2192,捎,2195,捕,1
2192,捎,2220,掐,1
2192,捎,2231,措,1
2192,捎,2234,掮,1
2192,捎,2248,描,1
2192,捎,2300,摘,1
2192,捎,2702,梢,1
2193,捏,2078,找,1
2194,捐,1071,坷,1
2194,捐,1309,娟,1
2194,捐,2158,指,1
2194,捐,2186,捅,1
2194,捐,2197,损,1
2194,捐,2234,掮,1
2194,捐,2258,揭,1
2194,捐,2694,桷,1
2194,捐,2738,植,1
2194,捐,3560,狷,1
2195,捕,1108,城,1
2195,捕,1111,埔,1
2195,捕,2158,指,1
2195,捕,2192,捎,1
2196,捞,2111,拂,1
2196,捞,2275,搒,1
2196,捞,2838,檬,1
2196,捞,4686,耢,1
2197,损,1115,埙,1
2197,损,2305,摸,1
2197,损,6714,顶,1
2198,捡,2104,抱,1
2198,捡,4331,简,1
2198,捡,5842,趁,1
2198,捡,6218,酱,1
2199,换,2093,抚,1
2199,换,2134,拟,1
2199,换,2160,按,1
2199,换,2168,挟,1
2199,换,2224,掠,1
2199,换,3595,獏,1
2200,捣,532,势,1
2200,捣,2116,拇,1
2200,捣,2189,捋,1
2200,捣,2283,搦,1
2201,捧,2157,挂,1
2201,捧,2172,挣,1
2201,捧,2299,摔,1
2201,捧,5991,辇,1
2202,捩,2179,振,1
2202,捩,2199,换,1
2203,捭,1120,埤,1
2203,捭,2189,捋,1
2203,捭,2239,掸,1
2204,据,2096,抠,1
2204,据,2185,捃,1
2204,据,2212,掂,1
2204,据,2223,掘,1
2204,据,2291,摁,1
2206,捱,2254,握,1
2207,捶,2201,捧,1
2207,捶,2655,株,1
2208,捷,2127,拖,1
2209,捺,2149,拴,1
2209,捺,2156,持,1
2209,捺,2201,捧,1
2209,捺,2233,掭,1
2209,捺,2289,搽,1
2209,捺,2308,摽,1
2209,捺,3558,狳,1
2210,捻,2711,梽,1
2211,掀,2085,抑,1
2211,掀,2222,掖,1
2211,掀,2257,揪,1
2211,掀,2266,揿,1
2211,掀,2315,撕,1
2211,掀,2364,救,1
2211,掀,2632,柳,1
2211,掀,3491,版,1
2212,掂,1090,垢,1
2212,掂,2158,指,1
2212,掂,2288,携,1
2213,掇,2200,捣,1
2213,掇,2292,摄,1
2213,掇,2323,撮,1
2213,掇,3927,盥,1
2213,掇,5520,裰,1
2214,授,2141,拨,1
2214,授,2224,掠,1
2215,掉,2060,托,1
2215,掉,2073,扳,1
2215,掉,2107,抻,1
2215,掉,2172,挣,1
2215,掉,2333,操,1
2216,掊,2145,拮,1
2216,掊,2252,揞,1
2216,掊,2296,摈,1
2217,掌,1652,常,1
2217,掌,2723,棠,1
2217,掌,2819,橐,1
2217,掌,5071,荨,1
2218,掎,2151,拷,1
2218,掎,2161,挎,1
2218,掎,2189,捋,1
2218,掎,2736,椅,1
2219,掏,2104,抱,1
2219,掏,2237,掴,1
2219,掏,3407,烫,1
2219,掏,6597,陶,1
2220,掐,2186,捅,1
2220,掐,2250,插,1
2220,掐,2680,桕,1
2220,掐,6708,韬,1
2221,排,2111,拂,1
2221,排,2162,挑,1
2221,排,2211,掀,1
2222,掖,1177,墩,1
2222,掖,2214,授,1
2222,掖,2319,撤,1
2222,掖,4420,糇,1
2223,掘,2188,捉,1
2223,掘,2204,据,1
2223,掘,2254,握,1
2223,掘,2296,摈,1
2223,掘,3582,猩,1
2223,掘,6723,顿,1
2224,掠,1934,惊,1
2224,掠,2063,扦,1
2224,掠,2089,投,1
2224,掠,2091,抗,1
2224,掠,2136,拣,1
2224,掠,2140,拧,1
2224,掠,2209,捺,1
2224,掠,2245,揉,1
2224,掠,2317,撙,1
2224,掠,2735,椁,1
2225,探,2142,择,1
2225,探,2176,挨,1
2225,探,2224,掠,1
2225,探,2233,掭,1
2225,探,2294,摆,1
2225,探,2301,摞,1
2225,探,2323,撮,1
2225,探,2333,操,1
2225,探,2730,棵,1
2226,掣,2159,挈,1
2227,接,1125,培,1
2227,接,2097,抡,1
2227,接,2160,按,1
2227,接,2214,授,1
2227,接,2216,掊,1
2227,接,2224,掠,1
2227,接,2261,援,1
2227,接,2269,搂,1
2227,接,2295,摇,1
2227,接,2296,摈,1
2228,控,1751,弯,1
2228,控,2091,抗,1
2228,控,2118,拉,1
2228,控,2247,揎,1
2228,控,2254,握,1
2228,控,3690,瑢,1
2229,推,1131,堆,1
2229,推,2112,拃,1
2229,推,2113,拄,1
2229,推,2206,捱,1
2229,推,2297,摊,1
2229,推,2328,撺,1
2229,推,2739,椎,1
2230,掩,1122,埯,1
2230,掩,1575,崦,1
2230,掩,2183,挽,1
2230,掩,2243,揄,1
2231,措,2103,抬,1
2231,措,2151,拷,1
2231,措,2178,挫,1
2231,措,2194,捐,1
2231,措,2307,摺,1
2231,措,2762,楮,1
2231,措,3570,猎,1
2232,掬,2116,拇,1
2235,掰,2384,斑,1
2235,掰,6018,辫,1
2236,掳,2212,掂,1
2236,掳,2275,搒,1
2236,掳,3665,琥,1
2238,掷,2085,抑,1
2238,掷,2232,掬,1
2238,掷,2316,撖,1
2238,掷,2709,梳,1
2239,掸,1087,垟,1
2239,掸,1326,婢,1
2239,掸,2136,拣,1
2239,掸,2308,摽,1
2239,掸,2317,撙,1
2239,掸,2658,样,1
2239,掸,2737,椋,1
2240,掺,640,参,1
2240,掺,1946,惨,1
2240,掺,2551,杉,1
2242,掾,2750,椽,1
2243,揄,6859,骊,1
2244,揆,2178,挫,1
2245,揉,2086,抒,1
2245,揉,2101,抨,1
2245,揉,2262,揶,1
2246,揍,2201,捧,1
2246,揍,2269,搂,1
2246,揍,4186,租,1
2247,揎,2332,擅,1
2247,揎,2760,楦,1
2248,描,905,喵,1
2248,描,2195,捕,1
2248,描,2231,措,1
2248,描,2256,揩,1
2248,描,2787,榴,1
2249,提,2179,振,1
2249,提,2193,捏,1
2249,提,2291,摁,1
2249,提,2730,棵,1
2249,提,5999,辏,1
2250,插,297,倭,1
2250,插,2171,挢,1
2250,插,2220,掐,1
2250,插,2322,播,1
2250,插,2620,柚,1
2250,插,6708,韬,1
2251,揖,2295,摇,1
2252,揞,2158,指,1
2252,揞,2231,措,1
2252,揞,2280,搞,1
2252,揞,2332,擅,1
2253,揠,1146,堰,1
2254,握,2204,据,1
2254,握,2271,搋,1
2254,握,2276,搓,1
2254,握,2284,搪,1
2254,握,2678,桓,1
2254,握,3588,猴,1
2255,揣,239,侨,1
2255,揣,2186,捅,1
2255,揣,2248,描,1
2256,揩,2121,拍,1
2256,揩,2248,描,1
2256,揩,2289,搽,1
2256,揩,2302,摧,1
2256,揩,2765,楷,1
2257,揪,37,丶,1
2257,揪,2087,抓,1
2257,揪,2285,搬,1
2257,揪,3556,狱,1
2258,揭,2192,捎,1
2258,揭,2194,捐,1
2258,揭,2248,描,1
2258,揭,2249,提,1
2258,揭,2251,揖,1
2258,揭,2265,揾,1
2258,揭,2767,楹,1
2258,揭,7065,鹅,1
2259,揲,1141,堞,1
2259,揲,2189,捋,1
2259,揲,2308,摽,1
2260,揳,2753,楔,1
2261,援,1338,媛,1
2261,援,2292,摄,1
2261,援,2659,核,1
2262,揶,2316,撖,1
2262,揶,5850,趣,1
2263,揸,2752,楂,1
2264,揽,2183,挽,1
2264,揽,2771,榄,1
2265,揾,1339,媪,1
2265,揾,2277,搔,1
2266,揿,2326,撷,1
2266,揿,2847,欷,1
2267,搀,2091,抗,1
2267,搀,2171,挢,1
2267,搀,2183,挽,1
2267,搀,2210,捻,1
2267,搀,2342,擦,1
2268,搁,3844,痼,1
2269,搂,2130,拙,1
2269,搂,2227,接,1
2269,搂,2601,枯,1
2269,搂,2768,楼,1
2269,搂,4689,耧,1
2271,搋,2284,搪,1
2273,搏,2156,持,1
2273,搏,2187,捆,1
2273,搏,2195,捕,1
2274,搐,2234,掮,1
2274,搐,2255,揣,1
2274,搐,2332,擅,1
2275,搒,2236,掳,1
2276,搓,1596,嵯,1
2276,搓,2091,抗,1
2276,搓,2139,拦,1
2276,搓,2231,措,1
2277,搔,2324,撰,1
2277,搔,6873,骚,1
2279,搜,1105,埃,1
2279,搜,2095,抟,1
2279,搜,2102,披,1
2279,搜,2260,揳,1
2279,搜,2331,擂,1
2279,搜,6446,锼,1
2280,搞,2125,拓,1
2280,搞,2255,揣,1
2280,搞,2274,搐,1
2280,搞,2327,撸,1
2280,搞,3521,犒,1
2280,搞,4219,稿,1
2282,搡,2273,搏,1
2282,搡,2289,搽,1
2283,搦,3246,溺,1
2284,搪,910,喾,1
2284,搪,2125,拓,1
2284,搪,2212,掂,1
2284,搪,2288,携,1
2284,搪,2304,摭,1
2284,搪,4426,糖,1
2285,搬,2748,椴,1
2285,搬,3333,濉,1
2285,搬,4431,糠,1
2286,搭,1155,塔,1
2286,搭,2151,拷,1
2286,搭,2302,摧,1
2286,搭,6024,达,1
2288,携,2213,掇,1
2288,携,2327,撸,1
2288,携,6135,邪,1
2289,搽,1105,埃,1
2289,搽,2106,抹,1
2289,搽,2136,拣,1
2289,搽,2320,撩,1
2289,搽,2838,檬,1
2290,搿,3572,猕,1
2291,摁,2249,提,1
2291,摁,2335,擐,1
2292,摄,2213,掇,1
2292,摄,2322,播,1
2292,摄,3265,滠,1
2293,摅,2236,掳,1
2293,摅,5833,赪,1
2294,摆,2151,拷,1
2294,摆,2158,指,1
2294,摆,2291,摁,1
2294,摆,2295,摇,1
2294,摆,2335,擐,1
2294,摆,2346,攘,1
2295,摇,2127,拖,1
2295,摇,2218,掎,1
2295,摇,2688,桧,1
2296,摈,1159,填,1
2296,摈,2073,扳,1
2296,摈,2157,挂,1
2296,摈,2199,换,1
2296,摈,2202,捩,1
2296,摈,2228,控,1
2296,摈,2246,揍,1
2297,摊,2162,挑,1
2297,摊,2182,挺,1
2297,摊,2221,排,1
2297,摊,2229,推,1
2297,摊,6621,雄,1
2297,摊,6625,雉,1
2297,摊,6626,雌,1
2299,摔,1929,悻,1
2299,摔,1951,惮,1
2299,摔,2172,挣,1
2299,摔,2191,捍,1
2299,摔,2215,掉,1
2299,摔,2227,接,1
2299,摔,2228,控,1
2299,摔,2330,擀,1
2299,摔,3577,猝,1
2300,摘,1169,墒,1
2300,摘,2158,指,1
2300,摘,5834,赫,1
2301,摞,2258,揭,1
2302,摧,2270,搅,1
2302,摧,2344,攉,1
2302,摧,2783,榨,1
2302,摧,2788,榷,1
2302,摧,3696,璀,1
2303,摩,1683,序,1
2303,摩,1697,庤,1
2303,摩,1705,康,1
2303,摩,4113,磨,1
2304,摭,2222,掖,1
2305,摸,1361,嫫,1
2305,摸,1388,孩,1
2305,摸,2104,抱,1
2305,摸,2169,挠,1
2305,摸,2199,换,1
2305,摸,2248,描,1
2305,摸,2804,槿,1
2305,摸,2811,横,1
2306,摹,2287,搴,1
2306,摹,4451,纂,1
2306,摹,5180,葺,1
2306,摹,5181,蒂,1
2306,摹,5201,蓁,1
2306,摹,5208,蓐,1
2308,摽,2313,撑,1
2310,撄,2348,攫,1
2310,撄,2813,樱,1
2311,撅,3598,獗,1
2313,撑,296,倬,1
2313,撑,1560,峪,1
2313,撑,2113,拄,1
2313,撑,2156,持,1
2313,撑,2174,挥,1
2313,撑,2215,掉,1
2313,撑,2273,搏,1
2313,撑,2308,摽,1
2313,撑,2328,撺,1
2313,撑,2775,榉,1
2314,撒,347,儆,1
2314,撒,2315,撕,1
2314,撒,2316,撖,1
2314,撒,2326,撷,1
2314,撒,2339,擞,1
2314,撒,2372,散,1
2315,撕,2330,擀,1
2315,撕,3319,澌,1
2316,撖,2319,撤,1
2317,撙,2815,樽,1
2318,撞,2095,抟,1
2318,撞,2139,拦,1
2318,撞,2157,挂,1
2318,撞,2207,捶,1
2318,撞,2321,撬,1
2318,撞,2332,擅,1
2318,撞,2808,樟,1
2319,撤,2073,扳,1
2319,撤,2222,掖,1
2319,撤,2283,搦,1
2319,撤,2311,撅,1
2319,撤,2314,撒,1
2319,撤,6009,辙,1
2320,撩,2218,掎,1
2320,撩,2269,搂,1
2320,撩,2275,搒,1
2320,撩,2329,撼,1
2322,播,1664,幡,1
2322,播,2241,掼,1
2322,播,2274,搐,1
2323,撮,2241,掼,1
2323,撮,2251,揖,1
2323,撮,2276,搓,1
2324,撰,966,噀,1
2325,撵,2174,挥,1
2325,撵,3276,滹,1
2325,撵,3302,潜,1
2325,撵,4110,磔,1
2326,撷,6751,颞,1
2328,撺,2288,携,1
2329,撼,2291,摁,1
2329,撼,2801,槭,1
2331,擂,2248,描,1
2331,擂,2279,搜,1
2331,擂,2332,擅,1
2331,擂,2344,攉,1
2331,擂,4442,累,1
2331,擂,4725,肋,1
2332,擅,2118,拉,1
2332,擅,2247,揎,1
2332,擅,2318,撞,1
2332,擅,2344,攉,1
2333,操,2189,捋,1
2333,操,2239,掸,1
2333,操,2259,揲,1
2333,操,2325,撵,1
2333,操,2768,楼,1
2333,操,3469,燥,1
2333,操,3517,犊,1
2333,操,3587,猱,1
2334,擎,2159,挈,1
2334,擎,2217,掌,1
2334,擎,2338,擘,1
2334,擎,3555,狰,1
2334,擎,4443,絮,1
2334,擎,4723,肇,1
2334,擎,5239,蕈,1
2334,擎,6875,骜,1
2336,擒,2189,捋,1
2336,擒,2274,搐,1
2336,擒,2327,撸,1
2336,擒,2831,檎,1
2338,擘,1364,嬖,1
2338,擘,2934,氧,1
2338,擘,6271,鐾,1
2339,擞,1177,墩,1
2339,擞,2266,揿,1
2339,擞,2319,撤,1
2340,擢,2302,摧,1
2342,擦,2228,控,1
2342,擦,2282,搡,1
2342,擦,2317,撙,1
2343,攀,1954,想,1
2344,攉,2331,擂,1
2345,攒,2241,掼,1
2345,攒,2264,揽,1
2346,攘,2261,援,1
2346,攘,2288,携,1
2346,攘,2311,撅,1
2346,攘,2349,攮,1
2348,攫,2279,搜,1
2349,攮,2321,撬,1
2350,支,1721,廴,1
2350,支,5836,走,1
2351,攴,651,变,1
2352,攵,646,反,1
2352,攵,1240,女,1
2352,攵,4936,艾,1
2353,收,250,俊,1
2353,收,676,叹,1
2353,收,1060,坡,1
2353,收,3353,火,1
2353,收,3504,牧,1
2353,收,3529,状,1
2353,收,5631,诉,1
2353,收,5778,贮,1
2354,攸,5570,觖,1
2355,改,1380,孜,1
2355,改,2357,放,1
2355,改,2358,政,1
2355,改,2960,汝,1
2355,改,2962,江,1
2355,改,4460,约,1
2355,改,4879,致,1
2355,改,5607,议,1
2355,改,5618,论,1
2356,攻,1380,孜,1
2356,攻,2353,收,1
2356,攻,2355,改,1
2356,攻,2357,放,1
2356,攻,3623,玫,1
2357,放,648,叔,1
2357,放,2366,敖,1
2357,放,2846,欲,1
2357,放,4901,舨,1
2357,放,6788,饭,1
2357,放,7031,鸡,1
2358,政,701,吟,1
2358,政,719,吹,1
2358,政,1380,孜,1
2358,政,2355,改,1
2358,政,2365,敕,1
2358,政,2513,曲,1
2358,政,2845,欧,1
2358,政,4023,矽,1
2358,政,4879,致,1
2359,故,118,仅,1
2359,故,1041,圾,1
2359,故,2362,敌,1
2359,故,2843,欣,1
2359,故,2844,欤,1
2359,故,2960,汝,1
2359,故,4031,砍,1
2359,故,6555,队,1
2360,效,489,削,1
2360,效,2367,教,1
2360,效,2848,欸,1
2360,效,2893,毅,1
2360,效,4478,纹,1
2362,敌,72,乱,1
2362,敌,2353,收,1
2362,敌,2357,放,1
2362,敌,4879,致,1
2362,敌,6013,辞,1
2363,敏,2079,承,1
2363,敏,2355,改,1
2363,敏,2368,敛,1
2363,敏,2371,敢,1
2363,敏,2856,歌,1
2363,敏,4461,级,1
2364,救,1267,妫,1
2364,救,2134,拟,1
2364,救,2182,挺,1
2364,救,2192,捎,1
2364,救,2358,政,1
2364,救,2361,敉,1
2364,救,2362,敌,1
2364,救,2367,教,1
2364,救,2909,毯,1
2364,救,4395,籽,1
2365,敕,2364,救,1
2366,敖,2376,数,1
2366,敖,2592,枞,1
2366,敖,5263,薮,1
2366,敖,5319,蚣,1
2366,敖,6301,钣,1
2367,教,1957,惹,1
2367,教,2359,故,1
2367,教,2360,效,1
2367,教,2372,散,1
2367,教,2373,敦,1
2367,教,2847,欷,1
2367,教,2849,欹,1
2367,教,4879,致,1
2368,敛,2363,敏,1
2368,敛,2373,敦,1
2368,敛,4023,矽,1
2368,敛,5233,蔹,1
2368,敛,5774,贪,1
2368,敛,6299,钡,1
2369,敝,2361,敉,1
2369,敝,2375,敬,1
2369,敝,2606,枷,1
2369,敝,2849,欹,1
2369,敝,3331,激,1
2369,敝,3491,版,1
2370,敞,2376,数,1
2370,敞,2632,柳,1
2370,敞,3762,畋,1
2371,敢,648,叔,1
2371,敢,649,取,1
2371,敢,653,叛,1
2371,敢,2367,教,1
2371,敢,4039,砜,1
2371,敢,4879,致,1
2372,散,118,仅,1
2372,散,653,叛,1
2372,散,2359,故,1
2372,散,2366,敖,1
2372,散,5237,蔽,1
2372,散,5831,赦,1
2373,敦,2357,放,1
2373,敦,2360,效,1
2373,敦,4461,级,1
2375,敬,2366,敖,1
2375,敬,2370,敞,1
2375,敬,2377,敲,1
2375,敬,5068,荥,1
2375,敬,5126,菠,1
2375,敬,5237,蔽,1
2375,敬,5831,赦,1
2375,敬,6678,靸,1
2375,敬,6833,驭,1
2376,数,1317,娶,1
2376,数,1334,婺,1
2376,数,2366,敖,1
2376,数,3368,炎,1
2376,数,5263,薮,1
2376,数,5481,袁,1
2376,数,5776,贬,1
2376,数,6744,颗,1
2376,数,7148,鼓,1
2377,敲,2041,戽,1
2377,敲,2363,敏,1
2377,敲,3906,皲,1
2377,敲,5237,蔽,1
2378,整,1178,墼,1
2378,整,1992,憋,1
2378,整,1996,憝,1
2378,整,1998,憨,1
2378,整,2755,楚,1
2378,整,4109,磐,1
2378,整,5789,费,1
2378,整,7008,鳌,1
2378,整,7017,鳖,1
2379,敷,1215,夷,1
2379,敷,2376,数,1
2379,敷,4595,缴,1
2380,文,5,丈,1
2380,文,47,久,1
2380,文,374,六,1
2380,文,1372,孓,1
2380,文,1721,廴,1
2380,文,2401,方,1
2380,文,3481,父,1
2380,文,4172,离,1
2380,文,6021,辶,1
2381,斋,1730,弃,1
2381,斋,3484,爹,1
2381,斋,3770,畜,1
2381,斋,6710,音,1
2382,斌,1312,娥,1
2382,斌,4143,祜,1
2382,斌,5493,袢,1
2382,斌,5807,赋,1
2384,斑,1755,弼,1
2384,斑,3651,珽,1
2384,斑,5672,诳,1
2386,斗,32,丬,1
2386,斗,34,丰,1
2386,斗,578,升,1
2386,斗,673,叶,1
2386,斗,1739,引,1
2386,斗,3498,牛,1
2387,料,4182,科,1
2387,料,4679,耕,1
2388,斛,4489,绅,1
2389,斜,501,剥,1
2389,斜,2400,新,1
2389,斜,4469,纰,1
2389,斜,4756,胁,1
2389,斜,4894,舛,1
2389,斜,6311,钭,1
2390,斝,2338,擘,1
2390,斝,4614,罩,1
2390,斝,7150,鼙,1
2391,斟,2031,戡,1
2391,斟,2399,斯,1
2392,斡,4077,硷,1
2392,斡,5975,轷,1
2393,斤,4,万,1
2393,斤,113,什,1
2393,斤,2394,斥,1
2394,斥,119,仆,1
2394,斥,132,付,1
2394,斥,390,冂,1
2394,斥,1197,夕,1
2394,斥,2081,抃,1
2394,斥,5597,讣,1
2394,斥,6130,邝,1
2396,斩,2978,沂,1
2396,斩,4914,舸,1
2396,斩,5975,轷,1
2398,断,5838,赴,1
2398,断,6565,阶,1
2399,斯,541,勘,1
2399,斯,2446,昕,1
2399,斯,2585,析,1
2399,斯,5116,菇,1
2400,新,4135,祈,1
2400,新,6308,钪,1
2401,方,4,万,1
2401,方,82,亏,1
2401,方,83,云,1
2401,方,85,亓,1
2401,方,521,劣,1
2401,方,713,启,1
2401,方,1738,弓,1
2401,方,1820,志,1
2402,於,1749,弪,1
2402,於,2976,汾,1
2402,於,3368,炎,1
2402,於,3554,狯,1
2403,施,2411,旎,1
2403,施,3008,沲,1
2403,施,5868,跑,1
2403,施,6031,迎,1
2404,旁,103,亭,1
2404,旁,519,务,1
2404,旁,1378,孚,1
2404,旁,2908,毫,1
2404,旁,5130,菪,1
2405,旃,4918,艄,1
2405,旃,5984,辀,1
2405,旃,6633,雨,1
2406,旄,4108,磋,1
2407,旅,233,依,1
2407,旅,1744,张,1
2407,旅,2357,放,1
2407,旅,2411,旎,1
2407,旅,2412,族,1
2407,旅,3454,熟,1
2407,旅,3898,皎,1
2407,旅,5517,裤,1
2407,旅,6016,辨,1
2407,旅,6802,饻,1
2408,旆,2405,旃,1
2409,旋,1793,徒,1
2409,旋,2403,施,1
2409,旋,2407,旅,1
2409,旋,2415,旗,1
2409,旋,3153,淀,1
2409,旋,5629,识,1
2409,旋,5834,赫,1
2410,旌,2728,棰,1
2410,旌,5671,诲,1
2411,旎,2669,桅,1
2411,旎,4794,脆,1
2412,族,1142,堠,1
2412,族,1347,嫉,1
2412,族,2902,毖,1
2412,族,3139,涣,1
2412,族,5489,袒,1
2414,旖,2408,旆,1
2414,旖,3599,獠,1
2415,旗,4096,碰,1
2415,旗,6815,馊,1
2416,无,357,充,1
2416,无,1206,天,1
2416,无,2905,毛,1
2416,无,4668,老,1
2416,无,4951,芜,1
2417,既,3635,珉,1
2417,既,3953,眩,1
2417,既,5317,蚜,1
2417,既,5786,贶,1
2418,日,392,冈,1
2418,日,451,刃,1
2418,日,571,区,1
2418,日,2968,汪,1
2418,日,3890,白,1
2418,日,4231,空,1
2419,旦,1046,坌,1
2419,旦,3740,生,1
2419,旦,5457,血,1
2420,旧,646,反,1
2420,旧,1001,四,1
2420,旧,1003,回,1
2420,旧,2418,日,1
2420,旧,2512,曰,1
2420,旧,2966,汨,1
2420,旧,3039,泪,1
2420,旧,3814,疽,1
2420,旧,4490,细,1
2421,旨,1518,岁,1
2421,旨,2443,昏,1
2421,旨,3891,百,1
2422,早,401,军,1
2422,早,4275,竿,1
2422,早,4606,罕,1
2423,旬,184,伺,1
2423,旬,553,匈,1
2423,旬,556,匐,1
2423,旬,4897,舟,1
2423,旬,5656,询,1
2424,旭,518,加,1
2424,旭,1251,妇,1
2424,旭,1252,妈,1
2424,旭,3544,狙,1
2424,旭,3934,相,1
2424,旭,6796,饵,1
2425,旮,2573,杳,1
2425,旮,3891,百,1
2425,旮,4796,脊,1
2426,旯,2464,晃,1
2428,旱,726,呈,1
2429,旴,2431,旷,1
2429,旴,3756,町,1
2430,时,673,叶,1
2430,时,678,叼,1
2430,时,762,咐,1
2430,时,1819,忖,1
2430,时,4730,肚,1
2430,时,6198,酎,1
2430,时,6572,附,1
2431,旷,2439,昉,1
2431,旷,3940,眇,1
2431,旷,4766,胙,1
2431,旷,6200,酐,1
2432,旸,3614,玚,1
2432,旸,3615,玛,1
2432,旸,4735,肠,1
2433,旺,2454,昭,1
2433,旺,3638,珏,1
2433,旺,3943,眊,1
2433,旺,3952,眨,1
2433,旺,4730,肚,1
2433,旺,4760,胆,1
2433,旺,6137,邮,1
2434,旻,1200,多,1
2435,昀,861,啕,1
2435,昀,2442,明,1
2435,昀,2466,晌,1
2435,昀,2527,朐,1
2435,昀,5777,购,1
2436,昂,1128,埽,1
2436,昂,1642,帛,1
2436,昂,2441,昌,1
2436,昂,4305,筇,1
2436,昂,4674,而,1
2436,昂,6642,需,1
2437,昃,2480,晨,1
2437,昃,4608,罘,1
2438,昆,1487,尼,1
2438,昆,2463,晁,1
2438,昆,2920,民,1
2438,昆,4927,艮,1
2438,昆,5618,论,1
2438,昆,6921,鬼,1
2438,昆,7142,黾,1
2439,昉,2454,昭,1
2439,昉,2461,昽,1
2439,昉,3762,畋,1
2439,昉,3936,盼,1
2439,昉,4788,胶,1
2440,昊,2428,旱,1
2440,昊,3358,灵,1
2440,昊,4877,臭,1
2441,昌,52,乌,1
2441,昌,695,吕,1
2441,昌,736,员,1
2441,昌,1723,廷,1
2441,昌,1857,思,1
2441,昌,1922,悬,1
2441,昌,4758,胃,1
2441,昌,4759,胄,1
2441,昌,4883,舀,1
2441,昌,6832,马,1
2441,昌,7029,鸟,1
2442,明,681,吃,1
2442,明,701,吟,1
2442,明,2433,旺,1
2442,明,2527,朐,1
2442,明,4772,胡,1
2442,明,4779,胫,1
2442,明,5663,诩,1
2442,明,6207,酢,1
2442,明,6215,酮,1
2442,明,7033,鸣,1
2443,昏,1133,堉,1
2443,昏,2421,旨,1
2444,易,659,另,1
2444,易,3754,男,1
2444,易,5362,蜀,1
2444,易,5779,贯,1
2445,昔,530,劳,1
2445,昔,699,吝,1
2445,昔,1090,垢,1
2445,昔,1148,堵,1
2445,昔,3770,畜,1
2445,昔,3891,百,1
2445,昔,3959,眷,1
2445,昔,4671,者,1
2445,昔,5035,茬,1
2445,昔,5170,董,1
2447,昙,674,号,1
2447,昙,2464,晃,1
2447,昙,2482,景,1
2447,昙,4612,罢,1
2447,昙,5585,詈,1
2447,昙,7160,鼻,1
2448,昝,3758,甾,1
2448,昝,3894,皆,1
2448,昝,4286,笙,1
2448,昝,4324,筲,1
2449,星,376,兰,1
2449,星,401,军,1
2449,星,725,呆,1
2449,星,726,呈,1
2449,星,1093,垦,1
2449,星,1176,墨,1
2449,星,2456,昱,1
2449,星,3895,皇,1
2449,星,6254,重,1
2449,星,6256,量,1
2449,星,6258,釜,1
2450,映,878,啸,1
2450,映,909,喽,1
2450,映,2870,殃,1
2450,映,3631,玻,1
2450,映,5898,踝,1
2451,春,640,参,1
2451,春,870,啬,1
2451,春,1420,客,1
2451,春,2898,毒,1
2451,春,4657,翥,1
2451,春,4672,耆,1
2451,春,5805,赉,1
2452,昧,195,体,1
2452,昧,2450,映,1
2452,昧,3621,玦,1
2452,昧,4802,脒,1
2452,昧,5347,蛛,1
2452,昧,6790,饯,1
2453,昨,765,咕,1
2453,昨,1847,怍,1
2453,昨,2492,暅,1
2453,昨,3946,眙,1
2453,昨,5328,蚱,1
2453,昨,5806,赊,1
2453,昨,6207,酢,1
2453,昨,6631,雕,1
2453,昨,6668,非,1
2454,昭,1846,怊,1
2454,昭,3946,眙,1
2454,昭,5826,赠,1
2454,昭,7031,鸡,1
2455,是,376,兰,1
2455,是,1413,定,1
2455,是,2434,旻,1
2455,是,2456,昱,1
2455,是,3215,湜,1
2455,是,3365,炅,1
2455,是,4442,累,1
2455,是,5852,足,1
2456,昱,2449,星,1
2458,昵,3949,眠,1
2458,昵,3962,眼,1
2458,昵,4920,艉,1
2459,昶,3867,瘫,1
2459,昶,4649,翔,1
2459,昶,5489,袒,1
2460,昼,1499,屋,1
2460,昼,3441,煮,1
2460,昼,3783,疍,1
2460,昼,6963,鲞,1
2461,昽,767,咙,1
2461,昽,2469,晓,1
2461,昽,3640,珑,1
2462,显,15,且,1
2462,显,2444,易,1
2462,显,2449,星,1
2462,显,2456,昱,1
2462,显,5852,足,1
2462,显,6257,金,1
2462,显,7142,黾,1
2463,晁,3074,洮,1
2464,晃,360,光,1
2464,晃,1176,墨,1
2464,晃,2426,旯,1
2464,晃,2668,桄,1
2464,晃,3358,灵,1
2465,晋,1237,奢,1
2465,晋,1896,恶,1
2465,晋,2445,昔,1
2465,晋,2451,春,1
2465,晋,4611,罡,1
2465,晋,4747,育,1
2465,晋,4761,背,1
2466,晌,720,吻,1
2466,晌,859,啊,1
2466,晌,1852,怕,1
2466,晌,2435,昀,1
2466,晌,3381,炯,1
2466,晌,3543,狗,1
2466,晌,3761,畈,1
2467,晏,2518,曼,1
2468,晒,745,呲,1
2468,晒,3939,眄,1
2468,晒,3971,睡,1
2468,晒,4735,肠,1
2468,晒,4816,脾,1
2468,晒,4842,腼,1
2469,晓,681,吃,1
2469,晓,3090,浇,1
2469,晓,4784,胱,1
2470,晔,807,哗,1
2471,晕,401,军,1
2471,晕,587,单,1
2471,晕,2217,掌,1
2471,晕,2390,斝,1
2471,晕,2449,星,1
2471,晕,3981,睾,1
2471,晕,4614,罩,1
2471,晕,6553,阜,1
2471,晕,6711,韵,1
2472,晖,3752,申,1
2473,晗,2491,暄,1
2473,晗,4815,脸,1
2474,晚,841,唤,1
2474,晚,1313,娩,1
2474,晚,2183,挽,1
2474,晚,2450,映,1
2474,晚,3063,洗,1
2474,晚,3334,濑,1
2474,晚,3692,瑰,1
2474,晚,3901,皖,1
2474,晚,3995,瞧,1
2477,晡,4811,脯,1
2478,晤,1915,悟,1
2478,晤,2454,昭,1
2478,晤,2497,暗,1
2478,晤,3423,焙,1
2478,晤,3655,琇,1
2479,晦,834,唑,1
2479,晦,872,啮,1
2479,晦,1910,悔,1
2479,晦,2466,晌,1
2479,晦,4801,脑,1
2479,晦,5795,贿,1
2479,晦,6222,酶,1
2480,晨,1433,宸,1
2480,晨,2335,擐,1
2480,晨,5467,衣,1
2481,普,3963,着,1
2481,普,3994,瞥,1
2481,普,4631,羞,1
2481,普,6710,音,1
2482,景,674,号,1
2482,景,2471,晕,1
2482,景,3754,男,1
2482,景,4633,羡,1
2482,景,6254,重,1
2483,晰,869,啪,1
2483,晰,1876,恍,1
2483,晰,3185,渐,1
2483,晰,4756,胁,1
2484,晳,2490,暂,1
2484,晳,2649,栖,1
2484,晳,2763,楯,1
2484,晳,5183,蒈,1
2485,晴,2478,晤,1
2485,晴,3777,畸,1
2486,晶,2438,昆,1
2486,晶,4650,翕,1
2486,晶,6459,镊,1
2487,晷,2495,暑,1
2488,智,700,吞,1
2488,智,850,唷,1
2488,智,3515,犁,1
2488,智,3973,督,1
2488,智,5505,裆,1
2488,智,6710,音,1
2489,晾,3777,畸,1
2489,晾,4718,聿,1
2489,晾,4828,腙,1
2490,暂,822,哲,1
2490,暂,1324,婚,1
2490,暂,2156,持,1
2491,暄,4863,膻,1
2492,暅,1878,恒,1
2493,暇,947,嘏,1
2493,暇,1542,岷,1
2493,暇,3682,瑕,1
2493,暇,4820,腋,1
2495,暑,2502,暴,1
2496,暖,1338,媛,1
2496,暖,3774,畯,1
2496,暖,3965,睃,1
2497,暗,914,嗌,1
2497,暗,974,噜,1
2497,暗,1327,婧,1
2497,暗,2439,昉,1
2497,暗,2478,晤,1
2497,暗,2489,晾,1
2497,暗,3826,痔,1
2497,暗,3979,睹,1
2497,暗,4922,艏,1
2498,暝,3989,瞑,1
2500,暨,3996,瞩,1
2501,暮,542,募,1
2501,暮,2451,春,1
2501,暮,2517,曹,1
2501,暮,4947,芒,1
2501,暮,6940,鲁,1
2502,暴,1892,恭,1
2502,暴,2464,晃,1
2502,暴,2495,暑,1
2502,暴,4262,竖,1
2504,暾,880,啼,1
2504,暾,5942,蹾,1
2505,曈,2491,暄,1
2506,曙,995,嚷,1
2506,曙,2498,暝,1
2506,曙,5812,赐,1
2507,曛,852,唾,1
2507,曛,3903,皤,1
2508,曜,994,嚯,1
2512,曰,550,匀,1
2512,曰,999,囗,1
2512,曰,1003,回,1
2512,曰,3749,田,1
2512,曰,3890,白,1
2512,曰,4481,纽,1
2512,曰,4881,臼,1
2513,曲,20,业,1
2513,曲,1810,必,1
2513,曲,3501,牡,1
2513,曲,3535,狃,1
2513,曲,3750,由,1
2513,曲,5011,茁,1
2514,曳,2014,戈,1
2514,曳,2029,戛,1
2515,更,670,史,1
2515,更,1147,堲,1
2515,更,1399,它,1
2515,更,6082,速,1
2516,曷,5362,蜀,1
2517,曹,3222,湾,1
2517,曹,3993,瞢,1
2517,曹,4341,管,1
2517,曹,4850,膏,1
2517,曹,5023,茑,1
2517,曹,5121,菖,1
2517,曹,5164,著,1
2517,曹,5203,蓄,1
2517,曹,5231,蔷,1
2517,曹,5232,蔸,1
2517,曹,5957,軎,1
2517,曹,6113,遭,1
2517,曹,6849,驾,1
2518,曼,1195,夏,1
2518,曼,2467,晏,1
2518,曼,4622,罾,1
2519,曾,108,亶,1
2519,曾,833,唐,1
2519,曾,1411,官,1
2519,曾,2404,旁,1
2519,曾,3982,睿,1
2519,曾,7121,黉,1
2520,替,2751,椿,1
2520,替,2762,楮,1
2520,替,2988,沓,1
2520,替,4761,背,1
2520,替,4864,臀,1
2520,替,5409,蝽,1
2521,最,2371,敢,1
2521,最,2948,求,1
2521,最,4901,舨,1
2521,最,5244,蕞,1
2521,最,5293,虔,1
2521,最,6614,隶,1
2522,月,667,可,1
2522,月,3009,河,1
2522,月,3498,牛,1
2522,月,3749,田,1
2522,月,3929,目,1
2523,有,100,亩,1
2523,有,667,可,1
2523,有,671,右,1
2523,有,1133,堉,1
2523,有,1251,妇,1
2523,有,2425,旮,1
2523,有,4728,肖,1
2523,有,4994,苜,1
2524,朊,4726,肌,1
2524,朊,4794,脆,1
2524,朊,6559,阮,1
2525,朋,394,册,1
2525,朋,460,刖,1
2525,朋,4537,绷,1
2525,朋,4768,胛,1
2525,朋,4825,腓,1
2525,朋,6562,阳,1
2525,朋,6563,阴,1
2526,服,718,吸,1
2526,服,2890,殿,1
2526,服,3491,版,1
2526,服,5769,败,1
2526,服,6593,陬,1
2527,朐,859,啊,1
2527,朐,4771,胞,1
2528,朔,531,劾,1
2528,朔,2530,朗,1
2528,朔,3620,玥,1
2528,朔,6303,钥,1
2528,朔,6740,频,1
2529,朕,4712,联,1
2530,朗,469,刨,1
2530,朗,2442,明,1
2530,朗,6303,钥,1
2531,望,3767,留,1
2532,朝,2533,期,1
2532,朝,4537,绷,1
2534,朦,4852,膘,1
2534,朦,4856,膝,1
2534,朦,4926,艨,1
2535,木,38,丸,1
2535,木,97,亦,1
2535,木,2053,扌,1
2535,木,4174,禾,1
2535,木,6702,韦,1
2536,未,34,丰,1
2536,未,595,卡,1
2536,未,1208,夫,1
2536,未,2535,木,1
2536,未,2948,求,1
2536,未,4391,米,1
2536,未,5830,赤,1
2537,末,444,击,1
2537,末,2054,才,1
2537,末,2561,束,1
2537,末,3004,沫,1
2538,本,1628,布,1
2539,札,38,丸,1
2539,札,2542,朴,1
2539,札,2559,杜,1
2539,札,4129,礼,1
2540,术,4174,禾,1
2540,术,4391,米,1
2541,朱,1213,失,1
2541,朱,1425,宪,1
2541,朱,2536,未,1
2541,朱,5323,蚩,1
2542,朴,2556,村,1
2542,朴,2568,杪,1
2542,朴,2611,柈,1
2542,朴,4680,耖,1
2543,朵,6273,钅,1
2544,机,2552,杌,1
2544,机,2596,枧,1
2545,朽,2059,扔,1
2545,朽,2551,杉,1
2545,朽,2577,杼,1
2545,朽,2610,柄,1
2545,朽,2618,柘,1
2545,朽,2627,柩,1
2545,朽,2656,栲,1
2545,朽,2815,樽,1
2545,朽,4176,私,1
2546,杀,123,介,1
2546,杀,725,呆,1
2546,杀,2052,手,1
2546,杀,2536,未,1
2546,杀,2547,杂,1
2546,杀,6250,采,1
2546,杀,6503,长,1
2547,杂,22,东,1
2547,杂,28,丧,1
2547,杂,105,亲,1
2547,杂,725,呆,1
2547,杂,1471,尖,1
2547,杂,2537,末,1
2547,杂,2546,杀,1
2547,杂,2590,果,1
2547,杂,2605,架,1
2547,杂,4392,籴,1
2547,杂,5042,茶,1
2547,杂,5958,车,1
2548,权,518,加,1
2548,权,649,取,1
2548,权,2364,救,1
2548,权,2550,杈,1
2548,权,2560,杞,1
2548,权,2589,枚,1
2548,权,6833,驭,1
2549,杆,1243,奸,1
2549,杆,2157,挂,1
2549,杆,2619,柙,1
2549,杆,5961,轩,1
2550,杈,2552,杌,1
2551,杉,1766,形,1
2551,杉,1772,彬,1
2551,杉,2058,打,1
2551,杉,2086,抒,1
2551,杉,2224,掠,1
2551,杉,2542,朴,1
2551,杉,2545,朽,1
2552,杌,1827,忧,1
2552,杌,2569,杭,1
2552,杌,2570,杯,1
2553,李,34,丰,1
2553,李,1223,奇,1
2553,李,1384,季,1
2553,李,2554,杏,1
2553,李,3227,溇,1
2554,杏,37,丶,1
2554,杏,444,击,1
2554,杏,478,券,1
2554,杏,705,否,1
2554,杏,1033,圭,1
2554,杏,1875,恋,1
2554,杏,2553,李,1
2554,杏,2571,杰,1
2554,杏,4177,秃,1
2554,杏,5078,药,1
2554,杏,6663,青,1
2555,材,2558,杖,1
2555,材,2585,析,1
2555,材,2587,林,1
2555,材,2599,枫,1
2556,村,1376,存,1
2556,村,2387,料,1
2556,村,2587,林,1
2557,杓,2607,枸,1
2557,杓,2646,树,1
2558,杖,131,仗,1
2558,杖,2357,放,1
2558,杖,2361,敉,1
2559,杜,1186,壮,1
2559,杜,2061,扛,1
2559,杜,2558,杖,1
2559,杜,2583,枉,1
2559,杜,2620,柚,1
2560,杞,1834,忸,1
2560,杞,2685,桤,1
2561,束,28,丧,1
2561,束,34,丰,1
2561,束,690,吏,1
2561,束,1217,夹,1
2561,束,1379,孛,1
2561,束,2541,朱,1
2561,束,2613,某,1
2561,束,4409,粪,1
2561,束,4677,耒,1
2561,束,4696,耳,1
2561,束,4718,聿,1
2562,杠,2063,扦,1
2562,杠,2276,搓,1
2562,杠,2539,札,1
2562,杠,2549,杆,1
2562,杠,2560,杞,1
2562,杠,2565,杧,1
2562,杠,2631,柱,1
2563,条,105,亲,1
2563,条,408,冬,1
2563,条,2546,杀,1
2563,条,2547,杂,1
2563,条,5764,负,1
2564,来,2537,末,1
2564,来,2613,某,1
2564,来,4718,聿,1
2564,来,5101,莱,1
2564,来,6250,采,1
2565,杧,2559,杜,1
2565,杧,2560,杞,1
2565,杧,2583,枉,1
2565,杧,2608,柁,1
2565,杧,2631,柱,1
2565,杧,2638,标,1
2565,杧,2645,栏,1
2565,杧,3798,疤,1
2566,杨,466,初,1
2566,杨,2125,拓,1
2566,杨,2129,拘,1
2566,杨,2557,杓,1
2566,杨,2581,构,1
2566,杨,2647,栒,1
2566,杨,2815,樽,1
2566,杨,3795,疡,1
2566,杨,3934,相,1
2567,杩,1252,妈,1
2567,杩,2545,朽,1
2567,杩,2629,柯,1
2567,杩,4678,耔,1
2569,杭,1051,坑,1
2569,杭,2077,扼,1
2569,杭,2103,抬,1
2569,杭,2552,杌,1
2569,杭,2584,枋,1
2569,杭,2669,桅,1
2569,杭,2762,楮,1
2570,杯,1049,坏,1
2570,杯,1839,怀,1
2570,杯,2542,朴,1
2570,杯,2552,杌,1
2570,杯,2569,杭,1
2570,杯,2574,杵,1
2570,杯,2587,林,1
2570,杯,4190,秧,1
2571,杰,444,击,1
2571,杰,1529,岙,1
2571,杰,1824,忠,1
2571,杰,2554,杏,1
2571,杰,4177,秃,1
2571,杰,6702,韦,1
2572,杲,2613,某,1
2572,杲,3759,畀,1
2572,杲,4442,累,1
2573,杳,3913,盉,1
2574,杵,1826,忤,1
2574,杵,2622,柝,1
2575,杷,2608,柁,1
2575,杷,4683,耙,1
2576,杻,2575,杷,1
2576,杻,2672,桉,1
2577,杼,1377,孙,1
2577,杼,2700,梓,1
2578,松,2061,扛,1
2578,松,2551,杉,1
2578,松,2584,枋,1
2578,松,2586,枕,1
2578,松,2609,柃,1
2578,松,2612,柏,1
2578,松,2714,棁,1
2578,松,3541,狐,1
2579,板,2361,敉,1
2579,板,2585,析,1
2579,板,2592,枞,1
2579,板,2612,柏,1
2579,板,2653,校,1
2579,板,2742,椒,1
2579,板,5773,贩,1
2579,板,6714,顶,1
2580,极,2544,机,1
2580,极,2548,权,1
2580,极,2592,枞,1
2580,极,2599,枫,1
2580,极,2653,校,1
2580,极,2761,楫,1
2581,构,1873,恂,1
2581,构,2557,杓,1
2581,构,2566,杨,1
2581,构,2578,松,1
2581,构,2629,柯,1
2581,构,2661,格,1
2581,构,3543,狗,1
2581,构,4642,羽,1
2582,枇,2606,枷,1
2582,枇,2667,桃,1
2583,枉,2061,扛,1
2583,枉,2125,拓,1
2583,枉,2132,招,1
2583,枉,2146,拯,1
2583,枉,2157,挂,1
2583,枉,2559,杜,1
2583,枉,2565,杧,1
2583,枉,2631,柱,1
2583,枉,2634,柽,1
2583,枉,2651,栝,1
2583,枉,2675,桎,1
2583,枉,2681,桠,1
2583,枉,2728,棰,1
2583,枉,5840,赶,1
2584,枋,2604,枵,1
2584,枋,2624,柠,1
2584,枋,2661,格,1
2585,析,1835,忻,1
2585,析,2073,扳,1
2585,析,2624,柠,1
2585,析,2629,柯,1
2585,析,2686,桥,1
2586,枕,2135,拢,1
2586,枕,2582,枇,1
2586,枕,2596,枧,1
2586,枕,4199,秾,1
2587,林,87,井,1
2587,林,2063,扦,1
2587,林,2558,杖,1
2587,林,2638,标,1
2587,林,4182,科,1
2587,林,4985,苏,1
2587,林,6828,馘,1
2588,枘,2109,抽,1
2589,枚,759,和,1
2589,枚,1380,孜,1
2589,枚,2353,收,1
2589,枚,2361,敉,1
2589,枚,2364,救,1
2589,枚,2365,敕,1
2589,枚,2562,杠,1
2589,枚,2580,极,1
2589,枚,2591,枝,1
2589,枚,2592,枞,1
2589,枚,2661,格,1
2589,枚,2672,桉,1
2589,枚,3612,玖,1
2589,枚,3802,疭,1
2590,果,2563,条,1
2590,果,2744,椠,1
2590,果,3020,泉,1
2590,果,4171,禺,1
2590,果,6253,里,1
2591,枝,159,伎,1
2591,枝,2089,投,1
2591,枝,2361,敉,1
2591,枝,4737,肢,1
2591,枝,5093,莜,1
2592,枞,2134,拟,1
2592,枞,2580,极,1
2592,枞,4703,耿,1
2593,枢,1772,彬,1
2593,枢,2084,把,1
2593,枢,2578,松,1
2593,枢,2579,板,1
2593,枢,2583,枉,1
2593,枢,2597,枨,1
2593,枢,2621,柜,1
2593,枢,2636,栀,1
2593,枢,2667,桃,1
2593,枢,2670,框,1
2593,枢,2681,桠,1
2593,枢,4014,矩,1
2594,枣,2628,柬,1
2596,枧,2586,枕,1
2597,枨,2657,栳,1
2597,枨,4191,秩,1
2598,枪,1383,孢,1
2598,枪,2104,抱,1
2598,枪,2608,柁,1
2598,枪,2648,栓,1
2599,枫,2580,极,1
2599,枫,2592,枞,1
2599,枫,2625,柢,1
2599,枫,2770,概,1
2599,枫,4681,耗,1
2600,枭,7160,鼻,1
2601,枯,1442,寇,1
2601,枯,2117,拈,1
2601,枯,2559,杜,1
2601,枯,2614,柑,1
2601,枯,2666,桂,1
2601,枯,2684,档,1
2601,枯,2702,梢,1
2601,枯,2752,楂,1
2601,枯,2788,榷,1
2601,枯,4143,祜,1
2601,枯,4921,艋,1
2601,枯,5334,蛄,1
2602,枰,1065,坪,1
2602,枰,2549,杆,1
2603,枳,621,厌,1
2603,枳,2544,机,1
2603,枳,2570,杯,1
2603,枳,2660,根,1
2603,枳,2668,桄,1
2604,枵,2603,枳,1
2604,枵,2704,梧,1
2605,架,2390,斝,1
2605,架,4314,策,1
2605,架,4406,粢,1
2606,枷,2094,抛,1
2606,枷,2584,枋,1
2606,枷,4185,秘,1
2606,枷,6175,郴,1
2607,枸,2557,杓,1
2608,柁,2598,枪,1
2608,柁,2636,栀,1
2609,柃,2117,拈,1
2609,柃,2122,拎,1
2609,柃,2648,栓,1
2610,柄,2566,杨,1
2610,柄,2588,枘,1
2610,柄,2638,标,1
2610,柄,2649,栖,1
2610,柄,2742,椒,1
2611,柈,2731,棹,1
2611,柈,5493,袢,1
2612,柏,869,啪,1
2612,柏,2580,极,1
2612,柏,2598,枪,1
2612,柏,2607,枸,1
2612,柏,2621,柜,1
2612,柏,2622,柝,1
2612,柏,2647,栒,1
2612,柏,2694,桷,1
2612,柏,2738,植,1
2612,柏,3934,相,1
2613,某,2537,末,1
2613,某,5002,苦,1
2613,某,5019,茉,1
2613,某,5101,莱,1
2613,某,5123,菜,1
2613,某,5141,萆,1
2613,某,5504,装,1
2614,柑,1064,坩,1
2614,柑,2078,找,1
2614,柑,2109,抽,1
2614,柑,2158,指,1
2614,柑,2620,柚,1
2614,柑,2685,桤,1
2614,柑,3934,相,1
2615,柒,417,冻,1
2615,柒,2633,柴,1
2615,柒,3168,淡,1
2615,柒,3198,渫,1
2615,柒,5645,诗,1
2616,染,1305,娑,1
2616,染,1403,守,1
2616,染,1441,密,1
2616,染,3134,涞,1
2616,染,3192,渠,1
2616,染,3323,澡,1
2617,柔,1459,寻,1
2618,柘,2125,拓,1
2619,柙,2108,押,1
2620,柚,2654,栩,1
2621,柜,2627,柩,1
2621,柜,2670,框,1
2621,柜,2678,桓,1
2622,柝,2115,拆,1
2623,柞,1847,怍,1
2623,柞,2112,拃,1
2623,柞,2739,椎,1
2623,柞,2741,椑,1
2623,柞,3179,淼,1
2624,柠,430,凝,1
2624,柠,2577,杼,1
2624,柠,2584,枋,1
2624,柠,2720,棕,1
2624,柠,2773,榇,1
2624,柠,3546,狞,1
2624,柠,4197,移,1
2625,柢,2105,抵,1
2628,柬,2365,敕,1
2628,柬,2650,栗,1
2628,柬,4097,碱,1
2628,柬,6614,隶,1
2629,柯,2567,杩,1
2629,柯,2576,杻,1
2629,柯,2585,析,1
2629,柯,2649,栖,1
2629,柯,2697,梅,1
2629,柯,3488,牁,1
2629,柯,4147,祠,1
2629,柯,4197,移,1
2629,柯,5165,葙,1
2629,柯,5970,轲,1
2630,柰,2553,李,1
2631,柱,2188,捉,1
2631,柱,2569,杭,1
2631,柱,2589,枚,1
2631,柱,2679,桔,1
2631,柱,2690,桩,1
2631,柱,2713,检,1
2631,柱,2728,棰,1
2631,柱,5985,辁,1
2632,柳,2610,柄,1
2632,柳,2635,柿,1
2632,柳,2747,椰,1
2632,柳,2777,榔,1
2633,柴,1059,坠,1
2633,柴,2615,柒,1
2633,柴,2650,栗,1
2633,柴,2725,棨,1
2633,柴,4306,等,1
2633,柴,4402,粜,1
2633,柴,4412,粲,1
2633,柴,5042,茶,1
2634,柽,1871,怿,1
2634,柽,2142,择,1
2635,柿,2070,扮,1
2635,柿,2584,枋,1
2635,柿,2595,枥,1
2635,柿,2632,柳,1
2636,栀,1845,怆,1
2637,栅,2722,棚,1
2638,标,259,保,1
2638,标,2570,杯,1
2638,标,2579,板,1
2638,标,2644,栎,1
2638,标,2648,栓,1
2638,标,2661,格,1
2638,标,4395,籽,1
2639,栈,1250,妆,1
2639,栈,2153,拽,1
2639,栈,2611,柈,1
2639,栈,2646,树,1
2639,栈,2679,桔,1
2639,栈,2752,楂,1
2640,栉,1740,弗,1
2640,栉,2577,杼,1
2641,栊,2569,杭,1
2642,栋,3388,炼,1
2642,栋,5369,蜍,1
2643,栌,2099,护,1
2644,栎,2136,拣,1
2644,栎,2625,柢,1
2645,栏,34,丰,1
2645,栏,1155,塔,1
2645,栏,2254,握,1
2645,栏,2713,检,1
2645,栏,2821,橙,1
2645,栏,3392,烂,1
2647,栒,2129,拘,1
2647,栒,2607,枸,1
2647,栒,2614,柑,1
2648,栓,1569,崔,1
2648,栓,1862,性,1
2648,栓,2118,拉,1
2648,栓,2645,栏,1
2648,栓,2684,档,1
2649,栖,2121,拍,1
2649,栖,2127,拖,1
2649,栖,2146,拯,1
2649,栖,2610,柄,1
2649,栖,2612,柏,1
2649,栖,2620,柚,1
2650,栗,1466,尊,1
2650,栗,2515,更,1
2650,栗,2613,某,1
2650,栗,6623,集,1
2651,栝,657,古,1
2651,栝,2699,梏,1
2651,栝,2740,椐,1
2652,栟,2658,样,1
2653,校,34,丰,1
2653,校,2365,敕,1
2653,校,2591,枝,1
2653,校,2672,桉,1
2653,校,2706,梭,1
2653,校,2729,棱,1
2653,校,2737,椋,1
2653,校,5107,莸,1
2655,株,2106,抹,1
2655,株,2611,柈,1
2655,株,2644,栎,1
2655,株,2699,梏,1
2655,株,2730,棵,1
2655,株,4187,秣,1
2656,栲,2657,栳,1
2656,栲,2736,椅,1
2656,栲,2821,橙,1
2657,栳,2682,桡,1
2658,样,2101,抨,1
2658,样,2142,择,1
2658,样,2602,枰,1
2658,样,2611,柈,1
2658,样,2707,梯,1
2659,核,2569,杭,1
2659,核,2661,格,1
2659,核,2672,桉,1
2659,核,2729,棱,1
2659,核,5659,该,1
2660,根,1887,恨,1
2660,根,1954,想,1
2660,根,2108,押,1
2660,根,2110,抿,1
2660,根,2715,棂,1
2660,根,2732,棺,1
2660,根,2767,楹,1
2660,根,2770,概,1
2660,根,3547,狠,1
2660,根,4684,耜,1
2660,根,5507,裉,1
2661,格,2154,拾,1
2661,格,2276,搓,1
2661,格,2609,柃,1
2661,格,2651,栝,1
2661,格,2679,桔,1
2661,格,2699,梏,1
2661,格,2751,椿,1
2661,格,2787,榴,1
2661,格,3813,疼,1
2661,格,4395,籽,1
2662,栽,6166,郝,1
2663,栾,2605,架,1
2664,桀,1793,徒,1
2665,桁,2656,栲,1
2665,桁,3647,珩,1
2666,桂,1092,垤,1
2666,桂,1297,娃,1
2666,桂,2113,拄,1
2666,桂,2169,挠,1
2666,桂,2583,枉,1
2666,桂,2645,栏,1
2666,桂,2648,栓,1
2666,桂,2675,桎,1
2666,桂,2679,桔,1
2666,桂,2726,棬,1
2666,桂,2807,樘,1
2667,桃,2582,枇,1
2667,桃,5140,萄,1
2668,桄,2771,榄,1
2669,桅,1942,惟,1
2669,桅,2077,扼,1
2669,桅,2598,枪,1
2670,框,1726,廿,1
2670,框,2223,掘,1
2670,框,2627,柩,1
2670,框,2696,梃,1
2670,框,2792,槌,1
2670,框,4410,粮,1
2671,案,105,亲,1
2671,案,401,军,1
2671,案,1405,宋,1
2671,案,1453,寨,1
2671,案,1483,尸,1
2671,案,2650,栗,1
2671,案,3373,炙,1
2671,案,4250,窠,1
2671,案,4405,粟,1
2671,案,4406,粢,1
2672,桉,2785,榭,1
2673,桊,2148,拳,1
2673,桊,2689,桨,1
2674,桌,2590,果,1
2674,桌,3020,泉,1
2674,桌,4593,缲,1
2674,桌,4876,臬,1
2676,桐,1319,婀,1
2676,桐,2129,拘,1
2676,桐,2138,拥,1
2676,桐,2629,柯,1
2676,桐,2774,榈,1
2676,桐,3934,相,1
2676,桐,4772,胡,1
2677,桑,43,举,1
2677,桑,2663,栾,1
2677,桑,2725,棨,1
2678,桓,2114,担,1
2678,桓,2146,拯,1
2678,桓,2670,框,1
2678,桓,2680,桕,1
2678,桓,2688,桧,1
2678,桓,2738,植,1
2679,桔,2145,拮,1
2679,桔,2231,措,1
2679,桔,2567,杩,1
2679,桔,2666,桂,1
2679,桔,2682,桡,1
2679,桔,2699,梏,1
2679,桔,2735,椁,1
2680,桕,1852,怕,1
2680,桕,2129,拘,1
2680,桕,2581,构,1
2680,桕,2623,柞,1
2681,桠,2583,枉,1
2682,桡,2718,棍,1
2683,桢,2603,枳,1
2684,档,2156,持,1
2684,档,2675,桎,1
2684,档,2685,桤,1
2684,档,2812,樯,1
2685,桤,2645,栏,1
2686,桥,1301,娇,1
2686,桥,1853,怖,1
2686,桥,2173,挤,1
2686,桥,2655,株,1
2687,桦,2574,杵,1
2688,桧,3558,狳,1
2689,桨,2547,杂,1
2690,桩,2204,据,1
2690,桩,2578,松,1
2690,桩,2619,柙,1
2690,桩,2623,柞,1
2690,桩,2631,柱,1
2690,桩,2728,棰,1
2692,桴,2815,樽,1
2692,桴,4202,稃,1
2693,桶,2121,拍,1
2693,桶,2758,楠,1
2693,桶,3446,煽,1
2694,桷,2758,楠,1
2695,梁,2464,晃,1
2695,梁,2590,果,1
2695,梁,3407,烫,1
2695,梁,5683,课,1
2696,梃,2182,挺,1
2697,梅,1650,帱,1
2697,梅,2200,捣,1
2697,梅,2405,旃,1
2697,梅,2638,标,1
2697,梅,2670,框,1
2697,梅,2694,桷,1
2697,梅,2713,检,1
2697,梅,2741,椑,1
2697,梅,2772,榆,1
2697,梅,2784,榫,1
2697,梅,4790,胺,1
2698,梆,2094,抛,1
2698,梆,2619,柙,1
2698,梆,2687,桦,1
2698,梆,2777,榔,1
2698,梆,4807,脚,1
2698,梆,6175,郴,1
2699,梏,2604,枵,1
2699,梏,2661,格,1
2699,梏,4686,耢,1
2700,梓,2299,摔,1
2700,梓,3577,猝,1
2700,梓,4682,耘,1
2701,梗,2670,框,1
2701,梗,2672,桉,1
2701,梗,6201,酒,1
2702,梢,1905,悄,1
2702,梢,2248,描,1
2702,梢,2746,椭,1
2702,梢,4687,耥,1
2703,梦,1740,弗,1
2703,梦,2006,懋,1
2703,梦,2520,替,1
2703,梦,2734,棼,1
2703,梦,2755,楚,1
2704,梧,1915,悟,1
2704,梧,2178,挫,1
2704,梧,2216,掊,1
2704,梧,2604,枵,1
2704,梧,2657,栳,1
2704,梧,2699,梏,1
2705,梨,1138,堑,1
2705,梨,2725,棨,1
2705,梨,3500,牟,1
2706,梭,1856,怜,1
2706,梭,1913,悛,1
2706,梭,2214,授,1
2706,梭,2726,棬,1
2706,梭,2729,棱,1
2706,梭,2762,楮,1
2706,梭,3637,珍,1
2707,梯,1907,悌,1
2707,梯,2186,捅,1
2707,梯,2693,桶,1
2707,梯,2736,椅,1
2707,梯,2781,榜,1
2707,梯,2825,橦,1
2707,梯,4419,糅,1
2708,械,611,卸,1
2708,械,1108,城,1
2708,械,2144,拭,1
2708,械,3225,溅,1
2708,械,3549,狨,1
2709,梳,2210,捻,1
2709,梳,2711,梽,1
2709,梳,2766,楸,1
2709,梳,6007,辗,1
2710,梵,2734,棼,1
2711,梽,2740,椐,1
2711,梽,2749,椹,1
2712,梾,2721,棘,1
2712,梾,2724,棣,1
2713,检,2118,拉,1
2713,检,2565,杧,1
2713,检,2598,枪,1
2713,检,2628,柬,1
2713,检,2678,桓,1
2713,检,2740,椐,1
2714,棁,1919,悦,1
2714,棁,2270,搅,1
2714,棁,2668,桄,1
2714,棁,2682,桡,1
2716,棉,1642,帛,1
2716,棉,2635,柿,1
2716,棉,2720,棕,1
2716,棉,2783,榨,1
2716,棉,6355,铞,1
2717,棋,2147,拱,1
2717,棋,2193,捏,1
2717,棋,2749,椹,1
2717,棋,2768,楼,1
2718,棍,2179,振,1
2719,棒,1128,埽,1
2719,棒,2712,梾,1
2720,棕,1224,奈,1
2720,棕,2224,掠,1
2720,棕,2638,标,1
2720,棕,2716,棉,1
2720,棕,2773,榇,1
2720,棕,2815,樽,1
2720,棕,2828,橼,1
2720,棕,2837,檫,1
2720,棕,3567,猄,1
2720,棕,4542,综,1
2721,棘,3985,瞅,1
2721,棘,4190,秧,1
2721,棘,6015,辣,1
2722,棚,1134,堋,1
2722,棚,2637,栅,1
2722,棚,2654,栩,1
2723,棠,386,兼,1
2723,棠,2217,掌,1
2723,棠,2617,柔,1
2723,棠,2819,橐,1
2723,棠,4718,聿,1
2724,棣,2756,楝,1
2725,棨,1085,垛,1
2725,棨,2835,檠,1
2725,棨,6576,陈,1
2727,森,1649,帮,1
2727,森,5830,赤,1
2729,棱,2305,摸,1
2729,棱,2653,校,1
2729,棱,2659,核,1
2729,棱,2682,桡,1
2729,棱,2692,桴,1
2729,棱,2757,楞,1
2729,棱,2796,槚,1
2729,棱,2811,横,1
2730,棵,2116,拇,1
2730,棵,2655,株,1
2730,棵,2686,桥,1
2730,棵,4158,祼,1
2731,棹,2720,棕,1
2732,棺,2183,挽,1
2732,棺,2648,栓,1
2732,棺,2661,格,1
2732,棺,2737,椋,1
2732,棺,2807,樘,1
2733,棻,1470,尕,1
2733,棻,3046,泵,1
2733,棻,5101,莱,1
2735,椁,1933,惇,1
2735,椁,2773,榇,1
2736,椅,1941,惝,1
2736,椅,2156,持,1
2736,椅,2161,挎,1
2736,椅,2711,梽,1
2736,椅,2815,樽,1
2736,椅,3516,犄,1
2737,椋,2773,榇,1
2737,椋,4431,糠,1
2738,植,1091,垣,1
2738,植,2256,揩,1
2738,植,2670,框,1
2738,植,2714,棁,1
2738,植,2788,榷,1
2738,植,3514,犀,1
2738,植,3584,猫,1
2738,植,4186,租,1
2739,椎,2592,枞,1
2739,椎,2623,柞,1
2739,椎,2631,柱,1
2739,椎,2738,植,1
2740,椐,2216,掊,1
2740,椐,2651,栝,1
2740,椐,4824,腒,1
2741,椑,2203,捭,1
2741,椑,2731,棹,1
2741,椑,2795,槔,1
2742,椒,274,俶,1
2742,椒,2312,撇,1
2742,椒,2697,梅,1
2742,椒,2772,榆,1
2742,椒,2830,檄,1
2743,椟,2756,楝,1
2743,椟,2818,橇,1
2744,椠,1138,堑,1
2746,椭,2738,植,1
2746,椭,2800,槠,1
2746,椭,6134,邦,1
2747,椰,2632,柳,1
2747,椰,2746,椭,1
2747,椰,5411,螂,1
2747,椰,6132,邢,1
2748,椴,947,嘏,1
2748,椴,2785,榭,1
2748,椴,3431,煅,1
2750,椽,1182,壕,1
2750,椽,2301,摞,1
2750,椽,2818,橇,1
2750,椽,4217,稼,1
2751,椿,2201,捧,1
2751,椿,2762,楮,1
2751,椿,2776,榍,1
2751,椿,2812,樯,1
2751,椿,2821,橙,1
2751,椿,4417,精,1
2753,楔,1945,惧,1
2753,楔,4164,禊,1
2754,楗,2696,梃,1
2754,楗,2784,榫,1
2755,楚,5102,莲,1
2755,楚,5789,费,1
2756,楝,2712,梾,1
2757,楞,416,冷,1
2757,楞,2275,搒,1
2757,楞,2806,樗,1
2758,楠,2300,摘,1
2759,楣,1337,媚,1
2759,楣,2158,指,1
2759,楣,2763,楯,1
2760,楦,2247,揎,1
2760,楦,2738,植,1
2760,楦,2783,榨,1
2762,楮,2812,樯,1
2763,楯,4216,稻,1
2764,楱,2246,揍,1
2765,楷,2158,指,1
2765,楷,2178,挫,1
2765,楷,2811,横,1
2765,楷,2828,橼,1
2766,楸,1959,愀,1
2766,楸,2257,揪,1
2768,楼,2060,托,1
2768,楼,2657,栳,1
2768,楼,2711,梽,1
2768,楼,2724,棣,1
2768,楼,2729,棱,1
2768,楼,2839,檵,1
2769,榀,2603,枳,1
2769,榀,2718,棍,1
2769,榀,2789,榻,1
2770,概,1988,慨,1
2770,概,2586,枕,1
2770,概,2801,槭,1
2771,榄,2683,桢,1
2771,榄,2707,梯,1
2771,榄,2714,棁,1
2771,榄,2797,槛,1
2772,榆,2718,棍,1
2772,榆,2750,椽,1
2773,榇,2672,桉,1
2773,榇,2730,棵,1
2775,榉,2577,杼,1
2775,榉,2808,樟,1
2776,榍,2298,摒,1
2776,榍,3521,犒,1
2777,榔,2177,挪,1
2777,榔,2632,柳,1
2778,榕,279,倍,1
2778,榕,2668,桄,1
2778,榕,2745,椤,1
2778,榕,2762,楮,1
2778,榕,2765,楷,1
2778,榕,2786,榱,1
2778,榕,2827,橹,1
2778,榕,3450,熔,1
2779,榘,4412,粲,1
2779,榘,4593,缲,1
2780,榛,2201,捧,1
2780,榛,2246,揍,1
2780,榛,2289,搽,1
2780,榛,2773,榇,1
2781,榜,2793,槎,1
2781,榜,2798,槜,1
2781,榜,4105,磅,1
2781,榜,4692,耪,1
2781,榜,4925,艟,1
2783,榨,2623,柞,1
2783,榨,2669,桅,1
2783,榨,2706,梭,1
2784,榫,2798,槜,1
2784,榫,5506,裈,1
2785,榭,1161,塮,1
2786,榱,2346,攘,1
2787,榴,2194,捐,1
2787,榴,2268,搁,1
2787,榴,2833,檑,1
2787,榴,3451,熘,1
2788,榷,329,傩,1
2788,榷,1942,惟,1
2788,榷,2297,摊,1
2788,榷,2641,栊,1
2788,榷,2783,榨,1
2788,榷,4199,秾,1
2788,榷,6438,锴,1
2788,榷,6630,雒,1
2790,槁,2829,檀,1
2792,槌,2384,斑,1
2793,槎,2276,搓,1
2794,槐,1136,堍,1
2794,槐,1836,忽,1
2794,槐,1975,愧,1
2794,槐,2232,掬,1
2794,槐,2657,栳,1
2795,槔,2810,樨,1
2796,槚,2008,懒,1
2797,槛,2699,梏,1
2800,槠,2762,楮,1
2801,槭,2708,械,1
2803,槽,2704,梧,1
2803,槽,2765,楷,1
2803,槽,2804,槿,1
2804,槿,2825,橦,1
2805,樊,333,傻,1
2805,樊,1238,奥,1
2808,樟,1354,嫜,1
2808,樟,2658,样,1
2808,樟,2775,榉,1
2808,樟,4208,稗,1
2809,模,1314,娱,1
2809,模,2104,抱,1
2809,模,2199,换,1
2809,模,2811,横,1
2809,模,2838,檬,1
2810,樨,1163,墀,1
2810,樨,2828,橼,1
2811,横,1115,埙,1
2811,横,2161,挎,1
2811,横,2270,搅,1
2811,横,2657,栳,1
2811,横,2796,槚,1
2811,横,2804,槿,1
2811,横,5465,衡,1
2812,樯,4223,穑,1
2812,樯,4433,糯,1
2814,樵,2831,檎,1
2814,樵,2839,檵,1
2814,樵,6680,靼,1
2815,樽,2317,撙,1
2815,樽,2810,樨,1
2816,樾,4124,礤,1
2817,橄,2748,椴,1
2817,橄,2785,榭,1
2817,橄,4217,稼,1
2818,橇,2682,桡,1
2818,橇,2768,楼,1
2819,橐,2822,橛,1
2820,橘,1505,屙,1
2820,橘,2776,榍,1
2820,橘,2790,槁,1
2820,橘,2833,檑,1
2821,橙,2770,概,1
2822,橛,2311,撅,1
2822,橛,2792,槌,1
2823,橡,2242,掾,1
2823,橡,2336,擒,1
2823,橡,2773,榇,1
2823,橡,2786,榱,1
2823,橡,2828,橼,1
2823,橡,5526,裼,1
2824,橥,864,啡,1
2824,橥,2779,榘,1
2825,橦,1914,悝,1
2825,橦,1997,憧,1
2826,橱,2646,树,1
2827,橹,1993,憎,1
2827,橹,2815,樽,1
2828,橼,2833,檑,1
2829,檀,1165,境,1
2829,檀,1365,嬗,1
2829,檀,2825,橦,1
2830,檄,2777,榔,1
2831,檎,2336,擒,1
2831,檎,2694,桷,1
2831,檎,2827,橹,1
2832,檐,2271,搋,1
2832,檐,2293,摅,1
2832,檐,4003,瞻,1
2833,檑,2834,檗,1
2834,檗,2692,桴,1
2834,檗,4977,苄,1
2835,檠,1734,弊,1
2835,檠,2334,擎,1
2836,檩,2009,懔,1
2836,檩,2224,掠,1
2836,檩,2313,撑,1
2836,檩,2735,椁,1
2836,檩,2803,槽,1
2836,檩,2815,樽,1
2836,檩,2838,檬,1
2837,檫,2313,撑,1
2837,檫,2720,棕,1
2837,檫,2836,檩,1
2837,檫,3589,猷,1
2838,檬,1666,幪,1
2838,檬,2242,掾,1
2838,檬,2823,橡,1
2838,檬,5448,蠓,1
2840,欠,646,反,1
2840,欠,3353,火,1
2841,次,411,冱,1
2841,次,414,况,1
2841,次,719,吹,1
2841,次,1048,坎,1
2842,欢,2356,攻,1
2842,欢,3612,玖,1
2842,欢,3616,玟,1
2843,欣,165,伙,1
2843,欣,682,各,1
2843,欣,764,咔,1
2843,欣,1056,坝,1
2843,欣,2410,旌,1
2843,欣,2844,欤,1
2843,欣,3389,炽,1
2843,欣,4749,肷,1
2843,欣,5967,软,1
2844,欤,2843,欣,1
2845,欧,2358,政,1
2845,欧,3623,玫,1
2845,欧,4074,硬,1
2845,欧,5563,觋,1
2845,欧,6739,颐,1
2846,欲,1745,弥,1
2846,欲,2357,放,1
2846,欲,4031,砍,1
2846,欲,5759,貌,1
2846,欲,6159,郐,1
2846,欲,6730,领,1
2847,欷,5833,赪,1
2849,欹,2844,欤,1
2849,欹,2856,歌,1
2850,欺,2379,敷,1
2850,欺,3291,漱,1
2851,款,2357,放,1
2851,款,2365,敕,1
2851,款,5564,觌,1
2851,款,6743,颖,1
2852,歃,2847,欷,1
2853,歆,2849,欹,1
2853,歆,6711,韵,1
2853,歆,6755,颢,1
2854,歇,1366,嬲,1
2854,歇,1775,影,1
2854,歇,2374,敫,1
2854,歇,2846,欲,1
2854,歇,6170,郧,1
2854,歇,6725,颁,1
2855,歉,1586,嵌,1
2855,歉,2852,歃,1
2855,歉,3722,瓤,1
2855,歉,5222,蔌,1
2855,歉,6743,颖,1
2855,歉,7088,鹣,1
2856,歌,2846,欲,1
2856,歌,2851,款,1
2856,歌,2854,歇,1
2856,歌,3722,瓤,1
2856,歌,4180,秋,1
2858,止,21,丛,1
2858,止,79,二,1
2858,止,2859,正,1
2858,止,4616,置,1
2859,正,62,乙,1
2859,正,446,函,1
2859,正,563,匝,1
2859,正,570,匹,1
2859,正,1611,工,1
2859,正,1614,巨,1
2859,正,1808,心,1
2859,正,2858,止,1
2859,正,3782,疋,1
2859,正,4260,立,1
2859,正,6023,辽,1
2860,此,1468,少,1
2860,此,1810,必,1
2860,此,3063,洗,1
2860,此,5384,蜮,1
2860,此,5618,论,1
2860,此,6147,邺,1
2861,步,594,占,1
2861,步,1402,宇,1
2861,步,1759,当,1
2861,步,2522,月,1
2861,步,4391,米,1
2861,步,4402,粜,1
2861,步,4941,芊,1
2862,武,1736,式,1
2862,武,2016,戋,1
2862,武,2022,我,1
2862,武,3737,甙,1
2863,歧,1568,崎,1
2863,歧,2027,战,1
2863,歧,2887,殴,1
2864,歪,705,否,1
2864,歪,709,含,1
2864,歪,978,噩,1
2864,歪,1906,悉,1
2864,歪,4878,至,1
2865,歹,1518,岁,1
2865,歹,3723,瓦,1
2866,死,3357,灰,1
2866,死,4020,矶,1
2866,死,4033,砒,1
2866,死,4469,纰,1
2867,歼,1243,奸,1
2867,歼,4021,矸,1
2867,歼,4212,稣,1
2867,歼,6972,鲧,1
2868,殁,2028,戚,1
2868,殁,2869,殂,1
2868,殁,2888,段,1
2869,殂,2873,殇,1
2870,殃,4052,砷,1
2870,殃,4068,硖,1
2870,殃,4087,碘,1
2871,殄,2879,殓,1
2871,殄,4090,碜,1
2871,殄,4765,胗,1
2872,殆,1253,妊,1
2872,殆,1287,姞,1
2872,殆,4107,磊,1
2872,殆,6851,骀,1
2873,殇,2877,殍,1
2873,殇,3795,疡,1
2874,殉,4023,矽,1
2875,殊,2870,殃,1
2875,殊,2876,残,1
2875,殊,3978,睬,1
2876,残,2019,戎,1
2876,残,2020,戏,1
2876,残,4097,碱,1
2876,残,4301,笺,1
2876,残,4483,线,1
2876,残,5098,莪,1
2878,殒,4067,硕,1
2878,殒,6724,颀,1
2879,殓,4077,硷,1
2879,殓,5748,豨,1
2880,殖,4100,碴,1
2884,殣,1132,堇,1
2884,殣,3604,獾,1
2886,殳,643,及,1
2887,殴,1346,嫂,1
2887,殴,6234,醍,1
2887,殴,6739,颐,1
2888,段,166,会,1
2888,段,305,假,1
2888,段,1346,嫂,1
2888,段,1778,役,1
2888,段,1923,悭,1
2888,段,2365,敕,1
2888,段,2374,敫,1
2888,段,3504,牧,1
2888,段,3623,玫,1
2888,段,4220,穀,1
2888,段,4491,织,1
2888,段,4629,羚,1
2888,段,5772,质,1
2889,殷,2888,段,1
2889,殷,4904,般,1
2890,殿,6722,顾,1
2891,毁,2995,没,1
2891,毁,3731,甄,1
2892,毂,1756,彀,1
2892,毂,2379,敷,1
2893,毅,2357,放,1
2893,毅,2377,敲,1
2893,毅,4267,竣,1
2894,毋,13,丑,1
2895,母,1001,四,1
2895,母,1005,因,1
2895,母,2860,此,1
2895,母,2861,步,1
2896,每,1669,年,1
2896,每,1764,彝,1
2896,每,2894,毋,1
2896,每,4626,美,1
2896,每,4930,色,1
2896,每,6796,饵,1
2897,毐,532,势,1
2897,毐,1382,孟,1
2897,毐,2935,氨,1
2897,毐,5117,菊,1
2898,毒,2897,毐,1
2898,毒,3043,泰,1
2898,毒,6648,霉,1
2899,毓,6401,锍,1
2900,比,165,伙,1
2900,比,352,儿,1
2900,比,669,叱,1
2900,比,1036,地,1
2900,比,2918,氏,1
2900,比,2950,汇,1
2900,比,5303,虻,1
2901,毕,579,午,1
2901,毕,812,哞,1
2901,毕,3498,牛,1
2902,毖,1879,恕,1
2902,毖,3389,炽,1
2902,毖,4520,绥,1
2903,毗,2075,批,1
2903,毗,4905,舭,1
2904,毙,1580,崴,1
2904,毙,2911,毵,1
2904,毙,4299,笳,1
2904,毙,4342,箢,1
2904,毙,6477,镜,1
2905,毛,48,乇,1
2905,毛,1401,宅,1
2906,毡,2907,毪,1
2906,毡,2909,毯,1
2906,毡,6325,钻,1
2906,毡,6354,铝,1
2908,毫,367,党,1
2908,毫,7184,龟,1
2909,毯,2907,毪,1
2909,毯,2913,毽,1
2909,毯,3673,琰,1
2911,毵,4177,秃,1
2915,氆,2907,毪,1
2915,氆,2916,氇,1
2916,氇,2915,氆,1
2918,氏,138,代,1
2918,氏,2920,民,1
2918,氏,3723,瓦,1
2918,氏,4483,线,1
2918,氏,4949,芘,1
2919,氐,120,仇,1
2919,氐,3890,白,1
2920,民,1489,尾,1
2920,民,1492,屁,1
2920,民,1813,忌,1
2920,民,2918,氏,1
2920,民,6832,马,1
2921,氓,1086,垞,1
2921,氓,3037,泥,1
2921,氓,3114,浪,1
2922,气,1406,完,1
2922,气,1416,宝,1
2922,气,6273,钅,1
2923,氕,2426,旯,1
2924,氖,2931,氢,1
2924,氖,5569,角,1
2924,氖,6826,首,1
2925,氘,2923,氕,1
2927,氚,260,俞,1
2928,氛,2938,氮,1
2928,氛,4265,竟,1
2928,氛,4296,第,1
2929,氟,2924,氖,1
2929,氟,2932,氤,1
2929,氟,2940,氰,1
2929,氟,4390,籍,1
2929,氟,5572,觜,1
2930,氡,2929,氟,1
2930,氡,2937,氪,1
2931,氢,405,冤,1
2931,氢,2928,氛,1
2931,氢,2933,氦,1
2931,氢,2938,氮,1
2931,氢,4238,窆,1
2931,氢,6257,金,1
2932,氤,2935,氨,1
2932,氤,2939,氯,1
2933,氦,2934,氧,1
2933,氦,2935,氨,1
2934,氧,2925,氘,1
2934,氧,2929,氟,1
2934,氧,3606,率,1
2934,氧,6772,食,1
2935,氨,2924,氖,1
2935,氨,2930,氡,1
2935,氨,2931,氢,1
2935,氨,2934,氧,1
2935,氨,2936,氩,1
2935,氨,2939,氯,1
2935,氨,4301,笺,1
2936,氩,2926,氙,1
2936,氩,2934,氧,1
2936,氩,2935,氨,1
2937,氪,2935,氨,1
2937,氪,2940,氰,1
2938,氮,1763,彘,1
2938,氮,2926,氙,1
2938,氮,2935,氨,1
2938,氮,2939,氯,1
2938,氮,2941,氲,1
2939,氯,1962,愈,1
2939,氯,2928,氛,1
2939,氯,2930,氡,1
2939,氯,2934,氧,1
2939,氯,2935,氨,1
2939,氯,2938,氮,1
2939,氯,6092,逸,1
2940,氰,2924,氖,1
2940,氰,2930,氡,1
2940,氰,2937,氪,1
2940,氰,3973,督,1
2940,氰,5746,象,1
2941,氲,2936,氩,1
2941,氲,2938,氮,1
2941,氲,4365,篢,1
2942,水,445,凼,1
2942,水,707,吨,1
2942,水,1373,孔,1
2942,水,1467,小,1
2942,水,2052,手,1
2942,水,2054,才,1
2942,水,2356,攻,1
2942,水,2944,永,1
2944,永,688,名,1
2944,永,5468,衤,1
2945,氽,5467,衣,1
2946,汀,666,叮,1
2946,汀,1673,幻,1
2946,汀,2947,汁,1
2946,汀,2951,汈,1
2946,汀,3009,河,1
2946,汀,3609,玎,1
2946,汀,5070,荧,1
2946,汀,6504,门,1
2947,汁,113,什,1
2947,汁,1725,廾,1
2947,汁,2054,才,1
2947,汁,2386,斗,1
2947,汁,5602,讨,1
2948,求,2537,末,1
2948,求,2961,汞,1
2950,汇,1811,忆,1
2950,汇,2968,汪,1
2950,汇,3026,法,1
2950,汇,5601,讧,1
2951,汈,2994,沟,1
2951,汈,3102,浔,1
2951,汈,5626,诃,1
2951,汈,6505,闩,1
2952,汉,118,仅,1
2952,汉,2953,汊,1
2952,汉,5607,议,1
2953,汊,2952,汉,1
2954,汐,409,冯,1
2954,汐,2973,汶,1
2954,汐,3009,河,1
2954,汐,5615,讷,1
2954,汐,5656,询,1
2955,汔,3000,沧,1
2955,汔,3120,浼,1
2956,汕,409,冯,1
2956,汕,1514,山,1
2956,汕,1741,弘,1
2956,汕,3011,油,1
2956,汕,5599,讥,1
2957,汗,2060,托,1
2957,汗,2978,沂,1
2957,汗,3098,浐,1
2957,汗,3366,炉,1
2957,汗,4458,纤,1
2957,汗,5616,许,1
2958,汛,414,况,1
2958,汛,3001,沨,1
2958,汛,6508,闭,1
2959,汜,3654,理,1
2959,汜,4131,祀,1
2959,汜,5609,记,1
2960,汝,26,两,1
2960,汝,559,北,1
2960,汝,1240,女,1
2960,汝,1250,妆,1
2960,汝,2952,汉,1
2960,汝,2954,汐,1
2960,汝,2973,汶,1
2960,汝,2991,沙,1
2960,汝,3014,沽,1
2960,汝,3022,泌,1
2960,汝,3101,浓,1
2960,汝,4520,绥,1
2960,汝,5638,诐,1
2961,汞,60,乖,1
2961,汞,2079,承,1
2961,汞,2944,永,1
2961,汞,5744,豕,1
2962,江,125,从,1
2962,江,431,几,1
2962,江,2946,汀,1
2962,江,4464,纪,1
2962,江,5609,记,1
2962,江,5741,豇,1
2963,池,1036,地,1
2963,池,1832,忱,1
2963,池,3002,沩,1
2964,污,46,乃,1
2964,污,82,亏,1
2964,污,2981,沅,1
2964,污,3032,泞,1
2964,污,3055,洁,1
2964,污,3082,活,1
2965,汤,411,冱,1
2965,汤,1039,场,1
2965,汤,2994,沟,1
2965,汤,3011,油,1
2965,汤,3016,沿,1
2965,汤,3614,玚,1
2965,汤,4008,矛,1
2965,汤,5624,证,1
2966,汨,3039,泪,1
2966,汨,3142,涧,1
2966,汨,6538,阋,1
2967,汩,3039,泪,1
2967,汩,6509,问,1
2967,汩,6562,阳,1
2968,汪,2957,汗,1
2968,汪,2979,沃,1
2968,汪,3036,泣,1
2968,汪,3083,洼,1
2968,汪,3127,涑,1
2968,汪,3170,淦,1
2968,汪,4473,纴,1
2968,汪,4499,经,1
2968,汪,5672,诳,1
2970,汰,516,办,1
2970,汰,3048,泷,1
2971,汲,646,反,1
2971,汲,2420,旧,1
2971,汲,2952,汉,1
2971,汲,2954,汐,1
2971,汲,2958,汛,1
2971,汲,2973,汶,1
2971,汲,2994,沟,1
2971,汲,3137,涡,1
2971,汲,3318,澉,1
2971,汲,4461,级,1
2971,汲,5672,诳,1
2971,汲,6506,闪,1
2972,汴,97,亦,1
2972,汴,694,吓,1
2973,汶,2960,汝,1
2973,汶,4478,纹,1
2974,汹,2990,沘,1
2974,汹,3022,泌,1
2975,汽,681,吃,1
2975,汽,2923,氕,1
2975,汽,2974,汹,1
2975,汽,3177,淹,1
2975,汽,4459,纥,1
2975,汽,4507,绘,1
2975,汽,5605,讫,1
2975,汽,6615,隹,1
2976,汾,152,份,1
2976,汾,521,劣,1
2976,汾,3051,泻,1
2976,汾,3137,涡,1
2977,沁,2950,汇,1
2977,沁,3094,测,1
2977,沁,6038,这,1
2978,沂,2393,斤,1
2978,沂,2979,沃,1
2978,沂,3031,泜,1
2978,沂,3032,泞,1
2978,沂,3104,浙,1
2978,沂,3785,疑,1
2979,沃,417,冻,1
2979,沃,1214,头,1
2979,沃,2953,汊,1
2979,沃,2970,汰,1
2979,沃,2981,沅,1
2979,沃,2999,沦,1
2979,沃,3082,活,1
2979,沃,4391,米,1
2980,沄,2964,污,1
2980,沄,2981,沅,1
2980,沄,3040,泫,1
2981,沅,155,伉,1
2981,沅,2955,汔,1
2981,沅,2984,沉,1
2983,沈,295,倪,1
2983,沈,2900,比,1
2983,沈,3086,流,1
2983,沈,3153,淀,1
2984,沉,399,冗,1
2984,沉,2841,次,1
2984,沉,2951,汈,1
2984,沉,2983,沈,1
2984,沉,2990,沘,1
2984,沉,3001,沨,1
2984,沉,3176,混,1
2984,沉,5605,讫,1
2985,沌,3087,浃,1
2985,沌,4468,纯,1
2986,沏,3027,泖,1
2986,沏,3077,洳,1
2986,沏,3158,淋,1
2986,沏,6144,邶,1
2987,沐,2993,沛,1
2987,沐,3041,泮,1
2987,沐,3645,珥,1
2988,沓,2425,旮,1
2988,沓,3123,消,1
2988,沓,3894,皆,1
2988,沓,4761,背,1
2989,沔,12,丐,1
2989,沔,614,卿,1
2989,沔,3248,溽,1
2990,沘,4469,纰,1
2991,沙,1468,少,1
2991,沙,2946,汀,1
2991,沙,3204,渺,1
2992,沚,3028,泗,1
2993,沛,35,串,1
2993,沛,1627,市,1
2993,沛,2976,汾,1
2993,沛,3127,涑,1
2993,沛,3278,漆,1
2993,沛,5622,访,1
2994,沟,1534,岣,1
2994,沟,3163,淘,1
2994,沟,4724,肉,1
2994,沟,5705,谕,1
2995,没,1361,嫫,1
2995,没,2353,收,1
2995,没,2383,斐,1
2995,没,2953,汊,1
2995,没,2973,汶,1
2995,没,3016,沿,1
2995,没,3269,滥,1
2995,没,3923,盗,1
2995,没,4267,竣,1
2995,没,4536,绶,1
2995,没,4736,股,1
2995,没,5607,议,1
2995,没,5629,识,1
2995,没,5634,诌,1
2996,沣,3083,洼,1
2997,沤,2959,汜,1
2997,沤,2962,江,1
2997,沤,2968,汪,1
2997,沤,3022,泌,1
2997,沤,3037,泥,1
2998,沥,2971,汲,1
2998,沥,2991,沙,1
2998,沥,6201,酒,1
2999,沦,174,伦,1
2999,沦,415,冶,1
2999,沦,2950,汇,1
2999,沦,2983,沈,1
2999,沦,3107,浞,1
2999,沦,5630,诈,1
2999,沦,5661,诧,1
3000,沧,1034,圮,1
3000,沧,1399,它,1
3000,沧,2955,汔,1
3000,沧,3034,泡,1
3000,沧,4475,纶,1
3000,沧,5686,谁,1
3001,沨,2986,沏,1
3001,沨,6527,阀,1
3003,沪,420,净,1
3003,沪,1402,宇,1
3003,沪,2991,沙,1
3003,沪,2993,沛,1
3003,沪,5616,许,1
3004,沫,1052,块,1
3004,沫,1744,张,1
3004,沫,2987,沐,1
3004,沫,2996,沣,1
3004,沫,3064,洙,1
3004,沫,3087,浃,1
3004,沫,3134,涞,1
3004,沫,3278,漆,1
3004,沫,5602,讨,1
3004,沫,5611,讳,1
3005,沭,2513,曲,1
3005,沭,5612,讴,1
3006,沮,414,况,1
3006,沮,1003,回,1
3006,沮,1135,堌,1
3006,沮,2966,汨,1
3006,沮,2967,汩,1
3006,沮,4488,组,1
3006,沮,5624,证,1
3007,沱,2959,汜,1
3007,沱,2963,池,1
3007,沱,2964,污,1
3007,沱,4475,纶,1
3008,沲,6045,迤,1
3009,河,747,呵,1
3009,河,1071,坷,1
3009,河,2946,汀,1
3009,河,2965,汤,1
3009,河,3067,洞,1
3009,河,3633,珂,1
3009,河,4470,纱,1
3009,河,5635,词,1
3009,河,6518,闷,1
3010,沸,1740,弗,1
3010,沸,1866,怫,1
3010,沸,3049,泸,1
3010,沸,3312,潸,1
3010,沸,5610,讲,1
3011,油,2986,沏,1
3011,油,3035,波,1
3011,油,4489,绅,1
3011,油,5490,袖,1
3011,油,6527,阀,1
3012,治,2976,汾,1
3012,治,2984,沉,1
3012,治,5619,讼,1
3012,治,5708,谘,1
3013,沼,214,佰,1
3013,沼,664,召,1
3013,沼,2984,沉,1
3013,沼,3016,沿,1
3013,沼,3197,温,1
3013,沼,5653,诟,1
3014,沽,179,估,1
3014,沽,409,冯,1
3014,沽,765,咕,1
3014,沽,1278,姑,1
3014,沽,3013,沼,1
3014,沽,3026,法,1
3014,沽,5644,诖,1
3014,沽,5666,语,1
3015,沾,415,冶,1
3015,沾,2976,汾,1
3015,沾,2984,沉,1
3015,沾,3012,治,1
3015,沾,3021,泊,1
3015,沾,3049,泸,1
3015,沾,3093,浊,1
3015,沾,5039,茳,1
3015,沾,5636,诎,1
3016,沿,211,佩,1
3016,沿,1877,恐,1
3016,沿,2967,汩,1
3016,沿,3021,泊,1
3016,沿,3084,洽,1
3016,沿,4500,绐,1
3017,泃,2951,汈,1
3017,泃,2965,汤,1
3017,泃,3009,河,1
3017,泃,3062,洒,1
3017,泃,3079,洵,1
3017,泃,3159,淌,1
3017,泃,5656,询,1
3017,泃,6509,问,1
3018,泄,1622,巴,1
3018,泄,3029,泚,1
3018,泄,3051,泻,1
3018,泄,3077,洳,1
3018,泄,4485,绁,1
3018,泄,5288,虍,1
3019,泅,1000,囚,1
3019,泅,3021,泊,1
3019,泅,3025,泔,1
3019,泅,3028,泗,1
3019,泅,4490,细,1
3020,泉,2590,果,1
3020,泉,3379,炭,1
3020,泉,6049,迩,1
3020,泉,6250,采,1
3021,泊,1094,垧,1
3021,泊,2966,汨,1
3021,泊,2998,沥,1
3021,泊,3128,涓,1
3021,泊,3632,珀,1
3021,泊,5686,谁,1
3022,泌,185,似,1
3022,泌,2841,次,1
3022,泌,2977,沁,1
3022,泌,2991,沙,1
3022,泌,3074,洮,1
3022,泌,5619,讼,1
3022,泌,6794,饳,1
3023,泐,515,劝,1
3023,泐,2998,沥,1
3024,泓,3059,洌,1
3024,泓,6548,阖,1
3025,泔,3075,洱,1
3025,泔,5331,蚶,1
3026,法,444,击,1
3026,法,1493,层,1
3026,法,2980,沄,1
3026,法,3072,洪,1
3026,法,3087,浃,1
3026,法,3116,浯,1
3026,法,4142,祛,1
3026,法,4503,结,1
3026,法,5659,该,1
3028,泗,3019,泅,1
3029,泚,410,冰,1
3029,泚,745,呲,1
3029,泚,4033,砒,1
3030,泛,3054,泾,1
3030,泛,4499,经,1
3031,泜,3009,河,1
3031,泜,3181,渊,1
3031,泜,5617,讹,1
3032,泞,409,冯,1
3032,泞,415,冶,1
3032,泞,2069,扭,1
3032,泞,2964,污,1
3032,泞,5626,诃,1
3033,泠,3627,玲,1
3033,泠,5654,诠,1
3033,泠,5704,谔,1
3034,泡,551,包,1
3034,泡,2104,抱,1
3034,泡,2841,次,1
3034,泡,2959,汜,1
3034,泡,2974,汹,1
3034,泡,2984,沉,1
3034,泡,3007,沱,1
3034,泡,3163,淘,1
3034,泡,4475,纶,1
3034,泡,4771,胞,1
3034,泡,5656,询,1
3035,波,718,吸,1
3035,波,1060,坡,1
3035,波,2971,汲,1
3035,波,3001,沨,1
3035,波,3012,治,1
3035,波,3016,沿,1
3035,波,3119,浸,1
3035,波,3631,玻,1
3035,波,3904,皮,1
3035,波,5648,诚,1
3036,泣,190,位,1
3036,泣,1075,垃,1
3036,泣,2118,拉,1
3036,泣,3015,沾,1
3036,泣,3153,淀,1
3036,泣,4507,绘,1
3036,泣,5605,讫,1
3036,泣,5661,诧,1
3037,泥,414,况,1
3037,泥,1067,坭,1
3037,泥,1268,妮,1
3037,泥,2921,氓,1
3037,泥,2971,汲,1
3037,泥,3022,泌,1
3037,泥,3042,泯,1
3038,注,411,冱,1
3038,注,416,冷,1
3038,注,1678,庄,1
3038,注,2955,汔,1
3038,注,2975,汽,1
3038,注,2999,沦,1
3038,注,3030,泛,1
3038,注,3036,泣,1
3038,注,3083,洼,1
3038,注,3121,涂,1
3038,注,3187,渔,1
3039,泪,2729,棱,1
3039,泪,2967,汩,1
3039,泪,2974,汹,1
3039,泪,3021,泊,1
3039,泪,3028,泗,1
3039,泪,3127,涑,1
3039,泪,3173,淮,1
3039,泪,4488,组,1
3040,泫,3033,泠,1
3040,泫,3605,玄,1
3040,泫,3817,痃,1
3040,泫,4467,纭,1
3040,泫,5659,该,1
3041,泮,581,半,1
3041,泮,5611,讳,1
3041,泮,5662,诨,1
3042,泯,2921,氓,1
3042,泯,3037,泥,1
3042,泯,3176,混,1
3042,泯,3635,珉,1
3043,泰,1225,奉,1
3043,泰,1892,恭,1
3043,泰,3046,泵,1
3043,泰,3944,看,1
3043,泰,7122,黍,1
3044,泱,413,决,1
3044,泱,2983,沈,1
3044,泱,3004,沫,1
3045,泳,3004,沫,1
3045,泳,3005,沭,1
3045,泳,3079,洵,1
3045,泳,4545,绿,1
3046,泵,1195,夏,1
3046,泵,2961,汞,1
3046,泵,5744,豕,1
3047,泶,3295,漾,1
3049,泸,2996,沣,1
3049,泸,3003,沪,1
3049,泸,5630,诈,1
3050,泺,3064,洙,1
3050,泺,3082,活,1
3050,泺,3166,淞,1
3050,泺,6056,迷,1
3051,泻,227,侍,1
3051,泻,400,写,1
3051,泻,409,冯,1
3051,泻,3016,沿,1
3051,泻,3066,洛,1
3051,泻,3099,浑,1
3051,泻,3290,漯,1
3051,泻,5662,诨,1
3051,泻,5684,诿,1
3051,泻,5717,谢,1
3051,泻,7059,鸿,1
3052,泼,647,发,1
3052,泼,2015,戊,1
3052,泼,2971,汲,1
3052,泼,2995,没,1
3052,泼,3012,治,1
3052,泼,3101,浓,1
3052,泼,3242,溲,1
3052,泼,4486,绂,1
3053,泽,2133,拜,1
3053,泽,3140,涤,1
3053,泽,3664,琤,1
3053,泽,4281,笋,1
3053,泽,4498,绎,1
3053,泽,5627,评,1
3054,泾,3196,渥,1
3054,泾,3316,澄,1
3055,洁,1387,学,1
3055,洁,3084,洽,1
3055,洁,3175,淳,1
3055,洁,4524,绩,1
3055,洁,5613,讵,1
3055,洁,5657,诣,1
3056,洄,1789,徊,1
3056,洄,3006,沮,1
3056,洄,3039,泪,1
3056,洄,6201,酒,1
3057,洇,3136,涠,1
3058,洋,93,亡,1
3058,洋,213,佯,1
3058,洋,2996,沣,1
3058,洋,3263,滞,1
3060,洎,3039,泪,1
3060,洎,3075,洱,1
3060,洎,3632,珀,1
3060,洎,4534,维,1
3061,洑,3556,狱,1
3061,洑,5499,袱,1
3062,洒,3028,泗,1
3062,洒,3073,洫,1
3062,洒,3209,湎,1
3062,洒,3275,滴,1
3062,洒,5617,讹,1
3062,洒,6193,酉,1
3063,洗,222,侃,1
3063,洗,359,先,1
3063,洗,1842,怃,1
3063,洗,2982,沆,1
3063,洗,2983,沈,1
3063,洗,2984,沉,1
3063,洗,3120,浼,1
3065,洚,3053,泽,1
3065,洚,3140,涤,1
3065,洚,3174,深,1
3065,洚,4510,绛,1
3066,洛,415,冶,1
3066,洛,775,咨,1
3066,洛,2661,格,1
3066,洛,3084,洽,1
3066,洛,3117,浴,1
3066,洛,3642,珞,1
3066,洛,4511,络,1
3066,洛,5160,落,1
3066,洛,5722,谧,1
3067,洞,623,厕,1
3067,洞,3009,河,1
3067,洞,3056,洄,1
3067,洞,3057,洇,1
3067,洞,5688,调,1
3067,洞,6509,问,1
3067,洞,6546,阔,1
3068,洣,3005,沭,1
3068,洣,3127,涑,1
3068,洣,3198,渫,1
3069,津,1790,律,1
3069,津,2996,沣,1
3069,津,3004,沫,1
3069,津,3041,泮,1
3069,津,3058,洋,1
3069,津,3162,淖,1
3069,津,3297,潇,1
3069,津,3752,申,1
3069,津,5645,诗,1
3070,洧,3021,泊,1
3071,洨,2973,汶,1
3071,洨,2995,没,1
3071,洨,3105,浚,1
3071,洨,4513,绞,1
3071,洨,5619,讼,1
3071,洨,6038,这,1
3072,洪,232,供,1
3072,洪,383,典,1
3072,洪,1675,幽,1
3072,洪,2547,杂,1
3072,洪,3068,洣,1
3072,洪,4637,羰,1
3072,洪,4977,苄,1
3073,洫,3209,湎,1
3074,洮,3143,涨,1
3075,洱,3039,泪,1
3075,洱,4548,缂,1
3075,洱,5688,调,1
3076,洲,3094,测,1
3076,洲,3181,渊,1
3076,洲,3636,珊,1
3077,洳,2986,沏,1
3077,洳,3022,泌,1
3077,洳,4549,缃,1
3078,洴,5610,讲,1
3078,洴,5671,诲,1
3079,洵,3009,河,1
3079,洵,3163,淘,1
3079,洵,5656,询,1
3080,洹,562,匜,1
3080,洹,3073,洫,1
3080,洹,3187,渔,1
3081,洺,2973,汶,1
3081,洺,4511,络,1
3081,洺,5065,荡,1
3082,活,1744,张,1
3082,活,3015,沾,1
3082,活,3081,洺,1
3082,活,4517,绢,1
3082,活,5622,访,1
3082,活,5669,诰,1
3082,活,5684,诿,1
3083,洼,221,使,1
3083,洼,3026,法,1
3083,洼,3055,洁,1
3083,洼,3069,津,1
3083,洼,3231,溘,1
3084,洽,3054,泾,1
3084,洽,3081,洺,1
3084,洽,3095,浍,1
3084,洽,4336,箔,1
3084,洽,5619,讼,1
3084,洽,5630,诈,1
3084,洽,5640,诒,1
3084,洽,5669,诰,1
3085,派,3031,泜,1
3085,派,3230,源,1
3085,派,4525,绪,1
3085,派,5617,讹,1
3086,流,1504,展,1
3086,流,2984,沉,1
3086,流,3120,浼,1
3086,流,3250,滂,1
3086,流,3253,滋,1
3086,流,3784,疏,1
3086,流,4514,统,1
3086,流,5698,谎,1
3087,浃,3127,涑,1
3088,浅,195,体,1
3088,浅,2169,挠,1
3088,浅,3225,溅,1
3088,浅,3227,溇,1
3088,浅,6091,逶,1
3089,浆,410,冰,1
3089,浆,2633,柴,1
3089,浆,2689,桨,1
3089,浆,3047,泶,1
3089,浆,4444,絷,1
3089,浆,5992,辈,1
3090,浇,414,况,1
3090,浇,2169,挠,1
3090,浇,2615,柒,1
3090,浇,3026,法,1
3090,浇,3083,洼,1
3090,浇,5094,莞,1
3091,浈,3224,溃,1
3091,浈,4153,祯,1
3091,浈,6719,须,1
3092,浉,1631,师,1
3092,浉,3023,泐,1
3093,浊,5297,虫,1
3093,浊,5636,诎,1
3094,测,238,侧,1
3094,测,464,刚,1
3094,测,3228,溉,1
3095,浍,1475,尝,1
3095,浍,3121,涂,1
3095,浍,4507,绘,1
3096,济,810,哜,1
3096,济,2978,沂,1
3096,济,3205,湃,1
3096,济,3617,玠,1
3097,浏,419,冽,1
3097,浏,489,削,1
3097,浏,3059,洌,1
3097,浏,3094,测,1
3098,浐,3049,泸,1
3099,浑,401,军,1
3099,浑,573,匾,1
3099,浑,3062,洒,1
3099,浑,3121,涂,1
3099,浑,3174,深,1
3099,浑,3188,渖,1
3099,浑,3199,渭,1
3099,浑,3257,滓,1
3101,浓,1731,弄,1
3102,浔,1795,得,1
3103,浕,408,冬,1
3104,浙,1950,惭,1
3104,浙,2092,折,1
3104,浙,3112,浦,1
3104,浙,3211,湔,1
3104,浙,4800,脐,1
3104,浙,5382,蜥,1
3105,浚,416,冷,1
3105,浚,3189,渗,1
3105,浚,4279,笈,1
3105,浚,4536,绶,1
3105,浚,5659,该,1
3105,浚,5716,谡,1
3105,浚,6084,逡,1
3106,浜,3113,浩,1
3106,浜,3192,渠,1
3107,浞,3188,渖,1
3107,浞,3223,湿,1
3107,浞,5624,证,1
3108,浠,1632,希,1
3108,浠,2993,沛,1
3108,浠,3156,淆,1
3109,浡,3236,溥,1
3109,浡,3248,溽,1
3109,浡,3250,滂,1
3110,浣,1810,必,1
3110,浣,2975,汽,1
3110,浣,3120,浼,1
3110,浣,3271,滨,1
3111,浥,3034,泡,1
3111,浥,4533,绳,1
3112,浦,3011,油,1
3112,浦,3014,沽,1
3112,浦,5989,辅,1
3112,浦,6069,逋,1
3113,浩,3026,法,1
3113,浩,3063,洗,1
3113,浩,3082,活,1
3113,浩,3216,湝,1
3113,浩,5634,诌,1
3114,浪,1320,婆,1
3114,浪,3037,泥,1
3114,浪,3085,派,1
3114,浪,3564,狼,1
3115,浮,424,凉,1
3115,浮,3098,浐,1
3115,浮,3102,浔,1
3116,浯,3066,洛,1
3116,浯,3283,漕,1
3116,浯,3676,琵,1
3117,浴,1894,恰,1
3117,浴,3012,治,1
3117,浴,3066,洛,1
3117,浴,3084,洽,1
3117,浴,3294,漹,1
3117,浴,4584,缩,1
3118,海,243,侮,1
3118,海,3015,沾,1
3118,海,3065,洚,1
3118,海,3073,洫,1
3118,海,3163,淘,1
3118,海,3253,滋,1
3118,海,3717,瓜,1
3118,海,5236,蔼,1
3118,海,5550,西,1
3118,海,5694,谊,1
3119,浸,1558,峧,1
3119,浸,3035,波,1
3119,浸,3109,浡,1
3119,浸,5659,该,1
3119,浸,6093,逻,1
3119,浸,6863,骎,1
3120,浼,3086,流,1
3120,浼,3220,湮,1
3120,浼,5697,谍,1
3121,涂,2616,染,1
3121,涂,3140,涤,1
3121,涂,3164,淙,1
3121,涂,3175,淳,1
3121,涂,3191,渝,1
3121,涂,3278,漆,1
3121,涂,6588,除,1
3122,涅,2624,柠,1
3122,涅,3197,温,1
3123,消,1148,堵,1
3123,消,1905,悄,1
3123,消,3137,涡,1
3123,消,3173,淮,1
3123,消,3180,清,1
3123,消,4071,硝,1
3123,消,4516,绡,1
3123,消,4796,脊,1
3123,消,5657,诣,1
3123,消,6579,陌,1
3124,涉,1113,埗,1
3124,涉,1517,屿,1
3124,涉,2964,污,1
3124,涉,2991,沙,1
3124,涉,3049,泸,1
3124,涉,3202,渴,1
3124,涉,5633,诋,1
3124,涉,5679,诺,1
3124,涉,6585,陟,1
3125,涌,3141,润,1
3125,涌,3209,湎,1
3125,涌,3275,滴,1
3125,涌,3280,漏,1
3125,涌,6522,闻,1
3125,涌,6977,鲬,1
3126,涎,413,决,1
3126,涎,1722,延,1
3126,涎,3272,滩,1
3126,涎,3651,珽,1
3126,涎,5769,败,1
3128,涓,3137,涡,1
3128,涓,3256,滑,1
3128,涓,4517,绢,1
3129,涔,3216,湝,1
3129,涔,4593,缲,1
3130,涕,3174,深,1
3130,涕,4523,绨,1
3130,涕,4564,缔,1
3130,涕,4578,缣,1
3130,涕,6074,递,1
3131,涘,3139,涣,1
3131,涘,5675,诶,1
3132,涛,264,俦,1
3132,涛,1148,堵,1
3132,涛,2098,抢,1
3132,涛,3236,溥,1
3132,涛,5662,诨,1
3132,涛,5895,踌,1
3133,涝,2993,沛,1
3133,涝,3113,浩,1
3133,涝,3263,滞,1
3133,涝,5119,菏,1
3134,涞,2564,来,1
3134,涞,2628,柬,1
3134,涞,3064,洙,1
3134,涞,3068,洣,1
3134,涞,3087,浃,1
3134,涞,3127,涑,1
3134,涞,3238,溧,1
3134,涞,5642,诔,1
3135,涟,3099,浑,1
3135,涟,3150,涵,1
3135,涟,3203,游,1
3135,涟,3659,琏,1
3135,涟,3977,睫,1
3135,涟,4573,缝,1
3135,涟,5613,讵,1
3135,涟,6033,近,1
3135,涟,6034,迓,1
3136,涠,3164,淙,1
3136,涠,3245,溷,1
3136,涠,5688,调,1
3136,涠,6530,阃,1
3137,涡,1561,峭,1
3137,涡,3130,涕,1
3137,涡,3152,涿,1
3137,涡,4517,绢,1
3137,涡,4577,缢,1
3137,涡,5622,访,1
3138,涢,2971,汲,1
3138,涢,3091,浈,1
3138,涢,3137,涡,1
3138,涢,3168,淡,1
3138,涢,3230,源,1
3138,涢,5721,谦,1
3138,涢,6717,项,1
3139,涣,841,唤,1
3139,涣,2841,次,1
3139,涣,3091,浈,1
3139,涣,3239,溪,1
3139,涣,6582,陔,1
3140,涤,420,净,1
3140,涤,3051,泻,1
3140,涤,3115,浮,1
3140,涤,3130,涕,1
3140,涤,3174,深,1
3140,涤,3182,渌,1
3141,润,267,俪,1
3141,润,3225,溅,1
3141,润,3245,溷,1
3141,润,3804,疯,1
3142,涧,1789,徊,1
3142,涧,1873,恂,1
3142,涧,3017,泃,1
3142,涧,3067,洞,1
3142,涧,3079,洵,1
3142,涧,5656,询,1
3143,涨,1441,密,1
3143,涨,3074,洮,1
3143,涨,3134,涞,1
3143,涨,3318,澉,1
3143,涨,5314,蚍,1
3143,涨,5737,谶,1
3144,涩,3107,浞,1
3144,涩,6043,迟,1
3145,涪,1967,愔,1
3145,涪,3054,泾,1
3145,涪,3175,淳,1
3145,涪,3231,溘,1
3145,涪,3315,潽,1
3145,涪,4589,缮,1
3145,涪,5632,诊,1
3145,涪,5709,谙,1
3145,涪,6592,陪,1
3146,涫,1411,官,1
3146,涫,3672,琯,1
3147,涮,2205,捯,1
3147,涮,6541,阎,1
3148,涯,3054,泾,1
3148,涯,3173,淮,1
3148,涯,3865,瘩,1
3149,液,3070,洧,1
3149,液,3187,渔,1
3149,液,3804,疯,1
3150,涵,446,函,1
3150,涵,3211,湔,1
3150,涵,3293,漶,1
3150,涵,5636,诎,1
3150,涵,5666,语,1
3150,涵,6764,飓,1
3151,涸,425,凋,1
3151,涸,1855,怛,1
3151,涸,3067,洞,1
3151,涸,3141,润,1
3151,涸,5688,调,1
3152,涿,3663,琢,1
3153,淀,1413,定,1
3153,淀,3000,沧,1
3153,淀,3030,泛,1
3153,淀,3144,涩,1
3153,淀,3164,淙,1
3153,淀,3278,漆,1
3153,淀,4513,绞,1
3153,淀,4543,绽,1
3154,淄,3269,滥,1
3155,淅,3185,渐,1
3156,淆,743,周,1
3156,淆,921,嗜,1
3156,淆,3070,洧,1
3156,淆,3348,瀹,1
3156,淆,4170,禹,1
3156,淆,6665,靖,1
3157,淇,381,其,1
3157,淇,3242,溲,1
3158,淋,858,啉,1
3158,淋,2541,朱,1
3158,淋,3312,潸,1
3158,淋,3674,琳,1
3158,淋,5682,诽,1
3158,淋,6145,邸,1
3159,淌,409,冯,1
3159,淌,3067,洞,1
3159,淌,3070,洧,1
3159,淌,3116,浯,1
3159,淌,3275,滴,1
3159,淌,3809,疴,1
3159,淌,5667,诮,1
3159,淌,5956,躺,1
3160,淏,3198,渫,1
3160,淏,5668,误,1
3160,淏,5683,课,1
3161,淑,4900,舣,1
3161,淑,4901,舨,1
3162,淖,2041,戽,1
3162,淖,3099,浑,1
3162,淖,3172,淬,1
3162,淖,3257,滓,1
3162,淖,4530,绰,1
3163,淘,3034,泡,1
3163,淘,3079,洵,1
3163,淘,3118,海,1
3163,淘,3188,渖,1
3163,淘,3212,湖,1
3163,淘,4539,绹,1
3163,淘,6511,闰,1
3163,淘,6525,闾,1
3163,淘,6533,阆,1
3164,淙,3146,涫,1
3164,淙,3153,淀,1
3164,淙,3174,深,1
3164,淙,3175,淳,1
3164,淙,3671,琮,1
3167,淠,3099,浑,1
3168,淡,308,偎,1
3168,淡,418,冼,1
3168,淡,3085,派,1
3168,淡,3265,滠,1
3168,淡,5673,说,1
3169,淤,3105,浚,1
3169,淤,3203,游,1
3169,淤,6079,逛,1
3171,淫,1084,垕,1
3171,淫,1548,峃,1
3171,淫,3036,泣,1
3171,淫,3083,洼,1
3171,淫,3098,浐,1
3171,淫,3121,涂,1
3171,淫,3122,涅,1
3171,淫,3170,淦,1
3171,淫,3217,湟,1
3171,淫,3220,湮,1
3171,淫,4520,绥,1
3171,淫,5654,诠,1
3171,淫,6111,遥,1
3172,淬,3058,洋,1
3172,淬,3065,洚,1
3172,淬,3098,浐,1
3172,淬,3132,涛,1
3172,淬,3292,漳,1
3172,淬,4566,编,1
3173,淮,423,凇,1
3173,淮,3085,派,1
3173,淮,4534,维,1
3174,深,1495,居,1
3174,深,2225,探,1
3174,深,2957,汗,1
3174,深,3662,琛,1
3174,深,4582,缧,1
3174,深,5649,诛,1
3174,深,5662,诨,1
3175,淳,424,凉,1
3175,淳,3084,洽,1
3175,淳,3145,涪,1
3175,淳,3164,淙,1
3175,淳,3412,烹,1
3176,混,3008,沲,1
3176,混,3037,泥,1
3176,混,3042,泯,1
3177,淹,1222,奄,1
3177,淹,2999,沦,1
3177,淹,6264,鋈,1
3178,添,2233,掭,1
3179,淼,3089,浆,1
3180,清,948,嘘,1
3180,清,3070,洧,1
3180,清,3118,海,1
3180,清,3132,涛,1
3180,清,3159,淌,1
3180,清,3199,渭,1
3180,清,4528,绮,1
3180,清,6663,青,1
3180,清,6665,靖,1
3181,渊,495,剕,1
3181,渊,3322,澜,1
3183,渍,3037,泥,1
3183,渍,3156,淆,1
3183,渍,3180,清,1
3183,渍,3281,漓,1
3183,渍,4524,绩,1
3183,渍,5666,语,1
3183,渍,6041,违,1
3184,渎,3174,深,1
3185,渐,1950,惭,1
3185,渐,3321,澎,1
3186,渑,3120,浼,1
3187,渔,1415,宜,1
3187,渔,3021,泊,1
3187,渔,3038,注,1
3187,渔,3209,湎,1
3187,渔,3314,潼,1
3187,渔,3329,澹,1
3187,渔,6045,迤,1
3187,渔,6935,鱼,1
3188,渖,3182,渌,1
3189,渗,1452,寥,1
3189,渗,3068,洣,1
3189,渗,3129,涔,1
3189,渗,3850,瘆,1
3189,渗,5704,谔,1
3190,渚,3156,淆,1
3190,渚,3209,湎,1
3190,渚,3219,湫,1
3190,渚,3302,潜,1
3190,渚,5534,褚,1
3191,渝,3147,涮,1
3191,渝,4333,箍,1
3192,渠,1848,怎,1
3192,渠,3337,濠,1
3192,渠,4406,粢,1
3192,渠,4411,粱,1
3192,渠,6623,集,1
3193,渡,1699,度,1
3193,渡,3342,瀍,1
3193,渡,3800,疫,1
3194,渣,2626,查,1
3194,渣,3307,潭,1
3194,渣,3314,潼,1
3194,渣,6113,遭,1
3194,渣,6973,鲨,1
3195,渤,3317,澈,1
3195,渤,3318,澉,1
3195,渤,5734,谳,1
3195,渤,7116,麻,1
3196,渥,3122,涅,1
3196,渥,3241,溱,1
3196,渥,5665,诬,1
3197,温,905,喵,1
3197,温,3202,渴,1
3197,温,3235,溢,1
3197,温,3573,猖,1
3198,渫,892,喋,1
3198,渫,5697,谍,1
3199,渭,743,周,1
3199,渭,3176,混,1
3199,渭,3202,渴,1
3199,渭,3283,漕,1
3200,港,3234,溠,1
3200,港,3235,溢,1
3200,港,4541,绻,1
3200,港,5716,谡,1
3200,港,6264,鋈,1
3201,渲,3231,溘,1
3201,渲,3264,滟,1
3201,渲,3811,疸,1
3202,渴,306,偈,1
3202,渴,598,卤,1
3202,渴,899,喝,1
3202,渴,1124,埸,1
3202,渴,2516,曷,1
3202,渴,2965,汤,1
3202,渴,3111,浥,1
3202,渴,3128,涓,1
3202,渴,3197,温,1
3202,渴,3199,渭,1
3202,渴,5530,褐,1
3202,渴,6101,遏,1
3203,游,1911,悖,1
3204,渺,2991,沙,1
3204,渺,3009,河,1
3204,渺,3035,波,1
3204,渺,3349,灈,1
3204,渺,4554,缈,1
3205,湃,2387,料,1
3205,湃,3065,洚,1
3205,湃,3101,浓,1
3205,湃,4501,绑,1
3206,湄,5703,谓,1
3207,湉,1891,恬,1
3208,湍,896,喘,1
3208,湍,2444,易,1
3208,湍,3014,沽,1
3208,湍,4531,绱,1
3209,湎,3079,洵,1
3209,湎,3814,疽,1
3210,湓,3118,海,1
3210,湓,3196,渥,1
3211,湔,3191,渝,1
3211,湔,3206,湄,1
3211,湔,6104,遒,1
3212,湖,3322,澜,1
3212,湖,3324,澥,1
3212,湖,4422,糊,1
3212,湖,4940,芈,1
3213,湘,2114,担,1
3213,湘,3209,湎,1
3213,湘,3934,相,1
3213,湘,4642,羽,1
3214,湛,3157,淇,1
3214,湛,5695,谋,1
3215,湜,2249,提,1
3215,湜,2455,是,1
3215,湜,3288,漫,1
3215,湜,4553,缇,1
3216,湝,3206,湄,1
3216,湝,6810,馅,1
3217,湟,3326,澳,1
3217,湟,3340,濯,1
3217,湟,6091,逶,1
3218,湨,3160,淏,1
3218,湨,3239,溪,1
3219,湫,3226,溆,1
3219,湫,4180,秋,1
3220,湮,1140,堙,1
3220,湮,3217,湟,1
3221,湲,4563,缓,1
3221,湲,5706,谖,1
3222,湾,775,咨,1
3222,湾,1751,弯,1
3222,湾,3032,泞,1
3222,湾,3098,浐,1
3222,湾,3116,浯,1
3222,湾,3250,滂,1
3222,湾,4172,离,1
3222,湾,5670,诱,1
3222,湾,5704,谔,1
3222,湾,5719,谤,1
3222,湾,7058,鸾,1
3223,湿,3107,浞,1
3223,湿,3176,混,1
3223,湿,3201,渲,1
3223,湿,3217,湟,1
3223,湿,4553,缇,1
3224,溃,426,凌,1
3225,溅,3207,湉,1
3225,溅,3333,濉,1
3225,溅,3334,濑,1
3225,溅,5792,贼,1
3226,溆,3161,淑,1
3226,溆,3201,渲,1
3227,溇,421,凄,1
3227,溇,3343,瀑,1
3227,溇,4565,缕,1
3228,溉,1988,慨,1
3228,溉,2417,既,1
3228,溉,2958,汛,1
3230,源,417,冻,1
3230,源,1160,塬,1
3230,源,2997,沤,1
3230,源,3148,涯,1
3230,源,3277,漂,1
3230,源,5690,谅,1
3232,溜,3281,漓,1
3232,溜,3338,濡,1
3233,溟,3288,漫,1
3235,溢,3108,浠,1
3235,溢,3210,湓,1
3235,溢,3234,溠,1
3235,溢,3301,潘,1
3235,溢,4577,缢,1
3235,溢,5689,谄,1
3235,溢,6100,遍,1
3236,溥,3069,津,1
3237,溦,2370,敞,1
3237,溦,3298,潋,1
3237,溦,3317,澈,1
3237,溦,3331,激,1
3238,溧,3277,漂,1
3239,溪,27,严,1
3239,溪,1235,奚,1
3239,溪,3131,涘,1
3239,溪,3139,涣,1
3239,溪,3221,湲,1
3239,溪,3243,溴,1
3239,溪,3323,澡,1
3239,溪,5659,该,1
3239,溪,5675,诶,1
3240,溯,2528,朔,1
3240,溯,3124,涉,1
3240,溯,3142,涧,1
3240,溯,3213,湘,1
3240,溯,4592,缱,1
3241,溱,428,凑,1
3242,溲,3210,湓,1
3244,溶,279,倍,1
3244,溶,3054,泾,1
3244,溶,3117,浴,1
3244,溶,3129,涔,1
3244,溶,3145,涪,1
3244,溶,3189,渗,1
3244,溶,3261,滘,1
3244,溶,3262,滚,1
3244,溶,3450,熔,1
3244,溶,4544,绾,1
3244,溶,5719,谤,1
3245,溷,3136,涠,1
3245,溷,5392,蝈,1
3245,溷,6530,阃,1
3246,溺,1752,弱,1
3246,溺,3045,泳,1
3246,溺,3309,潲,1
3246,溺,5663,诩,1
3246,溺,6552,阚,1
3248,溽,3192,渠,1
3248,溽,4571,缛,1
3248,溽,4690,耨,1
3248,溽,6020,辱,1
3249,滁,1464,将,1
3249,滁,6588,除,1
3250,滂,1556,峥,1
3250,滂,3837,痨,1
3251,滃,3191,渝,1
3252,滇,271,俱,1
3252,滇,437,凰,1
3252,滇,3284,漠,1
3252,滇,6107,遘,1
3253,滋,3024,泓,1
3253,滋,4104,磁,1
3253,滋,5946,躇,1
3254,滍,927,嗤,1
3255,滏,3065,洚,1
3255,滏,3170,淦,1
3256,滑,3102,浔,1
3256,滑,3180,清,1
3256,滑,3203,游,1
3256,滑,3232,溜,1
3256,滑,3275,滴,1
3256,滑,3680,瑁,1
3257,滓,3188,渖,1
3257,滓,5661,诧,1
3257,滓,6862,骍,1
3258,滔,3132,涛,1
3258,滔,3159,淌,1
3258,滔,3232,溜,1
3258,滔,3309,潲,1
3258,滔,4883,舀,1
3258,滔,5657,诣,1
3258,滔,5689,谄,1
3259,滕,1342,媵,1
3259,滕,4856,膝,1
3262,滚,1183,壤,1
3262,滚,3149,液,1
3262,滚,4234,突,1
3262,滚,5474,衮,1
3263,滞,3296,潆,1
3263,滞,4548,缂,1
3266,满,3156,淆,1
3266,满,3189,渗,1
3266,满,3190,渚,1
3266,满,3275,滴,1
3266,满,3293,漶,1
3266,满,3297,潇,1
3266,满,3302,潜,1
3266,满,5191,蒟,1
3266,满,5711,谛,1
3267,滢,3196,渥,1
3268,滤,2982,沆,1
3268,滤,3175,淳,1
3268,滤,3282,演,1
3268,滤,3467,燕,1
3269,滥,3316,澄,1
3269,滥,3325,澧,1
3269,滥,3684,瑙,1
3270,滦,2615,柒,1
3270,滦,2663,栾,1
3270,滦,2695,梁,1
3270,滦,3050,泺,1
3270,滦,3174,深,1
3270,滦,3175,淳,1
3270,滦,3337,濠,1
3270,滦,4521,绦,1
3270,滦,5732,谱,1
3271,滨,1436,宾,1
3271,滨,3045,泳,1
3271,滨,3110,浣,1
3271,滨,3150,涵,1
3271,滨,3239,溪,1
3271,滨,3250,滂,1
3271,滨,4579,缤,1
3271,滨,5659,该,1
3272,滩,329,傩,1
3272,滩,2384,斑,1
3272,滩,2508,曜,1
3272,滩,3333,濉,1
3272,滩,6622,雅,1
3273,滪,3334,濑,1
3273,滪,3335,濒,1
3273,滪,7154,鼫,1
3274,滫,3216,湝,1
3274,滫,3592,猾,1
3275,滴,3268,滤,1
3275,滴,3281,漓,1
3275,滴,3300,潏,1
3275,滴,4740,肩,1
3276,滹,3847,瘁,1
3276,滹,5701,谑,1
3277,漂,424,凉,1
3277,漂,627,原,1
3277,漂,3032,泞,1
3277,漂,3290,漯,1
3277,漂,3671,琮,1
3277,漂,4580,缥,1
3277,漂,5699,谏,1
3277,漂,6609,隙,1
3278,漆,3134,涞,1
3278,漆,3840,痰,1
3279,漉,7104,鹿,1
3280,漏,2223,掘,1
3280,漏,3266,满,1
3280,漏,3338,濡,1
3280,漏,3839,痫,1
3281,漓,1967,愔,1
3281,漓,3130,涕,1
3281,漓,3280,漏,1
3281,漓,3300,潏,1
3281,漓,3301,潘,1
3281,漓,3304,潟,1
3281,漓,4576,缡,1
3282,演,1436,宾,1
3282,演,1440,寅,1
3282,演,3087,浃,1
3282,演,3121,涂,1
3282,演,3184,渎,1
3282,演,3254,滍,1
3282,演,3305,潢,1
3282,演,3325,澧,1
3284,漠,3184,渎,1
3284,漠,3254,滍,1
3284,漠,3271,滨,1
3284,漠,3305,潢,1
3285,漤,3236,溥,1
3286,漩,1566,崆,1
3286,漩,3168,淡,1
3286,漩,3299,潍,1
3286,漩,6590,陨,1
3288,漫,3105,浚,1
3288,漫,3242,溲,1
3288,漫,3325,澧,1
3288,漫,3459,熳,1
3288,漫,3694,瑷,1
3288,漫,4581,缦,1
3289,漭,3098,浐,1
3289,漭,6166,郝,1
3290,漯,3122,涅,1
3290,漯,3174,深,1
3290,漯,4582,缧,1
3291,漱,423,凇,1
3291,漱,2365,敕,1
3291,漱,2370,敞,1
3291,漱,2843,欣,1
3291,漱,3331,激,1
3291,漱,3334,濑,1
3291,漱,4731,肛,1
3292,漳,1702,庳,1
3292,漳,3083,洼,1
3292,漳,3162,淖,1
3292,漳,3172,淬,1
3292,漳,5711,谛,1
3294,漹,3190,渚,1
3294,漹,3281,漓,1
3294,漹,4569,缙,1
3295,漾,37,丶,1
3295,漾,335,像,1
3295,漾,430,凝,1
3295,漾,3058,洋,1
3295,漾,3182,渌,1
3295,漾,3278,漆,1
3296,潆,3306,潦,1
3296,潆,3337,濠,1
3296,潆,4445,綦,1
3296,潆,5153,萦,1
3297,潇,3289,漭,1
3297,潇,5154,萧,1
3297,潇,6888,骱,1
3298,潋,5689,谄,1
3298,潋,5722,谧,1
3299,潍,3173,淮,1
3299,潍,4534,维,1
3299,潍,6625,雉,1
3300,潏,3275,滴,1
3300,潏,5733,谲,1
3301,潘,1175,墦,1
3301,潘,3194,渣,1
3301,潘,3217,湟,1
3301,潘,3221,湲,1
3301,潘,3302,潜,1
3302,潜,2231,措,1
3302,潜,2520,替,1
3302,潜,2751,椿,1
3302,潜,3216,湝,1
3302,潜,3285,漤,1
3303,潞,3024,泓,1
3303,潞,3200,港,1
3306,潦,428,凑,1
3306,潦,3296,潆,1
3306,潦,3599,獠,1
3306,潦,3655,琇,1
3307,潭,3277,漂,1
3307,潭,5552,覃,1
3308,潮,2532,朝,1
3308,潮,3212,湖,1
3310,潴,3287,漪,1
3310,潴,3583,猪,1
3310,潴,4922,艏,1
3311,潵,2369,敝,1
3311,潵,3313,潺,1
3311,潵,3317,澈,1
3313,潺,1451,寤,1
3314,潼,3288,漫,1
3315,潽,3302,潜,1
3316,澄,3036,泣,1
3316,澄,3066,洛,1
3316,澄,3169,淤,1
3316,澄,3194,渣,1
3316,澄,4596,缵,1
3316,澄,6591,险,1
3316,澄,6592,陪,1
3317,澈,3161,淑,1
3317,澈,3246,溺,1
3317,澈,3249,滁,1
3317,澈,3298,潋,1
3317,澈,3311,潵,1
3317,澈,3861,瘢,1
3317,澈,5580,觳,1
3317,澈,5737,谶,1
3318,澉,3291,漱,1
3318,澉,3311,潵,1
3318,澉,3682,瑕,1
3321,澎,1264,妨,1
3321,澎,3059,洌,1
3321,澎,3320,澍,1
3321,澎,3350,灌,1
3322,澜,6531,阄,1
3323,澡,424,凉,1
3323,澡,979,噪,1
3323,澡,3102,浔,1
3323,澡,3238,溧,1
3323,澡,3270,滦,1
3323,澡,3332,濂,1
3324,澥,3100,浒,1
3324,澥,5574,解,1
3326,澳,2005,懊,1
3326,澳,3252,滇,1
3326,澳,5683,课,1
3326,澳,6587,院,1
3327,澴,4594,缳,1
3328,澶,3201,渲,1
3330,澼,346,僻,1
3330,澼,4634,群,1
3331,激,3237,溦,1
3331,激,3298,潋,1
3331,激,4120,礅,1
3332,濂,3229,溏,1
3333,濉,3272,滩,1
3333,濉,6626,雌,1
3333,濉,6631,雕,1
3334,濑,2008,懒,1
3335,濒,430,凝,1
3335,濒,3273,滪,1
3335,濒,3351,灏,1
3335,濒,3886,癫,1
3335,濒,6122,邈,1
3335,濒,6719,须,1
3335,濒,6749,颜,1
3337,濠,3332,濂,1
3338,濡,3010,沸,1
3338,濡,3277,漂,1
3340,濯,3349,灈,1
3341,瀌,3279,漉,1
3343,瀑,3290,漯,1
3343,瀑,5724,谩,1
3344,瀚,6551,阙,1
3347,瀵,62,乙,1
3348,瀹,3191,渝,1
3350,灌,3234,溠,1
3350,灌,3262,滚,1
3350,灌,3296,潆,1
3350,灌,5116,菇,1
3350,灌,5218,蓬,1
3350,灌,5279,藿,1
3350,灌,6619,雀,1
3350,灌,7105,麂,1
3351,灏,37,丶,1
3353,火,1811,忆,1
3353,火,2841,次,1
3353,火,5297,虫,1
3354,灬,1808,心,1
3355,灭,641,又,1
3355,灭,1206,天,1
3355,灭,2416,无,1
3356,灯,40,为,1
3356,灯,3385,炸,1
3356,灯,3388,炼,1
3357,灰,1490,尿,1
3357,灰,1883,恢,1
3357,灰,3355,灭,1
3358,灵,2920,民,1
3358,灵,3365,炅,1
3359,灶,1186,壮,1
3359,灶,1259,妙,1
3359,灶,1822,忙,1
3359,灶,3398,烛,1
3359,灶,4012,知,1
3360,灸,4011,矣,1
3361,灼,1637,帕,1
3361,灼,3356,灯,1
3361,灼,3380,炮,1
3361,灼,5777,购,1
3362,灾,1408,宓,1
3362,灾,1413,定,1
3362,灾,2840,欠,1
3362,灾,4227,究,1
3363,灿,2977,沁,1
3363,灿,3421,焖,1
3364,炀,549,勿,1
3364,炀,3614,玚,1
3365,炅,2438,昆,1
3365,炅,2464,晃,1
3365,炅,3358,灵,1
3365,炅,3382,炱,1
3366,炉,145,仰,1
3366,炉,1255,妒,1
3366,炉,1631,师,1
3367,炊,2845,欧,1
3367,炊,3398,烛,1
3367,炊,6789,饮,1
3368,炎,3358,灵,1
3368,炎,3360,灸,1
3368,炎,3919,监,1
3368,炎,4275,竿,1
3369,炒,1259,妙,1
3369,炒,1674,幼,1
3369,炒,1836,忽,1
3369,炒,3936,盼,1
3370,炔,1829,快,1
3370,炔,2452,昧,1
3370,炔,3367,炊,1
3370,炔,3389,炽,1
3371,炕,94,亢,1
3371,炕,1051,坑,1
3371,炕,3361,灼,1
3371,炕,3367,炊,1
3371,炕,3384,炷,1
3371,炕,3411,烷,1
3373,炙,1221,奂,1
3373,炙,1417,实,1
3373,炙,2933,氦,1
3373,炙,3020,泉,1
3373,炙,3358,灵,1
3373,炙,3479,爱,1
3374,炜,1290,姨,1
3375,炝,3378,炬,1
3375,炝,3406,烩,1
3376,炟,1862,性,1
3376,炟,3392,烂,1
3377,炫,1828,忪,1
3377,炫,5801,赅,1
3378,炬,1291,姬,1
3378,炬,2621,柜,1
3378,炬,2633,柴,1
3378,炬,3413,烺,1
3378,炬,4014,矩,1
3378,炬,4533,绳,1
3378,炬,5318,蚝,1
3379,炭,1433,宸,1
3379,炭,2861,步,1
3379,炭,5014,茄,1
3380,炮,1321,婉,1
3380,炮,1845,怆,1
3380,炮,3389,炽,1
3381,炯,798,响,1
3381,炯,1890,恫,1
3381,炯,3421,焖,1
3381,炯,5344,蛔,1
3381,炯,5392,蝈,1
3382,炱,4011,矣,1
3383,炳,3410,烯,1
3383,炳,3819,病,1
3383,炳,6798,饷,1
3384,炷,3392,烂,1
3384,炷,3393,烃,1
3384,炷,3433,煌,1
3385,炸,1826,忤,1
3385,炸,1847,怍,1
3385,炸,2623,柞,1
3385,炸,5345,蛘,1
3386,点,361,克,1
3386,点,376,兰,1
3386,点,648,叔,1
3386,点,662,只,1
3386,点,688,名,1
3386,点,1869,总,1
3386,点,2419,旦,1
3386,点,2674,桌,1
3386,点,4011,矣,1
3386,点,4628,羔,1
3386,点,5852,足,1
3387,炻,1937,惕,1
3387,炻,3378,炬,1
3387,炻,3403,烦,1
3387,炻,3418,焐,1
3388,炼,1114,埘,1
3388,炼,1991,慷,1
3388,炼,3397,烙,1
3388,炼,3410,烯,1
3388,炼,3420,焕,1
3388,炼,3437,煤,1
3389,炽,2603,枳,1
3389,炽,3367,炊,1
3389,炽,4401,粘,1
3390,烀,3405,烨,1
3391,烁,3390,烀,1
3391,烁,3429,焱,1
3391,烁,4796,脊,1
3392,烂,1919,悦,1
3392,烂,3393,烃,1
3393,烃,3054,泾,1
3393,烃,3366,炉,1
3393,烃,3371,炕,1
3393,烃,3377,炫,1
3393,烃,3392,烂,1
3394,烈,3454,熟,1
3394,烈,4879,致,1
3394,烈,5741,豇,1
3395,烊,43,举,1
3395,烊,3405,烨,1
3395,烊,3427,焯,1
3396,烘,792,哄,1
3396,烘,3377,炫,1
3396,烘,3392,烂,1
3396,烘,3398,烛,1
3396,烘,3404,烧,1
3396,烘,5301,虹,1
3396,烘,5378,蜞,1
3397,烙,1889,恪,1
3397,烙,3371,炕,1
3397,烙,3393,烃,1
3397,烙,3418,焐,1
3397,烙,3423,焙,1
3397,烙,5341,蛏,1
3397,烙,5798,赂,1
3398,烛,3372,炖,1
3398,烛,3389,炽,1
3398,烛,3402,烤,1
3399,烜,1855,怛,1
3399,烜,3427,焯,1
3399,烜,3435,煜,1
3400,烝,24,丞,1
3401,烟,425,凋,1
3401,烟,787,咽,1
3401,烟,1293,姻,1
3401,烟,1551,峒,1
3401,烟,1654,帼,1
3401,烟,3057,洇,1
3401,烟,3433,煌,1
3401,烟,4781,胭,1
3402,烤,590,博,1
3402,烤,2151,拷,1
3402,烤,3388,炼,1
3402,烤,3391,烁,1
3402,烤,3423,焙,1
3402,烤,5808,赌,1
3403,烦,3387,炻,1
3403,烦,3399,烜,1
3403,烦,5773,贩,1
3403,烦,6717,项,1
3403,烦,6726,颂,1
3404,烧,1554,峣,1
3404,烧,1876,恍,1
3404,烧,2682,桡,1
3404,烧,3372,炖,1
3404,烧,5299,虮,1
3405,烨,1826,忤,1
3405,烨,1929,悻,1
3406,烩,1867,怯,1
3406,烩,3377,炫,1
3406,烩,3392,烂,1
3406,烩,6959,鲙,1
3407,烫,402,农,1
3407,烫,2512,曰,1
3407,烫,5652,诞,1
3407,烫,5849,趟,1
3408,烬,1248,妃,1
3408,烬,3403,烦,1
3409,热,532,势,1
3409,热,2218,掎,1
3409,热,6047,迦,1
3409,热,6080,逝,1
3410,烯,832,唏,1
3410,烯,1338,媛,1
3410,烯,1907,悌,1
3410,烯,2408,旆,1
3410,烯,4200,稀,1
3411,烷,3404,烧,1
3411,烷,3433,煌,1
3411,烷,4507,绘,1
3412,烹,101,享,1
3412,烹,1416,宝,1
3412,烹,1848,怎,1
3412,烹,1970,感,1
3412,烹,5071,荨,1
3412,烹,6902,高,1
3413,烺,1917,悢,1
3413,烺,3447,熄,1
3414,烽,1871,怿,1
3414,烽,1930,悼,1
3414,烽,3416,焊,1
3414,烽,4247,窜,1
3414,烽,4510,绛,1
3414,烽,4573,缝,1
3414,烽,5363,蜂,1
3415,焉,814,哥,1
3415,焉,1384,季,1
3415,焉,1896,恶,1
3415,焉,3478,爰,1
3415,焉,4528,绮,1
3415,焉,4657,翥,1
3416,焊,35,串,1
3416,焊,1119,埠,1
3416,焊,3389,炽,1
3416,焊,4414,粹,1
3416,焊,6661,霹,1
3418,焐,1915,悟,1
3418,焐,3466,燔,1
3418,焐,4018,矮,1
3419,焓,1891,恬,1
3419,焓,3397,烙,1
3419,焓,3418,焐,1
3419,焓,3433,煌,1
3420,焕,841,唤,1
3420,焕,2199,换,1
3420,焕,3370,炔,1
3420,焕,3384,炷,1
3420,焕,3403,烦,1
3420,焕,5418,螗,1
3421,焖,6518,闷,1
3422,焘,567,匦,1
3422,焘,1461,寿,1
3422,焘,4153,祯,1
3423,焙,1294,姽,1
3423,焙,1967,愔,1
3423,焙,3377,炫,1
3423,焙,3402,烤,1
3423,焙,3418,焐,1
3423,焙,3419,焓,1
3423,焙,3459,熳,1
3423,焙,3460,熵,1
3423,焙,3466,燔,1
3423,焙,5815,赔,1
3424,焚,343,僰,1
3424,焚,3089,浆,1
3424,焚,5045,茺,1
3425,焜,3440,煨,1
3426,焦,18,丘,1
3426,焦,23,丝,1
3426,焦,271,俱,1
3426,焦,1994,憔,1
3426,焦,2419,旦,1
3426,焦,6617,隽,1
3427,焯,874,啴,1
3427,焯,3405,烨,1
3427,焯,3414,烽,1
3428,焰,1276,始,1
3428,焰,3364,炀,1
3428,焰,3456,熥,1
3429,焱,3179,淼,1
3429,焱,4415,粼,1
3429,焱,5816,赕,1
3430,然,232,供,1
3430,然,1266,妪,1
3431,煅,3417,焌,1
3431,煅,6445,锻,1
3433,煌,1919,悦,1
3433,煌,3406,烩,1
3433,煌,3411,烷,1
3433,煌,3432,煊,1
3433,煌,5397,蝗,1
3434,煎,340,僬,1
3434,煎,386,兼,1
3434,煎,446,函,1
3434,煎,1687,应,1
3434,煎,1978,慈,1
3435,煜,3396,烘,1
3436,煞,2363,敏,1
3436,煞,3448,熊,1
3436,煞,6038,这,1
3437,煤,3396,烘,1
3437,煤,3473,爆,1
3437,煤,5347,蛛,1
3438,煦,3439,照,1
3438,煦,4789,胸,1
3439,照,977,器,1
3439,照,1863,怨,1
3439,照,1926,悲,1
3439,照,2454,昭,1
3440,煨,884,喂,1
3440,煨,3425,焜,1
3441,煮,14,专,1
3441,煮,1687,应,1
3441,煮,1957,惹,1
3441,煮,3959,眷,1
3441,煮,4265,竟,1
3441,煮,5196,蒸,1
3442,煲,3594,獍,1
3442,煲,5487,袋,1
3442,煲,5797,赁,1
3443,煳,4652,翙,1
3444,煸,4566,编,1
3445,煺,3413,烺,1
3445,煺,3470,燧,1
3446,煽,972,噘,1
3446,煽,3465,燏,1
3447,熄,1526,岖,1
3447,熄,2902,毖,1
3447,熄,5413,螅,1
3448,熊,1947,惩,1
3448,熊,1998,憨,1
3448,熊,4017,短,1
3448,熊,4792,能,1
3448,熊,7001,鳅,1
3449,熏,3412,烹,1
3449,熏,4179,秉,1
3449,熏,5196,蒸,1
3449,熏,6254,重,1
3449,熏,7128,黛,1
3450,熔,1560,峪,1
3450,熔,3397,烙,1
3450,熔,3402,烤,1
3450,熔,3428,焰,1
3450,熔,3433,煌,1
3450,熔,5710,谚,1
3451,熘,3387,炻,1
3451,熘,3455,熠,1
3453,熜,1145,堪,1
3453,熜,3447,熄,1
3453,熜,5413,螅,1
3454,熟,1996,憝,1
3454,熟,3409,热,1
3454,熟,3452,熙,1
3454,熟,6305,钧,1
3454,熟,6874,骛,1
3455,熠,3451,熘,1
3456,熥,3446,煽,1
3456,熥,6626,雌,1
3462,燃,3398,烛,1
3463,燊,2725,棨,1
3463,燊,2835,檠,1
3465,燏,3460,熵,1
3467,燕,5225,蔗,1
3469,燥,3459,熳,1
3469,燥,5347,蛛,1
3469,燥,5410,蝾,1
3469,燥,5993,辉,1
3470,燧,3456,熥,1
3470,燧,6611,隧,1
3473,爆,293,倨,1
3473,爆,3459,熳,1
3473,爆,3469,燥,1
3473,爆,5993,辉,1
3475,爨,561,匚,1
3476,爪,163,众,1
3476,爪,1680,庇,1
3476,爪,3357,灰,1
3476,爪,4897,舟,1
3477,爬,638,县,1
3477,爬,1268,妮,1
3478,爰,3479,爱,1
3479,爱,3724,瓮,1
3479,爱,4339,箜,1
3480,爵,1466,尊,1
3480,爵,1711,廊,1
3480,爵,5266,薷,1
3481,父,50,义,1
3481,父,1197,夕,1
3481,父,2943,氵,1
3482,爷,408,冬,1
3482,爷,519,务,1
3482,爷,682,各,1
3482,爷,688,名,1
3482,爷,3481,父,1
3482,爷,3483,爸,1
3482,爷,5012,茂,1
3482,爷,6258,釜,1
3483,爸,610,卷,1
3483,爸,3482,爷,1
3483,爸,4310,筐,1
3483,爸,6258,釜,1
3484,爹,2935,氨,1
3484,爹,6258,釜,1
3485,爻,50,义,1
3485,爻,3481,父,1
3486,爽,2628,柬,1
3486,爽,5245,蕤,1
3487,爿,32,丬,1
3487,爿,1483,尸,1
3489,牂,2133,拜,1
3489,牂,4419,糅,1
3490,片,763,咒,1
3490,片,2156,持,1
3490,片,2964,污,1
3490,片,2985,沌,1
3490,片,3753,电,1
3490,片,4943,芍,1
3490,片,6503,长,1
3491,版,653,叛,1
3491,版,3504,牧,1
3491,版,3761,畈,1
3492,牌,1675,幽,1
3492,牌,6580,降,1
3493,牍,3388,炼,1
3493,牍,3517,犊,1
3493,牍,4527,续,1
3493,牍,5810,赎,1
3494,牒,1794,徕,1
3495,牖,3274,滫,1
3495,牖,3520,犏,1
3496,牙,56,乐,1
3496,牙,1667,干,1
3496,牙,1739,引,1
3496,牙,3891,百,1
3496,牙,4008,矛,1
3497,牚,4232,穿,1
3498,牛,87,井,1
3498,牛,1240,女,1
3498,牛,2052,手,1
3498,牛,3752,申,1
3498,牛,6312,钮,1
3499,牝,559,北,1
3499,牝,1261,妣,1
3499,牝,3501,牡,1
3499,牝,4012,知,1
3499,牝,5966,轮,1
3500,牟,378,关,1
3500,牟,581,半,1
3500,牟,584,卑,1
3500,牟,3522,犟,1
3500,牟,4011,矣,1
3500,牟,5958,车,1
3501,牡,1781,往,1
3501,牡,3499,牝,1
3501,牡,4730,肚,1
3501,牡,4967,花,1
3501,牡,6281,钍,1
3502,牢,168,伞,1
3502,牢,401,军,1
3502,牢,1402,宇,1
3502,牢,1412,宙,1
3502,牢,1639,帘,1
3502,牢,3500,牟,1
3502,牢,4275,竿,1
3504,牧,1245,好,1
3504,牧,2097,抡,1
3504,牧,3505,物,1
3505,物,455,刊,1
3505,物,1044,均,1
3505,物,1069,坳,1
3505,物,2219,掏,1
3505,物,3516,犄,1
3505,物,5315,蚓,1
3505,物,6703,韧,1
3506,牮,582,华,1
3506,牮,4548,缂,1
3506,牮,5069,荦,1
3508,牲,1280,姓,1
3508,牲,1862,性,1
3508,牲,2135,拢,1
3508,牲,2178,挫,1
3508,牲,3501,牡,1
3508,牲,3648,班,1
3508,牲,4181,种,1
3508,牲,4191,秩,1
3508,牲,4769,胜,1
3508,牲,5373,蜕,1
3509,牵,586,卓,1
3509,牵,1226,奋,1
3509,牵,6663,青,1
3510,特,1874,恃,1
3510,特,2156,持,1
3510,特,2189,捋,1
3510,特,3287,漪,1
3510,特,3516,犄,1
3510,特,6398,锊,1
3511,牺,759,和,1
3511,牺,2610,柄,1
3511,牺,2649,栖,1
3511,牺,4404,粞,1
3511,牺,4598,缸,1
3511,牺,4917,舾,1
3511,牺,6578,陋,1
3512,牾,6383,铻,1
3513,牿,6006,辖,1
3514,犀,1503,屑,1
3514,犀,2779,榘,1
3515,犁,2226,掣,1
3515,犁,5354,蛰,1
3516,犄,3574,猗,1
3517,犊,3493,牍,1
3517,犊,3516,犄,1
3517,犊,3713,璪,1
3519,犍,313,健,1
3519,犍,2754,楗,1
3519,犍,6433,键,1
3520,犏,4426,糖,1
3520,犏,4566,编,1
3521,犒,2224,掠,1
3521,犒,2280,搞,1
3521,犒,3520,犏,1
3521,犒,3698,璃,1
3521,犒,6465,镐,1
3522,犟,3514,犀,1
3524,犬,1206,天,1
3525,犭,3933,直,1
3526,犯,2084,把,1
3526,犯,3533,狁,1
3526,犯,3539,狍,1
3526,犯,3626,现,1
3527,犰,3532,犹,1
3527,犰,5960,轨,1
3528,犴,2063,扦,1
3528,犴,3611,玕,1
3528,犴,4894,舛,1
3529,状,1827,忧,1
3529,状,2072,扰,1
3530,犷,2065,扩,1
3530,犷,2431,旷,1
3531,犸,4133,祃,1
3531,犸,5995,辋,1
3532,犹,129,仕,1
3532,犹,164,优,1
3532,犹,1827,忧,1
3532,犹,3533,狁,1
3532,犹,3536,狄,1
3533,狁,2103,抬,1
3533,狁,3539,狍,1
3534,狂,1251,妇,1
3534,狂,1253,妊,1
3534,狂,2060,托,1
3534,狂,3561,狸,1
3534,狂,6781,饥,1
3534,狂,6837,驱,1
3535,狃,2069,扭,1
3535,狃,3539,狍,1
3535,狃,3544,狙,1
3536,狄,3532,犹,1
3536,狄,3533,狁,1
3536,狄,3537,狈,1
3536,狄,4180,秋,1
3536,狄,6834,驮,1
3536,狄,7175,龇,1
3537,狈,3526,犯,1
3537,狈,3536,狄,1
3537,狈,3541,狐,1
3537,狈,3545,狝,1
3537,狈,3556,狱,1
3537,狈,3626,现,1
3537,狈,6299,钡,1
3538,狉,1583,嵇,1
3538,狉,2125,拓,1
3538,狉,3535,狃,1
3538,狉,3554,狯,1
3540,狎,2108,押,1
3543,狗,2121,拍,1
3543,狗,2129,拘,1
3543,狗,2581,构,1
3543,狗,2676,桐,1
3543,狗,3539,狍,1
3543,狗,6844,驹,1
3544,狙,251,俎,1
3544,狙,3537,狈,1
3544,狙,5562,觊,1
3545,狝,3572,猕,1
3546,狞,1398,宁,1
3546,狞,3530,犷,1
3547,狠,2110,抿,1
3547,狠,2660,根,1
3547,狠,3536,狄,1
3548,狡,2212,掂,1
3548,狡,2299,摔,1
3548,狡,3552,狭,1
3548,狡,4788,胶,1
3549,狨,5980,轼,1
3550,狩,2189,捋,1
3551,独,3553,狮,1
3551,独,4190,秧,1
3553,狮,1902,恽,1
3553,狮,5357,蛳,1
3554,狯,166,会,1
3554,狯,2154,拾,1
3554,狯,3533,狁,1
3555,狰,2186,捅,1
3555,狰,3049,泸,1
3555,狰,3574,猗,1
3555,狰,3577,猝,1
3555,狰,5993,辉,1
3556,狱,3553,狮,1
3557,狲,1465,尉,1
3557,狲,5528,褂,1
3558,狳,3578,猞,1
3558,狳,3662,琛,1
3559,狴,834,唑,1
3559,狴,2178,挫,1
3560,狷,2307,摺,1
3560,狷,3585,猬,1
3560,狷,6001,辑,1
3561,狸,257,俚,1
3561,狸,1341,媳,1
3561,狸,2193,捏,1
3561,狸,3534,狂,1
3561,狸,3654,理,1
3561,狸,4843,腽,1
3562,狺,2216,掊,1
3563,狻,4198,秽,1
3564,狼,2660,根,1
3564,狼,3539,狍,1
3564,狼,3593,猿,1
3564,狼,4410,粮,1
3564,狼,5296,虢,1
3564,狼,6008,辘,1
3565,猁,4064,硎,1
3567,猄,2224,掠,1
3567,猄,3530,犷,1
3567,猄,3554,狯,1
3567,猄,3596,獐,1
3568,猇,2271,搋,1
3568,猇,2293,摅,1
3568,猇,3665,琥,1
3568,猇,6008,辘,1
3569,猊,3533,狁,1
3569,猊,3565,猁,1
3570,猎,289,借,1
3570,猎,3510,特,1
3570,猎,3542,狒,1
3570,猎,3560,狷,1
3570,猎,3576,猜,1
3570,猎,4819,腊,1
3571,猓,2203,捭,1
3571,猓,3587,猱,1
3571,猓,4158,祼,1
3571,猓,6418,锞,1
3572,猕,3557,狲,1
3573,猖,3531,犸,1
3573,猖,3547,狠,1
3573,猖,3560,狷,1
3573,猖,3570,猎,1
3573,猖,3575,猛,1
3573,猖,3579,猡,1
3573,猖,3582,猩,1
3573,猖,3592,猾,1
3574,猗,2218,掎,1
3574,猗,3546,狞,1
3574,猗,3591,猹,1
3576,猜,3570,猎,1
3576,猜,3573,猖,1
3578,猞,2207,捶,1
3579,猡,3581,猥,1
3580,猢,4422,糊,1
3581,猥,2660,根,1
3582,猩,3392,烂,1
3582,猩,3539,狍,1
3582,猩,3550,狩,1
3582,猩,3587,猱,1
3582,猩,3604,獾,1
3582,猩,3781,疆,1
3583,猪,423,凇,1
3583,猪,1148,堵,1
3583,猪,4525,绪,1
3583,猪,6665,靖,1
3584,猫,3579,猡,1
3584,猫,3583,猪,1
3585,猬,3570,猎,1
3585,猬,3573,猖,1
3585,猬,3581,猥,1
3585,猬,3592,猾,1
3585,猬,4205,稍,1
3586,献,338,僦,1
3586,献,3556,狱,1
3586,献,3589,猷,1
3586,献,5571,觚,1
3586,献,6187,鄣,1
3587,猱,2245,揉,1
3588,猴,3598,獗,1
3588,猴,4561,缑,1
3588,猴,5761,貘,1
3589,猷,3597,獒,1
3589,猷,6205,酞,1
3590,猸,3592,猾,1
3591,猹,2263,揸,1
3592,猾,3256,滑,1
3592,猾,3576,猜,1
3592,猾,5537,褥,1
3593,猿,1805,德,1
3593,猿,6005,辕,1
3594,獍,2270,搅,1
3594,獍,3596,獐,1
3595,獏,3686,瑛,1
3597,獒,1181,壑,1
3597,獒,2877,殍,1
3597,獒,5818,赘,1
3598,獗,2311,撅,1
3599,獠,2320,撩,1
3600,獬,2004,懈,1
3601,獭,2326,撷,1
3601,獭,3588,猴,1
3603,獴,3581,猥,1
3603,獴,4123,礞,1
3605,玄,82,亏,1
3605,玄,93,亡,1
3605,玄,1407,宏,1
3605,玄,1475,尝,1
3605,玄,1672,幺,1
3605,玄,5836,走,1
3606,率,1428,宰,1
3606,率,1668,平,1
3606,率,3885,癣,1
3606,率,4624,羊,1
3607,玉,14,专,1
3607,玉,83,云,1
3607,玉,1619,己,1
3607,玉,1820,志,1
3607,玉,3608,王,1
3608,王,642,叉,1
3608,王,1184,士,1
3608,王,1611,工,1
3608,王,1619,己,1
3611,玕,2957,汗,1
3611,玕,6282,钎,1
3611,玕,6322,钸,1
3612,玖,2356,攻,1
3612,玖,2357,放,1
3612,玖,3622,玩,1
3612,玖,3665,琥,1
3612,玖,4454,纠,1
3612,玖,6719,须,1
3612,玖,6721,顽,1
3613,玙,1936,惑,1
3613,玙,3629,玷,1
3613,玙,3664,琤,1
3615,玛,409,冯,1
3615,玛,1613,巧,1
3615,玛,7031,鸡,1
3615,玛,7060,鹀,1
3616,玟,1058,坟,1
3616,玟,6288,钕,1
3616,玟,6289,钗,1
3618,玡,2101,抨,1
3618,玡,3663,琢,1
3618,玡,4032,砑,1
3618,玡,5614,讶,1
3619,玢,2976,汾,1
3620,玥,3648,班,1
3620,玥,5172,葫,1
3621,玦,2870,殃,1
3621,玦,3631,玻,1
3621,玦,3663,琢,1
3621,玦,5856,趺,1
3622,玩,104,亮,1
3622,玩,1265,妩,1
3622,玩,2417,既,1
3622,玩,2981,沅,1
3622,玩,4022,矻,1
3622,玩,5609,记,1
3623,玫,1380,孜,1
3623,玫,2358,政,1
3623,玫,2888,段,1
3623,玫,2960,汝,1
3623,玫,4879,致,1
3624,玮,3643,珠,1
3624,玮,5611,讳,1
3625,环,750,呸,1
3625,环,1049,坏,1
3625,环,1073,坼,1
3625,环,1839,怀,1
3625,环,2978,沂,1
3625,环,3618,玡,1
3625,环,4199,秾,1
3626,现,2059,扔,1
3626,现,2905,毛,1
3626,现,3654,理,1
3626,现,3668,琪,1
3626,现,5556,规,1
3626,现,6720,顼,1
3627,玲,182,伶,1
3627,玲,210,佧,1
3627,玲,2609,柃,1
3627,玲,3033,泠,1
3627,玲,3619,玢,1
3627,玲,3642,珞,1
3627,玲,5621,设,1
3629,玷,1066,坫,1
3629,玷,1276,始,1
3629,玷,2906,毡,1
3629,玷,2915,氆,1
3629,玷,3613,玙,1
3629,玷,3617,玠,1
3629,玷,3619,玢,1
3629,玷,3632,珀,1
3629,玷,5619,讼,1
3629,玷,5657,诣,1
3631,玻,3654,理,1
3632,珀,6562,阳,1
3633,珂,3618,玡,1
3633,珂,4696,耳,1
3634,珈,4030,砌,1
3635,珉,2921,氓,1
3636,珊,467,删,1
3636,珊,3213,湘,1
3637,珍,69,书,1
3637,珍,1098,垮,1
3637,珍,3609,玎,1
3638,珏,6362,铥,1
3639,珐,5100,莰,1
3639,珐,5646,诘,1
3640,珑,1077,垅,1
3640,珑,3673,琰,1
3641,珙,3400,烝,1
3641,珙,3639,珐,1
3641,珙,3668,琪,1
3643,珠,2106,抹,1
3643,珠,2875,殊,1
3643,珠,3652,球,1
3643,珠,4187,秣,1
3643,珠,5347,蛛,1
3643,珠,5652,诞,1
3644,珣,3687,瑜,1
3648,班,864,啡,1
3648,班,1293,姻,1
3648,班,3631,玻,1
3648,班,4769,胜,1
3649,珰,3679,瑀,1
3650,珲,4634,群,1
3651,珽,2182,挺,1
3652,球,3628,玳,1
3652,球,3640,珑,1
3652,球,5361,蛾,1
3653,琅,3114,浪,1
3653,琅,3692,瑰,1
3653,琅,4079,碇,1
3653,琅,6406,锒,1
3653,琅,6581,限,1
3654,理,1107,埋,1
3654,理,1306,娓,1
3654,理,2114,担,1
3654,理,2531,望,1
3654,理,6811,馆,1
3655,琇,5670,诱,1
3656,琉,1149,塃,1
3656,琉,3086,流,1
3656,琉,3642,珞,1
3656,琉,3670,琬,1
3656,琉,5655,诡,1
3659,琏,2664,桀,1
3659,琏,3135,涟,1
3660,琐,2199,换,1
3660,琐,3091,浈,1
3660,琐,3620,玥,1
3660,琐,3707,璞,1
3660,琐,4205,稍,1
3660,琐,5667,诮,1
3660,琐,6389,锁,1
3661,琚,2212,掂,1
3662,琛,3671,琮,1
3662,琛,3713,璪,1
3662,琛,4115,磲,1
3663,琢,3024,泓,1
3663,琢,3712,璩,1
3663,琢,6671,面,1
3664,琤,3666,琦,1
3665,琥,3691,瑭,1
3666,琦,6416,锜,1
3666,琦,6602,隋,1
3667,琨,3176,混,1
3667,琨,6581,限,1
3668,琪,3148,涯,1
3668,琪,5378,蜞,1
3669,琫,3241,溱,1
3671,琮,3672,琯,1
3672,琯,3653,琅,1
3672,琯,3654,理,1
3673,琰,3168,淡,1
3673,琰,3700,璇,1
3674,琳,2721,棘,1
3674,琳,3636,珊,1
3674,琳,3645,珥,1
3674,琳,6805,饿,1
3675,琴,3655,琇,1
3675,琴,3699,璆,1
3675,琴,4528,绮,1
3675,琴,4693,耰,1
3675,琴,6265,錾,1
3676,琵,887,喆,1
3676,琵,2438,昆,1
3676,琵,3689,瑟,1
3676,琵,3709,璠,1
3676,琵,5902,踣,1
3676,琵,6907,髭,1
3677,琶,1532,岜,1
3677,琶,3918,盐,1
3678,琼,739,呜,1
3678,琼,3615,玛,1
3678,琼,5854,趵,1
3678,琼,6588,除,1
3679,瑀,7082,鹜,1
3680,瑁,3620,玥,1
3680,瑁,5923,蹋,1
3680,瑁,6599,隅,1
3681,瑄,2491,暄,1
3681,瑄,3649,珰,1
3683,瑗,3693,瑶,1
3683,瑗,3694,瑷,1
3684,瑙,6436,锱,1
3685,瑚,3212,湖,1
3685,瑚,6235,醐,1
3686,瑛,5496,被,1
3686,瑛,5714,谟,1
3686,瑛,6884,骥,1
3687,瑜,2243,揄,1
3688,瑞,1955,惴,1
3688,瑞,3679,瑀,1
3688,瑞,4071,硝,1
3689,瑟,884,喂,1
3689,瑟,3676,琵,1
3689,瑟,3738,甚,1
3689,瑟,5443,蟹,1
3689,瑟,6771,飞,1
3690,瑢,3244,溶,1
3690,瑢,6592,陪,1
3691,瑭,3858,瘛,1
3692,瑰,3623,玫,1
3692,瑰,3698,璃,1
3692,瑰,4033,砒,1
3693,瑶,2206,捱,1
3693,瑶,3040,泫,1
3693,瑶,3639,珐,1
3693,瑶,3656,琉,1
3693,瑶,3671,琮,1
3693,瑶,3683,瑗,1
3693,瑶,3709,璠,1
3693,瑶,5654,诠,1
3694,瑷,1158,塥,1
3695,瑾,5944,躁,1
3696,璀,3688,瑞,1
3697,璁,315,偲,1
3698,璃,3688,瑞,1
3698,璃,3709,璠,1
3698,璃,3716,瓘,1
3698,璃,4172,离,1
3698,璃,5425,螭,1
3699,璆,5727,谬,1
3701,璈,3682,瑕,1
3702,璋,6862,骍,1
3703,璎,3316,澄,1
3707,璞,1361,嫫,1
3707,璞,3708,璟,1
3707,璞,5257,薏,1
3709,璠,1175,墦,1
3709,璠,2322,播,1
3710,璧,1624,巽,1
3710,璧,4119,礁,1
3710,璧,5593,譬,1
3710,璧,6603,隍,1
3713,璪,3323,澡,1
3713,璪,3643,珠,1
3715,瓒,3703,璎,1
3716,瓘,3715,瓒,1
3717,瓜,623,厕,1
3717,瓜,2522,月,1
3717,瓜,5853,趴,1
3719,瓠,2849,欹,1
3720,瓢,1385,孤,1
3720,瓢,3731,甄,1
3720,瓢,5571,觚,1
3721,瓣,3720,瓢,1
3722,瓤,3720,瓢,1
3723,瓦,84,互,1
3723,瓦,646,反,1
3723,瓦,3891,百,1
3723,瓦,4949,芘,1
3723,瓦,5307,虿,1
3724,瓮,2925,氘,1
3724,瓮,4240,窍,1
3724,瓮,4311,筑,1
3724,瓮,4674,而,1
3724,瓮,7183,龛,1
3726,瓴,6260,銍,1
3726,瓴,6332,铂,1
3726,瓴,6730,领,1
3726,瓴,6742,颔,1
3727,瓶,2528,朔,1
3727,瓶,3729,瓻,1
3727,瓶,4630,羝,1
3727,瓶,6298,钠,1
3727,瓶,7173,龅,1
3728,瓷,2925,氘,1
3728,瓷,3192,渠,1
3728,瓷,3724,瓮,1
3728,瓷,4049,砮,1
3728,瓷,6973,鲨,1
3730,瓿,3729,瓻,1
3731,甄,6721,顽,1
3732,甍,2517,曹,1
3732,甍,3728,瓷,1
3732,甍,5261,薨,1
3735,甓,5546,襞,1
3736,甘,2666,桂,1
3736,甘,4957,芦,1
3737,甙,5176,葳,1
3738,甚,5058,荙,1
3739,甜,2530,朗,1
3739,甜,4301,笺,1
3739,甜,6865,骐,1
3739,甜,6982,鲱,1
3740,生,359,先,1
3740,生,1513,屯,1
3740,生,1810,必,1
3740,生,2541,朱,1
3740,生,2905,毛,1
3740,生,3743,甩,1
3740,生,6029,过,1
3741,甥,5386,蜴,1
3742,用,3749,田,1
3743,甩,3753,电,1
3744,甪,589,南,1
3744,甪,1004,囟,1
3744,甪,3742,用,1
3745,甫,2523,有,1
3745,甫,3112,浦,1
3745,甫,6254,重,1
3746,甬,589,南,1
3746,甬,6633,雨,1
3747,甭,3746,甬,1
3747,甭,5237,蔽,1
3748,甯,5572,觜,1
3749,田,1003,回,1
3749,田,1005,因,1
3749,田,1006,囡,1
3749,田,2894,毋,1
3750,由,1007,团,1
3750,由,2991,沙,1
3750,由,3749,田,1
3750,由,3752,申,1
3750,由,3753,电,1
3751,甲,31,丫,1
3751,甲,3742,用,1
3752,申,3498,牛,1
3752,申,4719,肀,1
3753,电,63,乜,1
3753,电,1513,屯,1
3753,电,3743,甩,1
3753,电,5781,贱,1
3754,男,400,写,1
3754,男,534,勇,1
3754,男,659,另,1
3754,男,3763,界,1
3754,男,4615,罪,1
3754,男,4887,舅,1
3755,甸,549,勿,1
3755,甸,552,匆,1
3755,甸,2861,步,1
3756,町,6509,问,1
3757,画,27,严,1
3757,画,446,函,1
3757,画,566,匣,1
3757,画,6178,郾,1
3758,甾,1610,巢,1
3759,畀,2482,景,1
3760,畅,720,吻,1
3760,畅,4735,肠,1
3760,畅,6723,顿,1
3761,畈,5773,贩,1
3762,畋,2355,改,1
3762,畋,2450,映,1
3762,畋,3761,畈,1
3762,畋,5769,败,1
3763,界,123,介,1
3763,界,1501,屏,1
3763,界,2590,果,1
3763,界,3358,灵,1
3763,界,3765,畏,1
3763,界,4442,累,1
3764,畎,3623,玫,1
3765,畏,2438,昆,1
3765,畏,4618,署,1
3765,畏,7125,黑,1
3766,畔,812,哞,1
3766,畔,4757,胂,1
3767,留,3364,炀,1
3767,留,4287,笛,1
3767,留,5569,角,1
3767,留,5788,贸,1
3767,留,6044,迢,1
3767,留,6108,遛,1
3768,畚,1193,备,1
3768,畚,3773,番,1
3768,畚,3914,益,1
3770,畜,1302,娈,1
3770,畜,2517,曹,1
3770,畜,3915,盍,1
3770,畜,5203,蓄,1
3770,畜,5581,言,1
3770,畜,6902,高,1
3771,略,2489,晾,1
3771,略,6369,铭,1
3772,畦,691,吐,1
3772,畦,794,哇,1
3772,畦,3430,然,1
3772,畦,3955,眭,1
3772,畦,4061,硅,1
3772,畦,5881,跬,1
3772,畦,6219,酲,1
3772,畦,6239,醛,1
3772,畦,6955,鲑,1
3773,番,3916,盎,1
3773,番,4177,秃,1
3773,番,4360,篓,1
3773,番,5231,蔷,1
3773,番,5238,蕃,1
3773,番,5805,赉,1
3773,番,6639,雷,1
3774,畯,829,唆,1
3774,畯,3965,睃,1
3774,畯,4809,脧,1
3776,畴,821,哮,1
3776,畴,843,唪,1
3777,畸,908,喻,1
3777,畸,933,嗬,1
3777,畸,960,嘲,1
3777,畸,3772,畦,1
3778,畹,5390,蜿,1
3781,疆,2344,攉,1
3781,疆,4925,艟,1
3782,疋,3144,涩,1
3782,疋,5549,襻,1
3784,疏,1347,嫉,1
3784,疏,4073,硫,1
3784,疏,6846,驻,1
3785,疑,1602,嶷,1
3785,疑,2907,毪,1
3785,疑,4475,纶,1
3785,疑,4783,胰,1
3785,疑,5813,赑,1
3785,疑,6685,鞋,1
3785,疑,6743,颖,1
3785,疑,7178,龊,1
3786,疒,1375,字,1
3788,疖,1255,妒,1
3788,疖,3814,疽,1
3789,疗,515,劝,1
3789,疗,3268,滤,1
3789,疗,3826,痔,1
3789,疗,4395,籽,1
3789,疗,5185,蒋,1
3789,疗,5472,衫,1
3790,疙,2666,桂,1
3790,疙,3794,疠,1
3790,疙,3803,疮,1
3791,疚,117,仄,1
3791,疚,1388,孩,1
3791,疚,2364,救,1
3791,疚,3800,疫,1
3791,疚,4194,积,1
3791,疚,4901,舨,1
3792,疝,3804,疯,1
3793,疟,36,临,1
3793,疟,3805,疰,1
3794,疠,3819,病,1
3795,疡,51,之,1
3795,疡,521,劣,1
3795,疡,3789,疗,1
3795,疡,3801,疬,1
3795,疡,3819,病,1
3795,疡,3837,痨,1
3796,疢,3810,疵,1
3796,疢,3815,疾,1
3796,疢,3840,痰,1
3797,疣,3817,痃,1
3798,疤,3803,疮,1
3799,疥,640,参,1
3799,疥,3812,疹,1
3799,疥,3817,痃,1
3800,疫,625,厚,1
3800,疫,1965,愎,1
3800,疫,2888,段,1
3800,疫,3807,疲,1
3800,疫,3865,瘩,1
3801,疬,3795,疡,1
3801,疬,3828,痖,1
3801,疬,3832,痢,1
3802,疭,163,众,1
3802,疭,3791,疚,1
3804,疯,1115,埙,1
3804,疯,3206,湄,1
3804,疯,3801,疬,1
3805,疰,3834,痤,1
3805,疰,3855,瘗,1
3806,疱,1689,庖,1
3807,疲,1437,宿,1
3807,疲,1692,庚,1
3807,疲,1780,彼,1
3807,疲,2928,氛,1
3807,疲,3791,疚,1
3807,疲,3815,疾,1
3807,疲,3827,痕,1
3807,疲,3831,痞,1
3807,疲,3858,瘛,1
3807,疲,3867,瘫,1
3808,疳,3814,疽,1
3808,疳,3844,痼,1
3810,疵,1680,庇,1
3810,疵,3804,疯,1
3810,疵,3834,痤,1
3812,疹,3789,疗,1
3812,疹,3791,疚,1
3812,疹,3817,痃,1
3812,疹,3822,痉,1
3812,疹,3850,瘆,1
3812,疹,5491,袗,1
3813,疼,205,佟,1
3813,疼,1699,度,1
3813,疼,1946,惨,1
3813,疼,3835,痦,1
3813,疼,3865,瘩,1
3813,疼,3866,瘪,1
3814,疽,1855,怛,1
3814,疽,4186,租,1
3815,疾,3196,渥,1
3815,疾,3800,疫,1
3815,疾,3840,痰,1
3815,疾,5467,衣,1
3816,痂,1680,庇,1
3816,痂,3788,疖,1
3817,痃,3799,疥,1
3817,痃,3842,痴,1
3819,病,384,兹,1
3819,病,2610,柄,1
3819,病,3280,漏,1
3819,病,3791,疚,1
3819,病,3830,痛,1
3819,病,3836,痧,1
3819,病,5425,螭,1
3820,症,689,后,1
3820,症,1944,惦,1
3820,症,3798,疤,1
3820,症,3811,疸,1
3820,症,3814,疽,1
3821,痈,1094,垧,1
3821,痈,1501,屏,1
3821,痈,3322,澜,1
3821,痈,3788,疖,1
3821,痈,3830,痛,1
3821,痈,3844,痼,1
3821,痈,5194,蒲,1
3822,痉,1499,屋,1
3822,痉,3790,疙,1
3822,痉,3834,痤,1
3822,痉,3855,瘗,1
3822,痉,3866,瘪,1
3823,痊,3813,疼,1
3823,痊,3826,痔,1
3825,痒,2133,拜,1
3825,痒,3805,疰,1
3825,痒,3818,痄,1
3825,痒,3822,痉,1
3825,痒,3826,痔,1
3826,痔,1464,将,1
3826,痔,1785,待,1
3826,痔,3276,滹,1
3826,痔,3831,痞,1
3826,痔,5276,藤,1
3827,痕,358,兆,1
3827,痕,3085,派,1
3827,痕,3807,疲,1
3828,痖,1700,座,1
3829,痘,713,启,1
3829,痘,3790,疙,1
3829,痘,3805,疰,1
3829,痘,3811,疸,1
3829,痘,3820,症,1
3829,痘,3828,痖,1
3829,痘,3878,癃,1
3830,痛,3795,疡,1
3830,痛,3819,病,1
3830,痛,3844,痼,1
3830,痛,3848,瘃,1
3830,痛,5236,蔼,1
3831,痞,187,伾,1
3831,痞,3268,滤,1
3831,痞,3423,焙,1
3831,痞,3486,爽,1
3831,痞,3813,疼,1
3831,痞,3826,痔,1
3831,痞,3862,瘤,1
3831,痞,3865,瘩,1
3831,痞,4862,膺,1
3833,痣,3845,痿,1
3834,痤,1700,座,1
3835,痦,3843,痹,1
3836,痧,3810,疵,1
3837,痨,3819,病,1
3837,痨,3865,瘩,1
3838,痪,2214,授,1
3838,痪,2254,握,1
3838,痪,2412,族,1
3838,痪,3817,痃,1
3838,痪,3851,瘊,1
3838,痪,4206,税,1
3839,痫,3821,痈,1
3840,痰,2179,振,1
3840,痰,3270,滦,1
3840,痰,3313,潺,1
3840,痰,3467,燕,1
3840,痰,3846,瘀,1
3840,痰,3877,癀,1
3840,痰,3879,癌,1
3840,痰,4867,臃,1
3840,痰,5356,蛲,1
3840,痰,6431,锬,1
3841,痱,3810,疵,1
3842,痴,3880,癍,1
3843,痹,1702,庳,1
3843,痹,3868,瘭,1
3844,痼,3864,瘦,1
3844,痼,4551,缅,1
3845,痿,3856,瘘,1
3845,痿,3864,瘦,1
3845,痿,3879,癌,1
3846,瘀,3831,痞,1
3846,瘀,3840,痰,1
3847,瘁,2201,捧,1
3847,瘁,3795,疡,1
3847,瘁,3818,痄,1
3847,瘁,3882,癖,1
3847,瘁,3885,癣,1
3847,瘁,4188,秤,1
3848,瘃,3824,痍,1
3849,瘅,3830,痛,1
3849,瘅,3847,瘁,1
3849,瘅,7106,麇,1
3853,瘐,3845,痿,1
3853,瘐,3876,瘿,1
3854,瘕,2329,撼,1
3854,瘕,3862,瘤,1
3855,瘗,3878,癃,1
3856,瘘,1582,崾,1
3856,瘘,3876,瘿,1
3858,瘛,3876,瘿,1
3859,瘟,3811,疸,1
3859,瘟,3866,瘪,1
3859,瘟,6099,遇,1
3859,瘟,6435,锰,1
3862,瘤,3232,溜,1
3862,瘤,3795,疡,1
3862,瘤,3830,痛,1
3862,瘤,4863,膻,1
3863,瘥,2276,搓,1
3863,瘥,3865,瘩,1
3863,瘥,3878,癃,1
3864,瘦,1712,廋,1
3864,瘦,1965,愎,1
3864,瘦,3845,痿,1
3865,瘩,2286,搭,1
3865,瘩,3712,璩,1
3865,瘩,3835,痦,1
3865,瘩,3850,瘆,1
3865,瘩,3860,瘠,1
3865,瘩,3887,癯,1
3866,瘪,1146,堰,1
3866,瘪,3806,疱,1
3866,瘪,3827,痕,1
3866,瘪,3858,瘛,1
3867,瘫,2004,懈,1
3867,瘫,3818,痄,1
3867,瘫,3822,痉,1
3867,瘫,3880,癍,1
3867,瘫,4252,窥,1
3867,瘫,6627,雍,1
3868,瘭,3869,瘰,1
3869,瘰,3230,源,1
3870,瘳,1716,廖,1
3870,瘳,3850,瘆,1
3871,瘴,1696,庠,1
3871,瘴,3847,瘁,1
3871,瘴,3868,瘭,1
3871,瘴,3881,癔,1
3871,瘴,4850,膏,1
3872,瘵,2877,殍,1
3872,瘵,3864,瘦,1
3872,瘵,3868,瘭,1
3872,瘵,3878,癃,1
3873,瘸,3858,瘛,1
3873,瘸,3862,瘤,1
3874,瘼,3838,痪,1
3874,瘼,3863,瘥,1
3874,瘼,3877,癀,1
3875,瘾,1771,彪,1
3877,癀,3874,瘼,1
3877,癀,3881,癔,1
3879,癌,3840,痰,1
3879,癌,3866,瘪,1
3879,癌,3868,瘭,1
3879,癌,5718,谣,1
3880,癍,3839,痫,1
3880,癍,3841,痱,1
3880,癍,3867,瘫,1
3881,癔,3567,猄,1
3881,癔,3856,瘘,1
3882,癖,3330,澼,1
3882,癖,3885,癣,1
3883,癜,2890,殿,1
3883,癜,3854,瘕,1
3884,癞,3318,澉,1
3884,癞,4707,聊,1
3884,癞,7116,麻,1
3885,癣,3847,瘁,1
3886,癫,3880,癍,1
3886,癫,3883,癜,1
3888,癸,971,噗,1
3888,癸,1232,奖,1
3888,癸,1471,尖,1
3888,癸,3368,炎,1
3888,癸,3457,熨,1
3888,癸,4283,笑,1
3889,登,2866,死,1
3889,登,4330,签,1
3889,登,4376,簉,1
3889,登,4377,簋,1
3889,登,4383,簦,1
3889,登,5584,訾,1
3889,登,6618,难,1
3890,白,38,丸,1
3890,白,158,伍,1
3890,白,658,句,1
3890,白,1004,囟,1
3890,白,1012,囱,1
3890,白,2394,斥,1
3890,白,6038,这,1
3891,百,395,再,1
3891,百,2523,有,1
3891,百,2865,歹,1
3891,百,3080,洹,1
3891,百,3744,甪,1
3891,百,3750,由,1
3891,百,3942,眉,1
3891,百,4019,石,1
3891,百,4875,自,1
3892,皂,405,冤,1
3892,皂,1401,宅,1
3892,皂,1416,宝,1
3892,皂,2514,曳,1
3892,皂,4284,笔,1
3892,皂,5557,觅,1
3892,皂,6051,迫,1
3893,的,42,丽,1
3893,的,152,份,1
3893,的,520,劢,1
3893,的,526,劬,1
3893,的,790,品,1
3893,的,1004,囟,1
3893,的,1457,对,1
3893,的,1808,心,1
3893,的,2359,故,1
3893,的,4023,矽,1
3893,的,4045,砧,1
3893,的,4912,舶,1
3893,的,5753,豹,1
3893,的,6286,钓,1
3893,的,7047,鸲,1
3893,的,7056,鸼,1
3894,皆,848,唱,1
3894,皆,889,喈,1
3894,皆,2421,旨,1
3894,皆,2443,昏,1
3894,皆,2703,梦,1
3894,皆,4288,笞,1
3894,皆,4292,符,1
3894,皆,4313,答,1
3894,皆,4324,筲,1
3894,皆,4761,背,1
3895,皇,1862,性,1
3895,皇,3892,皂,1
3896,皈,6761,飐,1
3897,皋,584,卑,1
3897,皋,1656,幂,1
3897,皋,5752,豸,1
3898,皎,4788,胶,1
3899,皑,5787,贷,1
3900,皓,871,啭,1
3900,皓,6223,酷,1
3900,皓,6956,鲒,1
3901,皖,2469,晓,1
3901,皖,3899,皑,1
3901,皖,5759,貌,1
3901,皖,6974,鲩,1
3902,皙,822,哲,1
3902,皙,1655,帽,1
3902,皙,1762,彗,1
3903,皤,1599,嶓,1
3904,皮,643,及,1
3904,皮,646,反,1
3904,皮,1530,岚,1
3904,皮,2080,技,1
3904,皮,4724,肉,1
3904,皮,4958,芨,1
3904,皮,7113,麦,1
3905,皱,4461,级,1
3905,皱,6342,铍,1
3906,皲,4774,胥,1
3906,皲,6683,鞁,1
3907,皴,1580,崴,1
3907,皴,1806,徼,1
3907,皴,3906,皲,1
3908,皿,1003,回,1
3908,皿,1277,姐,1
3908,皿,2419,旦,1
3908,皿,3028,泗,1
3909,盂,3183,渍,1
3909,盂,6071,透,1
3910,盅,35,串,1
3910,盅,3305,潢,1
3910,盅,3916,盎,1
3910,盅,5338,蛊,1
3911,盆,1046,坌,1
3911,盆,1422,室,1
3911,盆,1443,富,1
3911,盆,3909,盂,1
3912,盈,3911,盆,1
3912,盈,3923,盗,1
3912,盈,6935,鱼,1
3914,益,2460,昼,1
3915,盍,1189,壶,1
3915,盍,3770,畜,1
3915,盍,5338,蛊,1
3917,盏,3913,盉,1
3917,盏,3915,盍,1
3917,盏,3921,盔,1
3918,盐,1112,埕,1
3918,盐,3923,盗,1
3919,监,4289,笠,1
3919,监,4303,笾,1
3919,监,4552,缆,1
3919,监,6048,迨,1
3919,监,6049,迩,1
3919,监,7168,齿,1
3920,盒,3775,畲,1
3920,盒,3928,盫,1
3920,盒,6935,鱼,1
3922,盖,1382,孟,1
3922,盖,5767,责,1
3923,盗,422,准,1
3923,盗,775,咨,1
3923,盗,3911,盆,1
3923,盗,4294,笪,1
3923,盗,6973,鲨,1
3924,盘,108,亶,1
3924,盘,4616,置,1
3925,盛,1296,威,1
3925,盛,1936,惑,1
3925,盛,3920,盒,1
3925,盛,3926,盟,1
3925,盛,6817,馌,1
3926,盟,5351,蛩,1
3927,盥,3926,盟,1
3928,盫,7144,鼍,1
3929,目,15,且,1
3929,目,456,刍,1
3929,目,743,周,1
3929,目,1002,囝,1
3929,目,1010,园,1
3929,目,1757,彐,1
3929,目,2419,旦,1
3929,目,3127,涑,1
3929,目,3736,甘,1
3930,盯,2430,时,1
3931,盱,2427,旰,1
3932,盲,4237,窅,1
3933,直,84,互,1
3933,直,4875,自,1
3933,直,5006,苴,1
3934,相,2069,扭,1
3934,相,2424,旭,1
3934,相,2599,枫,1
3934,相,2722,棚,1
3934,相,2774,榈,1
3934,相,6563,阴,1
3935,盹,3954,眬,1
3936,盼,708,吩,1
3936,盼,793,哆,1
3936,盼,2070,扮,1
3937,盾,194,佑,1
3937,盾,229,侑,1
3937,盾,5040,茴,1
3937,盾,5752,豸,1
3937,盾,5772,质,1
3938,省,827,哿,1
3938,省,1527,岗,1
3938,省,2445,昔,1
3938,省,2626,查,1
3938,省,4671,者,1
3938,省,4728,肖,1
3938,省,5041,茵,1
3938,省,5752,豸,1
3938,省,6826,首,1
3940,眇,523,助,1
3940,眇,717,吵,1
3940,眇,4725,肋,1
3941,眈,3951,眦,1
3941,眈,4702,耽,1
3942,眉,1491,局,1
3942,眉,1503,屑,1
3942,眉,5362,蜀,1
3944,看,688,名,1
3944,看,2421,旨,1
3944,看,3937,盾,1
3944,看,3959,眷,1
3944,看,4883,舀,1
3944,看,5047,荀,1
3945,眍,2593,枢,1
3946,眙,4763,胎,1
3947,眚,4353,箸,1
3948,真,361,克,1
3948,真,380,兵,1
3948,真,2674,桌,1
3948,真,3933,直,1
3948,真,5059,荚,1
3948,真,5138,萁,1
3948,真,5952,身,1
3948,真,7147,鼒,1
3949,眠,2442,明,1
3949,眠,4824,腒,1
3949,眠,6762,飑,1
3950,眢,2448,昝,1
3950,眢,2488,智,1
3951,眦,3029,泚,1
3952,眨,3968,睑,1
3952,眨,5776,贬,1
3953,眩,3622,玩,1
3953,眩,3952,眨,1
3953,眩,4785,胲,1
3953,眩,4797,脍,1
3955,眭,6706,韪,1
3956,眯,2461,昽,1
3956,眯,3960,眸,1
3956,眯,3971,睡,1
3957,眵,793,哆,1
3957,眵,2499,暧,1
3958,眶,3945,眍,1
3958,眶,3969,睚,1
3959,眷,478,券,1
3959,眷,610,卷,1
3959,眷,6663,青,1
3959,眷,6963,鲞,1
3959,眷,7044,鸯,1
3960,眸,4764,胖,1
3960,眸,5343,蛑,1
3961,眺,2667,桃,1
3961,眺,3985,瞅,1
3961,眺,4702,耽,1
3961,眺,4905,舭,1
3961,眺,5314,蚍,1
3962,眼,733,呕,1
3962,眼,2458,昵,1
3962,眼,6773,飧,1
3963,着,1617,差,1
3963,着,4353,箸,1
3963,着,4631,羞,1
3963,着,5231,蔷,1
3964,睁,752,呼,1
3964,睁,1556,峥,1
3964,睁,2479,晦,1
3965,睃,829,唆,1
3965,睃,3774,畯,1
3965,睃,3957,眵,1
3965,睃,4809,脧,1
3966,睇,2707,梯,1
3967,睐,3956,眯,1
3967,睐,3978,睬,1
3968,睑,4815,脸,1
3969,睚,3148,涯,1
3969,睚,3958,眶,1
3969,睚,3986,瞌,1
3970,睛,1931,情,1
3970,睛,2475,晞,1
3970,睛,2497,暗,1
3970,睛,3776,畴,1
3970,睛,3777,畸,1
3970,睛,5930,蹢,1
3971,睡,2207,捶,1
3971,睡,3952,眨,1
3971,睡,4769,胜,1
3971,睡,5346,蛙,1
3971,睡,5909,踵,1
3972,睢,3971,睡,1
3972,睢,6631,雕,1
3973,督,655,叠,1
3975,睦,1153,塍,1
3975,睦,3969,睚,1
3975,睦,6592,陪,1
3976,睨,3989,瞑,1
3976,睨,5759,貌,1
3977,睫,2450,映,1
3977,睫,6228,酿,1
3978,睬,918,嗓,1
3978,睬,2472,晖,1
3978,睬,3964,睁,1
3978,睬,3991,瞟,1
3978,睬,4810,脬,1
3979,睹,2469,晓,1
3979,睹,2479,晦,1
3979,睹,2485,晴,1
3979,睹,2497,暗,1
3979,睹,3970,睛,1
3979,睹,3990,瞒,1
3980,睽,3997,瞪,1
3981,睾,2287,搴,1
3982,睿,1420,客,1
3984,瞄,806,哕,1
3984,瞄,905,喵,1
3984,瞄,3990,瞒,1
3984,瞄,6099,遇,1
3985,瞅,1883,恢,1
3985,瞅,2257,揪,1
3985,瞅,4000,瞰,1
3985,瞅,4825,腓,1
3985,瞅,5938,蹴,1
3985,瞅,6443,锹,1
3987,瞍,920,嗖,1
3988,瞎,3953,眩,1
3988,瞎,4713,聘,1
3989,瞑,2507,曛,1
3990,瞒,3688,瑞,1
3990,瞒,3984,瞄,1
3990,瞒,3996,瞩,1
3990,瞒,4002,瞵,1
3990,瞒,4823,腑,1
3990,瞒,5926,蹒,1
3992,瞠,4854,膛,1
3994,瞥,3973,督,1
3994,瞥,3983,瞀,1
3994,瞥,7095,鹫,1
3995,瞧,1994,憔,1
3995,瞧,1999,憩,1
3995,瞧,3952,眨,1
3995,瞧,3997,瞪,1
3995,瞧,4815,脸,1
3997,瞪,4003,瞻,1
3997,瞪,6603,隍,1
3998,瞬,923,嗞,1
3998,瞬,2475,晞,1
3998,瞬,4002,瞵,1
3998,瞬,6803,饼,1
3999,瞭,963,嘹,1
3999,瞭,5941,蹽,1
4001,瞳,1997,憧,1
4001,瞳,3971,睡,1
4001,瞳,3992,瞠,1
4001,瞳,4860,膪,1
4001,瞳,4865,臁,1
4001,瞳,6477,镜,1
4002,瞵,3705,璘,1
4002,瞵,6010,辚,1
4003,瞻,844,唬,1
4005,瞿,948,嘘,1
4007,矗,2727,森,1
4008,矛,1627,市,1
4008,矛,1641,帚,1
4008,矛,1743,弟,1
4008,矛,2617,柔,1
4008,矛,5015,茅,1
4009,矜,1319,婀,1
4009,矜,1749,弪,1
4009,矜,3781,疆,1
4009,矜,3907,皴,1
4009,矜,5491,袗,1
4009,矜,6856,骆,1
4010,矢,0,々,1
4010,矢,25,丢,1
4010,矢,71,买,1
4010,矢,4011,矣,1
4010,矢,4283,笑,1
4011,矣,1221,奂,1
4011,矣,2440,昊,1
4011,矣,3120,浼,1
4011,矣,3379,炭,1
4011,矣,3382,炱,1
4011,矣,4283,笑,1
4012,知,759,和,1
4012,知,1586,嵌,1
4012,知,1810,必,1
4012,知,4014,矩,1
4012,知,4356,篇,1
4012,知,4598,缸,1
4012,知,5375,蜘,1
4014,矩,4018,矮,1
4014,矩,5873,距,1
4015,矫,1301,娇,1
4015,矫,4514,统,1
4015,矫,5498,袯,1
4016,矬,6397,锉,1
4017,短,1781,往,1
4017,短,4499,经,1
4017,短,7138,黯,1
4018,矮,3418,焐,1
4019,石,49,么,1
4019,石,84,互,1
4019,石,355,元,1
4019,石,671,右,1
4019,石,688,名,1
4019,石,689,后,1
4021,矸,2867,歼,1
4021,矸,6200,酐,1
4022,矻,4048,砭,1
4022,矻,4057,砼,1
4023,矽,3750,由,1
4023,矽,4031,砍,1
4023,矽,4070,硚,1
4024,矾,42,丽,1
4024,矾,4020,矶,1
4024,矾,6763,飒,1
4025,矿,2397,斫,1
4025,矿,5643,试,1
4026,砀,4094,碥,1
4027,码,3579,猡,1
4027,码,4066,硒,1
4027,码,4081,碌,1
4027,码,4082,碍,1
4028,砂,4025,矿,1
4028,砂,4183,秒,1
4028,砂,4470,纱,1
4030,砌,4066,硒,1
4031,砍,2843,欣,1
4031,砍,2846,欲,1
4031,砍,4079,碇,1
4032,砑,4058,砾,1
4033,砒,147,仳,1
4033,砒,2866,死,1
4033,砒,4024,矾,1
4033,砒,6379,铷,1
4034,研,1254,妍,1
4034,研,2397,斫,1
4034,研,4021,矸,1
4034,研,4050,砰,1
4034,研,5857,趼,1
4035,砖,170,传,1
4035,砖,3631,玻,1
4035,砖,4017,短,1
4035,砖,4031,砍,1
4035,砖,4061,硅,1
4036,砗,4050,砰,1
4038,砚,3626,现,1
4038,砚,4059,础,1
4038,砚,4080,碉,1
4039,砜,4043,砥,1
4039,砜,4051,破,1
4040,砝,4061,硅,1
4041,砟,4045,砧,1
4042,砣,3899,皑,1
4042,砣,4045,砧,1
4042,砣,4062,硇,1
4043,砥,4021,矸,1
4043,砥,4032,砑,1
4044,砦,4349,箬,1
4045,砧,3629,玷,1
4045,砧,4027,码,1
4045,砧,4031,砍,1
4045,砧,4067,硕,1
4046,砩,4119,礁,1
4046,砩,4495,绋,1
4047,砬,4048,砭,1
4047,砬,4077,硷,1
4047,砬,4102,碹,1
4047,砬,6618,难,1
4048,砭,4077,硷,1
4049,砮,1748,弩,1
4050,砰,1326,婢,1
4050,砰,4034,研,1
4050,砰,4052,砷,1
4050,砰,4074,硬,1
4050,砰,4083,碎,1
4050,砰,5627,评,1
4051,破,714,吱,1
4051,破,3631,玻,1
4051,破,4035,砖,1
4051,破,4054,砹,1
4051,破,4074,硬,1
4051,破,4120,礅,1
4051,破,7077,鹕,1
4052,砷,4489,绅,1
4053,砸,4066,硒,1
4058,砾,4036,砗,1
4058,砾,4043,砥,1
4058,砾,4081,碌,1
4058,砾,4115,磲,1
4058,砾,6901,髓,1
4059,础,3900,皓,1
4059,础,4052,砷,1
4059,础,4072,硪,1
4059,础,5636,诎,1
4060,硁,4057,砼,1
4060,硁,6219,酲,1
4061,硅,4037,砘,1
4061,硅,4059,础,1
4061,硅,4085,碓,1
4061,硅,4100,碴,1
4063,硌,4073,硫,1
4063,硌,4090,碜,1
4065,硐,6215,酮,1
4066,硒,4026,砀,1
4066,硒,4053,砸,1
4066,硒,4062,硇,1
4066,硒,6249,醾,1
4067,硕,2852,歃,1
4067,硕,3273,滪,1
4067,硕,4023,矽,1
4067,硕,4032,砑,1
4067,硕,4038,砚,1
4067,硕,4051,破,1
4067,硕,4089,碛,1
4067,硕,6717,项,1
4067,硕,6721,顽,1
4067,硕,6726,颂,1
4070,硚,1301,娇,1
4071,硝,4051,破,1
4072,硪,4059,础,1
4073,硫,2413,旒,1
4073,硫,4086,碗,1
4073,硫,5931,蹦,1
4074,硬,246,便,1
4074,硬,2868,殁,1
4074,硬,4037,砘,1
4074,硬,4792,能,1
4074,硬,5685,谀,1
4075,硭,4036,砗,1
4076,确,930,嗨,1
4076,确,2873,殇,1
4076,确,4026,砀,1
4076,确,4094,碥,1
4077,硷,268,俭,1
4077,硷,2879,殓,1
4077,硷,4035,砖,1
4077,硷,4057,砼,1
4078,硼,3636,珊,1
4078,硼,5931,蹦,1
4079,碇,3700,璇,1
4079,碇,4086,碗,1
4080,碉,2442,明,1
4080,碉,4781,胭,1
4080,碉,5688,调,1
4081,碌,4096,碰,1
4081,碌,4123,礞,1
4082,碍,4081,碌,1
4082,碍,4093,碣,1
4082,碍,4122,礓,1
4082,碍,5898,踝,1
4082,碍,7000,鳄,1
4083,碎,346,僻,1
4083,碎,585,卒,1
4083,碎,4050,砰,1
4083,碎,4076,确,1
4083,碎,6862,骍,1
4084,碑,277,俾,1
4084,碑,4050,砰,1
4084,碑,4083,碎,1
4084,碑,5506,裈,1
4084,碑,6014,辟,1
4084,碑,6595,陴,1
4085,碓,4103,碾,1
4085,碓,6621,雄,1
4086,碗,3692,瑰,1
4086,碗,4022,矻,1
4086,碗,4073,硫,1
4086,碗,4827,腕,1
4086,碗,6169,郦,1
4087,碘,1343,媸,1
4087,碘,4099,碳,1
4088,碚,4063,硌,1
4091,碟,961,嘴,1
4091,碟,2875,殊,1
4091,碟,4110,磔,1
4091,碟,5697,谍,1
4091,碟,5914,蹀,1
4091,碟,6994,鲽,1
4092,碡,4117,磷,1
4093,碣,545,勰,1
4093,碣,4270,竭,1
4095,碧,1535,岩,1
4096,碰,1781,往,1
4096,碰,2728,棰,1
4096,碰,4108,磋,1
4096,碰,5921,蹉,1
4096,碰,6489,镨,1
4097,碱,2136,拣,1
4097,碱,4072,硪,1
4097,碱,5648,诚,1
4098,碲,4564,缔,1
4099,碳,4103,碾,1
4099,碳,4104,磁,1
4100,碴,4066,硒,1
4100,碴,4089,碛,1
4100,碴,4111,磕,1
4101,碶,3711,璨,1
4101,碶,4164,禊,1
4102,碹,4077,硷,1
4103,碾,4085,碓,1
4103,碾,4108,磋,1
4104,磁,635,厶,1
4104,磁,923,嗞,1
4104,磁,1322,婊,1
4104,磁,3253,滋,1
4104,磁,4035,砖,1
4104,磁,4584,缩,1
4105,磅,2275,搒,1
4105,磅,4090,碜,1
4105,磅,4108,磋,1
4106,磉,918,嗓,1
4107,磊,3734,甑,1
4107,磊,4442,累,1
4108,磋,4022,矻,1
4108,磋,4099,碳,1
4108,磋,5381,蜣,1
4109,磐,4095,碧,1
4111,磕,4040,砝,1
4111,磕,4077,硷,1
4111,磕,4088,碚,1
4111,磕,4089,碛,1
4111,磕,4092,碡,1
4111,磕,4100,碴,1
4112,磙,4123,礞,1
4113,磨,833,唐,1
4113,磨,1507,屠,1
4113,磨,3865,瘩,1
4113,磨,4109,磐,1
4113,磨,4114,磬,1
4113,磨,6934,魔,1
4115,磲,4106,磉,1
4116,磴,4077,硷,1
4116,磴,6884,骥,1
4117,磷,3705,璘,1
4118,磺,4087,碘,1
4118,磺,4384,簧,1
4121,礌,1369,孀,1
4122,礓,4591,缰,1
4123,礞,2838,檬,1
4124,礤,4126,礴,1
4126,礴,4092,碡,1
4127,示,571,区,1
4127,示,592,卞,1
4127,示,667,可,1
4127,示,1370,子,1
4127,示,1408,宓,1
4127,示,4174,禾,1
4127,示,4878,至,1
4127,示,4985,苏,1
4128,礻,4438,素,1
4128,礻,6130,邝,1
4129,礼,466,初,1
4129,礼,1481,就,1
4129,礼,2539,札,1
4130,社,1781,往,1
4130,社,3534,狂,1
4130,社,4129,礼,1
4130,社,4131,祀,1
4130,社,4136,祉,1
4130,社,5303,虻,1
4131,祀,5488,袍,1
4132,祁,608,却,1
4132,祁,6130,邝,1
4135,祈,2585,析,1
4135,祈,4134,祆,1
4135,祈,6336,铆,1
4136,祉,2858,止,1
4137,祎,5611,讳,1
4139,祖,1783,徂,1
4139,祖,3814,疽,1
4139,祖,4651,翘,1
4139,祖,6044,迢,1
4139,祖,6327,钽,1
4140,祗,4043,砥,1
4141,祚,4041,砟,1
4141,祚,4297,笮,1
4141,祚,5485,袆,1
4143,祜,4503,结,1
4144,祝,165,伙,1
4144,祝,414,况,1
4144,祝,4709,职,1
4144,祝,5790,贺,1
4145,神,146,仲,1
4145,神,5490,袖,1
4145,神,6571,陂,1
4146,祟,101,享,1
4146,祟,4439,索,1
4146,祟,4441,紫,1
4146,祟,5082,荼,1
4147,祠,184,伺,1
4147,祠,5518,裥,1
4148,祢,1745,弥,1
4148,祢,4133,祃,1
4149,祥,109,亸,1
4149,祥,148,仵,1
4149,祥,2079,承,1
4149,祥,2133,拜,1
4149,祥,2631,柱,1
4149,祥,4163,禅,1
4149,祥,5493,袢,1
4149,祥,6252,释,1
4150,祧,2667,桃,1
4150,祧,3646,珧,1
4150,祧,4157,祺,1
4151,票,101,享,1
4151,票,1453,寨,1
4151,票,1460,导,1
4151,票,2663,栾,1
4151,票,2819,橐,1
4151,票,4146,祟,1
4151,票,5551,要,1
4151,票,6634,雩,1
4151,票,6644,霄,1
4153,祯,4150,祧,1
4155,祷,264,俦,1
4155,祷,5492,袜,1
4155,祷,5527,裾,1
4155,祷,5537,褥,1
4155,祷,6380,铸,1
4156,祸,6298,钠,1
4157,祺,2717,棋,1
4157,祺,4163,禅,1
4157,祺,4169,禳,1
4158,祼,5662,诨,1
4160,禀,4151,票,1
4160,禀,5196,蒸,1
4161,禁,1328,婪,1
4161,禁,1386,孥,1
4161,禁,1762,彗,1
4161,禁,1928,悸,1
4161,禁,2164,挚,1
4161,禁,2703,梦,1
4161,禁,4440,紧,1
4162,禄,4081,碌,1
4162,禄,4082,碍,1
4162,禄,4545,绿,1
4163,禅,1753,弹,1
4163,禅,4164,禊,1
4164,禊,3161,淑,1
4164,禊,4158,祼,1
4164,禊,4166,禚,1
4165,福,5496,被,1
4165,福,5545,襕,1
4165,福,6100,遍,1
4166,禚,4168,禧,1
4168,禧,4169,禳,1
4169,禳,1817,忑,1
4169,禳,4225,穰,1
4170,禹,78,事,1
4170,禹,201,佛,1
4170,禹,1200,多,1
4170,禹,1531,岛,1
4170,禹,1706,庸,1
4170,禹,3281,漓,1
4170,禹,3301,潘,1
4170,禹,3304,潟,1
4171,禺,5789,费,1
4172,离,1439,寄,1
4172,离,3281,漓,1
4172,离,3480,爵,1
4172,离,3770,畜,1
4172,离,4171,禺,1
4172,离,6171,部,1
4173,禽,1233,套,1
4173,禽,3873,瘸,1
4173,禽,5774,贪,1
4174,禾,56,乐,1
4174,禾,1626,币,1
4174,禾,2536,未,1
4174,禾,2540,术,1
4174,禾,2541,朱,1
4174,禾,2543,朵,1
4174,禾,4391,米,1
4175,秀,5339,蛋,1
4176,私,4185,秘,1
4177,秃,435,凭,1
4177,秃,4264,竞,1
4177,秃,4393,类,1
4177,秃,6829,香,1
4178,秆,3611,玕,1
4178,秆,4181,种,1
4178,秆,4193,秭,1
4178,秆,6150,邾,1
4179,秉,61,乘,1
4179,秉,2536,未,1
4179,秉,2561,束,1
4179,秉,2617,柔,1
4179,秉,2929,氟,1
4179,秉,6614,隶,1
4180,秋,2558,杖,1
4180,秋,2569,杭,1
4180,秋,4183,秒,1
4180,秋,4184,秕,1
4181,种,4182,科,1
4181,种,4190,秧,1
4181,种,4754,肿,1
4181,种,6251,釉,1
4182,科,485,剁,1
4182,科,4193,秭,1
4182,科,5493,袢,1
4183,秒,1766,形,1
4183,秒,2082,抄,1
4183,秒,2568,杪,1
4183,秒,3516,犄,1
4183,秒,4181,种,1
4184,秕,1261,妣,1
4184,秕,2075,批,1
4184,秕,4033,砒,1
4185,秘,2568,杪,1
4185,秘,4184,秕,1
4186,租,3544,狙,1
4186,租,5489,袒,1
4186,租,5628,诅,1
4186,租,5852,足,1
4187,秣,2106,抹,1
4187,秣,2587,林,1
4187,秣,4191,秩,1
4188,秤,2387,料,1
4188,秤,2602,枰,1
4188,秤,3503,牦,1
4188,秤,3611,玕,1
4188,秤,4132,祁,1
4188,秤,4186,租,1
4188,秤,5627,评,1
4188,秤,5975,轷,1
4188,秤,6252,释,1
4189,秦,1671,幸,1
4189,秦,2148,拳,1
4189,秦,2155,拿,1
4189,秦,2451,春,1
4189,秦,3043,泰,1
4189,秦,4438,素,1
4189,秦,5173,葬,1
4189,秦,6673,革,1
4190,秧,4191,秩,1
4190,秧,4194,积,1
4190,秧,4838,腴,1
4191,秩,1883,恢,1
4191,秩,3508,牲,1
4191,秩,3621,玦,1
4191,秩,4194,积,1
4191,秩,6446,锼,1
4191,秩,6687,鞑,1
4192,秫,2587,林,1
4192,秫,3652,球,1
4194,积,2717,棋,1
4194,积,4144,祝,1
4194,积,4185,秘,1
4194,积,4203,稆,1
4195,称,2587,林,1
4195,称,2638,标,1
4195,称,2852,歃,1
4195,称,4178,秆,1
4195,称,4210,稞,1
4195,称,4213,稳,1
4195,称,4217,稼,1
4197,移,224,侈,1
4197,移,1806,徼,1
4197,移,2240,掺,1
4197,移,2577,杼,1
4197,移,2697,梅,1
4197,移,4202,稃,1
4197,移,4216,稻,1
4197,移,4222,穆,1
4197,移,5986,辂,1
4197,移,6252,释,1
4198,秽,6622,雅,1
4200,稀,3520,犏,1
4200,稀,5748,豨,1
4201,稂,2786,榱,1
4203,稆,4194,积,1
4203,稆,4915,船,1
4203,稆,6354,铝,1
4204,程,2139,拦,1
4204,程,2666,桂,1
4204,程,3501,牡,1
4204,程,4186,租,1
4205,稍,2192,捎,1
4205,稍,2702,梢,1
4205,稍,4198,秽,1
4205,稍,4204,程,1
4205,稍,4687,耥,1
4206,税,1919,悦,1
4206,税,2091,抗,1
4206,税,2169,挠,1
4206,税,4194,积,1
4206,税,4201,稂,1
4207,稔,4213,稳,1
4208,稗,2741,椑,1
4208,稗,4530,绰,1
4209,稚,3511,牺,1
4210,稞,5898,踝,1
4211,稠,2774,榈,1
4211,稠,3620,玥,1
4212,稣,6944,鲆,1
4212,稣,6948,鲊,1
4213,稳,1939,惚,1
4213,稳,1960,愁,1
4213,稳,4185,秘,1
4213,稳,4194,积,1
4213,稳,4201,稂,1
4213,稳,4224,穗,1
4215,稹,1159,填,1
4215,稹,2752,楂,1
4215,稹,6818,馍,1
4216,稻,4165,福,1
4216,稻,4213,稳,1
4216,稻,4224,穗,1
4217,稼,1345,嫁,1
4217,稼,4416,粽,1
4218,稽,286,倚,1
4218,稽,310,偕,1
4218,稽,2481,普,1
4218,稽,2765,楷,1
4218,稽,3993,瞢,1
4218,稽,4216,稻,1
4218,稽,4223,穑,1
4218,稽,4924,艚,1
4219,稿,4205,稍,1
4219,稿,6456,镇,1
4219,稿,7068,鹈,1
4221,穄,2837,檫,1
4221,穄,3597,獒,1
4222,穆,333,傻,1
4222,穆,3516,犄,1
4224,穗,2349,攮,1
4224,穗,2829,檀,1
4224,穗,5441,蟪,1
4226,穴,93,亡,1
4226,穴,399,冗,1
4226,穴,2841,次,1
4226,穴,6713,页,1
4227,究,362,免,1
4227,究,366,兖,1
4227,究,1406,完,1
4227,究,1418,宠,1
4227,究,1544,岽,1
4227,究,2257,揪,1
4227,究,2404,旁,1
4227,究,4233,窀,1
4227,究,5738,谷,1
4227,究,7033,鸣,1
4228,穷,1411,官,1
4228,穷,1418,宠,1
4228,穷,1639,帘,1
4228,穷,3754,男,1
4228,穷,4232,穿,1
4228,穷,4235,窃,1
4228,穷,4887,舅,1
4228,穷,4979,苈,1
4230,穹,1439,寄,1
4230,穹,1524,岑,1
4231,空,1320,婆,1
4231,空,1406,完,1
4231,空,1407,宏,1
4231,空,1416,宝,1
4231,空,1422,室,1
4231,空,1519,岂,1
4231,空,1784,径,1
4232,穿,105,亲,1
4232,穿,521,劣,1
4232,穿,1449,察,1
4232,穿,4281,笋,1
4232,穿,4974,芽,1
4233,窀,1513,屯,1
4233,窀,4244,窖,1
4234,突,1449,察,1
4234,突,3362,灾,1
4234,突,3605,玄,1
4235,窃,3619,玢,1
4236,窄,1420,客,1
4236,窄,1449,察,1
4236,窄,4247,窜,1
4236,窄,4251,窣,1
4236,窄,4297,笮,1
4236,窄,5487,袋,1
4237,窅,1421,宣,1
4237,窅,3932,盲,1
4238,窆,1425,宪,1
4238,窆,4242,窒,1
4239,窈,4235,窃,1
4240,窍,1409,宕,1
4240,窍,2043,房,1
4240,窍,4228,穷,1
4240,窍,4232,穿,1
4240,窍,4248,窝,1
4241,窑,1424,宦,1
4241,窑,1656,幂,1
4241,窑,2671,案,1
4241,窑,4258,窸,1
4241,窑,5364,蜃,1
4242,窒,1157,塞,1
4242,窒,1441,密,1
4242,窒,1448,寞,1
4242,窒,4256,窭,1
4243,窕,402,农,1
4244,窖,898,喜,1
4244,窖,1436,宾,1
4244,窖,1507,屠,1
4244,窖,3484,爹,1
4244,窖,4254,窨,1
4244,窖,4256,窭,1
4244,窖,5129,菩,1
4244,窖,5587,誉,1
4244,窖,6659,露,1
4245,窗,857,商,1
4245,窗,1423,宥,1
4245,窗,1443,富,1
4245,窗,3932,盲,1
4245,窗,4248,窝,1
4246,窘,1440,寅,1
4246,窘,1966,意,1
4246,窘,2495,暑,1
4246,窘,3234,溠,1
4246,窘,4232,穿,1
4246,窘,4244,窖,1
4246,窘,4254,窨,1
4247,窜,686,吊,1
4247,窜,1644,帝,1
4247,窜,1652,常,1
4247,窜,4248,窝,1
4247,窜,4249,窟,1
4247,窜,4251,窣,1
4248,窝,898,喜,1
4248,窝,1426,宫,1
4248,窝,1443,富,1
4248,窝,1593,嵩,1
4248,窝,4780,胬,1
4248,窝,5214,蓠,1
4249,窟,1437,宿,1
4249,窟,2642,栋,1
4251,窣,1428,宰,1
4253,窦,1448,寞,1
4253,窦,2892,毂,1
4253,窦,4247,窜,1
4253,窦,4616,置,1
4254,窨,4244,窖,1
4256,窭,5377,蜜,1
4257,窳,4252,窥,1
4260,立,6,三,1
4260,立,376,兰,1
4260,立,594,占,1
4260,立,684,合,1
4260,立,1687,应,1
4260,立,2401,方,1
4260,立,5836,走,1
4260,立,6021,辶,1
4260,立,6254,重,1
4261,竑,3639,珐,1
4262,竖,23,丝,1
4263,站,3015,沾,1
4263,站,3629,玷,1
4263,站,4500,绐,1
4263,站,5629,识,1
4263,站,6325,钻,1
4263,站,7043,鸮,1
4264,竞,104,亮,1
4264,竞,357,充,1
4264,竞,1768,彦,1
4265,竟,2923,氕,1
4265,竟,4268,童,1
4265,竟,6711,韵,1
4266,章,4251,窣,1
4266,章,5043,茸,1
4266,章,6012,辜,1
4266,章,6673,革,1
4267,竣,4536,绶,1
4267,竣,4563,缓,1
4267,竣,5516,裣,1
4267,竣,5632,诊,1
4267,竣,6323,钹,1
4268,童,2908,毫,1
4268,童,4247,窜,1
4268,童,4265,竟,1
4268,童,4266,章,1
4268,童,4673,耋,1
4268,童,5170,董,1
4269,竦,3188,渖,1
4269,竦,4487,练,1
4270,竭,3199,渭,1
4270,竭,4267,竣,1
4270,竭,5530,褐,1
4270,竭,6420,锡,1
4271,端,3208,湍,1
4271,端,4270,竭,1
4271,端,5536,褡,1
4271,端,5689,谄,1
4272,竹,1038,圹,1
4272,竹,1835,忻,1
4273,竺,442,凹,1
4273,竺,1050,坐,1
4273,竺,2882,殛,1
4275,竿,2422,早,1
4275,竿,2428,旱,1
4275,竿,4281,笋,1
4275,竿,4283,笑,1
4275,竿,4316,筚,1
4275,竿,4940,芈,1
4275,竿,5992,辈,1
4276,笃,4318,筜,1
4276,笃,4346,箩,1
4277,笄,6161,郓,1
4277,笄,6644,霄,1
4278,笆,597,卣,1
4278,笆,1519,岂,1
4278,笆,1532,岜,1
4278,笆,4930,色,1
4278,笆,6059,追,1
4278,笆,6124,邑,1
4279,笈,4276,笃,1
4279,笈,4323,筱,1
4279,笈,6617,隽,1
4280,笊,2437,昃,1
4281,笋,2390,斝,1
4281,笋,4274,竽,1
4281,笋,4276,笃,1
4281,笋,4341,管,1
4281,笋,5345,蛘,1
4282,笏,4298,笱,1
4282,笏,4735,肠,1
4283,笑,1417,实,1
4283,笑,1471,尖,1
4283,笑,3365,炅,1
4283,笑,4010,矢,1
4283,笑,4314,策,1
4284,笔,2426,旯,1
4284,笔,4275,竿,1
4284,笔,6905,髦,1
4285,笕,1530,岚,1
4285,笕,4311,筑,1
4285,笕,4342,箢,1
4285,笕,4372,篼,1
4285,笕,5557,觅,1
4286,笙,804,哓,1
4286,笙,1046,坌,1
4286,笙,1495,居,1
4286,笙,2824,橥,1
4286,笙,3217,湟,1
4286,笙,4293,笨,1
4286,笙,4304,筅,1
4286,笙,4339,箜,1
4286,笙,4558,缍,1
4287,笛,100,亩,1
4287,笛,3758,甾,1
4287,笛,3923,盗,1
4287,笛,4267,竣,1
4287,笛,4293,笨,1
4287,笛,4382,簠,1
4288,笞,775,咨,1
4288,笞,4382,簠,1
4289,笠,754,咀,1
4289,笠,4262,竖,1
4290,笤,1409,宕,1
4290,笤,1426,宫,1
4290,笤,1838,忿,1
4290,笤,4279,笈,1
4290,笤,4322,筮,1
4290,笤,4365,篢,1
4290,笤,6906,髫,1
4291,笥,1579,崮,1
4291,笥,4298,笱,1
4292,符,402,农,1
4292,符,2394,斥,1
4292,符,4313,答,1
4293,笨,2488,智,1
4293,笨,4286,笙,1
4293,笨,4295,笫,1
4293,笨,4314,策,1
4293,笨,4406,粢,1
4294,笪,7128,黛,1
4295,笫,4333,箍,1
4296,第,2929,氟,1
4296,第,4008,矛,1
4296,第,4247,窜,1
4296,第,4277,笄,1
4296,第,4282,笏,1
4296,第,4306,等,1
4296,第,4535,绵,1
4297,笮,4308,筌,1
4298,笱,3758,甾,1
4298,笱,4312,筒,1
4298,笱,4331,简,1
4299,笳,4315,筘,1
4300,笸,695,吕,1
4300,笸,4278,笆,1
4300,笸,4294,笪,1
4301,笺,2016,戋,1
4301,笺,4279,笈,1
4301,笺,4281,笋,1
4301,笺,4283,笑,1
4301,笺,4284,笔,1
4301,笺,4302,笼,1
4301,笺,6515,间,1
4301,笺,6772,食,1
4302,笼,1677,庀,1
4302,笼,2904,毙,1
4302,笼,4299,笳,1
4302,笼,4309,筏,1
4304,筅,1425,宪,1
4304,筅,4283,笑,1
4306,等,78,事,1
4306,等,1375,字,1
4306,等,1460,导,1
4306,等,1552,峙,1
4306,等,3484,爹,1
4306,等,4275,竿,1
4306,等,6036,迕,1
4307,筋,1577,崩,1
4307,筋,4299,笳,1
4307,筋,4703,耿,1
4307,筋,5573,觞,1
4308,筌,4286,笙,1
4308,筌,5048,荃,1
4309,筏,1728,弁,1
4309,筏,5012,茂,1
4310,筐,1424,宦,1
4310,筐,1570,崖,1
4310,筐,4300,笸,1
4310,筐,4322,筮,1
4310,筐,4341,管,1
4311,筑,3726,瓴,1
4311,筑,4302,笼,1
4311,筑,4305,筇,1
4311,筑,4327,筹,1
4311,筑,4336,箔,1
4311,筑,6294,钜,1
4311,筑,6396,锈,1
4311,筑,6484,镣,1
4312,筒,1473,尚,1
4312,筒,1579,崮,1
4312,筒,3758,甾,1
4312,筒,4361,篙,1
4312,筒,5046,茼,1
4313,答,521,劣,1
4313,答,639,叁,1
4313,答,891,喊,1
4313,答,1524,岑,1
4313,答,3768,畚,1
4313,答,3865,瘩,1
4313,答,4282,笏,1
4313,答,4330,签,1
4313,答,5738,谷,1
4314,策,4335,箓,1
4314,策,4337,箕,1
4314,策,4357,篊,1
4314,策,5019,茉,1
4315,筘,4321,筢,1
4316,筚,2901,毕,1
4316,筚,4281,笋,1
4316,筚,4606,罕,1
4317,筛,2408,旆,1
4317,筛,3092,浉,1
4317,筛,6014,辟,1
4319,筝,4275,竿,1
4319,筝,4276,笃,1
4319,筝,4318,筜,1
4319,筝,4335,箓,1
4319,筝,4347,箪,1
4319,筝,4371,篷,1
4319,筝,4381,簟,1
4320,筠,4311,筑,1
4322,筮,4299,笳,1
4323,筱,1771,彪,1
4323,筱,5638,诐,1
4323,筱,6990,鲹,1
4324,筲,4336,箔,1
4324,筲,4361,篙,1
4325,筵,4375,簇,1
4325,筵,4376,簉,1
4325,筵,6645,霆,1
4326,筷,5816,赕,1
4327,筹,2287,搴,1
4327,筹,4334,箐,1
4327,筹,4363,篝,1
4327,筹,5952,身,1
4328,筻,3442,煲,1
4328,筻,5085,莆,1
4329,筼,5774,贪,1
4329,筼,5775,贫,1
4330,签,1524,岑,1
4330,签,1573,崟,1
4330,签,4238,窆,1
4330,签,4288,笞,1
4330,签,4313,答,1
4330,签,4377,簋,1
4330,签,5933,蹬,1
4330,签,6258,釜,1
4331,简,190,位,1
4331,简,284,倘,1
4331,简,1802,徭,1
4331,简,4298,笱,1
4331,简,4551,缅,1
4331,简,5047,荀,1
4331,简,5079,荷,1
4331,简,6793,饲,1
4332,箅,1610,巢,1
4333,箍,3511,牺,1
4333,箍,4534,维,1
4333,箍,5124,菝,1
4333,箍,6321,钷,1
4335,箓,1610,巢,1
4335,箓,4306,等,1
4335,箓,4355,篆,1
4335,箓,5746,象,1
4336,箔,178,伯,1
4336,箔,3021,泊,1
4336,箔,3216,湝,1
4336,箔,4287,笛,1
4336,箔,4555,缉,1
4336,箔,5236,蔼,1
4336,箔,5689,谄,1
4336,箔,6878,骟,1
4337,箕,4365,篢,1
4337,箕,4700,耸,1
4338,算,4277,笄,1
4338,算,4304,筅,1
4338,算,4316,筚,1
4338,算,4884,舁,1
4338,算,6059,追,1
4339,箜,639,叁,1
4339,箜,4294,笪,1
4339,箜,4330,签,1
4339,箜,4366,篥,1
4339,箜,4383,簦,1
4340,箝,4315,筘,1
4341,管,1411,官,1
4341,管,1748,弩,1
4341,管,4330,签,1
4341,管,4339,箜,1
4341,管,4346,箩,1
4341,管,5204,蓇,1
4341,管,5584,訾,1
4341,管,7050,鸶,1
4342,箢,2904,毙,1
4342,箢,4285,笕,1
4342,箢,4304,筅,1
4342,箢,4372,篼,1
4343,箦,4359,篑,1
4343,箦,5785,贵,1
4344,箧,4310,筐,1
4345,箨,2201,捧,1
4345,箨,6148,邻,1
4346,箩,1194,复,1
4346,箩,4276,笃,1
4346,箩,4341,管,1
4346,箩,5150,萝,1
4347,箪,4316,筚,1
4347,箪,4339,箜,1
4347,箪,4381,簟,1
4348,箫,2939,氯,1
4348,箫,3297,潇,1
4348,箫,4293,笨,1
4348,箫,4295,笫,1
4348,箫,4335,箓,1
4348,箫,5154,萧,1
4348,箫,7167,齑,1
4349,箬,4297,笮,1
4349,箬,4353,箸,1
4350,箭,260,俞,1
4350,箭,491,前,1
4350,箭,519,务,1
4350,箭,827,哿,1
4350,箭,908,喻,1
4350,箭,3484,爹,1
4351,箱,3934,相,1
4351,箱,4388,籀,1
4351,箱,4390,籍,1
4351,箱,4399,粕,1
4351,箱,4922,艏,1
4351,箱,5165,葙,1
4352,箴,1427,宬,1
4353,箸,2495,暑,1
4353,箸,3315,潽,1
4353,箸,4318,筜,1
4353,箸,4370,篱,1
4353,箸,4618,署,1
4354,篁,1573,崟,1
4355,篆,4615,罪,1
4355,篆,4714,聚,1
4355,篆,5746,象,1
4356,篇,781,咯,1
4356,篇,4353,箸,1
4357,篊,1500,屎,1
4358,篌,4344,箧,1
4360,篓,1285,姜,1
4360,篓,1295,姿,1
4360,篓,1298,娄,1
4360,篓,1446,寓,1
4360,篓,1624,巽,1
4360,篓,4337,箕,1
4360,篓,4344,箧,1
4361,篙,3300,潏,1
4361,篙,4332,箅,1
4361,篙,4334,箐,1
4362,篚,4325,筵,1
4363,篝,4334,箐,1
4363,篝,4343,箦,1
4364,篡,1170,墓,1
4365,篢,4253,窦,1
4365,篢,4324,筲,1
4367,篦,6652,霓,1
4368,篪,4304,筅,1
4368,篪,4379,簏,1
4369,篮,4330,签,1
4369,篮,4377,簋,1
4369,篮,5212,蓝,1
4369,篮,6074,递,1
4369,篮,6111,遥,1
4369,篮,6640,雹,1
4370,篱,992,嚚,1
4370,篱,993,嚣,1
4370,篱,2495,暑,1
4370,篱,4172,离,1
4370,篱,4296,第,1
4370,篱,4385,簪,1
4370,篱,4628,羔,1
4371,篷,4310,筐,1
4371,篷,4366,篥,1
4371,篷,4573,缝,1
4371,篷,5102,莲,1
4371,篷,6085,逢,1
4371,篷,6116,遵,1
4373,篾,5223,蔑,1
4374,簃,7002,鳆,1
4375,簇,1792,徐,1
4375,簇,2911,毵,1
4375,簇,4005,瞿,1
4375,簇,4326,筷,1
4375,簇,4358,篌,1
4376,簉,4325,筵,1
4376,簉,6044,迢,1
4376,簉,6071,透,1
4377,簋,4369,篮,1
4377,簋,4382,簠,1
4377,簋,7144,鼍,1
4378,簌,6743,颖,1
4380,簖,2398,断,1
4380,簖,4173,禽,1
4381,簟,4338,算,1
4381,簟,5552,覃,1
4381,簟,6218,酱,1
4383,簦,7019,鳘,1
4384,簧,437,凰,1
4384,簧,1203,夤,1
4384,簧,1848,怎,1
4384,簧,4337,箕,1
4384,簧,4365,篢,1
4384,簧,4370,篱,1
4384,簧,4382,簠,1
4385,簪,4275,竿,1
4386,簸,1584,嵊,1
4386,簸,1586,嵌,1
4386,簸,2399,斯,1
4386,簸,2850,欺,1
4386,簸,4389,籁,1
4386,簸,6226,酽,1
4386,簸,6697,鞭,1
4386,簸,6981,鲰,1
4387,簿,511,劈,1
4387,簿,2303,摩,1
4387,簿,3248,溽,1
4387,簿,5103,莳,1
4387,簿,6451,镂,1
4388,籀,4374,簃,1
4390,籍,4389,籁,1
4391,米,33,中,1
4391,米,34,丰,1
4391,米,87,井,1
4391,米,1213,失,1
4391,米,2547,杂,1
4391,米,2942,水,1
4391,米,2944,永,1
4391,米,3068,洣,1
4392,籴,6250,采,1
4393,类,1298,娄,1
4393,类,3056,洄,1
4394,籼,4404,粞,1
4394,籼,6251,釉,1
4395,籽,69,书,1
4395,籽,1245,好,1
4395,籽,2376,数,1
4395,籽,4394,籼,1
4395,籽,4414,粹,1
4396,粉,1276,始,1
4396,粉,2070,扮,1
4396,粉,2557,杓,1
4396,粉,2578,松,1
4396,粉,4401,粘,1
4396,粉,4403,粝,1
4396,粉,5862,跆,1
4397,粑,4683,耙,1
4398,粒,2569,杭,1
4398,粒,2888,段,1
4398,粒,4682,耘,1
4399,粕,1637,帕,1
4399,粕,2612,柏,1
4399,粕,2738,植,1
4399,粕,4397,粑,1
4399,粕,4430,糟,1
4399,粕,6251,釉,1
4400,粗,3544,狙,1
4400,粗,4428,糙,1
4400,粗,6703,韧,1
4401,粘,2117,拈,1
4401,粘,2551,杉,1
4401,粘,2850,欺,1
4401,粘,3310,潴,1
4401,粘,3507,牯,1
4401,粘,4396,粉,1
4401,粘,4685,耠,1
4401,粘,6668,非,1
4402,粜,105,亲,1
4402,粜,3463,燊,1
4402,粜,4406,粢,1
4402,粜,5101,莱,1
4402,粜,5123,菜,1
4403,粝,1801,循,1
4404,粞,3511,牺,1
4404,粞,6708,韬,1
4405,粟,105,亲,1
4405,粟,2617,柔,1
4405,粟,4151,票,1
4405,粟,6643,霁,1
4405,粟,6644,霄,1
4405,粟,6647,霈,1
4405,粟,6648,霉,1
4406,粢,3192,渠,1
4406,粢,4411,粱,1
4406,粢,4412,粲,1
4407,粤,1748,弩,1
4407,粤,5585,詈,1
4407,粤,6634,雩,1
4407,粤,6910,髻,1
4408,粥,4529,绯,1
4408,粥,6395,锇,1
4408,粥,7077,鹕,1
4409,粪,388,冀,1
4409,粪,1298,娄,1
4409,粪,4393,类,1
4409,粪,5222,蔌,1
4409,粪,5274,藜,1
4409,粪,7182,龚,1
4410,粮,1209,夬,1
4410,粮,2179,振,1
4410,粮,3564,狼,1
4410,粮,4201,稂,1
4410,粮,4397,粑,1
4410,粮,4413,粳,1
4410,粮,4419,糅,1
4411,粱,2590,果,1
4411,粱,4406,粢,1
4411,粱,5514,裟,1
4412,粲,4250,窠,1
4412,粲,4415,粼,1
4413,粳,2361,敉,1
4413,粳,4395,籽,1
4413,粳,4431,糠,1
4414,粹,2299,摔,1
4414,粹,2687,桦,1
4414,粹,3395,烊,1
4414,粹,4188,秤,1
4414,粹,4398,粒,1
4414,粹,4431,糠,1
4415,粼,4416,粽,1
4416,粽,4418,糁,1
4417,精,2194,捐,1
4417,精,5835,赭,1
4417,精,7145,鼎,1
4418,糁,4420,糇,1
4420,糇,4423,糌,1
4422,糊,2722,棚,1
4422,糊,3580,猢,1
4423,糌,4424,糍,1
4423,糌,5498,袯,1
4425,糕,2294,摆,1
4425,糕,4628,羔,1
4426,糖,833,唐,1
4426,糖,1368,嬷,1
4426,糖,4431,糠,1
4426,糖,5150,萝,1
4427,糗,3243,溴,1
4428,糙,1986,慥,1
4428,糙,2685,桤,1
4428,糙,4931,艳,1
4428,糙,5932,蹩,1
4429,糜,1707,庹,1
4429,糜,2671,案,1
4429,糜,4447,縻,1
4429,糜,4558,缍,1
4429,糜,7106,麇,1
4429,糜,7108,麋,1
4430,糟,2284,搪,1
4431,糠,2284,搪,1
4431,糠,4416,粽,1
4431,糠,5347,蛛,1
4433,糯,2336,擒,1
4433,糯,2693,桶,1
4433,糯,2806,樗,1
4433,糯,3519,犍,1
4433,糯,4426,糖,1
4434,糵,4366,篥,1
4434,糵,5061,荜,1
4435,糸,102,京,1
4436,系,99,亨,1
4436,系,105,亲,1
4436,系,199,余,1
4436,系,1200,多,1
4436,系,1378,孚,1
4436,系,4152,祭,1
4436,系,5746,象,1
4437,紊,420,净,1
4437,紊,5148,萘,1
4438,素,78,事,1
4438,素,1381,孝,1
4438,素,1384,季,1
4438,素,1943,惠,1
4438,素,2553,李,1
4438,素,3486,爽,1
4438,素,4189,秦,1
4438,素,4442,累,1
4438,素,4638,羲,1
4438,素,4655,翠,1
4438,素,5097,莩,1
4438,素,7113,麦,1
4439,索,913,嗉,1
4439,索,2553,李,1
4439,索,2819,橐,1
4439,索,5211,蓖,1
4439,索,5830,赤,1
4440,紧,863,啜,1
4440,紧,1053,坚,1
4440,紧,1857,思,1
4440,紧,4437,紊,1
4440,紧,4443,絮,1
4441,紫,1387,学,1
4441,紫,1544,岽,1
4441,紫,2180,挲,1
4441,紫,4274,竽,1
4441,紫,4440,紧,1
4442,累,351,儡,1
4442,累,1176,墨,1
4442,累,2476,晟,1
4442,累,2482,景,1
4442,累,2502,暴,1
4443,絮,1879,恕,1
4443,絮,2605,架,1
4443,絮,4152,祭,1
4443,絮,4441,紫,1
4443,絮,4600,罂,1
4443,絮,5991,辇,1
4445,綦,381,其,1
4445,綦,4437,紊,1
4446,綮,2334,擎,1
4446,綮,2725,棨,1
4446,綮,4441,紫,1
4447,縻,2303,摩,1
4447,縻,4113,磨,1
4447,縻,6195,酋,1
4447,縻,7106,麇,1
4448,繁,4306,等,1
4448,繁,5824,赞,1
4448,繁,5982,轾,1
4448,繁,6874,骛,1
4448,繁,6910,髻,1
4450,繇,1390,孬,1
4450,繇,6911,鬃,1
4450,繇,7084,鹞,1
4451,纂,1474,尜,1
4451,纂,1681,床,1
4451,纂,2155,拿,1
4451,纂,4360,篓,1
4451,纂,4366,篥,1
4451,纂,4445,綦,1
4452,纛,5453,蠢,1
4454,纠,121,仉,1
4454,纠,1073,坼,1
4454,纠,1279,姒,1
4454,纠,4227,究,1
4454,纠,5606,训,1
4455,纡,4458,纤,1
4455,纡,6280,钌,1
4456,红,0,々,1
4456,红,185,似,1
4456,红,2950,汇,1
4456,红,4598,缸,1
4456,红,5601,讧,1
4456,红,6781,饥,1
4457,纣,4455,纡,1
4458,纤,113,什,1
4458,纤,146,仲,1
4458,纤,2954,汐,1
4458,纤,3611,玕,1
4458,纤,4454,纠,1
4458,纤,4477,纸,1
4458,纤,4494,绊,1
4458,纤,6282,钎,1
4459,纥,4475,纶,1
4460,约,552,匆,1
4460,约,1267,妫,1
4460,约,1673,幻,1
4460,约,4455,纡,1
4460,约,4463,纩,1
4460,约,4493,绉,1
4460,约,4506,绗,1
4460,约,4509,绚,1
4460,约,5609,记,1
4461,级,157,伋,1
4461,级,185,似,1
4461,级,433,凤,1
4461,级,1041,圾,1
4461,级,2374,敫,1
4461,级,2846,欲,1
4461,级,2891,毁,1
4461,级,3161,淑,1
4461,级,4456,红,1
4461,级,4472,纳,1
4461,级,4497,绍,1
4461,级,4546,缀,1
4461,级,5762,贝,1
4461,级,5788,贸,1
4461,级,6788,饭,1
4462,纨,4468,纯,1
4463,纩,4458,纤,1
4463,纩,4482,纾,1
4464,纪,431,几,1
4464,纪,1248,妃,1
4464,纪,1268,妮,1
4464,纪,1782,征,1
4464,纪,2950,汇,1
4464,纪,4497,绍,1
4465,纫,135,仞,1
4465,纫,466,初,1
4465,纫,604,卯,1
4465,纫,4538,绸,1
4465,纫,4652,翙,1
4466,纬,1790,律,1
4466,纬,3374,炜,1
4466,纬,4190,秧,1
4466,纬,4523,绨,1
4466,纬,4564,缔,1
4467,纭,1777,彷,1
4467,纭,4513,绞,1
4467,纭,6260,銍,1
4468,纯,2974,汹,1
4468,纯,4466,纬,1
4468,纯,6295,钝,1
4468,纯,6783,饨,1
4469,纰,2977,沁,1
4469,纰,5617,讹,1
4470,纱,115,仂,1
4470,纱,1259,妙,1
4470,纱,4025,矿,1
4470,纱,4183,秒,1
4470,纱,4474,纵,1
4471,纲,425,凋,1
4471,纲,1779,彻,1
4471,纲,4472,纳,1
4471,纲,4477,纸,1
4471,纲,4490,细,1
4471,纲,4646,翊,1
4471,纲,5620,讽,1
4471,纲,6300,钢,1
4472,纳,4465,纫,1
4472,纳,4537,绷,1
4473,纴,151,任,1
4474,纵,157,伋,1
4474,纵,185,似,1
4474,纵,4176,私,1
4474,纵,6146,邹,1
4475,纶,151,任,1
4475,纶,175,伧,1
4475,纶,2841,次,1
4475,纶,2999,沦,1
4475,纶,4480,纻,1
4475,纶,4508,给,1
4475,纶,5618,论,1
4475,纶,7149,鼗,1
4476,纷,3012,治,1
4476,纷,4500,绐,1
4476,纷,4590,缯,1
4477,纸,1312,娥,1
4477,纸,3031,泜,1
4477,纸,3717,瓜,1
4477,纸,4458,纤,1
4477,纸,4469,纰,1
4477,纸,4475,纶,1
4478,纹,1288,姣,1
4478,纹,2360,效,1
4478,纹,2973,汶,1
4478,纹,4461,级,1
4478,纹,4474,纵,1
4478,纹,4499,经,1
4478,纹,4513,绞,1
4478,纹,5769,败,1
4479,纺,172,伤,1
4479,纺,1412,宙,1
4479,纺,1613,巧,1
4479,纺,1741,弘,1
4479,纺,2964,污,1
4479,纺,4470,纱,1
4479,纺,4508,给,1
4479,纺,4518,绣,1
4480,纻,4470,纱,1
4481,纽,1260,妞,1
4481,纽,1783,徂,1
4481,纽,3101,浓,1
4481,纽,4130,社,1
4481,纽,4489,绅,1
4481,纽,4497,绍,1
4481,纽,4500,绐,1
4481,纽,6028,迅,1
4481,纽,6792,饱,1
4482,纾,4455,纡,1
4483,线,161,伐,1
4483,线,248,俄,1
4483,线,1778,役,1
4483,线,2017,戌,1
4483,线,2024,戕,1
4483,线,2027,战,1
4483,线,2514,曳,1
4483,线,4513,绞,1
4483,线,4550,缄,1
4483,线,4589,缮,1
4487,练,417,冻,1
4487,练,3127,涑,1
4487,练,4526,绫,1
4487,练,4564,缔,1
4488,组,189,但,1
4488,组,1789,徊,1
4488,组,4186,租,1
4488,组,4481,纽,1
4488,组,4491,织,1
4489,绅,183,伸,1
4489,绅,3011,油,1
4489,绅,3752,申,1
4489,绅,4472,纳,1
4490,细,189,但,1
4490,细,304,偃,1
4490,细,1293,姻,1
4490,细,4465,纫,1
4490,细,4471,纲,1
4490,细,4488,组,1
4490,细,4538,绸,1
4490,细,5344,蛔,1
4490,细,6329,钿,1
4491,织,140,以,1
4491,织,206,你,1
4491,织,271,俱,1
4491,织,1778,役,1
4491,织,4194,积,1
4491,织,4488,组,1
4491,织,5598,认,1
4491,织,5973,轵,1
4491,织,6354,铝,1
4491,织,6719,须,1
4492,终,4514,统,1
4492,终,5707,谗,1
4492,终,6368,铬,1
4493,绉,1778,役,1
4493,绉,4499,经,1
4493,绉,6810,馅,1
4494,绊,2996,沣,1
4494,绊,3058,洋,1
4494,绊,4466,纬,1
4494,绊,4489,绅,1
4494,绊,4495,绋,1
4494,绊,6363,铧,1
4496,绌,4522,继,1
4497,绍,124,仍,1
4497,绍,399,冗,1
4497,绍,2998,沥,1
4497,绍,4488,组,1
4497,绍,4491,织,1
4497,绍,4517,绢,1
4497,绍,5637,诏,1
4497,绍,6335,铅,1
4497,绍,6354,铝,1
4498,绎,401,军,1
4498,绎,3053,泽,1
4498,绎,3058,洋,1
4498,绎,3172,淬,1
4498,绎,3255,滏,1
4498,绎,4458,纤,1
4498,绎,4499,经,1
4498,绎,4517,绢,1
4498,绎,4533,绳,1
4498,绎,4555,缉,1
4499,经,23,丝,1
4499,经,182,伶,1
4499,经,3393,烃,1
4499,经,4459,纥,1
4499,经,4508,给,1
4499,经,5882,路,1
4499,经,5979,轻,1
4499,经,5986,辂,1
4500,绐,5630,诈,1
4501,绑,4468,纯,1
4501,绑,6150,邾,1
4502,绒,248,俄,1
4502,绒,1312,娥,1
4502,绒,4457,纣,1
4502,绒,4483,线,1
4502,绒,4495,绋,1
4502,绒,4559,缎,1
4502,绒,5664,诫,1
4503,结,170,传,1
4503,结,193,佐,1
4503,结,214,佰,1
4503,结,235,侣,1
4503,结,312,停,1
4503,结,780,咭,1
4503,结,1278,姑,1
4503,结,1777,彷,1
4503,结,4525,绪,1
4503,结,5625,诂,1
4503,结,5646,诘,1
4503,结,6041,违,1
4505,绕,2899,毓,1
4505,绕,4514,统,1
4505,绕,5886,跷,1
4506,绗,3647,珩,1
4506,绗,4476,纷,1
4507,绘,182,伶,1
4507,绘,1583,嵇,1
4507,绘,3040,泫,1
4507,绘,3406,烩,1
4507,绘,4504,绔,1
4507,绘,4508,给,1
4507,绘,4514,统,1
4507,绘,4579,缤,1
4507,绘,5632,诊,1
4508,给,175,伧,1
4508,给,371,全,1
4508,给,2976,汾,1
4508,给,4299,笳,1
4508,给,4475,纶,1
4508,给,4476,纷,1
4508,给,4499,经,1
4508,给,4507,绘,1
4508,给,6366,铪,1
4508,给,6799,饸,1
4509,绚,178,伯,1
4509,绚,203,佝,1
4509,绚,1081,垍,1
4509,绚,1274,姆,1
4509,绚,4538,绸,1
4509,绚,4551,缅,1
4510,绛,4498,绎,1
4510,绛,6399,锋,1
4511,络,1338,媛,1
4511,络,1784,径,1
4511,络,3301,潘,1
4511,络,4492,终,1
4511,络,4493,绉,1
4511,络,4508,给,1
4511,络,4519,绤,1
4512,绝,3000,沧,1
4512,绝,3008,沲,1
4512,绝,3111,浥,1
4512,绝,4533,绳,1
4512,绝,6792,饱,1
4512,绝,7184,龟,1
4513,绞,234,侠,1
4513,绞,643,及,1
4513,绞,1778,役,1
4513,绞,3161,淑,1
4513,绞,3616,玟,1
4513,绞,4159,祾,1
4513,绞,4520,绥,1
4513,绞,4536,绶,1
4513,绞,5621,设,1
4513,绞,6801,饺,1
4514,统,2981,沅,1
4514,统,3490,片,1
4514,统,4505,绕,1
4514,统,6375,铳,1
4515,绠,246,便,1
4515,绠,4560,缏,1
4516,绡,4570,缚,1
4517,绢,17,世,1
4517,绢,290,倡,1
4517,绢,2048,扇,1
4517,绢,3938,省,1
4517,绢,4491,织,1
4517,绢,4493,绉,1
4517,绢,4566,编,1
4518,绣,374,六,1
4518,绣,4565,缕,1
4518,绣,5670,诱,1
4518,绣,6804,饽,1
4519,绤,255,俗,1
4519,绤,4525,绪,1
4519,绤,4584,缩,1
4520,绥,1800,徨,1
4520,绥,3856,瘘,1
4520,绥,4287,笛,1
4520,绥,4475,纶,1
4520,绥,4512,绝,1
4520,绥,4513,绞,1
4520,绥,6377,铵,1
4521,绦,337,僚,1
4521,绦,1745,弥,1
4521,绦,1792,徐,1
4521,绦,3258,滔,1
4521,绦,3323,澡,1
4521,绦,4487,练,1
4521,绦,4545,绿,1
4521,绦,5649,诛,1
4522,继,1901,恼,1
4522,继,4494,绊,1
4522,继,4496,绌,1
4522,继,4562,缒,1
4523,绨,3130,涕,1
4523,绨,6405,锑,1
4524,绩,294,倩,1
4524,绩,1327,婧,1
4524,绩,4503,结,1
4524,绩,4526,绫,1
4524,绩,5655,诡,1
4524,绩,5833,赪,1
4524,绩,6813,馈,1
4525,绪,194,佑,1
4525,绪,328,储,1
4525,绪,3137,涡,1
4525,绪,3583,猪,1
4525,绪,4503,结,1
4525,绪,4569,缙,1
4526,绫,1791,後,1
4526,绫,4503,结,1
4526,绫,4563,缓,1
4527,续,3347,瀵,1
4527,续,4487,练,1
4528,绮,3574,猗,1
4528,绮,4508,给,1
4530,绰,296,倬,1
4530,绰,1788,徉,1
4530,绰,4489,绅,1
4530,绰,4494,绊,1
4530,绰,4542,综,1
4530,绰,4548,缂,1
4530,绰,5728,谭,1
4531,绱,6376,铴,1
4532,绲,3176,混,1
4532,绲,5994,辊,1
4532,绲,6419,锟,1
4532,绲,6809,馄,1
4533,绳,1306,娓,1
4533,绳,4016,矬,1
4533,绳,4468,纯,1
4533,绳,5391,蝇,1
4533,绳,5673,说,1
4533,绳,7184,龟,1
4534,维,3173,淮,1
4534,维,4559,缎,1
4534,维,5686,谁,1
4534,维,6629,雏,1
4534,维,6719,须,1
4535,绵,3338,濡,1
4535,绵,4507,绘,1
4535,绵,4523,绨,1
4535,绵,6140,邱,1
4535,绵,7045,鸰,1
4536,绶,4515,绠,1
4536,绶,4563,缓,1
4537,绷,1799,御,1
4537,绷,2525,朋,1
4537,绷,3094,测,1
4537,绷,6358,铡,1
4538,绸,2522,月,1
4538,绸,4270,竭,1
4538,绸,4471,纲,1
4538,绸,4490,细,1
4538,绸,4531,绱,1
4538,绸,4539,绹,1
4539,绹,3141,润,1
4539,绹,4509,绚,1
4541,绻,3200,港,1
4541,绻,6428,锩,1
4542,综,288,倞,1
4542,综,1792,徐,1
4542,综,3175,淳,1
4542,综,4217,稼,1
4542,综,4450,繇,1
4542,综,4511,络,1
4542,综,4546,缀,1
4542,综,5635,词,1
4542,综,5683,课,1
4542,综,5904,踪,1
4542,综,6609,隙,1
4543,绽,1321,婉,1
4543,绽,1793,徒,1
4543,绽,3036,泣,1
4543,绽,4478,纹,1
4543,绽,4512,绝,1
4543,绽,4562,缒,1
4543,绽,5775,贫,1
4544,绾,4483,线,1
4545,绿,1792,徐,1
4545,绿,4162,禄,1
4545,绿,4542,综,1
4545,绿,4546,缀,1
4546,缀,863,啜,1
4546,缀,1805,德,1
4546,缀,5464,衙,1
4547,缁,3154,淄,1
4548,缂,1790,律,1
4548,缂,4580,缥,1
4549,缃,3213,湘,1
4550,缄,249,俅,1
4550,缄,427,减,1
4550,缄,785,咸,1
4550,缄,2028,戚,1
4550,缄,2118,拉,1
4550,缄,4495,绋,1
4550,缄,4538,绸,1
4550,缄,4540,绺,1
4550,缄,5384,蜮,1
4551,缅,266,俩,1
4551,缅,1584,嵊,1
4551,缅,3011,油,1
4551,缅,4575,缠,1
4551,缅,5733,谲,1
4552,缆,282,倓,1
4552,缆,4477,纸,1
4553,缇,333,傻,1
4554,缈,3204,渺,1
4555,缉,243,侮,1
4555,缉,3128,涓,1
4555,缉,3202,渴,1
4555,缉,3292,漳,1
4555,缉,4516,绡,1
4555,缉,4517,绢,1
4557,缌,4532,绲,1
4557,缌,6921,鬼,1
4558,缍,6423,锤,1
4559,缎,1394,孵,1
4559,缎,2748,椴,1
4559,缎,2888,段,1
4559,缎,3226,溆,1
4559,缎,5958,车,1
4560,缏,4515,绠,1
4561,缑,5675,诶,1
4561,缑,6629,雏,1
4562,缒,3907,皴,1
4563,缓,3221,湲,1
4563,缓,4360,篓,1
4563,缓,4376,簉,1
4563,缓,4501,绑,1
4563,缓,4513,绞,1
4563,缓,6807,馁,1
4564,缔,1648,席,1
4564,缔,2993,沛,1
4564,缔,4200,稀,1
4564,缔,4523,绨,1
4565,缕,318,偻,1
4565,缕,1298,娄,1
4565,缕,2269,搂,1
4565,缕,3132,涛,1
4565,缕,4468,纯,1
4565,缕,4503,结,1
4565,缕,4524,绩,1
4565,缕,4526,绫,1
4565,缕,4570,缚,1
4566,编,4576,缡,1
4566,编,7006,鳊,1
4567,缗,4547,缁,1
4568,缘,3239,溪,1
4568,缘,3578,猞,1
4568,缘,4542,综,1
4568,缘,5745,豚,1
4569,缙,4525,绪,1
4570,缚,1795,得,1
4570,缚,4521,绦,1
4570,缚,4548,缂,1
4571,缛,5537,褥,1
4573,缝,3008,沲,1
4573,缝,3664,琤,1
4573,缝,4530,绰,1
4573,缝,4534,维,1
4574,缟,309,偏,1
4574,缟,5634,诌,1
4575,缠,3342,瀍,1
4575,缠,3834,痤,1
4575,缠,4215,稹,1
4575,缠,4514,统,1
4576,缡,4574,缟,1
4577,缢,330,催,1
4577,缢,3235,溢,1
4577,缢,6467,镒,1
4577,缢,6608,隘,1
4579,缤,1501,屏,1
4579,缤,3271,滨,1
4579,缤,4543,绽,1
4579,缤,4580,缥,1
4579,缤,6469,镔,1
4580,缥,344,僳,1
4580,缥,5550,西,1
4580,缥,6471,镖,1
4581,缦,3694,瑷,1
4581,缦,5724,谩,1
4582,缧,3290,漯,1
4582,缧,4557,缌,1
4582,缧,5683,课,1
4583,缨,3285,漤,1
4584,缩,4508,给,1
4584,缩,4590,缯,1
4586,缫,2824,橥,1
4587,缬,6742,颔,1
4588,缭,4487,练,1
4588,缭,4528,绮,1
4588,缭,4580,缥,1
4588,缭,4586,缫,1
4589,缮,4387,簿,1
4589,缮,4861,膳,1
4589,缮,7023,鳝,1
4590,缯,2519,曾,1
4591,缰,3328,澶,1
4591,缰,4592,缱,1
4592,缱,4562,缒,1
4592,缱,5735,谴,1
4592,缱,7165,齉,1
4594,缳,348,儇,1
4595,缴,2830,檄,1
4595,缴,4536,绶,1
4595,缴,4576,缡,1
4595,缴,6788,饭,1
4598,缸,5741,豇,1
4599,缺,4190,秧,1
4599,缺,6789,饮,1
4601,罄,6831,馨,1
4602,罅,6017,辩,1
4603,罐,4590,缯,1
4604,网,454,刈,1
4604,网,729,呐,1
4604,网,1011,困,1
4605,罔,743,周,1
4605,罔,1017,国,1
4605,罔,6521,闺,1
4606,罕,400,写,1
4606,罕,586,卓,1
4606,罕,1428,宰,1
4606,罕,3509,牵,1
4606,罕,3751,甲,1
4606,罕,4275,竿,1
4607,罗,806,哕,1
4607,罗,4442,累,1
4607,罗,4612,罢,1
4607,罗,5551,要,1
4607,罗,6093,逻,1
4608,罘,2482,景,1
4608,罘,3763,界,1
4608,罘,3765,畏,1
4609,罚,507,剽,1
4612,罢,4607,罗,1
4612,罢,5585,詈,1
4612,罢,6641,雾,1
4614,罩,1176,墨,1
4614,罩,3981,睾,1
4614,罩,4347,箪,1
4614,罩,4606,罕,1
4614,罩,5552,覃,1
4614,罩,6673,革,1
4615,罪,2463,晁,1
4616,置,1176,墨,1
4616,置,1421,宣,1
4616,置,4409,粪,1
4616,置,4611,罡,1
4616,置,4614,罩,1
4616,置,4631,羞,1
4618,署,1450,寡,1
4620,罹,2503,暹,1
4621,罽,5362,蜀,1
4622,罾,7144,鼍,1
4624,羊,1,一,1
4624,羊,27,严,1
4624,羊,385,养,1
4624,羊,416,冷,1
4624,羊,1668,平,1
4624,羊,1743,弟,1
4625,羌,4177,秃,1
4626,美,378,关,1
4626,美,1448,寞,1
4626,美,4301,笺,1
4626,美,4314,策,1
4626,美,4625,羌,1
4626,美,4638,羲,1
4627,羑,1617,差,1
4628,羔,41,主,1
4628,羔,376,兰,1
4628,羔,4627,羑,1
4629,羚,1285,姜,1
4629,羚,4632,羟,1
4629,羚,6477,镜,1
4629,羚,6682,靿,1
4632,羟,3822,痉,1
4632,羟,5982,轾,1
4633,羡,4578,缣,1
4633,羡,5581,言,1
4633,羡,5794,贾,1
4633,羡,5968,轰,1
4634,群,5345,蛘,1
4634,群,6014,辟,1
4634,群,6850,驿,1
4638,羲,2876,残,1
4639,羸,1367,嬴,1
4639,羸,5445,蠃,1
4640,羹,1235,奚,1
4640,羹,4626,美,1
4642,羽,3067,洞,1
4643,羿,365,兕,1
4644,翁,1838,忿,1
4644,翁,3770,畜,1
4644,翁,4336,箔,1
4645,翅,2654,栩,1
4645,翅,4132,祁,1
4645,翅,5044,茹,1
4645,翅,5841,起,1
4645,翅,5843,趄,1
4645,翅,5848,趔,1
4645,翅,5850,趣,1
4645,翅,6086,逦,1
4648,翎,4484,绀,1
4648,翎,4649,翔,1
4649,翔,2528,朔,1
4649,翔,3565,猁,1
4649,翔,4537,绷,1
4649,翔,6970,鲥,1
4651,翘,4665,翻,1
4652,翙,4646,翊,1
4653,翚,2180,挲,1
4654,翟,3676,琵,1
4654,翟,4005,瞿,1
4654,翟,6649,霍,1
4655,翠,2338,擘,1
4655,翠,2343,攀,1
4655,翠,4251,窣,1
4655,翠,4647,翌,1
4657,翥,7146,鼐,1
4658,翦,6654,霜,1
4659,翩,6169,郦,1
4659,翩,6402,锎,1
4661,翯,4666,翼,1
4661,翯,6920,鬻,1
4664,翳,6882,骣,1
4664,翳,7101,鹲,1
4665,翻,473,刮,1
4665,翻,3580,猢,1
4665,翻,4422,糊,1
4665,翻,4649,翔,1
4665,翻,4660,翮,1
4666,翼,1475,尝,1
4666,翼,1624,巽,1
4666,翼,4364,篡,1
4666,翼,4409,粪,1
4666,翼,7128,黛,1
4667,耀,2297,摊,1
4667,耀,3349,灈,1
4667,耀,4432,糨,1
4667,耀,4583,缨,1
4667,耀,5325,蚬,1
4667,耀,5739,豁,1
4667,耀,6459,镊,1
4667,耀,6491,镪,1
4667,耀,6630,雒,1
4668,老,360,光,1
4668,老,610,卷,1
4668,老,1479,尧,1
4668,老,2072,扰,1
4668,老,4952,芝,1
4669,考,640,参,1
4669,考,3371,炕,1
4669,考,5958,车,1
4670,耄,4669,考,1
4671,者,2445,昔,1
4671,者,2451,春,1
4671,者,2873,殇,1
4671,者,3938,省,1
4671,者,6826,首,1
4672,耆,5207,蓍,1
4673,耋,4670,耄,1
4673,耋,6265,錾,1
4674,而,692,向,1
4674,而,3723,瓦,1
4674,而,3891,百,1
4674,而,4008,矛,1
4674,而,6633,雨,1
4675,耍,1273,妾,1
4675,耍,1281,委,1
4675,耍,5556,规,1
4675,耍,6638,零,1
4676,耐,6208,酣,1
4676,耐,6572,附,1
4677,耒,2561,束,1
4677,耒,4009,矜,1
4679,耕,394,册,1
4681,耗,6676,靴,1
4682,耘,5967,软,1
4682,耘,6857,骇,1
4683,耙,2084,把,1
4683,耙,2575,杷,1
4683,耙,6166,郝,1
4684,耜,4203,稆,1
4684,耜,4682,耘,1
4684,耜,5978,轺,1
4685,耠,4684,耜,1
4687,耥,5849,趟,1
4690,耨,2254,握,1
4690,耨,4695,耲,1
4692,耪,3812,疹,1
4692,耪,4695,耲,1
4693,耰,4695,耲,1
4695,耲,2346,攘,1
4695,耲,2786,榱,1
4696,耳,4875,自,1
4696,耳,6673,革,1
4698,耶,301,倻,1
4698,耶,523,助,1
4698,耶,4707,聊,1
4698,耶,5953,躬,1
4698,耶,6138,邯,1
4698,耶,6169,郦,1
4698,耶,6172,郫,1
4699,耷,4717,聱,1
4700,耸,2932,氤,1
4700,耸,3938,省,1
4700,耸,4708,聋,1
4700,耸,5043,茸,1
4701,耻,5263,薮,1
4701,耻,6840,驵,1
4702,耽,3941,眈,1
4703,耿,4180,秋,1
4703,耿,4702,耽,1
4703,耿,4709,职,1
4703,耿,4738,肤,1
4703,耿,4755,胀,1
4706,聆,4711,聒,1
4708,聋,5089,莓,1
4708,聋,5351,蛩,1
4709,职,423,凇,1
4709,职,2603,枳,1
4709,职,4703,耿,1
4709,职,5973,轵,1
4712,联,621,厌,1
4712,联,2529,朕,1
4712,联,4191,秩,1
4712,联,4378,簌,1
4712,联,6217,酰,1
4712,联,6857,骇,1
4713,聘,2604,枵,1
4714,聚,1943,惠,1
4714,聚,5274,藜,1
4714,聚,5486,袈,1
4714,聚,5754,豺,1
4714,聚,6020,辱,1
4714,聚,6247,醵,1
4716,聪,4709,职,1
4716,聪,4917,舾,1
4717,聱,7150,鼙,1
4719,肀,34,丰,1
4720,肃,444,击,1
4720,肃,878,啸,1
4721,肄,4722,肆,1
4721,肄,6092,逸,1
4722,肆,1271,妹,1
4722,肆,2628,柬,1
4722,肆,3624,玮,1
4722,肆,5459,衅,1
4723,肇,2334,擎,1
4723,肇,4247,窜,1
4723,肇,4717,聱,1
4724,肉,391,内,1
4724,肉,409,冯,1
4724,肉,1177,墩,1
4724,肉,6517,闶,1
4725,肋,1298,娄,1
4725,肋,3940,眇,1
4726,肌,665,叭,1
4726,肌,4784,胱,1
4726,肌,5299,虮,1
4727,肓,857,商,1
4727,肓,4728,肖,1
4728,肖,1044,均,1
4728,肖,3361,灼,1
4728,肖,4727,肓,1
4728,肖,4745,肯,1
4728,肖,5226,蔚,1
4728,肖,5569,角,1
4728,肖,6832,马,1
4729,肘,762,咐,1
4729,肘,1819,忖,1
4729,肘,4751,肼,1
4729,肘,4770,胝,1
4729,肘,5770,账,1
4730,肚,4729,肘,1
4730,肚,4754,肿,1
4731,肛,464,刚,1
4731,肛,4726,肌,1
4731,肛,4733,肝,1
4731,肛,5303,虻,1
4733,肝,2442,明,1
4733,肝,4642,羽,1
4733,肝,4729,肘,1
4733,肝,4764,胖,1
4735,肠,2526,服,1
4735,肠,2527,朐,1
4735,肠,5745,豚,1
4735,肠,5777,购,1
4736,股,3957,眵,1
4736,股,3965,睃,1
4736,股,4809,脧,1
4736,股,4839,腹,1
4737,肢,2353,收,1
4737,肢,2526,服,1
4737,肢,2863,歧,1
4737,肢,3491,版,1
4737,肢,3949,眠,1
4737,肢,4736,股,1
4737,肢,4749,肷,1
4737,肢,4777,胩,1
4737,肢,5807,赋,1
4738,肤,792,哄,1
4738,肤,3980,睽,1
4738,肤,4752,肽,1
4738,肤,4755,胀,1
4738,肤,4797,脍,1
4739,肥,1244,她,1
4739,肥,2084,把,1
4739,肥,4397,粑,1
4739,肥,4755,胀,1
4740,肩,1201,夜,1
4740,肩,1423,宥,1
4740,肩,1491,局,1
4740,肩,2048,扇,1
4740,肩,3944,看,1
4740,肩,4929,艰,1
4741,肪,1767,彤,1
4741,肪,3936,盼,1
4741,肪,4196,秸,1
4741,肪,4732,肜,1
4741,肪,4763,胎,1
4741,肪,4765,胗,1
4742,肫,4744,肮,1
4742,肫,4784,胱,1
4744,肮,2091,抗,1
4744,肮,4799,脏,1
4744,肮,4801,脑,1
4744,肮,4902,航,1
4745,肯,2172,挣,1
4745,肯,4525,绪,1
4745,肯,4728,肖,1
4745,肯,4992,苘,1
4745,肯,5572,觜,1
4745,肯,5763,贞,1
4745,肯,6710,音,1
4745,肯,6886,骨,1
4747,育,1187,声,1
4747,育,2421,旨,1
4747,育,3963,着,1
4747,育,5510,裔,1
4747,育,5569,角,1
4747,育,6663,青,1
4747,育,6902,高,1
4748,肴,3944,看,1
4748,肴,3959,眷,1
4748,肴,5206,蓊,1
4748,肴,7167,齑,1
4749,肷,2843,欣,1
4749,肷,6718,顺,1
4750,肺,2452,昧,1
4750,肺,3936,盼,1
4750,肺,4741,肪,1
4750,肺,4751,肼,1
4750,肺,4754,肿,1
4750,肺,4811,脯,1
4751,肼,4730,肚,1
4751,肼,6764,飓,1
4752,肽,4762,胍,1
4752,肽,4777,胩,1
4753,肾,3307,潭,1
4753,肾,5768,贤,1
4754,肿,4737,肢,1
4754,肿,4764,胖,1
4754,肿,4768,胛,1
4755,胀,1359,嫩,1
4755,胀,4752,肽,1
4755,胀,4777,胩,1
4755,胀,4784,胱,1
4755,胀,4802,脒,1
4755,胀,4809,脧,1
4755,胀,6631,雕,1
4756,胁,3216,湝,1
4756,胁,3961,眺,1
4756,胁,4726,肌,1
4758,胃,1431,宵,1
4758,胃,2516,曷,1
4758,胃,6639,雷,1
4759,胄,1448,寞,1
4759,胄,2861,步,1
4760,胆,4709,职,1
4760,胆,4769,胜,1
4760,胆,4781,胭,1
4760,胆,4908,舱,1
4761,背,2252,揞,1
4761,背,3680,瑁,1
4761,背,4717,聱,1
4761,背,4728,肖,1
4761,背,4796,脊,1
4761,背,4847,膂,1
4761,背,6663,青,1
4762,胍,4770,胝,1
4763,胎,2998,沥,1
4763,胎,3771,略,1
4763,胎,4744,肮,1
4763,胎,4769,胜,1
4763,胎,4777,胩,1
4763,胎,4786,胳,1
4763,胎,4793,脂,1
4764,胖,788,咿,1
4764,胖,3766,畔,1
4764,胖,4757,胂,1
4764,胖,4816,脾,1
4764,胖,5459,衅,1
4765,胗,1767,彤,1
4765,胗,3957,眵,1
4765,胗,5632,诊,1
4766,胙,5133,菲,1
4767,胚,3945,眍,1
4767,胚,4769,胜,1
4767,胚,4845,腿,1
4767,胚,5745,豚,1
4768,胛,4757,胂,1
4768,胛,4816,脾,1
4769,胜,1153,塍,1
4769,胜,3029,泚,1
4769,胜,3508,牲,1
4769,胜,3952,眨,1
4769,胜,4742,肫,1
4769,胜,4755,胀,1
4769,胜,6063,逃,1
4770,胝,4781,胭,1
4771,胞,2104,抱,1
4771,胞,4815,脸,1
4772,胡,1047,坍,1
4772,胡,2067,扫,1
4772,胡,5143,萌,1
4773,胤,2924,氖,1
4774,胥,3782,疋,1
4774,胥,6886,骨,1
4775,胧,2903,毗,1
4775,胧,4742,肫,1
4775,胧,4755,胀,1
4775,胧,4790,胺,1
4775,胧,5807,赋,1
4776,胨,2452,昧,1
4777,胩,2529,朕,1
4777,胩,4755,胀,1
4778,胪,3964,睁,1
4779,胫,1865,怪,1
4779,胫,4786,胳,1
4779,胫,4826,腔,1
4782,胯,1,一,1
4782,胯,2161,挎,1
4782,胯,4805,脖,1
4782,胯,4861,膳,1
4783,胰,142,仪,1
4783,胰,4737,肢,1
4783,胰,4738,肤,1
4783,胰,4756,胁,1
4783,胰,4818,腈,1
4784,胱,1876,恍,1
4784,胱,2469,晓,1
4784,胱,4803,脓,1
4785,胲,4801,脑,1
4785,胲,4846,膀,1
4786,胳,4763,胎,1
4786,胳,5798,赂,1
4786,胳,6893,骼,1
4787,胴,3067,洞,1
4787,胴,4781,胭,1
4787,胴,6215,酮,1
4788,胶,643,及,1
4788,胶,779,咬,1
4788,胶,1538,岭,1
4788,胶,3504,牧,1
4788,胶,3898,皎,1
4788,胶,4737,肢,1
4788,胶,4814,脶,1
4788,胶,4829,腚,1
4788,胶,6924,魃,1
4789,胸,2466,晌,1
4789,胸,2479,晦,1
4789,胸,3839,痫,1
4789,胸,4840,腺,1
4789,胸,4849,膊,1
4790,胺,3957,眵,1
4790,胺,4799,脏,1
4790,胺,4801,脑,1
4790,胺,4803,脓,1
4790,胺,4836,腰,1
4790,胺,6570,陀,1
4792,能,2370,敞,1
4792,能,3404,烧,1
4792,能,3899,皑,1
4792,能,4716,聪,1
4793,脂,3979,睹,1
4793,脂,4763,胎,1
4793,脂,4786,胳,1
4793,脂,4819,腊,1
4793,脂,5784,贴,1
4794,脆,2669,桅,1
4794,脆,4744,肮,1
4794,脆,4799,脏,1
4794,脆,4819,腊,1
4794,脆,5421,螣,1
4794,脆,5879,跪,1
4795,脉,3508,牲,1
4795,脉,4813,脲,1
4795,脉,5745,豚,1
4795,脉,5803,赇,1
4795,脉,7152,鼢,1
4796,脊,427,减,1
4796,脊,2523,有,1
4798,脎,2475,晞,1
4798,脎,4750,肺,1
4798,脎,4802,脒,1
4799,脏,3949,眠,1
4799,脏,3968,睑,1
4799,脏,4744,肮,1
4799,脏,4784,胱,1
4799,脏,5799,赃,1
4799,脏,6631,雕,1
4800,脐,2485,晴,1
4800,脐,3777,畸,1
4800,脐,3799,疥,1
4800,脐,4786,胳,1
4800,脐,4805,脖,1
4801,脑,1844,怅,1
4801,脑,4711,聒,1
4801,脑,4771,胞,1
4802,脒,3956,眯,1
4802,脒,3967,睐,1
4802,脒,4798,脎,1
4802,脒,4808,脞,1
4803,脓,402,农,1
4803,脓,2891,毁,1
4803,脓,3941,眈,1
4804,脔,4172,离,1
4805,脖,2499,暧,1
4805,脖,3789,疗,1
4805,脖,4810,脬,1
4805,脖,4844,腾,1
4805,脖,4852,膘,1
4805,脖,6576,陈,1
4806,脘,4797,脍,1
4807,脚,2698,梆,1
4807,脚,4750,肺,1
4807,脚,6144,邶,1
4807,脚,6235,醐,1
4808,脞,1862,性,1
4809,脧,4788,胶,1
4809,脧,4790,胺,1
4809,脧,4839,腹,1
4810,脬,171,伢,1
4810,脬,4798,脎,1
4810,脬,4828,腙,1
4810,脬,4834,腭,1
4811,脯,2477,晡,1
4811,脯,2485,晴,1
4811,脯,4750,肺,1
4811,脯,4823,腑,1
4811,脯,4833,腩,1
4811,脯,5803,赇,1
4812,脱,3980,睽,1
4812,脱,4742,肫,1
4812,脱,4744,肮,1
4814,脶,4743,肭,1
4814,脶,4844,腾,1
4814,脶,4853,膙,1
4814,脶,4922,艏,1
4815,脸,36,临,1
4815,脸,4763,胎,1
4815,脸,4767,胚,1
4815,脸,4779,胫,1
4815,脸,4797,脍,1
4815,脸,4812,脱,1
4816,脾,1946,惨,1
4816,脾,3960,眸,1
4816,脾,4801,脑,1
4816,脾,4810,脬,1
4816,脾,7067,鹇,1
4817,腆,2450,映,1
4817,腆,4838,腴,1
4817,腆,4924,艚,1
4818,腈,1931,情,1
4818,腈,2485,晴,1
4818,腈,4783,胰,1
4818,腈,6453,镄,1
4819,腊,2256,揩,1
4819,腊,2497,暗,1
4819,腊,3570,猎,1
4820,腋,3979,睹,1
4820,腋,4829,腚,1
4820,腋,4841,腻,1
4821,腌,2527,朐,1
4821,腌,3958,眶,1
4822,腐,3824,痍,1
4823,腑,762,咐,1
4823,腑,4743,肭,1
4823,腑,4867,臃,1
4825,腓,3961,眺,1
4826,腔,3975,睦,1
4826,腔,4815,脸,1
4827,腕,1791,後,1
4827,腕,1822,忙,1
4827,腕,4829,腚,1
4827,腕,5390,蜿,1
4828,腙,4806,脘,1
4828,腙,4826,腔,1
4828,腙,4852,膘,1
4829,腚,3438,煦,1
4829,腚,4799,脏,1
4829,腚,4815,脸,1
4829,腚,4826,腔,1
4830,腠,3259,滕,1
4830,腠,4783,胰,1
4831,腥,4806,脘,1
4831,腥,4812,脱,1
4831,腥,4843,腽,1
4834,腭,6441,锷,1
4835,腮,3858,瘛,1
4835,腮,4771,胞,1
4835,腮,4817,腆,1
4835,腮,6765,飔,1
4835,腮,6766,飕,1
4836,腰,1257,妖,1
4836,腰,4806,脘,1
4836,腰,4863,膻,1
4836,腰,5367,蜉,1
4836,腰,5745,豚,1
4839,腹,3999,瞭,1
4839,腹,4826,腔,1
4839,腹,4863,膻,1
4840,腺,4786,胳,1
4841,腻,2801,槭,1
4841,腻,4787,胴,1
4841,腻,4859,膨,1
4844,腾,3259,滕,1
4844,腾,4783,胰,1
4844,腾,4818,腈,1
4844,腾,4856,膝,1
4844,腾,5421,螣,1
4845,腿,5371,蜒,1
4845,腿,6764,飓,1
4845,腿,6765,飔,1
4846,膀,3250,滂,1
4846,膀,3419,焓,1
4846,膀,3988,瞎,1
4846,膀,4868,臆,1
4847,膂,2414,旖,1
4847,膂,4796,脊,1
4848,膈,4735,肠,1
4849,膊,4776,胨,1
4849,膊,4811,脯,1
4849,膊,5819,赙,1
4850,膏,5253,蕾,1
4850,膏,6886,骨,1
4851,膑,3517,犊,1
4851,膑,4790,胺,1
4851,膑,4799,脏,1
4851,膑,6766,飕,1
4852,膘,1160,塬,1
4852,膘,2509,曝,1
4852,膘,4810,脬,1
4852,膘,4836,腰,1
4852,膘,4840,腺,1
4852,膘,4849,膊,1
4854,膛,4778,胪,1
4854,膛,4790,胺,1
4854,膛,6699,鞲,1
4855,膜,1361,嫫,1
4855,膜,2305,摸,1
4855,膜,3595,獏,1
4855,膜,4851,膑,1
4855,膜,4868,臆,1
4855,膜,5810,赎,1
4856,膝,1342,媵,1
4856,膝,1991,慷,1
4856,膝,4805,脖,1
4856,膝,4827,腕,1
4857,膣,3997,瞪,1
4858,膦,6766,飕,1
4859,膨,1135,堌,1
4859,膨,3951,眦,1
4860,膪,4861,膳,1
4861,膳,3835,痦,1
4861,膳,3988,瞎,1
4861,膳,4764,胖,1
4861,膳,4868,臆,1
4863,膻,4854,膛,1
4864,臀,4385,簪,1
4865,臁,4867,臃,1
4866,臂,1179,壁,1
4866,臂,6906,髫,1
4866,臂,7095,鹫,1
4867,臃,3985,瞅,1
4867,臃,4868,臆,1
4868,臆,1778,役,1
4868,臆,2247,揎,1
4868,臆,3995,瞧,1
4868,臆,4809,脧,1
4868,臆,4829,腚,1
4868,臆,6497,镱,1
4869,臊,2529,朕,1
4869,臊,4829,腚,1
4869,臊,4852,膘,1
4869,臊,5820,赚,1
4871,臑,4848,膈,1
4872,臜,5950,躜,1
4873,臣,565,匡,1
4873,臣,3738,甚,1
4873,臣,5765,贡,1
4873,臣,5855,趸,1
4873,臣,6042,连,1
4874,臧,4841,腻,1
4874,臧,5648,诚,1
4875,自,184,伺,1
4875,自,565,匡,1
4875,自,1012,囱,1
4875,自,2418,日,1
4875,自,2512,曰,1
4875,自,3891,百,1
4875,自,4881,臼,1
4876,臬,2572,杲,1
4876,臬,3020,泉,1
4877,臭,2440,昊,1
4877,臭,2447,昙,1
4877,臭,5305,虽,1
4878,至,41,主,1
4878,至,1074,垂,1
4878,至,1619,己,1
4878,至,3607,玉,1
4878,至,5855,趸,1
4879,致,1380,孜,1
4879,致,2355,改,1
4879,致,2360,效,1
4879,致,2368,敛,1
4879,致,3623,玫,1
4879,致,4478,纹,1
4881,臼,184,伺,1
4881,臼,189,但,1
4881,臼,692,向,1
4881,臼,1004,囟,1
4881,臼,6509,问,1
4882,臾,1238,奥,1
4882,臾,4607,罗,1
4882,臾,4888,舆,1
4883,舀,555,匏,1
4883,舀,1382,孟,1
4883,舀,4303,笾,1
4883,舀,5752,豸,1
4887,舅,534,勇,1
4887,舅,2511,曩,1
4888,舆,1238,奥,1
4889,舌,159,伎,1
4889,舌,444,击,1
4889,舌,684,合,1
4889,舌,705,否,1
4889,舌,727,告,1
4889,舌,1281,委,1
4889,舌,2554,杏,1
4889,舌,3909,盂,1
4889,舌,4174,禾,1
4890,舍,1429,害,1
4890,舍,3775,畲,1
4890,舍,4436,系,1
4890,舍,5581,言,1
4891,舐,3665,琥,1
4891,舐,5997,辍,1
4891,舐,6889,骶,1
4892,舒,5460,行,1
4892,舒,6148,邻,1
4892,舒,6180,鄂,1
4892,舒,6255,野,1
4893,舔,4545,绿,1
4893,舔,5834,赫,1
4894,舛,2867,歼,1
4894,舛,2996,沣,1
4895,舜,996,嚼,1
4895,舜,1423,宥,1
4895,舜,2928,氛,1
4895,舜,4342,箢,1
4895,舜,5552,覃,1
4895,舜,5746,象,1
4895,舜,6146,邹,1
4895,舜,6850,驿,1
4896,舞,3724,瓮,1
4896,舞,4895,舜,1
4897,舟,550,匀,1
4897,舟,552,匆,1
4897,舟,577,卅,1
4897,舟,3744,甪,1
4899,舢,4907,舰,1
4902,航,1766,形,1
4902,航,4908,舱,1
4902,航,4913,舷,1
4902,航,5296,虢,1
4902,航,6938,鱿,1
4903,舫,394,册,1
4903,舫,4899,舢,1
4903,舫,4915,船,1
4903,舫,4926,艨,1
4904,般,2363,敏,1
4904,般,3898,皎,1
4904,般,3952,眨,1
4904,般,4900,舣,1
4904,般,4915,船,1
4904,般,6724,颀,1
4904,般,7065,鹅,1
4906,舯,4916,舻,1
4906,舯,5576,触,1
4907,舰,3727,瓶,1
4907,舰,3901,皖,1
4907,舰,4901,舨,1
4907,舰,4902,航,1
4907,舰,6217,酰,1
4907,舰,6986,鲵,1
4907,舰,7105,麂,1
4908,舱,4206,税,1
4908,舱,4910,舴,1
4908,舱,5861,跄,1
4909,舳,4,万,1
4909,舳,467,删,1
4909,舳,4912,舶,1
4910,舴,4911,舵,1
4911,舵,4902,航,1
4911,舵,7056,鸼,1
4912,舶,2466,晌,1
4912,舶,4915,船,1
4912,舶,6950,鲌,1
4913,舷,1766,形,1
4913,舷,4903,舫,1
4913,舷,4915,船,1
4913,舷,6338,铉,1
4915,船,4709,职,1
4915,船,4763,胎,1
4915,船,4902,航,1
4915,船,4903,舫,1
4915,船,4912,舶,1
4915,船,7065,鹅,1
4917,舾,4901,舨,1
4918,艄,4516,绡,1
4919,艇,4898,舡,1
4919,艇,4900,舣,1
4919,艇,7074,鹏,1
4921,艋,3575,猛,1
4922,艏,5573,觞,1
4923,艘,3651,珽,1
4924,艚,4211,稠,1
4926,艨,3337,濠,1
4927,艮,1485,尺,1
4927,艮,2438,昆,1
4928,良,651,变,1
4928,良,1518,岁,1
4928,良,2920,民,1
4928,良,4927,艮,1
4928,良,7104,鹿,1
4929,艰,1088,垠,1
4929,艰,1307,娘,1
4929,艰,1340,媲,1
4929,艰,1887,恨,1
4929,艰,3547,狠,1
4929,艰,5472,衫,1
4929,艰,5555,观,1
4930,色,126,仑,1
4930,色,606,危,1
4930,色,4278,笆,1
4930,色,5569,角,1
4930,色,6095,逾,1
4931,艳,4932,艴,1
4931,艳,6275,钇,1
4931,艳,6371,铯,1
4934,艺,359,先,1
4934,艺,1519,岂,1
4934,艺,1619,己,1
4934,艺,4946,芑,1
4934,艺,4951,芜,1
4936,艾,2351,攴,1
4936,艾,3353,火,1
4937,艿,69,书,1
4938,节,76,予,1
4938,节,1187,声,1
4938,节,4957,芦,1
4938,节,4977,苄,1
4939,芄,4935,艽,1
4940,芈,4933,艹,1
4941,芊,43,举,1
4941,芊,4942,芋,1
4941,芊,6011,辛,1
4942,芋,27,严,1
4942,芋,1187,声,1
4942,芋,5008,苹,1
4942,芋,5042,茶,1
4942,芋,6011,辛,1
4943,芍,11,与,1
4943,芍,52,乌,1
4943,芍,4938,节,1
4943,芍,4964,芮,1
4943,芍,4992,苘,1
4943,芍,5078,药,1
4944,芎,5015,茅,1
4944,芎,5146,萏,1
4944,芎,5178,葶,1
4945,芏,1028,圣,1
4945,芏,5740,豆,1
4946,芑,4934,艺,1
4946,芑,4963,芭,1
4947,芒,360,光,1
4947,芒,376,兰,1
4947,芒,377,共,1
4947,芒,664,召,1
4947,芒,4961,芫,1
4947,芒,5039,茳,1
4949,芘,4960,芪,1
4949,芘,5013,范,1
4949,芘,5018,茈,1
4950,芙,378,关,1
4950,芙,2547,杂,1
4950,芙,2613,某,1
4950,芙,4947,芒,1
4950,芙,5096,莨,1
4950,芙,5099,莫,1
4951,芜,4935,艽,1
4951,芜,4950,芙,1
4951,芜,5056,荒,1
4952,芝,377,共,1
4952,芝,651,变,1
4952,芝,1472,尘,1
4952,芝,4945,芏,1
4952,芝,4946,芑,1
4952,芝,4954,芡,1
4952,芝,4971,芸,1
4953,芟,4952,芝,1
4954,芡,5024,茓,1
4954,芡,5790,贺,1
4955,芤,3089,浆,1
4956,芥,377,共,1
4956,芥,4938,节,1
4956,芥,5064,荠,1
4956,芥,7166,齐,1
4957,芦,596,卢,1
4957,芦,4938,节,1
4957,芦,4942,芋,1
4957,芦,4984,苎,1
4958,芨,5189,蒙,1
4959,芩,3675,琴,1
4959,芩,4988,苓,1
4960,芪,4367,篦,1
4960,芪,4949,芘,1
4960,芪,4967,花,1
4960,芪,4997,苠,1
4961,芫,4960,芪,1
4962,芬,478,券,1
4962,芬,521,劣,1
4962,芬,530,劳,1
4962,芬,4959,芩,1
4962,芬,5016,茆,1
4962,芬,6848,驽,1
4963,芭,3910,盅,1
4963,芭,4930,色,1
4964,芮,4170,禹,1
4965,芯,10,不,1
4965,芯,1814,忍,1
4965,芯,1816,忐,1
4965,芯,1821,忘,1
4965,芯,1841,怂,1
4965,芯,1850,怒,1
4965,芯,4976,苁,1
4966,芰,7113,麦,1
4967,花,357,充,1
4967,花,384,兹,1
4967,花,1029,在,1
4967,花,4668,老,1
4967,花,4949,芘,1
4967,花,4980,苊,1
4967,花,5012,茂,1
4967,花,5013,范,1
4967,花,5022,茏,1
4967,花,5034,茫,1
4967,花,6019,辰,1
4968,芳,1032,圬,1
4968,芳,1460,导,1
4968,芳,1738,弓,1
4968,芳,1748,弩,1
4968,芳,4947,芒,1
4968,芳,4956,芥,1
4968,芳,4958,芨,1
4968,芳,4962,芬,1
4968,芳,4978,苇,1
4969,芴,5117,菊,1
4971,芸,4264,竞,1
4971,芸,4961,芫,1
4972,芹,2393,斤,1
4972,芹,3490,片,1
4972,芹,4938,节,1
4972,芹,4968,芳,1
4972,芹,4974,芽,1
4972,芹,5062,荞,1
4973,芼,4284,笔,1
4973,芼,4670,耄,1
4974,芽,615,厂,1
4974,芽,4942,芋,1
4974,芽,5015,茅,1
4974,芽,5103,莳,1
4974,芽,5139,萃,1
4975,芾,1646,带,1
4975,芾,4314,策,1
4975,芾,4978,苇,1
4975,芾,4979,苈,1
4975,芾,5010,茀,1
4978,苇,4944,芎,1
4978,苇,4975,芾,1
4978,苇,5055,荑,1
4978,苇,5095,莠,1
4979,苈,5290,虏,1
4981,苋,5557,觅,1
4981,苋,5560,览,1
4982,苌,5002,苦,1
4983,苍,610,卷,1
4983,苍,1222,奄,1
4983,苍,1532,岜,1
4983,苍,1623,巷,1
4985,苏,659,另,1
4985,苏,690,吏,1
4985,苏,1212,夯,1
4985,苏,4935,艽,1
4985,苏,5137,菽,1
4986,苑,2021,成,1
4986,苑,5110,莼,1
4986,苑,5120,菔,1
4986,苑,5171,葩,1
4986,苑,5841,起,1
4988,苓,5048,荃,1
4989,苔,2425,旮,1
4989,苔,4288,笞,1
4989,苔,4946,芑,1
4989,苔,4983,苍,1
4989,苔,5007,苷,1
4989,苔,5011,茁,1
4989,苔,5146,萏,1
4990,苕,4937,艿,1
4990,苕,5027,茗,1
4990,苕,5031,茝,1
4990,苕,5088,莒,1
4991,苗,692,向,1
4991,苗,790,品,1
4991,苗,2626,查,1
4991,苗,3891,百,1
4991,苗,4965,芯,1
4991,苗,4987,苒,1
4991,苗,5028,茚,1
4991,苗,5030,茜,1
4991,苗,5046,茼,1
4991,苗,5077,荮,1
4991,苗,5141,萆,1
4991,苗,5790,贺,1
4991,苗,6597,陶,1
4992,苘,2897,毐,1
4992,苘,5040,茴,1
4993,苛,827,哿,1
4993,苛,1071,坷,1
4993,苛,1223,奇,1
4993,苛,1533,岢,1
4993,苛,4969,芴,1
4993,苛,4975,芾,1
4993,苛,5027,茗,1
4993,苛,5079,荷,1
4994,苜,4728,肖,1
4994,苜,4933,艹,1
4994,苜,4989,苔,1
4994,苜,5119,菏,1
4995,苞,1689,庖,1
4995,苞,4946,芑,1
4995,苞,4996,苟,1
4996,苟,5001,若,1
4996,苟,5046,茼,1
4996,苟,5079,荷,1
4996,苟,5236,蔼,1
4996,苟,5362,蜀,1
4997,苠,5053,荏,1
4997,苠,5096,莨,1
4998,苡,4949,芘,1
4998,苡,4976,苁,1
4998,苡,5087,莎,1
4999,苣,4983,苍,1
4999,苣,5031,茝,1
5001,若,521,劣,1
5001,若,671,右,1
5001,若,4740,肩,1
5001,若,4968,芳,1
5001,若,5000,苤,1
5001,若,5164,著,1
5001,若,5186,蒌,1
5002,苦,699,吝,1
5002,苦,1381,孝,1
5002,苦,4283,笑,1
5002,苦,4607,罗,1
5002,苦,5164,著,1
5003,苫,1200,多,1
5003,苫,2441,昌,1
5003,苫,4948,芗,1
5003,苫,4989,苔,1
5003,苫,5011,茁,1
5003,苫,5087,莎,1
5003,苫,5088,莒,1
5003,苫,5129,菩,1
5004,苯,2613,某,1
5004,苯,4293,笨,1
5004,苯,4972,芹,1
5004,苯,5012,茂,1
5004,苯,5095,莠,1
5004,苯,5102,莲,1
5004,苯,5145,萎,1
5004,苯,6015,辣,1
5005,英,1105,埃,1
5005,英,1221,奂,1
5005,英,4950,芙,1
5005,英,4982,苌,1
5005,英,5032,茧,1
5005,英,5059,荚,1
5005,英,5070,荧,1
5006,苴,4994,苜,1
5007,苷,2445,昔,1
5008,苹,98,产,1
5008,苹,1225,奉,1
5008,苹,1428,宰,1
5008,苹,2428,旱,1
5008,苹,4281,笋,1
5008,苹,4942,芋,1
5008,苹,4945,芏,1
5008,苹,4972,芹,1
5008,苹,4978,苇,1
5008,苹,5004,苯,1
5008,苹,5052,草,1
5008,苹,5061,荜,1
5008,苹,5139,萃,1
5009,苻,6564,阵,1
5010,茀,1740,弗,1
5010,茀,4978,苇,1
5010,茀,5055,荑,1
5010,茀,5269,藉,1
5011,茁,443,出,1
5011,茁,705,否,1
5011,茁,4296,第,1
5011,茁,5022,茏,1
5011,茁,5027,茗,1
5011,茁,5058,荙,1
5011,茁,5291,虐,1
5011,茁,5323,蚩,1
5012,茂,5098,莪,1
5013,范,4668,老,1
5013,范,4967,花,1
5013,范,5034,茫,1
5013,范,5039,茳,1
5013,范,5110,莼,1
5013,范,6713,页,1
5013,范,7142,黾,1
5014,茄,42,丽,1
5014,茄,436,凯,1
5014,茄,2080,技,1
5014,茄,5165,葙,1
5015,茅,1743,弟,1
5015,茅,4968,芳,1
5015,茅,5071,荨,1
5017,茇,5022,茏,1
5018,茈,4949,芘,1
5018,茈,4960,芪,1
5019,茉,25,丢,1
5019,茉,1544,岽,1
5019,茉,2613,某,1
5019,茉,4393,类,1
5019,茉,4677,耒,1
5019,茉,4720,肃,1
5019,茉,4978,苇,1
5019,茉,5004,苯,1
5020,茌,4689,耧,1
5020,茌,5035,茬,1
5021,茎,1499,屋,1
5021,茎,5000,苤,1
5021,茎,5048,荃,1
5021,茎,5132,菱,1
5021,茎,5177,葵,1
5021,茎,5225,蔗,1
5021,茎,5346,蛙,1
5022,茏,5017,茇,1
5022,茏,6158,郏,1
5024,茓,377,共,1
5024,茓,3396,烘,1
5024,茓,3904,皮,1
5024,茓,4956,芥,1
5024,茓,5033,茨,1
5024,茓,5782,贲,1
5025,茔,5151,萤,1
5027,茗,5130,菪,1
5028,茚,4996,苟,1
5028,茚,5078,药,1
5030,茜,4171,禺,1
5030,茜,5079,荷,1
5030,茜,5191,蒟,1
5031,茝,5225,蔗,1
5032,茧,3254,滍,1
5032,茧,5151,萤,1
5032,茧,5305,虽,1
5032,茧,5307,虿,1
5033,茨,3357,灰,1
5033,茨,4998,苡,1
5033,茨,5013,范,1
5033,茨,5024,茓,1
5033,茨,5049,荄,1
5034,茫,4960,芪,1
5034,茫,5032,茧,1
5034,茫,6577,陉,1
5035,茬,1617,差,1
5035,茬,4967,花,1
5035,茬,5017,茇,1
5035,茬,5020,茌,1
5035,茬,5053,荏,1
5036,茭,5021,茎,1
5036,茭,5132,菱,1
5036,茭,5136,菼,1
5036,茭,5782,贲,1
5037,茯,621,厌,1
5037,茯,5106,获,1
5037,茯,5107,莸,1
5038,茱,892,喋,1
5038,茱,2547,杂,1
5038,茱,2613,某,1
5038,茱,2650,栗,1
5038,茱,5005,英,1
5038,茱,5042,茶,1
5038,茱,5066,荣,1
5040,茴,3891,百,1
5040,茴,4969,芴,1
5040,茴,4992,苘,1
5040,茴,5041,茵,1
5040,茴,5079,荷,1
5040,茴,5089,莓,1
5040,茴,5118,菌,1
5040,茴,5135,菹,1
5041,茵,1518,岁,1
5041,茵,1527,岗,1
5041,茵,4875,自,1
5041,茵,4991,苗,1
5041,茵,6193,酉,1
5042,茶,2733,棻,1
5042,茶,4978,苇,1
5042,茶,4982,苌,1
5042,茶,5066,荣,1
5042,茶,5097,莩,1
5042,茶,5148,萘,1
5042,茶,6020,辱,1
5043,茸,4700,耸,1
5043,茸,5008,苹,1
5043,茸,5031,茝,1
5043,茸,5052,草,1
5043,茸,5089,莓,1
5043,茸,5204,蓇,1
5043,茸,6826,首,1
5044,茹,4939,芄,1
5044,茹,4982,苌,1
5044,茹,5014,茄,1
5044,茹,5131,菰,1
5045,茺,4951,芜,1
5045,茺,4980,苊,1
5045,茺,5184,蒉,1
5046,茼,4996,苟,1
5046,茼,5140,萄,1
5047,荀,5362,蜀,1
5049,荄,4971,芸,1
5049,荄,5063,荟,1
5049,荄,5132,菱,1
5050,荆,260,俞,1
5050,荆,471,别,1
5050,荆,474,到,1
5050,荆,482,刽,1
5050,荆,489,削,1
5050,荆,498,剞,1
5052,草,4393,类,1
5052,草,4941,芊,1
5052,草,5090,莘,1
5053,荏,192,住,1
5053,荏,4967,花,1
5053,荏,5020,茌,1
5053,荏,5035,茬,1
5053,荏,5110,莼,1
5054,荐,4292,符,1
5054,荐,5164,著,1
5055,荑,1215,夷,1
5056,荒,4355,篆,1
5056,荒,4443,絮,1
5056,荒,4960,芪,1
5056,荒,5211,蓖,1
5057,荔,1531,岛,1
5057,荔,1740,弗,1
5057,荔,5010,茀,1
5058,荙,6067,选,1
5058,荙,6082,速,1
5059,荚,4393,类,1
5059,荚,4409,粪,1
5059,荚,4626,美,1
5059,荚,4950,芙,1
5059,荚,4973,芼,1
5059,荚,5075,荬,1
5059,荚,5083,荽,1
5059,荚,5101,莱,1
5059,荚,5136,菼,1
5059,荚,5177,葵,1
5059,荚,7182,龚,1
5060,荛,1479,尧,1
5062,荞,385,养,1
5062,荞,1661,幕,1
5063,荟,4971,芸,1
5063,荟,7119,黄,1
5064,荠,4956,芥,1
5064,荠,5095,莠,1
5064,荠,5113,菁,1
5064,荠,6643,霁,1
5065,荡,4962,芬,1
5065,荡,5030,茜,1
5065,荡,5087,莎,1
5065,荡,5104,莴,1
5065,荡,5119,菏,1
5065,荡,5191,蒟,1
5065,荡,5236,蔼,1
5066,荣,105,亲,1
5066,荣,1085,垛,1
5066,荣,1374,孕,1
5066,荣,1567,崇,1
5066,荣,2561,束,1
5066,荣,4593,缲,1
5066,荣,5004,苯,1
5066,荣,5005,英,1
5066,荣,5019,茉,1
5066,荣,5026,茕,1
5066,荣,5068,荥,1
5066,荣,5069,荦,1
5066,荣,5082,荼,1
5066,荣,5154,萧,1
5066,荣,5163,葖,1
5067,荤,2471,晕,1
5067,荤,4439,索,1
5067,荤,5180,葺,1
5067,荤,5991,辇,1
5067,荤,6256,量,1
5067,荤,6673,革,1
5068,荥,3047,泶,1
5068,荥,5070,荧,1
5069,荦,5025,茔,1
5069,荦,5052,草,1
5070,荧,3362,灾,1
5070,荧,3424,焚,1
5070,荧,4969,芴,1
5070,荧,5026,茕,1
5070,荧,5151,萤,1
5071,荨,5015,茅,1
5071,荨,5189,蒙,1
5072,荩,1521,岌,1
5073,荪,6164,郛,1
5074,荫,5014,茄,1
5074,荫,5043,茸,1
5075,荬,5099,莫,1
5077,荮,5009,苻,1
5077,荮,5087,莎,1
5077,荮,5103,莳,1
5078,药,4943,芍,1
5078,药,4998,苡,1
5078,药,5065,荡,1
5078,药,5077,荮,1
5078,药,5079,荷,1
5078,药,5191,蒟,1
5079,荷,1223,奇,1
5079,荷,2684,档,1
5079,荷,4979,苈,1
5079,荷,4993,苛,1
5079,荷,5047,荀,1
5079,荷,5119,菏,1
5079,荷,5143,萌,1
5080,荸,1379,孛,1
5080,荸,2482,景,1
5080,荸,2517,曹,1
5080,荸,5015,茅,1
5080,荸,5097,莩,1
5080,荸,5148,萘,1
5080,荸,5153,萦,1
5080,荸,5178,葶,1
5080,荸,5281,蘑,1
5084,莅,5003,苫,1
5084,莅,5020,茌,1
5085,莆,3745,甫,1
5085,莆,5016,茆,1
5085,莆,5098,莪,1
5085,莆,5110,莼,1
5085,莆,5164,著,1
5086,莉,471,别,1
5086,莉,485,剁,1
5086,莉,487,剃,1
5086,莉,501,剥,1
5086,莉,580,卉,1
5086,莉,5128,菥,1
5086,莉,5262,薪,1
5087,莎,4937,艿,1
5087,莎,4948,芗,1
5087,莎,5039,茳,1
5088,莒,4984,苎,1
5089,莓,2898,毒,1
5089,莓,5235,蔻,1
5091,莙,1237,奢,1
5091,莙,5192,蒡,1
5094,莞,5026,茕,1
5095,莠,4669,考,1
5095,莠,5238,蕃,1
5096,莨,5188,蒗,1
5096,莨,5211,蓖,1
5097,莩,1466,尊,1
5097,莩,2553,李,1
5097,莩,5083,荽,1
5098,莪,2038,戳,1
5098,莪,6686,鞍,1
5099,莫,588,卖,1
5099,莫,1170,墓,1
5099,莫,1236,奠,1
5099,莫,4878,至,1
5099,莫,5070,荧,1
5099,莫,5075,荬,1
5099,莫,5811,赏,1
5101,莱,2617,柔,1
5101,莱,2673,桊,1
5101,莱,2744,椠,1
5101,莱,4405,粟,1
5101,莱,4624,羊,1
5101,莱,4718,聿,1
5101,莱,5010,茀,1
5101,莱,5059,荚,1
5101,莱,5071,荨,1
5101,莱,5095,莠,1
5101,莱,5197,蒹,1
5101,莱,6673,革,1
5102,莲,1491,局,1
5102,莲,5031,茝,1
5102,莲,5092,莛,1
5102,莲,5240,蕉,1
5102,莲,6090,逵,1
5102,莲,6673,革,1
5103,莳,5114,菂,1
5105,莶,4878,至,1
5105,莶,4988,苓,1
5105,莶,6272,鑫,1
5106,获,3373,炙,1
5106,获,3429,焱,1
5106,获,5098,莪,1
5107,莸,5081,荻,1
5107,莸,5136,菼,1
5108,莹,5048,荃,1
5108,莹,5068,荥,1
5108,莹,5216,蓥,1
5109,莺,627,原,1
5109,莺,4622,罾,1
5109,莺,5152,营,1
5110,莼,4505,绕,1
5110,莼,4973,芼,1
5111,莽,385,养,1
5111,莽,5145,萎,1
5111,莽,5148,萘,1
5111,莽,5163,葖,1
5112,菀,5136,菼,1
5113,菁,1439,寄,1
5113,菁,5204,蓇,1
5114,菂,1490,尿,1
5114,菂,7070,鹊,1
5115,菅,5025,茔,1
5115,菅,5152,营,1
5115,菅,5157,萱,1
5116,菇,4598,缸,1
5116,菇,5073,荪,1
5116,菇,5131,菰,1
5117,菊,530,劳,1
5117,菊,589,南,1
5117,菊,5047,荀,1
5118,菌,1011,困,1
5118,菌,4994,苜,1
5118,菌,4995,苞,1
5118,菌,5169,葡,1
5118,菌,7167,齑,1
5119,菏,619,厉,1
5119,菏,1127,埼,1
5119,菏,4943,芍,1
5119,菏,5077,荮,1
5119,菏,5087,莎,1
5119,菏,5191,蒟,1
5121,菖,4994,苜,1
5121,菖,5088,莒,1
5121,菖,5212,蓝,1
5121,菖,5253,蕾,1
5122,菘,5044,茹,1
5123,菜,105,亲,1
5123,菜,2613,某,1
5123,菜,5019,茉,1
5123,菜,5083,荽,1
5123,菜,5097,莩,1
5123,菜,5153,萦,1
5123,菜,5154,萧,1
5123,菜,5262,薪,1
5123,菜,6673,革,1
5126,菠,1196,夔,1
5126,菠,5093,莜,1
5126,菠,5187,蒎,1
5126,菠,5254,薄,1
5127,菡,5011,茁,1
5127,菡,5196,蒸,1
5127,菡,7167,齑,1
5128,菥,5237,蔽,1
5129,菩,387,兽,1
5129,菩,4029,砉,1
5129,菩,5184,蒉,1
5129,菩,5205,蓉,1
5129,菩,5229,蔫,1
5132,菱,5036,茭,1
5132,菱,5257,薏,1
5132,菱,7113,麦,1
5133,菲,2925,氘,1
5133,菲,5014,茄,1
5133,菲,5044,茹,1
5133,菲,5222,蔌,1
5133,菲,5258,薛,1
5133,菲,6668,非,1
5135,菹,5006,苴,1
5136,菼,4393,类,1
5136,菼,5187,蒎,1
5138,萁,5099,莫,1
5138,萁,7128,黛,1
5139,萃,5044,茹,1
5139,萃,5090,莘,1
5140,萄,2219,掏,1
5140,萄,4542,综,1
5140,萄,5118,菌,1
5142,萋,5083,荽,1
5142,萋,5145,萎,1
5143,萌,2442,明,1
5143,萌,5079,荷,1
5143,萌,5103,莳,1
5143,萌,5172,葫,1
5144,萍,3058,洋,1
5144,萍,3225,溅,1
5144,萍,3289,漭,1
5144,萍,4727,肓,1
5144,萍,5272,藓,1
5145,萎,886,善,1
5145,萎,1281,委,1
5145,萎,1957,惹,1
5145,萎,4360,篓,1
5145,萎,4953,芟,1
5145,萎,4973,芼,1
5145,萎,5055,荑,1
5145,萎,5095,莠,1
5145,萎,7044,鸯,1
5146,萏,3902,皙,1
5146,萏,4883,舀,1
5146,萏,4989,苔,1
5146,萏,5121,菖,1
5146,萏,5689,谄,1
5147,萑,5084,莅,1
5147,萑,6619,雀,1
5148,萘,1381,孝,1
5148,萘,4445,綦,1
5148,萘,5042,茶,1
5150,萝,1195,夏,1
5150,萝,2445,昔,1
5150,萝,2519,曾,1
5150,萝,5097,莩,1
5150,萝,5167,葛,1
5151,萤,4944,芎,1
5151,萤,5032,茧,1
5151,萤,5070,荧,1
5151,萤,5108,莹,1
5151,萤,5152,营,1
5151,萤,5305,虽,1
5151,萤,5809,赍,1
5152,营,1188,壳,1
5152,营,2517,曹,1
5152,营,4622,罾,1
5152,营,4944,芎,1
5152,营,5088,莒,1
5152,营,5151,萤,1
5152,营,5212,蓝,1
5152,营,5253,蕾,1
5153,萦,5067,荤,1
5154,萧,1272,妻,1
5154,萧,4247,窜,1
5154,萧,4657,翥,1
5154,萧,4720,肃,1
5154,萧,5101,莱,1
5154,萧,5127,菡,1
5154,萧,7139,黹,1
5155,萨,1684,庐,1
5155,萨,5074,荫,1
5155,萨,5181,蒂,1
5155,萨,5210,蓓,1
5155,萨,5258,薛,1
5156,萩,3840,痰,1
5156,萩,5081,荻,1
5157,萱,5240,蕉,1
5158,萸,5117,菊,1
5158,萸,5168,葜,1
5158,萸,5220,蓼,1
5160,落,574,匿,1
5160,落,4387,簿,1
5160,落,5034,茫,1
5160,落,5210,蓓,1
5161,葆,5208,蓐,1
5163,葖,4234,突,1
5163,葖,5005,英,1
5163,葖,5205,蓉,1
5164,著,1593,嵩,1
5164,著,2495,暑,1
5164,著,3944,看,1
5164,著,3963,着,1
5164,著,4618,署,1
5164,著,5091,莙,1
5164,著,5220,蓼,1
5164,著,5238,蕃,1
5164,著,5277,藩,1
5165,葙,2738,植,1
5166,葚,3738,甚,1
5167,葛,1170,墓,1
5167,葛,4320,筠,1
5167,葛,5030,茜,1
5167,葛,5104,莴,1
5169,葡,5117,菊,1
5170,董,1170,墓,1
5170,董,4265,竟,1
5170,董,4268,童,1
5170,董,4945,芏,1
5170,董,5085,莆,1
5170,董,5587,誉,1
5172,葫,4078,硼,1
5172,葫,4772,胡,1
5172,葫,4992,苘,1
5172,葫,5007,苷,1
5172,葫,5191,蒟,1
5173,葬,5123,菜,1
5173,葬,5259,薜,1
5173,葬,5981,载,1
5175,葱,1903,恿,1
5175,葱,1983,慕,1
5175,葱,5179,葸,1
5175,葱,5209,蓑,1
5176,葳,1296,威,1
5176,葳,5182,蒇,1
5177,葵,1228,奏,1
5177,葵,5168,葜,1
5177,葵,5202,蓂,1
5178,葶,1466,尊,1
5179,葸,364,兔,1
5180,葺,2306,摹,1
5181,蒂,1623,巷,1
5181,蒂,5015,茅,1
5184,蒉,4359,篑,1
5184,蒉,5785,贵,1
5185,蒋,625,厚,1
5185,蒋,5254,薄,1
5186,蒌,1661,幕,1
5186,蒌,5145,萎,1
5187,蒎,5198,蒺,1
5188,蒗,2786,榱,1
5189,蒙,1432,家,1
5189,蒙,5153,萦,1
5189,蒙,5208,蓐,1
5190,蒜,2016,戋,1
5190,蒜,4678,耔,1
5191,蒟,3258,滔,1
5191,蒟,5079,荷,1
5191,蒟,5119,菏,1
5191,蒟,5271,藐,1
5192,蒡,2404,旁,1
5194,蒲,1691,庙,1
5194,蒲,3125,涌,1
5194,蒲,3263,滞,1
5194,蒲,3266,满,1
5194,蒲,5085,莆,1
5195,蒴,2528,朔,1
5195,蒴,5074,荫,1
5195,蒴,5165,葙,1
5196,蒸,3467,燕,1
5196,蒸,4684,耜,1
5196,蒸,4970,芷,1
5196,蒸,5083,荽,1
5196,蒸,5127,菡,1
5196,蒸,5265,薰,1
5197,蒹,386,兼,1
5197,蒹,5169,葡,1
5199,蒽,5211,蓖,1
5200,蒿,988,嚆,1
5200,蒿,4804,脔,1
5200,蒿,5030,茜,1
5200,蒿,5057,荔,1
5200,蒿,5203,蓄,1
5200,蒿,5229,蔫,1
5200,蒿,5236,蔼,1
5202,蓂,4888,舆,1
5202,蓂,7136,黩,1
5203,蓄,1623,巷,1
5203,蓄,3770,畜,1
5203,蓄,4254,窨,1
5203,蓄,5164,著,1
5203,蓄,5180,葺,1
5203,蓄,5214,蓠,1
5203,蓄,5257,薏,1
5203,蓄,5267,薹,1
5204,蓇,3993,瞢,1
5204,蓇,4850,膏,1
5204,蓇,4996,苟,1
5205,蓉,2404,旁,1
5205,蓉,3732,甍,1
5205,蓉,4368,篪,1
5205,蓉,4673,耋,1
5205,蓉,5129,菩,1
5205,蓉,5157,萱,1
5205,蓉,5192,蒡,1
5205,蓉,5220,蓼,1
5206,蓊,4644,翁,1
5206,蓊,4656,翡,1
5206,蓊,5195,蒴,1
5208,蓐,5187,蒎,1
5208,蓐,6020,辱,1
5209,蓑,4409,粪,1
5209,蓑,5125,菟,1
5209,蓑,7110,麓,1
5211,蓖,5034,茫,1
5211,蓖,5230,蔬,1
5212,蓝,3912,盈,1
5212,蓝,3918,盐,1
5212,蓝,3921,盔,1
5212,蓝,6004,辔,1
5214,蓠,4172,离,1
5214,蓠,5104,莴,1
5214,蓠,5229,蔫,1
5214,蓠,5243,蕙,1
5215,蓣,6754,颡,1
5216,蓥,4242,窒,1
5216,蓥,5108,莹,1
5217,蓦,542,募,1
5218,蓬,2503,暹,1
5218,蓬,5836,走,1
5219,蓰,1797,徙,1
5219,蓰,5020,茌,1
5219,蓰,5485,袆,1
5219,蓰,5531,褒,1
5222,蔌,2855,歉,1
5223,蔑,1170,墓,1
5223,蔑,1427,宬,1
5223,蔑,4373,篾,1
5223,蔑,4962,芬,1
5224,蔓,5145,萎,1
5224,蔓,7144,鼍,1
5225,蔗,616,厄,1
5225,蔗,1570,崖,1
5225,蔗,4264,竞,1
5225,蔗,5240,蕉,1
5226,蔚,1465,尉,1
5226,蔚,4623,羁,1
5227,蔟,5133,菲,1
5228,蔡,3558,狳,1
5228,蔡,3868,瘭,1
5228,蔡,4434,糵,1
5228,蔡,5276,藤,1
5229,蔫,612,卺,1
5229,蔫,5023,茑,1
5229,蔫,5167,葛,1
5229,蔫,5208,蓐,1
5229,蔫,5214,蓠,1
5229,蔫,5224,蔓,1
5229,蔫,5238,蕃,1
5229,蔫,7058,鸾,1
5230,蔬,3452,熙,1
5230,蔬,5134,菸,1
5231,蔷,870,啬,1
5231,蔷,5164,著,1
5231,蔷,5207,蓍,1
5231,蔷,5238,蕃,1
5231,蔷,7139,黹,1
5233,蔹,5213,蓟,1
5233,蔹,5237,蔽,1
5233,蔹,7149,鼗,1
5235,蔻,5279,藿,1
5236,蔼,983,噶,1
5236,蔼,3202,渴,1
5236,蔼,3297,潇,1
5236,蔼,5078,药,1
5237,蔽,2364,救,1
5237,蔽,2371,敢,1
5237,蔽,2372,散,1
5237,蔽,2375,敬,1
5237,蔽,3266,满,1
5237,蔽,5014,茄,1
5237,蔽,5120,菔,1
5239,蕈,5552,覃,1
5240,蕉,631,厦,1
5240,蕉,2906,毡,1
5240,蕉,3426,焦,1
5240,蕉,5000,苤,1
5240,蕉,5076,荭,1
5241,蕊,4107,磊,1
5241,蕊,5179,葸,1
5241,蕊,6807,馁,1
5242,蕖,3192,渠,1
5242,蕖,3296,潆,1
5242,蕖,5278,藻,1
5243,蕙,5257,薏,1
5244,蕞,5184,蒉,1
5245,蕤,6107,遘,1
5246,蕨,2036,戬,1
5247,蕰,5212,蓝,1
5248,蕲,5128,菥,1
5249,蕴,1339,媪,1
5249,蕴,4577,缢,1
5249,蕴,5034,茫,1
5249,蕴,5160,落,1
5249,蕴,5236,蔼,1
5249,蕴,6204,酝,1
5249,蕴,6997,鳁,1
5251,蕺,2032,戢,1
5252,蕻,5282,蘖,1
5253,蕾,5085,莆,1
5253,蕾,5200,蒿,1
5253,蕾,5203,蓄,1
5253,蕾,5275,藠,1
5254,薄,2303,摩,1
5254,薄,2334,擎,1
5254,薄,4126,礴,1
5254,薄,5119,菏,1
5254,薄,5194,蒲,1
5254,薄,5218,蓬,1
5254,薄,6195,酋,1
5254,薄,6871,骘,1
5255,薅,1310,娠,1
5256,薇,5126,菠,1
5257,薏,5267,薹,1
5258,薛,1578,崭,1
5258,薛,2330,擀,1
5259,薜,5258,薛,1
5260,薤,5850,趣,1
5262,薪,2399,斯,1
5262,薪,5162,葑,1
5262,薪,5196,蒸,1
5262,薪,5248,蕲,1
5262,薪,5273,藕,1
5264,薯,542,募,1
5264,薯,2495,暑,1
5264,薯,5091,莙,1
5264,薯,5164,著,1
5265,薰,3449,熏,1
5266,薷,6642,需,1
5269,藉,4692,耪,1
5269,藉,5116,菇,1
5269,藉,5273,藕,1
5269,藉,5531,褒,1
5270,藏,5176,葳,1
5270,藏,5219,蓰,1
5270,藏,5251,蕺,1
5271,藐,4007,矗,1
5271,藐,4657,翥,1
5271,藐,5759,貌,1
5273,藕,5269,藉,1
5274,藜,5173,葬,1
5275,藠,5247,蕰,1
5276,藤,4761,背,1
5276,藤,7108,麋,1
5277,藩,5160,落,1
5277,藩,5210,蓓,1
5277,藩,5238,蕃,1
5277,藩,6831,馨,1
5278,藻,5268,藁,1
5278,藻,5282,蘖,1
5278,藻,7106,麇,1
5280,蘅,5465,衡,1
5281,蘑,1768,彦,1
5281,蘑,5286,蘸,1
5282,蘖,1396,孽,1
5282,蘖,2834,檗,1
5282,蘖,2835,檠,1
5285,蘩,4448,繁,1
5285,蘩,5228,蔡,1
5286,蘸,3448,熊,1
5286,蘸,4100,碴,1
5286,蘸,5134,菸,1
5286,蘸,5260,薤,1
5287,蘼,6670,靡,1
5288,虍,606,危,1
5288,虍,1187,声,1
5288,虍,1677,庀,1
5289,虎,94,亢,1
5289,虎,1690,店,1
5290,虏,1683,序,1
5290,虏,2043,房,1
5290,虏,5289,虎,1
5291,虐,1076,垄,1
5291,虐,1443,富,1
5291,虐,3793,疟,1
5291,虐,4589,缮,1
5291,虐,5293,虔,1
5291,虐,5294,虚,1
5292,虑,1903,恿,1
5292,虑,3881,癔,1
5292,虑,5288,虍,1
5293,虔,5291,虐,1
5294,虚,1700,座,1
5294,虚,4883,舀,1
5294,虚,5289,虎,1
5295,虞,1720,廪,1
5295,虞,3284,漠,1
5295,虞,5291,虐,1
5295,虞,5591,謦,1
5296,虢,5759,貌,1
5297,虫,35,串,1
5297,虫,414,况,1
5297,虫,443,出,1
5297,虫,636,去,1
5297,虫,662,只,1
5297,虫,1518,岁,1
5297,虫,1824,忠,1
5297,虫,2905,毛,1
5297,虫,5636,诎,1
5299,虮,5325,蚬,1
5299,虮,7169,龀,1
5300,虱,72,乱,1
5300,虱,2464,晃,1
5300,虱,5339,蛋,1
5301,虹,1189,壶,1
5301,虹,1245,好,1
5301,虹,3505,物,1
5301,虹,5336,蛇,1
5301,虹,5379,蜡,1
5301,虹,5601,讧,1
5301,虹,6137,邮,1
5301,虹,7059,鸿,1
5302,虺,3477,爬,1
5302,虺,4037,砘,1
5303,虻,5318,蚝,1
5303,虻,5336,蛇,1
5304,虼,1031,圪,1
5304,虼,5303,虻,1
5304,虼,5336,蛇,1
5305,虽,736,员,1
5305,虽,1387,学,1
5305,虽,1918,患,1
5305,虽,2467,晏,1
5305,虽,3358,灵,1
5305,虽,5316,蚕,1
5305,虽,5323,蚩,1
5305,虽,6713,页,1
5307,虿,5351,蛩,1
5307,虿,5353,蛮,1
5308,蚀,712,吮,1
5308,蚀,3093,浊,1
5308,蚀,6562,阳,1
5308,蚀,6794,饳,1
5310,蚂,1252,妈,1
5310,蚂,2530,朗,1
5310,蚂,3613,玙,1
5310,蚂,5385,蜱,1
5311,蚊,3367,炊,1
5311,蚊,5325,蚬,1
5311,蚊,6157,郎,1
5313,蚌,864,啡,1
5313,蚌,2224,掠,1
5313,蚌,4036,砗,1
5314,蚍,5361,蛾,1
5315,蚓,1071,坷,1
5315,蚓,2190,捌,1
5315,蚓,5321,蚧,1
5315,蚓,5330,蚵,1
5316,蚕,2876,残,1
5316,蚕,5307,虿,1
5316,蚕,5433,蟊,1
5317,蚜,1072,坻,1
5317,蚜,5360,蛹,1
5318,蚝,5336,蛇,1
5319,蚣,683,吆,1
5319,蚣,5303,虻,1
5319,蚣,5340,蛎,1
5319,蚣,5373,蜕,1
5319,蚣,5436,蟒,1
5320,蚤,1028,圣,1
5320,蚤,5316,蚕,1
5321,蚧,3617,玠,1
5321,蚧,5357,蛳,1
5322,蚨,5347,蛛,1
5324,蚪,3363,灿,1
5324,蚪,5315,蚓,1
5325,蚬,5299,虮,1
5326,蚯,5301,虹,1
5326,蚯,5303,虻,1
5326,蚯,5334,蛄,1
5326,蚯,5340,蛎,1
5326,蚯,5348,蛞,1
5326,蚯,6033,近,1
5328,蚱,5319,蚣,1
5328,蚱,5321,蚧,1
5329,蚴,742,呦,1
5329,蚴,1069,坳,1
5331,蚶,5327,蚰,1
5331,蚶,5332,蚺,1
5331,蚶,5334,蛄,1
5331,蚶,5342,蛐,1
5333,蛀,3384,炷,1
5333,蛀,5303,虻,1
5333,蛀,5304,虼,1
5333,蛀,5336,蛇,1
5333,蛀,5337,蛉,1
5333,蛀,5346,蛙,1
5333,蛀,5350,蛤,1
5334,蛄,5330,蚵,1
5335,蛆,1062,坦,1
5335,蛆,1789,徊,1
5335,蛆,2424,旭,1
5335,蛆,3401,烟,1
5335,蛆,5342,蛐,1
5335,蛆,5344,蛔,1
5335,蛆,5346,蛙,1
5335,蛆,5392,蝈,1
5336,蛇,3366,炉,1
5336,蛇,5312,蚋,1
5336,蛇,5343,蛑,1
5336,蛇,5739,豁,1
5336,蛇,6789,饮,1
5336,蛇,6847,驼,1
5337,蛉,3627,玲,1
5337,蛉,5349,蛟,1
5337,蛉,5350,蛤,1
5337,蛉,7172,龄,1
5338,蛊,3910,盅,1
5338,蛊,3915,盍,1
5338,蛊,3917,盏,1
5339,蛋,1189,壶,1
5339,蛋,3783,疍,1
5339,蛋,5305,虽,1
5339,蛋,5316,蚕,1
5339,蛋,5377,蜜,1
5340,蛎,1090,垢,1
5341,蛏,5349,蛟,1
5341,蛏,5352,蛭,1
5342,蛐,5327,蚰,1
5343,蛑,1087,垟,1
5343,蛑,3492,牌,1
5343,蛑,5345,蛘,1
5343,蛑,5385,蜱,1
5344,蛔,4471,纲,1
5344,蛔,5335,蛆,1
5344,蛔,5336,蛇,1
5344,蛔,5392,蝈,1
5345,蛘,5431,蟀,1
5346,蛙,5313,蚌,1
5346,蛙,5352,蛭,1
5346,蛙,5356,蛲,1
5346,蛙,5373,蜕,1
5346,蛙,5380,蜢,1
5346,蛙,6626,雌,1
5347,蛛,3469,燥,1
5347,蛛,5313,蚌,1
5347,蛛,5389,蜾,1
5347,蛛,5408,蝼,1
5347,蛛,5439,蟠,1
5347,蛛,5649,诛,1
5347,蛛,5903,踩,1
5347,蛛,6331,铁,1
5348,蛞,5340,蛎,1
5348,蛞,5380,蜢,1
5349,蛟,779,咬,1
5350,蛤,1090,垢,1
5350,蛤,2399,斯,1
5350,蛤,3397,烙,1
5350,蛤,5337,蛉,1
5350,蛤,5369,蜍,1
5350,蛤,6799,饸,1
5351,蛩,5323,蚩,1
5352,蛭,5333,蛀,1
5352,蛭,5372,蜓,1
5353,蛮,1302,娈,1
5353,蛮,1751,弯,1
5353,蛮,4059,础,1
5353,蛮,5307,虿,1
5353,蛮,5402,蝥,1
5354,蛰,2164,挚,1
5354,蛰,3409,热,1
5354,蛰,5365,蜇,1
5354,蛰,5423,螫,1
5355,蛱,1553,峡,1
5355,蛱,5322,蚨,1
5356,蛲,1553,峡,1
5356,蛲,5373,蜕,1
5358,蛴,810,哜,1
5358,蛴,5306,虾,1
5358,蛴,5349,蛟,1
5359,蛸,5388,蜻,1
5359,蛸,5422,螨,1
5360,蛹,1106,埇,1
5360,蛹,5398,蝙,1
5360,蛹,5405,蝴,1
5360,蛹,5446,蠊,1
5361,蛾,5384,蜮,1
5362,蜀,1026,圜,1
5362,蜀,1423,宥,1
5362,蜀,2444,易,1
5362,蜀,2516,曷,1
5362,蜀,5140,萄,1
5363,蜂,832,唏,1
5363,蜂,1087,垟,1
5363,蜂,1547,峂,1
5363,蜂,1562,峰,1
5363,蜂,2775,榉,1
5363,蜂,4492,终,1
5363,蜂,5341,蛏,1
5363,蜂,5343,蛑,1
5363,蜂,5345,蛘,1
5363,蜂,5385,蜱,1
5363,蜂,5431,蟀,1
5364,蜃,1717,廙,1
5364,蜃,3514,犀,1
5366,蜈,5342,蛐,1
5366,蜈,5352,蛭,1
5366,蜈,5355,蛱,1
5366,蜈,5389,蜾,1
5366,蜈,5450,蠖,1
5367,蜉,1245,好,1
5369,蜍,5347,蛛,1
5371,蜒,1109,埏,1
5371,蜒,2696,梃,1
5371,蜒,3651,珽,1
5371,蜒,4919,艇,1
5371,蜒,5414,螈,1
5371,蜒,5415,螋,1
5372,蜓,1109,埏,1
5372,蜓,5314,蚍,1
5372,蜓,5318,蚝,1
5372,蜓,5322,蚨,1
5372,蜓,5349,蛟,1
5372,蜓,5355,蛱,1
5372,蜓,5380,蜢,1
5372,蜓,5450,蠖,1
5373,蜕,430,凝,1
5373,蜕,5304,虼,1
5373,蜕,5326,蚯,1
5373,蜕,5816,赕,1
5374,蜗,1339,媪,1
5374,蜗,5360,蛹,1
5374,蜗,5370,蜎,1
5374,蜗,5386,蜴,1
5374,蜗,5901,踢,1
5375,蜘,5355,蛱,1
5375,蜘,5368,蜊,1
5375,蜘,5938,蹴,1
5376,蜚,388,冀,1
5376,蜚,1234,奘,1
5376,蜚,3630,玺,1
5377,蜜,367,党,1
5377,蜜,1441,密,1
5377,蜜,3368,炎,1
5377,蜜,4253,窦,1
5377,蜜,5353,蛮,1
5377,蜜,5364,蜃,1
5378,蜞,1145,堪,1
5378,蜞,2717,棋,1
5378,蜞,5355,蛱,1
5378,蜞,5450,蠖,1
5379,蜡,848,唱,1
5379,蜡,1940,惜,1
5379,蜡,2751,椿,1
5379,蜡,5409,蝽,1
5383,蜩,5317,蚜,1
5383,蜩,5392,蝈,1
5385,蜱,865,啤,1
5386,蜴,5395,蝎,1
5386,蜴,5447,蠋,1
5388,蜻,5379,蜡,1
5388,蜻,5424,螬,1
5391,蝇,5318,蚝,1
5391,蝇,5373,蜕,1
5392,蝈,2237,掴,1
5392,蝈,5344,蛔,1
5393,蝉,1087,垟,1
5393,蝉,1861,怦,1
5393,蝉,5345,蛘,1
5393,蝉,5363,蜂,1
5393,蝉,5369,蜍,1
5393,蝉,5410,蝾,1
5393,蝉,5419,螟,1
5393,蝉,5428,螵,1
5393,蝉,5887,跸,1
5394,蝌,5368,蜊,1
5395,蝎,1144,堤,1
5395,蝎,5341,蛏,1
5395,蝎,5370,蜎,1
5395,蝎,5901,踢,1
5395,蝎,6685,鞋,1
5397,蝗,726,呈,1
5397,蝗,5363,蜂,1
5397,蝗,5373,蜕,1
5397,蝗,5427,螳,1
5398,蝙,3444,煸,1
5398,蝙,5363,蜂,1
5398,蝙,5401,蝤,1
5398,蝙,5425,螭,1
5398,蝙,5446,蠊,1
5399,蝠,1158,塥,1
5399,蝠,1658,幅,1
5399,蝠,3428,焰,1
5399,蝠,3996,瞩,1
5399,蝠,5360,蛹,1
5399,蝠,5374,蜗,1
5399,蝠,5398,蝙,1
5399,蝠,5401,蝤,1
5400,蝣,5359,蛸,1
5401,蝤,5408,蝼,1
5401,蝤,5937,蹲,1
5402,蝥,5423,螫,1
5402,蝥,5426,螯,1
5402,蝥,5443,蟹,1
5403,蝮,5415,螋,1
5404,蝰,5356,蛲,1
5404,蝰,6390,锂,1
5405,蝴,5383,蜩,1
5405,蝴,5411,螂,1
5406,蝶,892,喋,1
5406,蝶,1949,惬,1
5406,蝶,5389,蜾,1
5406,蝶,5410,蝾,1
5406,蝶,5448,蠓,1
5408,蝼,5417,螓,1
5409,蝽,5424,螬,1
5409,蝽,5438,蟛,1
5409,蝽,5439,蟠,1
5410,蝾,4593,缲,1
5410,蝾,5417,螓,1
5411,螂,2777,榔,1
5411,螂,5297,虫,1
5412,螃,1151,塆,1
5412,螃,3402,烤,1
5412,螃,5399,蝠,1
5412,螃,5418,螗,1
5412,螃,5442,蟮,1
5414,螈,5356,蛲,1
5415,螋,6815,馊,1
5416,融,6223,酷,1
5419,螟,5397,蝗,1
5421,螣,1153,塍,1
5421,螣,4844,腾,1
5425,螭,5374,蜗,1
5425,螭,5399,蝠,1
5425,螭,5412,螃,1
5425,螭,5422,螨,1
5428,螵,5406,蝶,1
5429,螺,5367,蜉,1
5429,螺,5400,蝣,1
5430,螽,5433,蟊,1
5431,蟀,1119,埠,1
5431,蟀,5358,蛴,1
5431,蟀,5363,蜂,1
5431,蟀,5367,蜉,1
5431,蟀,5370,蜎,1
5431,蟀,5435,蟑,1
5431,蟀,5436,蟒,1
5431,蟀,6013,辞,1
5432,蟆,1361,嫫,1
5432,蟆,3517,犊,1
5432,蟆,5419,螟,1
5432,蟆,5427,螳,1
5432,蟆,5440,蟥,1
5434,蟋,1117,埝,1
5434,蟋,5356,蛲,1
5435,蟑,5345,蛘,1
5435,蟑,5404,蝰,1
5435,蟑,5431,蟀,1
5436,蟒,5410,蝾,1
5438,蟛,5436,蟒,1
5439,蟠,3466,燔,1
5439,蟠,5418,螗,1
5439,蟠,5442,蟮,1
5440,蟥,5379,蜡,1
5440,蟥,5422,螨,1
5440,蟥,5908,踱,1
5441,蟪,5413,螅,1
5443,蟹,2004,懈,1
5443,蟹,3677,琶,1
5443,蟹,5353,蛮,1
5443,蟹,6975,鲪,1
5443,蟹,7162,鼾,1
5447,蠋,5386,蜴,1
5448,蠓,5450,蠖,1
5448,蠓,5451,蠛,1
5449,蠕,1369,孀,1
5449,蠕,5395,蝎,1
5449,蠕,5418,螗,1
5455,蠹,998,囔,1
5457,血,257,俚,1
5457,血,1004,囟,1
5457,血,3908,皿,1
5457,血,5550,西,1
5459,衅,445,凼,1
5459,衅,3766,畔,1
5459,衅,6962,鲜,1
5460,行,124,仍,1
5460,行,1776,彳,1
5460,行,2401,方,1
5460,行,2978,沂,1
5460,行,4457,纣,1
5460,行,4458,纤,1
5460,行,4482,纾,1
5460,行,5596,订,1
5460,行,5622,访,1
5461,衍,2290,搿,1
5461,衍,4506,绗,1
5461,衍,5465,衡,1
5462,衔,281,倒,1
5462,衔,5464,衙,1
5462,衔,5465,衡,1
5463,街,3320,澍,1
5463,街,5461,衍,1
5464,衙,5466,衢,1
5465,衡,253,俐,1
5465,衡,1878,恒,1
5465,衡,5464,衙,1
5467,衣,83,云,1
5467,衣,384,兹,1
5467,衣,402,农,1
5467,衣,1201,夜,1
5467,衣,1680,庇,1
5467,衣,1687,应,1
5467,衣,3357,灰,1
5467,衣,3358,灵,1
5467,衣,4128,礻,1
5467,衣,4740,肩,1
5467,衣,4928,良,1
5467,衣,5468,衤,1
5467,衣,6503,长,1
5468,衤,2944,永,1
5468,衤,3098,浐,1
5468,衤,4128,礻,1
5469,补,4915,船,1
5469,补,5473,衬,1
5469,补,5499,袱,1
5469,补,6555,队,1
5470,表,1688,底,1
5470,表,3358,灵,1
5470,表,4029,砉,1
5470,表,4638,羲,1
5470,表,5481,袁,1
5470,表,6019,辰,1
5470,表,7113,麦,1
5471,衩,4133,祃,1
5471,衩,6289,钗,1
5471,衩,6300,钢,1
5472,衫,1766,形,1
5472,衫,4028,砂,1
5472,衫,4129,礼,1
5475,衰,360,光,1
5475,衰,5509,裒,1
5476,衲,2588,枘,1
5476,衲,5490,袖,1
5476,衲,5753,豹,1
5477,衷,362,免,1
5477,衷,1704,庶,1
5477,衷,5470,表,1
5477,衷,5522,裳,1
5477,衷,5525,裹,1
5477,衷,5544,襄,1
5478,衽,4130,社,1
5479,衾,7183,龛,1
5481,袁,636,去,1
5481,袁,1820,志,1
5481,袁,3479,爱,1
5481,袁,5494,袤,1
5481,袁,5522,裳,1
5481,袁,5811,赏,1
5482,袂,4144,祝,1
5482,袂,5685,谀,1
5483,袄,2979,沃,1
5483,袄,5482,袂,1
5483,袄,5492,袜,1
5484,袅,5746,象,1
5486,袈,6849,驾,1
5487,袋,3379,炭,1
5487,袋,5504,装,1
5487,袋,5514,裟,1
5487,袋,5787,贷,1
5488,袍,1771,彪,1
5488,袍,3539,狍,1
5488,袍,4131,祀,1
5488,袍,5490,袖,1
5488,袍,5558,视,1
5489,袒,189,但,1
5489,袒,2846,欲,1
5489,袒,3561,狸,1
5489,袒,4144,祝,1
5489,袒,4490,细,1
5490,袖,4472,纳,1
5490,袖,5327,蚰,1
5490,袖,5489,袒,1
5490,袖,5496,被,1
5490,袖,5518,裥,1
5491,袗,5472,衫,1
5491,袗,5511,裕,1
5492,袜,4068,硖,1
5492,袜,4187,秣,1
5492,袜,5482,袂,1
5492,袜,5483,袄,1
5492,袜,5493,袢,1
5492,袜,5521,裱,1
5492,袜,5535,褛,1
5492,袜,6319,钵,1
5494,袤,5268,藁,1
5494,袤,5525,裹,1
5495,袪,4040,砝,1
5496,被,1695,废,1
5496,被,1780,彼,1
5496,被,3905,皱,1
5496,被,5471,衩,1
5496,被,5648,诚,1
5497,袭,1183,壤,1
5497,袭,4056,砻,1
5497,袭,4982,苌,1
5497,袭,5183,蒈,1
5497,袭,5486,袈,1
5497,袭,5512,裘,1
5497,袭,7182,龚,1
5498,袯,3052,泼,1
5499,袱,3061,洑,1
5499,袱,4072,硪,1
5499,袱,5558,视,1
5499,袱,5870,跗,1
5500,袷,5511,裕,1
5500,袷,5516,裣,1
5500,袷,5669,诰,1
5501,袼,5491,袗,1
5501,袼,5511,裕,1
5502,裁,532,势,1
5502,裁,2025,或,1
5502,裁,2035,截,1
5502,裁,2662,栽,1
5502,裁,5098,莪,1
5502,裁,5270,藏,1
5502,裁,5981,载,1
5502,裁,6189,鄱,1
5503,裂,1406,完,1
5503,裂,6526,闿,1
5503,裂,7114,麴,1
5504,装,1320,婆,1
5504,装,1870,怼,1
5504,装,1995,憖,1
5504,装,3728,瓷,1
5505,裆,2800,槠,1
5505,裆,4154,祲,1
5505,裆,5508,裎,1
5505,裆,5533,褙,1
5505,裆,5534,褚,1
5506,裈,5662,诨,1
5506,裈,5993,辉,1
5507,裉,1787,很,1
5507,裉,1887,恨,1
5508,裎,6387,铿,1
5509,裒,789,哀,1
5509,裒,5475,衰,1
5510,裔,6902,高,1
5511,裕,3117,浴,1
5511,裕,4055,砺,1
5511,裕,5501,袼,1
5512,裘,5487,袋,1
5512,裘,5497,袭,1
5513,裙,295,倪,1
5513,裙,4518,绣,1
5513,裙,4557,缌,1
5516,裣,5541,褴,1
5517,裤,2784,榫,1
5517,裤,4036,砗,1
5517,裤,5515,裢,1
5517,裤,6229,醅,1
5518,裥,3142,涧,1
5522,裳,402,农,1
5522,裳,3089,浆,1
5522,裳,5211,蓖,1
5522,裳,5283,蘘,1
5522,裳,5455,蠹,1
5522,裳,5514,裟,1
5522,裳,5811,赏,1
5522,裳,7121,黉,1
5523,裴,5376,蜚,1
5523,裴,5486,袈,1
5523,裴,7149,鼗,1
5524,裸,1794,徕,1
5524,裸,4210,稞,1
5524,裸,4270,竭,1
5524,裸,5683,课,1
5525,裹,107,亵,1
5525,裹,5475,衰,1
5526,裼,324,傍,1
5527,裾,4269,竦,1
5527,裾,5513,裙,1
5528,褂,5643,试,1
5529,褊,309,偏,1
5529,褊,4566,编,1
5529,褊,5513,裙,1
5529,褊,5713,谝,1
5530,褐,1937,惕,1
5530,褐,4167,禤,1
5530,褐,4421,糈,1
5530,褐,5529,褊,1
5531,褒,5509,裒,1
5531,褒,5522,裳,1
5533,褙,252,俏,1
5533,褙,5700,谐,1
5535,褛,4155,祷,1
5535,褛,4689,耧,1
5537,褥,322,傅,1
5537,褥,430,凝,1
5537,褥,4188,秤,1
5537,褥,5539,褫,1
5537,褥,5549,襻,1
5537,褥,6496,镰,1
5538,褪,5488,袍,1
5538,褪,5507,裉,1
5539,褫,2411,旎,1
5539,褫,3594,獍,1
5539,褫,5541,褴,1
5540,褰,1433,宸,1
5542,褶,5488,袍,1
5542,褶,5513,裙,1
5542,褶,5539,褫,1
5542,褶,5700,谐,1
5543,襁,5542,褶,1
5543,襁,6491,镪,1
5544,襄,5474,衮,1
5544,襄,5494,袤,1
5544,襄,5525,裹,1
5544,襄,6915,鬟,1
5545,襕,3322,澜,1
5546,襞,3735,甓,1
5547,襟,1394,孵,1
5547,襟,4082,碍,1
5547,襟,4157,祺,1
5547,襟,5492,袜,1
5547,襟,5535,褛,1
5547,襟,5536,褡,1
5548,襦,5543,襁,1
5548,襦,5890,跻,1
5549,襻,2303,摩,1
5549,襻,4371,篷,1
5549,襻,5548,襦,1
5550,西,453,切,1
5550,西,562,匜,1
5550,西,791,哂,1
5550,西,1001,四,1
5550,西,3019,泅,1
5550,西,3891,百,1
5550,西,5457,血,1
5550,西,6195,酋,1
5550,西,6201,酒,1
5551,要,1095,垩,1
5551,要,1263,妥,1
5551,要,1273,妾,1
5551,要,1281,委,1
5551,要,1302,娈,1
5551,要,1305,娑,1
5551,要,1317,娶,1
5551,要,1430,宴,1
5551,要,2029,戛,1
5551,要,5150,萝,1
5551,要,6650,霎,1
5552,覃,3307,潭,1
5553,覆,6655,霞,1
5553,覆,6661,霹,1
5554,见,1848,怎,1
5554,见,3487,爿,1
5554,见,3753,电,1
5554,见,6760,风,1
5555,观,1767,彤,1
5555,观,3626,现,1
5556,规,2596,枧,1
5556,规,2599,枫,1
5556,规,3626,现,1
5557,觅,362,免,1
5557,觅,606,危,1
5557,觅,1399,它,1
5557,觅,2925,氘,1
5557,觅,4668,老,1
5557,觅,5771,货,1
5558,视,4038,砚,1
5558,视,4068,硖,1
5558,视,5489,袒,1
5558,视,5759,貌,1
5560,览,362,免,1
5560,览,5771,货,1
5560,览,6259,鉴,1
5560,览,6640,雹,1
5561,觉,360,光,1
5561,觉,736,员,1
5561,觉,1222,奄,1
5561,觉,5673,说,1
5561,觉,5790,贺,1
5563,觋,3610,玑,1
5563,觋,3725,瓯,1
5564,觌,4252,窥,1
5568,觑,6942,鲃,1
5569,角,598,卤,1
5569,角,1518,岁,1
5569,角,1527,岗,1
5569,角,6519,闸,1
5569,角,6935,鱼,1
5571,觚,6966,鲡,1
5573,觞,4493,绉,1
5574,解,1198,外,1
5574,解,6131,邡,1
5574,解,6329,钿,1
5574,解,6434,锯,1
5574,解,6798,饷,1
5574,解,6944,鲆,1
5574,解,7075,鹐,1
5575,觥,2388,斛,1
5575,觥,4558,缍,1
5576,触,4906,舯,1
5576,触,4913,舷,1
5576,触,5490,袖,1
5576,触,5575,觥,1
5576,触,6945,鲇,1
5576,触,7156,鼯,1
5577,觫,4269,竦,1
5578,觯,4593,缲,1
5579,觱,4356,篇,1
5580,觳,6920,鬻,1
5581,言,709,含,1
5581,言,713,启,1
5581,言,879,啻,1
5581,言,886,善,1
5581,言,2404,旁,1
5581,言,3605,玄,1
5581,言,4890,舍,1
5581,言,6710,音,1
5582,訄,1339,媪,1
5582,訄,1497,屉,1
5582,訄,3432,煊,1
5584,訾,4044,砦,1
5584,訾,6871,骘,1
5585,詈,4618,署,1
5586,詹,1570,崖,1
5586,詹,2930,氡,1
5586,詹,3789,疗,1
5586,詹,5281,蘑,1
5587,誉,886,善,1
5587,誉,898,喜,1
5587,誉,4672,耆,1
5587,誉,5586,詹,1
5588,誊,1237,奢,1
5588,誊,3959,眷,1
5588,誊,5586,詹,1
5588,誊,6877,骞,1
5589,誓,58,乓,1
5589,誓,822,哲,1
5589,誓,4146,祟,1
5591,謦,4601,罄,1
5591,謦,5584,訾,1
5591,謦,5592,警,1
5592,警,1748,弩,1
5592,警,4492,终,1
5592,警,5220,蓼,1
5592,警,5264,薯,1
5592,警,5285,蘩,1
5592,警,5591,謦,1
5593,譬,1165,境,1
5593,譬,4125,礳,1
5593,譬,6910,髻,1
5594,讠,1676,广,1
5595,计,1725,廾,1
5595,计,5597,讣,1
5595,计,5643,试,1
5595,计,6128,邙,1
5596,订,116,仃,1
5596,订,3609,玎,1
5596,订,5601,讧,1
5596,订,6504,门,1
5597,讣,2987,沐,1
5597,讣,5595,计,1
5597,讣,5599,讥,1
5598,认,125,从,1
5598,认,1672,幺,1
5598,认,2952,汉,1
5599,讥,121,仉,1
5599,讥,2958,汛,1
5599,讥,2977,沁,1
5599,讥,2990,沘,1
5599,讥,3019,泅,1
5599,讥,5606,训,1
5599,讥,5609,记,1
5599,讥,5620,讽,1
5599,讥,5653,诟,1
5600,讦,4458,纤,1
5600,讦,5595,计,1
5600,讦,5614,讶,1
5601,讧,3038,注,1
5602,讨,132,付,1
5603,让,23,丝,1
5603,让,410,冰,1
5603,让,2950,汇,1
5605,讫,2975,汽,1
5605,讫,2982,沆,1
5605,讫,3622,玩,1
5606,训,461,列,1
5606,训,1037,圳,1
5606,训,1608,州,1
5606,训,3076,洲,1
5606,训,4454,纠,1
5606,训,5622,访,1
5606,训,6283,钏,1
5607,议,118,仅,1
5607,议,138,代,1
5607,议,5621,设,1
5608,讯,3626,现,1
5608,讯,3749,田,1
5608,讯,5610,讲,1
5608,讯,5620,讽,1
5608,讯,5623,诀,1
5609,记,352,儿,1
5609,记,1034,圮,1
5609,记,2982,沆,1
5609,记,3034,泡,1
5609,记,5599,讥,1
5609,记,5601,讧,1
5609,记,5605,讫,1
5609,记,5618,论,1
5609,记,5624,证,1
5610,讲,1047,坍,1
5610,讲,2960,汝,1
5610,讲,5649,诛,1
5611,讳,3002,沩,1
5611,讳,3624,玮,1
5611,讳,5666,语,1
5612,讴,2967,汩,1
5613,讵,5641,诓,1
5614,讶,1681,床,1
5614,讶,2965,汤,1
5614,讶,2981,沅,1
5614,讶,3009,河,1
5614,讶,4311,筑,1
5614,讶,6036,迕,1
5615,讷,5598,认,1
5615,讷,5620,讽,1
5616,许,2974,汹,1
5616,许,3038,注,1
5616,许,4458,纤,1
5616,许,4558,缍,1
5616,许,5611,讳,1
5616,许,5631,诉,1
5617,讹,2990,沘,1
5617,讹,3085,派,1
5617,讹,4469,纰,1
5617,讹,4477,纸,1
5617,讹,6558,阪,1
5618,论,2097,抡,1
5618,论,2860,此,1
5618,论,3007,沱,1
5618,论,3117,浴,1
5618,论,3120,浼,1
5618,论,4009,矜,1
5618,论,5603,让,1
5618,论,5619,讼,1
5618,论,5651,话,1
5619,讼,701,吟,1
5619,讼,3082,活,1
5619,讼,3717,瓜,1
5619,讼,5622,访,1
5619,讼,5659,该,1
5620,讽,4471,纲,1
5620,讽,5633,诋,1
5620,讽,5688,调,1
5620,讽,6506,闪,1
5621,设,2355,改,1
5621,设,2356,攻,1
5621,设,2362,敌,1
5621,设,2953,汊,1
5621,设,3091,浈,1
5621,设,4461,级,1
5621,设,5471,衩,1
5621,设,5472,衫,1
5621,设,5629,识,1
5621,设,5634,诌,1
5621,设,5640,诒,1
5622,访,1045,坊,1
5622,访,3794,疠,1
5622,访,4508,给,1
5622,访,5611,讳,1
5622,访,5614,讶,1
5622,访,5619,讼,1
5622,访,5645,诗,1
5622,访,5651,话,1
5622,访,5653,诟,1
5623,诀,3072,洪,1
5623,诀,5482,袂,1
5624,证,1088,垠,1
5624,证,2124,拒,1
5624,证,2997,沤,1
5624,证,3820,症,1
5624,证,5603,让,1
5624,证,5612,讴,1
5625,诂,5640,诒,1
5625,诂,5651,话,1
5626,诃,196,何,1
5626,诃,3633,珂,1
5627,评,2996,沣,1
5627,评,3053,泽,1
5627,评,5630,诈,1
5627,评,5660,详,1
5627,评,6255,野,1
5628,诅,1062,坦,1
5628,诅,3039,泪,1
5628,诅,4494,绊,1
5628,诅,5620,讽,1
5628,诅,5694,谊,1
5628,诅,6046,迥,1
5628,诅,6566,阻,1
5629,识,23,丝,1
5629,识,1056,坝,1
5629,识,2983,沈,1
5629,识,3090,浇,1
5629,识,3621,玦,1
5629,识,5619,讼,1
5629,识,5621,设,1
5629,识,5646,诘,1
5629,识,5685,谀,1
5630,诈,1090,垢,1
5630,诈,2453,昨,1
5630,诈,3058,洋,1
5630,诈,3064,洙,1
5630,诈,4534,维,1
5630,诈,5597,讣,1
5630,诈,5710,谚,1
5631,诉,178,伯,1
5631,诉,1073,坼,1
5631,诉,2954,汐,1
5631,诉,2998,沥,1
5631,诉,3032,泞,1
5631,诉,5599,讥,1
5631,诉,5653,诟,1
5631,诉,6033,近,1
5632,诊,2976,汾,1
5632,诊,2989,沔,1
5632,诊,5631,诉,1
5632,诊,6990,鲹,1
5633,诋,3042,泯,1
5633,诋,3635,珉,1
5633,诋,5614,讶,1
5634,诌,224,侈,1
5634,诌,2988,沓,1
5634,诌,4728,肖,1
5634,诌,5708,谘,1
5635,词,687,同,1
5635,词,2951,汈,1
5635,词,3017,泃,1
5635,词,4147,祠,1
5635,词,5634,诌,1
5635,词,5656,询,1
5635,词,6507,闫,1
5635,词,6509,问,1
5635,词,6538,阋,1
5636,诎,5654,诠,1
5636,诎,5670,诱,1
5636,诎,6794,饳,1
5637,诏,1062,坦,1
5637,诏,5666,语,1
5638,诐,3631,玻,1
5639,译,213,佯,1
5639,译,3122,涅,1
5639,译,4149,祥,1
5639,译,4498,绎,1
5639,译,5627,评,1
5639,译,5662,诨,1
5639,译,5692,谇,1
5640,诒,4500,绐,1
5640,诒,5625,诂,1
5641,诓,3080,洹,1
5641,诓,4522,继,1
5642,诔,3004,沫,1
5642,诔,3183,渍,1
5642,诔,5699,谏,1
5643,试,2382,斌,1
5643,试,5602,讨,1
5643,试,5664,诫,1
5644,诖,5654,诠,1
5645,诗,323,傈,1
5645,诗,3109,浡,1
5645,诗,3113,浩,1
5645,诗,3132,涛,1
5645,诗,3175,淳,1
5645,诗,4503,结,1
5645,诗,5630,诈,1
5645,诗,5658,诤,1
5646,诘,5679,诺,1
5647,诙,3048,泷,1
5647,诙,5631,诉,1
5647,诙,5646,诘,1
5647,诙,5693,谈,1
5648,诚,1108,城,1
5648,诚,1118,域,1
5648,诚,3048,泷,1
5648,诚,3094,测,1
5648,诚,3181,渊,1
5648,诚,4550,缄,1
5649,诛,1794,徕,1
5649,诛,2725,棨,1
5649,诛,3004,沫,1
5649,诛,3068,洣,1
5649,诛,5623,诀,1
5649,诛,5642,诔,1
5649,诛,5650,诜,1
5650,诜,418,冼,1
5650,诜,2990,沘,1
5650,诜,4505,绕,1
5650,诜,5681,诼,1
5651,话,2964,污,1
5651,话,3015,沾,1
5651,话,3709,璠,1
5651,话,5625,诂,1
5651,话,5633,诋,1
5651,话,5734,谳,1
5652,诞,2992,沚,1
5652,诞,3022,泌,1
5652,诞,3107,浞,1
5652,诞,3139,涣,1
5652,诞,3230,源,1
5652,诞,3651,珽,1
5652,诞,5538,褪,1
5652,诞,5624,证,1
5652,诞,6043,迟,1
5653,诟,3230,源,1
5653,诟,5650,诜,1
5654,诠,3170,淦,1
5654,诠,5653,诟,1
5655,诡,180,伲,1
5655,诡,3279,漉,1
5655,诡,3294,漹,1
5656,询,1459,寻,1
5656,询,3009,河,1
5656,询,3141,润,1
5656,询,3191,渝,1
5656,询,3209,湎,1
5656,询,3644,珣,1
5656,询,3755,甸,1
5656,询,5626,诃,1
5656,询,5674,诵,1
5656,询,6509,问,1
5656,询,6518,闷,1
5657,诣,284,倘,1
5657,诣,3013,沼,1
5657,诣,3021,泊,1
5657,诣,3060,洎,1
5657,诣,3115,浮,1
5657,诣,3123,消,1
5657,诣,3154,淄,1
5657,诣,3216,湝,1
5657,诣,3258,滔,1
5657,诣,3702,璋,1
5657,诣,5359,蛸,1
5657,诣,5646,诘,1
5657,诣,5693,谈,1
5657,诣,5709,谙,1
5658,诤,3170,淦,1
5658,诤,4482,纾,1
5658,诤,5519,裨,1
5659,该,783,咳,1
5659,该,1388,孩,1
5659,该,2975,汽,1
5659,该,3040,泫,1
5660,详,1788,徉,1
5660,详,3038,注,1
5660,详,3053,泽,1
5660,详,3825,痒,1
5660,详,4530,绰,1
5660,详,5345,蛘,1
5660,详,5616,许,1
5660,详,5627,评,1
5660,详,5634,诌,1
5660,详,5639,译,1
5660,详,5662,诨,1
5661,诧,2097,抡,1
5661,诧,3038,注,1
5661,诧,3186,渑,1
5661,诧,4475,纶,1
5661,诧,5336,蛇,1
5661,诧,5605,讫,1
5662,诨,420,净,1
5662,诨,3650,珲,1
5662,诨,5506,裈,1
5663,诩,3099,浑,1
5663,诩,3893,的,1
5664,诫,427,减,1
5664,诫,4502,绒,1
5664,诫,5643,试,1
5664,诫,5695,谋,1
5665,诬,410,冰,1
5665,诬,1616,巫,1
5665,诬,3022,泌,1
5665,诬,3194,渣,1
5665,诬,5624,证,1
5666,语,1155,塔,1
5666,语,1746,弦,1
5666,语,2980,沄,1
5666,语,3081,洺,1
5666,语,3113,浩,1
5666,语,3145,涪,1
5666,语,3229,溏,1
5666,语,5622,访,1
5666,语,6383,铻,1
5667,诮,1169,墒,1
5667,诮,3128,涓,1
5667,诮,3159,淌,1
5667,诮,4516,绡,1
5667,诮,5645,诗,1
5667,诮,5663,诩,1
5667,诮,5709,谙,1
5667,诮,6388,销,1
5668,误,244,侯,1
5668,误,3131,涘,1
5668,误,3224,溃,1
5668,误,5659,该,1
5669,诰,3123,消,1
5669,诰,5646,诘,1
5670,诱,151,任,1
5670,诱,3130,涕,1
5670,诱,3145,涪,1
5670,诱,3301,潘,1
5670,诱,3655,琇,1
5670,诱,4518,绣,1
5670,诱,5700,谐,1
5670,诱,6071,透,1
5670,诱,6091,逶,1
5671,诲,2410,旌,1
5671,诲,3008,沲,1
5671,诲,3011,油,1
5671,诲,3062,洒,1
5671,诲,3636,珊,1
5671,诲,4555,缉,1
5671,诲,5689,谄,1
5672,诳,5669,诰,1
5673,说,3063,洗,1
5673,说,3114,浪,1
5673,说,4144,祝,1
5673,说,4153,祯,1
5673,说,4499,经,1
5673,说,4505,绕,1
5673,说,5659,该,1
5673,说,5715,谠,1
5674,诵,254,俑,1
5674,诵,270,俯,1
5674,诵,3159,淌,1
5674,诵,3830,痛,1
5674,诵,4517,绢,1
5674,诵,4551,缅,1
5674,诵,5631,诉,1
5674,诵,5667,诮,1
5674,诵,5731,谰,1
5675,诶,261,俟,1
5675,诶,4267,竣,1
5675,诶,5668,误,1
5675,诶,5672,诳,1
5676,请,294,倩,1
5676,请,3315,潽,1
5676,请,3336,濞,1
5676,请,4092,碡,1
5676,请,4487,练,1
5676,请,4525,绪,1
5676,请,4531,绱,1
5676,请,4555,缉,1
5676,请,5725,谪,1
5676,请,6410,锖,1
5677,诸,279,倍,1
5677,诸,3251,滃,1
5677,诸,4525,绪,1
5677,诸,5709,谙,1
5677,诸,6665,靖,1
5678,诹,301,倻,1
5678,诹,3318,澉,1
5678,诹,5675,诶,1
5679,诺,3113,浩,1
5679,诺,5732,谱,1
5679,诺,6412,锘,1
5680,读,2743,椟,1
5680,读,3040,泫,1
5680,读,3250,滂,1
5680,读,3327,澴,1
5680,读,5675,诶,1
5681,诼,5678,诹,1
5682,诽,864,啡,1
5682,诽,6668,非,1
5683,课,298,倮,1
5683,课,3041,泮,1
5683,课,3069,津,1
5683,课,3102,浔,1
5683,课,3160,淏,1
5683,课,5524,裸,1
5683,课,5649,诛,1
5683,课,5660,详,1
5683,课,5695,谋,1
5683,课,6808,馃,1
5684,诿,297,倭,1
5684,诿,5670,诱,1
5684,诿,5671,诲,1
5684,诿,5681,诼,1
5685,谀,4888,舆,1
5685,谀,5650,诜,1
5685,谀,5684,诿,1
5685,谀,6815,馊,1
5686,谁,2410,旌,1
5686,谁,3141,润,1
5686,谁,3196,渥,1
5686,谁,3299,潍,1
5686,谁,5617,讹,1
5686,谁,5630,诈,1
5686,谁,5641,诓,1
5686,谁,5694,谊,1
5687,谂,1805,德,1
5687,谂,3085,派,1
5687,谂,3144,涩,1
5687,谂,5685,谀,1
5688,调,425,凋,1
5688,调,1293,姻,1
5688,调,2986,沏,1
5688,调,3136,涠,1
5688,调,4538,绸,1
5688,调,5683,课,1
5689,谄,306,偈,1
5689,谄,5634,诌,1
5690,谅,2224,掠,1
5690,谅,3032,泞,1
5690,谅,3175,淳,1
5690,谅,3278,漆,1
5690,谅,3332,濂,1
5690,谅,3567,猄,1
5690,谅,3678,琼,1
5690,谅,4542,综,1
5691,谆,256,俘,1
5691,谆,1376,存,1
5691,谆,1378,孚,1
5691,谆,5645,诗,1
5691,谆,6471,镖,1
5693,谈,282,倓,1
5693,谈,428,凑,1
5693,谈,3055,洁,1
5693,谈,3215,湜,1
5693,谈,5136,菼,1
5693,谈,5650,诜,1
5693,谈,5673,说,1
5693,谈,5715,谠,1
5693,谈,6555,队,1
5694,谊,3201,渲,1
5694,谊,3282,演,1
5694,谊,4534,维,1
5694,谊,5720,谥,1
5694,谊,6033,近,1
5695,谋,104,亮,1
5695,谋,2650,栗,1
5695,谋,3099,浑,1
5695,谋,3236,溥,1
5695,谋,3238,溧,1
5695,谋,3297,潇,1
5695,谋,5683,课,1
5695,谋,5699,谏,1
5695,谋,5914,蹀,1
5697,谍,259,保,1
5697,谍,1795,得,1
5697,谍,3686,瑛,1
5697,谍,5693,谈,1
5698,谎,1980,慌,1
5698,谎,4091,碟,1
5699,谏,4527,续,1
5700,谐,284,倘,1
5700,谐,400,写,1
5700,谐,2414,旖,1
5700,谐,3894,皆,1
5700,谐,4567,缗,1
5700,谐,5657,诣,1
5700,谐,5667,诮,1
5702,谒,3137,涡,1
5702,谒,3197,温,1
5702,谒,3266,满,1
5702,谒,5671,诲,1
5702,谒,5722,谧,1
5703,谓,3128,涓,1
5703,谓,3206,湄,1
5703,谓,3680,瑁,1
5703,谓,4270,竭,1
5703,谓,5688,调,1
5704,谔,332,傺,1
5706,谖,4563,缓,1
5707,谗,3103,浕,1
5707,谗,3187,渔,1
5707,谗,3268,滤,1
5707,谗,5631,诉,1
5708,谘,278,倌,1
5708,谘,775,咨,1
5708,谘,6800,饹,1
5709,谙,289,借,1
5709,谙,2252,揞,1
5709,谙,3180,清,1
5709,谙,5711,谛,1
5709,谙,5732,谱,1
5710,谚,1768,彦,1
5710,谚,5622,访,1
5711,谛,880,啼,1
5711,谛,1644,帝,1
5711,谛,5708,谘,1
5712,谜,313,健,1
5712,谜,3293,漶,1
5712,谜,4522,继,1
5712,谜,5649,诛,1
5712,谜,5652,诞,1
5712,谜,5685,谀,1
5712,谜,5735,谴,1
5713,谝,4566,编,1
5715,谠,5673,说,1
5716,谡,5706,谖,1
5717,谢,3204,渺,1
5717,谢,3331,激,1
5717,谢,4729,肘,1
5718,谣,374,六,1
5718,谣,3258,滔,1
5718,谣,3293,漶,1
5718,谣,5654,诠,1
5719,谤,1604,巉,1
5719,谤,2275,搒,1
5719,谤,3222,湾,1
5719,谤,3235,溢,1
5719,谤,3337,濠,1
5719,谤,5670,诱,1
5719,谤,5693,谈,1
5719,谤,5710,谚,1
5719,谤,6489,镨,1
5720,谥,302,值,1
5720,谥,4577,缢,1
5720,谥,5677,诸,1
5721,谦,386,兼,1
5721,谦,421,凄,1
5721,谦,3300,潏,1
5721,谦,3347,瀵,1
5721,谦,4387,簿,1
5722,谧,3235,溢,1
5722,谧,4547,缁,1
5722,谧,5720,谥,1
5723,谨,3083,洼,1
5723,谨,3314,潼,1
5724,谩,426,凌,1
5724,谩,3105,浚,1
5724,谩,3119,浸,1
5724,谩,3215,湜,1
5724,谩,5621,设,1
5724,谩,6822,馒,1
5724,谩,6863,骎,1
5725,谪,1356,嫡,1
5725,谪,3830,痛,1
5725,谪,4372,篼,1
5725,谪,5733,谲,1
5727,谬,3129,涔,1
5727,谬,6860,骋,1
5728,谭,3078,洴,1
5728,谭,3257,滓,1
5728,谭,3314,潼,1
5728,谭,3328,澶,1
5728,谭,3702,璋,1
5729,谮,341,僭,1
5730,谯,3293,漶,1
5730,谯,3668,琪,1
5731,谰,2002,憾,1
5731,谰,3141,润,1
5732,谱,2481,普,1
5732,谱,3944,看,1
5732,谱,4569,缙,1
5732,谱,5695,谋,1
5738,谷,114,仁,1
5738,谷,373,公,1
5738,谷,684,合,1
5738,谷,727,告,1
5738,谷,1420,客,1
5738,谷,1894,恰,1
5738,谷,4467,纭,1
5738,谷,7019,鳘,1
5740,豆,6,三,1
5740,豆,88,亘,1
5740,豆,380,兵,1
5740,豆,4878,至,1
5740,豆,5836,走,1
5743,豌,4514,统,1
5743,豌,6857,骇,1
5745,豚,3152,涿,1
5745,豚,4795,脉,1
5745,豚,4813,脲,1
5746,象,2929,氟,1
5746,象,4568,缘,1
5746,象,6902,高,1
5747,豢,2148,拳,1
5747,豢,3043,泰,1
5747,豢,4189,秦,1
5747,豢,4631,羞,1
5748,豨,4200,稀,1
5749,豪,102,京,1
5749,豪,989,嚎,1
5749,豪,1367,嬴,1
5749,豪,1644,帝,1
5750,豫,105,亲,1
5750,豫,1202,够,1
5750,豫,1432,家,1
5750,豫,3603,獴,1
5751,豳,5906,踮,1
5751,豳,6222,酶,1
5751,豳,6235,醐,1
5752,豸,1761,彖,1
5752,豸,2465,晋,1
5752,豸,3390,烀,1
5753,豹,5752,豸,1
5753,豹,5758,貊,1
5754,豺,6319,钵,1
5757,貉,4511,络,1
5757,貉,5755,貂,1
5758,貊,6741,颓,1
5759,貌,3569,猊,1
5759,貌,4144,祝,1
5759,貌,5760,貔,1
5759,貌,6308,钪,1
5762,贝,354,允,1
5762,贝,662,只,1
5762,贝,1485,尺,1
5762,贝,5554,见,1
5763,贞,363,兑,1
5763,贞,378,关,1
5763,贞,595,卡,1
5763,贞,736,员,1
5763,贞,1678,庄,1
5763,贞,2351,攴,1
5763,贞,5764,负,1
5764,负,94,亢,1
5764,负,362,免,1
5764,负,1221,奂,1
5764,负,5765,贡,1
5764,负,5797,赁,1
5765,贡,2052,手,1
5765,贡,5763,贞,1
5765,贡,5767,责,1
5765,贡,5782,贲,1
5766,财,541,勘,1
5766,财,1819,忖,1
5767,责,685,吉,1
5767,责,2437,昃,1
5767,责,5765,贡,1
5767,责,5782,贲,1
5767,责,5805,赉,1
5767,责,5821,赛,1
5768,贤,4753,肾,1
5768,贤,5560,览,1
5768,贤,5790,贺,1
5769,败,719,吹,1
5769,败,2361,敉,1
5769,败,3504,牧,1
5769,败,5773,贩,1
5769,败,5776,贬,1
5770,账,702,吠,1
5770,账,1634,帐,1
5770,账,5308,蚀,1
5770,账,5792,贼,1
5770,账,6770,飚,1
5770,账,6805,饿,1
5771,货,380,兵,1
5771,货,582,华,1
5771,货,3479,爱,1
5771,货,4365,篢,1
5771,货,5763,贞,1
5772,质,311,做,1
5772,质,2599,枫,1
5772,质,5764,负,1
5772,质,6590,陨,1
5772,质,6714,顶,1
5773,贩,649,取,1
5773,贩,719,吹,1
5774,贪,3920,盒,1
5775,贫,139,令,1
5775,贫,606,危,1
5775,贫,3911,盆,1
5775,贫,4285,笕,1
5775,贫,5764,负,1
5775,贫,5779,贯,1
5775,贫,5800,资,1
5776,贬,3393,烃,1
5776,贬,3952,眨,1
5776,贬,4566,编,1
5776,贬,5769,败,1
5776,贬,5778,贮,1
5777,购,5773,贩,1
5778,贮,5773,贩,1
5779,贯,736,员,1
5779,贯,1435,宽,1
5779,贯,5794,贾,1
5780,贰,5981,载,1
5781,贱,3987,瞍,1
5781,贱,4309,筏,1
5781,贱,5384,蜮,1
5781,贱,6790,饯,1
5782,贲,5767,责,1
5784,贴,2439,昉,1
5784,贴,5778,贮,1
5784,贴,5791,贻,1
5784,贴,5798,赂,1
5784,贴,5890,跻,1
5784,贴,6325,钻,1
5784,贴,6945,鲇,1
5784,贴,7038,鸩,1
5785,贵,1593,嵩,1
5785,贵,3916,盎,1
5785,贵,5779,贯,1
5785,贵,5789,费,1
5786,贶,1837,忾,1
5786,贶,3371,炕,1
5787,贷,3442,煲,1
5787,贷,5797,赁,1
5788,贸,333,傻,1
5788,贸,697,吗,1
5788,贸,3767,留,1
5788,贸,5796,赀,1
5789,费,3382,炱,1
5789,费,4393,类,1
5789,费,5320,蚤,1
5789,费,5767,责,1
5789,费,5782,贲,1
5790,贺,5789,费,1
5790,贺,5800,资,1
5790,贺,5825,赟,1
5790,贺,6849,驾,1
5792,贼,5361,蛾,1
5792,贼,5980,轼,1
5792,贼,6805,饿,1
5793,贽,3424,焚,1
5793,贽,5790,贺,1
5793,贽,5824,赞,1
5794,贾,2517,曹,1
5794,贾,5774,贪,1
5794,贾,5779,贯,1
5794,贾,5790,贺,1
5794,贾,5809,赍,1
5795,贿,1910,悔,1
5795,贿,2479,晦,1
5795,贿,3070,洧,1
5795,贿,3446,煽,1
5795,贿,4198,秽,1
5795,贿,4662,翰,1
5797,赁,300,债,1
5797,赁,3676,琵,1
5797,赁,5771,货,1
5797,赁,5772,质,1
5797,赁,5783,贳,1
5797,赁,5793,贽,1
5797,赁,6724,颀,1
5798,赂,5784,贴,1
5798,赂,7131,黟,1
5799,赃,867,啦,1
5799,赃,1289,姥,1
5799,赃,3371,炕,1
5799,赃,4799,脏,1
5799,赃,5784,贴,1
5800,资,775,咨,1
5800,资,3360,灸,1
5800,资,4329,筼,1
5800,资,5774,贪,1
5802,赆,3408,烬,1
5802,赆,4014,矩,1
5805,赉,5767,责,1
5806,赊,2448,昝,1
5806,赊,5369,蜍,1
5806,赊,5448,蠓,1
5806,赊,5738,谷,1
5806,赊,5798,赂,1
5807,赋,715,吲,1
5807,赋,5384,蜮,1
5807,赋,6805,饿,1
5808,赌,3460,熵,1
5809,赍,5785,贵,1
5811,赏,245,侵,1
5811,赏,1435,宽,1
5811,赏,2409,旋,1
5811,赏,5789,费,1
5811,赏,5800,资,1
5811,赏,6952,鲎,1
5812,赐,1587,嵎,1
5812,赐,4271,端,1
5812,赐,4282,笏,1
5812,赐,5395,蝎,1
5812,赐,5777,购,1
5814,赓,1692,庚,1
5815,赔,1394,孵,1
5815,赔,5367,蜉,1
5815,赔,5806,赊,1
5815,赔,7074,鹏,1
5816,赕,4872,臜,1
5817,赖,2569,杭,1
5817,赖,3612,玖,1
5817,赖,5325,蚬,1
5817,赖,5967,软,1
5817,赖,6690,鞘,1
5818,赘,5824,赞,1
5818,赘,6733,颉,1
5820,赚,4578,缣,1
5821,赛,1157,塞,1
5821,赛,5377,蜜,1
5821,赛,5767,责,1
5821,赛,5805,赉,1
5821,赛,6637,雳,1
5824,赞,5790,贺,1
5824,赞,5818,赘,1
5826,赠,974,噜,1
5827,赡,5418,螗,1
5828,赢,510,劂,1
5830,赤,22,东,1
5830,赤,816,哧,1
5830,赤,1376,存,1
5830,赤,1474,尜,1
5830,赤,1672,幺,1
5830,赤,2052,手,1
5830,赤,2961,汞,1
5831,赦,305,假,1
5831,赦,653,叛,1
5831,赦,2361,敉,1
5831,赦,2364,救,1
5831,赦,2366,敖,1
5831,赦,2367,教,1
5831,赦,2368,敛,1
5831,赦,2369,敝,1
5831,赦,2372,散,1
5831,赦,2847,欷,1
5831,赦,5832,赧,1
5831,赦,6622,雅,1
5832,赧,5831,赦,1
5832,赧,5994,辊,1
5834,赫,4686,耢,1
5834,赫,5073,荪,1
5834,赫,5190,蒜,1
5834,赫,5835,赭,1
5834,赫,6010,辚,1
5834,赫,6690,鞘,1
5834,赫,6704,韨,1
5834,赫,6705,韩,1
5834,赫,6858,骈,1
5836,走,14,专,1
5836,走,651,变,1
5836,走,1228,奏,1
5836,走,1692,庚,1
5836,走,2350,支,1
5836,走,3782,疋,1
5836,走,6041,违,1
5836,走,7113,麦,1
5837,赳,490,剌,1
5837,赳,2646,树,1
5837,赳,6922,魁,1
5838,赴,1296,威,1
5838,赴,1724,建,1
5838,赴,5603,让,1
5838,赴,5839,赵,1
5839,赵,23,丝,1
5839,赵,5838,赴,1
5839,赵,5845,越,1
5839,赵,6112,遨,1
5840,赶,5839,赵,1
5841,起,3452,熙,1
5841,起,6047,迦,1
5841,起,6745,题,1
5842,趁,1773,彭,1
5842,趁,3458,熬,1
5842,趁,6071,透,1
5842,趁,7040,鸫,1
5844,超,5845,越,1
5844,超,6037,还,1
5844,超,7041,鸬,1
5845,越,2708,械,1
5845,越,2913,毽,1
5845,越,5863,跋,1
5845,越,6927,魆,1
5845,越,7141,黼,1
5846,趋,1999,憩,1
5846,趋,3458,熬,1
5846,趋,4573,缝,1
5846,趋,5843,趄,1
5846,趋,5847,趑,1
5846,趋,5849,趟,1
5847,趑,778,咫,1
5847,趑,5850,趣,1
5849,趟,3159,淌,1
5849,趟,3421,焖,1
5849,趟,3933,直,1
5849,趟,4522,继,1
5849,趟,5846,趋,1
5849,趟,6708,韬,1
5849,趟,6731,颇,1
5849,趟,6929,魈,1
5850,趣,1747,弧,1
5850,趣,2262,揶,1
5850,趣,5845,越,1
5852,足,585,卒,1
5852,足,736,员,1
5852,足,1485,尺,1
5852,足,2462,显,1
5852,足,3782,疋,1
5852,足,6083,造,1
5852,足,6124,邑,1
5853,趴,665,叭,1
5853,趴,3605,玄,1
5854,趵,2430,时,1
5854,趵,3893,的,1
5854,趵,6286,钓,1
5856,趺,5860,跃,1
5856,趺,5898,踝,1
5857,趼,4034,研,1
5858,趾,560,匙,1
5858,趾,2860,此,1
5858,趾,4701,耻,1
5858,趾,5769,败,1
5858,趾,5885,跶,1
5858,趾,7169,龀,1
5859,趿,5869,跖,1
5859,趿,5877,跤,1
5860,跃,2854,歇,1
5860,跃,4682,耘,1
5861,跄,5868,跑,1
5861,跄,6951,鲍,1
5863,跋,6943,鲅,1
5864,跌,4599,缺,1
5864,跌,5347,蛛,1
5864,跌,5623,诀,1
5864,跌,5876,跣,1
5864,跌,5938,蹴,1
5864,跌,6331,铁,1
5864,跌,6786,饫,1
5864,跌,6961,鲛,1
5865,跎,5873,距,1
5865,跎,6836,驰,1
5866,跏,527,劭,1
5866,跏,5900,踟,1
5867,跐,3951,眦,1
5867,跐,5883,跳,1
5868,跑,1383,孢,1
5868,跑,2104,抱,1
5868,跑,3375,炝,1
5868,跑,3380,炮,1
5868,跑,5618,论,1
5868,跑,6969,鲤,1
5868,跑,7173,龅,1
5869,跖,7154,鼫,1
5870,跗,5889,跺,1
5871,跚,1282,姗,1
5871,跚,5848,趔,1
5872,跛,3631,玻,1
5872,跛,3905,皱,1
5872,跛,3906,皲,1
5872,跛,5311,蚊,1
5872,跛,6211,酦,1
5873,距,5869,跖,1
5873,距,5882,路,1
5873,距,5909,踵,1
5873,距,6578,陋,1
5874,跞,5889,跺,1
5875,跟,1414,宛,1
5875,跟,5859,趿,1
5875,跟,5891,跽,1
5875,跟,5899,踞,1
5875,跟,6581,限,1
5876,跣,5322,蚨,1
5877,跤,5349,蛟,1
5877,跤,5854,趵,1
5878,跨,1098,垮,1
5878,跨,5340,蛎,1
5878,跨,5881,跬,1
5879,跪,2417,既,1
5879,跪,3665,琥,1
5879,跪,4514,统,1
5879,跪,5861,跄,1
5880,跫,1877,恐,1
5880,跫,6261,銎,1
5881,跬,5909,踵,1
5881,跬,5922,蹊,1
5881,跬,5933,蹬,1
5882,路,3066,洛,1
5882,路,3303,潞,1
5882,路,5160,落,1
5882,路,5798,赂,1
5882,路,5862,跆,1
5882,路,5890,跻,1
5882,路,5899,踞,1
5882,路,5901,踢,1
5882,路,6266,鍠,1
5882,路,6369,铭,1
5882,路,6800,饹,1
5882,路,6856,骆,1
5883,跳,3961,眺,1
5883,跳,4033,砒,1
5883,跳,5871,跚,1
5883,跳,6367,铫,1
5884,践,2034,戥,1
5884,践,2876,残,1
5884,践,2902,毖,1
5884,践,3088,浅,1
5884,践,5863,跋,1
5884,践,5876,跣,1
5884,践,6010,辚,1
5884,践,6693,鞣,1
5884,践,6790,饯,1
5886,跷,5876,跣,1
5887,跸,6855,骅,1
5889,跺,3174,深,1
5889,跺,3662,琛,1
5889,跺,4521,绦,1
5889,跺,5887,跸,1
5889,跺,5903,踩,1
5889,跺,6365,铩,1
5890,跻,4800,脐,1
5890,跻,5358,蛴,1
5890,跻,5882,路,1
5890,跻,5917,蹄,1
5891,跽,5893,踉,1
5893,踉,3653,琅,1
5893,踉,5875,跟,1
5893,踉,5877,跤,1
5893,踉,5921,蹉,1
5893,踉,6406,锒,1
5894,踊,4076,确,1
5894,踊,5915,蹁,1
5895,踌,3776,畴,1
5896,踏,3312,潸,1
5896,踏,5862,跆,1
5896,踏,5934,蹭,1
5896,踏,5945,躅,1
5897,踔,5891,跽,1
5897,踔,5943,蹿,1
5898,踝,4115,磲,1
5898,踝,5897,踔,1
5899,踞,5527,裾,1
5899,踞,5917,蹄,1
5899,踞,6424,锥,1
5900,踟,5898,踝,1
5901,踢,2902,毖,1
5901,踢,5526,裼,1
5901,踢,5904,踪,1
5902,踣,5860,跃,1
5902,踣,5882,路,1
5903,踩,5806,赊,1
5903,踩,5874,跞,1
5903,踩,5898,踝,1
5903,踩,5916,蹂,1
5903,踩,5944,躁,1
5904,踪,1449,察,1
5904,踪,3230,源,1
5904,踪,4542,综,1
5904,踪,5941,蹽,1
5904,踪,6808,馃,1
5904,踪,6974,鲩,1
5905,踬,5653,诟,1
5905,踬,5899,踞,1
5905,踬,5900,踟,1
5905,踬,5939,蹶,1
5905,踬,6426,锧,1
5906,踮,5905,踬,1
5908,踱,3682,瑕,1
5908,踱,3791,疚,1
5908,踱,5403,蝮,1
5908,踱,5742,豉,1
5908,踱,5905,踬,1
5908,踱,5935,蹯,1
5909,踵,5949,躔,1
5910,踶,5949,躔,1
5911,踹,5914,蹀,1
5911,踹,5948,躐,1
5912,踺,5909,踵,1
5913,踽,5909,踵,1
5913,踽,5926,蹒,1
5913,踽,5935,蹯,1
5915,蹁,4094,碥,1
5915,蹁,5398,蝙,1
5915,蹁,5418,螗,1
5915,蹁,5894,踊,1
5915,蹁,5931,蹦,1
5916,蹂,2834,檗,1
5916,蹂,3127,涑,1
5916,蹂,5417,螓,1
5916,蹂,5944,躁,1
5916,蹂,6359,铢,1
5917,蹄,4564,缔,1
5917,蹄,5915,蹁,1
5917,蹄,5930,蹢,1
5918,蹅,3709,璠,1
5918,蹅,5896,踏,1
5918,蹅,6812,馇,1
5919,蹇,5540,褰,1
5920,蹈,4053,砸,1
5920,蹈,5399,蝠,1
5920,蹈,6810,馅,1
5921,蹉,5935,蹯,1
5922,蹊,1176,墨,1
5923,蹋,5332,蚺,1
5923,蹋,5894,踊,1
5924,蹐,5533,褙,1
5926,蹒,3266,满,1
5926,蹒,5917,蹄,1
5926,蹒,5946,躇,1
5929,蹜,5896,踏,1
5929,蹜,5923,蹋,1
5930,蹢,6478,镝,1
5931,蹦,3156,淆,1
5931,蹦,4531,绱,1
5932,蹩,2914,氅,1
5933,蹬,4116,磴,1
5933,蹬,5918,蹅,1
5933,蹬,5934,蹭,1
5933,蹬,6492,镫,1
5934,蹭,3990,瞒,1
5935,蹯,5923,蹋,1
5935,蹯,5945,躅,1
5936,蹰,6828,馘,1
5937,蹲,4387,簿,1
5937,蹲,5897,踔,1
5937,蹲,5944,躁,1
5940,蹼,5926,蹒,1
5941,蹽,6825,馕,1
5942,蹾,2504,暾,1
5942,蹾,5950,躜,1
5943,蹿,2883,殡,1
5943,蹿,5917,蹄,1
5944,躁,1311,娣,1
5944,躁,5903,踩,1
5944,躁,5914,蹀,1
5944,躁,5916,蹂,1
5944,躁,5922,蹊,1
5945,躅,5447,蠋,1
5947,躏,5915,蹁,1
5947,躏,5924,蹐,1
5947,躏,5949,躔,1
5949,躔,4575,缠,1
5950,躜,4872,臜,1
5952,身,54,乎,1
5952,身,78,事,1
5952,身,1642,帛,1
5953,躬,4903,舫,1
5955,躲,389,冁,1
5955,躲,1463,射,1
5955,躲,4736,股,1
5956,躺,284,倘,1
5956,躺,4716,聪,1
5957,軎,722,吾,1
5957,軎,1611,工,1
5958,车,401,军,1
5958,车,1218,夺,1
5958,车,1240,女,1
5958,车,3500,牟,1
5959,轧,3610,玑,1
5959,轧,5960,轨,1
5960,轨,583,协,1
5960,轨,5959,轧,1
5960,轨,5966,轮,1
5960,轨,6674,靰,1
5961,轩,1243,奸,1
5961,轩,2605,架,1
5961,轩,6282,钎,1
5961,轩,6686,鞍,1
5964,转,5969,轱,1
5964,转,5979,轻,1
5964,转,7148,鼓,1
5965,轭,2077,扼,1
5965,轭,5966,轮,1
5966,轮,4681,耗,1
5966,轮,5978,轺,1
5966,轮,5985,辁,1
5966,轮,6686,鞍,1
5967,软,2844,欤,1
5967,软,2848,欸,1
5967,软,2854,歇,1
5967,软,2856,歌,1
5967,软,4031,砍,1
5967,软,5962,轪,1
5967,软,5963,轫,1
5967,软,5987,较,1
5968,轰,792,哄,1
5968,轰,4633,羡,1
5969,轱,5965,轭,1
5969,轱,5978,轺,1
5969,轱,5990,辆,1
5969,轱,6325,钻,1
5970,轲,5963,轫,1
5970,轲,5969,轱,1
5970,轲,5990,辆,1
5971,轳,5970,轲,1
5972,轴,4705,聃,1
5972,轴,6332,铂,1
5973,轵,5971,轳,1
5973,轵,5994,辊,1
5975,轷,5976,轸,1
5976,轸,5974,轶,1
5978,轺,2132,招,1
5978,轺,5964,转,1
5979,轻,4632,羟,1
5979,轻,4698,耶,1
5979,轻,5959,轧,1
5980,轼,2144,拭,1
5981,载,2032,戢,1
5981,载,2035,截,1
5981,载,2039,戴,1
5983,轿,2686,桥,1
5983,轿,4015,矫,1
5983,轿,4200,稀,1
5983,轿,5973,轵,1
5983,轿,6688,鞒,1
5984,辀,3632,珀,1
5985,辁,2149,拴,1
5986,辂,5998,辎,1
5987,较,219,佼,1
5987,较,2359,故,1
5987,较,5349,蛟,1
5987,较,5965,轭,1
5987,较,6009,辙,1
5987,较,7040,鸫,1
5989,辅,1069,坳,1
5989,辅,2195,捕,1
5989,辅,5834,赫,1
5989,辅,5990,辆,1
5989,辅,6382,铺,1
5990,辆,5989,辅,1
5990,辆,6009,辙,1
5992,辈,2164,挚,1
5992,辈,2633,柴,1
5992,辈,4441,紫,1
5993,辉,3405,烨,1
5993,辉,3492,牌,1
5993,辉,3741,甥,1
5993,辉,4163,禅,1
5993,辉,5343,蛑,1
5993,辉,5506,裈,1
5993,辉,6462,镍,1
5994,辊,4532,绲,1
5994,辊,6233,醌,1
5996,辌,2737,椋,1
5997,辍,3785,疑,1
6000,辐,4662,翰,1
6000,辐,6458,镉,1
6001,辑,5435,蟑,1
6002,辒,6707,韫,1
6003,输,2772,榆,1
6003,输,3687,瑜,1
6003,输,4662,翰,1
6003,输,6866,骑,1
6005,辕,1322,婊,1
6005,辕,5996,辌,1
6005,辕,6007,辗,1
6006,辖,3513,牿,1
6006,辖,5973,轵,1
6006,辖,5976,轸,1
6006,辖,5987,较,1
6006,辖,6406,锒,1
6006,辖,6466,镑,1
6007,辗,389,冁,1
6007,辗,6000,辐,1
6009,辙,1359,嫩,1
6009,辙,2319,撤,1
6009,辙,5942,蹾,1
6009,辙,6000,辐,1
6011,辛,27,严,1
6011,辛,34,丰,1
6011,辛,1671,幸,1
6011,辛,2165,挛,1
6011,辛,4266,章,1
6011,辛,4275,竿,1
6011,辛,4277,笄,1
6011,辛,4624,羊,1
6011,辛,5008,苹,1
6011,辛,6273,钅,1
6012,辜,27,严,1
6012,辜,1428,宰,1
6012,辜,1661,幕,1
6012,辜,3461,熹,1
6013,辞,1746,弦,1
6013,辞,3639,珐,1
6013,辞,5994,辊,1
6013,辞,6165,郜,1
6013,辞,6862,骍,1
6014,辟,985,噼,1
6014,辟,1746,弦,1
6014,辟,4021,矸,1
6014,辟,4634,群,1
6014,辟,5887,跸,1
6015,辣,1794,徕,1
6015,辣,4678,耔,1
6015,辣,6017,辩,1
6015,辣,6471,镖,1
6015,辣,6693,鞣,1
6015,辣,6749,颜,1
6016,辨,3721,瓣,1
6016,辨,4209,稚,1
6016,辨,6017,辩,1
6016,辨,6018,辫,1
6016,辨,6439,锵,1
6016,辨,6622,雅,1
6017,辩,3721,瓣,1
6017,辩,4130,社,1
6017,辩,4149,祥,1
6018,辫,1578,崭,1
6018,辫,4592,缱,1
6018,辫,6622,雅,1
6019,辰,1504,展,1
6020,辱,622,厍,1
6020,辱,1488,尽,1
6020,辱,3514,犀,1
6020,辱,5364,蜃,1
6021,辶,4260,立,1
6022,边,17,世,1
6022,边,63,乜,1
6022,边,516,办,1
6022,边,1836,忽,1
6022,边,2531,望,1
6022,边,3750,由,1
6022,边,6050,迪,1
6022,边,6051,迫,1
6023,辽,23,丝,1
6023,辽,643,及,1
6023,辽,2858,止,1
6023,辽,2968,汪,1
6023,辽,6038,这,1
6024,达,1207,太,1
6024,达,1612,左,1
6024,达,2167,挞,1
6024,达,2859,正,1
6024,达,2960,汝,1
6024,达,3083,洼,1
6024,达,4313,答,1
6024,达,6038,这,1
6024,达,6054,述,1
6025,迁,18,丘,1
6025,迁,20,业,1
6025,迁,2947,汁,1
6025,迁,2968,汪,1
6025,迁,2979,沃,1
6025,迁,3082,活,1
6025,迁,5595,计,1
6025,迁,5627,评,1
6025,迁,6024,达,1
6025,迁,6036,迕,1
6025,迁,6043,迟,1
6026,迂,2968,汪,1
6026,迂,5624,证,1
6026,迂,6075,途,1
6027,迄,6032,运,1
6027,迄,6055,迳,1
6027,迄,6067,选,1
6027,迄,6111,遥,1
6028,迅,3013,沼,1
6028,迅,5011,茁,1
6028,迅,5608,讯,1
6028,迅,6039,进,1
6028,迅,6044,迢,1
6029,过,6024,达,1
6029,过,6025,迁,1
6029,过,6039,进,1
6029,过,6054,述,1
6030,迈,18,丘,1
6030,迈,643,及,1
6030,迈,2971,汲,1
6030,迈,6035,返,1
6030,迈,6044,迢,1
6030,迈,6062,适,1
6031,迎,1879,恕,1
6031,迎,6033,近,1
6031,迎,6120,邂,1
6032,运,716,吴,1
6032,运,1399,它,1
6032,运,1614,巨,1
6032,运,2980,沄,1
6032,运,5249,蕴,1
6032,运,6023,辽,1
6032,运,6030,迈,1
6032,运,6058,迹,1
6032,运,6075,途,1
6033,近,18,丘,1
6033,近,73,乳,1
6033,近,564,匠,1
6033,近,566,匣,1
6033,近,5603,让,1
6033,近,6031,迎,1
6033,近,6035,返,1
6033,近,6038,这,1
6034,迓,6026,迂,1
6035,返,6030,迈,1
6035,返,6038,这,1
6035,返,6049,迩,1
6035,返,6055,迳,1
6036,迕,6043,迟,1
6037,还,163,众,1
6037,还,563,匝,1
6037,还,570,匹,1
6037,还,4873,臣,1
6037,还,6024,达,1
6037,还,6032,运,1
6037,还,6054,述,1
6037,还,6072,逐,1
6038,这,41,主,1
6038,这,408,冬,1
6038,这,433,凤,1
6038,这,571,区,1
6038,这,2954,汐,1
6038,这,3038,注,1
6038,这,3386,点,1
6038,这,6027,迄,1
6038,这,6035,返,1
6038,这,6049,迩,1
6038,这,6052,迭,1
6039,进,90,些,1
6039,进,1426,宫,1
6039,进,6034,迓,1
6039,进,6050,迪,1
6039,进,6057,迸,1
6040,远,384,兹,1
6040,远,446,函,1
6040,远,620,压,1
6040,远,1609,巡,1
6040,远,2980,沄,1
6040,远,6024,达,1
6040,远,6030,迈,1
6040,远,6035,返,1
6040,远,6072,逐,1
6040,远,6092,逸,1
6041,违,3183,渍,1
6041,违,4303,笾,1
6041,违,6056,迷,1
6041,违,6082,速,1
6041,违,6083,造,1
6041,违,6088,逮,1
6041,违,6106,遗,1
6042,连,1697,庤,1
6042,连,1723,廷,1
6042,连,3083,洼,1
6042,连,4873,臣,1
6042,连,4878,至,1
6042,连,5723,谨,1
6042,连,5836,走,1
6042,连,6030,迈,1
6043,迟,6024,达,1
6043,迟,6052,迭,1
6043,迟,6060,退,1
6044,迢,3144,涩,1
6044,迢,6023,辽,1
6044,迢,6030,迈,1
6044,迢,6059,追,1
6044,迢,6077,逗,1
6044,迢,6089,逯,1
6045,迤,6058,迹,1
6046,迥,15,且,1
6046,迥,6050,迪,1
6048,迨,6027,迄,1
6048,迨,6051,迫,1
6049,迩,1745,弥,1
6049,迩,6036,迕,1
6050,迪,3519,犍,1
6050,迪,6022,边,1
6051,迫,189,但,1
6051,迫,2360,效,1
6051,迫,3021,泊,1
6051,迫,3073,洫,1
6051,迫,3080,洹,1
6051,迫,6035,返,1
6051,迫,6059,追,1
6051,迫,6101,遏,1
6051,迫,6120,邂,1
6051,迫,6713,页,1
6052,迭,1916,悠,1
6052,迭,4597,缶,1
6052,迭,5768,贤,1
6052,迭,6083,造,1
6053,迮,6036,迕,1
6053,迮,6049,迩,1
6053,迮,6062,适,1
6054,述,5602,讨,1
6054,述,5836,走,1
6054,述,6037,还,1
6054,述,6039,进,1
6055,迳,1723,廷,1
6055,迳,6077,逗,1
6056,迷,670,史,1
6056,迷,1305,娑,1
6056,迷,6058,迹,1
6057,迸,6061,送,1
6057,迸,6066,逆,1
6057,迸,6074,递,1
6057,迸,6099,遇,1
6057,迸,6105,道,1
6058,迹,1701,庭,1
6058,迹,3150,涵,1
6058,迹,5836,走,1
6058,迹,6028,迅,1
6058,迹,6045,迤,1
6058,迹,6066,逆,1
6058,迹,6072,逐,1
6058,迹,6080,逝,1
6058,迹,6082,速,1
6058,迹,6091,逶,1
6059,追,1723,廷,1
6059,追,3006,沮,1
6059,追,3173,淮,1
6059,追,3439,照,1
6059,追,4376,簉,1
6059,追,6048,迨,1
6059,追,6049,迩,1
6059,追,6065,逅,1
6059,追,6081,逞,1
6059,追,6084,逡,1
6059,追,6092,逸,1
6059,追,6096,遁,1
6060,退,4927,艮,1
6060,退,6044,迢,1
6061,送,910,喾,1
6061,送,1869,总,1
6061,送,5058,荙,1
6061,送,6040,远,1
6061,送,6052,迭,1
6061,送,6066,逆,1
6061,送,6092,逸,1
6061,送,6097,遂,1
6062,适,558,化,1
6062,适,1723,廷,1
6062,适,5044,茹,1
6062,适,6025,迁,1
6062,适,6026,迂,1
6062,适,6055,迳,1
6062,适,6083,造,1
6062,适,6091,逶,1
6062,适,7142,黾,1
6063,逃,445,凼,1
6063,逃,560,匙,1
6063,逃,5652,诞,1
6063,逃,6047,迦,1
6063,逃,6076,逖,1
6064,逄,1193,备,1
6064,逄,6036,迕,1
6065,逅,5653,诟,1
6065,逅,6059,追,1
6065,逅,6096,遁,1
6066,逆,1723,廷,1
6066,逆,2049,扈,1
6066,逆,3135,涟,1
6066,逆,6054,述,1
6066,逆,6058,迹,1
6066,逆,6074,递,1
6066,逆,6075,途,1
6066,逆,6081,逞,1
6066,逆,6083,造,1
6066,逆,6097,遂,1
6066,逆,6105,道,1
6066,逆,6160,郑,1
6067,选,1425,宪,1
6067,选,3186,渑,1
6067,选,5669,诰,1
6067,选,5836,走,1
6067,选,6040,远,1
6067,选,6082,速,1
6068,逊,1377,孙,1
6068,逊,5469,补,1
6068,逊,5858,趾,1
6068,逊,5888,跹,1
6068,逊,6037,还,1
6069,逋,6082,速,1
6070,逍,5849,趟,1
6070,逍,6105,道,1
6071,透,1384,季,1
6071,透,3082,活,1
6071,透,3129,涔,1
6071,透,5670,诱,1
6072,逐,24,丞,1
6072,逐,445,凼,1
6072,逐,3152,涿,1
6072,逐,6037,还,1
6072,逐,6097,遂,1
6074,递,5108,莹,1
6074,递,6066,逆,1
6074,递,6097,遂,1
6074,递,6105,道,1
6074,递,7142,黾,1
6075,途,3170,淦,1
6075,途,6061,送,1
6075,途,6064,逄,1
6075,途,6091,逶,1
6076,逖,3430,然,1
6076,逖,6082,速,1
6076,逖,6112,遨,1
6077,逗,572,医,1
6077,逗,5740,豆,1
6077,逗,5852,足,1
6077,逗,6027,迄,1
6077,逗,6081,逞,1
6077,逗,6094,逼,1
6078,通,3125,涌,1
6078,通,3275,滴,1
6078,通,6101,遏,1
6078,通,6105,道,1
6079,逛,3534,狂,1
6079,逛,5652,诞,1
6080,逝,2325,撵,1
6080,逝,2398,断,1
6080,逝,2399,斯,1
6080,逝,6112,遨,1
6080,逝,6115,遴,1
6081,逞,726,呈,1
6081,逞,1143,堡,1
6081,逞,3122,涅,1
6081,逞,3153,淀,1
6081,逞,4262,竖,1
6081,逞,4325,筵,1
6081,逞,6061,送,1
6081,逞,6099,遇,1
6081,逞,6110,遣,1
6082,速,574,匿,1
6082,速,690,吏,1
6082,速,2455,是,1
6082,速,6044,迢,1
6082,速,6069,逋,1
6082,速,6088,逮,1
6083,造,727,告,1
6083,造,2755,楚,1
6083,造,3036,泣,1
6083,造,3113,浩,1
6083,造,4577,缢,1
6083,造,5058,荙,1
6083,造,6041,违,1
6083,造,6062,适,1
6083,造,6098,遄,1
6083,造,6107,遘,1
6083,造,6586,陡,1
6083,造,6973,鲨,1
6083,造,7119,黄,1
6085,逢,1724,建,1
6085,逢,3058,洋,1
6085,逢,3172,淬,1
6085,逢,4371,篷,1
6085,逢,4573,缝,1
6085,逢,5218,蓬,1
6085,逢,6059,追,1
6085,逢,6070,逍,1
6085,逢,6081,逞,1
6085,逢,6097,遂,1
6085,逢,6103,遑,1
6086,逦,6058,迹,1
6087,逭,6059,追,1
6088,逮,6082,速,1
6088,逮,6089,逯,1
6088,逮,6645,霆,1
6090,逵,4369,篮,1
6090,逵,6102,遐,1
6091,逶,6071,透,1
6092,逸,4868,臆,1
6092,逸,5707,谗,1
6092,逸,6040,远,1
6092,逸,6060,退,1
6093,逻,6081,逞,1
6093,逻,6083,造,1
6093,逻,6094,逼,1
6094,逼,573,匾,1
6094,逼,1382,孟,1
6094,逼,3187,渔,1
6094,逼,3757,画,1
6094,逼,6078,通,1
6094,逼,6109,遢,1
6094,逼,6116,遵,1
6095,逾,6086,逦,1
6096,遁,3432,煊,1
6096,遁,5730,谯,1
6096,遁,6062,适,1
6096,遁,6070,逍,1
6096,遁,6077,逗,1
6096,遁,6080,逝,1
6096,遁,6108,遛,1
6097,遂,3295,漾,1
6097,遂,4249,窟,1
6097,遂,5260,薤,1
6097,遂,6075,途,1
6097,遂,6090,逵,1
6097,遂,6100,遍,1
6097,遂,6121,邃,1
6098,遄,6100,遍,1
6098,遄,6102,遐,1
6099,遇,4376,簉,1
6099,遇,6058,迹,1
6099,遇,6060,退,1
6099,遇,6066,逆,1
6099,遇,6108,遛,1
6099,遇,6112,遨,1
6100,遍,1443,富,1
6100,遍,2516,曷,1
6100,遍,6027,迄,1
6100,遍,6066,逆,1
6100,遍,6117,遽,1
6100,遍,6195,酋,1
6101,遏,1969,愚,1
6101,遏,3202,渴,1
6101,遏,3910,盅,1
6101,遏,6078,通,1
6102,遐,3682,瑕,1
6102,遐,6093,逻,1
6102,遐,6744,颗,1
6102,遐,6745,题,1
6105,道,3148,涯,1
6105,道,4371,篷,1
6105,道,5720,谥,1
6105,道,6051,迫,1
6105,道,6059,追,1
6105,道,6066,逆,1
6105,道,6070,逍,1
6105,道,6096,遁,1
6105,道,6110,遣,1
6105,道,6117,遽,1
6105,道,6123,邋,1
6105,道,6729,颅,1
6106,遗,6083,造,1
6106,遗,6113,遭,1
6110,遣,3923,盗,1
6110,遣,5115,菅,1
6110,遣,6115,遴,1
6111,遥,3215,湜,1
6111,遥,6081,逞,1
6112,遨,2376,数,1
6112,遨,5847,趑,1
6112,遨,6107,遘,1
6113,遭,1569,崔,1
6113,遭,3283,漕,1
6113,遭,3328,澶,1
6113,遭,5932,蹩,1
6113,遭,6107,遘,1
6113,遭,6110,遣,1
6114,遮,574,匿,1
6114,遮,1875,恋,1
6114,遮,3148,涯,1
6114,遮,3341,瀌,1
6114,遮,3833,痣,1
6114,遮,6058,迹,1
6115,遴,5735,谴,1
6115,遴,6107,遘,1
6116,遵,3220,湮,1
6116,遵,5102,莲,1
6116,遵,5723,谨,1
6116,遵,6101,遏,1
6116,遵,6104,遒,1
6118,避,6102,遐,1
6119,邀,3331,激,1
6119,邀,4836,腰,1
6119,邀,6047,迦,1
6120,邂,6108,遛,1
6121,邃,4253,窦,1
6121,邃,6075,途,1
6122,邈,6111,遥,1
6124,邑,551,包,1
6124,邑,4963,芭,1
6124,邑,7142,黾,1
6125,邓,645,双,1
6125,邓,1192,处,1
6125,邓,1615,巩,1
6125,邓,2942,水,1
6125,邓,5555,观,1
6126,邕,4278,笆,1
6127,邗,2133,拜,1
6127,邗,6132,邢,1
6128,邙,6131,邡,1
6129,邛,1041,圾,1
6129,邛,6128,邙,1
6130,邝,6127,邗,1
6131,邡,6130,邝,1
6131,邡,6173,郭,1
6132,邢,1766,形,1
6132,邢,2085,抑,1
6132,邢,5971,轳,1
6132,邢,6144,邶,1
6132,邢,6145,邸,1
6133,那,819,哪,1
6133,那,1767,彤,1
6133,那,4698,耶,1
6133,那,6143,邵,1
6134,邦,608,却,1
6134,邦,2065,扩,1
6134,邦,3629,玷,1
6134,邦,6150,邾,1
6134,邦,6158,郏,1
6134,邦,6172,郫,1
6135,邪,759,和,1
6135,邪,2389,斜,1
6135,邪,4293,笨,1
6135,邪,4698,耶,1
6135,邪,6132,邢,1
6137,邮,1241,奴,1
6137,邮,1308,娜,1
6137,邮,3155,淅,1
6138,邯,5028,茚,1
6140,邱,1674,幼,1
6140,邱,6128,邙,1
6140,邱,6129,邛,1
6140,邱,6149,邽,1
6143,邵,605,印,1
6143,邵,819,哪,1
6143,邵,3540,狎,1
6144,邶,2108,押,1
6144,邶,6147,邺,1
6145,邸,607,即,1
6145,邸,6162,郗,1
6146,邹,3905,皱,1
6146,邹,5741,豇,1
6146,邹,5836,走,1
6146,邹,6136,邬,1
6146,邹,6651,霏,1
6147,邺,3366,炉,1
6147,邺,6174,郯,1
6148,邻,123,介,1
6148,邻,550,匀,1
6148,邻,605,印,1
6148,邻,2368,敛,1
6148,邻,6139,邰,1
6148,邻,6146,邹,1
6148,邻,6171,部,1
6148,邻,6730,领,1
6148,邻,6732,颈,1
6150,邾,6152,郄,1
6150,邾,6162,郗,1
6151,郁,2050,扉,1
6151,郁,4132,祁,1
6151,郁,5453,蠢,1
6151,郁,6152,郄,1
6151,郁,6179,郿,1
6151,郁,6666,静,1
6153,郅,4698,耶,1
6155,郈,6131,邡,1
6155,郈,6178,郾,1
6156,郊,109,亸,1
6156,郊,613,卻,1
6156,郊,1242,奶,1
6156,郊,6140,邱,1
6157,郎,2530,朗,1
6157,郎,3770,畜,1
6157,郎,6178,郾,1
6158,郏,6134,邦,1
6159,郐,753,命,1
6160,郑,1742,弛,1
6160,郑,3629,玷,1
6160,郑,4897,舟,1
6160,郑,6153,郅,1
6160,郑,6156,郊,1
6160,郑,6162,郗,1
6160,郑,6166,郝,1
6160,郑,6171,部,1
6161,郓,3906,皲,1
6161,郓,4615,罪,1
6162,郗,486,剂,1
6162,郗,3729,瓻,1
6164,郛,2897,毐,1
6164,郛,3907,皴,1
6164,郛,6173,郭,1
6166,郝,4683,耙,1
6166,郝,6151,郁,1
6166,郝,6156,郊,1
6166,郝,6186,鄢,1
6167,郡,607,即,1
6167,郡,2457,昴,1
6167,郡,6143,邵,1
6168,郢,6176,郸,1
6169,郦,42,丽,1
6169,郦,4707,聊,1
6169,郦,6142,邴,1
6169,郦,6145,邸,1
6170,郧,6141,邳,1
6170,郧,6145,邸,1
6170,郧,6156,郊,1
6170,郧,6184,鄙,1
6171,部,533,勃,1
6171,部,6159,郐,1
6171,部,6188,鄯,1
6171,部,6942,鲃,1
6172,郫,6157,郎,1
6173,郭,3526,犯,1
6173,郭,6131,邡,1
6173,郭,6157,郎,1
6173,郭,6187,鄣,1
6174,郯,3130,涕,1
6174,郯,5631,诉,1
6174,郯,6031,迎,1
6174,郯,6152,郄,1
6174,郯,6160,郑,1
6175,郴,1772,彬,1
6175,郴,2085,抑,1
6175,郴,2111,拂,1
6175,郴,2221,排,1
6176,郸,6168,郢,1
6176,郸,6173,郭,1
6177,都,613,卻,1
6177,都,2375,敬,1
6177,都,2632,柳,1
6177,都,6152,郄,1
6177,都,6162,郗,1
6177,都,6166,郝,1
6178,郾,568,匪,1
6180,鄂,613,卻,1
6180,鄂,6165,郜,1
6180,鄂,6706,韪,1
6181,鄄,6153,郅,1
6182,鄌,1715,廓,1
6182,鄌,6167,郡,1
6182,鄌,6183,鄘,1
6184,鄙,6162,郗,1
6184,鄙,6163,郚,1
6184,鄙,6166,郝,1
6184,鄙,6171,部,1
6185,鄞,6181,鄄,1
6189,鄱,5274,藜,1
6189,鄱,6167,郡,1
6189,鄱,6183,鄘,1
6190,鄹,4714,聚,1
6191,酃,6181,鄄,1
6193,酉,3933,直,1
6194,酊,3756,町,1
6194,酊,6197,配,1
6195,酋,1074,垂,1
6195,酋,1704,庶,1
6195,酋,4984,苎,1
6195,酋,5041,茵,1
6195,酋,5102,莲,1
6195,酋,6097,遂,1
6196,酌,1390,孬,1
6197,配,633,厩,1
6197,配,4033,砒,1
6197,配,4598,缸,1
6197,配,6206,酡,1
6199,酏,6208,酣,1
6199,酏,6836,驰,1
6201,酒,26,两,1
6201,酒,266,俩,1
6201,酒,3125,涌,1
6201,酒,3197,温,1
6201,酒,3209,湎,1
6201,酒,6078,通,1
6201,酒,6193,酉,1
6201,酒,6715,顷,1
6201,酒,7059,鸿,1
6202,酗,6200,酐,1
6203,酚,2872,殆,1
6203,酚,4026,砀,1
6203,酚,6142,邴,1
6203,酚,6198,酎,1
6203,酚,6204,酝,1
6204,酝,2563,条,1
6204,酝,6197,配,1
6204,酝,6223,酷,1
6205,酞,3764,畎,1
6205,酞,6210,酥,1
6206,酡,3778,畹,1
6207,酢,6206,酡,1
6208,酣,329,傩,1
6208,酣,6196,酌,1
6210,酥,6200,酐,1
6210,酥,6225,酹,1
6210,酥,6238,醚,1
6211,酦,6205,酞,1
6211,酦,6223,酷,1
6212,酩,6567,阼,1
6212,酩,7086,鹠,1
6213,酪,6229,醅,1
6213,酪,7083,鹝,1
6215,酮,2525,朋,1
6216,酯,6232,醋,1
6218,酱,3918,盐,1
6219,酲,6237,醒,1
6220,酴,6210,酥,1
6220,酴,6225,酹,1
6220,酴,6230,醇,1
6221,酵,6217,酰,1
6222,酶,3711,璨,1
6222,酶,6216,酯,1
6223,酷,1287,姞,1
6223,酷,4249,窟,1
6223,酷,4922,艏,1
6223,酷,5575,觥,1
6223,酷,6203,酚,1
6223,酷,6205,酞,1
6223,酷,6213,酪,1
6223,酷,6229,醅,1
6223,酷,6232,醋,1
6224,酸,3898,皎,1
6224,酸,4079,碇,1
6224,酸,6196,酌,1
6224,酸,6217,酰,1
6224,酸,6231,醉,1
6225,酹,7073,鹎,1
6226,酽,871,啭,1
6227,酾,6966,鲡,1
6228,酿,3725,瓯,1
6228,酿,6204,酝,1
6230,醇,6196,酌,1
6230,醇,6225,酹,1
6230,醇,6878,骟,1
6231,醉,985,噼,1
6231,醉,1131,堆,1
6231,醉,4083,碎,1
6231,醉,6739,颐,1
6232,醋,3903,皤,1
6232,醋,4922,艏,1
6232,醋,6211,酦,1
6232,醋,6236,醑,1
6234,醍,6242,醪,1
6234,醍,6996,鳀,1
6235,醐,6169,郦,1
6235,醐,6214,酬,1
6236,醑,6245,醯,1
6237,醒,2645,栏,1
6237,醒,4096,碰,1
6237,醒,6196,酌,1
6237,醒,6233,醌,1
6237,醒,6236,醑,1
6237,醒,6246,醴,1
6239,醛,6246,醴,1
6240,醢,914,嗌,1
6240,醢,6245,醯,1
6241,醣,1394,孵,1
6242,醪,334,僇,1
6242,醪,6246,醴,1
6243,醭,6244,醮,1
6244,醮,6220,酴,1
6244,醮,6240,醢,1
6245,醯,2899,毓,1
6246,醴,6248,醺,1
6246,醴,7027,鳢,1
6248,醺,4119,礁,1
6250,采,1906,悉,1
6250,采,2541,朱,1
6250,采,2563,条,1
6250,采,2650,栗,1
6250,采,2944,永,1
6250,采,4174,禾,1
6250,采,4293,笨,1
6250,采,4392,籴,1
6251,釉,2109,抽,1
6251,釉,4206,税,1
6251,釉,4665,翻,1
6252,释,1770,彩,1
6252,释,2133,拜,1
6252,释,3489,牂,1
6252,释,4573,缝,1
6252,释,6400,锌,1
6252,释,7093,鹩,1
6253,里,726,呈,1
6253,里,1176,墨,1
6253,里,1888,恩,1
6253,里,3681,瑄,1
6253,里,7125,黑,1
6254,重,108,亶,1
6254,重,1033,圭,1
6254,重,1948,惫,1
6254,重,2515,更,1
6254,重,3449,熏,1
6254,重,3630,玺,1
6254,重,3740,生,1
6254,重,6256,量,1
6254,重,6633,雨,1
6254,重,6640,雹,1
6255,野,1262,妤,1
6255,野,5917,蹄,1
6256,量,674,号,1
6256,量,1130,堂,1
6256,量,1176,墨,1
6256,量,2449,星,1
6256,量,2471,晕,1
6256,量,4268,童,1
6256,量,5094,莞,1
6256,量,5108,莹,1
6256,量,6963,鲞,1
6257,金,209,佥,1
6257,金,709,含,1
6257,金,1074,垂,1
6257,金,2949,汆,1
6257,金,3740,生,1
6257,金,4453,纟,1
6257,金,6772,食,1
6258,釜,3483,爸,1
6258,釜,4330,签,1
6258,釜,5320,蚤,1
6259,鉴,4308,筌,1
6259,鉴,4796,脊,1
6259,鉴,5504,装,1
6259,鉴,6258,釜,1
6260,銍,6266,鍠,1
6261,銎,4313,答,1
6261,銎,4600,罂,1
6262,銮,1227,奎,1
6265,錾,1154,塑,1
6269,鏊,6875,骜,1
6271,鐾,6270,鏖,1
6272,鑫,5452,蠡,1
6273,钅,1669,年,1
6273,钅,2922,气,1
6273,钅,6772,食,1
6276,针,1728,弁,1
6276,针,2947,汁,1
6276,针,6277,钉,1
6276,针,6363,铧,1
6277,钉,1673,幻,1
6277,钉,2946,汀,1
6277,钉,6278,钊,1
6277,钉,6286,钓,1
6278,钊,6283,钏,1
6278,钊,6287,钔,1
6279,钋,599,卦,1
6280,钌,6278,钊,1
6282,钎,5961,轩,1
6282,钎,6311,钭,1
6284,钐,6325,钻,1
6285,钒,1615,巩,1
6285,钒,4469,纰,1
6285,钒,4488,组,1
6285,钒,6282,钎,1
6285,钒,6286,钓,1
6285,钒,6295,钝,1
6285,钒,6341,铌,1
6285,钒,6367,铫,1
6285,钒,6781,饥,1
6286,钓,6280,钌,1
6286,钓,6283,钏,1
6286,钓,6320,钶,1
6287,钔,6278,钊,1
6287,钔,6283,钏,1
6288,钕,6340,铋,1
6288,钕,6372,铰,1
6289,钗,6361,铤,1
6291,钙,2989,沔,1
6291,钙,3150,涵,1
6291,钙,4374,簃,1
6291,钙,6441,锷,1
6292,钚,6277,钉,1
6292,钚,6280,钌,1
6292,钚,6442,锸,1
6293,钛,6341,铌,1
6294,钜,4012,知,1
6294,钜,4014,矩,1
6294,钜,6321,钷,1
6294,钜,6383,铻,1
6295,钝,6294,钜,1
6295,钝,6319,钵,1
6296,钞,4142,祛,1
6297,钟,608,却,1
6297,钟,6279,钋,1
6297,钟,6296,钞,1
6297,钟,6330,铀,1
6297,钟,6668,非,1
6297,钟,7162,鼾,1
6298,钠,1779,彻,1
6298,钠,5631,诉,1
6298,钠,6286,钓,1
6298,钠,6300,钢,1
6298,钠,6356,铟,1
6298,钠,6392,锄,1
6298,钠,6427,锨,1
6299,钡,2984,沉,1
6299,钡,3537,狈,1
6299,钡,4491,织,1
6299,钡,5559,觇,1
6299,钡,5562,觊,1
6299,钡,6300,钢,1
6299,钡,6312,钮,1
6300,钢,4147,祠,1
6300,钢,6285,钒,1
6300,钢,6329,钿,1
6301,钣,5773,贩,1
6301,钣,6372,铰,1
6303,钥,6298,钠,1
6303,钥,6300,钢,1
6303,钥,6307,钩,1
6303,钥,6328,钾,1
6303,钥,6329,钿,1
6304,钦,144,们,1
6304,钦,684,合,1
6304,钦,2846,欲,1
6304,钦,2848,欸,1
6304,钦,3612,玖,1
6304,钦,4491,织,1
6304,钦,6288,钕,1
6304,钦,6336,铆,1
6304,钦,6794,饳,1
6305,钧,1044,均,1
6305,钧,4509,绚,1
6305,钧,6306,钨,1
6305,钧,6376,铴,1
6306,钨,1777,彷,1
6306,钨,4497,绍,1
6306,钨,6352,铛,1
6306,钨,6369,铭,1
6306,钨,6398,锊,1
6306,钨,6420,锡,1
6306,钨,7037,鸨,1
6306,钨,7057,鸽,1
6307,钩,3626,现,1
6307,钩,6322,钸,1
6307,钩,6332,铂,1
6307,钩,6403,锏,1
6307,钩,6792,饱,1
6308,钪,6375,铳,1
6308,钪,6432,锭,1
6309,钫,6284,钐,1
6309,钫,6318,钴,1
6310,钬,4180,秋,1
6310,钬,6299,钡,1
6310,钬,6331,铁,1
6310,钬,6349,铗,1
6311,钭,5462,衔,1
6311,钭,6276,针,1
6311,钭,6290,钘,1
6312,钮,1291,姬,1
6312,钮,4803,脓,1
6312,钮,6299,钡,1
6312,钮,6313,钯,1
6312,钮,6316,钲,1
6312,钮,6329,钿,1
6312,钮,6330,铀,1
6312,钮,6356,铟,1
6312,钮,6793,饲,1
6314,钰,6362,铥,1
6314,钰,6364,铨,1
6315,钱,3088,浅,1
6315,钱,4483,线,1
6315,钱,5964,转,1
6315,钱,6297,钟,1
6315,钱,6345,铑,1
6315,钱,6351,铙,1
6315,钱,6372,铰,1
6315,钱,6395,锇,1
6317,钳,5463,街,1
6317,钳,5972,轴,1
6317,钳,6295,钝,1
6317,钳,6330,铀,1
6317,钳,6335,铅,1
6317,钳,6386,链,1
6318,钴,6354,铝,1
6319,钵,4137,祎,1
6319,钵,4269,竦,1
6319,钵,6282,钎,1
6319,钵,6292,钚,1
6319,钵,6297,钟,1
6319,钵,6350,铘,1
6319,钵,6363,铧,1
6319,钵,6384,铼,1
6319,钵,6400,锌,1
6319,钵,6451,镂,1
6321,钷,6325,钻,1
6322,钸,5990,辆,1
6322,钸,6355,铞,1
6323,钹,6426,锧,1
6325,钻,4263,站,1
6325,钻,4455,纡,1
6325,钻,4500,绐,1
6325,钻,4559,缎,1
6325,钻,6291,钙,1
6325,钻,6335,铅,1
6325,钻,6339,铊,1
6325,钻,6369,铭,1
6326,钼,628,厢,1
6326,钼,6329,钿,1
6326,钼,6346,铒,1
6326,钼,6382,铺,1
6326,钼,6985,鲴,1
6327,钽,6326,钼,1
6327,钽,6390,锂,1
6328,钾,4489,绅,1
6328,钾,6148,邻,1
6328,钾,6290,钘,1
6329,钿,4490,细,1
6329,钿,6312,钮,1
6329,钿,6327,钽,1
6329,钿,6332,铂,1
6330,铀,4490,细,1
6330,铀,6298,钠,1
6330,铀,6303,钥,1
6330,铀,6327,钽,1
6330,铀,6332,铂,1
6330,铀,6392,锄,1
6331,铁,200,佚,1
6331,铁,2870,殃,1
6331,铁,4191,秩,1
6331,铁,5623,诀,1
6331,铁,5864,跌,1
6331,铁,5974,轶,1
6331,铁,6310,钬,1
6331,铁,6319,钵,1
6331,铁,6372,铰,1
6331,铁,6377,铵,1
6331,铁,6428,锩,1
6331,铁,6431,锬,1
6331,铁,6786,饫,1
6332,铂,5299,虮,1
6332,铂,6298,钠,1
6332,铂,6321,钷,1
6332,铂,6798,饷,1
6333,铃,4507,绘,1
6333,铃,4629,羚,1
6333,铃,6302,钤,1
6333,铃,6325,钻,1
6333,铃,6368,铬,1
6333,铃,6372,铰,1
6333,铃,6425,锦,1
6333,铃,7172,龄,1
6334,铄,4058,砾,1
6334,铄,6346,铒,1
6334,铄,6365,铩,1
6335,铅,2984,沉,1
6335,铅,3016,沿,1
6335,铅,4263,站,1
6335,铅,6285,钒,1
6335,铅,6368,铬,1
6335,铅,6387,铿,1
6335,铅,6945,鲇,1
6336,铆,6392,锄,1
6336,铆,6769,飙,1
6337,铈,6322,钸,1
6337,铈,6355,铞,1
6338,铉,6362,铥,1
6338,铉,6404,锐,1
6338,铉,6448,锿,1
6339,铊,6294,钜,1
6339,铊,6313,钯,1
6339,铊,6345,铑,1
6340,铋,1763,彘,1
6340,铋,6330,铀,1
6340,铋,6392,锄,1
6341,铌,6378,银,1
6341,铌,6429,锪,1
6343,铎,4498,绎,1
6343,铎,6490,镩,1
6344,铐,4015,矫,1
6344,铐,4518,绣,1
6344,铐,6380,铸,1
6344,铐,6411,锗,1
6344,铐,6481,镠,1
6344,铐,6979,鲮,1
6345,铑,1289,姥,1
6345,铑,6351,铙,1
6347,铕,6322,钸,1
6347,铕,6411,锗,1
6348,铖,3719,瓠,1
6348,铖,6319,钵,1
6348,铖,6324,钺,1
6349,铗,6331,铁,1
6351,铙,6365,铩,1
6351,铙,6391,锃,1
6351,铙,6797,饶,1
6352,铛,1798,徜,1
6352,铛,3649,珰,1
6352,铛,6332,铂,1
6352,铛,6357,铠,1
6352,铛,6394,锆,1
6352,铛,6414,锚,1
6353,铜,3067,洞,1
6353,铜,4471,纲,1
6353,铜,6300,钢,1
6353,铜,6320,钶,1
6353,铜,6326,钼,1
6353,铜,6403,锏,1
6353,铜,6409,锕,1
6353,铜,6421,锢,1
6354,铝,235,侣,1
6354,铝,4491,织,1
6354,铝,4497,绍,1
6354,铝,4500,绐,1
6354,铝,6341,铌,1
6354,铝,6431,锬,1
6355,铞,6322,钸,1
6358,铡,476,制,1
6358,铡,482,刽,1
6358,铡,4557,缌,1
6359,铢,6319,钵,1
6359,铢,6331,铁,1
6359,铢,6679,靺,1
6360,铣,2541,朱,1
6360,铣,3063,洗,1
6360,铣,4468,纯,1
6360,铣,4507,绘,1
6360,铣,6345,铑,1
6360,铣,6357,铠,1
6360,铣,6369,铭,1
6360,铣,6394,锆,1
6360,铣,6431,锬,1
6361,铤,4919,艇,1
6362,铥,6338,铉,1
6362,铥,6361,铤,1
6363,铧,6282,钎,1
6365,铩,5748,豨,1
6366,铪,6354,铝,1
6366,铪,6364,铨,1
6368,铬,688,名,1
6368,铬,5511,裕,1
6368,铬,5978,轺,1
6368,铬,6383,铻,1
6368,铬,6398,锊,1
6368,铬,6428,锩,1
6369,铭,5873,距,1
6369,铭,5986,辂,1
6369,铭,6306,钨,1
6369,铭,6309,钫,1
6369,铭,6335,铅,1
6369,铭,6394,锆,1
6369,铭,6404,锐,1
6370,铮,6400,锌,1
6370,铮,6405,锑,1
6371,铯,6321,钷,1
6371,铯,6370,铮,1
6372,铰,1778,役,1
6372,铰,4015,矫,1
6372,铰,4478,纹,1
6372,铰,5987,较,1
6372,铰,6288,钕,1
6372,铰,6306,钨,1
6372,铰,6309,钫,1
6372,铰,6323,钹,1
6372,铰,6340,铋,1
6372,铰,6375,铳,1
6372,铰,6407,锓,1
6372,铰,6423,锤,1
6372,铰,6431,锬,1
6372,铰,6743,颖,1
6372,铰,7136,黩,1
6373,铱,4474,纵,1
6373,铱,4524,绩,1
6373,铱,6301,钣,1
6373,铱,6360,铣,1
6373,铱,6369,铭,1
6373,铱,6372,铰,1
6373,铱,6401,锍,1
6373,铱,6406,锒,1
6374,铲,3003,沪,1
6374,铲,6282,钎,1
6374,铲,6284,钐,1
6374,铲,6398,锊,1
6375,铳,6401,锍,1
6376,铴,6393,锅,1
6377,铵,6288,钕,1
6377,铵,6451,镂,1
6377,铵,6502,镶,1
6378,银,5875,跟,1
6378,银,6341,铌,1
6378,银,6419,锟,1
6379,铷,6288,钕,1
6380,铸,4487,练,1
6380,铸,5895,踌,1
6380,铸,6398,锊,1
6380,铸,6410,锖,1
6380,铸,6411,锗,1
6380,铸,6417,锝,1
6380,铸,6457,镈,1
6380,铸,6474,镙,1
6381,铹,3741,甥,1
6381,铹,6291,钙,1
6381,铹,6489,镨,1
6382,铺,3112,浦,1
6382,铺,5496,被,1
6382,铺,5863,跋,1
6383,铻,6294,钜,1
6383,铻,6362,铥,1
6383,铻,6368,铬,1
6383,铻,6430,锫,1
6385,铽,6324,钺,1
6385,铽,6348,铖,1
6386,链,3135,涟,1
6386,链,6475,镚,1
6386,链,6479,镞,1
6387,铿,5541,褴,1
6388,销,3091,浈,1
6388,销,4331,简,1
6388,销,4516,绡,1
6388,销,4525,绪,1
6388,销,4565,缕,1
6388,销,6318,钴,1
6388,销,6413,错,1
6388,销,6436,锱,1
6388,销,6438,锴,1
6388,销,6728,预,1
6388,销,6810,馅,1
6389,锁,237,侦,1
6389,锁,1780,彼,1
6389,锁,3660,琐,1
6389,锁,4533,绳,1
6389,锁,4552,缆,1
6389,锁,4556,缋,1
6389,锁,6357,铠,1
6389,锁,6376,铴,1
6389,锁,6406,锒,1
6389,锁,6452,镃,1
6389,锁,6456,镇,1
6389,锁,6460,镋,1
6389,锁,6480,镟,1
6389,锁,6729,颅,1
6389,锁,6813,馈,1
6390,锂,6440,锶,1
6391,锃,6354,铝,1
6392,锄,6424,锥,1
6393,锅,1315,娲,1
6393,锅,4270,竭,1
6393,锅,4472,纳,1
6393,锅,4517,绢,1
6393,锅,4551,缅,1
6393,锅,6335,铅,1
6393,锅,6355,铞,1
6393,锅,6408,锔,1
6393,锅,6483,镢,1
6394,锆,2699,梏,1
6394,锆,6412,锘,1
6395,锇,2363,敏,1
6395,锇,6367,铫,1
6396,锈,6362,铥,1
6396,锈,6369,铭,1
6396,锈,6461,镌,1
6397,锉,4481,纽,1
6397,锉,4485,绁,1
6397,锉,5630,诈,1
6397,锉,6260,銍,1
6397,锉,6364,铨,1
6397,锉,6386,链,1
6398,锊,6407,锓,1
6399,锋,4149,祥,1
6399,锋,4498,绎,1
6399,锋,6364,铨,1
6399,锋,6424,锥,1
6400,锌,230,侔,1
6400,锌,4463,纩,1
6400,锌,4528,绮,1
6400,锌,6017,辩,1
6400,锌,6018,辫,1
6400,锌,6363,铧,1
6400,锌,6399,锋,1
6401,锍,1618,巯,1
6403,锏,6353,铜,1
6404,锐,6308,钪,1
6404,锐,6477,镜,1
6405,锑,2906,毡,1
6405,锑,4578,缣,1
6407,锓,6435,锰,1
6408,锔,6309,钫,1
6408,锔,6434,锯,1
6408,锔,6486,镥,1
6410,锖,6411,锗,1
6410,锖,6413,错,1
6411,锗,3583,猪,1
6411,锗,4525,绪,1
6411,锗,6383,铻,1
6411,锗,6475,镚,1
6411,锗,6489,镨,1
6412,锘,6394,锆,1
6412,锘,6813,馈,1
6413,错,2231,措,1
6413,错,2286,搭,1
6413,错,4565,缕,1
6413,错,6345,铑,1
6413,错,6352,铛,1
6413,错,6412,锘,1
6413,错,6414,锚,1
6413,错,6417,锝,1
6413,错,6454,镅,1
6413,错,6466,镑,1
6414,锚,290,倡,1
6414,锚,4564,缔,1
6414,锚,6382,铺,1
6414,锚,6411,锗,1
6414,锚,6466,镑,1
6415,锛,6010,辚,1
6415,锛,6416,锜,1
6415,锛,6451,镂,1
6416,锜,6344,铐,1
6416,锜,6380,铸,1
6417,锝,1795,得,1
6417,锝,6420,锡,1
6419,锟,6341,铌,1
6419,锟,6378,银,1
6420,锡,4590,缯,1
6420,锡,6355,铞,1
6420,锡,6375,铳,1
6420,锡,6405,锑,1
6420,锡,6495,镯,1
6422,锣,2745,椤,1
6422,锣,4461,级,1
6422,锣,5456,蠼,1
6422,锣,6393,锅,1
6422,锣,6413,错,1
6422,锣,6495,镯,1
6422,锣,7027,鳢,1
6423,锤,1793,徒,1
6423,锤,3675,琴,1
6423,锤,6260,銍,1
6423,锤,6435,锰,1
6423,锤,6452,镃,1
6424,锥,4016,矬,1
6424,锥,4473,纴,1
6424,锥,6308,钪,1
6424,锥,6419,锟,1
6424,锥,6423,锤,1
6424,锥,6432,锭,1
6424,锥,6491,镪,1
6424,锥,6621,雄,1
6425,锦,6266,鍠,1
6425,锦,6337,铈,1
6425,锦,6355,铞,1
6425,锦,6490,镩,1
6426,锧,6389,锁,1
6427,锨,311,做,1
6427,锨,4560,缏,1
6427,锨,6342,铍,1
6427,锨,6483,镢,1
6428,锩,6357,铠,1
6429,锪,6440,锶,1
6430,锫,6354,铝,1
6430,锫,6383,铻,1
6430,锫,6486,镥,1
6431,锬,6389,锁,1
6432,锭,1746,弦,1
6432,锭,1780,彼,1
6432,锭,4543,绽,1
6432,锭,6349,铗,1
6432,锭,6375,铳,1
6432,锭,6404,锐,1
6433,键,3519,犍,1
6433,键,4722,肆,1
6434,锯,4323,筱,1
6434,锯,5527,裾,1
6434,锯,6383,铻,1
6434,锯,6444,锺,1
6435,锰,4488,组,1
6435,锰,6338,铉,1
6435,锰,6383,铻,1
6435,锰,6467,镒,1
6438,锴,6805,饿,1
6439,锵,6380,铸,1
6439,锵,6388,销,1
6440,锶,6429,锪,1
6440,锶,6441,锷,1
6440,锶,6459,镊,1
6441,锷,6481,镠,1
6443,锹,253,俐,1
6443,锹,3219,湫,1
6443,锹,3985,瞅,1
6443,锹,4474,纵,1
6443,锹,6379,铷,1
6445,锻,5462,衔,1
6445,锻,6301,钣,1
6445,锻,6483,镢,1
6445,锻,6487,镦,1
6445,锻,6630,雒,1
6445,锻,6788,饭,1
6446,锼,6342,铍,1
6446,锼,6437,锲,1
6446,锼,6815,馊,1
6447,锾,3683,瑗,1
6447,锾,6459,镊,1
6448,锿,6447,锾,1
6449,镀,4536,绶,1
6449,镀,4575,缠,1
6449,镀,5908,踱,1
6449,镀,6342,铍,1
6449,镀,6372,铰,1
6449,镀,6407,锓,1
6449,镀,6426,锧,1
6449,镀,6493,镬,1
6449,镀,6496,镰,1
6449,镀,6804,饽,1
6450,镁,4527,续,1
6450,镁,4561,缑,1
6450,镁,6405,锑,1
6450,镁,6447,锾,1
6450,镁,6459,镊,1
6450,镁,6485,镤,1
6450,镁,6489,镨,1
6453,镄,6447,锾,1
6455,镆,6818,馍,1
6456,镇,3252,滇,1
6456,镇,4487,练,1
6456,镇,6332,铂,1
6456,镇,6455,镆,1
6456,镇,6493,镬,1
6456,镇,6495,镯,1
6457,镈,6382,铺,1
6459,镊,3161,淑,1
6459,镊,6474,镙,1
6460,镋,6477,镜,1
6461,镌,6490,镩,1
6461,镌,6491,镪,1
6462,镍,4521,绦,1
6462,镍,6337,铈,1
6462,镍,6363,铧,1
6462,镍,6369,铭,1
6462,镍,6390,锂,1
6462,镍,6471,镖,1
6462,镍,6482,镡,1
6464,镏,6436,锱,1
6464,镏,6495,镯,1
6465,镐,3521,犒,1
6465,镐,4165,福,1
6465,镐,4219,稿,1
6465,镐,4320,筠,1
6465,镐,4576,缡,1
6465,镐,6430,锫,1
6465,镐,6457,镈,1
6465,镐,6810,馅,1
6466,镑,4125,礳,1
6466,镑,6374,铲,1
6466,镑,6381,铹,1
6466,镑,6425,锦,1
6466,镑,6494,镭,1
6467,镒,6435,锰,1
6467,镒,6460,镋,1
6468,镓,6365,铩,1
6469,镔,6432,锭,1
6470,镕,3303,潞,1
6470,镕,3450,熔,1
6470,镕,6412,锘,1
6470,镕,6430,锫,1
6472,镗,6492,镫,1
6473,镘,4581,缦,1
6473,镘,6446,锼,1
6473,镘,6822,馒,1
6474,镙,6417,锝,1
6474,镙,6420,锡,1
6475,镚,5931,蹦,1
6476,镛,6496,镰,1
6477,镜,1165,境,1
6477,镜,4368,篪,1
6477,镜,4514,统,1
6477,镜,6341,铌,1
6477,镜,6360,铣,1
6477,镜,6362,铥,1
6477,镜,6375,铳,1
6477,镜,6401,锍,1
6477,镜,6428,锩,1
6477,镜,6447,锾,1
6477,镜,6497,镱,1
6477,镜,6820,馐,1
6478,镝,6465,镐,1
6479,镞,5400,蝣,1
6479,镞,6480,镟,1
6482,镡,6471,镖,1
6482,镡,6494,镭,1
6484,镣,963,嘹,1
6484,镣,2711,梽,1
6484,镣,4487,练,1
6484,镣,6384,铼,1
6484,镣,6498,镲,1
6485,镤,6451,镂,1
6486,镥,5826,赠,1
6487,镦,1586,嵌,1
6489,镨,4589,缮,1
6489,镨,6486,镥,1
6490,镩,6466,镑,1
6492,镫,6387,铿,1
6493,镬,6455,镆,1
6494,镭,6446,锼,1
6494,镭,6464,镏,1
6494,镭,6478,镝,1
6494,镭,6819,馏,1
6495,镯,6474,镙,1
6496,镰,335,像,1
6496,镰,3495,牖,1
6496,镰,3824,痍,1
6496,镰,4571,缛,1
6497,镱,4385,簪,1
6497,镱,6448,锿,1
6498,镲,6471,镖,1
6498,镲,6475,镚,1
6498,镲,6481,镠,1
6498,镲,6484,镣,1
6498,镲,6496,镰,1
6499,镳,6497,镱,1
6499,镳,6502,镶,1
6501,镵,1604,巉,1
6501,镵,6477,镜,1
6501,镵,6498,镲,1
6502,镶,4563,缓,1
6502,镶,6497,镱,1
6502,镶,6501,镵,1
6502,镶,6825,馕,1
6503,长,1075,垃,1
6503,长,1404,安,1
6503,长,3368,炎,1
6503,长,4965,芯,1
6503,长,7168,齿,1
6504,门,116,仃,1
6504,门,617,厅,1
6504,门,1397,宀,1
6504,门,1607,川,1
6504,门,6505,闩,1
6504,门,6506,闪,1
6506,闪,390,冂,1
6506,闪,1607,川,1
6506,闪,2530,朗,1
6506,闪,6509,问,1
6506,闪,6760,风,1
6507,闫,3929,目,1
6507,闫,6511,闰,1
6508,闭,4287,笛,1
6508,闭,6535,阈,1
6508,闭,6546,阔,1
6508,闭,6633,雨,1
6509,问,553,匈,1
6509,问,747,呵,1
6509,问,1003,回,1
6509,问,2420,旧,1
6509,问,3034,泡,1
6509,问,6511,闰,1
6509,问,6532,阅,1
6510,闯,1002,囝,1
6510,闯,1003,回,1
6510,闯,5635,词,1
6510,闯,6508,闭,1
6510,闯,6512,闱,1
6510,闯,6537,阊,1
6510,闯,6539,阌,1
6510,闯,6546,阔,1
6510,闯,6549,阗,1
6511,闰,1017,国,1
6511,闰,6512,闱,1
6511,闰,6521,闺,1
6511,闰,6525,闾,1
6511,闰,6528,阁,1
6511,闰,6529,阂,1
6511,闰,6544,阑,1
6513,闲,1011,困,1
6513,闲,1041,圾,1
6513,闲,3742,用,1
6513,闲,3744,甪,1
6513,闲,6506,闪,1
6513,闲,6511,闰,1
6513,闲,6512,闱,1
6513,闲,6515,间,1
6514,闳,6524,闽,1
6515,间,1003,回,1
6515,间,1534,岣,1
6515,间,2423,旬,1
6515,间,3009,河,1
6515,间,3434,煎,1
6515,间,3755,甸,1
6515,间,6511,闰,1
6515,间,6526,闿,1
6515,间,6530,阃,1
6515,间,6540,阍,1
6515,间,6541,阎,1
6516,闵,1007,团,1
6516,闵,6511,闰,1
6516,闵,6517,闶,1
6517,闶,6514,闳,1
6517,闶,6516,闵,1
6517,闶,6525,闾,1
6518,闷,552,匆,1
6518,闷,2435,昀,1
6518,闷,6506,闪,1
6518,闷,6515,间,1
6518,闷,6524,闽,1
6519,闸,425,凋,1
6519,闸,3744,甪,1
6519,闸,6524,闽,1
6519,闸,6543,阐,1
6520,闹,6514,闳,1
6520,闹,6529,阂,1
6520,闹,6531,阄,1
6520,闹,6544,阑,1
6520,闹,6551,阙,1
6521,闺,1013,围,1
6521,闺,1020,圃,1
6521,闺,1024,圉,1
6521,闺,3064,洙,1
6521,闺,6524,闽,1
6522,闻,3097,浏,1
6522,闻,3755,甸,1
6522,闻,4646,翊,1
6522,闻,6511,闰,1
6522,闻,6519,闸,1
6522,闻,6533,阆,1
6522,闻,6541,阎,1
6522,闻,6545,阒,1
6522,闻,6549,阗,1
6523,闼,6524,闽,1
6524,闽,1013,围,1
6524,闽,6510,闯,1
6524,闽,6511,闰,1
6524,闽,6512,闱,1
6524,闽,6514,闳,1
6524,闽,6517,闶,1
6524,闽,6522,闻,1
6524,闽,6536,阉,1
6524,闽,6544,阑,1
6525,闾,3056,洄,1
6525,闾,6511,闰,1
6525,闾,6517,闶,1
6525,闾,6524,闽,1
6525,闾,6532,阅,1
6525,闾,6541,阎,1
6526,闿,6532,阅,1
6526,闿,6547,阕,1
6526,闿,7038,鸩,1
6527,阀,1412,宙,1
6527,阀,3039,泪,1
6527,阀,3057,洇,1
6527,阀,3755,甸,1
6527,阀,4147,祠,1
6527,阀,5688,调,1
6527,阀,6508,闭,1
6527,阀,6532,阅,1
6527,阀,6535,阈,1
6527,阀,6540,阍,1
6527,阀,6546,阔,1
6528,阁,486,剂,1
6528,阁,743,周,1
6528,阁,6514,闳,1
6528,阁,6517,闶,1
6528,阁,6520,闹,1
6528,阁,6521,闺,1
6528,阁,6534,阇,1
6528,阁,6539,阌,1
6528,阁,6541,阎,1
6529,阂,2986,沏,1
6529,阂,6511,闰,1
6529,阂,6524,闽,1
6529,阂,6525,闾,1
6529,阂,6528,阁,1
6529,阂,6534,阇,1
6529,阂,6551,阙,1
6531,阄,1023,圈,1
6531,阄,6538,阋,1
6532,阅,687,同,1
6532,阅,1004,囟,1
6532,阅,1012,囱,1
6532,阅,2420,旧,1
6532,阅,5664,诫,1
6532,阅,6516,闵,1
6532,阅,6531,阄,1
6533,阆,6514,闳,1
6533,阆,6525,闾,1
6533,阆,6532,阅,1
6534,阇,6517,闶,1
6534,阇,6540,阍,1
6534,阇,6541,阎,1
6534,阇,6548,阖,1
6534,阇,6552,阚,1
6535,阈,6520,闹,1
6536,阉,184,伺,1
6536,阉,1014,囵,1
6536,阉,1024,圉,1
6536,阉,6532,阅,1
6537,阊,6525,闾,1
6537,阊,6531,阄,1
6537,阊,6532,阅,1
6537,阊,6540,阍,1
6537,阊,6541,阎,1
6538,阋,6551,阙,1
6539,阌,6526,闿,1
6541,阎,3163,淘,1
6541,阎,6510,闯,1
6541,阎,6511,闰,1
6541,阎,6531,阄,1
6541,阎,6539,阌,1
6541,阎,6543,阐,1
6541,阎,6548,阖,1
6541,阎,6552,阚,1
6542,阏,6527,阀,1
6542,阏,6552,阚,1
6543,阐,3742,用,1
6543,阐,5731,谰,1
6543,阐,6526,闿,1
6543,阐,6533,阆,1
6543,阐,6535,阈,1
6544,阑,3112,浦,1
6544,阑,3322,澜,1
6544,阑,6511,闰,1
6544,阑,6516,闵,1
6544,阑,6519,闸,1
6544,阑,6522,闻,1
6544,阑,6526,闿,1
6545,阒,1018,图,1
6545,阒,6537,阊,1
6545,阒,6544,阑,1
6546,阔,720,吻,1
6546,阔,2527,朐,1
6546,阔,3019,泅,1
6546,阔,3067,洞,1
6546,阔,5688,调,1
6546,阔,5703,谓,1
6546,阔,6510,闯,1
6546,阔,6524,闽,1
6546,阔,6533,阆,1
6546,阔,6542,阏,1
6547,阕,6510,闯,1
6548,阖,6521,闺,1
6548,阖,6529,阂,1
6549,阗,6532,阅,1
6549,阗,6535,阈,1
6551,阙,510,劂,1
6551,阙,3240,溯,1
6551,阙,6529,阂,1
6552,阚,6542,阏,1
6552,阚,6551,阙,1
6553,阜,77,争,1
6553,阜,1732,弇,1
6553,阜,2422,早,1
6553,阜,2600,枭,1
6553,阜,2674,桌,1
6553,阜,5952,身,1
6553,阜,6673,革,1
6554,阝,46,乃,1
6554,阝,1667,干,1
6555,队,140,以,1
6555,队,665,叭,1
6555,队,5853,趴,1
6555,队,6557,阢,1
6557,阢,6559,阮,1
6558,阪,6571,陂,1
6559,阮,711,吭,1
6560,阱,3205,湃,1
6560,阱,4034,研,1
6561,防,3084,洽,1
6561,防,3244,溶,1
6561,防,4741,肪,1
6561,防,6204,酝,1
6561,防,6569,阿,1
6561,防,6574,陆,1
6561,防,6592,陪,1
6562,阳,607,即,1
6562,阳,1675,幽,1
6562,阳,6566,阻,1
6562,阳,6569,阿,1
6562,阳,6571,陂,1
6563,阴,42,丽,1
6563,阴,2525,朋,1
6563,阴,2530,朗,1
6563,阴,4816,脾,1
6563,阴,6569,阿,1
6563,阴,6572,附,1
6564,阵,622,厍,1
6564,阵,6556,阡,1
6564,阵,6573,际,1
6564,阵,6594,陲,1
6565,阶,150,价,1
6565,阶,2044,所,1
6565,阶,3617,玠,1
6565,阶,6556,阡,1
6565,阶,6580,降,1
6566,阻,1783,徂,1
6566,阻,2860,此,1
6566,阻,4139,祖,1
6566,阻,4760,胆,1
6566,阻,5335,蛆,1
6566,阻,6562,阳,1
6566,阻,6563,阴,1
6566,阻,6589,陧,1
6567,阼,202,作,1
6567,阼,4041,砟,1
6567,阼,6575,陇,1
6568,阽,3629,玷,1
6568,阽,6761,飐,1
6569,阿,3633,珂,1
6570,陀,4763,胎,1
6570,陀,5865,跎,1
6570,陀,6589,陧,1
6571,陂,2102,披,1
6571,陂,6570,陀,1
6571,陂,6579,陌,1
6571,陂,6586,陡,1
6572,附,1693,府,1
6572,附,6563,阴,1
6572,附,6565,阶,1
6572,附,6569,阿,1
6573,际,1911,悖,1
6573,际,5011,茁,1
6573,际,6564,阵,1
6573,际,6572,附,1
6574,陆,1506,属,1
6574,陆,4792,能,1
6574,陆,5795,贿,1
6574,陆,6585,陟,1
6575,陇,3954,眬,1
6575,陇,6561,防,1
6575,陇,6802,饻,1
6576,陈,3388,炼,1
6576,陈,6573,际,1
6576,陈,6588,除,1
6577,陉,1784,径,1
6577,陉,6564,阵,1
6578,陋,6604,随,1
6579,陌,2454,昭,1
6579,陌,4027,码,1
6579,陌,5920,蹈,1
6579,陌,6569,阿,1
6579,陌,6577,陉,1
6579,陌,6578,陋,1
6580,降,3172,淬,1
6580,降,6564,阵,1
6580,降,6610,障,1
6580,降,6850,驿,1
6581,限,2995,没,1
6581,限,3635,珉,1
6581,限,6378,银,1
6583,陕,3087,浃,1
6583,陕,3374,炜,1
6583,陕,6576,陈,1
6584,陛,6592,陪,1
6584,陛,6595,陴,1
6585,陟,6586,陡,1
6586,陡,1793,徒,1
6586,陡,5355,蛱,1
6586,陡,6585,陟,1
6586,陡,6590,陨,1
6587,院,3411,烷,1
6587,院,3992,瞠,1
6587,院,6559,阮,1
6587,院,6570,陀,1
6587,院,6722,顾,1
6588,除,3121,涂,1
6588,除,3249,滁,1
6588,除,4798,脎,1
6588,除,5820,赚,1
6588,除,6568,阽,1
6588,除,6598,陷,1
6588,除,6599,隅,1
6589,陧,6612,隰,1
6590,陨,224,侈,1
6590,陨,2197,损,1
6590,陨,4464,纪,1
6590,陨,6788,饭,1
6591,险,1560,峪,1
6591,险,2505,曈,1
6591,险,2713,检,1
6591,险,6573,际,1
6591,险,6577,陉,1
6591,险,6600,隆,1
6591,险,6603,隍,1
6591,险,6784,饩,1
6592,陪,1650,帱,1
6592,陪,3146,涫,1
6592,陪,4782,胯,1
6592,陪,5815,赔,1
6592,陪,6229,醅,1
6592,陪,6582,陔,1
6593,陬,301,倻,1
6593,陬,4000,瞰,1
6594,陲,6423,锤,1
6596,陵,170,传,1
6596,陵,836,唛,1
6596,陵,3583,猪,1
6596,陵,4809,脧,1
6596,陵,6571,陂,1
6596,陵,6585,陟,1
6596,陵,6592,陪,1
6596,陵,6979,鲮,1
6597,陶,2219,掏,1
6597,陶,3163,淘,1
6597,陶,4789,胸,1
6597,陶,6793,饲,1
6598,陷,178,伯,1
6598,陷,5920,蹈,1
6598,陷,6708,韬,1
6599,隅,316,偶,1
6599,隅,883,喁,1
6599,隅,1446,寓,1
6599,隅,4814,脶,1
6600,隆,4286,笙,1
6600,隆,6579,陌,1
6600,隆,6580,降,1
6600,隆,6587,院,1
6600,隆,6610,障,1
6601,隈,6581,限,1
6602,隋,4847,膂,1
6602,隋,4866,臂,1
6602,隋,6665,靖,1
6603,隍,6600,隆,1
6603,隍,6607,隗,1
6604,随,872,啮,1
6604,随,5405,蝴,1
6604,随,6586,陡,1
6605,隐,1387,学,1
6605,隐,4119,礁,1
6605,隐,6587,院,1
6605,隐,6607,隗,1
6605,隐,6611,隧,1
6605,隐,6802,饻,1
6606,隔,922,嗝,1
6606,隔,4848,膈,1
6606,隔,5915,蹁,1
6606,隔,6672,靥,1
6606,隔,6870,骗,1
6609,隙,1567,崇,1
6609,隙,2489,晾,1
6609,隙,4805,脖,1
6609,隙,6564,阵,1
6609,隙,6573,际,1
6609,隙,6605,隐,1
6610,障,3702,璋,1
6610,障,3871,瘴,1
6610,障,6556,阡,1
6610,障,6609,隙,1
6611,隧,6570,陀,1
6611,隧,6576,陈,1
6614,隶,3114,浪,1
6614,隶,4179,秉,1
6614,隶,4720,肃,1
6615,隹,204,佞,1
6615,隹,215,佳,1
6616,隼,3497,牚,1
6616,隼,6623,集,1
6617,隽,262,信,1
6617,隽,845,售,1
6617,隽,3222,湾,1
6618,难,754,咀,1
6618,难,846,唯,1
6618,难,997,囊,1
6618,难,1131,堆,1
6618,难,1280,姓,1
6618,难,1912,悚,1
6618,难,1942,惟,1
6618,难,6125,邓,1
6619,雀,360,光,1
6619,雀,3938,省,1
6619,雀,5147,萑,1
6619,雀,5210,蓓,1
6619,雀,6624,雇,1
6620,雁,633,厩,1
6620,雁,1253,妊,1
6620,雁,3937,盾,1
6620,雁,4236,窄,1
6620,雁,4902,航,1
6620,雁,6630,雒,1
6621,雄,329,傩,1
6621,雄,5361,蛾,1
6621,雄,6632,雠,1
6623,集,1795,得,1
6623,集,1872,恁,1
6623,集,3442,煲,1
6623,集,6250,采,1
6624,雇,342,僮,1
6624,雇,3823,痊,1
6624,雇,5289,虎,1
6624,雇,6619,雀,1
6624,雇,6620,雁,1
6625,雉,4534,维,1
6625,雉,6628,雎,1
6626,雌,1538,岭,1
6626,雌,1584,嵊,1
6626,雌,3299,潍,1
6626,雌,6628,雎,1
6627,雍,4575,缠,1
6627,雍,6620,雁,1
6628,雎,3969,睚,1
6629,雏,202,作,1
6629,雏,2008,懒,1
6629,雏,3299,潍,1
6629,雏,4534,维,1
6629,雏,6333,铃,1
6629,雏,6424,锥,1
6629,雏,6628,雎,1
6629,雏,6630,雒,1
6631,雕,1657,幄,1
6631,雕,4726,肌,1
6631,雕,4769,胜,1
6631,雕,4902,航,1
6631,雕,6207,酢,1
6631,雕,6628,雎,1
6632,雠,4919,艇,1
6632,雠,6244,醮,1
6633,雨,395,再,1
6633,雨,1924,悯,1
6633,雨,3213,湘,1
6634,雩,6641,雾,1
6635,雪,1759,当,1
6635,雪,6634,雩,1
6635,雪,6636,雯,1
6635,雪,6638,零,1
6635,雪,6648,霉,1
6636,雯,6635,雪,1
6637,雳,534,勇,1
6637,雳,1642,帛,1
6637,雳,3732,甍,1
6637,雳,5290,虏,1
6637,雳,5553,覆,1
6638,零,1157,塞,1
6638,零,1716,廖,1
6638,零,2710,梵,1
6638,零,5551,要,1
6638,零,6636,雯,1
6639,雷,3747,甭,1
6639,雷,3767,留,1
6639,雷,4675,耍,1
6639,雷,6635,雪,1
6639,雷,6640,雹,1
6639,雷,6648,霉,1
6640,雹,367,党,1
6640,雹,7050,鸶,1
6641,雾,504,剪,1
6641,雾,519,务,1
6641,雾,6638,零,1
6641,雾,6643,霁,1
6642,需,1593,嵩,1
6642,需,3338,濡,1
6642,需,4172,离,1
6642,需,6637,雳,1
6642,需,6639,雷,1
6642,需,6641,雾,1
6642,需,6647,霈,1
6644,霄,1762,彗,1
6644,霄,2155,拿,1
6644,霄,2940,氰,1
6644,霄,6646,震,1
6644,霄,6648,霉,1
6645,霆,6254,重,1
6645,霆,6656,霪,1
6646,震,5487,袋,1
6646,震,5540,褰,1
6646,震,6658,霰,1
6648,霉,2898,毒,1
6648,霉,6644,霄,1
6648,霉,6656,霪,1
6649,霍,6619,雀,1
6649,霍,6644,霄,1
6649,霍,6646,震,1
6649,霍,6656,霪,1
6650,霎,1272,妻,1
6650,霎,2029,戛,1
6650,霎,5585,詈,1
6650,霎,6648,霉,1
6652,霓,6640,雹,1
6653,霖,6660,霸,1
6655,霞,5553,覆,1
6655,霞,6661,霹,1
6659,露,4107,磊,1
6659,露,6655,霞,1
6659,露,6657,霭,1
6659,露,6811,馆,1
6659,露,7172,龄,1
6659,露,7177,龉,1
6660,霸,4658,翦,1
6660,霸,5195,蒴,1
6661,霹,6643,霁,1
6661,霹,6644,霄,1
6662,霾,1451,寤,1
6662,霾,6643,霁,1
6663,青,1461,寿,1
6663,青,1543,岸,1
6663,青,2898,毒,1
6663,青,3773,番,1
6663,青,3947,眚,1
6663,青,3963,着,1
6663,青,4727,肓,1
6663,青,5767,责,1
6663,青,6829,香,1
6664,靓,5556,规,1
6665,靖,1327,婧,1
6665,靖,2414,旖,1
6665,靖,3180,清,1
6665,靖,4271,端,1
6665,靖,6380,铸,1
6665,靖,6978,鲭,1
6666,静,6013,辞,1
6666,静,7088,鹣,1
6667,靛,5333,蛀,1
6667,靛,5832,赧,1
6667,靛,6664,靓,1
6667,靛,6728,预,1
6667,靛,6753,颠,1
6668,非,1809,忄,1
6668,非,2117,拈,1
6668,非,2370,敞,1
6668,非,3074,洮,1
6668,非,3385,炸,1
6668,非,3648,班,1
6668,非,4041,砟,1
6668,非,5133,菲,1
6668,非,5966,轮,1
6669,靠,2925,氘,1
6669,靠,3402,烤,1
6670,靡,4429,糜,1
6670,靡,4518,绣,1
6670,靡,6651,霏,1
6671,面,1703,庵,1
6671,面,4019,石,1
6671,面,4674,而,1
6671,面,5457,血,1
6671,面,6078,通,1
6671,面,6193,酉,1
6673,革,76,予,1
6673,革,77,争,1
6673,革,1225,奉,1
6673,革,4942,芋,1
6673,革,5043,茸,1
6673,革,5052,草,1
6673,革,5066,荣,1
6673,革,5082,荼,1
6673,革,5141,萆,1
6673,革,5170,董,1
6674,靰,4902,航,1
6674,靰,6676,靴,1
6675,靳,1578,崭,1
6675,靳,2396,斩,1
6675,靳,2399,斯,1
6675,靳,2400,新,1
6676,靴,5248,蕲,1
6676,靴,6685,鞋,1
6677,靶,5171,葩,1
6677,靶,5960,轨,1
6679,靺,2721,棘,1
6682,靿,543,勤,1
6682,靿,5248,蕲,1
6683,鞁,6675,靳,1
6684,鞅,5974,轶,1
6684,鞅,6676,靴,1
6684,鞅,6678,靸,1
6685,鞋,583,协,1
6685,鞋,2157,挂,1
6685,鞋,5282,蘖,1
6685,鞋,6688,鞒,1
6685,鞋,6868,骓,1
6686,鞍,6692,鞡,1
6687,鞑,6684,鞅,1
6687,鞑,6692,鞡,1
6688,鞒,6185,鄞,1
6688,鞒,6675,靳,1
6688,鞒,6684,鞅,1
6690,鞘,4649,翔,1
6690,鞘,4687,耥,1
6690,鞘,6675,靳,1
6690,鞘,6698,鞯,1
6691,鞠,5995,辋,1
6695,鞨,7076,鹑,1
6696,鞫,6691,鞠,1
6697,鞭,6016,辨,1
6698,鞯,6690,鞘,1
6700,鞴,4691,耩,1
6700,鞴,6695,鞨,1
6700,鞴,6698,鞯,1
6700,鞴,6699,鞲,1
6702,韦,34,丰,1
6702,韦,53,乍,1
6702,韦,1740,弗,1
6702,韦,2948,求,1
6702,韦,3754,男,1
6702,韦,4978,苇,1
6703,韧,466,初,1
6703,韧,6177,都,1
6705,韩,2734,棼,1
6705,韩,6684,鞅,1
6708,韬,6810,馅,1
6709,韭,1926,悲,1
6709,韭,3612,玖,1
6709,韭,5133,菲,1
6709,韭,6668,非,1
6710,音,1200,多,1
6710,音,1768,彦,1
6710,音,2445,昔,1
6710,音,3770,畜,1
6712,韶,2530,朗,1
6712,韶,4133,祃,1
6712,韶,5755,貂,1
6712,韶,6711,韵,1
6713,页,4954,芡,1
6713,页,5307,虿,1
6713,页,5764,负,1
6713,页,5765,贡,1
6713,页,5855,趸,1
6714,顶,237,侦,1
6714,顶,1494,屃,1
6714,顶,2197,损,1
6715,顷,1048,坎,1
6715,顷,1106,埇,1
6716,顸,6729,颅,1
6716,顸,6734,颊,1
6717,项,2356,攻,1
6718,顺,811,哝,1
6718,顺,1629,帅,1
6718,顺,1647,帧,1
6718,顺,6719,须,1
6718,顺,6726,颂,1
6719,须,1780,彼,1
6719,须,4478,纹,1
6719,须,6051,迫,1
6719,须,6715,顷,1
6719,须,6718,顺,1
6720,顼,6716,顸,1
6720,顼,6721,顽,1
6721,顽,1745,弥,1
6721,顽,3622,玩,1
6721,顽,4067,硕,1
6721,顽,4074,硬,1
6721,顽,6720,顼,1
6721,顽,6732,颈,1
6722,顾,4038,砚,1
6722,顾,4105,磅,1
6722,顾,6590,陨,1
6723,顿,5349,蛟,1
6723,顿,6715,顷,1
6724,颀,6722,顾,1
6725,颁,1779,彻,1
6725,颁,2846,欲,1
6725,颁,6724,颀,1
6726,颂,4515,绠,1
6726,颂,6715,顷,1
6726,颂,6725,颁,1
6726,颂,6727,颃,1
6727,颃,4067,硕,1
6727,颃,6726,颂,1
6728,预,2853,歆,1
6728,预,5833,赪,1
6728,预,6754,颡,1
6729,颅,6719,须,1
6729,颅,6740,频,1
6730,领,3726,瓴,1
6730,领,6725,颁,1
6731,颇,1586,嵌,1
6731,颇,2890,殿,1
6731,颇,6753,颠,1
6732,颈,4031,砍,1
6732,颈,6725,颁,1
6732,颈,6728,预,1
6732,颈,6747,颚,1
6734,颊,2842,欢,1
6734,颊,2888,段,1
6734,颊,3403,烦,1
6734,颊,6134,邦,1
6735,颋,6749,颜,1
6736,颌,2368,敛,1
6736,颌,6732,颈,1
6736,颌,6745,题,1
6737,颍,3403,烦,1
6737,颍,4378,簌,1
6738,颏,4271,端,1
6739,颐,4873,臣,1
6740,频,1590,嵚,1
6740,频,1603,巅,1
6740,频,2851,款,1
6740,频,5759,貌,1
6740,频,6426,锧,1
6740,频,6729,颅,1
6741,颓,72,乱,1
6741,颓,2721,棘,1
6741,颓,6719,须,1
6741,颓,6733,颉,1
6741,颓,6740,频,1
6741,颓,6755,颢,1
6742,颔,6732,颈,1
6743,颖,2848,欸,1
6743,颖,3785,疑,1
6743,颖,4378,簌,1
6743,颖,5973,轵,1
6743,颖,6748,颛,1
6743,颖,6754,颡,1
6744,颗,6737,颍,1
6744,颗,6746,颙,1
6744,颗,6755,颢,1
6745,题,5905,踬,1
6745,题,6170,郧,1
6747,颚,6180,鄂,1
6747,颚,6441,锷,1
6748,颛,6757,颥,1
6749,颜,2853,歆,1
6749,颜,6721,顽,1
6749,颜,6727,颃,1
6749,颜,6728,预,1
6750,额,2846,欲,1
6750,额,2856,歌,1
6750,额,3731,甄,1
6750,额,6755,颢,1
6750,额,6757,颥,1
6752,颟,6759,颧,1
6753,颠,5988,辄,1
6753,颠,6738,颏,1
6755,颢,1775,影,1
6755,颢,7133,黢,1
6756,颤,6738,颏,1
6756,颤,6749,颜,1
6757,颥,6750,额,1
6757,颥,6754,颡,1
6758,颦,5239,蕈,1
6758,颦,5376,蜚,1
6758,颦,7019,鳘,1
6759,颧,630,厥,1
6759,颧,6697,鞭,1
6759,颧,6749,颜,1
6759,颧,6754,颡,1
6760,风,1615,巩,1
6760,风,5554,见,1
6760,风,6257,金,1
6761,飐,5784,贴,1
6761,飐,6766,飕,1
6762,飑,6765,飔,1
6762,飑,6766,飕,1
6763,飒,531,劾,1
6763,飒,1615,巩,1
6763,飒,3001,沨,1
6763,飒,4469,纰,1
6765,飔,6764,飓,1
6767,飗,4843,腽,1
6768,飘,3720,瓢,1
6771,飞,1817,忑,1
6771,飞,2512,曰,1
6772,食,2922,气,1
6772,食,7183,龛,1
6773,飧,5312,蚋,1
6774,飨,4534,维,1
6774,飨,4543,绽,1
6774,飨,6773,飧,1
6775,餍,6596,陵,1
6776,餐,6758,颦,1
6778,饔,6777,餮,1
6779,饕,6658,霰,1
6779,饕,6776,餐,1
6780,饣,30,个,1
6780,饣,551,包,1
6781,饥,72,乱,1
6781,饥,5867,跐,1
6781,饥,6285,钒,1
6782,饧,4307,筋,1
6782,饧,6376,铴,1
6782,饧,6787,饬,1
6783,饨,2985,沌,1
6784,饩,6799,饸,1
6784,饩,7170,龁,1
6785,饪,6809,馄,1
6786,饫,5860,跃,1
6787,饬,5463,街,1
6787,饬,6784,饩,1
6788,饭,3761,畈,1
6788,饭,4461,级,1
6788,饭,4491,织,1
6788,饭,6301,钣,1
6788,饭,6798,饷,1
6789,饮,161,伐,1
6789,饮,1048,坎,1
6789,饮,2843,欣,1
6789,饮,5629,识,1
6789,饮,6304,钦,1
6790,饯,161,伐,1
6790,饯,2026,戗,1
6790,饯,3088,浅,1
6790,饯,5792,贼,1
6790,饯,5884,践,1
6790,饯,6351,铙,1
6790,饯,6797,饶,1
6790,饯,6815,馊,1
6791,饰,1040,圻,1
6791,饰,4307,筋,1
6791,饰,5911,踹,1
6791,饰,6370,铮,1
6792,饱,4144,祝,1
6792,饱,4512,绝,1
6792,饱,5868,跑,1
6793,饲,553,匈,1
6793,饲,4013,矧,1
6793,饲,5635,词,1
6794,饳,4059,础,1
6794,饳,5308,蚀,1
6795,饴,2872,殆,1
6795,饴,6810,馅,1
6796,饵,3075,洱,1
6796,饵,3150,涵,1
6796,饵,4539,绹,1
6797,饶,337,僚,1
6797,饶,3899,皑,1
6797,饶,4304,筅,1
6797,饶,4309,筏,1
6797,饶,4467,纭,1
6797,饶,5886,跷,1
6798,饷,4551,缅,1
6798,饷,6782,饧,1
6799,饸,5350,蛤,1
6799,饸,6354,铝,1
6799,饸,6795,饴,1
6801,饺,5333,蛀,1
6801,饺,5349,蛟,1
6801,饺,6340,铋,1
6801,饺,6719,须,1
6801,饺,6797,饶,1
6801,饺,6961,鲛,1
6802,饻,233,依,1
6802,饻,6801,饺,1
6803,饼,6791,饰,1
6803,饼,6807,馁,1
6803,饼,6814,馉,1
6804,饽,3109,浡,1
6804,饽,4805,脖,1
6805,饿,815,哦,1
6805,饿,852,唾,1
6805,饿,6790,饯,1
6806,馀,4450,繇,1
6806,馀,5806,赊,1
6806,馀,6468,镓,1
6807,馁,2026,戗,1
6807,馁,4344,箧,1
6807,馁,4520,绥,1
6808,馃,6418,锞,1
6809,馄,3667,琨,1
6809,馄,6369,铭,1
6809,馄,6419,锟,1
6810,馅,4387,簿,1
6810,馅,6332,铂,1
6810,馅,6598,陷,1
6810,馅,6819,馏,1
6811,馆,846,唯,1
6811,馆,5308,蚀,1
6813,馈,6726,颂,1
6813,馈,6800,饹,1
6816,馋,291,倥,1
6816,馋,3681,瑄,1
6816,馋,6792,饱,1
6816,馋,6800,饹,1
6816,馋,6809,馄,1
6817,馌,5308,蚀,1
6817,馌,6467,镒,1
6818,馍,919,嗔,1
6818,馍,4505,绕,1
6818,馍,4527,续,1
6818,馍,5940,蹼,1
6819,馏,2787,榴,1
6819,馏,6815,馊,1
6822,馒,1660,幔,1
6822,馒,4461,级,1
6822,馒,4581,缦,1
6822,馒,5724,谩,1
6822,馒,6801,饺,1
6822,馒,6824,馔,1
6822,馒,7018,鳗,1
6823,馓,1807,徽,1
6823,馓,5925,蹑,1
6826,首,2932,氤,1
6826,首,3746,甬,1
6826,首,3891,百,1
6826,首,3932,盲,1
6826,首,4324,筲,1
6826,首,4631,羞,1
6826,首,4727,肓,1
6826,首,4889,舌,1
6826,首,5140,萄,1
6826,首,5146,萏,1
6826,首,6195,酋,1
6827,馗,1482,尴,1
6827,馗,3814,疽,1
6829,香,14,专,1
6829,香,2554,杏,1
6829,香,2573,杳,1
6829,香,2630,柰,1
6829,香,3894,皆,1
6829,香,4175,秀,1
6829,香,4177,秃,1
6829,香,4399,粕,1
6829,香,4627,羑,1
6832,马,11,与,1
6832,马,52,乌,1
6832,马,67,习,1
6832,马,1460,导,1
6832,马,1738,弓,1
6833,驭,6837,驱,1
6834,驮,266,俩,1
6834,驮,1373,孔,1
6834,驮,6841,驶,1
6835,驯,5606,训,1
6836,驰,6847,驼,1
6837,驱,3820,症,1
6837,驱,5954,躯,1
6837,驱,6868,骓,1
6838,驳,3504,牧,1
6838,驳,6833,驭,1
6839,驴,2633,柴,1
6839,驴,4023,矽,1
6840,驵,6842,驷,1
6842,驷,3028,泗,1
6842,驷,6836,驰,1
6843,驸,1463,射,1
6844,驹,6597,陶,1
6844,驹,6845,驺,1
6846,驻,1749,弪,1
6846,驻,1752,弱,1
6846,驻,5996,辌,1
6846,驻,6847,驼,1
6846,驻,6857,骇,1
6846,驻,7049,鸵,1
6847,驼,1749,弪,1
6847,驼,5966,轮,1
6847,驼,6836,驰,1
6847,驼,6846,驻,1
6847,驼,6851,骀,1
6847,驼,6852,骁,1
6847,驼,6856,骆,1
6847,驼,6868,骓,1
6848,驽,1386,孥,1
6848,驽,4887,舅,1
6848,驽,7051,鸷,1
6849,驾,1386,孥,1
6849,驾,4708,聋,1
6849,驾,7058,鸾,1
6851,骀,6856,骆,1
6853,骂,697,吗,1
6853,骂,793,哆,1
6853,骂,1386,孥,1
6854,骄,4800,脐,1
6854,骄,6565,阶,1
6854,骄,6866,骑,1
6856,骆,3704,璐,1
6856,骆,4063,硌,1
6856,骆,5934,蹭,1
6856,骆,5986,辂,1
6856,骆,6845,驺,1
6857,骇,1746,弦,1
6858,骈,4578,缣,1
6858,骈,6883,骤,1
6860,骋,2498,暝,1
6860,骋,6866,骑,1
6860,骋,6883,骤,1
6861,验,1749,弪,1
6861,验,2871,殄,1
6861,验,4815,脸,1
6861,验,6591,险,1
6862,骍,2390,斝,1
6862,骍,6014,辟,1
6862,骍,6854,骄,1
6862,骍,6855,骅,1
6863,骎,37,丶,1
6863,骎,5735,谴,1
6863,骎,6880,骡,1
6864,骏,1380,孜,1
6864,骏,2878,殒,1
6864,骏,3417,焌,1
6864,骏,3430,然,1
6864,骏,6863,骎,1
6865,骐,3668,琪,1
6865,骐,3781,疆,1
6866,骑,3510,特,1
6866,骑,3574,猗,1
6866,骑,3776,畴,1
6866,骑,6845,驺,1
6866,骑,6862,骍,1
6867,骒,5898,踝,1
6868,骓,6622,雅,1
6870,骗,4094,碥,1
6870,骗,5915,蹁,1
6873,骚,7007,鳋,1
6874,骛,7097,鹭,1
6877,骞,2287,搴,1
6877,骞,5919,蹇,1
6878,骟,6870,骗,1
6880,骡,3290,漯,1
6880,骡,6841,驶,1
6880,骡,6869,骖,1
6880,骡,6883,骤,1
6880,骡,6885,骧,1
6880,骡,7011,鳏,1
6881,骢,6879,骠,1
6882,骣,3996,瞩,1
6883,骤,6867,骒,1
6886,骨,396,冒,1
6886,骨,3256,滑,1
6886,骨,4753,肾,1
6886,骨,4774,胥,1
6886,骨,4993,苛,1
6886,骨,6940,鲁,1
6890,骷,7132,黠,1
6893,骼,6212,酩,1
6893,骼,6631,雕,1
6894,髀,6666,静,1
6895,髁,6666,静,1
6895,髁,6894,髀,1
6896,髂,2488,智,1
6896,髂,4792,能,1
6896,髂,6893,骼,1
6897,髅,7070,鹊,1
6898,髋,6901,髓,1
6899,髌,4420,糇,1
6899,髌,4432,糨,1
6900,髑,5454,蠲,1
6901,髓,4922,艏,1
6902,高,101,享,1
6902,高,857,商,1
6902,高,1491,局,1
6902,高,4650,翕,1
6902,高,4747,育,1
6902,高,6826,首,1
6903,髟,1773,彭,1
6903,髟,7131,黟,1
6904,髡,5743,豌,1
6904,髡,6903,髟,1
6905,髦,3677,琶,1
6909,髹,6911,鬃,1
6911,鬃,6874,骛,1
6911,鬃,6906,髫,1
6911,鬃,6908,髯,1
6912,鬈,5739,豁,1
6915,鬟,5503,裂,1
6917,鬯,445,凼,1
6919,鬹,2520,替,1
6921,鬼,403,冠,1
6921,鬼,4883,舀,1
6921,鬼,5477,衷,1
6921,鬼,5919,蹇,1
6923,魂,5743,豌,1
6923,魂,7059,鸿,1
6924,魃,6926,魅,1
6924,魃,6927,魆,1
6924,魃,6929,魈,1
6925,魄,3974,睥,1
6925,魄,6923,魂,1
6925,魄,7052,鸸,1
6926,魅,6922,魁,1
6927,魆,6924,魃,1
6928,魇,1454,寮,1
6928,魇,7118,麾,1
6930,魉,6933,魑,1
6932,魏,1341,媳,1
6932,魏,1605,巍,1
6932,魏,5994,辊,1
6932,魏,6006,辖,1
6932,魏,6667,靛,1
6932,魏,6923,魂,1
6934,魔,1196,夔,1
6934,魔,5292,虑,1
6934,魔,6670,靡,1
6935,鱼,1193,备,1
6935,鱼,4875,自,1
6935,鱼,6671,面,1
6936,鱽,6991,鲺,1
6937,鱾,6942,鲃,1
6937,鱾,6983,鲲,1
6939,鲀,5336,蛇,1
6940,鲁,387,兽,1
6940,鲁,3484,爹,1
6941,鲂,6936,鱽,1
6941,鲂,6945,鲇,1
6942,鲃,6937,鱾,1
6943,鲅,6998,鳂,1
6945,鲇,6943,鲅,1
6946,鲈,5971,轳,1
6946,鲈,6839,驴,1
6947,鲉,6330,铀,1
6948,鲊,4041,砟,1
6949,鲋,6950,鲌,1
6949,鲋,6970,鲥,1
6950,鲌,6332,铂,1
6951,鲍,2844,欤,1
6951,鲍,4512,绝,1
6951,鲍,5488,袍,1
6951,鲍,5868,跑,1
6951,鲍,6119,邀,1
6951,鲍,6792,饱,1
6951,鲍,6950,鲌,1
6952,鲎,1130,堂,1
6954,鲐,6945,鲇,1
6956,鲒,6941,鲂,1
6956,鲒,6955,鲑,1
6957,鲔,6950,鲌,1
6958,鲕,6957,鲔,1
6958,鲕,6985,鲴,1
6959,鲙,6954,鲐,1
6960,鲚,6290,钘,1
6960,鲚,6893,骼,1
6961,鲛,6974,鲩,1
6961,鲛,6979,鲮,1
6962,鲜,1788,徉,1
6962,鲜,6944,鲆,1
6962,鲜,6955,鲑,1
6962,鲜,6971,鲦,1
6962,鲜,6983,鲲,1
6962,鲜,7024,鳞,1
6966,鲡,2363,敏,1
6966,鲡,6227,酾,1
6967,鲢,6955,鲑,1
6969,鲤,726,呈,1
6969,鲤,5982,轾,1
6969,鲤,6955,鲑,1
6969,鲤,6996,鳀,1
6971,鲦,6999,鳃,1
6972,鲧,2369,敝,1
6972,鲧,6220,酴,1
6973,鲨,1130,堂,1
6973,鲨,4382,簠,1
6973,鲨,6124,邑,1
6973,鲨,7008,鳌,1
6974,鲩,5743,豌,1
6974,鲩,6986,鲵,1
6974,鲩,6989,鲸,1
6976,鲫,6139,邰,1
6976,鲫,6958,鲕,1
6976,鲫,6960,鲚,1
6977,鲬,6995,鲾,1
6978,鲭,7024,鳞,1
6979,鲮,7002,鳆,1
6980,鲯,6947,鲉,1
6980,鲯,7136,黩,1
6982,鲱,6946,鲈,1
6983,鲲,4532,绲,1
6985,鲴,6988,鲷,1
6986,鲵,3901,皖,1
6987,鲶,5413,螅,1
6987,鲶,5891,跽,1
6987,鲶,6972,鲧,1
6988,鲷,4538,绸,1
6989,鲸,4212,稣,1
6989,鲸,5286,蘸,1
6989,鲸,6964,鲟,1
6989,鲸,7013,鳑,1
6989,鲸,7025,鳟,1
6991,鲺,5458,衄,1
6995,鲾,3746,甬,1
6996,鳀,6998,鳂,1
6997,鳁,6984,鲳,1
6998,鳂,4553,缇,1
6999,鳃,6369,铭,1
6999,鳃,6987,鲶,1
7000,鳄,5933,蹬,1
7000,鳄,6441,锷,1
7000,鳄,7013,鳑,1
7001,鳅,6443,锹,1
7001,鳅,6995,鲾,1
7002,鳆,5403,蝮,1
7003,鳇,7004,鳈,1
7004,鳈,2637,栅,1
7004,鳈,7011,鳏,1
7005,鳉,6935,鱼,1
7005,鳉,6978,鲭,1
7006,鳊,5915,蹁,1
7006,鳊,7021,鳚,1
7006,鳊,7157,鼱,1
7007,鳋,6978,鲭,1
7008,鳌,6269,鏊,1
7008,鳌,6908,髯,1
7009,鳍,6489,镨,1
7009,鳍,6992,鲻,1
7010,鳎,5923,蹋,1
7010,鳎,6983,鲲,1
7010,鳎,6984,鲳,1
7012,鳐,6972,鲧,1
7012,鳐,6987,鲶,1
7013,鳑,7023,鳝,1
7013,鳑,7074,鹏,1
7014,鳓,7010,鳎,1
7015,鳔,6471,镖,1
7017,鳖,5932,蹩,1
7017,鳖,7135,黧,1
7024,鳞,3552,狭,1
7024,鳞,4070,硚,1
7024,鳞,7010,鳎,1
7026,鳡,6938,鱿,1
7027,鳢,5949,躔,1
7029,鸟,1386,孥,1
7029,鸟,5952,身,1
7029,鸟,6635,雪,1
7029,鸟,6832,马,1
7030,鸠,1057,坞,1
7030,鸠,1252,妈,1
7030,鸠,1337,媚,1
7030,鸠,2220,掐,1
7030,鸠,7033,鸣,1
7030,鸠,7039,鸪,1
7031,鸡,409,冯,1
7031,鸡,1057,坞,1
7031,鸡,1341,媳,1
7031,鸡,3615,玛,1
7031,鸡,7035,鸥,1
7031,鸡,7046,鸱,1
7032,鸢,2896,每,1
7033,鸣,400,写,1
7033,鸣,806,哕,1
7033,鸣,865,啤,1
7033,鸣,3771,略,1
7033,鸣,5812,赐,1
7034,鸤,7035,鸥,1
7035,鸥,2845,欧,1
7035,鸥,4027,码,1
7035,鸥,7046,鸱,1
7036,鸦,1463,射,1
7036,鸦,1770,彩,1
7036,鸦,4202,稃,1
7036,鸦,6135,邪,1
7036,鸦,6860,骋,1
7036,鸦,7031,鸡,1
7036,鸦,7040,鸫,1
7036,鸦,7060,鹀,1
7036,鸦,7065,鹅,1
7037,鸨,6306,钨,1
7037,鸨,7068,鹈,1
7038,鸩,7030,鸠,1
7038,鸩,7039,鸪,1
7038,鸩,7064,鹄,1
7038,鸩,7066,鹆,1
7039,鸪,7060,鹀,1
7039,鸪,7064,鹄,1
7039,鸪,7071,鹋,1
7040,鸫,4197,移,1
7040,鸫,6695,鞨,1
7041,鸬,7037,鸨,1
7042,鸭,1638,帖,1
7042,鸭,5310,蚂,1
7042,鸭,6609,隙,1
7042,鸭,7034,鸤,1
7042,鸭,7036,鸦,1
7043,鸮,7078,鹗,1
7044,鸯,1466,尊,1
7045,鸰,7043,鸮,1
7045,鸰,7057,鸽,1
7046,鸱,4197,移,1
7046,鸱,7035,鸥,1
7046,鸱,7039,鸪,1
7046,鸱,7091,鹧,1
7047,鸲,1202,够,1
7048,鸳,1389,孪,1
7048,鸳,3950,眢,1
7048,鸳,6848,驽,1
7048,鸳,6849,驾,1
7048,鸳,7044,鸯,1
7048,鸳,7051,鸷,1
7049,鸵,4908,舱,1
7049,鸵,7086,鹠,1
7050,鸶,6848,驽,1
7050,鸶,7095,鹫,1
7052,鸸,6203,酚,1
7052,鸸,7036,鸦,1
7052,鸸,7062,鹂,1
7052,鸸,7067,鹇,1
7053,鸹,7035,鸥,1
7053,鸹,7039,鸪,1
7054,鸺,7055,鸻,1
7055,鸻,4202,稃,1
7055,鸻,5460,行,1
7055,鸻,7089,鹤,1
7056,鸼,4918,艄,1
7056,鸼,7046,鸱,1
7056,鸼,7047,鸲,1
7056,鸼,7067,鹇,1
7057,鸽,128,仔,1
7057,鸽,6352,铛,1
7057,鸽,7053,鸹,1
7057,鸽,7059,鸿,1
7057,鸽,7089,鹤,1
7058,鸾,1751,弯,1
7058,鸾,5353,蛮,1
7059,鸿,949,嘚,1
7059,鸿,1160,塬,1
7059,鸿,3032,泞,1
7059,鸿,3051,泻,1
7059,鸿,3158,淋,1
7059,鸿,7033,鸣,1
7059,鸿,7046,鸱,1
7060,鹀,3615,玛,1
7061,鹁,7073,鹎,1
7062,鹂,7060,鹀,1
7063,鹃,2370,敞,1
7063,鹃,4027,码,1
7063,鹃,6203,酚,1
7063,鹃,6599,隅,1
7063,鹃,6691,鞠,1
7063,鹃,7052,鸸,1
7063,鹃,7070,鹊,1
7063,鹃,7075,鹐,1
7064,鹄,7043,鸮,1
7064,鹄,7070,鹊,1
7065,鹅,5428,螵,1
7065,鹅,7046,鸱,1
7066,鹆,7043,鸮,1
7066,鹆,7057,鸽,1
7066,鹆,7075,鹐,1
7068,鹈,7088,鹣,1
7069,鹉,7065,鹅,1
7070,鹊,4027,码,1
7070,鹊,5114,菂,1
7070,鹊,6712,韶,1
7070,鹊,7036,鸦,1
7070,鹊,7086,鹠,1
7070,鹊,7096,鹬,1
7071,鹋,7070,鹊,1
7071,鹋,7081,鹛,1
7073,鹎,4916,舻,1
7073,鹎,7042,鸭,1
7073,鹎,7072,鹌,1
7074,鹏,467,删,1
7074,鹏,3961,眺,1
7075,鹐,7016,鳕,1
7075,鹐,7035,鸥,1
7075,鹐,7059,鸿,1
7075,鹐,7063,鹃,1
7075,鹐,7071,鹋,1
7075,鹐,7080,鹚,1
7076,鹑,109,亸,1
7076,鹑,7061,鹁,1
7076,鹑,7073,鹎,1
7077,鹕,7052,鸸,1
7077,鹕,7076,鹑,1
7078,鹗,7077,鹕,1
7078,鹗,7098,鹮,1
7079,鹘,6896,髂,1
7080,鹚,7078,鹗,1
7081,鹛,7063,鹃,1
7081,鹛,7080,鹚,1
7082,鹜,7081,鹛,1
7083,鹝,2877,殍,1
7084,鹞,7082,鹜,1
7084,鹞,7085,鹟,1
7085,鹟,7084,鹞,1
7085,鹟,7096,鹬,1
7087,鹡,5463,街,1
7087,鹡,7065,鹅,1
7087,鹡,7071,鹋,1
7087,鹡,7089,鹤,1
7087,鹡,7093,鹩,1
7088,鹣,7084,鹞,1
7089,鹤,3428,焰,1
7089,鹤,7038,鸩,1
7089,鹤,7041,鸬,1
7089,鹤,7071,鹋,1
7089,鹤,7072,鹌,1
7089,鹤,7102,鹳,1
7089,鹤,7174,龆,1
7090,鹦,7079,鹘,1
7090,鹦,7084,鹞,1
7091,鹧,6216,酯,1
7091,鹧,7088,鹣,1
7092,鹨,7090,鹦,1
7092,鹨,7091,鹧,1
7093,鹩,1774,彰,1
7093,鹩,7040,鸫,1
7093,鹩,7092,鹨,1
7093,鹩,7102,鹳,1
7094,鹪,7066,鹆,1
7094,鹪,7089,鹤,1
7094,鹪,7093,鹩,1
7095,鹫,7094,鹪,1
7096,鹬,3983,瞀,1
7096,鹬,6189,鄱,1
7096,鹬,7095,鹫,1
7098,鹮,7131,黟,1
7099,鹰,2047,扅,1
7099,鹰,4248,窝,1
7100,鹱,1249,妄,1
7100,鹱,6868,骓,1
7101,鹲,1756,彀,1
7102,鹳,5280,蘅,1
7104,鹿,2028,戚,1
7106,麇,3878,癃,1
7106,麇,4429,糜,1
7106,麇,4447,縻,1
7106,麇,7107,麈,1
7107,麈,1712,廋,1
7107,麈,1713,廑,1
7110,麓,1710,廉,1
7110,麓,4368,篪,1
7111,麝,7108,麋,1
7113,麦,14,专,1
7113,麦,610,卷,1
7113,麦,1228,奏,1
7113,麦,3478,爰,1
7113,麦,4627,羑,1
7113,麦,4927,艮,1
7113,麦,5132,菱,1
7113,麦,5136,菼,1
7113,麦,5470,表,1
7113,麦,5767,责,1
7114,麴,5454,蠲,1
7114,麴,6519,闸,1
7115,麸,5322,蚨,1
7116,麻,528,励,1
7116,麻,1648,席,1
7116,麻,2523,有,1
7116,麻,5734,谳,1
7117,麽,3341,瀌,1
7119,黄,4384,簧,1
7119,黄,5000,苤,1
7119,黄,5059,荚,1
7119,黄,5138,萁,1
7119,黄,5397,蝗,1
7119,黄,5765,贡,1
7120,黇,538,勐,1
7120,黇,544,勩,1
7120,黇,5149,萜,1
7121,黉,910,喾,1
7121,黉,2519,曾,1
7121,黉,4384,簧,1
7121,黉,5811,赏,1
7122,黍,1744,张,1
7122,黍,1823,忝,1
7122,黍,2538,本,1
7122,黍,3043,泰,1
7122,黍,4177,秃,1
7122,黍,4436,系,1
7122,黍,5316,蚕,1
7123,黎,3089,浆,1
7123,黎,4444,絷,1
7123,黎,4714,聚,1
7125,黑,965,嘿,1
7125,黑,1429,害,1
7125,黑,2456,昱,1
7125,黑,3630,玺,1
7125,黑,3765,畏,1
7125,黑,4616,置,1
7125,黑,4619,罴,1
7125,黑,5585,詈,1
7126,黔,701,吟,1
7126,黔,2379,敷,1
7126,黔,3619,玢,1
7126,黔,4629,羚,1
7126,黔,5906,踮,1
7126,黔,7133,黢,1
7127,默,6834,驮,1
7127,默,7129,黜,1
7129,黜,7134,黥,1
7131,黟,1204,夥,1
7133,黢,7138,黯,1
7134,黥,6498,镲,1
7134,黥,7132,黠,1
7135,黧,6265,錾,1
7137,黪,397,冕,1
7137,黪,7042,鸭,1
7138,黯,3109,浡,1
7138,黯,6229,醅,1
7142,黾,7184,龟,1
7145,鼎,1578,崭,1
7148,鼓,1756,彀,1
7148,鼓,2359,故,1
7148,鼓,2373,敦,1
7148,鼓,5831,赦,1
7149,鼗,5523,裴,1
7151,鼠,3176,混,1
7151,鼠,4311,筑,1
7151,鼠,5223,蔑,1
7152,鼢,4932,艴,1
7152,鼢,5573,觞,1
7152,鼢,5896,踏,1
7153,鼩,4531,绱,1
7153,鼩,7152,鼢,1
7154,鼫,6350,铘,1
7154,鼫,7152,鼢,1
7158,鼷,5922,蹊,1
7158,鼷,7159,鼹,1
7159,鼹,297,倭,1
7159,鼹,4813,脲,1
7160,鼻,1729,异,1
7160,鼻,3732,甍,1
7160,鼻,6940,鲁,1
7163,齁,513,劓,1
7163,齁,7157,鼱,1
7165,齉,7156,鼯,1
7165,齉,7163,齁,1
7166,齐,59,乔,1
7166,齐,123,介,1
7166,齐,699,吝,1
7166,齐,1728,弁,1
7166,齐,5738,谷,1
7166,齐,6130,邝,1
7167,齑,7143,鼋,1
7168,齿,72,乱,1
7168,齿,1532,岜,1
7170,龁,7165,齉,1
7170,龁,7172,龄,1
7172,龄,7178,龊,1
7173,龅,7171,龃,1
7174,龆,7177,龉,1
7176,龈,7178,龊,1
7181,龙,355,元,1
7181,龙,1487,尼,1
7181,龙,2014,戈,1
7181,龙,2015,戊,1
7181,龙,2017,戌,1
7181,龙,3745,甫,1
7182,龚,4284,笔,1
7182,龚,5377,蜜,1
7183,龛,1418,宠,1
7183,龛,4383,簦,1
7184,龟,364,兔,1
7184,龟,368,兜,1
7184,龟,4372,篼,1
7184,龟,4930,色,1
7184,龟,6273,钅,1
7184,龟,6921,鬼,1
7185,龠,1443,富,1
7185,龠,7146,鼐,1
