target,target_label,prediction,prediction_label,count
2780,榛,2764,楱,49
656,口,999,囗,48
6397,锉,4016,矬,48
7033,鸣,739,呜,45
5677,诸,3190,渚,41
660,叨,678,叼,40
480,刺,490,剌,36
1370,子,1371,孑,36
5620,讽,3001,沨,34
7029,鸟,52,乌,34
5649,诛,3064,洙,33
3970,睛,2485,晴,32
2235,掰,2290,搿,30
5595,计,2947,汁,30
1621,巳,1620,已,29
576,千,1667,干,28
2512,曰,2418,日,28
3481,父,2352,攵,28
5372,蜓,5371,蜒,28
5700,谐,3216,湝,28
1184,士,598,卤,27
1620,已,1619,己,27
2418,日,2512,曰,27
5666,语,3116,浯,27
5674,诵,3125,涌,26
5680,读,3184,渎,26
5732,谱,3315,潽,26
1619,己,1620,已,25
5671,诲,3118,海,25
5703,谓,3199,渭,25
5719,谤,3250,滂,25
1210,夭,1206,天,24
3062,洒,6201,酒,24
3864,瘦,3853,瘐,24
5652,诞,3126,涎,24
5656,询,3079,洵,24
5728,谭,3307,潭,24
2949,汆,2945,氽,23
5651,话,3082,活,23
5524,裸,4158,祼,22
5628,诅,3006,沮,22
5691,谆,3175,淳,22
5828,赢,5445,蠃,22
4264,竞,4265,竟,21
5639,译,3053,泽,21
5697,谍,3198,渫,21
5731,谰,3322,澜,21
5828,赢,1367,嬴,21
2908,毫,106,亳,20
5724,谩,3288,漫,20
7030,鸠,7038,鸩,20
739,呜,7033,鸣,19
1185,壬,3608,王,19
2074,扶,2083,抉,19
4265,竟,4264,竞,19
4296,第,4295,笫,19
4747,育,4727,肓,19
4947,芒,4952,芝,19
51,之,6021,辶,18
5483,袄,4134,祆,18
5676,请,3180,清,18
5686,谁,3173,淮,18
60,乖,61,乘,17
415,冶,3012,治,17
2083,抉,2074,扶,17
3099,浑,5662,诨,17
3104,浙,3155,淅,17
3180,清,5676,请,17
3884,癞,3886,癫,17
4338,算,4332,箅,17
5596,订,2946,汀,17
5618,论,2999,沦,17
5621,设,2995,没,17
5660,详,3058,洋,17
99,亨,101,享,16
1620,已,1621,巳,16
1796,徘,4529,绯,16
1857,思,1888,恩,16
2946,汀,5596,订,16
3063,洗,418,冼,16
3126,涎,5652,诞,16
4411,粱,2695,梁,16
4775,胧,2461,昽,16
5388,蜻,5409,蝽,16
5693,谈,3168,淡,16
6576,陈,6564,阵,16
15,且,2419,旦,15
279,倍,262,信,15
449,刁,448,刀,15
1456,寸,2053,扌,15
1797,徙,1793,徒,15
2370,敞,2369,敝,15
2956,汕,5604,讪,15
3082,活,5651,话,15
3083,洼,5644,诖,15
3191,渝,5705,谕,15
3623,玫,3616,玟,15
4725,肋,523,助,15
5608,讯,2958,汛,15
5633,诋,3031,泜,15
54,乎,2052,手,14
192,住,6615,隹,14
1144,堤,2249,提,14
1888,恩,1857,思,14
2485,晴,3970,睛,14
2496,暖,2499,暧,14
2536,未,2537,末,14
3113,浩,5669,诰,14
3909,盂,1382,孟,14
4996,苟,4992,苘,14
5702,谒,3202,渴,14
6368,铬,6369,铭,14
6423,锤,6444,锺,14
6721,顽,6727,颃,14
57,乒,380,兵,13
129,仕,151,任,13
433,凤,6760,风,13
1027,土,598,卤,13
1807,徽,1803,微,13
2967,汩,2966,汨,13
3009,河,5626,诃,13
3935,盹,4742,肫,13
4744,肮,2524,朊,13
5042,茶,5082,荼,13
5106,获,5081,荻,13
6025,迁,6026,迂,13
252,俏,284,倘,12
352,儿,431,几,12
999,囗,656,口,12
1048,坎,1056,坝,12
1742,弛,6836,驰,12
2105,抵,2076,扺,12
2484,晳,3902,皙,12
2642,栋,2644,栎,12
2945,氽,2949,汆,12
2958,汛,5608,讯,12
2987,沐,3005,沭,12
3055,洁,5646,诘,12
3125,涌,5674,诵,12
3175,淳,5691,谆,12
3284,漠,5714,谟,12
3623,玫,3612,玖,12
3814,疽,3811,疸,12
5041,茵,5118,菌,12
5145,萎,5186,蒌,12
5249,蕴,5247,蕰,12
5605,讫,2955,汔,12
6213,酪,6212,酩,12
6237,醒,6219,酲,12
6307,钩,6305,钧,12
6743,颖,6737,颍,12
52,乌,7029,鸟,11
152,份,172,伤,11
578,升,1727,开,11
807,哗,805,哔,11
1905,悄,1941,惝,11
2128,拗,1069,坳,11
2894,毋,2895,母,11
2947,汁,5595,计,11
3014,沽,5625,诂,11
3039,泪,2966,汨,11
3123,消,3159,淌,11
3199,渭,5703,谓,11
3902,皙,2484,晳,11
4517,绢,3128,涓,11
5106,获,5107,莸,11
5199,蒽,5179,葸,11
6032,运,6040,远,11
6040,远,6032,运,11
6085,逢,6064,逄,11
162,休,195,体,10
246,便,221,使,10
355,元,2416,无,10
396,冒,2441,昌,10
423,凇,3166,淞,10
431,几,352,儿,10
557,匕,3,七,10
1045,坊,1032,圬,10
1277,姐,1270,妲,10
1562,峰,1549,峄,10
1784,径,4499,经,10
2352,攵,1191,夂,10
2423,旬,658,句,10
2466,晌,798,响,10
2581,构,2607,枸,10
2624,柠,2140,拧,10
2650,栗,4405,粟,10
2957,汗,5600,讦,10
2962,江,2950,汇,10
2966,汨,2967,汩,10
2977,沁,3022,泌,10
2997,沤,5612,讴,10
3006,沮,5628,诅,10
3288,漫,5724,谩,10
3322,澜,5731,谰,10
3932,盲,4727,肓,10
4001,瞳,2505,曈,10
4146,祟,1567,崇,10
4434,糵,5282,蘖,10
4436,系,4435,糸,10
4815,脸,3968,睑,10
4854,膛,3992,瞠,10
5019,茉,5038,茱,10
5096,莨,5029,茛,10
5258,薛,5259,薜,10
5550,西,6193,酉,10
5736,谵,3329,澹,10
5864,跌,5856,趺,10
6017,辩,6018,辫,10
6026,迂,6025,迁,10
6399,锋,6343,铎,10
102,京,101,享,9
418,冼,3063,洗,9
539,勒,543,勤,9
547,勺,1197,夕,9
639,叁,640,参,9
719,吹,735,呗,9
777,咪,746,味,9
1184,士,1027,土,9
1349,嫒,1338,媛,9
1709,庾,1712,廋,9
1934,惊,1933,惇,9
1988,慨,2770,概,9
2017,戌,2018,戍,9
2141,拨,2126,拔,9
2423,旬,3755,甸,9
2537,末,2536,未,9
2693,桶,2186,捅,9
2962,江,5601,讧,9
3063,洗,5650,诜,9
3118,海,5671,诲,9
3172,淬,5692,谇,9
3173,淮,5686,谁,9
3275,滴,5725,谪,9
3307,潭,5728,谭,9
3585,猬,3560,狷,9
3608,王,86,五,9
3789,疗,3787,疔,9
3825,痒,3847,瘁,9
3853,瘐,3864,瘦,9
3989,瞑,2498,暝,9
4008,矛,76,予,9
4137,祎,5485,袆,9
4405,粟,2650,栗,9
4524,绩,4556,缋,9
4741,肪,4734,肟,9
4754,肿,4757,胂,9
4961,芫,4951,芜,9
4996,苟,5047,荀,9
5029,茛,5096,莨,9
5123,菜,5101,莱,9
5282,蘖,4434,糵,9
5395,蝎,5447,蠋,9
5681,诼,3152,涿,9
5706,谖,3221,湲,9
5714,谟,3284,漠,9
5787,贷,5771,货,9
6018,辫,6017,辩,9
6054,述,6073,逑,9
6874,骛,7082,鹜,9
7106,麇,7108,麋,9
82,亏,1738,弓,8
118,仅,646,反,8
164,优,160,伏,8
199,余,198,佘,8
262,信,279,倍,8
323,傈,344,僳,8
469,刨,465,创,8
604,卯,609,卵,8
758,咋,2453,昨,8
842,唧,877,啷,8
929,嗦,913,嗉,8
1075,垃,2118,拉,8
1208,夫,1209,夬,8
1228,奏,4189,秦,8
1426,宫,1411,官,8
1807,徽,1804,徵,8
1970,感,1936,惑,8
2098,抢,2097,抡,8
2183,挽,2199,换,8
2436,昂,2457,昴,8
2451,春,4885,舂,8
2499,暧,2496,暖,8
2542,朴,2056,扑,8
2550,杈,2548,权,8
2585,析,2092,折,8
2628,柬,2561,束,8
2667,桃,2162,挑,8
2772,榆,2243,揄,8
2803,槽,4430,糟,8
2921,氓,3042,泯,8
3058,洋,5660,详,8
3151,涸,3057,洇,8
3156,淆,3108,浠,8
3159,淌,3123,消,8
3481,父,1191,夂,8
3583,猪,3570,猎,8
3956,眯,2452,昧,8
3972,睢,6628,雎,8
4262,竖,1053,坚,8
4470,纱,2991,沙,8
4559,缎,6445,锻,8
4566,编,309,偏,8
4588,缭,3306,潦,8
4675,耍,5551,要,8
4735,肠,2432,旸,8
4740,肩,2046,扃,8
4741,肪,4732,肜,8
4769,胜,4808,脞,8
4856,膝,3259,滕,8
5052,草,5141,萆,8
5118,菌,5041,茵,8
5485,袆,4137,祎,8
5561,觉,367,党,8
5615,讷,2969,汭,8
5662,诨,3099,浑,8
5675,诶,3131,涘,8
5690,谅,5691,谆,8
5735,谴,6110,遣,8
5797,赁,435,凭,8
6101,遏,6099,遇,8
6201,酒,3062,洒,8
6212,酩,6213,酪,8
6508,闭,6513,闲,8
6520,闹,6512,闱,8
6760,风,392,冈,8
7108,麋,7106,麇,8
50,义,45,乂,7
58,乓,380,兵,7
79,二,92,亠,7
221,使,246,便,7
416,冷,3033,泠,7
438,凳,3889,登,7
465,创,469,刨,7
490,剌,480,刺,7
678,叼,660,叨,7
682,各,688,名,7
1003,回,1001,四,7
1012,囱,1004,囟,7
1155,塔,2286,搭,7
1371,孑,1370,子,7
1375,字,1402,宇,7
1382,孟,3909,盂,7
1467,小,1809,忄,7
1471,尖,1472,尘,7
1476,尢,1477,尤,7
1557,峦,1875,恋,7
1568,崎,1552,峙,7
1726,廿,3736,甘,7
1796,徘,272,俳,7
1968,愕,1972,愣,7
2018,戍,2017,戌,7
2086,抒,2577,杼,7
2104,抱,2098,抢,7
2135,拢,2072,扰,7
2152,拼,2652,栟,7
2194,捐,2251,揖,7
2201,捧,2719,棒,7
2380,文,2352,攵,7
2457,昴,2436,昂,7
2468,晒,791,哂,7
2483,晰,823,哳,7
2494,暌,3980,睽,7
2522,月,2418,日,7
2591,枝,2080,技,7
2612,柏,2680,桕,7
2616,染,2695,梁,7
2626,查,2573,杳,7
2645,栏,2139,拦,7
2666,桂,2157,挂,7
2684,档,2170,挡,7
2809,模,2305,摸,7
2818,橇,2321,撬,7
2950,汇,2962,江,7
2995,没,5621,设,7
2999,沦,5618,论,7
3029,泚,2990,沘,7
3035,波,5638,诐,7
3081,洺,3066,洛,7
3161,淑,3226,溆,7
3380,炮,3375,炝,7
3476,爪,3717,瓜,7
3890,白,4881,臼,7
3908,皿,1001,四,7
3930,盯,3756,町,7
3949,眠,3962,眼,7
4139,祖,5489,袒,7
4142,祛,5495,袪,7
4146,祟,4402,粜,7
4313,答,4288,笞,7
4327,筹,4306,等,7
4391,米,2536,未,7
4435,糸,4436,系,7
4476,纷,2976,汾,7
4490,细,188,佃,7
4517,绢,4555,缉,7
4618,署,2495,暑,7
4942,芋,4941,芊,7
4992,苘,5046,茼,7
5064,荠,5062,荞,7
5066,荣,5038,茱,7
5081,荻,5106,获,7
5101,莱,5123,菜,7
5116,菇,5044,茹,7
5511,裕,5500,袷,7
5511,裕,5501,袼,7
5612,讴,2997,沤,7
5623,诀,413,决,7
5667,诮,3123,消,7
5690,谅,424,凉,7
5696,谌,3214,湛,7
5877,跤,5890,跻,7
6071,透,6091,逶,7
6286,钓,6305,钧,7
6304,钦,6299,钡,7
6333,铃,6302,钤,7
6369,铭,6368,铬,7
6413,错,6411,锗,7
6513,闲,6508,闭,7
6532,阅,6538,阋,7
6562,阳,6563,阴,7
6563,阴,6562,阳,7
6836,驰,1742,弛,7
6961,鲛,6960,鲚,7
6989,鲸,6972,鲧,7
7049,鸵,6847,驼,7
49,么,1672,幺,6
51,之,93,亡,6
86,五,3608,王,6
106,亳,2908,毫,6
122,今,139,令,6
161,伐,138,代,6
183,伸,146,仲,6
184,伺,196,何,6
192,住,223,侄,6
196,何,692,向,6
214,佰,178,伯,6
281,倒,226,例,6
344,僳,323,傈,6
372,八,110,人,6
382,具,638,县,6
430,凝,3785,疑,6
464,刚,460,刖,6
477,刷,502,剧,6
553,匈,548,勾,6
581,半,34,丰,6
585,卒,3606,率,6
627,原,625,厚,6
658,句,550,匀,6
682,各,699,吝,6
716,吴,2440,昊,6
745,呲,703,吡,6
746,味,2452,昧,6
829,唆,779,咬,6
936,嗳,2499,暧,6
1011,困,1007,团,6
1011,困,1008,囤,6
1023,圈,1021,圄,6
1063,坨,1086,垞,6
1074,垂,6254,重,6
1274,姆,1293,姻,6
1296,威,785,咸,6
1384,季,2553,李,6
1402,宇,1375,字,6
1477,尤,3524,犬,6
1747,弧,1385,孤,6
1849,怏,1829,快,6
1850,怒,1879,恕,6
1879,恕,1850,怒,6
2014,戈,2016,戋,6
2021,成,2018,戍,6
2052,手,54,乎,6
2163,挖,2228,控,6
2228,控,2163,挖,6
2313,撑,2317,撙,6
2380,文,1191,夂,6
2418,日,2522,月,6
2453,昨,758,咋,6
2453,昨,4766,胙,6
2497,暗,894,喑,6
2535,木,2538,本,6
2539,札,2055,扎,6
2564,来,2561,束,6
2573,杳,2626,查,6
2579,板,2073,扳,6
2630,柰,1224,奈,6
2632,柳,2085,抑,6
2648,栓,2149,拴,6
2662,栽,5981,载,6
2695,梁,4411,粱,6
2719,棒,2201,捧,6
2736,椅,2218,掎,6
2750,椽,2242,掾,6
2753,楔,2260,揳,6
2781,榜,2275,搒,6
2813,樱,2310,撄,6
2840,欠,47,久,6
2895,母,2894,毋,6
2921,氓,3635,珉,6
2987,沐,3004,沫,6
2994,沟,3017,泃,6
3012,治,5640,诒,6
3053,泽,5639,译,6
3066,洛,3081,洺,6
3123,消,5667,诮,6
3139,涣,3131,涘,6
3214,湛,5696,谌,6
3235,溢,5720,谥,6
3612,玖,3623,玫,6
3694,瑷,3683,瑗,6
3755,甸,2423,旬,6
3954,眬,2461,昽,6
4158,祼,5524,裸,6
4184,秕,2582,枇,6
4191,秩,4190,秧,6
4310,筐,4344,箧,6
4319,筝,4281,笋,6
4479,纺,1777,彷,6
4488,组,3006,沮,6
4492,终,205,佟,6
4513,绞,3071,洨,6
4518,绣,6396,锈,6
4521,绦,3140,涤,6
4527,续,3184,渎,6
4533,绳,3186,渑,6
4543,绽,3153,淀,6
4545,绿,3182,渌,6
4564,缔,5711,谛,6
4628,羔,1880,恙,6
4733,肝,2427,旰,6
4819,腊,4818,腈,6
4933,艹,1725,廾,6
4950,芙,5059,荚,6
4991,苗,5041,茵,6
5001,若,5002,苦,6
5008,苹,6673,革,6
5034,茫,5039,茳,6
5044,茹,5116,菇,6
5056,荒,5045,茺,6
5175,葱,5179,葸,6
5179,葸,5199,蒽,6
5262,薪,5128,菥,6
5281,蘑,4113,磨,6
5480,衿,5491,袗,6
5558,视,4144,祝,6
5598,认,5597,讣,6
5626,诃,3009,河,6
5634,诌,5689,谄,6
5640,诒,3012,治,6
5646,诘,3055,洁,6
5668,误,3160,淏,6
5896,踏,5924,蹐,6
6017,辩,6016,辨,6
6052,迭,6067,选,6
6067,选,6083,造,6
6148,邻,6159,郐,6
6237,醒,6234,醍,6
6286,钓,4460,约,6
6305,钧,6307,钩,6
6348,铖,6324,钺,6
6484,镣,4588,缭,6
6515,间,6509,问,6
6521,闺,6511,闰,6
6536,阉,6531,阄,6
6619,雀,1569,崔,6
6622,雅,4209,稚,6
6714,顶,6717,项,6
6742,颔,6736,颌,6
6849,驾,2605,架,6
7049,鸵,4911,舵,6
7070,鹊,7071,鹋,6
2,丁,75,了,5
19,丙,26,两,5
22,东,5958,车,5
33,中,3752,申,5
47,久,1191,夂,5
123,介,2393,斤,5
136,仟,148,仵,5
158,伍,151,任,5
160,伏,164,优,5
172,伤,152,份,5
174,伦,4475,纶,5
213,佯,181,伴,5
215,佳,6615,隹,5
340,僬,3426,焦,5
355,元,94,亢,5
373,公,49,么,5
413,决,5623,诀,5
415,冶,5640,诒,5
419,冽,3059,洌,5
444,击,636,去,5
448,刀,449,刁,5
449,刁,67,习,5
482,刽,6278,钊,5
494,剔,471,别,5
525,劫,608,却,5
548,勾,553,匈,5
550,匀,658,句,5
598,卤,1027,土,5
615,厂,2,丁,5
617,厅,4,万,5
638,县,1922,悬,5
644,友,2350,支,5
684,合,375,兮,5
692,向,196,何,5
701,吟,741,呤,5
712,吮,711,吭,5
785,咸,2021,成,5
866,啥,795,哈,5
959,嘱,3996,瞩,5
1007,团,1011,困,5
1050,坐,3740,生,5
1056,坝,1048,坎,5
1108,城,1118,域,5
1118,域,1108,城,5
1249,妄,1273,妾,5
1309,娟,1318,娼,5
1367,嬴,5828,赢,5
1381,孝,4669,考,5
1402,宇,1403,守,5
1406,完,1425,宪,5
1434,容,1420,客,5
1473,尚,4728,肖,5
1619,己,62,乙,5
1621,巳,1622,巴,5
1688,底,1693,府,5
1711,廊,1715,廓,5
1724,建,6088,逮,5
1738,弓,75,了,5
1738,弓,82,亏,5
1762,彗,1987,慧,5
1829,快,1849,怏,5
1852,怕,1637,帕,5
1869,总,363,兑,5
2018,戍,2021,成,5
2021,成,2027,战,5
2073,扳,2579,板,5
2102,披,1060,坡,5
2118,拉,1075,垃,5
2135,拢,1077,垅,5
2139,拦,2645,栏,5
2144,拭,5643,试,5
2168,挟,2074,扶,5
2177,挪,2262,揶,5
2195,捕,2273,搏,5
2198,捡,2122,拎,5
2198,捡,2713,检,5
2269,搂,2768,楼,5
2276,搓,2793,槎,5
2318,撞,2825,橦,5
2323,撮,2292,摄,5
2375,敬,2372,散,5
2416,无,355,元,5
2429,旴,2427,旰,5
2441,昌,396,冒,5
2451,春,3959,眷,5
2495,暑,4618,署,5
2540,术,2948,求,5
2556,村,2555,材,5
2561,束,2628,柬,5
2562,杠,2061,扛,5
2564,来,4677,耒,5
2569,杭,2091,抗,5
2570,杯,2088,抔,5
2581,构,2557,杓,5
2590,果,725,呆,5
2593,枢,2096,抠,5
2631,柱,2113,拄,5
2686,桥,2171,挢,5
2693,桶,2694,桷,5
2702,梢,2192,捎,5
2704,梧,2184,捂,5
2713,检,2198,捡,5
2737,椋,2735,椁,5
2739,椎,2229,推,5
2747,椰,2262,揶,5
2840,欠,5762,贝,5
2860,此,2900,比,5
2933,氦,2931,氢,5
2933,氦,2937,氪,5
2975,汽,2955,汔,5
3006,沮,3039,泪,5
3013,沼,5637,诏,5
3021,泊,3060,洎,5
3034,泡,3000,沧,5
3039,泪,3006,沮,5
3059,洌,419,冽,5
3173,淮,422,准,5
3174,深,5683,课,5
3184,渎,5680,读,5
3191,渝,3211,湔,5
3272,滩,3333,濉,5
3398,烛,3551,独,5
3417,焌,1913,悛,5
3450,熔,3423,焙,5
3616,玟,3623,玫,5
3803,疮,3806,疱,5
3838,痪,3815,疾,5
3885,癣,3882,癖,5
3890,白,3891,百,5
3890,白,4875,自,5
3911,盆,3920,盒,5
3929,目,1003,回,5
4014,矩,6294,钜,5
4024,矾,4039,砜,5
4240,窍,4235,窃,5
4270,竭,5702,谒,5
4290,笤,4276,笃,5
4393,类,4409,粪,5
4431,糠,4426,糖,5
4458,纤,4455,纡,5
4479,纺,153,仿,5
4483,线,3088,浅,5
4498,绎,4510,绛,5
4499,经,3054,泾,5
4513,绞,219,佼,5
4530,绰,3162,淖,5
4570,缚,322,傅,5
4570,缚,3236,溥,5
4595,缴,3331,激,5
4729,肘,2430,时,5
4796,脊,4761,背,5
4812,脱,4784,胱,5
4816,脾,3974,睥,5
4852,膘,3991,瞟,5
4930,色,6124,邑,5
5005,英,5059,荚,5
5080,荸,5178,葶,5
5107,莸,5106,获,5
5145,萎,5142,萋,5
5152,营,5115,菅,5
5164,著,5231,蔷,5
5228,蔡,5285,蘩,5
5395,蝎,5386,蜴,5
5432,蟆,5410,蝾,5
5462,衔,5463,街,5
5495,袪,4142,祛,5
5587,誉,5588,誊,5
5592,警,5591,謦,5
5602,讨,4457,纣,5
5604,讪,2956,汕,5
5609,记,4464,纪,5
5616,许,5600,讦,5
5629,识,4491,织,5
5648,诚,427,减,5
5656,询,3017,泃,5
5657,诣,3128,涓,5
5686,谁,422,准,5
5686,谁,4534,维,5
5718,谣,6111,遥,5
5720,谥,3235,溢,5
5721,谦,4578,缣,5
5743,豌,3670,琬,5
5769,败,5773,贩,5
6021,辶,51,之,5
6074,递,6066,逆,5
6134,邦,6149,邽,5
6167,郡,6163,郚,5
6193,酉,5550,西,5
6300,钢,4471,纲,5
6303,钥,6326,钼,5
6303,钥,6353,铜,5
6305,钧,6286,钓,5
6325,钻,6318,钴,5
6331,铁,6349,铗,5
6354,铝,6335,铅,5
6404,锐,6460,镋,5
6413,错,6412,锘,5
6445,锻,4559,缎,5
6462,镍,6418,锞,5
6504,门,390,冂,5
6509,问,6515,间,5
6564,阵,6576,陈,5
6730,领,6742,颔,5
6857,骇,1388,孩,5
7063,鹃,7079,鹘,5
7104,鹿,7105,麂,5
7107,麈,6270,鏖,5
7184,龟,362,免,5
3,七,557,匕,4
10,不,4128,礻,4
15,且,3929,目,4
55,乏,139,令,4
67,习,1757,彐,4
81,于,1667,干,4
110,人,372,八,4
118,仅,142,仪,4
120,仇,115,仂,4
132,付,4457,纣,4
138,代,161,伐,4
142,仪,165,伙,4
149,件,181,伴,4
151,任,158,伍,4
168,伞,1669,年,4
170,传,217,佶,4
176,伪,115,仂,4
178,伯,214,佰,4
179,估,194,佑,4
181,伴,149,件,4
213,佯,1788,徉,4
231,侗,287,倜,4
239,侨,241,侪,4
244,侯,285,候,4
259,保,298,倮,4
285,候,244,侯,4
364,兔,362,免,4
367,党,5561,觉,4
371,全,6257,金,4
372,八,370,入,4
374,六,2401,方,4
392,冈,4604,网,4
400,写,7029,鸟,4
407,冫,2943,氵,4
418,冼,5650,诜,4
422,准,3173,淮,4
446,函,445,凼,4
455,刊,458,刑,4
465,创,493,剑,4
470,利,503,剩,4
523,助,4725,肋,4
528,励,520,劢,4
543,勤,539,勒,4
549,勿,552,匆,4
574,匿,569,匮,4
609,卵,604,卯,4
619,厉,689,后,4
638,县,2447,昙,4
641,又,45,乂,4
651,变,1302,娈,4
667,可,67,习,4
671,右,4019,石,4
692,向,184,伺,4
699,吝,682,各,4
703,吡,745,呲,4
711,吭,712,吮,4
716,吴,378,关,4
725,呆,2543,朵,4
727,告,685,吉,4
735,呗,719,吹,4
751,呻,4052,砷,4
757,咆,738,呛,4
760,咎,2448,昝,4
798,响,2466,晌,4
906,喷,868,啧,4
941,嘀,850,唷,4
993,嚣,977,器,4
1001,四,1003,回,4
1005,因,1000,囚,4
1011,困,1005,因,4
1017,国,1008,囤,4
1017,国,1010,园,4
1027,土,1184,士,4
1051,坑,1031,圪,4
1053,坚,4262,竖,4
1065,坪,1049,坏,4
1123,埴,1159,填,4
1184,士,3,七,4
1194,复,1195,夏,4
1213,失,1211,央,4
1251,妇,1253,妊,4
1270,妲,1277,姐,4
1271,妹,1286,姝,4
1272,妻,5142,萋,4
1278,姑,1287,姞,4
1281,委,1298,娄,4
1336,媒,3437,煤,4
1367,嬴,5445,蠃,4
1370,子,1372,孓,4
1404,安,1418,宠,4
1410,宗,1402,宇,4
1420,客,1434,容,4
1422,室,4242,窒,4
1483,尸,601,卩,4
1483,尸,1485,尺,4
1499,屋,1489,尾,4
1567,崇,4146,祟,4
1611,工,561,匚,4
1622,巴,1621,巳,4
1625,巾,33,中,4
1629,帅,1631,师,4
1637,帕,1852,怕,4
1661,幕,542,募,4
1667,干,81,于,4
1699,度,1682,庋,4
1715,廓,1711,廊,4
1716,廖,3870,瘳,4
1721,廴,1372,孓,4
1722,延,1723,廷,4
1760,录,2079,承,4
1798,徜,4531,绱,4
1813,忌,1821,忘,4
1829,快,3370,炔,4
1838,忿,1833,念,4
1890,恫,2676,桐,4
1915,悟,3418,焐,4
1927,悴,1929,悻,4
1930,悼,1951,惮,4
1931,情,1953,惰,4
1933,惇,1934,惊,4
1963,愉,2772,榆,4
2028,戚,1296,威,4
2045,扁,2046,扃,4
2065,扩,2099,护,4
2074,扶,2168,挟,4
2080,技,2591,枝,4
2097,抡,2098,抢,4
2098,抢,2127,拖,4
2100,报,2073,扳,4
2102,披,2100,报,4
2105,抵,2625,柢,4
2113,拄,2149,拴,4
2126,拔,2141,拨,4
2132,招,2125,拓,4
2143,括,2651,栝,4
2144,拭,2078,找,4
2149,拴,2113,拄,4
2187,捆,2237,掴,4
2192,捎,2158,指,4
2193,捏,2114,担,4
2194,捐,2192,捎,4
2199,换,2176,挨,4
2215,掉,2731,棹,4
2217,掌,3497,牚,4
2225,探,2174,挥,4
2239,掸,2215,掉,4
2273,搏,590,博,4
2280,搞,3521,犒,4
2314,撒,2319,撤,4
2329,撼,2002,憾,4
2333,操,2282,搡,4
2346,攘,1183,壤,4
2350,支,2351,攴,4
2362,敌,2359,故,4
2366,敖,2367,教,4
2407,旅,2409,旋,4
2428,旱,2422,早,4
2430,时,4729,肘,4
2442,明,2525,朋,4
2452,昧,746,味,4
2458,昵,740,呢,4
2461,昽,3954,眬,4
2469,晓,804,哓,4
2485,晴,4818,腈,4
2505,曈,3780,疃,4
2505,曈,4001,瞳,4
2517,曹,5121,菖,4
2525,朋,4787,胴,4
2543,朵,725,呆,4
2554,杏,2573,杳,4
2559,杜,2562,杠,4
2562,杠,2583,枉,4
2580,极,2579,板,4
2587,林,2555,材,4
2599,枫,2596,枧,4
2655,株,2712,梾,4
2678,桓,1878,恒,4
2678,桓,2621,柜,4
2687,桦,2784,榫,4
2689,桨,3089,浆,4
2700,梓,2658,样,4
2787,榴,2833,檑,4
2808,樟,2700,梓,4
2817,橄,2316,撖,4
2823,橡,2750,椽,4
2829,檀,2332,擅,4
2833,檑,2331,擂,4
2842,欢,5555,观,4
2887,殴,2845,欧,4
2897,毐,2898,毒,4
2938,氮,2935,氨,4
2944,永,2942,水,4
2952,汉,2953,汊,4
2982,沆,2981,沅,4
2995,没,2971,汲,4
2995,没,2973,汶,4
3000,沧,2999,沦,4
3003,沪,3049,泸,4
3009,河,6509,问,4
3012,治,415,冶,4
3013,沼,4497,绍,4
3014,沽,3055,洁,4
3016,沿,3012,治,4
3016,沿,3015,沾,4
3034,泡,2999,沦,4
3038,注,2968,汪,4
3041,泮,2996,沣,4
3104,浙,3185,渐,4
3123,消,3070,洧,4
3127,涑,3134,涞,4
3142,涧,3079,洵,4
3183,渍,3224,溃,4
3202,渴,5702,谒,4
3223,湿,3197,温,4
3271,滨,3282,演,4
3291,漱,3334,濑,4
3317,澈,3318,澉,4
3343,瀑,3290,漯,4
3349,灈,3340,濯,4
3433,煌,1956,惶,4
3444,煸,3446,煽,4
3468,燠,2005,懊,4
3501,牡,3508,牲,4
3517,犊,3510,特,4
3524,犬,1205,大,4
3547,狠,3564,狼,4
3570,猎,2231,措,4
3615,玛,3613,玙,4
3623,玫,2355,改,4
3623,玫,4879,致,4
3663,琢,5681,诼,4
3674,琳,3158,淋,4
3683,瑗,3694,瑷,4
3720,瓢,6768,飘,4
3736,甘,1726,廿,4
3752,申,33,中,4
3752,申,3750,由,4
3798,疤,3806,疱,4
3821,痈,3839,痫,4
3822,痉,3823,痊,4
3832,痢,3852,瘌,4
3847,瘁,3825,痒,4
3890,白,692,向,4
3891,百,3890,白,4
3908,皿,5457,血,4
3911,盆,5775,贫,4
3916,盎,5338,蛊,4
3929,目,2418,日,4
3930,盯,4697,耵,4
3931,盱,2429,旴,4
3961,眺,3951,眦,4
3963,着,3944,看,4
4010,矢,1213,失,4
4017,短,4014,矩,4
4031,砍,4038,砚,4
4038,砚,4031,砍,4
4134,祆,5483,袄,4
4144,祝,5558,视,4
4178,秆,2549,杆,4
4178,秆,4188,秤,4
4189,秦,3043,泰,4
4206,税,2714,棁,4
4242,窒,1422,室,4
4306,等,4327,筹,4
4387,簿,5254,薄,4
4389,籁,4378,簌,4
4395,籽,4678,耔,4
4399,粕,4401,粘,4
4456,红,112,亿,4
4461,级,2971,汲,4
4466,纬,169,伟,4
4472,纳,2969,汭,4
4475,纶,174,伦,4
4478,纹,2973,汶,4
4479,纺,5622,访,4
4488,组,4481,纽,4
4489,绅,183,伸,4
4494,绊,181,伴,4
4494,绊,3041,泮,4
4499,经,1784,径,4
4502,绒,4550,缄,4
4505,绕,3090,浇,4
4507,绘,3095,浍,4
4508,给,3084,洽,4
4508,给,4500,绐,4
4509,绚,1786,徇,4
4516,绡,4531,绱,4
4520,绥,4563,缓,4
4524,绩,3183,渍,4
4538,绸,5688,调,4
4542,综,3164,淙,4
4551,缅,3209,湎,4
4565,缕,3227,溇,4
4591,缰,345,僵,4
4595,缴,1806,徼,4
4676,耐,6198,酎,4
4727,肓,4747,育,4
4736,股,4788,胶,4
4756,胁,4725,肋,4
4761,背,4796,脊,4
4764,胖,3766,畔,4
4811,脯,2477,晡,4
4875,自,3890,白,4
4882,臾,654,叟,4
4885,舂,2451,春,4
4934,艺,4947,芒,4
4943,芍,4996,苟,4
4952,芝,4947,芒,4
4956,芥,4972,芹,4
4993,苛,4996,苟,4
4996,苟,4943,芍,4
4996,苟,4969,芴,4
5003,苫,5002,苦,4
5008,苹,5090,莘,4
5019,茉,5101,莱,4
5020,茌,5053,荏,4
5042,茶,5038,茱,4
5052,草,6673,革,4
5067,荤,5069,荦,4
5074,荫,5143,萌,4
5076,荭,5039,茳,4
5099,莫,5075,荬,4
5106,获,5037,茯,4
5109,莺,5023,茑,4
5119,菏,4992,苘,4
5145,萎,5083,荽,4
5164,著,5207,蓍,4
5172,葫,5195,蒴,4
5177,葵,5228,蔡,4
5200,蒿,1593,嵩,4
5319,蚣,5321,蚧,4
5333,蛀,5352,蛭,4
5338,蛊,3916,盎,4
5431,蟀,5343,蛑,4
5445,蠃,1367,嬴,4
5460,行,4463,纩,4
5550,西,26,两,4
5551,要,4675,耍,4
5554,见,399,冗,4
5569,角,3744,甪,4
5576,触,5570,觖,4
5601,讧,2962,江,4
5603,让,2992,沚,4
5607,议,2973,汶,4
5609,记,2950,汇,4
5609,记,2959,汜,4
5616,许,2957,汗,4
5617,讹,2990,沘,4
5622,访,4479,纺,4
5625,诂,3014,沽,4
5637,诏,3013,沼,4
5644,诖,3083,洼,4
5648,诚,5664,诫,4
5650,诜,3063,洗,4
5677,诸,5676,请,4
5688,调,425,凋,4
5688,调,3067,洞,4
5695,谋,5697,谍,4
5733,谲,3300,潏,4
5775,贫,5774,贪,4
5861,跄,5868,跑,4
5868,跑,5861,跄,4
5872,跛,5859,趿,4
5886,跷,5876,跣,4
5944,躁,5903,踩,4
5947,躏,5930,蹢,4
5992,辈,5991,辇,4
6014,辟,4083,碎,4
6014,辟,4634,群,4
6025,迁,2968,汪,4
6030,迈,6033,近,4
6057,迸,6039,进,4
6064,逄,6085,逢,4
6066,逆,6057,迸,4
6067,选,6052,迭,4
6073,逑,6054,述,4
6105,道,6104,遒,4
6106,遗,6110,遣,4
6148,邻,6164,郛,4
6277,钉,6280,钌,4
6307,钩,6286,钓,4
6312,钮,4481,纽,4
6325,钻,6335,铅,4
6325,钻,6354,铝,4
6353,铜,6403,锏,4
6368,铬,4511,络,4
6388,销,6347,铕,4
6389,锁,6404,锐,4
6399,锋,4510,绛,4
6411,锗,6413,错,4
6425,锦,6355,铞,4
6497,镱,6477,镜,4
6506,闪,6518,闷,4
6509,问,6518,闷,4
6510,闯,6522,闻,4
6598,陷,6579,陌,4
6663,青,2898,毒,4
6665,靖,5676,请,4
6675,靳,5248,蕲,4
6715,顷,6717,项,4
6717,项,6720,顼,4
6763,飒,5620,讽,4
6790,饯,6315,钱,4
6797,饶,4505,绕,4
6805,饿,248,俄,4
6853,骂,4276,笃,4
7017,鳖,7019,鳘,4
7033,鸣,697,吗,4
7082,鹜,6874,骛,4
7184,龟,7142,黾,4
7,上,1027,土,3
26,两,6633,雨,3
28,丧,5470,表,3
40,为,514,力,3
48,乇,2905,毛,3
65,乞,2922,气,3
81,于,2052,手,3
83,云,82,亏,3
86,五,3355,灭,3
93,亡,51,之,3
94,亢,355,元,3
101,享,99,亨,3
101,享,1375,字,3
114,仁,112,亿,3
125,从,140,以,3
126,仑,127,仓,3
132,付,5602,讨,3
139,令,122,今,3
139,令,134,仝,3
140,以,2900,比,3
146,仲,149,件,3
146,仲,183,伸,3
149,件,148,仵,3
151,任,4473,纴,3
152,份,4476,纷,3
174,伦,175,伧,3
176,伪,3002,沩,3
179,估,217,佶,3
192,住,190,位,3
194,佑,179,估,3
195,体,162,休,3
198,佘,199,余,3
206,你,128,仔,3
211,佩,207,佣,3
214,佰,229,侑,3
215,佳,192,住,3
221,使,234,侠,3
234,侠,200,佚,3
250,俊,1791,後,3
252,俏,4516,绡,3
253,俐,226,例,3
279,倍,255,俗,3
279,倍,336,僖,3
284,倘,252,俏,3
286,倚,225,侉,3
309,偏,5713,谝,3
311,做,331,傲,3
311,做,347,儆,3
311,做,2354,攸,3
346,僻,3330,澼,3
358,兆,559,北,3
360,光,359,先,3
360,光,379,兴,3
367,党,5811,赏,3
374,六,83,云,3
399,冗,5554,见,3
400,写,52,乌,3
410,冰,2942,水,3
422,准,5686,谁,3
424,凉,5690,谅,3
427,减,891,喊,3
461,列,462,刘,3
463,则,464,刚,3
468,判,490,剌,3
503,剩,470,利,3
530,劳,4962,芬,3
542,募,1661,幕,3
548,勾,549,勿,3
548,勾,658,句,3
551,包,4930,色,3
558,化,130,他,3
561,匚,1611,工,3
576,千,81,于,3
590,博,2273,搏,3
597,卣,598,卤,3
599,卦,6279,钋,3
615,厂,1676,广,3
617,厅,2393,斤,3
642,叉,641,又,3
647,发,1518,岁,3
656,口,398,冖,3
658,句,549,勿,3
658,句,2423,旬,3
658,句,3890,白,3
660,叨,677,叻,3
678,叼,677,叻,3
682,各,5738,谷,3
688,名,682,各,3
697,吗,739,呜,3
705,否,2554,杏,3
709,含,4890,舍,3
714,吱,779,咬,3
738,呛,757,咆,3
739,呜,697,吗,3
765,咕,780,咭,3
767,咙,2461,昽,3
783,咳,711,吭,3
807,哗,2470,晔,3
820,哭,977,器,3
824,哺,2477,晡,3
829,唆,806,哕,3
841,唤,831,唉,3
845,售,6617,隽,3
846,唯,6618,难,3
848,唱,899,喝,3
866,啥,808,哙,3
880,啼,5917,蹄,3
890,喉,940,嗾,3
902,喧,2491,暄,3
950,嘛,858,啉,3
1001,四,1000,囚,3
1001,四,3749,田,3
1005,因,1011,困,3
1010,园,1017,国,3
1011,困,1013,围,3
1012,囱,4875,自,3
1018,图,1015,囹,3
1027,土,1611,工,3
1029,在,671,右,3
1045,坊,1054,坛,3
1048,坎,6715,顷,3
1051,坑,1054,坛,3
1051,坑,2091,抗,3
1054,坛,1032,圬,3
1058,坟,1048,坎,3
1058,坟,5311,蚊,3
1062,坦,2114,担,3
1091,垣,1062,坦,3
1098,垮,2161,挎,3
1144,堤,2188,捉,3
1169,墒,1356,嫡,3
1186,壮,559,北,3
1192,处,1198,外,3
1195,夏,5855,趸,3
1198,外,1192,处,3
1205,大,5,丈,3
1211,央,413,决,3
1211,央,1213,失,3
1217,夹,1211,央,3
1223,奇,1458,寺,3
1237,奢,5164,著,3
1241,奴,1251,妇,3
1247,如,1242,奶,3
1256,妓,1288,姣,3
1259,妙,3369,炒,3
1280,姓,1286,姝,3
1289,姥,1300,娆,3
1289,姥,1322,婊,3
1297,娃,1280,姓,3
1337,媚,1318,娼,3
1389,孪,101,享,3
1389,孪,2165,挛,3
1403,守,1398,宁,3
1417,实,3362,灾,3
1418,宠,1407,宏,3
1419,审,1412,宙,3
1425,宪,1406,完,3
1425,宪,1435,宽,3
1431,宵,4759,胄,3
1440,寅,1436,宾,3
1441,密,5377,蜜,3
1485,尺,662,只,3
1499,屋,1493,层,3
1510,履,1509,屣,3
1512,屮,33,中,3
1527,岗,1530,岚,3
1531,岛,7029,鸟,3
1533,岢,4993,苛,3
1553,峡,1565,崃,3
1569,崔,5147,萑,3
1576,崧,5122,菘,3
1611,工,62,乙,3
1623,巷,610,卷,3
1631,师,1629,帅,3
1634,帐,5770,账,3
1651,帷,1942,惟,3
1660,幔,3459,熳,3
1665,幢,1997,憧,3
1667,干,576,千,3
1669,年,3500,牟,3
1671,幸,6011,辛,3
1671,幸,6012,辜,3
1675,幽,445,凼,3
1680,庇,3810,疵,3
1686,库,622,厍,3
1695,废,1682,庋,3
1712,廋,1709,庾,3
1723,廷,1722,延,3
1723,廷,6062,适,3
1724,建,6082,速,3
1729,异,1670,并,3
1731,弄,1729,异,3
1735,弋,2014,戈,3
1742,弛,2963,池,3
1767,彤,4732,肜,3
1783,徂,4488,组,3
1803,微,1807,徽,3
1810,必,1808,心,3
1821,忘,1820,志,3
1826,忤,1861,怦,3
1840,态,1820,志,3
1851,怔,1843,怄,3
1852,怕,2612,柏,3
1853,怖,1631,师,3
1856,怜,2609,柃,3
1863,怨,1850,怒,3
1865,怪,1871,怿,3
1878,恒,3399,烜,3
1885,恤,1878,恒,3
1887,恨,1864,怩,3
1890,恫,1932,惆,3
1894,恰,1856,怜,3
1895,恳,1813,忌,3
1903,恿,1886,恧,3
1903,恿,1893,息,3
1910,悔,1901,恼,3
1930,悼,2731,棹,3
1930,悼,3427,焯,3
1942,惟,1651,帷,3
1951,惮,3427,焯,3
1952,惯,1974,愦,3
1956,惶,1958,惺,3
1956,惶,3433,煌,3
1958,惺,1914,悝,3
1985,慢,3459,熳,3
1998,憨,1964,愍,3
2002,憾,2329,撼,3
2003,懂,1997,憧,3
2021,成,2017,戌,3
2022,我,2078,找,3
2037,戮,2038,戳,3
2062,扣,2544,机,3
2068,扬,2566,杨,3
2068,扬,3505,物,3
2072,扰,2169,挠,3
2075,批,2076,扺,3
2075,批,2582,枇,3
2078,找,2639,栈,3
2082,抄,2568,杪,3
2083,抉,2168,挟,3
2085,抑,2262,揶,3
2086,抒,2099,护,3
2092,折,1040,圻,3
2115,拆,1073,坼,3
2120,拌,2090,抖,3
2125,拓,2132,招,3
2136,拣,2642,栋,3
2152,拼,2131,拚,3
2158,指,2145,拮,3
2158,指,2194,捐,3
2160,按,2672,桉,3
2162,挑,2667,桃,3
2167,挞,1099,垯,3
2168,挟,2083,抉,3
2170,挡,2684,档,3
2176,挨,1105,埃,3
2182,挺,2696,梃,3
2183,挽,2270,搅,3
2184,捂,2704,梧,3
2186,捅,1106,埇,3
2186,捅,2693,桶,3
2188,捉,2249,提,3
2190,捌,2205,捯,3
2192,捎,2194,捐,3
2199,换,2183,挽,3
2207,捶,2728,棰,3
2209,捺,2136,拣,3
2215,掉,2239,掸,3
2223,掘,1129,堀,3
2231,措,2151,拷,3
2231,措,2252,揞,3
2249,提,1144,堤,3
2249,提,2265,揾,3
2252,揞,2274,搐,3
2256,揩,2231,措,3
2257,揪,2766,楸,3
2262,揶,2177,挪,3
2280,搞,2790,槁,3
2289,搽,2259,揲,3
2306,摹,5217,蓦,3
2312,撇,2316,撖,3
2319,撤,2316,撖,3
2321,撬,2818,橇,3
2322,播,1175,墦,3
2327,撸,2827,橹,3
2352,攵,3481,父,3
2355,改,2973,汶,3
2355,改,3616,玟,3
2355,改,4879,致,3
2360,效,2357,放,3
2364,救,2073,扳,3
2367,教,2376,数,3
2369,敝,2370,敞,3
2372,散,2375,敬,3
2380,文,51,之,3
2381,斋,4172,离,3
2393,斤,617,厅,3
2419,旦,15,且,3
2420,旧,1758,归,3
2422,早,2428,旱,3
2427,旰,2429,旴,3
2429,旴,3931,盱,3
2442,明,2435,昀,3
2452,昧,3967,睐,3
2460,昼,3783,疍,3
2478,晤,835,唔,3
2479,晦,930,嗨,3
2481,普,2465,晋,3
2489,晾,825,哼,3
2512,曰,2419,旦,3
2527,朐,4789,胸,3
2529,朕,4791,胼,3
2530,朗,6157,郎,3
2535,木,2540,术,3
2536,未,2541,朱,3
2540,术,2535,木,3
2543,朵,1405,宋,3
2544,机,2552,杌,3
2547,杂,2543,朵,3
2549,杆,2063,扦,3
2549,杆,2574,杵,3
2553,李,1384,季,3
2554,杏,685,吉,3
2561,束,4677,耒,3
2566,杨,2068,扬,3
2566,杨,2581,构,3
2580,极,2100,报,3
2580,极,2589,枚,3
2586,枕,4199,秾,3
2598,枪,2098,抢,3
2601,枯,2679,桔,3
2607,枸,2647,栒,3
2620,柚,2109,抽,3
2621,柜,2124,拒,3
2621,柜,2670,框,3
2623,柞,2112,拃,3
2631,柱,2648,栓,3
2631,柱,2675,桎,3
2633,柴,4441,紫,3
2638,标,2644,栎,3
2639,栈,2078,找,3
2642,栋,2156,持,3
2650,栗,4151,票,3
2652,栟,2152,拼,3
2658,样,2700,梓,3
2674,桌,586,卓,3
2674,桌,4876,臬,3
2679,桔,2145,拮,3
2679,桔,2699,梏,3
2687,桦,2602,枰,3
2697,梅,1910,悔,3
2705,梨,3515,犁,3
2706,梭,2653,校,3
2713,检,2609,柃,3
2720,棕,4416,粽,3
2722,棚,2654,栩,3
2728,棰,2207,捶,3
2730,棵,4210,稞,3
2739,椎,4209,稚,3
2757,楞,1972,愣,3
2757,楞,2745,椤,3
2765,楷,2256,揩,3
2771,榄,2264,揽,3
2772,榆,1963,愉,3
2774,榈,2676,桐,3
2791,槊,1154,塑,3
2809,模,2743,椟,3
2820,橘,2300,摘,3
2863,歧,1523,岐,3
2865,歹,4,万,3
2889,殷,4904,般,3
2900,比,2860,此,3
2903,毗,3951,眦,3
2918,氏,2919,氐,3
2924,氖,2925,氘,3
2928,氛,2931,氢,3
2930,氡,2937,氪,3
2935,氨,2932,氤,3
2935,氨,2938,氮,3
2938,氮,2937,氪,3
2940,氰,2937,氪,3
2943,氵,407,冫,3
2955,汔,2975,汽,3
2968,汪,411,冱,3
2971,汲,2995,没,3
2983,沈,3063,洗,3
2983,沈,3101,浓,3
2984,沉,2982,沆,3
2999,沦,3000,沧,3
3004,沫,5642,诔,3
3009,河,2951,汈,3
3010,沸,5610,讲,3
3012,治,3084,洽,3
3018,泄,2963,池,3
3022,泌,1810,必,3
3026,法,3093,浊,3
3037,泥,3042,泯,3
3051,泻,3099,浑,3
3052,泼,4486,绂,3
3053,泽,3065,洚,3
3055,洁,3026,法,3
3058,洋,3041,泮,3
3068,洣,3004,沫,3
3069,津,3041,泮,3
3072,洪,3157,淇,3
3084,洽,3117,浴,3
3087,浃,3134,涞,3
3113,浩,3055,洁,3
3117,浴,3066,洛,3
3119,浸,3288,漫,3
3121,涂,3115,浮,3
3134,涞,3127,涑,3
3134,涞,5642,诔,3
3136,涠,3151,涸,3
3141,润,3142,涧,3
3142,涧,3141,润,3
3150,涵,446,函,3
3162,淖,3058,洋,3
3174,深,3099,浑,3
3204,渺,3940,眇,3
3204,渺,4554,缈,3
3224,溃,3183,渍,3
3235,溢,3231,溘,3
3243,溴,3218,湨,3
3250,滂,5719,谤,3
3280,漏,3313,潺,3
3284,漠,3184,渎,3
3286,漩,3700,璇,3
3299,潍,3173,淮,3
3302,潜,5729,谮,3
3307,潭,3257,滓,3
3334,濑,3291,漱,3
3361,灼,3356,灯,3
3362,灾,1400,宄,3
3369,炒,3366,炉,3
3375,炝,3380,炮,3
3377,炫,3406,烩,3
3381,炯,3421,焖,3
3383,炳,3403,烦,3
3388,炼,3391,烁,3
3399,烜,1878,恒,3
3414,烽,3395,烊,3
3416,焊,1908,悍,3
3423,焙,3418,焐,3
3426,焦,340,僬,3
3447,熄,3453,熜,3
3459,熳,1985,慢,3
3479,爱,650,受,3
3479,爱,3478,爰,3
3493,牍,3517,犊,3
3505,物,3760,畅,3
3510,特,3507,牯,3
3524,犬,1477,尤,3
3532,犹,2072,扰,3
3548,狡,1288,姣,3
3552,狭,2168,挟,3
3570,猎,3583,猪,3
3584,猫,2248,描,3
3592,猾,3560,狷,3
3605,玄,83,云,3
3607,玉,83,云,3
3611,玕,3625,环,3
3629,玷,3613,玙,3
3637,珍,5632,诊,3
3643,珠,4187,秣,3
3643,珠,5649,诛,3
3663,琢,3152,涿,3
3671,琮,3164,淙,3
3692,瑰,6923,魂,3
3698,璃,3679,瑀,3
3710,璧,1179,壁,3
3710,璧,1364,嬖,3
3710,璧,6271,鐾,3
3717,瓜,3476,爪,3
3738,甚,1126,基,3
3752,申,3751,甲,3
3800,疫,3791,疚,3
3801,疬,3794,疠,3
3807,疲,3853,瘐,3
3811,疸,3814,疽,3
3820,症,3828,痖,3
3822,痉,3813,疼,3
3838,痪,3874,瘼,3
3856,瘘,3845,痿,3
3871,瘴,3825,痒,3
3891,百,4019,石,3
3897,皋,4876,臬,3
3914,益,3922,盖,3
3932,盲,4747,育,3
3944,看,2451,春,3
3944,看,4671,者,3
3951,眦,2903,毗,3
3952,眨,3968,睑,3
3959,眷,2451,春,3
3959,眷,3963,着,3
3975,睦,3955,眭,3
3980,睽,2494,暌,3
3994,瞥,3973,督,3
4001,瞳,3780,疃,3
4024,矾,4020,矶,3
4024,矾,4033,砒,3
4025,矿,4023,矽,3
4031,砍,4067,硕,3
4039,砜,4024,矾,3
4050,砰,4021,矸,3
4059,础,4072,硪,3
4067,硕,4031,砍,3
4113,磨,7117,麽,3
4117,磷,3705,璘,3
4138,祓,5498,袯,3
4149,祥,2658,样,3
4163,禅,5519,裨,3
4180,秋,3536,狄,3
4183,秒,4185,秘,3
4188,秤,2133,拜,3
4190,秧,4191,秩,3
4198,秽,4197,移,3
4209,稚,2739,椎,3
4213,稳,4207,稔,3
4226,穴,2840,欠,3
4227,究,4228,穷,3
4232,穿,1439,寄,3
4242,窒,4233,窀,3
4244,窖,4241,窑,3
4267,竣,3105,浚,3
4274,竽,4275,竿,3
4286,笙,4308,筌,3
4306,等,4232,穿,3
4306,等,4274,竽,3
4312,筒,4324,筲,3
4313,答,4330,签,3
4319,筝,4274,竽,3
4332,箅,4338,算,3
4351,箱,4340,箝,3
4360,篓,4301,笺,3
4361,篙,1593,嵩,3
4365,篢,4343,箦,3
4370,篱,4361,篙,3
4371,篷,5218,蓬,3
4398,粒,2118,拉,3
4399,粕,2121,拍,3
4407,粤,1238,奥,3
4410,粮,4201,稂,3
4425,糕,4398,粒,3
4426,糖,2284,搪,3
4426,糖,4431,糠,3
4429,糜,2303,摩,3
4429,糜,7108,麋,3
4430,糟,2803,槽,3
4443,絮,1386,孥,3
4444,絷,2164,挚,3
4453,纟,68,乡,3
4456,红,5601,讧,3
4466,纬,5611,讳,3
4468,纯,2985,沌,3
4472,纳,5615,讷,3
4472,纳,6298,钠,3
4475,纶,2999,沦,3
4490,细,4481,纽,3
4491,织,5629,识,3
4497,绍,3013,沼,3
4500,绐,4508,给,3
4502,绒,5664,诫,3
4503,结,217,佶,3
4503,结,3055,洁,3
4508,给,4507,绘,3
4509,绚,3079,洵,3
4513,绞,4478,纹,3
4522,继,4496,绌,3
4527,续,5680,读,3
4550,缄,4502,绒,3
4565,缕,318,偻,3
4568,缘,335,像,3
4579,缤,4572,缜,3
4583,缨,3703,璎,3
4588,缭,337,僚,3
4590,缯,339,僧,3
4604,网,392,冈,3
4618,署,5585,詈,3
4633,羡,3922,盖,3
4634,群,6167,郡,3
4644,翁,4650,翕,3
4683,耙,4681,耗,3
4697,耵,3930,盯,3
4698,耶,649,取,3
4698,耶,6135,邪,3
4727,肓,3932,盲,3
4730,肚,4731,肛,3
4744,肮,4799,脏,3
4745,肯,4728,肖,3
4747,育,3932,盲,3
4754,肿,4768,胛,3
4758,胃,396,冒,3
4758,胃,4759,胄,3
4763,胎,4741,肪,3
4766,胙,2453,昨,3
4771,胞,4739,肥,3
4771,胞,6762,飑,3
4775,胧,3954,眬,3
4788,胶,3898,皎,3
4793,脂,4819,腊,3
4799,脏,3972,睢,3
4826,腔,4857,膣,3
4836,腰,4852,膘,3
4852,膘,4836,腰,3
4864,臀,4866,臂,3
4878,至,5740,豆,3
4928,良,4927,艮,3
4947,芒,4945,芏,3
4954,芡,5024,茓,3
4954,芡,5033,茨,3
4958,芨,4937,艿,3
4961,芫,5045,茺,3
4967,花,5020,茌,3
4968,芳,4944,芎,3
4972,芹,4956,芥,3
4978,苇,5010,茀,3
4978,苇,5095,莠,3
4985,苏,5014,茄,3
4988,苓,4959,芩,3
4995,苞,4963,芭,3
4995,苞,4983,苍,3
4997,苠,5029,茛,3
5002,苦,5001,若,3
5035,茬,5054,荐,3
5038,茱,5066,荣,3
5040,茴,4991,苗,3
5040,茴,4992,苘,3
5045,茺,5056,荒,3
5047,荀,4996,苟,3
5066,荣,5068,荥,3
5079,荷,5047,荀,3
5082,荼,5042,茶,3
5102,莲,6042,连,3
5108,莹,5151,萤,3
5117,菊,5169,葡,3
5123,菜,2613,某,3
5123,菜,5038,茱,3
5140,萄,5169,葡,3
5148,萘,5082,荼,3
5151,萤,5070,荧,3
5169,葡,5140,萄,3
5170,董,1132,堇,3
5194,蒲,5254,薄,3
5200,蒿,5214,蓠,3
5218,蓬,5102,莲,3
5231,蔷,5113,菁,3
5258,薛,5272,藓,3
5264,薯,2501,暮,3
5298,虬,5299,虮,3
5305,虽,736,员,3
5316,蚕,5339,蛋,3
5320,蚤,5339,蛋,3
5326,蚯,5301,虹,3
5327,蚰,5332,蚺,3
5327,蚰,5342,蛐,3
5335,蛆,5344,蛔,3
5393,蝉,5345,蛘,3
5393,蝉,5385,蜱,3
5399,蝠,5360,蛹,3
5412,螃,5444,蟾,3
5440,蟥,5422,螨,3
5445,蠃,5828,赢,3
5463,街,5462,衔,3
5463,街,5464,衙,3
5468,衤,5467,衣,3
5470,表,28,丧,3
5475,衰,5494,袤,3
5475,衰,5509,裒,3
5489,袒,4139,祖,3
5500,袷,5516,裣,3
5517,裤,5537,褥,3
5523,裴,5504,装,3
5524,裸,4210,稞,3
5530,褐,5526,裼,3
5555,观,2842,欢,3
5555,观,3626,现,3
5594,讠,2943,氵,3
5598,认,140,以,3
5600,讦,2957,汗,3
5607,议,2953,汊,3
5618,论,4475,纶,3
5622,访,2964,污,3
5623,诀,3087,浃,3
5623,诀,3621,玦,3
5624,证,2992,沚,3
5624,证,5603,让,3
5625,诂,5646,诘,3
5636,诎,4496,绌,3
5637,诏,4497,绍,3
5638,诐,3035,波,3
5649,诛,3068,洣,3
5661,诧,3007,沱,3
5669,诰,3113,浩,3
5670,诱,3655,琇,3
5670,诱,4518,绣,3
5676,请,6665,靖,3
5677,诸,4525,绪,3
5680,读,4527,续,3
5680,读,5659,该,3
5682,诽,4529,绯,3
5684,诿,297,倭,3
5694,谊,3201,渲,3
5697,谍,5695,谋,3
5699,谏,3127,涑,3
5702,谒,4270,竭,3
5724,谩,4581,缦,3
5725,谪,3275,滴,3
5727,谬,3699,璆,3
5727,谬,4585,缪,3
5738,谷,682,各,3
5749,豪,5746,象,3
5762,贝,2840,欠,3
5764,负,5763,贞,3
5771,货,5787,贷,3
5789,费,5818,赘,3
5836,走,5852,足,3
5841,起,5844,超,3
5864,跌,5876,跣,3
5868,跑,6792,饱,3
5899,踞,5873,距,3
5959,轧,73,乳,3
5968,轰,4704,聂,3
5983,轿,6688,鞒,3
6007,辗,5994,辊,3
6012,辜,1671,幸,3
6023,辽,6030,迈,3
6033,近,6030,迈,3
6042,连,5102,莲,3
6057,迸,6066,逆,3
6078,通,6094,逼,3
6082,速,6088,逮,3
6083,造,3113,浩,3
6083,造,6067,选,3
6094,逼,6077,逗,3
6104,遒,6116,遵,3
6110,遣,6106,遗,3
6124,邑,4930,色,3
6134,邦,6150,邾,3
6135,邪,4698,耶,3
6138,邯,6137,邮,3
6156,郊,2360,效,3
6171,部,6163,郚,3
6177,都,6151,郁,3
6180,鄂,6164,郛,3
6204,酝,6197,配,3
6232,醋,6221,酵,3
6232,醋,6223,酷,3
6257,金,371,全,3
6270,鏖,7107,麈,3
6295,钝,4468,纯,3
6296,钞,4470,纱,3
6298,钠,4472,纳,3
6302,钤,6333,铃,3
6312,钮,6329,钿,3
6315,钱,6790,饯,3
6318,钴,6325,钻,3
6330,铀,5972,轴,3
6335,铅,6354,铝,3
6344,铐,6416,锜,3
6347,铕,6388,销,3
6353,铜,6303,钥,3
6360,铣,6394,锆,3
6369,铭,4511,络,3
6382,铺,5989,辅,3
6384,铼,6349,铗,3
6386,链,6361,铤,3
6396,锈,4518,绣,3
6397,锉,6387,铿,3
6399,锋,6400,锌,3
6405,锑,4523,绨,3
6421,锢,6356,铟,3
6423,锤,4558,缍,3
6425,锦,4535,绵,3
6432,锭,4543,绽,3
6433,键,313,健,3
6433,键,2913,毽,3
6434,锯,5899,踞,3
6454,镅,6408,锔,3
6456,镇,4572,缜,3
6465,镐,6478,镝,3
6502,镶,6448,锿,3
6504,门,2946,汀,3
6510,闯,6524,闽,3
6518,闷,6509,问,3
6525,闾,6507,闫,3
6527,阀,6535,阈,3
6527,阀,6546,阔,3
6528,阁,6534,阇,3
6532,阅,6517,闶,3
6542,阏,6551,阙,3
6554,阝,601,卩,3
6563,阴,2442,明,3
6572,附,762,咐,3
6575,陇,767,咙,3
6592,陪,3423,焙,3
6621,雄,4085,碓,3
6628,雎,3972,睢,3
6633,雨,26,两,3
6639,雷,6644,霄,3
6673,革,5090,莘,3
6674,靰,6676,靴,3
6717,项,6714,顶,3
6721,顽,6732,颈,3
6725,颁,6726,颂,3
6727,颃,6721,顽,3
6736,颌,6725,颁,3
6750,额,6749,颜,3
6791,饰,6787,饬,3
6797,饶,6351,铙,3
6801,饺,6372,铰,3
6805,饿,6395,锇,3
6807,馁,4520,绥,3
6819,馏,6464,镏,3
6847,驼,7049,鸵,3
6922,魁,6926,魅,3
6974,鲩,6986,鲵,3
6988,鲷,6985,鲴,3
6999,鳃,6987,鲶,3
7009,鳍,6978,鲭,3
7057,鸽,7045,鸰,3
7057,鸽,7066,鹆,3
7089,鹤,7038,鸩,3
7090,鹦,7078,鹗,3
7105,麂,7104,鹿,3
7110,麓,4379,簏,3
7113,麦,28,丧,3
7113,麦,5470,表,3
7126,黔,7137,黪,3
7179,龋,5913,踽,3
7181,龙,1477,尤,3
2,丁,615,厂,2
3,七,45,乂,2
3,七,63,乜,2
4,万,617,厅,2
4,万,2401,方,2
4,万,2865,歹,2
4,万,4019,石,2
5,丈,1205,大,2
8,下,591,卜,2
19,丙,5550,西,2
22,东,56,乐,2
23,丝,21,丛,2
25,丢,636,去,2
26,两,5550,西,2
31,丫,1776,彳,2
33,中,1625,巾,2
33,中,3498,牛,2
34,丰,581,半,2
36,临,3919,监,2
41,主,4878,至,2
41,主,5594,讠,2
43,举,4624,羊,2
45,乂,641,又,2
49,么,373,公,2
49,么,1765,彡,2
50,义,3786,疒,2
51,之,47,久,2
51,之,1611,工,2
54,乎,168,伞,2
56,乐,4174,禾,2
57,乒,27,严,2
58,乓,18,丘,2
58,乓,57,乒,2
61,乘,60,乖,2
61,乘,4179,秉,2
64,九,1476,尢,2
68,乡,1765,彡,2
71,买,6832,马,2
72,乱,5959,轧,2
75,了,1738,弓,2
79,二,407,冫,2
81,于,80,亍,2
81,于,1371,孑,2
82,亏,2401,方,2
83,云,1672,幺,2
84,互,4696,耳,2
86,五,3607,玉,2
90,些,4273,竺,2
93,亡,1619,己,2
93,亡,5594,讠,2
97,亦,4127,示,2
98,产,27,严,2
105,亲,5123,菜,2
113,什,132,付,2
113,什,136,仟,2
113,什,138,代,2
113,什,2947,汁,2
114,仁,129,仕,2
114,仁,141,仨,2
115,仂,176,伪,2
118,仅,2952,汉,2
120,仇,112,亿,2
120,仇,4462,纨,2
122,今,375,兮,2
123,介,113,什,2
126,仑,684,合,2
127,仓,65,乞,2
127,仓,126,仑,2
127,仓,551,包,2
127,仓,4930,色,2
128,仔,3890,白,2
129,仕,558,化,2
130,他,2963,池,2
131,仗,132,付,2
131,仗,162,休,2
133,仙,147,仳,2
136,仟,151,任,2
136,仟,4458,纤,2
138,代,558,化,2
139,令,55,乏,2
139,令,684,合,2
142,仪,5607,议,2
145,仰,604,卯,2
145,仰,3027,泖,2
145,仰,6145,邸,2
151,任,192,住,2
153,仿,1777,彷,2
153,仿,4479,纺,2
153,仿,6561,防,2
155,伉,1876,恍,2
160,伏,702,吠,2
162,休,132,付,2
162,休,4894,舛,2
165,伙,160,伏,2
165,伙,200,佚,2
166,会,122,今,2
169,伟,4466,纬,2
174,伦,137,仡,2
178,伯,3021,泊,2
181,伴,4494,绊,2
182,伶,240,侩,2
182,伶,1856,怜,2
183,伸,4489,绅,2
184,伺,687,同,2
184,伺,692,向,2
185,似,4474,纵,2
191,低,5633,诋,2
192,住,151,任,2
192,住,1781,往,2
194,佑,193,佐,2
194,佑,217,佶,2
196,何,184,伺,2
197,佗,174,伦,2
201,佛,4495,绋,2
202,作,174,伦,2
202,作,1847,怍,2
212,佬,170,传,2
212,佬,279,倍,2
212,佬,6345,铑,2
213,佯,3058,洋,2
214,佰,194,佑,2
215,佳,223,侄,2
215,佳,4873,臣,2
215,佳,5644,诖,2
223,侄,215,佳,2
223,侄,1784,径,2
223,侄,6615,隹,2
226,例,238,侧,2
227,侍,264,俦,2
234,侠,221,使,2
235,侣,124,仍,2
236,侥,232,供,2
238,侧,3094,测,2
239,侨,150,价,2
240,侩,262,信,2
240,侩,4507,绘,2
244,侯,261,俟,2
248,俄,6805,饿,2
250,俊,1913,悛,2
254,俑,5569,角,2
255,俗,205,佟,2
255,俗,279,倍,2
255,俗,4519,绤,2
256,俘,288,倞,2
266,俩,26,两,2
268,俭,6591,险,2
269,修,205,佟,2
271,俱,189,但,2
271,俱,257,俚,2
279,倍,1125,培,2
283,倔,180,伲,2
284,倘,1941,惝,2
284,倘,4531,绱,2
285,候,3588,猴,2
290,倡,224,侈,2
290,倡,235,侣,2
293,倨,283,倔,2
300,债,319,偾,2
300,债,4524,绩,2
300,债,5767,责,2
300,债,5797,赁,2
302,值,3937,盾,2
303,倾,6724,颀,2
303,倾,6726,颂,2
306,偈,290,倡,2
309,偏,4566,编,2
313,健,6433,键,2
316,偶,315,偲,2
317,偷,1963,愉,2
318,偻,297,倭,2
319,偾,5797,赁,2
321,傀,1975,愧,2
322,傅,4570,缚,2
324,傍,3250,滂,2
331,傲,347,儆,2
335,像,288,倞,2
350,儒,3338,濡,2
354,允,359,先,2
354,允,399,冗,2
355,元,83,云,2
357,充,354,允,2
357,充,366,兖,2
358,兆,3074,洮,2
359,先,1213,失,2
360,光,94,亢,2
360,光,1535,岩,2
363,兑,1869,总,2
363,兑,4625,羌,2
368,兜,763,咒,2
370,入,110,人,2
370,入,372,八,2
370,入,448,刀,2
370,入,449,刁,2
371,全,6273,钅,2
373,公,1672,幺,2
374,六,47,久,2
374,六,85,亓,2
374,六,592,卞,2
375,兮,684,合,2
376,兰,6,三,2
377,共,4977,苄,2
378,关,716,吴,2
378,关,4010,矢,2
380,兵,57,乒,2
387,兽,2519,曾,2
388,冀,4409,粪,2
390,冂,999,囗,2
391,内,1625,巾,2
392,冈,6760,风,2
396,冒,4758,胃,2
409,冯,400,写,2
414,况,418,冼,2
414,况,2841,次,2
415,冶,3015,沾,2
415,冶,3016,沿,2
417,冻,3050,泺,2
420,净,77,争,2
420,净,5658,诤,2
421,凄,1272,妻,2
424,凉,102,京,2
424,凉,3164,淙,2
425,凋,5688,调,2
427,减,785,咸,2
427,减,5648,诚,2
428,凑,3241,溱,2
429,凛,424,凉,2
431,几,372,八,2
432,凡,2900,比,2
441,凸,697,吗,2
446,函,443,出,2
448,刀,514,力,2
453,切,605,印,2
458,刑,470,利,2
462,刘,486,剂,2
464,刚,457,刎,2
464,刚,463,则,2
465,创,463,则,2
465,创,4454,纠,2
471,别,494,剔,2
473,刮,461,列,2
474,到,472,刭,2
474,到,4454,纠,2
476,制,471,别,2
481,刻,496,剖,2
482,刽,465,创,2
485,剁,470,利,2
486,剂,462,刘,2
486,剂,496,剖,2
488,剅,505,副,2
489,削,490,剌,2
492,剐,494,剔,2
493,剑,465,创,2
493,剑,4454,纠,2
503,剩,480,刺,2
508,剿,513,劓,2
515,劝,1267,妫,2
516,办,40,为,2
517,功,677,叻,2
519,务,3482,爷,2
529,劲,538,勐,2
532,势,2734,棼,2
536,勋,535,勉,2
539,勒,544,勩,2
547,勺,550,匀,2
548,勾,552,匆,2
549,勿,550,匀,2
550,匀,547,勺,2
551,包,3743,甩,2
552,匆,549,勿,2
552,匆,658,句,2
557,匕,50,义,2
558,化,142,仪,2
558,化,147,仳,2
558,化,2900,比,2
559,北,358,兆,2
559,北,1186,壮,2
564,匠,6033,近,2
565,匡,572,医,2
566,匣,563,匝,2
569,匮,6106,遗,2
570,匹,571,区,2
571,区,6771,飞,2
578,升,4897,舟,2
579,午,1669,年,2
584,卑,401,军,2
586,卓,587,单,2
586,卓,2674,桌,2
587,单,4624,羊,2
591,卜,110,人,2
592,卞,8,下,2
592,卞,595,卡,2
592,卞,1205,大,2
596,卢,2040,户,2
598,卤,1012,囱,2
603,卮,616,厄,2
607,即,6143,邵,2
607,即,6157,郎,2
608,却,525,劫,2
608,却,611,卸,2
608,却,6158,郏,2
618,历,19,丙,2
619,厉,618,历,2
624,厘,566,匣,2
627,原,3230,源,2
636,去,444,击,2
636,去,6503,长,2
641,又,1372,孓,2
642,叉,50,义,2
644,友,1612,左,2
646,反,118,仅,2
646,反,643,及,2
646,反,2394,斥,2
646,反,2865,歹,2
647,发,95,交,2
648,叔,2548,权,2
649,取,3355,灭,2
652,叙,648,叔,2
655,叠,2677,桑,2
656,口,2512,曰,2
657,古,685,吉,2
658,句,6509,问,2
659,另,3754,男,2
660,叨,661,叩,2
660,叨,718,吸,2
662,只,356,兄,2
663,叫,673,叶,2
668,台,354,允,2
671,右,657,古,2
674,号,375,兮,2
678,叼,661,叩,2
678,叼,747,呵,2
678,叼,1071,坷,2
679,叽,665,叭,2
679,叽,703,吡,2
680,吁,4021,矸,2
684,合,727,告,2
685,吉,14,专,2
685,吉,636,去,2
687,同,1003,回,2
687,同,2522,月,2
687,同,6507,闫,2
689,后,619,厉,2
690,吏,2515,更,2
692,向,135,仞,2
692,向,203,佝,2
694,吓,593,卟,2
695,吕,664,召,2
700,吞,2451,春,2
702,吠,3529,状,2
708,吩,720,吻,2
711,吭,681,吃,2
711,吭,730,呒,2
717,吵,517,功,2
719,吹,811,哝,2
719,吹,841,唤,2
719,吹,2841,次,2
720,吻,708,吩,2
723,呀,680,吁,2
725,呆,5004,苯,2
726,呈,6273,钅,2
727,告,722,吾,2
727,告,1535,岩,2
740,呢,2458,昵,2
743,周,554,匍,2
743,周,687,同,2
743,周,1016,固,2
747,呵,667,可,2
747,呵,678,叼,2
751,呻,412,冲,2
751,呻,749,呷,2
751,呻,1061,坤,2
753,命,6165,郜,2
762,咐,786,咻,2
772,咤,840,唣,2
774,咧,847,唰,2
777,咪,809,哚,2
779,咬,718,吸,2
783,咳,831,唉,2
785,咸,2028,戚,2
787,咽,854,啁,2
789,哀,5477,衷,2
789,哀,5509,裒,2
790,品,662,只,2
793,哆,813,哟,2
805,哔,807,哗,2
807,哗,812,哞,2
807,哗,860,啐,2
813,哟,742,呦,2
815,哦,6805,饿,2
817,哨,850,唷,2
817,哨,855,啃,2
818,哩,754,咀,2
822,哲,2484,晳,2
825,哼,769,咛,2
828,唁,924,嗟,2
829,唆,831,唉,2
832,唏,2475,晞,2
833,唐,1706,庸,2
838,唠,1564,崂,2
846,唯,782,咱,2
846,唯,801,哐,2
846,唯,1131,堆,2
853,唿,934,嗯,2
855,啃,900,喟,2
865,啤,807,哗,2
865,啤,4084,碑,2
866,啥,835,唔,2
866,啥,851,唼,2
866,啥,924,嗟,2
876,啶,3153,淀,2
880,啼,1641,帚,2
882,喀,828,唁,2
883,喁,848,唱,2
890,喉,1142,堠,2
894,喑,828,唁,2
894,喑,2497,暗,2
896,喘,3688,瑞,2
899,喝,848,唱,2
899,喝,883,喁,2
906,喷,916,嗑,2
912,嗅,975,噢,2
913,嗉,931,嗪,2
918,嗓,979,噪,2
934,嗯,800,哏,2
938,嗷,939,嗽,2
939,嗽,881,啾,2
939,嗽,938,嗷,2
941,嘀,922,嗝,2
942,嘁,891,喊,2
944,嘉,4650,翕,2
946,嘎,911,嗄,2
956,嘧,991,嚓,2
961,嘴,5572,觜,2
963,嘹,3999,瞭,2
964,嘻,828,唁,2
964,嘻,913,嗉,2
964,嘻,974,噜,2
967,噌,2519,曾,2
983,噶,899,喝,2
983,噶,988,嚆,2
989,嚎,913,嗉,2
989,嚎,982,噱,2
1000,囚,1001,四,2
1000,囚,1005,因,2
1001,四,1009,囫,2
1002,囝,1007,团,2
1003,回,6509,问,2
1004,囟,598,卤,2
1005,因,743,周,2
1005,因,1006,囡,2
1006,囡,1003,回,2
1006,囡,1008,囤,2
1008,囤,1013,围,2
1008,囤,1017,国,2
1012,囱,598,卤,2
1012,囱,692,向,2
1015,囹,1014,囵,2
1016,固,687,同,2
1016,固,1008,囤,2
1016,固,1013,围,2
1017,国,1005,因,2
1017,国,1021,圄,2
1018,图,743,周,2
1018,图,1022,圆,2
1020,圃,6530,阃,2
1021,圄,1579,崮,2
1022,圆,1010,园,2
1023,圈,1025,圊,2
1027,土,86,五,2
1028,圣,4878,至,2
1029,在,1612,左,2
1032,圬,1045,坊,2
1034,圮,2560,杞,2
1036,地,130,他,2
1038,圹,2065,扩,2
1041,圾,1043,坂,2
1042,址,1063,坨,2
1043,坂,2073,扳,2
1044,均,1094,垧,2
1044,均,1100,垱,2
1049,坏,1054,坛,2
1050,坐,21,丛,2
1052,块,413,决,2
1052,块,2083,抉,2
1058,坟,1045,坊,2
1058,坟,1241,奴,2
1058,坟,2356,攻,2
1060,坡,2102,披,2
1062,坦,1107,埋,2
1062,坦,1270,妲,2
1066,坫,2117,拈,2
1071,坷,1044,均,2
1076,垄,1179,壁,2
1078,垆,2099,护,2
1086,垞,1063,坨,2
1098,垮,1151,塆,2
1105,埃,5668,误,2
1107,埋,818,哩,2
1107,埋,1304,娌,2
1115,埙,1116,埚,2
1125,培,1098,垮,2
1125,培,3423,焙,2
1126,基,1132,堇,2
1126,基,3738,甚,2
1128,埽,1164,墁,2
1129,堀,2223,掘,2
1130,堂,1422,室,2
1130,堂,2723,棠,2
1132,堇,6673,革,2
1156,塘,2284,搪,2
1157,塞,1445,寒,2
1159,填,1091,垣,2
1165,境,1149,塃,2
1170,墓,1132,堇,2
1170,墓,5021,茎,2
1171,墙,1175,墦,2
1171,墙,1362,嫱,2
1173,增,1133,堉,2
1173,增,1993,憎,2
1175,墦,2322,播,2
1182,壕,335,像,2
1187,声,596,卢,2
1190,壹,1189,壶,2
1191,夂,2352,攵,2
1195,夏,534,勇,2
1195,夏,3479,爱,2
1197,夕,1191,夂,2
1202,够,3957,眵,2
1206,天,1210,夭,2
1206,天,1485,尺,2
1206,天,2416,无,2
1208,夫,1213,失,2
1213,失,359,先,2
1213,失,4010,矢,2
1214,头,379,兴,2
1215,夷,5055,荑,2
1217,夹,1215,夷,2
1223,奇,1226,奋,2
1223,奇,4993,苛,2
1224,奈,198,佘,2
1232,奖,2689,桨,2
1233,套,1227,奎,2
1236,奠,1466,尊,2
1241,奴,645,双,2
1245,好,1247,如,2
1245,好,1262,妤,2
1250,妆,3529,状,2
1253,妊,1276,始,2
1254,妍,1243,奸,2
1257,妖,1301,娇,2
1267,妫,1259,妙,2
1268,妮,1306,娓,2
1273,妾,1263,妥,2
1274,姆,1282,姗,2
1276,始,1280,姓,2
1277,姐,1260,妞,2
1277,姐,5335,蛆,2
1278,姑,1276,始,2
1284,姚,1261,妣,2
1290,姨,1323,婕,2
1295,姿,1305,娑,2
1295,姿,5800,资,2
1296,威,4097,碱,2
1299,娅,1291,姬,2
1300,娆,1297,娃,2
1313,娩,1292,姹,2
1314,娱,1313,娩,2
1317,娶,4714,聚,2
1318,娼,1337,媚,2
1320,婆,1305,娑,2
1323,婕,1290,姨,2
1328,婪,2703,梦,2
1330,婴,4600,罂,2
1331,婵,1326,婢,2
1332,婶,1326,婢,2
1335,婿,1337,媚,2
1336,媒,5406,蝶,2
1337,媚,3590,猸,2
1338,媛,1349,嫒,2
1339,媪,1318,娼,2
1346,嫂,1341,媳,2
1347,嫉,1359,嫩,2
1353,嫚,1349,嫒,2
1367,嬴,4639,羸,2
1371,孑,2052,手,2
1374,孕,1378,孚,2
1380,孜,2362,敌,2
1385,孤,2087,抓,2
1385,孤,3541,狐,2
1388,孩,6857,骇,2
1389,孪,1384,季,2
1391,孰,4462,纨,2
1404,安,1263,妥,2
1406,完,1400,宄,2
1410,宗,1375,字,2
1413,定,1416,宝,2
1415,宜,1421,宣,2
1416,宝,1401,宅,2
1417,实,1405,宋,2
1423,宥,4740,肩,2
1428,宰,6011,辛,2
1430,宴,1446,寓,2
1432,家,404,冢,2
1432,家,5746,象,2
1434,容,1429,害,2
1436,宾,1440,寅,2
1443,富,3770,畜,2
1445,寒,1157,塞,2
1446,寓,1443,富,2
1452,寥,1449,察,2
1453,寨,2287,搴,2
1453,寨,5540,褰,2
1453,寨,5821,赛,2
1458,寺,1218,夺,2
1465,尉,1989,慰,2
1466,尊,5071,荨,2
1467,小,2053,扌,2
1473,尚,3938,省,2
1473,尚,4992,苘,2
1475,尝,367,党,2
1477,尤,1476,尢,2
1477,尤,7181,龙,2
1483,尸,1484,尹,2
1492,屁,2920,民,2
1493,层,1495,居,2
1496,屈,1493,层,2
1500,屎,1490,尿,2
1504,展,6019,辰,2
1506,属,1392,孱,2
1506,属,1496,屈,2
1507,屠,1503,屑,2
1515,屹,1516,屺,2
1524,岑,1573,崟,2
1525,岔,3911,盆,2
1527,岗,1579,崮,2
1534,岣,1550,峋,2
1538,岭,1560,峪,2
1553,峡,1584,嵊,2
1560,峪,1566,崆,2
1563,峻,1558,峧,2
1563,峻,3965,睃,2
1565,崃,1553,峡,2
1567,崇,2723,棠,2
1569,崔,6619,雀,2
1572,崞,825,哼,2
1577,崩,5143,萌,2
1578,崭,1576,崧,2
1578,崭,5248,蕲,2
1580,崴,5176,葳,2
1581,崽,1595,嵬,2
1608,州,577,卅,2
1611,工,1721,廴,2
1612,左,657,古,2
1613,巧,2964,污,2
1617,差,4625,羌,2
1618,巯,3784,疏,2
1623,巷,4668,老,2
1634,帐,1844,怅,2
1634,帐,3398,烛,2
1634,帐,4755,胀,2
1638,帖,1643,帜,2
1638,帖,1854,怙,2
1638,帖,5784,贴,2
1639,帘,1644,帝,2
1639,帘,3748,甯,2
1641,帚,6886,骨,2
1642,帛,686,吊,2
1642,帛,2436,昂,2
1644,帝,1646,带,2
1646,带,3263,滞,2
1647,帧,1638,帖,2
1651,帷,1657,幄,2
1653,帻,1973,愤,2
1660,幔,1663,幞,2
1665,幢,1662,幛,2
1665,幢,2825,橦,2
1665,幢,5427,螳,2
1666,幪,2838,檬,2
1667,干,579,午,2
1668,平,54,乎,2
1668,平,1667,干,2
1668,平,1669,年,2
1669,年,401,军,2
1669,年,1668,平,2
1673,幻,4465,纫,2
1674,幼,522,动,2
1675,幽,5751,豳,2
1676,广,80,亍,2
1676,广,615,厂,2
1677,庀,1680,庇,2
1678,庄,620,压,2
1679,庆,621,厌,2
1679,庆,2042,戾,2
1686,库,1697,庤,2
1687,应,1678,庄,2
1692,庚,1707,庹,2
1693,府,1688,底,2
1709,庾,1692,庚,2
1711,廊,6182,鄌,2
1717,廙,3843,痹,2
1725,廾,4933,艹,2
1726,廿,20,业,2
1727,开,85,亓,2
1732,弇,4338,算,2
1736,式,2862,武,2
1740,弗,87,井,2
1740,弗,5010,茀,2
1743,弟,5010,茀,2
1746,弦,3040,泫,2
1746,弦,4261,竑,2
1751,弯,3222,湾,2
1753,弹,2881,殚,2
1759,当,1518,岁,2
1760,录,2961,汞,2
1760,录,3358,灵,2
1764,彝,5173,葬,2
1778,役,182,伶,2
1778,役,5621,设,2
1780,彼,3035,波,2
1780,彼,5638,诐,2
1781,往,192,住,2
1781,往,3384,炷,2
1784,径,1781,往,2
1785,待,227,侍,2
1785,待,1792,徐,2
1789,徊,4490,细,2
1790,律,1794,徕,2
1790,律,4466,纬,2
1793,徒,170,传,2
1797,徙,3107,浞,2
1801,循,2763,楯,2
1803,微,1804,徵,2
1803,微,1806,徼,2
1809,忄,1467,小,2
1821,忘,1813,忌,2
1822,忙,1830,忭,2
1822,忙,2565,杧,2
1824,忠,1918,患,2
1825,忡,1629,帅,2
1827,忧,160,伏,2
1829,快,1052,块,2
1829,快,1844,怅,2
1835,忻,1040,圻,2
1836,忽,1814,忍,2
1838,忿,1525,岔,2
1839,怀,1049,坏,2
1844,怅,1634,帐,2
1846,怊,1915,悟,2
1852,怕,1873,恂,2
1858,怠,1838,忿,2
1862,性,1914,悝,2
1862,性,3508,牲,2
1865,怪,2634,柽,2
1874,恃,1819,忖,2
1874,恃,1911,悖,2
1876,恍,1919,悦,2
1878,恒,1091,垣,2
1878,恒,2678,桓,2
1879,恕,1960,愁,2
1887,恨,3962,眼,2
1889,恪,3397,烙,2
1889,恪,4786,胳,2
1890,恫,1654,帼,2
1891,恬,1815,忏,2
1891,恬,1854,怙,2
1895,恳,1984,慝,2
1900,恻,3094,测,2
1905,悄,2702,梢,2
1906,悉,1281,委,2
1908,悍,1902,恽,2
1908,悍,3416,焊,2
1914,悝,1958,惺,2
1915,悟,1867,怯,2
1915,悟,1889,恪,2
1916,悠,1872,恁,2
1917,悢,1887,恨,2
1918,患,1943,惠,2
1919,悦,1876,恍,2
1920,您,1916,悠,2
1920,您,3426,焦,2
1930,悼,1929,悻,2
1930,悼,2215,掉,2
1931,情,1967,愔,2
1931,情,4818,腈,2
1932,惆,1938,惘,2
1935,惋,5390,蜿,2
1937,惕,1124,埸,2
1941,惝,1905,悄,2
1943,惠,1921,悫,2
1945,惧,271,俱,2
1945,惧,1855,怛,2
1947,惩,1872,恁,2
1948,惫,5855,趸,2
1950,惭,3185,渐,2
1951,惮,1930,悼,2
1951,惮,2239,掸,2
1954,想,1882,恝,2
1954,想,3409,热,2
1956,惶,2005,懊,2
1957,惹,5257,薏,2
1963,愉,5396,蝓,2
1969,愚,7125,黑,2
1973,愤,1653,帻,2
1977,愿,1920,您,2
1978,慈,1869,总,2
1983,慕,5153,萦,2
1993,憎,1173,增,2
2004,懈,2802,槲,2
2005,懊,3468,燠,2
2010,懦,4433,糯,2
2015,戊,2017,戌,2
2015,戊,2018,戍,2
2017,戌,2016,戋,2
2017,戌,2019,戎,2
2017,戌,2021,成,2
2019,戎,2023,戒,2
2020,戏,5781,贱,2
2021,成,1108,城,2
2023,戒,3737,甙,2
2025,或,2021,成,2
2025,或,2862,武,2
2027,战,4483,线,2
2028,戚,785,咸,2
2035,截,796,哉,2
2035,截,5270,藏,2
2039,戴,796,哉,2
2040,户,1483,尸,2
2045,扁,4172,离,2
2046,扃,4740,肩,2
2053,扌,1456,寸,2
2057,扒,2056,扑,2
2059,扔,2066,扪,2
2059,扔,2132,招,2
2061,扛,2562,杠,2
2062,扣,2061,扛,2
2062,扣,2066,扪,2
2067,扫,2069,扭,2
2068,扬,1039,场,2
2068,扬,2129,拘,2
2069,扭,2576,杻,2
2072,扰,2135,拢,2
2073,扳,2100,报,2
2075,批,2094,抛,2
2079,承,1760,录,2
2084,把,2104,抱,2
2085,抑,145,仰,2
2086,抒,2123,拐,2
2086,抒,2172,挣,2
2090,抖,2120,拌,2
2090,抖,2387,料,2
2092,折,2056,扑,2
2092,折,2585,析,2
2098,抢,2104,抱,2
2099,护,2086,抒,2
2099,护,2643,栌,2
2101,抨,2174,挥,2
2102,披,2160,按,2
2103,抬,2117,拈,2
2104,抱,2084,把,2
2104,抱,2127,拖,2
2108,押,2107,抻,2
2108,押,2174,挥,2
2108,押,2191,捍,2
2109,抽,2121,拍,2
2109,抽,2620,柚,2
2110,抿,2076,扺,2
2112,拃,2623,柞,2
2113,拄,2139,拦,2
2113,拄,2157,挂,2
2114,担,1062,坦,2
2115,拆,2092,折,2
2115,拆,2121,拍,2
2116,拇,1070,坶,2
2116,拇,2108,押,2
2118,拉,2113,拄,2
2120,拌,2611,柈,2
2121,拍,2062,扣,2
2121,拍,2680,桕,2
2122,拎,2149,拴,2
2124,拒,2621,柜,2
2125,拓,2088,抔,2
2125,拓,2618,柘,2
2126,拔,2080,技,2
2127,拖,2181,挹,2
2129,拘,1044,均,2
2129,拘,2121,拍,2
2130,拙,2111,拂,2
2130,拙,2178,挫,2
2134,拟,2592,枞,2
2135,拢,2078,找,2
2138,拥,2108,押,2
2140,拧,2624,柠,2
2142,择,2191,捍,2
2147,拱,2305,摸,2
2149,拴,2648,栓,2
2154,拾,2103,抬,2
2156,持,2175,挦,2
2157,挂,2113,拄,2
2157,挂,2666,桂,2
2158,指,2252,揞,2
2158,指,2256,揩,2
2165,挛,7058,鸾,2
2171,挢,2173,挤,2
2174,挥,2225,探,2
2176,挨,2199,换,2
2178,挫,2157,挂,2
2179,振,2272,搌,2
2181,挹,2127,拖,2
2184,捂,2216,掊,2
2185,捃,2184,捂,2
2187,捆,2219,掏,2
2188,捉,2089,投,2
2189,捋,1110,埒,2
2192,捎,2702,梢,2
2193,捏,1107,埋,2
2201,捧,2142,择,2
2203,捭,2239,掸,2
2204,据,2740,椐,2
2209,捺,2320,撩,2
2210,捻,1117,埝,2
2210,捻,2122,拎,2
2211,掀,2266,揿,2
2212,掂,2204,据,2
2214,授,2261,援,2
2216,掊,2252,揞,2
2217,掌,1402,宇,2
2217,掌,2723,棠,2
2219,掏,2232,掬,2
2224,掠,2737,椋,2
2225,探,2333,操,2
2227,接,2160,按,2
2229,推,1131,堆,2
2237,掴,2187,捆,2
2238,掷,2257,揪,2
2239,掸,2172,挣,2
2239,掸,2224,掠,2
2240,掺,2151,拷,2
2242,掾,2750,椽,2
2245,揉,2282,搡,2
2245,揉,4419,糅,2
2248,描,2195,捕,2
2256,揩,2158,指,2
2258,揭,2200,捣,2
2259,揲,2289,搽,2
2261,援,2214,授,2
2268,搁,2237,掴,2
2269,搂,4689,耧,2
2273,搏,2308,摽,2
2275,搒,2781,榜,2
2286,搭,1155,塔,2
2294,摆,2276,搓,2
2297,摊,2229,推,2
2297,摊,6621,雄,2
2299,摔,2101,抨,2
2300,摘,2234,掮,2
2300,摘,2280,搞,2
2305,摸,2809,模,2
2306,摹,5201,蓁,2
2309,撂,2301,摞,2
2312,撇,2319,撤,2
2314,撒,2312,撇,2
2314,撒,2316,撖,2
2319,撤,2314,撒,2
2323,撮,2251,揖,2
2323,撮,2316,撖,2
2325,撵,2174,挥,2
2329,撼,2291,摁,2
2333,操,2225,探,2
2350,支,644,友,2
2351,攴,2350,支,2
2352,攵,1240,女,2
2355,改,2356,攻,2
2355,改,3612,玖,2
2357,放,2360,效,2
2359,故,1043,坂,2
2359,故,2589,枚,2
2364,救,2361,敉,2
2364,救,2589,枚,2
2369,敝,5831,赦,2
2370,敞,2375,敬,2
2372,散,2376,数,2
2375,敬,5237,蔽,2
2376,数,2361,敉,2
2376,数,2366,敖,2
2378,整,1178,墼,2
2379,敷,2376,数,2
2380,文,1372,孓,2
2385,斓,5545,襕,2
2387,料,2090,抖,2
2387,料,4394,籼,2
2393,斤,4,万,2
2393,斤,2394,斥,2
2394,斥,119,仆,2
2396,斩,5960,轨,2
2397,斫,4034,研,2
2399,斯,541,勘,2
2401,方,82,亏,2
2401,方,1738,弓,2
2403,施,2411,旎,2
2406,旄,2410,旌,2
2407,旅,2412,族,2
2416,无,1206,天,2
2418,日,392,冈,2
2418,日,3929,目,2
2423,旬,553,匈,2
2424,旭,518,加,2
2430,时,1457,对,2
2435,昀,2527,朐,2
2436,昂,686,吊,2
2436,昂,1641,帚,2
2441,昌,695,吕,2
2443,昏,3894,皆,2
2444,易,4969,芴,2
2445,昔,6710,音,2
2447,昙,4612,罢,2
2448,昝,760,咎,2
2455,是,2437,昃,2
2455,是,2449,星,2
2455,是,5852,足,2
2458,昵,1268,妮,2
2458,昵,3949,眠,2
2460,昼,1488,尽,2
2464,晃,397,冕,2
2465,晋,1896,恶,2
2466,晌,2435,昀,2
2471,晕,6256,量,2
2483,晰,5382,蜥,2
2486,晶,790,品,2
2488,智,3950,眢,2
2490,暂,3902,皙,2
2501,暮,5217,蓦,2
2522,月,6505,闩,2
2524,朊,4744,肮,2
2525,朋,2442,明,2
2525,朋,2527,朐,2
2530,朗,4646,翊,2
2536,未,1208,夫,2
2536,未,4174,禾,2
2537,末,34,丰,2
2537,末,4677,耒,2
2538,本,34,丰,2
2538,本,2535,木,2
2541,朱,2536,未,2
2542,朴,2587,林,2
2545,朽,2551,杉,2
2545,朽,2577,杼,2
2545,朽,2584,枋,2
2546,杀,1218,夺,2
2548,权,649,取,2
2554,杏,2626,查,2
2555,材,2556,村,2
2557,杓,2581,构,2
2561,束,1217,夹,2
2562,杠,2549,杆,2
2563,条,199,余,2
2564,来,1217,夹,2
2564,来,2541,朱,2
2565,杧,2583,枉,2
2566,杨,2567,杩,2
2569,杭,2552,杌,2
2570,杯,2587,林,2
2572,杲,725,呆,2
2572,杲,2590,果,2
2574,杵,1826,忤,2
2574,杵,2623,柞,2
2575,杷,2084,把,2
2579,板,2580,极,2
2580,极,1041,圾,2
2580,极,2548,权,2
2581,构,2129,拘,2
2582,枇,2075,批,2
2583,枉,2666,桂,2
2587,林,2556,村,2
2589,枚,2073,扳,2
2589,枚,2579,板,2
2589,枚,2592,枞,2
2589,枚,2653,校,2
2590,果,2572,杲,2
2591,枝,1831,忮,2
2591,枝,2589,枚,2
2593,枢,2621,柜,2
2601,枯,2591,枝,2
2601,枯,2618,柘,2
2607,枸,2557,杓,2
2607,枸,2581,构,2
2610,柄,2588,枘,2
2611,柈,2120,拌,2
2611,柈,2658,样,2
2612,柏,2121,拍,2
2612,柏,2621,柜,2
2613,某,5019,茉,2
2615,柒,2543,朵,2
2615,柒,3068,洣,2
2615,柒,3192,渠,2
2615,柒,3198,渫,2
2616,染,3192,渠,2
2621,柜,2593,枢,2
2624,柠,2577,杼,2
2629,柯,2607,枸,2
2631,柱,2645,栏,2
2635,柿,2595,枥,2
2638,标,1376,存,2
2642,栋,2136,拣,2
2644,栎,2625,柢,2
2647,栒,2607,枸,2
2653,校,2089,投,2
2653,校,2589,枚,2
2655,株,2090,抖,2
2658,样,2652,栟,2
2658,样,2761,楫,2
2660,根,2718,棍,2
2661,格,2704,梧,2
2666,桂,2113,拄,2
2666,桂,2675,桎,2
2667,桃,2582,枇,2
2667,桃,2766,楸,2
2669,桅,2636,栀,2
2670,框,2124,拒,2
2671,案,105,亲,2
2671,案,1428,宰,2
2671,案,1449,察,2
2671,案,4250,窠,2
2673,桊,4189,秦,2
2676,桐,2138,拥,2
2676,桐,3381,炯,2
2677,桑,2079,承,2
2677,桑,2617,柔,2
2678,桓,2612,柏,2
2679,桔,2601,枯,2
2679,桔,2704,梧,2
2684,档,2702,梢,2
2685,桤,1899,恺,2
2690,桩,2569,杭,2
2693,桶,2566,杨,2
2699,梏,3513,牿,2
2703,梦,1328,婪,2
2703,梦,2755,楚,2
2705,梨,2791,槊,2
2706,梭,2214,授,2
2706,梭,2609,柃,2
2707,梯,2086,抒,2
2708,械,2801,槭,2
2712,梾,2756,楝,2
2713,检,2648,栓,2
2714,棁,2682,桡,2
2718,棍,2660,根,2
2720,棕,2773,榇,2
2723,棠,2617,柔,2
2723,棠,4406,粢,2
2726,棬,2751,椿,2
2727,森,2662,栽,2
2729,棱,2706,梭,2
2729,棱,4159,祾,2
2730,棵,2655,株,2
2732,棺,2783,榨,2
2738,植,2678,桓,2
2739,椎,2623,柞,2
2741,椑,2203,捭,2
2750,椽,2823,橡,2
2750,椽,4217,稼,2
2751,椿,2762,楮,2
2752,楂,2738,植,2
2756,楝,2712,梾,2
2757,楞,2604,枵,2
2759,楣,1337,媚,2
2759,楣,2763,楯,2
2760,楦,2247,揎,2
2761,楫,2251,揖,2
2764,楱,2780,榛,2
2768,楼,2269,搂,2
2769,榀,2789,榻,2
2773,榇,2700,梓,2
2778,榕,2709,梳,2
2780,榛,2712,梾,2
2783,榨,2732,棺,2
2788,榷,2302,摧,2
2794,槐,1975,愧,2
2798,槜,2288,携,2
2808,樟,2658,样,2
2815,樽,2317,撙,2
2817,橄,2766,楸,2
2823,橡,2242,掾,2
2836,檩,2317,撙,2
2836,檩,2773,榇,2
2836,檩,2829,檀,2
2843,欣,6724,颀,2
2845,欧,2358,政,2
2845,欧,5563,觋,2
2851,款,2366,敖,2
2851,款,2849,欹,2
2854,歇,2856,歌,2
2859,正,571,区,2
2859,正,672,叵,2
2876,残,2020,戏,2
2880,殖,4100,碴,2
2888,段,3504,牧,2
2901,毕,4941,芊,2
2903,毗,703,吡,2
2909,毯,6431,锬,2
2918,氏,558,化,2
2918,氏,2900,比,2
2920,民,1487,尼,2
2920,民,4927,艮,2
2922,气,65,乞,2
2922,气,6273,钅,2
2928,氛,2924,氖,2
2928,氛,2938,氮,2
2931,氢,2924,氖,2
2931,氢,2930,氡,2
2933,氦,2938,氮,2
2934,氧,2940,氰,2
2935,氨,2928,氛,2
2935,氨,2936,氩,2
2939,氯,2929,氟,2
2939,氯,2935,氨,2
2940,氰,2929,氟,2
2940,氰,2939,氯,2
2942,水,410,冰,2
2943,氵,5594,讠,2
2950,汇,4464,纪,2
2954,汐,2973,汶,2
2956,汕,2974,汹,2
2957,汗,3003,沪,2
2960,汝,1250,妆,2
2960,汝,2985,沌,2
2961,汞,2944,永,2
2962,江,4464,纪,2
2965,汤,3017,泃,2
2966,汨,2420,旧,2
2968,汪,3038,注,2
2969,汭,4472,纳,2
2971,汲,3161,淑,2
2971,汲,4461,级,2
2973,汶,2952,汉,2
2974,汹,3150,涵,2
2978,沂,3031,泜,2
2981,沅,2982,沆,2
2984,沉,3001,沨,2
2990,沘,3029,泚,2
2991,沙,3369,炒,2
2991,沙,4470,纱,2
2993,沛,35,串,2
2993,沛,3127,涑,2
2993,沛,5611,讳,2
2994,沟,2965,汤,2
2999,沦,4475,纶,2
3000,沧,3008,沲,2
3000,沧,3034,泡,2
3009,河,2964,污,2
3010,沸,3130,涕,2
3011,油,2969,汭,2
3012,治,3015,沾,2
3012,治,3016,沿,2
3012,治,3082,活,2
3014,沽,179,估,2
3015,沾,415,冶,2
3016,沿,2995,没,2
3019,泅,3056,洄,2
3019,泅,3057,洇,2
3021,泊,3632,珀,2
3030,泛,3036,泣,2
3033,泠,416,冷,2
3034,泡,1383,孢,2
3035,波,2971,汲,2
3037,泥,1268,妮,2
3038,注,3036,泣,2
3039,泪,2420,旧,2
3039,泪,2967,汩,2
3039,泪,3060,洎,2
3039,泪,3067,洞,2
3041,泮,3068,洣,2
3041,泮,4494,绊,2
3042,泯,3037,泥,2
3043,泰,1892,恭,2
3043,泰,4438,素,2
3046,泵,3020,泉,2
3051,泻,409,冯,2
3052,泼,3035,波,2
3053,泽,3058,洋,2
3053,泽,3102,浔,2
3053,泽,4498,绎,2
3058,洋,3053,泽,2
3059,洌,3097,浏,2
3060,洎,3021,泊,2
3062,洒,3275,滴,2
3063,洗,3090,浇,2
3064,洙,3068,洣,2
3066,洛,3096,济,2
3067,洞,425,凋,2
3067,洞,2420,旧,2
3067,洞,5635,词,2
3067,洞,5688,调,2
3076,洲,3181,渊,2
3079,洵,3017,泃,2
3082,活,3012,治,2
3084,洽,3012,治,2
3084,洽,3095,浍,2
3084,洽,3113,浩,2
3089,浆,2689,桨,2
3090,浇,418,冼,2
3090,浇,4505,绕,2
3099,浑,401,军,2
3099,浑,3053,泽,2
3107,浞,3153,淀,2
3108,浠,832,唏,2
3110,浣,3120,浼,2
3113,浩,3216,湝,2
3115,浮,424,凉,2
3116,浯,5666,语,2
3117,浴,3084,洽,2
3119,浸,3183,渍,2
3119,浸,5724,谩,2
3121,涂,3164,淙,2
3122,涅,3223,湿,2
3123,消,3128,涓,2
3123,消,3180,清,2
3130,涕,6074,递,2
3132,涛,3241,溱,2
3134,涞,3068,洣,2
3135,涟,3659,琏,2
3136,涠,425,凋,2
3137,涡,1587,嵎,2
3139,涣,3120,浼,2
3140,涤,3174,深,2
3141,润,425,凋,2
3145,涪,3066,洛,2
3145,涪,3116,浯,2
3145,涪,3222,湾,2
3150,涵,2974,汹,2
3153,淀,3036,泣,2
3153,淀,3820,症,2
3154,淄,4547,缁,2
3155,淅,3104,浙,2
3155,淅,3185,渐,2
3158,淋,858,啉,2
3159,淌,4531,绱,2
3164,淙,3175,淳,2
3168,淡,5693,谈,2
3171,淫,3170,淦,2
3171,淫,5718,谣,2
3176,混,3042,泯,2
3176,混,3186,渑,2
3183,渍,4524,绩,2
3187,渔,6100,遍,2
3189,渗,3129,涔,2
3189,渗,5710,谚,2
3197,温,3187,渔,2
3197,温,3223,湿,2
3199,渭,3128,涓,2
3202,渴,899,喝,2
3208,湍,4271,端,2
3212,湖,3240,溯,2
3212,湖,4772,胡,2
3213,湘,3212,湖,2
3217,湟,3122,涅,2
3221,湲,5706,谖,2
3222,湾,1751,弯,2
3233,溟,3160,淏,2
3235,溢,3210,湓,2
3239,溪,5675,诶,2
3244,溶,3145,涪,2
3257,滓,3099,浑,2
3257,滓,3292,漳,2
3258,滔,5689,谄,2
3263,滞,3133,涝,2
3270,滦,3238,溧,2
3271,滨,3106,浜,2
3272,滩,6626,雌,2
3275,滴,3300,潏,2
3277,漂,429,凛,2
3277,漂,3238,溧,2
3277,漂,3290,漯,2
3288,漫,3119,浸,2
3291,漱,3318,澉,2
3295,漾,3265,滠,2
3299,潍,3333,濉,2
3300,潏,5733,谲,2
3302,潜,3312,潸,2
3308,潮,2532,朝,2
3310,潴,3287,漪,2
3326,澳,1238,奥,2
3331,激,3298,潋,2
3334,濑,2008,懒,2
3343,瀑,3295,漾,2
3358,灵,1760,录,2
3359,灶,4130,社,2
3360,灸,3373,炙,2
3362,灾,1425,宪,2
3365,炅,2438,昆,2
3366,炉,1255,妒,2
3368,炎,3382,炱,2
3375,炝,1845,怆,2
3378,炬,3385,炸,2
3382,炱,1858,怠,2
3387,炻,3403,烦,2
3389,炽,3398,烛,2
3392,烂,3393,烃,2
3394,烈,5503,裂,2
3396,烘,5378,蜞,2
3397,烙,1889,恪,2
3403,烦,3367,炊,2
3404,烧,1300,娆,2
3404,烧,2682,桡,2
3414,烽,5363,蜂,2
3416,焊,3395,烊,2
3418,焐,3423,焙,2
3423,焙,3450,熔,2
3427,焯,1930,悼,2
3433,煌,3411,烷,2
3436,煞,3454,熟,2
3446,煽,3444,煸,2
3449,熏,6254,重,2
3453,熜,3447,熄,2
3466,燔,1664,幡,2
3473,爆,3469,燥,2
3482,爷,2395,斧,2
3493,牍,5810,赎,2
3498,牛,33,中,2
3498,牛,579,午,2
3501,牡,3499,牝,2
3504,牧,2361,敉,2
3508,牲,3501,牡,2
3508,牲,4016,矬,2
3510,特,2156,持,2
3511,牺,4404,粞,2
3521,犒,2280,搞,2
3529,状,160,伏,2
3531,犸,2132,招,2
3536,狄,4180,秋,2
3539,狍,2104,抱,2
3539,狍,3543,狗,2
3541,狐,1385,孤,2
3544,狙,1277,姐,2
3544,狙,3537,狈,2
3545,狝,4195,称,2
3546,狞,2140,拧,2
3548,狡,3898,皎,2
3556,狱,3536,狄,2
3561,狸,3582,猩,2
3563,狻,3548,狡,2
3564,狼,3547,狠,2
3564,狼,4201,稂,2
3567,猄,2224,掠,2
3570,猎,4819,腊,2
3573,猖,3560,狷,2
3575,猛,3591,猹,2
3580,猢,4422,糊,2
3582,猩,3561,狸,2
3583,猪,3310,潴,2
3584,猫,3570,猎,2
3585,猬,3592,猾,2
3586,献,5734,谳,2
3591,猹,2263,揸,2
3595,獏,2305,摸,2
3599,獠,2320,撩,2
3604,獾,2344,攉,2
3605,玄,636,去,2
3605,玄,1407,宏,2
3608,王,1185,壬,2
3612,玖,3616,玟,2
3618,玡,5614,讶,2
3622,玩,1265,妩,2
3623,玫,1058,坟,2
3625,环,3618,玡,2
3626,现,5556,规,2
3644,珣,3687,瑜,2
3653,琅,3114,浪,2
3653,琅,6406,锒,2
3660,琐,6389,锁,2
3660,琐,6720,顼,2
3664,琤,5658,诤,2
3676,琵,3677,琶,2
3677,琶,4278,笆,2
3678,琼,5690,谅,2
3688,瑞,1955,惴,2
3688,瑞,3208,湍,2
3693,瑶,5718,谣,2
3713,璪,3323,澡,2
3728,瓷,3724,瓮,2
3732,甍,5261,薨,2
3744,甪,3746,甬,2
3744,甪,5569,角,2
3749,田,1005,因,2
3749,田,3742,用,2
3750,由,2513,曲,2
3750,由,3749,田,2
3750,由,6022,边,2
3755,甸,553,匈,2
3759,畀,3763,界,2
3763,界,3759,畀,2
3770,畜,1443,富,2
3771,略,781,咯,2
3772,畦,1297,娃,2
3772,畦,3955,眭,2
3773,番,5238,蕃,2
3783,疍,2460,昼,2
3787,疔,3789,疗,2
3793,疟,3820,症,2
3796,疢,3802,疭,2
3796,疢,3815,疾,2
3799,疥,3809,疴,2
3801,疬,3819,病,2
3803,疮,3823,痊,2
3806,疱,3798,疤,2
3812,疹,3850,瘆,2
3813,疼,3822,痉,2
3815,疾,3817,痃,2
3815,疾,3838,痪,2
3819,病,3801,疬,2
3819,病,3804,疯,2
3820,症,3811,疸,2
3821,痈,3830,痛,2
3822,痉,3831,痞,2
3823,痊,3805,疰,2
3823,痊,3822,痉,2
3825,痒,3849,瘅,2
3829,痘,3822,痉,2
3829,痘,3835,痦,2
3831,痞,3835,痦,2
3838,痪,3851,瘊,2
3840,痰,3815,疾,2
3840,痰,3856,瘘,2
3854,瘕,3883,癜,2
3864,瘦,3800,疫,2
3865,瘩,3837,痨,2
3870,瘳,1716,廖,2
3871,瘴,3847,瘁,2
3890,白,1004,囟,2
3895,皇,726,呈,2
3895,皇,3892,皂,2
3895,皇,5740,豆,2
3897,皋,1656,幂,2
3899,皑,3901,皖,2
3901,皖,4806,脘,2
3909,盂,3913,盉,2
3909,盂,3917,盏,2
3910,盅,5338,蛊,2
3911,盆,6935,鱼,2
3925,盛,1936,惑,2
3926,盟,3919,监,2
3929,目,687,同,2
3929,目,2419,旦,2
3929,目,2512,曰,2
3930,盯,2431,旷,2
3930,盯,3931,盱,2
3931,盱,3930,盯,2
3933,直,3948,真,2
3934,相,2739,椎,2
3935,盹,3943,眊,2
3936,盼,708,吩,2
3937,盾,2443,昏,2
3942,眉,1491,局,2
3942,眉,1498,届,2
3944,看,3963,着,2
3949,眠,2458,昵,2
3956,眯,3967,睐,2
3956,眯,4802,脒,2
3958,眶,3945,眍,2
3962,眼,3949,眠,2
3962,眼,4835,腮,2
3964,睁,3960,眸,2
3968,睑,4815,脸,2
3970,睛,2497,暗,2
3973,督,3994,瞥,2
3975,睦,3772,畦,2
3979,睹,2485,晴,2
3985,瞅,881,啾,2
3988,瞎,2478,晤,2
3992,瞠,4854,膛,2
3995,瞧,968,噍,2
4002,瞵,4858,膦,2
4008,矛,1743,弟,2
4010,矢,1211,央,2
4011,矣,1221,奂,2
4011,矣,3382,炱,2
4012,知,759,和,2
4014,矩,4017,短,2
4015,矫,1301,娇,2
4024,矾,1615,巩,2
4047,砬,4077,硷,2
4050,砰,4036,砗,2
4050,砰,4083,碎,2
4058,砾,4032,砑,2
4058,砾,4036,砗,2
4076,确,4062,硇,2
4077,硷,268,俭,2
4077,硷,2879,殓,2
4080,碉,287,倜,2
4080,碉,4065,硐,2
4083,碎,4036,砗,2
4083,碎,6014,辟,2
4084,碑,4083,碎,2
4094,碥,4076,确,2
4096,碰,4104,磁,2
4096,碰,6611,隧,2
4105,磅,4108,磋,2
4108,磋,4104,磁,2
4119,礁,4085,碓,2
4124,礤,4091,碟,2
4129,礼,4131,祀,2
4130,社,4129,礼,2
4130,社,4136,祉,2
4132,祁,6131,邡,2
4134,祆,5482,袂,2
4139,祖,4186,租,2
4145,神,183,伸,2
4147,祠,184,伺,2
4149,祥,2602,枰,2
4151,票,2650,栗,2
4151,票,4405,粟,2
4162,禄,4081,碌,2
4163,禅,4149,祥,2
4172,离,1531,岛,2
4174,禾,56,乐,2
4174,禾,4127,示,2
4175,秀,1384,季,2
4178,秆,3611,玕,2
4182,科,2387,料,2
4182,科,4181,种,2
4183,秒,2568,杪,2
4184,秕,2075,批,2
4187,秣,4191,秩,2
4188,秤,4182,科,2
4189,秦,1228,奏,2
4189,秦,2673,桊,2
4189,秦,5201,蓁,2
4194,积,2603,枳,2
4195,称,4202,稃,2
4196,秸,2679,桔,2
4196,秸,4203,稆,2
4197,移,4198,秽,2
4197,移,4222,穆,2
4200,稀,5748,豨,2
4201,稂,2660,根,2
4203,稆,4194,积,2
4205,稍,2702,梢,2
4205,稍,4216,稻,2
4208,稗,5519,裨,2
4209,稚,2229,推,2
4209,稚,6622,雅,2
4212,稣,6210,酥,2
4219,稿,2790,槁,2
4219,稿,3521,犒,2
4227,究,366,兖,2
4227,究,1418,宠,2
4228,穷,4232,穿,2
4231,空,1422,室,2
4231,空,1519,岂,2
4232,穿,4606,罕,2
4234,突,1417,实,2
4236,窄,4244,窖,2
4236,窄,4297,笮,2
4237,窅,4245,窗,2
4241,窑,4244,窖,2
4241,窑,4249,窟,2
4244,窖,1429,害,2
4246,窘,4247,窜,2
4246,窘,4254,窨,2
4260,立,41,主,2
4262,竖,6259,鉴,2
4263,站,3015,沾,2
4265,竟,1966,意,2
4265,竟,4625,羌,2
4271,端,4566,编,2
4275,竿,2901,毕,2
4275,竿,4274,竽,2
4276,笃,6853,骂,2
4277,笄,3759,畀,2
4277,笄,4338,算,2
4278,笆,6126,邕,2
4281,笋,77,争,2
4283,笑,716,吴,2
4285,笕,4342,箢,2
4288,笞,4313,答,2
4290,笤,4288,笞,2
4295,笫,4296,第,2
4302,笼,4309,筏,2
4305,筇,4295,笫,2
4306,等,4355,篆,2
4307,筋,7014,鳓,2
4312,筒,4291,笥,2
4312,筒,4331,简,2
4319,筝,4306,等,2
4330,签,639,叁,2
4330,签,4289,笠,2
4330,签,5105,莶,2
4331,简,4298,笱,2
4343,箦,4384,簧,2
4344,箧,4310,筐,2
4351,箱,5165,葙,2
4352,箴,1427,宬,2
4353,箸,4334,箐,2
4355,篆,5746,象,2
4360,篓,1285,姜,2
4361,篙,4324,筲,2
4371,篷,4310,筐,2
4381,簟,4347,箪,2
4384,簧,4365,篢,2
4384,簧,7121,黉,2
4386,簸,4378,簌,2
4390,籍,4389,籁,2
4391,米,2541,朱,2
4391,米,2564,来,2
4393,类,1298,娄,2
4396,粉,2070,扮,2
4398,粒,4401,粘,2
4400,粗,3544,狙,2
4401,粘,4682,耘,2
4417,精,2194,捐,2
4425,糕,4424,糍,2
4431,糠,1991,慷,2
4433,糯,5449,蠕,2
4438,素,1381,孝,2
4439,索,4151,票,2
4441,紫,2633,柴,2
4454,纠,4458,纤,2
4458,纤,136,仟,2
4458,纤,2957,汗,2
4460,约,2954,汐,2
4460,约,4455,纡,2
4461,级,157,伋,2
4461,级,4474,纵,2
4461,级,4478,纹,2
4464,纪,354,允,2
4464,纪,2950,汇,2
4464,纪,2959,汜,2
4464,纪,5609,记,2
4464,纪,6275,钇,2
4465,纫,135,仞,2
4466,纬,1790,律,2
4466,纬,4495,绋,2
4466,纬,4523,绨,2
4467,纭,4507,绘,2
4468,纯,6783,饨,2
4476,纷,152,份,2
4476,纷,4506,绗,2
4477,纸,191,低,2
4477,纸,4469,纰,2
4480,纻,177,伫,2
4481,纽,6312,钮,2
4483,线,4502,绒,2
4485,绁,4484,绀,2
4488,组,189,但,2
4488,组,1783,徂,2
4488,组,4490,细,2
4488,组,5628,诅,2
4491,织,5598,认,2
4494,绊,149,件,2
4497,绍,5637,诏,2
4497,绍,6354,铝,2
4498,绎,3053,泽,2
4498,绎,5639,译,2
4499,经,23,丝,2
4499,经,1749,弪,2
4499,经,4464,纪,2
4503,结,4466,纬,2
4507,绘,240,侩,2
4507,绘,3040,泫,2
4508,给,4519,绤,2
4508,给,6799,饸,2
4509,绚,4539,绹,2
4509,绚,5656,询,2
4509,绚,6798,饷,2
4511,络,3066,洛,2
4511,络,4508,给,2
4511,络,4519,绤,2
4511,络,4540,绺,2
4512,绝,3111,浥,2
4513,绞,4520,绥,2
4513,绞,6801,饺,2
4514,统,2981,沅,2
4514,统,3086,流,2
4516,绡,4517,绢,2
4517,绢,4516,绡,2
4518,绣,5670,诱,2
4520,绥,4475,纶,2
4520,绥,6807,馁,2
4521,绦,4545,绿,2
4522,继,5712,谜,2
4525,绪,3190,渚,2
4525,绪,4569,缙,2
4525,绪,5677,诸,2
4530,绰,296,倬,2
4531,绱,4516,绡,2
4532,绲,6419,锟,2
4534,维,3173,淮,2
4534,维,4561,缑,2
4535,绵,6425,锦,2
4538,绸,425,凋,2
4542,综,1410,宗,2
4542,综,1792,徐,2
4542,综,4580,缥,2
4543,绽,4553,缇,2
4550,缄,427,减,2
4550,缄,4538,绸,2
4550,缄,5648,诚,2
4556,缋,4524,绩,2
4557,缌,4532,绲,2
4560,缏,4515,绠,2
4563,缓,3221,湲,2
4566,编,2045,扁,2
4566,编,4574,缟,2
4566,编,5713,谝,2
4568,缘,4545,绿,2
4575,缠,3342,瀍,2
4579,缤,327,傧,2
4579,缤,3271,滨,2
4583,缨,3285,漤,2
4588,缭,6484,镣,2
4589,缮,5442,蟮,2
4593,缲,3323,澡,2
4605,罔,1017,国,2
4615,罪,6651,霏,2
4624,羊,587,单,2
4625,羌,5060,荛,2
4626,美,378,关,2
4628,羔,3922,盖,2
4634,群,6014,辟,2
4639,羸,5445,蠃,2
4650,翕,4644,翁,2
4669,考,1381,孝,2
4671,者,3938,省,2
4674,而,6671,面,2
4675,耍,1281,委,2
4692,耪,2781,榜,2
4698,耶,6138,邯,2
4709,职,4703,耿,2
4712,联,2529,朕,2
4719,肀,3752,申,2
4724,肉,391,内,2
4725,肋,3940,眇,2
4728,肖,1473,尚,2
4730,肚,3501,牡,2
4731,肛,4730,肚,2
4736,股,4829,腚,2
4737,肢,4788,胶,2
4738,肤,2450,映,2
4738,肤,4777,胩,2
4744,肮,4741,肪,2
4744,肮,4902,航,2
4745,肯,6886,骨,2
4747,育,4237,窅,2
4748,肴,1632,希,2
4748,肴,3963,着,2
4750,肺,4751,肼,2
4750,肺,4754,肿,2
4757,胂,4754,肿,2
4757,胂,4768,胛,2
4763,胎,3946,眙,2
4764,胖,4754,肿,2
4764,胖,4802,脒,2
4764,胖,4816,脾,2
4767,胚,4815,脸,2
4769,胜,4742,肫,2
4775,胧,6575,陇,2
4776,胨,4798,脎,2
4788,胶,4809,脧,2
4789,胸,2527,朐,2
4794,脆,4771,胞,2
4807,脚,4750,肺,2
4809,脧,3965,睃,2
4811,脯,4833,腩,2
4815,脸,4797,脍,2
4816,脾,3960,眸,2
4817,腆,4838,腴,2
4819,腊,4793,脂,2
4826,腔,4779,胫,2
4826,腔,4806,脘,2
4827,腕,3778,畹,2
4828,腙,4840,腺,2
4836,腰,3991,瞟,2
4836,腰,4790,胺,2
4839,腹,4809,脧,2
4844,腾,3259,滕,2
4846,膀,4860,膪,2
4852,膘,4810,脬,2
4854,膛,4855,膜,2
4856,膝,3977,睫,2
4856,膝,4802,脒,2
4866,臂,4864,臀,2
4869,臊,3966,睇,2
4875,自,1012,囱,2
4875,自,3929,目,2
4875,自,5952,身,2
4877,臭,1238,奥,2
4879,致,2355,改,2
4881,臼,3890,白,2
4889,舌,657,古,2
4889,舌,668,台,2
4908,舱,4911,舵,2
4911,舵,4908,舱,2
4913,舷,4903,舫,2
4915,船,4903,舫,2
4915,船,4904,般,2
4922,艏,4918,艄,2
4923,艘,4904,般,2
4927,艮,2438,昆,2
4929,艰,4199,秾,2
4934,艺,636,去,2
4941,芊,4942,芋,2
4941,芊,6011,辛,2
4947,芒,4934,艺,2
4951,芜,4625,羌,2
4951,芜,4961,芫,2
4951,芜,5056,荒,2
4952,芝,4961,芫,2
4954,芡,4981,苋,2
4962,芬,4969,芴,2
4965,芯,5241,蕊,2
4967,花,4668,老,2
4967,花,4960,芪,2
4968,芳,5015,茅,2
4978,苇,4975,芾,2
4981,苋,5560,览,2
4983,苍,4995,苞,2
4986,苑,4955,芤,2
4986,苑,5171,葩,2
4991,苗,4992,苘,2
4991,苗,5118,菌,2
4992,苘,4996,苟,2
4996,苟,4993,苛,2
5002,苦,4669,考,2
5003,苫,4989,苔,2
5003,苫,5034,茫,2
5005,英,5032,茧,2
5005,英,5158,萸,2
5008,苹,4624,羊,2
5010,茀,4978,苇,2
5011,茁,443,出,2
5011,茁,5032,茧,2
5013,范,4949,芘,2
5013,范,4980,苊,2
5016,茆,5028,茚,2
5018,茈,4949,芘,2
5033,茨,4954,芡,2
5038,茱,5019,茉,2
5040,茴,5047,荀,2
5041,茵,4991,苗,2
5041,茵,5089,莓,2
5042,茶,5123,菜,2
5044,茹,5014,茄,2
5052,草,5069,荦,2
5052,草,5090,莘,2
5053,荏,5020,茌,2
5053,荏,5035,茬,2
5059,荚,4393,类,2
5059,荚,4626,美,2
5059,荚,5005,英,2
5059,荚,5136,菼,2
5062,荞,5064,荠,2
5066,荣,5042,茶,2
5067,荤,2471,晕,2
5067,荤,5141,萆,2
5069,荦,5052,草,2
5078,药,4943,芍,2
5079,荷,4996,苟,2
5079,荷,5009,苻,2
5079,荷,5051,荇,2
5080,荸,5097,莩,2
5080,荸,5192,蒡,2
5081,荻,5156,萩,2
5082,荼,5148,萘,2
5083,荽,5097,莩,2
5085,莆,5194,蒲,2
5086,莉,5128,菥,2
5087,莎,5119,菏,2
5101,莱,5059,荚,2
5107,莸,5081,荻,2
5118,菌,4991,苗,2
5119,菏,5191,蒟,2
5132,菱,4966,芰,2
5133,菲,4615,罪,2
5143,萌,5172,葫,2
5144,萍,3058,洋,2
5145,萎,5095,莠,2
5154,萧,386,兼,2
5156,萩,5081,荻,2
5160,落,1155,塔,2
5167,葛,5104,莴,2
5169,葡,554,匍,2
5170,董,5157,萱,2
5170,董,5265,薰,2
5172,葫,4772,胡,2
5172,葫,5191,蒟,2
5179,葸,5175,葱,2
5181,蒂,4975,芾,2
5186,蒌,5145,萎,2
5189,蒙,5153,萦,2
5194,蒲,3112,浦,2
5194,蒲,3289,漭,2
5200,蒿,5178,葶,2
5204,蓇,3993,瞢,2
5206,蓊,4644,翁,2
5225,蔗,1704,庶,2
5227,蔟,5136,菼,2
5228,蔡,5097,莩,2
5229,蔫,5208,蓐,2
5231,蔷,870,啬,2
5238,蕃,5231,蔷,2
5239,蕈,4381,簟,2
5243,蕙,5257,薏,2
5249,蕴,5034,茫,2
5253,蕾,5281,蘑,2
5254,薄,5194,蒲,2
5258,薛,5155,萨,2
5262,薪,1578,崭,2
5264,薯,1661,幕,2
5269,藉,4390,籍,2
5269,藉,5273,藕,2
5270,藏,5251,蕺,2
5276,藤,4926,艨,2
5289,虎,833,唐,2
5290,虏,1683,序,2
5291,虐,2049,扈,2
5292,虑,5289,虎,2
5294,虚,5289,虎,2
5294,虚,5291,虐,2
5297,虫,636,去,2
5301,虹,5303,虻,2
5304,虼,5303,虻,2
5308,蚀,6794,饳,2
5309,蚁,5311,蚊,2
5311,蚊,5349,蛟,2
5313,蚌,5346,蛙,2
5315,蚓,5368,蜊,2
5320,蚤,5316,蚕,2
5324,蚪,5313,蚌,2
5325,蚬,5299,虮,2
5326,蚯,5303,虻,2
5326,蚯,5334,蛄,2
5329,蚴,742,呦,2
5333,蛀,5303,虻,2
5335,蛆,6840,驵,2
5346,蛙,5318,蚝,2
5346,蛙,5352,蛭,2
5347,蛛,5322,蚨,2
5347,蛛,5408,蝼,2
5349,蛟,5311,蚊,2
5352,蛭,5333,蛀,2
5352,蛭,5341,蛏,2
5354,蛰,5793,贽,2
5359,蛸,5370,蜎,2
5363,蜂,5341,蛏,2
5366,蜈,1314,娱,2
5369,蜍,5347,蛛,2
5371,蜒,5372,蜓,2
5373,蜕,5381,蜣,2
5375,蜘,5900,踟,2
5379,蜡,5424,螬,2
5383,蜩,5392,蝈,2
5394,蝌,5368,蜊,2
5398,蝙,5360,蛹,2
5399,蝠,1658,幅,2
5399,蝠,5380,蜢,2
5399,蝠,5425,螭,2
5426,螯,5402,蝥,2
5429,螺,5367,蜉,2
5429,螺,5389,蜾,2
5431,蟀,5345,蛘,2
5431,蟀,5363,蜂,2
5431,蟀,5435,蟑,2
5434,蟋,5439,蟠,2
5434,蟋,5441,蟪,2
5439,蟠,5434,蟋,2
5445,蠃,4639,羸,2
5448,蠓,5437,蟓,2
5449,蠕,5398,蝙,2
5460,行,4455,纡,2
5460,行,4458,纤,2
5465,衡,5462,衔,2
5473,衬,2556,村,2
5474,衮,366,兖,2
5475,衰,789,哀,2
5477,衷,789,哀,2
5487,袋,4280,笊,2
5488,袍,3380,炮,2
5496,被,1780,彼,2
5502,裁,5981,载,2
5504,装,5523,裴,2
5512,裘,5497,袭,2
5520,裰,4546,缀,2
5522,裳,1433,宸,2
5525,裹,5475,衰,2
5525,裹,5477,衷,2
5525,裹,5544,襄,2
5527,裾,5513,裙,2
5530,褐,4156,祸,2
5534,褚,6411,锗,2
5537,褥,5517,裤,2
5538,褪,5507,裉,2
5544,襄,5477,衷,2
5554,见,5762,贝,2
5556,规,2596,枧,2
5557,觅,362,免,2
5562,觊,436,凯,2
5569,角,2523,有,2
5574,解,2388,斛,2
5595,计,113,什,2
5595,计,5602,讨,2
5597,讣,5598,认,2
5599,讥,2958,汛,2
5600,讦,5616,许,2
5602,讨,132,付,2
5605,讫,4459,纥,2
5605,讫,5609,记,2
5606,训,4454,纠,2
5607,议,142,仪,2
5608,讯,6028,迅,2
5609,记,2955,汔,2
5609,记,2962,江,2
5609,记,2968,汪,2
5609,记,5601,讧,2
5609,记,5605,讫,2
5611,讳,4466,纬,2
5614,讶,171,伢,2
5614,讶,3618,玡,2
5615,讷,4472,纳,2
5616,许,148,仵,2
5616,许,5627,评,2
5618,论,3007,沱,2
5621,设,3091,浈,2
5621,设,5634,诌,2
5622,访,5614,讶,2
5623,诀,1052,块,2
5627,评,5600,讦,2
5627,评,5658,诤,2
5628,诅,4488,组,2
5629,识,2841,次,2
5630,诈,202,作,2
5631,诉,2978,沂,2
5633,诋,191,低,2
5635,词,687,同,2
5635,词,3067,洞,2
5639,译,5660,详,2
5639,译,5692,谇,2
5641,诓,3080,洹,2
5643,试,5648,诚,2
5645,诗,3102,浔,2
5645,诗,3109,浡,2
5646,诘,217,佶,2
5651,话,3015,沾,2
5651,话,5625,诂,2
5651,话,5666,语,2
5652,诞,5665,诬,2
5656,询,4509,绚,2
5657,诣,3060,洎,2
5658,诤,420,净,2
5660,详,5658,诤,2
5663,诩,4646,翊,2
5664,诫,5648,诚,2
5667,诮,252,俏,2
5673,说,3120,浼,2
5673,说,5715,谠,2
5686,谁,3196,渥,2
5688,调,3136,涠,2
5688,调,3151,涸,2
5689,谄,5634,诌,2
5690,谅,3678,琼,2
5691,谆,256,俘,2
5692,谇,3172,淬,2
5693,谈,3673,琰,2
5694,谊,3187,渔,2
5694,谊,3681,瑄,2
5695,谋,5683,课,2
5698,谎,1149,塃,2
5700,谐,5708,谘,2
5705,谕,3191,渝,2
5718,谣,3693,瑶,2
5720,谥,4577,缢,2
5722,谧,3235,溢,2
5723,谨,3267,滢,2
5723,谨,3695,瑾,2
5724,谩,3119,浸,2
5724,谩,5716,谡,2
5730,谯,340,僬,2
5740,豆,55,乏,2
5750,豫,6468,镓,2
5759,貌,5760,貔,2
5762,贝,5554,见,2
5763,贞,363,兑,2
5764,负,736,员,2
5764,负,6713,页,2
5765,贡,5767,责,2
5765,贡,6713,页,2
5767,责,5789,费,2
5767,责,7113,麦,2
5771,货,5797,赁,2
5772,质,1494,屃,2
5773,贩,3761,畈,2
5776,贬,5778,贮,2
5779,贯,5789,费,2
5785,贵,5779,贯,2
5794,贾,5779,贯,2
5797,赁,5771,货,2
5797,赁,5783,贳,2
5798,赂,3771,略,2
5800,资,4329,筼,2
5800,资,5774,贪,2
5807,赋,5792,贼,2
5831,赦,2365,敕,2
5831,赦,2367,教,2
5834,赫,5835,赭,2
5836,走,14,专,2
5841,起,5839,赵,2
5842,趁,5846,趋,2
5844,超,5841,起,2
5856,趺,5864,跌,2
5860,跃,5856,趺,2
5860,跃,5864,跌,2
5860,跃,5874,跞,2
5867,跐,5883,跳,2
5868,跑,5865,跎,2
5873,距,5869,跖,2
5875,跟,5893,踉,2
5875,跟,6581,限,2
5875,跟,7176,龈,2
5882,路,5862,跆,2
5882,路,5902,踣,2
5884,践,4483,线,2
5886,跷,6797,饶,2
5889,跺,6806,馀,2
5899,踞,3661,琚,2
5901,踢,5945,躅,2
5905,踬,5939,蹶,2
5908,踱,3193,渡,2
5916,蹂,5903,踩,2
5919,蹇,5821,赛,2
5920,蹈,5862,跆,2
5920,蹈,6810,馅,2
5933,蹬,1601,嶝,2
5950,躜,4872,臜,2
5952,身,3496,牙,2
5956,躺,4918,艄,2
5958,车,22,东,2
5958,车,2052,手,2
5961,轩,1243,奸,2
5967,软,6304,钦,2
5972,轴,1269,妯,2
5979,轻,5982,轾,2
5981,载,5502,裁,2
5982,轾,5979,轻,2
6003,输,2243,揄,2
6003,输,5396,蝓,2
6011,辛,585,卒,2
6011,辛,3606,率,2
6011,辛,4266,章,2
6011,辛,6273,钅,2
6014,辟,6013,辞,2
6018,辫,3721,瓣,2
6018,辫,6016,辨,2
6022,边,6050,迪,2
6023,辽,6038,这,2
6025,迁,6036,迕,2
6026,迂,6029,过,2
6026,迂,6036,迕,2
6027,迄,6040,远,2
6028,迅,5608,讯,2
6035,返,6051,迫,2
6037,还,2859,正,2
6039,进,90,些,2
6040,远,6092,逸,2
6044,迢,6030,迈,2
6044,迢,6059,追,2
6051,迫,6059,追,2
6053,迮,154,企,2
6056,迷,6054,述,2
6057,迸,6105,道,2
6058,迹,6057,迸,2
6059,追,6077,逗,2
6061,送,6081,逞,2
6062,适,3082,活,2
6062,适,6071,透,2
6063,逃,6047,迦,2
6066,逆,6061,送,2
6067,选,5058,荙,2
6071,透,5670,诱,2
6074,递,6041,违,2
6078,通,6051,迫,2
6082,速,6042,连,2
6082,速,6056,迷,2
6085,逢,6103,遑,2
6088,逮,6082,速,2
6092,逸,6040,远,2
6094,逼,6078,通,2
6097,遂,6066,逆,2
6097,遂,6072,逐,2
6100,遍,6092,逸,2
6100,遍,6094,逼,2
6104,遒,6105,道,2
6105,道,6051,迫,2
6105,道,6070,逍,2
6105,道,6078,通,2
6110,遣,5735,谴,2
6111,遥,5718,谣,2
6111,遥,6092,逸,2
6113,遭,5247,蕰,2
6124,邑,4963,芭,2
6126,邕,4278,笆,2
6140,邱,605,印,2
6140,邱,1674,幼,2
6143,邵,607,即,2
6143,邵,6167,郡,2
6146,邹,611,卸,2
6146,邹,6131,邡,2
6146,邹,6136,邬,2
6158,郏,6134,邦,2
6159,郐,6148,邻,2
6170,郧,6142,邴,2
6171,部,6173,郭,2
6173,郭,6171,部,2
6175,郴,2698,梆,2
6195,酋,6826,首,2
6197,配,6206,酡,2
6213,酪,6223,酷,2
6221,酵,6230,醇,2
6223,酷,6217,酰,2
6224,酸,3898,皎,2
6224,酸,6211,酦,2
6231,醉,6226,酽,2
6232,醋,6216,酯,2
6234,醍,6237,醒,2
6250,采,2541,朱,2
6250,采,4293,笨,2
6250,采,4436,系,2
6253,里,7125,黑,2
6254,重,1074,垂,2
6258,釜,4308,筌,2
6259,鉴,3919,监,2
6269,鏊,6267,鍪,2
6277,钉,6278,钊,2
6282,钎,4458,纤,2
6282,钎,6276,针,2
6286,钓,6307,钩,2
6297,钟,4489,绅,2
6298,钠,6300,钢,2
6299,钡,6304,钦,2
6304,钦,5967,软,2
6304,钦,6786,饫,2
6304,钦,6789,饮,2
6305,钧,4460,约,2
6310,钬,6349,铗,2
6312,钮,6326,钼,2
6315,钱,4483,线,2
6320,钶,6353,铜,2
6324,钺,6385,铽,2
6325,钻,6309,钫,2
6326,钼,6303,钥,2
6330,铀,3011,油,2
6333,铃,3033,泠,2
6333,铃,4629,羚,2
6333,铃,6784,饩,2
6335,铅,4500,绐,2
6336,铆,3027,泖,2
6337,铈,6322,钸,2
6339,铊,6371,铯,2
6352,铛,4493,绉,2
6353,铜,4147,祠,2
6353,铜,6421,锢,2
6355,铞,6393,锅,2
6359,铢,6384,铼,2
6360,铣,6331,铁,2
6360,铣,6349,铗,2
6360,铣,6351,铙,2
6364,铨,6333,铃,2
6369,铭,5882,路,2
6372,铰,6373,铱,2
6372,铰,6801,饺,2
6374,铲,6291,钙,2
6378,银,1787,很,2
6378,银,5875,跟,2
6378,银,6289,钗,2
6389,锁,3660,琐,2
6389,锁,6342,铍,2
6389,锁,6388,销,2
6389,锁,6426,锧,2
6392,锄,4554,缈,2
6395,锇,6805,饿,2
6399,锋,4345,箨,2
6399,锋,4498,绎,2
6399,锋,6364,铨,2
6400,锌,6013,辞,2
6401,锍,6375,铳,2
6402,锎,6488,镧,2
6404,锐,5673,说,2
6413,错,6345,铑,2
6413,错,6414,锚,2
6414,锚,6381,铹,2
6419,锟,6341,铌,2
6423,锤,6442,锸,2
6424,锥,4534,维,2
6427,锨,6483,镢,2
6429,锪,6369,铭,2
6435,锰,6442,锸,2
6443,锹,3985,瞅,2
6443,锹,6379,铷,2
6444,锺,6423,锤,2
6446,锼,6342,铍,2
6456,镇,6455,镆,2
6465,镐,4165,福,2
6466,镑,6374,铲,2
6474,镙,6417,锝,2
6477,镜,4514,统,2
6477,镜,6375,铳,2
6477,镜,6404,锐,2
6478,镝,6465,镐,2
6480,镟,6479,镞,2
6486,镥,6489,镨,2
6496,镰,4571,缛,2
6504,门,1607,川,2
6504,门,2401,方,2
6510,闯,6549,阗,2
6511,闰,1017,国,2
6511,闰,6509,问,2
6517,闶,6514,闳,2
6521,闺,1024,圉,2
6521,闺,6512,闱,2
6521,闺,6529,阂,2
6524,闽,6532,阅,2
6525,闾,6537,阊,2
6528,阁,1018,图,2
6528,阁,6540,阍,2
6532,阅,6511,闰,2
6532,阅,6524,闽,2
6532,阅,6529,阂,2
6532,阅,6531,阄,2
6538,阋,6532,阅,2
6541,阎,6510,闯,2
6541,阎,6537,阊,2
6541,阎,6543,阐,2
6543,阐,6522,闻,2
6544,阑,6512,闱,2
6544,阑,6522,闻,2
6546,阔,6515,间,2
6551,阙,6552,阚,2
6557,阢,6559,阮,2
6559,阮,6557,阢,2
6561,防,6569,阿,2
6570,陀,3007,沱,2
6581,限,6607,隗,2
6584,陛,3171,淫,2
6587,院,6559,阮,2
6588,除,1792,徐,2
6592,陪,5902,踣,2
6599,隅,883,喁,2
6599,隅,4814,脶,2
6602,隋,1953,惰,2
6603,隍,1956,惶,2
6614,隶,4718,聿,2
6616,隼,6623,集,2
6618,难,846,唯,2
6623,集,6616,隼,2
6629,雏,6630,雒,2
6635,雪,6634,雩,2
6637,雳,6641,雾,2
6639,雷,6648,霉,2
6641,雾,6634,雩,2
6642,需,3338,濡,2
6642,需,6637,雳,2
6644,霄,1431,宵,2
6648,霉,6639,雷,2
6648,霉,6644,霄,2
6649,霍,6656,霪,2
6660,霸,5195,蒴,2
6663,青,4727,肓,2
6665,靖,3180,清,2
6671,面,4674,而,2
6671,面,6193,酉,2
6673,革,5008,苹,2
6675,靳,5262,薪,2
6684,鞅,5974,轶,2
6695,鞨,4636,羯,2
6700,鞴,6699,鞲,2
6710,音,6663,青,2
6713,页,5765,贡,2
6721,顽,4067,硕,2
6721,顽,6741,颓,2
6724,颀,2843,欣,2
6726,颂,303,倾,2
6726,颂,6725,颁,2
6728,预,5215,蓣,2
6728,预,6716,顸,2
6730,领,6719,须,2
6730,领,6726,颂,2
6730,领,6736,颌,2
6732,颈,6720,顼,2
6734,颊,5556,规,2
6736,颌,6730,领,2
6740,频,3403,烦,2
6743,颖,4378,簌,2
6760,风,5554,见,2
6763,飒,3001,沨,2
6772,食,1833,念,2
6776,餐,6777,餮,2
6777,餮,6779,饕,2
6778,饔,6777,餮,2
6779,饕,6777,餮,2
6781,饥,5599,讥,2
6788,饭,6301,钣,2
6790,饯,4483,线,2
6792,饱,5868,跑,2
6793,饲,184,伺,2
6793,饲,5635,词,2
6799,饸,6795,饴,2
6801,饺,5349,蛟,2
6803,饼,6787,饬,2
6818,馍,6455,镆,2
6819,馏,4121,礌,2
6822,馒,1985,慢,2
6822,馒,6473,镘,2
6826,首,3932,盲,2
6833,驭,1380,孜,2
6842,驷,3028,泗,2
6847,驼,6851,骀,2
6849,驾,4276,笃,2
6849,驾,6853,骂,2
6853,骂,6849,驾,2
6857,骇,1746,弦,2
6861,验,2871,殄,2
6864,骏,3563,狻,2
6864,骏,6863,骎,2
6870,骗,6878,骟,2
6873,骚,1754,强,2
6911,鬃,6906,髫,2
6914,鬓,6910,髻,2
6914,鬓,6911,鬃,2
6923,魂,3692,瑰,2
6924,魃,6927,魆,2
6934,魔,7105,麂,2
6945,鲇,6954,鲐,2
6968,鲣,6969,鲤,2
6969,鲤,7003,鳇,2
6985,鲴,6988,鲷,2
7000,鳄,6441,锷,2
7000,鳄,6990,鲹,2
7000,鳄,7028,鳤,2
7030,鸠,7039,鸪,2
7035,鸥,2845,欧,2
7035,鸥,7060,鹀,2
7042,鸭,7034,鸤,2
7048,鸳,1863,怨,2
7048,鸳,6849,驾,2
7052,鸸,7062,鹂,2
7054,鸺,7046,鸱,2
7055,鸻,7066,鹆,2
7066,鹆,7057,鸽,2
7071,鹋,7070,鹊,2
7078,鹗,7098,鹮,2
7079,鹘,7063,鹃,2
7125,黑,1176,墨,2
7125,黑,2456,昱,2
7125,黑,4612,罢,2
7166,齐,59,乔,2
7166,齐,4128,礻,2
7181,龙,2014,戈,2
0,々,546,勹,1
0,々,2352,攵,1
1,一,92,亠,1
2,丁,8,下,1
2,丁,80,亍,1
3,七,93,亡,1
3,七,657,古,1
3,七,1184,士,1
3,七,1476,尢,1
3,七,1735,弋,1
3,七,3353,火,1
4,万,94,亢,1
4,万,449,刁,1
4,万,1738,弓,1
4,万,2393,斤,1
4,万,3525,犭,1
5,丈,50,义,1
5,丈,575,十,1
5,丈,670,史,1
5,丈,1240,女,1
6,三,51,之,1
6,三,2943,氵,1
6,三,3608,王,1
6,三,4946,芑,1
7,上,0,々,1
7,上,3,七,1
7,上,79,二,1
7,上,557,匕,1
7,上,656,口,1
7,上,1621,巳,1
8,下,64,九,1
8,下,123,介,1
8,下,1184,士,1
8,下,2393,斤,1
8,下,2535,木,1
8,下,2537,末,1
9,丌,667,可,1
9,丌,1727,开,1
10,不,8,下,1
10,不,49,么,1
10,不,1619,己,1
10,不,2537,末,1
10,不,2538,本,1
10,不,3496,牙,1
10,不,4019,石,1
11,与,22,东,1
11,与,659,另,1
11,与,3498,牛,1
11,与,4943,芍,1
11,与,5958,车,1
11,与,6832,马,1
12,丐,11,与,1
12,丐,1813,忌,1
12,丐,2989,沔,1
13,丑,571,区,1
13,丑,602,卫,1
13,丑,2419,旦,1
13,丑,6253,里,1
14,专,55,乏,1
14,专,685,吉,1
14,专,1298,娄,1
14,专,1479,尧,1
14,专,2536,未,1
14,专,4889,舌,1
15,且,754,咀,1
15,且,1669,年,1
15,且,1726,廿,1
15,且,3740,生,1
15,且,3908,皿,1
15,且,6023,辽,1
17,世,66,也,1
17,世,377,共,1
17,世,1247,如,1
17,世,4970,芷,1
18,丘,565,匡,1
18,丘,602,卫,1
18,丘,1185,壬,1
18,丘,1191,夂,1
18,丘,4260,立,1
19,丙,6633,雨,1
20,业,65,乞,1
20,业,89,亚,1
20,业,90,些,1
20,业,379,兴,1
20,业,2900,比,1
20,业,3409,热,1
20,业,3740,生,1
21,丛,141,仨,1
21,丛,571,区,1
21,丛,3430,然,1
21,丛,4453,纟,1
22,东,68,乡,1
22,东,417,冻,1
22,东,2546,杀,1
22,东,2553,李,1
22,东,5952,身,1
23,丝,1609,巡,1
23,丝,1947,惩,1
23,丝,4273,竺,1
24,丞,1723,廷,1
25,丢,2416,无,1
25,丢,6273,钅,1
26,两,266,俩,1
26,两,583,协,1
26,两,1390,孬,1
26,两,3746,甬,1
26,两,3880,癍,1
26,两,6671,面,1
27,严,98,产,1
27,严,4719,肀,1
27,严,4957,芦,1
28,丧,402,农,1
28,丧,4682,耘,1
28,丧,5029,茛,1
28,丧,5056,荒,1
28,丧,5481,袁,1
28,丧,5512,裘,1
28,丧,5767,责,1
28,丧,5957,軎,1
29,丨,1809,忄,1
29,丨,2943,氵,1
30,个,31,丫,1
30,个,372,八,1
30,个,1676,广,1
30,个,2393,斤,1
30,个,6780,饣,1
31,丫,30,个,1
31,丫,407,冫,1
31,丫,575,十,1
31,丫,601,卩,1
31,丫,3786,疒,1
31,丫,4624,羊,1
32,丬,67,习,1
32,丬,1607,川,1
32,丬,3487,爿,1
33,中,1512,屮,1
33,中,2996,沣,1
34,丰,53,乍,1
34,丰,1033,圭,1
34,丰,1668,平,1
34,丰,2053,扌,1
34,丰,2386,斗,1
34,丰,2538,本,1
34,丰,3745,甫,1
34,丰,6702,韦,1
35,串,1627,市,1
35,串,3069,津,1
35,串,3910,盅,1
35,串,3925,盛,1
35,串,6702,韦,1
36,临,1894,恰,1
36,临,1910,悔,1
36,临,3444,煸,1
37,丶,407,冫,1
38,丸,64,九,1
38,丸,2539,札,1
39,丹,393,冉,1
39,丹,432,凡,1
39,丹,577,卅,1
39,丹,1727,开,1
39,丹,2895,母,1
39,丹,3356,灯,1
39,丹,4897,舟,1
40,为,38,丸,1
40,为,408,冬,1
40,为,1758,归,1
40,为,2062,扣,1
40,为,2954,汐,1
40,为,4969,芴,1
41,主,1028,圣,1
41,主,1185,壬,1
41,主,1399,它,1
41,主,1401,宅,1
41,主,3607,玉,1
41,主,3608,王,1
41,主,3740,生,1
41,主,4260,立,1
41,主,6021,辶,1
41,主,6273,钅,1
42,丽,628,厢,1
42,丽,6216,酯,1
43,举,2482,景,1
43,举,3514,犀,1
43,举,5004,苯,1
44,丿,2052,手,1
45,乂,645,双,1
45,乂,7170,龁,1
46,乃,448,刀,1
46,乃,450,刂,1
46,乃,601,卩,1
46,乃,617,厅,1
46,乃,643,及,1
46,乃,1487,尼,1
46,乃,1518,岁,1
46,乃,2545,朽,1
46,乃,6554,阝,1
47,久,0,々,1
47,久,374,六,1
47,久,1485,尺,1
47,久,1776,彳,1
47,久,2352,攵,1
47,久,2840,欠,1
47,久,4010,矢,1
48,乇,3607,玉,1
48,乇,4945,芏,1
49,么,4311,筑,1
50,义,2352,攵,1
50,义,2380,文,1
50,义,3353,火,1
50,义,3355,灭,1
51,之,0,々,1
51,之,355,元,1
51,之,1191,夂,1
51,之,1721,廴,1
51,之,2943,氵,1
51,之,4260,立,1
51,之,5594,讠,1
52,乌,57,乒,1
52,乌,400,写,1
52,乌,5953,躬,1
52,乌,7048,鸳,1
53,乍,30,个,1
53,乍,94,亢,1
53,乍,141,仨,1
53,乍,399,冗,1
53,乍,758,咋,1
53,乍,1669,年,1
54,乎,27,严,1
54,乎,1668,平,1
54,乎,3496,牙,1
54,乎,5958,车,1
55,乏,41,主,1
55,乏,93,亡,1
55,乏,127,仓,1
55,乏,134,仝,1
55,乏,376,兰,1
55,乏,651,变,1
55,乏,3740,生,1
56,乐,22,东,1
56,乐,1469,尔,1
56,乐,2541,朱,1
56,乐,2888,段,1
56,乐,5958,车,1
56,乐,6250,采,1
56,乐,6829,香,1
57,乒,2394,斥,1
57,乒,3498,牛,1
58,乓,408,冬,1
58,乓,4877,臭,1
58,乓,5551,要,1
59,乔,700,吞,1
59,乔,2540,术,1
59,乔,4177,秃,1
60,乖,759,和,1
60,乖,1669,年,1
60,乖,2961,汞,1
60,乖,2993,沛,1
60,乖,3793,疟,1
60,乖,5617,讹,1
61,乘,2617,柔,1
61,乘,2663,栾,1
61,乘,3486,爽,1
61,乘,3515,犁,1
61,乘,4314,策,1
61,乘,7122,黍,1
62,乙,444,击,1
62,乙,4456,红,1
62,乙,4878,至,1
62,乙,5076,荭,1
62,乙,5594,讠,1
63,乜,66,也,1
64,九,514,力,1
64,九,518,加,1
65,乞,122,今,1
65,乞,359,先,1
65,乞,2937,氪,1
65,乞,4934,艺,1
66,也,17,世,1
66,也,1622,巴,1
67,习,448,刀,1
67,习,449,刁,1
67,习,678,叼,1
68,乡,4453,纟,1
68,乡,4463,纩,1
69,书,34,丰,1
69,书,521,劣,1
69,书,559,北,1
69,书,1740,弗,1
69,书,2082,抄,1
69,书,3490,片,1
69,书,5010,茀,1
69,书,6702,韦,1
70,乩,72,乱,1
71,买,382,具,1
71,买,1147,堲,1
71,买,1206,天,1
71,买,1211,央,1
71,买,1417,实,1
71,买,3358,灵,1
71,买,3382,炱,1
71,买,5744,豕,1
73,乳,72,乱,1
73,乳,1811,忆,1
73,乳,6274,钆,1
75,了,2,丁,1
75,了,407,冫,1
75,了,2865,歹,1
75,了,2943,氵,1
76,予,1372,孓,1
76,予,1738,弓,1
76,予,2040,户,1
76,予,2600,枭,1
76,予,2942,水,1
77,争,456,刍,1
77,争,587,单,1
77,争,1458,寺,1
77,争,4281,笋,1
77,争,6074,递,1
78,事,34,丰,1
78,事,1187,声,1
78,事,1215,夷,1
78,事,1671,幸,1
78,事,6702,韦,1
79,二,6,三,1
79,二,1611,工,1
80,亍,76,予,1
80,亍,81,于,1
80,亍,4127,示,1
81,于,11,与,1
81,于,2040,户,1
81,于,4127,示,1
82,亏,4,万,1
82,亏,674,号,1
82,亏,1765,彡,1
82,亏,4669,考,1
83,云,355,元,1
83,云,374,六,1
83,云,3607,玉,1
84,互,18,丘,1
84,互,4260,立,1
84,互,5740,豆,1
85,亓,355,元,1
86,五,722,吾,1
86,五,2865,歹,1
86,五,6030,迈,1
87,井,409,冯,1
87,井,1126,基,1
87,井,1725,廾,1
87,井,1727,开,1
87,井,2611,柈,1
87,井,5313,蚌,1
89,亚,24,丞,1
89,亚,563,匝,1
90,些,376,兰,1
90,些,1280,姓,1
90,些,3392,烂,1
91,亟,24,丞,1
91,亟,733,呕,1
91,亟,1998,憨,1
92,亠,407,冫,1
93,亡,1185,壬,1
93,亡,1397,宀,1
93,亡,1399,它,1
93,亡,2840,欠,1
93,亡,2905,毛,1
94,亢,357,充,1
94,亢,373,公,1
94,亢,657,古,1
94,亢,2091,抗,1
95,交,644,友,1
95,交,651,变,1
95,交,1687,应,1
95,交,2352,攵,1
95,交,6084,逡,1
96,亥,4453,纟,1
96,亥,4474,纵,1
96,亥,5744,豕,1
97,亦,424,凉,1
97,亦,580,卉,1
97,亦,1669,年,1
97,亦,2087,抓,1
97,亦,2944,永,1
97,亦,3787,疔,1
97,亦,3796,疢,1
97,亦,4727,肓,1
97,亦,4897,舟,1
97,亦,5772,质,1
97,亦,6058,迹,1
97,亦,6154,郇,1
98,产,68,乡,1
98,产,76,予,1
98,产,122,今,1
98,产,1676,广,1
98,产,4972,芹,1
98,产,6011,辛,1
99,亨,76,予,1
99,亨,103,亭,1
99,亨,1375,字,1
99,亨,1378,孚,1
99,亨,2811,横,1
99,亨,7058,鸾,1
100,亩,597,卣,1
100,亩,1412,宙,1
100,亩,1473,尚,1
100,亩,1691,庙,1
100,亩,5152,营,1
101,享,102,京,1
101,享,103,亭,1
101,享,1285,姜,1
101,享,1378,孚,1
101,享,1389,孪,1
102,京,97,亦,1
102,京,105,亲,1
102,京,789,哀,1
102,京,1375,字,1
102,京,1469,尔,1
102,京,1683,序,1
102,京,3412,烹,1
102,京,4127,示,1
102,京,4436,系,1
103,亭,76,予,1
103,亭,98,产,1
103,亭,1374,孕,1
103,亭,5581,言,1
103,亭,6902,高,1
104,亮,357,充,1
104,亮,789,哀,1
104,亮,1188,壳,1
104,亮,4177,秃,1
104,亮,6923,魂,1
105,亲,101,享,1
105,亲,199,余,1
105,亲,1273,妾,1
105,亲,1405,宋,1
105,亲,1458,寺,1
105,亲,2546,杀,1
105,亲,2563,条,1
105,亲,4160,禀,1
105,亲,4438,素,1
106,亳,1422,室,1
106,亳,5749,豪,1
108,亶,45,乂,1
109,亸,108,亶,1
110,人,370,入,1
110,人,591,卜,1
111,亻,2,丁,1
111,亻,30,个,1
112,亿,121,仉,1
112,亿,126,仑,1
112,亿,137,仡,1
112,亿,174,伦,1
112,亿,1811,忆,1
112,亿,4456,红,1
113,什,119,仆,1
113,什,129,仕,1
113,什,3528,犴,1
113,什,5469,补,1
114,仁,18,丘,1
114,仁,177,伫,1
115,仂,120,仇,1
115,仂,203,佝,1
116,仃,4272,竹,1
117,仄,570,匹,1
117,仄,1817,忑,1
117,仄,3476,爪,1
118,仅,131,仗,1
118,仅,185,似,1
118,仅,2548,权,1
119,仆,373,公,1
119,仆,1809,忄,1
119,仆,2393,斤,1
120,仇,186,伽,1
120,仇,6781,饥,1
121,仉,5599,讥,1
122,今,55,乏,1
122,今,198,佘,1
122,今,209,佥,1
123,介,119,仆,1
123,介,163,众,1
123,介,354,允,1
123,介,3476,爪,1
123,介,5754,豺,1
123,介,6503,长,1
124,仍,115,仂,1
124,仍,135,仞,1
124,仍,157,伋,1
124,仍,3525,犭,1
124,仍,4497,绍,1
125,从,115,仂,1
125,从,118,仅,1
125,从,5598,认,1
126,仑,594,占,1
126,仑,1399,它,1
126,仑,2905,毛,1
126,仑,6780,饣,1
127,仓,41,主,1
127,仓,175,伧,1
127,仓,6780,饣,1
128,仔,170,传,1
128,仔,227,侍,1
128,仔,2394,斥,1
129,仕,113,什,1
129,仕,195,体,1
129,仕,201,佛,1
129,仕,215,佳,1
129,仕,2559,杜,1
129,仕,2968,汪,1
129,仕,3501,牡,1
129,仕,5603,让,1
130,他,558,化,1
130,他,1036,地,1
130,他,1244,她,1
130,他,3477,爬,1
131,仗,119,仆,1
132,付,131,仗,1
132,付,144,们,1
132,付,195,体,1
132,付,3396,烘,1
133,仙,130,他,1
133,仙,143,仫,1
133,仙,359,先,1
133,仙,558,化,1
133,仙,2956,汕,1
133,仙,3363,灿,1
134,仝,595,卡,1
134,仝,6333,铃,1
135,仞,549,勿,1
136,仟,128,仔,1
136,仟,150,价,1
136,仟,202,作,1
136,仟,1788,徉,1
136,仟,1815,忏,1
136,仟,3611,玕,1
136,仟,4272,竹,1
136,仟,5460,行,1
136,仟,6025,迁,1
137,仡,141,仨,1
137,仡,240,侩,1
138,代,2947,汁,1
138,代,5607,议,1
139,令,209,佥,1
139,令,709,含,1
139,令,6772,食,1
140,以,125,从,1
140,以,185,似,1
140,以,676,叹,1
140,以,5598,认,1
141,仨,182,伶,1
142,仪,37,丶,1
142,仪,112,亿,1
142,仪,118,仅,1
142,仪,140,以,1
142,仪,282,倓,1
142,仪,4478,纹,1
144,们,137,仡,1
144,们,153,仿,1
144,们,196,何,1
144,们,267,俪,1
144,们,605,印,1
144,们,618,历,1
144,们,4460,约,1
145,仰,144,们,1
145,仰,2085,抑,1
145,仰,6151,郁,1
146,仲,130,他,1
146,仲,1825,忡,1
146,仲,4181,种,1
146,仲,4454,纠,1
146,仲,4906,舯,1
148,仵,1826,忤,1
148,仵,5616,许,1
149,件,146,仲,1
149,件,228,侏,1
149,件,582,华,1
149,件,1819,忖,1
149,件,3022,泌,1
149,件,5602,讨,1
150,价,144,们,1
150,价,191,低,1
150,价,208,佤,1
150,价,239,侨,1
150,价,4272,竹,1
151,任,129,仕,1
151,任,137,仡,1
151,任,177,伫,1
151,任,558,化,1
151,任,2968,汪,1
151,任,5557,觅,1
152,份,194,佑,1
152,份,708,吩,1
152,份,2965,汤,1
152,份,4396,粉,1
152,份,4500,绐,1
153,仿,124,仍,1
153,仿,150,价,1
153,仿,152,份,1
153,仿,179,估,1
153,仿,252,俏,1
153,仿,2964,污,1
154,企,4260,立,1
154,企,4930,色,1
154,企,6059,追,1
154,企,6065,逅,1
155,伉,190,位,1
156,伊,119,仆,1
156,伊,265,俨,1
156,伊,1507,屠,1
156,伊,5513,裙,1
157,伋,109,亸,1
157,伋,3896,皈,1
158,伍,157,伋,1
158,伍,189,但,1
158,伍,192,住,1
158,伍,2968,汪,1
158,伍,3534,狂,1
158,伍,4473,纴,1
159,伎,157,伋,1
159,伎,170,传,1
159,伎,179,估,1
159,伎,193,佐,1
159,伎,215,佳,1
159,伎,221,使,1
159,伎,232,供,1
159,伎,2080,技,1
159,伎,2354,攸,1
159,伎,4478,纹,1
159,伎,5772,质,1
160,伏,138,代,1
160,伏,210,佧,1
160,伏,621,厌,1
161,伐,113,什,1
161,伐,1539,岱,1
161,伐,2015,戊,1
161,伐,2017,戌,1
162,休,56,乐,1
162,休,161,伐,1
162,休,249,俅,1
162,休,707,吨,1
162,休,2978,沂,1
162,休,3576,猜,1
162,休,5692,谇,1
163,众,1606,巛,1
163,众,6727,颃,1
164,优,179,估,1
164,优,1827,忧,1
165,伙,143,仫,1
165,伙,173,伥,1
165,伙,410,冰,1
166,会,49,么,1
166,会,55,乏,1
166,会,198,佘,1
166,会,1732,弇,1
166,会,2922,气,1
166,会,3605,玄,1
166,会,5581,言,1
168,伞,58,乓,1
168,伞,154,企,1
168,伞,2368,敛,1
168,伞,3786,疒,1
169,伟,183,伸,1
169,伟,201,佛,1
169,伟,275,俸,1
170,传,132,付,1
170,传,182,伶,1
170,传,215,佳,1
170,传,224,侈,1
170,传,292,倦,1
170,传,318,偻,1
170,传,4503,结,1
171,伢,5952,身,1
172,伤,150,价,1
172,伤,153,仿,1
172,伤,171,伢,1
172,伤,176,伪,1
172,伤,4396,粉,1
172,伤,4523,绨,1
173,伥,160,伏,1
173,伥,218,佻,1
174,伦,197,佗,1
174,伦,202,作,1
174,伦,255,俗,1
174,伦,1781,往,1
174,伦,5637,诏,1
175,伧,174,伦,1
176,伪,19,丙,1
176,伪,195,体,1
176,伪,466,初,1
176,伪,1628,布,1
176,伪,1674,幼,1
176,伪,4028,砂,1
176,伪,4462,纨,1
178,伯,203,佝,1
178,伯,208,佤,1
178,伯,254,俑,1
178,伯,255,俗,1
178,伯,689,后,1
178,伯,2954,汐,1
178,伯,3937,盾,1
178,伯,5672,诳,1
179,估,143,仫,1
179,估,153,仿,1
179,估,170,传,1
179,估,177,伫,1
179,估,193,佐,1
179,估,689,后,1
179,估,3014,沽,1
179,估,3036,泣,1
179,估,4143,祜,1
180,伲,141,仨,1
180,伲,1940,惜,1
181,伴,213,佯,1
181,伴,265,俨,1
181,伴,2120,拌,1
181,伴,2611,柈,1
181,伴,2658,样,1
181,伴,3041,泮,1
181,伴,3395,烊,1
182,伶,137,仡,1
182,伶,152,份,1
182,伶,170,传,1
182,伶,175,伧,1
182,伶,205,佟,1
182,伶,225,侉,1
182,伶,268,俭,1
182,伶,279,倍,1
182,伶,295,倪,1
182,伶,1833,念,1
182,伶,2122,拎,1
182,伶,2976,汾,1
183,伸,156,伊,1
183,伸,188,佃,1
183,伸,207,佣,1
183,伸,277,俾,1
184,伺,203,佝,1
184,伺,226,例,1
184,伺,556,匐,1
184,伺,1243,奸,1
184,伺,4065,硐,1
184,伺,6509,问,1
184,伺,6793,饲,1
185,似,140,以,1
185,似,147,仳,1
185,似,238,侧,1
185,似,2354,攸,1
185,似,4554,缈,1
186,伽,180,伲,1
187,伾,157,伋,1
187,伾,162,休,1
187,伾,167,伛,1
187,伾,3538,狉,1
188,佃,254,俑,1
188,佃,3057,洇,1
188,佃,3477,爬,1
189,但,158,伍,1
189,但,188,佃,1
189,但,235,侣,1
189,但,1056,坝,1
189,但,1855,怛,1
189,但,3006,沮,1
189,但,4488,组,1
189,但,5628,诅,1
190,位,23,丝,1
190,位,143,仫,1
190,位,155,伉,1
190,位,192,住,1
190,位,193,佐,1
190,位,223,侄,1
190,位,247,促,1
190,位,262,信,1
190,位,411,冱,1
190,位,3036,泣,1
191,低,208,佤,1
191,低,216,佴,1
191,低,252,俏,1
191,低,264,俦,1
191,低,1072,坻,1
191,低,1693,府,1
191,低,4477,纸,1
191,低,6576,陈,1
192,住,141,仨,1
192,住,158,伍,1
193,佐,120,仇,1
193,佐,194,佑,1
193,佐,215,佳,1
193,佐,1784,径,1
194,佑,229,侑,1
194,佑,242,侬,1
194,佑,1278,姑,1
194,佑,5625,诂,1
195,体,176,伪,1
195,体,228,侏,1
195,体,1733,弈,1
195,体,4036,砗,1
195,体,4510,绛,1
195,体,4564,缔,1
196,何,203,佝,1
196,何,216,佴,1
196,何,3062,洒,1
196,何,4487,练,1
196,何,5626,诃,1
197,佗,192,住,1
199,余,56,乐,1
199,余,77,争,1
199,余,168,伞,1
199,余,1378,孚,1
199,余,1403,守,1
199,余,2052,手,1
199,余,2563,条,1
200,佚,210,佧,1
200,佚,223,侄,1
200,佚,228,侏,1
201,佛,124,仍,1
201,佛,257,俚,1
201,佛,316,偶,1
201,佛,3010,沸,1
202,作,162,休,1
202,作,213,佯,1
202,作,758,咋,1
202,作,2982,沆,1
202,作,4112,磙,1
202,作,4362,篚,1
202,作,5630,诈,1
203,佝,196,何,1
203,佝,231,侗,1
204,佞,170,传,1
206,你,148,仵,1
206,你,185,似,1
206,你,256,俘,1
206,你,288,倞,1
206,你,1745,弥,1
206,你,2843,欣,1
206,你,4162,禄,1
206,你,4515,绠,1
206,你,5461,衍,1
207,佣,1904,悃,1
207,佣,4490,细,1
207,佣,5734,谳,1
208,佤,178,伯,1
209,佥,371,全,1
209,佥,1687,应,1
209,佥,5740,豆,1
210,佧,173,伥,1
211,佩,179,估,1
211,佩,231,侗,1
211,佩,287,倜,1
211,佩,6552,阚,1
212,佬,215,佳,1
212,佬,236,侥,1
212,佬,292,倦,1
212,佬,326,傥,1
212,佬,1864,怩,1
213,佯,259,保,1
213,佯,263,俣,1
213,佯,277,俾,1
214,佰,192,住,1
214,佰,208,佤,1
214,佰,223,侄,1
214,佰,1789,徊,1
214,佰,2131,拚,1
215,佳,131,仗,1
215,佳,179,估,1
215,佳,205,佟,1
215,佳,221,使,1
215,佳,257,俚,1
215,佳,342,僮,1
215,佳,1089,垡,1
215,佳,1781,往,1
215,佳,3083,洼,1
215,佳,4326,筷,1
216,佴,217,佶,1
216,佴,3075,洱,1
217,佶,186,伽,1
218,佻,147,仳,1
218,佻,165,伙,1
218,佻,220,佾,1
219,佼,241,侪,1
219,佼,4513,绞,1
220,佾,228,侏,1
221,使,157,伋,1
221,使,159,伎,1
221,使,195,体,1
221,使,1724,建,1
221,使,4413,粳,1
222,侃,225,侉,1
222,侃,295,倪,1
223,侄,190,位,1
223,侄,192,住,1
223,侄,1399,它,1
223,侄,2425,旮,1
223,侄,4459,纥,1
223,侄,5982,轾,1
224,侈,174,伦,1
224,侈,191,低,1
224,侈,205,佟,1
224,侈,256,俘,1
224,侈,274,俶,1
224,侈,333,傻,1
224,侈,336,僖,1
224,侈,654,叟,1
224,侈,4197,移,1
224,侈,4513,绞,1
224,侈,4520,绥,1
224,侈,5716,谡,1
225,侉,229,侑,1
225,侉,240,侩,1
225,侉,4782,胯,1
226,例,281,倒,1
227,侍,195,体,1
227,侍,215,佳,1
227,侍,229,侑,1
227,侍,243,侮,1
227,侍,1458,寺,1
227,侍,1697,庤,1
227,侍,1785,待,1
227,侍,5645,诗,1
228,侏,149,件,1
228,侏,222,侃,1
228,侏,2655,株,1
228,侏,6623,集,1
229,侑,216,佴,1
229,侑,5671,诲,1
230,侔,181,伴,1
230,侔,242,侬,1
231,侗,184,伺,1
231,侗,692,向,1
231,侗,3067,洞,1
231,侗,3381,炯,1
231,侗,4065,硐,1
232,供,271,俱,1
232,供,279,倍,1
232,供,3072,洪,1
232,供,3641,珙,1
233,依,180,伲,1
233,依,190,位,1
233,依,2463,晁,1
234,侠,170,传,1
234,侠,273,俵,1
234,侠,3087,浃,1
234,侠,3552,狭,1
234,侠,6349,铗,1
235,侣,179,估,1
235,侣,214,佰,1
235,侣,217,佶,1
235,侣,290,倡,1
235,侣,315,偲,1
235,侣,1276,始,1
235,侣,1784,径,1
236,侥,180,伲,1
236,侥,295,倪,1
236,侥,1980,慌,1
236,侥,4505,绕,1
236,侥,5487,袋,1
237,侦,261,俟,1
237,侦,367,党,1
237,侦,6719,须,1
237,侦,6724,颀,1
238,侧,133,仙,1
238,侧,226,例,1
238,侧,509,劁,1
238,侧,623,厕,1
238,侧,4554,缈,1
239,侨,255,俗,1
239,侨,286,倚,1
239,侨,2173,挤,1
239,侨,2686,桥,1
239,侨,5772,质,1
240,侩,190,位,1
240,侩,209,佥,1
240,侩,373,公,1
240,侩,2871,殄,1
240,侩,3406,烩,1
241,侪,218,佻,1
241,侪,747,呵,1
242,侬,219,佼,1
242,侬,3101,浓,1
243,侮,213,佯,1
243,侮,242,侬,1
243,侮,266,俩,1
243,侮,277,俾,1
243,侮,2896,每,1
243,侮,3118,海,1
243,侮,4571,缛,1
243,侮,5671,诲,1
244,侯,200,佚,1
244,侯,263,俣,1
244,侯,288,倞,1
244,侯,3815,疾,1
245,侵,182,伶,1
245,侵,266,俩,1
245,侵,1787,很,1
245,侵,3119,浸,1
246,便,156,伊,1
246,便,223,侄,1
246,便,2045,扁,1
246,便,4515,绠,1
246,便,6077,逗,1
247,促,118,仅,1
247,促,180,伲,1
247,促,189,但,1
247,促,190,位,1
247,促,221,使,1
247,促,222,侃,1
247,促,223,侄,1
247,促,237,侦,1
247,促,263,俣,1
247,促,1977,愿,1
247,促,3107,浞,1
247,促,3782,疋,1
247,促,4543,绽,1
247,促,4561,缑,1
247,促,6049,迩,1
248,俄,211,佩,1
248,俄,815,哦,1
248,俄,2022,我,1
248,俄,3532,犹,1
249,俅,1490,尿,1
249,俅,3652,球,1
250,俊,170,传,1
250,俊,224,侈,1
250,俊,255,俗,1
250,俊,261,俟,1
250,俊,650,受,1
250,俊,986,嚄,1
250,俊,3296,潆,1
250,俊,4513,绞,1
251,俎,4488,组,1
252,俏,229,侑,1
252,俏,278,倌,1
252,俏,310,偕,1
252,俏,330,催,1
252,俏,1905,悄,1
252,俏,4644,翁,1
252,俏,4761,背,1
252,俏,5667,诮,1
253,俐,248,俄,1
253,俐,281,倒,1
253,俐,3076,洲,1
255,俗,152,份,1
255,俗,240,侩,1
255,俗,3016,沿,1
255,俗,4542,综,1
255,俗,5657,诣,1
256,俘,128,仔,1
256,俘,204,佞,1
256,俘,224,侈,1
256,俘,227,侍,1
256,俘,312,停,1
257,俚,3561,狸,1
259,保,156,伊,1
259,保,228,侏,1
259,保,1500,屎,1
260,俞,198,佘,1
260,俞,491,前,1
260,俞,1962,愈,1
260,俞,7167,齑,1
261,俟,230,侔,1
261,俟,347,儆,1
262,信,128,仔,1
262,信,182,伶,1
262,信,217,佶,1
262,信,240,侩,1
262,信,255,俗,1
262,信,1967,愔,1
262,信,5646,诘,1
262,信,6617,隽,1
263,俣,244,侯,1
264,俦,230,侔,1
264,俦,294,倩,1
266,俩,267,俪,1
266,俩,311,做,1
266,俩,1267,妫,1
266,俩,1839,怀,1
268,俭,33,中,1
268,俭,180,伲,1
268,俭,182,伶,1
268,俭,190,位,1
268,俭,202,作,1
268,俭,255,俗,1
268,俭,262,信,1
268,俭,504,剪,1
268,俭,2122,拎,1
268,俭,3016,沿,1
268,俭,3036,泣,1
268,俭,3566,猃,1
268,俭,5294,虚,1
269,修,124,仍,1
269,修,153,仿,1
269,修,349,儋,1
269,修,1946,惨,1
269,修,4105,磅,1
269,修,4540,绺,1
269,修,5491,袗,1
270,俯,191,低,1
270,俯,256,俘,1
270,俯,341,僭,1
271,俱,258,俜,1
271,俱,302,值,1
271,俱,315,偲,1
271,俱,1159,填,1
271,俱,1945,惧,1
271,俱,3157,淇,1
271,俱,4488,组,1
271,俱,5683,课,1
272,俳,218,佻,1
273,俵,187,伾,1
274,俶,227,侍,1
274,俶,273,俵,1
275,俸,3669,琫,1
276,俺,175,伧,1
276,俺,212,佬,1
276,俺,3177,淹,1
276,俺,4533,绳,1
276,俺,6928,魇,1
277,俾,230,侔,1
278,倌,2760,楦,1
278,倌,3672,琯,1
278,倌,4544,绾,1
279,倍,128,仔,1
279,倍,307,偌,1
281,倒,238,侧,1
281,倒,331,傲,1
281,倒,419,冽,1
281,倒,510,劂,1
281,倒,5368,蜊,1
282,倓,173,伥,1
282,倓,261,俟,1
282,倓,274,俶,1
282,倓,1347,嫉,1
283,倔,330,催,1
284,倘,310,偕,1
284,倘,328,储,1
284,倘,1798,徜,1
284,倘,2046,扃,1
284,倘,3159,淌,1
284,倘,4426,糖,1
285,候,263,俣,1
285,候,271,俱,1
285,候,280,倏,1
285,候,295,倪,1
285,候,2412,族,1
285,候,4031,砍,1
285,候,4561,缑,1
285,候,6719,须,1
286,倚,159,伎,1
286,倚,227,侍,1
286,倚,1127,埼,1
286,倚,3124,涉,1
286,倚,3516,犄,1
286,倚,3574,猗,1
286,倚,3666,琦,1
286,倚,4564,缔,1
286,倚,6416,锜,1
287,倜,231,侗,1
287,倜,6539,阌,1
288,倞,256,俘,1
288,倞,282,倓,1
288,倞,3678,琼,1
288,倞,4487,练,1
289,借,153,仿,1
289,借,201,佛,1
289,借,235,侣,1
289,借,252,俏,1
289,借,306,偈,1
289,借,328,储,1
289,借,626,厝,1
289,借,2231,措,1
290,倡,3573,猖,1
291,倥,182,伶,1
292,倦,212,佬,1
292,倦,307,偌,1
292,倦,610,卷,1
292,倦,3200,港,1
292,倦,4541,绻,1
293,倨,180,伲,1
293,倨,3661,琚,1
294,倩,569,匮,1
294,倩,1931,情,1
294,倩,5676,请,1
295,倪,257,俚,1
295,倪,320,偿,1
295,倪,1136,堍,1
295,倪,4806,脘,1
295,倪,6986,鲵,1
296,倬,210,佧,1
297,倭,279,倍,1
297,倭,318,偻,1
297,倭,3676,琵,1
298,倮,5683,课,1
299,倴,288,倞,1
300,债,294,倩,1
300,债,3183,渍,1
300,债,6813,馈,1
301,倻,299,倴,1
302,值,178,伯,1
302,值,216,佴,1
302,值,229,侑,1
302,值,3194,渣,1
302,值,3252,滇,1
302,值,4468,纯,1
302,值,6030,迈,1
303,倾,285,候,1
303,倾,2354,攸,1
303,倾,6736,颌,1
305,假,185,似,1
305,假,346,僻,1
305,假,4559,缎,1
306,偈,231,侗,1
306,偈,3202,渴,1
307,偌,232,供,1
307,偌,289,借,1
308,偎,235,侣,1
308,偎,273,俵,1
308,偎,315,偲,1
308,偎,348,儇,1
308,偎,1980,慌,1
308,偎,3581,猥,1
308,偎,4594,缳,1
309,偏,36,临,1
309,偏,284,倘,1
309,偏,2045,扁,1
310,偕,5700,谐,1
311,做,242,侬,1
311,做,2986,沏,1
311,做,4803,脓,1
312,停,256,俘,1
312,停,286,倚,1
312,停,4482,纾,1
312,停,4504,绔,1
313,健,4522,继,1
313,健,6057,迸,1
314,偬,321,傀,1
314,偬,5292,虑,1
316,偶,3440,煨,1
316,偶,4170,禹,1
316,偶,4171,禺,1
316,偶,4517,绢,1
316,偶,6599,隅,1
317,偷,1561,峭,1
317,偷,5705,谕,1
320,偿,295,倪,1
320,偿,324,傍,1
320,偿,326,傥,1
320,偿,334,僇,1
320,偿,4581,缦,1
320,偿,6472,镗,1
321,傀,243,侮,1
321,傀,315,偲,1
321,傀,330,催,1
321,傀,1836,忽,1
322,傅,227,侍,1
322,傅,590,博,1
322,傅,5254,薄,1
323,傈,350,儒,1
323,傈,3238,溧,1
324,傍,244,侯,1
324,傍,279,倍,1
325,傣,300,债,1
325,傣,337,僚,1
326,傥,320,偿,1
326,傥,330,催,1
326,傥,7130,黝,1
327,傧,6582,陔,1
328,储,242,侬,1
328,储,310,偕,1
328,储,1940,惜,1
328,储,6232,醋,1
328,储,6411,锗,1
330,催,230,侔,1
330,催,289,借,1
330,催,1858,怠,1
330,催,4584,缩,1
331,傲,311,做,1
331,傲,2374,敫,1
331,傲,3291,漱,1
331,傲,6558,阪,1
333,傻,219,佼,1
333,傻,277,俾,1
333,傻,1952,惯,1
333,傻,6615,隹,1
334,僇,4585,缪,1
335,像,312,停,1
335,像,2823,橡,1
335,像,4568,缘,1
335,像,5750,豫,1
337,僚,6484,镣,1
338,僦,218,佻,1
338,僦,1481,就,1
339,僧,87,井,1
339,僧,4590,缯,1
340,僬,297,倭,1
344,僳,264,俦,1
344,僳,335,像,1
344,僳,3238,溧,1
345,僵,342,僮,1
345,僵,4591,缰,1
347,儆,311,做,1
348,儇,308,偎,1
348,儇,3327,澴,1
349,儋,304,偃,1
350,儒,6639,雷,1
351,儡,1082,垒,1
352,儿,125,从,1
352,儿,372,八,1
352,儿,1808,心,1
353,兀,3723,瓦,1
354,允,47,久,1
354,允,94,亢,1
354,允,112,亿,1
354,允,144,们,1
354,允,605,印,1
354,允,1188,壳,1
354,允,2840,欠,1
354,允,4464,纪,1
354,允,6032,运,1
355,元,362,免,1
355,元,1206,天,1
355,元,6040,远,1
356,兄,360,光,1
356,兄,380,兵,1
356,兄,399,冗,1
356,兄,414,况,1
356,兄,662,只,1
356,兄,1485,尺,1
356,兄,2416,无,1
356,兄,2922,气,1
356,兄,3353,火,1
356,兄,5554,见,1
356,兄,5762,贝,1
357,充,361,克,1
357,充,1821,忘,1
357,充,2416,无,1
357,充,2923,氕,1
357,充,4226,穴,1
358,兆,2020,戏,1
358,兆,6668,非,1
359,先,1479,尧,1
359,先,1728,弁,1
359,先,2861,步,1
359,先,2923,氕,1
359,先,4393,类,1
360,光,104,亮,1
360,光,363,兑,1
360,光,414,况,1
360,光,418,冼,1
360,光,594,占,1
360,光,727,告,1
360,光,2426,旯,1
360,光,5467,衣,1
361,克,357,充,1
361,克,363,兑,1
361,克,606,危,1
361,克,1486,尻,1
361,克,1612,左,1
361,克,1820,志,1
362,免,356,兄,1
362,免,364,兔,1
362,免,3892,皂,1
362,免,4285,笕,1
362,免,7184,龟,1
363,兑,361,克,1
363,兑,736,员,1
363,兑,1617,差,1
363,兑,4464,纪,1
363,兑,5289,虎,1
363,兑,6713,页,1
364,兔,363,兑,1
364,兔,434,凫,1
364,兔,1221,奂,1
364,兔,1858,怠,1
364,兔,5522,裳,1
364,兔,6921,鬼,1
366,兖,2910,毳,1
366,兖,4238,窆,1
366,兖,5474,衮,1
367,党,361,克,1
367,党,4044,砦,1
367,党,4264,竞,1
367,党,5289,虎,1
367,党,5522,裳,1
368,兜,1156,塘,1
369,兢,887,喆,1
369,兢,1618,巯,1
369,兢,4017,短,1
369,兢,6308,钪,1
371,全,55,乏,1
371,全,65,乞,1
371,全,77,争,1
371,全,127,仓,1
371,全,134,仝,1
371,全,139,令,1
371,全,1028,圣,1
371,全,1046,坌,1
371,全,1076,垄,1
372,八,111,亻,1
372,八,448,刀,1
373,公,548,勾,1
373,公,6772,食,1
374,六,123,介,1
374,六,1485,尺,1
374,六,2840,欠,1
374,六,4226,穴,1
376,兰,4611,罡,1
377,共,359,先,1
377,共,381,其,1
377,共,662,只,1
377,共,1896,恶,1
377,共,4934,艺,1
377,共,4936,艾,1
377,共,4947,芒,1
377,共,4968,芳,1
377,共,4972,芹,1
377,共,5002,苦,1
377,共,5024,茓,1
377,共,6503,长,1
378,关,3368,炎,1
378,关,4011,矣,1
378,关,4878,至,1
378,关,5005,英,1
378,关,5468,衤,1
378,关,7142,黾,1
379,兴,10,不,1
379,兴,83,云,1
379,兴,380,兵,1
379,兴,1214,头,1
379,兴,1257,妖,1
379,兴,1471,尖,1
380,兵,379,兴,1
380,兵,1540,岳,1
380,兵,3948,真,1
380,兵,5740,豆,1
381,其,382,具,1
381,其,2613,某,1
382,具,15,且,1
382,具,662,只,1
382,具,3948,真,1
382,具,4889,舌,1
383,典,932,嗫,1
384,兹,5122,菘,1
384,兹,6738,颏,1
385,养,478,券,1
385,养,1439,寄,1
385,养,1617,差,1
385,养,1731,弄,1
385,养,2940,氰,1
385,养,3963,着,1
385,养,4625,羌,1
385,养,4638,羲,1
385,养,5035,茬,1
385,养,5062,荞,1
386,兼,4740,肩,1
387,兽,542,募,1
387,兽,1429,害,1
387,兽,4095,碧,1
387,兽,6710,音,1
387,兽,6940,鲁,1
388,冀,1448,寞,1
388,冀,5099,莫,1
388,冀,5177,葵,1
388,冀,5992,辈,1
388,冀,6259,鉴,1
388,冀,7121,黉,1
391,内,392,冈,1
391,内,1758,归,1
391,内,2969,汭,1
392,冈,451,刃,1
392,冈,1001,四,1
392,冈,6506,闪,1
393,冉,5952,身,1
394,册,577,卅,1
394,册,1037,圳,1
394,册,1274,姆,1
394,册,1282,姗,1
394,册,2431,旷,1
394,册,3462,燃,1
394,册,4751,肼,1
395,再,393,冉,1
395,再,4696,耳,1
395,再,5981,载,1
396,冒,1026,圜,1
396,冒,2421,旨,1
396,冒,2444,易,1
396,冒,2449,星,1
396,冒,2516,曷,1
396,冒,5362,蜀,1
397,冕,2464,晃,1
397,冕,5560,览,1
399,冗,65,乞,1
399,冗,144,们,1
399,冗,353,兀,1
399,冗,356,兄,1
399,冗,1808,心,1
400,写,99,亨,1
400,写,409,冯,1
400,写,697,吗,1
400,写,1200,多,1
400,写,2441,昌,1
400,写,2708,械,1
400,写,3051,泻,1
400,写,4606,罕,1
400,写,4607,罗,1
401,军,77,争,1
401,军,400,写,1
401,军,1544,岽,1
401,军,1668,平,1
401,军,2428,旱,1
401,军,2487,晷,1
401,军,3506,牮,1
402,农,1241,奴,1
402,农,3368,炎,1
403,冠,4651,翘,1
403,冠,4722,肆,1
403,冠,6926,魅,1
405,冤,364,兔,1
405,冤,1888,恩,1
405,冤,1921,悫,1
405,冤,4265,竟,1
405,冤,4364,篡,1
405,冤,5484,袅,1
406,冥,382,具,1
406,冥,397,冕,1
406,冥,2590,果,1
407,冫,1,一,1
407,冫,44,丿,1
408,冬,640,参,1
408,冬,1372,孓,1
409,冯,52,乌,1
409,冯,411,冱,1
409,冯,1374,孕,1
409,冯,2989,沔,1
409,冯,3051,泻,1
410,冰,1284,姚,1
411,冱,521,劣,1
412,冲,3011,油,1
412,冲,3041,泮,1
413,决,670,史,1
413,决,2841,次,1
413,决,3044,泱,1
413,决,3087,浃,1
414,况,355,元,1
414,况,360,光,1
414,况,2984,沉,1
414,况,3110,浣,1
415,冶,402,农,1
415,冶,416,冷,1
415,冶,668,台,1
415,冶,684,合,1
415,冶,1133,堉,1
415,冶,3082,活,1
415,冶,3115,浮,1
415,冶,3154,淄,1
415,冶,4500,绐,1
415,冶,5689,谄,1
416,冷,122,今,1
416,冷,139,令,1
416,冷,624,厘,1
416,冷,2122,拎,1
416,冷,3030,泛,1
416,冷,3627,玲,1
417,冻,393,冉,1
417,冻,1387,学,1
417,冻,1613,巧,1
418,冼,1250,妆,1
419,冽,2205,捯,1
420,净,3555,狰,1
421,凄,3227,溇,1
421,凄,6088,逮,1
422,准,414,况,1
422,准,866,啥,1
422,准,895,喔,1
422,准,1131,堆,1
422,准,1569,崔,1
422,准,1781,往,1
422,准,3207,湉,1
422,准,3503,牦,1
422,准,3561,狸,1
422,准,3805,疰,1
422,准,4534,维,1
423,凇,4176,私,1
424,凉,417,冻,1
424,凉,429,凛,1
424,凉,1375,字,1
424,凉,1432,家,1
424,凉,3115,浮,1
424,凉,3118,海,1
424,凉,3193,渡,1
424,凉,3332,濂,1
424,凉,3678,琼,1
425,凋,3017,泃,1
425,凋,3206,湄,1
426,凌,428,凑,1
426,凌,1137,堎,1
426,凌,3105,浚,1
426,凌,3262,滚,1
426,凌,7113,麦,1
427,减,4874,臧,1
427,减,5643,试,1
427,减,5737,谶,1
429,凛,420,净,1
429,凛,3115,浮,1
429,凛,3164,淙,1
429,凛,3869,瘰,1
429,凛,3879,癌,1
430,凝,2140,拧,1
430,凝,3228,溉,1
430,凝,5371,蜒,1
431,几,656,口,1
431,几,6021,辶,1
432,凡,352,儿,1
432,凡,2920,民,1
432,凡,3526,犯,1
432,凡,6760,风,1
433,凤,392,冈,1
433,凤,3743,甩,1
434,凫,435,凭,1
434,凫,1531,岛,1
434,凫,1771,彪,1
435,凭,236,侥,1
435,凭,1872,恁,1
435,凭,2999,沦,1
435,凭,4285,笕,1
436,凯,1590,嵚,1
436,凯,2368,敛,1
436,凯,5299,虮,1
436,凯,5311,蚊,1
436,凯,5314,蚍,1
436,凯,5993,辉,1
436,凯,6781,饥,1
436,凯,6788,饭,1
437,凰,1024,圉,1
437,凰,3298,潋,1
437,凰,5397,蝗,1
438,凳,4278,笆,1
438,凳,4304,筅,1
440,凶,1514,山,1
440,凶,1810,必,1
440,凶,2860,此,1
440,凶,2978,沂,1
441,凸,674,号,1
441,凸,695,吕,1
441,凸,1808,心,1
441,凸,2989,沔,1
442,凹,2134,拟,1
442,凹,5665,诬,1
443,出,140,以,1
443,出,380,兵,1
443,出,423,凇,1
443,出,638,县,1
443,出,662,只,1
443,出,1472,尘,1
443,出,1672,幺,1
443,出,2541,朱,1
444,击,1736,式,1
444,击,2536,未,1
444,击,6614,隶,1
445,凼,2430,时,1
445,凼,6063,逃,1
446,函,1259,妙,1
446,函,1329,婳,1
446,函,2427,旰,1
446,函,3400,烝,1
446,函,3607,玉,1
446,函,6838,驳,1
447,凿,1579,崮,1
447,凿,5178,葶,1
447,凿,5192,蒡,1
448,刀,46,乃,1
448,刀,67,习,1
448,刀,390,冂,1
448,刀,451,刃,1
448,刀,1699,度,1
448,刀,3013,沼,1
449,刁,13,丑,1
449,刁,81,于,1
449,刁,451,刃,1
449,刁,2053,扌,1
449,刁,2079,承,1
449,刁,3525,犭,1
451,刃,38,丸,1
451,刃,390,冂,1
451,刃,453,切,1
451,刃,516,办,1
451,刃,1484,尹,1
451,刃,4697,耵,1
452,分,373,公,1
452,分,400,写,1
452,分,448,刀,1
452,分,618,历,1
452,分,668,台,1
452,分,1212,夯,1
452,分,3487,爿,1
452,分,3525,犭,1
452,分,5460,行,1
453,切,517,功,1
453,切,549,勿,1
453,切,1044,均,1
453,切,1242,奶,1
453,切,1674,幼,1
453,切,2357,放,1
453,切,4465,纫,1
455,刊,253,俐,1
455,刊,474,到,1
456,刍,726,呈,1
456,刍,5752,豸,1
457,刎,464,刚,1
458,刑,455,刊,1
458,刑,1047,坍,1
458,刑,5122,菘,1
459,划,454,刈,1
460,刖,2442,明,1
460,刖,4802,脒,1
461,列,419,冽,1
461,列,472,刭,1
461,列,474,到,1
462,刘,461,列,1
462,刘,500,剡,1
462,刘,2977,沁,1
462,刘,4139,祖,1
462,刘,6835,驯,1
463,则,419,冽,1
463,则,457,刎,1
463,则,476,制,1
463,则,663,叫,1
464,刚,419,冽,1
464,刚,2525,朋,1
464,刚,4899,舢,1
464,刚,6358,铡,1
465,创,260,俞,1
465,创,5853,趴,1
466,初,135,仞,1
466,初,531,劾,1
466,初,613,卻,1
466,初,4132,祁,1
466,初,5472,衫,1
468,判,470,利,1
468,判,476,制,1
468,判,485,剁,1
468,判,1462,封,1
468,判,5050,荆,1
468,判,6320,钶,1
469,刨,442,凹,1
469,刨,462,刘,1
469,刨,463,则,1
469,刨,551,包,1
469,刨,4454,纠,1
469,刨,6530,阃,1
470,利,458,刑,1
470,利,461,列,1
470,利,479,刹,1
470,利,3480,爵,1
470,利,4183,秒,1
470,利,6278,钊,1
471,别,461,列,1
471,别,469,刨,1
471,别,470,利,1
471,别,483,刿,1
471,别,485,剁,1
471,别,502,剧,1
471,别,2421,旨,1
471,别,5853,趴,1
471,别,7129,黜,1
472,刭,474,到,1
473,刮,354,允,1
473,刮,470,利,1
473,刮,496,剖,1
473,刮,505,副,1
474,到,281,倒,1
474,到,461,列,1
474,到,468,判,1
474,到,481,刻,1
474,到,488,剅,1
474,到,493,剑,1
474,到,505,副,1
474,到,1739,引,1
474,到,4879,致,1
474,到,6278,钊,1
474,到,6305,钧,1
475,刳,86,五,1
475,刳,5082,荼,1
476,制,468,判,1
476,制,485,剁,1
476,制,493,剑,1
476,制,509,劁,1
476,制,648,叔,1
476,制,3155,淅,1
476,制,4394,籼,1
477,刷,472,刭,1
477,刷,505,副,1
477,刷,510,劂,1
477,刷,623,厕,1
477,刷,3147,涮,1
478,券,3959,眷,1
478,券,4175,秀,1
478,券,4669,考,1
478,券,5129,菩,1
479,刹,253,俐,1
479,刹,260,俞,1
479,刹,455,刊,1
479,刹,458,刑,1
479,刹,468,判,1
479,刹,470,利,1
479,刹,485,剁,1
479,刹,503,剩,1
480,刺,468,判,1
480,刺,470,利,1
480,刺,503,剩,1
480,刺,1608,州,1
480,刺,4394,籼,1
480,刺,5335,蛆,1
481,刻,474,到,1
481,刻,4646,翊,1
482,刽,493,剑,1
484,剀,1533,岢,1
485,剁,471,别,1
485,剁,490,剌,1
486,剂,479,刹,1
486,剂,501,剥,1
486,剂,7167,齑,1
487,剃,468,判,1
487,剃,471,别,1
487,剃,476,制,1
487,剃,506,割,1
487,剃,507,剽,1
489,削,460,刖,1
489,削,492,剐,1
489,削,2375,敬,1
490,剌,4415,粼,1
491,前,790,品,1
491,前,1711,廊,1
491,前,4435,糸,1
491,前,4745,肯,1
491,前,5193,蒯,1
492,剐,253,俐,1
492,剐,464,刚,1
492,剐,471,别,1
492,剐,489,削,1
493,剑,473,刮,1
493,剑,482,刽,1
493,剑,6285,钒,1
493,剑,6287,钔,1
494,剔,477,刷,1
494,剔,483,刿,1
494,剔,492,剐,1
494,剔,497,剜,1
494,剔,2391,斟,1
496,剖,462,刘,1
496,剖,473,刮,1
496,剖,475,刳,1
496,剖,491,前,1
496,剖,506,割,1
496,剖,6171,部,1
496,剖,6290,钘,1
497,剜,4660,翮,1
500,剡,483,刿,1
501,剥,485,剁,1
501,剥,503,剩,1
501,剥,2079,承,1
501,剥,4679,耕,1
502,剧,492,剐,1
502,剧,505,副,1
503,剩,476,制,1
503,剩,490,剌,1
505,副,281,倒,1
505,副,474,到,1
505,副,486,剂,1
505,副,494,剔,1
505,副,502,剧,1
505,副,506,割,1
506,割,473,刮,1
506,割,476,制,1
506,割,507,剽,1
506,割,6636,雯,1
508,剿,487,剃,1
510,劂,492,剐,1
510,劂,502,剧,1
510,劂,4621,罽,1
514,力,40,为,1
514,力,1468,少,1
514,力,3525,犭,1
515,劝,517,功,1
515,劝,523,助,1
515,劝,677,叻,1
515,劝,2986,沏,1
516,办,97,亦,1
516,办,514,力,1
516,办,583,协,1
516,办,6022,边,1
517,功,2356,攻,1
518,加,679,叽,1
518,加,1247,如,1
518,加,2062,扣,1
519,务,521,劣,1
519,务,659,另,1
520,劢,543,勤,1
520,劢,2064,执,1
521,劣,659,另,1
521,劣,727,告,1
521,劣,734,呖,1
521,劣,1471,尖,1
521,劣,1627,市,1
521,劣,2444,易,1
521,劣,4044,砦,1
522,动,517,功,1
523,助,742,呦,1
524,努,521,劣,1
524,努,532,势,1
524,努,1181,壑,1
524,努,1635,帑,1
525,劫,529,劲,1
525,劫,533,勃,1
525,劫,1462,封,1
525,劫,1626,币,1
525,劫,1673,幻,1
525,劫,1674,幼,1
525,劫,2901,毕,1
525,劫,2986,沏,1
526,劬,2998,沥,1
526,劬,4725,肋,1
526,劬,5866,跏,1
527,劭,538,勐,1
527,劭,540,勖,1
527,劭,3195,渤,1
528,励,3480,爵,1
528,励,4052,砷,1
529,劲,527,劭,1
529,劲,6787,饬,1
530,劳,619,厉,1
530,劳,2652,栟,1
530,劳,3497,牚,1
530,劳,3862,瘤,1
530,劳,4978,苇,1
530,劳,5117,菊,1
531,劾,466,初,1
531,劾,481,刻,1
532,势,524,努,1
532,势,1096,垫,1
532,势,1649,帮,1
533,勃,544,勩,1
533,勃,759,和,1
533,勃,6705,韩,1
534,勇,898,喜,1
535,勉,364,兔,1
535,勉,2913,毽,1
535,勉,6726,颂,1
535,勉,6924,魃,1
536,勋,540,勖,1
537,勍,1391,孰,1
537,勍,2371,敢,1
538,勐,3688,瑞,1
539,勒,533,勃,1
539,勒,5057,荔,1
539,勒,6185,鄞,1
541,勘,6158,郏,1
542,募,5099,莫,1
542,募,5192,蒡,1
543,勤,528,励,1
543,勤,529,劲,1
543,勤,544,勩,1
543,勤,6187,鄣,1
544,勩,540,勖,1
546,勹,390,冂,1
546,勹,547,勺,1
547,勺,0,々,1
547,勺,546,勹,1
547,勺,658,句,1
547,勺,1765,彡,1
547,勺,6505,闩,1
548,勾,452,分,1
548,勾,664,召,1
549,勿,548,勾,1
549,勿,1757,彐,1
549,勿,4465,纫,1
549,勿,5213,蓟,1
549,勿,6277,钉,1
550,匀,548,勾,1
550,匀,549,勿,1
550,匀,678,叼,1
550,匀,2418,日,1
550,匀,2951,汈,1
550,匀,4724,肉,1
550,匀,5596,订,1
551,包,126,仑,1
551,包,1399,它,1
551,包,1401,宅,1
551,包,1903,恿,1
551,包,6028,迅,1
552,匆,548,勾,1
552,匆,550,匀,1
552,匆,1012,囱,1
552,匆,3496,牙,1
552,匆,3755,甸,1
552,匆,4604,网,1
553,匈,552,匆,1
553,匈,1000,囚,1
553,匈,1001,四,1
553,匈,1780,彼,1
553,匈,1789,徊,1
553,匈,2418,日,1
553,匈,2423,旬,1
553,匈,2954,汐,1
556,匐,505,副,1
556,匐,1020,圃,1
557,匕,114,仁,1
558,化,129,仕,1
558,化,138,代,1
558,化,435,凭,1
558,化,2918,氏,1
558,化,2947,汁,1
558,化,4464,纪,1
559,北,1035,圯,1
559,北,1827,忧,1
559,北,2055,扎,1
559,北,2060,托,1
559,北,2062,扣,1
559,北,2559,杜,1
559,北,2900,比,1
559,北,2942,水,1
559,北,2959,汜,1
559,北,3022,泌,1
559,北,3074,洮,1
559,北,3499,牝,1
560,匙,6745,题,1
562,匜,567,匦,1
562,匜,672,叵,1
563,匝,395,再,1
563,匝,5302,虺,1
564,匠,572,医,1
564,匠,617,厅,1
564,匠,622,厍,1
564,匠,672,叵,1
564,匠,2896,每,1
564,匠,4873,臣,1
564,匠,6030,迈,1
565,匡,574,匿,1
565,匡,6771,飞,1
566,匣,246,便,1
566,匣,624,厘,1
566,匣,1702,庳,1
566,匣,3757,画,1
568,匪,272,俳,1
568,匪,1291,姬,1
568,匪,4701,耻,1
568,匪,6968,鲣,1
569,匮,574,匿,1
570,匹,568,匪,1
570,匹,5740,豆,1
571,区,1677,庀,1
572,医,631,厦,1
572,医,1614,巨,1
572,医,4873,臣,1
572,医,6036,迕,1
573,匾,5118,菌,1
573,匾,6094,逼,1
573,匾,6100,遍,1
574,匿,2752,楂,1
575,十,81,于,1
575,十,1667,干,1
576,千,592,卞,1
576,千,615,厂,1
576,千,1676,广,1
576,千,2052,手,1
577,卅,394,册,1
577,卅,1037,圳,1
578,升,87,井,1
578,升,113,什,1
578,升,148,仵,1
578,升,1725,廾,1
578,升,1728,弁,1
578,升,6503,长,1
579,午,168,伞,1
579,午,576,千,1
579,午,1612,左,1
579,午,1667,干,1
579,午,2394,斥,1
579,午,2422,早,1
579,午,4624,羊,1
580,卉,1230,奔,1
580,卉,1943,惠,1
581,半,443,出,1
581,半,1669,年,1
581,半,2538,本,1
581,半,4391,米,1
581,半,4719,肀,1
581,半,6011,辛,1
581,半,6681,靽,1
582,华,168,伞,1
582,华,585,卒,1
582,华,807,哗,1
582,华,2901,毕,1
582,华,4283,笑,1
582,华,4498,绎,1
583,协,1064,坩,1
583,协,2109,抽,1
583,协,2168,挟,1
583,协,3158,淋,1
584,卑,586,卓,1
584,卑,3500,牟,1
584,卑,3751,甲,1
584,卑,5952,身,1
584,卑,6011,辛,1
584,卑,6553,阜,1
585,卒,582,华,1
585,卒,1029,在,1
585,卒,1408,宓,1
585,卒,1671,幸,1
585,卒,2165,挛,1
585,卒,2412,族,1
585,卒,2931,氢,1
585,卒,3502,牢,1
585,卒,4083,碎,1
585,卒,4942,芋,1
585,卒,6032,运,1
586,卓,1428,宰,1
586,卓,2628,柬,1
586,卓,6553,阜,1
587,单,102,京,1
587,单,584,卑,1
587,单,1403,守,1
588,卖,1272,妻,1
588,卖,3368,炎,1
588,卖,3948,真,1
588,卖,5481,袁,1
589,南,2523,有,1
589,南,3746,甬,1
589,南,4991,苗,1
589,南,5069,荦,1
591,卜,1809,忄,1
592,卞,94,亢,1
592,卞,1676,广,1
592,卞,4127,示,1
593,卟,669,叱,1
593,卟,694,吓,1
593,卟,764,咔,1
594,占,11,与,1
594,占,688,名,1
594,占,1816,忐,1
594,占,2401,方,1
595,卡,31,丫,1
595,卡,69,书,1
595,卡,592,卞,1
595,卡,1735,弋,1
595,卡,3524,犬,1
595,卡,5288,虍,1
595,卡,5785,贵,1
595,卡,6503,长,1
596,卢,57,乒,1
596,卢,594,占,1
596,卢,1187,声,1
597,卣,1579,崮,1
597,卣,4930,色,1
598,卤,586,卓,1
598,卤,1004,囟,1
598,卤,1184,士,1
598,卤,7168,齿,1
599,卦,2090,抖,1
599,卦,4141,祚,1
599,卦,5469,补,1
600,卧,568,匪,1
600,卧,2895,母,1
602,卫,6,三,1
602,卫,3908,皿,1
602,卫,4260,立,1
603,卮,689,后,1
604,卯,3620,玥,1
604,卯,6129,邛,1
604,卯,6140,邱,1
604,卯,6145,邸,1
605,印,609,卵,1
605,印,2951,汈,1
605,印,3744,甪,1
605,印,4480,纻,1
605,印,6128,邙,1
605,印,6130,邝,1
605,印,6140,邱,1
606,危,434,凫,1
606,危,603,卮,1
606,危,1595,嵬,1
606,危,1677,庀,1
607,即,6129,邛,1
608,却,453,切,1
608,却,6128,邙,1
608,却,6149,邽,1
609,卵,3620,玥,1
609,卵,6139,邰,1
609,卵,6154,郇,1
610,卷,1617,差,1
610,卷,4177,秃,1
610,卷,4264,竞,1
611,卸,607,即,1
611,卸,5443,蟹,1
612,卺,1906,悉,1
612,卺,2378,整,1
612,卺,3400,烝,1
613,卻,6159,郐,1
613,卻,6165,郜,1
614,卿,819,哪,1
614,卿,4707,聊,1
615,厂,44,丿,1
615,厂,575,十,1
615,厂,3786,疒,1
616,厄,562,匜,1
616,厄,672,叵,1
616,厄,1222,奄,1
617,厅,81,于,1
617,厅,202,作,1
617,厅,564,匠,1
617,厅,622,厍,1
618,历,1486,尻,1
618,历,1626,币,1
618,历,3480,爵,1
619,厉,603,卮,1
619,厉,667,可,1
619,厉,3014,沽,1
619,厉,4979,苈,1
620,压,353,兀,1
620,压,689,后,1
620,压,1495,居,1
620,压,2919,氐,1
620,压,3723,瓦,1
621,厌,1206,天,1
621,厌,1679,庆,1
621,厌,1842,怃,1
622,厍,627,原,1
622,厍,1686,库,1
623,厕,238,侧,1
624,厘,625,厚,1
624,厘,631,厦,1
624,厘,1084,垕,1
624,厘,1717,廙,1
624,厘,6589,陧,1
625,厚,101,享,1
625,厚,627,原,1
625,厚,1933,惇,1
625,厚,1956,惶,1
626,厝,289,借,1
627,原,56,乐,1
627,原,631,厦,1
627,原,1470,尕,1
627,原,1817,忑,1
627,原,2895,母,1
627,原,3046,泵,1
628,厢,6210,酥,1
628,厢,6769,飙,1
630,厥,2856,歌,1
631,厦,20,业,1
631,厦,1682,庋,1
631,厦,1701,庭,1
631,厦,4873,臣,1
633,厩,6260,銍,1
633,厩,6722,顾,1
634,厮,6191,酃,1
635,厶,668,台,1
636,去,14,专,1
636,去,638,县,1
636,去,1407,宏,1
636,去,1738,弓,1
636,去,1820,志,1
636,去,3605,玄,1
637,厾,1996,憝,1
637,厾,5300,虱,1
638,县,382,具,1
638,县,2449,星,1
638,县,4971,芸,1
639,叁,1398,宁,1
639,叁,1421,宣,1
639,叁,5587,誉,1
640,参,59,乔,1
640,参,99,亨,1
640,参,375,兮,1
640,参,1200,多,1
640,参,1524,岑,1
640,参,1765,彡,1
640,参,4174,禾,1
641,又,50,义,1
641,又,601,卩,1
641,又,642,叉,1
641,又,3355,灭,1
641,又,4936,艾,1
642,叉,142,仪,1
642,叉,1191,夂,1
642,叉,1721,廴,1
643,及,46,乃,1
643,及,125,从,1
643,及,646,反,1
643,及,1380,孜,1
643,及,1721,廴,1
643,及,2350,支,1
643,及,2356,攻,1
643,及,2865,歹,1
643,及,2920,民,1
643,及,2962,江,1
643,及,2971,汲,1
643,及,2995,没,1
643,及,5790,贺,1
643,及,6023,辽,1
644,友,646,反,1
644,友,2523,有,1
644,友,2865,歹,1
644,友,3357,灰,1
644,友,3904,皮,1
644,友,5836,走,1
645,双,118,仅,1
645,双,1241,奴,1
646,反,142,仪,1
646,反,163,众,1
646,反,202,作,1
646,反,433,凤,1
646,反,3355,灭,1
647,发,654,叟,1
648,叔,652,叙,1
648,叔,2367,教,1
648,叔,6038,这,1
648,叔,6703,韧,1
649,取,1758,归,1
649,取,3623,玫,1
650,受,95,交,1
650,受,139,令,1
650,受,3478,爰,1
650,受,3479,爱,1
651,变,14,专,1
651,变,246,便,1
651,变,650,受,1
651,变,1699,度,1
651,变,5789,费,1
651,变,5790,贺,1
651,变,5892,踅,1
651,变,6021,辶,1
652,叙,1241,奴,1
652,叙,6292,钚,1
652,叙,6385,铽,1
653,叛,2618,柘,1
653,叛,5817,赖,1
653,叛,6134,邦,1
653,叛,6729,颅,1
654,叟,2383,斐,1
654,叟,3242,溲,1
655,叠,4268,童,1
656,口,7,上,1
656,口,57,乒,1
656,口,352,儿,1
656,口,390,冂,1
656,口,432,凡,1
656,口,448,刀,1
656,口,1611,工,1
657,古,4,万,1
657,古,94,亢,1
657,古,594,占,1
657,古,671,右,1
657,古,3891,百,1
657,古,4019,石,1
658,句,547,勺,1
658,句,548,勾,1
658,句,552,匆,1
658,句,1003,回,1
658,句,3755,甸,1
659,另,471,别,1
659,另,521,劣,1
659,另,662,只,1
659,另,686,吊,1
659,另,1374,孕,1
659,另,2444,易,1
659,另,4228,穷,1
659,另,4758,胃,1
660,叨,451,刃,1
660,叨,735,呗,1
661,叩,677,叻,1
661,叩,679,叽,1
662,只,695,吕,1
662,只,1485,尺,1
662,只,3386,点,1
662,只,5762,贝,1
663,叫,704,吣,1
663,叫,807,哗,1
663,叫,1607,川,1
663,叫,5604,讪,1
664,召,695,吕,1
664,召,1620,已,1
664,召,1738,弓,1
664,召,3891,百,1
664,召,4019,石,1
665,叭,140,以,1
665,叭,593,卟,1
665,叭,660,叨,1
666,叮,661,叩,1
666,叮,678,叼,1
666,叮,2946,汀,1
666,叮,3930,盯,1
666,叮,5596,订,1
667,可,4,万,1
667,可,86,五,1
667,可,449,刁,1
667,可,675,司,1
667,可,678,叼,1
667,可,2865,歹,1
667,可,3496,牙,1
667,可,4696,耳,1
668,台,452,分,1
668,台,657,古,1
668,台,684,合,1
668,台,705,否,1
668,台,727,告,1
668,台,1612,左,1
668,台,4282,笏,1
668,台,4889,舌,1
669,叱,661,叩,1
669,叱,3536,狄,1
670,史,690,吏,1
670,史,1211,央,1
670,史,5607,议,1
671,右,518,加,1
671,右,594,占,1
671,右,1029,在,1
671,右,1376,存,1
671,右,1612,左,1
671,右,4668,老,1
672,叵,563,匝,1
672,叵,570,匹,1
673,叶,593,卟,1
673,叶,663,叫,1
674,号,662,只,1
674,号,1200,多,1
674,号,1738,弓,1
674,号,2861,步,1
674,号,4230,穹,1
674,号,4453,纟,1
674,号,5305,虽,1
674,号,6848,驽,1
675,司,67,习,1
675,司,1739,引,1
675,司,2423,旬,1
675,司,3525,犭,1
675,司,6507,闫,1
676,叹,142,仪,1
676,叹,641,又,1
676,叹,702,吠,1
676,叹,735,呗,1
676,叹,5859,趿,1
677,叻,517,功,1
677,叻,693,吒,1
678,叼,720,吻,1
678,叼,735,呗,1
679,叽,721,吼,1
679,叽,724,呃,1
679,叽,740,呢,1
679,叽,766,咖,1
679,叽,846,唯,1
680,吁,412,冲,1
680,吁,723,呀,1
680,吁,752,呼,1
680,吁,1030,圩,1
680,吁,2429,旴,1
680,吁,4733,肝,1
681,吃,738,呛,1
681,吃,758,咋,1
681,吃,795,哈,1
681,吃,907,喹,1
681,吃,1031,圪,1
682,各,606,危,1
682,各,4453,纟,1
682,各,4889,舌,1
683,吆,808,哙,1
683,吆,957,嘬,1
683,吆,1276,始,1
683,吆,1672,幺,1
683,吆,4467,纭,1
683,吆,4732,肜,1
683,吆,5319,蚣,1
684,合,122,今,1
684,合,126,仑,1
684,合,134,仝,1
684,合,400,写,1
684,合,689,后,1
684,合,705,否,1
684,合,709,含,1
684,合,1378,孚,1
684,合,1962,愈,1
684,合,2922,气,1
684,合,4276,笃,1
684,合,5581,言,1
685,吉,4,万,1
685,吉,400,写,1
685,吉,657,古,1
685,吉,722,吾,1
685,吉,727,告,1
685,吉,1458,寺,1
685,吉,2554,杏,1
685,吉,5002,苦,1
685,吉,5581,言,1
686,吊,659,另,1
686,吊,736,员,1
686,吊,1626,币,1
686,吊,4674,而,1
687,同,67,习,1
687,同,392,冈,1
687,同,1010,园,1
687,同,3751,甲,1
687,同,6515,间,1
687,同,6518,闷,1
688,名,519,务,1
688,名,709,含,1
688,名,1247,如,1
689,后,153,仿,1
689,后,177,伫,1
689,后,380,兵,1
689,后,617,厅,1
689,后,684,合,1
689,后,713,启,1
689,后,3893,的,1
689,后,6281,钍,1
690,吏,6090,逵,1
691,吐,669,叱,1
691,吐,702,吠,1
691,吐,803,哒,1
691,吐,2433,旺,1
691,吐,4456,红,1
691,吐,4730,肚,1
692,向,128,仔,1
692,向,144,们,1
692,向,798,响,1
692,向,3890,白,1
692,向,4465,纫,1
692,向,4881,臼,1
692,向,5377,蜜,1
692,向,6509,问,1
692,向,6633,雨,1
692,向,6671,面,1
693,吒,696,吖,1
693,吒,730,呒,1
693,吒,772,咤,1
694,吓,702,吠,1
695,吕,594,占,1
695,吕,662,只,1
695,吕,1491,局,1
695,吕,1498,届,1
695,吕,2441,昌,1
695,吕,2462,显,1
695,吕,3891,百,1
696,吖,440,凶,1
696,吖,678,叼,1
696,吖,728,呋,1
696,吖,776,咩,1
696,吖,862,啖,1
697,吗,409,冯,1
697,吗,835,唔,1
697,吗,1326,婢,1
697,吗,2430,时,1
697,吗,2454,昭,1
698,君,713,启,1
698,君,722,吾,1
698,君,6167,郡,1
699,吝,59,乔,1
699,吝,700,吞,1
699,吝,722,吾,1
699,吝,1687,应,1
699,吝,5738,谷,1
700,吞,699,吝,1
700,吞,1381,孝,1
700,吞,3675,琴,1
700,吞,3794,疠,1
701,吟,416,冷,1
701,吟,795,哈,1
701,吟,866,啥,1
701,吟,935,嗲,1
701,吟,3769,畛,1
701,吟,4273,竺,1
702,吠,792,哄,1
703,吡,735,呗,1
703,吡,3499,牝,1
704,吣,715,吲,1
705,否,594,占,1
705,否,700,吞,1
705,否,722,吾,1
705,否,4889,舌,1
706,吧,733,呕,1
706,吧,1399,它,1
707,吨,740,呢,1
707,吨,878,啸,1
707,吨,4742,肫,1
708,吩,697,吗,1
708,吩,3936,盼,1
709,含,375,兮,1
709,含,684,合,1
709,含,688,名,1
709,含,7183,龛,1
710,听,68,乡,1
710,听,559,北,1
710,听,680,吁,1
710,听,694,吓,1
710,听,823,哳,1
710,听,1431,宵,1
710,听,2044,所,1
710,听,2978,沂,1
710,听,3356,灯,1
710,听,3786,疒,1
711,吭,710,听,1
711,吭,745,呲,1
711,吭,3371,炕,1
711,吭,5304,虼,1
712,吮,730,呒,1
712,吮,745,呲,1
712,吮,906,喷,1
712,吮,3941,眈,1
713,启,361,克,1
713,启,378,关,1
713,启,689,后,1
713,启,1894,恰,1
713,启,4740,肩,1
714,吱,728,呋,1
714,吱,784,咴,1
714,吱,794,哇,1
714,吱,920,嗖,1
714,吱,4054,砹,1
715,吲,419,冽,1
715,吲,751,呻,1
715,吲,755,咂,1
715,吲,854,啁,1
715,吲,3108,浠,1
716,吴,726,呈,1
716,吴,1235,奚,1
716,吴,4626,美,1
716,吴,4877,臭,1
717,吵,523,助,1
717,吵,677,叻,1
717,吵,793,哆,1
717,吵,3369,炒,1
717,吵,3940,眇,1
717,吵,4470,纱,1
718,吸,676,叹,1
718,吸,714,吱,1
718,吸,729,呐,1
718,吸,735,呗,1
718,吸,748,呶,1
718,吸,799,哎,1
718,吸,856,啄,1
718,吸,875,啵,1
718,吸,1041,圾,1
718,吸,2353,收,1
718,吸,2971,汲,1
718,吸,3491,版,1
718,吸,3893,的,1
718,吸,5777,购,1
719,吹,676,叹,1
719,吹,694,吓,1
719,吹,718,吸,1
719,吹,779,咬,1
719,吹,4882,臾,1
720,吻,715,吲,1
720,吻,757,咆,1
720,吻,861,啕,1
720,吻,3250,滂,1
720,吻,3644,珣,1
721,吼,73,乳,1
721,吼,703,吡,1
721,吼,718,吸,1
721,吼,761,咏,1
721,吼,766,咖,1
721,吼,823,哳,1
721,吼,2942,水,1
722,吾,27,严,1
722,吾,360,光,1
722,吾,698,君,1
722,吾,700,吞,1
722,吾,1033,圭,1
722,吾,1411,官,1
722,吾,2465,晋,1
723,呀,734,呖,1
723,呀,752,呼,1
723,呀,761,咏,1
723,呀,1520,岈,1
723,呀,2431,旷,1
723,呀,3618,玡,1
723,呀,4032,砑,1
724,呃,703,吡,1
725,呆,199,余,1
725,呆,686,吊,1
725,呆,1459,寻,1
725,呆,1669,年,1
725,呆,1760,录,1
725,呆,2563,条,1
725,呆,2572,杲,1
725,呆,2590,果,1
725,呆,4442,累,1
726,呈,716,吴,1
726,呈,2449,星,1
726,呈,2456,昱,1
726,呈,2922,气,1
726,呈,3895,皇,1
726,呈,4647,翌,1
726,呈,4878,至,1
727,告,25,丢,1
727,告,28,丧,1
727,告,359,先,1
727,告,1387,学,1
727,告,1429,害,1
727,告,2421,旨,1
727,告,3916,盎,1
727,告,4890,舍,1
727,告,5002,苦,1
727,告,6829,香,1
728,呋,730,呒,1
729,呐,677,叻,1
729,呐,762,咐,1
729,呐,766,咖,1
730,呒,731,呓,1
730,呒,1425,宪,1
731,呓,681,吃,1
731,呓,732,呔,1
732,呔,702,吠,1
732,呔,734,呖,1
733,呕,704,吣,1
733,呕,801,哐,1
733,呕,802,哑,1
733,呕,2997,沤,1
734,呖,724,呃,1
734,呖,742,呦,1
735,呗,737,呙,1
735,呗,826,哽,1
735,呗,3626,现,1
736,员,606,危,1
736,员,1487,尼,1
736,员,3138,涢,1
736,员,5763,贞,1
736,员,5765,贡,1
736,员,5800,资,1
736,员,6713,页,1
736,员,6749,颜,1
737,呙,686,吊,1
737,呙,704,吣,1
737,呙,3180,清,1
737,呙,4171,禺,1
737,呙,4964,芮,1
738,呛,127,仓,1
738,呛,681,吃,1
739,呜,198,佘,1
739,呜,1057,坞,1
740,呢,758,咋,1
740,呢,884,喂,1
740,呢,934,嗯,1
740,呢,1090,垢,1
740,呢,3037,泥,1
741,呤,416,冷,1
741,呤,701,吟,1
741,呤,768,咚,1
741,呤,920,嗖,1
741,呤,3952,眨,1
742,呦,770,咝,1
742,呦,1069,坳,1
743,周,425,凋,1
743,周,1005,因,1
743,周,1013,围,1
743,周,1017,国,1
743,周,4486,绂,1
743,周,4605,罔,1
743,周,4722,肆,1
743,周,4724,肉,1
743,周,5583,訇,1
743,周,6548,阖,1
744,呱,741,呤,1
744,呱,798,响,1
744,呱,1747,弧,1
744,呱,4762,胍,1
745,呲,771,咣,1
745,呲,3029,泚,1
746,味,417,冻,1
746,味,809,哚,1
746,味,816,哧,1
746,味,1271,妹,1
746,味,2541,朱,1
746,味,3004,沫,1
747,呵,663,叫,1
747,呵,666,叮,1
747,呵,676,叹,1
747,呵,723,呀,1
747,呵,861,啕,1
747,呵,2432,旸,1
747,呵,3488,牁,1
747,呵,4604,网,1
747,呵,4642,羽,1
747,呵,4754,肿,1
747,呵,5330,蚵,1
748,呶,742,呦,1
749,呷,744,呱,1
749,呷,751,呻,1
749,呷,805,哔,1
749,呷,865,啤,1
749,呷,1061,坤,1
750,呸,16,丕,1
750,呸,23,丝,1
750,呸,694,吓,1
750,呸,717,吵,1
750,呸,755,咂,1
750,呸,794,哇,1
750,呸,835,唔,1
750,呸,913,嗉,1
750,呸,4060,硁,1
750,呸,6125,邓,1
752,呼,680,吁,1
752,呼,693,吒,1
752,呼,723,呀,1
752,呼,747,呵,1
752,呼,807,哗,1
753,命,1776,彳,1
753,命,3482,爷,1
753,命,5114,菂,1
754,咀,787,咽,1
754,咀,1277,姐,1
755,咂,2422,早,1
756,咄,445,凼,1
756,咄,745,呲,1
756,咄,748,呶,1
757,咆,681,吃,1
757,咆,706,吧,1
757,咆,733,呕,1
757,咆,5336,蛇,1
757,咆,5397,蝗,1
758,咋,710,听,1
758,咋,711,吭,1
758,咋,738,呛,1
759,和,470,利,1
760,咎,3430,然,1
760,咎,4288,笞,1
761,咏,715,吲,1
761,咏,747,呵,1
761,咏,816,哧,1
762,咐,678,叼,1
762,咐,1608,州,1
762,咐,6572,附,1
763,咒,399,冗,1
763,咒,712,吮,1
763,咒,977,器,1
763,咒,4005,瞿,1
764,咔,702,吠,1
764,咔,728,呋,1
764,咔,749,呷,1
765,咕,691,吐,1
765,咕,694,吓,1
765,咕,904,喳,1
765,咕,1541,岵,1
765,咕,3055,洁,1
765,咕,4263,站,1
765,咕,6209,酤,1
766,咖,717,吵,1
766,咖,720,吻,1
766,咖,859,啊,1
766,咖,3634,珈,1
767,咙,724,呃,1
768,咚,769,咛,1
768,咚,781,咯,1
768,咚,1547,峂,1
769,咛,749,呷,1
769,咛,756,咄,1
770,咝,801,哐,1
770,咝,981,噬,1
771,咣,702,吠,1
771,咣,711,吭,1
771,咣,728,呋,1
771,咣,804,哓,1
771,咣,806,哕,1
771,咣,1554,峣,1
771,咣,2469,晓,1
772,咤,794,哇,1
772,咤,811,哝,1
772,咤,5661,诧,1
773,咦,804,哓,1
773,咦,990,嚏,1
774,咧,715,吲,1
774,咧,747,呵,1
774,咧,5368,蜊,1
775,咨,1426,宫,1
775,咨,3066,洛,1
775,咨,3728,瓷,1
775,咨,4753,肾,1
776,咩,772,咤,1
776,咩,5345,蛘,1
777,咪,786,咻,1
777,咪,1405,宋,1
777,咪,4802,脒,1
779,咬,750,呸,1
779,咬,799,哎,1
779,咬,803,哒,1
779,咬,829,唆,1
779,咬,860,啐,1
779,咬,1250,妆,1
779,咬,2494,暌,1
779,咬,3548,狡,1
779,咬,3898,皎,1
779,咬,4112,磙,1
779,咬,5349,蛟,1
780,咭,791,哂,1
780,咭,964,嘻,1
780,咭,6129,邛,1
781,咯,760,咎,1
781,咯,768,咚,1
781,咯,775,咨,1
781,咯,794,哇,1
781,咯,885,喃,1
782,咱,754,咀,1
782,咱,758,咋,1
782,咱,798,响,1
782,咱,861,啕,1
782,咱,865,啤,1
783,咳,779,咬,1
783,咳,828,唁,1
783,咳,837,唝,1
783,咳,958,嘭,1
783,咳,4785,胲,1
783,咳,5746,象,1
784,咴,803,哒,1
784,咴,3357,灰,1
785,咸,427,减,1
785,咸,2017,戌,1
785,咸,2948,求,1
786,咻,162,休,1
786,咻,788,咿,1
786,咻,3158,淋,1
786,咻,3529,状,1
788,咿,762,咐,1
788,咿,797,哌,1
789,哀,4928,良,1
789,哀,5474,衮,1
789,哀,5481,袁,1
790,品,765,咕,1
790,品,2486,晶,1
790,品,3137,涡,1
790,品,4019,石,1
791,哂,784,咴,1
791,哂,2468,晒,1
792,哄,728,呋,1
792,哄,804,哓,1
792,哄,808,哙,1
792,哄,934,嗯,1
792,哄,3072,洪,1
792,哄,3396,烘,1
793,哆,815,哦,1
793,哆,1200,多,1
793,哆,3066,洛,1
793,哆,4276,笃,1
794,哇,714,吱,1
794,哇,907,喹,1
794,哇,909,喽,1
794,哇,1297,娃,1
794,哇,1553,峡,1
794,哇,3772,畦,1
794,哇,4231,空,1
794,哇,4286,笙,1
794,哇,5346,蛙,1
795,哈,152,份,1
795,哈,681,吃,1
795,哈,701,吟,1
795,哈,708,吩,1
795,哈,738,呛,1
795,哈,5350,蛤,1
796,哉,2016,戋,1
796,哉,2027,战,1
796,哉,2035,截,1
796,哉,5502,裁,1
796,哉,5780,贰,1
797,哌,744,呱,1
797,哌,808,哙,1
797,哌,3085,派,1
797,哌,5954,躯,1
798,响,415,冶,1
798,响,720,吻,1
798,响,734,呖,1
798,响,782,咱,1
798,响,859,啊,1
798,响,2527,朐,1
798,响,3543,狗,1
798,响,4062,硇,1
798,响,5344,蛔,1
799,哎,792,哄,1
799,哎,3766,畔,1
799,哎,4936,艾,1
799,哎,5223,蔑,1
800,哏,881,啾,1
800,哏,2470,晔,1
801,哐,780,咭,1
801,哐,802,哑,1
801,哐,846,唯,1
801,哐,903,喱,1
802,哑,707,吨,1
802,哑,754,咀,1
802,哑,852,唾,1
802,哑,1616,巫,1
803,哒,773,咦,1
803,哒,1099,垯,1
803,哒,6205,酞,1
804,哓,805,哔,1
804,哓,844,唬,1
805,哔,2470,晔,1
805,哔,5887,跸,1
806,哕,771,咣,1
806,哕,786,咻,1
807,哗,582,华,1
807,哗,752,呼,1
807,哗,2494,暌,1
807,哗,3405,烨,1
808,哙,809,哚,1
808,哙,3406,烩,1
809,哚,810,哜,1
809,哚,2605,架,1
810,哜,776,咩,1
810,哜,781,咯,1
810,哜,832,唏,1
810,哜,7166,齐,1
811,哝,800,哏,1
812,哞,412,冲,1
812,哞,807,哗,1
812,哞,809,哚,1
812,哞,836,唛,1
812,哞,865,啤,1
812,哞,3960,眸,1
813,哟,311,做,1
813,哟,718,吸,1
813,哟,2353,收,1
813,哟,4460,约,1
813,哟,5854,趵,1
814,哥,54,乎,1
814,哥,1439,寄,1
814,哥,1459,寻,1
814,哥,1461,寿,1
814,哥,2563,条,1
814,哥,2564,来,1
814,哥,5952,身,1
815,哦,881,啾,1
816,哧,826,哽,1
816,哧,906,喷,1
817,哨,1561,峭,1
817,哨,2477,晡,1
817,哨,4071,硝,1
817,哨,4516,绡,1
818,哩,757,咆,1
818,哩,840,唣,1
818,哩,902,喧,1
818,哩,911,嗄,1
818,哩,968,噍,1
818,哩,3654,理,1
818,哩,4647,翌,1
819,哪,1308,娜,1
819,哪,6350,铘,1
820,哭,7,上,1
820,哭,379,兴,1
820,哭,1206,天,1
820,哭,4234,突,1
820,哭,4283,笑,1
821,哮,768,咚,1
821,哮,816,哧,1
821,哮,5808,赌,1
822,哲,1138,堑,1
822,哲,1389,孪,1
822,哲,2132,招,1
822,哲,2223,掘,1
822,哲,3918,盐,1
823,哳,3104,浙,1
824,哺,878,啸,1
825,哼,409,冯,1
825,哼,929,嗦,1
825,哼,1393,孳,1
826,哽,818,哩,1
826,哽,835,唔,1
826,哽,920,嗖,1
826,哽,4074,硬,1
828,唁,808,哙,1
828,唁,825,哼,1
828,唁,866,啥,1
828,唁,882,喀,1
828,唁,894,喑,1
828,唁,2478,晤,1
828,唁,3145,涪,1
828,唁,4105,磅,1
828,唁,5387,蜷,1
828,唁,5815,赔,1
828,唁,6620,雁,1
829,唆,783,咳,1
829,唆,851,唼,1
829,唆,906,喷,1
829,唆,1137,堎,1
829,唆,1563,峻,1
829,唆,3889,登,1
829,唆,5842,趁,1
830,唇,632,厨,1
830,唇,1426,宫,1
830,唇,5581,言,1
831,唉,784,咴,1
831,唉,829,唆,1
831,唉,849,唳,1
831,唉,862,啖,1
831,唉,971,噗,1
833,唐,217,佶,1
833,唐,1411,官,1
833,唐,1429,害,1
833,唐,1704,庶,1
833,唐,1705,康,1
833,唐,5814,赓,1
834,唑,770,咝,1
834,唑,3919,监,1
835,唔,3116,浯,1
836,唛,816,哧,1
837,唝,6715,顷,1
838,唠,530,劳,1
838,唠,893,喏,1
838,唠,4603,罐,1
839,唢,817,哨,1
840,唣,772,咤,1
841,唤,263,俣,1
841,唤,1115,埙,1
841,唤,1417,实,1
842,唧,819,哪,1
844,唬,846,唯,1
844,唬,948,嘘,1
845,售,255,俗,1
845,售,258,俜,1
845,售,435,凭,1
845,售,1920,您,1
845,售,3116,浯,1
845,售,3426,焦,1
845,售,7084,鹞,1
846,唯,745,呲,1
846,唯,758,咋,1
846,唯,890,喉,1
846,唯,895,喔,1
846,唯,968,噍,1
846,唯,3972,睢,1
847,唰,877,啷,1
848,唱,697,吗,1
848,唱,739,呜,1
848,唱,883,喁,1
848,唱,900,喟,1
848,唱,1585,嵋,1
848,唱,1937,惕,1
848,唱,2988,沓,1
848,唱,5812,赐,1
849,唳,841,唤,1
850,唷,894,喑,1
850,唷,3960,眸,1
850,唷,4753,肾,1
851,唼,1330,婴,1
851,唼,6750,额,1
852,唾,802,哑,1
852,唾,834,唑,1
852,唾,984,噻,1
852,唾,995,嚷,1
852,唾,1166,墅,1
852,唾,2468,晒,1
852,唾,6594,陲,1
853,唿,956,嘧,1
853,唿,3697,璁,1
854,啁,425,凋,1
854,啁,787,咽,1
854,啁,4787,胴,1
855,啃,812,哞,1
855,啃,817,哨,1
855,啃,4745,肯,1
855,啃,4761,背,1
856,啄,761,咏,1
856,啄,877,啷,1
856,啄,3152,涿,1
856,啄,3663,琢,1
857,商,306,偈,1
857,商,1237,奢,1
857,商,6711,韵,1
857,商,6902,高,1
858,啉,816,哧,1
858,啉,2587,林,1
858,啉,3674,琳,1
859,啊,791,哂,1
859,啊,2527,朐,1
859,啊,2629,柯,1
859,啊,5330,蚵,1
862,啖,811,哝,1
862,啖,831,唉,1
862,啖,3168,淡,1
863,啜,815,哦,1
863,啜,932,嗫,1
864,啡,819,哪,1
865,啤,752,呼,1
865,啤,874,啴,1
865,啤,928,嗥,1
865,啤,1119,埠,1
865,啤,1120,埤,1
865,啤,4606,罕,1
866,啥,752,呼,1
866,啥,828,唁,1
866,啥,831,唉,1
866,啥,1560,峪,1
866,啥,2473,晗,1
866,啥,3207,湉,1
866,啥,3261,滘,1
866,啥,4286,笙,1
866,啥,4289,笠,1
867,啦,2139,拦,1
869,啪,2483,晰,1
869,啪,6414,锚,1
870,啬,3773,番,1
872,啮,802,哑,1
872,啮,862,啖,1
872,啮,930,嗨,1
872,啮,948,嘘,1
872,啮,981,噬,1
872,啮,3766,畔,1
872,啮,5657,诣,1
872,啮,7168,齿,1
873,啰,806,哕,1
874,啴,979,噪,1
876,啶,981,噬,1
876,啶,990,嚏,1
876,啶,3003,沪,1
876,啶,4829,腚,1
877,啷,1711,廊,1
878,啸,816,哧,1
878,啸,823,哳,1
878,啸,888,喇,1
878,啸,1565,崃,1
878,啸,4015,矫,1
878,啸,5436,蟒,1
879,啻,2404,旁,1
880,啼,832,唏,1
880,啼,896,喘,1
880,啼,5412,螃,1
881,啾,3219,湫,1
881,啾,3985,瞅,1
882,喀,681,吃,1
882,喀,825,哼,1
882,喀,866,啥,1
883,喁,5812,赐,1
883,喁,6420,锡,1
884,喂,800,哏,1
884,喂,946,嘎,1
884,喂,965,嘿,1
884,喂,3268,滤,1
886,善,898,喜,1
886,善,1617,差,1
886,善,2937,氪,1
886,善,3922,盖,1
886,善,4628,羔,1
888,喇,495,剕,1
888,喇,847,唰,1
888,喇,960,嘲,1
890,喉,841,唤,1
890,喉,895,喔,1
891,喊,824,哺,1
891,喊,854,啁,1
891,喊,2021,成,1
891,喊,4097,碱,1
892,喋,2633,柴,1
892,喋,5697,谍,1
893,喏,917,嗒,1
894,喑,850,唷,1
894,喑,6598,陷,1
896,喘,848,唱,1
896,喘,872,啮,1
896,喘,917,嗒,1
896,喘,922,嗝,1
896,喘,961,嘴,1
896,喘,4296,第,1
896,喘,4556,缋,1
898,喜,101,享,1
898,喜,1233,套,1
898,喜,1237,奢,1
898,喜,1671,幸,1
898,喜,2465,晋,1
898,喜,3461,熹,1
898,喜,3915,盍,1
898,喜,4029,砉,1
898,喜,4409,粪,1
898,喜,5129,菩,1
898,喜,5307,虿,1
898,喜,5481,袁,1
899,喝,905,喵,1
899,喝,1335,婿,1
899,喝,2479,晦,1
899,喝,3202,渴,1
899,喝,5812,赐,1
900,喟,848,唱,1
900,喟,961,嘴,1
900,喟,967,噌,1
900,喟,1952,惯,1
900,喟,4758,胃,1
901,喤,840,唣,1
901,喤,953,嘡,1
902,喧,741,呤,1
902,喧,968,噍,1
902,喧,990,嚏,1
902,喧,4102,碹,1
903,喱,840,唣,1
904,喳,794,哇,1
904,喳,836,唛,1
904,喳,907,喹,1
904,喳,1588,嵖,1
904,喳,3194,渣,1
904,喳,3977,睫,1
904,喳,4100,碴,1
905,喵,869,啪,1
905,喵,880,啼,1
905,喵,3984,瞄,1
906,喷,794,哇,1
906,喷,837,唝,1
906,喷,839,唢,1
906,喷,911,嗄,1
908,喻,260,俞,1
908,喻,317,偷,1
908,喻,3191,渝,1
909,喽,1592,嵝,1
910,喾,387,兽,1
911,嗄,826,哽,1
911,嗄,932,嗫,1
911,嗄,946,嘎,1
911,嗄,1972,愣,1
912,嗅,831,唉,1
912,嗅,840,唣,1
912,嗅,1584,嵊,1
912,嗅,3336,濞,1
913,嗉,4343,箦,1
913,嗉,6613,隳,1
914,嗌,916,嗑,1
914,嗌,5420,螠,1
915,嗍,939,嗽,1
915,嗍,1630,帆,1
916,嗑,4111,磕,1
917,嗒,795,哈,1
918,嗓,809,哚,1
918,嗓,843,唪,1
918,嗓,2498,暝,1
918,嗓,2824,橥,1
919,嗔,911,嗄,1
920,嗖,4074,硬,1
921,嗜,931,嗪,1
921,嗜,943,嘈,1
921,嗜,2485,晴,1
921,嗜,4306,等,1
921,嗜,5409,蝽,1
921,嗜,7009,鳍,1
922,嗝,5436,蟒,1
923,嗞,384,兹,1
923,嗞,872,啮,1
923,嗞,1594,嵫,1
924,嗟,971,噗,1
924,嗟,1596,嵯,1
925,嗡,960,嘲,1
925,嗡,4307,筋,1
925,嗡,4324,筲,1
926,嗣,42,丽,1
927,嗤,771,咣,1
927,嗤,862,啖,1
927,嗤,956,嘧,1
927,嗤,976,噤,1
927,嗤,4600,罂,1
929,嗦,816,哧,1
929,嗦,821,哮,1
929,嗦,825,哼,1
929,嗦,945,嘌,1
929,嗦,969,噎,1
929,嗦,982,噱,1
929,嗦,4439,索,1
929,嗦,5448,蠓,1
930,嗨,5897,踔,1
931,嗪,843,唪,1
931,嗪,979,噪,1
933,嗬,5143,萌,1
934,嗯,883,喁,1
936,嗳,851,唼,1
938,嗷,3701,璈,1
939,嗽,423,凇,1
939,嗽,1359,嫩,1
939,嗽,1643,帜,1
940,嗾,890,喉,1
941,嘀,817,哨,1
941,嘀,930,嗨,1
941,嘀,1169,墒,1
941,嘀,1579,崮,1
941,嘀,2485,晴,1
941,嘀,4245,窗,1
941,嘀,4312,筒,1
941,嘀,5930,蹢,1
943,嘈,967,噌,1
944,嘉,3461,熹,1
944,嘉,5481,袁,1
946,嘎,912,嗅,1
946,嘎,4103,碾,1
947,嘏,2493,暇,1
948,嘘,844,唬,1
948,嘘,1174,墟,1
948,嘘,4125,礳,1
949,嘚,900,喟,1
949,嘚,5819,赙,1
950,嘛,797,哌,1
950,嘛,821,哮,1
950,嘛,930,嗨,1
950,嘛,972,噘,1
950,嘛,2949,汆,1
950,嘛,4578,缣,1
952,嘟,877,啷,1
956,嘧,1441,密,1
957,嘬,928,嗥,1
959,嘱,821,哮,1
959,嘱,973,噙,1
959,嘱,1571,崛,1
960,嘲,888,喇,1
960,嘲,915,嗍,1
961,嘴,889,喈,1
961,嘴,896,喘,1
961,嘴,933,嗬,1
961,嘴,991,嚓,1
962,嘶,939,嗽,1
963,嘹,862,啖,1
964,嘻,794,哇,1
964,嘻,898,喜,1
964,嘻,998,囔,1
964,嘻,5442,蟮,1
964,嘻,6825,馕,1
965,嘿,808,哙,1
965,嘿,818,哩,1
965,嘿,934,嗯,1
965,嘿,975,噢,1
967,噌,923,嗞,1
967,噌,2497,暗,1
968,噍,852,唾,1
968,噍,1994,憔,1
969,噎,913,嗉,1
969,噎,953,嘡,1
970,噔,3889,登,1
970,噔,3997,瞪,1
970,噔,5933,蹬,1
971,噗,1663,幞,1
972,噘,630,厥,1
973,噙,996,嚼,1
975,噢,934,嗯,1
977,器,820,哭,1
977,器,3728,瓷,1
977,器,4619,罴,1
978,噩,3630,玺,1
978,噩,3781,疆,1
978,噩,5000,苤,1
978,噩,6082,速,1
979,噪,764,咔,1
979,噪,809,哚,1
979,噪,890,喉,1
979,噪,918,嗓,1
979,噪,1172,墚,1
979,噪,4869,臊,1
980,噫,998,囔,1
982,噱,989,嚎,1
983,噶,5236,蔼,1
983,噶,6648,霉,1
984,噻,773,咦,1
984,噻,901,喤,1
984,噻,995,嚷,1
986,嚄,920,嗖,1
987,嚅,896,喘,1
987,嚅,965,嘿,1
988,嚆,2485,晴,1
988,嚆,3990,瞒,1
989,嚎,851,唼,1
989,嚎,897,喙,1
990,嚏,929,嗦,1
990,嚏,975,噢,1
990,嚏,995,嚷,1
991,嚓,882,喀,1
991,嚓,945,嘌,1
992,嚚,993,嚣,1
993,嚣,992,嚚,1
993,嚣,1966,意,1
993,嚣,4370,篱,1
993,嚣,4440,紧,1
993,嚣,4619,罴,1
993,嚣,5502,裁,1
993,嚣,6106,遗,1
994,嚯,2508,曜,1
995,嚷,998,囔,1
995,嚷,5544,襄,1
996,嚼,880,啼,1
996,嚼,987,嚅,1
996,嚼,3480,爵,1
997,囊,2169,挠,1
997,囊,5264,薯,1
997,囊,5283,蘘,1
997,囊,6928,魇,1
998,囔,969,噎,1
998,囔,995,嚷,1
998,囔,999,囗,1
999,囗,1002,囝,1
999,囗,2512,曰,1
999,囗,5601,讧,1
1000,囚,1003,回,1
1000,囚,1006,囡,1
1000,囚,1007,团,1
1000,囚,1758,归,1
1000,囚,2512,曰,1
1000,囚,2895,母,1
1000,囚,3502,牢,1
1000,囚,4604,网,1
1000,囚,4724,肉,1
1000,囚,6520,闹,1
1001,四,26,两,1
1001,四,658,句,1
1001,四,1006,囡,1
1001,四,1857,思,1
1001,四,2420,旧,1
1001,四,2512,曰,1
1001,四,3753,电,1
1001,四,3908,皿,1
1001,四,3929,目,1
1001,四,6509,问,1
1002,囝,1006,囡,1
1002,囝,1017,国,1
1003,回,553,匈,1
1003,回,1009,囫,1
1003,回,2291,摁,1
1003,回,2419,旦,1
1003,回,2512,曰,1
1004,囟,3245,溷,1
1004,囟,5457,血,1
1005,因,15,且,1
1005,因,1017,国,1
1005,因,3749,田,1
1005,因,3929,目,1
1006,囡,1005,因,1
1006,囡,1014,囵,1
1006,囡,1018,图,1
1007,团,445,凼,1
1007,团,1002,囝,1
1007,团,1003,回,1
1007,团,1006,囡,1
1007,团,5610,讲,1
1007,团,6508,闭,1
1007,团,6511,闰,1
1007,团,6535,阈,1
1008,囤,1005,因,1
1008,囤,1011,困,1
1008,囤,1014,囵,1
1008,囤,1020,圃,1
1008,囤,3749,田,1
1008,囤,6524,闽,1
1008,囤,6531,阄,1
1009,囫,1012,囱,1
1009,囫,1015,囹,1
1009,囫,1018,图,1
1009,囫,1020,圃,1
1009,囫,6547,阕,1
1010,园,1005,因,1
1010,园,1008,囤,1
1010,园,1011,困,1
1010,园,1018,图,1
1010,园,3929,目,1
1010,园,6511,闰,1
1010,园,6581,限,1
1011,困,554,匍,1
1011,困,1002,囝,1
1011,困,1016,固,1
1011,困,3743,甩,1
1011,困,3749,田,1
1012,囱,6671,面,1
1013,围,35,串,1
1013,围,1000,囚,1
1013,围,1005,因,1
1013,围,1008,囤,1
1013,围,1016,固,1
1013,围,1017,国,1
1013,围,1020,圃,1
1013,围,1021,圄,1
1013,围,1023,圈,1
1013,围,1024,圉,1
1013,围,1025,圊,1
1013,围,4605,罔,1
1014,囵,1006,囡,1
1014,囵,1009,囫,1
1015,囹,1019,囿,1
1016,固,15,且,1
1016,固,1000,囚,1
1016,固,1002,囝,1
1016,固,1005,因,1
1016,固,1006,囡,1
1016,固,1007,团,1
1016,固,1014,囵,1
1016,固,1017,国,1
1016,固,6521,闺,1
1016,固,6548,阖,1
1017,国,687,同,1
1017,国,1000,囚,1
1017,国,1002,囝,1
1017,国,1006,囡,1
1017,国,1013,围,1
1017,国,1016,固,1
1017,国,6511,闰,1
1017,国,6522,闻,1
1017,国,6535,阈,1
1018,图,1000,囚,1
1018,图,1003,回,1
1018,图,1006,囡,1
1018,图,1009,囫,1
1018,图,1021,圄,1
1018,图,1023,圈,1
1018,图,3929,目,1
1018,图,6060,退,1
1018,图,6526,闿,1
1019,囿,1020,圃,1
1019,囿,1021,圄,1
1019,囿,1025,圊,1
1019,囿,6046,迥,1
1020,圃,554,匍,1
1020,圃,743,周,1
1020,圃,1008,囤,1
1020,圃,1009,囫,1
1020,圃,1013,围,1
1020,圃,1017,国,1
1020,圃,1019,囿,1
1020,圃,1023,圈,1
1020,圃,1024,圉,1
1020,圃,6522,闻,1
1020,圃,6524,闽,1
1021,圄,1023,圈,1
1021,圄,1024,圉,1
1021,圄,1025,圊,1
1021,圄,1026,圜,1
1022,圆,437,凰,1
1022,圆,1002,囝,1
1022,圆,1008,囤,1
1022,圆,1009,囫,1
1022,圆,1017,国,1
1022,圆,1019,囿,1
1022,圆,2500,暨,1
1022,圆,2894,毋,1
1022,圆,4605,罔,1
1022,圆,6526,闿,1
1022,圆,6541,阎,1
1022,圆,6550,阘,1
1023,圈,743,周,1
1023,圈,1018,图,1
1023,圈,1022,圆,1
1023,圈,1026,圜,1
1023,圈,2516,曷,1
1023,圈,5362,蜀,1
1023,圈,6548,阖,1
1024,圉,1026,圜,1
1025,圊,1019,囿,1
1025,圊,1021,圄,1
1025,圊,1024,圉,1
1025,圊,1415,宜,1
1026,圜,1633,帏,1
1027,土,7,上,1
1028,圣,722,吾,1
1028,圣,2052,手,1
1029,在,689,后,1
1029,在,1680,庇,1
1029,在,1782,征,1
1029,在,2559,杜,1
1029,在,5020,茌,1
1029,在,5958,车,1
1030,圩,1038,圹,1
1030,圩,1065,坪,1
1031,圪,65,乞,1
1031,圪,5605,讫,1
1032,圬,1044,均,1
1032,圬,2975,汽,1
1033,圭,41,主,1
1033,圭,794,哇,1
1033,圭,1028,圣,1
1034,圮,1063,坨,1
1034,圮,5609,记,1
1034,圮,5875,跟,1
1035,圯,1034,圮,1
1035,圯,1067,坭,1
1035,圯,2084,把,1
1035,圯,2900,比,1
1036,地,1042,址,1
1036,地,1244,她,1
1036,地,3398,烛,1
1038,圹,87,井,1
1038,圹,3786,疒,1
1039,场,1045,坊,1
1039,场,1094,垧,1
1039,场,1124,埸,1
1039,场,2067,扫,1
1039,场,2068,扬,1
1039,场,2566,杨,1
1039,场,3364,炀,1
1039,场,6717,项,1
1040,圻,2092,折,1
1041,圾,583,协,1
1041,圾,608,却,1
1041,圾,1044,均,1
1041,圾,1056,坝,1
1041,圾,1060,坡,1
1041,圾,1072,坻,1
1041,圾,2123,拐,1
1041,圾,6080,逝,1
1042,址,1035,圯,1
1042,址,1616,巫,1
1042,址,2900,比,1
1042,址,4878,至,1
1043,坂,3491,版,1
1043,坂,6788,饭,1
1044,均,1039,场,1
1044,均,1071,坷,1
1044,均,2607,枸,1
1044,均,3614,玚,1
1045,坊,1113,埗,1
1045,坊,1151,塆,1
1046,坌,2931,氢,1
1046,坌,4308,筌,1
1047,坍,394,册,1
1047,坍,583,协,1
1047,坍,1070,坶,1
1047,坍,1104,埂,1
1048,坎,1043,坂,1
1048,坎,1044,均,1
1048,坎,1052,块,1
1048,坎,1115,埙,1
1048,坎,3626,现,1
1049,坏,1065,坪,1
1049,坏,1073,坼,1
1049,坏,2394,斥,1
1049,坏,3625,环,1
1050,坐,66,也,1
1050,坐,435,凭,1
1050,坐,1472,尘,1
1050,坐,4273,竺,1
1050,坐,4278,笆,1
1050,坐,4322,筮,1
1050,坐,4945,芏,1
1051,坑,1102,垴,1
1051,坑,3371,炕,1
1051,坑,5555,观,1
1052,块,1036,地,1
1052,块,2145,拮,1
1052,块,3621,玦,1
1053,坚,820,哭,1
1053,坚,1472,尘,1
1053,坚,6253,里,1
1054,坛,2125,拓,1
1054,坛,4669,考,1
1054,坛,5609,记,1
1056,坝,1062,坦,1
1056,坝,3626,现,1
1056,坝,6715,顷,1
1057,坞,1045,坊,1
1057,坞,1102,垴,1
1057,坞,1119,埠,1
1057,坞,1464,将,1
1058,坟,95,交,1
1058,坟,1041,圾,1
1058,坟,2358,政,1
1058,坟,3616,玟,1
1058,坟,5349,蛟,1
1059,坠,794,哇,1
1059,坠,1139,堕,1
1059,坠,1519,岂,1
1060,坡,1115,埙,1
1060,坡,1174,墟,1
1060,坡,3631,玻,1
1060,坡,5496,被,1
1060,坡,5638,诐,1
1061,坤,1135,堌,1
1061,坤,2620,柚,1
1062,坦,1036,地,1
1062,坦,1091,垣,1
1062,坦,5628,诅,1
1063,坨,1036,地,1
1065,坪,1087,垟,1
1065,坪,1110,埒,1
1065,坪,2101,抨,1
1065,坪,5627,评,1
1066,坫,1031,圪,1
1066,坫,1034,圮,1
1066,坫,1045,坊,1
1067,坭,1268,妮,1
1068,坯,187,伾,1
1068,坯,1049,坏,1
1068,坯,1113,埗,1
1069,坳,2128,拗,1
1070,坶,1274,姆,1
1070,坶,2116,拇,1
1070,坶,2895,母,1
1071,坷,643,及,1
1071,坷,1030,圩,1
1071,坷,1039,场,1
1071,坷,1070,坶,1
1071,坷,1110,埒,1
1071,坷,5330,蚵,1
1071,坷,6669,靠,1
1072,坻,2105,抵,1
1072,坻,3618,玡,1
1072,坻,6932,魏,1
1073,坼,2115,拆,1
1074,垂,1095,垩,1
1074,垂,1272,妻,1
1074,垂,2594,枣,1
1074,垂,4930,色,1
1075,垃,1032,圬,1
1075,垃,1043,坂,1
1075,垃,1125,培,1
1075,垃,2139,拦,1
1076,垄,2547,杂,1
1076,垄,3918,盐,1
1076,垄,7182,龚,1
1077,垅,2135,拢,1
1078,垆,1038,圹,1
1079,型,1147,堲,1
1079,型,1179,壁,1
1080,垌,847,唰,1
1080,垌,1161,塮,1
1080,垌,2676,桐,1
1081,垍,2121,拍,1
1081,垍,3645,珥,1
1082,垒,1076,垄,1
1082,垒,2331,擂,1
1082,垒,3913,盉,1
1082,垒,4273,竺,1
1082,垒,4878,至,1
1082,垒,6256,量,1
1083,垓,1049,坏,1
1083,垓,1105,埃,1
1083,垓,1388,孩,1
1084,垕,223,侄,1
1085,垛,1403,守,1
1085,垛,2225,探,1
1085,垛,2633,柴,1
1087,垟,1119,埠,1
1088,垠,1142,堠,1
1088,垠,2660,根,1
1089,垡,195,体,1
1089,垡,1143,堡,1
1089,垡,5845,越,1
1090,垢,1173,增,1
1090,垢,2942,水,1
1090,垢,3632,珀,1
1090,垢,5653,诟,1
1091,垣,1063,坨,1
1091,垣,1097,垭,1
1091,垣,1123,埴,1
1091,垣,2678,桓,1
1091,垣,3080,洹,1
1091,垣,3399,烜,1
1091,垣,3638,珏,1
1092,垤,1049,坏,1
1093,垦,1082,垒,1
1094,垧,798,响,1
1094,垧,2607,枸,1
1096,垫,1865,怪,1
1096,垫,2178,挫,1
1096,垫,3409,热,1
1096,垫,5354,蛰,1
1098,垮,1155,塔,1
1098,垮,4504,绔,1
1098,垮,5517,裤,1
1099,垯,1140,堙,1
1099,垯,2167,挞,1
1099,垯,6687,鞑,1
1100,垱,2139,拦,1
1100,垱,2170,挡,1
1100,垱,3649,珰,1
1101,垲,1112,埕,1
1101,垲,1519,岂,1
1102,垴,1055,坜,1
1104,埂,1058,坟,1
1104,埂,2701,梗,1
1105,埃,1078,垆,1
1105,埃,1086,垞,1
1105,埃,1115,埙,1
1105,埃,1136,堍,1
1105,埃,2176,挨,1
1105,埃,5675,诶,1
1106,埇,1158,塥,1
1107,埋,1062,坦,1
1107,埋,1068,坯,1
1107,埋,1131,堆,1
1107,埋,1366,嬲,1
1107,埋,5683,课,1
1108,城,2023,戒,1
1108,城,5384,蜮,1
1109,埏,1722,延,1
1109,埏,2182,挺,1
1109,埏,3126,涎,1
1109,埏,5371,蜒,1
1110,埒,2189,捋,1
1110,埒,2692,桴,1
1111,埔,824,哺,1
1111,埔,1148,堵,1
1111,埔,2195,捕,1
1111,埔,5401,蝤,1
1111,埔,5989,辅,1
1112,埕,1092,垤,1
1113,埗,1144,堤,1
1114,埘,1064,坩,1
1115,埙,1144,堤,1
1115,埙,2197,损,1
1116,埚,1113,埗,1
1116,埚,1135,堌,1
1116,埚,5310,蚂,1
1117,埝,1136,堍,1
1117,埝,3697,璁,1
1118,域,1111,埔,1
1118,域,1122,埯,1
1118,域,5384,蜮,1
1118,域,5408,蝼,1
1119,埠,1065,坪,1
1119,埠,1120,埤,1
1119,埠,1141,堞,1
1119,埠,2191,捍,1
1119,埠,2203,捭,1
1119,埠,2731,棹,1
1120,埤,1057,坞,1
1120,埤,1061,坤,1
1120,埤,5519,裨,1
1121,埭,2724,棣,1
1122,埯,1123,埴,1
1122,埯,2230,掩,1
1123,埴,1081,垍,1
1123,埴,1091,垣,1
1124,埸,1116,埚,1
1124,埸,1128,埽,1
1124,埸,1152,塌,1
1125,培,1032,圬,1
1125,培,1075,垃,1
1125,培,1133,堉,1
1125,培,7138,黯,1
1126,基,5001,若,1
1126,基,5048,荃,1
1126,基,5267,薹,1
1127,埼,1098,垮,1
1127,埼,1113,埗,1
1127,埼,1568,崎,1
1127,埼,2218,掎,1
1129,堀,1090,垢,1
1130,堂,1084,垕,1
1130,堂,1236,奠,1
1130,堂,1475,尝,1
1130,堂,2626,查,1
1130,堂,4231,空,1
1130,堂,5587,誉,1
1131,堆,422,准,1
1131,堆,1142,堠,1
1131,堆,1942,惟,1
1131,堆,2229,推,1
1131,堆,2297,摊,1
1131,堆,2739,椎,1
1131,堆,4534,维,1
1131,堆,5582,訄,1
1131,堆,6621,雄,1
1133,堉,1127,埼,1
1133,堉,1169,墒,1
1133,堉,1173,增,1
1133,堉,4514,统,1
1134,堋,4537,绷,1
1135,堌,2869,殂,1
1135,堌,5383,蜩,1
1136,堍,1102,垴,1
1136,堍,1313,娩,1
1136,堍,2183,挽,1
1136,堍,3120,浼,1
1138,堑,2490,暂,1
1138,堑,4878,至,1
1138,堑,5975,轷,1
1139,堕,5909,踵,1
1141,堞,2259,揲,1
1141,堞,4452,纛,1
1143,堡,259,保,1
1143,堡,318,偻,1
1143,堡,1089,垡,1
1143,堡,1508,屡,1
1144,堤,1107,埋,1
1144,堤,2604,枵,1
1144,堤,3215,湜,1
1145,堪,1097,垭,1
1145,堪,1159,填,1
1146,堰,1091,垣,1
1147,堲,1079,型,1
1148,堵,1127,埼,1
1148,堵,1171,墙,1
1148,堵,1175,墦,1
1148,堵,2231,措,1
1148,堵,4229,穸,1
1148,堵,5677,诸,1
1150,塄,3708,璟,1
1151,塆,2228,控,1
1152,塌,1085,垛,1
1152,塌,1124,埸,1
1152,塌,3247,溻,1
1152,塌,3667,琨,1
1152,塌,4270,竭,1
1153,塍,1342,媵,1
1153,塍,4854,膛,1
1154,塑,1079,型,1
1154,塑,1162,塾,1
1154,塑,6968,鲣,1
1154,塑,7167,齑,1
1155,塔,426,凌,1
1155,塔,1098,垮,1
1155,塔,1125,培,1
1155,塔,1145,堪,1
1155,塔,2146,拯,1
1155,塔,4313,答,1
1156,塘,1098,垮,1
1156,塘,1167,墈,1
1156,塘,3517,犊,1
1156,塘,3835,痦,1
1157,塞,1176,墨,1
1157,塞,1418,宠,1
1157,塞,1422,室,1
1157,塞,1429,害,1
1157,塞,2287,搴,1
1157,塞,4175,秀,1
1157,塞,5919,蹇,1
1158,塥,922,嗝,1
1159,填,919,嗔,1
1159,填,1123,埴,1
1159,填,3252,滇,1
1159,填,3668,琪,1
1159,填,5138,萁,1
1160,塬,1351,嫖,1
1160,塬,5414,螈,1
1161,塮,1114,埘,1
1162,塾,1096,垫,1
1162,塾,7076,鹑,1
1165,境,1083,垓,1
1165,境,1117,埝,1
1165,境,1118,域,1
1165,境,1136,堍,1
1165,境,2091,抗,1
1166,墅,1059,坠,1
1166,墅,4301,笺,1
1166,墅,6255,野,1
1166,墅,7138,黯,1
1169,墒,1133,堉,1
1169,墒,3156,淆,1
1169,墒,7038,鸩,1
1170,墓,1126,基,1
1170,墓,2306,摹,1
1170,墓,5091,莙,1
1170,墓,5201,蓁,1
1171,墙,1148,堵,1
1173,增,1156,塘,1
1173,增,2192,捎,1
1173,增,4584,缩,1
1174,墟,388,冀,1
1174,墟,1105,埃,1
1175,墦,5439,蟠,1
1176,墨,2449,星,1
1176,墨,4619,罴,1
1177,墩,797,哌,1
1178,墼,4601,罄,1
1179,壁,438,凳,1
1179,壁,1364,嬖,1
1179,壁,1964,愍,1
1179,壁,6014,辟,1
1179,壁,6271,鐾,1
1180,壅,1713,廑,1
1180,壅,6627,雍,1
1181,壑,3982,睿,1
1182,壕,1351,嫖,1
1182,壕,2242,掾,1
1183,壤,2346,攘,1
1183,壤,2786,榱,1
1184,士,63,乜,1
1184,士,2053,扌,1
1184,士,3608,王,1
1185,壬,41,主,1
1185,壬,48,乇,1
1185,壬,1184,士,1
1185,壬,2052,手,1
1185,壬,4945,芏,1
1186,壮,1811,忆,1
1186,壮,1862,性,1
1186,壮,2061,扛,1
1186,壮,2559,杜,1
1186,壮,3359,灶,1
1186,壮,4730,肚,1
1187,声,53,乍,1
1187,声,98,产,1
1187,声,759,和,1
1187,声,2897,毐,1
1187,声,4941,芊,1
1188,壳,104,亮,1
1188,壳,361,克,1
1188,壳,713,启,1
1188,壳,868,啧,1
1188,壳,3231,溘,1
1189,壶,3915,盍,1
1189,壶,5172,葫,1
1189,壶,5294,虚,1
1190,壹,879,啻,1
1190,壹,3915,盍,1
1190,壹,6952,鲎,1
1190,壹,6963,鲞,1
1191,夂,47,久,1
1191,夂,1197,夕,1
1191,夂,3481,父,1
1192,处,2858,止,1
1193,备,699,吝,1
1193,备,700,吞,1
1193,备,6258,釜,1
1194,复,631,厦,1
1194,复,651,变,1
1194,复,1848,怎,1
1194,复,2029,戛,1
1194,复,3382,炱,1
1194,复,6648,霉,1
1195,夏,631,厦,1
1195,夏,651,变,1
1195,夏,654,叟,1
1195,夏,4229,穸,1
1197,夕,53,乍,1
1197,夕,452,分,1
1197,夕,547,勺,1
1197,夕,2380,文,1
1198,外,354,允,1
1198,外,3496,牙,1
1198,外,4894,舛,1
1199,夙,433,凤,1
1200,多,374,六,1
1200,多,779,咬,1
1200,多,1245,好,1
1200,多,3478,爰,1
1200,多,4607,罗,1
1201,夜,1680,庇,1
1201,夜,1701,庭,1
1201,夜,1940,惜,1
1201,夜,5051,荇,1
1201,夜,5093,莜,1
1201,夜,5471,衩,1
1202,够,305,假,1
1202,够,1576,崧,1
1202,够,1772,彬,1
1202,够,4810,脬,1
1202,够,6953,鲏,1
1202,够,7047,鸲,1
1204,夥,1775,影,1
1204,夥,7131,黟,1
1205,大,8,下,1
1205,大,1207,太,1
1205,大,1476,尢,1
1205,大,2535,木,1
1205,大,3353,火,1
1206,天,41,主,1
1206,天,355,元,1
1206,天,1208,夫,1
1206,天,1477,尤,1
1206,天,2979,沃,1
1206,天,3355,灭,1
1206,天,3476,爪,1
1206,天,3608,王,1
1207,太,657,古,1
1207,太,1205,大,1
1207,太,1208,夫,1
1207,太,1476,尢,1
1207,太,2021,成,1
1207,太,5072,荩,1
1208,夫,28,丧,1
1208,夫,413,决,1
1208,夫,595,卡,1
1208,夫,1471,尖,1
1208,夫,2537,末,1
1209,夬,595,卡,1
1209,夬,1208,夫,1
1209,夬,1217,夹,1
1209,夬,6503,长,1
1210,夭,25,丢,1
1210,夭,3353,火,1
1210,夭,4010,矢,1
1211,央,670,史,1
1211,央,728,呋,1
1211,央,1209,夬,1
1211,央,1217,夹,1
1211,央,1471,尖,1
1211,央,1824,忠,1
1211,央,4967,花,1
1211,央,5297,虫,1
1211,央,5785,贵,1
1212,夯,1187,声,1
1212,夯,1230,奔,1
1213,失,377,共,1
1213,失,413,决,1
1213,失,1217,夹,1
1213,失,2905,毛,1
1213,失,3370,炔,1
1213,失,3740,生,1
1213,失,4391,米,1
1214,头,140,以,1
1214,头,378,关,1
1214,头,413,决,1
1214,头,702,吠,1
1214,头,1208,夫,1
1214,头,1213,失,1
1215,夷,773,咦,1
1215,夷,1290,姨,1
1215,夷,3358,灵,1
1215,夷,4179,秉,1
1216,夸,139,令,1
1216,夸,375,兮,1
1216,夸,1686,库,1
1217,夹,377,共,1
1217,夹,728,呋,1
1217,夹,1208,夫,1
1217,夹,1209,夬,1
1217,夹,1214,头,1
1217,夹,1231,奕,1
1217,夹,2537,末,1
1217,夹,3486,爽,1
1218,夺,1223,奇,1
1218,夺,1458,寺,1
1218,夺,1460,导,1
1222,奄,1226,奋,1
1222,奄,3177,淹,1
1222,奄,4475,纶,1
1223,奇,796,哉,1
1223,奇,814,哥,1
1223,奇,1216,夸,1
1223,奇,1218,夺,1
1223,奇,1219,夼,1
1223,奇,1224,奈,1
1224,奈,627,原,1
1224,奈,1216,夸,1
1224,奈,1218,夺,1
1224,奈,1379,孛,1
1224,奈,2553,李,1
1224,奈,2630,柰,1
1224,奈,5082,荼,1
1225,奉,43,举,1
1225,奉,2148,拳,1
1225,奉,2451,春,1
1225,奉,2538,本,1
1225,奉,3509,牵,1
1225,奉,4189,秦,1
1225,奉,5012,茂,1
1226,奋,1108,城,1
1226,奋,1222,奄,1
1226,奋,1223,奇,1
1226,奋,1491,局,1
1226,奋,2573,杳,1
1226,奋,4699,耷,1
1227,奎,1222,奄,1
1227,奎,1233,套,1
1227,奎,6254,重,1
1227,奎,6258,釜,1
1228,奏,428,凑,1
1228,奏,478,券,1
1228,奏,1235,奚,1
1228,奏,1453,寨,1
1228,奏,2246,揍,1
1228,奏,4438,素,1
1229,契,3597,獒,1
1230,奔,1212,夯,1
1230,奔,1731,弄,1
1230,奔,1733,弈,1
1230,奔,4409,粪,1
1231,奕,1733,弈,1
1231,奕,2663,栾,1
1231,奕,4234,突,1
1232,奖,820,哭,1
1233,套,5307,虿,1
1233,套,5316,蚕,1
1235,奚,4626,美,1
1236,奠,1448,寞,1
1236,奠,2650,栗,1
1236,奠,3948,真,1
1236,奠,4626,美,1
1236,奠,5099,莫,1
1236,奠,5125,菟,1
1237,奢,898,喜,1
1237,奢,3982,睿,1
1237,奢,4056,砻,1
1237,奢,4353,箸,1
1237,奢,4370,篱,1
1238,奥,382,具,1
1238,奥,1229,契,1
1238,奥,3020,泉,1
1238,奥,4442,累,1
1238,奥,4877,臭,1
1239,奭,6836,驰,1
1240,女,126,仑,1
1240,女,644,友,1
1240,女,671,右,1
1240,女,1726,廿,1
1240,女,3498,牛,1
1240,女,4260,立,1
1241,奴,676,叹,1
1241,奴,1247,如,1
1241,奴,2359,故,1
1241,奴,2548,权,1
1242,奶,453,切,1
1242,奶,608,却,1
1242,奶,1245,好,1
1242,奶,1246,妁,1
1243,奸,1257,妖,1
1243,奸,1262,妤,1
1243,奸,5648,诚,1
1243,奸,5958,车,1
1243,奸,5961,轩,1
1243,奸,6156,郊,1
1244,她,2900,比,1
1245,好,1241,奴,1
1245,好,1242,奶,1
1245,好,1243,奸,1
1245,好,1246,妁,1
1245,好,1266,妪,1
1245,好,2359,故,1
1245,好,2867,歼,1
1247,如,66,也,1
1247,如,453,切,1
1247,如,1259,妙,1
1247,如,1269,妯,1
1247,如,5772,质,1
1248,妃,1242,奶,1
1248,妃,1244,她,1
1248,妃,1266,妪,1
1249,妄,851,唼,1
1249,妄,1263,妥,1
1249,妄,1302,娈,1
1249,妄,1404,安,1
1249,妄,1426,宫,1
1249,妄,1821,忘,1
1249,妄,2905,毛,1
1249,妄,4256,窭,1
1250,妆,358,兆,1
1250,妆,583,协,1
1250,妆,1827,忧,1
1250,妆,1901,恼,1
1250,妆,2078,找,1
1251,妇,1245,好,1
1251,妇,1247,如,1
1251,妇,2894,毋,1
1251,妇,3534,狂,1
1251,妇,4897,舟,1
1252,妈,1241,奴,1
1252,妈,1245,好,1
1252,妈,1246,妁,1
1252,妈,1248,妃,1
1252,妈,1262,妤,1
1252,妈,1318,娼,1
1252,妈,1357,嫣,1
1252,妈,5310,蚂,1
1252,妈,7073,鹎,1
1253,妊,151,任,1
1253,妊,1254,妍,1
1253,妊,1258,妗,1
1253,妊,5478,衽,1
1253,妊,6731,颇,1
1254,妍,1283,姘,1
1255,妒,1242,奶,1
1255,妒,1243,奸,1
1255,妒,1262,妤,1
1255,妒,5971,轳,1
1255,妒,6134,邦,1
1256,妓,2080,技,1
1256,妓,2558,杖,1
1256,妓,2591,枝,1
1256,妓,2863,歧,1
1257,妖,59,乔,1
1257,妖,1052,块,1
1257,妖,1253,妊,1
1257,妖,1265,妩,1
1257,妖,1286,姝,1
1257,妖,3536,狄,1
1257,妖,3693,瑶,1
1257,妖,4134,祆,1
1258,妗,1266,妪,1
1258,妗,1267,妫,1
1259,妙,459,划,1
1259,妙,553,匈,1
1259,妙,1241,奴,1
1259,妙,1245,好,1
1259,妙,1329,婳,1
1259,妙,2082,抄,1
1260,妞,1293,姻,1
1260,妞,2894,毋,1
1261,妣,1258,妗,1
1262,妤,1243,奸,1
1262,妤,1311,娣,1
1263,妥,572,医,1
1263,妥,1249,妄,1
1263,妥,1378,孚,1
1263,妥,1404,安,1
1263,妥,1519,岂,1
1263,妥,4301,笺,1
1263,妥,4883,舀,1
1263,妥,4930,色,1
1263,妥,6066,逆,1
1263,妥,6897,髅,1
1264,妨,1258,妗,1
1264,妨,1262,妤,1
1264,妨,1276,始,1
1264,妨,1278,姑,1
1265,妩,1254,妍,1
1265,妩,1257,妖,1
1266,妪,1284,姚,1
1266,妪,1291,姬,1
1267,妫,26,两,1
1268,妮,1248,妃,1
1268,妮,1289,姥,1
1268,妮,1864,怩,1
1268,妮,5770,账,1
1270,妲,1251,妇,1
1271,妹,1336,媒,1
1271,妹,3552,狭,1
1272,妻,421,凄,1
1273,妾,851,唼,1
1273,妾,898,喜,1
1273,妾,1285,姜,1
1273,妾,1302,娈,1
1273,妾,2897,毐,1
1273,妾,3773,番,1
1274,姆,1070,坶,1
1274,姆,1260,妞,1
1274,姆,2385,斓,1
1274,姆,2391,斟,1
1274,姆,3401,烟,1
1275,姊,1255,妒,1
1275,姊,1311,娣,1
1275,姊,1348,嫌,1
1276,始,164,优,1
1276,始,1246,妁,1
1276,始,1252,妈,1
1276,始,1257,妖,1
1276,始,1265,妩,1
1276,始,1278,姑,1
1276,始,1318,娼,1
1276,始,2545,朽,1
1277,姐,1251,妇,1
1277,姐,1293,姻,1
1277,姐,1304,娌,1
1277,姐,1318,娼,1
1277,姐,1482,尴,1
1277,姐,2424,旭,1
1277,姐,3544,狙,1
1277,姐,4186,租,1
1277,姐,4488,组,1
1277,姐,6566,阻,1
1277,姐,6621,雄,1
1278,姑,1245,好,1
1278,姑,1253,妊,1
1278,姑,1264,妨,1
1278,姑,3371,炕,1
1278,姑,3507,牯,1
1278,姑,4036,砗,1
1278,姑,4423,糌,1
1279,姒,1259,妙,1
1280,姓,1145,堪,1
1280,姓,1252,妈,1
1280,姓,1269,妯,1
1280,姓,1297,娃,1
1280,姓,1304,娌,1
1280,姓,5318,蚝,1
1281,委,1263,妥,1
1281,委,1302,娈,1
1282,姗,1267,妫,1
1283,姘,6803,饼,1
1285,姜,386,兼,1
1285,姜,1249,妄,1
1285,姜,1273,妾,1
1285,姜,1461,寿,1
1285,姜,4360,篓,1
1285,姜,4626,美,1
1285,姜,5083,荽,1
1287,姞,1357,嫣,1
1288,姣,1256,妓,1
1289,姥,1265,妩,1
1289,姥,1268,妮,1
1289,姥,1294,姽,1
1289,姥,1312,娥,1
1289,姥,1313,娩,1
1289,姥,1325,婞,1
1289,姥,6345,铑,1
1290,姨,1256,妓,1
1290,姨,1307,娘,1
1290,姨,1322,婊,1
1290,姨,1415,宜,1
1291,姬,1248,妃,1
1291,姬,1274,姆,1
1291,姬,1349,嫒,1
1291,姬,3378,炬,1
1291,姬,4014,矩,1
1292,姹,1304,娌,1
1293,姻,1260,妞,1
1293,姻,1274,姆,1
1293,姻,3401,烟,1
1293,姻,6527,阀,1
1294,姽,1313,娩,1
1294,姽,2669,桅,1
1295,姿,1263,妥,1
1295,姿,4302,笼,1
1296,威,567,匦,1
1296,威,1970,感,1
1296,威,2028,戚,1
1296,威,2538,本,1
1297,娃,1276,始,1
1297,娃,1278,姑,1
1297,娃,1287,姞,1
1297,娃,1289,姥,1
1297,娃,1292,姹,1
1298,娄,1273,妾,1
1298,娄,1281,委,1
1298,娄,1285,姜,1
1298,娄,1295,姿,1
1298,娄,1302,娈,1
1298,娄,2376,数,1
1298,娄,2553,李,1
1298,娄,3168,淡,1
1298,娄,4668,老,1
1298,娄,5002,苦,1
1299,娅,1097,垭,1
1299,娅,1247,如,1
1299,娅,1277,姐,1
1300,娆,1313,娩,1
1301,娇,1283,姘,1
1301,娇,4015,矫,1
1301,娇,5321,蚧,1
1301,娇,5983,轿,1
1302,娈,1273,妾,1
1302,娈,1281,委,1
1302,娈,1557,峦,1
1302,娈,1733,弈,1
1302,娈,3285,漤,1
1304,娌,1107,埋,1
1304,娌,1293,姻,1
1304,娌,1299,娅,1
1304,娌,1326,婢,1
1304,娌,3561,狸,1
1305,娑,3227,溇,1
1305,娑,4233,窀,1
1306,娓,1268,妮,1
1307,娘,1310,娠,1
1307,娘,1322,婊,1
1307,娘,1345,嫁,1
1307,娘,1832,忱,1
1307,娘,3413,烺,1
1307,娘,3431,煅,1
1307,娘,3564,狼,1
1307,娘,6773,飧,1
1308,娜,1255,妒,1
1308,娜,1359,嫩,1
1308,娜,2177,挪,1
1308,娜,5907,踯,1
1308,娜,6142,邴,1
1309,娟,1116,埚,1
1309,娟,1315,娲,1
1309,娟,1356,嫡,1
1309,娟,1561,峭,1
1309,娟,4918,艄,1
1310,娠,1090,垢,1
1310,娠,1307,娘,1
1310,娠,1322,婊,1
1310,娠,1329,婳,1
1310,娠,2179,振,1
1310,娠,5255,薅,1
1312,娥,1289,姥,1
1312,娥,1308,娜,1
1312,娥,2022,我,1
1312,娥,4072,硪,1
1312,娥,5361,蛾,1
1313,娩,1314,娱,1
1313,娩,1369,孀,1
1313,娩,2183,挽,1
1313,娩,2899,毓,1
1313,娩,3372,炖,1
1313,娩,6915,鬟,1
1314,娱,912,嗅,1
1314,娱,1115,埙,1
1314,娱,1347,嫉,1
1315,娲,1116,埚,1
1317,娶,1302,娈,1
1317,娶,4262,竖,1
1317,娶,6874,骛,1
1318,娼,1309,娟,1
1318,娼,1339,媪,1
1318,娼,1344,媾,1
1320,婆,2467,晏,1
1321,婉,1077,垅,1
1321,婉,1288,姣,1
1321,婉,1292,姹,1
1321,婉,1294,姽,1
1321,婉,1313,娩,1
1321,婉,1345,嫁,1
1321,婉,1414,宛,1
1321,婉,2709,梳,1
1322,婊,1338,媛,1
1323,婕,3519,犍,1
1324,婚,1335,婿,1
1326,婢,1331,婵,1
1328,婪,343,僰,1
1328,婪,2710,梵,1
1328,婪,5991,辇,1
1329,婳,1291,姬,1
1330,婴,1317,娶,1
1330,婴,1364,嬖,1
1330,婴,2902,毖,1
1331,婵,1354,嫜,1
1331,婵,4163,禅,1
1332,婶,1291,姬,1
1332,婶,1331,婵,1
1332,婶,2491,暄,1
1333,婷,1262,妤,1
1333,婷,1325,婞,1
1333,婷,1327,婧,1
1334,婺,4647,翌,1
1335,婿,1306,娓,1
1335,婿,1318,娼,1
1335,婿,4421,糈,1
1336,媒,1286,姝,1
1336,媒,1352,嫘,1
1337,媚,1242,奶,1
1337,媚,1309,娟,1
1337,媚,1327,婧,1
1337,媚,1335,婿,1
1337,媚,1585,嵋,1
1341,媳,1266,妪,1
1341,媳,1916,悠,1
1341,媳,3453,熜,1
1341,媳,5891,跽,1
1342,媵,5421,螣,1
1343,媸,1344,媾,1
1345,嫁,1286,姝,1
1345,嫁,1288,姣,1
1345,嫁,1350,嫔,1
1345,嫁,3670,琬,1
1346,嫂,1105,埃,1
1346,嫂,3242,溲,1
1346,嫂,3468,燠,1
1347,嫉,1142,堠,1
1347,嫉,1310,娠,1
1347,嫉,1348,嫌,1
1348,嫌,1304,娌,1
1348,嫌,1589,嵘,1
1349,嫒,1313,娩,1
1350,嫔,1314,娱,1
1350,嫔,1332,婶,1
1351,嫖,5428,螵,1
1352,嫘,3473,爆,1
1354,嫜,1325,婞,1
1354,嫜,1332,婶,1
1354,嫜,1598,嶂,1
1356,嫡,1333,婷,1
1356,嫡,1362,嫱,1
1356,嫡,2300,摘,1
1356,嫡,4219,稿,1
1361,嫫,3595,獏,1
1362,嫱,1356,嫡,1
1363,嬉,1291,姬,1
1363,嬉,1325,婞,1
1364,嬖,511,劈,1
1367,嬴,3729,瓻,1
1370,子,75,了,1
1370,子,76,予,1
1370,子,81,于,1
1370,子,1667,干,1
1370,子,3082,活,1
1370,子,3607,玉,1
1371,孑,449,刁,1
1371,孑,6771,飞,1
1373,孔,20,业,1
1373,孔,73,乳,1
1373,孔,2055,扎,1
1373,孔,2434,旻,1
1373,孔,5959,轧,1
1374,孕,395,再,1
1374,孕,401,军,1
1374,孕,1470,尕,1
1375,字,95,交,1
1375,字,1374,孕,1
1375,字,1379,孛,1
1375,字,1410,宗,1
1375,字,4675,耍,1
1375,字,5581,言,1
1376,存,126,仑,1
1376,存,671,右,1
1377,孙,461,列,1
1377,孙,1373,孔,1
1378,孚,814,哥,1
1380,孜,2357,放,1
1380,孜,2358,政,1
1380,孜,2367,教,1
1380,孜,2842,欢,1
1380,孜,4023,矽,1
1380,孜,4028,砂,1
1380,孜,6838,驳,1
1381,孝,14,专,1
1381,孝,1384,季,1
1381,孝,5054,荐,1
1381,孝,5148,萘,1
1382,孟,2941,氲,1
1382,孟,3358,灵,1
1382,孟,3910,盅,1
1384,季,1378,孚,1
1384,季,1731,弄,1
1384,季,4175,秀,1
1385,孤,1094,垧,1
1385,孤,1377,孙,1
1385,孤,2076,扺,1
1385,孤,4762,胍,1
1385,孤,5131,菰,1
1386,孥,1748,弩,1
1386,孥,4606,罕,1
1387,学,1374,孕,1
1387,学,1375,字,1
1387,学,2164,挚,1
1387,学,5946,躇,1
1387,学,6093,逻,1
1388,孩,3120,浼,1
1388,孩,5659,该,1
1388,孩,6846,驻,1
1389,孪,99,亨,1
1389,孪,1302,娈,1
1389,孪,1378,孚,1
1389,孪,1751,弯,1
1389,孪,2896,每,1
1391,孰,520,劢,1
1391,孰,1462,封,1
1391,孰,2983,沈,1
1391,孰,3730,瓿,1
1391,孰,5759,貌,1
1391,孰,5962,轪,1
1391,孰,6173,郭,1
1395,孺,2336,擒,1
1395,孺,4433,糯,1
1395,孺,5548,襦,1
1396,孽,1364,嬖,1
1396,孽,1393,孳,1
1396,孽,4449,繄,1
1396,孽,5097,莩,1
1397,宀,6554,阝,1
1398,宁,57,乒,1
1398,宁,76,予,1
1398,宁,80,亍,1
1398,宁,1375,字,1
1398,宁,1410,宗,1
1398,宁,1738,弓,1
1398,宁,3032,泞,1
1398,宁,3490,片,1
1399,它,126,仑,1
1399,它,1401,宅,1
1399,它,1413,定,1
1399,它,1472,尘,1
1399,它,3114,浪,1
1399,它,5554,见,1
1399,它,6780,饣,1
1400,宄,1418,宠,1
1400,宄,1685,庑,1
1401,宅,106,亳,1
1401,宅,1399,它,1
1401,宅,1406,完,1
1401,宅,1416,宝,1
1401,宅,1425,宪,1
1401,宅,1429,害,1
1401,宅,1436,宾,1
1401,宅,1472,尘,1
1401,宅,3362,灾,1
1401,宅,3753,电,1
1401,宅,6273,钅,1
1404,安,1249,妄,1
1404,安,1407,宏,1
1404,安,1412,宙,1
1404,安,2616,染,1
1404,安,3750,由,1
1404,安,3948,真,1
1405,宋,1375,字,1
1405,宋,1403,守,1
1405,宋,1417,实,1
1405,宋,1432,家,1
1405,宋,1790,律,1
1405,宋,2541,朱,1
1406,完,405,冤,1
1406,完,4227,究,1
1406,完,4232,穿,1
1407,宏,1400,宄,1
1407,宏,1409,宕,1
1407,宏,1427,宬,1
1407,宏,1768,彦,1
1407,宏,4280,笊,1
1407,宏,5297,虫,1
1408,宓,1407,宏,1
1408,宓,1412,宙,1
1408,宓,1418,宠,1
1408,宓,1810,必,1
1409,宕,1407,宏,1
1409,宕,5164,著,1
1410,宗,102,京,1
1410,宗,105,亲,1
1410,宗,198,佘,1
1410,宗,1405,宋,1
1410,宗,1836,忽,1
1410,宗,2590,果,1
1410,宗,3164,淙,1
1411,官,1424,宦,1
1411,官,1430,宴,1
1411,官,1433,宸,1
1411,官,1435,宽,1
1411,官,4231,空,1
1412,宙,100,亩,1
1412,宙,371,全,1
1412,宙,1419,审,1
1412,宙,1691,庙,1
1413,定,55,乏,1
1413,定,402,农,1
1413,定,1406,完,1
1413,定,1410,宗,1
1413,定,1433,宸,1
1413,定,3153,淀,1
1413,定,3362,灾,1
1413,定,4260,立,1
1413,定,5875,跟,1
1413,定,6021,辶,1
1414,宛,397,冕,1
1414,宛,724,呃,1
1414,宛,3362,灾,1
1414,宛,4243,窕,1
1414,宛,4986,苑,1
1415,宜,88,亘,1
1415,宜,100,亩,1
1415,宜,2978,沂,1
1415,宜,3933,直,1
1415,宜,5457,血,1
1415,宜,6935,鱼,1
1416,宝,217,佶,1
1416,宝,1399,它,1
1416,宝,1406,完,1
1416,宝,1411,官,1
1416,宝,1413,定,1
1416,宝,1424,宦,1
1416,宝,4233,窀,1
1416,宝,5300,虱,1
1417,实,71,买,1
1417,实,383,典,1
1417,实,1221,奂,1
1417,实,1425,宪,1
1417,实,1489,尾,1
1418,宠,1408,宓,1
1418,宠,1425,宪,1
1418,宠,1434,容,1
1418,宠,5292,虑,1
1419,审,168,伞,1
1419,审,1404,安,1
1419,审,3502,牢,1
1419,审,3751,甲,1
1419,审,6131,邡,1
1420,客,1422,室,1
1420,客,1429,害,1
1420,客,3724,瓮,1
1420,客,3982,睿,1
1420,客,4230,穹,1
1420,客,4240,窍,1
1420,客,4244,窖,1
1420,客,7183,龛,1
1421,宣,1413,定,1
1421,宣,1415,宜,1
1421,宣,1424,宦,1
1421,宣,3895,皇,1
1421,宣,3933,直,1
1421,宣,3938,省,1
1421,宣,4237,窅,1
1421,宣,4245,窗,1
1421,宣,4273,竺,1
1421,宣,6935,鱼,1
1422,室,401,军,1
1422,室,1046,坌,1
1422,室,1157,塞,1
1422,室,1401,宅,1
1422,室,1416,宝,1
1422,室,1421,宣,1
1422,室,1430,宴,1
1422,室,1432,家,1
1422,室,2908,毫,1
1422,室,3823,痊,1
1422,室,4234,突,1
1424,宦,1415,宜,1
1424,宦,2935,氨,1
1424,宦,5289,虎,1
1424,宦,6615,隹,1
1425,宪,366,兖,1
1425,宪,4227,究,1
1425,宪,6652,霓,1
1426,宫,1436,宾,1
1426,宫,1443,富,1
1426,宫,4290,笤,1
1427,宬,1438,寂,1
1428,宰,3502,牢,1
1428,宰,3981,睾,1
1428,宰,4247,窜,1
1428,宰,4614,罩,1
1429,害,387,兽,1
1429,害,1411,官,1
1429,害,1420,客,1
1429,害,4890,舍,1
1430,宴,1443,富,1
1430,宴,4256,窭,1
1430,宴,5522,裳,1
1431,宵,1423,宥,1
1431,宵,1443,富,1
1431,宵,2519,曾,1
1431,宵,4247,窜,1
1431,宵,4740,肩,1
1431,宵,4753,肾,1
1431,宵,4804,脔,1
1431,宵,5477,衷,1
1431,宵,6644,霄,1
1432,家,1761,彖,1
1432,家,3020,泉,1
1432,家,4233,窀,1
1433,宸,2175,挦,1
1434,容,1433,宸,1
1434,容,1437,宿,1
1434,容,3963,着,1
1434,容,3982,睿,1
1434,容,4230,穹,1
1434,容,4231,空,1
1434,容,4240,窍,1
1434,容,5129,菩,1
1434,容,5581,言,1
1435,宽,356,兄,1
1435,宽,779,咬,1
1435,宽,1418,宠,1
1435,宽,1424,宦,1
1435,宽,1425,宪,1
1435,宽,1440,寅,1
1435,宽,5785,贵,1
1435,宽,6652,霓,1
1436,宾,380,兵,1
1436,宾,1238,奥,1
1436,宾,1417,实,1
1436,宾,3360,灸,1
1436,宾,3362,灾,1
1437,宿,1684,庐,1
1437,宿,4245,窗,1
1437,宿,5221,蓿,1
1438,寂,1427,宬,1
1438,寂,3791,疚,1
1439,寄,103,亭,1
1439,寄,400,写,1
1439,寄,1410,宗,1
1439,寄,1531,岛,1
1439,寄,2287,搴,1
1439,寄,2381,斋,1
1439,寄,2404,旁,1
1439,寄,4237,窅,1
1439,寄,4528,绮,1
1439,寄,5583,訇,1
1440,寅,1424,宦,1
1440,寅,1446,寓,1
1440,寅,3909,盂,1
1440,寅,5775,贫,1
1441,密,948,嘘,1
1441,密,1407,宏,1
1441,密,1426,宫,1
1441,密,1557,峦,1
1441,密,4241,窑,1
1441,密,5465,衡,1
1442,寇,37,丶,1
1442,寇,403,冠,1
1442,寇,1157,塞,1
1442,寇,1771,彪,1
1443,富,1415,宜,1
1443,富,3497,牚,1
1444,寐,4239,窈,1
1444,寐,4406,粢,1
1444,寐,6015,辣,1
1445,寒,2594,枣,1
1445,寒,4327,筹,1
1445,寒,5072,荩,1
1445,寒,5540,褰,1
1445,寒,5821,赛,1
1445,寒,6638,零,1
1446,寓,1683,序,1
1446,寓,4228,穷,1
1446,寓,4235,窃,1
1446,寓,6902,高,1
1447,寝,3826,痔,1
1447,寝,5788,贸,1
1447,寝,6645,霆,1
1448,寞,6652,霓,1
1448,寞,7143,鼋,1
1449,察,1386,孥,1
1449,察,1454,寮,1
1449,察,4152,祭,1
1449,察,4242,窒,1
1449,察,4258,窸,1
1449,察,4571,缛,1
1450,寡,4631,羞,1
1450,寡,5192,蒡,1
1450,寡,5590,謇,1
1451,寤,601,卩,1
1452,寥,1445,寒,1
1452,寥,1716,廖,1
1452,寥,5220,蓼,1
1453,寨,1544,岽,1
1453,寨,3407,烫,1
1453,寨,6877,骞,1
1454,寮,1420,客,1
1454,寮,5377,蜜,1
1456,寸,76,予,1
1456,寸,81,于,1
1456,寸,2054,才,1
1457,对,6125,邓,1
1458,寺,1379,孛,1
1458,寺,1459,寻,1
1458,寺,4942,芋,1
1458,寺,5830,赤,1
1458,寺,5958,车,1
1459,寻,1760,录,1
1459,寻,3496,牙,1
1459,寻,6835,驯,1
1460,导,1458,寺,1
1460,导,6020,辱,1
1461,寿,103,亭,1
1461,寿,478,券,1
1461,寿,1225,奉,1
1461,寿,1228,奏,1
1461,寿,1381,孝,1
1462,封,1465,尉,1
1462,封,3320,澍,1
1462,封,4457,纣,1
1462,封,5077,荮,1
1462,封,6679,靺,1
1463,射,5754,豺,1
1463,射,5955,躲,1
1464,将,1874,恃,1
1464,将,2200,捣,1
1464,将,2242,掾,1
1464,将,2661,格,1
1464,将,3089,浆,1
1464,将,3132,涛,1
1464,将,3550,狩,1
1464,将,3555,狰,1
1465,尉,2389,斜,1
1465,尉,6572,附,1
1466,尊,1393,孳,1
1466,尊,2663,栾,1
1466,尊,2723,棠,1
1466,尊,2934,氧,1
1466,尊,5254,薄,1
1467,小,56,乐,1
1467,小,1370,子,1
1467,小,1371,孑,1
1467,小,2942,水,1
1467,小,4933,艹,1
1468,少,1398,宁,1
1468,少,1514,山,1
1469,尔,584,卑,1
1469,尔,1374,孕,1
1469,尔,1375,字,1
1469,尔,1378,孚,1
1469,尔,2945,氽,1
1469,尔,3386,点,1
1469,尔,4293,笨,1
1469,尔,5762,贝,1
1470,尕,1374,孕,1
1470,尕,1490,尿,1
1471,尖,413,决,1
1471,尖,1209,夬,1
1471,尖,1213,失,1
1471,尖,1232,奖,1
1471,尖,4010,矢,1
1472,尘,41,主,1
1472,尘,1033,圭,1
1472,尘,1050,坐,1
1472,尘,1074,垂,1
1472,尘,1471,尖,1
1472,尘,4391,米,1
1473,尚,284,倘,1
1473,尚,857,商,1
1473,尚,1226,奋,1
1473,尚,1527,岗,1
1473,尚,1534,岣,1
1473,尚,2538,本,1
1473,尚,3123,消,1
1473,尚,4745,肯,1
1474,尜,1823,忝,1
1475,尝,402,农,1
1475,尝,1406,完,1
1475,尝,3124,涉,1
1475,尝,5094,莞,1
1475,尝,5587,誉,1
1476,尢,64,九,1
1476,尢,1808,心,1
1477,尤,360,光,1
1477,尤,361,克,1
1477,尤,2416,无,1
1477,尤,4668,老,1
1479,尧,356,兄,1
1479,尧,363,兑,1
1479,尧,2514,曳,1
1480,尬,1001,四,1
1481,就,1214,头,1
1481,就,1741,弘,1
1481,就,3532,犹,1
1481,就,3586,献,1
1482,尴,2797,槛,1
1482,尴,3269,滥,1
1482,尴,4428,糙,1
1483,尸,1197,夕,1
1483,尸,1206,天,1
1483,尸,1676,广,1
1483,尸,3751,甲,1
1484,尹,698,君,1
1484,尹,1459,寻,1
1484,尹,1483,尸,1
1484,尹,3365,炅,1
1484,尹,3751,甲,1
1485,尺,641,又,1
1485,尺,1206,天,1
1485,尺,2920,民,1
1485,尺,3782,疋,1
1485,尺,4976,苁,1
1485,尺,5554,见,1
1485,尺,5598,认,1
1487,尼,689,后,1
1487,尼,698,君,1
1487,尼,1489,尾,1
1487,尼,1813,忌,1
1487,尼,2900,比,1
1487,尼,2920,民,1
1487,尼,3378,炬,1
1488,尽,700,吞,1
1488,尽,1487,尼,1
1489,尾,1499,屋,1
1489,尾,2449,星,1
1489,尾,6273,钅,1
1490,尿,1467,小,1
1490,尿,1498,届,1
1490,尿,1499,屋,1
1490,尿,1509,屣,1
1490,尿,2079,承,1
1490,尿,2407,旅,1
1490,尿,2463,晁,1
1490,尿,3754,男,1
1491,局,1495,居,1
1491,局,1505,屙,1
1491,局,4331,简,1
1491,局,4992,苘,1
1492,屁,1486,尻,1
1492,屁,1487,尼,1
1492,屁,1680,庇,1
1492,屁,2041,戽,1
1492,屁,4967,花,1
1493,层,1233,套,1
1493,层,1496,屈,1
1493,层,1499,屋,1
1493,层,2980,沄,1
1493,层,5339,蛋,1
1494,屃,5772,质,1
1495,居,830,唇,1
1495,居,1281,委,1
1495,居,1493,层,1
1495,居,1503,屑,1
1496,屈,1494,屃,1
1496,屈,1497,屉,1
1496,屈,3423,焙,1
1496,屈,5011,茁,1
1496,屈,5307,虿,1
1497,屉,1487,尼,1
1498,届,1495,居,1
1498,届,1496,屈,1
1498,届,1503,屑,1
1498,届,1691,庙,1
1499,屋,244,侯,1
1499,屋,446,函,1
1499,屋,1092,垤,1
1499,屋,1496,屈,1
1499,屋,1686,库,1
1499,屋,3783,疍,1
1499,屋,4988,苓,1
1500,屎,3514,犀,1
1500,屎,3836,痧,1
1501,屏,204,佞,1
1501,屏,1489,尾,1
1501,屏,1500,屎,1
1501,屏,1729,异,1
1501,屏,4641,羼,1
1502,屐,1511,屦,1
1503,屑,252,俏,1
1503,屑,1133,堉,1
1503,屑,1169,墒,1
1503,屑,1507,屠,1
1503,屑,4862,膺,1
1504,展,1507,屠,1
1504,展,2051,扊,1
1504,展,6775,餍,1
1504,展,7104,鹿,1
1506,属,1493,层,1
1506,属,4170,禹,1
1506,属,6562,阳,1
1507,屠,1392,孱,1
1507,屠,1437,宿,1
1507,屠,1506,属,1
1508,屡,631,厦,1
1508,屡,1507,屠,1
1508,屡,1511,屦,1
1508,屡,4641,羼,1
1508,屡,6270,鏖,1
1510,履,631,厦,1
1510,履,1502,屐,1
1510,履,1506,属,1
1510,履,2890,殿,1
1510,履,5553,覆,1
1512,屮,1810,必,1
1512,屮,3015,沾,1
1513,屯,707,吨,1
1514,山,2860,此,1
1515,屹,1566,崆,1
1515,屹,5560,览,1
1516,屺,1864,怩,1
1517,屿,1568,崎,1
1517,屿,3510,特,1
1517,屿,7059,鸿,1
1518,岁,68,乡,1
1518,岁,443,出,1
1518,岁,647,发,1
1518,岁,1524,岑,1
1518,岁,2865,歹,1
1518,岁,3379,炭,1
1518,岁,4607,罗,1
1519,岂,360,光,1
1519,岂,4284,笔,1
1519,岂,4946,芑,1
1519,岂,4995,苞,1
1520,岈,1522,岍,1
1521,岌,4006,矍,1
1521,岌,4958,芨,1
1522,岍,1254,妍,1
1522,岍,1520,岈,1
1523,岐,1558,峧,1
1524,岑,1543,岸,1
1524,岑,4629,羚,1
1524,岑,4959,芩,1
1525,岔,1838,忿,1
1525,岔,1858,怠,1
1525,岔,6095,逾,1
1526,岖,1266,妪,1
1526,岖,1516,屺,1
1526,岖,1520,岈,1
1526,岖,1547,峂,1
1526,岖,1851,怔,1
1526,岖,2900,比,1
1527,岗,737,呙,1
1527,岗,1521,岌,1
1527,岗,3938,省,1
1527,岗,4992,苘,1
1527,岗,6070,逍,1
1530,岚,1527,岗,1
1531,岛,2444,易,1
1531,岛,4235,窃,1
1534,岣,798,响,1
1534,岣,1551,峒,1
1534,岣,2466,晌,1
1535,岩,379,兴,1
1535,岩,1409,宕,1
1535,岩,4044,砦,1
1535,岩,4740,肩,1
1537,岬,33,中,1
1538,岭,741,呤,1
1538,岭,1563,峻,1
1538,岭,1856,怜,1
1538,岭,5337,蛉,1
1539,岱,5787,贷,1
1540,岳,25,丢,1
1540,岳,380,兵,1
1540,岳,2864,歪,1
1540,岳,4170,禹,1
1540,岳,4883,舀,1
1540,岳,6250,采,1
1541,岵,1517,屿,1
1541,岵,1638,帖,1
1541,岵,3269,滥,1
1542,岷,3949,眠,1
1543,岸,1461,寿,1
1543,岸,2041,戽,1
1543,岸,4275,竿,1
1543,岸,5031,茝,1
1544,岽,2689,桨,1
1544,岽,5042,茶,1
1545,岿,1577,崩,1
1545,岿,4008,矛,1
1545,岿,4270,竭,1
1546,峁,5016,茆,1
1548,峃,5777,购,1
1548,峃,7168,齿,1
1549,峄,1562,峰,1
1549,峄,2472,晖,1
1550,峋,1534,岣,1
1551,峒,3381,炯,1
1552,峙,1589,嵘,1
1552,峙,5645,诗,1
1553,峡,1217,夹,1
1553,峡,1542,岷,1
1553,峡,3004,沫,1
1553,峡,5355,蛱,1
1554,峣,3404,烧,1
1555,峤,1574,崤,1
1557,峦,2945,氽,1
1557,峦,6917,鬯,1
1558,峧,1288,姣,1
1558,峧,1520,岈,1
1558,峧,1572,崞,1
1559,峨,815,哦,1
1559,峨,1542,岷,1
1560,峪,255,俗,1
1560,峪,795,哈,1
1560,峪,1555,峤,1
1560,峪,3936,盼,1
1560,峪,5878,跨,1
1560,峪,6626,雌,1
1561,峭,1552,峙,1
1562,峰,1556,峥,1
1562,峰,1871,怿,1
1562,峰,3065,洚,1
1562,峰,3173,淮,1
1563,峻,650,受,1
1563,峻,829,唆,1
1563,峻,935,嗲,1
1563,峻,1517,屿,1
1563,峻,1538,岭,1
1563,峻,1560,峪,1
1563,峻,5406,蝶,1
1566,崆,1538,岭,1
1566,崆,1589,嵘,1
1567,崇,1387,学,1
1567,崇,1441,密,1
1567,崇,1449,察,1
1567,崇,1454,寮,1
1567,崇,1535,岩,1
1567,崇,2217,掌,1
1567,崇,4402,粜,1
1567,崇,4438,素,1
1567,崇,4747,育,1
1568,崎,1517,屿,1
1568,崎,2863,歧,1
1568,崎,3287,漪,1
1569,崔,1570,崖,1
1569,崔,3379,炭,1
1569,崔,3938,省,1
1569,崔,4005,瞿,1
1569,崔,4740,肩,1
1570,崖,5323,蚩,1
1570,崖,6254,重,1
1570,崖,6619,雀,1
1571,崛,1129,堀,1
1573,崟,4242,窒,1
1573,崟,6254,重,1
1573,崟,6257,金,1
1573,崟,6258,釜,1
1573,崟,6259,鉴,1
1574,崤,1561,峭,1
1574,崤,6665,靖,1
1577,崩,42,丽,1
1577,崩,1134,堋,1
1577,崩,1545,岿,1
1577,崩,2525,朋,1
1578,崭,1586,嵌,1
1578,崭,1590,嵚,1
1578,崭,2400,新,1
1578,崭,4374,簃,1
1578,崭,4380,簖,1
1578,崭,6309,钫,1
1578,崭,6674,靰,1
1579,崮,1023,圈,1
1581,崽,1918,患,1
1581,崽,5179,葸,1
1582,崾,1589,嵘,1
1582,崾,3965,睃,1
1585,嵋,848,唱,1
1585,嵋,855,啃,1
1586,嵌,1590,嵚,1
1586,嵌,2854,歇,1
1586,嵌,5100,莰,1
1586,嵌,5237,蔽,1
1587,嵎,883,喁,1
1589,嵘,1564,崂,1
1590,嵚,1586,嵌,1
1590,嵚,1605,巍,1
1591,嵛,4350,箭,1
1592,嵝,909,喽,1
1593,嵩,5200,蒿,1
1594,嵫,948,嘘,1
1594,嵫,956,嘧,1
1596,嵯,924,嗟,1
1596,嵯,2793,槎,1
1597,嵴,1594,嵫,1
1602,嶷,944,嘉,1
1602,嶷,6964,鲟,1
1605,巍,4252,窥,1
1607,川,32,丬,1
1607,川,352,儿,1
1607,川,463,则,1
1607,川,678,叼,1
1607,川,2442,明,1
1608,州,454,刈,1
1608,州,663,叫,1
1608,州,704,吣,1
1608,州,1161,塮,1
1608,州,1250,妆,1
1608,州,1812,忉,1
1608,州,1900,恻,1
1608,州,3369,炒,1
1608,州,3529,状,1
1608,州,4432,糨,1
1608,州,6704,韨,1
1609,巡,5472,衫,1
1609,巡,6076,逖,1
1610,巢,1544,岽,1
1610,巢,2723,棠,1
1610,巢,4295,笫,1
1610,巢,4338,算,1
1610,巢,4366,篥,1
1610,巢,4387,簿,1
1611,工,92,亠,1
1611,工,407,冫,1
1611,工,568,匪,1
1611,工,602,卫,1
1611,工,1027,土,1
1612,左,64,九,1
1612,左,1029,在,1
1612,左,1084,垕,1
1612,左,3422,焘,1
1612,左,5958,车,1
1613,巧,409,冯,1
1614,巨,18,丘,1
1614,巨,84,互,1
1614,巨,564,匠,1
1614,巨,565,匡,1
1614,巨,672,叵,1
1614,巨,4873,臣,1
1614,巨,4999,苣,1
1614,巨,6124,邑,1
1615,巩,6506,闪,1
1616,巫,24,丞,1
1616,巫,2554,杏,1
1617,差,886,善,1
1618,巯,3656,琉,1
1619,己,561,匚,1
1619,己,1622,巴,1
1619,己,3608,王,1
1620,已,4937,艿,1
1621,巳,6023,辽,1
1622,巴,568,匪,1
1622,巴,1514,山,1
1622,巴,1620,已,1
1623,巷,2710,梵,1
1623,巷,5021,茎,1
1623,巷,5203,蓄,1
1623,巷,6640,雹,1
1624,巽,966,噀,1
1625,巾,517,功,1
1625,巾,677,叻,1
1626,币,53,乍,1
1626,币,146,仲,1
1626,币,4174,禾,1
1626,币,5550,西,1
1627,市,57,乒,1
1627,市,97,亦,1
1627,市,452,分,1
1627,市,1626,币,1
1627,市,1691,庙,1
1627,市,2401,方,1
1628,布,518,加,1
1628,布,1029,在,1
1628,布,1626,币,1
1628,布,1627,市,1
1628,布,4938,节,1
1628,布,4969,芴,1
1628,布,5016,茆,1
1629,帅,577,卅,1
1629,帅,677,叻,1
1629,帅,1669,年,1
1629,帅,1812,忉,1
1629,帅,1825,忡,1
1629,帅,1866,怫,1
1629,帅,4814,脶,1
1629,帅,6668,非,1
1630,帆,1634,帐,1
1630,帆,5309,蚁,1
1630,帆,5314,蚍,1
1630,帆,5375,蜘,1
1631,师,1839,怀,1
1631,师,1853,怖,1
1631,师,2976,汾,1
1632,希,4247,窜,1
1632,希,4975,芾,1
1632,希,6152,郄,1
1633,帏,1640,帙,1
1634,帐,1640,帙,1
1634,帐,5314,蚍,1
1635,帑,524,努,1
1635,帑,1650,帱,1
1636,帔,1060,坡,1
1636,帔,1635,帑,1
1636,帔,1659,幌,1
1637,帕,869,啪,1
1637,帕,2094,抛,1
1638,帖,1633,帏,1
1638,帖,1634,帐,1
1638,帖,1636,帔,1
1638,帖,1637,帕,1
1638,帖,1847,怍,1
1638,帖,3016,沿,1
1638,帖,3207,湉,1
1638,帖,3398,烛,1
1638,帖,5350,蛤,1
1639,帘,1635,帑,1
1639,帘,1642,帛,1
1639,帘,3502,牢,1
1639,帘,4228,穷,1
1639,帘,4236,窄,1
1639,帘,4247,窜,1
1639,帘,4248,窝,1
1639,帘,4296,第,1
1640,帙,1636,帔,1
1640,帙,1643,帜,1
1640,帙,1849,怏,1
1641,帚,1652,常,1
1642,帛,35,串,1
1642,帛,584,卑,1
1642,帛,1531,岛,1
1642,帛,1743,弟,1
1642,帛,3020,泉,1
1642,帛,3754,男,1
1643,帜,1634,帐,1
1643,帜,1638,帖,1
1643,帜,2603,枳,1
1643,帜,5322,蚨,1
1643,帜,5778,贮,1
1644,帝,1187,声,1
1644,帝,1639,帘,1
1644,帝,1641,帚,1
1644,帝,1648,席,1
1645,帡,4791,胼,1
1646,带,530,劳,1
1646,带,1623,巷,1
1646,带,1628,布,1
1646,带,1652,常,1
1646,带,5004,苯,1
1646,带,5015,茅,1
1646,带,5504,装,1
1646,带,7139,黹,1
1647,帧,1651,帷,1
1647,帧,1859,怡,1
1647,帧,5366,蜈,1
1647,帧,5373,蜕,1
1647,帧,5384,蜮,1
1647,帧,7042,鸭,1
1648,席,102,京,1
1648,席,1627,市,1
1648,席,1639,帘,1
1648,席,1683,序,1
1648,席,1706,庸,1
1648,席,2043,房,1
1648,席,2050,扉,1
1648,席,5290,虏,1
1648,席,7105,麂,1
1649,帮,524,努,1
1649,帮,532,势,1
1649,帮,1635,帑,1
1649,帮,6134,邦,1
1651,帷,2739,椎,1
1652,常,1646,带,1
1653,帻,1647,帧,1
1654,帼,5392,蝈,1
1655,帽,1658,幅,1
1655,帽,5812,赐,1
1656,幂,2444,易,1
1656,幂,2502,暴,1
1656,幂,3897,皋,1
1656,幂,4247,窜,1
1657,幄,1958,惺,1
1658,幅,36,临,1
1658,幅,5399,蝠,1
1658,幅,6598,陷,1
1659,幌,1304,娌,1
1659,幌,3435,煜,1
1659,幌,5698,谎,1
1660,幔,1658,幅,1
1660,幔,1856,怜,1
1660,幔,1985,慢,1
1661,幕,1983,慕,1
1661,幕,2306,摹,1
1661,幕,2501,暮,1
1661,幕,3897,皋,1
1661,幕,5204,蓇,1
1662,幛,1665,幢,1
1664,幡,1599,嶓,1
1664,幡,3466,燔,1
1665,幢,1637,帕,1
1665,幢,1653,帻,1
1665,幢,1657,幄,1
1666,幪,2534,朦,1
1666,幪,5189,蒙,1
1666,幪,5448,蠓,1
1667,干,8,下,1
1667,干,575,十,1
1667,干,2386,斗,1
1667,干,4178,秆,1
1668,平,27,严,1
1668,平,1484,尹,1
1668,平,2537,末,1
1668,平,2901,毕,1
1668,平,3498,牛,1
1668,平,4719,肀,1
1668,平,5468,衤,1
1669,年,77,争,1
1669,年,579,午,1
1669,年,1405,宋,1
1669,年,3498,牛,1
1669,年,3509,牵,1
1669,年,5958,车,1
1670,并,378,关,1
1670,并,1728,弁,1
1670,并,1729,异,1
1670,并,1731,弄,1
1670,并,5660,详,1
1671,幸,101,享,1
1671,幸,1224,奈,1
1671,幸,1458,寺,1
1672,幺,11,与,1
1672,幺,49,么,1
1672,幺,3605,玄,1
1673,幻,5596,订,1
1674,幼,115,仂,1
1674,幼,135,仞,1
1674,幼,537,勍,1
1674,幼,1673,幻,1
1674,幼,3002,沩,1
1674,幼,4462,纨,1
1675,幽,1547,峂,1
1675,幽,2398,断,1
1675,幽,6051,迫,1
1675,幽,6118,避,1
1675,幽,6924,魃,1
1676,广,30,个,1
1676,广,44,丿,1
1676,广,76,予,1
1676,广,81,于,1
1676,广,98,产,1
1676,广,1468,少,1
1676,广,1483,尸,1
1676,广,2040,户,1
1676,广,2943,氵,1
1677,庀,3828,痖,1
1678,庄,713,启,1
1678,庄,1029,在,1
1678,庄,1612,左,1
1678,庄,1681,床,1
1678,庄,4453,纟,1
1678,庄,5020,茌,1
1678,庄,5039,茳,1
1678,庄,5288,虍,1
1678,庄,7181,龙,1
1679,庆,119,仆,1
1679,庆,1681,床,1
1679,庆,2979,沃,1
1681,床,56,乐,1
1681,床,1698,庥,1
1681,床,3050,泺,1
1682,庋,3193,渡,1
1683,序,617,厅,1
1683,序,619,厉,1
1683,序,627,原,1
1683,序,1627,市,1
1683,序,1684,庐,1
1683,序,1821,忘,1
1683,序,5290,虏,1
1684,庐,1683,序,1
1684,庐,5670,诱,1
1685,庑,1678,庄,1
1686,库,1683,序,1
1686,库,1687,应,1
1686,库,1696,庠,1
1686,库,5002,苦,1
1687,应,689,后,1
1687,应,1029,在,1
1687,应,2027,战,1
1687,应,5084,莅,1
1688,底,191,低,1
1688,底,1680,庇,1
1688,底,3717,瓜,1
1688,底,5612,讴,1
1689,庖,1690,店,1
1689,庖,5029,茛,1
1689,庖,7184,龟,1
1690,店,217,佶,1
1690,店,689,后,1
1690,店,3862,瘤,1
1690,店,5034,茫,1
1690,店,5292,虑,1
1690,店,7032,鸢,1
1691,庙,26,两,1
1691,庙,36,临,1
1691,庙,1680,庇,1
1691,庙,7104,鹿,1
1692,庚,1056,坝,1
1692,庚,1704,庶,1
1692,庚,1705,康,1
1692,庚,3139,涣,1
1693,府,2375,敬,1
1693,府,5009,苻,1
1693,府,5473,衬,1
1694,庞,1418,宠,1
1694,庞,1695,废,1
1694,庞,2960,汝,1
1694,庞,4668,老,1
1695,废,624,厘,1
1695,废,1712,廋,1
1695,废,6596,陵,1
1699,度,650,受,1
1699,度,789,哀,1
1699,度,1690,店,1
1699,度,1707,庹,1
1699,度,1712,廋,1
1699,度,2960,汝,1
1699,度,5293,虔,1
1700,座,1029,在,1
1700,座,1059,坠,1
1700,座,1082,垒,1
1700,座,1302,娈,1
1700,座,1570,崖,1
1700,座,1690,店,1
1700,座,1701,庭,1
1700,座,5722,谧,1
1700,座,7117,麽,1
1701,庭,329,傩,1
1701,庭,1347,嫉,1
1701,庭,1390,孬,1
1701,庭,1691,庙,1
1701,庭,1910,悔,1
1701,庭,2515,更,1
1702,庳,1709,庾,1
1703,庵,222,侃,1
1703,庵,276,俺,1
1703,庵,1695,废,1
1703,庵,2049,扈,1
1704,庶,1497,屉,1
1704,庶,1679,庆,1
1704,庶,1687,应,1
1704,庶,1705,康,1
1704,庶,2043,房,1
1704,庶,3106,浜,1
1704,庶,3447,熄,1
1704,庶,3881,癔,1
1704,庶,3924,盘,1
1704,庶,4113,磨,1
1705,康,1681,床,1
1705,康,5570,觖,1
1705,康,7108,麋,1
1706,庸,201,佛,1
1706,庸,1648,席,1
1706,庸,3229,溏,1
1706,庸,5814,赓,1
1707,庹,4113,磨,1
1707,庹,5772,质,1
1708,庼,3884,癞,1
1709,庾,833,唐,1
1710,廉,1683,序,1
1710,廉,1705,康,1
1710,廉,1713,廑,1
1710,廉,7108,麋,1
1711,廊,1719,廨,1
1711,廊,2050,扉,1
1711,廊,6155,郈,1
1712,廋,1695,废,1
1712,廋,3864,瘦,1
1712,廋,5823,赝,1
1713,廑,7118,麾,1
1714,廒,5237,蔽,1
1715,廓,3788,疖,1
1716,廖,3813,疼,1
1716,廖,5814,赓,1
1717,廙,5290,虏,1
1718,廛,7108,麋,1
1720,廪,429,凛,1
1721,廴,51,之,1
1721,廴,643,及,1
1722,延,6,三,1
1722,延,380,兵,1
1722,延,6077,逗,1
1722,延,6082,速,1
1722,延,6091,逶,1
1723,廷,1253,妊,1
1723,廷,1851,怔,1
1723,廷,3651,珽,1
1723,廷,6025,迁,1
1723,廷,6026,迂,1
1723,廷,6032,运,1
1723,廷,6077,逗,1
1724,建,2724,棣,1
1724,建,4483,线,1
1724,建,6645,霆,1
1725,廾,39,丹,1
1725,廾,87,井,1
1725,廾,1726,廿,1
1726,廿,17,世,1
1726,廿,63,乜,1
1727,开,39,丹,1
1727,开,87,井,1
1727,开,578,升,1
1727,开,1484,尹,1
1727,开,1626,币,1
1727,开,2386,斗,1
1728,弁,1670,并,1
1729,异,637,厾,1
1729,异,1501,屏,1
1730,弃,77,争,1
1730,弃,1249,妄,1
1730,弃,1731,弄,1
1730,弃,2897,毐,1
1730,弃,6011,辛,1
1731,弄,105,亲,1
1731,弄,395,再,1
1731,弄,1543,岸,1
1731,弄,1730,弃,1
1731,弄,5111,莽,1
1731,弄,6643,霁,1
1731,弄,7113,麦,1
1733,弈,2663,栾,1
1734,弊,4884,舁,1
1734,弊,5983,轿,1
1734,弊,6231,醉,1
1736,式,459,划,1
1736,式,2019,戎,1
1736,式,2021,成,1
1736,式,3736,甘,1
1738,弓,400,写,1
1738,弓,662,只,1
1738,弓,675,司,1
1738,弓,685,吉,1
1738,弓,1200,多,1
1738,弓,2456,昱,1
1738,弓,2865,歹,1
1738,弓,4453,纟,1
1739,引,68,乡,1
1739,引,461,列,1
1739,引,471,别,1
1739,引,473,刮,1
1740,弗,698,君,1
1740,弗,2897,毐,1
1740,弗,5789,费,1
1740,弗,6702,韦,1
1741,弘,133,仙,1
1741,弘,143,仫,1
1741,弘,531,劾,1
1741,弘,1739,引,1
1741,弘,1752,弱,1
1741,弘,1754,强,1
1741,弘,4033,砒,1
1742,弛,1744,张,1
1742,弛,6847,驼,1
1742,弛,6881,骢,1
1743,弟,376,兰,1
1743,弟,386,兼,1
1743,弟,1387,学,1
1743,弟,4008,矛,1
1743,弟,5117,菊,1
1743,弟,5581,言,1
1744,张,446,函,1
1744,张,3061,洑,1
1744,张,3143,涨,1
1744,张,3639,珐,1
1744,张,4491,织,1
1744,张,5856,趺,1
1745,弥,1380,孜,1
1745,弥,2976,汾,1
1745,弥,3020,泉,1
1745,弥,6838,驳,1
1746,弦,1749,弪,1
1746,弦,4505,绕,1
1746,弦,5632,诊,1
1746,弦,6559,阮,1
1747,弧,1741,弘,1
1747,弧,3717,瓜,1
1748,弩,4049,砮,1
1749,弪,4060,硁,1
1749,弪,4499,经,1
1750,弭,3645,珥,1
1751,弯,99,亨,1
1751,弯,103,亭,1
1751,弯,640,参,1
1751,弯,822,哲,1
1751,弯,4056,砻,1
1751,弯,6634,雩,1
1752,弱,2872,殆,1
1752,弱,3246,溺,1
1752,弱,4023,矽,1
1752,弱,4678,耔,1
1752,弱,5117,菊,1
1752,弱,6844,驹,1
1753,弹,1745,弥,1
1753,弹,1750,弭,1
1753,弹,3058,洋,1
1753,弹,3115,浮,1
1753,弹,3162,淖,1
1753,弹,3188,渖,1
1753,弹,6862,骍,1
1754,强,1746,弦,1
1754,强,1787,很,1
1754,强,4518,绣,1
1754,强,5305,虽,1
1754,强,6891,骸,1
1754,强,7043,鸮,1
1755,弼,6847,驼,1
1757,彐,1484,尹,1
1758,归,678,叼,1
1758,归,1834,忸,1
1759,当,3938,省,1
1759,当,4995,苞,1
1759,当,5032,茧,1
1760,录,1761,彖,1
1760,录,2856,歌,1
1760,录,3046,泵,1
1760,录,4720,肃,1
1761,彖,5261,薨,1
1764,彝,3849,瘅,1
1764,彝,5452,蠡,1
1765,彡,68,乡,1
1766,形,461,列,1
1766,形,473,刮,1
1766,形,1373,孔,1
1766,形,1767,彤,1
1767,彤,39,丹,1
1767,彤,1204,夥,1
1767,彤,1772,彬,1
1767,彤,2079,承,1
1768,彦,640,参,1
1768,彦,2401,方,1
1768,彦,2404,旁,1
1768,彦,4747,育,1
1769,彧,2025,或,1
1770,彩,124,仍,1
1770,彩,6164,郛,1
1770,彩,6250,采,1
1770,彩,6903,髟,1
1771,彪,770,咝,1
1771,彪,4908,舱,1
1771,彪,5289,虎,1
1772,彬,2006,懋,1
1772,彬,2646,树,1
1773,彭,1775,影,1
1773,彭,5438,蟛,1
1773,彭,6903,髟,1
1774,彰,5953,躬,1
1774,彰,6284,钐,1
1775,影,814,哥,1
1775,影,1770,彩,1
1775,影,3546,狞,1
1775,影,6903,髟,1
1777,彷,255,俗,1
1777,彷,1264,妨,1
1777,彷,4479,纺,1
1778,役,1729,异,1
1778,役,1780,彼,1
1778,役,1791,後,1
1778,役,1793,徒,1
1779,彻,1789,徊,1
1779,彻,2986,沏,1
1779,彻,4501,绑,1
1780,彼,157,伋,1
1780,彼,242,侬,1
1780,彼,4138,祓,1
1780,彼,5496,被,1
1780,彼,6342,铍,1
1781,往,1782,征,1
1781,往,1784,径,1
1781,往,3038,注,1
1781,往,4459,纥,1
1781,往,4496,绌,1
1781,往,4534,维,1
1781,往,6789,饮,1
1782,征,167,伛,1
1782,征,705,否,1
1782,征,1781,往,1
1782,征,4136,祉,1
1782,征,4376,簉,1
1782,征,5624,证,1
1782,征,6313,钯,1
1782,征,6316,钲,1
1783,徂,189,但,1
1783,徂,251,俎,1
1783,徂,4481,纽,1
1784,径,3627,玲,1
1784,径,4456,红,1
1784,径,4475,纶,1
1784,径,5979,轻,1
1785,待,256,俘,1
1785,待,264,俦,1
1785,待,1795,得,1
1785,待,4457,纣,1
1785,待,4482,纾,1
1785,待,5645,诗,1
1786,徇,203,佝,1
1786,徇,1789,徊,1
1786,徇,4509,绚,1
1786,徇,4539,绹,1
1787,很,180,伲,1
1787,很,3547,狠,1
1787,很,3564,狼,1
1787,很,4520,绥,1
1787,很,6378,银,1
1787,很,6726,颂,1
1788,徉,5493,袢,1
1789,徊,216,佴,1
1789,徊,1673,幻,1
1789,徊,1786,徇,1
1789,徊,4471,纲,1
1789,徊,4645,翅,1
1790,律,298,倮,1
1790,律,322,傅,1
1790,律,3555,狰,1
1790,律,4534,维,1
1791,後,250,俊,1
1792,徐,128,仔,1
1792,徐,206,你,1
1792,徐,256,俘,1
1792,徐,3558,狳,1
1792,徐,4493,绉,1
1792,徐,4507,绘,1
1793,徒,159,伎,1
1793,徒,268,俭,1
1793,徒,1778,役,1
1793,徒,1794,徕,1
1793,徒,4456,红,1
1793,徒,5836,走,1
1794,徕,3004,沫,1
1795,得,298,倮,1
1795,得,1785,待,1
1795,得,1792,徐,1
1795,得,1800,徨,1
1795,得,3058,洋,1
1795,得,4535,绵,1
1795,得,4571,缛,1
1795,得,6417,锝,1
1796,徘,2221,排,1
1796,徘,3646,珧,1
1796,徘,5682,诽,1
1797,徙,1791,後,1
1797,徙,3124,涉,1
1797,徙,4493,绉,1
1797,徙,4553,缇,1
1797,徙,4562,缒,1
1797,徙,5462,衔,1
1799,御,5462,衔,1
1799,御,5568,觑,1
1801,循,203,佝,1
1801,循,1780,彼,1
1801,循,3206,湄,1
1801,循,3584,猫,1
1801,循,3753,电,1
1801,循,4522,继,1
1801,循,4531,绱,1
1801,循,4567,缗,1
1801,循,5651,话,1
1801,循,6579,陌,1
1802,徭,1791,後,1
1802,徭,5718,谣,1
1803,微,331,傲,1
1803,微,3331,激,1
1803,微,4525,绪,1
1803,微,4587,缬,1
1803,微,4595,缴,1
1804,徵,1803,微,1
1804,徵,1806,徼,1
1805,德,3593,猿,1
1805,德,3602,獯,1
1805,德,4557,缌,1
1805,德,4594,缳,1
1805,德,6599,隅,1
1805,德,6816,馋,1
1806,徼,4595,缴,1
1807,徽,1806,徼,1
1807,徽,4559,缎,1
1807,徽,5093,莜,1
1808,心,114,仁,1
1808,心,133,仙,1
1808,心,372,八,1
1808,心,576,千,1
1809,忄,1676,广,1
1810,必,50,义,1
1810,必,125,从,1
1810,必,140,以,1
1810,必,165,伙,1
1810,必,440,凶,1
1810,必,1192,处,1
1810,必,1468,少,1
1810,必,1811,忆,1
1810,必,1841,怂,1
1810,必,2977,沁,1
1810,必,3022,泌,1
1810,必,3389,炽,1
1810,必,3485,爻,1
1811,忆,763,咒,1
1811,忆,1034,圮,1
1811,忆,4598,缸,1
1811,忆,4934,艺,1
1813,忌,446,函,1
1813,忌,1895,恳,1
1813,忌,2920,民,1
1813,忌,3833,痣,1
1813,忌,5470,表,1
1814,忍,409,冯,1
1814,忍,664,召,1
1814,忍,853,唿,1
1814,忍,1877,恐,1
1814,忍,1888,恩,1
1815,忏,1629,帅,1
1816,忐,5288,虍,1
1816,忐,6692,鞡,1
1817,忑,689,后,1
1817,忑,1816,忐,1
1818,忒,785,咸,1
1818,忒,1296,威,1
1818,忒,2021,成,1
1818,忒,2023,戒,1
1820,志,22,东,1
1820,志,636,去,1
1820,志,1813,忌,1
1820,志,1817,忑,1
1820,志,1821,忘,1
1820,志,1824,忠,1
1820,志,5030,茜,1
1821,忘,1768,彦,1
1821,忘,1833,念,1
1821,忘,1996,憝,1
1821,忘,4260,立,1
1822,忙,1811,忆,1
1822,忙,3366,炉,1
1822,忙,3384,炷,1
1822,忙,5303,虻,1
1823,忝,1474,尜,1
1824,忠,1820,志,1
1826,忤,1815,忏,1
1827,忧,164,优,1
1827,忧,1077,垅,1
1827,忧,1830,忭,1
1827,忧,2072,扰,1
1827,忧,2641,栊,1
1827,忧,3529,状,1
1827,忧,3556,狱,1
1827,忧,4744,肮,1
1828,忪,1867,怯,1
1828,忪,2578,松,1
1829,快,140,以,1
1829,快,1234,奘,1
1829,快,1876,恍,1
1829,快,4016,矬,1
1829,快,4738,肤,1
1830,忭,1898,恹,1
1830,忭,1912,悚,1
1830,忭,2549,杆,1
1832,忱,242,侬,1
1832,忱,1825,忡,1
1832,忱,1862,性,1
1832,忱,2586,枕,1
1832,忱,3499,牝,1
1832,忱,4224,穗,1
1832,忱,5770,账,1
1833,念,139,令,1
1833,念,198,佘,1
1833,念,709,含,1
1833,念,1817,忑,1
1833,念,1848,怎,1
1833,念,1860,急,1
1833,念,5479,衾,1
1834,忸,2576,杻,1
1835,忻,1815,忏,1
1835,忻,2060,托,1
1835,忻,2585,析,1
1835,忻,2595,枥,1
1835,忻,5769,败,1
1836,忽,1838,忿,1
1836,忽,1888,恩,1
1836,忽,3394,烈,1
1837,忾,1899,恺,1
1837,忾,1919,悦,1
1837,忾,4177,秃,1
1838,忿,1539,岱,1
1838,忿,1840,态,1
1838,忿,1858,怠,1
1838,忿,1860,急,1
1838,忿,1962,愈,1
1839,怀,1835,忻,1
1839,怀,1883,恢,1
1839,怀,2365,敕,1
1839,怀,2570,杯,1
1839,怀,2586,枕,1
1840,态,1220,奁,1
1840,态,1612,左,1
1840,态,1616,巫,1
1841,怂,1050,坐,1
1841,怂,1824,忠,1
1841,怂,1884,恣,1
1841,怂,1926,悲,1
1841,怂,4883,舀,1
1843,怄,1851,怔,1
1844,怅,1827,忧,1
1844,怅,1887,恨,1
1844,怅,4755,胀,1
1845,怆,1909,悒,1
1846,怊,664,召,1
1847,怍,202,作,1
1847,怍,4766,胙,1
1848,怎,789,哀,1
1848,怎,1540,岳,1
1848,怎,1821,忘,1
1848,怎,1872,恁,1
1848,怎,1875,恋,1
1848,怎,2926,氙,1
1850,怒,1836,忽,1
1850,怒,3689,瑟,1
1851,怔,1068,坯,1
1851,怔,1828,忪,1
1851,怔,2900,比,1
1851,怔,4767,胚,1
1852,怕,1081,垍,1
1852,怕,1885,恤,1
1852,怕,2121,拍,1
1852,怕,2353,收,1
1852,怕,3380,炮,1
1853,怖,6791,饰,1
1854,怙,1541,岵,1
1854,怙,1891,恬,1
1855,怛,1834,忸,1
1856,怜,182,伶,1
1856,怜,1257,妖,1
1856,怜,1638,帖,1
1856,怜,1837,忾,1
1856,怜,1894,恰,1
1856,怜,1915,悟,1
1856,怜,5352,蛭,1
1857,思,636,去,1
1857,思,1814,忍,1
1857,思,1836,忽,1
1857,思,1984,慝,1
1857,思,2438,昆,1
1857,思,6253,里,1
1858,怠,1273,妾,1
1858,怠,1848,怎,1
1858,怠,1906,悉,1
1858,怠,1948,惫,1
1859,怡,36,临,1
1859,怡,1891,恬,1
1859,怡,1894,恰,1
1860,急,364,兔,1
1860,急,1838,忿,1
1860,急,1896,恶,1
1860,急,1906,悉,1
1860,急,1966,意,1
1860,急,2930,氡,1
1861,怦,1065,坪,1
1862,性,215,佳,1
1862,性,1280,姓,1
1862,性,1723,廷,1
1862,性,1758,归,1
1862,性,1867,怯,1
1862,性,1899,恺,1
1862,性,4808,脞,1
1862,性,5346,蛙,1
1863,怨,1879,恕,1
1863,怨,1884,恣,1
1863,怨,1903,恿,1
1863,怨,1947,惩,1
1865,怪,1053,坚,1
1865,怪,1862,性,1
1865,怪,3534,狂,1
1866,怫,201,佛,1
1866,怫,1825,忡,1
1867,怯,1830,忭,1
1867,怯,1844,怅,1
1867,怯,1915,悟,1
1868,怵,1844,怅,1
1868,怵,1861,怦,1
1869,总,1581,崽,1
1869,总,1813,忌,1
1869,总,4436,系,1
1869,总,4474,纵,1
1872,恁,435,凭,1
1872,恁,1895,恳,1
1872,恁,1920,您,1
1872,恁,5797,赁,1
1874,恃,227,侍,1
1874,恃,1044,均,1
1874,恃,1464,将,1
1874,恃,1976,愫,1
1874,恃,1979,慊,1
1874,恃,2156,持,1
1874,恃,4805,脖,1
1874,恃,6886,骨,1
1875,恋,1557,峦,1
1875,恋,1896,恶,1
1875,恋,1903,恿,1
1875,恋,1943,惠,1
1875,恋,1998,憨,1
1875,恋,5477,衷,1
1875,恋,6058,迹,1
1875,恋,7122,黍,1
1876,恍,1842,怃,1
1876,恍,2668,桄,1
1876,恍,3357,灰,1
1876,恍,3371,炕,1
1876,恍,3404,烧,1
1877,恐,146,仲,1
1877,恐,1870,怼,1
1877,恐,1961,愆,1
1877,恐,5351,蛩,1
1878,恒,1855,怛,1
1878,恒,5968,轰,1
1878,恒,6586,陡,1
1879,恕,1548,峃,1
1879,恕,3453,熜,1
1880,恙,1872,恁,1
1880,恙,1881,恚,1
1880,恙,3415,焉,1
1880,恙,3922,盖,1
1880,恙,3963,着,1
1880,恙,4628,羔,1
1881,恚,3461,熹,1
1881,恚,5470,表,1
1882,恝,1877,恐,1
1882,恝,4684,耜,1
1883,恢,3420,焕,1
1884,恣,3178,添,1
1885,恤,1852,怕,1
1886,恧,1860,急,1
1886,恧,1903,恿,1
1887,恨,242,侬,1
1887,恨,1088,垠,1
1887,恨,1844,怅,1
1887,恨,1917,悢,1
1887,恨,1949,惬,1
1887,恨,1975,愧,1
1887,恨,2110,抿,1
1888,恩,1814,忍,1
1888,恩,1984,慝,1
1888,恩,3765,畏,1
1890,恫,231,侗,1
1890,恫,859,啊,1
1890,恫,1080,垌,1
1890,恫,1274,姆,1
1890,恫,1551,峒,1
1890,恫,1630,帆,1
1890,恫,2607,枸,1
1890,恫,3381,炯,1
1890,恫,3620,玥,1
1891,恬,1538,岭,1
1891,恬,1846,怊,1
1891,恬,1859,怡,1
1891,恬,1862,性,1
1891,恬,1867,怯,1
1892,恭,105,亲,1
1892,恭,1490,尿,1
1892,恭,4189,秦,1
1892,恭,4438,素,1
1892,恭,4445,綦,1
1892,恭,5122,菘,1
1892,恭,5189,蒙,1
1892,恭,5287,蘼,1
1893,息,668,台,1
1893,息,1614,巨,1
1893,息,1848,怎,1
1893,息,1857,思,1
1893,息,1875,恋,1
1893,息,1906,悉,1
1893,息,1922,悬,1
1893,息,4109,磐,1
1894,恰,1651,帷,1
1894,恰,1859,怡,1
1894,恰,1889,恪,1
1894,恰,1946,惨,1
1894,恰,2551,杉,1
1894,恰,3419,焓,1
1894,恰,4401,粘,1
1895,恳,638,县,1
1895,恳,1093,垦,1
1896,恶,25,丢,1
1896,恶,569,匮,1
1896,恶,1820,志,1
1896,恶,1875,恋,1
1896,恶,2465,晋,1
1896,恶,3415,焉,1
1896,恶,3738,甚,1
1896,恶,5179,葸,1
1899,恺,3380,炮,1
1900,恻,238,侧,1
1901,恼,1102,垴,1
1901,恼,1852,怕,1
1901,恼,4801,脑,1
1902,恽,2174,挥,1
1902,恽,2472,晖,1
1903,恿,1920,您,1
1903,恿,1943,惠,1
1903,恿,1969,愚,1
1903,恿,5199,蒽,1
1903,恿,6921,鬼,1
1904,悃,1942,惟,1
1905,悄,252,俏,1
1905,悄,2746,椭,1
1905,悄,3123,消,1
1905,悄,5795,贿,1
1906,悉,1879,恕,1
1906,悉,1896,恶,1
1906,悉,1918,患,1
1906,悉,4177,秃,1
1907,悌,3966,睇,1
1908,悍,1930,悼,1
1908,悍,1972,愣,1
1908,悍,3395,烊,1
1910,悔,1464,将,1
1910,悔,1874,恃,1
1910,悔,1902,恽,1
1910,悔,2317,撙,1
1910,悔,3118,海,1
1911,悖,1933,惇,1
1912,悚,1861,怦,1
1913,悛,1965,愎,1
1913,悛,3417,焌,1
1914,悝,579,午,1
1914,悝,1855,怛,1
1915,悟,1946,惨,1
1915,悟,1997,憧,1
1915,悟,2184,捂,1
1915,悟,3393,烃,1
1916,悠,282,倓,1
1916,悠,1850,怒,1
1916,悠,1893,息,1
1916,悠,1920,您,1
1916,悠,3448,熊,1
1917,悢,4201,稂,1
1918,患,1824,忠,1
1918,患,1857,思,1
1918,患,1969,愚,1
1918,患,3453,熜,1
1918,患,3467,燕,1
1918,患,6089,逯,1
1919,悦,1905,悄,1
1919,悦,2714,棁,1
1919,悦,4206,税,1
1919,悦,5381,蜣,1
1919,悦,6718,顺,1
1920,您,314,偬,1
1920,您,435,凭,1
1920,您,1872,恁,1
1920,您,1875,恋,1
1920,您,3546,狞,1
1920,您,5487,袋,1
1922,悬,2482,景,1
1923,悭,1958,惺,1
1924,悯,1873,恂,1
1924,悯,1890,恫,1
1924,悯,2680,桕,1
1924,悯,3141,润,1
1926,悲,377,共,1
1926,悲,402,农,1
1926,悲,1877,恐,1
1926,悲,4391,米,1
1926,悲,5523,裴,1
1926,悲,6709,韭,1
1927,悴,1464,将,1
1927,悴,1662,幛,1
1927,悴,1861,怦,1
1927,悴,1902,恽,1
1927,悴,1930,悼,1
1927,悴,4414,粹,1
1928,悸,1891,恬,1
1928,悸,1911,悖,1
1928,悸,1933,惇,1
1928,悸,1976,愫,1
1928,悸,2269,搂,1
1928,悸,5417,螓,1
1929,悻,1927,悴,1
1929,悻,2700,梓,1
1929,悻,7106,麇,1
1930,悼,1902,恽,1
1930,悼,1905,悄,1
1930,悼,1910,悔,1
1930,悼,1933,惇,1
1930,悼,2718,棍,1
1930,悼,3414,烽,1
1931,情,1853,怖,1
1931,情,1905,悄,1
1931,情,2812,樯,1
1932,惆,1873,恂,1
1932,惆,1890,恫,1
1932,惆,3401,烟,1
1933,惇,1928,悸,1
1934,惊,288,倞,1
1934,惊,825,哼,1
1934,惊,1953,惰,1
1934,惊,2224,掠,1
1934,惊,3567,猄,1
1934,惊,4810,脬,1
1935,惋,4827,腕,1
1936,惑,1970,感,1
1936,惑,2034,戥,1
1936,惑,3394,烈,1
1937,惕,1866,怫,1
1937,惕,2566,杨,1
1937,惕,2789,榻,1
1937,惕,3451,熘,1
1937,惕,4282,笏,1
1937,惕,5386,蜴,1
1939,惚,1944,惦,1
1939,惚,4835,腮,1
1939,惚,5342,蛐,1
1940,惜,289,借,1
1940,惜,1148,堵,1
1940,惜,1874,恃,1
1940,惜,1967,愔,1
1940,惜,5379,蜡,1
1942,惟,422,准,1
1942,惟,1847,怍,1
1942,惟,1910,悔,1
1942,惟,1994,憔,1
1942,惟,2739,椎,1
1942,惟,3518,犋,1
1943,惠,569,匮,1
1943,惠,1848,怎,1
1943,惠,1881,恚,1
1943,惠,1969,愚,1
1943,惠,2479,晦,1
1944,惦,1090,垢,1
1944,惦,1891,恬,1
1945,惧,1849,怏,1
1945,惧,3518,犋,1
1945,惧,4817,腆,1
1946,惨,1665,幢,1
1946,惨,1967,愔,1
1946,惨,2699,梏,1
1947,惩,3426,焦,1
1947,惩,3689,瑟,1
1947,惩,4330,签,1
1948,惫,1193,备,1
1948,惫,5320,蚤,1
1950,惭,1835,忻,1
1950,惭,2770,概,1
1951,惮,776,咩,1
1951,惮,1087,垟,1
1951,惮,1826,忤,1
1951,惮,1929,悻,1
1951,惮,1933,惇,1
1951,惮,4798,脎,1
1952,惯,1809,忄,1
1952,惯,1971,愠,1
1952,惯,2002,憾,1
1952,惯,2241,掼,1
1953,惰,1133,堉,1
1953,惰,1503,屑,1
1953,惰,2719,棒,1
1954,想,1062,坦,1
1954,想,1879,恕,1
1954,想,1926,悲,1
1954,想,2291,摁,1
1954,想,3697,璁,1
1954,想,3934,相,1
1955,惴,1866,怫,1
1956,惶,1140,堙,1
1956,惶,1993,憎,1
1956,惶,2464,晃,1
1956,惶,2704,梧,1
1956,惶,6603,隍,1
1957,惹,627,原,1
1957,惹,1966,意,1
1957,惹,4960,芪,1
1957,惹,5209,蓑,1
1957,惹,5481,袁,1
1958,惺,901,喤,1
1958,惺,981,噬,1
1958,惺,1112,埕,1
1958,惺,1657,幄,1
1958,惺,1864,怩,1
1958,惺,1908,悍,1
1958,惺,2193,捏,1
1958,惺,4753,肾,1
1959,愀,1950,惭,1
1960,愁,1995,憖,1
1960,愁,1999,憩,1
1960,愁,3424,焚,1
1960,愁,4213,稳,1
1960,愁,5824,赞,1
1961,愆,5465,衡,1
1962,愈,1875,恋,1
1963,愉,317,偷,1
1963,愉,2233,掭,1
1963,愉,4832,腧,1
1966,意,1263,妥,1
1966,意,1881,恚,1
1966,意,1896,恶,1
1966,意,1948,惫,1
1966,意,3412,烹,1
1966,意,4264,竞,1
1966,意,4265,竟,1
1966,意,4268,童,1
1967,愔,1658,幅,1
1967,愔,1901,恼,1
1967,愔,1953,惰,1
1967,愔,1955,惴,1
1967,愔,3460,熵,1
1968,愕,4834,腭,1
1969,愚,1918,患,1
1969,愚,3111,浥,1
1970,感,1296,威,1
1970,感,1857,思,1
1970,感,1879,恕,1
1970,感,1960,愁,1
1970,感,2028,戚,1
1970,感,5781,贱,1
1970,感,7032,鸢,1
1971,愠,2314,撒,1
1972,愣,1955,惴,1
1973,愤,319,偾,1
1973,愤,1647,帧,1
1973,愤,1976,愫,1
1974,愦,2757,楞,1
1975,愧,1910,悔,1
1975,愧,3425,焜,1
1976,愫,1928,悸,1
1976,愫,3388,炼,1
1977,愿,625,厚,1
1977,愿,627,原,1
1977,愿,1872,恁,1
1977,愿,3912,盈,1
1977,愿,4447,縻,1
1977,愿,5232,蔸,1
1977,愿,5240,蕉,1
1977,愿,6775,餍,1
1978,慈,384,兹,1
1978,慈,1880,恙,1
1978,慈,1943,惠,1
1978,慈,1947,惩,1
1980,慌,1149,塃,1
1980,慌,1659,幌,1
1980,慌,1985,慢,1
1980,慌,2682,桡,1
1981,慎,2009,懔,1
1982,慑,2292,摄,1
1982,慑,2742,椒,1
1982,慑,4853,膙,1
1983,慕,1661,幕,1
1983,慕,3897,皋,1
1983,慕,5201,蓁,1
1983,慕,5241,蕊,1
1983,慕,5244,蕞,1
1984,慝,1895,恳,1
1984,慝,1977,愿,1
1985,慢,1164,墁,1
1985,慢,1353,嫚,1
1985,慢,1447,寝,1
1985,慢,1660,幔,1
1985,慢,1831,忮,1
1985,慢,1911,悖,1
1985,慢,1917,悢,1
1985,慢,1937,惕,1
1985,慢,2000,憬,1
1985,慢,3462,燃,1
1986,慥,1915,悟,1
1986,慥,5420,螠,1
1987,慧,580,卉,1
1987,慧,1762,彗,1
1988,慨,305,假,1
1988,慨,1959,愀,1
1989,慰,1465,尉,1
1989,慰,5199,蒽,1
1991,慷,4431,糠,1
1991,慷,4865,臁,1
1992,憋,1998,憨,1
1993,憎,1953,惰,1
1993,憎,2011,懵,1
1993,憎,4852,膘,1
1993,憎,5826,赠,1
1994,憔,1855,怛,1
1994,憔,1942,惟,1
1994,憔,2814,樵,1
1994,憔,3432,煊,1
1994,憔,3462,燃,1
1995,憖,1960,愁,1
1996,憝,1879,恕,1
1996,憝,6745,题,1
1997,憧,1662,幛,1
1997,憧,2003,懂,1
1997,憧,2825,橦,1
1997,憧,3881,癔,1
1998,憨,1978,慈,1
1998,憨,1996,憝,1
1998,憨,3400,烝,1
1998,憨,3454,熟,1
2001,憷,1973,愤,1
2002,憾,1939,惚,1
2003,懂,1143,堡,1
2003,懂,1663,幞,1
2003,懂,1862,性,1
2003,懂,2811,横,1
2004,懈,1950,惭,1
2004,懈,1963,愉,1
2004,懈,2828,橼,1
2004,懈,3018,泄,1
2004,懈,3324,澥,1
2005,懊,912,嗅,1
2005,懊,1986,慥,1
2005,懊,4838,腴,1
2007,懑,5199,蒽,1
2008,懒,938,嗷,1
2008,懒,1973,愤,1
2008,懒,2147,拱,1
2008,懒,3601,獭,1
2009,懔,3869,瘰,1
2010,懦,350,儒,1
2010,懦,2716,棉,1
2010,懦,4871,臑,1
2010,懦,5425,螭,1
2010,懦,5449,蠕,1
2010,懦,5548,襦,1
2011,懵,3993,瞢,1
2013,戆,7082,鹜,1
2014,戈,518,加,1
2014,戈,1240,女,1
2014,戈,1735,弋,1
2014,戈,1736,式,1
2014,戈,2053,扌,1
2014,戈,2960,汝,1
2015,戊,126,仑,1
2015,戊,2356,攻,1
2015,戊,2601,枯,1
2015,戊,7181,龙,1
2017,戌,2027,战,1
2017,戌,3088,浅,1
2018,戍,161,伐,1
2018,戍,1818,忒,1
2018,戍,2020,戏,1
2018,戍,2027,战,1
2018,戍,5309,蚁,1
2019,戎,1736,式,1
2019,戎,2016,戋,1
2019,戎,2017,戌,1
2019,戎,2020,戏,1
2020,戏,2019,戎,1
2020,戏,6125,邓,1
2021,成,249,俅,1
2021,成,785,咸,1
2021,成,796,哉,1
2021,成,1296,威,1
2021,成,2028,戚,1
2021,成,2876,残,1
2021,成,4023,矽,1
2021,成,5309,蚁,1
2022,我,68,乡,1
2022,我,359,先,1
2022,我,395,再,1
2022,我,1377,孙,1
2022,我,2019,戎,1
2022,我,2020,戏,1
2023,戒,380,兵,1
2023,戒,580,卉,1
2023,戒,2019,戎,1
2023,戒,2021,成,1
2024,戕,2022,我,1
2025,或,60,乖,1
2025,或,796,哉,1
2025,或,1736,式,1
2025,或,1769,彧,1
2025,或,2015,戊,1
2025,或,2019,戎,1
2025,或,2027,战,1
2025,或,2876,残,1
2026,戗,465,创,1
2026,戗,2027,战,1
2027,战,161,伐,1
2027,战,1077,垅,1
2027,战,1118,域,1
2027,战,2024,戕,1
2027,战,2876,残,1
2027,战,4072,硪,1
2027,战,6790,饯,1
2028,戚,2021,成,1
2028,戚,2030,戟,1
2028,戚,2630,柰,1
2035,截,1118,域,1
2035,截,2662,栽,1
2035,截,5098,莪,1
2035,截,5928,蹙,1
2038,戳,2037,戮,1
2039,戴,5502,裁,1
2040,户,100,亩,1
2040,户,1197,夕,1
2040,户,1676,广,1
2040,户,6554,阝,1
2041,戽,2920,民,1
2042,戾,1692,庚,1
2043,房,713,启,1
2043,房,1201,夜,1
2043,房,1420,客,1
2043,房,1495,居,1
2043,房,1697,庤,1
2043,房,3222,湾,1
2043,房,3794,疠,1
2044,所,710,听,1
2044,所,1040,圻,1
2044,所,2396,斩,1
2044,所,2397,斫,1
2044,所,4135,祈,1
2044,所,5306,虾,1
2044,所,6157,郎,1
2044,所,6182,鄌,1
2045,扁,309,偏,1
2045,扁,1498,届,1
2045,扁,3300,潏,1
2045,扁,3444,煸,1
2045,扁,3747,甭,1
2045,扁,4740,肩,1
2045,扁,5776,贬,1
2046,扃,1503,屑,1
2046,扃,1505,屙,1
2048,扇,1577,崩,1
2048,扇,1719,廨,1
2048,扇,2045,扁,1
2048,扇,3942,眉,1
2048,扇,4644,翁,1
2051,扊,1707,庹,1
2051,扊,5294,虚,1
2051,扊,5814,赓,1
2052,手,41,主,1
2052,手,68,乡,1
2052,手,77,争,1
2052,手,81,于,1
2052,手,581,半,1
2052,手,1371,孑,1
2052,手,1384,季,1
2052,手,2053,扌,1
2052,手,3498,牛,1
2052,手,3500,牟,1
2052,手,4942,芋,1
2052,手,5952,身,1
2053,扌,2535,木,1
2054,才,1456,寸,1
2054,才,2014,戈,1
2054,才,2053,扌,1
2054,才,2538,本,1
2055,扎,38,丸,1
2055,扎,2060,托,1
2055,扎,2097,抡,1
2055,扎,2539,札,1
2055,扎,2560,杞,1
2056,扑,1073,坼,1
2056,扑,2057,扒,1
2056,扑,2555,材,1
2057,扒,2544,机,1
2057,扒,5853,趴,1
2058,打,1038,圹,1
2058,打,2061,扛,1
2058,打,2065,扩,1
2058,打,2066,扪,1
2058,打,2106,抹,1
2058,打,2946,汀,1
2058,打,3356,灯,1
2059,扔,1242,奶,1
2059,扔,2134,拟,1
2059,扔,2610,柄,1
2060,托,559,北,1
2060,托,1030,圩,1
2060,托,2072,扰,1
2060,托,2077,扼,1
2060,托,2093,抚,1
2060,托,2113,拄,1
2060,托,2143,括,1
2060,托,2560,杞,1
2060,托,3503,牦,1
2061,扛,2113,拄,1
2061,扛,2136,拣,1
2061,扛,4431,糠,1
2062,扣,2059,扔,1
2062,扣,2121,拍,1
2062,扣,2557,杓,1
2062,扣,2603,枳,1
2063,扦,1030,圩,1
2063,扦,2060,托,1
2063,扦,2120,拌,1
2064,执,72,乱,1
2064,执,2059,扔,1
2064,执,2096,抠,1
2064,执,2143,括,1
2064,执,2167,挞,1
2064,执,2207,捶,1
2065,扩,40,为,1
2065,扩,1038,圹,1
2065,扩,2063,扦,1
2065,扩,2140,拧,1
2065,扩,2565,杧,1
2065,扩,3530,犷,1
2065,扩,4732,肜,1
2066,扪,1608,州,1
2067,扫,2061,扛,1
2067,扫,2062,扣,1
2067,扫,2364,救,1
2068,扬,2070,扮,1
2068,扬,2085,抑,1
2068,扬,2186,捅,1
2068,扬,3698,璃,1
2068,扬,3795,疡,1
2069,扭,2059,扔,1
2069,扭,2062,扣,1
2069,扭,2067,扫,1
2069,扭,2116,拇,1
2069,扭,2208,捷,1
2069,扭,4481,纽,1
2070,扮,2059,扔,1
2070,扮,2117,拈,1
2070,扮,2127,拖,1
2070,扮,2132,招,1
2070,扮,2134,拟,1
2070,扮,3721,瓣,1
2071,扯,1042,址,1
2071,扯,2082,抄,1
2071,扯,2124,拒,1
2071,扯,2139,拦,1
2072,扰,2075,批,1
2072,扰,2147,拱,1
2072,扰,3532,犹,1
2073,扳,1043,坂,1
2073,扳,1250,妆,1
2073,扳,2087,抓,1
2073,扳,2115,拆,1
2073,扳,2134,拟,1
2073,扳,2153,拽,1
2073,扳,2364,救,1
2073,扳,2376,数,1
2073,扳,5617,讹,1
2074,扶,2106,抹,1
2074,扶,7115,麸,1
2075,批,2166,挝,1
2076,扺,1072,坻,1
2076,扺,2075,批,1
2076,扺,2093,抚,1
2076,扺,2105,抵,1
2076,扺,2110,抿,1
2076,扺,2162,挑,1
2077,扼,3526,犯,1
2078,找,559,北,1
2078,找,2022,我,1
2078,找,2135,拢,1
2078,找,2137,拤,1
2078,找,2158,指,1
2078,找,5098,莪,1
2079,承,410,冰,1
2079,承,534,勇,1
2079,承,1490,尿,1
2079,承,5430,螽,1
2079,承,5744,豕,1
2079,承,6822,馒,1
2080,技,2073,扳,1
2080,技,2100,报,1
2080,技,2102,披,1
2082,抄,1113,埗,1
2082,抄,2551,杉,1
2083,抉,1052,块,1
2083,抉,1829,快,1
2083,抉,2069,扭,1
2083,抉,2093,抚,1
2083,抉,2096,抠,1
2083,抉,2208,捷,1
2084,把,1035,圯,1
2084,把,2096,抠,1
2084,把,2560,杞,1
2085,抑,2108,押,1
2085,抑,2632,柳,1
2085,抑,3553,狮,1
2086,抒,1030,圩,1
2086,抒,2184,捂,1
2086,抒,2191,捍,1
2087,抓,1049,坏,1
2087,抓,1072,坻,1
2087,抓,2076,扺,1
2087,抓,2088,抔,1
2087,抓,2091,抗,1
2087,抓,2093,抚,1
2087,抓,2134,拟,1
2087,抓,3541,狐,1
2088,抔,2115,拆,1
2088,抔,2570,杯,1
2088,抔,3538,狉,1
2089,投,1778,役,1
2089,投,2074,扶,1
2089,投,2122,拎,1
2089,投,2147,拱,1
2089,投,2160,按,1
2089,投,2214,授,1
2089,投,2603,枳,1
2089,投,3504,牧,1
2090,抖,2063,扦,1
2090,抖,2074,扶,1
2090,抖,3369,炒,1
2090,抖,4182,科,1
2090,抖,5324,蚪,1
2091,抗,1051,坑,1
2091,抗,1054,坛,1
2091,抗,2061,扛,1
2091,抗,2081,抃,1
2091,抗,2087,抓,1
2091,抗,2093,抚,1
2091,抗,2113,拄,1
2091,抗,2154,拾,1
2091,抗,2160,按,1
2091,抗,2173,挤,1
2091,抗,2179,振,1
2091,抗,2569,杭,1
2091,抗,2578,松,1
2091,抗,4403,粝,1
2092,折,1835,忻,1
2092,折,2044,所,1
2092,折,2060,托,1
2092,折,2063,扦,1
2092,折,2076,扺,1
2092,折,2131,拚,1
2092,折,2140,拧,1
2092,折,4135,祈,1
2093,抚,1842,怃,1
2093,抚,2183,挽,1
2093,抚,2272,搌,1
2094,抛,1069,坳,1
2094,抛,2127,拖,1
2095,抟,2078,找,1
2096,抠,1034,圮,1
2096,抠,2124,拒,1
2097,抡,1063,坨,1
2097,抡,2060,托,1
2097,抡,2103,抬,1
2097,抡,2104,抱,1
2097,抡,2127,拖,1
2097,抡,2154,拾,1
2097,抡,2198,捡,1
2097,抡,5022,茏,1
2098,抢,2124,拒,1
2098,抢,2230,掩,1
2098,抢,2598,枪,1
2098,抢,3501,牡,1
2098,抢,5013,范,1
2099,护,2065,扩,1
2099,护,2070,扮,1
2099,护,2112,拃,1
2099,护,2172,挣,1
2099,护,2299,摔,1
2100,报,1060,坡,1
2100,报,1310,娠,1
2100,报,2104,抱,1
2100,报,2108,押,1
2100,报,2115,拆,1
2100,报,2197,损,1
2100,报,2526,服,1
2100,报,2580,极,1
2101,抨,156,伊,1
2101,抨,1065,坪,1
2101,抨,2063,扦,1
2101,抨,2076,扺,1
2101,抨,2099,护,1
2101,抨,2120,拌,1
2101,抨,2146,拯,1
2101,抨,2189,捋,1
2101,抨,2203,捭,1
2101,抨,2239,掸,1
2101,抨,2299,摔,1
2101,抨,4188,秤,1
2102,披,1636,帔,1
2102,披,2269,搂,1
2103,抬,2150,拶,1
2103,抬,2154,拾,1
2103,抬,2158,指,1
2104,抱,1063,坨,1
2104,抱,2097,抡,1
2104,抱,2163,挖,1
2104,抱,4397,粑,1
2105,抵,191,低,1
2105,抵,2075,批,1
2105,抵,2092,折,1
2105,抵,2115,拆,1
2105,抵,2119,拊,1
2105,抵,2622,柝,1
2105,抵,2644,栎,1
2106,抹,1271,妹,1
2106,抹,2587,林,1
2106,抹,2712,梾,1
2106,抹,4187,秣,1
2107,抻,2108,押,1
2107,抻,2109,抽,1
2108,押,2058,打,1
2108,押,2138,拥,1
2108,押,2273,搏,1
2108,押,2619,柙,1
2108,押,3188,渖,1
2109,抽,2116,拇,1
2109,抽,2144,拭,1
2109,抽,2588,枘,1
2109,抽,3508,牲,1
2110,抿,2077,扼,1
2110,抿,2100,报,1
2110,抿,2179,振,1
2110,抿,2569,杭,1
2110,抿,2718,棍,1
2111,拂,2131,拚,1
2111,拂,2197,损,1
2111,拂,2248,描,1
2111,拂,2278,搛,1
2113,拄,2112,拃,1
2113,拄,2118,拉,1
2113,拄,2229,推,1
2113,拄,2254,握,1
2113,拄,2565,杧,1
2113,拄,2631,柱,1
2113,拄,2645,栏,1
2113,拄,2666,桂,1
2113,拄,5165,葙,1
2114,担,1341,媳,1
2114,担,1855,怛,1
2114,担,2067,扫,1
2114,担,2193,捏,1
2114,担,3006,沮,1
2114,担,6047,迦,1
2115,拆,1065,坪,1
2115,拆,2062,扣,1
2115,拆,2073,扳,1
2115,拆,2076,扺,1
2115,拆,2081,抃,1
2115,拆,2112,拃,1
2115,拆,2140,拧,1
2115,拆,2622,柝,1
2116,拇,2109,抽,1
2116,拇,2203,捭,1
2116,拇,2219,掏,1
2117,拈,190,位,1
2117,拈,1066,坫,1
2117,拈,1859,怡,1
2117,拈,2091,抗,1
2117,拈,2103,抬,1
2117,拈,2145,拮,1
2117,拈,2158,指,1
2117,拈,2160,按,1
2117,拈,2192,捎,1
2117,拈,2551,杉,1
2117,拈,2601,枯,1
2117,拈,2603,枳,1
2118,拉,2095,抟,1
2118,拉,2122,拎,1
2118,拉,2143,括,1
2118,拉,2176,挨,1
2118,拉,2645,栏,1
2119,拊,2076,扺,1
2120,拌,581,半,1
2120,拌,1100,垱,1
2120,拌,4764,胖,1
2121,拍,1044,均,1
2121,拍,1081,垍,1
2121,拍,1269,妯,1
2121,拍,2096,抠,1
2121,拍,2119,拊,1
2121,拍,2124,拒,1
2121,拍,2129,拘,1
2121,拍,2186,捅,1
2121,拍,4399,粕,1
2122,拎,182,伶,1
2122,拎,1075,垃,1
2122,拎,1911,悖,1
2122,拎,2070,扮,1
2122,拎,2228,控,1
2122,拎,2609,柃,1
2122,拎,2688,桧,1
2122,拎,5985,辁,1
2123,拐,2059,扔,1
2123,拐,2070,扮,1
2123,拐,2190,捌,1
2123,拐,2241,掼,1
2124,拒,565,匡,1
2124,拒,2084,把,1
2124,拒,2096,抠,1
2124,拒,2112,拃,1
2124,拒,2118,拉,1
2124,拒,2139,拦,1
2125,拓,2059,扔,1
2125,拓,2091,抗,1
2125,拓,2118,拉,1
2125,拓,2145,拮,1
2125,拓,2185,捃,1
2125,拓,2220,掐,1
2125,拓,2544,机,1
2126,拔,2073,扳,1
2127,拖,2098,抢,1
2127,拖,2104,抱,1
2128,拗,2085,抑,1
2128,拗,2109,抽,1
2128,拗,2238,掷,1
2128,拗,2691,桫,1
2129,拘,2557,杓,1
2129,拘,3543,狗,1
2130,拙,1280,姓,1
2130,拙,2109,抽,1
2130,拙,2143,括,1
2130,拙,2769,榀,1
2130,拙,3430,然,1
2130,拙,5845,越,1
2130,拙,6144,邶,1
2131,拚,2116,拇,1
2131,拚,2171,挢,1
2132,招,2059,扔,1
2132,招,2093,抚,1
2132,招,2143,括,1
2133,拜,57,乒,1
2133,拜,156,伊,1
2133,拜,4188,秤,1
2133,拜,4208,稗,1
2133,拜,4210,稞,1
2133,拜,4458,纤,1
2133,拜,6384,铼,1
2134,拟,1056,坝,1
2134,拟,1772,彬,1
2134,拟,2075,批,1
2134,拟,2082,抄,1
2135,拢,2091,抗,1
2136,拣,1075,垃,1
2136,拣,2224,掠,1
2136,拣,2269,搂,1
2136,拣,2320,撩,1
2137,拤,2074,扶,1
2137,拤,2112,拃,1
2138,拥,1106,埇,1
2138,拥,2085,抑,1
2138,拥,2232,掬,1
2138,拥,2619,柙,1
2138,拥,5995,辋,1
2139,拦,1075,垃,1
2139,拦,2118,拉,1
2139,拦,2170,挡,1
2139,拦,2228,控,1
2140,拧,822,哲,1
2140,拧,1246,妁,1
2140,拧,2551,杉,1
2140,拧,2588,枘,1
2140,拧,3498,牛,1
2141,拨,2089,投,1
2141,拨,2147,拱,1
2142,择,1087,垟,1
2142,择,1871,怿,1
2142,择,2090,抖,1
2142,择,2101,抨,1
2142,择,2113,拄,1
2142,择,2174,挥,1
2142,择,2218,掎,1
2142,择,2299,摔,1
2143,括,822,哲,1
2143,括,1090,垢,1
2143,括,2145,拮,1
2143,括,2184,捂,1
2143,括,2185,捃,1
2143,括,2216,掊,1
2143,括,2220,掐,1
2143,括,2567,杩,1
2144,拭,2090,抖,1
2144,拭,2708,械,1
2144,拭,3737,甙,1
2145,拮,2699,梏,1
2146,拯,2067,扫,1
2146,拯,2118,拉,1
2146,拯,2130,拙,1
2146,拯,2678,桓,1
2147,拱,232,供,1
2147,拱,2139,拦,1
2147,拱,2169,挠,1
2147,拱,2231,措,1
2147,拱,2597,枨,1
2147,拱,2717,棋,1
2147,拱,3641,珙,1
2148,拳,478,券,1
2148,拳,1225,奉,1
2148,拳,1381,孝,1
2148,拳,2306,摹,1
2148,拳,2673,桊,1
2148,拳,4146,祟,1
2149,拴,2089,投,1
2149,拴,2135,拢,1
2149,拴,2139,拦,1
2149,拴,2157,挂,1
2149,拴,2178,挫,1
2149,拴,2207,捶,1
2149,拴,2228,控,1
2149,拴,5976,轸,1
2149,拴,5985,辁,1
2150,拶,2256,揩,1
2151,拷,1946,惨,1
2151,拷,2086,抒,1
2151,拷,2095,抟,1
2151,拷,2122,拎,1
2151,拷,2136,拣,1
2151,拷,2189,捋,1
2151,拷,2216,掊,1
2151,拷,2224,掠,1
2151,拷,4669,考,1
2152,拼,2172,挣,1
2152,拼,2173,挤,1
2152,拼,2278,搛,1
2153,拽,2130,拙,1
2153,拽,2239,掸,1
2154,拾,2070,扮,1
2154,拾,2140,拧,1
2154,拾,2149,拴,1
2154,拾,2158,指,1
2154,拾,2198,捡,1
2154,拾,2252,揞,1
2154,拾,2280,搞,1
2154,拾,2296,摈,1
2154,拾,4508,给,1
2154,拾,4685,耠,1
2155,拿,77,争,1
2155,拿,168,伞,1
2155,拿,1378,孚,1
2155,拿,4306,等,1
2156,持,1874,恃,1
2156,持,2157,挂,1
2156,持,2643,栌,1
2156,持,2697,梅,1
2157,挂,2106,抹,1
2157,挂,2139,拦,1
2157,挂,2228,控,1
2157,挂,2269,搂,1
2157,挂,3591,猹,1
2157,挂,4204,程,1
2158,指,1380,孜,1
2158,指,1905,悄,1
2158,指,2117,拈,1
2158,指,2121,拍,1
2158,指,2124,拒,1
2158,指,2154,拾,1
2158,指,2170,挡,1
2158,指,2192,捎,1
2158,指,2222,掖,1
2158,指,2231,措,1
2158,指,2248,描,1
2158,指,2274,搐,1
2158,指,2364,救,1
2158,指,3660,琐,1
2158,指,5657,诣,1
2160,按,1057,坞,1
2160,按,2102,披,1
2160,按,2109,抽,1
2160,按,2207,捶,1
2160,按,2227,接,1
2160,按,2228,控,1
2160,按,2895,母,1
2160,按,3519,犍,1
2161,挎,1098,垮,1
2161,挎,1216,夸,1
2161,挎,2095,抟,1
2161,挎,2140,拧,1
2161,挎,2156,持,1
2161,挎,2329,撼,1
2162,挑,3646,珧,1
2163,挖,2249,提,1
2163,挖,2726,棬,1
2164,挚,2149,拴,1
2164,挚,2343,攀,1
2164,挚,7051,鸷,1
2165,挛,99,亨,1
2165,挛,1696,庠,1
2165,挛,1751,弯,1
2165,挛,2148,拳,1
2165,挛,3606,率,1
2165,挛,7122,黍,1
2166,挝,2094,抛,1
2166,挝,2114,担,1
2166,挝,2134,拟,1
2166,挝,2167,挞,1
2166,挝,3658,琎,1
2167,挞,1186,壮,1
2167,挞,2096,抠,1
2167,挞,5839,赵,1
2167,挞,5885,跶,1
2168,挟,2288,携,1
2168,挟,4190,秧,1
2168,挟,5081,荻,1
2168,挟,5999,辏,1
2169,挠,2093,抚,1
2169,挠,2157,挂,1
2169,挠,2168,挟,1
2169,挠,2286,搭,1
2169,挠,2682,桡,1
2169,挠,3090,浇,1
2169,挠,4801,脑,1
2169,挠,6852,骁,1
2170,挡,2102,披,1
2170,挡,2157,挂,1
2170,挡,2175,挦,1
2170,挡,2184,捂,1
2170,挡,2248,描,1
2170,挡,2252,揞,1
2170,挡,2807,樘,1
2171,挢,2686,桥,1
2172,挣,2101,抨,1
2172,挣,2164,挚,1
2172,挣,2239,掸,1
2172,挣,3555,狰,1
2172,挣,3664,琤,1
2173,挤,1734,弊,1
2173,挤,2131,拚,1
2173,挤,2152,拼,1
2173,挤,2171,挢,1
2173,挤,2661,格,1
2174,挥,2156,持,1
2174,挥,2299,摔,1
2174,挥,2333,操,1
2174,挥,2658,样,1
2175,挦,2189,捋,1
2175,挦,6001,辑,1
2176,挨,2147,拱,1
2176,挨,2225,探,1
2176,挨,2249,提,1
2176,挨,2305,摸,1
2176,挨,2706,梭,1
2177,挪,1134,堋,1
2177,挪,1308,娜,1
2177,挪,2085,抑,1
2177,挪,2747,椰,1
2178,挫,2130,拙,1
2178,挫,2146,拯,1
2178,挫,2193,捏,1
2178,挫,2294,摆,1
2178,挫,3508,牲,1
2178,挫,6413,错,1
2179,振,1054,坛,1
2179,振,1310,娠,1
2179,振,2199,换,1
2179,振,2578,松,1
2179,振,2709,梳,1
2179,振,3085,派,1
2180,挲,35,串,1
2180,挲,2165,挛,1
2180,挲,3306,潦,1
2180,挲,5514,裟,1
2181,挹,2251,揖,1
2181,挹,2726,棬,1
2181,挹,4931,艳,1
2182,挺,2188,捉,1
2182,挺,2384,斑,1
2183,挽,1313,娩,1
2183,挽,2091,抗,1
2183,挽,2104,抱,1
2183,挽,2163,挖,1
2183,挽,2267,搀,1
2183,挽,2714,棁,1
2184,捂,2124,拒,1
2184,捂,2154,拾,1
2184,捂,2286,搭,1
2184,捂,3570,猎,1
2184,捂,5084,莅,1
2184,捂,5130,菪,1
2185,捃,2132,招,1
2186,捅,2138,拥,1
2186,捅,2258,揭,1
2186,捅,2758,楠,1
2187,捆,2116,拇,1
2187,捆,2119,拊,1
2188,捉,1075,垃,1
2188,捉,2100,报,1
2188,捉,2146,拯,1
2188,捉,2197,损,1
2188,捉,2755,楚,1
2188,捉,5077,荮,1
2188,捉,6667,靛,1
2189,捋,2317,撙,1
2189,捋,4418,糁,1
2191,捍,1908,悍,1
2191,捍,2156,持,1
2191,捍,2174,挥,1
2191,捍,2574,杵,1
2191,捍,2745,椤,1
2192,捎,2111,拂,1
2192,捎,2121,拍,1
2192,捎,2234,掮,1
2193,捏,1304,娌,1
2193,捏,2078,找,1
2193,捏,2249,提,1
2193,捏,2265,揾,1
2194,捐,358,兆,1
2194,捐,1309,娟,1
2194,捐,2158,指,1
2194,捐,2186,捅,1
2194,捐,2248,描,1
2194,捐,2761,楫,1
2194,捐,4205,稍,1
2195,捕,1111,埔,1
2195,捕,2158,指,1
2195,捕,5989,辅,1
2196,捞,2111,拂,1
2196,捞,2236,掳,1
2196,捞,2254,握,1
2196,捞,2273,搏,1
2196,捞,2275,搒,1
2196,捞,2652,栟,1
2197,损,1115,埙,1
2197,损,2261,援,1
2197,损,2323,撮,1
2197,损,2683,桢,1
2197,损,6714,顶,1
2197,损,6729,颅,1
2198,捡,2118,拉,1
2198,捡,2139,拦,1
2198,捡,2154,拾,1
2198,捡,2254,握,1
2198,捡,2659,核,1
2198,捡,4331,简,1
2199,换,1136,堍,1
2199,换,2124,拒,1
2199,换,2160,按,1
2199,换,2188,捉,1
2199,换,3595,獏,1
2200,捣,1057,坞,1
2200,捣,2116,拇,1
2200,捣,2150,拶,1
2200,捣,2158,指,1
2200,捣,2189,捋,1
2200,捣,2258,揭,1
2200,捣,2789,榻,1
2201,捧,2149,拴,1
2201,捧,2171,挢,1
2201,捧,2191,捍,1
2201,捧,2276,搓,1
2201,捧,3669,琫,1
2203,捭,1120,埤,1
2203,捭,2273,搏,1
2204,据,2110,抿,1
2204,据,2143,括,1
2204,据,5124,菝,1
2205,捯,2190,捌,1
2206,捱,3969,睚,1
2207,捶,2157,挂,1
2207,捶,2182,挺,1
2207,捶,2243,揄,1
2207,捶,2277,搔,1
2207,捶,3519,犍,1
2208,捷,1323,婕,1
2208,捷,2127,拖,1
2208,捷,2188,捉,1
2209,捺,2145,拮,1
2209,捺,2149,拴,1
2209,捺,2161,挎,1
2209,捺,2218,掎,1
2209,捺,2240,掺,1
2209,捺,2289,搽,1
2209,捺,2736,椅,1
2209,捺,5148,萘,1
2210,捻,2711,梽,1
2211,掀,1177,墩,1
2211,掀,2257,揪,1
2211,掀,2315,撕,1
2211,掀,2364,救,1
2212,掂,1944,惦,1
2212,掂,2236,掳,1
2213,掇,4546,缀,1
2213,掇,5997,辍,1
2214,授,2089,投,1
2214,授,2224,掠,1
2214,授,2706,梭,1
2215,掉,653,叛,1
2215,掉,2060,托,1
2215,掉,2120,拌,1
2215,掉,2172,挣,1
2215,掉,2203,捭,1
2215,掉,2328,撺,1
2215,掉,2738,植,1
2216,掊,2275,搒,1
2217,掌,103,亭,1
2217,掌,586,卓,1
2217,掌,1130,堂,1
2217,掌,1466,尊,1
2217,掌,2155,拿,1
2217,掌,2165,挛,1
2217,掌,2180,挲,1
2217,掌,2287,搴,1
2218,掎,2161,挎,1
2218,掎,2736,椅,1
2219,掏,3407,烫,1
2220,掐,1852,怕,1
2220,掐,2103,抬,1
2220,掐,2117,拈,1
2220,掐,2200,捣,1
2220,掐,2250,插,1
2220,掐,2331,擂,1
2220,掐,2680,桕,1
2220,掐,5846,趋,1
2221,排,1925,悱,1
2221,排,2177,挪,1
2222,掖,1177,墩,1
2222,掖,2214,授,1
2222,掖,2314,撒,1
2223,掘,2110,抿,1
2223,掘,2229,推,1
2223,掘,2254,握,1
2223,掘,2335,擐,1
2224,掠,1934,惊,1
2224,掠,2089,投,1
2224,掠,2113,拄,1
2224,掠,2140,拧,1
2224,掠,2225,探,1
2224,掠,2228,控,1
2224,掠,2245,揉,1
2224,掠,2638,标,1
2224,掠,2735,椁,1
2224,掠,4395,籽,1
2225,探,1085,垛,1
2225,探,1172,墚,1
2225,探,2301,摞,1
2225,探,3662,琛,1
2226,掣,2165,挛,1
2227,接,1355,嫠,1
2227,接,2097,抡,1
2227,接,2212,掂,1
2227,接,2269,搂,1
2227,接,2299,摔,1
2227,接,2732,棺,1
2228,控,1103,垸,1
2228,控,2113,拄,1
2228,控,2118,拉,1
2228,控,2122,拎,1
2228,控,2178,挫,1
2228,控,2247,揎,1
2228,控,2254,握,1
2228,控,2685,桤,1
2228,控,5358,蛴,1
2229,推,2103,抬,1
2229,推,2112,拃,1
2229,推,2113,拄,1
2229,推,2206,捱,1
2229,推,2254,握,1
2229,推,2297,摊,1
2229,推,4209,稚,1
2230,掩,1122,埯,1
2230,掩,2183,挽,1
2230,掩,2636,栀,1
2231,措,2103,抬,1
2231,措,2158,指,1
2231,措,2178,挫,1
2231,措,2194,捐,1
2231,措,2248,描,1
2231,措,2256,揩,1
2231,措,2322,播,1
2231,措,4223,穑,1
2232,掬,2116,拇,1
2233,掭,3178,添,1
2234,掮,1133,堉,1
2234,掮,2194,捐,1
2235,掰,2384,斑,1
2235,掰,6017,辩,1
2235,掰,7065,鹅,1
2236,掳,2234,掮,1
2236,掳,2271,搋,1
2236,掳,2288,携,1
2238,掷,6175,郴,1
2239,掸,1087,垟,1
2239,掸,2101,抨,1
2239,掸,2203,捭,1
2239,掸,2273,搏,1
2239,掸,2658,样,1
2239,掸,2731,棹,1
2240,掺,640,参,1
2240,掺,1946,惨,1
2240,掺,2216,掊,1
2240,掺,2551,杉,1
2240,掺,3189,渗,1
2240,掺,4418,糁,1
2241,掼,1952,惯,1
2241,掼,2345,攒,1
2243,揄,6859,骊,1
2244,揆,2178,挫,1
2245,揉,1085,垛,1
2245,揉,2175,挦,1
2245,揉,2207,捶,1
2245,揉,3290,漯,1
2245,揉,6693,鞣,1
2246,揍,2201,捧,1
2246,揍,2289,搽,1
2246,揍,2764,楱,1
2246,揍,4186,租,1
2247,揎,2332,擅,1
2247,揎,2491,暄,1
2247,揎,2760,楦,1
2248,描,1145,堪,1
2248,描,1344,媾,1
2248,描,1940,惜,1
2248,描,2231,措,1
2248,描,2265,揾,1
2248,描,2286,搭,1
2249,提,2188,捉,1
2249,提,2272,搌,1
2249,提,2291,摁,1
2250,插,2195,捕,1
2250,插,2220,掐,1
2250,插,2818,橇,1
2250,插,6442,锸,1
2251,揖,2295,摇,1
2252,揞,2194,捐,1
2252,揞,2216,掊,1
2252,揞,2231,措,1
2254,握,2202,捩,1
2254,握,2204,据,1
2254,握,2206,捱,1
2254,握,2223,掘,1
2254,握,3595,獏,1
2254,握,6059,追,1
2255,揣,2186,捅,1
2255,揣,2248,描,1
2255,揣,2686,桥,1
2256,揩,2141,拨,1
2256,揩,2248,描,1
2256,揩,2252,揞,1
2256,揩,2289,搽,1
2256,揩,2307,摺,1
2256,揩,2765,楷,1
2257,揪,1940,惜,1
2258,揭,2123,拐,1
2258,揭,2170,挡,1
2258,揭,2194,捐,1
2258,揭,2231,措,1
2258,揭,2291,摁,1
2258,揭,4636,羯,1
2260,揳,2199,换,1
2260,揳,2753,楔,1
2261,援,1338,媛,1
2261,援,2276,搓,1
2261,援,2294,摆,1
2261,援,2706,梭,1
2261,援,2786,榱,1
2262,揶,2316,撖,1
2262,揶,2747,椰,1
2264,揽,2270,搅,1
2265,揾,1339,媪,1
2265,揾,2335,擐,1
2265,揾,6707,韫,1
2266,揿,2211,掀,1
2266,揿,2326,撷,1
2267,搀,2091,抗,1
2267,搀,2171,挢,1
2267,搀,2183,挽,1
2267,搀,2329,撼,1
2268,搁,2077,扼,1
2268,搁,2121,拍,1
2268,搁,2774,榈,1
2269,搂,2080,技,1
2269,搂,2111,拂,1
2269,搂,2227,接,1
2269,搂,2322,播,1
2270,搅,2183,挽,1
2270,搅,2345,攒,1
2271,搋,2223,掘,1
2272,搌,2298,摒,1
2273,搏,2156,持,1
2273,搏,2175,挦,1
2273,搏,2187,捆,1
2273,搏,2195,捕,1
2273,搏,2269,搂,1
2274,搐,2252,揞,1
2274,搐,2255,揣,1
2274,搐,3576,猜,1
2275,搒,2274,搐,1
2275,搒,2284,搪,1
2275,搒,2333,操,1
2276,搓,2093,抚,1
2276,搓,2139,拦,1
2276,搓,2231,措,1
2276,搓,2261,援,1
2277,搔,2704,梧,1
2279,搜,2095,抟,1
2279,搜,2176,挨,1
2279,搜,2260,揳,1
2279,搜,5415,螋,1
2280,搞,1039,场,1
2280,搞,1094,垧,1
2280,搞,2216,掊,1
2280,搞,2274,搐,1
2280,搞,4219,稿,1
2282,搡,2245,揉,1
2282,搡,2273,搏,1
2282,搡,2308,摽,1
2282,搡,2333,操,1
2282,搡,2342,擦,1
2283,搦,3246,溺,1
2284,搪,504,剪,1
2284,搪,1156,塘,1
2284,搪,2125,拓,1
2284,搪,2240,掺,1
2284,搪,2304,摭,1
2284,搪,2740,椐,1
2285,搬,2162,挑,1
2285,搬,2316,撖,1
2286,搭,2147,拱,1
2286,搭,2151,拷,1
2286,搭,2161,挎,1
2286,搭,2228,控,1
2286,搭,2289,搽,1
2286,搭,6024,达,1
2287,搴,4256,窭,1
2288,携,2255,揣,1
2288,携,2342,擦,1
2288,携,2665,桁,1
2288,携,2798,槜,1
2288,携,6135,邪,1
2289,搽,2106,抹,1
2289,搽,2320,撩,1
2289,搽,2325,撵,1
2289,搽,2642,栋,1
2290,搿,3572,猕,1
2290,搿,6018,辫,1
2291,摁,2309,撂,1
2291,摁,2718,棍,1
2292,摄,2322,播,1
2292,摄,2323,撮,1
2292,摄,3265,滠,1
2293,摅,2179,振,1
2293,摅,5833,赪,1
2294,摆,1150,塄,1
2294,摆,2291,摁,1
2294,摆,2295,摇,1
2294,摆,2335,擐,1
2294,摆,2811,横,1
2295,摇,2113,拄,1
2295,摇,2152,拼,1
2295,摇,2176,挨,1
2295,摇,2254,握,1
2295,摇,2308,摽,1
2296,摈,1105,埃,1
2296,摈,2073,扳,1
2296,摈,2176,挨,1
2296,摈,2224,掠,1
2296,摈,2228,控,1
2296,摈,2305,摸,1
2297,摊,2162,挑,1
2298,摒,2110,抿,1
2298,摒,2275,搒,1
2299,摔,1172,墚,1
2299,摔,1331,婵,1
2299,摔,2142,择,1
2299,摔,2172,挣,1
2299,摔,2191,捍,1
2299,摔,2215,掉,1
2299,摔,2224,掠,1
2299,摔,2328,撺,1
2299,摔,2700,梓,1
2299,摔,3405,烨,1
2300,摘,1169,墒,1
2300,摘,2237,掴,1
2300,摘,2248,描,1
2300,摘,2283,搦,1
2300,摘,3521,犒,1
2301,摞,2308,摽,1
2301,摞,2347,攥,1
2302,摧,2229,推,1
2302,摧,2270,搅,1
2302,摧,2271,搋,1
2302,摧,2297,摊,1
2302,摧,2344,攉,1
2302,摧,2783,榨,1
2302,摧,3696,璀,1
2302,摧,4044,砦,1
2303,摩,1697,庤,1
2303,摩,1705,康,1
2303,摩,2338,擘,1
2303,摩,4113,磨,1
2303,摩,4447,縻,1
2305,摸,1361,嫫,1
2305,摸,1388,孩,1
2305,摸,2147,拱,1
2305,摸,2168,挟,1
2305,摸,2169,挠,1
2305,摸,2199,换,1
2305,摸,2244,揆,1
2305,摸,2248,描,1
2305,摸,2807,樘,1
2306,摹,1656,幂,1
2306,摹,1661,幕,1
2306,摹,2287,搴,1
2306,摹,5067,荤,1
2306,摹,5180,葺,1
2306,摹,5192,蒡,1
2308,摽,2313,撑,1
2311,撅,2822,橛,1
2312,撇,2314,撒,1
2312,撇,2339,擞,1
2313,撑,1902,恽,1
2313,撑,2113,拄,1
2313,撑,2174,挥,1
2313,撑,2239,掸,1
2313,撑,2328,撺,1
2314,撒,347,儆,1
2314,撒,2326,撷,1
2314,撒,2339,擞,1
2314,撒,2372,散,1
2314,撒,2830,檄,1
2314,撒,3311,潵,1
2314,撒,3701,璈,1
2315,撕,1772,彬,1
2316,撖,2211,掀,1
2316,撖,2319,撤,1
2317,撙,590,博,1
2317,撙,2347,攥,1
2318,撞,2093,抚,1
2318,撞,2139,拦,1
2318,撞,2176,挨,1
2318,撞,2227,接,1
2318,撞,2280,搞,1
2318,撞,2284,搪,1
2318,撞,2332,擅,1
2318,撞,2807,樘,1
2319,撤,2285,搬,1
2319,撤,2311,撅,1
2319,撤,2312,撇,1
2319,撤,2367,教,1
2319,撤,6009,辙,1
2320,撩,2275,搒,1
2320,撩,2289,搽,1
2320,撩,3464,燎,1
2322,播,1664,幡,1
2322,播,2274,搐,1
2322,播,2295,摇,1
2322,播,2331,擂,1
2323,撮,2276,搓,1
2323,撮,2298,摒,1
2323,撮,2311,撅,1
2324,撰,966,噀,1
2324,撰,2294,摆,1
2324,撰,2349,攮,1
2325,撵,2337,擗,1
2325,撵,3276,滹,1
2325,撵,3302,潜,1
2328,撺,2239,掸,1
2329,撼,2006,懋,1
2329,撼,2269,搂,1
2329,撼,3424,焚,1
2329,撼,4874,臧,1
2331,擂,1351,嫖,1
2331,擂,2184,捂,1
2331,擂,2332,擅,1
2331,擂,2833,檑,1
2331,擂,4442,累,1
2331,擂,4725,肋,1
2332,擅,2118,拉,1
2332,擅,2344,攉,1
2332,擅,2829,檀,1
2333,操,2189,捋,1
2333,操,2199,换,1
2333,操,2245,揉,1
2333,操,2276,搓,1
2333,操,2324,撰,1
2333,操,2346,攘,1
2333,操,3249,滁,1
2333,操,3469,燥,1
2334,擎,2159,挈,1
2334,擎,2217,掌,1
2334,擎,2733,棻,1
2334,擎,5239,蕈,1
2334,擎,6666,静,1
2335,擐,2241,掼,1
2336,擒,2210,捻,1
2336,擒,2280,搞,1
2336,擒,2286,搭,1
2336,擒,2288,携,1
2336,擒,2831,檎,1
2338,擘,1364,嬖,1
2338,擘,4319,筝,1
2338,擘,4866,臂,1
2339,擞,1177,墩,1
2339,擞,2292,摄,1
2339,擞,2314,撒,1
2339,擞,2316,撖,1
2339,擞,2323,撮,1
2339,擞,2329,撼,1
2340,擢,4620,罹,1
2342,擦,2228,控,1
2342,擦,2267,搀,1
2342,擦,2292,摄,1
2342,擦,2308,摽,1
2342,擦,2347,攥,1
2342,擦,2837,檫,1
2343,攀,2805,樊,1
2344,攉,2331,擂,1
2344,攉,2340,擢,1
2344,攉,3340,濯,1
2345,攒,2241,掼,1
2345,攒,3715,瓒,1
2345,攒,5793,贽,1
2346,攘,2227,接,1
2346,攘,2261,援,1
2346,攘,2288,携,1
2346,攘,2349,攮,1
2346,攘,2786,榱,1
2346,攘,4225,穰,1
2348,攫,2264,揽,1
2350,支,1721,廴,1
2350,支,5836,走,1
2352,攵,2356,攻,1
2352,攵,4936,艾,1
2353,收,140,以,1
2353,收,676,叹,1
2353,收,1241,奴,1
2353,收,3353,火,1
2353,收,4563,缓,1
2353,收,4788,胶,1
2353,收,5638,诐,1
2354,攸,157,伋,1
2354,攸,311,做,1
2355,改,1380,孜,1
2355,改,1745,弥,1
2355,改,2358,政,1
2355,改,2362,敌,1
2355,改,2366,敖,1
2355,改,3623,玫,1
2355,改,4460,约,1
2355,改,5765,贡,1
2355,改,5859,趿,1
2356,攻,1043,坂,1
2356,攻,2355,改,1
2356,攻,2357,放,1
2356,攻,2358,政,1
2356,攻,2971,汲,1
2356,攻,3616,玟,1
2356,攻,3623,玫,1
2357,放,648,叔,1
2357,放,1380,孜,1
2357,放,1745,弥,1
2357,放,2359,故,1
2357,放,2362,敌,1
2357,放,2367,教,1
2357,放,2371,敢,1
2357,放,2742,椒,1
2357,放,4901,舨,1
2357,放,5598,认,1
2357,放,6725,颁,1
2357,放,6788,饭,1
2357,放,7031,鸡,1
2358,政,645,双,1
2358,政,676,叹,1
2358,政,2355,改,1
2358,政,2356,攻,1
2358,政,2365,敕,1
2358,政,2845,欧,1
2358,政,2887,殴,1
2358,政,2888,段,1
2358,政,3745,甫,1
2358,政,4879,致,1
2358,政,5862,跆,1
2359,故,1048,坎,1
2359,故,2027,战,1
2359,故,2355,改,1
2359,故,2357,放,1
2359,故,2362,敌,1
2359,故,2843,欣,1
2359,故,2852,歃,1
2359,故,2960,汝,1
2359,故,4031,砍,1
2360,效,533,勃,1
2360,效,2367,教,1
2360,效,2407,旅,1
2360,效,6838,驳,1
2361,敉,653,叛,1
2361,敉,2369,敝,1
2361,敉,2855,歉,1
2361,敉,4413,粳,1
2362,敌,72,乱,1
2362,敌,311,做,1
2362,敌,1241,奴,1
2362,敌,2366,敖,1
2362,敌,6013,辞,1
2362,敌,6289,钗,1
2363,敏,2368,敛,1
2363,敏,2376,数,1
2363,敏,5742,豉,1
2363,敏,6788,饭,1
2364,救,648,叔,1
2364,救,2134,拟,1
2364,救,2146,拯,1
2364,救,2367,教,1
2364,救,2580,极,1
2364,救,2909,毯,1
2364,救,4395,籽,1
2365,敕,2364,救,1
2365,敕,5817,赖,1
2366,敖,2362,敌,1
2366,敖,2376,数,1
2366,敖,2379,敷,1
2366,敖,3491,版,1
2366,敖,4415,粼,1
2366,敖,6704,韨,1
2367,教,2359,故,1
2367,教,2366,敖,1
2367,教,2373,敦,1
2367,教,2375,敬,1
2367,教,2849,欹,1
2367,教,4879,致,1
2367,教,5831,赦,1
2368,敛,176,伪,1
2368,敛,2362,敌,1
2368,敛,2373,敦,1
2368,敛,2376,数,1
2368,敛,4212,稣,1
2368,敛,4478,纹,1
2368,敛,6301,钣,1
2368,敛,6736,颌,1
2368,敛,6788,饭,1
2369,敝,2359,故,1
2369,敝,2361,敉,1
2369,敝,2365,敕,1
2369,敝,2698,梆,1
2369,敝,3311,潵,1
2369,敝,3491,版,1
2370,敞,3762,畋,1
2370,敞,6731,颇,1
2371,敢,60,乖,1
2371,敢,649,取,1
2371,敢,1201,夜,1
2371,敢,2372,散,1
2371,敢,3791,疚,1
2372,散,649,取,1
2372,散,653,叛,1
2372,散,2366,敖,1
2372,散,2367,教,1
2372,散,2371,敢,1
2372,散,5237,蔽,1
2373,敦,1391,孰,1
2373,敦,2367,教,1
2373,敦,6173,郭,1
2373,敦,6301,钣,1
2374,敫,4704,聂,1
2375,敬,2367,教,1
2375,敬,2370,敞,1
2375,敬,2844,欤,1
2375,敬,5158,萸,1
2375,敬,5831,赦,1
2375,敬,6177,都,1
2375,敬,6844,驹,1
2376,数,1215,夷,1
2376,数,1317,娶,1
2376,数,2064,执,1
2376,数,2367,教,1
2376,数,4410,粮,1
2376,数,5263,薮,1
2376,数,5311,蚊,1
2376,数,7148,鼓,1
2377,敲,2893,毅,1
2377,敲,4792,能,1
2377,敲,5237,蔽,1
2377,敲,6749,颜,1
2378,整,1850,怒,1
2378,整,1992,憋,1
2378,整,1998,憨,1
2378,整,4109,磐,1
2378,整,5928,蹙,1
2378,整,6263,鋆,1
2378,整,7008,鳌,1
2379,敷,1936,惑,1
2379,敷,2374,敫,1
2379,敷,2850,欺,1
2379,敷,5309,蚁,1
2380,文,2840,欠,1
2380,文,4172,离,1
2380,文,4936,艾,1
2380,文,6021,辶,1
2381,斋,789,哀,1
2381,斋,3770,畜,1
2381,斋,6011,辛,1
2381,斋,6710,音,1
2382,斌,1312,娥,1
2382,斌,4046,砩,1
2382,斌,5528,褂,1
2382,斌,5807,赋,1
2384,斑,1241,奴,1
2384,斑,1755,弼,1
2384,斑,3651,珽,1
2386,斗,32,丬,1
2386,斗,34,丰,1
2386,斗,2052,手,1
2386,斗,2947,汁,1
2386,斗,3498,牛,1
2387,料,4395,籽,1
2387,料,4679,耕,1
2388,斛,4489,绅,1
2389,斜,479,刹,1
2389,斜,4469,纰,1
2389,斜,4756,胁,1
2389,斜,4894,舛,1
2389,斜,6311,钭,1
2390,斝,4347,箪,1
2390,斝,6853,骂,1
2391,斟,2399,斯,1
2392,斡,5842,趁,1
2392,斡,5975,轷,1
2393,斤,2918,氏,1
2394,斥,53,乍,1
2394,斥,132,付,1
2394,斥,656,口,1
2394,斥,2352,攵,1
2396,斩,1254,妍,1
2396,斩,5969,轱,1
2396,斩,5975,轷,1
2396,斩,6133,那,1
2396,斩,6185,鄞,1
2396,斩,6675,靳,1
2397,斫,4021,矸,1
2398,断,445,凼,1
2398,断,1950,惭,1
2398,断,3321,澎,1
2398,断,4380,簖,1
2398,断,6565,阶,1
2398,断,7169,龀,1
2399,斯,2446,昕,1
2399,斯,5116,菇,1
2400,新,2030,戟,1
2400,新,6728,预,1
2401,方,83,云,1
2401,方,85,亓,1
2401,方,103,亭,1
2401,方,452,分,1
2401,方,521,劣,1
2402,於,1749,弪,1
2403,施,1742,弛,1
2403,施,3000,沧,1
2403,施,4512,绝,1
2403,施,6031,迎,1
2403,施,6923,魂,1
2404,旁,4240,窍,1
2404,旁,4246,窘,1
2404,旁,4268,童,1
2404,旁,5159,萼,1
2404,旁,5192,蒡,1
2405,旃,42,丽,1
2405,旃,4311,筑,1
2405,旃,4918,艄,1
2406,旄,318,偻,1
2406,旄,2411,旎,1
2406,旄,2911,毵,1
2407,旅,233,依,1
2407,旅,3085,派,1
2407,旅,3436,煞,1
2407,旅,3491,版,1
2407,旅,4079,碇,1
2407,旅,5349,蛟,1
2407,旅,6016,辨,1
2408,旆,4141,祚,1
2408,旆,4269,竦,1
2409,旋,1239,奭,1
2409,旋,1707,庹,1
2409,旋,4309,筏,1
2409,旋,5629,识,1
2409,旋,6210,酥,1
2409,旋,6721,顽,1
2410,旌,5053,荏,1
2410,旌,6042,连,1
2411,旎,2669,桅,1
2411,旎,4794,脆,1
2412,族,1142,堠,1
2412,族,1347,嫉,1
2412,族,2382,斌,1
2412,族,2410,旌,1
2412,族,2413,旒,1
2412,族,3205,湃,1
2412,族,3686,瑛,1
2412,族,4507,绘,1
2412,族,5489,袒,1
2412,族,5675,诶,1
2413,旒,2709,梳,1
2413,旒,5230,蔬,1
2414,旖,2781,榜,1
2414,旖,5537,褥,1
2415,旗,4157,祺,1
2415,旗,6479,镞,1
2416,无,4951,芜,1
2417,既,3228,溉,1
2417,既,3635,珉,1
2417,既,3949,眠,1
2417,既,3953,眩,1
2417,既,5317,蚜,1
2417,既,5786,贶,1
2418,日,67,习,1
2418,日,140,以,1
2418,日,390,冂,1
2418,日,399,冗,1
2418,日,616,厄,1
2418,日,1758,归,1
2418,日,2419,旦,1
2418,日,2968,汪,1
2418,日,3890,白,1
2418,日,4881,臼,1
2419,旦,1723,廷,1
2419,旦,6253,里,1
2420,旧,548,勾,1
2420,旧,1000,囚,1
2420,旧,1551,峒,1
2420,旧,2418,日,1
2420,旧,2966,汨,1
2420,旧,3039,泪,1
2420,旧,3173,淮,1
2420,旧,3814,疽,1
2421,旨,2425,旮,1
2421,旨,2443,昏,1
2421,旨,3736,甘,1
2421,旨,3891,百,1
2421,旨,4796,脊,1
2421,旨,4994,苜,1
2422,早,579,午,1
2422,早,638,县,1
2422,早,1459,寻,1
2422,早,3751,甲,1
2423,旬,554,匍,1
2423,旬,687,同,1
2423,旬,3500,牟,1
2423,旬,5656,询,1
2424,旭,1480,尬,1
2424,旭,5302,虺,1
2425,旮,2158,指,1
2425,旮,3891,百,1
2425,旮,4796,脊,1
2426,旯,356,兄,1
2426,旯,1642,帛,1
2426,旯,2464,晃,1
2427,旰,3931,盱,1
2427,旰,4733,肝,1
2428,旱,726,呈,1
2428,旱,3763,界,1
2428,旱,4606,罕,1
2429,旴,2431,旷,1
2429,旴,3756,町,1
2430,时,673,叶,1
2430,时,678,叼,1
2430,时,762,咐,1
2430,时,1114,埘,1
2430,时,1819,忖,1
2430,时,3931,盱,1
2431,旷,2439,昉,1
2431,旷,4733,肝,1
2432,旸,3614,玚,1
2432,旸,4735,肠,1
2433,旺,693,吒,1
2433,旺,2429,旴,1
2433,旺,2435,昀,1
2433,旺,2452,昧,1
2433,旺,2454,昭,1
2433,旺,3952,眨,1
2433,旺,6197,配,1
2435,昀,861,啕,1
2435,昀,3893,的,1
2436,昂,396,冒,1
2436,昂,1642,帛,1
2436,昂,1857,思,1
2436,昂,3763,界,1
2436,昂,3788,疖,1
2436,昂,6642,需,1
2437,昃,2480,晨,1
2438,昆,1487,尼,1
2438,昆,2476,晟,1
2438,昆,4927,艮,1
2438,昆,5618,论,1
2438,昆,7142,黾,1
2439,昉,523,助,1
2439,昉,2461,昽,1
2439,昉,3762,畋,1
2439,昉,3794,疠,1
2439,昉,4736,股,1
2440,昊,716,吴,1
2440,昊,2428,旱,1
2440,昊,4877,臭,1
2441,昌,1200,多,1
2441,昌,1723,廷,1
2441,昌,1857,思,1
2441,昌,2467,晏,1
2441,昌,2476,晟,1
2441,昌,4607,罗,1
2441,昌,4759,胄,1
2441,昌,7029,鸟,1
2442,明,681,吃,1
2442,明,741,呤,1
2442,明,859,啊,1
2442,明,2433,旺,1
2442,明,2454,昭,1
2442,明,3620,玥,1
2442,明,3960,眸,1
2442,明,4080,碉,1
2442,明,4642,羽,1
2442,明,4725,肋,1
2442,明,6215,酮,1
2443,昏,2421,旨,1
2444,易,659,另,1
2444,易,2426,旯,1
2444,易,3754,男,1
2444,易,6599,隅,1
2445,昔,377,共,1
2445,昔,727,告,1
2445,昔,870,啬,1
2445,昔,1090,垢,1
2445,昔,2517,曹,1
2445,昔,3891,百,1
2445,昔,4993,苛,1
2445,昔,5147,萑,1
2445,昔,5782,贲,1
2445,昔,5789,费,1
2445,昔,6663,青,1
2445,昔,6826,首,1
2447,昙,638,县,1
2447,昙,674,号,1
2447,昙,2482,景,1
2447,昙,6634,雩,1
2449,星,726,呈,1
2449,星,1093,垦,1
2449,星,1170,墓,1
2449,星,1499,屋,1
2449,星,2437,昃,1
2449,星,2467,晏,1
2449,星,2476,晟,1
2449,星,3895,皇,1
2449,星,4011,矣,1
2449,星,4878,至,1
2449,星,5305,虽,1
2449,星,6257,金,1
2450,映,728,呋,1
2450,映,909,喽,1
2450,映,2452,昧,1
2450,映,2478,晤,1
2450,映,2870,殃,1
2450,映,3621,玦,1
2450,映,3980,睽,1
2450,映,3989,瞑,1
2450,映,4738,肤,1
2450,映,5898,踝,1
2450,映,6310,钬,1
2451,春,478,券,1
2451,春,699,吝,1
2451,春,2443,昏,1
2451,春,2898,毒,1
2451,春,4671,者,1
2451,春,4672,耆,1
2452,昧,1271,妹,1
2452,昧,2450,映,1
2452,昧,2461,昽,1
2452,昧,3956,眯,1
2452,昧,6210,酥,1
2452,昧,6808,馃,1
2453,昨,864,啡,1
2453,昨,1332,婶,1
2453,昨,2470,晔,1
2453,昨,3946,眙,1
2453,昨,3952,眨,1
2453,昨,5328,蚱,1
2453,昨,6668,非,1
2454,昭,697,吗,1
2454,昭,3939,眄,1
2454,昭,3941,眈,1
2454,昭,3946,眙,1
2454,昭,4739,肥,1
2454,昭,7059,鸿,1
2455,是,638,县,1
2455,是,1387,学,1
2455,是,2456,昱,1
2455,是,2502,暴,1
2455,是,3365,炅,1
2455,是,4611,罡,1
2455,是,5836,走,1
2456,昱,2449,星,1
2456,昱,2462,显,1
2458,昵,1863,怨,1
2458,昵,3954,眬,1
2458,昵,3962,眼,1
2459,昶,3213,湘,1
2459,昶,5518,裥,1
2460,昼,3914,益,1
2460,昼,6935,鱼,1
2461,昽,2469,晓,1
2461,昽,3640,珑,1
2461,昽,4775,胧,1
2462,显,790,品,1
2462,显,2426,旯,1
2462,显,2449,星,1
2462,显,2455,是,1
2462,显,3924,盘,1
2462,显,4616,置,1
2462,显,6101,遏,1
2463,晁,358,兆,1
2463,晁,3020,泉,1
2464,晃,356,兄,1
2464,晃,2518,曼,1
2464,晃,2668,桄,1
2464,晃,3358,灵,1
2464,晃,5821,赛,1
2465,晋,2441,昌,1
2465,晋,2445,昔,1
2465,晋,4268,童,1
2465,晋,4747,育,1
2465,晋,4761,背,1
2465,晋,5164,著,1
2466,晌,813,哟,1
2466,晌,1873,恂,1
2466,晌,2527,朐,1
2466,晌,3543,狗,1
2468,晒,869,啪,1
2468,晒,4066,硒,1
2468,晒,4917,舾,1
2469,晓,745,呲,1
2469,晓,1554,峣,1
2469,晓,3404,烧,1
2469,晓,3777,畸,1
2469,晓,3952,眨,1
2469,晓,4806,脘,1
2471,晕,401,军,1
2471,晕,586,卓,1
2471,晕,2390,斝,1
2471,晕,2444,易,1
2471,晕,3502,牢,1
2471,晕,6711,韵,1
2472,晖,3960,眸,1
2472,晖,4828,腙,1
2472,晖,5952,身,1
2473,晗,5815,赔,1
2474,晚,418,冼,1
2474,晚,2450,映,1
2474,晚,2458,昵,1
2474,晚,2469,晓,1
2474,晚,2529,朕,1
2474,晚,3333,濉,1
2474,晚,3665,琥,1
2474,晚,3778,畹,1
2474,晚,3995,瞧,1
2474,晚,4806,脘,1
2474,晚,4812,脱,1
2478,晤,1324,婚,1
2478,晤,2454,昭,1
2478,晤,2497,暗,1
2478,晤,3655,琇,1
2478,晤,3953,眩,1
2478,晤,4818,腈,1
2479,晦,788,咿,1
2479,晦,1910,悔,1
2479,晦,2435,昀,1
2479,晦,2466,晌,1
2479,晦,2468,晒,1
2479,晦,3964,睁,1
2479,晦,4842,腼,1
2479,晦,5795,贿,1
2479,晦,6222,酶,1
2480,晨,1433,宸,1
2480,晨,2335,擐,1
2480,晨,2437,昃,1
2481,普,3902,皙,1
2481,普,3959,眷,1
2481,普,6710,音,1
2482,景,674,号,1
2482,景,725,呆,1
2482,景,1305,娑,1
2482,景,2437,昃,1
2482,景,2440,昊,1
2482,景,2441,昌,1
2482,景,2502,暴,1
2482,景,2572,杲,1
2482,景,3754,男,1
2484,晳,2490,暂,1
2484,晳,2763,楯,1
2485,晴,941,嘀,1
2485,晴,2497,暗,1
2485,晴,2506,曙,1
2485,晴,3776,畴,1
2485,晴,3777,畸,1
2485,晴,3967,睐,1
2485,晴,4924,艚,1
2485,晴,5795,贿,1
2485,晴,5946,躇,1
2486,晶,737,呙,1
2486,晶,926,嗣,1
2486,晶,5925,蹑,1
2487,晷,2495,暑,1
2488,智,705,否,1
2488,智,889,喈,1
2488,智,2520,替,1
2488,智,5533,褙,1
2488,智,5752,豸,1
2489,晾,2561,束,1
2489,晾,2877,殍,1
2489,晾,3776,畴,1
2489,晾,4810,脬,1
2489,晾,4828,腙,1
2489,晾,4851,膑,1
2489,晾,5815,赔,1
2490,暂,1324,婚,1
2490,暂,2156,持,1
2490,暂,4004,瞽,1
2490,暂,4866,臂,1
2491,暄,902,喧,1
2492,暅,1878,恒,1
2493,暇,938,嗷,1
2493,暇,1528,岘,1
2493,暇,3682,瑕,1
2493,暇,4820,腋,1
2495,暑,2502,暴,1
2495,暑,4353,箸,1
2496,暖,1338,媛,1
2496,暖,3774,畯,1
2496,暖,6885,骧,1
2497,暗,851,唼,1
2497,暗,2485,晴,1
2497,暗,2505,曈,1
2497,暗,3826,痔,1
2499,暧,936,嗳,1
2499,暧,3774,畯,1
2501,暮,2898,毒,1
2501,暮,5032,茧,1
2501,暮,5167,葛,1
2501,暮,5231,蔷,1
2501,暮,5264,薯,1
2502,暴,1892,恭,1
2502,暴,2464,晃,1
2502,暴,2495,暑,1
2502,暴,3981,睾,1
2502,暴,6915,鬟,1
2503,暹,6099,遇,1
2505,曈,2491,暄,1
2507,曛,3903,皤,1
2507,曛,3971,睡,1
2511,曩,5209,蓑,1
2512,曰,550,匀,1
2512,曰,667,可,1
2512,曰,3749,田,1
2512,曰,3890,白,1
2512,曰,6505,闩,1
2513,曲,1810,必,1
2513,曲,3212,湖,1
2513,曲,3934,相,1
2514,曳,1513,屯,1
2514,曳,2029,戛,1
2515,更,670,史,1
2515,更,1195,夏,1
2515,更,1399,它,1
2515,更,6254,重,1
2516,曷,3202,渴,1
2517,曹,833,唐,1
2517,曹,2445,昔,1
2517,曹,3902,皙,1
2517,曹,5023,茑,1
2517,曹,5199,蒽,1
2517,曹,5253,蕾,1
2517,曹,5957,軎,1
2517,曹,6113,遭,1
2518,曼,1195,夏,1
2518,曼,2467,晏,1
2518,曼,2471,晕,1
2518,曼,3119,浸,1
2519,曾,967,噌,1
2519,曾,1475,尝,1
2519,曾,2481,普,1
2519,曾,7121,黉,1
2520,替,2488,智,1
2520,替,2751,椿,1
2520,替,2988,沓,1
2520,替,3902,皙,1
2520,替,4288,笞,1
2520,替,4761,背,1
2520,替,5409,蝽,1
2521,最,2371,敢,1
2521,最,2948,求,1
2521,最,5746,象,1
2521,最,6614,隶,1
2522,月,392,冈,1
2522,月,553,匈,1
2522,月,667,可,1
2522,月,3751,甲,1
2522,月,3929,目,1
2522,月,6509,问,1
2523,有,100,亩,1
2523,有,671,右,1
2523,有,2697,梅,1
2523,有,4728,肖,1
2524,朊,844,唬,1
2524,朊,4726,肌,1
2524,朊,4770,胝,1
2524,朊,4812,脱,1
2525,朋,394,册,1
2525,朋,460,刖,1
2525,朋,2486,晶,1
2525,朋,4772,胡,1
2525,朋,4825,腓,1
2525,朋,6563,阴,1
2526,服,718,吸,1
2526,服,6593,陬,1
2527,朐,2435,昀,1
2527,朐,4771,胞,1
2528,朔,2530,朗,1
2528,朔,6563,阴,1
2528,朔,6737,颍,1
2529,朕,4712,联,1
2530,朗,5663,诩,1
2530,朗,6303,钥,1
2530,朗,6328,钾,1
2531,望,1154,塑,1
2531,望,3122,涅,1
2531,望,3767,留,1
2532,朝,4501,绑,1
2532,朝,5984,辀,1
2532,朝,6703,韧,1
2534,朦,3603,獴,1
2534,朦,4001,瞳,1
2534,朦,4852,膘,1
2534,朦,6770,飚,1
2535,木,1208,夫,1
2535,木,1456,寸,1
2535,木,2537,末,1
2535,木,4174,禾,1
2535,木,6702,韦,1
2536,未,595,卡,1
2536,未,2538,本,1
2536,未,2564,来,1
2536,未,2948,求,1
2536,未,2961,汞,1
2536,未,5830,赤,1
2537,末,1209,夬,1
2537,末,1405,宋,1
2537,末,2535,木,1
2537,末,2541,朱,1
2537,末,2561,束,1
2537,末,2948,求,1
2537,末,4391,米,1
2537,末,4719,肀,1
2538,本,22,东,1
2538,本,580,卉,1
2538,本,2018,戍,1
2538,本,2564,来,1
2539,札,2542,朴,1
2539,札,2559,杜,1
2539,札,4129,礼,1
2540,术,4174,禾,1
2541,朱,443,出,1
2541,朱,746,味,1
2541,朱,1669,年,1
2541,朱,4391,米,1
2541,朱,5805,赉,1
2542,朴,2549,杆,1
2542,朴,2570,杯,1
2542,朴,2611,柈,1
2542,朴,2662,栽,1
2543,朵,2547,杂,1
2543,朵,2563,条,1
2543,朵,4293,笨,1
2544,机,2064,执,1
2544,机,2091,抗,1
2544,机,2582,枇,1
2544,机,2592,枞,1
2545,朽,2059,扔,1
2545,朽,2132,招,1
2545,朽,2595,枥,1
2545,朽,2604,枵,1
2545,朽,2610,柄,1
2545,朽,2618,柘,1
2545,朽,2815,樽,1
2545,朽,4176,私,1
2545,朽,4734,肟,1
2546,杀,123,介,1
2546,杀,725,呆,1
2546,杀,1378,孚,1
2546,杀,2547,杂,1
2546,杀,4392,籴,1
2546,杀,4677,耒,1
2546,杀,4796,脊,1
2546,杀,6503,长,1
2547,杂,28,丧,1
2547,杂,725,呆,1
2547,杂,1471,尖,1
2547,杂,2541,朱,1
2547,杂,2546,杀,1
2547,杂,2605,架,1
2547,杂,4391,米,1
2547,杂,4392,籴,1
2547,杂,4714,聚,1
2547,杂,5958,车,1
2548,权,648,叔,1
2548,权,2552,杌,1
2548,权,3616,玟,1
2549,杆,1243,奸,1
2549,杆,1815,忏,1
2549,杆,2060,托,1
2549,杆,2619,柙,1
2549,杆,4178,秆,1
2550,杈,2552,杌,1
2551,杉,1771,彪,1
2551,杉,1772,彬,1
2551,杉,2058,打,1
2551,杉,2065,扩,1
2551,杉,2082,抄,1
2551,杉,2086,抒,1
2551,杉,2542,朴,1
2551,杉,2609,柃,1
2551,杉,4697,耵,1
2552,杌,1827,忧,1
2552,杌,2544,机,1
2552,杌,2569,杭,1
2553,李,34,丰,1
2553,李,1223,奇,1
2553,李,2554,杏,1
2554,杏,444,击,1
2554,杏,1940,惜,1
2554,杏,2553,李,1
2554,杏,2571,杰,1
2554,杏,3627,玲,1
2554,杏,3773,番,1
2554,杏,4177,秃,1
2554,杏,6663,青,1
2554,杏,6829,香,1
2554,杏,7032,鸢,1
2555,材,2542,朴,1
2555,材,2587,林,1
2555,材,2622,柝,1
2555,材,5766,财,1
2556,村,1457,对,1
2556,村,2175,挦,1
2556,村,2558,杖,1
2556,村,2587,林,1
2556,村,2646,树,1
2556,村,5313,蚌,1
2557,杓,2588,枘,1
2557,杓,2607,枸,1
2557,杓,2646,树,1
2558,杖,131,仗,1
2558,杖,2074,扶,1
2558,杖,2361,敉,1
2558,杖,2548,权,1
2558,杖,2556,村,1
2558,杖,2754,楗,1
2559,杜,1782,征,1
2559,杜,2061,扛,1
2559,杜,2539,札,1
2559,杜,2558,杖,1
2559,杜,2583,枉,1
2559,杜,2591,枝,1
2559,杜,3359,灶,1
2560,杞,1811,忆,1
2560,杞,2544,机,1
2560,杞,2685,桤,1
2561,束,690,吏,1
2561,束,1379,孛,1
2561,束,2537,末,1
2561,束,2541,朱,1
2561,束,2564,来,1
2561,束,2613,某,1
2561,束,4179,秉,1
2561,束,4402,粜,1
2561,束,4696,耳,1
2561,束,4720,肃,1
2562,杠,2063,扦,1
2562,杠,2208,捷,1
2562,杠,2544,机,1
2562,杠,2552,杌,1
2562,杠,2559,杜,1
2562,杠,2690,桩,1
2563,条,408,冬,1
2563,条,2546,杀,1
2563,条,2547,杂,1
2563,条,3944,看,1
2563,条,4392,籴,1
2564,来,2079,承,1
2564,来,2537,末,1
2564,来,2547,杂,1
2564,来,2948,求,1
2564,来,5101,莱,1
2564,来,6250,采,1
2564,来,6614,隶,1
2565,杧,2559,杜,1
2565,杧,2631,柱,1
2565,杧,2645,栏,1
2565,杧,3037,泥,1
2566,杨,2158,指,1
2566,杨,2557,杓,1
2566,杨,2607,枸,1
2566,杨,6703,韧,1
2566,杨,6727,颃,1
2567,杩,2629,柯,1
2567,杩,2745,椤,1
2567,杩,5310,蚂,1
2569,杭,2103,抬,1
2569,杭,2584,枋,1
2569,杭,2668,桄,1
2569,杭,2709,梳,1
2569,杭,2781,榜,1
2569,杭,7170,龁,1
2570,杯,1049,坏,1
2570,杯,2542,朴,1
2570,杯,2569,杭,1
2570,杯,2623,柞,1
2570,杯,4190,秧,1
2571,杰,1187,声,1
2571,杰,1824,忠,1
2571,杰,2538,本,1
2571,杰,2554,杏,1
2571,杰,4177,秃,1
2571,杰,5079,荷,1
2571,杰,6702,韦,1
2572,杲,2613,某,1
2572,杲,3759,畀,1
2573,杳,2988,沓,1
2575,杷,2608,柁,1
2575,杷,3477,爬,1
2576,杻,2067,扫,1
2576,杻,2696,梃,1
2577,杼,1254,妍,1
2577,杼,2545,朽,1
2577,杼,2635,柿,1
2577,杼,2700,梓,1
2578,松,2118,拉,1
2578,松,2551,杉,1
2578,松,2583,枉,1
2578,松,2609,柃,1
2578,松,2612,柏,1
2579,板,653,叛,1
2579,板,1043,坂,1
2579,板,2115,拆,1
2579,板,2125,拓,1
2579,板,2173,挤,1
2579,板,2364,救,1
2579,板,2375,敬,1
2579,板,2585,析,1
2579,板,2589,枚,1
2579,板,2622,柝,1
2579,板,2632,柳,1
2579,板,2653,校,1
2579,板,2742,椒,1
2579,板,2822,橛,1
2580,极,2570,杯,1
2580,极,2592,枞,1
2580,极,2599,枫,1
2580,极,2603,枳,1
2580,极,2638,标,1
2580,极,2706,梭,1
2580,极,2729,棱,1
2581,构,1873,恂,1
2581,构,2566,杨,1
2581,构,2598,枪,1
2581,构,2629,柯,1
2581,构,2647,栒,1
2581,构,2661,格,1
2581,构,2665,桁,1
2581,构,2742,椒,1
2581,构,3505,物,1
2581,构,3543,狗,1
2581,构,4642,羽,1
2582,枇,2618,柘,1
2583,枉,1513,屯,1
2583,枉,2099,护,1
2583,枉,2125,拓,1
2583,枉,2157,挂,1
2583,枉,2559,杜,1
2583,枉,2631,柱,1
2583,枉,2639,栈,1
2583,枉,2728,棰,1
2583,枉,4642,羽,1
2583,枉,5840,赶,1
2584,枋,2684,档,1
2585,析,1835,忻,1
2585,析,2073,扳,1
2585,析,2568,杪,1
2585,析,2622,柝,1
2585,析,2624,柠,1
2585,析,2632,柳,1
2585,析,2643,栌,1
2586,枕,2135,拢,1
2586,枕,2596,枧,1
2586,枕,2608,柁,1
2587,林,2090,抖,1
2587,林,2655,株,1
2587,林,4699,耷,1
2587,林,4985,苏,1
2589,枚,648,叔,1
2589,枚,2074,扶,1
2589,枚,2081,抃,1
2589,枚,2364,救,1
2589,枚,2365,敕,1
2589,枚,2562,杠,1
2589,枚,2580,极,1
2589,枚,2591,枝,1
2589,枚,3504,牧,1
2590,果,71,买,1
2590,果,2633,柴,1
2590,果,4171,禺,1
2590,果,6253,里,1
2590,果,6614,隶,1
2591,枝,2569,杭,1
2591,枝,2653,校,1
2591,枝,5093,莜,1
2592,枞,2364,救,1
2592,枞,4703,耿,1
2593,枢,2084,把,1
2593,枢,2579,板,1
2593,枢,2627,柩,1
2593,枢,2670,框,1
2593,枢,2681,桠,1
2593,枢,2752,楂,1
2595,枥,2610,柄,1
2595,枥,2649,栖,1
2596,枧,2586,枕,1
2596,枧,5556,规,1
2596,枧,6723,顿,1
2597,枨,2766,楸,1
2598,枪,1832,忱,1
2598,枪,2601,枯,1
2598,枪,2608,柁,1
2598,枪,2621,柜,1
2598,枪,2648,栓,1
2598,枪,2675,桎,1
2598,枪,2713,检,1
2599,枫,2064,执,1
2599,枫,2115,拆,1
2599,枫,2578,松,1
2599,枫,2580,极,1
2599,枫,2581,构,1
2599,枫,3804,疯,1
2600,枭,5952,身,1
2601,枯,1442,寇,1
2601,枯,2559,杜,1
2601,枯,2611,柈,1
2601,枯,2651,栝,1
2601,枯,2684,档,1
2601,枯,3359,灶,1
2601,枯,4143,祜,1
2601,枯,4205,稍,1
2602,枰,1065,坪,1
2602,枰,2611,柈,1
2602,枰,2700,梓,1
2603,枳,2654,栩,1
2603,枳,5037,茯,1
2604,枵,2704,梧,1
2605,架,3587,猱,1
2605,架,4392,籴,1
2606,枷,2555,材,1
2606,枷,2592,枞,1
2606,枷,6175,郴,1
2607,枸,2129,拘,1
2607,枸,2612,柏,1
2608,柁,2565,杧,1
2608,柁,2566,杨,1
2608,柁,2621,柜,1
2609,柃,2122,拎,1
2609,柃,4984,苎,1
2610,柄,2566,杨,1
2610,柄,2595,枥,1
2610,柄,2618,柘,1
2610,柄,2649,栖,1
2610,柄,2742,椒,1
2610,柄,3383,炳,1
2611,柈,181,伴,1
2611,柈,5493,袢,1
2612,柏,2598,枪,1
2612,柏,2622,柝,1
2612,柏,2632,柳,1
2612,柏,2649,栖,1
2612,柏,2676,桐,1
2612,柏,2697,梅,1
2612,柏,2702,梢,1
2612,柏,4399,粕,1
2613,某,2564,来,1
2613,某,5002,苦,1
2613,某,5038,茱,1
2613,某,5101,莱,1
2614,柑,1064,坩,1
2614,柑,2116,拇,1
2614,柑,2121,拍,1
2614,柑,2620,柚,1
2614,柑,2666,桂,1
2614,柑,2685,桤,1
2615,柒,409,冯,1
2615,柒,2616,染,1
2615,柒,2633,柴,1
2615,柒,3323,澡,1
2616,染,417,冻,1
2616,染,1320,婆,1
2616,染,2541,朱,1
2616,染,2543,朵,1
2616,染,2615,柒,1
2616,染,3134,涞,1
2616,染,3894,皆,1
2616,染,4306,等,1
2616,染,4406,粢,1
2617,柔,4437,紊,1
2618,柘,2125,拓,1
2618,柘,2610,柄,1
2619,柙,2108,押,1
2620,柚,2582,枇,1
2621,柜,2575,杷,1
2621,柜,2623,柞,1
2622,柝,2612,柏,1
2622,柝,2692,桴,1
2623,柞,2642,栋,1
2623,柞,2653,校,1
2623,柞,2739,椎,1
2623,柞,2784,榫,1
2624,柠,430,凝,1
2624,柠,2584,枋,1
2624,柠,2692,桴,1
2624,柠,2720,棕,1
2625,柢,2076,扺,1
2626,查,1226,奋,1
2626,查,3194,渣,1
2626,查,4699,耷,1
2626,查,6619,雀,1
2628,柬,4097,碱,1
2628,柬,4405,粟,1
2629,柯,2549,杆,1
2629,柯,2551,杉,1
2629,柯,2567,杩,1
2629,柯,2576,杻,1
2629,柯,2585,析,1
2629,柯,2649,栖,1
2629,柯,2697,梅,1
2629,柯,4147,祠,1
2629,柯,4197,移,1
2629,柯,5970,轲,1
2630,柰,105,亲,1
2630,柰,2553,李,1
2631,柱,1075,垃,1
2631,柱,2157,挂,1
2631,柱,2188,捉,1
2631,柱,2569,杭,1
2631,柱,2651,栝,1
2631,柱,2661,格,1
2632,柳,2262,揶,1
2632,柳,2566,杨,1
2632,柳,2585,析,1
2632,柳,2619,柙,1
2632,柳,2747,椰,1
2633,柴,1082,垒,1
2633,柴,2543,朵,1
2633,柴,2615,柒,1
2633,柴,2616,染,1
2633,柴,2650,栗,1
2633,柴,4274,竽,1
2633,柴,5038,茱,1
2633,柴,5082,荼,1
2634,柽,2142,择,1
2634,柽,2648,栓,1
2634,柽,2658,样,1
2634,柽,4632,羟,1
2635,柿,2112,拃,1
2635,柿,2584,枋,1
2635,柿,2643,栌,1
2636,栀,2124,拒,1
2637,栅,3636,珊,1
2638,标,2549,杆,1
2638,标,2570,杯,1
2638,标,2587,林,1
2638,标,2773,榇,1
2638,标,4195,称,1
2639,栈,1844,怅,1
2639,栈,2641,栊,1
2639,栈,2651,栝,1
2639,栈,2657,栳,1
2639,栈,2679,桔,1
2639,栈,3225,溅,1
2639,栈,4874,臧,1
2640,栉,2658,样,1
2641,栊,4192,秫,1
2642,栋,2712,梾,1
2642,栋,3388,炼,1
2643,栌,2099,护,1
2644,栎,2583,枉,1
2644,栎,2622,柝,1
2644,栎,2642,栋,1
2645,栏,34,丰,1
2645,栏,2118,拉,1
2645,栏,2560,杞,1
2645,栏,2713,检,1
2645,栏,2760,楦,1
2645,栏,3392,烂,1
2645,栏,3975,睦,1
2645,栏,7103,鹾,1
2646,树,2555,材,1
2646,树,2785,榭,1
2647,栒,2614,柑,1
2648,栓,1862,性,1
2648,栓,2118,拉,1
2648,栓,2122,拎,1
2648,栓,2631,柱,1
2648,栓,2645,栏,1
2648,栓,2675,桎,1
2648,栓,2688,桧,1
2648,栓,2713,检,1
2649,栖,2127,拖,1
2649,栖,2146,拯,1
2649,栖,2300,摘,1
2649,栖,2610,柄,1
2649,栖,2612,柏,1
2649,栖,2654,栩,1
2649,栖,2701,梗,1
2649,栖,4404,粞,1
2650,栗,1074,垂,1
2650,栗,3046,泵,1
2650,栗,6623,集,1
2651,栝,2061,扛,1
2651,栝,2644,栎,1
2651,栝,2688,桧,1
2651,栝,2740,椐,1
2651,栝,2833,檑,1
2653,校,34,丰,1
2653,校,1913,悛,1
2653,校,2087,抓,1
2653,校,2659,核,1
2653,校,2661,格,1
2653,校,2686,桥,1
2653,校,2706,梭,1
2653,校,2729,棱,1
2653,校,3153,淀,1
2653,校,3548,狡,1
2653,校,5987,较,1
2655,株,2106,抹,1
2655,株,2611,柈,1
2655,株,2699,梏,1
2655,株,2730,棵,1
2655,株,4187,秣,1
2656,栲,2657,栳,1
2656,栲,2732,棺,1
2656,栲,2736,椅,1
2656,栲,2793,槎,1
2657,栳,2169,挠,1
2658,样,2101,抨,1
2658,样,2172,挣,1
2658,样,2602,枰,1
2658,样,2611,柈,1
2658,样,2775,榉,1
2658,样,4149,祥,1
2659,核,1388,孩,1
2659,核,1772,彬,1
2659,核,2631,柱,1
2659,核,2653,校,1
2659,核,2686,桥,1
2659,核,2688,桧,1
2659,核,2809,模,1
2660,根,1887,恨,1
2660,根,2100,报,1
2660,根,2110,抿,1
2660,根,2249,提,1
2660,根,2552,杌,1
2660,根,2748,椴,1
2660,根,2767,楹,1
2660,根,2770,概,1
2660,根,2792,槌,1
2660,根,4410,粮,1
2660,根,5507,裉,1
2660,根,6129,邛,1
2661,格,2634,柽,1
2661,格,2651,栝,1
2661,格,2684,档,1
2661,格,2713,检,1
2661,格,2778,榕,1
2661,格,3865,瘩,1
2661,格,4395,籽,1
2662,栽,796,哉,1
2662,栽,4179,秉,1
2664,桀,1793,徒,1
2665,桁,2577,杼,1
2665,桁,2585,析,1
2665,桁,3674,琳,1
2666,桂,1092,垤,1
2666,桂,1297,娃,1
2666,桂,2263,揸,1
2666,桂,2559,杜,1
2666,桂,2583,枉,1
2666,桂,2645,栏,1
2666,桂,2679,桔,1
2666,桂,2726,棬,1
2666,桂,2804,槿,1
2667,桃,5140,萄,1
2668,桄,2597,枨,1
2668,桄,2771,榄,1
2669,桅,2077,扼,1
2669,桅,2598,枪,1
2669,桅,2694,桷,1
2669,桅,2726,棬,1
2670,框,1726,廿,1
2670,框,2254,握,1
2670,框,2593,枢,1
2670,框,2782,榧,1
2670,框,2814,樵,1
2671,案,401,军,1
2671,案,1405,宋,1
2671,案,1436,宾,1
2671,案,1483,尸,1
2671,案,3373,炙,1
2671,案,4152,祭,1
2672,桉,2160,按,1
2672,桉,2631,柱,1
2672,桉,2785,榭,1
2673,桊,2148,拳,1
2673,桊,4419,糅,1
2674,桌,1610,巢,1
2674,桌,1848,怎,1
2674,桌,2590,果,1
2674,桌,3020,泉,1
2676,桐,1080,垌,1
2676,桐,2066,扪,1
2676,桐,2119,拊,1
2676,桐,2614,柑,1
2676,桐,2629,柯,1
2676,桐,2826,橱,1
2676,桐,3934,相,1
2677,桑,2663,栾,1
2678,桓,1091,垣,1
2678,桓,2680,桕,1
2678,桓,2688,桧,1
2678,桓,2713,检,1
2678,桓,3399,烜,1
2678,桓,3814,疽,1
2679,桔,2132,招,1
2679,桔,2711,梽,1
2679,桔,2735,椁,1
2679,桔,5969,轱,1
2680,桕,1852,怕,1
2680,桕,2607,枸,1
2680,桕,2651,栝,1
2681,桠,1299,娅,1
2681,桠,2583,枉,1
2682,桡,2169,挠,1
2682,桡,2668,桄,1
2684,档,2675,桎,1
2684,档,2685,桤,1
2684,档,2812,樯,1
2686,桥,1301,娇,1
2686,桥,2218,掎,1
2686,桥,2651,栝,1
2686,桥,2655,株,1
2686,桥,5321,蚧,1
2687,桦,2299,摔,1
2687,桦,2310,撄,1
2687,桦,2712,梾,1
2688,桧,2609,柃,1
2688,桧,3554,狯,1
2688,桧,3558,狳,1
2689,桨,2164,挚,1
2689,桨,2633,柴,1
2689,桨,4406,粢,1
2689,桨,4412,粲,1
2689,桨,5004,苯,1
2689,桨,5992,辈,1
2690,桩,2578,松,1
2690,桩,2602,枰,1
2690,桩,2623,柞,1
2690,桩,2631,柱,1
2690,桩,2670,框,1
2690,桩,4143,祜,1
2690,桩,5333,蛀,1
2691,桫,2568,杪,1
2692,桴,4834,腭,1
2693,桶,1106,埇,1
2693,桶,2194,捐,1
2693,桶,2577,杼,1
2694,桷,2693,桶,1
2695,梁,2514,曳,1
2695,梁,2590,果,1
2695,梁,3270,滦,1
2695,梁,3407,烫,1
2696,梃,2182,挺,1
2697,梅,1498,届,1
2697,梅,2172,挣,1
2697,梅,2194,捐,1
2697,梅,2238,掷,1
2697,梅,2670,框,1
2697,梅,2672,桉,1
2697,梅,2713,检,1
2698,梆,1772,彬,1
2698,梆,1950,惭,1
2698,梆,2075,批,1
2698,梆,2619,柙,1
2698,梆,2632,柳,1
2698,梆,2747,椰,1
2698,梆,4414,粹,1
2698,梆,6144,邶,1
2699,梏,2604,枵,1
2699,梏,2661,格,1
2700,梓,2299,摔,1
2700,梓,2602,枰,1
2701,梗,2728,棰,1
2701,梗,2756,楝,1
2701,梗,6201,酒,1
2702,梢,1905,悄,1
2702,梢,2612,柏,1
2702,梢,2694,桷,1
2703,梦,1995,憖,1
2703,梦,2520,替,1
2703,梦,2734,棼,1
2703,梦,5824,赞,1
2704,梧,1915,悟,1
2704,梧,2651,栝,1
2704,梧,2679,桔,1
2704,梧,2699,梏,1
2704,梧,2751,椿,1
2705,梨,1355,嫠,1
2705,梨,3500,牟,1
2706,梭,2150,拶,1
2706,梭,2240,掺,1
2706,梭,2729,棱,1
2706,梭,2762,楮,1
2706,梭,2805,樊,1
2707,梯,2278,搛,1
2707,梯,2604,枵,1
2707,梯,2652,栟,1
2707,梯,2693,桶,1
2707,梯,2736,椅,1
2707,梯,2793,槎,1
2708,械,611,卸,1
2708,械,1108,城,1
2708,械,2144,拭,1
2708,械,2597,枨,1
2709,梳,2210,捻,1
2709,梳,2569,杭,1
2709,梳,2659,核,1
2709,梳,2711,梽,1
2709,梳,2766,楸,1
2709,梳,4073,硫,1
2709,梳,4806,脘,1
2710,梵,2734,棼,1
2710,梵,2755,楚,1
2712,梾,1912,悚,1
2712,梾,2721,棘,1
2713,检,2118,拉,1
2713,检,2628,柬,1
2713,检,2645,栏,1
2713,检,2688,桧,1
2713,检,2740,椐,1
2713,检,2752,楂,1
2713,检,4398,粒,1
2714,棁,1919,悦,1
2714,棁,2709,梳,1
2714,棁,4206,税,1
2716,棉,1642,帛,1
2716,棉,2635,柿,1
2716,棉,2741,椑,1
2716,棉,2778,榕,1
2716,棉,3553,狮,1
2717,棋,2193,捏,1
2717,棋,2305,摸,1
2717,棋,2749,椹,1
2717,棋,2811,横,1
2717,棋,4215,稹,1
2718,棍,2110,抿,1
2718,棍,2272,搌,1
2718,棍,2619,柙,1
2718,棍,2740,椐,1
2718,棍,2769,榀,1
2719,棒,1163,墀,1
2719,棒,2775,榉,1
2719,棒,3596,獐,1
2720,棕,2189,捋,1
2720,棕,2638,标,1
2720,棕,2692,桴,1
2720,棕,2737,椋,1
2720,棕,2781,榜,1
2720,棕,2828,橼,1
2720,棕,2837,檫,1
2721,棘,4269,竦,1
2721,棘,6679,靺,1
2722,棚,1134,堋,1
2722,棚,2177,挪,1
2723,棠,1130,堂,1
2723,棠,3497,牚,1
2723,棠,4146,祟,1
2723,棠,4250,窠,1
2723,棠,4366,篥,1
2723,棠,5242,蕖,1
2724,棣,1121,埭,1
2725,棨,3711,璨,1
2725,棨,6576,陈,1
2727,森,5057,荔,1
2727,森,5073,荪,1
2727,森,6669,靠,1
2729,棱,2246,揍,1
2729,棱,2305,摸,1
2729,棱,2591,枝,1
2729,棱,2653,校,1
2729,棱,2757,楞,1
2730,棵,2069,扭,1
2730,棵,2174,挥,1
2730,棵,2175,挦,1
2730,棵,2225,探,1
2730,棵,2619,柙,1
2730,棵,2638,标,1
2730,棵,2686,桥,1
2730,棵,4158,祼,1
2731,棹,2808,樟,1
2731,棹,3427,焯,1
2732,棺,2678,桓,1
2732,棺,2807,樘,1
2733,棻,2723,棠,1
2733,棻,3046,泵,1
2733,棻,5082,荼,1
2733,棻,5123,菜,1
2735,椁,2700,梓,1
2736,椅,2679,桔,1
2736,椅,2790,槁,1
2736,椅,3574,猗,1
2737,椋,2224,掠,1
2737,椋,2638,标,1
2737,椋,2642,栋,1
2737,椋,2720,棕,1
2738,植,2256,揩,1
2738,植,2263,揸,1
2738,植,2636,栀,1
2738,植,2752,楂,1
2738,植,2761,楫,1
2738,植,4382,簠,1
2738,植,6566,阻,1
2738,植,6827,馗,1
2739,椎,1942,惟,1
2739,椎,2592,枞,1
2739,椎,2631,柱,1
2739,椎,2636,栀,1
2739,椎,2648,栓,1
2739,椎,2738,植,1
2739,椎,2794,槐,1
2739,椎,2828,橼,1
2740,椐,2651,栝,1
2740,椐,4824,腒,1
2741,椑,2795,槔,1
2742,椒,274,俶,1
2742,椒,2257,揪,1
2742,椒,2766,楸,1
2743,椟,2659,核,1
2743,椟,2753,楔,1
2744,椠,1138,堑,1
2744,椠,4179,秉,1
2744,椠,4366,篥,1
2745,椤,2757,楞,1
2745,椤,3579,猡,1
2746,椭,2738,植,1
2746,椭,2763,楯,1
2746,椭,2800,槠,1
2746,椭,6134,邦,1
2747,椰,464,刚,1
2747,椰,2632,柳,1
2747,椰,2698,梆,1
2747,椰,2746,椭,1
2747,椰,2822,橛,1
2747,椰,5411,螂,1
2747,椰,5988,辄,1
2747,椰,6175,郴,1
2748,椴,2826,橱,1
2748,椴,3431,煅,1
2749,椹,1954,想,1
2750,椽,1963,愉,1
2750,椽,2724,棣,1
2750,椽,2828,橼,1
2750,椽,2838,檬,1
2750,椽,4424,糍,1
2751,椿,2201,捧,1
2751,椿,2286,搭,1
2751,椿,2821,橙,1
2751,椿,4417,精,1
2753,楔,2291,摁,1
2753,楔,4164,禊,1
2754,楗,2724,棣,1
2755,楚,1215,夷,1
2755,楚,2378,整,1
2755,楚,3424,焚,1
2755,楚,4161,禁,1
2755,楚,4278,笆,1
2755,楚,5102,莲,1
2755,楚,5880,跫,1
2757,楞,416,冷,1
2757,楞,2275,搒,1
2757,楞,2806,樗,1
2758,楠,2693,桶,1
2759,楣,2769,榀,1
2759,楣,2776,榍,1
2760,楦,2732,棺,1
2760,楦,2829,檀,1
2761,楫,2731,棹,1
2762,楮,2812,樯,1
2765,楷,1113,埗,1
2765,楷,2158,指,1
2765,楷,2699,梏,1
2765,楷,2811,横,1
2766,楸,1959,愀,1
2766,楸,2257,揪,1
2767,楹,2146,拯,1
2768,楼,2143,括,1
2768,楼,2657,栳,1
2768,楼,2711,梽,1
2768,楼,2729,棱,1
2769,榀,4684,耜,1
2770,概,2586,枕,1
2770,概,2822,橛,1
2771,榄,2683,桢,1
2771,榄,2685,桤,1
2771,榄,4430,糟,1
2772,榆,2323,撮,1
2772,榆,2785,榭,1
2772,榆,2789,榻,1
2773,榇,2672,桉,1
2773,榇,2720,棕,1
2773,榇,2737,椋,1
2775,榉,2328,撺,1
2775,榉,2540,术,1
2775,榉,2719,棒,1
2775,榉,2808,樟,1
2776,榍,2280,搞,1
2776,榍,2652,栟,1
2776,榍,2812,樯,1
2777,榔,2177,挪,1
2777,榔,2770,概,1
2778,榕,262,信,1
2778,榕,2228,控,1
2778,榕,2584,枋,1
2778,榕,2706,梭,1
2778,榕,2765,楷,1
2778,榕,2783,榨,1
2778,榕,2837,檫,1
2780,榛,2201,捧,1
2780,榛,2246,揍,1
2780,榛,2750,椽,1
2780,榛,2773,榇,1
2781,榜,1125,培,1
2781,榜,1333,婷,1
2781,榜,2604,枵,1
2781,榜,2704,梧,1
2781,榜,2773,榇,1
2781,榜,2798,槜,1
2781,榜,4105,磅,1
2783,榨,2623,柞,1
2783,榨,2706,梭,1
2783,榨,2778,榕,1
2784,榫,2773,榇,1
2784,榫,2828,橼,1
2785,榭,1161,塮,1
2786,榱,2346,攘,1
2787,榴,2220,掐,1
2787,榴,2331,擂,1
2787,榴,2763,楯,1
2788,榷,329,傩,1
2788,榷,1942,惟,1
2788,榷,2297,摊,1
2788,榷,2739,椎,1
2788,榷,2783,榨,1
2788,榷,4085,碓,1
2788,榷,4199,秾,1
2788,榷,4432,糨,1
2790,槁,2234,掮,1
2790,槁,2280,搞,1
2791,槊,2705,梨,1
2793,槎,2276,搓,1
2794,槐,1369,孀,1
2794,槐,1836,忽,1
2794,槐,2657,栳,1
2794,槐,2697,梅,1
2794,槐,2788,榷,1
2795,槔,4208,稗,1
2797,槛,2685,桤,1
2797,槛,2765,楷,1
2801,槭,2028,戚,1
2801,槭,2708,械,1
2802,槲,2004,懈,1
2803,槽,2307,摺,1
2803,槽,2704,梧,1
2804,槿,2666,桂,1
2804,槿,2825,橦,1
2805,樊,4888,舆,1
2806,樗,4222,穆,1
2808,樟,1354,嫜,1
2808,樟,2761,楫,1
2809,模,2193,捏,1
2809,模,2811,横,1
2809,模,2838,檬,1
2809,模,4427,糗,1
2810,樨,1087,垟,1
2810,樨,2223,掘,1
2810,樨,2828,橼,1
2811,横,2278,搛,1
2811,横,2656,栲,1
2811,横,2657,栳,1
2811,横,2793,槎,1
2811,横,2796,槚,1
2811,横,2809,模,1
2811,横,3706,璜,1
2811,横,5464,衙,1
2812,樯,2751,椿,1
2812,樯,2762,楮,1
2812,樯,2803,槽,1
2813,樱,2745,椤,1
2813,樱,2768,楼,1
2814,樵,1062,坦,1
2814,樵,2670,框,1
2814,樵,2831,檎,1
2815,樽,2810,樨,1
2816,樾,4124,礤,1
2816,樾,5845,越,1
2817,橄,2747,椰,1
2817,橄,2782,榧,1
2818,橇,2910,毳,1
2819,橐,2822,橛,1
2820,橘,2331,擂,1
2820,橘,2831,檎,1
2820,橘,2833,檑,1
2821,橙,2765,楷,1
2821,橙,2799,槟,1
2821,橙,2839,檵,1
2821,橙,4204,程,1
2822,橛,2311,撅,1
2822,橛,2792,槌,1
2823,橡,1182,壕,1
2823,橡,2773,榇,1
2823,橡,2786,榱,1
2823,橡,2798,槜,1
2823,橡,2828,橼,1
2823,橡,3663,琢,1
2823,橡,4217,稼,1
2823,橡,5526,裼,1
2825,橦,1914,悝,1
2825,橦,1997,憧,1
2825,橦,2804,槿,1
2826,橱,2646,树,1
2827,橹,2327,撸,1
2827,橹,2815,樽,1
2828,橼,2136,拣,1
2828,橼,2750,椽,1
2828,橼,2833,檑,1
2829,檀,1092,垤,1
2830,檄,2748,椴,1
2830,檄,2777,榔,1
2830,檄,3701,璈,1
2831,檎,2336,擒,1
2831,檎,2697,梅,1
2831,檎,2827,橹,1
2832,檐,2271,搋,1
2832,檐,2669,桅,1
2832,檐,5444,蟾,1
2833,檑,2820,橘,1
2833,檑,2834,檗,1
2834,檗,2692,桴,1
2834,檗,5019,茉,1
2835,檠,1734,弊,1
2835,檠,2334,擎,1
2835,檠,2725,棨,1
2835,檠,4412,粲,1
2836,檩,2009,懔,1
2836,檩,2735,椁,1
2836,檩,4695,耲,1
2837,檫,2313,撑,1
2837,檫,2342,擦,1
2837,檫,2720,棕,1
2837,檫,2737,椋,1
2837,檫,2773,榇,1
2837,檫,2784,榫,1
2837,檫,3589,猷,1
2838,檬,1182,壕,1
2838,檬,1666,幪,1
2838,檬,2289,搽,1
2838,檬,2823,橡,1
2839,檵,2767,楹,1
2840,欠,163,众,1
2840,欠,662,只,1
2841,次,3001,沨,1
2841,次,3036,泣,1
2841,次,5762,贝,1
2841,次,6719,须,1
2842,欢,1241,奴,1
2842,欢,2841,次,1
2842,欢,3623,玫,1
2842,欢,3651,珽,1
2843,欣,165,伙,1
2843,欣,242,侬,1
2843,欣,303,倾,1
2843,欣,757,咆,1
2843,欣,2844,欤,1
2843,欣,2896,每,1
2843,欣,4031,砍,1
2843,欣,4194,积,1
2843,欣,4749,肷,1
2844,欤,2843,欣,1
2844,欤,6740,频,1
2845,欧,2887,殴,1
2845,欧,3612,玖,1
2845,欧,6739,颐,1
2846,欲,1803,微,1
2846,欲,2357,放,1
2846,欲,2853,歆,1
2846,欲,6369,铭,1
2846,欲,6730,领,1
2846,欲,6732,颈,1
2847,欷,6389,锁,1
2850,欺,2365,敕,1
2850,欺,2533,期,1
2850,欺,5564,觌,1
2851,款,1380,孜,1
2851,款,2360,效,1
2851,款,2367,教,1
2851,款,2848,欸,1
2851,款,2856,歌,1
2851,款,5092,莛,1
2851,款,5564,觌,1
2851,款,5967,软,1
2851,款,6667,靛,1
2852,歃,2847,欷,1
2853,歆,6711,韵,1
2853,歆,6759,颧,1
2854,歇,1366,嬲,1
2854,歇,2846,欲,1
2854,歇,2849,欹,1
2854,歇,3351,灏,1
2854,歇,6746,颙,1
2855,歉,1603,巅,1
2855,歉,2852,歃,1
2855,歉,5222,蔌,1
2855,歉,6743,颖,1
2856,歌,1745,弥,1
2856,歌,2372,散,1
2856,歌,2843,欣,1
2856,歌,2849,欹,1
2856,歌,2854,歇,1
2856,歌,2857,歙,1
2856,歌,4704,聂,1
2856,歌,6132,邢,1
2858,止,20,业,1
2858,止,570,匹,1
2858,止,1808,心,1
2858,止,4616,置,1
2859,正,570,匹,1
2859,正,602,卫,1
2859,正,1817,忑,1
2860,此,559,北,1
2860,此,2991,沙,1
2860,此,3063,洗,1
2860,此,5384,蜮,1
2861,步,594,占,1
2861,步,674,号,1
2861,步,725,呆,1
2861,步,1524,岑,1
2861,步,3490,片,1
2861,步,4391,米,1
2861,步,4402,粜,1
2861,步,4941,芊,1
2862,武,637,厾,1
2862,武,1296,威,1
2862,武,1736,式,1
2862,武,2022,我,1
2863,歧,1568,崎,1
2863,歧,2027,战,1
2863,歧,5742,豉,1
2864,歪,705,否,1
2864,歪,4878,至,1
2865,歹,1518,岁,1
2866,死,3532,犹,1
2866,死,4020,矶,1
2866,死,4469,纰,1
2867,歼,1243,奸,1
2867,歼,4021,矸,1
2867,歼,4084,碑,1
2868,殁,649,取,1
2868,殁,1195,夏,1
2868,殁,2869,殂,1
2869,殂,1270,妲,1
2869,殂,2873,殇,1
2870,殃,2721,棘,1
2870,殃,4068,硖,1
2870,殃,6841,驶,1
2871,殄,2879,殓,1
2871,殄,4090,碜,1
2871,殄,4782,胯,1
2872,殆,1276,始,1
2872,殆,1390,孬,1
2872,殆,1936,惑,1
2872,殆,2877,殍,1
2872,殆,4045,砧,1
2872,殆,4059,础,1
2872,殆,5791,贻,1
2872,殆,6851,骀,1
2873,殇,3795,疡,1
2874,殉,2527,朐,1
2874,殉,3543,狗,1
2874,殉,4023,矽,1
2875,殊,786,咻,1
2875,殊,1286,姝,1
2875,殊,2655,株,1
2875,殊,2881,殚,1
2875,殊,3643,珠,1
2875,殊,4046,砩,1
2875,殊,4802,脒,1
2876,残,796,哉,1
2876,残,5884,践,1
2876,残,6828,馘,1
2877,殍,4810,脬,1
2878,殒,2526,服,1
2878,殒,6724,颀,1
2879,殓,2872,殆,1
2879,殓,2873,殇,1
2879,殓,4077,硷,1
2879,殓,6861,验,1
2880,殖,628,厢,1
2880,殖,3538,狉,1
2880,殖,4468,纯,1
2883,殡,2878,殒,1
2884,殣,1132,堇,1
2884,殣,3604,獾,1
2887,殴,1288,姣,1
2887,殴,2358,政,1
2887,殴,2888,段,1
2887,殴,5415,螋,1
2887,殴,5863,跋,1
2887,殴,6566,阻,1
2888,段,166,会,1
2888,段,653,叛,1
2888,段,1115,埙,1
2888,段,1256,妓,1
2888,段,2089,投,1
2888,段,2374,敫,1
2888,段,2887,殴,1
2888,段,2891,毁,1
2888,段,3612,玖,1
2888,段,3623,玫,1
2888,段,4461,级,1
2888,段,5621,设,1
2889,殷,2890,殿,1
2889,殷,6234,醍,1
2890,殿,3431,煅,1
2890,殿,6722,顾,1
2891,毁,1756,彀,1
2891,毁,3731,甄,1
2891,毁,4536,绶,1
2891,毁,6887,骰,1
2892,毂,1756,彀,1
2893,毅,2357,放,1
2893,毅,2367,教,1
2893,毅,2377,敲,1
2893,毅,3907,皴,1
2893,毅,4267,竣,1
2894,毋,13,丑,1
2894,毋,156,伊,1
2894,毋,3742,用,1
2894,毋,3759,畀,1
2895,母,13,丑,1
2895,母,27,严,1
2895,母,2522,月,1
2896,每,548,勾,1
2896,每,1669,年,1
2896,每,2935,氨,1
2896,每,4626,美,1
2896,每,5958,车,1
2897,毐,532,势,1
2897,毐,2935,氨,1
2898,毒,1461,寿,1
2898,毒,2516,曷,1
2898,毒,2897,毐,1
2900,比,559,北,1
2900,比,1036,地,1
2900,比,1832,忱,1
2900,比,2918,氏,1
2900,比,2962,江,1
2900,比,3753,电,1
2900,比,5298,虬,1
2900,比,5603,让,1
2901,毕,582,华,1
2901,毕,3892,皂,1
2901,毕,4940,芈,1
2902,毖,3389,炽,1
2902,毖,4520,绥,1
2903,毗,73,乳,1
2904,毙,977,器,1
2904,毙,2911,毵,1
2904,毙,4299,笳,1
2904,毙,4342,箢,1
2905,毛,41,主,1
2905,毛,126,仑,1
2906,毡,1513,屯,1
2906,毡,2907,毪,1
2906,毡,2909,毯,1
2906,毡,3629,玷,1
2907,毪,3503,牦,1
2908,毫,367,党,1
2908,毫,7184,龟,1
2909,毯,2913,毽,1
2909,毯,3673,琰,1
2909,毯,4199,秾,1
2909,毯,4651,翘,1
2909,毯,4716,聪,1
2909,毯,6061,送,1
2911,毵,4309,筏,1
2914,氅,5932,蹩,1
2915,氆,2907,毪,1
2916,氇,4590,缯,1
2918,氏,125,从,1
2918,氏,138,代,1
2918,氏,576,千,1
2918,氏,2920,民,1
2918,氏,2947,汁,1
2918,氏,4483,线,1
2920,民,2438,昆,1
2920,民,2918,氏,1
2921,氓,1088,垠,1
2921,氓,3114,浪,1
2921,氓,6923,魂,1
2922,气,1401,宅,1
2922,气,1406,完,1
2922,气,5740,豆,1
2924,氖,549,勿,1
2924,氖,857,商,1
2924,氖,1838,忿,1
2924,氖,2923,氕,1
2924,氖,2931,氢,1
2925,氘,2927,氚,1
2926,氙,1763,彘,1
2926,氙,4311,筑,1
2927,氚,2457,昴,1
2927,氚,2925,氘,1
2928,氛,857,商,1
2928,氛,4232,穿,1
2928,氛,4296,第,1
2929,氟,2932,氤,1
2929,氟,2938,氮,1
2929,氟,2940,氰,1
2929,氟,2941,氲,1
2930,氡,1194,复,1
2930,氡,2928,氛,1
2931,氢,639,叁,1
2931,氢,2928,氛,1
2931,氢,2934,氧,1
2931,氢,2935,氨,1
2931,氢,2936,氩,1
2931,氢,3920,盒,1
2931,氢,6257,金,1
2933,氦,2930,氡,1
2933,氦,2935,氨,1
2933,氦,5484,袅,1
2934,氧,2910,毳,1
2934,氧,2933,氦,1
2934,氧,4281,笋,1
2934,氧,4657,翥,1
2934,氧,6772,食,1
2935,氨,1763,彘,1
2935,氨,2467,晏,1
2935,氨,2924,氖,1
2935,氨,2930,氡,1
2935,氨,2931,氢,1
2935,氨,2934,氧,1
2935,氨,2937,氪,1
2935,氨,2939,氯,1
2935,氨,2940,氰,1
2935,氨,2941,氲,1
2935,氨,5338,蛊,1
2936,氩,2926,氙,1
2936,氩,2931,氢,1
2936,氩,2932,氤,1
2936,氩,2934,氧,1
2937,氪,2911,毵,1
2937,氪,2932,氤,1
2937,氪,2935,氨,1
2937,氪,2938,氮,1
2937,氪,2940,氰,1
2938,氮,2933,氦,1
2938,氮,2939,氯,1
2938,氮,4179,秉,1
2938,氮,6285,钒,1
2938,氮,7104,鹿,1
2939,氯,1481,就,1
2939,氯,2463,晁,1
2939,氯,2926,氙,1
2939,氯,2928,氛,1
2939,氯,2934,氧,1
2939,氯,2938,氮,1
2940,氰,2079,承,1
2940,氰,2924,氖,1
2940,氰,2931,氢,1
2940,氰,3982,睿,1
2940,氰,4355,篆,1
2941,氲,1421,宣,1
2942,水,728,呋,1
2942,水,1467,小,1
2942,水,2052,手,1
2942,水,2513,曲,1
2942,水,2944,永,1
2943,氵,6,三,1
2944,永,516,办,1
2944,永,2961,汞,1
2945,氽,753,命,1
2946,汀,116,仃,1
2946,汀,1673,幻,1
2946,汀,2964,污,1
2946,汀,3069,津,1
2946,汀,5039,茳,1
2946,汀,5301,虹,1
2946,汀,6504,门,1
2947,汁,2054,才,1
2947,汁,2386,斗,1
2947,汁,4457,纣,1
2948,求,867,啦,1
2948,求,1736,式,1
2948,求,2540,术,1
2948,求,2565,杧,1
2948,求,2944,永,1
2950,汇,1248,妃,1
2950,汇,2968,汪,1
2951,汈,1402,宇,1
2951,汈,2954,汐,1
2951,汈,4465,纫,1
2951,汈,6505,闩,1
2952,汉,118,仅,1
2952,汉,646,反,1
2952,汉,5607,议,1
2952,汉,6760,风,1
2953,汊,2952,汉,1
2954,汐,409,冯,1
2954,汐,3009,河,1
2955,汔,3120,浼,1
2956,汕,133,仙,1
2956,汕,409,冯,1
2956,汕,522,动,1
2956,汕,1514,山,1
2956,汕,1606,巛,1
2956,汕,2990,沘,1
2956,汕,2992,沚,1
2956,汕,3011,油,1
2956,汕,3893,的,1
2957,汗,2060,托,1
2957,汗,2947,汁,1
2957,汗,3366,炉,1
2957,汗,5616,许,1
2958,汛,3042,泯,1
2958,汛,4462,纨,1
2958,汛,6760,风,1
2959,汜,3034,泡,1
2959,汜,4131,祀,1
2960,汝,26,两,1
2960,汝,179,估,1
2960,汝,2954,汐,1
2960,汝,2991,沙,1
2960,汝,3022,泌,1
2960,汝,3026,法,1
2960,汝,3088,浅,1
2960,汝,4468,纯,1
2960,汝,4477,纸,1
2960,汝,4478,纹,1
2960,汝,5607,议,1
2961,汞,1760,录,1
2961,汞,2079,承,1
2961,汞,3046,泵,1
2961,汞,5744,豕,1
2962,江,431,几,1
2962,江,2841,次,1
2962,江,2946,汀,1
2962,江,4456,红,1
2962,江,5598,认,1
2962,江,5741,豇,1
2962,江,6023,辽,1
2963,池,1036,地,1
2963,池,3008,沲,1
2963,池,3018,泄,1
2963,池,4485,绁,1
2964,污,82,亏,1
2964,污,1613,巧,1
2964,污,3024,泓,1
2965,汤,411,冱,1
2965,汤,686,吊,1
2965,汤,1039,场,1
2965,汤,2971,汲,1
2965,汤,2994,沟,1
2965,汤,3163,淘,1
2965,汤,3614,玚,1
2965,汤,4008,矛,1
2966,汨,3021,泊,1
2966,汨,3039,泪,1
2966,汨,6326,钼,1
2966,汨,6509,问,1
2967,汩,3039,泪,1
2967,汩,6509,问,1
2967,汩,6562,阳,1
2968,汪,421,凄,1
2968,汪,2957,汗,1
2968,汪,2979,沃,1
2968,汪,4473,纴,1
2968,汪,4499,经,1
2968,汪,5034,茫,1
2968,汪,5601,讧,1
2968,汪,5626,诃,1
2968,汪,5665,诬,1
2970,汰,732,呔,1
2970,汰,3048,泷,1
2970,汰,3103,浕,1
2970,汰,3717,瓜,1
2971,汲,157,伋,1
2971,汲,646,反,1
2971,汲,2952,汉,1
2971,汲,2954,汐,1
2971,汲,2973,汶,1
2971,汲,3035,波,1
2971,汲,5624,证,1
2971,汲,6506,闪,1
2972,汴,97,亦,1
2973,汶,2960,汝,1
2973,汶,3616,玟,1
2973,汶,4478,纹,1
2974,汹,440,凶,1
2974,汹,2956,汕,1
2974,汹,2990,沘,1
2974,汹,3022,泌,1
2975,汽,262,信,1
2975,汽,681,吃,1
2975,汽,2922,气,1
2975,汽,3026,法,1
2975,汽,3036,泣,1
2975,汽,4459,纥,1
2975,汽,4507,绘,1
2975,汽,5605,讫,1
2976,汾,2873,殇,1
2976,汾,2965,汤,1
2976,汾,2998,沥,1
2976,汾,3051,泻,1
2976,汾,4476,纷,1
2977,沁,1609,巡,1
2977,沁,1808,心,1
2977,沁,2950,汇,1
2977,沁,2963,池,1
2977,沁,2974,汹,1
2977,沁,3076,洲,1
2977,沁,3225,溅,1
2977,沁,5607,议,1
2978,沂,2393,斤,1
2978,沂,2979,沃,1
2978,沂,3027,泖,1
2978,沂,3032,泞,1
2978,沂,3809,疴,1
2978,沂,4017,短,1
2978,沂,5631,诉,1
2979,沃,200,佚,1
2979,沃,1214,头,1
2979,沃,2970,汰,1
2979,沃,2999,沦,1
2979,沃,3030,泛,1
2979,沃,3044,泱,1
2979,沃,3106,浜,1
2979,沃,4391,米,1
2979,沃,5623,诀,1
2980,沄,2964,污,1
2981,沅,2984,沉,1
2983,沈,38,丸,1
2983,沈,2900,比,1
2983,沈,3007,沱,1
2983,沈,3029,泚,1
2983,沈,3048,泷,1
2983,沈,3086,流,1
2984,沉,399,冗,1
2984,沉,2841,次,1
2984,沉,2966,汨,1
2984,沉,2983,沈,1
2984,沉,3120,浼,1
2984,沉,5629,识,1
2987,沐,2970,汰,1
2987,沐,2993,沛,1
2987,沐,3652,球,1
2988,沓,3123,消,1
2988,沓,4728,肖,1
2989,沔,4554,缈,1
2990,沘,4469,纰,1
2991,沙,140,以,1
2991,沙,1468,少,1
2991,沙,1625,巾,1
2991,沙,2956,汕,1
2991,沙,6569,阿,1
2992,沚,2977,沁,1
2993,沛,2976,汾,1
2993,沛,3049,泸,1
2993,沛,3624,玮,1
2993,沛,5622,访,1
2994,沟,3073,洫,1
2994,沟,3163,淘,1
2994,沟,4724,肉,1
2995,没,718,吸,1
2995,没,1361,嫫,1
2995,没,2409,旋,1
2995,没,3016,沿,1
2995,没,3174,深,1
2995,没,3269,滥,1
2995,没,3627,玲,1
2995,没,4267,竣,1
2995,没,5629,识,1
2995,没,5634,诌,1
2996,沣,3041,泮,1
2996,沣,3083,洼,1
2997,沤,411,冱,1
2997,沤,2962,江,1
2997,沤,3022,泌,1
2997,沤,3031,泜,1
2998,沥,2991,沙,1
2998,沥,3013,沼,1
2998,沥,3092,浉,1
2998,沥,3137,涡,1
2999,沦,2955,汔,1
2999,沦,2983,沈,1
2999,沦,3007,沱,1
2999,沦,3074,洮,1
2999,沦,3082,活,1
2999,沦,5609,记,1
2999,沦,5619,讼,1
2999,沦,5624,证,1
2999,沦,5708,谘,1
3000,沧,738,呛,1
3000,沧,2955,汔,1
3000,沧,2975,汽,1
3000,沧,3038,注,1
3000,沧,5618,论,1
3002,沩,3137,涡,1
3003,沪,2963,池,1
3003,沪,2991,沙,1
3003,沪,2993,沛,1
3003,沪,3010,沸,1
3003,沪,3098,浐,1
3004,沫,417,冻,1
3004,沫,2987,沐,1
3004,沫,2996,沣,1
3004,沫,3064,洙,1
3004,沫,3068,洣,1
3004,沫,3087,浃,1
3004,沫,3134,涞,1
3004,沫,5611,讳,1
3005,沭,5610,讲,1
3006,沮,1003,回,1
3006,沮,2967,汩,1
3006,沮,2968,汪,1
3006,沮,2984,沉,1
3006,沮,3245,溷,1
3006,沮,4488,组,1
3006,沮,5603,让,1
3006,沮,6046,迥,1
3007,沱,2959,汜,1
3007,沱,2999,沦,1
3007,沱,4475,纶,1
3007,沱,5661,诧,1
3007,沱,6847,驼,1
3008,沲,2403,施,1
3009,河,1071,坷,1
3009,河,3017,泃,1
3009,河,3039,泪,1
3009,河,3075,洱,1
3009,河,4470,纱,1
3009,河,5614,讶,1
3009,河,5635,词,1
3009,河,6320,钶,1
3009,河,6515,间,1
3011,油,2966,汨,1
3011,油,3021,泊,1
3011,油,3035,波,1
3011,油,3225,溅,1
3011,油,3808,疳,1
3012,治,2976,汾,1
3012,治,2984,沉,1
3012,治,2995,没,1
3012,治,3036,泣,1
3012,治,3117,浴,1
3012,治,5636,诎,1
3012,治,6561,防,1
3013,沼,214,佰,1
3013,沼,3014,沽,1
3013,沼,3072,洪,1
3013,沼,3197,温,1
3014,沽,441,凸,1
3014,沽,765,咕,1
3014,沽,2965,汤,1
3014,沽,3015,沾,1
3014,沽,3035,波,1
3014,沽,3083,洼,1
3014,沽,3116,浯,1
3015,沾,416,冷,1
3015,沾,2976,汾,1
3015,沾,2982,沆,1
3015,沾,3012,治,1
3015,沾,3014,沽,1
3015,沾,3049,泸,1
3015,沾,3145,涪,1
3015,沾,4263,站,1
3015,沾,5625,诂,1
3016,沿,415,冶,1
3016,沿,1492,屁,1
3016,沿,1877,恐,1
3016,沿,2421,旨,1
3016,沿,2967,汩,1
3016,沿,2976,汾,1
3016,沿,3081,洺,1
3016,沿,3084,洽,1
3016,沿,3119,浸,1
3016,沿,3168,淡,1
3016,沿,5637,诏,1
3017,泃,2951,汈,1
3017,泃,2994,沟,1
3017,泃,3009,河,1
3017,泃,3079,洵,1
3018,泄,17,世,1
3018,泄,3051,泻,1
3018,泄,3077,洳,1
3018,泄,3207,湉,1
3018,泄,4485,绁,1
3019,泅,1000,囚,1
3019,泅,2967,汩,1
3019,泅,3025,泔,1
3019,泅,3028,泗,1
3019,泅,3039,泪,1
3019,泅,3245,溷,1
3019,泅,6201,酒,1
3019,泅,6527,阀,1
3020,泉,1469,尔,1
3020,泉,1642,帛,1
3020,泉,2463,晁,1
3020,泉,3365,炅,1
3020,泉,3373,炙,1
3020,泉,4876,臬,1
3020,泉,5307,虿,1
3020,泉,6250,采,1
3021,泊,782,咱,1
3021,泊,2966,汨,1
3021,泊,3003,沪,1
3021,泊,3017,泃,1
3021,泊,3031,泜,1
3021,泊,3070,洧,1
3021,泊,3073,洫,1
3021,泊,3128,涓,1
3021,泊,3159,淌,1
3021,泊,4500,绐,1
3021,泊,5686,谁,1
3022,泌,2841,次,1
3022,泌,2991,沙,1
3022,泌,3166,淞,1
3022,泌,3168,淡,1
3022,泌,3389,炽,1
3024,泓,3059,洌,1
3024,泓,6540,阍,1
3025,泔,5662,诨,1
3026,法,421,凄,1
3026,法,1493,层,1
3026,法,3040,泫,1
3026,法,3124,涉,1
3026,法,5646,诘,1
3027,泖,4707,聊,1
3028,泗,3019,泅,1
3028,泗,3056,洄,1
3028,泗,6086,逦,1
3029,泚,410,冰,1
3030,泛,2955,汔,1
3030,泛,3000,沧,1
3030,泛,3033,泠,1
3030,泛,3054,泾,1
3030,泛,3083,洼,1
3030,泛,3194,渣,1
3030,泛,3627,玲,1
3030,泛,4499,经,1
3031,泜,2958,汛,1
3031,泜,3042,泯,1
3031,泜,5617,讹,1
3031,泜,5633,诋,1
3031,泜,5643,试,1
3032,泞,82,亏,1
3032,泞,2069,扭,1
3032,泞,2955,汔,1
3032,泞,3012,治,1
3032,泞,4463,纩,1
3032,泞,5658,诤,1
3033,泠,3030,泛,1
3033,泠,3095,浍,1
3033,泠,5654,诠,1
3034,泡,2959,汜,1
3034,泡,2997,沤,1
3034,泡,3060,洎,1
3034,泡,3111,浥,1
3034,泡,3150,涵,1
3034,泡,4475,纶,1
3034,泡,4771,胞,1
3035,波,3016,沿,1
3035,波,3042,泯,1
3035,波,3048,泷,1
3035,波,3071,洨,1
3035,波,3109,浡,1
3035,波,3119,浸,1
3035,波,3242,溲,1
3035,波,3631,玻,1
3035,波,5685,谀,1
3036,泣,190,位,1
3036,泣,411,冱,1
3036,泣,2960,汝,1
3036,泣,3030,泛,1
3036,泣,3038,注,1
3036,泣,5865,跎,1
3037,泥,1129,堀,1
3037,泥,1401,宅,1
3037,泥,3022,泌,1
3037,泥,3107,浞,1
3037,泥,3150,涵,1
3037,泥,3176,混,1
3037,泥,3186,渑,1
3037,泥,4532,绲,1
3038,注,416,冷,1
3038,注,422,准,1
3038,注,1678,庄,1
3038,注,2955,汔,1
3038,注,2999,沦,1
3038,注,3083,洼,1
3038,注,5605,讫,1
3038,注,5634,诌,1
3039,泪,2729,棱,1
3039,泪,3010,沸,1
3039,泪,3057,洇,1
3039,泪,3079,洵,1
3039,泪,3316,澄,1
3039,泪,3645,珥,1
3039,泪,4488,组,1
3039,泪,5628,诅,1
3040,泫,96,亥,1
3040,泫,3033,泠,1
3040,泫,3036,泣,1
3040,泫,5659,该,1
3040,泫,5692,谇,1
3041,泮,581,半,1
3041,泮,3078,洴,1
3042,泯,3635,珉,1
3043,泰,5744,豕,1
3043,泰,6117,遽,1
3043,泰,6614,隶,1
3045,泳,410,冰,1
3045,泳,3004,沫,1
3045,泳,3152,涿,1
3045,泳,4545,绿,1
3046,泵,1195,夏,1
3046,泵,5474,衮,1
3046,泵,5744,豕,1
3047,泶,2844,欤,1
3048,泷,767,咙,1
3049,泸,3003,沪,1
3050,泺,2979,沃,1
3050,泺,3031,泜,1
3050,泺,3061,洑,1
3050,泺,3064,洙,1
3051,泻,1884,恣,1
3051,泻,3118,海,1
3051,泻,3128,涓,1
3051,泻,3163,淘,1
3051,泻,3171,淫,1
3051,泻,3202,渴,1
3051,泻,3290,漯,1
3051,泻,3294,漹,1
3051,泻,3415,焉,1
3051,泻,3615,玛,1
3051,泻,5645,诗,1
3051,泻,5662,诨,1
3051,泻,5717,谢,1
3051,泻,7059,鸿,1
3052,泼,2971,汲,1
3052,泼,2995,没,1
3052,泼,3129,涔,1
3052,泼,3242,溲,1
3053,泽,2902,毖,1
3053,泽,3041,泮,1
3053,泽,3172,淬,1
3053,泽,3292,漳,1
3053,泽,5711,谛,1
3053,泽,6850,驿,1
3054,泾,428,凑,1
3054,泾,3316,澄,1
3054,泾,4499,经,1
3055,洁,1387,学,1
3055,洁,3072,洪,1
3055,洁,3084,洽,1
3055,洁,3106,浜,1
3055,洁,3113,浩,1
3055,洁,3115,浮,1
3055,洁,3116,浯,1
3055,洁,3145,涪,1
3055,洁,3231,溘,1
3055,洁,4503,结,1
3055,洁,5651,话,1
3056,洄,3006,沮,1
3056,洄,3028,泗,1
3056,洄,3039,泪,1
3056,洄,3136,涠,1
3056,洄,3151,涸,1
3057,洇,3151,涸,1
3057,洇,6523,闼,1
3058,洋,355,元,1
3058,洋,586,卓,1
3058,洋,1543,岸,1
3058,洋,3099,浑,1
3058,洋,3118,海,1
3058,洋,3307,潭,1
3058,洋,5627,评,1
3059,洌,464,刚,1
3059,洌,3155,淅,1
3060,洎,782,咱,1
3060,洎,3039,泪,1
3060,洎,3079,洵,1
3060,洎,3632,珀,1
3061,洑,3529,状,1
3061,洑,5734,谳,1
3062,洒,266,俩,1
3062,洒,2974,汹,1
3062,洒,2986,沏,1
3062,洒,2998,沥,1
3062,洒,3028,泗,1
3062,洒,3137,涡,1
3062,洒,3209,湎,1
3062,洒,3280,漏,1
3062,洒,4066,硒,1
3062,洒,5665,诬,1
3063,洗,414,况,1
3063,洗,2981,沅,1
3063,洗,2984,沉,1
3063,洗,2985,沌,1
3063,洗,3026,法,1
3063,洗,3086,流,1
3064,洙,5649,诛,1
3065,洚,3053,泽,1
3065,洚,3140,涤,1
3065,洚,3174,深,1
3066,洛,415,冶,1
3066,洛,775,咨,1
3066,洛,3084,洽,1
3066,洛,3116,浯,1
3066,洛,3117,浴,1
3066,洛,3244,溶,1
3066,洛,3642,珞,1
3066,洛,5160,落,1
3066,洛,7059,鸿,1
3067,洞,1551,峒,1
3067,洞,2966,汨,1
3067,洞,3039,泪,1
3067,洞,3056,洄,1
3067,洞,3057,洇,1
3067,洞,6546,阔,1
3068,洣,3041,泮,1
3068,洣,3064,洙,1
3068,洣,3127,涑,1
3068,洣,3134,涞,1
3068,洣,3174,深,1
3069,津,2996,沣,1
3069,津,3068,洣,1
3069,津,3297,潇,1
3069,津,5611,讳,1
3071,洨,2973,汶,1
3071,洨,2995,没,1
3071,洨,3105,浚,1
3071,洨,4513,绞,1
3071,洨,5619,讼,1
3072,洪,377,共,1
3072,洪,383,典,1
3072,洪,2972,汴,1
3072,洪,3106,浜,1
3072,洪,3168,淡,1
3072,洪,6015,辣,1
3073,洫,1885,恤,1
3074,洮,218,佻,1
3074,洮,3646,珧,1
3075,洱,3021,泊,1
3075,洱,4548,缂,1
3075,洱,5627,评,1
3075,洱,6923,魂,1
3076,洲,3636,珊,1
3077,洳,2960,汝,1
3077,洳,2986,沏,1
3077,洳,3022,泌,1
3078,洴,3098,浐,1
3078,洴,5610,讲,1
3079,洵,3009,河,1
3079,洵,6515,间,1
3080,洹,562,匜,1
3081,洺,2954,汐,1
3081,洺,3016,沿,1
3081,洺,4511,络,1
3081,洺,5708,谘,1
3082,活,522,动,1
3082,活,3014,沽,1
3082,活,3113,浩,1
3082,活,3206,湄,1
3082,活,5622,访,1
3082,活,5684,诿,1
3083,洼,221,使,1
3083,洼,3026,法,1
3083,洼,3030,泛,1
3083,洼,3038,注,1
3083,洼,3055,洁,1
3083,洼,3171,淫,1
3083,洼,3223,湿,1
3083,洼,3231,溘,1
3083,洼,5723,谨,1
3083,洼,6062,适,1
3084,洽,415,冶,1
3084,洽,2976,汾,1
3084,洽,3033,泠,1
3084,洽,3051,泻,1
3084,洽,3146,涫,1
3084,洽,3170,淦,1
3084,洽,4508,给,1
3084,洽,5619,讼,1
3084,洽,5630,诈,1
3084,洽,5632,诊,1
3084,洽,5640,诒,1
3085,派,3031,泜,1
3085,派,3042,泯,1
3085,派,3101,浓,1
3085,派,4510,绛,1
3085,派,5187,蒎,1
3085,派,5617,讹,1
3086,流,418,冼,1
3086,流,1685,庑,1
3086,流,2983,沈,1
3086,流,3090,浇,1
3086,流,3120,浼,1
3086,流,3337,濠,1
3086,流,4514,统,1
3086,流,4773,胤,1
3088,浅,90,些,1
3088,浅,2021,成,1
3088,浅,2078,找,1
3088,浅,3048,泷,1
3088,浅,3225,溅,1
3088,浅,4483,线,1
3088,浅,5144,萍,1
3089,浆,721,吼,1
3089,浆,1295,姿,1
3089,浆,1355,嫠,1
3089,浆,4161,禁,1
3090,浇,236,侥,1
3090,浇,1486,尻,1
3090,浇,2169,挠,1
3090,浇,2615,柒,1
3090,浇,3026,法,1
3090,浇,3260,滗,1
3090,浇,3278,漆,1
3090,浇,5647,诙,1
3091,浈,3224,溃,1
3091,浈,4153,祯,1
3091,浈,6719,须,1
3092,浉,1631,师,1
3093,浊,3026,法,1
3093,浊,3254,滍,1
3093,浊,4462,纨,1
3093,浊,5297,虫,1
3094,测,457,刎,1
3094,测,463,则,1
3094,测,481,刻,1
3094,测,495,剕,1
3094,测,3059,洌,1
3094,测,3097,浏,1
3094,测,3228,溉,1
3095,浍,3040,泫,1
3095,浍,3121,涂,1
3095,浍,4507,绘,1
3096,济,810,哜,1
3096,济,2999,沦,1
3096,济,3108,浠,1
3096,济,3205,湃,1
3096,济,5622,访,1
3096,济,5708,谘,1
3097,浏,497,剜,1
3097,浏,3059,洌,1
3098,浐,3003,沪,1
3098,浐,3049,泸,1
3099,浑,411,冱,1
3099,浑,1295,姿,1
3099,浑,1544,岽,1
3099,浑,3121,涂,1
3099,浑,3140,涤,1
3099,浑,3174,深,1
3099,浑,3257,滓,1
3101,浓,242,侬,1
3101,浓,811,哝,1
3101,浓,1731,弄,1
3101,浓,2983,沈,1
3101,浓,3074,洮,1
3101,浓,3268,滤,1
3101,浓,5514,裟,1
3101,浓,5619,讼,1
3101,浓,5685,谀,1
3102,浔,1795,得,1
3103,浕,408,冬,1
3104,浙,577,卅,1
3104,浙,2398,断,1
3104,浙,3010,沸,1
3104,浙,3166,淞,1
3104,浙,3319,澌,1
3104,浙,4408,粥,1
3104,浙,6080,逝,1
3105,浚,650,受,1
3105,浚,1521,岌,1
3105,浚,2973,汶,1
3105,浚,2995,没,1
3105,浚,3033,泠,1
3105,浚,3071,洨,1
3105,浚,3129,涔,1
3105,浚,3189,渗,1
3105,浚,3215,湜,1
3105,浚,3221,湲,1
3105,浚,3242,溲,1
3105,浚,5659,该,1
3105,浚,5716,谡,1
3105,浚,6084,逡,1
3106,浜,3082,活,1
3106,浜,3087,浃,1
3106,浜,3326,澳,1
3107,浞,3144,涩,1
3107,浞,3188,渖,1
3108,浠,1632,希,1
3108,浠,2993,沛,1
3108,浠,3156,淆,1
3109,浡,3050,泺,1
3109,浡,3306,潦,1
3110,浣,582,华,1
3110,浣,2975,汽,1
3110,浣,3164,淙,1
3111,浥,3034,泡,1
3111,浥,3186,渑,1
3112,浦,3070,洧,1
3112,浦,3311,潵,1
3113,浩,2964,污,1
3113,浩,2976,汾,1
3113,浩,3018,泄,1
3113,浩,3026,法,1
3113,浩,3063,洗,1
3113,浩,3082,活,1
3113,浩,3261,滘,1
3113,浩,4503,结,1
3113,浩,5646,诘,1
3113,浩,5670,诱,1
3113,浩,6394,锆,1
3114,浪,3037,泥,1
3114,浪,3279,漉,1
3114,浪,3407,烫,1
3114,浪,3564,狼,1
3114,浪,3653,琅,1
3115,浮,2989,沔,1
3115,浮,3038,注,1
3115,浮,3058,洋,1
3115,浮,3066,洛,1
3115,浮,3171,淫,1
3115,浮,3175,淳,1
3115,浮,3294,漹,1
3116,浯,2478,晤,1
3116,浯,3066,洛,1
3117,浴,172,伤,1
3117,浴,3113,浩,1
3117,浴,3145,涪,1
3117,浴,3196,渥,1
3117,浴,4519,绤,1
3117,浴,4540,绺,1
3117,浴,5619,讼,1
3118,海,598,卤,1
3118,海,3065,洚,1
3118,海,3162,淖,1
3118,海,3188,渖,1
3118,海,3209,湎,1
3118,海,3717,瓜,1
3118,海,5657,诣,1
3119,浸,1558,峧,1
3119,浸,3035,波,1
3119,浸,3109,浡,1
3119,浸,4581,缦,1
3120,浼,3220,湮,1
3120,浼,5697,谍,1
3121,涂,424,凉,1
3121,涂,3045,泳,1
3121,涂,3050,泺,1
3121,涂,3278,漆,1
3121,涂,4232,穿,1
3121,涂,4508,给,1
3121,涂,4521,绦,1
3122,涅,416,冷,1
3122,涅,2624,柠,1
3122,涅,3054,泾,1
3122,涅,3217,湟,1
3123,消,1561,峭,1
3123,消,1905,悄,1
3123,消,3021,泊,1
3123,消,3118,海,1
3123,消,3137,涡,1
3123,消,3173,淮,1
3123,消,3199,渭,1
3123,消,3312,潸,1
3123,消,3803,疮,1
3123,消,4516,绡,1
3123,消,6579,陌,1
3124,涉,269,修,1
3124,涉,2964,污,1
3124,涉,2989,沔,1
3124,涉,3098,浐,1
3124,涉,3116,浯,1
3124,涉,3294,漹,1
3124,涉,5649,诛,1
3125,涌,254,俑,1
3125,涌,3196,渥,1
3125,涌,3275,滴,1
3125,涌,3280,漏,1
3125,涌,3664,琤,1
3125,涌,3821,痈,1
3125,涌,6078,通,1
3125,涌,6977,鲬,1
3126,涎,690,吏,1
3126,涎,1109,埏,1
3126,涎,1722,延,1
3126,涎,3107,浞,1
3126,涎,5665,诬,1
3126,涎,5888,跹,1
3126,涎,6762,飑,1
3126,涎,6764,飓,1
3127,涑,3004,沫,1
3127,涑,5699,谏,1
3128,涓,3137,涡,1
3128,涓,4517,绢,1
3129,涔,3052,泼,1
3129,涔,4573,缝,1
3129,涔,5708,谘,1
3130,涕,3078,洴,1
3130,涕,3108,浠,1
3130,涕,3132,涛,1
3130,涕,3174,深,1
3130,涕,4523,绨,1
3130,涕,4564,缔,1
3131,涘,3139,涣,1
3132,涛,2161,挎,1
3132,涛,5645,诗,1
3133,涝,2993,沛,1
3133,涝,3263,滞,1
3133,涝,5119,菏,1
3133,涝,5711,谛,1
3134,涞,2564,来,1
3134,涞,2615,柒,1
3134,涞,3087,浃,1
3134,涞,3270,滦,1
3135,涟,1297,娃,1
3135,涟,3099,浑,1
3135,涟,4573,缝,1
3135,涟,5641,诓,1
3135,涟,5892,踅,1
3135,涟,6042,连,1
3135,涟,6065,逅,1
3135,涟,6069,逋,1
3136,涠,3057,洇,1
3136,涠,3164,淙,1
3137,涡,1106,埇,1
3137,涡,3125,涌,1
3137,涡,3130,涕,1
3137,涡,3149,液,1
3137,涡,3159,淌,1
3137,涡,3202,渴,1
3137,涡,3266,满,1
3137,涡,3383,炳,1
3137,涡,4155,祷,1
3138,涢,2971,汲,1
3138,涢,3137,涡,1
3138,涢,3197,温,1
3138,涢,5721,谦,1
3139,涣,841,唤,1
3139,涣,3106,浜,1
3139,涣,3239,溪,1
3139,涣,3271,滨,1
3139,涣,6583,陕,1
3140,涤,3004,沫,1
3140,涤,3051,泻,1
3140,涤,3121,涂,1
3140,涤,3134,涞,1
3140,涤,4521,绦,1
3140,涤,5627,评,1
3141,润,2966,汨,1
3141,润,3009,河,1
3141,润,3060,洎,1
3141,润,3245,溷,1
3141,润,3322,澜,1
3141,润,5777,购,1
3141,润,6508,闭,1
3142,涧,1890,恫,1
3142,涧,3017,泃,1
3142,涧,3056,洄,1
3142,涧,3322,澜,1
3142,涧,4642,羽,1
3142,涧,5689,谄,1
3142,涧,6515,间,1
3143,涨,2051,扊,1
3143,涨,3061,洑,1
3143,涨,3085,派,1
3144,涩,3111,浥,1
3144,涩,3743,甩,1
3144,涩,4647,翌,1
3145,涪,2047,扅,1
3145,涪,2964,污,1
3145,涪,3113,浩,1
3145,涪,3171,淫,1
3145,涪,3231,溘,1
3145,涪,3244,溶,1
3145,涪,3262,滚,1
3145,涪,4589,缮,1
3145,涪,5709,谙,1
3146,涫,3672,琯,1
3147,涮,477,刷,1
3147,涮,3059,洌,1
3147,涮,6541,阎,1
3149,液,3062,洒,1
3149,液,3298,潋,1
3149,液,3827,痕,1
3149,液,5725,谪,1
3150,涵,3143,涨,1
3150,涵,3211,湔,1
3150,涵,5636,诎,1
3151,涸,3028,泗,1
3151,涸,3039,泪,1
3151,涸,3067,洞,1
3151,涸,3136,涠,1
3151,涸,3141,润,1
3151,涸,5688,调,1
3152,涿,5681,诼,1
3153,淀,1413,定,1
3153,淀,3038,注,1
3153,淀,3107,浞,1
3153,淀,3144,涩,1
3153,淀,3164,淙,1
3153,淀,3407,烫,1
3153,淀,4079,碇,1
3153,淀,4543,绽,1
3153,淀,6032,运,1
3154,淄,3216,湝,1
3156,淆,921,嗜,1
3156,淆,1423,宥,1
3156,淆,1574,崤,1
3156,淆,3070,洧,1
3156,淆,3125,涌,1
3156,淆,3128,涓,1
3156,淆,3132,涛,1
3156,淆,3180,清,1
3156,淆,3190,渚,1
3156,淆,4170,禹,1
3156,淆,5181,蒂,1
3157,淇,381,其,1
3157,淇,3242,溲,1
3157,淇,3284,漠,1
3158,淋,2587,林,1
3158,淋,3312,潸,1
3158,淋,3674,琳,1
3158,淋,5610,讲,1
3159,淌,284,倘,1
3159,淌,1941,惝,1
3159,淌,3035,波,1
3159,淌,3116,浯,1
3159,淌,3128,涓,1
3159,淌,3202,渴,1
3159,淌,3209,湎,1
3159,淌,3275,滴,1
3159,淌,3381,炯,1
3159,淌,5956,躺,1
3160,淏,3072,洪,1
3160,淏,3218,湨,1
3160,淏,5668,误,1
3160,淏,5683,课,1
3161,淑,648,叔,1
3161,淑,2369,敝,1
3161,淑,3219,湫,1
3161,淑,3291,漱,1
3162,淖,6580,降,1
3163,淘,3000,沧,1
3163,淘,3034,泡,1
3163,淘,3125,涌,1
3163,淘,3136,涠,1
3163,淘,3213,湘,1
3163,淘,3226,溆,1
3163,淘,4539,绹,1
3163,淘,6511,闰,1
3163,淘,6524,闽,1
3163,淘,6528,阁,1
3164,淙,2689,桨,1
3164,淙,3121,涂,1
3164,淙,3146,涫,1
3164,淙,3153,淀,1
3164,淙,4542,综,1
3165,淝,4683,耙,1
3166,淞,423,凇,1
3166,淞,2974,汹,1
3168,淡,348,儇,1
3168,淡,3087,浃,1
3168,淡,3265,滠,1
3168,淡,6567,阼,1
3169,淤,3178,添,1
3169,淤,3203,游,1
3169,淤,6122,邈,1
3170,淦,3254,滍,1
3171,淫,1548,峃,1
3171,淫,3038,注,1
3171,淫,3078,洴,1
3171,淫,3115,浮,1
3171,淫,3122,涅,1
3171,淫,3168,淡,1
3171,淫,3187,渔,1
3171,淫,3217,湟,1
3171,淫,3220,湮,1
3171,淫,3260,滗,1
3172,淬,3065,洚,1
3172,淬,3098,浐,1
3172,淬,3109,浡,1
3172,淬,3260,滗,1
3172,淬,3289,漭,1
3173,淮,3038,注,1
3173,淮,3169,淤,1
3173,淮,3196,渥,1
3173,淮,3299,潍,1
3173,淮,3836,痧,1
3174,深,3102,浔,1
3174,深,3121,涂,1
3174,深,3160,淏,1
3174,深,3662,琛,1
3174,深,4406,粢,1
3174,深,5649,诛,1
3175,淳,103,亭,1
3175,淳,1697,庤,1
3175,淳,3084,洽,1
3175,淳,3109,浡,1
3175,淳,3115,浮,1
3175,淳,3164,淙,1
3175,淳,5690,谅,1
3176,混,2463,晁,1
3176,混,3029,泚,1
3176,混,3037,泥,1
3176,混,5696,谌,1
3177,淹,2999,沦,1
3177,淹,3260,滗,1
3177,淹,6264,鋈,1
3178,添,2233,掭,1
3179,淼,3089,浆,1
3180,清,294,倩,1
3180,清,3123,消,1
3180,清,3156,淆,1
3180,清,3190,渚,1
3180,清,4434,糵,1
3180,清,5630,诈,1
3180,清,6663,青,1
3180,清,6665,靖,1
3181,渊,467,删,1
3181,渊,2974,汹,1
3181,渊,3136,涠,1
3181,渊,3322,澜,1
3181,渊,5712,谜,1
3182,渌,4081,碌,1
3183,渍,3037,泥,1
3183,渍,3138,涢,1
3183,渍,3180,清,1
3183,渍,3221,湲,1
3184,渎,1417,实,1
3185,渐,1950,惭,1
3185,渐,3334,濑,1
3186,渑,2669,桅,1
3186,渑,3125,涌,1
3187,渔,1082,垒,1
3187,渔,3021,泊,1
3187,渔,3030,泛,1
3187,渔,3117,浴,1
3187,渔,3118,海,1
3187,渔,3201,渲,1
3187,渔,3209,湎,1
3187,渔,5701,谑,1
3188,渖,3182,渌,1
3189,渗,2972,汴,1
3189,渗,3113,浩,1
3189,渗,3337,濠,1
3189,渗,5632,诊,1
3190,渚,3123,消,1
3190,渚,3209,湎,1
3190,渚,3219,湫,1
3190,渚,3266,满,1
3190,渚,5677,诸,1
3190,渚,5808,赌,1
3191,渝,1527,岗,1
3191,渝,1591,嵛,1
3191,渝,3086,流,1
3191,渝,3156,淆,1
3191,渝,3170,淦,1
3191,渝,3687,瑜,1
3191,渝,6100,遍,1
3192,渠,725,呆,1
3192,渠,1084,垕,1
3192,渠,2615,柒,1
3192,渠,2779,榘,1
3192,渠,3277,漂,1
3192,渠,4406,粢,1
3192,渠,4411,粱,1
3192,渠,6623,集,1
3193,渡,3119,浸,1
3193,渡,3149,液,1
3193,渡,3864,瘦,1
3194,渣,2626,查,1
3194,渣,3301,潘,1
3194,渣,6973,鲨,1
3195,渤,3318,澉,1
3195,渤,3331,激,1
3196,渥,3122,涅,1
3196,渥,3176,混,1
3196,渥,3241,溱,1
3197,温,3138,涢,1
3197,温,3186,渑,1
3197,温,3202,渴,1
3197,温,3215,湜,1
3197,温,3304,潟,1
3198,渫,5697,谍,1
3199,渭,3067,洞,1
3199,渭,3202,渴,1
3199,渭,3256,滑,1
3199,渭,3302,潜,1
3199,渭,3304,潟,1
3200,港,610,卷,1
3200,港,3234,溠,1
3200,港,4541,绻,1
3200,港,5716,谡,1
3201,渲,3264,滟,1
3201,渲,3314,潼,1
3202,渴,306,偈,1
3202,渴,737,呙,1
3202,渴,3111,浥,1
3202,渴,3118,海,1
3202,渴,3137,涡,1
3202,渴,3159,淌,1
3202,渴,3199,渭,1
3202,渴,3245,溷,1
3202,渴,4270,竭,1
3202,渴,6101,遏,1
3203,游,3169,淤,1
3203,游,3246,溺,1
3203,游,3318,澉,1
3203,游,3882,癖,1
3203,游,4542,综,1
3204,渺,2991,沙,1
3204,渺,3079,洵,1
3204,渺,3287,漪,1
3205,湃,2387,料,1
3205,湃,3336,濞,1
3205,湃,4188,秤,1
3205,湃,4537,绷,1
3206,湄,3128,涓,1
3206,湄,3209,湎,1
3207,湉,1891,恬,1
3208,湍,896,喘,1
3208,湍,3014,沽,1
3208,湍,3108,浠,1
3208,湍,3266,满,1
3208,湍,4531,绱,1
3208,湍,5065,荡,1
3208,湍,7131,黟,1
3209,湎,3017,泃,1
3210,湓,3073,洫,1
3210,湓,3118,海,1
3210,湓,3196,渥,1
3211,湔,3206,湄,1
3211,湔,6104,遒,1
3212,湖,3213,湘,1
3212,湖,3308,潮,1
3212,湖,3685,瑚,1
3212,湖,4391,米,1
3212,湖,4422,糊,1
3213,湘,869,啪,1
3213,湘,3104,浙,1
3213,湘,3620,玥,1
3213,湘,3934,相,1
3214,湛,2985,沌,1
3214,湛,3083,洼,1
3214,湛,3157,淇,1
3215,湜,2249,提,1
3215,湜,2455,是,1
3215,湜,3138,涢,1
3215,湜,3160,淏,1
3215,湜,3288,漫,1
3215,湜,3293,漶,1
3215,湜,4553,缇,1
3216,湝,3312,潸,1
3216,湝,5700,谐,1
3217,湟,106,亳,1
3217,湟,3201,渲,1
3218,湨,3160,淏,1
3218,湨,3243,溴,1
3218,湨,3343,瀑,1
3219,湫,3226,溆,1
3219,湫,4180,秋,1
3220,湮,3217,湟,1
3221,湲,936,嗳,1
3221,湲,3331,激,1
3221,湲,4563,缓,1
3222,湾,775,咨,1
3222,湾,3032,泞,1
3222,湾,3116,浯,1
3222,湾,3250,滂,1
3222,湾,5704,谔,1
3222,湾,5719,谤,1
3223,湿,2449,星,1
3223,湿,3107,浞,1
3223,湿,3170,淦,1
3223,湿,3182,渌,1
3223,湿,3254,滍,1
3223,湿,3288,漫,1
3223,湿,3435,煜,1
3224,溃,428,凑,1
3224,溃,3168,淡,1
3224,溃,5716,谡,1
3224,溃,5785,贵,1
3225,溅,3285,漤,1
3225,溅,3673,琰,1
3225,溅,5781,贱,1
3225,溅,5792,贼,1
3226,溆,3161,淑,1
3226,溆,3201,渲,1
3227,溇,421,凄,1
3227,溇,4565,缕,1
3228,溉,1268,妮,1
3228,溉,1988,慨,1
3228,溉,3136,涠,1
3229,溏,3300,潏,1
3230,源,417,冻,1
3230,源,1186,壮,1
3230,源,3148,涯,1
3230,源,3178,添,1
3230,源,4571,缛,1
3230,源,5690,谅,1
3232,溜,3012,治,1
3232,溜,3154,淄,1
3232,溜,3304,潟,1
3232,溜,3338,濡,1
3233,溟,3288,漫,1
3235,溢,3156,淆,1
3235,溢,3301,潘,1
3235,溢,3314,潼,1
3235,溢,5722,谧,1
3235,溢,6098,遄,1
3237,溦,2361,敉,1
3237,溦,2370,敞,1
3237,溦,3311,潵,1
3238,溧,323,傈,1
3238,溧,3277,漂,1
3239,溪,27,严,1
3239,溪,3131,涘,1
3239,溪,3139,涣,1
3239,溪,3184,渎,1
3239,溪,3221,湲,1
3239,溪,3282,演,1
3239,溪,3874,瘼,1
3240,溯,2528,朔,1
3240,溯,3078,洴,1
3240,溯,3142,涧,1
3240,溯,3212,湖,1
3240,溯,3324,澥,1
3240,溯,6611,隧,1
3241,溱,428,凑,1
3242,溲,3193,渡,1
3242,溲,3210,湓,1
3243,溴,3160,淏,1
3244,溶,2964,污,1
3244,溶,3066,洛,1
3244,溶,3093,浊,1
3244,溶,3189,渗,1
3244,溶,3233,溟,1
3244,溶,3261,滘,1
3244,溶,3262,滚,1
3244,溶,3690,瑢,1
3244,溶,4542,综,1
3245,溷,2237,掴,1
3246,溺,3247,溻,1
3246,溺,3308,潮,1
3246,溺,5663,诩,1
3246,溺,5894,踊,1
3247,溻,3102,浔,1
3247,溻,4532,绲,1
3248,溽,3132,涛,1
3248,溽,4571,缛,1
3248,溽,6020,辱,1
3249,滁,3121,涂,1
3249,滁,3330,澼,1
3249,滁,6588,除,1
3250,滂,324,傍,1
3250,滂,3222,湾,1
3251,滃,3246,溺,1
3252,滇,437,凰,1
3252,滇,3284,漠,1
3252,滇,3347,瀵,1
3253,滋,3024,泓,1
3253,滋,3321,澎,1
3253,滋,5433,蟊,1
3253,滋,5935,蹯,1
3255,滏,3000,沧,1
3255,滏,3065,洚,1
3255,滏,6264,鋈,1
3256,滑,855,啃,1
3256,滑,3102,浔,1
3256,滑,3128,涓,1
3256,滑,3199,渭,1
3256,滑,3203,游,1
3256,滑,3206,湄,1
3256,滑,3208,湍,1
3256,滑,3592,猾,1
3256,滑,4552,缆,1
3256,滑,4590,缯,1
3257,滓,3172,淬,1
3257,滓,3188,渖,1
3257,滓,3606,率,1
3257,滓,3810,疵,1
3257,滓,5144,萍,1
3258,滔,3062,洒,1
3258,滔,3132,涛,1
3258,滔,3159,淌,1
3258,滔,3232,溜,1
3259,滕,1342,媵,1
3261,滘,3116,浯,1
3261,滘,3244,溶,1
3262,滚,3253,滋,1
3262,滚,3337,濠,1
3262,滚,5509,裒,1
3263,滞,1358,嫦,1
3263,滞,5187,蒎,1
3266,满,3180,清,1
3266,满,3190,渚,1
3266,满,3281,漓,1
3266,满,3297,潇,1
3266,满,5119,菏,1
3266,满,5711,谛,1
3267,滢,3196,渥,1
3267,滢,3254,滍,1
3267,滢,5199,蒽,1
3267,滢,5211,蓖,1
3268,滤,1129,堀,1
3268,滤,2007,懑,1
3268,滤,2982,沆,1
3268,滤,3282,演,1
3268,滤,3665,琥,1
3268,滤,5701,谑,1
3268,滤,7044,鸯,1
3269,滥,3470,燧,1
3270,滦,1697,庤,1
3270,滦,2663,栾,1
3270,滦,3127,涑,1
3270,滦,3175,淳,1
3270,滦,3229,溏,1
3270,滦,3234,溠,1
3270,滦,4593,缲,1
3270,滦,5719,谤,1
3271,滨,1436,宾,1
3271,滨,3110,浣,1
3271,滨,3139,涣,1
3271,滨,3239,溪,1
3271,滨,3326,澳,1
3271,滨,3848,瘃,1
3271,滨,5675,诶,1
3272,滩,2508,曜,1
3272,滩,5672,诳,1
3272,滩,6567,阼,1
3272,滩,6618,难,1
3272,滩,6622,雅,1
3272,滩,6625,雉,1
3272,滩,6628,雎,1
3273,滪,3335,濒,1
3273,滪,4587,缬,1
3274,滫,3302,潜,1
3274,滫,3592,猾,1
3275,滴,3282,演,1
3275,滴,3830,痛,1
3275,滴,3844,痼,1
3275,滴,4740,肩,1
3275,滴,7068,鹈,1
3276,滹,5701,谑,1
3277,漂,3098,浐,1
3277,漂,3109,浡,1
3277,漂,3127,涑,1
3277,漂,3220,湮,1
3277,漂,3307,潭,1
3277,漂,4542,综,1
3277,漂,4580,缥,1
3278,漆,3109,浡,1
3278,漆,3178,添,1
3278,漆,3295,漾,1
3278,漆,6825,馕,1
3279,漉,7104,鹿,1
3280,漏,2298,摒,1
3280,漏,3256,滑,1
3280,漏,3839,痫,1
3281,漓,3130,涕,1
3281,漓,3137,涡,1
3281,漓,3208,湍,1
3281,漓,3266,满,1
3281,漓,3301,潘,1
3281,漓,5733,谲,1
3282,演,1440,寅,1
3282,演,1708,庼,1
3282,演,3087,浃,1
3282,演,3114,浪,1
3282,演,3153,淀,1
3282,演,3187,渔,1
3282,演,3254,滍,1
3282,演,3271,滨,1
3282,演,3305,潢,1
3282,演,3325,澧,1
3283,漕,2517,曹,1
3284,漠,1361,嫫,1
3284,漠,3087,浃,1
3284,漠,3157,淇,1
3284,漠,3243,溴,1
3284,漠,3254,滍,1
3285,漤,3236,溥,1
3286,漩,2409,旋,1
3286,漩,3135,涟,1
3286,漩,3169,淤,1
3286,漩,3228,溉,1
3286,漩,3299,潍,1
3286,漩,3334,濑,1
3286,漩,5693,谈,1
3286,漩,6586,陡,1
3288,漫,2518,曼,1
3288,漫,3242,溲,1
3288,漫,3459,熳,1
3288,漫,4581,缦,1
3289,漭,6024,达,1
3290,漯,3099,浑,1
3290,漯,3157,淇,1
3290,漯,3708,璟,1
3290,漯,4582,缧,1
3291,漱,331,傲,1
3291,漱,2369,敝,1
3291,漱,3166,淞,1
3291,漱,3219,湫,1
3291,漱,4838,腴,1
3292,漳,1702,庳,1
3292,漳,3083,洼,1
3292,漳,3098,浐,1
3292,漳,3162,淖,1
3292,漳,5711,谛,1
3293,漶,3227,溇,1
3293,漶,3705,璘,1
3294,漹,4569,缙,1
3295,漾,37,丶,1
3295,漾,335,像,1
3295,漾,3182,渌,1
3295,漾,3227,溇,1
3295,漾,3315,潽,1
3296,潆,3290,漯,1
3296,潆,3337,濠,1
3296,潆,4586,缫,1
3297,潇,3211,湔,1
3297,潇,5154,萧,1
3298,潋,1803,微,1
3298,潋,3320,澍,1
3298,潋,5689,谄,1
3299,潍,3169,淤,1
3299,潍,3251,滃,1
3299,潍,3273,滪,1
3299,潍,4534,维,1
3300,潏,3275,滴,1
3301,潘,2573,杳,1
3301,潘,3221,湲,1
3301,潘,3315,潽,1
3301,潘,3466,燔,1
3301,潘,3773,番,1
3301,潘,3903,皤,1
3301,潘,4390,籍,1
3301,潘,5718,谣,1
3302,潜,889,喈,1
3302,潜,3283,漕,1
3302,潜,3285,漤,1
3303,潞,3316,澄,1
3303,潞,3704,璐,1
3303,潞,5501,袼,1
3305,潢,2007,懑,1
3305,潢,3266,满,1
3306,潦,732,呔,1
3306,潦,963,嘹,1
3306,潦,3109,浡,1
3306,潦,3278,漆,1
3306,潦,3296,潆,1
3306,潦,4588,缭,1
3307,潭,3277,漂,1
3307,潭,3336,濞,1
3308,潮,3212,湖,1
3310,潴,3900,皓,1
3311,潵,2361,敉,1
3311,潵,3313,潺,1
3312,潸,3302,潜,1
3313,潺,3247,溻,1
3314,潼,3328,澶,1
3315,潽,3283,漕,1
3316,澄,3129,涔,1
3316,澄,3261,滘,1
3316,澄,3271,滨,1
3316,澄,3325,澧,1
3316,澄,6592,陪,1
3317,澈,2369,敝,1
3317,澈,2377,敲,1
3317,澈,3125,涌,1
3317,澈,3226,溆,1
3317,澈,3237,溦,1
3317,澈,3311,潵,1
3317,澈,5532,褓,1
3317,澈,5737,谶,1
3317,澈,6593,陬,1
3318,澉,4000,瞰,1
3319,澌,962,嘶,1
3321,澎,1242,奶,1
3321,澎,3283,漕,1
3321,澎,3320,澍,1
3321,澎,5463,街,1
3321,澎,7131,黟,1
3322,澜,2385,斓,1
3322,澜,3158,淋,1
3322,澜,3804,疯,1
3322,澜,5717,谢,1
3322,澜,6531,阄,1
3322,澜,6546,阔,1
3323,澡,2689,桨,1
3323,澡,3164,淙,1
3323,澡,3174,深,1
3323,澡,3198,渫,1
3323,澡,3238,溧,1
3323,澡,3270,滦,1
3323,澡,6020,辱,1
3324,澥,3092,浉,1
3325,澧,6113,遭,1
3326,澳,975,噢,1
3326,澳,3160,淏,1
3326,澳,3218,湨,1
3326,澳,3233,溟,1
3326,澳,3243,溴,1
3326,澳,6587,院,1
3327,澴,3143,涨,1
3327,澴,4594,缳,1
3328,澶,3201,渲,1
3329,澹,5736,谵,1
3330,澼,346,僻,1
3330,澼,3203,游,1
3330,澼,3847,瘁,1
3331,激,1177,墩,1
3331,激,3237,溦,1
3331,激,3265,滠,1
3332,濂,1710,廉,1
3332,濂,3229,溏,1
3333,濉,6626,雌,1
3335,濒,3273,滪,1
3335,濒,3334,濑,1
3335,濒,6719,须,1
3335,濒,6731,颇,1
3338,濡,3336,濞,1
3339,濮,3276,滹,1
3341,瀌,3279,漉,1
3343,瀑,3473,爆,1
3343,瀑,5724,谩,1
3344,瀚,6551,阙,1
3347,瀵,62,乙,1
3348,瀹,3191,渝,1
3350,灌,997,囊,1
3350,灌,3234,溠,1
3350,灌,3296,潆,1
3350,灌,5275,藠,1
3350,灌,6619,雀,1
3351,灏,999,囗,1
3353,火,47,久,1
3353,火,140,以,1
3353,火,1811,忆,1
3353,火,2841,次,1
3353,火,6503,长,1
3354,灬,665,叭,1
3354,灬,1808,心,1
3355,灭,5,丈,1
3355,灭,89,亚,1
3356,灯,116,仃,1
3356,灯,3361,灼,1
3356,灯,3384,炷,1
3357,灰,784,咴,1
3357,灰,1490,尿,1
3357,灰,1679,庆,1
3358,灵,378,关,1
3358,灵,2440,昊,1
3358,灵,3365,炅,1
3358,灵,4927,艮,1
3359,灶,1259,妙,1
3359,灶,3398,烛,1
3359,灶,5298,虬,1
3359,灶,5301,虹,1
3360,灸,4010,矢,1
3360,灸,4011,矣,1
3360,灸,5474,衮,1
3361,灼,1246,妁,1
3361,灼,3366,炉,1
3361,灼,5777,购,1
3361,灼,5854,趵,1
3362,灾,1417,实,1
3362,灾,3355,灭,1
3362,灾,4234,突,1
3363,灿,4394,籼,1
3364,炀,451,刃,1
3364,炀,3387,炻,1
3364,炀,3444,煸,1
3364,炀,3614,玚,1
3365,炅,2456,昱,1
3365,炅,3358,灵,1
3365,炅,3382,炱,1
3365,炅,5875,跟,1
3366,炉,145,仰,1
3367,炊,2845,欧,1
3367,炊,3447,熄,1
3367,炊,6719,须,1
3367,炊,6789,饮,1
3368,炎,359,先,1
3368,炎,4940,芈,1
3368,炎,5836,走,1
3369,炒,1674,幼,1
3369,炒,3363,灿,1
3369,炒,3940,眇,1
3370,炔,1052,块,1
3370,炔,1849,怏,1
3370,炔,2452,昧,1
3370,炔,3389,炽,1
3370,炔,5322,蚨,1
3371,炕,94,亢,1
3371,炕,1051,坑,1
3371,炕,3359,灶,1
3371,炕,3375,炝,1
3371,炕,3377,炫,1
3371,炕,3406,烩,1
3373,炙,1217,夹,1
3373,炙,3360,灸,1
3373,炙,6921,鬼,1
3374,炜,4750,肺,1
3376,炟,1270,妲,1
3376,炟,1855,怛,1
3376,炟,1862,性,1
3376,炟,3432,煊,1
3377,炫,1867,怯,1
3377,炫,3371,炕,1
3377,炫,3413,烺,1
3377,炫,5801,赅,1
3378,炬,707,吨,1
3378,炬,820,哭,1
3378,炬,4014,矩,1
3380,炮,368,兜,1
3380,炮,3393,烃,1
3381,炯,798,响,1
3381,炯,3401,烟,1
3381,炯,5392,蝈,1
3382,炱,4011,矣,1
3383,炳,1631,师,1
3383,炳,3372,炖,1
3383,炳,3387,炻,1
3383,炳,6798,饷,1
3384,炷,3377,炫,1
3384,炷,3392,烂,1
3384,炷,3393,烃,1
3384,炷,3435,煜,1
3385,炸,1847,怍,1
3385,炸,1930,悼,1
3385,炸,2623,柞,1
3385,炸,3374,炜,1
3385,炸,5345,蛘,1
3386,点,376,兰,1
3386,点,688,名,1
3386,点,1221,奂,1
3386,点,1869,总,1
3386,点,1881,恚,1
3386,点,2440,昊,1
3386,点,2926,氙,1
3386,点,5305,虽,1
3386,点,5852,足,1
3386,点,6935,鱼,1
3387,炻,750,呸,1
3387,炻,3418,焐,1
3388,炼,417,冻,1
3388,炼,3356,灯,1
3388,炼,3396,烘,1
3388,炼,3414,烽,1
3388,炼,3427,焯,1
3388,炼,3464,燎,1
3389,炽,2603,枳,1
3389,炽,3367,炊,1
3389,炽,3420,焕,1
3390,烀,1331,婵,1
3390,烀,3405,烨,1
3391,烁,3388,炼,1
3392,烂,1919,悦,1
3393,烃,3054,泾,1
3393,烃,3377,炫,1
3393,烃,3392,烂,1
3394,烈,3454,熟,1
3394,烈,6068,逊,1
3395,烊,3405,烨,1
3396,烘,3370,炔,1
3396,烘,3389,炽,1
3396,烘,3392,烂,1
3396,烘,3398,烛,1
3396,烘,3404,烧,1
3396,烘,5301,虹,1
3397,烙,1547,峂,1
3397,烙,3378,炬,1
3397,烙,3393,烃,1
3397,烙,3418,焐,1
3397,烙,3419,焓,1
3398,烛,3372,炖,1
3398,烛,3402,烤,1
3398,烛,3413,烺,1
3399,烜,3376,炟,1
3399,烜,3403,烦,1
3399,烜,3420,焕,1
3399,烜,3435,煜,1
3400,烝,24,丞,1
3401,烟,787,咽,1
3401,烟,1551,峒,1
3401,烟,1904,悃,1
3401,烟,3057,洇,1
3401,烟,3364,炀,1
3402,烤,1891,恬,1
3402,烤,2151,拷,1
3402,烤,3302,潜,1
3402,烤,3423,焙,1
3403,烦,3378,炬,1
3403,烦,3393,烃,1
3403,烦,3399,烜,1
3403,烦,3404,烧,1
3403,烦,6717,项,1
3404,烧,1248,妃,1
3404,烧,3372,炖,1
3404,烧,3402,烤,1
3404,烧,3411,烷,1
3404,烧,5356,蛲,1
3404,烧,5560,览,1
3405,烨,1929,悻,1
3406,烩,3377,炫,1
3406,烩,3411,烷,1
3407,烫,402,农,1
3407,烫,2512,曰,1
3407,烫,3362,灾,1
3407,烫,4411,粱,1
3407,烫,5652,诞,1
3407,烫,5849,趟,1
3408,烬,1257,妖,1
3408,烬,1864,怩,1
3408,烬,4585,缪,1
3409,热,532,势,1
3409,热,2329,撼,1
3409,热,3430,然,1
3409,热,5793,贽,1
3409,热,6112,遨,1
3410,烯,1574,崤,1
3410,烯,2408,旆,1
3410,烯,3402,烤,1
3410,烯,4200,稀,1
3411,烷,2163,挖,1
3411,烷,3377,炫,1
3411,烷,3450,熔,1
3411,烷,4507,绘,1
3412,烹,105,亲,1
3412,烹,1389,孪,1
3412,烹,1848,怎,1
3412,烹,2217,掌,1
3412,烹,5108,莹,1
3412,烹,5211,蓖,1
3413,烺,3447,熄,1
3413,烺,3653,琅,1
3413,烺,4201,稂,1
3414,烽,1930,悼,1
3414,烽,3301,潘,1
3414,烽,3406,烩,1
3414,烽,3416,焊,1
3414,烽,4510,绛,1
3415,焉,1896,恶,1
3415,焉,2521,最,1
3415,焉,4671,者,1
3416,焊,35,串,1
3416,焊,3389,炽,1
3416,焊,3414,烽,1
3416,焊,4414,粹,1
3416,焊,4655,翠,1
3418,焐,1915,悟,1
3418,焐,4921,艋,1
3419,焓,1891,恬,1
3419,焓,3397,烙,1
3420,焕,940,嗾,1
3420,焕,1563,峻,1
3420,焕,2199,换,1
3420,焕,3384,炷,1
3420,焕,3417,焌,1
3421,焖,3381,炯,1
3421,焖,4781,胭,1
3421,焖,6518,闷,1
3422,焘,565,匡,1
3422,焘,1461,寿,1
3422,焘,4153,祯,1
3423,焙,3371,炕,1
3423,焙,3377,炫,1
3423,焙,3393,烃,1
3423,焙,3460,熵,1
3423,焙,3464,燎,1
3423,焙,4418,糁,1
3423,焙,5815,赔,1
3424,焚,343,僰,1
3424,焚,2710,梵,1
3424,焚,2755,楚,1
3425,焜,1887,恨,1
3425,焜,3440,煨,1
3425,焜,5993,辉,1
3426,焦,18,丘,1
3426,焦,154,企,1
3426,焦,1062,坦,1
3426,焦,6617,隽,1
3427,焯,874,啴,1
3427,焯,3395,烊,1
3428,焰,798,响,1
3428,焰,1276,始,1
3428,焰,1852,怕,1
3428,焰,3456,熥,1
3428,焰,3460,熵,1
3428,焰,3474,爝,1
3429,焱,5241,蕊,1
3429,焱,5816,赕,1
3430,然,232,供,1
3430,然,1280,姓,1
3430,然,6054,述,1
3431,煅,3462,燃,1
3433,煌,3393,烃,1
3433,煌,3406,烩,1
3433,煌,3435,煜,1
3433,煌,3450,熔,1
3433,煌,5397,蝗,1
3434,煎,386,兼,1
3434,煎,1962,愈,1
3434,煎,2571,杰,1
3434,煎,3394,烈,1
3434,煎,5175,葱,1
3434,煎,6080,逝,1
3435,煜,3389,炽,1
3436,煞,2363,敏,1
3437,煤,1336,媒,1
3437,煤,1934,惊,1
3437,煤,3494,牒,1
3437,煤,5347,蛛,1
3437,煤,5406,蝶,1
3438,煦,3439,照,1
3439,照,2454,昭,1
3439,照,2478,晤,1
3439,照,3430,然,1
3439,照,3438,煦,1
3440,煨,3425,焜,1
3440,煨,3435,煜,1
3441,煮,14,专,1
3441,煮,1957,惹,1
3441,煮,1966,意,1
3441,煮,3461,熹,1
3441,煮,5131,菰,1
3441,煮,5316,蚕,1
3442,煲,234,侠,1
3442,煲,1142,堠,1
3443,煳,4652,翙,1
3445,煺,3413,烺,1
3445,煺,3456,熥,1
3445,煺,3470,燧,1
3446,煽,847,唰,1
3446,煽,3456,熥,1
3447,熄,756,咄,1
3447,熄,1341,媳,1
3447,熄,3380,炮,1
3447,熄,3389,炽,1
3447,熄,3462,燃,1
3447,熄,5413,螅,1
3448,熊,340,僬,1
3448,熊,4792,能,1
3449,熏,1948,惫,1
3449,熏,3412,烹,1
3449,熏,7128,黛,1
3450,熔,1350,嫔,1
3450,熔,1560,峪,1
3450,熔,3397,烙,1
3450,熔,3411,烷,1
3450,熔,3850,瘆,1
3450,熔,5409,蝽,1
3451,熘,3466,燔,1
3454,熟,532,势,1
3454,熟,1162,塾,1
3454,熟,6047,迦,1
3454,熟,6659,露,1
3455,熠,3466,燔,1
3456,熥,3445,煺,1
3456,熥,6626,雌,1
3457,熨,6887,骰,1
3458,熬,1987,慧,1
3460,熵,3465,燏,1
3460,熵,3873,瘸,1
3461,熹,944,嘉,1
3462,燃,3398,烛,1
3463,燊,2725,棨,1
3464,燎,963,嘹,1
3464,燎,5414,螈,1
3465,燏,3300,潏,1
3465,燏,3460,熵,1
3467,燕,2329,撼,1
3467,燕,3641,珙,1
3467,燕,5157,萱,1
3467,燕,5225,蔗,1
3468,燠,3451,熘,1
3468,燠,3453,熜,1
3469,燥,3388,炼,1
3469,燥,5369,蜍,1
3469,燥,5410,蝾,1
3469,燥,5993,辉,1
3470,燧,5420,螠,1
3473,爆,1659,幌,1
3473,爆,5826,赠,1
3473,爆,5993,辉,1
3475,爨,62,乙,1
3476,爪,2918,氏,1
3476,爪,2919,氐,1
3477,爬,638,县,1
3478,爰,1263,妥,1
3478,爰,3479,爱,1
3478,爰,5055,荑,1
3479,爱,1195,夏,1
3479,爱,6658,霰,1
3480,爵,2465,晋,1
3480,爵,5226,蔚,1
3480,爵,5264,薯,1
3480,爵,7146,鼐,1
3480,爵,7185,龠,1
3481,父,50,义,1
3481,父,645,双,1
3481,父,3485,爻,1
3482,爷,43,举,1
3482,爷,408,冬,1
3482,爷,519,务,1
3482,爷,606,危,1
3482,爷,682,各,1
3482,爷,1193,备,1
3482,爷,3481,父,1
3482,爷,5738,谷,1
3483,爸,610,卷,1
3483,爸,4278,笆,1
3483,爸,4310,筐,1
3483,爸,4930,色,1
3483,爸,6258,釜,1
3484,爹,2563,条,1
3484,爹,2935,氨,1
3485,爻,50,义,1
3485,爻,3481,父,1
3486,爽,3820,症,1
3487,爿,32,丬,1
3487,爿,1483,尸,1
3490,片,2156,持,1
3490,片,2443,昏,1
3490,片,2900,比,1
3490,片,2964,污,1
3490,片,4972,芹,1
3490,片,5288,虍,1
3491,版,653,叛,1
3491,版,3761,畈,1
3492,牌,2131,拚,1
3492,牌,2741,椑,1
3492,牌,3100,浒,1
3492,牌,5343,蛑,1
3492,牌,5874,跞,1
3493,牍,4326,筷,1
3493,牍,4527,续,1
3494,牒,1141,堞,1
3496,牙,56,乐,1
3496,牙,1667,干,1
3496,牙,4008,矛,1
3497,牚,2723,棠,1
3497,牚,4232,穿,1
3498,牛,34,丰,1
3498,牛,87,井,1
3498,牛,3752,申,1
3498,牛,6312,钮,1
3499,牝,2030,戟,1
3499,牝,3501,牡,1
3499,牝,4033,砒,1
3500,牟,43,举,1
3500,牟,378,关,1
3500,牟,1669,年,1
3500,牟,3506,牮,1
3500,牟,4011,矣,1
3501,牡,1186,壮,1
3501,牡,5020,茌,1
3501,牡,5308,蚀,1
3501,牡,6281,钍,1
3502,牢,168,伞,1
3502,牢,401,军,1
3502,牢,584,卑,1
3502,牢,1065,坪,1
3502,牢,1402,宇,1
3502,牢,1412,宙,1
3502,牢,1417,实,1
3502,牢,1419,审,1
3502,牢,3500,牟,1
3502,牢,4247,窜,1
3502,牢,5008,苹,1
3503,牦,3508,牲,1
3504,牧,1245,好,1
3504,牧,2061,扛,1
3504,牧,2353,收,1
3504,牧,3505,物,1
3504,牧,5311,蚊,1
3505,物,455,刊,1
3505,物,1044,均,1
3505,物,1069,坳,1
3505,物,1885,恤,1
3505,物,2527,朐,1
3506,牮,582,华,1
3506,牮,3257,滓,1
3506,牮,5069,荦,1
3508,牲,1280,姓,1
3508,牲,2105,抵,1
3508,牲,2178,挫,1
3508,牲,3073,洫,1
3508,牲,3503,牦,1
3508,牲,5982,轾,1
3509,牵,586,卓,1
3509,牵,1226,奋,1
3509,牵,1644,帝,1
3509,牵,2471,晕,1
3509,牵,4699,耷,1
3509,牵,5952,身,1
3510,特,1464,将,1
3510,特,1785,待,1
3510,特,3826,痔,1
3510,特,4202,稃,1
3510,特,4419,糅,1
3510,特,4705,聃,1
3510,特,4764,胖,1
3510,特,5511,裕,1
3511,牺,2649,栖,1
3511,牺,3383,炳,1
3511,牺,3760,畅,1
3511,牺,5972,轴,1
3511,牺,6735,颋,1
3511,牺,7124,黏,1
3513,牿,6006,辖,1
3513,牿,6394,锆,1
3513,牿,6412,锘,1
3514,犀,1496,屈,1
3514,犀,1500,屎,1
3514,犀,6020,辱,1
3515,犁,2226,掣,1
3516,犄,3574,猗,1
3517,犊,3493,牍,1
3517,犊,3603,獴,1
3517,犊,3686,瑛,1
3519,犍,2208,捷,1
3519,犍,4837,腱,1
3519,犍,6706,韪,1
3520,犏,4426,糖,1
3521,犒,2224,掠,1
3521,犒,3520,犏,1
3523,犨,2338,擘,1
3524,犬,595,卡,1
3524,犬,1206,天,1
3524,犬,1207,太,1
3526,犯,2084,把,1
3526,犯,3533,狁,1
3526,犯,3539,狍,1
3527,犰,3532,犹,1
3528,犴,2867,歼,1
3528,犴,3530,犷,1
3529,状,358,兆,1
3529,状,1827,忧,1
3530,犷,2065,扩,1
3530,犷,2431,旷,1
3530,犷,4025,矿,1
3531,犸,2068,扬,1
3531,犸,5978,轺,1
3532,犹,164,优,1
3532,犹,1278,姑,1
3532,犹,3022,泌,1
3532,犹,3527,犰,1
3532,犹,3529,状,1
3532,犹,3533,狁,1
3532,犹,3536,狄,1
3533,狁,3539,狍,1
3534,狂,151,任,1
3534,狂,1186,壮,1
3534,狂,2866,死,1
3534,狂,3575,猛,1
3536,狄,3532,犹,1
3536,狄,6834,驮,1
3537,狈,3526,犯,1
3537,狈,3536,狄,1
3537,狈,3541,狐,1
3537,狈,3545,狝,1
3537,狈,3556,狱,1
3537,狈,6299,钡,1
3538,狉,750,呸,1
3538,狉,2125,拓,1
3538,狉,3534,狂,1
3538,狉,4216,稻,1
3540,狎,2108,押,1
3540,狎,3535,狃,1
3541,狐,2087,抓,1
3541,狐,3533,狁,1
3541,狐,3598,獗,1
3541,狐,6859,骊,1
3542,狒,2111,拂,1
3542,狒,2177,挪,1
3543,狗,2121,拍,1
3543,狗,2129,拘,1
3543,狗,2581,构,1
3543,狗,3550,狩,1
3543,狗,4642,羽,1
3544,狙,3535,狃,1
3544,狙,4760,胆,1
3544,狙,5567,觐,1
3545,狝,2081,抃,1
3545,狝,3572,猕,1
3546,狞,1398,宁,1
3546,狞,3530,犷,1
3546,狞,3550,狩,1
3546,狞,3556,狱,1
3547,狠,2660,根,1
3547,狠,3536,狄,1
3547,狠,3581,猥,1
3548,狡,1944,惦,1
3548,狡,2299,摔,1
3548,狡,2653,校,1
3548,狡,3534,狂,1
3548,狡,3552,狭,1
3548,狡,3563,狻,1
3549,狨,4502,绒,1
3550,狩,2189,捋,1
3550,狩,3510,特,1
3550,狩,3546,狞,1
3550,狩,3555,狰,1
3551,独,3398,烛,1
3553,狮,2637,栅,1
3553,狮,3542,狒,1
3554,狯,166,会,1
3554,狯,3578,猞,1
3554,狯,5369,蜍,1
3555,狰,2186,捅,1
3555,狰,3574,猗,1
3555,狰,3596,獐,1
3555,狰,5660,详,1
3556,狱,5499,袱,1
3557,狲,6843,驸,1
3558,狳,1792,徐,1
3558,狳,3578,猞,1
3560,狷,2194,捐,1
3560,狷,3585,猬,1
3561,狸,257,俚,1
3561,狸,1304,娌,1
3561,狸,3534,狂,1
3562,狺,2216,掊,1
3562,狺,3578,猞,1
3563,狻,6864,骏,1
3564,狼,3539,狍,1
3564,狼,3962,眼,1
3564,狼,5760,貔,1
3565,猁,5368,蜊,1
3566,猃,2198,捡,1
3566,猃,4077,硷,1
3567,猄,3555,狰,1
3567,猄,3596,獐,1
3568,猇,2293,摅,1
3569,猊,3533,狁,1
3569,猊,3557,狲,1
3570,猎,2789,榻,1
3570,猎,3510,特,1
3570,猎,3542,狒,1
3570,猎,3560,狷,1
3570,猎,3576,猜,1
3570,猎,3584,猫,1
3570,猎,5808,赌,1
3571,猓,2239,掸,1
3571,猓,3587,猱,1
3571,猓,6418,锞,1
3571,猓,6867,骒,1
3572,猕,2283,搦,1
3572,猕,3557,狲,1
3573,猖,848,唱,1
3573,猖,2158,指,1
3573,猖,3547,狠,1
3573,猖,3548,狡,1
3573,猖,3575,猛,1
3573,猖,3579,猡,1
3573,猖,5755,貂,1
3573,猖,5812,赐,1
3573,猖,5826,赠,1
3574,猗,3516,犄,1
3574,猗,5480,衿,1
3575,猛,3534,狂,1
3575,猛,3566,猃,1
3575,猛,3602,獯,1
3575,猛,4921,艋,1
3576,猜,3573,猖,1
3576,猜,3583,猪,1
3577,猝,2299,摔,1
3577,猝,6231,醉,1
3578,猞,1258,妗,1
3578,猞,2143,括,1
3579,猡,3581,猥,1
3580,猢,3540,狎,1
3581,猥,2261,援,1
3581,猥,2335,擐,1
3582,猩,3392,烂,1
3582,猩,3550,狩,1
3582,猩,3559,狴,1
3582,猩,3566,猃,1
3582,猩,3587,猱,1
3582,猩,3595,獏,1
3582,猩,3781,疆,1
3582,猩,4005,瞿,1
3582,猩,5561,觉,1
3582,猩,6237,醒,1
3583,猪,328,储,1
3583,猪,1148,堵,1
3583,猪,2762,楮,1
3583,猪,3576,猜,1
3583,猪,3592,猾,1
3583,猪,4525,绪,1
3584,猫,3310,潴,1
3584,猫,3573,猖,1
3584,猫,3576,猜,1
3584,猫,3579,猡,1
3585,猬,3573,猖,1
3585,猬,3579,猡,1
3585,猬,3581,猥,1
3585,猬,3590,猸,1
3586,献,338,僦,1
3586,献,504,剪,1
3586,献,5571,觚,1
3587,猱,2245,揉,1
3588,猴,2296,摈,1
3588,猴,3572,猕,1
3588,猴,4420,糇,1
3588,猴,4561,缑,1
3589,猷,3597,獒,1
3589,猷,6205,酞,1
3590,猸,2185,捃,1
3590,猸,3592,猾,1
3592,猾,3256,滑,1
3592,猾,3576,猜,1
3592,猾,3590,猸,1
3592,猾,4156,祸,1
3593,猿,273,俵,1
3593,猿,3576,猜,1
3593,猿,3594,獍,1
3594,獍,1165,境,1
3594,獍,3596,獐,1
3594,獍,4001,瞳,1
3596,獐,2808,樟,1
3597,獒,2881,殚,1
3597,獒,2934,氧,1
3597,獒,5818,赘,1
3598,獗,2311,撅,1
3599,獠,3464,燎,1
3599,獠,6249,醾,1
3601,獭,1359,嫩,1
3601,獭,2008,懒,1
3601,獭,2326,撷,1
3603,獴,2838,檬,1
3603,獴,4123,礞,1
3604,獾,4603,罐,1
3605,玄,82,亏,1
3605,玄,93,亡,1
3605,玄,96,亥,1
3605,玄,1672,幺,1
3606,率,585,卒,1
3606,率,1428,宰,1
3606,率,1668,平,1
3606,率,3172,淬,1
3606,率,4624,羊,1
3606,率,6011,辛,1
3607,玉,86,五,1
3607,玉,1820,志,1
3607,玉,3608,王,1
3608,王,84,互,1
3608,王,1027,土,1
3608,王,1033,圭,1
3608,王,1611,工,1
3608,王,1757,彐,1
3608,王,2419,旦,1
3608,王,3607,玉,1
3608,王,5852,足,1
3610,玑,3626,现,1
3611,玕,2957,汗,1
3611,玕,3657,琊,1
3611,玕,6282,钎,1
3612,玖,1380,孜,1
3612,玖,2355,改,1
3612,玖,2356,攻,1
3612,玖,3621,玦,1
3612,玖,3622,玩,1
3612,玖,3626,现,1
3612,玖,3631,玻,1
3612,玖,4454,纠,1
3613,玙,3629,玷,1
3614,玚,1039,场,1
3614,玚,2068,扬,1
3614,玚,6782,饧,1
3615,玛,409,冯,1
3615,玛,1613,巧,1
3615,玛,3671,琮,1
3615,玛,7034,鸤,1
3617,玠,3633,珂,1
3618,玡,3611,玕,1
3618,玡,3663,琢,1
3618,玡,4032,砑,1
3619,玢,2976,汾,1
3619,玢,3613,玙,1
3620,玥,3648,班,1
3621,玦,3663,琢,1
3621,玦,5623,诀,1
3622,玩,1051,坑,1
3622,玩,1685,庑,1
3622,玩,2417,既,1
3622,玩,2981,沅,1
3622,玩,2982,沆,1
3622,玩,3656,琉,1
3622,玩,5605,讫,1
3622,玩,5609,记,1
3623,玫,2356,攻,1
3623,玫,2357,放,1
3623,玫,5607,议,1
3623,玫,6127,邗,1
3624,玮,3643,珠,1
3625,环,694,吓,1
3625,环,1049,坏,1
3625,环,1839,怀,1
3625,环,3101,浓,1
3625,环,6292,钚,1
3626,现,1268,妮,1
3626,现,2596,枧,1
3626,现,2905,毛,1
3626,现,2983,沈,1
3626,现,3610,玑,1
3626,现,3622,玩,1
3626,现,3654,理,1
3626,现,3668,琪,1
3626,现,5555,观,1
3626,现,5563,觋,1
3626,现,5608,讯,1
3626,现,6720,顼,1
3627,玲,741,呤,1
3627,玲,3033,泠,1
3627,玲,3619,玢,1
3627,玲,3637,珍,1
3627,玲,3642,珞,1
3629,玷,2906,毡,1
3629,玷,3619,玢,1
3629,玷,4223,穑,1
3629,玷,4263,站,1
3629,玷,5619,讼,1
3629,玷,6325,钻,1
3631,玻,1060,坡,1
3631,玻,3035,波,1
3631,玻,3652,球,1
3631,玻,3654,理,1
3631,玻,5638,诐,1
3631,玻,6342,铍,1
3631,玻,6923,魂,1
3633,珂,3618,玡,1
3634,珈,6145,邸,1
3635,珉,2417,既,1
3635,珉,2921,氓,1
3636,珊,1282,姗,1
3636,珊,4646,翊,1
3636,珊,5871,跚,1
3637,珍,2871,殄,1
3637,珍,3609,玎,1
3637,珍,4090,碜,1
3637,珍,4706,聆,1
3638,珏,6314,钰,1
3639,珐,193,佐,1
3639,珐,3625,环,1
3639,珐,3638,珏,1
3640,珑,3639,珐,1
3641,珙,3643,珠,1
3642,珞,4063,硌,1
3642,珞,6800,饹,1
3643,珠,1286,姝,1
3643,珠,2875,殊,1
3643,珠,3064,洙,1
3643,珠,3652,球,1
3643,珠,3674,琳,1
3643,珠,4058,砾,1
3648,班,4209,稚,1
3648,班,4769,胜,1
3648,班,5599,讥,1
3650,珲,5662,诨,1
3651,珽,2182,挺,1
3651,珽,3126,涎,1
3652,球,2461,昽,1
3652,球,3628,玳,1
3652,球,3640,珑,1
3653,琅,3635,珉,1
3654,理,1107,埋,1
3654,理,2718,棍,1
3654,理,3144,涩,1
3654,理,3561,狸,1
3654,理,6327,钽,1
3655,琇,3709,璠,1
3655,琇,5670,诱,1
3656,琉,1149,塃,1
3656,琉,3622,玩,1
3656,琉,3642,珞,1
3656,琉,3670,琬,1
3656,琉,3784,疏,1
3656,琉,5655,诡,1
3659,琏,2824,橥,1
3659,琏,3658,琎,1
3660,琐,3035,波,1
3660,琐,3091,浈,1
3660,琐,3159,淌,1
3660,琐,3686,瑛,1
3660,琐,3707,璞,1
3660,琐,4071,硝,1
3660,琐,5673,说,1
3662,琛,1172,墚,1
3662,琛,3654,理,1
3662,琛,3671,琮,1
3662,琛,4115,磲,1
3663,琢,3614,玚,1
3664,琤,3666,琦,1
3665,琥,3696,璀,1
3666,琦,3679,瑀,1
3666,琦,6416,锜,1
3666,琦,6866,骑,1
3667,琨,3176,混,1
3667,琨,6581,限,1
3668,琪,2717,棋,1
3668,琪,3252,滇,1
3668,琪,3658,琎,1
3668,琪,5378,蜞,1
3671,琮,3672,琯,1
3673,琰,3168,淡,1
3673,琰,3700,璇,1
3674,琳,2587,林,1
3674,琳,3645,珥,1
3675,琴,4654,翟,1
3675,琴,6269,鏊,1
3675,琴,6914,鬓,1
3676,琵,434,凫,1
3676,琵,3840,痰,1
3676,琵,6907,髭,1
3676,琵,7110,麓,1
3677,琶,2755,楚,1
3677,琶,3918,盐,1
3678,琼,424,凉,1
3678,琼,2136,拣,1
3678,琼,2224,掠,1
3678,琼,3615,玛,1
3678,琼,3618,玡,1
3678,琼,3671,琮,1
3678,琼,5367,蜉,1
3678,琼,6573,际,1
3678,琼,6588,除,1
3679,瑀,3709,璠,1
3680,瑁,3620,玥,1
3682,瑕,947,嘏,1
3685,瑚,3212,湖,1
3685,瑚,5405,蝴,1
3685,瑚,6235,醐,1
3686,瑛,5714,谟,1
3686,瑛,6721,顽,1
3688,瑞,3660,琐,1
3688,瑞,3679,瑀,1
3688,瑞,3684,瑙,1
3688,瑞,3698,璃,1
3688,瑞,5398,蝙,1
3689,瑟,820,哭,1
3689,瑟,1813,忌,1
3689,瑟,1877,恐,1
3689,瑟,2902,毖,1
3689,瑟,3472,燹,1
3689,瑟,3698,璃,1
3689,瑟,4263,站,1
3689,瑟,5443,蟹,1
3690,瑢,3244,溶,1
3692,瑰,3616,玟,1
3692,瑰,3649,珰,1
3693,瑶,1766,形,1
3693,瑶,2295,摇,1
3693,瑶,3639,珐,1
3693,瑶,3673,琰,1
3693,瑶,3683,瑗,1
3693,瑶,3709,璠,1
3693,瑶,4202,稃,1
3693,瑶,4507,绘,1
3693,瑶,5650,诜,1
3694,瑷,1158,塥,1
3696,璀,2913,毽,1
3696,璀,3688,瑞,1
3698,璃,1175,墦,1
3698,璃,1955,惴,1
3698,璃,3281,漓,1
3698,璃,3678,琼,1
3698,璃,3688,瑞,1
3698,璃,3716,瓘,1
3699,璆,5727,谬,1
3702,璋,1354,嫜,1
3704,璐,3303,潞,1
3705,璘,4117,磷,1
3705,璘,6010,辚,1
3706,璜,3686,瑛,1
3707,璞,1361,嫫,1
3707,璞,7121,黉,1
3708,璟,3327,澴,1
3709,璠,2322,播,1
3710,璧,3735,甓,1
3710,璧,5546,襞,1
3710,璧,6588,除,1
3710,璧,6905,髦,1
3714,璺,3475,爨,1
3715,瓒,6698,鞯,1
3716,瓘,4603,罐,1
3717,瓜,373,公,1
3717,瓜,620,压,1
3717,瓜,623,厕,1
3717,瓜,1616,巫,1
3717,瓜,2522,月,1
3717,瓜,5853,趴,1
3720,瓢,1385,孤,1
3720,瓢,1747,弧,1
3720,瓢,6190,鄹,1
3721,瓣,3720,瓢,1
3721,瓣,5511,裕,1
3721,瓣,6016,辨,1
3723,瓦,84,互,1
3723,瓦,572,医,1
3723,瓦,646,反,1
3723,瓦,2394,斥,1
3723,瓦,2985,沌,1
3723,瓦,3891,百,1
3723,瓦,6826,首,1
3724,瓮,104,亮,1
3724,瓮,1752,弱,1
3724,瓮,5475,衰,1
3724,瓮,5479,衾,1
3724,瓮,6710,音,1
3725,瓯,2845,欧,1
3725,瓯,6633,雨,1
3726,瓴,4479,纺,1
3726,瓴,6730,领,1
3726,瓴,6742,颔,1
3727,瓶,2912,毹,1
3727,瓶,3729,瓻,1
3727,瓶,3730,瓿,1
3727,瓶,4630,羝,1
3728,瓷,2438,昆,1
3728,瓷,5504,装,1
3730,瓿,4891,舐,1
3731,甄,6301,钣,1
3732,甍,2517,曹,1
3733,甏,6906,髫,1
3734,甑,6901,髓,1
3735,甓,4866,臂,1
3735,甓,6912,鬈,1
3736,甘,2666,桂,1
3736,甘,5596,订,1
3736,甘,6029,过,1
3738,甚,4999,苣,1
3738,甚,5058,荙,1
3739,甜,1064,坩,1
3739,甜,1750,弭,1
3739,甜,4301,笺,1
3739,甜,4484,绀,1
3739,甜,6865,骐,1
3739,甜,6970,鲥,1
3740,生,3,七,1
3740,生,359,先,1
3740,生,657,古,1
3740,生,1472,尘,1
3740,生,2021,成,1
3740,生,2543,朵,1
3740,生,2905,毛,1
3740,生,3753,电,1
3740,生,6029,过,1
3740,生,6273,钅,1
3741,甥,6440,锶,1
3742,用,1011,困,1
3742,用,2522,月,1
3742,用,3744,甪,1
3742,用,3749,田,1
3742,用,6508,闭,1
3743,甩,551,包,1
3743,甩,1008,囤,1
3743,甩,3753,电,1
3744,甪,1004,囟,1
3744,甪,3742,用,1
3745,甫,3112,浦,1
3745,甫,4991,苗,1
3747,甭,1714,廒,1
3747,甭,3746,甬,1
3749,田,697,吗,1
3749,田,1001,四,1
3749,田,1003,回,1
3749,田,1006,囡,1
3749,田,1007,团,1
3749,田,2420,旧,1
3749,田,3743,甩,1
3749,田,3750,由,1
3749,田,5457,血,1
3749,田,5550,西,1
3750,由,1001,四,1
3750,由,1468,少,1
3750,由,2069,扭,1
3750,由,6513,闲,1
3751,甲,31,丫,1
3751,甲,3742,用,1
3751,甲,3752,申,1
3752,申,183,伸,1
3752,申,4719,肀,1
3753,电,66,也,1
3753,电,706,吧,1
3753,电,1234,奘,1
3753,电,3153,淀,1
3753,电,3740,生,1
3753,电,5336,蛇,1
3754,男,400,写,1
3754,男,659,另,1
3754,男,2436,昂,1
3755,甸,457,刎,1
3755,甸,552,匆,1
3755,甸,658,句,1
3755,甸,2926,氙,1
3757,画,566,匣,1
3758,甾,1610,巢,1
3760,畅,720,吻,1
3760,畅,3505,物,1
3760,畅,4735,肠,1
3761,畈,748,呶,1
3762,畋,3623,玫,1
3762,畋,5769,败,1
3763,界,379,兴,1
3763,界,1501,屏,1
3763,界,1888,恩,1
3763,界,2590,果,1
3764,畎,4703,耿,1
3765,畏,2480,晨,1
3765,畏,3728,瓷,1
3765,畏,4613,罨,1
3765,畏,5540,褰,1
3765,畏,7125,黑,1
3766,畔,2120,拌,1
3766,畔,3776,畴,1
3767,留,368,兜,1
3767,留,3232,溜,1
3767,留,3676,琵,1
3767,留,3926,盟,1
3767,留,4287,笛,1
3767,留,6108,遛,1
3767,留,6782,饧,1
3768,畚,3773,番,1
3768,畚,5146,萏,1
3770,畜,685,吉,1
3770,畜,1302,娈,1
3770,畜,3915,盍,1
3770,畜,4248,窝,1
3770,畜,5203,蓄,1
3770,畜,5338,蛊,1
3770,畜,5581,言,1
3771,略,2489,晾,1
3771,略,3642,珞,1
3771,略,4803,脓,1
3771,略,5798,赂,1
3772,畦,691,吐,1
3772,畦,780,咭,1
3772,畦,794,哇,1
3772,畦,3508,牲,1
3772,畦,3776,畴,1
3772,畦,3984,瞄,1
3772,畦,4061,硅,1
3772,畦,4826,腔,1
3772,畦,6219,酲,1
3772,畦,6239,醛,1
3772,畦,6955,鲑,1
3773,番,3944,看,1
3773,番,4177,秃,1
3773,番,5277,藩,1
3773,番,6195,酋,1
3773,番,6639,雷,1
3773,番,6829,香,1
3774,畯,829,唆,1
3774,畯,2499,暧,1
3774,畯,4809,脧,1
3776,畴,821,哮,1
3776,畴,2875,殊,1
3777,畸,908,喻,1
3777,畸,1568,崎,1
3777,畸,3998,瞬,1
3777,畸,6239,醛,1
3778,畹,5390,蜿,1
3780,疃,4001,瞳,1
3781,疆,4925,艟,1
3781,疆,6861,验,1
3782,疋,1485,尺,1
3782,疋,5549,襻,1
3782,疋,6044,迢,1
3784,疏,1388,孩,1
3784,疏,2411,旎,1
3784,疏,2709,梳,1
3784,疏,3656,琉,1
3784,疏,4022,矻,1
3784,疏,4073,硫,1
3784,疏,6477,镜,1
3784,疏,6688,鞒,1
3785,疑,773,咦,1
3785,疑,1602,嶷,1
3785,疑,6118,避,1
3785,疑,6685,鞋,1
3787,疔,3809,疴,1
3788,疖,2577,杼,1
3788,疖,3798,疤,1
3789,疗,765,咕,1
3789,疗,822,哲,1
3789,疗,1333,婷,1
3789,疗,3248,溽,1
3789,疗,3826,痔,1
3789,疗,5472,衫,1
3789,疗,5953,躬,1
3790,疙,3812,疹,1
3790,疙,3822,痉,1
3791,疚,117,仄,1
3791,疚,2197,损,1
3791,疚,3149,液,1
3791,疚,3802,疭,1
3791,疚,3829,痘,1
3791,疚,3896,皈,1
3792,疝,3802,疭,1
3793,疟,422,准,1
3793,疟,3805,疰,1
3794,疠,3819,病,1
3795,疡,1765,彡,1
3795,疡,2068,扬,1
3795,疡,3789,疗,1
3795,疡,3791,疚,1
3795,疡,3794,疠,1
3795,疡,3801,疬,1
3795,疡,3804,疯,1
3795,疡,3830,痛,1
3796,疢,3810,疵,1
3796,疢,3845,痿,1
3796,疢,3853,瘐,1
3798,疤,362,免,1
3798,疤,3803,疮,1
3798,疤,3820,症,1
3799,疥,3801,疬,1
3799,疥,3817,痃,1
3799,疥,6133,那,1
3800,疫,625,厚,1
3800,疫,1447,寝,1
3800,疫,3831,痞,1
3800,疫,3864,瘦,1
3801,疬,521,劣,1
3801,疬,3795,疡,1
3801,疬,3828,痖,1
3802,疭,785,咸,1
3803,疮,603,卮,1
3803,疮,2726,棬,1
3803,疮,3798,疤,1
3804,疯,3206,湄,1
3804,疯,3801,疬,1
3805,疰,3822,痉,1
3805,疰,3823,痊,1
3805,疰,3855,瘗,1
3806,疱,1689,庖,1
3807,疲,1437,宿,1
3807,疲,1688,底,1
3807,疲,1780,彼,1
3807,疲,3407,烫,1
3807,疲,3791,疚,1
3807,疲,3827,痕,1
3807,疲,3838,痪,1
3807,疲,3854,瘕,1
3807,疲,3858,瘛,1
3807,疲,3864,瘦,1
3808,疳,3814,疽,1
3808,疳,3828,痖,1
3810,疵,1680,庇,1
3810,疵,3029,泚,1
3810,疵,3792,疝,1
3810,疵,3880,癍,1
3812,疹,3789,疗,1
3812,疹,3791,疚,1
3812,疹,3813,疼,1
3812,疹,3817,痃,1
3812,疹,4706,聆,1
3813,疼,1946,惨,1
3813,疼,3847,瘁,1
3813,疼,5072,荩,1
3814,疽,2114,担,1
3814,疽,3820,症,1
3814,疽,4186,租,1
3815,疾,360,光,1
3815,疾,895,喔,1
3815,疾,3791,疚,1
3815,疾,3800,疫,1
3815,疾,3802,疭,1
3816,痂,3788,疖,1
3819,病,384,兹,1
3819,病,3791,疚,1
3819,病,3830,痛,1
3820,症,689,后,1
3820,症,1689,庖,1
3820,症,3170,淦,1
3820,症,3859,瘟,1
3820,症,4701,耻,1
3821,痈,1702,庳,1
3821,痈,2186,捅,1
3821,痈,2528,朔,1
3821,痈,2694,桷,1
3821,痈,3788,疖,1
3821,痈,3841,痱,1
3821,痈,5194,蒲,1
3822,痉,1499,屋,1
3822,痉,3790,疙,1
3822,痉,3805,疰,1
3822,痉,3829,痘,1
3823,痊,2228,控,1
3823,痊,3790,疙,1
3823,痊,3813,疼,1
3824,痍,5198,蒺,1
3825,痒,1444,寐,1
3825,痒,2133,拜,1
3825,痒,3834,痤,1
3826,痔,1697,庤,1
3826,痔,3845,痿,1
3828,痖,3820,症,1
3828,痖,3829,痘,1
3829,痘,1717,廙,1
3829,痘,3566,猃,1
3829,痘,3790,疙,1
3829,痘,3805,疰,1
3829,痘,3828,痖,1
3829,痘,3878,癃,1
3830,痛,3691,瑭,1
3830,痛,3795,疡,1
3830,痛,3819,病,1
3830,痛,3839,痫,1
3831,痞,187,伾,1
3831,痞,2228,控,1
3831,痞,3126,涎,1
3831,痞,3813,疼,1
3831,痞,3850,瘆,1
3831,痞,3865,瘩,1
3831,痞,4862,膺,1
3832,痢,3211,湔,1
3832,痢,3816,痂,1
3833,痣,3845,痿,1
3834,痤,2049,扈,1
3835,痦,3843,痹,1
3835,痦,3865,瘩,1
3836,痧,4183,秒,1
3838,痪,2199,换,1
3838,痪,2311,撅,1
3838,痪,2412,族,1
3838,痪,3420,焕,1
3839,痫,3821,痈,1
3840,痰,427,减,1
3840,痰,849,唳,1
3840,痰,3796,疢,1
3840,痰,3827,痕,1
3840,痰,3838,痪,1
3840,痰,3842,痴,1
3840,痰,3846,瘀,1
3840,痰,3850,瘆,1
3840,痰,3851,瘊,1
3840,痰,3857,瘙,1
3840,痰,3879,癌,1
3841,痱,3861,瘢,1
3843,痹,1717,廙,1
3843,痹,3847,瘁,1
3843,痹,3868,瘭,1
3843,痹,4208,稗,1
3844,痼,3864,瘦,1
3845,痿,3828,痖,1
3845,痿,3835,痦,1
3845,痿,3856,瘘,1
3846,瘀,3840,痰,1
3847,瘁,1163,墀,1
3847,瘁,2303,摩,1
3847,瘁,2337,擗,1
3847,瘁,3606,率,1
3847,瘁,3795,疡,1
3847,瘁,3818,痄,1
3847,瘁,3849,瘅,1
3847,瘁,3850,瘆,1
3848,瘃,3824,痍,1
3849,瘅,3871,瘴,1
3852,瘌,3832,痢,1
3853,瘐,3876,瘿,1
3854,瘕,3862,瘤,1
3856,瘘,1582,崾,1
3856,瘘,3860,瘠,1
3858,瘛,3827,痕,1
3859,瘟,3811,疸,1
3859,瘟,3840,痰,1
3859,瘟,3866,瘪,1
3860,瘠,3873,瘸,1
3862,瘤,4862,膺,1
3862,瘤,6876,骝,1
3863,瘥,2276,搓,1
3863,瘥,3823,痊,1
3863,瘥,3878,癃,1
3864,瘦,1709,庾,1
3864,瘦,1985,慢,1
3864,瘦,2888,段,1
3864,瘦,3242,溲,1
3864,瘦,3807,疲,1
3864,瘦,3845,痿,1
3864,瘦,3862,瘤,1
3864,瘦,5415,螋,1
3865,瘩,3712,璩,1
3865,瘩,3813,疼,1
3865,瘩,3826,痔,1
3865,瘩,3835,痦,1
3865,瘩,3860,瘠,1
3865,瘩,3863,瘥,1
3866,瘪,946,嘎,1
3866,瘪,1136,堍,1
3866,瘪,3827,痕,1
3866,瘪,3859,瘟,1
3866,瘪,3874,瘼,1
3866,瘪,3881,癔,1
3867,瘫,3371,炕,1
3867,瘫,3810,疵,1
3867,瘫,3818,痄,1
3867,瘫,3822,痉,1
3867,瘫,3878,癃,1
3867,瘫,3880,癍,1
3867,瘫,4209,稚,1
3868,瘭,3858,瘛,1
3871,瘴,1662,幛,1
3871,瘴,1696,庠,1
3871,瘴,3596,獐,1
3871,瘴,3837,痨,1
3871,瘴,3868,瘭,1
3871,瘴,3882,癖,1
3871,瘴,4850,膏,1
3872,瘵,3876,瘿,1
3872,瘵,4009,矜,1
3873,瘸,3136,涠,1
3873,瘸,3837,痨,1
3874,瘼,3594,獍,1
3874,瘼,3840,痰,1
3875,瘾,2792,槌,1
3875,瘾,3878,癃,1
3875,瘾,3880,癍,1
3876,瘿,3858,瘛,1
3877,癀,3282,演,1
3877,癀,3874,瘼,1
3877,癀,3881,癔,1
3879,癌,3840,痰,1
3879,癌,3866,瘪,1
3879,癌,5718,谣,1
3880,癍,3841,痱,1
3880,癍,3842,痴,1
3880,癍,3867,瘫,1
3881,癔,3827,痕,1
3881,癔,3845,痿,1
3881,癔,3871,瘴,1
3881,癔,6618,难,1
3883,癜,2890,殿,1
3884,癞,630,厥,1
3884,癞,1347,嫉,1
3884,癞,3219,湫,1
3885,癣,3846,瘀,1
3886,癫,3883,癜,1
3888,癸,438,凳,1
3888,癸,803,哒,1
3888,癸,1141,堞,1
3888,癸,4010,矢,1
3888,癸,4283,笑,1
3888,癸,5560,览,1
3889,登,2866,死,1
3889,登,3805,疰,1
3889,登,3888,癸,1
3889,登,4289,笠,1
3889,登,4383,簦,1
3889,登,4761,背,1
3889,登,5584,訾,1
3889,登,6973,鲨,1
3890,白,128,仔,1
3890,白,2394,斥,1
3890,白,5457,血,1
3890,白,6038,这,1
3891,百,597,卣,1
3891,百,692,向,1
3891,百,1376,存,1
3891,百,2460,昼,1
3891,百,2573,杳,1
3891,百,3021,泊,1
3891,百,3750,由,1
3891,百,4875,自,1
3891,百,4994,苜,1
3892,皂,405,冤,1
3892,皂,1401,宅,1
3892,皂,2449,星,1
3892,皂,2514,曳,1
3892,皂,6273,钅,1
3893,的,124,仍,1
3893,的,128,仔,1
3893,的,520,劢,1
3893,的,526,劬,1
3893,的,692,向,1
3893,的,1246,妁,1
3893,的,1673,幻,1
3893,的,2359,故,1
3893,的,2435,昀,1
3893,的,3750,由,1
3893,的,3896,皈,1
3893,的,4026,砀,1
3893,的,5689,谄,1
3893,的,6305,钧,1
3893,的,7056,鸼,1
3894,皆,650,受,1
3894,皆,727,告,1
3894,皆,848,唱,1
3894,皆,2421,旨,1
3894,皆,2443,昏,1
3894,皆,2490,暂,1
3894,皆,4292,符,1
3894,皆,4331,简,1
3894,皆,4708,聋,1
3895,皇,1227,奎,1
3895,皇,1942,惟,1
3895,皇,5952,身,1
3896,皈,6788,饭,1
3897,皋,4896,舞,1
3897,皋,6250,采,1
3898,皎,4788,胶,1
3899,皑,1289,姥,1
3899,皑,4908,舱,1
3899,皑,7128,黛,1
3900,皓,4825,腓,1
3900,皓,5669,诰,1
3900,皓,6223,酷,1
3900,皓,6229,醅,1
3901,皖,2469,晓,1
3901,皖,3110,浣,1
3901,皖,3899,皑,1
3901,皖,3952,眨,1
3901,皖,4552,缆,1
3901,皖,6974,鲩,1
3901,皖,6986,鲵,1
3902,皙,1655,帽,1
3902,皙,2490,暂,1
3902,皙,2517,曹,1
3902,皙,2710,梵,1
3902,皙,4318,筜,1
3903,皤,7157,鼱,1
3904,皮,359,先,1
3904,皮,643,及,1
3904,皮,646,反,1
3904,皮,1530,岚,1
3904,皮,2591,枝,1
3904,皮,2886,殳,1
3904,皮,3750,由,1
3904,皮,5793,贽,1
3905,皱,4051,破,1
3905,皱,4461,级,1
3905,皱,6342,铍,1
3905,皱,6953,鲏,1
3906,皲,4774,胥,1
3907,皴,1530,岚,1
3907,皴,3905,皱,1
3907,皴,3906,皲,1
3907,皴,4546,缀,1
3908,皿,3749,田,1
3909,盂,2571,杰,1
3909,盂,2626,查,1
3909,盂,3773,番,1
3909,盂,3915,盍,1
3909,盂,4260,立,1
3909,盂,6104,遒,1
3910,盅,1824,忠,1
3910,盅,1918,患,1
3910,盅,3919,监,1
3910,盅,3923,盗,1
3910,盅,5030,茜,1
3911,盆,1046,坌,1
3911,盆,1422,室,1
3912,盈,3426,焦,1
3912,盈,3911,盆,1
3912,盈,6639,雷,1
3912,盈,6935,鱼,1
3913,盉,3773,番,1
3913,盉,3909,盂,1
3914,益,1443,富,1
3914,益,2460,昼,1
3914,益,3916,盎,1
3914,益,5212,蓝,1
3915,盍,5338,蛊,1
3916,盎,3910,盅,1
3916,盎,5105,莶,1
3917,盏,3915,盍,1
3917,盏,3921,盔,1
3917,盏,3922,盖,1
3918,盐,2988,沓,1
3918,盐,4273,竺,1
3919,监,1053,坚,1
3919,监,2861,步,1
3919,监,3030,泛,1
3919,监,3269,滥,1
3919,监,3767,留,1
3920,盒,3911,盆,1
3921,盔,1840,态,1
3921,盔,2626,查,1
3922,盖,108,亶,1
3922,盖,886,善,1
3922,盖,1382,孟,1
3922,盖,3914,益,1
3922,盖,4633,羡,1
3923,盗,3914,益,1
3923,盗,3918,盐,1
3923,盗,3919,监,1
3923,盗,6083,造,1
3925,盛,785,咸,1
3925,盛,2033,戤,1
3925,盛,3912,盈,1
3925,盛,3926,盟,1
3925,盛,4339,箜,1
3926,盟,912,嗅,1
3926,盟,4647,翌,1
3927,盥,3767,留,1
3927,盥,3926,盟,1
3929,目,15,且,1
3929,目,1017,国,1
3929,目,2522,月,1
3929,目,3069,津,1
3929,目,3750,由,1
3929,目,3890,白,1
3929,目,6507,闫,1
3930,盯,2429,旴,1
3930,盯,4642,羽,1
3931,盱,4697,耵,1
3932,盲,100,亩,1
3932,盲,857,商,1
3932,盲,1415,宜,1
3932,盲,2421,旨,1
3932,盲,4237,窅,1
3932,盲,6826,首,1
3933,直,88,亘,1
3933,直,1415,宜,1
3933,直,4875,自,1
3934,相,1890,恫,1
3934,相,2116,拇,1
3934,相,2424,旭,1
3934,相,2550,杈,1
3934,相,2619,柙,1
3934,相,2647,栒,1
3934,相,2654,栩,1
3934,相,4209,稚,1
3934,相,6563,阴,1
3935,盹,2903,毗,1
3936,盼,793,哆,1
3937,盾,194,佑,1
3937,盾,229,侑,1
3937,盾,237,侦,1
3937,盾,243,侮,1
3937,盾,302,值,1
3937,盾,574,匿,1
3937,盾,4994,苜,1
3937,盾,6564,阵,1
3938,省,1527,岗,1
3938,省,2445,昔,1
3938,省,4025,矿,1
3938,省,4245,窗,1
3938,省,4728,肖,1
3938,省,4753,肾,1
3938,省,5079,荷,1
3938,省,5115,菅,1
3938,省,6619,雀,1
3938,省,6826,首,1
3941,眈,3968,睑,1
3942,眉,626,厝,1
3942,眉,2460,昼,1
3942,眉,5040,茴,1
3942,眉,5362,蜀,1
3944,看,688,名,1
3944,看,3830,痛,1
3944,看,3937,盾,1
3944,看,4883,舀,1
3944,看,6826,首,1
3944,看,6829,香,1
3947,眚,870,啬,1
3947,眚,4353,箸,1
3948,真,361,克,1
3948,真,1450,寡,1
3948,真,3933,直,1
3948,真,5059,荚,1
3948,真,5099,莫,1
3948,真,5196,蒸,1
3949,眠,1268,妮,1
3949,眠,3958,眶,1
3949,眠,4824,腒,1
3950,眢,1245,好,1
3951,眦,3029,泚,1
3951,眦,5867,跐,1
3952,眨,741,呤,1
3952,眨,3430,然,1
3952,眨,5776,贬,1
3953,眩,2439,昉,1
3953,眩,3769,畛,1
3953,眩,4797,脍,1
3953,眩,5815,赔,1
3955,眭,3772,畦,1
3955,眭,3967,睐,1
3956,眯,2461,昽,1
3956,眯,3508,牲,1
3956,眯,3766,畔,1
3956,眯,3978,睬,1
3957,眵,793,哆,1
3958,眶,3969,睚,1
3959,眷,478,券,1
3959,眷,2988,沓,1
3959,眷,4671,者,1
3959,眷,4885,舂,1
3959,眷,6663,青,1
3959,眷,6963,鲞,1
3960,眸,3964,睁,1
3960,眸,3974,睥,1
3960,眸,4764,胖,1
3960,眸,5343,蛑,1
3961,眺,2667,桃,1
3961,眺,3985,瞅,1
3961,眺,5314,蚍,1
3962,眼,402,农,1
3962,眼,2526,服,1
3962,眼,3977,睫,1
3963,着,1617,差,1
3963,着,3959,眷,1
3963,着,4245,窗,1
3963,着,4631,羞,1
3964,睁,420,净,1
3964,睁,1556,峥,1
3964,睁,3766,畔,1
3965,睃,836,唛,1
3965,睃,4809,脧,1
3966,睇,2707,梯,1
3967,睐,4269,竦,1
3967,睐,4849,膊,1
3969,睚,3958,眶,1
3969,睚,3986,瞌,1
3970,睛,3776,畴,1
3970,睛,4783,胰,1
3970,睛,4818,腈,1
3970,睛,4849,膊,1
3971,睡,297,倭,1
3971,睡,1878,恒,1
3971,睡,2507,曛,1
3971,睡,3952,眨,1
3971,睡,4769,胜,1
3972,睢,3946,眙,1
3973,督,655,叠,1
3973,督,3983,瞀,1
3974,睥,865,啤,1
3975,睦,1153,塍,1
3975,睦,4826,腔,1
3976,睨,6986,鲵,1
3977,睫,2450,映,1
3977,睫,4837,腱,1
3977,睫,5776,贬,1
3977,睫,6248,醺,1
3978,睬,918,嗓,1
3978,睬,3956,眯,1
3978,睬,4810,脬,1
3979,睹,2439,昉,1
3979,睹,2479,晦,1
3979,睹,3946,眙,1
3979,睹,3953,眩,1
3979,睹,3970,睛,1
3980,睽,3997,瞪,1
3981,睾,3307,潭,1
3982,睿,5205,蓉,1
3984,瞄,3939,眄,1
3984,瞄,3979,睹,1
3984,瞄,3990,瞒,1
3984,瞄,4686,耢,1
3984,瞄,6767,飗,1
3985,瞅,1959,愀,1
3985,瞅,2257,揪,1
3985,瞅,4825,腓,1
3987,瞍,920,嗖,1
3988,瞎,698,君,1
3988,瞎,2450,映,1
3988,瞎,2506,曙,1
3988,瞎,3953,眩,1
3990,瞒,3979,睹,1
3990,瞒,4686,耢,1
3990,瞒,4814,脶,1
3990,瞒,4823,腑,1
3990,瞒,4835,腮,1
3991,瞟,4852,膘,1
3992,瞠,4001,瞳,1
3993,瞢,3732,甍,1
3993,瞢,5204,蓇,1
3993,瞢,6886,骨,1
3994,瞥,2490,暂,1
3994,瞥,4446,綮,1
3994,瞥,7017,鳖,1
3995,瞧,1994,憔,1
3995,瞧,1999,憩,1
3995,瞧,2498,暝,1
3995,瞧,3438,煦,1
3995,瞧,3604,獾,1
3995,瞧,3968,睑,1
3995,瞧,3972,睢,1
3995,瞧,4812,脱,1
3996,瞩,959,嘱,1
3996,瞩,3990,瞒,1
3997,瞪,970,噔,1
3997,瞪,1601,嶝,1
3997,瞪,3714,璺,1
3997,瞪,3980,睽,1
3997,瞪,3999,瞭,1
3998,瞬,962,嘶,1
3998,瞬,2475,晞,1
3999,瞭,963,嘹,1
3999,瞭,4001,瞳,1
4001,瞳,2507,曛,1
4001,瞳,3594,獍,1
4001,瞳,3823,痊,1
4001,瞳,3971,睡,1
4001,瞳,3992,瞠,1
4001,瞳,4839,腹,1
4002,瞵,3705,璘,1
4002,瞵,5421,螣,1
4002,瞵,6010,辚,1
4003,瞻,4861,膳,1
4003,瞻,5827,赡,1
4005,瞿,3714,璺,1
4008,矛,10,不,1
4008,矛,1627,市,1
4008,矛,1641,帚,1
4008,矛,2617,柔,1
4009,矜,1308,娜,1
4009,矜,1576,崧,1
4009,矜,1744,张,1
4009,矜,1775,影,1
4009,矜,3907,皴,1
4010,矢,58,乓,1
4010,矢,71,买,1
4010,矢,595,卡,1
4010,矢,1206,天,1
4010,矢,1210,夭,1
4010,矢,1221,奂,1
4010,矢,2541,朱,1
4010,矢,2563,条,1
4010,矢,3360,灸,1
4010,矢,4283,笑,1
4010,矢,6043,迟,1
4011,矣,716,吴,1
4011,矣,1213,失,1
4011,矣,3368,炎,1
4011,矣,3379,炭,1
4011,矣,4283,笑,1
4012,知,4014,矩,1
4012,知,5375,蜘,1
4012,知,5972,轴,1
4012,知,6725,颁,1
4014,矩,4018,矮,1
4015,矫,6360,铣,1
4015,矫,6365,铩,1
4016,矬,6397,锉,1
4016,矬,6491,镪,1
4017,短,4012,知,1
4017,短,4499,经,1
4017,短,6430,锫,1
4018,矮,1328,婪,1
4019,石,84,互,1
4019,石,86,五,1
4019,石,355,元,1
4019,石,671,右,1
4019,石,1185,壬,1
4019,石,1371,孑,1
4019,石,1614,巨,1
4020,矶,4024,矾,1
4021,矸,2867,歼,1
4021,矸,6200,酐,1
4022,矻,4048,砭,1
4022,矻,4057,砼,1
4023,矽,2870,殃,1
4023,矽,3750,由,1
4023,矽,4025,矿,1
4023,矽,6143,邵,1
4025,矿,2397,斫,1
4025,矿,4021,矸,1
4025,矿,4028,砂,1
4026,砀,4027,码,1
4026,砀,4030,砌,1
4027,码,887,喆,1
4027,码,3579,猡,1
4027,码,3615,玛,1
4027,码,4023,矽,1
4027,码,4065,硐,1
4028,砂,4183,秒,1
4029,砉,3043,泰,1
4030,砌,4026,砀,1
4031,砍,2359,故,1
4031,砍,2842,欢,1
4031,砍,2845,欧,1
4031,砍,4051,破,1
4031,砍,5672,诳,1
4032,砑,3618,玡,1
4033,砒,147,仳,1
4033,砒,2866,死,1
4033,砒,3029,泚,1
4033,砒,4469,纰,1
4033,砒,6379,铷,1
4034,研,1254,妍,1
4034,研,2397,斫,1
4034,研,2867,歼,1
4034,研,4021,矸,1
4034,研,4032,砑,1
4034,研,4050,砰,1
4034,研,4070,硚,1
4034,研,5857,趼,1
4035,砖,3631,玻,1
4035,砖,4040,砝,1
4035,砖,4048,砭,1
4035,砖,4051,破,1
4035,砖,4503,结,1
4036,砗,4050,砰,1
4036,砗,5103,莳,1
4037,砘,2866,死,1
4037,砘,3477,爬,1
4037,砘,4052,砷,1
4037,砘,4053,砸,1
4038,砚,3626,现,1
4038,砚,4020,矶,1
4038,砚,5563,觋,1
4039,砜,4031,砍,1
4039,砜,4043,砥,1
4039,砜,4051,破,1
4040,砝,4061,硅,1
4041,砟,4045,砧,1
4042,砣,4045,砧,1
4042,砣,4079,碇,1
4042,砣,6847,驼,1
4043,砥,4021,矸,1
4044,砦,4049,砮,1
4045,砧,3629,玷,1
4045,砧,4027,码,1
4045,砧,4028,砂,1
4045,砧,4031,砍,1
4045,砧,4041,砟,1
4045,砧,4051,破,1
4045,砧,4061,硅,1
4045,砧,4071,硝,1
4046,砩,4087,碘,1
4047,砬,4048,砭,1
4048,砭,4040,砝,1
4048,砭,4057,砼,1
4048,砭,4060,硁,1
4049,砮,4109,磐,1
4049,砮,4246,窘,1
4050,砰,3611,玕,1
4050,砰,4034,研,1
4050,砰,4066,硒,1
4050,砰,4074,硬,1
4050,砰,6839,驴,1
4051,破,714,吱,1
4051,破,811,哝,1
4051,破,4037,砘,1
4051,破,4054,砹,1
4051,破,4074,硬,1
4051,破,4676,耐,1
4051,破,5872,跛,1
4052,砷,751,呻,1
4052,砷,1753,弹,1
4055,砺,4040,砝,1
4055,砺,5340,蛎,1
4058,砾,3480,爵,1
4058,砾,4043,砥,1
4059,础,3029,泚,1
4059,础,4028,砂,1
4059,础,4033,砒,1
4059,础,4040,砝,1
4059,础,5302,虺,1
4059,础,5636,诎,1
4060,硁,4057,砼,1
4060,硁,6219,酲,1
4061,硅,3659,琏,1
4061,硅,4037,砘,1
4061,硅,4040,砝,1
4061,硅,4042,砣,1
4061,硅,4059,础,1
4061,硅,4085,碓,1
4061,硅,4100,碴,1
4061,硅,4102,碹,1
4061,硅,5881,跬,1
4063,硌,6213,酪,1
4065,硐,4080,碉,1
4066,硒,42,丽,1
4066,硒,4026,砀,1
4066,硒,4027,码,1
4066,硒,6222,酶,1
4066,硒,7016,鳕,1
4067,硕,3273,滪,1
4067,硕,4023,矽,1
4067,硕,4026,砀,1
4067,硕,4038,砚,1
4067,硕,4074,硬,1
4067,硕,6142,邴,1
4067,硕,6717,项,1
4067,硕,6721,顽,1
4067,硕,6722,顾,1
4067,硕,6725,颁,1
4067,硕,6732,颈,1
4067,硕,6733,颉,1
4067,硕,6741,颓,1
4070,硚,1301,娇,1
4070,硚,4084,碑,1
4070,硚,4117,磷,1
4071,硝,6216,酯,1
4071,硝,6232,醋,1
4071,硝,7057,鸽,1
4073,硫,1618,巯,1
4073,硫,4086,碗,1
4073,硫,5931,蹦,1
4074,硬,246,便,1
4074,硬,2868,殁,1
4074,硬,4068,硖,1
4074,硬,4079,碇,1
4074,硬,6721,顽,1
4075,硭,4050,砰,1
4075,硭,4091,碟,1
4076,确,4026,砀,1
4076,确,4071,硝,1
4077,硷,4057,砼,1
4077,硷,4060,硁,1
4078,硼,1134,堋,1
4078,硼,5931,蹦,1
4079,碇,4099,碳,1
4080,碉,3620,玥,1
4080,碉,4030,砌,1
4080,碉,4099,碳,1
4080,碉,5688,调,1
4081,碌,3457,熨,1
4082,碍,4081,碌,1
4082,碍,4093,碣,1
4082,碍,4155,祷,1
4082,碍,4163,禅,1
4082,碍,5526,裼,1
4082,碍,5898,踝,1
4083,碎,4032,砑,1
4083,碎,4041,砟,1
4083,碎,4047,砬,1
4083,碎,4050,砰,1
4084,碑,277,俾,1
4084,碑,2867,歼,1
4084,碑,4034,研,1
4084,碑,4062,硇,1
4084,碑,4149,祥,1
4086,碗,1332,婶,1
4086,碗,3778,畹,1
4086,碗,4042,砣,1
4086,碗,4053,砸,1
4086,碗,4060,硁,1
4086,碗,5743,豌,1
4087,碘,4035,砖,1
4087,碘,4068,硖,1
4087,碘,4101,碶,1
4088,碚,4105,磅,1
4091,碟,2494,暌,1
4091,碟,2875,殊,1
4091,碟,5645,诗,1
4091,碟,5697,谍,1
4091,碟,5914,蹀,1
4092,碡,4117,磷,1
4093,碣,1167,墈,1
4093,碣,3202,渴,1
4093,碣,4081,碌,1
4093,碣,6218,酱,1
4093,碣,7031,鸡,1
4095,碧,781,咯,1
4095,碧,4109,磐,1
4096,碰,2003,懂,1
4096,碰,3223,湿,1
4096,碰,4558,缍,1
4096,碰,6489,镨,1
4096,碰,6618,难,1
4097,碱,1108,城,1
4097,碱,2136,拣,1
4097,碱,2876,残,1
4097,碱,4072,硪,1
4097,碱,4099,碳,1
4097,碱,4550,缄,1
4097,碱,4874,臧,1
4097,碱,5648,诚,1
4098,碲,4105,磅,1
4098,碲,4564,缔,1
4099,碳,4063,硌,1
4099,碳,4104,磁,1
4100,碴,4066,硒,1
4100,碴,5918,蹅,1
4101,碶,3711,璨,1
4102,碹,4077,硷,1
4103,碾,2272,搌,1
4103,碾,4081,碌,1
4103,碾,4093,碣,1
4103,碾,4716,聪,1
4104,磁,635,厶,1
4104,磁,3253,滋,1
4104,磁,4040,砝,1
4104,磁,4088,碚,1
4104,磁,4090,碜,1
4105,磅,511,劈,1
4105,磅,3594,獍,1
4105,磅,4063,硌,1
4105,磅,4090,碜,1
4105,磅,5472,衫,1
4105,磅,5719,谤,1
4107,磊,4442,累,1
4108,磋,4047,砬,1
4108,磋,5921,蹉,1
4109,磐,4349,箬,1
4109,磐,4353,箸,1
4111,磕,3926,盟,1
4111,磕,4035,砖,1
4111,磕,4040,砝,1
4111,磕,4092,碡,1
4111,磕,4118,磺,1
4112,磙,4123,礞,1
4113,磨,4862,膺,1
4113,磨,5586,詹,1
4114,磬,2378,整,1
4114,磬,5591,謦,1
4115,磲,2282,搡,1
4115,磲,4120,礅,1
4116,磴,6884,骥,1
4118,磺,4089,碛,1
4118,磺,4384,簧,1
4119,礁,4048,砭,1
4119,礁,4103,碾,1
4121,礌,4094,碥,1
4121,礌,5510,裔,1
4122,礓,4591,缰,1
4123,礞,5448,蠓,1
4127,示,97,亦,1
4127,示,374,六,1
4127,示,516,办,1
4127,示,592,卞,1
4127,示,1370,子,1
4127,示,1375,字,1
4127,示,1405,宋,1
4127,示,2865,歹,1
4127,示,2924,氖,1
4127,示,2961,汞,1
4127,示,3786,疒,1
4127,示,4436,系,1
4128,礻,2537,末,1
4128,礻,2944,永,1
4129,礼,2539,札,1
4129,礼,4130,社,1
4130,社,2060,托,1
4130,社,3359,灶,1
4130,社,3534,狂,1
4130,社,4131,祀,1
4131,祀,5488,袍,1
4132,祁,613,卻,1
4132,祁,6156,郊,1
4133,祃,5496,被,1
4134,祆,4140,祗,1
4135,祈,2397,斫,1
4135,祈,5472,衫,1
4135,祈,6290,钘,1
4136,祉,2858,止,1
4137,祎,4143,祜,1
4139,祖,2459,昶,1
4139,祖,3057,洇,1
4139,祖,4136,祉,1
4139,祖,5558,视,1
4139,祖,5843,趄,1
4139,祖,6840,驵,1
4140,祗,2625,柢,1
4141,祚,4041,砟,1
4141,祚,4297,笮,1
4143,祜,179,估,1
4143,祜,4503,结,1
4144,祝,165,伙,1
4144,祝,414,况,1
4144,祝,4709,职,1
4144,祝,4907,舰,1
4144,祝,5629,识,1
4145,神,412,冲,1
4145,神,4141,祚,1
4145,神,5490,袖,1
4146,祟,101,享,1
4146,祟,1544,岽,1
4146,祟,2613,某,1
4146,祟,4437,紊,1
4146,祟,4441,紫,1
4146,祟,5082,荼,1
4147,祠,3543,狗,1
4147,祠,5545,襕,1
4148,祢,206,你,1
4148,祢,1745,弥,1
4148,祢,4133,祃,1
4148,祢,4195,称,1
4148,祢,5488,袍,1
4149,祥,1767,彤,1
4149,祥,2133,拜,1
4149,祥,2619,柙,1
4149,祥,4163,禅,1
4149,祥,6017,辩,1
4150,祧,2667,桃,1
4150,祧,4157,祺,1
4151,票,101,享,1
4151,票,103,亭,1
4151,票,2482,景,1
4151,票,2663,栾,1
4151,票,4439,索,1
4151,票,5551,要,1
4151,票,6634,雩,1
4151,票,6644,霄,1
4151,票,6648,霉,1
4152,祭,4146,祟,1
4152,祭,4151,票,1
4152,祭,4327,筹,1
4152,祭,5504,装,1
4152,祭,7048,鸳,1
4153,祯,4150,祧,1
4155,祷,264,俦,1
4155,祷,1697,庤,1
4155,祷,1785,待,1
4155,祷,4137,祎,1
4155,祷,5537,褥,1
4155,祷,6380,铸,1
4156,祸,1315,娲,1
4156,祸,4162,禄,1
4156,祸,5476,衲,1
4156,祸,5498,袯,1
4156,祸,5530,褐,1
4157,祺,2415,旗,1
4157,祺,2717,棋,1
4157,祺,4163,禅,1
4158,祼,4157,祺,1
4158,祼,4167,禤,1
4158,祼,5662,诨,1
4160,禀,1449,察,1
4160,禀,4151,票,1
4161,禁,1328,婪,1
4161,禁,1386,孥,1
4161,禁,1762,彗,1
4161,禁,1928,悸,1
4161,禁,1987,慧,1
4161,禁,5011,茁,1
4161,禁,5991,辇,1
4162,禄,4082,碍,1
4162,禄,4545,绿,1
4162,禄,5524,裸,1
4163,禅,1753,弹,1
4163,禅,4164,禊,1
4164,禊,4166,禚,1
4165,福,1658,幅,1
4165,福,3280,漏,1
4165,福,4066,硒,1
4165,福,4162,禄,1
4165,福,5526,裼,1
4165,福,5527,裾,1
4165,福,5542,褶,1
4165,福,5545,襕,1
4166,禚,4168,禧,1
4167,禤,2789,榻,1
4168,禧,4169,禳,1
4169,禳,1817,忑,1
4170,禹,78,事,1
4170,禹,201,佛,1
4170,禹,1531,岛,1
4170,禹,1706,庸,1
4170,禹,3085,派,1
4170,禹,3304,潟,1
4170,禹,4171,禺,1
4170,禹,6642,需,1
4170,禹,7058,鸾,1
4171,禺,737,呙,1
4171,禺,1857,思,1
4172,离,2404,旁,1
4172,离,4644,翁,1
4172,离,5353,蛮,1
4172,离,5749,豪,1
4173,禽,1233,套,1
4173,禽,1642,帛,1
4173,禽,3770,畜,1
4173,禽,3775,畲,1
4173,禽,4370,篱,1
4173,禽,4576,缡,1
4174,禾,725,呆,1
4174,禾,1370,子,1
4174,禾,1405,宋,1
4174,禾,2536,未,1
4174,禾,2537,末,1
4174,禾,2541,朱,1
4174,禾,3498,牛,1
4174,禾,4391,米,1
4175,秀,2553,李,1
4176,私,2592,枞,1
4176,私,4183,秒,1
4177,秃,359,先,1
4177,秃,435,凭,1
4177,秃,2554,杏,1
4177,秃,3724,瓮,1
4177,秃,4264,竞,1
4177,秃,7122,黍,1
4178,秆,2133,拜,1
4178,秆,3501,牡,1
4178,秆,4678,耔,1
4178,秆,6150,邾,1
4179,秉,61,乘,1
4179,秉,1215,夷,1
4179,秉,2617,柔,1
4179,秉,4677,耒,1
4179,秉,5477,衷,1
4180,秋,2022,我,1
4180,秋,2558,杖,1
4180,秋,4176,私,1
4180,秋,4183,秒,1
4180,秋,4185,秘,1
4180,秋,4902,航,1
4181,种,4182,科,1
4181,种,4183,秒,1
4181,种,4185,秘,1
4181,种,4187,秣,1
4181,种,4190,秧,1
4182,科,2389,斜,1
4182,科,4188,秤,1
4183,秒,1766,形,1
4183,秒,2082,抄,1
4183,秒,3516,犄,1
4183,秒,4028,砂,1
4183,秒,4181,种,1
4184,秕,1261,妣,1
4184,秕,1742,弛,1
4184,秕,4033,砒,1
4185,秘,4180,秋,1
4185,秘,4184,秕,1
4186,租,1857,思,1
4186,租,2114,担,1
4186,租,2678,桓,1
4186,租,2869,殂,1
4186,租,4400,粗,1
4186,租,5489,袒,1
4186,租,5628,诅,1
4186,租,6251,釉,1
4187,秣,2587,林,1
4187,秣,4210,稞,1
4188,秤,2602,枰,1
4188,秤,3489,牂,1
4188,秤,3503,牦,1
4188,秤,3645,珥,1
4188,秤,4183,秒,1
4188,秤,4186,租,1
4188,秤,5975,轷,1
4189,秦,2451,春,1
4189,秦,2677,桑,1
4189,秦,3422,焘,1
4189,秦,4438,素,1
4189,秦,6673,革,1
4189,秦,7122,黍,1
4190,秧,4194,积,1
4190,秧,4201,稂,1
4191,秩,1640,帙,1
4191,秩,2074,扶,1
4191,秩,2662,栽,1
4191,秩,3508,牲,1
4191,秩,3621,玦,1
4191,秩,4194,积,1
4191,秩,5471,衩,1
4191,秩,5974,轶,1
4192,秫,2587,林,1
4194,积,185,似,1
4194,积,2852,歃,1
4194,积,4144,祝,1
4194,积,4203,稆,1
4194,积,4682,耘,1
4194,积,6299,钡,1
4195,称,2638,标,1
4195,称,3558,狳,1
4195,称,4196,秸,1
4195,称,4213,稳,1
4196,秸,2184,捂,1
4196,秸,4204,程,1
4197,移,2275,搒,1
4197,移,2631,柱,1
4197,移,4185,秘,1
4197,移,4202,稃,1
4197,移,4203,稆,1
4197,移,4205,稍,1
4197,移,4207,稔,1
4197,移,4216,稻,1
4197,移,4399,粕,1
4197,移,6252,释,1
4198,秽,4218,稽,1
4199,秾,2623,柞,1
4200,稀,6854,骄,1
4202,稃,2692,桴,1
4203,稆,4684,耜,1
4203,稆,6354,铝,1
4204,程,2139,拦,1
4204,程,2193,捏,1
4204,程,2634,柽,1
4204,程,2645,栏,1
4204,程,2666,桂,1
4204,程,4186,租,1
4204,程,4198,秽,1
4204,程,5979,轻,1
4205,稍,2192,捎,1
4205,稍,4198,秽,1
4205,稍,4433,糯,1
4205,稍,4687,耥,1
4206,税,3899,皑,1
4206,税,4191,秩,1
4206,税,4194,积,1
4206,税,5296,虢,1
4206,税,5759,貌,1
4207,稔,4213,稳,1
4208,稗,296,倬,1
4208,稗,2203,捭,1
4208,稗,4202,稃,1
4208,稗,4210,稞,1
4209,稚,3511,牺,1
4209,稚,6625,雉,1
4210,稞,2730,棵,1
4211,稠,2385,斓,1
4211,稠,3620,玥,1
4211,稠,5995,辋,1
4212,稣,6944,鲆,1
4213,稳,4201,稂,1
4213,稳,4203,稆,1
4213,稳,4224,穗,1
4213,稳,4395,籽,1
4213,稳,6429,锪,1
4215,稹,1981,慎,1
4215,稹,6818,馍,1
4216,稻,2220,掐,1
4216,稻,4203,稆,1
4216,稻,4224,穗,1
4217,稼,1345,嫁,1
4217,稼,1960,愁,1
4217,稼,2750,椽,1
4217,稼,4187,秣,1
4217,稼,4195,称,1
4217,稼,6468,镓,1
4218,稽,1324,婚,1
4218,稽,3993,瞢,1
4218,稽,4223,穑,1
4218,稽,5657,诣,1
4219,稿,4218,稽,1
4219,稿,4224,穗,1
4219,稿,7068,鹈,1
4220,穀,2892,毂,1
4221,穄,2244,揆,1
4221,穄,2837,檫,1
4222,穆,2728,棰,1
4222,穆,4197,移,1
4222,穆,4418,糁,1
4222,穆,5976,轸,1
4223,穑,4219,稿,1
4224,穗,1805,德,1
4224,穗,2006,懋,1
4224,穗,2329,撼,1
4224,穗,4207,稔,1
4226,穴,93,亡,1
4226,穴,391,内,1
4226,穴,1399,它,1
4226,穴,2371,敢,1
4226,穴,3362,灾,1
4227,究,1188,壳,1
4227,究,1406,完,1
4227,究,1436,宾,1
4227,究,2257,揪,1
4227,究,4249,窟,1
4227,究,6641,雾,1
4228,穷,519,务,1
4228,穷,521,劣,1
4228,穷,530,劳,1
4228,穷,688,名,1
4228,穷,1411,官,1
4228,穷,1418,宠,1
4228,穷,3051,泻,1
4228,穷,5738,谷,1
4230,穹,1439,寄,1
4231,空,1407,宏,1
4231,空,1411,官,1
4231,空,1421,宣,1
4231,空,1426,宫,1
4231,空,1784,径,1
4231,空,3822,痉,1
4231,空,4242,窒,1
4232,穿,105,亲,1
4232,穿,2482,景,1
4232,穿,3164,淙,1
4232,穿,4974,芽,1
4233,窀,1418,宠,1
4233,窀,4244,窖,1
4234,突,96,亥,1
4234,突,831,唉,1
4234,突,1143,堡,1
4234,突,4229,穸,1
4235,窃,3619,玢,1
4236,窄,1249,妄,1
4236,窄,1425,宪,1
4236,窄,1434,容,1
4236,窄,4313,答,1
4236,窄,5738,谷,1
4237,窅,1415,宜,1
4237,窅,1421,宣,1
4238,窆,4231,空,1
4238,窆,4242,窒,1
4239,窈,4235,窃,1
4240,窍,2043,房,1
4240,窍,4227,究,1
4240,窍,4248,窝,1
4240,窍,5581,言,1
4241,窑,1441,密,1
4241,窑,1966,意,1
4241,窑,3630,玺,1
4241,窑,4232,穿,1
4241,窑,4251,窣,1
4241,窑,4258,窸,1
4241,窑,5364,蜃,1
4242,窒,1421,宣,1
4242,窒,1436,宾,1
4242,窒,1448,寞,1
4242,窒,4253,窦,1
4242,窒,4255,窬,1
4243,窕,402,农,1
4243,窕,4252,窥,1
4244,窖,886,善,1
4244,窖,1436,宾,1
4244,窖,1440,寅,1
4244,窖,1507,屠,1
4244,窖,3484,爹,1
4244,窖,4237,窅,1
4244,窖,4256,窭,1
4244,窖,5581,言,1
4244,窖,6470,镕,1
4245,窗,1437,宿,1
4245,窗,1443,富,1
4245,窗,3932,盲,1
4245,窗,4248,窝,1
4245,窗,6918,鬲,1
4246,窘,879,啻,1
4246,窘,1429,害,1
4246,窘,1440,寅,1
4246,窘,4232,穿,1
4246,窘,4850,膏,1
4247,窜,35,串,1
4247,窜,1419,审,1
4247,窜,1639,帘,1
4247,窜,4245,窗,1
4247,窜,4248,窝,1
4247,窜,4251,窣,1
4248,窝,898,喜,1
4248,窝,1426,宫,1
4248,窝,1446,寓,1
4248,窝,1593,嵩,1
4248,窝,3748,甯,1
4248,窝,4241,窑,1
4248,窝,4361,篙,1
4248,窝,4780,胬,1
4248,窝,5474,衮,1
4249,窟,1412,宙,1
4249,窟,1966,意,1
4249,窟,2814,樵,1
4249,窟,4258,窸,1
4249,窟,5364,蜃,1
4249,窟,5377,蜜,1
4250,窠,4160,禀,1
4251,窣,1428,宰,1
4251,窣,4316,筚,1
4252,窥,4257,窳,1
4253,窦,1157,塞,1
4253,窦,1448,寞,1
4253,窦,4255,窬,1
4253,窦,5377,蜜,1
4254,窨,2940,氰,1
4254,窨,4230,穹,1
4254,窨,6648,霉,1
4259,窿,6272,鑫,1
4260,立,6,三,1
4260,立,20,业,1
4260,立,55,乏,1
4260,立,84,互,1
4260,立,95,交,1
4260,立,376,兰,1
4260,立,2401,方,1
4260,立,4453,纟,1
4260,立,5836,走,1
4261,竑,3639,珐,1
4261,竑,4263,站,1
4261,竑,5353,蛮,1
4262,竖,3439,照,1
4263,站,1752,弱,1
4263,站,4500,绐,1
4263,站,5629,识,1
4263,站,6325,钻,1
4264,竞,104,亮,1
4264,竞,357,充,1
4264,竞,438,凳,1
4264,竞,4177,秃,1
4266,章,43,举,1
4266,章,5180,葺,1
4266,章,6011,辛,1
4267,竣,1791,後,1
4267,竣,3052,泼,1
4267,竣,4214,稷,1
4267,竣,4563,缓,1
4267,竣,5516,裣,1
4267,竣,5621,设,1
4267,竣,6396,锈,1
4268,童,2908,毫,1
4268,童,6963,鲞,1
4268,童,7058,鸾,1
4268,童,7143,鼋,1
4269,竦,1332,婶,1
4269,竦,3127,涑,1
4269,竦,4487,练,1
4270,竭,3202,渴,1
4270,竭,4555,缉,1
4270,竭,4557,缌,1
4270,竭,5447,蠋,1
4270,竭,5513,裙,1
4270,竭,6923,魂,1
4271,端,3159,淌,1
4271,端,3208,湍,1
4271,端,6958,鲕,1
4272,竹,116,仃,1
4272,竹,617,厅,1
4272,竹,1038,圹,1
4272,竹,1961,愆,1
4272,竹,3155,淅,1
4272,竹,3546,狞,1
4272,竹,4463,纩,1
4272,竹,5460,行,1
4273,竺,90,些,1
4275,竿,168,伞,1
4275,竿,579,午,1
4275,竿,1669,年,1
4275,竿,2422,早,1
4275,竿,2428,旱,1
4275,竿,3162,淖,1
4275,竿,4281,笋,1
4275,竿,4284,笔,1
4275,竿,4498,绎,1
4275,竿,4606,罕,1
4275,竿,6273,钅,1
4276,笃,4290,笤,1
4276,笃,4318,筜,1
4277,笄,4281,笋,1
4278,笆,1519,岂,1
4278,笆,1532,岜,1
4278,笆,3483,爸,1
4278,笆,4303,笾,1
4278,笆,6083,造,1
4278,笆,6124,邑,1
4279,笈,4809,脧,1
4280,笊,4299,笳,1
4281,笋,3964,睁,1
4281,笋,4291,笥,1
4282,笏,3795,疡,1
4282,笏,4331,简,1
4282,笏,4735,肠,1
4283,笑,359,先,1
4283,笑,725,呆,1
4283,笑,820,哭,1
4283,笑,1221,奂,1
4283,笑,1471,尖,1
4283,笑,3239,溪,1
4283,笑,4010,矢,1
4283,笑,4011,矣,1
4283,笑,4234,突,1
4283,笑,4284,笔,1
4283,笑,4304,筅,1
4283,笑,4314,策,1
4283,笑,4328,筻,1
4284,笔,356,兄,1
4284,笔,726,呈,1
4284,笔,3710,璧,1
4284,笔,4275,竿,1
4284,笔,4302,笼,1
4284,笔,4625,羌,1
4284,笔,4973,芼,1
4285,笕,4311,筑,1
4285,笕,5557,觅,1
4285,笕,5789,费,1
4286,笙,565,匡,1
4286,笙,727,告,1
4286,笙,2968,汪,1
4286,笙,3500,牟,1
4286,笙,3559,狴,1
4286,笙,4284,笔,1
4286,笙,4293,笨,1
4286,笙,4322,筮,1
4286,笙,4339,箜,1
4286,笙,5661,诧,1
4286,笙,6253,里,1
4287,笛,447,凿,1
4287,笛,2896,每,1
4287,笛,3118,海,1
4287,笛,4563,缓,1
4287,笛,6218,酱,1
4288,笞,775,咨,1
4288,笞,2448,昝,1
4288,笞,4376,簉,1
4289,笠,4288,笞,1
4289,笠,4294,笪,1
4290,笤,993,嚣,1
4290,笤,1426,宫,1
4290,笤,1535,岩,1
4290,笤,1548,峃,1
4290,笤,1838,忿,1
4290,笤,3894,皆,1
4290,笤,4279,笈,1
4290,笤,4287,笛,1
4290,笤,4313,答,1
4290,笤,5183,蒈,1
4291,笥,4312,筒,1
4292,符,2394,斥,1
4292,符,4309,筏,1
4292,符,4313,答,1
4292,符,4345,箨,1
4292,符,4457,纣,1
4292,符,4745,肯,1
4293,笨,4295,笫,1
4293,笨,4406,粢,1
4294,笪,904,喳,1
4294,笪,1415,宜,1
4294,笪,4377,簋,1
4294,笪,6126,邕,1
4295,笫,5748,豨,1
4296,第,1652,常,1
4296,第,1743,弟,1
4296,第,4008,矛,1
4296,第,4246,窘,1
4296,第,4282,笏,1
4296,第,4306,等,1
4296,第,4319,筝,1
4296,第,4335,箓,1
4296,第,5010,茀,1
4297,笮,4341,管,1
4298,笱,4331,简,1
4298,笱,4753,肾,1
4299,笳,1586,嵌,1
4299,笳,4305,筇,1
4300,笸,4278,笆,1
4300,笸,4310,筐,1
4301,笺,4279,笈,1
4301,笺,4281,笋,1
4301,笺,4283,笑,1
4301,笺,4284,笔,1
4301,笺,4302,笼,1
4301,笺,4309,筏,1
4301,笺,4337,箕,1
4301,笺,6515,间,1
4302,笼,1418,宠,1
4302,笼,1677,庀,1
4302,笼,2135,拢,1
4302,笼,2904,毙,1
4302,笼,3368,炎,1
4302,笼,4668,老,1
4303,笾,3910,盅,1
4303,笾,4278,笆,1
4304,筅,359,先,1
4304,筅,438,凳,1
4304,筅,1425,宪,1
4304,筅,4283,笑,1
4304,筅,4284,笔,1
4305,筇,4311,筑,1
4306,等,11,与,1
4306,等,725,呆,1
4306,等,2155,拿,1
4306,等,3463,燊,1
4307,筋,3836,痧,1
4308,筌,4371,篷,1
4308,筌,6258,釜,1
4308,筌,6259,鉴,1
4309,筏,1728,弁,1
4309,筏,4277,笄,1
4309,筏,4280,笊,1
4309,筏,5012,茂,1
4310,筐,1424,宦,1
4310,筐,1570,崖,1
4310,筐,4300,笸,1
4311,筑,648,叔,1
4311,筑,977,器,1
4311,筑,3726,瓴,1
4311,筑,3730,瓿,1
4311,筑,4302,笼,1
4311,筑,4305,筇,1
4311,筑,4334,箐,1
4311,筑,4336,箔,1
4311,筑,6285,钒,1
4312,筒,243,侮,1
4312,筒,1473,尚,1
4312,筒,3758,甾,1
4312,筒,4287,笛,1
4312,筒,4298,笱,1
4312,筒,5046,茼,1
4312,筒,5569,角,1
4313,答,427,减,1
4313,答,760,咎,1
4313,答,1524,岑,1
4313,答,3484,爹,1
4313,答,3865,瘩,1
4313,答,4302,笼,1
4313,答,4669,考,1
4314,策,4293,笨,1
4314,策,4295,笫,1
4314,策,4335,箓,1
4314,策,4342,箢,1
4314,策,4624,羊,1
4315,筘,4277,笄,1
4315,筘,4321,筢,1
4316,筚,4347,箪,1
4316,筚,4606,罕,1
4317,筛,1546,峁,1
4317,筛,4200,稀,1
4317,筛,4336,箔,1
4317,筛,6337,铈,1
4318,筜,827,哿,1
4318,筜,4313,答,1
4319,筝,77,争,1
4319,筝,4347,箪,1
4320,筠,4311,筑,1
4320,筠,6335,铅,1
4323,筱,7137,黪,1
4324,筲,1431,宵,1
4324,筲,4312,筒,1
4324,筲,4336,箔,1
4324,筲,4361,篙,1
4325,筵,4375,簇,1
4325,筵,5136,菼,1
4325,筵,6049,迩,1
4326,筷,4304,筅,1
4326,筷,6479,镞,1
4327,筹,928,嗥,1
4327,筹,1439,寄,1
4327,筹,4277,笄,1
4327,筹,4360,篓,1
4328,筻,5572,觜,1
4329,筼,5184,蒉,1
4329,筼,5768,贤,1
4329,筼,5775,贫,1
4330,签,1573,崟,1
4330,签,3889,登,1
4330,签,4238,窆,1
4330,签,4273,竺,1
4330,签,4302,笼,1
4330,签,4308,筌,1
4330,签,4313,答,1
4330,签,6258,釜,1
4331,简,178,伯,1
4331,简,190,位,1
4331,简,857,商,1
4331,简,3128,涓,1
4331,简,4312,筒,1
4331,简,6782,饧,1
4331,简,6798,饷,1
4331,简,7050,鸶,1
4332,箅,1610,巢,1
4332,箅,4337,箕,1
4333,箍,2133,拜,1
4333,箍,3820,症,1
4334,箐,4353,箸,1
4335,箓,2502,暴,1
4335,箓,4306,等,1
4336,箔,1530,岚,1
4336,箔,1545,岿,1
4336,箔,2465,晋,1
4336,箔,3021,泊,1
4336,箔,3937,盾,1
4336,箔,4287,笛,1
4336,箔,4320,筠,1
4336,箔,4656,翡,1
4336,箔,5236,蔼,1
4336,箔,6813,馈,1
4338,算,1450,寡,1
4338,算,4345,箨,1
4338,算,4367,篦,1
4338,算,4884,舁,1
4339,箜,1157,塞,1
4339,箜,2988,沓,1
4339,箜,3194,渣,1
4339,箜,4308,筌,1
4340,箝,4315,筘,1
4340,箝,4351,箱,1
4341,管,879,啻,1
4341,管,1411,官,1
4341,管,4279,笈,1
4341,管,4313,答,1
4341,管,4330,签,1
4341,管,4387,簿,1
4341,管,4850,膏,1
4341,管,7048,鸳,1
4342,箢,2904,毙,1
4342,箢,4372,篼,1
4343,箦,4359,篑,1
4343,箦,5821,赛,1
4344,箧,1579,崮,1
4345,箨,2325,撵,1
4345,箨,4316,筚,1
4346,箩,1194,复,1
4346,箩,4341,管,1
4346,箩,4364,篡,1
4346,箩,4366,篥,1
4346,箩,4385,簪,1
4346,箩,5150,萝,1
4348,箫,3297,潇,1
4348,箫,4179,秉,1
4348,箫,4295,笫,1
4348,箫,4332,箅,1
4348,箫,4366,篥,1
4348,箫,4380,簖,1
4348,箫,5154,萧,1
4348,箫,6617,隽,1
4348,箫,6669,靠,1
4349,箬,4293,笨,1
4349,箬,4353,箸,1
4349,箬,4364,篡,1
4349,箬,5091,莙,1
4349,箬,5243,蕙,1
4350,箭,260,俞,1
4350,箭,478,券,1
4350,箭,814,哥,1
4350,箭,908,喻,1
4350,箭,1591,嵛,1
4350,箭,4334,箐,1
4350,箭,4361,篙,1
4351,箱,3814,疽,1
4351,箱,4299,笳,1
4351,箱,4356,篇,1
4351,箱,4388,籀,1
4351,箱,4390,籍,1
4351,箱,4399,粕,1
4351,箱,5984,辀,1
4351,箱,6326,钼,1
4351,箱,6332,铂,1
4352,箴,4373,篾,1
4353,箸,4361,篙,1
4353,箸,4618,署,1
4354,篁,1573,崟,1
4355,篆,1235,奚,1
4355,篆,4314,策,1
4355,篆,4335,箓,1
4355,篆,4714,聚,1
4356,篇,1426,宫,1
4356,篇,4353,箸,1
4356,篇,4361,篙,1
4356,篇,4617,罱,1
4357,篊,3072,洪,1
4357,篊,3138,涢,1
4357,篊,4375,簇,1
4358,篌,4323,筱,1
4358,篌,4344,箧,1
4360,篓,1624,巽,1
4360,篓,4170,禹,1
4360,篓,4288,笞,1
4360,篓,4337,箕,1
4360,篓,5497,袭,1
4361,篙,3300,潏,1
4361,篙,3947,眚,1
4361,篙,4332,箅,1
4361,篙,4370,篱,1
4361,篙,6218,酱,1
4361,篙,6919,鬹,1
4363,篝,4334,箐,1
4363,篝,4343,箦,1
4363,篝,4616,置,1
4364,篡,4304,筅,1
4364,篡,5217,蓦,1
4365,篢,1440,寅,1
4365,篢,4337,箕,1
4365,篢,4359,篑,1
4366,篥,1610,巢,1
4367,篦,364,兔,1
4367,篦,2938,氮,1
4368,篪,4379,簏,1
4369,篮,978,噩,1
4369,篮,3921,盔,1
4369,篮,3925,盛,1
4369,篮,5212,蓝,1
4369,篮,6111,遥,1
4369,篮,6113,遭,1
4369,篮,6608,隘,1
4370,篱,2495,暑,1
4370,篱,4172,离,1
4370,篱,4248,窝,1
4370,篱,4296,第,1
4370,篱,4387,簿,1
4370,篱,4628,羔,1
4371,篷,5922,蹊,1
4371,篷,6085,逢,1
4371,篷,6271,鐾,1
4375,簇,2910,毳,1
4375,簇,6266,鍠,1
4375,簇,6455,镆,1
4376,簉,6083,造,1
4376,簉,6093,逻,1
4376,簉,6111,遥,1
4377,簋,4369,篮,1
4377,簋,4382,簠,1
4378,簌,4389,籁,1
4378,簌,4390,籍,1
4378,簌,6743,颖,1
4379,簏,4368,篪,1
4379,簏,4378,簌,1
4380,簖,2398,断,1
4380,簖,4362,篚,1
4381,簟,1579,崮,1
4381,簟,5552,覃,1
4382,簠,4377,簋,1
4382,簠,7144,鼍,1
4384,簧,405,冤,1
4384,簧,437,凰,1
4384,簧,4355,篆,1
4384,簧,4360,篓,1
4384,簧,4382,簠,1
4385,簪,4275,竿,1
4386,簸,2399,斯,1
4386,簸,4000,瞰,1
4386,簸,6226,酽,1
4386,簸,6753,颠,1
4386,簸,7149,鼗,1
4387,簿,2303,摩,1
4387,簿,2781,榜,1
4387,簿,3248,溽,1
4387,簿,3276,滹,1
4387,簿,4371,篷,1
4387,簿,7097,鹭,1
4389,籁,6743,颖,1
4390,籍,5269,藉,1
4391,米,33,中,1
4391,米,516,办,1
4391,米,1213,失,1
4391,米,1214,头,1
4391,米,2053,扌,1
4391,米,2535,木,1
4391,米,2537,末,1
4391,米,2615,柒,1
4391,米,4677,耒,1
4392,籴,6250,采,1
4393,类,3056,洄,1
4394,籼,6251,釉,1
4395,籽,2189,捋,1
4395,籽,2387,料,1
4395,籽,4418,糁,1
4396,粉,1276,始,1
4396,粉,2595,枥,1
4396,粉,3936,盼,1
4397,粑,2575,杷,1
4398,粒,2364,救,1
4398,粒,2569,杭,1
4398,粒,4400,粗,1
4398,粒,4418,糁,1
4398,粒,4682,耘,1
4398,粒,4685,耠,1
4398,粒,5979,轻,1
4399,粕,1637,帕,1
4399,粕,2125,拓,1
4399,粕,2612,柏,1
4399,粕,2647,栒,1
4399,粕,4395,籽,1
4399,粕,4423,糌,1
4400,粗,2587,林,1
4400,粗,3934,相,1
4400,粗,4428,糙,1
4401,粘,4196,秸,1
4401,粘,4396,粉,1
4401,粘,4398,粒,1
4401,粘,4684,耜,1
4401,粘,4685,耠,1
4401,粘,7120,黇,1
4402,粜,2615,柒,1
4402,粜,3463,燊,1
4402,粜,4406,粢,1
4403,粝,4404,粞,1
4404,粞,2649,栖,1
4405,粟,1417,实,1
4405,粟,1429,害,1
4405,粟,1448,寞,1
4405,粟,4151,票,1
4405,粟,5197,蒹,1
4405,粟,6641,雾,1
4405,粟,6647,霈,1
4405,粟,7108,麋,1
4406,粢,2695,梁,1
4406,粢,4412,粲,1
4407,粤,674,号,1
4407,粤,5585,詈,1
4409,粪,388,冀,1
4409,粪,898,喜,1
4409,粪,1298,娄,1
4409,粪,4402,粜,1
4409,粪,4627,羑,1
4409,粪,5222,蔌,1
4409,粪,7182,龚,1
4410,粮,595,卡,1
4410,粮,2660,根,1
4410,粮,4413,粳,1
4410,粮,6693,鞣,1
4411,粱,2590,果,1
4411,粱,2791,槊,1
4411,粱,4402,粜,1
4411,粱,4406,粢,1
4412,粲,4406,粢,1
4412,粲,4415,粼,1
4413,粳,4395,籽,1
4413,粳,4419,糅,1
4413,粳,6734,颊,1
4414,粹,2687,桦,1
4414,粹,3395,烊,1
4414,粹,4188,秤,1
4414,粹,4398,粒,1
4414,粹,4426,糖,1
4415,粼,2079,承,1
4415,粼,4416,粽,1
4416,粽,4414,粹,1
4416,粽,4418,糁,1
4417,精,4430,糟,1
4417,精,5835,赭,1
4417,精,7145,鼎,1
4418,糁,1946,惨,1
4418,糁,4420,糇,1
4418,糁,4426,糖,1
4419,糅,1902,恽,1
4419,糅,5916,蹂,1
4420,糇,4423,糌,1
4422,糊,2654,栩,1
4423,糌,3513,牿,1
4423,糌,4424,糍,1
4425,糕,2276,搓,1
4425,糕,4628,羔,1
4425,糕,4682,耘,1
4426,糖,833,唐,1
4426,糖,1313,娩,1
4426,糖,2297,摊,1
4426,糖,6434,锯,1
4427,糗,3243,溴,1
4428,糙,2181,挹,1
4428,糙,4423,糌,1
4428,糙,5851,趱,1
4429,糜,1713,廑,1
4429,糜,2725,棨,1
4429,糜,4110,磔,1
4429,糜,4253,窦,1
4429,糜,7106,麇,1
4430,糟,1357,嫣,1
4430,糟,4433,糯,1
4431,糠,2284,搪,1
4431,糠,3230,源,1
4431,糠,5347,蛛,1
4433,糯,2833,檑,1
4433,糯,3450,熔,1
4433,糯,4426,糖,1
4433,糯,4430,糟,1
4433,糯,7065,鹅,1
4434,糵,5061,荜,1
4435,糸,77,争,1
4435,糸,102,京,1
4436,系,99,亨,1
4436,系,102,京,1
4436,系,105,亲,1
4436,系,198,佘,1
4436,系,1200,多,1
4436,系,1681,床,1
4436,系,4179,秉,1
4436,系,4439,索,1
4437,紊,1393,孳,1
4437,紊,4443,絮,1
4438,素,78,事,1
4438,素,1228,奏,1
4438,素,1384,季,1
4438,素,1392,孱,1
4438,素,1943,惠,1
4438,素,2553,李,1
4438,素,4189,秦,1
4438,素,4442,累,1
4438,素,4708,聋,1
4439,索,1224,奈,1
4439,索,1379,孛,1
4439,索,2553,李,1
4439,索,2819,橐,1
4439,索,4189,秦,1
4439,索,4435,糸,1
4439,索,4437,紊,1
4439,索,4438,素,1
4439,索,5153,萦,1
4439,索,5830,赤,1
4440,紧,1884,恣,1
4440,紧,4152,祭,1
4440,紧,4443,絮,1
4440,紧,4714,聚,1
4441,紫,1387,学,1
4441,紫,1544,岽,1
4441,紫,4274,竽,1
4441,紫,4335,箓,1
4441,紫,4391,米,1
4441,紫,4443,絮,1
4441,紫,4449,繄,1
4441,紫,5584,訾,1
4442,累,351,儡,1
4442,累,1176,墨,1
4442,累,2482,景,1
4442,累,2590,果,1
4442,累,2925,氘,1
4442,累,3452,熙,1
4442,累,4443,絮,1
4442,累,5585,詈,1
4443,絮,1314,娱,1
4443,絮,2605,架,1
4443,絮,4440,紧,1
4443,絮,4448,繁,1
4445,綦,1126,基,1
4446,綮,1567,崇,1
4446,綮,2725,棨,1
4446,綮,3714,璺,1
4446,綮,5153,萦,1
4446,綮,6875,骜,1
4447,縻,1570,崖,1
4447,縻,7106,麇,1
4447,縻,7117,麽,1
4448,繁,2363,敏,1
4448,繁,4306,等,1
4448,繁,4443,絮,1
4448,繁,4446,綮,1
4448,繁,4449,繄,1
4448,繁,4600,罂,1
4448,繁,5824,赞,1
4448,繁,5987,较,1
4450,繇,7084,鹞,1
4450,繇,7093,鹩,1
4450,繇,7134,黥,1
4451,纂,1384,季,1
4451,纂,4293,笨,1
4451,纂,4355,篆,1
4451,纂,4366,篥,1
4451,纂,4440,紧,1
4454,纠,121,仉,1
4454,纠,1040,圻,1
4454,纠,1279,姒,1
4454,纠,1406,完,1
4454,纠,2951,汈,1
4454,纠,4550,缄,1
4454,纠,5604,讪,1
4455,纡,4463,纩,1
4456,红,0,々,1
4456,红,2950,汇,1
4456,红,4473,纴,1
4456,红,4598,缸,1
4457,纣,4455,纡,1
4458,纤,113,什,1
4458,纤,156,伊,1
4458,纤,1243,奸,1
4458,纤,2867,歼,1
4458,纤,4473,纴,1
4458,纤,4477,纸,1
4458,纤,4494,绊,1
4458,纤,6282,钎,1
4459,纥,4507,绘,1
4460,约,124,仍,1
4460,约,391,内,1
4460,约,1246,妁,1
4460,约,1673,幻,1
4460,约,3356,灯,1
4460,约,4509,绚,1
4461,级,718,吸,1
4461,级,2362,敌,1
4461,级,3101,浓,1
4461,级,3161,淑,1
4461,级,3907,皴,1
4461,级,4599,缺,1
4461,级,5465,衡,1
4461,级,5762,贝,1
4461,级,5788,贸,1
4463,纩,4482,纾,1
4464,纪,112,亿,1
4464,纪,399,冗,1
4464,纪,431,几,1
4464,纪,1248,妃,1
4464,纪,1268,妮,1
4464,纪,1782,征,1
4464,纪,4475,纶,1
4464,纪,4481,纽,1
4464,纪,6781,饥,1
4465,纫,466,初,1
4465,纫,604,卯,1
4465,纫,1267,妫,1
4465,纫,3028,泗,1
4465,纫,4538,绸,1
4465,纫,4646,翊,1
4465,纫,6131,邡,1
4466,纬,149,件,1
4466,纬,3374,炜,1
4466,纬,4494,绊,1
4466,纬,6705,韩,1
4467,纭,1777,彷,1
4467,纭,6738,颏,1
4468,纯,2974,汹,1
4468,纯,3088,浅,1
4468,纯,4464,纪,1
4468,纯,4466,纬,1
4468,纯,4483,线,1
4468,纯,6295,钝,1
4469,纰,147,仳,1
4470,纱,115,仂,1
4470,纱,1377,孙,1
4470,纱,4025,矿,1
4470,纱,4028,砂,1
4470,纱,4183,秒,1
4471,纲,1779,彻,1
4471,纲,3001,沨,1
4471,纲,4472,纳,1
4471,纲,4490,细,1
4471,纲,4604,网,1
4471,纲,6300,钢,1
4472,纳,2588,枘,1
4472,纳,4460,约,1
4472,纳,4465,纫,1
4472,纳,4471,纲,1
4472,纳,4522,继,1
4473,纴,4464,纪,1
4473,纴,4468,纯,1
4474,纵,185,似,1
4474,纵,2362,敌,1
4474,纵,4176,私,1
4474,纵,4491,织,1
4474,纵,5499,袱,1
4474,纵,5598,认,1
4474,纵,6146,邹,1
4475,纶,175,伧,1
4475,纶,436,凯,1
4475,纶,3000,沧,1
4475,纶,4480,纻,1
4475,纶,4508,给,1
4475,纶,5618,论,1
4475,纶,5673,说,1
4475,纶,6792,饱,1
4475,纶,7149,鼗,1
4476,纷,521,劣,1
4476,纷,708,吩,1
4476,纷,3012,治,1
4476,纷,3098,浐,1
4476,纷,3619,玢,1
4476,纷,4493,绉,1
4476,纷,4500,绐,1
4476,纷,4519,绤,1
4477,纸,1254,妍,1
4477,纸,3031,泜,1
4477,纸,3042,泯,1
4477,纸,4455,纡,1
4477,纸,4514,统,1
4478,纹,1241,奴,1
4478,纹,2353,收,1
4478,纹,2354,攸,1
4478,纹,2356,攻,1
4478,纹,2357,放,1
4478,纹,2848,欸,1
4478,纹,3616,玟,1
4478,纹,4461,级,1
4478,纹,4474,纵,1
4478,纹,5852,足,1
4478,纹,6032,运,1
4479,纺,172,伤,1
4479,纺,2993,沛,1
4479,纺,4467,纭,1
4479,纺,4470,纱,1
4479,纺,4476,纷,1
4479,纺,4567,缗,1
4481,纽,156,伊,1
4481,纽,167,伛,1
4481,纽,1260,妞,1
4481,纽,3101,浓,1
4481,纽,4488,组,1
4481,纽,4497,绍,1
4481,纽,4500,绐,1
4481,纽,5628,诅,1
4482,纾,4455,纡,1
4482,纾,4518,绣,1
4483,线,2017,戌,1
4483,线,2022,我,1
4483,线,2024,戕,1
4483,线,2876,残,1
4483,线,6790,饯,1
4485,绁,3018,泄,1
4487,练,417,冻,1
4487,练,1785,待,1
4487,练,3133,涝,1
4487,练,4058,砾,1
4487,练,4526,绫,1
4487,练,4565,缕,1
4488,组,188,佃,1
4488,组,1947,惩,1
4488,组,4139,祖,1
4488,组,4186,租,1
4488,组,4491,织,1
4488,组,6630,雒,1
4489,绅,146,仲,1
4489,绅,149,件,1
4489,绅,1674,幼,1
4490,细,1783,徂,1
4490,细,2967,汩,1
4490,细,4062,硇,1
4490,细,4471,纲,1
4490,细,4509,绚,1
4490,细,4538,绸,1
4490,细,5344,蛔,1
4490,细,6326,钼,1
4491,织,189,但,1
4491,织,271,俱,1
4491,织,1778,役,1
4491,织,3106,浜,1
4491,织,4194,积,1
4491,织,4480,纻,1
4491,织,6719,须,1
4492,终,768,咚,1
4492,终,1784,径,1
4492,终,4514,统,1
4492,终,4520,绥,1
4492,终,5666,语,1
4493,绉,4499,经,1
4493,绉,4539,绹,1
4493,绉,6810,馅,1
4494,绊,1788,徉,1
4494,绊,1790,律,1
4494,绊,2996,沣,1
4494,绊,3058,洋,1
4494,绊,4016,矬,1
4494,绊,4483,线,1
4494,绊,4721,肄,1
4496,绌,4469,纰,1
4497,绍,124,仍,1
4497,绍,3137,涡,1
4497,绍,4488,组,1
4497,绍,4491,织,1
4497,绍,4567,缗,1
4498,绎,1087,垟,1
4498,绎,4517,绢,1
4498,绎,4527,续,1
4498,绎,4533,绳,1
4498,绎,6252,释,1
4498,绎,6399,锋,1
4499,经,1960,愁,1
4499,经,4467,纭,1
4499,经,4508,给,1
4499,经,5852,足,1
4499,经,5979,轻,1
4499,经,6383,铻,1
4500,绐,5630,诈,1
4500,绐,6954,鲐,1
4501,绑,4469,纰,1
4501,绑,4529,绯,1
4501,绑,6150,邾,1
4502,绒,248,俄,1
4502,绒,1312,娥,1
4502,绒,4457,纣,1
4502,绒,4483,线,1
4503,结,170,传,1
4503,结,223,侄,1
4503,结,258,俜,1
4503,结,400,写,1
4503,结,1777,彷,1
4503,结,4508,给,1
4503,结,5625,诂,1
4503,结,5646,诘,1
4505,绕,236,侥,1
4505,绕,359,先,1
4505,绕,3030,泛,1
4505,绕,3396,烘,1
4505,绕,3779,畿,1
4505,绕,4069,硗,1
4505,绕,4487,练,1
4505,绕,4545,绿,1
4505,绕,6375,铳,1
4506,绗,3647,珩,1
4507,绘,182,伶,1
4507,绘,1583,嵇,1
4507,绘,4508,给,1
4507,绘,4579,缤,1
4507,绘,4797,脍,1
4507,绘,5632,诊,1
4507,绘,6959,鲙,1
4508,给,701,吟,1
4508,给,1792,徐,1
4508,给,2922,气,1
4508,给,4313,答,1
4508,给,4396,粉,1
4508,给,4476,纷,1
4508,给,4493,绉,1
4508,给,4499,经,1
4508,给,4511,络,1
4509,绚,203,佝,1
4509,绚,3755,甸,1
4509,绚,4460,约,1
4509,绚,4476,纷,1
4509,绚,4538,绸,1
4509,绚,4551,缅,1
4509,绚,5344,蛔,1
4510,绛,6343,铎,1
4511,络,1300,娆,1
4511,络,1784,径,1
4511,络,3301,潘,1
4511,络,4492,终,1
4511,络,4493,绉,1
4511,络,5501,袼,1
4511,络,6368,铬,1
4511,络,6800,饹,1
4512,绝,2999,沦,1
4512,绝,3008,沲,1
4512,绝,3034,泡,1
4512,绝,4533,绳,1
4512,绝,5846,趋,1
4512,绝,6053,迮,1
4513,绞,402,农,1
4513,绞,1778,役,1
4513,绞,1793,徒,1
4513,绞,2960,汝,1
4513,绞,3362,灾,1
4513,绞,3616,玟,1
4513,绞,4159,祾,1
4513,绞,4461,级,1
4513,绞,4536,绶,1
4513,绞,4550,缄,1
4513,绞,6719,须,1
4514,统,2972,汴,1
4514,统,4311,筑,1
4514,统,4533,绳,1
4514,统,6375,铳,1
4514,统,6559,阮,1
4515,绠,246,便,1
4515,绠,4560,缏,1
4517,绢,17,世,1
4517,绢,252,俏,1
4517,绢,284,倘,1
4517,绢,1503,屑,1
4517,绢,3199,渭,1
4517,绢,3206,湄,1
4517,绢,4270,竭,1
4517,绢,4531,绱,1
4517,绢,4566,编,1
4517,绢,4567,缗,1
4517,绢,6726,颂,1
4518,绣,3354,灬,1
4518,绣,4466,纬,1
4518,绣,4565,缕,1
4519,绤,255,俗,1
4519,绤,4525,绪,1
4520,绥,3894,皆,1
4520,绥,4513,绞,1
4520,绥,4533,绳,1
4520,绥,4536,绶,1
4520,绥,4569,缙,1
4520,绥,6774,飨,1
4520,绥,6803,饼,1
4521,绦,3258,滔,1
4521,绦,3270,滦,1
4521,绦,4292,符,1
4521,绦,4487,练,1
4521,绦,4520,绥,1
4521,绦,5649,诛,1
4521,绦,6399,锋,1
4521,绦,6806,馀,1
4522,继,3135,涟,1
4522,继,4322,筮,1
4522,继,4484,绀,1
4522,继,4510,绛,1
4522,继,6052,迭,1
4522,继,7049,鸵,1
4523,绨,1788,徉,1
4523,绨,3130,涕,1
4523,绨,6405,锑,1
4524,绩,294,倩,1
4524,绩,300,债,1
4524,绩,1327,婧,1
4524,绩,4207,稔,1
4524,绩,4526,绫,1
4524,绩,4565,缕,1
4524,绩,4572,缜,1
4524,绩,6719,须,1
4524,绩,6813,馈,1
4525,绪,289,借,1
4525,绪,3137,涡,1
4525,绪,4518,绣,1
4525,绪,4541,绻,1
4525,绪,4555,缉,1
4525,绪,5808,赌,1
4526,绫,1791,後,1
4527,续,3069,津,1
4527,续,3347,瀵,1
4527,续,3517,犊,1
4528,绮,286,倚,1
4528,绮,4508,给,1
4529,绯,6982,鲱,1
4530,绰,183,伸,1
4530,绰,4494,绊,1
4530,绰,4510,绛,1
4530,绰,5728,谭,1
4531,绱,1798,徜,1
4532,绲,3667,琨,1
4532,绲,5994,辊,1
4533,绳,4468,纯,1
4533,绳,4512,绝,1
4533,绳,5391,蝇,1
4533,绳,6726,颂,1
4534,维,4522,继,1
4534,维,4533,绳,1
4534,维,4559,缎,1
4534,维,5653,诟,1
4534,维,6629,雏,1
4535,绵,1642,帛,1
4535,绵,3108,浠,1
4535,绵,3338,濡,1
4535,绵,4507,绘,1
4535,绵,4523,绨,1
4536,绶,4515,绠,1
4536,绶,4563,缓,1
4537,绷,2525,朋,1
4537,绷,3076,洲,1
4537,绷,4078,硼,1
4538,绸,287,倜,1
4538,绸,854,啁,1
4538,绸,3620,玥,1
4538,绸,4270,竭,1
4538,绸,4490,细,1
4538,绸,4539,绹,1
4538,绸,6988,鲷,1
4539,绹,4509,绚,1
4540,绺,760,咎,1
4541,绻,292,倦,1
4541,绻,4565,缕,1
4541,绻,5387,蜷,1
4541,绻,6428,锩,1
4542,综,424,凉,1
4542,综,545,勰,1
4542,综,1336,媒,1
4542,综,3244,溶,1
4542,综,3671,琮,1
4542,综,4520,绥,1
4542,综,4543,绽,1
4542,综,4568,缘,1
4542,综,5683,课,1
4542,综,6609,隙,1
4543,绽,1793,徒,1
4543,绽,1802,徭,1
4543,绽,2995,没,1
4543,绽,4512,绝,1
4543,绽,4515,绠,1
4543,绽,6092,逸,1
4543,绽,6432,锭,1
4545,绿,1121,埭,1
4545,绿,3045,泳,1
4545,绿,3102,浔,1
4545,绿,4487,练,1
4545,绿,4568,缘,1
4545,绿,5746,象,1
4546,缀,3203,游,1
4546,缀,5707,谗,1
4547,缁,3154,淄,1
4548,缂,4580,缥,1
4550,缄,249,俅,1
4550,缄,2713,检,1
4550,缄,4097,碱,1
4550,缄,4874,臧,1
4550,缄,5384,蜮,1
4550,缄,6348,铖,1
4551,缅,1779,彻,1
4551,缅,4509,绚,1
4551,缅,4548,缂,1
4551,缅,4566,编,1
4551,缅,4584,缩,1
4551,缅,4725,肋,1
4551,缅,5733,谲,1
4552,缆,282,倓,1
4553,缇,348,儇,1
4554,缈,3204,渺,1
4555,缉,243,侮,1
4555,缉,3128,涓,1
4555,缉,4517,绢,1
4555,缉,4533,绳,1
4555,缉,4548,缂,1
4555,缉,4567,缗,1
4555,缉,6796,饵,1
4556,缋,6715,顷,1
4557,缌,6921,鬼,1
4558,缍,6423,锤,1
4559,缎,1394,孵,1
4559,缎,2538,本,1
4559,缎,2888,段,1
4559,缎,3226,溆,1
4559,缎,3242,溲,1
4559,缎,4595,缴,1
4561,缑,4593,缲,1
4562,缒,3341,瀌,1
4562,缒,3907,皴,1
4562,缒,6079,逛,1
4563,缓,156,伊,1
4563,缓,182,伶,1
4563,缓,4520,绥,1
4563,缓,5659,该,1
4563,缓,5706,谖,1
4564,缔,3188,渖,1
4564,缔,4535,绵,1
4564,缔,4576,缡,1
4565,缕,264,俦,1
4565,缕,336,僖,1
4565,缕,4457,纣,1
4565,缕,4468,纯,1
4565,缕,4524,绩,1
4565,缕,6790,饯,1
4566,编,283,倔,1
4566,编,3520,犏,1
4567,缗,4484,绀,1
4568,缘,3045,泳,1
4568,缘,3152,涿,1
4568,缘,3578,猞,1
4568,缘,4542,综,1
4570,缚,1790,律,1
4570,缚,4487,练,1
4570,缚,6457,镈,1
4572,缜,3252,滇,1
4572,缜,3591,猹,1
4573,缝,3049,泸,1
4573,缝,4498,绎,1
4573,缝,4534,维,1
4573,缝,4592,缱,1
4573,缝,6087,逭,1
4573,缝,6118,避,1
4574,缟,4576,缡,1
4574,缟,5634,诌,1
4575,缠,3148,涯,1
4575,缠,3299,潍,1
4575,缠,4208,稗,1
4575,缠,4462,纨,1
4575,缠,4562,缒,1
4577,缢,292,倦,1
4577,缢,5720,谥,1
4578,缣,5721,谦,1
4579,缤,1338,媛,1
4579,缤,4543,绽,1
4579,缤,4580,缥,1
4580,缥,26,两,1
4580,缥,344,僳,1
4580,缥,3277,漂,1
4581,缦,5724,谩,1
4581,缦,6863,骎,1
4582,缧,298,倮,1
4582,缧,3290,漯,1
4582,缧,4557,缌,1
4583,缨,2310,撄,1
4583,缨,3260,滗,1
4584,缩,268,俭,1
4584,缩,341,僭,1
4584,缩,4566,编,1
4585,缪,6481,镠,1
4586,缫,2824,橥,1
4587,缬,6738,颏,1
4588,缭,4586,缫,1
4589,缮,3145,涪,1
4589,缮,3234,溠,1
4589,缮,4518,绣,1
4589,缮,4579,缤,1
4592,缱,4562,缒,1
4592,缱,5735,谴,1
4593,缲,2744,椠,1
4594,缳,348,儇,1
4594,缳,3327,澴,1
4595,缴,331,傲,1
4595,缴,1359,嫩,1
4595,缴,3701,璈,1
4595,缴,4562,缒,1
4596,缵,4561,缑,1
4596,缵,5824,赞,1
4597,缶,5305,虽,1
4598,缸,5741,豇,1
4599,缺,4190,秧,1
4599,缺,5856,趺,1
4599,缺,6349,铗,1
4600,罂,6599,隅,1
4601,罄,6831,馨,1
4601,罄,6916,鬣,1
4602,罅,6017,辩,1
4603,罐,3716,瓘,1
4603,罐,4590,缯,1
4604,网,462,刘,1
4604,网,5766,财,1
4605,罔,743,周,1
4605,罔,6521,闺,1
4606,罕,586,卓,1
4606,罕,716,吴,1
4606,罕,1402,宇,1
4606,罕,1428,宰,1
4606,罕,2422,早,1
4606,罕,2428,旱,1
4606,罕,4251,窣,1
4606,罕,4275,竿,1
4607,罗,1194,复,1
4607,罗,1518,岁,1
4607,罗,2434,旻,1
4607,罗,3754,男,1
4607,罗,4610,罟,1
4607,罗,4943,芍,1
4607,罗,5583,訇,1
4607,罗,6043,迟,1
4607,罗,6636,雯,1
4608,罘,1407,宏,1
4609,罚,491,前,1
4609,罚,507,剽,1
4610,罟,4611,罡,1
4612,罢,4607,罗,1
4612,罢,5585,詈,1
4614,罩,1176,墨,1
4614,罩,2390,斝,1
4614,罩,3981,睾,1
4614,罩,4606,罕,1
4614,罩,4624,羊,1
4615,罪,2050,扉,1
4615,罪,2463,晁,1
4616,置,1176,墨,1
4616,置,1421,宣,1
4616,置,2462,显,1
4616,置,4245,窗,1
4616,置,4611,罡,1
4616,置,4614,罩,1
4616,置,6826,首,1
4616,置,7119,黄,1
4618,署,1176,墨,1
4618,署,1450,寡,1
4618,署,5164,著,1
4622,罾,3283,漕,1
4622,罾,4613,罨,1
4624,羊,1,一,1
4624,羊,77,争,1
4624,羊,385,养,1
4624,羊,725,呆,1
4624,羊,1187,声,1
4624,羊,3786,疒,1
4625,羌,362,免,1
4625,羌,4626,美,1
4626,美,1285,姜,1
4626,美,4253,窦,1
4626,美,4314,策,1
4626,美,4638,羲,1
4626,美,5059,荚,1
4627,羑,1617,差,1
4627,羑,4633,羡,1
4628,羔,41,主,1
4628,羔,376,兰,1
4628,羔,4627,羑,1
4629,羚,1617,差,1
4629,羚,4685,耠,1
4630,羝,6334,铄,1
4631,羞,3922,盖,1
4631,羞,3963,着,1
4632,羟,5979,轻,1
4633,羡,5782,贲,1
4633,羡,5968,轰,1
4636,羯,6495,镯,1
4637,羰,4635,羧,1
4638,羲,2021,成,1
4639,羸,3412,烹,1
4640,羹,1228,奏,1
4640,羹,4265,竟,1
4640,羹,4626,美,1
4642,羽,3618,玡,1
4644,翁,3251,滃,1
4644,翁,7151,鼠,1
4645,翅,5841,起,1
4645,翅,5850,趣,1
4645,翅,6086,逦,1
4645,翅,6156,郊,1
4647,翌,1330,婴,1
4647,翌,3927,盥,1
4648,翎,4474,纵,1
4648,翎,4649,翔,1
4649,翔,3565,猁,1
4649,翔,3580,猢,1
4649,翔,4400,粗,1
4649,翔,4537,绷,1
4649,翔,6966,鲡,1
4651,翘,2777,榔,1
4651,翘,4649,翔,1
4651,翘,4665,翻,1
4653,翚,4655,翠,1
4654,翟,4005,瞿,1
4654,翟,4666,翼,1
4654,翟,6618,难,1
4654,翟,6619,雀,1
4655,翠,1317,娶,1
4655,翠,3523,犨,1
4655,翠,4653,翚,1
4657,翥,2929,氟,1
4658,翦,6654,霜,1
4658,翦,7101,鹲,1
4659,翩,4652,翙,1
4659,翩,4660,翮,1
4659,翩,4665,翻,1
4659,翩,6402,锎,1
4659,翩,6552,阚,1
4661,翯,4666,翼,1
4661,翯,4864,臀,1
4664,翳,5466,衢,1
4665,翻,2362,敌,1
4665,翻,4649,翔,1
4665,翻,4660,翮,1
4666,翼,638,县,1
4666,翼,1624,巽,1
4666,翼,4409,粪,1
4666,翼,4653,翚,1
4666,翼,5138,萁,1
4667,耀,2340,擢,1
4667,耀,3455,熠,1
4667,耀,3473,爆,1
4667,耀,4432,糨,1
4667,耀,4722,肆,1
4667,耀,5451,蠛,1
4668,老,14,专,1
4668,老,28,丧,1
4668,老,610,卷,1
4668,老,2072,扰,1
4668,老,4989,苔,1
4668,老,5001,若,1
4669,考,478,券,1
4669,考,1375,字,1
4669,考,3371,炕,1
4669,考,7044,鸯,1
4670,耄,2165,挛,1
4670,耄,4669,考,1
4671,者,2445,昔,1
4671,者,2451,春,1
4671,者,3649,珰,1
4671,者,3902,皙,1
4671,者,3944,看,1
4671,者,5001,若,1
4671,者,6826,首,1
4672,耆,5207,蓍,1
4673,耋,4670,耄,1
4673,耋,5208,蓐,1
4673,耋,6265,錾,1
4674,而,605,印,1
4674,而,692,向,1
4674,而,3723,瓦,1
4674,而,3746,甬,1
4674,而,4008,矛,1
4674,而,5550,西,1
4674,而,6193,酉,1
4674,而,6633,雨,1
4675,耍,1334,婺,1
4675,耍,1921,悫,1
4675,耍,2029,戛,1
4675,耍,6638,零,1
4676,耐,4043,砥,1
4677,耒,4009,矜,1
4678,耔,4395,籽,1
4679,耕,4680,耖,1
4679,耕,6251,釉,1
4681,耗,6676,靴,1
4682,耘,4685,耠,1
4682,耘,6582,陔,1
4683,耙,939,嗽,1
4683,耙,2084,把,1
4683,耙,2575,杷,1
4683,耙,4397,粑,1
4684,耜,4203,稆,1
4684,耜,4688,耦,1
4685,耠,2713,检,1
4685,耠,4682,耘,1
4685,耠,4684,耜,1
4685,耠,6366,铪,1
4686,耢,4684,耜,1
4687,耥,6708,韬,1
4688,耦,7065,鹅,1
4690,耨,4695,耲,1
4690,耨,5537,褥,1
4692,耪,4686,耢,1
4695,耲,2346,攘,1
4696,耳,3496,牙,1
4696,耳,4875,自,1
4696,耳,6673,革,1
4697,耵,1463,射,1
4698,耶,3936,盼,1
4698,耶,4707,聊,1
4698,耶,4766,胙,1
4698,耶,5943,蹿,1
4698,耶,6145,邸,1
4700,耸,2932,氤,1
4700,耸,4337,箕,1
4700,耸,4699,耷,1
4700,耸,5043,茸,1
4702,耽,2271,搋,1
4702,耽,2866,死,1
4702,耽,6206,酡,1
4703,耿,4180,秋,1
4703,耿,4701,耻,1
4703,耿,4702,耽,1
4703,耿,4738,肤,1
4703,耿,4906,舯,1
4704,聂,5249,蕴,1
4706,聆,4711,聒,1
4707,聊,2747,椰,1
4708,聋,3509,牵,1
4708,聋,4700,耸,1
4708,聋,4727,肓,1
4709,职,2603,枳,1
4709,职,3792,疝,1
4710,聍,6255,野,1
4711,聒,4066,硒,1
4711,聒,6975,鲪,1
4712,联,3827,痕,1
4712,联,6217,酰,1
4714,聚,1215,夷,1
4714,聚,5274,藜,1
4714,聚,5504,装,1
4714,聚,6020,辱,1
4714,聚,6614,隶,1
4714,聚,6646,震,1
4714,聚,6653,霖,1
4714,聚,7122,黍,1
4716,聪,4706,聆,1
4716,聪,4709,职,1
4717,聱,6875,骜,1
4718,聿,78,事,1
4719,肀,1484,尹,1
4721,肄,4722,肆,1
4721,肄,6092,逸,1
4721,肄,6909,髹,1
4722,肆,1271,妹,1
4722,肆,3650,珲,1
4723,肇,4717,聱,1
4724,肉,548,勾,1
4724,肉,1000,囚,1
4724,肉,1044,均,1
4724,肉,6536,阉,1
4725,肋,540,勖,1
4725,肋,4393,类,1
4725,肋,4726,肌,1
4726,肌,460,刖,1
4726,肌,4731,肛,1
4726,肌,5559,觇,1
4727,肓,1431,宵,1
4728,肖,696,吖,1
4728,肖,857,商,1
4728,肖,1044,均,1
4728,肖,2421,旨,1
4728,肖,2865,歹,1
4728,肖,3890,白,1
4728,肖,4720,肃,1
4728,肖,4745,肯,1
4728,肖,4753,肾,1
4729,肘,762,咐,1
4729,肘,1465,尉,1
4729,肘,2527,朐,1
4729,肘,4730,肚,1
4729,肘,6572,附,1
4730,肚,4754,肿,1
4730,肚,4802,脒,1
4731,肛,433,凤,1
4731,肛,1248,妃,1
4731,肛,2433,旺,1
4731,肛,3931,盱,1
4731,肛,4726,肌,1
4732,肜,1767,彤,1
4733,肝,2903,毗,1
4733,肝,3100,浒,1
4733,肝,4642,羽,1
4733,肝,4754,肿,1
4733,肝,4764,胖,1
4734,肟,4741,肪,1
4735,肠,2526,服,1
4735,肠,2527,朐,1
4735,肠,3505,物,1
4735,肠,4785,胲,1
4736,股,2526,服,1
4736,股,3774,畯,1
4737,肢,2353,收,1
4737,肢,2526,服,1
4737,肢,4736,股,1
4737,肢,4777,胩,1
4737,肢,4812,脱,1
4737,肢,5808,赌,1
4738,肤,4749,肷,1
4738,肤,4752,肽,1
4738,肤,4784,胱,1
4738,肤,4802,脒,1
4739,肥,1244,她,1
4739,肥,2084,把,1
4739,肥,3165,淝,1
4740,肩,214,佰,1
4740,肩,1423,宥,1
4740,肩,1473,尚,1
4740,肩,1491,局,1
4740,肩,3944,看,1
4740,肩,4929,艰,1
4741,肪,2439,昉,1
4741,肪,2446,昕,1
4741,肪,2584,枋,1
4741,肪,3936,盼,1
4741,肪,4763,胎,1
4741,肪,4903,舫,1
4742,肫,4755,胀,1
4744,肮,1845,怆,1
4744,肮,2091,抗,1
4744,肮,4801,脑,1
4745,肯,2421,旨,1
4745,肯,2444,易,1
4745,肯,2861,步,1
4745,肯,4525,绪,1
4745,肯,4796,脊,1
4747,育,2046,扃,1
4747,育,2421,旨,1
4747,育,3770,畜,1
4747,育,3944,看,1
4747,育,4885,舂,1
4747,育,5569,角,1
4747,育,6710,音,1
4748,肴,1226,奋,1
4748,肴,1237,奢,1
4748,肴,1423,宥,1
4748,肴,1437,宿,1
4748,肴,3944,看,1
4748,肴,6826,首,1
4748,肴,7167,齑,1
4749,肷,2845,欧,1
4750,肺,2452,昧,1
4750,肺,3936,盼,1
4750,肺,4741,肪,1
4750,肺,4757,胂,1
4751,肼,4769,胜,1
4752,肽,4755,胀,1
4752,肽,4762,胍,1
4752,肽,4770,胝,1
4753,肾,3065,洚,1
4753,肾,5768,贤,1
4754,肿,4733,肝,1
4754,肿,4737,肢,1
4754,肿,4751,肼,1
4754,肿,4764,胖,1
4755,胀,2493,暇,1
4755,胀,4709,职,1
4755,胀,4752,肽,1
4755,胀,4777,胩,1
4755,胀,4784,胱,1
4755,胀,4812,脱,1
4755,胀,5322,蚨,1
4756,胁,3216,湝,1
4756,胁,4726,肌,1
4756,胁,7134,黥,1
4758,胃,743,周,1
4758,胃,1431,宵,1
4758,胃,2421,旨,1
4758,胃,2516,曷,1
4758,胃,4617,罱,1
4758,胃,4753,肾,1
4758,胃,4883,舀,1
4759,胄,1448,寞,1
4759,胄,3496,牙,1
4759,胄,4758,胃,1
4760,胆,91,亟,1
4760,胆,4709,职,1
4760,胆,4781,胭,1
4761,背,2727,森,1
4761,背,2988,沓,1
4761,背,3680,瑁,1
4761,背,4728,肖,1
4761,背,4753,肾,1
4761,背,6218,酱,1
4763,胎,3960,眸,1
4763,胎,4769,胜,1
4763,胎,4786,胳,1
4763,胎,4794,脆,1
4763,胎,4810,脬,1
4763,胎,5791,贻,1
4764,胖,3960,眸,1
4764,胖,4757,胂,1
4764,胖,4778,胪,1
4764,胖,5459,衅,1
4765,胗,2454,昭,1
4765,胗,3769,畛,1
4765,胗,3957,眵,1
4766,胙,2623,柞,1
4766,胙,4910,舴,1
4767,胚,1068,坯,1
4767,胚,1526,岖,1
4767,胚,3952,眨,1
4767,胚,4769,胜,1
4767,胚,4776,胨,1
4768,胛,4757,胂,1
4769,胜,3513,牿,1
4769,胜,3772,畦,1
4769,胜,3952,眨,1
4769,胜,4760,胆,1
4769,胜,4770,胝,1
4769,胜,6764,飓,1
4770,胝,4743,肭,1
4771,胞,2104,抱,1
4771,胞,3165,淝,1
4771,胞,4932,艴,1
4772,胡,1044,均,1
4772,胡,1081,垍,1
4772,胡,2966,汨,1
4772,胡,3212,湖,1
4772,胡,4652,翙,1
4772,胡,5143,萌,1
4774,胥,3782,疋,1
4775,胧,3951,眦,1
4775,胧,4302,笼,1
4775,胧,4742,肫,1
4775,胧,4752,肽,1
4775,胧,4763,胎,1
4775,胧,4770,胝,1
4775,胧,4790,胺,1
4775,胧,4811,脯,1
4775,胧,4825,腓,1
4775,胧,5803,赇,1
4776,胨,2452,昧,1
4776,胨,4828,腙,1
4777,胩,2529,朕,1
4777,胩,4755,胀,1
4778,胪,4766,胙,1
4779,胫,4786,胳,1
4779,胫,4826,腔,1
4781,胭,4831,腥,1
4782,胯,1,一,1
4782,胯,3776,畴,1
4782,胯,4776,胨,1
4782,胯,4861,膳,1
4783,胰,142,仪,1
4783,胰,2008,懒,1
4783,胰,4737,肢,1
4783,胰,4830,腠,1
4784,胱,4806,脘,1
4784,胱,5791,贻,1
4785,胲,3953,眩,1
4785,胲,3957,眵,1
4785,胲,3985,瞅,1
4785,胲,4846,膀,1
4786,胳,1202,够,1
4786,胳,3957,眵,1
4786,胳,4763,胎,1
4786,胳,4872,臜,1
4786,胳,5798,赂,1
4787,胴,3067,洞,1
4787,胴,4781,胭,1
4788,胶,643,及,1
4788,胶,3504,牧,1
4788,胶,4736,股,1
4788,胶,4737,肢,1
4788,胶,4820,腋,1
4788,胶,5773,贩,1
4788,胶,5776,贬,1
4788,胶,6718,顺,1
4789,胸,748,呶,1
4789,胸,1924,悯,1
4789,胸,2435,昀,1
4789,胸,2466,晌,1
4789,胸,4801,脑,1
4790,胺,867,啦,1
4790,胺,3965,睃,1
4790,胺,4785,胲,1
4790,胺,4820,腋,1
4790,胺,4836,腰,1
4790,胺,4838,腴,1
4792,能,1796,徘,1
4792,能,2018,戍,1
4792,能,3893,的,1
4792,能,3900,皓,1
4792,能,6155,郈,1
4792,能,6939,鲀,1
4792,能,7169,龀,1
4793,脂,4741,肪,1
4793,脂,4755,胀,1
4793,脂,4763,胎,1
4793,脂,4818,腈,1
4794,脆,2524,朊,1
4794,脆,2669,桅,1
4794,脆,3778,畹,1
4794,脆,4746,肱,1
4794,脆,4786,胳,1
4794,脆,5879,跪,1
4795,脉,4756,胁,1
4795,脉,4802,脒,1
4795,脉,5745,豚,1
4795,脉,5803,赇,1
4796,脊,2523,有,1
4796,脊,2597,枨,1
4796,脊,4727,肓,1
4796,脊,4745,肯,1
4796,脊,5007,苷,1
4796,脊,6663,青,1
4798,脎,2475,晞,1
4798,脎,4779,胫,1
4798,脎,4802,脒,1
4799,脏,3945,眍,1
4799,脏,3955,眭,1
4799,脏,3968,睑,1
4799,脏,4744,肮,1
4799,脏,4767,胚,1
4799,脏,4829,腚,1
4799,脏,5799,赃,1
4800,脐,2485,晴,1
4800,脐,3196,渥,1
4800,脐,4786,胳,1
4800,脐,4805,脖,1
4801,脑,1634,帐,1
4801,脑,1828,忪,1
4801,脑,3810,疵,1
4801,脑,4786,胳,1
4801,脑,4799,脏,1
4801,脑,6570,陀,1
4802,脒,3967,睐,1
4802,脒,4755,胀,1
4802,脒,4798,脎,1
4803,脓,402,农,1
4803,脓,2379,敷,1
4803,脓,4199,秾,1
4803,脓,4746,肱,1
4803,脓,4808,脞,1
4803,脓,4826,腔,1
4803,脓,4838,腴,1
4804,脔,3698,璃,1
4805,脖,2499,暧,1
4805,脖,3666,琦,1
4805,脖,4776,胨,1
4805,脖,4852,膘,1
4807,脚,842,唧,1
4807,脚,952,嘟,1
4807,脚,6144,邶,1
4807,脚,6235,醐,1
4808,脞,4769,胜,1
4809,脧,4839,腹,1
4810,脬,2894,毋,1
4810,脬,4828,腙,1
4810,脬,4849,膊,1
4811,脯,4750,肺,1
4811,脯,4801,脑,1
4811,脯,4818,腈,1
4812,脱,2524,朊,1
4812,脱,4712,联,1
4812,脱,4736,股,1
4812,脱,4744,肮,1
4812,脱,4806,脘,1
4814,脶,2746,椭,1
4814,脶,3996,瞩,1
4815,脸,3952,眨,1
4815,脸,3995,瞧,1
4815,脸,4765,胗,1
4815,脸,4779,胫,1
4815,脸,4826,腔,1
4815,脸,4915,船,1
4816,脾,1946,惨,1
4816,脾,3492,牌,1
4816,脾,4764,胖,1
4817,腆,2450,映,1
4817,腆,4715,聩,1
4817,腆,4855,膜,1
4818,腈,5421,螣,1
4819,腊,2497,暗,1
4819,腊,3018,泄,1
4820,腋,1852,怕,1
4821,腌,4794,脆,1
4821,腌,5421,螣,1
4822,腐,1503,屑,1
4822,腐,1706,庸,1
4822,腐,2746,椭,1
4822,腐,4862,膺,1
4823,腑,270,俯,1
4823,腑,762,咐,1
4823,腑,4820,腋,1
4823,腑,4867,臃,1
4824,腒,4843,腽,1
4826,腔,2228,控,1
4826,腔,3975,睦,1
4826,腔,4815,脸,1
4826,腔,4829,腚,1
4827,腕,1321,婉,1
4827,腕,2524,朊,1
4827,腕,3700,璇,1
4827,腕,4829,腚,1
4828,腙,4806,脘,1
4828,腙,4810,脬,1
4828,腙,4826,腔,1
4828,腙,4852,膘,1
4829,腚,4760,胆,1
4829,腚,4815,脸,1
4830,腠,4783,胰,1
4831,腥,422,准,1
4831,腥,4769,胜,1
4831,腥,4784,胱,1
4831,腥,4812,脱,1
4831,腥,4843,腽,1
4831,腥,6234,醍,1
4833,腩,4750,肺,1
4833,腩,4811,脯,1
4835,腮,3858,瘛,1
4835,腮,4771,胞,1
4835,腮,4817,腆,1
4835,腮,4831,腥,1
4835,腮,6440,锶,1
4835,腮,6765,飔,1
4836,腰,1257,妖,1
4836,腰,2478,晤,1
4836,腰,4801,脑,1
4836,腰,4860,膪,1
4836,腰,4863,膻,1
4838,腴,3941,眈,1
4839,腹,2499,暧,1
4839,腹,3774,畯,1
4839,腹,3987,瞍,1
4839,腹,3999,瞭,1
4839,腹,4736,股,1
4839,腹,4771,胞,1
4839,腹,4820,腋,1
4839,腹,4829,腚,1
4839,腹,6764,飓,1
4840,腺,4722,肆,1
4840,腺,4786,胳,1
4840,腺,4806,脘,1
4840,腺,4816,脾,1
4841,腻,4787,胴,1
4841,腻,4859,膨,1
4841,腻,5384,蜮,1
4842,腼,4816,脾,1
4844,腾,4783,胰,1
4844,腾,4818,腈,1
4844,腾,4856,膝,1
4844,腾,4858,膦,1
4844,腾,5421,螣,1
4845,腿,3445,煺,1
4845,腿,3962,眼,1
4845,腿,4835,腮,1
4845,腿,4837,腱,1
4845,腿,4843,腽,1
4845,腿,4919,艇,1
4845,腿,6770,飚,1
4846,膀,828,唁,1
4846,膀,1946,惨,1
4846,膀,2773,榇,1
4846,膀,4765,胗,1
4846,膀,4818,腈,1
4846,膀,4861,膳,1
4847,膂,2414,旖,1
4847,膂,4862,膺,1
4847,膂,5466,衢,1
4849,膊,3510,特,1
4849,膊,4844,腾,1
4850,膏,5253,蕾,1
4850,膏,6886,骨,1
4851,膑,3517,犊,1
4851,膑,4785,胲,1
4851,膑,4826,腔,1
4851,膑,4838,腴,1
4852,膘,1352,嫘,1
4852,膘,4849,膊,1
4853,膙,5421,螣,1
4854,膛,3991,瞟,1
4854,膛,4766,胙,1
4854,膛,4815,脸,1
4854,膛,4826,腔,1
4854,膛,4857,膣,1
4855,膜,285,候,1
4855,膜,4854,膛,1
4856,膝,1600,嶙,1
4856,膝,3464,燎,1
4856,膝,4776,胨,1
4856,膝,4805,脖,1
4856,膝,4830,腠,1
4856,膝,6770,飚,1
4857,膣,3992,瞠,1
4858,膦,985,噼,1
4858,膦,2510,曦,1
4858,膦,3259,滕,1
4858,膦,4002,瞵,1
4858,膦,4837,腱,1
4859,膨,3951,眦,1
4861,膳,4225,穰,1
4861,膳,4764,胖,1
4861,膳,4818,腈,1
4861,膳,7023,鳝,1
4864,臀,3970,睛,1
4865,臁,4867,臃,1
4866,臂,1179,壁,1
4866,臂,5579,觱,1
4866,臂,6906,髫,1
4867,臃,2709,梳,1
4868,臆,1778,役,1
4868,臆,3575,猛,1
4868,臆,3977,睫,1
4868,臆,4788,胶,1
4868,臆,6899,髌,1
4869,臊,2529,朕,1
4869,臊,4738,肤,1
4869,臊,4798,脎,1
4869,臊,4810,脬,1
4869,臊,5944,躁,1
4871,臑,4750,肺,1
4872,臜,3715,瓒,1
4872,臜,4819,腊,1
4873,臣,565,匡,1
4873,臣,566,匣,1
4873,臣,1614,巨,1
4873,臣,6077,逗,1
4873,臣,6771,飞,1
4874,臧,891,喊,1
4874,臧,2002,憾,1
4875,自,565,匡,1
4875,自,598,卤,1
4875,自,2418,日,1
4875,自,3744,甪,1
4875,自,3891,百,1
4876,臬,2572,杲,1
4876,臬,3020,泉,1
4877,臭,2440,昊,1
4877,臭,2456,昱,1
4877,臭,5305,虽,1
4878,至,48,乇,1
4878,至,1076,垄,1
4878,至,1093,垦,1
4878,至,1263,妥,1
4878,至,1472,尘,1
4878,至,1814,忍,1
4878,至,3740,生,1
4879,致,1380,孜,1
4879,致,2358,政,1
4879,致,2360,效,1
4879,致,2373,敦,1
4879,致,3623,玫,1
4879,致,4478,纹,1
4881,臼,4455,纡,1
4881,臼,5457,血,1
4881,臼,5854,趵,1
4881,臼,6509,问,1
4882,臾,4888,舆,1
4883,舀,3258,滔,1
4883,舀,4303,笾,1
4883,舀,5752,豸,1
4884,舁,1729,异,1
4885,舂,1895,恳,1
4886,舄,6162,郗,1
4887,舅,534,勇,1
4887,舅,2511,曩,1
4887,舅,4246,窘,1
4889,舌,25,丢,1
4889,舌,444,击,1
4889,舌,684,合,1
4889,舌,705,否,1
4889,舌,727,告,1
4889,舌,3913,盉,1
4889,舌,4127,示,1
4890,舍,198,佘,1
4890,舍,684,合,1
4890,舍,709,含,1
4890,舍,1273,妾,1
4890,舍,1429,害,1
4890,舍,1833,念,1
4890,舍,3605,玄,1
4890,舍,3775,畲,1
4890,舍,4286,笙,1
4890,舍,4610,罟,1
4891,舐,2038,戳,1
4891,舐,3665,琥,1
4891,舐,6889,骶,1
4892,舒,6255,野,1
4892,舒,6280,钌,1
4892,舒,7057,鸽,1
4893,舔,2638,标,1
4893,舔,4545,绿,1
4895,舜,954,嘣,1
4895,舜,1437,宿,1
4895,舜,2389,斜,1
4895,舜,2928,氛,1
4895,舜,5557,觅,1
4895,舜,6862,骍,1
4896,舞,106,亳,1
4896,舞,4895,舜,1
4897,舟,552,匆,1
4897,舟,577,卅,1
4897,舟,2896,每,1
4897,舟,3744,甪,1
4898,舡,6132,邢,1
4899,舢,4907,舰,1
4902,航,4903,舫,1
4902,航,4911,舵,1
4902,航,4913,舷,1
4903,舫,394,册,1
4903,舫,3841,痱,1
4903,舫,4922,艏,1
4904,般,2285,搬,1
4904,般,2363,敏,1
4904,般,2530,朗,1
4904,般,4736,股,1
4904,般,4921,艋,1
4904,般,4923,艘,1
4904,般,6622,雅,1
4904,般,7056,鸼,1
4905,舭,7161,鼽,1
4906,舯,4918,艄,1
4906,舯,5576,触,1
4907,舰,630,厥,1
4907,舰,3727,瓶,1
4907,舰,3901,皖,1
4907,舰,4702,耽,1
4907,舰,4920,艉,1
4908,舱,4902,航,1
4908,舱,5861,跄,1
4909,舳,4,万,1
4909,舳,4199,秾,1
4909,舳,4756,胁,1
4909,舳,4899,舢,1
4909,舳,4905,舭,1
4911,舵,4902,航,1
4911,舵,4915,船,1
4911,舵,4920,艉,1
4912,舶,2466,晌,1
4912,舶,3632,珀,1
4912,舶,4901,舨,1
4912,舶,4902,航,1
4912,舶,4915,船,1
4912,舶,6630,雒,1
4913,舷,4915,船,1
4913,舷,5953,躬,1
4915,船,4912,舶,1
4915,船,6212,酩,1
4915,船,7065,鹅,1
4917,舾,4901,舨,1
4919,艇,4898,舡,1
4919,艇,7158,鼷,1
4920,艉,6234,醍,1
4921,艋,3575,猛,1
4922,艏,1337,媚,1
4922,艏,4903,舫,1
4923,艘,2290,搿,1
4923,艘,3987,瞍,1
4926,艨,3337,濠,1
4926,艨,5448,蠓,1
4927,艮,1485,尺,1
4928,良,402,农,1
4928,良,651,变,1
4928,良,1404,安,1
4928,良,5211,蓖,1
4928,良,5467,衣,1
4929,艰,800,哏,1
4929,艰,1088,垠,1
4929,艰,1267,妫,1
4929,艰,1542,岷,1
4929,艰,3653,琅,1
4929,艰,5555,观,1
4930,色,126,仑,1
4930,色,127,仓,1
4930,色,3757,画,1
4930,色,4278,笆,1
4930,色,5569,角,1
4930,色,6095,逾,1
4931,艳,74,乾,1
4931,艳,2181,挹,1
4933,艹,5595,计,1
4934,艺,356,兄,1
4934,艺,1513,屯,1
4934,艺,1519,岂,1
4934,艺,4946,芑,1
4934,艺,4952,芝,1
4935,艽,4939,芄,1
4935,艽,5013,范,1
4936,艾,20,业,1
4936,艾,2015,戊,1
4937,艿,69,书,1
4937,艿,4175,秀,1
4937,艿,4968,芳,1
4938,节,76,予,1
4938,节,596,卢,1
4938,节,1187,声,1
4938,节,4937,艿,1
4938,节,4940,芈,1
4938,节,4957,芦,1
4938,节,5028,茚,1
4939,芄,2157,挂,1
4939,芄,4935,艽,1
4939,芄,5044,茹,1
4940,芈,87,井,1
4940,芈,4933,艹,1
4941,芊,5008,苹,1
4942,芋,43,举,1
4942,芋,596,卢,1
4942,芋,5011,茁,1
4943,芍,11,与,1
4943,芍,52,乌,1
4943,芍,4938,节,1
4943,芍,5047,荀,1
4943,芍,5078,药,1
4944,芎,4995,苞,1
4944,芎,5015,茅,1
4944,芎,5178,葶,1
4945,芏,4878,至,1
4945,芏,4947,芒,1
4946,芑,4934,艺,1
4946,芑,4944,芎,1
4947,芒,360,光,1
4947,芒,376,兰,1
4948,芗,4943,芍,1
4948,芗,5023,茑,1
4949,芘,4960,芪,1
4949,芘,5018,茈,1
4950,芙,378,关,1
4950,芙,2547,杂,1
4950,芙,2613,某,1
4950,芙,5032,茧,1
4950,芙,5099,莫,1
4950,芙,5138,萁,1
4951,芜,397,冕,1
4951,芜,4935,艽,1
4951,芜,4950,芙,1
4951,芜,5022,茏,1
4951,芜,5045,茺,1
4952,芝,731,呓,1
4952,芝,3738,甚,1
4952,芝,4934,艺,1
4952,芝,4945,芏,1
4952,芝,4946,芑,1
4952,芝,4971,芸,1
4952,芝,4988,苓,1
4952,芝,5836,走,1
4955,芤,3089,浆,1
4955,芤,4986,苑,1
4955,芤,5018,茈,1
4955,芤,5044,茹,1
4956,芥,3763,界,1
4956,芥,4938,节,1
4956,芥,4960,芪,1
4956,芥,5064,荠,1
4957,芦,596,卢,1
4957,芦,4938,节,1
4957,芦,4948,芗,1
4957,芦,4984,苎,1
4958,芨,5189,蒙,1
4959,芩,3675,琴,1
4959,芩,4988,苓,1
4959,芩,5082,荼,1
4960,芪,4997,苠,1
4962,芬,478,券,1
4962,芬,530,劳,1
4962,芬,1623,巷,1
4962,芬,1684,庐,1
4962,芬,5051,荇,1
4962,芬,6848,驽,1
4963,芭,775,咨,1
4963,芭,1532,岜,1
4963,芭,4873,臣,1
4963,芭,4930,色,1
4963,芭,4946,芑,1
4963,芭,4983,苍,1
4963,芭,5127,菡,1
4964,芮,4170,禹,1
4965,芯,1814,忍,1
4965,芯,1816,忐,1
4965,芯,1824,忠,1
4965,芯,1850,怒,1
4965,芯,1875,恋,1
4965,芯,4943,芍,1
4965,芯,4976,苁,1
4965,芯,4996,苟,1
4966,芰,5036,茭,1
4967,花,2920,民,1
4967,花,4949,芘,1
4967,花,5034,茫,1
4967,花,5037,茯,1
4967,花,5084,莅,1
4968,芳,377,共,1
4968,芳,1738,弓,1
4968,芳,4669,考,1
4968,芳,4937,艿,1
4968,芳,4956,芥,1
4968,芳,4962,芬,1
4968,芳,4972,芹,1
4968,芳,5002,苦,1
4968,芳,5095,莠,1
4968,芳,5192,蒡,1
4969,芴,1527,岗,1
4969,芴,4962,芬,1
4969,芴,4996,苟,1
4969,芴,5078,药,1
4969,芴,5089,莓,1
4970,芷,17,世,1
4970,芷,5740,豆,1
4971,芸,4612,罢,1
4971,芸,4961,芫,1
4971,芸,5063,荟,1
4972,芹,1612,左,1
4972,芹,2393,斤,1
4972,芹,4938,节,1
4972,芹,4968,芳,1
4972,芹,5051,荇,1
4973,芼,4284,笔,1
4974,芽,407,冫,1
4974,芽,4008,矛,1
4974,芽,4942,芋,1
4974,芽,5139,萃,1
4975,芾,1646,带,1
4975,芾,4314,策,1
4975,芾,4978,苇,1
4975,芾,4979,苈,1
4975,芾,5004,苯,1
4975,芾,5010,茀,1
4976,苁,4998,苡,1
4977,苄,4957,芦,1
4978,苇,1743,弟,1
4978,苇,6702,韦,1
4979,苈,4975,芾,1
4979,苈,5030,茜,1
4981,苋,3467,燕,1
4981,苋,4954,芡,1
4981,苋,5013,范,1
4982,苌,4960,芪,1
4982,苌,4972,芹,1
4983,苍,1126,基,1
4983,苍,1623,巷,1
4983,苍,4989,苔,1
4983,苍,4999,苣,1
4984,苎,89,亚,1
4985,苏,78,事,1
4985,苏,521,劣,1
4985,苏,4939,芄,1
4985,苏,5010,茀,1
4985,苏,5137,菽,1
4986,苑,796,哉,1
4986,苑,5013,范,1
4986,苑,5044,茹,1
4986,苑,5070,荧,1
4986,苑,5110,莼,1
4986,苑,5232,蔸,1
4988,苓,5048,荃,1
4989,苔,668,台,1
4989,苔,1460,导,1
4989,苔,2445,昔,1
4989,苔,4968,芳,1
4989,苔,4983,苍,1
4989,苔,4984,苎,1
4989,苔,5007,苷,1
4989,苔,5021,茎,1
4989,苔,5183,蒈,1
4990,苕,5024,茓,1
4990,苕,5027,茗,1
4990,苕,5031,茝,1
4991,苗,589,南,1
4991,苗,1200,多,1
4991,苗,3746,甬,1
4991,苗,4963,芭,1
4991,苗,4965,芯,1
4991,苗,4987,苒,1
4991,苗,4994,苜,1
4991,苗,5028,茚,1
4991,苗,5052,草,1
4991,苗,5135,菹,1
4991,苗,6570,陀,1
4991,苗,6673,革,1
4992,苘,2897,毐,1
4993,苛,1071,坷,1
4993,苛,2445,昔,1
4993,苛,4943,芍,1
4993,苛,5007,苷,1
4993,苛,5079,荷,1
4994,苜,656,口,1
4994,苜,2421,旨,1
4994,苜,3932,盲,1
4994,苜,4728,肖,1
4994,苜,4989,苔,1
4994,苜,4992,苘,1
4994,苜,5040,茴,1
4995,苞,1689,庖,1
4995,苞,3483,爸,1
4995,苞,4996,苟,1
4996,苟,1193,备,1
4996,苟,1527,岗,1
4996,苟,4298,笱,1
4996,苟,5119,菏,1
4998,苡,4949,芘,1
4998,苡,5011,茁,1
4999,苣,4983,苍,1
4999,苣,5031,茝,1
5000,苤,5021,茎,1
5000,苤,5035,茬,1
5001,若,671,右,1
5001,若,4668,老,1
5001,若,4669,考,1
5001,若,4740,肩,1
5001,若,4944,芎,1
5001,若,5034,茫,1
5002,苦,4364,篡,1
5002,苦,4989,苔,1
5002,苦,5003,苫,1
5003,苫,1540,岳,1
5003,苫,1768,彦,1
5003,苫,2441,昌,1
5003,苫,4968,芳,1
5003,苫,5011,茁,1
5003,苫,5051,荇,1
5003,苫,5129,菩,1
5004,苯,2613,某,1
5004,苯,2617,柔,1
5004,苯,5000,苤,1
5004,苯,5042,茶,1
5004,苯,5043,茸,1
5004,苯,6011,辛,1
5004,苯,6015,辣,1
5005,英,1105,埃,1
5005,英,1221,奂,1
5005,英,4954,芡,1
5005,英,5068,荥,1
5005,英,5075,荬,1
5005,英,5099,莫,1
5005,英,5136,菼,1
5005,英,5163,葖,1
5006,苴,3933,直,1
5006,苴,4994,苜,1
5008,苹,98,产,1
5008,苹,581,半,1
5008,苹,1076,垄,1
5008,苹,1428,宰,1
5008,苹,4941,芊,1
5008,苹,4942,芋,1
5008,苹,4957,芦,1
5008,苹,4973,芼,1
5008,苹,4974,芽,1
5008,苹,4978,苇,1
5008,苹,5038,茱,1
5009,苻,5020,茌,1
5009,苻,5054,荐,1
5010,茀,1661,幕,1
5010,茀,5055,荑,1
5011,茁,705,否,1
5011,茁,1343,媸,1
5011,茁,1496,屈,1
5011,茁,1646,带,1
5011,茁,1895,恳,1
5011,茁,4945,芏,1
5011,茁,4989,苔,1
5011,茁,5030,茜,1
5011,茁,5098,莪,1
5011,茁,5183,蒈,1
5012,茂,4309,筏,1
5012,茂,4967,花,1
5012,茂,5022,茏,1
5012,茂,5098,莪,1
5012,茂,5223,蔑,1
5013,范,616,厄,1
5013,范,3483,爸,1
5013,范,4967,花,1
5013,范,5034,茫,1
5013,范,5039,茳,1
5013,范,5110,莼,1
5014,茄,42,丽,1
5014,茄,436,凯,1
5014,茄,5044,茹,1
5014,茄,5086,莉,1
5014,茄,5165,葙,1
5015,茅,4968,芳,1
5015,茅,5071,荨,1
5016,茆,6185,鄞,1
5017,茇,5022,茏,1
5017,茇,5036,茭,1
5019,茉,105,亲,1
5019,茉,2613,某,1
5019,茉,4677,耒,1
5019,茉,4978,苇,1
5019,茉,5004,苯,1
5019,茉,5082,荼,1
5019,茉,5123,菜,1
5020,茌,5147,萑,1
5021,茎,1126,基,1
5021,茎,1499,屋,1
5021,茎,3917,盏,1
5021,茎,4947,芒,1
5021,茎,5000,苤,1
5021,茎,5036,茭,1
5021,茎,5107,莸,1
5021,茎,5132,菱,1
5021,茎,6256,量,1
5022,茏,1302,娈,1
5022,茏,1770,彩,1
5022,茏,5012,茂,1
5023,茑,4948,芗,1
5024,茓,3396,烘,1
5024,茓,3904,皮,1
5024,茓,5033,茨,1
5025,茔,4991,苗,1
5025,茔,5041,茵,1
5025,茔,5066,荣,1
5027,茗,1126,基,1
5027,茗,4962,芬,1
5027,茗,5001,若,1
5027,茗,5130,菪,1
5028,茚,5016,茆,1
5028,茚,5047,荀,1
5028,茚,5114,菂,1
5030,茜,447,凿,1
5030,茜,4171,禺,1
5031,茝,5225,蔗,1
5031,茝,6673,革,1
5032,茧,3254,滍,1
5032,茧,4170,禹,1
5032,茧,5011,茁,1
5032,茧,5059,荚,1
5032,茧,5305,虽,1
5033,茨,1105,埃,1
5033,茨,5034,茫,1
5033,茨,5100,莰,1
5034,茫,3038,注,1
5034,茫,3393,烃,1
5034,茫,5084,莅,1
5034,茫,5160,落,1
5034,茫,5188,蒗,1
5035,茬,403,冠,1
5035,茬,1617,差,1
5035,茬,5017,茇,1
5035,茬,5020,茌,1
5035,茬,5053,荏,1
5035,茬,5056,荒,1
5036,茭,4966,芰,1
5036,茭,5136,菼,1
5036,茭,5263,薮,1
5037,茯,5004,苯,1
5037,茯,5106,获,1
5037,茯,5107,莸,1
5037,茯,5227,蔟,1
5038,茱,892,喋,1
5038,茱,2613,某,1
5038,茱,2733,棻,1
5038,茱,3509,牵,1
5038,茱,5042,茶,1
5038,茱,5101,莱,1
5039,茳,3113,浩,1
5039,茳,5034,茫,1
5040,茴,447,凿,1
5040,茴,870,啬,1
5040,茴,2421,旨,1
5040,茴,3891,百,1
5040,茴,4994,苜,1
5040,茴,4996,苟,1
5040,茴,5118,菌,1
5040,茴,5135,菹,1
5041,茵,447,凿,1
5041,茵,530,劳,1
5041,茵,1010,园,1
5041,茵,4964,芮,1
5041,茵,5199,蒽,1
5042,茶,1460,导,1
5042,茶,2617,柔,1
5042,茶,2733,棻,1
5042,茶,4978,苇,1
5042,茶,5019,茉,1
5042,茶,5111,莽,1
5042,茶,5219,蓰,1
5043,茸,3932,盲,1
5043,茸,4700,耸,1
5043,茸,5183,蒈,1
5044,茹,1247,如,1
5044,茹,2399,斯,1
5044,茹,4935,艽,1
5044,茹,4955,芤,1
5044,茹,5122,菘,1
5045,茺,2755,楚,1
5045,茺,4980,苊,1
5045,茺,5136,菼,1
5046,茼,4992,苘,1
5046,茼,4996,苟,1
5046,茼,5040,茴,1
5046,茼,5140,萄,1
5047,荀,5140,萄,1
5047,荀,5213,蓟,1
5048,荃,4708,聋,1
5049,荄,5059,荚,1
5049,荄,5090,莘,1
5050,荆,260,俞,1
5050,荆,471,别,1
5050,荆,474,到,1
5050,荆,489,削,1
5050,荆,498,剞,1
5050,荆,2532,朝,1
5050,荆,5213,蓟,1
5051,荇,5095,莠,1
5053,荏,5039,茳,1
5053,荏,5147,萑,1
5053,荏,5219,蓰,1
5054,荐,1376,存,1
5054,荐,4302,笼,1
5054,荐,5035,茬,1
5054,荐,5079,荷,1
5055,荑,1215,夷,1
5056,荒,2925,氘,1
5056,荒,5211,蓖,1
5057,荔,1390,孬,1
5057,荔,6633,雨,1
5058,荙,5092,莛,1
5058,荙,6067,选,1
5058,荙,6082,速,1
5059,荚,4950,芙,1
5059,荚,4973,芼,1
5059,荚,5101,莱,1
5061,荜,4316,筚,1
5062,荞,385,养,1
5062,荞,4972,芹,1
5064,荠,4956,芥,1
5064,荠,5083,荽,1
5064,荠,5113,菁,1
5065,荡,5016,茆,1
5065,荡,5030,茜,1
5065,荡,5078,药,1
5065,荡,5104,莴,1
5065,荡,5119,菏,1
5066,荣,105,亲,1
5066,荣,725,呆,1
5066,荣,1085,垛,1
5066,荣,1379,孛,1
5066,荣,4402,粜,1
5066,荣,4974,芽,1
5066,荣,4985,苏,1
5066,荣,5005,英,1
5066,荣,5019,茉,1
5066,荣,5101,莱,1
5067,荤,622,厍,1
5067,荤,5142,萋,1
5067,荤,5239,蕈,1
5068,荥,3047,泶,1
5068,荥,5066,荣,1
5068,荥,5070,荧,1
5069,荦,5025,茔,1
5070,荧,364,兔,1
5070,荧,3424,焚,1
5070,荧,4954,芡,1
5070,荧,4969,芴,1
5070,荧,5026,茕,1
5070,荧,5075,荬,1
5070,荧,5151,萤,1
5071,荨,5015,茅,1
5071,荨,5244,蕞,1
5072,荩,1170,墓,1
5072,荩,5108,莹,1
5073,荪,22,东,1
5074,荫,5043,茸,1
5074,荫,6563,阴,1
5075,荬,588,卖,1
5077,荮,5078,药,1
5078,药,532,势,1
5078,药,4964,芮,1
5078,药,5077,荮,1
5078,药,5079,荷,1
5078,药,5104,莴,1
5079,荷,4671,者,1
5079,荷,4993,苛,1
5079,荷,5057,荔,1
5079,荷,5119,菏,1
5080,荸,2482,景,1
5080,荸,2819,橐,1
5080,荸,5071,荨,1
5080,荸,5148,萘,1
5080,荸,5153,萦,1
5080,荸,5281,蘑,1
5082,荼,4445,綦,1
5083,荽,5142,萋,1
5083,荽,5186,蒌,1
5084,莅,2484,晳,1
5084,莅,4989,苔,1
5084,莅,5149,萜,1
5085,莆,4975,芾,1
5085,莆,5004,苯,1
5085,莆,5054,荐,1
5085,莆,5113,菁,1
5085,莆,5155,萨,1
5085,莆,7139,黹,1
5086,莉,471,别,1
5086,莉,479,刹,1
5086,莉,485,剁,1
5086,莉,501,剥,1
5086,莉,2855,歉,1
5087,莎,5039,茳,1
5087,莎,5079,荷,1
5088,莒,1132,堇,1
5088,莒,5157,萱,1
5089,莓,2898,毒,1
5089,莓,5023,茑,1
5090,莘,4940,芈,1
5090,莘,5139,萃,1
5091,莙,1237,奢,1
5092,莛,5102,莲,1
5092,莛,5196,蒸,1
5093,莜,5126,菠,1
5094,莞,367,党,1
5095,莠,886,善,1
5095,莠,5134,菸,1
5095,莠,5238,蕃,1
5096,莨,5188,蒗,1
5096,莨,5211,蓖,1
5097,莩,1387,学,1
5097,莩,1389,孪,1
5097,莩,2553,李,1
5097,莩,5083,荽,1
5097,莩,5178,葶,1
5098,莪,2037,戮,1
5098,莪,5137,菽,1
5099,莫,381,其,1
5099,莫,588,卖,1
5099,莫,1236,奠,1
5099,莫,3892,皂,1
5099,莫,5166,葚,1
5100,莰,5033,茨,1
5100,莰,5158,萸,1
5101,莱,2733,棻,1
5101,莱,4624,羊,1
5101,莱,4718,聿,1
5101,莱,4974,芽,1
5101,莱,5010,茀,1
5101,莱,5038,茱,1
5101,莱,5066,荣,1
5101,莱,5197,蒹,1
5102,莲,4873,臣,1
5102,莲,5031,茝,1
5102,莲,5092,莛,1
5102,莲,5218,蓬,1
5102,莲,5892,踅,1
5102,莲,6673,革,1
5103,莳,5114,菂,1
5104,莴,5214,蓠,1
5105,莶,2864,歪,1
5105,莶,4988,苓,1
5105,莶,6963,鲞,1
5106,获,3586,献,1
5106,获,5156,萩,1
5108,莹,3267,滢,1
5108,莹,5025,茔,1
5108,莹,5048,荃,1
5108,莹,5068,荥,1
5109,莺,1374,孕,1
5109,莺,4622,罾,1
5109,莺,5152,营,1
5109,莺,5157,萱,1
5109,莺,5217,蓦,1
5109,莺,5239,蕈,1
5110,莼,5032,茧,1
5111,莽,1731,弄,1
5111,莽,5136,菼,1
5111,莽,5173,葬,1
5111,莽,5287,蘼,1
5112,菀,5055,荑,1
5113,菁,814,哥,1
5113,菁,5204,蓇,1
5114,菂,5078,药,1
5114,菂,5103,莳,1
5114,菂,6711,韵,1
5115,菅,4990,苕,1
5115,菅,5025,茔,1
5115,菅,5096,莨,1
5115,菅,5152,营,1
5116,菇,1246,妁,1
5116,菇,2061,扛,1
5116,菇,5027,茗,1
5116,菇,5073,荪,1
5116,菇,5131,菰,1
5116,菇,5149,萜,1
5117,菊,530,劳,1
5117,菊,5047,荀,1
5117,菊,5118,菌,1
5118,菌,1011,困,1
5118,菌,4994,苜,1
5118,菌,5089,莓,1
5118,菌,5140,萄,1
5118,菌,5234,蔺,1
5119,菏,619,厉,1
5119,菏,1127,埼,1
5119,菏,4943,芍,1
5119,菏,5065,荡,1
5119,菏,5079,荷,1
5121,菖,4944,芎,1
5121,菖,5212,蓝,1
5121,菖,5247,蕰,1
5122,菘,3266,满,1
5123,菜,105,亲,1
5123,菜,2733,棻,1
5123,菜,5019,茉,1
5123,菜,5071,荨,1
5123,菜,5082,荼,1
5123,菜,5090,莘,1
5123,菜,5145,萎,1
5123,菜,5242,蕖,1
5123,菜,5262,薪,1
5123,菜,5268,藁,1
5125,菟,1591,嵛,1
5126,菠,5120,菔,1
5126,菠,5177,葵,1
5126,菠,5187,蒎,1
5126,菠,5188,蒗,1
5127,菡,5011,茁,1
5127,菡,5196,蒸,1
5127,菡,5430,螽,1
5129,菩,910,喾,1
5129,菩,5021,茎,1
5129,菩,5205,蓉,1
5129,菩,5207,蓍,1
5129,菩,5581,言,1
5130,菪,5088,莒,1
5130,菪,5094,莞,1
5132,菱,4962,芬,1
5132,菱,5036,茭,1
5132,菱,5145,萎,1
5132,菱,5184,蒉,1
5132,菱,5268,藁,1
5132,菱,5283,蘘,1
5132,菱,7113,麦,1
5133,菲,1486,尻,1
5133,菲,2618,柘,1
5133,菲,4998,苡,1
5136,菼,5177,葵,1
5137,菽,5244,蕞,1
5138,萁,388,冀,1
5138,萁,5099,莫,1
5138,萁,5166,葚,1
5139,萃,5008,苹,1
5139,萃,5069,荦,1
5140,萄,2219,掏,1
5140,萄,4542,综,1
5140,萄,5047,荀,1
5140,萄,5089,莓,1
5140,萄,5117,菊,1
5140,萄,5118,菌,1
5140,萄,5176,葳,1
5140,萄,5183,蒈,1
5141,萆,6673,革,1
5142,萋,2935,氨,1
5143,萌,2442,明,1
5143,萌,2486,晶,1
5143,萌,5074,荫,1
5143,萌,5234,蔺,1
5144,萍,1696,庠,1
5144,萍,3257,滓,1
5144,萍,3263,滞,1
5144,萍,5119,菏,1
5145,萎,1281,委,1
5145,萎,1298,娄,1
5145,萎,4360,篓,1
5145,萎,4953,芟,1
5145,萎,5170,董,1
5146,萏,3902,皙,1
5146,萏,4883,舀,1
5146,萏,4994,苜,1
5146,萏,4999,苣,1
5146,萏,5634,诌,1
5147,萑,1222,奄,1
5147,萑,5031,茝,1
5147,萑,5053,荏,1
5148,萘,5042,茶,1
5150,萝,1195,夏,1
5150,萝,5091,莙,1
5150,萝,5097,莩,1
5150,萝,5104,莴,1
5150,萝,5109,莺,1
5150,萝,5152,营,1
5150,萝,5224,蔓,1
5151,萤,5265,薰,1
5151,萤,5316,蚕,1
5152,营,1190,壹,1
5152,营,1216,夸,1
5152,营,4944,芎,1
5152,营,5151,萤,1
5152,营,5212,蓝,1
5152,营,5253,蕾,1
5153,萦,1387,学,1
5153,萦,3296,潆,1
5153,萦,4439,索,1
5153,萦,5067,荤,1
5153,萦,5082,荼,1
5154,萧,2315,撕,1
5154,萧,4179,秉,1
5154,萧,4720,肃,1
5154,萧,5101,莱,1
5154,萧,5173,葬,1
5155,萨,5258,薛,1
5156,萩,3840,痰,1
5157,萱,5192,蒡,1
5157,萱,5239,蕈,1
5158,萸,5091,莙,1
5158,萸,5117,菊,1
5160,落,626,厝,1
5160,落,2414,旖,1
5160,落,5034,茫,1
5160,落,5116,菇,1
5160,落,5227,蔟,1
5161,葆,5278,藻,1
5163,葖,5205,蓉,1
5164,著,542,募,1
5164,著,2481,普,1
5164,著,2495,暑,1
5164,著,3902,皙,1
5164,著,3944,看,1
5164,著,3963,着,1
5164,著,4349,箬,1
5164,著,5091,莙,1
5164,著,5113,菁,1
5164,著,5129,菩,1
5164,著,5209,蓑,1
5164,著,5277,藩,1
5165,葙,2738,植,1
5165,葙,4351,箱,1
5166,葚,3738,甚,1
5166,葚,5138,萁,1
5166,葚,6113,遭,1
5167,葛,5180,葺,1
5167,葛,5231,蔷,1
5169,葡,5047,荀,1
5169,葡,5117,菊,1
5170,董,1170,墓,1
5170,董,4268,童,1
5170,董,5145,萎,1
5170,董,5257,薏,1
5170,董,5587,誉,1
5170,董,6256,量,1
5170,董,7119,黄,1
5172,葫,4992,苘,1
5172,葫,5086,莉,1
5172,葫,5234,蔺,1
5173,葬,1733,弈,1
5173,葬,1764,彝,1
5173,葬,5139,萃,1
5173,葬,5259,薜,1
5175,葱,1903,恿,1
5175,葱,1921,悫,1
5175,葱,1983,慕,1
5175,葱,5117,菊,1
5175,葱,5199,蒽,1
5175,葱,5209,蓑,1
5176,葳,1580,崴,1
5176,葳,5182,蒇,1
5177,葵,1228,奏,1
5177,葵,5168,葜,1
5177,葵,5198,蒺,1
5179,葸,5121,菖,1
5179,葸,5243,蕙,1
5180,葺,6012,辜,1
5181,蒂,5015,茅,1
5181,蒂,5192,蒡,1
5181,蒂,5203,蓄,1
5183,蒈,5277,藩,1
5184,蒉,4359,篑,1
5184,蒉,5785,贵,1
5185,蒋,3230,源,1
5185,蒋,5133,菲,1
5186,蒌,5142,萋,1
5186,蒌,5238,蕃,1
5189,蒙,1432,家,1
5189,蒙,4415,粼,1
5189,蒙,5049,荄,1
5189,蒙,5071,荨,1
5189,蒙,5075,荬,1
5189,蒙,5108,莹,1
5189,蒙,5208,蓐,1
5190,蒜,34,丰,1
5190,蒜,2727,森,1
5190,蒜,4678,耔,1
5190,蒜,5073,荪,1
5190,蒜,5086,莉,1
5190,蒜,5227,蔟,1
5191,蒟,4992,苘,1
5191,蒟,5078,药,1
5191,蒟,5089,莓,1
5191,蒟,5273,藕,1
5192,蒡,2404,旁,1
5192,蒡,5095,莠,1
5194,蒲,1801,循,1
5194,蒲,3266,满,1
5194,蒲,5277,藩,1
5194,蒲,7139,黹,1
5195,蒴,5165,葙,1
5195,蒴,5221,蓿,1
5196,蒸,1936,惑,1
5196,蒸,3400,烝,1
5196,蒸,3467,燕,1
5196,蒸,4970,芷,1
5196,蒸,5265,薰,1
5196,蒸,6081,逞,1
5197,蒹,386,兼,1
5197,蒹,5117,菊,1
5199,蒽,5023,茑,1
5199,蒽,5175,葱,1
5199,蒽,5211,蓖,1
5199,蒽,5243,蕙,1
5200,蒿,988,嚆,1
5200,蒿,2445,昔,1
5200,蒿,3266,满,1
5200,蒿,5203,蓄,1
5200,蒿,6663,青,1
5201,蓁,4189,秦,1
5202,蓂,388,冀,1
5202,蓂,4888,舆,1
5202,蓂,5189,蒙,1
5203,蓄,4850,膏,1
5203,蓄,5001,若,1
5203,蓄,5104,莴,1
5203,蓄,5205,蓉,1
5203,蓄,5214,蓠,1
5203,蓄,5238,蕃,1
5204,蓇,4850,膏,1
5205,蓉,1434,容,1
5205,蓉,4673,耋,1
5205,蓉,5091,莙,1
5205,蓉,5129,菩,1
5205,蓉,5130,菪,1
5205,蓉,5192,蒡,1
5205,蓉,5208,蓐,1
5205,蓉,5220,蓼,1
5205,蓉,5279,藿,1
5205,蓉,5590,謇,1
5207,蓍,4672,耆,1
5207,蓍,5164,著,1
5208,蓐,2480,晨,1
5209,蓑,5060,荛,1
5209,蓑,5096,莨,1
5209,蓑,5283,蘘,1
5211,蓖,4367,篦,1
5211,蓖,4960,芪,1
5212,蓝,3921,盔,1
5212,蓝,3925,盛,1
5212,蓝,4369,篮,1
5212,蓝,5102,莲,1
5212,蓝,5158,萸,1
5212,蓝,6639,雷,1
5212,蓝,6656,霪,1
5213,蓟,489,削,1
5213,蓟,544,勩,1
5214,蓠,4172,离,1
5214,蓠,5200,蒿,1
5215,蓣,5263,薮,1
5215,蓣,6754,颡,1
5216,蓥,4242,窒,1
5217,蓦,542,募,1
5218,蓬,5278,藻,1
5219,蓰,5036,茭,1
5219,蓰,5092,莛,1
5219,蓰,6374,铲,1
5220,蓼,5266,薷,1
5221,蓿,5234,蔺,1
5222,蔌,2365,敕,1
5222,蔌,2855,歉,1
5223,蔑,4373,篾,1
5223,蔑,5163,葖,1
5224,蔓,4381,簟,1
5224,蔓,5132,菱,1
5224,蔓,5180,葺,1
5224,蔓,5257,薏,1
5225,蔗,1570,崖,1
5225,蔗,1689,庖,1
5225,蔗,5170,董,1
5226,蔚,632,厨,1
5226,蔚,4678,耔,1
5226,蔚,5103,莳,1
5228,蔡,1396,孽,1
5228,蔡,3872,瘵,1
5228,蔡,5276,藤,1
5228,蔡,6879,骠,1
5229,蔫,651,变,1
5229,蔫,5167,葛,1
5230,蔬,5131,菰,1
5230,蔬,5286,蘸,1
5230,蔬,6659,露,1
5231,蔷,5164,著,1
5231,蔷,5238,蕃,1
5231,蔷,7139,黹,1
5233,蔹,2368,敛,1
5233,蔹,2376,数,1
5233,蔹,5213,蓟,1
5236,蔼,5065,荡,1
5236,蔼,5078,药,1
5236,蔼,5191,蒟,1
5236,蔼,5231,蔷,1
5236,蔼,5247,蕰,1
5236,蔼,5249,蕴,1
5236,蔼,5814,赓,1
5237,蔽,2372,散,1
5237,蔽,2375,敬,1
5237,蔽,5137,菽,1
5237,蔽,5222,蔌,1
5237,蔽,5263,薮,1
5239,蕈,5552,覃,1
5240,蕉,2378,整,1
5240,蕉,3409,热,1
5240,蕉,3426,焦,1
5240,蕉,4230,穹,1
5240,蕉,5076,荭,1
5240,蕉,5286,蘸,1
5241,蕊,1817,忑,1
5241,蕊,3262,滚,1
5242,蕖,3192,渠,1
5242,蕖,5227,蔟,1
5242,蕖,5278,藻,1
5244,蕞,6658,霰,1
5246,蕨,1714,廒,1
5246,蕨,5176,葳,1
5246,蕨,5222,蔌,1
5246,蕨,5268,藁,1
5247,蕰,5249,蕴,1
5248,蕲,5128,菥,1
5248,蕲,6675,靳,1
5249,蕴,567,匦,1
5249,蕴,4553,缇,1
5249,蕴,5212,蓝,1
5249,蕴,5236,蔼,1
5251,蕺,2032,戢,1
5251,蕺,5098,莪,1
5253,蕾,5203,蓄,1
5253,蕾,5231,蔷,1
5253,蕾,7156,鼯,1
5254,薄,2303,摩,1
5254,薄,3248,溽,1
5254,薄,4126,礴,1
5254,薄,4387,簿,1
5254,薄,5119,菏,1
5254,薄,5278,藻,1
5254,薄,6195,酋,1
5255,薅,1310,娠,1
5256,薇,2822,橛,1
5256,薇,3701,璈,1
5256,薇,4120,礅,1
5256,薇,5219,蓰,1
5256,薇,5247,蕰,1
5256,薇,6008,辘,1
5257,薏,1957,惹,1
5258,薛,2330,擀,1
5258,薛,5051,荇,1
5258,薛,5173,葬,1
5258,薛,7102,鹳,1
5259,薜,5258,薛,1
5260,薤,5245,蕤,1
5262,薪,2400,新,1
5262,薪,5162,葑,1
5262,薪,6743,颖,1
5262,薪,7162,鼾,1
5264,薯,542,募,1
5264,薯,4618,署,1
5264,薯,5164,著,1
5264,薯,5231,蔷,1
5264,薯,5238,蕃,1
5264,薯,5266,薷,1
5264,薯,7145,鼎,1
5265,薰,3449,熏,1
5265,薰,5170,董,1
5265,薰,5203,蓄,1
5269,藉,4423,糌,1
5269,藉,4692,耪,1
5269,藉,5186,蒌,1
5271,藐,5222,蔌,1
5271,藐,5275,藠,1
5271,藐,5759,貌,1
5271,藐,6667,靛,1
5271,藐,7147,鼒,1
5273,藕,4688,耦,1
5273,藕,5154,萧,1
5273,藕,5241,蕊,1
5276,藤,4761,背,1
5277,藩,833,唐,1
5277,藩,1132,堇,1
5277,藩,5160,落,1
5277,藩,5238,蕃,1
5278,藻,3238,溧,1
5278,藻,6020,辱,1
5280,蘅,5465,衡,1
5281,蘑,1768,彦,1
5281,蘑,5286,蘸,1
5282,蘖,2834,檗,1
5282,蘖,5272,藓,1
5284,蘧,6107,遘,1
5285,蘩,5228,蔡,1
5285,蘩,5274,藜,1
5286,蘸,4116,磴,1
5286,蘸,5260,薤,1
5286,蘸,6899,髌,1
5287,蘼,5279,藿,1
5287,蘼,6670,靡,1
5288,虍,596,卢,1
5288,虍,2420,旧,1
5288,虍,5289,虎,1
5288,虍,5290,虏,1
5289,虎,94,亢,1
5289,虎,1690,店,1
5289,虎,5290,虏,1
5289,虎,5292,虑,1
5291,虐,2935,氨,1
5291,虐,3175,淳,1
5291,虐,3793,疟,1
5291,虐,4617,罱,1
5291,虐,5290,虏,1
5291,虐,5294,虚,1
5292,虑,1581,崽,1
5292,虑,1704,庶,1
5292,虑,1903,恿,1
5292,虑,1975,愧,1
5293,虔,4966,芰,1
5293,虔,5291,虐,1
5294,虚,1443,富,1
5294,虚,1701,庭,1
5295,虞,1448,寞,1
5295,虞,3252,滇,1
5295,虞,3284,漠,1
5295,虞,5291,虐,1
5297,虫,86,五,1
5297,虫,443,出,1
5297,虫,1211,央,1
5297,虫,4889,舌,1
5298,虬,5301,虹,1
5300,虱,1492,屁,1
5300,虱,4696,耳,1
5300,虱,5339,蛋,1
5301,虹,1049,坏,1
5301,虹,1189,壶,1
5301,虹,1304,娌,1
5301,虹,1811,忆,1
5301,虹,5310,蚂,1
5301,虹,5356,蛲,1
5301,虹,7059,鸿,1
5303,虻,5304,虼,1
5303,虻,5336,蛇,1
5303,虻,5337,蛉,1
5304,虼,1031,圪,1
5304,虼,5336,蛇,1
5305,虽,25,丢,1
5305,虽,2467,晏,1
5305,虽,4230,穹,1
5305,虽,5316,蚕,1
5305,虽,5323,蚩,1
5305,虽,5339,蛋,1
5306,虾,694,吓,1
5306,虾,5319,蚣,1
5306,虾,5328,蚱,1
5306,虾,5340,蛎,1
5306,虾,6781,饥,1
5308,蚀,711,吭,1
5308,蚀,2355,改,1
5308,蚀,3093,浊,1
5308,蚀,6329,钿,1
5309,蚁,3616,玟,1
5309,蚁,5766,财,1
5310,蚂,2567,杩,1
5310,蚂,3613,玙,1
5310,蚂,5334,蛄,1
5311,蚊,5306,虾,1
5311,蚊,5309,蚁,1
5311,蚊,5310,蚂,1
5311,蚊,5341,蛏,1
5313,蚌,864,啡,1
5313,蚌,2737,椋,1
5313,蚌,4036,砗,1
5313,蚌,5324,蚪,1
5313,蚌,5347,蛛,1
5313,蚌,5408,蝼,1
5314,蚍,5361,蛾,1
5315,蚓,483,刿,1
5315,蚓,1071,坷,1
5315,蚓,3760,畅,1
5315,蚓,5299,虮,1
5315,蚓,5330,蚵,1
5316,蚕,1506,属,1
5316,蚕,2598,枪,1
5316,蚕,2876,残,1
5316,蚕,5353,蛮,1
5317,蚜,5360,蛹,1
5317,蚜,5414,螈,1
5318,蚝,4932,艴,1
5319,蚣,683,吆,1
5319,蚣,5303,虻,1
5319,蚣,5350,蛤,1
5319,蚣,5358,蛴,1
5319,蚣,7011,鳏,1
5320,蚤,3368,炎,1
5321,蚧,5361,蛾,1
5323,蚩,5305,虽,1
5324,蚪,2387,料,1
5324,蚪,5315,蚓,1
5324,蚪,5321,蚧,1
5326,蚯,770,咝,1
5326,蚯,5340,蛎,1
5326,蚯,5348,蛞,1
5327,蚰,5314,蚍,1
5328,蚱,5321,蚧,1
5329,蚴,1069,坳,1
5331,蚶,5327,蚰,1
5331,蚶,5334,蛄,1
5331,蚶,5383,蜩,1
5333,蛀,3638,珏,1
5333,蛀,5318,蚝,1
5333,蛀,5336,蛇,1
5333,蛀,5337,蛉,1
5333,蛀,5341,蛏,1
5333,蛀,5346,蛙,1
5333,蛀,5373,蜕,1
5334,蛄,5330,蚵,1
5335,蛆,1277,姐,1
5335,蛆,3401,烟,1
5335,蛆,5325,蚬,1
5335,蛆,5346,蛙,1
5335,蛆,7171,龃,1
5336,蛇,724,呃,1
5336,蛇,1051,坑,1
5336,蛇,1063,坨,1
5336,蛇,3366,炉,1
5336,蛇,5328,蚱,1
5336,蛇,5334,蛄,1
5336,蛇,5371,蜒,1
5336,蛇,5739,豁,1
5337,蛉,3464,燎,1
5337,蛉,5328,蚱,1
5337,蛉,5350,蛤,1
5337,蛉,5367,蜉,1
5337,蛉,5403,蝮,1
5338,蛊,3910,盅,1
5338,蛊,3915,盍,1
5339,蛋,3783,疍,1
5339,蛋,5305,虽,1
5339,蛋,5320,蚤,1
5339,蛋,5364,蜃,1
5339,蛋,5377,蜜,1
5340,蛎,1090,垢,1
5341,蛏,5352,蛭,1
5341,蛏,5390,蜿,1
5342,蛐,5327,蚰,1
5343,蛑,5345,蛘,1
5343,蛑,5363,蜂,1
5343,蛑,5410,蝾,1
5343,蛑,5435,蟑,1
5344,蛔,678,叼,1
5344,蛔,5335,蛆,1
5344,蛔,5342,蛐,1
5345,蛘,3960,眸,1
5345,蛘,5341,蛏,1
5346,蛙,794,哇,1
5346,蛙,1323,婕,1
5346,蛙,5313,蚌,1
5346,蛙,5410,蝾,1
5346,蛙,6626,雌,1
5347,蛛,1912,悚,1
5347,蛛,5313,蚌,1
5347,蛛,5361,蛾,1
5347,蛛,5389,蜾,1
5347,蛛,5649,诛,1
5347,蛛,5889,跺,1
5347,蛛,6331,铁,1
5349,蛟,779,咬,1
5349,蛟,5372,蜓,1
5350,蛤,1258,妗,1
5350,蛤,2850,欺,1
5350,蛤,5337,蛉,1
5350,蛤,5798,赂,1
5350,蛤,6588,除,1
5351,蛩,4286,笙,1
5353,蛮,28,丧,1
5353,蛮,1302,娈,1
5353,蛮,1751,弯,1
5353,蛮,4264,竞,1
5353,蛮,5307,虿,1
5354,蛰,2164,挚,1
5354,蛰,3409,热,1
5355,蛱,1553,峡,1
5355,蛱,1912,悚,1
5356,蛲,1553,峡,1
5356,蛲,4505,绕,1
5356,蛲,5366,蜈,1
5357,蛳,5411,螂,1
5358,蛴,5306,虾,1
5359,蛸,1905,悄,1
5359,蛸,5344,蛔,1
5359,蛸,5379,蜡,1
5360,蛹,1106,埇,1
5360,蛹,1637,帕,1
5360,蛹,5399,蝠,1
5360,蛹,5407,蝻,1
5361,蛾,5314,蚍,1
5361,蛾,5375,蜘,1
5361,蛾,5384,蜮,1
5362,蜀,1527,岗,1
5362,蜀,3247,溻,1
5362,蜀,4613,罨,1
5362,蜀,5140,萄,1
5362,蜀,6648,霉,1
5363,蜂,1547,峂,1
5363,蜂,1562,峰,1
5363,蜂,2390,斝,1
5363,蜂,4492,终,1
5363,蜂,5343,蛑,1
5363,蜂,5345,蛘,1
5363,蜂,5385,蜱,1
5363,蜂,5431,蟀,1
5363,蜂,5435,蟑,1
5364,蜃,3514,犀,1
5364,蜃,3757,画,1
5364,蜃,5294,虚,1
5365,蜇,5351,蛩,1
5365,蜇,5376,蜚,1
5366,蜈,3420,焕,1
5366,蜈,5331,蚶,1
5366,蜈,5355,蛱,1
5366,蜈,5381,蜣,1
5367,蜉,1324,婚,1
5370,蜎,5359,蛸,1
5370,蜎,5360,蛹,1
5372,蜓,1109,埏,1
5372,蜓,4919,艇,1
5372,蜓,5314,蚍,1
5372,蜓,5322,蚨,1
5372,蜓,5352,蛭,1
5372,蜓,5355,蛱,1
5372,蜓,5413,螅,1
5373,蜕,1300,娆,1
5373,蜕,1313,娩,1
5373,蜕,5326,蚯,1
5373,蜕,5400,蝣,1
5374,蜗,1116,埚,1
5374,蜗,1152,塌,1
5374,蜗,5358,蛴,1
5374,蜗,5370,蜎,1
5374,蜗,5901,踢,1
5375,蜘,5322,蚨,1
5375,蜘,5368,蜊,1
5376,蜚,388,冀,1
5376,蜚,5323,蚩,1
5377,蜜,1441,密,1
5377,蜜,3368,炎,1
5377,蜜,4236,窄,1
5377,蜜,4247,窜,1
5377,蜜,5151,萤,1
5377,蜜,5339,蛋,1
5379,蜡,894,喑,1
5379,蜡,1940,惜,1
5379,蜡,5341,蛏,1
5379,蜡,5409,蝽,1
5379,蜡,5422,螨,1
5379,蜡,5440,蟥,1
5380,蜢,5333,蛀,1
5380,蜢,5420,螠,1
5381,蜣,5318,蚝,1
5381,蜣,5387,蜷,1
5383,蜩,5317,蚜,1
5384,蜮,891,喊,1
5385,蜱,865,啤,1
5385,蜱,5393,蝉,1
5386,蜴,5310,蚂,1
5386,蜴,5374,蜗,1
5386,蜴,5447,蠋,1
5388,蜻,2485,晴,1
5388,蜻,5345,蛘,1
5388,蜻,5379,蜡,1
5388,蜻,5436,蟒,1
5390,蜿,4932,艴,1
5391,蝇,5318,蚝,1
5391,蝇,5390,蜿,1
5392,蝈,1551,峒,1
5393,蝉,1087,垟,1
5393,蝉,1861,怦,1
5393,蝉,5369,蜍,1
5393,蝉,5410,蝾,1
5393,蝉,5429,螺,1
5393,蝉,5897,踔,1
5394,蝌,5411,螂,1
5395,蝎,1655,帽,1
5395,蝎,5392,蝈,1
5395,蝎,5425,螭,1
5395,蝎,5439,蟠,1
5395,蝎,6685,鞋,1
5397,蝗,726,呈,1
5397,蝗,1958,惺,1
5397,蝗,5373,蜕,1
5397,蝗,5393,蝉,1
5397,蝗,5429,螺,1
5397,蝗,5909,踵,1
5398,蝙,3520,犏,1
5398,蝙,4584,缩,1
5398,蝙,5401,蝤,1
5398,蝙,5411,螂,1
5398,蝙,5425,螭,1
5398,蝙,5446,蠊,1
5398,蝙,5449,蠕,1
5399,蝠,1158,塥,1
5399,蝠,5398,蝙,1
5399,蝠,5420,螠,1
5399,蝠,5447,蠋,1
5399,蝠,6240,醢,1
5401,蝤,5408,蝼,1
5401,蝤,5937,蹲,1
5402,蝥,5423,螫,1
5403,蝮,5413,螅,1
5403,蝮,5418,螗,1
5404,蝰,5346,蛙,1
5404,蝰,6484,镣,1
5405,蝴,3443,煳,1
5405,蝴,5368,蜊,1
5405,蝴,5438,蟛,1
5406,蝶,892,喋,1
5406,蝶,1110,埒,1
5406,蝶,3437,煤,1
5406,蝶,5369,蜍,1
5406,蝶,5410,蝾,1
5407,蝻,5359,蛸,1
5407,蝻,5360,蛹,1
5408,蝼,5352,蛭,1
5408,蝼,5381,蜣,1
5409,蝽,5438,蟛,1
5409,蝽,5439,蟠,1
5410,蝾,4593,缲,1
5411,螂,443,出,1
5411,螂,2777,榔,1
5412,螃,3402,烤,1
5412,螃,5418,螗,1
5412,螃,5425,螭,1
5414,螈,1160,塬,1
5414,螈,3399,烜,1
5414,螈,5418,螗,1
5414,螈,5449,蠕,1
5415,螋,3242,溲,1
5415,螋,5456,蠼,1
5418,螗,5446,蠊,1
5419,螟,5366,蜈,1
5420,螠,7008,鳌,1
5421,螣,2485,晴,1
5421,螣,4819,腊,1
5422,螨,3990,瞒,1
5422,螨,5356,蛲,1
5423,螫,1138,堑,1
5423,螫,5354,蛰,1
5423,螫,5402,蝥,1
5423,螫,5426,螯,1
5425,螭,1990,慵,1
5425,螭,5398,蝙,1
5426,螯,5354,蛰,1
5426,螯,6831,馨,1
5428,螵,5406,蝶,1
5428,螵,5447,蠋,1
5429,螺,5428,螵,1
5430,螽,5433,蟊,1
5430,螽,5452,蠡,1
5430,螽,5576,触,1
5431,蟀,1325,婞,1
5431,蟀,2700,梓,1
5431,蟀,4414,粹,1
5431,蟀,5313,蚌,1
5431,蟀,5341,蛏,1
5431,蟀,5358,蛴,1
5431,蟀,5370,蜎,1
5432,蟆,4527,续,1
5432,蟆,5378,蜞,1
5432,蟆,5403,蝮,1
5432,蟆,5406,蝶,1
5432,蟆,5427,螳,1
5432,蟆,5450,蠖,1
5434,蟋,1872,恁,1
5435,蟑,1301,娇,1
5435,蟑,5345,蛘,1
5435,蟑,5417,螓,1
5436,蟒,933,嗬,1
5436,蟒,5410,蝾,1
5436,蟒,5451,蠛,1
5438,蟛,5343,蛑,1
5439,蟠,5425,螭,1
5439,蟠,5442,蟮,1
5440,蟥,3706,璜,1
5440,蟥,5379,蜡,1
5440,蟥,5401,蝤,1
5440,蟥,5446,蠊,1
5443,蟹,2004,懈,1
5443,蟹,5339,蛋,1
5443,蟹,5353,蛮,1
5443,蟹,5426,螯,1
5443,蟹,6975,鲪,1
5444,蟾,4003,瞻,1
5444,蟾,5418,螗,1
5447,蠋,5374,蜗,1
5448,蠓,1666,幪,1
5448,蠓,5403,蝮,1
5448,蠓,5406,蝶,1
5449,蠕,1369,孀,1
5449,蠕,2010,懦,1
5449,蠕,7179,龋,1
5450,蠖,5451,蠛,1
5452,蠡,5453,蠢,1
5453,蠢,5445,蠃,1
5453,蠢,5455,蠹,1
5457,血,1004,囟,1
5457,血,3908,皿,1
5457,血,5550,西,1
5459,衅,313,健,1
5459,衅,446,函,1
5459,衅,3766,畔,1
5459,衅,4494,绊,1
5459,衅,6944,鲆,1
5460,行,124,仍,1
5460,行,2964,污,1
5460,行,4272,竹,1
5460,行,4457,纣,1
5460,行,4482,纾,1
5460,行,5596,订,1
5460,行,5975,轷,1
5461,衍,144,们,1
5461,衍,1777,彷,1
5461,衍,4455,纡,1
5461,衍,4506,绗,1
5461,衍,4903,舫,1
5461,衍,5465,衡,1
5462,衔,144,们,1
5462,衔,5464,衙,1
5463,街,4457,纣,1
5463,街,5473,衬,1
5464,衙,5463,街,1
5465,衡,1878,恒,1
5465,衡,5464,衙,1
5465,衡,7021,鳚,1
5467,衣,354,允,1
5467,衣,402,农,1
5467,衣,588,卖,1
5467,衣,1680,庇,1
5467,衣,3357,灰,1
5467,衣,3358,灵,1
5467,衣,4128,礻,1
5467,衣,5468,衤,1
5468,衤,2944,永,1
5469,补,165,伙,1
5469,补,3807,疲,1
5469,补,4180,秋,1
5469,补,5499,袱,1
5470,表,25,丢,1
5470,表,107,亵,1
5470,表,1881,恚,1
5470,表,3043,泰,1
5470,表,3358,灵,1
5470,表,4029,砉,1
5470,表,5475,衰,1
5470,表,5481,袁,1
5471,衩,5507,裉,1
5471,衩,5513,裙,1
5471,衩,6289,钗,1
5472,衫,1766,形,1
5472,衫,2551,杉,1
5472,衫,4028,砂,1
5472,衫,5469,补,1
5472,衫,5491,袗,1
5475,衰,360,光,1
5475,衰,3827,痕,1
5475,衰,5477,衷,1
5475,衰,5551,要,1
5476,衲,2969,汭,1
5477,衷,362,免,1
5477,衷,5470,表,1
5477,衷,5522,裳,1
5477,衷,5544,襄,1
5478,衽,5672,诳,1
5479,衾,789,哀,1
5479,衾,3373,炙,1
5481,袁,789,哀,1
5481,袁,4668,老,1
5481,袁,5130,菪,1
5481,袁,5470,表,1
5481,袁,5767,责,1
5482,袂,4134,祆,1
5482,袂,5685,谀,1
5483,袄,5492,袜,1
5484,袅,3373,炙,1
5485,袆,1633,帏,1
5485,袆,4317,筛,1
5486,袈,5514,裟,1
5486,袈,6849,驾,1
5487,袋,5514,裟,1
5487,袋,5787,贷,1
5488,袍,3000,沧,1
5488,袍,3539,狍,1
5488,袍,4042,砣,1
5488,袍,4131,祀,1
5488,袍,4144,祝,1
5488,袍,4475,纶,1
5488,袍,5558,视,1
5489,袒,189,但,1
5489,袒,3359,灶,1
5490,袖,3893,的,1
5490,袖,4139,祖,1
5490,袖,4145,神,1
5490,袖,5327,蚰,1
5490,袖,5489,袒,1
5490,袖,5496,被,1
5491,袗,5472,衫,1
5491,袗,5480,衿,1
5492,袜,1794,徕,1
5492,袜,4037,砘,1
5492,袜,4052,砷,1
5492,袜,4187,秣,1
5492,袜,5482,袂,1
5492,袜,5483,袄,1
5494,袤,5268,藁,1
5494,袤,5470,表,1
5494,袤,7183,龛,1
5496,被,1695,废,1
5496,被,2166,挝,1
5496,被,3601,獭,1
5496,被,3807,疲,1
5496,被,3905,皱,1
5496,被,5490,袖,1
5496,被,5507,裉,1
5496,被,5648,诚,1
5497,袭,4392,籴,1
5497,袭,5470,表,1
5497,袭,5474,衮,1
5497,袭,5486,袈,1
5497,袭,5487,袋,1
5497,袭,5512,裘,1
5497,袭,5540,褰,1
5498,袯,4138,祓,1
5499,袱,6843,驸,1
5500,袷,1894,恰,1
5500,袷,4141,祚,1
5500,袷,5501,袼,1
5500,袷,5511,裕,1
5500,袷,5669,诰,1
5501,袼,5491,袗,1
5501,袼,5500,袷,1
5502,裁,796,哉,1
5502,裁,2031,戡,1
5502,裁,2035,截,1
5502,裁,5098,莪,1
5502,裁,5270,藏,1
5502,裁,5780,贰,1
5503,裂,1425,宪,1
5504,装,1995,憖,1
5504,装,5486,袈,1
5504,装,5487,袋,1
5504,装,5512,裘,1
5504,装,5514,裟,1
5504,装,5747,豢,1
5505,裆,1798,徜,1
5505,裆,2684,档,1
5505,裆,4143,祜,1
5505,裆,4155,祷,1
5505,裆,5508,裎,1
5505,裆,5534,褚,1
5506,裈,1790,律,1
5506,裈,5519,裨,1
5506,裈,5524,裸,1
5507,裉,1787,很,1
5507,裉,6378,银,1
5507,裉,6581,限,1
5508,裎,6387,铿,1
5508,裎,6391,锃,1
5509,裒,3722,瓤,1
5509,裒,5494,袤,1
5510,裔,4245,窗,1
5511,裕,3117,浴,1
5511,裕,5480,衿,1
5512,裘,5487,袋,1
5513,裙,4144,祝,1
5513,裙,5507,裉,1
5513,裙,5527,裾,1
5514,裟,5484,袅,1
5516,裣,4077,硷,1
5516,裣,5541,褴,1
5516,裣,6591,险,1
5517,裤,2410,旌,1
5517,裤,2784,榫,1
5517,裤,4058,砾,1
5517,裤,6223,酷,1
5518,裥,3142,涧,1
5519,裨,4163,禅,1
5522,裳,789,哀,1
5522,裳,997,囊,1
5522,裳,2723,棠,1
5522,裳,5455,蠹,1
5522,裳,5514,裟,1
5522,裳,6121,邃,1
5523,裴,1926,悲,1
5523,裴,5376,蜚,1
5523,裴,5514,裟,1
5524,裸,2791,槊,1
5524,裸,4068,硖,1
5524,裸,4270,竭,1
5524,裸,5519,裨,1
5525,裹,789,哀,1
5525,裹,5484,袅,1
5525,裹,5540,褰,1
5526,裼,5513,裙,1
5526,裼,5530,褐,1
5526,裼,5534,褚,1
5526,裼,5901,踢,1
5528,褂,195,体,1
5529,褊,5513,裙,1
5529,褊,5713,谝,1
5530,褐,2488,智,1
5530,褐,3137,涡,1
5530,褐,3451,熘,1
5530,褐,4167,禤,1
5530,褐,5529,褊,1
5531,褒,5509,裒,1
5533,褙,4156,祸,1
5535,褛,318,偻,1
5535,褛,4565,缕,1
5535,褛,4689,耧,1
5537,褥,322,傅,1
5537,褥,2188,捉,1
5537,褥,3248,溽,1
5537,褥,4446,綮,1
5537,褥,4571,缛,1
5537,褥,5506,裈,1
5537,褥,5527,裾,1
5537,褥,5539,褫,1
5537,褥,5545,襕,1
5537,褥,5691,谆,1
5537,褥,6944,鲆,1
5538,褪,1803,微,1
5538,褪,3445,煺,1
5538,褪,5993,辉,1
5539,褫,4153,祯,1
5539,褫,5541,褴,1
5539,褫,5715,谠,1
5540,褰,1433,宸,1
5542,褶,3451,熘,1
5542,褶,5513,裙,1
5542,褶,5539,褫,1
5542,褶,5700,谐,1
5543,襁,5538,褪,1
5543,襁,5542,褶,1
5544,襄,5509,裒,1
5544,襄,6262,銮,1
5545,襕,3322,澜,1
5545,襕,6488,镧,1
5546,襞,1364,嬖,1
5546,襞,4095,碧,1
5547,襟,4124,礤,1
5547,襟,4157,祺,1
5547,襟,4162,禄,1
5547,襟,4852,膘,1
5547,襟,5492,袜,1
5547,襟,5521,裱,1
5547,襟,5549,襻,1
5547,襟,6609,隙,1
5548,襦,878,啸,1
5548,襦,5543,襁,1
5549,襻,2303,摩,1
5549,襻,5548,襦,1
5550,西,453,切,1
5550,西,563,匝,1
5550,西,3062,洒,1
5550,西,3891,百,1
5550,西,4675,耍,1
5550,西,5457,血,1
5550,西,6195,酋,1
5550,西,6201,酒,1
5551,要,1095,垩,1
5551,要,1263,妥,1
5551,要,1317,娶,1
5551,要,1328,婪,1
5551,要,6648,霉,1
5551,要,6650,霎,1
5552,覃,3307,潭,1
5553,覆,6645,霆,1
5553,覆,6655,霞,1
5553,覆,6659,露,1
5554,见,356,兄,1
5554,见,359,先,1
5554,见,3743,甩,1
5555,观,1634,帐,1
5556,规,1659,幌,1
5556,规,3610,玑,1
5556,规,5325,蚬,1
5557,觅,282,倓,1
5557,觅,359,先,1
5557,觅,1399,它,1
5557,觅,2923,氕,1
5557,觅,4983,苍,1
5557,觅,5771,货,1
5557,觅,5772,质,1
5558,视,5482,袂,1
5558,视,5488,袍,1
5558,视,5556,规,1
5558,视,5759,貌,1
5558,视,5988,辄,1
5559,觇,4038,砚,1
5559,觇,5325,蚬,1
5560,览,4265,竟,1
5560,览,4285,笕,1
5560,览,4552,缆,1
5560,览,5561,觉,1
5560,览,5771,货,1
5560,览,6259,鉴,1
5561,觉,606,危,1
5561,觉,839,唢,1
5561,觉,1222,奄,1
5561,觉,1521,岌,1
5561,觉,5024,茓,1
5561,觉,5673,说,1
5561,觉,5785,贵,1
5562,觊,5558,视,1
5563,觋,3610,玑,1
5563,觋,3626,现,1
5563,觋,5325,蚬,1
5564,觌,4252,窥,1
5569,角,207,佣,1
5569,角,1527,岗,1
5569,角,6515,间,1
5569,角,6935,鱼,1
5571,觚,6889,骶,1
5572,觜,4287,笛,1
5572,觜,6916,鬣,1
5573,觞,4568,缘,1
5573,觞,6987,鲶,1
5574,解,3324,澥,1
5574,解,5692,谇,1
5574,解,6139,邰,1
5574,解,6151,郁,1
5574,解,6964,鲟,1
5574,解,7075,鹐,1
5575,觥,4485,绁,1
5575,觥,4902,航,1
5576,触,4906,舯,1
5576,触,5308,蚀,1
5576,触,5416,融,1
5576,触,5490,袖,1
5576,触,5867,跐,1
5576,触,6938,鱿,1
5577,觫,4269,竦,1
5578,觯,4593,缲,1
5579,觱,4356,篇,1
5580,觳,5579,觱,1
5581,言,101,享,1
5581,言,709,含,1
5581,言,886,善,1
5581,言,1593,嵩,1
5581,言,6710,音,1
5582,訄,1365,嬗,1
5583,訇,556,匐,1
5583,訇,5952,身,1
5584,訾,2343,攀,1
5584,訾,5504,装,1
5584,訾,5585,詈,1
5584,訾,5933,蹬,1
5585,詈,1176,墨,1
5585,詈,4610,罟,1
5586,詹,3812,疹,1
5586,詹,5210,蓓,1
5587,誉,898,喜,1
5587,誉,5281,蘑,1
5587,誉,5586,詹,1
5587,誉,5590,謇,1
5588,誊,640,参,1
5588,誊,1227,奎,1
5588,誊,4885,舂,1
5588,誊,5586,詹,1
5588,誊,5587,誉,1
5588,誊,6877,骞,1
5589,誓,58,乓,1
5589,誓,5159,萼,1
5589,誓,5540,褰,1
5589,誓,6871,骘,1
5591,謦,5584,訾,1
5591,謦,5592,警,1
5592,警,524,努,1
5592,警,5228,蔡,1
5592,警,5264,薯,1
5592,警,5593,譬,1
5592,警,6265,錾,1
5593,譬,511,劈,1
5593,譬,2338,擘,1
5593,譬,5584,訾,1
5593,譬,6613,隳,1
5594,讠,93,亡,1
5595,计,1725,廾,1
5595,计,5597,讣,1
5596,订,116,仃,1
5596,订,1673,幻,1
5596,订,2393,斤,1
5596,订,3609,玎,1
5596,订,6128,邙,1
5596,订,6504,门,1
5597,讣,119,仆,1
5597,讣,2947,汁,1
5597,讣,2954,汐,1
5597,讣,2987,沐,1
5597,讣,5599,讥,1
5598,认,119,仆,1
5598,认,125,从,1
5598,认,2952,汉,1
5598,认,2979,沃,1
5599,讥,112,亿,1
5599,讥,120,仇,1
5599,讥,121,仉,1
5599,讥,1615,巩,1
5599,讥,2966,汨,1
5599,讥,2967,汩,1
5599,讥,2984,沉,1
5599,讥,2990,沘,1
5599,讥,5603,让,1
5599,讥,5606,训,1
5600,讦,156,伊,1
5600,讦,4458,纤,1
5600,讦,5595,计,1
5600,讦,5614,讶,1
5601,讧,411,冱,1
5601,讧,4456,红,1
5602,讨,2946,汀,1
5603,让,2950,汇,1
5603,让,4456,红,1
5603,让,5601,讧,1
5603,让,5607,议,1
5603,让,5624,证,1
5603,让,6024,达,1
5604,讪,4470,纱,1
5605,讫,1031,圪,1
5605,讫,2975,汽,1
5605,讫,2982,沆,1
5605,讫,3638,珏,1
5606,训,1037,圳,1
5606,训,1607,川,1
5606,训,1608,州,1
5606,训,2978,沂,1
5606,训,3076,洲,1
5606,训,4646,翊,1
5607,议,118,仅,1
5607,议,138,代,1
5607,议,2015,戊,1
5607,议,5618,论,1
5608,讯,2968,汪,1
5608,讯,3749,田,1
5608,讯,5620,讽,1
5609,记,1399,它,1
5609,记,2967,汩,1
5609,记,3034,泡,1
5609,记,3626,现,1
5609,记,5599,讥,1
5609,记,5624,证,1
5610,讲,577,卅,1
5611,讳,4137,祎,1
5612,讴,5624,证,1
5612,讴,5665,诬,1
5613,讵,5641,诓,1
5614,讶,156,伊,1
5614,讶,2400,新,1
5614,讶,2947,汁,1
5614,讶,2957,汗,1
5614,讶,2979,沃,1
5614,讶,3002,沩,1
5614,讶,5600,讦,1
5614,讶,5690,谅,1
5614,讶,6036,迕,1
5615,讷,5598,认,1
5616,许,3038,注,1
5616,许,3442,煲,1
5616,许,4458,纤,1
5616,许,5619,讼,1
5616,许,5631,诉,1
5617,讹,295,倪,1
5617,讹,3074,洮,1
5617,讹,3085,派,1
5617,讹,4469,纰,1
5617,讹,5633,诋,1
5617,讹,5672,诳,1
5618,论,357,充,1
5618,论,2955,汔,1
5618,论,3000,沧,1
5618,论,3034,泡,1
5618,论,3082,活,1
5618,论,3117,浴,1
5618,论,3120,浼,1
5618,论,5603,让,1
5618,论,5619,讼,1
5618,论,5640,诒,1
5618,论,5653,诟,1
5618,论,5661,诧,1
5619,讼,2980,沄,1
5619,讼,2999,沦,1
5619,讼,3637,珍,1
5619,讼,5618,论,1
5619,讼,5622,访,1
5619,讼,5624,证,1
5619,讼,5693,谈,1
5620,讽,2969,汭,1
5620,讽,5688,调,1
5620,讽,6763,飒,1
5621,设,1778,役,1
5621,设,2355,改,1
5621,设,2356,攻,1
5621,设,4461,级,1
5621,设,4520,绥,1
5621,设,5507,裉,1
5621,设,5619,讼,1
5621,设,5623,诀,1
5621,设,5629,识,1
5621,设,5640,诒,1
5622,访,255,俗,1
5622,访,1746,弦,1
5622,访,1777,彷,1
5622,访,2978,沂,1
5622,访,3787,疔,1
5622,访,5600,讦,1
5622,访,5611,讳,1
5622,访,5625,诂,1
5622,访,5653,诟,1
5623,诀,3044,泱,1
5623,诀,3068,洣,1
5623,诀,5482,袂,1
5623,诀,5636,诎,1
5624,证,167,伛,1
5624,证,411,冱,1
5624,证,1782,征,1
5624,证,2959,汜,1
5624,证,4362,篚,1
5624,证,5612,讴,1
5624,证,5665,诬,1
5625,诂,179,估,1
5625,诂,193,佐,1
5625,诂,3012,治,1
5625,诂,5651,话,1
5625,诂,6083,造,1
5626,诃,196,何,1
5626,诃,3633,珂,1
5627,评,3041,泮,1
5627,评,3069,津,1
5627,评,3098,浐,1
5627,评,4498,绎,1
5627,评,5616,许,1
5627,评,5630,诈,1
5627,评,5660,详,1
5628,诅,298,倮,1
5628,诅,1062,坦,1
5628,诅,3039,泪,1
5628,诅,3080,洹,1
5628,诅,6566,阻,1
5629,识,23,丝,1
5629,识,379,兴,1
5629,识,1056,坝,1
5629,识,3072,洪,1
5629,识,3093,浊,1
5629,识,5619,讼,1
5629,识,5621,设,1
5629,识,5623,诀,1
5629,识,5669,诰,1
5629,识,5685,谀,1
5630,诈,2453,昨,1
5630,诈,3117,浴,1
5630,诈,4141,祚,1
5630,诈,4534,维,1
5630,诈,5597,讣,1
5630,诈,5660,详,1
5631,诉,178,伯,1
5631,诉,1073,坼,1
5631,诉,2972,汴,1
5631,诉,3032,泞,1
5631,诉,5599,讥,1
5631,诉,5641,诓,1
5631,诉,5672,诳,1
5631,诉,6033,近,1
5632,诊,2871,殄,1
5632,诊,2964,污,1
5632,诊,3115,浮,1
5632,诊,3124,涉,1
5632,诊,5622,访,1
5632,诊,5631,诉,1
5632,诊,6302,钤,1
5633,诋,3628,玳,1
5633,诋,5614,讶,1
5634,诌,224,侈,1
5634,诌,2988,沓,1
5634,诌,3080,洹,1
5634,诌,3187,渔,1
5634,诌,4493,绉,1
5634,诌,5705,谕,1
5635,词,184,伺,1
5635,词,2951,汈,1
5635,词,3009,河,1
5635,词,3017,泃,1
5635,词,3021,泊,1
5635,词,3141,润,1
5635,词,3890,白,1
5635,词,4147,祠,1
5635,词,6509,问,1
5635,词,6511,闰,1
5635,词,6518,闷,1
5635,词,6538,阋,1
5635,词,6793,饲,1
5636,诎,443,出,1
5636,诎,5670,诱,1
5637,诏,1060,坡,1
5637,诏,2971,汲,1
5637,诏,3019,泅,1
5637,诏,5666,语,1
5638,诐,1780,彼,1
5639,译,2996,沣,1
5639,译,3099,浑,1
5639,译,4149,祥,1
5639,译,4498,绎,1
5639,译,5627,评,1
5640,诒,5625,诂,1
5641,诓,3148,涯,1
5641,诓,5613,讵,1
5642,诔,3004,沫,1
5643,试,249,俅,1
5643,试,3038,注,1
5643,试,4477,纸,1
5643,试,5602,讨,1
5643,试,5664,诫,1
5644,诖,215,佳,1
5644,诖,2968,汪,1
5644,诖,3196,渥,1
5645,诗,1458,寺,1
5645,诗,1697,庤,1
5645,诗,3058,洋,1
5645,诗,3132,涛,1
5645,诗,3134,涞,1
5645,诗,3268,滤,1
5645,诗,4487,练,1
5645,诗,4503,结,1
5645,诗,4588,缭,1
5645,诗,5644,诖,1
5645,诗,5646,诘,1
5646,诘,3639,珐,1
5646,诘,4937,艿,1
5646,诘,5669,诰,1
5646,诘,5679,诺,1
5647,诙,1883,恢,1
5647,诙,3168,淡,1
5647,诙,5625,诂,1
5647,诙,5678,诹,1
5648,诚,891,喊,1
5648,诚,1108,城,1
5648,诚,2015,戊,1
5648,诚,2027,战,1
5648,诚,3048,泷,1
5648,诚,3298,潋,1
5648,诚,4550,缄,1
5648,诚,5638,诐,1
5649,诛,181,伴,1
5649,诛,3134,涞,1
5649,诛,4494,绊,1
5649,诛,4521,绦,1
5649,诛,5642,诔,1
5649,诛,6359,铢,1
5650,诜,2990,沘,1
5650,诜,5681,诼,1
5651,话,411,冱,1
5651,话,2964,污,1
5651,话,3158,淋,1
5651,话,3638,珏,1
5651,话,5633,诋,1
5651,话,5642,诔,1
5651,话,5646,诘,1
5651,话,5684,诿,1
5651,话,6442,锸,1
5652,诞,2992,沚,1
5652,诞,3107,浞,1
5652,诞,6052,迭,1
5653,诟,1090,垢,1
5653,诟,2981,沅,1
5653,诟,3037,泥,1
5654,诠,3033,泠,1
5654,诠,3170,淦,1
5654,诠,5653,诟,1
5654,诠,6444,锺,1
5655,诡,180,伲,1
5655,诡,3279,漉,1
5655,诡,3294,漹,1
5655,诡,3665,琥,1
5656,询,692,向,1
5656,询,814,哥,1
5656,询,2994,沟,1
5656,询,3009,河,1
5656,询,3141,润,1
5656,询,3209,湎,1
5656,询,3644,珣,1
5656,询,4539,绹,1
5656,询,5671,诲,1
5656,询,5728,谭,1
5657,诣,2158,指,1
5657,诣,2765,楷,1
5657,诣,3115,浮,1
5657,诣,3154,淄,1
5657,诣,3206,湄,1
5657,诣,3216,湝,1
5657,诣,3258,滔,1
5657,诣,4516,绡,1
5657,诣,4517,绢,1
5657,诣,5700,谐,1
5657,诣,5722,谧,1
5658,诤,5654,诠,1
5658,诤,5671,诲,1
5659,该,783,咳,1
5659,该,1083,垓,1
5659,该,3040,泫,1
5660,详,1788,徉,1
5660,详,3041,泮,1
5660,详,3098,浐,1
5660,详,3130,涕,1
5660,详,3172,淬,1
5660,详,5616,许,1
5660,详,5627,评,1
5660,详,5639,译,1
5660,详,5645,诗,1
5660,详,5662,诨,1
5661,诧,1086,垞,1
5661,诧,1101,垲,1
5661,诧,1292,姹,1
5661,诧,2163,挖,1
5661,诧,3110,浣,1
5661,诧,3120,浼,1
5661,诧,3177,淹,1
5661,诧,3260,滗,1
5661,诧,4475,纶,1
5661,诧,5336,蛇,1
5661,诧,5605,讫,1
5661,诧,5701,谑,1
5662,诨,420,净,1
5662,诨,5683,课,1
5663,诩,3893,的,1
5663,诩,4772,胡,1
5663,诩,5662,诨,1
5664,诫,1296,威,1
5664,诫,3324,澥,1
5664,诫,4502,绒,1
5664,诫,5643,试,1
5665,诬,1092,垤,1
5665,诬,1616,巫,1
5665,诬,3194,渣,1
5665,诬,6058,迹,1
5666,语,1155,塔,1
5666,语,2980,沄,1
5666,语,3113,浩,1
5666,语,3224,溃,1
5666,语,4224,穗,1
5666,语,5651,话,1
5666,语,5668,误,1
5666,语,5676,请,1
5666,语,6383,铻,1
5667,诮,3128,涓,1
5667,诮,3188,渖,1
5667,诮,5663,诩,1
5667,诮,5709,谙,1
5668,误,244,侯,1
5668,误,3131,涘,1
5668,误,3138,涢,1
5668,误,3139,涣,1
5668,误,3184,渎,1
5668,误,3196,渥,1
5668,误,5675,诶,1
5669,诰,293,倨,1
5669,诰,5667,诮,1
5669,诰,5722,谧,1
5670,诱,151,任,1
5670,诱,1690,店,1
5670,诱,3301,潘,1
5670,诱,4175,秀,1
5670,诱,5611,讳,1
5670,诱,5676,请,1
5670,诱,5684,诿,1
5670,诱,6071,透,1
5670,诱,6665,靖,1
5671,诲,243,侮,1
5671,诲,3011,油,1
5671,诲,3062,洒,1
5671,诲,5686,谁,1
5671,诲,5689,谄,1
5671,诲,5717,谢,1
5672,诳,5669,诰,1
5672,诳,5686,谁,1
5673,说,435,凭,1
5673,说,2984,沉,1
5673,说,3063,洗,1
5673,说,4144,祝,1
5673,说,4459,纥,1
5673,说,4514,统,1
5673,说,5373,蜕,1
5673,说,5659,该,1
5673,说,6724,颀,1
5674,诵,254,俑,1
5674,诵,270,俯,1
5674,诵,2693,桶,1
5674,诵,3128,涓,1
5674,诵,4517,绢,1
5674,诵,5655,诡,1
5674,诵,5663,诩,1
5674,诵,5667,诮,1
5674,诵,5713,谝,1
5675,诶,4267,竣,1
5675,诶,5672,诳,1
5676,请,286,倚,1
5676,请,294,倩,1
5676,请,1931,情,1
5676,请,3159,淌,1
5676,请,3190,渚,1
5676,请,3202,渴,1
5676,请,3315,潽,1
5676,请,4516,绡,1
5676,请,5667,诮,1
5676,请,5713,谝,1
5676,请,6410,锖,1
5677,诸,217,佶,1
5677,诸,1148,堵,1
5677,诸,3216,湝,1
5677,诸,3251,滃,1
5677,诸,3266,满,1
5677,诸,5679,诺,1
5677,诸,6973,鲨,1
5678,诹,301,倻,1
5678,诹,5675,诶,1
5679,诺,3072,洪,1
5679,诺,3113,浩,1
5679,诺,3190,渚,1
5679,诺,3263,滞,1
5679,诺,5696,谌,1
5679,诺,5698,谎,1
5679,诺,5732,谱,1
5679,诺,6412,锘,1
5680,读,3139,涣,1
5680,读,3327,澴,1
5680,读,5693,谈,1
5680,读,5699,谏,1
5680,读,5714,谟,1
5681,诼,856,啄,1
5681,诼,3663,琢,1
5681,诼,5614,讶,1
5681,诼,5678,诹,1
5682,诽,272,俳,1
5682,诽,3074,洮,1
5682,诽,3674,琳,1
5682,诽,6668,非,1
5683,课,3134,涞,1
5683,课,3174,深,1
5683,课,5524,裸,1
5683,课,5649,诛,1
5683,课,6808,馃,1
5684,诿,5671,诲,1
5684,诿,5681,诼,1
5684,诿,5710,谚,1
5685,谀,3110,浣,1
5685,谀,3135,涟,1
5685,谀,3242,溲,1
5685,谀,5650,诜,1
5685,谀,5684,诿,1
5685,谀,6815,馊,1
5686,谁,1131,堆,1
5686,谁,2406,旄,1
5686,谁,2410,旌,1
5686,谁,3027,泖,1
5686,谁,4518,绣,1
5686,谁,5630,诈,1
5686,谁,5657,诣,1
5686,谁,5672,诳,1
5686,谁,5689,谄,1
5687,谂,1805,德,1
5687,谂,3114,浪,1
5687,谂,5685,谀,1
5688,调,1293,姻,1
5688,调,3056,洄,1
5688,调,3057,洇,1
5688,调,4538,绸,1
5689,谄,306,偈,1
5689,谄,2048,扇,1
5690,谅,288,倞,1
5690,谅,2224,掠,1
5690,谅,3175,淳,1
5690,谅,3178,添,1
5690,谅,3278,漆,1
5690,谅,3567,猄,1
5690,谅,4542,综,1
5691,谆,288,倞,1
5691,谆,1378,孚,1
5691,谆,3203,游,1
5691,谆,5707,谗,1
5691,谆,7015,鳔,1
5693,谈,282,倓,1
5693,谈,428,凑,1
5693,谈,1155,塔,1
5693,谈,3124,涉,1
5693,谈,3138,涢,1
5693,谈,3349,灈,1
5693,谈,3368,炎,1
5693,谈,3660,琐,1
5693,谈,4998,苡,1
5693,谈,5650,诜,1
5694,谊,411,冱,1
5694,谊,5656,询,1
5694,谊,5671,诲,1
5695,谋,418,冼,1
5695,谋,2615,柒,1
5695,谋,2650,栗,1
5695,谋,3127,涑,1
5695,谋,3134,涞,1
5695,谋,3174,深,1
5695,谋,3198,渫,1
5695,谋,3236,溥,1
5695,谋,3297,潇,1
5695,谋,5038,茱,1
5697,谍,259,保,1
5697,谍,1697,庤,1
5697,谍,5693,谈,1
5698,谎,1980,慌,1
5698,谎,5187,蒎,1
5698,谎,5230,蔬,1
5698,谎,5695,谋,1
5699,谏,4269,竦,1
5700,谐,289,借,1
5700,谐,400,写,1
5700,谐,3113,浩,1
5700,谐,3206,湄,1
5700,谐,3258,滔,1
5700,谐,4336,箔,1
5700,谐,4547,缁,1
5700,谐,5657,诣,1
5700,谐,5667,诮,1
5700,谐,5669,诰,1
5700,谐,5703,谓,1
5702,谒,306,偈,1
5702,谒,3197,温,1
5702,谒,3206,湄,1
5702,谒,5671,诲,1
5702,谒,5718,谣,1
5702,谒,5733,谲,1
5703,谓,1070,坶,1
5703,谓,3167,淠,1
5703,谓,3247,溻,1
5703,谓,3256,滑,1
5703,谓,3680,瑁,1
5704,谔,258,俜,1
5704,谔,3233,溟,1
5705,谕,3832,痢,1
5706,谖,4563,缓,1
5707,谗,3081,洺,1
5707,谗,3103,浕,1
5707,谗,3187,渔,1
5707,谗,6816,馋,1
5708,谘,255,俗,1
5708,谘,4540,绺,1
5709,谙,289,借,1
5709,谙,2327,撸,1
5709,谙,3315,潽,1
5709,谙,4591,缰,1
5709,谙,5676,请,1
5709,谙,5711,谛,1
5710,谚,3124,涉,1
5710,谚,3189,渗,1
5711,谛,1644,帝,1
5711,谛,4564,缔,1
5711,谛,5708,谘,1
5712,谜,3126,涎,1
5712,谜,4522,继,1
5712,谜,5649,诛,1
5712,谜,5696,谌,1
5712,谜,5735,谴,1
5712,谜,6056,迷,1
5713,谝,4566,编,1
5713,谝,5674,诵,1
5715,谠,326,傥,1
5715,谠,367,党,1
5715,谠,5667,诮,1
5715,谠,5673,说,1
5717,谢,2785,榭,1
5717,谢,3204,渺,1
5718,谣,2943,氵,1
5718,谣,3258,滔,1
5718,谣,4310,筐,1
5719,谤,2275,搒,1
5719,谤,3297,潇,1
5719,谤,3337,濠,1
5719,谤,5679,诺,1
5719,谤,5710,谚,1
5719,谤,6592,陪,1
5719,谤,7013,鳑,1
5720,谥,5722,谧,1
5721,谦,386,兼,1
5721,谦,3295,漾,1
5721,谦,5674,诵,1
5722,谧,2767,楹,1
5722,谧,4547,缁,1
5723,谨,3288,漫,1
5723,谨,5135,菹,1
5724,谩,426,凌,1
5724,谩,1164,墁,1
5724,谩,3459,熳,1
5724,谩,3708,璟,1
5724,谩,4527,续,1
5724,谩,5621,设,1
5724,谩,6822,馒,1
5724,谩,6863,骎,1
5725,谪,5674,诵,1
5725,谪,5676,请,1
5727,谬,1452,寥,1
5727,谬,3129,涔,1
5727,谬,5685,谀,1
5727,谬,6261,銎,1
5728,谭,3041,泮,1
5728,谭,3257,滓,1
5728,谭,3282,演,1
5728,谭,4580,缥,1
5728,谭,5552,覃,1
5728,谭,6013,辞,1
5729,谮,341,僭,1
5730,谯,3293,漶,1
5730,谯,3668,琪,1
5731,谰,3141,润,1
5731,谰,6544,阑,1
5732,谱,857,商,1
5732,谱,886,善,1
5732,谱,2481,普,1
5732,谱,3180,清,1
5732,谱,5700,谐,1
5733,谲,294,倩,1
5735,谴,4592,缱,1
5736,谵,3261,滘,1
5738,谷,408,冬,1
5738,谷,727,告,1
5738,谷,1781,往,1
5738,谷,1894,恰,1
5738,谷,4480,纻,1
5738,谷,6780,饣,1
5739,豁,3905,皱,1
5740,豆,6,三,1
5740,豆,25,丢,1
5740,豆,2859,正,1
5740,豆,3412,烹,1
5740,豆,4260,立,1
5740,豆,4878,至,1
5740,豆,6077,逗,1
5741,豇,5740,豆,1
5743,豌,3778,畹,1
5743,豌,4086,碗,1
5743,豌,4514,统,1
5743,豌,5390,蜿,1
5744,豕,627,原,1
5745,豚,3152,涿,1
5745,豚,4845,腿,1
5746,象,404,冢,1
5746,象,1432,家,1
5746,象,1531,岛,1
5746,象,1761,彖,1
5746,象,2944,永,1
5746,象,5475,衰,1
5746,象,5952,身,1
5746,象,7123,黎,1
5747,豢,2148,拳,1
5747,豢,3043,泰,1
5747,豢,4189,秦,1
5747,豢,4438,素,1
5747,豢,5746,象,1
5748,豨,4200,稀,1
5749,豪,989,嚎,1
5749,豪,1414,宛,1
5749,豪,2939,氯,1
5749,豪,3412,烹,1
5749,豪,4335,箓,1
5749,豪,6652,霓,1
5750,豫,1202,够,1
5750,豫,4162,禄,1
5750,豫,4217,稼,1
5750,豫,4435,糸,1
5750,豫,6728,预,1
5750,豫,6806,馀,1
5751,豳,3757,画,1
5751,豳,6215,酮,1
5752,豸,3451,熘,1
5752,豸,5952,身,1
5753,豹,1752,弱,1
5753,豹,5752,豸,1
5753,豹,5758,貊,1
5754,豺,4137,祎,1
5754,豺,5469,补,1
5754,豺,5753,豹,1
5754,豺,5756,貅,1
5757,貉,4315,筘,1
5757,貉,4786,胳,1
5757,貉,5753,豹,1
5757,貉,6383,铻,1
5758,貊,6741,颓,1
5759,貌,4907,舰,1
5759,貌,6308,钪,1
5762,贝,1485,尺,1
5762,贝,2841,次,1
5763,贞,378,关,1
5763,贞,736,员,1
5763,贞,1678,庄,1
5763,贞,2351,攴,1
5763,贞,4954,芡,1
5763,贞,5764,负,1
5764,负,94,亢,1
5764,负,157,伋,1
5764,负,362,免,1
5764,负,1221,奂,1
5764,负,5765,贡,1
5764,负,6719,须,1
5765,贡,579,午,1
5765,贡,1215,夷,1
5765,贡,5764,负,1
5766,财,541,勘,1
5766,财,746,味,1
5766,财,4729,肘,1
5766,财,5803,赇,1
5767,责,4029,砉,1
5767,责,4627,羑,1
5767,责,5581,言,1
5767,责,5765,贡,1
5767,责,5785,贵,1
5767,责,6663,青,1
5768,贤,1435,宽,1
5768,贤,4753,肾,1
5768,贤,5560,览,1
5768,贤,5790,贺,1
5769,败,718,吸,1
5769,败,1288,姣,1
5769,败,3367,炊,1
5769,败,3762,畋,1
5769,败,5778,贮,1
5770,账,1634,帐,1
5770,账,1960,愁,1
5770,账,2903,毗,1
5770,账,5322,蚨,1
5770,账,5792,贼,1
5770,账,6805,饿,1
5771,货,582,华,1
5771,货,3479,爱,1
5771,货,4339,箜,1
5771,货,4553,缇,1
5771,货,5763,贞,1
5771,货,5788,贸,1
5772,质,185,似,1
5772,质,237,侦,1
5772,质,627,原,1
5772,质,5771,货,1
5772,质,6714,顶,1
5773,贩,676,叹,1
5773,贩,3373,炙,1
5773,贩,4014,矩,1
5773,贩,6788,饭,1
5774,贪,736,员,1
5774,贪,4633,羡,1
5775,贫,139,令,1
5775,贫,606,危,1
5775,贫,3911,盆,1
5775,贫,5765,贡,1
5776,贬,2864,歪,1
5776,贬,3952,眨,1
5776,贬,4566,编,1
5777,购,748,呶,1
5777,购,2435,昀,1
5777,购,2527,朐,1
5777,购,4735,肠,1
5777,购,4789,胸,1
5777,购,5766,财,1
5777,购,5812,赐,1
5778,贮,5769,败,1
5778,贮,5773,贩,1
5779,贯,2437,昃,1
5779,贯,5024,茓,1
5779,贯,5772,质,1
5779,贯,5783,贳,1
5779,贯,5785,贵,1
5779,贯,5794,贾,1
5780,贰,2036,戬,1
5780,贰,5251,蕺,1
5780,贰,5252,蕻,1
5781,贱,2034,戥,1
5781,贱,5792,贼,1
5781,贱,5803,赇,1
5781,贱,6766,飕,1
5781,贱,6790,饯,1
5782,贲,5116,菇,1
5782,贲,5184,蒉,1
5783,贳,4981,苋,1
5784,贴,3303,潞,1
5784,贴,5367,蜉,1
5784,贴,5778,贮,1
5784,贴,5786,贶,1
5784,贴,5791,贻,1
5784,贴,5854,趵,1
5784,贴,5862,跆,1
5784,贴,6726,颂,1
5784,贴,6761,飐,1
5784,贴,7120,黇,1
5785,贵,736,员,1
5785,贵,3224,溃,1
5785,贵,3358,灵,1
5785,贵,5805,赉,1
5787,贷,5070,荧,1
5787,贷,5797,赁,1
5788,贸,697,吗,1
5788,贸,1635,帑,1
5788,贸,6717,项,1
5789,费,5024,茓,1
5789,费,5184,蒉,1
5789,费,5774,贪,1
5789,费,5782,贲,1
5789,费,5793,贽,1
5789,费,5809,赍,1
5790,贺,5365,蜇,1
5790,贺,5788,贸,1
5790,贺,5800,资,1
5790,贺,6849,驾,1
5791,贻,5770,账,1
5791,贻,5784,贴,1
5792,贼,1737,弑,1
5792,贼,5664,诫,1
5792,贼,5770,账,1
5792,贼,5781,贱,1
5792,贼,5807,赋,1
5793,贽,5788,贸,1
5793,贽,5790,贺,1
5793,贽,6740,频,1
5794,贾,3224,溃,1
5794,贾,5818,赘,1
5795,贿,1910,悔,1
5795,贿,3070,洧,1
5795,贿,3446,煽,1
5795,贿,3998,瞬,1
5795,贿,4198,秽,1
5797,赁,837,唝,1
5798,赂,1879,恕,1
5798,赂,3397,烙,1
5798,赂,4063,硌,1
5798,赂,6368,铬,1
5799,赃,867,啦,1
5799,赃,3371,炕,1
5799,赃,4794,脆,1
5799,赃,4799,脏,1
5799,赃,4908,舱,1
5799,赃,5784,贴,1
5799,赃,7178,龊,1
5800,资,736,员,1
5800,资,775,咨,1
5800,资,3105,浚,1
5800,资,5621,设,1
5800,资,5768,贤,1
5802,赆,5812,赐,1
5803,赇,5781,贱,1
5804,赈,797,哌,1
5805,赉,4720,肃,1
5805,赉,5767,责,1
5806,赊,1386,孥,1
5806,赊,5369,蜍,1
5806,赊,5798,赂,1
5807,赋,5770,账,1
5807,赋,5803,赇,1
5807,赋,6805,饿,1
5808,赌,855,啃,1
5808,赌,3190,渚,1
5808,赌,3979,睹,1
5808,赌,5795,贿,1
5809,赍,2988,沓,1
5809,赍,5805,赉,1
5811,赏,104,亮,1
5811,赏,245,侵,1
5811,赏,1602,嶷,1
5811,赏,5070,荧,1
5811,赏,5561,觉,1
5811,赏,5800,资,1
5811,赏,5932,蹩,1
5811,赏,6110,遣,1
5812,赐,720,吻,1
5812,赐,3425,焜,1
5812,赐,4843,腽,1
5812,赐,5395,蝎,1
5812,赐,6420,锡,1
5812,赐,6814,馉,1
5813,赑,6746,颙,1
5814,赓,833,唐,1
5815,赔,3392,烂,1
5815,赔,3423,焙,1
5815,赔,5806,赊,1
5815,赔,6229,醅,1
5815,赔,6814,馉,1
5816,赕,2461,昽,1
5817,赖,2222,掖,1
5817,赖,2365,敕,1
5817,赖,4827,腕,1
5817,赖,6723,顿,1
5817,赖,6728,预,1
5818,赘,2725,棨,1
5818,赘,5423,螫,1
5818,赘,5771,货,1
5818,赘,5824,赞,1
5818,赘,6667,靛,1
5819,赙,3236,溥,1
5821,赛,1157,塞,1
5821,赛,5377,蜜,1
5821,赛,5767,责,1
5821,赛,5805,赉,1
5821,赛,5919,蹇,1
5824,赞,2488,智,1
5824,赞,4280,笊,1
5824,赞,4359,篑,1
5824,赞,5818,赘,1
5826,赠,4121,礌,1
5826,赠,7138,黯,1
5827,赡,4003,瞻,1
5827,赡,5444,蟾,1
5827,赡,5815,赔,1
5828,赢,3880,癍,1
5828,赢,4639,羸,1
5828,赢,5455,蠹,1
5830,赤,22,东,1
5830,赤,1458,寺,1
5830,赤,1670,并,1
5830,赤,1672,幺,1
5830,赤,2961,汞,1
5830,赤,4677,耒,1
5830,赤,5054,荐,1
5830,赤,5772,质,1
5830,赤,5785,贵,1
5831,赦,311,做,1
5831,赦,2363,敏,1
5831,赦,2364,救,1
5831,赦,2366,敖,1
5831,赦,2371,敢,1
5831,赦,2579,板,1
5831,赦,3586,献,1
5831,赦,4023,矽,1
5831,赦,4879,致,1
5831,赦,5832,赧,1
5831,赦,5833,赪,1
5831,赦,5967,软,1
5831,赦,7148,鼓,1
5832,赧,3807,疲,1
5834,赫,2601,枯,1
5834,赫,3266,满,1
5834,赫,4689,耧,1
5834,赫,6010,辚,1
5834,赫,6698,鞯,1
5834,赫,6705,韩,1
5834,赫,6889,骶,1
5836,走,1208,夫,1
5836,走,1228,奏,1
5836,走,2350,支,1
5836,走,3782,疋,1
5836,走,6024,达,1
5836,走,6062,适,1
5836,走,6082,速,1
5837,赳,490,剌,1
5837,赳,3658,琎,1
5838,赴,570,匹,1
5838,赴,5839,赵,1
5838,赴,5841,起,1
5838,赴,6068,逊,1
5839,赵,23,丝,1
5839,赵,5845,越,1
5840,赶,6277,钉,1
5841,起,1989,慰,1
5842,趁,1773,彭,1
5842,趁,3458,熬,1
5842,趁,3918,盐,1
5842,趁,4558,缍,1
5844,超,1252,妈,1
5844,超,4645,翅,1
5844,超,5843,趄,1
5844,超,6040,远,1
5844,超,7174,龆,1
5845,越,1099,垯,1
5845,越,2708,械,1
5845,越,2754,楗,1
5845,越,4689,耧,1
5845,越,5842,趁,1
5845,越,7169,龀,1
5846,趋,4371,篷,1
5846,趋,5843,趄,1
5846,趋,5847,趑,1
5846,趋,6112,遨,1
5847,趑,5850,趣,1
5847,趑,6049,迩,1
5849,趟,2192,捎,1
5849,趟,3159,淌,1
5849,趟,4520,绥,1
5849,趟,4687,耥,1
5849,趟,6105,道,1
5849,趟,6666,静,1
5850,趣,5678,诹,1
5850,趣,6593,陬,1
5852,足,585,卒,1
5852,足,736,员,1
5852,足,1621,巳,1
5852,足,2455,是,1
5852,足,2462,显,1
5852,足,3003,沪,1
5852,足,3382,炱,1
5852,足,3782,疋,1
5852,足,6037,还,1
5852,足,6124,邑,1
5853,趴,665,叭,1
5853,趴,6279,钋,1
5854,趵,3893,的,1
5854,趵,6286,钓,1
5855,趸,3785,疑,1
5856,趺,5898,踝,1
5857,趼,4034,研,1
5857,趼,5875,跟,1
5857,趼,6859,骊,1
5858,趾,2860,此,1
5858,趾,4701,耻,1
5858,趾,5624,证,1
5858,趾,5853,趴,1
5858,趾,5885,跶,1
5859,趿,3762,畋,1
5859,趿,5869,跖,1
5859,趿,5883,跳,1
5860,跃,2417,既,1
5860,跃,2854,歇,1
5860,跃,4194,积,1
5860,跃,6786,饫,1
5861,跄,5865,跎,1
5862,跆,5920,蹈,1
5863,跋,2863,歧,1
5863,跋,5856,趺,1
5864,跌,200,佚,1
5864,跌,2417,既,1
5864,跌,3044,泱,1
5864,跌,3651,珽,1
5864,跌,5623,诀,1
5864,跌,5860,跃,1
5864,跌,5903,踩,1
5864,跌,6359,铢,1
5865,跎,5868,跑,1
5865,跎,5873,距,1
5865,跎,5882,路,1
5866,跏,527,劭,1
5866,跏,5900,踟,1
5867,跐,3951,眦,1
5868,跑,1383,孢,1
5868,跑,2608,柁,1
5868,跑,3375,炝,1
5868,跑,5618,论,1
5868,跑,5875,跟,1
5868,跑,6951,鲍,1
5868,跑,7173,龅,1
5869,跖,5862,跆,1
5869,跖,6557,阢,1
5869,跖,7154,鼫,1
5870,跗,4043,砥,1
5870,跗,5857,趼,1
5872,跛,875,啵,1
5872,跛,1636,帔,1
5872,跛,3906,皲,1
5872,跛,5496,被,1
5872,跛,5742,豉,1
5872,跛,6211,酦,1
5872,跛,6571,陂,1
5872,跛,6683,鞁,1
5873,距,1091,垣,1
5873,距,1147,堲,1
5873,距,5882,路,1
5873,距,6294,钜,1
5874,跞,5889,跺,1
5874,跞,5903,踩,1
5875,跟,1447,寝,1
5875,跟,1787,很,1
5875,跟,5859,趿,1
5875,跟,5891,跽,1
5875,跟,5899,踞,1
5875,跟,6378,银,1
5876,跣,5856,趺,1
5877,跤,3898,皎,1
5877,跤,5349,蛟,1
5877,跤,5854,趵,1
5878,跨,1098,垮,1
5878,跨,5854,趵,1
5879,跪,1136,堍,1
5879,跪,2854,歇,1
5879,跪,4514,统,1
5879,跪,5861,跄,1
5880,跫,1877,恐,1
5880,跫,3215,湜,1
5881,跬,3393,烃,1
5881,跬,5877,跤,1
5881,跬,5909,踵,1
5882,路,3066,洛,1
5882,路,3704,璐,1
5882,路,3771,略,1
5882,路,5890,跻,1
5882,路,5896,踏,1
5882,路,6383,铻,1
5882,路,7035,鸥,1
5883,跳,1284,姚,1
5883,跳,3646,珧,1
5883,跳,3961,眺,1
5883,跳,5864,跌,1
5883,跳,5867,跐,1
5883,跳,6367,铫,1
5884,践,1113,埗,1
5884,践,2034,戥,1
5884,践,2876,残,1
5884,践,3088,浅,1
5884,践,3925,盛,1
5884,践,5781,贱,1
5884,践,5863,跋,1
5884,践,6567,阼,1
5884,践,6790,饯,1
5884,践,7172,龄,1
5885,跶,6586,陡,1
5886,跷,1300,娆,1
5886,跷,4505,绕,1
5886,跷,5356,蛲,1
5886,跷,5946,躇,1
5887,跸,6855,骅,1
5889,跺,3662,琛,1
5889,跺,3926,盟,1
5889,跺,5874,跞,1
5889,跺,5903,踩,1
5889,跺,6418,锞,1
5890,跻,4800,脐,1
5890,跻,5358,蛴,1
5890,跻,5882,路,1
5890,跻,6854,骄,1
5891,跽,5893,踉,1
5891,跽,5906,踮,1
5892,踅,2206,捱,1
5893,踉,5877,跤,1
5893,踉,5879,跪,1
5894,踊,4076,确,1
5894,踊,5915,蹁,1
5894,踊,5943,蹿,1
5895,踌,5937,蹲,1
5895,踌,6380,铸,1
5896,踏,1597,嵴,1
5896,踏,3256,滑,1
5896,踏,5862,跆,1
5896,踏,5895,踌,1
5896,踏,5934,蹭,1
5896,踏,6494,镭,1
5897,踔,5891,跽,1
5897,踔,5943,蹿,1
5898,踝,4110,磔,1
5898,踝,5881,跬,1
5899,踞,5378,蜞,1
5899,踞,5883,跳,1
5899,踞,6434,锯,1
5900,踟,5898,踝,1
5901,踢,4270,竭,1
5901,踢,6585,陟,1
5902,踣,5882,路,1
5902,踣,5899,踞,1
5903,踩,4840,腺,1
5903,踩,5874,跞,1
5903,踩,5904,踪,1
5903,踩,5916,蹂,1
5903,踩,5935,蹯,1
5903,踩,6398,锊,1
5904,踪,3230,源,1
5904,踪,4450,繇,1
5904,踪,4542,综,1
5904,踪,5878,跨,1
5904,踪,6808,馃,1
5905,踬,5653,诟,1
5905,踬,5899,踞,1
5905,踬,5900,踟,1
5905,踬,6426,锧,1
5906,踮,5905,踬,1
5908,踱,2222,掖,1
5908,踱,3791,疚,1
5908,踱,5863,跋,1
5908,踱,5893,踉,1
5908,踱,5906,踮,1
5908,踱,5942,蹾,1
5908,踱,5950,躜,1
5909,踵,3971,睡,1
5910,踶,5909,踵,1
5911,踹,5926,蹒,1
5911,踹,5946,躇,1
5912,踺,6089,逯,1
5913,踽,5909,踵,1
5913,踽,5927,蹓,1
5914,蹀,5889,跺,1
5914,蹀,5946,躇,1
5915,蹁,5398,蝙,1
5915,蹁,5418,螗,1
5915,蹁,5894,踊,1
5915,蹁,6870,骗,1
5916,蹂,5417,螓,1
5916,蹂,5889,跺,1
5916,蹂,5944,躁,1
5917,蹄,3721,瓣,1
5917,蹄,5915,蹁,1
5917,蹄,6862,骍,1
5918,蹅,4100,碴,1
5918,蹅,5896,踏,1
5918,蹅,6812,馇,1
5920,蹈,5909,踵,1
5921,蹉,5899,踞,1
5921,蹉,5935,蹯,1
5921,蹉,5946,躇,1
5922,蹊,1448,寞,1
5922,蹊,3239,溪,1
5922,蹊,3683,瑗,1
5922,蹊,5925,蹑,1
5923,蹋,5920,蹈,1
5923,蹋,5931,蹦,1
5923,蹋,5945,躅,1
5924,蹐,5533,褙,1
5926,蹒,3266,满,1
5926,蹒,5946,躇,1
5929,蹜,5425,螭,1
5929,蹜,5945,躅,1
5929,蹜,7157,鼱,1
5930,蹢,5915,蹁,1
5930,蹢,6478,镝,1
5931,蹦,4531,绱,1
5931,蹦,4578,缣,1
5931,蹦,6859,骊,1
5932,蹩,1992,憋,1
5932,蹩,2378,整,1
5932,蹩,2914,氅,1
5933,蹬,3316,澄,1
5933,蹬,3992,瞠,1
5933,蹬,4116,磴,1
5933,蹬,5918,蹅,1
5934,蹭,4590,缯,1
5934,蹭,4860,膪,1
5934,蹭,5826,赠,1
5934,蹭,5937,蹲,1
5935,蹯,5913,踽,1
5935,蹯,5923,蹋,1
5935,蹯,5924,蹐,1
5935,蹯,5943,蹿,1
5936,蹰,3246,溺,1
5936,蹰,6828,馘,1
5937,蹲,4327,筹,1
5937,蹲,5921,蹉,1
5938,蹴,5942,蹾,1
5939,蹶,5905,踬,1
5940,蹼,5926,蹒,1
5940,蹼,5951,躞,1
5941,蹽,3278,漆,1
5941,蹽,5924,蹐,1
5943,蹿,5917,蹄,1
5943,蹿,5941,蹽,1
5943,蹿,6490,镩,1
5943,蹿,6609,隙,1
5944,躁,3713,璪,1
5944,躁,5889,跺,1
5944,躁,5916,蹂,1
5944,躁,5922,蹊,1
5945,躅,5447,蠋,1
5945,躅,5901,踢,1
5946,躇,4589,缮,1
5946,躇,6410,锖,1
5947,躏,5407,蝻,1
5947,躏,5911,踹,1
5947,躏,5949,躔,1
5949,躔,5909,踵,1
5953,躬,4698,耶,1
5953,躬,4903,舫,1
5955,躲,1463,射,1
5955,躲,4736,股,1
5955,躲,4808,脞,1
5955,躲,5296,虢,1
5955,躲,5953,躬,1
5955,躲,7005,鳉,1
5956,躺,284,倘,1
5957,軎,722,吾,1
5957,軎,1611,工,1
5958,车,1218,夺,1
5958,车,1668,平,1
5959,轧,5960,轨,1
5959,轧,6674,靰,1
5960,轨,74,乾,1
5960,轨,537,勍,1
5960,轨,583,协,1
5960,轨,5959,轧,1
5960,轨,5962,轪,1
5961,轩,4678,耔,1
5961,轩,4697,耵,1
5961,轩,5975,轷,1
5963,轫,6703,韧,1
5964,转,5969,轱,1
5964,转,5979,轻,1
5964,转,5999,辏,1
5965,轭,2077,扼,1
5966,轮,1383,孢,1
5966,轮,2097,抡,1
5966,轮,2490,暂,1
5966,轮,4681,耗,1
5966,轮,5978,轺,1
5966,轮,5986,辂,1
5967,软,2843,欣,1
5967,软,2844,欤,1
5967,软,4702,耽,1
5967,软,5963,轫,1
5967,软,5987,较,1
5967,软,6723,顿,1
5968,轰,792,哄,1
5968,轰,4633,羡,1
5968,轰,5470,表,1
5969,轱,5965,轭,1
5969,轱,5989,辅,1
5970,轲,5963,轫,1
5970,轲,5969,轱,1
5971,轳,5970,轲,1
5972,轴,2109,抽,1
5972,轴,5984,辀,1
5972,轴,6332,铂,1
5972,轴,6842,驷,1
5973,轵,5971,轳,1
5973,轵,5997,辍,1
5973,轵,6285,钒,1
5974,轶,5973,轵,1
5974,轶,6331,铁,1
5975,轷,2133,拜,1
5975,轷,5976,轸,1
5975,轷,6374,铲,1
5976,轸,5974,轶,1
5976,轸,5986,辂,1
5977,轹,2396,斩,1
5977,轹,5975,轷,1
5977,轹,6334,铄,1
5978,轺,2132,招,1
5978,轺,5969,轱,1
5978,轺,6291,钙,1
5979,轻,5959,轧,1
5979,轻,5978,轺,1
5979,轻,5985,辁,1
5979,轻,6685,鞋,1
5981,载,2039,戴,1
5981,载,2662,栽,1
5981,载,5098,莪,1
5982,轾,6846,驻,1
5983,轿,1301,娇,1
5983,轿,4200,稀,1
5983,轿,5973,轵,1
5983,轿,6705,韩,1
5983,轿,6854,骄,1
5984,辀,6346,铒,1
5985,辁,2149,拴,1
5985,辁,6364,铨,1
5987,较,2359,故,1
5987,较,2364,救,1
5987,较,2653,校,1
5987,较,5959,轧,1
5987,较,5965,轭,1
5987,较,6372,铰,1
5987,较,6801,饺,1
5988,辄,6361,铤,1
5989,辅,2195,捕,1
5989,辅,4066,硒,1
5989,辅,6382,铺,1
5989,辅,6698,鞯,1
5990,辆,1282,姗,1
5991,辇,7150,鼙,1
5992,辈,401,军,1
5992,辈,2633,柴,1
5993,辉,3427,焯,1
5993,辉,3492,牌,1
5993,辉,5343,蛑,1
5993,辉,5385,蜱,1
5993,辉,5506,裈,1
5993,辉,5667,诮,1
5994,辊,4532,绲,1
5998,辎,3684,瑙,1
5999,辏,7136,黩,1
6000,辐,4662,翰,1
6000,辐,6458,镉,1
6001,辑,6413,错,1
6003,输,2772,榆,1
6003,输,5976,轸,1
6005,辕,3593,猿,1
6005,辕,6007,辗,1
6006,辖,5982,轾,1
6006,辖,5986,辂,1
6006,辖,5995,辋,1
6006,辖,6466,镑,1
6006,辖,6882,骣,1
6007,辗,389,冁,1
6007,辗,2272,搌,1
6009,辙,1359,嫩,1
6009,辙,4004,瞽,1
6009,辙,5942,蹾,1
6009,辙,6487,镦,1
6011,辛,1459,寻,1
6011,辛,1670,并,1
6011,辛,1671,幸,1
6011,辛,2165,挛,1
6011,辛,2395,斧,1
6011,辛,4275,竿,1
6011,辛,4624,羊,1
6011,辛,5090,莘,1
6012,辜,488,剅,1
6012,辜,4266,章,1
6012,辜,5090,莘,1
6012,辜,6011,辛,1
6012,辜,7160,鼻,1
6013,辞,1388,孩,1
6013,辞,6165,郜,1
6014,辟,1746,弦,1
6014,辟,4021,矸,1
6014,辟,6556,阡,1
6015,辣,1444,寐,1
6015,辣,1785,待,1
6015,辣,6016,辨,1
6015,辣,6359,铢,1
6015,辣,6749,颜,1
6016,辨,3648,班,1
6016,辨,5533,褙,1
6016,辨,6017,辩,1
6016,辨,6424,锥,1
6016,辨,6622,雅,1
6017,辩,3150,涵,1
6017,辩,4136,祉,1
6017,辩,6994,鲽,1
6018,辫,4573,缝,1
6019,辰,1492,屁,1
6019,辰,1495,居,1
6020,辱,622,厍,1
6020,辱,830,唇,1
6020,辱,1084,垕,1
6020,辱,1374,孕,1
6020,辱,1488,尽,1
6020,辱,1501,屏,1
6020,辱,1697,庤,1
6021,辶,4260,立,1
6022,边,17,世,1
6022,边,38,丸,1
6022,边,66,也,1
6022,边,602,卫,1
6022,边,2960,汝,1
6022,边,3750,由,1
6022,边,3904,皮,1
6022,边,5836,走,1
6023,辽,21,丛,1
6023,辽,23,丝,1
6023,辽,643,及,1
6024,达,1207,太,1
6024,达,2167,挞,1
6024,达,2950,汇,1
6024,达,3055,洁,1
6024,达,4313,答,1
6024,达,6038,这,1
6024,达,6054,述,1
6025,迁,1609,巡,1
6025,迁,2947,汁,1
6025,迁,2979,沃,1
6025,迁,3608,王,1
6025,迁,3740,生,1
6025,迁,6024,达,1
6025,迁,6029,过,1
6025,迁,6033,近,1
6025,迁,6056,迷,1
6025,迁,6075,途,1
6026,迂,1723,廷,1
6026,迂,2957,汗,1
6026,迂,2968,汪,1
6026,迂,6028,迅,1
6026,迂,6054,述,1
6026,迂,6075,途,1
6026,迂,6846,驻,1
6027,迄,5634,诌,1
6027,迄,6032,运,1
6027,迄,6036,迕,1
6027,迄,6067,选,1
6027,迄,6103,遑,1
6027,迄,6111,遥,1
6028,迅,13,丑,1
6028,迅,2958,汛,1
6028,迅,3118,海,1
6028,迅,6050,迪,1
6028,迅,6060,退,1
6028,迅,6088,逮,1
6028,迅,6089,逯,1
6029,过,6024,达,1
6029,过,6026,迂,1
6029,过,6038,这,1
6029,过,6054,述,1
6030,迈,18,丘,1
6030,迈,158,伍,1
6030,迈,643,及,1
6030,迈,6032,运,1
6030,迈,6035,返,1
6030,迈,6041,违,1
6030,迈,6044,迢,1
6030,迈,6048,迨,1
6031,迎,1247,如,1
6031,迎,1609,巡,1
6031,迎,3502,牢,1
6031,迎,6140,邱,1
6032,运,564,匠,1
6032,运,1499,屋,1
6032,运,1614,巨,1
6032,运,2980,沄,1
6032,运,5102,莲,1
6032,运,5249,蕴,1
6032,运,5841,起,1
6032,运,6030,迈,1
6032,运,6037,还,1
6032,运,6735,颋,1
6033,近,6025,迁,1
6033,近,6035,返,1
6033,近,6049,迩,1
6033,近,6065,逅,1
6034,迓,6026,迂,1
6035,返,91,亟,1
6035,返,6049,迩,1
6036,迕,6038,这,1
6036,迕,6049,迩,1
6037,还,1614,巨,1
6037,还,6024,达,1
6037,还,6027,迄,1
6037,还,6032,运,1
6037,还,6035,返,1
6037,还,6056,迷,1
6038,这,408,冬,1
6038,这,571,区,1
6038,这,2356,攻,1
6038,这,4478,纹,1
6038,这,6023,辽,1
6038,这,6035,返,1
6038,这,6049,迩,1
6038,这,6051,迫,1
6038,这,6062,适,1
6039,进,1532,岜,1
6039,进,6028,迅,1
6039,进,6050,迪,1
6039,进,6057,迸,1
6040,远,620,压,1
6040,远,1609,巡,1
6040,远,2980,沄,1
6040,远,3454,熟,1
6040,远,4930,色,1
6040,远,6027,迄,1
6040,远,6035,返,1
6040,远,6037,还,1
6040,远,6038,这,1
6041,违,1033,圭,1
6041,违,4287,笛,1
6041,违,5058,荙,1
6041,违,6024,达,1
6041,违,6056,迷,1
6041,违,6083,造,1
6041,违,6099,遇,1
6042,连,1723,廷,1
6042,连,3083,洼,1
6042,连,6041,违,1
6042,连,6064,逄,1
6042,连,6066,逆,1
6042,连,6082,速,1
6042,连,6090,逵,1
6043,迟,1857,思,1
6043,迟,6024,达,1
6043,迟,6028,迅,1
6043,迟,6040,远,1
6043,迟,6060,退,1
6044,迢,3126,涎,1
6044,迢,6023,辽,1
6044,迢,6060,退,1
6044,迢,6065,逅,1
6045,迤,4930,色,1
6045,迤,6114,遮,1
6046,迥,15,且,1
6047,迦,1609,巡,1
6048,迨,3923,盗,1
6048,迨,6027,迄,1
6049,迩,424,凉,1
6049,迩,6027,迄,1
6049,迩,6036,迕,1
6050,迪,383,典,1
6051,迫,189,但,1
6051,迫,672,叵,1
6051,迫,3073,洫,1
6051,迫,3080,洹,1
6051,迫,3757,画,1
6051,迫,6033,近,1
6051,迫,6035,返,1
6051,迫,6050,迪,1
6051,迫,6079,逛,1
6052,迭,3113,浩,1
6052,迭,4597,缶,1
6052,迭,6024,达,1
6052,迭,6061,送,1
6052,迭,6075,途,1
6052,迭,6083,造,1
6053,迮,6062,适,1
6054,述,3005,沭,1
6054,述,6037,还,1
6054,述,6067,选,1
6054,述,6082,速,1
6055,迳,6081,逞,1
6056,迷,670,史,1
6056,迷,1724,建,1
6056,迷,5712,谜,1
6056,迷,6039,进,1
6056,迷,6052,迭,1
6056,迷,6063,逃,1
6056,迷,6067,选,1
6056,迷,6073,逑,1
6056,迷,6090,逵,1
6056,迷,6115,遴,1
6057,迸,6104,遒,1
6057,迸,6116,遵,1
6058,迹,1701,庭,1
6058,迹,1704,庶,1
6058,迹,5627,评,1
6058,迹,5836,走,1
6058,迹,6033,近,1
6058,迹,6049,迩,1
6058,迹,6068,逊,1
6058,迹,6072,逐,1
6058,迹,6073,逑,1
6058,迹,6082,速,1
6058,迹,6088,逮,1
6058,迹,6116,遵,1
6059,追,1723,廷,1
6059,追,3146,涫,1
6059,追,4376,簉,1
6059,追,5768,贤,1
6059,追,5843,趄,1
6059,追,6048,迨,1
6059,追,6049,迩,1
6059,追,6084,逡,1
6059,追,6103,遑,1
6059,追,6116,遵,1
6060,退,1088,垠,1
6060,退,6044,迢,1
6060,退,6077,逗,1
6060,退,6093,逻,1
6061,送,1869,总,1
6061,送,6027,迄,1
6061,送,6040,远,1
6061,送,6066,逆,1
6061,送,6072,逐,1
6061,送,6092,逸,1
6062,适,558,化,1
6062,适,4889,舌,1
6062,适,5102,莲,1
6062,适,6025,迁,1
6062,适,6091,逶,1
6063,逃,560,匙,1
6063,逃,1926,悲,1
6064,逄,1193,备,1
6064,逄,3923,盗,1
6064,逄,6036,迕,1
6064,逄,6056,迷,1
6065,逅,3794,疠,1
6065,逅,6059,追,1
6066,逆,2049,扈,1
6066,逆,6054,述,1
6066,逆,6062,适,1
6066,逆,6074,递,1
6066,逆,6075,途,1
6067,选,359,先,1
6067,选,5504,装,1
6067,选,6027,迄,1
6067,选,6040,远,1
6067,选,6048,迨,1
6068,逊,567,匦,1
6068,逊,1377,孙,1
6068,逊,2430,时,1
6068,逊,5469,补,1
6068,逊,5888,跹,1
6068,逊,6072,逐,1
6068,逊,6745,题,1
6069,逋,1724,建,1
6069,逋,5102,莲,1
6070,逍,5849,趟,1
6071,透,3082,活,1
6071,透,3117,浴,1
6071,透,3193,渡,1
6071,透,3909,盂,1
6071,透,6041,违,1
6072,逐,446,函,1
6072,逐,1093,垦,1
6072,逐,2384,斑,1
6072,逐,3150,涵,1
6072,逐,3152,涿,1
6072,逐,6032,运,1
6072,逐,6097,遂,1
6074,递,420,净,1
6074,递,1548,峃,1
6075,途,199,余,1
6075,途,3175,淳,1
6075,途,6049,迩,1
6075,途,6064,逄,1
6075,途,6071,透,1
6075,途,6092,逸,1
6075,途,6095,逾,1
6076,逖,5885,跶,1
6076,逖,6052,迭,1
6076,逖,6068,逊,1
6077,逗,24,丞,1
6077,逗,565,匡,1
6077,逗,3085,派,1
6077,逗,3175,淳,1
6077,逗,5852,足,1
6077,逗,6081,逞,1
6077,逗,6094,逼,1
6078,通,3118,海,1
6078,通,3275,滴,1
6078,通,6099,遇,1
6078,通,6105,道,1
6079,逛,1675,幽,1
6079,逛,5652,诞,1
6080,逝,2182,挺,1
6080,逝,6073,逑,1
6080,逝,6079,逛,1
6081,逞,726,呈,1
6081,逞,1112,埕,1
6081,逞,2503,暹,1
6081,逞,3107,浞,1
6081,逞,3122,涅,1
6081,逞,4262,竖,1
6081,逞,4325,筵,1
6081,逞,6110,遣,1
6082,速,690,吏,1
6082,速,1724,建,1
6082,速,1750,弭,1
6082,速,1870,怼,1
6082,速,6058,迹,1
6083,造,2755,楚,1
6083,造,4547,缁,1
6083,造,5696,谌,1
6083,造,6048,迨,1
6083,造,6098,遄,1
6083,造,6106,遗,1
6083,造,6107,遘,1
6083,造,6113,遭,1
6083,造,6586,陡,1
6084,逡,3105,浚,1
6085,逢,420,净,1
6085,逢,1422,室,1
6085,逢,3098,浐,1
6085,逢,3304,潟,1
6085,逢,4573,缝,1
6085,逢,5218,蓬,1
6085,逢,6070,逍,1
6085,逢,6075,途,1
6085,逢,6081,逞,1
6085,逢,6097,遂,1
6085,逢,6121,邃,1
6086,逦,6058,迹,1
6087,逭,6059,追,1
6088,逮,6060,退,1
6090,逵,1190,壹,1
6090,逵,6045,迤,1
6090,逵,6075,途,1
6090,逵,6094,逼,1
6092,逸,4868,臆,1
6092,逸,6045,迤,1
6092,逸,6067,选,1
6093,逻,2455,是,1
6093,逻,4607,罗,1
6093,逻,6081,逞,1
6093,逻,6087,逭,1
6093,逻,6090,逵,1
6093,逻,6099,遇,1
6094,逼,573,匾,1
6094,逼,3187,渔,1
6094,逼,3912,盈,1
6094,逼,6045,迤,1
6094,逼,6100,遍,1
6094,逼,6116,遵,1
6095,逾,5842,趁,1
6095,逾,7167,齑,1
6096,遁,3258,滔,1
6096,遁,3814,疽,1
6096,遁,6062,适,1
6096,遁,6065,逅,1
6096,遁,6070,逍,1
6096,遁,6080,逝,1
6097,遂,1432,家,1
6097,遂,4249,窟,1
6097,遂,6094,逼,1
6097,遂,6112,遨,1
6097,遂,6121,邃,1
6098,遄,3910,盅,1
6099,遇,6044,迢,1
6099,遇,6045,迤,1
6099,遇,6066,逆,1
6099,遇,6093,逻,1
6099,遇,6098,遄,1
6099,遇,6101,遏,1
6100,遍,2045,扁,1
6100,遍,2049,扈,1
6100,遍,4740,肩,1
6100,遍,6070,逍,1
6100,遍,6104,遒,1
6100,遍,6108,遛,1
6101,遏,396,冒,1
6101,遏,1969,愚,1
6101,遏,3202,渴,1
6102,遐,3682,瑕,1
6102,遐,4204,程,1
6102,遐,4398,粒,1
6105,道,3362,灾,1
6105,道,3914,益,1
6105,道,6058,迹,1
6105,道,6059,追,1
6105,道,6066,逆,1
6105,道,6080,逝,1
6105,道,6094,逼,1
6105,道,6096,遁,1
6105,道,6126,邕,1
6106,遗,6093,逻,1
6106,遗,6098,遄,1
6106,遗,6107,遘,1
6106,遗,6113,遭,1
6107,遘,6109,遢,1
6108,遛,6050,迪,1
6108,遛,6101,遏,1
6110,遣,3314,潼,1
6110,遣,3923,盗,1
6110,遣,4565,缕,1
6111,遥,6055,迳,1
6111,遥,6075,途,1
6111,遥,6081,逞,1
6111,遥,6094,逼,1
6111,遥,6116,遵,1
6111,遥,6123,邋,1
6112,遨,2376,数,1
6112,遨,6115,遴,1
6112,遨,6119,邀,1
6113,遭,1305,娑,1
6113,遭,1569,崔,1
6113,遭,6106,遗,1
6113,遭,6639,雷,1
6114,遮,1875,恋,1
6114,遮,2304,摭,1
6114,遮,3148,涯,1
6114,遮,3193,渡,1
6114,遮,3833,痣,1
6114,遮,3859,瘟,1
6114,遮,6058,迹,1
6114,遮,6091,逶,1
6114,遮,6092,逸,1
6116,遵,1466,尊,1
6116,遵,3220,湮,1
6116,遵,5102,莲,1
6116,遵,5723,谨,1
6116,遵,6057,迸,1
6116,遵,6074,递,1
6116,遵,6101,遏,1
6116,遵,6112,遨,1
6116,遵,6113,遭,1
6118,避,6102,遐,1
6119,邀,1609,巡,1
6119,邀,3331,激,1
6119,邀,4836,腰,1
6120,邂,1154,塑,1
6120,邂,6079,逛,1
6121,邃,1432,家,1
6121,邃,6075,途,1
6122,邈,6096,遁,1
6125,邓,661,叩,1
6125,邓,1810,必,1
6125,邓,4642,羽,1
6125,邓,6130,邝,1
6125,邓,6557,阢,1
6128,邙,1242,奶,1
6129,邛,6128,邙,1
6130,邝,6127,邗,1
6131,邡,2454,昭,1
6131,邡,4132,祁,1
6131,邡,6130,邝,1
6132,邢,604,卯,1
6132,邢,607,即,1
6132,邢,1766,形,1
6132,邢,4199,秾,1
6132,邢,4916,舻,1
6132,邢,6127,邗,1
6132,邢,6135,邪,1
6132,邢,6144,邶,1
6133,那,819,哪,1
6133,那,1767,彤,1
6133,那,2108,押,1
6133,那,6125,邓,1
6134,邦,6153,郅,1
6134,邦,6158,郏,1
6135,邪,609,卵,1
6135,邪,2389,斜,1
6135,邪,6132,邢,1
6135,邪,6133,那,1
6135,邪,6150,邾,1
6137,邮,3212,湖,1
6137,邮,3526,犯,1
6137,邮,6133,那,1
6137,邮,6138,邯,1
6137,邮,6668,非,1
6138,邯,476,制,1
6138,邯,6147,邺,1
6140,邱,6128,邙,1
6140,邱,6129,邛,1
6140,邱,6145,邸,1
6140,邱,6148,邻,1
6143,邵,819,哪,1
6143,邵,6154,郇,1
6144,邶,6147,邺,1
6144,邶,6175,郴,1
6145,邸,6135,邪,1
6146,邹,73,乳,1
6146,邹,3905,皱,1
6146,邹,5836,走,1
6146,邹,6163,郚,1
6147,邺,3393,烃,1
6147,邺,6174,郯,1
6148,邻,4460,约,1
6148,邻,4463,纩,1
6148,邻,4466,纬,1
6148,邻,6128,邙,1
6148,邻,6146,邹,1
6150,邾,6133,那,1
6150,邾,6135,邪,1
6150,邾,6162,郗,1
6151,郁,4132,祁,1
6151,郁,5453,蠢,1
6151,郁,6141,邳,1
6151,郁,6152,郄,1
6151,郁,6162,郗,1
6151,郁,6185,鄞,1
6151,郁,6666,静,1
6152,郄,4892,舒,1
6152,郄,6162,郗,1
6152,郄,6167,郡,1
6153,郅,4698,耶,1
6155,郈,1711,廊,1
6155,郈,6139,邰,1
6155,郈,6140,邱,1
6156,郊,4132,祁,1
6156,郊,6136,邬,1
6156,郊,6140,邱,1
6156,郊,6145,邸,1
6156,郊,6173,郭,1
6157,郎,607,即,1
6157,郎,6178,郾,1
6157,郎,6376,铴,1
6159,郐,753,命,1
6160,郑,462,刘,1
6160,郑,2022,我,1
6160,郑,2371,敢,1
6160,郑,3629,玷,1
6160,郑,6153,郅,1
6161,郓,6168,郢,1
6161,郓,6176,郸,1
6162,郗,486,剂,1
6162,郗,3729,瓻,1
6163,郚,6171,部,1
6164,郛,4721,肄,1
6164,郛,6148,邻,1
6164,郛,6173,郭,1
6164,郛,6187,鄣,1
6165,郜,6139,邰,1
6165,郜,6148,邻,1
6165,郜,6180,鄂,1
6166,郝,2238,掷,1
6166,郝,4683,耙,1
6166,郝,6175,郴,1
6167,郡,1641,帚,1
6167,郡,6143,邵,1
6168,郢,6164,郛,1
6168,郢,6176,郸,1
6169,郦,42,丽,1
6170,郧,6155,郈,1
6170,郧,6179,郿,1
6171,部,496,剖,1
6171,部,4132,祁,1
6171,部,4464,纪,1
6171,部,4761,背,1
6171,部,6139,邰,1
6171,部,6149,邽,1
6171,部,6153,郅,1
6171,部,6165,郜,1
6171,部,6188,鄯,1
6172,郫,4698,耶,1
6172,郫,6651,霏,1
6173,郭,6131,邡,1
6173,郭,6164,郛,1
6173,郭,6180,鄂,1
6173,郭,6187,鄣,1
6174,郯,613,卻,1
6174,郯,5631,诉,1
6174,郯,6190,鄹,1
6175,郴,1772,彬,1
6175,郴,2177,挪,1
6175,郴,2654,栩,1
6175,郴,6144,邶,1
6176,郸,6161,郓,1
6176,郸,6173,郭,1
6176,郸,6181,鄄,1
6176,郸,6185,鄞,1
6177,都,604,卯,1
6177,都,1632,希,1
6177,都,4652,翙,1
6177,都,5028,茚,1
6177,都,6189,鄱,1
6179,郿,6184,鄙,1
6180,鄂,6184,鄙,1
6182,鄌,1715,廓,1
6182,鄌,6167,郡,1
6183,鄘,6182,鄌,1
6184,鄙,538,勐,1
6184,鄙,2370,敞,1
6184,鄙,6162,郗,1
6184,鄙,6167,郡,1
6184,鄙,6171,部,1
6184,鄙,6186,鄢,1
6185,鄞,6181,鄄,1
6187,鄣,6185,鄞,1
6189,鄱,6163,郚,1
6189,鄱,6165,郜,1
6189,鄱,6177,都,1
6189,鄱,6183,鄘,1
6190,鄹,4714,聚,1
6190,鄹,6164,郛,1
6191,酃,6181,鄄,1
6193,酉,345,僵,1
6193,酉,1008,囤,1
6193,酉,6051,迫,1
6193,酉,6195,酋,1
6193,酉,6635,雪,1
6194,酊,3756,町,1
6195,酋,1691,庙,1
6195,酋,2007,懑,1
6195,酋,5041,茵,1
6195,酋,5249,蕴,1
6195,酋,6097,遂,1
6195,酋,6423,锤,1
6196,酌,4023,矽,1
6196,酌,4642,羽,1
6197,配,4898,舡,1
6197,配,5563,觋,1
6199,酏,1244,她,1
6199,酏,6208,酣,1
6200,酐,6194,酊,1
6201,酒,411,冱,1
6201,酒,3060,洎,1
6201,酒,3125,涌,1
6201,酒,3197,温,1
6201,酒,6078,通,1
6201,酒,6193,酉,1
6201,酒,7059,鸿,1
6202,酗,6200,酐,1
6202,酗,6233,醌,1
6203,酚,538,勐,1
6203,酚,567,匦,1
6203,酚,4026,砀,1
6203,酚,4057,砼,1
6203,酚,6142,邴,1
6204,酝,567,匦,1
6204,酝,1387,学,1
6204,酝,1746,弦,1
6205,酞,6210,酥,1
6206,酡,4911,舵,1
6208,酣,6527,阀,1
6210,酥,786,咻,1
6210,酥,1745,弥,1
6210,酥,3319,澌,1
6210,酥,4058,砾,1
6210,酥,6200,酐,1
6210,酥,6207,酢,1
6210,酥,6211,酦,1
6210,酥,6238,醚,1
6210,酥,6551,阙,1
6211,酦,6205,酞,1
6212,酩,6207,酢,1
6212,酩,6229,醅,1
6212,酩,6579,陌,1
6213,酪,3303,潞,1
6213,酪,4063,硌,1
6213,酪,6229,醅,1
6213,酪,6893,骼,1
6213,酪,7083,鹝,1
6214,酬,4064,硎,1
6214,酬,6235,醐,1
6215,酮,926,嗣,1
6215,酮,2525,朋,1
6218,酱,1464,将,1
6218,酱,3728,瓷,1
6218,酱,4796,脊,1
6218,酱,5504,装,1
6218,酱,6973,鲨,1
6219,酲,6237,醒,1
6220,酴,6203,酚,1
6220,酴,6210,酥,1
6220,酴,6221,酵,1
6221,酵,6205,酞,1
6221,酵,6220,酴,1
6222,酶,6216,酯,1
6223,酷,1394,孵,1
6223,酷,2872,殆,1
6223,酷,4045,砧,1
6223,酷,4249,窟,1
6223,酷,6203,酚,1
6223,酷,6204,酝,1
6223,酷,6209,酤,1
6223,酷,6213,酪,1
6223,酷,6216,酯,1
6223,酷,6232,醋,1
6224,酸,1239,奭,1
6224,酸,6217,酰,1
6224,酸,6231,醉,1
6225,酹,4664,翳,1
6227,酾,4066,硒,1
6227,酾,6235,醐,1
6228,酿,1385,孤,1
6228,酿,3962,眼,1
6228,酿,4199,秾,1
6229,醅,6212,酩,1
6229,醅,6225,酹,1
6229,醅,6249,醾,1
6230,醇,6202,酗,1
6230,醇,6221,酵,1
6230,醇,6225,酹,1
6230,醇,6878,骟,1
6231,醉,985,噼,1
6231,醉,2793,槎,1
6231,醉,4083,碎,1
6232,醋,4922,艏,1
6232,醋,5536,褡,1
6232,醋,6226,酽,1
6234,醍,4713,聘,1
6234,醍,6996,鳀,1
6236,醑,6222,酶,1
6237,醒,6142,邴,1
6237,醒,6223,酷,1
6237,醒,6233,醌,1
6237,醒,6239,醛,1
6237,醒,7159,鼹,1
6238,醚,3718,瓞,1
6238,醚,6208,酣,1
6239,醛,6246,醴,1
6240,醢,6245,醯,1
6241,醣,3704,璐,1
6242,醪,4222,穆,1
6242,醪,6246,醴,1
6243,醭,6239,醛,1
6243,醭,6244,醮,1
6244,醮,567,匦,1
6244,醮,6631,雕,1
6245,醯,2899,毓,1
6248,醺,4119,礁,1
6250,采,1405,宋,1
6250,采,2052,手,1
6250,采,2543,朵,1
6250,采,4391,米,1
6250,采,4392,籴,1
6251,釉,2109,抽,1
6251,釉,4663,翱,1
6251,釉,4665,翻,1
6251,釉,4705,聃,1
6251,釉,5972,轴,1
6252,释,2133,拜,1
6252,释,3489,牂,1
6252,释,3540,狎,1
6252,释,4178,秆,1
6252,释,4419,糅,1
6252,释,4498,绎,1
6252,释,6850,驿,1
6253,里,726,呈,1
6253,里,2455,是,1
6253,里,3681,瑄,1
6253,里,3754,男,1
6253,里,4612,罢,1
6254,重,1424,宦,1
6254,重,1713,廑,1
6254,重,3449,熏,1
6254,重,3630,玺,1
6254,重,3740,生,1
6254,重,4875,自,1
6254,重,6256,量,1
6254,重,6633,雨,1
6255,野,1262,妤,1
6255,野,3760,畅,1
6255,野,6161,郓,1
6256,量,397,冕,1
6256,量,674,号,1
6256,量,2462,显,1
6256,量,2471,晕,1
6256,量,4268,童,1
6256,量,5067,荤,1
6257,金,166,会,1
6257,金,1046,坌,1
6257,金,1074,垂,1
6257,金,2936,氩,1
6257,金,2949,汆,1
6257,金,3920,盒,1
6257,金,4453,纟,1
6257,金,4890,舍,1
6258,釜,1529,岙,1
6258,釜,5320,蚤,1
6259,鉴,1573,崟,1
6259,鉴,4262,竖,1
6259,鉴,5852,足,1
6259,鉴,6258,釜,1
6262,銮,6261,銎,1
6262,銮,7143,鼋,1
6264,鋈,3923,盗,1
6265,錾,1138,堑,1
6265,錾,7019,鳘,1
6269,鏊,6875,骜,1
6269,鏊,7008,鳌,1
6271,鐾,4446,綮,1
6271,鐾,6270,鏖,1
6271,鐾,7017,鳖,1
6272,鑫,5452,蠡,1
6273,钅,1669,年,1
6274,钆,637,厾,1
6274,钆,6275,钇,1
6275,钇,6274,钆,1
6276,针,1730,弃,1
6276,针,3487,爿,1
6276,针,5595,计,1
6276,针,6277,钉,1
6276,针,6279,钋,1
6276,针,6315,钱,1
6277,钉,475,刳,1
6277,钉,1673,幻,1
6277,钉,2946,汀,1
6277,钉,4455,纡,1
6279,钋,599,卦,1
6280,钌,6277,钉,1
6282,钎,5600,讦,1
6282,钎,5961,轩,1
6282,钎,6311,钭,1
6284,钐,6309,钫,1
6285,钒,1615,巩,1
6285,钒,4461,级,1
6285,钒,6286,钓,1
6285,钒,6360,铣,1
6285,钒,6367,铫,1
6285,钒,6763,飒,1
6285,钒,6781,饥,1
6286,钓,2557,杓,1
6286,钓,6280,钌,1
6286,钓,6285,钒,1
6286,钓,6287,钔,1
6286,钓,6368,铬,1
6286,钓,6409,锕,1
6286,钓,7072,鹌,1
6287,钔,6278,钊,1
6288,钕,6310,钬,1
6288,钕,6340,铋,1
6289,钗,6361,铤,1
6291,钙,2989,沔,1
6291,钙,4482,纾,1
6291,钙,5310,蚂,1
6291,钙,6422,锣,1
6291,钙,6441,锷,1
6291,钙,6491,镪,1
6292,钚,6277,钉,1
6292,钚,6280,钌,1
6292,钚,6314,钰,1
6293,钛,6314,钰,1
6294,钜,4012,知,1
6294,钜,4632,羟,1
6294,钜,6321,钷,1
6294,钜,6371,铯,1
6295,钝,6294,钜,1
6295,钝,6319,钵,1
6295,钝,6939,鲀,1
6296,钞,4142,祛,1
6297,钟,482,刽,1
6297,钟,4141,祚,1
6297,钟,6328,钾,1
6298,钠,4495,绋,1
6298,钠,5631,诉,1
6298,钠,6286,钓,1
6298,钠,6330,铀,1
6298,钠,6332,铂,1
6299,钡,2844,欤,1
6299,钡,2984,沉,1
6299,钡,4491,织,1
6299,钡,5967,软,1
6299,钡,6307,钩,1
6299,钡,6327,钽,1
6300,钢,6285,钒,1
6301,钣,6788,饭,1
6302,钤,6366,铪,1
6302,钤,6456,镇,1
6303,钥,1274,姆,1
6303,钥,2530,朗,1
6303,钥,4471,纲,1
6303,钥,4490,细,1
6303,钥,6283,钏,1
6303,钥,6298,钠,1
6303,钥,6328,钾,1
6303,钥,6329,钿,1
6303,钥,6409,锕,1
6304,钦,142,仪,1
6304,钦,166,会,1
6304,钦,2368,敛,1
6304,钦,2844,欤,1
6304,钦,4491,织,1
6304,钦,4599,缺,1
6304,钦,6288,钕,1
6304,钦,6310,钬,1
6304,钦,6730,领,1
6305,钧,1044,均,1
6305,钧,1786,徇,1
6305,钧,6278,钊,1
6305,钧,6300,钢,1
6305,钧,6332,铂,1
6305,钧,6782,饧,1
6306,钨,3051,泻,1
6306,钨,3615,玛,1
6306,钨,4497,绍,1
6306,钨,4519,绤,1
6306,钨,6420,锡,1
6306,钨,7037,鸨,1
6306,钨,7057,鸽,1
6307,钩,1877,恐,1
6307,钩,4460,约,1
6307,钩,4465,纫,1
6307,钩,4509,绚,1
6307,钩,6287,钔,1
6307,钩,6300,钢,1
6307,钩,6793,饲,1
6308,钪,6375,铳,1
6309,钫,6284,钐,1
6309,钫,6318,钴,1
6310,钬,4180,秋,1
6310,钬,6331,铁,1
6311,钭,6282,钎,1
6312,钮,3299,潍,1
6312,钮,4803,脓,1
6312,钮,6299,钡,1
6312,钮,6356,铟,1
6314,钰,6338,铉,1
6314,钰,6364,铨,1
6315,钱,1296,威,1
6315,钱,2026,戗,1
6315,钱,3088,浅,1
6315,钱,6297,钟,1
6315,钱,6351,铙,1
6315,钱,6360,铣,1
6315,钱,6377,铵,1
6315,钱,6395,锇,1
6316,钲,6313,钯,1
6317,钳,3320,澍,1
6317,钳,3739,甜,1
6317,钳,6303,钥,1
6317,钳,6318,钴,1
6317,钳,6325,钻,1
6317,钳,6335,铅,1
6317,钳,6348,铖,1
6318,钴,6354,铝,1
6319,钵,4487,练,1
6319,钵,6297,钟,1
6319,钵,6315,钱,1
6319,钵,6322,钸,1
6319,钵,6350,铘,1
6319,钵,6363,铧,1
6319,钵,6400,锌,1
6321,钷,6294,钜,1
6322,钸,6337,铈,1
6322,钸,6355,铞,1
6323,钹,6308,钪,1
6324,钺,2026,戗,1
6324,钺,6348,铖,1
6325,钻,4263,站,1
6325,钻,4460,约,1
6325,钻,4500,绐,1
6325,钻,4915,船,1
6325,钻,6284,钐,1
6325,钻,6287,钔,1
6325,钻,6291,钙,1
6326,钼,6320,钶,1
6326,钼,6327,钽,1
6326,钼,6329,钿,1
6327,钽,3430,然,1
6327,钽,4014,矩,1
6328,钾,4489,绅,1
6328,钾,6290,钘,1
6328,钾,6297,钟,1
6329,钿,4490,细,1
6329,钿,6312,钮,1
6329,钿,6327,钽,1
6329,钿,6356,铟,1
6330,铀,4489,绅,1
6330,铀,6298,钠,1
6330,铀,6327,钽,1
6330,铀,6332,铂,1
6330,铀,6392,锄,1
6331,铁,200,佚,1
6331,铁,4474,纵,1
6331,铁,5623,诀,1
6331,铁,5693,谈,1
6331,铁,5864,跌,1
6331,铁,5974,轶,1
6331,铁,6362,铥,1
6331,铁,6431,锬,1
6331,铁,6432,锭,1
6331,铁,6451,镂,1
6331,铁,6786,饫,1
6332,铂,178,伯,1
6332,铂,4509,绚,1
6332,铂,6298,钠,1
6332,铂,6326,钼,1
6332,铂,6329,钿,1
6332,铂,6950,鲌,1
6333,铃,6318,钴,1
6333,铃,6425,锦,1
6333,铃,6987,鲶,1
6333,铃,7172,龄,1
6334,铄,6346,铒,1
6335,铅,1778,役,1
6335,铅,4497,绍,1
6335,铅,4915,船,1
6335,铅,5978,轺,1
6335,铅,6284,钐,1
6335,铅,6285,钒,1
6335,铅,6325,钻,1
6335,铅,6333,铃,1
6335,铅,6368,铬,1
6335,铅,6394,锆,1
6335,铅,7045,鸰,1
6336,铆,6350,铘,1
6336,铆,6379,铷,1
6337,铈,6309,钫,1
6338,铉,6362,铥,1
6338,铉,6372,铰,1
6339,铊,6432,锭,1
6340,铋,6330,铀,1
6340,铋,6393,锅,1
6341,铌,6378,银,1
6341,铌,6429,锪,1
6342,铍,6406,锒,1
6343,铎,4498,绎,1
6343,铎,6315,钱,1
6343,铎,6346,铒,1
6344,铐,1155,塔,1
6344,铐,6338,铉,1
6344,铐,6380,铸,1
6344,铐,6398,锊,1
6344,铐,6438,锴,1
6344,铐,6979,鲮,1
6345,铑,6260,銍,1
6345,铑,6295,钝,1
6347,铕,6322,钸,1
6347,铕,6416,锜,1
6347,铕,6478,镝,1
6348,铖,6319,钵,1
6348,铖,6828,馘,1
6349,铗,6331,铁,1
6349,铗,6384,铼,1
6350,铘,4501,绑,1
6351,铙,6419,锟,1
6351,铙,6797,饶,1
6352,铛,3649,珰,1
6352,铛,5896,踏,1
6352,铛,6309,钫,1
6352,铛,6357,铠,1
6352,铛,6391,锃,1
6352,铛,6394,锆,1
6352,铛,6398,锊,1
6352,铛,6414,锚,1
6352,铛,6467,镒,1
6353,铜,1080,垌,1
6353,铜,3067,洞,1
6353,铜,4065,硐,1
6353,铜,6300,钢,1
6353,铜,6320,钶,1
6353,铜,6419,锟,1
6354,铝,235,侣,1
6354,铝,4491,织,1
6354,铝,4497,绍,1
6354,铝,4500,绐,1
6354,铝,6284,钐,1
6354,铝,6369,铭,1
6354,铝,6431,锬,1
6356,铟,6326,钼,1
6356,铟,6329,钿,1
6358,铡,4471,纲,1
6358,铡,6283,钏,1
6359,铢,5974,轶,1
6359,铢,6319,钵,1
6359,铢,6331,铁,1
6359,铢,6418,锞,1
6360,铣,2541,朱,1
6360,铣,3063,洗,1
6360,铣,4311,筑,1
6360,铣,4474,纵,1
6360,铣,6404,锐,1
6360,铣,6413,错,1
6361,铤,6386,链,1
6362,铥,6361,铤,1
6363,铧,6282,钎,1
6364,铨,6366,铪,1
6365,铩,6359,铢,1
6365,铩,6398,锊,1
6366,铪,6333,铃,1
6366,铪,6354,铝,1
6368,铬,688,名,1
6368,铬,3642,珞,1
6368,铬,5882,路,1
6368,铬,6284,钐,1
6368,铬,6354,铝,1
6368,铬,6383,铻,1
6368,铬,6430,锫,1
6368,铬,6941,鲂,1
6369,铭,1846,怊,1
6369,铭,5986,辂,1
6369,铭,6308,钪,1
6369,铭,6309,钫,1
6369,铭,6325,钻,1
6369,铭,6366,铪,1
6369,铭,6383,铻,1
6369,铭,6404,锐,1
6369,铭,6465,镐,1
6369,铭,7057,鸽,1
6369,铭,7094,鹪,1
6370,铮,6425,锦,1
6371,铯,6321,钷,1
6371,铯,6370,铮,1
6372,铰,1778,役,1
6372,铰,3071,洨,1
6372,铰,3616,玟,1
6372,铰,3785,疑,1
6372,铰,4478,纹,1
6372,铰,4513,绞,1
6372,铰,5842,趁,1
6372,铰,5987,较,1
6372,铰,6306,钨,1
6372,铰,6361,铤,1
6372,铰,6369,铭,1
6372,铰,6375,铳,1
6372,铰,6380,铸,1
6372,铰,7133,黢,1
6373,铱,233,依,1
6373,铱,2979,沃,1
6373,铱,6292,钚,1
6373,铱,6301,钣,1
6373,铱,6360,铣,1
6373,铱,6406,锒,1
6373,铱,7049,鸵,1
6374,铲,3098,浐,1
6374,铲,4463,纩,1
6374,铲,4482,纾,1
6375,铳,6308,钪,1
6375,铳,6401,锍,1
6376,铴,6393,锅,1
6377,铵,6288,钕,1
6377,铵,6451,镂,1
6378,银,6341,铌,1
6378,银,6406,锒,1
6378,银,6419,锟,1
6378,银,6429,锪,1
6379,铷,5375,蜘,1
6379,铷,5866,跏,1
6379,铷,6340,铋,1
6380,铸,4487,练,1
6380,铸,5077,荮,1
6380,铸,6384,铼,1
6380,铸,6474,镙,1
6380,铸,6497,镱,1
6380,铸,7024,鳞,1
6381,铹,3741,甥,1
6381,铹,6355,铞,1
6381,铹,6412,锘,1
6382,铺,3112,浦,1
6382,铺,4143,祜,1
6382,铺,5863,跋,1
6382,铺,6337,铈,1
6382,铺,6388,销,1
6382,铺,6457,镈,1
6383,铻,6294,钜,1
6383,铻,6366,铪,1
6383,铻,6434,锯,1
6384,铼,6359,铢,1
6385,铽,6348,铖,1
6386,链,6433,键,1
6386,链,6480,镟,1
6387,铿,6431,锬,1
6388,销,3091,浈,1
6388,销,3156,淆,1
6388,销,4556,缋,1
6388,销,6294,钜,1
6388,销,6332,铂,1
6388,销,6382,铺,1
6388,销,6411,锗,1
6388,销,6413,错,1
6388,销,6414,锚,1
6388,销,6436,锱,1
6388,销,6810,馅,1
6389,锁,1780,彼,1
6389,锁,2921,氓,1
6389,锁,4552,缆,1
6389,锁,4556,缋,1
6389,锁,6304,钦,1
6389,锁,6376,铴,1
6389,锁,6453,镄,1
6389,锁,6456,镇,1
6389,锁,6460,镋,1
6389,锁,6480,镟,1
6389,锁,6726,颂,1
6389,锁,6729,颅,1
6389,锁,6730,领,1
6390,锂,6414,锚,1
6390,锂,6418,锞,1
6390,锂,6440,锶,1
6392,锄,6326,钼,1
6393,锅,266,俩,1
6393,锅,4270,竭,1
6393,锅,4576,缡,1
6393,锅,6298,钠,1
6393,锅,6307,钩,1
6393,锅,6355,铞,1
6393,锅,6408,锔,1
6393,锅,6420,锡,1
6393,锅,6440,锶,1
6393,锅,6495,镯,1
6394,锆,2699,梏,1
6394,锆,6383,铻,1
6395,锇,6348,铖,1
6395,锇,6367,铫,1
6396,锈,3655,琇,1
6396,锈,6362,铥,1
6396,锈,6461,镌,1
6397,锉,4485,绁,1
6397,锉,5649,诛,1
6397,锉,6325,钻,1
6397,锉,6335,铅,1
6397,锉,6364,铨,1
6397,锉,6390,锂,1
6397,锉,6423,锤,1
6398,锊,6407,锓,1
6399,锋,4292,符,1
6399,锋,5639,译,1
6399,锋,6370,铮,1
6399,锋,6417,锝,1
6400,锌,213,佯,1
6400,锌,4345,箨,1
6400,锌,4458,纤,1
6400,锌,4510,绛,1
6400,锌,6363,铧,1
6400,锌,6370,铮,1
6400,锌,6374,铲,1
6400,锌,6399,锋,1
6400,锌,6962,鲜,1
6401,锍,6360,铣,1
6401,锍,7151,鼠,1
6403,锏,6353,铜,1
6404,锐,4552,缆,1
6404,锐,6295,钝,1
6404,锐,6339,铊,1
6404,锐,6360,铣,1
6404,锐,6401,锍,1
6404,锐,6419,锟,1
6404,锐,6477,镜,1
6404,锐,6719,须,1
6405,锑,6337,铈,1
6405,锑,6374,铲,1
6406,锒,6378,银,1
6407,锓,6473,镘,1
6408,锔,6280,钌,1
6408,锔,6434,锯,1
6408,锔,6666,静,1
6408,锔,6798,饷,1
6410,锖,6347,铕,1
6410,锖,6411,锗,1
6410,锖,6413,错,1
6410,锖,6416,锜,1
6411,锗,4525,绪,1
6411,锗,6383,铻,1
6411,锗,6412,锘,1
6411,锗,6416,锜,1
6411,锗,6489,镨,1
6412,锘,6291,钙,1
6412,锘,6394,锆,1
6412,锘,6813,馈,1
6413,错,316,偶,1
6413,错,2231,措,1
6413,错,2286,搭,1
6413,错,4565,缕,1
6413,错,6410,锖,1
6413,错,6417,锝,1
6413,错,6438,锴,1
6413,错,6454,镅,1
6414,锚,235,侣,1
6414,锚,3584,猫,1
6414,锚,4336,箔,1
6414,锚,6318,钴,1
6414,锚,6346,铒,1
6414,锚,6383,铻,1
6414,锚,6411,锗,1
6414,锚,6413,错,1
6415,锛,6416,锜,1
6417,锝,6420,锡,1
6419,锟,6378,银,1
6419,锟,6406,锒,1
6420,锡,4270,竭,1
6420,锡,4535,绵,1
6420,锡,6355,铞,1
6420,锡,6375,铳,1
6420,锡,6376,铴,1
6420,锡,6425,锦,1
6420,锡,6495,镯,1
6421,锢,6329,钿,1
6422,锣,2745,椤,1
6422,锣,2891,毁,1
6422,锣,4461,级,1
6422,锣,4536,绶,1
6422,锣,4581,缦,1
6422,锣,6390,锂,1
6422,锣,6446,锼,1
6422,锣,6766,飕,1
6423,锤,6424,锥,1
6423,锤,6452,镃,1
6424,锥,1801,循,1
6424,锥,4311,筑,1
6424,锥,5651,话,1
6424,锥,6333,铃,1
6424,锥,6335,铅,1
6424,锥,6361,铤,1
6424,锥,6423,锤,1
6424,锥,6461,镌,1
6424,锥,6491,镪,1
6425,锦,4317,筛,1
6425,锦,5748,豨,1
6426,锧,6389,锁,1
6427,锨,2857,歙,1
6427,锨,4560,缏,1
6427,锨,6431,锬,1
6427,锨,6443,锹,1
6429,锪,6440,锶,1
6430,锫,6354,铝,1
6430,锫,6383,铻,1
6430,锫,6412,锘,1
6431,锬,6451,镂,1
6432,锭,1780,彼,1
6432,锭,6349,铗,1
6432,锭,6372,铰,1
6432,锭,6377,铵,1
6432,锭,6404,锐,1
6432,锭,6468,镓,1
6433,键,3519,犍,1
6433,键,3658,琎,1
6433,键,4522,继,1
6433,键,5346,蛙,1
6434,锯,180,伲,1
6434,锯,3661,琚,1
6434,锯,6383,铻,1
6434,锯,6412,锘,1
6434,锯,6423,锤,1
6434,锯,6444,锺,1
6435,锰,3197,温,1
6435,锰,6338,铉,1
6435,锰,6467,镒,1
6438,锴,5103,莳,1
6438,锴,6486,镥,1
6439,锵,7005,鳉,1
6440,锶,6419,锟,1
6440,锶,6429,锪,1
6440,锶,7045,鸰,1
6441,锷,6422,锣,1
6442,锸,6379,铷,1
6442,锸,6382,铺,1
6442,锸,6476,镛,1
6442,锸,6478,镝,1
6443,锹,248,俄,1
6443,锹,3219,湫,1
6443,锹,4474,纵,1
6443,锹,6433,键,1
6443,锹,6487,镦,1
6445,锻,5462,衔,1
6445,锻,6301,钣,1
6445,锻,6424,锥,1
6445,锻,6487,镦,1
6446,锼,6437,锲,1
6447,锾,3683,瑗,1
6447,锾,6342,铍,1
6447,锾,6493,镬,1
6448,锿,6406,锒,1
6449,镀,4560,缏,1
6449,镀,4575,缠,1
6449,镀,5908,踱,1
6449,镀,6301,钣,1
6449,镀,6386,链,1
6449,镀,6407,锓,1
6449,镀,6426,锧,1
6449,镀,6445,锻,1
6449,镀,6493,镬,1
6450,镁,1788,徉,1
6450,镁,4527,续,1
6450,镁,4561,缑,1
6450,镁,5366,蜈,1
6450,镁,6405,锑,1
6450,镁,6455,镆,1
6450,镁,6485,镤,1
6451,镂,6897,髅,1
6454,镅,6495,镯,1
6455,镆,6818,馍,1
6456,镇,1805,德,1
6456,镇,3252,滇,1
6456,镇,4215,稹,1
6456,镇,5252,蕻,1
6456,镇,6351,铙,1
6456,镇,6457,镈,1
6456,镇,6469,镔,1
6456,镇,6980,鲯,1
6457,镈,6382,铺,1
6457,镈,6417,锝,1
6458,镉,6388,销,1
6458,镉,6478,镝,1
6459,镊,3161,淑,1
6459,镊,4722,肆,1
6460,镋,6339,铊,1
6460,镋,6357,铠,1
6460,镋,6404,锐,1
6461,镌,6396,锈,1
6461,镌,6490,镩,1
6462,镍,1794,徕,1
6462,镍,4521,绦,1
6462,镍,4542,综,1
6462,镍,5385,蜱,1
6462,镍,6355,铞,1
6462,镍,6417,锝,1
6462,镍,6425,锦,1
6462,镍,6463,镎,1
6463,镎,6468,镓,1
6463,镎,6498,镲,1
6464,镏,6494,镭,1
6464,镏,6495,镯,1
6465,镐,3521,犒,1
6465,镐,4219,稿,1
6465,镐,4320,筠,1
6465,镐,4531,绱,1
6465,镐,4574,缟,1
6465,镐,4576,缡,1
6465,镐,6408,锔,1
6465,镐,6410,锖,1
6465,镐,6416,锜,1
6465,镐,6457,镈,1
6466,镑,4105,磅,1
6466,镑,4518,绣,1
6466,镑,4589,缮,1
6466,镑,6417,锝,1
6466,镑,6434,锯,1
6466,镑,6461,镌,1
6467,镒,6501,镵,1
6469,镔,6432,锭,1
6470,镕,3303,潞,1
6470,镕,3450,熔,1
6470,镕,6430,锫,1
6472,镗,6467,镒,1
6473,镘,4581,缦,1
6473,镘,6407,锓,1
6473,镘,6446,锼,1
6473,镘,6486,镥,1
6473,镘,6495,镯,1
6473,镘,6822,馒,1
6474,镙,6420,锡,1
6476,镛,3520,犏,1
6476,镛,6496,镰,1
6477,镜,3110,浣,1
6477,镜,6285,钒,1
6477,镜,6428,锩,1
6477,镜,6450,镁,1
6477,镜,6469,镔,1
6477,镜,6497,镱,1
6477,镜,6501,镵,1
6479,镞,6480,镟,1
6482,镡,6471,镖,1
6482,镡,6494,镭,1
6484,镣,1160,塬,1
6484,镣,2095,抟,1
6484,镣,3306,潦,1
6484,镣,4195,称,1
6484,镣,6806,馀,1
6487,镦,2363,敏,1
6487,镦,6448,锿,1
6489,镨,4818,腈,1
6490,镩,6466,镑,1
6494,镭,4533,绳,1
6494,镭,4576,缡,1
6494,镭,5990,辆,1
6494,镭,6464,镏,1
6494,镭,6471,镖,1
6494,镭,6478,镝,1
6494,镭,6819,馏,1
6494,镭,7016,鳕,1
6495,镯,6474,镙,1
6496,镰,283,倔,1
6496,镰,3824,痍,1
6496,镰,4578,缣,1
6496,镰,6444,锺,1
6497,镱,6451,镂,1
6497,镱,6499,镳,1
6498,镲,6444,锺,1
6498,镲,6471,镖,1
6498,镲,6481,镠,1
6498,镲,6816,馋,1
6499,镳,6455,镆,1
6502,镶,273,俵,1
6502,镶,4563,缓,1
6502,镶,6497,镱,1
6502,镶,6825,馕,1
6503,长,1485,尺,1
6503,长,3368,炎,1
6503,长,3524,犬,1
6503,长,4928,良,1
6504,门,116,仃,1
6504,门,407,冫,1
6504,门,4464,纪,1
6504,门,6505,闩,1
6505,闩,2951,汈,1
6506,闪,392,冈,1
6506,闪,1607,川,1
6506,闪,2952,汉,1
6506,闪,2966,汨,1
6506,闪,3001,沨,1
6506,闪,6628,雎,1
6508,闭,598,卤,1
6508,闭,3742,用,1
6508,闭,3744,甪,1
6509,问,553,匈,1
6509,问,687,同,1
6509,问,692,向,1
6509,问,747,呵,1
6509,问,2420,旧,1
6509,问,2522,月,1
6509,问,6511,闰,1
6510,闯,1002,囝,1
6510,闯,1003,回,1
6510,闯,6512,闱,1
6510,闯,6513,闲,1
6510,闯,6516,闵,1
6510,闯,6525,闾,1
6510,闯,6537,阊,1
6510,闯,6546,阔,1
6511,闰,1010,园,1
6511,闰,5300,虱,1
6511,闰,6507,闫,1
6511,闰,6510,闯,1
6511,闰,6517,闶,1
6511,闰,6521,闺,1
6511,闰,6524,闽,1
6512,闱,3010,沸,1
6513,闲,392,冈,1
6513,闲,3742,用,1
6513,闲,6535,阈,1
6514,闳,1005,因,1
6514,闳,4724,肉,1
6514,闳,6517,闶,1
6514,闳,6524,闽,1
6514,闳,6534,阇,1
6515,间,687,同,1
6515,间,1534,岣,1
6515,间,1786,徇,1
6515,间,3368,炎,1
6515,间,5626,诃,1
6515,间,5656,询,1
6515,间,6505,闩,1
6515,间,6511,闰,1
6515,间,6524,闽,1
6516,闵,6517,闶,1
6517,闶,6525,闾,1
6517,闶,6529,阂,1
6518,闷,687,同,1
6518,闷,798,响,1
6518,闷,1001,四,1
6518,闷,3011,油,1
6518,闷,4604,网,1
6518,闷,6506,闪,1
6519,闸,3744,甪,1
6519,闸,6532,阅,1
6520,闹,1008,囤,1
6520,闹,3027,泖,1
6520,闹,6529,阂,1
6520,闹,6535,阈,1
6520,闹,6544,阑,1
6521,闺,1013,围,1
6521,闺,1020,圃,1
6521,闺,3059,洌,1
6521,闺,3102,浔,1
6521,闺,3236,溥,1
6521,闺,6526,闿,1
6521,闺,6532,阅,1
6521,闺,6541,阎,1
6521,闺,6549,阗,1
6522,闻,1016,固,1
6522,闻,6510,闯,1
6522,闻,6511,闰,1
6522,闻,6515,间,1
6522,闻,6524,闽,1
6522,闻,6532,阅,1
6522,闻,6543,阐,1
6522,闻,6549,阗,1
6524,闽,395,再,1
6524,闽,2986,沏,1
6524,闽,3039,泪,1
6524,闽,3808,疳,1
6524,闽,6511,闰,1
6524,闽,6514,闳,1
6524,闽,6530,阃,1
6525,闾,5635,词,1
6525,闾,6526,闿,1
6525,闾,6539,阌,1
6526,闿,6521,闺,1
6526,闿,6532,阅,1
6526,闿,6538,阋,1
6527,阀,553,匈,1
6527,阀,1412,宙,1
6527,阀,6508,闭,1
6527,阀,6540,阍,1
6527,阀,6551,阙,1
6528,阁,433,凤,1
6528,阁,743,周,1
6528,阁,1017,国,1
6528,阁,5688,调,1
6528,阁,6514,闳,1
6528,阁,6517,闶,1
6528,阁,6525,闾,1
6528,阁,6537,阊,1
6528,阁,6541,阎,1
6529,阂,2986,沏,1
6529,阂,6507,闫,1
6529,阂,6511,闰,1
6529,阂,6514,闳,1
6529,阂,6517,闶,1
6529,阂,6521,闺,1
6529,阂,6524,闽,1
6529,阂,6532,阅,1
6529,阂,6545,阒,1
6529,阂,6548,阖,1
6529,阂,6549,阗,1
6529,阂,6551,阙,1
6531,阄,6538,阋,1
6531,阄,6543,阐,1
6532,阅,2951,汈,1
6532,阅,3324,澥,1
6532,阅,6509,问,1
6532,阅,6514,闳,1
6532,阅,6516,闵,1
6532,阅,6525,闾,1
6532,阅,6533,阆,1
6532,阅,6549,阗,1
6533,阆,6525,闾,1
6533,阆,6532,阅,1
6534,阇,6512,闱,1
6534,阇,6517,闶,1
6534,阇,6540,阍,1
6534,阇,6548,阖,1
6536,阉,1014,囵,1
6536,阉,1024,圉,1
6536,阉,6532,阅,1
6536,阉,6534,阇,1
6537,阊,6526,闿,1
6537,阊,6531,阄,1
6537,阊,6541,阎,1
6537,阊,6546,阔,1
6538,阋,6527,阀,1
6538,阋,6533,阆,1
6538,阋,6551,阙,1
6539,阌,6528,阁,1
6540,阍,6535,阈,1
6540,阍,6537,阊,1
6540,阍,6550,阘,1
6541,阎,3079,洵,1
6541,阎,3163,淘,1
6541,阎,6518,闷,1
6541,阎,6521,闺,1
6541,阎,6523,闼,1
6541,阎,6528,阁,1
6541,阎,6534,阇,1
6541,阎,6550,阘,1
6541,阎,6633,雨,1
6542,阏,3245,溷,1
6542,阏,6528,阁,1
6543,阐,1020,圃,1
6543,阐,3742,用,1
6543,阐,5731,谰,1
6543,阐,6519,闸,1
6543,阐,6520,闹,1
6543,阐,6526,闿,1
6543,阐,6531,阄,1
6543,阐,6532,阅,1
6543,阐,6535,阈,1
6544,阑,3322,澜,1
6544,阑,6511,闰,1
6544,阑,6524,闽,1
6544,阑,6533,阆,1
6544,阑,6535,阈,1
6544,阑,6543,阐,1
6544,阑,6545,阒,1
6545,阒,6521,闺,1
6546,阔,1904,悃,1
6546,阔,2525,朋,1
6546,阔,3019,泅,1
6546,阔,3364,炀,1
6546,阔,3680,瑁,1
6546,阔,6509,问,1
6546,阔,6525,闾,1
6546,阔,6527,阀,1
6546,阔,6528,阁,1
6546,阔,6530,阃,1
6546,阔,6533,阆,1
6546,阔,6540,阍,1
6546,阔,6542,阏,1
6547,阕,6542,阏,1
6548,阖,496,剖,1
6548,阖,6521,闺,1
6548,阖,6526,闿,1
6549,阗,437,凰,1
6549,阗,6521,闺,1
6549,阗,6522,闻,1
6549,阗,6535,阈,1
6549,阗,6540,阍,1
6551,阙,3240,溯,1
6552,阚,6542,阏,1
6553,阜,584,卑,1
6553,阜,1642,帛,1
6553,阜,2422,早,1
6553,阜,2600,枭,1
6553,阜,2674,桌,1
6553,阜,4274,竽,1
6553,阜,4696,耳,1
6553,阜,5952,身,1
6553,阜,6011,辛,1
6553,阜,6616,隼,1
6554,阝,46,乃,1
6554,阝,1667,干,1
6555,队,140,以,1
6555,队,5853,趴,1
6555,队,6557,阢,1
6559,阮,2524,朊,1
6559,阮,3110,浣,1
6559,阮,6587,院,1
6559,阮,6594,陲,1
6560,阱,5857,趼,1
6561,防,2439,昉,1
6561,防,3084,洽,1
6561,防,3638,珏,1
6561,防,4741,肪,1
6561,防,5869,跖,1
6561,防,6555,队,1
6561,防,6565,阶,1
6561,防,6592,陪,1
6562,阳,267,俪,1
6562,阳,607,即,1
6562,阳,3027,泖,1
6562,阳,6018,辫,1
6562,阳,6569,阿,1
6562,阳,6595,陴,1
6562,阳,6793,饲,1
6563,阴,2530,朗,1
6563,阴,4642,羽,1
6563,阴,5663,诩,1
6563,阴,6518,闷,1
6563,阴,6569,阿,1
6563,阴,6572,附,1
6564,阵,1912,悚,1
6564,阵,4036,砗,1
6564,阵,4149,祥,1
6564,阵,6573,际,1
6564,阵,6595,陴,1
6565,阶,2044,所,1
6565,阶,5857,趼,1
6565,阶,6556,阡,1
6565,阶,6561,防,1
6565,阶,6580,降,1
6565,阶,6888,骱,1
6566,阻,1855,怛,1
6566,阻,3039,泪,1
6566,阻,4760,胆,1
6566,阻,5867,跐,1
6566,阻,6563,阴,1
6566,阻,6584,陛,1
6566,阻,6840,驵,1
6567,阼,2453,昨,1
6568,阽,3629,玷,1
6569,阿,605,印,1
6569,阿,3633,珂,1
6569,阿,6573,际,1
6570,陀,6206,酡,1
6570,陀,6561,防,1
6570,陀,6589,陧,1
6571,陂,2102,披,1
6571,陂,4837,腱,1
6571,陂,6722,顾,1
6572,附,4676,耐,1
6572,附,5870,跗,1
6572,附,6563,阴,1
6572,附,6569,阿,1
6573,际,1911,悖,1
6573,际,2902,毖,1
6573,际,6564,阵,1
6573,际,6588,除,1
6573,际,6609,隙,1
6574,陆,6570,陀,1
6575,陇,3048,泷,1
6575,陇,3640,珑,1
6576,陈,417,冻,1
6576,陈,3099,浑,1
6576,陈,3388,炼,1
6576,陈,5874,跞,1
6576,陈,6569,阿,1
6576,陈,6594,陲,1
6578,陋,4248,窝,1
6578,陋,6561,防,1
6578,陋,6570,陀,1
6578,陋,6604,随,1
6579,陌,214,佰,1
6579,陌,1852,怕,1
6579,陌,2454,昭,1
6579,陌,4842,腼,1
6579,陌,5869,跖,1
6579,陌,6562,阳,1
6579,陌,6598,陷,1
6579,陌,6606,隔,1
6580,降,3847,瘁,1
6580,降,6014,辟,1
6580,降,6343,铎,1
6580,降,6610,障,1
6581,限,800,哏,1
6581,限,4410,粮,1
6583,陕,3087,浃,1
6583,陕,3374,炜,1
6583,陕,6576,陈,1
6584,陛,6589,陧,1
6585,陟,6586,陡,1
6586,陡,1793,徒,1
6586,陡,5355,蛱,1
6586,陡,5802,赆,1
6586,陡,6574,陆,1
6586,陡,6575,陇,1
6586,陡,6590,陨,1
6587,院,3411,烷,1
6587,院,3992,瞠,1
6587,院,4806,脘,1
6587,院,6570,陀,1
6587,院,6591,险,1
6587,院,6722,顾,1
6588,除,1500,屎,1
6588,除,2133,拜,1
6588,除,3662,琛,1
6588,除,3671,琮,1
6588,除,3964,睁,1
6588,除,6568,阽,1
6588,除,6573,际,1
6588,除,6574,陆,1
6588,除,6598,陷,1
6588,除,6610,障,1
6589,陧,4831,腥,1
6590,陨,224,侈,1
6590,陨,354,允,1
6590,陨,2197,损,1
6590,陨,6565,阶,1
6590,陨,6715,顷,1
6590,陨,6729,颅,1
6591,险,1560,峪,1
6591,险,1856,怜,1
6591,险,3968,睑,1
6591,险,4077,硷,1
6591,险,6573,际,1
6591,险,6577,陉,1
6591,险,6602,隋,1
6592,陪,279,倍,1
6592,陪,828,唁,1
6592,陪,1125,培,1
6592,陪,1650,帱,1
6592,陪,4088,碚,1
6592,陪,5346,蛙,1
6592,陪,5815,赔,1
6592,陪,6229,醅,1
6592,陪,6587,院,1
6592,陪,6588,除,1
6592,陪,6602,隋,1
6592,陪,7138,黯,1
6593,陬,6169,郦,1
6594,陲,2500,暨,1
6594,陲,4558,缍,1
6596,陵,836,唛,1
6596,陵,1653,帻,1
6596,陵,3129,涔,1
6596,陵,6574,陆,1
6597,陶,281,倒,1
6597,陶,2219,掏,1
6597,陶,3136,涠,1
6597,陶,3163,淘,1
6597,陶,4789,胸,1
6597,陶,5488,袍,1
6597,陶,6593,陬,1
6597,陶,6598,陷,1
6598,陷,3428,焰,1
6598,陷,5920,蹈,1
6600,隆,3171,淫,1
6600,隆,4371,篷,1
6600,隆,6579,陌,1
6600,隆,6580,降,1
6600,隆,6582,陔,1
6600,隆,6592,陪,1
6601,隈,6581,限,1
6602,隋,4847,膂,1
6602,隋,4866,臂,1
6602,隋,5924,蹐,1
6603,隍,6589,陧,1
6603,隍,6600,隆,1
6604,随,36,临,1
6604,随,872,啮,1
6604,随,6096,遁,1
6604,随,6578,陋,1
6604,随,6586,陡,1
6605,隐,4213,稳,1
6605,隐,6586,陡,1
6605,隐,6588,除,1
6605,隐,6607,隗,1
6605,隐,6802,饻,1
6606,隔,4848,膈,1
6606,隔,5913,踽,1
6606,隔,5915,蹁,1
6606,隔,6598,陷,1
6606,隔,6599,隅,1
6606,隔,6870,骗,1
6608,隘,914,嗌,1
6608,隘,3235,溢,1
6608,隘,4843,腽,1
6608,隘,6600,隆,1
6609,隙,2489,晾,1
6609,隙,3989,瞑,1
6609,隙,4805,脖,1
6609,隙,4828,腙,1
6609,隙,6564,阵,1
6609,隙,6573,际,1
6609,隙,6588,除,1
6610,障,6556,阡,1
6610,障,6580,降,1
6611,隧,4111,磕,1
6611,隧,6570,陀,1
6611,隧,6576,陈,1
6611,隧,6608,隘,1
6614,隶,4179,秉,1
6614,隶,4720,肃,1
6614,隶,6651,霏,1
6615,隹,192,住,1
6615,隹,1143,堡,1
6617,隽,5797,赁,1
6618,难,754,咀,1
6618,难,997,囊,1
6618,难,1131,堆,1
6618,难,1280,姓,1
6618,难,3272,滩,1
6618,难,4085,碓,1
6618,难,5555,观,1
6618,难,6125,邓,1
6619,雀,422,准,1
6619,雀,606,危,1
6619,雀,3938,省,1
6619,雀,5034,茫,1
6619,雀,5147,萑,1
6619,雀,5277,藩,1
6619,雀,6624,雇,1
6620,雁,573,匾,1
6620,雁,633,厩,1
6620,雁,1253,妊,1
6620,雁,2912,毹,1
6620,雁,3937,盾,1
6620,雁,6626,雌,1
6621,雄,5314,蚍,1
6621,雄,6622,雅,1
6622,雅,6868,骓,1
6623,集,4293,笨,1
6623,集,4876,臬,1
6623,集,7128,黛,1
6624,雇,330,催,1
6624,雇,1509,屣,1
6624,雇,5035,茬,1
6624,雇,5289,虎,1
6624,雇,6619,雀,1
6624,雇,6620,雁,1
6625,雉,4534,维,1
6626,雌,90,些,1
6626,雌,3299,潍,1
6626,雌,3333,濉,1
6626,雌,6625,雉,1
6627,雍,4698,耶,1
6627,雍,6367,铫,1
6627,雍,6620,雁,1
6627,雍,6621,雄,1
6628,雎,3969,睚,1
6628,雎,3971,睡,1
6628,雎,3995,瞧,1
6628,雎,6618,难,1
6629,雏,2297,摊,1
6629,雏,2912,毹,1
6629,雏,3299,潍,1
6629,雏,6333,铃,1
6629,雏,6424,锥,1
6629,雏,6628,雎,1
6631,雕,1657,幄,1
6631,雕,2524,朊,1
6631,雕,3272,滩,1
6631,雕,3333,濉,1
6631,雕,3972,睢,1
6632,雠,6386,链,1
6633,雨,42,丽,1
6633,雨,395,再,1
6633,雨,1924,悯,1
6633,雨,4674,而,1
6634,雩,1429,害,1
6634,雩,6638,零,1
6635,雪,1429,害,1
6635,雪,1759,当,1
6635,雪,6638,零,1
6637,雳,1642,帛,1
6637,雳,5551,要,1
6637,雳,5553,覆,1
6637,雳,6634,雩,1
6638,零,4177,秃,1
6638,零,6635,雪,1
6638,零,6636,雯,1
6639,雷,3767,留,1
6639,雷,6635,雪,1
6639,雷,6641,雾,1
6640,雹,1623,巷,1
6640,雹,4350,箭,1
6641,雾,1215,夷,1
6641,雾,6638,零,1
6642,需,4441,紫,1
6642,需,5266,薷,1
6642,需,6639,雷,1
6642,需,6647,霈,1
6644,霄,2517,曹,1
6644,霄,3748,甯,1
6644,霄,4324,筲,1
6644,霄,6646,震,1
6644,霄,6648,霉,1
6645,霆,6636,雯,1
6645,霆,6650,霎,1
6646,震,2902,毖,1
6646,震,5522,裳,1
6646,震,6649,霍,1
6647,霈,1639,帘,1
6648,霉,5089,莓,1
6648,霉,5551,要,1
6648,霉,5552,覃,1
6648,霉,6640,雹,1
6648,霉,6650,霎,1
6648,霉,6656,霪,1
6649,霍,1180,壅,1
6649,霍,5034,茫,1
6649,霍,6619,雀,1
6649,霍,6644,霄,1
6650,霎,946,嘎,1
6650,霎,6635,雪,1
6650,霎,6648,霉,1
6651,霏,4615,罪,1
6652,霓,405,冤,1
6652,霓,6639,雷,1
6653,霖,2727,森,1
6653,霖,6660,霸,1
6654,霜,4517,绢,1
6654,霜,6660,霸,1
6655,霞,107,亵,1
6655,霞,6658,霰,1
6658,霰,6655,霞,1
6659,露,6656,霪,1
6660,霸,3352,灞,1
6661,霹,6830,馥,1
6662,霾,1451,寤,1
6662,霾,6643,霁,1
6663,青,1225,奉,1
6663,青,1461,寿,1
6663,青,3947,眚,1
6663,青,5113,菁,1
6663,青,5767,责,1
6663,青,6829,香,1
6664,靓,5556,规,1
6665,靖,816,哧,1
6665,靖,1327,婧,1
6665,靖,3190,渚,1
6665,靖,4525,绪,1
6665,靖,4574,缟,1
6665,靖,5703,谓,1
6665,靖,5711,谛,1
6665,靖,6978,鲭,1
6666,静,2133,拜,1
6666,静,4862,膺,1
6666,静,5578,觯,1
6667,靛,5333,蛀,1
6667,靛,5831,赦,1
6667,靛,6749,颜,1
6668,非,864,啡,1
6668,非,1942,惟,1
6668,非,2112,拃,1
6668,非,2117,拈,1
6668,非,3074,洮,1
6668,非,3489,牂,1
6668,非,4041,砟,1
6668,非,4732,肜,1
6668,非,4764,胖,1
6668,非,5133,菲,1
6668,非,5874,跞,1
6668,非,6135,邪,1
6669,靠,102,京,1
6669,靠,3402,烤,1
6670,靡,4429,糜,1
6670,靡,5287,蘼,1
6670,靡,7111,麝,1
6671,面,664,召,1
6671,面,1019,囿,1
6671,面,5457,血,1
6671,面,5569,角,1
6671,面,6078,通,1
6673,革,77,争,1
6673,革,2613,某,1
6673,革,3509,牵,1
6673,革,4938,节,1
6673,革,4942,芋,1
6673,革,4975,芾,1
6673,革,5043,茸,1
6673,革,5052,草,1
6673,革,5066,荣,1
6673,革,5105,莶,1
6673,革,5141,萆,1
6674,靰,4744,肮,1
6674,靰,6675,靳,1
6675,靳,2396,斩,1
6675,靳,2400,新,1
6675,靳,6660,霸,1
6677,靶,555,匏,1
6677,靶,6674,靰,1
6679,靺,4187,秣,1
6682,靿,6678,靸,1
6683,鞁,6675,靳,1
6683,鞁,6678,靸,1
6684,鞅,6676,靴,1
6685,鞋,583,协,1
6685,鞋,4632,羟,1
6685,鞋,5020,茌,1
6685,鞋,5982,轾,1
6685,鞋,6692,鞡,1
6685,鞋,6693,鞣,1
6685,鞋,6705,韩,1
6685,鞋,6868,骓,1
6686,鞍,6678,靸,1
6686,鞍,6683,鞁,1
6686,鞍,6698,鞯,1
6688,鞒,6185,鄞,1
6688,鞒,6674,靰,1
6690,鞘,6015,辣,1
6690,鞘,6332,铂,1
6690,鞘,6683,鞁,1
6690,鞘,6688,鞒,1
6690,鞘,6694,鞧,1
6690,鞘,6699,鞲,1
6691,鞠,5963,轫,1
6696,鞫,2533,期,1
6696,鞫,6691,鞠,1
6697,鞭,5832,赧,1
6697,鞭,6678,靸,1
6697,鞭,6689,鞔,1
6698,鞯,2221,排,1
6698,鞯,6690,鞘,1
6699,鞲,6700,鞴,1
6700,鞴,4004,瞽,1
6701,韂,5761,貘,1
6701,韂,6698,鞯,1
6702,韦,53,乍,1
6702,韦,1459,寻,1
6702,韦,1740,弗,1
6702,韦,2444,易,1
6702,韦,3745,甫,1
6702,韦,4937,艿,1
6702,韦,4978,苇,1
6703,韧,1897,恸,1
6703,韧,3505,物,1
6705,韩,2892,毂,1
6705,韩,6666,静,1
6708,韬,5920,蹈,1
6709,韭,1926,悲,1
6709,韭,2355,改,1
6709,韭,5133,菲,1
6709,韭,6668,非,1
6710,音,1200,多,1
6710,音,1768,彦,1
6710,音,2445,昔,1
6710,音,2451,春,1
6710,音,3932,盲,1
6710,音,4747,育,1
6711,韵,2680,桕,1
6711,韵,4009,矜,1
6711,韵,5753,豹,1
6712,韶,4133,祃,1
6712,韶,5755,貂,1
6712,韶,6171,部,1
6712,韶,6984,鲳,1
6712,韶,7064,鹄,1
6713,页,361,克,1
6713,页,646,反,1
6713,页,736,员,1
6713,页,3355,灭,1
6713,页,4954,芡,1
6714,顶,246,便,1
6714,顶,1494,屃,1
6714,顶,2197,损,1
6714,顶,2843,欣,1
6714,顶,6716,顸,1
6714,顶,6728,预,1
6715,顷,735,呗,1
6715,顷,1040,圻,1
6715,顷,1106,埇,1
6715,顷,1115,埙,1
6715,顷,1526,岖,1
6715,顷,6720,顼,1
6716,顸,6720,顼,1
6717,项,719,吹,1
6717,项,1131,堆,1
6717,项,2356,攻,1
6717,项,2841,次,1
6717,项,6715,顷,1
6718,顺,303,倾,1
6718,顺,811,哝,1
6718,顺,890,喉,1
6718,顺,1631,师,1
6718,顺,3403,烦,1
6718,顺,6726,颂,1
6719,须,295,倪,1
6719,须,3403,烦,1
6719,须,4478,纹,1
6719,须,4491,织,1
6719,须,6718,顺,1
6719,须,6724,颀,1
6720,顼,3660,琐,1
6721,顽,1745,弥,1
6721,顽,3273,滪,1
6721,顽,4060,硁,1
6721,顽,6734,颊,1
6721,顽,6738,颏,1
6722,顾,303,倾,1
6722,顾,4038,砚,1
6722,顾,4053,砸,1
6722,顾,6590,陨,1
6722,顾,6723,顿,1
6722,顾,6732,颈,1
6722,顾,6739,颐,1
6723,顿,2454,昭,1
6723,顿,6720,顼,1
6723,顿,6734,颊,1
6723,顿,6739,颐,1
6724,颀,303,倾,1
6724,颀,6718,顺,1
6724,颀,6722,顾,1
6725,颁,2844,欤,1
6725,颁,3905,皱,1
6725,颁,6719,须,1
6725,颁,6724,颀,1
6725,颁,6728,预,1
6725,颁,6736,颌,1
6726,颂,6715,顷,1
6727,颃,6789,饮,1
6729,颅,6719,须,1
6729,颅,6725,颁,1
6729,颅,6728,预,1
6730,领,3726,瓴,1
6730,领,6304,钦,1
6730,领,6725,颁,1
6730,领,6732,颈,1
6731,颇,3335,濒,1
6731,颇,6583,陕,1
6731,颇,6604,随,1
6731,颇,6749,颜,1
6732,颈,2856,歌,1
6732,颈,3552,狭,1
6732,颈,6725,颁,1
6732,颈,6726,颂,1
6732,颈,6728,预,1
6732,颈,6730,领,1
6734,颊,3403,烦,1
6734,颊,3610,玑,1
6735,颋,4645,翅,1
6735,颋,6112,遨,1
6736,颌,2368,敛,1
6736,颌,3726,瓴,1
6736,颌,6726,颂,1
6736,颌,6731,颇,1
6736,颌,6742,颔,1
6736,颌,6746,颙,1
6739,颐,4873,臣,1
6740,频,2854,歇,1
6740,频,3335,濒,1
6740,频,5558,视,1
6740,频,5567,觐,1
6740,频,6748,颛,1
6740,频,7172,龄,1
6741,颓,6719,须,1
6741,颓,6727,颃,1
6742,颔,6730,领,1
6743,颖,2848,欸,1
6743,颖,2851,款,1
6743,颖,3785,疑,1
6743,颖,5156,萩,1
6743,颖,6744,颗,1
6743,颖,6754,颡,1
6744,颗,2417,既,1
6744,颗,6745,题,1
6744,颗,6757,颥,1
6744,颗,7136,黩,1
6745,题,560,匙,1
6745,题,1239,奭,1
6745,题,5844,超,1
6745,题,5905,踬,1
6747,颚,6180,鄂,1
6747,颚,6634,雩,1
6748,颛,6757,颥,1
6749,颜,6727,颃,1
6749,颜,6735,颋,1
6749,颜,6752,颟,1
6750,额,3731,甄,1
6750,额,5263,薮,1
6750,额,6304,钦,1
6750,额,6754,颡,1
6750,额,6755,颢,1
6750,额,6757,颥,1
6751,颞,6757,颥,1
6753,颠,1603,巅,1
6753,颠,6759,颧,1
6755,颢,1775,影,1
6755,颢,2854,歇,1
6755,颢,7136,黩,1
6756,颤,6738,颏,1
6756,颤,6749,颜,1
6757,颥,6746,颙,1
6757,颥,6754,颡,1
6758,颦,4385,簪,1
6758,颦,5376,蜚,1
6759,颧,630,厥,1
6759,颧,5246,蕨,1
6759,颧,6737,颍,1
6759,颧,6741,颓,1
6760,风,432,凡,1
6760,风,688,名,1
6760,风,3717,瓜,1
6760,风,5608,讯,1
6761,飐,5784,贴,1
6762,飑,6765,飔,1
6763,飒,531,劾,1
6763,飒,1615,巩,1
6763,飒,4039,砜,1
6763,飒,4461,级,1
6763,飒,4471,纲,1
6763,飒,4646,翊,1
6763,飒,5608,讯,1
6764,飓,6765,飔,1
6765,飔,6764,飓,1
6768,飘,4663,翱,1
6769,飙,3729,瓻,1
6771,飞,557,匕,1
6771,飞,2859,正,1
6772,食,1838,忿,1
6772,食,6273,钅,1
6772,食,7183,龛,1
6773,飧,5329,蚴,1
6773,飧,6774,飨,1
6774,飨,4594,缳,1
6774,飨,6773,飧,1
6775,餍,3484,爹,1
6777,餮,4383,簦,1
6778,饔,5503,裂,1
6778,饔,5531,褒,1
6778,饔,5928,蹙,1
6779,饕,6776,餐,1
6779,饕,7144,鼍,1
6780,饣,551,包,1
6781,饥,4726,肌,1
6781,饥,5867,跐,1
6781,饥,6285,钒,1
6782,饧,4476,纷,1
6783,饨,2985,沌,1
6784,饩,2975,汽,1
6784,饩,5304,虼,1
6784,饩,6357,铠,1
6784,饩,6799,饸,1
6786,饫,5864,跌,1
6786,饫,6789,饮,1
6787,饬,6309,钫,1
6787,饬,6784,饩,1
6788,饭,4461,级,1
6788,饭,6786,饫,1
6788,饭,6801,饺,1
6788,饭,6802,饻,1
6789,饮,138,代,1
6789,饮,206,你,1
6789,饮,4312,筒,1
6789,饮,5308,蚀,1
6789,饮,5629,识,1
6789,饮,5859,趿,1
6789,饮,6304,钦,1
6789,饮,6788,饭,1
6789,饮,6792,饱,1
6790,饯,3088,浅,1
6790,饯,5792,贼,1
6790,饯,5884,践,1
6790,饯,6795,饴,1
6790,饯,6797,饶,1
6791,饰,1826,忤,1
6791,饰,3092,浉,1
6791,饰,4307,筋,1
6792,饱,757,咆,1
6792,饱,763,咒,1
6793,饲,1779,彻,1
6793,饲,4013,矧,1
6793,饲,4465,纫,1
6793,饲,4787,胴,1
6794,饳,4059,础,1
6795,饴,4500,绐,1
6795,饴,5511,裕,1
6795,饴,6799,饸,1
6796,饵,3075,洱,1
6796,饵,3645,珥,1
6796,饵,4509,绚,1
6796,饵,6346,铒,1
6796,饵,6585,陟,1
6797,饶,1300,娆,1
6797,饶,1653,帻,1
6797,饶,1805,德,1
6797,饶,2903,毗,1
6797,饶,3090,浇,1
6797,饶,4507,绘,1
6797,饶,4514,统,1
6797,饶,5876,跣,1
6797,饶,6345,铑,1
6797,饶,6784,饩,1
6797,饶,6792,饱,1
6798,饷,6307,钩,1
6799,饸,6354,铝,1
6799,饸,6366,铪,1
6800,饹,3771,略,1
6800,饹,4511,络,1
6800,饹,4786,胳,1
6800,饹,6813,馈,1
6801,饺,4513,绞,1
6801,饺,6340,铋,1
6801,饺,6719,须,1
6801,饺,6788,饭,1
6802,饻,233,依,1
6802,饻,6373,铱,1
6803,饼,6820,馐,1
6804,饽,4805,脖,1
6804,饽,6812,馇,1
6805,饿,5664,诫,1
6805,饿,6423,锤,1
6806,馀,4450,繇,1
6806,馀,5806,赊,1
6806,馀,6364,铨,1
6807,馁,2902,毖,1
6807,馁,6795,饴,1
6807,馁,6801,饺,1
6807,馁,6806,馀,1
6808,馃,6418,锞,1
6809,馄,6335,铅,1
6809,馄,6419,锟,1
6810,馅,5920,蹈,1
6810,馅,6598,陷,1
6810,馅,6795,饴,1
6810,馅,6819,馏,1
6810,馅,6820,馐,1
6811,馆,3672,琯,1
6811,馆,5308,蚀,1
6811,馆,6813,馈,1
6811,馆,7047,鸲,1
6812,馇,5918,蹅,1
6813,馈,285,候,1
6813,馈,328,储,1
6813,馈,3224,溃,1
6813,馈,6820,馐,1
6816,馋,291,倥,1
6816,馋,3995,瞧,1
6816,馋,6809,馄,1
6817,馌,5308,蚀,1
6818,馍,919,嗔,1
6818,馍,4527,续,1
6818,馍,4572,缜,1
6818,馍,5714,谟,1
6818,馍,6821,馑,1
6819,馏,4547,缁,1
6819,馏,6639,雷,1
6820,馐,6489,镨,1
6822,馒,159,伎,1
6822,馒,1660,幔,1
6822,馒,3119,浸,1
6822,馒,3288,漫,1
6822,馒,4583,缨,1
6822,馒,5724,谩,1
6822,馒,6815,馊,1
6822,馒,6817,馌,1
6823,馓,5920,蹈,1
6826,首,40,为,1
6826,首,857,商,1
6826,首,1411,官,1
6826,首,2421,旨,1
6826,首,2932,氤,1
6826,首,3746,甬,1
6826,首,3891,百,1
6826,首,4312,筒,1
6826,首,4607,罗,1
6826,首,4875,自,1
6826,首,4992,苘,1
6826,首,4994,苜,1
6826,首,5952,身,1
6827,馗,1123,埴,1
6827,馗,3814,疽,1
6829,香,14,专,1
6829,香,869,啪,1
6829,香,1429,害,1
6829,香,2421,旨,1
6829,香,2573,杳,1
6829,香,2626,查,1
6829,香,3773,番,1
6829,香,4170,禹,1
6829,香,4175,秀,1
6829,香,5805,赉,1
6829,香,6254,重,1
6829,香,6262,銮,1
6829,香,6635,雪,1
6832,马,52,乌,1
6832,马,1371,孑,1
6832,马,1460,导,1
6832,马,1491,局,1
6832,马,1738,弓,1
6833,驭,648,叔,1
6833,驭,6837,驱,1
6834,驮,1744,张,1
6834,驮,2637,栅,1
6834,驮,6833,驭,1
6835,驯,4707,聊,1
6835,驯,5606,训,1
6836,驰,1383,孢,1
6836,驰,1754,强,1
6837,驱,5954,躯,1
6838,驳,718,吸,1
6838,驳,6863,骎,1
6839,驴,5744,豕,1
6839,驴,6135,邪,1
6840,驵,2869,殂,1
6840,驵,3333,濉,1
6842,驷,6837,驱,1
6842,驷,6840,驵,1
6843,驸,1463,射,1
6843,驸,6572,附,1
6844,驹,6868,骓,1
6845,驺,6598,陷,1
6846,驻,1749,弪,1
6846,驻,3622,玩,1
6846,驻,5996,辌,1
6846,驻,6847,驼,1
6846,驻,6851,骀,1
6846,驻,6861,验,1
6847,驼,5865,跎,1
6847,驼,6839,驴,1
6847,驼,6846,驻,1
6847,驼,6852,骁,1
6847,驼,6860,骋,1
6848,驽,7051,鸷,1
6849,驾,827,哿,1
6849,驾,2633,柴,1
6849,驾,4708,聋,1
6849,驾,5752,豸,1
6849,驾,6848,驽,1
6851,骀,3946,眙,1
6851,骀,4763,胎,1
6851,骀,5862,跆,1
6852,骁,6351,铙,1
6853,骂,1330,婴,1
6853,骂,1386,孥,1
6853,骂,4274,竽,1
6853,骂,6871,骘,1
6853,骂,6874,骛,1
6854,骄,3953,眩,1
6854,骄,4070,硚,1
6854,骄,4893,舔,1
6854,骄,5757,貉,1
6854,骄,6565,阶,1
6854,骄,6856,骆,1
6854,骄,6866,骑,1
6856,骆,3303,潞,1
6856,骆,4063,硌,1
6856,骆,5882,路,1
6856,骆,5986,辂,1
6856,骆,6846,驻,1
6856,骆,6869,骖,1
6857,骇,6846,驻,1
6858,骈,3664,琤,1
6858,骈,4578,缣,1
6858,骈,6850,驿,1
6858,骈,6870,骗,1
6859,骊,6878,骟,1
6860,骋,4713,聘,1
6860,骋,6866,骑,1
6860,骋,6883,骤,1
6861,验,2198,捡,1
6861,验,3566,猃,1
6861,验,4815,脸,1
6861,验,5985,辁,1
6861,验,6846,驻,1
6861,验,6869,骖,1
6862,骍,3489,牂,1
6862,骍,6855,骅,1
6862,骍,6858,骈,1
6863,骎,1940,惜,1
6863,骎,6596,陵,1
6863,骎,6873,骚,1
6863,骎,6880,骡,1
6864,骏,1202,够,1
6864,骏,3417,焌,1
6864,骏,6838,驳,1
6864,骏,6857,骇,1
6865,骐,6884,骥,1
6866,骑,3574,猗,1
6866,骑,6839,驴,1
6866,骑,6844,驹,1
6866,骑,6845,驺,1
6867,骒,1304,娌,1
6869,骖,6878,骟,1
6870,骗,5915,蹁,1
6870,骗,6854,骄,1
6874,骛,7097,鹭,1
6877,骞,1445,寒,1
6877,骞,2287,搴,1
6877,骞,5919,蹇,1
6877,骞,7044,鸯,1
6878,骟,6866,骑,1
6878,骟,6870,骗,1
6880,骡,6867,骒,1
6880,骡,6883,骤,1
6880,骡,7011,鳏,1
6881,骢,6880,骡,1
6882,骣,3996,瞩,1
6883,骤,6867,骒,1
6885,骧,2346,攘,1
6886,骨,1491,局,1
6886,骨,2441,昌,1
6886,骨,4312,筒,1
6886,骨,4758,胃,1
6886,骨,4774,胥,1
6886,骨,4993,苛,1
6886,骨,6940,鲁,1
6887,骰,6631,雕,1
6888,骱,3734,甑,1
6890,骷,6887,骰,1
6890,骷,7132,黠,1
6891,骸,6887,骰,1
6891,骸,6899,髌,1
6893,骼,6212,酩,1
6893,骼,6631,雕,1
6895,髁,6666,静,1
6895,髁,6894,髀,1
6896,髂,977,器,1
6896,髂,4792,能,1
6896,髂,6631,雕,1
6896,髂,6893,骼,1
6897,髅,3259,滕,1
6897,髅,7070,鹊,1
6897,髅,7158,鼷,1
6899,髌,1569,崔,1
6899,髌,4420,糇,1
6899,髌,6896,髂,1
6901,髓,4428,糙,1
6901,髓,6887,骰,1
6902,高,101,享,1
6902,高,870,啬,1
6902,高,1431,宵,1
6902,高,2381,斋,1
6902,高,4170,禹,1
6902,高,4172,离,1
6902,高,4747,育,1
6902,高,6826,首,1
6903,髟,1773,彭,1
6904,髡,5743,豌,1
6905,髦,2378,整,1
6907,髭,6776,餐,1
6907,髭,6905,髦,1
6908,髯,4864,臀,1
6908,髯,6906,髫,1
6908,髯,6907,髭,1
6911,鬃,1610,巢,1
6911,鬃,4449,繄,1
6911,鬃,6269,鏊,1
6911,鬃,6874,骛,1
6911,鬃,6908,髯,1
6911,鬃,6914,鬓,1
6912,鬈,6776,餐,1
6912,鬈,7051,鸷,1
6914,鬓,5426,螯,1
6914,鬓,6915,鬟,1
6915,鬟,4714,聚,1
6916,鬣,3722,瓤,1
6917,鬯,440,凶,1
6918,鬲,6902,高,1
6920,鬻,6218,酱,1
6921,鬼,1857,思,1
6921,鬼,1943,惠,1
6921,鬼,3144,涩,1
6921,鬼,4883,舀,1
6921,鬼,6646,震,1
6922,魁,6927,魆,1
6923,魂,4208,稗,1
6923,魂,4477,纸,1
6923,魂,5920,蹈,1
6924,魃,6926,魅,1
6925,魄,840,唣,1
6925,魄,3893,的,1
6925,魄,3974,睥,1
6925,魄,6241,醣,1
6925,魄,6607,隗,1
6927,魆,6922,魁,1
6927,魆,6924,魃,1
6927,魆,7129,黜,1
6928,魇,1703,庵,1
6928,魇,5540,褰,1
6930,魉,6929,魈,1
6932,魏,1605,巍,1
6932,魏,6006,辖,1
6932,魏,6741,颓,1
6932,魏,6923,魂,1
6934,魔,3279,漉,1
6934,魔,7104,鹿,1
6935,鱼,23,丝,1
6935,鱼,2896,每,1
6935,鱼,3187,渔,1
6935,鱼,4294,笪,1
6935,鱼,4875,自,1
6935,鱼,5305,虽,1
6935,鱼,5764,负,1
6935,鱼,6671,面,1
6937,鱾,6942,鲃,1
6938,鱿,6937,鱾,1
6940,鲁,814,哥,1
6940,鲁,1200,多,1
6941,鲂,4476,纷,1
6941,鲂,6945,鲇,1
6942,鲃,6937,鱾,1
6943,鲅,4267,竣,1
6943,鲅,6938,鱿,1
6943,鲅,6998,鳂,1
6944,鲆,6946,鲈,1
6945,鲇,6941,鲂,1
6945,鲇,6943,鲅,1
6946,鲈,6374,铲,1
6946,鲈,6839,驴,1
6946,鲈,6948,鲊,1
6948,鲊,6946,鲈,1
6949,鲋,536,勋,1
6951,鲍,4512,绝,1
6951,鲍,5868,跑,1
6951,鲍,6907,髭,1
6951,鲍,6950,鲌,1
6951,鲍,6986,鲵,1
6952,鲎,1130,堂,1
6953,鲏,3906,皲,1
6953,鲏,6975,鲪,1
6954,鲐,6945,鲇,1
6956,鲒,6941,鲂,1
6956,鲒,6945,鲇,1
6956,鲒,6955,鲑,1
6958,鲕,6957,鲔,1
6958,鲕,7154,鼫,1
6961,鲛,6953,鲏,1
6961,鲛,7103,鹾,1
6962,鲜,1788,徉,1
6962,鲜,4317,筛,1
6962,鲜,6944,鲆,1
6966,鲡,6227,酾,1
6967,鲢,6955,鲑,1
6968,鲣,6967,鲢,1
6969,鲤,3608,王,1
6969,鲤,4632,羟,1
6969,鲤,6996,鳀,1
6971,鲦,7003,鳇,1
6972,鲧,813,哟,1
6972,鲧,4448,繁,1
6972,鲧,6971,鲦,1
6973,鲨,3271,滨,1
6973,鲨,4369,篮,1
6973,鲨,7008,鳌,1
6974,鲩,5743,豌,1
6974,鲩,6989,鲸,1
6974,鲩,6998,鳂,1
6975,鲪,6223,酷,1
6976,鲫,6355,铞,1
6976,鲫,6946,鲈,1
6976,鲫,6960,鲚,1
6976,鲫,7152,鼢,1
6977,鲬,926,嗣,1
6977,鲬,5894,踊,1
6978,鲭,7024,鳞,1
6979,鲮,7002,鳆,1
6980,鲯,5761,貘,1
6980,鲯,6865,骐,1
6980,鲯,6947,鲉,1
6981,鲰,7022,鳜,1
6983,鲲,3667,琨,1
6984,鲳,7180,龌,1
6986,鲵,4514,统,1
6986,鲵,6974,鲩,1
6987,鲶,2012,懿,1
6987,鲶,6983,鲲,1
6989,鲸,1792,徐,1
6989,鲸,2374,敫,1
6989,鲸,3936,盼,1
6989,鲸,4212,稣,1
6989,鲸,6961,鲛,1
6991,鲺,5458,衄,1
6995,鲾,505,副,1
6995,鲾,6992,鲻,1
6996,鳀,5910,踶,1
6996,鳀,6969,鲤,1
6996,鳀,7003,鳇,1
6997,鳁,3785,疑,1
6997,鳁,6984,鲳,1
6998,鳂,4553,缇,1
6998,鳂,7011,鳏,1
6999,鳃,2012,懿,1
6999,鳃,6942,鲃,1
7000,鳄,7013,鳑,1
7001,鳅,6995,鲾,1
7002,鳆,1196,夔,1
7003,鳇,6266,鍠,1
7004,鳈,1940,惜,1
7004,鳈,7003,鳇,1
7004,鳈,7011,鳏,1
7005,鳉,6223,酷,1
7005,鳉,6935,鱼,1
7006,鳊,5915,蹁,1
7006,鳊,6978,鲭,1
7006,鳊,7021,鳚,1
7007,鳋,6969,鲤,1
7008,鳌,6269,鏊,1
7008,鳌,6914,鬓,1
7009,鳍,4567,缗,1
7009,鳍,6239,醛,1
7009,鳍,6489,镨,1
7010,鳎,5923,蹋,1
7010,鳎,6983,鲲,1
7012,鳐,5443,蟹,1
7012,鳐,6972,鲧,1
7012,鳐,7158,鼷,1
7013,鳑,1366,嬲,1
7013,鳑,6946,鲈,1
7013,鳑,6990,鲹,1
7013,鳑,7023,鳝,1
7015,鳔,7016,鳕,1
7016,鳕,7025,鳟,1
7017,鳖,3302,潜,1
7021,鳚,6970,鲥,1
7022,鳜,6981,鲰,1
7024,鳞,4117,磷,1
7024,鳞,5739,豁,1
7024,鳞,6980,鲯,1
7029,鸟,101,享,1
7029,鸟,400,写,1
7029,鸟,586,卓,1
7029,鸟,1200,多,1
7029,鸟,1386,孥,1
7029,鸟,5952,身,1
7029,鸟,6832,马,1
7030,鸠,739,呜,1
7030,鸠,1081,垍,1
7030,鸠,6819,馏,1
7030,鸠,7033,鸣,1
7030,鸠,7035,鸥,1
7031,鸡,409,冯,1
7031,鸡,1057,坞,1
7031,鸡,2877,殍,1
7031,鸡,3615,玛,1
7031,鸡,7034,鸤,1
7032,鸢,2897,毐,1
7032,鸢,4056,砻,1
7033,鸣,52,乌,1
7033,鸣,701,吟,1
7033,鸣,865,啤,1
7034,鸤,7041,鸬,1
7035,鸥,1252,妈,1
7035,鸥,2887,殴,1
7035,鸥,3725,瓯,1
7035,鸥,6145,邸,1
7035,鸥,6964,鲟,1
7035,鸥,7039,鸪,1
7036,鸦,2692,桴,1
7036,鸦,4202,稃,1
7036,鸦,4222,穆,1
7036,鸦,6135,邪,1
7036,鸦,7031,鸡,1
7036,鸦,7040,鸫,1
7036,鸦,7116,麻,1
7038,鸩,5367,蜉,1
7038,鸩,7030,鸠,1
7038,鸩,7039,鸪,1
7038,鸩,7064,鹄,1
7038,鸩,7089,鹤,1
7039,鸪,1057,坞,1
7039,鸪,7053,鸹,1
7039,鸪,7064,鹄,1
7039,鸪,7071,鹋,1
7040,鸫,6695,鞨,1
7040,鸫,7039,鸪,1
7042,鸭,3649,珰,1
7042,鸭,3760,畅,1
7042,鸭,5310,蚂,1
7042,鸭,5777,购,1
7043,鸮,4292,符,1
7043,鸮,7078,鹗,1
7044,鸯,1466,尊,1
7044,鸯,6853,骂,1
7044,鸯,6875,骜,1
7044,鸯,7051,鸷,1
7045,鸰,7057,鸽,1
7046,鸱,7035,鸥,1
7046,鸱,7040,鸫,1
7046,鸱,7054,鸺,1
7047,鸲,1202,够,1
7047,鸲,2454,昭,1
7048,鸳,334,僇,1
7048,鸳,3950,眢,1
7048,鸳,6848,驽,1
7048,鸳,6875,骜,1
7049,鸵,6742,颔,1
7049,鸵,7083,鹝,1
7050,鸶,7029,鸟,1
7050,鸶,7095,鹫,1
7051,鸷,5159,萼,1
7052,鸸,4045,砧,1
7052,鸸,7067,鹇,1
7053,鸹,7039,鸪,1
7054,鸺,7055,鸻,1
7055,鸻,5460,行,1
7055,鸻,7036,鸦,1
7055,鸻,7089,鹤,1
7056,鸼,4918,艄,1
7056,鸼,7067,鹇,1
7057,鸽,128,仔,1
7057,鸽,3480,爵,1
7057,鸽,4497,绍,1
7057,鸽,7059,鸿,1
7057,鸽,7091,鹧,1
7059,鸿,739,呜,1
7059,鸿,1464,将,1
7059,鸿,3032,泞,1
7059,鸿,3051,泻,1
7059,鸿,3203,游,1
7059,鸿,7035,鸥,1
7060,鹀,3615,玛,1
7060,鹀,6932,魏,1
7060,鹀,7035,鸥,1
7061,鹁,7073,鹎,1
7061,鹁,7076,鹑,1
7062,鹂,7060,鹀,1
7063,鹃,2486,晶,1
7063,鹃,3203,游,1
7063,鹃,3893,的,1
7063,鹃,6579,陌,1
7063,鹃,7042,鸭,1
7063,鹃,7046,鸱,1
7063,鹃,7052,鸸,1
7063,鹃,7061,鹁,1
7063,鹃,7083,鹝,1
7063,鹃,7096,鹬,1
7064,鹄,3962,眼,1
7064,鹄,7037,鸨,1
7064,鹄,7043,鸮,1
7064,鹄,7053,鸹,1
7064,鹄,7070,鹊,1
7064,鹄,7089,鹤,1
7065,鹅,2200,捣,1
7065,鹅,2624,柠,1
7065,鹅,4221,穄,1
7065,鹅,6439,锵,1
7065,鹅,7046,鸱,1
7065,鹅,7056,鸼,1
7065,鹅,7059,鸿,1
7065,鹅,7069,鹉,1
7066,鹆,7043,鸮,1
7066,鹆,7053,鸹,1
7066,鹆,7064,鹄,1
7066,鹆,7075,鹐,1
7067,鹇,7056,鸼,1
7069,鹉,2530,朗,1
7069,鹉,3672,琯,1
7069,鹉,4408,粥,1
7069,鹉,7065,鹅,1
7070,鹊,4027,码,1
7070,鹊,6712,韶,1
7070,鹊,7064,鹄,1
7070,鹊,7096,鹬,1
7071,鹋,4126,礴,1
7071,鹋,7081,鹛,1
7072,鹌,7071,鹋,1
7073,鹎,1642,帛,1
7073,鹎,7042,鸭,1
7073,鹎,7072,鹌,1
7074,鹏,4825,腓,1
7075,鹐,3051,泻,1
7075,鹐,7063,鹃,1
7076,鹑,7040,鸫,1
7076,鹑,7061,鹁,1
7076,鹑,7073,鹎,1
7077,鹕,7062,鹂,1
7077,鹕,7076,鹑,1
7078,鹗,7077,鹕,1
7079,鹘,7093,鹩,1
7080,鹚,7075,鹐,1
7080,鹚,7078,鹗,1
7081,鹛,7063,鹃,1
7081,鹛,7080,鹚,1
7082,鹜,7081,鹛,1
7083,鹝,7036,鸦,1
7084,鹞,6370,铮,1
7084,鹞,7082,鹜,1
7085,鹟,7084,鹞,1
7086,鹠,7005,鳉,1
7086,鹠,7089,鹤,1
7087,鹡,2372,散,1
7087,鹡,7065,鹅,1
7087,鹡,7089,鹤,1
7088,鹣,7068,鹈,1
7088,鹣,7084,鹞,1
7089,鹤,5395,蝎,1
7089,鹤,7084,鹞,1
7089,鹤,7102,鹳,1
7090,鹦,7084,鹞,1
7090,鹦,7098,鹮,1
7091,鹧,7088,鹣,1
7091,鹧,7096,鹬,1
7092,鹨,7091,鹧,1
7093,鹩,6187,鄣,1
7093,鹩,7092,鹨,1
7094,鹪,7066,鹆,1
7094,鹪,7093,鹩,1
7095,鹫,7051,鸷,1
7095,鹫,7094,鹪,1
7096,鹬,6189,鄱,1
7096,鹬,7083,鹝,1
7096,鹬,7095,鹫,1
7098,鹮,7079,鹘,1
7099,鹰,3222,湾,1
7099,鹰,4822,腐,1
7100,鹱,1249,妄,1
7102,鹳,7083,鹝,1
7104,鹿,6640,雹,1
7106,麇,3342,瀍,1
7106,麇,4113,磨,1
7106,麇,6653,霖,1
7106,麇,7107,麈,1
7110,麓,1569,崔,1
7110,麓,4368,篪,1
7111,麝,3352,灞,1
7111,麝,7108,麋,1
7113,麦,1272,妻,1
7113,麦,1273,妾,1
7113,麦,4928,良,1
7113,麦,5136,菼,1
7113,麦,5767,责,1
7114,麴,3744,甪,1
7115,麸,5426,螯,1
7115,麸,5962,轪,1
7116,麻,628,厢,1
7116,麻,1648,席,1
7116,麻,1698,庥,1
7117,麽,4113,磨,1
7118,麾,6248,醺,1
7119,黄,1709,庾,1
7119,黄,1886,恧,1
7119,黄,1957,惹,1
7119,黄,5045,茺,1
7119,黄,5055,荑,1
7119,黄,5059,荚,1
7119,黄,5158,萸,1
7119,黄,5170,董,1
7119,黄,5265,薰,1
7119,黄,5397,蝗,1
7121,黉,910,喾,1
7121,黉,4359,篑,1
7122,黍,1744,张,1
7122,黍,1823,忝,1
7122,黍,2538,本,1
7122,黍,3178,添,1
7122,黍,4177,秃,1
7122,黍,5316,蚕,1
7122,黍,5805,赉,1
7123,黎,4444,絷,1
7123,黎,5274,藜,1
7125,黑,965,嘿,1
7125,黑,1429,害,1
7125,黑,1922,悬,1
7125,黑,1943,惠,1
7125,黑,4616,置,1
7125,黑,4619,罴,1
7125,黑,5585,詈,1
7126,黔,1775,影,1
7126,黔,2379,敷,1
7126,黔,3619,玢,1
7126,黔,4706,聆,1
7126,黔,7129,黜,1
7126,黔,7133,黢,1
7127,默,6834,驮,1
7129,黜,7130,黝,1
7129,黜,7134,黥,1
7131,黟,1204,夥,1
7131,黟,7126,黔,1
7133,黢,7138,黯,1
7134,黥,5285,蘩,1
7134,黥,7131,黟,1
7134,黥,7132,黠,1
7134,黥,7138,黯,1
7136,黩,6913,鬏,1
7136,黩,7132,黠,1
7137,黪,6886,骨,1
7137,黪,7043,鸮,1
7138,黯,4487,练,1
7138,黯,6229,醅,1
7145,鼎,4390,籍,1
7145,鼎,5128,菥,1
7147,鼒,7146,鼐,1
7148,鼓,1756,彀,1
7148,鼓,2863,歧,1
7148,鼓,4879,致,1
7148,鼓,5742,豉,1
7150,鼙,5239,蕈,1
7151,鼠,4609,罚,1
7151,鼠,6419,锟,1
7152,鼢,4828,腙,1
7152,鼢,6794,饳,1
7152,鼢,7153,鼩,1
7154,鼫,7131,黟,1
7157,鼱,6933,魑,1
7158,鼷,3131,涘,1
7158,鼷,7159,鼹,1
7159,鼹,1263,妥,1
7159,鼹,7156,鼯,1
7160,鼻,1729,异,1
7160,鼻,3981,睾,1
7160,鼻,6124,邑,1
7163,齁,513,劓,1
7163,齁,7153,鼩,1
7163,齁,7157,鼱,1
7165,齉,7163,齁,1
7166,齐,373,公,1
7166,齐,374,六,1
7166,齐,2960,汝,1
7166,齐,3373,炙,1
7166,齐,3983,瞀,1
7166,齐,4272,竹,1
7166,齐,5468,衤,1
7167,齑,491,前,1
7168,齿,402,农,1
7168,齿,440,凶,1
7168,齿,1519,岂,1
7168,齿,1532,岜,1
7168,齿,1548,峃,1
7168,齿,1918,患,1
7168,齿,4597,缶,1
7170,龁,7165,齉,1
7170,龁,7172,龄,1
7172,龄,6333,铃,1
7172,龄,6667,靛,1
7173,龅,7171,龃,1
7174,龆,7177,龉,1
7175,龇,1261,妣,1
7176,龈,7178,龊,1
7178,龊,7171,龃,1
7181,龙,355,元,1
7181,龙,1487,尼,1
7181,龙,2015,戊,1
7181,龙,3357,灰,1
7181,龙,5288,虍,1
7182,龚,4284,笔,1
7182,龚,4708,聋,1
7182,龚,5377,蜜,1
7183,龛,3724,瓮,1
7184,龟,551,包,1
7184,龟,1685,庑,1
7184,龟,2937,氪,1
7184,龟,3892,皂,1
7184,龟,6921,鬼,1
7185,龠,1706,庸,1
