target,target_label,prediction,prediction_label,count
660,叨,678,叼,68
2780,榛,2764,楱,61
6397,锉,4016,矬,59
656,口,999,囗,57
1370,子,1371,孑,53
2512,曰,2418,日,39
3864,瘦,3853,瘐,39
7033,鸣,739,呜,37
5372,蜓,5371,蜒,34
480,刺,490,剌,33
5649,诛,3064,洙,33
3970,睛,2485,晴,32
1619,己,1620,已,31
3623,玫,3616,玟,31
2626,查,2573,杳,30
3481,父,2352,攵,30
5680,读,3184,渎,30
5620,讽,3001,沨,29
5666,语,3116,浯,29
51,之,6021,辶,28
4775,胧,2461,昽,28
5700,谐,3216,湝,28
5595,计,2947,汁,27
5677,诸,3190,渚,26
3099,浑,5662,诨,25
1184,士,598,卤,24
1210,夭,1206,天,24
2946,汀,5596,订,24
3113,浩,5669,诰,24
5656,询,3079,洵,24
5697,谍,3198,渫,24
5732,谱,3315,潽,24
576,千,1667,干,23
1027,土,598,卤,23
2083,抉,2074,扶,23
3009,河,5626,诃,23
3172,淬,5692,谇,23
3180,清,5676,请,23
842,唧,877,啷,22
1620,已,1619,己,22
2496,暖,2499,暧,22
3082,活,5651,话,22
4001,瞳,2505,曈,22
4747,育,4727,肓,22
5483,袄,4134,祆,22
5652,诞,3126,涎,22
5674,诵,3125,涌,22
1620,已,1621,巳,21
2999,沦,5618,论,21
3035,波,5638,诐,21
3118,海,5671,诲,21
3191,渝,5705,谕,21
5106,获,5107,莸,21
5524,裸,4158,祼,21
5719,谤,3250,滂,21
2418,日,2512,曰,20
2987,沐,3005,沭,20
3275,滴,5725,谪,20
3284,漠,5714,谟,20
5621,设,2995,没,20
5671,诲,3118,海,20
1829,快,1849,怏,19
2945,氽,2949,汆,19
3083,洼,5644,诖,19
3288,漫,5724,谩,19
3902,皙,2484,晳,19
3935,盹,4742,肫,19
4411,粱,2695,梁,19
4947,芒,4952,芝,19
5691,谆,3175,淳,19
5728,谭,3307,潭,19
7030,鸠,7038,鸩,19
1456,寸,2053,扌,18
3055,洁,5646,诘,18
3930,盯,4697,耵,18
4338,算,4332,箅,18
5399,蝠,6995,鲾,18
60,乖,61,乘,17
449,刁,448,刀,17
3063,洗,5650,诜,17
3104,浙,3155,淅,17
3125,涌,5674,诵,17
5628,诅,3006,沮,17
5651,话,3082,活,17
5703,谓,3199,渭,17
6576,陈,6564,阵,17
99,亨,101,享,16
739,呜,7033,鸣,16
2235,掰,2290,搿,16
2949,汆,2945,氽,16
2962,江,5601,讧,16
3175,淳,5691,谆,16
4265,竟,4264,竞,16
4296,第,4295,笫,16
5639,译,3053,泽,16
5686,谁,3173,淮,16
6333,铃,6302,钤,16
1144,堤,2249,提,15
1185,壬,3608,王,15
1277,姐,1270,妲,15
1621,巳,1620,已,15
2956,汕,5604,讪,15
2957,汗,5600,讦,15
2958,汛,5608,讯,15
2997,沤,5612,讴,15
3003,沪,3049,泸,15
3013,沼,5637,诏,15
3126,涎,5652,诞,15
3199,渭,5703,谓,15
5660,详,3058,洋,15
5702,谒,3202,渴,15
415,冶,3012,治,14
557,匕,3,七,14
2074,扶,2083,抉,14
2370,敞,2369,敝,14
2537,末,2536,未,14
2947,汁,5595,计,14
3063,洗,418,冼,14
3214,湛,5696,谌,14
3972,睢,6628,雎,14
4436,系,4435,糸,14
4725,肋,523,助,14
4996,苟,4992,苘,14
5106,获,5081,荻,14
5676,请,3180,清,14
5693,谈,3168,淡,14
5724,谩,3288,漫,14
5828,赢,1367,嬴,14
6025,迁,6026,迂,14
54,乎,2052,手,13
199,余,198,佘,13
807,哗,805,哔,13
1045,坊,1032,圬,13
2612,柏,2680,桕,13
3014,沽,5625,诂,13
3062,洒,6201,酒,13
3123,消,5667,诮,13
3623,玫,3612,玖,13
5019,茉,5038,茱,13
5040,茴,4992,苘,13
5618,论,2999,沦,13
5731,谰,3322,澜,13
129,仕,151,任,12
162,休,195,体,12
1796,徘,4529,绯,12
1934,惊,1933,惇,12
2128,拗,1069,坳,12
2485,晴,3970,睛,12
2908,毫,106,亳,12
2967,汩,2966,汨,12
3039,泪,2966,汨,12
4264,竞,4265,竟,12
4618,署,2495,暑,12
4675,耍,5551,要,12
4744,肮,2524,朊,12
4854,膛,3992,瞠,12
5145,萎,5186,蒌,12
5249,蕴,5247,蕰,12
5605,讫,2955,汔,12
5608,讯,2958,汛,12
5864,跌,5856,趺,12
6085,逢,6064,逄,12
6399,锋,6343,铎,12
79,二,92,亠,11
118,仅,646,反,11
279,倍,262,信,11
578,升,1727,开,11
719,吹,735,呗,11
1048,坎,1056,坝,11
1742,弛,6836,驰,11
1797,徙,1793,徒,11
1807,徽,1803,微,11
2564,来,4677,耒,11
3235,溢,5720,谥,11
3909,盂,1382,孟,11
5034,茫,5039,茳,11
5042,茶,5082,荼,11
5101,莱,5123,菜,11
5596,订,2946,汀,11
6026,迂,6025,迁,11
7029,鸟,52,乌,11
152,份,172,伤,10
352,儿,431,几,10
396,冒,2441,昌,10
469,刨,465,创,10
1784,径,4499,经,10
1888,恩,1857,思,10
2436,昂,2457,昴,10
2921,氓,3042,泯,10
2977,沁,3022,泌,10
3012,治,5640,诒,10
3053,泽,5639,译,10
3123,消,3159,淌,10
3307,潭,5728,谭,10
3322,澜,5731,谰,10
4008,矛,76,予,10
4517,绢,3128,涓,10
4815,脸,3968,睑,10
5690,谅,424,凉,10
6032,运,6040,远,10
47,久,1191,夂,9
344,僳,323,傈,9
431,几,352,儿,9
639,叁,640,参,9
929,嗦,913,嗉,9
999,囗,656,口,9
1208,夫,1209,夬,9
1349,嫒,1338,媛,9
1467,小,1809,忄,9
2228,控,2163,挖,9
2380,文,2352,攵,9
2466,晌,798,响,9
2624,柠,2140,拧,9
3476,爪,3717,瓜,9
3585,猬,3560,狷,9
3608,王,86,五,9
3612,玖,3623,玫,9
3814,疽,3811,疸,9
4262,竖,1053,坚,9
4628,羔,1880,恙,9
4950,芙,5059,荚,9
5041,茵,5118,菌,9
5116,菇,5044,茹,9
5333,蛀,5352,蛭,9
5668,误,3160,淏,9
5681,诼,3152,涿,9
5736,谵,3329,澹,9
6213,酪,6212,酩,9
6743,颖,6737,颍,9
15,且,2419,旦,8
51,之,93,亡,8
192,住,6615,隹,8
355,元,2416,无,8
418,冼,3063,洗,8
465,创,469,刨,8
547,勺,1197,夕,8
615,厂,2,丁,8
617,厅,4,万,8
701,吟,741,呤,8
777,咪,746,味,8
1075,垃,2118,拉,8
1155,塔,2286,搭,8
1471,尖,1472,尘,8
1699,度,1682,庋,8
1709,庾,1712,廋,8
1850,怒,1879,恕,8
2018,戍,2021,成,8
2141,拨,2126,拔,8
2194,捐,2251,揖,8
2453,昨,4766,胙,8
2484,晳,3902,皙,8
2645,栏,2139,拦,8
2753,楔,2260,揳,8
2781,榜,2275,搒,8
2894,毋,2895,母,8
2966,汨,2967,汩,8
2975,汽,2955,汔,8
2995,没,5621,设,8
3006,沮,5628,诅,8
3058,洋,5660,详,8
3156,淆,3108,浠,8
3173,淮,5686,谁,8
3479,爱,3478,爰,8
3932,盲,4727,肓,8
4024,矾,4039,砜,8
4933,艹,1725,廾,8
5199,蒽,5179,葸,8
5485,袆,4137,祎,8
5667,诮,3123,消,8
5690,谅,5691,谆,8
6105,道,6104,遒,8
6201,酒,3062,洒,8
6368,铬,6369,铭,8
6721,顽,6727,颃,8
28,丧,5470,表,7
49,么,1672,幺,7
102,京,101,享,7
172,伤,152,份,7
184,伺,196,何,7
262,信,279,倍,7
438,凳,3889,登,7
684,合,375,兮,7
1118,域,1108,城,7
1184,士,1027,土,7
1228,奏,4189,秦,7
1426,宫,1411,官,7
1553,峡,1565,崃,7
1857,思,1888,恩,7
1905,悄,1941,惝,7
1970,感,1936,惑,7
2104,抱,2098,抢,7
2109,抽,2620,柚,7
2369,敝,2370,敞,7
2453,昨,758,咋,7
2478,晤,835,唔,7
2499,暧,2496,暖,7
2539,札,2055,扎,7
2542,朴,2056,扑,7
2579,板,2073,扳,7
2581,构,2607,枸,7
2585,析,2092,折,7
2591,枝,2080,技,7
2628,柬,2561,束,7
2642,栋,2644,栎,7
2648,栓,2149,拴,7
2667,桃,2162,挑,7
2684,档,2170,挡,7
2772,榆,2243,揄,7
2818,橇,2321,撬,7
3034,泡,3000,沧,7
3039,泪,3006,沮,7
3053,泽,3065,洚,7
3066,洛,3081,洺,7
3139,涣,3120,浼,7
3380,炮,3375,炝,7
3426,焦,340,僬,7
3694,瑷,3683,瑗,7
3789,疗,3787,疔,7
4137,祎,5485,袆,7
4146,祟,1567,崇,7
4431,糠,4426,糖,7
4461,级,2971,汲,7
4521,绦,3140,涤,7
4741,肪,4734,肟,7
4754,肿,4757,胂,7
4951,芜,4961,芫,7
4952,芝,4947,芒,7
5078,药,5077,荮,7
5096,莨,5029,茛,7
5388,蜻,5409,蝽,7
5569,角,3744,甪,7
5598,认,5597,讣,7
5633,诋,3031,泜,7
5787,贷,5771,货,7
5797,赁,435,凭,7
5877,跤,5890,跻,7
6017,辩,6018,辫,7
6148,邻,6159,郐,7
6193,酉,5550,西,7
6212,酩,6213,酪,7
6237,醒,6219,酲,7
6277,钉,6280,钌,7
6305,钧,6286,钓,7
6325,钻,6318,钴,7
6849,驾,2605,架,7
6914,鬓,6911,鬃,7
7108,麋,7106,麇,7
57,乒,380,兵,6
164,优,160,伏,6
246,便,221,使,6
358,兆,559,北,6
382,具,638,县,6
433,凤,6760,风,6
446,函,445,凼,6
525,劫,608,却,6
543,勤,539,勒,6
599,卦,6279,钋,6
658,句,550,匀,6
692,向,196,何,6
758,咋,2453,昨,6
829,唆,779,咬,6
1011,困,1007,团,6
1027,土,1184,士,6
1271,妹,1286,姝,6
1473,尚,4728,肖,6
1476,尢,1477,尤,6
1625,巾,33,中,6
1634,帐,1844,怅,6
1987,慧,1762,彗,6
1988,慨,2770,概,6
2017,戌,2018,戍,6
2018,戍,2017,戌,6
2098,抢,2097,抡,6
2135,拢,2072,扰,6
2152,拼,2652,栟,6
2163,挖,2228,控,6
2183,挽,2199,换,6
2452,昧,746,味,6
2457,昴,2436,昂,6
2485,晴,4818,腈,6
2536,未,2537,末,6
2554,杏,2573,杳,6
2569,杭,2091,抗,6
2631,柱,2113,拄,6
2631,柱,2675,桎,6
2693,桶,2186,捅,6
2693,桶,2694,桷,6
2719,棒,2201,捧,6
2750,椽,2242,掾,6
3377,炫,3406,烩,6
3427,焯,1930,悼,6
3660,琐,6720,顼,6
3853,瘐,3864,瘦,6
3954,眬,2461,昽,6
3989,瞑,2498,暝,6
4191,秩,4190,秧,6
4327,筹,4306,等,6
4405,粟,2650,栗,6
4476,纷,2976,汾,6
4490,细,188,佃,6
4498,绎,4510,绛,6
4518,绣,6396,锈,6
4524,绩,4556,缋,6
4543,绽,3153,淀,6
4565,缕,3227,溇,6
4566,编,5713,谝,6
4570,缚,322,傅,6
4570,缚,3236,溥,6
4588,缭,3306,潦,6
4595,缴,3331,激,6
4729,肘,2430,时,6
4735,肠,2432,旸,6
4942,芋,4941,芊,6
5003,苫,5002,苦,6
5044,茹,5116,菇,6
5066,荣,5038,茱,6
5118,菌,5041,茵,6
5555,观,2842,欢,6
5558,视,4144,祝,6
5609,记,2959,汜,6
5615,讷,2969,汭,6
5623,诀,413,决,6
5656,询,3017,泃,6
5721,谦,4578,缣,6
5735,谴,6110,遣,6
5828,赢,5445,蠃,6
5868,跑,5861,跄,6
6017,辩,6016,辨,6
6052,迭,6067,选,6
6071,透,6091,逶,6
6307,钩,6305,钧,6
6411,锗,6413,错,6
6423,锤,6444,锺,6
6445,锻,4559,缎,6
6513,闲,6508,闭,6
6562,阳,6563,阴,6
6619,雀,1569,崔,6
6961,鲛,6960,鲚,6
7049,鸵,4911,舵,6
7049,鸵,6847,驼,6
22,东,5958,车,5
40,为,514,力,5
52,乌,7029,鸟,5
58,乓,380,兵,5
82,亏,1738,弓,5
86,五,3608,王,5
106,亳,2908,毫,5
160,伏,164,优,5
161,伐,138,代,5
179,估,193,佐,5
183,伸,146,仲,5
214,佰,178,伯,5
215,佳,6615,隹,5
252,俏,284,倘,5
281,倒,226,例,5
355,元,94,亢,5
415,冶,5640,诒,5
423,凇,3166,淞,5
425,凋,5688,调,5
449,刁,67,习,5
474,到,472,刭,5
539,勒,543,勤,5
549,勿,552,匆,5
581,半,34,丰,5
590,博,2273,搏,5
1029,在,1612,左,5
1050,坐,3740,生,5
1056,坝,1048,坎,5
1123,埴,1159,填,5
1197,夕,547,勺,5
1249,妄,1273,妾,5
1384,季,2553,李,5
1420,客,1434,容,5
1458,寺,1218,夺,5
1477,尤,3524,犬,5
1557,峦,1875,恋,5
1562,峰,1549,峄,5
1661,幕,542,募,5
1675,幽,445,凼,5
1716,廖,3870,瘳,5
1723,廷,1722,延,5
1726,廿,3736,甘,5
1762,彗,1987,慧,5
1803,微,1804,徵,5
1887,恨,1864,怩,5
1933,惇,1934,惊,5
2086,抒,2577,杼,5
2105,抵,2625,柢,5
2177,挪,2262,揶,5
2195,捕,2273,搏,5
2198,捡,2122,拎,5
2201,捧,2719,棒,5
2350,支,2351,攴,5
2352,攵,1191,夂,5
2357,放,2360,效,5
2423,旬,658,句,5
2497,暗,894,喑,5
2522,月,2418,日,5
2573,杳,2626,查,5
2590,果,2572,杲,5
2593,枢,2096,抠,5
2632,柳,2085,抑,5
2666,桂,2157,挂,5
2713,检,2648,栓,5
2736,椅,2218,掎,5
2747,椰,2262,揶,5
2765,楷,2256,揩,5
2803,槽,4430,糟,5
2809,模,2305,摸,5
2813,樱,2310,撄,5
2817,橄,2316,撖,5
2829,檀,2332,擅,5
2944,永,2942,水,5
2962,江,2950,汇,5
2982,沆,2981,沅,5
3009,河,6509,问,5
3012,治,415,冶,5
3016,沿,3012,治,5
3019,泅,3028,泗,5
3113,浩,3055,洁,5
3127,涑,3134,涞,5
3151,涸,3057,洇,5
3168,淡,5693,谈,5
3184,渎,5680,读,5
3239,溪,3131,涘,5
3291,漱,3334,濑,5
3302,潜,3312,潸,5
3349,灈,3340,濯,5
3398,烛,3551,独,5
3416,焊,1908,悍,5
3446,煽,3444,煸,5
3481,父,1191,夂,5
3612,玖,3616,玟,5
3616,玟,3623,玫,5
3623,玫,2355,改,5
3736,甘,1726,廿,5
3771,略,781,咯,5
3908,皿,1001,四,5
3930,盯,3756,町,5
4010,矢,1213,失,5
4184,秕,2582,枇,5
4310,筐,4344,箧,5
4458,纤,4455,纡,5
4479,纺,1777,彷,5
4488,组,1783,徂,5
4508,给,3084,洽,5
4509,绚,1786,徇,5
4511,络,3066,洛,5
4513,绞,3071,洨,5
4517,绢,4555,缉,5
4542,综,3164,淙,5
4545,绿,3182,渌,5
4583,缨,3703,璎,5
4659,翩,4660,翮,5
4676,耐,6198,酎,5
4763,胎,3946,眙,5
4811,脯,2477,晡,5
4811,脯,4833,腩,5
4836,腰,4852,膘,5
5033,茨,4954,芡,5
5107,莸,5106,获,5
5119,菏,4992,苘,5
5145,萎,5083,荽,5
5258,薛,5259,薜,5
5462,衔,5463,街,5
5463,街,5462,衔,5
5470,表,28,丧,5
5561,觉,367,党,5
5602,讨,4457,纣,5
5604,讪,2956,汕,5
5609,记,4464,纪,5
5634,诌,5689,谄,5
5640,诒,3012,治,5
5644,诖,3083,洼,5
5657,诣,3128,涓,5
5675,诶,3131,涘,5
5706,谖,3221,湲,5
5718,谣,6111,遥,5
5720,谥,3235,溢,5
5724,谩,4581,缦,5
5864,跌,5876,跣,5
5947,躏,5930,蹢,5
6018,辫,6017,辩,5
6040,远,6032,运,5
6054,述,6073,逑,5
6101,遏,6099,遇,5
6106,遗,6110,遣,5
6286,钓,4460,约,5
6335,铅,6354,铝,5
6369,铭,6368,铬,5
6425,锦,4535,绵,5
6504,门,390,冂,5
6564,阵,6576,陈,5
6714,顶,6717,项,5
6805,饿,6395,锇,5
68,乡,1765,彡,4
69,书,6702,韦,4
81,于,80,亍,4
82,亏,2401,方,4
93,亡,51,之,4
118,仅,142,仪,4
120,仇,115,仂,4
122,今,139,令,4
124,仍,135,仞,4
127,仓,126,仑,4
139,令,55,乏,4
139,令,122,今,4
142,仪,165,伙,4
145,仰,3027,泖,4
169,伟,4466,纬,4
178,伯,214,佰,4
179,估,194,佑,4
196,何,184,伺,4
259,保,298,倮,4
286,倚,225,侉,4
372,八,110,人,4
405,冤,364,兔,4
413,决,5623,诀,4
419,冽,3059,洌,4
448,刀,449,刁,4
464,刚,463,则,4
477,刷,502,剧,4
490,剌,480,刺,4
493,剑,482,刽,4
551,包,3743,甩,4
598,卤,1184,士,4
616,厄,603,卮,4
638,县,1922,悬,4
641,又,45,乂,4
644,友,2350,支,4
660,叨,661,叩,4
688,名,682,各,4
712,吮,711,吭,4
725,呆,2572,杲,4
727,告,685,吉,4
746,味,2452,昧,4
751,呻,4052,砷,4
757,咆,738,呛,4
762,咐,786,咻,4
785,咸,2021,成,4
873,啰,806,哕,4
906,喷,837,唝,4
993,嚣,977,器,4
1005,因,1016,固,4
1012,囱,1004,囟,4
1065,坪,1049,坏,4
1211,央,1213,失,4
1213,失,1211,央,4
1251,妇,1245,好,4
1270,妲,1277,姐,4
1309,娟,1318,娼,4
1336,媒,3437,煤,4
1389,孪,1384,季,4
1422,室,4242,窒,4
1431,宵,6644,霄,4
1477,尤,1476,尢,4
1483,尸,601,卩,4
1483,尸,1485,尺,4
1568,崎,1552,峙,4
1619,己,62,乙,4
1623,巷,4983,苍,4
1629,帅,1631,师,4
1634,帐,5770,账,4
1665,幢,1997,憧,4
1668,平,2052,手,4
1671,幸,6011,辛,4
1711,廊,1715,廓,4
1738,弓,75,了,4
1738,弓,82,亏,4
1849,怏,1829,快,4
1865,怪,1871,怿,4
1879,恕,1850,怒,4
1931,情,1953,惰,4
1963,愉,2772,榆,4
1985,慢,3459,熳,4
2014,戈,1735,弋,4
2023,戒,2019,戎,4
2025,或,2021,成,4
2037,戮,2038,戳,4
2052,手,54,乎,4
2102,披,1060,坡,4
2102,披,2100,报,4
2117,拈,2103,抬,4
2118,拉,1075,垃,4
2126,拔,2141,拨,4
2144,拭,2078,找,4
2144,拭,5643,试,4
2186,捅,2693,桶,4
2193,捏,2114,担,4
2215,掉,2731,棹,4
2217,掌,3497,牚,4
2239,掸,2215,掉,4
2273,搏,590,博,4
2300,摘,2280,搞,4
2314,撒,2319,撤,4
2318,撞,2825,橦,4
2322,播,1175,墦,4
2346,攘,1183,壤,4
2380,文,1191,夂,4
2381,斋,4172,离,4
2407,旅,2409,旋,4
2416,无,355,元,4
2428,旱,2422,早,4
2429,旴,2427,旰,4
2451,春,4885,舂,4
2469,晓,804,哓,4
2486,晶,790,品,4
2495,暑,4618,署,4
2517,曹,5121,菖,4
2526,服,4736,股,4
2543,朵,725,呆,4
2556,村,2555,材,4
2561,束,4677,耒,4
2562,杠,2061,扛,4
2564,来,2561,束,4
2566,杨,2068,扬,4
2570,杯,2088,抔,4
2579,板,2622,柝,4
2587,林,2555,材,4
2630,柰,1224,奈,4
2650,栗,4405,粟,4
2662,栽,5981,载,4
2689,桨,3089,浆,4
2702,梢,2192,捎,4
2737,椋,2735,椁,4
2739,椎,2229,推,4
2768,楼,2269,搂,4
2823,橡,2750,椽,4
2842,欢,5555,观,4
2887,殴,2845,欧,4
2994,沟,3017,泃,4
2999,沦,3007,沱,4
3021,泊,3060,洎,4
3036,泣,190,位,4
3058,洋,3041,泮,4
3059,洌,419,冽,4
3082,活,3012,治,4
3104,浙,3185,渐,4
3139,涣,3131,涘,4
3141,润,3142,涧,4
3159,淌,3123,消,4
3174,深,5683,课,4
3223,湿,3197,温,4
3258,滔,5689,谄,4
3288,漫,3119,浸,4
3307,潭,3257,滓,4
3383,炳,3403,烦,4
3414,烽,3395,烊,4
3416,焊,3395,烊,4
3444,煸,3446,煽,4
3479,爱,650,受,4
3547,狠,3564,狼,4
3573,猖,3560,狷,4
3643,珠,5649,诛,4
3663,琢,3152,涿,4
3717,瓜,3476,爪,4
3752,申,3750,由,4
3755,甸,2423,旬,4
3803,疮,3806,疱,4
3819,病,3801,疬,4
3885,癣,3882,癖,4
3890,白,3891,百,4
3890,白,4875,自,4
3911,盆,5775,贫,4
3949,眠,3962,眼,4
3956,眯,2452,昧,4
3985,瞅,881,啾,4
4014,矩,6294,钜,4
4038,砚,4031,砍,4
4050,砰,4021,矸,4
4113,磨,7117,麽,4
4139,祖,5489,袒,4
4144,祝,5558,视,4
4149,祥,2658,样,4
4178,秆,2549,杆,4
4190,秧,4191,秩,4
4240,窍,4235,窃,4
4244,窖,4241,窑,4
4319,筝,4274,竽,4
4330,签,4313,答,4
4434,糵,5282,蘖,4
4464,纪,4456,红,4
4466,纬,169,伟,4
4468,纯,2985,沌,4
4470,纱,2991,沙,4
4483,线,3088,浅,4
4488,组,3006,沮,4
4491,织,5629,识,4
4497,绍,5637,诏,4
4503,结,3055,洁,4
4505,绕,236,侥,4
4509,绚,3079,洵,4
4524,绩,3183,渍,4
4527,续,3184,渎,4
4530,绰,3162,淖,4
4534,维,5686,谁,4
4564,缔,5711,谛,4
4566,编,309,偏,4
4591,缰,345,僵,4
4733,肝,2427,旰,4
4736,股,4788,胶,4
4756,胁,4725,肋,4
4764,胖,4802,脒,4
4769,胜,4808,脞,4
4819,腊,4818,腈,4
4875,自,3890,白,4
4882,臾,654,叟,4
4930,色,6124,邑,4
4962,芬,4969,芴,4
4967,花,5020,茌,4
4988,苓,4959,芩,4
4992,苘,5046,茼,4
4995,苞,4963,芭,4
4995,苞,4983,苍,4
4996,苟,4943,芍,4
4996,苟,4993,苛,4
5001,若,5002,苦,4
5040,茴,4991,苗,4
5052,草,5141,萆,4
5079,荷,5009,苻,4
5081,荻,5106,获,4
5109,莺,5023,茑,4
5123,菜,5101,莱,4
5170,董,1132,堇,4
5194,蒲,5254,薄,4
5200,蒿,5214,蓠,4
5228,蔡,5285,蘩,4
5269,藉,4390,籍,4
5281,蘑,4113,磨,4
5371,蜒,5372,蜓,4
5395,蝎,5386,蜴,4
5495,袪,4142,祛,4
5504,装,5523,裴,4
5511,裕,5500,袷,4
5523,裴,5504,装,4
5525,裹,5477,衷,4
5607,议,2973,汶,4
5623,诀,3621,玦,4
5637,诏,3013,沼,4
5646,诘,3055,洁,4
5680,读,4527,续,4
5686,谁,4534,维,4
5688,调,425,凋,4
5695,谋,5697,谍,4
5696,谌,3214,湛,4
5699,谏,3127,涑,4
5702,谒,306,偈,4
5705,谕,3191,渝,4
5714,谟,3284,漠,4
5725,谪,3275,滴,4
5733,谲,3300,潏,4
5771,货,5787,贷,4
5979,轻,5982,轾,4
5992,辈,5991,辇,4
6016,辨,6017,辩,4
6067,选,6052,迭,4
6171,部,6163,郚,4
6286,钓,6307,钩,4
6296,钞,4470,纱,4
6300,钢,4471,纲,4
6302,钤,6333,铃,4
6303,钥,6353,铜,4
6384,铼,6349,铗,4
6456,镇,4572,缜,4
6462,镍,6418,锞,4
6509,问,6515,间,4
6515,间,6509,问,4
6521,闺,6511,闰,4
6563,阴,6562,阳,4
6622,雅,4209,稚,4
6623,集,6616,隼,4
6628,雎,3972,睢,4
6673,革,5052,草,4
6700,鞴,6699,鞲,4
6730,领,6742,颔,4
6763,飒,5620,讽,4
6989,鲸,6972,鲧,4
6999,鳃,6998,鳂,4
7063,鹃,7079,鹘,4
7082,鹜,6874,骛,4
7106,麇,7108,麋,4
3,七,45,乂,3
7,上,1027,土,3
15,且,3929,目,3
22,东,56,乐,3
23,丝,21,丛,3
26,两,5550,西,3
30,个,31,丫,3
41,主,4878,至,3
51,之,1721,廴,3
54,乎,1668,平,3
67,习,1757,彐,3
75,了,2,丁,3
75,了,4,万,3
79,二,407,冫,3
79,二,1611,工,3
81,于,1667,干,3
83,云,82,亏,3
93,亡,5594,讠,3
94,亢,355,元,3
125,从,140,以,3
132,付,5602,讨,3
138,代,161,伐,3
145,仰,604,卯,3
146,仲,149,件,3
146,仲,183,伸,3
149,件,146,仲,3
149,件,148,仵,3
152,份,4476,纷,3
165,伙,160,伏,3
174,伦,4475,纶,3
176,伪,115,仂,3
192,住,190,位,3
213,佯,181,伴,3
221,使,246,便,3
231,侗,287,倜,3
234,侠,221,使,3
243,侮,5671,诲,3
244,侯,285,候,3
252,俏,4516,绡,3
300,债,4524,绩,3
339,僧,4590,缯,3
340,僬,3426,焦,3
346,僻,3330,澼,3
367,党,5561,觉,3
370,入,372,八,3
373,公,49,么,3
374,六,47,久,3
374,六,2401,方,3
390,冂,999,囗,3
400,写,52,乌,3
400,写,6832,马,3
400,写,7029,鸟,3
407,冫,2943,氵,3
413,决,3044,泱,3
415,冶,668,台,3
416,冷,3033,泠,3
418,冼,5650,诜,3
420,净,5658,诤,3
421,凄,1272,妻,3
424,凉,3175,淳,3
430,凝,3785,疑,3
461,列,462,刘,3
482,刽,6278,钊,3
494,剔,471,别,3
528,励,520,劢,3
530,劳,4962,芬,3
547,勺,658,句,3
548,勾,658,句,3
550,匀,658,句,3
558,化,129,仕,3
576,千,81,于,3
586,卓,2674,桌,3
596,卢,2040,户,3
598,卤,1027,土,3
608,却,525,劫,3
615,厂,1676,广,3
617,厅,2393,斤,3
619,厉,689,后,3
636,去,444,击,3
638,县,2447,昙,3
646,反,118,仅,3
646,反,2394,斥,3
658,句,549,勿,3
671,右,657,古,3
671,右,4019,石,3
675,司,67,习,3
678,叼,660,叨,3
678,叼,747,呵,3
682,各,5738,谷,3
699,吝,682,各,3
703,吡,745,呲,3
716,吴,378,关,3
723,呀,680,吁,3
745,呲,703,吡,3
774,咧,715,吲,3
789,哀,5477,衷,3
817,哨,850,唷,3
820,哭,977,器,3
824,哺,2477,晡,3
936,嗳,2499,暧,3
1001,四,3749,田,3
1016,固,1013,围,3
1018,图,1015,囹,3
1027,土,1611,工,3
1029,在,671,右,3
1041,圾,1060,坡,3
1051,坑,1054,坛,3
1051,坑,2091,抗,3
1054,坛,1032,圬,3
1063,坨,1086,垞,3
1074,垂,6254,重,3
1170,墓,1126,基,3
1173,增,1133,堉,3
1187,声,596,卢,3
1191,夂,2352,攵,3
1192,处,1198,外,3
1194,复,1195,夏,3
1205,大,5,丈,3
1208,夫,1211,央,3
1213,失,359,先,3
1224,奈,2630,柰,3
1237,奢,5164,著,3
1242,奶,453,切,3
1289,姥,1300,娆,3
1293,姻,3401,烟,3
1296,威,785,咸,3
1297,娃,1280,姓,3
1320,婆,1305,娑,3
1326,婢,1331,婵,3
1371,孑,1370,子,3
1375,字,1410,宗,3
1382,孟,3909,盂,3
1411,官,1426,宫,3
1425,宪,1406,完,3
1428,宰,6011,辛,3
1431,宵,4759,胄,3
1471,尖,1213,失,3
1512,屮,33,中,3
1533,岢,4993,苛,3
1608,州,1900,恻,3
1611,工,62,乙,3
1617,差,4625,羌,3
1621,巳,1622,巴,3
1627,市,1626,币,3
1631,师,1629,帅,3
1660,幔,3459,熳,3
1667,干,576,千,3
1669,年,3500,牟,3
1676,广,80,亍,3
1680,庇,3810,疵,3
1686,库,622,厍,3
1686,库,1697,庤,3
1693,府,1698,庥,3
1712,廋,1709,庾,3
1715,廓,1711,廊,3
1722,延,1723,廷,3
1731,弄,1729,异,3
1735,弋,2014,戈,3
1747,弧,1385,孤,3
1796,徘,272,俳,3
1803,微,1806,徼,3
1807,徽,1804,徵,3
1809,忄,1467,小,3
1822,忙,2565,杧,3
1829,快,3370,炔,3
1852,怕,2612,柏,3
1865,怪,2634,柽,3
1878,恒,3399,烜,3
1890,恫,2676,桐,3
1927,悴,1929,悻,3
1930,悼,1951,惮,3
1952,惯,1973,愤,3
2002,憾,2329,撼,3
2021,成,2018,戍,3
2035,截,796,哉,3
2040,户,1483,尸,3
2053,扌,1456,寸,3
2072,扰,2169,挠,3
2073,扳,2579,板,3
2078,找,2022,我,3
2078,找,2639,栈,3
2082,抄,2568,杪,3
2092,折,1040,圻,3
2097,抡,2098,抢,3
2106,抹,4187,秣,3
2114,担,1062,坦,3
2115,拆,2622,柝,3
2120,拌,2090,抖,3
2120,拌,2611,柈,3
2125,拓,2618,柘,3
2126,拔,2080,技,3
2132,招,2125,拓,3
2139,拦,2118,拉,3
2139,拦,2645,栏,3
2149,拴,2113,拄,3
2149,拴,2648,栓,3
2158,指,2194,捐,3
2162,挑,2667,桃,3
2168,挟,2083,抉,3
2170,挡,2684,档,3
2176,挨,1105,埃,3
2179,振,2272,搌,3
2186,捅,1106,埇,3
2198,捡,2154,拾,3
2210,捻,1117,埝,3
2224,掠,2737,椋,3
2249,提,2188,捉,3
2262,揶,2177,挪,3
2268,搁,2237,掴,3
2276,搓,2793,槎,3
2280,搞,3521,犒,3
2284,搪,1156,塘,3
2309,撂,2301,摞,3
2313,撑,2317,撙,3
2319,撤,2316,撖,3
2323,撮,2292,摄,3
2323,撮,2316,撖,3
2333,操,2225,探,3
2333,操,2282,搡,3
2355,改,2356,攻,3
2355,改,2973,汶,3
2355,改,3616,玟,3
2360,效,2357,放,3
2364,救,2589,枚,3
2372,散,2375,敬,3
2375,敬,2372,散,3
2380,文,51,之,3
2393,斤,617,厅,3
2418,日,2522,月,3
2420,旧,1758,归,3
2452,昧,3956,眯,3
2458,昵,740,呢,3
2460,昼,3783,疍,3
2483,晰,823,哳,3
2494,暌,3980,睽,3
2525,朋,2442,明,3
2529,朕,4791,胼,3
2536,未,2541,朱,3
2537,末,34,丰,3
2540,术,2535,木,3
2547,杂,2543,朵,3
2549,杆,2063,扦,3
2555,材,2556,村,3
2580,极,2589,枚,3
2583,枉,2565,杧,3
2598,枪,2098,抢,3
2621,柜,2124,拒,3
2642,栋,2136,拣,3
2650,栗,4151,票,3
2669,桅,2636,栀,3
2674,桌,586,卓,3
2676,桐,2629,柯,3
2676,桐,2774,榈,3
2678,桓,1878,恒,3
2679,桔,2145,拮,3
2686,桥,2171,挢,3
2687,桦,2784,榫,3
2695,梁,4411,粱,3
2713,检,2198,捡,3
2720,棕,2773,榇,3
2738,植,2678,桓,3
2739,椎,4209,稚,3
2750,椽,2823,橡,3
2757,楞,1972,愣,3
2757,楞,2745,椤,3
2770,概,1988,慨,3
2771,榄,2264,揽,3
2791,槊,1154,塑,3
2808,樟,2700,梓,3
2863,歧,1523,岐,3
2897,毐,2898,毒,3
2903,毗,3951,眦,3
2918,氏,2919,氐,3
2920,民,4927,艮,3
2924,氖,2925,氘,3
2931,氢,2930,氡,3
2933,氦,2931,氢,3
2946,汀,6504,门,3
2950,汇,2962,江,3
2950,汇,4464,纪,3
2950,汇,5601,讧,3
2955,汔,2975,汽,3
2971,汲,2995,没,3
2976,汾,4476,纷,3
2999,沦,3000,沧,3
3000,沧,2999,沦,3
3006,沮,3039,泪,3
3012,治,3015,沾,3
3013,沼,4497,绍,3
3014,沽,3055,洁,3
3019,泅,3057,洇,3
3036,泣,3030,泛,3
3037,泥,3042,泯,3
3039,泪,2420,旧,3
3039,泪,3060,洎,3
3051,泻,409,冯,3
3053,泽,3058,洋,3
3053,泽,3102,浔,3
3063,洗,3090,浇,3
3066,洛,3117,浴,3
3081,洺,3066,洛,3
3084,洽,3095,浍,3
3089,浆,2689,桨,3
3090,浇,236,侥,3
3121,涂,3115,浮,3
3142,涧,3141,润,3
3152,涿,5681,诼,3
3161,淑,3226,溆,3
3174,深,3121,涂,3
3183,渍,3224,溃,3
3191,渝,3211,湔,3
3199,渭,3128,涓,3
3202,渴,5702,谒,3
3221,湲,5706,谖,3
3222,湾,3250,滂,3
3224,溃,3183,渍,3
3224,溃,4556,缋,3
3243,溴,3218,湨,3
3256,滑,3128,涓,3
3277,漂,3164,淙,3
3277,漂,3238,溧,3
3288,漫,4581,缦,3
3300,潏,5733,谲,3
3317,澈,3318,澉,3
3358,灵,3365,炅,3
3362,灾,1400,宄,3
3367,炊,3389,炽,3
3394,烈,5503,裂,3
3403,烦,3367,炊,3
3450,熔,3423,焙,3
3498,牛,33,中,3
3510,特,3507,牯,3
3511,牺,4404,粞,3
3517,犊,3510,特,3
3546,狞,3550,狩,3
3561,狸,3582,猩,3
3570,猎,3583,猪,3
3583,猪,3576,猜,3
3585,猬,3590,猸,3
3605,玄,83,云,3
3611,玕,3625,环,3
3685,瑚,3212,湖,3
3692,瑰,6923,魂,3
3720,瓢,6768,飘,3
3749,田,3742,用,3
3752,申,33,中,3
3772,畦,3955,眭,3
3801,疬,3794,疠,3
3815,疾,3791,疚,3
3815,疾,3838,痪,3
3820,症,3828,痖,3
3825,痒,3847,瘁,3
3829,痘,3822,痉,3
3831,痞,3822,痉,3
3856,瘘,3845,痿,3
3871,瘴,3847,瘁,3
3884,癞,3886,癫,3
3890,白,692,向,3
3910,盅,5338,蛊,3
3929,目,1003,回,3
3930,盯,3931,盱,3
3932,盲,4747,育,3
3933,直,3948,真,3
3937,盾,5772,质,3
3949,眠,2458,昵,3
3956,眯,3967,睐,3
3959,眷,2451,春,3
3962,眼,3949,眠,3
3978,睬,3956,眯,3
3980,睽,2494,暌,3
4002,瞵,4858,膦,3
4010,矢,1206,天,3
4051,破,3631,玻,3
4058,砾,4032,砑,3
4058,砾,4036,砗,3
4119,礁,4085,碓,3
4134,祆,5483,袄,3
4194,积,2603,枳,3
4205,稍,2702,梢,3
4206,税,2714,棁,3
4219,稿,3521,犒,3
4267,竣,3105,浚,3
4274,竽,4275,竿,3
4290,笤,4288,笞,3
4306,等,4274,竽,3
4313,答,4288,笞,3
4330,签,639,叁,3
4369,篮,5212,蓝,3
4371,篷,5218,蓬,3
4384,簧,4365,篢,3
4387,簿,5254,薄,3
4391,米,2536,未,3
4399,粕,2121,拍,3
4407,粤,1238,奥,3
4430,糟,2803,槽,3
4435,糸,4436,系,3
4456,红,112,亿,3
4458,纤,136,仟,3
4466,纬,4495,绋,3
4466,纬,5611,讳,3
4468,纯,6783,饨,3
4475,纶,174,伦,3
4479,纺,153,仿,3
4479,纺,5622,访,3
4494,绊,181,伴,3
4499,经,1749,弪,3
4507,绘,3095,浍,3
4511,络,6800,饹,3
4513,绞,4478,纹,3
4517,绢,4516,绡,3
4525,绪,3190,渚,3
4527,续,5680,读,3
4534,维,3173,淮,3
4550,缄,5648,诚,3
4565,缕,318,偻,3
4589,缮,3315,潽,3
4595,缴,1806,徼,3
4604,网,392,冈,3
4634,群,6167,郡,3
4698,耶,649,取,3
4727,肓,4747,育,3
4730,肚,4731,肛,3
4740,肩,2046,扃,3
4741,肪,2439,昉,3
4758,胃,4759,胄,3
4764,胖,4754,肿,3
4766,胙,2453,昨,3
4788,胶,4809,脧,3
4812,脱,4784,胱,3
4816,脾,3974,睥,3
4852,膘,4828,腙,3
4881,臼,3890,白,3
4908,舱,4911,舵,3
4922,艏,4918,艄,3
4947,芒,4945,芏,3
4949,芘,5018,茈,3
4950,芙,4982,苌,3
4958,芨,4937,艿,3
4961,芫,4951,芜,3
4963,芭,4946,芑,3
4968,芳,4944,芎,3
4993,苛,4996,苟,3
4996,苟,5047,荀,3
5005,英,5032,茧,3
5020,茌,5053,荏,3
5033,茨,5100,莰,3
5052,草,6673,革,3
5056,荒,5045,茺,3
5067,荤,5069,荦,3
5074,荫,5143,萌,3
5076,荭,5039,茳,3
5132,菱,4966,芰,3
5140,萄,5169,葡,3
5148,萘,5082,荼,3
5152,营,5088,莒,3
5152,营,5115,菅,3
5164,著,5231,蔷,3
5167,葛,5104,莴,3
5169,葡,5140,萄,3
5179,葸,5199,蒽,3
5200,蒿,1593,嵩,3
5305,虽,736,员,3
5309,蚁,5311,蚊,3
5319,蚣,5321,蚧,3
5359,蛸,5370,蜎,3
5394,蝌,5368,蜊,3
5395,蝎,5370,蜎,3
5395,蝎,5447,蠋,3
5399,蝠,1658,幅,3
5399,蝠,5360,蛹,3
5431,蟀,5435,蟑,3
5434,蟋,5439,蟠,3
5440,蟥,5422,螨,3
5445,蠃,5828,赢,3
5460,行,4463,纩,3
5475,衰,789,哀,3
5505,裆,5533,褙,3
5511,裕,5501,袼,3
5530,褐,5526,裼,3
5550,西,6193,酉,3
5554,见,399,冗,3
5595,计,113,什,3
5600,讦,2957,汗,3
5601,讧,2962,江,3
5602,讨,132,付,3
5608,讯,6028,迅,3
5609,记,2950,汇,3
5616,许,2957,汗,3
5616,许,5600,讦,3
5617,讹,2990,沘,3
5621,设,2973,汶,3
5623,诀,3044,泱,3
5625,诂,3014,沽,3
5626,诃,3009,河,3
5628,诅,4488,组,3
5629,识,4491,织,3
5637,诏,4497,绍,3
5649,诛,3004,沫,3
5656,询,4509,绚,3
5661,诧,1086,垞,3
5662,诨,3099,浑,3
5664,诫,5648,诚,3
5682,诽,4529,绯,3
5686,谁,422,准,3
5688,调,3067,洞,3
5702,谒,4270,竭,3
5735,谴,4592,缱,3
5738,谷,682,各,3
5762,贝,5554,见,3
5764,负,736,员,3
5784,贴,5791,贻,3
5842,趁,5844,超,3
5844,超,5841,起,3
5860,跃,5856,趺,3
5860,跃,5864,跌,3
5886,跷,5876,跣,3
5899,踞,5873,距,3
5958,车,22,东,3
6030,迈,6033,近,3
6033,近,6025,迁,3
6040,远,6037,还,3
6057,迸,6039,进,3
6064,逄,6085,逢,3
6067,选,6083,造,3
6083,造,6067,选,3
6105,道,6070,逍,3
6132,邢,6127,邗,3
6138,邯,6137,邮,3
6210,酥,4058,砾,3
6223,酷,6209,酤,3
6223,酷,6217,酰,3
6237,醒,6234,醍,3
6257,金,371,全,3
6282,钎,4458,纤,3
6295,钝,4468,纯,3
6303,钥,6326,钼,3
6307,钩,6300,钢,3
6315,钱,6790,饯,3
6331,铁,6349,铗,3
6335,铅,6325,钻,3
6337,铈,6322,钸,3
6353,铜,6303,钥,3
6354,铝,6335,铅,3
6368,铬,4511,络,3
6369,铭,4511,络,3
6372,铰,6801,饺,3
6396,锈,4518,绣,3
6397,锉,6387,铿,3
6399,锋,6400,锌,3
6401,锍,6375,铳,3
6413,错,6411,锗,3
6414,锚,6413,错,3
6433,键,313,健,3
6465,镐,4574,缟,3
6482,镡,6471,镖,3
6484,镣,4588,缭,3
6497,镱,6477,镜,3
6508,闭,6513,闲,3
6509,问,692,向,3
6510,闯,6522,闻,3
6511,闰,6509,问,3
6532,阅,6538,阋,3
6559,阮,6557,阢,3
6598,陷,6579,陌,3
6602,隋,1953,惰,3
6629,雏,6630,雒,3
6633,雨,26,两,3
6644,霄,1431,宵,3
6665,靖,5676,请,3
6717,项,6714,顶,3
6717,项,6720,顼,3
6725,颁,6726,颂,3
6727,颃,6721,顽,3
6742,颔,6736,颌,3
6760,风,392,冈,3
6763,飒,3001,沨,3
6797,饶,6351,铙,3
6801,饺,4513,绞,3
6805,饿,248,俄,3
6810,馅,6798,饷,3
6836,驰,1742,弛,3
6849,驾,6853,骂,3
6853,骂,4276,笃,3
6857,骇,1388,孩,3
6870,骗,6878,骟,3
6874,骛,7082,鹜,3
7033,鸣,697,吗,3
7035,鸥,7060,鹀,3
7070,鹊,7071,鹋,3
7090,鹦,7078,鹗,3
7107,麈,6270,鏖,3
7110,麓,4379,簏,3
7148,鼓,5742,豉,3
7181,龙,1477,尤,3
7184,龟,362,免,3
2,丁,615,厂,2
3,七,557,匕,2
3,七,1184,士,2
7,上,2858,止,2
8,下,10,不,2
10,不,4019,石,2
14,专,5836,走,2
19,丙,26,两,2
25,丢,636,去,2
27,严,98,产,2
33,中,1625,巾,2
33,中,3752,申,2
34,丰,581,半,2
35,串,1740,弗,2
41,主,3740,生,2
41,主,6021,辶,2
45,乂,641,又,2
47,久,374,六,2
47,久,1672,幺,2
47,久,2352,攵,2
47,久,3355,灭,2
48,乇,2905,毛,2
49,么,1765,彡,2
50,义,45,乂,2
51,之,6,三,2
51,之,1611,工,2
51,之,1672,幺,2
51,之,2352,攵,2
56,乐,22,东,2
61,乘,60,乖,2
64,九,514,力,2
64,九,1476,尢,2
65,乞,2922,气,2
67,习,449,刁,2
67,习,675,司,2
71,买,6832,马,2
81,于,1371,孑,2
81,于,1483,尸,2
83,云,1672,幺,2
86,五,3607,玉,2
93,亡,1619,己,2
97,亦,516,办,2
102,京,4435,糸,2
110,人,45,乂,2
112,亿,4464,纪,2
118,仅,2952,汉,2
120,仇,112,亿,2
120,仇,4462,纨,2
122,今,375,兮,2
123,介,2393,斤,2
127,仓,65,乞,2
127,仓,551,包,2
128,仔,3890,白,2
129,仕,558,化,2
130,他,2963,池,2
131,仗,162,休,2
132,付,4457,纣,2
136,仟,151,任,2
138,代,558,化,2
140,以,2900,比,2
151,任,158,伍,2
153,仿,4479,纺,2
158,伍,151,任,2
160,伏,702,吠,2
161,伐,113,什,2
161,伐,2015,戊,2
169,伟,201,佛,2
170,传,159,伎,2
170,传,215,佳,2
170,传,217,佶,2
174,伦,175,伧,2
178,伯,208,佤,2
179,估,217,佶,2
181,伴,149,件,2
182,伶,1856,怜,2
183,伸,4489,绅,2
184,伺,687,同,2
189,但,235,侣,2
194,佑,179,估,2
194,佑,5625,诂,2
195,体,162,休,2
196,何,692,向,2
202,作,758,咋,2
202,作,4534,维,2
206,你,128,仔,2
206,你,288,倞,2
207,佣,4490,细,2
211,佩,207,佣,2
212,佬,215,佳,2
213,佯,1788,徉,2
215,佳,217,佶,2
223,侄,6615,隹,2
231,侗,184,伺,2
234,侠,3087,浃,2
240,侩,262,信,2
244,侯,261,俟,2
248,俄,6805,饿,2
252,俏,5667,诮,2
253,俐,226,例,2
255,俗,4519,绤,2
256,俘,288,倞,2
268,俭,190,位,2
271,俱,189,但,2
276,俺,3177,淹,2
278,倌,3672,琯,2
284,倘,252,俏,2
284,倘,1941,惝,2
284,倘,4531,绱,2
285,候,244,侯,2
285,候,263,俣,2
290,倡,235,侣,2
292,倦,4541,绻,2
300,债,5797,赁,2
302,值,216,佴,2
303,倾,6724,颀,2
311,做,2354,攸,2
317,偷,1963,愉,2
322,傅,4570,缚,2
323,傈,344,僳,2
331,傲,347,儆,2
335,像,4568,缘,2
350,儒,3338,濡,2
355,元,83,云,2
356,兄,662,只,2
359,先,360,光,2
359,先,1213,失,2
363,兑,4625,羌,2
364,兔,362,免,2
370,入,110,人,2
371,全,134,仝,2
371,全,139,令,2
371,全,6257,金,2
372,八,370,入,2
373,公,1672,幺,2
374,六,592,卞,2
376,兰,6,三,2
378,关,716,吴,2
381,其,2613,某,2
385,养,3963,着,2
387,兽,2519,曾,2
392,冈,6760,风,2
399,冗,5554,见,2
401,军,2422,早,2
414,况,418,冼,2
415,冶,3015,沾,2
422,准,5686,谁,2
424,凉,102,京,2
426,凌,1137,堎,2
427,减,5648,诚,2
428,凑,3241,溱,2
429,凛,424,凉,2
431,几,372,八,2
432,凡,2900,比,2
437,凰,1024,圉,2
441,凸,695,吕,2
444,击,636,去,2
448,刀,514,力,2
456,刍,1759,当,2
459,划,500,剡,2
462,刘,486,剂,2
464,刚,460,刖,2
466,初,4132,祁,2
474,到,6278,钊,2
476,制,471,别,2
479,刹,485,剁,2
479,刹,503,剩,2
480,刺,468,判,2
486,剂,496,剖,2
493,剑,4454,纠,2
503,剩,480,刺,2
514,力,1468,少,2
514,力,3525,犭,2
515,劝,1267,妫,2
516,办,40,为,2
529,劲,538,勐,2
535,勉,364,兔,2
542,募,1661,幕,2
548,勾,452,分,2
548,勾,549,勿,2
548,勾,553,匈,2
551,包,4930,色,2
552,匆,549,勿,2
553,匈,548,勾,2
557,匕,45,乂,2
557,匕,439,凵,2
558,化,2900,比,2
558,化,2918,氏,2
559,北,358,兆,2
561,匚,1611,工,2
571,区,620,压,2
571,区,6771,飞,2
579,午,576,千,2
579,午,1669,年,2
581,半,3498,牛,2
584,卑,401,军,2
585,卒,1671,幸,2
585,卒,3606,率,2
588,卖,5075,荬,2
591,卜,110,人,2
591,卜,1809,忄,2
592,卞,8,下,2
592,卞,374,六,2
592,卞,595,卡,2
603,卮,616,厄,2
607,即,6143,邵,2
620,压,3607,玉,2
627,原,625,厚,2
638,县,382,具,2
642,叉,641,又,2
643,及,646,反,2
644,友,2865,歹,2
646,反,644,友,2
647,发,95,交,2
651,变,1302,娈,2
655,叠,2677,桑,2
656,口,398,冖,2
657,古,1612,左,2
658,句,2423,旬,2
660,叨,677,叻,2
660,叨,718,吸,2
662,只,380,兵,2
668,台,354,允,2
670,史,690,吏,2
678,叼,677,叻,2
679,叽,665,叭,2
680,吁,752,呼,2
682,各,519,务,2
682,各,688,名,2
684,合,709,含,2
685,吉,636,去,2
687,同,675,司,2
687,同,2522,月,2
689,后,619,厉,2
690,吏,2515,更,2
691,吐,669,叱,2
692,向,203,佝,2
695,吕,664,召,2
699,吝,5738,谷,2
701,吟,795,哈,2
705,否,2554,杏,2
709,含,4890,舍,2
714,吱,779,咬,2
725,呆,199,余,2
725,呆,2543,朵,2
726,呈,2449,星,2
726,呈,3895,皇,2
731,呓,681,吃,2
738,呛,681,吃,2
738,呛,757,咆,2
743,周,4605,罔,2
746,味,777,咪,2
747,呵,666,叮,2
757,咆,706,吧,2
760,咎,2448,昝,2
767,咙,740,呢,2
771,咣,728,呋,2
785,咸,1296,威,2
797,哌,744,呱,2
798,响,6798,饷,2
805,哔,807,哗,2
807,哗,2470,晔,2
821,哮,816,哧,2
829,唆,831,唉,2
833,唐,1706,庸,2
838,唠,1564,崂,2
841,唤,831,唉,2
854,啁,787,咽,2
855,啃,900,喟,2
865,啤,874,啴,2
865,啤,4084,碑,2
866,啥,795,哈,2
880,啼,5917,蹄,2
886,善,5581,言,2
891,喊,427,减,2
891,喊,942,嘁,2
898,喜,3461,熹,2
898,喜,5129,菩,2
899,喝,883,喁,2
904,喳,3194,渣,2
906,喷,868,啧,2
913,嗉,931,嗪,2
929,嗦,945,嘌,2
939,嗽,3291,漱,2
942,嘁,891,喊,2
944,嘉,4299,笳,2
946,嘎,911,嗄,2
956,嘧,991,嚓,2
963,嘹,3999,瞭,2
964,嘻,974,噜,2
977,器,820,哭,2
1000,囚,1005,因,2
1001,四,1000,囚,2
1001,四,1003,回,2
1001,四,2512,曰,2
1002,囝,1006,囡,2
1003,回,1001,四,2
1004,囟,598,卤,2
1005,因,743,周,2
1005,因,1000,囚,2
1005,因,3929,目,2
1007,团,1011,困,2
1010,园,15,且,2
1010,园,1017,国,2
1011,困,1016,固,2
1013,围,1002,囝,2
1015,囹,1014,囵,2
1016,固,1005,因,2
1016,固,1006,囡,2
1017,国,1006,囡,2
1017,国,1010,园,2
1018,图,1010,园,2
1018,图,1014,囵,2
1020,圃,1022,圆,2
1022,圆,1010,园,2
1022,圆,1025,圊,2
1027,土,86,五,2
1041,圾,1043,坂,2
1043,坂,2073,扳,2
1051,坑,1075,垃,2
1052,块,2083,抉,2
1058,坟,1041,圾,2
1058,坟,1045,坊,2
1058,坟,2356,攻,2
1060,坡,5638,诐,2
1062,坦,2114,担,2
1066,坫,2117,拈,2
1071,坷,1044,均,2
1086,垞,1063,坨,2
1091,垣,1062,坦,2
1098,垮,2161,挎,2
1105,埃,2176,挨,2
1115,埙,1116,埚,2
1126,基,3738,甚,2
1128,埽,1164,墁,2
1129,堀,2223,掘,2
1130,堂,2723,棠,2
1132,堇,6673,革,2
1148,堵,1133,堉,2
1156,塘,2284,搪,2
1157,塞,1422,室,2
1159,填,1123,埴,2
1159,填,3252,滇,2
1165,境,1149,塃,2
1170,墓,5201,蓁,2
1175,墦,2322,播,2
1184,士,3,七,2
1195,夏,534,勇,2
1195,夏,1194,复,2
1197,夕,2394,斥,2
1198,外,593,卟,2
1198,外,1192,处,2
1202,够,3957,眵,2
1202,够,4765,胗,2
1205,大,1476,尢,2
1206,天,355,元,2
1206,天,1208,夫,2
1206,天,2416,无,2
1209,夬,1208,夫,2
1211,央,5297,虫,2
1213,失,728,呋,2
1213,失,3740,生,2
1218,夺,5958,车,2
1223,奇,4993,苛,2
1224,奈,1218,夺,2
1232,奖,2689,桨,2
1236,奠,1466,尊,2
1241,奴,1251,妇,2
1245,好,1251,妇,2
1251,妇,1253,妊,2
1256,妓,1288,姣,2
1257,妖,1265,妩,2
1257,妖,1301,娇,2
1273,妾,1302,娈,2
1274,姆,1070,坶,2
1275,姊,1267,妫,2
1275,姊,1311,娣,2
1277,姐,1304,娌,2
1278,姑,1264,妨,2
1278,姑,1287,姞,2
1280,姓,1253,妊,2
1280,姓,1286,姝,2
1285,姜,1273,妾,2
1290,姨,1323,婕,2
1293,姻,1274,姆,2
1295,姿,5800,资,2
1313,娩,1292,姹,2
1313,娩,1294,姽,2
1317,娶,4714,聚,2
1318,娼,1309,娟,2
1328,婪,2703,梦,2
1331,婵,1326,婢,2
1337,媚,1335,婿,2
1338,媛,1349,嫒,2
1363,嬉,1325,婞,2
1367,嬴,5828,赢,2
1370,子,1372,孓,2
1374,孕,1470,尕,2
1375,字,1402,宇,2
1381,孝,4669,考,2
1384,季,1378,孚,2
1389,孪,1378,孚,2
1398,宁,82,亏,2
1398,宁,1403,守,2
1398,宁,1410,宗,2
1401,宅,6273,钅,2
1402,宇,1375,字,2
1402,宇,1398,宁,2
1410,宗,1405,宋,2
1412,宙,100,亩,2
1415,宜,1421,宣,2
1416,宝,1401,宅,2
1417,实,3362,灾,2
1418,宠,1407,宏,2
1419,审,1412,宙,2
1422,室,1432,家,2
1429,害,387,兽,2
1432,家,404,冢,2
1434,容,1420,客,2
1441,密,5377,蜜,2
1448,寞,1435,宽,2
1456,寸,2054,才,2
1465,尉,1989,慰,2
1467,小,2942,水,2
1472,尘,41,主,2
1473,尚,4992,苘,2
1483,尸,2040,户,2
1485,尺,662,只,2
1492,屁,2920,民,2
1499,屋,1493,层,2
1499,屋,3783,疍,2
1504,展,6019,辰,2
1506,属,3281,漓,2
1510,履,1509,屣,2
1514,山,1512,屮,2
1517,屿,1541,岵,2
1525,岔,1838,忿,2
1525,岔,3911,盆,2
1527,岗,1530,岚,2
1531,岛,52,乌,2
1534,岣,1550,峋,2
1550,峋,1534,岣,2
1552,峙,5645,诗,2
1560,峪,6588,除,2
1562,峰,1556,峥,2
1565,崃,1553,峡,2
1567,崇,4146,祟,2
1569,崔,1570,崖,2
1569,崔,6619,雀,2
1576,崧,5122,菘,2
1580,崴,5176,葳,2
1581,崽,1595,嵬,2
1611,工,561,匚,2
1611,工,1721,廴,2
1613,巧,2964,污,2
1618,巯,3784,疏,2
1619,己,1621,巳,2
1622,巴,1621,巳,2
1623,巷,4668,老,2
1630,帆,5314,蚍,2
1638,帖,5784,贴,2
1639,帘,4228,穷,2
1643,帜,1638,帖,2
1646,带,530,劳,2
1647,帧,1638,帖,2
1665,幢,1662,幛,2
1666,幪,5448,蠓,2
1667,干,81,于,2
1667,干,579,午,2
1668,平,54,乎,2
1669,年,401,军,2
1672,幺,49,么,2
1673,幻,4465,纫,2
1674,幼,1673,幻,2
1675,幽,5751,豳,2
1678,庄,129,仕,2
1679,庆,621,厌,2
1688,底,1693,府,2
1693,府,1688,底,2
1695,废,1682,庋,2
1705,康,833,唐,2
1717,廙,3843,痹,2
1721,廴,1372,孓,2
1723,廷,6062,适,2
1724,建,6088,逮,2
1725,廾,4933,艹,2
1738,弓,4,万,2
1752,弱,6844,驹,2
1760,录,2079,承,2
1766,形,458,刑,2
1778,役,5621,设,2
1779,彻,2986,沏,2
1780,彼,3035,波,2
1781,往,192,住,2
1785,待,227,侍,2
1787,很,3547,狠,2
1789,徊,4490,细,2
1790,律,4466,纬,2
1797,徙,4553,缇,2
1797,徙,4562,缒,2
1798,徜,4531,绱,2
1803,微,1807,徽,2
1803,微,4595,缴,2
1804,徵,1803,微,2
1807,徽,4559,缎,2
1810,必,1808,心,2
1826,忤,1815,忏,2
1827,忧,164,优,2
1829,快,1052,块,2
1829,快,1844,怅,2
1835,忻,2585,析,2
1838,忿,1525,岔,2
1839,怀,2570,杯,2
1845,怆,1894,恰,2
1846,怊,1915,悟,2
1848,怎,1817,忑,2
1856,怜,182,伶,2
1856,怜,1837,忾,2
1859,怡,1891,恬,2
1862,性,3508,牲,2
1869,总,363,兑,2
1874,恃,1464,将,2
1874,恃,1819,忖,2
1874,恃,1911,悖,2
1890,恫,1932,惆,2
1891,恬,1854,怙,2
1895,恳,1813,忌,2
1903,恿,1886,恧,2
1911,悖,1933,惇,2
1915,悟,2704,梧,2
1919,悦,2714,棁,2
1930,悼,1929,悻,2
1930,悼,2731,棹,2
1931,情,1905,悄,2
1931,情,1940,惜,2
1931,情,1967,愔,2
1940,惜,1967,愔,2
1945,惧,271,俱,2
1945,惧,1855,怛,2
1947,惩,1872,恁,2
1950,惭,3185,渐,2
1951,惮,2239,掸,2
1952,惯,1974,愦,2
1956,惶,1958,惺,2
1956,惶,3433,煌,2
1957,惹,5257,薏,2
1963,愉,5396,蝓,2
1968,愕,1972,愣,2
1969,愚,7125,黑,2
1977,愿,1920,您,2
1985,慢,1660,幔,2
1993,憎,1173,增,2
1995,憖,1960,愁,2
2010,懦,4433,糯,2
2014,戈,2016,戋,2
2015,戊,2018,戍,2
2017,戌,2019,戎,2
2017,戌,2021,成,2
2018,戍,1818,忒,2
2019,戎,2023,戒,2
2020,戏,1457,对,2
2021,成,2027,战,2
2028,戚,785,咸,2
2043,房,713,启,2
2045,扁,2046,扃,2
2052,手,81,于,2
2052,手,3498,牛,2
2054,才,2053,扌,2
2057,扒,2056,扑,2
2062,扣,2544,机,2
2065,扩,1038,圹,2
2065,扩,2099,护,2
2068,扬,2566,杨,2
2069,扭,2116,拇,2
2069,扭,2132,招,2
2070,扮,2123,拐,2
2072,扰,2135,拢,2
2073,扳,2100,报,2
2073,扳,2115,拆,2
2074,扶,2168,挟,2
2075,批,2582,枇,2
2076,扺,2105,抵,2
2077,扼,3526,犯,2
2080,技,2591,枝,2
2085,抑,145,仰,2
2091,抗,2569,杭,2
2092,折,1835,忻,2
2092,折,2056,扑,2
2098,抢,2104,抱,2
2099,护,2172,挣,2
2100,报,2073,扳,2
2100,报,2580,极,2
2101,抨,2063,扦,2
2103,抬,2158,指,2
2105,抵,2076,扺,2
2108,押,2107,抻,2
2108,押,2191,捍,2
2108,押,2619,柙,2
2109,抽,2107,抻,2
2109,抽,2121,拍,2
2110,抿,2076,扺,2
2113,拄,2139,拦,2
2113,拄,2631,柱,2
2115,拆,2092,折,2
2115,拆,2119,拊,2
2117,拈,2132,招,2
2117,拈,2601,枯,2
2118,拉,2113,拄,2
2118,拉,2139,拦,2
2122,拎,2149,拴,2
2122,拎,2609,柃,2
2124,拒,2621,柜,2
2125,拓,2088,抔,2
2127,拖,2098,抢,2
2129,拘,2121,拍,2
2129,拘,2607,枸,2
2135,拢,1077,垅,2
2135,拢,2078,找,2
2138,拥,2108,押,2
2139,拦,1075,垃,2
2140,拧,2624,柠,2
2143,括,2651,栝,2
2147,拱,3641,珙,2
2149,拴,2178,挫,2
2151,拷,2143,括,2
2151,拷,2692,桴,2
2152,拼,2131,拚,2
2157,挂,2113,拄,2
2158,指,2192,捎,2
2160,按,2672,桉,2
2168,挟,3552,狭,2
2169,挠,2682,桡,2
2171,挢,2173,挤,2
2172,挣,2658,样,2
2174,挥,2225,探,2
2176,挨,2199,换,2
2178,挫,2193,捏,2
2184,捂,2704,梧,2
2186,捅,2694,桷,2
2187,捆,2237,掴,2
2194,捐,2158,指,2
2194,捐,2197,损,2
2195,捕,1111,埔,2
2198,捡,2118,拉,2
2198,捡,2139,拦,2
2198,捡,2713,检,2
2199,换,2176,挨,2
2199,换,2183,挽,2
2200,捣,1057,坞,2
2207,捶,2178,挫,2
2207,捶,2728,棰,2
2209,捺,2136,拣,2
2209,捺,2161,挎,2
2210,捻,2122,拎,2
2211,掀,2319,撤,2
2216,掊,2252,揞,2
2223,掘,1129,堀,2
2225,探,2174,挥,2
2228,控,2118,拉,2
2229,推,1131,堆,2
2230,掩,1122,埯,2
2231,措,2252,揞,2
2236,掳,2293,摅,2
2237,掴,2187,捆,2
2239,掸,2203,捭,2
2239,掸,2658,样,2
2240,掺,4418,糁,2
2245,揉,2282,搡,2
2248,描,2231,措,2
2249,提,1144,堤,2
2252,揞,2216,掊,2
2252,揞,2231,措,2
2254,握,2206,捱,2
2256,揩,2765,楷,2
2257,揪,2766,楸,2
2258,揭,2219,掏,2
2261,援,2227,接,2
2269,搂,2768,楼,2
2270,搅,2183,挽,2
2286,搭,1155,塔,2
2288,携,2798,槜,2
2294,摆,2291,摁,2
2297,摊,2229,推,2
2302,摧,2340,擢,2
2305,摸,2147,拱,2
2305,摸,2809,模,2
2311,撅,2822,橛,2
2312,撇,2314,撒,2
2314,撒,3311,潵,2
2327,撸,2827,橹,2
2329,撼,2002,憾,2
2342,擦,2837,檫,2
2351,攴,2350,支,2
2353,收,5311,蚊,2
2355,改,3623,玫,2
2358,政,2356,攻,2
2359,故,2357,放,2
2359,故,2362,敌,2
2362,敌,3504,牧,2
2363,敏,2358,政,2
2366,敖,2367,教,2
2367,教,2376,数,2
2368,敛,4478,纹,2
2369,敝,2365,敕,2
2376,数,3504,牧,2
2384,斑,3651,珽,2
2393,斤,4,万,2
2400,新,4135,祈,2
2401,方,82,亏,2
2403,施,2409,旋,2
2403,施,4512,绝,2
2404,旁,1751,弯,2
2419,旦,15,且,2
2420,旧,2967,汩,2
2422,早,2428,旱,2
2427,旰,2429,旴,2
2430,时,4729,肘,2
2433,旺,2429,旴,2
2438,昆,4949,芘,2
2442,明,2525,朋,2
2447,昙,638,县,2
2448,昝,760,咎,2
2449,星,726,呈,2
2454,昭,3946,眙,2
2460,昼,1488,尽,2
2466,晌,2435,昀,2
2468,晒,791,哂,2
2479,晦,3964,睁,2
2480,晨,6019,辰,2
2486,晶,848,唱,2
2489,晾,825,哼,2
2505,曈,3780,疃,2
2512,曰,2419,旦,2
2512,曰,3749,田,2
2512,曰,3890,白,2
2521,最,5244,蕞,2
2524,朊,4744,肮,2
2525,朋,4787,胴,2
2527,朐,2435,昀,2
2530,朗,6157,郎,2
2536,未,595,卡,2
2536,未,4391,米,2
2536,未,4677,耒,2
2537,末,2541,朱,2
2538,本,34,丰,2
2538,本,2535,木,2
2543,朵,2547,杂,2
2545,朽,2551,杉,2
2546,杀,22,东,2
2547,杂,22,东,2
2548,权,2550,杈,2
2551,杉,2545,朽,2
2554,杏,705,否,2
2554,杏,2571,杰,2
2557,杓,2581,构,2
2559,杜,2562,杠,2
2559,杜,3359,灶,2
2561,束,690,吏,2
2561,束,2564,来,2
2561,束,2628,柬,2
2564,来,1217,夹,2
2566,杨,2581,构,2
2569,杭,2552,杌,2
2575,杷,2084,把,2
2578,松,2688,桧,2
2579,板,2589,枚,2
2580,极,2100,报,2
2580,极,2548,权,2
2581,构,2129,拘,2
2581,构,2557,杓,2
2581,构,2566,杨,2
2582,枇,2075,批,2
2583,枉,2631,柱,2
2586,枕,2596,枧,2
2589,枚,2548,权,2
2589,枚,2653,校,2
2590,果,725,呆,2
2598,枪,2621,柜,2
2601,枯,2679,桔,2
2607,枸,2557,杓,2
2611,柈,2120,拌,2
2612,柏,2121,拍,2
2613,某,4677,耒,2
2615,柒,2543,朵,2
2616,染,2615,柒,2
2620,柚,2109,抽,2
2631,柱,2645,栏,2
2633,柴,2615,柒,2
2633,柴,4441,紫,2
2638,标,1376,存,2
2638,标,2644,栎,2
2638,标,2707,梯,2
2639,栈,2078,找,2
2644,栎,2625,柢,2
2645,栏,2609,柃,2
2646,树,2556,村,2
2648,栓,2631,柱,2
2655,株,2712,梾,2
2658,样,2611,柈,2
2659,核,1388,孩,2
2660,根,1088,垠,2
2660,根,2718,棍,2
2666,桂,2113,拄,2
2666,桂,2675,桎,2
2670,框,2621,柜,2
2671,案,105,亲,2
2671,案,1428,宰,2
2674,桌,4876,臬,2
2679,桔,2699,梏,2
2682,桡,2169,挠,2
2685,桤,1899,恺,2
2689,桨,1232,奖,2
2703,梦,1328,婪,2
2703,梦,2734,棼,2
2704,梧,2184,捂,2
2704,梧,2679,桔,2
2706,梭,2653,校,2
2709,梳,2659,核,2
2720,棕,4416,粽,2
2738,植,2752,楂,2
2741,椑,2203,捭,2
2747,椰,2632,柳,2
2759,楣,2763,楯,2
2760,楦,2247,揎,2
2761,楫,2251,揖,2
2773,榇,2700,梓,2
2774,榈,2676,桐,2
2788,榷,2302,摧,2
2799,槟,2296,摈,2
2800,槠,2762,楮,2
2833,檑,2331,擂,2
2836,檩,2829,檀,2
2838,檬,1182,壕,2
2840,欠,373,公,2
2840,欠,5762,贝,2
2842,欢,719,吹,2
2843,欣,6724,颀,2
2851,款,2849,欹,2
2851,款,2856,歌,2
2856,歌,2849,欹,2
2865,歹,4,万,2
2888,段,3612,玖,2
2895,母,2894,毋,2
2900,比,559,北,2
2903,毗,703,吡,2
2905,毛,48,乇,2
2906,毡,6325,钻,2
2908,毫,4265,竟,2
2918,氏,558,化,2
2927,氚,2925,氘,2
2933,氦,2937,氪,2
2939,氯,2924,氖,2
2939,氯,2929,氟,2
2939,氯,2934,氧,2
2939,氯,2935,氨,2
2943,氵,5594,讠,2
2952,汉,118,仅,2
2954,汐,2973,汶,2
2957,汗,3003,沪,2
2957,汗,5616,许,2
2960,汝,2973,汶,2
2961,汞,2944,永,2
2962,江,4456,红,2
2964,污,1613,巧,2
2965,汤,3017,泃,2
2968,汪,3038,注,2
2969,汭,4472,纳,2
2971,汲,5638,诐,2
2974,汹,2956,汕,2
2981,沅,2982,沆,2
2990,沘,3029,泚,2
2991,沙,4470,纱,2
2993,沛,3127,涑,2
2995,没,2971,汲,2
2996,沣,3041,泮,2
3004,沫,2996,沣,2
3004,沫,3064,洙,2
3004,沫,3068,洣,2
3009,河,2964,污,2
3010,沸,5610,讲,2
3012,治,3084,洽,2
3014,沽,179,估,2
3016,沿,415,冶,2
3018,泄,4485,绁,2
3022,泌,1810,必,2
3022,泌,2977,沁,2
3028,泗,3019,泅,2
3030,泛,3036,泣,2
3033,泠,416,冷,2
3036,泣,3040,泫,2
3037,泥,180,伲,2
3038,注,2968,汪,2
3039,泪,3067,洞,2
3041,泮,2996,沣,2
3041,泮,3068,洣,2
3052,泼,4486,绂,2
3055,洁,217,佶,2
3055,洁,3014,沽,2
3055,洁,3113,浩,2
3055,洁,4503,结,2
3060,洎,3039,泪,2
3065,洚,3140,涤,2
3067,洞,425,凋,2
3067,洞,5688,调,2
3068,洣,3004,沫,2
3071,洨,2995,没,2
3072,洪,3087,浃,2
3083,洼,3054,泾,2
3085,派,5617,讹,2
3087,浃,3134,涞,2
3088,浅,4483,线,2
3094,测,3059,洌,2
3098,浐,3003,沪,2
3099,浑,3058,洋,2
3104,浙,823,哳,2
3104,浙,2398,断,2
3105,浚,3071,洨,2
3105,浚,3131,涘,2
3114,浪,3101,浓,2
3114,浪,3653,琅,2
3115,浮,3175,淳,2
3116,浯,5666,语,2
3117,浴,3066,洛,2
3117,浴,4519,绤,2
3119,浸,3071,洨,2
3123,消,3128,涓,2
3123,消,3180,清,2
3124,涉,3098,浐,2
3127,涑,5699,谏,2
3132,涛,5645,诗,2
3134,涞,3087,浃,2
3134,涞,5642,诔,2
3135,涟,3659,琏,2
3139,涣,841,唤,2
3141,润,3275,滴,2
3142,涧,3056,洄,2
3142,涧,3079,洵,2
3145,涪,5709,谙,2
3151,涸,3067,洞,2
3151,涸,3136,涠,2
3153,淀,3036,泣,2
3153,淀,3107,浞,2
3155,淅,3104,浙,2
3156,淆,3180,清,2
3159,淌,4531,绱,2
3159,淌,5667,诮,2
3160,淏,5668,误,2
3162,淖,3058,洋,2
3162,淖,4530,绰,2
3163,淘,4539,绹,2
3171,淫,3038,注,2
3171,淫,5718,谣,2
3173,淮,4534,维,2
3189,渗,3129,涔,2
3189,渗,5710,谚,2
3194,渣,904,喳,2
3204,渺,4554,缈,2
3212,湖,3685,瑚,2
3213,湘,3212,湖,2
3213,湘,4549,缃,2
3216,湝,5700,谐,2
3222,湾,3116,浯,2
3224,溃,1974,愦,2
3235,溢,4577,缢,2
3244,溶,1434,容,2
3253,滋,3024,泓,2
3257,滓,3292,漳,2
3262,滚,5474,衮,2
3266,满,3297,潇,2
3270,滦,2663,栾,2
3271,滨,3239,溪,2
3272,滩,6626,雌,2
3281,漓,4576,缡,2
3286,漩,940,嗾,2
3286,漩,3700,璇,2
3291,漱,423,凇,2
3299,潍,3173,淮,2
3305,潢,2007,懑,2
3316,澄,3169,淤,2
3326,澳,1238,奥,2
3329,澹,5736,谵,2
3335,濒,3273,滪,2
3356,灯,666,叮,2
3358,灵,1760,录,2
3359,灶,4130,社,2
3375,炝,1845,怆,2
3376,炟,1855,怛,2
3380,炮,1845,怆,2
3381,炯,3401,烟,2
3382,炱,1858,怠,2
3384,炷,3433,煌,2
3391,烁,3390,烀,2
3392,烂,3393,烃,2
3393,烃,3392,烂,2
3412,烹,101,享,2
3423,焙,3418,焐,2
3423,焙,3450,熔,2
3447,熄,3453,熜,2
3464,燎,963,嘹,2
3467,燕,5241,蕊,2
3468,燠,2005,懊,2
3481,父,47,久,2
3483,爸,4983,苍,2
3493,牍,3517,犊,2
3501,牡,3499,牝,2
3508,牲,1280,姓,2
3510,特,2156,持,2
3511,牺,2649,栖,2
3517,犊,2743,椟,2
3524,犬,1205,大,2
3524,犬,1477,尤,2
3530,犷,2065,扩,2
3532,犹,3527,犰,2
3537,狈,3536,狄,2
3539,狍,3543,狗,2
3552,狭,2168,挟,2
3555,狰,3577,猝,2
3564,狼,3547,狠,2
3568,猇,2271,搋,2
3570,猎,2231,措,2
3570,猎,4819,腊,2
3582,猩,3559,狴,2
3584,猫,3570,猎,2
3591,猹,2263,揸,2
3595,獏,2305,摸,2
3599,獠,2320,撩,2
3604,獾,2344,攉,2
3605,玄,96,亥,2
3605,玄,1672,幺,2
3606,率,585,卒,2
3607,玉,83,云,2
3608,王,1185,壬,2
3608,王,1757,彐,2
3615,玛,3613,玙,2
3622,玩,2981,沅,2
3625,环,1049,坏,2
3626,现,5555,观,2
3633,珂,1071,坷,2
3653,琅,3114,浪,2
3654,理,1107,埋,2
3667,琨,3176,混,2
3671,琮,3164,淙,2
3674,琳,3158,淋,2
3676,琵,3677,琶,2
3677,琶,4278,笆,2
3693,瑶,5718,谣,2
3698,璃,3679,瑀,2
3698,璃,5725,谪,2
3710,璧,1179,壁,2
3710,璧,1364,嬖,2
3721,瓣,6016,辨,2
3726,瓴,6730,领,2
3744,甪,5569,角,2
3749,田,3750,由,2
3750,由,393,冉,2
3755,甸,552,匆,2
3766,畔,5313,蚌,2
3772,畦,794,哇,2
3784,疏,3656,琉,2
3798,疤,3803,疮,2
3798,疤,3806,疱,2
3810,疵,1680,庇,2
3821,痈,2694,桷,2
3821,痈,3830,痛,2
3823,痊,3813,疼,2
3831,痞,3820,症,2
3838,痪,3815,疾,2
3838,痪,3851,瘊,2
3840,痰,3815,疾,2
3847,瘁,3825,痒,2
3864,瘦,3800,疫,2
3865,瘩,3850,瘆,2
3871,瘴,3825,痒,2
3891,百,2865,歹,2
3891,百,3750,由,2
3891,百,3890,白,2
3891,百,4019,石,2
3893,的,2435,昀,2
3897,皋,4876,臬,2
3901,皖,3899,皑,2
3908,皿,2419,旦,2
3908,皿,5457,血,2
3914,益,3922,盖,2
3920,盒,3911,盆,2
3922,盖,3914,益,2
3922,盖,4631,羞,2
3923,盗,4294,笪,2
3929,目,15,且,2
3929,目,2418,日,2
3929,目,2522,月,2
3930,盯,2429,旴,2
3931,盱,2429,旴,2
3931,盱,3930,盯,2
3937,盾,302,值,2
3944,看,4671,者,2
3953,眩,2439,昉,2
3956,眯,4802,脒,2
3958,眶,3969,睚,2
3959,眷,3944,看,2
3963,着,3944,看,2
3965,睃,3957,眵,2
3973,督,3983,瞀,2
3991,瞟,4852,膘,2
3995,瞧,968,噍,2
3996,瞩,959,嘱,2
3997,瞪,970,噔,2
3997,瞪,2494,暌,2
4001,瞳,3780,疃,2
4001,瞳,4868,臆,2
4017,短,4014,矩,2
4021,矸,2867,歼,2
4024,矾,4020,矶,2
4024,矾,4033,砒,2
4025,矿,4023,矽,2
4035,砖,4040,砝,2
4039,砜,4024,矾,2
4050,砰,4036,砗,2
4060,硁,4057,砼,2
4067,硕,4031,砍,2
4074,硬,4068,硖,2
4080,碉,854,啁,2
4080,碉,4065,硐,2
4091,碟,5697,谍,2
4094,碥,4076,确,2
4105,磅,4088,碚,2
4108,磋,4088,碚,2
4108,磋,4104,磁,2
4127,示,4174,禾,2
4134,祆,5482,袂,2
4135,祈,4140,祗,2
4158,祼,5524,裸,2
4174,禾,2052,手,2
4177,秃,435,凭,2
4178,秆,2133,拜,2
4178,秆,4181,种,2
4180,秋,3536,狄,2
4183,秒,2568,杪,2
4183,秒,4181,种,2
4189,秦,1228,奏,2
4189,秦,2673,桊,2
4189,秦,4438,素,2
4192,秫,4187,秣,2
4195,称,4202,稃,2
4197,移,4202,稃,2
4209,稚,2739,椎,2
4209,稚,6622,雅,2
4212,稣,6210,酥,2
4213,稳,4207,稔,2
4219,稿,2790,槁,2
4227,究,4228,穷,2
4232,穿,4974,芽,2
4236,窄,1434,容,2
4241,窑,4244,窖,2
4242,窒,4233,窀,2
4244,窖,4254,窨,2
4263,站,3015,沾,2
4265,竟,1966,意,2
4267,竣,1791,後,2
4275,竿,1669,年,2
4278,笆,1532,岜,2
4278,笆,4930,色,2
4286,笙,3740,生,2
4286,笙,4308,筌,2
4288,笞,4313,答,2
4290,笤,4276,笃,2
4292,符,4313,答,2
4295,笫,4296,第,2
4306,等,4327,筹,2
4312,筒,4324,筲,2
4319,筝,4335,箓,2
4325,筵,4376,簉,2
4330,签,1573,崟,2
4330,签,5105,莶,2
4331,简,4298,笱,2
4348,箫,5154,萧,2
4351,箱,4340,箝,2
4352,箴,1427,宬,2
4361,篙,1593,嵩,2
4372,篼,4285,笕,2
4389,籁,4378,簌,2
4391,米,2537,末,2
4391,米,2541,朱,2
4398,粒,2118,拉,2
4399,粕,4401,粘,2
4401,粘,4398,粒,2
4410,粮,4201,稂,2
4425,糕,4398,粒,2
4429,糜,7106,麇,2
4429,糜,7108,麋,2
4436,系,2563,条,2
4438,素,1381,孝,2
4439,索,4438,素,2
4439,索,5153,萦,2
4443,絮,1386,孥,2
4456,红,2962,江,2
4458,纤,2957,汗,2
4458,纤,6282,钎,2
4460,约,1246,妁,2
4461,级,4478,纹,2
4464,纪,5609,记,2
4469,纰,4477,纸,2
4471,纲,3001,沨,2
4472,纳,2969,汭,2
4472,纳,6298,钠,2
4475,纶,2999,沦,2
4476,纷,152,份,2
4476,纷,4506,绗,2
4477,纸,3031,泜,2
4478,纹,2973,汶,2
4479,纺,4467,纭,2
4481,纽,6312,钮,2
4483,线,4502,绒,2
4485,绁,4484,绀,2
4488,组,4490,细,2
4488,组,5628,诅,2
4490,细,6329,钿,2
4491,织,5598,认,2
4492,终,205,佟,2
4494,绊,149,件,2
4494,绊,3041,泮,2
4498,绎,3053,泽,2
4499,经,3054,泾,2
4500,绐,4508,给,2
4502,绒,4483,线,2
4505,绕,3090,浇,2
4507,绘,6784,饩,2
4508,给,4500,绐,2
4508,给,4511,络,2
4508,给,6799,饸,2
4509,绚,5656,询,2
4511,络,4508,给,2
4511,络,4519,绤,2
4512,绝,3008,沲,2
4512,绝,4475,纶,2
4513,绞,219,佼,2
4518,绣,5670,诱,2
4520,绥,4563,缓,2
4525,绪,5677,诸,2
4531,绱,4516,绡,2
4533,绳,3186,渑,2
4533,绳,4512,绝,2
4538,绸,425,凋,2
4538,绸,5688,调,2
4541,绻,292,倦,2
4542,综,5690,谅,2
4545,绿,4568,缘,2
4550,缄,427,减,2
4551,缅,3209,湎,2
4555,缉,3128,涓,2
4559,缎,6445,锻,2
4560,缏,4515,绠,2
4562,缒,4592,缱,2
4563,缓,3221,湲,2
4563,缓,5706,谖,2
4566,编,2045,扁,2
4568,缘,4545,绿,2
4579,缤,327,傧,2
4579,缤,3271,滨,2
4580,缥,323,傈,2
4585,缪,6481,镠,2
4588,缭,337,僚,2
4595,缴,331,傲,2
4628,羔,3922,盖,2
4633,羡,4627,羑,2
4634,群,6014,辟,2
4645,翅,5850,趣,2
4650,翕,4644,翁,2
4665,翻,4660,翮,2
4666,翼,388,冀,2
4666,翼,4647,翌,2
4675,耍,1281,委,2
4683,耙,4681,耗,2
4692,耪,2781,榜,2
4703,耿,4709,职,2
4724,肉,391,内,2
4727,肓,3932,盲,2
4730,肚,3501,牡,2
4737,肢,4736,股,2
4737,肢,4788,胶,2
4741,肪,4732,肜,2
4744,肮,4741,肪,2
4748,肴,1632,希,2
4754,肿,4768,胛,2
4755,胀,4802,脒,2
4763,胎,4741,肪,2
4771,胞,4739,肥,2
4771,胞,4908,舱,2
4775,胧,3954,眬,2
4775,胧,4746,肱,2
4775,胧,4752,肽,2
4776,胨,4798,脎,2
4789,胸,2527,朐,2
4796,脊,4761,背,2
4805,脖,4828,腙,2
4826,腔,4829,腚,2
4836,腰,4790,胺,2
4839,腹,4809,脧,2
4844,腾,3259,滕,2
4845,腿,3445,煺,2
4852,膘,3991,瞟,2
4856,膝,3967,睐,2
4873,臣,1614,巨,2
4879,致,2358,政,2
4889,舌,657,古,2
4890,舍,709,含,2
4890,舍,1429,害,2
4890,舍,6257,金,2
4913,舷,4903,舫,2
4928,良,4927,艮,2
4934,艺,4947,芒,2
4943,芍,5047,荀,2
4947,芒,4934,艺,2
4954,芡,5033,茨,2
4956,芥,4972,芹,2
4965,芯,5241,蕊,2
4978,苇,4975,芾,2
4981,苋,4954,芡,2
4983,苍,1623,巷,2
4986,苑,4955,芤,2
4991,苗,4987,苒,2
4991,苗,5041,茵,2
5002,苦,4968,芳,2
5002,苦,5001,若,2
5002,苦,5003,苫,2
5005,英,5059,荚,2
5008,苹,4624,羊,2
5008,苹,4941,芊,2
5008,苹,5090,莘,2
5013,范,4949,芘,2
5015,茅,5071,荨,2
5016,茆,5028,茚,2
5019,茉,2613,某,2
5019,茉,4677,耒,2
5029,茛,5096,莨,2
5033,茨,5034,茫,2
5035,茬,5054,荐,2
5040,茴,4994,苜,2
5044,茹,1247,如,2
5050,荆,489,削,2
5052,草,5090,莘,2
5053,荏,5020,茌,2
5059,荚,4393,类,2
5059,荚,5005,英,2
5064,荠,4956,芥,2
5066,荣,4974,芽,2
5066,荣,5042,茶,2
5081,荻,5107,莸,2
5081,荻,5156,萩,2
5082,荼,5148,萘,2
5085,莆,4975,芾,2
5086,莉,479,刹,2
5102,莲,6042,连,2
5117,菊,5169,葡,2
5118,菌,4991,苗,2
5119,菏,5079,荷,2
5121,菖,2517,曹,2
5123,菜,5038,茱,2
5123,菜,5082,荼,2
5140,萄,5047,荀,2
5144,萍,3058,洋,2
5147,萑,5053,荏,2
5164,著,5113,菁,2
5169,葡,554,匍,2
5172,葫,4772,胡,2
5177,葵,5228,蔡,2
5179,葸,5175,葱,2
5181,蒂,1641,帚,2
5189,蒙,1432,家,2
5196,蒸,3467,燕,2
5200,蒿,6902,高,2
5203,蓄,3770,畜,2
5203,蓄,5200,蒿,2
5218,蓬,5102,莲,2
5225,蔗,1704,庶,2
5229,蔫,5023,茑,2
5231,蔷,5113,菁,2
5254,薄,5194,蒲,2
5259,薜,5258,薛,2
5262,薪,5128,菥,2
5264,薯,5113,菁,2
5277,藩,5238,蕃,2
5288,虍,5289,虎,2
5294,虚,5289,虎,2
5300,虱,637,厾,2
5304,虼,5303,虻,2
5305,虽,7142,黾,2
5308,蚀,6794,饳,2
5311,蚊,5349,蛟,2
5313,蚌,5324,蚪,2
5313,蚌,5346,蛙,2
5324,蚪,6311,钭,2
5326,蚯,5301,虹,2
5327,蚰,5332,蚺,2
5327,蚰,5342,蛐,2
5338,蛊,3910,盅,2
5339,蛋,3783,疍,2
5349,蛟,5311,蚊,2
5352,蛭,5333,蛀,2
5355,蛱,5322,蚨,2
5363,蜂,1562,峰,2
5363,蜂,5345,蛘,2
5366,蜈,1314,娱,2
5374,蜗,5386,蜴,2
5383,蜩,5392,蝈,2
5393,蝉,5385,蜱,2
5393,蝉,5410,蝾,2
5406,蝶,5410,蝾,2
5429,螺,5389,蜾,2
5431,蟀,5345,蛘,2
5432,蟆,5410,蝾,2
5434,蟋,5413,螅,2
5439,蟠,5434,蟋,2
5448,蠓,5437,蟓,2
5457,血,5550,西,2
5467,衣,5468,衤,2
5468,衤,5467,衣,2
5472,衫,5491,袗,2
5474,衮,366,兖,2
5480,衿,5491,袗,2
5480,衿,5500,袷,2
5488,袍,3380,炮,2
5489,袒,4139,祖,2
5496,被,1780,彼,2
5510,裔,857,商,2
5516,裣,4077,硷,2
5527,裾,5513,裙,2
5538,褪,3445,煺,2
5547,襟,5492,袜,2
5551,要,1263,妥,2
5554,见,5762,贝,2
5562,觊,436,凯,2
5574,解,2388,斛,2
5581,言,6710,音,2
5583,訇,556,匐,2
5591,謦,5592,警,2
5594,讠,93,亡,2
5595,计,5602,讨,2
5596,订,6504,门,2
5597,讣,5598,认,2
5598,认,140,以,2
5600,讦,5616,许,2
5603,让,2992,沚,2
5605,讫,4459,纥,2
5609,记,5599,讥,2
5611,讳,4466,纬,2
5612,讴,2997,沤,2
5614,讶,171,伢,2
5614,讶,3618,玡,2
5616,许,5627,评,2
5618,论,4475,纶,2
5622,访,2964,污,2
5622,访,5640,诒,2
5623,诀,3087,浃,2
5625,诂,5646,诘,2
5627,评,5600,讦,2
5632,诊,3637,珍,2
5634,诌,4493,绉,2
5635,词,6509,问,2
5639,译,4498,绎,2
5639,译,5627,评,2
5644,诖,215,佳,2
5645,诗,3102,浔,2
5648,诚,427,减,2
5648,诚,5664,诫,2
5649,诛,3643,珠,2
5651,话,3015,沾,2
5651,话,5666,语,2
5655,诡,2982,沆,2
5656,询,3644,珣,2
5658,诤,420,净,2
5659,该,3040,泫,2
5660,详,5639,译,2
5660,详,5658,诤,2
5661,诧,3007,沱,2
5665,诬,5624,证,2
5667,诮,252,俏,2
5670,诱,6071,透,2
5671,诲,3077,洳,2
5673,说,3110,浣,2
5674,诵,1106,埇,2
5678,诹,301,倻,2
5679,诺,3190,渚,2
5683,课,3174,深,2
5686,谁,3060,洎,2
5688,调,3151,涸,2
5694,谊,3201,渲,2
5697,谍,5695,谋,2
5698,谎,1149,塃,2
5698,谎,1980,慌,2
5703,谓,3128,涓,2
5707,谗,6816,馋,2
5712,谜,4522,继,2
5718,谣,3171,淫,2
5721,谦,3332,濂,2
5722,谧,3235,溢,2
5723,谨,3314,潼,2
5724,谩,3119,浸,2
5727,谬,4585,缪,2
5728,谭,3257,滓,2
5763,贞,736,员,2
5763,贞,5764,负,2
5764,负,5763,贞,2
5765,贡,6713,页,2
5767,责,5782,贲,2
5767,责,6663,青,2
5769,败,5773,贩,2
5770,账,1634,帐,2
5775,贫,606,危,2
5775,贫,5774,贪,2
5779,贯,5789,费,2
5791,贻,5784,贴,2
5797,赁,5783,贳,2
5798,赂,3771,略,2
5817,赖,5967,软,2
5821,赛,5805,赉,2
5836,走,2350,支,2
5838,赴,5839,赵,2
5841,起,5844,超,2
5856,趺,5864,跌,2
5860,跃,5874,跞,2
5872,跛,5859,趿,2
5878,跨,1098,垮,2
5879,跪,5861,跄,2
5883,跳,3646,珧,2
5884,践,4483,线,2
5886,跷,4505,绕,2
5896,踏,5924,蹐,2
5903,踩,5874,跞,2
5903,踩,5904,踪,2
5903,踩,5944,躁,2
5904,踪,7134,黥,2
5923,蹋,5901,踢,2
5961,轩,5975,轷,2
5967,软,2844,欤,2
6003,输,2243,揄,2
6011,辛,585,卒,2
6011,辛,1671,幸,2
6011,辛,4275,竿,2
6022,边,66,也,2
6025,迁,2968,汪,2
6026,迂,6036,迕,2
6028,迅,3749,田,2
6030,迈,6032,运,2
6042,连,3083,洼,2
6042,连,5102,莲,2
6056,迷,6054,述,2
6056,迷,6073,逑,2
6057,迸,6066,逆,2
6059,追,6048,迨,2
6060,退,6043,迟,2
6061,送,6067,选,2
6063,逃,445,凼,2
6064,逄,6036,迕,2
6071,透,5670,诱,2
6073,逑,6054,述,2
6074,递,6066,逆,2
6075,途,6049,迩,2
6076,逖,6072,逐,2
6079,逛,6076,逖,2
6092,逸,5707,谗,2
6094,逼,6078,通,2
6096,遁,6065,逅,2
6097,遂,6066,逆,2
6097,遂,6121,邃,2
6100,遍,6078,通,2
6105,道,6051,迫,2
6110,遣,5735,谴,2
6110,遣,6106,遗,2
6111,遥,6081,逞,2
6116,遵,6104,遒,2
6124,邑,4930,色,2
6132,邢,6145,邸,2
6133,那,4698,耶,2
6155,郈,6140,邱,2
6156,郊,2360,效,2
6156,郊,6173,郭,2
6157,郎,607,即,2
6158,郏,6134,邦,2
6177,都,608,却,2
6177,都,6151,郁,2
6195,酋,6826,首,2
6203,酚,6202,酗,2
6231,醉,6226,酽,2
6232,醋,6223,酷,2
6234,醍,6996,鳀,2
6240,醢,6245,醯,2
6254,重,1074,垂,2
6257,金,4890,舍,2
6259,鉴,3919,监,2
6269,鏊,6267,鍪,2
6270,鏖,7107,麈,2
6274,钆,6275,钇,2
6277,钉,3609,玎,2
6277,钉,6278,钊,2
6282,钎,6276,针,2
6285,钒,6303,钥,2
6286,钓,6285,钒,2
6286,钓,6305,钧,2
6291,钙,2989,沔,2
6294,钜,4014,矩,2
6296,钞,6284,钐,2
6297,钟,4489,绅,2
6298,钠,4472,纳,2
6299,钡,6304,钦,2
6304,钦,5967,软,2
6304,钦,6299,钡,2
6304,钦,6310,钬,2
6305,钧,4460,约,2
6305,钧,6307,钩,2
6307,钩,6286,钓,2
6312,钮,4481,纽,2
6315,钱,4483,线,2
6317,钳,4484,绀,2
6317,钳,6326,钼,2
6318,钴,6325,钻,2
6321,钷,6294,钜,2
6325,钻,4500,绐,2
6325,钻,6335,铅,2
6325,钻,6354,铝,2
6326,钼,6303,钥,2
6328,钾,4489,绅,2
6330,铀,3011,油,2
6330,铀,5972,轴,2
6331,铁,6360,铣,2
6344,铐,6416,锜,2
6348,铖,6324,钺,2
6352,铛,4493,绉,2
6352,铛,6370,铮,2
6354,铝,4491,织,2
6355,铞,6393,锅,2
6360,铣,6331,铁,2
6372,铰,4513,绞,2
6373,铱,6308,钪,2
6373,铱,6406,锒,2
6374,铲,3098,浐,2
6374,铲,6284,钐,2
6378,银,1787,很,2
6378,银,6419,锟,2
6389,锁,6388,销,2
6389,锁,6453,镄,2
6395,锇,6805,饿,2
6396,锈,5670,诱,2
6397,锉,6364,铨,2
6399,锋,4510,绛,2
6404,锐,5673,说,2
6405,锑,4523,绨,2
6413,错,4569,缙,2
6413,错,6412,锘,2
6420,锡,4535,绵,2
6421,锢,6356,铟,2
6423,锤,4558,缍,2
6425,锦,6355,铞,2
6432,锭,6372,铰,2
6433,键,6361,铤,2
6443,锹,3219,湫,2
6449,镀,6301,钣,2
6450,镁,6485,镤,2
6465,镐,6478,镝,2
6466,镑,7013,鳑,2
6473,镘,4581,缦,2
6496,镰,3332,濂,2
6506,闪,392,冈,2
6509,问,2420,旧,2
6509,问,6518,闷,2
6511,闰,6507,闫,2
6515,间,5635,词,2
6520,闹,6512,闱,2
6522,闻,6510,闯,2
6525,闾,6507,闫,2
6525,闾,6532,阅,2
6525,闾,6537,阊,2
6529,阂,6532,阅,2
6532,阅,6509,问,2
6536,阉,6531,阄,2
6541,阎,6539,阌,2
6553,阜,4876,臬,2
6562,阳,6566,阻,2
6562,阳,6569,阿,2
6572,附,762,咐,2
6580,降,6588,除,2
6581,限,6607,隗,2
6586,陡,6585,陟,2
6587,院,3901,皖,2
6588,除,3121,涂,2
6591,险,6573,际,2
6592,陪,3423,焙,2
6609,隙,6588,除,2
6614,隶,4718,聿,2
6638,零,6636,雯,2
6641,雾,6637,雳,2
6663,青,4727,肓,2
6670,靡,4429,糜,2
6670,靡,6651,霏,2
6673,革,5008,苹,2
6696,鞫,6691,鞠,2
6715,顷,1048,坎,2
6719,须,6718,顺,2
6724,颀,2843,欣,2
6730,领,6719,须,2
6730,领,6726,颂,2
6730,领,6736,颌,2
6740,频,2844,欤,2
6742,颔,6730,领,2
6750,额,6749,颜,2
6750,额,6756,颤,2
6760,风,433,凤,2
6772,食,1833,念,2
6772,食,1838,忿,2
6790,饯,6315,钱,2
6791,饰,6787,饬,2
6792,饱,6784,饩,2
6793,饲,184,伺,2
6793,饲,5635,词,2
6797,饶,4505,绕,2
6797,饶,5356,蛲,2
6797,饶,5886,跷,2
6801,饺,6372,铰,2
6806,馀,6365,铩,2
6818,馍,6455,镆,2
6819,馏,6464,镏,2
6822,馒,5724,谩,2
6826,首,3891,百,2
6826,首,4994,苜,2
6843,驸,6572,附,2
6847,驼,6839,驴,2
6847,驼,7049,鸵,2
6849,驾,827,哿,2
6861,验,2879,殓,2
6873,骚,1754,强,2
6883,骤,6867,骒,2
6911,鬃,6914,鬓,2
6914,鬓,6915,鬟,2
6922,魁,6926,魅,2
6945,鲇,6954,鲐,2
6951,鲍,4475,纶,2
6951,鲍,6950,鲌,2
6962,鲜,6944,鲆,2
6970,鲥,6949,鲋,2
6972,鲧,6971,鲦,2
7036,鸦,7040,鸫,2
7042,鸭,7034,鸤,2
7046,鸱,7035,鸥,2
7048,鸳,1863,怨,2
7052,鸸,7062,鹂,2
7057,鸽,7045,鸰,2
7057,鸽,7064,鹄,2
7057,鸽,7066,鹆,2
7064,鹄,7053,鸹,2
7066,鹆,7057,鸽,2
7089,鹤,7038,鸩,2
7104,鹿,7105,麂,2
7105,麂,7104,鹿,2
7113,麦,5470,表,2
7122,黍,1823,忝,2
7125,黑,4612,罢,2
7166,齐,59,乔,2
7179,龋,5913,踽,2
7181,龙,1487,尼,2
7184,龟,7142,黾,2
1,一,37,丶,1
2,丁,1611,工,1
3,七,1476,尢,1
3,七,1735,弋,1
3,七,1808,心,1
4,万,2393,斤,1
4,万,3525,犭,1
4,万,4019,石,1
4,万,5609,记,1
5,丈,592,卞,1
5,丈,598,卤,1
5,丈,670,史,1
5,丈,1205,大,1
6,三,51,之,1
6,三,1619,己,1
6,三,2943,氵,1
7,上,79,二,1
7,上,93,亡,1
7,上,557,匕,1
7,上,1621,巳,1
8,下,1207,太,1
8,下,1210,夭,1
8,下,1611,工,1
9,丌,1727,开,1
10,不,8,下,1
10,不,2538,本,1
10,不,4128,礻,1
11,与,52,乌,1
11,与,1371,孑,1
11,与,3498,牛,1
11,与,5958,车,1
11,与,5959,轧,1
13,丑,86,五,1
13,丑,602,卫,1
13,丑,1810,必,1
13,丑,1814,忍,1
13,丑,2419,旦,1
14,专,636,去,1
14,专,1381,孝,1
14,专,2053,扌,1
14,专,2350,支,1
14,专,3607,玉,1
15,且,3006,沮,1
15,且,3736,甘,1
15,且,3740,生,1
15,且,3908,皿,1
15,且,5554,见,1
17,世,66,也,1
17,世,1247,如,1
17,世,3736,甘,1
18,丘,602,卫,1
18,丘,4260,立,1
19,丙,2356,攻,1
19,丙,5550,西,1
20,业,65,乞,1
20,业,89,亚,1
20,业,379,兴,1
20,业,2858,止,1
20,业,2900,比,1
20,业,3409,热,1
21,丛,141,仨,1
21,丛,4453,纟,1
22,东,2052,手,1
22,东,2537,末,1
23,丝,18,丘,1
25,丢,1407,宏,1
26,两,19,丙,1
26,两,583,协,1
26,两,3062,洒,1
26,两,3746,甬,1
26,两,6202,酗,1
26,两,6633,雨,1
27,严,4957,芦,1
28,丧,1215,夷,1
30,个,576,千,1
31,丫,30,个,1
31,丫,32,丬,1
31,丫,601,卩,1
31,丫,4624,羊,1
32,丬,67,习,1
32,丬,3487,爿,1
33,中,579,午,1
33,中,1512,屮,1
33,中,3498,牛,1
34,丰,444,击,1
34,丰,2386,斗,1
34,丰,2537,末,1
34,丰,2538,本,1
34,丰,3498,牛,1
34,丰,3752,申,1
34,丰,6702,韦,1
35,串,69,书,1
36,临,1658,幅,1
36,临,1852,怕,1
36,临,1859,怡,1
36,临,1941,惝,1
36,临,3419,焓,1
36,临,3919,监,1
38,丸,64,九,1
39,丹,13,丑,1
39,丹,393,冉,1
39,丹,432,凡,1
39,丹,1725,廾,1
39,丹,4897,舟,1
40,为,38,丸,1
40,为,391,内,1
40,为,1207,太,1
40,为,1758,归,1
41,主,1185,壬,1
41,主,3607,玉,1
41,主,3608,王,1
41,主,4260,立,1
41,主,6273,钅,1
42,丽,623,厕,1
42,丽,2866,死,1
42,丽,7062,鹂,1
43,举,1543,岸,1
43,举,2041,戽,1
43,举,4293,笨,1
43,举,4745,肯,1
44,丿,81,于,1
45,乂,2952,汉,1
45,乂,7170,龁,1
46,乃,9,丌,1
46,乃,448,刀,1
46,乃,601,卩,1
46,乃,643,及,1
46,乃,664,召,1
46,乃,6554,阝,1
49,么,18,丘,1
50,义,1371,孑,1
50,义,5607,议,1
51,之,92,亠,1
51,之,1399,它,1
51,之,2943,氵,1
51,之,4260,立,1
51,之,4453,纟,1
53,乍,94,亢,1
53,乍,141,仨,1
53,乍,151,任,1
53,乍,758,咋,1
53,乍,1612,左,1
53,乍,4624,羊,1
54,乎,168,伞,1
54,乎,667,可,1
54,乎,3496,牙,1
55,乏,93,亡,1
55,乏,127,仓,1
55,乏,134,仝,1
55,乏,139,令,1
55,乏,209,佥,1
56,乐,2394,斥,1
56,乐,2888,段,1
56,乐,4174,禾,1
57,乒,27,严,1
57,乒,1436,宾,1
58,乓,57,乒,1
58,乓,1263,妥,1
58,乓,1896,恶,1
59,乔,359,先,1
60,乖,1669,年,1
60,乖,3788,疖,1
61,乘,2079,承,1
61,乘,3515,犁,1
62,乙,444,击,1
62,乙,2905,毛,1
62,乙,4937,艿,1
65,乞,122,今,1
65,乞,134,仝,1
65,乞,612,卺,1
66,也,17,世,1
66,也,63,乜,1
66,也,1622,巴,1
66,也,3750,由,1
67,习,448,刀,1
67,习,667,可,1
68,乡,57,乒,1
68,乡,1672,幺,1
68,乡,2052,手,1
68,乡,4453,纟,1
69,书,1468,少,1
69,书,3490,片,1
69,书,5010,茀,1
70,乩,5959,轧,1
71,买,1147,堲,1
71,买,1417,实,1
71,买,3358,灵,1
71,买,4626,美,1
71,买,5744,豕,1
72,乱,4129,礼,1
73,乳,6275,钇,1
75,了,44,丿,1
75,了,407,冫,1
75,了,1371,孑,1
75,了,2943,氵,1
76,予,1372,孓,1
76,予,2521,最,1
77,争,456,刍,1
77,争,587,单,1
78,事,1215,夷,1
78,事,4281,笋,1
78,事,6702,韦,1
79,二,6,三,1
80,亍,81,于,1
80,亍,1667,干,1
80,亍,4127,示,1
81,于,576,千,1
82,亏,4,万,1
82,亏,1381,孝,1
83,云,93,亡,1
83,云,374,六,1
83,云,3607,玉,1
84,互,18,丘,1
84,互,2858,止,1
84,互,4696,耳,1
84,互,5740,豆,1
85,亓,355,元,1
86,五,6,三,1
86,五,18,丘,1
86,五,722,吾,1
86,五,1485,尺,1
86,五,2571,杰,1
87,井,1725,廾,1
87,井,5313,蚌,1
87,井,5610,讲,1
89,亚,88,亘,1
89,亚,5457,血,1
90,些,4273,竺,1
91,亟,24,丞,1
91,亟,3400,烝,1
93,亡,373,公,1
93,亡,1397,宀,1
93,亡,2905,毛,1
93,亡,6780,饣,1
94,亢,353,兀,1
94,亢,354,允,1
94,亢,357,充,1
94,亢,2091,抗,1
94,亢,4129,礼,1
94,亢,4260,立,1
95,交,1192,处,1
95,交,1194,复,1
95,交,1302,娈,1
95,交,1408,宓,1
96,亥,4011,矣,1
96,亥,4474,纵,1
97,亦,102,京,1
97,亦,1669,年,1
97,亦,1681,床,1
97,亦,2944,永,1
97,亦,3786,疒,1
97,亦,5765,贡,1
97,亦,6058,迹,1
98,产,68,乡,1
98,产,1676,广,1
98,产,4230,穹,1
98,产,6011,辛,1
99,亨,76,予,1
99,亨,1375,字,1
99,亨,1378,孚,1
99,亨,1420,客,1
99,亨,2811,横,1
100,亩,1412,宙,1
100,亩,1691,庙,1
100,亩,2143,括,1
101,享,99,亨,1
101,享,103,亭,1
101,享,1375,字,1
101,享,5097,莩,1
101,享,7029,鸟,1
102,京,105,亲,1
102,京,1375,字,1
102,京,1683,序,1
103,亭,76,予,1
103,亭,1426,宫,1
103,亭,3484,爹,1
103,亭,5581,言,1
103,亭,6902,高,1
104,亮,106,亳,1
104,亮,357,充,1
104,亮,1188,壳,1
105,亲,101,享,1
105,亲,198,佘,1
105,亲,2541,朱,1
105,亲,2547,杂,1
105,亲,2617,柔,1
105,亲,4436,系,1
106,亳,857,商,1
106,亳,4670,耄,1
108,亶,45,乂,1
109,亸,108,亶,1
110,人,37,丶,1
110,人,370,入,1
110,人,372,八,1
111,亻,30,个,1
112,亿,114,仁,1
112,亿,137,仡,1
112,亿,143,仫,1
112,亿,1811,忆,1
113,什,132,付,1
113,什,136,仟,1
113,什,138,代,1
113,什,558,化,1
113,什,2947,汁,1
114,仁,18,丘,1
114,仁,112,亿,1
114,仁,141,仨,1
115,仂,120,仇,1
115,仂,176,伪,1
116,仃,5596,订,1
117,仄,570,匹,1
117,仄,2918,氏,1
118,仅,165,伙,1
119,仆,116,仃,1
119,仆,373,公,1
119,仆,5597,讣,1
120,仇,208,佤,1
120,仇,2960,汝,1
121,仉,5599,讥,1
122,今,0,々,1
122,今,55,乏,1
122,今,709,含,1
123,介,113,什,1
123,介,163,众,1
123,介,354,允,1
123,介,452,分,1
123,介,579,午,1
123,介,605,印,1
123,介,3353,火,1
124,仍,144,们,1
124,仍,157,伋,1
125,从,119,仆,1
125,从,163,众,1
125,从,3353,火,1
125,从,6555,队,1
126,仑,127,仓,1
126,仑,154,企,1
126,仑,668,台,1
126,仑,1399,它,1
126,仑,6780,饣,1
127,仓,4930,色,1
128,仔,2394,斥,1
128,仔,6800,饹,1
129,仕,113,什,1
129,仕,192,住,1
129,仕,2968,汪,1
129,仕,3038,注,1
129,仕,5020,茌,1
130,他,558,化,1
130,他,1244,她,1
130,他,3126,涎,1
131,仗,119,仆,1
131,仗,132,付,1
131,仗,159,伎,1
132,付,1256,妓,1
132,付,2919,氐,1
133,仙,236,侥,1
133,仙,558,化,1
133,仙,5604,讪,1
134,仝,6364,铨,1
135,仞,392,冈,1
135,仞,1004,囟,1
135,仞,4465,纫,1
136,仟,113,什,1
136,仟,128,仔,1
136,仟,148,仵,1
136,仟,171,伢,1
136,仟,578,升,1
136,仟,1815,忏,1
136,仟,4272,竹,1
136,仟,4458,纤,1
136,仟,5460,行,1
136,仟,6025,迁,1
137,仡,141,仨,1
138,代,2015,戊,1
138,代,2918,氏,1
139,令,371,全,1
139,令,375,兮,1
139,令,416,冷,1
139,令,2922,气,1
139,令,4289,笠,1
140,以,125,从,1
140,以,593,卟,1
140,以,665,叭,1
140,以,704,吣,1
140,以,1607,川,1
140,以,5598,认,1
141,仨,114,仁,1
142,仪,1,一,1
142,仪,131,仗,1
142,仪,282,倓,1
142,仪,4478,纹,1
142,仪,5607,议,1
144,们,135,仞,1
144,们,137,仡,1
144,们,196,何,1
144,们,1673,幻,1
145,仰,2085,抑,1
145,仰,6328,钾,1
146,仲,130,他,1
146,仲,412,冲,1
146,仲,4181,种,1
146,仲,4454,纠,1
146,仲,4480,纻,1
146,仲,4489,绅,1
148,仵,5616,许,1
149,件,181,伴,1
149,件,230,侔,1
149,件,4182,科,1
149,件,4494,绊,1
149,件,5645,诗,1
150,价,152,份,1
150,价,3016,沿,1
150,价,4272,竹,1
151,任,114,仁,1
151,任,147,仳,1
151,任,192,住,1
151,任,2968,汪,1
151,任,4473,纴,1
152,份,171,伢,1
152,份,240,侩,1
152,份,548,勾,1
152,份,708,吩,1
152,份,2965,汤,1
152,份,3619,玢,1
152,份,4500,绐,1
153,仿,152,份,1
153,仿,224,侈,1
153,仿,270,俯,1
153,仿,3082,活,1
153,仿,6561,防,1
154,企,127,仓,1
154,企,4260,立,1
154,企,4970,芷,1
155,伉,192,住,1
155,伉,1876,恍,1
156,伊,124,仍,1
156,伊,128,仔,1
156,伊,207,佣,1
157,伋,109,亸,1
157,伋,246,便,1
157,伋,1778,役,1
158,伍,157,伋,1
158,伍,2968,汪,1
158,伍,4473,纴,1
159,伎,212,佬,1
159,伎,221,使,1
159,伎,1682,庋,1
159,伎,2080,技,1
160,伏,131,仗,1
160,伏,210,佧,1
160,伏,298,倮,1
160,伏,621,厌,1
161,伐,164,优,1
162,休,210,佧,1
162,休,2978,沂,1
162,休,4187,秣,1
163,众,55,乏,1
163,众,140,以,1
163,众,1687,应,1
163,众,6727,颃,1
164,优,194,佑,1
164,优,1827,忧,1
164,优,2641,栊,1
165,伙,185,似,1
165,伙,2354,攸,1
166,会,49,么,1
166,会,122,今,1
166,会,375,兮,1
166,会,684,合,1
166,会,1732,弇,1
166,会,5581,言,1
168,伞,154,企,1
168,伞,1669,年,1
168,伞,2368,敛,1
168,伞,3498,牛,1
169,伟,228,侏,1
170,传,179,估,1
170,传,182,伶,1
170,传,1675,幽,1
172,伤,153,仿,1
172,伤,220,佾,1
172,伤,4479,纺,1
173,伥,217,佶,1
173,伥,620,压,1
174,伦,149,件,1
174,伦,153,仿,1
174,伦,180,伲,1
174,伦,4131,祀,1
175,伧,174,伦,1
176,伪,172,伤,1
176,伪,452,分,1
176,伪,1628,布,1
176,伪,1674,幼,1
176,伪,4502,绒,1
177,伫,291,倥,1
178,伯,177,伫,1
178,伯,255,俗,1
178,伯,689,后,1
178,伯,3021,泊,1
179,估,170,传,1
179,估,689,后,1
179,估,4143,祜,1
180,伲,37,丶,1
180,伲,151,任,1
181,伴,156,伊,1
181,伴,183,伸,1
181,伴,213,佯,1
181,伴,2120,拌,1
181,伴,2611,柈,1
182,伶,137,仡,1
182,伶,240,侩,1
182,伶,262,信,1
182,伶,1791,後,1
182,伶,1833,念,1
182,伶,2122,拎,1
182,伶,4482,纾,1
183,伸,149,件,1
183,伸,156,伊,1
184,伺,4065,硐,1
184,伺,4941,芊,1
184,伺,5635,词,1
184,伺,6793,饲,1
185,似,133,仙,1
185,似,140,以,1
185,似,144,们,1
185,似,2354,攸,1
185,似,4474,纵,1
185,似,4554,缈,1
186,伽,180,伲,1
187,伾,157,伋,1
187,伾,167,伛,1
187,伾,194,佑,1
188,佃,4490,细,1
189,但,158,伍,1
189,但,315,偲,1
189,但,5628,诅,1
190,位,23,丝,1
190,位,174,伦,1
190,位,223,侄,1
190,位,247,促,1
190,位,684,合,1
190,位,2964,污,1
190,位,4499,经,1
190,位,5659,该,1
191,低,208,佤,1
191,低,216,佴,1
191,低,270,俯,1
191,低,3031,泜,1
191,低,4477,纸,1
191,低,5633,诋,1
192,住,151,任,1
192,住,172,伤,1
192,住,223,侄,1
192,住,4473,纴,1
193,佐,179,估,1
193,佐,194,佑,1
194,佑,217,佶,1
195,体,239,侨,1
195,体,242,侬,1
195,体,249,俅,1
195,体,1391,孰,1
195,体,4036,砗,1
195,体,4510,绛,1
195,体,4528,绮,1
196,何,124,仍,1
196,何,171,伢,1
196,何,216,佴,1
196,何,3009,河,1
196,何,3809,疴,1
196,何,5626,诃,1
197,佗,174,伦,1
197,佗,175,伧,1
198,佘,199,余,1
199,余,168,伞,1
199,余,1410,宗,1
199,余,2563,条,1
199,余,2945,氽,1
199,余,4436,系,1
199,余,6364,铨,1
201,佛,211,佩,1
201,佛,2993,沛,1
201,佛,3010,沸,1
201,佛,4495,绋,1
202,作,149,件,1
202,作,174,伦,1
202,作,210,佧,1
202,作,689,后,1
202,作,3442,煲,1
203,佝,196,何,1
203,佝,692,向,1
203,佝,3017,泃,1
205,佟,4492,终,1
206,你,256,俘,1
206,你,1745,弥,1
206,你,2843,欣,1
206,你,4148,祢,1
206,你,6143,邵,1
207,佣,188,佃,1
207,佣,2138,拥,1
208,佤,266,俩,1
209,佥,684,合,1
209,佥,5740,豆,1
210,佧,173,伥,1
211,佩,269,修,1
212,佬,161,伐,1
212,佬,170,传,1
212,佬,276,俺,1
212,佬,435,凭,1
213,佯,3058,洋,1
214,佰,229,侑,1
214,佰,254,俑,1
214,佰,2232,掬,1
214,佰,5772,质,1
215,佳,192,住,1
215,佳,223,侄,1
215,佳,292,倦,1
215,佳,1781,往,1
215,佳,3083,洼,1
215,佳,5644,诖,1
216,佴,217,佶,1
216,佴,3075,洱,1
217,佶,186,伽,1
217,佶,193,佐,1
218,佻,173,伥,1
218,佻,220,佾,1
219,佼,241,侪,1
220,佾,228,侏,1
220,佾,229,侑,1
221,使,159,伎,1
221,使,234,侠,1
221,使,3127,涑,1
222,侃,225,侉,1
223,侄,190,位,1
223,侄,192,住,1
223,侄,215,佳,1
223,侄,247,促,1
223,侄,1784,径,1
223,侄,3054,泾,1
223,侄,4459,纥,1
223,侄,4493,绉,1
224,侈,172,伤,1
224,侈,243,侮,1
224,侈,654,叟,1
224,侈,3071,洨,1
224,侈,4197,移,1
225,侉,229,侑,1
225,侉,4782,胯,1
226,例,281,倒,1
227,侍,259,保,1
227,侍,1379,孛,1
227,侍,1697,庤,1
227,侍,1785,待,1
227,侍,5645,诗,1
228,侏,149,件,1
228,侏,222,侃,1
228,侏,2664,桀,1
229,侑,216,佴,1
229,侑,5631,诉,1
230,侔,242,侬,1
231,侗,2420,旧,1
231,侗,3067,洞,1
231,侗,3381,炯,1
231,侗,4065,硐,1
232,供,233,依,1
232,供,3072,洪,1
232,供,3641,珙,1
233,依,190,位,1
233,依,3085,派,1
234,侠,195,体,1
234,侠,1794,徕,1
234,侠,3552,狭,1
234,侠,5482,袂,1
235,侣,128,仔,1
235,侣,214,佰,1
235,侣,217,佶,1
236,侥,222,侃,1
236,侥,232,供,1
236,侥,804,哓,1
236,侥,3090,浇,1
236,侥,4505,绕,1
237,侦,3091,浈,1
237,侦,3138,涢,1
237,侦,6477,镜,1
238,侧,133,仙,1
238,侧,509,劁,1
238,侧,623,厕,1
238,侧,3094,测,1
238,侧,3097,浏,1
239,侨,150,价,1
239,侨,173,伥,1
239,侨,219,佼,1
239,侨,255,俗,1
239,侨,1555,峤,1
239,侨,2171,挢,1
239,侨,2686,桥,1
239,侨,3063,洗,1
240,侩,23,丝,1
240,侩,269,修,1
240,侩,320,偿,1
240,侩,373,公,1
240,侩,1220,奁,1
240,侩,4507,绘,1
241,侪,218,佻,1
241,侪,810,哜,1
242,侬,219,佼,1
243,侮,230,侔,1
243,侮,277,俾,1
243,侮,314,偬,1
243,侮,3118,海,1
243,侮,6615,隹,1
244,侯,263,俣,1
244,侯,288,倞,1
244,侯,3131,涘,1
245,侵,182,伶,1
245,侵,219,佼,1
245,侵,254,俑,1
245,侵,3119,浸,1
246,便,142,仪,1
246,便,156,伊,1
246,便,2045,扁,1
246,便,4074,硬,1
246,便,4515,绠,1
246,便,4560,缏,1
247,促,118,仅,1
247,促,170,传,1
247,促,189,但,1
247,促,221,使,1
247,促,4522,继,1
248,俄,147,仳,1
248,俄,2022,我,1
248,俄,3532,犹,1
248,俄,6395,锇,1
249,俅,3652,球,1
250,俊,255,俗,1
250,俊,319,偾,1
250,俊,935,嗲,1
250,俊,1379,孛,1
250,俊,1791,後,1
250,俊,1913,悛,1
250,俊,4513,绞,1
251,俎,4488,组,1
252,俏,220,佾,1
252,俏,310,偕,1
252,俏,4883,舀,1
255,俗,152,份,1
255,俗,205,佟,1
255,俗,269,修,1
255,俗,291,倥,1
255,俗,332,傺,1
255,俗,3117,浴,1
255,俗,5653,诟,1
256,俘,128,仔,1
256,俘,206,你,1
256,俘,312,停,1
256,俘,344,僳,1
257,俚,1914,悝,1
259,保,156,伊,1
259,保,181,伴,1
259,保,332,傺,1
259,保,6573,际,1
260,俞,198,佘,1
260,俞,753,命,1
260,俞,1962,愈,1
261,俟,282,倓,1
262,信,268,俭,1
262,信,320,偿,1
262,信,3145,涪,1
262,信,5460,行,1
262,信,6617,隽,1
263,俣,244,侯,1
264,俦,230,侔,1
266,俩,26,两,1
266,俩,4551,缅,1
267,俪,42,丽,1
267,俪,4914,舸,1
268,俭,34,丰,1
268,俭,182,伶,1
268,俭,255,俗,1
268,俭,262,信,1
268,俭,504,剪,1
268,俭,2154,拾,1
268,俭,2713,检,1
268,俭,3201,渲,1
268,俭,5659,该,1
268,俭,6591,险,1
269,修,125,从,1
269,修,205,佟,1
269,修,255,俗,1
269,修,349,儋,1
269,修,4479,纺,1
269,修,5472,衫,1
270,俯,191,低,1
271,俱,257,俚,1
271,俱,295,倪,1
271,俱,298,倮,1
271,俱,302,值,1
271,俱,315,偲,1
271,俱,1159,填,1
271,俱,3072,洪,1
271,俱,4038,砚,1
271,俱,4488,组,1
272,俳,218,佻,1
272,俳,1796,徘,1
272,俳,5682,诽,1
273,俵,187,伾,1
274,俶,210,佧,1
274,俶,273,俵,1
276,俺,174,伦,1
279,倍,245,侵,1
279,倍,256,俘,1
279,倍,6592,陪,1
281,倒,253,俐,1
281,倒,1804,徵,1
281,倒,2205,捯,1
281,倒,6284,钐,1
282,倓,242,侬,1
282,倓,261,俟,1
282,倓,274,俶,1
282,倓,280,倏,1
283,倔,180,伲,1
283,倔,293,倨,1
284,倘,286,倚,1
284,倘,328,储,1
284,倘,4426,糖,1
284,倘,4574,缟,1
285,候,2354,攸,1
285,候,3588,猴,1
285,候,4561,缑,1
286,倚,227,侍,1
286,倚,1127,埼,1
286,倚,3574,猗,1
286,倚,3666,琦,1
286,倚,4528,绮,1
286,倚,5463,街,1
287,倜,231,侗,1
288,倞,282,倓,1
288,倞,5690,谅,1
289,借,217,佶,1
289,借,223,侄,1
289,借,252,俏,1
289,借,1940,惜,1
290,倡,4455,纡,1
290,倡,5691,谆,1
291,倥,182,伶,1
292,倦,212,佬,1
292,倦,3200,港,1
293,倨,180,伲,1
293,倨,283,倔,1
294,倩,169,伟,1
294,倩,300,债,1
295,倪,208,佤,1
295,倪,320,偿,1
295,倪,1173,增,1
295,倪,1659,幌,1
295,倪,6538,阋,1
295,倪,6789,饮,1
296,倬,202,作,1
297,倭,318,偻,1
297,倭,5684,诿,1
299,倴,288,倞,1
300,债,294,倩,1
300,债,5767,责,1
301,倻,299,倴,1
302,值,3933,直,1
302,值,3937,盾,1
302,值,4462,纨,1
302,值,4488,组,1
302,值,6030,迈,1
303,倾,6726,颂,1
305,假,3893,的,1
306,偈,6101,遏,1
308,偎,289,借,1
308,偎,315,偲,1
308,偎,348,儇,1
308,偎,4594,缳,1
309,偏,351,儡,1
310,偕,5700,谐,1
311,做,331,傲,1
311,做,2990,沘,1
311,做,6802,饻,1
312,停,255,俗,1
312,停,256,俘,1
312,停,825,哼,1
312,停,4482,纾,1
312,停,4504,绔,1
313,健,4489,绅,1
313,健,4573,缝,1
313,健,6386,链,1
313,健,6433,键,1
314,偬,315,偲,1
314,偬,1916,悠,1
315,偲,321,傀,1
316,偶,257,俚,1
316,偶,306,偈,1
316,偶,315,偲,1
316,偶,333,傻,1
316,偶,400,写,1
317,偷,268,俭,1
318,偻,297,倭,1
320,偿,258,俜,1
320,偿,282,倓,1
320,偿,295,倪,1
320,偿,319,偾,1
320,偿,326,傥,1
320,偿,1493,层,1
320,偿,1790,律,1
321,傀,243,侮,1
321,傀,314,偬,1
321,傀,354,允,1
321,傀,1975,愧,1
322,傅,227,侍,1
322,傅,258,俜,1
322,傅,590,博,1
323,傈,259,保,1
324,傍,275,俸,1
324,傍,288,倞,1
324,傍,349,儋,1
324,傍,4173,禽,1
326,傥,3746,甬,1
328,储,2800,槠,1
328,储,4040,砝,1
328,储,5534,褚,1
329,傩,3272,滩,1
329,傩,4085,碓,1
330,催,284,倘,1
331,傲,3331,激,1
331,傲,6558,阪,1
331,傲,6823,馓,1
333,傻,219,佼,1
333,傻,224,侈,1
333,傻,277,俾,1
333,傻,3224,溃,1
334,僇,5727,谬,1
335,像,288,倞,1
335,像,312,停,1
335,像,2823,橡,1
335,像,5690,谅,1
337,僚,2320,撩,1
337,僚,4588,缭,1
338,僦,248,俄,1
339,僧,33,中,1
339,僧,290,倡,1
340,僬,2208,捷,1
342,僮,1084,垕,1
344,僳,259,保,1
344,僳,298,倮,1
344,僳,335,像,1
345,僵,4122,礓,1
347,儆,311,做,1
350,儒,987,嚅,1
350,儒,6647,霈,1
351,儡,1082,垒,1
351,儡,3247,溻,1
352,儿,125,从,1
354,允,94,亢,1
354,允,353,兀,1
354,允,359,先,1
354,允,605,印,1
354,允,6032,运,1
355,元,357,充,1
355,元,1206,天,1
355,元,6021,辶,1
355,元,6040,远,1
356,兄,1485,尺,1
356,兄,2922,气,1
356,兄,4967,花,1
357,充,354,允,1
357,充,2923,氕,1
358,兆,3074,洮,1
358,兆,5665,诬,1
359,先,636,去,1
359,先,1476,尢,1
359,先,2351,攴,1
359,先,2923,氕,1
360,光,93,亡,1
360,光,104,亮,1
360,光,357,充,1
360,光,379,兴,1
360,光,771,咣,1
361,克,356,兄,1
361,克,366,兖,1
361,克,1188,壳,1
361,克,1476,尢,1
362,免,356,兄,1
362,免,357,充,1
362,免,363,兑,1
362,免,364,兔,1
362,免,366,兖,1
362,免,1221,奂,1
362,免,5070,荧,1
362,免,6935,鱼,1
362,免,7184,龟,1
363,兑,1869,总,1
363,兑,5746,象,1
364,兔,357,充,1
366,兖,5474,衮,1
367,党,1685,庑,1
367,党,3728,瓷,1
367,党,4227,究,1
367,党,5522,裳,1
367,党,5811,赏,1
367,党,6652,霓,1
368,兜,2374,敫,1
368,兜,7049,鸵,1
369,兢,3638,珏,1
369,兢,4017,短,1
369,兢,6295,钝,1
369,兢,6685,鞋,1
369,兢,7132,黠,1
370,入,64,九,1
370,入,448,刀,1
370,入,449,刁,1
370,入,3525,犭,1
371,全,65,乞,1
371,全,154,企,1
371,全,199,余,1
371,全,456,刍,1
371,全,4308,筌,1
371,全,5048,荃,1
371,全,6273,钅,1
372,八,111,亻,1
372,八,352,儿,1
372,八,448,刀,1
373,公,126,仑,1
373,公,5738,谷,1
374,六,123,介,1
374,六,370,入,1
374,六,1485,尺,1
374,六,1611,工,1
374,六,6021,辶,1
375,兮,452,分,1
376,兰,3783,疍,1
377,共,4934,艺,1
377,共,4977,苄,1
377,共,4982,苌,1
378,关,1206,天,1
378,关,1670,并,1
378,关,4878,至,1
378,关,5467,衣,1
379,兴,83,云,1
379,兴,662,只,1
379,兴,1214,头,1
379,兴,4127,示,1
380,兵,57,乒,1
380,兵,58,乓,1
380,兵,98,产,1
380,兵,377,共,1
380,兵,3948,真,1
380,兵,4010,矢,1
380,兵,5740,豆,1
381,其,377,共,1
381,其,4952,芝,1
381,其,5138,萁,1
382,具,15,且,1
382,具,374,六,1
382,具,1211,央,1
382,具,3948,真,1
383,典,5785,贵,1
384,兹,504,剪,1
384,兹,4263,站,1
385,养,1733,弈,1
385,养,4625,羌,1
386,兼,4179,秉,1
386,兼,4740,肩,1
386,兼,6826,首,1
387,兽,886,善,1
387,兽,4095,碧,1
387,兽,5015,茅,1
387,兽,6940,鲁,1
388,冀,6973,鲨,1
390,冂,9,丌,1
391,内,1625,巾,1
391,内,2420,旧,1
391,内,4724,肉,1
391,内,6506,闪,1
392,冈,3742,用,1
392,冈,3749,田,1
392,冈,4604,网,1
392,冈,6506,闪,1
393,冉,39,丹,1
394,册,577,卅,1
394,册,4756,胁,1
395,再,393,冉,1
395,再,1911,悖,1
395,再,5981,载,1
396,冒,2444,易,1
396,冒,2449,星,1
396,冒,3783,疍,1
396,冒,4758,胃,1
397,冕,3160,淏,1
398,冖,390,冂,1
399,冗,65,乞,1
399,冗,353,兀,1
399,冗,695,吕,1
399,冗,1808,心,1
400,写,552,匆,1
400,写,2708,械,1
400,写,4607,罗,1
401,军,1669,年,1
401,军,2428,旱,1
401,军,2467,晏,1
401,军,3500,牟,1
401,军,4174,禾,1
402,农,1241,奴,1
402,农,6048,迨,1
405,冤,355,元,1
405,冤,789,哀,1
405,冤,1407,宏,1
407,冫,44,丿,1
408,冬,682,各,1
408,冬,2697,梅,1
409,冯,52,乌,1
409,冯,400,写,1
409,冯,697,吗,1
409,冯,2394,斥,1
410,冰,1198,外,1
411,冱,2401,方,1
413,决,1209,夬,1
413,决,2841,次,1
413,决,3087,浃,1
414,况,355,元,1
414,况,360,光,1
414,况,2984,沉,1
414,况,4144,祝,1
415,冶,409,冯,1
415,冶,416,冷,1
415,冶,2984,沉,1
415,冶,3038,注,1
415,冶,3082,活,1
415,冶,3084,洽,1
416,冷,139,令,1
416,冷,624,厘,1
416,冷,3030,泛,1
416,冷,3071,洨,1
417,冻,22,东,1
417,冻,410,冰,1
417,冻,3050,泺,1
417,冻,3109,浡,1
417,冻,5958,车,1
417,冻,6034,迓,1
420,净,77,争,1
420,净,1419,审,1
421,凄,420,净,1
421,凄,3088,浅,1
421,凄,3297,潇,1
422,准,846,唯,1
422,准,1781,往,1
422,准,2113,拄,1
422,准,3187,渔,1
422,准,3805,疰,1
422,准,4534,维,1
422,准,5463,街,1
422,准,6615,隹,1
423,凇,4176,私,1
424,凉,417,冻,1
424,凉,3140,涤,1
424,凉,3164,淙,1
424,凉,5690,谅,1
425,凋,798,响,1
425,凋,3067,洞,1
426,凌,428,凑,1
426,凌,3105,浚,1
426,凌,7113,麦,1
427,减,891,喊,1
427,减,2021,成,1
427,减,2028,戚,1
427,减,4874,臧,1
427,减,5734,谳,1
429,凛,1295,姿,1
429,凛,3164,淙,1
429,凛,3175,淳,1
429,凛,3239,溪,1
430,凝,2140,拧,1
430,凝,7178,龊,1
431,几,62,乙,1
431,几,353,兀,1
431,几,2950,汇,1
432,凡,1619,己,1
432,凡,6760,风,1
433,凤,1199,夙,1
433,凤,3743,甩,1
434,凫,1531,岛,1
434,凫,4459,纥,1
435,凭,348,儇,1
435,凭,5797,赁,1
436,凯,1590,嵚,1
436,凯,2368,敛,1
436,凯,5073,荪,1
436,凯,5314,蚍,1
436,凯,5562,觊,1
436,凯,6788,饭,1
437,凰,3433,煌,1
438,凳,3677,琶,1
438,凳,5584,訾,1
439,凵,62,乙,1
440,凶,1044,均,1
440,凶,1514,山,1
440,凶,1810,必,1
440,凶,2860,此,1
441,凸,674,号,1
441,凸,5671,诲,1
443,出,446,函,1
443,出,594,占,1
443,出,668,台,1
443,出,756,咄,1
443,出,1027,土,1
443,出,3736,甘,1
444,击,2536,未,1
446,函,443,出,1
446,函,1380,孜,1
446,函,1514,山,1
446,函,1675,幽,1
446,函,3757,画,1
448,刀,390,冂,1
448,刀,601,卩,1
448,刀,3013,沼,1
448,刀,6505,闩,1
449,刁,13,丑,1
449,刁,451,刃,1
449,刁,1371,孑,1
449,刁,2053,扌,1
449,刁,2894,毋,1
450,刂,601,卩,1
452,分,448,刀,1
452,分,618,历,1
452,分,3487,爿,1
452,分,4272,竹,1
453,切,677,叻,1
453,切,678,叼,1
453,切,1044,均,1
453,切,5608,讯,1
453,切,5963,轫,1
453,切,6129,邛,1
455,刊,458,刑,1
455,刊,6127,邗,1
458,刑,455,刊,1
458,刑,470,利,1
458,刑,4676,耐,1
459,划,4772,胡,1
460,刖,464,刚,1
460,刖,4802,脒,1
462,刘,461,列,1
463,则,226,例,1
463,则,464,刚,1
463,则,469,刨,1
463,则,476,制,1
463,则,663,叫,1
464,刚,457,刎,1
465,创,473,刮,1
465,创,477,刷,1
465,创,482,刽,1
465,创,1607,川,1
465,创,6278,钊,1
466,初,531,劾,1
466,初,4135,祈,1
467,删,1267,妫,1
468,判,490,剌,1
468,判,6284,钐,1
469,刨,463,则,1
469,刨,497,剜,1
469,刨,551,包,1
470,利,455,刊,1
470,利,459,划,1
470,利,461,列,1
470,利,3033,泠,1
470,利,4183,秒,1
470,利,7165,齉,1
471,别,473,刮,1
471,别,477,刷,1
471,别,502,剧,1
471,别,2018,戍,1
471,别,5853,趴,1
472,刭,488,剅,1
473,刮,461,列,1
473,刮,470,利,1
473,刮,474,到,1
473,刮,496,剖,1
473,刮,2362,敌,1
474,到,281,倒,1
474,到,481,刻,1
474,到,505,副,1
474,到,4454,纠,1
474,到,4879,致,1
474,到,5610,讲,1
474,到,6305,钧,1
475,刳,580,卉,1
475,刳,5082,荼,1
476,制,3076,洲,1
476,制,6166,郝,1
477,刷,480,刺,1
477,刷,492,剐,1
477,刷,3147,涮,1
478,券,530,劳,1
478,券,610,卷,1
478,券,1524,岑,1
478,券,2043,房,1
478,券,4669,考,1
479,刹,500,剡,1
480,刺,470,利,1
480,刺,501,剥,1
480,刺,503,剩,1
481,刻,488,剅,1
481,刻,5606,训,1
482,刽,465,创,1
482,刽,472,刭,1
482,刽,484,剀,1
482,刽,486,剂,1
482,刽,493,剑,1
482,刽,6283,钏,1
485,剁,470,利,1
485,剁,490,剌,1
485,剁,501,剥,1
486,剂,462,刘,1
487,剃,476,制,1
487,剃,507,剽,1
487,剃,6188,鄯,1
489,削,460,刖,1
489,削,490,剌,1
489,削,2369,敝,1
489,削,6166,郝,1
491,前,473,刮,1
491,前,489,削,1
491,前,2482,景,1
491,前,5143,萌,1
492,剐,494,剔,1
493,剑,465,创,1
493,剑,481,刻,1
494,剔,486,剂,1
494,剔,505,副,1
496,剖,481,刻,1
496,剖,6171,部,1
496,剖,6290,钘,1
500,剡,481,刻,1
503,剩,470,利,1
503,剩,476,制,1
504,剪,4658,翦,1
505,副,462,刘,1
505,副,474,到,1
505,副,488,剅,1
506,割,473,刮,1
506,割,496,剖,1
507,剽,5754,豺,1
509,劁,488,剅,1
510,劂,1367,嬴,1
514,力,64,九,1
516,办,514,力,1
517,功,146,仲,1
517,功,515,劝,1
517,功,677,叻,1
517,功,1674,幼,1
517,功,2356,攻,1
519,务,521,劣,1
519,务,606,危,1
519,务,3482,爷,1
520,劢,5744,豕,1
521,劣,360,光,1
521,劣,734,呖,1
521,劣,1627,市,1
521,劣,5768,贤,1
522,动,517,功,1
522,动,529,劲,1
522,动,1259,妙,1
523,助,4725,肋,1
524,努,1635,帑,1
524,努,1850,怒,1
525,劫,453,切,1
525,劫,520,劢,1
525,劫,522,动,1
525,劫,533,勃,1
525,劫,2633,柴,1
528,励,4052,砷,1
528,励,7165,齉,1
529,劲,6297,钟,1
530,劳,2652,栟,1
530,劳,3133,涝,1
530,劳,3497,牚,1
530,劳,4937,艿,1
530,劳,4978,苇,1
531,劾,481,刻,1
532,势,1328,婪,1
532,势,5589,誓,1
533,勃,5960,轨,1
533,勃,7061,鹁,1
534,勇,4228,穷,1
536,勋,528,励,1
538,勐,1382,孟,1
538,勐,7135,黧,1
539,勒,541,勘,1
539,勒,5010,茀,1
542,募,5099,莫,1
543,勤,453,切,1
543,勤,529,劲,1
546,勹,111,亻,1
546,勹,390,冂,1
546,勹,547,勺,1
547,勺,546,勹,1
547,勺,548,勾,1
547,勺,552,匆,1
549,勿,548,勾,1
549,勿,550,匀,1
549,勿,658,句,1
549,勿,675,司,1
549,勿,1100,垱,1
549,勿,5952,身,1
550,匀,549,勿,1
550,匀,552,匆,1
550,匀,2418,日,1
550,匀,2522,月,1
550,匀,6505,闩,1
551,包,13,丑,1
551,包,127,仓,1
551,包,1399,它,1
551,包,1401,宅,1
551,包,6780,饣,1
552,匆,554,匍,1
552,匆,658,句,1
552,匆,3755,甸,1
553,匈,552,匆,1
553,匈,611,卸,1
553,匈,1004,囟,1
553,匈,2420,旧,1
553,匈,2423,旬,1
553,匈,4604,网,1
558,化,130,他,1
558,化,133,仙,1
558,化,147,仳,1
558,化,4464,纪,1
559,北,1035,圯,1
559,北,1186,壮,1
559,北,2062,扣,1
559,北,2125,拓,1
559,北,3074,洮,1
560,匙,1042,址,1
560,匙,3952,眨,1
560,匙,5885,跶,1
560,匙,6063,逃,1
563,匝,5302,虺,1
564,匠,4873,臣,1
564,匠,6030,迈,1
565,匡,572,医,1
565,匡,1614,巨,1
565,匡,4873,臣,1
565,匡,6062,适,1
565,匡,6771,飞,1
566,匣,569,匮,1
566,匣,572,医,1
566,匣,624,厘,1
566,匣,3187,渔,1
566,匣,6321,钷,1
568,匪,6096,遁,1
570,匹,564,匠,1
570,匹,568,匪,1
570,匹,571,区,1
570,匹,1817,忑,1
571,区,1616,巫,1
571,区,1621,巳,1
572,医,6036,迕,1
573,匾,564,匠,1
573,匾,6100,遍,1
574,匿,567,匦,1
574,匿,569,匮,1
574,匿,572,医,1
574,匿,5551,要,1
575,十,598,卤,1
575,十,1667,干,1
575,十,2053,扌,1
575,十,2697,梅,1
578,升,39,丹,1
578,升,1725,廾,1
579,午,1667,干,1
579,午,2040,户,1
579,午,2394,斥,1
579,午,4260,立,1
579,午,4624,羊,1
580,卉,1230,奔,1
580,卉,1943,惠,1
581,半,1669,年,1
581,半,4719,肀,1
581,半,6681,靽,1
582,华,807,哗,1
583,协,618,历,1
583,协,1036,地,1
583,协,2168,挟,1
583,协,2638,标,1
584,卑,277,俾,1
584,卑,1428,宰,1
584,卑,3892,皂,1
584,卑,3981,睾,1
584,卑,6553,阜,1
585,卒,582,华,1
585,卒,1408,宓,1
585,卒,2360,效,1
585,卒,2412,族,1
585,卒,3502,牢,1
586,卓,1428,宰,1
587,单,1403,守,1
587,单,1670,并,1
587,单,4624,羊,1
588,卖,71,买,1
588,卖,5522,裳,1
589,南,885,喃,1
589,南,3933,直,1
590,博,322,傅,1
590,博,5254,薄,1
592,卞,94,亢,1
592,卞,1205,大,1
592,卞,1676,广,1
592,卞,4127,示,1
593,卟,669,叱,1
593,卟,764,咔,1
594,占,11,与,1
594,占,657,古,1
594,占,662,只,1
594,占,1397,宀,1
594,占,1816,忐,1
594,占,2421,旨,1
594,占,4292,符,1
595,卡,374,六,1
595,卡,592,卞,1
595,卡,2697,梅,1
595,卡,3524,犬,1
595,卡,6503,长,1
596,卢,5288,虍,1
597,卣,1012,囱,1
597,卣,2937,氪,1
598,卤,1004,囟,1
598,卤,1012,囱,1
598,卤,5288,虍,1
599,卦,5469,补,1
602,卫,6,三,1
602,卫,3908,皿,1
605,印,135,仞,1
605,印,609,卵,1
605,印,2393,斤,1
605,印,2946,汀,1
605,印,4480,纻,1
605,印,6140,邱,1
606,危,106,亳,1
606,危,364,兔,1
606,危,4930,色,1
607,即,6129,邛,1
607,即,6157,郎,1
607,即,6562,阳,1
608,却,453,切,1
608,却,611,卸,1
608,却,6149,邽,1
608,却,6163,郚,1
609,卵,145,仰,1
609,卵,604,卯,1
609,卵,3893,的,1
609,卵,6140,邱,1
609,卵,6156,郊,1
610,卷,4983,苍,1
611,卸,476,制,1
611,卸,3611,玕,1
611,卸,5443,蟹,1
612,卺,3400,烝,1
614,卿,3165,淝,1
614,卿,4707,聊,1
615,厂,29,丨,1
617,厅,53,乍,1
617,厅,116,仃,1
618,历,7165,齉,1
619,厉,617,厅,1
619,厉,618,历,1
619,厉,1212,夯,1
619,厉,5625,诂,1
620,压,353,兀,1
620,压,689,后,1
620,压,1476,尢,1
621,厌,1898,恹,1
622,厍,627,原,1
622,厍,1686,库,1
622,厍,4873,臣,1
624,厘,257,俚,1
624,厘,566,匣,1
624,厘,569,匮,1
624,厘,625,厚,1
624,厘,3937,盾,1
625,厚,627,原,1
625,厚,672,叵,1
625,厚,1933,惇,1
625,厚,3937,盾,1
625,厚,5740,豆,1
626,厝,289,借,1
627,原,323,傈,1
627,原,3046,泵,1
627,原,3924,盘,1
628,厢,1463,射,1
628,厢,4772,胡,1
628,厢,6633,雨,1
631,厦,92,亠,1
631,厦,1702,庳,1
631,厦,2047,扅,1
633,厩,6722,顾,1
635,厶,668,台,1
635,厶,1672,幺,1
636,去,25,丢,1
636,去,83,云,1
636,去,1820,志,1
636,去,6503,长,1
639,叁,1416,宝,1
639,叁,5460,行,1
640,参,59,乔,1
640,参,400,写,1
640,参,1474,尜,1
640,参,1765,彡,1
641,又,50,义,1
641,又,601,卩,1
641,又,642,叉,1
641,又,1240,女,1
641,又,1372,孓,1
642,叉,1191,夂,1
643,及,46,乃,1
643,及,125,从,1
643,及,644,友,1
643,及,1380,孜,1
643,及,1487,尼,1
643,及,2886,殳,1
643,及,2920,民,1
643,及,2962,江,1
643,及,2995,没,1
643,及,3904,皮,1
644,友,95,交,1
644,友,1612,左,1
644,友,2523,有,1
644,友,5836,走,1
645,双,676,叹,1
645,双,1241,奴,1
645,双,1256,妓,1
646,反,142,仪,1
646,反,2865,歹,1
647,发,1518,岁,1
648,叔,652,叙,1
648,叔,2360,效,1
648,叔,2367,教,1
649,取,648,叔,1
649,取,3355,灭,1
650,受,95,交,1
650,受,1200,多,1
650,受,4453,纟,1
651,变,246,便,1
651,变,1200,多,1
651,变,7113,麦,1
652,叙,1438,寂,1
652,叙,4874,臧,1
653,叛,2366,敖,1
653,叛,2579,板,1
655,叠,1188,壳,1
655,叠,4268,童,1
655,叠,7008,鳌,1
656,口,7,上,1
656,口,390,冂,1
656,口,431,几,1
656,口,662,只,1
656,口,1611,工,1
656,口,2512,曰,1
656,口,2900,比,1
657,古,685,吉,1
657,古,2401,方,1
657,古,3014,沽,1
657,古,3891,百,1
658,句,547,勺,1
658,句,548,勾,1
658,句,692,向,1
658,句,3890,白,1
658,句,6509,问,1
659,另,452,分,1
659,另,471,别,1
659,另,521,劣,1
659,另,2886,殳,1
659,另,3754,男,1
659,另,4230,穹,1
660,叨,451,刃,1
661,叩,660,叨,1
661,叩,677,叻,1
662,只,122,今,1
662,只,356,兄,1
662,只,379,兴,1
662,只,1485,尺,1
662,只,4010,矢,1
662,只,5762,贝,1
663,叫,665,叭,1
663,叫,673,叶,1
663,叫,704,吣,1
663,叫,1607,川,1
663,叫,5604,讪,1
664,召,695,吕,1
664,召,1738,弓,1
664,召,2920,民,1
664,召,3891,百,1
664,召,4019,石,1
665,叭,140,以,1
665,叭,660,叨,1
665,叭,721,吼,1
665,叭,2057,扒,1
666,叮,661,叩,1
666,叮,4697,耵,1
667,可,67,习,1
667,可,86,五,1
667,可,658,句,1
667,可,3496,牙,1
668,台,94,亢,1
668,台,452,分,1
668,台,657,古,1
668,台,684,合,1
668,台,1858,怠,1
668,台,4889,舌,1
669,叱,661,叩,1
669,叱,771,咣,1
670,史,3754,男,1
670,史,6025,迁,1
671,右,594,占,1
671,右,1612,左,1
673,叶,663,叫,1
673,叶,696,吖,1
674,号,662,只,1
674,号,695,吕,1
674,号,1759,当,1
674,号,2861,步,1
674,号,4230,穹,1
676,叹,118,仅,1
676,叹,665,叭,1
676,叹,735,呗,1
676,叹,4478,纹,1
677,叻,693,吒,1
678,叼,661,叩,1
678,叼,723,呀,1
678,叼,999,囗,1
678,叼,1457,对,1
680,吁,661,叩,1
680,吁,1030,圩,1
680,吁,4021,矸,1
681,吃,738,呛,1
681,吃,907,喹,1
682,各,689,后,1
682,各,699,吝,1
683,吆,710,听,1
683,吆,717,吵,1
683,吆,756,咄,1
683,吆,1672,幺,1
684,合,122,今,1
684,合,134,仝,1
684,合,166,会,1
684,合,209,佥,1
684,合,705,否,1
684,合,1216,夸,1
684,合,1488,尽,1
684,合,4436,系,1
684,合,5738,谷,1
685,吉,14,专,1
685,吉,727,告,1
685,吉,1738,弓,1
685,吉,2554,杏,1
686,吊,737,呙,1
686,吊,1626,币,1
687,同,743,周,1
687,同,1003,回,1
687,同,1017,国,1
687,同,3755,甸,1
687,同,3929,目,1
687,同,6507,闫,1
688,名,25,丢,1
688,名,684,合,1
688,名,709,含,1
688,名,5764,负,1
689,后,57,乒,1
689,后,177,伫,1
689,后,684,合,1
689,后,1680,庇,1
689,后,3890,白,1
689,后,3893,的,1
689,后,4873,臣,1
690,吏,1217,夹,1
691,吐,728,呋,1
691,吐,1186,壮,1
691,吐,4730,肚,1
692,向,118,仅,1
692,向,128,仔,1
692,向,135,仞,1
692,向,184,伺,1
692,向,687,同,1
692,向,1004,囟,1
692,向,1071,坷,1
692,向,1430,宴,1
692,向,4875,自,1
692,向,4897,舟,1
692,向,6671,面,1
693,吒,696,吖,1
694,吓,593,卟,1
695,吕,662,只,1
695,吕,737,呙,1
695,吕,3015,沾,1
695,吕,3891,百,1
696,吖,462,刘,1
696,吖,723,呀,1
696,吖,728,呋,1
696,吖,771,咣,1
696,吖,776,咩,1
697,吗,409,冯,1
697,吗,739,呜,1
697,吗,835,唔,1
697,吗,1252,妈,1
697,吗,2430,时,1
699,吝,700,吞,1
699,吝,5765,贡,1
699,吝,6710,音,1
699,吝,7166,齐,1
700,吞,699,吝,1
700,吞,1488,尽,1
700,吞,5738,谷,1
701,吟,812,哞,1
701,吟,4984,苎,1
702,吠,764,咔,1
703,吡,559,北,1
703,吡,735,呗,1
704,吣,678,叼,1
704,吣,715,吲,1
704,吣,744,呱,1
705,否,594,占,1
705,否,700,吞,1
705,否,1738,弓,1
705,否,4989,苔,1
707,吨,767,咙,1
707,吨,1824,忠,1
707,吨,3935,盹,1
709,含,364,兔,1
709,含,375,兮,1
709,含,5774,贪,1
710,听,31,丫,1
710,听,667,可,1
710,听,679,叽,1
710,听,717,吵,1
710,听,2044,所,1
710,听,2446,昕,1
711,吭,155,伉,1
711,吭,712,吮,1
711,吭,771,咣,1
711,吭,816,哧,1
711,吭,3941,眈,1
712,吮,703,吡,1
712,吮,745,呲,1
712,吮,763,咒,1
712,吮,771,咣,1
712,吮,807,哗,1
713,启,698,君,1
713,启,1407,宏,1
713,启,1880,恙,1
713,启,4740,肩,1
713,启,5738,谷,1
713,启,6561,防,1
714,吱,920,嗖,1
714,吱,1323,婕,1
715,吲,723,呀,1
715,吲,755,咂,1
715,吲,854,啁,1
715,吲,3024,泓,1
716,吴,726,呈,1
716,吴,1221,奂,1
716,吴,2440,昊,1
716,吴,4626,美,1
716,吴,4877,臭,1
717,吵,793,哆,1
717,吵,2960,汝,1
717,吵,3940,眇,1
718,吸,735,呗,1
718,吸,748,呶,1
718,吸,799,哎,1
718,吸,875,啵,1
718,吸,1041,圾,1
718,吸,5769,败,1
719,吹,694,吓,1
719,吹,758,咋,1
719,吹,811,哝,1
719,吹,2841,次,1
720,吻,723,呀,1
721,吼,679,叽,1
721,吼,761,咏,1
722,吾,685,吉,1
722,吾,713,启,1
722,吾,1488,尽,1
722,吾,2864,歪,1
722,吾,5738,谷,1
723,呀,1071,坷,1
723,呀,2431,旷,1
723,呀,4894,舛,1
724,呃,703,吡,1
724,呃,5873,距,1
725,呆,686,吊,1
725,呆,1273,妾,1
725,呆,1405,宋,1
725,呆,1669,年,1
725,呆,2615,柒,1
725,呆,4677,耒,1
726,呈,716,吴,1
726,呈,1095,垩,1
726,呈,4284,笔,1
726,呈,4878,至,1
726,呈,6273,钅,1
727,告,14,专,1
727,告,25,丢,1
727,告,359,先,1
727,告,1535,岩,1
727,告,2445,昔,1
727,告,2465,晋,1
727,告,4745,肯,1
727,告,4889,舌,1
728,呋,730,呒,1
729,呐,677,叻,1
729,呐,752,呼,1
730,呒,728,呋,1
730,呒,731,呓,1
731,呓,732,呔,1
731,呓,804,哓,1
732,呔,702,吠,1
732,呔,734,呖,1
733,呕,846,唯,1
733,呕,3378,炬,1
734,呖,724,呃,1
734,呖,742,呦,1
735,呗,737,呙,1
735,呗,784,咴,1
736,员,2796,槚,1
736,员,3358,灵,1
736,员,5763,贞,1
736,员,5764,负,1
736,员,5765,贡,1
736,员,6713,页,1
737,呙,686,吊,1
737,呙,704,吣,1
738,呛,126,仑,1
738,呛,711,吭,1
739,呜,697,吗,1
740,呢,2458,昵,1
740,呢,2492,暅,1
740,呢,3037,泥,1
741,呤,14,专,1
741,呤,701,吟,1
741,呤,768,咚,1
741,呤,808,哙,1
742,呦,770,咝,1
742,呦,1069,坳,1
743,周,425,凋,1
743,周,687,同,1
743,周,1011,困,1
743,周,1016,固,1
743,周,1017,国,1
743,周,4724,肉,1
743,周,6514,闳,1
743,周,6517,闶,1
743,周,6548,阖,1
744,呱,741,呤,1
745,呲,771,咣,1
746,味,1271,妹,1
746,味,3004,沫,1
747,呵,667,可,1
747,呵,678,叼,1
747,呵,750,呸,1
747,呵,754,咀,1
747,呵,3009,河,1
747,呵,3488,牁,1
747,呵,5371,蜒,1
747,呵,5626,诃,1
748,呶,742,呦,1
749,呷,744,呱,1
749,呷,751,呻,1
750,呸,16,丕,1
750,呸,23,丝,1
750,呸,694,吓,1
751,呻,749,呷,1
751,呻,1061,坤,1
751,呻,1536,岫,1
752,呼,723,呀,1
753,命,1627,市,1
753,命,3482,爷,1
753,命,6165,郜,1
754,咀,735,呗,1
754,咀,818,哩,1
754,咀,1277,姐,1
755,咂,579,午,1
756,咄,745,呲,1
756,咄,748,呶,1
758,咋,710,听,1
758,咋,846,唯,1
759,和,4559,缎,1
760,咎,699,吝,1
762,咐,710,听,1
762,咐,859,啊,1
762,咐,6572,附,1
763,咒,6784,饩,1
764,咔,749,呷,1
765,咕,691,吐,1
765,咕,694,吓,1
765,咕,3055,洁,1
765,咕,6318,钴,1
766,咖,516,办,1
767,咙,702,吠,1
767,咙,724,呃,1
767,咙,2461,昽,1
767,咙,3640,珑,1
767,咙,7181,龙,1
768,咚,769,咛,1
769,咛,680,吁,1
769,咛,708,吩,1
769,咛,749,呷,1
769,咛,756,咄,1
769,咛,3032,泞,1
770,咝,801,哐,1
771,咣,806,哕,1
772,咤,681,吃,1
772,咤,811,哝,1
772,咤,840,唣,1
773,咦,804,哓,1
774,咧,419,冽,1
775,咨,3368,炎,1
775,咨,4753,肾,1
776,咩,772,咤,1
776,咩,860,啐,1
776,咩,5345,蛘,1
777,咪,761,咏,1
777,咪,771,咣,1
777,咪,892,喋,1
777,咪,4174,禾,1
777,咪,4802,脒,1
779,咬,718,吸,1
779,咬,750,呸,1
779,咬,810,哜,1
779,咬,860,啐,1
779,咬,2353,收,1
779,咬,3071,洨,1
779,咬,4112,磙,1
779,咬,5349,蛟,1
780,咭,791,哂,1
780,咭,835,唔,1
780,咭,5669,诰,1
781,咯,768,咚,1
781,咯,795,哈,1
781,咯,3066,洛,1
782,咱,850,唷,1
783,咳,771,咣,1
783,咳,779,咬,1
783,咳,4626,美,1
784,咴,803,哒,1
784,咴,811,哝,1
785,咸,1698,庥,1
785,咸,1970,感,1
786,咻,702,吠,1
786,咻,788,咿,1
786,咻,3158,淋,1
787,咽,791,哂,1
787,咽,4781,胭,1
788,咿,797,哌,1
789,哀,4927,艮,1
790,品,662,只,1
790,品,695,吕,1
790,品,3819,病,1
791,哂,784,咴,1
792,哄,683,吆,1
792,哄,799,哎,1
792,哄,2469,晓,1
792,哄,3396,烘,1
793,哆,815,哦,1
794,哇,904,喳,1
794,哇,1297,娃,1
794,哇,1553,峡,1
794,哇,5346,蛙,1
795,哈,681,吃,1
795,哈,5350,蛤,1
796,哉,2016,戋,1
796,哉,2036,戬,1
796,哉,5502,裁,1
797,哌,808,哙,1
797,哌,3085,派,1
798,响,720,吻,1
798,响,734,呖,1
798,响,782,咱,1
798,响,817,哨,1
798,响,859,啊,1
798,响,2527,朐,1
799,哎,792,哄,1
799,哎,3762,畋,1
799,哎,4936,艾,1
799,哎,5012,茂,1
800,哏,2472,晖,1
801,哐,765,咕,1
801,哐,802,哑,1
801,哐,846,唯,1
802,哑,750,呸,1
802,哑,755,咂,1
803,哒,773,咦,1
803,哒,5885,跶,1
804,哓,805,哔,1
806,哕,771,咣,1
806,哕,786,咻,1
807,哗,582,华,1
807,哗,752,呼,1
807,哗,860,啐,1
808,哙,809,哚,1
808,哙,3406,烩,1
809,哚,810,哜,1
810,哜,776,咩,1
810,哜,781,咯,1
811,哝,800,哏,1
812,哞,663,叫,1
812,哞,749,呷,1
812,哞,836,唛,1
812,哞,865,啤,1
812,哞,3960,眸,1
813,哟,762,咐,1
813,哟,938,嗷,1
813,哟,2353,收,1
813,哟,4460,约,1
814,哥,1459,寻,1
814,哥,2465,晋,1
814,哥,2564,来,1
814,哥,4993,苛,1
814,哥,6635,雪,1
815,哦,797,哌,1
816,哧,826,哽,1
817,哨,900,喟,1
818,哩,754,咀,1
818,哩,757,咆,1
818,哩,937,嗵,1
818,哩,965,嘿,1
818,哩,984,噻,1
819,哪,864,啡,1
820,哭,379,兴,1
820,哭,4283,笑,1
820,哭,4933,艹,1
821,哮,893,喏,1
821,哮,913,嗉,1
821,哮,3570,猎,1
821,哮,5991,辇,1
822,哲,7008,鳌,1
823,哳,3104,浙,1
824,哺,852,唾,1
824,哺,878,啸,1
825,哼,752,呼,1
825,哼,970,噔,1
825,哼,1572,崞,1
825,哼,1928,悸,1
825,哼,3115,浮,1
826,哽,835,唔,1
826,哽,4074,硬,1
828,唁,780,咭,1
828,唁,808,哙,1
828,唁,825,哼,1
828,唁,882,喀,1
828,唁,3953,眩,1
828,唁,4088,碚,1
828,唁,4313,答,1
828,唁,6620,雁,1
829,唆,783,咳,1
829,唆,851,唼,1
829,唆,1563,峻,1
829,唆,5349,蛟,1
830,唇,4288,笞,1
831,唉,783,咳,1
831,唉,829,唆,1
831,唉,841,唤,1
833,唐,1411,官,1
833,唐,1705,康,1
833,唐,5814,赓,1
834,唑,6584,陛,1
835,唔,801,哐,1
836,唛,816,哧,1
837,唝,839,唢,1
838,唠,530,劳,1
838,唠,772,咤,1
839,唢,817,哨,1
841,唤,1105,埃,1
841,唤,3139,涣,1
842,唧,661,叩,1
842,唧,742,呦,1
842,唧,749,呷,1
844,唬,948,嘘,1
845,售,435,凭,1
845,售,835,唔,1
845,售,1202,够,1
845,售,1848,怎,1
845,售,3116,浯,1
845,售,3426,焦,1
845,售,4279,笈,1
845,售,6615,隹,1
846,唯,422,准,1
846,唯,782,咱,1
846,唯,801,哐,1
846,唯,1131,堆,1
846,唯,1651,帷,1
846,唯,2410,旌,1
847,唰,952,嘟,1
848,唱,697,吗,1
848,唱,900,喟,1
848,唱,1937,惕,1
848,唱,2988,沓,1
848,唱,5812,赐,1
850,唷,812,哞,1
850,唷,855,啃,1
852,唾,794,哇,1
852,唾,834,唑,1
852,唾,835,唔,1
852,唾,3971,睡,1
852,唾,4558,缍,1
852,唾,6594,陲,1
855,啃,812,哞,1
855,啃,817,哨,1
855,啃,4745,肯,1
856,啄,761,咏,1
856,啄,3663,琢,1
857,商,4747,育,1
857,商,6539,阌,1
857,商,6711,韵,1
857,商,6902,高,1
858,啉,2587,林,1
859,啊,1319,婀,1
864,啡,819,哪,1
864,啡,4732,肜,1
865,啤,749,呷,1
865,啤,752,呼,1
865,啤,795,哈,1
865,啤,928,嗥,1
865,啤,1119,埠,1
866,啥,808,哙,1
866,啥,809,哚,1
866,啥,841,唤,1
866,啥,924,嗟,1
866,啥,3170,淦,1
866,啥,4890,舍,1
866,啥,5718,谣,1
868,啧,836,唛,1
872,啮,934,嗯,1
872,啮,3766,畔,1
872,啮,7168,齿,1
873,啰,900,喟,1
873,啰,920,嗖,1
874,啴,953,嘡,1
874,啴,979,噪,1
876,啶,990,嚏,1
876,啶,3007,沱,1
876,啶,3215,湜,1
877,啷,6191,酃,1
879,啻,324,傍,1
879,啻,1644,帝,1
880,啼,961,嘴,1
880,啼,1641,帚,1
881,啾,3219,湫,1
881,啾,3985,瞅,1
881,啾,4180,秋,1
882,喀,711,吭,1
882,喀,828,唁,1
882,喀,893,喏,1
882,喀,907,喹,1
884,喂,872,啮,1
884,喂,934,嗯,1
885,喃,589,南,1
886,善,898,喜,1
886,善,1978,慈,1
886,善,3963,着,1
886,善,5588,誊,1
886,善,5590,謇,1
886,善,5957,軎,1
888,喇,480,刺,1
888,喇,503,剩,1
888,喇,859,啊,1
890,喉,841,唤,1
891,喊,786,咻,1
892,喋,5697,谍,1
894,喑,850,唷,1
895,喔,1489,尾,1
895,喔,3196,渥,1
896,喘,756,咄,1
896,喘,848,唱,1
896,喘,922,嗝,1
896,喘,4556,缋,1
896,喘,5911,踹,1
898,喜,1190,壹,1
898,喜,1228,奏,1
898,喜,1237,奢,1
898,喜,1671,幸,1
898,喜,4029,砉,1
898,喜,5307,虿,1
899,喝,848,唱,1
899,喝,872,啮,1
899,喝,900,喟,1
899,喝,930,嗨,1
899,喝,983,噶,1
900,喟,957,嘬,1
900,喟,5779,贯,1
901,喤,840,唣,1
902,喧,795,哈,1
902,喧,828,唁,1
902,喧,2491,暄,1
903,喱,840,唣,1
904,喳,794,哇,1
904,喳,907,喹,1
904,喳,5815,赔,1
906,喷,794,哇,1
906,喷,980,噫,1
908,喻,881,啾,1
908,喻,4832,腧,1
911,嗄,928,嗥,1
911,嗄,2498,暝,1
912,嗅,841,唤,1
912,嗅,865,啤,1
912,嗅,975,噢,1
912,嗅,1810,必,1
913,嗉,836,唛,1
913,嗉,868,啧,1
913,嗉,4441,紫,1
915,嗍,939,嗽,1
916,嗑,4111,磕,1
916,嗑,6817,馌,1
918,嗓,809,哚,1
918,嗓,843,唪,1
918,嗓,979,噪,1
918,嗓,2677,桑,1
921,嗜,2485,晴,1
922,嗝,894,喑,1
922,嗝,3748,甯,1
923,嗞,384,兹,1
925,嗡,4650,翕,1
926,嗣,4914,舸,1
927,嗤,771,咣,1
927,嗤,892,喋,1
929,嗦,816,哧,1
929,嗦,825,哼,1
929,嗦,885,喃,1
931,嗪,892,喋,1
934,嗯,800,哏,1
934,嗯,883,喁,1
936,嗳,1349,嫒,1
938,嗷,3701,璈,1
941,嘀,850,唷,1
941,嘀,851,唼,1
941,嘀,4312,筒,1
941,嘀,5930,蹢,1
942,嘁,815,哦,1
944,嘉,3461,熹,1
946,嘎,912,嗅,1
946,嘎,4074,硬,1
948,嘘,330,催,1
948,嘘,844,唬,1
948,嘘,4096,碰,1
949,嘚,945,嘌,1
950,嘛,991,嚓,1
950,嘛,2020,戏,1
952,嘟,877,啷,1
959,嘱,1571,崛,1
959,嘱,3996,瞩,1
959,嘱,4228,穷,1
959,嘱,7048,鸳,1
960,嘲,888,喇,1
961,嘴,850,唷,1
961,嘴,889,喈,1
961,嘴,892,喋,1
961,嘴,945,嘌,1
961,嘴,4819,腊,1
963,嘹,991,嚓,1
963,嘹,4530,绰,1
964,嘻,765,咕,1
964,嘻,898,喜,1
964,嘻,3970,睛,1
964,嘻,4044,砦,1
965,嘿,808,哙,1
965,嘿,818,哩,1
965,嘿,934,嗯,1
967,噌,923,嗞,1
968,噍,5730,谯,1
969,噎,913,嗉,1
969,噎,953,嘡,1
970,噔,3997,瞪,1
972,噘,630,厥,1
975,噢,912,嗅,1
977,器,4612,罢,1
977,器,5882,路,1
978,噩,5000,苤,1
978,噩,6082,速,1
979,噪,918,嗓,1
982,噱,989,嚎,1
983,噶,899,喝,1
983,噶,5247,蕰,1
984,噻,901,喤,1
984,噻,913,嗉,1
988,嚆,2485,晴,1
989,嚎,825,哼,1
989,嚎,882,喀,1
989,嚎,913,嗉,1
990,嚏,919,嗔,1
990,嚏,929,嗦,1
991,嚓,970,噔,1
991,嚓,6498,镲,1
993,嚣,992,嚚,1
993,嚣,1744,张,1
993,嚣,1896,恶,1
993,嚣,1966,意,1
993,嚣,3379,炭,1
993,嚣,4365,篢,1
993,嚣,6896,髂,1
996,嚼,880,啼,1
996,嚼,987,嚅,1
997,囊,2169,挠,1
998,囔,999,囗,1
999,囗,1002,囝,1
999,囗,5601,讧,1
1000,囚,1006,囡,1
1000,囚,1007,团,1
1000,囚,2895,母,1
1000,囚,3742,用,1
1000,囚,4604,网,1
1001,四,1014,囵,1
1001,四,1857,思,1
1001,四,2522,月,1
1002,囝,1007,团,1
1002,囝,4605,罔,1
1003,回,692,向,1
1003,回,1014,囵,1
1003,回,2512,曰,1
1003,回,3006,沮,1
1003,回,3929,目,1
1003,回,6509,问,1
1005,因,4605,罔,1
1006,囡,1014,囵,1
1007,团,3749,田,1
1007,团,6508,闭,1
1008,囤,1005,因,1
1008,囤,1011,困,1
1008,囤,1013,围,1
1008,囤,1014,囵,1
1008,囤,1017,国,1
1008,囤,3742,用,1
1009,囫,1013,围,1
1009,囫,1015,囹,1
1009,囫,6539,阌,1
1010,园,1002,囝,1
1010,园,1003,回,1
1010,园,1011,困,1
1010,园,3929,目,1
1010,园,4605,罔,1
1011,困,1002,囝,1
1011,困,1005,因,1
1011,困,1008,囤,1
1011,困,1013,围,1
1011,困,3743,甩,1
1012,囱,552,匆,1
1012,囱,589,南,1
1012,囱,598,卤,1
1012,囱,692,向,1
1012,囱,1003,回,1
1012,囱,1009,囫,1
1012,囱,5457,血,1
1013,围,1000,囚,1
1013,围,1008,囤,1
1013,围,1016,固,1
1013,围,1021,圄,1
1013,围,4759,胄,1
1014,囵,1009,囫,1
1015,囹,1019,囿,1
1016,固,687,同,1
1016,固,1000,囚,1
1016,固,1019,囿,1
1016,固,6521,闺,1
1017,国,1013,围,1
1017,国,1016,固,1
1017,国,1018,图,1
1017,国,6511,闰,1
1017,国,6548,阖,1
1018,图,743,周,1
1018,图,1017,国,1
1019,囿,1021,圄,1
1019,囿,1022,圆,1
1019,囿,6046,迥,1
1020,圃,743,周,1
1020,圃,1013,围,1
1020,圃,1017,国,1
1020,圃,1019,囿,1
1020,圃,1025,圊,1
1020,圃,6522,闻,1
1021,圄,1025,圊,1
1021,圄,6548,阖,1
1022,圆,1015,囹,1
1022,圆,1017,国,1
1022,圆,1095,垩,1
1022,圆,1422,室,1
1022,圆,3245,溷,1
1022,圆,4605,罔,1
1022,圆,6549,阗,1
1023,圈,1010,园,1
1023,圈,1014,囵,1
1023,圈,1026,圜,1
1024,圉,1026,圜,1
1025,圊,1019,囿,1
1025,圊,1024,圉,1
1026,圜,1633,帏,1
1027,土,7,上,1
1028,圣,16,丕,1
1028,圣,1458,寺,1
1028,圣,4231,空,1
1029,在,151,任,1
1029,在,620,压,1
1029,在,5020,茌,1
1030,圩,1038,圹,1
1032,圬,2981,沅,1
1032,圬,3613,玙,1
1033,圭,1472,尘,1
1033,圭,1612,左,1
1033,圭,4878,至,1
1034,圮,1035,圯,1
1034,圮,2560,杞,1
1034,圮,5624,证,1
1035,圯,2084,把,1
1036,地,1097,垭,1
1038,圹,87,井,1
1038,圹,2065,扩,1
1038,圹,3786,疒,1
1039,场,1044,均,1
1039,场,1094,垧,1
1039,场,2067,扫,1
1039,场,2068,扬,1
1039,场,2566,杨,1
1039,场,3614,玚,1
1039,场,6717,项,1
1040,圻,2092,折,1
1040,圻,5326,蚯,1
1041,圾,583,协,1
1041,圾,1044,均,1
1041,圾,2089,投,1
1041,圾,5844,超,1
1042,址,41,主,1
1042,址,1616,巫,1
1042,址,2071,扯,1
1042,址,2963,池,1
1042,址,2992,沚,1
1043,坂,2356,攻,1
1043,坂,3761,畈,1
1044,均,1071,坷,1
1044,均,2129,拘,1
1045,坊,1054,坛,1
1045,坊,1075,垃,1
1045,坊,1083,垓,1
1047,坍,577,卅,1
1047,坍,1044,均,1
1048,坎,719,吹,1
1048,坎,1044,均,1
1048,坎,1052,块,1
1049,坏,1065,坪,1
1049,坏,2394,斥,1
1049,坏,3625,环,1
1050,坐,1053,坚,1
1050,坐,1472,尘,1
1050,坐,2913,毽,1
1050,坐,4453,纟,1
1050,坐,4878,至,1
1051,坑,712,吮,1
1052,块,413,决,1
1052,块,1058,坟,1
1052,块,2095,抟,1
1053,坚,4262,竖,1
1054,坛,1066,坫,1
1054,坛,1493,层,1
1055,坜,2595,枥,1
1056,坝,1041,圾,1
1056,坝,1115,埙,1
1057,坞,1044,均,1
1057,坞,1098,垮,1
1057,坞,1110,埒,1
1057,坞,1464,将,1
1057,坞,6263,鋆,1
1058,坟,1043,坂,1
1058,坟,3616,玟,1
1058,坟,4513,绞,1
1058,坟,5311,蚊,1
1059,坠,1139,堕,1
1059,坠,4273,竺,1
1060,坡,2102,披,1
1060,坡,3631,玻,1
1061,坤,1135,堌,1
1062,坦,1068,坯,1
1062,坦,1091,垣,1
1062,坦,3376,炟,1
1062,坦,5628,诅,1
1063,坨,1036,地,1
1065,坪,1078,垆,1
1065,坪,1087,垟,1
1065,坪,2101,抨,1
1066,坫,1048,坎,1
1066,坫,1063,坨,1
1068,坯,1034,圮,1
1068,坯,1049,坏,1
1069,坳,2128,拗,1
1070,坶,1274,姆,1
1071,坷,1110,埒,1
1071,坷,2394,斥,1
1071,坷,3633,珂,1
1071,坷,6669,靠,1
1072,坻,2105,抵,1
1072,坻,2207,捶,1
1073,坼,2115,拆,1
1074,垂,1095,垩,1
1074,垂,1272,妻,1
1075,垃,1125,培,1
1075,垃,2139,拦,1
1076,垄,3918,盐,1
1076,垄,7182,龚,1
1077,垅,2135,拢,1
1078,垆,2099,护,1
1078,垆,2112,拃,1
1078,垆,5630,诈,1
1080,垌,2676,桐,1
1081,垍,1091,垣,1
1081,垍,2121,拍,1
1082,垒,1235,奚,1
1082,垒,2331,擂,1
1082,垒,4303,笾,1
1083,垓,1177,墩,1
1083,垓,2659,核,1
1085,垛,2394,斥,1
1087,垟,1119,埠,1
1089,垡,4483,线,1
1090,垢,1155,塔,1
1090,垢,1158,塥,1
1090,垢,3632,珀,1
1091,垣,2678,桓,1
1092,垤,1049,坏,1
1093,垦,1076,垄,1
1094,垧,798,响,1
1096,垫,2089,投,1
1096,垫,2113,拄,1
1096,垫,3409,热,1
1098,垮,5517,裤,1
1099,垯,1145,堪,1
1099,垯,2167,挞,1
1100,垱,2170,挡,1
1101,垲,1519,岂,1
1102,垴,1035,圯,1
1103,垸,1136,堍,1
1104,埂,1086,垞,1
1104,埂,2701,梗,1
1104,埂,6715,顷,1
1105,埃,263,俣,1
1105,埃,1112,埕,1
1105,埃,1119,埠,1
1105,埃,5675,诶,1
1107,埋,818,哩,1
1107,埋,864,啡,1
1107,埋,1054,坛,1
1107,埋,1062,坦,1
1107,埋,1958,惺,1
1108,城,1072,坻,1
1108,城,1118,域,1
1108,城,2036,戬,1
1108,城,5384,蜮,1
1108,城,5648,诚,1
1109,埏,1722,延,1
1109,埏,2182,挺,1
1110,埒,2189,捋,1
1111,埔,1045,坊,1
1111,埔,2195,捕,1
1112,埕,1092,垤,1
1112,埕,1107,埋,1
1113,埗,1144,堤,1
1114,埘,1064,坩,1
1115,埙,2197,损,1
1117,埝,2210,捻,1
1117,埝,2291,摁,1
1118,域,2078,找,1
1119,埠,1120,埤,1
1120,埤,1110,埒,1
1120,埤,1326,婢,1
1120,埤,2203,捭,1
1120,埤,2741,椑,1
1121,埭,2724,棣,1
1125,培,262,信,1
1125,培,1032,圬,1
1125,培,1090,垢,1
1125,培,1098,垮,1
1125,培,1151,塆,1
1125,培,2216,掊,1
1125,培,3423,焙,1
1125,培,5691,谆,1
1125,培,5709,谙,1
1126,基,4959,芩,1
1126,基,5267,薹,1
1126,基,5880,跫,1
1127,埼,1098,垮,1
1127,埼,2218,掎,1
1129,堀,1090,垢,1
1130,堂,367,党,1
1130,堂,376,兰,1
1130,堂,1422,室,1
1130,堂,2626,查,1
1130,堂,4231,空,1
1130,堂,5048,荃,1
1130,堂,5811,赏,1
1131,堆,422,准,1
1131,堆,423,凇,1
1131,堆,1073,坼,1
1131,堆,1090,垢,1
1133,堉,1092,垤,1
1135,堌,2237,掴,1
1136,堍,2183,挽,1
1137,堎,1164,墁,1
1138,堑,2490,暂,1
1139,堕,6739,颐,1
1141,堞,99,亨,1
1143,堡,259,保,1
1144,堤,1107,埋,1
1144,堤,2188,捉,1
1144,堤,2604,枵,1
1144,堤,3215,湜,1
1144,堤,3659,琏,1
1145,堪,1036,地,1
1145,堪,5696,谌,1
1146,堰,1091,垣,1
1147,堲,1059,坠,1
1148,堵,2231,措,1
1148,堵,5534,褚,1
1148,堵,5677,诸,1
1149,塃,5698,谎,1
1152,塌,2194,捐,1
1152,塌,3247,溻,1
1152,塌,3425,焜,1
1154,塑,1079,型,1
1154,塑,1162,塾,1
1154,塑,2528,朔,1
1154,塑,7171,龃,1
1155,塔,255,俗,1
1155,塔,1127,埼,1
1155,塔,2146,拯,1
1155,塔,2656,栲,1
1155,塔,4313,答,1
1156,塘,1098,垮,1
1156,塘,1168,墉,1
1156,塘,2312,撇,1
1157,塞,1445,寒,1
1157,塞,1453,寨,1
1158,塥,4517,绢,1
1159,填,919,嗔,1
1159,填,1091,垣,1
1159,填,1145,堪,1
1159,填,3668,琪,1
1159,填,5138,萁,1
1160,塬,1239,奭,1
1160,塬,1341,媳,1
1160,塬,2489,晾,1
1161,塮,1114,埘,1
1165,境,1051,坑,1
1165,境,1083,垓,1
1165,境,1136,堍,1
1166,墅,5882,路,1
1166,墅,6255,野,1
1167,墈,1161,塮,1
1169,墒,941,嘀,1
1169,墒,1356,嫡,1
1169,墒,2300,摘,1
1169,墒,3275,滴,1
1170,墓,1132,堇,1
1170,墓,5021,茎,1
1171,墙,1148,堵,1
1171,墙,1175,墦,1
1173,增,4584,缩,1
1173,增,4590,缯,1
1174,墟,1112,埕,1
1174,墟,1232,奖,1
1174,墟,1350,嫔,1
1175,墦,5439,蟠,1
1176,墨,2449,星,1
1176,墨,2467,晏,1
1177,墩,3504,牧,1
1178,墼,4601,罄,1
1179,壁,6014,辟,1
1180,壅,879,啻,1
1180,壅,1179,壁,1
1181,壑,3982,睿,1
1183,壤,2346,攘,1
1184,士,64,九,1
1184,士,86,五,1
1186,壮,559,北,1
1186,壮,1862,性,1
1186,壮,2061,扛,1
1186,壮,4731,肛,1
1187,声,99,亨,1
1187,声,3745,甫,1
1188,壳,5289,虎,1
1189,壶,1921,悫,1
1189,壶,5172,葫,1
1190,壹,108,亶,1
1190,壹,4339,箜,1
1190,壹,5205,蓉,1
1190,壹,5267,薹,1
1191,夂,0,々,1
1191,夂,47,久,1
1193,备,682,各,1
1193,备,3483,爸,1
1194,复,95,交,1
1194,复,5775,贫,1
1195,夏,631,厦,1
1195,夏,5055,荑,1
1195,夏,5150,萝,1
1195,夏,5740,豆,1
1195,夏,6636,雯,1
1195,夏,7113,麦,1
1197,夕,641,又,1
1197,夕,1191,夂,1
1197,夕,1397,宀,1
1198,外,133,仙,1
1198,外,2866,死,1
1200,多,688,名,1
1200,多,779,咬,1
1200,多,1245,好,1
1201,夜,188,佃,1
1201,夜,1701,庭,1
1201,夜,5093,莜,1
1201,夜,5371,蜒,1
1202,够,3548,狡,1
1202,够,4559,缎,1
1202,够,7047,鸲,1
1205,大,8,下,1
1205,大,374,六,1
1205,大,1207,太,1
1205,大,3353,火,1
1205,大,3524,犬,1
1206,天,592,卞,1
1206,天,665,叭,1
1206,天,1205,大,1
1206,天,1210,夭,1
1206,天,1485,尺,1
1206,天,2979,沃,1
1207,太,5,丈,1
1207,太,1476,尢,1
1207,太,1612,左,1
1207,太,3476,爪,1
1208,夫,636,去,1
1208,夫,690,吏,1
1208,夫,1485,尺,1
1209,夬,595,卡,1
1210,夭,1185,壬,1
1210,夭,1205,大,1
1210,夭,2416,无,1
1211,央,1209,夬,1
1211,央,1217,夹,1
1211,央,1471,尖,1
1211,央,1824,忠,1
1212,夯,76,予,1
1212,夯,1218,夺,1
1213,失,413,决,1
1213,失,1208,夫,1
1213,失,1214,头,1
1213,失,1471,尖,1
1214,头,1208,夫,1
1214,头,3353,火,1
1214,头,5598,认,1
1215,夷,5055,荑,1
1216,夸,1220,奁,1
1216,夸,1686,库,1
1217,夹,1208,夫,1
1217,夹,1209,夬,1
1217,夹,1214,头,1
1217,夹,1215,夷,1
1217,夹,6349,铗,1
1218,夺,1110,埒,1
1218,夺,1223,奇,1
1218,夺,1458,寺,1
1218,夺,1460,导,1
1223,奇,814,哥,1
1223,奇,1218,夺,1
1223,奇,6663,青,1
1224,奈,1216,夸,1
1224,奈,1379,孛,1
1224,奈,5148,萘,1
1225,奉,2451,春,1
1226,奋,1108,城,1
1226,奋,6826,首,1
1227,奎,1233,套,1
1228,奏,2246,揍,1
1228,奏,2819,橐,1
1230,奔,1731,弄,1
1230,奔,1732,弇,1
1231,奕,1733,弈,1
1232,奖,820,哭,1
1233,套,1227,奎,1
1233,套,6019,辰,1
1236,奠,4626,美,1
1236,奠,5032,茧,1
1236,奠,5099,莫,1
1237,奢,4370,篱,1
1238,奥,382,具,1
1238,奥,3020,泉,1
1238,奥,4442,累,1
1238,奥,4877,臭,1
1239,奭,2459,昶,1
1239,奭,3486,爽,1
1240,女,3,七,1
1240,女,54,乎,1
1240,女,1726,廿,1
1241,奴,645,双,1
1241,奴,646,反,1
1241,奴,676,叹,1
1241,奴,1245,好,1
1241,奴,1247,如,1
1243,奸,5008,苹,1
1243,奸,5648,诚,1
1243,奸,5961,轩,1
1244,她,1036,地,1
1244,她,1247,如,1
1244,她,2900,比,1
1245,好,552,匆,1
1245,好,1243,奸,1
1245,好,1246,妁,1
1245,好,1253,妊,1
1247,如,453,切,1
1247,如,759,和,1
1247,如,1242,奶,1
1247,如,1259,妙,1
1248,妃,1244,她,1
1248,妃,1265,妩,1
1248,妃,1266,妪,1
1248,妃,1300,娆,1
1249,妄,1281,委,1
1249,妄,5003,苫,1
1250,妆,3529,状,1
1251,妇,3890,白,1
1252,妈,1242,奶,1
1252,妈,1245,好,1
1252,妈,1251,妇,1
1252,妈,5310,蚂,1
1253,妊,1251,妇,1
1253,妊,1258,妗,1
1253,妊,1276,始,1
1253,妊,1278,姑,1
1253,妊,1280,姓,1
1253,妊,4473,纴,1
1254,妍,1243,奸,1
1255,妒,1242,奶,1
1255,妒,1258,妗,1
1255,妒,1262,妤,1
1255,妒,2643,栌,1
1256,妓,1241,奴,1
1256,妓,6288,钕,1
1257,妖,59,乔,1
1257,妖,1253,妊,1
1257,妖,3621,玦,1
1257,妖,3693,瑶,1
1258,妗,1267,妫,1
1259,妙,1251,妇,1
1259,妙,1264,妨,1
1259,妙,5087,莎,1
1261,妣,1258,妗,1
1261,妣,1279,姒,1
1263,妥,1249,妄,1
1263,妥,1285,姜,1
1263,妥,1378,孚,1
1263,妥,2905,毛,1
1263,妥,3478,爰,1
1263,妥,3718,瓞,1
1263,妥,7168,齿,1
1264,妨,1258,妗,1
1264,妨,1276,始,1
1267,妫,522,动,1
1268,妮,1088,垠,1
1268,妮,1306,娓,1
1270,妲,1247,如,1
1271,妹,1336,媒,1
1272,妻,5142,萋,1
1272,妻,5551,要,1
1273,妾,1249,妄,1
1273,妾,1263,妥,1
1273,妾,5083,荽,1
1274,姆,1286,姝,1
1275,姊,1255,妒,1
1276,始,1264,妨,1
1276,始,1278,姑,1
1276,始,1280,姓,1
1276,始,1287,姞,1
1276,始,1944,惦,1
1276,始,5791,贻,1
1277,姐,754,咀,1
1277,姐,1246,妁,1
1277,姐,1251,妇,1
1277,姐,1260,妞,1
1277,姐,3544,狙,1
1277,姐,4488,组,1
1278,姑,1242,奶,1
1278,姑,1253,妊,1
1278,姑,1276,始,1
1278,姑,3507,牯,1
1278,姑,3613,玙,1
1279,姒,1282,姗,1
1280,姓,1252,妈,1
1280,姓,1261,妣,1
1280,姓,4769,胜,1
1281,委,1263,妥,1
1281,委,1298,娄,1
1281,委,7046,鸱,1
1283,姘,1311,娣,1
1283,姘,6803,饼,1
1285,姜,2148,拳,1
1285,姜,2898,毒,1
1285,姜,4626,美,1
1285,姜,5083,荽,1
1285,姜,5142,萋,1
1286,姝,1271,妹,1
1287,姞,1278,姑,1
1289,姥,1265,妩,1
1289,姥,1297,娃,1
1289,姥,3402,烤,1
1289,姥,7039,鸪,1
1290,姨,1307,娘,1
1290,姨,1346,嫂,1
1290,姨,1415,宜,1
1291,姬,1268,妮,1
1291,姬,1307,娘,1
1291,姬,3378,炬,1
1292,姹,1306,娓,1
1294,姽,1276,始,1
1295,姿,1404,安,1
1296,威,1818,忒,1
1297,娃,1278,姑,1
1297,娃,1287,姞,1
1297,娃,1292,姹,1
1297,娃,1304,娌,1
1298,娄,1263,妥,1
1298,娄,1273,妾,1
1298,娄,1281,委,1
1298,娄,1305,娑,1
1298,娄,1328,婪,1
1298,娄,5992,辈,1
1299,娅,1097,垭,1
1299,娅,1245,好,1
1304,娌,1323,婕,1
1304,娌,3561,狸,1
1306,娓,1268,妮,1
1307,娘,1268,妮,1
1307,娘,1288,姣,1
1307,娘,1322,婊,1
1307,娘,1340,媲,1
1307,娘,3413,烺,1
1308,娜,1332,婶,1
1310,娠,1090,垢,1
1310,娠,1313,娩,1
1310,娠,1322,婊,1
1310,娠,2179,振,1
1312,娥,2022,我,1
1312,娥,5361,蛾,1
1313,娩,1265,妩,1
1313,娩,1314,娱,1
1314,娱,1313,娩,1
1314,娱,1709,庾,1
1317,娶,1302,娈,1
1317,娶,4262,竖,1
1318,娼,1339,媪,1
1321,婉,1288,姣,1
1321,婉,1300,娆,1
1321,婉,1345,嫁,1
1321,婉,1414,宛,1
1322,婊,1290,姨,1
1323,婕,1290,姨,1
1323,婕,1297,娃,1
1328,婪,1355,嫠,1
1328,婪,2710,梵,1
1330,婴,1328,婪,1
1330,婴,2383,斐,1
1332,婶,1316,娴,1
1332,婶,1325,婞,1
1332,婶,1331,婵,1
1332,婶,1354,嫜,1
1333,婷,1264,妨,1
1335,婿,1306,娓,1
1335,婿,1318,娼,1
1335,婿,1337,媚,1
1335,婿,4421,糈,1
1336,媒,1141,堞,1
1336,媒,1352,嫘,1
1337,媚,1585,嵋,1
1337,媚,2759,楣,1
1339,媪,1318,娼,1
1341,媳,1054,坛,1
1341,媳,1310,娠,1
1341,媳,1329,婳,1
1341,媳,3447,熄,1
1345,嫁,1288,姣,1
1345,嫁,1313,娩,1
1346,嫂,590,博,1
1346,嫂,1313,娩,1
1346,嫂,2887,殴,1
1346,嫂,3242,溲,1
1348,嫌,2385,斓,1
1352,嫘,4442,累,1
1352,嫘,5429,螺,1
1353,嫚,1349,嫒,1
1354,嫜,1325,婞,1
1360,嫪,3455,熠,1
1360,嫪,3771,略,1
1363,嬉,964,嘻,1
1366,嬲,4432,糨,1
1367,嬴,6769,飙,1
1370,子,75,了,1
1370,子,81,于,1
1370,子,1467,小,1
1371,孑,449,刁,1
1371,孑,2052,手,1
1373,孔,433,凤,1
1373,孔,559,北,1
1374,孕,57,乒,1
1374,孕,1378,孚,1
1374,孕,7034,鸤,1
1375,字,95,交,1
1375,字,1379,孛,1
1376,存,163,众,1
1376,存,689,后,1
1376,存,1218,夺,1
1376,存,1911,悖,1
1377,孙,1373,孔,1
1380,孜,643,及,1
1380,孜,2358,政,1
1380,孜,2359,故,1
1381,孝,5991,辇,1
1382,孟,664,召,1
1382,孟,2053,扌,1
1384,季,1731,弄,1
1384,季,4175,秀,1
1385,孤,1747,弧,1
1385,孤,2087,抓,1
1385,孤,3541,狐,1
1387,学,1375,字,1
1387,学,1393,孳,1
1387,学,1759,当,1
1387,学,1869,总,1
1387,学,2390,斝,1
1388,孩,6846,驻,1
1388,孩,6857,骇,1
1389,孪,105,亲,1
1389,孪,1751,弯,1
1389,孪,2165,挛,1
1389,孪,2663,栾,1
1389,孪,6011,辛,1
1391,孰,120,仇,1
1391,孰,537,勍,1
1391,孰,2373,敦,1
1394,孵,5578,觯,1
1395,孺,2010,懦,1
1395,孺,4433,糯,1
1396,孽,1393,孳,1
1396,孽,5097,莩,1
1397,宀,3490,片,1
1398,宁,76,予,1
1398,宁,80,亍,1
1398,宁,1375,字,1
1398,宁,3032,泞,1
1398,宁,3786,疒,1
1398,宁,4226,穴,1
1399,它,126,仑,1
1399,它,1401,宅,1
1399,它,1472,尘,1
1399,它,3007,沱,1
1401,宅,1375,字,1
1401,宅,1399,它,1
1401,宅,1425,宪,1
1401,宅,1677,庀,1
1403,守,1398,宁,1
1404,安,1249,妄,1
1404,安,1263,妥,1
1404,安,1418,宠,1
1404,安,2350,支,1
1405,宋,1375,字,1
1405,宋,2541,朱,1
1405,宋,2563,条,1
1405,宋,2616,染,1
1405,宋,4232,穿,1
1406,完,1410,宗,1
1406,完,4227,究,1
1406,完,5581,言,1
1407,宏,1409,宕,1
1407,宏,2043,房,1
1407,宏,3605,玄,1
1407,宏,4226,穴,1
1407,宏,5297,虫,1
1408,宓,1412,宙,1
1408,宓,1418,宠,1
1408,宓,4239,窈,1
1409,宕,1406,完,1
1409,宕,1407,宏,1
1409,宕,1535,岩,1
1409,宕,5001,若,1
1410,宗,105,亲,1
1410,宗,1224,奈,1
1410,宗,1375,字,1
1410,宗,1402,宇,1
1410,宗,1417,实,1
1410,宗,2541,朱,1
1410,宗,2572,杲,1
1410,宗,3164,淙,1
1411,官,53,乍,1
1411,官,698,君,1
1411,官,1406,完,1
1411,官,1409,宕,1
1411,官,1429,害,1
1411,官,1433,宸,1
1411,官,3895,皇,1
1411,官,4236,窄,1
1412,宙,1415,宜,1
1412,宙,1691,庙,1
1412,宙,4991,苗,1
1413,定,1433,宸,1
1413,定,2438,昆,1
1413,定,3362,灾,1
1413,定,4260,立,1
1413,定,4928,良,1
1413,定,5852,足,1
1413,定,6021,辶,1
1414,宛,357,充,1
1414,宛,4243,窕,1
1415,宜,2978,沂,1
1415,宜,3933,直,1
1415,宜,5457,血,1
1416,宝,1399,它,1
1416,宝,1406,完,1
1416,宝,1411,官,1
1416,宝,1824,忠,1
1417,实,378,关,1
1417,实,1422,室,1
1417,实,1469,尔,1
1418,宠,4233,窀,1
1419,审,168,伞,1
1419,审,1404,安,1
1419,审,3502,牢,1
1420,客,1426,宫,1
1420,客,3724,瓮,1
1420,客,4246,窘,1
1420,客,4440,紧,1
1421,宣,593,卟,1
1421,宣,1413,定,1
1421,宣,3201,渲,1
1421,宣,3933,直,1
1421,宣,4245,窗,1
1421,宣,6935,鱼,1
1422,室,1406,完,1
1422,室,1416,宝,1
1422,室,3605,玄,1
1423,宥,4740,肩,1
1424,宦,1411,官,1
1425,宪,362,免,1
1425,宪,1401,宅,1
1425,宪,1435,宽,1
1425,宪,1685,庑,1
1425,宪,4234,突,1
1426,宫,1429,害,1
1426,宫,1443,富,1
1426,宫,5581,言,1
1428,宰,3502,牢,1
1428,宰,4247,窜,1
1429,害,1411,官,1
1429,害,6710,音,1
1430,宴,5544,襄,1
1430,宴,5551,要,1
1431,宵,1423,宥,1
1431,宵,4245,窗,1
1431,宵,5477,衷,1
1432,家,1761,彖,1
1432,家,3020,泉,1
1433,宸,737,呙,1
1433,宸,6646,震,1
1434,容,713,启,1
1434,容,1429,害,1
1434,容,1439,寄,1
1434,容,2481,普,1
1434,容,3982,睿,1
1434,容,4230,穹,1
1434,容,4231,空,1
1434,容,4241,窑,1
1434,容,5021,茎,1
1434,容,5581,言,1
1434,容,5738,谷,1
1435,宽,104,亮,1
1435,宽,1425,宪,1
1435,宽,1448,寞,1
1435,宽,3797,疣,1
1435,宽,4961,芫,1
1436,宾,3362,灾,1
1437,宿,106,亳,1
1437,宿,5221,蓿,1
1438,寂,2088,抔,1
1438,寂,2373,敦,1
1439,寄,385,养,1
1439,寄,1452,寥,1
1440,寅,1411,官,1
1440,寅,1454,寮,1
1440,寅,3932,盲,1
1440,寅,5305,虽,1
1440,寅,5323,蚩,1
1441,密,956,嘧,1
1441,密,1407,宏,1
1441,密,1426,宫,1
1441,密,1947,惩,1
1442,寇,37,丶,1
1442,寇,4256,窭,1
1442,寇,7098,鹮,1
1443,富,1426,宫,1
1443,富,1440,寅,1
1443,富,1450,寡,1
1443,富,1652,常,1
1443,富,6902,高,1
1444,寐,6653,霖,1
1445,寒,1453,寨,1
1445,寒,5072,荩,1
1445,寒,5821,赛,1
1445,寒,6638,零,1
1446,寓,4228,穷,1
1446,寓,4235,窃,1
1446,寓,4248,窝,1
1446,寓,6902,高,1
1447,寝,3826,痔,1
1447,寝,4154,祲,1
1448,寞,1417,实,1
1449,察,1393,孳,1
1449,察,4250,窠,1
1449,察,4440,紧,1
1450,寡,1656,幂,1
1450,寡,5590,謇,1
1451,寤,3749,田,1
1452,寥,1449,察,1
1452,寥,5821,赛,1
1453,寨,1474,尜,1
1453,寨,5821,赛,1
1453,寨,6043,迟,1
1454,寮,1409,宕,1
1456,寸,81,于,1
1456,寸,3498,牛,1
1457,对,6125,邓,1
1458,寺,4671,者,1
1458,寺,4942,芋,1
1458,寺,5958,车,1
1459,寻,1760,录,1
1459,寻,2482,景,1
1459,寻,4677,耒,1
1459,寻,5958,车,1
1459,寻,6832,马,1
1459,寻,6835,驯,1
1460,导,1459,寻,1
1460,导,1729,异,1
1461,寿,3422,焘,1
1461,寿,5958,车,1
1462,封,5077,荮,1
1462,封,5162,葑,1
1463,射,5459,衅,1
1464,将,1874,恃,1
1464,将,3089,浆,1
1464,将,3132,涛,1
1464,将,3550,狩,1
1465,尉,2389,斜,1
1466,尊,1331,婵,1
1466,尊,2663,栾,1
1466,尊,4160,禀,1
1466,尊,5071,荨,1
1467,小,1197,夕,1
1467,小,1370,子,1
1467,小,1468,少,1
1467,小,1512,屮,1
1467,小,2053,扌,1
1467,小,2535,木,1
1468,少,1514,山,1
1469,尔,1374,孕,1
1469,尔,1375,字,1
1469,尔,1378,孚,1
1469,尔,2590,果,1
1471,尖,1209,夬,1
1471,尖,1217,夹,1
1472,尘,670,史,1
1472,尘,1033,圭,1
1472,尘,1401,宅,1
1472,尘,1471,尖,1
1472,尘,4391,米,1
1472,尘,4945,芏,1
1472,尘,6387,铿,1
1473,尚,284,倘,1
1473,尚,598,卤,1
1473,尚,3938,省,1
1473,尚,5046,茼,1
1474,尜,1823,忝,1
1475,尝,367,党,1
1475,尝,1406,完,1
1475,尝,1493,层,1
1475,尝,3497,牚,1
1475,尝,3948,真,1
1475,尝,4236,窄,1
1475,尝,5632,诊,1
1476,尢,418,冼,1
1476,尢,1808,心,1
1477,尤,1479,尧,1
1477,尤,2014,戈,1
1477,尤,2416,无,1
1477,尤,7181,龙,1
1479,尧,356,兄,1
1479,尧,361,克,1
1479,尧,5060,荛,1
1481,就,1385,孤,1
1483,尸,451,刃,1
1483,尸,1208,夫,1
1483,尸,1676,广,1
1483,尸,6554,阝,1
1484,尹,1731,弄,1
1484,尹,2029,戛,1
1484,尹,3751,甲,1
1485,尺,1209,夬,1
1485,尺,3782,疋,1
1487,尼,698,君,1
1487,尼,1489,尾,1
1487,尼,1498,届,1
1487,尼,2920,民,1
1487,尼,3793,疟,1
1487,尼,5554,见,1
1488,尽,1489,尾,1
1489,尾,1486,尻,1
1489,尾,6273,钅,1
1490,尿,686,吊,1
1490,尿,1492,屁,1
1490,尿,1497,屉,1
1490,尿,1500,屎,1
1490,尿,2945,氽,1
1491,局,1473,尚,1
1491,局,1486,尻,1
1491,局,1495,居,1
1491,局,2046,扃,1
1492,屁,740,呢,1
1492,屁,1490,尿,1
1492,屁,2438,昆,1
1493,层,1416,宝,1
1493,层,1495,居,1
1493,层,5339,蛋,1
1495,居,619,厉,1
1495,居,620,压,1
1495,居,1281,委,1
1495,居,1499,屋,1
1495,居,2920,民,1
1496,屈,1493,层,1
1496,屈,2043,房,1
1497,屉,1487,尼,1
1498,届,1495,居,1
1498,届,1496,屈,1
1498,届,1507,屠,1
1499,屋,223,侄,1
1499,屋,1489,尾,1
1499,屋,1501,屏,1
1499,屋,1707,庹,1
1500,屎,1490,尿,1
1500,屎,1498,届,1
1500,屎,2564,来,1
1501,屏,1504,展,1
1501,屏,1702,庳,1
1501,屏,1729,异,1
1503,屑,1133,堉,1
1503,屑,3937,盾,1
1504,展,1493,层,1
1506,属,1496,屈,1
1506,属,1498,届,1
1506,属,1910,悔,1
1507,屠,1237,奢,1
1508,屡,631,厦,1
1508,屡,4641,羼,1
1510,履,1502,屐,1
1510,履,2890,殿,1
1510,履,5553,覆,1
1511,屦,1509,屣,1
1512,屮,1810,必,1
1512,屮,2861,步,1
1513,屯,707,吨,1
1513,屯,3753,电,1
1514,山,2860,此,1
1515,屹,1516,屺,1
1515,屹,1566,崆,1
1515,屹,5560,览,1
1517,屿,3510,特,1
1517,屿,7067,鹇,1
1518,岁,647,发,1
1518,岁,668,台,1
1518,岁,1521,岌,1
1519,岂,360,光,1
1519,岂,1401,宅,1
1519,岂,1532,岜,1
1519,岂,1811,忆,1
1519,岂,1922,悬,1
1519,岂,4946,芑,1
1519,岂,5584,訾,1
1521,岌,4958,芨,1
1523,岐,1558,峧,1
1524,岑,1543,岸,1
1524,岑,1573,崟,1
1524,岑,4959,芩,1
1526,岖,1542,岷,1
1526,岖,2353,收,1
1526,岖,2593,枢,1
1527,岗,1473,尚,1
1527,岗,1543,岸,1
1527,岗,4331,简,1
1528,岘,5325,蚬,1
1530,岚,1527,岗,1
1531,岛,2926,氙,1
1531,岛,4644,翁,1
1531,岛,5484,袅,1
1531,岛,7029,鸟,1
1532,岜,4278,笆,1
1535,岩,1409,宕,1
1535,岩,1693,府,1
1535,岩,3379,炭,1
1535,岩,5001,若,1
1536,岫,751,呻,1
1537,岬,33,中,1
1537,岬,1549,峄,1
1538,岭,741,呤,1
1538,岭,1515,屹,1
1538,岭,1547,峂,1
1538,岭,1574,崤,1
1538,岭,2609,柃,1
1540,岳,380,兵,1
1540,岳,674,号,1
1540,岳,5351,蛩,1
1541,岵,765,咕,1
1543,岸,43,举,1
1543,岸,1225,奉,1
1543,岸,4277,笄,1
1543,岸,5144,萍,1
1544,岽,2633,柴,1
1544,岽,5042,茶,1
1545,岿,1412,宙,1
1545,岿,1462,封,1
1545,岿,1577,崩,1
1545,岿,4146,祟,1
1545,岿,4615,罪,1
1548,峃,443,出,1
1549,峄,1562,峰,1
1552,峙,1565,崃,1
1552,峙,1589,嵘,1
1553,峡,746,味,1
1553,峡,1217,夹,1
1553,峡,1542,岷,1
1553,峡,1584,嵊,1
1556,峥,1562,峰,1
1557,峦,444,击,1
1557,峦,1525,岔,1
1558,峧,1528,岘,1
1558,峧,1572,崞,1
1560,峪,255,俗,1
1560,峪,1538,岭,1
1560,峪,4003,瞻,1
1563,峻,829,唆,1
1563,峻,986,嚄,1
1563,峻,1517,屿,1
1563,峻,1558,峧,1
1563,峻,1560,峪,1
1563,峻,1562,峰,1
1563,峻,1913,悛,1
1563,峻,3888,癸,1
1566,崆,1538,岭,1
1567,崇,1441,密,1
1567,崇,1454,寮,1
1567,崇,1535,岩,1
1567,崇,1720,廪,1
1567,崇,2482,景,1
1567,崇,4402,粜,1
1568,崎,5310,蚂,1
1569,崔,4005,瞿,1
1569,崔,5054,荐,1
1569,崔,5147,萑,1
1569,崔,6826,首,1
1570,崖,1130,堂,1
1570,崖,5198,蒺,1
1573,崟,1570,崖,1
1573,崟,6257,金,1
1573,崟,6258,釜,1
1574,崤,1561,峭,1
1575,崦,1122,埯,1
1577,崩,1134,堋,1
1577,崩,5143,萌,1
1578,崭,1590,嵚,1
1578,崭,2400,新,1
1578,崭,5211,蓖,1
1578,崭,5248,蕲,1
1582,崾,1589,嵘,1
1582,崾,1592,嵝,1
1586,嵌,1590,嵚,1
1586,嵌,1603,巅,1
1588,嵖,904,喳,1
1594,嵫,948,嘘,1
1597,嵴,1561,峭,1
1605,巍,4252,窥,1
1605,巍,5131,菰,1
1605,巍,5271,藐,1
1607,川,32,丬,1
1608,州,394,册,1
1608,州,454,刈,1
1608,州,577,卅,1
1608,州,2895,母,1
1608,州,3369,炒,1
1608,州,3546,狞,1
1608,州,4679,耕,1
1609,巡,5472,衫,1
1610,巢,4332,箅,1
1610,巢,4347,箪,1
1610,巢,4411,粱,1
1610,巢,5082,荼,1
1610,巢,5123,菜,1
1611,工,92,亠,1
1611,工,602,卫,1
1611,工,5128,菥,1
1612,左,657,古,1
1612,左,1029,在,1
1612,左,5958,车,1
1613,巧,1032,圬,1
1614,巨,565,匡,1
1614,巨,672,叵,1
1614,巨,685,吉,1
1614,巨,4873,臣,1
1615,巩,2872,殆,1
1616,巫,16,丕,1
1616,巫,24,丞,1
1616,巫,563,匝,1
1616,巫,2554,杏,1
1617,差,4627,羑,1
1618,巯,3656,琉,1
1619,己,2859,正,1
1619,己,3608,王,1
1620,已,62,乙,1
1621,巳,1483,尸,1
1623,巷,610,卷,1
1623,巷,1489,尾,1
1623,巷,1957,惹,1
1623,巷,4999,苣,1
1623,巷,5021,茎,1
1625,巾,514,力,1
1625,巾,516,办,1
1625,巾,517,功,1
1626,币,113,什,1
1626,币,759,和,1
1626,币,1627,市,1
1627,市,97,亦,1
1627,市,1469,尔,1
1627,市,1691,庙,1
1627,市,2052,手,1
1628,布,53,乍,1
1628,布,1029,在,1
1629,帅,36,临,1
1629,帅,751,呻,1
1629,帅,1053,坚,1
1629,帅,1825,忡,1
1629,帅,1866,怫,1
1630,帆,5299,虮,1
1631,师,2976,汾,1
1631,师,4756,胁,1
1632,希,5010,茀,1
1633,帏,1640,帙,1
1634,帐,1640,帙,1
1634,帐,1827,忧,1
1634,帐,3398,烛,1
1634,帐,4755,胀,1
1635,帑,1650,帱,1
1636,帔,1060,坡,1
1636,帔,1635,帑,1
1636,帔,1657,幄,1
1637,帕,813,哟,1
1637,帕,1651,帷,1
1637,帕,1852,怕,1
1637,帕,6788,饭,1
1638,帖,1634,帐,1
1638,帖,1854,怙,1
1638,帖,1859,怡,1
1638,帖,1862,性,1
1639,帘,1405,宋,1
1639,帘,1644,帝,1
1639,帘,4236,窄,1
1640,帙,1634,帐,1
1640,帙,1636,帔,1
1641,帚,1644,帝,1
1642,帛,584,卑,1
1642,帛,1639,帘,1
1642,帛,2436,昂,1
1642,帛,3020,泉,1
1643,帜,1647,帧,1
1643,帜,1844,怅,1
1643,帜,2603,枳,1
1644,帝,1128,埽,1
1644,帝,1642,帛,1
1644,帝,5028,茚,1
1644,帝,6011,辛,1
1645,帡,2652,栟,1
1645,帡,4791,胼,1
1646,带,1641,帚,1
1646,带,1652,常,1
1646,带,4995,苞,1
1646,带,5010,茀,1
1646,带,5069,荦,1
1647,帧,1643,帜,1
1648,席,1627,市,1
1648,席,1652,常,1
1648,席,1683,序,1
1649,帮,1635,帑,1
1650,帱,1874,恃,1
1651,帷,1657,幄,1
1651,帷,1942,惟,1
1652,常,1642,帛,1
1652,常,1644,帝,1
1652,常,1648,席,1
1653,帻,1647,帧,1
1655,帽,1658,幅,1
1655,帽,5370,蜎,1
1656,幂,1661,幕,1
1656,幂,3981,睾,1
1658,幅,1638,帖,1
1659,幌,1958,惺,1
1659,幌,5698,谎,1
1660,幔,1965,愎,1
1660,幔,2761,楫,1
1661,幕,2501,暮,1
1661,幕,5062,荞,1
1662,幛,1665,幢,1
1663,幞,2768,楼,1
1665,幢,1640,帙,1
1665,幢,1651,帷,1
1666,幪,2838,檬,1
1666,幪,3603,獴,1
1667,干,8,下,1
1667,干,575,十,1
1667,干,2053,扌,1
1667,干,2386,斗,1
1667,干,2416,无,1
1668,平,585,卒,1
1668,平,1667,干,1
1668,平,3498,牛,1
1668,平,3500,牟,1
1668,平,4719,肀,1
1668,平,6011,辛,1
1669,年,168,伞,1
1669,年,586,卓,1
1669,年,1668,平,1
1669,年,3498,牛,1
1669,年,3502,牢,1
1670,并,378,关,1
1670,并,1729,异,1
1670,并,1731,弄,1
1670,并,5600,讦,1
1671,幸,1224,奈,1
1671,幸,1458,寺,1
1671,幸,6012,辜,1
1674,幼,115,仂,1
1674,幼,522,动,1
1674,幼,531,劾,1
1674,幼,4472,纳,1
1674,幼,4479,纺,1
1675,幽,5457,血,1
1676,广,81,于,1
1676,广,615,厂,1
1676,广,3786,疒,1
1677,庀,1687,应,1
1678,庄,620,压,1
1678,庄,689,后,1
1678,庄,1677,庀,1
1678,庄,1679,庆,1
1678,庄,1681,床,1
1678,庄,1690,店,1
1678,庄,5288,虍,1
1679,庆,1407,宏,1
1679,庆,1681,床,1
1679,庆,3796,疢,1
1679,庆,5288,虍,1
1680,庇,558,化,1
1680,庇,4129,礼,1
1681,床,56,乐,1
1681,床,1405,宋,1
1681,床,1684,庐,1
1681,床,1705,康,1
1681,床,3121,涂,1
1682,庋,1699,度,1
1682,庋,3193,渡,1
1683,序,619,厉,1
1683,序,1648,席,1
1683,序,1681,床,1
1683,序,1684,庐,1
1683,序,1696,庠,1
1683,序,1697,庤,1
1683,序,1848,怎,1
1683,序,2043,房,1
1684,庐,1683,序,1
1684,庐,5670,诱,1
1686,库,5002,苦,1
1686,库,7107,麈,1
1687,应,830,唇,1
1687,应,1678,庄,1
1687,应,6021,辶,1
1689,庖,603,卮,1
1689,庖,616,厄,1
1690,店,5292,虑,1
1691,庙,1677,庀,1
1692,庚,1707,庹,1
1692,庚,2083,抉,1
1692,庚,5032,茧,1
1694,庞,1695,废,1
1694,庞,2042,戾,1
1694,庞,4668,老,1
1694,庞,6575,陇,1
1694,庞,6928,魇,1
1695,废,649,取,1
1695,废,1694,庞,1
1695,废,1712,廋,1
1695,废,5124,菝,1
1695,废,6575,陇,1
1696,庠,3825,痒,1
1699,度,631,厦,1
1699,度,1712,廋,1
1699,度,5293,虔,1
1700,座,1082,垒,1
1700,座,1570,崖,1
1700,座,2047,扅,1
1700,座,3823,痊,1
1701,庭,3126,涎,1
1701,庭,3880,癍,1
1701,庭,6645,霆,1
1703,庵,222,侃,1
1703,庵,276,俺,1
1703,庵,1713,廑,1
1703,庵,2049,扈,1
1704,庶,620,压,1
1704,庶,1237,奢,1
1704,庶,1687,应,1
1704,庶,2043,房,1
1704,庶,3447,熄,1
1704,庶,7116,麻,1
1705,康,1683,序,1
1706,庸,833,唐,1
1706,庸,1168,墉,1
1707,庹,626,厝,1
1709,庾,833,唐,1
1710,廉,7108,麋,1
1711,廊,6182,鄌,1
1712,廋,3864,瘦,1
1716,廖,1452,寥,1
1716,廖,3812,疹,1
1718,廛,833,唐,1
1719,廨,1702,庳,1
1720,廪,3868,瘭,1
1720,廪,3869,瘰,1
1721,廴,51,之,1
1721,廴,6021,辶,1
1722,延,6,三,1
1722,延,86,五,1
1723,廷,2913,毽,1
1723,廷,3030,泛,1
1723,廷,5092,莛,1
1724,建,6041,违,1
1724,建,6082,速,1
1725,廾,39,丹,1
1727,开,85,亓,1
1727,开,87,井,1
1727,开,578,升,1
1728,弁,580,卉,1
1729,异,58,乓,1
1729,异,1730,弃,1
1729,异,1731,弄,1
1730,弃,96,亥,1
1730,弃,1249,妄,1
1730,弃,1671,幸,1
1730,弃,4435,糸,1
1731,弄,1225,奉,1
1731,弄,1730,弃,1
1731,弄,2898,毒,1
1731,弄,3759,畀,1
1733,弈,2663,栾,1
1734,弊,5574,解,1
1736,式,2014,戈,1
1736,式,2021,成,1
1736,式,2025,或,1
1736,式,2862,武,1
1736,式,3736,甘,1
1736,式,3737,甙,1
1738,弓,400,写,1
1738,弓,667,可,1
1738,弓,1200,多,1
1738,弓,1765,彡,1
1739,引,667,可,1
1739,引,4024,矾,1
1740,弗,69,书,1
1740,弗,87,井,1
1740,弗,1670,并,1
1740,弗,5789,费,1
1740,弗,6041,违,1
1741,弘,133,仙,1
1741,弘,1739,引,1
1742,弛,1373,孔,1
1742,弛,1744,张,1
1742,弛,4485,绁,1
1742,弛,6868,骓,1
1743,弟,376,兰,1
1743,弟,1387,学,1
1743,弟,4008,矛,1
1743,弟,5010,茀,1
1743,弟,6405,锑,1
1743,弟,6512,闱,1
1744,张,3018,泄,1
1744,张,3621,玦,1
1744,张,4483,线,1
1745,弥,1753,弹,1
1745,弥,2976,汾,1
1745,弥,3545,狝,1
1745,弥,6846,驻,1
1746,弦,68,乡,1
1746,弦,1388,孩,1
1746,弦,4467,纭,1
1746,弦,6857,骇,1
1747,弧,6555,队,1
1748,弩,4049,砮,1
1748,弩,6848,驽,1
1749,弪,4060,硁,1
1750,弭,3075,洱,1
1751,弯,612,卺,1
1751,弯,640,参,1
1751,弯,3222,湾,1
1751,弯,5229,蔫,1
1752,弱,1775,影,1
1752,弱,2874,殉,1
1752,弱,4162,禄,1
1752,弱,6845,驺,1
1753,弹,1750,弭,1
1753,弹,3115,浮,1
1753,弹,4593,缲,1
1754,强,1746,弦,1
1754,强,3547,狠,1
1755,弼,4408,粥,1
1758,归,2420,旧,1
1758,归,3356,灯,1
1759,当,456,刍,1
1759,当,1518,岁,1
1759,当,3938,省,1
1759,当,4946,芑,1
1760,录,1761,彖,1
1760,录,1892,恭,1
1760,录,2961,汞,1
1760,录,3046,泵,1
1764,彝,6172,郫,1
1766,形,455,刊,1
1766,形,1767,彤,1
1766,形,2134,拟,1
1766,形,3610,玑,1
1766,形,3637,珍,1
1767,彤,4395,籽,1
1767,彤,4732,肜,1
1768,彦,2404,旁,1
1768,彦,4727,肓,1
1768,彦,6710,音,1
1769,彧,2025,或,1
1770,彩,124,仍,1
1771,彪,1921,悫,1
1771,彪,3375,炝,1
1773,彭,1881,恚,1
1773,彭,6903,髟,1
1774,彰,6284,钐,1
1775,影,814,哥,1
1775,影,1774,彰,1
1775,影,5460,行,1
1776,彳,30,个,1
1777,彷,153,仿,1
1778,役,1729,异,1
1778,役,4461,级,1
1779,彻,466,初,1
1780,彼,3905,皱,1
1780,彼,5638,诐,1
1781,往,1782,征,1
1781,往,1784,径,1
1781,往,3038,注,1
1781,往,4016,矬,1
1781,往,4473,纴,1
1781,往,4499,经,1
1781,往,6308,钪,1
1781,往,6789,饮,1
1782,征,133,仙,1
1782,征,158,伍,1
1782,征,167,伛,1
1782,征,5624,证,1
1783,徂,189,但,1
1783,徂,251,俎,1
1783,徂,4481,纽,1
1783,徂,4488,组,1
1784,径,1749,弪,1
1784,径,1781,往,1
1784,径,4456,红,1
1784,径,4459,纥,1
1784,径,6383,铻,1
1785,待,264,俦,1
1785,待,1792,徐,1
1785,待,4292,符,1
1785,待,4457,纣,1
1785,待,4482,纾,1
1785,待,5054,荐,1
1786,徇,4509,绚,1
1788,徉,181,伴,1
1788,徉,5660,详,1
1789,徊,1673,幻,1
1789,徊,1783,徂,1
1789,徊,2523,有,1
1790,律,322,傅,1
1790,律,1794,徕,1
1790,律,4494,绊,1
1792,徐,243,侮,1
1792,徐,4460,约,1
1792,徐,4508,给,1
1792,徐,4582,缧,1
1793,徒,170,传,1
1793,徒,1780,彼,1
1793,徒,4456,红,1
1793,徒,5772,质,1
1793,徒,5836,走,1
1795,得,1792,徐,1
1795,得,3323,澡,1
1795,得,4582,缧,1
1795,得,6417,锝,1
1796,徘,5682,诽,1
1797,徙,1920,您,1
1797,徙,4528,绮,1
1799,御,1711,廊,1
1799,御,5462,衔,1
1801,循,1786,徇,1
1801,循,3749,田,1
1801,循,4584,缩,1
1801,循,6438,锴,1
1803,微,331,傲,1
1803,微,3331,激,1
1804,徵,1807,徽,1
1805,德,1793,徒,1
1805,德,4156,祸,1
1807,徽,1806,徼,1
1807,徽,4595,缴,1
1808,心,133,仙,1
1808,心,352,儿,1
1808,心,576,千,1
1808,心,3354,灬,1
1809,忄,32,丬,1
1809,忄,6780,饣,1
1810,必,20,业,1
1810,必,21,丛,1
1810,必,125,从,1
1810,必,140,以,1
1810,必,161,伐,1
1810,必,165,伙,1
1810,必,440,凶,1
1810,必,516,办,1
1810,必,2977,沁,1
1810,必,3022,泌,1
1810,必,5607,议,1
1811,忆,2055,扎,1
1811,忆,2060,托,1
1813,忌,1895,恳,1
1814,忍,1857,思,1
1814,忍,1875,恋,1
1814,忍,1877,恐,1
1816,忐,5288,虍,1
1816,忐,6692,鞡,1
1817,忑,1816,忐,1
1818,忒,1296,威,1
1818,忒,3737,甙,1
1820,志,636,去,1
1820,志,1813,忌,1
1821,忘,357,充,1
1821,忘,1820,志,1
1821,忘,1840,态,1
1821,忘,1872,恁,1
1821,忘,3412,烹,1
1822,忙,1830,忭,1
1822,忙,1891,恬,1
1827,忧,1051,坑,1
1827,忧,1830,忭,1
1827,忧,3529,状,1
1827,忧,4746,肱,1
1828,忪,2578,松,1
1829,快,374,六,1
1829,快,1830,忭,1
1829,快,3510,特,1
1830,忭,1897,恸,1
1830,忭,2623,柞,1
1832,忱,1825,忡,1
1832,忱,1827,忧,1
1832,忱,2860,此,1
1832,忱,3408,烬,1
1832,忱,3941,眈,1
1833,念,139,令,1
1833,念,1821,忘,1
1833,念,6772,食,1
1835,忻,723,呀,1
1835,忻,1040,圻,1
1835,忻,2063,扦,1
1836,忽,1814,忍,1
1836,忽,1838,忿,1
1836,忽,1841,怂,1
1836,忽,1886,恧,1
1837,忾,1899,恺,1
1838,忿,1840,态,1
1838,忿,1858,怠,1
1838,忿,1860,急,1
1839,怀,1631,师,1
1839,怀,2088,抔,1
1839,怀,2569,杭,1
1839,怀,2618,柘,1
1840,态,671,右,1
1840,态,1820,志,1
1840,态,4983,苍,1
1841,怂,21,丛,1
1841,怂,1050,坐,1
1841,怂,1824,忠,1
1842,怃,1864,怩,1
1844,怅,1827,忧,1
1845,怆,3375,炝,1
1846,怊,664,召,1
1847,怍,202,作,1
1847,怍,4766,胙,1
1848,怎,1858,怠,1
1848,怎,1869,总,1
1848,怎,1872,恁,1
1848,怎,1875,恋,1
1848,怎,2926,氙,1
1848,怎,5474,衮,1
1850,怒,1860,急,1
1851,怔,1526,岖,1
1851,怔,1843,怄,1
1851,怔,1878,恒,1
1851,怔,2900,比,1
1852,怕,178,伯,1
1852,怕,782,咱,1
1852,怕,1091,垣,1
1852,怕,1637,帕,1
1852,怕,1843,怄,1
1852,怕,1873,恂,1
1852,怕,2121,拍,1
1853,怖,1950,惭,1
1856,怜,240,侩,1
1856,怜,1894,恰,1
1856,怜,1913,悛,1
1856,怜,1965,愎,1
1856,怜,1972,愣,1
1856,怜,2122,拎,1
1856,怜,2609,柃,1
1856,怜,3406,烩,1
1857,思,662,只,1
1857,思,1814,忍,1
1857,思,1824,忠,1
1857,思,4557,缌,1
1857,思,6253,里,1
1858,怠,1761,彖,1
1858,怠,1838,忿,1
1858,怠,1848,怎,1
1858,怠,1906,悉,1
1859,怡,1889,恪,1
1860,急,364,兔,1
1860,急,1672,幺,1
1860,急,1875,恋,1
1860,急,1906,悉,1
1860,急,6772,食,1
1860,急,7184,龟,1
1861,怦,1065,坪,1
1861,怦,2602,枰,1
1862,性,1280,姓,1
1862,性,1899,恺,1
1862,性,1923,悭,1
1863,怨,1836,忽,1
1863,怨,1850,怒,1
1864,怩,1972,愣,1
1865,怪,1053,坚,1
1865,怪,1862,性,1
1865,怪,3534,狂,1
1865,怪,4779,胫,1
1866,怫,2111,拂,1
1867,怯,1842,怃,1
1868,怵,1830,忭,1
1868,怵,1844,怅,1
1869,总,1836,忽,1
1869,总,3386,点,1
1869,总,4474,纵,1
1870,怼,4965,芯,1
1872,恁,364,兔,1
1872,恁,1817,忑,1
1872,恁,1869,总,1
1872,恁,5797,赁,1
1873,恂,2581,构,1
1873,恂,2647,栒,1
1874,恃,227,侍,1
1874,恃,590,博,1
1874,恃,1910,悔,1
1874,恃,1912,悚,1
1874,恃,2156,持,1
1874,恃,2421,旨,1
1875,恋,107,亵,1
1875,恋,1557,峦,1
1875,恋,1896,恶,1
1875,恋,6058,迹,1
1876,恍,1829,快,1
1876,恍,3357,灰,1
1876,恍,3371,炕,1
1877,恐,1947,惩,1
1878,恒,2678,桓,1
1878,恒,5968,轰,1
1878,恒,6566,阻,1
1879,恕,1247,如,1
1879,恕,1548,峃,1
1880,恙,1872,恁,1
1880,恙,1881,恚,1
1880,恙,3922,盖,1
1881,恚,1880,恙,1
1882,恝,4684,耜,1
1884,恣,775,咨,1
1885,恤,1852,怕,1
1885,恤,1878,恒,1
1886,恧,1860,急,1
1886,恧,1903,恿,1
1887,恨,559,北,1
1887,恨,1846,怊,1
1887,恨,1917,悢,1
1887,恨,3413,烺,1
1888,恩,1813,忌,1
1888,恩,1814,忍,1
1889,恪,4786,胳,1
1890,恫,1135,堌,1
1890,恫,2774,榈,1
1890,恫,3057,洇,1
1890,恫,3067,洞,1
1891,恬,1815,忏,1
1891,恬,1859,怡,1
1891,恬,1862,性,1
1891,恬,1905,悄,1
1891,恬,3359,灶,1
1892,恭,78,事,1
1892,恭,1823,忝,1
1892,恭,3043,泰,1
1892,恭,4442,累,1
1893,息,364,兔,1
1893,息,668,台,1
1893,息,1869,总,1
1893,息,1872,恁,1
1893,息,1922,悬,1
1894,恰,1856,怜,1
1894,恰,1859,怡,1
1894,恰,1889,恪,1
1894,恰,1946,惨,1
1894,恰,2651,栝,1
1894,恰,2692,桴,1
1895,恳,1093,垦,1
1895,恳,1896,恶,1
1896,恶,25,丢,1
1896,恶,28,丧,1
1896,恶,1095,垩,1
1896,恶,1943,惠,1
1896,恶,3415,焉,1
1896,恶,4965,芯,1
1897,恸,1069,坳,1
1900,恻,3094,测,1
1901,恼,1852,怕,1
1901,恼,1917,悢,1
1902,恽,2174,挥,1
1903,恿,1875,恋,1
1903,恿,5179,葸,1
1903,恿,6078,通,1
1905,悄,252,俏,1
1905,悄,817,哨,1
1905,悄,2702,梢,1
1905,悄,5667,诮,1
1906,悉,1298,娄,1
1906,悉,1836,忽,1
1906,悉,1880,恙,1
1906,悉,1896,恶,1
1907,悌,3966,睇,1
1908,悍,1902,恽,1
1908,悍,1972,愣,1
1908,悍,3416,焊,1
1908,悍,3427,焯,1
1910,悔,1874,恃,1
1910,悔,1901,恼,1
1910,悔,1902,恽,1
1910,悔,2116,拇,1
1913,悛,1965,愎,1
1914,悝,579,午,1
1914,悝,1971,愠,1
1915,悟,1125,培,1
1915,悟,1846,怊,1
1915,悟,1889,恪,1
1915,悟,1910,悔,1
1915,悟,1931,情,1
1915,悟,1940,惜,1
1915,悟,2184,捂,1
1916,悠,1884,恣,1
1916,悠,1920,您,1
1917,悢,1887,恨,1
1918,患,1970,感,1
1918,患,3293,漶,1
1918,患,5243,蕙,1
1918,患,7142,黾,1
1919,悦,1876,恍,1
1919,悦,1913,悛,1
1919,悦,1980,慌,1
1919,悦,4206,税,1
1920,您,368,兜,1
1920,您,845,售,1
1920,您,1872,恁,1
1920,您,1916,悠,1
1920,您,3546,狞,1
1922,悬,6106,遗,1
1924,悯,1890,恫,1
1924,悯,2680,桕,1
1924,悯,3421,焖,1
1926,悲,1824,忠,1
1926,悲,1879,恕,1
1926,悲,6709,韭,1
1927,悴,1826,忤,1
1927,悴,4414,粹,1
1928,悸,1933,惇,1
1928,悸,2063,扦,1
1929,悻,1976,愫,1
1929,悻,2700,梓,1
1929,悻,3847,瘁,1
1930,悼,1878,恒,1
1930,悼,1908,悍,1
1930,悼,1958,惺,1
1932,惆,1904,悃,1
1932,惆,1938,惘,1
1934,惊,2224,掠,1
1935,惋,3778,畹,1
1935,惋,4827,腕,1
1936,惑,1970,感,1
1936,惑,5502,裁,1
1937,惕,1124,埸,1
1937,惕,2566,杨,1
1937,惕,3450,熔,1
1937,惕,5752,豸,1
1939,惚,3431,煅,1
1939,惚,3453,熜,1
1940,惜,289,借,1
1940,惜,1141,堞,1
1940,惜,1874,恃,1
1940,惜,2812,樯,1
1942,惟,2739,椎,1
1942,惟,4534,维,1
1943,惠,1848,怎,1
1943,惠,1886,恧,1
1943,惠,1896,恶,1
1943,惠,1984,慝,1
1943,惠,2479,晦,1
1944,惦,1560,峪,1
1945,惧,1849,怏,1
1945,惧,1958,惺,1
1945,惧,6764,飓,1
1946,惨,1844,怅,1
1946,惨,2699,梏,1
1947,惩,1848,怎,1
1948,惫,1838,忿,1
1948,惫,1893,息,1
1950,惭,2770,概,1
1951,惮,776,咩,1
1951,惮,1826,忤,1
1951,惮,1907,悌,1
1951,惮,1930,悼,1
1951,惮,1933,惇,1
1951,惮,3427,焯,1
1952,惯,450,刂,1
1953,惰,1967,愔,1
1953,惰,2736,椅,1
1953,惰,4753,肾,1
1954,想,1062,坦,1
1954,想,1896,恶,1
1954,想,2291,摁,1
1954,想,2399,斯,1
1954,想,2593,枢,1
1954,想,3934,相,1
1954,想,5843,趄,1
1954,想,5844,超,1
1956,惶,1965,愎,1
1956,惶,2464,晃,1
1956,惶,2678,桓,1
1956,惶,4242,窒,1
1957,惹,1921,悫,1
1957,惹,5481,袁,1
1958,惺,1914,悝,1
1958,惺,1923,悭,1
1958,惺,2000,憬,1
1958,惺,2254,握,1
1959,愀,1950,惭,1
1960,愁,1234,奘,1
1960,愁,1877,恐,1
1960,愁,1954,想,1
1960,愁,3458,熬,1
1960,愁,4191,秩,1
1960,愁,5824,赞,1
1963,愉,2242,掾,1
1966,意,106,亳,1
1966,意,606,危,1
1966,意,1881,恚,1
1966,意,1893,息,1
1966,意,4265,竟,1
1967,愔,1940,惜,1
1967,愔,1993,憎,1
1967,愔,2009,懔,1
1968,愕,2604,枵,1
1969,愚,1886,恧,1
1969,愚,3111,浥,1
1970,感,623,厕,1
1970,感,3925,盛,1
1971,愠,3266,满,1
1971,愠,4843,腽,1
1972,愣,1955,惴,1
1973,愤,319,偾,1
1973,愤,1976,愫,1
1973,愤,2011,懵,1
1974,愦,2757,楞,1
1975,愧,36,临,1
1975,愧,1842,怃,1
1975,愧,1864,怩,1
1975,愧,1919,悦,1
1976,愫,1928,悸,1
1977,愿,2864,歪,1
1978,慈,384,兹,1
1978,慈,1880,恙,1
1978,慈,4459,纥,1
1978,慈,5842,趁,1
1980,慌,2682,桡,1
1980,慌,5698,谎,1
1981,慎,1919,悦,1
1981,慎,5695,谋,1
1982,慑,2213,掇,1
1982,慑,2292,摄,1
1983,慕,1892,恭,1
1983,慕,5153,萦,1
1983,慕,5206,蓊,1
1984,慝,1895,恳,1
1984,慝,6775,餍,1
1985,慢,1144,堤,1
1985,慢,1831,忮,1
1985,慢,1965,愎,1
1985,慢,2000,憬,1
1986,慥,3392,烂,1
1987,慧,580,卉,1
1987,慧,1595,嵬,1
1987,慧,1926,悲,1
1987,慧,3458,熬,1
1987,慧,5523,裴,1
1989,慰,1465,尉,1
1990,慵,3830,痛,1
1991,慷,1990,慵,1
1991,慷,3469,燥,1
1991,慷,4865,臁,1
1992,憋,1850,怒,1
1992,憋,1998,憨,1
1993,憎,1953,惰,1
1993,憎,1967,愔,1
1993,憎,2011,懵,1
1993,憎,5826,赠,1
1994,憔,1091,垣,1
1994,憔,2814,樵,1
1997,憧,1665,幢,1
1997,憧,2003,懂,1
1997,憧,2505,曈,1
1997,憧,3881,癔,1
1998,憨,1863,怨,1
1998,憨,1996,憝,1
1998,憨,1999,憩,1
1998,憨,3448,熊,1
1998,憨,3458,熬,1
1999,憩,6932,魏,1
2000,憬,1902,恽,1
2002,憾,1554,峣,1
2003,懂,342,僮,1
2003,懂,1958,惺,1
2003,懂,1980,慌,1
2003,懂,1997,憧,1
2004,懈,1959,愀,1
2004,懈,1963,愉,1
2004,懈,3018,泄,1
2005,懊,1640,帙,1
2005,懊,3468,燠,1
2008,懒,939,嗽,1
2008,懒,1647,帧,1
2010,懦,1937,惕,1
2010,懦,4871,臑,1
2013,戆,7082,鹜,1
2014,戈,577,卅,1
2014,戈,1736,式,1
2014,戈,1810,必,1
2014,戈,2540,术,1
2015,戊,2017,戌,1
2015,戊,2918,氏,1
2015,戊,4965,芯,1
2017,戌,2015,戊,1
2017,戌,2016,戋,1
2017,戌,5012,茂,1
2018,戍,161,伐,1
2018,戍,785,咸,1
2019,戎,2020,戏,1
2020,戏,3014,沽,1
2020,戏,6125,邓,1
2021,成,142,仪,1
2021,成,785,咸,1
2021,成,1769,彧,1
2021,成,2017,戌,1
2021,成,2019,戎,1
2021,成,2023,戒,1
2022,我,2019,戎,1
2022,我,2027,战,1
2022,我,2078,找,1
2022,我,3616,玟,1
2022,我,4180,秋,1
2023,戒,380,兵,1
2023,戒,2021,成,1
2023,戒,3652,球,1
2025,或,1769,彧,1
2025,或,4483,线,1
2026,戗,465,创,1
2027,战,2021,成,1
2027,战,4483,线,1
2027,战,6790,饯,1
2028,戚,2021,成,1
2028,戚,2389,斜,1
2032,戢,2021,成,1
2035,截,1118,域,1
2035,截,1804,徵,1
2035,截,5176,葳,1
2035,截,5502,裁,1
2037,戮,2034,戥,1
2037,戮,2036,戬,1
2037,戮,6180,鄂,1
2038,戳,2033,戤,1
2039,戴,796,哉,1
2040,户,448,刀,1
2040,户,1197,夕,1
2040,户,1676,广,1
2043,房,4747,育,1
2043,房,5632,诊,1
2044,所,710,听,1
2044,所,1040,圻,1
2044,所,2397,斫,1
2044,所,2446,昕,1
2044,所,2978,沂,1
2044,所,6286,钓,1
2045,扁,3444,煸,1
2045,扁,4551,缅,1
2045,扁,5776,贬,1
2046,扃,4740,肩,1
2048,扇,2045,扁,1
2048,扇,4740,肩,1
2051,扊,3921,盔,1
2052,手,41,主,1
2052,手,581,半,1
2052,手,1198,外,1
2052,手,1371,孑,1
2052,手,1668,平,1
2052,手,2053,扌,1
2053,扌,449,刁,1
2054,才,2540,术,1
2055,扎,559,北,1
2055,扎,2061,扛,1
2055,扎,2084,把,1
2056,扑,1054,坛,1
2056,扑,2057,扒,1
2056,扑,2065,扩,1
2057,扒,662,只,1
2057,扒,2059,扔,1
2057,扒,2544,机,1
2058,打,453,切,1
2058,打,2061,扛,1
2058,打,2065,扩,1
2058,打,2106,抹,1
2059,扔,1242,奶,1
2059,扔,2062,扣,1
2059,扔,2068,扬,1
2059,扔,2132,招,1
2059,扔,2555,材,1
2060,托,559,北,1
2060,托,2055,扎,1
2060,托,2066,扪,1
2060,托,2093,抚,1
2061,扛,2055,扎,1
2061,扛,2583,枉,1
2061,扛,4431,糠,1
2062,扣,2059,扔,1
2062,扣,2066,扪,1
2062,扣,4642,羽,1
2063,扦,2060,托,1
2063,扦,2172,挣,1
2064,执,1250,妆,1
2065,扩,2565,杧,1
2067,扫,2062,扣,1
2067,扫,2084,把,1
2068,扬,1039,场,1
2068,扬,2070,扮,1
2068,扬,2129,拘,1
2068,扬,2581,构,1
2068,扬,2965,汤,1
2068,扬,3505,物,1
2069,扭,2166,挝,1
2069,扭,2185,捃,1
2069,扭,2576,杻,1
2069,扭,4481,纽,1
2070,扮,2057,扒,1
2070,扮,2099,护,1
2070,扮,2154,拾,1
2070,扮,3721,瓣,1
2071,扯,559,北,1
2071,扯,1042,址,1
2071,扯,2084,把,1
2071,扯,2130,拙,1
2071,扯,2139,拦,1
2072,扰,1077,垅,1
2072,扰,1827,忧,1
2072,扰,2093,抚,1
2072,扰,2162,挑,1
2072,扰,2586,枕,1
2072,扰,3532,犹,1
2073,扳,653,叛,1
2073,扳,1043,坂,1
2073,扳,5617,讹,1
2074,扶,2093,抚,1
2074,扶,2587,林,1
2074,扶,3501,牡,1
2075,批,2076,扺,1
2075,批,2094,抛,1
2075,批,2116,拇,1
2075,批,2134,拟,1
2076,扺,1072,坻,1
2078,找,2153,拽,1
2078,找,2158,指,1
2079,承,61,乘,1
2079,承,410,冰,1
2079,承,1490,尿,1
2079,承,4008,矛,1
2079,承,4731,肛,1
2079,承,6822,馒,1
2080,技,2089,投,1
2082,抄,2140,拧,1
2082,抄,2551,杉,1
2083,抉,1829,快,1
2083,抉,2064,执,1
2083,抉,2073,扳,1
2083,抉,2093,抚,1
2083,抉,2166,挝,1
2083,抉,2168,挟,1
2084,把,1036,地,1
2084,把,2069,扭,1
2084,把,2104,抱,1
2084,把,2424,旭,1
2084,把,2560,杞,1
2085,抑,1096,垫,1
2085,抑,2092,折,1
2085,抑,2632,柳,1
2085,抑,6144,邶,1
2086,抒,2058,打,1
2086,抒,2059,扔,1
2086,抒,2099,护,1
2086,抒,3931,盱,1
2087,抓,1073,坼,1
2087,抓,2076,扺,1
2087,抓,2105,抵,1
2087,抓,2629,柯,1
2088,抔,1068,坯,1
2088,抔,2115,拆,1
2088,抔,2570,杯,1
2089,投,1778,役,1
2089,投,2126,拔,1
2089,投,2188,捉,1
2089,投,2197,损,1
2089,投,2603,枳,1
2089,投,2653,校,1
2089,投,3504,牧,1
2090,抖,1608,州,1
2090,抖,2120,拌,1
2091,抗,1051,坑,1
2091,抗,2060,托,1
2091,抗,2061,扛,1
2091,抗,2081,抃,1
2091,抗,2093,抚,1
2091,抗,2113,拄,1
2091,抗,2143,括,1
2091,抗,2163,挖,1
2091,抗,2173,挤,1
2091,抗,2578,松,1
2091,抗,6674,靰,1
2092,折,2060,托,1
2092,折,2140,拧,1
2092,折,2171,挢,1
2094,抛,2127,拖,1
2096,抠,2593,枢,1
2097,抡,2103,抬,1
2097,抡,2104,抱,1
2097,抡,2154,拾,1
2097,抡,2183,挽,1
2098,抢,1383,孢,1
2098,抢,2181,挹,1
2098,抢,2210,捻,1
2098,抢,2598,枪,1
2099,护,2065,扩,1
2099,护,2101,抨,1
2099,护,2643,栌,1
2099,护,6839,驴,1
2100,报,1115,埙,1
2100,报,2104,抱,1
2100,报,2110,抿,1
2100,报,2197,损,1
2100,报,2526,服,1
2100,报,2660,根,1
2100,报,4929,艰,1
2101,抨,1065,坪,1
2101,抨,1364,嬖,1
2101,抨,2142,择,1
2101,抨,2174,挥,1
2101,抨,2203,捭,1
2101,抨,2602,枰,1
2102,披,1636,帔,1
2102,披,2107,抻,1
2102,披,2748,椴,1
2103,抬,2117,拈,1
2103,抬,2154,拾,1
2104,抱,2084,把,1
2104,抱,2096,抠,1
2104,抱,2097,抡,1
2104,抱,3803,疮,1
2105,抵,1072,坻,1
2105,抵,2152,拼,1
2106,抹,2130,拙,1
2106,抹,2587,林,1
2106,抹,2655,株,1
2107,抻,2108,押,1
2108,押,2140,拧,1
2108,押,2174,挥,1
2108,押,2577,杼,1
2109,抽,2062,扣,1
2109,抽,2116,拇,1
2109,抽,2187,捆,1
2109,抽,2195,捕,1
2109,抽,3511,牺,1
2110,抿,1268,妮,1
2110,抿,2091,抗,1
2110,抿,2100,报,1
2110,抿,5994,辊,1
2111,拂,2107,抻,1
2111,拂,2131,拚,1
2111,拂,2208,捷,1
2111,拂,2323,撮,1
2111,拂,3010,沸,1
2113,拄,1075,垃,1
2113,拄,2118,拉,1
2113,拄,2149,拴,1
2113,拄,2157,挂,1
2113,拄,2229,推,1
2113,拄,2675,桎,1
2114,担,2603,枳,1
2114,担,6046,迥,1
2115,拆,1073,坼,1
2115,拆,2062,扣,1
2115,拆,2121,拍,1
2115,拆,2136,拣,1
2115,拆,2140,拧,1
2117,拈,237,侦,1
2117,拈,1066,坫,1
2117,拈,2192,捎,1
2117,拈,2584,枋,1
2117,拈,2603,枳,1
2117,拈,3507,牯,1
2118,拉,2122,拎,1
2119,拊,2066,扪,1
2120,拌,581,半,1
2120,拌,2107,抻,1
2120,拌,6056,迷,1
2121,拍,1081,垍,1
2121,拍,1269,妯,1
2121,拍,2062,扣,1
2121,拍,2119,拊,1
2121,拍,2186,捅,1
2122,拎,182,伶,1
2122,拎,1856,怜,1
2122,拎,2070,扮,1
2122,拎,2154,拾,1
2122,拎,2198,捡,1
2122,拎,2589,枚,1
2122,拎,3516,犄,1
2122,拎,4685,耠,1
2123,拐,2190,捌,1
2123,拐,2258,揭,1
2123,拐,2603,枳,1
2124,拒,1614,巨,1
2124,拒,2096,抠,1
2124,拒,2118,拉,1
2124,拒,2139,拦,1
2125,拓,2073,扳,1
2125,拓,2132,招,1
2125,拓,2212,掂,1
2126,拔,2102,披,1
2127,拖,2181,挹,1
2127,拖,2792,槌,1
2128,拗,2085,抑,1
2129,拘,1044,均,1
2129,拘,2068,扬,1
2130,拙,443,出,1
2130,拙,1036,地,1
2130,拙,2095,抟,1
2130,拙,2134,拟,1
2130,拙,2178,挫,1
2132,招,2059,扔,1
2132,招,2121,拍,1
2132,招,2185,捃,1
2133,拜,57,乒,1
2134,拟,2075,批,1
2134,拟,2592,枞,1
2134,拟,2629,柯,1
2135,拢,1108,城,1
2135,拢,2087,抓,1
2135,拢,2093,抚,1
2135,拢,2641,栊,1
2135,拢,3504,牧,1
2136,拣,2106,抹,1
2136,拣,2118,拉,1
2136,拣,2156,持,1
2136,拣,2209,捺,1
2136,拣,2325,撵,1
2136,拣,2642,栋,1
2137,拤,2074,扶,1
2138,拥,1080,垌,1
2138,拥,2273,搏,1
2140,拧,2070,扮,1
2140,拧,2224,掠,1
2140,拧,2720,棕,1
2140,拧,3498,牛,1
2140,拧,3550,狩,1
2142,择,2273,搏,1
2142,择,2299,摔,1
2143,括,1090,垢,1
2143,括,2063,扦,1
2143,括,2081,抃,1
2143,括,2103,抬,1
2143,括,2224,掠,1
2143,括,2250,插,1
2143,括,2565,杧,1
2143,括,2601,枯,1
2143,括,4711,聒,1
2144,拭,2090,抖,1
2145,拮,2095,抟,1
2146,拯,2071,扯,1
2146,拯,2114,担,1
2146,拯,2130,拙,1
2146,拯,2678,桓,1
2147,拱,232,供,1
2147,拱,2157,挂,1
2147,拱,2231,措,1
2147,拱,2305,摸,1
2148,拳,1225,奉,1
2148,拳,1458,寺,1
2148,拳,1461,寿,1
2148,拳,2673,桊,1
2148,拳,4189,秦,1
2149,拴,2135,拢,1
2149,拴,2139,拦,1
2149,拴,2146,拯,1
2149,拴,2198,捡,1
2149,拴,2653,校,1
2151,拷,2086,抒,1
2151,拷,2136,拣,1
2151,拷,2171,挢,1
2151,拷,2240,掺,1
2151,拷,2656,栲,1
2151,拷,4669,考,1
2152,拼,2278,搛,1
2153,拽,2109,抽,1
2154,拾,2070,扮,1
2154,拾,2103,抬,1
2154,拾,2140,拧,1
2154,拾,2158,指,1
2154,拾,2216,掊,1
2154,拾,2252,揞,1
2155,拿,77,争,1
2155,拿,198,佘,1
2156,持,2157,挂,1
2156,持,2175,挦,1
2156,持,2189,捋,1
2156,持,2602,枰,1
2157,挂,2106,抹,1
2157,挂,2139,拦,1
2157,挂,2666,桂,1
2158,指,1380,孜,1
2158,指,2121,拍,1
2158,指,2197,损,1
2158,指,2220,掐,1
2158,指,2231,措,1
2158,指,3216,湝,1
2160,按,2131,拚,1
2160,按,2227,接,1
2160,按,2269,搂,1
2161,挎,1098,垮,1
2161,挎,1216,夸,1
2162,挑,2221,排,1
2162,挑,3846,瘀,1
2163,挖,5661,诧,1
2164,挚,1085,垛,1
2165,挛,99,亨,1
2165,挛,585,卒,1
2165,挛,1302,娈,1
2165,挛,4232,穿,1
2166,挝,2069,扭,1
2166,挝,2094,抛,1
2166,挝,2134,拟,1
2166,挝,2167,挞,1
2166,挝,2749,椹,1
2167,挞,2182,挺,1
2167,挞,2558,杖,1
2167,挞,6024,达,1
2168,挟,2288,携,1
2168,挟,2611,柈,1
2168,挟,3536,狄,1
2169,挠,2072,扰,1
2169,挠,2157,挂,1
2169,挠,4801,脑,1
2170,挡,2157,挂,1
2170,挡,2248,描,1
2170,挡,2685,桤,1
2171,挢,2686,桥,1
2172,挣,2164,挚,1
2172,挣,3555,狰,1
2172,挣,3664,琤,1
2173,挤,2171,挢,1
2173,挤,2686,桥,1
2173,挤,6643,霁,1
2174,挥,2189,捋,1
2174,挥,2299,摔,1
2174,挥,2342,擦,1
2174,挥,2658,样,1
2175,挦,2189,捋,1
2176,挨,2131,拚,1
2176,挨,2147,拱,1
2176,挨,2168,挟,1
2176,挨,2706,梭,1
2177,挪,2085,抑,1
2177,挪,2285,搬,1
2178,挫,2157,挂,1
2178,挫,2188,捉,1
2178,挫,6413,错,1
2179,振,1054,坛,1
2179,振,2176,挨,1
2179,振,2578,松,1
2180,挲,424,凉,1
2180,挲,1305,娑,1
2181,挹,1909,悒,1
2181,挹,2127,拖,1
2181,挹,2251,揖,1
2182,挺,3651,珽,1
2183,挽,1048,坎,1
2183,挽,2091,抗,1
2183,挽,2267,搀,1
2183,挽,2284,搪,1
2183,挽,2794,槐,1
2184,捂,2095,抟,1
2184,捂,2139,拦,1
2184,捂,2145,拮,1
2184,捂,2216,掊,1
2184,捂,2231,措,1
2184,捂,2286,搭,1
2184,捂,3512,牾,1
2184,捂,5088,莒,1
2185,捃,2184,捂,1
2185,捃,2204,据,1
2186,捅,2138,拥,1
2186,捅,2251,揖,1
2186,捅,3125,涌,1
2187,捆,2069,扭,1
2187,捆,2262,揶,1
2188,捉,2197,损,1
2188,捉,2208,捷,1
2188,捉,2249,提,1
2188,捉,3424,焚,1
2188,捉,4721,肄,1
2189,捋,1110,埒,1
2189,捋,2172,挣,1
2190,捌,2205,捯,1
2190,捌,5193,蒯,1
2191,捍,1908,悍,1
2191,捍,2174,挥,1
2191,捍,2215,掉,1
2192,捎,2111,拂,1
2192,捎,2158,指,1
2192,捎,2234,掮,1
2192,捎,2248,描,1
2193,捏,2078,找,1
2193,捏,2191,捍,1
2193,捏,2249,提,1
2193,捏,2265,揾,1
2193,捏,6390,锂,1
2194,捐,2192,捎,1
2194,捐,2254,握,1
2194,捐,2694,桷,1
2195,捕,2158,指,1
2196,捞,2085,抑,1
2196,捞,2111,拂,1
2196,捞,2286,搭,1
2196,捞,4686,耢,1
2197,损,2270,搅,1
2197,损,6714,顶,1
2197,损,6723,顿,1
2198,捡,1075,垃,1
2198,捡,2659,核,1
2198,捡,4331,简,1
2198,捡,5842,趁,1
2199,换,2099,护,1
2199,换,2188,捉,1
2199,换,2197,损,1
2200,捣,2158,指,1
2200,捣,2697,梅,1
2200,捣,6306,钨,1
2201,捧,2299,摔,1
2201,捧,3669,琫,1
2202,捩,2199,换,1
2202,捩,2293,摅,1
2203,捭,2239,掸,1
2204,据,2105,抵,1
2204,据,2110,抿,1
2204,据,2143,括,1
2204,据,2212,掂,1
2207,捶,2116,拇,1
2207,捶,2157,挂,1
2207,捶,2203,捭,1
2207,捶,2250,插,1
2207,捶,2324,撰,1
2208,捷,1323,婕,1
2208,捷,2754,楗,1
2209,捺,2218,掎,1
2209,捺,2224,掠,1
2209,捺,2225,探,1
2209,捺,2289,搽,1
2209,捺,2320,撩,1
2209,捺,5082,荼,1
2210,捻,2098,抢,1
2210,捻,2154,拾,1
2210,捻,2336,擒,1
2211,掀,2085,抑,1
2211,掀,2119,拊,1
2212,掂,1944,惦,1
2212,掂,2105,抵,1
2212,掂,2151,拷,1
2213,掇,2256,揩,1
2213,掇,5997,辍,1
2214,授,2089,投,1
2214,授,2261,援,1
2214,授,2653,校,1
2214,授,2706,梭,1
2215,掉,1930,悼,1
2215,掉,2073,扳,1
2215,掉,2239,掸,1
2215,掉,2299,摔,1
2215,掉,2700,梓,1
2217,掌,103,亭,1
2217,掌,1402,宇,1
2217,掌,2471,晕,1
2217,掌,2723,棠,1
2217,掌,5067,荤,1
2218,掎,2161,挎,1
2219,掏,2232,掬,1
2219,掏,3407,烫,1
2220,掐,2158,指,1
2220,掐,2250,插,1
2220,掐,2680,桕,1
2221,排,2698,梆,1
2222,掖,1043,坂,1
2222,掖,2105,抵,1
2223,掘,2110,抿,1
2223,掘,2254,握,1
2223,掘,2296,摈,1
2224,掠,424,凉,1
2224,掠,2233,掭,1
2224,掠,2638,标,1
2224,掠,2706,梭,1
2225,探,1172,墚,1
2225,探,2176,挨,1
2225,探,2333,操,1
2225,探,2644,栎,1
2225,探,2730,棵,1
2227,接,2160,按,1
2227,接,2214,授,1
2227,接,2252,揞,1
2227,接,3548,狡,1
2228,控,1136,堍,1
2228,控,2299,摔,1
2228,控,2760,楦,1
2228,控,3512,牾,1
2229,推,2739,椎,1
2230,掩,2183,挽,1
2231,措,2151,拷,1
2231,措,2158,指,1
2231,措,2178,挫,1
2231,措,2194,捐,1
2231,措,2216,掊,1
2231,措,2248,描,1
2231,措,3570,猎,1
2232,掬,2187,捆,1
2232,掬,2647,栒,1
2234,掮,2194,捐,1
2234,掮,2220,掐,1
2235,掰,3648,班,1
2238,掷,2232,掬,1
2239,掸,1087,垟,1
2239,掸,2273,搏,1
2239,掸,2317,撙,1
2240,掺,640,参,1
2240,掺,2151,拷,1
2240,掺,2551,杉,1
2240,掺,3189,渗,1
2243,揄,2267,搀,1
2245,揉,1128,埽,1
2245,揉,2333,操,1
2246,揍,4186,租,1
2247,揎,2229,推,1
2247,揎,2332,擅,1
2248,描,2192,捎,1
2248,描,2250,插,1
2249,提,2261,援,1
2249,提,2265,揾,1
2249,提,2291,摁,1
2249,提,2335,擐,1
2250,插,1901,恼,1
2250,插,2220,掐,1
2250,插,2243,揄,1
2251,揖,2218,掎,1
2251,揖,6001,辑,1
2254,握,422,准,1
2254,握,2202,捩,1
2254,握,2204,据,1
2254,握,2223,掘,1
2254,握,2246,揍,1
2255,揣,2186,捅,1
2255,揣,2201,捧,1
2256,揩,2231,措,1
2256,揩,2248,描,1
2256,揩,2302,摧,1
2256,揩,3507,牯,1
2257,揪,5371,蜒,1
2258,揭,2123,拐,1
2258,揭,2170,挡,1
2259,揲,1141,堞,1
2265,揾,2767,楹,1
2265,揾,3575,猛,1
2266,揿,2211,掀,1
2267,搀,2183,挽,1
2267,搀,2210,捻,1
2268,搁,2693,桶,1
2269,搂,2157,挂,1
2269,搂,2227,接,1
2269,搂,6653,霖,1
2273,搏,2156,持,1
2273,搏,2187,捆,1
2274,搐,2331,擂,1
2275,搒,2296,摈,1
2275,搒,2336,擒,1
2276,搓,2091,抗,1
2276,搓,2139,拦,1
2276,搓,2231,措,1
2279,搜,2102,披,1
2279,搜,2327,撸,1
2280,搞,2252,揞,1
2280,搞,2300,摘,1
2280,搞,2327,撸,1
2282,搡,2245,揉,1
2283,搦,3246,溺,1
2284,搪,833,唐,1
2284,搪,2125,拓,1
2284,搪,2288,携,1
2284,搪,2304,摭,1
2285,搬,2073,扳,1
2286,搭,1108,城,1
2286,搭,2151,拷,1
2286,搭,2228,控,1
2286,搭,2289,搽,1
2286,搭,6024,达,1
2288,携,2200,捣,1
2288,携,2340,擢,1
2288,携,6135,邪,1
2289,搽,2106,抹,1
2289,搽,2136,拣,1
2289,搽,2176,挨,1
2289,搽,2225,探,1
2291,摁,2265,揾,1
2292,摄,3265,滠,1
2293,摅,5833,赪,1
2294,摆,2151,拷,1
2294,摆,2193,捏,1
2294,摆,2335,擐,1
2294,摆,2668,桄,1
2295,摇,2227,接,1
2295,摇,2293,摅,1
2295,摇,2320,撩,1
2296,摈,1388,孩,1
2296,摈,2224,掠,1
2296,摈,2228,控,1
2296,摈,2246,揍,1
2296,摈,3518,犋,1
2297,摊,2606,枷,1
2297,摊,2770,概,1
2299,摔,1927,悴,1
2299,摔,2113,拄,1
2299,摔,2172,挣,1
2299,摔,2191,捍,1
2299,摔,2203,捭,1
2299,摔,2330,擀,1
2299,摔,2470,晔,1
2299,摔,2700,梓,1
2299,摔,3596,獐,1
2299,摔,4083,碎,1
2300,摘,1356,嫡,1
2300,摘,2248,描,1
2301,摞,2289,搽,1
2302,摧,2229,推,1
2302,摧,2783,榨,1
2303,摩,1697,庤,1
2303,摩,1705,康,1
2303,摩,2299,摔,1
2303,摩,2338,擘,1
2303,摩,4113,磨,1
2305,摸,1388,孩,1
2305,摸,2199,换,1
2305,摸,2248,描,1
2305,摸,2743,椟,1
2306,摹,1656,幂,1
2306,摹,4451,纂,1
2306,摹,5217,蓦,1
2309,撂,2347,攥,1
2310,撄,2324,撰,1
2311,撅,3598,獗,1
2311,撅,6483,镢,1
2312,撇,2316,撖,1
2312,撇,2742,椒,1
2313,撑,2113,拄,1
2313,撑,2189,捋,1
2313,撑,2217,掌,1
2313,撑,2239,掸,1
2313,撑,2775,榉,1
2313,撑,2807,樘,1
2314,撒,2372,散,1
2315,撕,1772,彬,1
2318,撞,2176,挨,1
2318,撞,2227,接,1
2318,撞,2228,控,1
2318,撞,2276,搓,1
2318,撞,2807,樘,1
2318,撞,2808,樟,1
2319,撤,2073,扳,1
2319,撤,2283,搦,1
2319,撤,2311,撅,1
2319,撤,2312,撇,1
2319,撤,6009,辙,1
2320,撩,2218,掎,1
2321,撬,2818,橇,1
2322,播,2111,拂,1
2322,播,2250,插,1
2322,播,2274,搐,1
2323,撮,2241,掼,1
2323,撮,2251,揖,1
2323,撮,2276,搓,1
2324,撰,2335,擐,1
2325,撵,2201,捧,1
2325,撵,3302,潜,1
2325,撵,3339,濮,1
2328,撺,2299,摔,1
2329,撼,2291,摁,1
2331,擂,2833,檑,1
2331,擂,4442,累,1
2331,擂,4725,肋,1
2332,擅,2139,拦,1
2332,擅,2247,揎,1
2332,擅,2318,撞,1
2332,擅,2344,攉,1
2332,擅,3781,疆,1
2333,操,1809,忄,1
2333,操,2239,掸,1
2333,操,2259,揲,1
2334,擎,2159,挈,1
2334,擎,6265,錾,1
2336,擒,2210,捻,1
2337,擗,2479,晦,1
2338,擘,1364,嬖,1
2338,擘,2155,拿,1
2339,擞,2134,拟,1
2339,擞,2250,插,1
2340,擢,2344,攉,1
2342,擦,2228,控,1
2342,擦,2347,攥,1
2343,攀,2805,樊,1
2344,攉,2331,擂,1
2344,攉,3340,濯,1
2345,攒,2241,掼,1
2345,攒,2348,攫,1
2345,攒,3774,畯,1
2346,攘,2227,接,1
2346,攘,2261,援,1
2346,攘,2349,攮,1
2346,攘,2786,榱,1
2348,攫,2279,搜,1
2350,支,1721,廴,1
2350,支,5836,走,1
2351,攴,4936,艾,1
2352,攵,2973,汶,1
2352,攵,3481,父,1
2353,收,676,叹,1
2353,收,1250,妆,1
2353,收,1538,岭,1
2353,收,3092,浉,1
2353,收,3353,火,1
2353,收,3504,牧,1
2354,攸,3893,的,1
2355,改,1380,孜,1
2355,改,2954,汐,1
2355,改,2962,江,1
2355,改,3612,玖,1
2355,改,4021,矸,1
2355,改,4879,致,1
2356,攻,1058,坟,1
2356,攻,1380,孜,1
2356,攻,2355,改,1
2356,攻,3616,玟,1
2356,攻,6717,项,1
2357,放,1745,弥,1
2357,放,2367,教,1
2357,放,3612,玖,1
2357,放,7031,鸡,1
2358,政,2353,收,1
2358,政,2362,敌,1
2358,政,2373,敦,1
2358,政,3612,玖,1
2358,政,3616,玟,1
2358,政,3623,玫,1
2358,政,4879,致,1
2359,故,1056,坝,1
2359,故,2356,攻,1
2359,故,2376,数,1
2359,故,2589,枚,1
2360,效,1257,妖,1
2360,效,2888,段,1
2360,效,6170,郧,1
2361,敉,653,叛,1
2362,敌,72,乱,1
2362,敌,648,叔,1
2362,敌,2355,改,1
2362,敌,2357,放,1
2362,敌,2359,故,1
2362,敌,3612,玖,1
2362,敌,6163,郚,1
2362,敌,7053,鸹,1
2363,敏,2362,敌,1
2363,敏,6788,饭,1
2364,救,444,击,1
2364,救,2073,扳,1
2364,救,2081,抃,1
2364,救,2134,拟,1
2364,救,2160,按,1
2364,救,2314,撒,1
2364,救,2362,敌,1
2364,救,2367,教,1
2364,救,2580,极,1
2364,救,4395,籽,1
2364,救,5831,赦,1
2365,敕,649,取,1
2365,敕,2364,救,1
2367,教,2373,敦,1
2367,教,2851,款,1
2367,教,3441,煮,1
2367,教,5831,赦,1
2368,敛,3298,潋,1
2368,敛,4023,矽,1
2368,敛,5233,蔹,1
2368,敛,6372,铰,1
2369,敝,2361,敉,1
2369,敝,2632,柳,1
2369,敝,7140,黻,1
2370,敞,2372,散,1
2370,敞,2375,敬,1
2371,敢,2367,教,1
2372,散,653,叛,1
2372,散,2367,教,1
2372,散,2376,数,1
2372,散,6833,驭,1
2373,敦,2400,新,1
2373,敦,6173,郭,1
2373,敦,6372,铰,1
2375,敬,1380,孜,1
2375,敬,5068,荥,1
2375,敬,5233,蔹,1
2375,敬,5237,蔽,1
2375,敬,5831,赦,1
2375,敬,5972,轴,1
2376,数,1241,奴,1
2376,数,2353,收,1
2376,数,2361,敉,1
2376,数,2366,敖,1
2376,数,2367,教,1
2376,数,7148,鼓,1
2377,敲,1644,帝,1
2377,敲,2853,歆,1
2378,整,3965,睃,1
2378,整,4983,苍,1
2378,整,5932,蹩,1
2379,敷,2376,数,1
2379,敷,4595,缴,1
2379,敷,5592,警,1
2379,敷,6071,透,1
2380,文,47,久,1
2380,文,1372,孓,1
2380,文,1721,廴,1
2380,文,4172,离,1
2381,斋,1432,家,1
2381,斋,1632,希,1
2381,斋,1730,弃,1
2382,斌,5528,褂,1
2382,斌,5643,试,1
2382,斌,5648,诚,1
2382,斌,5807,赋,1
2386,斗,32,丬,1
2386,斗,2052,手,1
2386,斗,3498,牛,1
2387,料,2090,抖,1
2387,料,2574,杵,1
2387,料,2611,柈,1
2389,斜,479,刹,1
2389,斜,4756,胁,1
2389,斜,4894,舛,1
2389,斜,6311,钭,1
2391,斟,2399,斯,1
2392,斡,4662,翰,1
2392,斡,5975,轷,1
2392,斡,6196,酌,1
2393,斤,116,仃,1
2393,斤,1776,彳,1
2394,斥,53,乍,1
2394,斥,119,仆,1
2394,斥,656,口,1
2395,斧,59,乔,1
2396,斩,1319,婀,1
2396,斩,1380,孜,1
2396,斩,4135,祈,1
2396,斩,5975,轷,1
2397,斫,4058,砾,1
2398,断,440,凶,1
2398,断,1675,幽,1
2398,断,2446,昕,1
2398,断,5857,趼,1
2399,斯,541,勘,1
2399,斯,2446,昕,1
2400,新,3730,瓿,1
2400,新,5969,轱,1
2401,方,4,万,1
2401,方,83,云,1
2401,方,94,亢,1
2401,方,1821,忘,1
2402,於,4480,纻,1
2403,施,1722,延,1
2403,施,2411,旎,1
2403,施,3008,沲,1
2404,旁,1768,彦,1
2404,旁,3250,滂,1
2404,旁,5130,菪,1
2404,旁,5192,蒡,1
2404,旁,5752,豸,1
2405,旃,1577,崩,1
2405,旃,4918,艄,1
2406,旄,2403,施,1
2406,旄,4108,磋,1
2407,旅,2411,旎,1
2407,旅,2412,族,1
2407,旅,4140,祗,1
2407,旅,4477,纸,1
2409,旋,2403,施,1
2409,旋,2407,旅,1
2409,旋,2981,沅,1
2409,旋,4507,绘,1
2409,旋,6667,靛,1
2410,旌,2406,旄,1
2411,旎,2183,挽,1
2411,旎,4794,脆,1
2412,族,2406,旄,1
2412,族,3131,涘,1
2412,族,4139,祖,1
2412,族,4191,秩,1
2412,族,4267,竣,1
2412,族,5505,裆,1
2414,旖,2790,槁,1
2415,旗,2405,旃,1
2415,旗,3252,滇,1
2415,旗,4096,碰,1
2415,旗,4432,糨,1
2416,无,94,亢,1
2416,无,1206,天,1
2416,无,1476,尢,1
2417,既,3626,现,1
2417,既,5317,蚜,1
2417,既,5617,讹,1
2417,既,6557,阢,1
2418,日,550,匀,1
2418,日,571,区,1
2418,日,2420,旧,1
2418,日,3742,用,1
2418,日,3749,田,1
2418,日,3890,白,1
2418,日,3929,目,1
2419,旦,2512,曰,1
2419,旦,3740,生,1
2419,旦,4453,纟,1
2420,旧,118,仅,1
2420,旧,1001,四,1
2421,旨,396,冒,1
2421,旨,3890,白,1
2421,旨,4996,苟,1
2422,早,579,午,1
2422,早,3751,甲,1
2423,旬,549,勿,1
2423,旬,3755,甸,1
2423,旬,4894,舛,1
2423,旬,5656,询,1
2424,旭,358,兆,1
2424,旭,1270,妲,1
2424,旭,6060,退,1
2425,旮,3891,百,1
2426,旯,2464,晃,1
2427,旰,4733,肝,1
2428,旱,726,呈,1
2428,旱,4606,罕,1
2428,旱,4941,芊,1
2429,旴,3756,町,1
2429,旴,3931,盱,1
2430,时,673,叶,1
2430,时,678,叼,1
2430,时,714,吱,1
2430,时,1457,对,1
2430,时,1819,忖,1
2430,时,6572,附,1
2431,旷,2427,旰,1
2432,旸,3614,玚,1
2432,旸,4735,肠,1
2433,旺,693,吒,1
2433,旺,2431,旷,1
2433,旺,3955,眭,1
2435,昀,861,啕,1
2435,昀,2442,明,1
2436,昂,1641,帚,1
2436,昂,1642,帛,1
2436,昂,2444,易,1
2436,昂,3182,渌,1
2436,昂,6642,需,1
2438,昆,1492,屁,1
2438,昆,4927,艮,1
2439,昉,2461,昽,1
2439,昉,3762,畋,1
2439,昉,4734,肟,1
2439,昉,4736,股,1
2439,昉,4741,肪,1
2440,昊,716,吴,1
2440,昊,2428,旱,1
2440,昊,4877,臭,1
2441,昌,396,冒,1
2441,昌,695,吕,1
2441,昌,2434,旻,1
2441,昌,4759,胄,1
2441,昌,5121,菖,1
2441,昌,6025,迁,1
2441,昌,6886,骨,1
2442,明,678,叼,1
2442,明,701,吟,1
2442,明,719,吹,1
2442,明,2433,旺,1
2444,易,659,另,1
2444,易,2426,旯,1
2444,易,3167,淠,1
2444,易,5779,贯,1
2445,昔,822,哲,1
2445,昔,3932,盲,1
2445,昔,5002,苦,1
2445,昔,5007,苷,1
2445,昔,5957,軎,1
2446,昕,710,听,1
2447,昙,3478,爰,1
2449,星,2467,晏,1
2449,星,3365,炅,1
2449,星,3895,皇,1
2449,星,4878,至,1
2449,星,7107,麈,1
2450,映,784,咴,1
2450,映,834,唑,1
2450,映,4738,肤,1
2450,映,5898,踝,1
2451,春,478,券,1
2451,春,700,吞,1
2451,春,3947,眚,1
2451,春,3959,眷,1
2451,春,5164,著,1
2452,昧,1271,妹,1
2452,昧,2469,晓,1
2452,昧,3979,睹,1
2452,昧,6790,饯,1
2453,昨,2435,昀,1
2453,昨,3946,眙,1
2453,昨,3958,眶,1
2453,昨,5328,蚱,1
2454,昭,697,吗,1
2454,昭,1846,怊,1
2454,昭,4713,聘,1
2455,是,76,予,1
2455,是,2437,昃,1
2455,是,2456,昱,1
2455,是,4611,罡,1
2455,是,5836,走,1
2458,昵,3949,眠,1
2458,昵,3962,眼,1
2461,昽,2469,晓,1
2462,显,154,企,1
2462,显,726,呈,1
2462,显,2449,星,1
2462,显,2456,昱,1
2462,显,2471,晕,1
2462,显,3197,温,1
2463,晁,3074,洮,1
2464,晃,356,兄,1
2464,晃,397,冕,1
2464,晃,3365,炅,1
2464,晃,5132,菱,1
2464,晃,6375,铳,1
2465,晋,722,吾,1
2465,晋,1896,恶,1
2465,晋,2481,普,1
2465,晋,4747,育,1
2465,晋,5121,菖,1
2466,晌,1873,恂,1
2466,晌,2527,朐,1
2466,晌,3381,炯,1
2466,晌,5777,购,1
2468,晒,798,响,1
2468,晒,2998,沥,1
2468,晒,3974,睥,1
2468,晒,6201,酒,1
2469,晓,4784,胱,1
2471,晕,586,卓,1
2471,晕,4653,翚,1
2471,晕,5067,荤,1
2471,晕,6711,韵,1
2472,晖,3960,眸,1
2472,晖,6137,邮,1
2473,晗,866,啥,1
2474,晚,771,咣,1
2474,晚,2183,挽,1
2474,晚,2498,暝,1
2474,晚,4806,脘,1
2475,晞,1853,怖,1
2477,晡,4811,脯,1
2478,晤,2454,昭,1
2478,晤,2472,晖,1
2478,晤,2497,暗,1
2478,晤,2812,樯,1
2478,晤,3953,眩,1
2479,晦,812,哞,1
2479,晦,851,唼,1
2479,晦,1910,悔,1
2479,晦,5332,蚺,1
2479,晦,5795,贿,1
2479,晦,6222,酶,1
2480,晨,348,儇,1
2480,晨,2437,昃,1
2480,晨,5470,表,1
2481,普,870,啬,1
2481,普,2465,晋,1
2481,普,3963,着,1
2482,景,674,号,1
2482,景,726,呈,1
2482,景,1922,悬,1
2482,景,4442,累,1
2484,晳,2490,暂,1
2484,晳,2833,檑,1
2485,晴,855,啃,1
2485,晴,2477,晡,1
2485,晴,2497,暗,1
2488,智,705,否,1
2489,晾,34,丰,1
2489,晾,3991,瞟,1
2489,晾,4805,脖,1
2489,晾,5815,赔,1
2490,暂,2158,指,1
2490,暂,2744,椠,1
2490,暂,3902,皙,1
2491,暄,902,喧,1
2492,暅,1878,恒,1
2493,暇,3682,瑕,1
2493,暇,4820,腋,1
2494,暌,3967,睐,1
2495,暑,886,善,1
2495,暑,2502,暴,1
2495,暑,4353,箸,1
2495,暑,5164,著,1
2496,暖,936,嗳,1
2496,暖,3683,瑗,1
2496,暖,3774,畯,1
2497,暗,2485,晴,1
2497,暗,2505,曈,1
2497,暗,5815,赔,1
2499,暧,936,嗳,1
2500,暨,1093,垦,1
2501,暮,2573,杳,1
2501,暮,5099,莫,1
2501,暮,5217,蓦,1
2501,暮,6940,鲁,1
2502,暴,1453,寨,1
2502,暴,2464,晃,1
2502,暴,2901,毕,1
2505,曈,953,嘡,1
2505,曈,4001,瞳,1
2506,曙,2498,暝,1
2506,曙,3988,瞎,1
2507,曛,3903,皤,1
2512,曰,656,口,1
2512,曰,2067,扫,1
2512,曰,2522,月,1
2512,曰,6505,闩,1
2513,曲,40,为,1
2513,曲,3750,由,1
2514,曳,2014,戈,1
2515,更,3782,疋,1
2517,曹,5023,茑,1
2517,曹,6113,遭,1
2518,曼,2471,晕,1
2518,曼,3119,浸,1
2519,曾,387,兽,1
2519,曾,967,噌,1
2519,曾,7121,黉,1
2520,替,2751,椿,1
2520,替,2988,沓,1
2520,替,3950,眢,1
2520,替,4866,臂,1
2520,替,5409,蝽,1
2521,最,60,乖,1
2521,最,648,叔,1
2521,最,1194,复,1
2521,最,2371,敢,1
2521,最,2372,散,1
2521,最,6256,量,1
2522,月,667,可,1
2522,月,687,同,1
2522,月,6507,闫,1
2523,有,2607,枸,1
2523,有,4994,苜,1
2524,朊,4726,肌,1
2525,朋,394,册,1
2525,朋,4642,羽,1
2525,朋,4781,胭,1
2525,朋,4825,腓,1
2526,服,718,吸,1
2526,服,4788,胶,1
2527,朐,4771,胞,1
2527,朐,4789,胸,1
2528,朔,2530,朗,1
2528,朔,6563,阴,1
2528,朔,6737,颍,1
2529,朕,4712,联,1
2530,朗,469,刨,1
2530,朗,6343,铎,1
2531,望,2968,汪,1
2532,朝,960,嘲,1
2532,朝,2533,期,1
2532,朝,3308,潮,1
2532,朝,7163,齁,1
2533,期,5195,蒴,1
2534,朦,4852,膘,1
2535,木,2053,扌,1
2535,木,2537,末,1
2535,木,2540,术,1
2535,木,2942,水,1
2536,未,1208,夫,1
2536,未,1490,尿,1
2536,未,2053,扌,1
2536,未,2535,木,1
2536,未,4174,禾,1
2537,末,2564,来,1
2537,末,3004,沫,1
2537,末,4174,禾,1
2537,末,4391,米,1
2538,本,1628,布,1
2538,本,2539,札,1
2539,札,2542,朴,1
2539,札,2559,杜,1
2539,札,2562,杠,1
2540,术,69,书,1
2540,术,4174,禾,1
2540,术,4391,米,1
2541,朱,640,参,1
2541,朱,2536,未,1
2541,朱,4391,米,1
2541,朱,4677,耒,1
2542,朴,4183,秒,1
2543,朵,401,军,1
2543,朵,727,告,1
2543,朵,2541,朱,1
2543,朵,4391,米,1
2544,机,2552,杌,1
2545,朽,2584,枋,1
2545,朽,2604,枵,1
2545,朽,2610,柄,1
2545,朽,2618,柘,1
2545,朽,2735,椁,1
2546,杀,123,介,1
2546,杀,199,余,1
2546,杀,1218,夺,1
2546,杀,1670,并,1
2546,杀,2052,手,1
2546,杀,2536,未,1
2546,杀,2547,杂,1
2547,杂,28,丧,1
2547,杂,2605,架,1
2547,杂,3089,浆,1
2548,权,648,叔,1
2548,权,649,取,1
2548,权,6833,驭,1
2549,杆,2060,托,1
2549,杆,2090,抖,1
2549,杆,2574,杵,1
2549,杆,2585,析,1
2549,杆,2602,枰,1
2549,杆,2687,桦,1
2550,杈,2078,找,1
2550,杈,2548,权,1
2551,杉,1772,彬,1
2551,杉,2086,抒,1
2551,杉,2542,朴,1
2551,杉,2659,核,1
2551,杉,5491,袗,1
2552,杌,2569,杭,1
2553,李,34,丰,1
2553,李,1218,夺,1
2553,李,1223,奇,1
2553,李,2554,杏,1
2554,杏,266,俩,1
2554,杏,478,券,1
2554,杏,685,吉,1
2554,杏,1472,尘,1
2554,杏,2626,查,1
2555,材,2587,林,1
2558,杖,131,仗,1
2558,杖,2074,扶,1
2558,杖,2361,敉,1
2558,杖,2548,权,1
2558,杖,4187,秣,1
2559,杜,2061,扛,1
2559,杜,2558,杖,1
2559,杜,2583,枉,1
2559,杜,4130,社,1
2560,杞,2552,杌,1
2560,杞,2618,柘,1
2560,杞,2685,桤,1
2560,杞,5609,记,1
2561,束,1405,宋,1
2561,束,4950,芙,1
2562,杠,2063,扦,1
2562,杠,2146,拯,1
2562,杠,2544,机,1
2562,杠,2549,杆,1
2562,杠,2559,杜,1
2562,杠,2583,枉,1
2562,杠,2631,柱,1
2563,条,408,冬,1
2563,条,682,各,1
2563,条,1469,尔,1
2563,条,2546,杀,1
2564,来,1215,夷,1
2564,来,4391,米,1
2564,来,5101,莱,1
2564,来,6250,采,1
2565,杧,2559,杜,1
2565,杧,2560,杞,1
2565,杧,2569,杭,1
2565,杧,2621,柜,1
2565,杧,2631,柱,1
2565,杧,2659,核,1
2566,杨,2557,杓,1
2566,杨,2607,枸,1
2566,杨,5526,裼,1
2566,杨,6703,韧,1
2567,杩,2577,杼,1
2567,杩,2629,柯,1
2568,杪,2082,抄,1
2568,杪,2130,拙,1
2569,杭,1051,坑,1
2569,杭,2103,抬,1
2569,杭,2578,松,1
2569,杭,2584,枋,1
2569,杭,2623,柞,1
2569,杭,2657,栳,1
2569,杭,2690,桩,1
2570,杯,1049,坏,1
2570,杯,2542,朴,1
2570,杯,2552,杌,1
2570,杯,2587,林,1
2570,杯,2618,柘,1
2570,杯,2644,栎,1
2570,杯,2712,梾,1
2571,杰,444,击,1
2571,杰,685,吉,1
2571,杰,1557,峦,1
2571,杰,1824,忠,1
2571,杰,2554,杏,1
2571,杰,3026,法,1
2571,杰,5512,裘,1
2572,杲,725,呆,1
2572,杲,2613,某,1
2573,杳,2554,杏,1
2573,杳,3913,盉,1
2574,杵,2549,杆,1
2574,杵,2602,枰,1
2574,杵,2622,柝,1
2575,杷,3477,爬,1
2576,杻,2067,扫,1
2576,杻,2672,桉,1
2577,杼,2640,栉,1
2577,杼,2644,栎,1
2578,松,1075,垃,1
2578,松,1828,忪,1
2578,松,2551,杉,1
2578,松,2574,杵,1
2578,松,2598,枪,1
2578,松,2599,枫,1
2579,板,2580,极,1
2579,板,2585,析,1
2579,板,2625,柢,1
2580,极,583,协,1
2580,极,2579,板,1
2580,极,2599,枫,1
2580,极,2638,标,1
2580,极,2653,校,1
2580,极,2701,梗,1
2580,极,2761,楫,1
2581,构,2555,材,1
2581,构,2576,杻,1
2581,构,2578,松,1
2581,构,2579,板,1
2581,构,2661,格,1
2582,枇,2552,杌,1
2583,枉,2065,扩,1
2583,枉,2562,杠,1
2583,枉,2666,桂,1
2583,枉,5840,赶,1
2584,枋,2551,杉,1
2584,枋,2555,材,1
2585,析,1835,忻,1
2585,析,2545,朽,1
2585,析,2577,杼,1
2585,析,2579,板,1
2585,析,2622,柝,1
2585,析,2632,柳,1
2587,林,2056,扑,1
2587,林,2090,抖,1
2587,林,2558,杖,1
2587,林,2570,杯,1
2587,林,4985,苏,1
2589,枚,1380,孜,1
2589,枚,2073,扳,1
2589,枚,2359,故,1
2589,枚,2361,敉,1
2589,枚,2364,救,1
2589,枚,2557,杓,1
2589,枚,2575,杷,1
2589,枚,2579,板,1
2590,果,2613,某,1
2590,果,4171,禺,1
2591,枝,1831,忮,1
2591,枝,2558,杖,1
2591,枝,2639,栈,1
2591,枝,2696,梃,1
2592,枞,2579,板,1
2593,枢,2579,板,1
2593,枢,2621,柜,1
2593,枢,2625,柢,1
2593,枢,2670,框,1
2595,枥,2610,柄,1
2596,枧,2586,枕,1
2596,枧,5556,规,1
2598,枪,2560,杞,1
2598,枪,2688,桧,1
2599,枫,2138,拥,1
2599,枫,2586,枕,1
2601,枯,879,啻,1
2601,枯,1442,寇,1
2601,枯,2545,朽,1
2601,枯,2559,杜,1
2601,枯,2591,枝,1
2601,枯,2618,柘,1
2601,枯,2651,栝,1
2601,枯,4143,祜,1
2601,枯,4684,耜,1
2601,枯,5334,蛄,1
2602,枰,2101,抨,1
2603,枳,117,仄,1
2603,枳,2599,枫,1
2606,枷,2555,材,1
2607,枸,2129,拘,1
2607,枸,2566,杨,1
2607,枸,2581,构,1
2607,枸,2612,柏,1
2607,枸,2619,柙,1
2608,柁,2598,枪,1
2609,柃,2095,抟,1
2609,柃,2122,拎,1
2610,柄,2742,椒,1
2611,柈,2658,样,1
2612,柏,2579,板,1
2612,柏,2595,枥,1
2612,柏,2598,枪,1
2612,柏,2622,柝,1
2612,柏,2623,柞,1
2612,柏,2678,桓,1
2612,柏,2776,榍,1
2613,某,3738,甚,1
2613,某,5002,苦,1
2613,某,5019,茉,1
2613,某,5038,茱,1
2614,柑,2121,拍,1
2614,柑,2697,梅,1
2615,柒,2616,染,1
2615,柒,2633,柴,1
2615,柒,3198,渫,1
2615,柒,5645,诗,1
2616,染,1320,婆,1
2616,染,1544,岽,1
2616,染,2541,朱,1
2616,染,2689,桨,1
2616,染,2695,梁,1
2616,染,3064,洙,1
2617,柔,1239,奭,1
2617,柔,2663,栾,1
2618,柘,2125,拓,1
2620,柚,5327,蚰,1
2621,柜,2424,旭,1
2621,柜,2560,杞,1
2621,柜,2608,柁,1
2621,柜,2670,框,1
2621,柜,2678,桓,1
2622,柝,2115,拆,1
2623,柞,2112,拃,1
2624,柠,430,凝,1
2624,柠,2577,杼,1
2624,柠,2640,栉,1
2624,柠,2691,桫,1
2624,柠,2692,桴,1
2624,柠,2720,棕,1
2624,柠,3390,烀,1
2625,柢,2076,扺,1
2626,查,1226,奋,1
2626,查,3933,直,1
2628,柬,4097,碱,1
2629,柯,1094,垧,1
2629,柯,2545,朽,1
2629,柯,2551,杉,1
2629,柯,2646,树,1
2629,柯,2736,椅,1
2629,柯,5970,轲,1
2630,柰,2553,李,1
2630,柰,5082,荼,1
2631,柱,1075,垃,1
2631,柱,2574,杵,1
2631,柱,2583,枉,1
2631,柱,2597,枨,1
2631,柱,2648,栓,1
2631,柱,2661,格,1
2631,柱,2728,棰,1
2632,柳,2635,柿,1
2632,柳,2777,榔,1
2633,柴,2543,朵,1
2633,柴,3463,燊,1
2633,柴,5123,菜,1
2634,柽,1871,怿,1
2634,柽,2142,择,1
2634,柽,4632,羟,1
2635,柿,2070,扮,1
2635,柿,2577,杼,1
2635,柿,2632,柳,1
2635,柿,2640,栉,1
2636,栀,1845,怆,1
2637,栅,2722,棚,1
2637,栅,2785,榭,1
2638,标,2570,杯,1
2638,标,2587,林,1
2638,标,2642,栋,1
2639,栈,559,北,1
2639,栈,2641,栊,1
2639,栈,2672,桉,1
2639,栈,2682,桡,1
2639,栈,2708,械,1
2640,栉,2577,杼,1
2641,栊,2569,杭,1
2642,栋,2156,持,1
2642,栋,2655,株,1
2642,栋,3388,炼,1
2643,栌,2099,护,1
2644,栎,2712,梾,1
2645,栏,34,丰,1
2645,栏,2648,栓,1
2645,栏,3955,眭,1
2646,树,1114,埘,1
2647,栒,2607,枸,1
2647,栒,2702,梢,1
2648,栓,2139,拦,1
2648,栓,2634,柽,1
2648,栓,2645,栏,1
2648,栓,2684,档,1
2648,栓,2699,梏,1
2648,栓,2713,检,1
2649,栖,2610,柄,1
2649,栖,2618,柘,1
2649,栖,3615,玛,1
2649,栖,3934,相,1
2650,栗,1095,垩,1
2650,栗,2671,案,1
2651,栝,657,古,1
2651,栝,2699,梏,1
2651,栝,2728,棰,1
2652,栟,2152,拼,1
2653,校,34,丰,1
2653,校,1108,城,1
2653,校,1913,悛,1
2653,校,2141,拨,1
2653,校,2364,救,1
2653,校,2589,枚,1
2653,校,2729,棱,1
2653,校,3548,狡,1
2655,株,2106,抹,1
2655,株,2611,柈,1
2655,株,2698,梆,1
2655,株,2730,棵,1
2655,株,4187,秣,1
2656,栲,2604,枵,1
2657,栳,2682,桡,1
2658,样,2101,抨,1
2658,样,2602,枰,1
2658,样,2652,栟,1
2658,样,2700,梓,1
2659,核,2589,枚,1
2659,核,2653,校,1
2659,核,2682,桡,1
2660,根,1887,恨,1
2660,根,2110,抿,1
2660,根,2272,搌,1
2660,根,2715,棂,1
2660,根,2740,椐,1
2660,根,2770,概,1
2660,根,2792,槌,1
2660,根,4201,稂,1
2661,格,2651,栝,1
2661,格,2713,检,1
2661,格,3512,牾,1
2661,格,4395,籽,1
2662,栽,5502,裁,1
2666,桂,1297,娃,1
2666,桂,2559,杜,1
2666,桂,2565,杧,1
2666,桂,2631,柱,1
2666,桂,2726,棬,1
2666,桂,2728,棰,1
2666,桂,2752,楂,1
2667,桃,2582,枇,1
2667,桃,5140,萄,1
2668,桄,2597,枨,1
2669,桅,2077,扼,1
2669,桅,2657,栳,1
2669,桅,2690,桩,1
2670,框,1726,廿,1
2670,框,2627,柩,1
2670,框,2675,桎,1
2670,框,2696,梃,1
2670,框,2814,樵,1
2671,案,401,军,1
2671,案,1405,宋,1
2671,案,1676,广,1
2671,案,4151,票,1
2671,案,4250,窠,1
2672,桉,2160,按,1
2673,桊,2148,拳,1
2674,桌,2590,果,1
2676,桐,2138,拥,1
2676,桐,2607,枸,1
2676,桐,3934,相,1
2676,桐,4211,稠,1
2677,桑,2079,承,1
2677,桑,4436,系,1
2678,桓,1091,垣,1
2678,桓,2247,揎,1
2678,桓,2612,柏,1
2678,桓,2621,柜,1
2678,桓,2680,桕,1
2678,桓,2681,桠,1
2678,桓,2714,棁,1
2678,桓,2738,植,1
2678,桓,3399,烜,1
2679,桔,2651,栝,1
2679,桔,3615,玛,1
2679,桔,5969,轱,1
2680,桕,1852,怕,1
2680,桕,2607,枸,1
2680,桕,2623,柞,1
2682,桡,3404,烧,1
2684,档,2679,桔,1
2684,档,2685,桤,1
2684,档,2702,梢,1
2684,档,2765,楷,1
2686,桥,1301,娇,1
2686,桥,2224,掠,1
2686,桥,2651,栝,1
2686,桥,2668,桄,1
2686,桥,4015,矫,1
2687,桦,2572,杲,1
2687,桦,2574,杵,1
2687,桦,2741,椑,1
2688,桧,5082,荼,1
2689,桨,4440,紧,1
2690,桩,2569,杭,1
2690,桩,2602,枰,1
2690,桩,2623,柞,1
2690,桩,2631,柱,1
2691,桫,2551,杉,1
2693,桶,2197,损,1
2693,桶,2566,杨,1
2693,桶,2738,植,1
2695,梁,2590,果,1
2695,梁,4877,臭,1
2695,梁,5683,课,1
2696,梃,2182,挺,1
2697,梅,1910,悔,1
2697,梅,2578,松,1
2697,梅,2694,桷,1
2697,梅,2739,椎,1
2697,梅,3511,牺,1
2697,梅,4836,腰,1
2698,梆,2619,柙,1
2698,梆,2687,桦,1
2698,梆,2747,椰,1
2698,梆,6144,邶,1
2699,梏,2551,杉,1
2699,梏,2604,枵,1
2699,梏,2679,桔,1
2700,梓,1764,彝,1
2700,梓,2602,枰,1
2700,梓,2658,样,1
2701,梗,2672,桉,1
2701,梗,4074,硬,1
2701,梗,4413,粳,1
2702,梢,1905,悄,1
2702,梢,2555,材,1
2702,梢,2684,档,1
2702,梢,2694,桷,1
2703,梦,2520,替,1
2703,梦,2699,梏,1
2703,梦,2755,楚,1
2703,梦,2803,槽,1
2704,梧,1915,悟,1
2704,梧,2139,拦,1
2704,梧,2154,拾,1
2704,梧,2651,栝,1
2704,梧,2661,格,1
2704,梧,2699,梏,1
2704,梧,4933,艹,1
2705,梨,2689,桨,1
2706,梭,2591,枝,1
2706,梭,2729,棱,1
2706,梭,2745,椤,1
2706,梭,3637,珍,1
2707,梯,2604,枵,1
2707,梯,2635,柿,1
2707,梯,2658,样,1
2707,梯,2736,椅,1
2707,梯,2768,楼,1
2708,械,611,卸,1
2708,械,1108,城,1
2709,梳,1980,慌,1
2709,梳,2210,捻,1
2709,梳,2770,概,1
2710,梵,2734,棼,1
2711,梽,2762,楮,1
2711,梽,2786,榱,1
2712,梾,2721,棘,1
2712,梾,2756,楝,1
2713,检,1090,垢,1
2713,检,2118,拉,1
2713,检,2628,柬,1
2713,检,2821,橙,1
2713,检,3968,睑,1
2714,棁,1919,悦,1
2714,棁,2668,桄,1
2714,棁,4206,税,1
2716,棉,1642,帛,1
2716,棉,2172,挣,1
2716,棉,2795,槔,1
2716,棉,6425,锦,1
2717,棋,2193,捏,1
2717,棋,2712,梾,1
2717,棋,2749,椹,1
2718,棍,2272,搌,1
2718,棍,2652,栟,1
2718,棍,2660,根,1
2719,棒,2623,柞,1
2719,棒,2764,楱,1
2719,棒,2775,榉,1
2720,棕,2638,标,1
2720,棕,2692,桴,1
2720,棕,2737,椋,1
2720,棕,2815,樽,1
2720,棕,2837,檫,1
2721,棘,1366,嬲,1
2722,棚,1134,堋,1
2722,棚,2637,栅,1
2723,棠,1130,堂,1
2723,棠,1236,奠,1
2723,棠,3463,燊,1
2723,棠,3497,牚,1
2723,棠,4179,秉,1
2723,棠,5153,萦,1
2725,棨,2650,栗,1
2725,棨,3140,涤,1
2725,棨,4412,粲,1
2727,森,2662,栽,1
2728,棰,2207,捶,1
2729,棱,2246,揍,1
2729,棱,2656,栲,1
2729,棱,2706,梭,1
2729,棱,2757,楞,1
2729,棱,4159,祾,1
2730,棵,2225,探,1
2730,棵,2619,柙,1
2730,棵,2655,株,1
2730,棵,2686,桥,1
2731,棹,2215,掉,1
2731,棹,3427,焯,1
2732,棺,2648,栓,1
2732,棺,2714,棁,1
2732,棺,2737,椋,1
2732,棺,2760,楦,1
2732,棺,2783,榨,1
2732,棺,2807,樘,1
2733,棻,2617,柔,1
2735,椁,1933,惇,1
2735,椁,2624,柠,1
2735,椁,2700,梓,1
2736,椅,2161,挎,1
2736,椅,2711,梽,1
2737,椋,2224,掠,1
2737,椋,2638,标,1
2737,椋,2823,橡,1
2738,植,302,值,1
2738,植,2109,抽,1
2738,植,2248,描,1
2738,植,2681,桠,1
2738,植,4488,组,1
2739,椎,2592,枞,1
2739,椎,2623,柞,1
2739,椎,2631,柱,1
2739,椎,2648,栓,1
2741,椑,2731,棹,1
2742,椒,748,呶,1
2744,椠,1138,堑,1
2746,椭,2337,擗,1
2746,椭,2754,楗,1
2746,椭,2800,槠,1
2746,椭,6134,邦,1
2747,椰,819,哪,1
2747,椰,2746,椭,1
2747,椰,2822,橛,1
2748,椴,2822,橛,1
2750,椽,2724,棣,1
2750,椽,4217,稼,1
2751,椿,2322,播,1
2751,椿,2762,楮,1
2752,楂,2738,植,1
2753,楔,2005,懊,1
2753,楔,4164,禊,1
2754,楗,2696,梃,1
2755,楚,1215,夷,1
2755,楚,2378,整,1
2755,楚,3424,焚,1
2755,楚,5102,莲,1
2756,楝,2712,梾,1
2757,楞,416,冷,1
2757,楞,2286,搭,1
2757,楞,2604,枵,1
2759,楣,1337,媚,1
2759,楣,2776,榍,1
2759,楣,3590,猸,1
2759,楣,6454,镅,1
2760,楦,2738,植,1
2762,楮,2812,樯,1
2764,楱,2780,榛,1
2765,楷,2150,拶,1
2765,楷,2158,指,1
2765,楷,2797,槛,1
2766,楸,2257,揪,1
2768,楼,2063,扦,1
2768,楼,2208,捷,1
2768,楼,2288,携,1
2768,楼,2657,栳,1
2768,楼,2711,梽,1
2768,楼,2839,檵,1
2769,榀,2718,棍,1
2769,榀,2789,榻,1
2769,榀,4203,稆,1
2770,概,2718,棍,1
2770,概,2822,橛,1
2771,榄,2596,枧,1
2771,榄,2685,桤,1
2772,榆,1963,愉,1
2772,榆,2742,椒,1
2773,榇,2622,柝,1
2773,榇,2624,柠,1
2773,榇,2730,棵,1
2775,榉,2565,杧,1
2776,榍,2298,摒,1
2777,榔,2177,挪,1
2778,榕,2163,挖,1
2778,榕,2659,核,1
2778,榕,2732,棺,1
2778,榕,2783,榨,1
2778,榕,2837,檫,1
2780,榛,2246,揍,1
2780,榛,3422,焘,1
2781,榜,2796,槚,1
2786,榱,2346,攘,1
2787,榴,2767,楹,1
2787,榴,2833,檑,1
2788,榷,329,傩,1
2788,榷,2706,梭,1
2788,榷,4085,碓,1
2790,槁,2831,檎,1
2790,槁,3521,犒,1
2793,槎,2276,搓,1
2794,槐,2291,摁,1
2794,槐,2657,栳,1
2794,槐,6921,鬼,1
2796,槚,2833,檑,1
2797,槛,2765,楷,1
2797,槛,2771,榄,1
2798,槜,2288,携,1
2803,槽,2704,梧,1
2803,槽,4224,穗,1
2805,樊,4882,臾,1
2807,樘,2804,槿,1
2808,樟,2735,椁,1
2809,模,2296,摈,1
2809,模,2743,椟,1
2809,模,2804,槿,1
2809,模,2811,横,1
2810,樨,590,博,1
2810,樨,2272,搌,1
2810,樨,2828,橼,1
2811,横,1115,埙,1
2811,横,2657,栳,1
2811,横,2762,楮,1
2811,横,2796,槚,1
2811,横,2809,模,1
2811,横,4168,禧,1
2811,横,5465,衡,1
2811,横,7119,黄,1
2812,樯,2800,槠,1
2812,樯,4223,穑,1
2814,樵,2670,框,1
2814,樵,2681,桠,1
2814,樵,2792,槌,1
2814,樵,2831,檎,1
2815,樽,2317,撙,1
2815,樽,2810,樨,1
2816,樾,947,嘏,1
2817,橄,2747,椰,1
2817,橄,2830,檄,1
2819,橐,2822,橛,1
2820,橘,2649,栖,1
2820,橘,2831,檎,1
2820,橘,2833,檑,1
2820,橘,3465,燏,1
2821,橙,2699,梏,1
2821,橙,2800,槠,1
2821,橙,2804,槿,1
2822,橛,2311,撅,1
2822,橛,2814,樵,1
2823,橡,2242,掾,1
2823,橡,2786,榱,1
2825,橦,1914,悝,1
2825,橦,2318,撞,1
2826,橱,2625,柢,1
2826,橱,2646,树,1
2826,橱,2785,榭,1
2827,橹,2815,樽,1
2828,橼,2833,檑,1
2829,檀,1092,垤,1
2830,檄,3701,璈,1
2831,檎,2336,擒,1
2831,檎,2827,橹,1
2832,檐,2212,掂,1
2832,檐,4418,糁,1
2833,檑,2834,檗,1
2834,檗,2692,桴,1
2834,檗,4677,耒,1
2835,檠,1734,弊,1
2835,檠,2334,擎,1
2836,檩,2009,懔,1
2836,檩,2773,榇,1
2837,檫,3589,猷,1
2840,欠,0,々,1
2840,欠,47,久,1
2840,欠,662,只,1
2840,欠,3353,火,1
2840,欠,5554,见,1
2840,欠,5764,负,1
2841,次,719,吹,1
2841,次,1048,坎,1
2841,次,2356,攻,1
2841,次,2999,沦,1
2841,次,3107,浞,1
2841,次,5762,贝,1
2842,欢,2356,攻,1
2843,欣,151,任,1
2843,欣,719,吹,1
2843,欣,1484,尹,1
2843,欣,2081,抃,1
2843,欣,4194,积,1
2844,欤,2843,欣,1
2845,欧,2358,政,1
2845,欧,5563,觋,1
2846,欲,2357,放,1
2846,欲,4031,砍,1
2846,欲,6369,铭,1
2851,款,2366,敖,1
2851,款,2367,教,1
2851,款,2844,欤,1
2851,款,5967,软,1
2851,款,6728,预,1
2851,款,6743,颖,1
2853,歆,6711,韵,1
2854,歇,1366,嬲,1
2854,歇,2856,歌,1
2855,歉,2847,欷,1
2855,歉,2852,歃,1
2856,歌,1745,弥,1
2856,歌,2843,欣,1
2856,歌,2853,歆,1
2856,歌,4709,职,1
2856,歌,6427,锨,1
2858,止,7,上,1
2858,止,21,丛,1
2858,止,1514,山,1
2858,止,4616,置,1
2859,正,16,丕,1
2859,正,602,卫,1
2859,正,6024,达,1
2860,此,559,北,1
2860,此,2062,扣,1
2860,此,2900,比,1
2861,步,596,卢,1
2861,步,1524,岑,1
2861,步,2522,月,1
2861,步,4360,篓,1
2861,步,4941,芊,1
2862,武,72,乱,1
2862,武,1736,式,1
2862,武,5300,虱,1
2863,歧,1256,妓,1
2863,歧,1568,崎,1
2863,歧,3088,浅,1
2864,歪,830,唇,1
2864,歪,4878,至,1
2865,歹,646,反,1
2865,歹,1197,夕,1
2865,歹,1518,岁,1
2865,歹,1721,廴,1
2867,歼,1243,奸,1
2867,歼,2881,殚,1
2868,殁,1201,夜,1
2868,殁,2869,殂,1
2868,殁,4712,联,1
2869,殂,1270,妲,1
2869,殂,2873,殇,1
2871,殄,2879,殓,1
2871,殄,4782,胯,1
2872,殆,2879,殓,1
2874,殉,1383,孢,1
2874,殉,3543,狗,1
2875,殊,1286,姝,1
2875,殊,2876,残,1
2875,殊,5649,诛,1
2876,残,2020,戏,1
2876,残,2022,我,1
2876,残,5981,载,1
2878,殒,6724,颀,1
2879,殓,2873,殇,1
2881,殚,2877,殍,1
2884,殣,3604,獾,1
2888,段,648,叔,1
2888,段,1041,圾,1
2888,段,1778,役,1
2888,段,2887,殴,1
2888,段,2945,氽,1
2888,段,3389,炽,1
2888,段,3623,玫,1
2889,殷,6746,颙,1
2890,殿,1708,庼,1
2890,殿,3475,爨,1
2890,殿,7133,黢,1
2892,毂,1756,彀,1
2892,毂,4220,穀,1
2893,毅,2377,敲,1
2893,毅,4267,竣,1
2893,毅,5828,赢,1
2894,毋,13,丑,1
2894,毋,3743,甩,1
2894,毋,3754,男,1
2894,毋,4719,肀,1
2895,母,1005,因,1
2895,母,1468,少,1
2895,母,3749,田,1
2896,每,395,再,1
2896,每,2895,母,1
2896,每,2926,氙,1
2896,每,3500,牟,1
2896,每,4626,美,1
2896,每,4897,舟,1
2896,每,4930,色,1
2897,毐,532,势,1
2897,毐,1189,壶,1
2898,毒,2897,毐,1
2900,比,1036,地,1
2900,比,1042,址,1
2900,比,2860,此,1
2900,比,2947,汁,1
2901,毕,579,午,1
2901,毕,4940,芈,1
2901,毕,4941,芊,1
2902,毖,1824,忠,1
2902,毖,4282,笏,1
2904,毙,5356,蛲,1
2905,毛,41,主,1
2906,毡,3629,玷,1
2907,毪,3503,牦,1
2908,毫,2165,挛,1
2908,毫,6905,髦,1
2909,毯,2913,毽,1
2909,毯,3673,琰,1
2911,毵,4309,筏,1
2913,毽,6433,键,1
2918,氏,138,代,1
2918,氏,576,千,1
2918,氏,2900,比,1
2918,氏,2920,民,1
2918,氏,2947,汁,1
2918,氏,6281,钍,1
2919,氐,2918,氏,1
2920,民,1487,尼,1
2920,民,1727,开,1
2921,氓,1088,垠,1
2921,氓,3635,珉,1
2921,氓,5770,账,1
2922,气,65,乞,1
2922,气,376,兰,1
2922,气,1416,宝,1
2922,气,2419,旦,1
2922,气,6273,钅,1
2923,氕,2426,旯,1
2924,氖,5752,豸,1
2924,氖,6617,隽,1
2926,氙,2932,氤,1
2928,氛,2924,氖,1
2928,氛,2930,氡,1
2928,氛,2933,氦,1
2928,氛,4296,第,1
2929,氟,2924,氖,1
2929,氟,2932,氤,1
2929,氟,2935,氨,1
2929,氟,4247,窜,1
2930,氡,2938,氮,1
2931,氢,2928,氛,1
2931,氢,2934,氧,1
2933,氦,2935,氨,1
2933,氦,2938,氮,1
2934,氧,2939,氯,1
2934,氧,3606,率,1
2935,氨,2932,氤,1
2935,氨,2936,氩,1
2935,氨,2937,氪,1
2935,氨,2938,氮,1
2935,氨,2941,氲,1
2935,氨,4242,窒,1
2936,氩,2931,氢,1
2936,氩,2934,氧,1
2936,氩,2939,氯,1
2937,氪,2935,氨,1
2938,氮,2463,晁,1
2938,氮,2933,氦,1
2938,氮,2937,氪,1
2938,氮,4265,竟,1
2938,氮,5300,虱,1
2938,氮,5775,贫,1
2939,氯,61,乘,1
2939,氯,2931,氢,1
2940,氰,2928,氛,1
2940,氰,2932,氤,1
2940,氰,2934,氧,1
2940,氰,2937,氪,1
2940,氰,2939,氯,1
2941,氲,2930,氡,1
2942,水,719,吹,1
2942,水,2052,手,1
2943,氵,407,冫,1
2944,永,2961,汞,1
2944,永,5468,衤,1
2946,汀,2951,汈,1
2946,汀,3130,涕,1
2946,汀,3362,灾,1
2946,汀,5626,诃,1
2947,汁,2054,才,1
2947,汁,5602,讨,1
2948,求,2540,术,1
2948,求,2961,汞,1
2950,汇,1248,妃,1
2951,汈,2994,沟,1
2951,汈,6505,闩,1
2952,汉,646,反,1
2952,汉,2953,汊,1
2953,汊,2952,汉,1
2954,汐,2952,汉,1
2954,汐,2991,沙,1
2954,汐,3002,沩,1
2954,汐,4460,约,1
2955,汔,3120,浼,1
2956,汕,133,仙,1
2956,汕,1514,山,1
2956,汕,3011,油,1
2956,汕,5598,认,1
2957,汗,2968,汪,1
2957,汗,3366,炉,1
2957,汗,4458,纤,1
2958,汛,4462,纨,1
2958,汛,6508,闭,1
2959,汜,4464,纪,1
2960,汝,4468,纯,1
2960,汝,5607,议,1
2961,汞,1760,录,1
2961,汞,2079,承,1
2962,江,431,几,1
2962,江,1485,尺,1
2962,江,2946,汀,1
2962,江,5598,认,1
2962,江,5609,记,1
2963,池,3018,泄,1
2963,池,4485,绁,1
2964,污,82,亏,1
2964,污,2981,沅,1
2964,污,5622,访,1
2965,汤,409,冯,1
2965,汤,1039,场,1
2965,汤,2994,沟,1
2965,汤,3182,渌,1
2966,汨,2420,旧,1
2966,汨,3006,沮,1
2966,汨,3039,泪,1
2966,汨,4490,细,1
2966,汨,5626,诃,1
2966,汨,6509,问,1
2967,汩,3039,泪,1
2967,汩,5637,诏,1
2967,汩,6509,问,1
2967,汩,6562,阳,1
2968,汪,999,囗,1
2968,汪,2962,江,1
2968,汪,4499,经,1
2968,汪,5603,让,1
2968,汪,5626,诃,1
2970,汰,5647,诙,1
2971,汲,646,反,1
2971,汲,2952,汉,1
2971,汲,3001,沨,1
2971,汲,3137,涡,1
2971,汲,3149,液,1
2971,汲,4461,级,1
2971,汲,5624,证,1
2971,汲,6506,闪,1
2972,汴,2982,沆,1
2973,汶,128,仔,1
2973,汶,2952,汉,1
2973,汶,2964,污,1
2973,汶,4478,纹,1
2974,汹,3022,泌,1
2975,汽,2922,气,1
2975,汽,2981,沅,1
2975,汽,3030,泛,1
2975,汽,3054,泾,1
2975,汽,3260,滗,1
2975,汽,5605,讫,1
2976,汾,2951,汈,1
2976,汾,2965,汤,1
2977,沁,1606,巛,1
2977,沁,2952,汉,1
2977,沁,2956,汕,1
2977,沁,2963,池,1
2977,沁,2974,汹,1
2977,沁,2981,沅,1
2977,沁,3017,泃,1
2977,沁,3717,瓜,1
2978,沂,2393,斤,1
2978,沂,3031,泜,1
2978,沂,3104,浙,1
2978,沂,3785,疑,1
2978,沂,5617,讹,1
2979,沃,117,仄,1
2979,沃,2970,汰,1
2979,沃,3005,沭,1
2979,沃,3030,泛,1
2979,沃,3050,泺,1
2979,沃,3082,活,1
2979,沃,3126,涎,1
2979,沃,5623,诀,1
2980,沄,2981,沅,1
2980,沄,4467,纭,1
2981,沅,2955,汔,1
2981,沅,3622,玩,1
2983,沈,402,农,1
2983,沈,2963,池,1
2983,沈,2967,汩,1
2983,沈,3048,泷,1
2983,沈,3086,流,1
2983,沈,3101,浓,1
2983,沈,5661,诧,1
2984,沉,712,吮,1
2984,沉,2841,次,1
2984,沉,2966,汨,1
2984,沉,2982,沆,1
2984,沉,2983,沈,1
2984,沉,3001,沨,1
2984,沉,3120,浼,1
2984,沉,5605,讫,1
2986,沏,2966,汨,1
2987,沐,2993,沛,1
2987,沐,3004,沫,1
2987,沐,3068,洣,1
2987,沐,3070,洧,1
2988,沓,4745,肯,1
2989,沔,3075,洱,1
2990,沘,4469,纰,1
2991,沙,2956,汕,1
2991,沙,3009,河,1
2991,沙,3786,疒,1
2992,沚,2956,汕,1
2993,沛,1627,市,1
2993,沛,2976,汾,1
2994,沟,3045,泳,1
2995,没,718,吸,1
2995,没,2981,沅,1
2995,没,3107,浞,1
2995,没,3242,溲,1
2995,没,3686,瑛,1
2995,没,4267,竣,1
2995,没,5629,识,1
2995,没,5634,诌,1
2996,沣,3083,洼,1
2996,沣,3624,玮,1
2996,沣,5627,评,1
2997,沤,2959,汜,1
2997,沤,2962,江,1
2997,沤,2967,汩,1
2997,沤,3031,泜,1
2998,沥,3013,沼,1
2998,沥,3022,泌,1
2998,沥,3137,涡,1
2999,沦,3012,治,1
2999,沦,3015,沾,1
2999,沦,4475,纶,1
2999,沦,5605,讫,1
3000,沧,3007,沱,1
3000,沧,3008,沲,1
3000,沧,3034,泡,1
3003,沪,2954,汐,1
3003,沪,2965,汤,1
3003,沪,3098,浐,1
3004,沫,140,以,1
3004,沫,4269,竦,1
3004,沫,5611,讳,1
3004,沫,5642,诔,1
3005,沭,2513,曲,1
3005,沭,3652,球,1
3005,沭,5626,诃,1
3006,沮,396,冒,1
3006,沮,2356,攻,1
3006,沮,4488,组,1
3006,沮,5603,让,1
3006,沮,6046,迥,1
3007,沱,2964,污,1
3007,沱,3034,泡,1
3007,沱,7049,鸵,1
3009,河,3633,珂,1
3009,河,4465,纫,1
3009,河,5614,讶,1
3009,河,5635,词,1
3009,河,6564,阵,1
3010,沸,3130,涕,1
3011,油,2967,汩,1
3011,油,2969,汭,1
3011,油,5327,蚰,1
3011,油,5615,讷,1
3012,治,2976,汾,1
3012,治,3016,沿,1
3012,治,3117,浴,1
3012,治,3271,滨,1
3013,沼,3942,眉,1
3013,沼,4133,祃,1
3014,沽,622,厍,1
3014,沽,765,咕,1
3014,沽,1278,姑,1
3014,沽,3013,沼,1
3014,沽,3015,沾,1
3014,沽,3116,浯,1
3014,沽,5646,诘,1
3015,沾,2968,汪,1
3015,沾,2976,汾,1
3015,沾,3012,治,1
3015,沾,3014,沽,1
3015,沾,3016,沿,1
3015,沾,3049,泸,1
3015,沾,3128,涓,1
3015,沾,3629,玷,1
3015,沾,4045,砧,1
3015,沾,4263,站,1
3015,沾,5625,诂,1
3016,沿,2967,汩,1
3016,沿,2984,沉,1
3016,沿,2995,没,1
3016,沿,3021,泊,1
3016,沿,3084,洽,1
3016,沿,5637,诏,1
3017,泃,2965,汤,1
3017,泃,3079,洵,1
3018,泄,1399,它,1
3018,泄,2963,池,1
3018,泄,3051,泻,1
3019,泅,1000,囚,1
3019,泅,2967,汩,1
3019,泅,3021,泊,1
3019,泅,3056,洄,1
3019,泅,3151,涸,1
3020,泉,1469,尔,1
3020,泉,2572,杲,1
3020,泉,3373,炙,1
3020,泉,4876,臬,1
3020,泉,6250,采,1
3021,泊,2967,汩,1
3021,泊,3070,洧,1
3021,泊,3073,洫,1
3021,泊,3075,洱,1
3021,泊,3128,涓,1
3022,泌,413,决,1
3022,泌,1606,巛,1
3022,泌,2991,沙,1
3022,泌,2995,没,1
3022,泌,6340,铋,1
3024,泓,3059,洌,1
3024,泓,6541,阎,1
3025,泔,5641,诓,1
3026,法,2980,沄,1
3026,法,3040,泫,1
3026,法,3113,浩,1
3026,法,5646,诘,1
3029,泚,745,呲,1
3029,泚,2990,沘,1
3030,泛,3016,沿,1
3030,泛,3033,泠,1
3030,泛,3038,注,1
3030,泛,3194,渣,1
3030,泛,4499,经,1
3030,泛,4543,绽,1
3030,泛,5730,谯,1
3031,泜,2989,沔,1
3031,泜,5617,讹,1
3031,泜,5633,诋,1
3032,泞,2069,扭,1
3032,泞,2976,汾,1
3032,泞,2989,沔,1
3032,泞,3125,涌,1
3032,泞,4463,纩,1
3032,泞,4479,纺,1
3032,泞,5658,诤,1
3033,泠,2989,沔,1
3034,泡,551,包,1
3034,泡,2999,沦,1
3034,泡,3007,沱,1
3034,泡,4475,纶,1
3034,泡,4512,绝,1
3034,泡,4771,胞,1
3035,波,2971,汲,1
3035,波,3052,泼,1
3035,波,3491,版,1
3036,泣,3015,沾,1
3036,泣,4231,空,1
3036,泣,5661,诧,1
3037,泥,1268,妮,1
3037,泥,3081,洺,1
3037,泥,3368,炎,1
3037,泥,5609,记,1
3038,注,2975,汽,1
3038,注,2982,沆,1
3038,注,3015,沾,1
3038,注,3030,泛,1
3038,注,3040,泫,1
3038,注,3054,泾,1
3039,泪,90,些,1
3039,泪,2729,棱,1
3039,泪,2967,汩,1
3039,泪,3075,洱,1
3039,泪,3151,涸,1
3039,泪,3645,珥,1
3040,泫,3071,洨,1
3040,泫,3605,玄,1
3042,泯,3037,泥,1
3043,泰,1892,恭,1
3043,泰,2673,桊,1
3043,泰,2961,汞,1
3043,泰,4189,秦,1
3044,泱,3087,浃,1
3045,泳,410,冰,1
3045,泳,4545,绿,1
3046,泵,3020,泉,1
3046,泵,3407,烫,1
3046,泵,5744,豕,1
3049,泸,3003,沪,1
3050,泺,3061,洑,1
3050,泺,3064,洙,1
3051,泻,2989,沔,1
3051,泻,3290,漯,1
3051,泻,4520,绥,1
3051,泻,5662,诨,1
3051,泻,5717,谢,1
3052,泼,2971,汲,1
3052,泼,2979,沃,1
3052,泼,3035,波,1
3052,泼,3242,溲,1
3052,泼,3791,疚,1
3053,泽,3134,涞,1
3053,泽,6850,驿,1
3055,洁,409,冯,1
3055,洁,1387,学,1
3055,洁,3015,沾,1
3055,洁,3026,法,1
3055,洁,3068,洣,1
3055,洁,3145,涪,1
3055,洁,5644,诖,1
3056,洄,2967,汩,1
3056,洄,3028,泗,1
3057,洇,3151,涸,1
3057,洇,6523,闼,1
3058,洋,3053,泽,1
3058,洋,3065,洚,1
3058,洋,5692,谇,1
3058,洋,6021,辶,1
3059,洌,3097,浏,1
3062,洒,3021,泊,1
3062,洒,3028,泗,1
3062,洒,3209,湎,1
3062,洒,5615,讷,1
3062,洒,6193,酉,1
3063,洗,1867,怯,1
3063,洗,2981,沅,1
3063,洗,2982,沆,1
3063,洗,3086,流,1
3063,洗,3110,浣,1
3066,洛,699,吝,1
3066,洛,1889,恪,1
3066,洛,4521,绦,1
3066,洛,5160,落,1
3066,洛,5882,路,1
3067,洞,3056,洄,1
3067,洞,3057,洇,1
3067,洞,3142,涧,1
3067,洞,6509,问,1
3068,洣,3005,沭,1
3068,洣,3064,洙,1
3068,洣,3127,涑,1
3068,洣,3134,涞,1
3069,津,1724,建,1
3069,津,2996,沣,1
3069,津,3041,泮,1
3069,津,3083,洼,1
3069,津,3257,滓,1
3069,津,3297,潇,1
3069,津,5611,讳,1
3071,洨,2973,汶,1
3071,洨,4513,绞,1
3071,洨,5603,让,1
3072,洪,377,共,1
3072,洪,383,典,1
3072,洪,2972,汴,1
3072,洪,3063,洗,1
3072,洪,3396,烘,1
3075,洱,4548,缂,1
3076,洲,1608,州,1
3076,洲,5648,诚,1
3079,洵,3009,河,1
3079,洵,3017,泃,1
3079,洵,5656,询,1
3079,洵,6515,间,1
3081,洺,2954,汐,1
3081,洺,4511,络,1
3082,活,3014,沽,1
3082,活,3033,泠,1
3082,活,3038,注,1
3082,活,3180,清,1
3082,活,4263,站,1
3082,活,4479,纺,1
3083,洼,3026,法,1
3083,洼,3055,洁,1
3083,洼,3109,浡,1
3084,洽,795,哈,1
3084,洽,3012,治,1
3084,洽,3033,泠,1
3084,洽,3082,活,1
3084,洽,5619,讼,1
3084,洽,5630,诈,1
3084,洽,5669,诰,1
3085,派,273,俵,1
3085,派,2980,沄,1
3085,派,3031,泜,1
3085,派,3101,浓,1
3085,派,5648,诚,1
3086,流,3040,泫,1
3086,流,3077,洳,1
3087,浃,3004,沫,1
3088,浅,2021,成,1
3088,浅,3225,溅,1
3088,浅,3227,溇,1
3088,浅,5643,试,1
3088,浅,6091,逶,1
3090,浇,804,哓,1
3090,浇,2615,柒,1
3090,浇,3026,法,1
3090,浇,3278,漆,1
3091,浈,4153,祯,1
3092,浉,1631,师,1
3092,浉,3100,浒,1
3093,浊,412,冲,1
3093,浊,3113,浩,1
3093,浊,5297,虫,1
3093,浊,5669,诰,1
3093,浊,7020,鳙,1
3094,测,238,侧,1
3094,测,463,则,1
3094,测,3076,洲,1
3094,测,3097,浏,1
3095,浍,3121,涂,1
3095,浍,4507,绘,1
3096,济,2978,沂,1
3096,济,3205,湃,1
3096,济,3617,玠,1
3096,济,5622,访,1
3099,浑,401,军,1
3099,浑,411,冱,1
3099,浑,622,厍,1
3099,浑,1087,垟,1
3099,浑,3174,深,1
3099,浑,3188,渖,1
3099,浑,3223,湿,1
3099,浑,3241,溱,1
3099,浑,3290,漯,1
3099,浑,5645,诗,1
3101,浓,1731,弄,1
3101,浓,2983,沈,1
3104,浙,1040,圻,1
3104,浙,2092,折,1
3104,浙,3010,沸,1
3105,浚,416,冷,1
3105,浚,650,受,1
3105,浚,1524,岑,1
3105,浚,2973,汶,1
3105,浚,4526,绫,1
3105,浚,5675,诶,1
3107,浞,3188,渖,1
3108,浠,832,唏,1
3108,浠,1632,希,1
3108,浠,2993,沛,1
3109,浡,3115,浮,1
3109,浡,3250,滂,1
3110,浣,27,严,1
3110,浣,3086,流,1
3110,浣,3120,浼,1
3111,浥,706,吧,1
3111,浥,2007,懑,1
3111,浥,3215,湜,1
3112,浦,2993,沛,1
3113,浩,780,咭,1
3113,浩,3026,法,1
3113,浩,3063,洗,1
3113,浩,3513,牿,1
3113,浩,5634,诌,1
3113,浩,5650,诜,1
3114,浪,1425,宪,1
3114,浪,3564,狼,1
3115,浮,417,冻,1
3115,浮,424,凉,1
3115,浮,3102,浔,1
3116,浯,3066,洛,1
3116,浯,5611,讳,1
3117,浴,255,俗,1
3117,浴,1407,宏,1
3117,浴,3040,泫,1
3117,浴,3113,浩,1
3117,浴,3145,涪,1
3118,海,26,两,1
3118,海,2960,汝,1
3118,海,3065,洚,1
3118,海,3070,洧,1
3118,海,3191,渝,1
3118,海,6201,酒,1
3119,浸,5724,谩,1
3120,浼,3220,湮,1
3120,浼,5697,谍,1
3121,涂,3140,涤,1
3121,涂,3164,淙,1
3121,涂,3241,溱,1
3121,涂,4232,穿,1
3121,涂,5654,诠,1
3122,涅,2624,柠,1
3122,涅,3197,温,1
3122,涅,3217,湟,1
3122,涅,3223,湿,1
3122,涅,5034,茫,1
3123,消,1473,尚,1
3123,消,3256,滑,1
3123,消,4609,罚,1
3123,消,4724,肉,1
3124,涉,3041,泮,1
3124,涉,3055,洁,1
3124,涉,3159,淌,1
3124,涉,3182,渌,1
3124,涉,3294,漹,1
3124,涉,5669,诰,1
3124,涉,5696,谌,1
3125,涌,1106,埇,1
3125,涌,3275,滴,1
3125,涌,3664,琤,1
3126,涎,3651,珽,1
3126,涎,6053,迮,1
3127,涑,3004,沫,1
3128,涓,3137,涡,1
3128,涓,4517,绢,1
3129,涔,3052,泼,1
3129,涔,4567,缗,1
3130,涕,3125,涌,1
3130,涕,4523,绨,1
3130,涕,6074,递,1
3131,涘,3120,浼,1
3131,涘,5675,诶,1
3132,涛,1697,庤,1
3132,涛,2098,抢,1
3132,涛,3102,浔,1
3133,涝,2196,捞,1
3133,涝,2993,沛,1
3133,涝,3072,洪,1
3133,涝,3263,滞,1
3133,涝,3305,潢,1
3133,涝,5679,诺,1
3135,涟,3041,泮,1
3135,涟,5641,诓,1
3135,涟,6077,逗,1
3135,涟,6386,链,1
3136,涠,3164,淙,1
3136,涠,5688,调,1
3137,涡,737,呙,1
3137,涡,2969,汭,1
3137,涡,3062,洒,1
3137,涡,3138,涢,1
3137,涡,3159,淌,1
3137,涡,5725,谪,1
3138,涢,3137,涡,1
3138,涢,3186,渑,1
3139,涣,3184,渎,1
3139,涣,5005,英,1
3140,涤,3051,泻,1
3140,涤,5649,诛,1
3140,涤,5690,谅,1
3141,润,2966,汨,1
3141,润,3163,淘,1
3141,润,3181,渊,1
3142,涧,1786,徇,1
3142,涧,3017,泃,1
3142,涧,3067,洞,1
3142,涧,6518,闷,1
3143,涨,2050,扉,1
3143,涨,3085,派,1
3144,涩,4970,芷,1
3144,涩,6043,迟,1
3145,涪,2049,扈,1
3145,涪,3113,浩,1
3145,涪,3116,浯,1
3145,涪,3117,浴,1
3145,涪,3222,湾,1
3145,涪,3250,滂,1
3145,涪,3271,滨,1
3147,涮,3059,洌,1
3147,涮,6541,阎,1
3148,涯,3054,泾,1
3148,涯,3196,渥,1
3148,涯,3279,漉,1
3148,涯,3805,疰,1
3149,液,3085,派,1
3150,涵,446,函,1
3150,涵,638,县,1
3150,涵,2079,承,1
3150,涵,3116,浯,1
3150,涵,3281,漓,1
3151,涸,2420,旧,1
3151,涸,3025,泔,1
3151,涸,3141,润,1
3151,涸,3245,溷,1
3153,淀,3071,洨,1
3153,淀,3144,涩,1
3154,淄,3216,湝,1
3154,淄,4547,缁,1
3155,淅,2585,析,1
3155,淅,3100,浒,1
3155,淅,3185,渐,1
3156,淆,3070,洧,1
3156,淆,3275,滴,1
3157,淇,3242,溲,1
3157,淇,3668,琪,1
3157,淇,5714,谟,1
3158,淋,786,咻,1
3158,淋,858,啉,1
3158,淋,2587,林,1
3158,淋,3674,琳,1
3158,淋,5610,讲,1
3159,淌,3116,浯,1
3159,淌,3142,涧,1
3159,淌,3209,湎,1
3159,淌,5956,躺,1
3160,淏,3122,涅,1
3161,淑,648,叔,1
3161,淑,3317,澈,1
3162,淖,3172,淬,1
3163,淘,861,啕,1
3163,淘,3222,湾,1
3163,淘,4231,空,1
3163,淘,6528,阁,1
3163,淘,6533,阆,1
3164,淙,3109,浡,1
3164,淙,3146,涫,1
3164,淙,3153,淀,1
3167,淠,3160,淏,1
3168,淡,173,伥,1
3168,淡,2960,汝,1
3168,淡,3184,渎,1
3168,淡,3247,溻,1
3168,淡,3373,炙,1
3169,淤,3071,洨,1
3169,淤,3203,游,1
3169,淤,6102,遐,1
3171,淫,2968,汪,1
3171,淫,3050,泺,1
3171,淫,3083,洼,1
3171,淫,3121,涂,1
3171,淫,3122,涅,1
3171,淫,3131,涘,1
3171,淫,3170,淦,1
3171,淫,3187,渔,1
3171,淫,3220,湮,1
3171,淫,3260,滗,1
3171,淫,4535,绵,1
3172,淬,3058,洋,1
3172,淬,3065,洚,1
3172,淬,3098,浐,1
3173,淮,422,准,1
3173,淮,3029,泚,1
3173,淮,3060,洎,1
3174,深,1172,墚,1
3174,深,1392,孱,1
3174,深,2543,朵,1
3174,深,3099,浑,1
3174,深,3140,涤,1
3174,深,5662,诨,1
3175,淳,429,凛,1
3175,淳,3115,浮,1
3175,淳,3145,涪,1
3175,淳,3164,淙,1
3176,混,2984,沉,1
3176,混,3029,泚,1
3176,混,3425,焜,1
3176,混,3667,琨,1
3176,混,4532,绲,1
3177,淹,276,俺,1
3177,淹,1703,庵,1
3179,淼,3089,浆,1
3180,清,2485,晴,1
3180,清,3132,涛,1
3180,清,3156,淆,1
3180,清,3199,渭,1
3180,清,3576,猜,1
3180,清,5630,诈,1
3180,清,6663,青,1
3180,清,6665,靖,1
3181,渊,495,剕,1
3181,渊,3076,洲,1
3181,渊,3322,澜,1
3182,渌,3045,泳,1
3183,渍,3138,涢,1
3183,渍,3145,涪,1
3183,渍,3200,港,1
3183,渍,3305,潢,1
3183,渍,4524,绩,1
3184,渎,588,卖,1
3185,渐,3104,浙,1
3185,渐,3319,澌,1
3185,渐,6675,靳,1
3187,渔,1421,宣,1
3187,渔,3016,沿,1
3187,渔,3036,泣,1
3187,渔,3118,海,1
3187,渔,3201,渲,1
3187,渔,4575,缠,1
3187,渔,6935,鱼,1
3188,渖,3069,津,1
3188,渖,3182,渌,1
3189,渗,2972,汴,1
3189,渗,3637,珍,1
3190,渚,3209,湎,1
3190,渚,3219,湫,1
3190,渚,5534,褚,1
3191,渝,260,俞,1
3191,渝,6100,遍,1
3192,渠,2615,柒,1
3192,渠,2689,桨,1
3192,渠,3241,溱,1
3193,渡,1699,度,1
3193,渡,3791,疚,1
3193,渡,5701,谑,1
3194,渣,1588,嵖,1
3194,渣,2626,查,1
3194,渣,3180,清,1
3194,渣,3301,潘,1
3194,渣,6107,遘,1
3195,渤,533,勃,1
3195,渤,3265,滠,1
3196,渥,3122,涅,1
3196,渥,3241,溱,1
3197,温,3187,渔,1
3197,温,3194,渣,1
3197,温,3247,溻,1
3197,温,3269,滥,1
3197,温,5735,谴,1
3198,渫,5697,谍,1
3199,渭,290,倡,1
3199,渭,3125,涌,1
3199,渭,3167,淠,1
3199,渭,3247,溻,1
3199,渭,3256,滑,1
3200,港,610,卷,1
3200,港,5716,谡,1
3201,渲,3080,洹,1
3201,渲,3264,滟,1
3202,渴,899,喝,1
3202,渴,3002,沩,1
3202,渴,3111,浥,1
3202,渴,3124,涉,1
3202,渴,3128,涓,1
3202,渴,4969,芴,1
3203,游,3246,溺,1
3203,游,6542,阏,1
3204,渺,3023,泐,1
3204,渺,3079,洵,1
3204,渺,3242,溲,1
3204,渺,3940,眇,1
3205,湃,3336,濞,1
3205,湃,4501,绑,1
3208,湍,2457,昴,1
3208,湍,3049,泸,1
3208,湍,4271,端,1
3209,湎,3021,泊,1
3210,湓,3118,海,1
3210,湓,3196,渥,1
3211,湔,3191,渝,1
3211,湔,3206,湄,1
3211,湔,6104,遒,1
3212,湖,3240,溯,1
3212,湖,4422,糊,1
3212,湖,4940,芈,1
3213,湘,516,办,1
3213,湘,3934,相,1
3214,湛,1145,堪,1
3214,湛,3200,港,1
3215,湜,2249,提,1
3215,湜,2455,是,1
3215,湜,3160,淏,1
3215,湜,4553,缇,1
3216,湝,5708,谘,1
3217,湟,3098,浐,1
3217,湟,3122,涅,1
3218,湨,3160,淏,1
3218,湨,3243,溴,1
3219,湫,3226,溆,1
3219,湫,4180,秋,1
3220,湮,3217,湟,1
3221,湲,936,嗳,1
3222,湾,1751,弯,1
3222,湾,5710,谚,1
3223,湿,3107,浞,1
3223,湿,3122,涅,1
3223,湿,3170,淦,1
3223,湿,3217,湟,1
3223,湿,6101,遏,1
3224,溃,5715,谠,1
3225,溅,5737,谶,1
3225,溅,5781,贱,1
3226,溆,3201,渲,1
3227,溇,421,凄,1
3228,溉,1988,慨,1
3228,溉,3093,浊,1
3228,溉,6219,酲,1
3229,溏,1706,庸,1
3230,源,3085,派,1
3230,源,5690,谅,1
3232,溜,3128,涓,1
3232,溜,3269,滥,1
3232,溜,3338,濡,1
3233,溟,3160,淏,1
3233,溟,3288,漫,1
3234,溠,924,嗟,1
3234,溠,1617,差,1
3235,溢,3190,渚,1
3235,溢,3210,湓,1
3235,溢,3269,滥,1
3235,溢,3301,潘,1
3235,溢,3923,盗,1
3235,溢,6104,遒,1
3236,溥,5699,谏,1
3236,溥,5819,赙,1
3237,溦,2361,敉,1
3238,溧,3277,漂,1
3239,溪,1235,奚,1
3239,溪,3171,淫,1
3239,溪,3184,渎,1
3239,溪,3221,湲,1
3239,溪,5675,诶,1
3240,溯,2528,朔,1
3240,溯,2966,汨,1
3240,溯,4537,绷,1
3240,溯,5652,诞,1
3240,溯,6066,逆,1
3242,溲,3210,湓,1
3244,溶,2043,房,1
3244,溶,3040,泫,1
3244,溶,3051,泻,1
3244,溶,3117,浴,1
3244,溶,3145,涪,1
3244,溶,3189,渗,1
3245,溷,3136,涠,1
3246,溺,3128,涓,1
3246,溺,3232,溜,1
3246,溺,3247,溻,1
3246,溺,3251,滃,1
3246,溺,3309,潲,1
3246,溺,4646,翊,1
3247,溻,3128,涓,1
3248,溽,3289,漭,1
3248,溽,4571,缛,1
3250,滂,3130,涕,1
3251,滃,3191,渝,1
3252,滇,437,凰,1
3253,滋,1771,彪,1
3253,滋,3082,活,1
3253,滋,3321,澎,1
3255,滏,3170,淦,1
3255,滏,3171,淫,1
3256,滑,3138,涢,1
3256,滑,3232,溜,1
3257,滓,1325,婞,1
3257,滓,3162,淖,1
3257,滓,3307,潭,1
3257,滓,5661,诧,1
3258,滔,3015,沾,1
3258,滔,3180,清,1
3258,滔,3203,游,1
3258,滔,3232,溜,1
3258,滔,5653,诟,1
3260,滗,5723,谨,1
3261,滘,3690,瑢,1
3262,滚,3337,濠,1
3263,滞,1646,带,1
3263,滞,3296,潆,1
3265,滠,3215,湜,1
3266,满,2007,懑,1
3266,满,3231,溘,1
3266,满,3283,漕,1
3266,满,3836,痧,1
3266,满,4576,缡,1
3266,满,5119,菏,1
3266,满,5711,谛,1
3268,滤,3086,流,1
3268,滤,3282,演,1
3268,滤,3294,漹,1
3268,滤,6114,遮,1
3270,滦,323,傈,1
3270,滦,3134,涞,1
3270,滦,3175,淳,1
3270,滦,3238,溧,1
3271,滨,327,傧,1
3271,滨,1436,宾,1
3271,滨,3106,浜,1
3271,滨,3110,浣,1
3271,滨,3139,涣,1
3271,滨,3153,淀,1
3271,滨,3164,淙,1
3271,滨,3233,溟,1
3271,滨,3796,疢,1
3272,滩,2384,斑,1
3272,滩,3173,淮,1
3272,滩,3333,濉,1
3273,滪,3335,濒,1
3273,滪,4587,缬,1
3274,滫,3303,潞,1
3275,滴,1503,屑,1
3275,滴,3230,源,1
3275,滴,3258,滔,1
3275,滴,3844,痼,1
3276,滹,5701,谑,1
3277,漂,429,凛,1
3277,漂,3115,浮,1
3277,漂,3869,瘰,1
3277,漂,4580,缥,1
3278,漆,3178,添,1
3278,漆,3306,潦,1
3278,漆,4565,缕,1
3280,漏,1498,届,1
3280,漏,2186,捅,1
3280,漏,3206,湄,1
3280,漏,3313,潺,1
3280,漏,3345,瀛,1
3280,漏,3816,痂,1
3281,漓,5670,诱,1
3282,演,1440,寅,1
3282,演,3121,涂,1
3282,演,3157,淇,1
3282,演,3201,渲,1
3282,演,3254,滍,1
3282,演,3305,潢,1
3282,演,3314,潼,1
3284,漠,3184,渎,1
3284,漠,3243,溴,1
3285,漤,3312,潸,1
3286,漩,2409,旋,1
3286,漩,3168,淡,1
3286,漩,6480,镟,1
3288,漫,3105,浚,1
3288,漫,3242,溲,1
3288,漫,6822,馒,1
3289,漭,2943,氵,1
3290,漯,3174,深,1
3290,漯,4582,缧,1
3291,漱,2365,敕,1
3291,漱,2369,敝,1
3291,漱,3166,淞,1
3292,漳,1702,庳,1
3292,漳,3083,洼,1
3292,漳,3109,浡,1
3292,漳,3162,淖,1
3292,漳,3172,淬,1
3292,漳,3289,漭,1
3294,漹,340,僬,1
3294,漹,4567,缗,1
3295,漾,37,丶,1
3295,漾,428,凑,1
3295,漾,3182,渌,1
3295,漾,3226,溆,1
3295,漾,4578,缣,1
3296,潆,3109,浡,1
3296,潆,3337,濠,1
3297,潇,3332,濂,1
3297,潇,5154,萧,1
3297,潇,5911,踹,1
3298,潋,3237,溦,1
3299,潍,3333,濉,1
3299,潍,3344,瀚,1
3299,潍,4534,维,1
3300,潏,3275,滴,1
3301,潘,1511,屦,1
3301,潘,2573,杳,1
3302,潜,889,喈,1
3302,潜,3285,漤,1
3304,潟,3202,渴,1
3304,潟,5702,谒,1
3306,潦,3103,浕,1
3306,潦,5941,蹽,1
3307,潭,429,凛,1
3307,潭,3314,潼,1
3307,潭,3336,濞,1
3307,潭,4530,绰,1
3308,潮,3212,湖,1
3311,潵,2372,散,1
3311,潵,3317,澈,1
3314,潼,3328,澶,1
3315,潽,5709,谙,1
3316,澄,3271,滨,1
3316,澄,3325,澧,1
3316,澄,6591,险,1
3316,澄,6592,陪,1
3317,澈,3161,淑,1
3317,澈,3589,猷,1
3319,澌,2399,斯,1
3321,澎,3305,潢,1
3321,澎,3320,澍,1
3321,澎,4859,膨,1
3322,澜,3300,潏,1
3322,澜,6536,阉,1
3322,澜,6546,阔,1
3323,澡,3164,淙,1
3323,澡,3238,溧,1
3323,澡,3270,滦,1
3323,澡,4593,缲,1
3324,澥,3330,澼,1
3324,澥,5662,诨,1
3326,澳,2005,懊,1
3326,澳,3139,涣,1
3326,澳,3160,淏,1
3326,澳,3167,淠,1
3326,澳,3243,溴,1
3326,澳,6587,院,1
3327,澴,3143,涨,1
3327,澴,4594,缳,1
3328,澶,3201,渲,1
3330,澼,346,僻,1
3330,澼,3203,游,1
3331,激,3161,淑,1
3331,激,3298,潋,1
3331,激,4595,缴,1
3333,濉,6626,雌,1
3334,濑,2008,懒,1
3334,濑,3291,漱,1
3335,濒,3298,潋,1
3335,濒,3351,灏,1
3335,濒,6719,须,1
3335,濒,6749,颜,1
3338,濡,3167,淠,1
3339,濮,3707,璞,1
3340,濯,3349,灈,1
3341,瀌,3279,漉,1
3343,瀑,3288,漫,1
3343,瀑,3295,漾,1
3343,瀑,3473,爆,1
3344,瀚,4662,翰,1
3345,瀛,3352,灞,1
3347,瀵,1611,工,1
3348,瀹,3191,渝,1
3350,灌,4620,罹,1
3350,灌,5679,诺,1
3350,灌,6619,雀,1
3350,灌,7105,麂,1
3351,灏,1611,工,1
3353,火,1210,夭,1
3353,火,1811,忆,1
3353,火,2977,沁,1
3353,火,5738,谷,1
3354,灬,1808,心,1
3355,灭,5,丈,1
3355,灭,117,仄,1
3355,灭,2061,扛,1
3356,灯,1673,幻,1
3357,灰,1883,恢,1
3357,灰,2051,扊,1
3359,灶,129,仕,1
3359,灶,1259,妙,1
3359,灶,3384,炷,1
3359,灶,3398,烛,1
3360,灸,408,冬,1
3360,灸,1761,彖,1
3360,灸,3373,炙,1
3360,灸,4010,矢,1
3360,灸,4011,矣,1
3360,灸,5746,象,1
3361,灼,1246,妁,1
3361,灼,5777,购,1
3362,灾,1417,实,1
3362,灾,2352,攵,1
3363,灿,3421,焖,1
3363,灿,4394,籼,1
3364,炀,152,份,1
3364,炀,3209,湎,1
3364,炀,4674,而,1
3365,炅,356,兄,1
3365,炅,2434,旻,1
3365,炅,3358,灵,1
3365,炅,3382,炱,1
3366,炉,1255,妒,1
3366,炉,3378,炬,1
3367,炊,6789,饮,1
3368,炎,3358,灵,1
3368,炎,3360,灸,1
3368,炎,3365,炅,1
3368,炎,4281,笋,1
3369,炒,3389,炽,1
3370,炔,5322,蚨,1
3371,炕,94,亢,1
3371,炕,3381,炯,1
3371,炕,3411,烷,1
3373,炙,1192,处,1
3373,炙,1221,奂,1
3373,炙,1761,彖,1
3373,炙,3360,灸,1
3373,炙,5746,象,1
3374,炜,4466,纬,1
3374,炜,4750,肺,1
3375,炝,3372,炖,1
3377,炫,5801,赅,1
3378,炬,3375,炝,1
3378,炬,4014,矩,1
3378,炬,6053,迮,1
3379,炭,360,光,1
3379,炭,1433,宸,1
3379,炭,5081,荻,1
3380,炮,4397,粑,1
3381,炯,231,侗,1
3381,炯,798,响,1
3381,炯,3421,焖,1
3382,炱,789,哀,1
3383,炳,1116,埚,1
3383,炳,6788,饭,1
3384,炷,3359,灶,1
3384,炷,3377,炫,1
3385,炸,1826,忤,1
3385,炸,2623,柞,1
3385,炸,3395,烊,1
3386,点,376,兰,1
3386,点,594,占,1
3386,点,1816,忐,1
3386,点,1838,忿,1
3386,点,1869,总,1
3386,点,2421,旨,1
3386,点,2674,桌,1
3386,点,4011,矣,1
3386,点,5852,足,1
3386,点,6935,鱼,1
3387,炻,3418,焐,1
3388,炼,417,冻,1
3388,炼,3390,烀,1
3388,炼,3391,烁,1
3388,炼,3420,焕,1
3389,炽,1315,娲,1
3389,炽,3398,烛,1
3390,烀,3405,烨,1
3391,烁,3388,炼,1
3392,烂,3408,烬,1
3393,烃,3054,泾,1
3393,烃,5798,赂,1
3394,烈,2869,殂,1
3395,烊,985,噼,1
3395,烊,3405,烨,1
3396,烘,3371,炕,1
3396,烘,3389,炽,1
3396,烘,3392,烂,1
3396,烘,3398,烛,1
3396,烘,3404,烧,1
3396,烘,5301,虹,1
3397,烙,1889,恪,1
3397,烙,3378,炬,1
3397,烙,3393,烃,1
3397,烙,3423,焙,1
3397,烙,5341,蛏,1
3398,烛,3372,炖,1
3398,烛,3389,炽,1
3399,烜,1878,恒,1
3399,烜,3376,炟,1
3399,烜,3433,煌,1
3400,烝,1095,垩,1
3401,烟,3057,洇,1
3401,烟,3398,烛,1
3402,烤,1262,妤,1
3402,烤,1891,恬,1
3402,烤,2151,拷,1
3402,烤,3423,焙,1
3403,烦,3378,炬,1
3403,烦,3404,烧,1
3403,烦,3408,烬,1
3403,烦,6717,项,1
3404,烧,1919,悦,1
3404,烧,5318,蚝,1
3405,烨,1929,悻,1
3406,烩,3411,烷,1
3407,烫,2512,曰,1
3407,烫,2695,梁,1
3407,烫,3318,澉,1
3407,烫,3362,灾,1
3407,烫,5652,诞,1
3407,烫,5849,趟,1
3408,烬,1257,妖,1
3409,热,532,势,1
3409,热,1882,恝,1
3409,热,5793,贽,1
3410,烯,832,唏,1
3410,烯,4200,稀,1
3410,烯,5028,茚,1
3411,烷,1103,垸,1
3411,烷,3406,烩,1
3411,烷,3450,熔,1
3412,烹,5241,蕊,1
3414,烽,1871,怿,1
3414,烽,3053,泽,1
3414,烽,3406,烩,1
3415,焉,2898,毒,1
3415,焉,3480,爵,1
3415,焉,4528,绮,1
3416,焊,2428,旱,1
3416,焊,3389,炽,1
3417,焌,1913,悛,1
3419,焓,1891,恬,1
3419,焓,3397,烙,1
3419,焓,3418,焐,1
3420,焕,849,唳,1
3420,焕,2199,换,1
3420,焕,3384,炷,1
3420,焕,3403,烦,1
3421,焖,3381,炯,1
3422,焘,572,医,1
3422,焘,1461,寿,1
3422,焘,4153,祯,1
3423,焙,1967,愔,1
3423,焙,3392,烂,1
3423,焙,3393,烃,1
3423,焙,3419,焓,1
3423,焙,5815,赔,1
3424,焚,3368,炎,1
3424,焚,5503,裂,1
3425,焜,3440,煨,1
3426,焦,18,丘,1
3426,焦,23,丝,1
3426,焦,313,健,1
3426,焦,1920,您,1
3426,焦,6025,迁,1
3426,焦,6615,隹,1
3426,焦,6617,隽,1
3428,焰,3451,熘,1
3429,焱,4415,粼,1
3429,焱,5816,赕,1
3430,然,21,丛,1
3430,然,1280,姓,1
3431,煅,3417,焌,1
3433,煌,1659,幌,1
3433,煌,1956,惶,1
3433,煌,3404,烧,1
3433,煌,3435,煜,1
3434,煎,386,兼,1
3434,煎,491,前,1
3434,煎,1557,峦,1
3434,煎,1595,嵬,1
3435,煜,3389,炽,1
3436,煞,2363,敏,1
3437,煤,1336,媒,1
3437,煤,1976,愫,1
3438,煦,3439,照,1
3439,照,2454,昭,1
3440,煨,3425,焜,1
3441,煮,14,专,1
3441,煮,1903,恿,1
3441,煮,1957,惹,1
3441,煮,5045,茺,1
3446,煽,3456,熥,1
3446,煽,3816,痂,1
3447,熄,1528,岘,1
3447,熄,3380,炮,1
3447,熄,3445,煺,1
3448,熊,4792,能,1
3448,熊,7023,鳝,1
3449,熏,3412,烹,1
3449,熏,3426,焦,1
3449,熏,6254,重,1
3450,熔,2796,槚,1
3450,熔,3363,灿,1
3450,熔,3377,炫,1
3452,熙,3439,照,1
3454,熟,1391,孰,1
3454,熟,5825,赟,1
3454,熟,6932,魏,1
3456,熥,1566,崆,1
3457,熨,2034,戥,1
3459,熳,1985,慢,1
3460,熵,1356,嫡,1
3463,燊,2725,棨,1
3463,燊,4402,粜,1
3463,燊,4593,缲,1
3464,燎,4580,缥,1
3466,燔,1664,幡,1
3467,燕,5225,蔗,1
3468,燠,3453,熜,1
3468,燠,5389,蜾,1
3469,燥,1979,慊,1
3469,燥,3388,炼,1
3469,燥,3473,爆,1
3469,燥,5993,辉,1
3473,爆,3416,焊,1
3473,爆,3469,燥,1
3473,爆,3592,猾,1
3475,爨,1611,工,1
3476,爪,1680,庇,1
3476,爪,1808,心,1
3476,爪,6760,风,1
3477,爬,638,县,1
3477,爬,1622,巴,1
3477,爬,4131,祀,1
3478,爰,3479,爱,1
3480,爵,1390,孬,1
3480,爵,1466,尊,1
3480,爵,5261,薨,1
3481,父,50,义,1
3481,父,1372,孓,1
3482,爷,43,举,1
3482,爷,519,务,1
3482,爷,2395,斧,1
3482,爷,2428,旱,1
3482,爷,3481,父,1
3482,爷,3483,爸,1
3482,爷,3484,爹,1
3483,爸,4278,笆,1
3483,爸,6258,釜,1
3484,爹,1374,孕,1
3484,爹,1761,彖,1
3485,爻,3481,父,1
3487,爿,32,丬,1
3487,爿,3490,片,1
3489,牂,2239,掸,1
3490,片,2900,比,1
3490,片,4468,纯,1
3491,版,1043,坂,1
3492,牌,25,丢,1
3492,牌,1951,惮,1
3492,牌,2901,毕,1
3492,牌,5343,蛑,1
3493,牍,3184,渎,1
3496,牙,56,乐,1
3496,牙,1667,干,1
3496,牙,4008,矛,1
3497,牚,2217,掌,1
3497,牚,4232,穿,1
3498,牛,34,丰,1
3498,牛,87,井,1
3498,牛,579,午,1
3498,牛,6312,钮,1
3499,牝,2860,此,1
3499,牝,3501,牡,1
3499,牝,4469,纰,1
3499,牝,5959,轧,1
3500,牟,378,关,1
3500,牟,1669,年,1
3500,牟,3768,畚,1
3500,牟,4011,矣,1
3501,牡,2559,杜,1
3501,牡,6281,钍,1
3502,牢,401,军,1
3502,牢,1402,宇,1
3502,牢,1419,审,1
3502,牢,4941,芊,1
3504,牧,2061,扛,1
3504,牧,2361,敉,1
3504,牧,2473,晗,1
3504,牧,3503,牦,1
3504,牧,3505,物,1
3505,物,453,切,1
3505,物,6819,馏,1
3506,牮,5069,荦,1
3508,牲,1640,帙,1
3508,牲,2178,挫,1
3508,牲,3501,牡,1
3508,牲,3503,牦,1
3509,牵,4699,耷,1
3510,特,1464,将,1
3510,特,1785,待,1
3510,特,2189,捋,1
3510,特,3205,湃,1
3510,特,3826,痔,1
3511,牺,4178,秆,1
3511,牺,4683,耙,1
3513,牿,3521,犒,1
3513,牿,6699,鞲,1
3514,犀,1500,屎,1
3514,犀,3463,燊,1
3514,犀,6020,辱,1
3515,犁,2705,梨,1
3517,犊,2136,拣,1
3517,犊,3493,牍,1
3517,犊,3505,物,1
3520,犏,4426,糖,1
3521,犒,2280,搞,1
3521,犒,3510,特,1
3521,犒,4219,稿,1
3522,犟,2390,斝,1
3524,犬,1206,天,1
3526,犯,3533,狁,1
3527,犰,3532,犹,1
3529,状,1077,垅,1
3529,状,1268,妮,1
3529,状,1827,忧,1
3531,犸,2132,招,1
3532,犹,164,优,1
3532,犹,2072,扰,1
3532,犹,3536,狄,1
3534,狂,1186,壮,1
3534,狂,2061,扛,1
3534,狂,3527,犰,1
3535,狃,2069,扭,1
3536,狄,3551,独,1
3536,狄,4180,秋,1
3536,狄,6834,驮,1
3537,狈,3545,狝,1
3537,狈,6299,钡,1
3538,狉,3591,猹,1
3539,狍,2104,抱,1
3540,狎,2108,押,1
3541,狐,1385,孤,1
3541,狐,2087,抓,1
3541,狐,3533,狁,1
3541,狐,3729,瓻,1
3542,狒,2238,掷,1
3543,狗,2121,拍,1
3543,狗,2129,拘,1
3544,狙,3527,犰,1
3544,狙,3573,猖,1
3544,狙,4400,粗,1
3544,狙,4760,胆,1
3545,狝,4148,祢,1
3545,狝,4195,称,1
3546,狞,1398,宁,1
3546,狞,2140,拧,1
3546,狞,3530,犷,1
3546,狞,3555,狰,1
3546,狞,3572,猕,1
3547,狠,3536,狄,1
3548,狡,1307,娘,1
3548,狡,2299,摔,1
3548,狡,3552,狭,1
3549,狨,2144,拭,1
3550,狩,2189,捋,1
3551,独,3398,烛,1
3551,独,3583,猪,1
3552,狭,3587,猱,1
3554,狯,166,会,1
3554,狯,3532,犹,1
3554,狯,5973,轵,1
3555,狰,2172,挣,1
3555,狰,2186,捅,1
3555,狰,2408,旆,1
3555,狰,3574,猗,1
3555,狰,3596,獐,1
3557,狲,253,俐,1
3558,狳,3555,狰,1
3558,狳,3578,猞,1
3559,狴,2178,挫,1
3560,狷,2194,捐,1
3560,狷,3592,猾,1
3561,狸,257,俚,1
3561,狸,1107,埋,1
3561,狸,1304,娌,1
3561,狸,3534,狂,1
3561,狸,3571,猓,1
3561,狸,4843,腽,1
3562,狺,2252,揞,1
3562,狺,3578,猞,1
3564,狼,4201,稂,1
3564,狼,4410,粮,1
3566,猃,2198,捡,1
3567,猄,2224,掠,1
3567,猄,3555,狰,1
3569,猊,2183,挽,1
3570,猎,3510,特,1
3570,猎,3560,狷,1
3570,猎,3576,猜,1
3570,猎,3584,猫,1
3571,猓,2245,揉,1
3571,猓,3587,猱,1
3572,猕,3557,狲,1
3572,猕,3603,獴,1
3573,猖,3562,狺,1
3574,猗,3543,狗,1
3575,猛,3566,猃,1
3575,猛,3591,猹,1
3575,猛,3602,獯,1
3575,猛,4165,福,1
3575,猛,4815,脸,1
3577,猝,2299,摔,1
3578,猞,1258,妗,1
3580,猢,4422,糊,1
3582,猩,3539,狍,1
3582,猩,3550,狩,1
3582,猩,3561,狸,1
3582,猩,4831,腥,1
3583,猪,1148,堵,1
3583,猪,3310,潴,1
3583,猪,3570,猎,1
3583,猪,3584,猫,1
3583,猪,4525,绪,1
3583,猪,5677,诸,1
3584,猫,2248,描,1
3584,猫,3583,猪,1
3585,猬,2234,掮,1
3585,猬,3579,猡,1
3585,猬,3581,猥,1
3585,猬,3584,猫,1
3587,猱,2245,揉,1
3589,猷,3597,獒,1
3589,猷,6205,酞,1
3592,猾,3573,猖,1
3592,猾,3576,猜,1
3593,猿,3567,猄,1
3593,猿,3594,獍,1
3594,獍,1165,境,1
3594,獍,3596,獐,1
3596,獐,2318,撞,1
3597,獒,2875,殊,1
3599,獠,2824,橥,1
3601,獭,3598,獗,1
3602,獯,7135,黧,1
3603,獴,3593,猿,1
3605,玄,360,光,1
3605,玄,5581,言,1
3606,率,6011,辛,1
3607,玉,86,五,1
3607,玉,3608,王,1
3608,王,6,三,1
3608,王,1184,士,1
3611,玕,3645,珥,1
3611,玕,6282,钎,1
3612,玖,117,仄,1
3612,玖,2356,攻,1
3612,玖,3622,玩,1
3612,玖,4454,纠,1
3612,玖,6555,队,1
3614,玚,2432,旸,1
3615,玛,409,冯,1
3616,玟,2355,改,1
3618,玡,3663,琢,1
3618,玡,4032,砑,1
3618,玡,5614,讶,1
3619,玢,2070,扮,1
3620,玥,2530,朗,1
3620,玥,3628,玳,1
3622,玩,1051,坑,1
3622,玩,1685,庑,1
3622,玩,3656,琉,1
3622,玩,5605,讫,1
3623,玫,1058,坟,1
3623,玫,2356,攻,1
3623,玫,2973,汶,1
3623,玫,3673,琰,1
3623,玫,4194,积,1
3624,玮,3639,珐,1
3625,环,2721,棘,1
3626,现,354,允,1
3626,现,3013,沼,1
3626,现,3081,洺,1
3626,现,3090,浇,1
3626,现,3612,玖,1
3626,现,3622,玩,1
3626,现,3668,琪,1
3626,现,4194,积,1
3627,玲,1802,徭,1
3627,玲,3033,泠,1
3627,玲,3619,玢,1
3627,玲,3637,珍,1
3627,玲,5621,设,1
3629,玷,1066,坫,1
3629,玷,3613,玙,1
3629,玷,3619,玢,1
3631,玻,3035,波,1
3631,玻,5638,诐,1
3632,珀,3021,泊,1
3632,珀,6562,阳,1
3633,珂,3618,玡,1
3634,珈,6145,邸,1
3635,珉,2921,氓,1
3636,珊,394,册,1
3636,珊,1282,姗,1
3636,珊,3634,珈,1
3637,珍,1098,垮,1
3637,珍,1613,巧,1
3637,珍,4685,耠,1
3637,珍,5632,诊,1
3638,珏,6314,钰,1
3639,珐,3026,法,1
3641,珙,3639,珐,1
3643,珠,3064,洙,1
3643,珠,3621,玦,1
3643,珠,4187,秣,1
3644,珣,3687,瑜,1
3649,珰,3679,瑀,1
3652,球,5803,赇,1
3653,琅,4201,稂,1
3653,琅,6605,隐,1
3654,理,1062,坦,1
3654,理,1304,娌,1
3654,理,2531,望,1
3654,理,3561,狸,1
3655,琇,5670,诱,1
3656,琉,1149,塃,1
3656,琉,3622,玩,1
3656,琉,3670,琬,1
3659,琏,3135,涟,1
3660,琐,3091,浈,1
3660,琐,3123,消,1
3660,琐,3620,玥,1
3660,琐,3649,珰,1
3660,琐,3673,琰,1
3660,琐,3686,瑛,1
3660,琐,5685,谀,1
3663,琢,3614,玚,1
3663,琢,5681,诼,1
3664,琤,3666,琦,1
3665,琥,3635,珉,1
3665,琥,3691,瑭,1
3668,琪,2717,棋,1
3668,琪,3233,溟,1
3668,琪,3641,珙,1
3668,琪,5378,蜞,1
3673,琰,3168,淡,1
3674,琳,3645,珥,1
3675,琴,1229,契,1
3675,琴,3655,琇,1
3675,琴,3669,琫,1
3675,琴,6265,錾,1
3676,琵,887,喆,1
3676,琵,6646,震,1
3676,琵,6907,髭,1
3677,琶,2906,毡,1
3677,琶,3676,琵,1
3678,琼,424,凉,1
3678,琼,1613,巧,1
3678,琼,3613,玙,1
3678,琼,3671,琮,1
3678,琼,5367,蜉,1
3678,琼,5690,谅,1
3678,琼,6573,际,1
3678,琼,6588,除,1
3679,瑀,4165,福,1
3679,瑀,6923,魂,1
3680,瑁,3681,瑄,1
3680,瑁,5923,蹋,1
3682,瑕,947,嘏,1
3683,瑗,3694,瑷,1
3685,瑚,5405,蝴,1
3686,瑛,3631,玻,1
3686,瑛,3695,瑾,1
3686,瑛,5714,谟,1
3688,瑞,3679,瑀,1
3689,瑟,740,呢,1
3689,瑟,1330,婴,1
3689,瑟,1682,庋,1
3689,瑟,1813,忌,1
3689,瑟,1926,悲,1
3689,瑟,2366,敖,1
3689,瑟,2902,毖,1
3689,瑟,3638,珏,1
3689,瑟,3676,琵,1
3690,瑢,6592,陪,1
3692,瑰,3616,玟,1
3692,瑰,3670,琬,1
3693,瑶,2295,摇,1
3693,瑶,3612,玖,1
3693,瑶,3638,珏,1
3693,瑶,3639,珐,1
3693,瑶,3673,琰,1
3693,瑶,3678,琼,1
3693,瑶,3683,瑗,1
3694,瑷,1158,塥,1
3696,璀,3688,瑞,1
3698,璃,3281,漓,1
3698,璃,3666,琦,1
3698,璃,3716,瓘,1
3698,璃,5425,螭,1
3701,璈,3682,瑕,1
3702,璋,6862,骍,1
3706,璜,3680,瑁,1
3706,璜,3694,瑷,1
3707,璞,3708,璟,1
3709,璠,2322,播,1
3710,璧,3876,瘿,1
3710,璧,4284,笔,1
3711,璨,3662,琛,1
3714,璺,3475,爨,1
3715,瓒,3696,璀,1
3716,瓘,3696,璀,1
3717,瓜,163,众,1
3717,瓜,623,厕,1
3717,瓜,2423,旬,1
3720,瓢,1385,孤,1
3720,瓢,1747,弧,1
3720,瓢,5756,貅,1
3721,瓣,3722,瓤,1
3723,瓦,84,互,1
3723,瓦,646,反,1
3723,瓦,1615,巩,1
3723,瓦,2919,氐,1
3723,瓦,4875,自,1
3723,瓦,4949,芘,1
3724,瓮,364,兔,1
3724,瓮,709,含,1
3724,瓮,4642,羽,1
3724,瓮,5475,衰,1
3727,瓶,5562,觊,1
3728,瓷,1434,容,1
3728,瓷,3733,甏,1
3732,甍,3993,瞢,1
3732,甍,5261,薨,1
3735,甓,4866,臂,1
3735,甓,5546,襞,1
3736,甘,17,世,1
3738,甚,4983,苍,1
3738,甚,5058,荙,1
3739,甜,3658,琎,1
3739,甜,4982,苌,1
3739,甜,5103,莳,1
3739,甜,6208,酣,1
3740,生,359,先,1
3740,生,1050,坐,1
3740,生,2018,戍,1
3740,生,2905,毛,1
3740,生,3753,电,1
3741,甥,4688,耦,1
3742,用,207,佣,1
3742,用,1013,围,1
3742,用,2522,月,1
3743,甩,551,包,1
3744,甪,3742,用,1
3744,甪,4897,舟,1
3745,甫,1820,志,1
3746,甬,3744,甪,1
3747,甭,1239,奭,1
3749,田,743,周,1
3749,田,1007,团,1
3749,田,2512,曰,1
3750,由,33,中,1
3750,由,2513,曲,1
3750,由,3752,申,1
3751,甲,30,个,1
3751,甲,3742,用,1
3751,甲,3752,申,1
3751,甲,4606,罕,1
3752,申,393,冉,1
3752,申,3751,甲,1
3753,电,66,也,1
3753,电,707,吨,1
3753,电,1513,屯,1
3753,电,3743,甩,1
3753,电,3750,由,1
3754,男,659,另,1
3754,男,2436,昂,1
3755,甸,404,冢,1
3755,甸,553,匈,1
3755,甸,658,句,1
3757,画,12,丐,1
3757,画,395,再,1
3758,甾,1610,巢,1
3759,畀,3763,界,1
3760,畅,1288,姣,1
3760,畅,3505,物,1
3760,畅,6782,饧,1
3761,畈,3762,畋,1
3762,畋,3623,玫,1
3763,界,2590,果,1
3763,界,3759,畀,1
3763,界,4972,芹,1
3763,界,6643,霁,1
3764,畎,2461,昽,1
3765,畏,2464,晃,1
3765,畏,6503,长,1
3765,畏,7125,黑,1
3766,畔,776,咩,1
3767,留,4287,笛,1
3767,留,4883,舀,1
3767,留,6099,遇,1
3767,留,6108,遛,1
3768,畚,1226,奋,1
3768,畚,2451,春,1
3770,畜,1443,富,1
3770,畜,3902,皙,1
3770,畜,3915,盍,1
3770,畜,5203,蓄,1
3770,畜,5581,言,1
3770,畜,6710,音,1
3770,畜,6902,高,1
3771,略,2489,晾,1
3771,略,5798,赂,1
3772,畦,691,吐,1
3772,畦,2469,晓,1
3772,畦,4782,胯,1
3772,畦,6219,酲,1
3773,番,2465,晋,1
3773,番,3768,畚,1
3773,番,3959,眷,1
3773,番,4360,篓,1
3773,番,5164,著,1
3773,番,5238,蕃,1
3773,番,6829,香,1
3774,畯,829,唆,1
3774,畯,3965,睃,1
3774,畯,4809,脧,1
3777,畸,1127,埼,1
3777,畸,6205,酞,1
3781,疆,1749,弪,1
3781,疆,2344,攉,1
3782,疋,5549,襻,1
3784,疏,1594,嵫,1
3784,疏,1618,巯,1
3784,疏,2971,汲,1
3784,疏,6477,镜,1
3784,疏,6854,骄,1
3785,疑,4783,胰,1
3785,疑,5788,贸,1
3785,疑,6118,避,1
3785,疑,6170,郧,1
3788,疖,3798,疤,1
3789,疗,424,凉,1
3789,疗,1376,存,1
3789,疗,3652,球,1
3789,疗,3678,琼,1
3789,疗,3826,痔,1
3790,疙,2560,杞,1
3790,疙,3803,疮,1
3790,疙,3822,痉,1
3791,疚,163,众,1
3791,疚,2437,昃,1
3791,疚,3815,疾,1
3791,疚,3817,痃,1
3792,疝,3802,疭,1
3793,疟,3820,症,1
3795,疡,1776,彳,1
3795,疡,3133,涝,1
3795,疡,3801,疬,1
3795,疡,3819,病,1
3796,疢,1883,恢,1
3796,疢,3797,疣,1
3796,疢,3840,痰,1
3799,疥,3817,痃,1
3800,疫,2995,没,1
3800,疫,3791,疚,1
3800,疫,3811,疸,1
3801,疬,3828,痖,1
3802,疭,4976,苁,1
3803,疮,1689,庖,1
3803,疮,2726,棬,1
3803,疮,3790,疙,1
3804,疯,3792,疝,1
3804,疯,3810,疵,1
3805,疰,3833,痣,1
3806,疱,3803,疮,1
3807,疲,1780,彼,1
3807,疲,3800,疫,1
3807,疲,3849,瘅,1
3807,疲,5765,贡,1
3808,疳,3828,痖,1
3809,疴,3789,疗,1
3811,疸,3814,疽,1
3812,疹,3817,痃,1
3812,疹,3850,瘆,1
3813,疼,5072,荩,1
3814,疽,4186,租,1
3814,疽,4760,胆,1
3815,疾,3800,疫,1
3815,疾,3834,痤,1
3816,痂,3804,疯,1
3816,痂,3819,病,1
3817,痃,3880,癍,1
3819,病,3791,疚,1
3819,病,3804,疯,1
3820,症,3788,疖,1
3820,症,5978,轺,1
3821,痈,1444,寐,1
3821,痈,1648,席,1
3821,痈,3188,渖,1
3822,痉,3790,疙,1
3822,痉,3813,疼,1
3822,痉,3823,痊,1
3822,痉,3829,痘,1
3823,痊,3790,疙,1
3823,痊,3803,疮,1
3823,痊,3826,痔,1
3825,痒,3805,疰,1
3826,痔,3510,特,1
3826,痔,3831,痞,1
3827,痕,3564,狼,1
3829,痘,833,唐,1
3829,痘,1997,憧,1
3829,痘,3790,疙,1
3829,痘,3878,癃,1
3830,痛,3819,病,1
3830,痛,3821,痈,1
3831,痞,3486,爽,1
3831,痞,3812,疹,1
3831,痞,4862,膺,1
3832,痢,3211,湔,1
3832,痢,3852,瘌,1
3833,痣,3831,痞,1
3834,痤,3853,瘐,1
3836,痧,2691,桫,1
3838,痪,2199,换,1
3838,痪,2311,撅,1
3838,痪,2412,族,1
3838,痪,3874,瘼,1
3840,痰,1688,底,1
3840,痰,3827,痕,1
3840,痰,3846,瘀,1
3840,痰,3856,瘘,1
3840,痰,3857,瘙,1
3840,痰,3879,癌,1
3842,痴,3819,病,1
3842,痴,5445,蠃,1
3843,痹,1702,庳,1
3843,痹,3336,濞,1
3844,痼,3829,痘,1
3846,瘀,3807,疲,1
3847,瘁,1927,悴,1
3847,瘁,3596,獐,1
3847,瘁,3801,疬,1
3847,瘁,3818,痄,1
3847,瘁,3849,瘅,1
3848,瘃,3841,痱,1
3849,瘅,2663,栾,1
3849,瘅,3871,瘴,1
3852,瘌,5731,谰,1
3853,瘐,3872,瘵,1
3853,瘐,3876,瘿,1
3854,瘕,3830,痛,1
3858,瘛,3827,痕,1
3859,瘟,3575,猛,1
3859,瘟,3814,疽,1
3859,瘟,3879,癌,1
3862,瘤,3232,溜,1
3862,瘤,3859,瘟,1
3864,瘦,1709,庾,1
3864,瘦,1712,廋,1
3864,瘦,3827,痕,1
3865,瘩,3845,痿,1
3866,瘪,1709,庾,1
3866,瘪,3594,獍,1
3866,瘪,3881,癔,1
3867,瘫,2004,懈,1
3867,瘫,3813,疼,1
3867,瘫,3818,痄,1
3867,瘫,3880,癍,1
3871,瘴,3596,獐,1
3871,瘴,3849,瘅,1
3873,瘸,3862,瘤,1
3874,瘼,3871,瘴,1
3875,瘾,3881,癔,1
3875,瘾,6708,韬,1
3877,癀,3282,演,1
3879,癌,3857,瘙,1
3879,癌,3866,瘪,1
3879,癌,5718,谣,1
3880,癍,3867,瘫,1
3881,癔,3562,狺,1
3881,癔,3845,痿,1
3883,癜,2890,殿,1
3884,癞,3853,瘐,1
3885,癣,1719,廨,1
3886,癫,3883,癜,1
3888,癸,1232,奖,1
3888,癸,3509,牵,1
3888,癸,4010,矢,1
3889,登,2866,死,1
3889,登,3950,眢,1
3889,登,4330,签,1
3889,登,7019,鳘,1
3890,白,658,句,1
3890,白,2394,斥,1
3890,白,5603,让,1
3891,百,88,亘,1
3891,百,1491,局,1
3891,百,2523,有,1
3892,皂,359,先,1
3892,皂,1401,宅,1
3892,皂,2514,曳,1
3892,皂,4095,碧,1
3892,皂,6273,钅,1
3893,的,520,劢,1
3893,的,526,劬,1
3893,的,1246,妁,1
3893,的,1457,对,1
3893,的,2580,极,1
3893,的,3890,白,1
3893,的,4881,臼,1
3894,皆,848,唱,1
3894,皆,1533,岢,1
3894,皆,2421,旨,1
3894,皆,2443,昏,1
3894,皆,4044,砦,1
3894,皆,6004,辔,1
3895,皇,726,呈,1
3895,皇,1406,完,1
3895,皇,1862,性,1
3895,皇,1893,息,1
3896,皈,4904,般,1
3897,皋,6162,郗,1
3898,皎,6925,魄,1
3899,皑,3900,皓,1
3899,皑,3901,皖,1
3900,皓,3513,牿,1
3901,皖,771,咣,1
3901,皖,4806,脘,1
3901,皖,6974,鲩,1
3902,皙,1655,帽,1
3902,皙,1762,彗,1
3903,皤,4576,缡,1
3904,皮,359,先,1
3904,皮,393,冉,1
3904,皮,646,反,1
3904,皮,1192,处,1
3904,皮,2080,技,1
3904,皮,2971,汲,1
3904,皮,3750,由,1
3904,皮,6586,陡,1
3905,皱,1780,彼,1
3905,皱,2102,披,1
3905,皱,4051,破,1
3906,皲,4774,胥,1
3907,皴,1791,後,1
3907,皴,3906,皲,1
3909,盂,610,卷,1
3909,盂,3913,盉,1
3909,盂,3915,盍,1
3909,盂,3927,盥,1
3909,盂,4889,舌,1
3909,盂,6062,适,1
3910,盅,1824,忠,1
3910,盅,1918,患,1
3910,盅,3924,盘,1
3911,盆,1046,坌,1
3911,盆,6935,鱼,1
3912,盈,3911,盆,1
3912,盈,3920,盒,1
3912,盈,4647,翌,1
3912,盈,6935,鱼,1
3914,益,573,匾,1
3915,盍,1382,孟,1
3916,盎,3915,盍,1
3917,盏,3915,盍,1
3917,盏,3921,盔,1
3918,盐,6973,鲨,1
3919,监,36,临,1
3919,监,2861,步,1
3919,监,3269,滥,1
3919,监,3923,盗,1
3919,监,3926,盟,1
3919,监,6048,迨,1
3922,盖,886,善,1
3922,盖,1382,孟,1
3922,盖,3461,熹,1
3922,盖,3912,盈,1
3923,盗,775,咨,1
3923,盗,3914,益,1
3923,盗,5800,资,1
3924,盘,108,亶,1
3925,盛,1936,惑,1
3925,盛,3409,热,1
3925,盛,3911,盆,1
3926,盟,3919,监,1
3929,目,2419,旦,1
3929,目,2512,曰,1
3929,目,3890,白,1
3930,盯,1462,封,1
3931,盱,4697,耵,1
3932,盲,857,商,1
3932,盲,1421,宣,1
3932,盲,4237,窅,1
3932,盲,6710,音,1
3933,直,4875,自,1
3933,直,5006,苴,1
3934,相,2629,柯,1
3934,相,2676,桐,1
3934,相,5335,蛆,1
3935,盹,2903,毗,1
3935,盹,3943,眊,1
3935,盹,3954,眬,1
3936,盼,708,吩,1
3937,盾,229,侑,1
3937,盾,2158,指,1
3937,盾,2443,昏,1
3937,盾,4994,苜,1
3938,省,1545,岿,1
3938,省,1569,崔,1
3938,省,4875,自,1
3938,省,4991,苗,1
3938,省,4996,苟,1
3938,省,6254,重,1
3939,眄,3960,眸,1
3940,眇,717,吵,1
3941,眈,2453,昨,1
3942,眉,1491,局,1
3942,眉,1503,屑,1
3942,眉,4740,肩,1
3942,眉,5362,蜀,1
3944,看,2421,旨,1
3944,看,3947,眚,1
3944,看,3963,着,1
3944,看,6829,香,1
3946,眙,3936,盼,1
3948,真,361,克,1
3948,真,381,其,1
3948,真,3933,直,1
3949,眠,4824,腒,1
3951,眦,2903,毗,1
3952,眨,3769,畛,1
3952,眨,3953,眩,1
3952,眨,3968,睑,1
3952,眨,4779,胫,1
3953,眩,4797,脍,1
3953,眩,5776,贬,1
3953,眩,5801,赅,1
3955,眭,3943,眊,1
3956,眯,2453,昨,1
3956,眯,3955,眭,1
3957,眵,793,哆,1
3958,眶,801,哐,1
3958,眶,3945,眍,1
3958,眶,4801,脑,1
3959,眷,3963,着,1
3959,眷,4885,舂,1
3959,眷,5164,著,1
3959,眷,6963,鲞,1
3960,眸,2435,昀,1
3960,眸,4764,胖,1
3961,眺,1284,姚,1
3961,眺,2667,桃,1
3961,眺,3941,眈,1
3961,眺,3951,眦,1
3961,眺,3985,瞅,1
3962,眼,800,哏,1
3962,眼,2458,昵,1
3962,眼,3954,眬,1
3962,眼,5770,账,1
3963,着,3959,眷,1
3964,睁,752,呼,1
3965,睃,914,嗌,1
3965,睃,4809,脧,1
3968,睑,4815,脸,1
3969,睚,3958,眶,1
3970,睛,868,啧,1
3970,睛,3986,瞌,1
3970,睛,4818,腈,1
3970,睛,4844,腾,1
3971,睡,852,唾,1
3971,睡,2507,曛,1
3971,睡,3953,眩,1
3971,睡,4769,胜,1
3971,睡,5260,薤,1
3971,睡,6091,逶,1
3971,睡,6423,锤,1
3972,睢,846,唯,1
3972,睢,3971,睡,1
3973,督,4717,聱,1
3975,睦,3772,畦,1
3975,睦,3955,眭,1
3975,睦,4846,膀,1
3975,睦,6428,锩,1
3976,睨,3901,皖,1
3977,睫,4837,腱,1
3978,睬,3967,睐,1
3978,睬,3974,睥,1
3978,睬,3980,睽,1
3978,睬,3991,瞟,1
3978,睬,5903,踩,1
3979,睹,780,咭,1
3979,睹,3946,眙,1
3980,睽,3997,瞪,1
3982,睿,5205,蓉,1
3984,瞄,905,喵,1
3984,瞄,3955,眭,1
3984,瞄,4686,耢,1
3985,瞅,1959,愀,1
3988,瞎,1596,嵯,1
3988,瞎,4430,糟,1
3988,瞎,5815,赔,1
3990,瞒,2483,晰,1
3990,瞒,4848,膈,1
3992,瞠,4854,膛,1
3993,瞢,5204,蓇,1
3994,瞥,1734,弊,1
3994,瞥,4004,瞽,1
3994,瞥,4423,糌,1
3994,瞥,4847,膂,1
3995,瞧,2814,樵,1
3995,瞧,3976,睨,1
3995,瞧,3997,瞪,1
3997,瞪,3980,睽,1
3998,瞬,4895,舜,1
3999,瞭,963,嘹,1
4001,瞳,1562,峰,1
4001,瞳,4861,膳,1
4001,瞳,5921,蹉,1
4002,瞵,3705,璘,1
4003,瞻,5827,赡,1
4005,瞿,6619,雀,1
4008,矛,1459,寻,1
4008,矛,2617,柔,1
4009,矜,1319,婀,1
4009,矜,1749,弪,1
4009,矜,3812,疹,1
4009,矜,3907,皴,1
4009,矜,4408,粥,1
4010,矢,592,卞,1
4011,矣,1105,埃,1
4011,矣,3500,牟,1
4012,知,5375,蜘,1
4014,矩,4018,矮,1
4017,短,23,丝,1
4017,短,3384,炷,1
4018,矮,1328,婪,1
4019,石,10,不,1
4019,石,355,元,1
4019,石,671,右,1
4019,石,1614,巨,1
4020,矶,4024,矾,1
4022,矻,4048,砭,1
4022,矻,4057,砼,1
4023,矽,3750,由,1
4023,矽,4031,砍,1
4023,矽,4048,砭,1
4024,矾,4023,矽,1
4024,矾,6763,飒,1
4025,矿,4021,矸,1
4025,矿,5643,试,1
4026,砀,4071,硝,1
4027,码,3615,玛,1
4027,码,4023,矽,1
4027,码,4024,矾,1
4027,码,4060,硁,1
4027,码,7038,鸩,1
4028,砂,2991,沙,1
4028,砂,4183,秒,1
4030,砌,4026,砀,1
4031,砍,4038,砚,1
4031,砍,4054,砹,1
4031,砍,4074,硬,1
4031,砍,4079,碇,1
4032,砑,3618,玡,1
4033,砒,3029,泚,1
4033,砒,4028,砂,1
4033,砒,5866,跏,1
4034,研,1254,妍,1
4034,研,2397,斫,1
4034,研,4050,砰,1
4035,砖,3631,玻,1
4035,砖,4021,矸,1
4035,砖,4075,硭,1
4035,砖,4120,礅,1
4035,砖,6002,辒,1
4036,砗,4027,码,1
4038,砚,3626,现,1
4038,砚,5555,观,1
4040,砝,4061,硅,1
4043,砥,4032,砑,1
4045,砧,1396,孽,1
4045,砧,2906,毡,1
4047,砬,4048,砭,1
4047,砬,4077,硷,1
4047,砬,6618,难,1
4048,砭,4040,砝,1
4048,砭,4060,硁,1
4050,砰,1065,坪,1
4050,砰,2397,斫,1
4050,砰,3664,琤,1
4050,砰,4034,研,1
4051,破,159,伎,1
4051,破,4046,砩,1
4051,破,4054,砹,1
4052,砷,412,冲,1
4053,砸,755,咂,1
4058,砾,4043,砥,1
4058,砾,7165,齉,1
4059,础,3584,猫,1
4059,础,4899,舢,1
4061,硅,4035,砖,1
4061,硅,4037,砘,1
4061,硅,4047,砬,1
4061,硅,4057,砼,1
4061,硅,4059,础,1
4061,硅,4102,碹,1
4061,硅,4792,能,1
4061,硅,4894,舛,1
4061,硅,5881,跬,1
4065,硐,4080,碉,1
4066,硒,26,两,1
4066,硒,3903,皤,1
4067,硕,4032,砑,1
4067,硕,4038,砚,1
4067,硕,4089,碛,1
4067,硕,6717,项,1
4067,硕,6721,顽,1
4067,硕,6732,颈,1
4070,硚,1301,娇,1
4071,硝,328,储,1
4071,硝,3905,皱,1
4074,硬,2355,改,1
4074,硬,2868,殁,1
4074,硬,4058,砾,1
4074,硬,4079,碇,1
4074,硬,4122,礓,1
4076,确,254,俑,1
4076,确,4071,硝,1
4076,确,4165,福,1
4077,硷,2879,殓,1
4077,硷,4057,砼,1
4078,硼,4537,绷,1
4078,硼,5931,蹦,1
4079,碇,4047,砬,1
4080,碉,5688,调,1
4082,碍,4026,砀,1
4082,碍,4081,碌,1
4082,碍,4093,碣,1
4082,碍,5895,踌,1
4082,碍,6417,锝,1
4083,碎,113,什,1
4083,碎,812,哞,1
4083,碎,4036,砗,1
4083,碎,4042,砣,1
4083,碎,4050,砰,1
4083,碎,6013,辞,1
4083,碎,6014,辟,1
4083,碎,6374,铲,1
4084,碑,4036,砗,1
4084,碑,4050,砰,1
4084,碑,4083,碎,1
4084,碑,4158,祼,1
4084,碑,5519,裨,1
4084,碑,6014,辟,1
4084,碑,6595,陴,1
4086,碗,3778,畹,1
4086,碗,3901,皖,1
4086,碗,4108,磋,1
4086,碗,5743,豌,1
4087,碘,2875,殊,1
4087,碘,4035,砖,1
4088,碚,4098,碲,1
4088,碚,5719,谤,1
4091,碟,892,喋,1
4091,碟,2875,殊,1
4091,碟,4106,磉,1
4091,碟,5914,蹀,1
4095,碧,893,喏,1
4096,碰,802,哑,1
4096,碰,3828,痖,1
4096,碰,4104,磁,1
4096,碰,4108,磋,1
4096,碰,5910,踶,1
4096,碰,6489,镨,1
4096,碰,6618,难,1
4097,碱,891,喊,1
4097,碱,2136,拣,1
4097,碱,2876,残,1
4097,碱,4072,硪,1
4098,碲,5917,蹄,1
4100,碴,4089,碛,1
4100,碴,4102,碹,1
4100,碴,5918,蹅,1
4101,碶,4106,磉,1
4103,碾,2407,旅,1
4103,碾,4088,碚,1
4104,磁,635,厶,1
4104,磁,923,嗞,1
4104,磁,4047,砬,1
4105,磅,4090,碜,1
4105,磅,4098,碲,1
4107,磊,4442,累,1
4108,磋,4047,砬,1
4109,磐,5739,豁,1
4109,磐,5953,躬,1
4110,磔,4091,碟,1
4111,磕,4035,砖,1
4111,磕,4040,砝,1
4111,磕,4088,碚,1
4111,磕,4089,碛,1
4111,磕,4092,碡,1
4113,磨,3865,瘩,1
4115,磲,4106,磉,1
4116,磴,6884,骥,1
4117,磷,6088,逮,1
4118,磺,4099,碳,1
4118,磺,4122,礓,1
4118,磺,4384,簧,1
4121,礌,4092,碡,1
4122,礓,345,僵,1
4124,礤,4091,碟,1
4127,示,97,亦,1
4127,示,374,六,1
4127,示,1370,子,1
4127,示,2546,杀,1
4127,示,4436,系,1
4128,礻,2944,永,1
4129,礼,2539,札,1
4129,礼,4134,祆,1
4130,社,357,充,1
4130,社,3359,灶,1
4130,社,3534,狂,1
4130,社,4129,礼,1
4130,社,4136,祉,1
4130,社,4469,纰,1
4130,社,5478,衽,1
4132,祁,608,却,1
4134,祆,5521,裱,1
4135,祈,4148,祢,1
4136,祉,2858,止,1
4137,祎,4143,祜,1
4138,祓,5498,袯,1
4138,祓,6323,钹,1
4139,祖,1270,妲,1
4139,祖,1783,徂,1
4139,祖,3018,泄,1
4139,祖,4136,祉,1
4139,祖,5558,视,1
4139,祖,6566,阻,1
4140,祗,4043,砥,1
4141,祚,4297,笮,1
4143,祜,4503,结,1
4144,祝,414,况,1
4144,祝,4709,职,1
4145,神,751,呻,1
4145,神,5490,袖,1
4146,祟,1544,岽,1
4146,祟,2630,柰,1
4146,祟,4402,粜,1
4146,祟,5153,萦,1
4147,祠,184,伺,1
4147,祠,1737,弑,1
4147,祠,5518,裥,1
4148,祢,4158,祼,1
4149,祥,1740,弗,1
4149,祥,2602,枰,1
4149,祥,4141,祚,1
4149,祥,4155,祷,1
4149,祥,4163,禅,1
4149,祥,6017,辩,1
4150,祧,2667,桃,1
4150,祧,4157,祺,1
4151,票,103,亭,1
4151,票,1410,宗,1
4151,票,2650,栗,1
4151,票,4442,累,1
4151,票,5551,要,1
4153,祯,4150,祧,1
4155,祷,264,俦,1
4155,祷,5537,褥,1
4155,祷,6380,铸,1
4157,祺,2717,棋,1
4157,祺,4163,禅,1
4160,禀,5531,褒,1
4161,禁,1928,悸,1
4161,禁,2703,梦,1
4162,禄,4137,祎,1
4162,禄,4217,稼,1
4162,禄,4545,绿,1
4162,禄,4637,羰,1
4162,禄,5681,诼,1
4163,禅,4084,碑,1
4163,禅,4149,祥,1
4163,禅,4164,禊,1
4164,禊,4166,禚,1
4165,福,4066,硒,1
4165,福,4257,窳,1
4166,禚,4168,禧,1
4168,禧,4169,禳,1
4169,禳,1817,忑,1
4170,禹,1263,妥,1
4170,禹,4171,禺,1
4171,禺,4170,禹,1
4172,离,1644,帝,1
4172,离,3281,漓,1
4172,离,4944,芎,1
4172,离,5353,蛮,1
4172,离,5746,象,1
4173,禽,973,噙,1
4173,禽,1233,套,1
4174,禾,56,乐,1
4174,禾,1626,币,1
4174,禾,2536,未,1
4174,禾,4127,示,1
4176,私,3363,灿,1
4176,私,4183,秒,1
4177,秃,4393,类,1
4178,秆,4182,科,1
4178,秆,4188,秤,1
4179,秉,2537,末,1
4179,秉,2617,柔,1
4179,秉,2628,柬,1
4180,秋,2544,机,1
4180,秋,4176,私,1
4180,秋,4183,秒,1
4181,种,4178,秆,1
4182,科,2389,斜,1
4182,科,2629,柯,1
4182,科,4181,种,1
4183,秒,1766,形,1
4183,秒,2082,抄,1
4183,秒,4028,砂,1
4183,秒,4185,秘,1
4184,秕,2075,批,1
4185,秘,4183,秒,1
4185,秘,4184,秕,1
4185,秘,4796,脊,1
4186,租,3658,琎,1
4186,租,4400,粗,1
4186,租,6060,退,1
4186,租,6327,钽,1
4187,秣,2587,林,1
4187,秣,4191,秩,1
4188,秤,4183,秒,1
4188,秤,4186,租,1
4189,秦,1461,寿,1
4189,秦,2451,春,1
4189,秦,5082,荼,1
4190,秧,4194,积,1
4191,秩,2074,扶,1
4191,秩,3044,泱,1
4191,秩,3370,炔,1
4191,秩,3508,牲,1
4191,秩,4180,秋,1
4191,秩,6349,铗,1
4194,积,5558,视,1
4195,称,1792,徐,1
4195,称,2638,标,1
4195,称,4148,祢,1
4195,称,4192,秫,1
4195,称,4208,稗,1
4195,称,4213,稳,1
4195,称,6135,邪,1
4196,秸,217,佶,1
4196,秸,2184,捂,1
4196,秸,2679,桔,1
4196,秸,4203,稆,1
4196,秸,4204,程,1
4197,移,2150,拶,1
4197,移,2557,杓,1
4197,移,3572,猕,1
4197,移,4196,秸,1
4197,移,4207,稔,1
4197,移,4216,稻,1
4197,移,4912,舶,1
4197,移,5986,辂,1
4198,秽,4197,移,1
4198,秽,4205,稍,1
4200,稀,2475,晞,1
4200,稀,4333,箍,1
4201,稂,2660,根,1
4201,稂,4199,秾,1
4202,稃,2692,桴,1
4203,稆,4194,积,1
4203,稆,6354,铝,1
4204,程,1112,埕,1
4204,程,2583,枉,1
4204,程,4398,粒,1
4205,稍,4687,耥,1
4205,稍,4918,艄,1
4206,税,2183,挽,1
4206,税,4191,秩,1
4206,税,4194,积,1
4206,税,4203,稆,1
4206,税,4204,程,1
4208,稗,296,倬,1
4208,稗,4210,稞,1
4209,稚,3511,牺,1
4209,稚,3566,猃,1
4209,稚,4196,秸,1
4211,稠,2774,榈,1
4211,稠,3620,玥,1
4211,稠,5995,辋,1
4212,稣,6944,鲆,1
4213,稳,1939,惚,1
4213,稳,2565,杧,1
4213,稳,4194,积,1
4213,稳,4201,稂,1
4215,稹,3948,真,1
4215,稹,6456,镇,1
4216,稻,4165,福,1
4216,稻,4224,穗,1
4216,稻,6458,镉,1
4217,稼,1345,嫁,1
4217,稼,2750,椽,1
4217,稼,3504,牧,1
4217,稼,4162,禄,1
4218,稽,286,倚,1
4218,稽,459,划,1
4218,稽,1583,嵇,1
4218,稽,2414,旖,1
4218,稽,4223,穑,1
4218,稽,4708,聋,1
4219,稿,4202,稃,1
4219,稿,4215,稹,1
4222,穆,2798,槜,1
4222,穆,3850,瘆,1
4222,穆,4197,移,1
4222,穆,4418,糁,1
4224,穗,1805,德,1
4224,穗,2349,攮,1
4224,穗,4207,稔,1
4224,穗,4425,糕,1
4224,穗,6499,镳,1
4226,穴,93,亡,1
4226,穴,662,只,1
4226,穴,1399,它,1
4226,穴,1406,完,1
4226,穴,2840,欠,1
4226,穴,2841,次,1
4227,究,1400,宄,1
4227,究,1406,完,1
4227,究,1425,宪,1
4227,究,2257,揪,1
4227,究,4233,窀,1
4227,究,4234,突,1
4227,究,4242,窒,1
4228,穷,521,劣,1
4228,穷,659,另,1
4228,穷,1212,夯,1
4228,穷,1411,官,1
4228,穷,1420,客,1
4228,穷,4235,窃,1
4230,穹,1434,容,1
4231,空,139,令,1
4231,空,1406,完,1
4231,空,1416,宝,1
4231,空,1422,室,1
4232,穿,4606,罕,1
4234,突,366,兖,1
4234,突,1422,室,1
4234,突,1425,宪,1
4234,突,3362,灾,1
4235,窃,4239,窈,1
4235,窃,4240,窍,1
4235,窃,5752,豸,1
4236,窄,3724,瓮,1
4236,窄,4297,笮,1
4237,窅,1421,宣,1
4238,窆,4227,究,1
4239,窈,4519,绤,1
4240,窍,1407,宏,1
4240,窍,1434,容,1
4240,窍,2043,房,1
4240,窍,4227,究,1
4240,窍,4228,穷,1
4240,窍,4230,穹,1
4241,窑,2671,案,1
4241,窑,4437,紊,1
4242,窒,1157,塞,1
4242,窒,1416,宝,1
4242,窒,3605,玄,1
4242,窒,6952,鲎,1
4244,窖,886,善,1
4244,窖,1434,容,1
4244,窖,1436,宾,1
4244,窖,1507,屠,1
4244,窖,5587,誉,1
4244,窖,6659,露,1
4245,窗,1437,宿,1
4245,窗,3916,盎,1
4245,窗,3932,盲,1
4245,窗,4237,窅,1
4246,窘,1349,嫒,1
4246,窘,4232,穿,1
4246,窘,4247,窜,1
4246,窘,4328,筻,1
4246,窘,6619,雀,1
4247,窜,686,吊,1
4247,窜,1639,帘,1
4247,窜,4251,窣,1
4248,窝,466,初,1
4248,窝,1367,嬴,1
4248,窝,1443,富,1
4248,窝,4241,窑,1
4248,窝,4361,篙,1
4249,窟,405,冤,1
4249,窟,2622,柝,1
4249,窟,4258,窸,1
4250,窠,4242,窒,1
4252,窥,107,亵,1
4252,窥,497,剜,1
4252,窥,4257,窳,1
4253,窦,4255,窬,1
4254,窨,6940,鲁,1
4260,立,18,丘,1
4260,立,41,主,1
4260,立,84,互,1
4260,立,376,兰,1
4260,立,2401,方,1
4260,立,4453,纟,1
4260,立,5836,走,1
4260,立,6021,辶,1
4263,站,790,品,1
4264,竞,104,亮,1
4264,竞,357,充,1
4264,竞,1479,尧,1
4265,竟,2404,旁,1
4265,竟,2937,氪,1
4266,章,1428,宰,1
4266,章,4624,羊,1
4266,章,6012,辜,1
4267,竣,3153,淀,1
4267,竣,5621,设,1
4268,童,6256,量,1
4269,竦,3127,涑,1
4269,竦,4646,翊,1
4270,竭,3202,渴,1
4270,竭,5401,蝤,1
4270,竭,5530,褐,1
4271,端,4566,编,1
4271,端,5689,谄,1
4272,竹,1038,圹,1
4272,竹,3487,爿,1
4272,竹,5460,行,1
4272,竹,5596,订,1
4272,竹,6789,饮,1
4273,竺,2886,殳,1
4274,竽,4318,筜,1
4275,竿,2901,毕,1
4275,竿,4274,竽,1
4275,竿,4284,笔,1
4275,竿,4606,罕,1
4275,竿,4624,羊,1
4276,笃,6853,骂,1
4276,笃,6871,骘,1
4277,笄,4275,竿,1
4277,笄,4280,笊,1
4277,笄,4884,舁,1
4278,笆,1519,岂,1
4280,笊,5504,装,1
4281,笋,4274,竽,1
4281,笋,4278,笆,1
4282,笏,2390,斝,1
4282,笏,3795,疡,1
4282,笏,4298,笱,1
4283,笑,359,先,1
4283,笑,716,吴,1
4283,笑,820,哭,1
4283,笑,1417,实,1
4283,笑,1471,尖,1
4283,笑,3368,炎,1
4283,笑,4010,矢,1
4283,笑,4527,续,1
4283,笑,4882,臾,1
4284,笔,2438,昆,1
4284,笔,2901,毕,1
4284,笔,4520,绥,1
4285,笕,5557,觅,1
4286,笙,4161,禁,1
4286,笙,4293,笨,1
4286,笙,4310,筐,1
4286,笙,4777,胩,1
4286,笙,4973,芼,1
4286,笙,5351,蛩,1
4286,笙,6260,銍,1
4286,笙,6935,鱼,1
4287,笛,3919,监,1
4287,笛,4286,笙,1
4287,笛,4369,篮,1
4287,笛,5569,角,1
4289,笠,4262,竖,1
4289,笠,4330,签,1
4289,笠,4376,簉,1
4290,笤,1046,坌,1
4290,笤,1838,忿,1
4290,笤,3210,湓,1
4290,笤,6906,髫,1
4292,符,1693,府,1
4292,符,1795,得,1
4293,笨,43,举,1
4293,笨,4322,筮,1
4293,笨,5082,荼,1
4294,笪,6126,邕,1
4295,笫,4282,笏,1
4295,笫,4390,籍,1
4296,第,3170,淦,1
4296,第,3496,牙,1
4296,第,4277,笄,1
4296,第,4287,笛,1
4296,第,4306,等,1
4296,第,4314,策,1
4298,笱,4282,笏,1
4299,笳,4277,笄,1
4301,笺,1249,妄,1
4301,笺,2016,戋,1
4301,笺,4279,笈,1
4301,笺,4284,笔,1
4301,笺,6515,间,1
4302,笼,364,兔,1
4302,笼,5022,茏,1
4303,笾,4369,篮,1
4303,笾,6706,韪,1
4304,筅,359,先,1
4304,筅,6601,隈,1
4304,筅,6904,髡,1
4305,筇,4311,筑,1
4306,等,52,乌,1
4306,等,1458,寺,1
4306,等,2630,柰,1
4306,等,4232,穿,1
4306,等,4293,笨,1
4306,等,5002,苦,1
4307,筋,523,助,1
4308,筌,5048,荃,1
4309,筏,4280,笊,1
4309,筏,4960,芪,1
4310,筐,1570,崖,1
4311,筑,3726,瓴,1
4311,筑,4299,笳,1
4311,筑,4305,筇,1
4311,筑,4451,纂,1
4311,筑,5739,豁,1
4312,筒,1473,尚,1
4312,筒,4298,笱,1
4312,筒,4331,简,1
4312,筒,4994,苜,1
4312,筒,6782,饧,1
4312,筒,6793,饲,1
4313,答,1524,岑,1
4313,答,3865,瘩,1
4313,答,4244,窖,1
4313,答,4349,箬,1
4313,答,5584,訾,1
4313,答,5586,詹,1
4313,答,7019,鳘,1
4314,策,1458,寺,1
4314,策,4293,笨,1
4314,策,4295,笫,1
4314,策,4365,篢,1
4316,筚,2390,斝,1
4317,筛,1546,峁,1
4317,筛,2408,旆,1
4317,筛,3919,监,1
4317,筛,6337,铈,1
4317,筛,7020,鳙,1
4319,筝,77,争,1
4319,筝,4281,笋,1
4319,筝,4318,筜,1
4320,筠,4517,绢,1
4322,筮,4302,笼,1
4324,筲,1431,宵,1
4324,筲,4312,筒,1
4324,筲,4361,篙,1
4325,筵,4369,篮,1
4325,筵,6049,迩,1
4326,筷,3815,疾,1
4328,筻,4314,策,1
4329,筼,5775,贫,1
4330,签,4289,笠,1
4330,签,4294,笪,1
4330,签,4308,筌,1
4331,简,327,傧,1
4331,简,6793,饲,1
4332,箅,2390,斝,1
4332,箅,4338,算,1
4334,箐,4363,篝,1
4335,箓,4306,等,1
4336,箔,3021,泊,1
4336,箔,3258,滔,1
4336,箔,4569,缙,1
4336,箔,5133,菲,1
4336,箔,6791,饰,1
4336,箔,6799,饸,1
4337,箕,4364,篡,1
4338,算,1732,弇,1
4338,算,4304,筅,1
4338,算,4884,舁,1
4339,箜,977,器,1
4339,箜,4294,笪,1
4339,箜,4330,签,1
4340,箝,4315,筘,1
4341,管,894,喑,1
4341,管,1130,堂,1
4341,管,4288,笞,1
4341,管,4295,笫,1
4341,管,4313,答,1
4341,管,4346,箩,1
4341,管,7048,鸳,1
4342,箢,2904,毙,1
4342,箢,4304,筅,1
4343,箦,4359,篑,1
4344,箧,4310,筐,1
4344,箧,4312,筒,1
4345,箨,6148,邻,1
4346,箩,1194,复,1
4346,箩,4229,穸,1
4346,箩,4276,笃,1
4347,箪,4614,罩,1
4348,箫,4335,箓,1
4348,箫,4373,篾,1
4349,箬,4353,箸,1
4349,箬,5091,莙,1
4350,箭,478,券,1
4350,箭,814,哥,1
4350,箭,4355,篆,1
4351,箱,4390,籍,1
4351,箱,4399,粕,1
4351,箱,4400,粗,1
4351,箱,5165,葙,1
4351,箱,6478,镝,1
4351,箱,6512,闱,1
4351,箱,6840,驵,1
4353,箸,4334,箐,1
4353,箸,4336,箔,1
4355,篆,404,冢,1
4355,篆,1761,彖,1
4355,篆,3368,炎,1
4356,篇,3919,监,1
4356,篇,4313,答,1
4357,篊,2958,汛,1
4357,篊,3131,涘,1
4360,篓,1285,姜,1
4360,篓,1295,姿,1
4360,篓,1305,娑,1
4360,篓,4301,笺,1
4360,篓,4359,篑,1
4360,篓,5186,蒌,1
4361,篙,4370,篱,1
4361,篙,4382,簠,1
4363,篝,4359,篑,1
4364,篡,5217,蓦,1
4365,篢,4343,箦,1
4365,篢,4359,篑,1
4366,篥,4335,箓,1
4370,篱,1880,恙,1
4370,篱,4248,窝,1
4370,篱,4296,第,1
4370,篱,4361,篙,1
4371,篷,4355,篆,1
4371,篷,6085,逢,1
4371,篷,6110,遣,1
4371,篷,6111,遥,1
4374,簃,4390,籍,1
4376,簉,4611,罡,1
4377,簋,4382,簠,1
4378,簌,4389,籁,1
4381,簟,4614,罩,1
4381,簟,5552,覃,1
4382,簠,6952,鲎,1
4383,簦,4369,篮,1
4384,簧,1203,夤,1
4384,簧,4314,策,1
4384,簧,4361,篙,1
4384,簧,4383,簦,1
4384,簧,6760,风,1
4385,簪,2488,智,1
4385,簪,4275,竿,1
4386,簸,2399,斯,1
4386,簸,2850,欺,1
4386,簸,4378,簌,1
4386,簸,4389,籁,1
4386,簸,4698,耶,1
4387,簿,4327,筹,1
4387,簿,5074,荫,1
4387,簿,5280,蘅,1
4388,籀,4333,箍,1
4389,籁,4368,篪,1
4390,籍,4374,簃,1
4390,籍,5269,藉,1
4391,米,33,中,1
4391,米,516,办,1
4391,米,581,半,1
4391,米,2564,来,1
4393,类,1298,娄,1
4393,类,3056,洄,1
4393,类,4409,粪,1
4393,类,4951,芜,1
4393,类,5037,茯,1
4394,籼,6251,釉,1
4395,籽,1464,将,1
4395,籽,2361,敉,1
4395,籽,4678,耔,1
4396,粉,708,吩,1
4396,粉,2551,杉,1
4396,粉,4403,粝,1
4396,粉,5350,蛤,1
4398,粒,4681,耗,1
4398,粒,5817,赖,1
4399,粕,2396,斩,1
4399,粕,3632,珀,1
4399,粕,6251,釉,1
4400,粗,2721,棘,1
4401,粘,1995,憖,1
4401,粘,4396,粉,1
4401,粘,4682,耘,1
4401,粘,4684,耜,1
4401,粘,5784,贴,1
4402,粜,105,亲,1
4402,粜,5101,莱,1
4403,粝,4404,粞,1
4405,粟,78,事,1
4405,粟,1235,奚,1
4405,粟,4151,票,1
4406,粢,1295,姿,1
4406,粢,4412,粲,1
4407,粤,1748,弩,1
4407,粤,6634,雩,1
4408,粥,3166,淞,1
4409,粪,4393,类,1
4409,粪,7121,黉,1
4410,粮,2660,根,1
4410,粮,3355,灭,1
4411,粱,401,军,1
4411,粱,4406,粢,1
4412,粲,4415,粼,1
4413,粳,4395,籽,1
4413,粳,4431,糠,1
4414,粹,3395,烊,1
4414,粹,4398,粒,1
4415,粼,4416,粽,1
4416,粽,4418,糁,1
4417,精,2702,梢,1
4418,糁,4420,糇,1
4420,糇,4423,糌,1
4423,糌,4424,糍,1
4425,糕,2294,摆,1
4425,糕,4424,糍,1
4425,糕,4628,羔,1
4426,糖,653,叛,1
4426,糖,833,唐,1
4426,糖,2284,搪,1
4426,糖,4431,糠,1
4427,糗,3243,溴,1
4428,糙,1986,慥,1
4428,糙,2124,拒,1
4428,糙,2792,槌,1
4428,糙,4420,糇,1
4429,糜,4434,糵,1
4429,糜,4446,綮,1
4430,糟,2812,樯,1
4431,糠,1991,慷,1
4431,糠,2320,撩,1
4431,糠,4413,粳,1
4433,糯,2255,揣,1
4433,糯,2716,棉,1
4433,糯,3451,熘,1
4433,糯,4421,糈,1
4434,糵,2834,檗,1
4434,糵,4723,肇,1
4434,糵,5061,荜,1
4436,系,56,乐,1
4436,系,96,亥,1
4436,系,102,京,1
4436,系,105,亲,1
4436,系,2155,拿,1
4436,系,4127,示,1
4436,系,4438,素,1
4437,紊,4445,綦,1
4437,紊,5148,萘,1
4438,素,1228,奏,1
4438,素,2553,李,1
4438,素,4437,紊,1
4439,索,588,卖,1
4439,索,1379,孛,1
4439,索,2553,李,1
4439,索,4437,紊,1
4439,索,5830,赤,1
4440,紧,863,啜,1
4440,紧,4442,累,1
4441,紫,443,出,1
4441,紫,1386,孥,1
4441,紫,1387,学,1
4441,紫,1544,岽,1
4441,紫,4306,等,1
4441,紫,5584,訾,1
4442,累,351,儡,1
4442,累,2482,景,1
4442,累,4608,罘,1
4443,絮,1879,恕,1
4443,絮,2605,架,1
4443,絮,4440,紧,1
4444,絷,2164,挚,1
4445,綦,4437,紊,1
4445,綦,4959,芩,1
4446,綮,2725,棨,1
4446,綮,5153,萦,1
4447,縻,4429,糜,1
4447,縻,5281,蘑,1
4448,繁,4306,等,1
4450,繇,7084,鹞,1
4451,纂,4174,禾,1
4451,纂,4445,綦,1
4453,纟,68,乡,1
4454,纠,121,仉,1
4454,纠,1279,姒,1
4454,纠,4135,祈,1
4454,纠,4227,究,1
4454,纠,4458,纤,1
4455,纡,4482,纾,1
4456,红,114,仁,1
4456,红,5601,讧,1
4457,纣,4455,纡,1
4458,纤,113,什,1
4458,纤,4454,纠,1
4458,纤,4473,纴,1
4458,纤,5600,讦,1
4460,约,2954,汐,1
4460,约,4458,纤,1
4460,约,4463,纩,1
4460,约,4493,绉,1
4460,约,6782,饧,1
4461,级,157,伋,1
4461,级,646,反,1
4461,级,3161,淑,1
4461,级,3304,潟,1
4461,级,4491,织,1
4461,级,5762,贝,1
4461,级,5773,贩,1
4461,级,6788,饭,1
4462,纨,60,乖,1
4464,纪,112,亿,1
4464,纪,354,允,1
4464,纪,1248,妃,1
4464,纪,1782,征,1
4464,纪,1879,恕,1
4464,纪,2900,比,1
4464,纪,6792,饱,1
4465,纫,135,仞,1
4465,纫,605,印,1
4465,纫,1242,奶,1
4465,纫,1673,幻,1
4465,纫,4538,绸,1
4466,纬,1790,律,1
4466,纬,4544,绾,1
4466,纬,6702,韦,1
4467,纭,4479,纺,1
4467,纭,4499,经,1
4467,纭,4507,绘,1
4468,纯,2900,比,1
4468,纯,5636,诎,1
4470,纱,115,仂,1
4470,纱,116,仃,1
4470,纱,1198,外,1
4470,纱,1468,少,1
4470,纱,3369,炒,1
4471,纲,4472,纳,1
4471,纲,5620,讽,1
4471,纲,6300,钢,1
4471,纲,6506,闪,1
4472,纳,1674,幼,1
4472,纳,4462,纨,1
4472,纳,5615,讷,1
4474,纵,4461,级,1
4474,纵,6146,邹,1
4475,纶,175,伧,1
4475,纶,4508,给,1
4475,纶,6325,钻,1
4476,纷,452,分,1
4476,纷,3061,洑,1
4476,纷,3619,玢,1
4476,纷,4396,粉,1
4476,纷,4467,纭,1
4476,纷,4479,纺,1
4476,纷,4482,纾,1
4476,纷,4493,绉,1
4476,纷,4500,绐,1
4477,纸,191,低,1
4477,纸,1265,妩,1
4477,纸,4458,纤,1
4478,纹,1241,奴,1
4478,纹,2353,收,1
4478,纹,2354,攸,1
4478,纹,3616,玟,1
4478,纹,4513,绞,1
4478,纹,6032,运,1
4479,纺,68,乡,1
4479,纺,172,伤,1
4479,纺,619,厉,1
4479,纺,2964,污,1
4479,纺,4476,纷,1
4479,纺,4519,绤,1
4480,纻,177,伫,1
4481,纽,1260,妞,1
4481,纽,3101,浓,1
4481,纽,3749,田,1
4483,线,161,伐,1
4483,线,1312,娥,1
4483,线,2017,戌,1
4483,线,5643,试,1
4485,绁,3018,泄,1
4485,绁,4481,纽,1
4486,绂,6323,钹,1
4487,练,288,倞,1
4487,练,417,冻,1
4487,练,4170,禹,1
4488,组,1789,徊,1
4488,组,4186,租,1
4488,组,4481,纽,1
4488,组,4491,织,1
4489,绅,146,仲,1
4489,绅,2947,汁,1
4490,细,257,俚,1
4490,细,604,卯,1
4490,细,3028,泗,1
4490,细,3057,洇,1
4490,细,4481,纽,1
4491,织,189,但,1
4491,织,271,俱,1
4491,织,1778,役,1
4491,织,3389,炽,1
4491,织,6355,铞,1
4492,终,768,咚,1
4492,终,4459,纥,1
4492,终,4511,络,1
4492,终,5666,语,1
4493,绉,6810,馅,1
4494,绊,2996,沣,1
4494,绊,4466,纬,1
4494,绊,4489,绅,1
4494,绊,6315,钱,1
4496,绌,6794,饳,1
4497,绍,4567,缗,1
4497,绍,6354,铝,1
4498,绎,2449,星,1
4498,绎,3065,洚,1
4498,绎,4507,绘,1
4498,绎,5639,译,1
4499,经,223,侄,1
4499,经,3030,泛,1
4499,经,4461,级,1
4499,经,4492,终,1
4499,经,4507,绘,1
4499,经,4511,络,1
4499,经,6352,铛,1
4500,绐,3012,治,1
4500,绐,5630,诈,1
4501,绑,4532,绲,1
4501,绑,6150,邾,1
4502,绒,1312,娥,1
4502,绒,4550,缄,1
4502,绒,4559,缎,1
4502,绒,5643,试,1
4503,结,217,佶,1
4503,结,258,俜,1
4503,结,400,写,1
4503,结,4143,祜,1
4503,结,4508,给,1
4503,结,5625,诂,1
4505,绕,359,先,1
4505,绕,2904,毙,1
4506,绗,3647,珩,1
4506,绗,4476,纷,1
4507,绘,4500,绐,1
4507,绘,6959,鲙,1
4508,给,255,俗,1
4508,给,416,冷,1
4508,给,684,合,1
4508,给,1276,始,1
4508,给,4263,站,1
4508,给,4313,答,1
4508,给,4507,绘,1
4508,给,5350,蛤,1
4508,给,5500,袷,1
4509,绚,203,佝,1
4509,绚,720,吻,1
4509,绚,1293,姻,1
4509,绚,4460,约,1
4510,绛,4498,绎,1
4510,绛,6399,锋,1
4511,络,3397,烙,1
4511,络,4492,终,1
4511,络,5501,袼,1
4512,绝,4533,绳,1
4512,绝,4930,色,1
4512,绝,6371,铯,1
4513,绞,603,卮,1
4513,绞,1201,夜,1
4513,绞,2995,没,1
4513,绞,3616,玟,1
4513,绞,5690,谅,1
4514,统,3086,流,1
4514,统,3120,浼,1
4514,统,3175,淳,1
4514,统,4511,络,1
4515,绠,246,便,1
4516,绡,4517,绢,1
4517,绢,284,倘,1
4517,绢,1062,坦,1
4517,绢,3138,涢,1
4518,绣,374,六,1
4518,绣,1794,徕,1
4518,绣,4503,结,1
4518,绣,4565,缕,1
4519,绤,255,俗,1
4519,绤,4540,绺,1
4520,绥,4483,线,1
4520,绥,4513,绞,1
4520,绥,4536,绶,1
4520,绥,4541,绻,1
4520,绥,6377,铵,1
4520,绥,6807,馁,1
4521,绦,2414,旖,1
4521,绦,3258,滔,1
4522,继,1781,往,1
4522,继,3018,泄,1
4522,继,4468,纯,1
4522,继,5712,谜,1
4523,绨,3130,涕,1
4523,绨,4578,缣,1
4523,绨,6405,锑,1
4524,绩,1327,婧,1
4524,绩,1793,徒,1
4524,绩,4541,绻,1
4524,绩,4572,缜,1
4524,绩,5655,诡,1
4524,绩,6724,颀,1
4525,绪,5657,诣,1
4527,续,3347,瀵,1
4527,续,6804,饽,1
4528,绮,286,倚,1
4530,绰,4510,绛,1
4530,绰,4542,综,1
4531,绱,1798,徜,1
4531,绱,5956,躺,1
4532,绲,3176,混,1
4532,绲,6809,馄,1
4533,绳,4144,祝,1
4533,绳,5391,蝇,1
4533,绳,5673,说,1
4534,维,3205,湃,1
4534,维,6424,锥,1
4535,绵,3338,濡,1
4535,绵,4523,绨,1
4535,绵,4580,缥,1
4535,绵,6791,饰,1
4536,绶,4563,缓,1
4537,绷,2385,斓,1
4537,绷,2525,朋,1
4537,绷,4652,翙,1
4538,绸,854,啁,1
4538,绸,3057,洇,1
4538,绸,4490,细,1
4541,绻,6428,锩,1
4542,综,1410,宗,1
4542,综,1792,徐,1
4542,综,3174,深,1
4542,综,3704,璐,1
4542,综,5904,踪,1
4543,绽,247,促,1
4543,绽,2973,汶,1
4543,绽,4553,缇,1
4546,缀,2889,殷,1
4546,缀,3169,淤,1
4546,缀,4482,纾,1
4546,缀,5513,裙,1
4547,缁,3154,淄,1
4548,缂,4542,综,1
4550,缄,2713,检,1
4550,缄,4538,绸,1
4550,缄,6324,钺,1
4551,缅,145,仰,1
4551,缅,4519,绤,1
4551,缅,5725,谪,1
4552,缆,282,倓,1
4553,缇,257,俚,1
4554,缈,3204,渺,1
4555,缉,243,侮,1
4555,缉,3292,漳,1
4556,缋,4524,绩,1
4557,缌,4532,绲,1
4558,缍,6423,锤,1
4559,缎,2538,本,1
4559,缎,2888,段,1
4559,缎,5678,诹,1
4559,缎,6697,鞭,1
4563,缓,3052,泼,1
4563,缓,4513,绞,1
4563,缓,4520,绥,1
4563,缓,4583,缨,1
4564,缔,2993,沛,1
4565,缕,2768,楼,1
4565,缕,4018,矮,1
4565,缕,4494,绊,1
4565,缕,4495,绋,1
4566,编,351,儡,1
4566,编,4574,缟,1
4568,缘,335,像,1
4568,缘,3152,涿,1
4568,缘,3168,淡,1
4568,缘,3578,猞,1
4568,缘,4542,综,1
4568,缘,4582,缧,1
4569,缙,289,借,1
4570,缚,4487,练,1
4570,缚,5671,诲,1
4570,缚,5819,赙,1
4573,缝,860,啐,1
4573,缝,3000,沧,1
4573,缝,3659,琏,1
4573,缝,4498,绎,1
4573,缝,4534,维,1
4573,缝,6053,迮,1
4573,缝,6064,逄,1
4573,缝,6085,逢,1
4574,缟,4576,缡,1
4574,缟,5634,诌,1
4575,缠,1805,德,1
4575,缠,3229,溏,1
4575,缠,3342,瀍,1
4575,缠,3864,瘦,1
4575,缠,4534,维,1
4577,缢,3235,溢,1
4579,缤,4543,绽,1
4579,缤,4544,绾,1
4580,缥,3062,洒,1
4581,缦,3288,漫,1
4581,缦,5724,谩,1
4582,缧,3290,漯,1
4582,缧,3343,瀑,1
4582,缧,4557,缌,1
4584,缩,255,俗,1
4584,缩,4590,缯,1
4584,缩,7157,鼱,1
4585,缪,334,僇,1
4586,缫,1610,巢,1
4588,缭,4528,绮,1
4588,缭,4542,综,1
4588,缭,4572,缜,1
4589,缮,3442,煲,1
4589,缮,4579,缤,1
4589,缮,5442,蟮,1
4589,缮,5732,谱,1
4591,缰,3328,澶,1
4592,缱,4522,继,1
4592,缱,5735,谴,1
4593,缲,3323,澡,1
4594,缳,3327,澴,1
4595,缴,3161,淑,1
4595,缴,4323,筱,1
4595,缴,4559,缎,1
4597,缶,41,主,1
4598,缸,5741,豇,1
4599,缺,5322,蚨,1
4599,缺,5856,趺,1
4599,缺,6789,饮,1
4601,罄,6831,馨,1
4603,罐,4594,缳,1
4604,网,687,同,1
4604,网,720,吻,1
4604,网,1006,囡,1
4604,网,1011,困,1
4604,网,6518,闷,1
4605,罔,743,周,1
4605,罔,1017,国,1
4606,罕,1428,宰,1
4606,罕,4275,竿,1
4606,罕,6553,阜,1
4607,罗,406,冥,1
4607,罗,625,厚,1
4607,罗,2434,旻,1
4607,罗,4442,累,1
4607,罗,4968,芳,1
4607,罗,5859,趿,1
4612,罢,4607,罗,1
4614,罩,1176,墨,1
4614,罩,3981,睾,1
4614,罩,4624,羊,1
4615,罪,790,品,1
4615,罪,2463,晁,1
4616,置,1421,宣,1
4616,置,2456,昱,1
4616,置,4614,罩,1
4616,置,4618,署,1
4616,置,6105,道,1
4616,置,7121,黉,1
4617,罱,5362,蜀,1
4618,署,5207,蓍,1
4619,罴,3461,熹,1
4624,羊,1,一,1
4624,羊,1668,平,1
4624,羊,3786,疒,1
4624,羊,4957,芦,1
4625,羌,4626,美,1
4625,羌,5060,荛,1
4625,羌,5289,虎,1
4626,美,378,关,1
4626,美,385,养,1
4626,美,4625,羌,1
4628,羔,376,兰,1
4628,羔,378,关,1
4628,羔,385,养,1
4628,羔,1881,恚,1
4629,羚,1617,差,1
4629,羚,4009,矜,1
4629,羚,6333,铃,1
4630,羝,6334,铄,1
4632,羟,5979,轻,1
4633,羡,1239,奭,1
4634,群,1753,弹,1
4638,羲,2021,成,1
4639,羸,1367,嬴,1
4640,羹,1235,奚,1
4640,羹,5494,袤,1
4644,翁,3251,滃,1
4644,翁,4650,翕,1
4645,翅,5476,衲,1
4648,翎,1796,徘,1
4649,翔,4646,翊,1
4650,翕,5206,蓊,1
4651,翘,496,剖,1
4651,翘,4645,翅,1
4651,翘,4648,翎,1
4653,翚,4655,翠,1
4654,翟,1800,徨,1
4654,翟,3676,琵,1
4658,翦,6654,霜,1
4659,翩,4646,翊,1
4663,翱,4665,翻,1
4664,翳,5997,辍,1
4665,翻,4649,翔,1
4666,翼,1475,尝,1
4666,翼,1624,巽,1
4666,翼,4661,翯,1
4667,耀,3455,熠,1
4667,耀,4583,缨,1
4667,耀,5993,辉,1
4667,耀,6249,醾,1
4668,老,14,专,1
4668,老,376,兰,1
4668,老,2072,扰,1
4669,考,22,东,1
4669,考,830,唇,1
4669,考,1381,孝,1
4669,考,3371,炕,1
4669,考,4668,老,1
4669,考,5148,萘,1
4670,耄,4669,考,1
4671,者,1289,姥,1
4671,者,2445,昔,1
4671,者,2451,春,1
4671,者,6826,首,1
4672,耆,5207,蓍,1
4673,耋,5048,荃,1
4674,而,692,向,1
4674,而,2965,汤,1
4674,而,3723,瓦,1
4674,而,4008,矛,1
4674,而,5550,西,1
4674,而,6671,面,1
4675,耍,1401,宅,1
4675,耍,6636,雯,1
4675,耍,6638,零,1
4677,耒,4009,矜,1
4678,耔,4416,粽,1
4680,耖,2082,抄,1
4681,耗,2539,札,1
4682,耘,4685,耠,1
4682,耘,6582,陔,1
4683,耙,2575,杷,1
4683,耙,4397,粑,1
4683,耙,4931,艳,1
4683,耙,6166,郝,1
4684,耜,4688,耦,1
4684,耜,5978,轺,1
4685,耠,4684,耜,1
4688,耦,3626,现,1
4690,耨,4695,耲,1
4697,耵,3930,盯,1
4697,耵,4698,耶,1
4698,耶,609,卵,1
4698,耶,4707,聊,1
4698,耶,6135,邪,1
4698,耶,6138,邯,1
4700,耸,4277,笄,1
4700,耸,4318,筜,1
4701,耻,4730,肚,1
4702,耽,3941,眈,1
4702,耽,6206,酡,1
4703,耿,3536,狄,1
4703,耿,4702,耽,1
4707,聊,2632,柳,1
4707,聊,4698,耶,1
4707,聊,6169,郦,1
4708,聋,3509,牵,1
4709,职,5973,轵,1
4711,聒,4027,码,1
4712,联,1388,孩,1
4712,联,4326,筷,1
4712,联,6972,鲧,1
4713,聘,4834,腭,1
4714,聚,1317,娶,1
4714,聚,4151,票,1
4714,聚,5486,袈,1
4714,聚,5525,裹,1
4714,聚,6646,震,1
4716,聪,1385,孤,1
4716,聪,4709,职,1
4720,肃,878,啸,1
4720,肃,4678,耔,1
4720,肃,6614,隶,1
4721,肄,4722,肆,1
4721,肄,6092,逸,1
4722,肆,2120,拌,1
4722,肆,2133,拜,1
4722,肆,2628,柬,1
4723,肇,4448,繁,1
4724,肉,6506,闪,1
4724,肉,6529,阂,1
4724,肉,6536,阉,1
4725,肋,526,劬,1
4725,肋,540,勖,1
4725,肋,3940,眇,1
4725,肋,4393,类,1
4726,肌,4762,胍,1
4728,肖,1473,尚,1
4728,肖,3361,灼,1
4728,肖,3938,省,1
4729,肘,4802,脒,1
4730,肚,703,吡,1
4730,肚,1186,壮,1
4730,肚,3529,状,1
4730,肚,4802,脒,1
4731,肛,1811,忆,1
4731,肛,2427,旰,1
4731,肛,2433,旺,1
4731,肛,4726,肌,1
4731,肛,4730,肚,1
4732,肜,1767,彤,1
4733,肝,4742,肫,1
4733,肝,4778,胪,1
4735,肠,2435,昀,1
4735,肠,3505,物,1
4735,肠,5745,豚,1
4736,股,4778,胪,1
4737,肢,1831,忮,1
4737,肢,2526,服,1
4737,肢,2863,歧,1
4737,肢,4778,胪,1
4738,肤,4752,肽,1
4738,肤,4777,胩,1
4738,肤,4784,胱,1
4738,肤,4838,腴,1
4739,肥,2575,杷,1
4739,肥,6836,驰,1
4740,肩,645,双,1
4740,肩,1473,尚,1
4740,肩,1691,庙,1
4741,肪,144,们,1
4741,肪,3936,盼,1
4741,肪,4763,胎,1
4741,肪,4785,胲,1
4742,肫,4784,胱,1
4744,肮,4794,脆,1
4744,肮,4801,脑,1
4744,肮,4902,航,1
4745,肯,2421,旨,1
4745,肯,3785,疑,1
4745,肯,4727,肓,1
4745,肯,4728,肖,1
4745,肯,6886,骨,1
4747,育,456,刍,1
4747,育,1431,宵,1
4747,育,1821,忘,1
4747,育,2421,旨,1
4747,育,2443,昏,1
4747,育,3770,畜,1
4747,育,3932,盲,1
4748,肴,1237,奢,1
4748,肴,1423,宥,1
4748,肴,3944,看,1
4748,肴,4671,者,1
4750,肺,3764,畎,1
4750,肺,4741,肪,1
4750,肺,4751,肼,1
4750,肺,4833,腩,1
4752,肽,4762,胍,1
4752,肽,4766,胙,1
4752,肽,4800,脐,1
4753,肾,521,劣,1
4753,肾,5768,贤,1
4754,肿,4733,肝,1
4754,肿,4737,肢,1
4755,胀,4752,肽,1
4755,胀,4777,胩,1
4756,胁,3216,湝,1
4757,胂,4768,胛,1
4758,胃,3765,畏,1
4758,胃,4728,肖,1
4759,胄,1448,寞,1
4759,胄,3496,牙,1
4759,胄,4758,胃,1
4760,胆,423,凇,1
4761,背,889,喈,1
4761,背,2443,昏,1
4761,背,3902,皙,1
4761,背,4728,肖,1
4763,胎,2527,朐,1
4764,胖,3766,畔,1
4764,胖,4733,肝,1
4764,胖,4778,胪,1
4764,胖,4816,脾,1
4765,胗,3957,眵,1
4765,胗,5491,袗,1
4767,胚,750,呸,1
4767,胚,3945,眍,1
4767,胚,4762,胍,1
4767,胚,4769,胜,1
4767,胚,4779,胫,1
4767,胚,4788,胶,1
4767,胚,4815,脸,1
4768,胛,4757,胂,1
4769,胜,3952,眨,1
4769,胜,4729,肘,1
4769,胜,4742,肫,1
4770,胝,4781,胭,1
4771,胞,4794,脆,1
4772,胡,3039,泪,1
4774,胥,3782,疋,1
4775,胧,3949,眠,1
4775,胧,4742,肫,1
4777,胩,4755,胀,1
4779,胫,4786,胳,1
4782,胯,1,一,1
4782,胯,2161,挎,1
4782,胯,4805,脖,1
4783,胰,142,仪,1
4783,胰,3967,睐,1
4783,胰,3977,睫,1
4784,胱,4755,胀,1
4785,胲,2529,朕,1
4785,胲,3953,眩,1
4786,胳,4741,肪,1
4787,胴,3067,洞,1
4788,胶,643,及,1
4788,胶,779,咬,1
4788,胶,3898,皎,1
4788,胶,3965,睃,1
4788,胶,4736,股,1
4788,胶,4737,肢,1
4788,胶,4744,肮,1
4788,胶,4829,腚,1
4789,胸,1910,悔,1
4789,胸,2479,晦,1
4789,胸,4735,肠,1
4790,胺,3828,痖,1
4790,胺,4788,胶,1
4790,胺,4820,腋,1
4792,能,4755,胀,1
4792,能,4891,舐,1
4793,脂,4814,脶,1
4793,脂,4818,腈,1
4793,脂,4912,舶,1
4794,脆,4771,胞,1
4794,脆,4799,脏,1
4795,脉,5745,豚,1
4796,脊,2352,攵,1
4796,脊,2523,有,1
4796,脊,3959,眷,1
4796,脊,4309,筏,1
4796,脊,4727,肓,1
4798,脎,4871,臑,1
4799,脏,2433,旺,1
4799,脏,3949,眠,1
4799,脏,3954,眬,1
4799,脏,3972,睢,1
4799,脏,4767,胚,1
4800,脐,2497,暗,1
4800,脐,4752,肽,1
4800,脐,4782,胯,1
4801,脑,1867,怯,1
4801,脑,4755,胀,1
4801,脑,4786,胳,1
4802,脒,2452,昧,1
4802,脒,3956,眯,1
4802,脒,4798,脎,1
4803,脓,402,农,1
4805,脖,2499,暧,1
4805,脖,3777,畸,1
4805,脖,4852,膘,1
4806,脘,4829,腚,1
4807,脚,3027,泖,1
4809,脧,3965,睃,1
4810,脬,1861,怦,1
4810,脬,4828,腙,1
4811,脯,4818,腈,1
4812,脱,4703,耿,1
4814,脶,4823,腑,1
4814,脶,4853,膙,1
4815,脸,4779,胫,1
4815,脸,4797,脍,1
4815,脸,4826,腔,1
4816,脾,3960,眸,1
4816,脾,3991,瞟,1
4816,脾,4768,胛,1
4816,脾,4810,脬,1
4817,腆,3967,睐,1
4817,腆,4819,腊,1
4817,腆,4855,膜,1
4818,腈,300,债,1
4818,腈,4872,臜,1
4819,腊,2497,暗,1
4820,腋,3984,瞄,1
4821,腌,4794,脆,1
4822,腐,4862,膺,1
4822,腐,5823,赝,1
4826,腔,2529,朕,1
4826,腔,4779,胫,1
4826,腔,4806,脘,1
4826,腔,4851,膑,1
4827,腕,2290,搿,1
4827,腕,3778,畹,1
4827,腕,4788,胶,1
4828,腙,4805,脖,1
4828,腙,4806,脘,1
4828,腙,4826,腔,1
4828,腙,4840,腺,1
4829,腚,4809,脧,1
4829,腚,6767,飗,1
4830,腠,4783,胰,1
4831,腥,2038,戳,1
4831,腥,4769,胜,1
4831,腥,4816,脾,1
4831,腥,4824,腒,1
4833,腩,4811,脯,1
4835,腮,3447,熄,1
4835,腮,6765,飔,1
4836,腰,1257,妖,1
4836,腰,1582,崾,1
4836,腰,4810,脬,1
4838,腴,3987,瞍,1
4839,腹,3987,瞍,1
4839,腹,4820,腋,1
4839,腹,6449,镀,1
4839,腹,6764,飓,1
4840,腺,3272,滩,1
4840,腺,4803,脓,1
4840,腺,4805,脖,1
4840,腺,4816,脾,1
4840,腺,4828,腙,1
4840,腺,5745,豚,1
4841,腻,891,喊,1
4844,腾,821,哮,1
4844,腾,1153,塍,1
4844,腾,4818,腈,1
4844,腾,4856,膝,1
4844,腾,5421,螣,1
4845,腿,4837,腱,1
4846,膀,1894,恰,1
4846,膀,3250,滂,1
4846,膀,4765,胗,1
4846,膀,4860,膪,1
4846,膀,4861,膳,1
4847,膂,4417,精,1
4849,膊,590,博,1
4849,膊,1336,媒,1
4850,膏,5253,蕾,1
4851,膑,4826,腔,1
4852,膘,2509,曝,1
4852,膘,4731,肛,1
4852,膘,4836,腰,1
4852,膘,7106,麇,1
4854,膛,2453,昨,1
4854,膛,3986,瞌,1
4854,膛,4826,腔,1
4854,膛,4855,膜,1
4855,膜,2843,欣,1
4855,膜,7109,麒,1
4856,膝,4805,脖,1
4857,膣,4808,脞,1
4858,膦,3998,瞬,1
4858,膦,4002,瞵,1
4858,膦,4837,腱,1
4859,膨,4833,腩,1
4861,膳,1342,媵,1
4865,臁,4867,臃,1
4866,臂,1179,壁,1
4866,臂,4864,臀,1
4867,臃,4827,腕,1
4868,臆,980,噫,1
4868,臆,1778,役,1
4868,臆,3780,疃,1
4868,臆,4809,脧,1
4869,臊,3966,睇,1
4869,臊,4738,肤,1
4869,臊,4791,胼,1
4869,臊,4810,脬,1
4869,臊,4816,脾,1
4869,臊,4852,膘,1
4873,臣,565,匡,1
4873,臣,566,匣,1
4873,臣,3109,浡,1
4873,臣,6771,飞,1
4874,臧,427,减,1
4874,臧,4550,缄,1
4875,自,692,向,1
4875,自,3060,洎,1
4876,臬,2572,杲,1
4877,臭,1093,垦,1
4877,臭,1238,奥,1
4877,臭,2029,戛,1
4878,至,41,主,1
4878,至,48,乇,1
4878,至,1033,圭,1
4878,至,1619,己,1
4878,至,5740,豆,1
4879,致,2353,收,1
4879,致,2355,改,1
4879,致,2357,放,1
4879,致,2368,敛,1
4879,致,3623,玫,1
4879,致,4478,纹,1
4881,臼,6509,问,1
4883,舀,3258,滔,1
4883,舀,4881,臼,1
4883,舀,6742,颔,1
4885,舂,2451,春,1
4885,舂,2898,毒,1
4887,舅,534,勇,1
4887,舅,1450,寡,1
4887,舅,7160,鼻,1
4889,舌,53,乍,1
4889,舌,81,于,1
4889,舌,647,发,1
4889,舌,684,合,1
4889,舌,3607,玉,1
4889,舌,6829,香,1
4890,舍,166,会,1
4890,舍,375,兮,1
4891,舐,2407,旅,1
4891,舐,3628,玳,1
4892,舒,5460,行,1
4893,舔,2233,掭,1
4893,舔,4450,繇,1
4893,舔,4545,绿,1
4894,舛,2867,歼,1
4895,舜,2389,斜,1
4895,舜,2924,氖,1
4895,舜,4350,箭,1
4896,舞,4895,舜,1
4896,舞,6011,辛,1
4897,舟,393,冉,1
4897,舟,552,匆,1
4897,舟,3736,甘,1
4899,舢,4907,舰,1
4902,航,4903,舫,1
4902,航,4913,舷,1
4903,舫,523,助,1
4903,舫,4914,舸,1
4903,舫,4922,艏,1
4904,般,2285,搬,1
4904,般,2363,敏,1
4904,般,2889,殷,1
4904,般,4882,臾,1
4904,般,4901,舨,1
4904,般,4915,船,1
4906,舯,4916,舻,1
4907,舰,4920,艉,1
4908,舱,4904,般,1
4908,舱,5861,跄,1
4909,舳,9,丌,1
4909,舳,4899,舢,1
4910,舴,4908,舱,1
4911,舵,4902,航,1
4911,舵,4908,舱,1
4911,舵,4909,舳,1
4911,舵,4910,舴,1
4912,舶,3946,眙,1
4912,舶,4903,舫,1
4912,舶,4915,船,1
4912,舶,5557,觅,1
4913,舷,3953,眩,1
4913,舷,4910,舴,1
4915,船,4903,舫,1
4915,船,4922,艏,1
4916,舻,6140,邱,1
4919,艇,4898,舡,1
4921,艋,3575,猛,1
4923,艘,2888,段,1
4923,艘,4904,般,1
4924,艚,4922,艏,1
4924,艚,5296,虢,1
4926,艨,3337,濠,1
4928,良,574,匿,1
4928,良,2896,每,1
4928,良,2920,民,1
4929,艰,800,哏,1
4929,艰,1243,奸,1
4929,艰,1307,娘,1
4929,艰,1887,恨,1
4930,色,126,仑,1
4930,色,4597,缶,1
4930,色,4963,芭,1
4930,色,5569,角,1
4931,艳,3264,滟,1
4931,艳,6275,钇,1
4932,艴,6371,铯,1
4934,艺,65,乞,1
4934,艺,93,亡,1
4934,艺,581,半,1
4934,艺,1479,尧,1
4934,艺,1513,屯,1
4936,艾,516,办,1
4936,艾,4952,芝,1
4937,艿,4968,芳,1
4938,节,76,予,1
4938,节,5028,茚,1
4939,芄,4935,艽,1
4939,芄,4985,苏,1
4940,芈,4933,艹,1
4941,芊,4942,芋,1
4941,芊,6011,辛,1
4942,芋,2613,某,1
4942,芋,4944,芎,1
4942,芋,5008,苹,1
4943,芍,11,与,1
4943,芍,52,乌,1
4943,芍,4938,节,1
4943,芍,4958,芨,1
4943,芍,5078,药,1
4944,芎,4946,芑,1
4944,芎,5015,茅,1
4945,芏,1095,垩,1
4945,芏,3608,王,1
4945,芏,4947,芒,1
4946,芑,4944,芎,1
4947,芒,20,业,1
4947,芒,4954,芡,1
4949,芘,4967,花,1
4949,芘,4982,苌,1
4950,芙,378,关,1
4950,芙,4945,芏,1
4950,芙,4951,芜,1
4950,芙,4966,芰,1
4950,芙,5005,英,1
4950,芙,5055,荑,1
4951,芜,4935,艽,1
4951,芜,4950,芙,1
4951,芜,5045,茺,1
4951,芜,5056,荒,1
4952,芝,4945,芏,1
4952,芝,4946,芑,1
4952,芝,4971,芸,1
4952,芝,4984,苎,1
4954,芡,5024,茓,1
4955,芤,5073,荪,1
4956,芥,377,共,1
4956,芥,4938,节,1
4956,芥,5064,荠,1
4957,芦,4938,节,1
4957,芦,4942,芋,1
4958,芨,5029,茛,1
4959,芩,122,今,1
4959,芩,5148,萘,1
4960,芪,2920,民,1
4962,芬,478,券,1
4962,芬,530,劳,1
4962,芬,1684,庐,1
4962,芬,4943,芍,1
4962,芬,5205,蓉,1
4962,芬,6848,驽,1
4963,芭,1532,岜,1
4963,芭,4930,色,1
4963,芭,4938,节,1
4965,芯,1814,忍,1
4965,芯,1824,忠,1
4965,芯,4976,苁,1
4966,芰,1263,妥,1
4967,花,4960,芪,1
4968,芳,530,劳,1
4968,芳,1738,弓,1
4968,芳,2445,昔,1
4968,芳,4961,芫,1
4968,芳,4971,芸,1
4968,芳,5002,苦,1
4968,芳,5024,茓,1
4968,芳,5130,菪,1
4970,芷,3467,燕,1
4971,芸,4961,芫,1
4972,芹,685,吉,1
4972,芹,2393,斤,1
4972,芹,4938,节,1
4972,芹,4956,芥,1
4972,芹,4960,芪,1
4972,芹,4968,芳,1
4973,芼,4284,笔,1
4974,芽,407,冫,1
4974,芽,4942,芋,1
4974,芽,5069,荦,1
4975,芾,1646,带,1
4975,芾,4314,策,1
4975,芾,4979,苈,1
4975,芾,5010,茀,1
4976,苁,4998,苡,1
4978,苇,4296,第,1
4978,苇,5008,苹,1
4978,苇,6702,韦,1
4979,苈,4985,苏,1
4979,苈,5030,茜,1
4981,苋,361,克,1
4983,苍,127,仓,1
4983,苍,4995,苞,1
4985,苏,4968,芳,1
4985,苏,6702,韦,1
4985,苏,7119,黄,1
4986,苑,5070,荧,1
4986,苑,5841,起,1
4989,苔,668,台,1
4989,苔,4956,芥,1
4989,苔,4990,苕,1
4989,苔,5025,茔,1
4990,苕,4937,艿,1
4990,苕,5088,莒,1
4991,苗,589,南,1
4991,苗,4938,节,1
4991,苗,4962,芬,1
4991,苗,4992,苘,1
4991,苗,5025,茔,1
4991,苗,5052,草,1
4991,苗,5118,菌,1
4992,苘,2897,毐,1
4992,苘,4996,苟,1
4992,苘,5119,菏,1
4993,苛,1071,坷,1
4993,苛,2445,昔,1
4993,苛,4944,芎,1
4993,苛,4969,芴,1
4993,苛,5002,苦,1
4993,苛,5019,茉,1
4993,苛,5047,荀,1
4994,苜,1,一,1
4994,苜,4989,苔,1
4994,苜,5009,苻,1
4994,苜,5040,茴,1
4995,苞,4996,苟,1
4996,苟,667,可,1
4996,苟,1491,局,1
4996,苟,5065,荡,1
4996,苟,5078,药,1
4996,苟,5079,荷,1
4996,苟,5119,菏,1
4997,苠,4960,芪,1
4998,苡,4949,芘,1
4998,苡,4976,苁,1
4998,苡,5052,草,1
4999,苣,4983,苍,1
5001,若,478,券,1
5001,若,671,右,1
5001,若,4056,砻,1
5001,若,5054,荐,1
5002,苦,820,哭,1
5002,苦,1381,孝,1
5002,苦,4989,苔,1
5003,苫,2573,杳,1
5003,苫,4952,芝,1
5003,苫,4989,苔,1
5003,苫,5032,茧,1
5003,苫,5051,荇,1
5003,苫,5129,菩,1
5004,苯,5038,茱,1
5004,苯,5042,茶,1
5004,苯,5101,莱,1
5005,英,4945,芏,1
5005,英,4954,芡,1
5005,英,6713,页,1
5006,苴,3933,直,1
5006,苴,4994,苜,1
5007,苷,5002,苦,1
5008,苹,1671,幸,1
5008,苹,4942,芋,1
5008,苹,5127,菡,1
5008,苹,5958,车,1
5008,苹,6673,革,1
5009,苻,5226,蔚,1
5010,茀,1740,弗,1
5010,茀,4975,芾,1
5010,茀,4978,苇,1
5010,茀,5055,荑,1
5011,茁,443,出,1
5011,茁,705,否,1
5011,茁,4970,芷,1
5011,茁,5100,莰,1
5011,茁,5183,蒈,1
5011,茁,5323,蚩,1
5012,茂,5182,蒇,1
5012,茂,5223,蔑,1
5013,范,4668,老,1
5013,范,4980,苊,1
5013,范,4986,苑,1
5013,范,5110,莼,1
5013,范,6713,页,1
5015,茅,4968,芳,1
5018,茈,4949,芘,1
5019,茉,105,亲,1
5019,茉,4978,苇,1
5019,茉,5004,苯,1
5019,茉,5090,莘,1
5019,茉,5101,莱,1
5021,茎,1126,基,1
5021,茎,1499,屋,1
5021,茎,1617,差,1
5021,茎,5000,苤,1
5021,茎,5048,荃,1
5024,茓,3396,烘,1
5024,茓,3904,皮,1
5026,茕,5068,荥,1
5027,茗,4969,芴,1
5028,茚,5016,茆,1
5032,茧,5011,茁,1
5032,茧,5701,谑,1
5034,茫,5084,莅,1
5034,茫,6577,陉,1
5035,茬,403,冠,1
5035,茬,4980,苊,1
5035,茬,5020,茌,1
5036,茭,4952,芝,1
5036,茭,5139,萃,1
5036,茭,5186,蒌,1
5038,茱,1644,帝,1
5038,茱,5019,茉,1
5038,茱,5066,荣,1
5038,茱,5101,莱,1
5039,茳,4075,硭,1
5039,茳,4984,苎,1
5039,茳,5034,茫,1
5039,茳,5076,荭,1
5040,茴,589,南,1
5040,茴,4996,苟,1
5040,茴,5030,茜,1
5040,茴,5135,菹,1
5041,茵,870,啬,1
5041,茵,4875,自,1
5041,茵,4987,苒,1
5041,茵,4991,苗,1
5042,茶,105,亲,1
5042,茶,1218,夺,1
5042,茶,5004,苯,1
5042,茶,5019,茉,1
5042,茶,5038,茱,1
5042,茶,5066,荣,1
5042,茶,5148,萘,1
5043,茸,2445,昔,1
5043,茸,4266,章,1
5043,茸,4727,肓,1
5043,茸,5008,苹,1
5043,茸,5089,莓,1
5043,茸,5121,菖,1
5043,茸,5138,萁,1
5044,茹,4939,芄,1
5044,茹,5014,茄,1
5044,茹,5133,菲,1
5045,茺,4980,苊,1
5045,茺,5056,荒,1
5046,茼,857,商,1
5046,茼,4992,苘,1
5046,茼,4996,苟,1
5046,茼,5041,茵,1
5047,荀,4992,苘,1
5047,荀,4996,苟,1
5052,草,4393,类,1
5052,草,5008,苹,1
5052,草,5069,荦,1
5053,荏,4960,芪,1
5053,荏,5147,萑,1
5053,荏,5219,蓰,1
5054,荐,4280,笊,1
5054,荐,5207,蓍,1
5055,荑,1215,夷,1
5056,荒,4438,素,1
5056,荒,4961,芫,1
5056,荒,4975,芾,1
5056,荒,5049,荄,1
5056,荒,5150,萝,1
5057,荔,5015,茅,1
5058,荙,5092,莛,1
5059,荚,4409,粪,1
5059,荚,4626,美,1
5059,荚,4950,芙,1
5059,荚,4982,苌,1
5059,荚,5075,荬,1
5061,荜,4316,筚,1
5062,荞,385,养,1
5062,荞,4972,芹,1
5064,荠,5062,荞,1
5064,荠,5083,荽,1
5065,荡,3795,疡,1
5065,荡,5030,茜,1
5065,荡,5070,荧,1
5065,荡,5191,蒟,1
5066,荣,105,亲,1
5066,荣,2546,杀,1
5066,荣,2561,束,1
5066,荣,5101,莱,1
5067,荤,6138,邯,1
5068,荥,5070,荧,1
5069,荦,5025,茔,1
5069,荦,5052,草,1
5069,荦,5067,荤,1
5070,荧,3362,灾,1
5070,荧,4954,芡,1
5070,荧,4969,芴,1
5070,荧,4981,苋,1
5070,荧,5026,茕,1
5074,荫,5043,茸,1
5078,药,4964,芮,1
5078,药,5051,荇,1
5078,药,5114,菂,1
5078,药,5119,菏,1
5079,荷,2445,昔,1
5079,荷,4996,苟,1
5079,荷,5047,荀,1
5079,荷,5119,菏,1
5080,荸,4439,索,1
5080,荸,5071,荨,1
5080,荸,5097,莩,1
5080,荸,5153,萦,1
5080,荸,5178,葶,1
5080,荸,5192,蒡,1
5082,荼,5042,茶,1
5083,荽,5097,莩,1
5083,荽,5142,萋,1
5083,荽,5186,蒌,1
5085,莆,5016,茆,1
5085,莆,5164,著,1
5085,莆,5194,蒲,1
5085,莆,5206,蓊,1
5085,莆,7139,黹,1
5086,莉,471,别,1
5086,莉,485,剁,1
5086,莉,501,剥,1
5086,莉,5050,荆,1
5086,莉,5128,菥,1
5087,莎,4998,苡,1
5087,莎,5039,茳,1
5087,莎,5079,荷,1
5088,莒,4984,苎,1
5088,莒,5740,豆,1
5089,莓,5167,葛,1
5091,莙,1237,奢,1
5093,莜,5126,菠,1
5095,莠,5145,萎,1
5096,莨,5188,蒗,1
5097,莩,2553,李,1
5097,莩,5083,荽,1
5098,莪,5270,藏,1
5099,莫,1232,奖,1
5099,莫,3892,皂,1
5099,莫,4877,臭,1
5099,莫,5005,英,1
5099,莫,5075,荬,1
5099,莫,5096,莨,1
5099,莫,5158,萸,1
5100,莰,5033,茨,1
5101,莱,4179,秉,1
5101,莱,4974,芽,1
5101,莱,4978,苇,1
5101,莱,5010,茀,1
5101,莱,5038,茱,1
5101,莱,5059,荚,1
5102,莲,1392,孱,1
5102,莲,5284,蘧,1
5102,莲,6066,逆,1
5102,莲,6090,逵,1
5102,莲,6115,遴,1
5105,莶,1203,夤,1
5105,莶,2864,歪,1
5105,莶,4988,苓,1
5106,获,1679,庆,1
5106,获,5037,茯,1
5107,莸,5081,荻,1
5108,莹,5025,茔,1
5108,莹,5048,荃,1
5108,莹,5068,荥,1
5108,莹,5151,萤,1
5109,莺,4276,笃,1
5109,莺,5152,营,1
5109,莺,5254,薄,1
5111,莽,1731,弄,1
5111,莽,5004,苯,1
5111,莽,5136,菼,1
5111,莽,5148,萘,1
5115,菅,5025,茔,1
5115,菅,5152,营,1
5115,菅,5157,萱,1
5116,菇,129,仕,1
5116,菇,1390,孬,1
5117,菊,5047,荀,1
5118,菌,1011,困,1
5118,菌,3746,甬,1
5118,菌,5117,菊,1
5118,菌,5174,葭,1
5119,菏,619,厉,1
5119,菏,5051,荇,1
5121,菖,5157,萱,1
5122,菘,5030,茜,1
5123,菜,2613,某,1
5123,菜,5238,蕃,1
5126,菠,1060,坡,1
5126,菠,5188,蒗,1
5127,菡,5011,茁,1
5127,菡,5196,蒸,1
5128,菥,5834,赫,1
5129,菩,886,善,1
5129,菩,4029,砉,1
5129,菩,4989,苔,1
5129,菩,5205,蓉,1
5130,菪,5088,莒,1
5132,菱,5049,荄,1
5132,菱,5080,荸,1
5132,菱,7113,麦,1
5133,菲,4615,罪,1
5133,菲,6668,非,1
5133,菲,6669,靠,1
5136,菼,5783,贳,1
5138,萁,5099,莫,1
5139,萃,5004,苯,1
5140,萄,2376,数,1
5140,萄,4542,综,1
5140,萄,4969,芴,1
5140,萄,5117,菊,1
5143,萌,2442,明,1
5143,萌,5114,菂,1
5143,萌,5169,葡,1
5144,萍,3098,浐,1
5144,萍,5218,蓬,1
5145,萎,1281,委,1
5145,萎,1298,娄,1
5145,萎,4966,芰,1
5146,萏,3890,白,1
5146,萏,3902,皙,1
5146,萏,5121,菖,1
5146,萏,5173,葬,1
5147,萑,6619,雀,1
5150,萝,2518,曼,1
5150,萝,5097,莩,1
5150,萝,5104,莴,1
5150,萝,5152,营,1
5150,萝,5202,蓂,1
5150,萝,5224,蔓,1
5151,萤,7119,黄,1
5152,营,4672,耆,1
5152,营,4944,芎,1
5152,营,5121,菖,1
5152,营,5130,菪,1
5152,营,5157,萱,1
5153,萦,5067,荤,1
5153,萦,5189,蒙,1
5154,萧,386,兼,1
5154,萧,4179,秉,1
5154,萧,5010,茀,1
5154,萧,5101,莱,1
5154,萧,7139,黹,1
5156,萩,3840,痰,1
5156,萩,5081,荻,1
5157,萱,3993,瞢,1
5157,萱,5094,莞,1
5158,萸,5220,蓼,1
5160,落,830,唇,1
5160,落,917,嗒,1
5160,落,5034,茫,1
5163,葖,4234,突,1
5163,葖,5005,英,1
5163,葖,5070,荧,1
5163,葖,5205,蓉,1
5164,著,2495,暑,1
5164,著,3944,看,1
5164,著,4618,署,1
5164,著,5207,蓍,1
5164,著,5782,贲,1
5165,葙,5122,菘,1
5166,葚,3738,甚,1
5167,葛,4985,苏,1
5167,葛,5180,葺,1
5170,董,4268,童,1
5170,董,5027,茗,1
5170,董,5186,蒌,1
5170,董,7119,黄,1
5172,葫,5079,荷,1
5172,葫,5191,蒟,1
5172,葫,5195,蒴,1
5173,葬,5139,萃,1
5173,葬,5259,薜,1
5175,葱,5228,蔡,1
5176,葳,5182,蒇,1
5177,葵,5168,葜,1
5181,蒂,4975,芾,1
5181,蒂,5178,葶,1
5183,蒈,4994,苜,1
5184,蒉,4359,篑,1
5184,蒉,5785,贵,1
5185,蒋,627,原,1
5185,蒋,3118,海,1
5185,蒋,3871,瘴,1
5185,蒋,5081,荻,1
5186,蒌,5142,萋,1
5186,蒌,5145,萎,1
5188,蒗,5029,茛,1
5189,蒙,3536,狄,1
5189,蒙,5153,萦,1
5189,蒙,5681,诼,1
5190,蒜,34,丰,1
5190,蒜,5073,荪,1
5191,蒟,3480,爵,1
5191,蒟,4992,苘,1
5192,蒡,5217,蓦,1
5194,蒲,3937,盾,1
5194,蒲,5065,荡,1
5196,蒸,24,丞,1
5196,蒸,3400,烝,1
5196,蒸,3458,熬,1
5196,蒸,5127,菡,1
5196,蒸,5240,蕉,1
5196,蒸,5265,薰,1
5197,蒹,386,兼,1
5199,蒽,5041,茵,1
5199,蒽,5243,蕙,1
5200,蒿,5030,茜,1
5200,蒿,5113,菁,1
5203,蓄,4445,綦,1
5203,蓄,5253,蕾,1
5204,蓇,3993,瞢,1
5204,蓇,4850,膏,1
5205,蓉,1434,容,1
5205,蓉,4944,芎,1
5205,蓉,5097,莩,1
5205,蓉,5153,萦,1
5207,蓍,4672,耆,1
5207,蓍,5164,著,1
5209,蓑,5096,莨,1
5209,蓑,5283,蘘,1
5211,蓖,4960,芪,1
5212,蓝,6639,雷,1
5213,蓟,5103,莳,1
5214,蓠,4172,离,1
5217,蓦,542,募,1
5219,蓰,4972,芹,1
5219,蓰,6296,钞,1
5221,蓿,5210,蓓,1
5223,蔑,4373,篾,1
5223,蔑,5235,蔻,1
5224,蔓,4953,芟,1
5224,蔓,5217,蓦,1
5225,蔗,1570,崖,1
5225,蔗,1677,庀,1
5225,蔗,5157,萱,1
5226,蔚,338,僦,1
5226,蔚,5162,葑,1
5227,蔟,5081,荻,1
5227,蔟,5198,蒺,1
5228,蔡,1449,察,1
5228,蔡,5097,莩,1
5228,蔡,5177,葵,1
5229,蔫,4804,脔,1
5229,蔫,5167,葛,1
5230,蔬,5215,蓣,1
5230,蔬,5844,超,1
5231,蔷,870,啬,1
5231,蔷,2465,晋,1
5231,蔷,2481,普,1
5231,蔷,5164,著,1
5231,蔷,5203,蓄,1
5231,蔷,5238,蕃,1
5233,蔹,5213,蓟,1
5233,蔹,5263,薮,1
5236,蔼,306,偈,1
5236,蔼,5078,药,1
5237,蔽,2073,扳,1
5237,蔽,2372,散,1
5237,蔽,2375,敬,1
5237,蔽,5093,莜,1
5237,蔽,5263,薮,1
5240,蕉,3426,焦,1
5240,蕉,3467,燕,1
5240,蕉,5006,苴,1
5240,蕉,5092,莛,1
5240,蕉,5147,萑,1
5240,蕉,5252,蕻,1
5241,蕊,1817,忑,1
5241,蕊,4112,磙,1
5241,蕊,4965,芯,1
5241,蕊,5056,荒,1
5242,蕖,5123,菜,1
5243,蕙,1966,意,1
5246,蕨,2028,戚,1
5247,蕰,5249,蕴,1
5248,蕲,5262,薪,1
5249,蕴,4553,缇,1
5249,蕴,5034,茫,1
5249,蕴,5136,菼,1
5249,蕴,5212,蓝,1
5249,蕴,6204,酝,1
5251,蕺,2032,戢,1
5252,蕻,5282,蘖,1
5253,蕾,5238,蕃,1
5253,蕾,5455,蠹,1
5253,蕾,6639,雷,1
5254,薄,1466,尊,1
5254,薄,3292,漳,1
5254,薄,4126,礴,1
5254,薄,5277,藩,1
5254,薄,6195,酋,1
5256,薇,5093,莜,1
5256,薇,5219,蓰,1
5258,薛,5155,萨,1
5258,薛,5272,藓,1
5262,薪,2400,新,1
5264,薯,542,募,1
5264,薯,1661,幕,1
5264,薯,2495,暑,1
5264,薯,2501,暮,1
5264,薯,5091,莙,1
5265,薰,5257,薏,1
5266,薷,5214,蓠,1
5266,薷,6642,需,1
5269,藉,3921,盔,1
5270,藏,4874,臧,1
5270,藏,5098,莪,1
5270,藏,5131,菰,1
5271,藐,3829,痘,1
5271,藐,5215,蓣,1
5271,藐,5759,貌,1
5272,藓,5258,薛,1
5273,藕,4623,羁,1
5273,藕,4688,耦,1
5273,藕,5269,藉,1
5276,藤,4991,苗,1
5277,藩,5210,蓓,1
5278,藻,7106,麇,1
5280,蘅,5465,衡,1
5281,蘑,5210,蓓,1
5281,蘑,5225,蔗,1
5281,蘑,5287,蘼,1
5282,蘖,1396,孽,1
5282,蘖,2834,檗,1
5282,蘖,4434,糵,1
5285,蘩,5228,蔡,1
5286,蘸,3997,瞪,1
5286,蘸,5260,薤,1
5287,蘼,6670,靡,1
5288,虍,1677,庀,1
5288,虍,3750,由,1
5289,虎,357,充,1
5289,虎,1690,店,1
5289,虎,5292,虑,1
5289,虎,5586,詹,1
5290,虏,1683,序,1
5290,虏,5289,虎,1
5291,虐,3175,淳,1
5291,虐,3793,疟,1
5291,虐,5292,虑,1
5291,虐,5294,虚,1
5292,虑,5289,虎,1
5293,虔,3904,皮,1
5293,虔,5291,虐,1
5294,虚,1700,座,1
5294,虚,5053,荏,1
5294,虚,5291,虐,1
5295,虞,3284,漠,1
5295,虞,5291,虐,1
5297,虫,33,中,1
5297,虫,636,去,1
5297,虫,1726,廿,1
5297,虫,3353,火,1
5298,虬,5299,虮,1
5298,虬,5301,虹,1
5300,虱,5307,虿,1
5301,虹,1189,壶,1
5301,虹,1253,妊,1
5301,虹,1808,心,1
5301,虹,2061,扛,1
5301,虹,5306,虾,1
5301,虹,5317,蚜,1
5301,虹,5331,蚶,1
5301,虹,7059,鸿,1
5303,虻,5304,虼,1
5303,虻,5336,蛇,1
5304,虼,5391,蝇,1
5305,虽,379,兴,1
5305,虽,2482,景,1
5306,虾,694,吓,1
5306,虾,5328,蚱,1
5308,蚀,5297,虫,1
5310,蚂,409,冯,1
5310,蚂,5392,蝈,1
5311,蚊,5303,虻,1
5311,蚊,6137,邮,1
5313,蚌,864,啡,1
5313,蚌,4050,砰,1
5313,蚌,5436,蟒,1
5313,蚌,7134,黥,1
5315,蚓,3633,珂,1
5315,蚓,5330,蚵,1
5316,蚕,1222,奄,1
5316,蚕,1823,忝,1
5316,蚕,2876,残,1
5316,蚕,5339,蛋,1
5317,蚜,3391,烁,1
5319,蚣,5303,虻,1
5319,蚣,5436,蟒,1
5320,蚤,3485,爻,1
5320,蚤,5316,蚕,1
5323,蚩,1576,崧,1
5324,蚪,5306,虾,1
5324,蚪,5313,蚌,1
5324,蚪,5315,蚓,1
5326,蚯,18,丘,1
5326,蚯,1436,宾,1
5326,蚯,5303,虻,1
5326,蚯,5334,蛄,1
5326,蚯,5340,蛎,1
5328,蚱,5343,蛑,1
5329,蚴,742,呦,1
5331,蚶,5327,蚰,1
5333,蛀,3384,炷,1
5333,蛀,5303,虻,1
5333,蛀,5336,蛇,1
5333,蛀,5346,蛙,1
5334,蛄,5330,蚵,1
5335,蛆,754,咀,1
5335,蛆,5344,蛔,1
5335,蛆,6792,饱,1
5336,蛇,3366,炉,1
5336,蛇,3696,璀,1
5336,蛇,5325,蚬,1
5336,蛇,5334,蛄,1
5337,蛉,2609,柃,1
5337,蛉,3627,玲,1
5337,蛉,5343,蛑,1
5337,蛉,5350,蛤,1
5337,蛉,5352,蛭,1
5338,蛊,3916,盎,1
5340,蛎,1090,垢,1
5342,蛐,5378,蜞,1
5343,蛑,5363,蜂,1
5343,蛑,5393,蝉,1
5343,蛑,5410,蝾,1
5343,蛑,6894,髀,1
5344,蛔,5336,蛇,1
5345,蛘,3766,畔,1
5345,蛘,5341,蛏,1
5346,蛙,794,哇,1
5346,蛙,5313,蚌,1
5346,蛙,5352,蛭,1
5347,蛛,5313,蚌,1
5347,蛛,5389,蜾,1
5347,蛛,6331,铁,1
5349,蛟,779,咬,1
5350,蛤,5337,蛉,1
5350,蛤,5397,蝗,1
5350,蛤,6588,除,1
5350,蛤,7126,黔,1
5351,蛩,5323,蚩,1
5351,蛩,6263,鋆,1
5353,蛮,1751,弯,1
5353,蛮,4264,竞,1
5353,蛮,4265,竟,1
5353,蛮,5307,虿,1
5353,蛮,5377,蜜,1
5353,蛮,7058,鸾,1
5354,蛰,2153,拽,1
5354,蛰,3409,热,1
5355,蛱,1553,峡,1
5356,蛲,1553,峡,1
5357,蛳,5374,蜗,1
5359,蛸,1133,堉,1
5359,蛸,1905,悄,1
5360,蛹,5340,蛎,1
5360,蛹,6977,鲬,1
5361,蛾,5314,蚍,1
5361,蛾,5384,蜮,1
5362,蜀,2516,曷,1
5362,蜀,4613,罨,1
5362,蜀,4759,胄,1
5363,蜂,1547,峂,1
5363,蜂,3964,睁,1
5363,蜂,5341,蛏,1
5363,蜂,5359,蛸,1
5363,蜂,5385,蜱,1
5363,蜂,5417,螓,1
5363,蜂,5986,辂,1
5363,蜂,6399,锋,1
5365,蜇,5354,蛰,1
5365,蜇,5376,蜚,1
5366,蜈,5331,蚶,1
5366,蜈,5352,蛭,1
5366,蜈,5355,蛱,1
5369,蜍,5347,蛛,1
5370,蜎,5359,蛸,1
5371,蜒,5414,螈,1
5372,蜓,3651,珽,1
5372,蜓,5322,蚨,1
5372,蜓,5652,诞,1
5373,蜕,5326,蚯,1
5373,蜕,5400,蝣,1
5374,蜗,1318,娼,1
5374,蜗,5395,蝎,1
5374,蜗,5401,蝤,1
5375,蜘,5322,蚨,1
5375,蜘,5329,蚴,1
5376,蜚,5323,蚩,1
5376,蜚,5365,蜇,1
5377,蜜,1441,密,1
5377,蜜,1524,岑,1
5377,蜜,3368,炎,1
5377,蜜,4236,窄,1
5377,蜜,5353,蛮,1
5377,蜜,6656,霪,1
5378,蜞,1145,堪,1
5378,蜞,5442,蟮,1
5379,蜡,1148,堵,1
5379,蜡,1940,惜,1
5379,蜡,5409,蝽,1
5379,蜡,5835,赭,1
5380,蜢,5420,螠,1
5383,蜩,5441,蟪,1
5384,蜮,1118,域,1
5385,蜱,865,啤,1
5388,蜻,5370,蜎,1
5388,蜻,5379,蜡,1
5388,蜻,5424,螬,1
5391,蝇,1651,帷,1
5391,蝇,5373,蜕,1
5393,蝉,1087,垟,1
5393,蝉,4617,罱,1
5393,蝉,5345,蛘,1
5393,蝉,5363,蜂,1
5393,蝉,5400,蝣,1
5393,蝉,5429,螺,1
5393,蝉,5897,踔,1
5394,蝌,1559,峨,1
5394,蝌,5315,蚓,1
5395,蝎,5341,蛏,1
5395,蝎,5374,蜗,1
5395,蝎,6685,鞋,1
5397,蝗,3433,煌,1
5397,蝗,3740,生,1
5397,蝗,5391,蝇,1
5397,蝗,5419,螟,1
5398,蝙,5360,蛹,1
5398,蝙,5401,蝤,1
5398,蝙,5425,螭,1
5399,蝠,1158,塥,1
5399,蝠,3451,熘,1
5399,蝠,5425,螭,1
5401,蝤,5379,蜡,1
5401,蝤,5937,蹲,1
5405,蝴,3685,瑚,1
5405,蝴,5342,蛐,1
5406,蝶,892,喋,1
5406,蝶,5346,蛙,1
5406,蝶,5367,蜉,1
5406,蝶,5369,蜍,1
5408,蝼,1364,嬖,1
5409,蝽,5438,蟛,1
5410,蝾,5944,躁,1
5411,螂,5297,虫,1
5412,螃,3402,烤,1
5412,螃,5444,蟾,1
5419,螟,3989,瞑,1
5421,螣,1153,塍,1
5423,螫,5402,蝥,1
5423,螫,5426,螯,1
5423,螫,7135,黧,1
5425,螭,5407,蝻,1
5425,螭,5422,螨,1
5426,螯,5423,螫,1
5427,螳,5373,蜕,1
5428,螵,5406,蝶,1
5429,螺,5367,蜉,1
5429,螺,5400,蝣,1
5431,蟀,860,啐,1
5431,蟀,1325,婞,1
5431,蟀,1861,怦,1
5431,蟀,5343,蛑,1
5431,蟀,5363,蜂,1
5431,蟀,5370,蜎,1
5432,蟆,3396,烘,1
5432,蟆,5356,蛲,1
5432,蟆,5378,蜞,1
5432,蟆,5406,蝶,1
5432,蟆,5422,螨,1
5432,蟆,5440,蟥,1
5432,蟆,6469,镔,1
5434,蟋,3462,燃,1
5434,蟋,5347,蛛,1
5434,蟋,5441,蟪,1
5435,蟑,1562,峰,1
5435,蟑,5345,蛘,1
5435,蟑,5442,蟮,1
5436,蟒,5410,蝾,1
5438,蟛,5436,蟒,1
5440,蟥,5418,螗,1
5440,蟥,5446,蠊,1
5440,蟥,5450,蠖,1
5441,蟪,5404,蝰,1
5443,蟹,2004,懈,1
5443,蟹,3677,琶,1
5443,蟹,4533,绳,1
5443,蟹,5353,蛮,1
5443,蟹,5377,蜜,1
5445,蠃,4639,羸,1
5446,蠊,3332,濂,1
5447,蠋,5374,蜗,1
5449,蠕,1395,孺,1
5449,蠕,5398,蝙,1
5450,蠖,986,嚄,1
5451,蠛,5448,蠓,1
5457,血,18,丘,1
5457,血,3908,皿,1
5459,衅,313,健,1
5459,衅,446,函,1
5459,衅,3766,畔,1
5459,衅,4494,绊,1
5460,行,1776,彳,1
5460,行,1781,往,1
5460,行,4272,竹,1
5460,行,4455,纡,1
5460,行,4457,纣,1
5460,行,4460,约,1
5460,行,4482,纾,1
5460,行,5600,讦,1
5461,衍,144,们,1
5461,衍,4506,绗,1
5461,衍,5460,行,1
5461,衍,5462,衔,1
5462,衔,4506,绗,1
5462,衔,5465,衡,1
5463,街,1779,彻,1
5463,街,4457,纣,1
5463,街,5464,衙,1
5463,街,5465,衡,1
5464,衙,5463,街,1
5465,衡,1878,恒,1
5465,衡,4472,纳,1
5465,衡,4506,绗,1
5465,衡,5462,衔,1
5465,衡,5464,衙,1
5465,衡,7021,鳚,1
5467,衣,4128,礻,1
5467,衣,4129,礼,1
5468,衤,1683,序,1
5468,衤,2944,永,1
5468,衤,6771,飞,1
5469,补,165,伙,1
5469,补,3807,疲,1
5469,补,5648,诚,1
5469,补,6310,钬,1
5470,表,3043,泰,1
5470,表,5467,衣,1
5470,表,5494,袤,1
5471,衩,5473,衬,1
5471,衩,5482,袂,1
5471,衩,6300,钢,1
5472,衫,3637,珍,1
5473,衬,2556,村,1
5475,衰,5029,茛,1
5475,衰,5504,装,1
5475,衰,5525,裹,1
5476,衲,4156,祸,1
5476,衲,5615,讷,1
5477,衷,362,免,1
5477,衷,789,哀,1
5477,衷,2628,柬,1
5477,衷,5475,衰,1
5477,衷,5522,裳,1
5481,袁,636,去,1
5481,袁,789,哀,1
5485,袆,3624,玮,1
5486,袈,6849,驾,1
5487,袋,273,俵,1
5487,袋,1089,垡,1
5487,袋,5512,裘,1
5487,袋,5787,贷,1
5488,袍,3539,狍,1
5488,袍,5558,视,1
5489,袒,1783,徂,1
5489,袒,2846,欲,1
5489,袒,4144,祝,1
5489,袒,6840,驵,1
5490,袖,6330,铀,1
5491,袗,4133,祃,1
5491,袗,5472,衫,1
5492,袜,4137,祎,1
5492,袜,4187,秣,1
5492,袜,5473,衬,1
5492,袜,5485,袆,1
5494,袤,1455,寰,1
5496,被,3905,皱,1
5496,被,4138,祓,1
5496,被,5498,袯,1
5497,袭,5183,蒈,1
5497,袭,5474,衮,1
5497,袭,5486,袈,1
5498,袯,4138,祓,1
5499,袱,4140,祗,1
5499,袱,5870,跗,1
5500,袷,5516,裣,1
5500,袷,6799,饸,1
5501,袼,5511,裕,1
5501,袼,6800,饹,1
5502,裁,796,哉,1
5502,裁,1818,忒,1
5502,裁,2025,或,1
5504,装,917,嗒,1
5504,装,2711,梽,1
5504,装,3728,瓷,1
5505,裆,1798,徜,1
5505,裆,2684,档,1
5505,裆,4143,祜,1
5505,裆,4155,祷,1
5505,裆,5506,裈,1
5506,裈,5662,诨,1
5507,裉,1787,很,1
5508,裎,4016,矬,1
5509,裒,5475,衰,1
5510,裔,3921,盔,1
5511,裕,3117,浴,1
5511,裕,5491,袗,1
5512,裘,5487,袋,1
5513,裙,5608,讯,1
5514,裟,5504,装,1
5516,裣,5708,谘,1
5517,裤,4036,砗,1
5517,裤,5506,裈,1
5517,裤,5537,褥,1
5517,裤,6216,酯,1
5518,裥,3142,涧,1
5519,裨,4163,禅,1
5522,裳,1433,宸,1
5522,裳,2723,棠,1
5522,裳,4359,篑,1
5522,裳,5481,袁,1
5522,裳,5514,裟,1
5523,裴,1926,悲,1
5523,裴,1987,慧,1
5524,裸,4269,竦,1
5524,裸,5483,袄,1
5524,裸,6418,锞,1
5525,裹,5475,衰,1
5525,裹,5544,襄,1
5526,裼,5530,褐,1
5527,裾,833,唐,1
5529,褊,3520,犏,1
5529,褊,4566,编,1
5529,褊,5513,裙,1
5529,褊,5713,谝,1
5530,褐,3202,渴,1
5530,褐,4156,祸,1
5530,褐,4167,禤,1
5530,褐,4270,竭,1
5530,褐,4636,羯,1
5530,褐,5529,褊,1
5530,褐,5542,褶,1
5531,褒,107,亵,1
5531,褒,5509,裒,1
5532,褓,5955,躲,1
5534,褚,4525,绪,1
5535,褛,318,偻,1
5535,褛,4689,耧,1
5537,褥,322,傅,1
5537,褥,4131,祀,1
5537,褥,4847,膂,1
5537,褥,6334,铄,1
5538,褪,5507,裉,1
5539,褫,5541,褴,1
5539,褫,5715,谠,1
5540,褰,1433,宸,1
5542,褶,5513,裙,1
5542,褶,5539,褫,1
5542,褶,5548,襦,1
5542,褶,5896,踏,1
5543,襁,5538,褪,1
5543,襁,5542,褶,1
5543,襁,6491,镪,1
5544,襄,789,哀,1
5544,襄,5509,裒,1
5544,襄,5531,褒,1
5545,襕,3322,澜,1
5547,襟,4447,縻,1
5547,襟,5536,褡,1
5548,襦,4034,研,1
5548,襦,5543,襁,1
5549,襻,5548,襦,1
5550,西,453,切,1
5550,西,1626,币,1
5550,西,4675,耍,1
5550,西,5457,血,1
5550,西,6201,酒,1
5551,要,1095,垩,1
5553,覆,6645,霆,1
5554,见,2455,是,1
5554,见,2983,沈,1
5555,观,66,也,1
5556,规,1056,坝,1
5556,规,2596,枧,1
5556,规,3376,炟,1
5557,觅,104,亮,1
5557,觅,362,免,1
5557,觅,363,兑,1
5557,觅,5771,货,1
5558,视,4130,社,1
5558,视,5759,貌,1
5560,览,36,临,1
5560,览,362,免,1
5560,览,1435,宽,1
5560,览,1894,恰,1
5560,览,4285,笕,1
5560,览,5771,货,1
5561,觉,736,员,1
5561,觉,4954,芡,1
5561,觉,5715,谠,1
5561,觉,6083,造,1
5569,角,3746,甬,1
5569,角,6519,闸,1
5569,角,6935,鱼,1
5571,觚,3717,瓜,1
5572,觜,3894,皆,1
5573,觞,6420,锡,1
5574,解,2357,放,1
5574,解,3502,牢,1
5574,解,4455,纡,1
5574,解,5578,觯,1
5574,解,6814,馉,1
5574,解,6944,鲆,1
5574,解,6964,鲟,1
5575,觥,4556,缋,1
5575,觥,7001,鳅,1
5576,触,5570,觖,1
5576,触,6938,鱿,1
5577,觫,4269,竦,1
5578,觯,874,啴,1
5578,觯,4593,缲,1
5579,觱,4331,简,1
5581,言,1751,弯,1
5582,訄,1339,媪,1
5582,訄,2049,扈,1
5584,訾,4441,紫,1
5586,詹,3789,疗,1
5587,誉,886,善,1
5587,誉,898,喜,1
5587,誉,1475,尝,1
5587,誉,1720,廪,1
5588,誊,640,参,1
5588,誊,1216,夸,1
5588,誊,3959,眷,1
5589,誓,4049,砮,1
5589,誓,4161,禁,1
5591,謦,4114,磬,1
5592,警,3397,烙,1
5592,警,4244,窖,1
5592,警,5266,薷,1
5592,警,5589,誓,1
5593,譬,1179,壁,1
5594,讠,2943,氵,1
5595,计,5596,订,1
5596,订,1673,幻,1
5596,订,3609,玎,1
5596,订,5601,讧,1
5596,订,5624,证,1
5597,讣,119,仆,1
5597,讣,2952,汉,1
5597,讣,2987,沐,1
5597,讣,5595,计,1
5597,讣,5599,讥,1
5598,认,119,仆,1
5598,认,125,从,1
5599,讥,112,亿,1
5599,讥,2966,汨,1
5599,讥,2978,沂,1
5599,讥,3036,泣,1
5601,讧,2950,汇,1
5601,讧,4456,红,1
5603,让,114,仁,1
5603,让,2950,汇,1
5603,让,5624,证,1
5605,讫,2975,汽,1
5605,讫,3030,泛,1
5605,讫,3036,泣,1
5605,讫,3638,珏,1
5606,训,1607,川,1
5606,训,1608,州,1
5606,训,5632,诊,1
5607,议,118,仅,1
5607,议,138,代,1
5607,议,142,仪,1
5607,议,2953,汊,1
5608,讯,3749,田,1
5608,讯,4462,纨,1
5608,讯,5620,讽,1
5608,讯,6508,闭,1
5609,记,2962,江,1
5609,记,2981,沅,1
5609,记,3034,泡,1
5609,记,5601,讧,1
5609,记,5605,讫,1
5609,记,5666,语,1
5610,讲,5636,诎,1
5612,讴,5624,证,1
5613,讵,5701,谑,1
5614,讶,1681,床,1
5614,讶,5596,订,1
5615,讷,4472,纳,1
5615,讷,5598,认,1
5616,许,81,于,1
5616,许,148,仵,1
5616,许,2956,汕,1
5616,许,3611,玕,1
5616,许,5661,诧,1
5616,许,5684,诿,1
5617,讹,3031,泜,1
5617,讹,3085,派,1
5617,讹,4469,纰,1
5617,讹,4477,纸,1
5618,论,2959,汜,1
5618,论,3007,沱,1
5618,论,3015,沾,1
5618,论,3034,泡,1
5618,论,3038,注,1
5618,论,3117,浴,1
5618,论,3692,瑰,1
5618,论,5640,诒,1
5619,讼,3084,洽,1
5619,讼,5618,论,1
5619,讼,5622,访,1
5619,讼,5693,谈,1
5620,讽,2420,旧,1
5620,讽,5608,讯,1
5620,讽,5688,调,1
5621,设,1778,役,1
5621,设,4461,级,1
5621,设,5619,讼,1
5621,设,5629,识,1
5621,设,5640,诒,1
5622,访,1045,坊,1
5622,访,1777,彷,1
5622,访,3015,沾,1
5622,访,4263,站,1
5622,访,4479,纺,1
5622,访,5611,讳,1
5622,访,5614,讶,1
5623,诀,1052,块,1
5623,诀,1829,快,1
5623,诀,3106,浜,1
5623,诀,5482,袂,1
5624,证,1782,征,1
5624,证,2992,沚,1
5624,证,2997,沤,1
5624,证,3820,症,1
5624,证,5603,让,1
5624,证,5612,讴,1
5624,证,5652,诞,1
5625,诂,4503,结,1
5625,诂,5651,话,1
5626,诃,3633,珂,1
5626,诃,6509,问,1
5627,评,2996,沣,1
5627,评,3049,泸,1
5627,评,3058,洋,1
5627,评,5630,诈,1
5627,评,5662,诨,1
5628,诅,1062,坦,1
5628,诅,3028,泗,1
5628,诅,3039,泪,1
5628,诅,6046,迥,1
5628,诅,6566,阻,1
5629,识,3621,玦,1
5629,识,5621,设,1
5629,识,5640,诒,1
5629,识,5646,诘,1
5630,诈,202,作,1
5630,诈,4534,维,1
5630,诈,5597,讣,1
5630,诈,5631,诉,1
5630,诈,5660,详,1
5630,诈,5873,距,1
5631,诉,178,伯,1
5631,诉,2978,沂,1
5631,诉,3005,沭,1
5631,诉,6033,近,1
5632,诊,2964,污,1
5632,诊,3115,浮,1
5632,诊,3175,淳,1
5632,诊,3189,渗,1
5632,诊,4470,纱,1
5632,诊,5622,访,1
5633,诋,191,低,1
5634,诌,2988,沓,1
5634,诌,3170,淦,1
5634,诌,3187,渔,1
5635,词,184,伺,1
5635,词,687,同,1
5635,词,2964,污,1
5635,词,3067,洞,1
5635,词,5656,询,1
5635,词,5688,调,1
5635,词,6507,闫,1
5636,诎,443,出,1
5636,诎,3038,注,1
5636,诎,4496,绌,1
5637,诏,5666,语,1
5637,诏,6129,邛,1
5638,诐,3035,波,1
5639,译,2409,旋,1
5639,译,3058,洋,1
5639,译,3065,洚,1
5639,译,5658,诤,1
5639,译,5660,详,1
5641,诓,3080,洹,1
5641,诓,3148,涯,1
5642,诔,3004,沫,1
5642,诔,5649,诛,1
5643,试,249,俅,1
5643,试,3628,玳,1
5643,试,5602,讨,1
5643,试,5664,诫,1
5645,诗,1552,峙,1
5645,诗,3109,浡,1
5645,诗,3132,涛,1
5645,诗,4487,练,1
5645,诗,4943,芍,1
5645,诗,5644,诖,1
5645,诗,5646,诘,1
5646,诘,3145,涪,1
5646,诘,5669,诰,1
5646,诘,6574,陆,1
5647,诙,3048,泷,1
5647,诙,5646,诘,1
5648,诚,1108,城,1
5648,诚,5643,试,1
5648,诚,6805,饿,1
5649,诛,3068,洣,1
5649,诛,3134,涞,1
5649,诛,5614,讶,1
5649,诛,5636,诎,1
5649,诛,6056,迷,1
5650,诜,418,冼,1
5650,诜,2983,沈,1
5650,诜,3063,洗,1
5650,诜,5647,诙,1
5650,诜,6360,铣,1
5651,话,2964,污,1
5651,话,3113,浩,1
5651,话,3158,淋,1
5651,话,3190,渚,1
5651,话,3638,珏,1
5652,诞,3107,浞,1
5652,诞,6072,逐,1
5653,诟,1090,垢,1
5653,诟,2981,沅,1
5653,诟,2998,沥,1
5654,诠,5653,诟,1
5655,诡,5634,诌,1
5655,诡,5718,谣,1
5656,询,1459,寻,1
5656,询,2994,沟,1
5656,询,3009,河,1
5656,询,3021,泊,1
5656,询,3060,洎,1
5656,询,5626,诃,1
5657,诣,3021,泊,1
5657,诣,3156,淆,1
5657,诣,3199,渭,1
5657,诣,3258,滔,1
5657,诣,4516,绡,1
5658,诤,3058,洋,1
5658,诤,4482,纾,1
5658,诤,5654,诠,1
5658,诤,5660,详,1
5658,诤,6051,迫,1
5659,该,1083,垓,1
5659,该,3063,洗,1
5659,该,3071,洨,1
5659,该,5647,诙,1
5660,详,213,佯,1
5660,详,1788,徉,1
5660,详,3172,淬,1
5660,详,3664,琤,1
5661,诧,1101,垲,1
5661,诧,2163,挖,1
5661,诧,2955,汔,1
5661,诧,3187,渔,1
5661,诧,3260,滗,1
5661,诧,4475,纶,1
5661,诧,5613,讵,1
5662,诨,420,净,1
5663,诩,4646,翊,1
5663,诩,5662,诨,1
5664,诫,2028,戚,1
5664,诫,4502,绒,1
5664,诫,5734,谳,1
5665,诬,1616,巫,1
5665,诬,2997,沤,1
5665,诬,3054,泾,1
5665,诬,5636,诎,1
5666,语,124,仍,1
5666,语,3040,泫,1
5666,语,3095,浍,1
5666,语,3261,滘,1
5666,语,5485,袆,1
5666,语,5676,请,1
5666,语,6383,铻,1
5667,诮,3128,涓,1
5667,诮,5663,诩,1
5667,诮,5709,谙,1
5668,误,3131,涘,1
5668,误,3184,渎,1
5669,诰,3113,浩,1
5669,诰,5667,诮,1
5669,诰,5679,诺,1
5669,诰,6083,造,1
5670,诱,3145,涪,1
5670,诱,3301,潘,1
5670,诱,3655,琇,1
5670,诱,4458,纤,1
5670,诱,4518,绣,1
5670,诱,6091,逶,1
5671,诲,243,侮,1
5671,诲,3115,浮,1
5671,诲,5624,证,1
5671,诲,5658,诤,1
5671,诲,5662,诨,1
5671,诲,5689,谄,1
5672,诳,5669,诰,1
5673,说,237,侦,1
5673,说,3015,沾,1
5673,说,3120,浼,1
5673,说,4491,织,1
5673,说,5605,讫,1
5673,说,5629,识,1
5673,说,5715,谠,1
5673,说,6404,锐,1
5674,诵,254,俑,1
5674,诵,3746,甬,1
5674,诵,4584,缩,1
5674,诵,5631,诉,1
5674,诵,5667,诮,1
5674,诵,6606,隔,1
5675,诶,3105,浚,1
5675,诶,5672,诳,1
5675,诶,5706,谖,1
5676,请,294,倩,1
5676,请,3159,淌,1
5676,请,3202,渴,1
5676,请,4525,绪,1
5676,请,5667,诮,1
5676,请,6665,靖,1
5677,诸,289,借,1
5677,诸,319,偾,1
5677,诸,1148,堵,1
5677,诸,4525,绪,1
5677,诸,5679,诺,1
5677,诸,6665,靖,1
5677,诸,6973,鲨,1
5678,诹,5675,诶,1
5679,诺,3113,浩,1
5679,诺,5536,褡,1
5679,诺,5677,诸,1
5679,诺,5696,谌,1
5679,诺,6412,锘,1
5680,读,5693,谈,1
5680,读,5714,谟,1
5681,诼,5678,诹,1
5681,诼,6072,逐,1
5682,诽,272,俳,1
5682,诽,6668,非,1
5683,课,3041,泮,1
5683,课,3069,津,1
5683,课,3157,淇,1
5683,课,3182,渌,1
5683,课,4158,祼,1
5684,诿,297,倭,1
5684,诿,5681,诼,1
5684,诿,5710,谚,1
5685,谀,1712,廋,1
5685,谀,3242,溲,1
5685,谀,5684,诿,1
5685,谀,5699,谏,1
5686,谁,1131,堆,1
5686,谁,2410,旌,1
5686,谁,2984,沉,1
5686,谁,3196,渥,1
5686,谁,3299,潍,1
5686,谁,5630,诈,1
5686,谁,5730,谯,1
5686,谁,6626,雌,1
5687,谂,3007,沱,1
5687,谂,5685,谀,1
5687,谂,5691,谆,1
5688,调,3019,泅,1
5688,调,3136,涠,1
5688,调,4538,绸,1
5688,调,5683,课,1
5688,调,6509,问,1
5689,谄,5634,诌,1
5690,谅,2224,掠,1
5690,谅,3175,淳,1
5690,谅,3278,漆,1
5690,谅,3678,琼,1
5690,谅,4542,综,1
5691,谆,1378,孚,1
5691,谆,3102,浔,1
5691,谆,3109,浡,1
5692,谇,3172,淬,1
5693,谈,282,倓,1
5693,谈,428,凑,1
5693,谈,3673,琰,1
5693,谈,5629,识,1
5693,谈,5673,说,1
5693,谈,5675,诶,1
5693,谈,5715,谠,1
5694,谊,411,冱,1
5694,谊,3080,洹,1
5694,谊,3138,涢,1
5694,谊,3187,渔,1
5695,谋,2615,柒,1
5695,谋,3122,涅,1
5695,谋,3134,涞,1
5695,谋,3236,溥,1
5695,谋,4570,缚,1
5695,谋,5242,蕖,1
5695,谋,5642,诔,1
5695,谋,5683,课,1
5695,谋,6107,遘,1
5697,谍,625,厚,1
5697,谍,892,喋,1
5697,谍,4593,缲,1
5697,谍,5675,诶,1
5698,谎,5187,蒎,1
5698,谎,5230,蔬,1
5700,谐,289,借,1
5700,谐,310,偕,1
5700,谐,400,写,1
5700,谐,3021,泊,1
5700,谐,3894,皆,1
5700,谐,5667,诮,1
5700,谐,5703,谓,1
5702,谒,2516,曷,1
5702,谒,3199,渭,1
5702,谒,5634,诌,1
5702,谒,5733,谲,1
5703,谓,3256,滑,1
5703,谓,3680,瑁,1
5703,谓,4270,竭,1
5703,谓,5637,诏,1
5704,谔,3233,溟,1
5705,谕,3687,瑜,1
5706,谖,4563,缓,1
5707,谗,3120,浼,1
5707,谗,3129,涔,1
5708,谘,339,僧,1
5708,谘,4267,竣,1
5709,谙,2252,揞,1
5709,谙,5676,请,1
5709,谙,5711,谛,1
5710,谚,1768,彦,1
5710,谚,2989,沔,1
5710,谚,5622,访,1
5710,谚,5709,谙,1
5711,谛,1644,帝,1
5711,谛,5708,谘,1
5712,谜,313,健,1
5712,谜,5652,诞,1
5713,谝,4271,端,1
5715,谠,5673,说,1
5716,谡,6093,逻,1
5717,谢,1161,塮,1
5718,谣,374,六,1
5718,谣,564,匠,1
5718,谣,3693,瑶,1
5718,谣,5706,谖,1
5719,谤,324,傍,1
5719,谤,3337,濠,1
5719,谤,5679,诺,1
5720,谥,4577,缢,1
5721,谦,386,兼,1
5721,谦,3297,潇,1
5721,谦,3312,潸,1
5723,谨,3267,滢,1
5723,谨,3695,瑾,1
5724,谩,426,凌,1
5724,谩,3215,湜,1
5724,谩,3708,璟,1
5724,谩,6822,馒,1
5725,谪,2300,摘,1
5725,谪,5676,请,1
5727,谬,3129,涔,1
5727,谬,3699,璆,1
5727,谬,4846,膀,1
5728,谭,3314,潼,1
5728,谭,5692,谇,1
5729,谮,341,僭,1
5730,谯,340,僬,1
5730,谯,3006,沮,1
5732,谱,5709,谙,1
5732,谱,6829,香,1
5736,谵,2832,檐,1
5736,谵,4003,瞻,1
5738,谷,684,合,1
5738,谷,699,吝,1
5738,谷,3419,焓,1
5738,谷,3498,牛,1
5738,谷,7019,鳘,1
5739,豁,1771,彪,1
5739,豁,5511,裕,1
5739,豁,6366,铪,1
5740,豆,25,丢,1
5740,豆,88,亘,1
5740,豆,376,兰,1
5740,豆,4260,立,1
5740,豆,4878,至,1
5740,豆,5836,走,1
5741,豇,6033,近,1
5743,豌,3101,浓,1
5743,豌,4073,硫,1
5743,豌,4543,绽,1
5743,豌,5390,蜿,1
5745,豚,3152,涿,1
5746,象,2944,永,1
5746,象,3724,瓮,1
5746,象,5749,豪,1
5747,豢,1224,奈,1
5747,豢,2148,拳,1
5747,豢,2673,桊,1
5747,豢,3043,泰,1
5747,豢,4189,秦,1
5749,豪,989,嚎,1
5749,豪,1273,妾,1
5749,豪,2663,栾,1
5749,豪,5746,象,1
5750,豫,4435,糸,1
5750,豫,6728,预,1
5752,豸,1761,彖,1
5753,豹,5752,豸,1
5753,豹,7063,鹃,1
5754,豺,6382,铺,1
5759,貌,4144,祝,1
5759,貌,5755,貂,1
5762,贝,2840,欠,1
5763,贞,378,关,1
5763,贞,2351,攴,1
5763,贞,3386,点,1
5763,贞,5288,虍,1
5764,负,94,亢,1
5764,负,362,免,1
5764,负,664,召,1
5764,负,1221,奂,1
5764,负,5765,贡,1
5764,负,6713,页,1
5765,贡,2052,手,1
5765,贡,5764,负,1
5765,贡,5782,贲,1
5767,责,1215,夷,1
5767,责,1494,屃,1
5767,责,4029,砉,1
5767,责,5783,贳,1
5767,责,5789,费,1
5768,贤,4753,肾,1
5768,贤,5560,览,1
5768,贤,5771,货,1
5768,贤,5796,赀,1
5769,败,676,叹,1
5769,败,1380,孜,1
5770,账,2450,映,1
5770,账,5322,蚨,1
5770,账,5875,跟,1
5771,货,582,华,1
5771,货,5788,贸,1
5771,货,5800,资,1
5772,质,1832,忱,1
5772,质,6714,顶,1
5773,贩,653,叛,1
5773,贩,676,叹,1
5773,贩,4323,筱,1
5774,贪,736,员,1
5774,贪,3920,盒,1
5775,贫,139,令,1
5775,贫,3911,盆,1
5775,贫,5788,贸,1
5776,贬,741,呤,1
5776,贬,3952,眨,1
5776,贬,4566,编,1
5777,购,1655,帽,1
5777,购,4551,缅,1
5777,购,4789,胸,1
5777,购,5773,贩,1
5778,贮,5773,贩,1
5778,贮,5776,贬,1
5779,贯,2460,昼,1
5780,贰,2035,截,1
5780,贰,2862,武,1
5781,贱,2024,戕,1
5781,贱,5773,贩,1
5781,贱,5792,贼,1
5781,贱,6790,饯,1
5783,贳,4981,苋,1
5783,贳,5794,贾,1
5784,贴,3168,淡,1
5784,贴,6761,飐,1
5785,贵,5763,贞,1
5787,贷,5796,赀,1
5788,贸,1060,坡,1
5788,贸,6140,邱,1
5789,费,5782,贲,1
5789,费,5785,贵,1
5789,费,5794,贾,1
5790,贺,5800,资,1
5790,贺,6849,驾,1
5792,贼,1737,弑,1
5792,贼,5807,赋,1
5792,贼,5810,赎,1
5792,贼,6805,饿,1
5793,贽,1740,弗,1
5794,贾,5779,贯,1
5794,贾,5805,赉,1
5794,贾,5809,赍,1
5795,贿,4198,秽,1
5795,贿,6347,铕,1
5796,赀,5560,览,1
5797,赁,244,侯,1
5797,赁,5771,货,1
5797,赁,5788,贸,1
5798,赂,5815,赔,1
5799,赃,4543,绽,1
5799,赃,5791,贻,1
5800,资,775,咨,1
5800,资,5774,贪,1
5800,资,5785,贵,1
5800,资,5788,贸,1
5800,资,5855,趸,1
5802,赆,5786,贶,1
5806,赊,1387,学,1
5806,赊,5791,贻,1
5807,赋,745,呲,1
5807,赋,877,啷,1
5807,赋,5803,赇,1
5807,赋,6927,魆,1
5808,赌,5815,赔,1
5810,赎,5693,谈,1
5810,赎,5816,赕,1
5811,赏,1602,嶷,1
5811,赏,1652,常,1
5811,赏,5789,费,1
5811,赏,5794,贾,1
5811,赏,5932,蹩,1
5812,赐,1366,嬲,1
5812,赐,4282,笏,1
5812,赐,5777,购,1
5812,赐,5808,赌,1
5814,赓,833,唐,1
5815,赔,3423,焙,1
5815,赔,5806,赊,1
5815,赔,7138,黯,1
5816,赕,2461,昽,1
5817,赖,2222,掖,1
5817,赖,6723,顿,1
5818,赘,3458,熬,1
5818,赘,5824,赞,1
5818,赘,7008,鳌,1
5820,赚,5803,赇,1
5821,赛,1157,塞,1
5821,赛,1445,寒,1
5821,赛,1454,寮,1
5821,赛,5919,蹇,1
5824,赞,4288,笞,1
5824,赞,5788,贸,1
5824,赞,7008,鳌,1
5826,赠,967,噌,1
5827,赡,4003,瞻,1
5828,赢,633,厩,1
5828,赢,3345,瀛,1
5828,赢,4639,羸,1
5828,赢,4868,臆,1
5830,赤,1371,孑,1
5830,赤,1381,孝,1
5830,赤,1672,幺,1
5830,赤,2482,景,1
5831,赦,2366,敖,1
5831,赦,2371,敢,1
5831,赦,2372,散,1
5831,赦,2662,栽,1
5831,赦,5832,赧,1
5831,赦,5967,软,1
5834,赫,1752,弱,1
5834,赫,4261,竑,1
5834,赫,6705,韩,1
5834,赫,7141,黼,1
5836,走,14,专,1
5836,走,1228,奏,1
5836,走,1485,尺,1
5836,走,2886,殳,1
5836,走,6024,达,1
5837,赳,490,剌,1
5837,赳,5848,趔,1
5838,赴,4129,礼,1
5840,赶,5839,赵,1
5842,趁,1773,彭,1
5842,趁,3458,熬,1
5842,趁,6048,迨,1
5844,超,1882,恝,1
5844,超,6037,还,1
5845,越,2708,械,1
5845,越,2862,武,1
5845,越,3658,琎,1
5846,趋,5842,趁,1
5846,趋,5847,趑,1
5846,趋,6745,题,1
5847,趑,6049,迩,1
5849,趟,3159,淌,1
5849,趟,5041,茵,1
5849,趟,5847,趑,1
5849,趟,6311,钭,1
5850,趣,5847,趑,1
5852,足,585,卒,1
5852,足,1485,尺,1
5852,足,1614,巨,1
5852,足,2462,显,1
5852,足,2950,汇,1
5852,足,3782,疋,1
5852,足,6037,还,1
5852,足,6124,邑,1
5853,趴,374,六,1
5853,趴,665,叭,1
5854,趵,501,剥,1
5854,趵,6286,钓,1
5855,趸,88,亘,1
5857,趼,4034,研,1
5857,趼,5860,跃,1
5857,趼,5871,跚,1
5858,趾,4701,耻,1
5858,趾,5867,跐,1
5859,趿,5869,跖,1
5860,跃,2417,既,1
5860,跃,4682,耘,1
5861,跄,5865,跎,1
5861,跄,6951,鲍,1
5863,跋,5877,跤,1
5863,跋,6575,陇,1
5864,跌,5860,跃,1
5864,跌,6331,铁,1
5864,跌,6786,饫,1
5865,跎,5868,跑,1
5866,跏,536,勋,1
5866,跏,5854,趵,1
5866,跏,5900,踟,1
5867,跐,3951,眦,1
5868,跑,3375,炝,1
5868,跑,5618,论,1
5868,跑,5858,趾,1
5868,跑,6792,饱,1
5868,跑,7173,龅,1
5871,跚,5837,赳,1
5872,跛,875,啵,1
5872,跛,1636,帔,1
5872,跛,5496,被,1
5872,跛,6168,郢,1
5872,跛,6211,酦,1
5872,跛,6953,鲏,1
5873,距,5882,路,1
5874,跞,5889,跺,1
5874,跞,5903,踩,1
5875,跟,800,哏,1
5875,跟,5899,踞,1
5875,跟,6651,霏,1
5875,跟,6898,髋,1
5875,跟,7176,龈,1
5877,跤,5349,蛟,1
5877,跤,5882,路,1
5878,跨,5863,跋,1
5878,跨,5882,路,1
5879,跪,5390,蜿,1
5880,跫,1877,恐,1
5881,跬,5918,蹅,1
5882,路,5890,跻,1
5882,路,5902,踣,1
5882,路,6368,铬,1
5883,跳,3961,眺,1
5883,跳,5867,跐,1
5884,践,887,喆,1
5884,践,1936,惑,1
5884,践,5863,跋,1
5884,践,6315,钱,1
5884,践,6790,饯,1
5886,跷,6797,饶,1
5889,跺,5874,跞,1
5889,跺,5898,踝,1
5889,跺,5903,踩,1
5889,跺,6867,骒,1
5890,跻,5358,蛴,1
5891,跽,5893,踉,1
5893,踉,5877,跤,1
5893,踉,6406,锒,1
5894,踊,4076,确,1
5894,踊,5920,蹈,1
5895,踌,3776,畴,1
5896,踏,5359,蛸,1
5896,踏,5935,蹯,1
5896,踏,5946,躇,1
5896,踏,6978,鲭,1
5897,踔,5891,跽,1
5898,踝,4110,磔,1
5898,踝,5897,踔,1
5899,踞,3661,琚,1
5899,踞,5527,裾,1
5899,踞,5929,蹜,1
5900,踟,5898,踝,1
5901,踢,2902,毖,1
5901,踢,5895,踌,1
5901,踢,5910,踶,1
5901,踢,5915,蹁,1
5901,踢,6376,铴,1
5903,踩,1351,嫖,1
5903,踩,5410,蝾,1
5903,踩,5914,蹀,1
5903,踩,6909,髹,1
5904,踪,4542,综,1
5904,踪,5914,蹀,1
5904,踪,6609,隙,1
5904,踪,6808,馃,1
5905,踬,5859,趿,1
5905,踬,5900,踟,1
5905,踬,6426,锧,1
5906,踮,5905,踬,1
5908,踱,2222,掖,1
5908,踱,3193,渡,1
5908,踱,3791,疚,1
5908,踱,5863,跋,1
5908,踱,5872,跛,1
5908,踱,5877,跤,1
5908,踱,5905,踬,1
5909,踵,5918,蹅,1
5911,踹,5914,蹀,1
5913,踽,5909,踵,1
5913,踽,5927,蹓,1
5913,踽,5935,蹯,1
5914,蹀,5903,踩,1
5915,蹁,4094,碥,1
5915,蹁,5398,蝙,1
5915,蹁,5418,螗,1
5916,蹂,3238,溧,1
5916,蹂,5889,跺,1
5918,蹅,5896,踏,1
5918,蹅,6812,馇,1
5920,蹈,5862,跆,1
5920,蹈,5905,踬,1
5920,蹈,6810,馅,1
5922,蹊,3239,溪,1
5923,蹋,5915,蹁,1
5923,蹋,5924,蹐,1
5924,蹐,5896,踏,1
5926,蹒,5917,蹄,1
5927,蹓,5934,蹭,1
5930,蹢,5915,蹁,1
5931,蹦,4537,绷,1
5931,蹦,6878,骟,1
5933,蹬,1601,嶝,1
5933,蹬,3316,澄,1
5933,蹬,6492,镫,1
5934,蹭,4001,瞳,1
5934,蹭,5826,赠,1
5934,蹭,5937,蹲,1
5937,蹲,5895,踌,1
5937,蹲,5934,蹭,1
5940,蹼,5937,蹲,1
5940,蹼,6066,逆,1
5942,蹾,748,呶,1
5942,蹾,1177,墩,1
5943,蹿,5917,蹄,1
5943,蹿,6490,镩,1
5943,蹿,6606,隔,1
5944,躁,5922,蹊,1
5945,躅,5901,踢,1
5946,躇,6410,锖,1
5946,躇,6860,骋,1
5947,躏,5929,蹜,1
5949,躔,5909,踵,1
5950,躜,3715,瓒,1
5952,身,52,乌,1
5952,身,1642,帛,1
5952,身,3496,牙,1
5952,身,4696,耳,1
5952,身,4699,耷,1
5952,身,4875,自,1
5953,躬,4903,舫,1
5953,躬,5952,身,1
5954,躯,3945,眍,1
5955,躲,1463,射,1
5956,躺,284,倘,1
5956,躺,4918,艄,1
5957,軎,1611,工,1
5957,軎,5782,贲,1
5958,车,1370,子,1
5958,车,1371,孑,1
5958,车,1668,平,1
5958,车,3500,牟,1
5959,轧,5988,辄,1
5960,轨,583,协,1
5960,轨,6674,靰,1
5961,轩,1243,奸,1
5961,轩,2396,斩,1
5964,转,2888,段,1
5964,转,5969,轱,1
5964,转,5979,轻,1
5966,轮,2060,托,1
5966,轮,2097,抡,1
5966,轮,5978,轺,1
5967,软,2843,欣,1
5967,软,5963,轫,1
5967,软,5964,转,1
5967,软,5973,轵,1
5967,软,6304,钦,1
5968,轰,792,哄,1
5968,轰,4704,聂,1
5969,轱,3507,牯,1
5969,轱,5965,轭,1
5970,轲,5963,轫,1
5970,轲,5969,轱,1
5971,轳,5970,轲,1
5972,轴,5831,赦,1
5973,轵,5967,软,1
5973,轵,5971,轳,1
5974,轶,5973,轵,1
5974,轶,6331,铁,1
5975,轷,5976,轸,1
5976,轸,4765,胗,1
5976,轸,5974,轶,1
5977,轹,5975,轷,1
5977,轹,6334,铄,1
5978,轺,2132,招,1
5978,轺,5969,轱,1
5979,轻,1297,娃,1
5979,轻,1612,左,1
5979,轻,1770,彩,1
5979,轻,2744,椠,1
5979,轻,4632,羟,1
5979,轻,5978,轺,1
5979,轻,5985,辁,1
5982,轾,5979,轻,1
5983,轿,4015,矫,1
5983,轿,4070,硚,1
5983,轿,5961,轩,1
5983,轿,5986,辂,1
5983,轿,6854,骄,1
5985,辁,5979,轻,1
5987,较,1058,坟,1
5987,较,1288,姣,1
5987,较,5966,轮,1
5989,辅,5983,轿,1
5989,辅,5990,辆,1
5989,辅,6003,输,1
5989,辅,6382,铺,1
5992,辈,2633,柴,1
5992,辈,4717,聱,1
5994,辊,6002,辒,1
5994,辊,6419,锟,1
5996,辌,3678,琼,1
5997,辍,4252,窥,1
6000,辐,6458,镉,1
6001,辑,2761,楫,1
6002,辒,3575,猛,1
6003,输,3687,瑜,1
6003,输,4662,翰,1
6003,输,5970,轲,1
6006,辖,3513,牿,1
6006,辖,3518,犋,1
6006,辖,4978,苇,1
6006,辖,5987,较,1
6006,辖,6466,镑,1
6007,辗,6008,辘,1
6009,辙,6000,辐,1
6009,辙,6336,铆,1
6011,辛,106,亳,1
6011,辛,587,单,1
6011,辛,1669,年,1
6011,辛,1751,弯,1
6011,辛,4624,羊,1
6011,辛,5090,莘,1
6012,辜,27,严,1
6012,辜,1671,幸,1
6012,辜,5090,莘,1
6012,辜,7160,鼻,1
6013,辞,2359,故,1
6013,辞,2362,敌,1
6013,辞,5985,辁,1
6014,辟,511,劈,1
6014,辟,4634,群,1
6014,辟,5917,蹄,1
6015,辣,109,亸,1
6015,辣,4269,竦,1
6015,辣,4387,簿,1
6015,辣,5521,裱,1
6015,辣,6017,辩,1
6016,辨,109,亸,1
6016,辨,4020,矶,1
6016,辨,4534,维,1
6016,辨,6439,锵,1
6017,辩,3100,浒,1
6017,辩,3394,烈,1
6018,辫,614,卿,1
6018,辫,3721,瓣,1
6018,辫,4544,绾,1
6020,辱,622,厍,1
6020,辱,625,厚,1
6020,辱,1488,尽,1
6020,辱,5364,蜃,1
6021,辶,51,之,1
6022,边,63,乜,1
6022,边,516,办,1
6022,边,3750,由,1
6022,边,3904,皮,1
6023,辽,643,及,1
6023,辽,6027,迄,1
6023,辽,6030,迈,1
6024,达,1207,太,1
6024,达,2167,挞,1
6024,达,3030,泛,1
6024,达,4313,答,1
6024,达,6043,迟,1
6025,迁,18,丘,1
6025,迁,6034,迓,1
6025,迁,6036,迕,1
6026,迂,6021,辶,1
6026,迂,6023,辽,1
6026,迂,6029,过,1
6026,迂,6030,迈,1
6027,迄,6032,运,1
6027,迄,6036,迕,1
6027,迄,6067,选,1
6028,迅,2958,汛,1
6028,迅,2966,汨,1
6028,迅,5608,讯,1
6028,迅,6039,进,1
6029,过,5596,订,1
6029,过,6024,达,1
6029,过,6073,逑,1
6030,迈,4,万,1
6030,迈,643,及,1
6030,迈,6023,辽,1
6030,迈,6048,迨,1
6032,运,564,匠,1
6032,运,3040,泫,1
6032,运,5249,蕴,1
6032,运,6027,迄,1
6032,运,6030,迈,1
6032,运,6049,迩,1
6033,近,18,丘,1
6033,近,564,匠,1
6033,近,5603,让,1
6033,近,6030,迈,1
6033,近,6036,迕,1
6033,近,6051,迫,1
6034,迓,6026,迂,1
6034,迓,6039,进,1
6035,返,6022,边,1
6035,返,6033,近,1
6035,返,6051,迫,1
6036,迕,6025,迁,1
6037,还,154,企,1
6037,还,563,匝,1
6037,还,1614,巨,1
6037,还,6042,连,1
6037,还,6072,逐,1
6038,这,18,丘,1
6038,这,408,冬,1
6038,这,3386,点,1
6038,这,5651,话,1
6038,这,6035,返,1
6038,这,6049,迩,1
6039,进,17,世,1
6039,进,1532,岜,1
6039,进,6036,迕,1
6039,进,6052,迭,1
6039,进,6057,迸,1
6040,远,620,压,1
6040,远,1609,巡,1
6040,远,6038,这,1
6040,远,6062,适,1
6041,违,6024,达,1
6042,连,6082,速,1
6042,连,6090,逵,1
6044,迢,6023,辽,1
6044,迢,6030,迈,1
6044,迢,6059,追,1
6044,迢,6062,适,1
6045,迤,6090,逵,1
6046,迥,3006,沮,1
6049,迩,6036,迕,1
6050,迪,6022,边,1
6050,迪,6031,迎,1
6051,迫,189,但,1
6051,迫,6035,返,1
6051,迫,6059,追,1
6051,迫,6065,逅,1
6051,迫,6105,道,1
6052,迭,418,冼,1
6052,迭,6024,达,1
6052,迭,6082,速,1
6052,迭,6083,造,1
6054,述,6037,还,1
6054,述,6039,进,1
6054,述,6056,迷,1
6056,迷,670,史,1
6056,迷,1724,建,1
6056,迷,6082,速,1
6056,迷,6115,遴,1
6057,迸,6056,迷,1
6058,迹,24,丞,1
6058,迹,3390,烀,1
6058,迹,6042,连,1
6058,迹,6057,迸,1
6058,迹,6067,选,1
6058,迹,6068,逊,1
6058,迹,6104,遒,1
6059,追,3439,照,1
6059,追,6062,适,1
6059,追,6083,造,1
6060,退,4927,艮,1
6060,退,6044,迢,1
6060,退,6059,追,1
6060,退,6103,遑,1
6061,送,6027,迄,1
6061,送,6074,递,1
6061,送,6081,逞,1
6061,送,6092,逸,1
6062,适,558,化,1
6062,适,3082,活,1
6062,适,4889,舌,1
6062,适,6025,迁,1
6062,适,6030,迈,1
6062,适,6071,透,1
6062,适,6091,逶,1
6063,逃,5852,足,1
6065,逅,6048,迨,1
6065,逅,6059,追,1
6065,逅,6096,遁,1
6066,逆,6042,连,1
6066,逆,6054,述,1
6066,逆,6057,迸,1
6066,逆,6061,送,1
6066,逆,6100,遍,1
6066,逆,6111,遥,1
6067,选,418,冼,1
6067,选,2907,毪,1
6067,选,6092,逸,1
6068,逊,5469,补,1
6068,逊,5885,跶,1
6068,逊,5888,跹,1
6068,逊,6072,逐,1
6069,逋,6050,迪,1
6071,透,6059,追,1
6071,透,6062,适,1
6072,逐,24,丞,1
6072,逐,445,凼,1
6072,逐,3152,涿,1
6072,逐,3923,盗,1
6074,递,6064,逄,1
6074,递,6097,遂,1
6075,途,1413,定,1
6075,途,3121,涂,1
6075,途,3164,淙,1
6075,途,6257,金,1
6076,逖,5885,跶,1
6077,逗,6023,辽,1
6077,逗,6040,远,1
6077,逗,6062,适,1
6077,逗,6090,逵,1
6077,逗,6094,逼,1
6078,通,6051,迫,1
6078,通,6070,逍,1
6078,通,6094,逼,1
6079,逛,1109,埏,1
6079,逛,5652,诞,1
6080,逝,441,凸,1
6080,逝,2182,挺,1
6081,逞,2503,暹,1
6081,逞,3122,涅,1
6081,逞,6052,迭,1
6081,逞,6090,逵,1
6082,速,569,匮,1
6082,速,690,吏,1
6082,速,2455,是,1
6082,速,6052,迭,1
6082,速,6054,述,1
6082,速,6523,闼,1
6083,造,5457,血,1
6083,造,5696,谌,1
6083,造,5735,谴,1
6083,造,6098,遄,1
6083,造,6110,遣,1
6085,逢,4371,篷,1
6085,逢,5639,译,1
6085,逢,6075,途,1
6085,逢,6081,逞,1
6085,逢,6111,遥,1
6085,逢,6121,邃,1
6086,逦,6058,迹,1
6087,逭,6059,追,1
6088,逮,3746,甬,1
6088,逮,6082,速,1
6088,逮,6112,遨,1
6090,逵,6106,遗,1
6091,逶,6090,逵,1
6092,逸,4868,臆,1
6092,逸,6040,远,1
6093,逻,4611,罡,1
6093,逻,6084,逡,1
6093,逻,6101,遏,1
6094,逼,3187,渔,1
6094,逼,6059,追,1
6094,逼,6077,逗,1
6095,逾,491,前,1
6095,逾,5689,谄,1
6095,逾,6075,途,1
6096,遁,3432,煊,1
6096,遁,6062,适,1
6096,遁,6070,逍,1
6097,遂,1189,壶,1
6097,遂,1432,家,1
6097,遂,6089,逯,1
6099,遇,6060,退,1
6099,遇,6066,逆,1
6099,遇,6093,逻,1
6099,遇,6101,遏,1
6100,遍,2049,扈,1
6100,遍,4740,肩,1
6101,遏,396,冒,1
6101,遏,2516,曷,1
6101,遏,6078,通,1
6101,遏,6109,遢,1
6102,遐,3682,瑕,1
6102,遐,6093,逻,1
6104,遒,6101,遏,1
6105,道,6033,近,1
6105,道,6058,迹,1
6105,道,6059,追,1
6105,道,6066,逆,1
6105,道,6086,逦,1
6105,道,6121,邃,1
6105,道,6590,陨,1
6106,遗,2503,暹,1
6106,遗,6098,遄,1
6106,遗,6113,遭,1
6106,遗,6115,遴,1
6108,遛,6050,迪,1
6110,遣,1424,宦,1
6110,遣,6090,逵,1
6111,遥,5718,谣,1
6111,遥,6075,途,1
6111,遥,6092,逸,1
6111,遥,6108,遛,1
6112,遨,2376,数,1
6113,遭,3982,睿,1
6113,遭,5892,踅,1
6113,遭,6106,遗,1
6114,遮,569,匮,1
6114,遮,3341,瀌,1
6114,遮,3805,疰,1
6114,遮,6077,逗,1
6116,遵,5723,谨,1
6116,遵,6097,遂,1
6116,遵,6110,遣,1
6118,避,3330,澼,1
6118,避,6102,遐,1
6118,避,6120,邂,1
6119,邀,1609,巡,1
6119,邀,3331,激,1
6119,邀,4836,腰,1
6119,邀,6102,遐,1
6121,邃,1454,寮,1
6122,邈,6111,遥,1
6125,邓,6130,邝,1
6128,邙,1673,幻,1
6128,邙,6130,邝,1
6129,邛,6128,邙,1
6130,邝,6127,邗,1
6132,邢,607,即,1
6132,邢,3648,班,1
6132,邢,6135,邪,1
6132,邢,6140,邱,1
6132,邢,6716,顸,1
6133,那,819,哪,1
6134,邦,608,却,1
6134,邦,6129,邛,1
6134,邦,6158,郏,1
6134,邦,6668,非,1
6135,邪,611,卸,1
6135,邪,2389,斜,1
6135,邪,6127,邗,1
6135,邪,6136,邬,1
6137,邮,6147,邺,1
6137,邮,6150,邾,1
6138,邯,2372,散,1
6138,邯,6147,邺,1
6140,邱,1674,幼,1
6140,邱,6128,邙,1
6140,邱,6141,邳,1
6140,邱,6145,邸,1
6140,邱,6147,邺,1
6143,邵,877,啷,1
6143,邵,6140,邱,1
6143,邵,6154,郇,1
6143,邵,6167,郡,1
6144,邶,6147,邺,1
6146,邹,613,卻,1
6146,邹,3905,皱,1
6146,邹,5741,豇,1
6146,邹,5836,走,1
6146,邹,6153,郅,1
6146,邹,6171,部,1
6147,邺,3393,烃,1
6147,邺,6129,邛,1
6148,邻,605,印,1
6148,邻,6139,邰,1
6148,邻,6146,邹,1
6150,邾,6135,邪,1
6150,邾,6162,郗,1
6151,郁,608,却,1
6151,郁,1222,奄,1
6151,郁,2050,扉,1
6151,郁,6141,邳,1
6151,郁,6154,郇,1
6151,郁,6174,郯,1
6151,郁,6177,都,1
6156,郊,4132,祁,1
6156,郊,6140,邱,1
6156,郊,6171,部,1
6156,郊,6174,郯,1
6157,郎,6128,邙,1
6157,郎,6703,韧,1
6159,郐,753,命,1
6160,郑,468,判,1
6160,郑,1774,彰,1
6160,郑,4401,粘,1
6160,郑,6153,郅,1
6160,郑,6168,郢,1
6160,郑,6174,郯,1
6161,郓,4615,罪,1
6161,郓,6168,郢,1
6164,郛,6166,郝,1
6164,郛,6173,郭,1
6166,郝,4683,耙,1
6167,郡,607,即,1
6167,郡,1641,帚,1
6167,郡,6143,邵,1
6169,郦,42,丽,1
6169,郦,4698,耶,1
6170,郧,6174,郯,1
6171,部,496,剖,1
6171,部,608,却,1
6171,部,4464,纪,1
6171,部,6153,郅,1
6171,部,6165,郜,1
6172,郫,4698,耶,1
6173,郭,6131,邡,1
6173,郭,6171,部,1
6173,郭,6187,鄣,1
6173,郭,6728,预,1
6174,郯,4501,绑,1
6175,郴,1772,彬,1
6175,郴,2698,梆,1
6175,郴,6144,邶,1
6176,郸,6157,郎,1
6176,郸,6172,郫,1
6176,郸,6185,鄞,1
6177,都,6158,郏,1
6177,都,6162,郗,1
6177,都,6165,郜,1
6180,鄂,6164,郛,1
6182,鄌,1711,廊,1
6183,鄘,6182,鄌,1
6184,鄙,6171,部,1
6184,鄙,6177,都,1
6185,鄞,6181,鄄,1
6190,鄹,4714,聚,1
6190,鄹,6187,鄣,1
6191,酃,6190,鄹,1
6193,酉,4875,自,1
6195,酋,3187,渔,1
6195,酋,5041,茵,1
6195,酋,6104,遒,1
6195,酋,6193,酉,1
6195,酋,6671,面,1
6197,配,4038,砚,1
6197,配,6212,酩,1
6200,酐,6194,酊,1
6201,酒,1541,岵,1
6201,酒,3125,涌,1
6201,酒,3144,涩,1
6201,酒,6193,酉,1
6202,酗,6200,酐,1
6203,酚,6142,邴,1
6203,酚,6207,酢,1
6203,酚,6579,陌,1
6203,酚,6682,靿,1
6204,酝,4913,舷,1
6204,酝,6020,辱,1
6204,酝,6197,配,1
6205,酞,6209,酤,1
6205,酞,6210,酥,1
6206,酡,4710,聍,1
6206,酡,5861,跄,1
6209,酤,6223,酷,1
6210,酥,6225,酹,1
6210,酥,6238,醚,1
6210,酥,6724,颀,1
6211,酦,6228,酿,1
6212,酩,202,作,1
6213,酪,4063,硌,1
6213,酪,6229,醅,1
6214,酬,6203,酚,1
6215,酮,6235,醐,1
6216,酯,6232,醋,1
6219,酲,6237,醒,1
6220,酴,6210,酥,1
6221,酵,6230,醇,1
6221,酵,6238,醚,1
6222,酶,4083,碎,1
6223,酷,4249,窟,1
6223,酷,6205,酞,1
6223,酷,6232,醋,1
6223,酷,7056,鸼,1
6224,酸,2369,敝,1
6224,酸,2370,敞,1
6224,酸,3898,皎,1
6224,酸,6217,酰,1
6224,酸,6231,醉,1
6225,酹,6220,酴,1
6227,酾,4066,硒,1
6228,酿,3962,眼,1
6228,酿,6204,酝,1
6229,醅,6213,酪,1
6229,醅,6933,魑,1
6230,醇,335,像,1
6230,醇,6198,酎,1
6230,醇,6225,酹,1
6231,醉,3683,瑗,1
6231,醉,4083,碎,1
6232,醋,4922,艏,1
6232,醋,6229,醅,1
6233,醌,6228,酿,1
6234,醍,4713,聘,1
6236,醑,6222,酶,1
6237,醒,6224,酸,1
6237,醒,6233,醌,1
6238,醚,3718,瓞,1
6240,醢,6237,醒,1
6241,醣,6242,醪,1
6242,醪,334,僇,1
6242,醪,6221,酵,1
6243,醭,6244,醮,1
6245,醯,2899,毓,1
6249,醾,6241,醣,1
6250,采,199,余,1
6250,采,1681,床,1
6250,采,2052,手,1
6250,采,2541,朱,1
6250,采,2564,来,1
6250,采,4174,禾,1
6250,采,4293,笨,1
6250,采,4392,籴,1
6251,釉,4665,翻,1
6251,釉,5972,轴,1
6253,里,41,主,1
6253,里,1023,圈,1
6253,里,2455,是,1
6253,里,6390,锂,1
6253,里,7125,黑,1
6254,重,41,主,1
6254,重,108,亶,1
6254,重,2515,更,1
6254,重,3630,玺,1
6254,重,3740,生,1
6254,重,6635,雪,1
6254,重,6780,饣,1
6254,重,7142,黾,1
6255,野,4455,纡,1
6256,量,2444,易,1
6256,量,2449,星,1
6256,量,2456,昱,1
6256,量,4945,芏,1
6256,量,5108,莹,1
6257,金,154,企,1
6257,金,166,会,1
6257,金,2949,汆,1
6257,金,3920,盒,1
6258,釜,5320,蚤,1
6259,鉴,3131,涘,1
6259,鉴,4322,筮,1
6259,鉴,4440,紧,1
6259,鉴,6258,釜,1
6262,銮,6261,銎,1
6262,銮,7143,鼋,1
6263,鋆,6259,鉴,1
6265,錾,1999,憩,1
6265,錾,6269,鏊,1
6269,鏊,6263,鋆,1
6269,鏊,6265,錾,1
6273,钅,4878,至,1
6273,钅,6780,饣,1
6275,钇,2923,氕,1
6276,针,1730,弃,1
6276,针,2911,毵,1
6276,针,5473,衬,1
6276,针,5595,计,1
6276,针,6794,饳,1
6277,钉,1673,幻,1
6277,钉,2429,旴,1
6277,钉,4463,纩,1
6277,钉,6287,钔,1
6278,钊,6287,钔,1
6279,钋,599,卦,1
6280,钌,6277,钉,1
6282,钎,3611,玕,1
6282,钎,5961,轩,1
6282,钎,6363,铧,1
6284,钐,6309,钫,1
6285,钒,1615,巩,1
6285,钒,4462,纨,1
6285,钒,4567,缗,1
6285,钒,6295,钝,1
6285,钒,6367,铫,1
6286,钓,6320,钶,1
6287,钔,6278,钊,1
6291,钙,6280,钌,1
6291,钙,6466,镑,1
6292,钚,6277,钉,1
6292,钚,6280,钌,1
6292,钚,6282,钎,1
6292,钚,6314,钰,1
6294,钜,6313,钯,1
6294,钜,6316,钲,1
6295,钝,6294,钜,1
6295,钝,6319,钵,1
6296,钞,5472,衫,1
6297,钟,482,刽,1
6297,钟,1781,往,1
6297,钟,6337,铈,1
6298,钠,5626,诃,1
6298,钠,6300,钢,1
6298,钠,6392,锄,1
6299,钡,735,呗,1
6299,钡,3537,狈,1
6299,钡,3626,现,1
6299,钡,4491,织,1
6299,钡,6306,钨,1
6300,钢,6303,钥,1
6300,钢,6305,钧,1
6300,钢,6551,阙,1
6301,钣,653,叛,1
6301,钣,6342,铍,1
6302,钤,6284,钐,1
6302,钤,6366,铪,1
6303,钥,2119,拊,1
6303,钥,2530,朗,1
6303,钥,6283,钏,1
6303,钥,6305,钧,1
6303,钥,6329,钿,1
6303,钥,6403,锏,1
6304,钦,198,佘,1
6304,钦,529,劲,1
6304,钦,2844,欤,1
6304,钦,2848,欸,1
6304,钦,4491,织,1
6304,钦,6789,饮,1
6305,钧,1044,均,1
6305,钧,4509,绚,1
6305,钧,6302,钤,1
6305,钧,6597,陶,1
6306,钨,4497,绍,1
6306,钨,6369,铭,1
6306,钨,6398,锊,1
6306,钨,7037,鸨,1
6307,钩,2528,朔,1
6307,钩,2994,沟,1
6307,钩,4509,绚,1
6307,钩,6287,钔,1
6307,钩,6792,饱,1
6308,钪,6375,铳,1
6310,钬,4180,秋,1
6311,钭,6282,钎,1
6312,钮,2472,晖,1
6312,钮,4803,脓,1
6312,钮,6326,钼,1
6314,钰,6364,铨,1
6315,钱,3088,浅,1
6315,钱,5981,载,1
6315,钱,6297,钟,1
6316,钲,6313,钯,1
6317,钳,6318,钴,1
6319,钵,4487,练,1
6319,钵,4599,缺,1
6319,钵,6292,钚,1
6319,钵,6293,钛,1
6319,钵,6298,钠,1
6319,钵,6318,钴,1
6319,钵,6322,钸,1
6319,钵,6350,铘,1
6320,钶,6353,铜,1
6323,钹,4486,绂,1
6323,钹,6301,钣,1
6325,钻,5625,诂,1
6325,钻,6287,钔,1
6325,钻,6291,钙,1
6325,钻,6299,钡,1
6325,钻,6309,钫,1
6326,钼,6327,钽,1
6326,钼,6329,钿,1
6327,钽,6294,钜,1
6328,钾,6290,钘,1
6329,钿,6312,钮,1
6329,钿,6314,钰,1
6329,钿,6327,钽,1
6330,铀,3511,牺,1
6330,铀,4489,绅,1
6330,铀,5490,袖,1
6330,铀,6297,钟,1
6330,铀,6329,钿,1
6330,铀,6340,铋,1
6330,铀,6392,锄,1
6331,铁,200,佚,1
6331,铁,3621,玦,1
6331,铁,5864,跌,1
6331,铁,6359,铢,1
6331,铁,6361,铤,1
6331,铁,6786,饫,1
6332,铂,3021,泊,1
6332,铂,3632,珀,1
6332,铂,6290,钘,1
6332,铂,6298,钠,1
6332,铂,6326,钼,1
6332,铂,6330,铀,1
6333,铃,741,呤,1
6333,铃,4009,矜,1
6333,铃,4507,绘,1
6333,铃,4629,羚,1
6333,铃,6372,铰,1
6333,铃,6425,锦,1
6333,铃,7172,龄,1
6334,铄,6365,铩,1
6335,铅,2603,枳,1
6335,铅,4491,织,1
6335,铅,4500,绐,1
6335,铅,4508,给,1
6335,铅,6285,钒,1
6335,铅,6369,铭,1
6335,铅,6397,锉,1
6335,铅,6954,鲐,1
6336,铆,3027,泖,1
6337,铈,6355,铞,1
6338,铉,6362,铥,1
6338,铉,6373,铱,1
6338,铉,6400,锌,1
6339,铊,6371,铯,1
6339,铊,6729,颅,1
6340,铋,6296,钞,1
6341,铌,6440,锶,1
6343,铎,6399,锋,1
6344,铐,4159,祾,1
6344,铐,4525,绪,1
6344,铐,6292,钚,1
6344,铐,6345,铑,1
6344,铐,6396,锈,1
6344,铐,6481,镠,1
6344,铐,6979,鲮,1
6345,铑,5346,蛙,1
6346,铒,6328,钾,1
6347,铕,6322,钸,1
6347,铕,6388,销,1
6347,铕,6411,锗,1
6351,铙,6797,饶,1
6352,铛,1798,徜,1
6352,铛,3649,珰,1
6352,铛,6309,钫,1
6352,铛,6357,铠,1
6352,铛,6414,锚,1
6353,铜,3067,洞,1
6353,铜,5344,蛔,1
6353,铜,5995,辋,1
6353,铜,6300,钢,1
6353,铜,6326,钼,1
6353,铜,6356,铟,1
6353,铜,6421,锢,1
6353,铜,6793,饲,1
6354,铝,4497,绍,1
6354,铝,6318,钴,1
6354,铝,6393,锅,1
6355,铞,5485,袆,1
6356,铟,6329,钿,1
6356,铟,6421,锢,1
6358,铡,238,侧,1
6358,铡,4471,纲,1
6359,铢,5974,轶,1
6359,铢,6319,钵,1
6359,铢,6331,铁,1
6359,铢,6384,铼,1
6360,铣,2541,朱,1
6360,铣,3063,洗,1
6360,铣,4142,祛,1
6360,铣,4464,纪,1
6360,铣,6349,铗,1
6360,铣,6404,锐,1
6360,铣,6431,锬,1
6362,铥,6338,铉,1
6362,铥,6361,铤,1
6364,铨,6333,铃,1
6366,铪,6354,铝,1
6366,铪,6364,铨,1
6368,铬,688,名,1
6368,铬,6430,锫,1
6369,铭,3081,洺,1
6369,铭,3436,煞,1
6369,铭,5882,路,1
6369,铭,5986,辂,1
6369,铭,6335,铅,1
6369,铭,6354,铝,1
6370,铮,6400,锌,1
6370,铮,6666,静,1
6370,铮,6933,魑,1
6371,铯,6370,铮,1
6372,铰,1432,家,1
6372,铰,3071,洨,1
6372,铰,3631,玻,1
6372,铰,4013,矧,1
6372,铰,4788,胶,1
6372,铰,5358,蛴,1
6372,铰,5877,跤,1
6372,铰,6288,钕,1
6372,铰,6306,钨,1
6372,铰,6338,铉,1
6372,铰,6375,铳,1
6373,铱,233,依,1
6373,铱,2355,改,1
6373,铱,6292,钚,1
6373,铱,6301,钣,1
6373,铱,6372,铰,1
6373,铱,6375,铳,1
6374,铲,6400,锌,1
6374,铲,6463,镎,1
6375,铳,6401,锍,1
6378,银,5875,跟,1
6378,银,6341,铌,1
6380,铸,4571,缛,1
6380,铸,6398,锊,1
6380,铸,6411,锗,1
6380,铸,6417,锝,1
6382,铺,4489,绅,1
6382,铺,5533,褙,1
6382,铺,5989,辅,1
6383,铻,6294,钜,1
6383,铻,6368,铬,1
6383,铻,6380,铸,1
6385,铽,6348,铖,1
6386,链,3135,涟,1
6386,链,6388,销,1
6388,销,1790,律,1
6388,销,3138,涢,1
6388,销,3156,淆,1
6388,销,6339,铊,1
6388,销,6346,铒,1
6388,销,6347,铕,1
6389,锁,1780,彼,1
6389,锁,3660,琐,1
6389,锁,4477,纸,1
6389,锁,4556,缋,1
6389,锁,5833,赪,1
6389,锁,6015,辣,1
6389,锁,6304,钦,1
6389,锁,6342,铍,1
6389,锁,6357,铠,1
6389,锁,6404,锐,1
6389,锁,6426,锧,1
6389,锁,6431,锬,1
6389,锁,6456,镇,1
6389,锁,6724,颀,1
6389,锁,6726,颂,1
6389,锁,6813,馈,1
6390,锂,6387,铿,1
6390,锂,6440,锶,1
6392,锄,4554,缈,1
6392,锄,6326,钼,1
6393,锅,266,俩,1
6393,锅,4270,竭,1
6393,锅,4472,纳,1
6393,锅,4576,缡,1
6395,锇,6348,铖,1
6395,锇,6367,铫,1
6396,锈,6362,铥,1
6396,锈,6410,锖,1
6396,锈,6461,镌,1
6397,锉,4485,绁,1
6397,锉,6325,钻,1
6397,锉,6431,锬,1
6397,锉,6785,饪,1
6398,锊,6280,钌,1
6399,锋,1792,徐,1
6399,锋,2334,擎,1
6399,锋,6370,铮,1
6399,锋,6424,锥,1
6399,锋,6490,镩,1
6399,锋,6960,鲚,1
6400,锌,4463,纩,1
6400,锌,4555,缉,1
6400,锌,6311,钭,1
6400,锌,6370,铮,1
6400,锌,6374,铲,1
6400,锌,6399,锋,1
6400,锌,6806,馀,1
6403,锏,6326,钼,1
6404,锐,6351,铙,1
6404,锐,6360,铣,1
6404,锐,6419,锟,1
6404,锐,6460,镋,1
6404,锐,6477,镜,1
6405,锑,2408,旆,1
6405,锑,6381,铹,1
6408,锔,6309,钫,1
6408,锔,6434,锯,1
6408,锔,6476,镛,1
6410,锖,6413,错,1
6411,锗,6383,铻,1
6411,锗,6412,锘,1
6412,锘,6394,锆,1
6412,锘,6398,锊,1
6412,锘,6800,饹,1
6413,错,2231,措,1
6413,错,2286,搭,1
6413,错,6410,锖,1
6413,错,6417,锝,1
6413,错,6454,镅,1
6413,错,6823,馓,1
6414,锚,6382,铺,1
6414,锚,6470,镕,1
6416,锜,3666,琦,1
6417,锝,6420,锡,1
6419,锟,6440,锶,1
6420,锡,4270,竭,1
6420,锡,6355,铞,1
6420,锡,6376,铴,1
6420,锡,6422,锣,1
6422,锣,4461,级,1
6422,锣,4581,缦,1
6422,锣,6246,醴,1
6422,锣,6417,锝,1
6422,锣,6432,锭,1
6422,锣,6440,锶,1
6422,锣,6493,镬,1
6422,锣,7000,鳄,1
6423,锤,2728,棰,1
6423,锤,6399,锋,1
6424,锥,4473,纴,1
6424,锥,4500,绐,1
6424,锥,4534,维,1
6424,锥,5686,谁,1
6425,锦,5917,蹄,1
6426,锧,6389,锁,1
6426,锧,6453,镄,1
6427,锨,6389,锁,1
6429,锪,6369,铭,1
6429,锪,6406,锒,1
6429,锪,6440,锶,1
6430,锫,6394,锆,1
6432,锭,1797,徙,1
6432,锭,4499,经,1
6432,锭,4543,绽,1
6432,锭,6792,饱,1
6433,键,2913,毽,1
6433,键,3519,犍,1
6433,键,3658,琎,1
6433,键,4522,继,1
6433,键,4592,缱,1
6433,键,6432,锭,1
6434,锯,293,倨,1
6434,锯,694,吓,1
6434,锯,3661,琚,1
6434,锯,6369,铭,1
6434,锯,6383,铻,1
6434,锯,6476,镛,1
6440,锶,6429,锪,1
6440,锶,7041,鸬,1
6443,锹,881,啾,1
6443,锹,3985,瞅,1
6444,锺,6362,铥,1
6444,锺,6423,锤,1
6445,锻,6301,钣,1
6445,锻,6427,锨,1
6445,锻,6479,镞,1
6445,锻,6629,雏,1
6446,锼,6437,锲,1
6446,锼,6815,馊,1
6447,锾,3694,瑷,1
6449,镀,5908,踱,1
6449,镀,6447,锾,1
6449,镀,6479,镞,1
6449,镀,6496,镰,1
6450,镁,1788,徉,1
6450,镁,6391,锃,1
6453,镄,6342,铍,1
6455,镆,6818,馍,1
6456,镇,3075,洱,1
6456,镇,4215,稹,1
6456,镇,6455,镆,1
6457,镈,6382,铺,1
6458,镉,6388,销,1
6459,镊,4546,缀,1
6460,镋,6477,镜,1
6461,镌,6476,镛,1
6462,镍,4521,绦,1
6462,镍,4535,绵,1
6462,镍,4578,缣,1
6462,镍,6337,铈,1
6462,镍,6417,锝,1
6462,镍,6425,锦,1
6464,镏,3946,眙,1
6464,镏,6436,锱,1
6464,镏,6495,镯,1
6465,镐,1798,徜,1
6465,镐,3521,犒,1
6465,镐,4219,稿,1
6465,镐,6458,镉,1
6466,镑,4504,绔,1
6466,镑,6282,钎,1
6466,镑,6370,铮,1
6466,镑,6381,铹,1
6466,镑,6481,镠,1
6466,镑,6990,鲹,1
6467,镒,6441,锷,1
6469,镔,6432,锭,1
6470,镕,3450,熔,1
6470,镕,6412,锘,1
6474,镙,6495,镯,1
6476,镛,6444,锺,1
6477,镜,3724,瓮,1
6477,镜,4144,祝,1
6477,镜,4514,统,1
6477,镜,6338,铉,1
6477,镜,6360,铣,1
6477,镜,6404,锐,1
6477,镜,6497,镱,1
6478,镝,6465,镐,1
6479,镞,6480,镟,1
6480,镟,6479,镞,1
6484,镣,2095,抟,1
6484,镣,2320,撩,1
6484,镣,5996,辌,1
6484,镣,6498,镲,1
6485,镤,6451,镂,1
6486,镥,5934,蹭,1
6487,镦,2363,敏,1
6488,镧,5392,蝈,1
6489,镨,6438,锴,1
6490,镩,6444,锺,1
6494,镭,6458,镉,1
6494,镭,6464,镏,1
6494,镭,6995,鲾,1
6496,镰,335,像,1
6496,镰,1444,寐,1
6496,镰,4571,缛,1
6499,镳,6497,镱,1
6501,镵,1604,巉,1
6502,镶,335,像,1
6502,镶,995,嚷,1
6502,镶,4563,缓,1
6502,镶,4594,缳,1
6502,镶,6497,镱,1
6503,长,360,光,1
6503,长,1210,夭,1
6503,长,1485,尺,1
6503,长,2918,氏,1
6503,长,3524,犬,1
6504,门,398,冖,1
6504,门,1607,川,1
6504,门,2946,汀,1
6504,门,2962,江,1
6504,门,5596,订,1
6504,门,6505,闩,1
6505,闩,2951,汈,1
6506,闪,19,丙,1
6506,闪,1607,川,1
6506,闪,2952,汉,1
6506,闪,6505,闩,1
6506,闪,6509,问,1
6508,闭,1743,弟,1
6508,闭,2958,汛,1
6508,闭,6544,阑,1
6509,问,196,何,1
6509,问,747,呵,1
6509,问,6506,闪,1
6510,闯,5663,诩,1
6510,闯,6508,闭,1
6510,闯,6526,闿,1
6511,闰,6515,间,1
6511,闰,6521,闺,1
6511,闰,6524,闽,1
6513,闲,176,伪,1
6513,闲,1403,守,1
6514,闳,6517,闶,1
6514,闳,6521,闺,1
6514,闳,6529,阂,1
6515,间,3056,洄,1
6515,间,3434,煎,1
6515,间,6511,闰,1
6515,间,6519,闸,1
6515,间,6524,闽,1
6515,间,6530,阃,1
6517,闶,6514,闳,1
6518,闷,3019,泅,1
6518,闷,4604,网,1
6518,闷,6506,闪,1
6518,闷,6509,问,1
6519,闸,6513,闲,1
6519,闸,6522,闻,1
6520,闹,6544,阑,1
6521,闺,1013,围,1
6521,闺,4605,罔,1
6521,闺,6512,闱,1
6521,闺,6528,阁,1
6521,闺,6529,阂,1
6521,闺,6536,阉,1
6522,闻,1019,囿,1
6522,闻,6078,通,1
6522,闻,6515,间,1
6522,闻,6532,阅,1
6522,闻,6543,阐,1
6523,闼,6546,阔,1
6524,闽,2986,沏,1
6524,闽,6509,问,1
6524,闽,6527,阀,1
6525,闾,5635,词,1
6525,闾,6540,阍,1
6526,闿,6532,阅,1
6526,闿,6538,阋,1
6527,阀,1412,宙,1
6527,阀,3057,洇,1
6527,阀,6519,闸,1
6527,阀,6524,闽,1
6527,阀,6551,阙,1
6528,阁,6510,闯,1
6528,阁,6521,闺,1
6528,阁,6534,阇,1
6528,阁,6541,阎,1
6529,阂,6514,闳,1
6529,阂,6521,闺,1
6529,阂,6524,闽,1
6529,阂,6552,阚,1
6531,阄,6538,阋,1
6532,阅,687,同,1
6532,阅,6506,闪,1
6532,阅,6511,闰,1
6532,阅,6517,闶,1
6532,阅,6518,闷,1
6533,阆,1014,囵,1
6533,阆,6516,闵,1
6534,阇,6537,阊,1
6534,阇,6548,阖,1
6535,阈,6544,阑,1
6536,阉,6532,阅,1
6536,阉,6534,阇,1
6536,阉,6539,阌,1
6536,阉,6563,阴,1
6537,阊,6512,闱,1
6537,阊,6525,闾,1
6537,阊,6550,阘,1
6540,阍,6537,阊,1
6541,阎,556,匐,1
6541,阎,6531,阄,1
6541,阎,6537,阊,1
6541,阎,6540,阍,1
6541,阎,6544,阑,1
6542,阏,3245,溷,1
6542,阏,6551,阙,1
6543,阐,6519,闸,1
6543,阐,6522,闻,1
6543,阐,6524,闽,1
6543,阐,6531,阄,1
6543,阐,6549,阗,1
6544,阑,4605,罔,1
6544,阑,6519,闸,1
6544,阑,6524,闽,1
6544,阑,6530,阃,1
6544,阑,6543,阐,1
6544,阑,6633,雨,1
6545,阒,6549,阗,1
6546,阔,720,吻,1
6546,阔,3023,泐,1
6546,阔,3067,洞,1
6546,阔,3141,润,1
6546,阔,5688,调,1
6546,阔,6519,闸,1
6546,阔,6524,闽,1
6546,阔,6542,阏,1
6548,阖,556,匐,1
6548,阖,6514,闳,1
6549,阗,6521,闺,1
6551,阙,6529,阂,1
6551,阙,6550,阘,1
6553,阜,77,争,1
6553,阜,586,卓,1
6553,阜,1668,平,1
6553,阜,1669,年,1
6553,阜,2029,戛,1
6554,阝,601,卩,1
6555,队,5853,趴,1
6555,队,5856,趺,1
6555,队,6557,阢,1
6558,阪,653,叛,1
6559,阮,4744,肮,1
6560,阱,5610,讲,1
6560,阱,5857,趼,1
6561,防,1741,弘,1
6561,防,2020,戏,1
6561,防,4741,肪,1
6561,防,6555,队,1
6561,防,6569,阿,1
6561,防,6585,陟,1
6562,阳,183,伸,1
6562,阳,607,即,1
6562,阳,6564,阵,1
6563,阴,2442,明,1
6563,阴,2525,朋,1
6563,阴,2530,朗,1
6564,阵,2133,拜,1
6564,阵,6556,阡,1
6564,阵,6573,际,1
6564,阵,6583,陕,1
6565,阶,6556,阡,1
6565,阶,6579,陌,1
6565,阶,6580,降,1
6566,阻,754,咀,1
6566,阻,1855,怛,1
6566,阻,4400,粗,1
6566,阻,5335,蛆,1
6566,阻,6557,阢,1
6566,阻,6560,阱,1
6566,阻,6562,阳,1
6566,阻,6589,陧,1
6567,阼,4766,胙,1
6567,阼,6568,阽,1
6569,阿,6562,阳,1
6569,阿,6564,阵,1
6570,陀,1059,坠,1
6570,陀,6561,防,1
6571,陂,2102,披,1
6571,陂,6581,限,1
6572,附,1465,尉,1
6572,附,5870,跗,1
6572,附,6563,阴,1
6573,际,603,卮,1
6573,际,2972,汴,1
6573,际,5339,蛋,1
6573,际,6556,阡,1
6573,际,6564,阵,1
6574,陆,6586,陡,1
6575,陇,767,咙,1
6575,陇,2461,昽,1
6576,陈,417,冻,1
6576,陈,6573,际,1
6576,陈,6609,隙,1
6578,陋,6599,隅,1
6578,陋,6604,随,1
6579,陌,6590,陨,1
6580,降,5144,萍,1
6580,降,6610,障,1
6581,限,800,哏,1
6581,限,1744,张,1
6581,限,6601,隈,1
6583,陕,1640,帙,1
6583,陕,3087,浃,1
6584,陛,3171,淫,1
6584,陛,5501,袼,1
6585,陟,6586,陡,1
6586,陡,1793,徒,1
6586,陡,6577,陉,1
6586,陡,6590,陨,1
6587,院,3411,烷,1
6587,院,6605,隐,1
6588,除,1792,徐,1
6588,除,6573,际,1
6588,除,6576,陈,1
6588,除,6609,隙,1
6588,除,7034,鸤,1
6590,陨,354,允,1
6590,陨,2197,损,1
6590,陨,6717,项,1
6591,险,1560,峪,1
6591,险,6575,陇,1
6591,险,6582,陔,1
6591,险,6586,陡,1
6591,险,6596,陵,1
6592,陪,2252,揞,1
6592,陪,2497,暗,1
6592,陪,3145,涪,1
6592,陪,3418,焐,1
6592,陪,6606,隔,1
6596,陵,3200,港,1
6596,陵,4159,祾,1
6596,陵,4809,脧,1
6597,陶,2219,掏,1
6597,陶,2994,沟,1
6597,陶,4605,罔,1
6597,陶,4789,胸,1
6597,陶,4816,脾,1
6598,陷,2787,榴,1
6598,陷,6606,隔,1
6599,隅,883,喁,1
6599,隅,3137,涡,1
6600,隆,4371,篷,1
6600,隆,6580,降,1
6600,隆,6588,除,1
6601,隈,6581,限,1
6602,隋,2520,替,1
6603,隍,1956,惶,1
6603,隍,6589,陧,1
6603,隍,6600,隆,1
6604,随,6096,遁,1
6604,随,6578,陋,1
6605,隐,6603,隍,1
6605,隐,6802,饻,1
6606,隔,922,嗝,1
6608,隘,914,嗌,1
6608,隘,3235,溢,1
6609,隙,929,嗦,1
6609,隙,1139,堕,1
6609,隙,6564,阵,1
6609,隙,6573,际,1
6609,隙,6587,院,1
6610,障,6556,阡,1
6611,隧,6578,陋,1
6613,隳,6612,隰,1
6614,隶,1740,弗,1
6614,隶,4720,肃,1
6615,隹,192,住,1
6615,隹,204,佞,1
6616,隼,582,华,1
6616,隼,6617,隽,1
6616,隼,6623,集,1
6618,难,846,唯,1
6618,难,997,囊,1
6618,难,1837,忾,1
6618,难,2842,欢,1
6618,难,4085,碓,1
6618,难,6125,邓,1
6618,难,6626,雌,1
6619,雀,360,光,1
6619,雀,1570,崖,1
6619,雀,3938,省,1
6619,雀,5147,萑,1
6619,雀,5160,落,1
6620,雁,1509,屣,1
6620,雁,2690,桩,1
6620,雁,4085,碓,1
6621,雄,4085,碓,1
6621,雄,7103,鹾,1
6623,集,1089,垡,1
6623,集,1790,律,1
6623,集,6250,采,1
6624,雇,330,催,1
6624,雇,3805,疰,1
6624,雇,4620,罹,1
6624,雇,6619,雀,1
6626,雌,1538,岭,1
6626,雌,5730,谯,1
6626,雌,6628,雎,1
6627,雍,6621,雄,1
6628,雎,3969,睚,1
6629,雏,2004,懈,1
6629,雏,3972,睢,1
6629,雏,6397,锉,1
6630,雒,6629,雏,1
6631,雕,1651,帷,1
6631,雕,4902,航,1
6631,雕,6244,醮,1
6633,雨,42,丽,1
6633,雨,395,再,1
6634,雩,6638,零,1
6635,雪,1759,当,1
6635,雪,6636,雯,1
6637,雳,1642,帛,1
6637,雳,4170,禹,1
6637,雳,6634,雩,1
6637,雳,6647,霈,1
6638,零,4654,翟,1
6639,雷,3767,留,1
6639,雷,4170,禹,1
6639,雷,6635,雪,1
6639,雷,6642,需,1
6640,雹,2414,旖,1
6641,雾,6638,零,1
6641,雾,6643,霁,1
6642,需,3338,濡,1
6642,需,5338,蛊,1
6642,需,6637,雳,1
6642,需,6639,雷,1
6644,霄,2517,曹,1
6644,霄,2940,氰,1
6645,霆,7174,龆,1
6646,震,1407,宏,1
6648,霉,5552,覃,1
6648,霉,6643,霁,1
6648,霉,6646,震,1
6649,霍,6619,雀,1
6650,霎,1430,宴,1
6650,霎,4151,票,1
6650,霎,6636,雯,1
6650,霎,6646,震,1
6652,霓,366,兖,1
6652,霓,5563,觋,1
6655,霞,6658,霰,1
6657,霭,4804,脔,1
6658,霰,6655,霞,1
6660,霸,5195,蒴,1
6660,霸,6662,霾,1
6661,霹,6642,需,1
6662,霾,4151,票,1
6662,霾,5759,貌,1
6663,青,870,啬,1
6663,青,1461,寿,1
6663,青,2573,杳,1
6663,青,3947,眚,1
6663,青,4671,者,1
6663,青,5164,著,1
6663,青,5767,责,1
6664,靓,5556,规,1
6665,靖,3180,清,1
6665,靖,4271,端,1
6665,靖,6978,鲭,1
6666,静,2172,挣,1
6666,静,4678,耔,1
6666,静,4717,聱,1
6666,静,6013,辞,1
6666,静,6977,鲬,1
6668,非,32,丬,1
6668,非,410,冰,1
6668,非,1541,岵,1
6668,非,2124,拒,1
6668,非,3056,洄,1
6668,非,3378,炬,1
6668,非,4399,粕,1
6668,非,5133,菲,1
6668,非,6394,锆,1
6669,靠,102,京,1
6669,靠,3402,烤,1
6669,靠,5071,荨,1
6670,靡,2050,扉,1
6671,面,624,厘,1
6671,面,1084,垕,1
6671,面,3891,百,1
6671,面,4019,石,1
6671,面,4674,而,1
6671,面,5457,血,1
6671,面,6193,酉,1
6673,革,3509,牵,1
6673,革,4938,节,1
6673,革,4942,芋,1
6673,革,5101,莱,1
6674,靰,4902,航,1
6675,靳,539,勒,1
6675,靳,2044,所,1
6676,靴,6176,郸,1
6682,靿,6676,靴,1
6683,鞁,6675,靳,1
6683,鞁,6678,靸,1
6684,鞅,6676,靴,1
6685,鞋,583,协,1
6685,鞋,4632,羟,1
6685,鞋,5007,苷,1
6685,鞋,5133,菲,1
6685,鞋,5250,蕹,1
6685,鞋,6698,鞯,1
6686,鞍,4374,簃,1
6686,鞍,6690,鞘,1
6688,鞒,6185,鄞,1
6690,鞘,6675,靳,1
6691,鞠,5963,轫,1
6694,鞧,5401,蝤,1
6695,鞨,4636,羯,1
6697,鞭,5832,赧,1
6698,鞯,6690,鞘,1
6702,韦,34,丰,1
6702,韦,35,串,1
6702,韦,69,书,1
6702,韦,1612,左,1
6702,韦,2536,未,1
6707,韫,2265,揾,1
6709,韭,1926,悲,1
6709,韭,3612,玖,1
6709,韭,5133,菲,1
6709,韭,6668,非,1
6710,音,1273,妾,1
6710,音,1759,当,1
6710,音,2445,昔,1
6710,音,5581,言,1
6711,韵,2846,欲,1
6712,韶,7075,鹐,1
6713,页,361,克,1
6713,页,736,员,1
6713,页,1692,庚,1
6713,页,2840,欠,1
6713,页,5765,贡,1
6714,顶,1104,埂,1
6714,顶,1494,屃,1
6714,顶,2197,损,1
6715,顷,1040,圻,1
6715,顷,2841,次,1
6715,顷,3403,烦,1
6717,项,1091,垣,1
6717,项,2356,攻,1
6717,项,6715,顷,1
6717,项,6788,饭,1
6718,顺,718,吸,1
6718,顺,1631,师,1
6718,顺,3142,涧,1
6718,顺,6719,须,1
6719,须,4478,纹,1
6719,须,4491,织,1
6721,顽,6720,顼,1
6721,顽,6734,颊,1
6722,顾,2845,欧,1
6722,顾,4904,般,1
6722,顾,6739,颐,1
6723,顿,1307,娘,1
6723,顿,6715,顷,1
6724,颀,6719,须,1
6725,颁,2844,欤,1
6725,颁,6304,钦,1
6725,颁,6427,锨,1
6725,颁,6736,颌,1
6726,颂,6719,须,1
6726,颂,6736,颌,1
6727,颃,6078,通,1
6728,预,3491,版,1
6728,预,5215,蓣,1
6728,预,6737,颍,1
6728,预,6854,骄,1
6729,颅,6719,须,1
6729,颅,6725,颁,1
6730,领,2846,欲,1
6730,领,6292,钚,1
6730,领,6732,颈,1
6731,颇,6723,顿,1
6731,颇,6750,额,1
6732,颈,1745,弥,1
6732,颈,6723,顿,1
6734,颊,653,叛,1
6734,颊,3403,烦,1
6734,颊,6769,飙,1
6736,颌,4067,硕,1
6736,颌,6725,颁,1
6736,颌,6730,领,1
6739,颐,4873,臣,1
6740,频,2375,敬,1
6741,颓,3622,玩,1
6741,颓,6727,颃,1
6743,颖,2851,款,1
6743,颖,3785,疑,1
6744,颗,5817,赖,1
6744,颗,6746,颙,1
6745,题,560,匙,1
6745,题,5860,跃,1
6747,颚,6180,鄂,1
6747,颚,6634,雩,1
6749,颜,6721,顽,1
6749,颜,6728,预,1
6750,额,6304,钦,1
6750,额,6755,颢,1
6753,颠,6734,颊,1
6755,颢,1775,影,1
6756,颤,6733,颉,1
6759,颧,5222,蔌,1
6759,颧,6697,鞭,1
6759,颧,6749,颜,1
6760,风,432,凡,1
6760,风,1495,居,1
6761,飐,6767,飗,1
6763,飒,4471,纲,1
6763,飒,4646,翊,1
6763,飒,5608,讯,1
6769,飙,498,剞,1
6770,飚,4925,艟,1
6770,飚,6761,飐,1
6771,飞,2859,正,1
6772,食,139,令,1
6772,食,1858,怠,1
6773,飧,6340,铋,1
6774,飨,3700,璇,1
6776,餐,6777,餮,1
6778,饔,5531,褒,1
6778,饔,6772,食,1
6779,饕,3676,琵,1
6780,饣,551,包,1
6781,饥,5599,讥,1
6781,饥,6285,钒,1
6785,饪,5888,跹,1
6787,饬,172,伤,1
6787,饬,6784,饩,1
6788,饭,6301,钣,1
6788,饭,6786,饫,1
6788,饭,6801,饺,1
6789,饮,161,伐,1
6789,饮,4272,竹,1
6789,饮,5629,识,1
6789,饮,6299,钡,1
6789,饮,6304,钦,1
6789,饮,6788,饭,1
6789,饮,6792,饱,1
6790,饯,4483,线,1
6790,饯,6351,铙,1
6791,饰,4564,缔,1
6791,饰,5887,跸,1
6792,饱,4272,竹,1
6792,饱,5861,跄,1
6792,饱,5868,跑,1
6793,饲,4465,纫,1
6793,饲,4481,纽,1
6793,饲,6307,钩,1
6793,饲,6796,饵,1
6794,饳,4059,础,1
6794,饳,6786,饫,1
6796,饵,3075,洱,1
6796,饵,4509,绚,1
6796,饵,6569,阿,1
6797,饶,337,僚,1
6797,饶,359,先,1
6797,饶,4491,织,1
6797,饶,6784,饩,1
6799,饸,6354,铝,1
6800,饹,5798,赂,1
6801,饺,6788,饭,1
6803,饼,5820,赚,1
6803,饼,6791,饰,1
6803,饼,6806,馀,1
6806,馀,5806,赊,1
6807,馁,4287,笛,1
6807,馁,4520,绥,1
6807,馁,6801,饺,1
6807,馁,6819,馏,1
6808,馃,6418,锞,1
6809,馄,6419,锟,1
6810,馅,5689,谄,1
6810,馅,6598,陷,1
6810,馅,6806,馀,1
6810,馅,6819,馏,1
6811,馆,3672,琯,1
6811,馆,4544,绾,1
6813,馈,285,候,1
6813,馈,4556,缋,1
6813,馈,6799,饸,1
6816,馋,333,傻,1
6816,馋,5707,谗,1
6816,馋,6784,饩,1
6816,馋,6804,饽,1
6817,馌,5308,蚀,1
6818,馍,4505,绕,1
6818,馍,5714,谟,1
6818,馍,6821,馑,1
6819,馏,4121,礌,1
6819,馏,4547,缁,1
6819,馏,4590,缯,1
6819,馏,5927,蹓,1
6822,馒,4581,缦,1
6822,馒,6407,锓,1
6822,馒,6473,镘,1
6822,馒,6801,饺,1
6826,首,2423,旬,1
6826,首,2445,昔,1
6826,首,3617,玠,1
6826,首,3932,盲,1
6826,首,3937,盾,1
6826,首,4266,章,1
6826,首,4727,肓,1
6826,首,4748,肴,1
6826,首,4889,舌,1
6827,馗,491,前,1
6827,馗,5582,訄,1
6829,香,14,专,1
6829,香,61,乘,1
6829,香,869,啪,1
6829,香,1281,委,1
6829,香,2421,旨,1
6829,香,2626,查,1
6829,香,3773,番,1
6829,香,4711,聒,1
6829,香,7058,鸾,1
6832,马,52,乌,1
6832,马,3891,百,1
6833,驭,1380,孜,1
6833,驭,6838,驳,1
6834,驮,4749,肷,1
6834,驮,5371,蜒,1
6835,驯,5606,训,1
6837,驱,5954,躯,1
6838,驳,1380,孜,1
6838,驳,6863,骎,1
6839,驴,6143,邵,1
6839,驴,6153,郅,1
6839,驴,6862,骍,1
6840,驵,6842,驷,1
6842,驷,6840,驵,1
6843,驸,762,咐,1
6846,驻,5333,蛀,1
6846,驻,5996,辌,1
6846,驻,6838,驳,1
6846,驻,6851,骀,1
6846,驻,6861,验,1
6847,驼,6846,驻,1
6848,驽,7051,鸷,1
6849,驾,4276,笃,1
6849,驾,6848,驽,1
6851,骀,1775,影,1
6852,骁,6351,铙,1
6853,骂,3671,琮,1
6853,骂,4353,箸,1
6853,骂,6849,驾,1
6856,骆,4063,硌,1
6856,骆,4511,络,1
6856,骆,6838,驳,1
6856,骆,6861,验,1
6857,骇,1746,弦,1
6857,骇,6582,陔,1
6858,骈,5820,赚,1
6860,骋,6883,骤,1
6861,验,2871,殄,1
6861,验,4815,脸,1
6861,验,6845,驺,1
6861,验,6868,骓,1
6861,验,6869,骖,1
6862,骍,6845,驺,1
6862,骍,6854,骄,1
6863,骎,5371,蜒,1
6863,骎,6864,骏,1
6864,骏,1563,峻,1
6866,骑,3516,犄,1
6866,骑,6845,驺,1
6868,骓,6622,雅,1
6870,骗,6862,骍,1
6870,骗,6863,骎,1
6874,骛,7097,鹭,1
6877,骞,5919,蹇,1
6878,骟,6870,骗,1
6880,骡,6862,骍,1
6880,骡,6883,骤,1
6881,骢,3697,璁,1
6881,骢,6860,骋,1
6883,骤,2494,暌,1
6886,骨,2441,昌,1
6886,骨,4745,肯,1
6886,骨,6940,鲁,1
6888,骱,2036,戬,1
6891,骸,6898,髋,1
6891,骸,6899,髌,1
6892,骺,6891,骸,1
6893,骼,2371,敢,1
6893,骼,6212,酩,1
6895,髁,6894,髀,1
6895,髁,7079,鹘,1
6896,髂,4423,糌,1
6896,髂,6017,辩,1
6896,髂,6893,骼,1
6897,髅,7070,鹊,1
6899,髌,4420,糇,1
6899,髌,5902,踣,1
6902,高,101,享,1
6902,高,6505,闩,1
6903,髟,538,勐,1
6904,髡,5743,豌,1
6905,髦,1178,墼,1
6906,髫,6908,髯,1
6907,髭,6407,锓,1
6907,髭,6905,髦,1
6911,鬃,6906,髫,1
6911,鬃,6910,髻,1
6912,鬈,6875,骜,1
6914,鬓,4434,糵,1
6914,鬓,6912,鬈,1
6915,鬟,4360,篓,1
6917,鬯,445,凼,1
6921,鬼,364,兔,1
6921,鬼,1857,思,1
6921,鬼,5477,衷,1
6923,魂,321,傀,1
6923,魂,3697,璁,1
6923,魂,4270,竭,1
6923,魂,5993,辉,1
6923,魂,6847,驼,1
6924,魃,6926,魅,1
6925,魄,321,傀,1
6925,魄,865,啤,1
6926,魅,4522,继,1
6928,魇,1703,庵,1
6928,魇,5377,蜜,1
6932,魏,1341,媳,1
6932,魏,1605,巍,1
6934,魔,5814,赓,1
6934,魔,7117,麽,1
6934,魔,7118,麾,1
6935,鱼,1014,囵,1
6935,鱼,5569,角,1
6937,鱾,6942,鲃,1
6941,鲂,538,勐,1
6945,鲇,6953,鲏,1
6946,鲈,3049,泸,1
6946,鲈,6374,铲,1
6946,鲈,6839,驴,1
6946,鲈,6948,鲊,1
6948,鲊,6945,鲇,1
6949,鲋,5870,跗,1
6950,鲌,6949,鲋,1
6951,鲍,4042,砣,1
6951,鲍,6942,鲃,1
6953,鲏,3905,皱,1
6956,鲒,4503,结,1
6956,鲒,6955,鲑,1
6961,鲛,5890,跻,1
6961,鲛,5921,蹉,1
6961,鲛,6953,鲏,1
6961,鲛,6979,鲮,1
6962,鲜,4494,绊,1
6962,鲜,5574,解,1
6962,鲜,6423,锤,1
6962,鲜,6628,雎,1
6963,鲞,5747,豢,1
6966,鲡,6227,酾,1
6967,鲢,6955,鲑,1
6968,鲣,6969,鲤,1
6969,鲤,726,呈,1
6969,鲤,2911,毵,1
6969,鲤,6390,锂,1
6969,鲤,6968,鲣,1
6969,鲤,6996,鳀,1
6971,鲦,5739,豁,1
6971,鲦,6972,鲧,1
6972,鲧,3734,甑,1
6973,鲨,3189,渗,1
6973,鲨,7019,鳘,1
6974,鲩,6939,鲀,1
6974,鲩,6989,鲸,1
6976,鲫,6942,鲃,1
6976,鲫,6958,鲕,1
6977,鲬,5894,踊,1
6980,鲯,6965,鲠,1
6980,鲯,7002,鳆,1
6983,鲲,2921,氓,1
6983,鲲,4532,绲,1
6984,鲳,5899,踞,1
6985,鲴,6991,鲺,1
6986,鲵,6974,鲩,1
6987,鲶,5891,跽,1
6987,鲶,6999,鳃,1
6988,鲷,6546,阔,1
6988,鲷,6985,鲴,1
6989,鲸,2368,敛,1
6989,鲸,7013,鳑,1
6989,鲸,7025,鳟,1
6991,鲺,5458,衄,1
6995,鲾,6918,鬲,1
6997,鳁,6984,鲳,1
6998,鳂,4553,缇,1
6999,鳃,6987,鲶,1
7000,鳄,6441,锷,1
7000,鳄,6990,鲹,1
7000,鳄,7013,鳑,1
7000,鳄,7028,鳤,1
7001,鳅,6995,鲾,1
7004,鳈,793,哆,1
7005,鳉,6935,鱼,1
7005,鳉,6949,鲋,1
7006,鳊,5915,蹁,1
7006,鳊,6977,鲬,1
7006,鳊,6978,鲭,1
7008,鳌,5426,螯,1
7009,鳍,4385,簪,1
7009,鳍,6978,鲭,1
7009,鳍,6992,鲻,1
7010,鳎,6983,鲲,1
7011,鳏,4448,繁,1
7012,鳐,5443,蟹,1
7012,鳐,6972,鲧,1
7012,鳐,7007,鳋,1
7013,鳑,4432,糨,1
7015,鳔,6471,镖,1
7017,鳖,3973,督,1
7017,鳖,5932,蹩,1
7020,鳙,7013,鳑,1
7024,鳞,4117,磷,1
7024,鳞,7009,鳍,1
7024,鳞,7027,鳢,1
7029,鸟,2553,李,1
7029,鸟,6832,马,1
7030,鸠,739,呜,1
7030,鸠,6819,馏,1
7031,鸡,3615,玛,1
7031,鸡,7034,鸤,1
7031,鸡,7035,鸥,1
7031,鸡,7036,鸦,1
7032,鸢,5023,茑,1
7033,鸣,701,吟,1
7033,鸣,1374,孕,1
7033,鸣,7034,鸤,1
7035,鸥,2845,欧,1
7036,鸦,4187,秣,1
7036,鸦,7031,鸡,1
7038,鸩,7064,鹄,1
7038,鸩,7066,鹆,1
7040,鸫,2200,捣,1
7040,鸫,5984,辀,1
7042,鸭,3615,玛,1
7042,鸭,5310,蚂,1
7042,鸭,6609,隙,1
7042,鸭,7036,鸦,1
7043,鸮,7039,鸪,1
7044,鸯,5752,豸,1
7044,鸯,7058,鸾,1
7045,鸰,7043,鸮,1
7045,鸰,7057,鸽,1
7047,鸲,1202,够,1
7047,鸲,3573,猖,1
7048,鸳,4363,篝,1
7048,鸳,7044,鸯,1
7049,鸵,6836,驰,1
7049,鸵,7073,鹎,1
7052,鸸,3355,灭,1
7053,鸹,7039,鸪,1
7055,鸻,5460,行,1
7055,鸻,7043,鸮,1
7055,鸻,7066,鹆,1
7056,鸼,7052,鸸,1
7057,鸽,6306,钨,1
7057,鸽,7053,鸹,1
7059,鸿,3199,渭,1
7059,鸿,3203,游,1
7059,鸿,3304,潟,1
7059,鸿,7033,鸣,1
7060,鹀,3619,玢,1
7063,鹃,356,兄,1
7063,鹃,4792,能,1
7063,鹃,7043,鸮,1
7063,鹃,7052,鸸,1
7063,鹃,7075,鹐,1
7063,鹃,7081,鹛,1
7063,鹃,7096,鹬,1
7064,鹄,7057,鸽,1
7065,鹅,7040,鸫,1
7065,鹅,7069,鹉,1
7065,鹅,7077,鹕,1
7066,鹆,7064,鹄,1
7067,鹇,7074,鹏,1
7069,鹉,7065,鹅,1
7070,鹊,2372,散,1
7070,鹊,4133,祃,1
7070,鹊,7064,鹄,1
7070,鹊,7096,鹬,1
7070,鹊,7101,鹲,1
7073,鹎,77,争,1
7073,鹎,7072,鹌,1
7075,鹐,7045,鸰,1
7076,鹑,7073,鹎,1
7077,鹕,7076,鹑,1
7078,鹗,7043,鸮,1
7078,鹗,7077,鹕,1
7080,鹚,7078,鹗,1
7081,鹛,7079,鹘,1
7081,鹛,7080,鹚,1
7082,鹜,6875,骜,1
7082,鹜,7081,鹛,1
7083,鹝,7036,鸦,1
7084,鹞,3304,潟,1
7084,鹞,7082,鹜,1
7087,鹡,1577,崩,1
7087,鹡,7040,鸫,1
7088,鹣,7068,鹈,1
7088,鹣,7084,鹞,1
7089,鹤,6984,鲳,1
7089,鹤,7072,鹌,1
7089,鹤,7087,鹡,1
7091,鹧,7088,鹣,1
7092,鹨,7091,鹧,1
7093,鹩,2367,教,1
7093,鹩,7092,鹨,1
7094,鹪,7086,鹠,1
7094,鹪,7093,鹩,1
7095,鹫,7094,鹪,1
7096,鹬,7081,鹛,1
7096,鹬,7095,鹫,1
7099,鹰,1720,廪,1
7099,鹰,4862,膺,1
7100,鹱,1249,妄,1
7104,鹿,1714,廒,1
7106,麇,4429,糜,1
7106,麇,7107,麈,1
7109,麒,7116,麻,1
7113,麦,14,专,1
7113,麦,28,丧,1
7113,麦,1228,奏,1
7113,麦,2434,旻,1
7114,麴,554,匍,1
7116,麻,2896,每,1
7119,黄,534,勇,1
7119,黄,1957,惹,1
7119,黄,5055,荑,1
7119,黄,5138,萁,1
7119,黄,5265,薰,1
7119,黄,5397,蝗,1
7120,黇,1773,彭,1
7120,黇,5433,蟊,1
7122,黍,2538,本,1
7122,黍,3043,泰,1
7122,黍,4177,秃,1
7125,黑,406,冥,1
7125,黑,965,嘿,1
7125,黑,1023,圈,1
7125,黑,1176,墨,1
7125,黑,1857,思,1
7125,黑,1922,悬,1
7125,黑,4294,笪,1
7125,黑,4619,罴,1
7126,黔,2379,敷,1
7126,黔,5882,路,1
7126,黔,7129,黜,1
7129,黜,7134,黥,1
7131,黟,1204,夥,1
7133,黢,7131,黟,1
7137,黪,4758,胃,1
7137,黪,5882,路,1
7138,黯,4528,绮,1
7138,黯,6229,醅,1
7145,鼎,1451,寤,1
7145,鼎,1578,崭,1
7151,鼠,2438,昆,1
7151,鼠,4545,绿,1
7153,鼩,4509,绚,1
7154,鼫,2889,殷,1
7156,鼯,3493,牍,1
7158,鼷,5922,蹊,1
7158,鼷,7159,鼹,1
7159,鼹,1263,妥,1
7159,鼹,7156,鼯,1
7160,鼻,488,剅,1
7160,鼻,4151,票,1
7160,鼻,4887,舅,1
7163,齁,513,劓,1
7163,齁,7157,鼱,1
7165,齉,7163,齁,1
7168,齿,5457,血,1
7170,龁,4044,砦,1
7170,龁,7165,齉,1
7176,龈,7178,龊,1
7179,龋,5882,路,1
7181,龙,1476,尢,1
7181,龙,2014,戈,1
7181,龙,2015,戊,1
7181,龙,3357,灰,1
7182,龚,4284,笔,1
7184,龟,364,兔,1
7184,龟,368,兜,1
7184,龟,1489,尾,1
7184,龟,4930,色,1
7184,龟,6921,鬼,1
7185,龠,1443,富,1
7185,龠,7146,鼐,1
