class_id,train_support,test_support,support_tier,top1_accuracy,recall
0,765,201,head,0.9900497512437811,0.9900497512437811
1,541,144,head,0.9930555555555556,0.9930555555555556
2,537,142,mid,0.971830985915493,0.971830985915493
3,540,141,mid,0.9290780141843972,0.9290780141843972
4,540,143,mid,0.9300699300699301,0.9300699300699301
5,540,145,mid,0.9724137931034482,0.9724137931034482
6,537,144,mid,0.9513888888888888,0.9513888888888888
7,538,144,mid,0.9513888888888888,0.9513888888888888
8,541,144,head,0.9513888888888888,0.9513888888888888
9,214,59,tail,0.9830508474576272,0.9830508474576272
10,544,142,head,0.9225352112676056,0.9225352112676056
11,542,144,head,0.9861111111111112,0.9861111111111112
12,314,83,mid,0.9879518072289156,0.9879518072289156
13,543,143,head,0.965034965034965,0.965034965034965
14,540,143,mid,0.965034965034965,0.965034965034965
15,540,141,mid,0.8652482269503546,0.8652482269503546
16,216,59,tail,1.0,1.0
17,539,144,mid,0.9722222222222222,0.9722222222222222
18,534,145,mid,0.9655172413793104,0.9655172413793104
19,543,143,head,0.951048951048951,0.951048951048951
20,543,143,head,0.972027972027972,0.972027972027972
21,543,139,head,0.9856115107913669,0.9856115107913669
22,541,142,head,0.9507042253521126,0.9507042253521126
23,537,142,mid,0.9647887323943662,0.9647887323943662
24,216,59,tail,1.0,1.0
25,540,140,mid,0.9714285714285714,0.9714285714285714
26,539,141,mid,0.9716312056737588,0.9716312056737588
27,538,143,mid,0.986013986013986,0.986013986013986
28,536,142,mid,0.9577464788732394,0.9577464788732394
29,216,59,tail,0.9830508474576272,0.9830508474576272
30,542,142,head,0.9577464788732394,0.9577464788732394
31,538,144,mid,0.9652777777777778,0.9652777777777778
32,216,60,tail,0.9666666666666667,0.9666666666666667
33,537,143,mid,0.9300699300699301,0.9300699300699301
34,540,141,mid,0.9290780141843972,0.9290780141843972
35,540,142,mid,0.9788732394366197,0.9788732394366197
36,538,143,mid,0.9790209790209791,0.9790209790209791
37,216,59,tail,1.0,1.0
38,539,144,mid,0.9930555555555556,0.9930555555555556
39,539,140,mid,0.9571428571428572,0.9571428571428572
40,536,142,mid,0.9154929577464789,0.9154929577464789
41,540,141,mid,0.9290780141843972,0.9290780141843972
42,538,142,mid,0.9788732394366197,0.9788732394366197
43,540,142,mid,0.971830985915493,0.971830985915493
44,216,59,tail,0.9830508474576272,0.9830508474576272
45,213,60,tail,0.9333333333333333,0.9333333333333333
46,535,142,mid,0.9507042253521126,0.9507042253521126
47,541,144,head,0.9305555555555556,0.9305555555555556
48,216,57,tail,0.9473684210526315,0.9473684210526315
49,533,144,mid,0.9236111111111112,0.9236111111111112
50,540,144,mid,0.9097222222222222,0.9097222222222222
51,543,145,head,0.8,0.8
52,540,143,mid,0.951048951048951,0.951048951048951
53,540,143,mid,0.9790209790209791,0.9790209790209791
54,540,142,mid,0.8169014084507042,0.8169014084507042
55,539,142,mid,0.9295774647887324,0.9295774647887324
56,538,142,mid,0.9436619718309859,0.9436619718309859
57,521,140,mid,0.8928571428571429,0.8928571428571429
58,531,143,mid,0.916083916083916,0.916083916083916
59,539,143,mid,0.972027972027972,0.972027972027972
60,513,135,mid,0.8962962962962963,0.8962962962962963
61,549,141,head,0.9432624113475178,0.9432624113475178
62,537,144,mid,0.9652777777777778,0.9652777777777778
63,211,60,tail,1.0,1.0
64,541,143,head,0.972027972027972,0.972027972027972
65,534,143,mid,0.958041958041958,0.958041958041958
66,542,144,head,0.9652777777777778,0.9652777777777778
67,540,143,mid,0.9230769230769231,0.9230769230769231
68,537,144,mid,0.9722222222222222,0.9722222222222222
69,537,143,mid,0.972027972027972,0.972027972027972
70,215,60,tail,0.9666666666666667,0.9666666666666667
71,537,143,mid,0.958041958041958,0.958041958041958
72,540,142,mid,1.0,1.0
73,540,142,mid,0.9859154929577465,0.9859154929577465
74,538,144,mid,1.0,1.0
75,538,143,mid,0.916083916083916,0.916083916083916
76,542,143,head,0.993006993006993,0.993006993006993
77,540,144,mid,0.9861111111111112,0.9861111111111112
78,539,141,mid,0.9858156028368794,0.9858156028368794
79,542,142,head,0.8943661971830986,0.8943661971830986
80,215,58,tail,0.9482758620689655,0.9482758620689655
81,543,145,head,0.903448275862069,0.903448275862069
82,537,144,mid,0.8958333333333334,0.8958333333333334
83,541,144,head,0.9236111111111112,0.9236111111111112
84,541,142,head,0.9647887323943662,0.9647887323943662
85,216,60,tail,0.9833333333333333,0.9833333333333333
86,538,143,mid,0.8951048951048951,0.8951048951048951
87,540,142,mid,0.9859154929577465,0.9859154929577465
88,216,59,tail,0.9830508474576272,0.9830508474576272
89,540,143,mid,1.0,1.0
90,534,143,mid,0.986013986013986,0.986013986013986
91,216,59,tail,0.9661016949152542,0.9661016949152542
92,215,58,tail,1.0,1.0
93,541,144,head,0.8958333333333334,0.8958333333333334
94,538,143,mid,0.9370629370629371,0.9370629370629371
95,540,142,mid,0.9647887323943662,0.9647887323943662
96,538,140,mid,0.9857142857142858,0.9857142857142858
97,542,143,head,0.916083916083916,0.916083916083916
98,540,142,mid,0.9436619718309859,0.9436619718309859
99,518,137,mid,0.8467153284671532,0.8467153284671532
100,535,143,mid,0.965034965034965,0.965034965034965
101,541,142,head,0.9507042253521126,0.9507042253521126
102,541,144,head,0.9236111111111112,0.9236111111111112
103,539,142,mid,0.971830985915493,0.971830985915493
104,539,143,mid,0.986013986013986,0.986013986013986
105,537,144,mid,0.9722222222222222,0.9722222222222222
106,215,59,tail,0.8305084745762712,0.8305084745762712
107,216,58,tail,1.0,1.0
108,214,60,tail,0.9833333333333333,0.9833333333333333
109,216,60,tail,0.9833333333333333,0.9833333333333333
110,538,144,mid,0.9652777777777778,0.9652777777777778
111,216,60,tail,0.9833333333333333,0.9833333333333333
112,542,143,head,0.9790209790209791,0.9790209790209791
113,535,144,mid,0.9861111111111112,0.9861111111111112
114,535,144,mid,0.9513888888888888,0.9513888888888888
115,216,59,tail,0.9322033898305084,0.9322033898305084
116,216,60,tail,0.9833333333333333,0.9833333333333333
117,214,59,tail,0.9661016949152542,0.9661016949152542
118,542,143,head,0.8951048951048951,0.8951048951048951
119,537,144,mid,0.9652777777777778,0.9652777777777778
120,540,140,mid,0.9428571428571428,0.9428571428571428
121,217,60,mid,1.0,1.0
122,540,144,mid,0.9375,0.9375
123,540,142,mid,0.9084507042253521,0.9084507042253521
124,537,144,mid,0.9513888888888888,0.9513888888888888
125,539,142,mid,0.9507042253521126,0.9507042253521126
126,536,143,mid,0.958041958041958,0.958041958041958
127,542,143,head,0.9300699300699301,0.9300699300699301
128,539,143,mid,0.972027972027972,0.972027972027972
129,535,143,mid,0.8601398601398601,0.8601398601398601
130,536,143,mid,0.986013986013986,0.986013986013986
131,541,144,head,0.9722222222222222,0.9722222222222222
132,540,142,mid,0.9647887323943662,0.9647887323943662
133,541,142,head,0.9436619718309859,0.9436619718309859
134,216,59,tail,0.9322033898305084,0.9322033898305084
135,216,60,tail,0.9833333333333333,0.9833333333333333
136,533,143,mid,0.8671328671328671,0.8671328671328671
137,216,59,tail,0.9830508474576272,0.9830508474576272
138,540,140,mid,0.9642857142857143,0.9642857142857143
139,536,143,mid,0.8951048951048951,0.8951048951048951
140,539,143,mid,0.958041958041958,0.958041958041958
141,216,60,tail,0.9,0.9
142,539,143,mid,0.916083916083916,0.916083916083916
143,216,60,tail,1.0,1.0
144,535,143,mid,0.958041958041958,0.958041958041958
145,538,143,mid,0.958041958041958,0.958041958041958
146,539,144,mid,0.8958333333333334,0.8958333333333334
147,216,60,tail,1.0,1.0
148,215,60,tail,0.9666666666666667,0.9666666666666667
149,537,140,mid,0.9071428571428571,0.9071428571428571
150,536,143,mid,0.958041958041958,0.958041958041958
151,541,144,head,0.9236111111111112,0.9236111111111112
152,541,142,head,0.8802816901408451,0.8802816901408451
153,539,141,mid,0.9290780141843972,0.9290780141843972
154,538,144,mid,0.9791666666666666,0.9791666666666666
155,216,60,tail,1.0,1.0
156,537,144,mid,0.9861111111111112,0.9861111111111112
157,216,60,tail,0.9666666666666667,0.9666666666666667
158,537,142,mid,0.9647887323943662,0.9647887323943662
159,535,141,mid,0.9574468085106383,0.9574468085106383
160,542,141,head,0.9787234042553191,0.9787234042553191
161,536,142,mid,0.9295774647887324,0.9295774647887324
162,533,141,mid,0.900709219858156,0.900709219858156
163,540,143,mid,0.9790209790209791,0.9790209790209791
164,542,143,head,0.916083916083916,0.916083916083916
165,535,143,mid,0.951048951048951,0.951048951048951
166,540,141,mid,0.950354609929078,0.950354609929078
167,216,60,tail,1.0,1.0
168,538,143,mid,0.9440559440559441,0.9440559440559441
169,541,144,head,0.9583333333333334,0.9583333333333334
170,540,142,mid,0.9366197183098591,0.9366197183098591
171,216,59,tail,0.9830508474576272,0.9830508474576272
172,536,144,mid,0.9097222222222222,0.9097222222222222
173,216,59,tail,0.9322033898305084,0.9322033898305084
174,540,143,mid,0.9300699300699301,0.9300699300699301
175,216,60,tail,1.0,1.0
176,541,143,head,0.965034965034965,0.965034965034965
177,216,60,tail,1.0,1.0
178,543,142,head,0.9436619718309859,0.9436619718309859
179,541,142,head,0.9225352112676056,0.9225352112676056
180,216,60,tail,0.9666666666666667,0.9666666666666667
181,542,142,head,0.9154929577464789,0.9154929577464789
182,536,142,mid,0.9295774647887324,0.9295774647887324
183,539,142,mid,0.9225352112676056,0.9225352112676056
184,535,140,mid,0.8857142857142857,0.8857142857142857
185,538,140,mid,0.95,0.95
186,216,60,tail,0.9833333333333333,0.9833333333333333
187,216,60,tail,0.9333333333333333,0.9333333333333333
188,538,138,mid,0.9855072463768116,0.9855072463768116
189,541,142,head,0.9366197183098591,0.9366197183098591
190,540,142,mid,0.9577464788732394,0.9577464788732394
191,539,142,mid,0.9647887323943662,0.9647887323943662
192,539,143,mid,0.8671328671328671,0.8671328671328671
193,537,142,mid,0.9366197183098591,0.9366197183098591
194,543,143,head,0.958041958041958,0.958041958041958
195,540,142,mid,0.9436619718309859,0.9436619718309859
196,540,142,mid,0.9225352112676056,0.9225352112676056
197,216,60,tail,0.9333333333333333,0.9333333333333333
198,216,59,tail,0.9152542372881356,0.9152542372881356
199,541,144,head,0.8819444444444444,0.8819444444444444
200,216,59,tail,0.9661016949152542,0.9661016949152542
201,540,140,mid,0.9642857142857143,0.9642857142857143
202,540,144,mid,0.9236111111111112,0.9236111111111112
203,216,60,tail,0.9666666666666667,0.9666666666666667
204,216,59,tail,1.0,1.0
205,216,60,tail,0.9833333333333333,0.9833333333333333
206,535,144,mid,0.9166666666666666,0.9166666666666666
207,542,143,head,0.958041958041958,0.958041958041958
208,216,60,tail,1.0,1.0
209,216,58,tail,0.9827586206896551,0.9827586206896551
210,216,60,tail,0.9833333333333333,0.9833333333333333
211,538,144,mid,0.9930555555555556,0.9930555555555556
212,534,141,mid,0.9574468085106383,0.9574468085106383
213,538,144,mid,0.9236111111111112,0.9236111111111112
214,543,142,head,0.9225352112676056,0.9225352112676056
215,538,142,mid,0.9084507042253521,0.9084507042253521
216,216,60,tail,0.9833333333333333,0.9833333333333333
217,216,59,tail,0.9491525423728814,0.9491525423728814
218,216,60,tail,0.9666666666666667,0.9666666666666667
219,214,60,tail,0.9666666666666667,0.9666666666666667
220,216,60,tail,0.9833333333333333,0.9833333333333333
221,538,143,mid,0.9370629370629371,0.9370629370629371
222,216,59,tail,0.9830508474576272,0.9830508474576272
223,541,142,head,0.9436619718309859,0.9436619718309859
224,537,137,mid,0.9562043795620438,0.9562043795620438
225,216,60,tail,0.9833333333333333,0.9833333333333333
226,540,142,mid,0.9859154929577465,0.9859154929577465
227,535,143,mid,0.951048951048951,0.951048951048951
228,216,60,tail,0.9333333333333333,0.9333333333333333
229,216,60,tail,0.95,0.95
230,216,60,tail,0.9666666666666667,0.9666666666666667
231,535,139,mid,0.9424460431654677,0.9424460431654677
232,542,142,head,0.9788732394366197,0.9788732394366197
233,542,143,head,0.9790209790209791,0.9790209790209791
234,540,144,mid,0.9513888888888888,0.9513888888888888
235,539,143,mid,0.972027972027972,0.972027972027972
236,536,141,mid,0.9716312056737588,0.9716312056737588
237,540,145,mid,0.9655172413793104,0.9655172413793104
238,542,143,head,0.958041958041958,0.958041958041958
239,540,144,mid,0.9652777777777778,0.9652777777777778
240,533,142,mid,0.9366197183098591,0.9366197183098591
241,217,60,mid,0.9833333333333333,0.9833333333333333
242,216,60,tail,0.9833333333333333,0.9833333333333333
243,539,142,mid,0.9788732394366197,0.9788732394366197
244,540,142,mid,0.9366197183098591,0.9366197183098591
245,539,143,mid,0.972027972027972,0.972027972027972
246,540,143,mid,0.916083916083916,0.916083916083916
247,542,141,head,0.9716312056737588,0.9716312056737588
248,537,141,mid,0.9858156028368794,0.9858156028368794
249,216,59,tail,0.9830508474576272,0.9830508474576272
250,535,143,mid,0.951048951048951,0.951048951048951
251,216,59,tail,1.0,1.0
252,540,143,mid,0.9090909090909091,0.9090909090909091
253,535,141,mid,0.9645390070921985,0.9645390070921985
254,216,60,tail,0.9833333333333333,0.9833333333333333
255,535,142,mid,0.9154929577464789,0.9154929577464789
256,541,141,head,0.9574468085106383,0.9574468085106383
257,215,60,tail,1.0,1.0
258,216,60,tail,1.0,1.0
259,544,142,head,0.971830985915493,0.971830985915493
260,541,144,head,0.9791666666666666,0.9791666666666666
261,216,60,tail,0.9666666666666667,0.9666666666666667
262,540,142,mid,0.9225352112676056,0.9225352112676056
263,215,60,tail,0.9833333333333333,0.9833333333333333
264,216,60,tail,0.9666666666666667,0.9666666666666667
265,216,60,tail,1.0,1.0
266,539,142,mid,0.9859154929577465,0.9859154929577465
267,216,60,tail,0.9833333333333333,0.9833333333333333
268,537,141,mid,0.900709219858156,0.900709219858156
269,540,144,mid,0.9791666666666666,0.9791666666666666
270,537,141,mid,0.9929078014184397,0.9929078014184397
271,540,144,mid,0.9513888888888888,0.9513888888888888
272,216,60,tail,0.9666666666666667,0.9666666666666667
273,215,60,tail,0.9833333333333333,0.9833333333333333
274,216,60,tail,0.95,0.95
275,216,60,tail,1.0,1.0
276,542,141,head,0.9858156028368794,0.9858156028368794
277,216,60,tail,0.9833333333333333,0.9833333333333333
278,216,60,tail,0.9666666666666667,0.9666666666666667
279,541,140,head,0.8857142857142857,0.8857142857142857
280,216,60,tail,1.0,1.0
281,543,141,head,0.9645390070921985,0.9645390070921985
282,216,60,tail,0.9333333333333333,0.9333333333333333
283,539,144,mid,0.9930555555555556,0.9930555555555556
284,536,141,mid,0.9645390070921985,0.9645390070921985
285,539,142,mid,0.9436619718309859,0.9436619718309859
286,541,144,head,0.9375,0.9375
287,216,60,tail,0.9666666666666667,0.9666666666666667
288,216,60,tail,0.9833333333333333,0.9833333333333333
289,540,143,mid,0.958041958041958,0.958041958041958
290,540,141,mid,0.9858156028368794,0.9858156028368794
291,216,60,tail,0.9833333333333333,0.9833333333333333
292,540,144,mid,0.9722222222222222,0.9722222222222222
293,216,60,tail,0.9666666666666667,0.9666666666666667
294,214,60,tail,0.9833333333333333,0.9833333333333333
295,537,144,mid,0.9791666666666666,0.9791666666666666
296,216,60,tail,0.9833333333333333,0.9833333333333333
297,216,60,tail,0.9833333333333333,0.9833333333333333
298,216,60,tail,1.0,1.0
299,216,60,tail,0.9833333333333333,0.9833333333333333
300,540,143,mid,0.951048951048951,0.951048951048951
301,216,59,tail,0.9830508474576272,0.9830508474576272
302,542,143,head,0.965034965034965,0.965034965034965
303,539,145,mid,0.9724137931034482,0.9724137931034482
304,216,60,tail,1.0,1.0
305,537,143,mid,0.986013986013986,0.986013986013986
306,216,60,tail,1.0,1.0
307,216,60,tail,0.9833333333333333,0.9833333333333333
308,317,84,mid,0.9285714285714286,0.9285714285714286
309,538,144,mid,0.9722222222222222,0.9722222222222222
310,216,60,tail,0.9833333333333333,0.9833333333333333
311,541,144,head,0.9583333333333334,0.9583333333333334
312,540,143,mid,0.965034965034965,0.965034965034965
313,535,141,mid,0.9858156028368794,0.9858156028368794
314,216,60,tail,0.95,0.95
315,216,60,tail,0.9833333333333333,0.9833333333333333
316,540,142,mid,0.9647887323943662,0.9647887323943662
317,536,143,mid,0.972027972027972,0.972027972027972
318,216,60,tail,1.0,1.0
319,216,59,tail,1.0,1.0
320,541,141,head,0.9645390070921985,0.9645390070921985
321,535,144,mid,0.9791666666666666,0.9791666666666666
322,540,142,mid,0.971830985915493,0.971830985915493
323,436,120,mid,0.9666666666666667,0.9666666666666667
324,543,140,head,0.9857142857142858,0.9857142857142858
325,540,142,mid,1.0,1.0
326,216,60,tail,0.9666666666666667,0.9666666666666667
327,216,59,tail,1.0,1.0
328,541,142,head,0.9929577464788732,0.9929577464788732
329,216,59,tail,0.9830508474576272,0.9830508474576272
330,540,141,mid,0.9858156028368794,0.9858156028368794
331,542,141,head,0.9858156028368794,0.9858156028368794
332,216,59,tail,1.0,1.0
333,533,141,mid,0.950354609929078,0.950354609929078
334,216,60,tail,1.0,1.0
335,540,142,mid,0.9577464788732394,0.9577464788732394
336,216,59,tail,1.0,1.0
337,535,144,mid,0.9861111111111112,0.9861111111111112
338,213,58,tail,1.0,1.0
339,538,142,mid,0.9788732394366197,0.9788732394366197
340,216,59,tail,0.8983050847457628,0.8983050847457628
341,214,59,tail,1.0,1.0
342,216,59,tail,1.0,1.0
343,216,59,tail,1.0,1.0
344,437,117,mid,0.9230769230769231,0.9230769230769231
345,538,142,mid,0.9929577464788732,0.9929577464788732
346,538,143,mid,1.0,1.0
347,216,58,tail,1.0,1.0
348,216,58,tail,0.9827586206896551,0.9827586206896551
349,216,58,tail,1.0,1.0
350,540,144,mid,0.9722222222222222,0.9722222222222222
351,540,143,mid,0.993006993006993,0.993006993006993
352,541,142,head,0.9154929577464789,0.9154929577464789
353,216,59,tail,1.0,1.0
354,540,145,mid,0.9448275862068966,0.9448275862068966
355,543,145,head,0.8620689655172413,0.8620689655172413
356,540,144,mid,0.9444444444444444,0.9444444444444444
357,540,142,mid,0.9436619718309859,0.9436619718309859
358,540,142,mid,0.9084507042253521,0.9084507042253521
359,541,143,head,0.9440559440559441,0.9440559440559441
360,541,143,head,0.9230769230769231,0.9230769230769231
361,537,144,mid,0.9722222222222222,0.9722222222222222
362,535,144,mid,0.9375,0.9375
363,535,141,mid,0.9432624113475178,0.9432624113475178
364,538,142,mid,0.9225352112676056,0.9225352112676056
365,216,59,tail,1.0,1.0
366,216,59,tail,0.9830508474576272,0.9830508474576272
367,542,141,head,0.9290780141843972,0.9290780141843972
368,540,142,mid,1.0,1.0
369,540,143,mid,0.986013986013986,0.986013986013986
370,536,143,mid,0.9230769230769231,0.9230769230769231
371,539,144,mid,0.9305555555555556,0.9305555555555556
372,542,143,head,0.916083916083916,0.916083916083916
373,541,141,head,0.9432624113475178,0.9432624113475178
374,532,142,mid,0.9014084507042254,0.9014084507042254
375,215,59,tail,0.9491525423728814,0.9491525423728814
376,537,143,mid,0.951048951048951,0.951048951048951
377,540,143,mid,0.951048951048951,0.951048951048951
378,542,141,head,0.9574468085106383,0.9574468085106383
379,540,142,mid,0.9647887323943662,0.9647887323943662
380,544,141,head,0.9290780141843972,0.9290780141843972
381,539,144,mid,0.9791666666666666,0.9791666666666666
382,540,143,mid,0.916083916083916,0.916083916083916
383,536,141,mid,1.0,1.0
384,537,143,mid,0.993006993006993,0.993006993006993
385,541,143,head,0.972027972027972,0.972027972027972
386,535,142,mid,0.9929577464788732,0.9929577464788732
387,531,141,mid,0.9574468085106383,0.9574468085106383
388,538,143,mid,0.993006993006993,0.993006993006993
389,216,59,tail,1.0,1.0
390,216,60,tail,0.9833333333333333,0.9833333333333333
391,538,142,mid,0.971830985915493,0.971830985915493
392,539,142,mid,0.9577464788732394,0.9577464788732394
393,535,142,mid,0.9929577464788732,0.9929577464788732
394,543,143,head,0.9440559440559441,0.9440559440559441
395,542,144,head,0.9791666666666666,0.9791666666666666
396,538,143,mid,0.9020979020979021,0.9020979020979021
397,532,144,mid,0.9930555555555556,0.9930555555555556
398,216,59,tail,0.9661016949152542,0.9661016949152542
399,539,143,mid,0.9790209790209791,0.9790209790209791
400,540,143,mid,0.8951048951048951,0.8951048951048951
401,540,145,mid,0.9379310344827586,0.9379310344827586
402,539,143,mid,0.986013986013986,0.986013986013986
403,541,141,head,1.0,1.0
404,216,59,tail,1.0,1.0
405,538,144,mid,0.9652777777777778,0.9652777777777778
406,216,57,tail,0.9649122807017544,0.9649122807017544
407,215,57,tail,0.9298245614035088,0.9298245614035088
408,539,142,mid,1.0,1.0
409,542,142,head,0.971830985915493,0.971830985915493
410,540,141,mid,0.9716312056737588,0.9716312056737588
411,213,59,tail,0.9830508474576272,0.9830508474576272
412,543,142,head,0.9859154929577465,0.9859154929577465
413,539,144,mid,0.9444444444444444,0.9444444444444444
414,540,143,mid,0.965034965034965,0.965034965034965
415,533,141,mid,0.8014184397163121,0.8014184397163121
416,537,143,mid,0.9090909090909091,0.9090909090909091
417,536,142,mid,0.9647887323943662,0.9647887323943662
418,214,59,tail,0.7796610169491526,0.7796610169491526
419,216,57,tail,0.9298245614035088,0.9298245614035088
420,540,143,mid,0.951048951048951,0.951048951048951
421,538,142,mid,0.9788732394366197,0.9788732394366197
422,540,144,mid,0.9375,0.9375
423,216,59,tail,0.8813559322033898,0.8813559322033898
424,538,141,mid,0.950354609929078,0.950354609929078
425,540,140,mid,0.9714285714285714,0.9714285714285714
426,536,143,mid,0.986013986013986,0.986013986013986
427,539,141,mid,0.950354609929078,0.950354609929078
428,539,141,mid,0.9858156028368794,0.9858156028368794
429,533,142,mid,0.9647887323943662,0.9647887323943662
430,540,144,mid,0.9652777777777778,0.9652777777777778
431,541,141,head,0.900709219858156,0.900709219858156
432,540,141,mid,0.950354609929078,0.950354609929078
433,540,141,mid,0.9361702127659575,0.9361702127659575
434,315,81,mid,0.9876543209876543,0.9876543209876543
435,538,143,mid,0.986013986013986,0.986013986013986
436,536,142,mid,0.9295774647887324,0.9295774647887324
437,539,143,mid,0.986013986013986,0.986013986013986
438,533,142,mid,0.9507042253521126,0.9507042253521126
439,215,59,tail,0.9661016949152542,0.9661016949152542
440,540,143,mid,0.9790209790209791,0.9790209790209791
441,538,143,mid,0.972027972027972,0.972027972027972
442,539,142,mid,0.9929577464788732,0.9929577464788732
443,542,142,head,0.9366197183098591,0.9366197183098591
444,540,143,mid,0.972027972027972,0.972027972027972
445,216,59,tail,0.9491525423728814,0.9491525423728814
446,542,141,head,0.9432624113475178,0.9432624113475178
447,536,145,mid,0.993103448275862,0.993103448275862
448,540,142,mid,0.9084507042253521,0.9084507042253521
449,535,138,mid,0.8260869565217391,0.8260869565217391
450,216,60,tail,0.9833333333333333,0.9833333333333333
451,537,144,mid,0.9652777777777778,0.9652777777777778
452,540,142,mid,0.971830985915493,0.971830985915493
453,539,144,mid,0.9583333333333334,0.9583333333333334
454,216,60,tail,1.0,1.0
455,533,144,mid,0.9652777777777778,0.9652777777777778
456,216,60,tail,0.9833333333333333,0.9833333333333333
457,216,60,tail,1.0,1.0
458,540,143,mid,0.9790209790209791,0.9790209790209791
459,537,143,mid,0.986013986013986,0.986013986013986
460,216,60,tail,1.0,1.0
461,539,142,mid,0.9647887323943662,0.9647887323943662
462,534,142,mid,0.9507042253521126,0.9507042253521126
463,540,144,mid,0.9722222222222222,0.9722222222222222
464,542,141,head,0.9290780141843972,0.9290780141843972
465,543,142,head,0.9507042253521126,0.9507042253521126
466,543,143,head,0.972027972027972,0.972027972027972
467,538,143,mid,1.0,1.0
468,536,144,mid,0.9861111111111112,0.9861111111111112
469,533,144,mid,0.9375,0.9375
470,539,143,mid,0.951048951048951,0.951048951048951
471,542,141,head,0.9574468085106383,0.9574468085106383
472,216,59,tail,0.9491525423728814,0.9491525423728814
473,538,142,mid,0.9788732394366197,0.9788732394366197
474,539,141,mid,0.9361702127659575,0.9361702127659575
475,216,59,tail,0.9661016949152542,0.9661016949152542
476,539,143,mid,0.9790209790209791,0.9790209790209791
477,537,143,mid,0.951048951048951,0.951048951048951
478,540,143,mid,0.972027972027972,0.972027972027972
479,539,144,mid,0.9722222222222222,0.9722222222222222
480,543,143,head,0.7762237762237763,0.7762237762237763
481,538,144,mid,0.9930555555555556,0.9930555555555556
482,540,140,mid,0.9642857142857143,0.9642857142857143
483,216,60,tail,1.0,1.0
484,213,60,tail,1.0,1.0
485,540,141,mid,0.9787234042553191,0.9787234042553191
486,540,143,mid,0.965034965034965,0.965034965034965
487,538,143,mid,1.0,1.0
488,216,60,tail,0.9833333333333333,0.9833333333333333
489,540,144,mid,0.9722222222222222,0.9722222222222222
490,216,60,tail,0.9,0.9
491,539,142,mid,0.9788732394366197,0.9788732394366197
492,540,142,mid,0.971830985915493,0.971830985915493
493,538,140,mid,0.95,0.95
494,540,142,mid,0.9647887323943662,0.9647887323943662
495,216,60,tail,1.0,1.0
496,532,142,mid,0.971830985915493,0.971830985915493
497,216,60,tail,1.0,1.0
498,216,60,tail,0.9666666666666667,0.9666666666666667
499,216,60,tail,1.0,1.0
500,215,59,tail,1.0,1.0
501,543,142,head,0.9788732394366197,0.9788732394366197
502,539,143,mid,0.993006993006993,0.993006993006993
503,537,143,mid,0.965034965034965,0.965034965034965
504,539,141,mid,1.0,1.0
505,540,142,mid,0.9788732394366197,0.9788732394366197
506,542,141,head,0.9645390070921985,0.9645390070921985
507,216,60,tail,1.0,1.0
508,540,143,mid,0.993006993006993,0.993006993006993
509,216,60,tail,1.0,1.0
510,216,60,tail,1.0,1.0
511,537,144,mid,1.0,1.0
512,216,60,tail,1.0,1.0
513,216,60,tail,1.0,1.0
514,538,142,mid,0.9929577464788732,0.9929577464788732
515,538,142,mid,0.9859154929577465,0.9859154929577465
516,543,143,head,0.9790209790209791,0.9790209790209791
517,540,142,mid,0.9859154929577465,0.9859154929577465
518,539,143,mid,0.993006993006993,0.993006993006993
519,540,141,mid,0.9929078014184397,0.9929078014184397
520,215,60,tail,0.9833333333333333,0.9833333333333333
521,539,143,mid,0.993006993006993,0.993006993006993
522,540,141,mid,0.9574468085106383,0.9574468085106383
523,540,144,mid,0.9513888888888888,0.9513888888888888
524,540,144,mid,0.9861111111111112,0.9861111111111112
525,536,142,mid,0.9366197183098591,0.9366197183098591
526,215,60,tail,0.95,0.95
527,216,60,tail,1.0,1.0
528,540,144,mid,0.9583333333333334,0.9583333333333334
529,540,144,mid,0.9791666666666666,0.9791666666666666
530,537,142,mid,0.9366197183098591,0.9366197183098591
531,216,60,tail,0.9833333333333333,0.9833333333333333
532,537,144,mid,0.9861111111111112,0.9861111111111112
533,540,143,mid,0.986013986013986,0.986013986013986
534,542,141,head,0.9929078014184397,0.9929078014184397
535,537,144,mid,0.9930555555555556,0.9930555555555556
536,539,142,mid,1.0,1.0
537,216,60,tail,0.9833333333333333,0.9833333333333333
538,214,59,tail,1.0,1.0
539,540,143,mid,0.965034965034965,0.965034965034965
540,216,60,tail,0.9833333333333333,0.9833333333333333
541,540,141,mid,1.0,1.0
542,536,144,mid,0.9791666666666666,0.9791666666666666
543,538,144,mid,0.9513888888888888,0.9513888888888888
544,215,60,tail,1.0,1.0
545,216,60,tail,1.0,1.0
546,215,59,tail,0.9830508474576272,0.9830508474576272
547,539,144,mid,0.9166666666666666,0.9166666666666666
548,540,143,mid,0.8881118881118881,0.8881118881118881
549,540,145,mid,0.9379310344827586,0.9379310344827586
550,543,143,head,0.9370629370629371,0.9370629370629371
551,542,143,head,0.9440559440559441,0.9440559440559441
552,543,141,head,0.950354609929078,0.950354609929078
553,539,143,mid,0.9440559440559441,0.9440559440559441
554,216,59,tail,0.9830508474576272,0.9830508474576272
555,216,60,tail,1.0,1.0
556,216,58,tail,1.0,1.0
557,314,84,mid,0.8452380952380952,0.8452380952380952
558,540,141,mid,0.8936170212765957,0.8936170212765957
559,542,141,head,0.9432624113475178,0.9432624113475178
560,541,142,head,0.9859154929577465,0.9859154929577465
561,216,60,tail,0.9333333333333333,0.9333333333333333
562,216,60,tail,0.9666666666666667,0.9666666666666667
563,542,145,head,0.9862068965517241,0.9862068965517241
564,537,143,mid,0.965034965034965,0.965034965034965
565,539,144,mid,0.9791666666666666,0.9791666666666666
566,540,142,mid,0.9929577464788732,0.9929577464788732
567,215,60,tail,1.0,1.0
568,540,142,mid,0.9859154929577465,0.9859154929577465
569,216,60,tail,1.0,1.0
570,536,144,mid,0.9722222222222222,0.9722222222222222
571,540,144,mid,0.9305555555555556,0.9305555555555556
572,541,143,head,0.9790209790209791,0.9790209790209791
573,314,82,mid,0.975609756097561,0.975609756097561
574,532,143,mid,0.986013986013986,0.986013986013986
575,537,146,mid,0.9794520547945206,0.9794520547945206
576,538,143,mid,0.8041958041958042,0.8041958041958042
577,216,59,tail,0.9830508474576272,0.9830508474576272
578,539,144,mid,0.9027777777777778,0.9027777777777778
579,541,142,head,0.9436619718309859,0.9436619718309859
580,531,142,mid,0.9859154929577465,0.9859154929577465
581,543,140,head,0.9142857142857143,0.9142857142857143
582,540,142,mid,0.9859154929577465,0.9859154929577465
583,537,140,mid,0.9857142857142858,0.9857142857142858
584,544,144,head,0.9583333333333334,0.9583333333333334
585,540,143,mid,0.9440559440559441,0.9440559440559441
586,538,143,mid,0.958041958041958,0.958041958041958
587,540,141,mid,0.9645390070921985,0.9645390070921985
588,534,143,mid,0.965034965034965,0.965034965034965
589,539,143,mid,0.986013986013986,0.986013986013986
590,539,141,mid,0.9929078014184397,0.9929078014184397
591,544,142,head,0.9859154929577465,0.9859154929577465
592,536,140,mid,0.9285714285714286,0.9285714285714286
593,216,60,tail,0.9666666666666667,0.9666666666666667
594,543,145,head,0.9379310344827586,0.9379310344827586
595,540,142,mid,0.9577464788732394,0.9577464788732394
596,537,143,mid,0.965034965034965,0.965034965034965
597,216,60,tail,1.0,1.0
598,765,202,head,0.9207920792079208,0.9207920792079208
599,315,84,mid,0.9047619047619048,0.9047619047619048
600,541,143,head,1.0,1.0
601,216,58,tail,0.9827586206896551,0.9827586206896551
602,540,142,mid,0.9929577464788732,0.9929577464788732
603,216,60,tail,0.9333333333333333,0.9333333333333333
604,536,144,mid,0.9791666666666666,0.9791666666666666
605,544,143,head,0.951048951048951,0.951048951048951
606,539,144,mid,0.9652777777777778,0.9652777777777778
607,539,142,mid,0.971830985915493,0.971830985915493
608,538,143,mid,0.965034965034965,0.965034965034965
609,539,142,mid,0.9366197183098591,0.9366197183098591
610,538,143,mid,0.972027972027972,0.972027972027972
611,537,142,mid,0.9788732394366197,0.9788732394366197
612,215,58,tail,0.9827586206896551,0.9827586206896551
613,216,60,tail,1.0,1.0
614,539,144,mid,0.9930555555555556,0.9930555555555556
615,541,141,head,0.9148936170212766,0.9148936170212766
616,538,142,mid,0.9788732394366197,0.9788732394366197
617,534,143,mid,0.9090909090909091,0.9090909090909091
618,539,144,mid,0.9791666666666666,0.9791666666666666
619,538,143,mid,0.958041958041958,0.958041958041958
620,540,142,mid,0.9507042253521126,0.9507042253521126
621,540,144,mid,0.9791666666666666,0.9791666666666666
622,216,60,tail,0.9333333333333333,0.9333333333333333
623,543,142,head,0.9929577464788732,0.9929577464788732
624,537,141,mid,0.9645390070921985,0.9645390070921985
625,540,141,mid,0.9645390070921985,0.9645390070921985
626,216,60,tail,0.9833333333333333,0.9833333333333333
627,541,143,head,0.965034965034965,0.965034965034965
628,536,143,mid,0.986013986013986,0.986013986013986
629,216,59,tail,1.0,1.0
630,216,60,tail,1.0,1.0
631,540,143,mid,0.972027972027972,0.972027972027972
632,543,142,head,1.0,1.0
633,541,143,head,0.986013986013986,0.986013986013986
634,214,58,tail,1.0,1.0
635,212,57,tail,0.9649122807017544,0.9649122807017544
636,538,143,mid,0.951048951048951,0.951048951048951
637,216,60,tail,0.9833333333333333,0.9833333333333333
638,537,143,mid,0.951048951048951,0.951048951048951
639,533,142,mid,0.9295774647887324,0.9295774647887324
640,542,142,head,0.9647887323943662,0.9647887323943662
641,542,145,head,0.9586206896551724,0.9586206896551724
642,542,143,head,0.986013986013986,0.986013986013986
643,539,143,mid,0.9020979020979021,0.9020979020979021
644,541,144,head,0.9444444444444444,0.9444444444444444
645,538,142,mid,0.971830985915493,0.971830985915493
646,541,142,head,0.8873239436619719,0.8873239436619719
647,540,141,mid,0.9787234042553191,0.9787234042553191
648,534,143,mid,0.972027972027972,0.972027972027972
649,536,144,mid,0.9930555555555556,0.9930555555555556
650,539,143,mid,0.972027972027972,0.972027972027972
651,543,142,head,0.9647887323943662,0.9647887323943662
652,538,143,mid,0.9790209790209791,0.9790209790209791
653,537,144,mid,0.9791666666666666,0.9791666666666666
654,215,59,tail,0.9830508474576272,0.9830508474576272
655,540,141,mid,0.9787234042553191,0.9787234042553191
656,538,143,mid,0.6433566433566433,0.6433566433566433
657,541,141,head,0.9645390070921985,0.9645390070921985
658,540,143,mid,0.8811188811188811,0.8811188811188811
659,538,143,mid,0.965034965034965,0.965034965034965
660,316,83,mid,0.6746987951807228,0.6746987951807228
661,216,59,tail,0.9661016949152542,0.9661016949152542
662,540,143,mid,0.951048951048951,0.951048951048951
663,540,143,mid,0.972027972027972,0.972027972027972
664,541,144,head,0.9583333333333334,0.9583333333333334
665,540,141,mid,0.9858156028368794,0.9858156028368794
666,540,142,mid,0.9647887323943662,0.9647887323943662
667,540,144,mid,0.9236111111111112,0.9236111111111112
668,539,143,mid,0.9370629370629371,0.9370629370629371
669,216,60,tail,0.95,0.95
670,540,142,mid,0.9788732394366197,0.9788732394366197
671,542,144,head,0.9513888888888888,0.9513888888888888
672,216,60,tail,0.9666666666666667,0.9666666666666667
673,541,143,head,0.9790209790209791,0.9790209790209791
674,539,143,mid,0.958041958041958,0.958041958041958
675,538,143,mid,0.951048951048951,0.951048951048951
676,536,142,mid,0.9859154929577465,0.9859154929577465
677,216,60,tail,0.9833333333333333,0.9833333333333333
678,535,137,mid,0.8394160583941606,0.8394160583941606
679,317,84,mid,0.9404761904761905,0.9404761904761905
680,542,142,head,0.9507042253521126,0.9507042253521126
681,542,142,head,0.9788732394366197,0.9788732394366197
682,543,142,head,0.9014084507042254,0.9014084507042254
683,313,84,mid,0.9404761904761905,0.9404761904761905
684,540,142,mid,0.8873239436619719,0.8873239436619719
685,538,141,mid,0.9148936170212766,0.9148936170212766
686,541,141,head,0.9858156028368794,0.9858156028368794
687,540,142,mid,0.9295774647887324,0.9295774647887324
688,537,144,mid,0.9513888888888888,0.9513888888888888
689,539,143,mid,0.9370629370629371,0.9370629370629371
690,540,143,mid,0.9790209790209791,0.9790209790209791
691,540,143,mid,0.986013986013986,0.986013986013986
692,540,142,mid,0.8943661971830986,0.8943661971830986
693,216,60,tail,0.9833333333333333,0.9833333333333333
694,538,143,mid,0.986013986013986,0.986013986013986
695,539,141,mid,0.9148936170212766,0.9148936170212766
696,216,60,tail,0.9166666666666666,0.9166666666666666
697,537,143,mid,0.965034965034965,0.965034965034965
698,540,143,mid,1.0,1.0
699,537,143,mid,0.9300699300699301,0.9300699300699301
700,539,143,mid,0.9790209790209791,0.9790209790209791
701,536,141,mid,0.9432624113475178,0.9432624113475178
702,541,141,head,1.0,1.0
703,216,60,tail,0.9333333333333333,0.9333333333333333
704,216,60,tail,0.9833333333333333,0.9833333333333333
705,538,139,mid,0.9568345323741008,0.9568345323741008
706,543,142,head,0.9929577464788732,0.9929577464788732
707,540,140,mid,0.9785714285714285,0.9785714285714285
708,540,141,mid,0.9787234042553191,0.9787234042553191
709,539,142,mid,0.9577464788732394,0.9577464788732394
710,539,142,mid,0.971830985915493,0.971830985915493
711,539,139,mid,0.9568345323741008,0.9568345323741008
712,537,143,mid,0.958041958041958,0.958041958041958
713,539,143,mid,0.986013986013986,0.986013986013986
714,542,145,head,0.9517241379310345,0.9517241379310345
715,216,60,tail,0.9333333333333333,0.9333333333333333
716,541,143,head,0.972027972027972,0.972027972027972
717,540,143,mid,0.9790209790209791,0.9790209790209791
718,540,143,mid,0.958041958041958,0.958041958041958
719,540,143,mid,0.9020979020979021,0.9020979020979021
720,541,144,head,0.9930555555555556,0.9930555555555556
721,540,142,mid,0.9929577464788732,0.9929577464788732
722,540,142,mid,0.9647887323943662,0.9647887323943662
723,540,144,mid,0.9513888888888888,0.9513888888888888
724,216,60,tail,0.9666666666666667,0.9666666666666667
725,541,141,head,0.9078014184397163,0.9078014184397163
726,542,142,head,0.9436619718309859,0.9436619718309859
727,540,142,mid,0.9154929577464789,0.9154929577464789
728,216,60,tail,0.9333333333333333,0.9333333333333333
729,538,144,mid,0.9930555555555556,0.9930555555555556
730,215,59,tail,0.9661016949152542,0.9661016949152542
731,216,60,tail,0.9666666666666667,0.9666666666666667
732,216,59,tail,0.9491525423728814,0.9491525423728814
733,537,144,mid,0.9791666666666666,0.9791666666666666
734,216,60,tail,0.9833333333333333,0.9833333333333333
735,216,59,tail,0.9491525423728814,0.9491525423728814
736,543,144,head,0.9375,0.9375
737,216,60,tail,0.9666666666666667,0.9666666666666667
738,537,144,mid,0.9375,0.9375
739,535,143,mid,0.8671328671328671,0.8671328671328671
740,536,144,mid,0.9444444444444444,0.9444444444444444
741,216,59,tail,0.9491525423728814,0.9491525423728814
742,216,60,tail,0.9666666666666667,0.9666666666666667
743,540,143,mid,0.9370629370629371,0.9370629370629371
744,216,59,tail,0.9661016949152542,0.9661016949152542
745,216,60,tail,0.9333333333333333,0.9333333333333333
746,541,144,head,0.9305555555555556,0.9305555555555556
747,536,143,mid,0.916083916083916,0.916083916083916
748,216,60,tail,0.9833333333333333,0.9833333333333333
749,216,60,tail,0.9333333333333333,0.9333333333333333
750,536,142,mid,0.9507042253521126,0.9507042253521126
751,537,143,mid,0.951048951048951,0.951048951048951
752,535,142,mid,0.9788732394366197,0.9788732394366197
753,537,144,mid,0.9861111111111112,0.9861111111111112
754,540,142,mid,0.971830985915493,0.971830985915493
755,216,59,tail,0.9661016949152542,0.9661016949152542
756,216,60,tail,0.9666666666666667,0.9666666666666667
757,534,143,mid,0.951048951048951,0.951048951048951
758,539,141,mid,0.9432624113475178,0.9432624113475178
759,539,143,mid,0.9790209790209791,0.9790209790209791
760,540,143,mid,0.9790209790209791,0.9790209790209791
761,543,143,head,0.986013986013986,0.986013986013986
762,542,142,head,0.9788732394366197,0.9788732394366197
763,540,143,mid,0.993006993006993,0.993006993006993
764,216,60,tail,0.95,0.95
765,542,142,head,0.9647887323943662,0.9647887323943662
766,540,144,mid,0.9861111111111112,0.9861111111111112
767,538,143,mid,0.965034965034965,0.965034965034965
768,216,59,tail,0.9661016949152542,0.9661016949152542
769,216,60,tail,0.9666666666666667,0.9666666666666667
770,216,60,tail,0.9833333333333333,0.9833333333333333
771,216,60,tail,0.9333333333333333,0.9333333333333333
772,216,59,tail,0.9491525423728814,0.9491525423728814
773,216,60,tail,0.9833333333333333,0.9833333333333333
774,317,83,mid,0.9518072289156626,0.9518072289156626
775,541,142,head,0.9859154929577465,0.9859154929577465
776,216,60,tail,0.9666666666666667,0.9666666666666667
777,317,84,mid,0.8452380952380952,0.8452380952380952
778,216,59,tail,1.0,1.0
779,540,143,mid,0.9230769230769231,0.9230769230769231
780,216,60,tail,0.9833333333333333,0.9833333333333333
781,540,144,mid,0.9722222222222222,0.9722222222222222
782,543,144,head,0.9652777777777778,0.9652777777777778
783,537,142,mid,0.9577464788732394,0.9577464788732394
784,216,60,tail,0.9833333333333333,0.9833333333333333
785,540,145,mid,0.9448275862068966,0.9448275862068966
786,213,59,tail,0.9491525423728814,0.9491525423728814
787,538,143,mid,0.986013986013986,0.986013986013986
788,216,60,tail,0.9833333333333333,0.9833333333333333
789,543,141,head,0.9716312056737588,0.9716312056737588
790,536,144,mid,0.9722222222222222,0.9722222222222222
791,216,60,tail,0.9666666666666667,0.9666666666666667
792,540,142,mid,0.9647887323943662,0.9647887323943662
793,540,142,mid,0.9788732394366197,0.9788732394366197
794,539,142,mid,0.9366197183098591,0.9366197183098591
795,536,142,mid,0.971830985915493,0.971830985915493
796,542,142,head,0.9788732394366197,0.9788732394366197
797,216,60,tail,0.9666666666666667,0.9666666666666667
798,541,144,head,0.9444444444444444,0.9444444444444444
799,540,141,mid,0.9716312056737588,0.9716312056737588
800,216,60,tail,0.9666666666666667,0.9666666666666667
801,216,60,tail,0.9666666666666667,0.9666666666666667
802,539,143,mid,1.0,1.0
803,216,60,tail,0.9833333333333333,0.9833333333333333
804,216,59,tail,0.9661016949152542,0.9661016949152542
805,216,59,tail,0.9661016949152542,0.9661016949152542
806,216,60,tail,0.9666666666666667,0.9666666666666667
807,540,142,mid,0.9225352112676056,0.9225352112676056
808,216,60,tail,0.95,0.95
809,216,60,tail,0.9666666666666667,0.9666666666666667
810,216,60,tail,0.95,0.95
811,216,60,tail,0.9833333333333333,0.9833333333333333
812,216,60,tail,0.8833333333333333,0.8833333333333333
813,538,142,mid,0.9788732394366197,0.9788732394366197
814,539,141,mid,0.9716312056737588,0.9716312056737588
815,539,144,mid,0.9861111111111112,0.9861111111111112
816,216,60,tail,0.9833333333333333,0.9833333333333333
817,539,144,mid,0.9722222222222222,0.9722222222222222
818,540,141,mid,0.9716312056737588,0.9716312056737588
819,539,142,mid,0.9929577464788732,0.9929577464788732
820,526,138,mid,0.9492753623188406,0.9492753623188406
821,536,143,mid,0.986013986013986,0.986013986013986
822,536,144,mid,0.9652777777777778,0.9652777777777778
823,216,59,tail,0.9830508474576272,0.9830508474576272
824,543,142,head,0.9929577464788732,0.9929577464788732
825,504,130,mid,0.9384615384615385,0.9384615384615385
826,216,61,tail,0.9672131147540983,0.9672131147540983
827,216,59,tail,1.0,1.0
828,537,141,mid,0.950354609929078,0.950354609929078
829,537,143,mid,0.9440559440559441,0.9440559440559441
830,542,143,head,0.993006993006993,0.993006993006993
831,541,141,head,0.9716312056737588,0.9716312056737588
832,216,60,tail,0.9833333333333333,0.9833333333333333
833,537,142,mid,0.971830985915493,0.971830985915493
834,216,60,tail,0.9833333333333333,0.9833333333333333
835,216,57,tail,1.0,1.0
836,216,59,tail,0.9830508474576272,0.9830508474576272
837,216,60,tail,0.9833333333333333,0.9833333333333333
838,316,84,mid,0.9761904761904762,0.9761904761904762
839,216,59,tail,0.9830508474576272,0.9830508474576272
840,216,59,tail,0.9830508474576272,0.9830508474576272
841,539,142,mid,0.9647887323943662,0.9647887323943662
842,315,84,mid,0.8928571428571429,0.8928571428571429
843,216,59,tail,1.0,1.0
844,540,143,mid,0.993006993006993,0.993006993006993
845,539,143,mid,0.9300699300699301,0.9300699300699301
846,541,143,head,0.965034965034965,0.965034965034965
847,216,59,tail,1.0,1.0
848,542,141,head,0.9787234042553191,0.9787234042553191
849,216,60,tail,0.9833333333333333,0.9833333333333333
850,216,60,tail,0.9666666666666667,0.9666666666666667
851,216,60,tail,0.9666666666666667,0.9666666666666667
852,538,141,mid,0.950354609929078,0.950354609929078
853,216,60,tail,0.9833333333333333,0.9833333333333333
854,216,60,tail,0.9833333333333333,0.9833333333333333
855,539,144,mid,0.9722222222222222,0.9722222222222222
856,540,142,mid,0.971830985915493,0.971830985915493
857,538,144,mid,0.9861111111111112,0.9861111111111112
858,216,60,tail,0.9833333333333333,0.9833333333333333
859,542,142,head,0.9859154929577465,0.9859154929577465
860,216,60,tail,1.0,1.0
861,216,60,tail,1.0,1.0
862,216,60,tail,0.9833333333333333,0.9833333333333333
863,216,60,tail,1.0,1.0
864,541,142,head,0.9929577464788732,0.9929577464788732
865,531,144,mid,0.9305555555555556,0.9305555555555556
866,538,143,mid,0.9370629370629371,0.9370629370629371
867,539,143,mid,1.0,1.0
868,216,59,tail,0.9661016949152542,0.9661016949152542
869,540,144,mid,1.0,1.0
870,216,60,tail,0.9833333333333333,0.9833333333333333
871,216,59,tail,1.0,1.0
872,532,144,mid,0.9791666666666666,0.9791666666666666
873,318,82,mid,0.975609756097561,0.975609756097561
874,216,60,tail,0.9833333333333333,0.9833333333333333
875,216,60,tail,1.0,1.0
876,216,60,tail,0.95,0.95
877,216,60,tail,1.0,1.0
878,540,144,mid,1.0,1.0
879,216,60,tail,0.9833333333333333,0.9833333333333333
880,532,140,mid,0.9785714285714285,0.9785714285714285
881,216,60,tail,0.9666666666666667,0.9666666666666667
882,540,144,mid,0.9791666666666666,0.9791666666666666
883,216,60,tail,0.9833333333333333,0.9833333333333333
884,539,143,mid,0.9790209790209791,0.9790209790209791
885,216,60,tail,1.0,1.0
886,539,144,mid,0.9583333333333334,0.9583333333333334
887,216,59,tail,1.0,1.0
888,539,143,mid,0.993006993006993,0.993006993006993
889,216,59,tail,1.0,1.0
890,538,141,mid,0.9858156028368794,0.9858156028368794
891,541,141,head,0.9858156028368794,0.9858156028368794
892,216,60,tail,0.9666666666666667,0.9666666666666667
893,216,59,tail,1.0,1.0
894,216,59,tail,0.9491525423728814,0.9491525423728814
895,216,60,tail,1.0,1.0
896,540,142,mid,0.971830985915493,0.971830985915493
897,216,59,tail,1.0,1.0
898,539,143,mid,0.9440559440559441,0.9440559440559441
899,539,143,mid,0.9300699300699301,0.9300699300699301
900,216,60,tail,0.9666666666666667,0.9666666666666667
901,216,60,tail,0.9833333333333333,0.9833333333333333
902,539,143,mid,0.9790209790209791,0.9790209790209791
903,216,60,tail,0.9833333333333333,0.9833333333333333
904,541,145,head,0.9793103448275862,0.9793103448275862
905,215,59,tail,0.9661016949152542,0.9661016949152542
906,536,144,mid,0.9652777777777778,0.9652777777777778
907,215,60,tail,1.0,1.0
908,542,144,head,0.9791666666666666,0.9791666666666666
909,216,60,tail,1.0,1.0
910,215,60,tail,1.0,1.0
911,216,60,tail,0.9666666666666667,0.9666666666666667
912,537,143,mid,0.972027972027972,0.972027972027972
913,216,60,tail,0.9833333333333333,0.9833333333333333
914,216,60,tail,1.0,1.0
915,216,60,tail,0.9833333333333333,0.9833333333333333
916,216,60,tail,0.9833333333333333,0.9833333333333333
917,216,60,tail,0.9833333333333333,0.9833333333333333
918,538,144,mid,0.9791666666666666,0.9791666666666666
919,216,60,tail,1.0,1.0
920,216,60,tail,1.0,1.0
921,535,144,mid,0.9930555555555556,0.9930555555555556
922,216,59,tail,1.0,1.0
923,216,60,tail,0.9833333333333333,0.9833333333333333
924,216,60,tail,0.9833333333333333,0.9833333333333333
925,541,143,head,0.986013986013986,0.986013986013986
926,534,143,mid,0.993006993006993,0.993006993006993
927,316,82,mid,0.9634146341463414,0.9634146341463414
928,215,59,tail,1.0,1.0
929,317,84,mid,0.9404761904761905,0.9404761904761905
930,216,60,tail,1.0,1.0
931,216,60,tail,1.0,1.0
932,216,60,tail,1.0,1.0
933,215,60,tail,1.0,1.0
934,216,60,tail,0.95,0.95
935,215,60,tail,1.0,1.0
936,216,60,tail,0.95,0.95
937,216,60,tail,1.0,1.0
938,216,60,tail,1.0,1.0
939,533,143,mid,0.993006993006993,0.993006993006993
940,216,60,tail,1.0,1.0
941,316,83,mid,0.963855421686747,0.963855421686747
942,317,84,mid,0.9642857142857143,0.9642857142857143
943,216,59,tail,1.0,1.0
944,537,142,mid,0.9929577464788732,0.9929577464788732
945,216,60,tail,0.9833333333333333,0.9833333333333333
946,540,140,mid,0.9857142857142858,0.9857142857142858
947,216,60,tail,0.9666666666666667,0.9666666666666667
948,540,143,mid,0.986013986013986,0.986013986013986
949,215,59,tail,1.0,1.0
950,534,143,mid,0.9790209790209791,0.9790209790209791
951,216,59,tail,1.0,1.0
952,216,60,tail,1.0,1.0
953,215,60,tail,1.0,1.0
954,216,60,tail,1.0,1.0
955,216,60,tail,1.0,1.0
956,216,60,tail,0.9833333333333333,0.9833333333333333
957,216,59,tail,0.9830508474576272,0.9830508474576272
958,216,59,tail,1.0,1.0
959,540,144,mid,0.9861111111111112,0.9861111111111112
960,543,143,head,0.993006993006993,0.993006993006993
961,532,141,mid,0.9645390070921985,0.9645390070921985
962,538,143,mid,1.0,1.0
963,315,84,mid,0.9404761904761905,0.9404761904761905
964,538,142,mid,0.9647887323943662,0.9647887323943662
965,538,143,mid,0.972027972027972,0.972027972027972
966,216,60,tail,1.0,1.0
967,216,60,tail,0.9833333333333333,0.9833333333333333
968,216,60,tail,0.9833333333333333,0.9833333333333333
969,534,142,mid,0.9859154929577465,0.9859154929577465
970,216,60,tail,0.9833333333333333,0.9833333333333333
971,216,60,tail,1.0,1.0
972,216,60,tail,1.0,1.0
973,216,60,tail,1.0,1.0
974,216,60,tail,1.0,1.0
975,216,60,tail,1.0,1.0
976,216,60,tail,0.9833333333333333,0.9833333333333333
977,542,144,head,0.9791666666666666,0.9791666666666666
978,315,84,mid,0.9761904761904762,0.9761904761904762
979,541,142,head,0.971830985915493,0.971830985915493
980,216,60,tail,1.0,1.0
981,537,144,mid,1.0,1.0
982,216,60,tail,1.0,1.0
983,542,141,head,0.9716312056737588,0.9716312056737588
984,216,58,tail,1.0,1.0
985,216,60,tail,1.0,1.0
986,216,60,tail,1.0,1.0
987,216,60,tail,0.9833333333333333,0.9833333333333333
988,216,60,tail,1.0,1.0
989,539,141,mid,0.9858156028368794,0.9858156028368794
990,537,143,mid,1.0,1.0
991,216,59,tail,0.9661016949152542,0.9661016949152542
992,216,60,tail,1.0,1.0
993,537,142,mid,0.9436619718309859,0.9436619718309859
994,216,59,tail,0.9830508474576272,0.9830508474576272
995,540,144,mid,0.9930555555555556,0.9930555555555556
996,536,142,mid,0.9929577464788732,0.9929577464788732
997,535,143,mid,0.9790209790209791,0.9790209790209791
998,216,60,tail,0.9833333333333333,0.9833333333333333
999,216,60,tail,0.7,0.7
1000,535,141,mid,0.9148936170212766,0.9148936170212766
1001,534,141,mid,0.9148936170212766,0.9148936170212766
1002,216,60,tail,0.95,0.95
1003,539,142,mid,0.9366197183098591,0.9366197183098591
1004,216,60,tail,0.9833333333333333,0.9833333333333333
1005,543,144,head,0.9097222222222222,0.9097222222222222
1006,216,59,tail,0.9491525423728814,0.9491525423728814
1007,537,141,mid,0.9858156028368794,0.9858156028368794
1008,539,141,mid,0.9645390070921985,0.9645390070921985
1009,216,58,tail,0.9482758620689655,0.9482758620689655
1010,543,143,head,0.9370629370629371,0.9370629370629371
1011,538,143,mid,0.8811188811188811,0.8811188811188811
1012,542,140,head,0.9357142857142857,0.9357142857142857
1013,540,141,mid,0.9574468085106383,0.9574468085106383
1014,211,58,tail,0.9655172413793104,0.9655172413793104
1015,216,60,tail,0.9666666666666667,0.9666666666666667
1016,541,143,head,0.9440559440559441,0.9440559440559441
1017,540,142,mid,0.9154929577464789,0.9154929577464789
1018,540,142,mid,0.9507042253521126,0.9507042253521126
1019,216,59,tail,0.9322033898305084,0.9322033898305084
1020,530,143,mid,0.951048951048951,0.951048951048951
1021,216,59,tail,0.9830508474576272,0.9830508474576272
1022,542,144,head,0.9583333333333334,0.9583333333333334
1023,534,144,mid,0.9652777777777778,0.9652777777777778
1024,215,59,tail,0.9830508474576272,0.9830508474576272
1025,216,59,tail,0.9491525423728814,0.9491525423728814
1026,216,59,tail,0.9830508474576272,0.9830508474576272
1027,540,143,mid,0.8391608391608392,0.8391608391608392
1028,538,143,mid,0.9790209790209791,0.9790209790209791
1029,542,145,head,0.9448275862068966,0.9448275862068966
1030,215,59,tail,0.9830508474576272,0.9830508474576272
1031,216,60,tail,0.9833333333333333,0.9833333333333333
1032,215,60,tail,0.9333333333333333,0.9333333333333333
1033,540,142,mid,1.0,1.0
1034,215,59,tail,0.9661016949152542,0.9661016949152542
1035,216,60,tail,0.9833333333333333,0.9833333333333333
1036,540,142,mid,0.9859154929577465,0.9859154929577465
1037,215,60,tail,1.0,1.0
1038,216,60,tail,0.9333333333333333,0.9333333333333333
1039,541,141,head,0.950354609929078,0.950354609929078
1040,214,60,tail,0.9666666666666667,0.9666666666666667
1041,538,141,mid,0.9290780141843972,0.9290780141843972
1042,541,145,head,0.9379310344827586,0.9379310344827586
1043,216,60,tail,0.9333333333333333,0.9333333333333333
1044,537,143,mid,0.958041958041958,0.958041958041958
1045,541,141,head,0.9078014184397163,0.9078014184397163
1046,216,60,tail,1.0,1.0
1047,536,143,mid,0.993006993006993,0.993006993006993
1048,539,142,mid,0.9154929577464789,0.9154929577464789
1049,541,143,head,0.958041958041958,0.958041958041958
1050,540,144,mid,0.9305555555555556,0.9305555555555556
1051,539,141,mid,0.9432624113475178,0.9432624113475178
1052,538,144,mid,0.9583333333333334,0.9583333333333334
1053,535,143,mid,0.986013986013986,0.986013986013986
1054,538,142,mid,0.9647887323943662,0.9647887323943662
1055,216,60,tail,1.0,1.0
1056,542,142,head,0.9436619718309859,0.9436619718309859
1057,537,143,mid,0.965034965034965,0.965034965034965
1058,540,142,mid,0.8873239436619719,0.8873239436619719
1059,540,143,mid,0.986013986013986,0.986013986013986
1060,539,144,mid,0.9791666666666666,0.9791666666666666
1061,540,143,mid,0.9790209790209791,0.9790209790209791
1062,539,143,mid,0.958041958041958,0.958041958041958
1063,215,60,tail,0.9,0.9
1064,214,59,tail,1.0,1.0
1065,537,141,mid,0.9432624113475178,0.9432624113475178
1066,216,60,tail,0.9166666666666666,0.9166666666666666
1067,216,60,tail,0.9833333333333333,0.9833333333333333
1068,536,143,mid,0.986013986013986,0.986013986013986
1069,215,60,tail,0.9833333333333333,0.9833333333333333
1070,215,60,tail,0.9333333333333333,0.9333333333333333
1071,539,143,mid,0.965034965034965,0.965034965034965
1072,215,59,tail,0.9661016949152542,0.9661016949152542
1073,215,60,tail,0.9666666666666667,0.9666666666666667
1074,542,141,head,0.9716312056737588,0.9716312056737588
1075,520,131,mid,0.9007633587786259,0.9007633587786259
1076,538,142,mid,0.9859154929577465,0.9859154929577465
1077,216,60,tail,0.9833333333333333,0.9833333333333333
1078,216,60,tail,0.9666666666666667,0.9666666666666667
1079,541,143,head,0.9790209790209791,0.9790209790209791
1080,216,60,tail,0.95,0.95
1081,216,60,tail,0.9833333333333333,0.9833333333333333
1082,538,140,mid,0.9785714285714285,0.9785714285714285
1083,216,60,tail,1.0,1.0
1084,216,60,tail,1.0,1.0
1085,539,141,mid,0.9858156028368794,0.9858156028368794
1086,215,59,tail,0.9830508474576272,0.9830508474576272
1087,215,60,tail,1.0,1.0
1088,216,60,tail,1.0,1.0
1089,216,60,tail,0.9833333333333333,0.9833333333333333
1090,540,141,mid,0.9858156028368794,0.9858156028368794
1091,544,145,head,0.9586206896551724,0.9586206896551724
1092,216,60,tail,0.9666666666666667,0.9666666666666667
1093,538,143,mid,1.0,1.0
1094,216,60,tail,0.9833333333333333,0.9833333333333333
1095,215,58,tail,1.0,1.0
1096,540,141,mid,0.9716312056737588,0.9716312056737588
1097,215,60,tail,1.0,1.0
1098,538,144,mid,0.9652777777777778,0.9652777777777778
1099,216,60,tail,1.0,1.0
1100,216,60,tail,0.9666666666666667,0.9666666666666667
1101,215,59,tail,0.9830508474576272,0.9830508474576272
1102,216,60,tail,0.9666666666666667,0.9666666666666667
1103,216,60,tail,1.0,1.0
1104,542,141,head,0.9858156028368794,0.9858156028368794
1105,540,140,mid,0.95,0.95
1106,216,60,tail,1.0,1.0
1107,537,143,mid,0.958041958041958,0.958041958041958
1108,541,142,head,0.9788732394366197,0.9788732394366197
1109,215,59,tail,0.9322033898305084,0.9322033898305084
1110,213,60,tail,0.95,0.95
1111,538,144,mid,0.9930555555555556,0.9930555555555556
1112,215,59,tail,0.9661016949152542,0.9661016949152542
1113,216,60,tail,0.9666666666666667,0.9666666666666667
1114,216,60,tail,1.0,1.0
1115,214,60,tail,0.95,0.95
1116,215,60,tail,0.9833333333333333,0.9833333333333333
1117,216,60,tail,0.9666666666666667,0.9666666666666667
1118,543,144,head,0.9236111111111112,0.9236111111111112
1119,538,139,mid,0.9856115107913669,0.9856115107913669
1120,216,60,tail,0.95,0.95
1121,216,60,tail,1.0,1.0
1122,216,60,tail,0.9833333333333333,0.9833333333333333
1123,213,60,tail,0.9,0.9
1124,216,60,tail,1.0,1.0
1125,535,143,mid,0.965034965034965,0.965034965034965
1126,535,142,mid,0.9647887323943662,0.9647887323943662
1127,216,60,tail,0.9666666666666667,0.9666666666666667
1128,215,60,tail,0.9666666666666667,0.9666666666666667
1129,215,60,tail,0.95,0.95
1130,535,141,mid,0.950354609929078,0.950354609929078
1131,540,141,mid,0.9787234042553191,0.9787234042553191
1132,216,59,tail,0.9491525423728814,0.9491525423728814
1133,216,60,tail,0.9666666666666667,0.9666666666666667
1134,216,60,tail,0.9833333333333333,0.9833333333333333
1135,215,60,tail,0.9833333333333333,0.9833333333333333
1136,214,60,tail,0.9833333333333333,0.9833333333333333
1137,216,60,tail,1.0,1.0
1138,536,142,mid,0.9788732394366197,0.9788732394366197
1139,540,141,mid,0.9929078014184397,0.9929078014184397
1140,215,59,tail,1.0,1.0
1141,215,60,tail,0.9666666666666667,0.9666666666666667
1142,216,58,tail,1.0,1.0
1143,541,142,head,0.9929577464788732,0.9929577464788732
1144,533,139,mid,0.8561151079136691,0.8561151079136691
1145,540,143,mid,0.972027972027972,0.972027972027972
1146,541,143,head,0.993006993006993,0.993006993006993
1147,216,58,tail,1.0,1.0
1148,541,142,head,0.971830985915493,0.971830985915493
1149,216,60,tail,1.0,1.0
1150,216,59,tail,0.9830508474576272,0.9830508474576272
1151,216,60,tail,0.9833333333333333,0.9833333333333333
1152,537,143,mid,0.958041958041958,0.958041958041958
1153,216,60,tail,0.9833333333333333,0.9833333333333333
1154,535,143,mid,0.9790209790209791,0.9790209790209791
1155,535,142,mid,0.9295774647887324,0.9295774647887324
1156,540,143,mid,0.986013986013986,0.986013986013986
1157,539,145,mid,0.9586206896551724,0.9586206896551724
1158,216,58,tail,1.0,1.0
1159,538,141,mid,0.9361702127659575,0.9361702127659575
1160,214,59,tail,0.9830508474576272,0.9830508474576272
1161,216,59,tail,0.9830508474576272,0.9830508474576272
1162,216,60,tail,0.9666666666666667,0.9666666666666667
1163,214,59,tail,1.0,1.0
1164,216,59,tail,1.0,1.0
1165,540,143,mid,0.9790209790209791,0.9790209790209791
1166,536,142,mid,0.971830985915493,0.971830985915493
1167,216,59,tail,1.0,1.0
1168,215,58,tail,1.0,1.0
1169,538,143,mid,0.972027972027972,0.972027972027972
1170,537,143,mid,0.965034965034965,0.965034965034965
1171,538,144,mid,0.9930555555555556,0.9930555555555556
1172,214,59,tail,1.0,1.0
1173,539,143,mid,0.986013986013986,0.986013986013986
1174,540,144,mid,0.9861111111111112,0.9861111111111112
1175,216,59,tail,0.9491525423728814,0.9491525423728814
1176,537,141,mid,1.0,1.0
1177,540,141,mid,0.9929078014184397,0.9929078014184397
1178,215,60,tail,0.9833333333333333,0.9833333333333333
1179,543,144,head,0.9791666666666666,0.9791666666666666
1180,215,60,tail,1.0,1.0
1181,215,60,tail,0.9833333333333333,0.9833333333333333
1182,538,142,mid,0.9859154929577465,0.9859154929577465
1183,538,144,mid,1.0,1.0
1184,540,144,mid,0.7291666666666666,0.7291666666666666
1185,537,144,mid,0.8541666666666666,0.8541666666666666
1186,540,143,mid,0.972027972027972,0.972027972027972
1187,540,143,mid,0.965034965034965,0.965034965034965
1188,539,144,mid,0.9930555555555556,0.9930555555555556
1189,540,143,mid,0.993006993006993,0.993006993006993
1190,534,144,mid,0.9861111111111112,0.9861111111111112
1191,216,60,tail,0.8666666666666667,0.8666666666666667
1192,542,142,head,0.971830985915493,0.971830985915493
1193,544,143,head,0.972027972027972,0.972027972027972
1194,540,139,mid,0.9496402877697842,0.9496402877697842
1195,539,143,mid,0.9370629370629371,0.9370629370629371
1196,216,59,tail,1.0,1.0
1197,540,142,mid,0.9436619718309859,0.9436619718309859
1198,538,143,mid,0.972027972027972,0.972027972027972
1199,216,59,tail,1.0,1.0
1200,540,142,mid,0.9647887323943662,0.9647887323943662
1201,542,144,head,0.9791666666666666,0.9791666666666666
1202,542,142,head,0.9507042253521126,0.9507042253521126
1203,210,59,tail,1.0,1.0
1204,214,60,tail,1.0,1.0
1205,543,144,head,0.9444444444444444,0.9444444444444444
1206,539,143,mid,0.9230769230769231,0.9230769230769231
1207,537,143,mid,0.9440559440559441,0.9440559440559441
1208,540,141,mid,0.9219858156028369,0.9219858156028369
1209,216,59,tail,0.9322033898305084,0.9322033898305084
1210,317,84,mid,0.6428571428571429,0.6428571428571429
1211,541,143,head,0.9370629370629371,0.9370629370629371
1212,541,142,head,0.9859154929577465,0.9859154929577465
1213,537,144,mid,0.9097222222222222,0.9097222222222222
1214,540,142,mid,0.9859154929577465,0.9859154929577465
1215,538,141,mid,0.9645390070921985,0.9645390070921985
1216,538,144,mid,0.9861111111111112,0.9861111111111112
1217,539,142,mid,0.9436619718309859,0.9436619718309859
1218,540,142,mid,0.971830985915493,0.971830985915493
1219,215,59,tail,0.9830508474576272,0.9830508474576272
1220,216,59,tail,0.9830508474576272,0.9830508474576272
1221,216,60,tail,0.9833333333333333,0.9833333333333333
1222,541,143,head,0.986013986013986,0.986013986013986
1223,540,144,mid,0.9583333333333334,0.9583333333333334
1224,534,141,mid,0.950354609929078,0.950354609929078
1225,540,141,mid,0.9858156028368794,0.9858156028368794
1226,542,142,head,0.9859154929577465,0.9859154929577465
1227,540,144,mid,0.9861111111111112,0.9861111111111112
1228,536,144,mid,0.9305555555555556,0.9305555555555556
1229,540,143,mid,1.0,1.0
1230,541,141,head,1.0,1.0
1231,316,84,mid,0.9404761904761905,0.9404761904761905
1232,535,142,mid,0.9788732394366197,0.9788732394366197
1233,536,141,mid,0.9929078014184397,0.9929078014184397
1234,216,59,tail,1.0,1.0
1235,216,60,tail,1.0,1.0
1236,540,140,mid,0.9571428571428572,0.9571428571428572
1237,536,144,mid,0.9583333333333334,0.9583333333333334
1238,542,140,head,0.9785714285714285,0.9785714285714285
1239,216,59,tail,1.0,1.0
1240,538,144,mid,0.9722222222222222,0.9722222222222222
1241,538,143,mid,0.9440559440559441,0.9440559440559441
1242,539,142,mid,0.971830985915493,0.971830985915493
1243,538,141,mid,0.9716312056737588,0.9716312056737588
1244,539,143,mid,0.986013986013986,0.986013986013986
1245,539,142,mid,0.9647887323943662,0.9647887323943662
1246,216,60,tail,0.9833333333333333,0.9833333333333333
1247,538,144,mid,0.9722222222222222,0.9722222222222222
1248,216,60,tail,0.9333333333333333,0.9333333333333333
1249,539,142,mid,0.971830985915493,0.971830985915493
1250,537,142,mid,0.9859154929577465,0.9859154929577465
1251,540,142,mid,0.9647887323943662,0.9647887323943662
1252,536,142,mid,0.971830985915493,0.971830985915493
1253,536,144,mid,0.9791666666666666,0.9791666666666666
1254,216,60,tail,0.9666666666666667,0.9666666666666667
1255,541,140,head,0.9642857142857143,0.9642857142857143
1256,539,143,mid,0.9790209790209791,0.9790209790209791
1257,538,140,mid,0.9357142857142857,0.9357142857142857
1258,216,59,tail,0.9661016949152542,0.9661016949152542
1259,538,142,mid,0.9788732394366197,0.9788732394366197
1260,216,60,tail,1.0,1.0
1261,216,61,tail,0.9836065573770492,0.9836065573770492
1262,216,59,tail,1.0,1.0
1263,530,138,mid,0.9492753623188406,0.9492753623188406
1264,538,140,mid,0.9785714285714285,0.9785714285714285
1265,216,60,tail,0.9666666666666667,0.9666666666666667
1266,216,60,tail,1.0,1.0
1267,216,59,tail,0.9661016949152542,0.9661016949152542
1268,538,144,mid,0.9791666666666666,0.9791666666666666
1269,216,60,tail,1.0,1.0
1270,216,60,tail,0.9166666666666666,0.9166666666666666
1271,535,144,mid,0.9861111111111112,0.9861111111111112
1272,537,144,mid,0.9791666666666666,0.9791666666666666
1273,216,60,tail,0.95,0.95
1274,537,144,mid,0.9583333333333334,0.9583333333333334
1275,311,82,mid,0.975609756097561,0.975609756097561
1276,537,142,mid,0.9225352112676056,0.9225352112676056
1277,537,144,mid,0.8541666666666666,0.8541666666666666
1278,541,142,head,0.9436619718309859,0.9436619718309859
1279,214,60,tail,0.9833333333333333,0.9833333333333333
1280,538,144,mid,0.9513888888888888,0.9513888888888888
1281,539,142,mid,0.9788732394366197,0.9788732394366197
1282,216,59,tail,1.0,1.0
1283,216,60,tail,0.9833333333333333,0.9833333333333333
1284,542,143,head,0.993006993006993,0.993006993006993
1285,539,142,mid,0.971830985915493,0.971830985915493
1286,216,60,tail,0.9666666666666667,0.9666666666666667
1287,216,59,tail,0.9830508474576272,0.9830508474576272
1288,216,60,tail,1.0,1.0
1289,535,141,mid,0.9574468085106383,0.9574468085106383
1290,539,144,mid,0.9722222222222222,0.9722222222222222
1291,539,141,mid,0.9929078014184397,0.9929078014184397
1292,216,60,tail,0.9833333333333333,0.9833333333333333
1293,542,143,head,0.9440559440559441,0.9440559440559441
1294,216,59,tail,0.9830508474576272,0.9830508474576272
1295,539,140,mid,0.9785714285714285,0.9785714285714285
1296,541,142,head,0.9577464788732394,0.9577464788732394
1297,537,142,mid,0.9507042253521126,0.9507042253521126
1298,538,141,mid,0.9787234042553191,0.9787234042553191
1299,216,60,tail,0.9666666666666667,0.9666666666666667
1300,216,60,tail,0.9833333333333333,0.9833333333333333
1301,540,143,mid,1.0,1.0
1302,214,59,tail,0.9661016949152542,0.9661016949152542
1303,216,60,tail,1.0,1.0
1304,216,60,tail,0.9333333333333333,0.9333333333333333
1305,216,59,tail,0.9830508474576272,0.9830508474576272
1306,215,60,tail,0.9833333333333333,0.9833333333333333
1307,540,143,mid,0.972027972027972,0.972027972027972
1308,539,144,mid,0.9930555555555556,0.9930555555555556
1309,538,143,mid,0.9790209790209791,0.9790209790209791
1310,534,142,mid,0.971830985915493,0.971830985915493
1311,216,59,tail,1.0,1.0
1312,540,142,mid,0.9788732394366197,0.9788732394366197
1313,534,144,mid,0.9861111111111112,0.9861111111111112
1314,542,142,head,0.9859154929577465,0.9859154929577465
1315,216,60,tail,1.0,1.0
1316,216,60,tail,1.0,1.0
1317,536,144,mid,0.9791666666666666,0.9791666666666666
1318,216,60,tail,0.9833333333333333,0.9833333333333333
1319,216,60,tail,0.9833333333333333,0.9833333333333333
1320,538,143,mid,0.9790209790209791,0.9790209790209791
1321,540,144,mid,0.9722222222222222,0.9722222222222222
1322,216,60,tail,0.9833333333333333,0.9833333333333333
1323,215,59,tail,0.9830508474576272,0.9830508474576272
1324,539,142,mid,1.0,1.0
1325,216,59,tail,1.0,1.0
1326,216,60,tail,0.9666666666666667,0.9666666666666667
1327,216,59,tail,1.0,1.0
1328,539,143,mid,0.986013986013986,0.986013986013986
1329,216,59,tail,0.9830508474576272,0.9830508474576272
1330,545,142,head,0.9859154929577465,0.9859154929577465
1331,215,60,tail,0.95,0.95
1332,539,144,mid,0.9930555555555556,0.9930555555555556
1333,216,60,tail,0.9666666666666667,0.9666666666666667
1334,214,59,tail,1.0,1.0
1335,538,143,mid,0.958041958041958,0.958041958041958
1336,533,143,mid,0.958041958041958,0.958041958041958
1337,537,144,mid,0.9791666666666666,0.9791666666666666
1338,216,60,tail,0.9666666666666667,0.9666666666666667
1339,215,59,tail,0.9830508474576272,0.9830508474576272
1340,216,60,tail,1.0,1.0
1341,540,143,mid,0.986013986013986,0.986013986013986
1342,216,60,tail,0.9833333333333333,0.9833333333333333
1343,216,59,tail,1.0,1.0
1344,216,60,tail,1.0,1.0
1345,535,141,mid,0.9929078014184397,0.9929078014184397
1346,536,144,mid,0.9791666666666666,0.9791666666666666
1347,538,141,mid,1.0,1.0
1348,539,142,mid,0.9929577464788732,0.9929577464788732
1349,209,59,tail,0.864406779661017,0.864406779661017
1350,216,59,tail,1.0,1.0
1351,216,59,tail,1.0,1.0
1352,216,59,tail,0.9830508474576272,0.9830508474576272
1353,215,59,tail,0.9830508474576272,0.9830508474576272
1354,216,59,tail,0.9830508474576272,0.9830508474576272
1355,216,58,tail,1.0,1.0
1356,540,140,mid,1.0,1.0
1357,216,59,tail,1.0,1.0
1358,216,59,tail,1.0,1.0
1359,535,142,mid,1.0,1.0
1360,216,59,tail,0.9830508474576272,0.9830508474576272
1361,216,60,tail,1.0,1.0
1362,216,59,tail,0.9830508474576272,0.9830508474576272
1363,317,83,mid,0.9759036144578314,0.9759036144578314
1364,216,59,tail,1.0,1.0
1365,216,59,tail,1.0,1.0
1366,216,59,tail,1.0,1.0
1367,216,59,tail,0.9661016949152542,0.9661016949152542
1368,216,58,tail,1.0,1.0
1369,216,59,tail,1.0,1.0
1370,538,144,mid,0.7222222222222222,0.7222222222222222
1371,216,59,tail,0.8305084745762712,0.8305084745762712
1372,216,59,tail,0.9491525423728814,0.9491525423728814
1373,539,143,mid,0.972027972027972,0.972027972027972
1374,540,144,mid,0.9791666666666666,0.9791666666666666
1375,538,140,mid,0.9428571428571428,0.9428571428571428
1376,540,142,mid,0.9859154929577465,0.9859154929577465
1377,531,140,mid,0.9785714285714285,0.9785714285714285
1378,216,59,tail,0.9830508474576272,0.9830508474576272
1379,216,60,tail,1.0,1.0
1380,537,143,mid,0.965034965034965,0.965034965034965
1381,538,141,mid,0.9574468085106383,0.9574468085106383
1382,538,144,mid,0.9444444444444444,0.9444444444444444
1383,216,59,tail,0.9830508474576272,0.9830508474576272
1384,538,141,mid,0.9290780141843972,0.9290780141843972
1385,540,141,mid,0.9645390070921985,0.9645390070921985
1386,216,58,tail,1.0,1.0
1387,540,144,mid,0.9791666666666666,0.9791666666666666
1388,540,141,mid,0.9787234042553191,0.9787234042553191
1389,536,143,mid,0.9440559440559441,0.9440559440559441
1390,216,58,tail,1.0,1.0
1391,533,140,mid,0.9857142857142858,0.9857142857142858
1392,216,60,tail,1.0,1.0
1393,216,58,tail,1.0,1.0
1394,536,141,mid,1.0,1.0
1395,535,144,mid,0.9861111111111112,0.9861111111111112
1396,538,142,mid,0.9929577464788732,0.9929577464788732
1397,212,57,tail,0.9473684210526315,0.9473684210526315
1398,538,144,mid,0.9444444444444444,0.9444444444444444
1399,539,143,mid,0.965034965034965,0.965034965034965
1400,216,60,tail,1.0,1.0
1401,540,145,mid,0.9448275862068966,0.9448275862068966
1402,543,143,head,0.951048951048951,0.951048951048951
1403,538,144,mid,0.9583333333333334,0.9583333333333334
1404,543,142,head,0.9507042253521126,0.9507042253521126
1405,537,143,mid,0.951048951048951,0.951048951048951
1406,540,144,mid,0.9652777777777778,0.9652777777777778
1407,540,142,mid,0.9577464788732394,0.9577464788732394
1408,216,60,tail,1.0,1.0
1409,216,60,tail,0.9666666666666667,0.9666666666666667
1410,541,144,head,0.9236111111111112,0.9236111111111112
1411,540,142,mid,0.9647887323943662,0.9647887323943662
1412,541,143,head,0.9790209790209791,0.9790209790209791
1413,540,142,mid,0.9366197183098591,0.9366197183098591
1414,540,144,mid,0.9861111111111112,0.9861111111111112
1415,539,143,mid,0.9790209790209791,0.9790209790209791
1416,543,143,head,0.951048951048951,0.951048951048951
1417,540,144,mid,0.9513888888888888,0.9513888888888888
1418,543,143,head,0.965034965034965,0.965034965034965
1419,538,144,mid,0.9583333333333334,0.9583333333333334
1420,539,143,mid,0.9440559440559441,0.9440559440559441
1421,539,143,mid,0.958041958041958,0.958041958041958
1422,539,144,mid,0.9375,0.9375
1423,216,60,tail,0.9833333333333333,0.9833333333333333
1424,534,141,mid,0.9929078014184397,0.9929078014184397
1425,540,144,mid,0.9722222222222222,0.9722222222222222
1426,540,142,mid,0.9366197183098591,0.9366197183098591
1427,216,58,tail,1.0,1.0
1428,538,145,mid,0.9724137931034482,0.9724137931034482
1429,541,142,head,0.9788732394366197,0.9788732394366197
1430,540,142,mid,0.9788732394366197,0.9788732394366197
1431,538,143,mid,0.951048951048951,0.951048951048951
1432,538,142,mid,0.9577464788732394,0.9577464788732394
1433,215,60,tail,0.9666666666666667,0.9666666666666667
1434,538,144,mid,0.9166666666666666,0.9166666666666666
1435,536,144,mid,0.9722222222222222,0.9722222222222222
1436,543,141,head,0.9929078014184397,0.9929078014184397
1437,538,143,mid,0.993006993006993,0.993006993006993
1438,537,143,mid,0.986013986013986,0.986013986013986
1439,537,143,mid,0.972027972027972,0.972027972027972
1440,542,144,head,0.9722222222222222,0.9722222222222222
1441,535,143,mid,0.9440559440559441,0.9440559440559441
1442,536,142,mid,0.971830985915493,0.971830985915493
1443,541,141,head,0.9645390070921985,0.9645390070921985
1444,532,143,mid,1.0,1.0
1445,542,141,head,0.9716312056737588,0.9716312056737588
1446,543,144,head,0.9652777777777778,0.9652777777777778
1447,538,142,mid,0.9859154929577465,0.9859154929577465
1448,535,143,mid,0.993006993006993,0.993006993006993
1449,541,140,head,0.9857142857142858,0.9857142857142858
1450,540,141,mid,0.9858156028368794,0.9858156028368794
1451,215,59,tail,0.9830508474576272,0.9830508474576272
1452,531,143,mid,0.972027972027972,0.972027972027972
1453,538,142,mid,0.9647887323943662,0.9647887323943662
1454,216,60,tail,0.9833333333333333,0.9833333333333333
1455,216,60,tail,1.0,1.0
1456,538,141,mid,0.900709219858156,0.900709219858156
1457,538,142,mid,0.9788732394366197,0.9788732394366197
1458,536,143,mid,0.9440559440559441,0.9440559440559441
1459,540,143,mid,0.972027972027972,0.972027972027972
1460,540,142,mid,0.9788732394366197,0.9788732394366197
1461,540,144,mid,0.9861111111111112,0.9861111111111112
1462,539,142,mid,0.9788732394366197,0.9788732394366197
1463,539,144,mid,0.9861111111111112,0.9861111111111112
1464,538,141,mid,0.9716312056737588,0.9716312056737588
1465,534,142,mid,0.971830985915493,0.971830985915493
1466,539,141,mid,0.9787234042553191,0.9787234042553191
1467,540,142,mid,0.9154929577464789,0.9154929577464789
1468,538,144,mid,0.9722222222222222,0.9722222222222222
1469,541,142,head,0.9647887323943662,0.9647887323943662
1470,216,59,tail,0.9830508474576272,0.9830508474576272
1471,536,142,mid,0.9154929577464789,0.9154929577464789
1472,541,140,head,0.9357142857142857,0.9357142857142857
1473,540,144,mid,0.9166666666666666,0.9166666666666666
1474,214,57,tail,0.9824561403508771,0.9824561403508771
1475,540,144,mid,0.9583333333333334,0.9583333333333334
1476,215,59,tail,0.847457627118644,0.847457627118644
1477,540,142,mid,0.8943661971830986,0.8943661971830986
1478,215,59,tail,0.9830508474576272,0.9830508474576272
1479,540,144,mid,0.9652777777777778,0.9652777777777778
1480,216,60,tail,1.0,1.0
1481,538,143,mid,0.986013986013986,0.986013986013986
1482,216,59,tail,1.0,1.0
1483,532,144,mid,0.8958333333333334,0.8958333333333334
1484,541,142,head,0.9859154929577465,0.9859154929577465
1485,540,141,mid,0.950354609929078,0.950354609929078
1486,216,59,tail,1.0,1.0
1487,536,144,mid,0.9583333333333334,0.9583333333333334
1488,540,144,mid,0.9861111111111112,0.9861111111111112
1489,540,141,mid,0.9787234042553191,0.9787234042553191
1490,539,144,mid,0.9583333333333334,0.9583333333333334
1491,540,143,mid,0.986013986013986,0.986013986013986
1492,537,143,mid,0.986013986013986,0.986013986013986
1493,543,142,head,0.971830985915493,0.971830985915493
1494,216,59,tail,1.0,1.0
1495,540,143,mid,0.972027972027972,0.972027972027972
1496,539,143,mid,0.972027972027972,0.972027972027972
1497,537,142,mid,1.0,1.0
1498,537,142,mid,0.971830985915493,0.971830985915493
1499,538,142,mid,0.9436619718309859,0.9436619718309859
1500,537,143,mid,0.972027972027972,0.972027972027972
1501,538,143,mid,0.9790209790209791,0.9790209790209791
1502,216,60,tail,1.0,1.0
1503,540,143,mid,0.993006993006993,0.993006993006993
1504,542,143,head,0.986013986013986,0.986013986013986
1505,215,59,tail,1.0,1.0
1506,537,142,mid,0.9577464788732394,0.9577464788732394
1507,540,143,mid,1.0,1.0
1508,536,143,mid,0.9790209790209791,0.9790209790209791
1509,214,59,tail,1.0,1.0
1510,537,142,mid,0.971830985915493,0.971830985915493
1511,216,60,tail,1.0,1.0
1512,214,60,tail,0.9166666666666666,0.9166666666666666
1513,539,143,mid,0.9790209790209791,0.9790209790209791
1514,539,144,mid,0.9583333333333334,0.9583333333333334
1515,539,142,mid,0.9788732394366197,0.9788732394366197
1516,215,60,tail,1.0,1.0
1517,542,144,head,0.9861111111111112,0.9861111111111112
1518,539,142,mid,0.9507042253521126,0.9507042253521126
1519,535,142,mid,0.971830985915493,0.971830985915493
1520,216,60,tail,1.0,1.0
1521,216,60,tail,0.9833333333333333,0.9833333333333333
1522,216,60,tail,1.0,1.0
1523,216,60,tail,0.95,0.95
1524,212,59,tail,0.9661016949152542,0.9661016949152542
1525,535,142,mid,0.9647887323943662,0.9647887323943662
1526,316,84,mid,0.9166666666666666,0.9166666666666666
1527,542,142,head,0.9929577464788732,0.9929577464788732
1528,216,60,tail,1.0,1.0
1529,216,60,tail,0.9833333333333333,0.9833333333333333
1530,214,60,tail,0.9666666666666667,0.9666666666666667
1531,541,140,head,0.9571428571428572,0.9571428571428572
1532,216,59,tail,0.9830508474576272,0.9830508474576272
1533,216,60,tail,0.9166666666666666,0.9166666666666666
1534,216,60,tail,0.9666666666666667,0.9666666666666667
1535,540,142,mid,0.9788732394366197,0.9788732394366197
1536,214,60,tail,1.0,1.0
1537,216,58,tail,0.9827586206896551,0.9827586206896551
1538,535,141,mid,0.9858156028368794,0.9858156028368794
1539,216,60,tail,0.9833333333333333,0.9833333333333333
1540,543,144,head,0.9791666666666666,0.9791666666666666
1541,216,59,tail,0.9661016949152542,0.9661016949152542
1542,216,60,tail,0.9833333333333333,0.9833333333333333
1543,543,140,head,1.0,1.0
1544,216,60,tail,0.9833333333333333,0.9833333333333333
1545,538,143,mid,0.986013986013986,0.986013986013986
1546,216,60,tail,1.0,1.0
1547,215,59,tail,0.9830508474576272,0.9830508474576272
1548,216,58,tail,0.9655172413793104,0.9655172413793104
1549,213,59,tail,0.9830508474576272,0.9830508474576272
1550,216,60,tail,0.9833333333333333,0.9833333333333333
1551,216,60,tail,0.9833333333333333,0.9833333333333333
1552,536,143,mid,0.9790209790209791,0.9790209790209791
1553,540,141,mid,0.950354609929078,0.950354609929078
1554,216,59,tail,1.0,1.0
1555,216,60,tail,0.9833333333333333,0.9833333333333333
1556,216,59,tail,1.0,1.0
1557,534,139,mid,0.9496402877697842,0.9496402877697842
1558,216,59,tail,0.9830508474576272,0.9830508474576272
1559,541,141,head,0.9929078014184397,0.9929078014184397
1560,541,144,head,0.9652777777777778,0.9652777777777778
1561,539,144,mid,1.0,1.0
1562,541,142,head,0.9507042253521126,0.9507042253521126
1563,534,142,mid,0.9507042253521126,0.9507042253521126
1564,216,60,tail,1.0,1.0
1565,216,60,tail,0.9833333333333333,0.9833333333333333
1566,216,59,tail,0.9491525423728814,0.9491525423728814
1567,542,142,head,0.9295774647887324,0.9295774647887324
1568,539,144,mid,0.9583333333333334,0.9583333333333334
1569,541,142,head,0.9436619718309859,0.9436619718309859
1570,540,143,mid,1.0,1.0
1571,216,59,tail,1.0,1.0
1572,216,60,tail,1.0,1.0
1573,216,59,tail,0.9830508474576272,0.9830508474576272
1574,214,60,tail,0.9833333333333333,0.9833333333333333
1575,216,60,tail,1.0,1.0
1576,214,60,tail,0.95,0.95
1577,543,142,head,0.9788732394366197,0.9788732394366197
1578,539,144,mid,0.9652777777777778,0.9652777777777778
1579,216,60,tail,1.0,1.0
1580,215,60,tail,0.9666666666666667,0.9666666666666667
1581,216,60,tail,0.9666666666666667,0.9666666666666667
1582,216,60,tail,0.9833333333333333,0.9833333333333333
1583,216,60,tail,1.0,1.0
1584,213,60,tail,1.0,1.0
1585,216,60,tail,0.9833333333333333,0.9833333333333333
1586,534,142,mid,0.9859154929577465,0.9859154929577465
1587,216,60,tail,1.0,1.0
1588,216,59,tail,0.9661016949152542,0.9661016949152542
1589,216,60,tail,1.0,1.0
1590,216,60,tail,1.0,1.0
1591,215,60,tail,1.0,1.0
1592,215,60,tail,1.0,1.0
1593,215,60,tail,1.0,1.0
1594,215,60,tail,0.9833333333333333,0.9833333333333333
1595,215,60,tail,1.0,1.0
1596,216,60,tail,1.0,1.0
1597,213,60,tail,0.9833333333333333,0.9833333333333333
1598,216,60,tail,1.0,1.0
1599,216,60,tail,1.0,1.0
1600,216,60,tail,1.0,1.0
1601,216,60,tail,1.0,1.0
1602,215,59,tail,1.0,1.0
1603,216,60,tail,1.0,1.0
1604,216,60,tail,1.0,1.0
1605,540,144,mid,0.9930555555555556,0.9930555555555556
1606,216,60,tail,1.0,1.0
1607,534,142,mid,0.9859154929577465,0.9859154929577465
1608,540,142,mid,0.9366197183098591,0.9366197183098591
1609,540,143,mid,0.9790209790209791,0.9790209790209791
1610,542,143,head,0.986013986013986,0.986013986013986
1611,540,141,mid,0.8794326241134752,0.8794326241134752
1612,540,144,mid,0.9444444444444444,0.9444444444444444
1613,537,141,mid,0.9787234042553191,0.9787234042553191
1614,538,143,mid,0.951048951048951,0.951048951048951
1615,540,141,mid,0.9858156028368794,0.9858156028368794
1616,539,140,mid,0.9642857142857143,0.9642857142857143
1617,540,139,mid,0.9928057553956835,0.9928057553956835
1618,215,60,tail,0.9333333333333333,0.9333333333333333
1619,538,142,mid,0.7535211267605634,0.7535211267605634
1620,541,144,head,0.7083333333333334,0.7083333333333334
1621,539,143,mid,0.7972027972027972,0.7972027972027972
1622,542,141,head,0.9787234042553191,0.9787234042553191
1623,538,143,mid,0.9370629370629371,0.9370629370629371
1624,216,59,tail,0.9830508474576272,0.9830508474576272
1625,541,144,head,0.9444444444444444,0.9444444444444444
1626,542,143,head,0.9790209790209791,0.9790209790209791
1627,540,143,mid,0.951048951048951,0.951048951048951
1628,543,142,head,0.9929577464788732,0.9929577464788732
1629,525,135,mid,0.9259259259259259,0.9259259259259259
1630,541,141,head,0.9858156028368794,0.9858156028368794
1631,537,145,mid,0.9586206896551724,0.9586206896551724
1632,542,142,head,0.9859154929577465,0.9859154929577465
1633,216,60,tail,0.9833333333333333,0.9833333333333333
1634,539,144,mid,0.9236111111111112,0.9236111111111112
1635,215,60,tail,0.9833333333333333,0.9833333333333333
1636,216,60,tail,0.9833333333333333,0.9833333333333333
1637,539,144,mid,0.9583333333333334,0.9583333333333334
1638,540,143,mid,0.9440559440559441,0.9440559440559441
1639,536,142,mid,0.9647887323943662,0.9647887323943662
1640,216,60,tail,0.9833333333333333,0.9833333333333333
1641,540,144,mid,0.9930555555555556,0.9930555555555556
1642,543,141,head,0.9929078014184397,0.9929078014184397
1643,539,143,mid,0.9790209790209791,0.9790209790209791
1644,541,141,head,0.9716312056737588,0.9716312056737588
1645,214,60,tail,0.9833333333333333,0.9833333333333333
1646,541,141,head,0.9716312056737588,0.9716312056737588
1647,541,143,head,0.965034965034965,0.965034965034965
1648,540,143,mid,0.9790209790209791,0.9790209790209791
1649,541,141,head,1.0,1.0
1650,216,59,tail,1.0,1.0
1651,216,60,tail,0.9666666666666667,0.9666666666666667
1652,542,143,head,0.986013986013986,0.986013986013986
1653,216,59,tail,0.9830508474576272,0.9830508474576272
1654,216,60,tail,1.0,1.0
1655,539,144,mid,0.9583333333333334,0.9583333333333334
1656,537,144,mid,0.9791666666666666,0.9791666666666666
1657,216,60,tail,1.0,1.0
1658,540,142,mid,0.9929577464788732,0.9929577464788732
1659,539,142,mid,0.9788732394366197,0.9788732394366197
1660,315,84,mid,0.9642857142857143,0.9642857142857143
1661,535,143,mid,0.951048951048951,0.951048951048951
1662,214,59,tail,0.9830508474576272,0.9830508474576272
1663,216,60,tail,1.0,1.0
1664,216,60,tail,1.0,1.0
1665,541,142,head,0.9647887323943662,0.9647887323943662
1666,216,60,tail,0.9333333333333333,0.9333333333333333
1667,540,140,mid,0.9142857142857143,0.9142857142857143
1668,539,144,mid,0.9027777777777778,0.9027777777777778
1669,540,144,mid,0.9166666666666666,0.9166666666666666
1670,542,142,head,0.971830985915493,0.971830985915493
1671,540,142,mid,0.9647887323943662,0.9647887323943662
1672,216,60,tail,0.95,0.95
1673,517,128,mid,0.96875,0.96875
1674,540,143,mid,0.972027972027972,0.972027972027972
1675,541,143,head,0.958041958041958,0.958041958041958
1676,541,141,head,0.9148936170212766,0.9148936170212766
1677,215,60,tail,0.9666666666666667,0.9666666666666667
1678,541,143,head,0.965034965034965,0.965034965034965
1679,540,144,mid,0.9652777777777778,0.9652777777777778
1680,539,142,mid,0.971830985915493,0.971830985915493
1681,542,143,head,0.9790209790209791,0.9790209790209791
1682,216,60,tail,1.0,1.0
1683,540,144,mid,0.9583333333333334,0.9583333333333334
1684,539,141,mid,0.9858156028368794,0.9858156028368794
1685,216,60,tail,1.0,1.0
1686,539,142,mid,0.971830985915493,0.971830985915493
1687,544,143,head,0.965034965034965,0.965034965034965
1688,540,141,mid,0.9574468085106383,0.9574468085106383
1689,215,60,tail,1.0,1.0
1690,540,141,mid,0.9858156028368794,0.9858156028368794
1691,537,144,mid,0.9791666666666666,0.9791666666666666
1692,541,142,head,0.9788732394366197,0.9788732394366197
1693,541,142,head,0.9859154929577465,0.9859154929577465
1694,531,140,mid,0.9714285714285714,0.9714285714285714
1695,541,142,head,0.9859154929577465,0.9859154929577465
1696,215,59,tail,0.9830508474576272,0.9830508474576272
1697,216,60,tail,1.0,1.0
1698,216,60,tail,1.0,1.0
1699,540,140,mid,0.9571428571428572,0.9571428571428572
1700,540,142,mid,0.9647887323943662,0.9647887323943662
1701,533,142,mid,0.971830985915493,0.971830985915493
1702,216,60,tail,1.0,1.0
1703,315,83,mid,0.9759036144578314,0.9759036144578314
1704,537,141,mid,0.9716312056737588,0.9716312056737588
1705,539,143,mid,0.993006993006993,0.993006993006993
1706,539,142,mid,0.9929577464788732,0.9929577464788732
1707,216,60,tail,1.0,1.0
1708,216,60,tail,1.0,1.0
1709,208,58,tail,0.8103448275862069,0.8103448275862069
1710,537,141,mid,0.9929078014184397,0.9929078014184397
1711,536,142,mid,0.9436619718309859,0.9436619718309859
1712,216,60,tail,0.9333333333333333,0.9333333333333333
1713,216,60,tail,1.0,1.0
1714,215,60,tail,1.0,1.0
1715,539,142,mid,0.9929577464788732,0.9929577464788732
1716,533,141,mid,0.950354609929078,0.950354609929078
1717,216,60,tail,0.9666666666666667,0.9666666666666667
1718,213,58,tail,0.9827586206896551,0.9827586206896551
1719,215,60,tail,0.9833333333333333,0.9833333333333333
1720,214,60,tail,0.9666666666666667,0.9666666666666667
1721,216,60,tail,0.9333333333333333,0.9333333333333333
1722,539,143,mid,0.951048951048951,0.951048951048951
1723,539,142,mid,0.971830985915493,0.971830985915493
1724,538,142,mid,0.9647887323943662,0.9647887323943662
1725,215,60,tail,0.9166666666666666,0.9166666666666666
1726,216,59,tail,0.8813559322033898,0.8813559322033898
1727,540,144,mid,0.9722222222222222,0.9722222222222222
1728,216,60,tail,1.0,1.0
1729,540,143,mid,0.972027972027972,0.972027972027972
1730,540,142,mid,0.9859154929577465,0.9859154929577465
1731,540,142,mid,0.971830985915493,0.971830985915493
1732,216,60,tail,0.9666666666666667,0.9666666666666667
1733,216,60,tail,0.9833333333333333,0.9833333333333333
1734,543,142,head,1.0,1.0
1735,215,58,tail,0.9482758620689655,0.9482758620689655
1736,535,141,mid,0.9645390070921985,0.9645390070921985
1737,216,60,tail,1.0,1.0
1738,541,141,head,0.9148936170212766,0.9148936170212766
1739,543,144,head,0.9861111111111112,0.9861111111111112
1740,540,139,mid,0.9640287769784173,0.9640287769784173
1741,539,143,mid,0.972027972027972,0.972027972027972
1742,514,132,mid,0.9090909090909091,0.9090909090909091
1743,541,141,head,0.9716312056737588,0.9716312056737588
1744,543,145,head,0.9793103448275862,0.9793103448275862
1745,539,144,mid,0.9722222222222222,0.9722222222222222
1746,541,142,head,0.971830985915493,0.971830985915493
1747,539,143,mid,0.972027972027972,0.972027972027972
1748,216,60,tail,1.0,1.0
1749,216,59,tail,0.9661016949152542,0.9661016949152542
1750,216,60,tail,1.0,1.0
1751,538,143,mid,0.9790209790209791,0.9790209790209791
1752,538,143,mid,0.965034965034965,0.965034965034965
1753,539,142,mid,0.9788732394366197,0.9788732394366197
1754,540,144,mid,0.9791666666666666,0.9791666666666666
1755,216,60,tail,0.9833333333333333,0.9833333333333333
1756,215,60,tail,1.0,1.0
1757,216,60,tail,0.95,0.95
1758,542,140,head,0.9714285714285714,0.9714285714285714
1759,542,142,head,0.9788732394366197,0.9788732394366197
1760,537,142,mid,0.971830985915493,0.971830985915493
1761,215,60,tail,0.9833333333333333,0.9833333333333333
1762,215,59,tail,0.9152542372881356,0.9152542372881356
1763,213,59,tail,1.0,1.0
1764,531,143,mid,1.0,1.0
1765,216,60,tail,1.0,1.0
1766,539,144,mid,0.9513888888888888,0.9513888888888888
1767,538,142,mid,0.971830985915493,0.971830985915493
1768,537,142,mid,0.9929577464788732,0.9929577464788732
1769,215,60,tail,0.9666666666666667,0.9666666666666667
1770,541,142,head,0.9859154929577465,0.9859154929577465
1771,540,140,mid,0.9928571428571429,0.9928571428571429
1772,543,141,head,0.9929078014184397,0.9929078014184397
1773,538,143,mid,0.986013986013986,0.986013986013986
1774,538,145,mid,0.9793103448275862,0.9793103448275862
1775,543,144,head,0.9652777777777778,0.9652777777777778
1776,215,60,tail,0.9833333333333333,0.9833333333333333
1777,215,60,tail,0.9833333333333333,0.9833333333333333
1778,542,144,head,0.9722222222222222,0.9722222222222222
1779,541,142,head,0.9859154929577465,0.9859154929577465
1780,542,142,head,0.9647887323943662,0.9647887323943662
1781,540,141,mid,0.9219858156028369,0.9219858156028369
1782,540,145,mid,0.9517241379310345,0.9517241379310345
1783,215,60,tail,0.8666666666666667,0.8666666666666667
1784,539,142,mid,0.8802816901408451,0.8802816901408451
1785,541,141,head,0.9432624113475178,0.9432624113475178
1786,216,60,tail,0.9666666666666667,0.9666666666666667
1787,540,143,mid,0.965034965034965,0.965034965034965
1788,216,60,tail,0.9666666666666667,0.9666666666666667
1789,540,142,mid,0.9366197183098591,0.9366197183098591
1790,538,143,mid,0.993006993006993,0.993006993006993
1791,215,60,tail,0.9833333333333333,0.9833333333333333
1792,540,143,mid,0.965034965034965,0.965034965034965
1793,540,142,mid,0.9647887323943662,0.9647887323943662
1794,216,60,tail,0.9833333333333333,0.9833333333333333
1795,539,141,mid,0.9787234042553191,0.9787234042553191
1796,538,144,mid,0.8541666666666666,0.8541666666666666
1797,307,82,mid,0.8536585365853658,0.8536585365853658
1798,216,60,tail,0.9833333333333333,0.9833333333333333
1799,541,143,head,0.986013986013986,0.986013986013986
1800,216,60,tail,1.0,1.0
1801,537,143,mid,0.965034965034965,0.965034965034965
1802,215,60,tail,1.0,1.0
1803,535,144,mid,0.9583333333333334,0.9583333333333334
1804,215,60,tail,0.9666666666666667,0.9666666666666667
1805,541,140,head,0.9857142857142858,0.9857142857142858
1806,215,59,tail,0.9661016949152542,0.9661016949152542
1807,531,140,mid,0.8642857142857143,0.8642857142857143
1808,538,143,mid,0.958041958041958,0.958041958041958
1809,214,60,tail,0.9,0.9
1810,542,142,head,0.8732394366197183,0.8732394366197183
1811,542,144,head,0.9861111111111112,0.9861111111111112
1812,216,60,tail,1.0,1.0
1813,539,141,mid,0.9716312056737588,0.9716312056737588
1814,538,144,mid,0.9791666666666666,0.9791666666666666
1815,216,60,tail,1.0,1.0
1816,213,60,tail,0.9666666666666667,0.9666666666666667
1817,213,60,tail,0.9833333333333333,0.9833333333333333
1818,215,60,tail,0.9833333333333333,0.9833333333333333
1819,214,60,tail,1.0,1.0
1820,542,143,head,0.958041958041958,0.958041958041958
1821,539,143,mid,0.9440559440559441,0.9440559440559441
1822,538,144,mid,0.9583333333333334,0.9583333333333334
1823,216,60,tail,1.0,1.0
1824,538,141,mid,0.9858156028368794,0.9858156028368794
1825,215,60,tail,0.9666666666666667,0.9666666666666667
1826,216,59,tail,0.9661016949152542,0.9661016949152542
1827,531,141,mid,0.9432624113475178,0.9432624113475178
1828,216,60,tail,0.9833333333333333,0.9833333333333333
1829,540,144,mid,0.8541666666666666,0.8541666666666666
1830,211,60,tail,0.9666666666666667,0.9666666666666667
1831,216,60,tail,1.0,1.0
1832,540,140,mid,0.9642857142857143,0.9642857142857143
1833,540,144,mid,0.9513888888888888,0.9513888888888888
1834,214,60,tail,1.0,1.0
1835,540,143,mid,0.972027972027972,0.972027972027972
1836,541,142,head,0.9647887323943662,0.9647887323943662
1837,216,60,tail,0.9833333333333333,0.9833333333333333
1838,539,142,mid,0.971830985915493,0.971830985915493
1839,535,143,mid,0.958041958041958,0.958041958041958
1840,539,142,mid,0.9788732394366197,0.9788732394366197
1841,536,141,mid,0.9929078014184397,0.9929078014184397
1842,215,60,tail,1.0,1.0
1843,216,60,tail,1.0,1.0
1844,216,59,tail,1.0,1.0
1845,216,60,mid,0.9833333333333333,0.9833333333333333
1846,215,57,tail,0.9473684210526315,0.9473684210526315
1847,216,60,mid,0.9666666666666667,0.9666666666666667
1848,540,144,mid,0.9166666666666666,0.9166666666666666
1849,216,60,mid,0.9333333333333333,0.9333333333333333
1850,533,141,mid,0.9290780141843972,0.9290780141843972
1851,539,144,mid,0.9722222222222222,0.9722222222222222
1852,538,144,mid,0.9652777777777778,0.9652777777777778
1853,542,143,head,0.993006993006993,0.993006993006993
1854,216,60,mid,0.9666666666666667,0.9666666666666667
1855,216,60,mid,1.0,1.0
1856,537,142,mid,0.9577464788732394,0.9577464788732394
1857,537,143,mid,0.9230769230769231,0.9230769230769231
1858,540,141,mid,0.9645390070921985,0.9645390070921985
1859,215,60,tail,0.9833333333333333,0.9833333333333333
1860,538,143,mid,0.9790209790209791,0.9790209790209791
1861,215,60,tail,0.95,0.95
1862,535,143,mid,0.9300699300699301,0.9300699300699301
1863,542,143,head,0.965034965034965,0.965034965034965
1864,216,60,mid,0.9833333333333333,0.9833333333333333
1865,540,139,mid,0.9496402877697842,0.9496402877697842
1866,216,60,mid,0.9666666666666667,0.9666666666666667
1867,537,144,mid,0.9861111111111112,0.9861111111111112
1868,216,60,mid,0.9833333333333333,0.9833333333333333
1869,540,142,mid,0.9436619718309859,0.9436619718309859
1870,216,60,mid,1.0,1.0
1871,215,58,tail,1.0,1.0
1872,215,60,tail,1.0,1.0
1873,214,60,tail,0.9666666666666667,0.9666666666666667
1874,539,144,mid,0.9097222222222222,0.9097222222222222
1875,540,141,mid,0.9645390070921985,0.9645390070921985
1876,539,142,mid,0.9788732394366197,0.9788732394366197
1877,539,143,mid,1.0,1.0
1878,540,143,mid,0.965034965034965,0.965034965034965
1879,534,139,mid,0.9496402877697842,0.9496402877697842
1880,216,60,mid,0.9,0.9
1881,216,60,mid,0.9833333333333333,0.9833333333333333
1882,216,60,mid,1.0,1.0
1883,540,141,mid,0.9929078014184397,0.9929078014184397
1884,216,60,mid,0.9833333333333333,0.9833333333333333
1885,540,143,mid,0.993006993006993,0.993006993006993
1886,216,60,mid,0.9666666666666667,0.9666666666666667
1887,540,141,mid,0.9716312056737588,0.9716312056737588
1888,540,142,mid,0.8802816901408451,0.8802816901408451
1889,215,60,tail,0.9833333333333333,0.9833333333333333
1890,538,141,mid,0.9219858156028369,0.9219858156028369
1891,538,143,mid,0.951048951048951,0.951048951048951
1892,537,141,mid,0.9645390070921985,0.9645390070921985
1893,541,143,head,0.972027972027972,0.972027972027972
1894,536,138,mid,0.9420289855072463,0.9420289855072463
1895,537,141,mid,0.9645390070921985,0.9645390070921985
1896,540,142,mid,0.971830985915493,0.971830985915493
1897,215,60,tail,1.0,1.0
1898,215,60,tail,1.0,1.0
1899,214,60,tail,0.9833333333333333,0.9833333333333333
1900,215,59,tail,1.0,1.0
1901,536,143,mid,0.972027972027972,0.972027972027972
1902,216,60,mid,0.9833333333333333,0.9833333333333333
1903,539,143,mid,0.9790209790209791,0.9790209790209791
1904,215,60,tail,1.0,1.0
1905,537,143,mid,0.9300699300699301,0.9300699300699301
1906,540,141,mid,0.9858156028368794,0.9858156028368794
1907,215,60,tail,0.9833333333333333,0.9833333333333333
1908,540,141,mid,0.9645390070921985,0.9645390070921985
1909,216,59,mid,1.0,1.0
1910,537,143,mid,0.965034965034965,0.965034965034965
1911,216,60,mid,0.9333333333333333,0.9333333333333333
1912,216,60,mid,1.0,1.0
1913,214,60,tail,0.95,0.95
1914,216,60,mid,0.9666666666666667,0.9666666666666667
1915,540,143,mid,0.958041958041958,0.958041958041958
1916,543,142,head,0.9647887323943662,0.9647887323943662
1917,216,60,mid,0.9333333333333333,0.9333333333333333
1918,536,143,mid,0.986013986013986,0.986013986013986
1919,543,144,head,0.9791666666666666,0.9791666666666666
1920,540,143,mid,0.9440559440559441,0.9440559440559441
1921,216,60,mid,1.0,1.0
1922,540,145,mid,0.9862068965517241,0.9862068965517241
1923,215,60,tail,1.0,1.0
1924,537,143,mid,0.993006993006993,0.993006993006993
1925,216,60,mid,1.0,1.0
1926,543,142,head,0.971830985915493,0.971830985915493
1927,316,82,mid,0.975609756097561,0.975609756097561
1928,538,141,mid,0.9858156028368794,0.9858156028368794
1929,216,60,mid,0.9666666666666667,0.9666666666666667
1930,539,141,mid,0.9219858156028369,0.9219858156028369
1931,538,144,mid,0.9444444444444444,0.9444444444444444
1932,216,60,mid,0.9333333333333333,0.9333333333333333
1933,216,60,mid,0.9333333333333333,0.9333333333333333
1934,541,143,head,0.9090909090909091,0.9090909090909091
1935,538,142,mid,0.9929577464788732,0.9929577464788732
1936,536,141,mid,0.9929078014184397,0.9929078014184397
1937,535,142,mid,0.9507042253521126,0.9507042253521126
1938,216,60,mid,1.0,1.0
1939,216,60,mid,0.9833333333333333,0.9833333333333333
1940,539,142,mid,0.9788732394366197,0.9788732394366197
1941,216,60,mid,1.0,1.0
1942,538,142,mid,0.971830985915493,0.971830985915493
1943,535,142,mid,0.9507042253521126,0.9507042253521126
1944,536,141,mid,0.9787234042553191,0.9787234042553191
1945,534,141,mid,0.9361702127659575,0.9361702127659575
1946,543,143,head,0.993006993006993,0.993006993006993
1947,540,142,mid,0.9788732394366197,0.9788732394366197
1948,538,143,mid,0.986013986013986,0.986013986013986
1949,215,60,tail,1.0,1.0
1950,542,143,head,0.972027972027972,0.972027972027972
1951,540,142,mid,0.9507042253521126,0.9507042253521126
1952,540,142,mid,0.971830985915493,0.971830985915493
1953,540,142,mid,0.971830985915493,0.971830985915493
1954,541,144,head,0.9513888888888888,0.9513888888888888
1955,216,59,mid,1.0,1.0
1956,539,141,mid,0.9361702127659575,0.9361702127659575
1957,540,144,mid,0.9791666666666666,0.9791666666666666
1958,540,143,mid,0.958041958041958,0.958041958041958
1959,214,59,tail,0.9830508474576272,0.9830508474576272
1960,542,143,head,0.9790209790209791,0.9790209790209791
1961,216,60,mid,1.0,1.0
1962,544,145,head,1.0,1.0
1963,541,142,head,0.9366197183098591,0.9366197183098591
1964,216,60,mid,1.0,1.0
1965,214,60,tail,1.0,1.0
1966,541,144,head,0.9722222222222222,0.9722222222222222
1967,215,60,tail,0.9666666666666667,0.9666666666666667
1968,316,82,mid,0.9878048780487805,0.9878048780487805
1969,541,143,head,0.9790209790209791,0.9790209790209791
1970,542,141,head,0.9290780141843972,0.9290780141843972
1971,215,60,tail,0.9833333333333333,0.9833333333333333
1972,216,60,mid,0.9833333333333333,0.9833333333333333
1973,540,141,mid,0.9787234042553191,0.9787234042553191
1974,216,60,mid,0.9833333333333333,0.9833333333333333
1975,538,143,mid,0.986013986013986,0.986013986013986
1976,216,59,mid,1.0,1.0
1977,541,144,head,0.9444444444444444,0.9444444444444444
1978,538,142,mid,0.9788732394366197,0.9788732394366197
1979,216,60,mid,1.0,1.0
1980,538,142,mid,0.971830985915493,0.971830985915493
1981,537,144,mid,0.9722222222222222,0.9722222222222222
1982,536,142,mid,0.971830985915493,0.971830985915493
1983,533,143,mid,0.9790209790209791,0.9790209790209791
1984,216,59,mid,0.9661016949152542,0.9661016949152542
1985,537,143,mid,0.9440559440559441,0.9440559440559441
1986,214,60,tail,0.9833333333333333,0.9833333333333333
1987,540,143,mid,0.9790209790209791,0.9790209790209791
1988,522,142,mid,0.9436619718309859,0.9436619718309859
1989,541,142,head,0.9788732394366197,0.9788732394366197
1990,216,60,mid,1.0,1.0
1991,537,142,mid,0.9788732394366197,0.9788732394366197
1992,542,139,head,0.9928057553956835,0.9928057553956835
1993,534,143,mid,0.958041958041958,0.958041958041958
1994,315,81,mid,0.9753086419753086,0.9753086419753086
1995,210,59,tail,0.9830508474576272,0.9830508474576272
1996,216,60,mid,1.0,1.0
1997,215,60,tail,0.9166666666666666,0.9166666666666666
1998,541,140,head,0.9928571428571429,0.9928571428571429
1999,216,60,mid,1.0,1.0
2000,216,60,mid,1.0,1.0
2001,216,59,mid,0.9830508474576272,0.9830508474576272
2002,536,139,mid,0.9784172661870504,0.9784172661870504
2003,541,141,head,0.9645390070921985,0.9645390070921985
2004,540,141,mid,0.9716312056737588,0.9716312056737588
2005,540,139,mid,0.9712230215827338,0.9712230215827338
2006,211,58,tail,1.0,1.0
2007,216,60,mid,0.9833333333333333,0.9833333333333333
2008,534,142,mid,1.0,1.0
2009,213,60,tail,0.9833333333333333,0.9833333333333333
2010,537,143,mid,0.958041958041958,0.958041958041958
2011,216,60,mid,1.0,1.0
2012,215,59,tail,1.0,1.0
2013,216,60,mid,1.0,1.0
2014,543,142,head,0.9084507042253521,0.9084507042253521
2015,540,144,mid,0.9583333333333334,0.9583333333333334
2016,216,60,mid,0.9833333333333333,0.9833333333333333
2017,535,144,mid,0.9305555555555556,0.9305555555555556
2018,538,143,mid,0.8601398601398601,0.8601398601398601
2019,538,141,mid,0.9716312056737588,0.9716312056737588
2020,536,143,mid,0.986013986013986,0.986013986013986
2021,542,142,head,0.9084507042253521,0.9084507042253521
2022,540,144,mid,0.9791666666666666,0.9791666666666666
2023,539,143,mid,0.951048951048951,0.951048951048951
2024,215,60,tail,1.0,1.0
2025,538,142,mid,0.9154929577464789,0.9154929577464789
2026,216,60,mid,0.9666666666666667,0.9666666666666667
2027,541,144,head,0.9652777777777778,0.9652777777777778
2028,537,144,mid,0.9722222222222222,0.9722222222222222
2029,216,60,mid,1.0,1.0
2030,216,60,mid,0.9833333333333333,0.9833333333333333
2031,216,60,mid,1.0,1.0
2032,216,60,mid,0.9833333333333333,0.9833333333333333
2033,216,60,mid,1.0,1.0
2034,216,60,mid,1.0,1.0
2035,540,142,mid,0.9577464788732394,0.9577464788732394
2036,216,60,mid,1.0,1.0
2037,537,143,mid,0.9790209790209791,0.9790209790209791
2038,542,142,head,1.0,1.0
2039,540,142,mid,0.9859154929577465,0.9859154929577465
2040,540,143,mid,0.972027972027972,0.972027972027972
2041,216,60,mid,1.0,1.0
2042,215,59,tail,1.0,1.0
2043,541,142,head,0.9647887323943662,0.9647887323943662
2044,539,143,mid,0.9440559440559441,0.9440559440559441
2045,542,141,head,0.9716312056737588,0.9716312056737588
2046,214,60,tail,0.9666666666666667,0.9666666666666667
2047,215,59,tail,0.9830508474576272,0.9830508474576272
2048,539,143,mid,0.9790209790209791,0.9790209790209791
2049,216,60,mid,1.0,1.0
2050,216,60,mid,1.0,1.0
2051,214,60,tail,0.9833333333333333,0.9833333333333333
2052,538,144,mid,0.9375,0.9375
2053,216,60,mid,0.85,0.85
2054,542,142,head,1.0,1.0
2055,540,143,mid,0.972027972027972,0.972027972027972
2056,536,144,mid,0.9652777777777778,0.9652777777777778
2057,543,141,head,0.9716312056737588,0.9716312056737588
2058,539,141,mid,0.9432624113475178,0.9432624113475178
2059,534,140,mid,0.95,0.95
2060,539,142,mid,0.971830985915493,0.971830985915493
2061,537,144,mid,0.9652777777777778,0.9652777777777778
2062,539,144,mid,0.9722222222222222,0.9722222222222222
2063,538,142,mid,0.9647887323943662,0.9647887323943662
2064,540,144,mid,0.9930555555555556,0.9930555555555556
2065,537,143,mid,0.972027972027972,0.972027972027972
2066,215,60,tail,1.0,1.0
2067,538,142,mid,0.971830985915493,0.971830985915493
2068,542,143,head,0.9230769230769231,0.9230769230769231
2069,538,144,mid,0.9861111111111112,0.9861111111111112
2070,541,142,head,0.971830985915493,0.971830985915493
2071,540,143,mid,0.965034965034965,0.965034965034965
2072,535,143,mid,0.958041958041958,0.958041958041958
2073,543,142,head,0.9366197183098591,0.9366197183098591
2074,541,142,head,0.8169014084507042,0.8169014084507042
2075,537,144,mid,0.9583333333333334,0.9583333333333334
2076,215,60,tail,0.9333333333333333,0.9333333333333333
2077,541,142,head,0.9929577464788732,0.9929577464788732
2078,541,144,head,0.9722222222222222,0.9722222222222222
2079,540,143,mid,0.951048951048951,0.951048951048951
2080,539,140,mid,0.9642857142857143,0.9642857142857143
2081,216,60,mid,1.0,1.0
2082,542,142,head,0.9788732394366197,0.9788732394366197
2083,536,144,mid,0.9097222222222222,0.9097222222222222
2084,542,142,head,0.9859154929577465,0.9859154929577465
2085,533,143,mid,0.965034965034965,0.965034965034965
2086,535,142,mid,0.9225352112676056,0.9225352112676056
2087,536,144,mid,0.9583333333333334,0.9583333333333334
2088,216,59,mid,0.9830508474576272,0.9830508474576272
2089,540,143,mid,0.965034965034965,0.965034965034965
2090,540,141,mid,0.9787234042553191,0.9787234042553191
2091,540,144,mid,0.9305555555555556,0.9305555555555556
2092,541,145,head,0.9172413793103448,0.9172413793103448
2093,542,141,head,0.9787234042553191,0.9787234042553191
2094,538,144,mid,0.9930555555555556,0.9930555555555556
2095,216,59,mid,1.0,1.0
2096,538,144,mid,0.9861111111111112,0.9861111111111112
2097,531,143,mid,0.9370629370629371,0.9370629370629371
2098,538,142,mid,0.9295774647887324,0.9295774647887324
2099,540,143,mid,0.958041958041958,0.958041958041958
2100,544,143,head,0.9370629370629371,0.9370629370629371
2101,538,144,mid,0.9375,0.9375
2102,536,144,mid,0.9583333333333334,0.9583333333333334
2103,539,143,mid,0.965034965034965,0.965034965034965
2104,544,143,head,0.9090909090909091,0.9090909090909091
2105,540,140,mid,0.8857142857142857,0.8857142857142857
2106,537,144,mid,0.9722222222222222,0.9722222222222222
2107,216,60,mid,0.9833333333333333,0.9833333333333333
2108,538,143,mid,0.9440559440559441,0.9440559440559441
2109,541,142,head,0.9647887323943662,0.9647887323943662
2110,535,141,mid,0.9645390070921985,0.9645390070921985
2111,540,142,mid,0.9788732394366197,0.9788732394366197
2112,216,60,mid,1.0,1.0
2113,534,142,mid,0.9154929577464789,0.9154929577464789
2114,541,141,head,0.9645390070921985,0.9645390070921985
2115,541,143,head,0.9020979020979021,0.9020979020979021
2116,534,143,mid,0.9790209790209791,0.9790209790209791
2117,540,144,mid,0.9027777777777778,0.9027777777777778
2118,539,144,mid,0.9444444444444444,0.9444444444444444
2119,216,60,mid,1.0,1.0
2120,543,142,head,0.9366197183098591,0.9366197183098591
2121,539,144,mid,0.9513888888888888,0.9513888888888888
2122,536,142,mid,0.9295774647887324,0.9295774647887324
2123,541,141,head,0.9929078014184397,0.9929078014184397
2124,540,144,mid,0.9444444444444444,0.9444444444444444
2125,537,142,mid,0.9507042253521126,0.9507042253521126
2126,542,141,head,0.9290780141843972,0.9290780141843972
2127,539,141,mid,0.9929078014184397,0.9929078014184397
2128,316,83,mid,0.9397590361445783,0.9397590361445783
2129,540,143,mid,0.9790209790209791,0.9790209790209791
2130,539,144,mid,0.9791666666666666,0.9791666666666666
2131,216,60,mid,1.0,1.0
2132,540,144,head,0.9444444444444444,0.9444444444444444
2133,539,142,mid,0.9788732394366197,0.9788732394366197
2134,537,144,mid,0.9791666666666666,0.9791666666666666
2135,533,141,mid,0.900709219858156,0.900709219858156
2136,532,142,mid,0.971830985915493,0.971830985915493
2137,216,60,mid,1.0,1.0
2138,543,143,head,0.9790209790209791,0.9790209790209791
2139,533,142,mid,0.9647887323943662,0.9647887323943662
2140,531,144,mid,0.9513888888888888,0.9513888888888888
2141,543,142,head,0.9295774647887324,0.9295774647887324
2142,541,145,head,0.9517241379310345,0.9517241379310345
2143,539,144,mid,0.9236111111111112,0.9236111111111112
2144,538,143,mid,0.951048951048951,0.951048951048951
2145,216,60,mid,0.9833333333333333,0.9833333333333333
2146,531,143,mid,0.986013986013986,0.986013986013986
2147,540,142,head,0.9577464788732394,0.9577464788732394
2148,540,143,head,0.965034965034965,0.965034965034965
2149,537,142,mid,0.9225352112676056,0.9225352112676056
2150,216,60,mid,1.0,1.0
2151,536,144,mid,0.9375,0.9375
2152,536,144,mid,0.9652777777777778,0.9652777777777778
2153,528,137,mid,0.9927007299270073,0.9927007299270073
2154,538,144,mid,0.9305555555555556,0.9305555555555556
2155,537,143,mid,0.993006993006993,0.993006993006993
2156,543,143,head,0.958041958041958,0.958041958041958
2157,541,142,head,0.9507042253521126,0.9507042253521126
2158,542,145,head,0.896551724137931,0.896551724137931
2159,216,59,mid,1.0,1.0
2160,542,142,head,0.9366197183098591,0.9366197183098591
2161,539,144,mid,0.9722222222222222,0.9722222222222222
2162,538,141,mid,0.9716312056737588,0.9716312056737588
2163,531,140,mid,0.95,0.95
2164,541,142,head,0.9788732394366197,0.9788732394366197
2165,536,143,mid,0.9790209790209791,0.9790209790209791
2166,539,143,mid,0.958041958041958,0.958041958041958
2167,539,142,mid,0.971830985915493,0.971830985915493
2168,540,143,head,0.9230769230769231,0.9230769230769231
2169,531,142,mid,0.9788732394366197,0.9788732394366197
2170,541,141,head,0.9787234042553191,0.9787234042553191
2171,216,59,mid,0.9830508474576272,0.9830508474576272
2172,541,144,head,0.9652777777777778,0.9652777777777778
2173,540,143,head,0.9790209790209791,0.9790209790209791
2174,540,140,head,0.9714285714285714,0.9714285714285714
2175,216,59,mid,0.9830508474576272,0.9830508474576272
2176,543,141,head,0.9432624113475178,0.9432624113475178
2177,539,144,mid,0.9583333333333334,0.9583333333333334
2178,542,141,head,0.9574468085106383,0.9574468085106383
2179,541,144,head,0.9583333333333334,0.9583333333333334
2180,216,60,mid,0.9666666666666667,0.9666666666666667
2181,216,60,mid,0.9666666666666667,0.9666666666666667
2182,540,143,head,0.986013986013986,0.986013986013986
2183,539,144,mid,0.9027777777777778,0.9027777777777778
2184,539,141,mid,0.9645390070921985,0.9645390070921985
2185,216,60,mid,0.9666666666666667,0.9666666666666667
2186,540,142,head,0.9295774647887324,0.9295774647887324
2187,539,140,mid,0.9428571428571428,0.9428571428571428
2188,540,144,head,0.9444444444444444,0.9444444444444444
2189,215,60,tail,0.9333333333333333,0.9333333333333333
2190,542,142,head,0.9929577464788732,0.9929577464788732
2191,541,141,head,0.9929078014184397,0.9929078014184397
2192,540,144,head,0.9652777777777778,0.9652777777777778
2193,537,144,mid,0.9444444444444444,0.9444444444444444
2194,533,141,mid,0.8936170212765957,0.8936170212765957
2195,539,142,mid,0.9507042253521126,0.9507042253521126
2196,538,143,mid,0.9790209790209791,0.9790209790209791
2197,537,141,mid,0.9858156028368794,0.9858156028368794
2198,535,142,mid,0.8732394366197183,0.8732394366197183
2199,540,142,head,0.9154929577464789,0.9154929577464789
2200,541,142,head,0.9647887323943662,0.9647887323943662
2201,533,144,mid,0.9722222222222222,0.9722222222222222
2202,216,60,mid,0.9833333333333333,0.9833333333333333
2203,216,59,mid,0.9830508474576272,0.9830508474576272
2204,541,144,head,0.9722222222222222,0.9722222222222222
2205,216,60,mid,0.9833333333333333,0.9833333333333333
2206,216,60,mid,1.0,1.0
2207,540,141,head,0.9716312056737588,0.9716312056737588
2208,539,143,mid,0.993006993006993,0.993006993006993
2209,316,83,mid,0.891566265060241,0.891566265060241
2210,540,144,head,0.9652777777777778,0.9652777777777778
2211,541,143,head,0.965034965034965,0.965034965034965
2212,538,140,mid,1.0,1.0
2213,538,141,mid,0.9929078014184397,0.9929078014184397
2214,538,143,mid,0.958041958041958,0.958041958041958
2215,542,141,head,0.9574468085106383,0.9574468085106383
2216,216,60,mid,0.9666666666666667,0.9666666666666667
2217,540,143,head,0.951048951048951,0.951048951048951
2218,216,60,mid,0.9333333333333333,0.9333333333333333
2219,537,143,mid,0.986013986013986,0.986013986013986
2220,536,142,mid,0.971830985915493,0.971830985915493
2221,539,144,mid,0.9861111111111112,0.9861111111111112
2222,539,142,mid,0.9929577464788732,0.9929577464788732
2223,538,144,mid,0.9583333333333334,0.9583333333333334
2224,537,143,mid,0.951048951048951,0.951048951048951
2225,535,140,mid,0.9642857142857143,0.9642857142857143
2226,540,142,head,0.9929577464788732,0.9929577464788732
2227,540,142,head,0.9647887323943662,0.9647887323943662
2228,539,144,mid,0.9097222222222222,0.9097222222222222
2229,538,143,mid,0.972027972027972,0.972027972027972
2230,542,143,head,0.986013986013986,0.986013986013986
2231,542,141,head,0.9290780141843972,0.9290780141843972
2232,216,60,mid,0.9666666666666667,0.9666666666666667
2233,216,60,mid,1.0,1.0
2234,216,60,mid,0.9833333333333333,0.9833333333333333
2235,315,84,mid,0.9047619047619048,0.9047619047619048
2236,536,141,mid,0.9929078014184397,0.9929078014184397
2237,216,59,mid,0.9661016949152542,0.9661016949152542
2238,540,142,head,1.0,1.0
2239,541,142,head,0.9366197183098591,0.9366197183098591
2240,540,143,head,0.965034965034965,0.965034965034965
2241,215,60,tail,1.0,1.0
2242,216,60,mid,0.9833333333333333,0.9833333333333333
2243,216,59,mid,1.0,1.0
2244,216,60,mid,1.0,1.0
2245,536,144,mid,0.9791666666666666,0.9791666666666666
2246,538,142,mid,0.9929577464788732,0.9929577464788732
2247,216,60,mid,0.9833333333333333,0.9833333333333333
2248,537,144,mid,0.9930555555555556,0.9930555555555556
2249,541,141,head,0.9290780141843972,0.9290780141843972
2250,543,143,head,0.972027972027972,0.972027972027972
2251,542,142,head,0.9929577464788732,0.9929577464788732
2252,216,60,mid,0.9333333333333333,0.9333333333333333
2253,216,59,mid,1.0,1.0
2254,537,144,mid,0.9583333333333334,0.9583333333333334
2255,542,141,head,0.9858156028368794,0.9858156028368794
2256,540,142,head,0.9647887323943662,0.9647887323943662
2257,537,144,mid,0.9791666666666666,0.9791666666666666
2258,539,142,mid,0.9788732394366197,0.9788732394366197
2259,216,60,mid,0.9666666666666667,0.9666666666666667
2260,216,60,mid,1.0,1.0
2261,540,144,head,1.0,1.0
2262,216,60,mid,0.9333333333333333,0.9333333333333333
2263,216,60,mid,1.0,1.0
2264,537,143,mid,1.0,1.0
2265,216,60,mid,1.0,1.0
2266,216,59,mid,0.9830508474576272,0.9830508474576272
2267,535,142,mid,0.9859154929577465,0.9859154929577465
2268,541,140,head,0.9785714285714285,0.9785714285714285
2269,537,143,mid,0.965034965034965,0.965034965034965
2270,538,141,mid,0.9929078014184397,0.9929078014184397
2271,216,60,mid,1.0,1.0
2272,216,60,mid,0.9833333333333333,0.9833333333333333
2273,540,141,head,0.950354609929078,0.950354609929078
2274,543,140,head,0.9714285714285714,0.9714285714285714
2275,216,60,mid,0.9666666666666667,0.9666666666666667
2276,541,142,head,0.9577464788732394,0.9577464788732394
2277,538,144,mid,1.0,1.0
2278,216,60,mid,1.0,1.0
2279,539,142,mid,0.971830985915493,0.971830985915493
2280,540,140,head,0.9642857142857143,0.9642857142857143
2281,216,60,mid,1.0,1.0
2282,216,59,mid,0.9661016949152542,0.9661016949152542
2283,216,60,mid,1.0,1.0
2284,535,141,mid,0.9432624113475178,0.9432624113475178
2285,540,142,head,0.9929577464788732,0.9929577464788732
2286,539,142,mid,0.9647887323943662,0.9647887323943662
2287,216,60,mid,1.0,1.0
2288,539,142,mid,0.971830985915493,0.971830985915493
2289,532,139,mid,0.9856115107913669,0.9856115107913669
2290,216,59,mid,0.9661016949152542,0.9661016949152542
2291,216,60,mid,0.9833333333333333,0.9833333333333333
2292,540,144,head,0.9930555555555556,0.9930555555555556
2293,216,60,mid,0.9833333333333333,0.9833333333333333
2294,543,141,head,0.9929078014184397,0.9929078014184397
2295,539,142,mid,0.9859154929577465,0.9859154929577465
2296,541,142,head,0.9647887323943662,0.9647887323943662
2297,537,142,mid,0.9859154929577465,0.9859154929577465
2298,216,60,mid,1.0,1.0
2299,538,142,mid,0.9507042253521126,0.9507042253521126
2300,541,143,head,0.965034965034965,0.965034965034965
2301,216,60,mid,0.9833333333333333,0.9833333333333333
2302,542,142,head,0.9788732394366197,0.9788732394366197
2303,538,144,mid,0.9652777777777778,0.9652777777777778
2304,216,60,mid,0.9833333333333333,0.9833333333333333
2305,537,144,mid,0.9513888888888888,0.9513888888888888
2306,535,142,mid,0.9859154929577465,0.9859154929577465
2307,216,60,mid,1.0,1.0
2308,216,60,mid,1.0,1.0
2309,535,143,mid,0.986013986013986,0.986013986013986
2310,216,60,mid,0.9833333333333333,0.9833333333333333
2311,535,144,mid,0.9930555555555556,0.9930555555555556
2312,538,144,mid,0.9583333333333334,0.9583333333333334
2313,542,143,head,0.972027972027972,0.972027972027972
2314,540,144,head,0.9305555555555556,0.9305555555555556
2315,535,143,mid,0.986013986013986,0.986013986013986
2316,216,60,mid,0.9666666666666667,0.9666666666666667
2317,216,60,mid,0.9833333333333333,0.9833333333333333
2318,538,142,mid,0.9788732394366197,0.9788732394366197
2319,542,142,head,0.9507042253521126,0.9507042253521126
2320,538,142,mid,0.9929577464788732,0.9929577464788732
2321,540,142,head,0.9788732394366197,0.9788732394366197
2322,542,142,head,0.971830985915493,0.971830985915493
2323,539,141,mid,0.950354609929078,0.950354609929078
2324,540,142,head,0.9859154929577465,0.9859154929577465
2325,536,143,mid,0.986013986013986,0.986013986013986
2326,216,60,mid,1.0,1.0
2327,216,60,mid,0.9833333333333333,0.9833333333333333
2328,216,60,mid,1.0,1.0
2329,540,142,head,0.9859154929577465,0.9859154929577465
2330,216,60,mid,1.0,1.0
2331,539,143,mid,0.9790209790209791,0.9790209790209791
2332,539,144,mid,0.9722222222222222,0.9722222222222222
2333,543,142,head,0.9436619718309859,0.9436619718309859
2334,540,144,head,0.9861111111111112,0.9861111111111112
2335,216,60,mid,1.0,1.0
2336,539,143,mid,0.986013986013986,0.986013986013986
2337,216,60,mid,1.0,1.0
2338,216,60,mid,0.9833333333333333,0.9833333333333333
2339,537,142,mid,0.9859154929577465,0.9859154929577465
2340,216,60,mid,1.0,1.0
2341,216,59,mid,1.0,1.0
2342,540,142,head,0.971830985915493,0.971830985915493
2343,534,144,mid,0.9861111111111112,0.9861111111111112
2344,216,60,mid,0.9833333333333333,0.9833333333333333
2345,543,143,head,0.986013986013986,0.986013986013986
2346,539,143,mid,0.958041958041958,0.958041958041958
2347,216,59,mid,1.0,1.0
2348,536,144,mid,0.9930555555555556,0.9930555555555556
2349,214,60,tail,1.0,1.0
2350,538,143,mid,0.9440559440559441,0.9440559440559441
2351,215,59,tail,0.9322033898305084,0.9322033898305084
2352,216,60,mid,0.7166666666666667,0.7166666666666667
2353,539,144,mid,0.9513888888888888,0.9513888888888888
2354,216,60,mid,1.0,1.0
2355,542,141,head,0.8581560283687943,0.8581560283687943
2356,537,142,mid,0.9577464788732394,0.9577464788732394
2357,537,140,mid,0.9285714285714286,0.9285714285714286
2358,541,145,head,0.9379310344827586,0.9379310344827586
2359,541,141,head,0.950354609929078,0.950354609929078
2360,537,143,mid,0.972027972027972,0.972027972027972
2361,216,59,mid,0.9661016949152542,0.9661016949152542
2362,541,142,head,0.9295774647887324,0.9295774647887324
2363,535,144,mid,0.9861111111111112,0.9861111111111112
2364,537,141,mid,0.9219858156028369,0.9219858156028369
2365,214,60,tail,1.0,1.0
2366,540,142,head,0.9577464788732394,0.9577464788732394
2367,539,143,mid,0.965034965034965,0.965034965034965
2368,537,142,mid,0.9647887323943662,0.9647887323943662
2369,544,142,head,0.9366197183098591,0.9366197183098591
2370,537,141,mid,0.8865248226950354,0.8865248226950354
2371,542,140,head,0.9785714285714285,0.9785714285714285
2372,538,144,mid,0.9305555555555556,0.9305555555555556
2373,538,141,mid,0.9645390070921985,0.9645390070921985
2374,215,60,tail,1.0,1.0
2375,540,143,head,0.951048951048951,0.951048951048951
2376,532,143,mid,0.9440559440559441,0.9440559440559441
2377,539,143,mid,0.972027972027972,0.972027972027972
2378,540,144,head,0.9791666666666666,0.9791666666666666
2379,526,135,mid,0.9703703703703703,0.9703703703703703
2380,540,142,head,0.8591549295774648,0.8591549295774648
2381,541,145,head,0.9655172413793104,0.9655172413793104
2382,533,139,mid,0.9928057553956835,0.9928057553956835
2383,216,60,mid,1.0,1.0
2384,542,142,head,0.9788732394366197,0.9788732394366197
2385,216,60,mid,1.0,1.0
2386,540,141,head,0.950354609929078,0.950354609929078
2387,538,143,mid,0.993006993006993,0.993006993006993
2388,216,60,mid,1.0,1.0
2389,540,143,head,0.965034965034965,0.965034965034965
2390,216,60,mid,1.0,1.0
2391,542,145,head,0.993103448275862,0.993103448275862
2392,540,141,head,0.9858156028368794,0.9858156028368794
2393,539,143,mid,0.951048951048951,0.951048951048951
2394,543,142,head,0.9366197183098591,0.9366197183098591
2395,540,140,head,1.0,1.0
2396,540,145,head,0.9793103448275862,0.9793103448275862
2397,216,60,mid,0.9833333333333333,0.9833333333333333
2398,537,141,mid,0.9716312056737588,0.9716312056737588
2399,538,143,mid,0.972027972027972,0.972027972027972
2400,540,144,head,0.9930555555555556,0.9930555555555556
2401,539,141,mid,0.950354609929078,0.950354609929078
2402,213,58,tail,0.9827586206896551,0.9827586206896551
2403,535,144,mid,0.9513888888888888,0.9513888888888888
2404,534,144,mid,0.9722222222222222,0.9722222222222222
2405,211,60,tail,0.9666666666666667,0.9666666666666667
2406,216,60,mid,0.9666666666666667,0.9666666666666667
2407,531,141,mid,0.9290780141843972,0.9290780141843972
2408,215,60,tail,0.9833333333333333,0.9833333333333333
2409,540,144,head,0.9513888888888888,0.9513888888888888
2410,216,60,mid,1.0,1.0
2411,214,60,tail,0.9666666666666667,0.9666666666666667
2412,534,143,mid,0.965034965034965,0.965034965034965
2413,216,60,mid,0.9833333333333333,0.9833333333333333
2414,216,60,mid,1.0,1.0
2415,540,142,head,0.9929577464788732,0.9929577464788732
2416,540,143,head,0.9300699300699301,0.9300699300699301
2417,540,142,head,0.971830985915493,0.971830985915493
2418,538,143,mid,0.7552447552447552,0.7552447552447552
2419,540,142,head,0.9295774647887324,0.9295774647887324
2420,539,143,mid,0.9300699300699301,0.9300699300699301
2421,540,142,head,0.9929577464788732,0.9929577464788732
2422,541,144,head,0.9444444444444444,0.9444444444444444
2423,540,144,head,0.8958333333333334,0.8958333333333334
2424,538,144,mid,0.9861111111111112,0.9861111111111112
2425,216,60,mid,0.9666666666666667,0.9666666666666667
2426,215,60,tail,0.9666666666666667,0.9666666666666667
2427,216,60,mid,0.95,0.95
2428,540,142,head,0.9577464788732394,0.9577464788732394
2429,216,60,mid,0.85,0.85
2430,539,144,mid,0.9166666666666666,0.9166666666666666
2431,539,142,mid,0.9859154929577465,0.9859154929577465
2432,216,59,mid,0.9152542372881356,0.9152542372881356
2433,541,143,head,0.9300699300699301,0.9300699300699301
2434,215,59,tail,1.0,1.0
2435,216,59,mid,0.9661016949152542,0.9661016949152542
2436,542,141,head,0.9148936170212766,0.9148936170212766
2437,216,60,mid,1.0,1.0
2438,539,143,mid,0.958041958041958,0.958041958041958
2439,216,58,mid,0.9310344827586207,0.9310344827586207
2440,216,60,mid,0.9333333333333333,0.9333333333333333
2441,541,143,head,0.9300699300699301,0.9300699300699301
2442,537,144,mid,0.8888888888888888,0.8888888888888888
2443,539,143,mid,0.993006993006993,0.993006993006993
2444,538,141,mid,0.9787234042553191,0.9787234042553191
2445,541,143,head,0.965034965034965,0.965034965034965
2446,216,60,mid,0.9833333333333333,0.9833333333333333
2447,315,82,mid,0.9390243902439024,0.9390243902439024
2448,216,60,mid,0.95,0.95
2449,539,142,mid,0.9436619718309859,0.9436619718309859
2450,543,144,head,0.9652777777777778,0.9652777777777778
2451,543,142,head,0.9507042253521126,0.9507042253521126
2452,535,143,mid,0.916083916083916,0.916083916083916
2453,539,143,mid,0.8951048951048951,0.8951048951048951
2454,538,144,mid,0.9722222222222222,0.9722222222222222
2455,540,144,head,0.9444444444444444,0.9444444444444444
2456,216,60,mid,1.0,1.0
2457,214,60,tail,0.9,0.9
2458,316,83,mid,0.927710843373494,0.927710843373494
2459,216,60,mid,1.0,1.0
2460,540,143,head,0.972027972027972,0.972027972027972
2461,216,59,mid,0.9152542372881356,0.9152542372881356
2462,542,143,head,0.965034965034965,0.965034965034965
2463,216,60,mid,1.0,1.0
2464,538,143,mid,0.965034965034965,0.965034965034965
2465,539,143,mid,0.958041958041958,0.958041958041958
2466,540,143,head,0.8741258741258742,0.8741258741258742
2467,216,60,mid,0.9833333333333333,0.9833333333333333
2468,535,143,mid,0.9440559440559441,0.9440559440559441
2469,540,143,head,0.9790209790209791,0.9790209790209791
2470,215,60,tail,1.0,1.0
2471,542,145,head,0.9793103448275862,0.9793103448275862
2472,216,60,mid,0.9833333333333333,0.9833333333333333
2473,216,60,mid,1.0,1.0
2474,540,142,head,0.9859154929577465,0.9859154929577465
2475,215,60,tail,1.0,1.0
2476,216,59,mid,1.0,1.0
2477,216,60,mid,1.0,1.0
2478,538,142,mid,0.9295774647887324,0.9295774647887324
2479,538,143,mid,0.9370629370629371,0.9370629370629371
2480,543,139,head,0.9928057553956835,0.9928057553956835
2481,539,143,mid,0.972027972027972,0.972027972027972
2482,539,143,mid,0.951048951048951,0.951048951048951
2483,540,141,head,0.9716312056737588,0.9716312056737588
2484,216,60,mid,0.9333333333333333,0.9333333333333333
2485,540,143,head,0.8811188811188811,0.8811188811188811
2486,540,144,head,0.9791666666666666,0.9791666666666666
2487,216,60,mid,0.9666666666666667,0.9666666666666667
2488,540,142,head,0.9788732394366197,0.9788732394366197
2489,537,143,mid,0.958041958041958,0.958041958041958
2490,542,145,head,0.9724137931034482,0.9724137931034482
2491,216,60,mid,0.9666666666666667,0.9666666666666667
2492,212,57,tail,0.9824561403508771,0.9824561403508771
2493,539,141,mid,0.9858156028368794,0.9858156028368794
2494,214,60,tail,0.9,0.9
2495,539,143,mid,0.965034965034965,0.965034965034965
2496,537,142,mid,0.9014084507042254,0.9014084507042254
2497,543,142,head,0.9295774647887324,0.9295774647887324
2498,216,59,mid,0.9661016949152542,0.9661016949152542
2499,216,60,mid,0.8333333333333334,0.8333333333333334
2500,216,59,mid,1.0,1.0
2501,536,143,mid,0.965034965034965,0.965034965034965
2502,540,143,head,0.9790209790209791,0.9790209790209791
2503,216,60,mid,1.0,1.0
2504,216,60,mid,0.9833333333333333,0.9833333333333333
2505,214,60,tail,0.9166666666666666,0.9166666666666666
2506,537,143,mid,0.993006993006993,0.993006993006993
2507,215,60,tail,0.9833333333333333,0.9833333333333333
2508,216,60,mid,1.0,1.0
2509,538,144,mid,1.0,1.0
2510,210,59,tail,1.0,1.0
2511,216,59,mid,1.0,1.0
2512,542,145,head,0.7034482758620689,0.7034482758620689
2513,539,143,mid,0.986013986013986,0.986013986013986
2514,535,142,mid,0.9859154929577465,0.9859154929577465
2515,542,142,head,0.9788732394366197,0.9788732394366197
2516,216,60,mid,0.9666666666666667,0.9666666666666667
2517,541,143,head,0.951048951048951,0.951048951048951
2518,538,142,mid,0.9859154929577465,0.9859154929577465
2519,541,142,head,0.9507042253521126,0.9507042253521126
2520,539,143,mid,0.9790209790209791,0.9790209790209791
2521,538,144,mid,0.9652777777777778,0.9652777777777778
2522,544,144,head,0.9097222222222222,0.9097222222222222
2523,543,143,head,0.986013986013986,0.986013986013986
2524,216,60,mid,0.9333333333333333,0.9333333333333333
2525,536,144,mid,0.9027777777777778,0.9027777777777778
2526,541,142,head,0.971830985915493,0.971830985915493
2527,216,59,mid,0.8983050847457628,0.8983050847457628
2528,537,142,mid,0.9788732394366197,0.9788732394366197
2529,216,61,mid,0.9344262295081968,0.9344262295081968
2530,538,142,mid,0.971830985915493,0.971830985915493
2531,540,143,head,0.993006993006993,0.993006993006993
2532,542,143,head,0.986013986013986,0.986013986013986
2533,539,144,mid,1.0,1.0
2534,315,84,mid,0.9404761904761905,0.9404761904761905
2535,539,144,mid,0.9236111111111112,0.9236111111111112
2536,540,142,head,0.852112676056338,0.852112676056338
2537,533,144,mid,0.8680555555555556,0.8680555555555556
2538,544,143,head,0.9440559440559441,0.9440559440559441
2539,540,144,head,0.9236111111111112,0.9236111111111112
2540,538,142,mid,0.9366197183098591,0.9366197183098591
2541,540,144,head,0.9652777777777778,0.9652777777777778
2542,540,144,head,0.9097222222222222,0.9097222222222222
2543,540,141,head,0.9574468085106383,0.9574468085106383
2544,540,143,head,0.9790209790209791,0.9790209790209791
2545,537,143,mid,0.958041958041958,0.958041958041958
2546,536,145,mid,0.9586206896551724,0.9586206896551724
2547,542,143,head,0.9440559440559441,0.9440559440559441
2548,540,144,head,0.9722222222222222,0.9722222222222222
2549,540,142,head,0.9436619718309859,0.9436619718309859
2550,315,83,mid,0.9879518072289156,0.9879518072289156
2551,536,143,mid,0.9230769230769231,0.9230769230769231
2552,216,59,mid,0.9830508474576272,0.9830508474576272
2553,539,143,mid,0.965034965034965,0.965034965034965
2554,540,144,head,0.9027777777777778,0.9027777777777778
2555,541,142,head,0.9647887323943662,0.9647887323943662
2556,539,141,mid,0.9574468085106383,0.9574468085106383
2557,216,60,mid,0.9333333333333333,0.9333333333333333
2558,538,144,mid,0.9652777777777778,0.9652777777777778
2559,540,142,head,0.9225352112676056,0.9225352112676056
2560,216,60,mid,0.9666666666666667,0.9666666666666667
2561,538,143,mid,0.9020979020979021,0.9020979020979021
2562,540,139,head,0.8848920863309353,0.8848920863309353
2563,540,142,head,0.9577464788732394,0.9577464788732394
2564,539,143,mid,0.8391608391608392,0.8391608391608392
2565,215,60,tail,0.9166666666666666,0.9166666666666666
2566,540,142,head,0.9436619718309859,0.9436619718309859
2567,216,60,mid,0.9666666666666667,0.9666666666666667
2568,216,60,mid,1.0,1.0
2569,537,142,mid,0.9014084507042254,0.9014084507042254
2570,541,142,head,0.9507042253521126,0.9507042253521126
2571,539,142,mid,0.971830985915493,0.971830985915493
2572,216,59,mid,0.9661016949152542,0.9661016949152542
2573,210,58,tail,0.8620689655172413,0.8620689655172413
2574,216,60,mid,0.9333333333333333,0.9333333333333333
2575,216,60,mid,0.9666666666666667,0.9666666666666667
2576,215,59,tail,0.9830508474576272,0.9830508474576272
2577,216,59,mid,0.9152542372881356,0.9152542372881356
2578,539,143,mid,0.9370629370629371,0.9370629370629371
2579,541,142,head,0.8661971830985915,0.8661971830985915
2580,537,141,mid,0.8936170212765957,0.8936170212765957
2581,540,142,head,0.8943661971830986,0.8943661971830986
2582,216,60,mid,0.95,0.95
2583,541,143,head,0.9230769230769231,0.9230769230769231
2584,215,59,tail,0.9322033898305084,0.9322033898305084
2585,539,143,mid,0.9230769230769231,0.9230769230769231
2586,540,144,head,0.9791666666666666,0.9791666666666666
2587,539,143,mid,0.9230769230769231,0.9230769230769231
2588,216,60,mid,1.0,1.0
2589,536,144,mid,0.9027777777777778,0.9027777777777778
2590,540,140,head,0.95,0.95
2591,542,144,head,0.9027777777777778,0.9027777777777778
2592,216,60,mid,0.9666666666666667,0.9666666666666667
2593,539,143,mid,0.916083916083916,0.916083916083916
2594,542,144,head,0.9930555555555556,0.9930555555555556
2595,216,60,mid,0.95,0.95
2596,216,59,mid,1.0,1.0
2597,216,60,mid,1.0,1.0
2598,539,144,mid,0.9722222222222222,0.9722222222222222
2599,540,141,head,0.9858156028368794,0.9858156028368794
2600,216,60,mid,1.0,1.0
2601,535,144,mid,0.9027777777777778,0.9027777777777778
2602,216,60,mid,0.95,0.95
2603,216,60,mid,0.9666666666666667,0.9666666666666667
2604,216,60,mid,0.9833333333333333,0.9833333333333333
2605,536,142,mid,1.0,1.0
2606,538,143,mid,0.986013986013986,0.986013986013986
2607,216,60,mid,0.8666666666666667,0.8666666666666667
2608,216,60,mid,0.9666666666666667,0.9666666666666667
2609,216,60,mid,0.9333333333333333,0.9333333333333333
2610,542,142,head,0.9577464788732394,0.9577464788732394
2611,216,60,mid,0.9333333333333333,0.9333333333333333
2612,540,142,head,0.9366197183098591,0.9366197183098591
2613,538,144,mid,0.9722222222222222,0.9722222222222222
2614,540,142,head,0.971830985915493,0.971830985915493
2615,539,144,mid,0.9513888888888888,0.9513888888888888
2616,538,144,mid,0.9097222222222222,0.9097222222222222
2617,540,144,head,0.9930555555555556,0.9930555555555556
2618,216,60,mid,0.9666666666666667,0.9666666666666667
2619,216,60,mid,0.9833333333333333,0.9833333333333333
2620,216,60,mid,0.9666666666666667,0.9666666666666667
2621,541,142,head,0.9366197183098591,0.9366197183098591
2622,216,60,mid,1.0,1.0
2623,440,119,mid,0.9747899159663865,0.9747899159663865
2624,533,143,mid,0.8811188811188811,0.8811188811188811
2625,215,60,tail,0.9833333333333333,0.9833333333333333
2626,543,143,head,0.9300699300699301,0.9300699300699301
2627,216,60,mid,1.0,1.0
2628,536,142,mid,0.9436619718309859,0.9436619718309859
2629,538,144,mid,0.9305555555555556,0.9305555555555556
2630,216,59,mid,0.8813559322033898,0.8813559322033898
2631,542,144,head,0.8680555555555556,0.8680555555555556
2632,538,143,mid,0.965034965034965,0.965034965034965
2633,539,142,mid,0.9436619718309859,0.9436619718309859
2634,216,59,mid,0.9491525423728814,0.9491525423728814
2635,537,144,mid,0.9583333333333334,0.9583333333333334
2636,216,60,mid,0.9833333333333333,0.9833333333333333
2637,541,144,head,0.9861111111111112,0.9861111111111112
2638,543,140,head,0.9428571428571428,0.9428571428571428
2639,540,145,head,0.9448275862068966,0.9448275862068966
2640,216,60,mid,0.9666666666666667,0.9666666666666667
2641,216,60,mid,0.95,0.95
2642,535,141,mid,0.9078014184397163,0.9078014184397163
2643,216,60,mid,0.9833333333333333,0.9833333333333333
2644,216,59,mid,0.9491525423728814,0.9491525423728814
2645,536,143,mid,0.916083916083916,0.916083916083916
2646,536,143,mid,0.993006993006993,0.993006993006993
2647,216,60,mid,0.9333333333333333,0.9333333333333333
2648,539,142,mid,0.9014084507042254,0.9014084507042254
2649,539,142,mid,0.971830985915493,0.971830985915493
2650,539,142,mid,0.9225352112676056,0.9225352112676056
2651,216,60,mid,0.95,0.95
2652,215,60,tail,0.9166666666666666,0.9166666666666666
2653,539,143,mid,0.8811188811188811,0.8811188811188811
2654,216,59,mid,1.0,1.0
2655,540,142,head,0.9436619718309859,0.9436619718309859
2656,216,60,mid,0.9333333333333333,0.9333333333333333
2657,213,60,tail,0.9833333333333333,0.9833333333333333
2658,527,136,mid,0.9191176470588235,0.9191176470588235
2659,540,143,head,0.965034965034965,0.965034965034965
2660,541,142,head,0.9295774647887324,0.9295774647887324
2661,542,142,head,0.9577464788732394,0.9577464788732394
2662,540,142,head,0.9788732394366197,0.9788732394366197
2663,216,60,mid,1.0,1.0
2664,216,60,mid,1.0,1.0
2665,216,60,mid,0.9833333333333333,0.9833333333333333
2666,540,142,head,0.8802816901408451,0.8802816901408451
2667,536,142,mid,0.9014084507042254,0.9014084507042254
2668,216,60,mid,0.95,0.95
2669,540,142,head,0.9788732394366197,0.9788732394366197
2670,539,142,mid,0.971830985915493,0.971830985915493
2671,540,141,head,0.9645390070921985,0.9645390070921985
2672,216,59,mid,0.9661016949152542,0.9661016949152542
2673,216,60,mid,1.0,1.0
2674,540,143,head,0.951048951048951,0.951048951048951
2675,216,60,mid,0.9833333333333333,0.9833333333333333
2676,540,143,head,0.9300699300699301,0.9300699300699301
2677,536,144,mid,0.9791666666666666,0.9791666666666666
2678,535,142,mid,0.9014084507042254,0.9014084507042254
2679,540,141,head,0.900709219858156,0.900709219858156
2680,216,60,mid,0.9333333333333333,0.9333333333333333
2681,216,59,mid,1.0,1.0
2682,214,60,tail,0.9333333333333333,0.9333333333333333
2683,216,60,mid,1.0,1.0
2684,541,142,head,0.9225352112676056,0.9225352112676056
2685,215,60,tail,0.9666666666666667,0.9666666666666667
2686,540,142,head,0.9436619718309859,0.9436619718309859
2687,315,84,mid,0.9285714285714286,0.9285714285714286
2688,216,60,mid,0.9833333333333333,0.9833333333333333
2689,534,143,mid,0.958041958041958,0.958041958041958
2690,540,143,head,0.9440559440559441,0.9440559440559441
2691,216,60,mid,0.9833333333333333,0.9833333333333333
2692,216,60,mid,1.0,1.0
2693,540,141,head,0.8936170212765957,0.8936170212765957
2694,216,60,mid,0.9666666666666667,0.9666666666666667
2695,532,143,mid,0.965034965034965,0.965034965034965
2696,216,59,mid,0.9661016949152542,0.9661016949152542
2697,763,202,head,0.9653465346534653,0.9653465346534653
2698,541,141,head,0.9645390070921985,0.9645390070921985
2699,216,60,mid,0.9333333333333333,0.9333333333333333
2700,216,60,mid,0.9666666666666667,0.9666666666666667
2701,540,141,head,0.9858156028368794,0.9858156028368794
2702,538,143,mid,0.9370629370629371,0.9370629370629371
2703,537,144,mid,0.9722222222222222,0.9722222222222222
2704,540,142,head,0.9295774647887324,0.9295774647887324
2705,540,143,head,0.993006993006993,0.993006993006993
2706,537,142,mid,0.9507042253521126,0.9507042253521126
2707,536,141,mid,0.9716312056737588,0.9716312056737588
2708,539,143,mid,0.9790209790209791,0.9790209790209791
2709,539,144,mid,0.9791666666666666,0.9791666666666666
2710,216,60,mid,1.0,1.0
2711,215,60,tail,0.9666666666666667,0.9666666666666667
2712,216,59,mid,0.9661016949152542,0.9661016949152542
2713,536,143,mid,0.8881118881118881,0.8881118881118881
2714,215,59,tail,0.9322033898305084,0.9322033898305084
2715,216,60,mid,1.0,1.0
2716,535,143,mid,0.951048951048951,0.951048951048951
2717,538,144,mid,0.9722222222222222,0.9722222222222222
2718,539,141,mid,0.9716312056737588,0.9716312056737588
2719,540,142,head,0.9366197183098591,0.9366197183098591
2720,540,144,head,0.9375,0.9375
2721,539,142,mid,1.0,1.0
2722,539,144,mid,0.9861111111111112,0.9861111111111112
2723,534,142,mid,0.9507042253521126,0.9507042253521126
2724,215,60,tail,1.0,1.0
2725,216,60,mid,0.9833333333333333,0.9833333333333333
2726,216,60,mid,1.0,1.0
2727,539,144,mid,0.9930555555555556,0.9930555555555556
2728,216,60,mid,0.9666666666666667,0.9666666666666667
2729,538,143,mid,0.9440559440559441,0.9440559440559441
2730,539,143,mid,0.9440559440559441,0.9440559440559441
2731,216,59,mid,1.0,1.0
2732,541,140,head,0.9428571428571428,0.9428571428571428
2733,216,60,mid,0.95,0.95
2734,216,60,mid,1.0,1.0
2735,216,60,mid,0.9666666666666667,0.9666666666666667
2736,541,143,head,0.9440559440559441,0.9440559440559441
2737,216,60,mid,0.8333333333333334,0.8333333333333334
2738,538,145,mid,0.9310344827586207,0.9310344827586207
2739,540,143,head,0.9230769230769231,0.9230769230769231
2740,216,60,mid,0.9833333333333333,0.9833333333333333
2741,216,60,mid,0.9333333333333333,0.9333333333333333
2742,539,143,mid,0.986013986013986,0.986013986013986
2743,216,60,mid,1.0,1.0
2744,216,60,mid,0.9833333333333333,0.9833333333333333
2745,216,60,mid,1.0,1.0
2746,537,142,mid,0.971830985915493,0.971830985915493
2747,540,144,head,0.9166666666666666,0.9166666666666666
2748,216,60,mid,0.9833333333333333,0.9833333333333333
2749,216,60,mid,0.9833333333333333,0.9833333333333333
2750,540,141,head,0.9078014184397163,0.9078014184397163
2751,541,142,head,0.9859154929577465,0.9859154929577465
2752,216,60,mid,0.9666666666666667,0.9666666666666667
2753,539,144,mid,0.9513888888888888,0.9513888888888888
2754,216,60,mid,0.9833333333333333,0.9833333333333333
2755,542,143,head,0.972027972027972,0.972027972027972
2756,216,60,mid,1.0,1.0
2757,538,142,mid,0.9436619718309859,0.9436619718309859
2758,216,60,mid,0.9833333333333333,0.9833333333333333
2759,317,84,mid,0.9523809523809523,0.9523809523809523
2760,216,60,mid,0.9666666666666667,0.9666666666666667
2761,216,60,mid,0.9666666666666667,0.9666666666666667
2762,216,60,mid,1.0,1.0
2763,216,60,mid,1.0,1.0
2764,216,60,mid,0.9666666666666667,0.9666666666666667
2765,540,144,head,0.9444444444444444,0.9444444444444444
2766,216,59,mid,0.9661016949152542,0.9661016949152542
2767,215,60,tail,1.0,1.0
2768,535,143,mid,0.951048951048951,0.951048951048951
2769,216,60,mid,0.9666666666666667,0.9666666666666667
2770,544,141,head,0.9929078014184397,0.9929078014184397
2771,317,84,mid,0.9404761904761905,0.9404761904761905
2772,541,144,head,0.9583333333333334,0.9583333333333334
2773,216,60,mid,0.95,0.95
2774,216,60,mid,0.9666666666666667,0.9666666666666667
2775,214,60,tail,0.9666666666666667,0.9666666666666667
2776,216,60,mid,0.9833333333333333,0.9833333333333333
2777,538,143,mid,0.993006993006993,0.993006993006993
2778,316,83,mid,0.9397590361445783,0.9397590361445783
2779,216,60,mid,1.0,1.0
2780,317,83,mid,0.6626506024096386,0.6626506024096386
2781,542,138,head,0.9492753623188406,0.9492753623188406
2782,216,60,mid,1.0,1.0
2783,535,144,mid,0.9791666666666666,0.9791666666666666
2784,207,56,tail,0.9464285714285714,0.9464285714285714
2785,216,60,mid,1.0,1.0
2786,216,60,mid,1.0,1.0
2787,537,143,mid,0.986013986013986,0.986013986013986
2788,538,144,mid,0.9583333333333334,0.9583333333333334
2789,216,60,mid,1.0,1.0
2790,216,60,mid,0.95,0.95
2791,216,60,mid,0.95,0.95
2792,216,60,mid,1.0,1.0
2793,216,60,mid,0.9833333333333333,0.9833333333333333
2794,538,143,mid,0.986013986013986,0.986013986013986
2795,216,60,mid,1.0,1.0
2796,215,60,tail,0.9833333333333333,0.9833333333333333
2797,536,141,mid,0.9787234042553191,0.9787234042553191
2798,216,60,mid,1.0,1.0
2799,216,59,mid,0.9830508474576272,0.9830508474576272
2800,215,60,tail,0.9666666666666667,0.9666666666666667
2801,216,60,mid,1.0,1.0
2802,215,60,tail,0.9833333333333333,0.9833333333333333
2803,538,142,mid,0.9366197183098591,0.9366197183098591
2804,216,60,mid,1.0,1.0
2805,540,141,head,0.9929078014184397,0.9929078014184397
2806,216,60,mid,0.9833333333333333,0.9833333333333333
2807,216,60,mid,1.0,1.0
2808,540,145,head,0.9793103448275862,0.9793103448275862
2809,537,144,mid,0.9513888888888888,0.9513888888888888
2810,216,60,mid,0.9666666666666667,0.9666666666666667
2811,536,140,mid,0.9571428571428572,0.9571428571428572
2812,216,60,mid,0.9833333333333333,0.9833333333333333
2813,544,143,head,0.965034965034965,0.965034965034965
2814,213,59,tail,0.9322033898305084,0.9322033898305084
2815,216,60,mid,0.9833333333333333,0.9833333333333333
2816,215,59,tail,0.9661016949152542,0.9661016949152542
2817,316,84,mid,0.9166666666666666,0.9166666666666666
2818,535,144,mid,0.9513888888888888,0.9513888888888888
2819,216,59,mid,0.9830508474576272,0.9830508474576272
2820,317,84,mid,0.9642857142857143,0.9642857142857143
2821,542,141,head,0.9858156028368794,0.9858156028368794
2822,216,59,mid,0.9661016949152542,0.9661016949152542
2823,538,144,mid,0.9583333333333334,0.9583333333333334
2824,216,60,mid,1.0,1.0
2825,215,60,tail,0.9333333333333333,0.9333333333333333
2826,541,142,head,0.9929577464788732,0.9929577464788732
2827,216,60,mid,0.9666666666666667,0.9666666666666667
2828,214,59,tail,0.9830508474576272,0.9830508474576272
2829,537,142,mid,0.9507042253521126,0.9507042253521126
2830,540,142,head,1.0,1.0
2831,216,60,mid,0.9666666666666667,0.9666666666666667
2832,316,84,mid,0.9642857142857143,0.9642857142857143
2833,216,59,mid,0.9322033898305084,0.9322033898305084
2834,215,60,tail,0.9666666666666667,0.9666666666666667
2835,216,59,mid,0.9830508474576272,0.9830508474576272
2836,313,83,mid,0.9156626506024096,0.9156626506024096
2837,216,60,mid,0.9166666666666666,0.9166666666666666
2838,538,144,mid,0.9861111111111112,0.9861111111111112
2839,213,59,tail,1.0,1.0
2840,540,144,head,0.9305555555555556,0.9305555555555556
2841,544,141,head,0.9858156028368794,0.9858156028368794
2842,539,142,mid,0.9788732394366197,0.9788732394366197
2843,536,140,mid,0.9642857142857143,0.9642857142857143
2844,215,59,tail,0.9661016949152542,0.9661016949152542
2845,539,144,mid,0.9791666666666666,0.9791666666666666
2846,541,142,head,0.9577464788732394,0.9577464788732394
2847,216,60,mid,1.0,1.0
2848,216,60,mid,0.9833333333333333,0.9833333333333333
2849,216,60,mid,0.9833333333333333,0.9833333333333333
2850,537,144,mid,1.0,1.0
2851,540,144,head,0.9444444444444444,0.9444444444444444
2852,215,60,tail,1.0,1.0
2853,216,60,mid,0.9666666666666667,0.9666666666666667
2854,539,144,mid,0.9861111111111112,0.9861111111111112
2855,533,144,mid,0.9930555555555556,0.9930555555555556
2856,539,142,mid,0.971830985915493,0.971830985915493
2857,216,60,mid,1.0,1.0
2858,540,142,head,0.9647887323943662,0.9647887323943662
2859,541,146,head,0.9452054794520548,0.9452054794520548
2860,542,141,head,0.9574468085106383,0.9574468085106383
2861,542,141,head,0.950354609929078,0.950354609929078
2862,540,142,head,0.971830985915493,0.971830985915493
2863,539,143,mid,0.965034965034965,0.965034965034965
2864,537,142,mid,0.9859154929577465,0.9859154929577465
2865,540,141,head,0.950354609929078,0.950354609929078
2866,536,143,mid,0.986013986013986,0.986013986013986
2867,538,141,mid,0.9716312056737588,0.9716312056737588
2868,212,60,tail,0.9666666666666667,0.9666666666666667
2869,216,60,mid,0.9833333333333333,0.9833333333333333
2870,540,144,head,1.0,1.0
2871,214,60,tail,0.95,0.95
2872,539,142,mid,0.9929577464788732,0.9929577464788732
2873,216,58,mid,1.0,1.0
2874,538,143,mid,0.986013986013986,0.986013986013986
2875,537,144,mid,0.9722222222222222,0.9722222222222222
2876,542,140,head,0.9857142857142858,0.9857142857142858
2877,216,60,mid,1.0,1.0
2878,216,60,mid,1.0,1.0
2879,216,60,mid,0.9666666666666667,0.9666666666666667
2880,541,145,head,0.993103448275862,0.993103448275862
2881,215,60,tail,1.0,1.0
2882,216,60,mid,1.0,1.0
2883,216,60,mid,1.0,1.0
2884,216,60,mid,1.0,1.0
2885,214,60,tail,1.0,1.0
2886,216,60,mid,0.9833333333333333,0.9833333333333333
2887,536,142,mid,0.9788732394366197,0.9788732394366197
2888,540,142,head,0.9507042253521126,0.9507042253521126
2889,541,142,head,1.0,1.0
2890,540,141,head,0.9929078014184397,0.9929078014184397
2891,537,142,mid,0.9929577464788732,0.9929577464788732
2892,216,60,mid,0.9833333333333333,0.9833333333333333
2893,541,143,head,0.986013986013986,0.986013986013986
2894,539,141,mid,0.9290780141843972,0.9290780141843972
2895,537,143,mid,0.958041958041958,0.958041958041958
2896,535,144,mid,0.9513888888888888,0.9513888888888888
2897,216,59,mid,0.9322033898305084,0.9322033898305084
2898,540,142,head,0.9859154929577465,0.9859154929577465
2899,216,60,mid,0.9833333333333333,0.9833333333333333
2900,544,143,head,0.9230769230769231,0.9230769230769231
2901,543,142,head,0.9859154929577465,0.9859154929577465
2902,542,140,head,0.9714285714285714,0.9714285714285714
2903,535,144,mid,0.9652777777777778,0.9652777777777778
2904,542,143,head,0.993006993006993,0.993006993006993
2905,539,144,mid,0.9861111111111112,0.9861111111111112
2906,541,142,head,0.9859154929577465,0.9859154929577465
2907,216,60,mid,1.0,1.0
2908,531,135,mid,0.9037037037037037,0.9037037037037037
2909,537,143,mid,0.9790209790209791,0.9790209790209791
2910,216,60,mid,1.0,1.0
2911,216,60,mid,1.0,1.0
2912,216,60,mid,1.0,1.0
2913,215,60,tail,0.9833333333333333,0.9833333333333333
2914,216,60,mid,1.0,1.0
2915,216,60,mid,1.0,1.0
2916,216,60,mid,1.0,1.0
2917,216,60,mid,1.0,1.0
2918,539,144,mid,0.9027777777777778,0.9027777777777778
2919,216,60,mid,0.95,0.95
2920,539,142,mid,0.971830985915493,0.971830985915493
2921,537,143,mid,0.916083916083916,0.916083916083916
2922,540,144,head,0.9583333333333334,0.9583333333333334
2923,216,60,mid,1.0,1.0
2924,538,143,mid,0.958041958041958,0.958041958041958
2925,216,60,mid,0.9833333333333333,0.9833333333333333
2926,217,61,mid,0.9836065573770492,0.9836065573770492
2927,214,59,tail,0.9491525423728814,0.9491525423728814
2928,541,142,head,0.9647887323943662,0.9647887323943662
2929,540,140,head,0.9857142857142858,0.9857142857142858
2930,214,59,tail,0.9830508474576272,0.9830508474576272
2931,540,144,head,0.9583333333333334,0.9583333333333334
2932,216,59,mid,1.0,1.0
2933,540,140,head,0.9714285714285714,0.9714285714285714
2934,541,142,head,0.9859154929577465,0.9859154929577465
2935,540,142,head,0.9647887323943662,0.9647887323943662
2936,214,60,tail,0.9666666666666667,0.9666666666666667
2937,215,59,tail,0.9830508474576272,0.9830508474576272
2938,540,141,head,0.9432624113475178,0.9432624113475178
2939,536,142,mid,0.971830985915493,0.971830985915493
2940,537,144,mid,0.9722222222222222,0.9722222222222222
2941,215,59,tail,1.0,1.0
2942,538,143,mid,0.965034965034965,0.965034965034965
2943,216,60,mid,0.95,0.95
2944,542,142,head,0.9577464788732394,0.9577464788732394
2945,216,59,mid,0.8305084745762712,0.8305084745762712
2946,540,142,head,0.7605633802816901,0.7605633802816901
2947,540,144,head,0.875,0.875
2948,540,144,head,0.9930555555555556,0.9930555555555556
2949,211,59,tail,0.576271186440678,0.576271186440678
2950,539,142,mid,0.8943661971830986,0.8943661971830986
2951,213,59,tail,0.9322033898305084,0.9322033898305084
2952,540,140,head,0.9785714285714285,0.9785714285714285
2953,216,60,mid,0.9833333333333333,0.9833333333333333
2954,539,144,mid,0.9444444444444444,0.9444444444444444
2955,215,60,tail,0.85,0.85
2956,537,144,mid,0.8541666666666666,0.8541666666666666
2957,539,140,mid,0.8357142857142857,0.8357142857142857
2958,537,143,mid,0.8741258741258742,0.8741258741258742
2959,216,60,mid,0.9833333333333333,0.9833333333333333
2960,538,144,mid,0.9375,0.9375
2961,542,142,head,0.9788732394366197,0.9788732394366197
2962,537,143,mid,0.8251748251748252,0.8251748251748252
2963,541,143,head,1.0,1.0
2964,539,143,mid,0.9300699300699301,0.9300699300699301
2965,537,142,mid,0.9507042253521126,0.9507042253521126
2966,216,59,mid,0.7288135593220338,0.7288135593220338
2967,214,59,tail,0.7457627118644068,0.7457627118644068
2968,538,143,mid,0.916083916083916,0.916083916083916
2969,216,60,mid,0.9666666666666667,0.9666666666666667
2970,538,141,mid,0.9858156028368794,0.9858156028368794
2971,538,141,mid,0.9078014184397163,0.9078014184397163
2972,213,59,tail,0.9830508474576272,0.9830508474576272
2973,215,60,tail,0.95,0.95
2974,538,143,mid,0.986013986013986,0.986013986013986
2975,539,144,mid,0.8958333333333334,0.8958333333333334
2976,541,142,head,0.9647887323943662,0.9647887323943662
2977,520,141,mid,0.8794326241134752,0.8794326241134752
2978,540,144,head,0.9722222222222222,0.9722222222222222
2979,539,144,mid,0.9513888888888888,0.9513888888888888
2980,216,60,mid,0.9333333333333333,0.9333333333333333
2981,216,60,mid,0.9333333333333333,0.9333333333333333
2982,216,60,mid,0.9166666666666666,0.9166666666666666
2983,532,138,mid,0.9420289855072463,0.9420289855072463
2984,542,140,head,0.9357142857142857,0.9357142857142857
2985,216,60,mid,1.0,1.0
2986,540,144,head,1.0,1.0
2987,316,83,mid,0.7951807228915663,0.7951807228915663
2988,216,60,mid,0.9833333333333333,0.9833333333333333
2989,215,59,tail,1.0,1.0
2990,216,60,mid,0.9166666666666666,0.9166666666666666
2991,540,144,head,0.9583333333333334,0.9583333333333334
2992,216,60,mid,0.9333333333333333,0.9333333333333333
2993,533,144,mid,0.9444444444444444,0.9444444444444444
2994,540,140,head,0.9428571428571428,0.9428571428571428
2995,537,144,mid,0.8263888888888888,0.8263888888888888
2996,215,60,tail,0.9333333333333333,0.9333333333333333
2997,538,142,mid,0.8450704225352113,0.8450704225352113
2998,539,142,mid,0.9788732394366197,0.9788732394366197
2999,536,143,mid,0.8321678321678322,0.8321678321678322
3000,541,141,head,0.9290780141843972,0.9290780141843972
3001,216,60,mid,0.9333333333333333,0.9333333333333333
3002,212,58,tail,1.0,1.0
3003,541,143,head,0.916083916083916,0.916083916083916
3004,537,144,mid,0.9305555555555556,0.9305555555555556
3005,216,60,mid,0.95,0.95
3006,538,143,mid,0.8111888111888111,0.8111888111888111
3007,216,60,mid,0.9333333333333333,0.9333333333333333
3008,216,60,mid,1.0,1.0
3009,540,141,head,0.7304964539007093,0.7304964539007093
3010,539,142,mid,0.9577464788732394,0.9577464788732394
3011,541,143,head,0.9790209790209791,0.9790209790209791
3012,539,143,mid,0.7482517482517482,0.7482517482517482
3013,541,144,head,0.9027777777777778,0.9027777777777778
3014,541,142,head,0.8591549295774648,0.8591549295774648
3015,542,145,head,0.8827586206896552,0.8827586206896552
3016,540,142,head,0.8802816901408451,0.8802816901408451
3017,216,60,mid,0.9333333333333333,0.9333333333333333
3018,540,141,head,0.950354609929078,0.950354609929078
3019,538,143,mid,0.9440559440559441,0.9440559440559441
3020,539,143,mid,0.986013986013986,0.986013986013986
3021,540,142,head,0.9295774647887324,0.9295774647887324
3022,538,142,mid,0.9295774647887324,0.9295774647887324
3023,216,60,mid,1.0,1.0
3024,213,59,tail,0.9661016949152542,0.9661016949152542
3025,216,60,mid,0.9666666666666667,0.9666666666666667
3026,540,141,head,0.950354609929078,0.950354609929078
3027,216,60,mid,1.0,1.0
3028,215,60,tail,0.95,0.95
3029,215,60,tail,0.9666666666666667,0.9666666666666667
3030,540,141,head,0.9148936170212766,0.9148936170212766
3031,216,60,mid,0.95,0.95
3032,537,143,mid,0.965034965034965,0.965034965034965
3033,215,60,tail,0.9166666666666666,0.9166666666666666
3034,538,143,mid,0.9020979020979021,0.9020979020979021
3035,542,143,head,0.8951048951048951,0.8951048951048951
3036,538,143,mid,0.9370629370629371,0.9370629370629371
3037,536,144,mid,0.9375,0.9375
3038,540,143,head,0.9230769230769231,0.9230769230769231
3039,538,142,mid,0.7535211267605634,0.7535211267605634
3040,214,58,tail,0.896551724137931,0.896551724137931
3041,215,60,tail,0.8833333333333333,0.8833333333333333
3042,216,60,mid,0.9333333333333333,0.9333333333333333
3043,536,142,mid,0.9859154929577465,0.9859154929577465
3044,216,60,mid,0.9833333333333333,0.9833333333333333
3045,541,140,head,0.9642857142857143,0.9642857142857143
3046,541,143,head,0.972027972027972,0.972027972027972
3047,216,60,mid,1.0,1.0
3048,215,60,tail,1.0,1.0
3049,216,59,mid,0.9491525423728814,0.9491525423728814
3050,215,59,tail,0.9491525423728814,0.9491525423728814
3051,535,142,mid,0.9154929577464789,0.9154929577464789
3052,537,144,mid,0.9583333333333334,0.9583333333333334
3053,540,143,head,0.8461538461538461,0.8461538461538461
3054,215,60,tail,1.0,1.0
3055,540,142,head,0.7816901408450704,0.7816901408450704
3056,216,60,mid,0.9333333333333333,0.9333333333333333
3057,216,60,mid,0.9833333333333333,0.9833333333333333
3058,541,144,head,0.8680555555555556,0.8680555555555556
3059,215,60,tail,0.9,0.9
3060,216,60,mid,0.9666666666666667,0.9666666666666667
3061,216,60,mid,1.0,1.0
3062,536,143,mid,0.8811188811188811,0.8811188811188811
3063,541,144,head,0.7222222222222222,0.7222222222222222
3064,216,60,mid,0.8666666666666667,0.8666666666666667
3065,215,60,tail,0.9,0.9
3066,538,143,mid,0.9090909090909091,0.9090909090909091
3067,537,142,mid,0.9225352112676056,0.9225352112676056
3068,214,60,tail,0.8166666666666667,0.8166666666666667
3069,536,144,mid,0.9722222222222222,0.9722222222222222
3070,215,60,tail,1.0,1.0
3071,216,59,mid,0.9152542372881356,0.9152542372881356
3072,541,142,head,0.9577464788732394,0.9577464788732394
3073,216,60,mid,1.0,1.0
3074,216,60,mid,0.9666666666666667,0.9666666666666667
3075,540,142,head,0.971830985915493,0.971830985915493
3076,540,142,head,0.971830985915493,0.971830985915493
3077,216,60,mid,1.0,1.0
3078,216,60,mid,1.0,1.0
3079,216,60,mid,0.8166666666666667,0.8166666666666667
3080,216,60,mid,0.9833333333333333,0.9833333333333333
3081,216,60,mid,0.9166666666666666,0.9166666666666666
3082,538,143,mid,0.7972027972027972,0.7972027972027972
3083,538,143,mid,0.8461538461538461,0.8461538461538461
3084,535,144,mid,0.8819444444444444,0.8819444444444444
3085,534,142,mid,0.9507042253521126,0.9507042253521126
3086,539,143,mid,0.965034965034965,0.965034965034965
3087,216,60,mid,0.9666666666666667,0.9666666666666667
3088,537,144,mid,0.9513888888888888,0.9513888888888888
3089,537,142,mid,0.9647887323943662,0.9647887323943662
3090,539,142,mid,0.9507042253521126,0.9507042253521126
3091,216,60,mid,0.95,0.95
3092,216,60,mid,0.9666666666666667,0.9666666666666667
3093,540,144,head,0.9722222222222222,0.9722222222222222
3094,542,142,head,0.9647887323943662,0.9647887323943662
3095,216,60,mid,0.95,0.95
3096,541,143,head,0.958041958041958,0.958041958041958
3097,215,60,tail,0.9833333333333333,0.9833333333333333
3098,215,60,tail,0.9666666666666667,0.9666666666666667
3099,539,142,mid,0.8450704225352113,0.8450704225352113
3100,216,60,mid,0.9833333333333333,0.9833333333333333
3101,540,143,head,0.958041958041958,0.958041958041958
3102,214,60,tail,0.9833333333333333,0.9833333333333333
3103,216,60,mid,1.0,1.0
3104,527,145,mid,0.8620689655172413,0.8620689655172413
3105,537,143,mid,0.9440559440559441,0.9440559440559441
3106,216,60,mid,1.0,1.0
3107,216,61,mid,0.9508196721311475,0.9508196721311475
3108,216,60,mid,0.9333333333333333,0.9333333333333333
3109,216,60,mid,0.9833333333333333,0.9833333333333333
3110,216,61,mid,0.9344262295081968,0.9344262295081968
3111,216,59,mid,1.0,1.0
3112,540,143,head,0.986013986013986,0.986013986013986
3113,539,143,mid,0.8321678321678322,0.8321678321678322
3114,535,143,mid,0.951048951048951,0.951048951048951
3115,539,142,mid,0.9295774647887324,0.9295774647887324
3116,216,60,mid,0.85,0.85
3117,543,143,head,0.951048951048951,0.951048951048951
3118,541,142,head,0.8802816901408451,0.8802816901408451
3119,540,144,head,0.9652777777777778,0.9652777777777778
3120,216,61,mid,0.9672131147540983,0.9672131147540983
3121,538,142,mid,0.9014084507042254,0.9014084507042254
3122,539,144,mid,0.9583333333333334,0.9583333333333334
3123,540,143,head,0.7692307692307693,0.7692307692307693
3124,539,143,mid,0.9440559440559441,0.9440559440559441
3125,542,141,head,0.8865248226950354,0.8865248226950354
3126,534,141,mid,0.8652482269503546,0.8652482269503546
3127,216,60,mid,0.9,0.9
3128,216,60,mid,0.9666666666666667,0.9666666666666667
3129,209,59,tail,0.9661016949152542,0.9661016949152542
3130,536,143,mid,0.9790209790209791,0.9790209790209791
3131,215,60,tail,0.9166666666666666,0.9166666666666666
3132,538,143,mid,0.951048951048951,0.951048951048951
3133,537,141,mid,0.9787234042553191,0.9787234042553191
3134,215,60,tail,0.9333333333333333,0.9333333333333333
3135,539,142,mid,0.9647887323943662,0.9647887323943662
3136,216,61,mid,0.9672131147540983,0.9672131147540983
3137,538,141,mid,0.9716312056737588,0.9716312056737588
3138,216,60,mid,0.95,0.95
3139,538,142,mid,0.9436619718309859,0.9436619718309859
3140,541,142,head,0.9577464788732394,0.9577464788732394
3141,540,144,head,0.9513888888888888,0.9513888888888888
3142,536,142,mid,0.9295774647887324,0.9295774647887324
3143,540,145,head,0.9862068965517241,0.9862068965517241
3144,533,141,mid,0.9787234042553191,0.9787234042553191
3145,537,141,mid,0.9219858156028369,0.9219858156028369
3146,216,59,mid,0.9661016949152542,0.9661016949152542
3147,316,83,mid,1.0,1.0
3148,537,143,mid,0.986013986013986,0.986013986013986
3149,540,143,head,0.986013986013986,0.986013986013986
3150,540,142,head,0.9366197183098591,0.9366197183098591
3151,540,141,head,0.9078014184397163,0.9078014184397163
3152,215,59,tail,0.9661016949152542,0.9661016949152542
3153,541,141,head,0.900709219858156,0.900709219858156
3154,540,143,head,0.965034965034965,0.965034965034965
3155,217,60,mid,0.8833333333333333,0.8833333333333333
3156,526,139,mid,0.9064748201438849,0.9064748201438849
3157,216,61,mid,0.9836065573770492,0.9836065573770492
3158,539,143,mid,0.9790209790209791,0.9790209790209791
3159,537,143,mid,0.9090909090909091,0.9090909090909091
3160,216,60,mid,0.95,0.95
3161,535,140,mid,0.9357142857142857,0.9357142857142857
3162,534,143,mid,0.972027972027972,0.972027972027972
3163,537,141,mid,0.9574468085106383,0.9574468085106383
3164,216,60,mid,0.9333333333333333,0.9333333333333333
3165,216,60,mid,1.0,1.0
3166,216,60,mid,0.9833333333333333,0.9833333333333333
3167,216,60,mid,1.0,1.0
3168,540,142,head,0.9014084507042254,0.9014084507042254
3169,538,143,mid,0.9790209790209791,0.9790209790209791
3170,216,59,mid,1.0,1.0
3171,525,140,mid,0.9,0.9
3172,540,141,head,0.900709219858156,0.900709219858156
3173,539,142,mid,0.8802816901408451,0.8802816901408451
3174,540,144,head,0.8680555555555556,0.8680555555555556
3175,542,142,head,0.852112676056338,0.852112676056338
3176,539,142,mid,0.9647887323943662,0.9647887323943662
3177,538,143,mid,0.993006993006993,0.993006993006993
3178,536,142,mid,1.0,1.0
3179,216,60,mid,0.9833333333333333,0.9833333333333333
3180,540,144,head,0.8194444444444444,0.8194444444444444
3181,542,145,head,0.993103448275862,0.993103448275862
3182,216,59,mid,0.9830508474576272,0.9830508474576272
3183,539,143,mid,0.9370629370629371,0.9370629370629371
3184,216,60,mid,0.8666666666666667,0.8666666666666667
3185,539,142,mid,0.9788732394366197,0.9788732394366197
3186,216,60,mid,1.0,1.0
3187,543,143,head,0.9440559440559441,0.9440559440559441
3188,216,60,mid,0.9666666666666667,0.9666666666666667
3189,537,144,mid,0.9513888888888888,0.9513888888888888
3190,214,62,tail,0.8387096774193549,0.8387096774193549
3191,542,144,head,0.8888888888888888,0.8888888888888888
3192,539,143,mid,0.9790209790209791,0.9790209790209791
3193,539,141,mid,0.9645390070921985,0.9645390070921985
3194,540,144,head,0.9861111111111112,0.9861111111111112
3195,540,143,head,0.986013986013986,0.986013986013986
3196,216,60,mid,0.9833333333333333,0.9833333333333333
3197,541,144,head,0.9652777777777778,0.9652777777777778
3198,216,59,mid,0.9491525423728814,0.9491525423728814
3199,539,143,mid,0.8181818181818182,0.8181818181818182
3200,540,141,head,0.9858156028368794,0.9858156028368794
3201,217,60,mid,0.9833333333333333,0.9833333333333333
3202,537,144,mid,0.8888888888888888,0.8888888888888888
3203,542,143,head,0.993006993006993,0.993006993006993
3204,537,144,mid,0.9583333333333334,0.9583333333333334
3205,536,144,mid,0.9861111111111112,0.9861111111111112
3206,216,59,mid,1.0,1.0
3207,216,60,mid,0.9833333333333333,0.9833333333333333
3208,536,143,mid,0.958041958041958,0.958041958041958
3209,215,59,tail,0.9830508474576272,0.9830508474576272
3210,216,59,mid,0.9661016949152542,0.9661016949152542
3211,216,60,mid,0.9666666666666667,0.9666666666666667
3212,540,141,head,0.9716312056737588,0.9716312056737588
3213,540,144,head,0.9722222222222222,0.9722222222222222
3214,539,143,mid,0.9020979020979021,0.9020979020979021
3215,216,60,mid,0.9166666666666666,0.9166666666666666
3216,216,60,mid,0.9333333333333333,0.9333333333333333
3217,216,60,mid,0.9833333333333333,0.9833333333333333
3218,214,60,tail,0.9,0.9
3219,216,60,mid,0.9666666666666667,0.9666666666666667
3220,216,60,mid,0.9833333333333333,0.9833333333333333
3221,216,59,mid,0.9661016949152542,0.9661016949152542
3222,540,144,head,0.9722222222222222,0.9722222222222222
3223,539,142,mid,0.9577464788732394,0.9577464788732394
3224,539,143,mid,0.951048951048951,0.951048951048951
3225,536,140,mid,0.9857142857142858,0.9857142857142858
3226,216,60,mid,0.9666666666666667,0.9666666666666667
3227,216,60,mid,0.9666666666666667,0.9666666666666667
3228,538,142,mid,0.9859154929577465,0.9859154929577465
3229,216,60,mid,1.0,1.0
3230,542,145,head,0.9655172413793104,0.9655172413793104
3231,216,60,mid,1.0,1.0
3232,538,143,mid,0.972027972027972,0.972027972027972
3233,216,60,mid,0.9833333333333333,0.9833333333333333
3234,216,59,mid,1.0,1.0
3235,542,144,head,0.8888888888888888,0.8888888888888888
3236,216,60,mid,1.0,1.0
3237,216,60,mid,0.9833333333333333,0.9833333333333333
3238,216,60,mid,0.9833333333333333,0.9833333333333333
3239,537,142,mid,0.9577464788732394,0.9577464788732394
3240,524,141,mid,0.9716312056737588,0.9716312056737588
3241,216,59,mid,0.9830508474576272,0.9830508474576272
3242,216,58,mid,0.9827586206896551,0.9827586206896551
3243,216,60,mid,0.9166666666666666,0.9166666666666666
3244,539,142,mid,0.9436619718309859,0.9436619718309859
3245,216,60,mid,0.9833333333333333,0.9833333333333333
3246,538,143,mid,0.972027972027972,0.972027972027972
3247,216,60,mid,1.0,1.0
3248,216,60,mid,0.9833333333333333,0.9833333333333333
3249,543,141,head,0.9929078014184397,0.9929078014184397
3250,216,60,mid,0.95,0.95
3251,216,60,mid,0.9833333333333333,0.9833333333333333
3252,540,142,head,0.9929577464788732,0.9929577464788732
3253,539,144,mid,0.9583333333333334,0.9583333333333334
3254,216,60,mid,0.9666666666666667,0.9666666666666667
3255,213,59,tail,0.9830508474576272,0.9830508474576272
3256,541,141,head,0.9574468085106383,0.9574468085106383
3257,531,141,mid,0.9574468085106383,0.9574468085106383
3258,538,142,mid,0.9436619718309859,0.9436619718309859
3259,216,59,mid,0.9830508474576272,0.9830508474576272
3260,216,59,mid,1.0,1.0
3261,216,60,mid,1.0,1.0
3262,539,141,mid,0.9787234042553191,0.9787234042553191
3263,540,142,head,0.9577464788732394,0.9577464788732394
3264,215,59,tail,1.0,1.0
3265,216,59,mid,1.0,1.0
3266,537,143,mid,0.951048951048951,0.951048951048951
3267,216,60,mid,0.9666666666666667,0.9666666666666667
3268,537,142,mid,0.971830985915493,0.971830985915493
3269,538,143,mid,0.9790209790209791,0.9790209790209791
3270,535,142,mid,0.9507042253521126,0.9507042253521126
3271,538,142,mid,0.9295774647887324,0.9295774647887324
3272,538,141,mid,0.9645390070921985,0.9645390070921985
3273,215,59,tail,0.9830508474576272,0.9830508474576272
3274,216,59,mid,1.0,1.0
3275,541,142,head,0.8661971830985915,0.8661971830985915
3276,216,60,mid,0.9833333333333333,0.9833333333333333
3277,538,144,mid,0.8888888888888888,0.8888888888888888
3278,536,144,mid,0.9861111111111112,0.9861111111111112
3279,216,60,mid,1.0,1.0
3280,534,143,mid,0.9790209790209791,0.9790209790209791
3281,539,141,mid,0.950354609929078,0.950354609929078
3282,538,143,mid,0.9440559440559441,0.9440559440559441
3283,216,59,mid,0.9830508474576272,0.9830508474576272
3284,537,143,mid,0.9090909090909091,0.9090909090909091
3285,216,60,mid,0.9833333333333333,0.9833333333333333
3286,315,84,mid,0.9285714285714286,0.9285714285714286
3287,216,60,mid,1.0,1.0
3288,536,143,mid,0.8181818181818182,0.8181818181818182
3289,216,60,mid,0.9833333333333333,0.9833333333333333
3290,216,60,mid,0.9666666666666667,0.9666666666666667
3291,535,140,mid,0.95,0.95
3292,540,145,head,0.9586206896551724,0.9586206896551724
3293,216,60,mid,1.0,1.0
3294,215,60,tail,0.9833333333333333,0.9833333333333333
3295,540,144,head,0.9791666666666666,0.9791666666666666
3296,215,60,tail,0.9166666666666666,0.9166666666666666
3297,216,60,mid,0.9833333333333333,0.9833333333333333
3298,216,60,mid,0.9833333333333333,0.9833333333333333
3299,535,142,mid,0.9647887323943662,0.9647887323943662
3300,215,60,tail,0.9666666666666667,0.9666666666666667
3301,537,144,mid,0.9861111111111112,0.9861111111111112
3302,540,143,head,0.9790209790209791,0.9790209790209791
3303,536,143,mid,0.9790209790209791,0.9790209790209791
3304,216,60,mid,0.9666666666666667,0.9666666666666667
3305,216,60,mid,0.9666666666666667,0.9666666666666667
3306,536,143,mid,0.972027972027972,0.972027972027972
3307,534,141,mid,0.9219858156028369,0.9219858156028369
3308,541,142,head,0.9859154929577465,0.9859154929577465
3309,216,60,mid,1.0,1.0
3310,216,60,mid,1.0,1.0
3311,216,60,mid,0.9833333333333333,0.9833333333333333
3312,216,60,mid,1.0,1.0
3313,216,60,mid,1.0,1.0
3314,216,60,mid,0.9833333333333333,0.9833333333333333
3315,214,60,tail,0.9333333333333333,0.9333333333333333
3316,544,141,head,0.9787234042553191,0.9787234042553191
3317,541,140,head,0.95,0.95
3318,216,60,mid,1.0,1.0
3319,216,60,mid,1.0,1.0
3320,216,60,mid,1.0,1.0
3321,536,144,mid,0.9722222222222222,0.9722222222222222
3322,538,142,mid,0.9225352112676056,0.9225352112676056
3323,542,143,head,0.951048951048951,0.951048951048951
3324,215,60,tail,0.9666666666666667,0.9666666666666667
3325,216,60,mid,1.0,1.0
3326,542,141,head,0.9645390070921985,0.9645390070921985
3327,215,60,tail,0.9833333333333333,0.9833333333333333
3328,216,60,mid,0.9833333333333333,0.9833333333333333
3329,216,60,mid,0.95,0.95
3330,216,60,mid,0.9666666666666667,0.9666666666666667
3331,537,142,mid,0.9859154929577465,0.9859154929577465
3332,215,60,tail,0.9833333333333333,0.9833333333333333
3333,216,60,mid,1.0,1.0
3334,216,60,mid,0.9666666666666667,0.9666666666666667
3335,542,141,head,0.9787234042553191,0.9787234042553191
3336,216,60,mid,1.0,1.0
3337,216,60,mid,1.0,1.0
3338,216,60,mid,1.0,1.0
3339,216,59,mid,1.0,1.0
3340,216,60,mid,1.0,1.0
3341,215,60,tail,0.9833333333333333,0.9833333333333333
3342,213,59,tail,1.0,1.0
3343,531,143,mid,0.986013986013986,0.986013986013986
3344,216,59,mid,1.0,1.0
3345,216,59,mid,1.0,1.0
3346,216,60,mid,1.0,1.0
3347,216,60,mid,0.9833333333333333,0.9833333333333333
3348,216,60,mid,0.9833333333333333,0.9833333333333333
3349,215,60,tail,0.9666666666666667,0.9666666666666667
3350,541,142,head,0.9788732394366197,0.9788732394366197
3351,216,60,mid,0.9833333333333333,0.9833333333333333
3352,216,60,mid,1.0,1.0
3353,540,142,head,0.9647887323943662,0.9647887323943662
3354,216,60,mid,0.9833333333333333,0.9833333333333333
3355,537,143,mid,0.986013986013986,0.986013986013986
3356,542,142,head,0.9788732394366197,0.9788732394366197
3357,540,140,head,0.9785714285714285,0.9785714285714285
3358,537,142,mid,0.9577464788732394,0.9577464788732394
3359,540,145,head,0.9586206896551724,0.9586206896551724
3360,537,141,mid,0.9787234042553191,0.9787234042553191
3361,540,144,head,0.9861111111111112,0.9861111111111112
3362,541,142,head,0.9295774647887324,0.9295774647887324
3363,541,143,head,1.0,1.0
3364,214,59,tail,0.9830508474576272,0.9830508474576272
3365,216,60,mid,0.9333333333333333,0.9333333333333333
3366,538,142,mid,0.9788732394366197,0.9788732394366197
3367,541,141,head,0.9716312056737588,0.9716312056737588
3368,542,143,head,0.965034965034965,0.965034965034965
3369,540,142,head,0.971830985915493,0.971830985915493
3370,539,143,mid,0.972027972027972,0.972027972027972
3371,540,144,head,0.9861111111111112,0.9861111111111112
3372,216,60,mid,1.0,1.0
3373,540,143,head,0.972027972027972,0.972027972027972
3374,216,60,mid,0.9833333333333333,0.9833333333333333
3375,216,59,mid,0.8983050847457628,0.8983050847457628
3376,216,60,mid,0.95,0.95
3377,316,83,mid,0.9397590361445783,0.9397590361445783
3378,539,141,mid,0.9858156028368794,0.9858156028368794
3379,537,143,mid,0.986013986013986,0.986013986013986
3380,537,144,mid,0.9652777777777778,0.9652777777777778
3381,535,141,mid,0.9645390070921985,0.9645390070921985
3382,216,59,mid,0.9322033898305084,0.9322033898305084
3383,540,141,head,0.950354609929078,0.950354609929078
3384,216,60,mid,0.9666666666666667,0.9666666666666667
3385,540,143,head,0.951048951048951,0.951048951048951
3386,541,140,head,0.9428571428571428,0.9428571428571428
3387,216,59,mid,0.9661016949152542,0.9661016949152542
3388,535,142,mid,0.9647887323943662,0.9647887323943662
3389,542,139,head,0.9712230215827338,0.9712230215827338
3390,216,60,mid,1.0,1.0
3391,537,143,mid,0.986013986013986,0.986013986013986
3392,538,142,mid,0.9859154929577465,0.9859154929577465
3393,440,117,mid,0.9829059829059829,0.9829059829059829
3394,532,142,mid,0.971830985915493,0.971830985915493
3395,216,60,mid,0.9666666666666667,0.9666666666666667
3396,540,141,head,0.9645390070921985,0.9645390070921985
3397,535,143,mid,0.9440559440559441,0.9440559440559441
3398,536,141,mid,0.9645390070921985,0.9645390070921985
3399,216,60,mid,0.9166666666666666,0.9166666666666666
3400,216,60,mid,0.9833333333333333,0.9833333333333333
3401,540,144,head,0.9791666666666666,0.9791666666666666
3402,535,143,mid,0.972027972027972,0.972027972027972
3403,541,141,head,0.950354609929078,0.950354609929078
3404,540,144,head,0.9583333333333334,0.9583333333333334
3405,215,60,tail,0.9833333333333333,0.9833333333333333
3406,438,119,mid,0.9831932773109243,0.9831932773109243
3407,531,140,mid,0.9642857142857143,0.9642857142857143
3408,540,144,head,0.9861111111111112,0.9861111111111112
3409,538,145,mid,0.993103448275862,0.993103448275862
3410,541,143,head,0.972027972027972,0.972027972027972
3411,540,142,head,0.9859154929577465,0.9859154929577465
3412,520,140,mid,0.9714285714285714,0.9714285714285714
3413,215,60,tail,0.9833333333333333,0.9833333333333333
3414,541,141,head,0.950354609929078,0.950354609929078
3415,537,143,mid,0.972027972027972,0.972027972027972
3416,540,142,head,0.9507042253521126,0.9507042253521126
3417,215,60,tail,0.9833333333333333,0.9833333333333333
3418,216,60,mid,0.9833333333333333,0.9833333333333333
3419,216,60,mid,0.9833333333333333,0.9833333333333333
3420,536,143,mid,0.965034965034965,0.965034965034965
3421,216,60,mid,0.9333333333333333,0.9333333333333333
3422,215,60,tail,0.9666666666666667,0.9666666666666667
3423,543,143,head,0.951048951048951,0.951048951048951
3424,537,141,mid,0.9858156028368794,0.9858156028368794
3425,216,60,mid,0.9833333333333333,0.9833333333333333
3426,539,143,mid,0.951048951048951,0.951048951048951
3427,216,60,mid,0.95,0.95
3428,542,139,head,0.9784172661870504,0.9784172661870504
3429,216,60,mid,0.9666666666666667,0.9666666666666667
3430,537,144,mid,0.9791666666666666,0.9791666666666666
3431,215,60,tail,1.0,1.0
3432,216,59,mid,0.9830508474576272,0.9830508474576272
3433,540,142,head,0.9507042253521126,0.9507042253521126
3434,536,142,mid,0.971830985915493,0.971830985915493
3435,216,59,mid,0.9830508474576272,0.9830508474576272
3436,538,142,mid,0.9929577464788732,0.9929577464788732
3437,538,144,mid,0.9861111111111112,0.9861111111111112
3438,215,59,tail,0.9830508474576272,0.9830508474576272
3439,542,143,head,0.993006993006993,0.993006993006993
3440,216,60,mid,0.9833333333333333,0.9833333333333333
3441,541,141,head,0.9645390070921985,0.9645390070921985
3442,216,60,mid,0.9833333333333333,0.9833333333333333
3443,216,59,mid,1.0,1.0
3444,215,59,tail,0.9322033898305084,0.9322033898305084
3445,216,60,mid,0.9666666666666667,0.9666666666666667
3446,536,144,mid,0.9583333333333334,0.9583333333333334
3447,541,142,head,0.9788732394366197,0.9788732394366197
3448,539,143,mid,0.993006993006993,0.993006993006993
3449,538,141,mid,0.9716312056737588,0.9716312056737588
3450,540,143,head,0.9440559440559441,0.9440559440559441
3451,216,60,mid,1.0,1.0
3452,539,141,mid,1.0,1.0
3453,216,60,mid,0.9666666666666667,0.9666666666666667
3454,537,144,mid,0.9791666666666666,0.9791666666666666
3455,216,60,mid,1.0,1.0
3456,216,60,mid,0.9666666666666667,0.9666666666666667
3457,216,60,mid,0.9833333333333333,0.9833333333333333
3458,542,141,head,1.0,1.0
3459,215,60,tail,0.9833333333333333,0.9833333333333333
3460,216,60,mid,1.0,1.0
3461,216,60,mid,1.0,1.0
3462,538,140,mid,0.9928571428571429,0.9928571428571429
3463,213,60,tail,0.9833333333333333,0.9833333333333333
3464,537,142,mid,0.9859154929577465,0.9859154929577465
3465,214,60,tail,1.0,1.0
3466,216,60,mid,1.0,1.0
3467,542,143,head,0.9790209790209791,0.9790209790209791
3468,213,60,tail,0.9833333333333333,0.9833333333333333
3469,539,145,mid,0.9862068965517241,0.9862068965517241
3470,215,60,tail,1.0,1.0
3471,213,60,tail,1.0,1.0
3472,214,60,tail,0.9833333333333333,0.9833333333333333
3473,543,142,head,0.9647887323943662,0.9647887323943662
3474,215,60,tail,1.0,1.0
3475,211,58,tail,0.9827586206896551,0.9827586206896551
3476,533,141,mid,0.900709219858156,0.900709219858156
3477,538,142,mid,0.9859154929577465,0.9859154929577465
3478,216,60,mid,0.9833333333333333,0.9833333333333333
3479,542,141,head,0.9432624113475178,0.9432624113475178
3480,538,143,mid,0.986013986013986,0.986013986013986
3481,540,141,head,0.7304964539007093,0.7304964539007093
3482,540,142,head,0.9647887323943662,0.9647887323943662
3483,540,141,head,0.9858156028368794,0.9858156028368794
3484,538,141,mid,0.9858156028368794,0.9858156028368794
3485,216,57,mid,0.9649122807017544,0.9649122807017544
3486,538,142,mid,1.0,1.0
3487,215,59,tail,0.9661016949152542,0.9661016949152542
3488,214,60,tail,1.0,1.0
3489,214,60,tail,1.0,1.0
3490,537,144,mid,0.9375,0.9375
3491,544,141,head,0.9787234042553191,0.9787234042553191
3492,539,144,mid,0.9791666666666666,0.9791666666666666
3493,316,84,mid,0.9761904761904762,0.9761904761904762
3494,215,60,tail,1.0,1.0
3495,215,60,tail,0.9833333333333333,0.9833333333333333
3496,541,143,head,0.972027972027972,0.972027972027972
3497,215,60,tail,0.9666666666666667,0.9666666666666667
3498,540,144,head,0.9444444444444444,0.9444444444444444
3499,216,60,mid,0.9666666666666667,0.9666666666666667
3500,536,142,mid,0.9788732394366197,0.9788732394366197
3501,535,140,mid,0.9571428571428572,0.9571428571428572
3502,535,143,mid,0.958041958041958,0.958041958041958
3503,216,60,mid,1.0,1.0
3504,538,143,mid,0.958041958041958,0.958041958041958
3505,538,142,mid,0.971830985915493,0.971830985915493
3506,216,59,mid,0.9830508474576272,0.9830508474576272
3507,216,60,mid,1.0,1.0
3508,537,140,mid,0.9285714285714286,0.9285714285714286
3509,538,144,mid,0.9861111111111112,0.9861111111111112
3510,536,141,mid,0.9361702127659575,0.9361702127659575
3511,538,143,mid,0.951048951048951,0.951048951048951
3512,216,60,mid,0.9833333333333333,0.9833333333333333
3513,216,60,mid,0.9666666666666667,0.9666666666666667
3514,538,143,mid,0.993006993006993,0.993006993006993
3515,535,142,mid,0.9929577464788732,0.9929577464788732
3516,214,60,tail,1.0,1.0
3517,536,141,mid,0.9574468085106383,0.9574468085106383
3518,216,60,mid,1.0,1.0
3519,214,60,tail,1.0,1.0
3520,214,60,tail,0.9833333333333333,0.9833333333333333
3521,216,60,mid,0.95,0.95
3522,216,60,mid,1.0,1.0
3523,214,60,tail,1.0,1.0
3524,539,141,mid,0.9361702127659575,0.9361702127659575
3525,216,60,mid,1.0,1.0
3526,540,142,head,0.9929577464788732,0.9929577464788732
3527,216,60,mid,0.9833333333333333,0.9833333333333333
3528,216,60,mid,0.9833333333333333,0.9833333333333333
3529,541,144,head,0.9930555555555556,0.9930555555555556
3530,216,60,mid,0.9666666666666667,0.9666666666666667
3531,215,60,tail,0.9833333333333333,0.9833333333333333
3532,542,142,head,0.9366197183098591,0.9366197183098591
3533,216,60,mid,1.0,1.0
3534,539,143,mid,0.972027972027972,0.972027972027972
3535,215,60,tail,0.9833333333333333,0.9833333333333333
3536,534,137,mid,0.9562043795620438,0.9562043795620438
3537,543,141,head,0.9716312056737588,0.9716312056737588
3538,216,60,mid,0.9666666666666667,0.9666666666666667
3539,216,60,mid,0.95,0.95
3540,216,60,mid,0.9833333333333333,0.9833333333333333
3541,537,140,mid,0.9357142857142857,0.9357142857142857
3542,216,60,mid,0.9666666666666667,0.9666666666666667
3543,541,142,head,0.9577464788732394,0.9577464788732394
3544,539,141,mid,0.9716312056737588,0.9716312056737588
3545,215,60,tail,0.9333333333333333,0.9333333333333333
3546,539,143,mid,0.965034965034965,0.965034965034965
3547,539,142,mid,0.9647887323943662,0.9647887323943662
3548,539,143,mid,0.9790209790209791,0.9790209790209791
3549,214,60,tail,1.0,1.0
3550,215,60,tail,0.9666666666666667,0.9666666666666667
3551,540,141,head,1.0,1.0
3552,540,144,head,0.9513888888888888,0.9513888888888888
3553,539,144,mid,0.9861111111111112,0.9861111111111112
3554,216,60,mid,0.9666666666666667,0.9666666666666667
3555,540,145,head,0.9655172413793104,0.9655172413793104
3556,541,144,head,1.0,1.0
3557,215,60,tail,1.0,1.0
3558,216,60,mid,0.9666666666666667,0.9666666666666667
3559,214,60,tail,1.0,1.0
3560,213,60,tail,0.95,0.95
3561,538,143,mid,0.9370629370629371,0.9370629370629371
3562,216,60,mid,0.9833333333333333,0.9833333333333333
3563,215,60,tail,0.9666666666666667,0.9666666666666667
3564,538,143,mid,0.958041958041958,0.958041958041958
3565,216,60,mid,1.0,1.0
3566,216,60,mid,0.9666666666666667,0.9666666666666667
3567,215,59,tail,0.9661016949152542,0.9661016949152542
3568,215,60,tail,1.0,1.0
3569,215,60,tail,0.9833333333333333,0.9833333333333333
3570,536,143,mid,0.9020979020979021,0.9020979020979021
3571,214,60,tail,0.9833333333333333,0.9833333333333333
3572,215,60,tail,0.9833333333333333,0.9833333333333333
3573,540,141,head,0.9716312056737588,0.9716312056737588
3574,216,60,mid,0.9666666666666667,0.9666666666666667
3575,535,144,mid,0.9930555555555556,0.9930555555555556
3576,536,141,mid,0.950354609929078,0.950354609929078
3577,215,59,tail,0.9830508474576272,0.9830508474576272
3578,216,60,mid,0.9666666666666667,0.9666666666666667
3579,215,60,tail,0.9833333333333333,0.9833333333333333
3580,216,60,mid,0.9833333333333333,0.9833333333333333
3581,215,60,tail,1.0,1.0
3582,540,143,head,0.951048951048951,0.951048951048951
3583,540,143,head,0.9230769230769231,0.9230769230769231
3584,537,144,mid,0.9444444444444444,0.9444444444444444
3585,315,83,mid,0.9036144578313253,0.9036144578313253
3586,541,143,head,0.993006993006993,0.993006993006993
3587,215,60,tail,0.95,0.95
3588,540,143,head,0.993006993006993,0.993006993006993
3589,216,60,mid,0.9833333333333333,0.9833333333333333
3590,215,59,tail,0.9830508474576272,0.9830508474576272
3591,216,60,mid,0.9833333333333333,0.9833333333333333
3592,541,139,head,0.9856115107913669,0.9856115107913669
3593,542,144,head,0.9791666666666666,0.9791666666666666
3594,216,60,mid,0.9833333333333333,0.9833333333333333
3595,216,60,mid,0.9333333333333333,0.9333333333333333
3596,215,60,tail,1.0,1.0
3597,216,59,mid,0.9830508474576272,0.9830508474576272
3598,216,59,mid,0.9830508474576272,0.9830508474576272
3599,215,60,tail,0.9666666666666667,0.9666666666666667
3600,216,60,mid,1.0,1.0
3601,539,143,mid,0.986013986013986,0.986013986013986
3602,215,59,tail,1.0,1.0
3603,216,60,mid,1.0,1.0
3604,215,60,tail,1.0,1.0
3605,539,143,mid,0.9300699300699301,0.9300699300699301
3606,537,143,mid,0.965034965034965,0.965034965034965
3607,542,142,head,0.9647887323943662,0.9647887323943662
3608,541,145,head,0.8827586206896552,0.8827586206896552
3609,216,59,mid,1.0,1.0
3610,216,60,mid,1.0,1.0
3611,213,59,tail,0.9322033898305084,0.9322033898305084
3612,539,144,mid,0.9236111111111112,0.9236111111111112
3613,216,60,mid,0.9833333333333333,0.9833333333333333
3614,216,60,mid,0.9833333333333333,0.9833333333333333
3615,536,141,mid,0.9787234042553191,0.9787234042553191
3616,216,60,mid,0.9,0.9
3617,216,59,mid,1.0,1.0
3618,216,60,mid,0.9333333333333333,0.9333333333333333
3619,216,60,mid,0.9666666666666667,0.9666666666666667
3620,216,60,mid,0.9833333333333333,0.9833333333333333
3621,215,60,tail,0.95,0.95
3622,539,143,mid,0.951048951048951,0.951048951048951
3623,535,144,mid,0.7222222222222222,0.7222222222222222
3624,214,60,tail,1.0,1.0
3625,539,143,mid,0.958041958041958,0.958041958041958
3626,540,140,head,0.9285714285714286,0.9285714285714286
3627,537,142,mid,0.9647887323943662,0.9647887323943662
3628,214,60,tail,1.0,1.0
3629,316,84,mid,0.8809523809523809,0.8809523809523809
3630,216,60,mid,1.0,1.0
3631,541,142,head,0.9507042253521126,0.9507042253521126
3632,216,60,mid,0.9833333333333333,0.9833333333333333
3633,216,60,mid,0.9666666666666667,0.9666666666666667
3634,216,59,mid,1.0,1.0
3635,216,60,mid,0.9666666666666667,0.9666666666666667
3636,537,143,mid,0.993006993006993,0.993006993006993
3637,540,145,head,0.9586206896551724,0.9586206896551724
3638,216,60,mid,1.0,1.0
3639,438,119,mid,0.9831932773109243,0.9831932773109243
3640,215,60,tail,1.0,1.0
3641,215,60,tail,0.9833333333333333,0.9833333333333333
3642,216,60,mid,0.9833333333333333,0.9833333333333333
3643,540,143,head,0.951048951048951,0.951048951048951
3644,215,60,tail,1.0,1.0
3645,216,60,mid,0.9833333333333333,0.9833333333333333
3646,216,60,mid,1.0,1.0
3647,216,60,mid,1.0,1.0
3648,544,142,head,0.9859154929577465,0.9859154929577465
3649,215,60,tail,1.0,1.0
3650,216,60,mid,0.9833333333333333,0.9833333333333333
3651,216,60,mid,0.9666666666666667,0.9666666666666667
3652,540,144,head,0.9930555555555556,0.9930555555555556
3653,537,142,mid,0.971830985915493,0.971830985915493
3654,538,143,mid,0.965034965034965,0.965034965034965
3655,216,60,mid,0.9833333333333333,0.9833333333333333
3656,539,141,mid,0.9787234042553191,0.9787234042553191
3657,214,60,tail,1.0,1.0
3658,216,60,mid,1.0,1.0
3659,216,59,mid,0.9830508474576272,0.9830508474576272
3660,537,139,mid,0.9424460431654677,0.9424460431654677
3661,216,60,mid,1.0,1.0
3662,216,60,mid,0.9833333333333333,0.9833333333333333
3663,540,142,head,0.9647887323943662,0.9647887323943662
3664,216,60,mid,0.9833333333333333,0.9833333333333333
3665,216,59,mid,1.0,1.0
3666,216,60,mid,0.9833333333333333,0.9833333333333333
3667,216,60,mid,0.9666666666666667,0.9666666666666667
3668,216,60,mid,0.9833333333333333,0.9833333333333333
3669,214,60,tail,1.0,1.0
3670,216,60,mid,1.0,1.0
3671,216,60,mid,0.95,0.95
3672,215,60,tail,0.9833333333333333,0.9833333333333333
3673,216,60,mid,0.9833333333333333,0.9833333333333333
3674,539,143,mid,0.9790209790209791,0.9790209790209791
3675,534,143,mid,1.0,1.0
3676,534,144,mid,0.9861111111111112,0.9861111111111112
3677,538,143,mid,0.9790209790209791,0.9790209790209791
3678,537,144,mid,0.9444444444444444,0.9444444444444444
3679,213,60,tail,1.0,1.0
3680,215,60,tail,1.0,1.0
3681,216,60,mid,1.0,1.0
3682,216,60,mid,1.0,1.0
3683,216,60,mid,0.9333333333333333,0.9333333333333333
3684,216,59,mid,1.0,1.0
3685,540,142,head,0.9788732394366197,0.9788732394366197
3686,216,60,mid,1.0,1.0
3687,216,59,mid,0.9830508474576272,0.9830508474576272
3688,539,144,mid,0.9861111111111112,0.9861111111111112
3689,539,144,mid,0.9375,0.9375
3690,216,60,mid,0.9666666666666667,0.9666666666666667
3691,216,60,mid,1.0,1.0
3692,540,141,head,0.9432624113475178,0.9432624113475178
3693,538,144,mid,0.9305555555555556,0.9305555555555556
3694,215,60,tail,0.8833333333333333,0.8833333333333333
3695,216,59,mid,1.0,1.0
3696,216,60,mid,0.9833333333333333,0.9833333333333333
3697,216,60,mid,1.0,1.0
3698,537,142,mid,0.971830985915493,0.971830985915493
3699,216,60,mid,1.0,1.0
3700,216,59,mid,1.0,1.0
3701,214,60,tail,1.0,1.0
3702,216,59,mid,0.9830508474576272,0.9830508474576272
3703,216,59,mid,1.0,1.0
3704,216,60,mid,1.0,1.0
3705,214,60,tail,1.0,1.0
3706,216,59,mid,0.9830508474576272,0.9830508474576272
3707,215,60,tail,0.9833333333333333,0.9833333333333333
3708,215,60,tail,1.0,1.0
3709,216,60,mid,0.9666666666666667,0.9666666666666667
3710,317,82,mid,0.9146341463414634,0.9146341463414634
3711,216,60,mid,1.0,1.0
3712,216,60,mid,1.0,1.0
3713,216,60,mid,1.0,1.0
3714,214,59,tail,1.0,1.0
3715,216,60,mid,1.0,1.0
3716,215,60,tail,1.0,1.0
3717,539,142,mid,0.9577464788732394,0.9577464788732394
3718,214,60,tail,0.9833333333333333,0.9833333333333333
3719,215,60,tail,1.0,1.0
3720,535,143,mid,0.965034965034965,0.965034965034965
3721,540,140,head,0.9857142857142858,0.9857142857142858
3722,540,144,head,1.0,1.0
3723,537,143,mid,0.972027972027972,0.972027972027972
3724,536,140,mid,0.9928571428571429,0.9928571428571429
3725,216,60,mid,1.0,1.0
3726,216,59,mid,0.9661016949152542,0.9661016949152542
3727,538,143,mid,0.993006993006993,0.993006993006993
3728,543,142,head,1.0,1.0
3729,216,60,mid,1.0,1.0
3730,216,59,mid,1.0,1.0
3731,541,145,head,0.993103448275862,0.993103448275862
3732,216,60,mid,0.9666666666666667,0.9666666666666667
3733,215,60,tail,1.0,1.0
3734,216,60,mid,1.0,1.0
3735,215,60,tail,0.9833333333333333,0.9833333333333333
3736,543,142,head,0.9859154929577465,0.9859154929577465
3737,215,59,tail,1.0,1.0
3738,538,144,mid,0.9861111111111112,0.9861111111111112
3739,539,142,mid,0.971830985915493,0.971830985915493
3740,537,144,mid,0.9305555555555556,0.9305555555555556
3741,535,143,mid,0.986013986013986,0.986013986013986
3742,543,143,head,1.0,1.0
3743,537,142,mid,0.9788732394366197,0.9788732394366197
3744,213,60,tail,0.9166666666666666,0.9166666666666666
3745,541,142,head,0.9859154929577465,0.9859154929577465
3746,214,60,tail,0.9833333333333333,0.9833333333333333
3747,540,142,head,0.9859154929577465,0.9859154929577465
3748,214,60,tail,1.0,1.0
3749,540,142,head,0.9225352112676056,0.9225352112676056
3750,541,143,head,0.951048951048951,0.951048951048951
3751,533,140,mid,0.9714285714285714,0.9714285714285714
3752,540,144,head,0.9166666666666666,0.9166666666666666
3753,541,141,head,0.9574468085106383,0.9574468085106383
3754,539,143,mid,0.9790209790209791,0.9790209790209791
3755,540,140,head,0.9357142857142857,0.9357142857142857
3756,216,60,mid,1.0,1.0
3757,537,143,mid,0.9790209790209791,0.9790209790209791
3758,216,60,mid,0.9666666666666667,0.9666666666666667
3759,216,60,mid,0.9833333333333333,0.9833333333333333
3760,541,142,head,0.9929577464788732,0.9929577464788732
3761,216,60,mid,1.0,1.0
3762,216,59,mid,0.9661016949152542,0.9661016949152542
3763,540,143,head,0.9790209790209791,0.9790209790209791
3764,216,59,mid,0.9830508474576272,0.9830508474576272
3765,539,140,mid,0.9928571428571429,0.9928571428571429
3766,539,144,mid,0.9930555555555556,0.9930555555555556
3767,538,142,mid,0.9788732394366197,0.9788732394366197
3768,216,60,mid,0.9666666666666667,0.9666666666666667
3769,216,60,mid,0.9833333333333333,0.9833333333333333
3770,540,143,head,0.951048951048951,0.951048951048951
3771,539,143,mid,0.9440559440559441,0.9440559440559441
3772,539,143,mid,0.951048951048951,0.951048951048951
3773,540,141,head,0.9645390070921985,0.9645390070921985
3774,216,60,mid,0.9666666666666667,0.9666666666666667
3775,216,60,mid,1.0,1.0
3776,540,142,head,1.0,1.0
3777,536,142,mid,0.9788732394366197,0.9788732394366197
3778,216,60,mid,1.0,1.0
3779,216,60,mid,1.0,1.0
3780,216,60,mid,1.0,1.0
3781,537,143,mid,0.993006993006993,0.993006993006993
3782,216,60,mid,0.9666666666666667,0.9666666666666667
3783,216,60,mid,1.0,1.0
3784,536,144,mid,0.9652777777777778,0.9652777777777778
3785,539,144,mid,0.9722222222222222,0.9722222222222222
3786,215,59,tail,0.9661016949152542,0.9661016949152542
3787,216,60,mid,0.9833333333333333,0.9833333333333333
3788,213,60,tail,0.9833333333333333,0.9833333333333333
3789,536,141,mid,0.8723404255319149,0.8723404255319149
3790,539,141,mid,0.9929078014184397,0.9929078014184397
3791,540,144,head,0.9791666666666666,0.9791666666666666
3792,216,60,mid,0.9833333333333333,0.9833333333333333
3793,534,143,mid,0.9790209790209791,0.9790209790209791
3794,216,61,mid,0.9836065573770492,0.9836065573770492
3795,536,143,mid,0.965034965034965,0.965034965034965
3796,216,60,mid,0.9333333333333333,0.9333333333333333
3797,212,60,tail,1.0,1.0
3798,543,142,head,0.9929577464788732,0.9929577464788732
3799,539,141,mid,0.9929078014184397,0.9929078014184397
3800,541,144,head,0.9791666666666666,0.9791666666666666
3801,216,60,mid,0.95,0.95
3802,215,60,tail,1.0,1.0
3803,540,141,head,0.9432624113475178,0.9432624113475178
3804,539,142,mid,0.9859154929577465,0.9859154929577465
3805,216,60,mid,0.9666666666666667,0.9666666666666667
3806,215,60,tail,0.9666666666666667,0.9666666666666667
3807,539,144,mid,0.9791666666666666,0.9791666666666666
3808,216,60,mid,1.0,1.0
3809,216,59,mid,0.9830508474576272,0.9830508474576272
3810,538,142,mid,0.9929577464788732,0.9929577464788732
3811,216,60,mid,0.9,0.9
3812,540,145,head,0.9862068965517241,0.9862068965517241
3813,537,141,mid,0.9858156028368794,0.9858156028368794
3814,540,143,head,0.9370629370629371,0.9370629370629371
3815,540,143,head,0.958041958041958,0.958041958041958
3816,216,59,mid,1.0,1.0
3817,216,60,mid,1.0,1.0
3818,216,60,mid,1.0,1.0
3819,541,142,head,0.9788732394366197,0.9788732394366197
3820,542,144,head,0.9722222222222222,0.9722222222222222
3821,540,142,head,0.9647887323943662,0.9647887323943662
3822,540,143,head,0.951048951048951,0.951048951048951
3823,537,144,mid,0.9791666666666666,0.9791666666666666
3824,215,58,tail,1.0,1.0
3825,542,143,head,0.951048951048951,0.951048951048951
3826,536,142,mid,0.9929577464788732,0.9929577464788732
3827,540,143,head,0.993006993006993,0.993006993006993
3828,216,60,mid,0.9833333333333333,0.9833333333333333
3829,540,140,head,0.95,0.95
3830,540,143,head,0.972027972027972,0.972027972027972
3831,538,143,mid,0.9230769230769231,0.9230769230769231
3832,540,142,head,0.9788732394366197,0.9788732394366197
3833,216,59,mid,0.9830508474576272,0.9830508474576272
3834,215,60,tail,0.9833333333333333,0.9833333333333333
3835,216,60,mid,0.9833333333333333,0.9833333333333333
3836,216,60,mid,1.0,1.0
3837,214,60,tail,0.9666666666666667,0.9666666666666667
3838,538,142,mid,0.9366197183098591,0.9366197183098591
3839,215,60,tail,1.0,1.0
3840,538,141,mid,0.9432624113475178,0.9432624113475178
3841,216,60,mid,1.0,1.0
3842,543,142,head,0.9859154929577465,0.9859154929577465
3843,540,142,head,0.9929577464788732,0.9929577464788732
3844,216,60,mid,1.0,1.0
3845,216,60,mid,1.0,1.0
3846,216,60,mid,0.9833333333333333,0.9833333333333333
3847,540,141,head,0.9645390070921985,0.9645390070921985
3848,216,60,mid,0.9833333333333333,0.9833333333333333
3849,216,60,mid,0.9666666666666667,0.9666666666666667
3850,216,60,mid,1.0,1.0
3851,216,59,mid,1.0,1.0
3852,216,60,mid,1.0,1.0
3853,210,58,tail,0.7758620689655172,0.7758620689655172
3854,216,59,mid,0.9661016949152542,0.9661016949152542
3855,216,60,mid,1.0,1.0
3856,215,60,tail,0.9166666666666666,0.9166666666666666
3857,216,60,mid,1.0,1.0
3858,216,60,mid,1.0,1.0
3859,540,143,head,0.9790209790209791,0.9790209790209791
3860,216,60,mid,1.0,1.0
3861,216,58,mid,0.9827586206896551,0.9827586206896551
3862,537,143,mid,0.986013986013986,0.986013986013986
3863,216,59,mid,1.0,1.0
3864,540,144,head,0.8194444444444444,0.8194444444444444
3865,539,140,mid,0.9785714285714285,0.9785714285714285
3866,540,140,head,0.9785714285714285,0.9785714285714285
3867,537,142,mid,0.9788732394366197,0.9788732394366197
3868,215,60,tail,1.0,1.0
3869,216,60,mid,0.9833333333333333,0.9833333333333333
3870,216,60,mid,1.0,1.0
3871,541,145,head,0.9517241379310345,0.9517241379310345
3872,216,60,mid,0.9833333333333333,0.9833333333333333
3873,535,144,mid,0.9861111111111112,0.9861111111111112
3874,216,60,mid,0.9833333333333333,0.9833333333333333
3875,316,83,mid,0.9879518072289156,0.9879518072289156
3876,216,60,mid,1.0,1.0
3877,216,60,mid,0.9833333333333333,0.9833333333333333
3878,216,60,mid,1.0,1.0
3879,540,141,head,0.9787234042553191,0.9787234042553191
3880,216,60,mid,1.0,1.0
3881,216,59,mid,0.9491525423728814,0.9491525423728814
3882,216,60,mid,1.0,1.0
3883,215,60,tail,1.0,1.0
3884,317,83,mid,0.9879518072289156,0.9879518072289156
3885,538,143,mid,0.986013986013986,0.986013986013986
3886,216,60,mid,0.9666666666666667,0.9666666666666667
3887,216,60,mid,1.0,1.0
3888,537,140,mid,0.9928571428571429,0.9928571428571429
3889,546,142,head,0.9788732394366197,0.9788732394366197
3890,544,141,head,0.9078014184397163,0.9078014184397163
3891,541,141,head,0.900709219858156,0.900709219858156
3892,541,143,head,0.972027972027972,0.972027972027972
3893,542,141,head,0.9361702127659575,0.9361702127659575
3894,540,142,head,0.9436619718309859,0.9436619718309859
3895,539,143,mid,0.9790209790209791,0.9790209790209791
3896,216,60,mid,0.9666666666666667,0.9666666666666667
3897,537,139,mid,0.9928057553956835,0.9928057553956835
3898,216,60,mid,0.9666666666666667,0.9666666666666667
3899,539,142,mid,0.9859154929577465,0.9859154929577465
3900,216,60,mid,0.9833333333333333,0.9833333333333333
3901,539,142,mid,0.9647887323943662,0.9647887323943662
3902,216,60,mid,0.6166666666666667,0.6166666666666667
3903,215,60,tail,1.0,1.0
3904,538,143,mid,0.972027972027972,0.972027972027972
3905,540,142,head,0.9788732394366197,0.9788732394366197
3906,216,60,mid,0.9666666666666667,0.9666666666666667
3907,215,60,tail,0.95,0.95
3908,535,143,mid,0.9300699300699301,0.9300699300699301
3909,539,144,mid,0.9236111111111112,0.9236111111111112
3910,539,138,mid,0.9637681159420289,0.9637681159420289
3911,536,143,mid,0.958041958041958,0.958041958041958
3912,541,144,head,0.9722222222222222,0.9722222222222222
3913,216,60,mid,1.0,1.0
3914,541,144,head,0.9652777777777778,0.9652777777777778
3915,216,60,mid,0.9666666666666667,0.9666666666666667
3916,542,141,head,0.9787234042553191,0.9787234042553191
3917,543,145,head,0.9793103448275862,0.9793103448275862
3918,540,143,head,0.986013986013986,0.986013986013986
3919,539,142,mid,0.9647887323943662,0.9647887323943662
3920,539,143,mid,0.9790209790209791,0.9790209790209791
3921,538,144,mid,0.9930555555555556,0.9930555555555556
3922,539,140,mid,0.9714285714285714,0.9714285714285714
3923,541,142,head,0.971830985915493,0.971830985915493
3924,536,144,mid,0.9861111111111112,0.9861111111111112
3925,538,144,mid,0.9861111111111112,0.9861111111111112
3926,537,142,mid,0.9788732394366197,0.9788732394366197
3927,216,59,mid,1.0,1.0
3928,212,59,tail,1.0,1.0
3929,539,142,mid,0.8591549295774648,0.8591549295774648
3930,542,142,head,0.9366197183098591,0.9366197183098591
3931,216,60,mid,0.8833333333333333,0.8833333333333333
3932,536,142,mid,0.9154929577464789,0.9154929577464789
3933,537,140,mid,0.9642857142857143,0.9642857142857143
3934,540,143,head,0.951048951048951,0.951048951048951
3935,316,82,mid,0.8780487804878049,0.8780487804878049
3936,539,143,mid,0.958041958041958,0.958041958041958
3937,540,142,head,0.9436619718309859,0.9436619718309859
3938,539,144,mid,0.9583333333333334,0.9583333333333334
3939,216,60,mid,1.0,1.0
3940,216,60,mid,0.9833333333333333,0.9833333333333333
3941,216,60,mid,0.9833333333333333,0.9833333333333333
3942,537,144,mid,0.9791666666666666,0.9791666666666666
3943,215,60,tail,1.0,1.0
3944,540,145,head,0.9586206896551724,0.9586206896551724
3945,216,60,mid,0.9833333333333333,0.9833333333333333
3946,216,60,mid,1.0,1.0
3947,216,60,mid,0.9833333333333333,0.9833333333333333
3948,544,142,head,0.971830985915493,0.971830985915493
3949,539,144,mid,0.9375,0.9375
3950,216,60,mid,1.0,1.0
3951,216,60,mid,0.95,0.95
3952,538,142,mid,0.9929577464788732,0.9929577464788732
3953,539,142,mid,0.971830985915493,0.971830985915493
3954,216,60,mid,0.9,0.9
3955,216,60,mid,0.9833333333333333,0.9833333333333333
3956,538,144,mid,0.8888888888888888,0.8888888888888888
3957,216,60,mid,0.9833333333333333,0.9833333333333333
3958,539,141,mid,0.9858156028368794,0.9858156028368794
3959,538,144,mid,0.9166666666666666,0.9166666666666666
3960,216,60,mid,0.9666666666666667,0.9666666666666667
3961,540,141,head,0.9432624113475178,0.9432624113475178
3962,540,142,head,0.9647887323943662,0.9647887323943662
3963,538,143,mid,0.986013986013986,0.986013986013986
3964,540,145,head,0.993103448275862,0.993103448275862
3965,216,60,mid,0.9666666666666667,0.9666666666666667
3966,216,60,mid,1.0,1.0
3967,216,60,mid,1.0,1.0
3968,216,60,mid,0.9666666666666667,0.9666666666666667
3969,216,60,mid,0.9833333333333333,0.9833333333333333
3970,540,144,head,0.7430555555555556,0.7430555555555556
3971,539,143,mid,0.972027972027972,0.972027972027972
3972,216,60,mid,0.8,0.8
3973,540,141,head,0.9929078014184397,0.9929078014184397
3974,216,60,mid,0.9833333333333333,0.9833333333333333
3975,535,142,mid,0.9647887323943662,0.9647887323943662
3976,216,59,mid,0.9830508474576272,0.9830508474576272
3977,541,143,head,0.9790209790209791,0.9790209790209791
3978,541,142,head,0.9577464788732394,0.9577464788732394
3979,540,142,head,0.9647887323943662,0.9647887323943662
3980,212,59,tail,0.8813559322033898,0.8813559322033898
3981,216,60,mid,1.0,1.0
3982,216,60,mid,0.9833333333333333,0.9833333333333333
3983,216,60,mid,1.0,1.0
3984,536,140,mid,0.9928571428571429,0.9928571428571429
3985,541,142,head,0.9788732394366197,0.9788732394366197
3986,216,60,mid,0.9833333333333333,0.9833333333333333
3987,216,59,mid,1.0,1.0
3988,536,142,mid,0.971830985915493,0.971830985915493
3989,216,60,mid,0.9333333333333333,0.9333333333333333
3990,538,143,mid,0.972027972027972,0.972027972027972
3991,216,60,mid,0.9333333333333333,0.9333333333333333
3992,216,60,mid,0.9833333333333333,0.9833333333333333
3993,213,60,tail,0.9166666666666666,0.9166666666666666
3994,533,144,mid,0.9791666666666666,0.9791666666666666
3995,539,141,mid,0.9432624113475178,0.9432624113475178
3996,539,143,mid,0.993006993006993,0.993006993006993
3997,537,142,mid,0.9788732394366197,0.9788732394366197
3998,533,143,mid,0.993006993006993,0.993006993006993
3999,318,82,mid,0.975609756097561,0.975609756097561
4000,216,60,mid,1.0,1.0
4001,539,142,mid,0.8309859154929577,0.8309859154929577
4002,216,60,mid,0.95,0.95
4003,541,144,head,0.9861111111111112,0.9861111111111112
4004,216,60,mid,1.0,1.0
4005,216,60,mid,0.9833333333333333,0.9833333333333333
4006,213,60,tail,1.0,1.0
4007,542,142,head,1.0,1.0
4008,535,143,mid,0.916083916083916,0.916083916083916
4009,206,57,tail,0.9473684210526315,0.9473684210526315
4010,540,144,head,0.9305555555555556,0.9305555555555556
4011,541,142,head,0.9788732394366197,0.9788732394366197
4012,542,145,head,0.9793103448275862,0.9793103448275862
4013,215,60,tail,1.0,1.0
4014,539,143,mid,0.986013986013986,0.986013986013986
4015,533,141,mid,0.9929078014184397,0.9929078014184397
4016,216,60,mid,0.9666666666666667,0.9666666666666667
4017,534,142,mid,0.971830985915493,0.971830985915493
4018,540,139,head,1.0,1.0
4019,538,144,mid,0.9652777777777778,0.9652777777777778
4020,215,60,tail,0.9833333333333333,0.9833333333333333
4021,216,60,mid,0.9833333333333333,0.9833333333333333
4022,215,60,tail,1.0,1.0
4023,437,118,mid,0.9745762711864406,0.9745762711864406
4024,540,141,head,0.9361702127659575,0.9361702127659575
4025,539,143,mid,0.9790209790209791,0.9790209790209791
4026,214,60,tail,0.9833333333333333,0.9833333333333333
4027,539,141,mid,0.950354609929078,0.950354609929078
4028,540,144,head,0.9791666666666666,0.9791666666666666
4029,216,60,mid,1.0,1.0
4030,540,144,head,1.0,1.0
4031,539,141,mid,0.9787234042553191,0.9787234042553191
4032,216,60,mid,0.9666666666666667,0.9666666666666667
4033,535,144,mid,0.9722222222222222,0.9722222222222222
4034,539,143,mid,0.9790209790209791,0.9790209790209791
4035,540,144,head,0.9791666666666666,0.9791666666666666
4036,216,60,mid,0.9666666666666667,0.9666666666666667
4037,216,60,mid,1.0,1.0
4038,540,142,head,0.9507042253521126,0.9507042253521126
4039,216,60,mid,0.9166666666666666,0.9166666666666666
4040,216,60,mid,0.9833333333333333,0.9833333333333333
4041,216,60,mid,1.0,1.0
4042,216,60,mid,0.9833333333333333,0.9833333333333333
4043,216,60,mid,1.0,1.0
4044,216,60,mid,1.0,1.0
4045,541,145,head,0.9586206896551724,0.9586206896551724
4046,215,60,tail,0.9833333333333333,0.9833333333333333
4047,216,60,mid,1.0,1.0
4048,216,60,mid,0.95,0.95
4049,215,60,tail,0.9833333333333333,0.9833333333333333
4050,538,144,mid,0.9236111111111112,0.9236111111111112
4051,538,143,mid,0.972027972027972,0.972027972027972
4052,539,144,mid,0.9930555555555556,0.9930555555555556
4053,543,144,head,0.9930555555555556,0.9930555555555556
4054,216,60,mid,1.0,1.0
4055,216,60,mid,0.9833333333333333,0.9833333333333333
4056,216,60,mid,1.0,1.0
4057,216,60,mid,1.0,1.0
4058,537,143,mid,0.958041958041958,0.958041958041958
4059,542,143,head,0.993006993006993,0.993006993006993
4060,213,60,tail,0.9666666666666667,0.9666666666666667
4061,540,141,head,0.950354609929078,0.950354609929078
4062,216,60,mid,1.0,1.0
4063,216,60,mid,1.0,1.0
4064,215,60,tail,1.0,1.0
4065,216,60,mid,0.9833333333333333,0.9833333333333333
4066,436,118,mid,0.9830508474576272,0.9830508474576272
4067,539,143,mid,0.9370629370629371,0.9370629370629371
4068,216,60,mid,1.0,1.0
4069,216,60,mid,1.0,1.0
4070,215,60,tail,0.9833333333333333,0.9833333333333333
4071,540,143,head,0.993006993006993,0.993006993006993
4072,215,60,tail,1.0,1.0
4073,538,143,mid,1.0,1.0
4074,542,144,head,0.9722222222222222,0.9722222222222222
4075,216,60,mid,1.0,1.0
4076,540,144,head,0.9791666666666666,0.9791666666666666
4077,435,120,mid,0.9833333333333333,0.9833333333333333
4078,539,145,mid,0.993103448275862,0.993103448275862
4079,216,60,mid,1.0,1.0
4080,542,141,head,0.9787234042553191,0.9787234042553191
4081,538,143,mid,0.993006993006993,0.993006993006993
4082,539,141,mid,0.9716312056737588,0.9716312056737588
4083,539,141,mid,0.950354609929078,0.950354609929078
4084,541,139,head,0.9712230215827338,0.9712230215827338
4085,216,60,mid,0.9666666666666667,0.9666666666666667
4086,540,144,head,0.9861111111111112,0.9861111111111112
4087,540,142,head,0.9859154929577465,0.9859154929577465
4088,216,60,mid,1.0,1.0
4089,216,60,mid,0.9833333333333333,0.9833333333333333
4090,216,60,mid,0.9833333333333333,0.9833333333333333
4091,538,140,mid,0.9571428571428572,0.9571428571428572
4092,216,60,mid,1.0,1.0
4093,216,60,mid,1.0,1.0
4094,216,60,mid,0.9833333333333333,0.9833333333333333
4095,542,142,head,0.9929577464788732,0.9929577464788732
4096,533,143,mid,0.965034965034965,0.965034965034965
4097,538,143,mid,0.9790209790209791,0.9790209790209791
4098,216,60,mid,0.9833333333333333,0.9833333333333333
4099,535,143,mid,1.0,1.0
4100,541,142,head,0.9929577464788732,0.9929577464788732
4101,215,60,tail,1.0,1.0
4102,216,60,mid,1.0,1.0
4103,540,143,head,0.986013986013986,0.986013986013986
4104,540,142,head,0.9788732394366197,0.9788732394366197
4105,542,141,head,0.9929078014184397,0.9929078014184397
4106,216,60,mid,1.0,1.0
4107,538,143,mid,0.993006993006993,0.993006993006993
4108,536,141,mid,0.9787234042553191,0.9787234042553191
4109,535,144,mid,1.0,1.0
4110,216,59,mid,1.0,1.0
4111,536,142,mid,0.9788732394366197,0.9788732394366197
4112,216,60,mid,1.0,1.0
4113,537,142,mid,0.9788732394366197,0.9788732394366197
4114,216,60,mid,1.0,1.0
4115,216,60,mid,1.0,1.0
4116,216,60,mid,0.9833333333333333,0.9833333333333333
4117,538,142,mid,0.9929577464788732,0.9929577464788732
4118,537,143,mid,0.993006993006993,0.993006993006993
4119,538,143,mid,0.9790209790209791,0.9790209790209791
4120,215,60,tail,1.0,1.0
4121,216,60,mid,1.0,1.0
4122,216,60,mid,0.9833333333333333,0.9833333333333333
4123,216,58,mid,1.0,1.0
4124,216,60,mid,1.0,1.0
4125,216,60,mid,1.0,1.0
4126,215,59,tail,1.0,1.0
4127,539,144,mid,0.9027777777777778,0.9027777777777778
4128,216,60,mid,0.9666666666666667,0.9666666666666667
4129,536,143,mid,0.972027972027972,0.972027972027972
4130,537,144,mid,0.9652777777777778,0.9652777777777778
4131,215,60,tail,0.9833333333333333,0.9833333333333333
4132,539,142,mid,0.9859154929577465,0.9859154929577465
4133,214,59,tail,0.9830508474576272,0.9830508474576272
4134,213,60,tail,0.9,0.9
4135,534,143,mid,0.986013986013986,0.986013986013986
4136,216,60,mid,0.9666666666666667,0.9666666666666667
4137,213,60,tail,0.8833333333333333,0.8833333333333333
4138,216,60,mid,1.0,1.0
4139,540,142,head,0.9366197183098591,0.9366197183098591
4140,216,60,mid,0.9833333333333333,0.9833333333333333
4141,216,59,mid,0.9661016949152542,0.9661016949152542
4142,213,60,tail,0.9833333333333333,0.9833333333333333
4143,216,60,mid,0.9833333333333333,0.9833333333333333
4144,540,143,head,0.9300699300699301,0.9300699300699301
4145,540,144,head,0.9791666666666666,0.9791666666666666
4146,526,138,mid,0.9202898550724637,0.9202898550724637
4147,315,83,mid,1.0,1.0
4148,216,60,mid,0.9666666666666667,0.9666666666666667
4149,540,143,head,0.9370629370629371,0.9370629370629371
4150,216,60,mid,0.9666666666666667,0.9666666666666667
4151,536,144,mid,0.9375,0.9375
4152,536,143,mid,0.993006993006993,0.993006993006993
4153,215,60,tail,0.9833333333333333,0.9833333333333333
4154,214,60,tail,0.9666666666666667,0.9666666666666667
4155,541,140,head,0.9714285714285714,0.9714285714285714
4156,538,142,mid,1.0,1.0
4157,216,60,mid,0.95,0.95
4158,214,60,tail,0.8666666666666667,0.8666666666666667
4159,216,60,mid,1.0,1.0
4160,315,83,mid,0.9759036144578314,0.9759036144578314
4161,540,142,head,0.971830985915493,0.971830985915493
4162,538,142,mid,0.971830985915493,0.971830985915493
4163,216,60,mid,0.95,0.95
4164,216,60,mid,0.9833333333333333,0.9833333333333333
4165,539,142,mid,1.0,1.0
4166,215,60,tail,0.9833333333333333,0.9833333333333333
4167,216,60,mid,1.0,1.0
4168,216,60,mid,0.9833333333333333,0.9833333333333333
4169,216,59,mid,0.9830508474576272,0.9830508474576272
4170,542,143,head,0.986013986013986,0.986013986013986
4171,216,59,mid,0.9661016949152542,0.9661016949152542
4172,540,143,head,0.972027972027972,0.972027972027972
4173,539,144,mid,0.9791666666666666,0.9791666666666666
4174,540,141,head,0.9290780141843972,0.9290780141843972
4175,540,144,head,0.9722222222222222,0.9722222222222222
4176,534,143,mid,0.986013986013986,0.986013986013986
4177,537,142,mid,0.9859154929577465,0.9859154929577465
4178,539,142,mid,0.9295774647887324,0.9295774647887324
4179,542,143,head,0.972027972027972,0.972027972027972
4180,538,144,mid,0.9791666666666666,0.9791666666666666
4181,540,143,head,0.986013986013986,0.986013986013986
4182,540,144,head,0.9861111111111112,0.9861111111111112
4183,529,143,mid,0.9090909090909091,0.9090909090909091
4184,316,83,mid,0.9156626506024096,0.9156626506024096
4185,539,144,mid,0.9861111111111112,0.9861111111111112
4186,539,144,mid,0.9444444444444444,0.9444444444444444
4187,216,58,mid,0.9827586206896551,0.9827586206896551
4188,540,142,head,0.9295774647887324,0.9295774647887324
4189,540,142,head,0.9436619718309859,0.9436619718309859
4190,540,143,head,0.993006993006993,0.993006993006993
4191,536,143,mid,0.916083916083916,0.916083916083916
4192,316,83,mid,0.963855421686747,0.963855421686747
4193,215,60,tail,0.9833333333333333,0.9833333333333333
4194,539,143,mid,0.9440559440559441,0.9440559440559441
4195,542,142,head,0.9436619718309859,0.9436619718309859
4196,539,143,mid,0.965034965034965,0.965034965034965
4197,542,144,head,0.9375,0.9375
4198,535,140,mid,0.9714285714285714,0.9714285714285714
4199,215,60,tail,1.0,1.0
4200,540,142,head,0.971830985915493,0.971830985915493
4201,216,60,mid,0.9666666666666667,0.9666666666666667
4202,216,60,mid,0.9666666666666667,0.9666666666666667
4203,216,60,mid,0.9666666666666667,0.9666666666666667
4204,543,142,head,0.9859154929577465,0.9859154929577465
4205,540,144,head,0.9722222222222222,0.9722222222222222
4206,537,142,mid,0.971830985915493,0.971830985915493
4207,216,60,mid,1.0,1.0
4208,544,142,head,0.9859154929577465,0.9859154929577465
4209,537,142,mid,0.9436619718309859,0.9436619718309859
4210,216,60,mid,0.9666666666666667,0.9666666666666667
4211,542,140,head,0.9785714285714285,0.9785714285714285
4212,216,60,mid,0.95,0.95
4213,538,143,mid,0.972027972027972,0.972027972027972
4214,216,60,mid,1.0,1.0
4215,216,60,mid,0.9666666666666667,0.9666666666666667
4216,542,141,head,0.9858156028368794,0.9858156028368794
4217,534,142,mid,0.9436619718309859,0.9436619718309859
4218,531,141,mid,0.9716312056737588,0.9716312056737588
4219,539,141,mid,0.9716312056737588,0.9716312056737588
4220,215,59,tail,1.0,1.0
4221,214,60,tail,1.0,1.0
4222,534,142,mid,0.9929577464788732,0.9929577464788732
4223,214,60,tail,1.0,1.0
4224,538,143,mid,0.9790209790209791,0.9790209790209791
4225,215,60,tail,1.0,1.0
4226,540,144,head,0.9444444444444444,0.9444444444444444
4227,540,143,head,0.9230769230769231,0.9230769230769231
4228,537,143,mid,0.9790209790209791,0.9790209790209791
4229,216,60,mid,1.0,1.0
4230,216,60,mid,0.9833333333333333,0.9833333333333333
4231,539,143,mid,0.972027972027972,0.972027972027972
4232,541,142,head,0.971830985915493,0.971830985915493
4233,216,60,mid,1.0,1.0
4234,540,143,head,0.972027972027972,0.972027972027972
4235,539,144,mid,0.9930555555555556,0.9930555555555556
4236,540,143,head,0.965034965034965,0.965034965034965
4237,214,60,tail,0.95,0.95
4238,216,59,mid,0.9491525423728814,0.9491525423728814
4239,214,60,tail,0.9833333333333333,0.9833333333333333
4240,532,144,mid,0.9444444444444444,0.9444444444444444
4241,540,144,head,0.9722222222222222,0.9722222222222222
4242,539,143,mid,0.9370629370629371,0.9370629370629371
4243,216,60,mid,1.0,1.0
4244,538,142,mid,0.9295774647887324,0.9295774647887324
4245,542,141,head,1.0,1.0
4246,540,144,head,0.9652777777777778,0.9652777777777778
4247,539,142,mid,0.9788732394366197,0.9788732394366197
4248,538,142,mid,0.9577464788732394,0.9577464788732394
4249,537,144,mid,0.9861111111111112,0.9861111111111112
4250,216,60,mid,1.0,1.0
4251,213,60,tail,0.9833333333333333,0.9833333333333333
4252,537,143,mid,1.0,1.0
4253,216,60,mid,1.0,1.0
4254,216,60,mid,1.0,1.0
4255,216,59,mid,0.9830508474576272,0.9830508474576272
4256,215,60,tail,1.0,1.0
4257,214,60,tail,1.0,1.0
4258,212,60,tail,1.0,1.0
4259,533,141,mid,1.0,1.0
4260,539,142,mid,0.8943661971830986,0.8943661971830986
4261,215,60,tail,1.0,1.0
4262,537,143,mid,0.9300699300699301,0.9300699300699301
4263,542,145,head,0.9724137931034482,0.9724137931034482
4264,538,142,mid,0.8661971830985915,0.8661971830985915
4265,541,144,head,0.8541666666666666,0.8541666666666666
4266,539,145,mid,0.993103448275862,0.993103448275862
4267,537,144,mid,0.9513888888888888,0.9513888888888888
4268,540,142,head,0.9929577464788732,0.9929577464788732
4269,216,60,mid,0.9666666666666667,0.9666666666666667
4270,540,141,head,0.950354609929078,0.950354609929078
4271,542,142,head,0.9577464788732394,0.9577464788732394
4272,540,142,head,0.9788732394366197,0.9788732394366197
4273,216,60,mid,0.9833333333333333,0.9833333333333333
4274,216,60,mid,0.95,0.95
4275,540,141,head,0.9361702127659575,0.9361702127659575
4276,215,60,tail,0.9333333333333333,0.9333333333333333
4277,216,60,mid,0.9833333333333333,0.9833333333333333
4278,540,140,head,0.9642857142857143,0.9642857142857143
4279,214,60,tail,0.9833333333333333,0.9833333333333333
4280,216,60,mid,0.9833333333333333,0.9833333333333333
4281,536,143,mid,0.993006993006993,0.993006993006993
4282,216,60,mid,0.9833333333333333,0.9833333333333333
4283,541,143,head,0.9300699300699301,0.9300699300699301
4284,543,143,head,0.958041958041958,0.958041958041958
4285,215,58,tail,0.9655172413793104,0.9655172413793104
4286,317,82,mid,0.8780487804878049,0.8780487804878049
4287,539,142,mid,0.9788732394366197,0.9788732394366197
4288,216,60,mid,0.9666666666666667,0.9666666666666667
4289,216,60,mid,0.9833333333333333,0.9833333333333333
4290,316,83,mid,0.9036144578313253,0.9036144578313253
4291,216,60,mid,0.9833333333333333,0.9833333333333333
4292,542,142,head,0.9788732394366197,0.9788732394366197
4293,541,142,head,0.9929577464788732,0.9929577464788732
4294,216,60,mid,0.9666666666666667,0.9666666666666667
4295,216,59,mid,0.9322033898305084,0.9322033898305084
4296,539,141,mid,0.9148936170212766,0.9148936170212766
4297,216,60,mid,1.0,1.0
4298,216,60,mid,0.9666666666666667,0.9666666666666667
4299,217,60,mid,1.0,1.0
4300,216,60,mid,1.0,1.0
4301,537,141,mid,0.9574468085106383,0.9574468085106383
4302,539,142,mid,0.9859154929577465,0.9859154929577465
4303,216,60,mid,0.9833333333333333,0.9833333333333333
4304,216,60,mid,0.95,0.95
4305,216,59,mid,0.9830508474576272,0.9830508474576272
4306,540,142,head,0.9225352112676056,0.9225352112676056
4307,539,144,mid,0.9930555555555556,0.9930555555555556
4308,216,59,mid,0.9830508474576272,0.9830508474576272
4309,540,141,head,0.9929078014184397,0.9929078014184397
4310,538,144,mid,0.9791666666666666,0.9791666666666666
4311,541,141,head,0.9574468085106383,0.9574468085106383
4312,540,142,head,0.9577464788732394,0.9577464788732394
4313,541,142,head,0.9154929577464789,0.9154929577464789
4314,543,143,head,0.986013986013986,0.986013986013986
4315,215,60,tail,0.9833333333333333,0.9833333333333333
4316,216,60,mid,0.9833333333333333,0.9833333333333333
4317,538,142,mid,1.0,1.0
4318,216,60,mid,1.0,1.0
4319,315,83,mid,0.8795180722891566,0.8795180722891566
4320,216,60,mid,0.9833333333333333,0.9833333333333333
4321,216,60,mid,1.0,1.0
4322,216,59,mid,1.0,1.0
4323,216,60,mid,0.9833333333333333,0.9833333333333333
4324,216,60,mid,0.9833333333333333,0.9833333333333333
4325,216,60,mid,0.9833333333333333,0.9833333333333333
4326,537,143,mid,0.993006993006993,0.993006993006993
4327,542,141,head,0.9645390070921985,0.9645390070921985
4328,216,60,mid,1.0,1.0
4329,216,60,mid,0.9666666666666667,0.9666666666666667
4330,537,142,mid,0.9295774647887324,0.9295774647887324
4331,538,143,mid,0.972027972027972,0.972027972027972
4332,215,60,tail,0.95,0.95
4333,539,141,mid,1.0,1.0
4334,216,60,mid,0.9833333333333333,0.9833333333333333
4335,215,60,tail,0.9833333333333333,0.9833333333333333
4336,542,140,head,0.9857142857142858,0.9857142857142858
4337,537,141,mid,0.9858156028368794,0.9858156028368794
4338,537,143,mid,0.8601398601398601,0.8601398601398601
4339,216,60,mid,0.95,0.95
4340,216,60,mid,0.9666666666666667,0.9666666666666667
4341,542,141,head,0.9645390070921985,0.9645390070921985
4342,216,60,mid,0.9833333333333333,0.9833333333333333
4343,215,60,tail,1.0,1.0
4344,216,60,mid,0.9833333333333333,0.9833333333333333
4345,216,60,mid,0.9833333333333333,0.9833333333333333
4346,537,142,mid,0.9788732394366197,0.9788732394366197
4347,216,60,mid,0.9833333333333333,0.9833333333333333
4348,315,81,mid,0.9506172839506173,0.9506172839506173
4349,216,60,mid,0.9666666666666667,0.9666666666666667
4350,537,142,mid,0.9859154929577465,0.9859154929577465
4351,539,143,mid,0.972027972027972,0.972027972027972
4352,216,60,mid,0.9833333333333333,0.9833333333333333
4353,216,60,mid,0.95,0.95
4354,216,60,mid,1.0,1.0
4355,540,143,head,0.9790209790209791,0.9790209790209791
4356,538,144,mid,0.9861111111111112,0.9861111111111112
4357,216,60,mid,0.9833333333333333,0.9833333333333333
4358,216,60,mid,1.0,1.0
4359,216,60,mid,0.9833333333333333,0.9833333333333333
4360,536,142,mid,0.9507042253521126,0.9507042253521126
4361,539,140,mid,0.9571428571428572,0.9571428571428572
4362,216,60,mid,0.9833333333333333,0.9833333333333333
4363,215,60,tail,0.9833333333333333,0.9833333333333333
4364,537,140,mid,0.9928571428571429,0.9928571428571429
4365,216,60,mid,0.9333333333333333,0.9333333333333333
4366,216,60,mid,1.0,1.0
4367,216,59,mid,0.9830508474576272,0.9830508474576272
4368,214,59,tail,1.0,1.0
4369,537,143,mid,0.958041958041958,0.958041958041958
4370,539,143,mid,0.965034965034965,0.965034965034965
4371,536,143,mid,0.9440559440559441,0.9440559440559441
4372,216,60,mid,0.9833333333333333,0.9833333333333333
4373,216,60,mid,0.9833333333333333,0.9833333333333333
4374,216,60,mid,0.9833333333333333,0.9833333333333333
4375,543,141,head,0.9929078014184397,0.9929078014184397
4376,216,60,mid,0.9666666666666667,0.9666666666666667
4377,216,60,mid,0.9666666666666667,0.9666666666666667
4378,216,57,mid,1.0,1.0
4379,216,60,mid,1.0,1.0
4380,216,60,mid,0.9833333333333333,0.9833333333333333
4381,216,59,mid,0.9830508474576272,0.9830508474576272
4382,215,60,tail,0.9833333333333333,0.9833333333333333
4383,216,60,mid,0.9833333333333333,0.9833333333333333
4384,537,142,mid,0.9366197183098591,0.9366197183098591
4385,216,60,mid,0.9833333333333333,0.9833333333333333
4386,315,83,mid,0.9759036144578314,0.9759036144578314
4387,538,142,mid,0.9507042253521126,0.9507042253521126
4388,216,60,mid,1.0,1.0
4389,216,60,mid,0.95,0.95
4390,539,142,mid,0.9859154929577465,0.9859154929577465
4391,540,144,head,0.8819444444444444,0.8819444444444444
4392,216,59,mid,0.9830508474576272,0.9830508474576272
4393,539,143,mid,0.965034965034965,0.965034965034965
4394,216,60,mid,0.9833333333333333,0.9833333333333333
4395,537,143,mid,0.965034965034965,0.965034965034965
4396,542,141,head,0.9858156028368794,0.9858156028368794
4397,216,59,mid,1.0,1.0
4398,538,142,mid,0.9577464788732394,0.9577464788732394
4399,537,141,mid,0.950354609929078,0.950354609929078
4400,543,143,head,0.986013986013986,0.986013986013986
4401,541,146,head,0.9657534246575342,0.9657534246575342
4402,216,59,mid,0.9830508474576272,0.9830508474576272
4403,216,59,mid,1.0,1.0
4404,216,59,mid,1.0,1.0
4405,537,143,mid,0.9370629370629371,0.9370629370629371
4406,216,60,mid,0.9666666666666667,0.9666666666666667
4407,538,144,mid,0.9652777777777778,0.9652777777777778
4408,537,140,mid,1.0,1.0
4409,540,140,head,0.9857142857142858,0.9857142857142858
4410,534,140,mid,0.9642857142857143,0.9642857142857143
4411,539,141,mid,0.851063829787234,0.851063829787234
4412,216,59,mid,0.9830508474576272,0.9830508474576272
4413,438,118,mid,1.0,1.0
4414,540,142,head,0.9647887323943662,0.9647887323943662
4415,216,60,mid,0.9833333333333333,0.9833333333333333
4416,216,60,mid,0.9833333333333333,0.9833333333333333
4417,540,144,head,0.9861111111111112,0.9861111111111112
4418,216,60,mid,0.9666666666666667,0.9666666666666667
4419,216,60,mid,1.0,1.0
4420,214,60,tail,0.9833333333333333,0.9833333333333333
4421,216,59,mid,1.0,1.0
4422,540,143,head,0.993006993006993,0.993006993006993
4423,216,60,mid,0.9833333333333333,0.9833333333333333
4424,216,59,mid,1.0,1.0
4425,539,140,mid,0.9642857142857143,0.9642857142857143
4426,538,142,mid,0.9436619718309859,0.9436619718309859
4427,216,60,mid,1.0,1.0
4428,539,142,mid,0.9859154929577465,0.9859154929577465
4429,537,144,mid,0.9722222222222222,0.9722222222222222
4430,541,144,head,0.9583333333333334,0.9583333333333334
4431,533,143,mid,0.9300699300699301,0.9300699300699301
4432,216,60,mid,1.0,1.0
4433,539,144,mid,0.9791666666666666,0.9791666666666666
4434,215,60,tail,0.8166666666666667,0.8166666666666667
4435,216,60,mid,0.9166666666666666,0.9166666666666666
4436,540,143,head,0.8461538461538461,0.8461538461538461
4437,541,143,head,0.986013986013986,0.986013986013986
4438,535,142,mid,0.9788732394366197,0.9788732394366197
4439,537,142,mid,0.9154929577464789,0.9154929577464789
4440,539,143,mid,0.972027972027972,0.972027972027972
4441,538,142,mid,0.9366197183098591,0.9366197183098591
4442,537,142,mid,0.9647887323943662,0.9647887323943662
4443,538,143,mid,0.986013986013986,0.986013986013986
4444,216,59,mid,0.9661016949152542,0.9661016949152542
4445,216,59,mid,0.9830508474576272,0.9830508474576272
4446,213,56,tail,0.9642857142857143,0.9642857142857143
4447,216,60,mid,0.9833333333333333,0.9833333333333333
4448,539,141,mid,0.9929078014184397,0.9929078014184397
4449,216,60,mid,1.0,1.0
4450,214,60,tail,0.9833333333333333,0.9833333333333333
4451,533,142,mid,0.9859154929577465,0.9859154929577465
4452,216,60,mid,1.0,1.0
4453,216,56,mid,0.9642857142857143,0.9642857142857143
4454,540,142,head,0.9507042253521126,0.9507042253521126
4455,216,59,mid,0.9830508474576272,0.9830508474576272
4456,541,143,head,0.916083916083916,0.916083916083916
4457,216,59,mid,0.9661016949152542,0.9661016949152542
4458,536,143,mid,0.8951048951048951,0.8951048951048951
4459,216,58,mid,1.0,1.0
4460,542,143,head,0.972027972027972,0.972027972027972
4461,540,143,head,0.8881118881118881,0.8881118881118881
4462,216,59,mid,1.0,1.0
4463,216,59,mid,1.0,1.0
4464,538,142,mid,0.8802816901408451,0.8802816901408451
4465,537,143,mid,0.965034965034965,0.965034965034965
4466,540,142,head,0.8873239436619719,0.8873239436619719
4467,216,59,mid,0.9152542372881356,0.9152542372881356
4468,542,141,head,0.9148936170212766,0.9148936170212766
4469,216,59,mid,0.9830508474576272,0.9830508474576272
4470,538,143,mid,0.9090909090909091,0.9090909090909091
4471,541,142,head,0.9507042253521126,0.9507042253521126
4472,537,143,mid,0.9370629370629371,0.9370629370629371
4473,216,60,mid,0.9666666666666667,0.9666666666666667
4474,538,141,mid,0.9716312056737588,0.9716312056737588
4475,536,142,mid,0.9295774647887324,0.9295774647887324
4476,540,142,head,0.9154929577464789,0.9154929577464789
4477,541,143,head,0.916083916083916,0.916083916083916
4478,539,142,mid,0.9225352112676056,0.9225352112676056
4479,539,140,mid,0.8857142857142857,0.8857142857142857
4480,215,60,tail,0.9666666666666667,0.9666666666666667
4481,538,142,mid,0.9366197183098591,0.9366197183098591
4482,216,58,mid,1.0,1.0
4483,538,143,mid,0.9230769230769231,0.9230769230769231
4484,217,59,mid,1.0,1.0
4485,215,58,tail,0.9655172413793104,0.9655172413793104
4486,216,58,mid,1.0,1.0
4487,538,142,mid,0.971830985915493,0.971830985915493
4488,540,144,head,0.8958333333333334,0.8958333333333334
4489,539,141,mid,0.950354609929078,0.950354609929078
4490,541,143,head,0.9230769230769231,0.9230769230769231
4491,540,145,head,0.9241379310344827,0.9241379310344827
4492,537,144,mid,0.9722222222222222,0.9722222222222222
4493,216,59,mid,0.9830508474576272,0.9830508474576272
4494,542,140,head,0.9214285714285714,0.9214285714285714
4495,216,59,mid,1.0,1.0
4496,216,59,mid,1.0,1.0
4497,538,144,mid,0.9513888888888888,0.9513888888888888
4498,540,142,head,0.9154929577464789,0.9154929577464789
4499,541,143,head,0.9090909090909091,0.9090909090909091
4500,214,59,tail,0.9322033898305084,0.9322033898305084
4501,542,142,head,0.9788732394366197,0.9788732394366197
4502,536,143,mid,0.951048951048951,0.951048951048951
4503,539,143,mid,0.9230769230769231,0.9230769230769231
4504,215,59,tail,1.0,1.0
4505,538,144,mid,0.9236111111111112,0.9236111111111112
4506,216,59,mid,1.0,1.0
4507,538,139,mid,0.9496402877697842,0.9496402877697842
4508,533,142,mid,0.8802816901408451,0.8802816901408451
4509,539,142,mid,0.9295774647887324,0.9295774647887324
4510,216,59,mid,0.9491525423728814,0.9491525423728814
4511,537,142,mid,0.9084507042253521,0.9084507042253521
4512,540,142,head,0.9436619718309859,0.9436619718309859
4513,532,141,mid,0.8865248226950354,0.8865248226950354
4514,538,141,mid,0.9716312056737588,0.9716312056737588
4515,216,59,mid,0.9830508474576272,0.9830508474576272
4516,216,59,mid,0.9322033898305084,0.9322033898305084
4517,537,142,mid,0.8450704225352113,0.8450704225352113
4518,540,144,head,0.9097222222222222,0.9097222222222222
4519,215,60,tail,0.9833333333333333,0.9833333333333333
4520,531,144,mid,0.9375,0.9375
4521,535,141,mid,0.8936170212765957,0.8936170212765957
4522,538,142,mid,0.9507042253521126,0.9507042253521126
4523,216,59,mid,0.9830508474576272,0.9830508474576272
4524,537,141,mid,0.900709219858156,0.900709219858156
4525,540,143,head,0.9440559440559441,0.9440559440559441
4526,216,59,mid,0.9830508474576272,0.9830508474576272
4527,540,143,head,0.9440559440559441,0.9440559440559441
4528,216,59,mid,0.9830508474576272,0.9830508474576272
4529,216,58,mid,0.9482758620689655,0.9482758620689655
4530,537,140,mid,0.9571428571428572,0.9571428571428572
4531,216,59,mid,0.9491525423728814,0.9491525423728814
4532,216,59,mid,0.9830508474576272,0.9830508474576272
4533,536,144,mid,0.9305555555555556,0.9305555555555556
4534,541,142,head,0.9647887323943662,0.9647887323943662
4535,537,143,mid,0.9790209790209791,0.9790209790209791
4536,216,59,mid,0.9830508474576272,0.9830508474576272
4537,544,142,head,0.9929577464788732,0.9929577464788732
4538,543,142,head,0.9507042253521126,0.9507042253521126
4539,216,60,mid,1.0,1.0
4540,216,59,mid,1.0,1.0
4541,216,59,mid,0.9661016949152542,0.9661016949152542
4542,540,144,head,0.8958333333333334,0.8958333333333334
4543,539,145,mid,0.903448275862069,0.903448275862069
4544,216,59,mid,0.9661016949152542,0.9661016949152542
4545,538,142,mid,0.9295774647887324,0.9295774647887324
4546,540,143,head,0.986013986013986,0.986013986013986
4547,216,59,mid,0.9830508474576272,0.9830508474576272
4548,216,59,mid,0.9830508474576272,0.9830508474576272
4549,216,58,mid,0.9827586206896551,0.9827586206896551
4550,537,142,mid,0.9366197183098591,0.9366197183098591
4551,535,143,mid,0.951048951048951,0.951048951048951
4552,538,142,mid,0.9929577464788732,0.9929577464788732
4553,216,59,mid,0.9830508474576272,0.9830508474576272
4554,216,59,mid,0.9830508474576272,0.9830508474576272
4555,539,140,mid,0.9714285714285714,0.9714285714285714
4556,216,58,mid,0.9482758620689655,0.9482758620689655
4557,216,59,mid,0.9661016949152542,0.9661016949152542
4558,216,59,mid,1.0,1.0
4559,532,139,mid,0.935251798561151,0.935251798561151
4560,216,59,mid,0.9830508474576272,0.9830508474576272
4561,215,58,tail,0.9827586206896551,0.9827586206896551
4562,216,59,mid,0.9830508474576272,0.9830508474576272
4563,539,141,mid,0.950354609929078,0.950354609929078
4564,540,141,head,0.9716312056737588,0.9716312056737588
4565,536,143,mid,0.9440559440559441,0.9440559440559441
4566,540,142,head,0.9366197183098591,0.9366197183098591
4567,213,59,tail,1.0,1.0
4568,543,142,head,0.9436619718309859,0.9436619718309859
4569,216,60,mid,1.0,1.0
4570,542,142,head,0.9225352112676056,0.9225352112676056
4571,216,60,mid,1.0,1.0
4572,216,60,mid,0.9833333333333333,0.9833333333333333
4573,541,139,head,0.9640287769784173,0.9640287769784173
4574,216,60,mid,0.9833333333333333,0.9833333333333333
4575,540,143,head,0.972027972027972,0.972027972027972
4576,216,60,mid,1.0,1.0
4577,216,60,mid,0.9666666666666667,0.9666666666666667
4578,216,60,mid,0.9666666666666667,0.9666666666666667
4579,315,80,mid,0.925,0.925
4580,216,60,mid,0.9833333333333333,0.9833333333333333
4581,215,59,tail,0.9830508474576272,0.9830508474576272
4582,216,60,mid,0.9666666666666667,0.9666666666666667
4583,540,143,head,0.986013986013986,0.986013986013986
4584,537,143,mid,0.993006993006993,0.993006993006993
4585,216,60,mid,0.9666666666666667,0.9666666666666667
4586,216,60,mid,0.9833333333333333,0.9833333333333333
4587,216,60,mid,1.0,1.0
4588,317,83,mid,0.8433734939759037,0.8433734939759037
4589,538,142,mid,0.9929577464788732,0.9929577464788732
4590,216,60,mid,0.9833333333333333,0.9833333333333333
4591,316,84,mid,0.9761904761904762,0.9761904761904762
4592,216,60,mid,0.95,0.95
4593,216,60,mid,0.95,0.95
4594,216,60,mid,0.9833333333333333,0.9833333333333333
4595,540,143,head,0.8881118881118881,0.8881118881118881
4596,215,59,tail,1.0,1.0
4597,215,60,tail,1.0,1.0
4598,534,141,mid,0.9929078014184397,0.9929078014184397
4599,537,143,mid,0.986013986013986,0.986013986013986
4600,216,60,mid,1.0,1.0
4601,216,60,mid,0.9666666666666667,0.9666666666666667
4602,216,60,mid,1.0,1.0
4603,542,142,head,0.9859154929577465,0.9859154929577465
4604,541,143,head,0.972027972027972,0.972027972027972
4605,213,60,tail,0.9666666666666667,0.9666666666666667
4606,539,140,mid,0.9642857142857143,0.9642857142857143
4607,537,143,mid,0.972027972027972,0.972027972027972
4608,216,60,mid,1.0,1.0
4609,539,142,mid,1.0,1.0
4610,216,60,mid,1.0,1.0
4611,216,60,mid,1.0,1.0
4612,543,140,head,0.9928571428571429,0.9928571428571429
4613,216,60,mid,1.0,1.0
4614,539,143,mid,0.986013986013986,0.986013986013986
4615,538,142,mid,0.971830985915493,0.971830985915493
4616,540,143,head,0.972027972027972,0.972027972027972
4617,216,60,mid,1.0,1.0
4618,540,142,head,0.9295774647887324,0.9295774647887324
4619,215,60,tail,0.9833333333333333,0.9833333333333333
4620,216,60,mid,1.0,1.0
4621,214,60,tail,1.0,1.0
4622,215,60,tail,1.0,1.0
4623,216,60,mid,1.0,1.0
4624,540,144,head,0.9444444444444444,0.9444444444444444
4625,535,144,mid,0.9791666666666666,0.9791666666666666
4626,532,144,mid,0.9791666666666666,0.9791666666666666
4627,216,59,mid,0.9830508474576272,0.9830508474576272
4628,538,141,mid,0.9432624113475178,0.9432624113475178
4629,539,143,mid,0.986013986013986,0.986013986013986
4630,216,57,mid,1.0,1.0
4631,540,143,head,0.9790209790209791,0.9790209790209791
4632,215,60,tail,0.9833333333333333,0.9833333333333333
4633,540,143,head,0.993006993006993,0.993006993006993
4634,538,144,mid,0.9444444444444444,0.9444444444444444
4635,216,59,mid,1.0,1.0
4636,216,59,mid,1.0,1.0
4637,216,59,mid,1.0,1.0
4638,214,59,tail,0.9830508474576272,0.9830508474576272
4639,215,59,tail,0.9830508474576272,0.9830508474576272
4640,537,142,mid,0.9859154929577465,0.9859154929577465
4641,216,59,mid,1.0,1.0
4642,541,142,head,1.0,1.0
4643,216,60,mid,1.0,1.0
4644,543,143,head,0.986013986013986,0.986013986013986
4645,537,142,mid,0.971830985915493,0.971830985915493
4646,215,60,tail,0.9833333333333333,0.9833333333333333
4647,540,143,head,1.0,1.0
4648,315,83,mid,0.9879518072289156,0.9879518072289156
4649,540,144,head,0.9930555555555556,0.9930555555555556
4650,216,60,mid,0.9833333333333333,0.9833333333333333
4651,536,142,mid,1.0,1.0
4652,216,59,mid,1.0,1.0
4653,216,60,mid,0.9666666666666667,0.9666666666666667
4654,542,142,head,0.9859154929577465,0.9859154929577465
4655,540,141,head,1.0,1.0
4656,216,60,mid,1.0,1.0
4657,216,60,mid,1.0,1.0
4658,216,60,mid,0.9833333333333333,0.9833333333333333
4659,317,82,mid,1.0,1.0
4660,216,60,mid,1.0,1.0
4661,215,60,tail,1.0,1.0
4662,536,140,mid,1.0,1.0
4663,536,141,mid,1.0,1.0
4664,215,60,tail,1.0,1.0
4665,541,142,head,0.9788732394366197,0.9788732394366197
4666,540,144,head,0.9652777777777778,0.9652777777777778
4667,542,144,head,0.9930555555555556,0.9930555555555556
4668,534,141,mid,0.9716312056737588,0.9716312056737588
4669,538,144,mid,0.9513888888888888,0.9513888888888888
4670,216,59,mid,0.9830508474576272,0.9830508474576272
4671,542,145,head,0.9655172413793104,0.9655172413793104
4672,216,60,mid,1.0,1.0
4673,215,60,tail,0.9666666666666667,0.9666666666666667
4674,541,142,head,0.9436619718309859,0.9436619718309859
4675,530,141,mid,0.9148936170212766,0.9148936170212766
4676,539,143,mid,0.986013986013986,0.986013986013986
4677,213,60,tail,0.9666666666666667,0.9666666666666667
4678,215,59,tail,0.9830508474576272,0.9830508474576272
4679,542,142,head,0.9929577464788732,0.9929577464788732
4680,214,60,tail,0.9833333333333333,0.9833333333333333
4681,541,142,head,1.0,1.0
4682,540,144,head,0.9930555555555556,0.9930555555555556
4683,541,141,head,0.9716312056737588,0.9716312056737588
4684,216,58,mid,0.9827586206896551,0.9827586206896551
4685,216,59,mid,0.9830508474576272,0.9830508474576272
4686,215,60,tail,1.0,1.0
4687,216,60,mid,1.0,1.0
4688,216,60,mid,1.0,1.0
4689,215,60,tail,1.0,1.0
4690,214,60,tail,0.9666666666666667,0.9666666666666667
4691,215,59,tail,1.0,1.0
4692,535,144,mid,0.9930555555555556,0.9930555555555556
4693,212,59,tail,1.0,1.0
4694,216,60,mid,0.9833333333333333,0.9833333333333333
4695,214,59,tail,0.9830508474576272,0.9830508474576272
4696,540,141,head,0.9858156028368794,0.9858156028368794
4697,214,59,tail,0.9491525423728814,0.9491525423728814
4698,537,144,mid,0.9305555555555556,0.9305555555555556
4699,216,60,mid,1.0,1.0
4700,538,143,mid,0.9790209790209791,0.9790209790209791
4701,542,142,head,0.9929577464788732,0.9929577464788732
4702,540,141,head,1.0,1.0
4703,540,142,head,0.971830985915493,0.971830985915493
4704,540,142,head,1.0,1.0
4705,213,59,tail,1.0,1.0
4706,216,60,mid,0.9833333333333333,0.9833333333333333
4707,536,143,mid,0.9790209790209791,0.9790209790209791
4708,536,143,mid,0.9790209790209791,0.9790209790209791
4709,541,145,head,0.9655172413793104,0.9655172413793104
4710,216,60,mid,1.0,1.0
4711,215,60,tail,1.0,1.0
4712,536,142,mid,0.9929577464788732,0.9929577464788732
4713,532,142,mid,0.9929577464788732,0.9929577464788732
4714,539,144,mid,0.9722222222222222,0.9722222222222222
4715,215,60,tail,1.0,1.0
4716,543,142,head,0.9859154929577465,0.9859154929577465
4717,216,60,mid,1.0,1.0
4718,216,60,mid,1.0,1.0
4719,214,60,tail,0.9833333333333333,0.9833333333333333
4720,538,142,mid,1.0,1.0
4721,541,143,head,0.986013986013986,0.986013986013986
4722,538,143,mid,0.986013986013986,0.986013986013986
4723,531,142,mid,1.0,1.0
4724,539,143,mid,0.965034965034965,0.965034965034965
4725,536,141,mid,0.851063829787234,0.851063829787234
4726,538,141,mid,1.0,1.0
4727,216,60,mid,0.9,0.9
4728,540,142,head,0.9647887323943662,0.9647887323943662
4729,540,144,head,0.9236111111111112,0.9236111111111112
4730,541,142,head,0.9366197183098591,0.9366197183098591
4731,541,142,head,0.9788732394366197,0.9788732394366197
4732,216,60,mid,0.9833333333333333,0.9833333333333333
4733,541,142,head,0.9014084507042254,0.9014084507042254
4734,216,60,mid,0.9833333333333333,0.9833333333333333
4735,542,143,head,0.958041958041958,0.958041958041958
4736,536,141,mid,0.9716312056737588,0.9716312056737588
4737,541,145,head,0.9586206896551724,0.9586206896551724
4738,541,140,head,0.9571428571428572,0.9571428571428572
4739,540,141,head,0.9929078014184397,0.9929078014184397
4740,538,143,mid,0.958041958041958,0.958041958041958
4741,533,141,mid,0.9148936170212766,0.9148936170212766
4742,216,60,mid,1.0,1.0
4743,216,60,mid,1.0,1.0
4744,540,140,head,0.8642857142857143,0.8642857142857143
4745,538,143,mid,0.965034965034965,0.965034965034965
4746,216,60,mid,0.9833333333333333,0.9833333333333333
4747,542,145,head,0.8413793103448276,0.8413793103448276
4748,312,83,mid,0.9036144578313253,0.9036144578313253
4749,216,60,mid,1.0,1.0
4750,540,141,head,0.9574468085106383,0.9574468085106383
4751,216,60,mid,1.0,1.0
4752,215,59,tail,0.9661016949152542,0.9661016949152542
4753,538,142,mid,0.971830985915493,0.971830985915493
4754,540,144,head,0.9305555555555556,0.9305555555555556
4755,540,144,head,0.9583333333333334,0.9583333333333334
4756,540,141,head,0.9645390070921985,0.9645390070921985
4757,216,59,mid,0.9830508474576272,0.9830508474576272
4758,540,142,head,0.9295774647887324,0.9295774647887324
4759,216,60,mid,0.9333333333333333,0.9333333333333333
4760,541,142,head,0.9859154929577465,0.9859154929577465
4761,542,143,head,0.9370629370629371,0.9370629370629371
4762,216,59,mid,0.9830508474576272,0.9830508474576272
4763,537,142,mid,0.9366197183098591,0.9366197183098591
4764,539,144,mid,0.9444444444444444,0.9444444444444444
4765,215,60,tail,0.9833333333333333,0.9833333333333333
4766,216,60,mid,0.9333333333333333,0.9333333333333333
4767,536,144,mid,0.9722222222222222,0.9722222222222222
4768,216,59,mid,0.9830508474576272,0.9830508474576272
4769,539,144,mid,0.9444444444444444,0.9444444444444444
4770,216,59,mid,1.0,1.0
4771,543,142,head,0.9577464788732394,0.9577464788732394
4772,538,142,mid,0.9929577464788732,0.9929577464788732
4773,216,60,mid,1.0,1.0
4774,216,60,mid,0.9833333333333333,0.9833333333333333
4775,316,83,mid,0.891566265060241,0.891566265060241
4776,216,60,mid,0.9833333333333333,0.9833333333333333
4777,216,60,mid,0.9833333333333333,0.9833333333333333
4778,216,60,mid,1.0,1.0
4779,216,60,mid,0.9833333333333333,0.9833333333333333
4780,216,60,mid,1.0,1.0
4781,216,60,mid,1.0,1.0
4782,540,144,head,0.9722222222222222,0.9722222222222222
4783,540,142,head,0.9788732394366197,0.9788732394366197
4784,216,60,mid,0.9666666666666667,0.9666666666666667
4785,216,59,mid,0.9830508474576272,0.9830508474576272
4786,541,142,head,0.9859154929577465,0.9859154929577465
4787,215,60,tail,0.9833333333333333,0.9833333333333333
4788,538,143,mid,0.9440559440559441,0.9440559440559441
4789,540,143,head,1.0,1.0
4790,541,140,head,0.95,0.95
4791,216,59,mid,1.0,1.0
4792,538,144,mid,0.9791666666666666,0.9791666666666666
4793,542,144,head,0.9861111111111112,0.9861111111111112
4794,542,142,head,0.9647887323943662,0.9647887323943662
4795,539,143,mid,0.986013986013986,0.986013986013986
4796,536,142,mid,0.9436619718309859,0.9436619718309859
4797,216,60,mid,1.0,1.0
4798,216,59,mid,0.9661016949152542,0.9661016949152542
4799,541,143,head,0.9790209790209791,0.9790209790209791
4800,538,141,mid,0.9645390070921985,0.9645390070921985
4801,537,144,mid,0.9652777777777778,0.9652777777777778
4802,216,60,mid,0.9666666666666667,0.9666666666666667
4803,536,142,mid,0.9859154929577465,0.9859154929577465
4804,216,58,mid,1.0,1.0
4805,542,143,head,0.986013986013986,0.986013986013986
4806,216,60,mid,1.0,1.0
4807,540,143,head,0.986013986013986,0.986013986013986
4808,216,59,mid,0.9830508474576272,0.9830508474576272
4809,215,60,tail,0.9333333333333333,0.9333333333333333
4810,216,60,mid,0.9666666666666667,0.9666666666666667
4811,540,142,head,0.9436619718309859,0.9436619718309859
4812,540,142,head,0.9577464788732394,0.9577464788732394
4813,216,60,mid,1.0,1.0
4814,216,60,mid,0.95,0.95
4815,539,141,mid,0.950354609929078,0.950354609929078
4816,537,144,mid,0.9444444444444444,0.9444444444444444
4817,539,142,mid,0.9929577464788732,0.9929577464788732
4818,216,59,mid,0.9661016949152542,0.9661016949152542
4819,539,142,mid,0.9436619718309859,0.9436619718309859
4820,540,143,head,0.986013986013986,0.986013986013986
4821,317,84,mid,0.9761904761904762,0.9761904761904762
4822,542,141,head,0.9929078014184397,0.9929078014184397
4823,542,142,head,1.0,1.0
4824,216,60,mid,1.0,1.0
4825,216,60,mid,1.0,1.0
4826,535,143,mid,0.965034965034965,0.965034965034965
4827,541,142,head,0.9788732394366197,0.9788732394366197
4828,216,60,mid,0.9333333333333333,0.9333333333333333
4829,216,60,mid,0.9833333333333333,0.9833333333333333
4830,216,60,mid,0.9833333333333333,0.9833333333333333
4831,540,143,head,0.972027972027972,0.972027972027972
4832,216,60,mid,1.0,1.0
4833,215,60,tail,0.9833333333333333,0.9833333333333333
4834,216,60,mid,1.0,1.0
4835,540,144,head,0.9722222222222222,0.9722222222222222
4836,541,143,head,0.9370629370629371,0.9370629370629371
4837,216,59,mid,1.0,1.0
4838,214,60,tail,0.9666666666666667,0.9666666666666667
4839,541,141,head,0.9716312056737588,0.9716312056737588
4840,540,144,head,0.9583333333333334,0.9583333333333334
4841,512,135,mid,0.9851851851851852,0.9851851851851852
4842,216,60,mid,0.9833333333333333,0.9833333333333333
4843,216,60,mid,1.0,1.0
4844,532,140,mid,0.9785714285714285,0.9785714285714285
4845,540,143,head,0.972027972027972,0.972027972027972
4846,545,142,head,0.9788732394366197,0.9788732394366197
4847,215,59,tail,0.9830508474576272,0.9830508474576272
4848,216,60,mid,1.0,1.0
4849,541,143,head,0.965034965034965,0.965034965034965
4850,540,141,head,0.9858156028368794,0.9858156028368794
4851,216,60,mid,1.0,1.0
4852,540,142,head,0.9436619718309859,0.9436619718309859
4853,216,59,mid,1.0,1.0
4854,537,143,mid,0.9300699300699301,0.9300699300699301
4855,537,143,mid,0.993006993006993,0.993006993006993
4856,535,141,mid,0.9787234042553191,0.9787234042553191
4857,216,60,mid,0.9833333333333333,0.9833333333333333
4858,214,59,tail,0.9322033898305084,0.9322033898305084
4859,536,144,mid,0.9791666666666666,0.9791666666666666
4860,216,60,mid,1.0,1.0
4861,537,141,mid,0.9929078014184397,0.9929078014184397
4862,216,60,mid,1.0,1.0
4863,216,60,mid,1.0,1.0
4864,538,142,mid,0.9929577464788732,0.9929577464788732
4865,215,59,tail,1.0,1.0
4866,543,142,head,0.9647887323943662,0.9647887323943662
4867,537,143,mid,1.0,1.0
4868,541,143,head,0.965034965034965,0.965034965034965
4869,315,84,mid,0.9404761904761905,0.9404761904761905
4870,216,60,mid,1.0,1.0
4871,216,60,mid,1.0,1.0
4872,214,60,tail,0.9666666666666667,0.9666666666666667
4873,540,143,head,0.958041958041958,0.958041958041958
4874,215,59,tail,0.9491525423728814,0.9491525423728814
4875,538,144,mid,0.9097222222222222,0.9097222222222222
4876,216,60,mid,0.9833333333333333,0.9833333333333333
4877,541,142,head,0.9788732394366197,0.9788732394366197
4878,541,142,head,0.9436619718309859,0.9436619718309859
4879,542,142,head,0.9436619718309859,0.9436619718309859
4880,541,145,head,0.993103448275862,0.993103448275862
4881,540,144,head,0.9652777777777778,0.9652777777777778
4882,216,60,mid,0.9333333333333333,0.9333333333333333
4883,542,144,head,0.9861111111111112,0.9861111111111112
4884,214,59,tail,1.0,1.0
4885,216,60,mid,0.9666666666666667,0.9666666666666667
4886,216,60,mid,1.0,1.0
4887,540,144,head,0.9930555555555556,0.9930555555555556
4888,540,142,head,1.0,1.0
4889,535,144,mid,0.9513888888888888,0.9513888888888888
4890,540,143,head,0.972027972027972,0.972027972027972
4891,216,60,mid,0.9666666666666667,0.9666666666666667
4892,534,143,mid,0.9790209790209791,0.9790209790209791
4893,534,141,mid,0.9787234042553191,0.9787234042553191
4894,216,60,mid,1.0,1.0
4895,539,142,mid,0.9788732394366197,0.9788732394366197
4896,540,141,head,0.9929078014184397,0.9929078014184397
4897,541,143,head,0.986013986013986,0.986013986013986
4898,216,60,mid,1.0,1.0
4899,216,60,mid,0.9833333333333333,0.9833333333333333
4900,216,59,mid,1.0,1.0
4901,216,61,mid,1.0,1.0
4902,540,142,head,0.9647887323943662,0.9647887323943662
4903,216,59,mid,0.9661016949152542,0.9661016949152542
4904,543,142,head,0.9507042253521126,0.9507042253521126
4905,216,59,mid,1.0,1.0
4906,216,59,mid,0.9830508474576272,0.9830508474576272
4907,534,143,mid,0.9790209790209791,0.9790209790209791
4908,540,143,head,0.972027972027972,0.972027972027972
4909,216,60,mid,0.9666666666666667,0.9666666666666667
4910,216,59,mid,1.0,1.0
4911,539,142,mid,0.9859154929577465,0.9859154929577465
4912,543,143,head,0.965034965034965,0.965034965034965
4913,540,142,head,0.9859154929577465,0.9859154929577465
4914,216,59,mid,1.0,1.0
4915,542,142,head,0.9859154929577465,0.9859154929577465
4916,216,59,mid,1.0,1.0
4917,216,60,mid,0.9833333333333333,0.9833333333333333
4918,216,60,mid,0.9833333333333333,0.9833333333333333
4919,540,142,head,0.9929577464788732,0.9929577464788732
4920,216,59,mid,1.0,1.0
4921,215,60,tail,0.9833333333333333,0.9833333333333333
4922,216,60,mid,0.9666666666666667,0.9666666666666667
4923,539,142,mid,0.971830985915493,0.971830985915493
4924,216,60,mid,0.9833333333333333,0.9833333333333333
4925,216,60,mid,1.0,1.0
4926,216,60,mid,0.9833333333333333,0.9833333333333333
4927,216,60,mid,0.9666666666666667,0.9666666666666667
4928,538,143,mid,0.9790209790209791,0.9790209790209791
4929,538,141,mid,0.9645390070921985,0.9645390070921985
4930,539,144,mid,0.9444444444444444,0.9444444444444444
4931,538,140,mid,0.9928571428571429,0.9928571428571429
4932,216,60,mid,1.0,1.0
4933,215,59,tail,0.8983050847457628,0.8983050847457628
4934,540,143,head,0.958041958041958,0.958041958041958
4935,216,59,mid,1.0,1.0
4936,543,140,head,0.9928571428571429,0.9928571428571429
4937,214,59,tail,0.9661016949152542,0.9661016949152542
4938,539,142,mid,0.9859154929577465,0.9859154929577465
4939,216,58,mid,0.9827586206896551,0.9827586206896551
4940,215,59,tail,0.9830508474576272,0.9830508474576272
4941,215,59,tail,0.9661016949152542,0.9661016949152542
4942,542,142,head,0.9507042253521126,0.9507042253521126
4943,538,144,mid,0.9513888888888888,0.9513888888888888
4944,216,59,mid,0.9491525423728814,0.9491525423728814
4945,216,59,mid,0.9661016949152542,0.9661016949152542
4946,216,59,mid,0.9491525423728814,0.9491525423728814
4947,537,143,mid,0.8181818181818182,0.8181818181818182
4948,216,59,mid,1.0,1.0
4949,216,59,mid,1.0,1.0
4950,315,84,mid,0.8690476190476191,0.8690476190476191
4951,541,144,head,0.9305555555555556,0.9305555555555556
4952,540,144,head,0.9236111111111112,0.9236111111111112
4953,215,59,tail,0.9661016949152542,0.9661016949152542
4954,215,59,tail,0.9491525423728814,0.9491525423728814
4955,216,60,mid,1.0,1.0
4956,539,143,mid,0.965034965034965,0.965034965034965
4957,538,142,mid,0.9788732394366197,0.9788732394366197
4958,216,59,mid,0.9491525423728814,0.9491525423728814
4959,212,58,tail,0.9827586206896551,0.9827586206896551
4960,215,58,tail,0.9655172413793104,0.9655172413793104
4961,213,59,tail,0.9152542372881356,0.9152542372881356
4962,541,142,head,0.9436619718309859,0.9436619718309859
4963,543,142,head,0.9577464788732394,0.9577464788732394
4964,215,59,tail,0.9830508474576272,0.9830508474576272
4965,538,144,mid,0.9583333333333334,0.9583333333333334
4966,216,59,mid,0.9491525423728814,0.9491525423728814
4967,540,141,head,0.9574468085106383,0.9574468085106383
4968,540,142,head,0.9225352112676056,0.9225352112676056
4969,216,59,mid,1.0,1.0
4970,215,59,tail,0.9830508474576272,0.9830508474576272
4971,216,59,mid,0.9661016949152542,0.9661016949152542
4972,540,144,head,0.9722222222222222,0.9722222222222222
4973,215,60,tail,0.9833333333333333,0.9833333333333333
4974,537,144,mid,0.9652777777777778,0.9652777777777778
4975,216,59,mid,0.9491525423728814,0.9491525423728814
4976,216,59,mid,0.9830508474576272,0.9830508474576272
4977,216,58,mid,0.9827586206896551,0.9827586206896551
4978,539,140,mid,0.9785714285714285,0.9785714285714285
4979,216,58,mid,1.0,1.0
4980,216,59,mid,1.0,1.0
4981,216,59,mid,0.9491525423728814,0.9491525423728814
4982,216,59,mid,0.9830508474576272,0.9830508474576272
4983,538,140,mid,0.9285714285714286,0.9285714285714286
4984,213,59,tail,0.9830508474576272,0.9830508474576272
4985,537,143,mid,0.965034965034965,0.965034965034965
4986,541,144,head,0.9583333333333334,0.9583333333333334
4987,216,59,mid,1.0,1.0
4988,215,59,tail,0.9491525423728814,0.9491525423728814
4989,537,141,mid,0.9645390070921985,0.9645390070921985
4990,216,59,mid,0.9661016949152542,0.9661016949152542
4991,532,143,mid,0.916083916083916,0.916083916083916
4992,215,57,tail,0.8421052631578947,0.8421052631578947
4993,539,143,mid,0.9090909090909091,0.9090909090909091
4994,216,59,mid,0.9152542372881356,0.9152542372881356
4995,543,143,head,0.916083916083916,0.916083916083916
4996,542,142,head,0.7816901408450704,0.7816901408450704
4997,216,59,mid,0.9830508474576272,0.9830508474576272
4998,215,59,tail,0.9830508474576272,0.9830508474576272
4999,216,59,mid,0.9661016949152542,0.9661016949152542
5000,216,59,mid,1.0,1.0
5001,540,144,head,0.9305555555555556,0.9305555555555556
5002,539,144,mid,0.9583333333333334,0.9583333333333334
5003,538,143,mid,0.9230769230769231,0.9230769230769231
5004,541,142,head,0.9647887323943662,0.9647887323943662
5005,543,143,head,0.958041958041958,0.958041958041958
5006,216,59,mid,0.9830508474576272,0.9830508474576272
5007,216,58,mid,0.9827586206896551,0.9827586206896551
5008,536,143,mid,0.8881118881118881,0.8881118881118881
5009,216,59,mid,0.9830508474576272,0.9830508474576272
5010,213,60,tail,0.9666666666666667,0.9666666666666667
5011,540,143,head,0.958041958041958,0.958041958041958
5012,536,143,mid,0.972027972027972,0.972027972027972
5013,540,142,head,0.9577464788732394,0.9577464788732394
5014,538,143,mid,0.993006993006993,0.993006993006993
5015,534,143,mid,0.986013986013986,0.986013986013986
5016,216,59,mid,0.9661016949152542,0.9661016949152542
5017,216,59,mid,1.0,1.0
5018,216,59,mid,0.9661016949152542,0.9661016949152542
5019,315,83,mid,0.8313253012048193,0.8313253012048193
5020,214,58,tail,0.9482758620689655,0.9482758620689655
5021,541,144,head,0.9722222222222222,0.9722222222222222
5022,215,59,tail,1.0,1.0
5023,216,58,mid,1.0,1.0
5024,213,59,tail,0.9322033898305084,0.9322033898305084
5025,216,59,mid,0.9661016949152542,0.9661016949152542
5026,215,59,tail,1.0,1.0
5027,216,59,mid,0.9661016949152542,0.9661016949152542
5028,216,59,mid,1.0,1.0
5029,216,58,mid,0.9482758620689655,0.9482758620689655
5030,214,58,tail,1.0,1.0
5031,216,60,mid,0.9833333333333333,0.9833333333333333
5032,537,141,mid,1.0,1.0
5033,540,142,head,0.971830985915493,0.971830985915493
5034,539,143,mid,0.916083916083916,0.916083916083916
5035,538,140,mid,0.9571428571428572,0.9571428571428572
5036,216,59,mid,0.9661016949152542,0.9661016949152542
5037,216,57,mid,1.0,1.0
5038,216,59,mid,0.9491525423728814,0.9491525423728814
5039,213,59,tail,0.9322033898305084,0.9322033898305084
5040,316,84,mid,0.8452380952380952,0.8452380952380952
5041,539,139,mid,0.8920863309352518,0.8920863309352518
5042,538,141,mid,0.9148936170212766,0.9148936170212766
5043,540,143,head,0.958041958041958,0.958041958041958
5044,534,145,mid,0.9448275862068966,0.9448275862068966
5045,215,58,tail,0.9482758620689655,0.9482758620689655
5046,216,59,mid,0.9491525423728814,0.9491525423728814
5047,215,58,tail,0.9310344827586207,0.9310344827586207
5048,215,59,tail,1.0,1.0
5049,214,60,tail,0.9666666666666667,0.9666666666666667
5050,540,142,head,0.9859154929577465,0.9859154929577465
5051,216,59,mid,1.0,1.0
5052,543,143,head,0.9300699300699301,0.9300699300699301
5053,216,59,mid,0.9491525423728814,0.9491525423728814
5054,532,142,mid,0.9859154929577465,0.9859154929577465
5055,216,58,mid,0.9827586206896551,0.9827586206896551
5056,538,143,mid,0.951048951048951,0.951048951048951
5057,540,142,head,0.9929577464788732,0.9929577464788732
5058,215,59,tail,0.9830508474576272,0.9830508474576272
5059,538,141,mid,0.9148936170212766,0.9148936170212766
5060,214,59,tail,0.9830508474576272,0.9830508474576272
5061,216,59,mid,1.0,1.0
5062,315,83,mid,0.963855421686747,0.963855421686747
5063,214,59,tail,0.9661016949152542,0.9661016949152542
5064,317,84,mid,0.9761904761904762,0.9761904761904762
5065,542,142,head,0.9859154929577465,0.9859154929577465
5066,536,144,mid,0.9236111111111112,0.9236111111111112
5067,539,140,mid,0.9714285714285714,0.9714285714285714
5068,216,59,mid,0.9661016949152542,0.9661016949152542
5069,216,59,mid,0.9491525423728814,0.9491525423728814
5070,542,142,head,0.9647887323943662,0.9647887323943662
5071,216,59,mid,1.0,1.0
5072,216,59,mid,1.0,1.0
5073,216,58,mid,1.0,1.0
5074,540,144,head,0.9652777777777778,0.9652777777777778
5075,215,59,tail,0.9830508474576272,0.9830508474576272
5076,215,59,tail,0.9322033898305084,0.9322033898305084
5077,213,59,tail,0.9491525423728814,0.9491525423728814
5078,539,143,mid,0.958041958041958,0.958041958041958
5079,540,143,head,0.958041958041958,0.958041958041958
5080,315,84,mid,1.0,1.0
5081,215,58,tail,0.8793103448275862,0.8793103448275862
5082,216,59,mid,0.9661016949152542,0.9661016949152542
5083,216,59,mid,0.9491525423728814,0.9491525423728814
5084,216,59,mid,0.9491525423728814,0.9491525423728814
5085,538,144,mid,0.9583333333333334,0.9583333333333334
5086,537,143,mid,0.951048951048951,0.951048951048951
5087,540,144,head,1.0,1.0
5088,215,59,tail,0.9661016949152542,0.9661016949152542
5089,215,58,tail,0.9827586206896551,0.9827586206896551
5090,216,57,mid,1.0,1.0
5091,216,59,mid,0.9830508474576272,0.9830508474576272
5092,216,59,mid,0.9830508474576272,0.9830508474576272
5093,216,59,mid,0.9830508474576272,0.9830508474576272
5094,216,58,mid,1.0,1.0
5095,216,59,mid,1.0,1.0
5096,215,59,tail,0.8305084745762712,0.8305084745762712
5097,215,59,tail,0.9830508474576272,0.9830508474576272
5098,216,59,mid,1.0,1.0
5099,537,143,mid,0.9790209790209791,0.9790209790209791
5100,215,59,tail,0.9830508474576272,0.9830508474576272
5101,538,141,mid,0.9078014184397163,0.9078014184397163
5102,535,142,mid,0.971830985915493,0.971830985915493
5103,216,59,mid,1.0,1.0
5104,216,59,mid,0.9830508474576272,0.9830508474576272
5105,216,59,mid,0.9491525423728814,0.9491525423728814
5106,538,143,mid,0.8391608391608392,0.8391608391608392
5107,215,59,tail,0.8813559322033898,0.8813559322033898
5108,543,144,head,0.9722222222222222,0.9722222222222222
5109,315,84,mid,0.9523809523809523,0.9523809523809523
5110,215,59,tail,0.9830508474576272,0.9830508474576272
5111,538,144,mid,0.9930555555555556,0.9930555555555556
5112,215,60,tail,0.9833333333333333,0.9833333333333333
5113,216,59,mid,1.0,1.0
5114,214,59,tail,0.9322033898305084,0.9322033898305084
5115,215,60,tail,0.9666666666666667,0.9666666666666667
5116,542,141,head,0.9148936170212766,0.9148936170212766
5117,540,143,head,0.958041958041958,0.958041958041958
5118,539,144,mid,0.9444444444444444,0.9444444444444444
5119,539,143,mid,0.916083916083916,0.916083916083916
5120,215,59,tail,0.9830508474576272,0.9830508474576272
5121,216,59,mid,0.9491525423728814,0.9491525423728814
5122,216,59,mid,1.0,1.0
5123,541,142,head,0.8943661971830986,0.8943661971830986
5124,215,59,tail,1.0,1.0
5125,214,59,tail,1.0,1.0
5126,543,142,head,0.9788732394366197,0.9788732394366197
5127,215,60,tail,0.9833333333333333,0.9833333333333333
5128,216,59,mid,1.0,1.0
5129,538,143,mid,0.9790209790209791,0.9790209790209791
5130,216,60,mid,0.9833333333333333,0.9833333333333333
5131,215,59,tail,1.0,1.0
5132,538,142,mid,0.971830985915493,0.971830985915493
5133,541,142,head,0.9788732394366197,0.9788732394366197
5134,215,60,tail,1.0,1.0
5135,215,59,tail,1.0,1.0
5136,216,59,mid,0.9830508474576272,0.9830508474576272
5137,214,59,tail,1.0,1.0
5138,214,59,tail,0.9661016949152542,0.9661016949152542
5139,214,61,tail,0.9836065573770492,0.9836065573770492
5140,536,139,mid,0.9568345323741008,0.9568345323741008
5141,216,59,mid,0.9661016949152542,0.9661016949152542
5142,215,58,tail,1.0,1.0
5143,535,144,mid,0.9861111111111112,0.9861111111111112
5144,539,144,mid,0.9444444444444444,0.9444444444444444
5145,537,143,mid,0.9020979020979021,0.9020979020979021
5146,212,60,tail,0.9666666666666667,0.9666666666666667
5147,216,59,mid,0.9830508474576272,0.9830508474576272
5148,216,59,mid,0.9152542372881356,0.9152542372881356
5149,214,59,tail,1.0,1.0
5150,540,143,head,0.965034965034965,0.965034965034965
5151,543,144,head,0.9791666666666666,0.9791666666666666
5152,542,143,head,0.965034965034965,0.965034965034965
5153,215,60,tail,0.9666666666666667,0.9666666666666667
5154,536,142,mid,0.9647887323943662,0.9647887323943662
5155,540,144,head,0.9930555555555556,0.9930555555555556
5156,216,59,mid,0.9830508474576272,0.9830508474576272
5157,215,58,tail,1.0,1.0
5158,214,59,tail,0.9661016949152542,0.9661016949152542
5159,216,60,mid,1.0,1.0
5160,539,143,mid,0.9790209790209791,0.9790209790209791
5161,215,60,tail,1.0,1.0
5162,214,60,tail,1.0,1.0
5163,212,58,tail,0.9655172413793104,0.9655172413793104
5164,541,142,head,0.9154929577464789,0.9154929577464789
5165,214,59,tail,1.0,1.0
5166,214,59,tail,0.9830508474576272,0.9830508474576272
5167,540,142,head,0.971830985915493,0.971830985915493
5168,216,60,mid,1.0,1.0
5169,535,144,mid,0.9444444444444444,0.9444444444444444
5170,536,141,mid,0.9290780141843972,0.9290780141843972
5171,216,60,mid,1.0,1.0
5172,541,143,head,0.986013986013986,0.986013986013986
5173,540,143,head,0.993006993006993,0.993006993006993
5174,215,60,tail,1.0,1.0
5175,543,141,head,0.9858156028368794,0.9858156028368794
5176,215,60,tail,1.0,1.0
5177,536,143,mid,0.958041958041958,0.958041958041958
5178,214,60,tail,1.0,1.0
5179,215,60,tail,0.9333333333333333,0.9333333333333333
5180,215,60,tail,0.9833333333333333,0.9833333333333333
5181,537,139,mid,0.9928057553956835,0.9928057553956835
5182,214,60,tail,1.0,1.0
5183,215,60,tail,1.0,1.0
5184,215,60,tail,0.9666666666666667,0.9666666666666667
5185,539,142,mid,0.9859154929577465,0.9859154929577465
5186,215,60,tail,0.9,0.9
5187,215,59,tail,1.0,1.0
5188,216,60,mid,1.0,1.0
5189,538,144,mid,0.9652777777777778,0.9652777777777778
5190,537,142,mid,0.9647887323943662,0.9647887323943662
5191,215,59,tail,0.9830508474576272,0.9830508474576272
5192,216,59,mid,0.9830508474576272,0.9830508474576272
5193,216,60,mid,1.0,1.0
5194,533,142,mid,0.9647887323943662,0.9647887323943662
5195,216,60,mid,1.0,1.0
5196,540,142,head,0.9647887323943662,0.9647887323943662
5197,214,60,tail,0.9833333333333333,0.9833333333333333
5198,215,59,tail,1.0,1.0
5199,215,60,tail,0.8,0.8
5200,317,84,mid,0.9047619047619048,0.9047619047619048
5201,216,60,mid,1.0,1.0
5202,214,59,tail,0.9830508474576272,0.9830508474576272
5203,538,142,mid,0.9577464788732394,0.9577464788732394
5204,214,58,tail,0.9655172413793104,0.9655172413793104
5205,538,144,mid,0.9652777777777778,0.9652777777777778
5206,216,60,mid,0.9833333333333333,0.9833333333333333
5207,216,60,mid,0.9666666666666667,0.9666666666666667
5208,215,60,tail,0.9833333333333333,0.9833333333333333
5209,536,142,mid,0.9859154929577465,0.9859154929577465
5210,216,60,mid,1.0,1.0
5211,544,142,head,1.0,1.0
5212,537,143,mid,0.993006993006993,0.993006993006993
5213,540,141,head,0.9858156028368794,0.9858156028368794
5214,216,60,mid,0.9833333333333333,0.9833333333333333
5215,214,60,tail,0.9833333333333333,0.9833333333333333
5216,216,60,mid,1.0,1.0
5217,216,60,mid,0.9833333333333333,0.9833333333333333
5218,536,145,mid,0.9793103448275862,0.9793103448275862
5219,211,57,tail,0.9649122807017544,0.9649122807017544
5220,216,60,mid,1.0,1.0
5221,216,60,mid,0.9833333333333333,0.9833333333333333
5222,215,59,tail,0.9830508474576272,0.9830508474576272
5223,536,142,mid,0.9859154929577465,0.9859154929577465
5224,534,141,mid,0.9929078014184397,0.9929078014184397
5225,536,144,mid,0.9583333333333334,0.9583333333333334
5226,540,142,head,0.9929577464788732,0.9929577464788732
5227,216,60,mid,1.0,1.0
5228,541,142,head,0.971830985915493,0.971830985915493
5229,532,143,mid,0.972027972027972,0.972027972027972
5230,537,143,mid,1.0,1.0
5231,538,143,mid,0.965034965034965,0.965034965034965
5232,216,60,mid,0.9833333333333333,0.9833333333333333
5233,215,60,tail,0.9833333333333333,0.9833333333333333
5234,215,60,tail,1.0,1.0
5235,215,59,tail,1.0,1.0
5236,540,142,head,0.971830985915493,0.971830985915493
5237,543,142,head,0.9647887323943662,0.9647887323943662
5238,216,60,mid,0.9833333333333333,0.9833333333333333
5239,216,60,mid,1.0,1.0
5240,538,143,mid,0.9790209790209791,0.9790209790209791
5241,537,143,mid,1.0,1.0
5242,216,60,mid,1.0,1.0
5243,216,60,mid,1.0,1.0
5244,216,60,mid,1.0,1.0
5245,216,60,mid,1.0,1.0
5246,214,60,tail,0.9833333333333333,0.9833333333333333
5247,216,59,mid,0.9661016949152542,0.9661016949152542
5248,215,60,tail,0.9833333333333333,0.9833333333333333
5249,541,145,head,0.8620689655172413,0.8620689655172413
5250,215,60,tail,1.0,1.0
5251,216,60,mid,0.9833333333333333,0.9833333333333333
5252,216,60,mid,1.0,1.0
5253,530,140,mid,1.0,1.0
5254,546,143,head,0.965034965034965,0.965034965034965
5255,216,60,mid,0.9833333333333333,0.9833333333333333
5256,316,84,mid,0.9642857142857143,0.9642857142857143
5257,215,60,tail,1.0,1.0
5258,538,143,mid,0.916083916083916,0.916083916083916
5259,216,59,mid,0.9830508474576272,0.9830508474576272
5260,216,60,mid,1.0,1.0
5261,216,59,mid,1.0,1.0
5262,538,144,mid,0.9652777777777778,0.9652777777777778
5263,216,60,mid,1.0,1.0
5264,539,142,mid,0.9788732394366197,0.9788732394366197
5265,214,60,tail,0.9166666666666666,0.9166666666666666
5266,216,58,mid,0.9827586206896551,0.9827586206896551
5267,216,59,mid,1.0,1.0
5268,215,60,tail,1.0,1.0
5269,540,143,head,0.972027972027972,0.972027972027972
5270,543,142,head,0.9788732394366197,0.9788732394366197
5271,535,142,mid,0.9859154929577465,0.9859154929577465
5272,216,58,mid,0.9827586206896551,0.9827586206896551
5273,537,142,mid,0.9859154929577465,0.9859154929577465
5274,216,60,mid,1.0,1.0
5275,216,59,mid,1.0,1.0
5276,533,139,mid,0.9928057553956835,0.9928057553956835
5277,541,141,head,0.9858156028368794,0.9858156028368794
5278,540,145,head,0.9793103448275862,0.9793103448275862
5279,216,59,mid,0.9830508474576272,0.9830508474576272
5280,216,59,mid,0.9830508474576272,0.9830508474576272
5281,533,141,mid,0.9574468085106383,0.9574468085106383
5282,216,60,mid,0.9333333333333333,0.9333333333333333
5283,216,59,mid,1.0,1.0
5284,215,60,tail,1.0,1.0
5285,216,60,mid,1.0,1.0
5286,538,143,mid,0.986013986013986,0.986013986013986
5287,216,60,mid,0.9666666666666667,0.9666666666666667
5288,210,60,tail,0.9333333333333333,0.9333333333333333
5289,538,143,mid,0.986013986013986,0.986013986013986
5290,539,142,mid,0.9859154929577465,0.9859154929577465
5291,534,141,mid,0.9787234042553191,0.9787234042553191
5292,538,142,mid,0.9436619718309859,0.9436619718309859
5293,215,60,tail,0.9666666666666667,0.9666666666666667
5294,540,143,head,0.986013986013986,0.986013986013986
5295,542,144,head,0.9861111111111112,0.9861111111111112
5296,216,59,mid,1.0,1.0
5297,542,144,head,1.0,1.0
5298,216,60,mid,0.9666666666666667,0.9666666666666667
5299,216,59,mid,0.9830508474576272,0.9830508474576272
5300,532,142,mid,0.9859154929577465,0.9859154929577465
5301,540,143,head,0.958041958041958,0.958041958041958
5302,213,59,tail,1.0,1.0
5303,216,60,mid,0.9333333333333333,0.9333333333333333
5304,213,60,tail,0.95,0.95
5305,536,143,mid,0.9370629370629371,0.9370629370629371
5306,534,143,mid,0.9790209790209791,0.9790209790209791
5307,215,59,tail,1.0,1.0
5308,540,144,head,0.9861111111111112,0.9861111111111112
5309,541,144,head,0.9722222222222222,0.9722222222222222
5310,536,143,mid,0.9790209790209791,0.9790209790209791
5311,539,143,mid,0.951048951048951,0.951048951048951
5312,214,60,tail,1.0,1.0
5313,536,140,mid,0.95,0.95
5314,210,59,tail,0.9661016949152542,0.9661016949152542
5315,317,83,mid,0.9759036144578314,0.9759036144578314
5316,543,143,head,0.986013986013986,0.986013986013986
5317,540,141,head,0.9858156028368794,0.9858156028368794
5318,215,59,tail,0.9830508474576272,0.9830508474576272
5319,316,82,mid,0.9146341463414634,0.9146341463414634
5320,542,144,head,0.9930555555555556,0.9930555555555556
5321,215,58,tail,1.0,1.0
5322,216,60,mid,1.0,1.0
5323,214,59,tail,1.0,1.0
5324,316,83,mid,0.9397590361445783,0.9397590361445783
5325,214,60,tail,1.0,1.0
5326,315,83,mid,0.9397590361445783,0.9397590361445783
5327,216,60,mid,0.95,0.95
5328,214,60,tail,0.9666666666666667,0.9666666666666667
5329,214,60,tail,0.9833333333333333,0.9833333333333333
5330,214,60,tail,1.0,1.0
5331,213,58,tail,0.9827586206896551,0.9827586206896551
5332,210,60,tail,1.0,1.0
5333,536,144,mid,0.9236111111111112,0.9236111111111112
5334,214,59,tail,0.9830508474576272,0.9830508474576272
5335,539,144,mid,0.9652777777777778,0.9652777777777778
5336,537,144,mid,0.9513888888888888,0.9513888888888888
5337,315,83,mid,0.963855421686747,0.963855421686747
5338,540,141,head,0.9574468085106383,0.9574468085106383
5339,541,142,head,0.9929577464788732,0.9929577464788732
5340,215,59,tail,0.9830508474576272,0.9830508474576272
5341,214,59,tail,0.9830508474576272,0.9830508474576272
5342,211,60,tail,0.9666666666666667,0.9666666666666667
5343,214,60,tail,0.9666666666666667,0.9666666666666667
5344,540,143,head,0.9790209790209791,0.9790209790209791
5345,216,60,mid,1.0,1.0
5346,541,142,head,0.971830985915493,0.971830985915493
5347,541,143,head,0.972027972027972,0.972027972027972
5348,215,60,tail,0.9833333333333333,0.9833333333333333
5349,209,56,tail,0.9285714285714286,0.9285714285714286
5350,537,141,mid,0.9645390070921985,0.9645390070921985
5351,215,60,tail,1.0,1.0
5352,215,60,tail,0.9833333333333333,0.9833333333333333
5353,539,143,mid,0.972027972027972,0.972027972027972
5354,541,145,head,0.9862068965517241,0.9862068965517241
5355,215,60,tail,0.9666666666666667,0.9666666666666667
5356,215,60,tail,0.9833333333333333,0.9833333333333333
5357,214,60,tail,1.0,1.0
5358,215,60,tail,1.0,1.0
5359,214,60,tail,0.95,0.95
5360,543,144,head,0.9861111111111112,0.9861111111111112
5361,541,142,head,0.9859154929577465,0.9859154929577465
5362,539,143,mid,0.993006993006993,0.993006993006993
5363,540,140,head,0.95,0.95
5364,211,60,tail,1.0,1.0
5365,213,60,tail,1.0,1.0
5366,316,83,mid,0.9518072289156626,0.9518072289156626
5367,215,60,tail,1.0,1.0
5368,216,60,mid,1.0,1.0
5369,216,60,mid,0.9833333333333333,0.9833333333333333
5370,216,59,mid,0.9830508474576272,0.9830508474576272
5371,532,141,mid,0.950354609929078,0.950354609929078
5372,314,83,mid,0.8072289156626506,0.8072289156626506
5373,539,140,mid,0.9714285714285714,0.9714285714285714
5374,540,143,head,0.965034965034965,0.965034965034965
5375,541,144,head,0.9791666666666666,0.9791666666666666
5376,216,60,mid,0.9833333333333333,0.9833333333333333
5377,538,144,mid,0.9722222222222222,0.9722222222222222
5378,215,60,tail,0.9833333333333333,0.9833333333333333
5379,539,144,mid,0.9861111111111112,0.9861111111111112
5380,216,59,mid,1.0,1.0
5381,215,60,tail,0.9833333333333333,0.9833333333333333
5382,215,60,tail,1.0,1.0
5383,215,60,tail,0.9666666666666667,0.9666666666666667
5384,215,60,tail,1.0,1.0
5385,215,60,tail,0.9666666666666667,0.9666666666666667
5386,216,60,mid,1.0,1.0
5387,214,60,tail,1.0,1.0
5388,316,83,mid,0.9397590361445783,0.9397590361445783
5389,216,60,mid,0.9666666666666667,0.9666666666666667
5390,214,60,tail,0.9833333333333333,0.9833333333333333
5391,541,141,head,0.9858156028368794,0.9858156028368794
5392,214,60,tail,0.9833333333333333,0.9833333333333333
5393,542,143,head,0.916083916083916,0.916083916083916
5394,317,83,mid,0.9518072289156626,0.9518072289156626
5395,537,144,mid,0.8958333333333334,0.8958333333333334
5396,216,59,mid,1.0,1.0
5397,538,142,mid,0.9929577464788732,0.9929577464788732
5398,316,83,mid,0.963855421686747,0.963855421686747
5399,316,83,mid,0.9397590361445783,0.9397590361445783
5400,214,60,tail,0.9833333333333333,0.9833333333333333
5401,215,60,tail,0.9666666666666667,0.9666666666666667
5402,215,59,tail,1.0,1.0
5403,215,59,tail,0.9830508474576272,0.9830508474576272
5404,214,60,tail,0.9833333333333333,0.9833333333333333
5405,540,141,head,0.9858156028368794,0.9858156028368794
5406,542,140,head,0.9714285714285714,0.9714285714285714
5407,215,59,tail,1.0,1.0
5408,216,59,mid,0.9830508474576272,0.9830508474576272
5409,215,59,tail,0.9830508474576272,0.9830508474576272
5410,215,59,tail,1.0,1.0
5411,212,59,tail,0.9830508474576272,0.9830508474576272
5412,315,83,mid,0.9759036144578314,0.9759036144578314
5413,215,60,tail,0.9833333333333333,0.9833333333333333
5414,214,59,tail,0.9830508474576272,0.9830508474576272
5415,216,60,mid,0.9833333333333333,0.9833333333333333
5416,537,142,mid,1.0,1.0
5417,215,60,tail,1.0,1.0
5418,215,60,tail,1.0,1.0
5419,532,142,mid,1.0,1.0
5420,216,59,mid,1.0,1.0
5421,216,59,mid,0.9830508474576272,0.9830508474576272
5422,216,60,mid,1.0,1.0
5423,216,60,mid,0.9666666666666667,0.9666666666666667
5424,216,60,mid,1.0,1.0
5425,216,60,mid,0.9666666666666667,0.9666666666666667
5426,216,60,mid,0.95,0.95
5427,214,60,tail,0.9833333333333333,0.9833333333333333
5428,216,60,mid,0.9833333333333333,0.9833333333333333
5429,538,143,mid,0.986013986013986,0.986013986013986
5430,215,60,tail,1.0,1.0
5431,313,81,mid,0.8888888888888888,0.8888888888888888
5432,317,83,mid,0.963855421686747,0.963855421686747
5433,215,60,tail,1.0,1.0
5434,317,83,mid,0.9759036144578314,0.9759036144578314
5435,216,60,mid,0.95,0.95
5436,214,60,tail,0.9833333333333333,0.9833333333333333
5437,215,60,tail,1.0,1.0
5438,214,60,tail,0.9833333333333333,0.9833333333333333
5439,216,60,mid,0.9666666666666667,0.9666666666666667
5440,317,83,mid,0.963855421686747,0.963855421686747
5441,215,60,tail,1.0,1.0
5442,213,60,tail,1.0,1.0
5443,532,144,mid,0.9791666666666666,0.9791666666666666
5444,216,60,mid,1.0,1.0
5445,216,59,mid,0.9491525423728814,0.9491525423728814
5446,216,60,mid,1.0,1.0
5447,216,59,mid,0.9830508474576272,0.9830508474576272
5448,216,60,mid,1.0,1.0
5449,538,144,mid,0.9791666666666666,0.9791666666666666
5450,215,58,tail,1.0,1.0
5451,216,60,mid,1.0,1.0
5452,216,60,mid,1.0,1.0
5453,541,141,head,0.9929078014184397,0.9929078014184397
5454,216,59,mid,1.0,1.0
5455,216,60,mid,1.0,1.0
5456,216,60,mid,1.0,1.0
5457,540,142,head,0.9788732394366197,0.9788732394366197
5458,216,60,mid,1.0,1.0
5459,540,143,head,0.9790209790209791,0.9790209790209791
5460,540,144,head,0.9305555555555556,0.9305555555555556
5461,534,141,mid,0.950354609929078,0.950354609929078
5462,530,137,mid,0.9197080291970803,0.9197080291970803
5463,539,141,mid,0.9432624113475178,0.9432624113475178
5464,540,142,head,1.0,1.0
5465,540,143,head,0.972027972027972,0.972027972027972
5466,215,60,tail,1.0,1.0
5467,541,144,head,0.9305555555555556,0.9305555555555556
5468,214,60,tail,0.9333333333333333,0.9333333333333333
5469,542,141,head,0.9787234042553191,0.9787234042553191
5470,541,142,head,0.9436619718309859,0.9436619718309859
5471,315,83,mid,0.9879518072289156,0.9879518072289156
5472,537,140,mid,0.95,0.95
5473,542,140,head,0.9857142857142858,0.9857142857142858
5474,216,58,mid,0.9655172413793104,0.9655172413793104
5475,535,143,mid,0.965034965034965,0.965034965034965
5476,216,60,mid,0.9833333333333333,0.9833333333333333
5477,540,144,head,0.9583333333333334,0.9583333333333334
5478,215,60,tail,0.9833333333333333,0.9833333333333333
5479,216,60,mid,1.0,1.0
5480,213,58,tail,0.9137931034482759,0.9137931034482759
5481,541,143,head,0.958041958041958,0.958041958041958
5482,215,60,tail,0.9833333333333333,0.9833333333333333
5483,543,142,head,0.9084507042253521,0.9084507042253521
5484,216,60,mid,1.0,1.0
5485,216,58,mid,0.896551724137931,0.896551724137931
5486,216,60,mid,0.9833333333333333,0.9833333333333333
5487,537,141,mid,0.9929078014184397,0.9929078014184397
5488,536,144,mid,0.9722222222222222,0.9722222222222222
5489,537,141,mid,0.9787234042553191,0.9787234042553191
5490,540,143,head,0.986013986013986,0.986013986013986
5491,216,58,mid,0.9655172413793104,0.9655172413793104
5492,535,140,mid,0.9642857142857143,0.9642857142857143
5493,216,60,mid,1.0,1.0
5494,215,58,tail,0.9827586206896551,0.9827586206896551
5495,216,58,mid,0.9137931034482759,0.9137931034482759
5496,543,142,head,0.9647887323943662,0.9647887323943662
5497,541,144,head,0.9861111111111112,0.9861111111111112
5498,216,58,mid,0.9827586206896551,0.9827586206896551
5499,540,142,head,0.9859154929577465,0.9859154929577465
5500,214,60,tail,0.95,0.95
5501,216,60,mid,0.95,0.95
5502,542,143,head,0.986013986013986,0.986013986013986
5503,537,143,mid,0.986013986013986,0.986013986013986
5504,540,143,head,0.951048951048951,0.951048951048951
5505,316,82,mid,0.975609756097561,0.975609756097561
5506,216,58,mid,0.9827586206896551,0.9827586206896551
5507,216,60,mid,0.9666666666666667,0.9666666666666667
5508,214,60,tail,0.9833333333333333,0.9833333333333333
5509,216,58,mid,0.9827586206896551,0.9827586206896551
5510,541,144,head,0.9861111111111112,0.9861111111111112
5511,542,144,head,0.9583333333333334,0.9583333333333334
5512,216,60,mid,0.9833333333333333,0.9833333333333333
5513,540,143,head,1.0,1.0
5514,216,60,mid,1.0,1.0
5515,215,60,tail,1.0,1.0
5516,216,60,mid,0.9333333333333333,0.9333333333333333
5517,538,143,mid,0.9790209790209791,0.9790209790209791
5518,216,60,mid,0.9833333333333333,0.9833333333333333
5519,214,59,tail,0.9830508474576272,0.9830508474576272
5520,216,59,mid,1.0,1.0
5521,215,59,tail,1.0,1.0
5522,537,144,mid,0.9861111111111112,0.9861111111111112
5523,537,143,mid,0.965034965034965,0.965034965034965
5524,531,142,mid,0.8309859154929577,0.8309859154929577
5525,540,142,head,0.9507042253521126,0.9507042253521126
5526,215,60,tail,0.95,0.95
5527,215,60,tail,0.95,0.95
5528,539,142,mid,1.0,1.0
5529,216,60,mid,0.9666666666666667,0.9666666666666667
5530,540,143,head,0.965034965034965,0.965034965034965
5531,540,140,head,0.9785714285714285,0.9785714285714285
5532,215,60,tail,1.0,1.0
5533,216,60,mid,0.9833333333333333,0.9833333333333333
5534,216,60,mid,0.9833333333333333,0.9833333333333333
5535,215,60,tail,0.9833333333333333,0.9833333333333333
5536,216,60,mid,1.0,1.0
5537,538,143,mid,0.972027972027972,0.972027972027972
5538,539,142,mid,0.9788732394366197,0.9788732394366197
5539,215,60,tail,0.9666666666666667,0.9666666666666667
5540,214,60,tail,0.9833333333333333,0.9833333333333333
5541,216,58,mid,0.9827586206896551,0.9827586206896551
5542,216,60,mid,0.9833333333333333,0.9833333333333333
5543,216,59,mid,0.9830508474576272,0.9830508474576272
5544,540,144,head,0.9791666666666666,0.9791666666666666
5545,216,57,mid,0.9649122807017544,0.9649122807017544
5546,216,60,mid,0.9833333333333333,0.9833333333333333
5547,539,143,mid,0.972027972027972,0.972027972027972
5548,215,60,tail,0.9666666666666667,0.9666666666666667
5549,214,60,tail,0.9833333333333333,0.9833333333333333
5550,540,142,head,0.9225352112676056,0.9225352112676056
5551,541,144,head,0.9444444444444444,0.9444444444444444
5552,215,60,tail,1.0,1.0
5553,540,142,head,0.9929577464788732,0.9929577464788732
5554,539,141,mid,0.950354609929078,0.950354609929078
5555,540,140,head,0.9714285714285714,0.9714285714285714
5556,541,142,head,0.9788732394366197,0.9788732394366197
5557,535,144,mid,0.9652777777777778,0.9652777777777778
5558,538,143,mid,0.951048951048951,0.951048951048951
5559,216,60,mid,1.0,1.0
5560,539,143,mid,0.951048951048951,0.951048951048951
5561,538,143,mid,0.9300699300699301,0.9300699300699301
5562,215,60,tail,0.9666666666666667,0.9666666666666667
5563,216,60,mid,0.9833333333333333,0.9833333333333333
5564,216,60,mid,0.9833333333333333,0.9833333333333333
5565,216,60,mid,1.0,1.0
5566,216,60,mid,0.9833333333333333,0.9833333333333333
5567,216,59,mid,1.0,1.0
5568,216,60,mid,1.0,1.0
5569,540,143,head,0.9230769230769231,0.9230769230769231
5570,215,60,tail,1.0,1.0
5571,216,60,mid,1.0,1.0
5572,216,60,mid,0.9833333333333333,0.9833333333333333
5573,216,60,mid,0.9833333333333333,0.9833333333333333
5574,539,143,mid,0.9370629370629371,0.9370629370629371
5575,216,59,mid,0.9661016949152542,0.9661016949152542
5576,540,141,head,0.9645390070921985,0.9645390070921985
5577,215,60,tail,0.9833333333333333,0.9833333333333333
5578,215,60,tail,0.9833333333333333,0.9833333333333333
5579,215,58,tail,1.0,1.0
5580,216,60,mid,1.0,1.0
5581,542,144,head,0.9722222222222222,0.9722222222222222
5582,216,57,mid,1.0,1.0
5583,216,59,mid,0.9830508474576272,0.9830508474576272
5584,216,60,mid,0.9833333333333333,0.9833333333333333
5585,216,60,mid,1.0,1.0
5586,540,145,head,0.9862068965517241,0.9862068965517241
5587,543,144,head,0.9791666666666666,0.9791666666666666
5588,535,140,mid,0.9785714285714285,0.9785714285714285
5589,538,143,mid,0.972027972027972,0.972027972027972
5590,216,59,mid,1.0,1.0
5591,216,59,mid,0.9830508474576272,0.9830508474576272
5592,538,144,mid,0.9722222222222222,0.9722222222222222
5593,535,144,mid,0.9930555555555556,0.9930555555555556
5594,216,60,mid,0.9333333333333333,0.9333333333333333
5595,539,142,mid,0.7676056338028169,0.7676056338028169
5596,540,141,head,0.8581560283687943,0.8581560283687943
5597,541,141,head,0.9432624113475178,0.9432624113475178
5598,538,144,mid,0.9583333333333334,0.9583333333333334
5599,537,143,mid,0.9300699300699301,0.9300699300699301
5600,217,59,mid,0.9322033898305084,0.9322033898305084
5601,214,59,tail,0.9152542372881356,0.9152542372881356
5602,535,141,mid,0.9574468085106383,0.9574468085106383
5603,534,142,mid,0.9436619718309859,0.9436619718309859
5604,216,59,mid,0.8983050847457628,0.8983050847457628
5605,537,144,mid,0.9236111111111112,0.9236111111111112
5606,540,143,head,0.965034965034965,0.965034965034965
5607,542,142,head,0.9014084507042254,0.9014084507042254
5608,536,143,mid,0.8461538461538461,0.8461538461538461
5609,538,142,mid,0.8591549295774648,0.8591549295774648
5610,539,143,mid,0.993006993006993,0.993006993006993
5611,535,142,mid,0.971830985915493,0.971830985915493
5612,216,59,mid,0.9322033898305084,0.9322033898305084
5613,216,59,mid,0.9830508474576272,0.9830508474576272
5614,538,144,mid,0.9583333333333334,0.9583333333333334
5615,216,59,mid,0.8305084745762712,0.8305084745762712
5616,540,143,head,0.8881118881118881,0.8881118881118881
5617,540,142,head,0.9577464788732394,0.9577464788732394
5618,539,144,mid,0.8333333333333334,0.8333333333333334
5619,532,143,mid,0.9230769230769231,0.9230769230769231
5620,540,141,head,0.8156028368794326,0.8156028368794326
5621,539,141,mid,0.8439716312056738,0.8439716312056738
5622,540,140,head,0.9071428571428571,0.9071428571428571
5623,539,144,mid,0.9166666666666666,0.9166666666666666
5624,541,143,head,0.916083916083916,0.916083916083916
5625,215,58,tail,0.7931034482758621,0.7931034482758621
5626,216,59,mid,0.8135593220338984,0.8135593220338984
5627,537,143,mid,0.9300699300699301,0.9300699300699301
5628,535,144,mid,0.8472222222222222,0.8472222222222222
5629,538,143,mid,0.916083916083916,0.916083916083916
5630,538,145,mid,0.9379310344827586,0.9379310344827586
5631,539,143,mid,0.9370629370629371,0.9370629370629371
5632,540,143,head,0.965034965034965,0.965034965034965
5633,216,59,mid,0.847457627118644,0.847457627118644
5634,526,138,mid,0.9202898550724637,0.9202898550724637
5635,543,143,head,0.8811188811188811,0.8811188811188811
5636,216,58,mid,0.8793103448275862,0.8793103448275862
5637,214,56,tail,0.8035714285714286,0.8035714285714286
5638,216,58,mid,0.9310344827586207,0.9310344827586207
5639,542,143,head,0.8251748251748252,0.8251748251748252
5640,216,59,mid,0.864406779661017,0.864406779661017
5641,216,59,mid,0.9661016949152542,0.9661016949152542
5642,216,59,mid,0.9491525423728814,0.9491525423728814
5643,537,144,mid,0.9652777777777778,0.9652777777777778
5644,216,59,mid,0.8135593220338984,0.8135593220338984
5645,540,143,head,0.9230769230769231,0.9230769230769231
5646,216,58,mid,0.8275862068965517,0.8275862068965517
5647,216,59,mid,0.9491525423728814,0.9491525423728814
5648,542,143,head,0.9370629370629371,0.9370629370629371
5649,540,143,head,0.8111888111888111,0.8111888111888111
5650,216,59,mid,0.864406779661017,0.864406779661017
5651,540,142,head,0.7746478873239436,0.7746478873239436
5652,536,141,mid,0.8226950354609929,0.8226950354609929
5653,216,59,mid,0.9322033898305084,0.9322033898305084
5654,215,59,tail,0.9491525423728814,0.9491525423728814
5655,540,140,head,0.9714285714285714,0.9714285714285714
5656,540,144,head,0.7777777777777778,0.7777777777777778
5657,537,143,mid,0.9020979020979021,0.9020979020979021
5658,215,58,tail,0.9137931034482759,0.9137931034482759
5659,541,141,head,0.9716312056737588,0.9716312056737588
5660,540,143,head,0.8391608391608392,0.8391608391608392
5661,538,141,mid,0.9148936170212766,0.9148936170212766
5662,216,59,mid,0.864406779661017,0.864406779661017
5663,216,59,mid,0.9322033898305084,0.9322033898305084
5664,539,142,mid,0.9507042253521126,0.9507042253521126
5665,538,144,mid,0.9375,0.9375
5666,543,142,head,0.823943661971831,0.823943661971831
5667,216,59,mid,0.7796610169491526,0.7796610169491526
5668,541,143,head,0.9440559440559441,0.9440559440559441
5669,215,59,tail,0.864406779661017,0.864406779661017
5670,541,145,head,0.9241379310344827,0.9241379310344827
5671,538,142,mid,0.7605633802816901,0.7605633802816901
5672,216,58,mid,0.9827586206896551,0.9827586206896551
5673,537,143,mid,0.951048951048951,0.951048951048951
5674,539,141,mid,0.7943262411347518,0.7943262411347518
5675,215,58,tail,0.8103448275862069,0.8103448275862069
5676,536,143,mid,0.8111888111888111,0.8111888111888111
5677,540,144,head,0.7916666666666666,0.7916666666666666
5678,216,59,mid,0.9661016949152542,0.9661016949152542
5679,538,144,mid,0.9513888888888888,0.9513888888888888
5680,540,140,head,0.8142857142857143,0.8142857142857143
5681,216,59,mid,0.8813559322033898,0.8813559322033898
5682,540,142,head,0.9295774647887324,0.9295774647887324
5683,538,144,mid,0.9375,0.9375
5684,216,59,mid,0.8983050847457628,0.8983050847457628
5685,215,58,tail,0.9655172413793104,0.9655172413793104
5686,537,143,mid,0.7832167832167832,0.7832167832167832
5687,216,58,mid,0.9655172413793104,0.9655172413793104
5688,540,140,head,0.9,0.9
5689,216,59,mid,1.0,1.0
5690,536,141,mid,0.851063829787234,0.851063829787234
5691,540,143,head,0.8671328671328671,0.8671328671328671
5692,216,59,mid,0.9661016949152542,0.9661016949152542
5693,538,143,mid,0.7832167832167832,0.7832167832167832
5694,541,143,head,0.965034965034965,0.965034965034965
5695,535,144,mid,0.9305555555555556,0.9305555555555556
5696,216,59,mid,0.9152542372881356,0.9152542372881356
5697,540,141,head,0.7943262411347518,0.7943262411347518
5698,533,142,mid,0.9577464788732394,0.9577464788732394
5699,216,59,mid,0.9491525423728814,0.9491525423728814
5700,539,143,mid,0.8251748251748252,0.8251748251748252
5701,214,59,tail,1.0,1.0
5702,318,84,mid,0.8214285714285714,0.8214285714285714
5703,541,143,head,0.8181818181818182,0.8181818181818182
5704,216,58,mid,0.9827586206896551,0.9827586206896551
5705,216,59,mid,0.8983050847457628,0.8983050847457628
5706,216,59,mid,0.864406779661017,0.864406779661017
5707,538,142,mid,0.9859154929577465,0.9859154929577465
5708,216,57,mid,0.9649122807017544,0.9649122807017544
5709,216,59,mid,0.9491525423728814,0.9491525423728814
5710,538,143,mid,0.972027972027972,0.972027972027972
5711,216,59,mid,0.9491525423728814,0.9491525423728814
5712,538,143,mid,0.965034965034965,0.965034965034965
5713,216,58,mid,0.9655172413793104,0.9655172413793104
5714,216,59,mid,0.9152542372881356,0.9152542372881356
5715,216,59,mid,0.9491525423728814,0.9491525423728814
5716,216,59,mid,1.0,1.0
5717,540,141,head,0.9858156028368794,0.9858156028368794
5718,535,144,mid,0.9097222222222222,0.9097222222222222
5719,542,140,head,0.8214285714285714,0.8214285714285714
5720,216,59,mid,0.847457627118644,0.847457627118644
5721,537,143,mid,0.972027972027972,0.972027972027972
5722,215,59,tail,0.9830508474576272,0.9830508474576272
5723,541,143,head,0.965034965034965,0.965034965034965
5724,539,143,mid,0.8181818181818182,0.8181818181818182
5725,216,59,mid,0.8813559322033898,0.8813559322033898
5726,216,59,mid,0.9830508474576272,0.9830508474576272
5727,537,143,mid,0.965034965034965,0.965034965034965
5728,532,143,mid,0.8321678321678322,0.8321678321678322
5729,212,59,tail,0.9830508474576272,0.9830508474576272
5730,216,59,mid,0.9830508474576272,0.9830508474576272
5731,536,143,mid,0.8741258741258742,0.8741258741258742
5732,537,144,mid,0.8402777777777778,0.8402777777777778
5733,216,59,mid,0.9152542372881356,0.9152542372881356
5734,216,59,mid,1.0,1.0
5735,535,144,mid,0.9513888888888888,0.9513888888888888
5736,216,59,mid,0.864406779661017,0.864406779661017
5737,215,59,tail,1.0,1.0
5738,539,142,mid,0.9366197183098591,0.9366197183098591
5739,539,142,mid,0.9788732394366197,0.9788732394366197
5740,541,141,head,0.9361702127659575,0.9361702127659575
5741,216,60,mid,0.9833333333333333,0.9833333333333333
5742,216,60,mid,1.0,1.0
5743,537,144,mid,0.9930555555555556,0.9930555555555556
5744,216,60,mid,1.0,1.0
5745,215,60,tail,0.9833333333333333,0.9833333333333333
5746,541,142,head,0.9859154929577465,0.9859154929577465
5747,539,141,mid,0.9787234042553191,0.9787234042553191
5748,216,59,mid,1.0,1.0
5749,541,141,head,0.9787234042553191,0.9787234042553191
5750,539,143,mid,0.9790209790209791,0.9790209790209791
5751,214,60,tail,0.9833333333333333,0.9833333333333333
5752,216,59,mid,0.9830508474576272,0.9830508474576272
5753,542,142,head,0.9859154929577465,0.9859154929577465
5754,540,142,head,0.9859154929577465,0.9859154929577465
5755,216,60,mid,1.0,1.0
5756,213,59,tail,1.0,1.0
5757,538,143,mid,1.0,1.0
5758,216,60,mid,0.9833333333333333,0.9833333333333333
5759,537,144,mid,1.0,1.0
5760,216,60,mid,1.0,1.0
5761,216,60,mid,1.0,1.0
5762,543,142,head,0.9647887323943662,0.9647887323943662
5763,542,145,head,0.9655172413793104,0.9655172413793104
5764,540,142,head,0.9295774647887324,0.9295774647887324
5765,542,141,head,0.9645390070921985,0.9645390070921985
5766,543,142,head,1.0,1.0
5767,539,145,mid,0.9586206896551724,0.9586206896551724
5768,541,144,head,0.9791666666666666,0.9791666666666666
5769,544,140,head,0.9642857142857143,0.9642857142857143
5770,541,145,head,0.9793103448275862,0.9793103448275862
5771,535,140,mid,0.95,0.95
5772,539,143,mid,0.9790209790209791,0.9790209790209791
5773,540,142,head,0.971830985915493,0.971830985915493
5774,537,141,mid,0.9787234042553191,0.9787234042553191
5775,537,143,mid,0.958041958041958,0.958041958041958
5776,542,143,head,0.9790209790209791,0.9790209790209791
5777,542,141,head,0.9858156028368794,0.9858156028368794
5778,539,144,mid,0.9791666666666666,0.9791666666666666
5779,540,142,head,0.9859154929577465,0.9859154929577465
5780,512,134,mid,0.9925373134328358,0.9925373134328358
5781,538,142,mid,0.9929577464788732,0.9929577464788732
5782,216,60,mid,1.0,1.0
5783,216,59,mid,0.9830508474576272,0.9830508474576272
5784,539,142,mid,0.9577464788732394,0.9577464788732394
5785,540,142,head,0.9788732394366197,0.9788732394366197
5786,216,60,mid,1.0,1.0
5787,541,141,head,0.9432624113475178,0.9432624113475178
5788,539,144,mid,0.9861111111111112,0.9861111111111112
5789,542,142,head,0.9788732394366197,0.9788732394366197
5790,539,141,mid,0.9858156028368794,0.9858156028368794
5791,216,60,mid,0.9666666666666667,0.9666666666666667
5792,537,145,mid,0.9655172413793104,0.9655172413793104
5793,216,60,mid,1.0,1.0
5794,538,143,mid,0.9790209790209791,0.9790209790209791
5795,537,143,mid,0.972027972027972,0.972027972027972
5796,216,60,mid,1.0,1.0
5797,532,139,mid,0.935251798561151,0.935251798561151
5798,539,143,mid,0.9790209790209791,0.9790209790209791
5799,538,140,mid,0.9857142857142858,0.9857142857142858
5800,538,143,mid,0.972027972027972,0.972027972027972
5801,213,60,tail,1.0,1.0
5802,216,60,mid,1.0,1.0
5803,216,60,mid,1.0,1.0
5804,216,60,mid,1.0,1.0
5805,216,60,mid,1.0,1.0
5806,536,141,mid,0.9787234042553191,0.9787234042553191
5807,540,141,head,0.9787234042553191,0.9787234042553191
5808,540,142,head,0.9929577464788732,0.9929577464788732
5809,213,60,tail,0.9833333333333333,0.9833333333333333
5810,537,144,mid,0.9930555555555556,0.9930555555555556
5811,539,144,mid,0.9791666666666666,0.9791666666666666
5812,536,140,mid,0.9785714285714285,0.9785714285714285
5813,216,59,mid,1.0,1.0
5814,216,60,mid,0.9833333333333333,0.9833333333333333
5815,539,142,mid,0.9788732394366197,0.9788732394366197
5816,216,60,mid,1.0,1.0
5817,535,143,mid,0.986013986013986,0.986013986013986
5818,539,144,mid,0.9791666666666666,0.9791666666666666
5819,216,60,mid,1.0,1.0
5820,541,141,head,1.0,1.0
5821,539,144,mid,0.9861111111111112,0.9861111111111112
5822,214,58,tail,1.0,1.0
5823,216,59,mid,1.0,1.0
5824,540,144,head,0.9791666666666666,0.9791666666666666
5825,215,59,tail,1.0,1.0
5826,540,141,head,0.9787234042553191,0.9787234042553191
5827,538,142,mid,0.9788732394366197,0.9788732394366197
5828,540,144,head,0.8958333333333334,0.8958333333333334
5829,539,141,mid,1.0,1.0
5830,541,141,head,0.9787234042553191,0.9787234042553191
5831,535,140,mid,0.9285714285714286,0.9285714285714286
5832,216,60,mid,1.0,1.0
5833,216,59,mid,1.0,1.0
5834,538,143,mid,0.958041958041958,0.958041958041958
5835,216,60,mid,1.0,1.0
5836,540,142,head,0.9436619718309859,0.9436619718309859
5837,216,59,mid,0.9830508474576272,0.9830508474576272
5838,540,142,head,0.971830985915493,0.971830985915493
5839,540,144,head,1.0,1.0
5840,541,141,head,0.9787234042553191,0.9787234042553191
5841,539,144,mid,0.9652777777777778,0.9652777777777778
5842,542,140,head,0.95,0.95
5843,216,60,mid,1.0,1.0
5844,543,142,head,0.9647887323943662,0.9647887323943662
5845,542,145,head,0.9862068965517241,0.9862068965517241
5846,538,143,mid,0.9790209790209791,0.9790209790209791
5847,216,60,mid,0.9666666666666667,0.9666666666666667
5848,214,60,tail,1.0,1.0
5849,536,143,mid,0.972027972027972,0.972027972027972
5850,539,144,mid,0.9930555555555556,0.9930555555555556
5851,216,60,mid,1.0,1.0
5852,540,144,head,0.9513888888888888,0.9513888888888888
5853,537,143,mid,0.986013986013986,0.986013986013986
5854,213,60,tail,0.9833333333333333,0.9833333333333333
5855,216,60,mid,1.0,1.0
5856,214,59,tail,0.9322033898305084,0.9322033898305084
5857,212,60,tail,0.9833333333333333,0.9833333333333333
5858,537,143,mid,0.972027972027972,0.972027972027972
5859,215,60,tail,0.9833333333333333,0.9833333333333333
5860,543,145,head,0.9379310344827586,0.9379310344827586
5861,216,60,mid,0.9333333333333333,0.9333333333333333
5862,216,59,mid,0.9830508474576272,0.9830508474576272
5863,539,142,mid,0.9929577464788732,0.9929577464788732
5864,541,138,head,0.9130434782608695,0.9130434782608695
5865,216,60,mid,0.9666666666666667,0.9666666666666667
5866,216,60,mid,0.9666666666666667,0.9666666666666667
5867,214,59,tail,0.9830508474576272,0.9830508474576272
5868,536,143,mid,0.9230769230769231,0.9230769230769231
5869,209,57,tail,0.9649122807017544,0.9649122807017544
5870,213,60,tail,0.9833333333333333,0.9833333333333333
5871,216,59,mid,0.9830508474576272,0.9830508474576272
5872,317,82,mid,0.926829268292683,0.926829268292683
5873,540,144,head,0.9791666666666666,0.9791666666666666
5874,214,59,tail,0.9491525423728814,0.9491525423728814
5875,540,141,head,0.9574468085106383,0.9574468085106383
5876,216,60,mid,0.9833333333333333,0.9833333333333333
5877,204,55,tail,0.8,0.8
5878,539,144,mid,0.9791666666666666,0.9791666666666666
5879,540,142,head,0.9788732394366197,0.9788732394366197
5880,216,60,mid,0.9833333333333333,0.9833333333333333
5881,216,60,mid,1.0,1.0
5882,538,143,mid,0.972027972027972,0.972027972027972
5883,540,143,head,0.951048951048951,0.951048951048951
5884,537,142,mid,0.9436619718309859,0.9436619718309859
5885,216,59,mid,0.9830508474576272,0.9830508474576272
5886,316,83,mid,0.927710843373494,0.927710843373494
5887,216,60,mid,1.0,1.0
5888,216,60,mid,1.0,1.0
5889,539,141,mid,0.950354609929078,0.950354609929078
5890,219,61,mid,0.9508196721311475,0.9508196721311475
5891,216,60,mid,0.9666666666666667,0.9666666666666667
5892,216,60,mid,1.0,1.0
5893,216,60,mid,0.9666666666666667,0.9666666666666667
5894,543,143,head,0.986013986013986,0.986013986013986
5895,542,143,head,0.9790209790209791,0.9790209790209791
5896,535,142,mid,0.9788732394366197,0.9788732394366197
5897,216,60,mid,0.9833333333333333,0.9833333333333333
5898,216,60,mid,0.9666666666666667,0.9666666666666667
5899,536,143,mid,0.958041958041958,0.958041958041958
5900,216,59,mid,0.9830508474576272,0.9830508474576272
5901,535,142,mid,0.9859154929577465,0.9859154929577465
5902,216,60,mid,0.9833333333333333,0.9833333333333333
5903,540,142,head,0.9436619718309859,0.9436619718309859
5904,540,144,head,0.9513888888888888,0.9513888888888888
5905,216,60,mid,0.9666666666666667,0.9666666666666667
5906,216,60,mid,0.9833333333333333,0.9833333333333333
5907,216,60,mid,1.0,1.0
5908,317,83,mid,0.9518072289156626,0.9518072289156626
5909,216,60,mid,0.9666666666666667,0.9666666666666667
5910,214,58,tail,1.0,1.0
5911,216,60,mid,0.9833333333333333,0.9833333333333333
5912,216,60,mid,1.0,1.0
5913,216,60,mid,0.9666666666666667,0.9666666666666667
5914,216,60,mid,1.0,1.0
5915,216,60,mid,0.9666666666666667,0.9666666666666667
5916,315,83,mid,0.963855421686747,0.963855421686747
5917,539,140,mid,0.9928571428571429,0.9928571428571429
5918,216,59,mid,0.9322033898305084,0.9322033898305084
5919,216,60,mid,0.9833333333333333,0.9833333333333333
5920,540,142,head,0.9859154929577465,0.9859154929577465
5921,216,60,mid,1.0,1.0
5922,213,60,tail,0.9833333333333333,0.9833333333333333
5923,533,143,mid,0.986013986013986,0.986013986013986
5924,214,59,tail,1.0,1.0
5925,214,60,tail,1.0,1.0
5926,216,60,mid,0.9833333333333333,0.9833333333333333
5927,215,59,tail,0.9830508474576272,0.9830508474576272
5928,215,60,tail,1.0,1.0
5929,216,59,mid,1.0,1.0
5930,215,59,tail,0.9661016949152542,0.9661016949152542
5931,544,140,head,0.9785714285714285,0.9785714285714285
5932,215,60,tail,1.0,1.0
5933,540,141,head,0.9716312056737588,0.9716312056737588
5934,541,139,head,0.9856115107913669,0.9856115107913669
5935,216,60,mid,1.0,1.0
5936,215,60,tail,1.0,1.0
5937,539,142,mid,0.9929577464788732,0.9929577464788732
5938,216,60,mid,1.0,1.0
5939,216,59,mid,1.0,1.0
5940,216,60,mid,1.0,1.0
5941,216,60,mid,1.0,1.0
5942,214,60,tail,0.9666666666666667,0.9666666666666667
5943,542,141,head,0.9858156028368794,0.9858156028368794
5944,540,143,head,0.958041958041958,0.958041958041958
5945,216,60,mid,0.9833333333333333,0.9833333333333333
5946,543,140,head,0.9928571428571429,0.9928571428571429
5947,315,82,mid,0.9878048780487805,0.9878048780487805
5948,216,60,mid,1.0,1.0
5949,213,59,tail,0.9830508474576272,0.9830508474576272
5950,216,60,mid,0.9833333333333333,0.9833333333333333
5951,214,59,tail,1.0,1.0
5952,539,144,mid,0.9861111111111112,0.9861111111111112
5953,541,142,head,0.9929577464788732,0.9929577464788732
5954,540,144,head,0.9861111111111112,0.9861111111111112
5955,532,141,mid,0.9787234042553191,0.9787234042553191
5956,530,142,mid,0.971830985915493,0.971830985915493
5957,216,59,mid,0.9661016949152542,0.9661016949152542
5958,542,143,head,0.986013986013986,0.986013986013986
5959,540,143,head,0.986013986013986,0.986013986013986
5960,540,140,head,0.9857142857142858,0.9857142857142858
5961,535,143,mid,0.951048951048951,0.951048951048951
5962,216,59,mid,1.0,1.0
5963,216,60,mid,1.0,1.0
5964,540,144,head,0.9583333333333334,0.9583333333333334
5965,216,59,mid,1.0,1.0
5966,537,141,mid,0.9787234042553191,0.9787234042553191
5967,540,144,head,0.9444444444444444,0.9444444444444444
5968,539,143,mid,0.986013986013986,0.986013986013986
5969,215,59,tail,0.9661016949152542,0.9661016949152542
5970,216,60,mid,0.9666666666666667,0.9666666666666667
5971,216,60,mid,0.9833333333333333,0.9833333333333333
5972,541,144,head,0.9583333333333334,0.9583333333333334
5973,216,60,mid,0.9833333333333333,0.9833333333333333
5974,216,60,mid,0.9666666666666667,0.9666666666666667
5975,215,57,tail,0.9824561403508771,0.9824561403508771
5976,215,60,tail,0.9666666666666667,0.9666666666666667
5977,214,59,tail,0.9152542372881356,0.9152542372881356
5978,215,60,tail,0.9833333333333333,0.9833333333333333
5979,538,144,mid,0.9375,0.9375
5980,216,59,mid,1.0,1.0
5981,542,144,head,0.9652777777777778,0.9652777777777778
5982,215,59,tail,0.9491525423728814,0.9491525423728814
5983,537,142,mid,0.9647887323943662,0.9647887323943662
5984,216,60,mid,1.0,1.0
5985,216,60,mid,0.9666666666666667,0.9666666666666667
5986,216,60,mid,1.0,1.0
5987,537,141,mid,0.9787234042553191,0.9787234042553191
5988,216,59,mid,1.0,1.0
5989,536,140,mid,0.9857142857142858,0.9857142857142858
5990,539,142,mid,0.9929577464788732,0.9929577464788732
5991,216,60,mid,1.0,1.0
5992,542,143,head,0.972027972027972,0.972027972027972
5993,535,141,mid,0.9929078014184397,0.9929078014184397
5994,439,120,mid,1.0,1.0
5995,215,59,tail,1.0,1.0
5996,216,60,mid,1.0,1.0
5997,216,60,mid,1.0,1.0
5998,216,59,mid,0.9830508474576272,0.9830508474576272
5999,215,60,tail,1.0,1.0
6000,540,142,head,0.9929577464788732,0.9929577464788732
6001,539,142,mid,0.9929577464788732,0.9929577464788732
6002,217,60,mid,1.0,1.0
6003,538,144,mid,0.9791666666666666,0.9791666666666666
6004,216,59,mid,1.0,1.0
6005,542,144,head,0.9930555555555556,0.9930555555555556
6006,540,142,head,0.9788732394366197,0.9788732394366197
6007,539,144,mid,0.9861111111111112,0.9861111111111112
6008,216,60,mid,1.0,1.0
6009,540,145,head,0.9862068965517241,0.9862068965517241
6010,216,60,mid,1.0,1.0
6011,540,144,head,0.9583333333333334,0.9583333333333334
6012,531,140,mid,0.9714285714285714,0.9714285714285714
6013,531,140,mid,0.9714285714285714,0.9714285714285714
6014,540,142,head,0.9788732394366197,0.9788732394366197
6015,538,143,mid,0.972027972027972,0.972027972027972
6016,540,142,head,0.971830985915493,0.971830985915493
6017,540,140,head,0.9071428571428571,0.9071428571428571
6018,539,140,mid,0.9357142857142857,0.9357142857142857
6019,542,142,head,0.9929577464788732,0.9929577464788732
6020,540,144,head,0.9722222222222222,0.9722222222222222
6021,214,60,tail,0.8833333333333333,0.8833333333333333
6022,542,143,head,0.972027972027972,0.972027972027972
6023,539,143,mid,0.965034965034965,0.965034965034965
6024,541,141,head,0.9432624113475178,0.9432624113475178
6025,537,144,mid,0.8819444444444444,0.8819444444444444
6026,538,145,mid,0.896551724137931,0.896551724137931
6027,535,144,mid,0.9791666666666666,0.9791666666666666
6028,539,142,mid,0.9577464788732394,0.9577464788732394
6029,539,142,mid,0.9929577464788732,0.9929577464788732
6030,539,143,mid,0.9230769230769231,0.9230769230769231
6031,542,144,head,0.9930555555555556,0.9930555555555556
6032,540,143,head,0.8881118881118881,0.8881118881118881
6033,539,143,mid,0.9020979020979021,0.9020979020979021
6034,216,60,mid,0.9833333333333333,0.9833333333333333
6035,541,142,head,0.971830985915493,0.971830985915493
6036,216,60,mid,0.9833333333333333,0.9833333333333333
6037,538,141,mid,0.9574468085106383,0.9574468085106383
6038,537,143,mid,0.9370629370629371,0.9370629370629371
6039,536,143,mid,0.965034965034965,0.965034965034965
6040,541,145,head,0.9310344827586207,0.9310344827586207
6041,539,143,mid,0.958041958041958,0.958041958041958
6042,540,142,head,0.9366197183098591,0.9366197183098591
6043,542,141,head,1.0,1.0
6044,540,142,head,0.9577464788732394,0.9577464788732394
6045,216,59,mid,1.0,1.0
6046,215,59,tail,0.9830508474576272,0.9830508474576272
6047,216,59,mid,1.0,1.0
6048,216,60,mid,0.9666666666666667,0.9666666666666667
6049,216,59,mid,0.9830508474576272,0.9830508474576272
6050,540,142,head,0.9929577464788732,0.9929577464788732
6051,536,142,mid,0.9507042253521126,0.9507042253521126
6052,541,141,head,0.9361702127659575,0.9361702127659575
6053,216,59,mid,0.9830508474576272,0.9830508474576272
6054,537,143,mid,0.965034965034965,0.965034965034965
6055,216,60,mid,0.9833333333333333,0.9833333333333333
6056,537,144,mid,0.9513888888888888,0.9513888888888888
6057,541,143,head,0.951048951048951,0.951048951048951
6058,537,142,mid,0.9225352112676056,0.9225352112676056
6059,540,143,head,0.9440559440559441,0.9440559440559441
6060,539,141,mid,0.9929078014184397,0.9929078014184397
6061,536,141,mid,0.9574468085106383,0.9574468085106383
6062,540,144,head,0.9444444444444444,0.9444444444444444
6063,537,142,mid,0.9859154929577465,0.9859154929577465
6064,216,60,mid,0.95,0.95
6065,216,60,mid,0.9666666666666667,0.9666666666666667
6066,538,144,mid,0.9513888888888888,0.9513888888888888
6067,539,143,mid,0.9020979020979021,0.9020979020979021
6068,540,143,head,0.972027972027972,0.972027972027972
6069,216,60,mid,1.0,1.0
6070,216,60,mid,0.9666666666666667,0.9666666666666667
6071,538,142,mid,0.9436619718309859,0.9436619718309859
6072,540,143,head,0.951048951048951,0.951048951048951
6073,215,60,tail,0.95,0.95
6074,542,142,head,0.971830985915493,0.971830985915493
6075,539,142,mid,0.9507042253521126,0.9507042253521126
6076,214,60,tail,0.9833333333333333,0.9833333333333333
6077,540,141,head,0.9645390070921985,0.9645390070921985
6078,540,143,head,0.958041958041958,0.958041958041958
6079,539,141,mid,0.9858156028368794,0.9858156028368794
6080,540,144,head,0.9722222222222222,0.9722222222222222
6081,542,142,head,0.971830985915493,0.971830985915493
6082,536,142,mid,0.9366197183098591,0.9366197183098591
6083,540,142,head,0.8732394366197183,0.8732394366197183
6084,216,60,mid,1.0,1.0
6085,541,141,head,0.8865248226950354,0.8865248226950354
6086,216,60,mid,0.9833333333333333,0.9833333333333333
6087,216,60,mid,1.0,1.0
6088,540,140,head,0.9928571428571429,0.9928571428571429
6089,216,60,mid,1.0,1.0
6090,216,60,mid,0.9666666666666667,0.9666666666666667
6091,215,60,tail,1.0,1.0
6092,539,143,mid,0.965034965034965,0.965034965034965
6093,538,142,mid,0.9788732394366197,0.9788732394366197
6094,544,142,head,0.9507042253521126,0.9507042253521126
6095,540,145,head,0.9862068965517241,0.9862068965517241
6096,540,142,head,0.971830985915493,0.971830985915493
6097,531,142,mid,0.9577464788732394,0.9577464788732394
6098,216,59,mid,1.0,1.0
6099,543,142,head,0.9788732394366197,0.9788732394366197
6100,544,142,head,0.971830985915493,0.971830985915493
6101,538,140,mid,0.9571428571428572,0.9571428571428572
6102,216,59,mid,0.9830508474576272,0.9830508474576272
6103,216,60,mid,1.0,1.0
6104,212,60,tail,1.0,1.0
6105,541,142,head,0.9014084507042254,0.9014084507042254
6106,537,143,mid,0.951048951048951,0.951048951048951
6107,215,60,tail,1.0,1.0
6108,216,60,mid,0.9833333333333333,0.9833333333333333
6109,215,60,tail,1.0,1.0
6110,537,142,mid,0.9647887323943662,0.9647887323943662
6111,541,143,head,0.972027972027972,0.972027972027972
6112,216,60,mid,1.0,1.0
6113,539,145,mid,0.9862068965517241,0.9862068965517241
6114,539,144,mid,0.9583333333333334,0.9583333333333334
6115,216,60,mid,1.0,1.0
6116,537,142,mid,0.9577464788732394,0.9577464788732394
6117,216,60,mid,1.0,1.0
6118,542,143,head,0.986013986013986,0.986013986013986
6119,540,144,head,0.9791666666666666,0.9791666666666666
6120,216,60,mid,0.9833333333333333,0.9833333333333333
6121,216,60,mid,0.9833333333333333,0.9833333333333333
6122,216,60,mid,0.9833333333333333,0.9833333333333333
6123,216,60,mid,1.0,1.0
6124,541,142,head,0.9859154929577465,0.9859154929577465
6125,541,142,head,0.9859154929577465,0.9859154929577465
6126,216,60,mid,1.0,1.0
6127,215,58,tail,1.0,1.0
6128,216,59,mid,1.0,1.0
6129,216,58,mid,0.9827586206896551,0.9827586206896551
6130,215,59,tail,0.9830508474576272,0.9830508474576272
6131,216,59,mid,1.0,1.0
6132,536,143,mid,0.965034965034965,0.965034965034965
6133,539,144,mid,0.9861111111111112,0.9861111111111112
6134,542,142,head,0.9577464788732394,0.9577464788732394
6135,540,142,head,0.9647887323943662,0.9647887323943662
6136,216,59,mid,1.0,1.0
6137,543,143,head,0.993006993006993,0.993006993006993
6138,540,142,head,0.9788732394366197,0.9788732394366197
6139,215,59,tail,0.9830508474576272,0.9830508474576272
6140,540,144,head,0.9791666666666666,0.9791666666666666
6141,215,59,tail,1.0,1.0
6142,215,59,tail,1.0,1.0
6143,539,143,mid,0.9790209790209791,0.9790209790209791
6144,215,59,tail,0.9830508474576272,0.9830508474576272
6145,216,59,mid,1.0,1.0
6146,540,142,head,0.9647887323943662,0.9647887323943662
6147,214,59,tail,1.0,1.0
6148,539,143,mid,0.9230769230769231,0.9230769230769231
6149,216,59,mid,1.0,1.0
6150,216,60,mid,0.9833333333333333,0.9833333333333333
6151,543,143,head,0.972027972027972,0.972027972027972
6152,216,60,mid,1.0,1.0
6153,216,60,mid,0.9666666666666667,0.9666666666666667
6154,216,60,mid,1.0,1.0
6155,216,60,mid,0.9833333333333333,0.9833333333333333
6156,539,142,mid,0.9436619718309859,0.9436619718309859
6157,538,142,mid,0.9788732394366197,0.9788732394366197
6158,216,59,mid,0.9661016949152542,0.9661016949152542
6159,216,60,mid,0.9666666666666667,0.9666666666666667
6160,540,143,head,0.958041958041958,0.958041958041958
6161,216,60,mid,1.0,1.0
6162,216,59,mid,0.9830508474576272,0.9830508474576272
6163,216,60,mid,0.9833333333333333,0.9833333333333333
6164,216,58,mid,0.9655172413793104,0.9655172413793104
6165,216,60,mid,1.0,1.0
6166,541,141,head,0.9787234042553191,0.9787234042553191
6167,536,143,mid,0.965034965034965,0.965034965034965
6168,216,60,mid,0.9666666666666667,0.9666666666666667
6169,216,60,mid,0.9833333333333333,0.9833333333333333
6170,542,144,head,0.9722222222222222,0.9722222222222222
6171,543,143,head,0.958041958041958,0.958041958041958
6172,216,59,mid,1.0,1.0
6173,540,142,head,0.9788732394366197,0.9788732394366197
6174,215,60,tail,0.95,0.95
6175,540,140,head,0.9714285714285714,0.9714285714285714
6176,540,142,head,0.9647887323943662,0.9647887323943662
6177,540,142,head,0.9577464788732394,0.9577464788732394
6178,215,60,tail,1.0,1.0
6179,216,59,mid,1.0,1.0
6180,540,141,head,0.9787234042553191,0.9787234042553191
6181,216,60,mid,1.0,1.0
6182,216,61,mid,1.0,1.0
6183,216,59,mid,0.9830508474576272,0.9830508474576272
6184,543,142,head,0.9929577464788732,0.9929577464788732
6185,216,60,mid,1.0,1.0
6186,215,60,tail,1.0,1.0
6187,215,60,tail,1.0,1.0
6188,216,60,mid,1.0,1.0
6189,216,60,mid,0.9833333333333333,0.9833333333333333
6190,216,60,mid,0.9833333333333333,0.9833333333333333
6191,213,59,tail,0.9830508474576272,0.9830508474576272
6192,211,59,tail,1.0,1.0
6193,540,143,head,0.9230769230769231,0.9230769230769231
6194,216,59,mid,1.0,1.0
6195,539,142,mid,0.9788732394366197,0.9788732394366197
6196,537,143,mid,0.9790209790209791,0.9790209790209791
6197,538,144,mid,0.9791666666666666,0.9791666666666666
6198,216,60,mid,1.0,1.0
6199,216,59,mid,1.0,1.0
6200,216,60,mid,0.9833333333333333,0.9833333333333333
6201,541,144,head,0.8819444444444444,0.8819444444444444
6202,540,143,head,0.993006993006993,0.993006993006993
6203,541,142,head,0.9788732394366197,0.9788732394366197
6204,543,145,head,0.9793103448275862,0.9793103448275862
6205,438,116,mid,0.9827586206896551,0.9827586206896551
6206,215,60,tail,0.95,0.95
6207,216,60,mid,1.0,1.0
6208,540,141,head,1.0,1.0
6209,216,59,mid,1.0,1.0
6210,536,143,mid,0.972027972027972,0.972027972027972
6211,214,60,tail,1.0,1.0
6212,216,60,mid,0.8666666666666667,0.8666666666666667
6213,531,141,mid,0.9078014184397163,0.9078014184397163
6214,542,141,head,1.0,1.0
6215,540,143,head,0.993006993006993,0.993006993006993
6216,216,60,mid,1.0,1.0
6217,216,60,mid,1.0,1.0
6218,537,143,mid,1.0,1.0
6219,215,59,tail,0.9830508474576272,0.9830508474576272
6220,216,60,mid,0.95,0.95
6221,539,142,mid,0.9788732394366197,0.9788732394366197
6222,537,144,mid,1.0,1.0
6223,540,144,head,0.9444444444444444,0.9444444444444444
6224,538,143,mid,0.951048951048951,0.951048951048951
6225,216,59,mid,0.9830508474576272,0.9830508474576272
6226,216,60,mid,1.0,1.0
6227,216,60,mid,0.9833333333333333,0.9833333333333333
6228,540,144,head,0.9652777777777778,0.9652777777777778
6229,216,60,mid,0.9833333333333333,0.9833333333333333
6230,541,142,head,0.9859154929577465,0.9859154929577465
6231,539,144,mid,0.9791666666666666,0.9791666666666666
6232,540,143,head,0.972027972027972,0.972027972027972
6233,216,60,mid,0.9833333333333333,0.9833333333333333
6234,215,60,tail,0.9666666666666667,0.9666666666666667
6235,216,60,mid,1.0,1.0
6236,216,60,mid,0.9833333333333333,0.9833333333333333
6237,538,144,mid,0.9236111111111112,0.9236111111111112
6238,537,144,mid,1.0,1.0
6239,438,119,mid,1.0,1.0
6240,216,60,mid,0.9833333333333333,0.9833333333333333
6241,216,60,mid,0.9833333333333333,0.9833333333333333
6242,216,60,mid,0.9666666666666667,0.9666666666666667
6243,216,60,mid,0.9833333333333333,0.9833333333333333
6244,214,59,tail,1.0,1.0
6245,215,60,tail,0.9833333333333333,0.9833333333333333
6246,216,59,mid,1.0,1.0
6247,216,60,mid,1.0,1.0
6248,216,60,mid,1.0,1.0
6249,215,60,tail,1.0,1.0
6250,541,142,head,0.9436619718309859,0.9436619718309859
6251,539,144,mid,0.9861111111111112,0.9861111111111112
6252,539,144,mid,0.9861111111111112,0.9861111111111112
6253,539,142,mid,0.9788732394366197,0.9788732394366197
6254,538,142,mid,0.9507042253521126,0.9507042253521126
6255,540,141,head,0.9929078014184397,0.9929078014184397
6256,535,142,mid,0.9788732394366197,0.9788732394366197
6257,540,143,head,0.916083916083916,0.916083916083916
6258,531,141,mid,0.9787234042553191,0.9787234042553191
6259,532,140,mid,0.9642857142857143,0.9642857142857143
6260,215,60,tail,1.0,1.0
6261,216,60,mid,0.9833333333333333,0.9833333333333333
6262,216,60,mid,1.0,1.0
6263,213,60,tail,1.0,1.0
6264,216,60,mid,1.0,1.0
6265,215,60,tail,1.0,1.0
6266,216,60,mid,1.0,1.0
6267,215,59,tail,1.0,1.0
6268,216,59,mid,1.0,1.0
6269,216,59,mid,0.9661016949152542,0.9661016949152542
6270,215,60,tail,0.9833333333333333,0.9833333333333333
6271,216,60,mid,1.0,1.0
6272,216,60,mid,1.0,1.0
6273,216,60,mid,0.9833333333333333,0.9833333333333333
6274,216,60,mid,1.0,1.0
6275,216,60,mid,0.9833333333333333,0.9833333333333333
6276,540,145,head,0.9793103448275862,0.9793103448275862
6277,540,142,head,0.9436619718309859,0.9436619718309859
6278,216,59,mid,1.0,1.0
6279,216,60,mid,0.9666666666666667,0.9666666666666667
6280,214,60,tail,0.9666666666666667,0.9666666666666667
6281,216,60,mid,1.0,1.0
6282,535,144,mid,0.9444444444444444,0.9444444444444444
6283,216,60,mid,0.9833333333333333,0.9833333333333333
6284,216,60,mid,0.9833333333333333,0.9833333333333333
6285,538,142,mid,0.971830985915493,0.971830985915493
6286,540,140,head,0.9214285714285714,0.9214285714285714
6287,216,60,mid,0.9666666666666667,0.9666666666666667
6288,216,59,mid,0.9661016949152542,0.9661016949152542
6289,214,60,tail,1.0,1.0
6290,216,60,mid,1.0,1.0
6291,540,141,head,0.9645390070921985,0.9645390070921985
6292,216,60,mid,0.9666666666666667,0.9666666666666667
6293,216,60,mid,1.0,1.0
6294,214,60,tail,0.95,0.95
6295,541,142,head,0.9788732394366197,0.9788732394366197
6296,540,141,head,0.9574468085106383,0.9574468085106383
6297,540,144,head,0.9722222222222222,0.9722222222222222
6298,540,144,head,0.9166666666666666,0.9166666666666666
6299,541,143,head,0.958041958041958,0.958041958041958
6300,542,142,head,0.9436619718309859,0.9436619718309859
6301,216,60,mid,0.9833333333333333,0.9833333333333333
6302,210,58,tail,0.9310344827586207,0.9310344827586207
6303,542,144,head,0.9513888888888888,0.9513888888888888
6304,538,144,mid,0.8611111111111112,0.8611111111111112
6305,539,144,mid,0.8472222222222222,0.8472222222222222
6306,540,142,head,0.9507042253521126,0.9507042253521126
6307,540,141,head,0.9078014184397163,0.9078014184397163
6308,216,60,mid,0.9833333333333333,0.9833333333333333
6309,216,60,mid,0.95,0.95
6310,216,59,mid,0.9661016949152542,0.9661016949152542
6311,216,60,mid,0.9666666666666667,0.9666666666666667
6312,539,143,mid,0.951048951048951,0.951048951048951
6313,216,60,mid,1.0,1.0
6314,216,60,mid,0.9666666666666667,0.9666666666666667
6315,539,144,mid,0.9236111111111112,0.9236111111111112
6316,216,60,mid,0.9833333333333333,0.9833333333333333
6317,539,144,mid,0.9513888888888888,0.9513888888888888
6318,216,60,mid,0.9666666666666667,0.9666666666666667
6319,540,143,head,0.972027972027972,0.972027972027972
6320,216,60,mid,0.9166666666666666,0.9166666666666666
6321,216,58,mid,0.9310344827586207,0.9310344827586207
6322,216,60,mid,1.0,1.0
6323,216,60,mid,0.9666666666666667,0.9666666666666667
6324,215,59,tail,0.9830508474576272,0.9830508474576272
6325,540,142,head,0.8873239436619719,0.8873239436619719
6326,216,60,mid,0.8833333333333333,0.8833333333333333
6327,216,60,mid,0.9666666666666667,0.9666666666666667
6328,536,141,mid,0.9787234042553191,0.9787234042553191
6329,215,60,tail,0.95,0.95
6330,542,143,head,0.9440559440559441,0.9440559440559441
6331,540,143,head,0.916083916083916,0.916083916083916
6332,542,141,head,0.9645390070921985,0.9645390070921985
6333,537,143,mid,0.9230769230769231,0.9230769230769231
6334,216,60,mid,0.9833333333333333,0.9833333333333333
6335,537,144,mid,0.9027777777777778,0.9027777777777778
6336,538,144,mid,0.9722222222222222,0.9722222222222222
6337,216,60,mid,0.9666666666666667,0.9666666666666667
6338,216,60,mid,0.9666666666666667,0.9666666666666667
6339,216,60,mid,1.0,1.0
6340,216,59,mid,1.0,1.0
6341,216,60,mid,0.9666666666666667,0.9666666666666667
6342,216,60,mid,1.0,1.0
6343,216,60,mid,0.95,0.95
6344,313,82,mid,0.926829268292683,0.926829268292683
6345,215,59,tail,0.9830508474576272,0.9830508474576272
6346,216,60,mid,1.0,1.0
6347,216,60,mid,0.95,0.95
6348,216,60,mid,0.9666666666666667,0.9666666666666667
6349,216,60,mid,0.9666666666666667,0.9666666666666667
6350,216,60,mid,1.0,1.0
6351,216,60,mid,0.9666666666666667,0.9666666666666667
6352,315,81,mid,0.9135802469135802,0.9135802469135802
6353,540,143,head,0.9300699300699301,0.9300699300699301
6354,538,143,mid,0.9300699300699301,0.9300699300699301
6355,215,60,tail,0.9333333333333333,0.9333333333333333
6356,216,60,mid,0.95,0.95
6357,216,60,mid,0.9833333333333333,0.9833333333333333
6358,540,143,head,0.9790209790209791,0.9790209790209791
6359,216,60,mid,0.9166666666666666,0.9166666666666666
6360,540,143,head,0.9230769230769231,0.9230769230769231
6361,215,59,tail,0.9830508474576272,0.9830508474576272
6362,215,60,tail,0.9833333333333333,0.9833333333333333
6363,216,60,mid,0.9833333333333333,0.9833333333333333
6364,216,60,mid,0.9833333333333333,0.9833333333333333
6365,209,59,tail,0.9830508474576272,0.9830508474576272
6366,216,60,mid,0.9666666666666667,0.9666666666666667
6367,216,60,mid,0.9833333333333333,0.9833333333333333
6368,540,142,head,0.9014084507042254,0.9014084507042254
6369,532,142,mid,0.9014084507042254,0.9014084507042254
6370,216,60,mid,0.9833333333333333,0.9833333333333333
6371,215,60,tail,0.9833333333333333,0.9833333333333333
6372,539,142,mid,0.9084507042253521,0.9084507042253521
6373,540,144,head,0.9444444444444444,0.9444444444444444
6374,543,143,head,0.965034965034965,0.965034965034965
6375,216,60,mid,0.9166666666666666,0.9166666666666666
6376,216,59,mid,1.0,1.0
6377,216,60,mid,0.9833333333333333,0.9833333333333333
6378,540,142,head,0.9577464788732394,0.9577464788732394
6379,216,60,mid,1.0,1.0
6380,539,143,mid,0.972027972027972,0.972027972027972
6381,216,59,mid,1.0,1.0
6382,539,144,mid,0.9652777777777778,0.9652777777777778
6383,216,58,mid,0.9482758620689655,0.9482758620689655
6384,216,60,mid,0.9333333333333333,0.9333333333333333
6385,207,57,tail,0.9824561403508771,0.9824561403508771
6386,537,141,mid,0.9787234042553191,0.9787234042553191
6387,216,59,mid,0.9830508474576272,0.9830508474576272
6388,540,142,head,0.9225352112676056,0.9225352112676056
6389,535,144,mid,0.8819444444444444,0.8819444444444444
6390,216,60,mid,0.9833333333333333,0.9833333333333333
6391,216,60,mid,1.0,1.0
6392,543,142,head,0.9929577464788732,0.9929577464788732
6393,541,140,head,0.9642857142857143,0.9642857142857143
6394,216,60,mid,0.9666666666666667,0.9666666666666667
6395,216,59,mid,0.9152542372881356,0.9152542372881356
6396,540,144,head,0.9513888888888888,0.9513888888888888
6397,316,83,mid,0.7349397590361446,0.7349397590361446
6398,215,60,tail,0.9833333333333333,0.9833333333333333
6399,540,139,head,0.8776978417266187,0.8776978417266187
6400,539,142,mid,0.9507042253521126,0.9507042253521126
6401,216,60,mid,0.9833333333333333,0.9833333333333333
6402,216,60,mid,0.9833333333333333,0.9833333333333333
6403,215,59,tail,0.9830508474576272,0.9830508474576272
6404,538,144,mid,0.9236111111111112,0.9236111111111112
6405,538,141,mid,0.9787234042553191,0.9787234042553191
6406,216,60,mid,0.9833333333333333,0.9833333333333333
6407,212,58,tail,1.0,1.0
6408,216,60,mid,0.9666666666666667,0.9666666666666667
6409,216,60,mid,1.0,1.0
6410,216,59,mid,0.9661016949152542,0.9661016949152542
6411,441,119,mid,0.9159663865546218,0.9159663865546218
6412,216,60,mid,1.0,1.0
6413,542,141,head,0.9219858156028369,0.9219858156028369
6414,536,143,mid,0.958041958041958,0.958041958041958
6415,216,60,mid,1.0,1.0
6416,216,60,mid,1.0,1.0
6417,214,60,tail,0.9833333333333333,0.9833333333333333
6418,216,60,mid,1.0,1.0
6419,216,60,mid,0.9666666666666667,0.9666666666666667
6420,541,143,head,0.972027972027972,0.972027972027972
6421,215,60,tail,0.95,0.95
6422,538,142,mid,0.9647887323943662,0.9647887323943662
6423,542,141,head,0.9290780141843972,0.9290780141843972
6424,540,144,head,0.9236111111111112,0.9236111111111112
6425,541,145,head,0.9517241379310345,0.9517241379310345
6426,215,60,tail,0.9666666666666667,0.9666666666666667
6427,540,144,head,0.9861111111111112,0.9861111111111112
6428,216,60,mid,1.0,1.0
6429,215,59,tail,0.9830508474576272,0.9830508474576272
6430,215,60,tail,1.0,1.0
6431,214,60,tail,1.0,1.0
6432,542,142,head,0.9436619718309859,0.9436619718309859
6433,538,141,mid,0.9645390070921985,0.9645390070921985
6434,540,144,head,0.9513888888888888,0.9513888888888888
6435,536,142,mid,0.9788732394366197,0.9788732394366197
6436,216,60,mid,1.0,1.0
6437,216,59,mid,1.0,1.0
6438,216,60,mid,0.9833333333333333,0.9833333333333333
6439,215,60,tail,1.0,1.0
6440,216,60,mid,0.9833333333333333,0.9833333333333333
6441,215,60,tail,0.9833333333333333,0.9833333333333333
6442,216,60,mid,1.0,1.0
6443,533,143,mid,0.972027972027972,0.972027972027972
6444,216,60,mid,0.9666666666666667,0.9666666666666667
6445,536,139,mid,0.9640287769784173,0.9640287769784173
6446,216,60,mid,0.9333333333333333,0.9333333333333333
6447,216,60,mid,0.9666666666666667,0.9666666666666667
6448,216,59,mid,0.9830508474576272,0.9830508474576272
6449,539,140,mid,0.95,0.95
6450,535,144,mid,0.9791666666666666,0.9791666666666666
6451,216,60,mid,1.0,1.0
6452,216,60,mid,1.0,1.0
6453,216,60,mid,1.0,1.0
6454,216,60,mid,0.9833333333333333,0.9833333333333333
6455,216,60,mid,0.9833333333333333,0.9833333333333333
6456,542,145,head,0.9379310344827586,0.9379310344827586
6457,216,60,mid,0.9666666666666667,0.9666666666666667
6458,216,59,mid,0.9830508474576272,0.9830508474576272
6459,438,120,mid,0.9916666666666667,0.9916666666666667
6460,216,60,mid,1.0,1.0
6461,216,60,mid,1.0,1.0
6462,536,141,mid,0.950354609929078,0.950354609929078
6463,216,60,mid,1.0,1.0
6464,216,60,mid,0.9666666666666667,0.9666666666666667
6465,538,141,mid,0.9361702127659575,0.9361702127659575
6466,542,141,head,0.9929078014184397,0.9929078014184397
6467,216,60,mid,0.9833333333333333,0.9833333333333333
6468,216,60,mid,1.0,1.0
6469,216,60,mid,0.9833333333333333,0.9833333333333333
6470,216,60,mid,0.95,0.95
6471,216,60,mid,1.0,1.0
6472,215,60,tail,0.9833333333333333,0.9833333333333333
6473,215,60,tail,0.9666666666666667,0.9666666666666667
6474,216,60,mid,1.0,1.0
6475,216,60,mid,1.0,1.0
6476,216,59,mid,1.0,1.0
6477,537,143,mid,0.9440559440559441,0.9440559440559441
6478,216,58,mid,0.9827586206896551,0.9827586206896551
6479,216,60,mid,0.9833333333333333,0.9833333333333333
6480,214,59,tail,0.9661016949152542,0.9661016949152542
6481,216,60,mid,1.0,1.0
6482,216,60,mid,0.9833333333333333,0.9833333333333333
6483,216,59,mid,1.0,1.0
6484,535,140,mid,0.95,0.95
6485,215,59,tail,0.9830508474576272,0.9830508474576272
6486,216,60,mid,0.9833333333333333,0.9833333333333333
6487,216,59,mid,0.9830508474576272,0.9830508474576272
6488,216,60,mid,1.0,1.0
6489,216,60,mid,1.0,1.0
6490,216,60,mid,1.0,1.0
6491,216,59,mid,0.9491525423728814,0.9491525423728814
6492,216,60,mid,1.0,1.0
6493,215,60,tail,1.0,1.0
6494,537,141,mid,0.9787234042553191,0.9787234042553191
6495,214,60,tail,1.0,1.0
6496,536,142,mid,0.9647887323943662,0.9647887323943662
6497,216,60,mid,0.95,0.95
6498,216,60,mid,0.9833333333333333,0.9833333333333333
6499,215,59,tail,0.9661016949152542,0.9661016949152542
6500,216,59,mid,1.0,1.0
6501,216,57,mid,1.0,1.0
6502,539,142,mid,0.9788732394366197,0.9788732394366197
6503,543,142,head,0.9577464788732394,0.9577464788732394
6504,538,144,mid,0.9027777777777778,0.9027777777777778
6505,215,60,tail,0.95,0.95
6506,538,143,mid,0.965034965034965,0.965034965034965
6507,215,60,tail,0.9833333333333333,0.9833333333333333
6508,540,142,head,0.9647887323943662,0.9647887323943662
6509,541,143,head,0.916083916083916,0.916083916083916
6510,543,142,head,0.9647887323943662,0.9647887323943662
6511,540,144,head,0.9305555555555556,0.9305555555555556
6512,216,60,mid,0.9666666666666667,0.9666666666666667
6513,539,142,mid,0.9366197183098591,0.9366197183098591
6514,216,60,mid,1.0,1.0
6515,538,142,mid,0.9154929577464789,0.9154929577464789
6516,215,60,tail,0.9833333333333333,0.9833333333333333
6517,215,60,tail,0.9666666666666667,0.9666666666666667
6518,534,141,mid,0.9574468085106383,0.9574468085106383
6519,538,142,mid,0.9788732394366197,0.9788732394366197
6520,535,142,mid,0.9577464788732394,0.9577464788732394
6521,538,141,mid,0.9219858156028369,0.9219858156028369
6522,538,144,mid,0.9444444444444444,0.9444444444444444
6523,215,59,tail,1.0,1.0
6524,537,144,mid,0.9583333333333334,0.9583333333333334
6525,216,60,mid,0.9,0.9
6526,215,60,tail,0.9666666666666667,0.9666666666666667
6527,539,142,mid,0.9859154929577465,0.9859154929577465
6528,540,141,head,0.950354609929078,0.950354609929078
6529,538,143,mid,0.972027972027972,0.972027972027972
6530,212,60,tail,1.0,1.0
6531,209,60,tail,0.9666666666666667,0.9666666666666667
6532,543,144,head,0.9444444444444444,0.9444444444444444
6533,214,60,tail,0.9666666666666667,0.9666666666666667
6534,216,60,mid,0.9833333333333333,0.9833333333333333
6535,216,60,mid,1.0,1.0
6536,538,142,mid,0.971830985915493,0.971830985915493
6537,215,59,tail,1.0,1.0
6538,215,60,tail,1.0,1.0
6539,215,60,tail,1.0,1.0
6540,215,60,tail,1.0,1.0
6541,537,144,mid,0.9305555555555556,0.9305555555555556
6542,215,60,tail,0.9333333333333333,0.9333333333333333
6543,542,143,head,0.9440559440559441,0.9440559440559441
6544,537,141,mid,0.9574468085106383,0.9574468085106383
6545,215,60,tail,0.9833333333333333,0.9833333333333333
6546,540,144,head,0.9375,0.9375
6547,216,60,mid,1.0,1.0
6548,216,60,mid,0.9833333333333333,0.9833333333333333
6549,216,60,mid,0.9666666666666667,0.9666666666666667
6550,216,60,mid,1.0,1.0
6551,216,60,mid,1.0,1.0
6552,214,60,tail,0.9833333333333333,0.9833333333333333
6553,541,138,head,0.9565217391304348,0.9565217391304348
6554,216,59,mid,0.9322033898305084,0.9322033898305084
6555,540,141,head,0.9716312056737588,0.9716312056737588
6556,216,60,mid,1.0,1.0
6557,214,59,tail,1.0,1.0
6558,216,60,mid,1.0,1.0
6559,539,144,mid,0.9791666666666666,0.9791666666666666
6560,316,84,mid,0.9642857142857143,0.9642857142857143
6561,538,142,mid,0.9507042253521126,0.9507042253521126
6562,542,143,head,0.9370629370629371,0.9370629370629371
6563,540,144,head,0.8958333333333334,0.8958333333333334
6564,540,143,head,0.951048951048951,0.951048951048951
6565,538,143,mid,0.965034965034965,0.965034965034965
6566,539,142,mid,0.9507042253521126,0.9507042253521126
6567,216,60,mid,0.9833333333333333,0.9833333333333333
6568,216,60,mid,1.0,1.0
6569,542,140,head,0.9714285714285714,0.9714285714285714
6570,536,143,mid,0.993006993006993,0.993006993006993
6571,216,60,mid,0.9833333333333333,0.9833333333333333
6572,541,142,head,0.9647887323943662,0.9647887323943662
6573,538,142,mid,0.971830985915493,0.971830985915493
6574,539,142,mid,0.9859154929577465,0.9859154929577465
6575,537,142,mid,0.9788732394366197,0.9788732394366197
6576,532,136,mid,0.8529411764705882,0.8529411764705882
6577,215,60,tail,1.0,1.0
6578,538,141,mid,0.9929078014184397,0.9929078014184397
6579,537,144,mid,0.9861111111111112,0.9861111111111112
6580,534,141,mid,0.9716312056737588,0.9716312056737588
6581,539,143,mid,0.993006993006993,0.993006993006993
6582,215,60,tail,1.0,1.0
6583,536,144,mid,0.9861111111111112,0.9861111111111112
6584,540,143,head,0.993006993006993,0.993006993006993
6585,216,60,mid,0.9833333333333333,0.9833333333333333
6586,540,142,head,0.971830985915493,0.971830985915493
6587,541,143,head,0.965034965034965,0.965034965034965
6588,543,142,head,0.9577464788732394,0.9577464788732394
6589,216,59,mid,1.0,1.0
6590,541,144,head,0.9722222222222222,0.9722222222222222
6591,540,142,head,0.9507042253521126,0.9507042253521126
6592,538,143,mid,0.951048951048951,0.951048951048951
6593,214,59,tail,1.0,1.0
6594,216,59,mid,1.0,1.0
6595,216,59,mid,1.0,1.0
6596,539,143,mid,0.986013986013986,0.986013986013986
6597,535,140,mid,0.9714285714285714,0.9714285714285714
6598,536,143,mid,0.9790209790209791,0.9790209790209791
6599,541,142,head,0.9788732394366197,0.9788732394366197
6600,537,143,mid,0.9790209790209791,0.9790209790209791
6601,216,59,mid,1.0,1.0
6602,534,143,mid,0.993006993006993,0.993006993006993
6603,216,59,mid,0.9661016949152542,0.9661016949152542
6604,538,143,mid,0.972027972027972,0.972027972027972
6605,542,141,head,0.9645390070921985,0.9645390070921985
6606,540,142,head,0.9859154929577465,0.9859154929577465
6607,216,59,mid,0.9830508474576272,0.9830508474576272
6608,540,140,head,0.9857142857142858,0.9857142857142858
6609,538,143,mid,0.972027972027972,0.972027972027972
6610,541,145,head,0.9793103448275862,0.9793103448275862
6611,536,143,mid,1.0,1.0
6612,215,59,tail,1.0,1.0
6613,215,60,tail,1.0,1.0
6614,536,142,mid,0.9788732394366197,0.9788732394366197
6615,216,59,mid,0.864406779661017,0.864406779661017
6616,214,60,tail,0.9833333333333333,0.9833333333333333
6617,216,60,mid,0.9833333333333333,0.9833333333333333
6618,539,144,mid,0.9583333333333334,0.9583333333333334
6619,538,144,mid,0.9166666666666666,0.9166666666666666
6620,538,143,mid,0.986013986013986,0.986013986013986
6621,539,143,mid,0.986013986013986,0.986013986013986
6622,538,143,mid,0.951048951048951,0.951048951048951
6623,538,143,mid,0.9790209790209791,0.9790209790209791
6624,541,142,head,0.9647887323943662,0.9647887323943662
6625,214,60,tail,1.0,1.0
6626,537,138,mid,1.0,1.0
6627,538,143,mid,0.986013986013986,0.986013986013986
6628,216,60,mid,0.9333333333333333,0.9333333333333333
6629,543,141,head,0.9787234042553191,0.9787234042553191
6630,216,60,mid,0.9833333333333333,0.9833333333333333
6631,540,141,head,0.9716312056737588,0.9716312056737588
6632,216,60,mid,1.0,1.0
6633,543,144,head,0.9652777777777778,0.9652777777777778
6634,216,60,mid,0.95,0.95
6635,540,144,head,0.9722222222222222,0.9722222222222222
6636,216,60,mid,1.0,1.0
6637,315,83,mid,0.9759036144578314,0.9759036144578314
6638,531,143,mid,0.986013986013986,0.986013986013986
6639,540,142,head,0.9788732394366197,0.9788732394366197
6640,540,143,head,0.986013986013986,0.986013986013986
6641,540,142,head,0.9859154929577465,0.9859154929577465
6642,540,144,head,0.9791666666666666,0.9791666666666666
6643,215,60,tail,1.0,1.0
6644,540,144,head,0.9652777777777778,0.9652777777777778
6645,216,60,mid,1.0,1.0
6646,540,143,head,0.993006993006993,0.993006993006993
6647,215,60,tail,1.0,1.0
6648,535,143,mid,0.9790209790209791,0.9790209790209791
6649,540,140,head,0.9857142857142858,0.9857142857142858
6650,313,82,mid,0.9878048780487805,0.9878048780487805
6651,215,59,tail,0.9830508474576272,0.9830508474576272
6652,536,144,mid,0.9930555555555556,0.9930555555555556
6653,538,142,mid,1.0,1.0
6654,539,143,mid,1.0,1.0
6655,539,140,mid,0.9928571428571429,0.9928571428571429
6656,215,59,tail,1.0,1.0
6657,216,60,mid,1.0,1.0
6658,216,59,mid,0.9830508474576272,0.9830508474576272
6659,539,141,mid,0.9929078014184397,0.9929078014184397
6660,542,140,head,0.9785714285714285,0.9785714285714285
6661,537,143,mid,0.986013986013986,0.986013986013986
6662,213,60,tail,0.9666666666666667,0.9666666666666667
6663,540,144,head,0.9583333333333334,0.9583333333333334
6664,216,60,mid,1.0,1.0
6665,540,144,head,0.9513888888888888,0.9513888888888888
6666,540,143,head,0.9790209790209791,0.9790209790209791
6667,539,140,mid,0.9928571428571429,0.9928571428571429
6668,539,142,mid,0.9366197183098591,0.9366197183098591
6669,538,142,mid,0.9788732394366197,0.9788732394366197
6670,536,144,mid,0.9861111111111112,0.9861111111111112
6671,537,142,mid,0.9577464788732394,0.9577464788732394
6672,216,59,mid,1.0,1.0
6673,542,140,head,0.9285714285714286,0.9285714285714286
6674,216,59,mid,0.9830508474576272,0.9830508474576272
6675,539,143,mid,0.972027972027972,0.972027972027972
6676,538,141,mid,0.9929078014184397,0.9929078014184397
6677,543,142,head,0.9859154929577465,0.9859154929577465
6678,216,60,mid,1.0,1.0
6679,216,59,mid,1.0,1.0
6680,216,58,mid,1.0,1.0
6681,216,59,mid,1.0,1.0
6682,216,60,mid,0.9833333333333333,0.9833333333333333
6683,216,60,mid,0.9666666666666667,0.9666666666666667
6684,216,60,mid,0.9833333333333333,0.9833333333333333
6685,535,142,mid,0.971830985915493,0.971830985915493
6686,541,142,head,0.9788732394366197,0.9788732394366197
6687,216,60,mid,1.0,1.0
6688,216,60,mid,0.9833333333333333,0.9833333333333333
6689,216,60,mid,1.0,1.0
6690,538,144,mid,0.9930555555555556,0.9930555555555556
6691,539,142,mid,0.9929577464788732,0.9929577464788732
6692,216,58,mid,1.0,1.0
6693,216,60,mid,1.0,1.0
6694,216,60,mid,1.0,1.0
6695,216,60,mid,0.9833333333333333,0.9833333333333333
6696,216,60,mid,1.0,1.0
6697,540,142,head,0.9929577464788732,0.9929577464788732
6698,216,60,mid,0.9833333333333333,0.9833333333333333
6699,216,60,mid,1.0,1.0
6700,215,59,tail,0.9322033898305084,0.9322033898305084
6701,215,60,tail,1.0,1.0
6702,540,144,head,0.9583333333333334,0.9583333333333334
6703,536,144,mid,1.0,1.0
6704,216,60,mid,1.0,1.0
6705,538,139,mid,1.0,1.0
6706,216,60,mid,1.0,1.0
6707,216,60,mid,1.0,1.0
6708,216,60,mid,0.9833333333333333,0.9833333333333333
6709,540,142,head,0.971830985915493,0.971830985915493
6710,543,144,head,0.9722222222222222,0.9722222222222222
6711,542,144,head,0.9722222222222222,0.9722222222222222
6712,539,142,mid,1.0,1.0
6713,541,142,head,0.971830985915493,0.971830985915493
6714,541,141,head,0.9574468085106383,0.9574468085106383
6715,536,144,mid,0.9583333333333334,0.9583333333333334
6716,215,60,tail,1.0,1.0
6717,537,142,mid,0.9366197183098591,0.9366197183098591
6718,534,143,mid,0.9790209790209791,0.9790209790209791
6719,540,142,head,0.9647887323943662,0.9647887323943662
6720,216,60,mid,1.0,1.0
6721,535,143,mid,0.9230769230769231,0.9230769230769231
6722,541,142,head,0.9859154929577465,0.9859154929577465
6723,541,141,head,0.9787234042553191,0.9787234042553191
6724,215,60,tail,0.9166666666666666,0.9166666666666666
6725,544,142,head,0.9507042253521126,0.9507042253521126
6726,537,142,mid,0.9507042253521126,0.9507042253521126
6727,215,59,tail,0.9152542372881356,0.9152542372881356
6728,542,142,head,0.9788732394366197,0.9788732394366197
6729,539,143,mid,0.986013986013986,0.986013986013986
6730,537,141,mid,0.9078014184397163,0.9078014184397163
6731,531,143,mid,0.986013986013986,0.986013986013986
6732,539,143,mid,0.972027972027972,0.972027972027972
6733,215,59,tail,1.0,1.0
6734,538,143,mid,0.9790209790209791,0.9790209790209791
6735,213,59,tail,1.0,1.0
6736,214,59,tail,0.9491525423728814,0.9491525423728814
6737,215,60,tail,0.9666666666666667,0.9666666666666667
6738,214,60,tail,1.0,1.0
6739,540,142,head,0.9859154929577465,0.9859154929577465
6740,536,140,mid,0.9714285714285714,0.9714285714285714
6741,540,142,head,0.9859154929577465,0.9859154929577465
6742,211,60,tail,0.9333333333333333,0.9333333333333333
6743,540,140,head,0.9714285714285714,0.9714285714285714
6744,535,143,mid,0.986013986013986,0.986013986013986
6745,537,142,mid,0.9859154929577465,0.9859154929577465
6746,216,60,mid,1.0,1.0
6747,215,60,tail,0.9666666666666667,0.9666666666666667
6748,216,60,mid,1.0,1.0
6749,541,144,head,0.9791666666666666,0.9791666666666666
6750,540,142,head,0.9507042253521126,0.9507042253521126
6751,215,60,tail,1.0,1.0
6752,214,60,tail,1.0,1.0
6753,542,141,head,0.9929078014184397,0.9929078014184397
6754,215,60,tail,1.0,1.0
6755,215,60,tail,0.9666666666666667,0.9666666666666667
6756,541,141,head,1.0,1.0
6757,213,60,tail,1.0,1.0
6758,213,60,tail,1.0,1.0
6759,537,144,mid,0.9861111111111112,0.9861111111111112
6760,541,142,head,0.9295774647887324,0.9295774647887324
6761,216,60,mid,0.9833333333333333,0.9833333333333333
6762,216,60,mid,0.9666666666666667,0.9666666666666667
6763,314,83,mid,0.891566265060241,0.891566265060241
6764,216,60,mid,1.0,1.0
6765,213,60,tail,1.0,1.0
6766,216,60,mid,1.0,1.0
6767,215,60,tail,0.9833333333333333,0.9833333333333333
6768,536,144,mid,0.9930555555555556,0.9930555555555556
6769,215,60,tail,1.0,1.0
6770,216,60,mid,1.0,1.0
6771,540,142,head,0.9859154929577465,0.9859154929577465
6772,540,144,head,0.9791666666666666,0.9791666666666666
6773,216,60,mid,0.9833333333333333,0.9833333333333333
6774,216,60,mid,1.0,1.0
6775,216,60,mid,0.9833333333333333,0.9833333333333333
6776,542,143,head,0.993006993006993,0.993006993006993
6777,216,60,mid,1.0,1.0
6778,216,59,mid,0.9661016949152542,0.9661016949152542
6779,216,60,mid,0.9833333333333333,0.9833333333333333
6780,216,60,mid,1.0,1.0
6781,539,142,mid,0.9647887323943662,0.9647887323943662
6782,215,60,tail,1.0,1.0
6783,216,60,mid,0.9833333333333333,0.9833333333333333
6784,216,60,mid,0.9666666666666667,0.9666666666666667
6785,216,60,mid,1.0,1.0
6786,216,60,mid,1.0,1.0
6787,214,60,tail,1.0,1.0
6788,540,142,head,0.9859154929577465,0.9859154929577465
6789,540,143,head,0.9440559440559441,0.9440559440559441
6790,538,141,mid,0.9432624113475178,0.9432624113475178
6791,538,143,mid,0.965034965034965,0.965034965034965
6792,543,143,head,0.965034965034965,0.965034965034965
6793,538,142,mid,0.9577464788732394,0.9577464788732394
6794,216,59,mid,0.9661016949152542,0.9661016949152542
6795,216,60,mid,0.9833333333333333,0.9833333333333333
6796,541,142,head,0.9859154929577465,0.9859154929577465
6797,539,144,mid,0.9444444444444444,0.9444444444444444
6798,216,60,mid,0.9833333333333333,0.9833333333333333
6799,216,59,mid,0.9322033898305084,0.9322033898305084
6800,214,60,tail,0.9833333333333333,0.9833333333333333
6801,539,142,mid,0.9577464788732394,0.9577464788732394
6802,214,60,tail,1.0,1.0
6803,540,143,head,1.0,1.0
6804,216,60,mid,0.9833333333333333,0.9833333333333333
6805,539,142,mid,0.9647887323943662,0.9647887323943662
6806,216,60,mid,0.95,0.95
6807,535,142,mid,0.9929577464788732,0.9929577464788732
6808,216,60,mid,0.9833333333333333,0.9833333333333333
6809,215,60,tail,0.9666666666666667,0.9666666666666667
6810,539,143,mid,0.972027972027972,0.972027972027972
6811,542,142,head,0.9647887323943662,0.9647887323943662
6812,216,60,mid,1.0,1.0
6813,539,144,mid,0.9861111111111112,0.9861111111111112
6814,216,60,mid,1.0,1.0
6815,216,60,mid,1.0,1.0
6816,540,142,head,0.9859154929577465,0.9859154929577465
6817,216,59,mid,0.9830508474576272,0.9830508474576272
6818,315,83,mid,0.9397590361445783,0.9397590361445783
6819,537,143,mid,0.972027972027972,0.972027972027972
6820,216,60,mid,1.0,1.0
6821,216,60,mid,1.0,1.0
6822,538,143,mid,0.9370629370629371,0.9370629370629371
6823,215,60,tail,0.9833333333333333,0.9833333333333333
6824,214,60,tail,1.0,1.0
6825,215,58,tail,1.0,1.0
6826,540,143,head,0.9370629370629371,0.9370629370629371
6827,216,59,mid,1.0,1.0
6828,216,59,mid,1.0,1.0
6829,536,144,mid,0.9375,0.9375
6830,216,60,mid,1.0,1.0
6831,214,59,tail,1.0,1.0
6832,538,144,mid,0.9791666666666666,0.9791666666666666
6833,540,143,head,1.0,1.0
6834,531,142,mid,0.9859154929577465,0.9859154929577465
6835,540,143,head,0.986013986013986,0.986013986013986
6836,542,141,head,0.9574468085106383,0.9574468085106383
6837,540,144,head,0.9791666666666666,0.9791666666666666
6838,542,142,head,0.9859154929577465,0.9859154929577465
6839,538,142,mid,0.9929577464788732,0.9929577464788732
6840,216,59,mid,1.0,1.0
6841,537,144,mid,1.0,1.0
6842,216,59,mid,0.9830508474576272,0.9830508474576272
6843,216,58,mid,0.9827586206896551,0.9827586206896551
6844,540,143,head,1.0,1.0
6845,212,58,tail,1.0,1.0
6846,540,144,head,0.9583333333333334,0.9583333333333334
6847,540,143,head,0.965034965034965,0.965034965034965
6848,216,59,mid,0.9661016949152542,0.9661016949152542
6849,533,141,mid,0.9148936170212766,0.9148936170212766
6850,216,59,mid,1.0,1.0
6851,216,59,mid,0.9830508474576272,0.9830508474576272
6852,216,59,mid,1.0,1.0
6853,538,143,mid,0.9440559440559441,0.9440559440559441
6854,540,142,head,0.9859154929577465,0.9859154929577465
6855,214,59,tail,1.0,1.0
6856,538,143,mid,0.972027972027972,0.972027972027972
6857,540,142,head,0.9647887323943662,0.9647887323943662
6858,216,59,mid,0.9661016949152542,0.9661016949152542
6859,216,58,mid,1.0,1.0
6860,540,141,head,0.9929078014184397,0.9929078014184397
6861,541,141,head,0.9645390070921985,0.9645390070921985
6862,214,60,tail,0.9833333333333333,0.9833333333333333
6863,215,60,tail,0.9333333333333333,0.9333333333333333
6864,540,144,head,0.9722222222222222,0.9722222222222222
6865,216,59,mid,0.9830508474576272,0.9830508474576272
6866,538,143,mid,0.993006993006993,0.993006993006993
6867,216,59,mid,1.0,1.0
6868,216,58,mid,0.9482758620689655,0.9482758620689655
6869,216,59,mid,1.0,1.0
6870,534,144,mid,0.9930555555555556,0.9930555555555556
6871,216,59,mid,1.0,1.0
6872,213,59,tail,1.0,1.0
6873,539,143,mid,0.993006993006993,0.993006993006993
6874,216,59,mid,0.9152542372881356,0.9152542372881356
6875,216,59,mid,1.0,1.0
6876,216,59,mid,1.0,1.0
6877,215,60,tail,0.9833333333333333,0.9833333333333333
6878,215,58,tail,0.9827586206896551,0.9827586206896551
6879,216,59,mid,0.9830508474576272,0.9830508474576272
6880,539,143,mid,0.993006993006993,0.993006993006993
6881,216,59,mid,0.9830508474576272,0.9830508474576272
6882,216,59,mid,1.0,1.0
6883,540,142,head,0.9929577464788732,0.9929577464788732
6884,215,59,tail,1.0,1.0
6885,216,58,mid,1.0,1.0
6886,538,143,mid,0.986013986013986,0.986013986013986
6887,216,60,mid,1.0,1.0
6888,216,60,mid,1.0,1.0
6889,216,60,mid,1.0,1.0
6890,216,60,mid,1.0,1.0
6891,538,142,mid,0.9929577464788732,0.9929577464788732
6892,216,60,mid,1.0,1.0
6893,216,60,mid,0.9833333333333333,0.9833333333333333
6894,216,60,mid,1.0,1.0
6895,216,60,mid,0.9833333333333333,0.9833333333333333
6896,216,60,mid,0.9666666666666667,0.9666666666666667
6897,216,60,mid,0.9833333333333333,0.9833333333333333
6898,215,60,tail,1.0,1.0
6899,216,59,mid,0.9830508474576272,0.9830508474576272
6900,216,59,mid,1.0,1.0
6901,537,143,mid,1.0,1.0
6902,541,142,head,0.9788732394366197,0.9788732394366197
6903,216,60,mid,0.9833333333333333,0.9833333333333333
6904,216,59,mid,1.0,1.0
6905,216,60,mid,0.9833333333333333,0.9833333333333333
6906,216,60,mid,1.0,1.0
6907,216,60,mid,0.9833333333333333,0.9833333333333333
6908,214,60,tail,1.0,1.0
6909,216,59,mid,1.0,1.0
6910,216,60,mid,1.0,1.0
6911,536,143,mid,0.993006993006993,0.993006993006993
6912,216,59,mid,0.9830508474576272,0.9830508474576272
6913,216,60,mid,1.0,1.0
6914,312,83,mid,0.9759036144578314,0.9759036144578314
6915,216,60,mid,0.9833333333333333,0.9833333333333333
6916,216,59,mid,0.9830508474576272,0.9830508474576272
6917,215,59,tail,0.9830508474576272,0.9830508474576272
6918,216,59,mid,0.9830508474576272,0.9830508474576272
6919,216,60,mid,1.0,1.0
6920,216,60,mid,1.0,1.0
6921,542,142,head,0.9859154929577465,0.9859154929577465
6922,537,144,mid,0.9861111111111112,0.9861111111111112
6923,538,142,mid,0.9647887323943662,0.9647887323943662
6924,215,60,tail,0.9833333333333333,0.9833333333333333
6925,536,143,mid,0.993006993006993,0.993006993006993
6926,213,58,tail,1.0,1.0
6927,214,60,tail,1.0,1.0
6928,216,59,mid,0.9491525423728814,0.9491525423728814
6929,216,60,mid,1.0,1.0
6930,216,59,mid,1.0,1.0
6931,215,60,tail,1.0,1.0
6932,540,144,head,0.9791666666666666,0.9791666666666666
6933,215,59,tail,1.0,1.0
6934,538,144,mid,0.9791666666666666,0.9791666666666666
6935,542,143,head,0.9790209790209791,0.9790209790209791
6936,216,60,mid,1.0,1.0
6937,215,60,tail,0.9833333333333333,0.9833333333333333
6938,216,60,mid,1.0,1.0
6939,216,60,mid,1.0,1.0
6940,539,142,mid,1.0,1.0
6941,216,60,mid,0.9833333333333333,0.9833333333333333
6942,216,60,mid,1.0,1.0
6943,215,59,tail,0.9661016949152542,0.9661016949152542
6944,216,60,mid,0.9833333333333333,0.9833333333333333
6945,216,60,mid,0.9833333333333333,0.9833333333333333
6946,216,60,mid,0.95,0.95
6947,216,59,mid,1.0,1.0
6948,216,60,mid,0.9833333333333333,0.9833333333333333
6949,216,60,mid,0.9833333333333333,0.9833333333333333
6950,216,60,mid,1.0,1.0
6951,544,143,head,0.972027972027972,0.972027972027972
6952,216,59,mid,1.0,1.0
6953,216,60,mid,0.9666666666666667,0.9666666666666667
6954,216,60,mid,0.9833333333333333,0.9833333333333333
6955,216,60,mid,1.0,1.0
6956,216,60,mid,0.9666666666666667,0.9666666666666667
6957,216,60,mid,0.9833333333333333,0.9833333333333333
6958,216,58,mid,1.0,1.0
6959,215,60,tail,1.0,1.0
6960,215,59,tail,0.9830508474576272,0.9830508474576272
6961,213,59,tail,0.8305084745762712,0.8305084745762712
6962,540,143,head,0.9790209790209791,0.9790209790209791
6963,216,60,mid,1.0,1.0
6964,216,60,mid,1.0,1.0
6965,216,60,mid,1.0,1.0
6966,216,60,mid,0.9833333333333333,0.9833333333333333
6967,216,59,mid,1.0,1.0
6968,216,60,mid,0.9666666666666667,0.9666666666666667
6969,539,143,mid,0.972027972027972,0.972027972027972
6970,215,60,tail,0.9833333333333333,0.9833333333333333
6971,216,60,mid,0.9666666666666667,0.9666666666666667
6972,216,59,mid,0.9661016949152542,0.9661016949152542
6973,215,60,tail,0.9833333333333333,0.9833333333333333
6974,215,60,tail,0.9833333333333333,0.9833333333333333
6975,216,59,mid,1.0,1.0
6976,312,83,mid,0.9518072289156626,0.9518072289156626
6977,216,59,mid,1.0,1.0
6978,216,60,mid,1.0,1.0
6979,216,60,mid,1.0,1.0
6980,216,60,mid,0.9666666666666667,0.9666666666666667
6981,215,60,tail,1.0,1.0
6982,216,59,mid,1.0,1.0
6983,216,60,mid,1.0,1.0
6984,216,59,mid,1.0,1.0
6985,216,59,mid,0.9830508474576272,0.9830508474576272
6986,216,59,mid,0.9830508474576272,0.9830508474576272
6987,216,60,mid,1.0,1.0
6988,216,59,mid,0.9661016949152542,0.9661016949152542
6989,541,143,head,0.972027972027972,0.972027972027972
6990,216,60,mid,1.0,1.0
6991,211,58,tail,0.9827586206896551,0.9827586206896551
6992,216,60,mid,1.0,1.0
6993,216,60,mid,1.0,1.0
6994,216,60,mid,1.0,1.0
6995,214,59,tail,0.9830508474576272,0.9830508474576272
6996,216,60,mid,0.9833333333333333,0.9833333333333333
6997,216,60,mid,0.9833333333333333,0.9833333333333333
6998,215,60,tail,1.0,1.0
6999,537,144,mid,0.9583333333333334,0.9583333333333334
7000,317,83,mid,0.9518072289156626,0.9518072289156626
7001,216,60,mid,0.9833333333333333,0.9833333333333333
7002,216,60,mid,1.0,1.0
7003,215,60,tail,0.95,0.95
7004,216,61,mid,0.9836065573770492,0.9836065573770492
7005,215,59,tail,0.9830508474576272,0.9830508474576272
7006,216,60,mid,0.9666666666666667,0.9666666666666667
7007,216,60,mid,1.0,1.0
7008,216,60,mid,0.9666666666666667,0.9666666666666667
7009,315,82,mid,0.9878048780487805,0.9878048780487805
7010,216,59,mid,0.9661016949152542,0.9661016949152542
7011,216,60,mid,1.0,1.0
7012,216,60,mid,0.9666666666666667,0.9666666666666667
7013,216,60,mid,0.9833333333333333,0.9833333333333333
7014,216,60,mid,1.0,1.0
7015,216,60,mid,1.0,1.0
7016,216,60,mid,1.0,1.0
7017,541,141,head,0.9787234042553191,0.9787234042553191
7018,215,60,tail,1.0,1.0
7019,215,60,tail,1.0,1.0
7020,213,59,tail,0.9830508474576272,0.9830508474576272
7021,216,60,mid,0.9833333333333333,0.9833333333333333
7022,215,60,tail,1.0,1.0
7023,216,60,mid,1.0,1.0
7024,537,143,mid,0.993006993006993,0.993006993006993
7025,216,59,mid,1.0,1.0
7026,214,60,tail,1.0,1.0
7027,216,60,mid,1.0,1.0
7028,216,57,mid,1.0,1.0
7029,539,143,mid,0.9020979020979021,0.9020979020979021
7030,316,83,mid,0.9518072289156626,0.9518072289156626
7031,538,143,mid,0.9790209790209791,0.9790209790209791
7032,209,56,tail,0.9821428571428571,0.9821428571428571
7033,538,143,mid,0.8321678321678322,0.8321678321678322
7034,216,59,mid,1.0,1.0
7035,539,143,mid,0.965034965034965,0.965034965034965
7036,539,143,mid,0.965034965034965,0.965034965034965
7037,216,60,mid,1.0,1.0
7038,216,60,mid,1.0,1.0
7039,216,60,mid,1.0,1.0
7040,216,60,mid,0.95,0.95
7041,216,60,mid,1.0,1.0
7042,538,140,mid,0.9714285714285714,0.9714285714285714
7043,216,60,mid,1.0,1.0
7044,540,141,head,1.0,1.0
7045,216,60,mid,0.9333333333333333,0.9333333333333333
7046,216,60,mid,0.9833333333333333,0.9833333333333333
7047,216,59,mid,1.0,1.0
7048,540,142,head,0.9577464788732394,0.9577464788732394
7049,532,140,mid,0.8857142857142857,0.8857142857142857
7050,216,60,mid,1.0,1.0
7051,216,60,mid,1.0,1.0
7052,216,60,mid,0.9666666666666667,0.9666666666666667
7053,216,60,mid,0.9833333333333333,0.9833333333333333
7054,216,60,mid,1.0,1.0
7055,216,60,mid,0.9833333333333333,0.9833333333333333
7056,216,60,mid,0.9833333333333333,0.9833333333333333
7057,540,142,head,0.9154929577464789,0.9154929577464789
7058,216,60,mid,0.9833333333333333,0.9833333333333333
7059,540,141,head,0.9716312056737588,0.9716312056737588
7060,216,60,mid,0.9833333333333333,0.9833333333333333
7061,216,60,mid,1.0,1.0
7062,216,60,mid,1.0,1.0
7063,540,143,head,0.9440559440559441,0.9440559440559441
7064,215,60,tail,0.95,0.95
7065,541,142,head,0.9859154929577465,0.9859154929577465
7066,216,60,mid,0.9833333333333333,0.9833333333333333
7067,216,59,mid,1.0,1.0
7068,215,59,tail,1.0,1.0
7069,315,83,mid,1.0,1.0
7070,538,144,mid,0.9513888888888888,0.9513888888888888
7071,216,60,mid,0.95,0.95
7072,216,59,mid,1.0,1.0
7073,216,60,mid,0.9666666666666667,0.9666666666666667
7074,539,144,mid,0.9930555555555556,0.9930555555555556
7075,214,60,tail,0.95,0.95
7076,215,59,tail,0.9830508474576272,0.9830508474576272
7077,214,60,tail,0.9666666666666667,0.9666666666666667
7078,216,60,mid,0.9833333333333333,0.9833333333333333
7079,216,60,mid,0.9833333333333333,0.9833333333333333
7080,216,60,mid,0.9666666666666667,0.9666666666666667
7081,216,60,mid,0.9666666666666667,0.9666666666666667
7082,216,60,mid,0.9666666666666667,0.9666666666666667
7083,216,60,mid,0.9833333333333333,0.9833333333333333
7084,216,60,mid,0.9666666666666667,0.9666666666666667
7085,216,60,mid,1.0,1.0
7086,216,60,mid,1.0,1.0
7087,216,60,mid,0.9833333333333333,0.9833333333333333
7088,216,60,mid,0.9666666666666667,0.9666666666666667
7089,538,141,mid,0.9929078014184397,0.9929078014184397
7090,316,83,mid,1.0,1.0
7091,216,60,mid,0.9833333333333333,0.9833333333333333
7092,216,60,mid,0.9833333333333333,0.9833333333333333
7093,216,60,mid,0.9833333333333333,0.9833333333333333
7094,214,60,tail,0.9833333333333333,0.9833333333333333
7095,215,59,tail,0.9830508474576272,0.9830508474576272
7096,214,60,tail,0.9833333333333333,0.9833333333333333
7097,216,59,mid,1.0,1.0
7098,216,60,mid,0.9833333333333333,0.9833333333333333
7099,541,143,head,1.0,1.0
7100,215,60,tail,0.9833333333333333,0.9833333333333333
7101,216,60,mid,1.0,1.0
7102,216,60,mid,1.0,1.0
7103,216,60,mid,1.0,1.0
7104,535,143,mid,0.958041958041958,0.958041958041958
7105,216,60,mid,0.9666666666666667,0.9666666666666667
7106,213,60,tail,0.9166666666666666,0.9166666666666666
7107,213,60,tail,0.95,0.95
7108,216,60,mid,0.8833333333333333,0.8833333333333333
7109,214,58,tail,0.9827586206896551,0.9827586206896551
7110,534,143,mid,0.972027972027972,0.972027972027972
7111,213,60,tail,1.0,1.0
7112,215,59,tail,1.0,1.0
7113,534,138,mid,0.9565217391304348,0.9565217391304348
7114,216,59,mid,0.9830508474576272,0.9830508474576272
7115,317,83,mid,0.9879518072289156,0.9879518072289156
7116,537,142,mid,0.9859154929577465,0.9859154929577465
7117,216,60,mid,1.0,1.0
7118,216,60,mid,1.0,1.0
7119,538,142,mid,0.971830985915493,0.971830985915493
7120,216,60,mid,0.9833333333333333,0.9833333333333333
7121,214,59,tail,0.9661016949152542,0.9661016949152542
7122,537,143,mid,0.958041958041958,0.958041958041958
7123,539,143,mid,1.0,1.0
7124,216,60,mid,1.0,1.0
7125,540,144,head,0.9444444444444444,0.9444444444444444
7126,529,140,mid,0.9785714285714285,0.9785714285714285
7127,532,143,mid,1.0,1.0
7128,213,60,tail,1.0,1.0
7129,216,60,mid,0.9666666666666667,0.9666666666666667
7130,216,60,mid,1.0,1.0
7131,216,60,mid,0.9833333333333333,0.9833333333333333
7132,216,60,mid,1.0,1.0
7133,213,60,tail,0.9666666666666667,0.9666666666666667
7134,215,60,tail,0.9333333333333333,0.9333333333333333
7135,214,59,tail,0.9830508474576272,0.9830508474576272
7136,216,59,mid,1.0,1.0
7137,216,60,mid,0.9666666666666667,0.9666666666666667
7138,216,60,mid,0.9666666666666667,0.9666666666666667
7139,216,60,mid,1.0,1.0
7140,213,60,tail,1.0,1.0
7141,216,60,mid,1.0,1.0
7142,215,60,tail,1.0,1.0
7143,216,60,mid,1.0,1.0
7144,214,60,tail,1.0,1.0
7145,541,142,head,1.0,1.0
7146,216,60,mid,0.9833333333333333,0.9833333333333333
7147,216,60,mid,1.0,1.0
7148,540,141,head,0.9716312056737588,0.9716312056737588
7149,216,60,mid,1.0,1.0
7150,215,59,tail,1.0,1.0
7151,538,143,mid,0.9790209790209791,0.9790209790209791
7152,216,60,mid,0.9833333333333333,0.9833333333333333
7153,215,60,tail,0.9833333333333333,0.9833333333333333
7154,216,60,mid,0.9666666666666667,0.9666666666666667
7155,216,60,mid,1.0,1.0
7156,216,60,mid,1.0,1.0
7157,217,59,mid,1.0,1.0
7158,214,60,tail,0.9666666666666667,0.9666666666666667
7159,216,59,mid,0.9661016949152542,0.9661016949152542
7160,535,141,mid,0.9787234042553191,0.9787234042553191
7161,216,60,mid,1.0,1.0
7162,216,59,mid,1.0,1.0
7163,216,60,mid,0.9666666666666667,0.9666666666666667
7164,216,60,mid,1.0,1.0
7165,213,58,tail,0.9827586206896551,0.9827586206896551
7166,540,144,head,0.9791666666666666,0.9791666666666666
7167,212,60,tail,1.0,1.0
7168,542,142,head,1.0,1.0
7169,216,60,mid,1.0,1.0
7170,203,54,tail,0.9629629629629629,0.9629629629629629
7171,216,59,mid,1.0,1.0
7172,537,143,mid,1.0,1.0
7173,216,60,mid,1.0,1.0
7174,216,60,mid,1.0,1.0
7175,215,58,tail,1.0,1.0
7176,216,60,mid,1.0,1.0
7177,216,60,mid,1.0,1.0
7178,216,60,mid,1.0,1.0
7179,537,143,mid,0.993006993006993,0.993006993006993
7180,216,60,mid,1.0,1.0
7181,538,143,mid,0.9300699300699301,0.9300699300699301
7182,540,142,head,0.9929577464788732,0.9929577464788732
7183,216,60,mid,1.0,1.0
7184,525,136,mid,0.9117647058823529,0.9117647058823529
7185,214,58,tail,0.9655172413793104,0.9655172413793104
