target,target_label,prediction,prediction_label,count
6397,锉,4016,矬,67
2780,榛,2764,楱,44
660,叨,678,叼,39
656,口,999,囗,38
2512,曰,2418,日,35
3864,瘦,3853,瘐,34
3970,睛,2485,晴,34
7033,鸣,739,呜,34
1620,已,1619,己,31
3481,父,2352,攵,28
3623,玫,3616,玟,28
2235,掰,2290,搿,27
5677,诸,3190,渚,27
51,之,6021,辶,26
4001,瞳,2505,曈,26
576,千,1667,干,25
2946,汀,5596,订,25
480,刺,490,剌,24
1210,夭,1206,天,24
3082,活,5651,话,24
5524,裸,4158,祼,24
1184,士,598,卤,23
5719,谤,3250,滂,23
7029,鸟,52,乌,23
1370,子,1371,孑,22
3083,洼,5644,诖,22
3199,渭,5703,谓,22
5674,诵,3125,涌,22
2496,暖,2499,暧,21
2949,汆,2945,氽,21
3180,清,5676,请,21
4411,粱,2695,梁,21
5666,语,3116,浯,21
5680,读,3184,渎,21
1619,己,1620,已,20
2418,日,2512,曰,20
2947,汁,5595,计,20
3099,浑,5662,诨,20
3113,浩,5669,诰,20
3191,渝,5705,谕,20
3275,滴,5725,谪,20
3902,皙,2484,晳,20
4947,芒,4952,芝,20
5483,袄,4134,祆,20
5595,计,2947,汁,20
5700,谐,3216,湝,20
3118,海,5671,诲,19
5671,诲,3118,海,19
5703,谓,3199,渭,19
2074,扶,2083,抉,18
2908,毫,106,亳,18
3055,洁,5646,诘,18
3063,洗,418,冼,18
3125,涌,5674,诵,18
3235,溢,5720,谥,18
3623,玫,3612,玖,18
5724,谩,3288,漫,18
449,刁,448,刀,17
1621,巳,1620,已,17
2997,沤,5612,讴,17
4338,算,4332,箅,17
5649,诛,3064,洙,17
5660,详,3058,洋,17
5697,谍,3198,渫,17
5728,谭,3307,潭,17
5732,谱,3315,潽,17
6025,迁,6026,迂,17
6576,陈,6564,阵,17
60,乖,61,乘,16
1144,堤,2249,提,16
1185,壬,3608,王,16
1277,姐,1270,妲,16
2999,沦,5618,论,16
3284,漠,5714,谟,16
3288,漫,5724,谩,16
4264,竞,4265,竟,16
4996,苟,4992,苘,16
5618,论,2999,沦,16
5628,诅,3006,沮,16
5652,诞,3126,涎,16
5676,请,3180,清,16
739,呜,7033,鸣,15
1620,已,1621,巳,15
1796,徘,4529,绯,15
2967,汩,2966,汨,15
3009,河,5626,诃,15
3058,洋,5660,详,15
3126,涎,5652,诞,15
3173,淮,5686,谁,15
3175,淳,5691,谆,15
3214,湛,5696,谌,15
4725,肋,523,助,15
5372,蜓,5371,蜒,15
5621,设,2995,没,15
99,亨,101,享,14
415,冶,3012,治,14
1888,恩,1857,思,14
2995,没,5621,设,14
3062,洒,6201,酒,14
3063,洗,5650,诜,14
3307,潭,5728,谭,14
3935,盹,4742,肫,14
4747,育,4727,肓,14
5106,获,5107,莸,14
5249,蕴,5247,蕰,14
5596,订,2946,汀,14
5620,讽,3001,沨,14
5651,话,3082,活,14
5693,谈,3168,淡,14
6085,逢,6064,逄,14
6237,醒,6219,酲,14
129,仕,151,任,13
999,囗,656,口,13
1027,土,598,卤,13
1807,徽,1803,微,13
2083,抉,2074,扶,13
2370,敞,2369,敝,13
2537,末,2536,未,13
2956,汕,5604,讪,13
2958,汛,5608,讯,13
3006,沮,5628,诅,13
3884,癞,3886,癫,13
4265,竟,4264,竞,13
5019,茉,5038,茱,13
5639,译,3053,泽,13
5656,询,3079,洵,13
5691,谆,3175,淳,13
5864,跌,5856,趺,13
578,升,1727,开,12
1742,弛,6836,驰,12
1784,径,4499,经,12
1797,徙,1793,徒,12
1934,惊,1933,惇,12
2945,氽,2949,汆,12
2977,沁,3022,泌,12
3035,波,5638,诐,12
3104,浙,3155,淅,12
3123,消,5667,诮,12
3168,淡,5693,谈,12
3322,澜,5731,谰,12
4296,第,4295,笫,12
5608,讯,2958,汛,12
5686,谁,3173,淮,12
52,乌,7029,鸟,11
54,乎,2052,手,11
1829,快,1849,怏,11
1970,感,1936,惑,11
2141,拨,2126,拔,11
3123,消,3159,淌,11
3172,淬,5692,谇,11
4434,糵,5282,蘖,11
4675,耍,5551,要,11
5041,茵,5118,菌,11
5702,谒,3202,渴,11
5731,谰,3322,澜,11
5787,贷,5771,货,11
6213,酪,6212,酩,11
6399,锋,6343,铎,11
57,乒,380,兵,10
172,伤,152,份,10
431,几,352,儿,10
639,叁,640,参,10
678,叼,660,叨,10
1048,坎,1056,坝,10
1371,孑,1370,子,10
2128,拗,1069,坳,10
2536,未,2537,末,10
2975,汽,2955,汔,10
3013,沼,5637,诏,10
3014,沽,5625,诂,10
3053,泽,5639,译,10
3151,涸,3057,洇,10
4854,膛,3992,瞠,10
5116,菇,5044,茹,10
6018,辫,6017,辩,10
6026,迂,6025,迁,10
6201,酒,3062,洒,10
15,且,2419,旦,9
118,仅,646,反,9
162,休,195,体,9
344,僳,323,傈,9
557,匕,3,七,9
777,咪,746,味,9
1056,坝,1048,坎,9
1349,嫒,1338,媛,9
1709,庾,1712,廋,9
1726,廿,3736,甘,9
2053,扌,1456,寸,9
2436,昂,2457,昴,9
2667,桃,2162,挑,9
2894,毋,2895,母,9
2921,氓,3042,泯,9
2966,汨,2967,汩,9
3012,治,415,冶,9
3012,治,5640,诒,9
3039,泪,3006,沮,9
3972,睢,6628,雎,9
4008,矛,76,予,9
4436,系,4435,糸,9
5042,茶,5082,荼,9
5096,莨,5029,茛,9
5199,蒽,5179,葸,9
5828,赢,1367,嬴,9
5828,赢,5445,蠃,9
6017,辩,6018,辫,9
6333,铃,6302,钤,9
28,丧,5470,表,8
58,乓,380,兵,8
79,二,92,亠,8
139,令,55,乏,8
152,份,172,伤,8
178,伯,214,佰,8
184,伺,196,何,8
469,刨,465,创,8
490,剌,480,刺,8
785,咸,2021,成,8
807,哗,805,哔,8
1228,奏,4189,秦,8
1296,威,785,咸,8
1471,尖,1472,尘,8
1699,度,1682,庋,8
2183,挽,2199,换,8
2423,旬,658,句,8
2452,昧,746,味,8
2466,晌,798,响,8
2539,札,2055,扎,8
2542,朴,2056,扑,8
2624,柠,2140,拧,8
2628,柬,2561,束,8
2693,桶,2186,捅,8
3021,泊,3060,洎,8
3159,淌,3123,消,8
3202,渴,5702,谒,8
3447,熄,3453,熜,8
3479,爱,3478,爰,8
3608,王,86,五,8
3909,盂,1382,孟,8
4517,绢,3128,涓,8
4588,缭,3306,潦,8
4815,脸,3968,睑,8
5101,莱,5123,菜,8
5106,获,5081,荻,8
5118,菌,5041,茵,8
5495,袪,4142,祛,8
5605,讫,2955,汔,8
5633,诋,3031,泜,8
5681,诼,3152,涿,8
5797,赁,435,凭,8
6032,运,6040,远,8
6307,钩,6305,钧,8
6853,骂,4276,笃,8
86,五,3608,王,7
164,优,160,伏,7
183,伸,146,仲,7
192,住,6615,隹,7
262,信,279,倍,7
279,倍,262,信,7
355,元,2416,无,7
382,具,638,县,7
396,冒,2441,昌,7
438,凳,3889,登,7
547,勺,1197,夕,7
615,厂,2,丁,7
701,吟,741,呤,7
1075,垃,2118,拉,7
1208,夫,1209,夬,7
1384,季,2553,李,7
1476,尢,1477,尤,7
1879,恕,1850,怒,7
1905,悄,1941,惝,7
2194,捐,2251,揖,7
2228,控,2163,挖,7
2428,旱,2422,早,7
2485,晴,3970,睛,7
2494,暌,3980,睽,7
2497,暗,894,喑,7
2564,来,4677,耒,7
2631,柱,2113,拄,7
2645,栏,2139,拦,7
2666,桂,2157,挂,7
2737,椋,2735,椁,7
2818,橇,2321,撬,7
2957,汗,5600,讦,7
2962,江,5601,讧,7
3066,洛,3081,洺,7
3156,淆,3108,浠,7
3380,炮,3375,炝,7
3585,猬,3560,狷,7
3949,眠,3962,眼,7
4146,祟,1567,崇,7
4262,竖,1053,坚,7
4405,粟,2650,栗,7
4476,纷,2976,汾,7
4490,细,188,佃,7
4498,绎,4510,绛,7
4517,绢,4555,缉,7
4521,绦,3140,涤,7
4542,综,3164,淙,7
4559,缎,6445,锻,7
4744,肮,2524,朊,7
4775,胧,2461,昽,7
4875,自,3890,白,7
4950,芙,5059,荚,7
4951,芜,4961,芫,7
5145,萎,5186,蒌,7
5258,薛,5259,薜,7
5609,记,4464,纪,7
5615,讷,2969,汭,7
5690,谅,5691,谆,7
5736,谵,3329,澹,7
5877,跤,5890,跻,7
6193,酉,5550,西,7
6368,铬,6369,铭,7
6423,锤,6444,锺,7
6849,驾,2605,架,7
6961,鲛,6960,鲚,7
7030,鸠,7038,鸩,7
7049,鸵,4911,舵,7
49,么,1672,幺,6
51,之,93,亡,6
82,亏,1738,弓,6
102,京,101,享,6
161,伐,138,代,6
195,体,162,休,6
246,便,221,使,6
352,儿,431,几,6
355,元,94,亢,6
358,兆,559,北,6
364,兔,362,免,6
372,八,110,人,6
543,勤,539,勒,6
604,卯,609,卵,6
658,句,550,匀,6
719,吹,735,呗,6
725,呆,2543,朵,6
929,嗦,913,嗉,6
1011,困,1007,团,6
1027,土,1184,士,6
1045,坊,1032,圬,6
1118,域,1108,城,6
1123,埴,1159,填,6
1375,字,1402,宇,6
1456,寸,2053,扌,6
1557,峦,1875,恋,6
1568,崎,1552,峙,6
1619,己,62,乙,6
1723,廷,1722,延,6
1796,徘,272,俳,6
1849,怏,1829,快,6
1857,思,1888,恩,6
1988,慨,2770,概,6
2017,戌,2018,戍,6
2018,戍,2017,戌,6
2018,戍,2021,成,6
2105,抵,2076,扺,6
2109,抽,2620,柚,6
2135,拢,2072,扰,6
2273,搏,590,博,6
2352,攵,1191,夂,6
2418,日,2522,月,6
2457,昴,2436,昂,6
2499,暧,2496,暖,6
2569,杭,2091,抗,6
2573,杳,2626,查,6
2579,板,2073,扳,6
2580,极,2589,枚,6
2581,构,2607,枸,6
2585,析,2092,折,6
2591,枝,2080,技,6
2632,柳,2085,抑,6
2642,栋,2644,栎,6
2648,栓,2149,拴,6
2678,桓,1878,恒,6
2684,档,2170,挡,6
2719,棒,2201,捧,6
2738,植,2678,桓,6
2750,椽,2242,掾,6
2753,楔,2260,揳,6
2772,榆,2243,揄,6
2803,槽,4430,糟,6
2809,模,2305,摸,6
2950,汇,2962,江,6
3113,浩,3055,洁,6
3258,滔,5689,谄,6
3481,父,1191,夂,6
3694,瑷,3683,瑗,6
3853,瘐,3864,瘦,6
3908,皿,1001,四,6
3989,瞑,2498,暝,6
4134,祆,5483,袄,6
4184,秕,2582,枇,6
4191,秩,4190,秧,6
4290,笤,4276,笃,6
4310,筐,4344,箧,6
4430,糟,2803,槽,6
4435,糸,4436,系,6
4468,纯,6783,饨,6
4543,绽,3153,淀,6
4545,绿,3182,渌,6
4618,署,2495,暑,6
4933,艹,1725,廾,6
4952,芝,4947,芒,6
5034,茫,5039,茳,6
5044,茹,5116,菇,6
5081,荻,5106,获,6
5119,菏,4992,苘,6
5123,菜,5101,莱,6
5388,蜻,5409,蝽,6
5625,诂,3014,沽,6
5667,诮,3123,消,6
5668,误,3160,淏,6
5675,诶,3131,涘,6
5686,谁,4534,维,6
5718,谣,6111,遥,6
5735,谴,6110,遣,6
6021,辶,51,之,6
6040,远,6032,运,6
6212,酩,6213,酪,6
6286,钓,4460,约,6
6484,镣,4588,缭,6
6513,闲,6508,闭,6
6515,间,6509,问,6
6563,阴,6562,阳,6
6715,顷,6717,项,6
6743,颖,6737,颍,6
6836,驰,1742,弛,6
7049,鸵,6847,驼,6
7106,麇,7108,麋,6
40,为,514,力,5
47,久,1191,夂,5
106,亳,2908,毫,5
160,伏,164,优,5
174,伦,4475,纶,5
199,余,198,佘,5
252,俏,284,倘,5
281,倒,226,例,5
370,入,372,八,5
415,冶,5640,诒,5
418,冼,5650,诜,5
433,凤,6760,风,5
465,创,469,刨,5
494,剔,471,别,5
525,劫,608,却,5
528,励,520,劢,5
598,卤,1027,土,5
609,卵,604,卯,5
646,反,118,仅,5
682,各,699,吝,5
692,向,196,何,5
699,吝,682,各,5
745,呲,703,吡,5
751,呻,4052,砷,5
758,咋,2453,昨,5
841,唤,831,唉,5
906,喷,868,啧,5
1050,坐,3740,生,5
1155,塔,2286,搭,5
1251,妇,1245,好,5
1278,姑,1287,姞,5
1281,委,1298,娄,5
1420,客,1434,容,5
1467,小,1809,忄,5
1477,尤,3524,犬,5
1629,帅,1631,师,5
1711,廊,1715,廓,5
1738,弓,75,了,5
1762,彗,1987,慧,5
1968,愕,1972,愣,5
2086,抒,2577,杼,5
2098,抢,2097,抡,5
2104,抱,2098,抢,5
2132,招,2125,拓,5
2158,指,2194,捐,5
2195,捕,2273,搏,5
2198,捡,2122,拎,5
2201,捧,2719,棒,5
2249,提,1144,堤,5
2314,撒,2319,撤,5
2358,政,3623,玫,5
2423,旬,3755,甸,5
2468,晒,791,哂,5
2484,晳,3902,皙,5
2495,暑,4618,署,5
2554,杏,2573,杳,5
2593,枢,2096,抠,5
2630,柰,1224,奈,5
2650,栗,4405,粟,5
2938,氮,2937,氪,5
2962,江,2950,汇,5
3012,治,3084,洽,5
3013,沼,4497,绍,5
3016,沿,3012,治,5
3037,泥,3042,泯,5
3039,泪,2966,汨,5
3089,浆,2689,桨,5
3184,渎,5680,读,5
3216,湝,5700,谐,5
3223,湿,3197,温,5
3239,溪,3131,涘,5
3398,烛,3551,独,5
3476,爪,3717,瓜,5
3717,瓜,3476,爪,5
3772,畦,3955,眭,5
3789,疗,3787,疔,5
3814,疽,3811,疸,5
3823,痊,3805,疰,5
3954,眬,2461,昽,5
3956,眯,2452,昧,5
3975,睦,3955,眭,5
4039,砜,4024,矾,5
4244,窖,4241,窑,5
4391,米,2536,未,5
4431,糠,4426,糖,5
4472,纳,2969,汭,5
4483,线,3088,浅,5
4488,组,5628,诅,5
4492,终,205,佟,5
4508,给,3084,洽,5
4513,绞,3071,洨,5
4517,绢,4516,绡,5
4527,续,3184,渎,5
4530,绰,3162,淖,5
4538,绸,5688,调,5
4566,编,309,偏,5
4570,缚,3236,溥,5
4595,缴,1806,徼,5
4595,缴,3331,激,5
4628,羔,1880,恙,5
4729,肘,2430,时,5
4812,脱,4784,胱,5
4819,腊,4818,腈,5
4836,腰,4852,膘,5
4930,色,6124,邑,5
4968,芳,4944,芎,5
4992,苘,5046,茼,5
5003,苫,5002,苦,5
5140,萄,5169,葡,5
5145,萎,5142,萋,5
5281,蘑,4113,磨,5
5485,袆,4137,祎,5
5551,要,4675,耍,5
5558,视,4144,祝,5
5598,认,5597,讣,5
5626,诃,3009,河,5
5634,诌,5689,谄,5
5637,诏,3013,沼,5
5640,诒,3012,治,5
5644,诖,3083,洼,5
5646,诘,3055,洁,5
5661,诧,3007,沱,5
6017,辩,6016,辨,5
6052,迭,6067,选,5
6105,道,6104,遒,5
6148,邻,6159,郐,5
6305,钧,6286,钓,5
6331,铁,6349,铗,5
6369,铭,6368,铬,5
6413,错,6411,锗,5
6445,锻,4559,缎,5
6510,闯,6522,闻,5
6562,阳,6563,阴,5
6564,阵,6576,陈,5
6619,雀,1569,崔,5
6622,雅,4209,稚,5
6665,靖,5676,请,5
6714,顶,6717,项,5
6721,顽,6727,颃,5
6793,饲,184,伺,5
6857,骇,1388,孩,5
7070,鹊,7071,鹋,5
7108,麋,7106,麇,5
7184,龟,362,免,5
3,七,45,乂,4
22,东,5958,车,4
68,乡,1765,彡,4
82,亏,2401,方,4
93,亡,5594,讠,4
122,今,139,令,4
139,令,122,今,4
142,仪,165,伙,4
152,份,4476,纷,4
168,伞,1669,年,4
179,估,194,佑,4
181,伴,149,件,4
213,佯,181,伴,4
215,佳,6615,隹,4
236,侥,4505,绕,4
244,侯,285,候,4
259,保,298,倮,4
284,倘,4531,绱,4
340,僬,3426,焦,4
371,全,6257,金,4
374,六,592,卞,4
407,冫,2943,氵,4
418,冼,3063,洗,4
423,凇,3166,淞,4
446,函,445,凼,4
464,刚,460,刖,4
523,助,4725,肋,4
539,勒,543,勤,4
548,勾,549,勿,4
549,勿,552,匆,4
553,匈,548,勾,4
592,卞,374,六,4
598,卤,1184,士,4
617,厅,2393,斤,4
619,厉,689,后,4
638,县,382,具,4
638,县,1922,悬,4
644,友,2350,支,4
671,右,4019,石,4
684,合,375,兮,4
692,向,184,伺,4
712,吮,711,吭,4
735,呗,719,吹,4
736,员,5764,负,4
829,唆,779,咬,4
936,嗳,2499,暧,4
993,嚣,977,器,4
1011,困,1005,因,4
1012,囱,1004,囟,4
1017,国,1010,园,4
1017,国,1013,围,4
1051,坑,1054,坛,4
1065,坪,1049,坏,4
1184,士,1027,土,4
1192,处,1198,外,4
1213,失,1211,央,4
1293,姻,1274,姆,4
1336,媒,3437,煤,4
1382,孟,3909,盂,4
1385,孤,3541,狐,4
1411,官,1426,宫,4
1426,宫,1411,官,4
1473,尚,4728,肖,4
1483,尸,1485,尺,4
1533,岢,4993,苛,4
1576,崧,5122,菘,4
1634,帐,1844,怅,4
1634,帐,5770,账,4
1661,幕,542,募,4
1667,干,81,于,4
1675,幽,445,凼,4
1693,府,1688,底,4
1712,廋,1709,庾,4
1716,廖,3870,瘳,4
1731,弄,1729,异,4
1807,徽,1804,徵,4
1869,总,363,兑,4
1894,恰,1856,怜,4
1903,恿,1886,恧,4
1930,悼,1951,惮,4
1956,惶,1958,惺,4
1985,慢,3459,熳,4
2005,懊,3468,燠,4
2021,成,2018,戍,4
2037,戮,2038,戳,4
2072,扰,2135,拢,4
2100,报,2073,扳,4
2126,拔,2141,拨,4
2139,拦,2645,栏,4
2143,括,2651,栝,4
2144,拭,2078,找,4
2144,拭,5643,试,4
2149,拴,2113,拄,4
2152,拼,2652,栟,4
2163,挖,2228,控,4
2184,捂,2704,梧,4
2187,捆,2237,掴,4
2193,捏,2114,担,4
2194,捐,2192,捎,4
2199,换,2183,挽,4
2262,揶,2177,挪,4
2276,搓,2793,槎,4
2319,撤,2316,撖,4
2322,播,1175,墦,4
2323,撮,2316,撖,4
2329,撼,2002,憾,4
2333,操,2282,搡,4
2372,散,2375,敬,4
2380,文,1191,夂,4
2380,文,2352,攵,4
2393,斤,617,厅,4
2407,旅,2409,旋,4
2416,无,355,元,4
2447,昙,638,县,4
2453,昨,758,咋,4
2469,晓,804,哓,4
2478,晤,835,唔,4
2485,晴,4818,腈,4
2486,晶,790,品,4
2550,杈,2548,权,4
2562,杠,2061,扛,4
2580,极,2100,报,4
2590,果,2572,杲,4
2611,柈,2120,拌,4
2612,柏,2680,桕,4
2693,桶,2694,桷,4
2704,梧,2184,捂,4
2713,检,2648,栓,4
2736,椅,2218,掎,4
2739,椎,2229,推,4
2747,椰,2262,揶,4
2757,楞,2745,椤,4
2774,榈,2676,桐,4
2781,榜,2275,搒,4
2813,樱,2310,撄,4
2817,橄,2316,撖,4
2887,殴,2845,欧,4
2987,沐,3005,沭,4
2994,沟,3017,泃,4
3001,沨,5620,讽,4
3003,沪,3049,泸,4
3004,沫,5642,诔,4
3009,河,6509,问,4
3012,治,3015,沾,4
3018,泄,2963,池,4
3036,泣,3030,泛,4
3038,注,2968,汪,4
3041,泮,2996,沣,4
3049,泸,3003,沪,4
3053,泽,3058,洋,4
3055,洁,3026,法,4
3087,浃,3134,涞,4
3104,浙,3185,渐,4
3139,涣,3131,涘,4
3155,淅,3104,浙,4
3174,深,5683,课,4
3183,渍,3224,溃,4
3221,湲,5706,谖,4
3291,漱,3334,濑,4
3349,灈,3340,濯,4
3362,灾,1400,宄,4
3416,焊,1908,悍,4
3444,煸,3446,煽,4
3450,熔,3423,焙,4
3570,猎,2231,措,4
3612,玖,3623,玫,4
3616,玟,3623,玫,4
3643,珠,5649,诛,4
3692,瑰,6923,魂,4
3710,璧,1179,壁,4
3744,甪,5569,角,4
3811,疸,3814,疽,4
3820,症,3828,痖,4
3847,瘁,3825,痒,4
3911,盆,5775,贫,4
3929,目,1003,回,4
3929,目,2418,日,4
3959,眷,2451,春,4
3980,睽,2494,暌,4
3985,瞅,881,啾,4
4010,矢,1213,失,4
4038,砚,4031,砍,4
4139,祖,5489,袒,4
4183,秒,2568,杪,4
4209,稚,2739,椎,4
4240,窍,4235,窃,4
4290,笤,4288,笞,4
4306,等,4327,筹,4
4327,筹,4306,等,4
4360,篓,4301,笺,4
4387,簿,5254,薄,4
4399,粕,2121,拍,4
4456,红,112,亿,4
4464,纪,5609,记,4
4466,纬,169,伟,4
4466,纬,5611,讳,4
4470,纱,2991,沙,4
4479,纺,153,仿,4
4488,组,3006,沮,4
4494,绊,181,伴,4
4494,绊,3041,泮,4
4503,结,3055,洁,4
4509,绚,1786,徇,4
4518,绣,6396,锈,4
4520,绥,6807,馁,4
4524,绩,3183,渍,4
4524,绩,4556,缋,4
4525,绪,5677,诸,4
4565,缕,3227,溇,4
4570,缚,322,傅,4
4727,肓,4747,育,4
4730,肚,4731,肛,4
4733,肝,2427,旰,4
4747,育,3932,盲,4
4756,胁,4725,肋,4
4796,脊,4761,背,4
4816,脾,3974,睥,4
4942,芋,4941,芊,4
4991,苗,5041,茵,4
4993,苛,4996,苟,4
4996,苟,4993,苛,4
5008,苹,6673,革,4
5019,茉,5101,莱,4
5029,茛,5096,莨,4
5107,莸,5106,获,4
5119,菏,5079,荷,4
5170,董,1132,堇,4
5177,葵,5228,蔡,4
5186,蒌,5145,萎,4
5194,蒲,5254,薄,4
5200,蒿,5214,蓠,4
5218,蓬,5102,莲,4
5393,蝉,5385,蜱,4
5395,蝎,5447,蠋,4
5431,蟀,5343,蛑,4
5462,衔,5463,街,4
5463,街,5462,衔,4
5489,袒,4139,祖,4
5511,裕,5500,袷,4
5555,观,2842,欢,4
5561,觉,367,党,4
5601,讧,2962,江,4
5602,讨,132,付,4
5604,讪,2956,汕,4
5623,诀,413,决,4
5629,识,4491,织,4
5657,诣,3128,涓,4
5680,读,4527,续,4
5690,谅,424,凉,4
5693,谈,3673,琰,4
5721,谦,4578,缣,4
5735,谴,4592,缱,4
5868,跑,5861,跄,4
5883,跳,5867,跐,4
5896,踏,5924,蹐,4
6012,辜,1671,幸,4
6030,迈,6033,近,4
6057,迸,6066,逆,4
6067,选,6052,迭,4
6071,透,6091,逶,4
6106,遗,6110,遣,4
6237,醒,6234,醍,4
6296,钞,4470,纱,4
6303,钥,6326,钼,4
6304,钦,6299,钡,4
6312,钮,4481,纽,4
6325,钻,6318,钴,4
6389,锁,3660,琐,4
6425,锦,4535,绵,4
6465,镐,6478,镝,4
6502,镶,6448,锿,4
6508,闭,6513,闲,4
6760,风,392,冈,4
6849,驾,6853,骂,4
7033,鸣,697,吗,4
7057,鸽,7053,鸹,4
7125,黑,4612,罢,4
7181,龙,1477,尤,4
3,七,557,匕,3
5,丈,1205,大,3
15,且,3929,目,3
26,两,6633,雨,3
33,中,1625,巾,3
33,中,3752,申,3
46,乃,448,刀,3
50,义,45,乂,3
56,乐,4174,禾,3
61,乘,60,乖,3
67,习,449,刁,3
75,了,2,丁,3
81,于,1667,干,3
83,云,82,亏,3
84,互,18,丘,3
123,介,2393,斤,3
132,付,5602,讨,3
136,仟,4458,纤,3
146,仲,149,件,3
146,仲,183,伸,3
149,件,146,仲,3
165,伙,185,似,3
169,伟,4466,纬,3
183,伸,4489,绅,3
192,住,190,位,3
192,住,223,侄,3
194,佑,179,估,3
196,何,184,伺,3
196,何,692,向,3
214,佰,178,伯,3
214,佰,229,侑,3
221,使,246,便,3
231,侗,287,倜,3
271,俱,189,但,3
279,倍,255,俗,3
284,倘,252,俏,3
287,倜,231,侗,3
309,偏,254,俑,3
323,傈,344,僳,3
367,党,5561,觉,3
392,冈,6760,风,3
400,写,52,乌,3
400,写,6832,马,3
405,冤,364,兔,3
413,决,5623,诀,3
416,冷,3033,泠,3
420,净,5658,诤,3
422,准,846,唯,3
425,凋,5688,调,3
430,凝,3785,疑,3
444,击,636,去,3
449,刁,67,习,3
462,刘,486,剂,3
464,刚,463,则,3
477,刷,502,剧,3
482,刽,6278,钊,3
520,劢,528,励,3
548,勾,658,句,3
551,包,3743,甩,3
566,匣,624,厘,3
571,区,6771,飞,3
576,千,81,于,3
581,半,34,丰,3
586,卓,2674,桌,3
599,卦,6279,钋,3
601,卩,1483,尸,3
603,卮,616,厄,3
615,厂,1676,广,3
617,厅,4,万,3
622,厍,1686,库,3
658,句,549,勿,3
660,叨,677,叻,3
667,可,67,习,3
673,叶,593,卟,3
682,各,5738,谷,3
703,吡,745,呲,3
723,呀,680,吁,3
736,员,5763,贞,3
757,咆,738,呛,3
762,咐,786,咻,3
767,咙,2461,昽,3
820,哭,977,器,3
822,哲,2484,晳,3
842,唧,877,啷,3
865,啤,4084,碑,3
866,啥,795,哈,3
880,啼,5917,蹄,3
912,嗅,975,噢,3
1003,回,6509,问,3
1007,团,1011,困,3
1010,园,3929,目,3
1027,土,1611,工,3
1029,在,671,右,3
1029,在,1612,左,3
1042,址,2071,扯,3
1051,坑,2091,抗,3
1053,坚,4262,竖,3
1054,坛,1032,圬,3
1058,坟,2356,攻,3
1074,垂,6254,重,3
1091,垣,1062,坦,3
1098,垮,2161,挎,3
1170,墓,1126,基,3
1184,士,3,七,3
1187,声,596,卢,3
1191,夂,2352,攵,3
1198,外,1192,处,3
1202,够,7047,鸲,3
1206,天,1208,夫,3
1206,天,1210,夭,3
1223,奇,4993,苛,3
1236,奠,5099,莫,3
1237,奢,5164,著,3
1251,妇,1253,妊,3
1257,妖,1253,妊,3
1259,妙,3369,炒,3
1274,姆,1293,姻,3
1293,姻,3401,烟,3
1320,婆,1305,娑,3
1326,婢,1331,婵,3
1328,婪,2703,梦,3
1370,子,1372,孓,3
1385,孤,1747,弧,3
1389,孪,1384,季,3
1401,宅,1399,它,3
1419,审,1412,宙,3
1422,室,4242,窒,3
1441,密,5377,蜜,3
1458,寺,1218,夺,3
1485,尺,662,只,3
1500,屎,1490,尿,3
1512,屮,33,中,3
1531,岛,7029,鸟,3
1562,峰,1549,峄,3
1569,崔,6619,雀,3
1619,己,1621,巳,3
1623,巷,4983,苍,3
1625,巾,33,中,3
1655,帽,1658,幅,3
1666,幪,5448,蠓,3
1667,干,576,千,3
1669,年,3500,牟,3
1680,庇,3810,疵,3
1688,底,1693,府,3
1721,廴,1372,孓,3
1722,延,1723,廷,3
1735,弋,2014,戈,3
1798,徜,284,倘,3
1821,忘,1820,志,3
1850,怒,1879,恕,3
1865,怪,1871,怿,3
1867,怯,1844,怅,3
1889,恪,3397,烙,3
1890,恫,1932,惆,3
1894,恰,1859,怡,3
1911,悖,1933,惇,3
1919,悦,1876,恍,3
1931,情,1953,惰,3
1933,惇,1934,惊,3
1952,惯,1974,愦,3
1993,憎,1173,增,3
2002,憾,2329,撼,3
2021,成,2027,战,3
2022,我,2078,找,3
2025,或,1736,式,3
2025,或,2021,成,3
2035,截,796,哉,3
2045,扁,2046,扃,3
2052,手,54,乎,3
2056,扑,2057,扒,3
2061,扛,2562,杠,3
2072,扰,2169,挠,3
2073,扳,2100,报,3
2083,抉,1052,块,3
2091,抗,2569,杭,3
2092,折,1040,圻,3
2097,抡,2098,抢,3
2097,抡,2103,抬,3
2101,抨,1065,坪,3
2104,抱,2084,把,3
2105,抵,2625,柢,3
2113,拄,2675,桎,3
2114,担,1062,坦,3
2115,拆,2092,折,3
2120,拌,2611,柈,3
2122,拎,2149,拴,3
2140,拧,2624,柠,3
2152,拼,2131,拚,3
2162,挑,2667,桃,3
2168,挟,2074,扶,3
2176,挨,2199,换,3
2178,挫,2113,拄,3
2186,捅,1106,埇,3
2186,捅,2693,桶,3
2198,捡,2154,拾,3
2198,捡,2713,检,3
2217,掌,3497,牚,3
2223,掘,1129,堀,3
2227,接,2160,按,3
2229,推,1131,堆,3
2239,掸,2215,掉,3
2249,提,2188,捉,3
2274,搐,2252,揞,3
2280,搞,2790,槁,3
2289,搽,2259,揲,3
2309,撂,2301,摞,3
2313,撑,2317,撙,3
2323,撮,2292,摄,3
2346,攘,1183,壤,3
2352,攵,3481,父,3
2355,改,2971,汲,3
2357,放,2360,效,3
2360,效,2357,放,3
2366,敖,2367,教,3
2368,敛,4478,纹,3
2369,敝,2370,敞,3
2384,斑,3651,珽,3
2403,施,4512,绝,3
2419,旦,15,且,3
2427,旰,2429,旴,3
2429,旴,2427,旰,3
2430,时,4729,肘,3
2453,昨,4766,胙,3
2470,晔,807,哗,3
2505,曈,3780,疃,3
2505,曈,4001,瞳,3
2512,曰,2419,旦,3
2517,曹,5121,菖,3
2522,月,2418,日,3
2524,朊,4744,肮,3
2529,朕,4791,胼,3
2530,朗,6157,郎,3
2536,未,2541,朱,3
2538,本,34,丰,3
2540,术,2535,木,3
2543,朵,725,呆,3
2545,朽,2551,杉,3
2549,杆,2063,扦,3
2555,材,2556,村,3
2556,村,2555,材,3
2561,束,2564,来,3
2561,束,2628,柬,3
2562,杠,2559,杜,3
2564,来,2561,束,3
2570,杯,2088,抔,3
2574,杵,2549,杆,3
2587,林,2555,材,3
2607,枸,2647,栒,3
2620,柚,2109,抽,3
2621,柜,2124,拒,3
2626,查,2573,杳,3
2629,柯,2607,枸,3
2642,栋,2136,拣,3
2652,栟,2152,拼,3
2667,桃,2582,枇,3
2674,桌,586,卓,3
2676,桐,3934,相,3
2679,桔,2145,拮,3
2686,桥,2171,挢,3
2695,梁,4411,粱,3
2697,梅,1910,悔,3
2698,梆,6175,郴,3
2702,梢,2192,捎,3
2706,梭,2653,校,3
2720,棕,4416,粽,3
2728,棰,2207,捶,3
2757,楞,2604,枵,3
2764,楱,2780,榛,3
2765,楷,2256,揩,3
2768,楼,2269,搂,3
2771,榄,2264,揽,3
2791,槊,1154,塑,3
2829,檀,2332,擅,3
2840,欠,47,久,3
2858,止,7,上,3
2860,此,2900,比,3
2863,歧,1523,岐,3
2865,歹,4,万,3
2888,段,2887,殴,3
2895,母,2894,毋,3
2903,毗,3951,眦,3
2920,民,4927,艮,3
2924,氖,2925,氘,3
2933,氦,2937,氪,3
2935,氨,2937,氪,3
2944,永,2942,水,3
2955,汔,5605,讫,3
2971,汲,2995,没,3
2971,汲,3035,波,3
2975,汽,5605,讫,3
2981,沅,2982,沆,3
2982,沆,2981,沅,3
2983,沈,3101,浓,3
2999,沦,3000,沧,3
3000,沧,2999,沦,3
3006,沮,3039,泪,3
3014,沽,3055,洁,3
3022,泌,1810,必,3
3031,泜,5633,诋,3
3034,泡,3000,沧,3
3039,泪,3060,洎,3
3039,泪,3067,洞,3
3051,泻,409,冯,3
3052,泼,4486,绂,3
3053,泽,3065,洚,3
3059,洌,419,冽,3
3064,洙,5649,诛,3
3066,洛,3117,浴,3
3068,洣,3004,沫,3
3081,洺,3066,洛,3
3082,活,3012,治,3
3084,洽,3033,泠,3
3121,涂,3115,浮,3
3134,涞,5642,诔,3
3135,涟,6042,连,3
3145,涪,5709,谙,3
3159,淌,4531,绱,3
3166,淞,423,凇,3
3171,淫,5718,谣,3
3190,渚,5677,诸,3
3191,渝,3211,湔,3
3197,温,3187,渔,3
3222,湾,3250,滂,3
3288,漫,3119,浸,3
3317,澈,3318,澉,3
3326,澳,1238,奥,3
3383,炳,3403,烦,3
3403,烦,3367,炊,3
3427,焯,1930,悼,3
3433,煌,1956,惶,3
3446,煽,3444,煸,3
3468,燠,2005,懊,3
3479,爱,650,受,3
3517,犊,3510,特,3
3530,犷,2065,扩,3
3547,狠,3564,狼,3
3591,猹,2263,揸,3
3608,王,1185,壬,3
3611,玕,3625,环,3
3623,玫,2355,改,3
3663,琢,3152,涿,3
3674,琳,3158,淋,3
3676,琵,3689,瑟,3
3678,琼,5690,谅,3
3683,瑗,3694,瑷,3
3685,瑚,3212,湖,3
3693,瑶,5718,谣,3
3720,瓢,6768,飘,3
3728,瓷,3724,瓮,3
3750,由,3749,田,3
3755,甸,2423,旬,3
3801,疬,3794,疠,3
3803,疮,3806,疱,3
3812,疹,3850,瘆,3
3821,痈,3830,痛,3
3829,痘,3822,痉,3
3831,痞,3822,痉,3
3864,瘦,3800,疫,3
3890,白,3891,百,3
3897,皋,4876,臬,3
3922,盖,3914,益,3
3930,盯,3756,町,3
3930,盯,3931,盱,3
3930,盯,4697,耵,3
3933,直,3948,真,3
3944,看,4671,者,3
3963,着,3944,看,3
3968,睑,4815,脸,3
3995,瞧,968,噍,3
3997,瞪,970,噔,3
4001,瞳,3780,疃,3
4011,矣,1221,奂,3
4021,矸,2867,歼,3
4024,矾,4033,砒,3
4050,砰,4021,矸,3
4058,砾,4032,砑,3
4067,硕,4031,砍,3
4080,碉,4065,硐,3
4119,礁,4085,碓,3
4146,祟,4402,粜,3
4151,票,2650,栗,3
4162,禄,4081,碌,3
4174,禾,56,乐,3
4174,禾,4127,示,3
4178,秆,2549,杆,3
4189,秦,1228,奏,3
4202,稃,2692,桴,3
4206,税,2714,棁,3
4219,稿,3521,犒,3
4234,突,1417,实,3
4244,窖,1429,害,3
4263,站,3015,沾,3
4270,竭,3202,渴,3
4302,笼,1418,宠,3
4330,签,639,叁,3
4332,箅,4338,算,3
4371,篷,5218,蓬,3
4407,粤,1238,奥,3
4425,糕,4398,粒,3
4429,糜,2303,摩,3
4458,纤,136,仟,3
4458,纤,4455,纡,3
4461,级,1041,圾,3
4466,纬,4495,绋,3
4475,纶,174,伦,3
4479,纺,1777,彷,3
4479,纺,5622,访,3
4488,组,189,但,3
4491,织,5629,识,3
4497,绍,3013,沼,3
4499,经,3054,泾,3
4500,绐,4508,给,3
4505,绕,3090,浇,3
4507,绘,3095,浍,3
4508,给,4500,绐,3
4508,给,4507,绘,3
4509,绚,3079,洵,3
4509,绚,5656,询,3
4513,绞,4478,纹,3
4531,绱,4516,绡,3
4533,绳,3186,渑,3
4538,绸,425,凋,3
4538,绸,4490,细,3
4550,缄,5648,诚,3
4551,缅,3209,湎,3
4556,缋,4524,绩,3
4564,缔,5711,谛,3
4579,缤,3271,滨,3
4667,耀,3455,熠,3
4698,耶,649,取,3
4728,肖,1473,尚,3
4735,肠,2432,旸,3
4736,股,4788,胶,3
4737,肢,4788,胶,3
4741,肪,2439,昉,3
4741,肪,4732,肜,3
4741,肪,4734,肟,3
4750,肺,4754,肿,3
4754,肿,4757,胂,3
4758,胃,4759,胄,3
4763,胎,3946,眙,3
4763,胎,4741,肪,3
4764,胖,4802,脒,3
4766,胙,2453,昨,3
4769,胜,4808,脞,3
4775,胧,3954,眬,3
4788,胶,4809,脧,3
4811,脯,2477,晡,3
4840,腺,4795,脉,3
4852,膘,4828,腙,3
4873,臣,1614,巨,3
4882,臾,654,叟,3
4958,芨,4937,艿,3
4967,花,4960,芪,3
4974,芽,4942,芋,3
4988,苓,4959,芩,3
4995,苞,4963,芭,3
4996,苟,4943,芍,3
5033,茨,4954,芡,3
5040,茴,4992,苘,3
5042,茶,5038,茱,3
5052,草,5141,萆,3
5056,荒,5045,茺,3
5066,荣,5038,茱,3
5076,荭,5039,茳,3
5078,药,5077,荮,3
5106,获,5037,茯,3
5148,萘,5082,荼,3
5152,营,5115,菅,3
5164,著,5231,蔷,3
5169,葡,5140,萄,3
5200,蒿,1593,嵩,3
5262,薪,5128,菥,3
5282,蘖,4434,糵,3
5309,蚁,5311,蚊,3
5333,蛀,5352,蛭,3
5349,蛟,5311,蚊,3
5371,蜒,5372,蜓,3
5374,蜗,5370,蜎,3
5394,蝌,5368,蜊,3
5395,蝎,5386,蜴,3
5432,蟆,5410,蝾,3
5465,衡,5462,衔,3
5470,表,28,丧,3
5504,装,5523,裴,3
5531,褒,5509,裒,3
5538,褪,5507,裉,3
5550,西,6193,酉,3
5555,观,3626,现,3
5560,览,4285,笕,3
5569,角,3744,甪,3
5594,讠,93,亡,3
5595,计,113,什,3
5607,议,2973,汶,3
5608,讯,6028,迅,3
5609,记,5601,讧,3
5612,讴,2997,沤,3
5614,讶,3618,玡,3
5616,许,2957,汗,3
5622,访,2964,污,3
5622,访,4479,纺,3
5624,证,1782,征,3
5636,诎,4496,绌,3
5656,询,4509,绚,3
5662,诨,3099,浑,3
5682,诽,4529,绯,3
5686,谁,422,准,3
5694,谊,3187,渔,3
5696,谌,3214,湛,3
5697,谍,5695,谋,3
5702,谒,306,偈,3
5706,谖,3221,湲,3
5718,谣,3171,淫,3
5720,谥,3235,溢,3
5738,谷,682,各,3
5762,贝,2840,欠,3
5765,贡,6713,页,3
5771,货,5787,贷,3
5842,趁,5846,趋,3
5844,超,5841,起,3
5860,跃,5856,趺,3
5860,跃,5864,跌,3
5872,跛,5859,趿,3
5889,跺,5874,跞,3
5899,踞,5873,距,3
5933,蹬,3316,澄,3
5977,轹,6334,铄,3
5979,轻,5982,轾,3
6003,输,2243,揄,3
6011,辛,585,卒,3
6040,远,6037,还,3
6057,迸,6039,进,3
6073,逑,6054,述,3
6083,造,6067,选,3
6094,逼,6078,通,3
6138,邯,6137,邮,3
6171,部,6163,郚,3
6257,金,371,全,3
6282,钎,4458,纤,3
6295,钝,4468,纯,3
6298,钠,4472,纳,3
6299,钡,6304,钦,3
6300,钢,4471,纲,3
6302,钤,6333,铃,3
6303,钥,6353,铜,3
6304,钦,6789,饮,3
6305,钧,6307,钩,3
6315,钱,6790,饯,3
6317,钳,4484,绀,3
6335,铅,6354,铝,3
6337,铈,6322,钸,3
6353,铜,6303,钥,3
6354,铝,6335,铅,3
6360,铣,6331,铁,3
6368,铬,4511,络,3
6369,铭,4511,络,3
6372,铰,4513,绞,3
6378,银,1787,很,3
6388,销,6347,铕,3
6389,锁,6388,销,3
6395,锇,6805,饿,3
6396,锈,4518,绣,3
6399,锋,6400,锌,3
6404,锐,5673,说,3
6411,锗,6413,错,3
6423,锤,4558,缍,3
6425,锦,6355,铞,3
6433,键,313,健,3
6454,镅,6408,锔,3
6456,镇,4572,缜,3
6462,镍,6418,锞,3
6497,镱,6477,镜,3
6509,问,6515,间,3
6525,闾,6510,闯,3
6532,阅,6538,阋,3
6536,阉,6531,阄,3
6541,阎,6531,阄,3
6554,阝,601,卩,3
6562,阳,6566,阻,3
6614,隶,4720,肃,3
6628,雎,3972,睢,3
6633,雨,26,两,3
6644,霄,1431,宵,3
6725,颁,6726,颂,3
6727,颃,6721,顽,3
6730,领,6719,须,3
6742,颔,6736,颌,3
6763,飒,5620,讽,3
6805,饿,248,俄,3
6847,驼,6846,驻,3
6849,驾,827,哿,3
6922,魁,6926,魅,3
6989,鲸,6972,鲧,3
7057,鸽,7045,鸰,3
7082,鹜,6874,骛,3
7097,鹭,7082,鹜,3
7107,麈,6270,鏖,3
7110,麓,4379,簏,3
7179,龋,5913,踽,3
7,上,656,口,2
7,上,1027,土,2
14,专,5836,走,2
15,且,3740,生,2
19,丙,26,两,2
25,丢,636,去,2
27,严,98,产,2
30,个,31,丫,2
33,中,3498,牛,2
34,丰,3498,牛,2
35,串,1740,弗,2
41,主,4878,至,2
43,举,4624,羊,2
45,乂,641,又,2
47,久,374,六,2
48,乇,2905,毛,2
51,之,6,三,2
51,之,1611,工,2
54,乎,1668,平,2
56,乐,22,东,2
56,乐,5958,车,2
57,乒,58,乓,2
61,乘,4179,秉,2
65,乞,2922,气,2
67,习,1757,彐,2
68,乡,4463,纩,2
71,买,3358,灵,2
71,买,6832,马,2
79,二,407,冫,2
81,于,1371,孑,2
83,云,374,六,2
93,亡,51,之,2
93,亡,1619,己,2
98,产,68,乡,2
98,产,2040,户,2
101,享,1375,字,2
105,亲,2563,条,2
110,人,370,入,2
113,什,136,仟,2
114,仁,112,亿,2
120,仇,115,仂,2
122,今,375,兮,2
124,仍,144,们,2
125,从,140,以,2
127,仓,65,乞,2
127,仓,126,仑,2
127,仓,551,包,2
128,仔,2394,斥,2
129,仕,113,什,2
129,仕,558,化,2
130,他,2963,池,2
131,仗,162,休,2
132,付,4457,纣,2
133,仙,558,化,2
136,仟,113,什,2
136,仟,148,仵,2
136,仟,151,任,2
138,代,161,伐,2
138,代,558,化,2
140,以,2900,比,2
140,以,5598,认,2
142,仪,4478,纹,2
145,仰,604,卯,2
150,价,144,们,2
158,伍,151,任,2
161,伐,2015,戊,2
172,伤,6787,饬,2
174,伦,175,伧,2
176,伪,115,仂,2
176,伪,1674,幼,2
176,伪,3002,沩,2
178,伯,3021,泊,2
179,估,193,佐,2
181,伴,4494,绊,2
182,伶,240,侩,2
182,伶,1856,怜,2
184,伺,687,同,2
189,但,235,侣,2
192,住,151,任,2
193,佐,179,估,2
194,佑,193,佐,2
197,佗,174,伦,2
198,佘,199,余,2
206,你,128,仔,2
206,你,256,俘,2
212,佬,236,侥,2
213,佯,1788,徉,2
214,佰,208,佤,2
221,使,234,侠,2
223,侄,215,佳,2
234,侠,221,使,2
235,侣,290,倡,2
236,侥,326,傥,2
237,侦,6719,须,2
238,侧,623,厕,2
238,侧,3094,测,2
239,侨,150,价,2
239,侨,2686,桥,2
240,侩,262,信,2
252,俏,4516,绡,2
256,俘,288,倞,2
260,俞,1962,愈,2
268,俭,255,俗,2
272,俳,1796,徘,2
279,倍,6592,陪,2
285,候,244,侯,2
285,候,3588,猴,2
286,倚,225,侉,2
293,倨,283,倔,2
294,倩,5676,请,2
295,倪,257,俚,2
308,偎,348,儇,2
309,偏,2045,扁,2
316,偶,315,偲,2
318,偻,297,倭,2
322,傅,4570,缚,2
331,傲,347,儆,2
334,僇,5727,谬,2
335,像,4568,缘,2
346,僻,3330,澼,2
350,儒,3338,濡,2
355,元,83,云,2
356,兄,662,只,2
357,充,354,允,2
360,光,357,充,2
360,光,379,兴,2
361,克,1820,志,2
362,免,364,兔,2
366,兖,5474,衮,2
367,党,5811,赏,2
370,入,110,人,2
370,入,449,刁,2
374,六,47,久,2
374,六,2401,方,2
375,兮,684,合,2
379,兴,374,六,2
381,其,382,具,2
387,兽,2519,曾,2
392,冈,4604,网,2
397,冕,2464,晃,2
399,冗,354,允,2
401,军,2422,早,2
409,冯,6832,马,2
410,冰,2942,水,2
413,决,3044,泱,2
414,况,2984,沉,2
415,冶,416,冷,2
415,冶,668,台,2
415,冶,3015,沾,2
419,冽,3059,洌,2
421,凄,1272,妻,2
422,准,5686,谁,2
424,凉,3175,淳,2
428,凑,3241,溱,2
429,凛,424,凉,2
431,几,372,八,2
441,凸,695,吕,2
448,刀,449,刁,2
448,刀,514,力,2
458,刑,455,刊,2
460,刖,464,刚,2
463,则,464,刚,2
463,则,663,叫,2
465,创,463,则,2
472,刭,474,到,2
474,到,472,刭,2
476,制,471,别,2
479,刹,470,利,2
479,刹,485,剁,2
479,刹,503,剩,2
492,剐,494,剔,2
493,剑,465,创,2
493,剑,4454,纠,2
503,剩,470,利,2
503,剩,480,刺,2
506,割,496,剖,2
514,力,3525,犭,2
516,办,40,为,2
526,劬,4725,肋,2
530,劳,4962,芬,2
547,勺,658,句,2
548,勾,553,匈,2
550,匀,549,勿,2
550,匀,658,句,2
551,包,4930,色,2
553,匈,1000,囚,2
558,化,129,仕,2
558,化,2918,氏,2
559,北,2900,比,2
561,匚,1611,工,2
562,匜,563,匝,2
573,匾,6094,逼,2
573,匾,6100,遍,2
579,午,576,千,2
580,卉,1230,奔,2
585,卒,3606,率,2
586,卓,587,单,2
587,单,4624,羊,2
590,博,2273,搏,2
592,卞,8,下,2
592,卞,595,卡,2
593,卟,694,吓,2
596,卢,2040,户,2
598,卤,1012,囱,2
608,却,525,劫,2
625,厚,627,原,2
627,原,625,厚,2
636,去,444,击,2
638,县,2447,昙,2
641,又,45,乂,2
642,叉,641,又,2
643,及,125,从,2
643,及,644,友,2
644,友,2865,歹,2
655,叠,2677,桑,2
656,口,398,冖,2
656,口,431,几,2
657,古,671,右,2
664,召,4019,石,2
667,可,4,万,2
670,史,690,吏,2
671,右,657,古,2
675,司,67,习,2
679,叽,665,叭,2
682,各,408,冬,2
685,吉,14,专,2
685,吉,636,去,2
687,同,2522,月,2
688,名,682,各,2
689,后,619,厉,2
690,吏,2515,更,2
692,向,3890,白,2
692,向,6509,问,2
695,吕,594,占,2
702,吠,767,咙,2
703,吡,559,北,2
706,吧,733,呕,2
708,吩,720,吻,2
709,含,4890,舍,2
711,吭,712,吮,2
716,吴,378,关,2
716,吴,2440,昊,2
718,吸,676,叹,2
718,吸,799,哎,2
727,告,685,吉,2
729,呐,677,叻,2
738,呛,681,吃,2
738,呛,757,咆,2
746,味,2452,昧,2
747,呵,678,叼,2
749,呷,751,呻,2
767,咙,740,呢,2
774,咧,715,吲,2
783,咳,779,咬,2
790,品,662,只,2
798,响,782,咱,2
798,响,859,啊,2
799,哎,792,哄,2
805,哔,807,哗,2
812,哞,865,啤,2
825,哼,769,咛,2
828,唁,2497,暗,2
829,唆,831,唉,2
842,唧,819,哪,2
846,唯,422,准,2
846,唯,6618,难,2
852,唾,834,唑,2
852,唾,3971,睡,2
854,啁,787,咽,2
856,啄,761,咏,2
865,啤,928,嗥,2
866,啥,808,哙,2
866,啥,924,嗟,2
891,喊,942,嘁,2
899,喝,848,唱,2
906,喷,837,唝,2
918,嗓,979,噪,2
927,嗤,956,嘧,2
942,嘁,891,喊,2
946,嘎,911,嗄,2
948,嘘,844,唬,2
963,嘹,3999,瞭,2
979,噪,809,哚,2
988,嚆,3990,瞒,2
991,嚓,918,嗓,2
993,嚣,992,嚚,2
993,嚣,1966,意,2
1000,囚,1005,因,2
1001,四,1003,回,2
1001,四,2512,曰,2
1002,囝,1006,囡,2
1003,回,1001,四,2
1004,囟,1012,囱,2
1005,因,3929,目,2
1008,囤,1013,围,2
1011,困,1008,囤,2
1011,困,3749,田,2
1016,固,743,周,2
1016,固,1006,囡,2
1016,固,1013,围,2
1017,国,1002,囝,2
1022,圆,1010,园,2
1039,场,1044,均,2
1040,圻,2092,折,2
1041,圾,1060,坡,2
1044,均,1039,场,2
1048,坎,1058,坟,2
1052,块,413,决,2
1052,块,2083,抉,2
1058,坟,1041,圾,2
1058,坟,1045,坊,2
1060,坡,3631,玻,2
1062,坦,2114,担,2
1063,坨,1086,垞,2
1066,坫,2117,拈,2
1071,坷,1044,均,2
1073,坼,2115,拆,2
1107,埋,1062,坦,2
1109,埏,2182,挺,2
1115,埙,1116,埚,2
1118,域,4483,线,2
1126,基,3738,甚,2
1128,埽,1164,墁,2
1129,堀,2223,掘,2
1130,堂,367,党,2
1144,堤,2188,捉,2
1155,塔,917,嗒,2
1156,塘,2284,搪,2
1159,填,1123,埴,2
1173,增,1133,堉,2
1175,墦,2322,播,2
1186,壮,559,北,2
1186,壮,2061,扛,2
1191,夂,47,久,2
1194,复,1195,夏,2
1202,够,3957,眵,2
1205,大,5,丈,2
1206,天,2416,无,2
1206,天,3524,犬,2
1208,夫,1211,央,2
1208,夫,1217,夹,2
1209,夬,1208,夫,2
1211,央,413,决,2
1213,失,1208,夫,2
1213,失,3740,生,2
1213,失,4010,矢,2
1215,夷,5055,荑,2
1218,夺,5958,车,2
1222,奄,1226,奋,2
1224,奈,1218,夺,2
1232,奖,2689,桨,2
1236,奠,1466,尊,2
1241,奴,1251,妇,2
1249,妄,1273,妾,2
1252,妈,1245,好,2
1254,妍,1243,奸,2
1255,妒,3366,炉,2
1257,妖,1265,妩,2
1257,妖,1301,娇,2
1264,妨,1276,始,2
1270,妲,1277,姐,2
1276,始,1242,奶,2
1276,始,1280,姓,2
1285,姜,4626,美,2
1289,姥,1300,娆,2
1289,姥,1322,婊,2
1295,姿,5800,资,2
1296,威,2028,戚,2
1297,娃,1280,姓,2
1298,娄,1302,娈,2
1314,娱,1313,娩,2
1317,娶,4714,聚,2
1331,婵,1326,婢,2
1337,媚,1318,娼,2
1337,媚,1585,嵋,2
1338,媛,1349,嫒,2
1367,嬴,5828,赢,2
1371,孑,2052,手,2
1380,孜,2358,政,2
1381,孝,4669,考,2
1384,季,4175,秀,2
1385,孤,2087,抓,2
1387,学,1375,字,2
1388,孩,6857,骇,2
1389,孪,101,享,2
1389,孪,2165,挛,2
1398,宁,1403,守,2
1402,宇,1398,宁,2
1402,宇,1403,守,2
1403,守,1398,宁,2
1404,安,1418,宠,2
1405,宋,1403,守,2
1410,宗,1375,字,2
1410,宗,1402,宇,2
1413,定,4928,良,2
1417,实,3362,灾,2
1418,宠,1407,宏,2
1418,宠,4302,笼,2
1420,客,4246,窘,2
1421,宣,1415,宜,2
1422,室,1416,宝,2
1425,宪,1406,完,2
1426,宫,1443,富,2
1426,宫,5581,言,2
1428,宰,6011,辛,2
1432,家,5746,象,2
1434,容,1420,客,2
1445,寒,6638,零,2
1453,寨,2287,搴,2
1456,寸,2054,才,2
1475,尝,367,党,2
1477,尤,1476,尢,2
1479,尧,356,兄,2
1485,尺,1206,天,2
1490,尿,2079,承,2
1499,屋,1489,尾,2
1499,屋,1493,层,2
1499,屋,1686,库,2
1504,展,6019,辰,2
1506,属,1496,屈,2
1510,履,1502,屐,2
1510,履,1509,屣,2
1515,屹,1516,屺,2
1525,岔,1838,忿,2
1525,岔,3911,盆,2
1530,岚,1527,岗,2
1540,岳,444,击,2
1550,峋,1534,岣,2
1553,峡,1565,崃,2
1565,崃,1553,峡,2
1567,崇,4402,粜,2
1567,崇,4441,紫,2
1578,崭,1590,嵚,2
1581,崽,1595,嵬,2
1608,州,577,卅,2
1611,工,62,乙,2
1611,工,561,匚,2
1611,工,1027,土,2
1611,工,1721,廴,2
1613,巧,2964,污,2
1614,巨,4873,臣,2
1614,巨,6771,飞,2
1618,巯,3784,疏,2
1619,己,2859,正,2
1619,己,3608,王,2
1620,已,62,乙,2
1623,巷,610,卷,2
1623,巷,4668,老,2
1629,帅,1825,忡,2
1631,师,1629,帅,2
1637,帕,1852,怕,2
1638,帖,1854,怙,2
1638,帖,5784,贴,2
1642,帛,35,串,2
1643,帜,1638,帖,2
1647,帧,1638,帖,2
1660,幔,3459,熳,2
1665,幢,1997,憧,2
1667,干,579,午,2
1668,平,54,乎,2
1669,年,1668,平,2
1670,并,1727,开,2
1671,幸,6011,辛,2
1673,幻,4465,纫,2
1674,幼,115,仂,2
1676,广,615,厂,2
1678,庄,1677,庀,2
1679,庆,621,厌,2
1681,床,1705,康,2
1686,库,622,厍,2
1693,府,1698,庥,2
1703,庵,2049,扈,2
1709,庾,1692,庚,2
1715,廓,1711,廊,2
1716,廖,1452,寥,2
1717,廙,3843,痹,2
1723,廷,6062,适,2
1727,开,578,升,2
1729,异,1670,并,2
1738,弓,82,亏,2
1768,彦,6710,音,2
1773,彭,6903,髟,2
1781,往,3038,注,2
1784,径,1781,往,2
1785,待,227,侍,2
1785,待,1795,得,2
1787,很,3547,狠,2
1789,徊,4490,细,2
1803,微,1806,徼,2
1806,徼,4595,缴,2
1809,忄,1467,小,2
1810,必,1808,心,2
1810,必,2977,沁,2
1813,忌,1821,忘,2
1822,忙,2565,杧,2
1824,忠,1918,患,2
1827,忧,164,优,2
1829,快,1052,块,2
1836,忽,1814,忍,2
1846,怊,1915,悟,2
1848,怎,1817,忑,2
1852,怕,2612,柏,2
1856,怜,182,伶,2
1860,急,1838,忿,2
1862,性,1280,姓,2
1862,性,3508,牲,2
1874,恃,2156,持,2
1878,恒,1885,恤,2
1885,恤,1852,怕,2
1887,恨,1864,怩,2
1890,恫,6563,阴,2
1905,悄,3123,消,2
1908,悍,3416,焊,2
1917,悢,1887,恨,2
1920,您,1916,悠,2
1928,悸,1976,愫,2
1931,情,1905,悄,2
1931,情,1967,愔,2
1932,惆,1938,惘,2
1936,惑,1970,感,2
1937,惕,1124,埸,2
1941,惝,1905,悄,2
1942,惟,1651,帷,2
1945,惧,1855,怛,2
1950,惭,3185,渐,2
1952,惯,1973,愤,2
1953,惰,1931,情,2
1954,想,1926,悲,2
1956,惶,3433,煌,2
1957,惹,5257,薏,2
1958,惺,1914,悝,2
1963,愉,2772,榆,2
1963,愉,5396,蝓,2
1966,意,1948,惫,2
1969,愚,7125,黑,2
1982,慑,2292,摄,2
1985,慢,1660,幔,2
1987,慧,1762,彗,2
2003,懂,1997,憧,2
2010,懦,4433,糯,2
2014,戈,1735,弋,2
2015,戊,2017,戌,2
2015,戊,2018,戍,2
2017,戌,2021,成,2
2021,成,785,咸,2
2021,成,2017,戌,2
2028,戚,1296,威,2
2040,户,1483,尸,2
2043,房,2047,扅,2
2044,所,2397,斫,2
2046,扃,4740,肩,2
2052,手,3498,牛,2
2062,扣,2544,机,2
2067,扫,2062,扣,2
2068,扬,1039,场,2
2068,扬,2129,拘,2
2068,扬,2566,杨,2
2068,扬,3505,物,2
2073,扳,2134,拟,2
2073,扳,2579,板,2
2075,批,2582,枇,2
2076,扺,2105,抵,2
2076,扺,2110,抿,2
2078,找,2639,栈,2
2079,承,410,冰,2
2079,承,1760,录,2
2083,抉,2168,挟,2
2085,抑,145,仰,2
2085,抑,6144,邶,2
2086,抒,2099,护,2
2087,抓,2076,扺,2
2091,抗,2081,抃,2
2092,折,2056,扑,2
2097,抡,2104,抱,2
2098,抢,2104,抱,2
2100,报,2526,服,2
2101,抨,2063,扦,2
2102,披,2100,报,2
2103,抬,2117,拈,2
2103,抬,2158,指,2
2104,抱,2097,抡,2
2108,押,2107,抻,2
2109,抽,2121,拍,2
2110,抿,2100,报,2
2113,拄,2157,挂,2
2113,拄,2631,柱,2
2115,拆,2119,拊,2
2117,拈,2103,抬,2
2117,拈,2601,枯,2
2118,拉,1075,垃,2
2118,拉,2113,拄,2
2118,拉,2139,拦,2
2120,拌,2090,抖,2
2125,拓,2088,抔,2
2125,拓,2618,柘,2
2126,拔,2080,技,2
2127,拖,2181,挹,2
2129,拘,2121,拍,2
2129,拘,2581,构,2
2129,拘,2607,枸,2
2130,拙,2178,挫,2
2135,拢,1077,垅,2
2148,拳,1225,奉,2
2149,拴,2648,栓,2
2154,拾,2070,扮,2
2154,拾,2103,抬,2
2156,持,2175,挦,2
2157,挂,2113,拄,2
2160,按,2672,桉,2
2161,挎,2218,掎,2
2165,挛,1389,孪,2
2168,挟,2083,抉,2
2170,挡,1100,垱,2
2170,挡,2684,档,2
2171,挢,2173,挤,2
2176,挨,1105,埃,2
2177,挪,2262,揶,2
2179,振,2272,搌,2
2184,捂,2216,掊,2
2190,捌,2205,捯,2
2198,捡,2139,拦,2
2199,换,2176,挨,2
2201,捧,2142,择,2
2203,捭,2239,掸,2
2209,捺,2149,拴,2
2209,捺,2161,挎,2
2210,捻,2122,拎,2
2224,掠,2737,椋,2
2225,探,2174,挥,2
2230,掩,1122,埯,2
2231,措,2158,指,2
2231,措,2248,描,2
2237,掴,2187,捆,2
2249,提,2265,揾,2
2252,揞,2216,掊,2
2258,揭,2265,揾,2
2261,援,1349,嫒,2
2264,揽,2771,榄,2
2266,揿,2211,掀,2
2269,搂,2768,楼,2
2280,搞,3521,犒,2
2284,搪,1156,塘,2
2294,摆,2193,捏,2
2294,摆,2291,摁,2
2305,摸,2147,拱,2
2314,撒,2316,撖,2
2321,撬,2818,橇,2
2324,撰,2294,摆,2
2333,操,2225,探,2
2339,擞,3701,璈,2
2342,擦,2837,檫,2
2350,支,644,友,2
2350,支,1721,廴,2
2350,支,2351,攴,2
2353,收,3353,火,2
2355,改,1380,孜,2
2355,改,2356,攻,2
2355,改,2973,汶,2
2355,改,3612,玖,2
2355,改,3623,玫,2
2356,攻,2358,政,2
2358,政,2356,攻,2
2362,敌,2359,故,2
2364,救,2580,极,2
2366,敖,2362,敌,2
2367,教,2359,故,2
2373,敦,2357,放,2
2375,敬,6833,驭,2
2376,数,3504,牧,2
2380,文,51,之,2
2386,斗,34,丰,2
2387,料,2090,抖,2
2387,料,4182,科,2
2393,斤,123,介,2
2396,斩,5960,轨,2
2399,斯,541,勘,2
2401,方,82,亏,2
2401,方,1738,弓,2
2407,旅,2412,族,2
2420,旧,1758,归,2
2420,旧,2966,汨,2
2422,早,2428,旱,2
2429,旴,680,吁,2
2436,昂,686,吊,2
2436,昂,1641,帚,2
2440,昊,716,吴,2
2440,昊,4877,臭,2
2441,昌,396,冒,2
2442,明,2525,朋,2
2448,昝,760,咎,2
2451,春,4885,舂,2
2455,是,5852,足,2
2460,昼,1488,尽,2
2465,晋,1896,恶,2
2466,晌,2435,昀,2
2466,晌,2527,朐,2
2474,晚,4812,脱,2
2481,普,2465,晋,2
2482,景,2502,暴,2
2483,晰,823,哳,2
2489,晾,825,哼,2
2525,朋,4787,胴,2
2527,朐,2435,昀,2
2536,未,595,卡,2
2536,未,4174,禾,2
2537,末,34,丰,2
2537,末,1405,宋,2
2538,本,1628,布,2
2538,本,2535,木,2
2546,杀,22,东,2
2549,杆,2574,杵,2
2554,杏,685,吉,2
2557,杓,2581,构,2
2559,杜,2562,杠,2
2561,束,4677,耒,2
2564,来,6614,隶,2
2565,杧,1822,忙,2
2566,杨,2068,扬,2
2566,杨,2607,枸,2
2569,杭,2584,枋,2
2571,杰,444,击,2
2576,杻,2069,扭,2
2577,杼,2086,抒,2
2579,板,2589,枚,2
2581,构,2129,拘,2
2582,枇,2075,批,2
2583,枉,2631,柱,2
2584,枋,2551,杉,2
2589,枚,2548,权,2
2589,枚,2562,杠,2
2590,果,725,呆,2
2593,枢,2627,柩,2
2595,枥,2610,柄,2
2598,枪,2098,抢,2
2598,枪,2621,柜,2
2601,枯,2591,枝,2
2607,枸,2557,杓,2
2610,柄,2595,枥,2
2610,柄,2649,栖,2
2615,柒,2543,朵,2
2615,柒,3198,渫,2
2616,染,2615,柒,2
2618,柘,2125,拓,2
2621,柜,2670,框,2
2622,柝,2115,拆,2
2623,柞,2112,拃,2
2624,柠,2720,棕,2
2626,查,3913,盉,2
2631,柱,2675,桎,2
2633,柴,2615,柒,2
2633,柴,4441,紫,2
2634,柽,2142,择,2
2635,柿,2584,枋,2
2642,栋,2156,持,2
2647,栒,2607,枸,2
2650,栗,4151,票,2
2655,株,2712,梾,2
2660,根,1088,垠,2
2660,根,2100,报,2
2660,根,2110,抿,2
2661,格,2651,栝,2
2662,栽,5981,载,2
2666,桂,2631,柱,2
2669,桅,2636,栀,2
2671,案,1428,宰,2
2674,桌,4876,臬,2
2676,桐,2774,榈,2
2677,桑,2079,承,2
2678,桓,2612,柏,2
2678,桓,2621,柜,2
2679,桔,2704,梧,2
2685,桤,1899,恺,2
2687,桦,2784,榫,2
2689,桨,3089,浆,2
2691,桫,2568,杪,2
2696,梃,2182,挺,2
2700,梓,2658,样,2
2703,梦,2734,棼,2
2710,梵,2755,楚,2
2713,检,2198,捡,2
2716,棉,2640,栉,2
2720,棕,2638,标,2
2720,棕,2773,榇,2
2720,棕,2837,檫,2
2722,棚,2654,栩,2
2729,棱,4159,祾,2
2732,棺,2783,榨,2
2737,椋,1934,惊,2
2739,椎,4209,稚,2
2741,椑,2203,捭,2
2746,椭,2800,槠,2
2750,椽,2823,橡,2
2757,楞,1972,愣,2
2759,楣,2763,楯,2
2772,榆,1963,愉,2
2773,榇,2700,梓,2
2780,榛,2282,搡,2
2788,榷,2302,摧,2
2798,槜,2288,携,2
2808,樟,2700,梓,2
2823,橡,2242,掾,2
2836,檩,2773,榇,2
2836,檩,2829,檀,2
2840,欠,5762,贝,2
2842,欢,5555,观,2
2851,款,2849,欹,2
2856,歌,2849,欹,2
2859,正,570,匹,2
2875,殊,3643,珠,2
2876,残,2020,戏,2
2892,毂,4220,穀,2
2897,毐,2898,毒,2
2903,毗,703,吡,2
2918,氏,558,化,2
2918,氏,2900,比,2
2921,氓,3635,珉,2
2922,气,65,乞,2
2927,氚,2925,氘,2
2928,氛,2924,氖,2
2928,氛,2931,氢,2
2929,氟,2932,氤,2
2933,氦,2931,氢,2
2935,氨,2934,氧,2
2939,氯,2935,氨,2
2943,氵,407,冫,2
2943,氵,5594,讠,2
2946,汀,6504,门,2
2950,汇,5601,讧,2
2955,汔,2975,汽,2
2957,汗,3003,沪,2
2961,汞,2079,承,2
2961,汞,2944,永,2
2962,江,4456,红,2
2965,汤,2994,沟,2
2966,汨,3039,泪,2
2969,汭,4472,纳,2
2971,汲,3149,液,2
2971,汲,4461,级,2
2975,汽,2922,气,2
2976,汾,4476,纷,2
2977,沁,1808,心,2
2978,沂,2393,斤,2
2987,沐,3004,沫,2
2993,沛,3127,涑,2
2993,沛,5611,讳,2
2995,没,2971,汲,2
2999,沦,3007,沱,2
3004,沫,2996,沣,2
3006,沮,4488,组,2
3006,沮,6046,迥,2
3010,沸,5610,讲,2
3014,沽,179,估,2
3016,沿,415,冶,2
3018,泄,17,世,2
3019,泅,3028,泗,2
3019,泅,3057,洇,2
3028,泗,3019,泅,2
3030,泛,3036,泣,2
3033,泠,416,冷,2
3038,注,2975,汽,2
3039,泪,2420,旧,2
3039,泪,5628,诅,2
3040,泫,5659,该,2
3041,泮,4494,绊,2
3045,泳,410,冰,2
3046,泵,3020,泉,2
3051,泻,3290,漯,2
3059,洌,3097,浏,2
3062,洒,3028,泗,2
3067,洞,425,凋,2
3067,洞,5688,调,2
3068,洣,3064,洙,2
3072,洪,377,共,2
3079,洵,5656,询,2
3082,活,3014,沽,2
3084,洽,3117,浴,2
3090,浇,236,侥,2
3094,测,3097,浏,2
3099,浑,401,军,2
3099,浑,3241,溱,2
3101,浓,2983,沈,2
3104,浙,2398,断,2
3107,浞,3153,淀,2
3110,浣,3120,浼,2
3113,浩,3026,法,2
3114,浪,3653,琅,2
3115,浮,424,凉,2
3117,浴,255,俗,2
3117,浴,3066,洛,2
3117,浴,4519,绤,2
3121,涂,3164,淙,2
3121,涂,3174,深,2
3122,涅,3217,湟,2
3122,涅,3223,湿,2
3124,涉,2861,步,2
3126,涎,1722,延,2
3127,涑,5699,谏,2
3128,涓,3123,消,2
3131,涘,5675,诶,2
3133,涝,1564,崂,2
3134,涞,3127,涑,2
3136,涠,3151,涸,2
3139,涣,3106,浜,2
3139,涣,3120,浼,2
3140,涤,3121,涂,2
3141,润,425,凋,2
3142,涧,3141,润,2
3145,涪,3066,洛,2
3147,涮,847,唰,2
3151,涸,3136,涠,2
3152,涿,5681,诼,2
3153,淀,3107,浞,2
3160,淏,3218,湨,2
3161,淑,3226,溆,2
3162,淖,3065,洚,2
3171,淫,3217,湟,2
3173,淮,422,准,2
3173,淮,4534,维,2
3174,深,3121,涂,2
3174,深,3140,涤,2
3174,深,3662,琛,2
3176,混,4532,绲,2
3198,渫,5697,谍,2
3199,渭,3128,涓,2
3202,渴,3137,涡,2
3204,渺,2991,沙,2
3204,渺,3940,眇,2
3204,渺,4554,缈,2
3219,湫,4180,秋,2
3222,湾,1751,弯,2
3223,湿,3107,浞,2
3224,溃,3183,渍,2
3225,溅,5781,贱,2
3232,溜,3154,淄,2
3239,溪,5675,诶,2
3243,溴,3218,湨,2
3244,溶,3145,涪,2
3250,滂,5719,谤,2
3255,滏,3170,淦,2
3257,滓,3307,潭,2
3258,滔,4883,舀,2
3270,滦,3175,淳,2
3275,滴,3258,滔,2
3277,漂,3238,溧,2
3281,漓,5733,谲,2
3284,漠,3243,溴,2
3295,漾,3182,渌,2
3299,潍,3173,淮,2
3300,潏,5733,谲,2
3307,潭,3257,滓,2
3331,激,4595,缴,2
3335,濒,3273,滪,2
3356,灯,666,叮,2
3358,灵,1760,录,2
3358,灵,3365,炅,2
3359,灶,4130,社,2
3365,炅,2438,昆,2
3366,炉,1255,妒,2
3373,炙,3360,灸,2
3375,炝,1845,怆,2
3376,炟,1855,怛,2
3377,炫,3406,烩,2
3388,炼,3391,烁,2
3391,烁,3388,炼,2
3394,烈,5503,裂,2
3397,烙,3423,焙,2
3399,烜,1878,恒,2
3404,烧,1300,娆,2
3404,烧,5356,蛲,2
3412,烹,101,享,2
3416,焊,3395,烊,2
3421,焖,3381,炯,2
3439,照,2454,昭,2
3459,熳,1985,慢,2
3464,燎,963,嘹,2
3482,爷,2395,斧,2
3493,牍,3517,犊,2
3498,牛,33,中,2
3504,牧,2361,敉,2
3505,物,3760,畅,2
3508,牲,3503,牦,2
3510,特,2156,持,2
3510,特,3507,牯,2
3511,牺,2649,栖,2
3521,犒,2280,搞,2
3539,狍,2104,抱,2
3539,狍,3543,狗,2
3541,狐,1385,孤,2
3542,狒,2111,拂,2
3543,狗,2129,拘,2
3544,狙,3561,狸,2
3546,狞,3550,狩,2
3548,狡,2653,校,2
3552,狭,2168,挟,2
3561,狸,3582,猩,2
3564,狼,3547,狠,2
3570,猎,3583,猪,2
3570,猎,3584,猫,2
3573,猖,3560,狷,2
3582,猩,3561,狸,2
3583,猪,3576,猜,2
3584,猫,2248,描,2
3584,猫,3570,猎,2
3585,猬,3590,猸,2
3599,獠,2320,撩,2
3604,獾,2344,攉,2
3605,玄,83,云,2
3605,玄,96,亥,2
3607,玉,83,云,2
3607,玉,86,五,2
3612,玖,3616,玟,2
3615,玛,409,冯,2
3615,玛,3613,玙,2
3621,玦,5623,诀,2
3623,玫,2356,攻,2
3626,现,5637,诏,2
3629,玷,3613,玙,2
3629,玷,6325,钻,2
3633,珂,1071,坷,2
3637,珍,5632,诊,2
3648,班,3651,珽,2
3652,球,3628,玳,2
3660,琐,6720,顼,2
3671,琮,3164,淙,2
3676,琵,3677,琶,2
3677,琶,4278,笆,2
3678,琼,3671,琮,2
3726,瓴,6730,领,2
3740,生,1050,坐,2
3751,甲,31,丫,2
3752,申,3750,由,2
3752,申,3751,甲,2
3753,电,2514,曳,2
3755,甸,552,匆,2
3758,甾,4287,笛,2
3770,畜,6902,高,2
3771,略,781,咯,2
3771,略,5798,赂,2
3772,畦,1297,娃,2
3773,番,6829,香,2
3798,疤,3803,疮,2
3798,疤,3806,疱,2
3800,疫,3791,疚,2
3815,疾,3791,疚,2
3815,疾,3800,疫,2
3820,症,3792,疝,2
3822,痉,3823,痊,2
3825,痒,3847,瘁,2
3830,痛,3839,痫,2
3838,痪,3815,疾,2
3856,瘘,3845,痿,2
3871,瘴,3825,痒,2
3871,瘴,3847,瘁,2
3890,白,692,向,2
3890,白,4875,自,2
3890,白,4881,臼,2
3891,百,3890,白,2
3908,皿,5457,血,2
3910,盅,5338,蛊,2
3912,盈,3911,盆,2
3914,益,3922,盖,2
3916,盎,5338,蛊,2
3929,目,2512,曰,2
3929,目,2522,月,2
3931,盱,2429,旴,2
3931,盱,3930,盯,2
3932,盲,4727,肓,2
3932,盲,4747,育,2
3935,盹,3943,眊,2
3937,盾,302,值,2
3937,盾,5772,质,2
3949,眠,4824,腒,2
3962,眼,3949,眠,2
3965,睃,4809,脧,2
3971,睡,852,唾,2
3984,瞄,905,喵,2
3992,瞠,4854,膛,2
3994,瞥,2490,暂,2
3998,瞬,996,嚼,2
4002,瞵,4858,膦,2
4005,瞿,4654,翟,2
4010,矢,1206,天,2
4012,知,4598,缸,2
4014,矩,6294,钜,2
4017,短,4014,矩,2
4024,矾,4020,矶,2
4050,砰,4083,碎,2
4051,破,4054,砹,2
4060,硁,4057,砼,2
4061,硅,4035,砖,2
4083,碎,4050,砰,2
4105,磅,4090,碜,2
4108,磋,4104,磁,2
4113,磨,7117,麽,2
4127,示,1370,子,2
4134,祆,5482,袂,2
4137,祎,5485,袆,2
4139,祖,6566,阻,2
4144,祝,5558,视,2
4145,神,5490,袖,2
4149,祥,2658,样,2
4178,秆,4188,秤,2
4183,秒,4181,种,2
4188,秤,4182,科,2
4189,秦,2673,桊,2
4189,秦,4438,素,2
4194,积,2603,枳,2
4196,秸,4203,稆,2
4197,移,4202,稃,2
4198,秽,4197,移,2
4201,稂,2660,根,2
4208,稗,2741,椑,2
4212,稣,6210,酥,2
4213,稳,4207,稔,2
4217,稼,4195,称,2
4219,稿,2790,槁,2
4221,穄,332,傺,2
4226,穴,2840,欠,2
4227,究,4228,穷,2
4228,穷,659,另,2
4240,窍,4228,穷,2
4241,窑,4244,窖,2
4242,窒,1422,室,2
4248,窝,1446,寓,2
4248,窝,4361,篙,2
4260,立,376,兰,2
4264,竞,104,亮,2
4265,竟,1966,意,2
4270,竭,5702,谒,2
4271,端,4566,编,2
4274,竽,4275,竿,2
4275,竿,2901,毕,2
4275,竿,4274,竽,2
4276,笃,6871,骘,2
4278,笆,4930,色,2
4283,笑,716,吴,2
4288,笞,4313,答,2
4293,笨,4314,策,2
4295,笫,4296,第,2
4306,等,4274,竽,2
4313,答,4288,笞,2
4313,答,4330,签,2
4317,筛,6337,铈,2
4319,筝,77,争,2
4327,筹,2287,搴,2
4330,签,1573,崟,2
4330,签,4308,筌,2
4331,简,4298,笱,2
4343,箦,4359,篑,2
4346,箩,1194,复,2
4348,箫,5154,萧,2
4349,箬,5091,莙,2
4351,箱,4340,箝,2
4361,篙,4370,篱,2
4365,篢,4343,箦,2
4369,篮,5212,蓝,2
4370,篱,4361,篙,2
4371,篷,6085,逢,2
4377,簋,4382,簠,2
4390,籍,5269,藉,2
4391,米,2537,末,2
4391,米,2541,朱,2
4393,类,4409,粪,2
4395,籽,4678,耔,2
4398,粒,2118,拉,2
4399,粕,2612,柏,2
4399,粕,4401,粘,2
4401,粘,2117,拈,2
4401,粘,4682,耘,2
4410,粮,2660,根,2
4410,粮,4201,稂,2
4414,粹,4398,粒,2
4426,糖,2284,搪,2
4431,糠,1991,慷,2
4436,系,105,亲,2
4438,素,1381,孝,2
4439,索,5153,萦,2
4443,絮,1386,孥,2
4444,絷,2164,挚,2
4453,纟,68,乡,2
4454,纠,4458,纤,2
4456,红,5601,讧,2
4458,纤,2957,汗,2
4461,级,157,伋,2
4461,级,2971,汲,2
4461,级,4478,纹,2
4461,级,5762,贝,2
4465,纫,466,初,2
4468,纯,2985,沌,2
4472,纳,6298,钠,2
4476,纷,4500,绐,2
4477,纸,3031,泜,2
4478,纹,2973,汶,2
4480,纻,177,伫,2
4481,纽,6312,钮,2
4483,线,2024,戕,2
4485,绁,4484,绀,2
4490,细,4481,纽,2
4494,绊,149,件,2
4498,绎,3053,泽,2
4499,经,1749,弪,2
4499,经,4464,纪,2
4502,绒,5664,诫,2
4505,绕,236,侥,2
4508,给,4511,络,2
4508,给,6799,饸,2
4509,绚,203,佝,2
4511,络,3066,洛,2
4511,络,6800,饹,2
4512,绝,4475,纶,2
4514,统,3086,流,2
4516,绡,4531,绱,2
4518,绣,5670,诱,2
4520,绥,4563,缓,2
4522,继,5712,谜,2
4524,绩,300,债,2
4532,绲,3176,混,2
4533,绳,4512,绝,2
4547,缁,3154,淄,2
4550,缄,4538,绸,2
4565,缕,318,偻,2
4566,编,5713,谝,2
4583,缨,3703,璎,2
4592,缱,5735,谴,2
4599,缺,5856,趺,2
4606,罕,1428,宰,2
4607,罗,2434,旻,2
4611,罡,2455,是,2
4624,羊,587,单,2
4628,羔,3922,盖,2
4634,群,6014,辟,2
4634,群,6167,郡,2
4644,翁,4650,翕,2
4646,翊,5663,诩,2
4653,翚,4655,翠,2
4654,翟,4005,瞿,2
4659,翩,4660,翮,2
4665,翻,4660,翮,2
4668,老,610,卷,2
4669,考,1381,孝,2
4674,而,5550,西,2
4674,而,6671,面,2
4675,耍,1281,委,2
4676,耐,6198,酎,2
4697,耵,3930,盯,2
4698,耶,6135,邪,2
4727,肓,3932,盲,2
4728,肖,1044,均,2
4733,肝,4754,肿,2
4740,肩,2046,扃,2
4743,肭,4756,胁,2
4744,肮,4741,肪,2
4745,肯,6886,骨,2
4748,肴,1632,希,2
4754,肿,4768,胛,2
4755,胀,4752,肽,2
4761,背,4796,脊,2
4771,胞,4739,肥,2
4771,胞,6762,飑,2
4775,胧,4746,肱,2
4775,胧,4752,肽,2
4776,胨,4798,脎,2
4788,胶,4737,肢,2
4795,脉,5745,豚,2
4799,脏,4767,胚,2
4802,脒,3956,眯,2
4822,腐,4862,膺,2
4826,腔,4779,胫,2
4826,腔,4806,脘,2
4826,腔,4857,膣,2
4828,腙,4806,脘,2
4828,腙,4840,腺,2
4836,腰,4790,胺,2
4839,腹,4809,脧,2
4844,腾,5421,螣,2
4845,腿,4837,腱,2
4852,膘,3991,瞟,2
4858,膦,4002,瞵,2
4878,至,3607,玉,2
4879,致,2355,改,2
4879,致,2358,政,2
4889,舌,657,古,2
4908,舱,4911,舵,2
4913,舷,4903,舫,2
4922,艏,4918,艄,2
4942,芋,6011,辛,2
4947,芒,4945,芏,2
4947,芒,4971,芸,2
4950,芙,4982,苌,2
4950,芙,5005,英,2
4954,芡,5033,茨,2
4956,芥,377,共,2
4956,芥,4972,芹,2
4961,芫,4951,芜,2
4962,芬,530,劳,2
4962,芬,4969,芴,2
4965,芯,5241,蕊,2
4967,花,5020,茌,2
4969,芴,4996,苟,2
4983,苍,1623,巷,2
4983,苍,4999,苣,2
4986,苑,4955,芤,2
4986,苑,5171,葩,2
4991,苗,4987,苒,2
4991,苗,5118,菌,2
4995,苞,4983,苍,2
4996,苟,5047,荀,2
5001,若,5002,苦,2
5002,苦,4989,苔,2
5002,苦,5001,若,2
5002,苦,5003,苫,2
5004,苯,5042,茶,2
5005,英,4950,芙,2
5005,英,5032,茧,2
5008,苹,4941,芊,2
5008,苹,4957,芦,2
5008,苹,5090,莘,2
5014,茄,4985,苏,2
5015,茅,5071,荨,2
5016,茆,5028,茚,2
5018,茈,4949,芘,2
5020,茌,5053,荏,2
5021,茎,1126,基,2
5033,茨,5100,莰,2
5035,茬,5054,荐,2
5038,茱,5066,荣,2
5040,茴,4991,苗,2
5040,茴,4994,苜,2
5052,草,5090,莘,2
5052,草,6673,革,2
5053,荏,5020,茌,2
5059,荚,4950,芙,2
5062,荞,5064,荠,2
5066,荣,5019,茉,2
5066,荣,5042,茶,2
5067,荤,5069,荦,2
5067,荤,5141,萆,2
5074,荫,5143,萌,2
5079,荷,4996,苟,2
5079,荷,5119,菏,2
5086,莉,479,刹,2
5102,莲,6042,连,2
5119,菏,5065,荡,2
5123,菜,5038,茱,2
5141,萆,5052,草,2
5145,萎,5083,荽,2
5160,落,5034,茫,2
5164,著,3963,着,2
5167,葛,5104,莴,2
5169,葡,554,匍,2
5172,葫,4772,胡,2
5172,葫,5195,蒴,2
5179,葸,5175,葱,2
5203,蓄,3770,畜,2
5205,蓉,5192,蒡,2
5208,蓐,6020,辱,2
5225,蔗,1704,庶,2
5229,蔫,5023,茑,2
5231,蔷,5113,菁,2
5254,薄,5194,蒲,2
5258,薛,5272,藓,2
5259,薜,5258,薛,2
5269,藉,4390,籍,2
5298,虬,5301,虹,2
5304,虼,5303,虻,2
5305,虽,736,员,2
5311,蚊,5349,蛟,2
5313,蚌,5324,蚪,2
5313,蚌,5346,蛙,2
5319,蚣,5303,虻,2
5319,蚣,5321,蚧,2
5337,蛉,5350,蛤,2
5338,蛊,3910,盅,2
5338,蛊,3916,盎,2
5352,蛭,5333,蛀,2
5355,蛱,5322,蚨,2
5359,蛸,5370,蜎,2
5363,蜂,1562,峰,2
5366,蜈,1314,娱,2
5366,蜈,5352,蛭,2
5366,蜈,5381,蜣,2
5372,蜓,5355,蛱,2
5375,蜘,5900,踟,2
5393,蝉,5345,蛘,2
5395,蝎,5374,蜗,2
5398,蝙,5446,蠊,2
5406,蝶,5410,蝾,2
5431,蟀,5363,蜂,2
5431,蟀,5435,蟑,2
5434,蟋,5439,蟠,2
5439,蟠,5434,蟋,2
5445,蠃,5828,赢,2
5448,蠓,5437,蟓,2
5449,蠕,5398,蝙,2
5457,血,5550,西,2
5460,行,4455,纡,2
5462,衔,5461,衍,2
5463,街,5464,衙,2
5468,衤,5467,衣,2
5474,衮,366,兖,2
5475,衰,789,哀,2
5487,袋,5787,贷,2
5496,被,1780,彼,2
5511,裕,5491,袗,2
5516,裣,4077,硷,2
5525,裹,5475,衰,2
5527,裾,5513,裙,2
5550,西,26,两,2
5553,覆,6655,霞,2
5554,见,399,冗,2
5554,见,5762,贝,2
5556,规,5325,蚬,2
5562,觊,436,凯,2
5574,解,2388,斛,2
5581,言,6710,音,2
5595,计,5602,讨,2
5600,讦,2957,汗,2
5600,讦,5616,许,2
5603,让,2992,沚,2
5605,讫,4459,纥,2
5605,讫,5609,记,2
5607,议,142,仪,2
5609,记,2950,汇,2
5609,记,5605,讫,2
5611,讳,4466,纬,2
5612,讴,5624,证,2
5616,许,148,仵,2
5616,许,5600,讦,2
5618,论,4475,纶,2
5619,讼,5618,论,2
5621,设,1778,役,2
5621,设,2356,攻,2
5623,诀,3621,玦,2
5624,证,2992,沚,2
5625,诂,5646,诘,2
5627,评,5600,讦,2
5627,评,5660,详,2
5629,识,414,况,2
5630,诈,202,作,2
5632,诊,3637,珍,2
5634,诌,4493,绉,2
5635,词,184,伺,2
5635,词,687,同,2
5637,诏,4497,绍,2
5638,诐,3035,波,2
5639,译,4498,绎,2
5639,译,5627,评,2
5639,译,5660,详,2
5640,诒,415,冶,2
5643,试,5602,讨,2
5644,诖,215,佳,2
5645,诗,3102,浔,2
5648,诚,427,减,2
5649,诛,228,侏,2
5650,诜,3063,洗,2
5651,话,5625,诂,2
5651,话,5666,语,2
5656,询,2994,沟,2
5656,询,3017,泃,2
5656,询,3644,珣,2
5659,该,1083,垓,2
5660,详,5639,译,2
5661,诧,1086,垞,2
5661,诧,2097,抡,2
5669,诰,3113,浩,2
5670,诱,4518,绣,2
5673,说,3120,浼,2
5679,诺,3190,渚,2
5680,读,5714,谟,2
5684,诿,297,倭,2
5686,谁,5630,诈,2
5688,调,3067,洞,2
5688,调,3136,涠,2
5688,调,3151,涸,2
5694,谊,3201,渲,2
5695,谋,2615,柒,2
5695,谋,5697,谍,2
5698,谎,1149,塃,2
5698,谎,5230,蔬,2
5699,谏,3127,涑,2
5700,谐,5667,诮,2
5702,谒,4270,竭,2
5703,谓,3128,涓,2
5714,谟,3284,漠,2
5717,谢,1161,塮,2
5725,谪,3275,滴,2
5725,谪,5674,诵,2
5727,谬,3699,璆,2
5727,谬,4585,缪,2
5733,谲,3300,潏,2
5746,象,1761,彖,2
5749,豪,5746,象,2
5750,豫,6728,预,2
5762,贝,5554,见,2
5764,负,736,员,2
5764,负,5763,贞,2
5764,负,6713,页,2
5767,责,5785,贵,2
5767,责,7113,麦,2
5772,质,1494,屃,2
5775,贫,5774,贪,2
5781,贱,5792,贼,2
5798,赂,3771,略,2
5803,赇,5781,贱,2
5808,赌,5815,赔,2
5815,赔,3423,焙,2
5830,赤,22,东,2
5834,赫,6705,韩,2
5836,走,14,专,2
5841,起,5844,超,2
5861,跄,5868,跑,2
5864,跌,5876,跣,2
5875,跟,5893,踉,2
5879,跪,5861,跄,2
5883,跳,3646,珧,2
5884,践,4483,线,2
5886,跷,4505,绕,2
5886,跷,6797,饶,2
5903,踩,5874,跞,2
5904,踪,4542,综,2
5918,蹅,6812,馇,2
5920,蹈,5862,跆,2
5922,蹊,3239,溪,2
5923,蹋,5901,踢,2
5943,蹿,5917,蹄,2
5944,躁,5903,踩,2
5947,躏,5930,蹢,2
5952,身,3496,牙,2
5958,车,22,东,2
5958,车,1371,孑,2
5961,轩,1243,奸,2
5967,软,2844,欤,2
5970,轲,5963,轫,2
5981,载,5098,莪,2
5982,轾,5979,轻,2
6022,边,66,也,2
6026,迂,6029,过,2
6026,迂,6034,迓,2
6026,迂,6036,迕,2
6028,迅,2958,汛,2
6028,迅,5608,讯,2
6033,近,6030,迈,2
6033,近,6031,迎,2
6035,返,6051,迫,2
6042,连,6082,速,2
6054,述,6073,逑,2
6056,迷,1724,建,2
6056,迷,6082,速,2
6059,追,6048,迨,2
6061,送,6027,迄,2
6061,送,6081,逞,2
6061,送,6092,逸,2
6062,适,3082,活,2
6062,适,6048,迨,2
6066,逆,6058,迹,2
6067,选,6048,迨,2
6075,途,6049,迩,2
6078,通,6051,迫,2
6082,速,6088,逮,2
6094,逼,6077,逗,2
6097,遂,6066,逆,2
6097,遂,6121,邃,2
6099,遇,6093,逻,2
6101,遏,6099,遇,2
6105,道,6116,遵,2
6110,遣,5735,谴,2
6110,遣,6106,遗,2
6134,邦,6150,邾,2
6148,邻,6146,邹,2
6156,郊,2360,效,2
6160,郑,6153,郅,2
6167,郡,6143,邵,2
6171,部,6173,郭,2
6173,郭,6131,邡,2
6175,郴,2698,梆,2
6177,都,6151,郁,2
6180,鄂,6164,郛,2
6210,酥,4058,砾,2
6210,酥,6211,酦,2
6221,酵,6225,酹,2
6222,酶,6216,酯,2
6223,酷,6209,酤,2
6231,醉,6226,酽,2
6232,醋,6223,酷,2
6250,采,2541,朱,2
6250,采,4174,禾,2
6251,釉,5972,轴,2
6254,重,1074,垂,2
6259,鉴,3919,监,2
6269,鏊,6267,鍪,2
6269,鏊,7008,鳌,2
6277,钉,6280,钌,2
6280,钌,6277,钉,2
6282,钎,6276,针,2
6285,钒,6763,飒,2
6286,钓,6280,钌,2
6286,钓,6305,钧,2
6286,钓,6307,钩,2
6287,钔,6278,钊,2
6291,钙,2989,沔,2
6294,钜,4014,矩,2
6298,钠,6300,钢,2
6300,钢,6303,钥,2
6303,钥,2530,朗,2
6304,钦,5967,软,2
6304,钦,6310,钬,2
6305,钧,4460,约,2
6307,钩,4509,绚,2
6307,钩,6286,钓,2
6312,钮,6329,钿,2
6315,钱,4483,线,2
6321,钷,6294,钜,2
6325,钻,4500,绐,2
6325,钻,6309,钫,2
6325,钻,6335,铅,2
6325,钻,6354,铝,2
6327,钽,6326,钼,2
6328,钾,4489,绅,2
6330,铀,3011,油,2
6330,铀,5972,轴,2
6331,铁,6359,铢,2
6336,铆,3027,泖,2
6348,铖,6324,钺,2
6352,铛,3649,珰,2
6353,铜,6326,钼,2
6355,铞,6393,锅,2
6360,铣,6394,锆,2
6361,铤,6386,链,2
6372,铰,6801,饺,2
6384,铼,6349,铗,2
6385,铽,6348,铖,2
6399,锋,4510,绛,2
6399,锋,6370,铮,2
6400,锌,6370,铮,2
6401,锍,6375,铳,2
6404,锐,6460,镋,2
6405,锑,6355,铞,2
6414,锚,6413,错,2
6424,锥,4534,维,2
6432,锭,4543,绽,2
6433,键,3519,犍,2
6456,镇,6455,镆,2
6462,镍,6425,锦,2
6477,镜,6460,镋,2
6477,镜,6497,镱,2
6486,镥,6489,镨,2
6502,镶,6825,馕,2
6504,门,390,冂,2
6509,问,692,向,2
6509,问,6518,闷,2
6511,闰,6509,问,2
6517,闶,6514,闳,2
6518,闷,6509,问,2
6521,闺,4605,罔,2
6522,闻,6510,闯,2
6522,闻,6543,阐,2
6524,闽,6514,闳,2
6525,闾,6537,阊,2
6526,闿,6532,阅,2
6528,阁,6525,闾,2
6529,阂,6532,阅,2
6532,阅,6511,闰,2
6536,阉,6521,闺,2
6543,阐,6522,闻,2
6553,阜,4876,臬,2
6555,队,6557,阢,2
6561,防,6573,际,2
6563,阴,6569,阿,2
6565,阶,6561,防,2
6572,附,762,咐,2
6575,陇,767,咙,2
6580,降,6610,障,2
6581,限,6607,隗,2
6591,险,6588,除,2
6602,隋,1953,惰,2
6603,隍,6589,陧,2
6615,隹,192,住,2
6621,雄,4085,碓,2
6622,雅,6868,骓,2
6663,青,5113,菁,2
6673,革,5008,苹,2
6673,革,5052,草,2
6717,项,6714,顶,2
6717,项,6720,顼,2
6724,颀,2843,欣,2
6724,颀,6722,顾,2
6730,领,6736,颌,2
6732,颈,4067,硕,2
6736,颌,6725,颁,2
6737,颍,6743,颖,2
6740,频,6737,颍,2
6743,颖,2851,款,2
6781,饥,5599,讥,2
6788,饭,6801,饺,2
6790,饯,6315,钱,2
6791,饰,6787,饬,2
6797,饶,4505,绕,2
6797,饶,6351,铙,2
6797,饶,6784,饩,2
6801,饺,4513,绞,2
6801,饺,5349,蛟,2
6801,饺,6372,铰,2
6818,馍,6455,镆,2
6819,馏,6464,镏,2
6822,馒,4581,缦,2
6826,首,4875,自,2
6826,首,4994,苜,2
6829,香,2573,杳,2
6833,驭,1380,孜,2
6847,驼,7049,鸵,2
6849,驾,4276,笃,2
6874,骛,7082,鹜,2
6951,鲍,6937,鱾,2
6958,鲕,4551,缅,2
6962,鲜,6944,鲆,2
6969,鲤,6390,锂,2
6972,鲧,6971,鲦,2
7000,鳄,7013,鳑,2
7009,鳍,6978,鲭,2
7017,鳖,7019,鳘,2
7033,鸣,793,哆,2
7035,鸥,7031,鸡,2
7036,鸦,6135,邪,2
7044,鸯,2148,拳,2
7048,鸳,1863,怨,2
7057,鸽,7066,鹆,2
7059,鸿,7033,鸣,2
7062,鹂,7052,鸸,2
7063,鹃,7079,鹘,2
7064,鹄,7043,鸮,2
7070,鹊,7064,鹄,2
7088,鹣,7068,鹈,2
7090,鹦,7078,鹗,2
7113,麦,5470,表,2
7119,黄,5265,薰,2
7122,黍,1823,忝,2
7133,黢,7131,黟,2
7148,鼓,5742,豉,2
7166,齐,59,乔,2
7184,龟,7142,黾,2
1,一,92,亠,1
2,丁,75,了,1
2,丁,615,厂,1
3,七,66,也,1
3,七,93,亡,1
3,七,1476,尢,1
4,万,617,厅,1
4,万,664,召,1
4,万,667,可,1
4,万,1612,左,1
4,万,2393,斤,1
4,万,2401,方,1
4,万,4019,石,1
6,三,51,之,1
6,三,2943,氵,1
6,三,3608,王,1
7,上,20,业,1
7,上,79,二,1
7,上,557,匕,1
7,上,598,卤,1
7,上,1621,巳,1
8,下,0,々,1
8,下,9,丌,1
8,下,10,不,1
8,下,591,卜,1
8,下,1184,士,1
8,下,1612,左,1
9,丌,4,万,1
9,丌,1727,开,1
10,不,8,下,1
10,不,2538,本,1
10,不,4019,石,1
10,不,4128,礻,1
11,与,453,切,1
11,与,1197,夕,1
11,与,5959,轧,1
11,与,6832,马,1
12,丐,11,与,1
13,丑,571,区,1
14,专,636,去,1
14,专,1759,当,1
14,专,4952,芝,1
15,且,13,丑,1
15,且,2418,日,1
15,且,3908,皿,1
15,且,5554,见,1
15,且,6029,过,1
17,世,1247,如,1
17,世,3736,甘,1
18,丘,0,々,1
18,丘,565,匡,1
18,丘,602,卫,1
18,丘,4260,立,1
19,丙,2394,斥,1
19,丙,5550,西,1
19,丙,6633,雨,1
20,业,65,乞,1
20,业,89,亚,1
20,业,90,些,1
20,业,2420,旧,1
20,业,2860,此,1
20,业,3409,热,1
21,丛,125,从,1
21,丛,1810,必,1
21,丛,4453,纟,1
22,东,2052,手,1
23,丝,21,丛,1
23,丝,4273,竺,1
23,丝,5457,血,1
25,丢,1407,宏,1
25,丢,2905,毛,1
25,丢,6273,钅,1
26,两,583,协,1
26,两,3880,癍,1
26,两,5550,西,1
27,严,4957,芦,1
28,丧,4678,耔,1
28,丧,5477,衷,1
30,个,372,八,1
30,个,576,千,1
31,丫,30,个,1
31,丫,111,亻,1
31,丫,4624,羊,1
32,丬,67,习,1
32,丬,3487,爿,1
33,中,3753,电,1
33,中,6022,边,1
34,丰,2386,斗,1
34,丰,3745,甫,1
34,丰,6702,韦,1
35,串,69,书,1
35,串,78,事,1
35,串,3069,津,1
35,串,3752,申,1
35,串,3925,盛,1
36,临,1852,怕,1
36,临,1885,恤,1
36,临,1910,悔,1
36,临,1967,愔,1
36,临,3444,煸,1
36,临,3919,监,1
36,临,6718,顺,1
38,丸,64,九,1
38,丸,516,办,1
39,丹,393,冉,1
39,丹,432,凡,1
39,丹,1607,川,1
39,丹,2895,母,1
40,为,38,丸,1
40,为,391,内,1
40,为,448,刀,1
40,为,1207,太,1
40,为,1758,归,1
40,为,4460,约,1
41,主,1185,壬,1
41,主,1413,定,1
41,主,2905,毛,1
41,主,3608,王,1
41,主,3740,生,1
41,主,4260,立,1
41,主,5594,讠,1
41,主,6021,辶,1
41,主,6273,钅,1
42,丽,623,厕,1
42,丽,4055,砺,1
43,举,5069,荦,1
44,丿,2053,扌,1
45,乂,2953,汊,1
45,乂,7170,龁,1
46,乃,9,丌,1
46,乃,44,丿,1
46,乃,2545,朽,1
46,乃,2994,沟,1
47,久,1672,幺,1
47,久,2352,攵,1
47,久,3355,灭,1
47,久,4010,矢,1
48,乇,4945,芏,1
49,么,31,丫,1
49,么,373,公,1
49,么,1765,彡,1
49,么,2926,氙,1
50,义,5,丈,1
50,义,2352,攵,1
50,义,5607,议,1
51,之,0,々,1
51,之,355,元,1
51,之,1399,它,1
51,之,1672,幺,1
51,之,1721,廴,1
51,之,2352,攵,1
51,之,2943,氵,1
51,之,4260,立,1
52,乌,400,写,1
52,乌,1371,孑,1
53,乍,94,亢,1
53,乍,151,任,1
53,乍,399,冗,1
53,乍,5958,车,1
54,乎,168,伞,1
54,乎,1398,宁,1
54,乎,3496,牙,1
55,乏,41,主,1
55,乏,65,乞,1
55,乏,93,亡,1
55,乏,127,仓,1
55,乏,134,仝,1
55,乏,209,佥,1
55,乏,4453,纟,1
55,乏,4952,芝,1
56,乐,2052,手,1
56,乐,4497,绍,1
56,乐,6829,香,1
57,乒,27,严,1
57,乒,1398,宁,1
58,乓,377,共,1
58,乓,651,变,1
58,乓,1896,恶,1
59,乔,359,先,1
59,乔,700,吞,1
59,乔,4174,禾,1
60,乖,759,和,1
60,乖,2905,毛,1
60,乖,2993,沛,1
60,乖,3793,疟,1
61,乘,2079,承,1
61,乘,3515,犁,1
61,乘,4314,策,1
62,乙,561,匚,1
62,乙,1738,弓,1
62,乙,4928,良,1
62,乙,4965,芯,1
64,九,514,力,1
64,九,1476,尢,1
65,乞,122,今,1
65,乞,4233,窀,1
65,乞,6273,钅,1
66,也,1240,女,1
66,也,1622,巴,1
66,也,6022,边,1
67,习,13,丑,1
67,习,392,冈,1
67,习,448,刀,1
67,习,550,匀,1
67,习,2053,扌,1
68,乡,640,参,1
69,书,1038,圹,1
69,书,1810,必,1
69,书,6702,韦,1
71,买,1214,头,1
71,买,3908,皿,1
71,买,5744,豕,1
72,乱,354,允,1
75,了,4,万,1
75,了,1738,弓,1
76,予,1372,孓,1
76,予,2052,手,1
76,予,2600,枭,1
77,争,456,刍,1
77,争,587,单,1
78,事,1187,声,1
78,事,4295,笫,1
78,事,4624,羊,1
78,事,6702,韦,1
79,二,1611,工,1
80,亍,81,于,1
80,亍,1667,干,1
80,亍,3786,疒,1
81,于,2,丁,1
81,于,54,乎,1
81,于,80,亍,1
81,于,576,千,1
81,于,1403,守,1
81,于,1483,尸,1
81,于,1676,广,1
82,亏,4,万,1
82,亏,674,号,1
82,亏,4669,考,1
83,云,1672,幺,1
83,云,3607,玉,1
84,互,0,々,1
84,互,88,亘,1
84,互,5740,豆,1
85,亓,355,元,1
86,五,18,丘,1
86,五,722,吾,1
86,五,2865,歹,1
86,五,3607,玉,1
86,五,6030,迈,1
87,井,1727,开,1
87,井,1740,弗,1
87,井,2555,材,1
87,井,2559,杜,1
87,井,2574,杵,1
87,井,3374,炜,1
87,井,3498,牛,1
87,井,5610,讲,1
88,亘,4875,自,1
89,亚,84,互,1
89,亚,563,匝,1
90,些,1297,娃,1
90,些,3392,烂,1
91,亟,24,丞,1
91,亟,3400,烝,1
93,亡,41,主,1
93,亡,134,仝,1
93,亡,1397,宀,1
93,亡,6021,辶,1
93,亡,6780,饣,1
94,亢,41,主,1
94,亢,355,元,1
94,亢,357,充,1
94,亢,373,公,1
94,亢,2091,抗,1
95,交,651,变,1
95,交,1240,女,1
95,交,5036,茭,1
96,亥,4011,矣,1
96,亥,4474,纵,1
97,亦,102,京,1
97,亦,1247,如,1
97,亦,1377,孙,1
97,亦,1669,年,1
97,亦,2401,方,1
97,亦,6058,迹,1
98,产,27,严,1
98,产,76,予,1
98,产,1676,广,1
98,产,4972,芹,1
98,产,6011,辛,1
99,亨,76,予,1
99,亨,98,产,1
99,亨,103,亭,1
99,亨,199,余,1
99,亨,1470,尕,1
99,亨,2811,横,1
99,亨,5581,言,1
100,亩,594,占,1
100,亩,1226,奋,1
100,亩,1412,宙,1
100,亩,1424,宦,1
101,享,99,亨,1
101,享,102,京,1
101,享,103,亭,1
101,享,1378,孚,1
101,享,1393,孳,1
101,享,4439,索,1
102,京,105,亲,1
102,京,1375,字,1
102,京,1469,尔,1
102,京,1683,序,1
102,京,4127,示,1
102,京,4436,系,1
103,亭,104,亮,1
103,亭,4341,管,1
104,亮,1188,壳,1
105,亲,101,享,1
105,亲,2541,朱,1
105,亲,2617,柔,1
105,亲,4436,系,1
106,亳,4242,窒,1
106,亳,5025,茔,1
108,亶,45,乂,1
109,亸,108,亶,1
110,人,37,丶,1
110,人,372,八,1
111,亻,30,个,1
111,亻,615,厂,1
112,亿,137,仡,1
112,亿,4456,红,1
112,亿,4464,纪,1
112,亿,5601,讧,1
113,什,132,付,1
113,什,576,千,1
113,什,2947,汁,1
113,什,5469,补,1
114,仁,129,仕,1
114,仁,141,仨,1
114,仁,177,伫,1
115,仂,120,仇,1
115,仂,176,伪,1
116,仃,5596,订,1
117,仄,119,仆,1
117,仄,570,匹,1
117,仄,1205,大,1
117,仄,3723,瓦,1
118,仅,125,从,1
118,仅,142,仪,1
118,仅,2952,汉,1
119,仆,132,付,1
119,仆,373,公,1
119,仆,1809,忄,1
120,仇,112,亿,1
120,仇,121,仉,1
120,仇,410,冰,1
120,仇,4462,纨,1
120,仇,5605,讫,1
121,仉,5599,讥,1
122,今,55,乏,1
122,今,134,仝,1
122,今,166,会,1
123,介,30,个,1
123,介,113,什,1
123,介,163,众,1
123,介,354,允,1
124,仍,157,伋,1
124,仍,4497,绍,1
125,从,118,仅,1
125,从,5598,认,1
126,仑,668,台,1
126,仑,1399,它,1
126,仑,6780,饣,1
127,仓,41,主,1
127,仓,6780,饣,1
128,仔,151,任,1
128,仔,3890,白,1
129,仕,146,仲,1
129,仕,4130,社,1
129,仕,5644,诖,1
130,他,120,仇,1
130,他,558,化,1
130,他,4462,纨,1
131,仗,119,仆,1
131,仗,132,付,1
132,付,3462,燃,1
133,仙,147,仳,1
133,仙,283,倔,1
133,仙,435,凭,1
133,仙,2956,汕,1
133,仙,4028,砂,1
133,仙,4497,绍,1
134,仝,11,与,1
134,仝,6333,铃,1
135,仞,1004,囟,1
135,仞,4465,纫,1
136,仟,150,价,1
136,仟,202,作,1
136,仟,1815,忏,1
136,仟,4178,秆,1
136,仟,4272,竹,1
136,仟,5627,评,1
136,仟,6025,迁,1
137,仡,141,仨,1
138,代,129,仕,1
138,代,2918,氏,1
138,代,3628,玳,1
139,令,134,仝,1
139,令,371,全,1
139,令,709,含,1
139,令,2886,殳,1
139,令,2922,气,1
140,以,125,从,1
140,以,593,卟,1
140,以,665,叭,1
140,以,4474,纵,1
142,仪,1,一,1
142,仪,131,仗,1
142,仪,138,代,1
142,仪,174,伦,1
142,仪,282,倓,1
144,们,124,仍,1
144,们,137,仡,1
144,们,177,伫,1
144,们,196,何,1
144,们,1608,州,1
145,仰,2085,抑,1
146,仲,130,他,1
146,仲,412,冲,1
146,仲,4181,种,1
146,仲,4470,纱,1
146,仲,4906,舯,1
148,仵,230,侔,1
149,件,136,仟,1
149,件,148,仵,1
149,件,181,伴,1
149,件,265,俨,1
149,件,4494,绊,1
149,件,5602,讨,1
150,价,152,份,1
150,价,194,佑,1
150,价,202,作,1
150,价,206,你,1
151,任,129,仕,1
151,任,141,仨,1
151,任,158,伍,1
151,任,192,住,1
151,任,558,化,1
151,任,2968,汪,1
151,任,4473,纴,1
152,份,2965,汤,1
152,份,2976,汾,1
152,份,3619,玢,1
153,仿,150,价,1
153,仿,152,份,1
153,仿,190,位,1
153,仿,252,俏,1
153,仿,1777,彷,1
153,仿,2964,污,1
153,仿,4479,纺,1
153,仿,6561,防,1
154,企,4260,立,1
155,伉,137,仡,1
156,伊,119,仆,1
156,伊,207,佣,1
156,伊,6328,钾,1
157,伋,109,亸,1
157,伋,4461,级,1
158,伍,157,伋,1
158,伍,192,住,1
158,伍,2968,汪,1
158,伍,4473,纴,1
159,伎,157,伋,1
159,伎,170,传,1
159,伎,1682,庋,1
159,伎,2080,技,1
159,伎,4486,绂,1
160,伏,162,休,1
160,伏,210,佧,1
160,伏,621,厌,1
160,伏,702,吠,1
161,伐,113,什,1
162,休,2106,抹,1
162,休,4458,纤,1
163,众,1606,巛,1
163,众,1678,庄,1
164,优,193,佐,1
164,优,194,佑,1
165,伙,142,仪,1
165,伙,160,伏,1
166,会,55,乏,1
166,会,122,今,1
166,会,1732,弇,1
166,会,2922,气,1
166,会,5581,言,1
168,伞,2945,氽,1
168,伞,3498,牛,1
169,伟,201,佛,1
170,传,174,伦,1
170,传,179,估,1
170,传,215,佳,1
170,传,217,佶,1
170,传,256,俘,1
170,传,4503,结,1
171,伢,5614,讶,1
172,伤,153,仿,1
172,伤,689,后,1
172,伤,2998,沥,1
173,伥,160,伏,1
173,伥,217,佶,1
173,伥,1744,张,1
174,伦,153,仿,1
174,伦,5624,证,1
176,伪,466,初,1
178,伯,3937,盾,1
179,估,153,仿,1
179,估,201,佛,1
179,估,689,后,1
180,伲,151,任,1
180,伲,372,八,1
181,伴,1065,坪,1
181,伴,2120,拌,1
182,伶,295,倪,1
182,伶,2122,拎,1
182,伶,2402,於,1
182,伶,2976,汾,1
182,伶,5687,谂,1
183,伸,156,伊,1
183,伸,207,佣,1
183,伸,1825,忡,1
184,伺,579,午,1
184,伺,692,向,1
184,伺,4065,硐,1
184,伺,6793,饲,1
185,似,133,仙,1
185,似,144,们,1
186,伽,180,伲,1
187,伾,157,伋,1
187,伾,167,伛,1
187,伾,206,你,1
187,伾,1839,怀,1
187,伾,3538,狉,1
188,佃,4490,细,1
189,但,221,使,1
189,但,223,侄,1
189,但,2419,旦,1
189,但,4488,组,1
189,但,5628,诅,1
190,位,143,仫,1
190,位,192,住,1
190,位,219,佼,1
190,位,223,侄,1
190,位,1375,字,1
190,位,4499,经,1
191,低,151,任,1
191,低,171,伢,1
191,低,3031,泜,1
191,低,4477,纸,1
191,低,5633,诋,1
192,住,158,伍,1
192,住,1781,往,1
192,住,5654,诠,1
193,佐,120,仇,1
193,佐,194,佑,1
194,佑,186,伽,1
194,佑,229,侑,1
194,佑,3014,沽,1
195,体,3278,漆,1
195,体,3650,珲,1
195,体,4036,砗,1
195,体,4462,纨,1
195,体,7054,鸺,1
196,何,158,伍,1
196,何,216,佴,1
196,何,689,后,1
196,何,3009,河,1
196,何,3809,疴,1
198,佘,1224,奈,1
199,余,168,伞,1
199,余,1403,守,1
199,余,1422,室,1
199,余,2052,手,1
199,余,2563,条,1
199,余,2945,氽,1
199,余,4436,系,1
201,佛,146,仲,1
201,佛,211,佩,1
201,佛,3010,沸,1
202,作,162,休,1
202,作,174,伦,1
202,作,210,佧,1
202,作,213,佯,1
202,作,335,像,1
202,作,758,咋,1
205,佟,4492,终,1
206,你,145,仰,1
206,你,207,佣,1
206,你,288,倞,1
206,你,323,傈,1
206,你,2843,欣,1
206,你,3005,沭,1
206,你,4162,禄,1
206,你,6789,饮,1
207,佣,188,佃,1
207,佣,1904,悃,1
207,佣,3744,甪,1
207,佣,4490,细,1
208,佤,203,佝,1
208,佤,214,佰,1
210,佧,160,伏,1
211,佩,145,仰,1
211,佩,207,佣,1
211,佩,278,倌,1
212,佬,170,传,1
212,佬,215,佳,1
212,佬,276,俺,1
212,佬,319,偾,1
213,佯,259,保,1
213,佯,296,倬,1
213,佯,3041,泮,1
213,佯,4149,祥,1
213,佯,4494,绊,1
213,佯,5660,详,1
214,佰,192,住,1
214,佰,266,俩,1
214,佰,303,倾,1
214,佰,2131,拚,1
215,佳,170,传,1
215,佳,192,住,1
215,佳,223,侄,1
215,佳,234,侠,1
215,佳,235,侣,1
215,佳,291,倥,1
215,佳,1089,垡,1
215,佳,1781,往,1
215,佳,3083,洼,1
215,佳,5644,诖,1
216,佴,217,佶,1
217,佶,186,伽,1
217,佶,193,佐,1
218,佻,220,佾,1
219,佼,241,侪,1
219,佼,4513,绞,1
220,佾,228,侏,1
220,佾,317,偷,1
221,使,195,体,1
221,使,5685,谀,1
222,侃,150,价,1
222,侃,225,侉,1
223,侄,190,位,1
223,侄,192,住,1
223,侄,4475,纶,1
223,侄,5644,诖,1
223,侄,6615,隹,1
224,侈,128,仔,1
224,侈,190,位,1
224,侈,253,俐,1
224,侈,654,叟,1
224,侈,4197,移,1
224,侈,6807,馁,1
225,侉,229,侑,1
226,例,238,侧,1
226,例,281,倒,1
226,例,2423,旬,1
227,侍,215,佳,1
227,侍,256,俘,1
227,侍,286,倚,1
227,侍,1458,寺,1
227,侍,1697,庤,1
228,侏,149,件,1
228,侏,222,侃,1
228,侏,2664,桀,1
229,侑,216,佴,1
229,侑,252,俏,1
230,侔,242,侬,1
231,侗,184,伺,1
231,侗,3067,洞,1
231,侗,3381,炯,1
232,供,3072,洪,1
233,依,190,位,1
234,侠,195,体,1
234,侠,3087,浃,1
234,侠,3552,狭,1
234,侠,4068,硖,1
234,侠,6583,陕,1
235,侣,214,佰,1
235,侣,4814,脶,1
235,侣,5637,诏,1
235,侣,6615,隹,1
237,侦,3091,浈,1
238,侧,133,仙,1
238,侧,253,俐,1
238,侧,509,劁,1
239,侨,136,仟,1
239,侨,219,佼,1
239,侨,229,侑,1
239,侨,2173,挤,1
240,侩,190,位,1
240,侩,255,俗,1
240,侩,373,公,1
240,侩,2864,歪,1
240,侩,4507,绘,1
241,侪,218,佻,1
241,侪,810,哜,1
241,侪,2173,挤,1
242,侬,219,佼,1
243,侮,3118,海,1
243,侮,5671,诲,1
244,侯,261,俟,1
244,侯,263,俣,1
244,侯,288,倞,1
244,侯,2412,族,1
244,侯,3815,疾,1
245,侵,219,佼,1
245,侵,254,俑,1
245,侵,1778,役,1
245,侵,3119,浸,1
246,便,244,侯,1
246,便,2045,扁,1
246,便,3135,涟,1
247,促,118,仅,1
247,促,187,伾,1
247,促,190,位,1
247,促,221,使,1
247,促,235,侣,1
248,俄,6805,饿,1
250,俊,255,俗,1
250,俊,319,偾,1
250,俊,829,唆,1
250,俊,1913,悛,1
250,俊,3109,浡,1
250,俊,4513,绞,1
251,俎,3535,狃,1
251,俎,4488,组,1
252,俏,4761,背,1
252,俏,5461,衍,1
252,俏,5667,诮,1
253,俐,226,例,1
253,俐,281,倒,1
254,俑,3747,甭,1
255,俗,152,份,1
255,俗,224,侈,1
255,俗,240,侩,1
255,俗,332,傺,1
255,俗,3117,浴,1
255,俗,4519,绤,1
255,俗,5653,诟,1
256,俘,128,仔,1
256,俘,306,偈,1
259,保,228,侏,1
259,保,332,傺,1
259,保,6806,馀,1
260,俞,199,余,1
260,俞,7167,齑,1
261,俟,200,佚,1
261,俟,237,侦,1
261,俟,244,侯,1
262,信,153,仿,1
262,信,190,位,1
262,信,240,侩,1
262,信,845,售,1
262,信,1967,愔,1
262,信,4507,绘,1
263,俣,285,候,1
264,俦,230,侔,1
265,俨,156,伊,1
266,俩,26,两,1
266,俩,3062,洒,1
266,俩,4551,缅,1
266,俩,5745,豚,1
268,俭,34,丰,1
268,俭,182,伶,1
268,俭,190,位,1
268,俭,262,信,1
268,俭,282,倓,1
268,俭,504,剪,1
268,俭,2154,拾,1
268,俭,3146,涫,1
268,俭,6591,险,1
269,修,124,仍,1
269,修,280,倏,1
269,修,4479,纺,1
271,俱,257,俚,1
271,俱,1981,慎,1
271,俱,3157,淇,1
271,俱,3668,琪,1
272,俳,218,佻,1
273,俵,187,伾,1
274,俶,227,侍,1
274,俶,273,俵,1
276,俺,212,佬,1
276,俺,3177,淹,1
276,俺,4533,绳,1
278,倌,2760,楦,1
278,倌,3672,琯,1
278,倌,4544,绾,1
279,倍,236,侥,1
279,倍,256,俘,1
279,倍,324,傍,1
279,倍,4504,绔,1
279,倍,6615,隹,1
281,倒,238,侧,1
281,倒,488,剅,1
281,倒,1804,徵,1
281,倒,5606,训,1
282,倓,173,伥,1
282,倓,261,俟,1
282,倓,274,俶,1
282,倓,1916,悠,1
283,倔,180,伲,1
284,倘,286,倚,1
284,倘,328,储,1
284,倘,4426,糖,1
285,候,263,俣,1
285,候,280,倏,1
285,候,1791,後,1
285,候,2354,攸,1
286,倚,159,伎,1
286,倚,1127,埼,1
286,倚,3574,猗,1
286,倚,3666,琦,1
288,倞,282,倓,1
289,借,223,侄,1
289,借,229,侑,1
289,借,252,俏,1
289,借,307,偌,1
289,借,626,厝,1
289,借,1940,惜,1
290,倡,235,侣,1
290,倡,4493,绉,1
291,倥,182,伶,1
292,倦,137,仡,1
292,倦,3200,港,1
293,倨,180,伲,1
294,倩,275,俸,1
294,倩,300,债,1
295,倪,320,偿,1
295,倪,6789,饮,1
296,倬,204,佞,1
297,倭,318,偻,1
297,倭,5684,诿,1
299,倴,288,倞,1
300,债,215,佳,1
300,债,294,倩,1
300,债,3183,渍,1
300,债,4524,绩,1
300,债,5767,责,1
301,倻,299,倴,1
302,值,178,伯,1
302,值,3426,焦,1
302,值,3937,盾,1
302,值,4534,维,1
303,倾,311,做,1
303,倾,3403,烦,1
303,倾,4067,硕,1
303,倾,6724,颀,1
303,倾,6726,颂,1
303,倾,6741,颓,1
305,假,303,倾,1
305,假,5464,衙,1
306,偈,287,倜,1
307,偌,289,借,1
308,偎,235,侣,1
308,偎,298,倮,1
308,偎,1787,很,1
309,偏,1955,惴,1
309,偏,4566,编,1
310,偕,284,倘,1
311,做,331,傲,1
311,做,347,儆,1
311,做,2354,攸,1
311,做,3077,洳,1
311,做,3896,皈,1
312,停,256,俘,1
312,停,324,傍,1
312,停,825,哼,1
312,停,4504,绔,1
313,健,2913,毽,1
313,健,4489,绅,1
314,偬,315,偲,1
314,偬,1836,忽,1
314,偬,5292,虑,1
315,偲,180,伲,1
316,偶,257,俚,1
316,偶,290,倡,1
316,偶,321,傀,1
316,偶,1531,岛,1
316,偶,1916,悠,1
316,偶,6599,隅,1
317,偷,3211,湔,1
317,偷,5705,谕,1
320,偿,295,倪,1
320,偿,326,傥,1
320,偿,336,僖,1
320,偿,4594,缳,1
320,偿,6428,锩,1
321,傀,277,俾,1
321,傀,1833,念,1
321,傀,1975,愧,1
322,傅,221,使,1
322,傅,227,侍,1
322,傅,590,博,1
322,傅,3236,溥,1
323,傈,3238,溧,1
324,傍,227,侍,1
324,傍,244,侯,1
325,傣,4568,缘,1
326,傥,327,傧,1
326,傥,2448,昝,1
328,储,1941,惝,1
328,储,2800,槠,1
328,储,4040,砝,1
329,傩,3272,滩,1
329,傩,4085,碓,1
330,催,190,位,1
331,傲,6558,阪,1
333,傻,219,佼,1
333,傻,277,俾,1
333,傻,345,僵,1
333,傻,631,厦,1
333,傻,3215,湜,1
333,傻,6815,馊,1
335,像,288,倞,1
335,像,312,停,1
335,像,2823,橡,1
337,僚,2320,撩,1
339,僧,33,中,1
339,僧,278,倌,1
339,僧,4590,缯,1
340,僬,273,俵,1
340,僬,4225,穰,1
342,僮,257,俚,1
344,僳,335,像,1
344,僳,3238,溧,1
345,僵,268,俭,1
350,儒,987,嚅,1
351,儡,1082,垒,1
352,儿,125,从,1
352,儿,1808,心,1
353,兀,94,亢,1
354,允,94,亢,1
354,允,112,亿,1
354,允,144,们,1
354,允,357,充,1
354,允,359,先,1
354,允,399,冗,1
354,允,4226,穴,1
354,允,6032,运,1
355,元,357,充,1
355,元,1206,天,1
355,元,6021,辶,1
355,元,6040,远,1
356,兄,360,光,1
356,兄,1485,尺,1
356,兄,2922,气,1
356,兄,5554,见,1
356,兄,5852,足,1
357,充,355,元,1
357,充,366,兖,1
357,充,1414,宛,1
357,充,1821,忘,1
358,兆,410,冰,1
358,兆,1526,岖,1
359,先,356,兄,1
359,先,360,光,1
359,先,1213,失,1
359,先,1476,尢,1
359,先,1535,岩,1
359,先,2886,殳,1
359,先,2923,氕,1
359,先,4010,矢,1
360,光,94,亢,1
360,光,356,兄,1
360,光,359,先,1
360,光,521,劣,1
360,光,730,呒,1
360,光,1535,岩,1
360,光,3386,点,1
361,克,363,兑,1
362,免,356,兄,1
362,免,6274,钆,1
362,免,7184,龟,1
363,兑,362,免,1
363,兑,1475,尝,1
363,兑,1869,总,1
363,兑,4464,纪,1
363,兑,5289,虎,1
364,兔,357,充,1
364,兔,363,兑,1
364,兔,606,危,1
364,兔,1418,宠,1
364,兔,6921,鬼,1
365,兕,763,咒,1
367,党,3110,浣,1
367,党,3120,浼,1
367,党,4264,竞,1
367,党,5289,虎,1
367,党,5560,览,1
367,党,6652,霓,1
369,兢,3676,琵,1
369,兢,4017,短,1
369,兢,6360,铣,1
369,兢,6685,鞋,1
370,入,3525,犭,1
371,全,65,乞,1
371,全,134,仝,1
371,全,139,令,1
371,全,456,刍,1
371,全,2922,气,1
371,全,4308,筌,1
371,全,5048,荃,1
372,八,111,亻,1
372,八,370,入,1
372,八,448,刀,1
373,公,49,么,1
373,公,374,六,1
373,公,452,分,1
373,公,1672,幺,1
373,公,3723,瓦,1
373,公,5738,谷,1
374,六,123,介,1
374,六,1485,尺,1
374,六,1619,己,1
374,六,2840,欠,1
374,六,4226,穴,1
376,兰,4231,空,1
376,兰,4453,纟,1
376,兰,5740,豆,1
377,共,28,丧,1
377,共,636,去,1
377,共,4934,艺,1
378,关,41,主,1
378,关,716,吴,1
378,关,2926,氙,1
378,关,4010,矢,1
378,关,4283,笑,1
378,关,4626,美,1
378,关,5468,衤,1
379,兴,83,云,1
379,兴,140,以,1
379,兴,380,兵,1
380,兵,57,乒,1
380,兵,3948,真,1
381,其,2613,某,1
382,具,15,且,1
382,具,592,卞,1
382,具,1211,央,1
382,具,3948,真,1
383,典,359,先,1
384,兹,4456,红,1
385,养,4625,羌,1
385,养,6188,鄯,1
385,养,6643,霁,1
385,养,6663,青,1
386,兼,4179,秉,1
386,兼,4740,肩,1
387,兽,542,募,1
387,兽,886,善,1
387,兽,6940,鲁,1
388,冀,4409,粪,1
388,冀,7121,黉,1
390,冂,656,口,1
390,冂,999,囗,1
390,冂,6504,门,1
391,内,1758,归,1
391,内,2969,汭,1
391,内,6506,闪,1
392,冈,391,内,1
392,冈,1001,四,1
392,冈,1003,回,1
392,冈,3742,用,1
394,册,577,卅,1
394,册,583,协,1
394,册,4756,胁,1
395,再,627,原,1
395,再,5981,载,1
396,冒,2444,易,1
396,冒,2449,星,1
396,冒,2460,昼,1
397,冕,405,冤,1
397,冕,5561,觉,1
398,冖,3354,灬,1
399,冗,144,们,1
399,冗,353,兀,1
399,冗,695,吕,1
399,冗,5554,见,1
400,写,401,军,1
400,写,697,吗,1
400,写,2708,械,1
400,写,3032,泞,1
400,写,7029,鸟,1
401,军,400,写,1
401,军,1669,年,1
401,军,2471,晕,1
401,军,3500,牟,1
401,军,3502,牢,1
401,军,4606,罕,1
402,农,1241,奴,1
402,农,1787,很,1
402,农,3904,皮,1
402,农,6802,饻,1
405,冤,366,兖,1
405,冤,1813,忌,1
405,冤,1857,思,1
406,冥,382,具,1
407,冫,5594,讠,1
409,冯,52,乌,1
409,冯,1403,守,1
409,冯,7029,鸟,1
410,冰,761,咏,1
410,冰,1259,妙,1
410,冰,2991,沙,1
411,冱,521,劣,1
413,决,670,史,1
413,决,3035,波,1
414,况,355,元,1
414,况,418,冼,1
414,况,2841,次,1
414,况,3081,洺,1
414,况,5629,识,1
415,冶,684,合,1
415,冶,1133,堉,1
415,冶,2984,沉,1
415,冶,3066,洛,1
415,冶,3082,活,1
416,冷,122,今,1
416,冷,139,令,1
416,冷,624,厘,1
416,冷,3030,泛,1
416,冷,5800,资,1
417,冻,409,冯,1
417,冻,2136,拣,1
417,冻,3050,泺,1
418,冼,1186,壮,1
418,冼,5655,诡,1
419,冽,774,咧,1
420,净,77,争,1
420,净,3188,渖,1
420,净,3502,牢,1
420,净,3964,睁,1
421,凄,3227,溇,1
421,凄,6088,逮,1
422,准,414,况,1
422,准,1804,徵,1
422,准,2675,桎,1
422,准,3173,淮,1
422,准,3566,猃,1
422,准,3805,疰,1
422,准,4534,维,1
424,凉,102,京,1
424,凉,409,冯,1
424,凉,417,冻,1
424,凉,1375,字,1
424,凉,3115,浮,1
424,凉,3140,涤,1
424,凉,3153,淀,1
425,凋,854,啁,1
426,凌,428,凑,1
426,凌,1137,堎,1
426,凌,3105,浚,1
426,凌,3262,滚,1
426,凌,7113,麦,1
427,减,891,喊,1
427,减,2021,成,1
427,减,4476,纷,1
427,减,4550,缄,1
427,减,5643,试,1
427,减,5648,诚,1
429,凛,1720,廪,1
429,凛,3164,淙,1
429,凛,3175,淳,1
429,凛,3239,溪,1
430,凝,2140,拧,1
430,凝,7178,龊,1
431,几,62,乙,1
431,几,64,九,1
431,几,2950,汇,1
432,凡,370,入,1
432,凡,2900,比,1
433,凤,3743,甩,1
433,凤,4604,网,1
434,凫,1531,岛,1
434,凫,3724,瓮,1
435,凭,348,儇,1
435,凭,2975,汽,1
435,凭,4285,笕,1
436,凯,1590,嵚,1
436,凯,2368,敛,1
436,凯,5299,虮,1
436,凯,5311,蚊,1
436,凯,5331,蚶,1
436,凯,5993,辉,1
436,凯,6786,饫,1
437,凰,1010,园,1
437,凰,1024,圉,1
437,凰,3217,湟,1
437,凰,3433,煌,1
439,凵,635,厶,1
440,凶,571,区,1
440,凶,1514,山,1
440,凶,2860,此,1
441,凸,674,号,1
441,凸,2989,沔,1
443,出,17,世,1
443,出,446,函,1
443,出,2840,欠,1
443,出,3386,点,1
443,出,3490,片,1
443,出,3498,牛,1
443,出,3607,玉,1
443,出,3740,生,1
444,击,2536,未,1
444,击,6702,韦,1
445,凼,2430,时,1
446,函,443,出,1
446,函,1388,孩,1
446,函,3400,烝,1
446,函,3607,玉,1
446,函,3757,画,1
448,刀,46,乃,1
448,刀,390,冂,1
448,刀,601,卩,1
448,刀,2971,汲,1
449,刁,13,丑,1
449,刁,451,刃,1
449,刁,547,勺,1
449,刁,2894,毋,1
451,刃,448,刀,1
452,分,400,写,1
452,分,448,刀,1
452,分,618,历,1
452,分,3487,爿,1
452,分,4272,竹,1
453,切,517,功,1
453,切,605,印,1
453,切,1674,幼,1
453,切,2357,放,1
453,切,6129,邛,1
455,刊,458,刑,1
455,刊,3620,玥,1
456,刍,596,卢,1
456,刍,726,呈,1
458,刑,495,剕,1
459,划,454,刈,1
459,划,473,刮,1
459,划,500,剡,1
459,划,1037,圳,1
459,划,2629,柯,1
460,刖,2525,朋,1
460,刖,4802,脒,1
461,列,462,刘,1
461,列,472,刭,1
462,刘,455,刊,1
462,刘,457,刎,1
462,刘,461,列,1
463,则,459,划,1
464,刚,457,刎,1
465,创,483,刿,1
465,创,488,剅,1
465,创,4454,纠,1
466,初,4132,祁,1
466,初,4147,祠,1
467,删,1900,恻,1
468,判,459,划,1
468,判,490,剌,1
468,判,5299,虮,1
469,刨,440,凶,1
469,刨,551,包,1
470,利,455,刊,1
470,利,461,列,1
470,利,468,判,1
470,利,759,和,1
470,利,6123,邋,1
470,利,6278,钊,1
471,别,460,刖,1
471,别,492,剐,1
471,别,506,割,1
471,别,3485,爻,1
471,别,5853,趴,1
473,刮,470,利,1
473,刮,483,刿,1
473,刮,488,剅,1
474,到,281,倒,1
474,到,455,刊,1
474,到,461,列,1
474,到,481,刻,1
474,到,505,副,1
474,到,4454,纠,1
474,到,4879,致,1
474,到,5610,讲,1
474,到,6278,钊,1
474,到,6305,钧,1
475,刳,1382,孟,1
475,刳,2630,柰,1
476,制,486,剂,1
476,制,509,劁,1
476,制,3155,淅,1
477,刷,623,厕,1
477,刷,847,唰,1
478,券,610,卷,1
478,券,1474,尜,1
478,券,2451,春,1
478,券,4409,粪,1
480,刺,468,判,1
480,刺,470,利,1
480,刺,503,剩,1
480,刺,2542,朴,1
480,刺,5368,蜊,1
481,刻,488,剅,1
481,刻,1747,弧,1
482,刽,465,创,1
482,刽,475,刳,1
482,刽,493,剑,1
485,剁,470,利,1
485,剁,490,剌,1
485,剁,6835,驯,1
486,剂,462,刘,1
486,剂,496,剖,1
487,剃,457,刎,1
487,剃,476,制,1
489,削,460,刖,1
489,削,492,剐,1
489,削,1002,囝,1
489,削,5143,萌,1
490,剌,4680,耖,1
491,前,473,刮,1
491,前,489,削,1
491,前,4435,糸,1
491,前,4745,肯,1
493,剑,473,刮,1
493,剑,613,卻,1
493,剑,6278,钊,1
494,剔,492,剐,1
494,剔,500,剡,1
495,剕,1319,婀,1
496,剖,481,刻,1
496,剖,506,割,1
496,剖,6171,部,1
496,剖,6290,钘,1
498,剞,5086,莉,1
501,剥,2079,承,1
502,剧,477,刷,1
503,剩,476,制,1
503,剩,490,剌,1
504,剪,534,勇,1
505,副,474,到,1
505,副,486,剂,1
506,割,473,刮,1
508,剿,487,剃,1
508,剿,506,割,1
510,劂,505,副,1
514,力,1468,少,1
515,劝,517,功,1
515,劝,1267,妫,1
515,劝,1674,幼,1
516,办,514,力,1
516,办,2057,扒,1
517,功,677,叻,1
517,功,2356,攻,1
519,务,682,各,1
519,务,3482,爷,1
520,劢,2872,殆,1
521,劣,360,光,1
521,劣,659,另,1
521,劣,2444,易,1
522,动,517,功,1
523,助,729,呐,1
524,努,521,劣,1
524,努,532,势,1
524,努,1386,孥,1
524,努,1635,帑,1
525,劫,453,切,1
525,劫,1628,布,1
525,劫,2633,柴,1
528,励,4052,砷,1
528,励,6123,邋,1
530,劳,1212,夯,1
530,劳,1379,孛,1
530,劳,3133,涝,1
530,劳,4969,芴,1
530,劳,4978,苇,1
530,劳,5026,茕,1
531,劾,481,刻,1
532,势,5589,誓,1
533,勃,5960,轨,1
533,勃,7061,鹁,1
534,勇,1450,寡,1
536,勋,535,勉,1
538,勐,4780,胬,1
539,勒,537,勍,1
539,勒,541,勘,1
541,勘,2850,欺,1
542,募,1661,幕,1
542,募,4364,篡,1
542,募,5099,莫,1
542,募,5104,莴,1
543,勤,529,劲,1
543,勤,540,勖,1
546,勹,390,冂,1
546,勹,547,勺,1
547,勺,546,勹,1
547,勺,550,匀,1
548,勾,123,介,1
548,勾,550,匀,1
548,勾,668,台,1
548,勾,6518,闷,1
549,勿,461,列,1
549,勿,548,勾,1
549,勿,550,匀,1
549,勿,658,句,1
549,勿,2444,易,1
550,匀,40,为,1
550,匀,2418,日,1
550,匀,5596,订,1
550,匀,6509,问,1
551,包,127,仓,1
551,包,6780,饣,1
552,匆,11,与,1
552,匆,548,勾,1
552,匆,549,勿,1
552,匆,658,句,1
552,匆,2423,旬,1
552,匆,3755,甸,1
553,匈,549,勿,1
553,匈,1012,囱,1
553,匈,2423,旬,1
553,匈,2994,沟,1
553,匈,4604,网,1
553,匈,6317,钳,1
556,匐,1022,圆,1
557,匕,45,乂,1
557,匕,439,凵,1
558,化,130,他,1
558,化,138,代,1
558,化,142,仪,1
558,化,147,仳,1
558,化,1034,圮,1
558,化,2900,比,1
558,化,5603,让,1
559,北,358,兆,1
559,北,1063,坨,1
559,北,1186,壮,1
559,北,2055,扎,1
559,北,2559,杜,1
559,北,3074,洮,1
559,北,3499,牝,1
560,匙,5751,豳,1
560,匙,6068,逊,1
560,匙,7126,黔,1
564,匠,6033,近,1
565,匡,572,医,1
565,匡,1614,巨,1
565,匡,3757,画,1
565,匡,6771,飞,1
566,匣,572,医,1
568,匪,570,匹,1
569,匮,6106,遗,1
570,匹,568,匪,1
570,匹,571,区,1
570,匹,1817,忑,1
571,区,129,仕,1
571,区,620,压,1
571,区,1621,巳,1
572,医,565,匡,1
572,医,672,叵,1
572,医,5616,许,1
573,匾,569,匮,1
574,匿,569,匮,1
575,十,31,丫,1
575,十,1667,干,1
575,十,2053,扌,1
576,千,3496,牙,1
578,升,39,丹,1
578,升,3501,牡,1
579,午,6,三,1
579,午,168,伞,1
579,午,1667,干,1
579,午,1669,年,1
579,午,2394,斥,1
580,卉,1943,惠,1
581,半,3498,牛,1
581,半,3500,牟,1
581,半,3502,牢,1
581,半,3740,生,1
581,半,4719,肀,1
581,半,6681,靽,1
582,华,585,卒,1
582,华,2901,毕,1
582,华,3506,牮,1
583,协,2168,挟,1
583,协,3158,淋,1
584,卑,401,军,1
584,卑,586,卓,1
584,卑,4884,舁,1
584,卑,6011,辛,1
584,卑,6553,阜,1
585,卒,582,华,1
585,卒,1408,宓,1
585,卒,1671,幸,1
585,卒,2412,族,1
585,卒,2538,本,1
585,卒,3502,牢,1
585,卒,6011,辛,1
586,卓,6011,辛,1
587,单,586,卓,1
587,单,1403,守,1
587,单,1567,崇,1
587,单,1670,并,1
587,单,2519,曾,1
588,卖,1033,圭,1
588,卖,3368,炎,1
588,卖,5075,荬,1
589,南,3509,牵,1
589,南,3746,甬,1
590,博,6020,辱,1
591,卜,110,人,1
592,卞,94,亢,1
592,卞,1676,广,1
592,卞,4127,示,1
593,卟,669,叱,1
593,卟,764,咔,1
594,占,11,与,1
594,占,596,卢,1
594,占,657,古,1
594,占,688,名,1
594,占,695,吕,1
594,占,1816,忐,1
595,卡,1240,女,1
595,卡,3524,犬,1
595,卡,6503,长,1
596,卢,1187,声,1
597,卣,598,卤,1
599,卦,5597,讣,1
599,卦,6131,邡,1
602,卫,6,三,1
603,卮,130,他,1
604,卯,6145,邸,1
605,印,6022,边,1
606,危,197,佗,1
606,危,4928,良,1
606,危,7183,龛,1
607,即,6143,邵,1
607,即,6157,郎,1
607,即,6167,郡,1
608,却,611,卸,1
608,却,3609,玎,1
609,卵,3620,玥,1
609,卵,4132,祁,1
609,卵,6140,邱,1
609,卵,6156,郊,1
610,卷,4177,秃,1
611,卸,605,印,1
611,卸,5443,蟹,1
614,卿,4707,聊,1
615,厂,44,丿,1
616,厄,127,仓,1
616,厄,562,匜,1
616,厄,1677,庀,1
617,厅,618,历,1
617,厅,624,厘,1
618,历,6123,邋,1
619,厉,124,仍,1
619,厉,179,估,1
620,压,570,匹,1
620,压,689,后,1
620,压,1808,心,1
620,压,3607,玉,1
620,压,3608,王,1
620,压,3723,瓦,1
620,压,5058,荙,1
621,厌,1679,庆,1
622,厍,627,原,1
624,厘,566,匣,1
624,厘,625,厚,1
624,厘,1718,廛,1
624,厘,3122,涅,1
625,厚,101,享,1
625,厚,1084,垕,1
625,厚,1933,惇,1
626,厝,289,借,1
627,原,1470,尕,1
627,原,3046,泵,1
627,原,3230,源,1
627,原,3924,盘,1
628,厢,42,丽,1
628,厢,1463,射,1
631,厦,379,兴,1
631,厦,2047,扅,1
631,厦,4873,臣,1
633,厩,6722,顾,1
635,厶,668,台,1
636,去,83,云,1
636,去,2057,扒,1
636,去,3607,玉,1
636,去,6503,长,1
638,县,4971,芸,1
639,叁,1436,宾,1
640,参,375,兮,1
640,参,2395,斧,1
640,参,4128,礻,1
640,参,4669,考,1
641,又,50,义,1
641,又,1209,夬,1
642,叉,1191,夂,1
643,及,46,乃,1
643,及,646,反,1
643,及,1380,孜,1
643,及,1486,尻,1
643,及,2356,攻,1
643,及,2920,民,1
643,及,2962,江,1
643,及,2971,汲,1
643,及,3355,灭,1
643,及,3689,瑟,1
644,友,95,交,1
644,友,646,反,1
644,友,1612,左,1
644,友,2523,有,1
644,友,3904,皮,1
644,友,4967,花,1
644,友,5836,走,1
645,双,676,叹,1
645,双,1241,奴,1
645,双,1288,姣,1
645,双,4674,而,1
646,反,142,仪,1
646,反,433,凤,1
646,反,1240,女,1
646,反,2394,斥,1
646,反,2865,歹,1
646,反,3003,沪,1
647,发,95,交,1
647,发,1518,岁,1
648,叔,652,叙,1
648,叔,1241,奴,1
648,叔,2367,教,1
648,叔,6038,这,1
649,取,648,叔,1
649,取,4709,职,1
650,受,1194,复,1
650,受,3382,炱,1
650,受,4011,矣,1
651,变,95,交,1
651,变,246,便,1
651,变,1195,夏,1
651,变,1200,多,1
651,变,1302,娈,1
651,变,5892,踅,1
652,叙,648,叔,1
652,叙,1241,奴,1
652,叙,4351,箱,1
652,叙,6289,钗,1
653,叛,3491,版,1
653,叛,5818,赘,1
654,叟,3242,溲,1
655,叠,4268,童,1
656,口,7,上,1
656,口,390,冂,1
656,口,1483,尸,1
656,口,1611,工,1
656,口,2512,曰,1
657,古,4,万,1
657,古,2562,杠,1
657,古,3891,百,1
658,句,692,向,1
658,句,1197,夕,1
658,句,3890,白,1
659,另,674,号,1
659,另,3754,男,1
659,另,4228,穷,1
660,叨,661,叩,1
660,叨,718,吸,1
660,叨,735,呗,1
661,叩,660,叨,1
661,叩,677,叻,1
662,只,31,丫,1
662,只,356,兄,1
662,只,1776,彳,1
662,只,3386,点,1
662,只,5762,贝,1
663,叫,673,叶,1
663,叫,3022,泌,1
663,叫,3628,玳,1
664,召,695,吕,1
664,召,1738,弓,1
664,召,2920,民,1
664,召,3891,百,1
665,叭,140,以,1
665,叭,660,叨,1
665,叭,679,叽,1
665,叭,3354,灬,1
666,叮,661,叩,1
666,叮,678,叼,1
666,叮,3930,盯,1
667,可,658,句,1
667,可,675,司,1
667,可,4696,耳,1
668,台,94,亢,1
668,台,456,刍,1
668,台,684,合,1
668,台,4889,舌,1
668,台,4957,芦,1
669,叱,410,冰,1
669,叱,661,叩,1
670,史,5762,贝,1
671,右,668,台,1
671,右,1029,在,1
671,右,1376,存,1
671,右,2975,汽,1
672,叵,570,匹,1
673,叶,663,叫,1
674,号,4230,穹,1
674,号,4453,纟,1
674,号,5738,谷,1
674,号,6853,骂,1
675,司,449,刁,1
675,司,1739,引,1
675,司,2423,旬,1
675,司,6507,闫,1
676,叹,142,仪,1
676,叹,1241,奴,1
676,叹,2356,攻,1
676,叹,3762,畋,1
676,叹,4478,纹,1
677,叻,693,吒,1
678,叼,677,叻,1
678,叼,720,吻,1
678,叼,747,呵,1
678,叼,1615,巩,1
678,叼,2512,曰,1
679,叽,703,吡,1
680,吁,1030,圩,1
680,吁,1520,岈,1
680,吁,1613,巧,1
680,吁,2427,旰,1
681,吃,738,呛,1
681,吃,771,咣,1
681,吃,772,咤,1
681,吃,795,哈,1
681,吃,1031,圪,1
682,各,688,名,1
682,各,689,后,1
682,各,3482,爷,1
683,吆,717,吵,1
683,吆,3953,眩,1
683,吆,5676,请,1
684,合,122,今,1
684,合,134,仝,1
684,合,209,佥,1
684,合,689,后,1
684,合,705,否,1
684,合,709,含,1
684,合,727,告,1
684,合,2922,气,1
684,合,4436,系,1
684,合,4890,舍,1
685,吉,671,右,1
685,吉,722,吾,1
685,吉,1738,弓,1
685,吉,1759,当,1
686,吊,1626,币,1
686,吊,2436,昂,1
687,同,675,司,1
687,同,1003,回,1
687,同,5635,词,1
687,同,6509,问,1
687,同,6515,间,1
688,名,52,乌,1
688,名,519,务,1
688,名,695,吕,1
688,名,5752,豸,1
689,后,57,乒,1
689,后,124,仍,1
689,后,177,伫,1
689,后,684,合,1
689,后,692,向,1
689,后,790,品,1
689,后,5772,质,1
691,吐,669,叱,1
691,吐,2433,旺,1
691,吐,4730,肚,1
692,向,135,仞,1
692,向,144,们,1
692,向,203,佝,1
692,向,1004,囟,1
692,向,3373,炙,1
692,向,4674,而,1
693,吒,696,吖,1
695,吕,662,只,1
695,吕,664,召,1
695,吕,726,呈,1
695,吕,2441,昌,1
695,吕,6832,马,1
696,吖,440,凶,1
696,吖,728,呋,1
696,吖,776,咩,1
696,吖,810,哜,1
697,吗,409,冯,1
697,吗,739,呜,1
697,吗,835,唔,1
697,吗,1252,妈,1
697,吗,2430,时,1
697,吗,2567,杩,1
698,君,722,吾,1
698,君,5001,若,1
698,君,6253,里,1
699,吝,700,吞,1
699,吝,5738,谷,1
699,吝,7166,齐,1
700,吞,478,券,1
700,吞,699,吝,1
700,吞,1491,局,1
700,吞,2451,春,1
701,吟,416,冷,1
701,吟,681,吃,1
701,吟,808,哙,1
703,吡,735,呗,1
704,吣,678,叼,1
704,吣,715,吲,1
705,否,14,专,1
705,否,700,吞,1
705,否,722,吾,1
705,否,2554,杏,1
706,吧,1036,地,1
707,吨,3753,电,1
707,吨,4742,肫,1
709,含,4990,苕,1
709,含,5774,贪,1
709,含,7183,龛,1
710,听,31,丫,1
710,听,559,北,1
710,听,663,叫,1
710,听,665,叭,1
710,听,680,吁,1
710,听,717,吵,1
710,听,2044,所,1
711,吭,730,呒,1
712,吮,815,哦,1
713,启,378,关,1
713,启,415,冶,1
713,启,3382,炱,1
714,吱,765,咕,1
714,吱,779,咬,1
714,吱,804,哓,1
714,吱,920,嗖,1
715,吲,751,呻,1
715,吲,755,咂,1
715,吲,854,啁,1
715,吲,3005,沭,1
716,吴,96,亥,1
716,吴,726,呈,1
716,吴,1093,垦,1
716,吴,1221,奂,1
716,吴,4878,至,1
717,吵,517,功,1
717,吵,678,叼,1
717,吵,793,哆,1
717,吵,3369,炒,1
717,吵,3940,眇,1
718,吸,811,哝,1
718,吸,875,啵,1
718,吸,2358,政,1
718,吸,6788,饭,1
719,吹,694,吓,1
719,吹,811,哝,1
720,吻,1044,均,1
720,吻,2965,汤,1
721,吼,761,咏,1
721,吼,2903,毗,1
722,吾,27,严,1
722,吾,700,吞,1
722,吾,1411,官,1
722,吾,4409,粪,1
722,吾,5957,軎,1
723,呀,752,呼,1
723,呀,1071,坷,1
723,呀,2431,旷,1
723,呀,4032,砑,1
723,呀,5614,讶,1
724,呃,703,吡,1
725,呆,686,吊,1
725,呆,1405,宋,1
725,呆,1669,年,1
725,呆,2052,手,1
725,呆,5145,萎,1
725,呆,5305,虽,1
725,呆,6250,采,1
726,呈,716,吴,1
726,呈,3895,皇,1
726,呈,4284,笔,1
726,呈,4878,至,1
726,呈,6253,里,1
726,呈,6273,钅,1
727,告,25,丢,1
727,告,444,击,1
727,告,2445,昔,1
727,告,3916,盎,1
727,告,5002,苦,1
727,告,6710,音,1
728,呋,730,呒,1
729,呐,752,呼,1
730,呒,731,呓,1
731,呓,681,吃,1
731,呓,732,呔,1
731,呓,771,咣,1
732,呔,702,吠,1
732,呔,734,呖,1
733,呕,784,咴,1
733,呕,2997,沤,1
734,呖,724,呃,1
735,呗,737,呙,1
736,员,5765,贡,1
736,员,5794,贾,1
736,员,6713,页,1
737,呙,19,丙,1
737,呙,686,吊,1
737,呙,704,吣,1
738,呛,126,仑,1
739,呜,697,吗,1
739,呜,1057,坞,1
740,呢,869,啪,1
740,呢,2458,昵,1
740,呢,3037,泥,1
741,呤,701,吟,1
741,呤,768,咚,1
741,呤,808,哙,1
742,呦,770,咝,1
743,周,687,同,1
743,周,1013,围,1
743,周,1016,固,1
743,周,4605,罔,1
743,周,4724,肉,1
743,周,6507,闫,1
743,周,6536,阉,1
743,周,6548,阖,1
744,呱,741,呤,1
744,呱,4762,胍,1
745,呲,771,咣,1
746,味,777,咪,1
746,味,909,喽,1
746,味,1271,妹,1
746,味,3004,沫,1
747,呵,666,叮,1
747,呵,667,可,1
747,呵,710,听,1
747,呵,723,呀,1
747,呵,750,呸,1
747,呵,2433,旺,1
747,呵,2527,朐,1
747,呵,3009,河,1
747,呵,3472,燹,1
747,呵,4642,羽,1
748,呶,742,呦,1
749,呷,744,呱,1
750,呸,16,丕,1
750,呸,694,吓,1
750,呸,794,哇,1
751,呻,673,叶,1
752,呼,680,吁,1
752,呼,758,咋,1
752,呼,3618,玡,1
753,命,260,俞,1
753,命,3482,爷,1
753,命,6139,邰,1
754,咀,735,呗,1
754,咀,818,哩,1
754,咀,3544,狙,1
755,咂,595,卡,1
755,咂,791,哂,1
756,咄,745,呲,1
756,咄,748,呶,1
757,咆,706,吧,1
758,咋,202,作,1
758,咋,710,听,1
758,咋,846,唯,1
759,和,470,利,1
759,和,4181,种,1
759,和,4183,秒,1
760,咎,2448,昝,1
761,咏,1553,峡,1
763,咒,712,吮,1
763,咒,5560,览,1
764,咔,749,呷,1
765,咕,691,吐,1
765,咕,750,呸,1
765,咕,3055,洁,1
765,咕,5334,蛄,1
766,咖,677,叻,1
766,咖,3634,珈,1
767,咙,724,呃,1
767,咙,3640,珑,1
768,咚,769,咛,1
769,咛,749,呷,1
769,咛,756,咄,1
769,咛,3032,泞,1
770,咝,801,哐,1
770,咝,6102,遐,1
771,咣,702,吠,1
771,咣,728,呋,1
771,咣,806,哕,1
771,咣,4784,胱,1
772,咤,811,哝,1
772,咤,840,唣,1
772,咤,5661,诧,1
773,咦,804,哓,1
775,咨,3117,浴,1
775,咨,4753,肾,1
776,咩,752,呼,1
776,咩,772,咤,1
776,咩,5345,蛘,1
777,咪,786,咻,1
777,咪,4174,禾,1
779,咬,714,吱,1
779,咬,750,呸,1
779,咬,829,唆,1
779,咬,860,啐,1
779,咬,4112,磙,1
779,咬,5349,蛟,1
780,咭,791,哂,1
780,咭,835,唔,1
780,咭,1137,堎,1
781,咯,775,咨,1
781,咯,835,唔,1
782,咱,758,咋,1
782,咱,798,响,1
782,咱,817,哨,1
783,咳,771,咣,1
783,咳,841,唤,1
784,咴,803,哒,1
785,咸,796,哉,1
785,咸,1296,威,1
786,咻,788,咿,1
786,咻,3158,淋,1
786,咻,3529,状,1
787,咽,854,啁,1
788,咿,797,哌,1
789,哀,5474,衮,1
789,哀,5477,衷,1
789,哀,5509,裒,1
790,品,2486,晶,1
791,哂,784,咴,1
791,哂,798,响,1
792,哄,683,吆,1
792,哄,799,哎,1
792,哄,3396,烘,1
793,哆,813,哟,1
793,哆,867,啦,1
794,哇,714,吱,1
794,哇,835,唔,1
794,哇,1553,峡,1
794,哇,5346,蛙,1
794,哇,5644,诖,1
795,哈,681,吃,1
795,哈,780,咭,1
795,哈,837,唝,1
795,哈,3777,畸,1
796,哉,2016,戋,1
796,哉,2027,战,1
796,哉,2035,截,1
796,哉,5981,载,1
797,哌,744,呱,1
797,哌,808,哙,1
798,响,517,功,1
798,响,734,呖,1
798,响,1534,岣,1
798,响,4735,肠,1
798,响,6798,饷,1
799,哎,4054,砹,1
799,哎,5324,蚪,1
800,哏,3766,畔,1
801,哐,765,咕,1
801,哐,802,哑,1
802,哑,411,冱,1
802,哑,750,呸,1
802,哑,791,哂,1
803,哒,773,咦,1
804,哓,805,哔,1
804,哓,2469,晓,1
805,哔,749,呷,1
806,哕,771,咣,1
806,哕,786,咻,1
807,哗,582,华,1
807,哗,752,呼,1
807,哗,834,唑,1
807,哗,2470,晔,1
807,哗,4894,舛,1
808,哙,240,侩,1
808,哙,701,吟,1
808,哙,809,哚,1
808,哙,3095,浍,1
809,哚,810,哜,1
810,哜,776,咩,1
810,哜,781,咯,1
811,哝,800,哏,1
812,哞,751,呻,1
812,哞,807,哗,1
812,哞,809,哚,1
812,哞,836,唛,1
812,哞,860,啐,1
812,哞,3960,眸,1
813,哟,718,吸,1
813,哟,4460,约,1
814,哥,54,乎,1
814,哥,1459,寻,1
814,哥,2564,来,1
814,哥,2898,毒,1
815,哦,797,哌,1
816,哧,826,哽,1
817,哨,1561,峭,1
818,哩,754,咀,1
818,哩,757,咆,1
818,哩,876,啶,1
818,哩,920,嗖,1
819,哪,842,唧,1
819,哪,864,啡,1
819,哪,6133,那,1
819,哪,6154,郇,1
820,哭,7,上,1
820,哭,379,兴,1
820,哭,4283,笑,1
821,哮,816,哧,1
821,哮,921,嗜,1
821,哮,5808,赌,1
822,哲,1751,弯,1
822,哲,2490,暂,1
822,哲,3918,盐,1
823,哳,3104,浙,1
824,哺,878,啸,1
824,哺,2477,晡,1
825,哼,409,冯,1
825,哼,828,唁,1
825,哼,970,噔,1
825,哼,1572,崞,1
826,哽,818,哩,1
826,哽,835,唔,1
826,哽,4074,硬,1
828,唁,808,哙,1
828,唁,825,哼,1
828,唁,882,喀,1
828,唁,964,嘻,1
828,唁,4105,磅,1
828,唁,6620,雁,1
829,唆,770,咝,1
829,唆,783,咳,1
829,唆,1105,埃,1
829,唆,1563,峻,1
830,唇,633,厩,1
830,唇,709,含,1
831,唉,730,呒,1
831,唉,829,唆,1
831,唉,841,唤,1
831,唉,862,啖,1
833,唐,1411,官,1
833,唐,1683,序,1
833,唐,1705,康,1
833,唐,1706,庸,1
833,唐,3449,熏,1
834,唑,6584,陛,1
836,唛,816,哧,1
837,唝,839,唢,1
838,唠,893,喏,1
838,唠,917,嗒,1
839,唢,817,哨,1
840,唣,772,咤,1
841,唤,728,呋,1
841,唤,1142,堠,1
841,唤,1417,实,1
841,唤,3901,皖,1
842,唧,749,呷,1
844,唬,948,嘘,1
845,售,255,俗,1
845,售,258,俜,1
845,售,435,凭,1
845,售,3426,焦,1
845,售,4276,笃,1
845,售,6617,隽,1
845,售,6973,鲨,1
845,售,7035,鸥,1
846,唯,192,住,1
846,唯,782,咱,1
846,唯,968,噍,1
846,唯,3972,睢,1
847,唰,819,哪,1
848,唱,697,吗,1
848,唱,739,呜,1
848,唱,2988,沓,1
848,唱,5812,赐,1
848,唱,7033,鸣,1
851,唼,1330,婴,1
852,唾,907,喹,1
852,唾,6594,陲,1
853,唿,934,嗯,1
853,唿,1877,恐,1
855,啃,812,哞,1
855,啃,817,哨,1
855,啃,900,喟,1
855,啃,4745,肯,1
855,啃,4753,肾,1
856,啄,816,哧,1
856,啄,3152,涿,1
856,啄,5681,诼,1
857,商,5510,裔,1
857,商,6902,高,1
858,啉,3674,琳,1
859,啊,847,唰,1
859,啊,1319,婀,1
859,啊,3648,班,1
862,啖,3168,淡,1
864,啡,819,哪,1
864,啡,867,啦,1
865,啤,752,呼,1
865,啤,807,哗,1
865,啤,874,啴,1
865,啤,1119,埠,1
866,啥,752,呼,1
866,啥,828,唁,1
866,啥,831,唉,1
866,啥,3170,淦,1
867,啦,766,咖,1
869,啪,6438,锴,1
872,啮,791,哂,1
872,啮,855,啃,1
872,啮,862,啖,1
872,啮,970,噔,1
872,啮,3766,畔,1
872,啮,7168,齿,1
873,啰,920,嗖,1
873,啰,2745,椤,1
874,啴,776,咩,1
874,啴,974,噜,1
876,啶,3003,沪,1
876,啶,3153,淀,1
878,啸,823,哳,1
878,啸,888,喇,1
879,啻,324,傍,1
880,啼,896,喘,1
880,啼,4564,缔,1
881,啾,3985,瞅,1
881,啾,4180,秋,1
882,喀,772,咤,1
882,喀,781,咯,1
882,喀,835,唔,1
884,喂,800,哏,1
884,喂,872,啮,1
884,喂,934,嗯,1
885,喃,589,南,1
885,喃,5407,蝻,1
886,善,722,吾,1
886,善,5581,言,1
886,善,6829,香,1
890,喉,841,唤,1
890,喉,3815,疾,1
891,喊,854,啁,1
891,喊,4097,碱,1
892,喋,1141,堞,1
892,喋,5697,谍,1
894,喑,828,唁,1
894,喑,850,唷,1
894,喑,2497,暗,1
896,喘,289,借,1
896,喘,832,唏,1
896,喘,848,唱,1
896,喘,872,啮,1
896,喘,922,嗝,1
896,喘,3688,瑞,1
898,喜,542,募,1
898,喜,1190,壹,1
898,喜,4029,砉,1
898,喜,5307,虿,1
898,喜,6940,鲁,1
899,喝,883,喁,1
900,喟,855,啃,1
900,喟,5779,贯,1
901,喤,840,唣,1
901,喤,953,嘡,1
902,喧,795,哈,1
902,喧,866,啥,1
902,喧,2491,暄,1
902,喧,3432,煊,1
903,喱,840,唣,1
904,喳,794,哇,1
904,喳,2626,查,1
904,喳,3194,渣,1
904,喳,3486,爽,1
904,喳,4100,碴,1
906,喷,794,哇,1
906,喷,839,唢,1
908,喻,498,剞,1
908,喻,711,吭,1
910,喾,387,兽,1
911,嗄,826,哽,1
911,嗄,873,啰,1
911,嗄,946,嘎,1
912,嗅,831,唉,1
912,嗅,865,啤,1
912,嗅,928,嗥,1
913,嗉,868,啧,1
913,嗉,945,嘌,1
913,嗉,4444,絷,1
914,嗌,916,嗑,1
915,嗍,939,嗽,1
916,嗑,4111,磕,1
918,嗓,809,哚,1
921,嗜,2485,晴,1
923,嗞,384,兹,1
924,嗟,971,噗,1
925,嗡,1431,宵,1
926,嗣,42,丽,1
927,嗤,777,咪,1
927,嗤,872,啮,1
927,嗤,976,噤,1
929,嗦,816,哧,1
929,嗦,821,哮,1
929,嗦,825,哼,1
929,嗦,4354,篁,1
930,嗨,5897,踔,1
934,嗯,883,喁,1
937,嗵,6078,通,1
939,嗽,881,啾,1
939,嗽,938,嗷,1
939,嗽,3291,漱,1
941,嘀,850,唷,1
941,嘀,3275,滴,1
941,嘀,5930,蹢,1
942,嘁,815,哦,1
943,嘈,967,噌,1
943,嘈,987,嚅,1
944,嘉,4107,磊,1
944,嘉,4650,翕,1
946,嘎,912,嗅,1
946,嘎,955,嘤,1
946,嘎,998,囔,1
948,嘘,4096,碰,1
948,嘘,5701,谑,1
949,嘚,900,喟,1
950,嘛,761,咏,1
950,嘛,2949,汆,1
952,嘟,6189,鄱,1
956,嘧,991,嚓,1
959,嘱,3996,瞩,1
960,嘲,888,喇,1
961,嘴,817,哨,1
961,嘴,889,喈,1
961,嘴,896,喘,1
961,嘴,943,嘈,1
961,嘴,5572,觜,1
963,嘹,862,啖,1
964,嘻,780,咭,1
964,嘻,794,哇,1
964,嘻,828,唁,1
964,嘻,898,喜,1
964,嘻,913,嗉,1
964,嘻,974,噜,1
965,嘿,808,哙,1
965,嘿,818,哩,1
967,噌,923,嗞,1
968,噍,340,僬,1
969,噎,913,嗉,1
969,噎,964,嘻,1
969,噎,990,嚏,1
969,噎,1189,壶,1
973,噙,4173,禽,1
975,噢,912,嗅,1
977,器,820,哭,1
977,器,993,嚣,1
977,器,4619,罴,1
978,噩,569,匮,1
979,噪,1085,垛,1
983,噶,899,喝,1
983,噶,5236,蔼,1
984,噻,913,嗉,1
989,嚎,913,嗉,1
989,嚎,982,噱,1
990,嚏,929,嗦,1
992,嚚,993,嚣,1
993,嚣,1635,帑,1
993,嚣,4365,篢,1
994,嚯,2508,曜,1
995,嚷,980,噫,1
995,嚷,5544,襄,1
996,嚼,880,啼,1
997,囊,998,囔,1
997,囊,2169,挠,1
997,囊,5125,菟,1
998,囔,999,囗,1
999,囗,1002,囝,1
999,囗,2512,曰,1
999,囗,5601,讧,1
1000,囚,1001,四,1
1000,囚,1007,团,1
1000,囚,2895,母,1
1000,囚,6513,闲,1
1001,四,1000,囚,1
1001,四,1814,忍,1
1001,四,1857,思,1
1001,四,2522,月,1
1001,四,3749,田,1
1001,四,3908,皿,1
1002,囝,1007,团,1
1003,回,442,凹,1
1003,回,1062,坦,1
1003,回,2418,日,1
1003,回,2419,旦,1
1003,回,3929,目,1
1004,囟,598,卤,1
1005,因,1000,囚,1
1005,因,1015,囹,1
1005,因,1016,固,1
1005,因,2522,月,1
1006,囡,1014,囵,1
1007,团,3749,田,1
1007,团,5610,讲,1
1007,团,6508,闭,1
1008,囤,1005,因,1
1008,囤,1011,困,1
1008,囤,1014,囵,1
1008,囤,1017,国,1
1008,囤,3749,田,1
1009,囫,1006,囡,1
1009,囫,1015,囹,1
1009,囫,6539,阌,1
1010,园,1002,囝,1
1010,园,1005,因,1
1010,园,1011,困,1
1010,园,1017,国,1
1010,园,1199,夙,1
1010,园,4605,罔,1
1011,困,554,匍,1
1011,困,1013,围,1
1011,困,1016,固,1
1012,囱,598,卤,1
1012,囱,1003,回,1
1012,囱,4875,自,1
1013,围,1017,国,1
1013,围,2420,旧,1
1013,围,4759,胄,1
1013,围,6511,闰,1
1013,围,6512,闱,1
1014,囵,1009,囫,1
1015,囹,1018,图,1
1015,囹,1019,囿,1
1016,固,687,同,1
1016,固,1005,因,1
1016,固,1019,囿,1
1016,固,3929,目,1
1016,固,6521,闺,1
1017,国,1000,囚,1
1017,国,1005,因,1
1017,国,1016,固,1
1017,国,6511,闰,1
1018,图,1015,囹,1
1018,图,1017,国,1
1018,图,1021,圄,1
1018,图,1199,夙,1
1018,图,3929,目,1
1018,图,6526,闿,1
1019,囿,1021,圄,1
1019,囿,1025,圊,1
1019,囿,6046,迥,1
1020,圃,554,匍,1
1020,圃,1017,国,1
1020,圃,1022,圆,1
1020,圃,1023,圈,1
1020,圃,6520,闹,1
1020,圃,6524,闽,1
1021,圄,1025,圊,1
1021,圄,5338,蛊,1
1022,圆,1017,国,1
1022,圆,1025,圊,1
1022,圆,1026,圜,1
1022,圆,2895,母,1
1022,圆,4605,罔,1
1022,圆,6549,阗,1
1023,圈,743,周,1
1023,圈,1022,圆,1
1023,圈,1024,圉,1
1023,圈,1025,圊,1
1024,圉,1026,圜,1
1025,圊,1019,囿,1
1025,圊,1024,圉,1
1025,圊,6548,阖,1
1026,圜,1633,帏,1
1027,土,7,上,1
1027,土,86,五,1
1027,土,3608,王,1
1028,圣,1459,寻,1
1028,圣,4878,至,1
1029,在,129,仕,1
1029,在,151,任,1
1029,在,2559,杜,1
1029,在,3740,生,1
1029,在,4984,苎,1
1031,圪,681,吃,1
1031,圪,2955,汔,1
1031,圪,3030,泛,1
1032,圬,1044,均,1
1032,圬,1045,坊,1
1032,圬,2981,沅,1
1033,圭,1028,圣,1
1033,圭,1126,基,1
1033,圭,4973,芼,1
1034,圮,2560,杞,1
1034,圮,5609,记,1
1034,圮,5624,证,1
1036,地,1145,堪,1
1036,地,3398,烛,1
1038,圹,2065,扩,1
1038,圹,3786,疒,1
1039,场,1124,埸,1
1039,场,2067,扫,1
1039,场,2068,扬,1
1039,场,2566,杨,1
1039,场,2965,汤,1
1039,场,3364,炀,1
1041,圾,2089,投,1
1041,圾,2359,故,1
1041,圾,2360,效,1
1041,圾,5844,超,1
1042,址,1036,地,1
1042,址,1099,垯,1
1042,址,1616,巫,1
1042,址,6021,辶,1
1043,坂,2073,扳,1
1043,坂,3761,畈,1
1043,坂,6788,饭,1
1044,均,1071,坷,1
1044,均,1100,垱,1
1045,坊,1054,坛,1
1045,坊,1102,垴,1
1045,坊,1125,培,1
1045,坊,1613,巧,1
1046,坌,371,全,1
1047,坍,453,切,1
1047,坍,583,协,1
1047,坍,1078,垆,1
1048,坎,1043,坂,1
1048,坎,1044,均,1
1048,坎,1052,块,1
1048,坎,2841,次,1
1049,坏,1065,坪,1
1049,坏,2394,斥,1
1049,坏,5306,虾,1
1050,坐,834,唑,1
1050,坐,1143,堡,1
1050,坐,1472,尘,1
1050,坐,4945,芏,1
1050,坐,6053,迮,1
1051,坑,712,吮,1
1051,坑,1075,垃,1
1052,块,2161,挎,1
1053,坚,1472,尘,1
1054,坛,1493,层,1
1056,坝,1062,坦,1
1057,坞,1110,埒,1
1058,坟,2359,故,1
1058,坟,3071,洨,1
1058,坟,4226,穴,1
1058,坟,5311,蚊,1
1059,坠,1139,堕,1
1059,坠,4273,竺,1
1060,坡,2102,披,1
1061,坤,751,呻,1
1061,坤,1064,坩,1
1061,坤,5327,蚰,1
1062,坦,1091,垣,1
1062,坦,5628,诅,1
1063,坨,1036,地,1
1065,坪,2101,抨,1
1065,坪,2172,挣,1
1065,坪,5627,评,1
1066,坫,1051,坑,1
1066,坫,1063,坨,1
1066,坫,1075,垃,1
1068,坯,1049,坏,1
1069,坳,2128,拗,1
1070,坶,2895,母,1
1071,坷,747,呵,1
1071,坷,6125,邓,1
1071,坷,6669,靠,1
1072,坻,2105,抵,1
1072,坻,2728,棰,1
1073,坼,1047,坍,1
1074,垂,2594,枣,1
1075,垃,1125,培,1
1075,垃,2139,拦,1
1075,垃,4398,粒,1
1076,垄,7182,龚,1
1077,垅,2135,拢,1
1078,垆,2099,护,1
1078,垆,2700,梓,1
1079,型,473,刮,1
1080,垌,2676,桐,1
1081,垍,1091,垣,1
1081,垍,2121,拍,1
1082,垒,726,呈,1
1082,垒,2331,擂,1
1082,垒,4273,竺,1
1083,垓,2659,核,1
1084,垕,215,佳,1
1085,垛,2225,探,1
1086,垞,1063,坨,1
1088,垠,2660,根,1
1089,垡,1143,堡,1
1089,垡,5643,试,1
1090,垢,1055,坜,1
1090,垢,1057,坞,1
1090,垢,1155,塔,1
1090,垢,3632,珀,1
1091,垣,1097,垭,1
1091,垣,2678,桓,1
1091,垣,3080,洹,1
1092,垤,1049,坏,1
1094,垧,798,响,1
1094,垧,1071,坷,1
1096,垫,2178,挫,1
1096,垫,3409,热,1
1096,垫,3534,狂,1
1097,垭,1065,坪,1
1098,垮,5517,裤,1
1099,垯,1101,垲,1
1099,垯,5885,跶,1
1100,垱,2170,挡,1
1100,垱,2295,摇,1
1100,垱,2684,档,1
1101,垲,1519,岂,1
1102,垴,1034,圮,1
1102,垴,1901,恼,1
1104,埂,2701,梗,1
1105,埃,244,侯,1
1105,埃,1086,垞,1
1105,埃,1112,埕,1
1105,埃,1136,堍,1
1105,埃,2176,挨,1
1107,埋,818,哩,1
1107,埋,1068,坯,1
1107,埋,1115,埙,1
1107,埋,1174,墟,1
1107,埋,3122,涅,1
1107,埋,3654,理,1
1107,埋,6238,醚,1
1108,城,796,哉,1
1108,城,1072,坻,1
1108,城,5648,诚,1
1109,埏,1722,延,1
1109,埏,5371,蜒,1
1110,埒,2773,榇,1
1111,埔,2195,捕,1
1111,埔,3112,浦,1
1111,埔,3652,球,1
1112,埕,1092,垤,1
1112,埕,1107,埋,1
1112,埕,1144,堤,1
1113,埗,1144,堤,1
1115,埙,2197,损,1
1115,埙,6715,顷,1
1116,埚,1124,埸,1
1117,埝,934,嗯,1
1117,埝,3697,璁,1
1118,域,5384,蜮,1
1119,埠,1120,埤,1
1120,埤,1110,埒,1
1121,埭,2724,棣,1
1122,埯,2230,掩,1
1124,埸,1152,塌,1
1125,培,1032,圬,1
1125,培,1045,坊,1
1125,培,1075,垃,1
1125,培,1133,堉,1
1125,培,3145,涪,1
1125,培,3423,焙,1
1125,培,5409,蝽,1
1125,培,5582,訄,1
1126,基,5021,茎,1
1126,基,5048,荃,1
1126,基,5147,萑,1
1127,埼,1098,垮,1
1127,埼,2218,掎,1
1129,堀,1090,垢,1
1130,堂,1422,室,1
1130,堂,2626,查,1
1130,堂,2723,棠,1
1130,堂,4231,空,1
1130,堂,4264,竞,1
1130,堂,5048,荃,1
1130,堂,6254,重,1
1131,堆,340,僬,1
1131,堆,1086,垞,1
1131,堆,1280,姓,1
1131,堆,3648,班,1
1131,堆,6628,雎,1
1132,堇,5239,蕈,1
1132,堇,6673,革,1
1133,堉,1356,嫡,1
1133,堉,6717,项,1
1134,堋,2722,棚,1
1134,堋,3636,珊,1
1135,堌,3645,珥,1
1136,堍,2183,挽,1
1138,堑,1082,垒,1
1138,堑,1097,垭,1
1138,堑,2490,暂,1
1139,堕,6584,陛,1
1141,堞,5265,薰,1
1143,堡,259,保,1
1143,堡,1089,垡,1
1144,堤,1104,埂,1
1144,堤,3215,湜,1
1144,堤,3659,琏,1
1145,堪,1097,垭,1
1145,堪,1149,塃,1
1146,堰,1091,垣,1
1148,堵,1133,堉,1
1148,堵,2231,措,1
1148,堵,3055,洁,1
1151,塆,2346,攘,1
1152,塌,1088,垠,1
1152,塌,1116,埚,1
1152,塌,1124,埸,1
1152,塌,1158,塥,1
1152,塌,3247,溻,1
1154,塑,1162,塾,1
1154,塑,2528,朔,1
1154,塑,2531,望,1
1155,塔,255,俗,1
1155,塔,2265,揾,1
1155,塔,4313,答,1
1156,塘,1122,埯,1
1156,塘,1173,增,1
1156,塘,1368,嬷,1
1156,塘,3691,瑭,1
1157,塞,1422,室,1
1157,塞,1445,寒,1
1157,塞,2287,搴,1
1158,塥,1106,埇,1
1159,填,1091,垣,1
1159,填,1145,堪,1
1159,填,3252,滇,1
1159,填,3686,瑛,1
1159,填,3948,真,1
1160,塬,1345,嫁,1
1160,塬,2489,晾,1
1160,塬,5414,螈,1
1161,塮,1114,埘,1
1165,境,1051,坑,1
1165,境,1136,堍,1
1165,境,1149,塃,1
1165,境,1159,填,1
1166,墅,1059,坠,1
1166,墅,5909,踵,1
1166,墅,6255,野,1
1167,墈,541,勘,1
1169,墒,1356,嫡,1
1169,墒,2300,摘,1
1169,墒,2790,槁,1
1169,墒,4336,箔,1
1170,墓,1132,堇,1
1170,墓,5021,茎,1
1170,墓,5072,荩,1
1170,墓,5201,蓁,1
1171,墙,2812,樯,1
1173,增,1993,憎,1
1173,增,4584,缩,1
1173,增,4590,缯,1
1174,墟,831,唉,1
1174,墟,948,嘘,1
1174,墟,1100,垱,1
1174,墟,5294,虚,1
1174,墟,5444,蟾,1
1175,墦,5439,蟠,1
1177,墩,748,呶,1
1177,墩,2504,暾,1
1179,壁,3710,璧,1
1179,壁,6014,辟,1
1180,壅,1179,壁,1
1181,壑,3982,睿,1
1183,壤,2346,攘,1
1184,士,86,五,1
1184,士,1611,工,1
1185,壬,48,乇,1
1185,壬,2052,手,1
1186,壮,1862,性,1
1186,壮,4130,社,1
1187,声,99,亨,1
1187,声,759,和,1
1188,壳,713,启,1
1189,壶,1190,壹,1
1189,壶,5172,葫,1
1190,壹,5205,蓉,1
1190,壹,5267,薹,1
1191,夂,0,々,1
1193,备,682,各,1
1193,备,699,吝,1
1193,备,2935,氨,1
1193,备,6258,釜,1
1194,复,631,厦,1
1194,复,1699,度,1
1194,复,1893,息,1
1195,夏,631,厦,1
1195,夏,651,变,1
1195,夏,1194,复,1
1195,夏,3479,爱,1
1195,夏,4927,艮,1
1197,夕,79,二,1
1197,夕,547,勺,1
1197,夕,1191,夂,1
1197,夕,4128,礻,1
1198,外,354,允,1
1198,外,1739,引,1
1199,夙,433,凤,1
1200,多,793,哆,1
1200,多,1245,好,1
1200,多,4226,穴,1
1201,夜,1691,庙,1
1201,夜,1701,庭,1
1201,夜,3472,燹,1
1201,夜,5093,莜,1
1201,夜,5471,衩,1
1202,够,1200,多,1
1202,够,4834,腭,1
1202,够,4910,舴,1
1205,大,8,下,1
1205,大,1477,尤,1
1205,大,3353,火,1
1206,天,41,主,1
1206,天,140,以,1
1206,天,355,元,1
1206,天,2393,斤,1
1206,天,2979,沃,1
1206,天,3355,灭,1
1206,天,3608,王,1
1207,太,1205,大,1
1207,太,1476,尢,1
1207,太,3476,爪,1
1208,夫,1476,尢,1
1208,夫,2536,未,1
1209,夬,595,卡,1
1209,夬,1211,央,1
1210,夭,1205,大,1
1210,夭,2416,无,1
1211,央,1209,夬,1
1211,央,1213,失,1
1211,央,1471,尖,1
1211,央,1824,忠,1
1211,央,1848,怎,1
1212,夯,452,分,1
1212,夯,1218,夺,1
1213,失,359,先,1
1213,失,413,决,1
1214,头,140,以,1
1214,头,413,决,1
1215,夷,773,咦,1
1216,夸,375,兮,1
1216,夸,1686,库,1
1216,夸,4988,苓,1
1217,夹,22,东,1
1217,夹,728,呋,1
1217,夹,1208,夫,1
1217,夹,1209,夬,1
1217,夹,1214,头,1
1217,夹,1215,夷,1
1217,夹,1471,尖,1
1218,夺,1110,埒,1
1218,夺,1223,奇,1
1218,夺,1458,寺,1
1218,夺,1460,导,1
1221,奂,4010,矢,1
1222,奄,5115,菅,1
1223,奇,814,哥,1
1223,奇,1218,夺,1
1224,奈,198,佘,1
1224,奈,1216,夸,1
1224,奈,1223,奇,1
1225,奉,2451,春,1
1226,奋,589,南,1
1226,奋,870,啬,1
1226,奋,1223,奇,1
1226,奋,3891,百,1
1227,奎,6254,重,1
1228,奏,2246,揍,1
1228,奏,2819,橐,1
1230,奔,1212,夯,1
1230,奔,1731,弄,1
1231,奕,1733,弈,1
1231,奕,4234,突,1
1233,套,1227,奎,1
1233,套,4612,罢,1
1233,套,5316,蚕,1
1236,奠,3382,炱,1
1236,奠,4626,美,1
1237,奢,3773,番,1
1238,奥,3020,泉,1
1239,奭,2459,昶,1
1240,女,3,七,1
1240,女,68,乡,1
1240,女,89,亚,1
1240,女,2014,戈,1
1241,奴,645,双,1
1241,奴,646,反,1
1241,奴,676,叹,1
1241,奴,1245,好,1
1241,奴,1247,如,1
1241,奴,2359,故,1
1242,奶,453,切,1
1242,奶,608,却,1
1242,奶,1246,妁,1
1242,奶,1267,妫,1
1243,奸,1262,妤,1
1243,奸,4502,绒,1
1243,奸,5958,车,1
1244,她,1036,地,1
1244,她,2900,比,1
1245,好,1243,奸,1
1245,好,1251,妇,1
1247,如,453,切,1
1247,如,759,和,1
1247,如,1242,奶,1
1247,如,1246,妁,1
1247,如,1255,妒,1
1247,如,1319,婀,1
1248,妃,1244,她,1
1249,妄,1263,妥,1
1249,妄,1295,姿,1
1249,妄,1404,安,1
1249,妄,5083,荽,1
1250,妆,2078,找,1
1250,妆,3529,状,1
1251,妇,1246,妁,1
1251,妇,4897,舟,1
1252,妈,1262,妤,1
1252,妈,5310,蚂,1
1253,妊,151,任,1
1253,妊,1248,妃,1
1253,妊,1265,妩,1
1253,妊,1276,始,1
1253,妊,1297,娃,1
1255,妒,1242,奶,1
1255,妒,1262,妤,1
1256,妓,1288,姣,1
1256,妓,2558,杖,1
1257,妖,1052,块,1
1257,妖,3693,瑶,1
1257,妖,3799,疥,1
1257,妖,5311,蚊,1
1258,妗,1267,妫,1
1258,妗,1276,始,1
1259,妙,548,勾,1
1259,妙,1241,奴,1
1260,妞,1293,姻,1
1261,妣,1258,妗,1
1262,妤,1333,婷,1
1263,妥,27,严,1
1263,妥,1249,妄,1
1263,妥,1404,安,1
1263,妥,2016,戋,1
1263,妥,2905,毛,1
1263,妥,5805,赉,1
1263,妥,5852,足,1
1263,妥,6807,馁,1
1264,妨,1242,奶,1
1264,妨,1278,姑,1
1264,妨,1287,姞,1
1267,妫,1247,如,1
1268,妮,1088,垠,1
1268,妮,1310,娠,1
1268,妮,1864,怩,1
1270,妲,1062,坦,1
1270,妲,1247,如,1
1271,妹,1286,姝,1
1271,妹,1327,婧,1
1271,妹,1336,媒,1
1272,妻,5142,萋,1
1273,妾,1263,妥,1
1273,妾,1302,娈,1
1274,姆,1070,坶,1
1274,姆,1286,姝,1
1275,姊,1311,娣,1
1276,始,1246,妁,1
1276,始,1252,妈,1
1276,始,1278,姑,1
1276,始,2103,抬,1
1277,姐,1062,坦,1
1277,姐,1253,妊,1
1277,姐,1260,妞,1
1277,姐,1276,始,1
1277,姐,1304,娌,1
1277,姐,3544,狙,1
1277,姐,4488,组,1
1278,姑,1242,奶,1
1278,姑,1247,如,1
1278,姑,1264,妨,1
1278,姑,1276,始,1
1278,姑,4196,秸,1
1279,姒,1259,妙,1
1280,姓,1107,埋,1
1280,姓,1252,妈,1
1280,姓,1253,妊,1
1280,姓,1256,妓,1
1280,姓,1286,姝,1
1280,姓,1986,慥,1
1280,姓,5318,蚝,1
1281,委,1263,妥,1
1283,姘,1311,娣,1
1283,姘,6803,饼,1
1285,姜,385,养,1
1285,姜,5083,荽,1
1286,姝,1271,妹,1
1287,姞,1278,姑,1
1289,姥,821,哮,1
1289,姥,1265,妩,1
1289,姥,1312,娥,1
1289,姥,3402,烤,1
1290,姨,597,卣,1
1290,姨,1291,姬,1
1290,姨,1323,婕,1
1290,姨,1329,婳,1
1291,姬,1248,妃,1
1291,姬,1274,姆,1
1291,姬,3378,炬,1
1292,姹,1086,垞,1
1292,姹,1304,娌,1
1293,姻,1246,妁,1
1294,姽,1276,始,1
1295,姿,1263,妥,1
1296,威,1818,忒,1
1297,娃,1278,姑,1
1297,娃,1287,姞,1
1297,娃,1292,姹,1
1297,娃,5333,蛀,1
1298,娄,1273,妾,1
1298,娄,1281,委,1
1298,娄,2180,挲,1
1298,娄,4668,老,1
1298,娄,5830,赤,1
1299,娅,1097,垭,1
1299,娅,1247,如,1
1302,娈,1281,委,1
1304,娌,1107,埋,1
1304,娌,1274,姆,1
1304,娌,1292,姹,1
1304,娌,3561,狸,1
1305,娑,1295,姿,1
1306,娓,1268,妮,1
1307,娘,1257,妖,1
1308,娜,1284,姚,1
1308,娜,6336,铆,1
1309,娟,1315,娲,1
1309,娟,1318,娼,1
1309,娟,1337,媚,1
1309,娟,4270,竭,1
1310,娠,1090,垢,1
1310,娠,1276,始,1
1310,娠,1307,娘,1
1310,娠,1322,婊,1
1312,娥,1308,娜,1
1312,娥,2022,我,1
1312,娥,5361,蛾,1
1313,娩,1292,姹,1
1313,娩,3380,炮,1
1314,娱,1361,嫫,1
1316,娴,1293,姻,1
1317,娶,5768,贤,1
1318,娼,1309,娟,1
1318,娼,1337,媚,1
1318,娼,1339,媪,1
1320,婆,5514,裟,1
1321,婉,1288,姣,1
1321,婉,1292,姹,1
1321,婉,1300,娆,1
1321,婉,1345,嫁,1
1321,婉,1414,宛,1
1321,婉,1935,惋,1
1322,婊,1290,姨,1
1323,婕,1290,姨,1
1327,婧,1322,婊,1
1328,婪,3424,焚,1
1328,婪,5991,辇,1
1330,婴,6764,飓,1
1332,婶,1292,姹,1
1332,婶,4584,缩,1
1335,婿,289,借,1
1335,婿,1306,娓,1
1335,婿,1318,娼,1
1335,婿,1327,婧,1
1335,婿,1337,媚,1
1335,婿,4421,糈,1
1336,媒,1361,嫫,1
1337,媚,1242,奶,1
1337,媚,1335,婿,1
1337,媚,2759,楣,1
1339,媪,1318,娼,1
1339,媪,1971,愠,1
1341,媳,1266,妪,1
1341,媳,5891,跽,1
1341,媳,6051,迫,1
1345,嫁,1350,嫔,1
1346,嫂,2887,殴,1
1346,嫂,3242,溲,1
1346,嫂,3468,燠,1
1347,嫉,1359,嫩,1
1352,嫘,1303,娉,1
1356,嫡,941,嘀,1
1356,嫡,1333,婷,1
1356,嫡,1337,媚,1
1356,嫡,2300,摘,1
1357,嫣,4693,耰,1
1363,嬉,1361,嫫,1
1363,嬉,2349,攮,1
1367,嬴,4639,羸,1
1367,嬴,5445,蠃,1
1370,子,75,了,1
1370,子,81,于,1
1370,子,1197,夕,1
1371,孑,449,刁,1
1371,孑,594,占,1
1373,孔,24,丞,1
1373,孔,2434,旻,1
1374,孕,1375,字,1
1374,孕,1484,尹,1
1374,孕,6832,马,1
1374,孕,7034,鸤,1
1375,字,1401,宅,1
1375,字,1410,宗,1
1375,字,1469,尔,1
1375,字,4675,耍,1
1376,存,671,右,1
1376,存,689,后,1
1376,存,2523,有,1
1377,孙,1373,孔,1
1379,孛,1375,字,1
1380,孜,2357,放,1
1380,孜,2365,敕,1
1380,孜,2872,殆,1
1380,孜,4025,矿,1
1381,孝,4161,禁,1
1382,孟,664,召,1
1382,孟,3358,灵,1
1382,孟,3911,盆,1
1384,季,1378,孚,1
1384,季,1389,孪,1
1384,季,2630,柰,1
1385,孤,1380,孜,1
1385,孤,2076,扺,1
1385,孤,4762,胍,1
1386,孥,1748,弩,1
1386,孥,6848,驽,1
1387,学,1378,孚,1
1387,学,1403,守,1
1387,学,2164,挚,1
1387,学,6081,逞,1
1388,孩,6846,驻,1
1389,孪,1378,孚,1
1389,孪,1751,弯,1
1389,孪,2553,李,1
1389,孪,7029,鸟,1
1391,孰,537,勍,1
1391,孰,2373,敦,1
1391,孰,2960,汝,1
1391,孰,6173,郭,1
1391,孰,6768,飘,1
1395,孺,4433,糯,1
1396,孽,1393,孳,1
1397,宀,1514,山,1
1398,宁,58,乓,1
1398,宁,82,亏,1
1398,宁,374,六,1
1398,宁,391,内,1
1398,宁,1405,宋,1
1398,宁,1410,宗,1
1398,宁,1426,宫,1
1398,宁,1738,弓,1
1398,宁,3032,泞,1
1399,它,126,仑,1
1399,它,1401,宅,1
1399,它,1472,尘,1
1399,它,3114,浪,1
1401,宅,1436,宾,1
1401,宅,1472,尘,1
1401,宅,3753,电,1
1401,宅,5554,见,1
1401,宅,6780,饣,1
1402,宇,77,争,1
1402,宇,1375,字,1
1403,守,1402,宇,1
1403,守,1469,尔,1
1404,安,1249,妄,1
1404,安,1263,妥,1
1404,安,1273,妾,1
1404,安,1416,宝,1
1404,安,2359,故,1
1404,安,3750,由,1
1405,宋,1375,字,1
1405,宋,1417,实,1
1405,宋,2541,朱,1
1405,宋,2547,杂,1
1406,完,360,光,1
1406,完,1400,宄,1
1406,完,1410,宗,1
1406,完,5581,言,1
1407,宏,713,启,1
1407,宏,1433,宸,1
1407,宏,3605,玄,1
1407,宏,4257,窳,1
1407,宏,5297,虫,1
1408,宓,1418,宠,1
1408,宓,1810,必,1
1408,宓,4239,窈,1
1409,宕,1407,宏,1
1409,宕,1535,岩,1
1409,宕,5001,若,1
1410,宗,105,亲,1
1410,宗,1224,奈,1
1410,宗,1405,宋,1
1410,宗,2546,杀,1
1410,宗,3164,淙,1
1410,宗,4608,罘,1
1411,官,1399,它,1
1411,官,1409,宕,1
1411,官,1415,宜,1
1411,官,1446,寓,1
1412,宙,100,亩,1
1412,宙,1691,庙,1
1412,宙,2425,旮,1
1412,宙,4991,苗,1
1413,定,1422,室,1
1413,定,4260,立,1
1413,定,5836,走,1
1413,定,5852,足,1
1413,定,5875,跟,1
1414,宛,4227,究,1
1414,宛,4243,窕,1
1414,宛,4986,苑,1
1415,宜,1421,宣,1
1415,宜,2978,沂,1
1415,宜,3933,直,1
1415,宜,5457,血,1
1416,宝,1401,宅,1
1416,宝,1404,安,1
1416,宝,1406,完,1
1416,宝,1411,官,1
1416,宝,1841,怂,1
1417,实,378,关,1
1417,实,1405,宋,1
1417,实,1489,尾,1
1417,实,4234,突,1
1418,宠,1694,庞,1
1419,审,168,伞,1
1419,审,3362,灾,1
1419,审,3502,牢,1
1419,审,6131,邡,1
1420,客,1375,字,1
1420,客,4236,窄,1
1420,客,4240,窍,1
1420,客,5738,谷,1
1421,宣,100,亩,1
1421,宣,1424,宦,1
1421,宣,4245,窗,1
1421,宣,4260,立,1
1421,宣,6935,鱼,1
1422,室,1046,坌,1
1422,室,1406,完,1
1422,室,4234,突,1
1423,宥,1431,宵,1
1424,宦,1415,宜,1
1425,宪,4234,突,1
1426,宫,709,含,1
1428,宰,3502,牢,1
1428,宰,4251,窣,1
1429,害,387,兽,1
1429,害,2519,曾,1
1429,害,6710,音,1
1430,宴,1302,娈,1
1431,宵,396,冒,1
1431,宵,1423,宥,1
1431,宵,2519,曾,1
1431,宵,4728,肖,1
1431,宵,4758,胃,1
1431,宵,5477,衷,1
1431,宵,6644,霄,1
1431,宵,6886,骨,1
1432,家,404,冢,1
1432,家,1761,彖,1
1432,家,3020,泉,1
1433,宸,2895,母,1
1434,容,789,哀,1
1434,容,1429,害,1
1434,容,1433,宸,1
1434,容,1436,宾,1
1434,容,4238,窆,1
1434,容,4499,经,1
1434,容,5129,菩,1
1435,宽,104,亮,1
1435,宽,434,凫,1
1435,宽,1425,宪,1
1435,宽,5045,茺,1
1435,宽,5794,贾,1
1436,宾,1221,奂,1
1436,宾,4977,苄,1
1437,宿,1443,富,1
1437,宿,1690,店,1
1437,宿,4245,窗,1
1437,宿,5221,蓿,1
1438,寂,1682,庋,1
1439,寄,385,养,1
1439,寄,1410,宗,1
1439,寄,1428,宰,1
1439,寄,2165,挛,1
1440,寅,406,冥,1
1440,寅,1406,完,1
1440,寅,1411,官,1
1440,寅,1446,寓,1
1441,密,948,嘘,1
1441,密,1850,怒,1
1441,密,4248,窝,1
1442,寇,37,丶,1
1443,富,1424,宦,1
1443,富,1446,寓,1
1443,富,1450,寡,1
1443,富,1743,弟,1
1443,富,4250,窠,1
1443,富,6902,高,1
1444,寐,4158,祼,1
1445,寒,5590,謇,1
1445,寒,5821,赛,1
1446,寓,1438,寂,1
1446,寓,3754,男,1
1446,寓,4228,穷,1
1446,寓,6902,高,1
1447,寝,3826,痔,1
1447,寝,4154,祲,1
1447,寝,6645,霆,1
1448,寞,6652,霓,1
1449,察,4440,紧,1
1449,察,4602,罅,1
1450,寡,6877,骞,1
1451,寤,601,卩,1
1452,寥,1449,察,1
1452,寥,5821,赛,1
1453,寨,1474,尜,1
1453,寨,5540,褰,1
1453,寨,5821,赛,1
1453,寨,6044,迢,1
1454,寮,3103,浕,1
1455,寰,5919,蹇,1
1456,寸,2052,手,1
1457,对,5870,跗,1
1457,对,6125,邓,1
1458,寺,11,与,1
1458,寺,1459,寻,1
1458,寺,1460,导,1
1458,寺,4942,芋,1
1458,寺,5830,赤,1
1458,寺,5958,车,1
1459,寻,1760,录,1
1459,寻,5958,车,1
1459,寻,6835,驯,1
1460,导,1459,寻,1
1460,导,1729,异,1
1460,导,2543,朵,1
1461,寿,22,东,1
1461,寿,1218,夺,1
1461,寿,1381,孝,1
1461,寿,4189,秦,1
1462,封,4457,纣,1
1463,射,6198,酎,1
1464,将,2661,格,1
1464,将,3089,浆,1
1465,尉,1364,嬖,1
1465,尉,1989,慰,1
1466,尊,1389,孪,1
1466,尊,1733,弈,1
1466,尊,3463,燊,1
1466,尊,4160,禀,1
1467,小,516,办,1
1467,小,704,吣,1
1467,小,1370,子,1
1467,小,2053,扌,1
1467,小,2942,水,1
1468,少,1809,忄,1
1469,尔,1374,孕,1
1469,尔,1378,孚,1
1469,尔,1484,尹,1
1469,尔,2394,斥,1
1471,尖,1209,夬,1
1471,尖,1211,央,1
1471,尖,1213,失,1
1472,尘,35,串,1
1472,尘,41,主,1
1472,尘,1050,坐,1
1472,尘,1471,尖,1
1472,尘,1519,岂,1
1472,尘,4945,芏,1
1473,尚,284,倘,1
1473,尚,1534,岣,1
1473,尚,4992,苘,1
1474,尜,1823,忝,1
1475,尝,1320,婆,1
1475,尝,1387,学,1
1475,尝,4236,窄,1
1475,尝,5587,誉,1
1476,尢,1205,大,1
1476,尢,1816,忐,1
1477,尤,2014,戈,1
1477,尤,2416,无,1
1477,尤,7181,龙,1
1481,就,6293,钛,1
1482,尴,3269,滥,1
1483,尸,451,刃,1
1483,尸,601,卩,1
1483,尸,615,厂,1
1483,尸,1206,天,1
1483,尸,1484,尹,1
1483,尸,1676,广,1
1484,尹,71,买,1
1484,尹,698,君,1
1484,尹,1731,弄,1
1484,尹,3751,甲,1
1485,尺,2840,欠,1
1485,尺,5598,认,1
1485,尺,5762,贝,1
1487,尼,669,叱,1
1487,尼,1492,屁,1
1487,尼,1495,居,1
1488,尽,1494,屃,1
1489,尾,1487,尼,1
1489,尾,6273,钅,1
1490,尿,1498,届,1
1490,尿,5952,身,1
1491,局,1495,居,1
1491,局,2965,汤,1
1492,屁,740,呢,1
1492,屁,1490,尿,1
1492,屁,2438,昆,1
1492,屁,2920,民,1
1493,层,166,会,1
1493,层,1495,居,1
1493,层,2980,沄,1
1495,居,619,厉,1
1495,居,1488,尽,1
1495,居,1498,届,1
1495,居,1503,屑,1
1496,屈,1493,层,1
1498,届,1495,居,1
1498,届,1497,屉,1
1498,届,1503,屑,1
1498,届,1691,庙,1
1499,屋,1092,垤,1
1499,屋,1487,尼,1
1500,屎,1498,届,1
1501,屏,1729,异,1
1503,屑,1967,愔,1
1503,屑,3937,盾,1
1504,展,1493,层,1
1506,属,1498,届,1
1506,属,1503,屑,1
1506,属,3876,瘿,1
1506,属,4165,福,1
1507,屠,1200,多,1
1508,屡,1507,屠,1
1508,屡,3514,犀,1
1510,履,6624,雇,1
1512,屮,2861,步,1
1513,屯,3,七,1
1513,屯,707,吨,1
1513,屯,3753,电,1
1514,山,2860,此,1
1515,屹,1566,崆,1
1515,屹,5560,览,1
1515,屹,5605,讫,1
1516,屺,1520,岈,1
1517,屿,227,侍,1
1517,屿,1572,崞,1
1517,屿,7067,鹇,1
1518,岁,647,发,1
1518,岁,668,台,1
1518,岁,1468,少,1
1518,岁,2865,歹,1
1518,岁,4607,罗,1
1519,岂,763,咒,1
1519,岂,1401,宅,1
1519,岂,2464,晃,1
1519,岂,4946,芑,1
1521,岌,1519,岂,1
1521,岌,4279,笈,1
1521,岌,4958,芨,1
1523,岐,1558,峧,1
1524,岑,1543,岸,1
1524,岑,1573,崟,1
1524,岑,4238,窆,1
1524,岑,4959,芩,1
1525,岔,1848,怎,1
1525,岔,1858,怠,1
1526,岖,1266,妪,1
1526,岖,1528,岘,1
1526,岖,1547,峂,1
1526,岖,1851,怔,1
1527,岗,1530,岚,1
1527,岗,4728,肖,1
1529,岙,1823,忝,1
1531,岛,1491,局,1
1531,岛,3911,盆,1
1532,岜,1519,岂,1
1535,岩,379,兴,1
1535,岩,4740,肩,1
1535,岩,5001,若,1
1537,岬,1211,央,1
1538,岭,1547,峂,1
1538,岭,1560,峪,1
1538,岭,5337,蛉,1
1540,岳,380,兵,1
1540,岳,564,匠,1
1540,岳,674,号,1
1540,岳,7168,齿,1
1541,岵,1638,帖,1
1543,岸,1225,奉,1
1544,岽,2633,柴,1
1544,岽,4232,穿,1
1544,岽,5042,茶,1
1545,岿,1461,寿,1
1545,岿,1577,崩,1
1549,峄,1562,峰,1
1552,峙,1589,嵘,1
1552,峙,5645,诗,1
1553,峡,1217,夹,1
1553,峡,1542,岷,1
1553,峡,3004,沫,1
1553,峡,5355,蛱,1
1556,峥,1562,峰,1
1557,峦,444,击,1
1557,峦,1896,恶,1
1558,峧,1288,姣,1
1558,峧,1563,峻,1
1558,峧,1572,崞,1
1559,峨,1536,岫,1
1560,峪,255,俗,1
1560,峪,795,哈,1
1560,峪,3637,珍,1
1560,峪,3936,盼,1
1562,峰,3173,淮,1
1562,峰,4510,绛,1
1563,峻,829,唆,1
1563,峻,935,嗲,1
1563,峻,1141,堞,1
1563,峻,1517,屿,1
1563,峻,1558,峧,1
1563,峻,1560,峪,1
1567,崇,429,凛,1
1567,崇,1387,学,1
1567,崇,1544,岽,1
1567,崇,1720,廪,1
1567,崇,2723,棠,1
1567,崇,4146,祟,1
1567,崇,4438,素,1
1567,崇,6121,邃,1
1568,崎,1517,屿,1
1568,崎,2863,歧,1
1569,崔,1570,崖,1
1569,崔,4005,瞿,1
1569,崔,5147,萑,1
1569,崔,6826,首,1
1570,崖,367,党,1
1570,崖,6254,重,1
1572,崞,825,哼,1
1573,崟,6257,金,1
1574,崤,1561,峭,1
1577,崩,42,丽,1
1577,崩,1134,堋,1
1577,崩,5143,萌,1
1578,崭,384,兹,1
1578,崭,2400,新,1
1578,崭,5262,薪,1
1580,崴,5176,葳,1
1580,崴,5182,蒇,1
1581,崽,1918,患,1
1582,崾,1589,嵘,1
1582,崾,1592,嵝,1
1585,嵋,817,哨,1
1586,嵌,1590,嵚,1
1594,嵫,923,嗞,1
1597,嵴,1563,峻,1
1598,嶂,5435,蟑,1
1605,巍,4252,窥,1
1605,巍,5271,藐,1
1607,川,666,叮,1
1607,川,1608,州,1
1608,州,394,册,1
1608,州,454,刈,1
1608,州,3529,状,1
1608,州,4421,糈,1
1609,巡,5472,衫,1
1610,巢,4347,箪,1
1610,巢,5721,谦,1
1611,工,7,上,1
1611,工,602,卫,1
1611,工,4933,艹,1
1612,左,1029,在,1
1612,左,1033,圭,1
1612,左,5958,车,1
1613,巧,46,乃,1
1613,巧,409,冯,1
1613,巧,1032,圬,1
1614,巨,672,叵,1
1614,巨,1840,态,1
1616,巫,24,丞,1
1616,巫,705,否,1
1617,差,4631,羞,1
1618,巯,3656,琉,1
1620,已,571,区,1
1620,已,1820,志,1
1621,巳,1485,尺,1
1621,巳,1619,己,1
1622,巴,1620,已,1
1622,巴,1621,巳,1
1623,巷,5021,茎,1
1625,巾,514,力,1
1625,巾,517,功,1
1625,巾,1809,忄,1
1626,币,113,什,1
1626,币,578,升,1
1626,币,1627,市,1
1627,市,53,乍,1
1627,市,76,予,1
1627,市,1626,币,1
1627,市,1691,庙,1
1627,市,2905,毛,1
1627,市,5468,衤,1
1628,布,1029,在,1
1628,布,1627,市,1
1629,帅,1866,怫,1
1629,帅,4814,脶,1
1630,帆,1634,帐,1
1630,帆,5312,蚋,1
1630,帆,5314,蚍,1
1630,帆,5342,蛐,1
1631,师,36,临,1
1631,师,1839,怀,1
1631,师,1853,怖,1
1632,希,5010,茀,1
1633,帏,1640,帙,1
1634,帐,1640,帙,1
1634,帐,1643,帜,1
1634,帐,2582,枇,1
1634,帐,4755,胀,1
1635,帑,1650,帱,1
1636,帔,1060,坡,1
1636,帔,1635,帑,1
1636,帔,1659,幌,1
1637,帕,1630,帆,1
1638,帖,1634,帐,1
1639,帘,1644,帝,1
1639,帘,4228,穷,1
1639,帘,4236,窄,1
1639,帘,5468,衤,1
1640,帙,1636,帔,1
1641,帚,1652,常,1
1642,帛,1893,息,1
1642,帛,2436,昂,1
1642,帛,3754,男,1
1643,帜,1640,帙,1
1644,帝,530,劳,1
1644,帝,1639,帘,1
1644,帝,3130,涕,1
1644,帝,6011,辛,1
1645,帡,4791,胼,1
1646,带,530,劳,1
1646,带,1623,巷,1
1646,带,1641,帚,1
1646,带,1652,常,1
1646,带,5028,茚,1
1646,带,7139,黹,1
1647,帧,5355,蛱,1
1648,席,1627,市,1
1648,席,1652,常,1
1648,席,1683,序,1
1648,席,5814,赓,1
1649,帮,1711,廊,1
1651,帷,1942,惟,1
1652,常,1644,帝,1
1652,常,4523,绨,1
1653,帻,1647,帧,1
1654,帼,5392,蝈,1
1655,帽,900,喟,1
1655,帽,1967,愔,1
1656,幂,1661,幕,1
1658,幅,3760,畅,1
1659,幌,1971,愠,1
1659,幌,5698,谎,1
1660,幔,1913,悛,1
1660,幔,3417,焌,1
1661,幕,2501,暮,1
1661,幕,3897,皋,1
1661,幕,5062,荞,1
1661,幕,5181,蒂,1
1662,幛,1665,幢,1
1662,幛,2808,樟,1
1665,幢,1651,帷,1
1665,幢,1653,帻,1
1665,幢,1662,幛,1
1665,幢,5427,螳,1
1666,幪,2534,朦,1
1666,幪,2838,檬,1
1667,干,575,十,1
1667,干,4178,秆,1
1668,平,1667,干,1
1668,平,1669,年,1
1668,平,2052,手,1
1668,平,2564,来,1
1668,平,4719,肀,1
1669,年,401,军,1
1669,年,1405,宋,1
1669,年,2901,毕,1
1669,年,4275,竿,1
1669,年,4624,羊,1
1669,年,5958,车,1
1670,并,378,关,1
1670,并,5627,评,1
1671,幸,99,亨,1
1671,幸,4236,窄,1
1671,幸,6012,辜,1
1672,幺,49,么,1
1672,幺,3605,玄,1
1673,幻,1674,幼,1
1673,幻,3609,玎,1
1673,幻,6277,钉,1
1674,幼,135,仞,1
1674,幼,522,动,1
1674,幼,1673,幻,1
1675,幽,5751,豳,1
1675,幽,6051,迫,1
1675,幽,6102,遐,1
1675,幽,6566,阻,1
1676,广,80,亍,1
1676,广,81,于,1
1676,广,5594,讠,1
1678,庄,94,亢,1
1678,庄,129,仕,1
1678,庄,154,企,1
1678,庄,620,压,1
1678,庄,1681,床,1
1678,庄,5601,讧,1
1679,庆,1678,庄,1
1679,庆,1685,庑,1
1679,庆,3131,涘,1
1681,床,56,乐,1
1681,床,3121,涂,1
1683,序,619,厉,1
1683,序,1684,庐,1
1683,序,1848,怎,1
1683,序,2043,房,1
1684,庐,1683,序,1
1684,庐,3003,沪,1
1684,庐,3082,活,1
1686,库,1683,序,1
1686,库,5002,苦,1
1687,应,24,丞,1
1687,应,6021,辶,1
1687,应,6591,险,1
1688,底,1684,庐,1
1688,底,3802,疭,1
1690,店,1700,座,1
1690,店,5292,虑,1
1691,庙,1680,庇,1
1692,庚,833,唐,1
1692,庚,3139,涣,1
1692,庚,3626,现,1
1694,庞,1970,感,1
1694,庞,6575,陇,1
1695,废,1682,庋,1
1695,废,1712,廋,1
1699,度,631,厦,1
1699,度,1712,廋,1
1700,座,1570,崖,1
1700,座,2051,扊,1
1700,座,3823,痊,1
1700,座,5353,蛮,1
1701,庭,1509,屣,1
1701,庭,2459,昶,1
1701,庭,2515,更,1
1701,庭,3867,瘫,1
1701,庭,5116,菇,1
1701,庭,6598,陷,1
1703,庵,276,俺,1
1703,庵,1680,庇,1
1703,庵,1694,庞,1
1703,庵,1713,廑,1
1704,庶,620,压,1
1704,庶,1679,庆,1
1704,庶,1687,应,1
1704,庶,2043,房,1
1704,庶,7116,麻,1
1705,康,249,俅,1
1706,庸,1718,廛,1
1707,庹,833,唐,1
1708,庼,3853,瘐,1
1709,庾,833,唐,1
1710,廉,1705,康,1
1710,廉,1717,廙,1
1711,廊,6155,郈,1
1711,廊,6182,鄌,1
1712,廋,3864,瘦,1
1717,廙,5294,虚,1
1718,廛,2041,戽,1
1719,廨,1702,庳,1
1720,廪,429,凛,1
1721,廴,51,之,1
1721,廴,643,及,1
1721,廴,2380,文,1
1721,廴,6021,辶,1
1722,延,6,三,1
1722,延,722,吾,1
1722,延,6045,迤,1
1722,延,6054,述,1
1723,廷,5092,莛,1
1723,廷,6025,迁,1
1724,建,1705,康,1
1724,建,6041,违,1
1724,建,6082,速,1
1724,建,6088,逮,1
1725,廾,39,丹,1
1725,廾,4933,艹,1
1727,开,39,丹,1
1727,开,87,井,1
1727,开,1668,平,1
1729,异,1730,弃,1
1729,异,4597,缶,1
1730,弃,1249,妄,1
1730,弃,3605,玄,1
1730,弃,4435,糸,1
1730,弃,6011,辛,1
1731,弄,722,吾,1
1731,弄,1730,弃,1
1731,弄,4334,箐,1
1733,弈,2663,栾,1
1734,弊,4332,箅,1
1734,弊,5983,轿,1
1736,式,459,划,1
1736,式,2021,成,1
1736,式,2022,我,1
1736,式,2862,武,1
1738,弓,4,万,1
1738,弓,400,写,1
1738,弓,662,只,1
1738,弓,675,司,1
1738,弓,685,吉,1
1738,弓,2865,歹,1
1738,弓,3358,灵,1
1738,弓,4453,纟,1
1739,引,32,丬,1
1739,引,461,列,1
1739,引,5635,词,1
1740,弗,87,井,1
1740,弗,1731,弄,1
1740,弗,1824,忠,1
1740,弗,2522,月,1
1740,弗,5789,费,1
1741,弘,1385,孤,1
1741,弘,1739,引,1
1741,弘,1750,弭,1
1741,弘,1754,强,1
1742,弛,1744,张,1
1743,弟,376,兰,1
1743,弟,659,另,1
1743,弟,4008,矛,1
1743,弟,4296,第,1
1743,弟,5010,茀,1
1743,弟,6512,闱,1
1743,弟,6826,首,1
1744,张,4033,砒,1
1744,张,4503,结,1
1744,张,5884,践,1
1745,弥,1380,孜,1
1745,弥,1753,弹,1
1745,弥,2976,汾,1
1745,弥,3045,泳,1
1745,弥,6846,驻,1
1746,弦,3040,泫,1
1746,弦,4261,竑,1
1746,弦,4505,绕,1
1746,弦,5632,诊,1
1747,弧,1385,孤,1
1747,弧,6728,预,1
1748,弩,4049,砮,1
1749,弪,4060,硁,1
1751,弯,99,亨,1
1751,弯,504,剪,1
1751,弯,640,参,1
1751,弯,3222,湾,1
1752,弱,2874,殉,1
1752,弱,4678,耔,1
1752,弱,6844,驹,1
1753,弹,1745,弥,1
1753,弹,2877,殍,1
1754,强,3547,狠,1
1754,强,4589,缮,1
1754,强,5305,虽,1
1755,弼,3246,溺,1
1757,彐,13,丑,1
1757,彐,67,习,1
1758,归,678,叼,1
1758,归,2420,旧,1
1759,当,41,主,1
1759,当,456,刍,1
1759,当,1518,岁,1
1759,当,2988,沓,1
1759,当,4990,苕,1
1760,录,1761,彖,1
1760,录,2079,承,1
1760,录,2856,歌,1
1760,录,2961,汞,1
1760,录,3358,灵,1
1761,彖,4355,篆,1
1764,彝,3522,犟,1
1766,形,455,刊,1
1766,形,473,刮,1
1766,形,621,厌,1
1766,形,1373,孔,1
1766,形,1767,彤,1
1767,彤,4732,肜,1
1767,彤,4798,脎,1
1767,彤,4900,舣,1
1769,彧,2025,或,1
1770,彩,124,仍,1
1770,彩,759,和,1
1771,彪,3392,烂,1
1771,彪,6987,鲶,1
1773,彭,1775,影,1
1774,彰,5472,衫,1
1774,彰,6284,钐,1
1775,影,1774,彰,1
1775,影,6164,郛,1
1776,彳,6554,阝,1
1777,彷,153,仿,1
1777,彷,4483,线,1
1778,役,182,伶,1
1778,役,1729,异,1
1778,役,4461,级,1
1778,役,5621,设,1
1779,彻,466,初,1
1779,彻,2986,沏,1
1779,彻,3505,物,1
1780,彼,3035,波,1
1780,彼,3149,液,1
1780,彼,5638,诐,1
1781,往,192,住,1
1781,往,1782,征,1
1781,往,1784,径,1
1781,往,2846,欲,1
1781,往,3384,炷,1
1781,往,4459,纥,1
1781,往,4473,纴,1
1782,征,146,仲,1
1782,征,5624,证,1
1783,徂,189,但,1
1783,徂,4481,纽,1
1783,徂,4488,组,1
1784,径,223,侄,1
1784,径,1749,弪,1
1784,径,4456,红,1
1785,待,4457,纣,1
1785,待,4482,纾,1
1786,徇,203,佝,1
1786,徇,4509,绚,1
1787,很,180,伲,1
1787,很,5773,贩,1
1788,徉,181,伴,1
1788,徉,5660,详,1
1789,徊,189,但,1
1789,徊,1673,幻,1
1789,徊,3056,洄,1
1789,徊,4471,纲,1
1789,徊,6151,郁,1
1789,徊,6327,钽,1
1790,律,322,傅,1
1790,律,4137,祎,1
1790,律,4494,绊,1
1790,律,4544,绾,1
1791,後,250,俊,1
1792,徐,128,仔,1
1792,徐,1795,得,1
1792,徐,4507,绘,1
1793,徒,170,传,1
1793,徒,1797,徙,1
1793,徒,5772,质,1
1793,徒,5836,走,1
1795,得,322,傅,1
1795,得,1792,徐,1
1795,得,3323,澡,1
1795,得,4553,缇,1
1796,徘,5682,诽,1
1797,徙,4553,缇,1
1799,御,1711,廊,1
1799,御,7170,龁,1
1801,循,203,佝,1
1801,循,1798,徜,1
1801,循,3749,田,1
1801,循,4567,缗,1
1803,微,1799,御,1
1803,微,1804,徵,1
1803,微,1807,徽,1
1803,微,3331,激,1
1803,微,4587,缬,1
1803,微,4595,缴,1
1803,微,6823,馓,1
1804,徵,1803,微,1
1805,德,1793,徒,1
1805,德,4524,绩,1
1805,德,5513,裙,1
1805,德,6816,馋,1
1807,徽,4559,缎,1
1808,心,133,仙,1
1808,心,352,儿,1
1809,忄,30,个,1
1809,忄,32,丬,1
1810,必,50,义,1
1810,必,125,从,1
1810,必,165,伙,1
1810,必,440,凶,1
1810,必,516,办,1
1810,必,665,叭,1
1810,必,3022,泌,1
1811,忆,1034,圮,1
1811,忆,2562,杠,1
1811,忆,4934,艺,1
1813,忌,1858,怠,1
1813,忌,3820,症,1
1814,忍,664,召,1
1814,忍,1824,忠,1
1814,忍,1875,恋,1
1814,忍,1877,恐,1
1816,忐,5288,虍,1
1816,忐,6692,鞡,1
1817,忑,1816,忐,1
1818,忒,1296,威,1
1820,志,1813,忌,1
1820,志,1821,忘,1
1820,志,1824,忠,1
1821,忘,1817,忑,1
1821,忘,1833,念,1
1821,忘,1996,憝,1
1821,忘,4822,腐,1
1822,忙,1830,忭,1
1824,忠,1820,志,1
1825,忡,1629,帅,1
1826,忤,1815,忏,1
1826,忤,1871,怿,1
1827,忧,1077,垅,1
1827,忧,1830,忭,1
1828,忪,2578,松,1
1829,快,413,决,1
1829,快,1876,恍,1
1829,快,3370,炔,1
1829,快,3510,特,1
1830,忭,1847,怍,1
1830,忭,2623,柞,1
1832,忱,559,北,1
1832,忱,1061,坤,1
1832,忱,1634,帐,1
1832,忱,1825,忡,1
1832,忱,1827,忧,1
1832,忱,2083,抉,1
1832,忱,4702,耽,1
1833,念,139,令,1
1833,念,709,含,1
1833,念,1817,忑,1
1833,念,1838,忿,1
1833,念,1860,急,1
1835,忻,1040,圻,1
1835,忻,1815,忏,1
1835,忻,2063,扦,1
1835,忻,2352,攵,1
1835,忻,3155,淅,1
1836,忽,1838,忿,1
1836,忽,1841,怂,1
1838,忿,364,兔,1
1838,忿,1525,岔,1
1838,忿,1858,怠,1
1838,忿,1884,恣,1
1838,忿,1962,愈,1
1839,怀,1049,坏,1
1839,怀,1631,师,1
1839,怀,2569,杭,1
1839,怀,2570,杯,1
1840,态,1376,存,1
1841,怂,1539,岱,1
1841,怂,1824,忠,1
1842,怃,1864,怩,1
1842,怃,3371,炕,1
1843,怄,1851,怔,1
1844,怅,1827,忧,1
1844,怅,3370,炔,1
1845,怆,1865,怪,1
1846,怊,3013,沼,1
1847,怍,202,作,1
1848,怎,1540,岳,1
1848,怎,1869,总,1
1848,怎,1875,恋,1
1848,怎,2926,氙,1
1850,怒,1836,忽,1
1850,怒,4780,胬,1
1851,怔,1042,址,1
1851,怔,1828,忪,1
1851,怔,1846,怊,1
1851,怔,1878,恒,1
1851,怔,6079,逛,1
1852,怕,782,咱,1
1852,怕,1873,恂,1
1852,怕,2121,拍,1
1852,怕,3380,炮,1
1853,怖,1839,怀,1
1853,怖,6791,饰,1
1854,怙,1541,岵,1
1854,怙,1862,性,1
1854,怙,2601,枯,1
1855,怛,1834,忸,1
1856,怜,1846,怊,1
1856,怜,1894,恰,1
1856,怜,2609,柃,1
1856,怜,5337,蛉,1
1857,思,662,只,1
1857,思,1814,忍,1
1857,思,1922,悬,1
1857,思,4759,胄,1
1857,思,6253,里,1
1858,怠,1761,彖,1
1858,怠,1838,忿,1
1858,怠,1848,怎,1
1858,怠,1906,悉,1
1859,怡,1891,恬,1
1860,急,364,兔,1
1860,急,1689,庖,1
1860,急,1906,悉,1
1860,急,2924,氖,1
1860,急,6772,食,1
1861,怦,2602,枰,1
1862,性,1867,怯,1
1862,性,1923,悭,1
1862,性,4769,胜,1
1863,怨,1850,怒,1
1863,怨,1860,急,1
1863,怨,1879,恕,1
1863,怨,1884,恣,1
1863,怨,1947,惩,1
1865,怪,1053,坚,1
1865,怪,1914,悝,1
1865,怪,3534,狂,1
1865,怪,5341,蛏,1
1866,怫,1825,忡,1
1866,怫,2111,拂,1
1867,怯,1842,怃,1
1868,怵,1830,忭,1
1869,总,1813,忌,1
1869,总,1838,忿,1
1869,总,4474,纵,1
1870,怼,4965,芯,1
1872,恁,435,凭,1
1872,恁,1895,恳,1
1873,恂,2647,栒,1
1874,恃,227,侍,1
1874,恃,1464,将,1
1874,恃,1819,忖,1
1874,恃,1910,悔,1
1874,恃,1911,悖,1
1874,恃,1912,悚,1
1874,恃,1979,慊,1
1874,恃,4753,肾,1
1874,恃,5009,苻,1
1875,恋,1302,娈,1
1875,恋,1557,峦,1
1875,恋,1886,恧,1
1875,恋,1896,恶,1
1875,恋,1906,悉,1
1875,恋,5353,蛮,1
1875,恋,5554,见,1
1875,恋,6058,迹,1
1876,恍,1919,悦,1
1876,恍,3357,灰,1
1876,恍,3371,炕,1
1878,恒,2678,桓,1
1878,恒,3399,烜,1
1878,恒,5968,轰,1
1879,恕,2291,摁,1
1880,恙,1872,恁,1
1880,恙,1881,恚,1
1880,恙,3922,盖,1
1880,恙,4628,羔,1
1881,恚,1880,恙,1
1881,恚,5470,表,1
1882,恝,1877,恐,1
1883,恢,1935,惋,1
1883,恢,3420,焕,1
1884,恣,1920,您,1
1884,恣,3016,沿,1
1884,恣,3105,浚,1
1884,恣,5800,资,1
1885,恤,1878,恒,1
1886,恧,1860,急,1
1886,恧,1903,恿,1
1887,恨,402,农,1
1887,恨,1846,怊,1
1887,恨,1917,悢,1
1887,恨,6581,限,1
1888,恩,1896,恶,1
1889,恪,4786,胳,1
1890,恫,859,啊,1
1890,恫,1873,恂,1
1890,恫,2676,桐,1
1890,恫,2774,榈,1
1890,恫,3934,相,1
1890,恫,4080,碉,1
1891,恬,1815,忏,1
1891,恬,1854,怙,1
1891,恬,1856,怜,1
1891,恬,1859,怡,1
1891,恬,3359,灶,1
1892,恭,1225,奉,1
1892,恭,1490,尿,1
1892,恭,2961,汞,1
1892,恭,4438,素,1
1893,息,668,台,1
1893,息,1857,思,1
1893,息,1906,悉,1
1894,恰,1837,忾,1
1894,恰,1946,惨,1
1894,恰,2551,杉,1
1895,恳,1093,垦,1
1895,恳,1813,忌,1
1895,恳,1896,恶,1
1895,恳,1984,慝,1
1896,恶,25,丢,1
1896,恶,1879,恕,1
1896,恶,1943,惠,1
1896,恶,3415,焉,1
1896,恶,4965,芯,1
1899,恺,1837,忾,1
1901,恼,1852,怕,1
1901,恼,4801,脑,1
1902,恽,1951,惮,1
1902,恽,2174,挥,1
1903,恿,5179,葸,1
1903,恿,5199,蒽,1
1903,恿,6078,通,1
1904,悃,3401,烟,1
1905,悄,1854,怙,1
1905,悄,2702,梢,1
1906,悉,1824,忠,1
1906,悉,1896,恶,1
1906,悉,2571,杰,1
1907,悌,2707,梯,1
1907,悌,3966,睇,1
1908,悍,1902,恽,1
1908,悍,1930,悼,1
1908,悍,1972,愣,1
1910,悔,1852,怕,1
1910,悔,1874,恃,1
1910,悔,1885,恤,1
1910,悔,1907,悌,1
1910,悔,3135,涟,1
1913,悛,1965,愎,1
1913,悛,3417,焌,1
1914,悝,579,午,1
1914,悝,1855,怛,1
1915,悟,1862,性,1
1915,悟,1867,怯,1
1915,悟,1997,憧,1
1915,悟,2184,捂,1
1915,悟,2704,梧,1
1916,悠,1850,怒,1
1916,悠,1872,恁,1
1916,悠,1893,息,1
1916,悠,1961,愆,1
1917,悢,3413,烺,1
1918,患,1581,崽,1
1918,患,1824,忠,1
1918,患,1970,感,1
1918,患,3738,甚,1
1918,患,6082,速,1
1919,悦,295,倪,1
1919,悦,1980,慌,1
1919,悦,4206,税,1
1920,您,1841,怂,1
1920,您,1872,恁,1
1920,您,3546,狞,1
1920,您,4557,缌,1
1920,您,5487,袋,1
1922,悬,638,县,1
1922,悬,2482,景,1
1924,悯,1852,怕,1
1924,悯,1890,恫,1
1926,悲,2942,水,1
1926,悲,3458,熬,1
1927,悴,1826,忤,1
1927,悴,1861,怦,1
1927,悴,1929,悻,1
1927,悴,3172,淬,1
1927,悴,4414,粹,1
1928,悸,590,博,1
1928,悸,4630,羝,1
1929,悻,1861,怦,1
1929,悻,1976,愫,1
1929,悻,2700,梓,1
1930,悼,296,倬,1
1930,悼,1861,怦,1
1930,悼,1902,恽,1
1930,悼,1908,悍,1
1930,悼,1929,悻,1
1930,悼,1958,惺,1
1930,悼,2215,掉,1
1930,悼,2731,棹,1
1930,悼,3414,烽,1
1930,悼,3427,焯,1
1931,情,1940,惜,1
1932,惆,1890,恫,1
1933,惇,1965,愎,1
1934,惊,2224,掠,1
1935,惋,5390,蜿,1
1936,惑,5502,裁,1
1936,惑,5512,裘,1
1936,惑,6351,铙,1
1937,惕,2566,杨,1
1937,惕,2965,汤,1
1939,惚,1944,惦,1
1939,惚,5342,蛐,1
1940,惜,1931,情,1
1940,惜,1967,愔,1
1940,惜,4844,腾,1
1942,惟,422,准,1
1942,惟,1131,堆,1
1942,惟,1949,惬,1
1943,惠,1848,怎,1
1943,惠,2479,晦,1
1944,惦,1934,惊,1
1945,惧,271,俱,1
1945,惧,1981,慎,1
1946,惨,2699,梏,1
1947,惩,1848,怎,1
1948,惫,1860,急,1
1950,惭,2830,檄,1
1951,惮,776,咩,1
1951,惮,1826,忤,1
1951,惮,1929,悻,1
1951,惮,1934,惊,1
1951,惮,2239,掸,1
1951,惮,3427,焯,1
1951,惮,5660,详,1
1952,惯,1809,忄,1
1952,惯,1958,惺,1
1953,惰,1967,愔,1
1953,惰,2736,椅,1
1954,想,1062,坦,1
1954,想,1877,恐,1
1954,想,1879,恕,1
1954,想,2593,枢,1
1954,想,3409,热,1
1954,想,3934,相,1
1954,想,5843,趄,1
1956,惶,2464,晃,1
1956,惶,2678,桓,1
1957,惹,1886,恧,1
1958,惺,223,侄,1
1958,惺,1112,埕,1
1958,惺,1902,恽,1
1958,惺,1908,悍,1
1958,惺,1923,悭,1
1958,惺,1956,惶,1
1960,愁,1875,恋,1
1960,愁,1916,悠,1
1960,愁,3424,焚,1
1960,愁,4198,秽,1
1962,愈,7183,龛,1
1963,愉,2233,掭,1
1963,愉,2243,揄,1
1966,意,1190,壹,1
1966,意,1881,恚,1
1966,意,4265,竟,1
1966,意,5257,薏,1
1966,意,5481,袁,1
1966,意,7183,龛,1
1967,愔,1940,惜,1
1967,愔,1941,惝,1
1967,愔,2011,懵,1
1967,愔,2046,扃,1
1969,愚,4533,绳,1
1970,感,1877,恐,1
1970,感,2028,戚,1
1971,愠,1974,愦,1
1972,愣,1955,惴,1
1973,愤,1647,帧,1
1973,愤,1653,帻,1
1973,愤,1976,愫,1
1974,愦,1972,愣,1
1975,愧,1937,惕,1
1975,愧,6765,飔,1
1976,愫,1911,悖,1
1977,愿,627,原,1
1977,愿,1920,您,1
1978,慈,384,兹,1
1978,慈,1869,总,1
1978,慈,1880,恙,1
1978,慈,1964,愍,1
1979,慊,1991,慷,1
1980,慌,2811,横,1
1981,慎,590,博,1
1981,慎,1919,悦,1
1981,慎,2743,椟,1
1982,慑,4870,臌,1
1983,慕,542,募,1
1983,慕,4160,禀,1
1983,慕,5153,萦,1
1983,慕,5241,蕊,1
1984,慝,1895,恳,1
1985,慢,1164,墁,1
1985,慢,1831,忮,1
1985,慢,2000,憬,1
1986,慥,1891,恬,1
1987,慧,580,卉,1
1989,慰,1465,尉,1
1989,慰,5546,襞,1
1992,憋,1954,想,1
1992,憋,3458,熬,1
1993,憎,1658,幅,1
1994,憔,1091,垣,1
1994,憔,1855,怛,1
1994,憔,1942,惟,1
1994,憔,3447,熄,1
1995,憖,1960,愁,1
1997,憧,342,僮,1
1997,憧,2003,懂,1
1997,憧,2505,曈,1
1997,憧,2825,橦,1
1997,憧,3881,癔,1
1998,憨,1964,愍,1
1999,憩,1954,想,1
1999,憩,6932,魏,1
2003,懂,1665,幢,1
2003,懂,1862,性,1
2004,懈,1963,愉,1
2004,懈,2802,槲,1
2004,懈,3018,泄,1
2005,懊,1945,惧,1
2006,懋,6930,魉,1
2007,懑,5175,葱,1
2008,懒,939,嗽,1
2010,懦,1937,惕,1
2010,懦,2833,檑,1
2010,懦,7179,龋,1
2014,戈,1607,川,1
2014,戈,1736,式,1
2014,戈,2015,戊,1
2014,戈,2053,扌,1
2014,戈,4936,艾,1
2015,戊,702,吠,1
2015,戊,1036,地,1
2017,戌,2016,戋,1
2017,戌,2019,戎,1
2018,戍,161,伐,1
2018,戍,2015,戊,1
2019,戎,2017,戌,1
2019,戎,2020,戏,1
2019,戎,2023,戒,1
2020,戏,5781,贱,1
2020,戏,6568,阽,1
2021,成,2015,戊,1
2021,成,2023,戒,1
2021,成,5648,诚,1
2022,我,161,伐,1
2022,我,2019,戎,1
2022,我,2862,武,1
2022,我,2876,残,1
2022,我,4183,秒,1
2023,戒,1736,式,1
2023,戒,2019,戎,1
2023,戒,2021,成,1
2023,戒,2541,朱,1
2026,戗,465,创,1
2026,戗,2027,战,1
2027,战,1077,垅,1
2027,战,2876,残,1
2027,战,4483,线,1
2027,战,6324,钺,1
2028,戚,785,咸,1
2028,戚,2021,成,1
2032,戢,796,哉,1
2034,戥,2038,戳,1
2035,截,248,俄,1
2035,截,1118,域,1
2035,截,2039,戴,1
2035,截,5270,藏,1
2035,截,5463,街,1
2038,戳,2033,戤,1
2038,戳,2036,戬,1
2039,戴,796,哉,1
2039,戴,2035,截,1
2039,戴,5780,贰,1
2040,户,602,卫,1
2040,户,615,厂,1
2040,户,3786,疒,1
2043,房,713,启,1
2043,房,3117,浴,1
2043,房,4230,穹,1
2043,房,4747,育,1
2044,所,150,价,1
2044,所,4034,研,1
2044,所,4380,簖,1
2044,所,6157,郎,1
2044,所,6565,阶,1
2045,扁,3209,湎,1
2045,扁,4740,肩,1
2045,扁,5776,贬,1
2046,扃,1491,局,1
2048,扇,2045,扁,1
2048,扇,3893,的,1
2051,扊,3921,盔,1
2052,手,33,中,1
2052,手,41,主,1
2052,手,1668,平,1
2052,手,2053,扌,1
2052,手,4942,芋,1
2053,扌,81,于,1
2054,才,1456,寸,1
2054,才,3525,犭,1
2055,扎,2060,托,1
2055,扎,2097,抡,1
2055,扎,5959,轧,1
2056,扑,1049,坏,1
2056,扑,1058,坟,1
2057,扒,662,只,1
2057,扒,2055,扎,1
2057,扒,2056,扑,1
2057,扒,2059,扔,1
2058,打,87,井,1
2058,打,3356,灯,1
2059,扔,1242,奶,1
2059,扔,2099,护,1
2059,扔,2132,招,1
2059,扔,2580,极,1
2059,扔,2595,枥,1
2060,托,2093,抚,1
2060,托,2096,抠,1
2060,托,2143,括,1
2060,托,2160,按,1
2060,托,2578,松,1
2060,托,2583,枉,1
2061,扛,64,九,1
2061,扛,2055,扎,1
2061,扛,2113,拄,1
2061,扛,4431,糠,1
2062,扣,2059,扔,1
2062,扣,2061,扛,1
2062,扣,2066,扪,1
2063,扦,87,井,1
2063,扦,1815,忏,1
2063,扦,2060,托,1
2063,扦,2120,拌,1
2064,执,2160,按,1
2064,执,2167,挞,1
2065,扩,69,书,1
2065,扩,1038,圹,1
2065,扩,2063,扦,1
2067,扫,2071,扯,1
2067,扫,2629,柯,1
2067,扫,3501,牡,1
2068,扬,2070,扮,1
2068,扬,2567,杩,1
2068,扬,2965,汤,1
2068,扬,3795,疡,1
2069,扭,2059,扔,1
2069,扭,2067,扫,1
2069,扭,4481,纽,1
2070,扮,2057,扒,1
2070,扮,2099,护,1
2070,扮,2210,捻,1
2070,扮,3721,瓣,1
2071,扯,1042,址,1
2071,扯,2124,拒,1
2071,扯,2130,拙,1
2071,扯,2139,拦,1
2072,扰,1827,忧,1
2072,扰,2586,枕,1
2072,扰,3501,牡,1
2073,扳,1043,坂,1
2073,扳,2087,抓,1
2073,扳,2115,拆,1
2073,扳,2589,枚,1
2074,扶,2093,抚,1
2074,扶,2106,抹,1
2074,扶,2260,揳,1
2075,批,2076,扺,1
2075,批,2094,抛,1
2076,扺,1072,坻,1
2077,扼,724,呃,1
2077,扼,3526,犯,1
2078,找,2022,我,1
2078,找,2158,指,1
2079,承,2942,水,1
2079,承,4008,矛,1
2079,承,4731,肛,1
2079,承,6091,逶,1
2079,承,6739,颐,1
2080,技,1380,孜,1
2080,技,2073,扳,1
2080,技,2102,披,1
2080,技,2591,枝,1
2081,抃,2091,抗,1
2082,抄,2059,扔,1
2082,抄,2099,护,1
2082,抄,2568,杪,1
2083,抉,2064,执,1
2083,抉,2093,抚,1
2083,抉,2182,挺,1
2084,把,2069,扭,1
2084,把,2560,杞,1
2084,把,2575,杷,1
2085,抑,2221,排,1
2085,抑,2632,柳,1
2085,抑,2787,榴,1
2086,抒,2108,押,1
2086,抒,2123,拐,1
2086,抒,2172,挣,1
2086,抒,2184,捂,1
2086,抒,2216,掊,1
2087,抓,1049,坏,1
2087,抓,2105,抵,1
2087,抓,2136,拣,1
2087,抓,2179,振,1
2087,抓,2622,柝,1
2088,抔,1068,坯,1
2088,抔,2570,杯,1
2089,投,1778,役,1
2089,投,2113,拄,1
2089,投,2147,拱,1
2089,投,2214,授,1
2089,投,3504,牧,1
2089,投,5621,设,1
2090,抖,2107,抻,1
2090,抖,2120,拌,1
2090,抖,3369,炒,1
2090,抖,4182,科,1
2091,抗,1051,坑,1
2091,抗,2061,扛,1
2091,抗,2113,拄,1
2091,抗,2160,按,1
2091,抗,2560,杞,1
2091,抗,2578,松,1
2091,抗,2661,格,1
2092,折,1835,忻,1
2092,折,2060,托,1
2092,折,2063,扦,1
2092,折,2140,拧,1
2092,折,2585,析,1
2093,抚,2416,无,1
2096,抠,1034,圮,1
2096,抠,2124,拒,1
2097,抡,2060,托,1
2097,抡,2127,拖,1
2097,抡,2198,捡,1
2098,抢,2093,抚,1
2098,抢,2127,拖,1
2098,抢,2598,枪,1
2098,抢,2636,栀,1
2099,护,2065,扩,1
2099,护,2172,挣,1
2099,护,2643,栌,1
2099,护,6839,驴,1
2100,报,1066,坫,1
2100,报,2104,抱,1
2100,报,2110,抿,1
2100,报,2197,损,1
2100,报,2580,极,1
2101,抨,2120,拌,1
2101,抨,2146,拯,1
2101,抨,2174,挥,1
2101,抨,2602,枰,1
2101,抨,2697,梅,1
2101,抨,4050,砰,1
2102,披,1060,坡,1
2102,披,1636,帔,1
2102,披,2089,投,1
2102,披,2211,掀,1
2103,抬,2087,抓,1
2103,抬,2699,梏,1
2104,抱,2089,投,1
2104,抱,2096,抠,1
2104,抱,2127,拖,1
2104,抱,2685,桤,1
2105,抵,2092,折,1
2105,抵,2115,拆,1
2105,抵,2578,松,1
2105,抵,4770,胝,1
2106,抹,2120,拌,1
2106,抹,2587,林,1
2106,抹,2712,梾,1
2107,抻,2108,押,1
2108,押,2174,挥,1
2108,押,2191,捍,1
2108,押,2574,杵,1
2108,押,2619,柙,1
2109,抽,2099,护,1
2109,抽,2116,拇,1
2109,抽,5342,蛐,1
2110,抿,2076,扺,1
2110,抿,2077,扼,1
2110,抿,4206,税,1
2111,拂,2107,抻,1
2111,拂,4783,胰,1
2112,拃,2623,柞,1
2113,拄,1862,性,1
2113,拄,2118,拉,1
2113,拄,2139,拦,1
2113,拄,2229,推,1
2114,担,2604,枵,1
2115,拆,1073,坼,1
2115,拆,2062,扣,1
2115,拆,2112,拃,1
2115,拆,2121,拍,1
2115,拆,2140,拧,1
2115,拆,2622,柝,1
2115,拆,3388,炼,1
2116,拇,2219,掏,1
2117,拈,1066,坫,1
2117,拈,1859,怡,1
2117,拈,2216,掊,1
2117,拈,3015,沾,1
2118,拉,2122,拎,1
2120,拌,581,半,1
2120,拌,2106,抹,1
2120,拌,2107,抻,1
2121,拍,1044,均,1
2121,拍,2158,指,1
2121,拍,2186,捅,1
2121,拍,2612,柏,1
2122,拎,182,伶,1
2122,拎,1856,怜,1
2122,拎,2070,扮,1
2122,拎,2080,技,1
2122,拎,2198,捡,1
2122,拎,2609,柃,1
2122,拎,3554,狯,1
2123,拐,2070,扮,1
2123,拐,2190,捌,1
2123,拐,2640,栉,1
2123,拐,2789,榻,1
2124,拒,565,匡,1
2124,拒,2084,把,1
2124,拒,2139,拦,1
2125,拓,822,哲,1
2125,拓,2060,托,1
2125,拓,2132,招,1
2125,拓,2185,捃,1
2125,拓,2220,掐,1
2126,拔,2073,扳,1
2126,拔,2102,披,1
2127,拖,2098,抢,1
2128,拗,2238,掷,1
2129,拘,1044,均,1
2129,拘,2647,栒,1
2130,拙,69,书,1
2130,拙,1036,地,1
2130,拙,2111,拂,1
2130,拙,2184,捂,1
2131,拚,2152,拼,1
2132,招,2145,拮,1
2132,招,2567,杩,1
2133,拜,57,乒,1
2133,拜,3611,玕,1
2133,拜,4208,稗,1
2134,拟,2071,扯,1
2134,拟,2075,批,1
2134,拟,2592,枞,1
2135,拢,1060,坡,1
2135,拢,2093,抚,1
2135,拢,2153,拽,1
2135,拢,2641,栊,1
2135,拢,2657,栳,1
2135,拢,5098,莪,1
2136,拣,2118,拉,1
2136,拣,2156,持,1
2136,拣,2209,捺,1
2136,拣,2642,栋,1
2136,拣,2644,栎,1
2137,拤,2074,扶,1
2138,拥,2085,抑,1
2138,拥,2108,押,1
2138,拥,2187,捆,1
2139,拦,1075,垃,1
2139,拦,2118,拉,1
2140,拧,2484,晳,1
2140,拧,2551,杉,1
2140,拧,2588,枘,1
2140,拧,3498,牛,1
2140,拧,3546,狞,1
2141,拨,2080,技,1
2141,拨,2130,拙,1
2141,拨,2147,拱,1
2142,择,2101,抨,1
2142,择,2156,持,1
2142,择,2172,挣,1
2142,择,2175,挦,1
2142,择,2634,柽,1
2143,括,1045,坊,1
2143,括,2081,抃,1
2143,括,2224,掠,1
2143,括,2545,朽,1
2143,括,2591,枝,1
2143,括,2661,格,1
2145,拮,2095,抟,1
2146,拯,2071,扯,1
2146,拯,2130,拙,1
2147,拱,232,供,1
2147,拱,2095,抟,1
2147,拱,2157,挂,1
2147,拱,2231,措,1
2147,拱,2305,摸,1
2147,拱,3641,珙,1
2148,拳,478,券,1
2148,拳,2673,桊,1
2148,拳,4189,秦,1
2149,拴,2122,拎,1
2149,拴,2139,拦,1
2149,拴,2178,挫,1
2149,拴,2229,推,1
2149,拴,5985,辁,1
2151,拷,2086,抒,1
2151,拷,2095,抟,1
2151,拷,2154,拾,1
2151,拷,2240,掺,1
2151,拷,2275,搒,1
2151,拷,2656,栲,1
2151,拷,2668,桄,1
2151,拷,2692,桴,1
2151,拷,4669,考,1
2152,拼,2278,搛,1
2153,拽,2130,拙,1
2154,拾,1894,恰,1
2154,拾,2091,抗,1
2154,拾,2157,挂,1
2155,拿,77,争,1
2155,拿,168,伞,1
2155,拿,198,佘,1
2156,持,2157,挂,1
2157,挂,2106,抹,1
2157,挂,2139,拦,1
2157,挂,2228,控,1
2157,挂,3790,疙,1
2158,指,1380,孜,1
2158,指,2117,拈,1
2158,指,2121,拍,1
2158,指,2145,拮,1
2158,指,2192,捎,1
2158,指,2231,措,1
2158,指,2248,描,1
2158,指,4263,站,1
2158,指,5657,诣,1
2159,挈,2164,挚,1
2160,按,2227,接,1
2160,按,2279,搜,1
2161,挎,1098,垮,1
2161,挎,1216,夸,1
2161,挎,2151,拷,1
2162,挑,3646,珧,1
2163,挖,2183,挽,1
2164,挚,2142,择,1
2164,挚,2226,掣,1
2164,挚,4444,絷,1
2165,挛,1378,孚,1
2165,挛,1733,弈,1
2165,挛,4319,筝,1
2166,挝,2069,扭,1
2166,挝,2094,抛,1
2166,挝,2134,拟,1
2166,挝,5838,赴,1
2167,挞,1099,垯,1
2167,挞,2071,扯,1
2168,挟,2288,携,1
2168,挟,5107,莸,1
2169,挠,2157,挂,1
2169,挠,2682,桡,1
2169,挠,4801,脑,1
2170,挡,2248,描,1
2172,挣,2101,抨,1
2172,挣,2142,择,1
2172,挣,3555,狰,1
2172,挣,3664,琤,1
2173,挤,5890,跻,1
2174,挥,2172,挣,1
2174,挥,2225,探,1
2174,挥,2299,摔,1
2176,挨,2147,拱,1
2176,挨,2706,梭,1
2177,挪,2111,拂,1
2177,挪,6175,郴,1
2178,挫,2157,挂,1
2178,挫,6413,错,1
2179,振,1054,坛,1
2179,振,2578,松,1
2180,挲,417,冻,1
2180,挲,1305,娑,1
2180,挲,1652,常,1
2180,挲,2165,挛,1
2181,挹,2251,揖,1
2181,挹,2726,棬,1
2182,挺,1109,埏,1
2182,挺,2249,提,1
2182,挺,2384,斑,1
2182,挺,3651,珽,1
2183,挽,1313,娩,1
2183,挽,2118,拉,1
2183,挽,2122,拎,1
2183,挽,2163,挖,1
2183,挽,2714,棁,1
2183,挽,2732,棺,1
2184,捂,2114,担,1
2184,捂,2158,指,1
2184,捂,2231,措,1
2184,捂,2286,搭,1
2184,捂,3512,牾,1
2184,捂,4953,芟,1
2185,捃,2132,招,1
2185,捃,2184,捂,1
2186,捅,2138,拥,1
2186,捅,2158,指,1
2186,捅,2694,桷,1
2186,捅,3125,涌,1
2187,捆,2069,扭,1
2188,捉,247,促,1
2188,捉,2197,损,1
2188,捉,5881,跬,1
2188,捉,6039,进,1
2189,捋,1110,埒,1
2189,捋,2175,挦,1
2191,捍,1908,悍,1
2191,捍,2174,挥,1
2191,捍,2193,捏,1
2191,捍,2215,掉,1
2192,捎,2158,指,1
2192,捎,2248,描,1
2193,捏,2078,找,1
2193,捏,2174,挥,1
2194,捐,2158,指,1
2194,捐,2186,捅,1
2194,捐,2258,揭,1
2194,捐,2278,搛,1
2194,捐,2629,柯,1
2195,捕,1111,埔,1
2195,捕,2121,拍,1
2196,捞,2111,拂,1
2196,捞,2275,搒,1
2196,捞,4686,耢,1
2197,损,1115,埙,1
2197,损,2211,掀,1
2197,损,2683,桢,1
2197,损,6723,顿,1
2198,捡,1075,垃,1
2198,捡,2118,拉,1
2198,捡,2149,拴,1
2198,捡,4331,简,1
2198,捡,5842,趁,1
2199,换,2134,拟,1
2199,换,2188,捉,1
2199,换,2225,探,1
2199,换,2683,桢,1
2199,换,3595,獏,1
2200,捣,1057,坞,1
2200,捣,2258,揭,1
2200,捣,6306,钨,1
2200,捣,7039,鸪,1
2201,捧,4691,耩,1
2202,捩,2179,振,1
2202,捩,2199,换,1
2204,据,2143,括,1
2204,据,2179,振,1
2204,据,2185,捃,1
2204,据,2212,掂,1
2204,据,2740,椐,1
2205,捯,2190,捌,1
2207,捶,1140,堙,1
2207,捶,2157,挂,1
2207,捶,2178,挫,1
2207,捶,2250,插,1
2208,捷,1323,婕,1
2208,捷,2127,拖,1
2208,捷,2754,楗,1
2209,捺,2136,拣,1
2209,捺,2154,拾,1
2209,捺,2320,撩,1
2209,捺,3558,狳,1
2209,捺,4416,粽,1
2210,捻,1117,埝,1
2210,捻,2711,梽,1
2211,掀,2134,拟,1
2211,掀,2257,揪,1
2211,掀,2364,救,1
2213,掇,2891,毁,1
2214,授,2089,投,1
2214,授,2150,拶,1
2214,授,2224,掠,1
2214,授,2261,援,1
2214,授,2706,梭,1
2215,掉,2060,托,1
2215,掉,2073,扳,1
2215,掉,2203,捭,1
2215,掉,2239,掸,1
2215,掉,2328,撺,1
2215,掉,2731,棹,1
2216,掊,2227,接,1
2216,掊,2252,揞,1
2217,掌,103,亭,1
2217,掌,1402,宇,1
2217,掌,2287,搴,1
2217,掌,3089,浆,1
2217,掌,4232,穿,1
2217,掌,4274,竽,1
2217,掌,4306,等,1
2218,掎,2161,挎,1
2219,掏,2187,捆,1
2219,掏,2232,掬,1
2219,掏,3407,烫,1
2220,掐,2117,拈,1
2220,掐,2200,捣,1
2220,掐,2250,插,1
2220,掐,2680,桕,1
2220,掐,5689,谄,1
2221,排,2698,梆,1
2223,掘,2110,抿,1
2223,掘,2204,据,1
2223,掘,2254,握,1
2224,掠,1345,嫁,1
2224,掠,1934,惊,1
2224,掠,2063,扦,1
2224,掠,2140,拧,1
2224,掠,2317,撙,1
2224,掠,2653,校,1
2224,掠,2720,棕,1
2225,探,1085,垛,1
2225,探,1172,墚,1
2225,探,2289,搽,1
2225,探,2333,操,1
2225,探,2730,棵,1
2227,接,2118,拉,1
2227,接,2214,授,1
2227,接,2269,搂,1
2228,控,2139,拦,1
2228,控,2193,捏,1
2228,控,2199,换,1
2228,控,2294,摆,1
2228,控,2299,摔,1
2228,控,2807,樘,1
2229,推,2112,拃,1
2229,推,2113,拄,1
2229,推,2154,拾,1
2229,推,2206,捱,1
2229,推,2739,椎,1
2230,掩,2138,拥,1
2230,掩,2183,挽,1
2231,措,2095,抟,1
2231,措,2178,挫,1
2231,措,2194,捐,1
2232,掬,2187,捆,1
2232,掬,2219,掏,1
2234,掮,2194,捐,1
2235,掰,2384,斑,1
2236,掳,2293,摅,1
2238,掷,2316,撖,1
2239,掸,1087,垟,1
2239,掸,1331,婵,1
2239,掸,2101,抨,1
2239,掸,2136,拣,1
2239,掸,2224,掠,1
2239,掸,2278,搛,1
2239,掸,2707,梯,1
2240,掺,640,参,1
2240,掺,1946,惨,1
2240,掺,2151,拷,1
2240,掺,2551,杉,1
2242,掾,2199,换,1
2244,揆,2178,挫,1
2245,揉,1128,埽,1
2245,揉,2142,择,1
2246,揍,1105,埃,1
2246,揍,4186,租,1
2247,揎,2332,擅,1
2248,描,1854,怙,1
2248,描,2127,拖,1
2248,描,2195,捕,1
2248,描,2219,掏,1
2248,描,2231,措,1
2249,提,2261,援,1
2249,提,2291,摁,1
2249,提,6863,骎,1
2250,插,1982,慑,1
2250,插,2220,掐,1
2251,揖,2252,揞,1
2251,揖,2761,楫,1
2252,揞,2158,指,1
2252,揞,2274,搐,1
2254,握,2206,捱,1
2254,握,2223,掘,1
2254,握,2230,掩,1
2254,握,2302,摧,1
2254,握,3173,淮,1
2255,揣,2173,挤,1
2255,揣,2186,捅,1
2256,揩,2158,指,1
2256,揩,2231,措,1
2256,揩,2248,描,1
2256,揩,2251,揖,1
2256,揩,2302,摧,1
2256,揩,2765,楷,1
2256,揩,3507,牯,1
2257,揪,3472,燹,1
2258,揭,2123,拐,1
2258,揭,2170,挡,1
2258,揭,2200,捣,1
2258,揭,2251,揖,1
2259,揲,1141,堞,1
2261,援,2227,接,1
2262,揶,2316,撖,1
2265,揾,1339,媪,1
2265,揾,2767,楹,1
2267,搀,2091,抗,1
2267,搀,2183,挽,1
2267,搀,6816,馋,1
2268,搁,2187,捆,1
2268,搁,2774,榈,1
2269,搂,2111,拂,1
2269,搂,2156,持,1
2269,搂,2208,捷,1
2269,搂,2227,接,1
2269,搂,4689,耧,1
2270,搅,2183,挽,1
2273,搏,2116,拇,1
2273,搏,2156,持,1
2274,搐,2300,摘,1
2275,搒,2284,搪,1
2276,搓,2091,抗,1
2276,搓,2139,拦,1
2276,搓,2231,措,1
2277,搔,2634,柽,1
2278,搛,4431,糠,1
2279,搜,1104,埂,1
2279,搜,1142,堠,1
2279,搜,2214,授,1
2280,搞,2234,掮,1
2280,搞,2252,揞,1
2280,搞,2255,揣,1
2282,搡,2245,揉,1
2284,搪,833,唐,1
2284,搪,2141,拨,1
2284,搪,2154,拾,1
2284,搪,2212,掂,1
2285,搬,3333,濉,1
2285,搬,4431,糠,1
2286,搭,1155,塔,1
2286,搭,2139,拦,1
2286,搭,2151,拷,1
2286,搭,2289,搽,1
2286,搭,2682,桡,1
2286,搭,6024,达,1
2287,搴,1453,寨,1
2288,携,2086,抒,1
2288,携,2327,撸,1
2288,携,6135,邪,1
2289,搽,2106,抹,1
2289,搽,2136,拣,1
2290,搿,2235,掰,1
2290,搿,3572,猕,1
2291,摁,2335,擐,1
2292,摄,1145,堪,1
2293,摅,5833,赪,1
2294,摆,2604,枵,1
2294,摆,2793,槎,1
2295,摇,2149,拴,1
2295,摇,2152,拼,1
2295,摇,2176,挨,1
2296,摈,2176,挨,1
2296,摈,2183,挽,1
2296,摈,2227,接,1
2296,摈,2228,控,1
2296,摈,2269,搂,1
2296,摈,2346,攘,1
2296,摈,2603,枳,1
2296,摈,2799,槟,1
2297,摊,2229,推,1
2299,摔,1927,悴,1
2299,摔,2172,挣,1
2299,摔,2215,掉,1
2299,摔,2658,样,1
2299,摔,2700,梓,1
2299,摔,2731,棹,1
2299,摔,2808,樟,1
2299,摔,3405,烨,1
2300,摘,1169,墒,1
2300,摘,1356,嫡,1
2300,摘,2255,揣,1
2300,摘,2280,搞,1
2301,摞,1976,愫,1
2302,摧,2344,攉,1
2303,摩,1683,序,1
2303,摩,1697,庤,1
2303,摩,1705,康,1
2303,摩,4113,磨,1
2304,摭,2293,摅,1
2305,摸,1361,嫫,1
2305,摸,1388,孩,1
2305,摸,2199,换,1
2305,摸,2248,描,1
2305,摸,2809,模,1
2306,摹,1661,幕,1
2306,摹,5180,葺,1
2306,摹,5192,蒡,1
2306,摹,5201,蓁,1
2308,摽,2313,撑,1
2311,撅,2822,橛,1
2311,撅,3598,獗,1
2312,撇,2316,撖,1
2312,撇,2319,撤,1
2313,撑,1902,恽,1
2313,撑,2113,拄,1
2313,撑,2225,探,1
2313,撑,2239,掸,1
2313,撑,2807,樘,1
2314,撒,2372,散,1
2314,撒,3311,潵,1
2314,撒,3701,璈,1
2315,撕,1950,惭,1
2317,撙,2239,掸,1
2317,撙,2815,樽,1
2318,撞,2198,捡,1
2318,撞,2227,接,1
2318,撞,2341,擤,1
2318,撞,2804,槿,1
2318,撞,2807,樘,1
2318,撞,2825,橦,1
2319,撤,2312,撇,1
2319,撤,2665,桁,1
2319,撤,6009,辙,1
2320,撩,3599,獠,1
2322,播,2186,捅,1
2322,播,2250,插,1
2322,播,2292,摄,1
2322,播,2331,擂,1
2323,撮,2251,揖,1
2323,撮,2276,搓,1
2325,撵,3276,滹,1
2325,撵,3302,潜,1
2328,撺,2152,拼,1
2329,撼,2084,把,1
2329,撼,2291,摁,1
2331,擂,4442,累,1
2331,擂,4725,肋,1
2332,擅,2118,拉,1
2332,擅,2247,揎,1
2332,擅,2318,撞,1
2333,操,2106,抹,1
2333,操,2199,换,1
2333,操,2239,掸,1
2333,操,3469,燥,1
2333,操,3713,璪,1
2334,擎,2159,挈,1
2334,擎,5239,蕈,1
2334,擎,6252,释,1
2337,擗,2300,摘,1
2338,擘,1364,嬖,1
2338,擘,2834,檗,1
2342,擦,2228,控,1
2342,擦,2308,摽,1
2343,攀,4161,禁,1
2344,攉,2331,擂,1
2344,攉,3340,濯,1
2345,攒,2241,掼,1
2346,攘,2227,接,1
2346,攘,2261,援,1
2346,攘,2786,榱,1
2349,攮,2786,榱,1
2350,支,5836,走,1
2351,攴,2350,支,1
2352,攵,1240,女,1
2353,收,676,叹,1
2353,收,3504,牧,1
2353,收,5311,蚊,1
2353,收,5631,诉,1
2355,改,1745,弥,1
2355,改,2357,放,1
2355,改,3616,玟,1
2355,改,4879,致,1
2355,改,5621,设,1
2356,攻,1058,坟,1
2356,攻,2355,改,1
2356,攻,2360,效,1
2356,攻,6717,项,1
2357,放,1745,弥,1
2357,放,2362,敌,1
2357,放,2368,敛,1
2357,放,2952,汉,1
2357,放,7031,鸡,1
2358,政,2513,曲,1
2358,政,2863,歧,1
2358,政,4879,致,1
2359,故,1048,坎,1
2359,故,2358,政,1
2359,故,2375,敬,1
2359,故,2852,歃,1
2359,故,4031,砍,1
2360,效,4478,纹,1
2360,效,5483,袄,1
2360,效,6156,郊,1
2361,敉,2134,拟,1
2361,敉,4428,糙,1
2362,敌,72,乱,1
2362,敌,2355,改,1
2362,敌,2357,放,1
2362,敌,3504,牧,1
2363,敏,2079,承,1
2363,敏,2355,改,1
2363,敏,2358,政,1
2363,敏,2368,敛,1
2364,救,2073,扳,1
2364,救,2146,拯,1
2364,救,2358,政,1
2364,救,2367,教,1
2364,救,2589,枚,1
2364,救,4395,籽,1
2364,救,5831,赦,1
2364,救,7168,齿,1
2365,敕,2364,救,1
2366,敖,6301,钣,1
2367,教,2362,敌,1
2367,教,2366,敖,1
2367,教,2376,数,1
2367,教,4671,者,1
2367,教,5831,赦,1
2368,敛,2355,改,1
2369,敝,2361,敉,1
2369,敝,2365,敕,1
2369,敝,2606,枷,1
2369,敝,3491,版,1
2369,敝,5831,赦,1
2370,敞,2357,放,1
2370,敞,2849,欹,1
2371,敢,649,取,1
2371,敢,3791,疚,1
2372,散,2366,敖,1
2372,散,2376,数,1
2372,散,2843,欣,1
2372,散,5237,蔽,1
2373,敦,2400,新,1
2373,敦,2851,款,1
2373,敦,6372,铰,1
2374,敫,1194,复,1
2375,敬,2370,敞,1
2375,敬,4120,礅,1
2375,敬,5831,赦,1
2376,数,1328,婪,1
2376,数,2073,扳,1
2376,数,2361,敉,1
2376,数,2363,敏,1
2376,数,2366,敖,1
2376,数,2367,教,1
2376,数,5263,薮,1
2376,数,5831,赦,1
2377,敲,2893,毅,1
2377,敲,3905,皱,1
2378,整,1992,憋,1
2378,整,2755,楚,1
2378,整,4006,矍,1
2378,整,6263,鋆,1
2378,整,7042,鸭,1
2379,敷,2374,敫,1
2379,敷,3486,爽,1
2379,敷,3623,玫,1
2379,敷,6658,霰,1
2380,文,47,久,1
2380,文,1240,女,1
2380,文,1372,孓,1
2380,文,1721,廴,1
2380,文,3481,父,1
2380,文,4172,离,1
2381,斋,4170,禹,1
2381,斋,4172,离,1
2381,斋,4974,芽,1
2381,斋,4985,苏,1
2382,斌,1312,娥,1
2382,斌,5807,赋,1
2383,斐,4952,芝,1
2384,斑,5620,讽,1
2386,斗,32,丬,1
2386,斗,2947,汁,1
2386,斗,3498,牛,1
2387,料,4394,籼,1
2389,斜,149,件,1
2389,斜,4468,纯,1
2389,斜,4756,胁,1
2391,斟,2399,斯,1
2392,斡,5975,轷,1
2392,斡,5977,轹,1
2392,斡,6861,验,1
2393,斤,116,仃,1
2393,斤,4458,纤,1
2394,斥,53,乍,1
2394,斥,656,口,1
2394,斥,1197,夕,1
2396,斩,1040,圻,1
2396,斩,1254,妍,1
2396,斩,2092,折,1
2398,断,393,冉,1
2398,断,3155,淅,1
2398,断,3319,澌,1
2399,斯,2031,戡,1
2399,斯,2446,昕,1
2400,新,1481,就,1
2401,方,83,云,1
2401,方,85,亓,1
2401,方,1612,左,1
2401,方,1821,忘,1
2403,施,1742,弛,1
2403,施,2409,旋,1
2403,施,2410,旌,1
2403,施,3008,沲,1
2403,施,7053,鸹,1
2404,旁,1751,弯,1
2404,旁,1768,彦,1
2405,旃,4918,艄,1
2405,旃,6633,雨,1
2406,旄,1174,墟,1
2406,旄,2403,施,1
2407,旅,233,依,1
2407,旅,4077,硷,1
2407,旅,5196,蒸,1
2409,旋,2403,施,1
2409,旋,2407,旅,1
2409,旋,3030,泛,1
2409,旋,4326,筷,1
2409,旋,4507,绘,1
2411,旎,2669,桅,1
2411,旎,4042,砣,1
2411,旎,4794,脆,1
2412,族,2410,旌,1
2412,族,3139,涣,1
2412,族,3584,猫,1
2412,族,4139,祖,1
2412,族,6423,锤,1
2414,旖,2790,槁,1
2415,旗,4357,篊,1
2416,无,698,君,1
2416,无,1477,尤,1
2416,无,4951,芜,1
2417,既,3063,洗,1
2417,既,3626,现,1
2417,既,5317,蚜,1
2418,日,67,习,1
2418,日,550,匀,1
2418,日,664,召,1
2418,日,3742,用,1
2418,日,4881,臼,1
2419,旦,88,亘,1
2419,旦,139,令,1
2419,旦,3740,生,1
2419,旦,3908,皿,1
2419,旦,4453,纟,1
2420,旧,163,众,1
2420,旧,1000,囚,1
2420,旧,1001,四,1
2420,旧,2512,曰,1
2420,旧,3056,洄,1
2420,旧,4490,细,1
2420,旧,4767,胚,1
2420,旧,6562,阳,1
2421,旨,4994,苜,1
2422,早,2901,毕,1
2423,旬,687,同,1
2423,旬,2522,月,1
2423,旬,5656,询,1
2425,旮,3891,百,1
2426,旯,2464,晃,1
2427,旰,680,吁,1
2427,旰,3931,盱,1
2427,旰,4733,肝,1
2428,旱,1378,孚,1
2429,旴,3756,町,1
2429,旴,3931,盱,1
2430,时,673,叶,1
2430,时,1457,对,1
2430,时,1819,忖,1
2430,时,6505,闩,1
2430,时,6572,附,1
2431,旷,4733,肝,1
2432,旸,3614,玚,1
2432,旸,4735,肠,1
2433,旺,693,吒,1
2433,旺,3762,畋,1
2433,旺,3952,眨,1
2433,旺,4730,肚,1
2436,昂,2444,易,1
2436,昂,4674,而,1
2438,昆,1492,屁,1
2438,昆,4927,艮,1
2438,昆,5618,论,1
2438,昆,7142,黾,1
2439,昉,2430,时,1
2439,昉,3762,畋,1
2439,昉,3794,疠,1
2439,昉,4734,肟,1
2439,昉,4736,股,1
2439,昉,4741,肪,1
2440,昊,2428,旱,1
2441,昌,674,号,1
2441,昌,695,吕,1
2441,昌,1200,多,1
2441,昌,1426,宫,1
2441,昌,1723,廷,1
2441,昌,2421,旨,1
2441,昌,4759,胄,1
2442,明,140,以,1
2442,明,678,叼,1
2442,明,2454,昭,1
2442,明,3766,畔,1
2442,明,3952,眨,1
2443,昏,2421,旨,1
2443,昏,3767,留,1
2444,易,549,勿,1
2444,易,6599,隅,1
2445,昔,1090,垢,1
2445,昔,4671,者,1
2445,昔,4727,肓,1
2445,昔,4745,肯,1
2445,昔,5021,茎,1
2445,昔,5113,菁,1
2445,昔,5147,萑,1
2446,昕,710,听,1
2447,昙,716,吴,1
2447,昙,2482,景,1
2449,星,726,呈,1
2449,星,1095,垩,1
2449,星,1422,室,1
2449,星,1489,尾,1
2449,星,2476,晟,1
2449,星,4878,至,1
2450,映,728,呋,1
2450,映,1553,峡,1
2450,映,5889,跺,1
2451,春,478,券,1
2451,春,2898,毒,1
2451,春,3959,眷,1
2451,春,6710,音,1
2452,昧,2430,时,1
2452,昧,2469,晓,1
2452,昧,3956,眯,1
2452,昧,5649,诛,1
2453,昨,2435,昀,1
2453,昨,3946,眙,1
2453,昨,3952,眨,1
2453,昨,3964,睁,1
2453,昨,6668,非,1
2454,昭,2478,晤,1
2454,昭,3946,眙,1
2455,是,2434,旻,1
2455,是,2456,昱,1
2455,是,4611,罡,1
2455,是,5836,走,1
2456,昱,2449,星,1
2457,昴,1641,帚,1
2458,昵,740,呢,1
2458,昵,2461,昽,1
2458,昵,3962,眼,1
2458,昵,6925,魄,1
2459,昶,3213,湘,1
2460,昼,3783,疍,1
2461,昽,767,咙,1
2461,昽,2469,晓,1
2461,昽,3640,珑,1
2462,显,356,兄,1
2462,显,2449,星,1
2462,显,2456,昱,1
2462,显,2471,晕,1
2463,晁,358,兆,1
2464,晃,356,兄,1
2464,晃,397,冕,1
2464,晃,1876,恍,1
2464,晃,3365,炅,1
2464,晃,4619,罴,1
2465,晋,2451,春,1
2465,晋,2481,普,1
2465,晋,4318,筜,1
2465,晋,4747,育,1
2465,晋,5003,苫,1
2466,晌,813,哟,1
2466,晌,1941,惝,1
2466,晌,2432,旸,1
2466,晌,2442,明,1
2466,晌,3381,炯,1
2468,晒,2432,旸,1
2468,晒,2435,昀,1
2468,晒,4711,聒,1
2468,晒,4917,舾,1
2469,晓,712,吮,1
2471,晕,401,军,1
2471,晕,586,卓,1
2471,晕,6711,韵,1
2472,晖,3752,申,1
2472,晖,3964,睁,1
2474,晚,418,冼,1
2474,晚,1313,娩,1
2474,晚,2183,挽,1
2474,晚,2450,映,1
2474,晚,2469,晓,1
2474,晚,2529,朕,1
2474,晚,3941,眈,1
2475,晞,832,唏,1
2477,晡,4811,脯,1
2478,晤,1560,峪,1
2478,晤,2454,昭,1
2478,晤,2497,暗,1
2478,晤,3655,琇,1
2478,晤,3953,眩,1
2479,晦,788,咿,1
2479,晦,930,嗨,1
2479,晦,1910,悔,1
2479,晦,3964,睁,1
2479,晦,4842,腼,1
2479,晦,5671,诲,1
2479,晦,5795,贿,1
2479,晦,6222,酶,1
2480,晨,348,儇,1
2480,晨,1433,宸,1
2480,晨,2437,昃,1
2480,晨,5292,虑,1
2480,晨,5467,衣,1
2480,晨,5470,表,1
2481,普,3922,盖,1
2481,普,3959,眷,1
2482,景,725,呆,1
2482,景,1922,悬,1
2482,景,3754,男,1
2483,晰,193,佐,1
2483,晰,4756,胁,1
2483,晰,5382,蜥,1
2484,晳,2490,暂,1
2484,晳,2763,楯,1
2485,晴,868,啧,1
2485,晴,961,嘴,1
2485,晴,1568,崎,1
2485,晴,2430,时,1
2485,晴,2478,晤,1
2486,晶,5275,藠,1
2488,智,705,否,1
2488,智,3768,畚,1
2488,智,4282,笏,1
2489,晾,35,串,1
2489,晾,2497,暗,1
2489,晾,2498,暝,1
2489,晾,4810,脬,1
2489,晾,4828,腙,1
2489,晾,4852,膘,1
2490,暂,822,哲,1
2490,暂,1324,婚,1
2490,暂,2218,掎,1
2490,暂,2484,晳,1
2490,暂,3973,督,1
2490,暂,6335,铅,1
2491,暄,902,喧,1
2492,暅,1878,恒,1
2493,暇,3682,瑕,1
2493,暇,4820,腋,1
2495,暑,5164,著,1
2496,暖,936,嗳,1
2496,暖,3563,狻,1
2496,暖,3774,畯,1
2497,暗,780,咭,1
2497,暗,851,唼,1
2497,暗,914,嗌,1
2497,暗,2485,晴,1
2497,暗,2773,榇,1
2498,暝,3989,瞑,1
2499,暧,936,嗳,1
2501,暮,381,其,1
2501,暮,2451,春,1
2501,暮,6940,鲁,1
2502,暴,1453,寨,1
2502,暴,4262,竖,1
2502,暴,4327,筹,1
2505,曈,2491,暄,1
2506,曙,2498,暝,1
2507,曛,852,唾,1
2507,曛,5421,螣,1
2508,曜,994,嚯,1
2512,曰,1001,四,1
2512,曰,2895,母,1
2512,曰,3890,白,1
2512,曰,3929,目,1
2512,曰,4881,臼,1
2513,曲,1810,必,1
2514,曳,69,书,1
2514,曳,2016,戋,1
2515,更,670,史,1
2515,更,690,吏,1
2517,曹,3283,漕,1
2517,曹,5023,茑,1
2517,曹,5231,蔷,1
2517,曹,5266,薷,1
2517,曹,5957,軎,1
2517,曹,6113,遭,1
2518,曼,3288,漫,1
2519,曾,2481,普,1
2519,曾,5522,裳,1
2520,替,2751,椿,1
2520,替,2988,沓,1
2520,替,4761,背,1
2520,替,5409,蝽,1
2521,最,60,乖,1
2521,最,1760,录,1
2521,最,2371,敢,1
2521,最,4391,米,1
2522,月,667,可,1
2522,月,687,同,1
2522,月,2512,曰,1
2522,月,3749,田,1
2522,月,3929,目,1
2523,有,671,右,1
2523,有,4994,苜,1
2524,朊,4726,肌,1
2524,朊,4770,胝,1
2525,朋,394,册,1
2525,朋,2442,明,1
2525,朋,4825,腓,1
2525,朋,6562,阳,1
2526,服,649,取,1
2526,服,4736,股,1
2527,朐,4771,胞,1
2527,朐,4789,胸,1
2528,朔,3620,玥,1
2528,朔,6737,颍,1
2529,朕,4712,联,1
2530,朗,469,刨,1
2530,朗,6415,锛,1
2531,望,2968,汪,1
2531,望,3767,留,1
2532,朝,4501,绑,1
2534,朦,4852,膘,1
2534,朦,4865,臁,1
2534,朦,5745,豚,1
2535,木,1208,夫,1
2535,木,1456,寸,1
2535,木,2538,本,1
2535,木,2540,术,1
2535,木,2942,水,1
2535,木,6702,韦,1
2536,未,34,丰,1
2536,未,2535,木,1
2536,未,2948,求,1
2537,末,2541,朱,1
2537,末,2561,束,1
2537,末,4677,耒,1
2538,本,2053,扌,1
2538,本,2394,斥,1
2538,本,5958,车,1
2539,札,2542,朴,1
2539,札,2544,机,1
2539,札,2559,杜,1
2540,术,2948,求,1
2540,术,4174,禾,1
2540,术,4391,米,1
2541,朱,25,丢,1
2541,朱,1213,失,1
2541,朱,2536,未,1
2541,朱,3498,牛,1
2541,朱,4391,米,1
2542,朴,2587,林,1
2542,朴,2662,栽,1
2543,朵,2547,杂,1
2543,朵,4174,禾,1
2543,朵,4293,笨,1
2544,机,2539,札,1
2544,机,2542,朴,1
2544,机,2552,杌,1
2544,机,2599,枫,1
2545,朽,2577,杼,1
2545,朽,2584,枋,1
2545,朽,2618,柘,1
2545,朽,2815,樽,1
2545,朽,4734,肟,1
2546,杀,123,介,1
2546,杀,199,余,1
2546,杀,725,呆,1
2546,杀,1378,孚,1
2546,杀,1458,寺,1
2546,杀,2547,杂,1
2546,杀,4624,羊,1
2547,杂,22,东,1
2547,杂,402,农,1
2547,杂,516,办,1
2547,杂,725,呆,1
2547,杂,1471,尖,1
2547,杂,2543,朵,1
2547,杂,5958,车,1
2548,权,649,取,1
2548,权,2560,杞,1
2548,权,2639,栈,1
2548,权,6833,驭,1
2549,杆,2060,托,1
2551,杉,1766,形,1
2551,杉,1772,彬,1
2551,杉,2058,打,1
2551,杉,2086,抒,1
2551,杉,2542,朴,1
2552,杌,2569,杭,1
2553,李,1223,奇,1
2553,李,1298,娄,1
2553,李,2536,未,1
2553,李,2554,杏,1
2553,李,6614,隶,1
2554,杏,444,击,1
2554,杏,478,券,1
2554,杏,705,否,1
2554,杏,2571,杰,1
2554,杏,2626,查,1
2554,杏,3472,燹,1
2554,杏,4177,秃,1
2554,杏,6663,青,1
2555,材,1462,封,1
2555,材,2587,林,1
2557,杓,2647,栒,1
2558,杖,131,仗,1
2558,杖,2074,扶,1
2558,杖,2548,权,1
2559,杜,2061,扛,1
2559,杜,2558,杖,1
2559,杜,2583,枉,1
2559,杜,4130,社,1
2560,杞,2539,札,1
2560,杞,2685,桤,1
2560,杞,4131,祀,1
2561,束,690,吏,1
2561,束,1217,夹,1
2561,束,2541,朱,1
2561,束,2553,李,1
2561,束,4720,肃,1
2562,杠,2063,扦,1
2562,杠,2207,捶,1
2562,杠,2544,机,1
2562,杠,2549,杆,1
2562,杠,2583,枉,1
2562,杠,2631,柱,1
2562,杠,5601,讧,1
2563,条,408,冬,1
2563,条,2546,杀,1
2564,来,1217,夹,1
2564,来,4391,米,1
2564,来,5101,莱,1
2564,来,6250,采,1
2565,杧,2583,枉,1
2565,杧,2645,栏,1
2566,杨,2125,拓,1
2566,杨,2557,杓,1
2566,杨,2581,构,1
2566,杨,2612,柏,1
2566,杨,2684,档,1
2566,杨,6703,韧,1
2567,杩,2545,朽,1
2567,杩,2629,柯,1
2569,杭,1051,坑,1
2569,杭,2552,杌,1
2569,杭,2578,松,1
2569,杭,2690,桩,1
2570,杯,1049,坏,1
2570,杯,2364,救,1
2570,杯,2587,林,1
2570,杯,2724,棣,1
2571,杰,1824,忠,1
2572,杲,725,呆,1
2572,杲,2590,果,1
2572,杲,2613,某,1
2574,杵,1826,忤,1
2575,杷,2084,把,1
2575,杷,2608,柁,1
2576,杻,2696,梃,1
2577,杼,2570,杯,1
2578,松,423,凇,1
2578,松,1828,忪,1
2578,松,2061,扛,1
2578,松,2551,杉,1
2578,松,2586,枕,1
2578,松,2599,枫,1
2578,松,2688,桧,1
2579,板,653,叛,1
2579,板,2316,撖,1
2579,板,2585,析,1
2579,板,2592,枞,1
2579,板,2622,柝,1
2579,板,2653,校,1
2580,极,2548,权,1
2580,极,2599,枫,1
2580,极,2653,校,1
2581,构,2219,掏,1
2581,构,2557,杓,1
2581,构,2566,杨,1
2581,构,2661,格,1
2581,构,2713,检,1
2581,构,3505,物,1
2581,构,3934,相,1
2581,构,4642,羽,1
2582,枇,1261,妣,1
2582,枇,2544,机,1
2583,枉,2061,扛,1
2583,枉,2065,扩,1
2583,枉,2559,杜,1
2583,枉,2560,杞,1
2583,枉,2562,杠,1
2583,枉,2666,桂,1
2583,枉,5840,赶,1
2584,枋,2624,柠,1
2584,枋,2661,格,1
2585,析,1835,忻,1
2585,析,2073,扳,1
2585,析,2624,柠,1
2585,析,2643,栌,1
2586,枕,2135,拢,1
2586,枕,2582,枇,1
2586,枕,2596,枧,1
2586,枕,4199,秾,1
2587,林,2056,扑,1
2587,林,2090,抖,1
2587,林,2556,村,1
2587,林,2655,株,1
2587,林,4985,苏,1
2588,枘,2109,抽,1
2589,枚,2364,救,1
2589,枚,2579,板,1
2589,枚,2653,校,1
2589,枚,2661,格,1
2589,枚,3504,牧,1
2590,果,4171,禺,1
2591,枝,1831,忮,1
2591,枝,2601,枯,1
2591,枝,2638,标,1
2591,枝,2701,梗,1
2591,枝,5093,莜,1
2592,枞,2596,枧,1
2593,枢,2560,杞,1
2593,枢,2583,枉,1
2593,枢,2621,柜,1
2593,枢,2690,桩,1
2595,枥,2584,枋,1
2596,枧,5556,规,1
2597,枨,2697,梅,1
2597,枨,4191,秩,1
2598,枪,2560,杞,1
2598,枪,2675,桎,1
2598,枪,2685,桤,1
2599,枫,2672,桉,1
2599,枫,2708,械,1
2599,枫,3212,湖,1
2601,枯,1442,寇,1
2601,枯,2559,杜,1
2601,枯,2618,柘,1
2601,枯,2651,栝,1
2601,枯,2679,桔,1
2601,枯,2702,梢,1
2601,枯,3631,玻,1
2601,枯,4684,耜,1
2601,枯,5334,蛄,1
2603,枳,117,仄,1
2603,枳,2599,枫,1
2604,枵,2603,枳,1
2604,枵,2704,梧,1
2606,枷,2555,材,1
2607,枸,2129,拘,1
2607,枸,2581,构,1
2608,柁,2598,枪,1
2609,柃,2683,桢,1
2610,柄,2566,杨,1
2610,柄,2742,椒,1
2611,柈,2658,样,1
2612,柏,2062,扣,1
2612,柏,2121,拍,1
2612,柏,2579,板,1
2612,柏,2595,枥,1
2612,柏,2598,枪,1
2612,柏,2621,柜,1
2612,柏,2647,栒,1
2612,柏,2738,植,1
2612,柏,4399,粕,1
2613,某,2564,来,1
2613,某,4940,芈,1
2613,某,5002,苦,1
2613,某,5019,茉,1
2613,某,5038,茱,1
2613,某,5101,莱,1
2614,柑,2158,指,1
2614,柑,2601,枯,1
2614,柑,2620,柚,1
2615,柒,2616,染,1
2615,柒,2633,柴,1
2615,柒,3068,洣,1
2615,柒,5645,诗,1
2616,染,2514,曳,1
2616,染,2543,朵,1
2616,染,2695,梁,1
2617,柔,2600,枭,1
2617,柔,5274,藜,1
2619,柙,2108,押,1
2621,柜,2575,杷,1
2621,柜,2678,桓,1
2623,柞,1847,怍,1
2623,柞,2784,榫,1
2624,柠,430,凝,1
2624,柠,2638,标,1
2624,柠,2684,档,1
2624,柠,3356,灯,1
2625,柢,2076,扺,1
2626,查,1226,奋,1
2628,柬,4097,碱,1
2629,柯,2545,朽,1
2629,柯,2576,杻,1
2629,柯,2684,档,1
2630,柰,2553,李,1
2631,柱,2583,枉,1
2631,柱,2645,栏,1
2631,柱,2648,栓,1
2631,柱,2661,格,1
2631,柱,2696,梃,1
2631,柱,2728,棰,1
2632,柳,2566,杨,1
2632,柳,2777,榔,1
2633,柴,2543,朵,1
2633,柴,2650,栗,1
2633,柴,2791,槊,1
2633,柴,4402,粜,1
2633,柴,4411,粱,1
2635,柿,2070,扮,1
2635,柿,2549,杆,1
2635,柿,2595,枥,1
2635,柿,2632,柳,1
2636,栀,1845,怆,1
2638,标,1376,存,1
2638,标,2156,持,1
2638,标,2570,杯,1
2638,标,2587,林,1
2638,标,2642,栋,1
2638,标,2651,栝,1
2638,标,2773,榇,1
2638,标,3545,狝,1
2639,栈,2078,找,1
2639,栈,2568,杪,1
2639,栈,2682,桡,1
2639,栈,3549,狨,1
2639,栈,6503,长,1
2640,栉,1740,弗,1
2640,栉,2577,杼,1
2642,栋,2712,梾,1
2642,栋,3388,炼,1
2643,栌,2099,护,1
2644,栎,2136,拣,1
2644,栎,2625,柢,1
2644,栎,2642,栋,1
2644,栎,2712,梾,1
2645,栏,34,丰,1
2645,栏,2118,拉,1
2645,栏,2648,栓,1
2645,栏,2713,检,1
2645,栏,3392,烂,1
2646,树,2555,材,1
2646,树,2556,村,1
2647,栒,2676,桐,1
2648,栓,1862,性,1
2648,栓,2118,拉,1
2648,栓,2631,柱,1
2648,栓,2645,栏,1
2648,栓,2675,桎,1
2648,栓,2713,检,1
2649,栖,2121,拍,1
2649,栖,2610,柄,1
2649,栖,2612,柏,1
2649,栖,4404,粞,1
2650,栗,2671,案,1
2651,栝,999,囗,1
2653,校,34,丰,1
2653,校,2589,枚,1
2653,校,2591,枝,1
2653,校,2638,标,1
2653,校,2706,梭,1
2653,校,2729,棱,1
2653,校,5987,较,1
2655,株,2090,抖,1
2655,株,2106,抹,1
2655,株,2574,杵,1
2655,株,2730,棵,1
2655,株,4187,秣,1
2656,栲,2604,枵,1
2656,栲,2704,梧,1
2656,栲,2793,槎,1
2657,栳,2169,挠,1
2657,栳,2762,楮,1
2658,样,2101,抨,1
2658,样,2172,挣,1
2658,样,2602,枰,1
2658,样,2684,档,1
2658,样,4149,祥,1
2659,核,2589,枚,1
2659,核,2653,校,1
2659,核,2668,桄,1
2659,核,2682,桡,1
2660,根,2603,枳,1
2660,根,2715,棂,1
2660,根,2770,概,1
2660,根,3547,狠,1
2660,根,5844,超,1
2661,格,2185,捃,1
2661,格,2656,栲,1
2661,格,2699,梏,1
2661,格,2704,梧,1
2662,栽,4179,秉,1
2665,桁,2577,杼,1
2666,桂,1092,垤,1
2666,桂,2113,拄,1
2666,桂,2559,杜,1
2666,桂,2645,栏,1
2666,桂,2675,桎,1
2666,桂,2726,棬,1
2666,桂,2807,樘,1
2667,桃,5140,萄,1
2668,桄,2771,榄,1
2669,桅,2077,扼,1
2669,桅,2670,框,1
2670,框,1726,廿,1
2670,框,2223,掘,1
2670,框,2593,枢,1
2670,框,2696,梃,1
2670,框,2739,椎,1
2670,框,4410,粮,1
2671,案,105,亲,1
2671,案,401,军,1
2671,案,1667,干,1
2671,案,2633,柴,1
2671,案,2650,栗,1
2671,案,4250,窠,1
2671,案,4437,紊,1
2671,案,4439,索,1
2672,桉,2652,栟,1
2673,桊,2148,拳,1
2674,桌,2590,果,1
2674,桌,5123,菜,1
2676,桐,1890,恫,1
2676,桐,2129,拘,1
2676,桐,2607,枸,1
2676,桐,2629,柯,1
2676,桐,2826,橱,1
2676,桐,3381,炯,1
2678,桓,1091,垣,1
2678,桓,2247,揎,1
2678,桓,2675,桎,1
2678,桓,2681,桠,1
2678,桓,2738,植,1
2679,桔,2170,挡,1
2679,桔,2601,枯,1
2679,桔,2656,栲,1
2679,桔,2666,桂,1
2679,桔,2699,梏,1
2679,桔,2762,楮,1
2680,桕,1852,怕,1
2680,桕,2612,柏,1
2680,桕,2623,柞,1
2682,桡,2169,挠,1
2683,桢,2659,核,1
2684,档,2631,柱,1
2684,档,2685,桤,1
2684,档,2702,梢,1
2684,档,2704,梧,1
2686,桥,1301,娇,1
2686,桥,2173,挤,1
2686,桥,2651,栝,1
2686,桥,2655,株,1
2686,桥,2668,桄,1
2687,桦,2602,枰,1
2687,桦,2773,榇,1
2688,桧,3558,狳,1
2690,桩,2113,拄,1
2690,桩,2552,杌,1
2690,桩,2623,柞,1
2690,桩,2631,柱,1
2690,桩,2641,栊,1
2690,桩,2643,栌,1
2691,桫,2620,柚,1
2693,桶,2566,杨,1
2693,桶,2702,梢,1
2693,桶,2738,植,1
2694,桷,2697,梅,1
2695,梁,413,决,1
2695,梁,2590,果,1
2695,梁,2616,染,1
2695,梁,3174,深,1
2695,梁,4283,笑,1
2696,梃,2681,桠,1
2697,梅,930,嗨,1
2697,梅,1874,恃,1
2697,梅,2127,拖,1
2697,梅,2172,挣,1
2697,梅,2648,栓,1
2697,梅,2670,框,1
2697,梅,2672,桉,1
2697,梅,2694,桷,1
2697,梅,2739,椎,1
2698,梆,2075,批,1
2698,梆,2619,柙,1
2698,梆,2687,桦,1
2698,梆,2747,椰,1
2699,梏,2604,枵,1
2699,梏,2679,桔,1
2700,梓,2602,枰,1
2700,梓,4414,粹,1
2701,梗,2675,桎,1
2701,梗,4074,硬,1
2702,梢,1905,悄,1
2702,梢,2194,捐,1
2703,梦,1328,婪,1
2703,梦,2006,懋,1
2703,梦,2520,替,1
2703,梦,2755,楚,1
2704,梧,1915,悟,1
2704,梧,2216,掊,1
2704,梧,2659,核,1
2704,梧,2661,格,1
2704,梧,2679,桔,1
2705,梨,3500,牟,1
2705,梨,3515,犁,1
2706,梭,2176,挨,1
2706,梭,2659,核,1
2707,梯,2086,抒,1
2707,梯,2658,样,1
2707,梯,2736,椅,1
2707,梯,2761,楫,1
2708,械,611,卸,1
2708,械,1108,城,1
2708,械,2801,槭,1
2709,梳,2097,抡,1
2709,梳,2659,核,1
2709,梳,2766,楸,1
2709,梳,2818,橇,1
2711,梽,2657,栳,1
2712,梾,2721,棘,1
2713,检,1075,垃,1
2713,检,2118,拉,1
2713,检,2565,杧,1
2713,检,2628,柬,1
2713,检,2769,榀,1
2713,检,2821,橙,1
2713,检,3968,睑,1
2714,棁,1919,悦,1
2714,棁,2668,桄,1
2716,棉,1642,帛,1
2716,棉,2635,柿,1
2716,棉,2707,梯,1
2716,棉,2795,槔,1
2717,棋,2193,捏,1
2717,棋,2305,摸,1
2717,棋,2682,桡,1
2717,棋,2749,椹,1
2717,棋,2809,模,1
2718,棍,2179,振,1
2718,棍,2660,根,1
2718,棍,2818,橇,1
2719,棒,2808,樟,1
2720,棕,2735,椁,1
2720,棕,2737,椋,1
2721,棘,4269,竦,1
2723,棠,1130,堂,1
2723,棠,2617,柔,1
2723,棠,3497,牚,1
2723,棠,4438,素,1
2723,棠,5202,蓂,1
2725,棨,2650,栗,1
2727,森,5073,荪,1
2729,棱,2305,摸,1
2729,棱,2591,枝,1
2729,棱,2648,栓,1
2729,棱,2757,楞,1
2730,棵,2174,挥,1
2730,棵,2225,探,1
2730,棵,2597,枨,1
2730,棵,2655,株,1
2730,棵,2686,桥,1
2730,棵,4210,稞,1
2732,棺,2284,搪,1
2732,棺,2608,柁,1
2732,棺,2678,桓,1
2732,棺,2737,椋,1
2732,棺,2807,樘,1
2733,棻,5123,菜,1
2735,椁,1933,惇,1
2736,椅,2156,持,1
2736,椅,3574,猗,1
2737,椋,2638,标,1
2737,椋,2823,橡,1
2738,植,2248,描,1
2738,植,6456,镇,1
2739,椎,2623,柞,1
2739,椎,2631,柱,1
2739,椎,2648,栓,1
2739,椎,2738,植,1
2739,椎,2814,樵,1
2739,椎,6621,雄,1
2740,椐,2651,栝,1
2740,椐,4824,腒,1
2742,椒,274,俶,1
2742,椒,2772,榆,1
2744,椠,1138,堑,1
2745,椤,2757,楞,1
2746,椭,2307,摺,1
2746,椭,2588,枘,1
2746,椭,2738,植,1
2746,椭,6134,邦,1
2747,椰,819,哪,1
2747,椰,2632,柳,1
2747,椰,2746,椭,1
2747,椰,6144,邶,1
2748,椴,3431,煅,1
2751,椿,2726,棬,1
2752,楂,2738,植,1
2753,楔,4164,禊,1
2754,楗,2620,柚,1
2755,楚,3424,焚,1
2755,楚,3677,琶,1
2755,楚,5102,莲,1
2755,楚,5836,走,1
2757,楞,416,冷,1
2757,楞,1968,愕,1
2757,楞,2275,搒,1
2758,楠,2694,桷,1
2759,楣,1337,媚,1
2759,楣,3590,猸,1
2760,楦,2247,揎,1
2760,楦,2829,檀,1
2762,楮,2812,樯,1
2764,楱,2246,揍,1
2765,楷,2150,拶,1
2765,楷,2158,指,1
2765,楷,2699,梏,1
2765,楷,2811,横,1
2768,楼,2080,技,1
2768,楼,2095,抟,1
2768,楼,2657,栳,1
2768,楼,2724,棣,1
2769,榀,2603,枳,1
2769,榀,2789,榻,1
2770,概,1988,慨,1
2770,概,2569,杭,1
2770,概,2586,枕,1
2770,概,2766,楸,1
2771,榄,2683,桢,1
2771,榄,2714,棁,1
2772,榆,2647,栒,1
2772,榆,2817,橄,1
2773,榇,2672,桉,1
2773,榇,2712,梾,1
2773,榇,2720,棕,1
2774,榈,2647,栒,1
2775,榉,2540,术,1
2775,榉,2808,樟,1
2776,榍,2298,摒,1
2777,榔,6138,邯,1
2778,榕,2228,控,1
2778,榕,2608,柁,1
2778,榕,2709,梳,1
2778,榕,2801,槭,1
2778,榕,2837,檫,1
2779,榘,4412,粲,1
2780,榛,2201,捧,1
2780,榛,2246,揍,1
2781,榜,1151,塆,1
2781,榜,1333,婷,1
2781,榜,2216,掊,1
2781,榜,2688,桧,1
2781,榜,2704,梧,1
2783,榨,2623,柞,1
2783,榨,2669,桅,1
2783,榨,2706,梭,1
2784,榫,2773,榇,1
2787,榴,2200,捣,1
2787,榴,2833,檑,1
2787,榴,3451,熘,1
2788,榷,329,傩,1
2788,榷,1942,惟,1
2788,榷,2762,楮,1
2788,榷,6618,难,1
2794,槐,1975,愧,1
2794,槐,2291,摁,1
2794,槐,6921,鬼,1
2796,槚,1658,幅,1
2797,槛,2265,揾,1
2797,槛,2685,桤,1
2799,槟,2741,椑,1
2800,槠,2762,楮,1
2803,槽,2704,梧,1
2805,樊,1178,墼,1
2808,樟,2784,榫,1
2809,模,2193,捏,1
2809,模,2296,摈,1
2809,模,2807,樘,1
2810,樨,1087,垟,1
2810,樨,2822,橛,1
2810,樨,2828,橼,1
2811,横,1115,埙,1
2811,横,2003,懂,1
2811,横,2199,换,1
2811,横,2349,攮,1
2811,横,2657,栳,1
2811,横,2678,桓,1
2811,横,2804,槿,1
2811,横,5465,衡,1
2812,樯,2803,槽,1
2813,樱,2745,椤,1
2814,樵,2681,桠,1
2814,樵,2792,槌,1
2814,樵,2831,檎,1
2815,樽,2810,樨,1
2816,樾,2835,檠,1
2816,樾,6927,魆,1
2817,橄,2747,椰,1
2817,橄,2766,楸,1
2819,橐,2822,橛,1
2820,橘,2010,懦,1
2820,橘,2331,擂,1
2820,橘,2790,槁,1
2820,橘,2831,檎,1
2820,橘,2833,檑,1
2821,橙,2839,檵,1
2822,橛,2792,槌,1
2823,橡,2280,搞,1
2823,橡,2750,椽,1
2823,橡,2786,榱,1
2823,橡,2796,槚,1
2823,橡,2828,橼,1
2825,橦,1914,悝,1
2825,橦,1997,憧,1
2825,橦,2318,撞,1
2825,橦,2821,橙,1
2826,橱,2556,村,1
2827,橹,2327,撸,1
2827,橹,2815,樽,1
2828,橼,2833,檑,1
2829,檀,1365,嬗,1
2831,檎,2336,擒,1
2831,檎,2827,橹,1
2832,檐,2669,桅,1
2832,檐,2776,榍,1
2833,檑,2331,擂,1
2833,檑,2834,檗,1
2834,檗,2692,桴,1
2834,檗,4977,苄,1
2835,檠,1734,弊,1
2835,檠,2334,擎,1
2836,檩,2009,懔,1
2836,檩,2317,撙,1
2836,檩,2815,樽,1
2836,檩,2837,檫,1
2837,檫,2720,棕,1
2837,檫,2775,榉,1
2837,檫,3589,猷,1
2838,檬,1666,幪,1
2838,檬,2242,掾,1
2838,檬,2289,搽,1
2838,檬,2750,椽,1
2840,欠,3353,火,1
2841,次,5762,贝,1
2842,欢,826,哽,1
2842,欢,2841,次,1
2843,欣,1404,安,1
2843,欣,4031,砍,1
2843,欣,4194,积,1
2843,欣,4481,纽,1
2844,欤,2359,故,1
2844,欤,3905,皱,1
2844,欤,6789,饮,1
2845,欧,2358,政,1
2846,欲,1803,微,1
2846,欲,2357,放,1
2846,欲,4031,砍,1
2846,欲,6730,领,1
2851,款,2366,敖,1
2851,款,2373,敦,1
2851,款,3820,症,1
2851,款,5564,觌,1
2852,歃,2363,敏,1
2853,歆,6711,韵,1
2854,歇,1366,嬲,1
2854,歇,2846,欲,1
2854,歇,2856,歌,1
2854,歇,4031,砍,1
2855,歉,2888,段,1
2856,歌,1745,弥,1
2856,歌,2372,散,1
2856,歌,2843,欣,1
2856,歌,2853,歆,1
2858,止,21,丛,1
2858,止,4616,置,1
2859,正,571,区,1
2859,正,602,卫,1
2859,正,672,叵,1
2860,此,3018,泄,1
2861,步,594,占,1
2861,步,1524,岑,1
2861,步,3490,片,1
2861,步,4391,米,1
2861,步,4977,苄,1
2861,步,5752,豸,1
2862,武,1296,威,1
2862,武,1736,式,1
2863,歧,1568,崎,1
2864,歪,705,否,1
2864,歪,4878,至,1
2865,歹,1197,夕,1
2865,歹,1518,岁,1
2866,死,4129,礼,1
2866,死,6834,驮,1
2867,歼,1243,奸,1
2867,歼,4084,碑,1
2867,歼,5961,轩,1
2867,歼,6282,钎,1
2868,殁,649,取,1
2868,殁,2869,殂,1
2869,殂,1270,妲,1
2869,殂,2873,殇,1
2870,殃,5308,蚀,1
2871,殄,2879,殓,1
2871,殄,4090,碜,1
2871,殄,4732,肜,1
2872,殆,1276,始,1
2872,殆,5791,贻,1
2873,殇,2877,殍,1
2874,殉,3543,狗,1
2875,殊,228,侏,1
2877,殍,4810,脬,1
2879,殓,2873,殇,1
2879,殓,4077,硷,1
2883,殡,1350,嫔,1
2888,段,375,兮,1
2888,段,1778,役,1
2888,段,2868,殁,1
2888,段,3623,玫,1
2888,段,4198,秽,1
2888,段,4635,羧,1
2890,殿,5546,襞,1
2890,殿,6722,顾,1
2890,殿,7133,黢,1
2892,毂,1756,彀,1
2893,毅,2367,教,1
2893,毅,2377,敲,1
2893,毅,5126,菠,1
2894,毋,2069,扭,1
2894,毋,3749,田,1
2895,母,17,世,1
2895,母,68,乡,1
2895,母,814,哥,1
2895,母,1005,因,1
2895,母,3736,甘,1
2895,母,3749,田,1
2896,每,77,争,1
2896,每,395,再,1
2896,每,1669,年,1
2896,每,1836,忽,1
2896,每,4626,美,1
2898,毒,2897,毐,1
2900,比,66,也,1
2900,比,352,儿,1
2900,比,558,化,1
2900,比,559,北,1
2900,比,679,叽,1
2900,比,1042,址,1
2900,比,2860,此,1
2900,比,2918,氏,1
2900,比,5298,虬,1
2901,毕,579,午,1
2901,毕,3498,牛,1
2901,毕,4940,芈,1
2901,毕,4941,芊,1
2902,毖,383,典,1
2902,毖,4282,笏,1
2902,毖,5816,赕,1
2905,毛,41,主,1
2905,毛,48,乇,1
2905,毛,126,仑,1
2906,毡,1513,屯,1
2906,毡,6325,钻,1
2908,毫,367,党,1
2908,毫,1422,室,1
2908,毫,7184,龟,1
2909,毯,2913,毽,1
2909,毯,3673,琰,1
2911,毵,2779,榘,1
2918,氏,113,什,1
2918,氏,138,代,1
2918,氏,576,千,1
2918,氏,2920,民,1
2918,氏,2947,汁,1
2918,氏,4483,线,1
2919,氐,2918,氏,1
2919,氐,4505,绕,1
2920,民,1487,尼,1
2920,民,2438,昆,1
2921,氓,1088,垠,1
2921,氓,3114,浪,1
2921,氓,3949,眠,1
2922,气,356,兄,1
2922,气,1406,完,1
2922,气,6273,钅,1
2924,氖,77,争,1
2926,氙,1763,彘,1
2926,氙,2932,氤,1
2927,氚,2457,昴,1
2928,氛,2930,氡,1
2928,氛,2934,氧,1
2928,氛,4296,第,1
2928,氛,4299,笳,1
2929,氟,2938,氮,1
2929,氟,4247,窜,1
2930,氡,2931,氢,1
2930,氡,2938,氮,1
2931,氢,2928,氛,1
2931,氢,2930,氡,1
2931,氢,6257,金,1
2933,氦,2935,氨,1
2933,氦,2938,氮,1
2934,氧,2937,氪,1
2934,氧,2939,氯,1
2935,氨,1573,崟,1
2935,氨,2467,晏,1
2935,氨,2928,氛,1
2935,氨,2932,氤,1
2935,氨,2936,氩,1
2935,氨,2938,氮,1
2936,氩,2926,氙,1
2936,氩,2931,氢,1
2936,氩,2934,氧,1
2937,氪,2924,氖,1
2938,氮,2941,氲,1
2938,氮,5780,贰,1
2939,氯,1481,就,1
2939,氯,2463,晁,1
2939,氯,2929,氟,1
2939,氯,2934,氧,1
2939,氯,2938,氮,1
2940,氰,2924,氖,1
2940,氰,2939,氯,1
2942,水,677,叻,1
2942,水,1468,少,1
2942,水,2052,手,1
2942,水,2944,永,1
2942,水,6771,飞,1
2943,氵,6,三,1
2944,永,688,名,1
2946,汀,2,丁,1
2946,汀,1436,宾,1
2946,汀,1673,幻,1
2946,汀,2943,氵,1
2946,汀,2947,汁,1
2946,汀,2968,汪,1
2947,汁,2054,才,1
2948,求,2540,术,1
2948,求,2961,汞,1
2950,汇,2968,汪,1
2950,汇,3356,灯,1
2950,汇,4464,纪,1
2951,汈,2994,沟,1
2951,汈,3102,浔,1
2951,汈,5602,讨,1
2951,汈,5626,诃,1
2951,汈,6505,闩,1
2952,汉,118,仅,1
2952,汉,641,又,1
2952,汉,2953,汊,1
2952,汉,5607,议,1
2953,汊,2952,汉,1
2953,汊,2973,汶,1
2953,汊,5620,讽,1
2954,汐,409,冯,1
2954,汐,2973,汶,1
2954,汐,3012,治,1
2954,汐,3115,浮,1
2955,汔,3120,浼,1
2956,汕,133,仙,1
2956,汕,409,冯,1
2956,汕,1514,山,1
2956,汕,2969,汭,1
2956,汕,3011,油,1
2956,汕,5469,补,1
2957,汗,2060,托,1
2957,汗,2867,歼,1
2957,汗,2947,汁,1
2957,汗,2978,沂,1
2957,汗,3356,灯,1
2957,汗,4458,纤,1
2957,汗,5616,许,1
2957,汗,5627,评,1
2958,汛,4462,纨,1
2958,汛,6508,闭,1
2959,汜,2968,汪,1
2959,汜,4464,纪,1
2960,汝,1240,女,1
2960,汝,1744,张,1
2960,汝,2380,文,1
2960,汝,2970,汰,1
2960,汝,2973,汶,1
2960,汝,2991,沙,1
2960,汝,3022,泌,1
2960,汝,4478,纹,1
2960,汝,4483,线,1
2960,汝,5607,议,1
2961,汞,1760,录,1
2962,江,431,几,1
2962,江,5603,让,1
2963,池,3018,泄,1
2964,污,82,亏,1
2964,污,409,冯,1
2964,污,1032,圬,1
2964,污,3024,泓,1
2964,污,5622,访,1
2965,汤,790,品,1
2965,汤,1039,场,1
2965,汤,2946,汀,1
2965,汤,2971,汲,1
2965,汤,2998,沥,1
2965,汤,3017,泃,1
2966,汨,2420,旧,1
2966,汨,5626,诃,1
2967,汩,3039,泪,1
2967,汩,6509,问,1
2967,汩,6562,阳,1
2968,汪,2957,汗,1
2968,汪,2979,沃,1
2968,汪,3038,注,1
2968,汪,5609,记,1
2968,汪,5637,诏,1
2968,汪,5665,诬,1
2970,汰,732,呔,1
2970,汰,3048,泷,1
2971,汲,646,反,1
2971,汲,2921,氓,1
2971,汲,2952,汉,1
2971,汲,3137,涡,1
2971,汲,5638,诐,1
2972,汴,97,亦,1
2972,汴,2946,汀,1
2973,汶,2952,汉,1
2973,汶,4478,纹,1
2973,汶,5601,讧,1
2974,汹,2990,沘,1
2974,汹,3022,泌,1
2975,汽,1746,弦,1
2975,汽,4459,纥,1
2975,汽,4499,经,1
2976,汾,2998,沥,1
2976,汾,3133,涝,1
2976,汾,5634,诌,1
2977,沁,2950,汇,1
2977,沁,2956,汕,1
2977,沁,2974,汹,1
2977,沁,3017,泃,1
2978,沂,2979,沃,1
2978,沂,3032,泞,1
2978,沂,3785,疑,1
2979,沃,1214,头,1
2979,沃,2953,汊,1
2979,沃,2970,汰,1
2979,沃,2999,沦,1
2979,沃,3050,泺,1
2979,沃,5623,诀,1
2980,沄,2964,污,1
2981,沅,2955,汔,1
2983,沈,2900,比,1
2983,沈,2985,沌,1
2983,沈,3048,泷,1
2983,沈,3086,流,1
2984,沉,399,冗,1
2984,沉,2841,次,1
2984,沉,2976,汾,1
2984,沉,2982,沆,1
2984,沉,2983,沈,1
2984,沉,3001,沨,1
2984,沉,3009,河,1
2984,沉,4227,究,1
2984,沉,5605,讫,1
2987,沐,2993,沛,1
2987,沐,3068,洣,1
2987,沐,3652,球,1
2988,沓,4728,肖,1
2988,沓,6597,陶,1
2990,沘,3029,泚,1
2990,沘,4469,纰,1
2991,沙,412,冲,1
2991,沙,442,凹,1
2991,沙,717,吵,1
2991,沙,6296,钞,1
2993,沛,1627,市,1
2993,沛,2976,汾,1
2993,沛,3372,炖,1
2993,沛,5622,访,1
2994,沟,3118,海,1
2994,沟,3163,淘,1
2994,沟,4724,肉,1
2995,没,1361,嫫,1
2995,没,2981,沅,1
2995,没,3016,沿,1
2995,没,3064,洙,1
2995,没,3071,洨,1
2995,没,5634,诌,1
2996,沣,3041,泮,1
2996,沣,5644,诖,1
2997,沤,2962,江,1
2997,沤,5624,证,1
2997,沤,5641,诓,1
2998,沥,2991,沙,1
2998,沥,3062,洒,1
2999,沦,174,伦,1
2999,沦,415,冶,1
2999,沦,3008,沲,1
2999,沦,3034,泡,1
2999,沦,4480,纻,1
2999,沦,5651,话,1
2999,沦,5708,谘,1
3000,沧,2955,汔,1
3000,沧,2975,汽,1
3000,沧,3034,泡,1
3000,沧,4475,纶,1
3000,沧,5641,诓,1
3003,沪,2983,沈,1
3003,沪,2991,沙,1
3003,沪,3098,浐,1
3003,沪,3751,甲,1
3004,沫,410,冰,1
3004,沫,3068,洣,1
3004,沫,3134,涞,1
3004,沫,5602,讨,1
3004,沫,5611,讳,1
3004,沫,5649,诛,1
3004,沫,6082,速,1
3005,沭,2987,沐,1
3005,沭,3652,球,1
3005,沭,5610,讲,1
3005,沭,5647,诙,1
3006,沮,2968,汪,1
3006,沮,5603,让,1
3007,沱,3034,泡,1
3007,沱,5661,诧,1
3009,河,196,何,1
3009,河,1071,坷,1
3009,河,2946,汀,1
3009,河,2951,汈,1
3009,河,2964,污,1
3009,河,2980,沄,1
3009,河,3067,洞,1
3009,河,3075,洱,1
3009,河,4460,约,1
3009,河,6518,闷,1
3010,沸,1740,弗,1
3011,油,3028,泗,1
3011,油,3035,波,1
3011,油,4489,绅,1
3012,治,3016,沿,1
3012,治,4516,绡,1
3012,治,5636,诎,1
3013,沼,409,冯,1
3013,沼,2951,汈,1
3013,沼,3942,眉,1
3014,沽,765,咕,1
3014,沽,1278,姑,1
3014,沽,2964,污,1
3014,沽,3015,沾,1
3014,沽,3613,玙,1
3014,沽,4261,竑,1
3014,沽,5666,语,1
3015,沾,415,冶,1
3015,沾,2976,汾,1
3015,沾,3014,沽,1
3015,沾,3038,注,1
3015,沾,3051,泻,1
3015,沾,4263,站,1
3016,沿,2967,汩,1
3016,沿,2984,沉,1
3016,沿,2995,没,1
3016,沿,3013,沼,1
3016,沿,3060,洎,1
3016,沿,3081,洺,1
3016,沿,3084,洽,1
3016,沿,5621,设,1
3017,泃,2994,沟,1
3017,泃,3009,河,1
3017,泃,3079,洵,1
3017,泃,6509,问,1
3018,泄,3025,泔,1
3018,泄,3051,泻,1
3018,泄,3077,洳,1
3018,泄,5636,诎,1
3019,泅,1000,囚,1
3019,泅,3021,泊,1
3019,泅,3025,泔,1
3019,泅,3056,洄,1
3020,泉,278,倌,1
3020,泉,1469,尔,1
3020,泉,4876,臬,1
3020,泉,6250,采,1
3021,泊,2954,汐,1
3021,泊,2966,汨,1
3021,泊,2967,汩,1
3021,泊,3073,洫,1
3021,泊,3128,涓,1
3021,泊,3209,湎,1
3022,泌,140,以,1
3022,泌,2841,次,1
3022,泌,2977,沁,1
3022,泌,2991,沙,1
3022,泌,3074,洮,1
3024,泓,6548,阖,1
3026,法,2975,汽,1
3026,法,3040,泫,1
3026,法,3072,洪,1
3026,法,3093,浊,1
3026,法,5646,诘,1
3027,泖,604,卯,1
3029,泚,745,呲,1
3029,泚,3074,洮,1
3030,泛,2975,汽,1
3030,泛,3000,沧,1
3030,泛,3033,泠,1
3030,泛,3083,洼,1
3030,泛,3194,渣,1
3030,泛,4499,经,1
3031,泜,5617,讹,1
3032,泞,409,冯,1
3032,泞,420,净,1
3032,泞,1398,宁,1
3032,泞,2069,扭,1
3032,泞,5632,诊,1
3032,泞,5658,诤,1
3033,泠,3051,泻,1
3034,泡,551,包,1
3034,泡,2959,汜,1
3034,泡,2999,沦,1
3034,泡,3150,涵,1
3034,泡,4475,纶,1
3034,泡,4771,胞,1
3035,波,1526,岖,1
3035,波,2971,汲,1
3035,波,3052,泼,1
3035,波,3149,液,1
3036,泣,190,位,1
3036,泣,2982,沆,1
3036,泣,3015,沾,1
3036,泣,3038,注,1
3036,泣,3153,淀,1
3036,泣,4231,空,1
3037,泥,740,呢,1
3037,泥,1268,妮,1
3037,泥,2971,汲,1
3038,注,416,冷,1
3038,注,1678,庄,1
3038,注,2999,沦,1
3038,注,3036,泣,1
3038,注,5654,诠,1
3039,泪,425,凋,1
3039,泪,2729,棱,1
3039,泪,2967,汩,1
3039,泪,3056,洄,1
3039,泪,3151,涸,1
3039,泪,4490,细,1
3039,泪,5635,词,1
3040,泫,96,亥,1
3040,泫,3026,法,1
3040,泫,3065,洚,1
3040,泫,3071,洨,1
3041,泮,3068,洣,1
3042,泯,3031,泜,1
3042,泯,3037,泥,1
3042,泯,3635,珉,1
3043,泰,4438,素,1
3044,泱,3087,浃,1
3045,泳,3008,沲,1
3045,泳,3652,球,1
3045,泳,4545,绿,1
3045,泳,5670,诱,1
3046,泵,3373,炙,1
3046,泵,5744,豕,1
3049,泸,596,卢,1
3050,泺,3064,洙,1
3050,泺,3178,添,1
3051,泻,3016,沿,1
3051,泻,3066,洛,1
3051,泻,3109,浡,1
3051,泻,3115,浮,1
3051,泻,3163,淘,1
3051,泻,3202,渴,1
3051,泻,3615,玛,1
3051,泻,5717,谢,1
3052,泼,1438,寂,1
3052,泼,2971,汲,1
3053,泽,3140,涤,1
3053,泽,3172,淬,1
3053,泽,3664,琤,1
3053,泽,4498,绎,1
3053,泽,4606,罕,1
3053,泽,6850,驿,1
3054,泾,3241,溱,1
3054,泾,3316,澄,1
3055,洁,1387,学,1
3055,洁,2968,汪,1
3055,洁,3072,洪,1
3055,洁,3113,浩,1
3055,洁,4503,结,1
3055,洁,4524,绩,1
3055,洁,5634,诌,1
3055,洁,5669,诰,1
3056,洄,3006,沮,1
3056,洄,3136,涠,1
3056,洄,5344,蛔,1
3057,洇,3151,涸,1
3058,洋,41,主,1
3058,洋,1681,床,1
3058,洋,3041,泮,1
3058,洋,3065,洚,1
3058,洋,5627,评,1
3060,洎,3173,淮,1
3062,洒,2965,汤,1
3062,洒,5550,西,1
3062,洒,5604,讪,1
3063,洗,359,先,1
3063,洗,414,况,1
3063,洗,2984,沉,1
3063,洗,2985,沌,1
3063,洗,3026,法,1
3063,洗,3086,流,1
3063,洗,3090,浇,1
3063,洗,3113,浩,1
3063,洗,4514,统,1
3064,洙,3004,沫,1
3065,洚,3053,泽,1
3065,洚,3099,浑,1
3065,洚,3140,涤,1
3065,洚,3174,深,1
3066,洛,415,冶,1
3066,洛,1889,恪,1
3066,洛,3096,济,1
3066,洛,3145,涪,1
3066,洛,4511,络,1
3067,洞,2420,旧,1
3067,洞,3039,泪,1
3067,洞,3057,洇,1
3067,洞,4538,绸,1
3067,洞,6509,问,1
3068,洣,3041,泮,1
3068,洣,3069,津,1
3068,洣,3643,珠,1
3068,洣,5649,诛,1
3069,津,2996,沣,1
3069,津,3297,潇,1
3070,洧,3123,消,1
3070,洧,5667,诮,1
3071,洨,2973,汶,1
3071,洨,2977,沁,1
3071,洨,4513,绞,1
3071,洨,6038,这,1
3072,洪,383,典,1
3072,洪,2972,汴,1
3072,洪,3093,浊,1
3072,洪,6331,铁,1
3075,洱,3006,沮,1
3075,洱,3039,泪,1
3075,洱,6665,靖,1
3076,洲,3052,泼,1
3077,洳,40,为,1
3079,洵,5626,诃,1
3079,洵,6515,间,1
3080,洹,6030,迈,1
3081,洺,2973,汶,1
3081,洺,4511,络,1
3082,活,3113,浩,1
3082,活,4263,站,1
3082,活,4567,缗,1
3082,活,5622,访,1
3083,洼,3026,法,1
3083,洼,3038,注,1
3083,洼,3054,泾,1
3083,洼,3055,洁,1
3083,洼,3184,渎,1
3083,洼,5654,诠,1
3084,洽,415,冶,1
3084,洽,3012,治,1
3084,洽,3095,浍,1
3084,洽,3113,浩,1
3084,洽,3210,湓,1
3084,洽,3627,玲,1
3084,洽,4508,给,1
3084,洽,5619,讼,1
3085,派,427,减,1
3085,派,3026,法,1
3085,派,3031,泜,1
3085,派,3101,浓,1
3085,派,4477,纸,1
3085,派,5617,讹,1
3086,流,3110,浣,1
3086,流,3120,浼,1
3086,流,4514,统,1
3088,浅,3072,洪,1
3088,浅,4483,线,1
3088,浅,6073,逑,1
3089,浆,5744,豕,1
3090,浇,418,冼,1
3090,浇,2615,柒,1
3090,浇,3026,法,1
3090,浇,3063,洗,1
3090,浇,4505,绕,1
3091,浈,3224,溃,1
3092,浉,1631,师,1
3093,浊,410,冰,1
3093,浊,3254,滍,1
3093,浊,5297,虫,1
3094,测,238,侧,1
3094,测,463,则,1
3094,测,3059,洌,1
3094,测,6517,闶,1
3094,测,6525,闾,1
3095,浍,3121,涂,1
3095,浍,4507,绘,1
3096,济,2978,沂,1
3096,济,3066,洛,1
3096,济,3205,湃,1
3096,济,5622,访,1
3097,浏,3059,洌,1
3098,浐,3003,沪,1
3098,浐,3049,泸,1
3099,浑,2723,棠,1
3099,浑,3058,洋,1
3099,浑,3065,洚,1
3099,浑,3223,湿,1
3099,浑,5614,讶,1
3101,浓,1731,弄,1
3101,浓,3035,波,1
3102,浔,1795,得,1
3103,浕,408,冬,1
3104,浙,2585,析,1
3104,浙,3010,沸,1
3104,浙,4800,脐,1
3104,浙,5382,蜥,1
3105,浚,2995,没,1
3105,浚,3071,洨,1
3105,浚,3084,洽,1
3105,浚,3768,畚,1
3105,浚,5659,该,1
3106,浜,3326,澳,1
3107,浞,3188,渖,1
3107,浞,3215,湜,1
3108,浠,832,唏,1
3108,浠,1632,希,1
3108,浠,2993,沛,1
3108,浠,3156,淆,1
3109,浡,3115,浮,1
3110,浣,2538,本,1
3110,浣,2975,汽,1
3110,浣,3086,流,1
3110,浣,3271,滨,1
3111,浥,3186,渑,1
3111,浥,3215,湜,1
3112,浦,3011,油,1
3113,浩,3063,洗,1
3113,浩,3115,浮,1
3113,浩,5634,诌,1
3113,浩,6394,锆,1
3114,浪,3035,波,1
3114,浪,3279,漉,1
3114,浪,3298,潋,1
3114,浪,3564,狼,1
3115,浮,256,俘,1
3115,浮,3102,浔,1
3115,浮,3175,淳,1
3116,浯,3066,洛,1
3116,浯,5666,语,1
3117,浴,3012,治,1
3117,浴,3084,洽,1
3117,浴,3113,浩,1
3117,浴,3145,涪,1
3118,海,208,佤,1
3118,海,2896,每,1
3118,海,3015,沾,1
3118,海,3163,淘,1
3118,海,5550,西,1
3119,浸,1558,峧,1
3119,浸,3109,浡,1
3119,浸,5659,该,1
3119,浸,5724,谩,1
3120,浼,3220,湮,1
3120,浼,5697,谍,1
3121,涂,1792,徐,1
3121,涂,2616,染,1
3121,涂,3140,涤,1
3122,涅,2624,柠,1
3122,涅,2968,汪,1
3122,涅,3197,温,1
3123,消,252,俏,1
3123,消,3002,沩,1
3123,消,3065,洚,1
3123,消,3128,涓,1
3123,消,3199,渭,1
3123,消,5676,请,1
3124,涉,1100,垱,1
3124,涉,2964,污,1
3124,涉,3041,泮,1
3124,涉,3083,洼,1
3124,涉,3098,浐,1
3124,涉,3123,消,1
3124,涉,3294,漹,1
3124,涉,5686,谁,1
3124,涉,6585,陟,1
3125,涌,3275,滴,1
3126,涎,329,傩,1
3126,涎,2433,旺,1
3126,涎,6082,速,1
3127,涑,3004,沫,1
3127,涑,3134,涞,1
3128,涓,3137,涡,1
3128,涓,4517,绢,1
3129,涔,3052,泼,1
3129,涔,4581,缦,1
3129,涔,5708,谘,1
3130,涕,1743,弟,1
3130,涕,3133,涝,1
3130,涕,4523,绨,1
3130,涕,6074,递,1
3131,涘,3120,浼,1
3131,涘,3139,涣,1
3132,涛,264,俦,1
3132,涛,2098,抢,1
3132,涛,4155,祷,1
3132,涛,5645,诗,1
3133,涝,530,劳,1
3133,涝,4564,缔,1
3133,涝,5119,菏,1
3134,涞,3087,浃,1
3134,涞,5699,谏,1
3135,涟,587,单,1
3135,涟,3196,渥,1
3135,涟,3659,琏,1
3135,涟,6077,逗,1
3135,涟,6386,链,1
3135,涟,6967,鲢,1
3136,涠,425,凋,1
3136,涠,3057,洇,1
3136,涠,3164,淙,1
3137,涡,1116,埚,1
3137,涡,3128,涓,1
3137,涡,3159,淌,1
3137,涡,3383,炳,1
3137,涡,5693,谈,1
3138,涢,3125,涌,1
3138,涢,3137,涡,1
3139,涣,841,唤,1
3140,涤,417,冻,1
3140,涤,3051,泻,1
3140,涤,3064,洙,1
3141,润,2966,汨,1
3141,润,3142,涧,1
3141,润,6511,闰,1
3141,润,6524,闽,1
3142,涧,3056,洄,1
3142,涧,3079,洵,1
3142,涧,3209,湎,1
3142,涧,5656,询,1
3142,涧,6403,锏,1
3143,涨,3045,泳,1
3144,涩,6053,迮,1
3145,涪,2047,扅,1
3145,涪,3116,浯,1
3145,涪,3171,淫,1
3145,涪,3175,淳,1
3145,涪,3250,滂,1
3145,涪,3314,潼,1
3147,涮,477,刷,1
3148,涯,3054,泾,1
3148,涯,3196,渥,1
3149,液,3938,省,1
3150,涵,410,冰,1
3150,涵,445,凼,1
3150,涵,1017,国,1
3150,涵,2956,汕,1
3150,涵,3026,法,1
3150,涵,3093,浊,1
3150,涵,3211,湔,1
3150,涵,5636,诎,1
3151,涸,425,凋,1
3151,涸,1001,四,1
3151,涸,3056,洄,1
3151,涸,3067,洞,1
3151,涸,5688,调,1
3152,涿,4568,缘,1
3153,淀,1413,定,1
3153,淀,3030,泛,1
3153,淀,3036,泣,1
3153,淀,3071,洨,1
3153,淀,3144,涩,1
3153,淀,3820,症,1
3154,淄,3758,甾,1
3154,淄,4547,缁,1
3155,淅,3185,渐,1
3156,淆,850,唷,1
3156,淆,3070,洧,1
3156,淆,3199,渭,1
3156,淆,5711,谛,1
3156,淆,5713,谝,1
3157,淇,3242,溲,1
3158,淋,858,啉,1
3158,淋,2489,晾,1
3158,淋,4802,脒,1
3158,淋,5610,讲,1
3159,淌,3142,涧,1
3159,淌,3338,濡,1
3159,淌,5667,诮,1
3159,淌,5956,躺,1
3160,淏,5668,误,1
3160,淏,5683,课,1
3161,淑,648,叔,1
3161,淑,2364,救,1
3161,淑,3149,液,1
3161,淑,3291,漱,1
3162,淖,3058,洋,1
3162,淖,3172,淬,1
3163,淘,861,啕,1
3163,淘,3079,洵,1
3163,淘,6511,闰,1
3163,淘,6524,闽,1
3163,淘,6528,阁,1
3164,淙,3146,涫,1
3164,淙,3153,淀,1
3164,淙,4542,综,1
3168,淡,282,倓,1
3168,淡,3087,浃,1
3168,淡,3184,渎,1
3168,淡,3266,满,1
3168,淡,3365,炅,1
3169,淤,3071,洨,1
3169,淤,6102,遐,1
3170,淦,6075,途,1
3171,淫,1499,屋,1
3171,淫,3038,注,1
3171,淫,3058,洋,1
3171,淫,3063,洗,1
3171,淫,3083,洼,1
3171,淫,3115,浮,1
3171,淫,3121,涂,1
3171,淫,3131,涘,1
3171,淫,3170,淦,1
3171,淫,3260,滗,1
3172,淬,3098,浐,1
3172,淬,3260,滗,1
3173,淮,3024,泓,1
3173,淮,3148,涯,1
3173,淮,3196,渥,1
3174,深,622,厍,1
3174,深,1405,宋,1
3174,深,3099,浑,1
3174,深,3270,滦,1
3174,深,3290,漯,1
3174,深,5614,讶,1
3174,深,5662,诨,1
3175,淳,424,凉,1
3175,淳,429,凛,1
3175,淳,3121,涂,1
3175,淳,3145,涪,1
3175,淳,3164,淙,1
3176,混,3008,沲,1
3176,混,3042,泯,1
3177,淹,276,俺,1
3177,淹,1122,埯,1
3178,添,3182,渌,1
3179,淼,3089,浆,1
3180,清,3070,洧,1
3180,清,3156,淆,1
3180,清,4092,碡,1
3180,清,6663,青,1
3181,渊,495,剕,1
3181,渊,3322,澜,1
3182,渌,3045,泳,1
3183,渍,426,凌,1
3183,渍,3037,泥,1
3183,渍,3138,涢,1
3183,渍,3660,琐,1
3184,渎,4527,续,1
3185,渐,3023,泐,1
3185,渐,3104,浙,1
3185,渐,3319,澌,1
3187,渔,3118,海,1
3187,渔,3201,渲,1
3187,渔,3209,湎,1
3187,渔,4507,绘,1
3187,渔,5641,诓,1
3187,渔,6049,迩,1
3188,渖,3182,渌,1
3189,渗,2972,汴,1
3189,渗,3241,溱,1
3189,渗,5632,诊,1
3190,渚,3156,淆,1
3190,渚,3209,湎,1
3190,渚,3219,湫,1
3190,渚,5808,赌,1
3191,渝,3147,涮,1
3191,渝,6100,遍,1
3192,渠,1084,垕,1
3192,渠,2543,朵,1
3192,渠,2615,柒,1
3192,渠,2633,柴,1
3192,渠,4411,粱,1
3192,渠,6623,集,1
3193,渡,1699,度,1
3193,渡,3800,疫,1
3194,渣,2626,查,1
3194,渣,3180,清,1
3194,渣,3292,漳,1
3194,渣,6973,鲨,1
3195,渤,533,勃,1
3195,渤,3265,滠,1
3196,渥,3241,溱,1
3197,温,3223,湿,1
3197,温,3247,溻,1
3197,温,3269,滥,1
3199,渭,3202,渴,1
3199,渭,3302,潜,1
3199,渭,4758,胃,1
3200,港,1623,巷,1
3200,港,3129,涔,1
3200,港,4541,绻,1
3201,渲,3264,滟,1
3201,渲,5694,谊,1
3202,渴,1124,埸,1
3202,渴,3128,涓,1
3202,渴,5657,诣,1
3202,渴,6101,遏,1
3203,游,3115,浮,1
3203,游,3246,溺,1
3204,渺,3039,泪,1
3204,渺,3242,溲,1
3204,渺,5717,谢,1
3205,湃,4529,绯,1
3206,湄,3128,涓,1
3207,湉,1891,恬,1
3208,湍,896,喘,1
3208,湍,2457,昴,1
3208,湍,3014,沽,1
3208,湍,6100,遍,1
3209,湎,3079,洵,1
3210,湓,3118,海,1
3210,湓,3196,渥,1
3211,湔,3206,湄,1
3211,湔,6104,遒,1
3212,湖,581,半,1
3212,湖,4422,糊,1
3212,湖,4772,胡,1
3213,湘,628,厢,1
3213,湘,3674,琳,1
3213,湘,3934,相,1
3214,湛,1145,堪,1
3214,湛,3063,洗,1
3215,湜,1986,慥,1
3215,湜,2455,是,1
3215,湜,3288,漫,1
3215,湜,4553,缇,1
3215,湜,6073,逑,1
3216,湝,3016,沿,1
3217,湟,2698,梆,1
3217,湟,3122,涅,1
3218,湨,3160,淏,1
3218,湨,3243,溴,1
3219,湫,3226,溆,1
3220,湮,3217,湟,1
3221,湲,4563,缓,1
3222,湾,3189,渗,1
3222,湾,3261,滘,1
3222,湾,5670,诱,1
3222,湾,5704,谔,1
3222,湾,5719,谤,1
3223,湿,3170,淦,1
3223,湿,3215,湜,1
3223,湿,3233,溟,1
3224,溃,5715,谠,1
3225,溅,5664,诫,1
3225,溅,5792,贼,1
3225,溅,5806,赊,1
3226,溆,3161,淑,1
3226,溆,3201,渲,1
3227,溇,421,凄,1
3227,溇,4565,缕,1
3227,溇,5684,诿,1
3228,溉,1988,慨,1
3228,溉,3093,浊,1
3229,溏,1706,庸,1
3230,源,5631,诉,1
3230,源,5690,谅,1
3232,溜,3115,浮,1
3232,溜,3128,涓,1
3232,溜,3258,滔,1
3232,溜,3328,澶,1
3233,溟,3160,淏,1
3233,溟,3288,漫,1
3234,溠,4589,缮,1
3235,溢,3190,渚,1
3235,溢,3210,湓,1
3235,溢,3301,潘,1
3235,溢,3914,益,1
3235,溢,4577,缢,1
3235,溢,5722,谧,1
3237,溦,2370,敞,1
3237,溦,4595,缴,1
3238,溧,5699,谏,1
3239,溪,1235,奚,1
3239,溪,3171,淫,1
3239,溪,3221,湲,1
3239,溪,3243,溴,1
3240,溯,2528,朔,1
3240,溯,3017,泃,1
3240,溯,3078,洴,1
3240,溯,3253,滋,1
3242,溲,3210,湓,1
3244,溶,292,倦,1
3244,溶,2964,污,1
3244,溶,3051,泻,1
3244,溶,3117,浴,1
3244,溶,5708,谘,1
3245,溷,3136,涠,1
3246,溺,1503,屑,1
3246,溺,1752,弱,1
3246,溺,3308,潮,1
3246,溺,5663,诩,1
3247,溻,3128,涓,1
3248,溽,4571,缛,1
3250,滂,3140,涤,1
3252,滇,3284,漠,1
3252,滇,3948,真,1
3252,滇,5714,谟,1
3253,滋,3024,泓,1
3253,滋,3082,活,1
3253,滋,5726,谫,1
3255,滏,3065,洚,1
3256,滑,855,啃,1
3256,滑,3070,洧,1
3256,滑,3123,消,1
3256,滑,3128,涓,1
3256,滑,3199,渭,1
3256,滑,3206,湄,1
3256,滑,3208,湍,1
3257,滓,3099,浑,1
3257,滓,3162,淖,1
3257,滓,3176,混,1
3257,滓,3292,漳,1
3257,滓,5144,萍,1
3258,滔,3180,清,1
3258,滔,3232,溜,1
3258,滔,5657,诣,1
3262,滚,3337,濠,1
3262,滚,5474,衮,1
3263,滞,3133,涝,1
3263,滞,3267,滢,1
3263,滞,4564,缔,1
3263,滞,5711,谛,1
3266,满,3190,渚,1
3266,满,3231,溘,1
3266,满,3254,滍,1
3266,满,5119,菏,1
3266,满,5711,谛,1
3267,滢,5108,莹,1
3267,滢,5723,谨,1
3268,滤,5655,诡,1
3269,滥,3210,湓,1
3269,滥,4552,缆,1
3269,滥,6123,邋,1
3270,滦,3050,泺,1
3270,滦,3238,溧,1
3270,滦,5691,谆,1
3271,滨,1436,宾,1
3271,滨,3040,泫,1
3271,滨,3044,泱,1
3271,滨,3106,浜,1
3271,滨,3110,浣,1
3271,滨,3131,涘,1
3271,滨,3315,潽,1
3272,滩,5672,诳,1
3272,滩,6626,雌,1
3272,滩,6628,雎,1
3273,滪,3334,濑,1
3273,滪,3335,濒,1
3275,滴,3060,洎,1
3275,滴,4740,肩,1
3276,滹,5701,谑,1
3277,漂,424,凉,1
3277,漂,3032,泞,1
3277,漂,3164,淙,1
3277,漂,3215,湜,1
3277,漂,3307,潭,1
3277,漂,3671,琮,1
3277,漂,4151,票,1
3278,漆,3178,添,1
3278,漆,6825,馕,1
3279,漉,7104,鹿,1
3280,漏,3256,滑,1
3280,漏,3266,满,1
3280,漏,3313,潺,1
3280,漏,3839,痫,1
3281,漓,3275,滴,1
3281,漓,4576,缡,1
3281,漓,5670,诱,1
3281,漓,5711,谛,1
3282,演,1440,寅,1
3282,演,3174,深,1
3282,演,3187,渔,1
3282,演,3201,渲,1
3282,演,3227,溇,1
3282,演,3254,滍,1
3282,演,3305,潢,1
3282,演,3326,澳,1
3284,漠,3157,淇,1
3284,漠,3168,淡,1
3286,漩,3168,淡,1
3286,漩,3169,淤,1
3286,漩,3334,濑,1
3286,漩,3700,璇,1
3286,漩,4587,缬,1
3287,漪,3574,猗,1
3288,漫,3242,溲,1
3288,漫,3459,熳,1
3288,漫,4581,缦,1
3289,漭,2991,沙,1
3290,漯,3174,深,1
3290,漯,4582,缧,1
3291,漱,423,凇,1
3291,漱,2369,敝,1
3291,漱,3166,淞,1
3291,漱,3318,澉,1
3291,漱,4749,肷,1
3292,漳,1702,庳,1
3292,漳,3065,洚,1
3292,漳,3083,洼,1
3292,漳,3162,淖,1
3292,漳,3172,淬,1
3292,漳,5660,详,1
3292,漳,5711,谛,1
3295,漾,37,丶,1
3295,漾,335,像,1
3295,漾,3315,潽,1
3296,潆,3109,浡,1
3296,潆,3337,濠,1
3297,潇,3266,满,1
3297,潇,5154,萧,1
3298,潋,3320,澍,1
3299,潍,3143,涨,1
3299,潍,3324,澥,1
3299,潍,4534,维,1
3301,潘,904,喳,1
3302,潜,1503,屑,1
3302,潜,2520,替,1
3302,潜,5729,谮,1
3303,潞,3235,溢,1
3303,潞,5708,谘,1
3304,潟,3202,渴,1
3304,潟,5702,谒,1
3305,潢,3266,满,1
3306,潦,963,嘹,1
3306,潦,3230,源,1
3306,潦,3655,琇,1
3307,潭,3277,漂,1
3308,潮,506,割,1
3308,潮,2532,朝,1
3310,潴,3287,漪,1
3310,潴,3900,皓,1
3311,潵,2370,敞,1
3311,潵,3317,澈,1
3314,潼,3235,溢,1
3315,潽,5709,谙,1
3315,潽,5732,谱,1
3316,澄,970,噔,1
3316,澄,3129,涔,1
3316,澄,3169,淤,1
3316,澄,3201,渲,1
3316,澄,5704,谔,1
3316,澄,6591,险,1
3316,澄,6608,隘,1
3317,澈,2370,敞,1
3317,澈,3156,淆,1
3317,澈,3226,溆,1
3317,澈,3311,潵,1
3321,澎,3180,清,1
3321,澎,3402,烤,1
3322,澜,3136,涠,1
3322,澜,6544,阑,1
3322,澜,6546,阔,1
3322,澜,6549,阗,1
3323,澡,3164,淙,1
3323,澡,3238,溧,1
3323,澡,3270,滦,1
3323,澡,4593,缲,1
3324,澥,3188,渖,1
3326,澳,3139,涣,1
3326,澳,3243,溴,1
3326,澳,5683,课,1
3326,澳,5685,谀,1
3326,澳,6587,院,1
3327,澴,4594,缳,1
3328,澶,3201,渲,1
3329,澹,5736,谵,1
3330,澼,346,僻,1
3331,激,3237,溦,1
3331,激,3247,溻,1
3331,激,3298,潋,1
3331,激,3317,澈,1
3334,濑,2008,懒,1
3334,濑,3291,漱,1
3335,濒,2971,汲,1
3335,濒,3334,濑,1
3335,濒,3351,灏,1
3338,濡,3010,沸,1
3338,濡,3336,濞,1
3341,瀌,3279,漉,1
3343,瀑,3290,漯,1
3343,瀑,3337,濠,1
3343,瀑,5724,谩,1
3346,瀣,6268,鎏,1
3347,瀵,1611,工,1
3348,瀹,3191,渝,1
3350,灌,3113,浩,1
3350,灌,5275,藠,1
3350,灌,6619,雀,1
3351,灏,75,了,1
3353,火,373,公,1
3353,火,1811,忆,1
3353,火,2841,次,1
3353,火,2942,水,1
3354,灬,1808,心,1
3355,灭,1206,天,1
3356,灯,116,仃,1
3356,灯,678,叼,1
3356,灯,1673,幻,1
3357,灰,53,乍,1
3357,灰,1490,尿,1
3357,灰,1679,庆,1
3359,灶,129,仕,1
3359,灶,1259,妙,1
3359,灶,2992,沚,1
3359,灶,3398,烛,1
3360,灸,3373,炙,1
3360,灸,4011,矣,1
3360,灸,5746,象,1
3361,灼,5777,购,1
3361,灼,6286,钓,1
3362,灾,1417,实,1
3362,灾,2380,文,1
3363,灿,3369,炒,1
3363,灿,3421,焖,1
3364,炀,4674,而,1
3365,炅,3358,灵,1
3366,炉,3385,炸,1
3366,炉,6155,郈,1
3367,炊,2845,欧,1
3367,炊,3403,烦,1
3367,炊,6789,饮,1
3368,炎,31,丫,1
3368,炎,96,亥,1
3368,炎,3360,灸,1
3368,炎,4281,笋,1
3369,炒,3356,灯,1
3370,炔,3389,炽,1
3370,炔,5322,蚨,1
3371,炕,94,亢,1
3371,炕,3367,炊,1
3371,炕,3377,炫,1
3373,炙,1217,夹,1
3373,炙,3020,泉,1
3373,炙,3358,灵,1
3373,炙,5746,象,1
3373,炙,6921,鬼,1
3374,炜,1633,帏,1
3374,炜,5485,袆,1
3375,炝,3363,灿,1
3375,炝,3380,炮,1
3377,炫,3371,炕,1
3377,炫,3384,炷,1
3377,炫,5801,赅,1
3378,炬,4014,矩,1
3378,炬,6053,迮,1
3379,炭,1433,宸,1
3380,炮,1845,怆,1
3381,炯,3401,烟,1
3381,炯,3421,焖,1
3381,炯,5392,蝈,1
3381,炯,6793,饲,1
3382,炱,1858,怠,1
3382,炱,4011,矣,1
3383,炳,1116,埚,1
3383,炳,1631,师,1
3383,炳,3410,烯,1
3383,炳,6298,钠,1
3384,炷,3359,灶,1
3384,炷,3433,煌,1
3385,炸,1847,怍,1
3385,炸,1930,悼,1
3385,炸,2623,柞,1
3385,炸,3395,烊,1
3386,点,361,克,1
3386,点,376,兰,1
3386,点,688,名,1
3386,点,1221,奂,1
3386,点,1869,总,1
3386,点,2674,桌,1
3386,点,5852,足,1
3387,炻,3378,炬,1
3387,炻,3418,焐,1
3388,炼,3414,烽,1
3388,炼,3427,焯,1
3388,炼,5473,衬,1
3389,炽,2603,枳,1
3389,炽,3363,灿,1
3389,炽,3398,烛,1
3389,炽,3411,烷,1
3390,烀,1861,怦,1
3391,烁,3396,烘,1
3392,烂,3393,烃,1
3393,烃,3054,泾,1
3393,烃,3371,炕,1
3393,烃,3392,烂,1
3394,烈,4879,致,1
3395,烊,3405,烨,1
3396,烘,3398,烛,1
3396,烘,3404,烧,1
3396,烘,3420,焕,1
3396,烘,5301,虹,1
3397,烙,3393,烃,1
3397,烙,5341,蛏,1
3398,烛,3372,炖,1
3399,烜,3376,炟,1
3399,烜,3392,烂,1
3399,烜,3435,煜,1
3400,烝,24,丞,1
3401,烟,787,咽,1
3401,烟,3057,洇,1
3401,烟,3381,炯,1
3402,烤,931,嗪,1
3402,烤,1464,将,1
3402,烤,2151,拷,1
3402,烤,3397,烙,1
3402,烤,3423,焙,1
3403,烦,3378,炬,1
3403,烦,5673,说,1
3403,烦,6717,项,1
3404,烧,1876,恍,1
3404,烧,5298,虬,1
3405,烨,1929,悻,1
3406,烩,1894,恰,1
3406,烩,3420,焕,1
3407,烫,2512,曰,1
3407,烫,5652,诞,1
3407,烫,5849,趟,1
3408,烬,1257,妖,1
3409,热,532,势,1
3410,烯,832,唏,1
3410,烯,1648,席,1
3410,烯,1955,惴,1
3410,烯,3466,燔,1
3410,烯,4200,稀,1
3411,烷,1103,垸,1
3411,烷,1554,峣,1
3411,烷,3404,烧,1
3411,烷,3406,烩,1
3411,烷,6587,院,1
3412,烹,5176,葳,1
3414,烽,1927,悴,1
3414,烽,3065,洚,1
3414,烽,3395,烊,1
3414,烽,3406,烩,1
3414,烽,3416,焊,1
3415,焉,3479,爱,1
3415,焉,4528,绮,1
3416,焊,2191,捍,1
3416,焊,3389,炽,1
3416,焊,4414,粹,1
3417,焌,1913,悛,1
3418,焐,3512,牾,1
3419,焓,3397,烙,1
3420,焕,841,唤,1
3420,焕,2005,懊,1
3420,焕,2199,换,1
3420,焕,3384,炷,1
3420,焕,3403,烦,1
3422,焘,564,匠,1
3422,焘,1461,寿,1
3422,焘,4153,祯,1
3423,焙,3418,焐,1
3423,焙,3419,焓,1
3423,焙,3420,焕,1
3424,焚,4302,笼,1
3424,焚,5045,茺,1
3426,焦,18,丘,1
3426,焦,340,僬,1
3426,焦,1613,巧,1
3426,焦,1723,廷,1
3426,焦,2419,旦,1
3426,焦,6617,隽,1
3427,焯,1331,婵,1
3428,焰,3456,熥,1
3428,焰,3466,燔,1
3428,焰,5778,贮,1
3429,焱,4415,粼,1
3429,焱,5816,赕,1
3430,然,3448,熊,1
3433,煌,901,喤,1
3433,煌,1659,幌,1
3433,煌,3399,烜,1
3433,煌,3432,煊,1
3434,煎,386,兼,1
3434,煎,5179,葸,1
3435,煜,3440,煨,1
3436,煞,2363,敏,1
3437,煤,1976,愫,1
3438,煦,3439,照,1
3439,照,3430,然,1
3439,照,3438,煦,1
3440,煨,3425,焜,1
3441,煮,14,专,1
3441,煮,944,嘉,1
3442,煲,234,侠,1
3445,煺,3413,烺,1
3446,煽,766,咖,1
3446,煽,3456,熥,1
3447,熄,3389,炽,1
3448,熊,4792,能,1
3448,熊,7023,鳝,1
3449,熏,1881,恚,1
3449,熏,3412,烹,1
3449,熏,6254,重,1
3450,熔,3367,炊,1
3450,熔,3397,烙,1
3450,熔,3411,烷,1
3450,熔,7105,麂,1
3452,熙,3448,熊,1
3453,熜,934,嗯,1
3454,熟,538,勐,1
3454,熟,1391,孰,1
3454,熟,6022,边,1
3454,熟,6305,钧,1
3455,熠,3401,烟,1
3456,熥,937,嗵,1
3456,熥,6626,雌,1
3458,熬,1996,憝,1
3463,燊,2689,桨,1
3464,燎,3599,獠,1
3464,燎,5441,蟪,1
3467,燕,1936,惑,1
3467,燕,5175,葱,1
3467,燕,5225,蔗,1
3469,燥,5993,辉,1
3472,燹,4074,硬,1
3473,爆,1958,惺,1
3473,爆,3416,焊,1
3473,爆,3459,熳,1
3473,爆,3469,燥,1
3475,爨,1611,工,1
3476,爪,621,厌,1
3476,爪,1606,巛,1
3476,爪,1680,庇,1
3476,爪,1808,心,1
3477,爬,638,县,1
3477,爬,6762,飑,1
3478,爰,1263,妥,1
3478,爰,3479,爱,1
3480,爵,2465,晋,1
3480,爵,3497,牚,1
3481,父,47,久,1
3481,父,50,义,1
3481,父,641,又,1
3481,父,1197,夕,1
3481,父,2380,文,1
3481,父,2840,欠,1
3482,爷,43,举,1
3482,爷,76,予,1
3482,爷,682,各,1
3482,爷,688,名,1
3482,爷,3481,父,1
3482,爷,3483,爸,1
3483,爸,4278,笆,1
3483,爸,4983,苍,1
3484,爹,4437,紊,1
3484,爹,6258,釜,1
3485,爻,3481,父,1
3486,爽,2365,敕,1
3487,爿,32,丬,1
3487,爿,3490,片,1
3490,片,2900,比,1
3490,片,2964,污,1
3490,片,4943,芍,1
3491,版,3504,牧,1
3492,牌,296,倬,1
3492,牌,4015,矫,1
3492,牌,4208,稗,1
3492,牌,5385,蜱,1
3492,牌,5943,蹿,1
3492,牌,6595,陴,1
3496,牙,56,乐,1
3496,牙,1667,干,1
3496,牙,4008,矛,1
3497,牚,2723,棠,1
3497,牚,4232,穿,1
3498,牛,87,井,1
3498,牛,579,午,1
3498,牛,6312,钮,1
3499,牝,3501,牡,1
3499,牝,5959,轧,1
3500,牟,35,串,1
3500,牟,43,举,1
3500,牟,378,关,1
3500,牟,3498,牛,1
3500,牟,4011,矣,1
3501,牡,2559,杜,1
3501,牡,3499,牝,1
3501,牡,3508,牲,1
3501,牡,6281,钍,1
3502,牢,401,军,1
3502,牢,1402,宇,1
3502,牢,1419,审,1
3502,牢,5008,苹,1
3504,牧,1245,好,1
3504,牧,2061,扛,1
3504,牧,3505,物,1
3505,物,468,判,1
3505,物,1044,均,1
3505,物,2219,掏,1
3505,物,5777,购,1
3508,牲,1269,妯,1
3508,牲,1280,姓,1
3508,牲,1862,性,1
3508,牲,2133,拜,1
3508,牲,2178,挫,1
3508,牲,3501,牡,1
3508,牲,4769,胜,1
3509,牵,1226,奋,1
3509,牵,4699,耷,1
3510,特,1464,将,1
3510,特,1874,恃,1
3510,特,2189,捋,1
3510,特,2445,昔,1
3510,特,3826,痔,1
3511,牺,3505,物,1
3511,牺,4404,粞,1
3511,牺,4598,缸,1
3511,牺,6703,韧,1
3512,牾,1915,悟,1
3513,牿,6006,辖,1
3514,犀,1503,屑,1
3514,犀,6020,辱,1
3515,犁,2705,梨,1
3516,犄,3574,猗,1
3517,犊,2743,椟,1
3517,犊,3493,牍,1
3517,犊,3516,犄,1
3517,犊,3686,瑛,1
3520,犏,1991,慷,1
3521,犒,2170,挡,1
3521,犒,4219,稿,1
3524,犬,595,卡,1
3524,犬,1205,大,1
3524,犬,1206,天,1
3524,犬,1207,太,1
3524,犬,1477,尤,1
3525,犭,2053,扌,1
3526,犯,3533,狁,1
3527,犰,3532,犹,1
3528,犴,2063,扦,1
3529,状,160,伏,1
3529,状,3640,珑,1
3531,犸,2567,杩,1
3531,犸,3584,猫,1
3532,犹,1278,姑,1
3532,犹,2072,扰,1
3532,犹,3527,犰,1
3532,犹,3536,狄,1
3534,狂,129,仕,1
3534,狂,2866,死,1
3534,狂,5982,轾,1
3536,狄,3527,犰,1
3536,狄,3551,独,1
3536,狄,4180,秋,1
3536,狄,6834,驮,1
3537,狈,3536,狄,1
3537,狈,3556,狱,1
3537,狈,6299,钡,1
3538,狉,1960,愁,1
3540,狎,2108,押,1
3541,狐,3533,狁,1
3543,狗,196,何,1
3543,狗,2581,构,1
3543,狗,3535,狃,1
3544,狙,3535,狃,1
3544,狙,4400,粗,1
3544,狙,4760,胆,1
3545,狝,4195,称,1
3546,狞,1398,宁,1
3546,狞,3530,犷,1
3547,狠,3536,狄,1
3548,狡,2299,摔,1
3548,狡,3552,狭,1
3549,狨,2144,拭,1
3550,狩,2189,捋,1
3550,狩,3546,狞,1
3551,独,3542,狒,1
3553,狮,1631,师,1
3553,狮,2595,枥,1
3553,狮,3542,狒,1
3554,狯,166,会,1
3554,狯,3578,猞,1
3554,狯,4507,绘,1
3555,狰,2172,挣,1
3555,狰,3574,猗,1
3555,狰,3577,猝,1
3555,狰,3596,獐,1
3557,狲,1463,射,1
3559,狴,2178,挫,1
3560,狷,2194,捐,1
3561,狸,257,俚,1
3561,狸,4843,腽,1
3562,狺,2212,掂,1
3564,狼,1787,很,1
3564,狼,2110,抿,1
3566,猃,2198,捡,1
3567,猄,3555,狰,1
3568,猇,2271,搋,1
3568,猇,2293,摅,1
3570,猎,3560,狷,1
3570,猎,3574,猗,1
3570,猎,3576,猜,1
3570,猎,4819,腊,1
3571,猓,2245,揉,1
3571,猓,3587,猱,1
3572,猕,3545,狝,1
3572,猕,3557,狲,1
3573,猖,3551,独,1
3573,猖,3563,狻,1
3573,猖,3575,猛,1
3573,猖,3579,猡,1
3573,猖,3592,猾,1
3573,猖,5395,蝎,1
3574,猗,2218,掎,1
3574,猗,3579,猡,1
3575,猛,3538,狉,1
3575,猛,3564,狼,1
3575,猛,3591,猹,1
3575,猛,4815,脸,1
3578,猞,2193,捏,1
3578,猞,3554,狯,1
3581,猥,308,偎,1
3582,猩,3550,狩,1
3582,猩,3564,狼,1
3582,猩,3587,猱,1
3582,猩,4428,糙,1
3583,猪,3570,猎,1
3583,猪,3584,猫,1
3583,猪,4525,绪,1
3584,猫,3573,猖,1
3584,猫,3579,猡,1
3584,猫,3590,猸,1
3585,猬,1309,娟,1
3585,猬,3573,猖,1
3585,猬,3581,猥,1
3585,猬,3592,猾,1
3586,献,74,乾,1
3586,献,338,僦,1
3586,献,6938,鱿,1
3587,猱,2245,揉,1
3588,猴,285,候,1
3589,猷,3597,獒,1
3589,猷,6205,酞,1
3593,猿,3567,猄,1
3594,獍,1165,境,1
3594,獍,3596,獐,1
3595,獏,2305,摸,1
3596,獐,2808,樟,1
3597,獒,2881,殚,1
3600,獬,2281,搠,1
3601,獭,2326,撷,1
3601,獭,3334,濑,1
3603,獴,3593,猿,1
3605,玄,93,亡,1
3605,玄,166,会,1
3605,玄,357,充,1
3605,玄,360,光,1
3605,玄,636,去,1
3605,玄,1672,幺,1
3605,玄,4260,立,1
3606,率,77,争,1
3606,率,585,卒,1
3606,率,1428,宰,1
3606,率,6011,辛,1
3607,玉,2859,正,1
3607,玉,3608,王,1
3608,王,6,三,1
3608,王,1184,士,1
3608,王,1611,工,1
3608,王,1619,己,1
3610,玑,5599,讥,1
3611,玕,2957,汗,1
3611,玕,3645,珥,1
3611,玕,6282,钎,1
3612,玖,1048,坎,1
3612,玖,1388,孩,1
3612,玖,2356,攻,1
3612,玖,3622,玩,1
3612,玖,4454,纠,1
3612,玖,5629,识,1
3612,玖,6723,顿,1
3613,玙,3664,琤,1
3615,玛,3614,玚,1
3615,玛,3618,玡,1
3618,玡,3611,玕,1
3618,玡,3663,琢,1
3618,玡,4032,砑,1
3618,玡,5614,讶,1
3619,玢,2976,汾,1
3621,玦,3663,琢,1
3622,玩,1618,巯,1
3622,玩,3625,环,1
3622,玩,3656,琉,1
3622,玩,5609,记,1
3623,玫,1380,孜,1
3623,玫,4879,致,1
3623,玫,5621,设,1
3623,玫,5769,败,1
3623,玫,6555,队,1
3625,环,1049,坏,1
3625,环,3101,浓,1
3625,环,3643,珠,1
3626,现,3610,玑,1
3626,现,3656,琉,1
3626,现,3665,琥,1
3626,现,3668,琪,1
3626,现,4038,砚,1
3626,现,4878,至,1
3626,现,5556,规,1
3626,现,6720,顼,1
3627,玲,1784,径,1
3627,玲,2122,拎,1
3627,玲,3033,泠,1
3627,玲,3619,玢,1
3627,玲,3637,珍,1
3627,玲,5621,设,1
3629,玷,3639,珐,1
3629,玷,3672,琯,1
3629,玷,4194,积,1
3631,玻,3035,波,1
3631,玻,5638,诐,1
3632,珀,3648,班,1
3635,珉,2921,氓,1
3636,珊,4751,肼,1
3636,珊,5871,跚,1
3637,珍,1098,垮,1
3637,珍,1613,巧,1
3637,珍,2402,於,1
3637,珍,3639,珐,1
3638,珏,6314,钰,1
3639,珐,3026,法,1
3639,珐,3638,珏,1
3641,珙,3621,玦,1
3641,珙,3668,琪,1
3642,珞,3690,瑢,1
3643,珠,2875,殊,1
3643,珠,3652,球,1
3643,珠,4068,硖,1
3643,珠,5492,袜,1
3644,珣,3687,瑜,1
3645,珥,6346,铒,1
3648,班,3626,现,1
3653,琅,3114,浪,1
3653,琅,4201,稂,1
3653,琅,4213,稳,1
3653,琅,6581,限,1
3654,理,414,况,1
3654,理,1107,埋,1
3654,理,2531,望,1
3656,琉,418,冼,1
3656,琉,1149,塃,1
3656,琉,3670,琬,1
3656,琉,3784,疏,1
3658,琎,3651,珽,1
3660,琐,2842,欢,1
3660,琐,3091,浈,1
3660,琐,3123,消,1
3660,琐,3620,玥,1
3660,琐,3649,珰,1
3660,琐,3686,瑛,1
3663,琢,3614,玚,1
3663,琢,5681,诼,1
3664,琤,3666,琦,1
3664,琤,5658,诤,1
3665,琥,4108,磋,1
3666,琦,3678,琼,1
3667,琨,3176,混,1
3668,琪,3641,珙,1
3668,琪,6077,逗,1
3673,琰,3168,淡,1
3674,琳,2587,林,1
3674,琳,3643,珠,1
3674,琳,3645,珥,1
3675,琴,3655,琇,1
3675,琴,6269,鏊,1
3676,琵,2438,昆,1
3676,琵,6907,髭,1
3677,琶,1532,岜,1
3677,琶,3918,盐,1
3678,琼,1387,学,1
3678,琼,3613,玙,1
3678,琼,3615,玛,1
3678,琼,3642,珞,1
3678,琼,3662,琛,1
3680,瑁,3620,玥,1
3680,瑁,3660,琐,1
3685,瑚,4772,胡,1
3688,瑞,3208,湍,1
3688,瑞,3670,琬,1
3689,瑟,884,喂,1
3689,瑟,1813,忌,1
3689,瑟,1863,怨,1
3689,瑟,2902,毖,1
3689,瑟,3675,琴,1
3689,瑟,3676,琵,1
3692,瑰,3623,玫,1
3692,瑰,3649,珰,1
3692,瑰,3691,瑭,1
3692,瑰,6932,魏,1
3693,瑶,418,冼,1
3693,瑶,2295,摇,1
3693,瑶,3639,珐,1
3693,瑶,3649,珰,1
3693,瑶,4507,绘,1
3693,瑶,6585,陟,1
3693,瑶,6720,顼,1
3696,璀,3688,瑞,1
3698,璃,3281,漓,1
3698,璃,3679,瑀,1
3698,璃,3694,瑷,1
3698,璃,3705,璘,1
3702,璋,6862,骍,1
3707,璞,3708,璟,1
3708,璟,3327,澴,1
3710,璧,335,像,1
3710,璧,1364,嬖,1
3710,璧,3735,甓,1
3713,璪,3663,琢,1
3716,瓘,3696,璀,1
3717,瓜,623,厕,1
3717,瓜,2423,旬,1
3717,瓜,5619,讼,1
3720,瓢,2400,新,1
3720,瓢,3722,瓤,1
3720,瓢,6190,鄹,1
3721,瓣,6015,辣,1
3721,瓣,6016,辨,1
3721,瓣,6018,辫,1
3723,瓦,84,互,1
3723,瓦,646,反,1
3723,瓦,1700,座,1
3723,瓦,2394,斥,1
3723,瓦,2918,氏,1
3724,瓮,4642,羽,1
3725,瓯,6577,陉,1
3727,瓶,4400,粗,1
3727,瓶,6298,钠,1
3728,瓷,1947,惩,1
3731,甄,5743,豌,1
3731,甄,6301,钣,1
3732,甍,2517,曹,1
3732,甍,5261,薨,1
3735,甓,4866,臂,1
3736,甘,1726,廿,1
3738,甚,4963,芭,1
3739,甜,1750,弭,1
3739,甜,4484,绀,1
3739,甜,4772,胡,1
3739,甜,5083,荽,1
3739,甜,5103,莳,1
3740,生,2541,朱,1
3740,生,2571,杰,1
3740,生,2905,毛,1
3741,甥,1124,埸,1
3741,甥,5378,蜞,1
3741,甥,6422,锣,1
3742,用,2522,月,1
3742,用,3749,田,1
3744,甪,3742,用,1
3745,甫,4992,苘,1
3746,甬,395,再,1
3746,甬,3742,用,1
3747,甭,7167,齑,1
3749,田,1005,因,1
3749,田,1006,囡,1
3749,田,1007,团,1
3749,田,2512,曰,1
3749,田,2894,毋,1
3749,田,3742,用,1
3749,田,6508,闭,1
3750,由,393,冉,1
3750,由,2513,曲,1
3750,由,6022,边,1
3751,甲,3752,申,1
3752,申,33,中,1
3752,申,4719,肀,1
3753,电,551,包,1
3753,电,707,吨,1
3753,电,1513,屯,1
3754,男,400,写,1
3754,男,2444,易,1
3754,男,2457,昴,1
3754,男,3751,甲,1
3755,甸,658,句,1
3755,甸,3919,监,1
3758,甾,1610,巢,1
3759,畀,3763,界,1
3760,畅,720,吻,1
3760,畅,5386,蜴,1
3761,畈,3491,版,1
3761,畈,5773,贩,1
3762,畋,3623,玫,1
3763,界,123,介,1
3763,界,2590,果,1
3765,畏,6503,长,1
3766,畔,4757,胂,1
3767,留,5569,角,1
3767,留,5788,贸,1
3768,畚,1226,奋,1
3770,畜,1302,娈,1
3770,畜,5121,菖,1
3770,畜,5203,蓄,1
3771,略,2489,晾,1
3771,略,3642,珞,1
3771,略,4803,脓,1
3772,畦,691,吐,1
3772,畦,794,哇,1
3772,畦,4826,腔,1
3772,畦,6219,酲,1
3772,畦,6626,雌,1
3773,番,5113,菁,1
3773,番,5207,蓍,1
3773,番,5238,蕃,1
3774,畯,829,唆,1
3774,畯,3965,睃,1
3774,畯,4809,脧,1
3776,畴,2875,殊,1
3777,畸,908,喻,1
3777,畸,1568,崎,1
3777,畸,6205,酞,1
3777,畸,7067,鹇,1
3781,疆,1365,嬗,1
3781,疆,4925,艟,1
3781,疆,6861,验,1
3782,疋,5549,襻,1
3782,疋,6044,迢,1
3784,疏,1594,嵫,1
3784,疏,1618,巯,1
3784,疏,3656,琉,1
3784,疏,4073,硫,1
3784,疏,4514,统,1
3784,疏,6858,骈,1
3785,疑,1602,嶷,1
3785,疑,4783,胰,1
3785,疑,6118,避,1
3785,疑,6745,题,1
3785,疑,7178,龊,1
3786,疒,33,中,1
3789,疗,1683,序,1
3789,疗,2638,标,1
3789,疗,2948,求,1
3789,疗,3118,海,1
3789,疗,3795,疡,1
3789,疗,3809,疴,1
3789,疗,3826,痔,1
3789,疗,5472,衫,1
3790,疙,3803,疮,1
3790,疙,3812,疹,1
3790,疙,3822,痉,1
3791,疚,1137,堎,1
3791,疚,3817,痃,1
3792,疝,3802,疭,1
3793,疟,758,咋,1
3793,疟,3805,疰,1
3793,疟,3820,症,1
3794,疠,3801,疬,1
3795,疡,2943,氵,1
3795,疡,3789,疗,1
3795,疡,3837,痨,1
3796,疢,3802,疭,1
3796,疢,3810,疵,1
3796,疢,3840,痰,1
3799,疥,2171,挢,1
3799,疥,3815,疾,1
3800,疫,2995,没,1
3803,疮,3790,疙,1
3803,疮,3798,疤,1
3803,疮,3823,痊,1
3804,疯,3801,疬,1
3805,疰,3833,痣,1
3806,疱,1689,庖,1
3806,疱,3803,疮,1
3807,疲,1780,彼,1
3807,疲,3818,痄,1
3807,疲,6713,页,1
3810,疵,1680,庇,1
3812,疹,3813,疼,1
3812,疹,3817,痃,1
3813,疼,1889,恪,1
3814,疽,3808,疳,1
3814,疽,4186,租,1
3814,疽,6566,阻,1
3815,疾,3838,痪,1
3816,痂,3788,疖,1
3819,病,2610,柄,1
3819,病,3383,炳,1
3819,病,3791,疚,1
3819,病,3801,疬,1
3819,病,3804,疯,1
3820,症,689,后,1
3820,症,2125,拓,1
3820,症,3829,痘,1
3821,痈,1106,埇,1
3821,痈,1501,屏,1
3821,痈,3788,疖,1
3822,痉,1499,屋,1
3822,痉,3805,疰,1
3822,痉,3813,疼,1
3822,痉,3831,痞,1
3822,痉,3847,瘁,1
3823,痊,3791,疚,1
3823,痊,3813,疼,1
3825,痒,3809,疴,1
3825,痒,3822,痉,1
3825,痒,3826,痔,1
3825,痒,3834,痤,1
3825,痒,3849,瘅,1
3825,痒,3871,瘴,1
3826,痔,3510,特,1
3826,痔,3831,痞,1
3827,痕,180,伲,1
3827,痕,3854,瘕,1
3829,痘,833,唐,1
3829,痘,1997,憧,1
3829,痘,3790,疙,1
3829,痘,3805,疰,1
3829,痘,3811,疸,1
3829,痘,3828,痖,1
3829,痘,3878,癃,1
3830,痛,3691,瑭,1
3830,痛,3795,疡,1
3830,痛,3821,痈,1
3830,痛,3844,痼,1
3831,痞,187,伾,1
3831,痞,3801,疬,1
3831,痞,3813,疼,1
3831,痞,4862,膺,1
3831,痞,6114,遮,1
3832,痢,3852,瘌,1
3833,痣,3845,痿,1
3834,痤,1700,座,1
3835,痦,3857,瘙,1
3835,痦,3865,瘩,1
3837,痨,3795,疡,1
3837,痨,3863,瘥,1
3838,痪,2199,换,1
3838,痪,2254,握,1
3838,痪,2412,族,1
3838,痪,3840,痰,1
3838,痪,3851,瘊,1
3839,痫,3821,痈,1
3840,痰,3815,疾,1
3840,痰,3827,痕,1
3840,痰,3838,痪,1
3840,痰,3846,瘀,1
3840,痰,3857,瘙,1
3840,痰,4225,穰,1
3842,痴,3816,痂,1
3842,痴,3819,病,1
3842,痴,3832,痢,1
3842,痴,5445,蠃,1
3843,痹,1702,庳,1
3845,痿,3856,瘘,1
3846,瘀,3831,痞,1
3847,瘁,230,侔,1
3847,瘁,3577,猝,1
3847,瘁,3817,痃,1
3847,瘁,3818,痄,1
3848,瘃,3332,濂,1
3849,瘅,3825,痒,1
3849,瘅,3830,痛,1
3849,瘅,3847,瘁,1
3852,瘌,3832,痢,1
3853,瘐,3876,瘿,1
3854,瘕,3830,痛,1
3856,瘘,3876,瘿,1
3859,瘟,1339,媪,1
3859,瘟,3829,痘,1
3862,瘤,2787,榴,1
3864,瘦,1712,廋,1
3864,瘦,3229,溏,1
3864,瘦,3807,疲,1
3865,瘩,3712,璩,1
3865,瘩,3803,疮,1
3865,瘩,3831,痞,1
3865,瘩,3856,瘘,1
3865,瘩,3860,瘠,1
3866,瘪,1709,庾,1
3866,瘪,3243,溴,1
3866,瘪,3845,痿,1
3866,瘪,3858,瘛,1
3867,瘫,2636,栀,1
3867,瘫,3813,疼,1
3867,瘫,3818,痄,1
3867,瘫,3841,痱,1
3867,瘫,3880,癍,1
3868,瘭,3869,瘰,1
3870,瘳,1716,廖,1
3872,瘵,3249,滁,1
3872,瘵,3823,痊,1
3872,瘵,3870,瘳,1
3873,瘸,1503,屑,1
3873,瘸,1940,惜,1
3873,瘸,3862,瘤,1
3875,瘾,3827,痕,1
3875,瘾,3846,瘀,1
3875,瘾,4259,窿,1
3877,癀,3874,瘼,1
3879,癌,3336,濞,1
3879,癌,3840,痰,1
3880,癍,3841,痱,1
3881,癔,3817,痃,1
3881,癔,3845,痿,1
3881,癔,3875,瘾,1
3882,癖,3885,癣,1
3883,癜,2890,殿,1
3884,癞,1714,廒,1
3884,癞,2843,欣,1
3885,癣,3847,瘁,1
3885,癣,3882,癖,1
3886,癫,3883,癜,1
3888,癸,1418,宠,1
3888,癸,2723,棠,1
3888,癸,5560,览,1
3889,登,438,凳,1
3889,登,2866,死,1
3889,登,4289,笠,1
3889,登,4383,簦,1
3890,白,84,互,1
3890,白,2394,斥,1
3890,白,6038,这,1
3891,百,692,向,1
3891,百,3723,瓦,1
3891,百,3942,眉,1
3891,百,4674,而,1
3891,百,4875,自,1
3891,百,5634,诌,1
3892,皂,1401,宅,1
3892,皂,2514,曳,1
3892,皂,7184,龟,1
3893,的,520,劢,1
3893,的,526,劬,1
3893,的,678,叼,1
3893,的,1246,妁,1
3893,的,1377,孙,1
3893,的,2435,昀,1
3893,的,3890,白,1
3893,的,4678,耔,1
3893,的,6203,酚,1
3893,的,7056,鸼,1
3894,皆,727,告,1
3894,皆,848,唱,1
3894,皆,2421,旨,1
3894,皆,2443,昏,1
3894,皆,2703,梦,1
3894,皆,4761,背,1
3894,皆,5183,蒈,1
3894,皆,6710,音,1
3895,皇,726,呈,1
3895,皇,1862,性,1
3896,皈,4904,般,1
3897,皋,5004,苯,1
3897,皋,6250,采,1
3899,皑,4372,篼,1
3901,皖,2469,晓,1
3901,皖,3976,睨,1
3901,皖,6986,鲵,1
3902,皙,1762,彗,1
3902,皙,2490,暂,1
3903,皤,4121,礌,1
3904,皮,516,办,1
3904,皮,643,及,1
3904,皮,646,反,1
3904,皮,647,发,1
3904,皮,670,史,1
3904,皮,4724,肉,1
3905,皱,1780,彼,1
3905,皱,3906,皲,1
3906,皲,4774,胥,1
3907,皴,1199,夙,1
3907,皴,3906,皲,1
3908,皿,1003,回,1
3908,皿,2419,旦,1
3908,皿,3028,泗,1
3909,盂,3913,盉,1
3910,盅,1824,忠,1
3910,盅,1918,患,1
3911,盆,1046,坌,1
3911,盆,1421,宣,1
3911,盆,1525,岔,1
3911,盆,3920,盒,1
3911,盆,6935,鱼,1
3914,益,2460,昼,1
3914,益,3915,盍,1
3914,益,3916,盎,1
3917,盏,3925,盛,1
3919,监,36,临,1
3919,监,2861,步,1
3919,监,5376,蜚,1
3919,监,5560,览,1
3919,监,6048,迨,1
3920,盒,3911,盆,1
3920,盒,6935,鱼,1
3922,盖,886,善,1
3922,盖,1382,孟,1
3922,盖,3461,熹,1
3923,盗,3210,湓,1
3923,盗,3919,监,1
3923,盗,4231,空,1
3923,盗,4294,笪,1
3923,盗,5800,资,1
3924,盘,2462,显,1
3925,盛,1936,惑,1
3926,盟,3919,监,1
3926,盟,4647,翌,1
3929,目,15,且,1
3929,目,2419,旦,1
3929,目,3736,甘,1
3929,目,3891,百,1
3930,盯,2429,旴,1
3930,盯,2430,时,1
3930,盯,4642,羽,1
3931,盱,4697,耵,1
3932,盲,857,商,1
3932,盲,2421,旨,1
3932,盲,4237,窅,1
3933,直,4875,自,1
3933,直,5006,苴,1
3934,相,1890,恫,1
3934,相,2599,枫,1
3934,相,2612,柏,1
3934,相,2614,柑,1
3934,相,2629,柯,1
3934,相,2654,栩,1
3934,相,2739,椎,1
3935,盹,3951,眦,1
3935,盹,6939,鲀,1
3936,盼,708,吩,1
3936,盼,823,哳,1
3937,盾,194,佑,1
3937,盾,229,侑,1
3937,盾,2158,指,1
3937,盾,5040,茴,1
3937,盾,6829,香,1
3938,省,1033,圭,1
3938,省,2445,昔,1
3938,省,4728,肖,1
3938,省,4991,苗,1
3938,省,4993,苛,1
3938,省,6826,首,1
3940,眇,523,助,1
3940,眇,717,吵,1
3941,眈,4742,肫,1
3942,眉,1491,局,1
3944,看,2495,暑,1
3944,看,3963,着,1
3944,看,6829,香,1
3948,真,361,克,1
3948,真,381,其,1
3948,真,3933,直,1
3948,真,5099,莫,1
3948,真,7182,龚,1
3949,眠,2458,昵,1
3949,眠,3486,爽,1
3951,眦,2903,毗,1
3953,眩,3622,玩,1
3953,眩,4732,肜,1
3953,眩,4785,胲,1
3953,眩,5776,贬,1
3954,眬,4097,碱,1
3955,眭,3772,畦,1
3955,眭,3967,睐,1
3955,眭,3975,睦,1
3956,眯,2453,昨,1
3956,眯,3978,睬,1
3956,眯,4769,胜,1
3956,眯,4802,脒,1
3957,眵,793,哆,1
3958,眶,3945,眍,1
3958,眶,3969,睚,1
3959,眷,3944,看,1
3959,眷,3963,着,1
3959,眷,4796,脊,1
3959,眷,4885,舂,1
3959,眷,5062,荞,1
3959,眷,6663,青,1
3959,眷,6963,鲞,1
3960,眸,1826,忤,1
3960,眸,5363,蜂,1
3961,眺,2667,桃,1
3961,眺,3941,眈,1
3961,眺,3951,眦,1
3962,眼,402,农,1
3962,眼,2526,服,1
3962,眼,3951,眦,1
3962,眼,4755,胀,1
3963,着,1617,差,1
3963,着,3959,眷,1
3964,睁,1549,峄,1
3965,睃,829,唆,1
3970,睛,1931,情,1
3970,睛,2497,暗,1
3970,睛,4818,腈,1
3970,睛,4844,腾,1
3971,睡,2507,曛,1
3971,睡,2728,棰,1
3971,睡,3952,眨,1
3971,睡,6423,锤,1
3973,督,655,叠,1
3973,督,3983,瞀,1
3975,睦,836,唛,1
3975,睦,3986,瞌,1
3976,睨,3901,皖,1
3976,睨,6986,鲵,1
3977,睫,2450,映,1
3977,睫,4783,胰,1
3977,睫,4837,腱,1
3977,睫,6248,醺,1
3978,睬,3956,眯,1
3978,睬,3967,睐,1
3978,睬,4810,脬,1
3979,睹,2485,晴,1
3979,睹,3946,眙,1
3979,睹,4785,胲,1
3979,睹,4793,脂,1
3980,睽,3997,瞪,1
3982,睿,1434,容,1
3985,瞅,2257,揪,1
3988,瞎,2474,晚,1
3988,瞎,4210,稞,1
3990,瞒,4002,瞵,1
3990,瞒,4814,脶,1
3990,瞒,4848,膈,1
3991,瞟,4852,膘,1
3993,瞢,2501,暮,1
3993,瞢,5204,蓇,1
3993,瞢,5264,薯,1
3994,瞥,4847,膂,1
3995,瞧,1994,憔,1
3995,瞧,3333,濉,1
3995,瞧,3439,照,1
3995,瞧,3601,獭,1
3995,瞧,3952,眨,1
3995,瞧,3972,睢,1
3995,瞧,4760,胆,1
3996,瞩,959,嘱,1
3996,瞩,4814,脶,1
3997,瞪,3980,睽,1
3997,瞪,4221,穄,1
3999,瞭,963,嘹,1
4001,瞳,1165,境,1
4001,瞳,3972,睢,1
4001,瞳,3992,瞠,1
4001,瞳,4838,腴,1
4001,瞳,4868,臆,1
4002,瞵,3705,璘,1
4002,瞵,5421,螣,1
4003,瞻,3780,疃,1
4003,瞻,5736,谵,1
4005,瞿,994,嚯,1
4008,矛,1459,寻,1
4008,矛,1641,帚,1
4008,矛,2617,柔,1
4009,矜,1319,婀,1
4009,矜,1746,弦,1
4009,矜,2609,柃,1
4009,矜,3907,皴,1
4010,矢,362,免,1
4010,矢,1211,央,1
4010,矢,4283,笑,1
4011,矣,4241,窑,1
4011,矣,4283,笑,1
4012,知,5375,蜘,1
4014,矩,6321,钷,1
4015,矫,1301,娇,1
4015,矫,5498,袯,1
4016,矬,6397,锉,1
4017,短,1781,往,1
4017,短,4473,纴,1
4018,矮,1328,婪,1
4018,矮,3384,炷,1
4019,石,10,不,1
4019,石,86,五,1
4019,石,355,元,1
4019,石,671,右,1
4019,石,1614,巨,1
4021,矸,4050,砰,1
4022,矻,4048,砭,1
4022,矻,4057,砼,1
4023,矽,3750,由,1
4023,矽,4031,砍,1
4023,矽,5864,跌,1
4024,矾,4038,砚,1
4024,矾,4039,砜,1
4025,矿,4021,矸,1
4025,矿,4023,矽,1
4026,砀,4027,码,1
4027,码,4023,矽,1
4027,码,4267,竣,1
4028,砂,4183,秒,1
4030,砌,4026,砀,1
4031,砍,2843,欣,1
4031,砍,4067,硕,1
4033,砒,147,仳,1
4033,砒,745,呲,1
4033,砒,5866,跏,1
4034,研,1254,妍,1
4034,研,4021,矸,1
4034,研,4041,砟,1
4035,砖,3631,玻,1
4035,砖,4040,砝,1
4035,砖,4045,砧,1
4035,砖,4048,砭,1
4035,砖,4051,破,1
4035,砖,4068,硖,1
4035,砖,4499,经,1
4038,砚,3626,现,1
4038,砚,4039,砜,1
4040,砝,4061,硅,1
4041,砟,4045,砧,1
4042,砣,4045,砧,1
4043,砥,4021,矸,1
4045,砧,2872,殆,1
4045,砧,3629,玷,1
4045,砧,4027,码,1
4045,砧,4059,础,1
4045,砧,4071,硝,1
4045,砧,4153,祯,1
4045,砧,4263,站,1
4048,砭,4022,矻,1
4048,砭,4060,硁,1
4049,砮,1748,弩,1
4050,砰,4025,矿,1
4050,砰,4034,研,1
4051,破,714,吱,1
4051,破,3035,波,1
4051,破,3631,玻,1
4051,破,3905,皱,1
4051,破,4037,砘,1
4051,破,4052,砷,1
4051,破,6571,陂,1
4058,砾,4036,砗,1
4058,砾,6123,邋,1
4059,础,4028,砂,1
4059,础,4072,硪,1
4059,础,5636,诎,1
4060,硁,4048,砭,1
4061,硅,2876,残,1
4061,硅,4047,砬,1
4061,硅,4057,砼,1
4061,硅,4059,础,1
4061,硅,4075,硭,1
4061,硅,4085,碓,1
4066,硒,3819,病,1
4067,硕,4032,砑,1
4067,硕,4038,砚,1
4067,硕,4089,碛,1
4067,硕,6721,顽,1
4067,硕,6732,颈,1
4073,硫,4022,矻,1
4073,硫,4076,确,1
4074,硬,1195,夏,1
4074,硬,4079,碇,1
4074,硬,6720,顼,1
4075,硭,4061,硅,1
4076,确,3773,番,1
4076,确,4062,硇,1
4076,确,4098,碲,1
4077,硷,268,俭,1
4077,硷,4057,砼,1
4077,硷,4102,碹,1
4078,硼,2525,朋,1
4078,硼,4080,碉,1
4078,硼,5931,蹦,1
4079,碇,4047,砬,1
4080,碉,287,倜,1
4080,碉,3620,玥,1
4080,碉,5688,调,1
4082,碍,4026,砀,1
4082,碍,4081,碌,1
4082,碍,4093,碣,1
4083,碎,2867,歼,1
4083,碎,4036,砗,1
4083,碎,4084,碑,1
4083,碎,6014,辟,1
4083,碎,6374,铲,1
4084,碑,277,俾,1
4084,碑,4036,砗,1
4084,碑,4050,砰,1
4084,碑,4083,碎,1
4084,碑,4149,祥,1
4086,碗,1332,婶,1
4086,碗,3778,畹,1
4087,碘,2870,殃,1
4087,碘,4059,础,1
4087,碘,4075,硭,1
4087,碘,6797,饶,1
4088,碚,4063,硌,1
4088,碚,4098,碲,1
4088,碚,4105,磅,1
4091,碟,2875,殊,1
4091,碟,4115,磲,1
4091,碟,5914,蹀,1
4094,碥,4076,确,1
4095,碧,4044,砦,1
4096,碰,791,哂,1
4096,碰,2728,棰,1
4096,碰,4104,磁,1
4096,碰,6489,镨,1
4096,碰,6594,陲,1
4097,碱,2136,拣,1
4097,碱,2876,残,1
4097,碱,5648,诚,1
4098,碲,5917,蹄,1
4099,碳,335,像,1
4099,碳,4077,硷,1
4099,碳,4079,碇,1
4100,碴,4037,砘,1
4100,碴,5918,蹅,1
4102,碹,4077,硷,1
4103,碾,4053,砸,1
4103,碾,4088,碚,1
4104,磁,635,厶,1
4104,磁,923,嗞,1
4104,磁,4040,砝,1
4104,磁,4088,碚,1
4105,磅,4166,禚,1
4106,磉,918,嗓,1
4107,磊,3179,淼,1
4107,磊,4442,累,1
4107,磊,7154,鼫,1
4108,磋,924,嗟,1
4108,磋,4047,砬,1
4108,磋,4088,碚,1
4108,磋,6820,馐,1
4109,磐,4903,舫,1
4111,磕,4035,砖,1
4111,磕,4040,砝,1
4111,磕,4088,碚,1
4113,磨,5586,詹,1
4115,磲,4106,磉,1
4116,磴,6872,骙,1
4117,磷,7024,鳞,1
4118,磺,4099,碳,1
4118,磺,4384,簧,1
4119,礁,968,噍,1
4124,礤,4091,碟,1
4127,示,1375,字,1
4127,示,1823,忝,1
4127,示,4008,矛,1
4127,示,4174,禾,1
4127,示,6026,迂,1
4128,礻,2944,永,1
4128,礻,6130,邝,1
4129,礼,2539,札,1
4129,礼,4130,社,1
4129,礼,4131,祀,1
4130,社,4037,砘,1
4130,社,4129,礼,1
4130,社,5301,虹,1
4132,祁,6131,邡,1
4133,祃,2567,杩,1
4135,祈,4140,祗,1
4135,祈,4141,祚,1
4136,祉,2858,止,1
4136,祉,3820,症,1
4137,祎,4143,祜,1
4138,祓,5498,袯,1
4139,祖,4132,祁,1
4139,祖,4186,租,1
4139,祖,5558,视,1
4139,祖,5628,诅,1
4141,祚,4041,砟,1
4141,祚,5630,诈,1
4143,祜,4503,结,1
4144,祝,165,伙,1
4144,祝,414,况,1
4144,祝,4134,祆,1
4144,祝,4709,职,1
4144,祝,4907,舰,1
4145,神,4137,祎,1
4145,神,4489,绅,1
4146,祟,4439,索,1
4146,祟,5153,萦,1
4147,祠,5518,裥,1
4148,祢,4133,祃,1
4149,祥,2547,杂,1
4149,祥,2602,枰,1
4149,祥,2631,柱,1
4149,祥,3489,牂,1
4149,祥,3825,痒,1
4149,祥,4141,祚,1
4149,祥,4147,祠,1
4150,祧,4157,祺,1
4150,祧,5617,讹,1
4151,票,1387,学,1
4151,票,1410,宗,1
4151,票,2663,栾,1
4151,票,4444,絷,1
4151,票,5551,要,1
4151,票,6634,雩,1
4152,祭,4446,綮,1
4153,祯,4150,祧,1
4154,祲,3119,浸,1
4155,祷,4137,祎,1
4155,祷,5537,褥,1
4155,祷,6380,铸,1
4156,祸,5476,衲,1
4157,祺,2415,旗,1
4157,祺,4163,禅,1
4158,祼,5524,裸,1
4159,祾,1793,徒,1
4160,禀,102,京,1
4160,禀,1466,尊,1
4160,禀,6268,鎏,1
4161,禁,1928,悸,1
4161,禁,2703,梦,1
4161,禁,5082,荼,1
4162,禄,2715,棂,1
4162,禄,4082,碍,1
4162,禄,4545,绿,1
4162,禄,5507,裉,1
4163,禅,4084,碑,1
4163,禅,4149,祥,1
4163,禅,4164,禊,1
4164,禊,3161,淑,1
4164,禊,4166,禚,1
4165,福,4203,稆,1
4165,福,5511,裕,1
4166,禚,4168,禧,1
4168,禧,4169,禳,1
4169,禳,1817,忑,1
4170,禹,1404,安,1
4170,禹,3304,潟,1
4170,禹,7058,鸾,1
4171,禺,2444,易,1
4172,离,1644,帝,1
4172,离,4171,禺,1
4172,离,5353,蛮,1
4172,离,5510,裔,1
4172,离,5670,诱,1
4172,离,5746,象,1
4173,禽,438,凳,1
4173,禽,973,噙,1
4173,禽,2928,氛,1
4173,禽,4370,篱,1
4174,禾,725,呆,1
4174,禾,2052,手,1
4174,禾,2535,木,1
4174,禾,2536,未,1
4174,禾,2537,末,1
4174,禾,3498,牛,1
4175,秀,519,务,1
4175,秀,1384,季,1
4175,秀,6829,香,1
4177,秃,435,凭,1
4177,秃,1074,垂,1
4178,秆,2133,拜,1
4178,秆,3611,玕,1
4178,秆,4182,科,1
4179,秉,61,乘,1
4179,秉,2561,束,1
4179,秉,2617,柔,1
4179,秉,4174,禾,1
4180,秋,2544,机,1
4180,秋,3536,狄,1
4180,秋,4176,私,1
4180,秋,4183,秒,1
4181,种,4145,神,1
4181,种,4183,秒,1
4181,种,4187,秣,1
4182,科,4181,种,1
4183,秒,1766,形,1
4183,秒,2082,抄,1
4183,秒,3516,犄,1
4183,秒,4180,秋,1
4183,秒,4185,秘,1
4184,秕,2606,枷,1
4185,秘,4180,秋,1
4185,秘,4183,秒,1
4185,秘,4184,秕,1
4186,租,3658,琎,1
4186,租,4139,祖,1
4186,租,4194,积,1
4186,租,4400,粗,1
4186,租,5852,足,1
4187,秣,2106,抹,1
4187,秣,2587,林,1
4187,秣,4191,秩,1
4188,秤,2063,扦,1
4188,秤,2602,枰,1
4188,秤,3503,牦,1
4189,秦,1225,奉,1
4189,秦,5201,蓁,1
4190,秧,4191,秩,1
4190,秧,5482,袂,1
4191,秩,1883,恢,1
4191,秩,2074,扶,1
4191,秩,3508,牲,1
4191,秩,3621,玦,1
4191,秩,4194,积,1
4191,秩,4599,缺,1
4192,秫,2587,林,1
4192,秫,4187,秣,1
4194,积,2888,段,1
4194,积,4203,稆,1
4194,积,5629,识,1
4195,称,206,你,1
4195,称,1792,徐,1
4195,称,2638,标,1
4195,称,4188,秤,1
4195,称,4213,稳,1
4196,秸,2679,桔,1
4196,秸,2732,棺,1
4196,秸,4204,程,1
4197,移,224,侈,1
4197,移,2235,掰,1
4197,移,2557,杓,1
4197,移,2622,柝,1
4197,移,2713,检,1
4197,移,4187,秣,1
4198,秽,2653,校,1
4198,秽,4205,稍,1
4200,稀,5748,豨,1
4203,稆,6354,铝,1
4204,程,2193,捏,1
4204,程,2583,枉,1
4204,程,4398,粒,1
4204,程,5982,轾,1
4205,稍,2192,捎,1
4205,稍,2702,梢,1
4206,税,2091,抗,1
4206,税,2668,桄,1
4206,税,4191,秩,1
4206,税,4194,积,1
4206,税,4203,稆,1
4206,税,4204,程,1
4206,税,4209,稚,1
4208,稗,296,倬,1
4208,稗,5519,裨,1
4209,稚,3508,牲,1
4209,稚,4085,碓,1
4209,稚,4222,穆,1
4209,稚,6622,雅,1
4211,稠,2774,榈,1
4211,稠,3620,玥,1
4211,稠,5995,辋,1
4212,稣,6944,鲆,1
4213,稳,2711,梽,1
4213,稳,4194,积,1
4215,稹,6796,饵,1
4216,稻,4165,福,1
4216,稻,4222,穆,1
4216,稻,6810,馅,1
4217,稼,1345,嫁,1
4217,稼,2750,椽,1
4217,稼,3179,淼,1
4217,稼,6468,镓,1
4218,稽,286,倚,1
4218,稽,2425,旮,1
4218,稽,2520,替,1
4218,稽,2803,槽,1
4218,稽,4223,穑,1
4218,稽,5183,蒈,1
4219,稿,1204,夥,1
4219,稿,2111,拂,1
4219,稿,4223,穑,1
4221,穄,2837,檫,1
4222,穆,2798,槜,1
4222,穆,3516,犄,1
4222,穆,4197,移,1
4224,穗,2273,搏,1
4224,穗,2711,梽,1
4224,穗,2814,樵,1
4225,穰,4169,禳,1
4226,穴,93,亡,1
4226,穴,1400,宄,1
4226,穴,1413,定,1
4226,穴,2954,汐,1
4226,穴,5762,贝,1
4227,究,1400,宄,1
4227,究,1406,完,1
4227,究,1417,实,1
4227,究,2257,揪,1
4227,究,4233,窀,1
4227,究,4242,窒,1
4228,穷,1411,官,1
4228,穷,4251,窣,1
4228,穷,4962,芬,1
4230,穹,1434,容,1
4231,空,356,兄,1
4231,空,1415,宜,1
4231,空,1421,宣,1
4231,空,1422,室,1
4232,穿,1439,寄,1
4232,穿,4440,紧,1
4232,穿,4606,罕,1
4232,穿,4974,芽,1
4234,突,820,哭,1
4235,窃,4239,窈,1
4236,窄,3724,瓮,1
4236,窄,4247,窜,1
4236,窄,4297,笮,1
4236,窄,5581,言,1
4237,窅,1415,宜,1
4237,窅,1421,宣,1
4237,窅,4245,窗,1
4238,窆,4227,究,1
4240,窍,2043,房,1
4240,窍,4227,究,1
4240,窍,6637,雳,1
4241,窑,406,冥,1
4241,窑,1416,宝,1
4241,窑,2671,案,1
4241,窑,4249,窟,1
4241,窑,4258,窸,1
4242,窒,1416,宝,1
4242,窒,1436,宾,1
4242,窒,4233,窀,1
4244,窖,1436,宾,1
4244,窖,1507,屠,1
4244,窖,4610,罟,1
4244,窖,5377,蜜,1
4244,窖,5587,誉,1
4244,窖,6659,露,1
4245,窗,857,商,1
4245,窗,1437,宿,1
4245,窗,1443,富,1
4246,窘,1440,寅,1
4246,窘,4227,究,1
4246,窘,4265,竟,1
4247,窜,35,串,1
4247,窜,1440,寅,1
4248,窝,1426,宫,1
4248,窝,1943,惠,1
4248,窝,5214,蓠,1
4249,窟,2799,槟,1
4253,窦,4254,窨,1
4257,窳,1580,崴,1
4259,窿,6600,隆,1
4260,立,6,三,1
4260,立,41,主,1
4260,立,82,亏,1
4260,立,89,亚,1
4260,立,95,交,1
4260,立,2401,方,1
4260,立,5836,走,1
4260,立,6021,辶,1
4260,立,6254,重,1
4262,竖,3439,照,1
4262,竖,5554,见,1
4263,站,4270,竭,1
4263,站,4500,绐,1
4263,站,5629,识,1
4264,竞,357,充,1
4264,竞,4177,秃,1
4264,竞,4980,苊,1
4265,竟,104,亮,1
4266,章,3606,率,1
4266,章,4251,窣,1
4267,竣,1791,後,1
4267,竣,3105,浚,1
4267,竣,4526,绫,1
4267,竣,5621,设,1
4267,竣,6084,逡,1
4269,竦,3188,渖,1
4269,竦,4487,练,1
4270,竭,3689,瑟,1
4270,竭,5945,躅,1
4271,端,3208,湍,1
4271,端,4531,绱,1
4272,竹,2946,汀,1
4272,竹,3076,洲,1
4272,竹,3546,狞,1
4272,竹,5460,行,1
4272,竹,5596,订,1
4273,竺,90,些,1
4273,竺,442,凹,1
4275,竿,1669,年,1
4275,竿,2422,早,1
4275,竿,4284,笔,1
4275,竿,4606,罕,1
4276,笃,6853,骂,1
4277,笄,4643,羿,1
4277,笄,5064,荠,1
4278,笆,738,呛,1
4278,笆,4300,笸,1
4278,笆,4946,芑,1
4280,笊,2437,昃,1
4281,笋,4291,笥,1
4281,笋,4341,管,1
4282,笏,3795,疡,1
4282,笏,4287,笛,1
4282,笏,4331,简,1
4282,笏,4735,肠,1
4283,笑,379,兴,1
4283,笑,405,冤,1
4283,笑,1471,尖,1
4283,笑,2543,朵,1
4283,笑,4011,矣,1
4284,笔,4275,竿,1
4284,笔,4304,筅,1
4284,笔,4973,芼,1
4285,笕,435,凭,1
4285,笕,5557,觅,1
4286,笙,3260,滗,1
4286,笙,4284,笔,1
4286,笙,4293,笨,1
4286,笙,4308,筌,1
4286,笙,4763,胎,1
4286,笙,6935,鱼,1
4287,笛,3758,甾,1
4287,笛,4286,笙,1
4287,笛,4297,笮,1
4287,笛,5569,角,1
4289,笠,3908,皿,1
4290,笤,1838,忿,1
4290,笤,3902,皙,1
4290,笤,4313,答,1
4291,笥,4298,笱,1
4291,笥,4312,筒,1
4292,符,2394,斥,1
4292,符,4313,答,1
4293,笨,4296,第,1
4294,笪,992,嚚,1
4294,笪,4700,耸,1
4295,笫,6252,释,1
4296,第,1743,弟,1
4296,第,1966,意,1
4296,第,4008,矛,1
4296,第,4306,等,1
4296,第,4319,筝,1
4296,第,4978,苇,1
4296,第,4985,苏,1
4296,第,5010,茀,1
4297,笮,4341,管,1
4298,笱,4312,筒,1
4298,笱,4331,简,1
4299,笳,5014,茄,1
4300,笸,4310,筐,1
4301,笺,4279,笈,1
4301,笺,4284,笔,1
4301,笺,6515,间,1
4302,笼,767,咙,1
4302,笼,2904,毙,1
4304,筅,359,先,1
4304,筅,6588,除,1
4305,筇,4311,筑,1
4306,等,52,乌,1
4306,等,1458,寺,1
4306,等,4276,笃,1
4306,等,4355,篆,1
4307,筋,4701,耻,1
4308,筌,1573,崟,1
4308,筌,5048,荃,1
4308,筌,6259,鉴,1
4309,筏,1728,弁,1
4309,筏,4292,符,1
4309,筏,4323,筱,1
4310,筐,1570,崖,1
4310,筐,4300,笸,1
4311,筑,3726,瓴,1
4311,筑,4299,笳,1
4311,筑,4305,筇,1
4311,筑,4320,筠,1
4311,筑,4327,筹,1
4311,筑,5739,豁,1
4312,筒,1473,尚,1
4312,筒,1579,崮,1
4312,筒,3758,甾,1
4312,筒,4324,筲,1
4312,筒,4331,简,1
4312,筒,6793,饲,1
4313,答,478,券,1
4313,答,3484,爹,1
4313,答,3805,疰,1
4313,答,3865,瘩,1
4313,答,4291,笥,1
4314,策,4295,笫,1
4314,策,4326,筷,1
4314,策,5019,茉,1
4315,筘,4321,筢,1
4316,筚,2901,毕,1
4317,筛,1546,峁,1
4317,筛,2475,晞,1
4317,筛,2993,沛,1
4318,筜,1759,当,1
4319,筝,4275,竿,1
4319,筝,4318,筜,1
4323,筱,305,假,1
4324,筲,1431,宵,1
4324,筲,4312,筒,1
4324,筲,4753,肾,1
4325,筵,4376,簉,1
4325,筵,6049,迩,1
4328,筻,5085,莆,1
4329,筼,4359,篑,1
4329,筼,5774,贪,1
4329,筼,5775,贫,1
4330,签,4238,窆,1
4330,签,4313,答,1
4330,签,5105,莶,1
4330,签,5933,蹬,1
4330,签,6259,鉴,1
4331,简,284,倘,1
4331,简,340,僬,1
4331,简,6793,饲,1
4332,箅,1610,巢,1
4332,箅,4337,箕,1
4333,箍,4321,筢,1
4335,箓,4306,等,1
4335,箓,4355,篆,1
4336,箔,3021,泊,1
4336,箔,3258,滔,1
4336,箔,4320,筠,1
4336,箔,4555,缉,1
4338,算,4304,筅,1
4338,算,4884,舁,1
4339,箜,639,叁,1
4339,箜,2988,沓,1
4339,箜,4308,筌,1
4340,箝,2194,捐,1
4340,箝,4315,筘,1
4340,箝,4351,箱,1
4341,管,3145,涪,1
4341,管,4290,笤,1
4341,管,4339,箜,1
4341,管,4346,箩,1
4341,管,4585,缪,1
4341,管,6004,辔,1
4341,管,6256,量,1
4342,箢,4285,笕,1
4344,箧,4310,筐,1
4345,箨,4316,筚,1
4345,箨,6399,锋,1
4347,箪,4339,箜,1
4348,箫,2939,氯,1
4348,箫,4295,笫,1
4348,箫,4335,箓,1
4350,箭,478,券,1
4350,箭,908,喻,1
4350,箭,4334,箐,1
4350,箭,4609,罚,1
4351,箱,4388,籀,1
4351,箱,4390,籍,1
4351,箱,4399,粕,1
4351,箱,4400,粗,1
4351,箱,6332,铂,1
4351,箱,6844,驹,1
4352,箴,1427,宬,1
4352,箴,3779,畿,1
4353,箸,4318,筜,1
4353,箸,4334,箐,1
4353,箸,4385,簪,1
4355,篆,404,冢,1
4355,篆,4335,箓,1
4355,篆,5746,象,1
4356,篇,4341,管,1
4357,篊,1500,屎,1
4359,篑,4329,筼,1
4360,篓,1281,委,1
4360,篓,1298,娄,1
4360,篓,4308,筌,1
4360,篓,4359,篑,1
4360,篓,4370,篱,1
4361,篙,4324,筲,1
4361,篙,4332,箅,1
4361,篙,4337,箕,1
4363,篝,4343,箦,1
4364,篡,1170,墓,1
4365,篢,1440,寅,1
4365,篢,4438,素,1
4367,篦,364,兔,1
4367,篦,5211,蓖,1
4369,篮,3913,盉,1
4369,篮,3921,盔,1
4369,篮,4318,筜,1
4369,篮,5729,谮,1
4369,篮,5932,蹩,1
4370,篱,4356,篇,1
4371,篷,4310,筐,1
4371,篷,6111,遥,1
4371,篷,6600,隆,1
4372,篼,4285,笕,1
4375,簇,4358,篌,1
4375,簇,6266,鍠,1
4376,簉,4325,筵,1
4376,簉,6110,遣,1
4377,簋,4369,篮,1
4378,簌,4712,联,1
4381,簟,4382,簠,1
4381,簟,5552,覃,1
4382,簠,4377,簋,1
4382,簠,7144,鼍,1
4384,簧,437,凰,1
4384,簧,1203,夤,1
4384,簧,4300,笸,1
4384,簧,4329,筼,1
4384,簧,4343,箦,1
4384,簧,4365,篢,1
4384,簧,4383,簦,1
4385,簪,4275,竿,1
4386,簸,1603,巅,1
4386,簸,2850,欺,1
4386,簸,4389,籁,1
4386,簸,6226,酽,1
4387,簿,1720,廪,1
4387,簿,4847,膂,1
4387,簿,4992,苘,1
4389,籁,4378,簌,1
4389,籁,4620,罹,1
4390,籍,4374,簃,1
4391,米,33,中,1
4391,米,581,半,1
4391,米,2561,束,1
4392,籴,199,余,1
4393,类,1298,娄,1
4393,类,3056,洄,1
4393,类,4951,芜,1
4394,籼,6251,釉,1
4395,籽,2542,朴,1
4396,粉,2070,扮,1
4396,粉,2551,杉,1
4396,粉,4685,耠,1
4396,粉,5350,蛤,1
4396,粉,5817,赖,1
4396,粉,5862,跆,1
4398,粒,2139,拦,1
4398,粒,2645,栏,1
4398,粒,4396,粉,1
4398,粒,4401,粘,1
4398,粒,5817,赖,1
4399,粕,1637,帕,1
4399,粕,4394,籼,1
4399,粕,4398,粒,1
4399,粕,4423,糌,1
4400,粗,1277,姐,1
4400,粗,4186,租,1
4401,粘,4396,粉,1
4401,粘,4398,粒,1
4401,粘,4684,耜,1
4401,粘,4685,耠,1
4401,粘,5334,蛄,1
4403,粝,4404,粞,1
4405,粟,4151,票,1
4405,粟,4402,粜,1
4405,粟,5010,茀,1
4405,粟,6644,霄,1
4406,粢,1295,姿,1
4406,粢,3192,渠,1
4406,粢,4412,粲,1
4407,粤,6910,髻,1
4409,粪,447,凿,1
4409,粪,1298,娄,1
4409,粪,4393,类,1
4409,粪,5222,蔌,1
4410,粮,98,产,1
4411,粱,2590,果,1
4412,粲,4415,粼,1
4413,粳,4419,糅,1
4414,粹,2299,摔,1
4414,粹,2687,桦,1
4414,粹,3395,烊,1
4415,粼,4416,粽,1
4416,粽,4418,糁,1
4417,精,2194,捐,1
4417,精,2702,梢,1
4417,精,5388,蜻,1
4418,糁,4420,糇,1
4420,糇,4423,糌,1
4420,糇,4432,糨,1
4421,糈,4417,精,1
4423,糌,2699,梏,1
4423,糌,4424,糍,1
4425,糕,2294,摆,1
4425,糕,4424,糍,1
4425,糕,4628,羔,1
4426,糖,833,唐,1
4426,糖,2732,棺,1
4426,糖,4431,糠,1
4426,糖,5418,螗,1
4427,糗,912,嗅,1
4428,糙,2181,挹,1
4428,糙,2696,梃,1
4428,糙,2792,槌,1
4428,糙,4410,粮,1
4429,糜,1720,廪,1
4429,糜,7106,麇,1
4429,糜,7118,麾,1
4430,糟,4417,精,1
4431,糠,2136,拣,1
4431,糠,2284,搪,1
4431,糠,3592,猾,1
4433,糯,3364,炀,1
4433,糯,4421,糈,1
4433,糯,4843,腽,1
4433,糯,5449,蠕,1
4434,糵,5061,荜,1
4435,糸,2563,条,1
4436,系,102,京,1
4436,系,199,余,1
4436,系,1378,孚,1
4436,系,2155,拿,1
4436,系,4438,素,1
4437,紊,4146,祟,1
4438,素,1228,奏,1
4438,素,2553,李,1
4438,素,4151,票,1
4438,素,4189,秦,1
4439,索,1379,孛,1
4439,索,2482,景,1
4439,索,2553,李,1
4439,索,2819,橐,1
4439,索,3948,真,1
4439,索,4437,紊,1
4439,索,4657,翥,1
4440,紧,1386,孥,1
4440,紧,4443,絮,1
4441,紫,22,东,1
4441,紫,1387,学,1
4441,紫,2633,柴,1
4441,紫,4443,絮,1
4441,紫,5584,訾,1
4442,累,351,儡,1
4442,累,2482,景,1
4442,累,4608,罘,1
4443,絮,821,哮,1
4443,絮,2605,架,1
4443,絮,4600,罂,1
4443,絮,5082,荼,1
4444,絷,4161,禁,1
4445,綦,4437,紊,1
4446,綮,5153,萦,1
4447,縻,2303,摩,1
4447,縻,4429,糜,1
4447,縻,7106,麇,1
4448,繁,4306,等,1
4448,繁,4446,綮,1
4448,繁,5824,赞,1
4448,繁,6874,骛,1
4450,繇,7084,鹞,1
4451,纂,1474,尜,1
4451,纂,1823,忝,1
4451,纂,4445,綦,1
4454,纠,1279,姒,1
4454,纠,1606,巛,1
4454,纠,4227,究,1
4454,纠,5606,训,1
4454,纠,5631,诉,1
4454,纠,6311,钭,1
4456,红,656,口,1
4456,红,2962,江,1
4458,纤,113,什,1
4458,纤,2947,汁,1
4458,纤,4477,纸,1
4458,纤,4494,绊,1
4460,约,391,内,1
4460,约,1246,妁,1
4460,约,3361,灼,1
4460,约,4455,纡,1
4460,约,4457,纣,1
4460,约,4461,级,1
4460,约,4487,练,1
4461,级,1778,役,1
4461,级,3161,淑,1
4461,级,3893,的,1
4461,级,4595,缴,1
4461,级,6788,饭,1
4462,纨,6797,饶,1
4464,纪,112,亿,1
4464,纪,356,兄,1
4464,纪,431,几,1
4464,纪,1248,妃,1
4464,纪,1265,妩,1
4464,纪,1784,径,1
4464,纪,2950,汇,1
4464,纪,2959,汜,1
4464,纪,4144,祝,1
4464,纪,4456,红,1
4464,纪,4514,统,1
4465,纫,135,仞,1
4465,纫,453,切,1
4465,纫,1242,奶,1
4465,纫,2951,汈,1
4466,纬,35,串,1
4466,纬,4494,绊,1
4467,纭,4507,绘,1
4467,纭,6937,鱾,1
4468,纯,2900,比,1
4468,纯,2974,汹,1
4470,纱,158,伍,1
4470,纱,195,体,1
4470,纱,1468,少,1
4470,纱,3369,炒,1
4470,纱,4025,矿,1
4470,纱,6569,阿,1
4471,纲,188,佃,1
4471,纲,2420,旧,1
4471,纲,3001,沨,1
4471,纲,4465,纫,1
4471,纲,4490,细,1
4471,纲,5620,讽,1
4471,纲,6300,钢,1
4471,纲,6506,闪,1
4472,纳,2588,枘,1
4472,纳,4465,纫,1
4473,纴,4468,纯,1
4474,纵,6146,邹,1
4475,纶,175,伧,1
4475,纶,1782,征,1
4475,纶,2353,收,1
4475,纶,2999,沦,1
4475,纶,4478,纹,1
4475,纶,4500,绐,1
4475,纶,4512,绝,1
4475,纶,5618,论,1
4476,纷,708,吩,1
4476,纷,4493,绉,1
4476,纷,4506,绗,1
4476,纷,6787,饬,1
4477,纸,191,低,1
4477,纸,1312,娥,1
4477,纸,2921,氓,1
4477,纸,2978,沂,1
4477,纸,4014,矩,1
4477,纸,4464,纪,1
4477,纸,4469,纰,1
4477,纸,4550,缄,1
4477,纸,6783,饨,1
4478,纹,163,众,1
4478,纹,1241,奴,1
4478,纹,2354,攸,1
4478,纹,4461,级,1
4478,纹,4474,纵,1
4478,纹,4513,绞,1
4479,纺,1613,巧,1
4479,纺,1741,弘,1
4479,纺,4467,纭,1
4479,纺,4470,纱,1
4479,纺,4519,绤,1
4479,纺,5666,语,1
4481,纽,1260,妞,1
4481,纽,3101,浓,1
4481,纽,4497,绍,1
4481,纽,6785,饪,1
4481,纽,6792,饱,1
4483,线,3616,玟,1
4483,线,4502,绒,1
4483,线,6790,饯,1
4485,绁,4481,纽,1
4487,练,417,冻,1
4487,练,4521,绦,1
4487,练,4565,缕,1
4487,练,5645,诗,1
4488,组,140,以,1
4488,组,1062,坦,1
4488,组,1783,徂,1
4488,组,1789,徊,1
4488,组,4186,租,1
4488,组,4481,纽,1
4488,组,4490,细,1
4488,组,4491,织,1
4489,绅,146,仲,1
4489,绅,183,伸,1
4489,绅,751,呻,1
4489,绅,2947,汁,1
4489,绅,3752,申,1
4489,绅,4460,约,1
4489,绅,4490,细,1
4490,细,3057,洇,1
4490,细,4465,纫,1
4490,细,4538,绸,1
4490,细,5344,蛔,1
4491,织,189,但,1
4491,织,1778,役,1
4491,织,4456,红,1
4491,织,4474,纵,1
4491,织,5556,规,1
4491,织,6354,铝,1
4492,终,4459,纥,1
4492,终,4511,络,1
4493,绉,6810,馅,1
4494,绊,2996,沣,1
4494,绊,4466,纬,1
4497,绍,124,仍,1
4497,绍,5637,诏,1
4498,绎,3058,洋,1
4498,绎,5639,译,1
4499,经,1068,坯,1
4499,经,1746,弦,1
4499,经,3030,泛,1
4499,经,4507,绘,1
4499,经,4508,给,1
4499,经,4511,络,1
4499,经,6333,铃,1
4500,绐,3012,治,1
4500,绐,5630,诈,1
4501,绑,4468,纯,1
4501,绑,6138,邯,1
4502,绒,1312,娥,1
4502,绒,4457,纣,1
4502,绒,4483,线,1
4502,绒,4550,缄,1
4503,结,170,传,1
4503,结,217,佶,1
4503,结,223,侄,1
4503,结,269,修,1
4503,结,3014,沽,1
4503,结,3639,珐,1
4503,结,4487,练,1
4503,结,4508,给,1
4503,结,5460,行,1
4503,结,5632,诊,1
4504,绔,1098,垮,1
4505,绕,418,冼,1
4505,绕,1300,娆,1
4505,绕,4556,缋,1
4505,绕,5886,跷,1
4505,绕,6797,饶,1
4506,绗,3647,珩,1
4507,绘,3040,泫,1
4507,绘,4508,给,1
4507,绘,4797,脍,1
4507,绘,6959,鲙,1
4508,给,122,今,1
4508,给,255,俗,1
4508,给,684,合,1
4508,给,4299,笳,1
4508,给,4476,纷,1
4508,给,4504,绔,1
4509,绚,1274,姆,1
4509,绚,3755,甸,1
4509,绚,6798,饷,1
4510,绛,4498,绎,1
4510,绛,6399,锋,1
4511,络,1175,墦,1
4511,络,3397,烙,1
4511,络,4492,终,1
4511,络,4508,给,1
4511,络,5501,袼,1
4512,绝,3008,沲,1
4512,绝,3111,浥,1
4512,绝,4533,绳,1
4513,绞,219,佼,1
4513,绞,402,农,1
4513,绞,1778,役,1
4513,绞,2355,改,1
4513,绞,4159,祾,1
4513,绞,4461,级,1
4513,绞,4486,绂,1
4514,统,3145,涪,1
4514,统,5938,蹴,1
4514,统,6375,铳,1
4516,绡,4517,绢,1
4517,绢,290,倡,1
4517,绢,1062,坦,1
4517,绢,4556,缋,1
4517,绢,4566,编,1
4518,绣,1397,宀,1
4518,绣,2734,棼,1
4518,绣,4565,缕,1
4519,绤,255,俗,1
4519,绤,4500,绐,1
4519,绤,4511,络,1
4520,绥,2227,接,1
4520,绥,4513,绞,1
4520,绥,4536,绶,1
4520,绥,6774,飨,1
4521,绦,1745,弥,1
4521,绦,3258,滔,1
4521,绦,4487,练,1
4522,继,3018,泄,1
4522,继,4484,绀,1
4522,继,4496,绌,1
4522,继,4543,绽,1
4523,绨,1743,弟,1
4523,绨,4578,缣,1
4523,绨,6405,锑,1
4524,绩,1327,婧,1
4524,绩,4572,缜,1
4525,绪,328,储,1
4525,绪,4671,者,1
4525,绪,5657,诣,1
4525,绪,6411,锗,1
4526,绫,4563,缓,1
4527,续,1417,实,1
4527,续,1692,庚,1
4527,续,5680,读,1
4528,绮,4508,给,1
4530,绰,296,倬,1
4530,绰,4510,绛,1
4532,绲,6419,锟,1
4533,绳,1754,强,1
4533,绳,4468,纯,1
4533,绳,5391,蝇,1
4534,维,3173,淮,1
4534,维,5686,谁,1
4535,绵,1395,孺,1
4535,绵,2408,旆,1
4535,绵,4466,纬,1
4535,绵,4542,综,1
4535,绵,6462,镍,1
4536,绶,4563,缓,1
4537,绷,2525,朋,1
4537,绷,4078,硼,1
4537,绷,6970,鲥,1
4538,绸,4270,竭,1
4538,绸,4539,绹,1
4538,绸,6356,铟,1
4541,绻,292,倦,1
4541,绻,6428,锩,1
4542,综,1375,字,1
4542,综,1410,宗,1
4542,综,1792,徐,1
4542,综,3069,津,1
4542,综,3671,琮,1
4542,综,4487,练,1
4542,综,4580,缥,1
4542,综,4596,缵,1
4542,综,5690,谅,1
4542,综,5691,谆,1
4543,绽,247,促,1
4543,绽,4512,绝,1
4543,绽,4513,绞,1
4543,绽,4562,缒,1
4544,绾,6811,馆,1
4545,绿,1792,徐,1
4545,绿,4568,缘,1
4545,绿,5746,象,1
4546,缀,1805,德,1
4546,缀,2889,殷,1
4546,缀,3203,游,1
4548,缂,4494,绊,1
4548,缂,4593,缲,1
4550,缄,427,减,1
4550,缄,785,咸,1
4550,缄,2713,检,1
4550,缄,4502,绒,1
4551,缅,5674,诵,1
4551,缅,6392,锄,1
4553,缇,333,傻,1
4554,缈,3204,渺,1
4555,缉,243,侮,1
4555,缉,3128,涓,1
4555,缉,3292,漳,1
4555,缉,4517,绢,1
4555,缉,6814,馉,1
4557,缌,4532,绲,1
4558,缍,6423,锤,1
4559,缎,1394,孵,1
4559,缎,2538,本,1
4559,缎,2888,段,1
4559,缎,3242,溲,1
4559,缎,5678,诹,1
4560,缏,4515,绠,1
4563,缓,4513,绞,1
4563,缓,4570,缚,1
4563,缓,5659,该,1
4563,缓,5706,谖,1
4563,缓,6447,锾,1
4563,缓,6807,馁,1
4564,缔,2993,沛,1
4564,缔,4523,绨,1
4564,缔,4535,绵,1
4565,缕,1298,娄,1
4565,缕,3132,涛,1
4565,缕,4494,绊,1
4565,缕,4524,绩,1
4565,缕,4588,缭,1
4566,编,420,净,1
4566,编,2045,扁,1
4566,编,4574,缟,1
4568,缘,224,侈,1
4568,缘,3045,泳,1
4568,缘,3152,涿,1
4568,缘,4542,综,1
4568,缘,4545,绿,1
4570,缚,195,体,1
4570,缚,4548,缂,1
4570,缚,6457,镈,1
4571,缛,264,俦,1
4573,缝,3659,琏,1
4573,缝,6085,逢,1
4574,缟,7045,鸰,1
4575,缠,3834,痤,1
4577,缢,5720,谥,1
4578,缣,5721,谦,1
4579,缤,4357,篊,1
4579,缤,4543,绽,1
4579,缤,6469,镔,1
4580,缥,3277,漂,1
4580,缥,6471,镖,1
4581,缦,5724,谩,1
4582,缧,3290,漯,1
4583,缨,3285,漤,1
4584,缩,4508,给,1
4584,缩,4544,绾,1
4584,缩,4590,缯,1
4586,缫,1610,巢,1
4588,缭,337,僚,1
4588,缭,1386,孥,1
4588,缭,3296,潆,1
4588,缭,4487,练,1
4589,缮,3234,溠,1
4589,缮,3315,潽,1
4589,缮,4861,膳,1
4589,缮,6489,镨,1
4590,缯,339,僧,1
4590,缯,967,噌,1
4591,缰,345,僵,1
4591,缰,3328,澶,1
4592,缱,4562,缒,1
4593,缲,2677,桑,1
4593,缲,3323,澡,1
4594,缳,3327,澴,1
4595,缴,4568,缘,1
4595,缴,4576,缡,1
4595,缴,6788,饭,1
4598,缸,5741,豇,1
4599,缺,5308,蚀,1
4599,缺,6331,铁,1
4601,罄,6831,馨,1
4603,罐,6344,铐,1
4603,罐,6821,馑,1
4604,网,687,同,1
4604,网,787,咽,1
4604,网,6506,闪,1
4605,罔,743,周,1
4605,罔,1017,国,1
4605,罔,6521,闺,1
4606,罕,76,予,1
4606,罕,586,卓,1
4606,罕,4275,竿,1
4606,罕,4612,罢,1
4607,罗,806,哕,1
4607,罗,4442,累,1
4612,罢,2449,星,1
4614,罩,2428,旱,1
4614,罩,4381,簟,1
4614,罩,4606,罕,1
4614,罩,4624,羊,1
4614,罩,5552,覃,1
4615,罪,790,品,1
4615,罪,6161,郓,1
4616,置,1421,宣,1
4616,置,3963,着,1
4616,置,4365,篢,1
4616,置,4614,罩,1
4616,置,7119,黄,1
4617,罱,5362,蜀,1
4618,署,698,君,1
4618,署,1450,寡,1
4619,罴,4442,累,1
4624,羊,1,一,1
4624,羊,1668,平,1
4624,羊,2961,汞,1
4624,羊,4938,节,1
4625,羌,4626,美,1
4625,羌,5289,虎,1
4626,美,378,关,1
4626,美,386,兼,1
4626,美,1285,姜,1
4626,美,4625,羌,1
4627,羑,4633,羡,1
4628,羔,25,丢,1
4628,羔,376,兰,1
4629,羚,1617,差,1
4629,羚,4632,羟,1
4629,羚,4685,耠,1
4631,羞,3963,着,1
4632,羟,5982,轾,1
4633,羡,5968,轰,1
4635,羧,6446,锼,1
4636,羯,6695,鞨,1
4638,羲,2021,成,1
4639,羸,1367,嬴,1
4640,羹,2819,橐,1
4642,羽,3067,洞,1
4645,翅,2654,栩,1
4645,翅,4132,祁,1
4645,翅,5848,趔,1
4645,翅,5850,趣,1
4648,翎,4474,纵,1
4649,翔,4646,翊,1
4651,翘,6703,韧,1
4652,翙,5751,豳,1
4654,翟,3676,琵,1
4654,翟,4653,翚,1
4654,翟,6619,雀,1
4656,翡,3576,猜,1
4658,翦,6654,霜,1
4659,翩,4646,翊,1
4661,翯,4647,翌,1
4663,翱,4660,翮,1
4665,翻,473,刮,1
4665,翻,4649,翔,1
4666,翼,1475,尝,1
4666,翼,1624,巽,1
4666,翼,4409,粪,1
4666,翼,4647,翌,1
4667,耀,3349,灈,1
4667,耀,3474,爝,1
4667,耀,4572,缜,1
4667,耀,6177,都,1
4667,耀,6453,镄,1
4668,老,14,专,1
4668,老,2072,扰,1
4668,老,4947,芒,1
4668,老,4965,芯,1
4669,考,595,卡,1
4669,考,640,参,1
4669,考,3371,炕,1
4669,考,4161,禁,1
4670,耄,4669,考,1
4671,者,870,啬,1
4671,者,2445,昔,1
4671,者,2451,春,1
4671,者,3402,烤,1
4671,者,3938,省,1
4671,者,6826,首,1
4672,耆,5207,蓍,1
4673,耋,1126,基,1
4674,而,692,向,1
4674,而,3723,瓦,1
4674,而,4008,矛,1
4675,耍,1401,宅,1
4675,耍,2029,戛,1
4675,耍,6643,霁,1
4677,耒,2564,来,1
4677,耒,4009,矜,1
4678,耔,4416,粽,1
4679,耕,394,册,1
4679,耕,2387,料,1
4680,耖,2082,抄,1
4682,耘,6590,陨,1
4683,耙,2084,把,1
4683,耙,2575,杷,1
4683,耙,4397,粑,1
4683,耙,4681,耗,1
4684,耜,4203,稆,1
4684,耜,4682,耘,1
4684,耜,5978,轺,1
4685,耠,4684,耜,1
4689,耧,4691,耩,1
4690,耨,4695,耲,1
4692,耪,2781,榜,1
4694,耱,4426,糖,1
4695,耲,2346,攘,1
4696,耳,3496,牙,1
4696,耳,3890,白,1
4697,耵,6194,酊,1
4698,耶,523,助,1
4698,耶,4707,聊,1
4698,耶,4766,胙,1
4698,耶,6133,那,1
4698,耶,6138,邯,1
4698,耶,6169,郦,1
4700,耸,5043,茸,1
4702,耽,6202,酗,1
4703,耿,4180,秋,1
4703,耿,4701,耻,1
4703,耿,4702,耽,1
4706,聆,4711,聒,1
4707,聊,2632,柳,1
4708,聋,3509,牵,1
4708,聋,4672,耆,1
4708,聋,4699,耷,1
4709,职,2603,枳,1
4709,职,3529,状,1
4709,职,5973,轵,1
4712,联,2529,朕,1
4712,联,3838,痪,1
4712,联,6217,酰,1
4712,联,6857,骇,1
4713,聘,258,俜,1
4714,聚,2727,森,1
4714,聚,3415,焉,1
4714,聚,5523,裴,1
4714,聚,5746,象,1
4714,聚,6971,鲦,1
4716,聪,4702,耽,1
4716,聪,4709,职,1
4717,聱,7150,鼙,1
4719,肀,34,丰,1
4719,肀,1484,尹,1
4720,肃,878,啸,1
4721,肄,4722,肆,1
4721,肄,6092,逸,1
4722,肆,3624,玮,1
4722,肆,6681,靽,1
4724,肉,391,内,1
4724,肉,6536,阉,1
4725,肋,540,勖,1
4725,肋,677,叻,1
4725,肋,3940,眇,1
4725,肋,4393,类,1
4726,肌,4731,肛,1
4727,肓,1431,宵,1
4728,肖,2865,歹,1
4729,肘,132,付,1
4729,肘,3931,盱,1
4729,肘,3956,眯,1
4729,肘,4730,肚,1
4729,肘,5766,财,1
4730,肚,1186,壮,1
4730,肚,4729,肘,1
4730,肚,4738,肤,1
4730,肚,4742,肫,1
4731,肛,3931,盱,1
4731,肛,4726,肌,1
4731,肛,4730,肚,1
4732,肜,1767,彤,1
4733,肝,4764,胖,1
4734,肟,4741,肪,1
4735,肠,2526,服,1
4735,肠,2527,朐,1
4735,肠,3760,畅,1
4736,股,3965,睃,1
4737,肢,1256,妓,1
4737,肢,1831,忮,1
4737,肢,2526,服,1
4737,肢,3491,版,1
4737,肢,4736,股,1
4738,肤,4749,肷,1
4738,肤,4752,肽,1
4738,肤,4755,胀,1
4738,肤,4777,胩,1
4738,肤,4784,胱,1
4739,肥,2084,把,1
4740,肩,214,佰,1
4740,肩,692,向,1
4740,肩,3746,甬,1
4740,肩,4929,艰,1
4741,肪,765,咕,1
4741,肪,3936,盼,1
4741,肪,4763,胎,1
4741,肪,6561,防,1
4743,肭,4725,肋,1
4744,肮,2091,抗,1
4744,肮,4746,肱,1
4744,肮,4795,脉,1
4744,肮,4799,脏,1
4744,肮,4801,脑,1
4744,肮,4812,脱,1
4745,肯,2861,步,1
4747,育,357,充,1
4747,育,685,吉,1
4747,育,2451,春,1
4747,育,2931,氢,1
4747,育,6826,首,1
4747,育,6902,高,1
4748,肴,1237,奢,1
4748,肴,1423,宥,1
4750,肺,2452,昧,1
4750,肺,3936,盼,1
4750,肺,4741,肪,1
4750,肺,4811,脯,1
4751,肼,4730,肚,1
4752,肽,4762,胍,1
4753,肾,5768,贤,1
4754,肿,4737,肢,1
4755,胀,1634,帐,1
4755,胀,2529,朕,1
4755,胀,5770,账,1
4756,胁,3216,湝,1
4757,胂,4754,肿,1
4757,胂,4768,胛,1
4758,胃,737,呙,1
4758,胃,1439,寄,1
4759,胄,3525,犭,1
4759,胄,4758,胃,1
4759,胄,5779,贯,1
4760,胆,1270,妲,1
4760,胆,1855,怛,1
4760,胆,4779,胫,1
4761,背,2252,揞,1
4761,背,4717,聱,1
4761,背,4728,肖,1
4763,胎,4732,肜,1
4763,胎,4744,肮,1
4763,胎,4769,胜,1
4764,胖,3766,畔,1
4764,胖,4181,种,1
4764,胖,4754,肿,1
4764,胖,4757,胂,1
4764,胖,5459,衅,1
4765,胗,3957,眵,1
4765,胗,5491,袗,1
4766,胙,2623,柞,1
4767,胚,1839,怀,1
4767,胚,3940,眇,1
4767,胚,4788,胶,1
4767,胚,4815,脸,1
4768,胛,4757,胂,1
4768,胛,4816,脾,1
4769,胜,3952,眨,1
4769,胜,3995,瞧,1
4769,胜,4742,肫,1
4770,胝,4781,胭,1
4771,胞,2104,抱,1
4771,胞,4908,舱,1
4772,胡,2116,拇,1
4772,胡,4652,翙,1
4772,胡,5143,萌,1
4772,胡,6563,阴,1
4774,胥,3782,疋,1
4775,胧,2903,毗,1
4777,胩,2529,朕,1
4777,胩,4755,胀,1
4779,胫,4786,胳,1
4782,胯,1,一,1
4782,胯,2161,挎,1
4782,胯,4805,脖,1
4783,胰,142,仪,1
4783,胰,4738,肤,1
4784,胱,4744,肮,1
4785,胲,3953,眩,1
4786,胳,4741,肪,1
4787,胴,3067,洞,1
4787,胴,4781,胭,1
4788,胶,157,伋,1
4788,胶,779,咬,1
4789,胸,1873,恂,1
4789,胸,1910,悔,1
4789,胸,2527,朐,1
4790,胺,4736,股,1
4792,能,4048,砭,1
4792,能,5495,袪,1
4792,能,6828,馘,1
4793,脂,36,临,1
4793,脂,1852,怕,1
4793,脂,4741,肪,1
4793,脂,4818,腈,1
4794,脆,2669,桅,1
4794,脆,4744,肮,1
4794,脆,4771,胞,1
4794,脆,4786,胳,1
4795,脉,1374,孕,1
4795,脉,1873,恂,1
4795,脉,4756,胁,1
4796,脊,422,准,1
4796,脊,2523,有,1
4796,脊,4727,肓,1
4798,脎,2475,晞,1
4798,脎,4779,胫,1
4799,脏,2524,朊,1
4799,脏,3968,睑,1
4799,脏,4824,腒,1
4800,脐,3777,畸,1
4800,脐,4786,胳,1
4800,脐,4805,脖,1
4800,脐,4846,膀,1
4801,脑,1901,恼,1
4801,脑,4755,胀,1
4801,脑,4786,胳,1
4801,脑,4799,脏,1
4802,脒,2452,昧,1
4803,脓,402,农,1
4805,脖,2499,暧,1
4805,脖,4819,腊,1
4805,脖,4828,腙,1
4805,脖,4852,膘,1
4806,脘,4797,脍,1
4806,脘,4812,脱,1
4807,脚,4750,肺,1
4807,脚,6144,邶,1
4808,脞,1923,悭,1
4808,脞,4769,胜,1
4809,脧,4788,胶,1
4810,脬,4791,胼,1
4810,脬,4828,腙,1
4811,脯,1868,怵,1
4811,脯,2485,晴,1
4811,脯,4750,肺,1
4811,脯,4757,胂,1
4811,脯,4833,腩,1
4812,脱,4712,联,1
4812,脱,4744,肮,1
4814,脶,4853,膙,1
4814,脶,4858,膦,1
4815,脸,4779,胫,1
4815,脸,4797,脍,1
4816,脾,1326,婢,1
4816,脾,3960,眸,1
4816,脾,4791,胼,1
4817,腆,2450,映,1
4817,腆,4819,腊,1
4818,腈,6453,镄,1
4819,腊,2497,暗,1
4819,腊,3570,猎,1
4819,腊,4922,艏,1
4820,腋,3984,瞄,1
4821,腌,724,呃,1
4826,腔,1153,塍,1
4826,腔,2228,控,1
4826,腔,3975,睦,1
4826,腔,4765,胗,1
4826,腔,4815,脸,1
4826,腔,4854,膛,1
4827,腕,3670,琬,1
4827,腕,4788,胶,1
4827,腕,4790,胺,1
4829,腚,4785,胲,1
4829,腚,4827,腕,1
4829,腚,6762,飑,1
4830,腠,4783,胰,1
4831,腥,2529,朕,1
4831,腥,4808,脞,1
4831,腥,4843,腽,1
4833,腩,4811,脯,1
4835,腮,6764,飓,1
4835,腮,6765,飔,1
4836,腰,1257,妖,1
4836,腰,4810,脬,1
4836,腰,4849,膊,1
4836,腰,4863,膻,1
4836,腰,7159,鼹,1
4839,腹,3987,瞍,1
4839,腹,4736,股,1
4840,腺,4810,脬,1
4840,腺,4813,脲,1
4840,腺,4828,腙,1
4841,腻,2801,槭,1
4841,腻,4874,臧,1
4844,腾,3259,滕,1
4844,腾,4783,胰,1
4844,腾,4856,膝,1
4845,腿,3445,煺,1
4845,腿,4739,肥,1
4845,腿,4919,艇,1
4846,膀,3250,滂,1
4846,膀,3419,焓,1
4846,膀,4003,瞻,1
4846,膀,4828,腙,1
4846,膀,4851,膑,1
4846,膀,4861,膳,1
4847,膂,3560,狷,1
4849,膊,590,博,1
4849,膊,3510,特,1
4849,膊,4782,胯,1
4849,膊,5819,赙,1
4850,膏,2519,曾,1
4850,膏,6886,骨,1
4851,膑,4826,腔,1
4852,膘,1163,墀,1
4852,膘,4810,脬,1
4852,膘,4836,腰,1
4852,膘,4849,膊,1
4854,膛,2453,昨,1
4854,膛,3990,瞒,1
4854,膛,4826,腔,1
4854,膛,4855,膜,1
4855,膜,2494,暌,1
4855,膜,3588,猴,1
4855,膜,3595,獏,1
4855,膜,4854,膛,1
4856,膝,4802,脒,1
4856,膝,4805,脖,1
4856,膝,4815,脸,1
4858,膦,4837,腱,1
4859,膨,3321,澎,1
4860,膪,4861,膳,1
4861,膳,4764,胖,1
4864,臀,3970,睛,1
4866,臂,1179,壁,1
4866,臂,2500,暨,1
4866,臂,6920,鬻,1
4868,臆,1778,役,1
4868,臆,4809,脧,1
4868,臆,4820,腋,1
4869,臊,3966,睇,1
4869,臊,3992,瞠,1
4869,臊,4783,胰,1
4869,臊,4798,脎,1
4872,臜,3715,瓒,1
4873,臣,564,匠,1
4873,臣,565,匡,1
4873,臣,569,匮,1
4873,臣,572,医,1
4873,臣,6771,飞,1
4874,臧,427,减,1
4875,自,184,伺,1
4875,自,565,匡,1
4875,自,692,向,1
4876,臬,2572,杲,1
4877,臭,1093,垦,1
4877,臭,1126,基,1
4878,至,371,全,1
4878,至,726,呈,1
4878,至,1185,壬,1
4878,至,5740,豆,1
4879,致,1380,孜,1
4879,致,2368,敛,1
4879,致,3623,玫,1
4879,致,4478,纹,1
4881,臼,3890,白,1
4881,臼,4883,舀,1
4881,臼,5457,血,1
4881,臼,6509,问,1
4882,臾,4607,罗,1
4883,舀,284,倘,1
4883,舀,2421,旨,1
4883,舀,4598,缸,1
4883,舀,4881,臼,1
4885,舂,2451,春,1
4887,舅,534,勇,1
4888,舆,1238,奥,1
4889,舌,444,击,1
4889,舌,668,台,1
4889,舌,684,合,1
4889,舌,1382,孟,1
4889,舌,1495,居,1
4889,舌,3909,盂,1
4889,舌,4174,禾,1
4890,舍,166,会,1
4890,舍,198,佘,1
4890,舍,709,含,1
4890,舍,886,善,1
4891,舐,3628,玳,1
4891,舐,3730,瓿,1
4892,舒,652,叙,1
4892,舒,5460,行,1
4893,舔,4545,绿,1
4893,舔,5834,赫,1
4894,舛,2867,歼,1
4895,舜,2389,斜,1
4895,舜,2924,氖,1
4895,舜,4350,箭,1
4895,舜,5552,覃,1
4896,舞,3605,玄,1
4897,舟,552,匆,1
4899,舢,4907,舰,1
4902,航,4744,肮,1
4902,航,4903,舫,1
4903,舫,394,册,1
4903,舫,4914,舸,1
4903,舫,4922,艏,1
4904,般,2285,搬,1
4904,般,2363,敏,1
4904,般,4915,船,1
4904,般,6157,郎,1
4904,般,6724,颀,1
4906,舯,4909,舳,1
4907,舰,3901,皖,1
4907,舰,4902,航,1
4908,舱,5861,跄,1
4909,舳,9,丌,1
4909,舳,4899,舢,1
4911,舵,4792,能,1
4911,舵,4902,航,1
4911,舵,4908,舱,1
4911,舵,4909,舳,1
4911,舵,7049,鸵,1
4912,舶,2466,晌,1
4912,舶,4911,舵,1
4912,舶,4915,船,1
4912,舶,6741,颓,1
4912,舶,6950,鲌,1
4913,舷,3953,眩,1
4913,舷,4902,航,1
4913,舷,4910,舴,1
4917,舾,4914,舸,1
4919,艇,3958,眶,1
4919,艇,4898,舡,1
4920,艉,6625,雉,1
4921,艋,3575,猛,1
4923,艘,3987,瞍,1
4923,艘,4904,般,1
4923,艘,5977,轹,1
4926,艨,2534,朦,1
4926,艨,3337,濠,1
4927,艮,382,具,1
4928,良,1194,复,1
4928,良,1200,多,1
4928,良,2920,民,1
4929,艰,1307,娘,1
4929,艰,3962,眼,1
4929,艰,5478,衽,1
4930,色,126,仑,1
4930,色,127,仓,1
4930,色,1532,岜,1
4930,色,2924,氖,1
4930,色,4278,笆,1
4931,艳,2104,抱,1
4931,艳,6275,钇,1
4932,艴,2792,槌,1
4934,艺,93,亡,1
4934,艺,4946,芑,1
4935,艽,4934,艺,1
4936,艾,379,兴,1
4936,艾,4966,芰,1
4937,艿,4938,节,1
4937,艿,4968,芳,1
4938,节,76,予,1
4939,芄,4935,艽,1
4940,芈,4933,艹,1
4941,芊,6011,辛,1
4942,芋,2613,某,1
4943,芍,1728,弁,1
4943,芍,4996,苟,1
4943,芍,5047,荀,1
4943,芍,5078,药,1
4944,芎,4946,芑,1
4944,芎,4968,芳,1
4944,芎,5178,葶,1
4945,芏,16,丕,1
4945,芏,4947,芒,1
4946,芑,4944,芎,1
4947,芒,363,兑,1
4947,芒,376,兰,1
4947,芒,4934,艺,1
4947,芒,5076,荭,1
4949,芘,4967,花,1
4949,芘,5018,茈,1
4950,芙,378,关,1
4950,芙,2613,某,1
4950,芙,4951,芜,1
4950,芙,4973,芼,1
4951,芜,4625,羌,1
4951,芜,4950,芙,1
4951,芜,5125,菟,1
4952,芝,651,变,1
4952,芝,4945,芏,1
4952,芝,4946,芑,1
4952,芝,4961,芫,1
4952,芝,4971,芸,1
4953,芟,4958,芨,1
4953,芟,5099,莫,1
4954,芡,5024,茓,1
4956,芥,59,乔,1
4956,芥,4938,节,1
4956,芥,5064,荠,1
4957,芦,4938,节,1
4957,芦,4948,芗,1
4958,芨,1521,岌,1
4958,芨,5029,茛,1
4960,芪,4949,芘,1
4960,芪,4997,苠,1
4961,芫,5045,茺,1
4962,芬,478,券,1
4962,芬,1212,夯,1
4962,芬,1623,巷,1
4962,芬,1684,庐,1
4962,芬,4979,苈,1
4962,芬,5054,荐,1
4962,芬,6848,驽,1
4963,芭,727,告,1
4963,芭,1513,屯,1
4963,芭,4930,色,1
4963,芭,4983,苍,1
4965,芯,1814,忍,1
4965,芯,1820,志,1
4965,芯,1875,恋,1
4965,芯,4976,苁,1
4966,芰,5036,茭,1
4967,花,4668,老,1
4967,花,5034,茫,1
4968,芳,1738,弓,1
4968,芳,5001,若,1
4968,芳,5015,茅,1
4968,芳,5045,茺,1
4968,芳,5113,菁,1
4968,芳,5587,誉,1
4970,芷,5838,赴,1
4971,芸,4951,芜,1
4972,芹,2393,斤,1
4972,芹,4938,节,1
4972,芹,4956,芥,1
4973,芼,4284,笔,1
4974,芽,3608,王,1
4974,芽,5015,茅,1
4974,芽,5069,荦,1
4975,芾,4314,策,1
4975,芾,4978,苇,1
4975,芾,5010,茀,1
4975,芾,5181,蒂,1
4976,苁,4998,苡,1
4977,苄,4957,芦,1
4978,苇,1743,弟,1
4978,苇,4944,芎,1
4978,苇,5010,茀,1
4978,苇,6702,韦,1
4979,苈,5030,茜,1
4981,苋,4954,芡,1
4981,苋,5560,览,1
4982,苌,28,丧,1
4982,苌,1217,夹,1
4983,苍,551,包,1
4983,苍,4995,苞,1
4985,苏,530,劳,1
4985,苏,5014,茄,1
4985,苏,5068,荥,1
4985,苏,5137,菽,1
4986,苑,5258,薛,1
4986,苑,5841,起,1
4988,苓,5021,茎,1
4989,苔,668,台,1
4989,苔,4946,芑,1
4989,苔,4991,苗,1
4989,苔,5129,菩,1
4990,苕,4937,艿,1
4990,苕,5011,茁,1
4990,苕,5027,茗,1
4991,苗,589,南,1
4991,苗,1226,奋,1
4991,苗,1473,尚,1
4991,苗,4607,罗,1
4991,苗,4992,苘,1
4991,苗,4994,苜,1
4991,苗,5028,茚,1
4991,苗,5052,草,1
4992,苘,857,商,1
4992,苘,4996,苟,1
4992,苘,5040,茴,1
4992,苘,5162,葑,1
4993,苛,1071,坷,1
4993,苛,1533,岢,1
4993,苛,4969,芴,1
4993,苛,5789,费,1
4994,苜,4933,艹,1
4994,苜,4992,苘,1
4994,苜,5007,苷,1
4995,苞,1689,庖,1
4995,苞,4946,芑,1
4995,苞,5013,范,1
4996,苟,658,句,1
4996,苟,5065,荡,1
4996,苟,5079,荷,1
4997,苠,4960,芪,1
4998,苡,4949,芘,1
4999,苣,4983,苍,1
5001,若,671,右,1
5001,若,1535,岩,1
5001,若,4968,芳,1
5001,若,5054,荐,1
5002,苦,699,吝,1
5002,苦,820,哭,1
5002,苦,1381,孝,1
5002,苦,4966,芰,1
5003,苫,99,亨,1
5003,苫,4968,芳,1
5003,苫,5011,茁,1
5003,苫,5051,荇,1
5003,苫,5088,莒,1
5003,苫,5186,蒌,1
5004,苯,2613,某,1
5004,苯,2617,柔,1
5004,苯,5019,茉,1
5005,英,1221,奂,1
5005,英,3686,瑛,1
5005,英,4954,芡,1
5005,英,4982,苌,1
5005,英,5075,荬,1
5005,英,5158,萸,1
5006,苴,4994,苜,1
5007,苷,5002,苦,1
5008,苹,1428,宰,1
5008,苹,1671,幸,1
5008,苹,4624,羊,1
5008,苹,5015,茅,1
5008,苹,5123,菜,1
5008,苹,5958,车,1
5009,苻,6564,阵,1
5010,茀,1740,弗,1
5010,茀,4978,苇,1
5010,茀,5055,荑,1
5011,茁,443,出,1
5011,茁,705,否,1
5011,茁,1539,岱,1
5011,茁,3738,甚,1
5011,茁,4962,芬,1
5011,茁,4978,苇,1
5011,茁,4982,苌,1
5011,茁,5032,茧,1
5011,茁,5058,荙,1
5011,茁,5183,蒈,1
5012,茂,5176,葳,1
5012,茂,5223,蔑,1
5013,范,606,危,1
5013,范,616,厄,1
5013,范,4949,芘,1
5013,范,4981,苋,1
5013,范,5034,茫,1
5013,范,5110,莼,1
5014,茄,42,丽,1
5015,茅,4008,矛,1
5015,茅,4968,芳,1
5019,茉,4940,芈,1
5019,茉,4978,苇,1
5019,茉,5095,莠,1
5021,茎,1499,屋,1
5021,茎,4339,箜,1
5021,茎,5132,菱,1
5023,茑,5140,萄,1
5024,茓,377,共,1
5024,茓,3072,洪,1
5024,茓,3396,烘,1
5024,茓,4954,芡,1
5025,茔,4963,芭,1
5028,茚,5047,荀,1
5032,茧,3267,滢,1
5032,茧,5011,茁,1
5032,茧,5151,萤,1
5033,茨,5005,英,1
5033,茨,5013,范,1
5033,茨,5034,茫,1
5034,茫,5160,落,1
5035,茬,1617,差,1
5035,茬,4980,苊,1
5036,茭,4952,芝,1
5036,茭,5021,茎,1
5036,茭,5136,菼,1
5036,茭,5163,葖,1
5037,茯,5106,获,1
5037,茯,5107,莸,1
5038,茱,5019,茉,1
5039,茳,5144,萍,1
5040,茴,589,南,1
5040,茴,3891,百,1
5040,茴,4996,苟,1
5040,茴,5041,茵,1
5040,茴,5047,荀,1
5040,茴,5065,荡,1
5040,茴,5135,菹,1
5041,茵,589,南,1
5041,茵,870,啬,1
5041,茵,4991,苗,1
5041,茵,5040,茴,1
5041,茵,5175,葱,1
5042,茶,629,厣,1
5042,茶,1460,导,1
5042,茶,2733,棻,1
5042,茶,5004,苯,1
5042,茶,5019,茉,1
5042,茶,5066,荣,1
5043,茸,3932,盲,1
5043,茸,5089,莓,1
5043,茸,5180,葺,1
5044,茹,1247,如,1
5044,茹,5014,茄,1
5045,茺,4980,苊,1
5046,茼,857,商,1
5046,茼,4996,苟,1
5046,茼,5140,萄,1
5047,荀,4996,苟,1
5047,荀,5140,萄,1
5050,荆,474,到,1
5050,荆,485,剁,1
5050,荆,489,削,1
5050,荆,5086,莉,1
5052,草,4393,类,1
5052,草,5067,荤,1
5052,草,5069,荦,1
5053,荏,192,住,1
5053,荏,4967,花,1
5053,荏,5025,茔,1
5053,荏,5219,蓰,1
5054,荐,4279,笈,1
5054,荐,4671,者,1
5055,荑,1215,夷,1
5056,荒,2940,氰,1
5056,荒,4961,芫,1
5056,荒,5112,菀,1
5056,荒,5189,蒙,1
5057,荔,528,励,1
5058,荙,5092,莛,1
5058,荙,6067,选,1
5059,荚,4393,类,1
5059,荚,4626,美,1
5059,荚,4951,芜,1
5059,荚,4973,芼,1
5059,荚,5005,英,1
5059,荚,5058,荙,1
5059,荚,5101,莱,1
5059,荚,5138,萁,1
5059,荚,5782,贲,1
5061,荜,4316,筚,1
5061,荜,5076,荭,1
5062,荞,385,养,1
5062,荞,4956,芥,1
5062,荞,4972,芹,1
5063,荟,7119,黄,1
5064,荠,5062,荞,1
5065,荡,466,初,1
5065,荡,4969,芴,1
5066,荣,105,亲,1
5066,荣,1085,垛,1
5066,荣,1375,字,1
5066,荣,4402,粜,1
5066,荣,4985,苏,1
5066,荣,5005,英,1
5067,荤,2471,晕,1
5067,荤,2553,李,1
5067,荤,5052,草,1
5067,荤,5090,莘,1
5068,荥,5026,茕,1
5068,荥,5070,荧,1
5069,荦,5052,草,1
5070,荧,3362,灾,1
5070,荧,4954,芡,1
5070,荧,4969,芴,1
5070,荧,5005,英,1
5070,荧,5026,茕,1
5070,荧,5151,萤,1
5071,荨,5015,茅,1
5074,荫,2897,毐,1
5077,荮,5009,苻,1
5077,荮,5078,药,1
5078,药,2080,技,1
5078,药,4964,芮,1
5079,荷,1632,希,1
5079,荷,4993,苛,1
5079,荷,5009,苻,1
5079,荷,5051,荇,1
5080,荸,1126,基,1
5080,荸,1379,孛,1
5080,荸,5192,蒡,1
5081,荻,5156,萩,1
5082,荼,5042,茶,1
5082,荼,5148,萘,1
5083,荽,5097,莩,1
5083,荽,5166,葚,1
5083,荽,5186,蒌,1
5084,莅,4984,苎,1
5084,莅,5003,苫,1
5084,莅,5020,茌,1
5085,莆,5016,茆,1
5085,莆,5164,著,1
5085,莆,7139,黹,1
5086,莉,471,别,1
5086,莉,485,剁,1
5086,莉,491,前,1
5086,莉,501,剥,1
5086,莉,5050,荆,1
5087,莎,3124,涉,1
5087,莎,4937,艿,1
5087,莎,4998,苡,1
5087,莎,5039,茳,1
5088,莒,4984,苎,1
5088,莒,5003,苫,1
5088,莒,5179,葸,1
5090,莘,5052,草,1
5091,莙,1237,奢,1
5093,莜,5126,菠,1
5096,莨,5188,蒗,1
5097,莩,5083,荽,1
5097,莩,5090,莘,1
5098,莪,4689,耧,1
5099,莫,1232,奖,1
5099,莫,3892,皂,1
5099,莫,5005,英,1
5099,莫,5075,荬,1
5100,莰,5033,茨,1
5101,莱,4624,羊,1
5101,莱,4718,聿,1
5101,莱,5059,荚,1
5101,莱,5071,荨,1
5102,莲,4873,臣,1
5102,莲,5092,莛,1
5102,莲,6066,逆,1
5102,莲,6673,革,1
5104,莴,5167,葛,1
5105,莶,2864,歪,1
5105,莶,4988,苓,1
5105,莶,6963,鲞,1
5106,获,1679,庆,1
5106,获,3429,焱,1
5107,莸,5081,荻,1
5107,莸,5136,菼,1
5108,莹,5025,茔,1
5108,莹,5048,荃,1
5108,莹,5068,荥,1
5109,莺,1374,孕,1
5109,莺,5097,莩,1
5109,莺,5152,营,1
5111,莽,385,养,1
5111,莽,5173,葬,1
5113,菁,1225,奉,1
5114,菂,2372,散,1
5115,菅,5025,茔,1
5115,菅,5029,茛,1
5115,菅,5157,萱,1
5116,菇,1247,如,1
5116,菇,1278,姑,1
5117,菊,3746,甬,1
5117,菊,5066,荣,1
5117,菊,5140,萄,1
5117,菊,5169,葡,1
5118,菌,1011,困,1
5118,菌,4991,苗,1
5119,菏,196,何,1
5119,菏,1127,埼,1
5119,菏,4943,芍,1
5121,菖,4944,芎,1
5121,菖,5212,蓝,1
5122,菘,3467,燕,1
5123,菜,105,亲,1
5123,菜,1544,岽,1
5123,菜,5067,荤,1
5123,菜,5153,萦,1
5123,菜,5186,蒌,1
5123,菜,5262,薪,1
5123,菜,6673,革,1
5127,菡,5011,茁,1
5127,菡,5196,蒸,1
5129,菩,886,善,1
5129,菩,4989,苔,1
5129,菩,5021,茎,1
5132,菱,4966,芰,1
5132,菱,5017,茇,1
5132,菱,5224,蔓,1
5132,菱,7113,麦,1
5133,菲,2079,承,1
5133,菲,6668,非,1
5138,萁,381,其,1
5138,萁,5099,莫,1
5139,萃,5090,莘,1
5140,萄,4542,综,1
5140,萄,4996,苟,1
5140,萄,5117,菊,1
5140,萄,5150,萝,1
5141,萆,1466,尊,1
5143,萌,2442,明,1
5144,萍,1696,庠,1
5144,萍,3058,洋,1
5144,萍,3098,浐,1
5144,萍,3257,滓,1
5144,萍,3263,滞,1
5144,萍,5119,菏,1
5144,萍,5272,藓,1
5145,萎,886,善,1
5145,萎,1281,委,1
5146,萏,4883,舀,1
5146,萏,5054,荐,1
5146,萏,5634,诌,1
5147,萑,5053,荏,1
5150,萝,1194,复,1
5150,萝,1195,夏,1
5150,萝,4968,芳,1
5150,萝,5097,莩,1
5150,萝,5152,营,1
5150,萝,5202,蓂,1
5150,萝,6636,雯,1
5151,萤,5032,茧,1
5151,萤,5108,莹,1
5152,营,910,喾,1
5152,营,2519,曾,1
5152,营,4944,芎,1
5152,营,5088,莒,1
5152,营,5130,菪,1
5153,萦,5066,荣,1
5154,萧,386,兼,1
5154,萧,4179,秉,1
5154,萧,5085,莆,1
5154,萧,5101,莱,1
5155,萨,5215,蓣,1
5155,萨,5258,薛,1
5155,萨,5491,袗,1
5156,萩,3840,痰,1
5156,萩,5081,荻,1
5158,萸,5091,莙,1
5158,萸,5168,葜,1
5160,落,830,唇,1
5160,落,1155,塔,1
5163,葖,5070,荧,1
5163,葖,5205,蓉,1
5164,著,2495,暑,1
5164,著,3944,看,1
5164,著,5055,荑,1
5164,著,5091,莙,1
5164,著,5113,菁,1
5164,著,5129,菩,1
5165,葙,2738,植,1
5166,葚,3738,甚,1
5167,葛,5089,莓,1
5167,葛,5150,萝,1
5169,葡,5117,菊,1
5170,董,1126,基,1
5170,董,4268,童,1
5170,董,6256,量,1
5170,董,7119,黄,1
5172,葫,5143,萌,1
5173,葬,5139,萃,1
5173,葬,5181,蒂,1
5173,葬,5259,薜,1
5175,葱,1903,恿,1
5175,葱,5179,葸,1
5177,葵,5075,荬,1
5177,葵,5099,莫,1
5177,葵,5198,蒺,1
5179,葸,5205,蓉,1
5181,蒂,3509,牵,1
5181,蒂,4356,篇,1
5181,蒂,4975,芾,1
5183,蒈,5097,莩,1
5184,蒉,4359,篑,1
5184,蒉,5785,贵,1
5185,蒋,627,原,1
5185,蒋,5126,菠,1
5185,蒋,5133,菲,1
5186,蒌,5142,萋,1
5189,蒙,4151,票,1
5189,蒙,5153,萦,1
5189,蒙,5744,豕,1
5190,蒜,4718,聿,1
5190,蒜,5073,荪,1
5191,蒟,1473,尚,1
5191,蒟,5078,药,1
5192,蒡,2404,旁,1
5194,蒲,3112,浦,1
5194,蒲,3937,盾,1
5194,蒲,5085,莆,1
5194,蒲,5224,蔓,1
5196,蒸,2571,杰,1
5196,蒸,3400,烝,1
5196,蒸,3467,燕,1
5197,蒹,386,兼,1
5199,蒽,1943,惠,1
5199,蒽,5041,茵,1
5200,蒿,5146,萏,1
5200,蒿,6902,高,1
5202,蓂,4888,舆,1
5203,蓄,5001,若,1
5203,蓄,5152,营,1
5203,蓄,5214,蓠,1
5203,蓄,5253,蕾,1
5203,蓄,5257,薏,1
5204,蓇,4850,膏,1
5205,蓉,1434,容,1
5205,蓉,5115,菅,1
5205,蓉,5129,菩,1
5205,蓉,5208,蓐,1
5206,蓊,4644,翁,1
5207,蓍,4672,耆,1
5207,蓍,5164,著,1
5207,蓍,5257,薏,1
5208,蓐,2480,晨,1
5209,蓑,5096,莨,1
5209,蓑,5283,蘘,1
5211,蓖,4960,芪,1
5212,蓝,3913,盉,1
5212,蓝,7017,鳖,1
5214,蓠,4172,离,1
5214,蓠,5229,蔫,1
5215,蓣,6728,预,1
5217,蓦,542,募,1
5218,蓬,4371,篷,1
5218,蓬,5855,趸,1
5218,蓬,6085,逢,1
5219,蓰,1797,徙,1
5219,蓰,4972,芹,1
5219,蓰,5472,衫,1
5222,蔌,2855,歉,1
5222,蔌,5817,赖,1
5223,蔑,5150,萝,1
5224,蔓,3928,盫,1
5224,蔓,5217,蓦,1
5225,蔗,1689,庖,1
5225,蔗,5157,萱,1
5226,蔚,1465,尉,1
5228,蔡,2334,擎,1
5228,蔡,3463,燊,1
5228,蔡,3558,狳,1
5228,蔡,3872,瘵,1
5228,蔡,4447,縻,1
5228,蔡,5148,萘,1
5228,蔡,5153,萦,1
5228,蔡,5239,蕈,1
5228,蔡,5274,藜,1
5228,蔡,5285,蘩,1
5229,蔫,4804,脔,1
5229,蔫,5097,莩,1
5229,蔫,5167,葛,1
5230,蔬,5844,超,1
5231,蔷,870,啬,1
5231,蔷,5238,蕃,1
5233,蔹,5213,蓟,1
5236,蔼,983,噶,1
5236,蔼,5065,荡,1
5236,蔼,5167,葛,1
5237,蔽,2372,散,1
5237,蔽,2375,敬,1
5237,蔽,5137,菽,1
5240,蕉,24,丞,1
5240,蕉,3426,焦,1
5240,蕉,5006,苴,1
5240,蕉,5076,荭,1
5240,蕉,5364,蜃,1
5241,蕊,4107,磊,1
5241,蕊,5056,荒,1
5246,蕨,5176,葳,1
5248,蕲,5262,薪,1
5249,蕴,4553,缇,1
5249,蕴,4562,缒,1
5249,蕴,5034,茫,1
5249,蕴,5210,蓓,1
5249,蕴,5212,蓝,1
5249,蕴,5236,蔼,1
5249,蕴,6204,酝,1
5251,蕺,2032,戢,1
5253,蕾,5286,蘸,1
5254,薄,322,傅,1
5254,薄,3292,漳,1
5254,薄,4126,礴,1
5254,薄,5119,菏,1
5254,薄,5278,藻,1
5254,薄,6195,酋,1
5256,薇,4120,礅,1
5256,薇,5219,蓰,1
5258,薛,5155,萨,1
5258,薛,5213,蓟,1
5258,薛,5431,蟀,1
5262,薪,1578,崭,1
5262,薪,2400,新,1
5262,薪,5086,莉,1
5262,薪,5098,莪,1
5264,薯,1450,寡,1
5264,薯,5091,莙,1
5264,薯,5113,菁,1
5264,薯,5231,蔷,1
5265,薰,3449,熏,1
5265,薰,5170,董,1
5266,薷,6642,需,1
5269,藉,5122,菘,1
5269,藉,5928,蹙,1
5271,藐,5275,藠,1
5271,藐,5759,貌,1
5271,藐,7147,鼒,1
5273,藕,4688,耦,1
5273,藕,5275,藠,1
5274,藜,2376,数,1
5276,藤,4728,肖,1
5277,藩,1718,廛,1
5277,藩,5238,蕃,1
5278,藻,5123,菜,1
5278,藻,7106,麇,1
5280,蘅,5465,衡,1
5281,蘑,1768,彦,1
5281,蘑,5210,蓓,1
5281,蘑,5225,蔗,1
5282,蘖,2834,檗,1
5282,蘖,5272,藓,1
5285,蘩,4448,繁,1
5286,蘸,4116,磴,1
5287,蘼,6670,靡,1
5288,虍,606,危,1
5288,虍,5289,虎,1
5288,虍,5290,虏,1
5289,虎,357,充,1
5289,虎,1435,宽,1
5289,虎,1690,店,1
5289,虎,5673,说,1
5290,虏,1683,序,1
5290,虏,5289,虎,1
5291,虐,2049,扈,1
5291,虐,3793,疟,1
5291,虐,5293,虔,1
5291,虐,5586,詹,1
5292,虑,1903,恿,1
5292,虑,1957,惹,1
5292,虑,3268,滤,1
5292,虑,5289,虎,1
5292,虑,5290,虏,1
5293,虔,5291,虐,1
5294,虚,1700,座,1
5294,虚,3925,盛,1
5294,虚,5289,虎,1
5294,虚,5291,虐,1
5295,虞,3284,漠,1
5295,虞,5291,虐,1
5297,虫,20,业,1
5297,虫,636,去,1
5301,虹,1189,壶,1
5301,虹,1643,帜,1
5301,虹,2061,扛,1
5301,虹,3396,烘,1
5301,虹,5303,虻,1
5301,虹,5306,虾,1
5301,虹,5326,蚯,1
5301,虹,7059,鸿,1
5303,虻,5304,虼,1
5303,虻,5336,蛇,1
5304,虼,1031,圪,1
5304,虼,5333,蛀,1
5305,虽,2467,晏,1
5305,虽,5297,虫,1
5305,虽,5307,虿,1
5306,虾,694,吓,1
5308,蚀,278,倌,1
5308,蚀,3093,浊,1
5308,蚀,6794,饳,1
5309,蚁,3616,玟,1
5310,蚂,3615,玛,1
5310,蚂,5367,蜉,1
5311,蚊,1041,圾,1
5311,蚊,6137,邮,1
5313,蚌,864,啡,1
5313,蚌,1087,垟,1
5313,蚌,4050,砰,1
5313,蚌,5436,蟒,1
5314,蚍,5331,蚶,1
5315,蚓,715,吲,1
5315,蚓,5368,蜊,1
5316,蚕,2876,残,1
5316,蚕,5339,蛋,1
5317,蚜,5367,蜉,1
5318,蚝,5336,蛇,1
5319,蚣,5340,蛎,1
5319,蚣,5436,蟒,1
5320,蚤,5316,蚕,1
5320,蚤,6258,釜,1
5324,蚪,5313,蚌,1
5324,蚪,5315,蚓,1
5326,蚯,3106,浜,1
5326,蚯,5301,虹,1
5326,蚯,5303,虻,1
5326,蚯,5334,蛄,1
5326,蚯,6033,近,1
5327,蚰,5332,蚺,1
5328,蚱,5321,蚧,1
5329,蚴,742,呦,1
5329,蚴,1069,坳,1
5331,蚶,5327,蚰,1
5331,蚶,5334,蛄,1
5333,蛀,3384,炷,1
5333,蛀,5318,蚝,1
5333,蛀,5336,蛇,1
5334,蛄,5330,蚵,1
5335,蛆,3376,炟,1
5335,蛆,3934,相,1
5335,蛆,5344,蛔,1
5335,蛆,5346,蛙,1
5336,蛇,724,呃,1
5336,蛇,3366,炉,1
5336,蛇,5311,蚊,1
5336,蛇,5318,蚝,1
5336,蛇,5334,蛄,1
5336,蛇,5865,跎,1
5336,蛇,6847,驼,1
5337,蛉,5328,蚱,1
5337,蛉,5352,蛭,1
5338,蛊,3915,盍,1
5339,蛋,1984,慝,1
5339,蛋,3783,疍,1
5340,蛎,1090,垢,1
5341,蛏,5349,蛟,1
5342,蛐,5378,蜞,1
5343,蛑,5345,蛘,1
5344,蛔,5335,蛆,1
5344,蛔,5342,蛐,1
5346,蛙,794,哇,1
5346,蛙,5333,蛀,1
5346,蛙,5373,蜕,1
5347,蛛,5313,蚌,1
5347,蛛,5361,蛾,1
5347,蛛,5889,跺,1
5347,蛛,6331,铁,1
5348,蛞,5350,蛤,1
5349,蛟,779,咬,1
5350,蛤,3771,略,1
5350,蛤,5319,蚣,1
5350,蛤,5337,蛉,1
5350,蛤,5396,蝓,1
5350,蛤,6588,除,1
5350,蛤,6799,饸,1
5352,蛭,5341,蛏,1
5353,蛮,1751,弯,1
5353,蛮,4059,础,1
5353,蛮,4265,竟,1
5353,蛮,5307,虿,1
5353,蛮,5402,蝥,1
5353,蛮,5481,袁,1
5354,蛰,1096,垫,1
5354,蛰,3409,热,1
5354,蛰,5426,螯,1
5354,蛰,5793,贽,1
5355,蛱,1553,峡,1
5356,蛲,1553,峡,1
5356,蛲,5373,蜕,1
5360,蛹,1106,埇,1
5360,蛹,5359,蛸,1
5361,蛾,5384,蜮,1
5361,蛾,6805,饿,1
5362,蜀,4728,肖,1
5363,蜂,1547,峂,1
5363,蜂,3964,睁,1
5363,蜂,5341,蛏,1
5363,蜂,5343,蛑,1
5363,蜂,5345,蛘,1
5363,蜂,5385,蜱,1
5364,蜃,3514,犀,1
5365,蜇,5354,蛰,1
5365,蜇,5376,蜚,1
5366,蜈,5342,蛐,1
5369,蜍,5347,蛛,1
5371,蜒,1109,埏,1
5371,蜒,3651,珽,1
5372,蜓,3651,珽,1
5372,蜓,5314,蚍,1
5372,蜓,5322,蚨,1
5372,蜓,5341,蛏,1
5372,蜓,5652,诞,1
5373,蜕,5326,蚯,1
5373,蜕,5375,蜘,1
5373,蜕,5381,蜣,1
5374,蜗,5317,蚜,1
5374,蜗,5386,蜴,1
5374,蜗,5401,蝤,1
5374,蜗,5425,螭,1
5375,蜘,5322,蚨,1
5377,蜜,1441,密,1
5377,蜜,3368,炎,1
5377,蜜,3630,玺,1
5377,蜜,4249,窟,1
5377,蜜,5339,蛋,1
5377,蜜,5353,蛮,1
5377,蜜,6659,露,1
5378,蜞,5355,蛱,1
5379,蜡,894,喑,1
5379,蜡,1148,堵,1
5379,蜡,1940,惜,1
5379,蜡,5407,蝻,1
5381,蜣,5318,蚝,1
5383,蜩,5392,蝈,1
5385,蜱,865,啤,1
5385,蜱,5393,蝉,1
5388,蜻,5370,蜎,1
5388,蜻,5379,蜡,1
5391,蝇,5373,蜕,1
5393,蝉,1087,垟,1
5393,蝉,5343,蛑,1
5393,蝉,5363,蜂,1
5393,蝉,5410,蝾,1
5393,蝉,5429,螺,1
5393,蝉,5437,蟓,1
5393,蝉,5897,踔,1
5395,蝎,5310,蚂,1
5395,蝎,5359,蛸,1
5395,蝎,5370,蜎,1
5395,蝎,6685,鞋,1
5397,蝗,726,呈,1
5397,蝗,3433,煌,1
5397,蝗,5427,螳,1
5398,蝙,3444,煸,1
5398,蝙,5360,蛹,1
5398,蝙,5401,蝤,1
5398,蝙,5425,螭,1
5398,蝙,5915,蹁,1
5399,蝠,1158,塥,1
5399,蝠,1339,媪,1
5399,蝠,1658,幅,1
5399,蝠,5352,蛭,1
5399,蝠,5360,蛹,1
5399,蝠,5370,蜎,1
5399,蝠,5401,蝤,1
5399,蝠,5447,蠋,1
5401,蝤,5408,蝼,1
5401,蝤,7025,鳟,1
5406,蝶,892,喋,1
5406,蝶,1141,堞,1
5406,蝶,1172,墚,1
5406,蝶,5369,蜍,1
5406,蝶,5389,蜾,1
5407,蝻,5360,蛹,1
5409,蝽,5438,蟛,1
5410,蝾,7004,鳈,1
5411,螂,5297,虫,1
5412,螃,3402,烤,1
5412,螃,5442,蟮,1
5414,螈,1160,塬,1
5414,螈,5326,蚯,1
5416,融,5570,觖,1
5419,螟,5389,蜾,1
5421,螣,1153,塍,1
5421,螣,2485,晴,1
5422,螨,5425,螭,1
5423,螫,1178,墼,1
5423,螫,5402,蝥,1
5423,螫,5426,螯,1
5424,螬,5448,蠓,1
5425,螭,5422,螨,1
5426,螯,5354,蛰,1
5428,螵,5406,蝶,1
5429,螺,5367,蜉,1
5429,螺,5389,蜾,1
5431,蟀,1065,坪,1
5431,蟀,1325,婞,1
5431,蟀,5370,蜎,1
5432,蟆,1361,嫫,1
5432,蟆,5378,蜞,1
5432,蟆,5427,螳,1
5435,蟑,5345,蛘,1
5435,蟑,5431,蟀,1
5436,蟒,5410,蝾,1
5438,蟛,5343,蛑,1
5439,蟠,5409,蝽,1
5440,蟥,5379,蜡,1
5440,蟥,5409,蝽,1
5440,蟥,5450,蠖,1
5443,蟹,2004,懈,1
5443,蟹,3677,琶,1
5443,蟹,4557,缌,1
5443,蟹,5377,蜜,1
5445,蠃,1367,嬴,1
5449,蠕,1395,孺,1
5451,蠛,5410,蝾,1
5451,蠛,5448,蠓,1
5453,蠢,5433,蟊,1
5453,蠢,5455,蠹,1
5457,血,3908,皿,1
5459,衅,3766,畔,1
5459,衅,4494,绊,1
5459,衅,6944,鲆,1
5460,行,1784,径,1
5460,行,2946,汀,1
5460,行,4272,竹,1
5460,行,4463,纩,1
5460,行,5600,讦,1
5461,衍,144,们,1
5461,衍,150,价,1
5461,衍,1777,彷,1
5461,衍,4203,稆,1
5461,衍,4480,纻,1
5462,衔,4506,绗,1
5463,街,4457,纣,1
5463,街,5461,衍,1
5463,街,5473,衬,1
5464,衙,5463,街,1
5465,衡,1878,恒,1
5467,衣,1680,庇,1
5467,衣,3357,灰,1
5467,衣,4128,礻,1
5467,衣,4928,良,1
5467,衣,5468,衤,1
5468,衤,2944,永,1
5469,补,165,伙,1
5469,补,3807,疲,1
5469,补,5492,袜,1
5471,衩,4131,祀,1
5472,衫,1766,形,1
5472,衫,6554,阝,1
5473,衬,2556,村,1
5475,衰,360,光,1
5475,衰,1860,急,1
5475,衰,5477,衷,1
5475,衰,5509,裒,1
5476,衲,5615,讷,1
5477,衷,789,哀,1
5477,衷,4177,秃,1
5477,衷,5470,表,1
5477,衷,5475,衰,1
5477,衷,5509,裒,1
5478,衽,2968,汪,1
5480,衿,5491,袗,1
5481,袁,789,哀,1
5481,袁,5470,表,1
5481,袁,5522,裳,1
5481,袁,5782,贲,1
5482,袂,4134,祆,1
5482,袂,5685,谀,1
5485,袆,6705,韩,1
5486,袈,6849,驾,1
5487,袋,2904,毙,1
5487,袋,5504,装,1
5488,袍,3380,炮,1
5488,袍,3539,狍,1
5488,袍,5558,视,1
5490,袖,5327,蚰,1
5491,袗,5472,衫,1
5491,袗,5480,衿,1
5492,袜,4187,秣,1
5492,袜,5482,袂,1
5494,袤,5268,藁,1
5496,被,3905,皱,1
5497,袭,4056,砻,1
5497,袭,5474,衮,1
5498,袯,4138,祓,1
5499,袱,5473,衬,1
5499,袱,5870,跗,1
5500,袷,5516,裣,1
5500,袷,5708,谘,1
5502,裁,2035,截,1
5502,裁,2039,戴,1
5502,裁,5981,载,1
5504,装,1995,憖,1
5504,装,2376,数,1
5504,装,2914,氅,1
5504,装,3728,瓷,1
5505,裆,1798,徜,1
5505,裆,2684,档,1
5505,裆,4133,祃,1
5505,裆,5508,裎,1
5505,裆,5534,褚,1
5506,裈,5519,裨,1
5507,裉,1787,很,1
5508,裎,6387,铿,1
5509,裒,789,哀,1
5510,裔,4172,离,1
5510,裔,4747,育,1
5510,裔,4804,脔,1
5511,裕,255,俗,1
5511,裕,3117,浴,1
5512,裘,5487,袋,1
5513,裙,4557,缌,1
5513,裙,5507,裉,1
5516,裣,5541,褴,1
5517,裤,4036,砗,1
5517,裤,5506,裈,1
5517,裤,5537,褥,1
5517,裤,6223,酷,1
5518,裥,3142,涧,1
5519,裨,2716,棉,1
5519,裨,4163,禅,1
5520,裰,4546,缀,1
5522,裳,1433,宸,1
5522,裳,2723,棠,1
5523,裴,360,光,1
5523,裴,1926,悲,1
5523,裴,5504,装,1
5524,裸,2875,殊,1
5524,裸,4162,禄,1
5524,裸,5508,裎,1
5525,裹,1445,寒,1
5525,裹,5522,裳,1
5526,裼,5530,褐,1
5527,裾,293,倨,1
5529,褊,5513,裙,1
5529,褊,5713,谝,1
5530,褐,4156,祸,1
5530,褐,4167,禤,1
5530,褐,4270,竭,1
5530,褐,5526,裼,1
5530,褐,6707,韫,1
5534,褚,5677,诸,1
5535,褛,318,偻,1
5535,褛,4689,耧,1
5537,褥,322,傅,1
5537,褥,4446,綮,1
5537,褥,5461,衍,1
5537,褥,5521,裱,1
5537,褥,6944,鲆,1
5538,褪,5515,裢,1
5538,褪,5652,诞,1
5539,褫,2409,旋,1
5539,褫,5541,褴,1
5539,褫,5715,谠,1
5540,褰,1433,宸,1
5542,褶,5513,裙,1
5542,褶,5539,褫,1
5542,褶,5548,襦,1
5543,襁,5542,褶,1
5544,襄,789,哀,1
5545,襕,3322,澜,1
5547,襟,4154,祲,1
5547,襟,4157,祺,1
5547,襟,4570,缚,1
5547,襟,5492,袜,1
5547,襟,5549,襻,1
5548,襦,5543,襁,1
5548,襦,7157,鼱,1
5549,襻,2343,攀,1
5549,襻,5548,襦,1
5550,西,453,切,1
5550,西,3011,油,1
5550,西,3062,洒,1
5550,西,5457,血,1
5550,西,6195,酋,1
5550,西,6633,雨,1
5551,要,1095,垩,1
5551,要,1263,妥,1
5551,要,1273,妾,1
5551,要,5083,荽,1
5554,见,1893,息,1
5554,见,2455,是,1
5554,见,3753,电,1
5554,见,6760,风,1
5556,规,1954,想,1
5556,规,2596,枧,1
5556,规,2603,枳,1
5556,规,3425,焜,1
5556,规,3626,现,1
5557,觅,1399,它,1
5557,觅,2923,氕,1
5557,觅,5771,货,1
5557,觅,5783,贳,1
5557,觅,6640,雹,1
5558,视,1279,姒,1
5558,视,4038,砚,1
5558,视,4148,祢,1
5558,视,5759,貌,1
5560,览,362,免,1
5560,览,368,兜,1
5560,览,5771,货,1
5560,览,6259,鉴,1
5561,觉,360,光,1
5561,觉,1222,奄,1
5561,觉,5673,说,1
5561,觉,5785,贵,1
5561,觉,5793,贽,1
5569,角,169,伟,1
5569,角,1527,岗,1
5569,角,6519,闸,1
5569,角,6935,鱼,1
5572,觜,4441,紫,1
5574,解,2530,朗,1
5574,解,5578,觯,1
5574,解,6131,邡,1
5574,解,6791,饰,1
5574,解,6962,鲜,1
5574,解,7086,鹠,1
5575,觥,4558,缍,1
5576,触,4139,祖,1
5576,触,4905,舭,1
5576,触,4906,舯,1
5576,触,5570,觖,1
5576,触,6938,鱿,1
5578,觯,874,啴,1
5578,觯,4593,缲,1
5581,言,886,善,1
5581,言,3605,玄,1
5582,訄,1497,屉,1
5583,訇,556,匐,1
5584,訾,4044,砦,1
5586,詹,3789,疗,1
5587,誉,886,善,1
5587,誉,1475,尝,1
5587,誉,4673,耋,1
5587,誉,5586,詹,1
5588,誊,1216,夸,1
5588,誊,3959,眷,1
5588,誊,4672,耆,1
5588,誊,6877,骞,1
5589,誓,58,乓,1
5589,誓,4146,祟,1
5591,謦,4114,磬,1
5592,警,2914,氅,1
5592,警,4492,终,1
5592,警,5265,薰,1
5592,警,5285,蘩,1
5592,警,5591,謦,1
5593,譬,2338,擘,1
5593,譬,6271,鐾,1
5596,订,6504,门,1
5597,讣,2947,汁,1
5597,讣,5598,认,1
5598,认,140,以,1
5599,讥,112,亿,1
5599,讥,411,冱,1
5599,讥,2958,汛,1
5599,讥,2978,沂,1
5599,讥,2985,沌,1
5599,讥,2990,沘,1
5599,讥,3610,玑,1
5599,讥,5619,讼,1
5599,讥,5620,讽,1
5600,讦,4458,纤,1
5601,讧,4456,红,1
5602,讨,4457,纣,1
5603,让,23,丝,1
5603,让,4456,红,1
5603,让,5607,议,1
5603,让,5624,证,1
5604,讪,5603,让,1
5605,讫,681,吃,1
5605,讫,1031,圪,1
5605,讫,2975,汽,1
5605,讫,2982,沆,1
5605,讫,4467,纭,1
5606,训,1037,圳,1
5606,训,2978,沂,1
5607,议,138,代,1
5607,议,2953,汊,1
5607,议,4478,纹,1
5607,议,5595,计,1
5608,讯,3749,田,1
5608,讯,5620,讽,1
5609,记,133,仙,1
5609,记,2955,汔,1
5609,记,2962,江,1
5609,记,2968,汪,1
5609,记,3034,泡,1
5609,记,5599,讥,1
5609,记,5634,诌,1
5609,记,5666,语,1
5610,讲,3004,沫,1
5613,讵,5630,诈,1
5613,讵,5641,诓,1
5614,讶,156,伊,1
5614,讶,171,伢,1
5614,讶,202,作,1
5614,讶,1681,床,1
5614,讶,2987,沐,1
5614,讶,3617,玠,1
5614,讶,5616,许,1
5614,讶,5649,诛,1
5615,讷,5598,认,1
5616,许,2387,料,1
5616,许,3049,泸,1
5616,许,4558,缍,1
5616,许,5661,诧,1
5617,讹,2990,沘,1
5617,讹,3085,派,1
5617,讹,4469,纰,1
5617,讹,4477,纸,1
5617,讹,5672,诳,1
5618,论,3012,治,1
5618,论,5653,诟,1
5619,讼,744,呱,1
5619,讼,2982,沆,1
5619,讼,3117,浴,1
5619,讼,4519,绤,1
5619,讼,5617,讹,1
5619,讼,5632,诊,1
5620,讽,4462,纨,1
5620,讽,5688,调,1
5621,设,2355,改,1
5621,设,3016,沿,1
5621,设,4461,级,1
5621,设,5520,裰,1
5621,设,5629,识,1
5621,设,5634,诌,1
5621,设,5640,诒,1
5622,访,1777,彷,1
5622,访,3015,沾,1
5622,访,3098,浐,1
5622,访,4508,给,1
5622,访,5602,讨,1
5622,访,5614,讶,1
5622,访,5625,诂,1
5622,访,5651,话,1
5622,访,5653,诟,1
5623,诀,1052,块,1
5623,诀,1829,快,1
5623,诀,3044,泱,1
5623,诀,3072,洪,1
5623,诀,3087,浃,1
5623,诀,4491,织,1
5623,诀,5482,袂,1
5624,证,2997,沤,1
5624,证,5613,讵,1
5624,证,5665,诬,1
5624,证,5720,谥,1
5624,证,6049,迩,1
5625,诂,179,估,1
5625,诂,5622,访,1
5625,诂,5651,话,1
5626,诃,3633,珂,1
5626,诃,6509,问,1
5627,评,3041,泮,1
5627,评,3069,津,1
5627,评,4498,绎,1
5627,评,5630,诈,1
5627,评,6944,鲆,1
5628,诅,1062,坦,1
5628,诅,3039,泪,1
5628,诅,4481,纽,1
5628,诅,4488,组,1
5628,诅,6046,迥,1
5628,诅,6566,阻,1
5629,识,415,冶,1
5629,识,1056,坝,1
5629,识,2841,次,1
5629,识,3621,玦,1
5629,识,5495,袪,1
5629,识,5621,设,1
5629,识,5624,证,1
5629,识,5646,诘,1
5630,诈,1090,垢,1
5630,诈,2972,汴,1
5630,诈,4534,维,1
5630,诈,5652,诞,1
5630,诈,5660,详,1
5631,诉,2978,沂,1
5631,诉,3032,泞,1
5631,诉,5599,讥,1
5631,诉,6033,近,1
5632,诊,2978,沂,1
5632,诊,3115,浮,1
5632,诊,3175,淳,1
5632,诊,5596,订,1
5633,诋,5614,讶,1
5634,诌,2988,沓,1
5634,诌,5658,诤,1
5635,词,2522,月,1
5635,词,2964,污,1
5635,词,3009,河,1
5635,词,4147,祠,1
5635,词,4875,自,1
5635,词,5626,诃,1
5635,词,5656,询,1
5635,词,6529,阂,1
5635,词,6793,饲,1
5637,诏,5666,语,1
5639,译,3058,洋,1
5639,译,3065,洚,1
5639,译,4149,祥,1
5639,译,5662,诨,1
5639,译,5692,谇,1
5640,诒,3015,沾,1
5640,诒,5619,讼,1
5641,诓,3080,洹,1
5641,诓,3148,涯,1
5643,试,249,俅,1
5643,试,2862,武,1
5643,试,5664,诫,1
5644,诖,3098,浐,1
5645,诗,323,傈,1
5645,诗,3055,洁,1
5645,诗,3109,浡,1
5645,诗,3132,涛,1
5645,诗,5646,诘,1
5646,诘,3026,法,1
5646,诘,3145,涪,1
5646,诘,4503,结,1
5646,诘,5669,诰,1
5647,诙,1883,恢,1
5647,诙,3048,泷,1
5647,诙,5646,诘,1
5647,诙,5678,诹,1
5648,诚,1108,城,1
5648,诚,4550,缄,1
5649,诛,3004,沫,1
5649,诛,3041,泮,1
5649,诛,5623,诀,1
5649,诛,5642,诔,1
5649,诛,6056,迷,1
5650,诜,418,冼,1
5650,诜,5647,诙,1
5651,话,2964,污,1
5651,话,3015,沾,1
5651,话,3158,淋,1
5652,诞,2992,沚,1
5652,诞,5665,诬,1
5652,诞,6035,返,1
5653,诟,1090,垢,1
5653,诟,2998,沥,1
5653,诟,5650,诜,1
5654,诠,3038,注,1
5654,诠,3170,淦,1
5654,诠,5653,诟,1
5655,诡,3146,涫,1
5655,诡,3279,漉,1
5655,诡,5671,诲,1
5656,询,1459,寻,1
5656,询,3009,河,1
5656,询,5626,诃,1
5656,询,6518,闷,1
5657,诣,3154,淄,1
5657,诣,3258,滔,1
5657,诣,4516,绡,1
5657,诣,5634,诌,1
5657,诣,5667,诮,1
5657,诣,5676,请,1
5657,诣,5703,谓,1
5658,诤,420,净,1
5658,诤,5654,诠,1
5658,诤,5660,详,1
5658,诤,5671,诲,1
5659,该,783,咳,1
5659,该,5647,诙,1
5660,详,1788,徉,1
5660,详,3669,琫,1
5660,详,5616,许,1
5660,详,5627,评,1
5660,详,5658,诤,1
5661,诧,3038,注,1
5661,诧,3260,滗,1
5661,诧,4475,纶,1
5661,诧,5605,讫,1
5661,诧,5641,诓,1
5662,诨,420,净,1
5662,诨,1795,得,1
5662,诨,3650,珲,1
5663,诩,4646,翊,1
5663,诩,5662,诨,1
5664,诫,427,减,1
5664,诫,2382,斌,1
5664,诫,4502,绒,1
5664,诫,5648,诚,1
5665,诬,1616,巫,1
5665,诬,2968,汪,1
5665,诬,3194,渣,1
5665,诬,5636,诎,1
5666,语,2964,污,1
5666,语,3145,涪,1
5666,语,5709,谙,1
5666,语,6383,铻,1
5667,诮,252,俏,1
5667,诮,4516,绡,1
5667,诮,5658,诤,1
5667,诮,5663,诩,1
5667,诮,5709,谙,1
5668,误,3131,涘,1
5668,误,3184,渎,1
5668,误,5675,诶,1
5669,诰,5646,诘,1
5669,诰,5667,诮,1
5670,诱,3301,潘,1
5670,诱,3655,琇,1
5670,诱,3944,看,1
5670,诱,4470,纱,1
5670,诱,5611,讳,1
5670,诱,5684,诿,1
5670,诱,5710,谚,1
5670,诱,6071,透,1
5671,诲,3062,洒,1
5671,诲,3077,洳,1
5671,诲,3115,浮,1
5671,诲,4530,绰,1
5671,诲,5684,诿,1
5672,诳,3113,浩,1
5672,诳,3534,狂,1
5673,说,237,侦,1
5673,说,414,况,1
5673,说,3110,浣,1
5673,说,4499,经,1
5673,说,5629,识,1
5673,说,5715,谠,1
5673,说,6404,锐,1
5674,诵,270,俯,1
5674,诵,1106,埇,1
5674,诵,4517,绢,1
5674,诵,5631,诉,1
5674,诵,5667,诮,1
5674,诵,5713,谝,1
5675,诶,250,俊,1
5675,诶,5672,诳,1
5676,请,294,倩,1
5676,请,3070,洧,1
5676,请,4270,竭,1
5676,请,4516,绡,1
5676,请,4525,绪,1
5676,请,6665,靖,1
5677,诸,328,储,1
5677,诸,1148,堵,1
5677,诸,5646,诘,1
5677,诸,5676,请,1
5677,诸,5679,诺,1
5677,诸,5709,谙,1
5678,诹,301,倻,1
5678,诹,5675,诶,1
5679,诺,289,借,1
5679,诺,3072,洪,1
5679,诺,3113,浩,1
5679,诺,3156,淆,1
5679,诺,3266,满,1
5680,读,3139,涣,1
5680,读,3239,溪,1
5680,读,5659,该,1
5680,读,5693,谈,1
5681,诼,5678,诹,1
5682,诽,410,冰,1
5682,诽,3074,洮,1
5682,诽,4401,粘,1
5683,课,3041,泮,1
5683,课,3174,深,1
5683,课,4158,祼,1
5683,课,5649,诛,1
5683,课,5668,误,1
5683,课,5695,谋,1
5683,课,5699,谏,1
5684,诿,5670,诱,1
5684,诿,5681,诼,1
5685,谀,3242,溲,1
5685,谀,5684,诿,1
5686,谁,2410,旌,1
5686,谁,3196,渥,1
5686,谁,5617,讹,1
5686,谁,6626,雌,1
5687,谂,1805,德,1
5687,谂,3170,淦,1
5687,谂,5685,谀,1
5688,调,425,凋,1
5688,调,1293,姻,1
5688,调,3057,洇,1
5688,调,3079,洵,1
5688,调,4538,绸,1
5690,谅,2224,掠,1
5690,谅,3164,淙,1
5690,谅,3175,淳,1
5690,谅,5631,诉,1
5690,谅,5695,谋,1
5691,谆,256,俘,1
5691,谆,1378,孚,1
5691,谆,1393,孳,1
5691,谆,3115,浮,1
5691,谆,3203,游,1
5691,谆,4574,缟,1
5691,谆,5709,谙,1
5692,谇,3172,淬,1
5693,谈,282,倓,1
5693,谈,428,凑,1
5693,谈,3124,涉,1
5693,谈,5650,诜,1
5693,谈,5673,说,1
5693,谈,5675,诶,1
5693,谈,6555,队,1
5694,谊,3681,瑄,1
5694,谊,4572,缜,1
5694,谊,5730,谯,1
5695,谋,3236,溥,1
5695,谋,3270,滦,1
5695,谋,3671,琮,1
5697,谍,3160,淏,1
5698,谎,307,偌,1
5698,谎,1980,慌,1
5698,谎,5695,谋,1
5700,谐,289,借,1
5700,谐,400,写,1
5700,谐,3894,皆,1
5700,谐,5657,诣,1
5702,谒,3197,温,1
5703,谓,900,喟,1
5703,谓,1124,埸,1
5703,谓,3680,瑁,1
5703,谓,4270,竭,1
5704,谔,3233,溟,1
5705,谕,3687,瑜,1
5706,谖,4563,缓,1
5707,谗,3103,浕,1
5707,谗,5631,诉,1
5707,谗,6816,馋,1
5709,谙,279,倍,1
5709,谙,2252,揞,1
5709,谙,4574,缟,1
5709,谙,5711,谛,1
5710,谚,3116,浯,1
5710,谚,3189,渗,1
5710,谚,5659,该,1
5710,谚,5709,谙,1
5711,谛,4564,缔,1
5711,谛,5708,谘,1
5711,谛,5917,蹄,1
5712,谜,3126,涎,1
5712,谜,4522,继,1
5712,谜,5649,诛,1
5713,谝,4566,编,1
5715,谠,5667,诮,1
5715,谠,5673,说,1
5717,谢,3059,洌,1
5718,谣,2943,氵,1
5718,谣,3693,瑶,1
5718,谣,5704,谔,1
5719,谤,324,傍,1
5719,谤,857,商,1
5719,谤,3337,濠,1
5719,谤,4846,膀,1
5719,谤,5709,谙,1
5719,谤,5710,谚,1
5719,谤,6820,馐,1
5721,谦,421,凄,1
5721,谦,3236,溥,1
5721,谦,3241,溱,1
5723,谨,3267,滢,1
5723,谨,3314,潼,1
5724,谩,426,凌,1
5724,谩,1164,墁,1
5724,谩,3119,浸,1
5724,谩,3215,湜,1
5724,谩,3694,瑷,1
5724,谩,3708,璟,1
5724,谩,4513,绞,1
5724,谩,4581,缦,1
5724,谩,5716,谡,1
5724,谩,6822,馒,1
5725,谪,5676,请,1
5725,谪,5713,谝,1
5727,谬,3129,涔,1
5728,谭,2010,懦,1
5728,谭,3058,洋,1
5728,谭,3220,湮,1
5728,谭,3257,滓,1
5728,谭,5694,谊,1
5729,谮,341,僭,1
5730,谯,340,僬,1
5730,谯,3651,珽,1
5730,谯,4166,禚,1
5731,谰,3112,浦,1
5731,谰,3136,涠,1
5731,谰,6544,阑,1
5732,谱,974,噜,1
5732,谱,3709,璠,1
5732,谱,3944,看,1
5732,谱,5709,谙,1
5736,谵,349,儋,1
5738,谷,379,兴,1
5738,谷,1203,夤,1
5738,谷,1894,恰,1
5738,谷,3501,牡,1
5738,谷,4467,纭,1
5739,豁,2012,懿,1
5739,豁,4375,簇,1
5739,豁,6892,骺,1
5739,豁,7049,鸵,1
5740,豆,25,丢,1
5740,豆,84,互,1
5740,豆,88,亘,1
5740,豆,4878,至,1
5741,豇,5740,豆,1
5743,豌,3778,畹,1
5743,豌,4514,统,1
5745,豚,3152,涿,1
5746,象,404,冢,1
5746,象,1432,家,1
5746,象,1893,息,1
5746,象,2928,氛,1
5746,象,3770,畜,1
5746,象,5744,豕,1
5747,豢,2148,拳,1
5747,豢,3043,泰,1
5747,豢,4189,秦,1
5748,豨,4200,稀,1
5749,豪,102,京,1
5749,豪,989,嚎,1
5749,豪,5189,蒙,1
5749,豪,5479,衾,1
5750,豫,3848,瘃,1
5750,豫,4208,稗,1
5750,豫,4727,肓,1
5751,豳,1754,强,1
5752,豸,1761,彖,1
5752,豸,3451,熘,1
5753,豹,3543,狗,1
5753,豹,5752,豸,1
5754,豺,1462,封,1
5754,豺,4483,线,1
5759,貌,4144,祝,1
5759,貌,6986,鲵,1
5763,贞,359,先,1
5763,贞,1678,庄,1
5763,贞,2351,攴,1
5763,贞,3386,点,1
5763,贞,5764,负,1
5764,负,362,免,1
5764,负,1221,奂,1
5765,贡,2052,手,1
5765,贡,5764,负,1
5765,贡,5767,责,1
5766,财,541,勘,1
5767,责,5765,贡,1
5767,责,5789,费,1
5767,责,6663,青,1
5768,贤,4753,肾,1
5768,贤,5560,览,1
5769,败,2356,攻,1
5770,账,702,吠,1
5770,账,1634,帐,1
5770,账,2026,戗,1
5770,账,5322,蚨,1
5770,账,6805,饿,1
5771,货,582,华,1
5771,货,2443,昏,1
5771,货,5763,贞,1
5771,货,5800,资,1
5772,质,3357,灰,1
5773,贩,719,吹,1
5773,贩,6301,钣,1
5773,贩,6788,饭,1
5774,贪,5764,负,1
5775,贫,139,令,1
5775,贫,606,危,1
5775,贫,3911,盆,1
5775,贫,5764,负,1
5775,贫,7184,龟,1
5776,贬,741,呤,1
5776,贬,3393,烃,1
5776,贬,4048,砭,1
5776,贬,4566,编,1
5777,购,4781,胭,1
5777,购,4789,胸,1
5777,购,5773,贩,1
5778,贮,4826,腔,1
5778,贮,5773,贩,1
5779,贯,5794,贾,1
5780,贰,637,厾,1
5780,贰,2862,武,1
5781,贱,2031,戡,1
5781,贱,5803,赇,1
5781,贱,6790,饯,1
5783,贳,4981,苋,1
5783,贳,5809,赍,1
5783,贳,7119,黄,1
5784,贴,1841,怂,1
5784,贴,2439,昉,1
5784,贴,5778,贮,1
5784,贴,5791,贻,1
5784,贴,5890,跻,1
5784,贴,6761,飐,1
5785,贵,5779,贯,1
5785,贵,5789,费,1
5785,贵,6218,酱,1
5788,贸,697,吗,1
5788,贸,3767,留,1
5788,贸,5796,赀,1
5789,费,381,其,1
5790,贺,5793,贽,1
5790,贺,5800,资,1
5790,贺,6849,驾,1
5791,贻,5784,贴,1
5792,贼,2662,栽,1
5792,贼,5781,贱,1
5792,贼,5807,赋,1
5792,贼,6805,饿,1
5793,贽,5789,费,1
5793,贽,5818,赘,1
5794,贾,5779,贯,1
5794,贾,5809,赍,1
5794,贾,5818,赘,1
5795,贿,4198,秽,1
5795,贿,5808,赌,1
5796,赀,5768,贤,1
5797,赁,5771,货,1
5797,赁,5783,贳,1
5798,赂,3397,烙,1
5798,赂,3642,珞,1
5798,赂,5815,赔,1
5799,赃,711,吭,1
5799,赃,876,啶,1
5800,资,775,咨,1
5800,资,5774,贪,1
5802,赆,3408,烬,1
5802,赆,5786,贶,1
5806,赊,1381,孝,1
5806,赊,5798,赂,1
5807,赋,877,啷,1
5807,赋,2031,戡,1
5807,赋,5792,贼,1
5807,赋,5803,赇,1
5808,赌,896,喘,1
5809,赍,5557,觅,1
5810,赎,4527,续,1
5811,赏,5561,觉,1
5811,赏,5800,资,1
5811,赏,6952,鲎,1
5812,赐,720,吻,1
5812,赐,5777,购,1
5814,赓,1692,庚,1
5815,赔,3392,烂,1
5815,赔,5806,赊,1
5815,赔,6820,馐,1
5816,赕,5770,账,1
5817,赖,2222,掖,1
5817,赖,2365,敕,1
5817,赖,4932,艴,1
5817,赖,6590,陨,1
5817,赖,6728,预,1
5817,赖,6729,颅,1
5818,赘,5824,赞,1
5821,赛,1157,塞,1
5821,赛,5377,蜜,1
5821,赛,5805,赉,1
5821,赛,5919,蹇,1
5824,赞,4280,笊,1
5826,赠,974,噜,1
5826,赠,5791,贻,1
5827,赡,4003,瞻,1
5827,赡,5444,蟾,1
5828,赢,5455,蠹,1
5830,赤,97,亦,1
5830,赤,2052,手,1
5830,赤,2482,景,1
5831,赦,1462,封,1
5831,赦,2365,敕,1
5831,赦,2371,敢,1
5831,赦,2579,板,1
5831,赦,5832,赧,1
5831,赦,5967,软,1
5832,赧,5831,赦,1
5834,赫,2408,旆,1
5834,赫,2601,枯,1
5834,赫,4271,端,1
5836,走,55,乏,1
5836,走,1228,奏,1
5836,走,1413,定,1
5836,走,3782,疋,1
5836,走,6024,达,1
5836,走,6082,速,1
5837,赳,3658,琎,1
5838,赴,599,卦,1
5838,赴,1192,处,1
5838,赴,5839,赵,1
5840,赶,5839,赵,1
5841,起,6745,题,1
5842,趁,2520,替,1
5842,趁,5844,超,1
5842,趁,6083,造,1
5844,超,6037,还,1
5845,越,2708,械,1
5845,越,6828,馘,1
5846,趋,2916,氇,1
5846,趋,5843,趄,1
5846,趋,5847,趑,1
5847,趑,6049,迩,1
5847,趑,6745,题,1
5849,趟,3159,淌,1
5849,趟,6070,逍,1
5849,趟,6105,道,1
5850,趣,6593,陬,1
5852,足,24,丞,1
5852,足,571,区,1
5852,足,585,卒,1
5852,足,2462,显,1
5852,足,6037,还,1
5852,足,6124,邑,1
5853,趴,665,叭,1
5854,趵,2371,敢,1
5854,趵,6286,钓,1
5856,趺,4599,缺,1
5856,趺,5864,跌,1
5857,趼,4034,研,1
5858,趾,2992,沚,1
5858,趾,4701,耻,1
5859,趿,2971,汲,1
5859,趿,5869,跖,1
5860,跃,2417,既,1
5860,跃,4682,耘,1
5861,跄,5865,跎,1
5864,跌,2417,既,1
5865,跎,6739,颐,1
5866,跏,523,助,1
5866,跏,4756,胁,1
5866,跏,5375,蜘,1
5867,跐,2903,毗,1
5868,跑,2999,沦,1
5868,跑,3380,炮,1
5868,跑,5865,跎,1
5868,跑,7173,龅,1
5872,跛,875,啵,1
5872,跛,1636,帔,1
5872,跛,5496,被,1
5872,跛,5863,跋,1
5872,跛,6571,陂,1
5873,距,4014,矩,1
5873,距,5861,跄,1
5873,距,5882,路,1
5874,跞,5889,跺,1
5874,跞,5903,踩,1
5875,跟,800,哏,1
5875,跟,3413,烺,1
5876,跣,5856,趺,1
5877,跤,3898,皎,1
5877,跤,5349,蛟,1
5877,跤,5858,趾,1
5878,跨,1098,垮,1
5878,跨,4504,绔,1
5878,跨,5350,蛤,1
5878,跨,5904,踪,1
5879,跪,1294,姽,1
5879,跪,5387,蜷,1
5879,跪,5655,诡,1
5880,跫,1877,恐,1
5880,跫,4358,篌,1
5881,跬,3393,烃,1
5882,路,3066,洛,1
5882,路,5862,跆,1
5882,路,6856,骆,1
5883,跳,5871,跚,1
5884,践,2876,残,1
5884,践,2902,毖,1
5884,践,3925,盛,1
5884,践,5792,贼,1
5884,践,5856,趺,1
5884,践,6790,饯,1
5886,跷,1554,峣,1
5886,跷,5876,跣,1
5889,跺,4521,绦,1
5889,跺,5898,踝,1
5890,跻,5358,蛴,1
5890,跻,6854,骄,1
5890,跻,6960,鲚,1
5891,跽,5893,踉,1
5893,踉,5877,跤,1
5894,踊,3444,煸,1
5894,踊,4076,确,1
5894,踊,5674,诵,1
5895,踌,3132,涛,1
5895,踌,3776,畴,1
5895,踌,6380,铸,1
5896,踏,1597,嵴,1
5896,踏,5862,跆,1
5896,踏,5918,蹅,1
5897,踔,5891,跽,1
5898,踝,4115,磲,1
5898,踝,5897,踔,1
5899,踞,5527,裾,1
5899,踞,5879,跪,1
5899,踞,5929,蹜,1
5900,踟,5898,踝,1
5901,踢,4026,砀,1
5901,踢,5812,赐,1
5901,踢,5910,踶,1
5901,踢,5945,躅,1
5903,踩,5889,跺,1
5903,踩,5904,踪,1
5904,踪,4545,绿,1
5904,踪,6609,隙,1
5905,踬,5900,踟,1
5905,踬,6426,锧,1
5906,踮,5905,踬,1
5908,踱,3791,疚,1
5908,踱,5863,跋,1
5908,踱,5893,踉,1
5909,踵,5881,跬,1
5909,踵,5918,蹅,1
5911,踹,5914,蹀,1
5912,踺,6089,逯,1
5913,踽,5909,踵,1
5915,蹁,4094,碥,1
5915,蹁,5398,蝙,1
5915,蹁,5418,螗,1
5916,蹂,3238,溧,1
5916,蹂,5437,蟓,1
5916,蹂,5889,跺,1
5916,蹂,5898,踝,1
5917,蹄,4564,缔,1
5917,蹄,5903,踩,1
5917,蹄,6933,魑,1
5918,蹅,3709,璠,1
5918,蹅,5896,踏,1
5920,蹈,6578,陋,1
5920,蹈,6598,陷,1
5923,蹋,5359,蛸,1
5924,蹐,5896,踏,1
5926,蹒,3266,满,1
5926,蹒,5911,踹,1
5930,蹢,5915,蹁,1
5930,蹢,6478,镝,1
5931,蹦,6475,镚,1
5931,蹦,6665,靖,1
5931,蹦,6859,骊,1
5933,蹬,5918,蹅,1
5934,蹭,4118,磺,1
5934,蹭,5826,赠,1
5934,蹭,5937,蹲,1
5937,蹲,5921,蹉,1
5940,蹼,5911,踹,1
5942,蹾,2379,敷,1
5942,蹾,5877,跤,1
5943,蹿,6490,镩,1
5943,蹿,6609,隙,1
5944,躁,3469,燥,1
5944,躁,5904,踪,1
5944,躁,5914,蹀,1
5945,躅,5447,蠋,1
5945,躅,5901,踢,1
5946,躇,3315,潽,1
5946,躇,4357,篊,1
5946,躇,6410,锖,1
5947,躏,5915,蹁,1
5949,躔,903,喱,1
5949,躔,5909,踵,1
5952,身,54,乎,1
5952,身,2923,氕,1
5952,身,3020,泉,1
5952,身,4875,自,1
5953,躬,4903,舫,1
5954,躯,3945,眍,1
5954,躯,4701,耻,1
5955,躲,1463,射,1
5955,躲,4736,股,1
5955,躲,5953,躬,1
5956,躺,284,倘,1
5956,躺,4918,艄,1
5957,軎,722,吾,1
5957,軎,1611,工,1
5958,车,1218,夺,1
5958,车,1668,平,1
5958,车,3500,牟,1
5959,轧,1373,孔,1
5959,轧,5960,轨,1
5960,轨,583,协,1
5960,轨,5962,轪,1
5961,轩,2396,斩,1
5961,轩,3611,玕,1
5963,轫,5960,轨,1
5964,转,5976,轸,1
5964,转,5979,轻,1
5965,轭,2077,扼,1
5966,轮,2097,抡,1
5966,轮,5978,轺,1
5967,软,1586,嵌,1
5967,软,2843,欣,1
5967,软,5960,轨,1
5967,软,5963,轫,1
5967,软,5987,较,1
5968,轰,792,哄,1
5969,轱,5965,轭,1
5969,轱,5989,辅,1
5970,轲,5969,轱,1
5971,轳,5970,轲,1
5972,轴,5990,辆,1
5972,轴,6330,铀,1
5972,轴,6842,驷,1
5973,轵,5971,轳,1
5974,轶,5973,轵,1
5974,轶,6331,铁,1
5975,轷,2133,拜,1
5975,轷,5976,轸,1
5976,轸,5974,轶,1
5977,轹,2396,斩,1
5977,轹,5975,轷,1
5978,轺,1882,恝,1
5978,轺,2132,招,1
5979,轻,4632,羟,1
5979,轻,5973,轵,1
5979,轻,5985,辁,1
5981,载,1462,封,1
5981,载,2039,戴,1
5983,轿,4015,矫,1
5983,轿,5973,轵,1
5983,轿,6010,辚,1
5983,轿,6688,鞒,1
5983,轿,6854,骄,1
5985,辁,6364,铨,1
5987,较,2359,故,1
5987,较,2653,校,1
5987,较,6686,鞍,1
5989,辅,1269,妯,1
5989,辅,5983,轿,1
5989,辅,6382,铺,1
5990,辆,1315,娲,1
5990,辆,2649,栖,1
5990,辆,3383,炳,1
5990,辆,3511,牺,1
5990,辆,5989,辅,1
5992,辈,2633,柴,1
5992,辈,5991,辇,1
5993,辉,1902,恽,1
5993,辉,3416,焊,1
5993,辉,4163,禅,1
5993,辉,5343,蛑,1
5994,辊,4532,绲,1
5996,辌,2737,椋,1
5998,辎,3684,瑙,1
5999,辏,428,凑,1
6000,辐,6458,镉,1
6001,辑,2251,揖,1
6003,输,5970,轲,1
6005,辕,6007,辗,1
6006,辖,5987,较,1
6007,辗,389,冁,1
6007,辗,5994,辊,1
6009,辙,2319,撤,1
6009,辙,6665,靖,1
6011,辛,59,乔,1
6011,辛,1671,幸,1
6011,辛,2428,旱,1
6011,辛,4275,竿,1
6011,辛,4624,羊,1
6011,辛,6012,辜,1
6011,辛,6273,钅,1
6012,辜,2456,昱,1
6012,辜,5090,莘,1
6013,辞,473,刮,1
6013,辞,2133,拜,1
6013,辞,4050,砰,1
6014,辟,511,劈,1
6014,辟,4083,碎,1
6014,辟,5887,跸,1
6014,辟,6013,辞,1
6014,辟,6167,郡,1
6015,辣,1794,徕,1
6015,辣,6400,锌,1
6016,辨,1377,孙,1
6016,辨,5533,褙,1
6016,辨,6018,辫,1
6016,辨,7005,鳉,1
6017,辩,3100,浒,1
6017,辩,4130,社,1
6017,辩,4149,祥,1
6018,辫,4544,绾,1
6018,辫,6016,辨,1
6020,辱,622,厍,1
6020,辱,1084,垕,1
6020,辱,1374,孕,1
6020,辱,1485,尺,1
6022,边,516,办,1
6022,边,1824,忠,1
6022,边,3750,由,1
6022,边,6044,迢,1
6022,边,6058,迹,1
6023,辽,23,丝,1
6023,辽,6027,迄,1
6023,辽,6030,迈,1
6024,达,1207,太,1
6024,达,2167,挞,1
6024,达,2859,正,1
6024,达,3083,洼,1
6024,达,4313,答,1
6024,达,6043,迟,1
6024,达,6054,述,1
6025,迁,18,丘,1
6025,迁,1609,巡,1
6025,迁,2968,汪,1
6025,迁,3608,王,1
6025,迁,3638,珏,1
6025,迁,6031,迎,1
6025,迁,6033,近,1
6026,迂,6023,辽,1
6027,迄,6032,运,1
6027,迄,6040,远,1
6028,迅,446,函,1
6028,迅,6039,进,1
6029,过,571,区,1
6029,过,6024,达,1
6029,过,6026,迂,1
6030,迈,18,丘,1
6030,迈,643,及,1
6030,迈,6023,辽,1
6030,迈,6032,运,1
6030,迈,6037,还,1
6030,迈,6105,道,1
6032,运,5249,蕴,1
6032,运,6027,迄,1
6032,运,6030,迈,1
6032,运,6075,途,1
6033,近,18,丘,1
6033,近,6036,迕,1
6033,近,6038,这,1
6033,近,6053,迮,1
6034,迓,6026,迂,1
6035,返,6030,迈,1
6035,返,6049,迩,1
6037,还,563,匝,1
6037,还,570,匹,1
6037,还,571,区,1
6037,还,1192,处,1
6037,还,2859,正,1
6037,还,6024,达,1
6037,还,6054,述,1
6037,还,6072,逐,1
6038,这,571,区,1
6038,这,4478,纹,1
6038,这,6022,边,1
6038,这,6023,辽,1
6038,这,6049,迩,1
6038,这,6062,适,1
6039,进,90,些,1
6039,进,393,冉,1
6039,进,6026,迂,1
6040,远,355,元,1
6040,远,620,压,1
6040,远,1722,延,1
6040,远,3454,熟,1
6040,远,6027,迄,1
6040,远,6030,迈,1
6040,远,6035,返,1
6040,远,6077,逗,1
6041,违,1297,娃,1
6041,违,6024,达,1
6041,违,6082,速,1
6041,违,6083,造,1
6042,连,3135,涟,1
6042,连,5102,莲,1
6042,连,6034,迓,1
6042,连,6036,迕,1
6043,迟,6024,达,1
6044,迢,672,叵,1
6044,迢,6023,辽,1
6044,迢,6059,追,1
6044,迢,6065,逅,1
6044,迢,6077,逗,1
6046,迥,15,且,1
6048,迨,6051,迫,1
6048,迨,6062,适,1
6048,迨,6065,逅,1
6049,迩,6036,迕,1
6050,迪,383,典,1
6050,迪,5490,袖,1
6051,迫,189,但,1
6051,迫,672,叵,1
6051,迫,3757,画,1
6051,迫,6031,迎,1
6051,迫,6035,返,1
6051,迫,6713,页,1
6052,迭,4293,笨,1
6052,迭,5058,荙,1
6052,迭,6024,达,1
6052,迭,6061,送,1
6052,迭,6083,造,1
6054,述,3005,沭,1
6054,述,5836,走,1
6054,述,6026,迂,1
6054,述,6069,逋,1
6056,迷,6039,进,1
6056,迷,6073,逑,1
6056,迷,6088,逮,1
6057,迸,6056,迷,1
6057,迸,6082,速,1
6057,迸,6105,道,1
6058,迹,5850,趣,1
6058,迹,5874,跞,1
6058,迹,6045,迤,1
6058,迹,6057,迸,1
6058,迹,6068,逊,1
6058,迹,6072,逐,1
6058,迹,6075,途,1
6058,迹,6090,逵,1
6059,追,1723,廷,1
6059,追,6044,迢,1
6059,追,6049,迩,1
6059,追,6051,迫,1
6060,退,4927,艮,1
6060,退,6044,迢,1
6061,送,5058,荙,1
6061,送,6074,递,1
6062,适,558,化,1
6062,适,3036,泣,1
6062,适,3909,盂,1
6062,适,4889,舌,1
6062,适,6025,迁,1
6062,适,6029,过,1
6062,适,6067,选,1
6062,适,6071,透,1
6062,适,6091,逶,1
6063,逃,560,匙,1
6064,逄,6036,迕,1
6064,逄,6042,连,1
6064,逄,6085,逢,1
6065,逅,3794,疠,1
6065,逅,6059,追,1
6066,逆,2049,扈,1
6066,逆,6057,迸,1
6066,逆,6061,送,1
6066,逆,6062,适,1
6066,逆,6075,途,1
6067,选,359,先,1
6067,选,5058,荙,1
6067,选,6040,远,1
6067,选,6043,迟,1
6068,逊,5469,补,1
6068,逊,5888,跹,1
6068,逊,6058,迹,1
6069,逋,6050,迪,1
6071,透,3222,湾,1
6071,透,3922,盖,1
6071,透,5670,诱,1
6071,透,6041,违,1
6071,透,6083,造,1
6071,透,6254,重,1
6074,递,6041,违,1
6074,递,6105,道,1
6075,途,3121,涂,1
6075,途,6064,逄,1
6075,途,6077,逗,1
6075,途,6091,逶,1
6075,途,6257,金,1
6076,逖,5885,跶,1
6076,逖,6072,逐,1
6077,逗,5691,谆,1
6077,逗,5852,足,1
6077,逗,6092,逸,1
6078,通,3112,浦,1
6078,通,6094,逼,1
6078,通,6099,遇,1
6079,逛,5652,诞,1
6079,逛,6047,迦,1
6080,逝,2182,挺,1
6080,逝,6066,逆,1
6080,逝,6068,逊,1
6080,逝,6112,遨,1
6081,逞,726,呈,1
6081,逞,3122,涅,1
6081,逞,6027,迄,1
6081,逞,6052,迭,1
6081,逞,6061,送,1
6081,逞,6066,逆,1
6081,逞,6077,逗,1
6081,逞,6090,逵,1
6082,速,15,且,1
6082,速,565,匡,1
6082,速,1724,建,1
6082,速,2515,更,1
6082,速,6056,迷,1
6082,速,6069,逋,1
6083,造,3036,泣,1
6083,造,3113,浩,1
6083,造,6027,迄,1
6083,造,6052,迭,1
6083,造,6090,逵,1
6083,造,6107,遘,1
6083,造,6586,陡,1
6085,逢,420,净,1
6085,逢,3255,滏,1
6085,逢,3314,潼,1
6085,逢,4573,缝,1
6085,逢,6070,逍,1
6085,逢,6075,途,1
6085,逢,6103,遑,1
6085,逢,6111,遥,1
6086,逦,6058,迹,1
6090,逵,3916,盎,1
6090,逵,6112,遨,1
6091,逶,6071,透,1
6092,逸,4868,臆,1
6092,逸,6027,迄,1
6092,逸,6040,远,1
6093,逻,6055,迳,1
6093,逻,6081,逞,1
6093,逻,6101,遏,1
6094,逼,3187,渔,1
6094,逼,6113,遭,1
6095,逾,6075,途,1
6096,遁,3814,疽,1
6096,遁,5689,谄,1
6096,遁,6062,适,1
6096,遁,6065,逅,1
6096,遁,6080,逝,1
6097,遂,3047,泶,1
6097,遂,6112,遨,1
6099,遇,3144,涩,1
6099,遇,6058,迹,1
6099,遇,6066,逆,1
6099,遇,6101,遏,1
6099,遇,6108,遛,1
6100,遍,713,启,1
6100,遍,4740,肩,1
6100,遍,6092,逸,1
6100,遍,6098,遄,1
6101,遏,396,冒,1
6101,遏,2516,曷,1
6101,遏,6109,遢,1
6102,遐,3682,瑕,1
6104,遒,6094,逼,1
6105,道,3047,泶,1
6105,道,6058,迹,1
6105,道,6066,逆,1
6105,道,6070,逍,1
6105,道,6078,通,1
6105,道,6086,逦,1
6105,道,6096,遁,1
6105,道,6121,邃,1
6106,遗,6041,违,1
6106,遗,6115,遴,1
6107,遘,6104,遒,1
6111,遥,5718,谣,1
6111,遥,6075,途,1
6111,遥,6081,逞,1
6111,遥,6092,逸,1
6112,遨,6107,遘,1
6113,遭,1521,岌,1
6113,遭,2755,楚,1
6113,遭,5247,蕰,1
6113,遭,6106,遗,1
6114,遮,3196,渥,1
6114,遮,3341,瀌,1
6114,遮,6045,迤,1
6114,遮,6092,逸,1
6114,遮,6094,逼,1
6116,遵,5723,谨,1
6116,遵,6066,逆,1
6119,邀,3331,激,1
6119,邀,4836,腰,1
6119,邀,6047,迦,1
6119,邀,6112,遨,1
6120,邂,6108,遛,1
6121,邃,4250,窠,1
6122,邈,6105,道,1
6124,邑,4930,色,1
6125,邓,645,双,1
6125,邓,661,叩,1
6126,邕,4278,笆,1
6127,邗,6132,邢,1
6129,邛,6128,邙,1
6130,邝,6127,邗,1
6132,邢,607,即,1
6132,邢,1766,形,1
6132,邢,6127,邗,1
6132,邢,6131,邡,1
6132,邢,6135,邪,1
6132,邢,6140,邱,1
6132,邢,6145,邸,1
6133,那,6144,邶,1
6133,那,6157,郎,1
6134,邦,2065,扩,1
6134,邦,3615,玛,1
6134,邦,6371,铯,1
6135,邪,2389,斜,1
6135,邪,4698,耶,1
6135,邪,6133,那,1
6135,邪,6150,邾,1
6136,邬,6146,邹,1
6137,邮,3526,犯,1
6137,邮,4825,腓,1
6137,邮,6147,邺,1
6138,邯,5028,茚,1
6138,邯,5301,虹,1
6140,邱,1674,幼,1
6140,邱,6145,邸,1
6143,邵,6154,郇,1
6144,邶,6147,邺,1
6146,邹,3905,皱,1
6146,邹,5836,走,1
6146,邹,6148,邻,1
6146,邹,6163,郚,1
6146,邹,6171,部,1
6146,邹,6833,驭,1
6147,邺,3393,烃,1
6148,邻,123,介,1
6148,邻,605,印,1
6148,邻,1745,弥,1
6150,邾,611,卸,1
6150,邾,4178,秆,1
6150,邾,6162,郗,1
6151,郁,6155,郈,1
6151,郁,6187,鄣,1
6151,郁,6666,静,1
6151,郁,6667,靛,1
6153,郅,6164,郛,1
6155,郈,6139,邰,1
6155,郈,6140,邱,1
6156,郊,1745,弥,1
6156,郊,4132,祁,1
6156,郊,6136,邬,1
6156,郊,6140,邱,1
6156,郊,6173,郭,1
6157,郎,607,即,1
6157,郎,2530,朗,1
6158,郏,6134,邦,1
6159,郐,753,命,1
6159,郐,6148,邻,1
6160,郑,87,井,1
6160,郑,4014,矩,1
6160,郑,6139,邰,1
6160,郑,6174,郯,1
6160,郑,6187,鄣,1
6163,郚,6167,郡,1
6164,郛,6168,郢,1
6164,郛,6173,郭,1
6165,郜,6146,邹,1
6166,郝,4683,耙,1
6166,郝,6177,都,1
6167,郡,1641,帚,1
6169,郦,42,丽,1
6170,郧,6155,郈,1
6170,郧,6174,郯,1
6170,郧,6184,鄙,1
6171,部,496,剖,1
6171,部,6152,郄,1
6171,部,6165,郜,1
6171,部,6942,鲃,1
6173,郭,6171,部,1
6174,郯,613,卻,1
6175,郴,1772,彬,1
6175,郴,2177,挪,1
6175,郴,6138,邯,1
6176,郸,6161,郓,1
6176,郸,6172,郫,1
6176,郸,6181,鄄,1
6177,都,608,却,1
6177,都,4012,知,1
6180,鄂,471,别,1
6182,鄌,1711,廊,1
6183,鄘,6182,鄌,1
6184,鄙,6154,郇,1
6184,鄙,6162,郗,1
6185,鄞,6181,鄄,1
6186,鄢,6164,郛,1
6189,鄱,6177,都,1
6190,鄹,4714,聚,1
6191,酃,6190,鄹,1
6195,酋,3441,煮,1
6195,酋,4964,芮,1
6195,酋,6193,酉,1
6196,酌,3762,畋,1
6196,酌,4023,矽,1
6197,配,5563,觋,1
6197,配,6204,酝,1
6200,酐,6194,酊,1
6201,酒,2965,汤,1
6201,酒,3125,涌,1
6201,酒,3150,涵,1
6201,酒,3187,渔,1
6201,酒,3209,湎,1
6201,酒,3984,瞄,1
6201,酒,6193,酉,1
6202,酗,6200,酐,1
6203,酚,4026,砀,1
6203,酚,7060,鹀,1
6204,酝,54,乎,1
6204,酝,6197,配,1
6205,酞,6209,酤,1
6205,酞,6210,酥,1
6206,酡,6199,酏,1
6210,酥,2655,株,1
6210,酥,5322,蚨,1
6210,酥,6200,酐,1
6211,酦,6223,酷,1
6212,酩,689,后,1
6213,酪,3246,溺,1
6213,酪,3303,潞,1
6213,酪,4063,硌,1
6213,酪,6223,酷,1
6213,酪,6856,骆,1
6215,酮,2525,朋,1
6218,酱,4361,篙,1
6219,酲,6237,醒,1
6220,酴,6203,酚,1
6220,酴,6210,酥,1
6220,酴,6225,酹,1
6221,酵,6230,醇,1
6222,酶,4062,硇,1
6223,酷,4249,窟,1
6223,酷,4926,艨,1
6223,酷,6203,酚,1
6223,酷,6204,酝,1
6223,酷,7052,鸸,1
6224,酸,3898,皎,1
6224,酸,6196,酌,1
6224,酸,6217,酰,1
6224,酸,6231,醉,1
6224,酸,6234,醍,1
6225,酹,6220,酴,1
6227,酾,4066,硒,1
6228,酿,3962,眼,1
6228,酿,6204,酝,1
6229,醅,6212,酩,1
6230,醇,6198,酎,1
6230,醇,6225,酹,1
6231,醉,4083,碎,1
6231,醉,5427,螳,1
6231,醉,6207,酢,1
6232,醋,6221,酵,1
6233,醌,6228,酿,1
6234,醍,6242,醪,1
6234,醍,6996,鳀,1
6237,醒,6212,酩,1
6237,醒,6233,醌,1
6237,醒,6236,醑,1
6238,醚,3718,瓞,1
6238,醚,6210,酥,1
6240,醢,937,嗵,1
6241,醣,6242,醪,1
6242,醪,334,僇,1
6242,醪,6246,醴,1
6243,醭,6244,醮,1
6244,醮,6207,酢,1
6245,醯,4073,硫,1
6250,采,199,余,1
6250,采,1669,年,1
6250,采,2052,手,1
6250,采,4436,系,1
6251,釉,4665,翻,1
6252,释,6013,辞,1
6253,里,726,呈,1
6253,里,3654,理,1
6253,里,7125,黑,1
6254,重,41,主,1
6254,重,108,亶,1
6254,重,2165,挛,1
6254,重,2515,更,1
6254,重,2628,柬,1
6254,重,3630,玺,1
6254,重,3740,生,1
6254,重,3892,皂,1
6255,野,2429,旴,1
6256,量,1132,堇,1
6256,量,2444,易,1
6256,量,4268,童,1
6256,量,5118,菌,1
6257,金,198,佘,1
6257,金,209,佥,1
6257,金,709,含,1
6257,金,1046,坌,1
6257,金,6935,鱼,1
6258,釜,4308,筌,1
6259,鉴,4322,筮,1
6259,鉴,4626,美,1
6259,鉴,6258,釜,1
6261,銎,6259,鉴,1
6266,鍠,4553,缇,1
6270,鏖,7107,麈,1
6273,钅,371,全,1
6273,钅,4890,舍,1
6273,钅,6780,饣,1
6276,针,4473,纴,1
6276,针,5473,衬,1
6276,针,5595,计,1
6276,针,6279,钋,1
6276,针,6346,铒,1
6277,钉,1673,幻,1
6277,钉,3609,玎,1
6277,钉,4463,纩,1
6279,钋,599,卦,1
6282,钎,6311,钭,1
6284,钐,6309,钫,1
6285,钒,4462,纨,1
6285,钒,5314,蚍,1
6285,钒,6781,饥,1
6286,钓,40,为,1
6286,钓,6285,钒,1
6289,钗,6361,铤,1
6291,钙,1947,惩,1
6291,钙,3615,玛,1
6291,钙,6280,钌,1
6291,钙,6398,锊,1
6291,钙,6407,锓,1
6292,钚,6277,钉,1
6292,钚,6280,钌,1
6292,钚,6316,钲,1
6293,钛,5962,轪,1
6293,钛,6281,钍,1
6293,钛,6310,钬,1
6295,钝,6294,钜,1
6295,钝,6315,钱,1
6295,钝,6319,钵,1
6296,钞,4142,祛,1
6297,钟,146,仲,1
6297,钟,412,冲,1
6297,钟,2389,斜,1
6297,钟,4489,绅,1
6297,钟,6330,铀,1
6298,钠,4477,纸,1
6298,钠,6286,钓,1
6298,钠,6330,铀,1
6298,钠,6392,锄,1
6299,钡,3537,狈,1
6299,钡,4491,织,1
6299,钡,4497,绍,1
6300,钢,6298,钠,1
6301,钣,3491,版,1
6301,钣,6788,饭,1
6302,钤,4358,篌,1
6302,钤,6366,铪,1
6303,钥,4471,纲,1
6303,钥,6285,钒,1
6303,钥,6298,钠,1
6303,钥,6320,钶,1
6303,钥,6329,钿,1
6304,钦,144,们,1
6304,钦,684,合,1
6304,钦,2844,欤,1
6304,钦,4491,织,1
6305,钧,1044,均,1
6305,钧,6290,钘,1
6306,钨,1057,坞,1
6306,钨,3051,泻,1
6306,钨,3615,玛,1
6306,钨,6420,锡,1
6306,钨,6461,镌,1
6306,钨,7037,鸨,1
6306,钨,7041,鸬,1
6306,钨,7057,鸽,1
6306,钨,7073,鹎,1
6307,钩,2994,沟,1
6307,钩,6303,钥,1
6307,钩,6329,钿,1
6309,钫,6284,钐,1
6309,钫,6293,钛,1
6309,钫,6308,钪,1
6309,钫,6318,钴,1
6310,钬,4180,秋,1
6310,钬,6274,钆,1
6310,钬,6331,铁,1
6312,钮,1260,妞,1
6312,钮,2442,明,1
6312,钮,4803,脓,1
6312,钮,6793,饲,1
6314,钰,6364,铨,1
6315,钱,1296,威,1
6315,钱,3088,浅,1
6315,钱,6297,钟,1
6316,钲,6313,钯,1
6317,钳,3739,甜,1
6317,钳,6318,钴,1
6318,钴,6325,钻,1
6318,钴,6394,锆,1
6319,钵,4269,竦,1
6319,钵,6282,钎,1
6319,钵,6322,钸,1
6319,钵,6350,铘,1
6319,钵,6365,铩,1
6320,钶,6353,铜,1
6323,钹,4486,绂,1
6323,钹,6301,钣,1
6324,钺,6348,铖,1
6325,钻,4263,站,1
6325,钻,6279,钋,1
6325,钻,6287,钔,1
6325,钻,6291,钙,1
6325,钻,6296,钞,1
6325,钻,6369,铭,1
6326,钼,628,厢,1
6326,钼,6327,钽,1
6326,钼,6329,钿,1
6327,钽,6440,锶,1
6328,钾,6297,钟,1
6329,钿,6327,钽,1
6329,钿,6330,铀,1
6330,铀,4490,细,1
6330,铀,6298,钠,1
6330,铀,6329,钿,1
6330,铀,6947,鲉,1
6331,铁,200,佚,1
6331,铁,2450,映,1
6331,铁,4191,秩,1
6331,铁,5623,诀,1
6331,铁,6310,钬,1
6331,铁,6361,铤,1
6331,铁,6362,铥,1
6331,铁,6786,饫,1
6332,铂,3021,泊,1
6332,铂,3060,洎,1
6332,铂,3632,珀,1
6332,铂,3726,瓴,1
6332,铂,4551,缅,1
6332,铂,6298,钠,1
6332,铂,6305,钧,1
6332,铂,6329,钿,1
6332,铂,6346,铒,1
6333,铃,3030,泛,1
6333,铃,3033,泠,1
6333,铃,4629,羚,1
6333,铃,6372,铰,1
6334,铄,6346,铒,1
6334,铄,6365,铩,1
6335,铅,3016,沿,1
6335,铅,4491,织,1
6335,铅,4500,绐,1
6335,铅,4508,给,1
6335,铅,6325,钻,1
6335,铅,6366,铪,1
6335,铅,6368,铬,1
6336,铆,6350,铘,1
6337,铈,6309,钫,1
6337,铈,6355,铞,1
6338,铉,6362,铥,1
6339,铊,6294,钜,1
6339,铊,6371,铯,1
6340,铋,6379,铷,1
6341,铌,6429,锪,1
6343,铎,6346,铒,1
6344,铐,4015,矫,1
6344,铐,4525,绪,1
6344,铐,6292,钚,1
6344,铐,6412,锘,1
6344,铐,6416,锜,1
6344,铐,6438,锴,1
6344,铐,6979,鲮,1
6345,铑,6351,铙,1
6347,铕,6322,钸,1
6347,铕,6388,销,1
6349,铗,6331,铁,1
6349,铗,6384,铼,1
6351,铙,6360,铣,1
6351,铙,6797,饶,1
6352,铛,4493,绉,1
6352,铛,5505,裆,1
6352,铛,6309,钫,1
6352,铛,6357,铠,1
6352,铛,6388,销,1
6352,铛,6398,锊,1
6352,铛,6414,锚,1
6352,铛,6467,镒,1
6353,铜,3067,洞,1
6353,铜,4538,绸,1
6353,铜,6300,钢,1
6353,铜,6317,钳,1
6353,铜,6403,锏,1
6353,铜,6421,锢,1
6353,铜,6793,饲,1
6354,铝,235,侣,1
6354,铝,4497,绍,1
6354,铝,4500,绐,1
6354,铝,4684,耜,1
6354,铝,6325,钻,1
6354,铝,6393,锅,1
6354,铝,6794,饳,1
6355,铞,6431,锬,1
6356,铟,6421,锢,1
6358,铡,3094,测,1
6358,铡,4471,纲,1
6358,铡,6409,锕,1
6359,铢,5974,轶,1
6359,铢,6319,钵,1
6359,铢,6331,铁,1
6359,铢,6384,铼,1
6359,铢,6418,锞,1
6360,铣,1213,失,1
6360,铣,3063,洗,1
6360,铣,4474,纵,1
6360,铣,4507,绘,1
6360,铣,6349,铗,1
6360,铣,6351,铙,1
6362,铥,6338,铉,1
6362,铥,6361,铤,1
6364,铨,6366,铪,1
6366,铪,4508,给,1
6366,铪,6333,铃,1
6366,铪,6335,铅,1
6368,铬,688,名,1
6368,铬,6366,铪,1
6369,铭,5757,貉,1
6369,铭,5882,路,1
6369,铭,5986,辂,1
6369,铭,6325,钻,1
6370,铮,6400,锌,1
6370,铮,6405,锑,1
6370,铮,6666,静,1
6371,铯,6370,铮,1
6372,铰,241,侪,1
6372,铰,3785,疑,1
6372,铰,5349,蛟,1
6372,铰,5877,跤,1
6372,铰,5987,较,1
6372,铰,6038,这,1
6372,铰,6306,钨,1
6372,铰,6333,铃,1
6372,铰,6340,铋,1
6372,铰,6352,铛,1
6372,铰,6375,铳,1
6373,铱,233,依,1
6373,铱,2979,沃,1
6373,铱,6292,钚,1
6373,铱,6301,钣,1
6373,铱,6360,铣,1
6373,铱,6375,铳,1
6373,铱,6448,锿,1
6373,铱,6468,镓,1
6373,铱,6802,饻,1
6374,铲,3098,浐,1
6374,铲,4463,纩,1
6374,铲,6284,钐,1
6374,铲,6291,钙,1
6374,铲,6400,锌,1
6374,铲,6463,镎,1
6375,铳,6345,铑,1
6375,铳,6371,铯,1
6375,铳,6401,锍,1
6377,铵,6451,镂,1
6378,银,5875,跟,1
6378,银,6285,钒,1
6378,银,6419,锟,1
6380,铸,4487,练,1
6380,铸,5645,诗,1
6380,铸,6410,锖,1
6380,铸,6471,镖,1
6381,铹,6291,钙,1
6382,铺,3112,浦,1
6382,铺,6388,销,1
6383,铻,6320,钶,1
6383,铻,6380,铸,1
6385,铽,6324,钺,1
6386,链,3135,涟,1
6386,链,6361,铤,1
6386,链,6967,鲢,1
6388,销,3091,浈,1
6388,销,4525,绪,1
6388,销,4556,缋,1
6388,销,6332,铂,1
6388,销,6810,馅,1
6389,锁,1780,彼,1
6389,锁,5665,诬,1
6389,锁,6342,铍,1
6389,锁,6376,铴,1
6389,锁,6404,锐,1
6389,锁,6453,镄,1
6389,锁,6456,镇,1
6389,锁,6460,镋,1
6389,锁,6469,镔,1
6389,锁,6729,颅,1
6390,锂,6440,锶,1
6390,锂,6469,镔,1
6392,锄,4554,缈,1
6392,锄,6326,钼,1
6393,锅,266,俩,1
6393,锅,3137,涡,1
6393,锅,4270,竭,1
6393,锅,4517,绢,1
6393,锅,4576,缡,1
6393,锅,6298,钠,1
6393,锅,6813,馈,1
6395,锇,6324,钺,1
6395,锇,6367,铫,1
6396,锈,5651,话,1
6396,锈,5670,诱,1
6396,锈,6410,锖,1
6396,锈,6461,镌,1
6397,锉,228,侏,1
6397,锉,4469,纰,1
6397,锉,4473,纴,1
6397,锉,6387,铿,1
6398,锊,4892,舒,1
6399,锋,4498,绎,1
6399,锋,6364,铨,1
6399,锋,6806,馀,1
6400,锌,1788,徉,1
6400,锌,4463,纩,1
6400,锌,4585,缪,1
6400,锌,6013,辞,1
6400,锌,6374,铲,1
6400,锌,6398,锊,1
6401,锍,6784,饩,1
6402,锎,6353,铜,1
6402,锎,6488,镧,1
6404,锐,4144,祝,1
6404,锐,6477,镜,1
6404,锐,6797,饶,1
6405,锑,2139,拦,1
6405,锑,4523,绨,1
6405,锑,4564,缔,1
6405,锑,6365,铩,1
6408,锔,4602,罅,1
6408,锔,6287,钔,1
6408,锔,6434,锯,1
6411,锗,4525,绪,1
6411,锗,6383,铻,1
6411,锗,6412,锘,1
6411,锗,6430,锫,1
6412,锘,6362,铥,1
6412,锘,6394,锆,1
6413,错,2231,措,1
6413,错,2286,搭,1
6413,错,4565,缕,1
6413,错,6332,铂,1
6413,错,6345,铑,1
6413,错,6381,铹,1
6413,错,6394,锆,1
6413,错,6410,锖,1
6413,错,6412,锘,1
6413,错,6414,锚,1
6413,错,6438,锴,1
6413,错,6457,镈,1
6414,锚,6352,铛,1
6414,锚,6382,铺,1
6414,锚,6394,锆,1
6414,锚,6478,镝,1
6417,锝,6420,锡,1
6419,锟,2921,氓,1
6419,锟,6313,钯,1
6420,锡,6355,铞,1
6420,锡,6495,镯,1
6420,锡,6782,饧,1
6421,锢,6356,铟,1
6422,锣,1778,役,1
6422,锣,4581,缦,1
6422,锣,6246,醴,1
6422,锣,6342,铍,1
6422,锣,6393,锅,1
6422,锣,6446,锼,1
6422,锣,6491,镪,1
6422,锣,6493,镬,1
6423,锤,5909,踵,1
6423,锤,6362,铥,1
6423,锤,6391,锃,1
6423,锤,6442,锸,1
6424,锥,4500,绐,1
6424,锥,6361,铤,1
6424,锥,6369,铭,1
6425,锦,6337,铈,1
6425,锦,7004,鳈,1
6426,锧,1801,循,1
6427,锨,311,做,1
6429,锪,6369,铭,1
6429,锪,6440,锶,1
6430,锫,6383,铻,1
6430,锫,6394,锆,1
6432,锭,1749,弪,1
6432,锭,1780,彼,1
6432,锭,6342,铍,1
6432,锭,6372,铰,1
6433,键,2913,毽,1
6433,键,3658,琎,1
6433,键,6386,链,1
6433,键,6459,镊,1
6434,锯,3661,琚,1
6434,锯,5899,踞,1
6434,锯,6444,锺,1
6435,锰,6423,锤,1
6438,锴,6413,错,1
6439,锵,6388,销,1
6440,锶,6354,铝,1
6440,锶,6429,锪,1
6441,锷,6422,锣,1
6442,锸,3691,瑭,1
6442,锸,6478,镝,1
6443,锹,3985,瞅,1
6443,锹,4529,绯,1
6443,锹,4559,缎,1
6443,锹,6379,铷,1
6445,锻,6301,钣,1
6445,锻,6427,锨,1
6446,锼,6342,铍,1
6447,锾,6445,锻,1
6449,镀,5908,踱,1
6449,镀,6361,铤,1
6449,镀,6426,锧,1
6449,镀,6979,鲮,1
6450,镁,6384,铼,1
6450,镁,6391,锃,1
6450,镁,6405,锑,1
6450,镁,6485,镤,1
6455,镆,6818,馍,1
6456,镇,1805,德,1
6456,镇,3252,滇,1
6456,镇,6421,锢,1
6456,镇,6437,锲,1
6456,镇,6462,镍,1
6457,镈,6382,铺,1
6457,镈,6488,镧,1
6459,镊,4546,缀,1
6460,镋,6477,镜,1
6462,镍,4521,绦,1
6462,镍,4580,缥,1
6462,镍,5385,蜱,1
6462,镍,6337,铈,1
6462,镍,6390,锂,1
6464,镏,6495,镯,1
6465,镐,3521,犒,1
6465,镐,4219,稿,1
6465,镐,4574,缟,1
6465,镐,4576,缡,1
6465,镐,6291,钙,1
6465,镐,6416,锜,1
6465,镐,6449,镀,1
6465,镐,6458,镉,1
6465,镐,6476,镛,1
6465,镐,6810,馅,1
6466,镑,3250,滂,1
6466,镑,4504,绔,1
6466,镑,6282,钎,1
6466,镑,6370,铮,1
6467,镒,6492,镫,1
6469,镔,6432,锭,1
6470,镕,3450,熔,1
6470,镕,6412,锘,1
6473,镘,4581,缦,1
6473,镘,6446,锼,1
6473,镘,6822,馒,1
6474,镙,6420,锡,1
6477,镜,4144,祝,1
6477,镜,4368,篪,1
6477,镜,4514,统,1
6477,镜,6338,铉,1
6477,镜,6404,锐,1
6477,镜,6455,镆,1
6477,镜,6986,鲵,1
6480,镟,6479,镞,1
6482,镡,6471,镖,1
6484,镣,963,嘹,1
6484,镣,2139,拦,1
6485,镤,6451,镂,1
6487,镦,2368,敛,1
6491,镪,6423,锤,1
6494,镭,4535,绵,1
6494,镭,5990,辆,1
6494,镭,6414,锚,1
6494,镭,6458,镉,1
6494,镭,6464,镏,1
6494,镭,6476,镛,1
6494,镭,6811,馆,1
6495,镯,6474,镙,1
6496,镰,283,倔,1
6496,镰,3332,濂,1
6496,镰,3863,瘥,1
6496,镰,4542,综,1
6497,镱,6451,镂,1
6498,镲,6496,镰,1
6498,镲,6801,饺,1
6499,镳,6497,镱,1
6500,镴,5948,躐,1
6502,镶,1183,壤,1
6502,镶,4563,缓,1
6502,镶,6461,镌,1
6503,长,363,兑,1
6503,长,1210,夭,1
6503,长,1253,妊,1
6503,长,2350,支,1
6503,长,3524,犬,1
6504,门,372,八,1
6504,门,617,厅,1
6504,门,1397,宀,1
6504,门,1607,川,1
6506,闪,19,丙,1
6506,闪,392,冈,1
6506,闪,1607,川,1
6506,闪,2952,汉,1
6506,闪,6509,问,1
6506,闪,6518,闷,1
6508,闭,598,卤,1
6508,闭,6544,阑,1
6509,问,687,同,1
6509,问,2522,月,1
6509,问,6506,闪,1
6510,闯,1002,囝,1
6510,闯,3009,河,1
6510,闯,6508,闭,1
6510,闯,6526,闿,1
6511,闰,433,凤,1
6511,闰,1017,国,1
6511,闰,6521,闺,1
6512,闱,6520,闹,1
6514,闳,6517,闶,1
6514,闳,6521,闺,1
6514,闳,6529,阂,1
6515,间,3056,洄,1
6515,间,3434,煎,1
6515,间,5626,诃,1
6515,间,6510,闯,1
6515,间,6511,闰,1
6515,间,6525,闾,1
6517,闶,6520,闹,1
6518,闷,687,同,1
6518,闷,2420,旧,1
6518,闷,6506,闪,1
6518,闷,6515,间,1
6518,闷,6527,阀,1
6519,闸,3744,甪,1
6520,闹,6512,闱,1
6520,闹,6544,阑,1
6520,闹,6552,阚,1
6521,闺,1013,围,1
6521,闺,6068,逊,1
6521,闺,6512,闱,1
6521,闺,6517,闶,1
6521,闺,6526,闿,1
6521,闺,6532,阅,1
6522,闻,1019,囿,1
6522,闻,6511,闰,1
6522,闻,6524,闽,1
6522,闻,6540,阍,1
6522,闻,6549,阗,1
6524,闽,1013,围,1
6524,闽,6511,闰,1
6524,闽,6532,阅,1
6525,闾,5635,词,1
6525,闾,6507,闫,1
6525,闾,6528,阁,1
6525,闾,6532,阅,1
6527,阀,1412,宙,1
6527,阀,3057,洇,1
6527,阀,6508,闭,1
6527,阀,6513,闲,1
6527,阀,6551,阙,1
6528,阁,3163,淘,1
6528,阁,6534,阇,1
6528,阁,6540,阍,1
6528,阁,6541,阎,1
6529,阂,6517,闶,1
6529,阂,6524,闽,1
6531,阄,6538,阋,1
6531,阄,6543,阐,1
6532,阅,687,同,1
6532,阅,1010,园,1
6532,阅,3039,泪,1
6532,阅,3228,溉,1
6532,阅,4724,肉,1
6532,阅,6524,闽,1
6532,阅,6525,闾,1
6532,阅,6526,闿,1
6532,阅,6529,阂,1
6533,阆,6525,闾,1
6533,阆,6532,阅,1
6533,阆,6535,阈,1
6535,阈,6513,闲,1
6535,阈,6527,阀,1
6536,阉,6532,阅,1
6538,阋,6531,阄,1
6538,阋,6532,阅,1
6539,阌,6516,闵,1
6539,阌,6528,阁,1
6541,阎,6537,阊,1
6541,阎,6544,阑,1
6543,阐,6519,闸,1
6543,阐,6520,闹,1
6543,阐,6527,阀,1
6544,阑,4605,罔,1
6544,阑,6510,闯,1
6544,阑,6520,闹,1
6544,阑,6522,闻,1
6544,阑,6524,闽,1
6544,阑,6531,阄,1
6544,阑,6543,阐,1
6545,阒,6549,阗,1
6546,阔,3141,润,1
6546,阔,5317,蚜,1
6546,阔,5688,调,1
6546,阔,6518,闷,1
6546,阔,6519,闸,1
6546,阔,6525,闾,1
6546,阔,6547,阕,1
6546,阔,6597,陶,1
6546,阔,6793,饲,1
6547,阕,6527,阀,1
6548,阖,556,匐,1
6548,阖,6521,闺,1
6549,阗,6532,阅,1
6549,阗,6540,阍,1
6552,阚,6542,阏,1
6553,阜,77,争,1
6553,阜,106,亳,1
6553,阜,2422,早,1
6553,阜,6616,隼,1
6553,阜,6673,革,1
6554,阝,46,乃,1
6554,阝,1483,尸,1
6559,阮,711,吭,1
6559,阮,3622,玩,1
6559,阮,6557,阢,1
6561,防,6555,队,1
6561,防,6568,阽,1
6561,防,6569,阿,1
6561,防,6585,陟,1
6562,阳,5944,躁,1
6562,阳,6569,阿,1
6562,阳,6579,陌,1
6563,阴,2442,明,1
6563,阴,2525,朋,1
6564,阵,6573,际,1
6564,阵,6583,陕,1
6565,阶,2044,所,1
6565,阶,6580,降,1
6566,阻,754,咀,1
6566,阻,3646,珧,1
6566,阻,6563,阴,1
6567,阼,2453,昨,1
6569,阿,3633,珂,1
6570,陀,6561,防,1
6570,陀,6589,陧,1
6571,陂,6581,限,1
6572,附,6569,阿,1
6573,际,4314,策,1
6573,际,6564,阵,1
6573,际,6572,附,1
6573,际,6574,陆,1
6574,陆,6571,陂,1
6575,陇,2461,昽,1
6575,陇,3048,泷,1
6575,陇,3640,珑,1
6576,陈,6573,际,1
6576,陈,6588,除,1
6578,陋,3383,炳,1
6578,陋,6579,陌,1
6578,陋,6604,随,1
6579,陌,6578,陋,1
6580,降,3172,淬,1
6580,降,6600,隆,1
6581,限,800,哏,1
6584,陛,3016,沿,1
6585,陟,6586,陡,1
6586,陡,1793,徒,1
6586,陡,6067,选,1
6586,陡,6583,陕,1
6586,陡,6585,陟,1
6586,陡,6590,陨,1
6587,院,772,咤,1
6587,院,3110,浣,1
6587,院,3411,烷,1
6587,院,3901,皖,1
6587,院,6559,阮,1
6587,院,6570,陀,1
6587,院,6605,隐,1
6588,除,3249,滁,1
6588,除,3671,琮,1
6588,除,6573,际,1
6588,除,6574,陆,1
6588,除,6576,陈,1
6588,除,7034,鸤,1
6590,陨,354,允,1
6590,陨,2197,损,1
6590,陨,6561,防,1
6590,陨,6715,顷,1
6591,险,268,俭,1
6591,险,1560,峪,1
6591,险,2198,捡,1
6591,险,3406,烩,1
6591,险,3968,睑,1
6591,险,6573,际,1
6591,险,6577,陉,1
6592,陪,2497,暗,1
6592,陪,3146,涫,1
6592,陪,3423,焙,1
6592,陪,4818,腈,1
6594,陲,3314,潼,1
6596,陵,836,唛,1
6596,陵,4809,脧,1
6596,陵,5706,谖,1
6596,陵,6571,陂,1
6597,陶,861,啕,1
6597,陶,1017,国,1
6597,陶,2219,掏,1
6597,陶,4605,罔,1
6597,陶,6522,闻,1
6597,陶,6605,隐,1
6598,陷,6597,陶,1
6599,隅,883,喁,1
6599,隅,4814,脶,1
6600,隆,5508,裎,1
6600,隆,6580,降,1
6601,隈,6581,限,1
6603,隍,6600,隆,1
6604,随,930,嗨,1
6604,随,6578,陋,1
6604,随,6602,隋,1
6605,隐,6587,院,1
6605,隐,6588,除,1
6605,隐,6607,隗,1
6605,隐,6802,饻,1
6606,隔,6598,陷,1
6608,隘,914,嗌,1
6608,隘,3235,溢,1
6609,隙,2489,晾,1
6609,隙,5904,踪,1
6609,隙,6588,除,1
6609,隙,6592,陪,1
6609,隙,6610,障,1
6610,障,6556,阡,1
6610,障,6580,降,1
6611,隧,6578,陋,1
6613,隳,4446,綮,1
6614,隶,3089,浆,1
6614,隶,4179,秉,1
6614,隶,4391,米,1
6614,隶,4718,聿,1
6615,隹,204,佞,1
6616,隼,6623,集,1
6618,难,754,咀,1
6618,难,846,唯,1
6618,难,997,囊,1
6618,难,1280,姓,1
6618,难,1899,恺,1
6618,难,4085,碓,1
6618,难,6125,邓,1
6618,难,6626,雌,1
6619,雀,360,光,1
6619,雀,1201,夜,1
6619,雀,3938,省,1
6619,雀,5147,萑,1
6619,雀,6624,雇,1
6620,雁,1253,妊,1
6620,雁,4085,碓,1
6620,雁,6374,铲,1
6620,雁,6621,雄,1
6621,雄,1131,堆,1
6621,雄,6626,雌,1
6622,雅,2229,推,1
6622,雅,2739,椎,1
6623,集,1794,徕,1
6623,集,3192,渠,1
6623,集,6250,采,1
6623,集,6616,隼,1
6624,雇,330,催,1
6624,雇,3173,淮,1
6624,雇,5289,虎,1
6624,雇,6620,雁,1
6626,雌,1538,岭,1
6626,雌,6625,雉,1
6627,雍,4575,缠,1
6628,雎,3696,璀,1
6628,雎,3969,睚,1
6629,雏,2410,旌,1
6629,雏,3299,潍,1
6629,雏,3436,煞,1
6629,雏,6621,雄,1
6629,雏,6625,雉,1
6629,雏,6628,雎,1
6630,雒,6629,雏,1
6631,雕,1651,帷,1
6631,雕,3333,濉,1
6631,雕,3972,睢,1
6631,雕,4902,航,1
6631,雕,6244,醮,1
6633,雨,42,丽,1
6633,雨,3746,甬,1
6633,雨,4724,肉,1
6634,雩,6638,零,1
6635,雪,52,乌,1
6635,雪,1759,当,1
6635,雪,6634,雩,1
6635,雪,6638,零,1
6637,雳,1642,帛,1
6637,雳,6634,雩,1
6637,雳,6918,鬲,1
6638,零,2515,更,1
6638,零,3983,瞀,1
6640,雹,1623,巷,1
6640,雹,7050,鸶,1
6641,雾,4175,秀,1
6641,雾,6637,雳,1
6641,雾,6638,零,1
6641,雾,6643,霁,1
6642,需,2444,易,1
6642,需,3338,濡,1
6642,需,6637,雳,1
6642,需,6639,雷,1
6644,霄,5003,苫,1
6644,霄,6646,震,1
6645,霆,6638,零,1
6646,震,1848,怎,1
6648,霉,5552,覃,1
6648,霉,6639,雷,1
6648,霉,6644,霄,1
6648,霉,6650,霎,1
6649,霍,994,嚯,1
6649,霍,6254,重,1
6649,霍,6619,雀,1
6650,霎,1430,宴,1
6650,霎,2029,戛,1
6650,霎,6636,雯,1
6651,霏,4615,罪,1
6652,霓,362,免,1
6653,霖,6654,霜,1
6654,霜,6660,霸,1
6655,霞,6658,霰,1
6658,霰,6655,霞,1
6659,露,3813,疼,1
6660,霸,5195,蒴,1
6662,霾,6643,霁,1
6663,青,2573,杳,1
6663,青,4960,芪,1
6663,青,5767,责,1
6665,靖,3180,清,1
6665,靖,4271,端,1
6665,靖,4525,绪,1
6665,靖,4574,缟,1
6666,静,4717,聱,1
6666,静,5578,觯,1
6667,靛,6728,预,1
6668,非,661,叩,1
6668,非,1847,怍,1
6668,非,2117,拈,1
6668,非,2120,拌,1
6668,非,3385,炸,1
6668,非,4399,粕,1
6668,非,5133,菲,1
6669,靠,3402,烤,1
6669,靠,4436,系,1
6670,靡,4429,糜,1
6671,面,664,召,1
6671,面,3891,百,1
6671,面,4674,而,1
6671,面,5457,血,1
6671,面,5550,西,1
6671,面,6928,魇,1
6673,革,4699,耷,1
6673,革,4938,节,1
6673,革,4941,芊,1
6673,革,4942,芋,1
6673,革,4948,芗,1
6673,革,5066,荣,1
6674,靰,4744,肮,1
6675,靳,5128,菥,1
6675,靳,5248,蕲,1
6676,靴,6675,靳,1
6677,靶,6674,靰,1
6682,靿,543,勤,1
6683,鞁,6675,靳,1
6684,鞅,4190,秧,1
6685,鞋,583,协,1
6685,鞋,2157,挂,1
6685,鞋,5982,轾,1
6686,鞍,2855,歉,1
6686,鞍,6330,铀,1
6686,鞍,6699,鞲,1
6688,鞒,6185,鄞,1
6690,鞘,6675,靳,1
6691,鞠,5963,轫,1
6691,鞠,5984,辀,1
6691,鞠,6696,鞫,1
6695,鞨,3573,猖,1
6696,鞫,6691,鞠,1
6698,鞯,6690,鞘,1
6699,鞲,6995,鲾,1
6700,鞴,6694,鞧,1
6700,鞴,6695,鞨,1
6702,韦,34,丰,1
6702,韦,35,串,1
6702,韦,69,书,1
6702,韦,1215,夷,1
6702,韦,1740,弗,1
6702,韦,2948,求,1
6707,韫,2265,揾,1
6709,韭,1926,悲,1
6709,韭,3612,玖,1
6709,韭,5133,菲,1
6709,韭,6668,非,1
6710,音,722,吾,1
6710,音,2445,昔,1
6710,音,2465,晋,1
6710,音,5581,言,1
6711,韵,4133,祃,1
6711,韵,5753,豹,1
6711,韵,6305,钧,1
6713,页,361,克,1
6713,页,736,员,1
6713,页,2840,欠,1
6713,页,5765,贡,1
6714,顶,1494,屃,1
6714,顶,2168,挟,1
6715,顷,1040,圻,1
6715,顷,1048,坎,1
6716,顸,6728,预,1
6717,项,2841,次,1
6718,顺,1631,师,1
6718,顺,2432,旸,1
6718,顺,6715,顷,1
6718,顺,6726,颂,1
6719,须,1780,彼,1
6719,须,4478,纹,1
6719,须,6789,饮,1
6721,顽,1745,弥,1
6721,顽,4067,硕,1
6722,顾,2845,欧,1
6722,顾,6590,陨,1
6722,顾,6715,顷,1
6723,顿,6715,顷,1
6724,颀,303,倾,1
6725,颁,2844,欤,1
6725,颁,6304,钦,1
6725,颁,6724,颀,1
6725,颁,6736,颌,1
6726,颂,6715,顷,1
6726,颂,6719,须,1
6727,颃,6078,通,1
6727,颃,6719,须,1
6728,预,5215,蓣,1
6728,预,6565,阶,1
6728,预,6716,顸,1
6729,颅,6719,须,1
6729,颅,6725,颁,1
6730,领,2368,敛,1
6730,领,6304,钦,1
6730,领,6725,颁,1
6730,领,6726,颂,1
6730,领,6732,颈,1
6730,领,6742,颔,1
6730,领,6789,饮,1
6732,颈,1745,弥,1
6732,颈,6720,顼,1
6732,颈,6730,领,1
6734,颊,2842,欢,1
6734,颊,3403,烦,1
6734,颊,4681,耗,1
6736,颌,4067,硕,1
6736,颌,6726,颂,1
6736,颌,6730,领,1
6736,颌,6742,颔,1
6739,颐,4873,臣,1
6740,频,1586,嵌,1
6740,频,1603,巅,1
6740,频,5558,视,1
6740,频,6375,铳,1
6741,颓,6427,锨,1
6741,颓,6730,领,1
6742,颔,6730,领,1
6743,颖,2848,欸,1
6743,颖,3785,疑,1
6743,颖,4378,簌,1
6744,颗,6746,颙,1
6744,颗,6757,颥,1
6745,题,560,匙,1
6745,题,6746,颙,1
6747,颚,6180,鄂,1
6747,颚,6634,雩,1
6748,颛,6740,频,1
6749,颜,2853,歆,1
6749,颜,6721,顽,1
6749,颜,6727,颃,1
6749,颜,6738,颏,1
6750,额,1714,廒,1
6750,额,2846,欲,1
6750,额,5759,貌,1
6750,额,6304,钦,1
6750,额,6748,颛,1
6750,额,6749,颜,1
6753,颠,6759,颧,1
6755,颢,1775,影,1
6759,颧,630,厥,1
6759,颧,5215,蓣,1
6759,颧,5222,蔌,1
6760,风,432,凡,1
6760,风,3743,甩,1
6760,风,6257,金,1
6763,飒,531,劾,1
6763,飒,4039,砜,1
6763,飒,4471,纲,1
6763,飒,4474,纵,1
6763,飒,4646,翊,1
6765,飔,6764,飓,1
6768,飘,1391,孰,1
6768,飘,3720,瓢,1
6770,飚,872,啮,1
6771,飞,646,反,1
6771,飞,2859,正,1
6772,食,371,全,1
6772,食,1833,念,1
6772,食,1838,忿,1
6772,食,3382,炱,1
6773,飧,704,吣,1
6774,飨,2409,旋,1
6774,飨,4534,维,1
6776,餐,6777,餮,1
6778,饔,5096,莨,1
6778,饔,5531,褒,1
6779,饕,6658,霰,1
6779,饕,7144,鼍,1
6780,饣,30,个,1
6780,饣,551,包,1
6781,饥,4129,礼,1
6781,饥,6285,钒,1
6787,饬,6784,饩,1
6788,饭,1043,坂,1
6789,饮,168,伞,1
6789,饮,206,你,1
6789,饮,833,唐,1
6789,饮,5308,蚀,1
6789,饮,6304,钦,1
6789,饮,6788,饭,1
6789,饮,6792,饱,1
6790,饯,3088,浅,1
6790,饯,5792,贼,1
6790,饯,6351,铙,1
6790,饯,6783,饨,1
6790,饯,6797,饶,1
6791,饰,4307,筋,1
6791,饰,4317,筛,1
6792,饱,6795,饴,1
6792,饱,6951,鲍,1
6793,饲,747,呵,1
6793,饲,4013,矧,1
6793,饲,4465,纫,1
6793,饲,4509,绚,1
6793,饲,5626,诃,1
6793,饲,6514,闳,1
6794,饳,5308,蚀,1
6796,饵,3075,洱,1
6796,饵,4509,绚,1
6796,饵,6569,阿,1
6797,饶,236,侥,1
6797,饶,1149,塃,1
6797,饶,5886,跷,1
6797,饶,6800,饹,1
6800,饹,5879,跪,1
6801,饺,219,佼,1
6801,饺,5863,跋,1
6801,饺,6375,铳,1
6801,饺,6719,须,1
6801,饺,6784,饩,1
6803,饼,6791,饰,1
6805,饿,4072,硪,1
6805,饿,6423,锤,1
6806,馀,4521,绦,1
6806,馀,5806,赊,1
6806,馀,6365,铩,1
6806,馀,6463,镎,1
6807,馁,4520,绥,1
6807,馁,6801,饺,1
6808,馃,6418,锞,1
6809,馄,6419,锟,1
6810,馅,6598,陷,1
6810,馅,6795,饴,1
6810,馅,6806,馀,1
6810,馅,6819,馏,1
6811,馆,5308,蚀,1
6812,馇,904,喳,1
6813,馈,4556,缋,1
6813,馈,6592,陪,1
6816,馋,333,傻,1
6816,馋,1657,幄,1
6817,馌,5308,蚀,1
6818,馍,919,嗔,1
6818,馍,4505,绕,1
6818,馍,6812,馇,1
6819,馏,3232,溜,1
6819,馏,4121,礌,1
6819,馏,4547,缁,1
6819,馏,5927,蹓,1
6819,馏,6814,馉,1
6822,馒,1660,幔,1
6822,馒,1985,慢,1
6822,馒,6813,馈,1
6822,馒,6815,馊,1
6826,首,2445,昔,1
6826,首,3746,甬,1
6826,首,3891,百,1
6826,首,3932,盲,1
6826,首,4616,置,1
6826,首,4727,肓,1
6826,首,5146,萏,1
6826,首,5634,诌,1
6829,香,14,专,1
6829,香,727,告,1
6829,香,2554,杏,1
6829,香,2626,查,1
6829,香,3773,番,1
6829,香,4175,秀,1
6829,香,5353,蛮,1
6829,香,6254,重,1
6832,马,52,乌,1
6832,马,1759,当,1
6832,马,2920,民,1
6832,马,3891,百,1
6833,驭,2359,故,1
6834,驮,2468,晒,1
6835,驯,5606,训,1
6837,驱,2997,沤,1
6837,驱,5954,躯,1
6838,驳,1380,孜,1
6839,驴,1255,妒,1
6840,驵,2869,殂,1
6842,驷,6840,驵,1
6843,驸,6572,附,1
6846,驻,1746,弦,1
6846,驻,5996,辌,1
6846,驻,6847,驼,1
6846,驻,6868,骓,1
6847,驼,6839,驴,1
6847,驼,6851,骀,1
6852,骁,1300,娆,1
6853,骂,697,吗,1
6853,骂,1386,孥,1
6853,骂,7050,鸶,1
6854,骄,6866,骑,1
6856,骆,3169,淤,1
6856,骆,4063,硌,1
6856,骆,6845,驺,1
6857,骇,1746,弦,1
6858,骈,4578,缣,1
6860,骋,6441,锷,1
6860,骋,6863,骎,1
6861,验,1749,弪,1
6861,验,2871,殄,1
6861,验,2879,殓,1
6861,验,4779,胫,1
6861,验,6837,驱,1
6861,验,6846,驻,1
6861,验,6869,骖,1
6862,骍,6855,骅,1
6862,骍,6858,骈,1
6863,骎,3472,燹,1
6863,骎,6224,酸,1
6863,骎,6880,骡,1
6864,骏,1202,够,1
6864,骏,1746,弦,1
6864,骏,3563,狻,1
6864,骏,6857,骇,1
6866,骑,6255,野,1
6866,骑,6845,驺,1
6868,骓,6622,雅,1
6870,骗,1395,孺,1
6870,骗,3520,犏,1
6870,骗,4094,碥,1
6870,骗,6878,骟,1
6877,骞,5919,蹇,1
6878,骟,6870,骗,1
6880,骡,6867,骒,1
6880,骡,6883,骤,1
6880,骡,7015,鳔,1
6883,骤,6867,骒,1
6886,骨,2441,昌,1
6886,骨,4850,膏,1
6886,骨,4993,苛,1
6886,骨,6940,鲁,1
6889,骶,5905,踬,1
6891,骸,6887,骰,1
6891,骸,6899,髌,1
6893,骼,6212,酩,1
6893,骼,6631,雕,1
6895,髁,6894,髀,1
6896,髂,3973,督,1
6896,髂,6893,骼,1
6896,髂,6897,髅,1
6897,髅,7064,鹄,1
6899,髌,6898,髋,1
6902,高,101,享,1
6902,高,4631,羞,1
6902,高,4747,育,1
6902,高,6663,青,1
6907,髭,6745,题,1
6907,髭,6905,髦,1
6911,鬃,6914,鬓,1
6912,鬈,6906,髫,1
6914,鬓,6911,鬃,1
6915,鬟,4714,聚,1
6916,鬣,6915,鬟,1
6917,鬯,440,凶,1
6921,鬼,273,俵,1
6921,鬼,535,勉,1
6923,魂,3120,浼,1
6923,魂,3692,瑰,1
6923,魂,4475,纶,1
6923,魂,5687,谂,1
6924,魃,6926,魅,1
6925,魄,3974,睥,1
6925,魄,7052,鸸,1
6928,魇,1703,庵,1
6930,魉,6578,陋,1
6932,魏,1341,媳,1
6932,魏,1605,巍,1
6932,魏,2672,桉,1
6932,魏,2794,槐,1
6932,魏,5994,辊,1
6934,魔,7104,鹿,1
6934,魔,7105,麂,1
6935,鱼,23,丝,1
6935,鱼,598,卤,1
6935,鱼,6051,迫,1
6935,鱼,6671,面,1
6937,鱾,6942,鲃,1
6940,鲁,387,兽,1
6941,鲂,538,勐,1
6941,鲂,6945,鲇,1
6943,鲅,6979,鲮,1
6945,鲇,6941,鲂,1
6945,鲇,6954,鲐,1
6946,鲈,4463,纩,1
6946,鲈,6839,驴,1
6947,鲉,5327,蚰,1
6949,鲋,5870,跗,1
6950,鲌,6949,鲋,1
6951,鲍,4042,砣,1
6951,鲍,4475,纶,1
6951,鲍,5868,跑,1
6951,鲍,6950,鲌,1
6953,鲏,3905,皱,1
6954,鲐,6945,鲇,1
6956,鲒,6955,鲑,1
6960,鲚,4212,稣,1
6961,鲛,7003,鳇,1
6962,鲜,4494,绊,1
6962,鲜,6955,鲑,1
6966,鲡,6227,酾,1
6968,鲣,6390,锂,1
6968,鲣,6994,鲽,1
6969,鲤,726,呈,1
6969,鲤,5478,衽,1
6969,鲤,6968,鲣,1
6969,鲤,6996,鳀,1
6970,鲥,6949,鲋,1
6971,鲦,6968,鲣,1
6972,鲧,4395,籽,1
6973,鲨,1475,尝,1
6973,鲨,4376,簉,1
6974,鲩,6746,颙,1
6974,鲩,6986,鲵,1
6976,鲫,6946,鲈,1
6976,鲫,6958,鲕,1
6976,鲫,6960,鲚,1
6977,鲬,6957,鲔,1
6978,鲭,5409,蝽,1
6980,鲯,6965,鲠,1
6983,鲲,5543,襁,1
6987,鲶,5891,跽,1
6988,鲷,4538,绸,1
6988,鲷,5383,蜩,1
6988,鲷,6985,鲴,1
6989,鲸,4212,稣,1
6989,鲸,6280,钌,1
6989,鲸,6959,鲙,1
6989,鲸,6964,鲟,1
6989,鲸,7013,鳑,1
6989,鲸,7025,鳟,1
6991,鲺,5458,衄,1
6995,鲾,505,副,1
6997,鳁,6984,鲳,1
6998,鳂,4553,缇,1
6999,鳃,6429,锪,1
6999,鳃,6942,鲃,1
6999,鳃,6998,鳂,1
7000,鳄,4585,缪,1
7000,鳄,6441,锷,1
7000,鳄,6990,鲹,1
7001,鳅,6443,锹,1
7001,鳅,6995,鲾,1
7004,鳈,79,二,1
7005,鳉,6935,鱼,1
7006,鳊,5915,蹁,1
7006,鳊,6978,鲭,1
7008,鳌,5426,螯,1
7009,鳍,4567,缗,1
7010,鳎,6983,鲲,1
7012,鳐,6972,鲧,1
7012,鳐,7007,鳋,1
7016,鳕,7020,鳙,1
7017,鳖,3994,瞥,1
7017,鳖,7008,鳌,1
7017,鳖,7082,鹜,1
7024,鳞,4117,磷,1
7024,鳞,6349,铗,1
7029,鸟,6832,马,1
7030,鸠,7033,鸣,1
7030,鸠,7039,鸪,1
7031,鸡,3615,玛,1
7031,鸡,7033,鸣,1
7031,鸡,7035,鸥,1
7032,鸢,1466,尊,1
7032,鸢,5217,蓦,1
7033,鸣,701,吟,1
7033,鸣,865,啤,1
7033,鸣,1374,孕,1
7035,鸥,2845,欧,1
7035,鸥,4027,码,1
7035,鸥,7046,鸱,1
7035,鸥,7060,鹀,1
7036,鸦,6845,驺,1
7036,鸦,7031,鸡,1
7036,鸦,7040,鸫,1
7038,鸩,7030,鸠,1
7038,鸩,7064,鹄,1
7038,鸩,7089,鹤,1
7039,鸪,7064,鹄,1
7040,鸫,4197,移,1
7042,鸭,5310,蚂,1
7042,鸭,7034,鸤,1
7042,鸭,7060,鹀,1
7042,鸭,7073,鹎,1
7043,鸮,4320,筠,1
7046,鸱,7035,鸥,1
7047,鸲,1202,够,1
7048,鸳,4276,笃,1
7048,鸳,6849,驾,1
7048,鸳,7099,鹰,1
7049,鸵,5966,轮,1
7050,鸶,4276,笃,1
7052,鸸,4045,砧,1
7052,鸸,7062,鹂,1
7053,鸹,7039,鸪,1
7054,鸺,7055,鸻,1
7055,鸻,5460,行,1
7057,鸽,5691,谆,1
7057,鸽,6306,钨,1
7058,鸾,5353,蛮,1
7059,鸿,1517,屿,1
7059,鸿,3158,淋,1
7060,鹀,3615,玛,1
7063,鹃,2486,晶,1
7063,鹃,7061,鹁,1
7063,鹃,7070,鹊,1
7063,鹃,7075,鹐,1
7064,鹄,7037,鸨,1
7064,鹄,7053,鸹,1
7065,鹅,2200,捣,1
7065,鹅,2702,梢,1
7065,鹅,4210,稞,1
7065,鹅,7036,鸦,1
7065,鹅,7069,鹉,1
7066,鹆,7057,鸽,1
7066,鹆,7064,鹄,1
7066,鹆,7075,鹐,1
7069,鹉,7065,鹅,1
7070,鹊,5114,菂,1
7070,鹊,6712,韶,1
7070,鹊,7096,鹬,1
7071,鹋,7070,鹊,1
7073,鹎,1221,奂,1
7073,鹎,7072,鹌,1
7073,鹎,7093,鹩,1
7074,鹏,4825,腓,1
7075,鹐,5708,谘,1
7076,鹑,7061,鹁,1
7076,鹑,7073,鹎,1
7077,鹕,7062,鹂,1
7077,鹕,7076,鹑,1
7078,鹗,7077,鹕,1
7078,鹗,7098,鹮,1
7080,鹚,7068,鹈,1
7080,鹚,7078,鹗,1
7081,鹛,7063,鹃,1
7081,鹛,7080,鹚,1
7082,鹜,7081,鹛,1
7083,鹝,3678,琼,1
7084,鹞,7082,鹜,1
7087,鹡,2372,散,1
7087,鹡,7071,鹋,1
7088,鹣,7040,鸫,1
7088,鹣,7084,鹞,1
7089,鹤,3428,焰,1
7089,鹤,7038,鸩,1
7089,鹤,7041,鸬,1
7089,鹤,7072,鹌,1
7089,鹤,7131,黟,1
7090,鹦,7084,鹞,1
7091,鹧,7088,鹣,1
7092,鹨,7091,鹧,1
7093,鹩,7040,鸫,1
7093,鹩,7092,鹨,1
7094,鹪,7093,鹩,1
7094,鹪,7156,鼯,1
7095,鹫,6871,骘,1
7095,鹫,7094,鹪,1
7096,鹬,7095,鹫,1
7099,鹰,4862,膺,1
7100,鹱,1249,妄,1
7104,鹿,569,匮,1
7104,鹿,7105,麂,1
7105,麂,1977,愿,1
7105,麂,7104,鹿,1
7106,麇,4429,糜,1
7106,麇,7107,麈,1
7107,麈,1713,廑,1
7109,麒,5513,裙,1
7110,麓,1595,嵬,1
7110,麓,4368,篪,1
7111,麝,7108,麋,1
7113,麦,28,丧,1
7113,麦,1228,奏,1
7113,麦,1272,妻,1
7113,麦,3904,皮,1
7113,麦,5132,菱,1
7114,麴,554,匍,1
7115,麸,5322,蚨,1
7116,麻,1648,席,1
7116,麻,1698,庥,1
7119,黄,1886,恧,1
7119,黄,5170,董,1
7119,黄,5397,蝗,1
7120,黇,544,勩,1
7120,黇,1773,彭,1
7122,黍,61,乘,1
7122,黍,2538,本,1
7122,黍,3043,泰,1
7122,黍,4177,秃,1
7125,黑,965,嘿,1
7125,黑,1176,墨,1
7125,黑,1429,害,1
7125,黑,1969,愚,1
7125,黑,4619,罴,1
7125,黑,6253,里,1
7126,黔,2379,敷,1
7126,黔,3619,玢,1
7126,黔,4706,聆,1
7129,黜,7127,默,1
7129,黜,7134,黥,1
7131,黟,1204,夥,1
7134,黥,1166,墅,1
7134,黥,5428,螵,1
7134,黥,7132,黠,1
7134,黥,7138,黯,1
7137,黪,5882,路,1
7137,黪,6886,骨,1
7138,黯,3278,漆,1
7138,黯,6229,醅,1
7139,黹,2445,昔,1
7145,鼎,5128,菥,1
7151,鼠,6809,馄,1
7152,鼢,5573,觞,1
7154,鼫,7153,鼩,1
7158,鼷,5922,蹊,1
7158,鼷,7159,鼹,1
7159,鼹,4520,绥,1
7159,鼹,7156,鼯,1
7160,鼻,6256,量,1
7163,齁,513,劓,1
7163,齁,7157,鼱,1
7165,齉,7163,齁,1
7166,齐,699,吝,1
7168,齿,2443,昏,1
7170,龁,6360,铣,1
7170,龁,7165,齉,1
7170,龁,7172,龄,1
7176,龈,5912,踺,1
7179,龋,5882,路,1
7181,龙,1487,尼,1
7181,龙,1677,庀,1
7181,龙,2014,戈,1
7181,龙,2918,氏,1
7182,龚,4284,笔,1
7184,龟,551,包,1
7184,龟,4930,色,1
7184,龟,6921,鬼,1
7185,龠,1443,富,1
