target,target_label,prediction,prediction_label,count
656,口,999,囗,68
1184,士,598,卤,52
5828,赢,5445,蠃,51
660,叨,678,叼,48
1370,子,1371,孑,46
3623,玫,3616,玟,43
51,之,6021,辶,40
1620,已,1619,己,37
1621,巳,1620,已,36
6397,锉,4016,矬,35
480,刺,490,剌,34
2512,曰,2418,日,34
5524,裸,4158,祼,34
5649,诛,3064,洙,32
5677,诸,3190,渚,32
5680,读,3184,渎,32
7033,鸣,739,呜,32
5145,萎,5186,蒌,31
5666,语,3116,浯,31
1027,土,598,卤,30
2235,掰,2290,搿,30
2496,暖,2499,暧,30
3970,睛,2485,晴,30
5697,谍,3198,渫,30
7030,鸠,7038,鸩,29
199,余,198,佘,28
3062,洒,6201,酒,28
5700,谐,3216,湝,28
576,千,1667,干,27
3864,瘦,3853,瘐,27
739,呜,7033,鸣,26
3104,浙,3155,淅,26
3191,渝,5705,谕,26
5620,讽,3001,沨,26
5671,诲,3118,海,26
3055,洁,5646,诘,25
3063,洗,418,冼,25
3083,洼,5644,诖,25
3113,浩,5669,诰,25
4747,育,4727,肓,25
5656,询,3079,洵,25
5719,谤,3250,滂,25
7029,鸟,52,乌,25
1210,夭,1206,天,24
1456,寸,2053,扌,24
3099,浑,5662,诨,24
5106,获,5107,莸,24
5372,蜓,5371,蜒,24
1857,思,1888,恩,23
3014,沽,5625,诂,23
3481,父,2352,攵,23
3935,盹,4742,肫,23
4264,竞,4265,竟,23
5674,诵,3125,涌,23
5732,谱,3315,潽,23
2485,晴,3970,睛,22
5691,谆,3175,淳,22
6085,逢,6064,逄,22
1829,快,1849,怏,21
2418,日,2512,曰,21
2949,汆,2945,氽,21
2956,汕,5604,讪,21
2997,沤,5612,讴,21
3021,泊,3060,洎,21
4296,第,4295,笫,21
5595,计,2947,汁,21
415,冶,3012,治,20
3284,漠,5714,谟,20
4265,竟,4264,竞,20
5483,袄,4134,祆,20
5651,话,3082,活,20
5652,诞,3126,涎,20
5703,谓,3199,渭,20
5724,谩,3288,漫,20
1185,壬,3608,王,19
2957,汗,5600,讦,19
3009,河,5626,诃,19
3180,清,5676,请,19
3275,滴,5725,谪,19
4338,算,4332,箅,19
5249,蕴,5247,蕰,19
5608,讯,2958,汛,19
5686,谁,3173,淮,19
60,乖,61,乘,18
2946,汀,5596,订,18
2962,江,5601,讧,18
3013,沼,5637,诏,18
3035,波,5638,诐,18
3884,癞,3886,癫,18
4411,粱,2695,梁,18
5596,订,2946,汀,18
6213,酪,6212,酩,18
6277,钉,6280,钌,18
2423,旬,3755,甸,17
2484,晳,3902,皙,17
2650,栗,4405,粟,17
2947,汁,5595,计,17
3172,淬,5692,谇,17
3214,湛,5696,谌,17
4001,瞳,2505,曈,17
5676,请,3180,清,17
5728,谭,3307,潭,17
5731,谰,3322,澜,17
6025,迁,6026,迂,17
6413,错,6411,锗,17
6423,锤,6444,锺,17
52,乌,7029,鸟,16
99,亨,101,享,16
1277,姐,1270,妲,16
1619,己,1620,已,16
2074,扶,2083,抉,16
2612,柏,2680,桕,16
2780,榛,2764,楱,16
2958,汛,5608,讯,16
3476,爪,3717,瓜,16
4725,肋,523,助,16
5628,诅,3006,沮,16
5693,谈,3168,淡,16
6576,陈,6564,阵,16
449,刁,448,刀,15
807,哗,805,哔,15
1048,坎,1056,坝,15
2083,抉,2074,扶,15
2987,沐,3005,沭,15
3125,涌,5674,诵,15
3199,渭,5703,谓,15
3909,盂,1382,孟,15
4436,系,4435,糸,15
4947,芒,4952,芝,15
5041,茵,5118,菌,15
152,份,172,伤,14
192,住,6615,隹,14
416,冷,3033,泠,14
539,勒,543,勤,14
1144,堤,2249,提,14
1888,恩,1857,思,14
1934,惊,1933,惇,14
2952,汉,2953,汊,14
3118,海,5671,诲,14
3175,淳,5691,谆,14
3902,皙,2484,晳,14
4754,肿,4757,胂,14
4769,胜,4808,脞,14
4775,胧,3954,眬,14
4951,芜,4961,芫,14
4996,苟,4992,苘,14
5042,茶,5082,荼,14
5605,讫,2955,汔,14
5618,论,2999,沦,14
5621,设,2995,没,14
5828,赢,1367,嬴,14
5864,跌,5856,趺,14
6017,辩,6018,辫,14
6305,钧,6307,钩,14
54,乎,2052,手,13
57,乒,380,兵,13
323,傈,344,僳,13
604,卯,609,卵,13
1796,徘,4529,绯,13
1807,徽,1803,微,13
1905,悄,1941,惝,13
2370,敞,2369,敝,13
2695,梁,4411,粱,13
3012,治,5640,诒,13
4310,筐,4344,箧,13
4313,答,4288,笞,13
5633,诋,3031,泜,13
5660,详,3058,洋,13
6071,透,6091,逶,13
6237,醒,6219,酲,13
6743,颖,6737,颍,13
423,凇,3166,淞,12
777,咪,746,味,12
1797,徙,1793,徒,12
2018,戍,2021,成,12
2436,昂,2457,昴,12
2977,沁,3022,泌,12
3006,沮,5628,诅,12
3082,活,5651,话,12
3126,涎,5652,诞,12
3235,溢,5720,谥,12
3447,熄,3453,熜,12
3623,玫,3612,玖,12
3814,疽,3811,疸,12
3832,痢,3852,瘌,12
4137,祎,5485,袆,12
4854,膛,3992,瞠,12
5639,译,3053,泽,12
5702,谒,3202,渴,12
6201,酒,3062,洒,12
6399,锋,6343,铎,12
6836,驰,1742,弛,12
129,仕,151,任,11
146,仲,183,伸,11
244,侯,285,候,11
719,吹,735,呗,11
842,唧,877,啷,11
1367,嬴,5445,蠃,11
1382,孟,3909,盂,11
1422,室,4242,窒,11
1784,径,4499,经,11
2105,抵,2076,扺,11
2141,拨,2126,拔,11
2217,掌,3497,牚,11
2581,构,2607,枸,11
2642,栋,2644,栎,11
2908,毫,106,亳,11
2945,氽,2949,汆,11
3123,消,3159,淌,11
4618,署,2495,暑,11
4733,肝,2427,旰,11
4735,肠,2432,旸,11
4740,肩,2046,扃,11
4744,肮,2524,朊,11
4815,脸,3968,睑,11
5019,茉,5038,茱,11
5029,茛,5096,莨,11
5258,薛,5272,藓,11
6018,辫,6017,辩,11
6303,钥,6353,铜,11
15,且,2419,旦,10
162,休,195,体,10
172,伤,152,份,10
262,信,279,倍,10
418,冼,3063,洗,10
578,升,1727,开,10
682,各,699,吝,10
1742,弛,6836,驰,10
1970,感,1936,惑,10
1985,慢,3459,熳,10
2021,成,785,咸,10
2177,挪,2262,揶,10
2228,控,2163,挖,10
2352,攵,1191,夂,10
2451,春,4885,舂,10
2461,昽,3954,眬,10
2494,暌,3980,睽,10
2564,来,4677,耒,10
2590,果,2572,杲,10
2626,查,2573,杳,10
2803,槽,4430,糟,10
2809,模,2305,摸,10
2818,橇,2321,撬,10
2962,江,2950,汇,10
2966,汨,2967,汩,10
2967,汩,2966,汨,10
3053,泽,5639,译,10
3058,洋,5660,详,10
3063,洗,5650,诜,10
3161,淑,3226,溆,10
3173,淮,5686,谁,10
3288,漫,5724,谩,10
3307,潭,5728,谭,10
3381,炯,3421,焖,10
3692,瑰,6923,魂,10
3972,睢,6628,雎,10
4024,矾,4039,砜,10
4262,竖,1053,坚,10
4290,笤,4288,笞,10
4458,纤,4455,纡,10
4476,纷,2976,汾,10
4545,绿,3182,渌,10
4675,耍,5551,要,10
4852,膘,3991,瞟,10
4950,芙,5059,荚,10
5106,获,5081,荻,10
5152,营,5115,菅,10
5388,蜻,5409,蝽,10
5550,西,6193,酉,10
5615,讷,2969,汭,10
5673,说,5715,谠,10
5702,谒,4270,竭,10
5787,贷,5771,货,10
5896,踏,5924,蹐,10
6017,辩,6016,辨,10
6307,钩,6305,钧,10
6874,骛,7082,鹜,10
28,丧,5470,表,9
68,乡,1765,彡,9
86,五,3608,王,9
118,仅,646,反,9
231,侗,287,倜,9
279,倍,262,信,9
352,儿,431,几,9
396,冒,2441,昌,9
549,勿,552,匆,9
574,匿,569,匮,9
639,叁,640,参,9
684,合,375,兮,9
1045,坊,1032,圬,9
1208,夫,1209,夬,9
1620,已,1621,巳,9
1709,庾,1712,廋,9
2017,戌,2018,戍,9
2104,抱,2098,抢,9
2306,摹,5217,蓦,9
2452,昧,3967,睐,9
2525,朋,4787,胴,9
2536,未,2537,末,9
2537,末,2536,未,9
2561,束,2628,柬,9
2624,柠,2140,拧,9
2667,桃,2162,挑,9
2693,桶,2694,桷,9
2747,椰,2262,揶,9
2753,楔,2260,揳,9
2921,氓,3042,泯,9
2999,沦,5618,论,9
3156,淆,3108,浠,9
3585,猬,3590,猸,9
3755,甸,2423,旬,9
3798,疤,3806,疱,9
3932,盲,4727,肓,9
4008,矛,76,予,9
4139,祖,5489,袒,9
4190,秧,4191,秩,9
4498,绎,4510,绛,9
4659,翩,4660,翮,9
4816,脾,3974,睥,9
4992,苘,5046,茼,9
5052,草,5141,萆,9
5258,薛,5259,薜,9
5395,蝎,5447,蠋,9
5460,行,4455,纡,9
5485,袆,4137,祎,9
5551,要,4675,耍,9
5736,谵,3329,澹,9
6193,酉,5550,西,9
6331,铁,6349,铗,9
6721,顽,6727,颃,9
6853,骂,4276,笃,9
7057,鸽,7045,鸰,9
33,中,3752,申,8
79,二,92,亠,8
102,京,101,享,8
164,优,160,伏,8
178,伯,214,佰,8
252,俏,284,倘,8
382,具,638,县,8
419,冽,3059,洌,8
436,凯,5562,觊,8
465,创,469,刨,8
557,匕,3,七,8
646,反,118,仅,8
1018,图,1015,囹,8
1228,奏,4189,秦,8
1249,妄,1273,妾,8
1278,姑,1287,姞,8
1385,孤,1747,弧,8
1411,官,1426,宫,8
1562,峰,1549,峄,8
1699,度,1682,庋,8
1711,廊,1715,廓,8
1942,惟,1651,帷,8
2018,戍,2017,戌,8
2098,抢,2097,抡,8
2109,抽,2620,柚,8
2139,拦,2645,栏,8
2152,拼,2131,拚,8
2466,晌,798,响,8
2539,札,2055,扎,8
2554,杏,2573,杳,8
2616,染,2695,梁,8
2817,橄,2316,撖,8
2894,毋,2895,母,8
2900,比,2860,此,8
3004,沫,5642,诔,8
3066,洛,3081,洺,8
3222,湾,3250,滂,8
3291,漱,3334,濑,8
3481,父,1191,夂,8
3608,王,86,五,8
3815,疾,3838,痪,8
3821,痈,3839,痫,8
3853,瘐,3864,瘦,8
3890,白,4881,臼,8
3930,盯,3756,町,8
3949,眠,3962,眼,8
3989,瞑,2498,暝,8
4146,祟,1567,崇,8
4509,绚,1786,徇,8
4524,绩,4556,缋,8
4595,缴,1806,徼,8
4628,羔,1880,恙,8
4644,翁,4650,翕,8
4811,脯,2477,晡,8
4968,芳,4944,芎,8
5044,茹,5116,菇,8
5200,蒿,5214,蓠,8
5333,蛀,5352,蛭,8
5462,衔,5463,街,8
5475,衰,5509,裒,8
5561,觉,367,党,8
5681,诼,3152,涿,8
6099,遇,6101,遏,8
6171,部,6163,郚,8
6303,钥,6326,钼,8
6404,锐,6460,镋,8
6508,闭,6513,闲,8
6563,阴,6562,阳,8
6717,项,6720,顼,8
7106,麇,7108,麋,8
47,久,1191,夂,7
49,么,1672,幺,7
82,亏,2401,方,7
93,亡,5594,讠,7
192,住,223,侄,7
215,佳,6615,隹,7
221,使,246,便,7
236,侥,4505,绕,7
344,僳,323,傈,7
355,元,94,亢,7
355,元,2416,无,7
362,免,364,兔,7
370,入,372,八,7
413,决,5623,诀,7
438,凳,3889,登,7
548,勾,553,匈,7
615,厂,2,丁,7
684,合,709,含,7
758,咋,2453,昨,7
1010,园,1017,国,7
1011,困,1007,团,7
1063,坨,1086,垞,7
1075,垃,2118,拉,7
1349,嫒,1338,媛,7
1467,小,1809,忄,7
1471,尖,1472,尘,7
1553,峡,1565,崃,7
1625,巾,33,中,7
1667,干,81,于,7
1796,徘,272,俳,7
2074,扶,2168,挟,7
2120,拌,2611,柈,7
2126,拔,2141,拨,7
2187,捆,2237,掴,7
2194,捐,2251,揖,7
2201,捧,2719,棒,7
2245,揉,2282,搡,7
2313,撑,2317,撙,7
2355,改,3616,玟,7
2380,文,1191,夂,7
2452,昧,746,味,7
2457,昴,2436,昂,7
2468,晒,791,哂,7
2478,晤,835,唔,7
2499,暧,2496,暖,7
2535,木,2538,本,7
2542,朴,2056,扑,7
2550,杈,2548,权,7
2569,杭,2091,抗,7
2591,枝,2080,技,7
2632,柳,2085,抑,7
2645,栏,2139,拦,7
2693,桶,2186,捅,7
2772,榆,2243,揄,7
2898,毒,2897,毐,7
2918,氏,2919,氐,7
2931,氢,2930,氡,7
2933,氦,2937,氪,7
2938,氮,2937,氪,7
2990,沘,3029,泚,7
3016,沿,3012,治,7
3037,泥,3042,泯,7
3123,消,5667,诮,7
3159,淌,3123,消,7
3583,猪,3570,猎,7
3585,猬,3560,狷,7
3612,玖,3623,玫,7
3694,瑷,3683,瑗,7
3935,盹,3943,眊,7
4275,竿,4274,竽,7
4327,筹,4306,等,7
4395,籽,4678,耔,7
4479,纺,1777,彷,7
4559,缎,6445,锻,7
4588,缭,3306,潦,7
4595,缴,3331,激,7
4741,肪,4734,肟,7
4763,胎,3946,眙,7
4775,胧,2461,昽,7
4890,舍,709,含,7
4934,艺,4946,芑,7
4961,芫,4951,芜,7
4996,苟,5047,荀,7
5008,苹,6673,革,7
5034,茫,5039,茳,7
5067,荤,5069,荦,7
5096,莨,5029,茛,7
5101,莱,5123,菜,7
5116,菇,5044,茹,7
5118,菌,5041,茵,7
5170,董,1132,堇,7
5179,葸,5199,蒽,7
5393,蝉,5385,蜱,7
5495,袪,4142,祛,7
5511,裕,5500,袷,7
5690,谅,5691,谆,7
5693,谈,3673,琰,7
5706,谖,3221,湲,7
5733,谲,3300,潏,7
5797,赁,435,凭,7
5877,跤,5890,跻,7
6026,迂,6025,迁,7
6030,迈,6033,近,7
6032,运,6040,远,7
6105,道,6104,遒,7
6134,邦,6149,邽,7
6148,邻,6159,郐,7
6212,酩,6213,酪,7
6304,钦,6299,钡,7
6335,铅,6354,铝,7
6368,铬,6369,铭,7
6369,铭,6368,铬,7
6397,锉,6387,铿,7
6562,阳,6563,阴,7
6730,领,6736,颌,7
6730,领,6742,颔,7
6961,鲛,6960,鲚,7
7049,鸵,4911,舵,7
7070,鹊,7071,鹋,7
26,两,6633,雨,6
50,义,45,乂,6
51,之,93,亡,6
58,乓,380,兵,6
61,乘,60,乖,6
94,亢,355,元,6
100,亩,1412,宙,6
106,亳,2908,毫,6
122,今,139,令,6
132,付,5602,讨,6
153,仿,1777,彷,6
183,伸,146,仲,6
214,佰,178,伯,6
226,例,281,倒,6
246,便,4515,绠,6
281,倒,226,例,6
340,僬,3426,焦,6
357,充,366,兖,6
371,全,6257,金,6
392,冈,4604,网,6
422,准,3173,淮,6
430,凝,3785,疑,6
433,凤,6760,风,6
465,创,493,剑,6
469,刨,465,创,6
490,剌,480,刺,6
494,剔,471,别,6
641,又,642,叉,6
651,变,1302,娈,6
658,句,550,匀,6
678,叼,660,叨,6
682,各,5738,谷,6
692,向,196,何,6
701,吟,741,呤,6
703,吡,745,呲,6
716,吴,2440,昊,6
848,唱,899,喝,6
1005,因,1006,囡,6
1012,囱,1004,囟,6
1017,国,1002,囝,6
1023,圈,1026,圜,6
1118,域,1108,城,6
1123,埴,1159,填,6
1274,姆,1293,姻,6
1320,婆,1305,娑,6
1402,宇,1375,字,6
1476,尢,1477,尤,6
1477,尤,3524,犬,6
1483,尸,601,卩,6
1534,岣,1550,峋,6
1569,崔,6619,雀,6
1715,廓,1711,廊,6
1726,廿,3736,甘,6
1890,恫,1932,惆,6
1890,恫,2676,桐,6
1988,慨,2770,概,6
2053,扌,1456,寸,6
2135,拢,2072,扰,6
2183,挽,2199,换,6
2198,捡,2122,拎,6
2249,提,2188,捉,6
2276,搓,2793,槎,6
2321,撬,2818,橇,6
2393,斤,617,厅,6
2429,旴,3931,盱,6
2430,时,4729,肘,6
2453,昨,4766,胙,6
2460,昼,3783,疍,6
2497,暗,894,喑,6
2540,术,2948,求,6
2549,杆,2063,扦,6
2573,杳,2626,查,6
2579,板,2073,扳,6
2580,极,2100,报,6
2585,析,2092,折,6
2607,枸,2557,杓,6
2607,枸,2647,栒,6
2630,柰,1224,奈,6
2648,栓,2149,拴,6
2662,栽,5981,载,6
2666,桂,2157,挂,6
2708,械,2801,槭,6
2719,棒,2201,捧,6
2737,椋,2735,椁,6
2765,楷,2256,揩,6
2781,榜,2275,搒,6
2823,橡,2750,椽,6
2935,氨,2937,氪,6
2935,氨,2938,氮,6
2950,汇,2962,江,6
2994,沟,3017,泃,6
3006,沮,3039,泪,6
3019,泅,3028,泗,6
3039,泪,3006,沮,6
3039,泪,3056,洄,6
3053,泽,3065,洚,6
3066,洛,3117,浴,6
3104,浙,3185,渐,6
3113,浩,3055,洁,6
3145,涪,3116,浯,6
3151,涸,3057,洇,6
3202,渴,5702,谒,6
3388,炼,3391,烁,6
3479,爱,3478,爰,6
3623,玫,2355,改,6
3908,皿,1001,四,6
4191,秩,4190,秧,6
4405,粟,2650,栗,6
4434,糵,5282,蘖,6
4468,纯,6783,饨,6
4470,纱,2991,沙,6
4483,线,3088,浅,6
4507,绘,3095,浍,6
4508,给,4519,绤,6
4517,绢,3128,涓,6
4517,绢,4555,缉,6
4518,绣,6396,锈,6
4527,续,3184,渎,6
4570,缚,3236,溥,6
4812,脱,4806,脘,6
4819,腊,4818,腈,6
4930,色,6124,邑,6
4933,艹,1725,廾,6
4991,苗,5041,茵,6
5001,若,5002,苦,6
5056,荒,5045,茺,6
5062,荞,5064,荠,6
5064,荠,5062,荞,6
5123,菜,5101,莱,6
5145,萎,5142,萋,6
5169,葡,5140,萄,6
5172,葫,5195,蒴,6
5199,蒽,5179,葸,6
5281,蘑,4113,磨,6
5282,蘖,4434,糵,6
5470,表,28,丧,6
5595,计,5602,讨,6
5598,认,5597,讣,6
5603,让,2992,沚,6
5607,议,2953,汊,6
5609,记,4464,纪,6
5616,许,5600,讦,6
5634,诌,5689,谄,6
5640,诒,3012,治,6
5683,课,3174,深,6
5686,谁,4534,维,6
5725,谪,3275,滴,6
5735,谴,6110,遣,6
5777,购,4789,胸,6
5784,贴,5791,贻,6
6040,远,6032,运,6
6067,选,6052,迭,6
6175,郴,2698,梆,6
6333,铃,6302,钤,6
6465,镐,6478,镝,6
6511,闰,6524,闽,6
6532,阅,6538,阋,6
6849,驾,2605,架,6
6870,骗,6878,骟,6
6989,鲸,6972,鲧,6
7049,鸵,6847,驼,6
7107,麈,6270,鏖,6
2,丁,75,了,5
3,七,557,匕,5
19,丙,26,两,5
22,东,5958,车,5
82,亏,1738,弓,5
136,仟,4458,纤,5
138,代,161,伐,5
149,件,181,伴,5
179,估,217,佶,5
184,伺,196,何,5
192,住,190,位,5
192,住,1781,往,5
194,佑,179,估,5
213,佯,1788,徉,5
227,侍,1785,待,5
239,侨,241,侪,5
246,便,221,使,5
308,偎,348,儇,5
309,偏,4566,编,5
311,做,347,儆,5
322,傅,4570,缚,5
350,儒,3338,濡,5
364,兔,362,免,5
415,冶,5640,诒,5
418,冼,5650,诜,5
420,净,5658,诤,5
431,几,352,儿,5
431,几,432,凡,5
455,刊,474,到,5
482,刽,6278,钊,5
558,化,147,仳,5
581,半,34,丰,5
585,卒,3606,率,5
590,博,2273,搏,5
599,卦,6279,钋,5
627,原,625,厚,5
638,县,1922,悬,5
638,县,2447,昙,5
642,叉,641,又,5
658,句,2423,旬,5
720,吻,861,啕,5
745,呲,703,吡,5
757,咆,738,呛,5
785,咸,1296,威,5
807,哗,2470,晔,5
848,唱,900,喟,5
856,啄,761,咏,5
936,嗳,2499,暧,5
993,嚣,977,器,5
999,囗,656,口,5
1011,困,1008,囤,5
1017,国,1010,园,5
1027,土,1184,士,5
1041,圾,1060,坡,5
1108,城,1118,域,5
1213,失,1211,央,5
1296,威,785,咸,5
1296,威,2028,戚,5
1336,媒,3437,煤,5
1338,媛,1349,嫒,5
1367,嬴,4639,羸,5
1384,季,2553,李,5
1404,安,1418,宠,5
1426,宫,1411,官,5
1441,密,5377,蜜,5
1477,尤,7181,龙,5
1568,崎,1552,峙,5
1629,帅,1631,师,5
1631,师,1629,帅,5
1634,帐,1844,怅,5
1699,度,1712,廋,5
1721,廴,1372,孓,5
1722,延,1723,廷,5
1723,廷,1722,延,5
1747,弧,1385,孤,5
1753,弹,2881,殚,5
1762,彗,1987,慧,5
1807,徽,1804,徵,5
1822,忙,2565,杧,5
1852,怕,1637,帕,5
1876,恍,1919,悦,5
1918,患,3293,漶,5
1927,悴,1929,悻,5
1930,悼,3427,焯,5
1963,愉,2772,榆,5
2005,懊,3468,燠,5
2014,戈,2016,戋,5
2043,房,2047,扅,5
2052,手,54,乎,5
2082,抄,2568,杪,5
2086,抒,2577,杼,5
2108,押,2107,抻,5
2128,拗,1069,坳,5
2152,拼,2652,栟,5
2158,指,2256,揩,5
2176,挨,2199,换,5
2190,捌,2205,捯,5
2195,捕,2273,搏,5
2231,措,2252,揞,5
2296,摈,2799,槟,5
2333,操,2282,搡,5
2357,放,2360,效,5
2367,教,2376,数,5
2372,散,2375,敬,5
2422,早,2428,旱,5
2423,旬,658,句,5
2428,旱,2422,早,5
2441,昌,396,冒,5
2442,明,2525,朋,5
2453,昨,758,咋,5
2488,智,3950,眢,5
2495,暑,4618,署,5
2505,曈,3780,疃,5
2535,木,2540,术,5
2537,末,2541,朱,5
2599,枫,2596,枧,5
2628,柬,2561,束,5
2631,柱,2113,拄,5
2631,柱,2675,桎,5
2655,株,2712,梾,5
2684,档,2170,挡,5
2689,桨,3089,浆,5
2702,梢,2192,捎,5
2736,椅,2218,掎,5
2738,植,2752,楂,5
2739,椎,4209,稚,5
2750,椽,2242,掾,5
2768,楼,2269,搂,5
2813,樱,2310,撄,5
2829,檀,2332,擅,5
2971,汲,2995,没,5
2983,沈,3101,浓,5
3003,沪,3049,泸,5
3012,治,415,冶,5
3014,沽,3055,洁,5
3031,泜,5633,诋,5
3059,洌,419,冽,5
3081,洺,3066,洛,5
3084,洽,3117,浴,5
3122,涅,3217,湟,5
3141,润,3142,涧,5
3155,淅,3104,浙,5
3159,淌,4531,绱,5
3168,淡,5693,谈,5
3183,渍,3224,溃,5
3239,溪,3131,涘,5
3271,滨,3282,演,5
3322,澜,5731,谰,5
3367,炊,3389,炽,5
3380,炮,3375,炝,5
3398,烛,3551,独,5
3414,烽,3395,烊,5
3444,煸,3446,煽,5
3561,狸,3582,猩,5
3616,玟,3623,玫,5
3643,珠,5649,诛,5
3678,琼,3671,琮,5
3698,璃,3679,瑀,5
3717,瓜,3476,爪,5
3789,疗,3787,疔,5
3811,疸,3814,疽,5
3820,症,3828,痖,5
3822,痉,3823,痊,5
3847,瘁,3825,痒,5
3864,瘦,3800,疫,5
3885,癣,3882,癖,5
3920,盒,3911,盆,5
3956,眯,4802,脒,5
4001,瞳,3780,疃,5
4039,砜,4024,矾,5
4050,砰,4021,矸,5
4080,碉,4065,硐,5
4113,磨,7117,麽,5
4119,礁,4085,碓,5
4144,祝,5558,视,5
4158,祼,5524,裸,5
4174,禾,56,乐,5
4184,秕,2582,枇,5
4209,稚,2739,椎,5
4227,究,4228,穷,5
4244,窖,4241,窑,5
4286,笙,4308,筌,5
4332,箅,4338,算,5
4397,粑,4683,耙,5
4429,糜,2303,摩,5
4430,糟,2803,槽,5
4431,糠,4426,糖,5
4435,糸,4436,系,5
4494,绊,3041,泮,5
4508,给,4500,绐,5
4513,绞,219,佼,5
4513,绞,3071,洨,5
4530,绰,3162,淖,5
4543,绽,3153,淀,5
4564,缔,5711,谛,5
4727,肓,3932,盲,5
4727,肓,4747,育,5
4729,肘,2430,时,5
4741,肪,4732,肜,5
4796,脊,4761,背,5
4858,膦,4002,瞵,5
4995,苞,4983,苍,5
4996,苟,4969,芴,5
5008,苹,5090,莘,5
5040,茴,4992,苘,5
5076,荭,5039,茳,5
5081,荻,5106,获,5
5107,莸,5106,获,5
5132,菱,5036,茭,5
5145,萎,5083,荽,5
5164,著,5207,蓍,5
5204,蓇,3993,瞢,5
5327,蚰,5342,蛐,5
5431,蟀,5435,蟑,5
5463,街,5462,衔,5
5463,街,5464,衙,5
5530,褐,5526,裼,5
5560,览,4285,笕,5
5576,触,5570,觖,5
5592,警,5591,謦,5
5623,诀,3044,泱,5
5629,识,4491,织,5
5636,诎,4496,绌,5
5644,诖,3083,洼,5
5667,诮,3123,消,5
5675,诶,3131,涘,5
5705,谕,3191,渝,5
5718,谣,6111,遥,5
5721,谦,4578,缣,5
5735,谴,4592,缱,5
5765,贡,6713,页,5
5774,贪,5775,贫,5
5883,跳,5867,跐,5
5886,跷,5876,跣,5
5979,轻,5982,轾,5
6026,迂,6034,迓,5
6052,迭,6067,选,5
6054,述,6073,逑,5
6064,逄,6085,逢,5
6083,造,6067,选,5
6101,遏,6099,遇,5
6106,遗,6110,遣,5
6173,郭,6171,部,5
6286,钓,4460,约,5
6286,钓,6307,钩,5
6307,钩,6286,钓,5
6325,钻,6335,铅,5
6386,链,6361,铤,5
6425,锦,4535,绵,5
6456,镇,4572,缜,5
6462,镍,6418,锞,5
6484,镣,4588,缭,5
6509,问,6515,间,5
6509,问,6518,闷,5
6515,间,6530,阃,5
6528,阁,6540,阍,5
6622,雅,4209,稚,5
6675,靳,5248,蕲,5
6691,鞠,6696,鞫,5
6714,顶,6717,项,5
6725,颁,6736,颌,5
6760,风,433,凤,5
6791,饰,6787,饬,5
6797,饶,5886,跷,5
6819,馏,6464,镏,5
6829,香,2573,杳,5
6857,骇,1388,孩,5
6922,魁,6926,魅,5
7035,鸥,7060,鹀,5
7068,鹈,7088,鹣,5
7108,麋,7106,麇,5
7184,龟,362,免,5
34,丰,581,半,4
56,乐,22,东,4
67,习,1757,彐,4
81,于,80,亍,4
81,于,1371,孑,4
83,云,82,亏,4
101,享,99,亨,4
118,仅,142,仪,4
122,今,375,兮,4
123,介,2393,斤,4
142,仪,165,伙,4
149,件,148,仵,4
160,伏,164,优,4
161,伐,138,代,4
170,传,217,佶,4
174,伦,4475,纶,4
213,佯,230,侔,4
250,俊,1791,後,4
252,俏,229,侑,4
286,倚,225,侉,4
292,倦,4541,绻,4
311,做,331,傲,4
331,傲,347,儆,4
367,党,5561,觉,4
371,全,6273,钅,4
372,八,110,人,4
400,写,52,乌,4
407,冫,2943,氵,4
413,决,3044,泱,4
414,况,418,冼,4
422,准,3805,疰,4
424,凉,5690,谅,4
449,刁,67,习,4
460,刖,464,刚,4
464,刚,460,刖,4
474,到,472,刭,4
477,刷,502,剧,4
518,加,1247,如,4
525,劫,608,却,4
532,势,2734,棼,4
547,勺,1197,夕,4
550,匀,548,勾,4
550,匀,658,句,4
551,包,3743,甩,4
558,化,2918,氏,4
584,卑,6553,阜,4
604,卯,6145,邸,4
617,厅,4,万,4
644,友,2350,支,4
660,叨,677,叻,4
671,右,4019,石,4
675,司,67,习,4
688,名,682,各,4
692,向,6509,问,4
697,吗,739,呜,4
699,吝,682,各,4
716,吴,378,关,4
725,呆,2543,朵,4
746,味,2452,昧,4
751,呻,4052,砷,4
787,咽,854,啁,4
817,哨,850,唷,4
824,哺,2477,晡,4
831,唉,841,唤,4
845,售,6617,隽,4
865,啤,928,嗥,4
890,喉,940,嗾,4
894,喑,850,唷,4
912,嗅,975,噢,4
929,嗦,913,嗉,4
929,嗦,945,嘌,4
941,嘀,850,唷,4
956,嘧,991,嚓,4
979,噪,918,嗓,4
1005,因,1016,固,4
1007,团,1011,困,4
1039,场,3614,玚,4
1050,坐,3740,生,4
1051,坑,1054,坛,4
1053,坚,4262,竖,4
1054,坛,1032,圬,4
1056,坝,1048,坎,4
1065,坪,1049,坏,4
1155,塔,2286,搭,4
1156,塘,3691,瑭,4
1184,士,1027,土,4
1194,复,1195,夏,4
1195,夏,1194,复,4
1197,夕,1191,夂,4
1202,够,3957,眵,4
1215,夷,5055,荑,4
1223,奇,4993,苛,4
1270,妲,1277,姐,4
1271,妹,1286,姝,4
1277,姐,1304,娌,4
1301,娇,5983,轿,4
1309,娟,1318,娼,4
1328,婪,2703,梦,4
1371,孑,1370,子,4
1375,字,1402,宇,4
1381,孝,4669,考,4
1385,孤,3541,狐,4
1402,宇,1403,守,4
1406,完,1425,宪,4
1417,实,4234,突,4
1473,尚,4728,肖,4
1473,尚,4992,苘,4
1477,尤,1476,尢,4
1483,尸,1484,尹,4
1557,峦,1875,恋,4
1562,峰,1556,峥,4
1576,崧,5122,菘,4
1608,州,577,卅,4
1614,巨,672,叵,4
1614,巨,6771,飞,4
1634,帐,5770,账,4
1637,帕,1852,怕,4
1669,年,3500,牟,4
1671,幸,6011,辛,4
1686,库,1696,庠,4
1716,廖,3870,瘳,4
1738,弓,75,了,4
1738,弓,82,亏,4
1787,很,3547,狠,4
1803,微,1804,徵,4
1803,微,4595,缴,4
1838,忿,1833,念,4
1850,怒,1879,恕,4
1852,怕,2612,柏,4
1856,怜,2609,柃,4
1874,恃,1976,愫,4
1879,恕,1850,怒,4
1887,恨,1864,怩,4
1915,悟,3418,焐,4
1920,您,1872,恁,4
1930,悼,2731,棹,4
1952,惯,1974,愦,4
2003,懂,1997,憧,4
2015,戊,2018,戍,4
2017,戌,2019,戎,4
2021,成,2018,戍,4
2037,戮,2038,戳,4
2068,扬,2129,拘,4
2084,把,2575,杷,4
2097,抡,2098,抢,4
2098,抢,2598,枪,4
2099,护,2643,栌,4
2100,报,2073,扳,4
2113,拄,2118,拉,4
2113,拄,2157,挂,4
2114,担,1062,坦,4
2118,拉,1075,垃,4
2118,拉,2139,拦,4
2122,拎,2149,拴,4
2122,拎,2609,柃,4
2125,拓,2132,招,4
2125,拓,2618,柘,4
2129,拘,2607,枸,4
2132,招,2125,拓,4
2138,拥,2116,拇,4
2143,括,2651,栝,4
2144,拭,5643,试,4
2149,拴,2113,拄,4
2149,拴,2648,栓,4
2160,按,2672,桉,4
2162,挑,2667,桃,4
2163,挖,2228,控,4
2184,捂,2704,梧,4
2192,捎,2702,梢,4
2193,捏,2114,担,4
2207,捶,2728,棰,4
2223,掘,1129,堀,4
2239,掸,2215,掉,4
2246,揍,2764,楱,4
2249,提,1144,堤,4
2252,揞,2274,搐,4
2256,揩,2231,措,4
2257,揪,2766,楸,4
2269,搂,2768,楼,4
2273,搏,590,博,4
2289,搽,2259,揲,4
2309,撂,2301,摞,4
2314,撒,2319,撤,4
2323,撮,2292,摄,4
2336,擒,2831,檎,4
2342,擦,2347,攥,4
2350,支,2351,攴,4
2351,攴,2350,支,4
2356,攻,2358,政,4
2356,攻,3616,玟,4
2359,故,2357,放,4
2366,敖,2367,教,4
2407,旅,2409,旋,4
2418,日,2522,月,4
2419,旦,15,且,4
2427,旰,2429,旴,4
2447,昙,638,县,4
2451,春,3959,眷,4
2469,晓,804,哓,4
2483,晰,823,哳,4
2485,晴,4818,腈,4
2486,晶,790,品,4
2505,曈,4001,瞳,4
2522,月,2418,日,4
2525,朋,2442,明,4
2536,未,4677,耒,4
2548,权,2550,杈,4
2549,杆,2574,杵,4
2553,李,1384,季,4
2555,材,2556,村,4
2561,束,690,吏,4
2562,杠,2061,扛,4
2564,来,2561,束,4
2564,来,6614,隶,4
2570,杯,2088,抔,4
2587,林,2555,材,4
2616,染,2615,柒,4
2621,柜,2124,拒,4
2629,柯,2607,枸,4
2639,栈,2078,找,4
2642,栋,2136,拣,4
2648,栓,2713,检,4
2653,校,2706,梭,4
2658,样,2700,梓,4
2678,桓,1878,恒,4
2678,桓,2621,柜,4
2686,桥,2171,挢,4
2698,梆,2747,椰,4
2706,梭,2653,校,4
2713,检,2609,柃,4
2739,椎,2229,推,4
2757,楞,1972,愣,4
2757,楞,2745,椤,4
2762,楮,2800,槠,4
2771,榄,2264,揽,4
2788,榷,2302,摧,4
2837,檫,2342,擦,4
2840,欠,5762,贝,4
2863,歧,1523,岐,4
2895,母,2894,毋,4
2903,毗,3951,眦,4
2928,氛,2938,氮,4
2934,氧,2940,氰,4
2954,汐,2973,汶,4
2956,汕,2974,汹,4
2971,汲,5638,诐,4
2974,汹,3029,泚,4
2975,汽,2955,汔,4
2982,沆,2981,沅,4
2987,沐,3004,沫,4
2995,没,5621,设,4
3000,沧,2999,沦,4
3003,沪,3098,浐,4
3009,河,6509,问,4
3012,治,3015,沾,4
3012,治,3016,沿,4
3012,治,3084,洽,4
3015,沾,4263,站,4
3019,泅,3057,洇,4
3026,法,3093,浊,4
3030,泛,3033,泠,4
3034,泡,3000,沧,4
3038,注,2968,汪,4
3039,泪,2966,汨,4
3039,泪,2967,汩,4
3041,泮,2996,沣,4
3056,洄,3028,泗,4
3059,洌,3097,浏,4
3067,洞,5688,调,4
3068,洣,3004,沫,4
3083,洼,3038,注,4
3087,浃,3134,涞,4
3104,浙,2398,断,4
3127,涑,3134,涞,4
3139,涣,3120,浼,4
3139,涣,3131,涘,4
3140,涤,3121,涂,4
3142,涧,3079,洵,4
3153,淀,3107,浞,4
3162,淖,3058,洋,4
3166,淞,423,凇,4
3171,淫,5718,谣,4
3191,渝,3211,湔,4
3198,渫,5697,谍,4
3208,湍,4271,端,4
3221,湲,5706,谖,4
3223,湿,3197,温,4
3232,溜,3154,淄,4
3235,溢,3231,溘,4
3258,滔,5689,谄,4
3317,澈,3311,潵,4
3334,濑,3291,漱,4
3377,炫,3406,烩,4
3517,犊,3510,特,4
3546,狞,3550,狩,4
3547,狠,3564,狼,4
3570,猎,3583,猪,4
3584,猫,2248,描,4
3601,獭,3598,獗,4
3608,王,3607,玉,4
3683,瑗,3694,瑷,4
3720,瓢,6768,飘,4
3736,甘,1726,廿,4
3772,畦,3955,眭,4
3796,疢,3802,疭,4
3812,疹,3850,瘆,4
3819,病,3801,疬,4
3825,痒,3847,瘁,4
3825,痒,3849,瘅,4
3856,瘘,3845,痿,4
3864,瘦,1712,廋,4
3890,白,4875,自,4
3909,盂,3913,盉,4
3911,盆,5775,贫,4
3956,眯,2452,昧,4
3959,眷,2451,春,4
3959,眷,3963,着,4
3962,眼,3949,眠,4
3970,睛,3979,睹,4
3978,睬,3956,眯,4
3980,睽,2494,暌,4
4014,矩,6294,钜,4
4024,矾,4033,砒,4
4058,砾,4032,砑,4
4183,秒,4185,秘,4
4192,秫,4187,秣,4
4206,税,2714,棁,4
4219,稿,3521,犒,4
4232,穿,1439,寄,4
4240,窍,4235,窃,4
4319,筝,4281,笋,4
4330,签,4308,筌,4
4361,篙,4370,篱,4
4387,簿,5254,薄,4
4391,米,2541,朱,4
4439,索,5153,萦,4
4461,级,2971,汲,4
4464,纪,5609,记,4
4466,纬,4495,绋,4
4481,纽,4488,组,4
4488,组,1783,徂,4
4499,经,1784,径,4
4503,结,3055,洁,4
4508,给,3084,洽,4
4513,绞,4478,纹,4
4517,绢,4516,绡,4
4520,绥,6807,馁,4
4524,绩,3183,渍,4
4525,绪,3190,渚,4
4533,绳,3186,渑,4
4542,综,3164,淙,4
4556,缋,4524,绩,4
4565,缕,3227,溇,4
4566,编,309,偏,4
4570,缚,322,傅,4
4631,羞,3922,盖,4
4669,考,1381,孝,4
4674,而,6671,面,4
4731,肛,4730,肚,4
4737,肢,4788,胶,4
4747,育,3932,盲,4
4789,胸,2527,朐,4
4836,腰,4852,膘,4
4852,膘,4836,腰,4
4856,膝,3259,滕,4
4882,臾,654,叟,4
4942,芋,4941,芊,4
4951,芜,4625,羌,4
4952,芝,4947,芒,4
4956,芥,4972,芹,4
4967,花,5020,茌,4
5005,英,5059,荚,4
5008,苹,5061,荜,4
5040,茴,4994,苜,4
5059,荚,5005,英,4
5066,荣,5038,茱,4
5102,莲,5218,蓬,4
5140,萄,5169,葡,4
5150,萝,4346,箩,4
5175,葱,5199,蒽,4
5179,葸,5243,蕙,4
5200,蒿,1593,嵩,4
5203,蓄,5207,蓍,4
5228,蔡,5285,蘩,4
5262,薪,5128,菥,4
5300,虱,637,厾,4
5311,蚊,5349,蛟,4
5319,蚣,5321,蚧,4
5344,蛔,5392,蝈,4
5349,蛟,5311,蚊,4
5374,蜗,5447,蠋,4
5386,蜴,5447,蠋,4
5394,蝌,5368,蜊,4
5395,蝎,5386,蜴,4
5406,蝶,5410,蝾,4
5437,蟓,5448,蠓,4
5480,衿,5491,袗,4
5489,袒,4139,祖,4
5497,袭,4056,砻,4
5517,裤,5537,褥,4
5554,见,399,冗,4
5555,观,3626,现,4
5569,角,3744,甪,4
5602,讨,4457,纣,4
5614,讶,3618,玡,4
5622,访,2964,污,4
5622,访,4479,纺,4
5623,诀,413,决,4
5623,诀,3087,浃,4
5623,诀,3621,玦,4
5638,诐,3035,波,4
5639,译,5692,谇,4
5643,试,5664,诫,4
5648,诚,4550,缄,4
5649,诛,3068,洣,4
5656,询,3017,泃,4
5659,该,1388,孩,4
5660,详,5658,诤,4
5662,诨,3099,浑,4
5668,误,3160,淏,4
5669,诰,3113,浩,4
5680,读,4527,续,4
5686,谁,422,准,4
5686,谁,2410,旌,4
5690,谅,424,凉,4
5695,谋,5697,谍,4
5714,谟,3284,漠,4
5720,谥,3235,溢,4
5724,谩,4581,缦,4
5860,跃,5856,趺,4
5864,跌,5876,跣,4
5868,跑,5861,跄,4
5872,跛,5859,趿,4
5901,踢,5945,躅,4
5968,轰,4704,聂,4
6016,辨,6017,辩,4
6021,辶,51,之,4
6023,辽,6038,这,4
6025,迁,6036,迕,4
6026,迂,6036,迕,4
6057,迸,6039,进,4
6075,途,6064,逄,4
6160,郑,6174,郯,4
6167,郡,6163,郚,4
6232,醋,6221,酵,4
6232,醋,6223,酷,4
6286,钓,6305,钧,4
6296,钞,4470,纱,4
6304,钦,6310,钬,4
6305,钧,6286,钓,4
6312,钮,4481,纽,4
6353,铜,6356,铟,4
6354,铝,6335,铅,4
6368,铬,4511,络,4
6384,铼,6349,铗,4
6389,锁,6453,镄,4
6401,锍,6375,铳,4
6413,错,6394,锆,4
6421,锢,6356,铟,4
6423,锤,4558,缍,4
6445,锻,4559,缎,4
6477,镜,6460,镋,4
6506,闪,6518,闷,4
6515,间,6509,问,4
6520,闹,6512,闱,4
6522,闻,6549,阗,4
6525,闾,6537,阊,4
6536,阉,6531,阄,4
6544,阑,6543,阐,4
6602,隋,1953,惰,4
6619,雀,1569,崔,4
6628,雎,3972,睢,4
6629,雏,6630,雒,4
6665,靖,5676,请,4
6673,革,5008,苹,4
6700,鞴,6699,鞲,4
6717,项,6714,顶,4
6725,颁,6726,颂,4
6729,颅,6725,颁,4
6760,风,392,冈,4
6768,飘,3720,瓢,4
6797,饶,4505,绕,4
6797,饶,6351,铙,4
6870,骗,5915,蹁,4
7082,鹜,6874,骛,4
3,七,45,乂,3
3,七,48,乇,3
4,万,617,厅,3
4,万,2865,歹,3
4,万,4019,石,3
6,三,2943,氵,3
7,上,557,匕,3
10,不,4019,石,3
10,不,4128,礻,3
22,东,56,乐,3
23,丝,21,丛,3
33,中,1625,巾,3
39,丹,4897,舟,3
40,为,514,力,3
52,乌,400,写,3
55,乏,134,仝,3
64,九,38,丸,3
66,也,1622,巴,3
81,于,1667,干,3
93,亡,51,之,3
115,仂,176,伪,3
120,仇,115,仂,3
120,仇,4462,纨,3
125,从,5598,认,3
127,仓,4930,色,3
130,他,2963,池,3
132,付,4457,纣,3
133,仙,147,仳,3
136,仟,148,仵,3
140,以,665,叭,3
145,仰,604,卯,3
149,件,230,侔,3
161,伐,2015,戊,3
161,伐,4483,线,3
164,优,1827,忧,3
165,伙,185,似,3
168,伞,1669,年,3
169,伟,4466,纬,3
174,伦,175,伧,3
179,估,193,佐,3
179,估,194,佑,3
181,伴,2611,柈,3
183,伸,4489,绅,3
191,低,4477,纸,3
195,体,162,休,3
196,何,203,佝,3
198,佘,199,余,3
199,余,2563,条,3
213,佯,181,伴,3
221,使,234,侠,3
227,侍,264,俦,3
234,侠,221,使,3
235,侣,290,倡,3
236,侥,6797,饶,3
248,俄,6805,饿,3
252,俏,4516,绡,3
255,俗,4519,绤,3
259,保,4593,缲,3
262,信,217,佶,3
268,俭,182,伶,3
276,俺,3177,淹,3
279,倍,255,俗,3
284,倘,252,俏,3
297,倭,318,偻,3
300,债,5797,赁,3
317,偷,5705,谕,3
320,偿,326,傥,3
321,傀,1975,愧,3
331,傲,1803,微,3
339,僧,4590,缯,3
358,兆,559,北,3
360,光,359,先,3
371,全,1046,坌,3
374,六,2401,方,3
374,六,4226,穴,3
381,其,2613,某,3
387,兽,2519,曾,3
392,冈,6760,风,3
410,冰,2942,水,3
414,况,2984,沉,3
424,凉,102,京,3
427,减,891,喊,3
428,凑,3241,溱,3
446,函,445,凼,3
448,刀,601,卩,3
458,刑,470,利,3
459,划,500,剡,3
463,则,464,刚,3
463,则,663,叫,3
470,利,503,剩,3
471,别,494,剔,3
473,刮,461,列,3
479,刹,470,利,3
486,剂,496,剖,3
503,剩,476,制,3
517,功,677,叻,3
523,助,4725,肋,3
528,励,520,劢,3
530,劳,4962,芬,3
539,勒,544,勩,3
543,勤,539,勒,3
547,勺,658,句,3
548,勾,549,勿,3
549,勿,658,句,3
551,包,4930,色,3
553,匈,548,勾,3
558,化,142,仪,3
565,匡,574,匿,3
569,匮,6106,遗,3
573,匾,6100,遍,3
576,千,81,于,3
581,半,4719,肀,3
586,卓,6553,阜,3
592,卞,8,下,3
592,卞,374,六,3
596,卢,2040,户,3
597,卣,598,卤,3
619,厉,689,后,3
636,去,25,丢,3
641,又,45,乂,3
641,又,50,义,3
646,反,643,及,3
658,句,549,勿,3
658,句,553,匈,3
658,句,6509,问,3
659,另,3754,男,3
667,可,67,习,3
671,右,1029,在,3
678,叼,747,呵,3
680,吁,1030,圩,3
684,合,668,台,3
685,吉,14,专,3
690,吏,2515,更,3
692,向,203,佝,3
702,吠,764,咔,3
708,吩,720,吻,3
711,吭,712,吮,3
712,吮,711,吭,3
723,呀,752,呼,3
736,员,5764,负,3
740,呢,800,哏,3
740,呢,2458,昵,3
751,呻,749,呷,3
755,咂,791,哂,3
760,咎,2448,昝,3
765,咕,780,咭,3
765,咕,1541,岵,3
767,咙,2461,昽,3
774,咧,847,唰,3
779,咬,876,啶,3
785,咸,2021,成,3
785,咸,2028,戚,3
795,哈,2473,晗,3
807,哗,812,哞,3
829,唆,779,咬,3
829,唆,831,唉,3
833,唐,1706,庸,3
841,唤,831,唉,3
848,唱,883,喁,3
852,唾,3971,睡,3
865,啤,4084,碑,3
866,啥,808,哙,3
899,喝,883,喁,3
902,喧,2491,暄,3
906,喷,868,啧,3
946,嘎,911,嗄,3
959,嘱,3996,瞩,3
961,嘴,889,喈,3
983,噶,899,喝,3
1000,囚,1005,因,3
1001,四,1000,囚,3
1001,四,2512,曰,3
1002,囝,1006,囡,3
1003,回,1001,四,3
1003,回,1014,囵,3
1010,园,1008,囤,3
1017,国,1008,囤,3
1017,国,1013,围,3
1018,图,6528,阁,3
1023,圈,1021,圄,3
1027,土,1611,工,3
1035,圯,1034,圮,3
1041,圾,1043,坂,3
1052,块,3621,玦,3
1058,坟,2356,攻,3
1062,坦,2114,担,3
1074,垂,6254,重,3
1091,垣,1062,坦,3
1100,垱,3649,珰,3
1119,埠,1120,埤,3
1148,堵,1171,墙,3
1156,塘,2284,搪,3
1157,塞,1445,寒,3
1159,填,3252,滇,3
1185,壬,48,乇,3
1191,夂,2352,攵,3
1192,处,1198,外,3
1205,大,5,丈,3
1208,夫,1211,央,3
1211,央,413,决,3
1217,夹,1209,夬,3
1218,夺,1458,寺,3
1232,奖,2689,桨,3
1237,奢,5164,著,3
1245,好,1262,妤,3
1251,妇,1245,好,3
1251,妇,1253,妊,3
1257,妖,1265,妩,3
1259,妙,3369,炒,3
1268,妮,1306,娓,3
1272,妻,5142,萋,3
1275,姊,1311,娣,3
1276,始,1324,婚,3
1280,姓,1253,妊,3
1289,姥,1265,妩,3
1297,娃,1287,姞,3
1298,娄,5083,荽,3
1309,娟,1315,娲,3
1326,婢,1331,婵,3
1337,媚,1335,婿,3
1374,孕,1378,孚,3
1388,孩,6857,骇,3
1389,孪,1384,季,3
1389,孪,2165,挛,3
1398,宁,1403,守,3
1403,守,1398,宁,3
1405,宋,1403,守,3
1407,宏,1433,宸,3
1417,实,3362,灾,3
1419,审,1412,宙,3
1420,客,1434,容,3
1421,宣,1415,宜,3
1428,宰,4251,窣,3
1431,宵,2519,曾,3
1431,宵,4753,肾,3
1431,宵,4759,胄,3
1434,容,1420,客,3
1446,寓,4248,窝,3
1473,尚,3159,淌,3
1483,尸,1485,尺,3
1483,尸,6554,阝,3
1485,尺,662,只,3
1485,尺,1206,天,3
1499,屋,1493,层,3
1503,屑,1507,屠,3
1510,履,1509,屣,3
1512,屮,33,中,3
1514,山,440,凶,3
1525,岔,1838,忿,3
1526,岖,1516,屺,3
1531,岛,7029,鸟,3
1533,岢,4993,苛,3
1538,岭,1560,峪,3
1553,峡,5355,蛱,3
1563,峻,1558,峧,3
1611,工,62,乙,3
1613,巧,2964,污,3
1617,差,4625,羌,3
1619,己,62,乙,3
1619,己,1621,巳,3
1621,巳,1622,巴,3
1623,巷,610,卷,3
1623,巷,4983,苍,3
1623,巷,5021,茎,3
1627,市,1626,币,3
1630,帆,5314,蚍,3
1634,帐,1640,帙,3
1638,帖,1647,帧,3
1661,幕,542,募,3
1661,幕,5181,蒂,3
1665,幢,1997,憧,3
1666,幪,5448,蠓,3
1668,平,54,乎,3
1669,年,401,军,3
1673,幻,4465,纫,3
1675,幽,5751,豳,3
1680,庇,3810,疵,3
1686,库,622,厍,3
1688,底,1693,府,3
1692,庚,1709,庾,3
1699,度,5293,虔,3
1712,廋,1709,庾,3
1725,廾,4933,艹,3
1731,弄,1729,异,3
1735,弋,2014,戈,3
1740,弗,5010,茀,3
1748,弩,6848,驽,3
1780,彼,5496,被,3
1785,待,227,侍,3
1790,律,1794,徕,3
1790,律,4494,绊,3
1798,徜,4531,绱,3
1803,微,1807,徽,3
1806,徼,4595,缴,3
1813,忌,1821,忘,3
1821,忘,1813,忌,3
1827,忧,2072,扰,3
1827,忧,2641,栊,3
1829,快,3370,炔,3
1836,忽,1838,忿,3
1838,忿,1525,岔,3
1849,怏,1829,快,3
1852,怕,1873,恂,3
1858,怠,1848,怎,3
1865,怪,1871,怿,3
1874,恃,2156,持,3
1878,恒,2678,桓,3
1878,恒,3399,烜,3
1890,恫,3381,炯,3
1894,恰,1856,怜,3
1894,恰,1859,怡,3
1895,恳,1984,慝,3
1930,悼,1951,惮,3
1931,情,1905,悄,3
1931,情,1953,惰,3
1933,惇,1934,惊,3
1937,惕,1124,埸,3
1951,惮,2239,掸,3
1951,惮,3395,烊,3
1954,想,1882,恝,3
1956,惶,3433,煌,3
1958,惺,3435,煜,3
1968,愕,1972,愣,3
1982,慑,2292,摄,3
1998,憨,1964,愍,3
1998,憨,1996,憝,3
2008,懒,3334,濑,3
2010,懦,4433,糯,3
2021,成,2027,战,3
2022,我,2078,找,3
2023,戒,2019,戎,3
2025,或,1769,彧,3
2068,扬,2566,杨,3
2069,扭,2067,扫,3
2072,扰,2135,拢,3
2072,扰,2169,挠,3
2075,批,2094,抛,3
2075,批,2582,枇,3
2082,抄,2071,扯,3
2083,抉,1052,块,3
2083,抉,2168,挟,3
2086,抒,2099,护,3
2092,折,1040,圻,3
2101,抨,2174,挥,3
2105,抵,2119,拊,3
2105,抵,2625,柢,3
2118,拉,2113,拄,3
2120,拌,2090,抖,3
2125,拓,2088,抔,3
2140,拧,2624,柠,3
2143,括,2250,插,3
2143,括,2699,梏,3
2156,持,2175,挦,3
2157,挂,2113,拄,3
2167,挞,1099,垯,3
2168,挟,2074,扶,3
2168,挟,2083,抉,3
2173,挤,2171,挢,3
2179,振,2272,搌,3
2182,挺,2696,梃,3
2186,捅,2693,桶,3
2194,捐,2192,捎,3
2198,捡,2154,拾,3
2198,捡,2713,检,3
2199,换,2176,挨,3
2204,据,2740,椐,3
2209,捺,2161,挎,3
2209,捺,2320,撩,3
2217,掌,1466,尊,3
2224,掠,5996,辌,3
2225,探,2174,挥,3
2225,探,2333,操,3
2231,措,2256,揩,3
2239,掸,2317,撙,3
2252,揞,2216,掊,3
2262,揶,2177,挪,3
2280,搞,2790,槁,3
2280,搞,3521,犒,3
2284,搪,1156,塘,3
2305,摸,2809,模,3
2311,撅,2822,橛,3
2314,撒,2339,擞,3
2318,撞,2825,橦,3
2319,撤,2316,撖,3
2322,播,1175,墦,3
2323,撮,2316,撖,3
2331,擂,2344,攉,3
2346,攘,1183,壤,3
2350,支,14,专,3
2355,改,2356,攻,3
2360,效,2357,放,3
2375,敬,2372,散,3
2380,文,2352,攵,3
2393,斤,2394,斥,3
2401,方,82,亏,3
2404,旁,879,啻,3
2404,旁,1751,弯,3
2416,无,355,元,3
2423,旬,553,匈,3
2429,旴,2427,旰,3
2441,昌,695,吕,3
2447,昙,4612,罢,3
2452,昧,3956,眯,3
2458,昵,740,呢,3
2479,晦,930,嗨,3
2483,晰,5382,蜥,3
2489,晾,825,哼,3
2498,暝,3989,瞑,3
2512,曰,999,囗,3
2512,曰,2419,旦,3
2522,月,3929,目,3
2524,朊,4744,肮,3
2527,朐,4789,胸,3
2529,朕,4791,胼,3
2536,未,2541,朱,3
2536,未,4391,米,3
2537,末,4677,耒,3
2542,朴,2587,林,3
2543,朵,725,呆,3
2544,机,2552,杌,3
2544,机,2596,枧,3
2547,杂,2543,朵,3
2548,权,648,叔,3
2557,杓,2581,构,3
2559,杜,2562,杠,3
2562,杠,2583,枉,3
2579,板,2589,枚,3
2580,极,2579,板,3
2580,极,2589,枚,3
2580,极,2599,枫,3
2583,枉,2565,杧,3
2583,枉,2631,柱,3
2589,枚,2364,救,3
2590,果,725,呆,3
2591,枝,2653,校,3
2593,枢,2096,抠,3
2593,枢,2621,柜,3
2598,枪,2608,柁,3
2607,枸,2581,构,3
2611,柈,2120,拌,3
2612,柏,2121,拍,3
2613,某,5101,莱,3
2620,柚,2109,抽,3
2621,柜,2593,枢,3
2631,柱,2648,栓,3
2638,标,2644,栎,3
2647,栒,2607,枸,3
2650,栗,4151,票,3
2658,样,4149,祥,3
2660,根,2718,棍,3
2666,桂,2675,桎,3
2674,桌,586,卓,3
2676,桐,2774,榈,3
2679,桔,2145,拮,3
2700,梓,2658,样,3
2703,梦,1328,婪,3
2703,梦,2734,棼,3
2704,梧,2184,捂,3
2705,梨,3515,犁,3
2720,棕,2837,檫,3
2720,棕,4416,粽,3
2723,棠,4406,粢,3
2729,棱,2764,楱,3
2730,棵,4210,稞,3
2741,椑,4208,稗,3
2750,椽,2823,橡,3
2757,楞,2604,枵,3
2759,楣,2763,楯,3
2761,楫,2251,揖,3
2764,楱,2780,榛,3
2778,榕,2783,榨,3
2791,槊,1154,塑,3
2822,橛,2311,撅,3
2833,檑,2331,擂,3
2836,檩,2773,榇,3
2836,檩,2837,檫,3
2843,欣,6724,颀,3
2856,歌,2854,歇,3
2887,殴,2845,欧,3
2890,殿,7133,黢,3
2897,毐,2898,毒,3
2900,比,559,北,3
2903,毗,703,吡,3
2921,氓,3635,珉,3
2922,气,6273,钅,3
2931,氢,2928,氛,3
2931,氢,2937,氪,3
2932,氤,2935,氨,3
2939,氯,2929,氟,3
2939,氯,2935,氨,3
2944,永,2942,水,3
2957,汗,5616,许,3
2974,汹,3150,涵,3
2978,沂,5631,诉,3
2999,沦,3000,沧,3
3004,沫,2996,沣,3
3009,河,2951,汈,3
3013,沼,3081,洺,3
3013,沼,4497,绍,3
3015,沾,3014,沽,3
3029,泚,2990,沘,3
3039,泪,3067,洞,3
3039,泪,5628,诅,3
3041,泮,3068,洣,3
3046,泵,3020,泉,3
3052,泼,4486,绂,3
3057,洇,3151,涸,3
3066,洛,3642,珞,3
3079,洵,3017,泃,3
3082,活,3012,治,3
3084,洽,3033,泠,3
3088,浅,4483,线,3
3094,测,3097,浏,3
3099,浑,3174,深,3
3114,浪,3101,浓,3
3115,浮,3175,淳,3
3121,涂,3115,浮,3
3121,涂,3164,淙,3
3122,涅,3223,湿,3
3123,消,3128,涓,3
3131,涘,3139,涣,3
3151,涸,3067,洞,3
3154,淄,4547,缁,3
3156,淆,3190,渚,3
3173,淮,422,准,3
3197,温,3223,湿,3
3199,渭,3128,涓,3
3199,渭,3256,滑,3
3243,溴,3218,湨,3
3270,滦,3238,溧,3
3277,漂,3238,溧,3
3286,漩,3700,璇,3
3288,漫,3119,浸,3
3292,漳,3702,璋,3
3317,澈,3318,澉,3
3323,澡,4593,缲,3
3329,澹,5736,谵,3
3331,激,3298,潋,3
3335,濒,3351,灏,3
3358,灵,3365,炅,3
3365,炅,2438,昆,3
3375,炝,1845,怆,3
3383,炳,3403,烦,3
3392,烂,3393,烃,3
3394,烈,5503,裂,3
3397,烙,3423,焙,3
3404,烧,1300,娆,3
3416,焊,1908,悍,3
3416,焊,3395,烊,3
3423,焙,3418,焐,3
3424,焚,2710,梵,3
3427,焯,1930,悼,3
3433,煌,1956,惶,3
3446,煽,3444,煸,3
3459,熳,1985,慢,3
3468,燠,2005,懊,3
3479,爱,650,受,3
3498,牛,579,午,3
3501,牡,3508,牲,3
3504,牧,2361,敉,3
3511,牺,4404,粞,3
3526,犯,3539,狍,3
3532,犹,2072,扰,3
3541,狐,1385,孤,3
3547,狠,3581,猥,3
3583,猪,3576,猜,3
3605,玄,83,云,3
3606,率,6011,辛,3
3611,玕,3625,环,3
3615,玛,3613,玙,3
3627,玲,3033,泠,3
3629,玷,4263,站,3
3656,琉,3086,流,3
3663,琢,5681,诼,3
3693,瑶,5718,谣,3
3710,璧,1179,壁,3
3728,瓷,3724,瓮,3
3741,甥,5386,蜴,3
3749,田,1007,团,3
3750,由,6022,边,3
3770,畜,5203,蓄,3
3771,略,781,咯,3
3784,疏,1618,巯,3
3785,疑,1602,嶷,3
3790,疙,3822,痉,3
3803,疮,3806,疱,3
3807,疲,3853,瘐,3
3821,痈,3830,痛,3
3822,痉,3805,疰,3
3823,痊,3805,疰,3
3838,痪,3874,瘼,3
3890,白,692,向,3
3890,白,3891,百,3
3897,皋,4876,臬,3
3908,皿,5457,血,3
3910,盅,5338,蛊,3
3911,盆,3920,盒,3
3914,益,3922,盖,3
3917,盏,3915,盍,3
3929,目,15,且,3
3929,目,1003,回,3
3931,盱,2429,旴,3
3931,盱,3930,盯,3
3933,直,5006,苴,3
3944,看,3773,番,3
3944,看,3963,着,3
3961,眺,3951,眦,3
3964,睁,3960,眸,3
3971,睡,2507,曛,3
3977,睫,4837,腱,3
3997,瞪,970,噔,3
4002,瞵,4858,膦,3
4011,矣,3382,炱,3
4025,矿,4023,矽,3
4031,砍,4067,硕,3
4050,砰,4083,碎,3
4061,硅,4035,砖,3
4100,碴,5918,蹅,3
4105,磅,4090,碜,3
4108,磋,4104,磁,3
4127,示,97,亦,3
4132,祁,6131,邡,3
4134,祆,5483,袄,3
4138,祓,5498,袯,3
4142,祛,5495,袪,3
4178,秆,2549,杆,3
4178,秆,3611,玕,3
4178,秆,4188,秤,3
4189,秦,1228,奏,3
4189,秦,2673,桊,3
4194,积,2603,枳,3
4196,秸,2679,桔,3
4197,移,4202,稃,3
4202,稃,2692,桴,3
4203,稆,4194,积,3
4219,稿,2790,槁,3
4227,究,4233,窀,3
4237,窅,4245,窗,3
4248,窝,1446,寓,3
4260,立,41,主,3
4267,竣,3105,浚,3
4271,端,3208,湍,3
4290,笤,4276,笃,3
4298,笱,4312,筒,3
4306,等,4274,竽,3
4312,筒,4331,简,3
4312,筒,5046,茼,3
4330,签,639,叁,3
4346,箩,1194,复,3
4355,篆,4335,箓,3
4365,篢,4343,箦,3
4366,篥,1610,巢,3
4370,篱,4361,篙,3
4371,篷,6085,逢,3
4378,簌,4389,籁,3
4384,簧,4365,篢,3
4390,籍,5269,藉,3
4391,米,2537,末,3
4393,类,4409,粪,3
4407,粤,1238,奥,3
4429,糜,7106,麇,3
4439,索,4437,紊,3
4443,絮,1386,孥,3
4456,红,4598,缸,3
4458,纤,6282,钎,3
4460,约,1673,幻,3
4464,纪,4456,红,3
4466,纬,169,伟,3
4466,纬,5611,讳,3
4468,纯,2985,沌,3
4477,纸,3031,泜,3
4478,纹,2973,汶,3
4479,纺,5622,访,3
4481,纽,6312,钮,3
4483,线,2027,战,3
4483,线,4502,绒,3
4483,线,6790,饯,3
4488,组,3006,沮,3
4490,细,188,佃,3
4491,织,5629,识,3
4492,终,205,佟,3
4494,绊,181,伴,3
4497,绍,5637,诏,3
4499,经,3054,泾,3
4500,绐,4508,给,3
4502,绒,5664,诫,3
4503,结,217,佶,3
4505,绕,236,侥,3
4505,绕,3090,浇,3
4511,络,4492,终,3
4516,绡,4531,绱,3
4518,绣,5670,诱,3
4520,绥,4563,缓,3
4521,绦,3140,涤,3
4521,绦,4487,练,3
4522,继,5712,谜,3
4525,绪,4569,缙,3
4525,绪,5677,诸,3
4527,续,4572,缜,3
4533,绳,4512,绝,3
4538,绸,5688,调,3
4538,绸,6988,鲷,3
4551,缅,3209,湎,3
4583,缨,3703,璎,3
4588,缭,6484,镣,3
4591,缰,345,僵,3
4607,罗,2434,旻,3
4668,老,5022,茏,3
4676,耐,6198,酎,3
4698,耶,649,取,3
4728,肖,1473,尚,3
4730,肚,4731,肛,3
4735,肠,2527,朐,3
4736,股,4788,胶,3
4737,肢,4736,股,3
4738,肤,4777,胩,3
4738,肤,4802,脒,3
4754,肿,4768,胛,3
4756,胁,4725,肋,3
4758,胃,4759,胄,3
4763,胎,4793,脂,3
4766,胙,2453,昨,3
4767,胚,4815,脸,3
4771,胞,6762,飑,3
4784,胱,4812,脱,3
4788,胶,4809,脧,3
4799,脏,3972,睢,3
4812,脱,4784,胱,3
4815,脸,4826,腔,3
4822,腐,4862,膺,3
4844,腾,5421,螣,3
4852,膘,4828,腙,3
4854,膛,4857,膣,3
4875,自,3890,白,3
4934,艺,4947,芒,3
4938,节,4957,芦,3
4947,芒,4945,芏,3
4954,芡,5024,茓,3
4958,芨,4937,艿,3
4961,芫,5045,茺,3
4965,芯,5241,蕊,3
4985,苏,5073,荪,3
4988,苓,4959,芩,3
4993,苛,4996,苟,3
4993,苛,5047,荀,3
4995,苞,4963,芭,3
4996,苟,4943,芍,3
5001,若,5027,茗,3
5002,苦,4989,苔,3
5005,英,5032,茧,3
5014,茄,5044,茹,3
5019,茉,5101,莱,3
5020,茌,5053,荏,3
5035,茬,5054,荐,3
5044,茹,5014,茄,3
5052,草,6673,革,3
5053,荏,5020,茌,3
5074,荫,5143,萌,3
5079,荷,5119,菏,3
5080,荸,5178,葶,3
5081,荻,5156,萩,3
5082,荼,5148,萘,3
5099,莫,5075,荬,3
5100,莰,5033,茨,3
5101,莱,5038,茱,3
5101,莱,5197,蒹,3
5109,莺,5023,茑,3
5117,菊,5169,葡,3
5119,菏,4992,苘,3
5123,菜,5038,茱,3
5143,萌,5074,荫,3
5164,著,5231,蔷,3
5179,葸,5175,葱,3
5191,蒟,5172,葫,3
5194,蒲,5254,薄,3
5196,蒸,3467,燕,3
5205,蓉,5192,蒡,3
5207,蓍,5164,著,3
5209,蓑,5283,蘘,3
5231,蔷,5113,菁,3
5269,藉,4390,籍,3
5291,虐,5294,虚,3
5298,虬,5299,虮,3
5308,蚀,6794,饳,3
5309,蚁,5311,蚊,3
5310,蚂,3615,玛,3
5327,蚰,5332,蚺,3
5338,蛊,3916,盎,3
5344,蛔,5383,蜩,3
5346,蛙,5352,蛭,3
5346,蛙,5404,蝰,3
5350,蛤,5337,蛉,3
5359,蛸,5370,蜎,3
5360,蛹,5407,蝻,3
5371,蜒,5372,蜓,3
5432,蟆,5410,蝾,3
5432,蟆,5450,蠖,3
5445,蠃,4639,羸,3
5464,衙,5463,街,3
5465,衡,5462,衔,3
5475,衰,5494,袤,3
5477,衷,789,哀,3
5504,装,5514,裟,3
5511,裕,5501,袼,3
5523,裴,5504,装,3
5523,裴,5514,裟,3
5527,裾,5513,裙,3
5538,褪,3445,煺,3
5555,观,2842,欢,3
5558,视,4144,祝,3
5569,角,3746,甬,3
5595,计,113,什,3
5597,讣,5598,认,3
5599,讥,2990,沘,3
5601,讧,2962,江,3
5604,讪,2956,汕,3
5605,讫,4459,纥,3
5606,训,3076,洲,3
5607,议,2973,汶,3
5608,讯,6028,迅,3
5609,记,2959,汜,3
5611,讳,4466,纬,3
5612,讴,2997,沤,3
5616,许,2957,汗,3
5618,论,5640,诒,3
5624,证,5665,诬,3
5628,诅,4488,组,3
5630,诈,202,作,3
5632,诊,3637,珍,3
5635,词,184,伺,3
5635,词,5626,诃,3
5639,译,3065,洚,3
5639,译,5662,诨,3
5646,诘,3055,洁,3
5648,诚,427,减,3
5648,诚,5664,诫,3
5649,诛,5642,诔,3
5651,话,5653,诟,3
5656,询,4509,绚,3
5657,诣,3128,涓,3
5657,诣,3216,湝,3
5660,详,5692,谇,3
5661,诧,3007,沱,3
5677,诸,5646,诘,3
5684,诿,297,倭,3
5688,调,425,凋,3
5688,调,3151,涸,3
5694,谊,3187,渔,3
5694,谊,3201,渲,3
5694,谊,3681,瑄,3
5696,谌,3214,湛,3
5697,谍,5695,谋,3
5702,谒,306,偈,3
5703,谓,3256,滑,3
5718,谣,3171,淫,3
5723,谨,3695,瑾,3
5727,谬,4585,缪,3
5728,谭,3257,滓,3
5738,谷,682,各,3
5749,豪,5746,象,3
5759,貌,3569,猊,3
5762,贝,2840,欠,3
5764,负,736,员,3
5767,责,5782,贲,3
5771,货,5787,贷,3
5771,货,5797,赁,3
5785,贵,5767,责,3
5792,贼,5807,赋,3
5797,赁,5771,货,3
5798,赂,3771,略,3
5807,赋,4841,腻,3
5821,赛,5919,蹇,3
5841,起,5844,超,3
5842,趁,5846,趋,3
5856,趺,5864,跌,3
5860,跃,5864,跌,3
5868,跑,5865,跎,3
5882,路,5902,踣,3
5899,踞,5873,距,3
5903,踩,5874,跞,3
5944,躁,3713,璪,3
6003,输,2243,揄,3
6014,辟,4083,碎,3
6014,辟,4634,群,3
6024,达,6043,迟,3
6025,迁,2968,汪,3
6026,迂,6029,过,3
6033,近,6030,迈,3
6033,近,6031,迎,3
6035,返,6051,迫,3
6051,迫,6035,返,3
6056,迷,6082,速,3
6057,迸,6066,逆,3
6066,逆,6061,送,3
6073,逑,6054,述,3
6082,速,6088,逮,3
6110,遣,6106,遗,3
6132,邢,6135,邪,3
6135,邪,6132,邢,3
6138,邯,6137,邮,3
6144,邶,6147,邺,3
6146,邹,6136,邬,3
6157,郎,2530,朗,3
6177,都,6151,郁,3
6180,鄂,6164,郛,3
6230,醇,6221,酵,3
6237,醒,6234,醍,3
6254,重,1074,垂,3
6274,钆,6275,钇,3
6282,钎,4458,纤,3
6282,钎,6276,针,3
6299,钡,6304,钦,3
6300,钢,4471,纲,3
6302,钤,6333,铃,3
6304,钦,6301,钣,3
6305,钧,6332,铂,3
6325,钻,6318,钴,3
6331,铁,6359,铢,3
6348,铖,6315,钱,3
6360,铣,6345,铑,3
6369,铭,4511,络,3
6372,铰,4513,绞,3
6372,铰,6801,饺,3
6378,银,6419,锟,3
6388,销,6347,铕,3
6388,销,6438,锴,3
6389,锁,6460,镋,3
6399,锋,4510,绛,3
6411,锗,6413,错,3
6420,锡,6495,镯,3
6425,锦,6355,铞,3
6449,镀,6493,镬,3
6450,镁,6485,镤,3
6456,镇,6455,镆,3
6497,镱,6477,镜,3
6504,门,2946,汀,3
6508,闭,6535,阈,3
6510,闯,6524,闽,3
6513,闲,6508,闭,3
6517,闶,6514,闳,3
6518,闷,6509,问,3
6519,闸,6543,阐,3
6522,闻,6544,阑,3
6525,闾,6507,闫,3
6544,阑,3322,澜,3
6554,阝,601,卩,3
6561,防,6565,阶,3
6564,阵,6576,陈,3
6581,限,5875,跟,3
6581,限,6601,隈,3
6619,雀,5147,萑,3
6621,雄,4085,碓,3
6631,雕,3972,睢,3
6649,霍,6656,霪,3
6663,青,870,啬,3
6673,革,5090,莘,3
6675,靳,5262,薪,3
6715,顷,1115,埙,3
6715,顷,6717,项,3
6717,项,6715,顷,3
6730,领,6719,须,3
6732,颈,6720,顼,3
6736,颌,6742,颔,3
6742,颔,6736,颌,3
6744,颗,6746,颙,3
6763,飒,3001,沨,3
6763,飒,5620,讽,3
6790,饯,6315,钱,3
6793,饲,184,伺,3
6801,饺,4513,绞,3
6808,馃,6418,锞,3
6826,首,4994,苜,3
6829,香,3773,番,3
6832,马,1460,导,3
6847,驼,6851,骀,3
6860,骋,4713,聘,3
6873,骚,1754,强,3
6962,鲜,6944,鲆,3
6969,鲤,7003,鳇,3
6972,鲧,6971,鲦,3
6985,鲴,6988,鲷,3
7030,鸠,7039,鸪,3
7033,鸣,697,吗,3
7052,鸸,7062,鹂,3
7057,鸽,6306,钨,3
7063,鹃,7083,鹝,3
7078,鹗,7098,鹮,3
7088,鹣,7068,鹈,3
7104,鹿,7105,麂,3
7125,黑,4612,罢,3
7125,黑,4619,罴,3
7184,龟,7142,黾,3
4,万,1738,弓,2
5,丈,1205,大,2
7,上,1027,土,2
15,且,3929,目,2
19,丙,6633,雨,2
25,丢,636,去,2
27,严,98,产,2
33,中,3498,牛,2
34,丰,2052,手,2
41,主,4231,空,2
41,主,4453,纟,2
41,主,4878,至,2
41,主,6021,辶,2
45,乂,641,又,2
46,乃,9,丌,2
49,么,373,公,2
49,么,635,厶,2
51,之,1611,工,2
51,之,1721,廴,2
51,之,5594,讠,2
53,乍,141,仨,2
54,乎,168,伞,2
54,乎,752,呼,2
54,乎,1668,平,2
56,乐,54,乎,2
56,乐,4174,禾,2
58,乓,18,丘,2
58,乓,57,乒,2
64,九,353,兀,2
65,乞,134,仝,2
65,乞,2922,气,2
65,乞,6273,钅,2
66,也,17,世,2
67,习,449,刁,2
67,习,675,司,2
68,乡,1200,多,2
68,乡,4463,纩,2
69,书,6702,韦,2
71,买,3358,灵,2
71,买,6832,马,2
73,乳,6274,钆,2
74,乾,6689,鞔,2
75,了,2,丁,2
75,了,1738,弓,2
79,二,6,三,2
80,亍,81,于,2
81,于,2053,扌,2
83,云,374,六,2
83,云,1672,幺,2
84,互,18,丘,2
84,互,5740,豆,2
86,五,18,丘,2
86,五,2571,杰,2
86,五,3607,玉,2
87,井,2120,拌,2
89,亚,24,丞,2
89,亚,1722,延,2
92,亠,79,二,2
94,亢,1677,庀,2
97,亦,3787,疔,2
97,亦,4127,示,2
98,产,2040,户,2
98,产,6011,辛,2
99,亨,103,亭,2
99,亨,1751,弯,2
101,享,103,亭,2
102,京,4436,系,2
103,亭,5178,葶,2
104,亮,1188,壳,2
105,亲,2563,条,2
105,亲,5123,菜,2
110,人,372,八,2
111,亻,30,个,2
112,亿,4464,纪,2
113,什,132,付,2
113,什,2947,汁,2
114,仁,112,亿,2
114,仁,129,仕,2
121,仉,120,仇,2
124,仍,135,仞,2
125,从,140,以,2
126,仑,6780,饣,2
127,仓,126,仑,2
127,仓,551,包,2
127,仓,1220,奁,2
127,仓,3483,爸,2
129,仕,558,化,2
131,仗,162,休,2
132,付,128,仔,2
136,仟,128,仔,2
136,仟,151,任,2
136,仟,1815,忏,2
136,仟,3528,犴,2
139,令,55,乏,2
139,令,122,今,2
139,令,134,仝,2
139,令,375,兮,2
140,以,2900,比,2
140,以,5598,认,2
142,仪,4478,纹,2
151,任,141,仨,2
151,任,158,伍,2
152,份,4500,绐,2
153,仿,1045,坊,2
158,伍,151,任,2
161,伐,113,什,2
162,休,249,俅,2
163,众,1687,应,2
165,伙,120,仇,2
165,伙,173,伥,2
166,会,122,今,2
169,伟,201,佛,2
178,伯,3021,泊,2
179,估,4143,祜,2
181,伴,149,件,2
181,伴,195,体,2
181,伴,230,侔,2
182,伶,240,侩,2
182,伶,2122,拎,2
184,伺,687,同,2
185,似,1279,姒,2
185,似,4474,纵,2
188,佃,4490,细,2
189,但,1783,徂,2
191,低,270,俯,2
192,住,128,仔,2
192,住,151,任,2
192,住,3038,注,2
193,佐,179,估,2
195,体,249,俅,2
196,何,267,俪,2
196,何,692,向,2
199,余,2052,手,2
199,余,4392,籴,2
201,佛,4495,绋,2
202,作,758,咋,2
202,作,5630,诈,2
205,佟,4492,终,2
206,你,128,仔,2
206,你,148,仵,2
206,你,256,俘,2
210,佧,173,伥,2
212,佬,215,佳,2
212,佬,236,侥,2
212,佬,307,偌,2
212,佬,6345,铑,2
214,佰,254,俑,2
215,佳,223,侄,2
215,佳,236,侥,2
215,佳,5644,诖,2
223,侄,190,位,2
223,侄,1784,径,2
223,侄,6615,隹,2
224,侈,311,做,2
226,例,238,侧,2
226,例,419,冽,2
227,侍,5645,诗,2
230,侔,277,俾,2
231,侗,203,佝,2
231,侗,3067,洞,2
234,侠,232,供,2
234,侠,3087,浃,2
234,侠,3552,狭,2
236,侥,212,佬,2
239,侨,150,价,2
239,侨,2686,桥,2
240,侩,262,信,2
240,侩,3406,烩,2
240,侩,4507,绘,2
243,侮,296,倬,2
243,侮,3118,海,2
243,侮,5671,诲,2
244,侯,261,俟,2
244,侯,4358,篌,2
245,侵,3119,浸,2
247,促,3107,浞,2
250,俊,255,俗,2
250,俊,1913,悛,2
252,俏,5667,诮,2
253,俐,226,例,2
253,俐,281,倒,2
255,俗,291,倥,2
255,俗,3117,浴,2
257,俚,3561,狸,2
259,保,228,侏,2
260,俞,1962,愈,2
268,俭,190,位,2
268,俭,6591,险,2
270,俯,330,催,2
272,俳,1796,徘,2
281,倒,253,俐,2
283,倔,180,伲,2
284,倘,4531,绱,2
285,候,3588,猴,2
289,借,255,俗,2
289,借,307,偌,2
289,借,626,厝,2
292,倦,318,偻,2
300,债,319,偾,2
300,债,4524,绩,2
303,倾,6724,颀,2
311,做,3298,潋,2
312,停,324,傍,2
314,偬,315,偲,2
314,偬,4557,缌,2
316,偶,306,偈,2
323,傈,350,儒,2
324,傍,349,儋,2
324,傍,3250,滂,2
328,储,2800,槠,2
335,像,2823,橡,2
342,僮,3314,潼,2
350,儒,2010,懦,2
354,允,2840,欠,2
355,元,83,云,2
356,兄,360,光,2
356,兄,662,只,2
358,兆,2860,此,2
359,先,360,光,2
359,先,362,免,2
359,先,1213,失,2
360,光,94,亢,2
360,光,363,兑,2
360,光,1535,岩,2
361,克,366,兖,2
367,党,5522,裳,2
370,入,110,人,2
370,入,448,刀,2
370,入,449,刁,2
371,全,139,令,2
372,八,370,入,2
373,公,1672,幺,2
374,六,47,久,2
374,六,592,卞,2
377,共,4977,苄,2
378,关,3368,炎,2
378,关,4010,矢,2
381,其,382,具,2
381,其,5138,萁,2
382,具,3948,真,2
387,兽,6940,鲁,2
390,冂,6504,门,2
396,冒,4758,胃,2
397,冕,2464,晃,2
399,冗,356,兄,2
399,冗,5554,见,2
401,军,400,写,2
401,军,2422,早,2
405,冤,364,兔,2
409,冯,2989,沔,2
409,冯,3051,泻,2
415,冶,416,冷,2
415,冶,668,台,2
415,冶,3015,沾,2
416,冷,3030,泛,2
417,冻,3050,泺,2
421,凄,1272,妻,2
422,准,5686,谁,2
424,凉,417,冻,2
424,凉,3164,淙,2
425,凋,5688,调,2
426,凌,3105,浚,2
426,凌,3262,滚,2
427,减,5648,诚,2
429,凛,424,凉,2
429,凛,3277,漂,2
431,几,112,亿,2
431,几,999,囗,2
439,凵,635,厶,2
440,凶,445,凼,2
445,凼,446,函,2
445,凼,1675,幽,2
446,函,1675,幽,2
448,刀,449,刁,2
448,刀,451,刃,2
448,刀,514,力,2
452,分,456,刍,2
453,切,517,功,2
455,刊,458,刑,2
455,刊,470,利,2
459,划,1037,圳,2
462,刘,461,列,2
462,刘,486,剂,2
464,刚,467,删,2
465,创,463,则,2
470,利,458,刑,2
470,利,479,刹,2
470,利,6278,钊,2
474,到,461,列,2
476,制,471,别,2
476,制,6150,邾,2
477,刷,3147,涮,2
481,刻,496,剖,2
482,刽,493,剑,2
485,剁,471,别,2
485,剁,479,刹,2
492,剐,505,副,2
493,剑,482,刽,2
493,剑,4454,纠,2
493,剑,6278,钊,2
494,剔,492,剐,2
496,剖,473,刮,2
502,剧,492,剐,2
503,剩,480,刺,2
506,割,497,剜,2
508,剿,513,劓,2
514,力,1468,少,2
514,力,3525,犭,2
515,劝,1267,妫,2
524,努,1635,帑,2
528,励,533,勃,2
529,劲,538,勐,2
530,劳,5117,菊,2
533,勃,539,勒,2
542,募,1661,幕,2
547,勺,548,勾,2
547,勺,6505,闩,2
549,勿,548,勾,2
549,勿,550,匀,2
550,匀,549,勿,2
551,包,1399,它,2
552,匆,549,勿,2
558,化,129,仕,2
558,化,138,代,2
559,北,1186,壮,2
561,匚,1611,工,2
564,匠,4873,臣,2
565,匡,572,医,2
573,匾,6094,逼,2
575,十,1667,干,2
577,卅,1608,州,2
579,午,576,千,2
581,半,3498,牛,2
585,卒,6011,辛,2
586,卓,2674,桌,2
586,卓,5052,草,2
587,单,1387,学,2
591,卜,1809,忄,2
592,卞,595,卡,2
592,卞,1205,大,2
594,占,695,吕,2
596,卢,594,占,2
598,卤,1184,士,2
603,卮,616,厄,2
607,即,6143,邵,2
607,即,6157,郎,2
608,却,525,劫,2
608,却,6152,郄,2
609,卵,604,卯,2
615,厂,111,亻,2
615,厂,1676,广,2
618,历,19,丙,2
620,压,16,丕,2
621,厌,1679,庆,2
624,厘,566,匣,2
624,厘,1084,垕,2
627,原,3046,泵,2
637,厾,5300,虱,2
638,县,382,具,2
640,参,3484,爹,2
641,又,1372,孓,2
641,又,1721,廴,2
643,及,2971,汲,2
644,友,5836,走,2
646,反,142,仪,2
647,发,95,交,2
647,发,1518,岁,2
650,受,3479,爱,2
651,变,4953,芟,2
652,叙,648,叔,2
655,叠,2677,桑,2
656,口,0,々,2
656,口,390,冂,2
656,口,398,冖,2
656,口,662,只,2
657,古,685,吉,2
657,古,2401,方,2
658,句,692,向,2
658,句,3755,甸,2
661,叩,677,叻,2
663,叫,704,吣,2
665,叭,5853,趴,2
667,可,4696,耳,2
670,史,690,吏,2
671,右,657,古,2
673,叶,593,卟,2
678,叼,677,叻,2
679,叽,740,呢,2
680,吁,752,呼,2
681,吃,738,呛,2
681,吃,1031,圪,2
682,各,408,冬,2
682,各,688,名,2
683,吆,756,咄,2
684,合,65,乞,2
684,合,139,令,2
684,合,5738,谷,2
685,吉,636,去,2
687,同,2522,月,2
687,同,3929,目,2
687,同,6507,闫,2
689,后,619,厉,2
691,吐,803,哒,2
692,向,135,仞,2
692,向,184,伺,2
696,吖,776,咩,2
698,君,5300,虱,2
699,吝,700,吞,2
701,吟,808,哙,2
705,否,2554,杏,2
709,含,4890,舍,2
710,听,5631,诉,2
711,吭,730,呒,2
712,吮,771,咣,2
718,吸,676,叹,2
720,吻,708,吩,2
722,吾,1281,委,2
726,呈,1093,垦,2
726,呈,6273,钅,2
727,告,685,吉,2
727,告,5002,苦,2
729,呐,742,呦,2
736,员,2521,最,2
736,员,6713,页,2
738,呛,681,吃,2
738,呛,757,咆,2
739,呜,697,吗,2
741,呤,416,冷,2
743,周,1016,固,2
749,呷,751,呻,2
753,命,4650,翕,2
754,咀,5335,蛆,2
757,咆,706,吧,2
759,和,4176,私,2
766,咖,748,呶,2
768,咚,1547,峂,2
771,咣,804,哓,2
774,咧,419,冽,2
774,咧,715,吲,2
779,咬,714,吱,2
779,咬,1558,峧,2
779,咬,3898,皎,2
779,咬,6801,饺,2
781,咯,768,咚,2
781,咯,882,喀,2
781,咯,3771,略,2
783,咳,779,咬,2
783,咳,923,嗞,2
787,咽,4781,胭,2
789,哀,5475,衰,2
789,哀,5477,衷,2
789,哀,5509,裒,2
793,哆,813,哟,2
794,哇,3772,畦,2
796,哉,5502,裁,2
798,响,744,呱,2
799,哎,862,啖,2
802,哑,852,唾,2
805,哔,807,哗,2
805,哔,2470,晔,2
812,哞,865,啤,2
815,哦,6805,饿,2
817,哨,1561,峭,2
819,哪,3657,琊,2
820,哭,977,器,2
820,哭,4302,笼,2
822,哲,2484,晳,2
828,唁,825,哼,2
833,唐,1690,店,2
842,唧,819,哪,2
844,唬,3665,琥,2
846,唯,782,咱,2
846,唯,3972,睢,2
850,唷,855,啃,2
852,唾,802,哑,2
853,唿,3697,璁,2
855,啃,817,哨,2
855,啃,900,喟,2
862,啖,5816,赕,2
866,啥,795,哈,2
866,啥,828,唁,2
866,啥,924,嗟,2
872,啮,930,嗨,2
873,啰,806,哕,2
874,啴,953,嘡,2
880,啼,5917,蹄,2
881,啾,3985,瞅,2
882,喀,828,唁,2
882,喀,956,嘧,2
891,喊,942,嘁,2
892,喋,3198,渫,2
896,喘,961,嘴,2
904,喳,907,喹,2
904,喳,1588,嵖,2
907,喹,4308,筌,2
913,嗉,931,嗪,2
927,嗤,956,嘧,2
939,嗽,938,嗷,2
942,嘁,891,喊,2
943,嘈,967,噌,2
944,嘉,4107,磊,2
944,嘉,4650,翕,2
950,嘛,858,啉,2
959,嘱,1571,崛,2
961,嘴,5572,觜,2
963,嘹,3999,瞭,2
964,嘻,828,唁,2
964,嘻,974,噜,2
965,嘿,818,哩,2
967,噌,2519,曾,2
979,噪,809,哚,2
979,噪,3713,璪,2
983,噶,943,嘈,2
989,嚎,913,嗉,2
990,嚏,969,噎,2
995,嚷,5544,襄,2
1001,四,1003,回,2
1001,四,1009,囫,2
1001,四,3908,皿,2
1003,回,442,凹,2
1003,回,3929,目,2
1003,回,6509,问,2
1005,因,1010,园,2
1007,团,1006,囡,2
1007,团,6508,闭,2
1008,囤,1017,国,2
1011,困,1005,因,2
1011,困,1013,围,2
1011,困,3749,田,2
1012,囱,598,卤,2
1013,围,1023,圈,2
1016,固,687,同,2
1016,固,743,周,2
1016,固,1005,因,2
1016,固,1006,囡,2
1016,固,1008,囤,2
1016,固,1017,国,2
1017,国,1016,固,2
1017,国,1024,圉,2
1018,图,1021,圄,2
1018,图,1022,圆,2
1020,圃,1024,圉,2
1022,圆,1010,园,2
1022,圆,1014,囵,2
1022,圆,1026,圜,2
1023,圈,1018,图,2
1023,圈,1024,圉,2
1023,圈,1025,圊,2
1028,圣,4878,至,2
1029,在,671,右,2
1029,在,1612,左,2
1029,在,4945,芏,2
1038,圹,2065,扩,2
1042,址,1099,垯,2
1043,坂,2073,扳,2
1044,均,1039,场,2
1044,均,1100,垱,2
1048,坎,1058,坟,2
1048,坎,3367,炊,2
1050,坐,1472,尘,2
1051,坑,1031,圪,2
1051,坑,2091,抗,2
1052,块,2083,抉,2
1058,坟,1045,坊,2
1058,坟,5311,蚊,2
1062,坦,1107,埋,2
1062,坦,5843,趄,2
1065,坪,1087,垟,2
1065,坪,2101,抨,2
1065,坪,5627,评,2
1066,坫,2117,拈,2
1068,坯,1097,垭,2
1071,坷,3633,珂,2
1073,坼,2115,拆,2
1075,垃,2113,拄,2
1075,垃,4398,粒,2
1086,垞,1063,坨,2
1091,垣,1097,垭,2
1096,垫,5354,蛰,2
1098,垮,2161,挎,2
1099,垯,2167,挞,2
1100,垱,2170,挡,2
1107,埋,818,哩,2
1107,埋,1062,坦,2
1107,埋,3654,理,2
1111,埔,2195,捕,2
1115,埙,1116,埚,2
1115,埙,1144,堤,2
1117,埝,5687,谂,2
1118,域,5384,蜮,2
1126,基,3738,甚,2
1128,埽,1164,墁,2
1129,堀,2223,掘,2
1130,堂,1422,室,2
1131,堆,1090,垢,2
1131,堆,2229,推,2
1131,堆,6868,骓,2
1138,堑,1082,垒,2
1144,堤,4553,缇,2
1152,塌,3247,溻,2
1157,塞,1422,室,2
1157,塞,5919,蹇,2
1162,塾,1096,垫,2
1165,境,1149,塃,2
1169,墒,2300,摘,2
1170,墓,1126,基,2
1170,墓,5021,茎,2
1171,墙,1362,嫱,2
1175,墦,2322,播,2
1184,士,3,七,2
1186,壮,559,北,2
1186,壮,2061,扛,2
1187,声,596,卢,2
1191,夂,47,久,2
1193,备,6258,釜,2
1197,夕,1240,女,2
1198,外,1192,处,2
1202,够,4559,缎,2
1202,够,7047,鸲,2
1205,大,374,六,2
1205,大,1207,太,2
1206,天,641,又,2
1206,天,2416,无,2
1206,天,3524,犬,2
1208,夫,1471,尖,2
1211,央,1213,失,2
1211,央,1217,夹,2
1217,夹,1215,夷,2
1217,夹,3486,爽,2
1223,奇,1216,夸,2
1223,奇,1218,夺,2
1224,奈,1216,夸,2
1224,奈,2630,柰,2
1233,套,1227,奎,2
1236,奠,1466,尊,2
1238,奥,4877,臭,2
1240,女,3485,爻,2
1241,奴,645,双,2
1241,奴,1251,妇,2
1244,她,1036,地,2
1245,好,1252,妈,2
1251,妇,1246,妁,2
1252,妈,1318,娼,2
1252,妈,5310,蚂,2
1257,妖,1253,妊,2
1257,妖,1301,娇,2
1263,妥,2896,每,2
1264,妨,1278,姑,2
1264,妨,1287,姞,2
1265,妩,1300,娆,2
1268,妮,1265,妩,2
1273,妾,5083,荽,2
1276,始,1264,妨,2
1276,始,1280,姓,2
1276,始,1287,姞,2
1277,姐,4186,租,2
1278,姑,1247,如,2
1278,姑,1276,始,2
1281,委,1263,妥,2
1284,姚,1261,妣,2
1285,姜,1273,妾,2
1290,姨,1323,婕,2
1291,姬,1306,娓,2
1293,姻,1274,姆,2
1295,姿,5800,资,2
1297,娃,1280,姓,2
1309,娟,1337,媚,2
1313,娩,1292,姹,2
1317,娶,4714,聚,2
1318,娼,1309,娟,2
1318,娼,1337,媚,2
1321,婉,1345,嫁,2
1321,婉,5390,蜿,2
1323,婕,1290,姨,2
1327,婧,1362,嫱,2
1331,婵,1326,婢,2
1335,婿,1337,媚,2
1336,媒,1352,嫘,2
1336,媒,5406,蝶,2
1337,媚,1318,娼,2
1337,媚,3590,猸,2
1345,嫁,4217,稼,2
1347,嫉,1310,娠,2
1354,嫜,1325,婞,2
1367,嬴,5828,赢,2
1370,子,75,了,2
1371,孑,2052,手,2
1375,字,1374,孕,2
1375,字,1410,宗,2
1376,存,2545,朽,2
1380,孜,2358,政,2
1384,季,4175,秀,2
1385,孤,2087,抓,2
1389,孪,101,享,2
1391,孰,537,勍,2
1399,它,3362,灾,2
1400,宄,4227,究,2
1401,宅,106,亳,2
1401,宅,1472,尘,2
1404,安,1263,妥,2
1405,宋,1375,字,2
1405,宋,1417,实,2
1408,宓,1418,宠,2
1410,宗,1375,字,2
1413,定,6021,辶,2
1414,宛,4227,究,2
1415,宜,1421,宣,2
1416,宝,1401,宅,2
1417,实,71,买,2
1417,实,1436,宾,2
1419,审,4247,窜,2
1420,客,4230,穹,2
1420,客,4244,窖,2
1424,宦,1570,崖,2
1425,宪,1406,完,2
1425,宪,4233,窀,2
1426,宫,1443,富,2
1431,宵,4758,胃,2
1432,家,1761,彖,2
1435,宽,104,亮,2
1436,宾,1440,寅,2
1437,宿,4245,窗,2
1441,密,4241,窑,2
1445,寒,5072,荩,2
1446,寓,4247,窜,2
1447,寝,4154,祲,2
1449,察,1454,寮,2
1452,寥,6638,零,2
1453,寨,2287,搴,2
1453,寨,4451,纂,2
1458,寺,1218,夺,2
1465,尉,1989,慰,2
1467,小,1370,子,2
1469,尔,1375,字,2
1469,尔,4435,糸,2
1471,尖,1213,失,2
1472,尘,1471,尖,2
1473,尚,1527,岗,2
1473,尚,3938,省,2
1480,尬,1478,尥,2
1484,尹,27,严,2
1484,尹,3751,甲,2
1487,尼,1497,屉,2
1490,尿,404,冢,2
1490,尿,2079,承,2
1498,届,1506,属,2
1499,屋,1496,屈,2
1500,屎,1490,尿,2
1506,属,1496,屈,2
1507,屠,626,厝,2
1510,履,1502,屐,2
1515,屹,1516,屺,2
1517,屿,1568,崎,2
1517,屿,7059,鸿,2
1518,岁,1524,岑,2
1519,岂,1532,岜,2
1519,岂,4946,芑,2
1521,岌,4279,笈,2
1521,岌,4958,芨,2
1525,岔,3911,盆,2
1527,岗,1530,岚,2
1531,岛,2516,曷,2
1535,岩,1409,宕,2
1535,岩,4044,砦,2
1535,岩,5001,若,2
1538,岭,3033,泠,2
1552,峙,1589,嵘,2
1553,峡,1584,嵊,2
1556,峥,1562,峰,2
1559,峨,1584,嵊,2
1561,峭,1574,崤,2
1567,崇,4146,祟,2
1567,崇,4335,箓,2
1568,崎,1574,崤,2
1569,崔,5147,萑,2
1577,崩,42,丽,2
1578,崭,5248,蕲,2
1580,崴,5176,葳,2
1581,崽,1595,嵬,2
1586,嵌,1590,嵚,2
1608,州,1900,恻,2
1611,工,1027,土,2
1613,巧,1032,圬,2
1614,巨,4999,苣,2
1618,巯,3784,疏,2
1618,巯,4073,硫,2
1619,己,2859,正,2
1622,巴,3782,疋,2
1631,师,3374,炜,2
1638,帖,5784,贴,2
1643,帜,1634,帐,2
1647,帧,1638,帖,2
1647,帧,1643,帜,2
1656,幂,1661,幕,2
1656,幂,2502,暴,2
1658,幅,1637,帕,2
1664,幡,5439,蟠,2
1665,幢,1651,帷,2
1665,幢,1662,幛,2
1667,干,576,千,2
1667,干,579,午,2
1667,干,2053,扌,2
1668,平,2052,手,2
1668,平,4719,肀,2
1671,幸,6012,辜,2
1674,幼,1673,幻,2
1674,幼,4472,纳,2
1676,广,80,亍,2
1676,广,615,厂,2
1678,庄,620,压,2
1678,庄,1029,在,2
1678,庄,5288,虍,2
1679,庆,621,厌,2
1679,庆,2042,戾,2
1681,床,1705,康,2
1682,庋,1699,度,2
1693,府,1688,底,2
1693,府,5009,苻,2
1695,废,1694,庞,2
1703,庵,2049,扈,2
1716,廖,1452,寥,2
1717,廙,3843,痹,2
1724,建,6082,速,2
1724,建,6088,逮,2
1729,异,1670,并,2
1731,弄,580,卉,2
1738,弓,4453,纟,2
1741,弘,1747,弧,2
1743,弟,5010,茀,2
1746,弦,4261,竑,2
1751,弯,6634,雩,2
1752,弱,6844,驹,2
1753,弹,2877,殍,2
1753,弹,3162,淖,2
1753,弹,4530,绰,2
1758,归,1834,忸,2
1758,归,2420,旧,2
1759,当,1518,岁,2
1760,录,2961,汞,2
1767,彤,1766,形,2
1767,彤,4732,肜,2
1773,彭,6903,髟,2
1780,彼,3035,波,2
1781,往,1784,径,2
1781,往,3038,注,2
1781,往,4473,纴,2
1782,征,5624,证,2
1782,征,6316,钲,2
1784,径,1781,往,2
1785,待,1795,得,2
1789,徊,4490,细,2
1790,律,4466,纬,2
1803,微,1806,徼,2
1804,徵,1806,徼,2
1809,忄,1467,小,2
1810,必,2977,沁,2
1813,忌,1895,恳,2
1814,忍,1877,恐,2
1820,志,5830,赤,2
1821,忘,1820,志,2
1822,忙,1862,性,2
1824,忠,1820,志,2
1825,忡,1629,帅,2
1826,忤,1815,忏,2
1827,忧,164,优,2
1827,忧,1868,怵,2
1828,忪,2578,松,2
1829,快,1876,恍,2
1833,念,5479,衾,2
1834,忸,2576,杻,2
1835,忻,1815,忏,2
1836,忽,1814,忍,2
1838,忿,1858,怠,2
1839,怀,2570,杯,2
1843,怄,1851,怔,2
1845,怆,3375,炝,2
1846,怊,1915,悟,2
1847,怍,4766,胙,2
1848,怎,1817,忑,2
1848,怎,1869,总,2
1848,怎,1875,恋,2
1851,怔,1878,恒,2
1852,怕,1081,垍,2
1853,怖,1631,师,2
1856,怜,2122,拎,2
1860,急,1966,意,2
1862,性,3508,牲,2
1862,性,5346,蛙,2
1863,怨,1884,恣,2
1865,怪,2634,柽,2
1867,怯,1844,怅,2
1873,恂,2647,栒,2
1876,恍,1837,忾,2
1878,恒,1855,怛,2
1881,恚,1880,恙,2
1887,恨,3440,煨,2
1888,恩,1850,怒,2
1890,恫,231,侗,2
1892,恭,4445,綦,2
1903,恿,1886,恧,2
1903,恿,1893,息,2
1905,悄,2702,梢,2
1908,悍,1902,恽,2
1910,悔,2697,梅,2
1913,悛,3417,焌,2
1915,悟,3512,牾,2
1917,悢,1887,恨,2
1918,患,5243,蕙,2
1919,悦,2714,棁,2
1920,您,1916,悠,2
1930,悼,1933,惇,2
1931,情,1940,惜,2
1935,惋,4827,腕,2
1935,惋,5390,蜿,2
1937,惕,5386,蜴,2
1940,惜,1967,愔,2
1943,惠,1984,慝,2
1945,惧,271,俱,2
1946,惨,2240,掺,2
1947,惩,1872,恁,2
1950,惭,3185,渐,2
1951,惮,1930,悼,2
1951,惮,3427,焯,2
1952,惯,1973,愤,2
1956,惶,1958,惺,2
1960,愁,1995,憖,2
1963,愉,317,偷,2
1963,愉,2243,揄,2
1963,愉,5396,蝓,2
1969,愚,1918,患,2
1969,愚,7125,黑,2
1971,愠,4843,腽,2
1973,愤,1974,愦,2
1983,慕,5153,萦,2
1985,慢,1660,幔,2
1991,慷,4865,臁,2
1992,憋,1998,憨,2
1993,憎,2011,懵,2
1993,憎,2827,橹,2
1995,憖,1960,愁,2
1998,憨,2013,戆,2
2002,憾,2329,撼,2
2009,懔,1976,愫,2
2014,戈,1735,弋,2
2015,戊,2017,戌,2
2015,戊,2020,戏,2
2019,戎,1736,式,2
2019,戎,2023,戒,2
2021,成,1769,彧,2
2024,戕,2022,我,2
2025,或,1736,式,2
2025,或,2019,戎,2
2025,或,2021,成,2
2035,截,796,哉,2
2040,户,1483,尸,2
2044,所,6565,阶,2
2054,才,2053,扌,2
2055,扎,2061,扛,2
2056,扑,2057,扒,2
2057,扒,2056,扑,2
2059,扔,2066,扪,2
2059,扔,2068,扬,2
2059,扔,2132,招,2
2061,扛,2562,杠,2
2062,扣,2066,扪,2
2063,扦,1030,圩,2
2063,扦,2549,杆,2
2065,扩,1038,圹,2
2068,扬,1039,场,2
2069,扭,2114,担,2
2069,扭,2116,拇,2
2069,扭,2576,杻,2
2070,扮,2117,拈,2
2070,扮,2123,拐,2
2071,扯,1042,址,2
2073,扳,2100,报,2
2073,扳,2115,拆,2
2074,扶,2106,抹,2
2075,批,2076,扺,2
2076,扺,2105,抵,2
2078,找,2639,栈,2
2079,承,1760,录,2
2080,技,2073,扳,2
2084,把,2104,抱,2
2085,抑,145,仰,2
2085,抑,2262,揶,2
2085,抑,6144,邶,2
2086,抒,2123,拐,2
2087,抓,1385,孤,2
2087,抓,2105,抵,2
2088,抔,2570,杯,2
2089,投,2188,捉,2
2091,抗,1051,坑,2
2091,抗,2154,拾,2
2091,抗,2578,松,2
2092,折,2056,扑,2
2092,折,2085,抑,2
2097,抡,2103,抬,2
2098,抢,2127,拖,2
2099,护,2082,抄,2
2099,护,2172,挣,2
2100,报,2197,损,2
2101,抨,2602,枰,2
2102,披,1060,坡,2
2102,披,1636,帔,2
2102,披,2100,报,2
2104,抱,2084,把,2
2105,抵,2092,折,2
2108,押,2174,挥,2
2108,押,2191,捍,2
2108,押,2273,搏,2
2108,押,2619,柙,2
2109,抽,2116,拇,2
2110,抿,2179,振,2
2113,拄,2631,柱,2
2113,拄,2675,桎,2
2115,拆,1073,坼,2
2115,拆,2092,折,2
2116,拇,1070,坶,2
2117,拈,1066,坫,2
2117,拈,2103,抬,2
2117,拈,2601,枯,2
2118,拉,2198,捡,2
2121,拍,1081,垍,2
2121,拍,2612,柏,2
2122,拎,2154,拾,2
2125,拓,2185,捃,2
2126,拔,2080,技,2
2127,拖,2104,抱,2
2127,拖,2181,挹,2
2129,拘,2121,拍,2
2130,拙,2178,挫,2
2131,拚,2152,拼,2
2132,招,2145,拮,2
2135,拢,1077,垅,2
2139,拦,1075,垃,2
2142,择,2172,挣,2
2142,择,2299,摔,2
2143,括,2185,捃,2
2143,括,3512,牾,2
2144,拭,1737,弑,2
2144,拭,2078,找,2
2147,拱,2305,摸,2
2147,拱,3641,珙,2
2148,拳,1225,奉,2
2148,拳,2673,桊,2
2149,拴,2122,拎,2
2149,拴,2157,挂,2
2154,拾,2070,扮,2
2154,拾,2216,掊,2
2157,挂,2208,捷,2
2158,指,2194,捐,2
2158,指,2252,揞,2
2160,按,2227,接,2
2165,挛,1389,孪,2
2169,挠,2682,桡,2
2172,挣,3555,狰,2
2174,挥,2225,探,2
2176,挨,1105,埃,2
2177,挪,2085,抑,2
2178,挫,2157,挂,2
2185,捃,2184,捂,2
2186,捅,1106,埇,2
2186,捅,2694,桷,2
2187,捆,2116,拇,2
2188,捉,2249,提,2
2191,捍,2120,拌,2
2191,捍,2174,挥,2
2191,捍,2301,摞,2
2192,捎,2158,指,2
2192,捎,2194,捐,2
2192,捎,2248,描,2
2192,捎,2300,摘,2
2194,捐,2761,楫,2
2198,捡,2139,拦,2
2199,换,2183,挽,2
2199,换,2188,捉,2
2200,捣,7040,鸫,2
2201,捧,2142,择,2
2210,捻,1117,埝,2
2210,捻,2122,拎,2
2211,掀,2266,揿,2
2212,掂,2204,据,2
2215,掉,1930,悼,2
2215,掉,2239,掸,2
2215,掉,2731,棹,2
2219,掏,2232,掬,2
2224,掠,2638,标,2
2224,掠,2737,椋,2
2227,接,2160,按,2
2228,控,1103,垸,2
2228,控,2122,拎,2
2229,推,1131,堆,2
2229,推,2112,拃,2
2230,掩,1122,埯,2
2232,掬,2219,掏,2
2237,掴,2187,捆,2
2238,掷,2232,掬,2
2245,揉,4419,糅,2
2246,揍,5999,辏,2
2247,揎,2760,楦,2
2251,揖,2761,楫,2
2256,揩,2765,楷,2
2258,揭,2265,揾,2
2261,援,1338,媛,2
2264,揽,2270,搅,2
2274,搐,2252,揞,2
2275,搒,2781,榜,2
2280,搞,2234,掮,2
2280,搞,2300,摘,2
2282,搡,2245,揉,2
2287,搴,6877,骞,2
2294,摆,2291,摁,2
2295,摇,3693,瑶,2
2297,摊,2221,排,2
2299,摔,2700,梓,2
2300,摘,2234,掮,2
2300,摘,2280,搞,2
2305,摸,2147,拱,2
2306,摹,5201,蓁,2
2311,撅,3598,獗,2
2312,撇,2314,撒,2
2312,撇,2319,撤,2
2314,撒,2316,撖,2
2314,撒,2830,檄,2
2314,撒,3311,潵,2
2316,撖,2319,撤,2
2324,撰,2294,摆,2
2327,撸,2827,橹,2
2329,撼,2291,摁,2
2333,操,3469,燥,2
2333,操,3713,璪,2
2339,擞,2266,揿,2
2342,擦,2308,摽,2
2342,擦,2837,檫,2
2350,支,5836,走,2
2353,收,4478,纹,2
2355,改,1380,孜,2
2355,改,2357,放,2
2355,改,2358,政,2
2355,改,2973,汶,2
2355,改,3612,玖,2
2355,改,3623,玫,2
2356,攻,1380,孜,2
2356,攻,2355,改,2
2358,政,2356,攻,2
2358,政,3616,玟,2
2358,政,3623,玫,2
2359,故,2362,敌,2
2364,救,2365,敕,2
2366,敖,2362,敌,2
2366,敖,2376,数,2
2367,教,2849,欹,2
2368,敛,4478,纹,2
2369,敝,2361,敉,2
2369,敝,2370,敞,2
2369,敝,5831,赦,2
2370,敞,2375,敬,2
2372,散,2376,数,2
2372,散,2849,欹,2
2373,敦,2357,放,2
2376,数,1334,婺,2
2376,数,5263,薮,2
2379,敷,2376,数,2
2380,文,1721,廴,2
2381,斋,4172,离,2
2382,斌,5807,赋,2
2387,料,2090,抖,2
2387,料,4679,耕,2
2393,斤,4,万,2
2396,斩,5977,轹,2
2399,斯,541,勘,2
2400,新,4135,祈,2
2403,施,4515,绠,2
2404,旁,5130,菪,2
2417,既,3228,溉,2
2418,日,2420,旧,2
2418,日,3929,目,2
2420,旧,2966,汨,2
2420,旧,3039,泪,2
2421,旨,1518,岁,2
2421,旨,2443,昏,2
2421,旨,4312,筒,2
2423,旬,687,同,2
2423,旬,6515,间,2
2430,时,1457,对,2
2431,旷,3940,眇,2
2435,昀,2527,朐,2
2438,昆,2463,晁,2
2439,昉,3762,畋,2
2439,昉,3946,眙,2
2440,昊,716,吴,2
2442,明,2435,昀,2
2445,昔,870,啬,2
2445,昔,2465,晋,2
2445,昔,4994,苜,2
2445,昔,5007,苷,2
2448,昝,760,咎,2
2449,星,2467,晏,2
2450,映,4838,腴,2
2451,春,3944,看,2
2453,昨,3946,眙,2
2455,是,2502,暴,2
2455,是,5852,足,2
2458,昵,3949,眠,2
2460,昼,1488,尽,2
2462,显,3365,炅,2
2464,晃,397,冕,2
2464,晃,2426,旯,2
2465,晋,5164,著,2
2468,晒,4842,腼,2
2474,晚,3976,睨,2
2474,晚,4812,脱,2
2478,晤,2497,暗,2
2479,晦,3964,睁,2
2481,普,2465,晋,2
2491,暄,902,喧,2
2495,暑,4353,箸,2
2496,暖,3774,畯,2
2513,曲,3011,油,2
2517,曹,5121,菖,2
2518,曼,3288,漫,2
2519,曾,5522,裳,2
2522,月,6509,问,2
2523,有,1376,存,2
2525,朋,6563,阴,2
2527,朐,2435,昀,2
2528,朔,6303,钥,2
2529,朕,4712,联,2
2530,朗,4646,翊,2
2532,朝,6988,鲷,2
2534,朦,4926,艨,2
2535,木,2537,末,2
2535,木,2571,杰,2
2537,末,34,丰,2
2537,末,2564,来,2
2538,本,34,丰,2
2538,本,1218,夺,2
2538,本,2535,木,2
2539,札,2559,杜,2
2540,术,2535,木,2
2541,朱,4677,耒,2
2543,朵,2547,杂,2
2544,机,2599,枫,2
2545,朽,2577,杼,2
2545,朽,2584,枋,2
2545,朽,2604,枵,2
2546,杀,22,东,2
2546,杀,1218,夺,2
2549,杆,1243,奸,2
2551,杉,2584,枋,2
2554,杏,685,吉,2
2554,杏,4177,秃,2
2556,村,2555,材,2
2559,杜,2583,枉,2
2562,杠,2549,杆,2
2564,来,1217,夹,2
2564,来,2547,杂,2
2564,来,2663,栾,2
2564,来,4718,聿,2
2565,杧,2559,杜,2
2565,杧,2583,枉,2
2566,杨,2693,桶,2
2569,杭,2552,杌,2
2569,杭,2584,枋,2
2569,杭,2690,桩,2
2575,杷,2084,把,2
2577,杼,2086,抒,2
2579,板,2580,极,2
2580,极,2548,权,2
2580,极,2706,梭,2
2581,构,2129,拘,2
2581,构,2557,杓,2
2582,枇,2075,批,2
2583,枉,2681,桠,2
2584,枋,2624,柠,2
2585,析,2632,柳,2
2587,林,2556,村,2
2587,林,4187,秣,2
2589,枚,2361,敉,2
2589,枚,2365,敕,2
2590,果,4411,粱,2
2591,枝,1831,忮,2
2593,枢,2681,桠,2
2595,枥,2610,柄,2
2598,枪,2098,抢,2
2599,枫,3804,疯,2
2601,枯,2618,柘,2
2601,枯,2679,桔,2
2602,枰,2101,抨,2
2604,枵,2704,梧,2
2610,柄,2595,枥,2
2612,柏,4399,粕,2
2615,柒,2616,染,2
2615,柒,2633,柴,2
2615,柒,3323,澡,2
2623,柞,2112,拃,2
2631,柱,2583,枉,2
2631,柱,2645,栏,2
2631,柱,2672,桉,2
2631,柱,2690,桩,2
2631,柱,2728,棰,2
2632,柳,2747,椰,2
2633,柴,2615,柒,2
2633,柴,4441,紫,2
2634,柽,2142,择,2
2635,柿,2595,枥,2
2642,栋,2156,持,2
2648,栓,2666,桂,2
2648,栓,2675,桎,2
2651,栝,2740,椐,2
2652,栟,2152,拼,2
2655,株,2644,栎,2
2657,栳,2669,桅,2
2658,样,2611,柈,2
2658,样,2775,榉,2
2659,核,2688,桧,2
2659,核,2729,棱,2
2660,根,2110,抿,2
2660,根,4201,稂,2
2661,格,2699,梏,2
2661,格,2704,梧,2
2668,桄,2682,桡,2
2670,框,2593,枢,2
2670,框,2739,椎,2
2671,案,1428,宰,2
2671,案,1449,察,2
2671,案,4250,窠,2
2674,桌,4876,臬,2
2676,桐,3934,相,2
2677,桑,2663,栾,2
2681,桠,1299,娅,2
2682,桡,2169,挠,2
2684,档,4198,秽,2
2687,桦,2602,枰,2
2687,桦,2784,榫,2
2689,桨,2633,柴,2
2689,桨,4406,粢,2
2691,桫,2568,杪,2
2692,桴,4202,稃,2
2693,桶,2566,杨,2
2698,梆,6175,郴,2
2702,梢,4417,精,2
2704,梧,2661,格,2
2704,梧,2732,棺,2
2707,梯,2328,撺,2
2713,检,2645,栏,2
2718,棍,2660,根,2
2720,棕,2692,桴,2
2723,棠,1130,堂,2
2728,棰,2207,捶,2
2729,棱,2706,梭,2
2729,棱,4159,祾,2
2732,棺,2783,榨,2
2738,植,2678,桓,2
2741,椑,2203,捭,2
2741,椑,2795,槔,2
2750,椽,2828,橼,2
2751,椿,2762,楮,2
2752,楂,2738,植,2
2753,楔,4164,禊,2
2754,楗,2724,棣,2
2759,楣,2776,榍,2
2759,楣,3590,猸,2
2760,楦,2829,檀,2
2766,楸,2257,揪,2
2768,楼,4689,耧,2
2772,榆,1963,愉,2
2773,榇,2700,梓,2
2779,榘,4412,粲,2
2780,榛,2773,榇,2
2783,榨,2837,檫,2
2790,槁,2280,搞,2
2808,樟,2700,梓,2
2815,樽,2317,撙,2
2823,橡,2242,掾,2
2825,橦,2318,撞,2
2827,橹,2327,撸,2
2831,檎,2336,擒,2
2835,檠,2334,擎,2
2836,檩,2829,檀,2
2840,欠,47,久,2
2840,欠,373,公,2
2841,次,2984,沉,2
2841,次,5685,谀,2
2843,欣,4031,砍,2
2843,欣,4749,肷,2
2844,欤,2843,欣,2
2845,欧,2887,殴,2
2851,款,2366,敖,2
2851,款,2849,欹,2
2854,歇,2856,歌,2
2858,止,7,上,2
2858,止,20,业,2
2860,此,2900,比,2
2862,武,3737,甙,2
2865,歹,4,万,2
2867,歼,4021,矸,2
2870,殃,6841,驶,2
2888,段,1778,役,2
2888,段,2887,殴,2
2909,毯,3673,琰,2
2909,毯,6431,锬,2
2918,氏,138,代,2
2918,氏,558,化,2
2918,氏,2920,民,2
2919,氐,2918,氏,2
2920,民,2438,昆,2
2922,气,65,乞,2
2924,氖,2925,氘,2
2924,氖,2928,氛,2
2924,氖,2930,氡,2
2924,氖,2935,氨,2
2924,氖,2937,氪,2
2925,氘,2927,氚,2
2927,氚,2925,氘,2
2928,氛,2924,氖,2
2931,氢,2924,氖,2
2933,氦,2931,氢,2
2934,氧,2939,氯,2
2935,氨,2930,氡,2
2935,氨,2932,氤,2
2938,氮,2933,氦,2
2938,氮,2941,氲,2
2939,氯,2941,氲,2
2942,水,2944,永,2
2943,氵,407,冫,2
2943,氵,5594,讠,2
2946,汀,2951,汈,2
2946,汀,6504,门,2
2950,汇,4464,纪,2
2950,汇,5601,讧,2
2950,汇,5609,记,2
2952,汉,5607,议,2
2955,汔,2975,汽,2
2955,汔,3000,沧,2
2956,汕,2990,沘,2
2956,汕,2992,沚,2
2957,汗,3003,沪,2
2960,汝,2973,汶,2
2960,汝,3071,洨,2
2961,汞,60,乖,2
2961,汞,1760,录,2
2961,汞,2079,承,2
2961,汞,2944,永,2
2962,江,4456,红,2
2965,汤,3017,泃,2
2965,汤,3614,玚,2
2966,汨,3039,泪,2
2968,汪,3038,注,2
2969,汭,4472,纳,2
2971,汲,3035,波,2
2971,汲,4461,级,2
2976,汾,4476,纷,2
2977,沁,1808,心,2
2979,沃,2972,汴,2
2979,沃,5629,识,2
2981,沅,2982,沆,2
2984,沉,2982,沆,2
2984,沉,3001,沨,2
2987,沐,3068,洣,2
2993,沛,3108,浠,2
2993,沛,3127,涑,2
2993,沛,5611,讳,2
2994,沟,2965,汤,2
2995,没,2971,汲,2
2998,沥,3062,洒,2
2999,沦,3007,沱,2
2999,沦,4475,纶,2
2999,沦,5708,谘,2
3000,沧,175,伧,2
3000,沧,3034,泡,2
3001,沨,5620,讽,2
3004,沫,3064,洙,2
3004,沫,3134,涞,2
3006,沮,6046,迥,2
3007,沱,2963,池,2
3007,沱,5661,诧,2
3009,河,2964,污,2
3009,河,2994,沟,2
3009,河,3017,泃,2
3011,油,2969,汭,2
3015,沾,415,冶,2
3015,沾,3012,治,2
3016,沿,3015,沾,2
3016,沿,5640,诒,2
3020,泉,5746,象,2
3021,泊,3073,洫,2
3021,泊,3128,涓,2
3022,泌,1810,必,2
3026,法,3040,泫,2
3026,法,3072,洪,2
3033,泠,3084,洽,2
3034,泡,2999,沦,2
3034,泡,4512,绝,2
3036,泣,3030,泛,2
3036,泣,3040,泫,2
3037,泥,2959,汜,2
3037,泥,3176,混,2
3038,注,3040,泫,2
3039,泪,2420,旧,2
3039,泪,3025,泔,2
3039,泪,3057,洇,2
3039,泪,3060,洎,2
3043,泰,7122,黍,2
3051,泻,3202,渴,2
3051,泻,3615,玛,2
3053,泽,4498,绎,2
3055,洁,3026,法,2
3055,洁,4503,结,2
3060,洎,3021,泊,2
3062,洒,3209,湎,2
3063,洗,3120,浼,2
3065,洚,3053,泽,2
3067,洞,425,凋,2
3068,洣,3064,洙,2
3070,洧,3123,消,2
3072,洪,377,共,2
3072,洪,5650,诜,2
3076,洲,3094,测,2
3076,洲,3181,渊,2
3079,洵,3209,湎,2
3082,活,3014,沽,2
3083,洼,3054,泾,2
3083,洼,3194,渣,2
3084,洽,3081,洺,2
3084,洽,3095,浍,2
3085,派,3031,泜,2
3086,流,3253,滋,2
3090,浇,236,侥,2
3094,测,238,侧,2
3096,济,810,哜,2
3097,浏,3059,洌,2
3104,浙,3166,淞,2
3105,浚,6084,逡,2
3110,浣,3120,浼,2
3116,浯,5666,语,2
3117,浴,4519,绤,2
3117,浴,5708,谘,2
3119,浸,3288,漫,2
3119,浸,4581,缦,2
3119,浸,6863,骎,2
3123,消,3216,湝,2
3127,涑,5699,谏,2
3130,涕,1743,弟,2
3131,涘,5675,诶,2
3132,涛,3276,滹,2
3132,涛,5645,诗,2
3133,涝,3263,滞,2
3134,涞,3127,涑,2
3134,涞,5642,诔,2
3135,涟,3659,琏,2
3140,涤,3174,深,2
3140,涤,4521,绦,2
3142,涧,3056,洄,2
3142,涧,3067,洞,2
3142,涧,3141,润,2
3145,涪,5709,谙,2
3151,涸,5688,调,2
3153,淀,3038,注,2
3154,淄,3216,湝,2
3155,淅,3185,渐,2
3159,淌,3128,涓,2
3159,淌,3275,滴,2
3163,淘,3079,洵,2
3171,淫,3038,注,2
3171,淫,3260,滗,2
3173,淮,4534,维,2
3174,深,3099,浑,2
3174,深,3121,涂,2
3174,深,3140,涤,2
3174,深,3238,溧,2
3174,深,3290,漯,2
3175,淳,3109,浡,2
3176,混,3042,泯,2
3176,混,4532,绲,2
3183,渍,3180,清,2
3183,渍,4524,绩,2
3184,渎,5680,读,2
3187,渔,3036,泣,2
3189,渗,3129,涔,2
3190,渚,5677,诸,2
3192,渠,2615,柒,2
3195,渤,3291,漱,2
3199,渭,3283,漕,2
3199,渭,3290,漯,2
3200,港,4541,绻,2
3202,渴,3197,温,2
3202,渴,3304,潟,2
3204,渺,4554,缈,2
3212,湖,3308,潮,2
3218,湨,3243,溴,2
3222,湾,1751,弯,2
3224,溃,3183,渍,2
3224,溃,3242,溲,2
3225,溅,5781,贱,2
3227,溇,5684,诿,2
3230,源,3085,派,2
3233,溟,3160,淏,2
3244,溶,3145,涪,2
3244,溶,3261,滘,2
3252,滇,3284,漠,2
3256,滑,3199,渭,2
3257,滓,3099,浑,2
3258,滔,3137,涡,2
3263,滞,5711,谛,2
3270,滦,2663,栾,2
3270,滦,3134,涞,2
3270,滦,3175,淳,2
3272,滩,6625,雉,2
3275,滴,3258,滔,2
3275,滴,3300,潏,2
3277,漂,3290,漯,2
3278,漆,3178,添,2
3280,漏,3313,潺,2
3282,演,1440,寅,2
3282,演,3305,潢,2
3284,漠,3157,淇,2
3286,漩,2409,旋,2
3291,漱,3318,澉,2
3292,漳,5711,谛,2
3295,漾,3241,溱,2
3299,潍,3333,濉,2
3301,潘,3315,潽,2
3302,潜,5729,谮,2
3303,潞,3704,璐,2
3306,潦,3296,潆,2
3307,潭,3257,滓,2
3317,澈,2377,敲,2
3317,澈,3237,溦,2
3321,澎,3320,澍,2
3326,澳,1238,奥,2
3326,澳,3243,溴,2
3331,激,4595,缴,2
3343,瀑,3278,漆,2
3343,瀑,3295,漾,2
3353,火,2841,次,2
3358,灵,1760,录,2
3359,灶,3384,炷,2
3359,灶,4130,社,2
3360,灸,3373,炙,2
3361,灼,1246,妁,2
3362,灾,1413,定,2
3362,灾,1417,实,2
3366,炉,1255,妒,2
3371,炕,3384,炷,2
3371,炕,3411,烷,2
3381,炯,3401,烟,2
3396,烘,3377,炫,2
3397,烙,3419,焓,2
3398,烛,3372,炖,2
3399,烜,1878,恒,2
3403,烦,3367,炊,2
3403,烦,3456,熥,2
3414,烽,1562,峰,2
3417,焌,1913,悛,2
3421,焖,3381,炯,2
3423,焙,3419,焓,2
3423,焙,3450,熔,2
3423,焙,5815,赔,2
3424,焚,343,僰,2
3424,焚,5824,赞,2
3441,煮,1966,意,2
3449,熏,6254,重,2
3450,熔,3423,焙,2
3455,熠,3451,熘,2
3466,燔,1664,幡,2
3466,燔,5439,蟠,2
3473,爆,3469,燥,2
3481,父,47,久,2
3482,爷,2395,斧,2
3493,牍,3517,犊,2
3497,牚,2217,掌,2
3501,牡,3499,牝,2
3501,牡,3507,牯,2
3502,牢,401,军,2
3502,牢,1419,审,2
3508,牲,1280,姓,2
3508,牲,3503,牦,2
3510,特,1785,待,2
3510,特,2156,持,2
3510,特,3507,牯,2
3510,特,3516,犄,2
3515,犁,2226,掣,2
3517,犊,2743,椟,2
3521,犒,2280,搞,2
3529,状,1827,忧,2
3534,狂,1251,妇,2
3536,狄,3537,狈,2
3537,狈,3536,狄,2
3537,狈,6299,钡,2
3539,狍,2104,抱,2
3539,狍,3543,狗,2
3542,狒,2111,拂,2
3544,狙,2114,担,2
3544,狙,3535,狃,2
3548,狡,2653,校,2
3548,狡,3563,狻,2
3548,狡,4788,胶,2
3552,狭,2168,挟,2
3555,狰,2172,挣,2
3564,狼,5760,貔,2
3568,猇,3665,琥,2
3570,猎,2231,措,2
3570,猎,3584,猫,2
3570,猎,4819,腊,2
3571,猓,2730,棵,2
3573,猖,3590,猸,2
3575,猛,3591,猹,2
3583,猪,5534,褚,2
3586,献,338,僦,2
3586,献,3589,猷,2
3588,猴,4420,糇,2
3588,猴,4561,缑,2
3591,猹,2263,揸,2
3592,猾,3585,猬,2
3599,獠,2320,撩,2
3604,獾,2344,攉,2
3605,玄,96,亥,2
3605,玄,1672,幺,2
3607,玉,24,丞,2
3608,王,1185,壬,2
3612,玖,3622,玩,2
3615,玛,3649,珰,2
3621,玦,5623,诀,2
3622,玩,3656,琉,2
3623,玫,1380,孜,2
3623,玫,2356,攻,2
3623,玫,4879,致,2
3625,环,1049,坏,2
3626,现,5563,觋,2
3629,玷,3613,玙,2
3629,玷,6325,钻,2
3633,珂,1071,坷,2
3637,珍,2871,殄,2
3637,珍,5632,诊,2
3643,珠,2875,殊,2
3653,琅,3667,琨,2
3653,琅,6406,锒,2
3654,理,3561,狸,2
3656,琉,1618,巯,2
3656,琉,3665,琥,2
3660,琐,3673,琰,2
3662,琛,3713,璪,2
3663,琢,3152,涿,2
3664,琤,5658,诤,2
3671,琮,3164,淙,2
3676,琵,3677,琶,2
3677,琶,4278,笆,2
3678,琼,5690,谅,2
3685,瑚,3212,湖,2
3685,瑚,5405,蝴,2
3688,瑞,3208,湍,2
3688,瑞,4271,端,2
3710,璧,1364,嬖,2
3720,瓢,3722,瓤,2
3721,瓣,6018,辫,2
3726,瓴,6730,领,2
3727,瓶,3729,瓻,2
3727,瓶,4630,羝,2
3740,生,1472,尘,2
3742,用,6519,闸,2
3744,甪,589,南,2
3744,甪,5569,角,2
3746,甬,3744,甪,2
3749,田,3742,用,2
3750,由,2513,曲,2
3752,申,1419,审,2
3752,申,3069,津,2
3752,申,3750,由,2
3753,电,1513,屯,2
3753,电,2514,曳,2
3755,甸,552,匆,2
3755,甸,553,匈,2
3759,畀,3763,界,2
3765,畏,2438,昆,2
3766,畔,776,咩,2
3770,畜,1443,富,2
3770,畜,3768,畚,2
3771,略,5798,赂,2
3771,略,6213,酪,2
3772,畦,6219,酲,2
3773,番,3768,畚,2
3787,疔,3789,疗,2
3789,疗,3809,疴,2
3794,疠,3801,疬,2
3796,疢,3815,疾,2
3800,疫,1447,寝,2
3800,疫,3791,疚,2
3800,疫,3840,痰,2
3801,疬,3794,疠,2
3807,疲,3851,瘊,2
3815,疾,3791,疚,2
3819,病,3280,漏,2
3819,病,3804,疯,2
3822,痉,3790,疙,2
3823,痊,3790,疙,2
3829,痘,3822,痉,2
3830,痛,3839,痫,2
3831,痞,3813,疼,2
3832,痢,3842,痴,2
3838,痪,3851,瘊,2
3840,痰,3846,瘀,2
3840,痰,3856,瘘,2
3842,痴,3839,痫,2
3845,痿,3856,瘘,2
3859,瘟,3866,瘪,2
3864,瘦,3807,疲,2
3865,瘩,3835,痦,2
3871,瘴,3825,痒,2
3871,瘴,3847,瘁,2
3873,瘸,3837,痨,2
3879,癌,3886,癫,2
3888,癸,4283,笑,2
3891,百,3890,白,2
3891,百,4875,自,2
3893,的,311,做,2
3895,皇,726,呈,2
3895,皇,3892,皂,2
3895,皇,5740,豆,2
3897,皋,1656,幂,2
3897,皋,4251,窣,2
3899,皑,3901,皖,2
3904,皮,643,及,2
3905,皱,3907,皴,2
3912,盈,3911,盆,2
3914,益,3915,盍,2
3916,盎,5338,蛊,2
3919,监,3269,滥,2
3919,监,6048,迨,2
3920,盒,3928,盫,2
3922,盖,4631,羞,2
3925,盛,1936,惑,2
3926,盟,3927,盥,2
3929,目,2418,日,2
3929,目,2512,曰,2
3930,盯,4697,耵,2
3933,直,3948,真,2
3934,相,2676,桐,2
3937,盾,5772,质,2
3942,眉,1491,局,2
3944,看,4671,者,2
3951,眦,2903,毗,2
3956,眯,3967,睐,2
3958,眶,3969,睚,2
3959,眷,6963,鲞,2
3963,着,3944,看,2
3968,睑,4815,脸,2
3970,睛,3990,瞒,2
3970,睛,4818,腈,2
3975,睦,3772,畦,2
3975,睦,3955,眭,2
3978,睬,3967,睐,2
3979,睹,2485,晴,2
3979,睹,3990,瞒,2
3984,瞄,3990,瞒,2
3985,瞅,881,啾,2
3986,瞌,916,嗑,2
3990,瞒,5422,螨,2
3992,瞠,4854,膛,2
3993,瞢,5204,蓇,2
3994,瞥,3983,瞀,2
3994,瞥,7017,鳖,2
3995,瞧,968,噍,2
3995,瞧,3972,睢,2
4001,瞳,3992,瞠,2
4005,瞿,4006,矍,2
4008,矛,1459,寻,2
4010,矢,1213,失,2
4010,矢,4011,矣,2
4019,石,10,不,2
4019,石,671,右,2
4020,矶,4024,矾,2
4025,矿,4021,矸,2
4031,砍,2845,欧,2
4031,砍,6721,顽,2
4034,研,2397,斫,2
4034,研,4021,矸,2
4035,砖,4040,砝,2
4038,砚,4031,砍,2
4048,砭,4060,硁,2
4051,破,4054,砹,2
4053,砸,4066,硒,2
4057,砼,4048,砭,2
4058,砾,4036,砗,2
4059,础,4072,硪,2
4061,硅,4075,硭,2
4067,硕,4031,砍,2
4067,硕,6732,颈,2
4073,硫,1618,巯,2
4073,硫,2413,旒,2
4073,硫,3784,疏,2
4074,硬,4068,硖,2
4076,确,4071,硝,2
4082,碍,1795,得,2
4083,碎,4036,砗,2
4083,碎,4050,砰,2
4083,碎,6014,辟,2
4086,碗,4073,硫,2
4088,碚,4063,硌,2
4094,碥,4076,确,2
4097,碱,4072,硪,2
4127,示,1370,子,2
4129,礼,4130,社,2
4146,祟,4402,粜,2
4147,祠,5518,裥,2
4151,票,2650,栗,2
4155,祷,5537,褥,2
4163,禅,4149,祥,2
4163,禅,5506,裈,2
4172,离,3480,爵,2
4174,禾,4127,示,2
4180,秋,4176,私,2
4180,秋,4183,秒,2
4180,秋,4184,秕,2
4180,秋,4185,秘,2
4182,科,4188,秤,2
4183,秒,2568,杪,2
4187,秣,2106,抹,2
4187,秣,4191,秩,2
4188,秤,2133,拜,2
4188,秤,4182,科,2
4189,秦,4438,素,2
4189,秦,5201,蓁,2
4196,秸,4203,稆,2
4198,秽,4197,移,2
4201,稂,2660,根,2
4203,稆,6354,铝,2
4205,稍,4687,耥,2
4208,稗,5519,裨,2
4209,稚,6622,雅,2
4211,稠,5995,辋,2
4212,稣,6210,酥,2
4216,稻,4165,福,2
4222,穆,4418,糁,2
4227,究,366,兖,2
4228,穷,4232,穿,2
4232,穿,4606,罕,2
4234,突,1417,实,2
4234,突,1436,宾,2
4236,窄,1434,容,2
4241,窑,1441,密,2
4241,窑,4233,窀,2
4241,窑,4244,窖,2
4242,窒,1422,室,2
4248,窝,5214,蓠,2
4260,立,84,互,2
4260,立,6021,辶,2
4263,站,3015,沾,2
4265,竟,1966,意,2
4267,竣,1791,後,2
4267,竣,4536,绶,2
4269,竦,3127,涑,2
4270,竭,3202,渴,2
4270,竭,5702,谒,2
4271,端,4566,编,2
4272,竹,5460,行,2
4273,竺,90,些,2
4275,竿,1402,宇,2
4275,竿,4606,罕,2
4278,笆,4300,笸,2
4278,笆,4930,色,2
4282,笏,4298,笱,2
4283,笑,716,吴,2
4285,笕,4342,箢,2
4286,笙,4322,筮,2
4287,笛,3758,甾,2
4288,笞,4313,答,2
4290,笤,4279,笈,2
4290,笤,4341,管,2
4291,笥,4298,笱,2
4293,笨,4314,策,2
4296,第,1743,弟,2
4301,笺,2029,戛,2
4306,等,4327,筹,2
4312,筒,4298,笱,2
4312,筒,4324,筲,2
4319,筝,77,争,2
4319,筝,4274,竽,2
4330,签,1573,崟,2
4330,签,4313,答,2
4331,简,4298,笱,2
4331,简,4312,筒,2
4341,管,4313,答,2
4342,箢,2904,毙,2
4343,箦,4359,篑,2
4348,箫,5154,萧,2
4350,箭,1591,嵛,2
4351,箱,4388,籀,2
4351,箱,5165,葙,2
4352,箴,1427,宬,2
4355,篆,5746,象,2
4360,篓,4301,笺,2
4361,篙,1593,嵩,2
4365,篢,4384,簧,2
4369,篮,4377,簋,2
4370,篱,5214,蓠,2
4371,篷,5218,蓬,2
4375,簇,4358,篌,2
4391,米,2564,来,2
4393,类,1298,娄,2
4398,粒,2118,拉,2
4399,粕,2121,拍,2
4399,粕,6251,釉,2
4401,粘,4398,粒,2
4401,粘,4684,耜,2
4401,粘,4685,耠,2
4409,粪,4393,类,2
4410,粮,4201,稂,2
4414,粹,4398,粒,2
4422,糊,2722,棚,2
4425,糕,4398,粒,2
4426,糖,2284,搪,2
4426,糖,4694,耱,2
4429,糜,7108,麋,2
4438,素,1381,孝,2
4438,素,4437,紊,2
4439,索,1379,孛,2
4439,索,4438,素,2
4444,絷,2164,挚,2
4453,纟,68,乡,2
4454,纠,663,叫,2
4456,红,5601,讧,2
4456,红,5741,豇,2
4458,纤,2947,汁,2
4458,纤,2957,汗,2
4460,约,4493,绉,2
4460,约,4509,绚,2
4461,级,157,伋,2
4464,纪,1782,征,2
4465,纫,135,仞,2
4465,纫,5608,讯,2
4467,纭,4507,绘,2
4472,纳,6298,钠,2
4475,纶,174,伦,2
4476,纷,152,份,2
4477,纸,191,低,2
4477,纸,4469,纰,2
4479,纺,153,仿,2
4479,纺,172,伤,2
4485,绁,4484,绀,2
4490,细,4538,绸,2
4490,细,7155,鼬,2
4492,终,4511,络,2
4497,绍,4557,缌,2
4498,绎,3065,洚,2
4499,经,23,丝,2
4499,经,4464,纪,2
4500,绐,5640,诒,2
4501,绑,4529,绯,2
4502,绒,4483,线,2
4502,绒,4550,缄,2
4502,绒,5643,试,2
4505,绕,6852,骁,2
4507,绘,4508,给,2
4508,给,4507,绘,2
4508,给,4511,络,2
4508,给,6366,铪,2
4509,绚,3079,洵,2
4509,绚,4538,绸,2
4509,绚,5656,询,2
4511,络,3066,洛,2
4511,络,6800,饹,2
4512,绝,3008,沲,2
4513,绞,6801,饺,2
4517,绢,3680,瑁,2
4517,绢,4569,缙,2
4519,绤,4511,络,2
4522,继,4485,绁,2
4522,继,4496,绌,2
4523,绨,6405,锑,2
4525,绪,4503,结,2
4531,绱,4516,绡,2
4532,绲,3176,混,2
4534,维,3173,淮,2
4537,绷,4078,硼,2
4542,综,1792,徐,2
4542,综,4580,缥,2
4550,缄,427,减,2
4550,缄,4502,绒,2
4551,缅,4575,缠,2
4552,缆,4596,缵,2
4555,缉,4517,绢,2
4555,缉,4567,缗,2
4563,缓,3221,湲,2
4564,缔,4576,缡,2
4565,缕,318,偻,2
4566,编,4576,缡,2
4566,编,5713,谝,2
4578,缣,5721,谦,2
4589,缮,336,僖,2
4592,缱,5735,谴,2
4593,缲,3323,澡,2
4599,缺,6349,铗,2
4604,网,392,冈,2
4606,罕,1428,宰,2
4606,罕,4251,窣,2
4616,置,1421,宣,2
4626,美,1235,奚,2
4627,羑,4633,羡,2
4628,羔,3922,盖,2
4633,羡,3922,盖,2
4634,群,6014,辟,2
4634,群,6167,郡,2
4639,羸,5445,蠃,2
4654,翟,3676,琵,2
4654,翟,4005,瞿,2
4655,翠,4653,翚,2
4665,翻,4660,翮,2
4671,者,2445,昔,2
4671,者,3944,看,2
4674,而,692,向,2
4674,而,3746,甬,2
4683,耙,4681,耗,2
4692,耪,2781,榜,2
4692,耪,4686,耢,2
4697,耵,3930,盯,2
4698,耶,6138,邯,2
4698,耶,6145,邸,2
4701,耻,5954,躯,2
4728,肖,5046,茼,2
4730,肚,3501,牡,2
4733,肝,2429,旴,2
4738,肤,2450,映,2
4738,肤,4752,肽,2
4739,肥,3165,淝,2
4740,肩,2048,扇,2
4740,肩,3944,看,2
4741,肪,4903,舫,2
4742,肫,4812,脱,2
4744,肮,4741,肪,2
4744,肮,4812,脱,2
4745,肯,3894,皆,2
4747,育,1821,忘,2
4748,肴,1632,希,2
4748,肴,3963,着,2
4759,胄,4758,胃,2
4761,背,4796,脊,2
4764,胖,4754,肿,2
4764,胖,4778,胪,2
4764,胖,4802,脒,2
4771,胞,4739,肥,2
4771,胞,4908,舱,2
4772,胡,2676,桐,2
4783,胰,2529,朕,2
4784,胱,1876,恍,2
4786,胳,3771,略,2
4786,胳,4763,胎,2
4787,胴,1890,恫,2
4788,胶,4829,腚,2
4789,胸,4735,肠,2
4793,脂,869,啪,2
4793,脂,4819,腊,2
4794,脆,4771,胞,2
4795,脉,5745,豚,2
4796,脊,4745,肯,2
4799,脏,4767,胚,2
4802,脒,3956,眯,2
4805,脖,4810,脬,2
4811,脯,4833,腩,2
4816,脾,3960,眸,2
4822,腐,3873,瘸,2
4826,腔,4829,腚,2
4826,腔,4857,膣,2
4827,腕,3778,畹,2
4835,腮,6765,飔,2
4836,腰,4810,脬,2
4839,腹,4809,脧,2
4839,腹,4820,腋,2
4846,膀,4860,膪,2
4849,膊,5819,赙,2
4852,膘,4810,脬,2
4855,膜,3595,獏,2
4864,臀,4866,臂,2
4866,臂,4864,臀,2
4869,臊,3966,睇,2
4873,臣,565,匡,2
4873,臣,566,匣,2
4873,臣,1614,巨,2
4875,自,184,伺,2
4879,致,2355,改,2
4879,致,2360,效,2
4879,致,3623,玫,2
4889,舌,657,古,2
4893,舔,5834,赫,2
4897,舟,3744,甪,2
4902,航,4903,舫,2
4904,般,4923,艘,2
4907,舰,4920,艉,2
4911,舵,4902,航,2
4911,舵,4915,船,2
4911,舵,7049,鸵,2
4912,舶,4901,舨,2
4913,舷,4903,舫,2
4922,艏,4918,艄,2
4923,艘,4904,般,2
4930,色,3483,爸,2
4937,艿,4968,芳,2
4943,芍,4996,苟,2
4944,芎,5178,葶,2
4950,芙,5005,英,2
4950,芙,5099,莫,2
4951,芜,1479,尧,2
4951,芜,5045,茺,2
4952,芝,4984,苎,2
4954,芡,5033,茨,2
4962,芬,4959,芩,2
4962,芬,4969,芴,2
4963,芭,4999,苣,2
4967,花,4949,芘,2
4972,芹,4956,芥,2
4972,芹,4968,芳,2
4974,芽,5139,萃,2
4976,苁,4998,苡,2
4978,苇,5010,茀,2
4979,苈,5030,茜,2
4981,苋,4954,芡,2
4983,苍,1623,巷,2
4983,苍,4995,苞,2
4983,苍,4999,苣,2
4985,苏,4935,艽,2
4986,苑,4955,芤,2
4991,苗,4994,苜,2
4991,苗,5025,茔,2
4991,苗,5118,菌,2
4992,苘,5047,荀,2
4996,苟,4993,苛,2
4996,苟,5046,茼,2
4996,苟,5079,荷,2
4996,苟,5119,菏,2
4999,苣,5031,茝,2
5001,若,1535,岩,2
5001,若,5164,著,2
5002,苦,4966,芰,2
5002,苦,4982,苌,2
5002,苦,5001,若,2
5002,苦,5003,苫,2
5002,苦,5011,茁,2
5002,苦,5027,茗,2
5003,苫,5002,苦,2
5003,苫,5011,茁,2
5003,苫,5034,茫,2
5004,苯,5042,茶,2
5005,英,5136,菼,2
5005,英,5158,萸,2
5006,苴,4994,苜,2
5008,苹,4957,芦,2
5008,苹,5139,萃,2
5010,茀,5055,荑,2
5013,范,606,危,2
5014,茄,4985,苏,2
5014,茄,5165,葙,2
5016,茆,5028,茚,2
5017,茇,5022,茏,2
5019,茉,105,亲,2
5019,茉,4677,耒,2
5023,茑,5140,萄,2
5027,茗,5130,菪,2
5032,茧,5011,茁,2
5033,茨,4954,芡,2
5033,茨,4998,苡,2
5035,茬,5022,茏,2
5037,茯,5107,莸,2
5038,茱,5101,莱,2
5039,茳,5034,茫,2
5041,茵,5140,萄,2
5042,茶,5038,茱,2
5045,茺,5056,荒,2
5052,草,5067,荤,2
5052,草,5090,莘,2
5059,荚,4626,美,2
5059,荚,5075,荬,2
5059,荚,5136,菼,2
5062,荞,5051,荇,2
5065,荡,4969,芴,2
5065,荡,5104,莴,2
5066,荣,1379,孛,2
5067,荤,3497,牚,2
5068,荥,5070,荧,2
5070,荧,5163,葖,2
5071,荨,5178,葶,2
5078,药,5077,荮,2
5078,药,5114,菂,2
5078,药,5146,萏,2
5079,荷,5009,苻,2
5083,荽,5097,莩,2
5085,莆,4975,芾,2
5085,莆,5194,蒲,2
5086,莉,479,刹,2
5086,莉,501,剥,2
5087,莎,5119,菏,2
5095,莠,5192,蒡,2
5099,莫,5202,蓂,2
5102,莲,5031,茝,2
5102,莲,5092,莛,2
5102,莲,6090,逵,2
5107,莸,5081,荻,2
5108,莹,1475,尝,2
5108,莹,5216,蓥,2
5109,莺,5150,萝,2
5113,菁,5231,蔷,2
5118,菌,5140,萄,2
5119,菏,5077,荮,2
5119,菏,5191,蒟,2
5123,菜,2733,棻,2
5143,萌,5172,葫,2
5145,萎,5095,莠,2
5148,萘,5082,荼,2
5150,萝,5109,莺,2
5150,萝,5152,营,2
5152,营,5130,菪,2
5155,萨,5258,薛,2
5164,著,3963,着,2
5164,著,5129,菩,2
5167,葛,5089,莓,2
5167,葛,5121,菖,2
5169,葡,554,匍,2
5169,葡,5117,菊,2
5170,董,5265,薰,2
5172,葫,5191,蒟,2
5175,葱,5179,葸,2
5177,葵,1228,奏,2
5177,葵,5228,蔡,2
5177,葵,5285,蘩,2
5180,葺,5043,茸,2
5182,蒇,5176,葳,2
5189,蒙,5068,荥,2
5189,蒙,5153,萦,2
5199,蒽,5243,蕙,2
5203,蓄,5214,蓠,2
5203,蓄,5238,蕃,2
5205,蓉,1434,容,2
5224,蔓,5132,菱,2
5225,蔗,1704,庶,2
5227,蔟,5198,蒺,2
5228,蔡,5097,莩,2
5228,蔡,5153,萦,2
5229,蔫,5023,茑,2
5231,蔷,5238,蕃,2
5236,蔼,5247,蕰,2
5237,蔽,5137,菽,2
5249,蕴,4562,缒,2
5273,藕,4688,耦,2
5282,蘖,2834,檗,2
5286,蘸,6244,醮,2
5294,虚,5289,虎,2
5295,虞,5291,虐,2
5297,虫,443,出,2
5299,虮,5314,蚍,2
5301,虹,5303,虻,2
5301,虹,5341,蛏,2
5303,虻,5304,虼,2
5303,虻,5318,蚝,2
5304,虼,5303,虻,2
5305,虽,736,员,2
5310,蚂,7038,鸩,2
5315,蚓,5330,蚵,2
5322,蚨,5355,蛱,2
5324,蚪,5313,蚌,2
5326,蚯,5334,蛄,2
5335,蛆,7171,龃,2
5338,蛊,3910,盅,2
5341,蛏,5352,蛭,2
5346,蛙,794,哇,2
5347,蛛,5313,蚌,2
5347,蛛,6359,铢,2
5354,蛰,5423,螫,2
5354,蛰,5793,贽,2
5355,蛱,5322,蚨,2
5363,蜂,1562,峰,2
5363,蜂,5341,蛏,2
5363,蜂,5435,蟑,2
5366,蜈,1314,娱,2
5372,蜓,1109,埏,2
5375,蜘,5900,踟,2
5377,蜜,1441,密,2
5379,蜡,5409,蝽,2
5386,蜴,5395,蝎,2
5393,蝉,5427,螳,2
5398,蝙,5360,蛹,2
5399,蝠,5360,蛹,2
5402,蝥,5423,螫,2
5412,螃,5425,螭,2
5412,螃,5444,蟾,2
5418,螗,5444,蟾,2
5423,螫,5402,蝥,2
5423,螫,5426,螯,2
5426,螯,7008,鳌,2
5431,蟀,5343,蛑,2
5432,蟆,5378,蜞,2
5434,蟋,5439,蟠,2
5439,蟠,5434,蟋,2
5449,蠕,5398,蝙,2
5453,蠢,5452,蠡,2
5459,衅,3766,畔,2
5460,行,4463,纩,2
5460,行,4482,纾,2
5462,衔,5465,衡,2
5464,衙,5465,衡,2
5467,衣,5468,衤,2
5468,衤,5467,衣,2
5472,衫,4028,砂,2
5473,衬,2556,村,2
5474,衮,366,兖,2
5477,衷,5544,襄,2
5481,袁,789,哀,2
5483,袄,5482,袂,2
5488,袍,3380,炮,2
5496,被,5638,诐,2
5497,袭,5474,衮,2
5500,袷,5516,裣,2
5502,裁,5981,载,2
5504,装,5523,裴,2
5519,裨,4163,禅,2
5522,裳,2723,棠,2
5522,裳,5514,裟,2
5524,裸,4210,稞,2
5525,裹,5475,衰,2
5525,裹,5544,襄,2
5526,裼,5530,褐,2
5530,褐,5529,褊,2
5530,褐,5542,褶,2
5537,褥,5517,裤,2
5538,褪,5507,裉,2
5541,褴,2797,槛,2
5542,褶,5513,裙,2
5544,襄,5475,衰,2
5544,襄,5525,裹,2
5550,西,26,两,2
5550,西,563,匝,2
5550,西,6201,酒,2
5551,要,1305,娑,2
5554,见,6760,风,2
5556,规,5325,蚬,2
5558,视,4148,祢,2
5574,解,2388,斛,2
5583,訇,556,匐,2
5596,订,1673,幻,2
5599,讥,1615,巩,2
5599,讥,2977,沁,2
5599,讥,3610,玑,2
5600,讦,5616,许,2
5601,讧,4456,红,2
5602,讨,132,付,2
5603,让,5624,证,2
5607,议,142,仪,2
5608,讯,5610,讲,2
5608,讯,5620,讽,2
5609,记,2950,汇,2
5609,记,5601,讧,2
5611,讳,2993,沛,2
5614,讶,171,伢,2
5616,许,148,仵,2
5616,许,3049,泸,2
5617,讹,2990,沘,2
5617,讹,4469,纰,2
5617,讹,5647,诙,2
5618,论,2959,汜,2
5618,论,3000,沧,2
5618,论,3034,泡,2
5618,论,4475,纶,2
5618,论,5619,讼,2
5619,讼,3040,泫,2
5619,讼,5636,诎,2
5620,讽,5663,诩,2
5621,设,2973,汶,2
5622,访,5614,讶,2
5623,诀,1052,块,2
5623,诀,5650,诜,2
5624,证,2959,汜,2
5624,证,5612,讴,2
5626,诃,196,何,2
5627,评,5600,讦,2
5627,评,5616,许,2
5627,评,5660,详,2
5628,诅,6046,迥,2
5629,识,3072,洪,2
5629,识,5621,设,2
5631,诉,2978,沂,2
5631,诉,3050,泺,2
5631,诉,5633,诋,2
5634,诌,3187,渔,2
5634,诌,4493,绉,2
5635,词,3017,泃,2
5635,词,6507,闫,2
5635,词,6525,闾,2
5637,诏,4497,绍,2
5639,译,4498,绎,2
5639,译,5658,诤,2
5639,译,5660,详,2
5641,诓,3080,洹,2
5643,试,5602,讨,2
5644,诖,215,佳,2
5645,诗,5658,诤,2
5645,诗,5676,请,2
5646,诘,4503,结,2
5648,诚,3652,球,2
5651,话,3014,沽,2
5651,话,5666,语,2
5652,诞,3651,珽,2
5654,诠,3170,淦,2
5655,诡,3120,浼,2
5656,询,3644,珣,2
5657,诣,5689,谄,2
5659,该,1083,垓,2
5659,该,3040,泫,2
5659,该,3105,浚,2
5660,详,1788,徉,2
5660,详,5627,评,2
5660,详,5662,诨,2
5661,诧,1086,垞,2
5664,诫,5648,诚,2
5666,语,5684,诿,2
5667,诮,252,俏,2
5667,诮,5657,诣,2
5668,误,3239,溪,2
5670,诱,3655,琇,2
5670,诱,4518,绣,2
5670,诱,5684,诿,2
5674,诵,5713,谝,2
5676,请,6665,靖,2
5677,诸,5700,谐,2
5677,诸,5709,谙,2
5680,读,5675,诶,2
5680,读,5714,谟,2
5683,课,5662,诨,2
5683,课,6808,馃,2
5685,谀,3242,溲,2
5686,谁,5672,诳,2
5688,调,3057,洇,2
5688,调,3067,洞,2
5688,调,4538,绸,2
5688,调,5703,谓,2
5690,谅,5631,诉,2
5692,谇,3172,淬,2
5693,谈,3686,瑛,2
5693,谈,5680,读,2
5695,谋,3174,深,2
5695,谋,3236,溥,2
5698,谎,1980,慌,2
5698,谎,5230,蔬,2
5700,谐,310,偕,2
5707,谗,3103,浕,2
5707,谗,6816,馋,2
5712,谜,3293,漶,2
5713,谝,4566,编,2
5715,谠,5673,说,2
5717,谢,2785,榭,2
5718,谣,3693,瑶,2
5724,谩,3119,浸,2
5727,谬,3699,璆,2
5728,谭,3336,濞,2
5730,谯,340,僬,2
5732,谱,5709,谙,2
5743,豌,3670,琬,2
5746,象,404,冢,2
5746,象,1761,彖,2
5747,豢,2673,桊,2
5750,豫,6728,预,2
5763,贞,5764,负,2
5764,负,5763,贞,2
5767,责,4633,羡,2
5767,责,5785,贵,2
5767,责,5805,赉,2
5769,败,5776,贬,2
5772,质,1494,屃,2
5775,贫,3382,炱,2
5775,贫,5774,贪,2
5777,购,2435,昀,2
5777,购,4735,肠,2
5780,贰,2039,戴,2
5781,贱,5803,赇,2
5781,贱,6790,饯,2
5784,贴,5786,贶,2
5789,费,5805,赉,2
5790,贺,5800,资,2
5791,贻,5784,贴,2
5792,贼,5781,贱,2
5793,贽,5790,贺,2
5798,赂,5815,赔,2
5799,赃,4799,脏,2
5803,赇,5781,贱,2
5806,赊,5369,蜍,2
5812,赐,4282,笏,2
5815,赔,3423,焙,2
5821,赛,5540,褰,2
5821,赛,5805,赉,2
5827,赡,4003,瞻,2
5828,赢,4639,羸,2
5831,赦,5832,赧,2
5836,走,6024,达,2
5841,起,5839,赵,2
5842,趁,1773,彭,2
5844,超,5841,起,2
5846,趋,5842,趁,2
5861,跄,5879,跪,2
5866,跏,5900,踟,2
5868,跑,7173,龅,2
5875,跟,7176,龈,2
5876,跣,5864,跌,2
5883,跳,3646,珧,2
5883,跳,3961,眺,2
5886,跷,4505,绕,2
5886,跷,6797,饶,2
5889,跺,5874,跞,2
5889,跺,5898,踝,2
5889,跺,5903,踩,2
5893,踉,6406,锒,2
5899,踞,5891,跽,2
5903,踩,5904,踪,2
5903,踩,5922,蹊,2
5903,踩,5944,躁,2
5905,踬,6426,锧,2
5908,踱,3193,渡,2
5923,蹋,7010,鳎,2
5933,蹬,3316,澄,2
5933,蹬,6492,镫,2
5934,蹭,5826,赠,2
5947,躏,5930,蹢,2
5956,躺,4918,艄,2
5958,车,581,半,2
5958,车,1218,夺,2
5958,车,2052,手,2
5960,轨,1391,孰,2
5960,轨,5966,轮,2
5961,轩,1243,奸,2
5967,软,2848,欸,2
5972,轴,5989,辅,2
5977,轹,5975,轷,2
5981,载,2039,戴,2
5982,轾,5979,轻,2
5989,辅,6382,铺,2
5992,辈,5991,辇,2
5994,辊,6419,锟,2
6011,辛,4624,羊,2
6012,辜,1671,幸,2
6016,辨,6018,辫,2
6017,辩,4149,祥,2
6022,边,3750,由,2
6027,迄,6111,遥,2
6028,迅,6044,迢,2
6029,过,6026,迂,2
6030,迈,6023,辽,2
6030,迈,6035,返,2
6035,返,6038,这,2
6038,这,2973,汶,2
6041,违,6083,造,2
6042,连,3135,涟,2
6042,连,6034,迓,2
6044,迢,6060,退,2
6056,迷,1724,建,2
6056,迷,6054,述,2
6056,迷,6061,送,2
6056,迷,6073,逑,2
6057,迸,6074,递,2
6057,迸,6111,遥,2
6058,迹,6049,迩,2
6058,迹,6082,速,2
6059,追,6048,迨,2
6059,追,6084,逡,2
6059,追,6103,遑,2
6060,退,6044,迢,2
6061,送,6081,逞,2
6062,适,6033,近,2
6062,适,6071,透,2
6062,适,6091,逶,2
6063,逃,6047,迦,2
6066,逆,6057,迸,2
6067,选,6027,迄,2
6067,选,6083,造,2
6071,透,5670,诱,2
6071,透,6041,违,2
6072,逐,24,丞,2
6072,逐,6076,逖,2
6074,递,6041,违,2
6075,途,6049,迩,2
6077,逗,6081,逞,2
6078,通,6094,逼,2
6079,逛,6076,逖,2
6083,造,6084,逡,2
6083,造,6090,逵,2
6083,造,6106,遗,2
6085,逢,6103,遑,2
6093,逻,6081,逞,2
6094,逼,6077,逗,2
6094,逼,6078,通,2
6095,逾,6084,逡,2
6099,遇,6108,遛,2
6099,遇,6109,遢,2
6105,道,6051,迫,2
6105,道,6070,逍,2
6105,道,6078,通,2
6105,道,6096,遁,2
6106,遗,6083,造,2
6110,遣,4592,缱,2
6111,遥,6081,逞,2
6111,遥,6092,逸,2
6118,避,3330,澼,2
6124,邑,4930,色,2
6126,邕,4278,笆,2
6132,邢,607,即,2
6132,邢,6145,邸,2
6133,那,6144,邶,2
6134,邦,6158,郏,2
6143,邵,6839,驴,2
6148,邻,6164,郛,2
6150,邾,6135,邪,2
6152,郄,6162,郗,2
6155,郈,6140,邱,2
6156,郊,2360,效,2
6156,郊,4132,祁,2
6156,郊,6173,郭,2
6157,郎,607,即,2
6158,郏,6190,鄹,2
6160,郑,6152,郄,2
6164,郛,6173,郭,2
6170,郧,6174,郯,2
6171,部,6153,郅,2
6171,部,6173,郭,2
6175,郴,6144,邶,2
6176,郸,6172,郫,2
6176,郸,6181,鄄,2
6177,都,6152,郄,2
6182,鄌,1715,廓,2
6184,鄙,6177,都,2
6193,酉,6195,酋,2
6195,酋,6104,遒,2
6197,配,5563,觋,2
6197,配,6206,酡,2
6200,酐,6194,酊,2
6210,酥,4058,砾,2
6213,酪,4063,硌,2
6213,酪,6222,酶,2
6221,酵,6225,酹,2
6221,酵,6232,醋,2
6223,酷,6217,酰,2
6223,酷,6232,醋,2
6224,酸,6196,酌,2
6224,酸,6240,醢,2
6228,酿,4042,砣,2
6231,醉,6226,酽,2
6232,醋,6236,醑,2
6237,醒,6233,醌,2
6250,采,2052,手,2
6251,釉,5972,轴,2
6252,释,2133,拜,2
6253,里,2456,昱,2
6253,里,7125,黑,2
6257,金,209,佥,2
6257,金,3920,盒,2
6258,釜,5320,蚤,2
6259,鉴,3919,监,2
6277,钉,6287,钔,2
6278,钊,6283,钏,2
6278,钊,6287,钔,2
6285,钒,6300,钢,2
6285,钒,6341,铌,2
6286,钓,6280,钌,2
6287,钔,6278,钊,2
6288,钕,6372,铰,2
6295,钝,4468,纯,2
6295,钝,6345,铑,2
6300,钢,6403,锏,2
6303,钥,6307,钩,2
6304,钦,2844,欤,2
6304,钦,5967,软,2
6305,钧,4460,约,2
6305,钧,6306,钨,2
6307,钩,4460,约,2
6308,钪,6375,铳,2
6312,钮,6329,钿,2
6315,钱,6790,饯,2
6317,钳,4484,绀,2
6317,钳,6318,钴,2
6324,钺,6348,铖,2
6325,钻,4263,站,2
6325,钻,6354,铝,2
6326,钼,6303,钥,2
6328,钾,4489,绅,2
6329,钿,6356,铟,2
6330,铀,3011,油,2
6330,铀,5972,轴,2
6330,铀,7155,鼬,2
6331,铁,4599,缺,2
6331,铁,6431,锬,2
6332,铂,6326,钼,2
6336,铆,3027,泖,2
6336,铆,6350,铘,2
6339,铊,6371,铯,2
6342,铍,3905,皱,2
6344,铐,6380,铸,2
6348,铖,6324,钺,2
6353,铜,6303,钥,2
6353,铜,6403,锏,2
6353,铜,6409,锕,2
6354,铝,6431,锬,2
6355,铞,6393,锅,2
6356,铟,6421,锢,2
6359,铢,6384,铼,2
6360,铣,6331,铁,2
6360,铣,6394,锆,2
6364,铨,6333,铃,2
6366,铪,6335,铅,2
6368,铬,5986,辂,2
6369,铭,6309,钫,2
6372,铰,5349,蛟,2
6372,铰,5987,较,2
6372,铰,6432,锭,2
6373,铱,6401,锍,2
6375,铳,6401,锍,2
6380,铸,4487,练,2
6380,铸,6417,锝,2
6380,铸,6451,镂,2
6388,销,4516,绡,2
6389,锁,6388,销,2
6389,锁,6426,锧,2
6389,锁,6726,颂,2
6395,锇,6805,饿,2
6396,锈,4518,绣,2
6399,锋,6400,锌,2
6400,锌,6370,铮,2
6400,锌,6398,锊,2
6402,锎,6488,镧,2
6404,锐,5673,说,2
6405,锑,6355,铞,2
6407,锓,6473,镘,2
6411,锗,6410,锖,2
6413,错,6410,锖,2
6413,错,6438,锴,2
6420,锡,6376,铴,2
6422,锣,6446,锼,2
6423,锤,4018,矮,2
6424,锥,6630,雒,2
6429,锪,6440,锶,2
6432,锭,4543,绽,2
6432,锭,6372,铰,2
6433,键,313,健,2
6433,键,2913,毽,2
6433,键,5912,踺,2
6434,锯,5899,踞,2
6443,锹,3985,瞅,2
6449,镀,5908,踱,2
6456,镇,6493,镬,2
6458,镉,6478,镝,2
6465,镐,4574,缟,2
6466,镑,324,傍,2
6470,镕,6430,锫,2
6480,镟,6479,镞,2
6482,镡,6471,镖,2
6484,镣,5941,蹽,2
6502,镶,6448,锿,2
6502,镶,6825,馕,2
6504,门,390,冂,2
6504,门,6505,闩,2
6509,问,687,同,2
6509,问,692,向,2
6510,闯,6537,阊,2
6510,闯,6539,阌,2
6510,闯,6549,阗,2
6511,闰,6509,问,2
6511,闰,6515,间,2
6514,闳,6517,闶,2
6515,间,5635,词,2
6515,间,6533,阆,2
6518,闷,4604,网,2
6521,闺,1024,圉,2
6521,闺,6517,闶,2
6522,闻,6510,闯,2
6522,闻,6533,阆,2
6524,闽,6511,闰,2
6524,闽,6545,阒,2
6528,阁,1018,图,2
6528,阁,6534,阇,2
6528,阁,6541,阎,2
6532,阅,6516,闵,2
6532,阅,6524,闽,2
6532,阅,6529,阂,2
6534,阇,6548,阖,2
6537,阊,6525,闾,2
6538,阋,6532,阅,2
6541,阎,6537,阊,2
6541,阎,6539,阌,2
6541,阎,6540,阍,2
6543,阐,6519,闸,2
6543,阐,6549,阗,2
6544,阑,6512,闱,2
6544,阑,6535,阈,2
6544,阑,6552,阚,2
6546,阔,6551,阙,2
6555,队,6557,阢,2
6559,阮,6557,阢,2
6561,防,6569,阿,2
6561,防,6582,陔,2
6561,防,6592,陪,2
6563,阴,2442,明,2
6569,阿,6563,阴,2
6573,际,6609,隙,2
6575,陇,767,咙,2
6575,陇,2461,昽,2
6576,陈,6609,隙,2
6579,陌,6590,陨,2
6580,降,3414,烽,2
6580,降,6595,陴,2
6581,限,6607,隗,2
6583,陕,3087,浃,2
6587,院,6559,阮,2
6592,陪,2497,暗,2
6598,陷,6579,陌,2
6604,随,6578,陋,2
6609,隙,6588,除,2
6614,隶,4718,聿,2
6616,隼,6623,集,2
6618,难,3173,淮,2
6618,难,3272,滩,2
6619,雀,6624,雇,2
6622,雅,6868,骓,2
6623,集,6616,隼,2
6624,雇,4620,罹,2
6626,雌,3333,濉,2
6629,雏,4920,艉,2
6629,雏,6868,骓,2
6631,雕,3333,濉,2
6633,雨,26,两,2
6633,雨,42,丽,2
6637,雳,6634,雩,2
6638,零,6636,雯,2
6639,雷,6648,霉,2
6641,雾,6634,雩,2
6642,需,6647,霈,2
6644,霄,1431,宵,2
6648,霉,5552,覃,2
6649,霍,5279,藿,2
6650,霎,6636,雯,2
6654,霜,6660,霸,2
6655,霞,6658,霰,2
6660,霸,5195,蒴,2
6663,青,4727,肓,2
6665,靖,6978,鲭,2
6673,革,5052,草,2
6673,革,5141,萆,2
6676,靴,6674,靰,2
6677,靶,6674,靰,2
6702,韦,78,事,2
6702,韦,4978,苇,2
6714,顶,1494,屃,2
6718,顺,2492,暅,2
6718,顺,6740,频,2
6719,须,4491,织,2
6721,顽,6741,颓,2
6722,顾,4067,硕,2
6722,顾,6739,颐,2
6730,领,3726,瓴,2
6730,领,6726,颂,2
6730,领,6732,颈,2
6731,颇,6750,额,2
6732,颈,6730,领,2
6737,颍,6743,颖,2
6740,频,3335,濒,2
6743,颖,4378,簌,2
6745,题,560,匙,2
6749,颜,2853,歆,2
6750,额,6749,颜,2
6761,飐,5784,贴,2
6772,食,1838,忿,2
6774,飨,6773,飧,2
6781,饥,6285,钒,2
6788,饭,3761,畈,2
6788,饭,4461,级,2
6788,饭,6301,钣,2
6788,饭,6801,饺,2
6789,饮,6788,饭,2
6792,饱,5868,跑,2
6796,饵,6346,铒,2
6798,饷,6409,锕,2
6799,饸,6795,饴,2
6801,饺,5877,跤,2
6801,饺,6372,铰,2
6802,饻,6801,饺,2
6805,饿,248,俄,2
6806,馀,6463,镎,2
6807,馁,4520,绥,2
6810,馅,5920,蹈,2
6810,馅,6819,馏,2
6811,馆,4544,绾,2
6813,馈,4556,缋,2
6818,馍,6455,镆,2
6822,馒,4581,缦,2
6822,馒,6473,镘,2
6822,馒,6493,镬,2
6826,首,857,商,2
6826,首,2445,昔,2
6826,首,3932,盲,2
6829,香,4175,秀,2
6834,驮,6833,驭,2
6837,驱,5954,躯,2
6837,驱,6868,骓,2
6838,驳,6863,骎,2
6847,驼,7049,鸵,2
6849,驾,4276,笃,2
6849,驾,6848,驽,2
6849,驾,6853,骂,2
6856,骆,5882,路,2
6861,验,2879,殓,2
6861,验,6846,驻,2
6864,骏,6863,骎,2
6891,骸,6899,髌,2
6902,高,4172,离,2
6907,髭,6905,髦,2
6914,鬓,6911,鬃,2
6924,魃,6926,魅,2
6928,魇,1703,庵,2
6934,魔,4447,縻,2
6945,鲇,6954,鲐,2
6949,鲋,6970,鲥,2
6954,鲐,6945,鲇,2
6974,鲩,6986,鲵,2
6989,鲸,7013,鳑,2
6989,鲸,7025,鳟,2
7000,鳄,7013,鳑,2
7008,鳌,6269,鏊,2
7009,鳍,6978,鲭,2
7017,鳖,3994,瞥,2
7017,鳖,7019,鳘,2
7029,鸟,400,写,2
7030,鸠,7033,鸣,2
7035,鸥,7046,鸱,2
7036,鸦,7040,鸫,2
7045,鸰,7057,鸽,2
7048,鸳,1863,怨,2
7048,鸳,7050,鸶,2
7057,鸽,7053,鸹,2
7057,鸽,7064,鹄,2
7057,鸽,7066,鹆,2
7059,鸿,3203,游,2
7063,鹃,7075,鹐,2
7063,鹃,7079,鹘,2
7063,鹃,7081,鹛,2
7065,鹅,7069,鹉,2
7066,鹆,7057,鸽,2
7069,鹉,7053,鸹,2
7070,鹊,7064,鹄,2
7070,鹊,7087,鹡,2
7071,鹋,7070,鹊,2
7089,鹤,7038,鸩,2
7097,鹭,7082,鹜,2
7110,麓,4379,簏,2
7113,麦,3478,爰,2
7113,麦,5470,表,2
7119,黄,5265,薰,2
7123,黎,4444,絷,2
7125,黑,1176,墨,2
7125,黑,4442,累,2
7148,鼓,5742,豉,2
7166,齐,59,乔,2
7166,齐,5468,衤,2
7168,齿,4597,缶,2
7184,龟,6921,鬼,2
0,々,546,勹,1
0,々,1191,夂,1
1,一,92,亠,1
2,丁,615,厂,1
3,七,63,乜,1
3,七,66,也,1
3,七,93,亡,1
3,七,1476,尢,1
3,七,1735,弋,1
3,七,7168,齿,1
4,万,94,亢,1
4,万,667,可,1
4,万,1371,孑,1
4,万,1397,宀,1
4,万,2393,斤,1
4,万,2401,方,1
4,万,3525,犭,1
4,万,4989,苔,1
4,万,5738,谷,1
5,丈,45,乂,1
5,丈,50,义,1
5,丈,670,史,1
6,三,4260,立,1
6,三,4947,芒,1
6,三,5740,豆,1
7,上,0,々,1
7,上,51,之,1
7,上,79,二,1
7,上,407,冫,1
7,上,598,卤,1
7,上,2858,止,1
8,下,0,々,1
8,下,10,不,1
8,下,1205,大,1
8,下,2416,无,1
8,下,2537,末,1
8,下,4226,穴,1
8,下,6771,飞,1
9,丌,87,井,1
10,不,8,下,1
10,不,56,乐,1
10,不,2538,本,1
10,不,4436,系,1
10,不,4607,罗,1
11,与,22,东,1
11,与,52,乌,1
11,与,644,友,1
11,与,659,另,1
11,与,1817,忑,1
11,与,2886,殳,1
11,与,3498,牛,1
11,与,6832,马,1
13,丑,86,五,1
13,丑,2419,旦,1
13,丑,3782,疋,1
13,丑,6037,还,1
14,专,12,丐,1
14,专,55,乏,1
14,专,426,凌,1
14,专,700,吞,1
14,专,836,唛,1
14,专,1033,圭,1
14,专,1216,夸,1
14,专,1479,尧,1
14,专,1820,志,1
14,专,2554,杏,1
14,专,3916,盎,1
14,专,4669,考,1
14,专,5836,走,1
15,且,602,卫,1
15,且,754,咀,1
15,且,2462,显,1
15,且,2895,母,1
15,且,3740,生,1
15,且,4873,臣,1
15,且,6023,辽,1
16,丕,705,否,1
16,丕,6037,还,1
17,世,66,也,1
17,世,1247,如,1
17,世,2895,母,1
17,世,4970,芷,1
17,世,6039,进,1
17,世,6083,造,1
18,丘,55,乏,1
18,丘,565,匡,1
18,丘,602,卫,1
18,丘,4260,立,1
18,丘,4453,纟,1
19,丙,40,为,1
19,丙,618,历,1
19,丙,737,呙,1
19,丙,2356,攻,1
19,丙,2416,无,1
19,丙,5550,西,1
20,业,65,乞,1
20,业,89,亚,1
20,业,90,些,1
20,业,379,兴,1
20,业,1042,址,1
20,业,2139,拦,1
20,业,2900,比,1
20,业,3409,热,1
20,业,5603,让,1
21,丛,1810,必,1
21,丛,3359,灶,1
21,丛,4453,纟,1
22,东,1224,奈,1
22,东,2546,杀,1
22,东,5744,豕,1
23,丝,3030,泛,1
23,丝,6023,辽,1
24,丞,91,亟,1
24,丞,3400,烝,1
25,丢,722,吾,1
25,丢,727,告,1
25,丢,1540,岳,1
25,丢,5305,虽,1
25,丢,6273,钅,1
26,两,1689,庖,1
26,两,3880,癍,1
26,两,5476,衲,1
26,两,5550,西,1
26,两,6514,闳,1
27,严,4653,翚,1
27,严,4957,芦,1
28,丧,1215,夷,1
28,丧,1281,委,1
28,丧,2988,沓,1
28,丧,4982,苌,1
28,丧,5132,菱,1
28,丧,5841,起,1
29,丨,32,丬,1
29,丨,44,丿,1
30,个,31,丫,1
30,个,576,千,1
30,个,1676,广,1
30,个,1735,弋,1
30,个,1776,彳,1
30,个,6780,饣,1
31,丫,30,个,1
31,丫,98,产,1
31,丫,601,卩,1
31,丫,4624,羊,1
32,丬,67,习,1
32,丬,1607,川,1
32,丬,2054,才,1
32,丬,3487,爿,1
33,中,181,伴,1
33,中,596,卢,1
33,中,1626,币,1
33,中,3750,由,1
33,中,3753,电,1
34,丰,1033,圭,1
34,丰,2386,斗,1
34,丰,2948,求,1
34,丰,3752,申,1
34,丰,4719,肀,1
34,丰,6673,革,1
34,丰,6702,韦,1
35,串,78,事,1
35,串,1187,声,1
35,串,1790,律,1
35,串,4565,缕,1
35,串,5338,蛊,1
35,串,5611,讳,1
35,串,6702,韦,1
36,临,1585,嵋,1
36,临,2988,沓,1
36,临,3444,煸,1
36,临,3919,监,1
37,丶,407,冫,1
38,丸,518,加,1
38,丸,1850,怒,1
39,丹,13,丑,1
39,丹,393,冉,1
39,丹,432,凡,1
39,丹,577,卅,1
39,丹,1727,开,1
39,丹,2522,月,1
39,丹,2894,毋,1
39,丹,2895,母,1
39,丹,3356,灯,1
40,为,0,々,1
40,为,38,丸,1
40,为,391,内,1
40,为,1207,太,1
40,为,1247,如,1
40,为,2353,收,1
40,为,4460,约,1
41,主,25,丢,1
41,主,3740,生,1
41,主,4260,立,1
41,主,5594,讠,1
42,丽,623,厕,1
42,丽,6216,酯,1
43,举,2041,戽,1
43,举,2482,景,1
43,举,2934,氧,1
43,举,4236,窄,1
43,举,4381,簟,1
44,丿,29,丨,1
44,丿,2053,扌,1
45,乂,50,义,1
45,乂,2841,次,1
45,乂,7170,龁,1
46,乃,449,刁,1
46,乃,617,厅,1
46,乃,1374,孕,1
46,乃,1738,弓,1
46,乃,2545,朽,1
46,乃,2954,汐,1
46,乃,6554,阝,1
47,久,0,々,1
47,久,621,厌,1
47,久,1672,幺,1
47,久,4226,穴,1
48,乇,2905,毛,1
48,乇,4945,芏,1
49,么,163,众,1
49,么,407,冫,1
49,么,1765,彡,1
49,么,1808,心,1
49,么,3605,玄,1
49,么,4478,纹,1
49,么,5619,讼,1
50,义,670,史,1
50,义,1483,尸,1
50,义,1810,必,1
50,义,2352,攵,1
50,义,3353,火,1
51,之,47,久,1
51,之,55,乏,1
51,之,355,元,1
51,之,1191,夂,1
51,之,2943,氵,1
51,之,4260,立,1
51,之,4453,纟,1
52,乌,6848,驽,1
53,乍,94,亢,1
53,乍,126,仑,1
53,乍,168,伞,1
53,乍,399,冗,1
54,乎,27,严,1
54,乎,667,可,1
54,乎,3496,牙,1
54,乎,5752,豸,1
54,乎,5958,车,1
55,乏,93,亡,1
55,乏,127,仓,1
55,乏,139,令,1
55,乏,209,佥,1
56,乐,2052,手,1
56,乐,2079,承,1
56,乐,2394,斥,1
56,乐,2541,朱,1
56,乐,2546,杀,1
56,乐,3937,盾,1
56,乐,4170,禹,1
56,乐,4706,聆,1
56,乐,5958,车,1
57,乒,27,严,1
57,乒,58,乓,1
57,乒,98,产,1
58,乓,651,变,1
58,乓,1998,憨,1
59,乔,1219,夼,1
59,乔,4177,秃,1
60,乖,759,和,1
60,乖,2993,沛,1
60,乖,3667,琨,1
60,乖,3810,疵,1
60,乖,3818,痄,1
61,乘,107,亵,1
61,乘,1239,奭,1
61,乘,1384,季,1
61,乘,2079,承,1
61,乘,2541,朱,1
61,乘,3486,爽,1
61,乘,4179,秉,1
61,乘,4314,策,1
61,乘,4392,籴,1
62,乙,51,之,1
62,乙,75,了,1
62,乙,444,击,1
62,乙,1028,圣,1
62,乙,1619,己,1
62,乙,5076,荭,1
62,乙,6771,飞,1
63,乜,66,也,1
63,乜,2424,旭,1
64,九,354,允,1
64,九,514,力,1
64,九,516,办,1
64,九,2539,札,1
65,乞,122,今,1
65,乞,359,先,1
65,乞,594,占,1
65,乞,2937,氪,1
66,也,562,匜,1
66,也,1036,地,1
66,也,1478,尥,1
66,也,6022,边,1
67,习,13,丑,1
67,习,392,冈,1
67,习,550,匀,1
67,习,667,可,1
67,习,999,囗,1
69,书,1740,弗,1
69,书,2025,或,1
69,书,2948,求,1
69,书,5010,茀,1
70,乩,2055,扎,1
70,乩,6937,鱾,1
71,买,1206,天,1
71,买,1214,头,1
71,买,1417,实,1
71,买,1590,嵚,1
71,买,2440,昊,1
71,买,2590,果,1
71,买,2939,氯,1
71,买,4647,翌,1
71,买,5744,豕,1
72,乱,5959,轧,1
73,乳,72,乱,1
73,乳,2373,敦,1
73,乳,3501,牡,1
74,乾,6945,鲇,1
75,了,4,万,1
75,了,407,冫,1
75,了,1371,孑,1
75,了,1372,孓,1
75,了,2943,氵,1
76,予,98,产,1
76,予,1372,孓,1
76,予,2600,枭,1
76,予,4008,矛,1
76,予,4296,第,1
77,争,420,净,1
77,争,456,刍,1
77,争,1428,宰,1
77,争,1458,寺,1
77,争,2896,每,1
77,争,4266,章,1
77,争,6074,递,1
78,事,34,丰,1
78,事,1215,夷,1
79,二,407,冫,1
79,二,2697,梅,1
80,亍,76,予,1
80,亍,2052,手,1
81,于,54,乎,1
81,于,1185,壬,1
81,于,1483,尸,1
81,于,1676,广,1
81,于,3496,牙,1
81,于,4174,禾,1
81,于,5958,车,1
82,亏,4,万,1
82,亏,1765,彡,1
82,亏,4669,考,1
83,云,3605,玄,1
83,云,3607,玉,1
83,云,4597,缶,1
84,互,0,々,1
84,互,55,乏,1
84,互,88,亘,1
84,互,89,亚,1
84,互,1093,垦,1
84,互,3723,瓦,1
84,互,3933,直,1
84,互,5741,豇,1
84,互,6030,迈,1
85,亓,355,元,1
86,五,38,丸,1
86,五,571,区,1
86,五,705,否,1
86,五,722,吾,1
86,五,1372,孓,1
86,五,3355,灭,1
86,五,3782,疋,1
86,五,6030,迈,1
87,井,468,判,1
87,井,599,卦,1
87,井,792,哄,1
87,井,1370,子,1
87,井,1725,廾,1
87,井,3132,涛,1
87,井,3374,炜,1
87,井,3487,爿,1
87,井,3490,片,1
89,亚,563,匝,1
89,亚,568,匪,1
89,亚,1513,屯,1
89,亚,3796,疢,1
89,亚,5603,让,1
90,些,376,兰,1
90,些,731,呓,1
90,些,770,咝,1
90,些,852,唾,1
90,些,1986,慥,1
90,些,2755,楚,1
90,些,3129,涔,1
90,些,3430,然,1
90,些,4044,砦,1
90,些,4273,竺,1
91,亟,3448,熊,1
92,亠,407,冫,1
93,亡,41,主,1
93,亡,83,云,1
93,亡,134,仝,1
93,亡,1185,壬,1
93,亡,1397,宀,1
93,亡,1619,己,1
93,亡,4260,立,1
93,亡,4453,纟,1
94,亢,41,主,1
94,亢,354,允,1
94,亢,357,充,1
94,亢,360,光,1
94,亢,373,公,1
94,亢,657,古,1
94,亢,1612,左,1
94,亢,1678,庄,1
94,亢,2091,抗,1
94,亢,2923,氕,1
94,亢,3605,玄,1
95,交,651,变,1
95,交,1408,宓,1
95,交,1701,庭,1
95,交,1821,忘,1
95,交,3485,爻,1
96,亥,3358,灵,1
96,亥,3796,疢,1
96,亥,5049,荄,1
96,亥,5474,衮,1
96,亥,6021,辶,1
97,亦,102,京,1
97,亦,384,兹,1
97,亦,1377,孙,1
97,亦,1467,小,1
97,亦,1669,年,1
97,亦,2944,永,1
97,亦,3802,疭,1
97,亦,6058,迹,1
97,亦,6669,靠,1
98,产,27,严,1
98,产,68,乡,1
98,产,82,亏,1
98,产,1676,广,1
99,亨,76,予,1
99,亨,1389,孪,1
99,亨,2811,横,1
99,亨,4627,羑,1
99,亨,5083,荽,1
99,亨,5468,衤,1
100,亩,597,卣,1
100,亩,598,卤,1
100,亩,833,唐,1
100,亩,4287,笛,1
100,亩,6811,馆,1
101,享,105,亲,1
101,享,1375,字,1
101,享,1378,孚,1
101,享,1393,孳,1
101,享,1430,宴,1
101,享,2404,旁,1
101,享,4437,紊,1
102,京,105,亲,1
102,京,1372,孓,1
102,京,1375,字,1
102,京,1410,宗,1
102,京,4160,禀,1
102,京,4439,索,1
102,京,5746,象,1
103,亭,99,亨,1
103,亭,1439,寄,1
103,亭,4341,管,1
103,亭,6902,高,1
104,亮,106,亳,1
104,亮,2404,旁,1
104,亮,3866,瘪,1
104,亮,6710,音,1
105,亲,101,享,1
105,亲,1273,妾,1
105,亲,2671,案,1
105,亲,4160,禀,1
105,亲,4314,策,1
105,亲,4436,系,1
105,亲,4437,紊,1
105,亲,6011,辛,1
105,亲,6710,音,1
108,亶,45,乂,1
109,亸,108,亶,1
109,亸,2881,殚,1
110,人,370,入,1
111,亻,615,厂,1
111,亻,1776,彳,1
111,亻,6780,饣,1
112,亿,137,仡,1
112,亿,174,伦,1
112,亿,187,伾,1
112,亿,558,化,1
112,亿,1782,征,1
112,亿,3526,犯,1
112,亿,5609,记,1
113,什,87,井,1
113,什,129,仕,1
113,什,136,仟,1
113,什,138,代,1
113,什,2026,戗,1
113,什,2394,斥,1
113,什,4457,纣,1
113,什,4458,纤,1
114,仁,18,丘,1
114,仁,141,仨,1
114,仁,151,任,1
114,仁,177,伫,1
115,仂,120,仇,1
115,仂,172,伤,1
115,仂,1674,幼,1
117,仄,570,匹,1
117,仄,3476,爪,1
117,仄,6503,长,1
118,仅,645,双,1
118,仅,1241,奴,1
118,仅,2952,汉,1
118,仅,3481,父,1
119,仆,128,仔,1
119,仆,143,仫,1
119,仆,210,佧,1
119,仆,373,公,1
119,仆,1198,外,1
119,仆,1809,忄,1
119,仆,3476,爪,1
119,仆,4457,纣,1
120,仇,112,亿,1
120,仇,121,仉,1
120,仇,125,从,1
120,仇,174,伦,1
120,仇,191,低,1
120,仇,2960,汝,1
121,仉,5599,讥,1
122,今,709,含,1
122,今,1216,夸,1
123,介,113,什,1
123,介,116,仃,1
123,介,119,仆,1
123,介,163,众,1
123,介,354,允,1
123,介,710,听,1
124,仍,144,们,1
124,仍,157,伋,1
124,仍,235,侣,1
124,仍,2059,扔,1
124,仍,3615,玛,1
124,仍,4462,纨,1
124,仍,4506,绗,1
124,仍,4897,舟,1
124,仍,5461,衍,1
125,从,118,仅,1
125,从,131,仗,1
125,从,1241,奴,1
126,仑,53,乍,1
126,仑,127,仓,1
126,仑,1390,孬,1
126,仑,1620,已,1
126,仑,2905,毛,1
127,仓,55,乏,1
127,仓,65,乞,1
127,仓,1833,念,1
127,仓,6780,饣,1
128,仔,174,伦,1
128,仔,196,何,1
128,仔,999,囗,1
128,仔,1613,巧,1
128,仔,2394,斥,1
128,仔,4455,纡,1
128,仔,4897,舟,1
128,仔,6334,铄,1
129,仕,113,什,1
129,仕,179,估,1
129,仕,215,佳,1
129,仕,2559,杜,1
129,仕,2968,汪,1
129,仕,4130,社,1
129,仕,5625,诂,1
130,他,558,化,1
130,他,1244,她,1
130,他,3477,爬,1
130,他,4485,绁,1
131,仗,119,仆,1
131,仗,132,付,1
131,仗,142,仪,1
132,付,1457,对,1
132,付,2558,杖,1
132,付,2919,氐,1
133,仙,121,仉,1
133,仙,124,仍,1
133,仙,230,侔,1
133,仙,435,凭,1
133,仙,558,化,1
133,仙,2956,汕,1
133,仙,4028,砂,1
134,仝,41,主,1
134,仝,6260,銍,1
134,仝,6273,钅,1
135,仞,1004,囟,1
135,仞,4465,纫,1
135,仞,5663,诩,1
135,仞,6506,闪,1
136,仟,113,什,1
136,仟,120,仇,1
136,仟,150,价,1
136,仟,206,你,1
136,仟,2394,斥,1
136,仟,4188,秤,1
136,仟,4272,竹,1
136,仟,4510,绛,1
136,仟,5460,行,1
136,仟,6025,迁,1
137,仡,141,仨,1
138,代,558,化,1
138,代,4483,线,1
138,代,5607,议,1
139,令,166,会,1
139,令,371,全,1
139,令,416,冷,1
139,令,1046,坌,1
139,令,2886,殳,1
139,令,4313,答,1
139,令,4453,纟,1
140,以,125,从,1
140,以,717,吵,1
140,以,1099,垯,1
140,以,2956,汕,1
140,以,6555,队,1
142,仪,1,一,1
142,仪,112,亿,1
142,仪,118,仅,1
142,仪,131,仗,1
142,仪,138,代,1
142,仪,282,倓,1
142,仪,1606,巛,1
142,仪,2354,攸,1
142,仪,2918,氏,1
142,仪,3536,狄,1
142,仪,5607,议,1
144,们,124,仍,1
144,们,137,仡,1
144,们,196,何,1
144,们,1673,幻,1
145,仰,1799,御,1
145,仰,2085,抑,1
145,仰,6145,邸,1
145,仰,6155,郈,1
146,仲,130,他,1
146,仲,148,仵,1
146,仲,149,件,1
146,仲,412,冲,1
146,仲,2107,抻,1
146,仲,2388,斛,1
146,仲,4470,纱,1
146,仲,4906,舯,1
149,件,128,仔,1
149,件,146,仲,1
149,件,156,伊,1
149,件,165,伙,1
149,件,183,伸,1
149,件,340,僬,1
149,件,1794,徕,1
149,件,5602,讨,1
150,价,152,份,1
150,价,191,低,1
150,价,202,作,1
150,价,206,你,1
150,价,233,依,1
150,价,255,俗,1
150,价,2044,所,1
150,价,3647,珩,1
150,价,4479,纺,1
150,价,4516,绡,1
150,价,5461,衍,1
150,价,5631,诉,1
151,任,129,仕,1
151,任,136,仟,1
151,任,191,低,1
151,任,192,住,1
151,任,223,侄,1
151,任,265,俨,1
151,任,1781,往,1
151,任,2968,汪,1
151,任,4464,纪,1
151,任,4473,纴,1
151,任,5557,觅,1
151,任,6391,锃,1
151,任,6785,饪,1
152,份,145,仰,1
152,份,150,价,1
152,份,153,仿,1
152,份,1777,彷,1
152,份,2070,扮,1
152,份,2888,段,1
152,份,2965,汤,1
152,份,3553,狮,1
152,份,4482,纾,1
152,份,4506,绗,1
152,份,6799,饸,1
153,仿,150,价,1
153,仿,152,份,1
153,仿,176,伪,1
153,仿,179,估,1
153,仿,190,位,1
153,仿,217,佶,1
153,仿,224,侈,1
153,仿,241,侪,1
153,仿,3036,泣,1
153,仿,4479,纺,1
153,仿,6561,防,1
154,企,209,佥,1
154,企,371,全,1
154,企,1046,坌,1
154,企,3036,泣,1
154,企,4260,立,1
155,伉,137,仡,1
155,伉,212,佬,1
155,伉,1842,怃,1
156,伊,202,作,1
156,伊,293,倨,1
157,伋,109,亸,1
157,伋,246,便,1
157,伋,1780,彼,1
157,伋,2888,段,1
158,伍,157,伋,1
158,伍,159,伎,1
158,伍,177,伫,1
158,伍,189,但,1
158,伍,215,佳,1
158,伍,2968,汪,1
158,伍,4473,纴,1
159,伎,157,伋,1
159,伎,215,佳,1
159,伎,219,佼,1
159,伎,221,使,1
159,伎,1682,庋,1
159,伎,1831,忮,1
159,伎,2080,技,1
159,伎,2354,攸,1
160,伏,138,代,1
160,伏,162,休,1
160,伏,621,厌,1
160,伏,702,吠,1
160,伏,1827,忧,1
161,伐,160,伏,1
162,休,132,付,1
162,休,149,件,1
162,休,206,你,1
162,休,707,吨,1
162,休,2708,械,1
162,休,2978,沂,1
162,休,4457,纣,1
163,众,1606,巛,1
164,优,161,伐,1
164,优,179,估,1
164,优,4550,缄,1
165,伙,23,丝,1
165,伙,143,仫,1
165,伙,160,伏,1
165,伙,200,佚,1
165,伙,247,促,1
165,伙,3536,狄,1
165,伙,4150,祧,1
165,伙,4469,纰,1
165,伙,4496,绌,1
166,会,209,佥,1
166,会,375,兮,1
166,会,1732,弇,1
166,会,4890,舍,1
166,会,5581,言,1
168,伞,1733,弈,1
168,伞,2052,手,1
168,伞,2911,毵,1
168,伞,2945,氽,1
168,伞,3500,牟,1
168,伞,3509,牵,1
169,伟,217,佶,1
169,伟,228,侏,1
169,伟,1790,律,1
169,伟,6616,隼,1
170,传,141,仨,1
170,传,205,佟,1
170,传,215,佳,1
170,传,225,侉,1
170,传,245,侵,1
170,传,250,俊,1
170,传,255,俗,1
170,传,297,倭,1
170,传,1920,您,1
170,传,4526,绫,1
171,伢,5614,讶,1
171,伢,5952,身,1
172,伤,153,仿,1
172,伤,176,伪,1
172,伤,227,侍,1
172,伤,2998,沥,1
172,伤,4396,粉,1
172,伤,5460,行,1
172,伤,5670,诱,1
172,伤,6787,饬,1
173,伥,160,伏,1
173,伥,191,低,1
173,伥,200,佚,1
173,伥,232,供,1
173,伥,1744,张,1
173,伥,4905,舭,1
174,伦,192,住,1
174,伦,197,佗,1
174,伦,202,作,1
174,伦,255,俗,1
174,伦,1050,坐,1
174,伦,1781,往,1
174,伦,4500,绐,1
174,伦,5624,证,1
174,伦,6792,饱,1
175,伧,182,伶,1
176,伪,115,仂,1
176,伪,124,仍,1
176,伪,148,仵,1
176,伪,284,倘,1
176,伪,466,初,1
176,伪,1674,幼,1
176,伪,3002,沩,1
176,伪,3893,的,1
177,伫,291,倥,1
178,伯,208,佤,1
178,伯,284,倘,1
178,伯,2121,拍,1
178,伯,3937,盾,1
179,估,153,仿,1
179,估,170,传,1
179,估,177,伫,1
179,估,689,后,1
179,估,3014,沽,1
180,伲,167,伛,1
180,伲,222,侃,1
180,伲,372,八,1
180,伲,3037,泥,1
181,伴,132,付,1
181,伴,213,佯,1
181,伴,1794,徕,1
181,伴,2120,拌,1
181,伴,3041,泮,1
181,伴,4494,绊,1
182,伶,137,仡,1
182,伶,175,伧,1
182,伶,205,佟,1
182,伶,1784,径,1
182,伶,1856,怜,1
182,伶,3033,泠,1
182,伶,3627,玲,1
182,伶,4500,绐,1
182,伶,4815,脸,1
182,伶,6605,隐,1
183,伸,156,伊,1
183,伸,221,使,1
183,伸,298,倮,1
183,伸,1825,忡,1
184,伺,203,佝,1
184,伺,231,侗,1
184,伺,287,倜,1
184,伺,579,午,1
184,伺,743,周,1
184,伺,1786,徇,1
184,伺,4065,硐,1
184,伺,5635,词,1
184,伺,6793,饲,1
185,似,133,仙,1
185,似,140,以,1
185,似,165,伙,1
185,似,238,侧,1
185,似,4554,缈,1
186,伽,180,伲,1
187,伾,157,伋,1
187,伾,167,伛,1
187,伾,3538,狉,1
188,佃,207,佣,1
188,佃,254,俑,1
188,佃,287,倜,1
188,佃,1789,徊,1
189,但,188,佃,1
189,但,221,使,1
189,但,235,侣,1
189,但,1838,忿,1
189,但,1855,怛,1
189,但,3006,沮,1
189,但,4488,组,1
189,但,6566,阻,1
190,位,23,丝,1
190,位,143,仫,1
190,位,192,住,1
190,位,219,佼,1
190,位,223,侄,1
190,位,247,促,1
190,位,262,信,1
190,位,268,俭,1
190,位,1782,征,1
190,位,3054,泾,1
190,位,4499,经,1
190,位,6325,钻,1
190,位,6820,馐,1
191,低,256,俘,1
191,低,2625,柢,1
191,低,3031,泜,1
191,低,5633,诋,1
192,住,158,伍,1
192,住,200,佚,1
192,住,246,便,1
192,住,342,僮,1
192,住,5654,诠,1
193,佐,187,伾,1
193,佐,194,佑,1
193,佐,210,佧,1
193,佐,215,佳,1
193,佐,1777,彷,1
193,佐,1793,徒,1
193,佐,3171,淫,1
193,佐,4503,结,1
193,佐,5772,质,1
193,佐,6802,饻,1
194,佑,202,作,1
194,佑,217,佶,1
194,佑,229,侑,1
194,佑,249,俅,1
194,佑,2618,柘,1
194,佑,3014,沽,1
195,体,227,侍,1
195,体,252,俏,1
195,体,1243,奸,1
195,体,3172,淬,1
195,体,4036,砗,1
195,体,4510,绛,1
195,体,5061,荜,1
195,体,5485,袆,1
195,体,5692,谇,1
196,何,135,仞,1
196,何,171,伢,1
196,何,184,伺,1
196,何,230,侔,1
196,何,689,后,1
196,何,3062,洒,1
196,何,3809,疴,1
196,何,6793,饲,1
197,佗,174,伦,1
197,佗,297,倭,1
197,佗,1063,坨,1
198,佘,6257,金,1
199,余,56,乐,1
199,余,168,伞,1
199,余,1378,孚,1
199,余,1410,宗,1
199,余,1422,室,1
199,余,1761,彖,1
199,余,2949,汆,1
200,佚,210,佧,1
200,佚,261,俟,1
200,佚,282,倓,1
200,佚,5623,诀,1
201,佛,146,仲,1
201,佛,211,佩,1
201,佛,271,俱,1
201,佛,316,偶,1
201,佛,1866,怫,1
201,佛,3010,沸,1
202,作,174,伦,1
202,作,206,你,1
202,作,213,佯,1
202,作,1782,征,1
202,作,1792,徐,1
202,作,4112,磙,1
202,作,4534,维,1
202,作,5651,话,1
202,作,6668,非,1
204,佞,224,侈,1
206,你,150,价,1
206,你,185,似,1
206,你,288,倞,1
206,你,1104,埂,1
206,你,1745,弥,1
206,你,2843,欣,1
206,你,4162,禄,1
206,你,4195,称,1
206,你,4542,综,1
206,你,6789,饮,1
206,你,6811,馆,1
207,佣,156,伊,1
207,佣,183,伸,1
207,佣,188,佃,1
207,佣,211,佩,1
207,佣,1316,娴,1
207,佣,1932,惆,1
207,佣,4490,细,1
208,佤,2984,沉,1
209,佥,371,全,1
210,佧,273,俵,1
211,佩,310,偕,1
211,佩,6551,阙,1
211,佩,6593,陬,1
212,佬,205,佟,1
212,佬,292,倦,1
212,佬,318,偻,1
212,佬,320,偿,1
212,佬,326,傥,1
212,佬,4784,胱,1
213,佯,296,倬,1
213,佯,3058,洋,1
213,佯,4494,绊,1
213,佯,6580,降,1
214,佰,192,住,1
214,佰,208,佤,1
214,佰,216,佴,1
214,佰,229,侑,1
214,佰,235,侣,1
214,佰,237,侦,1
214,佰,276,俺,1
214,佰,302,值,1
214,佰,2131,拚,1
214,佰,4517,绢,1
214,佰,5689,谄,1
215,佳,217,佶,1
215,佳,221,使,1
215,佳,242,侬,1
215,佳,297,倭,1
215,佳,3426,焦,1
215,佳,4016,矬,1
216,佴,217,佶,1
216,佴,3645,珥,1
216,佴,4555,缉,1
217,佶,186,伽,1
217,佶,193,佐,1
218,佻,173,伥,1
218,佻,220,佾,1
219,佼,241,侪,1
219,佼,291,倥,1
219,佼,3071,洨,1
219,佼,4513,绞,1
220,佾,228,侏,1
220,佾,229,侑,1
221,使,157,伋,1
221,使,313,健,1
221,使,3442,煲,1
221,使,4413,粳,1
221,使,4515,绠,1
221,使,5685,谀,1
222,侃,225,侉,1
223,侄,192,住,1
223,侄,297,倭,1
223,侄,1012,囱,1
223,侄,2675,桎,1
223,侄,4060,硁,1
223,侄,4475,纶,1
224,侈,137,仡,1
224,侈,219,佼,1
224,侈,245,侵,1
224,侈,250,俊,1
224,侈,256,俘,1
224,侈,267,俪,1
224,侈,654,叟,1
224,侈,1791,後,1
224,侈,4107,磊,1
224,侈,4197,移,1
224,侈,6807,馁,1
225,侉,229,侑,1
225,侉,4782,胯,1
226,例,253,俐,1
226,例,3557,狲,1
226,例,6155,郈,1
227,侍,225,侉,1
227,侍,286,倚,1
227,侍,1697,庤,1
227,侍,3388,炼,1
227,侍,6804,饽,1
228,侏,149,件,1
228,侏,222,侃,1
228,侏,4314,策,1
228,侏,4802,脒,1
228,侏,5649,诛,1
229,侑,216,佴,1
229,侑,252,俏,1
230,侔,242,侬,1
230,侔,296,倬,1
230,侔,299,倴,1
231,侗,184,伺,1
231,侗,692,向,1
231,侗,1786,徇,1
231,侗,3381,炯,1
232,供,200,佚,1
232,供,320,偿,1
232,供,3072,洪,1
232,供,3641,珙,1
233,依,197,佗,1
233,依,212,佬,1
233,依,273,俵,1
233,依,274,俶,1
233,依,321,傀,1
234,侠,195,体,1
234,侠,200,佚,1
234,侠,4142,祛,1
234,侠,4269,竦,1
234,侠,6583,陕,1
235,侣,153,仿,1
235,侣,279,倍,1
235,侣,1276,始,1
235,侣,4336,箔,1
235,侣,4532,绲,1
236,侥,320,偿,1
236,侥,326,傥,1
236,侥,3090,浇,1
236,侥,4069,硗,1
237,侦,282,倓,1
237,侦,288,倞,1
237,侦,2878,殒,1
237,侦,3091,浈,1
237,侦,3595,獏,1
237,侦,4153,祯,1
237,侦,5675,诶,1
237,侦,6719,须,1
238,侧,253,俐,1
238,侧,509,劁,1
238,侧,623,厕,1
238,侧,3094,测,1
239,侨,200,佚,1
239,侨,229,侑,1
239,侨,255,俗,1
239,侨,1301,娇,1
240,侩,190,位,1
240,侩,255,俗,1
240,侩,709,含,1
240,侩,2864,歪,1
240,侩,3095,浍,1
240,侩,3554,狯,1
240,侩,6799,饸,1
241,侪,218,佻,1
241,侪,239,侨,1
241,侪,810,哜,1
242,侬,219,佼,1
243,侮,230,侔,1
243,侮,242,侬,1
243,侮,4307,筋,1
243,侮,6252,释,1
244,侯,263,俣,1
244,侯,288,倞,1
244,侯,327,傧,1
244,侯,1883,恢,1
244,侯,2042,戾,1
244,侯,5659,该,1
245,侵,300,债,1
245,侵,4214,稷,1
245,侵,6596,陵,1
246,便,2045,扁,1
246,便,3220,湮,1
246,便,5724,谩,1
247,促,118,仅,1
247,促,170,传,1
247,促,221,使,1
247,促,222,侃,1
247,促,223,侄,1
247,促,282,倓,1
247,促,1977,愿,1
247,促,4532,绲,1
247,促,4553,缇,1
247,促,6714,顶,1
248,俄,2022,我,1
248,俄,2802,槲,1
248,俄,3532,犹,1
248,俄,4495,绋,1
249,俅,3652,球,1
249,俅,5648,诚,1
250,俊,219,佼,1
250,俊,319,偾,1
250,俊,650,受,1
250,俊,986,嚄,1
250,俊,1502,屐,1
250,俊,4513,绞,1
250,俊,4568,缘,1
251,俎,1277,姐,1
252,俏,178,伯,1
252,俏,294,倩,1
252,俏,310,偕,1
252,俏,330,催,1
252,俏,1503,屑,1
252,俏,1798,徜,1
252,俏,3937,盾,1
252,俏,4761,背,1
252,俏,5461,衍,1
253,俐,3076,洲,1
253,俐,4537,绷,1
254,俑,4551,缅,1
255,俗,152,份,1
255,俗,172,伤,1
255,俗,224,侈,1
255,俗,240,侩,1
255,俗,335,像,1
256,俘,128,仔,1
256,俘,224,侈,1
256,俘,312,停,1
256,俘,334,僇,1
256,俘,625,厚,1
256,俘,4520,绥,1
256,俘,4542,综,1
256,俘,5634,诌,1
256,俘,6804,饽,1
259,保,213,佯,1
259,保,298,倮,1
259,保,332,傺,1
259,保,3127,涑,1
259,保,3174,深,1
259,保,3662,琛,1
259,保,4582,缧,1
259,保,6583,陕,1
260,俞,199,余,1
260,俞,317,偷,1
260,俞,491,前,1
260,俞,753,命,1
261,俟,347,儆,1
261,俟,2412,族,1
261,俟,4527,续,1
262,信,182,伶,1
262,信,190,位,1
262,信,294,倩,1
262,信,1933,惇,1
262,信,2497,暗,1
262,信,3562,狺,1
262,信,4088,碚,1
262,信,5460,行,1
263,俣,244,侯,1
263,俣,298,倮,1
264,俦,230,侔,1
264,俦,3132,涛,1
266,俩,267,俪,1
266,俩,328,储,1
266,俩,1801,循,1
266,俩,1839,怀,1
266,俩,3062,洒,1
267,俪,628,厢,1
267,俪,3816,痂,1
268,俭,235,侣,1
268,俭,255,俗,1
268,俭,262,信,1
268,俭,504,剪,1
268,俭,2053,扌,1
268,俭,2122,拎,1
268,俭,3007,沱,1
268,俭,4077,硷,1
268,俭,4532,绲,1
268,俭,6111,遥,1
268,俭,6575,陇,1
269,修,153,仿,1
269,修,280,倏,1
269,修,320,偿,1
269,修,349,儋,1
269,修,5632,诊,1
269,修,6309,钫,1
269,修,6569,阿,1
270,俯,4571,缛,1
271,俱,189,但,1
271,俱,216,佴,1
271,俱,257,俚,1
271,俱,258,俜,1
271,俱,287,倜,1
271,俱,298,倮,1
271,俱,313,健,1
271,俱,1783,徂,1
271,俱,1945,惧,1
271,俱,2341,擤,1
271,俱,2531,望,1
271,俱,4491,织,1
271,俱,4572,缜,1
272,俳,4529,绯,1
273,俵,187,伾,1
273,俵,1805,德,1
274,俶,227,侍,1
274,俶,273,俵,1
274,俶,331,傲,1
275,俸,3669,琫,1
276,俺,175,伧,1
276,俺,212,佬,1
277,俾,296,倬,1
278,倌,3672,琯,1
278,倌,4544,绾,1
278,倌,4857,膣,1
279,倍,235,侣,1
279,倍,256,俘,1
279,倍,324,傍,1
279,倍,1125,培,1
279,倍,1791,後,1
279,倍,1967,愔,1
279,倍,2216,掊,1
279,倍,4504,绔,1
281,倒,238,侧,1
281,倒,419,冽,1
281,倒,1803,微,1
281,倒,2205,捯,1
281,倒,3097,浏,1
281,倒,6155,郈,1
282,倓,173,伥,1
282,倓,261,俟,1
282,倓,274,俶,1
282,倓,1916,悠,1
282,倓,5816,赕,1
283,倔,1787,很,1
283,倔,3313,潺,1
283,倔,4081,碌,1
284,倘,208,佤,1
284,倘,214,佰,1
284,倘,310,偕,1
284,倘,328,储,1
284,倘,4071,硝,1
284,倘,4426,糖,1
284,倘,4516,绡,1
285,候,244,侯,1
285,候,263,俣,1
285,候,327,傧,1
285,候,4048,砭,1
285,候,4563,缓,1
286,倚,227,侍,1
286,倚,1127,埼,1
286,倚,3109,浡,1
286,倚,3516,犄,1
286,倚,4526,绫,1
286,倚,4528,绮,1
286,倚,4564,缔,1
286,倚,6866,骑,1
287,倜,231,侗,1
288,倞,256,俘,1
288,倞,282,倓,1
289,借,201,佛,1
289,借,235,侣,1
289,借,252,俏,1
289,借,275,俸,1
289,借,306,偈,1
289,借,310,偕,1
289,借,318,偻,1
289,借,328,储,1
289,借,2231,措,1
289,借,3570,猎,1
290,倡,235,侣,1
290,倡,245,侵,1
290,倡,1795,得,1
290,倡,3573,猖,1
290,倡,4536,绶,1
291,倥,182,伶,1
291,倥,190,位,1
292,倦,212,佬,1
292,倦,349,儋,1
292,倦,3200,港,1
293,倨,180,伲,1
293,倨,283,倔,1
294,倩,300,债,1
295,倪,327,傧,1
295,倪,1136,堍,1
295,倪,3569,猊,1
295,倪,6587,院,1
295,倪,6789,饮,1
296,倬,197,佗,1
296,倬,230,侔,1
296,倬,1119,埠,1
296,倬,4530,绰,1
297,倭,2133,拜,1
297,倭,5684,诿,1
299,倴,288,倞,1
300,债,294,倩,1
300,债,3183,渍,1
300,债,3442,煲,1
300,债,3706,璜,1
300,债,5767,责,1
301,倻,299,倴,1
302,值,178,伯,1
302,值,215,佳,1
302,值,291,倥,1
302,值,3252,滇,1
302,值,4555,缉,1
302,值,5613,讵,1
303,倾,242,侬,1
303,倾,327,傧,1
303,倾,2843,欣,1
303,倾,4587,缬,1
303,倾,6726,颂,1
303,倾,6736,颌,1
305,假,1359,嫩,1
305,假,4559,缎,1
306,偈,290,倡,1
306,偈,316,偶,1
306,偈,3202,渴,1
307,偌,212,佬,1
307,偌,5679,诺,1
308,偎,2309,撂,1
308,偎,2916,氇,1
308,偎,6601,隈,1
309,偏,36,临,1
309,偏,254,俑,1
309,偏,2045,扁,1
309,偏,5713,谝,1
310,偕,341,僭,1
310,偕,2002,憾,1
310,偕,5700,谐,1
311,做,1803,微,1
311,做,1807,徽,1
311,做,2354,攸,1
311,做,2362,敌,1
311,做,2986,沏,1
312,停,128,仔,1
312,停,243,侮,1
312,停,342,僮,1
312,停,349,儋,1
312,停,4482,纾,1
313,健,300,债,1
313,健,4489,绅,1
313,健,6386,链,1
313,健,6433,键,1
314,偬,321,傀,1
314,偬,1446,寓,1
315,偲,2006,懋,1
316,偶,290,倡,1
316,偶,314,偬,1
316,偶,315,偲,1
316,偶,332,傺,1
316,偶,348,儇,1
316,偶,3304,潟,1
316,偶,3767,留,1
316,偶,4517,绢,1
316,偶,6599,隅,1
317,偷,152,份,1
317,偷,1555,峤,1
317,偷,1963,愉,1
317,偷,3191,渝,1
318,偻,297,倭,1
318,偻,3227,溇,1
318,偻,4565,缕,1
319,偾,5797,赁,1
320,偿,262,信,1
320,偿,336,僖,1
320,偿,4541,绻,1
320,偿,4581,缦,1
321,傀,277,俾,1
321,傀,315,偲,1
321,傀,335,像,1
321,傀,2463,晁,1
322,傅,227,侍,1
322,傅,590,博,1
322,傅,3236,溥,1
323,傈,259,保,1
323,傈,3469,燥,1
324,傍,225,侉,1
324,傍,279,倍,1
324,傍,342,僮,1
324,傍,2781,榜,1
324,傍,5364,蜃,1
324,傍,5586,詹,1
325,傣,273,俵,1
326,傥,237,侦,1
326,傥,320,偿,1
326,傥,1228,奏,1
328,储,285,候,1
328,储,310,偕,1
328,储,6411,锗,1
329,傩,1942,惟,1
329,傩,3272,滩,1
329,傩,6783,饨,1
329,傩,6925,魄,1
330,催,230,侔,1
330,催,2906,毡,1
331,傲,311,做,1
331,傲,3701,璈,1
331,傲,4595,缴,1
331,傲,6558,阪,1
333,傻,219,佼,1
333,傻,224,侈,1
333,傻,250,俊,1
333,傻,277,俾,1
333,傻,290,倡,1
333,傻,1985,慢,1
333,傻,5716,谡,1
334,僇,5727,谬,1
335,像,259,保,1
335,像,288,倞,1
335,像,312,停,1
335,像,338,僦,1
335,像,4595,缴,1
335,像,5690,谅,1
335,像,5750,豫,1
337,僚,256,俘,1
337,僚,325,傣,1
337,僚,335,像,1
337,僚,6005,辕,1
338,僦,6340,铋,1
339,僧,87,井,1
339,僧,320,偿,1
339,僧,341,僭,1
339,僧,1805,德,1
339,僧,1993,憎,1
340,僬,4225,穰,1
342,僮,278,倌,1
343,僰,3472,燹,1
344,僳,3238,溧,1
345,僵,4591,缰,1
346,僻,3330,澼,1
347,儆,331,傲,1
347,儆,1804,徵,1
350,儒,254,俑,1
350,儒,6642,需,1
350,儒,6647,霈,1
351,儡,1082,垒,1
351,儡,4557,缌,1
351,儡,5466,衢,1
352,儿,125,从,1
352,儿,353,兀,1
352,儿,999,囗,1
353,兀,3723,瓦,1
354,允,112,亿,1
354,允,359,先,1
354,允,605,印,1
354,允,606,危,1
354,允,1188,壳,1
354,允,2923,氕,1
354,允,6032,运,1
355,元,353,兀,1
355,元,356,兄,1
355,元,362,免,1
355,元,700,吞,1
355,元,1206,天,1
355,元,1492,屁,1
355,元,1677,庀,1
355,元,6021,辶,1
355,元,6040,远,1
356,兄,405,冤,1
356,兄,414,况,1
356,兄,736,员,1
356,兄,1400,宄,1
356,兄,2922,气,1
357,充,354,允,1
357,充,1821,忘,1
357,充,2923,氕,1
357,充,4514,统,1
358,兆,703,吡,1
358,兆,2580,极,1
358,兆,3074,洮,1
358,兆,3499,牝,1
358,兆,3961,眺,1
358,兆,5615,讷,1
358,兆,6668,非,1
359,先,1519,岂,1
359,先,1841,怂,1
359,先,2861,步,1
359,先,2923,氕,1
359,先,4177,秃,1
359,先,4285,笕,1
359,先,4935,艽,1
359,先,5070,荧,1
360,光,367,党,1
360,光,379,兴,1
360,光,414,况,1
360,光,418,冼,1
360,光,559,北,1
360,光,727,告,1
360,光,1188,壳,1
360,光,1406,完,1
360,光,1479,尧,1
360,光,3386,点,1
360,光,3499,牝,1
360,光,4967,花,1
360,光,5045,茺,1
361,克,354,允,1
361,克,789,哀,1
361,克,1188,壳,1
361,克,1820,志,1
361,克,4029,砉,1
361,克,4668,老,1
362,免,356,兄,1
362,免,361,克,1
362,免,368,兜,1
362,免,405,冤,1
362,免,1221,奂,1
362,免,2923,氕,1
362,免,3407,烫,1
362,免,7184,龟,1
363,兑,359,先,1
363,兑,362,免,1
363,兑,1869,总,1
363,兑,2923,氕,1
363,兑,4625,羌,1
363,兑,6713,页,1
364,兔,405,冤,1
364,兔,688,名,1
364,兔,1595,嵬,1
364,兔,1858,怠,1
364,兔,5125,菟,1
364,兔,6921,鬼,1
364,兔,7183,龛,1
366,兖,5474,衮,1
367,党,104,亮,1
367,党,363,兑,1
367,党,368,兜,1
367,党,3110,浣,1
367,党,4264,竞,1
367,党,5070,荧,1
367,党,5094,莞,1
367,党,5232,蔸,1
367,党,5289,虎,1
367,党,5796,赀,1
367,党,5811,赏,1
368,兜,7105,麂,1
369,兢,1288,姣,1
369,兢,1749,弪,1
369,兢,6217,酰,1
369,兢,6360,铣,1
370,入,64,九,1
370,入,3525,犭,1
371,全,41,主,1
371,全,127,仓,1
371,全,199,余,1
371,全,456,刍,1
371,全,1525,岔,1
371,全,4308,筌,1
371,全,4878,至,1
372,八,111,亻,1
372,八,448,刀,1
372,八,591,卜,1
373,公,49,么,1
373,公,52,乌,1
373,公,548,勾,1
373,公,684,合,1
373,公,3485,爻,1
373,公,3717,瓜,1
373,公,4456,红,1
373,公,5738,谷,1
374,六,83,云,1
374,六,123,介,1
374,六,1214,头,1
374,六,1485,尺,1
374,六,2380,文,1
374,六,2840,欠,1
375,兮,684,合,1
376,兰,4453,纟,1
376,兰,4616,置,1
377,共,381,其,1
377,共,4934,艺,1
377,共,4935,艽,1
377,共,4968,芳,1
377,共,4972,芹,1
377,共,5024,茓,1
377,共,5470,表,1
378,关,379,兴,1
378,关,716,吴,1
378,关,1213,失,1
378,关,1221,奂,1
378,关,2926,氙,1
378,关,4011,矣,1
378,关,4283,笑,1
378,关,4626,美,1
378,关,4878,至,1
378,关,5468,衤,1
379,兴,1214,头,1
379,兴,1471,尖,1
379,兴,1485,尺,1
379,兴,2861,步,1
379,兴,2980,沄,1
379,兴,3072,洪,1
379,兴,3400,烝,1
379,兴,5659,该,1
380,兵,57,乒,1
380,兵,58,乓,1
380,兵,359,先,1
380,兵,1540,岳,1
381,其,406,冥,1
381,其,1056,坝,1
381,其,3738,甚,1
381,其,5779,贯,1
382,具,15,且,1
382,具,383,典,1
382,具,595,卡,1
382,具,1813,忌,1
382,具,2456,昱,1
382,具,4877,臭,1
383,典,1888,恩,1
383,典,3409,热,1
383,典,5785,贵,1
384,兹,3253,滋,1
385,养,2940,氰,1
385,养,4327,筹,1
385,养,4334,箐,1
385,养,4625,羌,1
385,养,5062,荞,1
385,养,5164,著,1
386,兼,4740,肩,1
387,兽,886,善,1
387,兽,4095,碧,1
387,兽,5015,茅,1
388,冀,4337,箕,1
388,冀,5283,蘘,1
388,冀,5522,裳,1
388,冀,5992,辈,1
388,冀,6259,鉴,1
390,冂,999,囗,1
391,内,392,冈,1
391,内,548,勾,1
391,内,1241,奴,1
391,内,1625,巾,1
391,内,2420,旧,1
391,内,4724,肉,1
392,冈,2522,月,1
392,冈,3749,田,1
392,冈,6506,闪,1
393,冉,39,丹,1
393,冉,1464,将,1
393,冉,3750,由,1
393,冉,4679,耕,1
394,册,577,卅,1
394,册,1134,堋,1
394,册,1282,姗,1
394,册,2614,柑,1
394,册,2854,歇,1
394,册,2894,毋,1
394,册,3462,燃,1
395,再,393,冉,1
395,再,4873,臣,1
395,再,5981,载,1
396,冒,2444,易,1
396,冒,3783,疍,1
396,冒,3894,皆,1
397,冕,405,冤,1
397,冕,7142,黾,1
398,冖,3354,灬,1
398,冖,6504,门,1
399,冗,144,们,1
399,冗,353,兀,1
399,冗,354,允,1
399,冗,4499,经,1
400,写,1057,坞,1
400,写,1375,字,1
400,写,1848,怎,1
400,写,2801,槭,1
400,写,2989,沔,1
400,写,4607,罗,1
400,写,5003,苫,1
400,写,7029,鸟,1
400,写,7048,鸳,1
401,军,77,争,1
401,军,752,呼,1
401,军,2428,旱,1
401,军,2467,晏,1
401,军,3502,牢,1
401,军,4700,耸,1
401,军,5351,蛩,1
402,农,1241,奴,1
402,农,1787,很,1
402,农,4464,纪,1
402,农,4967,花,1
402,农,5336,蛇,1
402,农,6027,迄,1
403,冠,4651,翘,1
405,冤,1188,壳,1
405,冤,1888,恩,1
405,冤,4618,署,1
405,冤,4625,羌,1
405,冤,5125,菟,1
405,冤,5484,袅,1
406,冥,382,具,1
407,冫,1,一,1
407,冫,44,丿,1
408,冬,640,参,1
408,冬,4231,空,1
409,冯,52,乌,1
409,冯,400,写,1
409,冯,697,吗,1
409,冯,1398,宁,1
409,冯,7029,鸟,1
410,冰,412,冲,1
410,冰,1198,外,1
410,冰,1259,妙,1
410,冰,1284,姚,1
410,冰,3045,泳,1
410,冰,6794,饳,1
411,冱,46,乃,1
411,冱,3030,泛,1
411,冱,6717,项,1
412,冲,33,中,1
412,冲,146,仲,1
412,冲,3011,油,1
412,冲,3041,泮,1
412,冲,3044,泱,1
412,冲,5610,讲,1
413,决,670,史,1
413,决,1213,失,1
413,决,5685,谀,1
414,况,2841,次,1
414,况,3081,洺,1
414,况,5609,记,1
415,冶,1133,堉,1
415,冶,2872,殆,1
415,冶,2984,沉,1
415,冶,3082,活,1
415,冶,3115,浮,1
415,冶,3154,淄,1
415,冶,3251,滃,1
415,冶,5689,谄,1
415,冶,5708,谘,1
415,冶,6851,骀,1
416,冷,122,今,1
416,冷,411,冱,1
416,冷,624,厘,1
416,冷,1258,妗,1
416,冷,1521,岌,1
416,冷,2122,拎,1
416,冷,2976,汾,1
416,冷,3627,玲,1
416,冷,5800,资,1
417,冻,424,凉,1
417,冻,2136,拣,1
417,冻,3109,浡,1
417,冻,5631,诉,1
418,冼,1250,妆,1
419,冽,3094,测,1
420,净,77,争,1
420,净,587,单,1
420,净,3139,涣,1
420,净,3964,睁,1
421,凄,1323,婕,1
421,凄,3227,溇,1
421,凄,3283,漕,1
421,凄,5721,谦,1
421,凄,6041,违,1
422,准,414,况,1
422,准,846,唯,1
422,准,866,啥,1
422,准,1131,堆,1
422,准,1569,崔,1
422,准,2410,旌,1
422,准,3557,狲,1
422,准,3562,狺,1
422,准,4534,维,1
422,准,6618,难,1
423,凇,3048,泷,1
424,凉,409,冯,1
424,凉,420,净,1
424,凉,1572,崞,1
424,凉,3115,浮,1
424,凉,3175,淳,1
424,凉,3678,琼,1
424,凉,5691,谆,1
425,凋,427,减,1
425,凋,798,响,1
425,凋,3151,涸,1
425,凋,3206,湄,1
426,凌,1137,堎,1
426,凌,3184,渎,1
426,凌,7113,麦,1
427,减,785,咸,1
427,减,1108,城,1
427,减,3225,溅,1
427,减,4874,臧,1
427,减,5643,试,1
428,凑,931,嗪,1
428,凑,3168,淡,1
428,凑,3295,漾,1
428,凑,5417,螓,1
429,凛,1720,廪,1
429,凛,3290,漯,1
429,凛,3877,癀,1
430,凝,2140,拧,1
430,凝,3351,灏,1
431,几,62,乙,1
431,几,64,九,1
431,几,372,八,1
431,几,5609,记,1
431,几,6780,饣,1
432,凡,2900,比,1
432,凡,5609,记,1
432,凡,6760,风,1
433,凤,392,冈,1
433,凤,432,凡,1
433,凤,2522,月,1
433,凤,4604,网,1
434,凫,606,危,1
434,凫,688,名,1
434,凫,857,商,1
434,凫,1531,岛,1
434,凫,1858,怠,1
435,凭,345,僵,1
435,凭,2955,汔,1
435,凭,3676,琵,1
435,凭,5487,袋,1
436,凯,484,剀,1
436,凯,1590,嵚,1
436,凯,2026,戗,1
436,凯,2368,敛,1
436,凯,2376,数,1
436,凯,5311,蚊,1
436,凯,6692,鞡,1
436,凯,7064,鹄,1
437,凰,1015,囹,1
437,凰,1024,圉,1
437,凰,5397,蝗,1
438,凳,4666,翼,1
438,凳,5880,跫,1
438,凳,6904,髡,1
440,凶,4454,纠,1
440,凶,5860,跃,1
441,凸,674,号,1
441,凸,695,吕,1
441,凸,4883,舀,1
441,凸,5671,诲,1
442,凹,1001,四,1
442,凹,1277,姐,1
443,出,445,凼,1
443,出,638,县,1
443,出,668,台,1
443,出,727,告,1
443,出,2398,断,1
443,出,3639,珐,1
443,出,4012,知,1
443,出,7168,齿,1
444,击,636,去,1
444,击,1740,弗,1
444,击,2536,未,1
444,击,6614,隶,1
444,击,7168,齿,1
445,凼,2430,时,1
446,函,440,凶,1
446,函,3400,烝,1
446,函,3607,玉,1
446,函,3840,痰,1
447,凿,1910,悔,1
447,凿,5284,蘧,1
448,刀,46,乃,1
448,刀,67,习,1
448,刀,390,冂,1
448,刀,664,召,1
448,刀,3013,沼,1
448,刀,4943,芍,1
448,刀,6504,门,1
449,刁,13,丑,1
449,刁,75,了,1
449,刁,451,刃,1
449,刁,1371,孑,1
449,刁,1456,寸,1
449,刁,2054,才,1
449,刁,3102,浔,1
451,刃,517,功,1
451,刃,550,匀,1
451,刃,601,卩,1
451,刃,2971,汲,1
451,刃,3749,田,1
451,刃,5300,虱,1
452,分,11,与,1
452,分,375,兮,1
452,分,400,写,1
452,分,448,刀,1
452,分,1672,幺,1
452,分,1759,当,1
452,分,2965,汤,1
452,分,3487,爿,1
452,分,5460,行,1
453,切,678,叼,1
453,切,1044,均,1
453,切,1247,如,1
453,切,1630,帆,1
453,切,2357,放,1
453,切,6128,邙,1
455,刊,419,冽,1
455,刊,459,划,1
455,刊,3620,玥,1
455,刊,4705,聃,1
456,刍,726,呈,1
456,刍,1403,守,1
457,刎,888,喇,1
458,刑,503,剩,1
458,刑,3687,瑜,1
458,刑,5050,荆,1
458,刑,5606,训,1
459,划,473,刮,1
460,刖,4802,脒,1
461,列,462,刘,1
461,列,470,利,1
461,列,4020,矶,1
461,列,4052,砷,1
461,列,6835,驯,1
462,刘,457,刎,1
462,刘,1154,塑,1
462,刘,1198,外,1
462,刘,1372,孓,1
463,则,226,例,1
463,则,419,冽,1
463,则,454,刈,1
463,则,459,划,1
463,则,469,刨,1
464,刚,463,则,1
464,刚,526,劬,1
464,刚,2525,朋,1
464,刚,3094,测,1
464,刚,4899,舢,1
464,刚,6358,铡,1
465,创,474,到,1
465,创,482,刽,1
465,创,509,劁,1
465,创,4454,纠,1
465,创,6278,钊,1
466,初,124,仍,1
466,初,522,动,1
466,初,531,劾,1
466,初,1779,彻,1
466,初,4132,祁,1
466,初,5472,衫,1
466,初,7167,齑,1
467,删,2190,捌,1
468,判,459,划,1
468,判,471,别,1
468,判,476,制,1
468,判,490,剌,1
468,判,4707,聊,1
468,判,6283,钏,1
468,判,6903,髟,1
469,刨,462,刘,1
469,刨,497,剜,1
469,刨,551,包,1
469,刨,6358,铡,1
470,利,461,列,1
470,利,474,到,1
470,利,476,制,1
470,利,501,剥,1
470,利,4183,秒,1
470,利,6916,鬣,1
471,别,458,刑,1
471,别,461,列,1
471,别,470,利,1
471,别,483,刿,1
471,别,486,剂,1
471,别,492,剐,1
471,别,3485,爻,1
471,别,6160,郑,1
472,刭,474,到,1
473,刮,455,刊,1
473,刮,470,利,1
473,刮,496,剖,1
473,刮,505,副,1
474,到,281,倒,1
474,到,446,函,1
474,到,462,刘,1
474,到,481,刻,1
474,到,488,剅,1
474,到,505,副,1
474,到,4879,致,1
474,到,4894,舛,1
474,到,6278,钊,1
474,到,6305,钧,1
475,刳,1224,奈,1
475,刳,2858,止,1
476,制,479,刹,1
476,制,480,刺,1
476,制,482,刽,1
476,制,490,剌,1
476,制,498,剞,1
476,制,506,割,1
476,制,6283,钏,1
476,制,6358,铡,1
477,刷,492,剐,1
477,刷,623,厕,1
477,刷,1505,屙,1
477,刷,2023,戒,1
477,刷,5193,蒯,1
478,券,2451,春,1
478,券,2673,桊,1
478,券,4029,砉,1
478,券,5290,虏,1
478,券,5747,豢,1
479,刹,485,剁,1
479,刹,486,剂,1
479,刹,500,剡,1
479,刹,501,剥,1
479,刹,503,剩,1
479,刹,1737,弑,1
479,刹,2389,斜,1
479,刹,6296,钞,1
480,刺,476,制,1
480,刺,486,剂,1
480,刺,500,剡,1
480,刺,501,剥,1
480,刺,510,劂,1
480,刺,4680,耖,1
480,刺,5845,越,1
481,刻,473,刮,1
481,刻,499,剟,1
481,刻,531,劾,1
481,刻,6763,飒,1
482,刽,465,创,1
482,刽,472,刭,1
482,刽,486,剂,1
485,剁,468,判,1
485,剁,476,制,1
485,剁,490,剌,1
485,剁,4183,秒,1
486,剂,462,刘,1
486,剂,479,刹,1
486,剂,501,剥,1
486,剂,3832,痢,1
486,剂,7167,齑,1
487,剃,498,剞,1
487,剃,501,剥,1
487,剃,506,割,1
487,剃,4658,翦,1
489,削,464,刚,1
489,削,476,制,1
489,削,487,剃,1
489,削,490,剌,1
489,削,498,剞,1
489,削,3097,浏,1
489,削,3240,溯,1
489,削,5368,蜊,1
489,削,6666,静,1
490,剌,4680,耖,1
491,前,476,制,1
491,前,487,剃,1
491,前,489,削,1
491,前,505,副,1
491,前,3746,甬,1
491,前,4350,箭,1
491,前,4436,系,1
491,前,4745,肯,1
491,前,5143,萌,1
491,前,7167,齑,1
492,剐,471,别,1
492,剐,494,剔,1
492,剐,502,剧,1
492,剐,3059,洌,1
493,剑,281,倒,1
493,剑,465,创,1
493,剑,475,刳,1
493,剑,6283,钏,1
494,剔,483,刿,1
494,剔,500,剡,1
494,剔,505,副,1
496,剖,474,到,1
496,剖,498,剞,1
496,剖,505,副,1
496,剖,506,割,1
496,剖,2400,新,1
496,剖,4454,纠,1
496,剖,6171,部,1
496,剖,6290,钘,1
497,剜,480,刺,1
498,剞,512,劐,1
500,剡,468,判,1
500,剡,483,刿,1
500,剡,5465,衡,1
501,剥,473,刮,1
501,剥,479,刹,1
501,剥,490,剌,1
501,剥,537,勍,1
501,剥,1737,弑,1
501,剥,5086,莉,1
502,剧,3059,洌,1
503,剩,470,利,1
503,剩,479,刹,1
503,剩,490,剌,1
503,剩,508,剿,1
504,剪,491,前,1
504,剪,5726,谫,1
505,副,474,到,1
505,副,486,剂,1
505,副,510,劂,1
506,割,482,刽,1
506,割,484,剀,1
506,割,486,剂,1
506,割,496,剖,1
506,割,507,剽,1
508,剿,485,剁,1
510,劂,502,剧,1
510,劂,505,副,1
511,劈,1364,嬖,1
514,力,40,为,1
514,力,448,刀,1
514,力,449,刁,1
514,力,2058,打,1
515,劝,517,功,1
515,劝,531,劾,1
515,劝,3023,泐,1
515,劝,6125,邓,1
516,办,40,为,1
516,办,514,力,1
516,办,548,勾,1
516,办,580,卉,1
516,办,2355,改,1
516,办,2359,故,1
516,办,2842,欢,1
516,办,3010,沸,1
516,办,4985,苏,1
517,功,520,劢,1
517,功,2356,攻,1
518,加,2062,扣,1
518,加,3077,洳,1
518,加,3527,犰,1
518,加,4012,知,1
518,加,4760,胆,1
519,务,1200,多,1
519,务,1469,尔,1
519,务,3482,爷,1
519,务,4979,苈,1
520,劢,529,劲,1
520,劢,543,勤,1
520,劢,4025,矿,1
521,劣,360,光,1
521,劣,727,告,1
521,劣,734,呖,1
521,劣,1535,岩,1
521,劣,2444,易,1
521,劣,4044,砦,1
521,劣,4780,胬,1
521,劣,5952,身,1
522,动,517,功,1
522,动,536,勋,1
522,动,2457,昴,1
522,动,3002,沩,1
523,助,536,勋,1
523,助,2431,旷,1
524,努,521,劣,1
524,努,532,势,1
524,努,1386,孥,1
524,努,1850,怒,1
525,劫,529,劲,1
525,劫,531,劾,1
525,劫,537,勍,1
525,劫,1462,封,1
525,劫,1626,币,1
525,劫,3614,玚,1
525,劫,3894,皆,1
525,劫,6171,部,1
526,劬,515,劝,1
526,劬,4725,肋,1
526,劬,5871,跚,1
527,劭,536,勋,1
527,劭,540,勖,1
527,劭,5866,跏,1
528,励,26,两,1
528,励,4052,砷,1
528,励,6196,酌,1
528,励,6916,鬣,1
529,劲,520,劢,1
529,劲,522,动,1
529,劲,1674,幼,1
529,劲,6153,郅,1
530,劳,699,吝,1
530,劳,1188,壳,1
530,劳,1379,孛,1
530,劳,4734,肟,1
530,劳,4979,苈,1
530,劳,5015,茅,1
530,劳,5027,茗,1
531,劾,481,刻,1
531,劾,4261,竑,1
531,劾,5490,袖,1
532,势,524,努,1
532,势,3675,琴,1
532,势,5793,贽,1
532,势,7051,鸷,1
533,勃,537,勍,1
533,勃,3195,渤,1
533,勃,6936,鱽,1
533,勃,7061,鹁,1
534,勇,5214,蓠,1
535,勉,1996,憝,1
535,勉,2913,毽,1
535,勉,3126,涎,1
535,勉,5868,跑,1
535,勉,6921,鬼,1
535,勉,6939,鲀,1
536,勋,523,助,1
536,勋,535,勉,1
536,勋,538,勐,1
537,勍,533,勃,1
538,勐,5402,蝥,1
539,勒,4698,耶,1
539,勒,5248,蕲,1
539,勒,6185,鄞,1
541,勘,2850,欺,1
542,募,1170,墓,1
542,募,4618,署,1
542,募,5188,蒗,1
542,募,5201,蓁,1
542,募,6641,雾,1
543,勤,529,劲,1
543,勤,538,勐,1
543,勤,1715,廓,1
543,勤,6185,鄞,1
544,勩,539,勒,1
544,勩,540,勖,1
546,勹,0,々,1
546,勹,2,丁,1
546,勹,390,冂,1
546,勹,547,勺,1
546,勹,550,匀,1
547,勺,11,与,1
547,勺,111,亻,1
547,勺,550,匀,1
547,勺,2423,旬,1
547,勺,2943,氵,1
547,勺,3890,白,1
548,勾,196,何,1
548,勾,550,匀,1
548,勾,658,句,1
548,勾,4497,绍,1
548,勾,5077,荮,1
548,勾,5569,角,1
549,勿,1531,岛,1
549,勿,2423,旬,1
549,勿,4465,纫,1
549,勿,5213,蓟,1
549,勿,6277,钉,1
550,匀,547,勺,1
550,匀,675,司,1
550,匀,1014,囵,1
550,匀,2418,日,1
550,匀,2512,曰,1
550,匀,6506,闪,1
551,包,126,仑,1
551,包,127,仓,1
551,包,1401,宅,1
551,包,1622,巴,1
551,包,1836,忽,1
552,匆,548,勾,1
552,匆,658,句,1
552,匆,3481,父,1
552,匆,3755,甸,1
552,匆,4604,网,1
553,匈,549,勿,1
553,匈,552,匆,1
553,匈,613,卻,1
553,匈,1000,囚,1
553,匈,1001,四,1
553,匈,1004,囟,1
553,匈,1012,囱,1
553,匈,2423,旬,1
553,匈,5602,讨,1
553,匈,6518,闷,1
553,匈,6793,饲,1
554,匍,6549,阗,1
555,匏,7049,鸵,1
556,匐,1019,囿,1
556,匐,2935,氨,1
557,匕,50,义,1
557,匕,2858,止,1
557,匕,6038,这,1
558,化,72,乱,1
558,化,130,他,1
558,化,435,凭,1
558,化,620,压,1
558,化,1034,圮,1
558,化,1810,必,1
558,化,2900,比,1
558,化,4464,纪,1
558,化,4475,纶,1
558,化,4477,纸,1
558,化,5617,讹,1
558,化,6404,锐,1
559,北,358,兆,1
559,北,558,化,1
559,北,1035,圯,1
559,北,1827,忧,1
559,北,2062,扣,1
559,北,2545,朽,1
559,北,2900,比,1
559,北,2990,沘,1
559,北,3074,洮,1
559,北,3353,火,1
559,北,3499,牝,1
559,北,4185,秘,1
560,匙,2374,敫,1
560,匙,5847,趑,1
560,匙,6076,逖,1
563,匝,620,压,1
563,匝,5302,虺,1
563,匝,6082,速,1
564,匠,567,匦,1
564,匠,620,压,1
564,匠,1729,异,1
564,匠,6033,近,1
565,匡,562,匜,1
565,匡,5691,谆,1
565,匡,6771,飞,1
566,匣,277,俾,1
566,匣,624,厘,1
566,匣,625,厚,1
566,匣,1702,庳,1
566,匣,1977,愿,1
566,匣,4873,臣,1
568,匪,567,匦,1
568,匪,672,叵,1
568,匪,4701,耻,1
569,匮,6111,遥,1
570,匹,89,亚,1
570,匹,564,匠,1
570,匹,568,匪,1
570,匹,571,区,1
570,匹,6024,达,1
571,区,620,压,1
571,区,1620,已,1
571,区,1843,怄,1
571,区,6024,达,1
571,区,6043,迟,1
571,区,6771,飞,1
571,区,7181,龙,1
572,医,562,匜,1
572,医,631,厦,1
572,医,6036,迕,1
572,医,6092,逸,1
574,匿,5551,要,1
574,匿,6106,遗,1
574,匿,6111,遥,1
575,十,592,卞,1
575,十,595,卡,1
575,十,1735,弋,1
575,十,1809,忄,1
575,十,2053,扌,1
576,千,1370,子,1
576,千,2052,手,1
577,卅,394,册,1
577,卅,1064,坩,1
578,升,136,仟,1
578,升,455,刊,1
578,升,1728,弁,1
578,升,2063,扦,1
578,升,3499,牝,1
578,升,4897,舟,1
578,升,6282,钎,1
579,午,53,乍,1
579,午,81,于,1
579,午,168,伞,1
579,午,1667,干,1
579,午,1728,弁,1
579,午,1776,彳,1
579,午,2052,手,1
579,午,2394,斥,1
579,午,3751,甲,1
579,午,4260,立,1
580,卉,1230,奔,1
580,卉,1943,惠,1
581,半,443,出,1
581,半,1669,年,1
581,半,4940,芈,1
581,半,4957,芦,1
581,半,5958,车,1
581,半,6681,靽,1
582,华,807,哗,1
582,华,1089,垡,1
582,华,2901,毕,1
582,华,4316,筚,1
582,华,4498,绎,1
583,协,1064,坩,1
583,协,1070,坶,1
583,协,2168,挟,1
583,协,2548,权,1
583,协,2721,棘,1
583,协,3491,版,1
583,协,4487,练,1
584,卑,277,俾,1
584,卑,401,军,1
584,卑,1065,坪,1
584,卑,4251,窣,1
584,卑,4896,舞,1
584,卑,6011,辛,1
585,卒,582,华,1
585,卒,1408,宓,1
585,卒,1671,幸,1
585,卒,1700,座,1
585,卒,2412,族,1
585,卒,4942,芋,1
586,卓,584,卑,1
586,卓,587,单,1
586,卓,725,呆,1
586,卓,1428,宰,1
586,卓,3500,牟,1
586,卓,4696,耳,1
587,单,420,净,1
587,单,584,卑,1
587,单,586,卓,1
587,单,1402,宇,1
587,单,1403,守,1
587,单,1669,年,1
587,单,2519,曾,1
587,单,3162,淖,1
587,单,3509,牵,1
587,单,4624,羊,1
588,卖,1272,妻,1
588,卖,3368,炎,1
588,卖,5075,荬,1
588,卖,5494,袤,1
589,南,605,印,1
589,南,885,喃,1
589,南,2929,氟,1
589,南,2934,氧,1
589,南,3509,牵,1
589,南,3744,甪,1
589,南,6597,陶,1
590,博,2317,撙,1
590,博,7032,鸢,1
591,卜,110,人,1
592,卞,94,亢,1
592,卞,4127,示,1
592,卞,4128,礻,1
593,卟,669,叱,1
593,卟,764,咔,1
594,占,11,与,1
594,占,596,卢,1
594,占,657,古,1
594,占,668,台,1
594,占,727,告,1
594,占,1816,忐,1
594,占,2421,旨,1
595,卡,53,乍,1
595,卡,1208,夫,1
595,卡,1822,忙,1
595,卡,3524,犬,1
595,卡,4010,矢,1
595,卡,6503,长,1
596,卢,695,吕,1
596,卢,5288,虍,1
597,卣,1579,崮,1
597,卣,4930,色,1
597,卣,6511,闰,1
598,卤,586,卓,1
598,卤,790,品,1
598,卤,1012,囱,1
598,卤,1027,土,1
598,卤,1189,壶,1
598,卤,7168,齿,1
599,卦,476,制,1
599,卦,1198,外,1
599,卦,1462,封,1
599,卦,1698,庥,1
600,卧,5853,趴,1
600,卧,6207,酢,1
602,卫,6,三,1
602,卫,3933,直,1
602,卫,6780,饣,1
603,卮,689,后,1
604,卯,6140,邱,1
604,卯,6527,阀,1
605,印,604,卯,1
605,印,1626,币,1
605,印,4480,纻,1
605,印,6140,邱,1
606,危,106,亳,1
606,危,357,充,1
606,危,603,卮,1
606,危,1570,崖,1
606,危,1595,嵬,1
606,危,1860,急,1
606,危,3724,瓮,1
606,危,4930,色,1
606,危,5288,虍,1
606,危,5738,谷,1
606,危,7184,龟,1
607,即,3439,照,1
607,即,4674,而,1
607,即,6129,邛,1
608,却,611,卸,1
608,却,1673,幻,1
608,却,3739,甜,1
608,却,4646,翊,1
608,却,6149,邽,1
609,卵,605,印,1
609,卵,759,和,1
609,卵,3620,玥,1
609,卵,6142,邴,1
609,卵,6145,邸,1
609,卵,6169,郦,1
610,卷,1617,差,1
610,卷,3483,爸,1
610,卷,3677,琶,1
610,卷,4668,老,1
610,卷,4983,苍,1
611,卸,538,勐,1
611,卸,605,印,1
611,卸,4598,缸,1
611,卸,5443,蟹,1
611,卸,6153,郅,1
611,卸,6164,郛,1
611,卸,6189,鄱,1
612,卺,3400,烝,1
613,卻,1799,御,1
613,卻,6159,郐,1
613,卻,6165,郜,1
614,卿,4707,聊,1
615,厂,44,丿,1
615,厂,2040,户,1
616,厄,603,卮,1
617,厅,30,个,1
617,厅,53,乍,1
617,厅,113,什,1
617,厅,2393,斤,1
618,历,42,丽,1
618,历,619,厉,1
618,历,689,后,1
618,历,1626,币,1
618,历,1691,庙,1
618,历,6916,鬣,1
619,厉,1493,层,1
619,厉,4979,苈,1
619,厉,5625,诂,1
620,压,562,匜,1
620,压,574,匿,1
620,压,621,厌,1
620,压,1495,居,1
620,压,1677,庀,1
621,厌,5772,质,1
622,厍,627,原,1
622,厍,1697,庤,1
623,厕,238,侧,1
624,厘,345,僵,1
624,厘,569,匮,1
624,厘,625,厚,1
625,厚,624,厘,1
625,厚,627,原,1
625,厚,1378,孚,1
625,厚,1933,惇,1
625,厚,3175,淳,1
626,厝,289,借,1
626,厝,6672,靥,1
627,原,288,倞,1
627,原,631,厦,1
627,原,1702,庳,1
627,原,3296,潆,1
627,原,3678,琼,1
627,原,3868,瘭,1
627,原,3924,盘,1
628,厢,3308,潮,1
628,厢,6086,逦,1
628,厢,7116,麻,1
629,厣,3514,犀,1
631,厦,625,厚,1
631,厦,1195,夏,1
631,厦,1510,履,1
631,厦,1682,庋,1
631,厦,1701,庭,1
631,厦,2047,扅,1
631,厦,2419,旦,1
631,厦,4927,艮,1
631,厦,6775,餍,1
632,厨,1465,尉,1
633,厩,3143,涨,1
633,厩,6260,銍,1
635,厶,668,台,1
636,去,83,云,1
636,去,595,卡,1
636,去,685,吉,1
636,去,1296,威,1
636,去,1820,志,1
636,去,3605,玄,1
636,去,4971,芸,1
636,去,4982,苌,1
636,去,5297,虫,1
636,去,6503,长,1
637,厾,13,丑,1
638,县,381,其,1
638,县,4971,芸,1
639,叁,76,予,1
639,叁,376,兰,1
639,叁,4231,空,1
639,叁,4339,箜,1
640,参,99,亨,1
640,参,375,兮,1
640,参,385,养,1
640,参,595,卡,1
640,参,639,叁,1
640,参,1524,岑,1
640,参,4339,箜,1
640,参,4453,纟,1
641,又,601,卩,1
641,又,2514,曳,1
642,叉,50,义,1
642,叉,1721,廴,1
643,及,46,乃,1
643,及,95,交,1
643,及,125,从,1
643,及,646,反,1
643,及,651,变,1
643,及,1191,夂,1
643,及,1372,孓,1
643,及,1380,孜,1
643,及,1721,廴,1
643,及,2352,攵,1
643,及,2865,歹,1
643,及,2888,段,1
643,及,2962,江,1
643,及,2995,没,1
643,及,3904,皮,1
643,及,6023,辽,1
643,及,7142,黾,1
644,友,95,交,1
644,友,1612,左,1
644,友,2523,有,1
644,友,2865,歹,1
644,友,5012,茂,1
645,双,1288,姣,1
645,双,3625,环,1
646,反,49,么,1
646,反,163,众,1
646,反,433,凤,1
646,反,641,又,1
646,反,2394,斥,1
646,反,2548,权,1
646,反,2865,歹,1
646,反,3355,灭,1
646,反,3723,瓦,1
646,反,3890,白,1
646,反,6130,邝,1
647,发,654,叟,1
647,发,1521,岌,1
648,叔,652,叙,1
648,叔,1241,奴,1
648,叔,5831,赦,1
648,叔,6038,这,1
649,取,2548,权,1
649,取,4709,职,1
650,受,95,交,1
650,受,139,令,1
650,受,182,伶,1
650,受,3898,皎,1
650,受,6935,鱼,1
651,变,95,交,1
651,变,99,亨,1
651,变,246,便,1
651,变,5892,踅,1
651,变,6091,逶,1
651,变,6636,雯,1
652,叙,1241,奴,1
652,叙,1438,寂,1
652,叙,6289,钗,1
653,叛,2361,敉,1
653,叛,2366,敖,1
653,叛,2376,数,1
653,叛,6734,颊,1
653,叛,6740,频,1
654,叟,2383,斐,1
654,叟,3242,溲,1
655,叠,914,嗌,1
655,叠,4268,童,1
655,叠,7008,鳌,1
656,口,432,凡,1
656,口,1373,孔,1
656,口,1611,工,1
656,口,2418,日,1
656,口,2419,旦,1
657,古,671,右,1
657,古,1612,左,1
657,古,2061,扛,1
657,古,3014,沽,1
657,古,3891,百,1
657,古,4019,石,1
658,句,547,勺,1
658,句,548,勾,1
658,句,552,匆,1
658,句,3890,白,1
658,句,7029,鸟,1
659,另,662,只,1
659,另,695,吕,1
659,另,1200,多,1
659,另,2444,易,1
659,另,4228,穷,1
659,另,4318,筜,1
659,另,4622,罾,1
660,叨,517,功,1
660,叨,661,叩,1
660,叨,718,吸,1
660,叨,720,吻,1
660,叨,735,呗,1
660,叨,859,啊,1
660,叨,2986,沏,1
660,叨,5301,虹,1
661,叩,749,呷,1
662,只,356,兄,1
662,只,695,吕,1
662,只,736,员,1
662,只,3386,点,1
663,叫,749,呷,1
663,叫,751,呻,1
663,叫,2442,明,1
663,叫,3628,玳,1
664,召,695,吕,1
664,召,705,否,1
664,召,1374,孕,1
664,召,1738,弓,1
664,召,1814,忍,1
664,召,2920,民,1
664,召,3030,泛,1
664,召,3891,百,1
664,召,3942,眉,1
664,召,4019,石,1
664,召,5076,荭,1
665,叭,678,叼,1
665,叭,679,叽,1
665,叭,3354,灬,1
665,叭,5598,认,1
666,叮,661,叩,1
666,叮,1457,对,1
666,叮,3356,灯,1
666,叮,3756,町,1
666,叮,3930,盯,1
667,可,1467,小,1
667,可,1468,少,1
667,可,3633,珂,1
667,可,5626,诃,1
668,台,354,允,1
668,台,657,古,1
668,台,684,合,1
668,台,705,否,1
668,台,1612,左,1
668,台,1858,怠,1
668,台,2421,旨,1
668,台,3890,白,1
668,台,4889,舌,1
668,台,4962,芬,1
669,叱,661,叩,1
669,叱,703,吡,1
669,叱,5607,议,1
670,史,71,买,1
670,史,1257,妖,1
670,史,2515,更,1
671,右,644,友,1
671,右,668,台,1
671,右,699,吝,1
671,右,1376,存,1
671,右,1840,态,1
671,右,4669,考,1
671,右,4967,花,1
671,右,5034,茫,1
672,叵,570,匹,1
673,叶,663,叫,1
673,叶,696,吖,1
674,号,375,兮,1
674,号,662,只,1
674,号,682,各,1
674,号,695,吕,1
674,号,1518,岁,1
674,号,4230,穹,1
674,号,4276,笃,1
674,号,5305,虽,1
674,号,6848,驽,1
675,司,1739,引,1
675,司,6507,闫,1
676,叹,142,仪,1
676,叹,645,双,1
676,叹,718,吸,1
676,叹,735,呗,1
676,叹,2020,戏,1
676,叹,2356,攻,1
676,叹,6289,钗,1
677,叻,693,吒,1
677,叻,729,呐,1
677,叻,5766,财,1
678,叼,466,初,1
678,叼,661,叩,1
678,叼,720,吻,1
678,叼,723,呀,1
678,叼,1457,对,1
678,叼,6125,邓,1
679,叽,665,叭,1
679,叽,669,叱,1
679,叽,703,吡,1
679,叽,712,吮,1
679,叽,721,吼,1
679,叽,1528,岘,1
679,叽,4697,耵,1
679,叽,6626,雌,1
680,吁,723,呀,1
680,吁,749,呷,1
680,吁,764,咔,1
680,吁,769,咛,1
680,吁,1520,岈,1
680,吁,2427,旰,1
680,吁,4021,矸,1
680,吁,4455,纡,1
681,吃,712,吮,1
681,吃,840,唣,1
681,吃,1538,岭,1
682,各,519,务,1
682,各,700,吞,1
682,各,705,否,1
682,各,781,咯,1
682,各,1193,备,1
682,各,4889,舌,1
683,吆,808,哙,1
683,吆,862,啖,1
683,吆,913,嗉,1
683,吆,1258,妗,1
683,吆,3398,烛,1
683,吆,5319,蚣,1
684,合,134,仝,1
684,合,166,会,1
684,合,209,佥,1
684,合,371,全,1
684,合,688,名,1
684,合,705,否,1
684,合,727,告,1
684,合,1378,孚,1
684,合,4300,笸,1
684,合,6772,食,1
685,吉,671,右,1
685,吉,722,吾,1
685,吉,727,告,1
685,吉,1738,弓,1
685,吉,2554,杏,1
685,吉,5002,苦,1
685,吉,5767,责,1
686,吊,736,员,1
686,吊,737,呙,1
686,吊,790,品,1
686,吊,1626,币,1
686,吊,2436,昂,1
686,吊,4305,筇,1
687,同,675,司,1
687,同,1002,囝,1
687,同,1003,回,1
687,同,1009,囫,1
687,同,1016,固,1
687,同,4604,网,1
687,同,5635,词,1
687,同,6518,闷,1
687,同,6525,闾,1
688,名,668,台,1
688,名,727,告,1
688,名,1200,多,1
688,名,3373,炙,1
688,名,4497,绍,1
688,名,5484,袅,1
689,后,53,乍,1
689,后,57,乒,1
689,后,153,仿,1
689,后,177,伫,1
689,后,202,作,1
689,后,631,厦,1
689,后,1493,层,1
689,后,2401,方,1
689,后,2565,杧,1
689,后,3819,病,1
689,后,3893,的,1
689,后,5772,质,1
690,吏,221,使,1
690,吏,5158,萸,1
690,吏,6090,逵,1
691,吐,693,吒,1
691,吐,2433,旺,1
691,吐,4730,肚,1
691,吐,5301,虹,1
692,向,128,仔,1
692,向,144,们,1
692,向,553,匈,1
692,向,597,卣,1
692,向,2046,扃,1
692,向,3020,泉,1
692,向,3744,甪,1
692,向,3890,白,1
692,向,4881,臼,1
692,向,6518,闷,1
692,向,6671,面,1
693,吒,696,吖,1
693,吒,707,吨,1
693,吒,730,呒,1
694,吓,593,卟,1
694,吓,764,咔,1
694,吓,5306,虾,1
695,吕,594,占,1
695,吕,662,只,1
695,吕,664,召,1
695,吕,668,台,1
695,吕,1387,学,1
695,吕,2456,昱,1
695,吕,2516,曷,1
696,吖,440,凶,1
696,吖,680,吁,1
696,吖,723,呀,1
696,吖,728,呋,1
697,吗,800,哏,1
697,吗,1386,孥,1
697,吗,2430,时,1
697,吗,5310,蚂,1
697,吗,6853,骂,1
697,吗,7033,鸣,1
698,君,722,吾,1
698,君,1445,寒,1
698,君,4654,翟,1
698,君,4704,聂,1
699,吝,408,冬,1
699,吝,685,吉,1
699,吝,688,名,1
699,吝,3066,洛,1
699,吝,4236,窄,1
699,吝,5738,谷,1
699,吝,6710,音,1
700,吞,59,乔,1
700,吞,619,厉,1
700,吞,689,后,1
700,吞,1381,孝,1
700,吞,1823,忝,1
700,吞,3415,焉,1
700,吞,3959,眷,1
700,吞,6638,零,1
701,吟,935,嗲,1
701,吟,1032,圬,1
701,吟,3627,玲,1
703,吡,735,呗,1
703,吡,2903,毗,1
703,吡,5867,跐,1
704,吣,669,叱,1
704,吣,676,叹,1
704,吣,715,吲,1
705,否,700,吞,1
705,否,1426,宫,1
705,否,2425,旮,1
705,否,2553,李,1
705,否,4231,空,1
705,否,5581,言,1
706,吧,1036,地,1
706,吧,1399,它,1
707,吨,703,吡,1
707,吨,755,咂,1
707,吨,803,哒,1
707,吨,3753,电,1
707,吨,4742,肫,1
708,吩,701,吟,1
708,吩,1332,婶,1
708,吩,3619,玢,1
709,含,1833,念,1
709,含,3920,盒,1
709,含,4290,笤,1
709,含,6772,食,1
709,含,7032,鸢,1
709,含,7183,龛,1
710,听,31,丫,1
710,听,559,北,1
710,听,680,吁,1
710,听,742,呦,1
710,听,769,咛,1
710,听,2044,所,1
710,听,3647,珩,1
711,吭,681,吃,1
711,吭,710,听,1
711,吭,783,咳,1
711,吭,1515,屹,1
711,吭,2984,沉,1
711,吭,3672,琯,1
711,吭,3784,疏,1
711,吭,5304,虼,1
712,吮,703,吡,1
712,吮,721,吼,1
712,吮,730,呒,1
712,吮,763,咒,1
712,吮,811,哝,1
712,吮,932,嗫,1
712,吮,3941,眈,1
713,启,255,俗,1
713,启,688,名,1
713,启,695,吕,1
713,启,699,吝,1
713,启,1617,差,1
713,启,1880,恙,1
713,启,2043,房,1
713,启,2046,扃,1
713,启,3084,洽,1
713,启,3605,玄,1
713,启,4740,肩,1
713,启,4928,良,1
714,吱,718,吸,1
714,吱,794,哇,1
714,吱,837,唝,1
714,吱,920,嗖,1
714,吱,2359,故,1
715,吲,755,咂,1
715,吲,817,哨,1
715,吲,3169,淤,1
716,吴,96,亥,1
716,吴,1221,奂,1
716,吴,1235,奚,1
716,吴,2434,旻,1
716,吴,3358,灵,1
716,吴,3442,煲,1
717,吵,517,功,1
717,吵,676,叹,1
717,吵,747,呵,1
717,吵,793,哆,1
717,吵,1674,幼,1
717,吵,3204,渺,1
717,吵,3369,炒,1
717,吵,4470,纱,1
718,吸,729,呐,1
718,吸,799,哎,1
718,吸,800,哏,1
718,吸,811,哝,1
718,吸,829,唆,1
718,吸,2442,明,1
718,吸,4736,股,1
718,吸,5859,趿,1
718,吸,6445,锻,1
718,吸,6801,饺,1
719,吹,696,吖,1
719,吹,720,吻,1
719,吹,811,哝,1
719,吹,2469,晓,1
719,吹,2841,次,1
719,吹,2845,欧,1
719,吹,4749,肷,1
720,吻,678,叼,1
720,吻,793,哆,1
720,吻,798,响,1
720,吻,2994,沟,1
721,吼,745,呲,1
721,吼,761,咏,1
721,吼,2483,晰,1
721,吼,5299,虮,1
722,吾,360,光,1
722,吾,664,召,1
722,吾,699,吝,1
722,吾,898,喜,1
722,吾,1641,帚,1
722,吾,1751,弯,1
722,吾,2465,晋,1
722,吾,2487,晷,1
722,吾,3116,浯,1
722,吾,4049,砮,1
722,吾,4237,窅,1
723,呀,680,吁,1
723,呀,852,唾,1
723,呀,2429,旴,1
723,呀,3618,玡,1
723,呀,4032,砑,1
723,呀,6386,链,1
724,呃,745,呲,1
725,呆,686,吊,1
725,呆,1405,宋,1
725,呆,2052,手,1
725,呆,2449,星,1
725,呆,2547,杂,1
725,呆,2563,条,1
725,呆,2572,杲,1
725,呆,2633,柴,1
725,呆,4391,米,1
725,呆,5305,虽,1
725,呆,5952,身,1
725,呆,6250,采,1
726,呈,1176,墨,1
726,呈,2449,星,1
726,呈,2455,是,1
726,呈,3892,皂,1
726,呈,3895,皇,1
726,呈,4284,笔,1
726,呈,4322,筮,1
726,呈,5305,虽,1
727,告,25,丢,1
727,告,28,丧,1
727,告,1188,壳,1
727,告,1387,学,1
727,告,2554,杏,1
727,告,2861,步,1
727,告,3773,番,1
727,告,4049,砮,1
727,告,4297,笮,1
727,告,4341,管,1
728,呋,730,呒,1
729,呐,515,劝,1
729,呐,748,呶,1
729,呐,762,咐,1
729,呐,4743,肭,1
730,呒,731,呓,1
730,呒,1265,妩,1
731,呓,681,吃,1
731,呓,732,呔,1
731,呓,792,哄,1
731,呓,804,哓,1
732,呔,702,吠,1
732,呔,734,呖,1
732,呔,2970,汰,1
732,呔,4752,肽,1
733,呕,784,咴,1
733,呕,797,哌,1
733,呕,801,哐,1
733,呕,1526,岖,1
733,呕,2997,沤,1
733,呕,3945,眍,1
733,呕,4325,筵,1
734,呖,724,呃,1
734,呖,742,呦,1
734,呖,791,哂,1
734,呖,798,响,1
735,呗,718,吸,1
735,呗,719,吹,1
735,呗,737,呙,1
735,呗,1528,岘,1
735,呗,2841,次,1
736,员,5763,贞,1
736,员,5765,贡,1
736,员,5811,赏,1
737,呙,19,丙,1
737,呙,40,为,1
737,呙,686,吊,1
737,呙,704,吣,1
737,呙,3128,涓,1
738,呛,126,仑,1
738,呛,772,咤,1
738,呛,1515,屹,1
738,呛,4771,胞,1
739,呜,813,哟,1
739,呜,1100,垱,1
739,呜,7035,鸥,1
740,呢,758,咋,1
740,呢,767,咙,1
740,呢,884,喂,1
740,呢,3037,泥,1
740,呢,4313,答,1
740,呢,5375,蜘,1
741,呤,701,吟,1
741,呤,768,咚,1
741,呤,920,嗖,1
742,呦,770,咝,1
742,呦,5329,蚴,1
743,周,1011,困,1
743,周,1013,围,1
743,周,1014,囵,1
743,周,2522,月,1
743,周,6507,闫,1
743,周,6514,闳,1
743,周,6517,闶,1
743,周,6529,阂,1
743,周,6548,阖,1
743,周,6670,靡,1
744,呱,741,呤,1
744,呱,3541,狐,1
744,呱,4762,胍,1
745,呲,771,咣,1
745,呲,2903,毗,1
745,呲,3951,眦,1
745,呲,5314,蚍,1
746,味,777,咪,1
746,味,809,哚,1
746,味,816,哧,1
746,味,878,啸,1
746,味,909,喽,1
746,味,1271,妹,1
746,味,2633,柴,1
746,味,3004,沫,1
746,味,3624,玮,1
746,味,3967,睐,1
747,呵,37,丶,1
747,呵,666,叮,1
747,呵,678,叼,1
747,呵,859,啊,1
747,呵,861,啕,1
747,呵,1071,坷,1
747,呵,2432,旸,1
747,呵,2527,朐,1
747,呵,3009,河,1
747,呵,4642,羽,1
747,呵,5626,诃,1
748,呶,742,呦,1
749,呷,744,呱,1
749,呷,865,啤,1
750,呸,16,丕,1
750,呸,23,丝,1
750,呸,786,咻,1
750,呸,794,哇,1
750,呸,801,哐,1
750,呸,803,哒,1
750,呸,835,唔,1
750,呸,4767,胚,1
751,呻,412,冲,1
751,呻,874,啴,1
751,呻,1061,坤,1
751,呻,4084,碑,1
752,呼,680,吁,1
752,呼,786,咻,1
752,呼,3618,玡,1
753,命,260,俞,1
753,命,3482,爷,1
753,命,4045,砧,1
753,命,6159,郐,1
753,命,6165,郜,1
754,咀,735,呗,1
754,咀,818,哩,1
755,咂,595,卡,1
756,咄,745,呲,1
756,咄,748,呶,1
757,咆,1063,坨,1
757,咆,3034,泡,1
757,咆,6762,飑,1
758,咋,710,听,1
758,咋,764,咔,1
758,咋,765,咕,1
758,咋,811,哝,1
758,咋,846,唯,1
758,咋,860,啐,1
759,和,2062,扣,1
759,和,3849,瘅,1
759,和,4181,种,1
759,和,4184,秕,1
760,咎,775,咨,1
760,咎,3430,然,1
760,咎,4886,舄,1
761,咏,816,哧,1
761,咏,1584,嵊,1
762,咐,786,咻,1
762,咐,793,哆,1
762,咐,1463,射,1
762,咐,6572,附,1
763,咒,977,器,1
763,咒,4459,纥,1
763,咒,5876,跣,1
764,咔,728,呋,1
764,咔,749,呷,1
765,咕,691,吐,1
765,咕,697,吗,1
765,咕,817,哨,1
765,咕,904,喳,1
765,咕,3055,洁,1
765,咕,5334,蛄,1
766,咖,717,吵,1
766,咖,859,啊,1
766,咖,1134,堋,1
766,咖,2483,晰,1
766,咖,3634,珈,1
767,咙,740,呢,1
767,咙,784,咴,1
767,咙,815,哦,1
767,咙,831,唉,1
767,咙,846,唯,1
767,咙,1832,忱,1
767,咙,3048,泷,1
767,咙,3640,珑,1
767,咙,5319,蚣,1
768,咚,769,咛,1
769,咛,756,咄,1
769,咛,3032,泞,1
770,咝,801,哐,1
771,咣,806,哕,1
771,咣,1554,峣,1
771,咣,4784,胱,1
772,咤,811,哝,1
772,咤,840,唣,1
772,咤,5661,诧,1
773,咦,804,哓,1
773,咦,990,嚏,1
773,咦,1290,姨,1
774,咧,888,喇,1
775,咨,1884,恣,1
775,咨,2443,昏,1
775,咨,3122,涅,1
775,咨,3728,瓷,1
775,咨,4292,符,1
775,咨,4302,笼,1
776,咩,772,咤,1
776,咩,3395,烊,1
777,咪,761,咏,1
777,咪,764,咔,1
777,咪,771,咣,1
777,咪,809,哚,1
777,咪,816,哧,1
777,咪,858,啉,1
777,咪,2979,沃,1
777,咪,3956,眯,1
777,咪,4802,脒,1
779,咬,704,吣,1
779,咬,718,吸,1
779,咬,750,呸,1
779,咬,851,唼,1
779,咬,860,啐,1
779,咬,3071,洨,1
779,咬,4112,磙,1
779,咬,5877,跤,1
780,咭,791,哂,1
780,咭,835,唔,1
780,咭,1155,塔,1
781,咯,794,哇,1
781,咯,956,嘧,1
781,咯,4288,笞,1
781,咯,5798,赂,1
782,咱,718,吸,1
782,咱,758,咋,1
782,咱,854,啁,1
782,咱,861,啕,1
782,咱,865,啤,1
782,咱,968,噍,1
782,咱,1081,垍,1
782,咱,2432,旸,1
782,咱,6618,难,1
783,咳,810,哜,1
783,咳,831,唉,1
783,咳,851,唼,1
783,咳,876,啶,1
783,咳,4253,窦,1
784,咴,803,哒,1
784,咴,849,唳,1
785,咸,2017,戌,1
785,咸,2018,戍,1
785,咸,2948,求,1
785,咸,4874,臧,1
785,咸,5176,葳,1
786,咻,788,咿,1
786,咻,858,啉,1
786,咻,1271,妹,1
786,咻,3158,淋,1
786,咻,3529,状,1
787,咽,3401,烟,1
788,咿,797,哌,1
789,哀,4982,苌,1
790,品,662,只,1
790,品,1824,忠,1
790,品,5629,识,1
791,哂,784,咴,1
791,哂,941,嘀,1
791,哂,2468,晒,1
792,哄,728,呋,1
792,哄,783,咳,1
792,哄,799,哎,1
792,哄,884,喂,1
792,哄,976,噤,1
792,哄,3396,烘,1
793,哆,779,咬,1
793,哆,3510,特,1
793,哆,4346,箩,1
794,哇,681,吃,1
794,哇,731,呓,1
794,哇,780,咭,1
794,哇,834,唑,1
794,哇,852,唾,1
794,哇,1596,嵯,1
794,哇,3083,洼,1
794,哇,4308,筌,1
794,哇,5346,蛙,1
795,哈,708,吩,1
795,哈,741,呤,1
795,哈,780,咭,1
795,哈,828,唁,1
795,哈,837,唝,1
795,哈,2154,拾,1
795,哈,3687,瑜,1
795,哈,3777,畸,1
795,哈,4313,答,1
795,哈,4508,给,1
795,哈,5669,诰,1
796,哉,2027,战,1
796,哉,2035,截,1
796,哉,2036,戬,1
796,哉,5098,莪,1
797,哌,808,哙,1
797,哌,923,嗞,1
798,响,415,冶,1
798,响,791,哂,1
798,响,859,啊,1
798,响,915,嗍,1
798,响,1094,垧,1
798,响,1534,岣,1
798,响,2466,晌,1
798,响,3381,炯,1
798,响,3421,焖,1
798,响,3543,狗,1
798,响,4460,约,1
798,响,4509,绚,1
798,响,4914,舸,1
798,响,6798,饷,1
799,哎,792,哄,1
799,哎,4936,艾,1
799,哎,5182,蒇,1
799,哎,5408,蝼,1
799,哎,5787,贷,1
800,哏,3960,眸,1
801,哐,572,医,1
801,哐,765,咕,1
801,哐,846,唯,1
801,哐,903,喱,1
802,哑,801,哐,1
802,哑,3725,瓯,1
803,哒,773,咦,1
804,哓,805,哔,1
806,哕,786,咻,1
806,哕,2469,晓,1
806,哕,3987,瞍,1
807,哗,752,呼,1
807,哗,834,唑,1
807,哗,860,啐,1
807,哗,2494,暌,1
807,哗,3515,犁,1
808,哙,809,哚,1
808,哙,3095,浍,1
808,哙,4797,脍,1
809,哚,810,哜,1
809,哚,979,噪,1
810,哜,776,咩,1
810,哜,781,咯,1
811,哝,800,哏,1
812,哞,772,咤,1
812,哞,805,哔,1
812,哞,807,哗,1
812,哞,836,唛,1
812,哞,3960,眸,1
813,哟,742,呦,1
814,哥,1439,寄,1
814,哥,1458,寺,1
814,哥,2133,拜,1
814,哥,2897,毐,1
814,哥,2898,毒,1
814,哥,4392,籴,1
814,哥,5752,豸,1
814,哥,6710,音,1
815,哦,797,哌,1
816,哧,761,咏,1
816,哧,826,哽,1
816,哧,906,喷,1
816,哧,933,嗬,1
817,哨,769,咛,1
817,哨,824,哺,1
817,哨,839,唢,1
817,哨,885,喃,1
817,哨,933,嗬,1
817,哨,941,嘀,1
817,哨,954,嘣,1
817,哨,1309,娟,1
817,哨,1597,嵴,1
817,哨,2485,晴,1
817,哨,5667,诮,1
818,哩,754,咀,1
818,哩,757,咆,1
818,哩,840,唣,1
818,哩,901,喤,1
818,哩,902,喧,1
818,哩,965,嘿,1
818,哩,990,嚏,1
818,哩,4647,翌,1
819,哪,864,啡,1
819,哪,877,啷,1
819,哪,1308,娜,1
819,哪,3557,狲,1
819,哪,6168,郢,1
820,哭,7,上,1
820,哭,379,兴,1
820,哭,4044,砦,1
820,哭,4234,突,1
820,哭,4283,笑,1
821,哮,825,哼,1
821,哮,893,喏,1
821,哮,921,嗜,1
821,哮,931,嗪,1
821,哮,6232,醋,1
822,哲,2204,据,1
822,哲,3918,盐,1
822,哲,6903,髟,1
823,哳,3155,淅,1
824,哺,817,哨,1
824,哺,878,啸,1
824,哺,905,喵,1
824,哺,942,嘁,1
824,哺,1111,埔,1
825,哼,409,冯,1
825,哼,769,咛,1
825,哼,979,噪,1
825,哼,1110,埒,1
825,哼,1572,崞,1
826,哽,818,哩,1
826,哽,835,唔,1
826,哽,920,嗖,1
826,哽,4074,硬,1
827,哿,1439,寄,1
827,哿,4761,背,1
828,唁,804,哓,1
828,唁,808,哙,1
828,唁,835,唔,1
828,唁,882,喀,1
828,唁,894,喑,1
828,唁,936,嗳,1
828,唁,995,嚷,1
828,唁,1434,容,1
828,唁,2497,暗,1
828,唁,3145,涪,1
828,唁,4088,碚,1
828,唁,4105,磅,1
828,唁,4868,臆,1
828,唁,6620,雁,1
829,唆,851,唼,1
829,唆,862,啖,1
829,唆,914,嗌,1
829,唆,936,嗳,1
829,唆,958,嘭,1
829,唆,1563,峻,1
829,唆,5842,趁,1
830,唇,235,侣,1
830,唇,879,啻,1
830,唇,1840,态,1
831,唉,730,呒,1
831,唉,783,咳,1
831,唉,829,唆,1
831,唉,981,噬,1
832,唏,2475,晞,1
833,唐,1429,害,1
833,唐,1705,康,1
833,唐,3449,熏,1
833,唐,4113,磨,1
833,唐,4237,窅,1
833,唐,4246,窘,1
833,唐,5279,藿,1
833,唐,5814,赓,1
834,唑,770,咝,1
834,唑,794,哇,1
834,唑,4016,矬,1
834,唑,5889,跺,1
835,唔,2478,晤,1
836,唛,816,哧,1
837,唝,839,唢,1
837,唝,906,喷,1
837,唝,6715,顷,1
838,唠,530,劳,1
838,唠,979,噪,1
838,唠,1564,崂,1
838,唠,5451,蠛,1
839,唢,817,哨,1
839,唢,837,唝,1
839,唢,2505,曈,1
841,唤,1314,娱,1
841,唤,1417,实,1
841,唤,3479,爱,1
842,唧,6191,酃,1
844,唬,262,信,1
844,唬,956,嘧,1
844,唬,4003,瞻,1
845,售,153,仿,1
845,售,258,俜,1
845,售,262,信,1
845,售,879,啻,1
845,售,3426,焦,1
845,售,7084,鹞,1
846,唯,329,傩,1
846,唯,422,准,1
846,唯,712,吮,1
846,唯,741,呤,1
846,唯,895,喔,1
846,唯,948,嘘,1
846,唯,968,噍,1
846,唯,985,噼,1
846,唯,1651,帷,1
846,唯,6618,难,1
846,唯,6626,雌,1
846,唯,6628,雎,1
847,唰,952,嘟,1
847,唰,972,噘,1
847,唰,4064,硎,1
848,唱,697,吗,1
848,唱,739,呜,1
848,唱,889,喈,1
848,唱,2509,曝,1
848,唱,2988,沓,1
849,唳,841,唤,1
850,唷,3994,瞥,1
851,唼,850,唷,1
851,唼,882,喀,1
852,唾,794,哇,1
852,唾,835,唔,1
852,唾,907,喹,1
852,唾,995,嚷,1
852,唾,4558,缍,1
853,唿,934,嗯,1
853,唿,956,嘧,1
853,唿,1877,恐,1
853,唿,1939,惚,1
854,啁,3455,熠,1
854,啁,4781,胭,1
855,啃,812,哞,1
855,啃,889,喈,1
855,啃,894,喑,1
855,啃,933,嗬,1
855,啃,4312,筒,1
855,啃,4745,肯,1
856,啄,897,喙,1
856,啄,1345,嫁,1
856,啄,3152,涿,1
856,啄,3663,琢,1
856,啄,5681,诼,1
857,商,1431,宵,1
857,商,4172,离,1
857,商,4584,缩,1
857,商,4650,翕,1
857,商,4747,育,1
857,商,5362,蜀,1
857,商,6711,韵,1
857,商,6902,高,1
858,啉,3674,琳,1
859,啊,847,唰,1
859,啊,908,喻,1
859,啊,1319,婀,1
859,啊,2629,柯,1
859,啊,5310,蚂,1
859,啊,6409,锕,1
860,啐,812,哞,1
861,啕,865,啤,1
862,啖,831,唉,1
862,啖,3168,淡,1
864,啡,938,嗷,1
864,啡,6668,非,1
865,啤,749,呷,1
865,啤,752,呼,1
865,啤,807,哗,1
865,啤,812,哞,1
865,啤,1326,婢,1
866,啥,712,吮,1
866,啥,741,呤,1
866,啥,780,咭,1
866,啥,835,唔,1
866,啥,851,唼,1
866,啥,852,唾,1
866,啥,871,啭,1
866,啥,968,噍,1
866,啥,973,噙,1
866,啥,2473,晗,1
866,啥,2479,晦,1
866,啥,3164,淙,1
866,啥,4289,笠,1
867,啦,871,啭,1
867,啦,2139,拦,1
867,啦,3512,牾,1
868,啧,836,唛,1
869,啪,6454,镅,1
870,啬,3231,溘,1
870,啬,3773,番,1
872,啮,806,哕,1
872,啮,862,啖,1
872,啮,884,喂,1
872,啮,894,喑,1
872,啮,4096,碰,1
872,啮,5657,诣,1
872,啮,7168,齿,1
873,啰,863,啜,1
873,啰,911,嗄,1
873,啰,920,嗖,1
874,啴,865,啤,1
874,啴,979,噪,1
876,啶,990,嚏,1
876,啶,3003,沪,1
876,啶,3153,淀,1
876,啶,4079,碇,1
876,啶,4543,绽,1
876,啶,4829,腚,1
877,啷,614,卿,1
878,啸,823,哳,1
878,啸,888,喇,1
878,啸,3297,潇,1
878,啸,5890,跻,1
879,啻,324,傍,1
880,啼,961,嘴,1
880,啼,1128,埽,1
880,啼,4305,筇,1
880,啼,4564,缔,1
880,啼,4846,膀,1
881,啾,4180,秋,1
882,喀,772,咤,1
882,喀,793,哆,1
882,喀,835,唔,1
882,喀,844,唬,1
883,喁,899,喝,1
883,喁,987,嚅,1
884,喂,800,哏,1
884,喂,872,啮,1
884,喂,934,嗯,1
885,喃,930,嗨,1
886,善,5581,言,1
886,善,5587,誉,1
886,善,5957,軎,1
888,喇,512,劐,1
888,喇,5368,蜊,1
889,喈,1318,娼,1
890,喉,841,唤,1
890,喉,1142,堠,1
890,喉,2176,挨,1
890,喉,4561,缑,1
891,喊,858,啉,1
891,喊,962,嘶,1
891,喊,4097,碱,1
891,喊,4550,缄,1
891,喊,5648,诚,1
892,喋,2633,柴,1
893,喏,917,嗒,1
894,喑,2497,暗,1
895,喔,903,喱,1
896,喘,872,啮,1
896,喘,889,喈,1
896,喘,922,嗝,1
896,喘,987,嚅,1
896,喘,988,嚆,1
896,喘,3688,瑞,1
896,喘,4329,筼,1
896,喘,4556,缋,1
896,喘,5395,蝎,1
898,喜,886,善,1
898,喜,1540,岳,1
898,喜,4029,砉,1
898,喜,4673,耋,1
898,喜,5129,菩,1
898,喜,5581,言,1
898,喜,6940,鲁,1
899,喝,284,倘,1
899,喝,848,唱,1
899,喝,900,喟,1
899,喝,3202,渴,1
899,喝,4093,碣,1
899,喝,5702,谒,1
900,喟,906,喷,1
900,喟,961,嘴,1
900,喟,967,噌,1
900,喟,6886,骨,1
901,喤,840,唣,1
901,喤,953,嘡,1
902,喧,741,呤,1
902,喧,927,嗤,1
902,喧,953,嘡,1
902,喧,969,噎,1
902,喧,3201,渲,1
904,喳,906,喷,1
904,喳,916,嗑,1
904,喳,969,噎,1
904,喳,986,嚄,1
904,喳,3194,渣,1
904,喳,6812,馇,1
905,喵,3984,瞄,1
906,喷,836,唛,1
906,喷,837,唝,1
906,喷,839,唢,1
906,喷,2499,暧,1
908,喻,491,前,1
908,喻,888,喇,1
908,喻,3191,渝,1
908,喻,5396,蝓,1
909,喽,851,唼,1
909,喽,1592,嵝,1
911,嗄,334,僇,1
911,嗄,826,哽,1
911,嗄,2509,曝,1
912,嗅,831,唉,1
912,嗅,865,啤,1
912,嗅,3243,溴,1
913,嗉,945,嘌,1
913,嗉,989,嚎,1
913,嗉,1322,婊,1
914,嗌,916,嗑,1
914,嗌,5420,螠,1
914,嗌,6245,醯,1
914,嗌,6608,隘,1
915,嗍,939,嗽,1
916,嗑,4111,磕,1
917,嗒,905,喵,1
918,嗓,866,啥,1
918,嗓,967,噌,1
918,嗓,979,噪,1
918,嗓,2600,枭,1
918,嗓,4081,碌,1
920,嗖,955,嘤,1
920,嗖,3987,瞍,1
921,嗜,821,哮,1
921,嗜,850,唷,1
921,嗜,885,喃,1
921,嗜,894,喑,1
921,嗜,913,嗉,1
921,嗜,988,嚆,1
921,嗜,2485,晴,1
921,嗜,5924,蹐,1
921,嗜,7009,鳍,1
922,嗝,5407,蝻,1
923,嗞,384,兹,1
923,嗞,1594,嵫,1
925,嗡,4324,筲,1
925,嗡,7152,鼢,1
926,嗣,42,丽,1
927,嗤,771,咣,1
927,嗤,862,啖,1
927,嗤,976,噤,1
929,嗦,821,哮,1
929,嗦,825,哼,1
929,嗦,851,唼,1
929,嗦,963,嘹,1
929,嗦,976,噤,1
929,嗦,982,噱,1
929,嗦,991,嚓,1
929,嗦,4439,索,1
930,嗨,2479,晦,1
930,嗨,5671,诲,1
931,嗪,979,噪,1
932,嗫,1982,慑,1
933,嗬,813,哟,1
933,嗬,869,啪,1
934,嗯,800,哏,1
934,嗯,848,唱,1
934,嗯,883,喁,1
936,嗳,829,唆,1
938,嗷,939,嗽,1
938,嗷,3701,璈,1
939,嗽,881,啾,1
939,嗽,4595,缴,1
940,嗾,939,嗽,1
941,嘀,857,商,1
941,嘀,922,嗝,1
941,嘀,2485,晴,1
941,嘀,5930,蹢,1
944,嘉,3461,熹,1
944,嘉,5241,蕊,1
944,嘉,5262,薪,1
944,嘉,5481,袁,1
945,嘌,3699,璆,1
946,嘎,912,嗅,1
946,嘎,4103,碾,1
947,嘏,2493,暇,1
948,嘘,844,唬,1
948,嘘,895,喔,1
948,嘘,980,噫,1
948,嘘,3285,漤,1
948,嘘,5720,谥,1
949,嘚,883,喁,1
950,嘛,699,吝,1
950,嘛,851,唼,1
950,嘛,1444,寐,1
950,嘛,3841,痱,1
952,嘟,877,啷,1
953,嘡,1130,堂,1
953,嘡,3992,瞠,1
955,嘤,3703,璎,1
956,嘧,1441,密,1
958,嘭,5438,蟛,1
959,嘱,882,喀,1
959,嘱,973,噙,1
959,嘱,3830,痛,1
959,嘱,4440,紧,1
960,嘲,888,喇,1
961,嘴,892,喋,1
961,嘴,896,喘,1
961,嘴,3495,牖,1
961,嘴,4076,确,1
962,嘶,2483,晰,1
963,嘹,906,喷,1
963,嘹,921,嗜,1
963,嘹,1589,嵘,1
964,嘻,898,喜,1
964,嘻,913,嗉,1
964,嘻,916,嗑,1
964,嘻,957,嘬,1
964,嘻,998,囔,1
964,嘻,6825,馕,1
965,嘿,808,哙,1
967,噌,943,嘈,1
967,噌,956,嘧,1
967,噌,1548,峃,1
967,噌,2497,暗,1
968,噍,1994,憔,1
969,噎,913,嗉,1
969,噎,953,嘡,1
969,噎,990,嚏,1
970,噔,3774,畯,1
972,噘,2822,橛,1
974,噜,949,嘚,1
975,噢,2498,暝,1
976,噤,991,嚓,1
977,器,820,哭,1
977,器,993,嚣,1
977,器,2502,暴,1
977,器,4350,箭,1
977,器,4612,罢,1
977,器,6264,鋈,1
978,噩,5525,裹,1
979,噪,764,咔,1
979,噪,4869,臊,1
981,噬,770,咝,1
981,噬,956,嘧,1
981,噬,3997,瞪,1
981,噬,4322,筮,1
982,噱,989,嚎,1
983,噶,974,噜,1
983,噶,5236,蔼,1
984,噻,995,嚷,1
985,噼,3998,瞬,1
987,嚅,995,嚷,1
987,嚅,3338,濡,1
988,嚆,896,喘,1
988,嚆,921,嗜,1
988,嚆,3984,瞄,1
988,嚆,3990,瞒,1
989,嚎,894,喑,1
990,嚏,929,嗦,1
990,嚏,953,嘡,1
990,嚏,998,囔,1
992,嚚,993,嚣,1
993,嚣,992,嚚,1
993,嚣,1966,意,1
993,嚣,3689,瑟,1
993,嚣,4443,絮,1
994,嚯,6246,醴,1
995,嚷,5504,装,1
996,嚼,880,啼,1
996,嚼,3480,爵,1
996,嚼,6647,霈,1
997,囊,2169,挠,1
997,囊,5241,蕊,1
997,囊,5283,蘘,1
998,囔,999,囗,1
999,囗,1002,囝,1
1000,囚,1001,四,1
1000,囚,1006,囡,1
1000,囚,1070,坶,1
1000,囚,3742,用,1
1000,囚,3749,田,1
1000,囚,4724,肉,1
1000,囚,6506,闪,1
1001,四,1014,囵,1
1001,四,1857,思,1
1001,四,2420,旧,1
1001,四,2522,月,1
1001,四,2986,沏,1
1001,四,6044,迢,1
1002,囝,1007,团,1
1002,囝,1014,囵,1
1002,囝,4605,罔,1
1003,回,401,军,1
1003,回,1006,囡,1
1003,回,1017,国,1
1003,回,1018,图,1
1003,回,1062,坦,1
1003,回,2419,旦,1
1003,回,2512,曰,1
1003,回,4881,臼,1
1004,囟,598,卤,1
1004,囟,1012,囱,1
1004,囟,5457,血,1
1005,因,1014,囵,1
1005,因,1017,国,1
1005,因,1022,圆,1
1005,因,2522,月,1
1005,因,3749,田,1
1006,囡,1008,囤,1
1006,囡,1014,囵,1
1007,团,1008,囤,1
1007,团,1009,囫,1
1007,团,3749,田,1
1007,团,5610,讲,1
1007,团,6535,阈,1
1008,囤,743,周,1
1008,囤,1005,因,1
1008,囤,1011,困,1
1008,囤,1013,围,1
1008,囤,1014,囵,1
1008,囤,1016,固,1
1008,囤,6533,阆,1
1008,囤,7034,鸤,1
1009,囫,1006,囡,1
1009,囫,1015,囹,1
1009,囫,1022,圆,1
1009,囫,6539,阌,1
1010,园,675,司,1
1010,园,726,呈,1
1010,园,1005,因,1
1010,园,1007,团,1
1010,园,1014,囵,1
1010,园,1022,圆,1
1010,园,1023,圈,1
1010,园,3929,目,1
1010,园,4605,罔,1
1010,园,6581,限,1
1011,困,554,匍,1
1011,困,1020,圃,1
1011,困,1135,堌,1
1012,囱,3750,由,1
1012,囱,4875,自,1
1012,囱,6525,闾,1
1012,囱,6671,面,1
1013,围,1002,囝,1
1013,围,1005,因,1
1013,围,1008,囤,1
1013,围,1025,圊,1
1013,围,6512,闱,1
1013,围,6529,阂,1
1014,囵,1006,囡,1
1014,囵,1009,囫,1
1015,囹,1014,囵,1
1015,囹,1019,囿,1
1016,固,1000,囚,1
1016,固,1007,团,1
1016,固,1013,围,1
1016,固,1014,囵,1
1016,固,1019,囿,1
1016,固,1022,圆,1
1016,固,1023,圈,1
1016,固,1024,圉,1
1016,固,1025,圊,1
1016,固,4605,罔,1
1017,国,687,同,1
1017,国,743,周,1
1017,国,1000,囚,1
1017,国,1006,囡,1
1017,国,1009,囫,1
1017,国,1018,图,1
1017,国,1021,圄,1
1017,国,1022,圆,1
1017,国,6511,闰,1
1017,国,6535,阈,1
1018,图,743,周,1
1018,图,1009,囫,1
1018,图,1017,国,1
1018,图,6539,阌,1
1018,图,6541,阎,1
1019,囿,1020,圃,1
1019,囿,1021,圄,1
1019,囿,1025,圊,1
1019,囿,6046,迥,1
1020,圃,554,匍,1
1020,圃,1008,囤,1
1020,圃,1023,圈,1
1020,圃,1025,圊,1
1020,圃,3245,溷,1
1020,圃,6524,闽,1
1020,圃,6534,阇,1
1020,圃,6540,阍,1
1020,圃,6544,阑,1
1021,圄,1017,国,1
1021,圄,1022,圆,1
1021,圄,1024,圉,1
1021,圄,1025,圊,1
1021,圄,1026,圜,1
1021,圄,1579,崮,1
1022,圆,403,冠,1
1022,圆,1003,回,1
1022,圆,1015,囹,1
1022,圆,1025,圊,1
1022,圆,2894,毋,1
1022,圆,6529,阂,1
1023,圈,743,周,1
1023,圈,1013,围,1
1023,圈,1022,圆,1
1023,圈,2516,曷,1
1023,圈,6218,酱,1
1023,圈,6548,阖,1
1024,圉,1026,圜,1
1025,圊,1019,囿,1
1025,圊,1021,圄,1
1025,圊,1023,圈,1
1025,圊,1024,圉,1
1026,圜,1633,帏,1
1027,土,7,上,1
1027,土,86,五,1
1028,圣,16,丕,1
1028,圣,1459,寻,1
1029,在,1616,巫,1
1029,在,1680,庇,1
1029,在,2583,枉,1
1029,在,5020,茌,1
1029,在,5241,蕊,1
1029,在,5958,车,1
1030,圩,1065,坪,1
1030,圩,3638,珏,1
1031,圪,681,吃,1
1031,圪,3030,泛,1
1031,圪,7170,龁,1
1032,圬,1044,均,1
1032,圬,1045,坊,1
1032,圬,2975,汽,1
1033,圭,690,吏,1
1033,圭,726,呈,1
1033,圭,1028,圣,1
1033,圭,3083,洼,1
1033,圭,4453,纟,1
1033,圭,4878,至,1
1033,圭,5025,茔,1
1033,圭,5048,荃,1
1033,圭,6614,隶,1
1034,圮,2084,把,1
1034,圮,5609,记,1
1034,圮,5891,跽,1
1035,圯,1067,坭,1
1036,地,130,他,1
1036,地,1097,垭,1
1036,地,1099,垯,1
1036,地,1742,弛,1
1036,地,2963,池,1
1036,地,3398,烛,1
1038,圹,1030,圩,1
1038,圹,3786,疒,1
1039,场,583,协,1
1039,场,1044,均,1
1039,场,1094,垧,1
1039,场,1106,埇,1
1039,场,2067,扫,1
1039,场,2068,扬,1
1039,场,2098,抢,1
1039,场,2194,捐,1
1039,场,2566,杨,1
1039,场,3364,炀,1
1039,场,6715,顷,1
1040,圻,2171,挢,1
1040,圻,5321,蚧,1
1041,圾,718,吸,1
1041,圾,1042,址,1
1041,圾,1044,均,1
1041,圾,1131,堆,1
1041,圾,2089,投,1
1041,圾,2360,效,1
1041,圾,2971,汲,1
1041,圾,5678,诹,1
1041,圾,5841,起,1
1042,址,55,乏,1
1042,址,1036,地,1
1042,址,1062,坦,1
1042,址,1063,坨,1
1042,址,1109,埏,1
1042,址,2992,沚,1
1044,均,453,切,1
1044,均,671,右,1
1044,均,1071,坷,1
1044,均,1092,垤,1
1044,均,1094,垧,1
1044,均,2070,扮,1
1044,均,2607,枸,1
1045,坊,1031,圪,1
1045,坊,1054,坛,1
1045,坊,1071,坷,1
1045,坊,1075,垃,1
1045,坊,1108,城,1
1045,坊,1125,培,1
1045,坊,1151,塆,1
1045,坊,1264,妨,1
1045,坊,5350,蛤,1
1047,坍,1041,圾,1
1047,坍,1063,坨,1
1047,坍,1070,坶,1
1047,坍,5984,辀,1
1048,坎,1043,坂,1
1048,坎,1044,均,1
1048,坎,1049,坏,1
1048,坎,1052,块,1
1048,坎,1115,埙,1
1049,坏,1054,坛,1
1049,坏,1073,坼,1
1049,坏,1839,怀,1
1049,坏,2087,抓,1
1049,坏,2394,斥,1
1049,坏,3625,环,1
1049,坏,5597,讣,1
1050,坐,435,凭,1
1050,坐,688,名,1
1050,坐,834,唑,1
1050,坐,1059,坠,1
1050,坐,1920,您,1
1050,坐,4231,空,1
1050,坐,4273,竺,1
1050,坐,4278,笆,1
1050,坐,4289,笠,1
1051,坑,712,吮,1
1051,坑,1066,坫,1
1051,坑,1103,垸,1
1051,坑,2216,掊,1
1051,坑,2982,沆,1
1051,坑,3371,炕,1
1051,坑,3622,玩,1
1052,块,413,决,1
1052,块,1056,坝,1
1052,块,1058,坟,1
1052,块,2161,挎,1
1052,块,2870,殃,1
1053,坚,820,哭,1
1053,坚,1472,尘,1
1053,坚,1865,怪,1
1053,坚,6253,里,1
1054,坛,572,医,1
1054,坛,683,吆,1
1054,坛,2980,沄,1
1054,坛,3387,炻,1
1054,坛,4467,纭,1
1056,坝,1062,坦,1
1056,坝,1115,埙,1
1056,坝,1952,惯,1
1056,坝,3626,现,1
1057,坞,172,伤,1
1057,坞,1044,均,1
1057,坞,1081,垍,1
1057,坞,1100,垱,1
1057,坞,1102,垴,1
1057,坞,1683,序,1
1057,坞,3642,珞,1
1057,坞,5367,蜉,1
1058,坟,1048,坎,1
1058,坟,1104,埂,1
1058,坟,1445,寒,1
1058,坟,2358,政,1
1058,坟,4513,绞,1
1058,坟,5309,蚁,1
1059,坠,794,哇,1
1059,坠,1093,垦,1
1059,坠,1139,堕,1
1059,坠,4273,竺,1
1060,坡,2102,披,1
1060,坡,2672,桉,1
1060,坡,2868,殁,1
1060,坡,3631,玻,1
1060,坡,4715,聩,1
1060,坡,5638,诐,1
1061,坤,1064,坩,1
1061,坤,4489,绅,1
1061,坤,5327,蚰,1
1062,坦,1144,堤,1
1062,坦,3435,煜,1
1062,坦,4488,组,1
1062,坦,5628,诅,1
1065,坪,1078,垆,1
1065,坪,1104,埂,1
1066,坫,1051,坑,1
1067,坭,1268,妮,1
1067,坭,6809,馄,1
1068,坯,1049,坏,1
1068,坯,1092,垤,1
1069,坳,2128,拗,1
1070,坶,1135,堌,1
1070,坶,2116,拇,1
1070,坶,2895,母,1
1070,坶,5332,蚺,1
1071,坷,1039,场,1
1071,坷,1044,均,1
1071,坷,1104,埂,1
1071,坷,1152,塌,1
1071,坷,2153,拽,1
1071,坷,2394,斥,1
1071,坷,3685,瑚,1
1071,坷,6669,靠,1
1072,坻,1117,埝,1
1072,坻,2105,抵,1
1072,坻,6008,辘,1
1072,坻,6932,魏,1
1073,坼,1070,坶,1
1073,坼,1110,埒,1
1074,垂,978,噩,1
1074,垂,1132,堇,1
1074,垂,1272,妻,1
1074,垂,2594,枣,1
1075,垃,1054,坛,1
1075,垃,1092,垤,1
1075,垃,1125,培,1
1075,垃,2122,拎,1
1075,垃,2139,拦,1
1075,垃,4984,苎,1
1076,垄,1046,坌,1
1076,垄,1179,壁,1
1076,垄,5021,茎,1
1076,垄,7182,龚,1
1077,垅,2135,拢,1
1077,垅,3640,珑,1
1078,垆,2099,护,1
1078,垆,2296,摈,1
1079,型,473,刮,1
1079,型,1138,堑,1
1079,型,1179,壁,1
1079,型,3515,犁,1
1079,型,6917,鬯,1
1080,垌,495,剕,1
1080,垌,1081,垍,1
1080,垌,1135,堌,1
1080,垌,2676,桐,1
1081,垍,1123,埴,1
1081,垍,1131,堆,1
1081,垍,2121,拍,1
1082,垒,1147,堲,1
1082,垒,2331,擂,1
1082,垒,3783,疍,1
1082,垒,3911,盆,1
1082,垒,4263,站,1
1082,垒,4273,竺,1
1082,垒,4402,粜,1
1082,垒,6935,鱼,1
1083,垓,2659,核,1
1084,垕,223,侄,1
1085,垛,1110,埒,1
1085,垛,1144,堤,1
1085,垛,2225,探,1
1085,垛,2605,架,1
1085,垛,2875,殊,1
1085,垛,3711,璨,1
1085,垛,4021,矸,1
1089,垡,215,佳,1
1089,垡,1539,岱,1
1089,垡,6073,逑,1
1090,垢,1073,坼,1
1090,垢,1158,塥,1
1091,垣,2678,桓,1
1091,垣,3080,洹,1
1092,垤,1049,坏,1
1092,垤,1112,埕,1
1093,垦,1082,垒,1
1094,垧,798,响,1
1094,垧,2607,枸,1
1095,垩,1132,堇,1
1096,垫,1138,堑,1
1096,垫,2113,拄,1
1096,垫,3409,热,1
1096,垫,5892,踅,1
1098,垮,1151,塆,1
1098,垮,4504,绔,1
1098,垮,5517,裤,1
1099,垯,1151,塆,1
1100,垱,1092,垤,1
1100,垱,2771,榄,1
1101,垲,1519,岂,1
1102,垴,1088,垠,1
1102,垴,1133,堉,1
1103,垸,1136,堍,1
1104,埂,826,哽,1
1104,埂,1036,地,1
1104,埂,1140,堙,1
1104,埂,2701,梗,1
1104,埂,4074,硬,1
1104,埂,4515,绠,1
1104,埂,5685,谀,1
1105,埃,1086,垞,1
1105,埃,1115,埙,1
1105,埃,1119,埠,1
1105,埃,1136,堍,1
1105,埃,1142,堠,1
1105,埃,2176,挨,1
1105,埃,2199,换,1
1105,埃,5136,菼,1
1105,埃,5144,萍,1
1105,埃,5910,踶,1
1106,埇,1156,塘,1
1107,埋,1068,坯,1
1107,埋,1086,垞,1
1107,埋,1144,堤,1
1107,埋,1150,塄,1
1107,埋,1173,增,1
1107,埋,3157,淇,1
1107,埋,6883,骤,1
1108,城,796,哉,1
1108,城,891,喊,1
1108,城,2708,械,1
1108,城,5384,蜮,1
1108,城,5648,诚,1
1108,城,6348,铖,1
1109,埏,1144,堤,1
1109,埏,1722,延,1
1109,埏,2182,挺,1
1109,埏,5371,蜒,1
1110,埒,2189,捋,1
1110,埒,2815,樽,1
1112,埕,1092,垤,1
1113,埗,1144,堤,1
1113,埗,1150,塄,1
1114,埘,1064,坩,1
1114,埘,1319,婀,1
1115,埙,2197,损,1
1116,埚,1318,娼,1
1116,埚,4270,竭,1
1118,域,1111,埔,1
1118,域,1121,埭,1
1118,域,2078,找,1
1118,域,2329,撼,1
1118,域,4502,绒,1
1119,埠,1163,墀,1
1119,埠,1182,壕,1
1120,埤,1110,埒,1
1120,埤,1326,婢,1
1120,埤,2203,捭,1
1122,埯,1123,埴,1
1122,埯,2230,掩,1
1123,埴,1081,垍,1
1125,培,894,喑,1
1125,培,1032,圬,1
1125,培,1115,埙,1
1125,培,1137,堎,1
1125,培,1151,塆,1
1125,培,2216,掊,1
1125,培,3145,涪,1
1125,培,3423,焙,1
1125,培,3639,珐,1
1125,培,3702,璋,1
1125,培,5902,踣,1
1126,基,1132,堇,1
1126,基,5001,若,1
1126,基,5021,茎,1
1126,基,5048,荃,1
1126,基,5084,莅,1
1126,基,5205,蓉,1
1126,基,5267,薹,1
1127,埼,1098,垮,1
1127,埼,1113,埗,1
1127,埼,2218,掎,1
1129,堀,1090,垢,1
1130,堂,367,党,1
1130,堂,1236,奠,1
1130,堂,2723,棠,1
1130,堂,4231,空,1
1130,堂,4354,篁,1
1130,堂,5048,荃,1
1130,堂,5216,蓥,1
1130,堂,5291,虐,1
1130,堂,5522,裳,1
1130,堂,6256,量,1
1130,堂,6952,鲎,1
1131,堆,422,准,1
1131,堆,6621,雄,1
1132,堇,5141,萆,1
1132,堇,6673,革,1
1133,堉,1169,墒,1
1133,堉,1327,婧,1
1133,堉,2234,掮,1
1133,堉,4514,统,1
1133,堉,5725,谪,1
1134,堋,4537,绷,1
1136,堍,364,兔,1
1136,堍,2183,挽,1
1137,堎,1175,墦,1
1138,堑,745,呲,1
1138,堑,1092,垤,1
1138,堑,2490,暂,1
1139,堕,6594,陲,1
1141,堞,2013,戆,1
1141,堞,2259,揲,1
1141,堞,3713,璪,1
1143,堡,6617,隽,1
1143,堡,6808,馃,1
1144,堤,2188,捉,1
1144,堤,2604,枵,1
1144,堤,3089,浆,1
1144,堤,3215,湜,1
1144,堤,3659,琏,1
1145,堪,1091,垣,1
1145,堪,1149,塃,1
1145,堪,1159,填,1
1145,堪,3214,湛,1
1145,堪,5696,谌,1
1146,堰,1091,垣,1
1146,堰,2253,揠,1
1147,堲,1139,堕,1
1148,堵,1133,堉,1
1148,堵,1175,墦,1
1148,堵,2145,拮,1
1148,堵,2762,楮,1
1148,堵,3156,淆,1
1148,堵,4525,绪,1
1148,堵,5677,诸,1
1150,塄,2757,楞,1
1151,塆,1098,垮,1
1151,塆,2288,携,1
1151,塆,3222,湾,1
1152,塌,1088,垠,1
1152,塌,1113,埗,1
1152,塌,1144,堤,1
1152,塌,5923,蹋,1
1153,塍,4830,腠,1
1154,塑,2531,望,1
1154,塑,5074,荫,1
1155,塔,2265,揾,1
1155,塔,3109,浡,1
1155,塔,3402,烤,1
1155,塔,5134,菸,1
1156,塘,1117,埝,1
1156,塘,1167,墈,1
1156,塘,3665,琥,1
1157,塞,1176,墨,1
1157,塞,1448,寞,1
1157,塞,1455,寰,1
1157,塞,2287,搴,1
1157,塞,4256,窭,1
1159,填,919,嗔,1
1159,填,1091,垣,1
1159,填,1123,埴,1
1159,填,3668,琪,1
1159,填,3686,瑛,1
1159,填,4215,稹,1
1160,塬,1182,壕,1
1160,塬,2489,晾,1
1160,塬,5414,螈,1
1161,塮,1114,埘,1
1165,境,1051,坑,1
1165,境,1083,垓,1
1165,境,1117,埝,1
1165,境,3656,琉,1
1166,墅,1178,墼,1
1166,墅,5933,蹬,1
1166,墅,6255,野,1
1166,墅,6591,险,1
1166,墅,7138,黯,1
1169,墒,1116,埚,1
1169,墒,2234,掮,1
1169,墒,5725,谪,1
1170,墓,1132,堇,1
1170,墓,5072,荩,1
1170,墓,5201,蓁,1
1171,墙,294,倩,1
1171,墙,870,啬,1
1171,墙,1148,堵,1
1172,墚,4411,粱,1
1172,墚,4412,粲,1
1172,墚,4444,絷,1
1173,增,1100,垱,1
1173,增,1133,堉,1
1173,增,2327,撸,1
1173,增,4584,缩,1
1173,增,4590,缯,1
1173,增,5640,诒,1
1174,墟,948,嘘,1
1174,墟,2846,欲,1
1174,墟,5720,谥,1
1174,墟,6816,馋,1
1175,墦,5439,蟠,1
1176,墨,1656,幂,1
1176,墨,3325,澧,1
1176,墨,3630,玺,1
1176,墨,4339,箜,1
1177,墩,2504,暾,1
1177,墩,3298,潋,1
1177,墩,5390,蜿,1
1178,墼,4601,罄,1
1179,壁,1139,堕,1
1179,壁,1143,堡,1
1179,壁,2834,檗,1
1179,壁,4085,碓,1
1179,壁,6014,辟,1
1181,壑,1454,寮,1
1182,壕,1345,嫁,1
1182,壕,2282,搡,1
1183,壤,4225,穰,1
1183,壤,5544,襄,1
1184,士,41,主,1
1184,士,1240,女,1
1184,士,1611,工,1
1185,壬,126,仑,1
1185,壬,134,仝,1
1185,壬,3607,玉,1
1185,壬,4945,芏,1
1186,壮,1862,性,1
1186,壮,2559,杜,1
1186,壮,2565,杧,1
1187,声,77,争,1
1187,声,99,亨,1
1187,声,759,和,1
1187,声,2897,毐,1
1187,声,4937,艿,1
1187,声,4941,芊,1
1187,声,5008,苹,1
1188,壳,713,启,1
1188,壳,1820,志,1
1189,壶,1130,堂,1
1189,壶,1190,壹,1
1189,壶,5170,董,1
1189,壶,5172,葫,1
1189,壶,5294,虚,1
1190,壹,879,啻,1
1190,壹,3915,盍,1
1190,壹,5267,薹,1
1190,壹,5586,詹,1
1191,夂,0,々,1
1192,处,1838,忿,1
1193,备,700,吞,1
1193,备,3768,畚,1
1193,备,3770,畜,1
1193,备,5752,豸,1
1194,复,631,厦,1
1194,复,643,及,1
1194,复,1848,怎,1
1194,复,5293,虔,1
1194,复,6648,霉,1
1195,夏,534,勇,1
1195,夏,631,厦,1
1195,夏,651,变,1
1195,夏,789,哀,1
1195,夏,1448,寞,1
1195,夏,1721,廴,1
1195,夏,3948,真,1
1195,夏,4229,穸,1
1195,夏,6059,追,1
1197,夕,53,乍,1
1197,夕,75,了,1
1197,夕,122,今,1
1197,夕,547,勺,1
1197,夕,1397,宀,1
1198,外,354,允,1
1198,外,578,升,1
1198,外,593,卟,1
1198,外,1377,孙,1
1198,外,4894,舛,1
1200,多,658,句,1
1200,多,688,名,1
1200,多,793,哆,1
1200,多,1245,好,1
1200,多,1765,彡,1
1200,多,3373,炙,1
1200,多,4301,笺,1
1200,多,4607,罗,1
1201,夜,37,丶,1
1201,夜,1701,庭,1
1201,夜,1712,廋,1
1201,夜,3477,爬,1
1201,夜,3800,疫,1
1201,夜,4132,祁,1
1201,夜,4515,绠,1
1201,夜,5219,蓰,1
1202,够,1204,夥,1
1202,够,2504,暾,1
1202,够,4801,脑,1
1202,够,4810,脬,1
1202,够,4910,舴,1
1202,够,6874,骛,1
1202,够,6951,鲍,1
1202,够,7067,鹇,1
1204,夥,7131,黟,1
1205,大,10,不,1
1205,大,657,古,1
1205,大,662,只,1
1205,大,1476,尢,1
1205,大,2535,木,1
1206,天,355,元,1
1206,天,413,决,1
1206,天,1205,大,1
1206,天,1208,夫,1
1206,天,1210,夭,1
1206,天,2979,沃,1
1206,天,3355,灭,1
1206,天,3607,玉,1
1206,天,4010,矢,1
1206,天,4174,禾,1
1207,太,5,丈,1
1207,太,1476,尢,1
1207,太,1488,尽,1
1207,太,1612,左,1
1207,太,1820,志,1
1207,太,2057,扒,1
1207,太,4943,芍,1
1208,夫,14,专,1
1208,夫,359,先,1
1208,夫,662,只,1
1208,夫,1213,失,1
1208,夫,1217,夹,1
1208,夫,1479,尧,1
1208,夫,2948,求,1
1208,夫,4936,艾,1
1209,夬,595,卡,1
1209,夬,1211,央,1
1209,夬,1217,夹,1
1210,夭,48,乇,1
1210,夭,1205,大,1
1210,夭,1672,幺,1
1210,夭,3353,火,1
1210,夭,3355,灭,1
1210,夭,4010,矢,1
1211,央,636,去,1
1211,央,728,呋,1
1211,央,1209,夬,1
1211,央,1471,尖,1
1211,央,1863,怨,1
1211,央,2902,毖,1
1211,央,3353,火,1
1211,央,3904,皮,1
1211,央,5297,虫,1
1212,夯,519,务,1
1212,夯,1187,声,1
1212,夯,1237,奢,1
1213,失,359,先,1
1213,失,413,决,1
1213,失,728,呋,1
1213,失,820,哭,1
1213,失,1209,夬,1
1213,失,1214,头,1
1213,失,1471,尖,1
1213,失,2541,朱,1
1213,失,2905,毛,1
1213,失,3740,生,1
1213,失,4010,矢,1
1214,头,379,兴,1
1214,头,413,决,1
1214,头,1208,夫,1
1214,头,1471,尖,1
1214,头,6024,达,1
1215,夷,1290,姨,1
1215,夷,2371,敢,1
1215,夷,4393,类,1
1215,夷,5767,责,1
1215,夷,5789,费,1
1216,夸,375,兮,1
1216,夸,1220,奁,1
1216,夸,1237,奢,1
1216,夸,1686,库,1
1216,夸,4056,砻,1
1217,夹,377,共,1
1217,夹,804,哓,1
1217,夹,1208,夫,1
1217,夹,1214,头,1
1217,夹,1231,奕,1
1217,夹,2350,支,1
1217,夹,2561,束,1
1217,夹,4709,职,1
1217,夹,5005,英,1
1218,夺,420,净,1
1218,夺,456,刍,1
1218,夺,1223,奇,1
1218,夺,1224,奈,1
1218,夺,1381,孝,1
1218,夺,1460,导,1
1220,奁,1226,奋,1
1222,奄,1226,奋,1
1222,奄,1227,奎,1
1222,奄,3177,淹,1
1222,奄,6254,重,1
1223,奇,870,啬,1
1223,奇,1219,夼,1
1223,奇,1226,奋,1
1223,奇,4699,耷,1
1223,奇,7032,鸢,1
1224,奈,22,东,1
1224,奈,101,享,1
1224,奈,1218,夺,1
1224,奈,1379,孛,1
1224,奈,4439,索,1
1224,奈,4727,肓,1
1224,奈,5082,荼,1
1225,奉,43,举,1
1225,奉,843,唪,1
1225,奉,1228,奏,1
1225,奉,6663,青,1
1226,奋,1117,埝,1
1226,奋,1193,备,1
1226,奋,3932,盲,1
1226,奋,4699,耷,1
1227,奎,1222,奄,1
1227,奎,1233,套,1
1227,奎,4673,耋,1
1227,奎,6254,重,1
1228,奏,428,凑,1
1228,奏,1453,寨,1
1228,奏,2148,拳,1
1228,奏,2246,揍,1
1228,奏,4438,素,1
1228,奏,5805,赉,1
1229,契,2159,挈,1
1229,契,3597,獒,1
1230,奔,1212,夯,1
1230,奔,1731,弄,1
1230,奔,1732,弇,1
1230,奔,1733,弈,1
1230,奔,4409,粪,1
1230,奔,5961,轩,1
1230,奔,7167,齑,1
1231,奕,1217,夹,1
1231,奕,1733,弈,1
1231,奕,2663,栾,1
1231,奕,4234,突,1
1232,奖,3597,獒,1
1236,奠,4626,美,1
1236,奠,5099,莫,1
1236,奠,5125,菟,1
1237,奢,1171,墙,1
1237,奢,1233,套,1
1237,奢,1632,希,1
1237,奢,3484,爹,1
1237,奢,4390,籍,1
1238,奥,1448,寞,1
1238,奥,3020,泉,1
1238,奥,3326,澳,1
1238,奥,3365,炅,1
1238,奥,4234,突,1
1239,奭,2459,昶,1
1240,女,57,乒,1
1240,女,1513,屯,1
1240,女,1723,廷,1
1240,女,1726,廿,1
1240,女,2014,戈,1
1241,奴,748,呶,1
1241,奴,1242,奶,1
1241,奴,1245,好,1
1241,奴,1247,如,1
1241,奴,2359,故,1
1241,奴,2842,欢,1
1242,奶,459,划,1
1242,奶,608,却,1
1242,奶,1245,好,1
1242,奶,1246,妁,1
1242,奶,1247,如,1
1242,奶,1248,妃,1
1242,奶,1264,妨,1
1243,奸,1245,好,1
1243,奸,1246,妁,1
1243,奸,1253,妊,1
1243,奸,1258,妗,1
1243,奸,1262,妤,1
1243,奸,5648,诚,1
1243,奸,5958,车,1
1244,她,1266,妪,1
1244,她,2963,池,1
1244,她,7173,龅,1
1245,好,552,匆,1
1245,好,1030,圩,1
1245,好,1243,奸,1
1245,好,1246,妁,1
1245,好,1247,如,1
1245,好,1258,妗,1
1245,好,1278,姑,1
1245,好,2067,扫,1
1245,好,5840,赶,1
1246,妁,1319,婀,1
1247,如,759,和,1
1247,如,1246,妁,1
1247,如,1276,始,1
1247,如,1319,婀,1
1247,如,1377,孙,1
1247,如,1606,巛,1
1247,如,4881,臼,1
1247,如,6047,迦,1
1248,妃,1035,圯,1
1248,妃,1242,奶,1
1248,妃,1244,她,1
1248,妃,1268,妮,1
1249,妄,851,唼,1
1249,妄,1263,妥,1
1249,妄,1302,娈,1
1249,妄,1426,宫,1
1249,妄,1430,宴,1
1249,妄,1821,忘,1
1249,妄,3607,玉,1
1249,妄,5083,荽,1
1250,妆,358,兆,1
1250,妆,394,册,1
1250,妆,1827,忧,1
1250,妆,1901,恼,1
1250,妆,2078,找,1
1250,妆,3052,泼,1
1250,妆,6718,顺,1
1251,妇,1260,妞,1
1251,妇,3534,狂,1
1251,妇,3890,白,1
1251,妇,4897,舟,1
1252,妈,1242,奶,1
1252,妈,1245,好,1
1252,妈,1251,妇,1
1252,妈,1319,婀,1
1252,妈,1357,嫣,1
1252,妈,3531,犸,1
1252,妈,3615,玛,1
1252,妈,7073,鹎,1
1253,妊,1248,妃,1
1253,妊,1258,妗,1
1253,妊,1265,妩,1
1253,妊,1276,始,1
1253,妊,5869,跖,1
1254,妍,1243,奸,1
1255,妒,1242,奶,1
1255,妒,2453,昨,1
1255,妒,2574,杵,1
1255,妒,3366,炉,1
1255,妒,5971,轳,1
1255,妒,6174,郯,1
1255,妒,6839,驴,1
1256,妓,1252,妈,1
1256,妓,1288,姣,1
1256,妓,2359,故,1
1256,妓,2364,救,1
1256,妓,2558,杖,1
1256,妓,2591,枝,1
1257,妖,385,养,1
1257,妖,1052,块,1
1257,妖,1288,姣,1
1257,妖,1314,娱,1
1257,妖,3693,瑶,1
1258,妗,1267,妫,1
1258,妗,1276,始,1
1259,妙,553,匈,1
1259,妙,1242,奶,1
1259,妙,1246,妁,1
1259,妙,1252,妈,1
1259,妙,1279,姒,1
1259,妙,3543,狗,1
1259,妙,4028,砂,1
1260,妞,1304,娌,1
1261,妣,1258,妗,1
1261,妣,1284,姚,1
1261,妣,7175,龇,1
1262,妤,1255,妒,1
1262,妤,1333,婷,1
1262,妤,1556,峥,1
1263,妥,1273,妾,1
1263,妥,1285,姜,1
1263,妥,1334,婺,1
1263,妥,1404,安,1
1263,妥,1413,定,1
1263,妥,4675,耍,1
1263,妥,4930,色,1
1263,妥,5186,蒌,1
1263,妥,6052,迭,1
1263,妥,6226,酽,1
1264,妨,1045,坊,1
1264,妨,1258,妗,1
1264,妨,1276,始,1
1264,妨,1313,娩,1
1264,妨,1333,婷,1
1266,妪,1291,姬,1
1266,妪,3165,淝,1
1266,妪,6079,逛,1
1267,妫,1278,姑,1
1267,妫,1315,娲,1
1268,妮,1314,娱,1
1268,妮,3037,泥,1
1268,妮,4410,粮,1
1270,妲,1251,妇,1
1271,妹,1325,婞,1
1271,妹,1332,婶,1
1271,妹,1336,媒,1
1271,妹,3552,狭,1
1272,妻,421,凄,1
1273,妾,106,亳,1
1273,妾,1263,妥,1
1273,妾,1302,娈,1
1273,妾,2227,接,1
1274,姆,1070,坶,1
1274,姆,1260,妞,1
1274,姆,1277,姐,1
1274,姆,1280,姓,1
1274,姆,1282,姗,1
1274,姆,1345,嫁,1
1274,姆,3390,烀,1
1275,姊,1333,婷,1
1275,姊,1336,媒,1
1275,姊,1359,嫩,1
1275,姊,4193,秭,1
1276,始,1278,姑,1
1276,始,1315,娲,1
1276,始,1318,娼,1
1276,始,1319,婀,1
1276,始,2872,殆,1
1276,始,3739,甜,1
1276,始,4263,站,1
1276,始,5862,跆,1
1277,姐,1062,坦,1
1277,姐,1260,妞,1
1277,姐,1274,姆,1
1277,姐,2792,槌,1
1277,姐,3544,狙,1
1277,姐,3814,疽,1
1277,姐,4400,粗,1
1277,姐,4488,组,1
1277,姐,4772,胡,1
1277,姐,5843,趄,1
1277,姐,6840,驵,1
1278,姑,1245,好,1
1278,姑,1264,妨,1
1278,姑,2699,梏,1
1278,姑,3613,玙,1
1278,姑,4196,秸,1
1278,姑,5969,轱,1
1279,姒,1259,妙,1
1279,姒,1261,妣,1
1280,姓,1064,坩,1
1280,姓,1252,妈,1
1280,姓,1256,妓,1
1280,姓,1276,始,1
1280,姓,1277,姐,1
1280,姓,1286,姝,1
1280,姓,1299,娅,1
1280,姓,1300,娆,1
1280,姓,1304,娌,1
1280,姓,3508,牲,1
1280,姓,3549,狨,1
1280,姓,3924,盘,1
1280,姓,5318,蚝,1
1281,委,1227,奎,1
1281,委,1298,娄,1
1281,委,1302,娈,1
1281,委,4360,篓,1
1282,姗,1316,娴,1
1283,姘,1309,娟,1
1283,姘,6803,饼,1
1284,姚,3646,珧,1
1285,姜,3630,玺,1
1285,姜,3770,畜,1
1285,姜,4626,美,1
1285,姜,4627,羑,1
1285,姜,5083,荽,1
1285,姜,5142,萋,1
1286,姝,1271,妹,1
1286,姝,2875,殊,1
1287,姞,1297,娃,1
1289,姥,90,些,1
1289,姥,1284,姚,1
1289,姥,1287,姞,1
1289,姥,1300,娆,1
1289,姥,1313,娩,1
1289,姥,1322,婊,1
1289,姥,1344,媾,1
1290,姨,597,卣,1
1290,姨,1307,娘,1
1290,姨,1322,婊,1
1290,姨,1346,嫂,1
1291,姬,1248,妃,1
1291,姬,1268,妮,1
1291,姬,1310,娠,1
1291,姬,1329,婳,1
1291,姬,1349,嫒,1
1291,姬,4066,硒,1
1291,姬,5844,超,1
1291,姬,7177,龉,1
1292,姹,1086,垞,1
1292,姹,2110,抿,1
1293,姻,1282,姗,1
1293,姻,2187,捆,1
1293,姻,3401,烟,1
1293,姻,6546,阔,1
1294,姽,1268,妮,1
1295,姿,1249,妄,1
1295,姿,1320,婆,1
1295,姿,1330,婴,1
1295,姿,1386,孥,1
1295,姿,3923,盗,1
1295,姿,4302,笼,1
1296,威,2021,成,1
1296,威,2033,戤,1
1296,威,5176,葳,1
1297,娃,1131,堆,1
1297,娃,1278,姑,1
1297,娃,1323,婕,1
1297,娃,1361,嫫,1
1297,娃,5346,蛙,1
1298,娄,1281,委,1
1298,娄,1285,姜,1
1298,娄,1328,婪,1
1298,娄,2898,毒,1
1298,娄,3168,淡,1
1298,娄,3227,溇,1
1298,娄,4988,苓,1
1298,娄,5830,赤,1
1299,娅,1097,垭,1
1299,娅,1247,如,1
1300,娆,1297,娃,1
1300,娆,5356,蛲,1
1301,娇,1283,姘,1
1301,娇,1312,娥,1
1301,娇,4015,矫,1
1301,娇,4956,芥,1
1302,娈,1281,委,1
1304,娌,1107,埋,1
1304,娌,1154,塑,1
1304,娌,1306,娓,1
1304,娌,1339,媪,1
1304,娌,3561,狸,1
1305,娑,4233,窀,1
1306,娓,1268,妮,1
1307,娘,1294,姽,1
1307,娘,1313,娩,1
1307,娘,1322,婊,1
1307,娘,2353,收,1
1307,娘,3784,疏,1
1307,娘,6228,酿,1
1308,娜,614,卿,1
1308,娜,2177,挪,1
1308,娜,5411,螂,1
1308,娜,5907,踯,1
1309,娟,1116,埚,1
1309,娟,1291,姬,1
1309,娟,1319,婀,1
1309,娟,3560,狷,1
1309,娟,5370,蜎,1
1310,娠,1329,婳,1
1310,娠,1357,嫣,1
1310,娠,3413,烺,1
1310,娠,5687,谂,1
1310,娠,7077,鹕,1
1310,娠,7176,龈,1
1311,娣,1275,姊,1
1312,娥,1282,姗,1
1312,娥,1284,姚,1
1312,娥,1369,孀,1
1312,娥,2022,我,1
1312,娥,3582,猩,1
1312,娥,4072,硪,1
1312,娥,5361,蛾,1
1313,娩,369,兢,1
1313,娩,1265,妩,1
1313,娩,1294,姽,1
1313,娩,1340,媲,1
1313,娩,1349,嫒,1
1313,娩,2899,毓,1
1313,娩,5373,蜕,1
1314,娱,1115,埙,1
1314,娱,1150,塄,1
1314,娱,1336,媒,1
1314,娱,1347,嫉,1
1314,娱,1348,嫌,1
1314,娱,1361,嫫,1
1317,娶,1059,坠,1
1317,娶,1302,娈,1
1317,娶,1943,惠,1
1317,娶,5768,贤,1
1317,娶,6849,驾,1
1318,娼,1339,媪,1
1318,娼,3573,猖,1
1319,婀,4914,舸,1
1320,婆,1582,崾,1
1321,婉,1103,垸,1
1321,婉,1288,姣,1
1321,婉,1292,姹,1
1321,婉,1414,宛,1
1321,婉,1554,峣,1
1322,婊,1362,嫱,1
1322,婊,2168,挟,1
1324,婚,1335,婿,1
1324,婚,2490,暂,1
1325,婞,1331,婵,1
1325,婞,1354,嫜,1
1326,婢,1120,埤,1
1327,婧,2485,晴,1
1328,婪,2734,棼,1
1328,婪,2755,楚,1
1328,婪,5991,辇,1
1329,婳,1129,堀,1
1329,婳,3477,爬,1
1330,婴,1364,嬖,1
1330,婴,4006,矍,1
1330,婴,4520,绥,1
1330,婴,6849,驾,1
1331,婵,1351,嫖,1
1331,婵,5393,蝉,1
1332,婶,1331,婵,1
1332,婶,2328,撺,1
1332,婶,3511,牺,1
1332,婶,5943,蹿,1
1333,婷,1262,妤,1
1333,婷,1264,妨,1
1334,婺,3597,獒,1
1335,婿,1318,娼,1
1335,婿,1343,媸,1
1335,婿,1357,嫣,1
1335,婿,4421,糈,1
1335,婿,4555,缉,1
1335,婿,6454,镅,1
1336,媒,1141,堞,1
1336,媒,2259,揲,1
1336,媒,5914,蹀,1
1337,媚,1268,妮,1
1337,媚,1362,嫱,1
1338,媛,2261,援,1
1338,媛,2335,擐,1
1339,媪,1318,娼,1
1340,媲,1313,娩,1
1341,媳,1160,塬,1
1341,媳,1266,妪,1
1341,媳,1329,婳,1
1341,媳,1954,想,1
1341,媳,4544,绾,1
1341,媳,5891,跽,1
1341,媳,6932,魏,1
1342,媵,909,喽,1
1342,媵,3259,滕,1
1342,媵,4830,腠,1
1345,嫁,1286,姝,1
1345,嫁,1314,娱,1
1345,嫁,1323,婕,1
1346,嫂,1115,埙,1
1346,嫂,1341,媳,1
1346,嫂,4224,穗,1
1346,嫂,5415,螋,1
1347,嫉,1142,堠,1
1347,嫉,1290,姨,1
1347,嫉,1348,嫌,1
1347,嫉,1359,嫩,1
1348,嫌,1304,娌,1
1348,嫌,5446,蠊,1
1349,嫒,1105,埃,1
1349,嫒,1563,峻,1
1350,嫔,1332,婶,1
1350,嫔,4579,缤,1
1351,嫖,5428,螵,1
1352,嫘,1303,娉,1
1352,嫘,3290,漯,1
1353,嫚,1349,嫒,1
1354,嫜,1562,峰,1
1354,嫜,1598,嶂,1
1355,嫠,7149,鼗,1
1356,嫡,1318,娼,1
1356,嫡,1327,婧,1
1356,嫡,1333,婷,1
1356,嫡,5395,蝎,1
1358,嫦,880,啼,1
1358,嫦,1311,娣,1
1359,嫩,3334,濑,1
1359,嫩,3601,獭,1
1360,嫪,5727,谬,1
1361,嫫,3595,獏,1
1362,嫱,1171,墙,1
1363,嬉,1325,婞,1
1363,嬉,6005,辕,1
1364,嬖,2834,檗,1
1370,子,11,与,1
1370,子,1372,孓,1
1370,子,5651,话,1
1370,子,6771,飞,1
1371,孑,76,予,1
1371,孑,449,刁,1
1373,孔,73,乳,1
1373,孔,559,北,1
1373,孔,2434,旻,1
1373,孔,3638,珏,1
1373,孔,5959,轧,1
1374,孕,625,厚,1
1374,孕,1470,尕,1
1374,孕,1484,尹,1
1374,孕,1933,惇,1
1374,孕,3643,珠,1
1374,孕,4274,竽,1
1375,字,98,产,1
1375,字,1379,孛,1
1375,字,1411,官,1
1375,字,1469,尔,1
1376,存,126,仑,1
1376,存,671,右,1
1376,存,1381,孝,1
1376,存,5009,苻,1
1377,孙,455,刊,1
1377,孙,1373,孔,1
1378,孚,1386,孥,1
1378,孚,5097,莩,1
1379,孛,3109,浡,1
1380,孜,1388,孩,1
1380,孜,2355,改,1
1380,孜,2362,敌,1
1380,孜,2365,敕,1
1380,孜,2887,殴,1
1380,孜,4025,矿,1
1380,孜,6833,驭,1
1380,孜,6838,驳,1
1381,孝,821,哮,1
1381,孝,1379,孛,1
1381,孝,2148,拳,1
1381,孝,4672,耆,1
1381,孝,5054,荐,1
1381,孝,5080,荸,1
1381,孝,5148,萘,1
1381,孝,5153,萦,1
1381,孝,5228,蔡,1
1382,孟,857,商,1
1382,孟,1813,忌,1
1382,孟,3358,灵,1
1382,孟,3911,盆,1
1382,孟,3913,盉,1
1382,孟,3914,益,1
1382,孟,6193,酉,1
1384,季,1378,孚,1
1384,季,1733,弈,1
1384,季,2482,景,1
1384,季,2594,枣,1
1385,孤,1072,坻,1
1385,孤,1377,孙,1
1385,孤,1901,恼,1
1385,孤,5131,菰,1
1385,孤,6859,骊,1
1386,孥,1748,弩,1
1387,学,650,受,1
1387,学,1130,堂,1
1387,学,1374,孕,1
1387,学,1375,字,1
1387,学,2164,挚,1
1387,学,2217,掌,1
1387,学,3175,淳,1
1388,孩,1313,娩,1
1388,孩,2659,核,1
1388,孩,3562,狺,1
1388,孩,6864,骏,1
1389,孪,1378,孚,1
1389,孪,1386,孥,1
1389,孪,1393,孳,1
1389,孪,7032,鸢,1
1390,孬,4107,磊,1
1391,孰,2373,敦,1
1391,孰,4462,纨,1
1391,孰,6015,辣,1
1394,孵,7062,鹂,1
1395,孺,350,儒,1
1395,孺,2322,播,1
1395,孺,3338,濡,1
1395,孺,5548,襦,1
1396,孽,1393,孳,1
1396,孽,2338,擘,1
1396,孽,4449,繄,1
1396,孽,7150,鼙,1
1398,宁,58,乓,1
1398,宁,82,亏,1
1398,宁,99,亨,1
1398,宁,103,亭,1
1398,宁,391,内,1
1398,宁,1375,字,1
1398,宁,1402,宇,1
1398,宁,1410,宗,1
1398,宁,1518,岁,1
1398,宁,3032,泞,1
1399,它,126,仑,1
1399,它,1401,宅,1
1399,它,1404,安,1
1399,它,1472,尘,1
1399,它,1886,恧,1
1399,它,5609,记,1
1399,它,5641,诓,1
1400,宄,1418,宠,1
1400,宄,4233,窀,1
1400,宄,5289,虎,1
1401,宅,363,兑,1
1401,宅,1399,它,1
1401,宅,1408,宓,1
1401,宅,1416,宝,1
1401,宅,1436,宾,1
1401,宅,1680,庇,1
1401,宅,2560,杞,1
1401,宅,5291,虐,1
1401,宅,6780,饣,1
1402,宇,82,亏,1
1402,宇,1379,孛,1
1402,宇,1386,孥,1
1402,宇,3502,牢,1
1403,守,1759,当,1
1403,守,4392,籴,1
1404,安,584,卑,1
1404,安,1249,妄,1
1404,安,1416,宝,1
1404,安,1430,宴,1
1404,安,1518,岁,1
1404,安,2359,故,1
1404,安,3753,电,1
1404,安,4229,穸,1
1405,宋,2616,染,1
1405,宋,3362,灾,1
1405,宋,4127,示,1
1405,宋,4700,耸,1
1406,完,104,亮,1
1406,完,362,免,1
1406,完,363,兑,1
1406,完,1400,宄,1
1406,完,1402,宇,1
1406,完,1416,宝,1
1406,完,3724,瓮,1
1407,宏,364,兔,1
1407,宏,1410,宗,1
1407,宏,1434,容,1
1407,宏,1576,崧,1
1407,宏,1768,彦,1
1407,宏,3605,玄,1
1407,宏,4240,窍,1
1407,宏,5297,虫,1
1409,宕,1407,宏,1
1409,宕,5027,茗,1
1410,宗,102,京,1
1410,宗,105,亲,1
1410,宗,1402,宇,1
1410,宗,1405,宋,1
1410,宗,1430,宴,1
1410,宗,1432,家,1
1410,宗,1567,崇,1
1410,宗,2482,景,1
1410,宗,2671,案,1
1410,宗,2723,棠,1
1410,宗,3020,泉,1
1410,宗,3164,淙,1
1410,宗,4241,窑,1
1410,宗,4440,紧,1
1411,官,1409,宕,1
1411,官,1415,宜,1
1411,官,1424,宦,1
1411,官,1433,宸,1
1411,官,1435,宽,1
1411,官,4244,窖,1
1411,官,4246,窘,1
1411,官,5581,言,1
1411,官,5855,趸,1
1412,宙,100,亩,1
1412,宙,1046,坌,1
1412,宙,3793,疟,1
1412,宙,4245,窗,1
1413,定,1432,家,1
1413,定,1436,宾,1
1413,定,1440,寅,1
1413,定,2922,气,1
1413,定,3047,泶,1
1413,定,4231,空,1
1413,定,4928,良,1
1413,定,5000,苤,1
1413,定,5852,足,1
1413,定,5855,趸,1
1413,定,5875,跟,1
1413,定,6586,陡,1
1414,宛,1602,嶷,1
1414,宛,2403,施,1
1414,宛,3362,灾,1
1414,宛,4243,窕,1
1414,宛,4986,苑,1
1414,宛,6719,须,1
1415,宜,2986,沏,1
1415,宜,3933,直,1
1415,宜,5006,苴,1
1416,宝,1399,它,1
1416,宝,1404,安,1
1416,宝,1406,完,1
1416,宝,1407,宏,1
1416,宝,1421,宣,1
1416,宝,1424,宦,1
1416,宝,1432,家,1
1416,宝,7168,齿,1
1417,实,406,冥,1
1417,实,1211,央,1
1417,实,1221,奂,1
1417,实,1238,奥,1
1417,实,1685,庑,1
1418,宠,1407,宏,1
1418,宠,1433,宸,1
1418,宠,1434,容,1
1418,宠,1694,庞,1
1418,宠,4302,笼,1
1418,宠,5022,茏,1
1418,宠,5292,虑,1
1419,审,1408,宓,1
1419,审,1417,实,1
1419,审,3502,牢,1
1419,审,3751,甲,1
1420,客,977,器,1
1420,客,1375,字,1
1420,客,1450,寡,1
1420,客,2456,昱,1
1420,客,3982,睿,1
1420,客,4049,砮,1
1420,客,4236,窄,1
1420,客,4240,窍,1
1420,客,5738,谷,1
1421,宣,1411,官,1
1421,宣,1416,宝,1
1421,宣,1424,宦,1
1421,宣,3933,直,1
1421,宣,4231,空,1
1421,宣,4237,窅,1
1421,宣,4245,窗,1
1421,宣,5157,萱,1
1421,宣,6935,鱼,1
1422,室,953,嘡,1
1422,室,1424,宦,1
1422,室,1430,宴,1
1422,室,1443,富,1
1422,室,3605,玄,1
1422,室,4233,窀,1
1422,室,4238,窆,1
1422,室,4268,童,1
1423,宥,1437,宿,1
1423,宥,4237,窅,1
1424,宦,1411,官,1
1424,宦,5031,茝,1
1425,宪,363,兑,1
1425,宪,1435,宽,1
1425,宪,4234,突,1
1425,宪,4304,筅,1
1426,宫,3605,玄,1
1426,宫,4230,穹,1
1426,宫,4240,窍,1
1426,宫,4288,笞,1
1426,宫,5581,言,1
1428,宰,1671,幸,1
1428,宰,2155,拿,1
1428,宰,3257,滓,1
1428,宰,3502,牢,1
1428,宰,3981,睾,1
1428,宰,5090,莘,1
1429,害,1420,客,1
1429,害,1422,室,1
1429,害,4246,窘,1
1429,害,4618,署,1
1429,害,6710,音,1
1430,宴,4233,窀,1
1430,宴,4376,簉,1
1431,宵,1412,宙,1
1431,宵,1423,宥,1
1431,宵,1439,寄,1
1431,宵,4245,窗,1
1431,宵,4247,窜,1
1431,宵,4727,肓,1
1431,宵,4804,脔,1
1431,宵,5029,茛,1
1431,宵,6644,霄,1
1432,家,404,冢,1
1432,家,3020,泉,1
1432,家,5746,象,1
1433,宸,2895,母,1
1434,容,626,厝,1
1434,容,775,咨,1
1434,容,789,哀,1
1434,容,1409,宕,1
1434,容,1429,害,1
1434,容,1452,寥,1
1434,容,4228,穷,1
1434,容,5129,菩,1
1434,容,5581,言,1
1434,容,5590,謇,1
1435,宽,606,危,1
1435,宽,612,卺,1
1435,宽,1406,完,1
1435,宽,1424,宦,1
1435,宽,1448,寞,1
1435,宽,1454,寮,1
1435,宽,3362,灾,1
1435,宽,4227,究,1
1436,宾,96,亥,1
1436,宾,406,冥,1
1436,宾,1221,奂,1
1436,宾,1425,宪,1
1436,宾,1624,巽,1
1436,宾,3271,滨,1
1436,宾,3360,灸,1
1436,宾,3362,灾,1
1436,宾,4238,窆,1
1437,宿,1431,宵,1
1437,宿,1690,店,1
1437,宿,4237,窅,1
1437,宿,5221,蓿,1
1438,寂,652,叙,1
1438,寂,3845,痿,1
1439,寄,401,军,1
1439,寄,640,参,1
1439,寄,1223,奇,1
1439,寄,2381,斋,1
1439,寄,3982,睿,1
1439,寄,4237,窅,1
1439,寄,6877,骞,1
1440,寅,1406,完,1
1440,寅,1424,宦,1
1440,寅,1446,寓,1
1440,寅,1448,寞,1
1440,寅,1450,寡,1
1440,寅,3282,演,1
1440,寅,5199,蒽,1
1440,寅,5307,虿,1
1441,密,994,嚯,1
1441,密,1408,宓,1
1441,密,4579,缤,1
1442,寇,37,丶,1
1442,寇,434,凫,1
1442,寇,4249,窟,1
1443,富,1424,宦,1
1443,富,1652,常,1
1443,富,3770,畜,1
1443,富,4173,禽,1
1443,富,4248,窝,1
1443,富,4250,窠,1
1443,富,4617,罱,1
1443,富,6952,鲎,1
1444,寐,1451,寤,1
1444,寐,5955,躲,1
1445,寒,1157,塞,1
1445,寒,1429,害,1
1445,寒,1432,家,1
1445,寒,5590,謇,1
1445,寒,5821,赛,1
1445,寒,6638,零,1
1446,寓,1429,害,1
1446,寓,1437,宿,1
1446,寓,1438,寂,1
1446,寓,1443,富,1
1446,寓,4228,穷,1
1446,寓,4235,窃,1
1446,寓,6902,高,1
1447,寝,6006,辖,1
1447,寝,6645,霆,1
1448,寞,997,囊,1
1448,寞,2937,氪,1
1448,寞,4253,窦,1
1449,察,1386,孥,1
1449,察,4242,窒,1
1449,察,4258,窸,1
1449,察,4847,膂,1
1449,察,5228,蔡,1
1450,寡,4172,离,1
1450,寡,4364,篡,1
1450,寡,5590,謇,1
1451,寤,661,叩,1
1452,寥,1449,察,1
1452,寥,1716,廖,1
1452,寥,3675,琴,1
1452,寥,5220,蓼,1
1453,寨,1157,塞,1
1453,寨,1454,寮,1
1453,寨,2671,案,1
1453,寨,4442,累,1
1453,寨,5201,蓁,1
1453,寨,5821,赛,1
1453,寨,6044,迢,1
1454,寮,1407,宏,1
1456,寸,2052,手,1
1456,寸,2054,才,1
1457,对,5602,讨,1
1457,对,6125,邓,1
1458,寺,1374,孕,1
1458,寺,1459,寻,1
1458,寺,1759,当,1
1458,寺,4718,聿,1
1458,寺,4942,芋,1
1459,寻,1760,录,1
1459,寻,2482,景,1
1459,寻,5958,车,1
1459,寻,6835,驯,1
1460,导,2449,星,1
1460,导,2543,朵,1
1460,导,4942,芋,1
1460,导,6020,辱,1
1461,寿,22,东,1
1461,寿,1218,夺,1
1461,寿,1225,奉,1
1461,寿,2898,毒,1
1461,寿,5186,蒌,1
1461,寿,6663,青,1
1462,封,7127,默,1
1463,射,2031,戡,1
1463,射,5754,豺,1
1463,射,5955,躲,1
1464,将,2174,挥,1
1464,将,2203,捭,1
1464,将,2661,格,1
1464,将,2692,桴,1
1464,将,2735,椁,1
1464,将,3089,浆,1
1464,将,3132,涛,1
1464,将,4761,背,1
1465,尉,403,冠,1
1465,尉,5226,蔚,1
1465,尉,6562,阳,1
1465,尉,7141,黼,1
1466,尊,1334,婺,1
1466,尊,2165,挛,1
1466,尊,2723,棠,1
1466,尊,4151,票,1
1466,尊,4160,禀,1
1466,尊,5071,荨,1
1466,尊,5254,薄,1
1467,小,87,井,1
1467,小,593,卟,1
1467,小,1371,孑,1
1467,小,2053,扌,1
1467,小,2942,水,1
1467,小,3354,灬,1
1468,少,1625,巾,1
1468,少,2991,沙,1
1469,尔,160,伏,1
1469,尔,1374,孕,1
1469,尔,1484,尹,1
1469,尔,5762,贝,1
1470,尕,1374,孕,1
1471,尖,820,哭,1
1471,尖,1209,夬,1
1471,尖,4234,突,1
1471,尖,4950,芙,1
1472,尘,41,主,1
1472,尘,1074,垂,1
1472,尘,1616,巫,1
1472,尘,2541,朱,1
1472,尘,4286,笙,1
1472,尘,4391,米,1
1472,尘,4945,芏,1
1473,尚,284,倘,1
1473,尚,857,商,1
1473,尚,1534,岣,1
1473,尚,3123,消,1
1473,尚,3124,涉,1
1473,尚,4745,肯,1
1473,尚,4996,苟,1
1473,尚,5046,茼,1
1473,尚,5338,蛊,1
1473,尚,5634,诌,1
1473,尚,6541,阎,1
1474,尜,1823,忝,1
1475,尝,367,党,1
1475,尝,1548,峃,1
1475,尝,3189,渗,1
1475,尝,4029,砉,1
1475,尝,4095,碧,1
1475,尝,4236,窄,1
1475,尝,5587,誉,1
1476,尢,354,允,1
1476,尢,711,吭,1
1476,尢,1034,圮,1
1476,尢,1612,左,1
1476,尢,6503,长,1
1477,尤,354,允,1
1477,尤,1075,垃,1
1477,尤,2014,戈,1
1477,尤,4177,秃,1
1479,尧,356,兄,1
1479,尧,361,克,1
1479,尧,363,兑,1
1479,尧,4952,芝,1
1479,尧,4961,芫,1
1480,尬,1135,堌,1
1481,就,1214,头,1
1481,就,1747,弧,1
1481,就,3532,犹,1
1483,尸,31,丫,1
1483,尸,451,刃,1
1483,尸,1206,天,1
1483,尸,1209,夬,1
1483,尸,2040,户,1
1483,尸,3751,甲,1
1484,尹,13,丑,1
1484,尹,1483,尸,1
1484,尹,4315,筘,1
1485,尺,2352,攵,1
1485,尺,2920,民,1
1485,尺,4927,艮,1
1485,尺,5629,识,1
1485,尺,5762,贝,1
1486,尻,2042,戾,1
1487,尼,689,后,1
1487,尼,698,君,1
1487,尼,1489,尾,1
1487,尼,1677,庀,1
1487,尼,1813,忌,1
1487,尼,2920,民,1
1487,尼,2974,汹,1
1487,尼,4668,老,1
1487,尼,5873,距,1
1488,尽,639,叁,1
1488,尽,5738,谷,1
1489,尾,397,冕,1
1489,尾,1486,尻,1
1489,尾,2920,民,1
1489,尾,3314,潼,1
1489,尾,4284,笔,1
1489,尾,4286,笙,1
1489,尾,5102,莲,1
1490,尿,1347,嫉,1
1490,尿,1500,屎,1
1490,尿,1509,屣,1
1490,尿,1641,帚,1
1490,尿,2438,昆,1
1490,尿,2944,永,1
1491,局,692,向,1
1491,局,1495,居,1
1491,局,2046,扃,1
1491,局,3942,眉,1
1491,局,4551,缅,1
1491,局,6579,陌,1
1491,局,6663,青,1
1492,屁,740,呢,1
1492,屁,1490,尿,1
1492,屁,1496,屈,1
1492,屁,1680,庇,1
1492,屁,2438,昆,1
1493,层,166,会,1
1493,层,1406,完,1
1493,层,1504,展,1
1493,层,5339,蛋,1
1495,居,830,唇,1
1495,居,1281,委,1
1495,居,1488,尽,1
1495,居,1493,层,1
1495,居,1496,屈,1
1495,居,1503,屑,1
1495,居,1507,屠,1
1496,屈,283,倔,1
1496,屈,567,匦,1
1496,屈,1493,层,1
1496,屈,1497,屉,1
1496,屈,1500,屎,1
1496,屈,1504,展,1
1496,屈,2449,星,1
1496,屈,3757,画,1
1497,屉,1487,尼,1
1498,届,396,冒,1
1498,届,1495,居,1
1498,届,1496,屈,1
1498,届,1497,屉,1
1498,届,1503,屑,1
1499,屋,1084,垕,1
1499,屋,1092,垤,1
1499,屋,1093,垦,1
1499,屋,1170,墓,1
1499,屋,1190,壹,1
1499,屋,1489,尾,1
1499,屋,2449,星,1
1499,屋,6090,逵,1
1500,屎,574,匿,1
1500,屎,1489,尾,1
1500,屎,2617,柔,1
1500,屎,3514,犀,1
1500,屎,4193,秭,1
1500,屎,5295,虞,1
1501,屏,1489,尾,1
1501,屏,1500,屎,1
1501,屏,1702,庳,1
1501,屏,1729,异,1
1501,屏,3514,犀,1
1501,屏,4641,羼,1
1501,屏,6918,鬲,1
1503,屑,252,俏,1
1503,屑,1702,庳,1
1503,屑,1967,愔,1
1503,屑,2457,昴,1
1503,屑,3258,滔,1
1503,屑,3465,燏,1
1504,展,572,医,1
1504,展,1511,屦,1
1504,展,3229,溏,1
1506,属,1392,孱,1
1506,属,1507,屠,1
1506,属,3280,漏,1
1506,属,3281,漓,1
1506,属,6672,靥,1
1507,屠,1237,奢,1
1507,屠,1503,屑,1
1507,屠,1984,慝,1
1507,屠,3450,熔,1
1507,屠,4622,罾,1
1507,屠,4862,膺,1
1507,屠,5484,袅,1
1508,屡,1511,屦,1
1508,屡,4641,羼,1
1508,屡,5224,蔓,1
1508,屡,6270,鏖,1
1509,屣,1510,履,1
1510,履,1392,孱,1
1510,履,1701,庭,1
1510,履,2890,殿,1
1510,履,5553,覆,1
1510,履,6272,鑫,1
1511,屦,1509,屣,1
1512,屮,3015,沾,1
1513,屯,707,吨,1
1514,山,439,凵,1
1514,山,1512,屮,1
1514,山,2860,此,1
1514,山,5853,趴,1
1515,屹,1566,崆,1
1515,屹,1919,悦,1
1516,屺,1564,崂,1
1517,屿,227,侍,1
1517,屿,1572,崞,1
1517,屿,1587,嵎,1
1517,屿,7074,鹏,1
1518,岁,68,乡,1
1518,岁,98,产,1
1518,岁,647,发,1
1518,岁,668,台,1
1518,岁,1200,多,1
1518,岁,1468,少,1
1518,岁,1521,岌,1
1518,岁,1545,岿,1
1518,岁,2902,毖,1
1518,岁,3379,炭,1
1518,岁,4229,穸,1
1518,岁,4607,罗,1
1519,岂,1399,它,1
1519,岂,3389,炽,1
1519,岂,4284,笔,1
1521,岌,3379,炭,1
1521,岌,3487,爿,1
1521,岌,7149,鼗,1
1523,岐,2863,歧,1
1524,岑,43,举,1
1524,岑,1573,崟,1
1524,岑,4629,羚,1
1524,岑,4959,芩,1
1525,岔,1850,怒,1
1525,岔,1858,怠,1
1525,岔,6095,逾,1
1526,岖,1528,岘,1
1526,岖,1542,岷,1
1526,岖,1547,峂,1
1526,岖,1571,崛,1
1526,岖,1851,怔,1
1527,岗,859,啊,1
1527,岗,1473,尚,1
1527,岗,1545,岿,1
1527,岗,1579,崮,1
1527,岗,2861,步,1
1527,岗,3128,涓,1
1527,岗,3894,皆,1
1527,岗,4312,筒,1
1529,岙,1823,忝,1
1529,岙,5316,蚕,1
1530,岚,1527,岗,1
1530,岚,5796,赀,1
1531,岛,1390,孬,1
1531,岛,3911,盆,1
1534,岣,1536,岫,1
1535,岩,379,兴,1
1535,岩,5054,荐,1
1537,岬,57,乒,1
1538,岭,741,呤,1
1538,岭,1547,峂,1
1538,岭,1563,峻,1
1538,岭,1566,崆,1
1538,岭,1856,怜,1
1538,岭,5337,蛉,1
1539,岱,249,俅,1
1539,岱,2028,戚,1
1540,岳,380,兵,1
1540,岳,722,吾,1
1540,岳,1525,岔,1
1540,岳,1529,岙,1
1540,岳,1548,峃,1
1540,岳,2864,歪,1
1540,岳,4597,缶,1
1540,岳,4883,舀,1
1540,岳,7168,齿,1
1541,岵,756,咄,1
1541,岵,765,咕,1
1541,岵,1638,帖,1
1542,岷,3949,眠,1
1543,岸,43,举,1
1543,岸,2898,毒,1
1543,岸,5051,荇,1
1543,岸,5139,萃,1
1544,岽,2616,染,1
1544,岽,4146,祟,1
1544,岽,5042,茶,1
1545,岿,1577,崩,1
1545,岿,3809,疴,1
1545,岿,5205,蓉,1
1547,峂,790,品,1
1548,峃,443,出,1
1549,峄,1332,婶,1
1549,峄,1562,峰,1
1549,峄,5639,译,1
1550,峋,1534,岣,1
1552,峙,1565,崃,1
1552,峙,1597,嵴,1
1552,峙,5410,蝾,1
1552,峙,5645,诗,1
1553,峡,1217,夹,1
1554,峣,804,哓,1
1556,峥,1572,崞,1
1557,峦,447,凿,1
1557,峦,1821,忘,1
1557,峦,1886,恧,1
1557,峦,1920,您,1
1558,峧,1288,姣,1
1558,峧,1528,岘,1
1558,峧,1563,峻,1
1558,峧,1566,崆,1
1558,峧,2353,收,1
1558,峧,3413,烺,1
1559,峨,815,哦,1
1559,峨,1599,嶓,1
1559,峨,3161,淑,1
1559,峨,5361,蛾,1
1560,峪,255,俗,1
1560,峪,1566,崆,1
1560,峪,1651,帷,1
1560,峪,1992,憋,1
1560,峪,3269,滥,1
1560,峪,3936,盼,1
1560,峪,5878,跨,1
1561,峭,850,唷,1
1561,峭,1552,峙,1
1561,峭,1585,嵋,1
1561,峭,1597,嵴,1
1561,峭,3460,熵,1
1561,峭,5359,蛸,1
1562,峰,1597,嵴,1
1562,峰,3414,烽,1
1562,峰,4498,绎,1
1563,峻,851,唼,1
1563,峻,970,噔,1
1563,峻,1517,屿,1
1563,峻,1560,峪,1
1563,峻,2472,晖,1
1565,崃,1553,峡,1
1566,崆,1538,岭,1
1567,崇,105,亲,1
1567,崇,1544,岽,1
1567,崇,1683,序,1
1567,崇,2217,掌,1
1567,崇,2723,棠,1
1567,崇,4250,窠,1
1567,崇,4307,筋,1
1567,崇,4339,箜,1
1567,崇,4341,管,1
1567,崇,4402,粜,1
1567,崇,4438,素,1
1567,崇,4441,紫,1
1567,崇,4446,綮,1
1567,崇,5066,荣,1
1567,崇,5197,蒹,1
1568,崎,1572,崞,1
1568,崎,3287,漪,1
1568,崎,5367,蜉,1
1569,崔,1570,崖,1
1569,崔,4310,筐,1
1569,崔,4341,管,1
1569,崔,4544,绾,1
1569,崔,6624,雇,1
1569,崔,6826,首,1
1570,崖,1521,岌,1
1570,崖,5147,萑,1
1573,崟,6257,金,1
1573,崟,6258,釜,1
1574,崤,1327,婧,1
1574,崤,1561,峭,1
1575,崦,885,喃,1
1577,崩,5143,萌,1
1577,崩,5405,蝴,1
1578,崭,1590,嵚,1
1578,崭,1602,嶷,1
1578,崭,4630,羝,1
1578,崭,5983,轿,1
1578,崭,6676,靴,1
1579,崮,5118,菌,1
1580,崴,4352,箴,1
1581,崽,1446,寓,1
1581,崽,1858,怠,1
1582,崾,1345,嫁,1
1582,崾,1589,嵘,1
1585,嵋,848,唱,1
1585,嵋,900,喟,1
1586,嵌,1603,巅,1
1586,嵌,3896,皈,1
1586,嵌,4378,簌,1
1586,嵌,5222,蔌,1
1587,嵎,4002,瞵,1
1590,嵚,1603,巅,1
1592,嵝,909,喽,1
1594,嵫,923,嗞,1
1594,嵫,948,嘘,1
1594,嵫,4424,糍,1
1597,嵴,1563,峻,1
1598,嶂,2472,晖,1
1598,嶂,5435,蟑,1
1598,嶂,6610,障,1
1601,嶝,3997,瞪,1
1602,嶷,6417,锝,1
1605,巍,1590,嵚,1
1605,巍,4252,窥,1
1607,川,352,儿,1
1607,川,450,刂,1
1607,川,663,叫,1
1607,川,665,叭,1
1607,川,666,叮,1
1607,川,1615,巩,1
1607,川,2420,旧,1
1607,川,3528,犴,1
1608,州,394,册,1
1608,州,454,刈,1
1608,州,1629,帅,1
1608,州,3369,炒,1
1608,州,3529,状,1
1608,州,4425,糕,1
1608,州,4679,耕,1
1608,州,5368,蜊,1
1609,巡,2977,沁,1
1610,巢,1466,尊,1
1610,巢,2723,棠,1
1610,巢,4250,窠,1
1610,巢,4281,笋,1
1610,巢,4347,箪,1
1611,工,92,亠,1
1611,工,561,匚,1
1611,工,598,卤,1
1611,工,602,卫,1
1611,工,1513,屯,1
1611,工,3608,王,1
1611,工,5594,讠,1
1612,左,89,亚,1
1612,左,134,仝,1
1612,左,657,古,1
1612,左,1029,在,1
1612,左,3430,然,1
1612,左,5020,茌,1
1612,左,5836,走,1
1613,巧,5637,诏,1
1614,巨,18,丘,1
1614,巨,566,匣,1
1614,巨,571,区,1
1614,巨,1399,它,1
1614,巨,4873,臣,1
1614,巨,5029,茛,1
1614,巨,6124,邑,1
1615,巩,1055,坜,1
1615,巩,2064,执,1
1615,巩,3031,泜,1
1615,巩,3893,的,1
1615,巩,4024,矾,1
1616,巫,24,丞,1
1616,巫,1557,峦,1
1616,巫,6635,雪,1
1617,差,3922,盖,1
1617,差,4631,羞,1
1617,差,5201,蓁,1
1618,巯,3656,琉,1
1619,己,48,乇,1
1619,己,1614,巨,1
1619,己,3608,王,1
1619,己,5594,讠,1
1620,已,48,乇,1
1621,巳,3782,疋,1
1622,巴,446,函,1
1622,巴,570,匹,1
1623,巷,4668,老,1
1623,巷,4999,苣,1
1623,巷,5164,著,1
1623,巷,5205,蓉,1
1625,巾,517,功,1
1625,巾,3752,申,1
1626,币,113,什,1
1626,币,176,伪,1
1626,币,470,利,1
1626,币,1627,市,1
1626,币,1642,帛,1
1626,币,6633,雨,1
1627,市,53,乍,1
1627,市,76,予,1
1627,市,1185,壬,1
1627,市,1691,庙,1
1627,市,2944,永,1
1627,市,4128,礻,1
1627,市,5468,衤,1
1628,布,753,命,1
1628,布,1029,在,1
1628,布,1626,币,1
1628,布,1627,市,1
1628,布,3108,浠,1
1628,布,5016,茆,1
1628,布,5028,茚,1
1628,布,6151,郁,1
1629,帅,1825,忡,1
1629,帅,1866,怫,1
1629,帅,3137,涡,1
1629,帅,3366,炉,1
1629,帅,3378,炬,1
1630,帆,1634,帐,1
1630,帆,3462,燃,1
1630,帆,5312,蚋,1
1630,帆,5341,蛏,1
1631,师,1839,怀,1
1631,师,1853,怖,1
1631,师,2976,汾,1
1631,师,4750,肺,1
1632,希,2381,斋,1
1632,希,2436,昂,1
1632,希,2927,氚,1
1632,希,3773,番,1
1632,希,4295,笫,1
1632,希,4975,芾,1
1632,希,6160,郑,1
1632,希,7185,龠,1
1633,帏,1640,帙,1
1634,帐,1647,帧,1
1634,帐,4755,胀,1
1635,帑,1639,帘,1
1635,帑,1650,帱,1
1636,帔,1635,帑,1
1636,帔,1659,幌,1
1636,帔,1832,忱,1
1636,帔,4803,脓,1
1637,帕,782,咱,1
1637,帕,1942,惟,1
1637,帕,5327,蚰,1
1637,帕,5330,蚵,1
1638,帖,36,临,1
1638,帖,1634,帐,1
1638,帖,1637,帕,1
1638,帖,1854,怙,1
1638,帖,2565,杧,1
1638,帖,3369,炒,1
1639,帘,1546,峁,1
1639,帘,1627,市,1
1639,帘,1635,帑,1
1639,帘,1644,帝,1
1639,帘,3748,甯,1
1639,帘,4236,窄,1
1639,帘,4247,窜,1
1639,帘,4295,笫,1
1640,帙,1636,帔,1
1640,帙,2655,株,1
1641,帚,1652,常,1
1642,帛,584,卑,1
1642,帛,688,名,1
1642,帛,1743,弟,1
1642,帛,2436,昂,1
1642,帛,3020,泉,1
1642,帛,6918,鬲,1
1643,帜,1637,帕,1
1643,帜,1844,怅,1
1643,帜,2603,枳,1
1643,帜,5769,败,1
1644,帝,530,劳,1
1644,帝,1639,帘,1
1644,帝,1646,带,1
1644,帝,1652,常,1
1644,帝,3130,涕,1
1645,帡,4791,胼,1
1646,带,1623,巷,1
1646,带,1639,帘,1
1646,带,1644,帝,1
1646,带,1652,常,1
1646,带,5028,茚,1
1646,带,5090,莘,1
1646,带,7139,黹,1
1647,帧,36,临,1
1647,帧,1636,帔,1
1647,帧,2008,懒,1
1647,帧,5349,蛟,1
1647,帧,5790,贺,1
1647,帧,5812,赐,1
1648,席,1627,市,1
1648,席,1639,帘,1
1648,席,1642,帛,1
1648,席,3843,痹,1
1648,席,5290,虏,1
1648,席,5814,赓,1
1649,帮,3841,痱,1
1651,帷,1657,幄,1
1651,帷,2739,椎,1
1651,帷,3272,滩,1
1651,帷,3333,濉,1
1652,常,1567,崇,1
1652,常,1635,帑,1
1652,常,1644,帝,1
1652,常,1671,幸,1
1652,常,5181,蒂,1
1652,常,5811,赏,1
1653,帻,1647,帧,1
1653,帻,2812,樯,1
1654,帼,5392,蝈,1
1655,帽,1309,娟,1
1655,帽,1658,幅,1
1655,帽,1660,幔,1
1655,帽,1940,惜,1
1655,帽,1967,愔,1
1656,幂,1642,帛,1
1656,幂,2287,搴,1
1656,幂,3763,界,1
1657,幄,895,喔,1
1657,幄,1958,惺,1
1657,幄,2254,握,1
1658,幅,5403,蝮,1
1659,幌,1971,愠,1
1659,幌,5698,谎,1
1660,幔,1658,幅,1
1660,幔,1663,幞,1
1660,幔,1913,悛,1
1660,幔,3417,焌,1
1660,幔,3459,熳,1
1661,幕,2501,暮,1
1661,幕,4349,箬,1
1662,幛,1665,幢,1
1662,幛,2775,榉,1
1663,幞,971,噗,1
1664,幡,1599,嶓,1
1664,幡,3466,燔,1
1665,幢,1653,帻,1
1665,幢,2825,橦,1
1665,幢,4925,艟,1
1666,幪,2534,朦,1
1666,幪,2838,檬,1
1666,幪,4926,艨,1
1667,干,8,下,1
1667,干,575,十,1
1667,干,1370,子,1
1667,干,1483,尸,1
1667,干,2386,斗,1
1667,干,5840,赶,1
1668,平,27,严,1
1668,平,1667,干,1
1668,平,2564,来,1
1668,平,2901,毕,1
1668,平,3500,牟,1
1668,平,5958,车,1
1669,年,57,乒,1
1669,年,77,争,1
1669,年,579,午,1
1669,年,1469,尔,1
1669,年,1668,平,1
1669,年,3498,牛,1
1669,年,3502,牢,1
1669,年,4624,羊,1
1669,年,5958,车,1
1670,并,1727,开,1
1670,并,1728,弁,1
1670,并,1731,弄,1
1670,并,5691,谆,1
1671,幸,4439,索,1
1671,幸,4948,芗,1
1671,幸,5052,草,1
1671,幸,5090,莘,1
1672,幺,49,么,1
1672,幺,52,乌,1
1672,幺,3605,玄,1
1673,幻,144,们,1
1673,幻,3609,玎,1
1673,幻,5753,豹,1
1674,幼,522,动,1
1674,幼,531,劾,1
1674,幼,3739,甜,1
1674,幼,4462,纨,1
1675,幽,2405,旃,1
1675,幽,3430,然,1
1675,幽,6079,逛,1
1675,幽,6102,遐,1
1675,幽,6761,飐,1
1676,广,30,个,1
1676,广,75,了,1
1676,广,76,予,1
1677,庀,3792,疝,1
1677,庀,3820,症,1
1678,庄,94,亢,1
1678,庄,357,充,1
1678,庄,1493,层,1
1678,庄,1612,左,1
1678,庄,1677,庀,1
1678,庄,1680,庇,1
1678,庄,1681,床,1
1678,庄,1691,庙,1
1679,庆,1557,峦,1
1679,庆,1810,必,1
1679,庆,3139,涣,1
1679,庆,3362,灾,1
1679,庆,5468,衤,1
1680,庇,4012,知,1
1680,庇,4129,礼,1
1681,床,56,乐,1
1681,床,162,休,1
1681,床,1679,庆,1
1681,床,1686,库,1
1681,床,1693,府,1
1681,床,1694,庞,1
1681,床,1698,庥,1
1681,床,3121,涂,1
1682,庋,3193,渡,1
1683,序,312,停,1
1683,序,619,厉,1
1683,序,625,厚,1
1683,序,1648,席,1
1683,序,1682,庋,1
1683,序,1684,庐,1
1683,序,1696,庠,1
1683,序,1697,庤,1
1683,序,1848,怎,1
1683,序,5290,虏,1
1684,庐,2401,方,1
1684,庐,3003,沪,1
1684,庐,5670,诱,1
1685,庑,3797,疣,1
1686,库,1381,孝,1
1686,库,1422,室,1
1686,库,1544,岽,1
1686,库,1683,序,1
1686,库,1697,庤,1
1686,库,5002,苦,1
1687,应,94,亢,1
1687,应,1678,庄,1
1687,应,2681,桠,1
1687,应,3434,煎,1
1687,应,3792,疝,1
1687,应,3828,痖,1
1687,应,4322,筮,1
1687,应,6591,险,1
1688,底,96,亥,1
1688,底,191,低,1
1688,底,1681,床,1
1688,底,1690,店,1
1688,底,1702,庳,1
1688,底,3717,瓜,1
1688,底,7104,鹿,1
1689,庖,603,卮,1
1689,庖,1222,奄,1
1689,庖,2046,扃,1
1690,店,700,吞,1
1690,店,705,否,1
1690,店,3831,痞,1
1691,庙,266,俩,1
1691,庙,1412,宙,1
1691,庙,1690,店,1
1691,庙,2046,扃,1
1691,庙,3745,甫,1
1691,庙,5490,袖,1
1692,庚,833,唐,1
1692,庚,1056,坝,1
1692,庚,1704,庶,1
1692,庚,1707,庹,1
1692,庚,2042,戾,1
1692,庚,3139,涣,1
1693,府,270,俯,1
1693,府,1463,射,1
1693,府,1698,庥,1
1693,府,3807,疲,1
1693,府,4143,祜,1
1693,府,5473,衬,1
1694,庞,785,咸,1
1694,庞,1695,废,1
1694,庞,2042,戾,1
1694,庞,2362,敌,1
1694,庞,5494,袤,1
1695,废,624,厘,1
1695,废,1196,夔,1
1695,废,1699,度,1
1695,废,1712,廋,1
1696,庠,1686,库,1
1696,庠,4266,章,1
1699,度,631,厦,1
1699,度,1194,复,1
1699,度,1690,店,1
1699,度,1707,庹,1
1699,度,7113,麦,1
1700,座,1059,坠,1
1700,座,1076,垄,1
1700,座,1302,娈,1
1700,座,1496,屈,1
1700,座,5186,蒌,1
1700,座,6598,陷,1
1700,座,7117,麽,1
1701,庭,2459,昶,1
1701,庭,3481,父,1
1701,庭,3880,癍,1
1702,庳,1717,廙,1
1703,庵,276,俺,1
1703,庵,1486,尻,1
1704,庶,1679,庆,1
1704,庶,1687,应,1
1704,庶,1705,康,1
1704,庶,1994,憔,1
1704,庶,2043,房,1
1704,庶,3881,癔,1
1705,康,833,唐,1
1705,康,1692,庚,1
1705,康,1710,廉,1
1705,康,1720,廪,1
1706,庸,1718,廛,1
1706,庸,3300,潏,1
1708,庼,3334,濑,1
1709,庾,1692,庚,1
1710,廉,1705,康,1
1710,廉,1706,庸,1
1710,廉,1720,廪,1
1710,廉,7104,鹿,1
1711,廊,1719,廨,1
1711,廊,1799,御,1
1711,廊,6151,郁,1
1711,廊,6174,郯,1
1711,廊,6183,鄘,1
1712,廋,3864,瘦,1
1714,廒,5237,蔽,1
1715,廓,2045,扁,1
1716,廖,2342,擦,1
1716,廖,3850,瘆,1
1716,廖,5220,蓼,1
1717,廙,2051,扊,1
1717,廙,5290,虏,1
1717,廙,7108,麋,1
1718,廛,1702,庳,1
1718,廛,6270,鏖,1
1718,廛,7107,麈,1
1719,廨,1702,庳,1
1720,廪,429,凛,1
1720,廪,3868,瘭,1
1720,廪,4447,縻,1
1721,廴,51,之,1
1722,延,18,丘,1
1722,延,55,乏,1
1722,延,6045,迤,1
1722,延,6049,迩,1
1722,延,6072,逐,1
1722,延,6077,逗,1
1723,廷,565,匡,1
1723,廷,690,吏,1
1723,廷,3384,炷,1
1723,廷,6025,迁,1
1723,廷,6052,迭,1
1723,廷,6062,适,1
1724,建,1121,埭,1
1724,建,4411,粱,1
1724,建,5102,莲,1
1724,建,6056,迷,1
1724,建,6113,遭,1
1725,廾,39,丹,1
1725,廾,1726,廿,1
1726,廿,17,世,1
1726,廿,1240,女,1
1727,开,87,井,1
1727,开,578,升,1
1727,开,580,卉,1
1727,开,1626,币,1
1727,开,1669,年,1
1728,弁,4277,笄,1
1729,异,1540,岳,1
1729,异,1728,弁,1
1729,异,1730,弃,1
1730,弃,1249,妄,1
1730,弃,2600,枭,1
1730,弃,4747,育,1
1730,弃,6011,辛,1
1731,弄,637,厾,1
1731,弄,1730,弃,1
1731,弄,3944,看,1
1731,弄,5830,赤,1
1732,弇,1230,奔,1
1732,弇,4247,窜,1
1733,弈,2663,栾,1
1734,弊,4332,箅,1
1734,弊,5574,解,1
1734,弊,6964,鲟,1
1736,式,459,划,1
1736,式,796,哉,1
1736,式,2022,我,1
1736,式,2025,或,1
1736,式,2862,武,1
1736,式,2948,求,1
1736,式,3736,甘,1
1736,式,3737,甙,1
1738,弓,4,万,1
1738,弓,12,丐,1
1738,弓,400,写,1
1738,弓,662,只,1
1738,弓,675,司,1
1738,弓,685,吉,1
1738,弓,722,吾,1
1738,弓,1371,孑,1
1739,引,1198,外,1
1739,引,5635,词,1
1739,引,6143,邵,1
1740,弗,87,井,1
1740,弗,169,伟,1
1740,弗,443,出,1
1740,弗,2897,毐,1
1740,弗,3010,沸,1
1740,弗,3624,玮,1
1740,弗,4615,罪,1
1740,弗,5789,费,1
1741,弘,143,仫,1
1741,弘,1470,尕,1
1741,弘,1739,引,1
1741,弘,1750,弭,1
1741,弘,1754,强,1
1741,弘,2867,歼,1
1741,弘,4454,纠,1
1742,弛,1744,张,1
1742,弛,2963,池,1
1742,弛,4485,绁,1
1742,弛,6842,驷,1
1742,弛,6881,骢,1
1742,弛,6942,鲃,1
1743,弟,376,兰,1
1743,弟,386,兼,1
1743,弟,1387,学,1
1743,弟,4008,矛,1
1743,弟,4289,笠,1
1743,弟,4295,笫,1
1743,弟,4658,翦,1
1744,张,445,凼,1
1744,张,1752,弱,1
1744,张,3101,浓,1
1744,张,3621,玦,1
1744,张,4072,硪,1
1744,张,4142,祛,1
1744,张,4479,纺,1
1744,张,4485,绁,1
1744,张,4491,织,1
1745,弥,206,你,1
1745,弥,1380,孜,1
1745,弥,2976,汾,1
1745,弥,3226,溆,1
1745,弥,6365,铩,1
1745,弥,6846,驻,1
1746,弦,1388,孩,1
1746,弦,3040,泫,1
1746,弦,4514,统,1
1746,弦,5632,诊,1
1746,弦,6857,骇,1
1747,弧,3625,环,1
1747,弧,3717,瓜,1
1747,弧,3719,瓠,1
1747,弧,4551,缅,1
1747,弧,4891,舐,1
1747,弧,6720,顼,1
1749,弪,4060,硁,1
1750,弭,3645,珥,1
1751,弯,27,严,1
1751,弯,99,亨,1
1751,弯,3222,湾,1
1751,弯,4944,芎,1
1751,弯,5159,萼,1
1751,弯,5178,葶,1
1752,弱,2872,殆,1
1752,弱,3246,溺,1
1752,弱,3893,的,1
1752,弱,4026,砀,1
1752,弱,6280,钌,1
1753,弹,1750,弭,1
1753,弹,4523,绨,1
1753,弹,4548,缂,1
1753,弹,4593,缲,1
1753,弹,6862,骍,1
1754,强,3547,狠,1
1754,强,3693,瑶,1
1754,强,5339,蛋,1
1754,强,6423,锤,1
1755,弼,3246,溺,1
1757,彐,13,丑,1
1757,彐,67,习,1
1758,归,678,叼,1
1758,归,1873,恂,1
1758,归,3356,灯,1
1759,当,41,主,1
1759,当,1223,奇,1
1759,当,1421,宣,1
1759,当,1472,尘,1
1759,当,3938,省,1
1759,当,4995,苞,1
1759,当,5027,茗,1
1760,录,1761,彖,1
1760,录,2502,暴,1
1760,录,2572,杲,1
1760,录,2856,歌,1
1760,录,4175,秀,1
1761,彖,5968,轰,1
1764,彝,2938,氮,1
1764,彝,5173,葬,1
1764,彝,5452,蠡,1
1765,彡,68,乡,1
1765,彡,5632,诊,1
1766,形,455,刊,1
1766,形,458,刑,1
1766,形,473,刮,1
1766,形,1770,彩,1
1766,形,3637,珍,1
1766,形,4023,矽,1
1766,形,4176,私,1
1766,形,6274,钆,1
1767,彤,394,册,1
1767,彤,467,删,1
1767,彤,1500,屎,1
1767,彤,4915,船,1
1767,彤,5953,躬,1
1768,彦,1381,孝,1
1768,彦,2047,扅,1
1768,彦,2404,旁,1
1768,彦,3809,疴,1
1768,彦,4747,育,1
1768,彦,5079,荷,1
1768,彦,5581,言,1
1769,彧,2025,或,1
1770,彩,507,剽,1
1770,彩,759,和,1
1770,彩,1263,妥,1
1770,彩,2044,所,1
1770,彩,2400,新,1
1771,彪,2839,檵,1
1771,彪,5847,趑,1
1771,彪,6987,鲶,1
1772,彬,2006,懋,1
1772,彬,2195,捕,1
1772,彬,2698,梆,1
1772,彬,4422,糊,1
1772,彬,7077,鹕,1
1773,彭,4240,窍,1
1773,彭,7120,黇,1
1774,彰,1770,彩,1
1774,彰,6284,钐,1
1775,影,73,乳,1
1775,影,1204,夥,1
1775,影,2924,氖,1
1775,影,4937,艿,1
1777,彷,255,俗,1
1777,彷,1264,妨,1
1777,彷,4516,绡,1
1778,役,182,伶,1
1778,役,1729,异,1
1778,役,4323,筱,1
1778,役,4478,纹,1
1778,役,5621,设,1
1779,彻,1799,御,1
1779,彻,2986,沏,1
1779,彻,4465,纫,1
1779,彻,4501,绑,1
1779,彻,4549,缃,1
1780,彼,4462,纨,1
1780,彼,4560,缏,1
1780,彼,5638,诐,1
1780,彼,6361,铤,1
1781,往,192,住,1
1781,往,1782,征,1
1781,往,1802,徭,1
1781,往,3384,炷,1
1781,往,4459,纥,1
1781,往,4558,缍,1
1781,往,5333,蛀,1
1781,往,6615,隹,1
1782,征,1784,径,1
1782,征,4456,红,1
1782,征,4562,缒,1
1782,征,6313,钯,1
1782,征,6314,钰,1
1783,徂,251,俎,1
1783,徂,1789,徊,1
1783,徂,4481,纽,1
1783,徂,4488,组,1
1784,径,1749,弪,1
1784,径,4060,硁,1
1784,径,4456,红,1
1784,径,4475,纶,1
1784,径,5461,衍,1
1785,待,264,俦,1
1785,待,1697,庤,1
1785,待,1792,徐,1
1785,待,3574,猗,1
1785,待,4457,纣,1
1785,待,5645,诗,1
1786,徇,1789,徊,1
1786,徇,4509,绚,1
1786,徇,4539,绹,1
1787,很,180,伲,1
1787,很,4461,级,1
1787,很,4532,绲,1
1788,徉,181,伴,1
1789,徊,189,但,1
1789,徊,1779,彻,1
1789,徊,3381,炯,1
1789,徊,5984,辀,1
1790,律,181,伴,1
1790,律,322,傅,1
1790,律,2724,棣,1
1790,律,3069,津,1
1791,後,250,俊,1
1791,後,261,俟,1
1791,後,1778,役,1
1792,徐,128,仔,1
1792,徐,256,俘,1
1792,徐,4507,绘,1
1792,徐,4521,绦,1
1792,徐,4542,综,1
1792,徐,4582,缧,1
1792,徐,6806,馀,1
1793,徒,131,仗,1
1793,徒,170,传,1
1793,徒,1778,役,1
1793,徒,2409,旋,1
1793,徒,3087,浃,1
1793,徒,4513,绞,1
1793,徒,4526,绫,1
1793,徒,4543,绽,1
1793,徒,5644,诖,1
1793,徒,5836,走,1
1794,徕,3134,涞,1
1795,得,1791,後,1
1795,得,1798,徜,1
1795,得,3767,留,1
1795,得,4582,缧,1
1795,得,4593,缲,1
1795,得,6417,锝,1
1796,徘,5682,诽,1
1796,徘,6982,鲱,1
1797,徙,3124,涉,1
1797,徙,4592,缱,1
1797,徙,5462,衔,1
1799,御,1711,廊,1
1799,御,5462,衔,1
1801,循,1786,徇,1
1801,循,3749,田,1
1801,循,4534,维,1
1801,循,6362,铥,1
1801,循,6594,陲,1
1802,徭,1791,後,1
1803,微,347,儆,1
1803,微,1799,御,1
1803,微,3331,激,1
1803,微,3701,璈,1
1804,徵,1803,微,1
1805,德,1947,惩,1
1805,德,4156,祸,1
1807,徽,4595,缴,1
1807,徽,6487,镦,1
1808,心,352,儿,1
1808,心,576,千,1
1808,心,3363,灿,1
1809,忄,30,个,1
1809,忄,591,卜,1
1809,忄,1514,山,1
1809,忄,2393,斤,1
1810,必,20,业,1
1810,必,125,从,1
1810,必,234,侠,1
1810,必,440,凶,1
1810,必,443,出,1
1810,必,1529,岙,1
1810,必,1747,弧,1
1810,必,1808,心,1
1810,必,1841,怂,1
1810,必,3022,泌,1
1810,必,3361,灼,1
1810,必,3389,炽,1
1810,必,6760,风,1
1811,忆,1034,圮,1
1811,忆,1822,忙,1
1811,忆,1851,怔,1
1811,忆,2562,杠,1
1811,忆,3389,炽,1
1811,忆,4934,艺,1
1811,忆,5301,虹,1
1813,忌,380,兵,1
1813,忌,1823,忝,1
1813,忌,3268,滤,1
1813,忌,4965,芯,1
1814,忍,1870,怼,1
1814,忍,1879,恕,1
1814,忍,1884,恣,1
1814,忍,1895,恳,1
1816,忐,5288,虍,1
1816,忐,6692,鞡,1
1817,忑,1816,忐,1
1818,忒,5018,茈,1
1819,忖,2430,时,1
1820,志,1813,忌,1
1820,志,1824,忠,1
1820,志,1840,态,1
1820,志,5000,苤,1
1821,忘,1701,庭,1
1821,忘,4965,芯,1
1822,忙,3366,炉,1
1822,忙,3384,炷,1
1824,忠,1906,悉,1
1824,忠,3386,点,1
1826,忤,1861,怦,1
1827,忧,160,伏,1
1827,忧,1822,忙,1
1827,忧,1830,忭,1
1827,忧,1832,忱,1
1827,忧,3556,狱,1
1828,忪,1867,怯,1
1829,快,583,协,1
1829,快,1052,块,1
1829,快,1883,恢,1
1829,快,2074,扶,1
1829,快,2450,映,1
1829,快,3386,点,1
1829,快,3398,烛,1
1829,快,3766,畔,1
1829,快,4738,肤,1
1830,忭,1912,悚,1
1830,忭,2638,标,1
1830,忭,3824,痍,1
1831,忮,2591,枝,1
1831,忮,4737,肢,1
1832,忱,583,协,1
1832,忱,1960,愁,1
1832,忱,2552,杌,1
1832,忱,2586,枕,1
1832,忱,3462,燃,1
1832,忱,3499,牝,1
1833,念,139,令,1
1833,念,166,会,1
1833,念,1817,忑,1
1833,念,1838,忿,1
1833,念,1860,急,1
1833,念,4107,磊,1
1835,忻,145,仰,1
1835,忻,583,协,1
1835,忻,1040,圻,1
1835,忻,2060,托,1
1835,忻,2483,晰,1
1835,忻,2622,柝,1
1835,忻,3391,烁,1
1835,忻,4750,肺,1
1836,忽,1841,怂,1
1836,忽,1857,思,1
1836,忽,1888,恩,1
1836,忽,7029,鸟,1
1837,忾,1876,恍,1
1837,忾,1889,恪,1
1837,忾,3375,炝,1
1837,忾,3428,焰,1
1838,忿,1860,急,1
1838,忿,1884,恣,1
1838,忿,1970,感,1
1839,怀,1049,坏,1
1839,怀,1631,师,1
1839,怀,1830,忭,1
1839,怀,2088,抔,1
1839,怀,2365,敕,1
1839,怀,2586,枕,1
1839,怀,3387,炻,1
1840,态,1220,奁,1
1840,态,1476,尢,1
1840,态,1875,恋,1
1840,态,5481,袁,1
1841,怂,206,你,1
1841,怂,1050,坐,1
1841,怂,1916,悠,1
1842,怃,1554,峣,1
1844,怅,1634,帐,1
1844,怅,1876,恍,1
1844,怅,2597,枨,1
1844,怅,4755,胀,1
1845,怆,175,伧,1
1845,怆,1899,恺,1
1846,怊,664,召,1
1846,怊,1834,忸,1
1847,怍,202,作,1
1848,怎,789,哀,1
1848,怎,1233,套,1
1848,怎,1540,岳,1
1848,怎,1768,彦,1
1848,怎,1858,怠,1
1848,怎,1872,恁,1
1848,怎,2926,氙,1
1850,怒,1307,娘,1
1850,怒,1836,忽,1
1850,怒,1996,憝,1
1850,怒,5497,袭,1
1851,怔,704,吣,1
1851,怔,1843,怄,1
1851,怔,2593,枢,1
1851,怔,3378,炬,1
1851,怔,3462,燃,1
1851,怔,4767,胚,1
1851,怔,4845,腿,1
1851,怔,5371,蜒,1
1851,怔,6049,迩,1
1852,怕,782,咱,1
1852,怕,1845,怆,1
1852,怕,1878,恒,1
1852,怕,1924,悯,1
1852,怕,2121,拍,1
1852,怕,3361,灼,1
1852,怕,3946,眙,1
1853,怖,1839,怀,1
1853,怖,1883,恢,1
1853,怖,1901,恼,1
1854,怙,1862,性,1
1855,怛,1945,惧,1
1855,怛,3376,炟,1
1856,怜,182,伶,1
1856,怜,1257,妖,1
1856,怜,1828,忪,1
1856,怜,1831,忮,1
1856,怜,1837,忾,1
1856,怜,1846,怊,1
1856,怜,1894,恰,1
1856,怜,2150,拶,1
1856,怜,3375,炝,1
1856,怜,5337,蛉,1
1857,思,405,冤,1
1857,思,636,去,1
1857,思,1814,忍,1
1857,思,1884,恣,1
1857,思,1895,恳,1
1857,思,1922,悬,1
1857,思,1984,慝,1
1857,思,5738,谷,1
1857,思,6253,里,1
1858,怠,1838,忿,1
1858,怠,1906,悉,1
1858,怠,2467,晏,1
1858,怠,4930,色,1
1859,怡,1894,恰,1
1859,怡,4763,胎,1
1860,急,364,兔,1
1860,急,1833,念,1
1860,急,1886,恧,1
1860,急,1906,悉,1
1860,急,1918,患,1
1860,急,1948,惫,1
1860,急,6772,食,1
1861,怦,1065,坪,1
1861,怦,1902,恽,1
1861,怦,1951,惮,1
1861,怦,2602,枰,1
1862,性,745,呲,1
1862,性,1280,姓,1
1862,性,1819,忖,1
1862,性,1867,怯,1
1862,性,1914,悝,1
1862,性,1923,悭,1
1862,性,4769,胜,1
1862,性,4808,脞,1
1863,怨,1850,怒,1
1863,怨,1860,急,1
1863,怨,1879,恕,1
1863,怨,1920,您,1
1863,怨,1947,惩,1
1863,怨,4491,织,1
1864,怩,1643,帜,1
1864,怩,3425,焜,1
1865,怪,1053,坚,1
1865,怪,1923,悭,1
1865,怪,2675,桎,1
1865,怪,3393,烃,1
1865,怪,3534,狂,1
1865,怪,4779,胫,1
1865,怪,5341,蛏,1
1866,怫,1825,忡,1
1866,怫,2111,拂,1
1867,怯,1829,快,1
1867,怯,1839,怀,1
1867,怯,1901,恼,1
1867,怯,3396,烘,1
1868,怵,3384,炷,1
1869,总,363,兑,1
1869,总,384,兹,1
1869,总,1836,忽,1
1869,总,1848,怎,1
1869,总,1880,恙,1
1869,总,4474,纵,1
1869,总,6092,逸,1
1871,怿,1908,悍,1
1872,恁,364,兔,1
1872,恁,1984,慝,1
1873,恂,2219,掏,1
1874,恃,227,侍,1
1874,恃,1464,将,1
1874,恃,1650,帱,1
1874,恃,1819,忖,1
1874,恃,1910,悔,1
1874,恃,1911,悖,1
1874,恃,2003,懂,1
1874,恃,2352,攵,1
1874,恃,3510,特,1
1875,恋,1302,娈,1
1875,恋,1840,态,1
1875,恋,1884,恣,1
1875,恋,1896,恶,1
1875,恋,1903,恿,1
1875,恋,1978,慈,1
1875,恋,1996,憝,1
1875,恋,3400,烝,1
1875,恋,3434,煎,1
1875,恋,4965,芯,1
1875,恋,6058,迹,1
1876,恍,1842,怃,1
1876,恍,1844,怅,1
1876,恍,1849,怏,1
1876,恍,1899,恺,1
1876,恍,1935,惋,1
1876,恍,2668,桄,1
1876,恍,3357,灰,1
1876,恍,3371,炕,1
1876,恍,4784,胱,1
1877,恐,1884,恣,1
1877,恐,1920,您,1
1877,恐,1926,悲,1
1877,恐,1961,愆,1
1878,恒,1885,恤,1
1878,恒,5135,菹,1
1878,恒,5968,轰,1
1879,恕,1262,妤,1
1879,恕,1360,嫪,1
1879,恕,1863,怨,1
1879,恕,1875,恋,1
1879,恕,1884,恣,1
1879,恕,1978,慈,1
1879,恕,6047,迦,1
1880,恙,1227,奎,1
1880,恙,1872,恁,1
1880,恙,1881,恚,1
1880,恙,1884,恣,1
1880,恙,3415,焉,1
1880,恙,3963,着,1
1880,恙,4628,羔,1
1881,恚,5470,表,1
1882,恝,1877,恐,1
1882,恝,4684,耜,1
1883,恢,1898,恹,1
1883,恢,1988,慨,1
1883,恢,1991,慷,1
1884,恣,3016,沿,1
1884,恣,6103,遑,1
1885,恤,1478,尥,1
1885,恤,1480,尬,1
1885,恤,1852,怕,1
1885,恤,2680,桕,1
1885,恤,3399,烜,1
1885,恤,4842,腼,1
1886,恧,1860,急,1
1886,恧,1903,恿,1
1886,恧,1969,愚,1
1886,恧,2007,懑,1
1887,恨,1268,妮,1
1887,恨,1659,幌,1
1887,恨,1844,怅,1
1887,恨,1917,悢,1
1887,恨,2454,昭,1
1887,恨,3564,狼,1
1887,恨,3962,眼,1
1887,恨,4837,腱,1
1888,恩,1893,息,1
1888,恩,1984,慝,1
1888,恩,3765,畏,1
1888,恩,5199,蒽,1
1889,恪,4786,胳,1
1890,恫,184,伺,1
1890,恫,859,啊,1
1890,恫,1318,娼,1
1890,恫,1924,悯,1
1890,恫,2525,朋,1
1890,恫,2607,枸,1
1890,恫,3620,玥,1
1891,恬,1250,妆,1
1891,恬,1815,忏,1
1891,恬,1846,怊,1
1891,恬,1854,怙,1
1891,恬,1859,怡,1
1891,恬,1894,恰,1
1891,恬,1915,悟,1
1891,恬,1986,慥,1
1891,恬,2095,抟,1
1892,恭,417,冻,1
1892,恭,1225,奉,1
1892,恭,1823,忝,1
1892,恭,3043,泰,1
1892,恭,5042,茶,1
1892,恭,5082,荼,1
1892,恭,5173,葬,1
1892,恭,5274,藜,1
1893,息,163,众,1
1893,息,1857,思,1
1893,息,1858,怠,1
1893,息,1872,恁,1
1893,息,1888,恩,1
1893,息,1903,恿,1
1893,息,1906,悉,1
1893,息,3448,熊,1
1893,息,3757,画,1
1894,恰,1946,惨,1
1894,恰,2154,拾,1
1894,恰,2661,格,1
1894,恰,2699,梏,1
1894,恰,3084,洽,1
1895,恳,1093,垦,1
1895,恳,1813,忌,1
1896,恶,25,丢,1
1896,恶,28,丧,1
1896,恶,1816,忐,1
1896,恶,1893,息,1
1896,恶,1918,患,1
1896,恶,3415,焉,1
1897,恸,1924,悯,1
1899,恺,1837,忾,1
1899,恺,2685,桤,1
1899,恺,4808,脞,1
1900,恻,238,侧,1
1901,恼,1828,忪,1
1901,恼,1852,怕,1
1901,恼,1917,悢,1
1901,恼,3564,狼,1
1901,恼,4801,脑,1
1902,恽,1927,悴,1
1902,恽,2174,挥,1
1903,恿,1943,惠,1
1904,悃,6626,雌,1
1905,悄,252,俏,1
1905,悄,1655,帽,1
1905,悄,1873,恂,1
1905,悄,1874,恃,1
1905,悄,2192,捎,1
1905,悄,3519,犍,1
1905,悄,4793,脂,1
1905,悄,5359,蛸,1
1905,悄,5657,诣,1
1905,悄,6827,馗,1
1906,悉,1872,恁,1
1906,悉,1875,恋,1
1906,悉,3293,漶,1
1907,悌,1842,怃,1
1907,悌,2707,梯,1
1908,悍,1930,悼,1
1908,悍,2000,憬,1
1908,悍,2718,棍,1
1908,悍,3395,烊,1
1908,悍,3416,焊,1
1909,悒,3380,炮,1
1910,悔,1901,恼,1
1910,悔,1928,悸,1
1910,悔,2172,挣,1
1910,悔,3118,海,1
1910,悔,3356,灯,1
1910,悔,4018,矮,1
1910,悔,4346,箩,1
1910,悔,5694,谊,1
1910,悔,6827,馗,1
1911,悖,1933,惇,1
1912,悚,1336,媒,1
1912,悚,1934,惊,1
1912,悚,3437,煤,1
1913,悛,1965,愎,1
1914,悝,579,午,1
1914,悝,1846,怊,1
1914,悝,1958,惺,1
1915,悟,1125,培,1
1915,悟,1867,怯,1
1915,悟,1891,恬,1
1915,悟,1902,恽,1
1915,悟,1946,惨,1
1915,悟,1953,惰,1
1915,悟,2184,捂,1
1915,悟,2704,梧,1
1916,悠,1850,怒,1
1916,悠,1893,息,1
1917,悢,1340,媲,1
1917,悢,3413,烺,1
1918,患,1581,崽,1
1918,患,1906,悉,1
1918,患,6115,遴,1
1919,悦,1876,恍,1
1919,悦,1909,悒,1
1919,悦,1980,慌,1
1919,悦,4206,税,1
1919,悦,5373,蜕,1
1920,您,340,僬,1
1920,您,1539,岱,1
1920,您,1841,怂,1
1920,您,1893,息,1
1920,您,3426,焦,1
1920,您,3546,狞,1
1920,您,4491,织,1
1922,悬,1519,岂,1
1922,悬,1895,恳,1
1922,悬,1948,惫,1
1922,悬,1969,愚,1
1922,悬,2482,景,1
1922,悬,6106,遗,1
1923,悭,1958,惺,1
1924,悯,3421,焖,1
1925,悱,4825,腓,1
1925,悱,5328,蚱,1
1926,悲,90,些,1
1926,悲,377,共,1
1926,悲,1879,恕,1
1926,悲,5297,虫,1
1927,悴,1871,怿,1
1927,悴,1930,悼,1
1927,悴,3849,瘅,1
1927,悴,4414,粹,1
1928,悸,1976,愫,1
1928,悸,2269,搂,1
1928,悸,4425,糕,1
1929,悻,1325,婞,1
1929,悻,1933,惇,1
1929,悻,1997,憧,1
1929,悻,2700,梓,1
1930,悼,1902,恽,1
1930,悼,1929,悻,1
1930,悼,1958,惺,1
1930,悼,2215,掉,1
1930,悼,3414,烽,1
1931,情,294,倩,1
1931,情,1039,场,1
1931,情,1967,愔,1
1931,情,2497,暗,1
1931,情,2812,樯,1
1931,情,3576,猜,1
1931,情,5388,蜻,1
1931,情,5409,蝽,1
1932,惆,1574,崤,1
1932,惆,1655,帽,1
1932,惆,1890,恫,1
1932,惆,1938,惘,1
1932,惆,4781,胭,1
1933,惇,1911,悖,1
1934,惊,327,傧,1
1934,惊,2210,捻,1
1934,惊,2589,枚,1
1934,惊,2638,标,1
1936,惑,1926,悲,1
1936,惑,1970,感,1
1936,惑,1978,慈,1
1936,惑,2034,戥,1
1936,惑,6451,镂,1
1937,惕,1952,惯,1
1937,惕,1972,愣,1
1937,惕,2566,杨,1
1937,惕,2798,槜,1
1937,惕,3451,熘,1
1937,惕,5065,荡,1
1937,惕,5812,赐,1
1939,惚,1944,惦,1
1939,惚,3453,熜,1
1939,惚,3697,璁,1
1939,惚,4835,腮,1
1939,惚,6632,雠,1
1940,惜,1148,堵,1
1940,惜,1664,幡,1
1940,惜,1953,惰,1
1940,惜,1972,愣,1
1940,惜,1974,愦,1
1940,惜,1976,愫,1
1940,惜,2194,捐,1
1940,惜,2231,措,1
1940,惜,2699,梏,1
1940,惜,3990,瞒,1
1940,惜,5379,蜡,1
1940,惜,5808,赌,1
1941,惝,1905,悄,1
1941,惝,2300,摘,1
1942,惟,1131,堆,1
1942,惟,1935,惋,1
1942,惟,1938,惘,1
1942,惟,3207,湉,1
1942,惟,4534,维,1
1943,惠,1194,复,1
1943,惠,1881,恚,1
1943,惠,1921,悫,1
1943,惠,2479,晦,1
1943,惠,5243,蕙,1
1943,惠,5525,裹,1
1944,惦,1560,峪,1
1944,惦,2832,檐,1
1944,惦,4860,膪,1
1945,惧,1659,幌,1
1945,惧,1855,怛,1
1945,惧,1971,愠,1
1945,惧,1981,慎,1
1945,惧,3518,犋,1
1945,惧,4427,糗,1
1945,惧,4888,舆,1
1945,惧,5419,螟,1
1946,惨,1889,恪,1
1946,惨,1967,愔,1
1946,惨,2699,梏,1
1946,惨,4418,糁,1
1946,惨,5412,螃,1
1948,惫,1193,备,1
1948,惫,1860,急,1
1948,惫,4246,窘,1
1949,惬,1991,慷,1
1949,惬,2782,榧,1
1950,惭,2315,撕,1
1950,惭,2822,橛,1
1950,惭,4859,膨,1
1951,惮,776,咩,1
1951,惮,1902,恽,1
1951,惮,1934,惊,1
1951,惮,1993,憎,1
1951,惮,2815,樽,1
1951,惮,5393,蝉,1
1951,惮,5410,蝾,1
1952,惯,1809,忄,1
1952,惯,1958,惺,1
1952,惯,1982,慑,1
1952,惯,1985,慢,1
1952,惯,2241,掼,1
1952,惯,2796,槚,1
1953,惰,1169,墒,1
1953,惰,1503,屑,1
1953,惰,1931,情,1
1953,惰,2280,搞,1
1953,惰,2719,棒,1
1953,惰,2729,棱,1
1954,想,369,兢,1
1954,想,1855,怛,1
1954,想,1877,恐,1
1954,想,1879,恕,1
1954,想,2006,懋,1
1954,想,3697,璁,1
1954,想,3934,相,1
1954,想,5116,菇,1
1955,惴,1866,怫,1
1956,惶,1939,惚,1
1956,惶,2000,憬,1
1956,惶,2463,晁,1
1956,惶,2678,桓,1
1956,惶,4857,膣,1
1956,惶,6603,隍,1
1957,惹,1921,悫,1
1957,惹,4668,老,1
1957,惹,5054,荐,1
1957,惹,5125,菟,1
1957,惹,5257,薏,1
1957,惹,5470,表,1
1958,惺,901,喤,1
1958,惺,981,噬,1
1958,惺,1112,埕,1
1958,惺,1153,塍,1
1958,惺,1352,嫘,1
1958,惺,1865,怪,1
1958,惺,1902,恽,1
1958,惺,1914,悝,1
1958,惺,1923,悭,1
1958,惺,1956,惶,1
1958,惺,4831,腥,1
1959,愀,1950,惭,1
1959,愀,2766,楸,1
1960,愁,1998,憨,1
1960,愁,2814,樵,1
1960,愁,3888,癸,1
1962,愈,1858,怠,1
1962,愈,1879,恕,1
1962,愈,1893,息,1
1962,愈,2939,氯,1
1963,愉,2224,掠,1
1965,愎,4839,腹,1
1966,意,1273,妾,1
1966,意,1860,急,1
1966,意,1948,惫,1
1966,意,3412,烹,1
1966,意,3441,煮,1
1966,意,3461,熹,1
1966,意,4264,竞,1
1966,意,4265,竟,1
1966,意,5257,薏,1
1966,意,5494,袤,1
1967,愔,1658,幅,1
1967,愔,1940,惜,1
1967,愔,2011,懵,1
1967,愔,3460,熵,1
1967,愔,6827,馗,1
1968,愕,1899,恺,1
1968,愕,2604,枵,1
1968,愕,4834,腭,1
1969,愚,2007,懑,1
1970,感,1296,威,1
1970,感,1833,念,1
1970,感,1926,悲,1
1970,感,1962,愈,1
1970,感,6957,鲔,1
1970,感,7032,鸢,1
1971,愠,1974,愦,1
1972,愣,1955,惴,1
1972,愣,1968,愕,1
1972,愣,2757,楞,1
1973,愤,319,偾,1
1973,愤,1647,帧,1
1973,愤,1976,愫,1
1973,愤,4872,臜,1
1974,愦,2291,摁,1
1975,愧,1341,媳,1
1975,愧,1901,恼,1
1975,愧,1935,惋,1
1975,愧,2794,槐,1
1975,愧,3425,焜,1
1976,愫,1928,悸,1
1977,愿,627,原,1
1977,愿,631,厦,1
1977,愿,1508,屡,1
1977,愿,1920,您,1
1977,愿,5108,莹,1
1977,愿,5453,蠢,1
1977,愿,6775,餍,1
1978,慈,384,兹,1
1978,慈,1869,总,1
1978,慈,1880,恙,1
1978,慈,1881,恚,1
1978,慈,1996,憝,1
1980,慌,1149,塃,1
1980,慌,1955,惴,1
1980,慌,1976,愫,1
1980,慌,2811,横,1
1980,慌,5381,蜣,1
1980,慌,5698,谎,1
1981,慎,1965,愎,1
1981,慎,2347,攥,1
1981,慎,2743,椟,1
1981,慎,2809,模,1
1981,慎,3396,烘,1
1981,慎,3602,獯,1
1982,慑,932,嗫,1
1982,慑,1935,惋,1
1982,慑,2742,椒,1
1982,慑,6770,飚,1
1983,慕,1170,墓,1
1983,慕,1661,幕,1
1983,慕,4160,禀,1
1983,慕,5241,蕊,1
1983,慕,5242,蕖,1
1983,慕,5244,蕞,1
1984,慝,1895,恳,1
1984,慝,4447,縻,1
1984,慝,7106,麇,1
1985,慢,1144,堤,1
1985,慢,1164,墁,1
1985,慢,1196,夔,1
1985,慢,2089,投,1
1985,慢,2807,樘,1
1985,慢,3417,焌,1
1986,慥,1482,尴,1
1986,慥,1891,恬,1
1987,慧,580,卉,1
1987,慧,1762,彗,1
1987,慧,1995,憖,1
1987,慧,1996,憝,1
1987,慧,5257,薏,1
1989,慰,1465,尉,1
1989,慰,1970,感,1
1989,慰,3400,烝,1
1991,慷,5446,蠊,1
1992,憋,1036,地,1
1992,憋,3458,熬,1
1993,憎,1173,增,1
1993,憎,1658,幅,1
1993,憎,1967,愔,1
1993,憎,2836,檩,1
1993,憎,5826,赠,1
1994,憔,1942,惟,1
1994,憔,2814,樵,1
1994,憔,3447,熄,1
1994,憔,3462,燃,1
1994,憔,5403,蝮,1
1996,憝,1964,愍,1
1996,憝,1978,慈,1
1996,憝,1989,慰,1
1997,憧,1665,幢,1
1997,憧,2003,懂,1
1997,憧,2505,曈,1
1997,憧,2825,橦,1
1997,憧,4868,臆,1
1998,憨,1992,憋,1
1998,憨,3458,熬,1
1998,憨,7060,鹀,1
1999,憩,1954,想,1
2000,憬,3473,爆,1
2002,憾,1592,嵝,1
2002,憾,3462,燃,1
2002,憾,6881,骢,1
2003,懂,1663,幞,1
2003,懂,1958,惺,1
2003,懂,2318,撞,1
2003,懂,2825,橦,1
2003,懂,5387,蜷,1
2004,懈,1950,惭,1
2004,懈,2257,揪,1
2004,懈,3018,泄,1
2004,懈,3324,澥,1
2004,懈,3600,獬,1
2005,懊,841,唤,1
2005,懊,1659,幌,1
2005,懊,2498,暝,1
2006,懋,2002,憾,1
2008,懒,938,嗷,1
2008,懒,1647,帧,1
2009,懔,3869,瘰,1
2010,懦,350,儒,1
2010,懦,1982,慑,1
2010,懦,1990,慵,1
2010,懦,2833,檑,1
2010,懦,4361,篙,1
2010,懦,4871,臑,1
2010,懦,5449,蠕,1
2014,戈,1736,式,1
2014,戈,2020,戏,1
2014,戈,2053,扌,1
2014,戈,2065,扩,1
2014,戈,2540,术,1
2014,戈,2542,朴,1
2015,戊,161,伐,1
2015,戊,2356,攻,1
2015,戊,2545,朽,1
2015,戊,2942,水,1
2016,戋,1298,娄,1
2016,戋,1736,式,1
2017,戌,785,咸,1
2017,戌,2016,戋,1
2017,戌,2021,成,1
2017,戌,2948,求,1
2017,戌,3088,浅,1
2018,戍,161,伐,1
2018,戍,1818,忒,1
2018,戍,3088,浅,1
2019,戎,2639,栈,1
2020,戏,751,呻,1
2020,戏,2018,戍,1
2020,戏,2078,找,1
2020,戏,3385,炸,1
2020,戏,3888,癸,1
2020,戏,5781,贱,1
2021,成,1108,城,1
2021,成,2019,戎,1
2021,成,2025,或,1
2021,成,2026,戗,1
2021,成,3904,皮,1
2021,成,4309,筏,1
2021,成,5309,蚁,1
2022,我,2030,戟,1
2022,我,2157,挂,1
2022,我,3088,浅,1
2022,我,4470,纱,1
2022,我,4483,线,1
2022,我,5223,蔑,1
2023,戒,648,叔,1
2023,戒,796,哉,1
2023,戒,1296,威,1
2023,戒,1736,式,1
2023,戒,2021,成,1
2023,戒,2028,戚,1
2023,戒,3737,甙,1
2025,或,60,乖,1
2025,或,796,哉,1
2025,或,2027,战,1
2025,或,2039,戴,1
2025,或,2876,残,1
2026,戗,2027,战,1
2026,戗,6278,钊,1
2027,战,161,伐,1
2027,战,1108,城,1
2027,战,1118,域,1
2027,战,2020,戏,1
2027,战,2641,栊,1
2027,战,3031,泜,1
2027,战,4072,硪,1
2028,戚,785,咸,1
2028,戚,1296,威,1
2028,戚,2021,成,1
2035,截,2708,械,1
2035,截,3589,猷,1
2035,截,5270,藏,1
2037,戮,1334,婺,1
2037,戮,2036,戬,1
2038,戳,2035,截,1
2038,戳,2037,戮,1
2038,戳,5938,蹴,1
2039,戴,796,哉,1
2039,戴,2035,截,1
2040,户,75,了,1
2040,户,1197,夕,1
2042,戾,1685,庑,1
2043,房,713,启,1
2043,房,1420,客,1
2043,房,1495,居,1
2043,房,1697,庤,1
2043,房,1768,彦,1
2043,房,4747,育,1
2043,房,5632,诊,1
2043,房,6617,隽,1
2044,所,2397,斫,1
2044,所,4135,祈,1
2044,所,6154,郇,1
2044,所,6157,郎,1
2044,所,6803,饼,1
2045,扁,309,偏,1
2045,扁,1691,庙,1
2045,扁,1719,廨,1
2045,扁,2046,扃,1
2045,扁,2048,扇,1
2045,扁,3209,湎,1
2045,扁,3843,痹,1
2045,扁,4740,肩,1
2045,扁,5776,贬,1
2046,扃,1505,屙,1
2046,扃,4740,肩,1
2048,扇,2045,扁,1
2048,扇,4351,箱,1
2051,扊,3840,痰,1
2052,手,168,伞,1
2052,手,581,半,1
2052,手,1263,妥,1
2052,手,1371,孑,1
2052,手,1384,季,1
2052,手,1667,干,1
2052,手,1672,幺,1
2052,手,2053,扌,1
2052,手,2628,柬,1
2052,手,3498,牛,1
2052,手,4878,至,1
2052,手,4942,芋,1
2053,扌,1184,士,1
2053,扌,1371,孑,1
2054,才,1456,寸,1
2054,才,1468,少,1
2054,才,3938,省,1
2055,扎,2060,托,1
2055,扎,2097,抡,1
2055,扎,2539,札,1
2055,扎,2560,杞,1
2056,扑,87,井,1
2056,扑,1054,坛,1
2056,扑,1075,垃,1
2057,扒,662,只,1
2057,扒,2059,扔,1
2057,扒,2064,执,1
2057,扒,2144,拭,1
2058,打,2061,扛,1
2058,打,2106,抹,1
2058,打,3609,玎,1
2059,扔,1048,坎,1
2059,扔,1242,奶,1
2059,扔,2082,抄,1
2059,扔,2134,拟,1
2059,扔,2200,捣,1
2059,扔,2588,枘,1
2060,托,559,北,1
2060,托,1107,埋,1
2060,托,1513,屯,1
2060,托,2093,抚,1
2060,托,2143,括,1
2060,托,2158,指,1
2060,托,2583,枉,1
2060,托,3610,玑,1
2060,托,4681,耗,1
2061,扛,2055,扎,1
2061,扛,2067,扫,1
2061,扛,2106,抹,1
2061,扛,2583,枉,1
2061,扛,4431,糠,1
2062,扣,2059,扔,1
2062,扣,2121,拍,1
2062,扣,2134,拟,1
2062,扣,2544,机,1
2062,扣,2603,枳,1
2063,扦,87,井,1
2063,扦,2060,托,1
2063,扦,2065,扩,1
2063,扦,2078,找,1
2063,扦,2081,抃,1
2063,扦,2115,拆,1
2063,扦,2120,拌,1
2064,执,2067,扫,1
2064,执,2143,括,1
2064,执,2167,挞,1
2065,扩,2099,护,1
2065,扩,2565,杧,1
2065,扩,2577,杼,1
2065,扩,4938,节,1
2066,扪,2092,折,1
2067,扫,2129,拘,1
2067,扫,3034,泡,1
2067,扫,3501,牡,1
2068,扬,2085,抑,1
2068,扬,2186,捅,1
2068,扬,2649,栖,1
2068,扬,2965,汤,1
2068,扬,3505,物,1
2068,扬,3760,畅,1
2068,扬,3795,疡,1
2069,扭,2084,把,1
2069,扭,2096,抠,1
2069,扭,2130,拙,1
2069,扭,2188,捉,1
2069,扭,4481,纽,1
2070,扮,2057,扒,1
2070,扮,2823,橡,1
2070,扮,3721,瓣,1
2071,扯,2118,拉,1
2071,扯,2178,挫,1
2071,扯,5838,赴,1
2072,扰,2094,抛,1
2072,扰,2130,拙,1
2072,扰,2162,挑,1
2072,扰,3501,牡,1
2072,扰,4199,秾,1
2073,扳,653,叛,1
2073,扳,1043,坂,1
2073,扳,2076,扺,1
2073,扳,2214,授,1
2073,扳,2358,政,1
2073,扳,2359,故,1
2073,扳,2376,数,1
2073,扳,2579,板,1
2073,扳,2742,椒,1
2073,扳,6723,顿,1
2074,扶,1052,块,1
2074,扶,2093,抚,1
2074,扶,2137,拤,1
2074,扶,2260,揳,1
2074,扶,3552,狭,1
2074,扶,7115,麸,1
2075,批,2130,拙,1
2075,批,2134,拟,1
2075,批,2606,枷,1
2076,扺,1072,坻,1
2076,扺,2093,抚,1
2076,扺,2110,抿,1
2076,扺,2144,拭,1
2076,扺,2262,揶,1
2077,扼,559,北,1
2077,扼,2230,掩,1
2077,扼,2270,搅,1
2077,扼,2636,栀,1
2077,扼,3526,犯,1
2077,扼,5965,轭,1
2078,找,2022,我,1
2078,找,2060,托,1
2078,找,2135,拢,1
2078,找,2144,拭,1
2078,找,2158,指,1
2078,找,2202,捩,1
2078,找,5012,茂,1
2078,找,5098,莪,1
2078,找,5980,轼,1
2079,承,410,冰,1
2079,承,420,净,1
2079,承,1322,婊,1
2079,承,1681,床,1
2079,承,2524,朊,1
2079,承,2942,水,1
2079,承,4008,矛,1
2079,承,4174,禾,1
2079,承,4767,胚,1
2079,承,6091,逶,1
2080,技,1256,妓,1
2080,技,2089,投,1
2080,技,2102,披,1
2080,技,2359,故,1
2080,技,2591,枝,1
2081,抃,2112,拃,1
2082,抄,2092,折,1
2082,抄,2551,杉,1
2082,抄,4183,秒,1
2082,抄,4680,耖,1
2083,抉,1829,快,1
2083,抉,2093,抚,1
2083,抉,2147,拱,1
2083,抉,2182,挺,1
2083,抉,2188,捉,1
2083,抉,2208,捷,1
2083,抉,2260,揳,1
2084,把,2060,托,1
2084,把,2096,抠,1
2084,把,2132,招,1
2085,抑,1154,塑,1
2085,抑,2632,柳,1
2085,抑,3553,狮,1
2086,抒,2058,打,1
2086,抒,2189,捋,1
2086,抒,2258,揭,1
2086,抒,2624,柠,1
2086,抒,5975,轷,1
2087,抓,1049,坏,1
2087,抓,2076,扺,1
2087,抓,2091,抗,1
2087,抓,2136,拣,1
2087,抓,2179,振,1
2087,抓,2629,柯,1
2087,抓,2718,棍,1
2087,抓,3618,玡,1
2088,抔,1068,坯,1
2088,抔,2087,抓,1
2088,抔,2115,拆,1
2089,投,2073,扳,1
2089,投,2080,技,1
2089,投,2160,按,1
2089,投,2214,授,1
2089,投,2364,救,1
2089,投,2653,校,1
2089,投,3504,牧,1
2089,投,4214,稷,1
2090,抖,87,井,1
2090,抖,2063,扦,1
2090,抖,2120,拌,1
2090,抖,2574,杵,1
2090,抖,3369,炒,1
2090,抖,4182,科,1
2091,抗,1054,坛,1
2091,抗,1075,垃,1
2091,抗,2061,扛,1
2091,抗,2087,抓,1
2091,抗,2093,抚,1
2091,抗,2103,抬,1
2091,抗,2125,拓,1
2091,抗,2160,按,1
2091,抗,2173,挤,1
2091,抗,2228,控,1
2091,抗,2709,梳,1
2091,抗,6674,靰,1
2092,折,1835,忻,1
2092,折,2060,托,1
2092,折,2063,扦,1
2092,折,2064,执,1
2092,折,2076,扺,1
2092,折,2115,拆,1
2092,折,2140,拧,1
2092,折,2396,斩,1
2092,折,2584,枋,1
2092,折,2585,析,1
2092,折,4272,竹,1
2093,抚,1479,尧,1
2093,抚,1842,怃,1
2093,抚,2091,抗,1
2093,抚,2168,挟,1
2094,抛,2816,樾,1
2095,抟,2153,拽,1
2095,抟,2729,棱,1
2096,抠,1034,圮,1
2096,抠,2124,拒,1
2096,抠,2146,拯,1
2096,抠,2181,挹,1
2096,抠,2678,桓,1
2096,抠,6687,鞑,1
2097,抡,2104,抱,1
2097,抡,2127,拖,1
2097,抡,2198,捡,1
2097,抡,2565,杧,1
2098,抢,1383,孢,1
2098,抢,2104,抱,1
2098,抢,2181,挹,1
2098,抢,2210,捻,1
2098,抢,2636,栀,1
2098,抢,4668,老,1
2099,护,1078,垆,1
2099,护,2121,拍,1
2099,护,4414,粹,1
2100,报,947,嘏,1
2100,报,2104,抱,1
2100,报,2141,拨,1
2100,报,2493,暇,1
2100,报,2526,服,1
2100,报,2580,极,1
2100,报,3631,玻,1
2101,抨,566,匣,1
2101,抨,1065,坪,1
2101,抨,2063,扦,1
2101,抨,2108,押,1
2101,抨,2120,拌,1
2101,抨,2175,挦,1
2101,抨,2203,捭,1
2101,抨,2239,掸,1
2101,抨,2697,梅,1
2101,抨,4188,秤,1
2102,披,2089,投,1
2102,披,2204,据,1
2102,披,2211,掀,1
2102,披,2222,掖,1
2102,披,2339,擞,1
2103,抬,2091,抗,1
2103,抬,2143,括,1
2103,抬,2150,拶,1
2103,抬,2154,拾,1
2103,抬,2158,指,1
2103,抬,2194,捐,1
2103,抬,2216,掊,1
2103,抬,4423,糌,1
2104,抱,1086,垞,1
2104,抱,2097,抡,1
2104,抱,2113,拄,1
2104,抱,2127,拖,1
2104,抱,2183,挽,1
2104,抱,2608,柁,1
2104,抱,4397,粑,1
2104,抱,4931,艳,1
2104,抱,5841,起,1
2105,抵,1688,底,1
2105,抵,2578,松,1
2106,抹,2137,拤,1
2106,抹,2175,挦,1
2106,抹,2587,林,1
2106,抹,2712,梾,1
2106,抹,4187,秣,1
2107,抻,2153,拽,1
2107,抻,3519,犍,1
2108,押,1047,坍,1
2108,押,2058,打,1
2108,押,2116,拇,1
2108,押,2138,拥,1
2109,抽,1269,妯,1
2109,抽,2114,担,1
2109,抽,2121,拍,1
2109,抽,2187,捆,1
2109,抽,2195,捕,1
2109,抽,3011,油,1
2109,抽,3511,牺,1
2110,抿,2076,扺,1
2110,抿,2100,报,1
2110,抿,2272,搌,1
2110,抿,2718,棍,1
2110,抿,3635,珉,1
2110,抿,4209,稚,1
2110,抿,5994,辊,1
2111,拂,2208,捷,1
2111,拂,3010,沸,1
2113,拄,1292,姹,1
2113,拄,2193,捏,1
2113,拄,2229,推,1
2113,拄,4204,程,1
2114,担,1855,怛,1
2114,担,2067,扫,1
2114,担,2188,捉,1
2114,担,2193,捏,1
2114,担,2459,昶,1
2115,拆,2062,扣,1
2115,拆,2073,扳,1
2115,拆,2112,拃,1
2115,拆,2119,拊,1
2115,拆,2136,拣,1
2115,拆,2140,拧,1
2115,拆,2173,挤,1
2115,拆,2622,柝,1
2115,拆,2629,柯,1
2115,拆,4985,苏,1
2116,拇,1274,姆,1
2116,拇,2174,挥,1
2116,拇,2219,掏,1
2116,拇,2258,揭,1
2116,拇,3645,珥,1
2117,拈,190,位,1
2117,拈,1894,恰,1
2117,拈,2145,拮,1
2117,拈,2160,按,1
2117,拈,2224,掠,1
2117,拈,2578,松,1
2117,拈,3507,牯,1
2118,拉,2095,抟,1
2118,拉,2122,拎,1
2118,拉,2228,控,1
2118,拉,2609,柃,1
2118,拉,2659,核,1
2120,拌,581,半,1
2120,拌,2083,抉,1
2120,拌,2106,抹,1
2120,拌,2174,挥,1
2120,拌,2574,杵,1
2121,拍,1043,坂,1
2121,拍,2062,扣,1
2121,拍,2068,扬,1
2121,拍,2103,抬,1
2121,拍,2104,抱,1
2121,拍,2119,拊,1
2121,拍,2122,拎,1
2121,拍,2158,指,1
2121,拍,2186,捅,1
2121,拍,2680,桕,1
2121,拍,4399,粕,1
2122,拎,182,伶,1
2122,拎,1874,恃,1
2122,拎,2080,技,1
2122,拎,2198,捡,1
2122,拎,3566,猃,1
2122,拎,3627,玲,1
2122,拎,5985,辁,1
2123,拐,2070,扮,1
2123,拐,2190,捌,1
2123,拐,2196,捞,1
2123,拐,2789,榻,1
2124,拒,565,匡,1
2124,拒,2084,把,1
2124,拒,2096,抠,1
2124,拒,2122,拎,1
2124,拒,2139,拦,1
2124,拒,2263,揸,1
2124,拒,2621,柜,1
2125,拓,2118,拉,1
2125,拓,2154,拾,1
2125,拓,2220,掐,1
2125,拓,2570,杯,1
2125,拓,2606,枷,1
2125,拓,3531,犸,1
2125,拓,5990,辆,1
2126,拔,6704,韨,1
2127,拖,2098,抢,1
2127,拖,2160,按,1
2127,拖,2230,掩,1
2128,拗,1897,恸,1
2128,拗,2109,抽,1
2128,拗,2266,揿,1
2128,拗,3557,狲,1
2129,拘,1044,均,1
2129,拘,2068,扬,1
2129,拘,2080,技,1
2129,拘,2219,掏,1
2129,拘,2232,掬,1
2129,拘,2557,杓,1
2129,拘,2581,构,1
2129,拘,2647,栒,1
2129,拘,5014,茄,1
2130,拙,2145,拮,1
2130,拙,2200,捣,1
2130,拙,2295,摇,1
2130,拙,3658,琎,1
2130,拙,5839,赵,1
2131,拚,2202,捩,1
2132,招,2059,扔,1
2132,招,2110,抿,1
2132,招,2121,拍,1
2132,招,2143,括,1
2132,招,2247,揎,1
2132,招,2769,榀,1
2132,招,6006,辖,1
2133,拜,57,乒,1
2133,拜,1750,弭,1
2133,拜,4188,秤,1
2133,拜,4208,稗,1
2133,拜,4458,纤,1
2133,拜,4894,舛,1
2133,拜,6153,郅,1
2133,拜,6252,释,1
2133,拜,6693,鞣,1
2134,拟,2071,扯,1
2134,拟,2075,批,1
2134,拟,2082,抄,1
2134,拟,2592,枞,1
2134,拟,2691,桫,1
2134,拟,4474,纵,1
2135,拢,1063,坨,1
2135,拢,2060,托,1
2135,拢,2078,找,1
2135,拢,2087,抓,1
2135,拢,2093,抚,1
2135,拢,2141,拨,1
2135,拢,2329,撼,1
2135,拢,2641,栊,1
2135,拢,5098,莪,1
2136,拣,2139,拦,1
2136,拣,2218,掎,1
2136,拣,2233,掭,1
2136,拣,2259,揲,1
2136,拣,2269,搂,1
2136,拣,2273,搏,1
2136,拣,2642,栋,1
2136,拣,2644,栎,1
2136,拣,2737,椋,1
2136,拣,5834,赫,1
2137,拤,2074,扶,1
2137,拤,2112,拃,1
2137,拤,2173,挤,1
2137,拤,3551,独,1
2138,拥,1080,垌,1
2138,拥,2108,押,1
2138,拥,2241,掼,1
2138,拥,2268,搁,1
2139,拦,2117,拈,1
2139,拦,2210,捻,1
2139,拦,2685,桤,1
2140,拧,2122,拎,1
2140,拧,2551,杉,1
2140,拧,2735,椁,1
2140,拧,3498,牛,1
2141,拨,2080,技,1
2141,拨,2089,投,1
2141,拨,2122,拎,1
2141,拨,2241,掼,1
2141,拨,2706,梭,1
2141,拨,6704,韨,1
2142,择,1871,怿,1
2142,择,2101,抨,1
2142,择,2173,挤,1
2142,择,2174,挥,1
2142,择,2175,挦,1
2142,择,2225,探,1
2142,择,2634,柽,1
2142,择,3577,猝,1
2142,择,3606,率,1
2143,括,1090,垢,1
2143,括,2063,扦,1
2143,括,2122,拎,1
2143,括,2160,按,1
2143,括,2280,搞,1
2143,括,2589,枚,1
2143,括,2679,桔,1
2144,拭,2090,抖,1
2144,拭,2157,挂,1
2144,拭,2708,械,1
2144,拭,3737,甙,1
2145,拮,2184,捂,1
2145,拮,2216,掊,1
2145,拮,2679,桔,1
2146,拯,2064,执,1
2146,拯,2114,担,1
2146,拯,2166,挝,1
2146,拯,2167,挞,1
2146,拯,2296,摈,1
2146,拯,2583,枉,1
2146,拯,2678,桓,1
2146,拯,2696,梃,1
2146,拯,2814,樵,1
2147,拱,232,供,1
2147,拱,2137,拤,1
2147,拱,2145,拮,1
2147,拱,2169,挠,1
2147,拱,2717,棋,1
2148,拳,1381,孝,1
2148,拳,1461,寿,1
2148,拳,2287,搴,1
2148,拳,3959,眷,1
2148,拳,4669,考,1
2148,拳,5588,誊,1
2149,拴,2098,抢,1
2149,拴,2139,拦,1
2149,拴,2142,择,1
2149,拴,2178,挫,1
2149,拴,2198,捡,1
2149,拴,2207,捶,1
2149,拴,2228,控,1
2151,拷,1946,惨,1
2151,拷,2086,抒,1
2151,拷,2095,抟,1
2151,拷,2161,挎,1
2151,拷,2173,挤,1
2151,拷,2178,挫,1
2151,拷,2216,掊,1
2151,拷,2224,掠,1
2151,拷,2240,掺,1
2151,拷,2242,掾,1
2151,拷,2275,搒,1
2151,拷,2656,栲,1
2151,拷,4669,考,1
2152,拼,2262,揶,1
2152,拼,2278,搛,1
2152,拼,2298,摒,1
2153,拽,1096,垫,1
2153,拽,2130,拙,1
2153,拽,2273,搏,1
2154,拾,2103,抬,1
2154,拾,2122,拎,1
2154,拾,2158,指,1
2154,拾,2189,捋,1
2154,拾,2198,捡,1
2154,拾,2224,掠,1
2154,拾,2713,检,1
2154,拾,2783,榨,1
2154,拾,5986,辂,1
2155,拿,168,伞,1
2155,拿,1200,多,1
2155,拿,1428,宰,1
2155,拿,3920,盒,1
2155,拿,4251,窣,1
2156,持,2157,挂,1
2156,持,2200,捣,1
2156,持,2218,掎,1
2156,持,3510,特,1
2156,持,4690,耨,1
2156,持,5185,蒋,1
2156,持,6564,阵,1
2157,挂,2095,抟,1
2157,挂,2106,抹,1
2157,挂,2228,控,1
2157,挂,2666,桂,1
2157,挂,2804,槿,1
2157,挂,3790,疙,1
2157,挂,4204,程,1
2158,指,1380,孜,1
2158,指,2121,拍,1
2158,指,2136,拣,1
2158,指,2145,拮,1
2158,指,2154,拾,1
2158,指,2192,捎,1
2158,指,2231,措,1
2158,指,2248,描,1
2158,指,2250,插,1
2158,指,2769,榀,1
2158,指,5700,谐,1
2160,按,1117,埝,1
2160,按,2109,抽,1
2160,按,2732,棺,1
2160,按,3519,犍,1
2161,挎,1098,垮,1
2161,挎,1216,夸,1
2161,挎,1911,悖,1
2161,挎,2122,拎,1
2161,挎,2218,掎,1
2161,挎,2275,搒,1
2161,挎,2329,撼,1
2162,挑,2221,排,1
2162,挑,3646,珧,1
2162,挑,4410,粮,1
2163,挖,2249,提,1
2163,挖,2264,揽,1
2163,挖,2275,搒,1
2163,挖,2286,搭,1
2164,挚,2159,挈,1
2164,挚,2226,掣,1
2165,挛,99,亨,1
2165,挛,1557,峦,1
2165,挛,2164,挚,1
2165,挛,3606,率,1
2165,挛,4319,筝,1
2166,挝,2094,抛,1
2166,挝,2119,拊,1
2166,挝,2134,拟,1
2166,挝,2263,揸,1
2166,挝,5888,跹,1
2166,挝,6709,韭,1
2167,挞,2096,抠,1
2167,挞,2166,挝,1
2167,挞,5885,跶,1
2167,挞,6076,逖,1
2168,挟,2169,挠,1
2168,挟,2208,捷,1
2168,挟,2288,携,1
2168,挟,2305,摸,1
2168,挟,5974,轶,1
2168,挟,6684,鞅,1
2169,挠,2157,挂,1
2169,挠,2260,揳,1
2169,挠,2286,搭,1
2169,挠,3953,眩,1
2169,挠,5107,莸,1
2170,挡,1100,垱,1
2170,挡,2095,抟,1
2170,挡,2157,挂,1
2170,挡,2248,描,1
2170,挡,2684,档,1
2170,挡,2743,椟,1
2170,挡,3649,珰,1
2171,挢,2082,抄,1
2171,挢,2173,挤,1
2172,挣,312,停,1
2172,挣,2101,抨,1
2172,挣,2215,掉,1
2172,挣,2282,搡,1
2172,挣,3664,琤,1
2173,挤,511,劈,1
2173,挤,2152,拼,1
2173,挤,2661,格,1
2173,挤,2686,桥,1
2173,挤,2783,榨,1
2174,挥,2189,捋,1
2174,挥,2203,捭,1
2174,挥,2299,摔,1
2174,挥,2301,摞,1
2174,挥,2342,擦,1
2174,挥,2658,样,1
2174,挥,4414,粹,1
2175,挦,2189,捋,1
2176,挨,1350,嫔,1
2176,挨,2089,投,1
2176,挨,2147,拱,1
2176,挨,2214,授,1
2176,挨,2244,揆,1
2176,挨,2296,摈,1
2176,挨,2305,摸,1
2176,挨,2706,梭,1
2177,挪,2221,排,1
2177,挪,2238,掷,1
2177,挪,2747,椰,1
2178,挫,2078,找,1
2178,挫,2139,拦,1
2178,挫,2146,拯,1
2178,挫,2294,摆,1
2178,挫,6413,错,1
2179,振,2093,抚,1
2179,振,2199,换,1
2179,振,2222,掖,1
2179,振,2253,揠,1
2179,振,2311,撅,1
2179,振,2578,松,1
2180,挲,3276,滹,1
2180,挲,6973,鲨,1
2181,挹,2127,拖,1
2181,挹,2188,捉,1
2181,挹,2251,揖,1
2181,挹,2767,楹,1
2181,挹,5288,虍,1
2182,挺,1109,埏,1
2182,挺,2792,槌,1
2182,挺,3651,珽,1
2183,挽,1075,垃,1
2183,挽,1105,埃,1
2183,挽,1136,堍,1
2183,挽,1313,娩,1
2183,挽,2163,挖,1
2183,挽,2197,损,1
2183,挽,2267,搀,1
2183,挽,2270,搅,1
2183,挽,2296,摈,1
2183,挽,2669,桅,1
2183,挽,2743,椟,1
2184,捂,2182,挺,1
2184,捂,2185,捃,1
2184,捂,2216,掊,1
2184,捂,2231,措,1
2184,捂,2256,揩,1
2184,捂,2309,撂,1
2184,捂,2699,梏,1
2184,捂,3512,牾,1
2184,捂,3562,狺,1
2184,捂,5210,蓓,1
2185,捃,2132,招,1
2185,捃,2241,掼,1
2186,捅,2138,拥,1
2186,捅,2258,揭,1
2186,捅,2298,摒,1
2186,捅,2300,摘,1
2186,捅,3125,涌,1
2187,捆,2114,担,1
2187,捆,2166,挝,1
2187,捆,2174,挥,1
2188,捉,726,呈,1
2188,捉,2078,找,1
2188,捉,2080,技,1
2188,捉,2089,投,1
2188,捉,2112,拃,1
2188,捉,2146,拯,1
2188,捉,2182,挺,1
2188,捉,2193,捏,1
2188,捉,2197,损,1
2188,捉,2208,捷,1
2188,捉,2755,楚,1
2189,捋,1110,埒,1
2189,捋,2282,搡,1
2189,捋,2692,桴,1
2191,捍,1908,悍,1
2191,捍,2152,拼,1
2191,捍,2172,挣,1
2191,捍,2215,掉,1
2191,捍,4204,程,1
2192,捎,2121,拍,1
2192,捎,2129,拘,1
2192,捎,2171,挢,1
2192,捎,2256,揩,1
2192,捎,4205,稍,1
2192,捎,4687,耥,1
2192,捎,6017,辩,1
2193,捏,2078,找,1
2193,捏,2174,挥,1
2193,捏,2301,摞,1
2193,捏,2645,栏,1
2193,捏,5843,趄,1
2194,捐,2158,指,1
2194,捐,2197,损,1
2194,捐,2234,掮,1
2194,捐,2694,桷,1
2194,捐,3680,瑁,1
2194,捐,5370,蜎,1
2194,捐,6218,酱,1
2195,捕,1111,埔,1
2195,捕,2250,插,1
2195,捕,3652,球,1
2195,捕,5989,辅,1
2196,捞,2111,拂,1
2196,捞,2123,拐,1
2196,捞,2152,拼,1
2196,捞,2186,捅,1
2196,捞,2231,措,1
2196,捞,2248,描,1
2196,捞,2295,摇,1
2196,捞,4686,耢,1
2197,损,2214,授,1
2197,损,2264,揽,1
2197,损,2270,搅,1
2197,损,2683,桢,1
2197,损,6714,顶,1
2198,捡,1075,垃,1
2198,捡,2103,抬,1
2198,捡,2302,摧,1
2198,捡,4331,简,1
2198,捡,4398,粒,1
2198,捡,5842,趁,1
2199,换,1105,埃,1
2199,换,2124,拒,1
2199,换,2160,按,1
2199,换,2296,摈,1
2199,换,2305,摸,1
2199,换,3595,獏,1
2200,捣,2116,拇,1
2200,捣,2258,揭,1
2200,捣,2283,搦,1
2200,捣,4416,粽,1
2201,捧,2171,挢,1
2201,捧,2185,捃,1
2201,捧,2775,榉,1
2201,捧,3669,琫,1
2201,捧,3675,琴,1
2202,捩,2272,搌,1
2202,捩,2296,摈,1
2203,捭,1120,埤,1
2203,捭,2239,掸,1
2203,捭,2341,擤,1
2203,捭,2741,椑,1
2204,据,2110,抿,1
2204,据,2143,括,1
2204,据,2151,拷,1
2204,据,2223,掘,1
2204,据,2254,握,1
2204,据,2272,搌,1
2204,据,5899,踞,1
2205,捯,2190,捌,1
2207,捶,1092,垤,1
2207,捶,2146,拯,1
2207,捶,2157,挂,1
2207,捶,2229,推,1
2207,捶,2250,插,1
2207,捶,2269,搂,1
2207,捶,4413,粳,1
2208,捷,1323,婕,1
2208,捷,2754,楗,1
2209,捺,2136,拣,1
2209,捺,2224,掠,1
2209,捺,2289,搽,1
2209,捺,2308,摽,1
2209,捺,3558,狳,1
2210,捻,4207,稔,1
2211,掀,2134,拟,1
2211,掀,2238,掷,1
2211,掀,2257,揪,1
2211,掀,2285,搬,1
2211,掀,2364,救,1
2211,掀,2632,柳,1
2211,掀,2785,榭,1
2211,掀,3601,獭,1
2212,掂,1944,惦,1
2212,掂,2143,括,1
2212,掂,2179,振,1
2212,掂,2236,掳,1
2212,掂,2284,搪,1
2212,掂,2293,摅,1
2212,掂,2787,榴,1
2213,掇,2323,撮,1
2213,掇,3927,盥,1
2213,掇,5997,辍,1
2214,授,2150,拶,1
2214,授,2224,掠,1
2214,授,2274,搐,1
2215,掉,2060,托,1
2215,掉,2196,捞,1
2215,掉,2251,揖,1
2215,掉,2273,搏,1
2215,掉,2299,摔,1
2215,掉,2328,撺,1
2215,掉,2738,植,1
2215,掉,3517,犊,1
2216,掊,2154,拾,1
2216,掊,2184,捂,1
2216,掊,2252,揞,1
2216,掊,2275,搒,1
2217,掌,674,号,1
2217,掌,1387,学,1
2217,掌,1439,寄,1
2217,掌,1652,常,1
2217,掌,2155,拿,1
2217,掌,2165,挛,1
2217,掌,2180,挲,1
2217,掌,2287,搴,1
2217,掌,2723,棠,1
2217,掌,2934,氧,1
2217,掌,3502,牢,1
2217,掌,4319,筝,1
2218,掎,2151,拷,1
2218,掎,2161,挎,1
2218,掎,2736,椅,1
2219,掏,2205,捯,1
2219,掏,2607,枸,1
2219,掏,3407,烫,1
2220,掐,1066,坫,1
2220,掐,2200,捣,1
2220,掐,2250,插,1
2220,掐,2694,桷,1
2220,掐,6708,韬,1
2221,排,2111,拂,1
2221,排,2162,挑,1
2221,排,2211,掀,1
2221,排,2262,揶,1
2221,排,2315,撕,1
2222,掖,2214,授,1
2223,掘,2124,拒,1
2223,掘,2204,据,1
2223,掘,2272,搌,1
2223,掘,3582,猩,1
2223,掘,6723,顿,1
2224,掠,1160,塬,1
2224,掠,2136,拣,1
2224,掠,2140,拧,1
2224,掠,2160,按,1
2224,掠,2173,挤,1
2224,掠,2317,撙,1
2224,掠,2320,撩,1
2224,掠,3567,猄,1
2224,掠,3678,琼,1
2225,探,1085,垛,1
2225,探,2136,拣,1
2225,探,2176,挨,1
2225,探,2191,捍,1
2225,探,2224,掠,1
2225,探,2301,摞,1
2225,探,2309,撂,1
2225,探,2730,棵,1
2225,探,3662,琛,1
2225,探,4416,粽,1
2226,掣,2159,挈,1
2226,掣,3515,犁,1
2226,掣,3981,睾,1
2227,接,2163,挖,1
2227,接,2216,掊,1
2227,接,2269,搂,1
2227,接,2275,搒,1
2227,接,2346,攘,1
2227,接,2653,校,1
2227,接,2768,楼,1
2227,接,2783,榨,1
2228,控,2806,樗,1
2229,推,2103,抬,1
2229,推,2206,捱,1
2229,推,2297,摊,1
2229,推,2328,撺,1
2230,掩,1575,崦,1
2230,掩,2183,挽,1
2231,措,2151,拷,1
2231,措,2158,指,1
2231,措,2178,挫,1
2231,措,2185,捃,1
2231,措,2194,捐,1
2231,措,2200,捣,1
2231,措,2706,梭,1
2233,掭,4893,舔,1
2235,掰,6018,辫,1
2236,掳,2183,挽,1
2236,掳,2288,携,1
2238,掷,2281,搠,1
2238,掷,2290,搿,1
2238,掷,2316,撖,1
2238,掷,6175,郴,1
2239,掸,1087,垟,1
2239,掸,2101,抨,1
2239,掸,2136,拣,1
2239,掸,2203,捭,1
2239,掸,2224,掠,1
2239,掸,2255,揣,1
2239,掸,2299,摔,1
2239,掸,2308,摽,1
2239,掸,2313,撑,1
2239,掸,2731,棹,1
2240,掺,640,参,1
2240,掺,2336,擒,1
2240,掺,2551,杉,1
2240,掺,2806,樗,1
2240,掺,3189,渗,1
2240,掺,3562,狺,1
2240,掺,4418,糁,1
2241,掼,2197,损,1
2241,掼,3708,璟,1
2242,掾,2750,椽,1
2243,揄,2076,扺,1
2243,揄,2772,榆,1
2244,揆,6872,骙,1
2245,揉,2142,择,1
2245,揉,2333,操,1
2245,揉,2342,擦,1
2245,揉,3178,添,1
2245,揉,4161,禁,1
2246,揍,2201,捧,1
2246,揍,2202,捩,1
2246,揍,2335,擐,1
2246,揍,4186,租,1
2246,揍,5177,葵,1
2247,揎,2332,擅,1
2248,描,1123,埴,1
2248,描,1344,媾,1
2248,描,2127,拖,1
2248,描,2150,拶,1
2248,描,2192,捎,1
2248,描,2195,捕,1
2248,描,2231,措,1
2248,描,2250,插,1
2248,描,2255,揣,1
2248,描,2265,揾,1
2248,描,2699,梏,1
2248,描,5165,葙,1
2249,提,2261,援,1
2249,提,2265,揾,1
2249,提,2291,摁,1
2249,提,5999,辏,1
2250,插,2195,捕,1
2250,插,2220,掐,1
2250,插,2323,撮,1
2250,插,2620,柚,1
2250,插,3150,涵,1
2250,插,3466,燔,1
2250,插,5194,蒲,1
2251,揖,2194,捐,1
2251,揖,2295,摇,1
2252,揞,2158,指,1
2252,揞,2231,措,1
2252,揞,2247,揎,1
2254,握,2183,挽,1
2254,握,2202,捩,1
2254,握,2206,捱,1
2254,握,2223,掘,1
2254,握,2229,推,1
2254,握,2263,揸,1
2254,握,2272,搌,1
2254,握,2764,楱,1
2254,握,3594,獍,1
2254,握,4060,硁,1
2255,揣,2186,捅,1
2255,揣,2248,描,1
2255,揣,2635,柿,1
2255,揣,3596,獐,1
2256,揩,2141,拨,1
2256,揩,2248,描,1
2257,揪,37,丶,1
2258,揭,2123,拐,1
2258,揭,2170,挡,1
2258,揭,2200,捣,1
2258,揭,2220,掐,1
2258,揭,2251,揖,1
2258,揭,2292,摄,1
2258,揭,2767,楹,1
2259,揲,1141,堞,1
2259,揲,2308,摽,1
2260,揳,1229,契,1
2261,援,2227,接,1
2261,援,2292,摄,1
2262,揶,2285,搬,1
2262,揶,2316,撖,1
2262,揶,4193,秭,1
2262,揶,5850,趣,1
2265,揾,1339,媪,1
2265,揾,2277,搔,1
2265,揾,6707,韫,1
2266,揿,2211,掀,1
2267,搀,2091,抗,1
2267,搀,2171,挢,1
2267,搀,2183,挽,1
2267,搀,2238,掷,1
2267,搀,6816,馋,1
2268,搁,2121,拍,1
2268,搁,2187,捆,1
2268,搁,2190,捌,1
2268,搁,2237,掴,1
2268,搁,2774,榈,1
2268,搁,5995,辋,1
2269,搂,2208,捷,1
2269,搂,2227,接,1
2269,搂,2249,提,1
2269,搂,4689,耧,1
2270,搅,2183,挽,1
2270,搅,2264,揽,1
2270,搅,2709,梳,1
2273,搏,2156,持,1
2273,搏,2282,搡,1
2274,搐,1092,垤,1
2274,搐,2234,掮,1
2274,搐,2300,摘,1
2274,搐,2336,擒,1
2274,搐,3313,潺,1
2274,搐,3521,犒,1
2274,搐,6708,韬,1
2275,搒,2161,挎,1
2275,搒,2184,捂,1
2275,搒,2236,掳,1
2275,搒,2284,搪,1
2275,搒,5116,菇,1
2276,搓,2091,抗,1
2276,搓,2139,拦,1
2276,搓,2231,措,1
2276,搓,2240,掺,1
2276,搓,2261,援,1
2277,搔,6873,骚,1
2278,搛,4431,糠,1
2279,搜,1103,垸,1
2279,搜,1104,埂,1
2279,搜,2214,授,1
2279,搜,2292,摄,1
2279,搜,2348,攫,1
2280,搞,2125,拓,1
2280,搞,2252,揞,1
2280,搞,2274,搐,1
2280,搞,2327,撸,1
2280,搞,2336,擒,1
2280,搞,3819,病,1
2280,搞,5725,谪,1
2282,搡,2225,探,1
2282,搡,2313,撑,1
2282,搡,2320,撩,1
2282,搡,2333,操,1
2282,搡,2342,擦,1
2283,搦,3246,溺,1
2284,搪,833,唐,1
2284,搪,2125,拓,1
2284,搪,2212,掂,1
2284,搪,2288,携,1
2284,搪,2304,摭,1
2284,搪,2344,攉,1
2284,搪,3229,溏,1
2284,搪,4426,糖,1
2285,搬,2316,撖,1
2285,搬,2748,椴,1
2285,搬,3646,珧,1
2285,搬,5850,趣,1
2286,搭,1155,塔,1
2286,搭,2139,拦,1
2286,搭,2151,拷,1
2286,搭,2169,挠,1
2286,搭,2240,掺,1
2286,搭,3673,琰,1
2286,搭,6024,达,1
2287,搴,1453,寨,1
2288,携,2229,推,1
2288,携,2264,揽,1
2288,携,2283,搦,1
2288,携,2327,撸,1
2288,携,2798,槜,1
2288,携,6135,邪,1
2289,搽,1085,垛,1
2289,搽,1105,埃,1
2289,搽,2120,拌,1
2289,搽,2136,拣,1
2289,搽,2156,持,1
2289,搽,4221,穄,1
2290,搿,3572,猕,1
2292,摄,932,嗫,1
2292,摄,1982,慑,1
2292,摄,2213,掇,1
2292,摄,2346,攘,1
2293,摅,2236,掳,1
2293,摅,2272,搌,1
2293,摅,5817,赖,1
2294,摆,1150,塄,1
2294,摆,2276,搓,1
2294,摆,2277,搔,1
2294,摆,2279,搜,1
2294,摆,2335,擐,1
2294,摆,2793,槎,1
2295,摇,2149,拴,1
2295,摇,2210,捻,1
2295,摇,2296,摈,1
2295,摇,2688,桧,1
2296,摈,1350,嫔,1
2296,摈,2227,接,1
2296,摈,2228,控,1
2296,摈,2260,揳,1
2296,摈,2305,摸,1
2296,摈,2349,攮,1
2296,摈,3409,热,1
2297,摊,1131,堆,1
2297,摊,1253,妊,1
2297,摊,2182,挺,1
2297,摊,2229,推,1
2297,摊,4209,稚,1
2297,摊,6621,雄,1
2298,摒,2275,搒,1
2299,摔,1331,婵,1
2299,摔,1562,峰,1
2299,摔,2101,抨,1
2299,摔,2142,择,1
2299,摔,2160,按,1
2299,摔,2172,挣,1
2299,摔,2203,捭,1
2299,摔,2215,掉,1
2299,摔,2317,撙,1
2299,摔,2325,撵,1
2299,摔,2328,撺,1
2299,摔,2330,擀,1
2299,摔,2687,桦,1
2300,摘,1169,墒,1
2300,摘,2200,捣,1
2300,摘,2243,揄,1
2300,摘,2274,搐,1
2300,摘,3521,犒,1
2300,摘,5725,谪,1
2301,摞,2308,摽,1
2301,摞,2309,撂,1
2302,摧,2270,搅,1
2302,摧,2288,携,1
2302,摧,2344,攉,1
2302,摧,2788,榷,1
2303,摩,78,事,1
2303,摩,103,亭,1
2303,摩,1705,康,1
2303,摩,4113,磨,1
2303,摩,4447,縻,1
2303,摩,7099,鹰,1
2304,摭,2272,搌,1
2305,摸,1388,孩,1
2305,摸,2168,挟,1
2305,摸,2199,换,1
2305,摸,2248,描,1
2305,摸,2756,楝,1
2306,摹,2287,搴,1
2306,摹,4451,纂,1
2306,摹,5181,蒂,1
2306,摹,5207,蓍,1
2307,摺,1395,孺,1
2308,摽,2313,撑,1
2309,撂,2275,搒,1
2310,撄,2813,樱,1
2312,撇,2311,撅,1
2312,撇,2339,擞,1
2312,撇,2742,椒,1
2313,撑,2113,拄,1
2313,撑,2156,持,1
2313,撑,2174,挥,1
2313,撑,2215,掉,1
2313,撑,2239,掸,1
2313,撑,2328,撺,1
2313,撑,2342,擦,1
2313,撑,5662,诨,1
2314,撒,2312,撇,1
2314,撒,2315,撕,1
2314,撒,2326,撷,1
2314,撒,2372,散,1
2315,撕,2262,揶,1
2315,撕,3319,澌,1
2316,撖,957,嘬,1
2317,撙,2239,掸,1
2317,撙,2815,樽,1
2318,撞,2143,括,1
2318,撞,2193,捏,1
2318,撞,2276,搓,1
2318,撞,2299,摔,1
2318,撞,2321,撬,1
2318,撞,2332,擅,1
2319,撤,2238,掷,1
2319,撤,2266,揿,1
2319,撤,2312,撇,1
2319,撤,2314,撒,1
2319,撤,2326,撷,1
2319,撤,2770,概,1
2319,撤,6009,辙,1
2320,撩,2317,撙,1
2320,撩,3599,獠,1
2320,撩,4221,穄,1
2320,撩,4989,苔,1
2321,撬,2349,攮,1
2322,播,2185,捃,1
2322,播,2250,插,1
2322,播,2274,搐,1
2322,播,3466,燔,1
2323,撮,2251,揖,1
2323,撮,2276,搓,1
2323,撮,2311,撅,1
2323,撮,2312,撇,1
2324,撰,2241,掼,1
2324,撰,2244,揆,1
2325,撵,2174,挥,1
2325,撵,2251,揖,1
2325,撵,2256,揩,1
2325,撵,2337,擗,1
2325,撵,3257,滓,1
2326,撷,6757,颥,1
2329,撼,2002,憾,1
2329,撼,2339,擞,1
2329,撼,2801,槭,1
2329,撼,3225,溅,1
2329,撼,3424,焚,1
2331,擂,2250,插,1
2331,擂,2833,檑,1
2331,擂,4442,累,1
2331,擂,4725,肋,1
2332,擅,2118,拉,1
2332,擅,2318,撞,1
2332,擅,2344,攉,1
2332,擅,2829,檀,1
2333,操,2189,捋,1
2333,操,2191,捍,1
2333,操,2199,换,1
2333,操,2225,探,1
2333,操,2244,揆,1
2333,操,2259,揲,1
2333,操,2325,撵,1
2333,操,2784,榫,1
2334,擎,2159,挈,1
2334,擎,2217,掌,1
2334,擎,4717,聱,1
2334,擎,5239,蕈,1
2334,擎,5259,薜,1
2334,擎,6666,静,1
2334,擎,6758,颦,1
2336,擒,1175,墦,1
2336,擒,2274,搐,1
2336,擒,2280,搞,1
2336,擒,2288,携,1
2338,擘,1364,嬖,1
2338,擘,4387,簿,1
2338,擘,6271,鐾,1
2339,擞,2314,撒,1
2339,擞,2315,撕,1
2339,擞,2319,撤,1
2339,擞,2839,檵,1
2339,擞,3593,猿,1
2339,擞,3701,璈,1
2342,擦,2228,控,1
2343,攀,2755,楚,1
2344,攉,2331,擂,1
2344,攉,3340,濯,1
2345,攒,1353,嫚,1
2345,攒,3715,瓒,1
2345,攒,4872,臜,1
2346,攘,2227,接,1
2346,攘,2261,援,1
2346,攘,2349,攮,1
2346,攘,4225,穰,1
2350,支,644,友,1
2350,支,690,吏,1
2350,支,1721,廴,1
2350,支,2380,文,1
2351,攴,4953,芟,1
2352,攵,2841,次,1
2352,攵,3481,父,1
2352,攵,4936,艾,1
2353,收,676,叹,1
2353,收,719,吹,1
2353,收,748,呶,1
2353,收,1250,妆,1
2353,收,1563,峻,1
2353,收,1791,後,1
2353,收,2361,敉,1
2353,收,3353,火,1
2353,收,3504,牧,1
2353,收,4731,肛,1
2353,收,4736,股,1
2353,收,4749,肷,1
2353,收,5638,诐,1
2353,收,5653,诟,1
2354,攸,118,仅,1
2355,改,1745,弥,1
2355,改,2366,敖,1
2355,改,2952,汉,1
2355,改,2995,没,1
2355,改,4023,矽,1
2355,改,4460,约,1
2355,改,4478,纹,1
2355,改,4879,致,1
2355,改,5859,趿,1
2356,攻,719,吹,1
2356,攻,1043,坂,1
2356,攻,1048,坎,1
2356,攻,2973,汶,1
2357,放,1745,弥,1
2357,放,2359,故,1
2357,放,2362,敌,1
2357,放,2363,敏,1
2357,放,2580,极,1
2357,放,2844,欤,1
2357,放,4023,矽,1
2357,放,4178,秆,1
2357,放,4461,级,1
2357,放,4879,致,1
2357,放,4901,舨,1
2357,放,5471,衩,1
2357,放,5496,被,1
2357,放,5607,议,1
2357,放,6788,饭,1
2357,放,7031,鸡,1
2358,政,1380,孜,1
2358,政,2887,殴,1
2358,政,4057,砼,1
2358,政,4879,致,1
2358,政,5742,豉,1
2358,政,5859,趿,1
2358,政,6686,鞍,1
2359,故,118,仅,1
2359,故,1041,圾,1
2359,故,1048,坎,1
2359,故,1073,坼,1
2359,故,2375,敬,1
2359,故,2852,歃,1
2359,故,4023,矽,1
2359,故,5859,趿,1
2360,效,2363,敏,1
2360,效,2373,敦,1
2360,效,6156,郊,1
2361,敉,653,叛,1
2361,敉,2376,数,1
2361,敉,7140,黻,1
2362,敌,72,乱,1
2362,敌,2359,故,1
2362,敌,2363,敏,1
2362,敌,2366,敖,1
2362,敌,3504,牧,1
2362,敌,3739,甜,1
2362,敌,5831,赦,1
2362,敌,5859,趿,1
2363,敏,2355,改,1
2363,敏,2374,敫,1
2363,敏,2889,殷,1
2363,敏,3893,的,1
2363,敏,5776,贬,1
2364,救,648,叔,1
2364,救,2073,扳,1
2364,救,2182,挺,1
2364,救,2358,政,1
2364,救,2361,敉,1
2364,救,2367,教,1
2364,救,2376,数,1
2364,救,2589,枚,1
2364,救,2766,楸,1
2364,救,2907,毪,1
2364,救,3505,物,1
2364,救,7065,鹅,1
2365,敕,2850,欺,1
2365,敕,5817,赖,1
2366,敖,2379,敷,1
2366,敖,3458,熬,1
2366,敖,4415,粼,1
2366,敖,6301,钣,1
2367,教,2362,敌,1
2367,教,2365,敕,1
2367,教,2372,散,1
2367,教,2373,敦,1
2367,教,5137,菽,1
2367,教,5263,薮,1
2367,教,5271,藐,1
2367,教,5494,袤,1
2367,教,5831,赦,1
2367,教,6286,钓,1
2368,敛,2363,敏,1
2368,敛,2376,数,1
2368,敛,2994,沟,1
2368,敛,4491,织,1
2368,敛,5774,贪,1
2368,敛,6788,饭,1
2368,敛,6937,鱾,1
2369,敝,2365,敕,1
2369,敝,2375,敬,1
2369,敝,2632,柳,1
2369,敝,3317,澈,1
2369,敝,3335,濒,1
2369,敝,3491,版,1
2369,敝,3762,畋,1
2370,敞,2632,柳,1
2370,敞,3161,淑,1
2370,敞,3762,畋,1
2370,敞,6731,颇,1
2371,敢,1201,夜,1
2371,敢,2367,教,1
2371,敢,2373,敦,1
2371,敢,3789,疗,1
2371,敢,3791,疚,1
2371,敢,4879,致,1
2371,敢,6838,驳,1
2372,散,633,厩,1
2372,散,2367,教,1
2372,散,5237,蔽,1
2372,散,6301,钣,1
2373,敦,1756,彀,1
2373,敦,2363,敏,1
2373,敦,2367,教,1
2373,敦,2371,敢,1
2373,敦,2851,款,1
2373,敦,5473,衬,1
2373,敦,6372,铰,1
2374,敫,2365,敕,1
2374,敫,2891,毁,1
2374,敫,4704,聂,1
2375,敬,347,儆,1
2375,敬,2367,教,1
2375,敬,2377,敲,1
2375,敬,2853,歆,1
2375,敬,5068,荥,1
2375,敬,5114,菂,1
2375,敬,5120,菔,1
2375,敬,5233,蔹,1
2375,敬,5237,蔽,1
2375,敬,5831,赦,1
2375,敬,6165,郜,1
2375,敬,6697,鞭,1
2375,敬,6833,驭,1
2376,数,648,叔,1
2376,数,1241,奴,1
2376,数,1355,嫠,1
2376,数,2365,敕,1
2376,数,2366,敖,1
2376,数,2373,敦,1
2376,数,4425,糕,1
2376,数,5274,藜,1
2377,敲,2363,敏,1
2377,敲,5237,蔽,1
2377,敲,6749,颜,1
2378,整,1355,嫠,1
2378,整,1954,想,1
2378,整,1964,愍,1
2378,整,4006,矍,1
2378,整,5892,踅,1
2378,整,5932,蹩,1
2378,整,6269,鏊,1
2379,敷,2374,敫,1
2379,敷,4595,缴,1
2379,敷,6112,遨,1
2379,敷,7133,黢,1
2380,文,5,丈,1
2380,文,47,久,1
2380,文,51,之,1
2380,文,95,交,1
2380,文,641,又,1
2380,文,1240,女,1
2380,文,1372,孓,1
2380,文,2944,永,1
2380,文,4172,离,1
2380,文,6021,辶,1
2381,斋,1730,弃,1
2381,斋,2045,扁,1
2381,斋,3484,爹,1
2381,斋,4437,紊,1
2381,斋,5494,袤,1
2381,斋,6710,音,1
2382,斌,1312,娥,1
2382,斌,1737,弑,1
2382,斌,2876,残,1
2382,斌,3633,珂,1
2382,斌,4150,祧,1
2382,斌,5528,褂,1
2383,斐,654,叟,1
2384,斑,1755,弼,1
2384,斑,3651,珽,1
2384,斑,5888,跹,1
2385,斓,5545,襕,1
2386,斗,32,丬,1
2386,斗,34,丰,1
2386,斗,1739,引,1
2386,斗,3498,牛,1
2387,料,2646,树,1
2387,料,3577,猝,1
2387,料,4182,科,1
2389,斜,759,和,1
2389,斜,3577,猝,1
2389,斜,4013,矧,1
2389,斜,4477,纸,1
2389,斜,4756,胁,1
2389,斜,4894,舛,1
2389,斜,5754,豺,1
2391,斟,2399,斯,1
2391,斟,4722,肆,1
2392,斡,5975,轷,1
2392,斡,6861,验,1
2393,斤,113,什,1
2393,斤,116,仃,1
2393,斤,123,介,1
2393,斤,1776,彳,1
2393,斤,2918,氏,1
2393,斤,3787,疔,1
2394,斥,390,冂,1
2394,斥,593,卟,1
2396,斩,1253,妊,1
2396,斩,1254,妍,1
2396,斩,4135,祈,1
2396,斩,5969,轱,1
2396,斩,6133,那,1
2396,斩,6675,靳,1
2398,断,445,凼,1
2398,断,607,即,1
2398,断,1675,幽,1
2398,断,2376,数,1
2398,断,3319,澌,1
2398,断,5330,蚵,1
2398,断,5854,趵,1
2399,斯,2398,断,1
2399,斯,2446,昕,1
2399,斯,5149,萜,1
2400,新,5128,菥,1
2401,方,49,么,1
2401,方,83,云,1
2401,方,85,亓,1
2401,方,1738,弓,1
2401,方,1875,恋,1
2401,方,5752,豸,1
2402,於,5516,裣,1
2403,施,2127,拖,1
2403,施,2409,旋,1
2403,施,2411,旎,1
2403,施,2683,桢,1
2403,施,3008,沲,1
2403,施,4496,绌,1
2403,施,4512,绝,1
2403,施,4522,继,1
2404,旁,910,喾,1
2404,旁,1151,塆,1
2404,旁,1768,彦,1
2404,旁,2928,氛,1
2404,旁,4029,砉,1
2404,旁,5353,蛮,1
2405,旃,4901,舨,1
2405,旃,5671,诲,1
2405,旃,6633,雨,1
2406,旄,2410,旌,1
2407,旅,233,依,1
2407,旅,2412,族,1
2407,旅,3436,煞,1
2407,旅,6228,酿,1
2407,旅,6431,锬,1
2408,旆,2405,旃,1
2409,旋,2412,族,1
2409,旋,3030,泛,1
2409,旋,3153,淀,1
2409,旋,4323,筱,1
2409,旋,6667,靛,1
2410,旌,2728,棰,1
2411,旎,2669,桅,1
2411,旎,4794,脆,1
2412,族,1347,嫉,1
2412,族,2410,旌,1
2412,族,3131,涘,1
2412,族,4139,祖,1
2412,族,4191,秩,1
2412,族,5657,诣,1
2413,旒,1980,慌,1
2414,旖,5729,谮,1
2415,旗,2410,旌,1
2415,旗,3254,滍,1
2415,旗,5517,裤,1
2416,无,48,乇,1
2416,无,359,先,1
2416,无,363,兑,1
2416,无,1479,尧,1
2416,无,4107,磊,1
2416,无,4668,老,1
2417,既,3404,烧,1
2417,既,3953,眩,1
2417,既,5317,蚜,1
2417,既,6852,骁,1
2418,日,392,冈,1
2418,日,432,凡,1
2418,日,616,厄,1
2418,日,2419,旦,1
2418,日,2561,束,1
2418,日,3749,田,1
2419,旦,3908,皿,1
2419,旦,3929,目,1
2419,旦,4453,纟,1
2419,旦,5740,豆,1
2420,旧,231,侗,1
2420,旧,247,促,1
2420,旧,2418,日,1
2420,旧,2967,汩,1
2420,旧,3233,溟,1
2420,旧,4789,胸,1
2420,旧,5738,谷,1
2420,旧,6525,闾,1
2421,旨,597,卣,1
2421,旨,650,受,1
2421,旨,3758,甾,1
2421,旨,4322,筮,1
2421,旨,4727,肓,1
2421,旨,4994,苜,1
2421,旨,5146,萏,1
2422,早,638,县,1
2422,早,2386,斗,1
2422,早,2901,毕,1
2423,旬,1419,审,1
2423,旬,4875,自,1
2423,旬,4897,舟,1
2423,旬,5656,询,1
2423,旬,6522,闻,1
2423,旬,6533,阆,1
2424,旭,251,俎,1
2424,旭,1270,妲,1
2424,旭,1277,姐,1
2424,旭,1480,尬,1
2424,旭,3535,狃,1
2424,旭,3934,相,1
2425,旮,2988,沓,1
2425,旮,4761,背,1
2425,旮,5550,西,1
2426,旯,2464,晃,1
2427,旰,3931,盱,1
2427,旰,6147,邺,1
2428,旱,4606,罕,1
2429,旴,2431,旷,1
2429,旴,3756,町,1
2430,时,547,勺,1
2430,时,762,咐,1
2430,时,765,咕,1
2430,时,1819,忖,1
2430,时,3931,盱,1
2430,时,5602,讨,1
2430,时,6198,酎,1
2430,时,6572,附,1
2431,旷,2429,旴,1
2431,旷,3032,泞,1
2431,旷,6145,邸,1
2431,旷,6200,酐,1
2432,旸,3614,玚,1
2433,旺,2430,时,1
2433,旺,3931,盱,1
2433,旺,3943,眊,1
2433,旺,3949,眠,1
2433,旺,3952,眨,1
2433,旺,3955,眭,1
2433,旺,4760,胆,1
2433,旺,4769,胜,1
2433,旺,4779,胫,1
2435,昀,2432,旸,1
2435,昀,2466,晌,1
2435,昀,3644,珣,1
2435,昀,5777,购,1
2436,昂,686,吊,1
2436,昂,753,命,1
2436,昂,1128,埽,1
2436,昂,1642,帛,1
2436,昂,2438,昆,1
2436,昂,2441,昌,1
2436,昂,2444,易,1
2436,昂,4305,筇,1
2436,昂,6642,需,1
2438,昆,1487,尼,1
2438,昆,2476,晟,1
2438,昆,4309,筏,1
2438,昆,4927,艮,1
2439,昉,42,丽,1
2439,昉,4734,肟,1
2439,昉,4788,胶,1
2440,昊,2428,旱,1
2440,昊,4877,臭,1
2441,昌,52,乌,1
2441,昌,1200,多,1
2441,昌,1723,廷,1
2441,昌,1857,思,1
2441,昌,2465,晋,1
2441,昌,2467,晏,1
2441,昌,4759,胄,1
2441,昌,6099,遇,1
2442,明,238,侧,1
2442,明,678,叼,1
2442,明,701,吟,1
2442,明,2433,旺,1
2442,明,3333,濉,1
2442,明,3952,眨,1
2442,明,4772,胡,1
2442,明,5383,蜩,1
2442,明,5776,贬,1
2442,明,6215,酮,1
2442,明,6563,阴,1
2443,昏,2626,查,1
2444,易,659,另,1
2444,易,2464,晃,1
2444,易,3232,溜,1
2444,易,4674,而,1
2444,易,5779,贯,1
2445,昔,14,专,1
2445,昔,699,吝,1
2445,昔,822,哲,1
2445,昔,2481,普,1
2445,昔,4727,肓,1
2445,昔,4745,肯,1
2445,昔,4966,芰,1
2445,昔,4990,苕,1
2445,昔,4999,苣,1
2445,昔,5031,茝,1
2445,昔,5054,荐,1
2445,昔,5164,著,1
2445,昔,5170,董,1
2445,昔,6710,音,1
2445,昔,6826,首,1
2446,昕,710,听,1
2447,昙,674,号,1
2447,昙,1922,悬,1
2447,昙,2482,景,1
2447,昙,4364,篡,1
2447,昙,4407,粤,1
2447,昙,4608,罘,1
2448,昝,3894,皆,1
2448,昝,4291,笥,1
2449,星,726,呈,1
2449,星,1046,坌,1
2449,星,1093,垦,1
2449,星,1180,壅,1
2449,星,1424,宦,1
2449,星,1499,屋,1
2449,星,1718,廛,1
2449,星,3325,澧,1
2449,星,3365,炅,1
2449,星,4322,筮,1
2449,星,4647,翌,1
2450,映,728,呋,1
2450,映,745,呲,1
2450,映,909,喽,1
2450,映,2870,殃,1
2450,映,4845,腿,1
2450,映,5898,踝,1
2451,春,478,券,1
2451,春,1474,尜,1
2451,春,2448,昝,1
2451,春,2898,毒,1
2451,春,3415,焉,1
2451,春,3770,畜,1
2451,春,4672,耆,1
2451,春,5805,赉,1
2451,春,6710,音,1
2452,昧,2430,时,1
2452,昧,2450,映,1
2452,昧,4802,脒,1
2452,昧,5347,蛛,1
2452,昧,5685,谀,1
2453,昨,3761,畈,1
2453,昨,3952,眨,1
2453,昨,4074,硬,1
2453,昨,5328,蚱,1
2453,昨,6567,阼,1
2453,昨,6668,非,1
2454,昭,2473,晗,1
2454,昭,2508,曜,1
2454,昭,3939,眄,1
2454,昭,3949,眠,1
2454,昭,4711,聒,1
2454,昭,4763,胎,1
2454,昭,6766,飕,1
2455,是,405,冤,1
2455,是,1922,悬,1
2455,是,2434,旻,1
2455,是,2437,昃,1
2455,是,2456,昱,1
2455,是,3215,湜,1
2455,是,3485,爻,1
2455,是,4611,罡,1
2455,是,5836,走,1
2456,昱,2449,星,1
2456,昱,2455,是,1
2456,昱,2462,显,1
2458,昵,707,吨,1
2458,昵,2474,晚,1
2458,昵,3635,珉,1
2458,昵,3954,眬,1
2458,昵,3962,眼,1
2458,昵,6925,魄,1
2459,昶,3076,洲,1
2459,昶,5543,襁,1
2460,昼,1203,夤,1
2460,昼,3441,煮,1
2460,昼,3914,益,1
2461,昽,2469,晓,1
2461,昽,3640,珑,1
2462,显,209,佥,1
2462,显,726,呈,1
2462,显,790,品,1
2462,显,2419,旦,1
2462,显,2456,昱,1
2462,显,2471,晕,1
2462,显,4616,置,1
2462,显,6089,逯,1
2462,显,7125,黑,1
2464,晃,2434,旻,1
2464,晃,2440,昊,1
2464,晃,2455,是,1
2464,晃,2668,桄,1
2464,晃,4619,罴,1
2465,晋,870,啬,1
2465,晋,1095,垩,1
2465,晋,1896,恶,1
2465,晋,2481,普,1
2465,晋,2517,曹,1
2465,晋,4288,笞,1
2465,晋,4616,置,1
2465,晋,4747,育,1
2465,晋,4761,背,1
2465,晋,5146,萏,1
2465,晋,6635,雪,1
2466,晌,859,啊,1
2466,晌,869,啪,1
2466,晌,1924,悯,1
2466,晌,2435,昀,1
2466,晌,2527,朐,1
2466,晌,3381,炯,1
2466,晌,6403,锏,1
2467,晏,2434,旻,1
2467,晏,4675,耍,1
2468,晒,869,啪,1
2468,晒,1520,岈,1
2468,晒,2492,暅,1
2468,晒,3939,眄,1
2468,晒,3958,眶,1
2468,晒,4750,肺,1
2468,晒,4917,舾,1
2468,晒,7074,鹏,1
2469,晓,712,吮,1
2469,晓,2494,暌,1
2469,晓,3976,睨,1
2469,晓,4784,胱,1
2469,晓,5373,蜕,1
2470,晔,807,哗,1
2471,晕,586,卓,1
2471,晕,1387,学,1
2471,晕,1428,宰,1
2471,晕,2287,搴,1
2471,晕,2334,擎,1
2471,晕,2467,晏,1
2471,晕,4251,窣,1
2471,晕,6711,韵,1
2471,晕,6886,骨,1
2472,晖,955,嘤,1
2472,晖,3960,眸,1
2472,晖,5952,身,1
2473,晗,1560,峪,1
2473,晗,4313,答,1
2474,晚,418,冼,1
2474,晚,841,唤,1
2474,晚,2494,暌,1
2474,晚,2498,暝,1
2474,晚,3334,濑,1
2474,晚,3568,猇,1
2474,晚,3665,琥,1
2474,晚,3901,皖,1
2474,晚,3995,瞧,1
2474,晚,4806,脘,1
2476,晟,3379,炭,1
2477,晡,824,哺,1
2478,晤,882,喀,1
2478,晤,2454,昭,1
2478,晤,3423,焙,1
2478,晤,3639,珐,1
2478,晤,3953,眩,1
2478,晤,7177,龉,1
2479,晦,812,哞,1
2479,晦,899,喝,1
2479,晦,5795,贿,1
2479,晦,6222,酶,1
2480,晨,1869,总,1
2480,晨,6019,辰,1
2481,普,886,善,1
2481,普,3902,皙,1
2481,普,3963,着,1
2481,普,5164,著,1
2481,普,5183,蒈,1
2481,普,6644,霄,1
2482,景,638,县,1
2482,景,674,号,1
2482,景,2444,易,1
2483,晰,958,嘭,1
2483,晰,3985,瞅,1
2483,晰,4800,脐,1
2484,晳,2490,暂,1
2484,晳,2833,檑,1
2484,晳,5183,蒈,1
2485,晴,961,嘴,1
2485,晴,1362,嫱,1
2485,晴,3777,畸,1
2485,晴,3996,瞩,1
2485,晴,4837,腱,1
2485,晴,5902,踣,1
2486,晶,926,嗣,1
2486,晶,2438,昆,1
2486,晶,3247,溻,1
2486,晶,5813,赑,1
2487,晷,2467,晏,1
2487,晷,2495,暑,1
2488,智,700,吞,1
2488,智,2421,旨,1
2488,智,2484,晳,1
2488,智,3216,湝,1
2488,智,4324,筲,1
2488,智,4497,绍,1
2488,智,4847,膂,1
2489,晾,991,嚓,1
2489,晾,3991,瞟,1
2489,晾,4718,聿,1
2489,晾,4828,腙,1
2490,暂,1324,婚,1
2490,暂,2156,持,1
2490,暂,5671,诲,1
2490,暂,6908,髯,1
2491,暄,3780,疃,1
2492,暅,903,喱,1
2493,暇,2504,暾,1
2493,暇,3682,瑕,1
2493,暇,4820,腋,1
2495,暑,2487,晷,1
2495,暑,4254,窨,1
2495,暑,4349,箬,1
2496,暖,1342,媵,1
2497,暗,828,唁,1
2497,暗,851,唼,1
2497,暗,914,嗌,1
2497,暗,2485,晴,1
2497,暗,2499,暧,1
2497,暗,4777,胩,1
2499,暧,936,嗳,1
2501,暮,381,其,1
2501,暮,4850,膏,1
2501,暮,5089,莓,1
2501,暮,5167,葛,1
2501,暮,5217,蓦,1
2502,暴,1453,寨,1
2502,暴,2464,晃,1
2502,暴,3343,瀑,1
2502,暴,4442,累,1
2502,暴,4618,署,1
2502,暴,5992,辈,1
2502,暴,6915,鬟,1
2504,暾,877,啷,1
2505,曈,2491,暄,1
2505,曈,2507,曛,1
2506,曙,2509,曝,1
2506,曙,3989,瞑,1
2507,曛,5421,螣,1
2507,曛,5909,踵,1
2508,曜,994,嚯,1
2512,曰,695,吕,1
2512,曰,2423,旬,1
2512,曰,2918,氏,1
2512,曰,3890,白,1
2512,曰,4881,臼,1
2513,曲,383,典,1
2513,曲,1260,妞,1
2513,曲,1810,必,1
2513,曲,3144,涩,1
2513,曲,3750,由,1
2514,曳,1298,娄,1
2514,曳,2014,戈,1
2515,更,670,史,1
2515,更,1195,夏,1
2515,更,3449,熏,1
2515,更,6082,速,1
2516,曷,6101,遏,1
2517,曹,421,凄,1
2517,曹,2011,懵,1
2517,曹,2379,敷,1
2517,曹,2520,替,1
2517,曹,4146,祟,1
2517,曹,5023,茑,1
2517,曹,5203,蓄,1
2517,曹,5253,蕾,1
2517,曹,5957,軎,1
2517,曹,6113,遭,1
2518,曼,1195,夏,1
2518,曼,2467,晏,1
2518,曼,4622,罾,1
2519,曾,967,噌,1
2519,曾,1295,姿,1
2519,曾,1475,尝,1
2519,曾,1545,岿,1
2519,曾,2481,普,1
2519,曾,4288,笞,1
2519,曾,7121,黉,1
2520,替,2762,楮,1
2520,替,2988,沓,1
2520,替,4004,瞽,1
2520,替,4417,精,1
2520,替,4717,聱,1
2520,替,4761,背,1
2520,替,4864,臀,1
2520,替,5183,蒈,1
2520,替,5409,蝽,1
2521,最,60,乖,1
2521,最,1474,尜,1
2521,最,2371,敢,1
2521,最,2480,晨,1
2521,最,3119,浸,1
2521,最,4623,羁,1
2521,最,5746,象,1
2522,月,67,习,1
2522,月,392,冈,1
2522,月,687,同,1
2522,月,743,周,1
2522,月,3749,田,1
2522,月,4604,网,1
2522,月,6505,闩,1
2522,月,6507,闫,1
2522,月,6518,闷,1
2523,有,671,右,1
2523,有,1226,奋,1
2523,有,2425,旮,1
2523,有,3543,狗,1
2523,有,4076,确,1
2523,有,5043,茸,1
2524,朊,797,哌,1
2524,朊,4726,肌,1
2524,朊,4794,脆,1
2524,朊,4812,脱,1
2525,朋,495,剕,1
2525,朋,3939,眄,1
2525,朋,4781,胭,1
2525,朋,4825,腓,1
2525,朋,6551,阙,1
2525,朋,7074,鹏,1
2526,服,1438,寂,1
2526,服,2493,暇,1
2526,服,3962,眼,1
2526,服,4736,股,1
2526,服,4737,肢,1
2526,服,5773,贩,1
2526,服,6718,顺,1
2527,朐,460,刖,1
2527,朐,4771,胞,1
2528,朔,3620,玥,1
2528,朔,6737,颍,1
2528,朔,6738,颏,1
2530,朗,482,刽,1
2530,朗,607,即,1
2530,朗,6157,郎,1
2530,朗,6300,钢,1
2530,朗,6400,锌,1
2530,朗,7176,龈,1
2531,望,1147,堲,1
2531,望,1154,塑,1
2531,望,3124,涉,1
2531,望,3654,理,1
2532,朝,4595,缴,1
2532,朝,6678,靸,1
2534,朦,1666,幪,1
2534,朦,3603,獴,1
2534,朦,3992,瞠,1
2534,朦,4852,膘,1
2534,朦,4865,臁,1
2535,木,1208,夫,1
2535,木,2053,扌,1
2535,木,2948,求,1
2535,木,4174,禾,1
2535,木,6702,韦,1
2536,未,34,丰,1
2536,未,444,击,1
2536,未,1206,天,1
2536,未,2538,本,1
2536,未,2543,朵,1
2536,未,2564,来,1
2536,未,2948,求,1
2537,末,444,击,1
2537,末,1405,宋,1
2537,末,2053,扌,1
2537,末,2561,束,1
2537,末,2615,柒,1
2537,末,3004,沫,1
2537,末,5004,苯,1
2537,末,5830,赤,1
2538,本,22,东,1
2538,本,580,卉,1
2538,本,1628,布,1
2538,本,2018,戍,1
2538,本,2394,斥,1
2538,本,2948,求,1
2539,札,2056,扑,1
2539,札,2562,杠,1
2540,术,69,书,1
2540,术,2014,戈,1
2540,术,2053,扌,1
2540,术,2537,末,1
2540,术,2558,杖,1
2540,术,4174,禾,1
2540,术,4391,米,1
2541,朱,25,丢,1
2541,朱,582,华,1
2541,朱,746,味,1
2541,朱,1213,失,1
2541,朱,1271,妹,1
2541,朱,2536,未,1
2541,朱,4010,矢,1
2542,朴,2570,杯,1
2542,朴,2577,杼,1
2542,朴,2611,柈,1
2542,朴,3515,犁,1
2543,朵,1405,宋,1
2543,朵,2022,我,1
2543,朵,2541,朱,1
2543,朵,4293,笨,1
2544,机,2539,札,1
2544,机,2582,枇,1
2544,机,5960,轨,1
2545,朽,2086,抒,1
2545,朽,2551,杉,1
2545,朽,2621,柜,1
2545,朽,2629,柯,1
2545,朽,2651,栝,1
2545,朽,2815,樽,1
2545,朽,4678,耔,1
2546,杀,123,介,1
2546,杀,199,余,1
2546,杀,725,呆,1
2546,杀,1224,奈,1
2546,杀,1405,宋,1
2546,杀,1670,并,1
2546,杀,2052,手,1
2546,杀,2563,条,1
2546,杀,2673,桊,1
2546,杀,2945,氽,1
2546,杀,2949,汆,1
2546,杀,4435,糸,1
2546,杀,4624,羊,1
2546,杀,4677,耒,1
2546,杀,6250,采,1
2547,杂,22,东,1
2547,杂,28,丧,1
2547,杂,725,呆,1
2547,杂,2546,杀,1
2547,杂,2942,水,1
2547,杂,3089,浆,1
2547,杂,5785,贵,1
2547,杂,6365,铩,1
2548,权,608,却,1
2548,权,649,取,1
2548,权,2078,找,1
2548,权,2364,救,1
2548,权,2560,杞,1
2548,权,2570,杯,1
2548,权,5137,菽,1
2548,权,6289,钗,1
2549,杆,2060,托,1
2549,杆,2577,杼,1
2549,杆,2583,枉,1
2549,杆,2619,柙,1
2549,杆,3611,玕,1
2549,杆,4178,秆,1
2550,杈,648,叔,1
2550,杈,2580,极,1
2550,杈,2603,枳,1
2551,杉,1772,彬,1
2551,杉,2058,打,1
2551,杉,2082,抄,1
2551,杉,2542,朴,1
2551,杉,3392,烂,1
2551,杉,3789,疗,1
2551,杉,4678,耔,1
2551,杉,5976,轸,1
2552,杌,2586,枕,1
2552,杌,2641,栊,1
2553,李,34,丰,1
2553,李,1223,奇,1
2553,李,1389,孪,1
2553,李,7058,鸾,1
2554,杏,37,丶,1
2554,杏,705,否,1
2554,杏,727,告,1
2554,杏,1820,志,1
2554,杏,1840,态,1
2554,杏,2553,李,1
2554,杏,2571,杰,1
2554,杏,2626,查,1
2554,杏,3773,番,1
2555,材,554,匍,1
2555,材,1462,封,1
2555,材,2106,抹,1
2555,材,2144,拭,1
2555,材,2558,杖,1
2555,材,2585,析,1
2555,材,2646,树,1
2555,材,2666,桂,1
2555,材,3549,狨,1
2556,村,1457,对,1
2556,村,2558,杖,1
2556,村,2587,林,1
2556,村,5473,衬,1
2557,杓,2588,枘,1
2557,杓,2607,枸,1
2558,杖,131,仗,1
2558,杖,1829,快,1
2558,杖,2074,扶,1
2558,杖,2361,敉,1
2558,杖,2548,权,1
2559,杜,1740,弗,1
2559,杜,2061,扛,1
2559,杜,2565,杧,1
2559,杜,3359,灶,1
2559,杜,4130,社,1
2560,杞,1843,怄,1
2560,杞,2596,枧,1
2560,杞,2618,柘,1
2560,杞,2685,桤,1
2561,束,78,事,1
2561,束,1217,夹,1
2561,束,2537,末,1
2561,束,2538,本,1
2561,束,2553,李,1
2561,束,2564,来,1
2561,束,2613,某,1
2561,束,4179,秉,1
2561,束,4439,索,1
2561,束,4677,耒,1
2561,束,4718,聿,1
2561,束,4720,肃,1
2561,束,5038,茱,1
2562,杠,72,乱,1
2562,杠,2063,扦,1
2562,杠,2207,捶,1
2562,杠,2559,杜,1
2562,杠,2560,杞,1
2562,杠,2631,柱,1
2562,杠,5601,讧,1
2563,条,105,亲,1
2563,条,408,冬,1
2563,条,682,各,1
2563,条,3360,灸,1
2563,条,3944,看,1
2563,条,4152,祭,1
2563,条,5042,茶,1
2564,来,1458,寺,1
2564,来,1881,恚,1
2564,来,2541,朱,1
2564,来,2613,某,1
2564,来,5101,莱,1
2564,来,5186,蒌,1
2564,来,5512,裘,1
2564,来,6250,采,1
2565,杧,867,啦,1
2565,杧,2539,札,1
2565,杧,2760,楦,1
2566,杨,466,初,1
2566,杨,2068,扬,1
2566,杨,2125,拓,1
2566,杨,2129,拘,1
2566,杨,2557,杓,1
2566,杨,2581,构,1
2566,杨,2607,枸,1
2566,杨,2815,樽,1
2566,杨,5065,荡,1
2566,杨,6703,韧,1
2567,杩,2545,朽,1
2567,杩,2629,柯,1
2568,杪,2542,朴,1
2568,杪,2691,桫,1
2569,杭,2103,抬,1
2569,杭,2157,挂,1
2569,杭,2578,松,1
2569,杭,2651,栝,1
2569,杭,2668,桄,1
2569,杭,2714,棁,1
2570,杯,1049,坏,1
2570,杯,2542,朴,1
2570,杯,2578,松,1
2570,杯,2597,枨,1
2570,杯,2618,柘,1
2570,杯,2622,柝,1
2570,杯,2638,标,1
2570,杯,2642,栋,1
2570,杯,2724,棣,1
2570,杯,3625,环,1
2571,杰,1033,圭,1
2571,杰,1187,声,1
2571,杰,1557,峦,1
2571,杰,2538,本,1
2571,杰,3072,洪,1
2571,杰,3306,潦,1
2571,杰,5297,虫,1
2571,杰,5805,赉,1
2572,杲,725,呆,1
2572,杲,2590,果,1
2572,杲,2613,某,1
2572,杲,3759,畀,1
2573,杳,6829,香,1
2574,杵,1826,忤,1
2574,杵,2585,析,1
2574,杵,2623,柞,1
2574,杵,4178,秆,1
2575,杷,2608,柁,1
2575,杷,3477,爬,1
2576,杻,2575,杷,1
2576,杻,2696,梃,1
2577,杼,2635,柿,1
2577,杼,2700,梓,1
2578,松,423,凇,1
2578,松,2061,扛,1
2578,松,2551,杉,1
2578,松,2584,枋,1
2578,松,2586,枕,1
2578,松,2599,枫,1
2578,松,2609,柃,1
2578,松,2625,柢,1
2578,松,2688,桧,1
2578,松,3556,狱,1
2579,板,653,叛,1
2579,板,2085,抑,1
2579,板,2173,挤,1
2579,板,2222,掖,1
2579,板,2364,救,1
2579,板,2585,析,1
2579,板,2610,柄,1
2579,板,2622,柝,1
2579,板,2653,校,1
2579,板,2742,椒,1
2579,板,2830,檄,1
2580,极,1041,圾,1
2580,极,2089,投,1
2580,极,2591,枝,1
2580,极,2592,枞,1
2580,极,2638,标,1
2580,极,2742,椒,1
2580,极,5832,赧,1
2581,构,648,叔,1
2581,构,1873,恂,1
2581,构,2219,掏,1
2581,构,2566,杨,1
2581,构,2598,枪,1
2581,构,2612,柏,1
2581,构,2647,栒,1
2581,构,2661,格,1
2581,构,2676,桐,1
2581,构,2697,梅,1
2581,构,3505,物,1
2581,构,4642,羽,1
2582,枇,2606,枷,1
2583,枉,2108,押,1
2583,枉,2113,拄,1
2583,枉,2125,拓,1
2583,枉,2146,拯,1
2583,枉,2157,挂,1
2583,枉,2559,杜,1
2583,枉,2562,杠,1
2583,枉,2651,栝,1
2583,枉,2675,桎,1
2583,枉,2696,梃,1
2583,枉,5840,赶,1
2584,枋,2555,材,1
2584,枋,2661,格,1
2585,析,1040,圻,1
2585,析,1835,忻,1
2585,析,2115,拆,1
2585,析,2582,枇,1
2585,析,2623,柞,1
2585,析,2624,柠,1
2585,析,2644,栎,1
2586,枕,2135,拢,1
2586,枕,2552,杌,1
2586,枕,2582,枇,1
2586,枕,2588,枘,1
2586,枕,2596,枧,1
2586,枕,3572,猕,1
2586,枕,4199,秾,1
2587,林,1740,弗,1
2587,林,2090,抖,1
2587,林,2655,株,1
2587,林,2712,梾,1
2587,林,2721,棘,1
2587,林,4678,耔,1
2588,枘,2691,桫,1
2589,枚,2167,挞,1
2589,枚,2359,故,1
2589,枚,2548,权,1
2589,枚,2551,杉,1
2589,枚,2558,杖,1
2589,枚,2562,杠,1
2589,枚,2580,极,1
2589,枚,2591,枝,1
2589,枚,2596,枧,1
2589,枚,2609,柃,1
2589,枚,2653,校,1
2589,枚,2683,桢,1
2589,枚,3504,牧,1
2589,枚,4207,稔,1
2590,果,2705,梨,1
2590,果,4171,禺,1
2590,果,4442,累,1
2591,枝,2579,板,1
2591,枝,2589,枚,1
2591,枝,2711,梽,1
2591,枝,4159,祾,1
2591,枝,5137,菽,1
2592,枞,2580,极,1
2593,枢,1843,怄,1
2593,枢,2084,把,1
2593,枢,2560,杞,1
2593,枢,2579,板,1
2593,枢,2670,框,1
2593,枢,2713,检,1
2593,枢,5612,讴,1
2593,枢,7176,龈,1
2595,枥,2584,枋,1
2595,枥,2826,橱,1
2596,枧,5559,觇,1
2597,枨,3552,狭,1
2598,枪,2127,拖,1
2598,枪,2565,杧,1
2598,枪,2657,栳,1
2598,枪,2713,检,1
2598,枪,2772,榆,1
2598,枪,2792,槌,1
2598,枪,4131,祀,1
2598,枪,5488,袍,1
2599,枫,2115,拆,1
2599,枫,2579,板,1
2599,枫,2580,极,1
2599,枫,2586,枕,1
2599,枫,2720,棕,1
2599,枫,2770,概,1
2600,枭,5952,身,1
2601,枯,1442,寇,1
2601,枯,2248,描,1
2601,枯,2559,杜,1
2601,枯,2591,枝,1
2601,枯,2699,梏,1
2601,枯,2702,梢,1
2601,枯,7036,鸦,1
2602,枰,1065,坪,1
2602,枰,2549,杆,1
2602,枰,2611,柈,1
2602,枰,2700,梓,1
2603,枳,2599,枫,1
2603,枳,2711,梽,1
2603,枳,2799,槟,1
2603,枳,5037,茯,1
2605,架,2633,柴,1
2605,架,2664,桀,1
2605,架,2725,棨,1
2605,架,3558,狳,1
2605,架,4610,罟,1
2605,架,6623,集,1
2606,枷,2620,柚,1
2606,枷,2766,楸,1
2606,枷,5866,跏,1
2607,枸,2612,柏,1
2609,柃,4984,苎,1
2610,柄,2059,扔,1
2610,柄,2566,杨,1
2610,柄,2599,枫,1
2610,柄,2618,柘,1
2610,柄,2649,栖,1
2610,柄,2702,梢,1
2610,柄,2742,椒,1
2611,柈,2700,梓,1
2611,柈,2712,梾,1
2611,柈,2775,榉,1
2611,柈,2876,残,1
2612,柏,2062,扣,1
2612,柏,2579,板,1
2612,柏,2595,枥,1
2612,柏,2598,枪,1
2612,柏,2608,柁,1
2612,柏,2618,柘,1
2612,柏,2620,柚,1
2612,柏,2621,柜,1
2612,柏,2622,柝,1
2612,柏,2632,柳,1
2612,柏,2769,榀,1
2612,柏,3934,相,1
2613,某,1126,基,1
2613,某,2564,来,1
2613,某,2744,椠,1
2613,某,4444,絷,1
2613,某,4876,臬,1
2613,某,4977,苄,1
2613,某,5002,苦,1
2613,某,5038,茱,1
2614,柑,1932,惆,1
2614,柑,2116,拇,1
2614,柑,2158,指,1
2614,柑,2187,捆,1
2614,柑,2559,杜,1
2614,柑,2620,柚,1
2614,柑,2765,楷,1
2614,柑,3934,相,1
2615,柒,3047,泶,1
2615,柒,3068,洣,1
2615,柒,3174,深,1
2615,柒,3192,渠,1
2615,柒,4091,碟,1
2615,柒,4274,竽,1
2615,柒,4280,笊,1
2615,柒,5278,藻,1
2616,染,1305,娑,1
2616,染,2543,朵,1
2616,染,2590,果,1
2616,染,3134,涞,1
2616,染,3463,燊,1
2616,染,4274,竽,1
2616,染,4293,笨,1
2616,染,4406,粢,1
2616,染,4600,罂,1
2617,柔,1458,寺,1
2617,柔,2471,晕,1
2617,柔,2600,枭,1
2617,柔,2677,桑,1
2617,柔,4405,粟,1
2617,柔,6250,采,1
2618,柘,2125,拓,1
2618,柘,2399,斯,1
2618,柘,2570,杯,1
2619,柙,2108,押,1
2620,柚,2728,棰,1
2621,柜,2608,柁,1
2621,柜,2627,柩,1
2621,柜,2678,桓,1
2622,柝,2115,拆,1
2622,柝,2585,析,1
2623,柞,1847,怍,1
2623,柞,2611,柈,1
2623,柞,2784,榫,1
2623,柞,4188,秤,1
2623,柞,5133,菲,1
2624,柠,430,凝,1
2624,柠,2567,杩,1
2624,柠,2577,杼,1
2624,柠,2661,格,1
2624,柠,2684,档,1
2624,柠,2720,棕,1
2624,柠,2737,椋,1
2625,柢,2076,扺,1
2625,柢,2748,椴,1
2626,查,1226,奋,1
2626,查,3783,疍,1
2626,查,3916,盎,1
2626,查,3933,直,1
2626,查,4294,笪,1
2628,柬,107,亵,1
2628,柬,2650,栗,1
2628,柬,2663,栾,1
2628,柬,4097,碱,1
2628,柬,6614,隶,1
2629,柯,2551,杉,1
2629,柯,2557,杓,1
2629,柯,2567,杩,1
2629,柯,2576,杻,1
2629,柯,2610,柄,1
2629,柯,2654,栩,1
2629,柯,2691,桫,1
2629,柯,2697,梅,1
2629,柯,2745,椤,1
2629,柯,3381,炯,1
2629,柯,3633,珂,1
2629,柯,4147,祠,1
2629,柯,4197,移,1
2629,柯,5970,轲,1
2630,柰,2553,李,1
2630,柰,4392,籴,1
2631,柱,2139,拦,1
2631,柱,2157,挂,1
2631,柱,2609,柃,1
2631,柱,2651,栝,1
2631,柱,2739,椎,1
2631,柱,2753,楔,1
2632,柳,2619,柙,1
2632,柳,2635,柿,1
2632,柳,2777,榔,1
2633,柴,1147,堲,1
2633,柴,2616,染,1
2633,柴,2725,棨,1
2633,柴,2791,槊,1
2633,柴,4274,竽,1
2633,柴,4402,粜,1
2635,柿,2070,扮,1
2635,柿,2086,抒,1
2635,柿,2574,杵,1
2635,柿,2610,柄,1
2635,柿,2632,柳,1
2636,栀,603,卮,1
2636,栀,2598,枪,1
2637,栅,1282,姗,1
2637,栅,2722,棚,1
2637,栅,3636,珊,1
2638,标,1376,存,1
2638,标,2569,杭,1
2638,标,2570,杯,1
2638,标,2579,板,1
2638,标,2655,株,1
2638,标,2672,桉,1
2638,标,2686,桥,1
2638,标,2730,棵,1
2638,标,2737,椋,1
2638,标,2773,榇,1
2638,标,3545,狝,1
2638,标,4195,称,1
2639,栈,2679,桔,1
2639,栈,2691,桫,1
2639,栈,2708,械,1
2639,栈,3549,狨,1
2640,栉,2111,拂,1
2640,栉,2707,梯,1
2641,栊,2748,椴,1
2642,栋,2622,柝,1
2642,栋,2639,栈,1
2642,栋,2737,椋,1
2642,栋,3388,炼,1
2644,栎,2622,柝,1
2644,栎,2625,柢,1
2644,栎,2642,栋,1
2644,栎,2697,梅,1
2644,栎,5977,轹,1
2645,栏,34,丰,1
2645,栏,2118,拉,1
2645,栏,2648,栓,1
2645,栏,3392,烂,1
2645,栏,4716,聪,1
2646,树,2070,扮,1
2646,树,2555,材,1
2646,树,4676,耐,1
2647,栒,2219,掏,1
2647,栒,2676,桐,1
2647,栒,5518,裥,1
2648,栓,1862,性,1
2648,栓,2122,拎,1
2648,栓,2631,柱,1
2648,栓,2645,栏,1
2648,栓,3554,狯,1
2649,栖,26,两,1
2649,栖,2094,抛,1
2649,栖,2121,拍,1
2649,栖,2250,插,1
2649,栖,2610,柄,1
2649,栖,2612,柏,1
2649,栖,2620,柚,1
2649,栖,2681,桠,1
2649,栖,2763,楯,1
2649,栖,2782,榧,1
2649,栖,3511,牺,1
2649,栖,4404,粞,1
2650,栗,1095,垩,1
2650,栗,2515,更,1
2650,栗,2617,柔,1
2650,栗,2671,案,1
2650,栗,3238,溧,1
2650,栗,4161,禁,1
2650,栗,4718,聿,1
2650,栗,5101,莱,1
2651,栝,2062,扣,1
2651,栝,2569,杭,1
2651,栝,2584,枋,1
2651,栝,2644,栎,1
2651,栝,2833,檑,1
2652,栟,2775,榉,1
2653,校,34,丰,1
2653,校,1288,姣,1
2653,校,2222,掖,1
2653,校,2293,摅,1
2653,校,2364,救,1
2653,校,2589,枚,1
2653,校,2591,枝,1
2653,校,2661,格,1
2653,校,2672,桉,1
2653,校,2729,棱,1
2653,校,3153,淀,1
2653,校,5987,较,1
2653,校,6049,迩,1
2654,栩,2722,棚,1
2655,株,2106,抹,1
2655,株,2175,挦,1
2655,株,2574,杵,1
2655,株,2587,林,1
2655,株,2611,柈,1
2655,株,2724,棣,1
2655,株,2730,棵,1
2655,株,3370,炔,1
2655,株,3571,猓,1
2655,株,4802,脒,1
2656,栲,1333,婷,1
2656,栲,2729,棱,1
2656,栲,2781,榜,1
2657,栳,2169,挠,1
2657,栳,2762,楮,1
2658,样,2101,抨,1
2658,样,2172,挣,1
2658,样,2602,枰,1
2658,样,2652,栟,1
2658,样,2684,档,1
2658,样,2707,梯,1
2658,样,2731,棹,1
2658,样,2761,楫,1
2658,样,2784,榫,1
2658,样,2793,槎,1
2658,样,2808,樟,1
2658,样,4163,禅,1
2659,核,1388,孩,1
2659,核,2565,杧,1
2659,核,2764,楱,1
2659,核,2781,榜,1
2659,核,2799,槟,1
2659,核,2822,橛,1
2659,核,5029,茛,1
2660,根,1088,垠,1
2660,根,1887,恨,1
2660,根,2100,报,1
2660,根,2552,杌,1
2660,根,2580,极,1
2660,根,2767,楹,1
2660,根,2770,概,1
2660,根,4428,糙,1
2660,根,4684,耜,1
2660,根,5507,裉,1
2661,格,1889,恪,1
2661,格,2154,拾,1
2661,格,2551,杉,1
2661,格,2651,栝,1
2661,格,2656,栲,1
2661,格,2713,检,1
2661,格,3512,牾,1
2661,格,4063,硌,1
2661,格,4395,籽,1
2661,格,5986,辂,1
2662,栽,6704,韨,1
2664,桀,4402,粜,1
2664,桀,4576,缡,1
2664,桀,6361,铤,1
2665,桁,2604,枵,1
2665,桁,2777,榔,1
2665,桁,3674,琳,1
2666,桂,1933,惇,1
2666,桂,2113,拄,1
2666,桂,2263,揸,1
2666,桂,2559,杜,1
2666,桂,2583,枉,1
2666,桂,2631,柱,1
2666,桂,2645,栏,1
2666,桂,2712,梾,1
2666,桂,2724,棣,1
2666,桂,2726,棬,1
2666,桂,2728,棰,1
2666,桂,2755,楚,1
2666,桂,2807,樘,1
2667,桃,1284,姚,1
2667,桃,2582,枇,1
2667,桃,2586,枕,1
2667,桃,4150,祧,1
2667,桃,5140,萄,1
2668,桄,2683,桢,1
2669,桅,1294,姽,1
2669,桅,2077,扼,1
2669,桅,2636,栀,1
2669,桅,2726,棬,1
2670,框,2206,捱,1
2670,框,2627,柩,1
2670,框,2696,梃,1
2670,框,2782,榧,1
2670,框,2814,樵,1
2670,框,2858,止,1
2671,案,31,丫,1
2671,案,105,亲,1
2671,案,1405,宋,1
2671,案,3192,渠,1
2671,案,4437,紊,1
2671,案,5746,象,1
2671,案,7183,龛,1
2672,桉,2160,按,1
2672,桉,2652,栟,1
2673,桊,2148,拳,1
2673,桊,4419,糅,1
2674,桌,2590,果,1
2674,桌,3020,泉,1
2674,桌,4402,粜,1
2674,桌,5123,菜,1
2676,桐,2119,拊,1
2676,桐,2129,拘,1
2676,桐,2654,栩,1
2676,桐,2826,橱,1
2676,桐,3381,炯,1
2676,桐,4211,稠,1
2676,桐,5518,裥,1
2677,桑,77,争,1
2677,桑,2079,承,1
2677,桑,2617,柔,1
2677,桑,2689,桨,1
2677,桑,2779,榘,1
2677,桑,3323,澡,1
2677,桑,3463,燊,1
2678,桓,1091,垣,1
2678,桓,2681,桠,1
2678,桓,2688,桧,1
2678,桓,2760,楦,1
2678,桓,2814,樵,1
2678,桓,3399,烜,1
2678,桓,3811,疸,1
2678,桓,3814,疽,1
2678,桓,4399,粕,1
2679,桔,2121,拍,1
2679,桔,2169,挠,1
2679,桔,2216,掊,1
2679,桔,2601,枯,1
2679,桔,2651,栝,1
2679,桔,2704,梧,1
2679,桔,2711,梽,1
2679,桔,4196,秸,1
2679,桔,5969,轱,1
2680,桕,2121,拍,1
2680,桕,2651,栝,1
2681,桠,2583,枉,1
2682,桡,2657,栳,1
2682,桡,2718,棍,1
2683,桢,2659,核,1
2684,档,2631,柱,1
2684,档,2672,桉,1
2684,档,2675,桎,1
2684,档,2685,桤,1
2684,档,2702,梢,1
2684,档,2812,樯,1
2685,桤,1899,恺,1
2685,桤,2749,椹,1
2686,桥,2183,挽,1
2686,桥,2240,掺,1
2686,桥,2252,揞,1
2686,桥,2651,栝,1
2686,桥,4421,糈,1
2687,桦,2574,杵,1
2687,桦,2611,柈,1
2688,桧,2648,栓,1
2688,桧,3554,狯,1
2689,桨,1295,姿,1
2689,桨,1386,孥,1
2689,桨,2164,挚,1
2689,桨,2605,架,1
2690,桩,369,兢,1
2690,桩,2113,拄,1
2690,桩,2204,据,1
2690,桩,2569,杭,1
2690,桩,2578,松,1
2690,桩,2602,枰,1
2690,桩,2623,柞,1
2690,桩,2641,栊,1
2692,桴,2735,椁,1
2692,桴,2815,樽,1
2692,桴,4834,腭,1
2693,桶,2649,栖,1
2693,桶,2810,樨,1
2693,桶,2826,橱,1
2693,桶,3446,煽,1
2694,桷,2647,栒,1
2694,桷,2697,梅,1
2694,桷,2758,楠,1
2694,桷,3830,痛,1
2695,梁,820,哭,1
2695,梁,2590,果,1
2695,梁,2616,染,1
2696,梃,2182,挺,1
2697,梅,1645,帡,1
2697,梅,2115,拆,1
2697,梅,2194,捐,1
2697,梅,2607,枸,1
2697,梅,2670,框,1
2697,梅,2672,桉,1
2697,梅,2694,桷,1
2697,梅,2739,椎,1
2697,梅,2741,椑,1
2697,梅,3511,牺,1
2697,梅,5515,裢,1
2697,梅,5671,诲,1
2697,梅,5984,辀,1
2698,梆,1772,彬,1
2698,梆,2085,抑,1
2698,梆,2177,挪,1
2698,梆,2207,捶,1
2698,梆,2619,柙,1
2698,梆,2687,桦,1
2698,梆,2830,檄,1
2698,梆,4807,脚,1
2698,梆,5411,螂,1
2698,梆,6190,鄹,1
2699,梏,2584,枋,1
2699,梏,2604,枵,1
2699,梏,2657,栳,1
2699,梏,2661,格,1
2699,梏,2679,桔,1
2700,梓,2602,枰,1
2700,梓,2692,桴,1
2700,梓,2731,棹,1
2701,梗,2230,掩,1
2701,梗,2279,搜,1
2701,梗,2672,桉,1
2701,梗,2675,桎,1
2701,梗,3126,涎,1
2701,梗,4413,粳,1
2702,梢,1905,悄,1
2702,梢,2194,捐,1
2702,梢,2694,桷,1
2702,梢,2697,梅,1
2702,梢,2765,楷,1
2702,梢,2803,槽,1
2702,梢,4687,耥,1
2703,梦,1762,彗,1
2703,梦,1995,憖,1
2703,梦,2520,替,1
2703,梦,2710,梵,1
2703,梦,2755,楚,1
2704,梧,1915,悟,1
2704,梧,2207,捶,1
2704,梧,2603,枳,1
2704,梧,2656,栲,1
2704,梧,2657,栳,1
2704,梧,2679,桔,1
2704,梧,2806,樗,1
2704,梧,6006,辖,1
2705,梨,2695,梁,1
2705,梨,3500,牟,1
2705,梨,3522,犟,1
2706,梭,2176,挨,1
2706,梭,2696,梃,1
2706,梭,2699,梏,1
2706,梭,2750,椽,1
2706,梭,2805,樊,1
2707,梯,1979,慊,1
2707,梯,2640,栉,1
2707,梯,2658,样,1
2707,梯,2693,桶,1
2707,梯,2736,椅,1
2707,梯,2768,楼,1
2707,梯,2793,槎,1
2708,械,611,卸,1
2708,械,6828,馘,1
2709,梳,2179,振,1
2709,梳,2210,捻,1
2709,梳,2659,核,1
2709,梳,2711,梽,1
2709,梳,4424,糍,1
2710,梵,1926,悲,1
2710,梵,2734,棼,1
2711,梽,2179,振,1
2711,梽,2713,检,1
2711,梽,4224,穗,1
2712,梾,1912,悚,1
2712,梾,2644,栎,1
2712,梾,2721,棘,1
2712,梾,2756,楝,1
2712,梾,2773,榇,1
2713,检,2118,拉,1
2713,检,2198,捡,1
2713,检,2578,松,1
2713,检,2598,枪,1
2713,检,2628,柬,1
2713,检,2648,栓,1
2713,检,2688,桧,1
2713,检,2769,榀,1
2713,检,2821,橙,1
2713,检,3968,睑,1
2713,检,5516,裣,1
2714,棁,1919,悦,1
2714,棁,2709,梳,1
2716,棉,1642,帛,1
2716,棉,2010,懦,1
2716,棉,2658,样,1
2716,棉,4200,稀,1
2716,棉,4416,粽,1
2716,棉,6355,铞,1
2717,棋,2147,拱,1
2717,棋,2193,捏,1
2717,棋,2345,攒,1
2717,棋,2749,椹,1
2717,棋,2768,楼,1
2717,棋,2809,模,1
2717,棋,2811,横,1
2718,棍,2110,抿,1
2718,棍,2335,擐,1
2718,棍,2786,榱,1
2718,棍,3425,焜,1
2718,棍,4204,程,1
2718,棍,5994,辊,1
2719,棒,1163,墀,1
2719,棒,2313,撑,1
2719,棒,2321,撬,1
2719,棒,2810,樨,1
2719,棒,3847,瘁,1
2720,棕,2638,标,1
2720,棕,2750,椽,1
2720,棕,2773,榇,1
2720,棕,2781,榜,1
2720,棕,4221,穄,1
2721,棘,4269,竦,1
2722,棚,1134,堋,1
2722,棚,2262,揶,1
2722,棚,2654,栩,1
2722,棚,2802,槲,1
2722,棚,2822,橛,1
2723,棠,386,兼,1
2723,棠,2217,掌,1
2723,棠,3497,牚,1
2723,棠,5067,荤,1
2723,棠,5123,菜,1
2723,棠,5189,蒙,1
2723,棠,5242,蕖,1
2725,棨,3711,璨,1
2725,棨,4412,粲,1
2725,棨,4446,綮,1
2725,棨,6576,陈,1
2727,森,2662,栽,1
2727,森,3179,淼,1
2727,森,5073,荪,1
2729,棱,2080,技,1
2729,棱,2269,搂,1
2729,棱,2305,摸,1
2729,棱,2757,楞,1
2729,棱,2838,檬,1
2729,棱,4689,耧,1
2730,棵,2174,挥,1
2730,棵,2301,摞,1
2730,棵,2655,株,1
2730,棵,2686,桥,1
2730,棵,4158,祼,1
2731,棹,2215,掉,1
2731,棹,2775,榉,1
2731,棹,2808,樟,1
2732,棺,2284,搪,1
2732,棺,2648,栓,1
2732,棺,2672,桉,1
2732,棺,2760,楦,1
2732,棺,2763,楯,1
2732,棺,2781,榜,1
2733,棻,3046,泵,1
2733,棻,5123,菜,1
2735,椁,1164,墁,1
2736,椅,2156,持,1
2736,椅,2484,晳,1
2736,椅,2699,梏,1
2736,椅,2738,植,1
2736,椅,2790,槁,1
2737,椋,1934,惊,1
2737,椋,4431,糠,1
2738,植,869,啪,1
2738,植,1961,愆,1
2738,植,2263,揸,1
2738,植,2339,擞,1
2738,植,2683,桢,1
2738,植,2739,椎,1
2738,植,2760,楦,1
2738,植,2761,楫,1
2738,植,5006,苴,1
2739,椎,2606,枷,1
2739,椎,2623,柞,1
2739,椎,2631,柱,1
2739,椎,2718,棍,1
2739,椎,2738,植,1
2739,椎,2784,榫,1
2739,椎,2788,榷,1
2739,椎,3672,琯,1
2740,椐,2651,栝,1
2740,椐,4824,腒,1
2741,椑,2784,榫,1
2742,椒,2680,桕,1
2742,椒,2769,榀,1
2742,椒,2830,檄,1
2742,椒,3161,淑,1
2743,椟,2756,楝,1
2743,椟,2838,檬,1
2744,椠,1138,堑,1
2744,椠,2835,檠,1
2745,椤,2309,撂,1
2746,椭,608,却,1
2746,椭,2337,擗,1
2746,椭,2738,植,1
2746,椭,2776,榍,1
2746,椭,2800,槠,1
2747,椰,864,啡,1
2747,椰,2707,梯,1
2747,椰,2722,棚,1
2747,椰,2746,椭,1
2747,椰,2748,椴,1
2747,椰,6144,邶,1
2748,椴,2285,搬,1
2748,椴,2826,橱,1
2748,椴,2830,檄,1
2749,椹,2786,榱,1
2750,椽,1182,壕,1
2750,椽,2818,橇,1
2750,椽,4217,稼,1
2750,椽,4424,糍,1
2751,椿,1327,婧,1
2751,椿,2274,搐,1
2751,椿,2768,楼,1
2751,椿,2776,榍,1
2751,椿,2812,樯,1
2751,椿,2821,橙,1
2751,椿,4417,精,1
2752,楂,2811,横,1
2753,楔,2837,檫,1
2755,楚,2378,整,1
2755,楚,5102,莲,1
2755,楚,5789,费,1
2755,楚,5880,跫,1
2757,楞,416,冷,1
2757,楞,2301,摞,1
2757,楞,2309,撂,1
2757,楞,2806,樗,1
2758,楠,2694,桷,1
2759,楣,1337,媚,1
2759,楣,2234,掮,1
2759,楣,2746,椭,1
2760,楦,2247,揎,1
2760,楦,2783,榨,1
2762,楮,2322,播,1
2762,楮,2812,樯,1
2763,楯,2340,擢,1
2763,楯,2759,楣,1
2765,楷,2231,措,1
2765,楷,2699,梏,1
2765,楷,2736,椅,1
2765,楷,2804,槿,1
2766,楸,2708,械,1
2768,楼,2095,抟,1
2768,楼,2143,括,1
2768,楼,2642,栋,1
2768,楼,2726,棬,1
2768,楼,2749,椹,1
2768,楼,2821,橙,1
2768,楼,2839,檵,1
2769,榀,2603,枳,1
2769,榀,2718,棍,1
2769,榀,2789,榻,1
2770,概,1988,慨,1
2770,概,2586,枕,1
2771,榄,2640,栉,1
2771,榄,2682,桡,1
2771,榄,2683,桢,1
2771,榄,2685,桤,1
2772,榆,2718,棍,1
2772,榆,6003,输,1
2773,榇,2672,桉,1
2773,榇,2720,棕,1
2773,榇,2737,椋,1
2773,榇,2795,槔,1
2774,榈,2268,搁,1
2774,榈,2676,桐,1
2775,榉,1163,墀,1
2775,榉,2540,术,1
2775,榉,2700,梓,1
2775,榉,2808,樟,1
2776,榍,1658,幅,1
2776,榍,2810,樨,1
2777,榔,2177,挪,1
2777,榔,2262,揶,1
2777,榔,2632,柳,1
2777,榔,2830,檄,1
2778,榕,2706,梭,1
2778,榕,2714,棁,1
2778,榕,2732,棺,1
2778,榕,2765,楷,1
2778,榕,2786,榱,1
2778,榕,2837,檫,1
2779,榘,5242,蕖,1
2780,榛,1322,婊,1
2780,榛,2201,捧,1
2780,榛,2282,搡,1
2781,榜,2184,捂,1
2781,榜,2745,椤,1
2781,榜,2798,槜,1
2781,榜,5719,谤,1
2782,榧,2810,樨,1
2783,榨,2623,柞,1
2783,榨,2706,梭,1
2783,榨,2760,楦,1
2783,榨,2778,榕,1
2784,榫,2773,榇,1
2784,榫,5276,藤,1
2784,榫,5506,裈,1
2786,榱,4225,穰,1
2787,榴,2234,掮,1
2787,榴,2310,撄,1
2787,榴,2331,擂,1
2787,榴,2763,楯,1
2787,榴,2833,檑,1
2787,榴,3451,熘,1
2788,榷,329,傩,1
2788,榷,1772,彬,1
2788,榷,1942,惟,1
2788,榷,2297,摊,1
2788,榷,2739,椎,1
2788,榷,3604,獾,1
2792,槌,2670,框,1
2792,槌,5851,趱,1
2793,槎,2276,搓,1
2794,槐,1525,岔,1
2794,槐,1975,愧,1
2794,槐,2598,枪,1
2794,槐,2718,棍,1
2794,槐,2735,椁,1
2794,槐,2786,榱,1
2794,槐,6607,隗,1
2797,槛,2771,榄,1
2798,槜,2288,携,1
2799,槟,2296,摈,1
2800,槠,4423,糌,1
2802,槲,2337,擗,1
2803,槽,2307,摺,1
2803,槽,2732,棺,1
2803,槽,2765,楷,1
2804,槿,2666,桂,1
2805,樊,4888,舆,1
2808,樟,1354,嫜,1
2808,樟,1662,幛,1
2808,樟,2658,样,1
2808,樟,2719,棒,1
2808,樟,2775,榉,1
2808,樟,2815,樽,1
2808,樟,4414,粹,1
2809,模,2714,棁,1
2809,模,2731,棹,1
2809,模,2743,椟,1
2809,模,2786,榱,1
2809,模,2804,槿,1
2809,模,4427,糗,1
2810,樨,2202,捩,1
2810,樨,2687,桦,1
2810,樨,2828,橼,1
2811,横,1115,埙,1
2811,横,2003,懂,1
2811,横,2657,栳,1
2811,横,2809,模,1
2811,横,3706,璜,1
2811,横,4425,糕,1
2811,横,5465,衡,1
2812,樯,4223,穑,1
2812,樯,5548,襦,1
2813,樱,2745,椤,1
2814,樵,2831,檎,1
2814,樵,6244,醮,1
2815,樽,2810,樨,1
2816,樾,2330,擀,1
2817,橄,2747,椰,1
2817,橄,2766,楸,1
2817,橄,2830,檄,1
2817,橄,3598,獗,1
2818,橇,2910,毳,1
2818,橇,6500,镴,1
2819,橐,2822,橛,1
2819,橐,5268,藁,1
2820,橘,2280,搞,1
2820,橘,2331,擂,1
2820,橘,2776,榍,1
2820,橘,2831,檎,1
2820,橘,3465,燏,1
2821,橙,2806,樗,1
2821,橙,4221,穄,1
2821,橙,5582,訄,1
2822,橛,2266,揿,1
2822,橛,2792,槌,1
2823,橡,2796,槚,1
2823,橡,2798,槜,1
2823,橡,2818,橇,1
2823,橡,2828,橼,1
2823,橡,4217,稼,1
2823,橡,4695,耲,1
2824,橥,3522,犟,1
2825,橦,903,喱,1
2825,橦,1997,憧,1
2825,橦,2804,槿,1
2825,橦,2821,橙,1
2826,橱,2646,树,1
2827,橹,2807,樘,1
2827,橹,2815,樽,1
2828,橼,2833,檑,1
2829,檀,1140,堙,1
2829,檀,2253,揠,1
2829,檀,2807,樘,1
2830,檄,2319,撤,1
2831,檎,2697,梅,1
2831,檎,2827,橹,1
2832,檐,2783,榨,1
2832,檐,5444,蟾,1
2833,檑,2829,檀,1
2833,檑,2834,檗,1
2833,檑,4121,礌,1
2834,檗,2692,桴,1
2834,檗,5064,荠,1
2835,檠,1734,弊,1
2836,檩,2009,懔,1
2837,檫,2313,撑,1
2837,檫,2775,榉,1
2837,檫,3589,猷,1
2838,檬,1666,幪,1
2838,檬,2196,捞,1
2838,檬,2242,掾,1
2840,欠,0,々,1
2840,欠,163,众,1
2840,欠,354,允,1
2840,欠,399,冗,1
2840,欠,662,只,1
2840,欠,1672,幺,1
2840,欠,2841,次,1
2840,欠,5764,负,1
2841,次,683,吆,1
2841,次,5629,识,1
2841,次,5762,贝,1
2841,次,6719,须,1
2842,欢,1048,坎,1
2842,欢,2845,欧,1
2842,欢,3035,波,1
2842,欢,3623,玫,1
2842,欢,3651,珽,1
2842,欢,4838,腴,1
2842,欢,5555,观,1
2843,欣,57,乒,1
2843,欣,1115,埙,1
2843,欣,2211,掀,1
2843,欣,4194,积,1
2843,欣,4199,秾,1
2843,欣,6792,饱,1
2844,欤,1383,孢,1
2844,欤,2359,故,1
2844,欤,2856,歌,1
2845,欧,2358,政,1
2845,欧,5685,谀,1
2845,欧,5893,踉,1
2845,欧,6206,酡,1
2846,欲,1803,微,1
2846,欲,2357,放,1
2846,欲,2848,欸,1
2846,欲,6719,须,1
2846,欲,6730,领,1
2846,欲,6732,颈,1
2847,欷,1744,张,1
2847,欷,6748,颛,1
2850,欺,544,勩,1
2850,欺,6753,颠,1
2851,款,3623,玫,1
2851,款,5092,莛,1
2851,款,5564,觌,1
2851,款,5967,软,1
2853,歆,1590,嵚,1
2853,歆,2849,欹,1
2853,歆,6711,韵,1
2854,歇,1366,嬲,1
2854,歇,2846,欲,1
2854,歇,2848,欸,1
2854,歇,2852,歃,1
2854,歇,2853,歆,1
2855,歉,2847,欷,1
2855,歉,2852,歃,1
2855,歉,2888,段,1
2856,歌,1745,弥,1
2856,歌,2843,欣,1
2856,歌,2853,歆,1
2856,歌,5237,蔽,1
2858,止,441,凸,1
2858,止,4619,罴,1
2858,止,5603,让,1
2858,止,6025,迁,1
2859,正,10,不,1
2859,正,16,丕,1
2859,正,570,匹,1
2859,正,571,区,1
2859,正,602,卫,1
2859,正,672,叵,1
2859,正,1817,忑,1
2859,正,3607,玉,1
2859,正,4965,芯,1
2859,正,6024,达,1
2859,正,6030,迈,1
2860,此,440,凶,1
2860,此,559,北,1
2860,此,1247,如,1
2860,此,1810,必,1
2860,此,2863,歧,1
2860,此,2983,沈,1
2860,此,2990,沘,1
2860,此,3372,炖,1
2860,此,3753,电,1
2860,此,4470,纱,1
2860,此,6147,邺,1
2861,步,98,产,1
2861,步,598,卤,1
2861,步,1200,多,1
2861,步,1305,娑,1
2861,步,1533,岢,1
2861,步,2522,月,1
2861,步,4391,米,1
2862,武,1736,式,1
2862,武,1818,忒,1
2862,武,2022,我,1
2862,武,5502,裁,1
2862,武,5648,诚,1
2862,武,5839,赵,1
2863,歧,1256,妓,1
2863,歧,1568,崎,1
2863,歧,2027,战,1
2863,歧,5742,豉,1
2863,歧,5863,跋,1
2864,歪,705,否,1
2864,歪,1093,垦,1
2864,歪,2455,是,1
2864,歪,3046,泵,1
2864,歪,4878,至,1
2864,歪,6077,逗,1
2865,歹,617,厅,1
2865,歹,1379,孛,1
2865,歹,1518,岁,1
2865,歹,3723,瓦,1
2866,死,558,化,1
2866,死,3357,灰,1
2866,死,4462,纨,1
2866,死,6040,远,1
2866,死,6834,驮,1
2867,歼,1243,奸,1
2867,歼,2881,殚,1
2867,歼,4025,矿,1
2867,歼,4050,砰,1
2867,歼,4084,碑,1
2867,歼,4212,稣,1
2867,歼,4455,纡,1
2867,歼,4891,舐,1
2867,歼,6141,邳,1
2867,歼,6855,骅,1
2868,殁,649,取,1
2868,殁,2869,殂,1
2869,殂,1270,妲,1
2869,殂,2873,殇,1
2869,殂,6840,驵,1
2870,殃,3093,浊,1
2870,殃,4052,砷,1
2870,殃,4068,硖,1
2870,殃,6238,醚,1
2871,殄,4090,碜,1
2872,殆,1390,孬,1
2872,殆,2877,殍,1
2872,殆,4045,砧,1
2872,殆,6851,骀,1
2873,殇,511,劈,1
2873,殇,2877,殍,1
2874,殉,3079,洵,1
2874,殉,3543,狗,1
2874,殉,3644,珣,1
2874,殉,4023,矽,1
2875,殊,1286,姝,1
2875,殊,2655,株,1
2875,殊,2876,残,1
2875,殊,4036,砗,1
2875,殊,4037,砘,1
2875,殊,4058,砾,1
2875,殊,4068,硖,1
2875,殊,4776,胨,1
2876,残,1286,姝,1
2876,残,2019,戎,1
2876,残,2020,戏,1
2876,残,2382,斌,1
2876,残,3652,球,1
2876,残,3898,皎,1
2876,残,4059,础,1
2876,残,5981,载,1
2876,残,6828,馘,1
2877,殍,4810,脬,1
2878,殒,2526,服,1
2878,殒,4067,硕,1
2878,殒,6724,颀,1
2879,殓,4077,硷,1
2879,殓,5748,豨,1
2879,殓,6861,验,1
2880,殖,2884,殣,1
2880,殖,4037,砘,1
2880,殖,4100,碴,1
2880,殖,4102,碹,1
2881,殚,5578,觯,1
2883,殡,1350,嫔,1
2883,殡,4079,碇,1
2884,殣,3604,獾,1
2887,殴,2868,殁,1
2887,殴,6224,酸,1
2887,殴,6739,颐,1
2888,段,3417,焌,1
2888,段,3504,牧,1
2888,段,3623,玫,1
2888,段,3800,疫,1
2888,段,3827,痕,1
2888,段,3898,皎,1
2888,段,4198,秽,1
2888,段,4559,缎,1
2888,段,4635,羧,1
2888,段,4684,耜,1
2888,段,4904,般,1
2888,段,5951,躞,1
2888,段,6159,郐,1
2889,殷,305,假,1
2889,殷,338,僦,1
2889,殷,2890,殿,1
2889,殷,4904,般,1
2890,殿,6722,顾,1
2891,毁,2033,戤,1
2891,毁,3733,甏,1
2891,毁,5562,觊,1
2892,毂,1756,彀,1
2892,毂,2379,敷,1
2893,毅,2377,敲,1
2893,毅,5126,菠,1
2894,毋,1079,型,1
2894,毋,1280,姓,1
2894,毋,3749,田,1
2894,毋,3754,男,1
2895,母,13,丑,1
2895,母,27,严,1
2895,母,1005,因,1
2895,母,1259,妙,1
2895,母,2522,月,1
2895,母,3676,琵,1
2896,每,1669,年,1
2896,每,2895,母,1
2896,每,4626,美,1
2896,每,4897,舟,1
2896,每,4930,色,1
2897,毐,1189,壶,1
2897,毐,4897,舟,1
2897,毐,5089,莓,1
2898,毒,2516,曷,1
2898,毒,2819,橐,1
2898,毒,3915,盍,1
2898,毒,4657,翥,1
2898,毒,5089,莓,1
2899,毓,5575,觥,1
2899,毓,6401,锍,1
2900,比,669,叱,1
2900,比,704,吣,1
2900,比,1036,地,1
2900,比,1606,巛,1
2900,比,1726,廿,1
2900,比,2918,氏,1
2900,比,2950,汇,1
2900,比,5298,虬,1
2901,毕,579,午,1
2901,毕,1082,垒,1
2901,毕,3498,牛,1
2901,毕,4941,芊,1
2902,毖,1824,忠,1
2902,毖,4282,笏,1
2903,毗,2075,批,1
2903,毗,2461,昽,1
2903,毗,3704,璐,1
2903,毗,3961,眺,1
2903,毗,4905,舭,1
2904,毙,2902,毖,1
2904,毙,2927,氚,1
2904,毙,4006,矍,1
2904,毙,4299,笳,1
2904,毙,4342,箢,1
2905,毛,41,主,1
2905,毛,48,乇,1
2905,毛,1082,垒,1
2906,毡,6325,钻,1
2906,毡,6954,鲐,1
2907,毪,2916,氇,1
2907,毪,6472,镗,1
2908,毫,104,亮,1
2908,毫,367,党,1
2908,毫,4265,竟,1
2908,毫,7184,龟,1
2909,毯,3840,痰,1
2909,毯,4651,翘,1
2911,毵,4352,箴,1
2915,氆,2907,毪,1
2915,氆,2916,氇,1
2918,氏,81,于,1
2918,氏,432,凡,1
2918,氏,2900,比,1
2918,氏,4483,线,1
2918,氏,5034,茫,1
2919,氐,4477,纸,1
2920,民,1486,尻,1
2920,民,1487,尼,1
2920,民,1489,尾,1
2920,民,1677,庀,1
2920,民,1813,忌,1
2920,民,3723,瓦,1
2920,民,4927,艮,1
2920,民,4949,芘,1
2920,民,5305,虽,1
2921,氓,1088,垠,1
2921,氓,1168,墉,1
2921,氓,3667,琨,1
2921,氓,6419,锟,1
2922,气,1404,安,1
2922,气,3892,皂,1
2922,气,4330,签,1
2922,气,5305,虽,1
2924,氖,1761,彖,1
2924,氖,2932,氤,1
2924,氖,5752,豸,1
2925,氘,2923,氕,1
2925,氘,2924,氖,1
2926,氙,1763,彘,1
2926,氙,2932,氤,1
2928,氛,77,争,1
2928,氛,555,匏,1
2928,氛,2911,毵,1
2928,氛,2931,氢,1
2928,氛,3982,睿,1
2928,氛,4296,第,1
2929,氟,2928,氛,1
2929,氟,2932,氤,1
2929,氟,2940,氰,1
2929,氟,4247,窜,1
2930,氡,77,争,1
2930,氡,2931,氢,1
2930,氡,2937,氪,1
2930,氡,2938,氮,1
2930,氡,4638,羲,1
2931,氢,2933,氦,1
2931,氢,2936,氩,1
2931,氢,4383,簦,1
2931,氢,6257,金,1
2931,氢,7183,龛,1
2932,氤,2941,氲,1
2933,氦,2930,氡,1
2933,氦,2935,氨,1
2934,氧,2925,氘,1
2934,氧,2929,氟,1
2934,氧,4179,秉,1
2934,氧,4251,窣,1
2934,氧,6772,食,1
2935,氨,404,冢,1
2935,氨,2896,每,1
2935,氨,2928,氛,1
2935,氨,2929,氟,1
2935,氨,2939,氯,1
2935,氨,2941,氲,1
2935,氨,6648,霉,1
2936,氩,2926,氙,1
2936,氩,2932,氤,1
2936,氩,2934,氧,1
2936,氩,2941,氲,1
2937,氪,2935,氨,1
2937,氪,2938,氮,1
2937,氪,2939,氯,1
2938,氮,364,兔,1
2938,氮,2935,氨,1
2938,氮,6285,钒,1
2939,氯,2926,氙,1
2939,氯,2928,氛,1
2939,氯,2930,氡,1
2939,氯,2931,氢,1
2939,氯,2934,氧,1
2939,氯,2940,氰,1
2939,氯,4179,秉,1
2939,氯,6092,逸,1
2940,氰,2929,氟,1
2940,氰,2933,氦,1
2940,氰,2937,氪,1
2940,氰,2939,氯,1
2940,氰,3973,督,1
2940,氰,5746,象,1
2942,水,410,冰,1
2942,水,445,凼,1
2942,水,766,咖,1
2942,水,1467,小,1
2942,水,2052,手,1
2942,水,2061,扛,1
2944,永,97,亦,1
2944,永,4677,耒,1
2944,永,5468,衤,1
2946,汀,128,仔,1
2946,汀,390,冂,1
2946,汀,1408,宓,1
2946,汀,1673,幻,1
2946,汀,2393,斤,1
2946,汀,2962,江,1
2946,汀,2964,污,1
2946,汀,2968,汪,1
2946,汀,3786,疒,1
2946,汀,5039,茳,1
2947,汁,2054,才,1
2947,汁,2900,比,1
2947,汁,3025,泔,1
2947,汁,5600,讦,1
2948,求,867,啦,1
2948,求,2014,戈,1
2948,求,2561,束,1
2948,求,2944,永,1
2948,求,3737,甙,1
2950,汇,355,元,1
2950,汇,1248,妃,1
2950,汇,2968,汪,1
2951,汈,2954,汐,1
2951,汈,3009,河,1
2951,汈,3755,甸,1
2951,汈,6505,闩,1
2952,汉,118,仅,1
2952,汉,2977,沁,1
2952,汉,6760,风,1
2953,汊,2952,汉,1
2954,汐,409,冯,1
2954,汐,2355,改,1
2954,汐,3115,浮,1
2954,汐,3129,涔,1
2954,汐,4478,纹,1
2955,汔,3120,浼,1
2956,汕,409,冯,1
2956,汕,1514,山,1
2956,汕,1606,巛,1
2956,汕,3011,油,1
2956,汕,3029,泚,1
2957,汗,2978,沂,1
2957,汗,3356,灯,1
2957,汗,5617,讹,1
2958,汛,3001,沨,1
2958,汛,3042,泯,1
2958,汛,4462,纨,1
2958,汛,6508,闭,1
2959,汜,3526,犯,1
2960,汝,26,两,1
2960,汝,174,伦,1
2960,汝,194,佑,1
2960,汝,1240,女,1
2960,汝,2900,比,1
2960,汝,2954,汐,1
2960,汝,2983,沈,1
2960,汝,2992,沚,1
2960,汝,3011,油,1
2960,汝,3025,泔,1
2960,汝,3026,法,1
2960,汝,3098,浐,1
2960,汝,4483,线,1
2960,汝,5607,议,1
2960,汝,5647,诙,1
2961,汞,759,和,1
2961,汞,3046,泵,1
2961,汞,5744,豕,1
2962,江,431,几,1
2962,江,2946,汀,1
2962,江,2968,汪,1
2962,江,4464,纪,1
2962,江,5741,豇,1
2963,池,1036,地,1
2963,池,2860,此,1
2963,池,2959,汜,1
2963,池,3008,沲,1
2963,池,3018,泄,1
2963,池,3658,琎,1
2964,污,82,亏,1
2964,污,3024,泓,1
2964,污,3055,洁,1
2964,污,3082,活,1
2964,污,5622,访,1
2965,汤,409,冯,1
2965,汤,534,勇,1
2965,汤,549,勿,1
2965,汤,2994,沟,1
2965,汤,3022,泌,1
2965,汤,3209,湎,1
2966,汨,3057,洇,1
2966,汨,4263,站,1
2966,汨,5626,诃,1
2966,汨,5663,诩,1
2966,汨,6515,间,1
2967,汩,3039,泪,1
2967,汩,6509,问,1
2967,汩,6562,阳,1
2968,汪,411,冱,1
2968,汪,2957,汗,1
2968,汪,2979,沃,1
2968,汪,3045,泳,1
2968,汪,3083,洼,1
2968,汪,3170,淦,1
2968,汪,3173,淮,1
2968,汪,3220,湮,1
2968,汪,3608,王,1
2968,汪,4499,经,1
2968,汪,5600,讦,1
2968,汪,5601,讧,1
2968,汪,6026,迂,1
2969,汭,5615,讷,1
2970,汰,732,呔,1
2970,汰,3048,泷,1
2970,汰,3103,浕,1
2971,汲,157,伋,1
2971,汲,646,反,1
2971,汲,2952,汉,1
2971,汲,2954,汐,1
2971,汲,3001,沨,1
2971,汲,3022,泌,1
2971,汲,3031,泜,1
2971,汲,3103,浕,1
2971,汲,3107,浞,1
2971,汲,3119,浸,1
2971,汲,3161,淑,1
2971,汲,3272,滩,1
2971,汲,5607,议,1
2971,汲,5621,设,1
2971,汲,6506,闪,1
2972,汴,2535,木,1
2973,汶,2952,汉,1
2973,汶,2967,汩,1
2973,汶,4478,纹,1
2974,汹,2956,汕,1
2974,汹,3022,泌,1
2975,汽,137,仡,1
2975,汽,681,吃,1
2975,汽,1837,忾,1
2975,汽,3012,治,1
2975,汽,3177,淹,1
2975,汽,4499,经,1
2975,汽,4514,统,1
2975,汽,5605,讫,1
2975,汽,5654,诠,1
2975,汽,5687,谂,1
2976,汾,2951,汈,1
2976,汾,2998,沥,1
2976,汾,3012,治,1
2976,汾,3137,涡,1
2976,汾,5634,诌,1
2976,汾,5640,诒,1
2977,沁,704,吣,1
2977,沁,2955,汔,1
2977,沁,2999,沦,1
2977,沁,3076,洲,1
2977,沁,3354,灬,1
2977,沁,6038,这,1
2978,沂,2393,斤,1
2978,沂,3009,河,1
2978,沂,3027,泖,1
2978,沂,3031,泜,1
2978,沂,3032,泞,1
2978,沂,3104,浙,1
2978,沂,3785,疑,1
2979,沃,2953,汊,1
2979,沃,2970,汰,1
2979,沃,2981,沅,1
2979,沃,2999,沦,1
2979,沃,3026,法,1
2979,沃,3087,浃,1
2979,沃,3106,浜,1
2980,沄,3040,泫,1
2981,沅,2955,汔,1
2983,沈,2900,比,1
2983,沈,2985,沌,1
2983,沈,3063,洗,1
2983,沈,5650,诜,1
2983,沈,5661,诧,1
2983,沈,6923,魂,1
2984,沉,2841,次,1
2984,沉,2955,汔,1
2984,沉,2983,沈,1
2984,沉,3013,沼,1
2984,沉,3120,浼,1
2984,沉,3186,渑,1
2984,沉,3203,游,1
2984,沉,5661,诧,1
2986,沏,3019,泅,1
2987,沐,2970,汰,1
2987,沐,2993,沛,1
2987,沐,3645,珥,1
2988,沓,3894,皆,1
2989,沔,3236,溥,1
2990,沘,559,北,1
2990,沘,3074,洮,1
2991,沙,1468,少,1
2991,沙,2993,沛,1
2991,沙,3032,泞,1
2991,沙,3066,洛,1
2991,沙,4470,纱,1
2991,沙,5626,诃,1
2992,沚,1042,址,1
2992,沚,3029,泚,1
2993,沛,1627,市,1
2993,沛,2976,汾,1
2993,沛,2982,沆,1
2993,沛,3624,玮,1
2993,沛,4466,纬,1
2993,沛,4479,纺,1
2994,沟,3118,海,1
2994,沟,3163,淘,1
2994,沟,3212,湖,1
2994,沟,4460,约,1
2995,没,2355,改,1
2995,没,2383,斐,1
2995,没,2809,模,1
2995,没,2973,汶,1
2995,没,2981,沅,1
2995,没,3016,沿,1
2995,没,3105,浚,1
2995,没,3138,涢,1
2995,没,3149,液,1
2995,没,3174,深,1
2995,没,3202,渴,1
2995,没,3269,滥,1
2995,没,4267,竣,1
2995,没,4736,股,1
2996,沣,3053,泽,1
2996,沣,3083,洼,1
2996,沣,4722,肆,1
2997,沤,2959,汜,1
2997,沤,2962,江,1
2997,沤,3022,泌,1
2997,沤,3111,浥,1
2997,沤,5613,讵,1
2998,沥,2976,汾,1
2998,沥,3013,沼,1
2998,沥,3022,泌,1
2998,沥,3023,泐,1
2998,沥,3137,涡,1
2999,沦,415,冶,1
2999,沦,2983,沈,1
2999,沦,3033,泠,1
3000,沧,2955,汔,1
3000,沧,3007,沱,1
3000,沧,3008,沲,1
3000,沧,3173,淮,1
3000,沧,4475,纶,1
3000,沧,5655,诡,1
3002,沩,3137,涡,1
3003,沪,412,冲,1
3003,沪,420,净,1
3003,沪,1065,坪,1
3003,沪,1403,守,1
3003,沪,2968,汪,1
3003,沪,2991,沙,1
3003,沪,3100,浒,1
3003,沪,3172,淬,1
3003,沪,5627,评,1
3004,沫,413,决,1
3004,沫,2979,沃,1
3004,沫,3127,涑,1
3004,沫,3135,涟,1
3004,沫,4187,秣,1
3004,沫,4269,竦,1
3004,沫,5677,诸,1
3005,沭,3025,泔,1
3005,沭,5631,诉,1
3006,沮,1053,坚,1
3006,沮,2967,汩,1
3006,沮,2968,汪,1
3006,沮,3080,洹,1
3006,沮,3136,涠,1
3006,沮,3144,涩,1
3006,沮,3626,现,1
3006,沮,4488,组,1
3006,沮,5686,谁,1
3006,沮,6082,速,1
3007,沱,2982,沆,1
3007,沱,3153,淀,1
3007,沱,5865,跎,1
3008,沲,420,净,1
3009,河,2946,汀,1
3009,河,2965,汤,1
3009,河,2991,沙,1
3009,河,3102,浔,1
3009,河,4460,约,1
3009,河,5635,词,1
3010,沸,3100,浒,1
3010,沸,3130,涕,1
3010,沸,3291,漱,1
3010,沸,4046,砩,1
3010,沸,5610,讲,1
3011,油,930,嗨,1
3011,油,3035,波,1
3011,油,3057,洇,1
3011,油,4489,绅,1
3011,油,5638,诐,1
3011,油,6527,阀,1
3012,治,3014,沽,1
3012,治,3025,泔,1
3012,治,3081,洺,1
3012,治,3116,浯,1
3012,治,3123,消,1
3012,治,4500,绐,1
3012,治,5636,诎,1
3013,沼,214,佰,1
3013,沼,3144,涩,1
3013,沼,3197,温,1
3014,沽,179,估,1
3014,沽,765,咕,1
3014,沽,1278,姑,1
3014,沽,2982,沆,1
3014,沽,2989,沔,1
3014,沽,3013,沼,1
3014,沽,3116,浯,1
3014,沽,4503,结,1
3014,沽,5087,莎,1
3014,沽,5644,诖,1
3014,沽,5646,诘,1
3015,沾,2976,汾,1
3015,沾,2982,沆,1
3015,沾,2997,沤,1
3015,沾,3021,泊,1
3015,沾,3036,泣,1
3015,沾,3049,泸,1
3015,沾,3268,滤,1
3015,沾,5625,诂,1
3015,沾,6568,阽,1
3016,沿,415,冶,1
3016,沿,1877,恐,1
3016,沿,2995,没,1
3016,沿,3021,泊,1
3016,沿,3084,洽,1
3016,沿,3107,浞,1
3016,沿,3117,浴,1
3016,沿,4476,纷,1
3016,沿,4500,绐,1
3016,沿,5637,诏,1
3016,沿,6581,限,1
3017,泃,3079,洵,1
3017,泃,3159,淌,1
3017,泃,3163,淘,1
3017,泃,3644,珣,1
3018,泄,17,世,1
3018,泄,2960,汝,1
3018,泄,3051,泻,1
3018,泄,3077,洳,1
3018,泄,4485,绁,1
3019,泅,409,冯,1
3019,泅,1000,囚,1
3019,泅,2966,汨,1
3019,泅,2967,汩,1
3019,泅,3039,泪,1
3019,泅,3136,涠,1
3019,泅,3151,涸,1
3019,泅,3213,湘,1
3019,泅,6201,酒,1
3020,泉,1410,宗,1
3020,泉,1469,尔,1
3020,泉,2462,显,1
3020,泉,3365,炅,1
3020,泉,3373,炙,1
3020,泉,3382,炱,1
3020,泉,4542,综,1
3020,泉,6250,采,1
3021,泊,214,佰,1
3021,泊,1094,垧,1
3021,泊,2965,汤,1
3021,泊,2994,沟,1
3021,泊,3012,治,1
3021,泊,3031,泜,1
3021,泊,3159,淌,1
3021,泊,5686,谁,1
3021,泊,6201,酒,1
3022,泌,1257,妖,1
3022,泌,2977,沁,1
3022,泌,2995,没,1
3022,泌,5619,讼,1
3023,泐,3181,渊,1
3023,泐,4554,缈,1
3024,泓,1741,弘,1
3024,泓,6528,阁,1
3025,泔,4484,绀,1
3025,泔,5662,诨,1
3026,法,217,佶,1
3026,法,1493,层,1
3026,法,2975,汽,1
3026,法,2980,沄,1
3026,法,3124,涉,1
3026,法,5646,诘,1
3028,泗,3019,泅,1
3028,泗,3056,洄,1
3028,泗,6086,逦,1
3029,泚,3074,洮,1
3030,泛,411,冱,1
3030,泛,2975,汽,1
3030,泛,3036,泣,1
3030,泛,3040,泫,1
3030,泛,3083,洼,1
3030,泛,3627,玲,1
3030,泛,4499,经,1
3031,泜,2951,汈,1
3031,泜,3628,玳,1
3031,泜,5617,讹,1
3032,泞,2069,扭,1
3032,泞,2964,污,1
3032,泞,2989,沔,1
3032,泞,3115,浮,1
3032,泞,3787,疔,1
3032,泞,4482,纾,1
3033,泠,416,冷,1
3033,泠,2989,沔,1
3033,泠,3627,玲,1
3033,泠,5654,诠,1
3034,泡,551,包,1
3034,泡,1383,孢,1
3034,泡,3007,沱,1
3034,泡,3008,沲,1
3034,泡,3111,浥,1
3034,泡,3114,浪,1
3034,泡,4475,纶,1
3034,泡,4771,胞,1
3035,波,157,伋,1
3035,波,2616,染,1
3035,波,3048,泷,1
3035,波,3119,浸,1
3035,波,3138,涢,1
3035,波,5708,谘,1
3036,泣,190,位,1
3036,泣,1125,培,1
3036,泣,2118,拉,1
3036,泣,2955,汔,1
3036,泣,3015,沾,1
3036,泣,3235,溢,1
3036,泣,3244,溶,1
3036,泣,5865,跎,1
3037,泥,180,伲,1
3037,泥,1067,坭,1
3037,泥,1268,妮,1
3037,泥,3120,浼,1
3037,泥,3196,渥,1
3037,泥,4514,统,1
3037,泥,4532,绲,1
3037,泥,4557,缌,1
3037,泥,5891,跽,1
3038,注,2975,汽,1
3038,注,2999,沦,1
3038,注,3012,治,1
3038,注,3036,泣,1
3038,注,3083,洼,1
3038,注,3170,淦,1
3038,注,3638,珏,1
3038,注,5654,诠,1
3039,泪,2729,棱,1
3039,泪,3009,河,1
3039,泪,3010,沸,1
3039,泪,3019,泅,1
3039,泪,3150,涵,1
3039,泪,4488,组,1
3039,泪,4538,绸,1
3039,泪,5688,调,1
3040,泫,3026,法,1
3040,泫,3033,泠,1
3040,泫,3036,泣,1
3040,泫,3605,玄,1
3040,泫,5659,该,1
3041,泮,3078,洴,1
3041,泮,3188,渖,1
3041,泮,4494,绊,1
3042,泯,2110,抿,1
3042,泯,3031,泜,1
3042,泯,3132,涛,1
3042,泯,3176,混,1
3042,泯,3635,珉,1
3043,泰,1760,录,1
3043,泰,1823,忝,1
3043,泰,1892,恭,1
3043,泰,2502,暴,1
3043,泰,2673,桊,1
3043,泰,3046,泵,1
3043,泰,4438,素,1
3043,泰,5747,豢,1
3044,泱,413,决,1
3044,泱,3087,浃,1
3044,泱,3134,涞,1
3045,泳,761,咏,1
3045,泳,3004,沫,1
3045,泳,3005,沭,1
3045,泳,3077,洳,1
3045,泳,3152,涿,1
3045,泳,3203,游,1
3045,泳,4545,绿,1
3045,泳,4646,翊,1
3045,泳,5631,诉,1
3045,泳,5647,诙,1
3046,泵,1470,尕,1
3046,泵,2663,栾,1
3046,泵,3407,烫,1
3046,泵,5474,衮,1
3046,泵,5744,豕,1
3049,泸,3003,沪,1
3049,泸,3083,洼,1
3050,泺,3064,洙,1
3050,泺,3082,活,1
3050,泺,3143,涨,1
3050,泺,6058,迹,1
3051,泻,1295,姿,1
3051,泻,3016,沿,1
3051,泻,3099,浑,1
3051,泻,3102,浔,1
3051,泻,3137,涡,1
3051,泻,3217,湟,1
3051,泻,3290,漯,1
3051,泻,3294,漹,1
3051,泻,5634,诌,1
3051,泻,5637,诏,1
3051,泻,5645,诗,1
3051,泻,5662,诨,1
3051,泻,5717,谢,1
3051,泻,7059,鸿,1
3052,泼,2971,汲,1
3052,泼,2979,沃,1
3052,泼,3071,洨,1
3052,泼,3105,浚,1
3052,泼,3254,滍,1
3053,泽,1549,峄,1
3053,泽,2142,择,1
3053,泽,2957,汗,1
3053,泽,3058,洋,1
3053,泽,3102,浔,1
3053,泽,3108,浠,1
3053,泽,3182,渌,1
3053,泽,3188,渖,1
3053,泽,3669,琫,1
3053,泽,4510,绛,1
3053,泽,4606,罕,1
3053,泽,5320,蚤,1
3053,泽,5660,详,1
3053,泽,6850,驿,1
3054,泾,1749,弪,1
3054,泾,3129,涔,1
3054,泾,3196,渥,1
3055,洁,217,佶,1
3055,洁,1387,学,1
3055,洁,2989,沔,1
3055,洁,3072,洪,1
3055,洁,3084,洽,1
3055,洁,3109,浡,1
3055,洁,3119,浸,1
3055,洁,3133,涝,1
3055,洁,3145,涪,1
3055,洁,3231,溘,1
3055,洁,5669,诰,1
3055,洁,5679,诺,1
3055,洁,6083,造,1
3056,洄,1789,徊,1
3056,洄,3006,沮,1
3056,洄,3019,泅,1
3057,洇,2966,汨,1
3057,洇,3136,涠,1
3057,洇,6523,闼,1
3058,洋,424,凉,1
3058,洋,1821,忘,1
3058,洋,3041,泮,1
3058,洋,3065,洚,1
3058,洋,3099,浑,1
3058,洋,3162,淖,1
3058,洋,3175,淳,1
3058,洋,3188,渖,1
3058,洋,3257,滓,1
3058,洋,4728,肖,1
3058,洋,5144,萍,1
3058,洋,5627,评,1
3058,洋,5662,诨,1
3059,洌,464,刚,1
3059,洌,3147,涮,1
3060,洎,2880,殖,1
3060,洎,3079,洵,1
3060,洎,5694,谊,1
3061,洑,3143,涨,1
3062,洒,266,俩,1
3062,洒,2998,沥,1
3062,洒,3028,泗,1
3062,洒,3150,涵,1
3062,洒,5636,诎,1
3062,洒,6376,铴,1
3063,洗,2975,汽,1
3063,洗,2982,沆,1
3063,洗,2999,沦,1
3063,洗,3090,浇,1
3063,洗,3110,浣,1
3063,洗,3117,浴,1
3063,洗,3183,渍,1
3063,洗,3200,港,1
3063,洗,3215,湜,1
3063,洗,4514,统,1
3063,洗,5715,谠,1
3063,洗,5876,跣,1
3064,洙,3004,沫,1
3064,洙,3068,洣,1
3064,洙,3134,涞,1
3064,洙,3643,珠,1
3065,洚,3140,涤,1
3065,洚,3174,深,1
3065,洚,4510,绛,1
3065,洚,5144,萍,1
3066,洛,415,冶,1
3066,洛,1884,恣,1
3066,洛,3016,沿,1
3066,洛,3051,泻,1
3066,洛,3156,淆,1
3066,洛,3244,溶,1
3066,洛,4511,络,1
3066,洛,5669,诰,1
3066,洛,6800,饹,1
3067,洞,2420,旧,1
3067,洞,3019,泅,1
3067,洞,3039,泪,1
3067,洞,3057,洇,1
3067,洞,3151,涸,1
3067,洞,5635,词,1
3067,洞,6509,问,1
3067,洞,6541,阎,1
3067,洞,6546,阔,1
3068,洣,3005,沭,1
3068,洣,3041,泮,1
3068,洣,3127,涑,1
3068,洣,3198,渫,1
3068,洣,5683,课,1
3069,津,275,俸,1
3069,津,1724,建,1
3069,津,2996,沣,1
3069,津,3041,泮,1
3069,津,3083,洼,1
3069,津,3162,淖,1
3069,津,3297,潇,1
3069,津,3338,濡,1
3070,洧,1127,埼,1
3070,洧,3156,淆,1
3070,洧,5671,诲,1
3071,洨,2973,汶,1
3071,洨,2995,没,1
3071,洨,3022,泌,1
3071,洨,3105,浚,1
3071,洨,4513,绞,1
3071,洨,6038,这,1
3072,洪,3683,瑗,1
3072,洪,4146,祟,1
3072,洪,5629,识,1
3072,洪,5636,诎,1
3072,洪,5685,谀,1
3072,洪,6349,铗,1
3073,洫,6031,迎,1
3074,洮,3143,涨,1
3074,洮,4792,能,1
3074,洮,6268,鎏,1
3075,洱,3060,洎,1
3075,洱,3144,涩,1
3075,洱,3157,淇,1
3075,洱,3236,溥,1
3075,洱,3645,珥,1
3075,洱,4270,竭,1
3076,洲,1114,埘,1
3077,洳,2960,汝,1
3077,洳,4549,缃,1
3078,洴,3156,淆,1
3078,洴,5610,讲,1
3079,洵,3141,润,1
3079,洵,3163,淘,1
3079,洵,5635,词,1
3079,洵,6515,间,1
3080,洹,3073,洫,1
3080,洹,3187,渔,1
3081,洺,2973,汶,1
3081,洺,2995,没,1
3081,洺,3012,治,1
3081,洺,3197,温,1
3082,活,3116,浯,1
3082,活,4263,站,1
3082,活,4479,纺,1
3082,活,4517,绢,1
3082,活,5684,诿,1
3083,洼,3040,泫,1
3083,洼,3055,洁,1
3083,洼,3231,溘,1
3083,洼,5654,诠,1
3084,洽,415,冶,1
3084,洽,2473,晗,1
3084,洽,3012,治,1
3084,洽,3145,涪,1
3084,洽,4508,给,1
3084,洽,4511,络,1
3084,洽,5619,讼,1
3084,洽,5632,诊,1
3084,洽,5640,诒,1
3084,洽,5669,诰,1
3085,派,1747,弧,1
3085,派,2110,抿,1
3085,派,3101,浓,1
3085,派,3219,湫,1
3085,派,3230,源,1
3085,派,3279,漉,1
3085,派,3833,痣,1
3085,派,3847,瘁,1
3085,派,4477,纸,1
3085,派,5617,讹,1
3086,流,2411,旎,1
3086,流,2413,旒,1
3086,流,3110,浣,1
3086,流,3120,浼,1
3086,流,3279,漉,1
3086,流,3656,琉,1
3086,流,4257,窳,1
3086,流,4514,统,1
3087,浃,3152,涿,1
3088,浅,2021,成,1
3088,浅,2876,残,1
3088,浅,2985,沌,1
3088,浅,3048,泷,1
3088,浅,3234,溠,1
3088,浅,6073,逑,1
3089,浆,1295,姿,1
3089,浆,2689,桨,1
3089,浆,3045,泳,1
3090,浇,418,冼,1
3090,浇,2615,柒,1
3090,浇,3026,法,1
3090,浇,4505,绕,1
3090,浇,5673,说,1
3090,浇,5715,谠,1
3091,浈,4552,缆,1
3092,浉,1631,师,1
3093,浊,3044,泱,1
3093,浊,3091,浈,1
3093,浊,3106,浜,1
3093,浊,3293,漶,1
3093,浊,5297,虫,1
3093,浊,5629,识,1
3093,浊,5718,谣,1
3094,测,467,删,1
3094,测,1319,婀,1
3094,测,5663,诩,1
3094,测,5867,跐,1
3095,浍,3121,涂,1
3095,浍,4507,绘,1
3096,济,2999,沦,1
3096,济,3066,洛,1
3096,济,3205,湃,1
3096,济,3617,玠,1
3096,济,4800,脐,1
3096,济,5622,访,1
3096,济,5890,跻,1
3097,浏,499,剟,1
3097,浏,3240,溯,1
3098,浐,3003,沪,1
3098,浐,3049,泸,1
3099,浑,401,军,1
3099,浑,3058,洋,1
3099,浑,3065,洚,1
3099,浑,3102,浔,1
3099,浑,3164,淙,1
3099,浑,3188,渖,1
3099,浑,3276,滹,1
3099,浑,4387,簿,1
3099,浑,6564,阵,1
3101,浓,242,侬,1
3101,浓,402,农,1
3101,浓,811,哝,1
3101,浓,1731,弄,1
3101,浓,2983,沈,1
3101,浓,3016,沿,1
3101,浓,3035,波,1
3101,浓,3173,淮,1
3101,浓,3268,滤,1
3103,浕,408,冬,1
3104,浙,823,哳,1
3104,浙,2315,撕,1
3104,浙,3289,漭,1
3104,浙,3312,潸,1
3104,浙,4408,粥,1
3105,浚,647,发,1
3105,浚,2973,汶,1
3105,浚,3071,洨,1
3105,浚,3129,涔,1
3105,浚,3189,渗,1
3105,浚,3242,溲,1
3105,浚,4536,绶,1
3105,浚,5659,该,1
3105,浚,5716,谡,1
3106,浜,3082,活,1
3106,浜,3087,浃,1
3106,浜,3139,涣,1
3107,浞,3153,淀,1
3107,浞,3188,渖,1
3107,浞,3215,湜,1
3108,浠,832,唏,1
3108,浠,1632,希,1
3108,浠,3156,淆,1
3108,浠,5917,蹄,1
3109,浡,1379,孛,1
3109,浡,3050,泺,1
3110,浣,1810,必,1
3110,浣,3138,涢,1
3110,浣,5715,谠,1
3111,浥,4533,绳,1
3112,浦,1111,埔,1
3112,浦,3011,油,1
3112,浦,6544,阑,1
3113,浩,3012,治,1
3113,浩,3026,法,1
3113,浩,3063,洗,1
3113,浩,3116,浯,1
3113,浩,3302,潜,1
3113,浩,4349,箬,1
3113,浩,4503,结,1
3113,浩,4540,绺,1
3113,浩,5636,诎,1
3114,浪,1917,悢,1
3114,浪,3035,波,1
3114,浪,3119,浸,1
3114,浪,3564,狼,1
3114,浪,5684,诿,1
3115,浮,256,俘,1
3115,浮,424,凉,1
3115,浮,3109,浡,1
3115,浮,3129,涔,1
3116,浯,3066,洛,1
3116,浯,3081,洺,1
3116,浯,3283,漕,1
3116,浯,5536,褡,1
3117,浴,240,侩,1
3117,浴,3012,治,1
3117,浴,3113,浩,1
3117,浴,3116,浯,1
3117,浴,3145,涪,1
3117,浴,3244,溶,1
3117,浴,5511,裕,1
3118,海,420,净,1
3118,海,2405,旃,1
3118,海,2566,杨,1
3118,海,3015,沾,1
3118,海,3070,洧,1
3118,海,3131,涘,1
3118,海,3162,淖,1
3118,海,3163,淘,1
3118,海,3429,焱,1
3118,海,6671,面,1
3119,浸,245,侵,1
3119,浸,1288,姣,1
3119,浸,3071,洨,1
3119,浸,3153,淀,1
3119,浸,5724,谩,1
3120,浼,3198,渫,1
3120,浼,3220,湮,1
3121,涂,1410,宗,1
3121,涂,3050,泺,1
3121,涂,3182,渌,1
3121,涂,3270,滦,1
3121,涂,5067,荤,1
3121,涂,6075,途,1
3121,涂,6806,馀,1
3122,涅,2624,柠,1
3122,涅,3138,涢,1
3122,涅,3170,淦,1
3122,涅,3215,湜,1
3122,涅,4582,缧,1
3123,消,1561,峭,1
3123,消,3002,沩,1
3123,消,3065,洚,1
3123,消,3070,洧,1
3123,消,3156,淆,1
3123,消,3180,清,1
3123,消,3199,渭,1
3123,消,3258,滔,1
3123,消,3275,滴,1
3123,消,3304,潟,1
3123,消,4531,绱,1
3123,消,5676,请,1
3123,消,6823,馓,1
3124,涉,252,俏,1
3124,涉,2964,污,1
3124,涉,3025,泔,1
3124,涉,3041,泮,1
3124,涉,3145,涪,1
3124,涉,3159,淌,1
3124,涉,3189,渗,1
3124,涉,3224,溃,1
3124,涉,3227,溇,1
3124,涉,3294,漹,1
3124,涉,4470,纱,1
3124,涉,5645,诗,1
3125,涌,254,俑,1
3125,涌,3142,涧,1
3125,涌,3188,渖,1
3125,涌,3209,湎,1
3125,涌,3275,滴,1
3125,涌,3300,潏,1
3125,涌,3664,琤,1
3125,涌,5725,谪,1
3125,涌,6977,鲬,1
3126,涎,1722,延,1
3126,涎,3087,浃,1
3126,涎,3135,涟,1
3126,涎,3477,爬,1
3126,涎,3651,珽,1
3126,涎,4562,缒,1
3126,涎,6079,逛,1
3127,涑,3270,滦,1
3128,涓,3137,涡,1
3128,涓,3206,湄,1
3128,涓,3256,滑,1
3128,涓,3680,瑁,1
3128,涓,4517,绢,1
3129,涔,332,傺,1
3129,涔,3216,湝,1
3129,涔,3227,溇,1
3129,涔,5708,谘,1
3130,涕,1907,悌,1
3130,涕,3108,浠,1
3130,涕,3251,滃,1
3130,涕,3323,澡,1
3130,涕,4387,簿,1
3130,涕,4566,编,1
3130,涕,6074,递,1
3132,涛,264,俦,1
3132,涛,821,哮,1
3132,涛,2098,抢,1
3132,涛,3180,清,1
3132,涛,3241,溱,1
3132,涛,5676,请,1
3132,涛,5895,踌,1
3133,涝,2993,沛,1
3133,涝,3305,潢,1
3133,涝,5114,菂,1
3133,涝,5119,菏,1
3134,涞,3004,沫,1
3134,涞,3064,洙,1
3134,涞,3068,洣,1
3134,涞,3087,浃,1
3134,涞,3238,溧,1
3135,涟,3065,洚,1
3135,涟,3111,浥,1
3135,涟,3148,涯,1
3135,涟,4573,缝,1
3135,涟,5092,莛,1
3135,涟,5892,踅,1
3135,涟,6042,连,1
3135,涟,6115,遴,1
3135,涟,6589,陧,1
3136,涠,425,凋,1
3136,涠,3151,涸,1
3136,涠,3164,淙,1
3137,涡,3050,泺,1
3137,涡,3128,涓,1
3137,涡,3159,淌,1
3137,涡,3202,渴,1
3137,涡,3266,满,1
3137,涡,3282,演,1
3137,涡,4517,绢,1
3137,涡,4532,绲,1
3137,涡,5674,诵,1
3138,涢,2971,汲,1
3138,涢,3091,浈,1
3138,涢,3137,涡,1
3138,涢,5721,谦,1
3139,涣,841,唤,1
3139,涣,3087,浃,1
3139,涣,3091,浈,1
3139,涣,3239,溪,1
3139,涣,3271,滨,1
3139,涣,4357,篊,1
3139,涣,5668,误,1
3140,涤,3050,泺,1
3140,涤,3065,洚,1
3140,涤,5721,谦,1
3141,润,3060,洎,1
3141,润,3173,淮,1
3141,润,3245,溷,1
3141,润,3308,潮,1
3141,润,3322,澜,1
3142,涧,1789,徊,1
3142,涧,3017,泃,1
3142,涧,6518,闷,1
3143,涨,1754,强,1
3143,涨,3085,派,1
3143,涨,3226,溆,1
3143,涨,3270,滦,1
3144,涩,3111,浥,1
3144,涩,3215,湜,1
3144,涩,5662,诨,1
3144,涩,6053,迮,1
3145,涪,2047,扅,1
3145,涪,3066,洛,1
3145,涪,3081,洺,1
3145,涪,3222,湾,1
3145,涪,3231,溘,1
3145,涪,3315,潽,1
3145,涪,4576,缡,1
3145,涪,5634,诌,1
3145,涪,5902,踣,1
3146,涫,3672,琯,1
3147,涮,458,刑,1
3147,涮,3094,测,1
3147,涮,6541,阎,1
3148,涯,3193,渡,1
3148,涯,3229,溏,1
3148,涯,3279,漉,1
3148,涯,3342,瀍,1
3149,液,3209,湎,1
3149,液,3298,潋,1
3149,液,3331,激,1
3150,涵,410,冰,1
3150,涵,446,函,1
3150,涵,2956,汕,1
3150,涵,3293,漶,1
3150,涵,5636,诎,1
3150,涵,5666,语,1
3150,涵,5718,谣,1
3150,涵,6045,迤,1
3151,涸,315,偲,1
3151,涸,425,凋,1
3151,涸,1135,堌,1
3151,涸,3001,沨,1
3151,涸,3006,沮,1
3151,涸,3056,洄,1
3151,涸,3075,洱,1
3151,涸,3136,涠,1
3151,涸,4539,绹,1
3151,涸,5729,谮,1
3152,涿,3182,渌,1
3152,涿,3663,琢,1
3153,淀,1413,定,1
3153,淀,3007,沱,1
3153,淀,3030,泛,1
3153,淀,3071,洨,1
3153,淀,3109,浡,1
3153,淀,3135,涟,1
3153,淀,3144,涩,1
3153,淀,3282,演,1
3153,淀,4543,绽,1
3154,淄,1601,嶝,1
3154,淄,5722,谧,1
3156,淆,921,嗜,1
3156,淆,3070,洧,1
3156,淆,3180,清,1
3156,淆,3258,滔,1
3156,淆,3289,漭,1
3156,淆,3705,璘,1
3156,淆,4525,绪,1
3156,淆,5181,蒂,1
3156,淆,5713,谝,1
3157,淇,381,其,1
3157,淇,3242,溲,1
3157,淇,5714,谟,1
3158,淋,2655,株,1
3158,淋,3205,湃,1
3158,淋,3674,琳,1
3158,淋,6989,鲸,1
3159,淌,3203,游,1
3159,淌,3381,炯,1
3159,淌,4551,缅,1
3159,淌,5638,诐,1
3159,淌,5667,诮,1
3159,淌,5956,躺,1
3160,淏,3110,浣,1
3160,淏,3215,湜,1
3160,淏,3218,湨,1
3160,淏,3233,溟,1
3160,淏,5683,课,1
3161,淑,2369,敝,1
3161,淑,3291,漱,1
3161,淑,5137,菽,1
3162,淖,3172,淬,1
3162,淖,3257,滓,1
3162,淖,5699,谏,1
3163,淘,3118,海,1
3163,淘,3141,润,1
3163,淘,3177,淹,1
3163,淘,3251,滃,1
3163,淘,4539,绹,1
3163,淘,6528,阁,1
3163,淘,6533,阆,1
3163,淘,6540,阍,1
3164,淙,3146,涫,1
3164,淙,3153,淀,1
3164,淙,3174,深,1
3164,淙,3175,淳,1
3164,淙,5904,踪,1
3167,淠,3215,湜,1
3167,淠,3236,溥,1
3168,淡,202,作,1
3168,淡,3137,涡,1
3168,淡,3215,湜,1
3168,淡,3227,溇,1
3168,淡,3239,溪,1
3168,淡,6601,隈,1
3169,淤,4267,竣,1
3169,淤,6079,逛,1
3171,淫,223,侄,1
3171,淫,3121,涂,1
3171,淫,3167,淠,1
3171,淫,3170,淦,1
3171,淫,3187,渔,1
3171,淫,3217,湟,1
3171,淫,3218,湨,1
3171,淫,3220,湮,1
3171,淫,3270,滦,1
3171,淫,3346,瀣,1
3171,淫,4520,绥,1
3172,淬,3058,洋,1
3172,淬,3098,浐,1
3172,淬,3162,淖,1
3172,淬,3257,滓,1
3172,淬,3289,漭,1
3173,淮,495,剕,1
3173,淮,2984,沉,1
3173,淮,3060,洎,1
3173,淮,3148,涯,1
3173,淮,3299,潍,1
3173,淮,4573,缝,1
3173,淮,5617,讹,1
3173,淮,5730,谯,1
3173,淮,6629,雏,1
3174,深,1295,姿,1
3174,深,1405,宋,1
3174,深,1500,屎,1
3174,深,3050,泺,1
3174,深,3270,滦,1
3174,深,3323,澡,1
3174,深,3662,琛,1
3174,深,5662,诨,1
3174,深,5668,误,1
3174,深,5695,谋,1
3174,深,5697,谍,1
3175,淳,1422,室,1
3175,淳,1426,宫,1
3175,淳,3121,涂,1
3175,淳,3145,涪,1
3175,淳,3164,淙,1
3176,混,2463,晁,1
3176,混,3081,洺,1
3176,混,3186,渑,1
3176,混,3340,濯,1
3176,混,3667,琨,1
3176,混,5696,谌,1
3177,淹,276,俺,1
3177,淹,2999,沦,1
3177,淹,6264,鋈,1
3178,添,1823,忝,1
3178,添,3102,浔,1
3178,添,3278,漆,1
3178,添,3306,潦,1
3178,添,5677,诸,1
3179,淼,3168,淡,1
3180,清,294,倩,1
3180,清,1187,声,1
3180,清,1600,嶙,1
3180,清,1931,情,1
3180,清,3070,洧,1
3180,清,3123,消,1
3180,清,3156,淆,1
3180,清,3190,渚,1
3180,清,3199,渭,1
3180,清,3231,溘,1
3180,清,6665,靖,1
3181,渊,495,剕,1
3181,渊,3142,涧,1
3181,渊,3225,溅,1
3181,渊,3240,溯,1
3181,渊,3311,潵,1
3181,渊,3322,澜,1
3183,渍,3037,泥,1
3183,渍,5715,谠,1
3183,渍,6106,遗,1
3184,渎,3152,涿,1
3184,渎,4527,续,1
3185,渐,823,哳,1
3185,渐,2398,断,1
3185,渐,3319,澌,1
3185,渐,3321,澎,1
3187,渔,3120,浼,1
3187,渔,3170,淦,1
3187,渔,3201,渲,1
3187,渔,3209,湎,1
3187,渔,3217,湟,1
3187,渔,3271,滨,1
3187,渔,3328,澶,1
3187,渔,5634,诌,1
3187,渔,6094,逼,1
3187,渔,6111,遥,1
3187,渔,6935,鱼,1
3188,渖,3182,渌,1
3189,渗,3068,洣,1
3189,渗,3241,溱,1
3189,渗,4090,碜,1
3189,渗,5632,诊,1
3190,渚,3209,湎,1
3190,渚,3219,湫,1
3190,渚,3266,满,1
3190,渚,3315,潽,1
3190,渚,5534,褚,1
3191,渝,260,俞,1
3191,渝,908,喻,1
3191,渝,3086,流,1
3191,渝,3147,涮,1
3191,渝,3156,淆,1
3191,渝,6100,遍,1
3192,渠,945,嘌,1
3192,渠,1470,尕,1
3192,渠,2779,榘,1
3192,渠,3217,湟,1
3192,渠,3277,漂,1
3192,渠,4406,粢,1
3192,渠,4411,粱,1
3192,渠,6623,集,1
3193,渡,1563,峻,1
3193,渡,3149,液,1
3193,渡,3329,澹,1
3193,渡,3877,癀,1
3193,渡,4267,竣,1
3193,渡,6114,遮,1
3194,渣,2626,查,1
3194,渣,3177,淹,1
3194,渣,3231,溘,1
3194,渣,3254,滍,1
3194,渣,3347,瀵,1
3194,渣,6973,鲨,1
3195,渤,3318,澉,1
3195,渤,5734,谳,1
3196,渥,2503,暹,1
3196,渥,3241,溱,1
3197,温,3186,渑,1
3197,温,3187,渔,1
3197,温,3196,渥,1
3197,温,3201,渲,1
3197,温,3202,渴,1
3197,温,3210,湓,1
3197,温,3304,潟,1
3197,温,4581,缦,1
3197,温,5722,谧,1
3197,温,6099,遇,1
3198,渫,5695,谋,1
3199,渭,3202,渴,1
3199,渭,3216,湝,1
3200,港,610,卷,1
3200,港,3129,涔,1
3200,港,3234,溠,1
3200,港,3235,溢,1
3200,港,5716,谡,1
3201,渲,1724,建,1
3201,渲,3314,潼,1
3201,渲,3681,瑄,1
3201,渲,4932,艴,1
3201,渲,6059,追,1
3202,渴,306,偈,1
3202,渴,899,喝,1
3202,渴,1171,墙,1
3202,渴,3111,浥,1
3202,渴,3137,涡,1
3202,渴,3159,淌,1
3202,渴,3199,渭,1
3202,渴,4270,竭,1
3202,渴,4532,绲,1
3202,渴,6078,通,1
3202,渴,6101,遏,1
3202,渴,6536,阉,1
3203,游,3169,淤,1
3203,游,3246,溺,1
3204,渺,3039,泪,1
3204,渺,3242,溲,1
3204,渺,3324,澥,1
3204,渺,3940,眇,1
3205,湃,2387,料,1
3205,湃,3336,濞,1
3205,湃,4537,绷,1
3207,湉,3303,潞,1
3208,湍,753,命,1
3208,湍,896,喘,1
3208,湍,3014,沽,1
3208,湍,3108,浠,1
3208,湍,3281,漓,1
3208,湍,5065,荡,1
3208,湍,5711,谛,1
3208,湍,5911,踹,1
3208,湍,6186,鄢,1
3209,湎,3079,洵,1
3210,湓,3118,海,1
3210,湓,3196,渥,1
3211,湔,3206,湄,1
3211,湔,5726,谫,1
3212,湖,581,半,1
3212,湖,3213,湘,1
3212,湖,3240,溯,1
3212,湖,3685,瑚,1
3212,湖,4422,糊,1
3212,湖,5518,裥,1
3212,湖,6552,阚,1
3213,湘,2114,担,1
3213,湘,2533,期,1
3213,湘,3161,淑,1
3213,湘,3212,湖,1
3213,湘,3309,潲,1
3213,湘,3557,狲,1
3213,湘,3934,相,1
3214,湛,1145,堪,1
3214,湛,3157,淇,1
3214,湛,3200,港,1
3215,湜,2249,提,1
3215,湜,2455,是,1
3215,湜,3138,涢,1
3215,湜,3288,漫,1
3215,湜,3293,漶,1
3216,湝,5729,谮,1
3217,湟,3122,涅,1
3217,湟,3325,澧,1
3217,湟,5291,虐,1
3218,湨,3160,淏,1
3218,湨,5668,误,1
3219,湫,3226,溆,1
3219,湫,4180,秋,1
3220,湮,3217,湟,1
3221,湲,936,嗳,1
3221,湲,3265,滠,1
3221,湲,3478,爰,1
3222,湾,416,冷,1
3222,湾,3032,泞,1
3222,湾,3116,浯,1
3222,湾,3233,溟,1
3222,湾,3329,澹,1
3223,湿,790,品,1
3223,湿,3107,浞,1
3223,湿,3135,涟,1
3223,湿,3170,淦,1
3223,湿,3217,湟,1
3223,湿,3232,溜,1
3224,溃,426,凌,1
3224,溃,3305,潢,1
3224,溃,4556,缋,1
3224,溃,5716,谡,1
3225,溅,3856,瘘,1
3225,溅,4550,缄,1
3225,溅,5648,诚,1
3225,溅,5737,谶,1
3225,溅,5792,贼,1
3226,溆,3161,淑,1
3226,溆,3201,渲,1
3228,溉,1988,慨,1
3228,溉,2770,概,1
3228,溉,3114,浪,1
3229,溏,3329,澹,1
3230,源,417,冻,1
3230,源,3050,泺,1
3230,源,3118,海,1
3230,源,3148,涯,1
3230,源,3196,渥,1
3230,源,3248,溽,1
3230,源,5690,谅,1
3232,溜,3128,涓,1
3232,溜,3269,滥,1
3232,溜,3274,滫,1
3232,溜,3304,潟,1
3234,溠,3235,溢,1
3234,溠,3314,潼,1
3235,溢,3227,溇,1
3235,溢,3234,溠,1
3235,溢,3269,滥,1
3235,溢,3301,潘,1
3235,溢,3470,燧,1
3236,溥,4407,粤,1
3237,溦,3298,潋,1
3238,溧,3174,深,1
3238,溧,3277,漂,1
3239,溪,1235,奚,1
3239,溪,1609,巡,1
3239,溪,3221,湲,1
3239,溪,3298,潋,1
3240,溯,915,嗍,1
3240,溯,2528,朔,1
3240,溯,3067,洞,1
3240,溯,3212,湖,1
3240,溯,3227,溇,1
3240,溯,4592,缱,1
3242,溲,3210,湓,1
3243,溴,3326,澳,1
3243,溴,3486,爽,1
3244,溶,3051,泻,1
3244,溶,3054,泾,1
3244,溶,3066,洛,1
3244,溶,3129,涔,1
3244,溶,3262,滚,1
3244,溶,3268,滤,1
3244,溶,3283,漕,1
3244,溶,3450,熔,1
3244,溶,5727,谬,1
3244,溶,6775,餍,1
3245,溷,6552,阚,1
3246,溺,3045,泳,1
3246,溺,3203,游,1
3246,溺,3300,潏,1
3246,溺,3308,潮,1
3246,溺,3309,潲,1
3246,溺,3344,瀚,1
3246,溺,4646,翊,1
3247,溻,3202,渴,1
3248,溽,4571,缛,1
3248,溽,5185,蒋,1
3250,滂,3222,湾,1
3250,滂,3323,澡,1
3252,滇,437,凰,1
3252,滇,3347,瀵,1
3252,滇,3668,琪,1
3252,滇,4572,缜,1
3253,滋,3040,泫,1
3253,滋,3086,流,1
3253,滋,3178,添,1
3253,滋,3298,潋,1
3253,滋,3698,璃,1
3254,滍,3282,演,1
3255,滏,3170,淦,1
3255,滏,6264,鋈,1
3256,滑,1335,婿,1
3256,滑,3102,浔,1
3256,滑,3128,涓,1
3256,滑,3180,清,1
3256,滑,3216,湝,1
3256,滑,3275,滴,1
3256,滑,3324,澥,1
3257,滓,1325,婞,1
3257,滓,1428,宰,1
3257,滓,3037,泥,1
3257,滓,3065,洚,1
3257,滓,3162,淖,1
3257,滓,3244,溶,1
3257,滓,3292,漳,1
3257,滓,3307,潭,1
3258,滔,914,嗌,1
3258,滔,3132,涛,1
3258,滔,3216,湝,1
3258,滔,3232,溜,1
3258,滔,3304,潟,1
3258,滔,3309,潲,1
3259,滕,3980,睽,1
3262,滚,3086,流,1
3262,滚,3278,漆,1
3262,滚,3337,濠,1
3262,滚,5474,衮,1
3263,滞,1358,嫦,1
3263,滞,1646,带,1
3263,滞,3133,涝,1
3263,滞,3267,滢,1
3263,滞,3296,潆,1
3263,滞,4548,缂,1
3263,滞,5144,萍,1
3266,满,3190,渚,1
3266,满,3202,渴,1
3266,满,3296,潆,1
3266,满,3297,潇,1
3266,满,4574,缟,1
3266,满,5087,莎,1
3266,满,5711,谛,1
3267,滢,3196,渥,1
3267,滢,5108,莹,1
3268,滤,1884,恣,1
3268,滤,2982,沆,1
3268,滤,3282,演,1
3268,滤,3293,漶,1
3268,滤,5736,谵,1
3269,滥,3201,渲,1
3269,滥,3210,湓,1
3269,滥,3260,滗,1
3269,滥,4369,篮,1
3269,滥,5466,衢,1
3269,滥,5722,谧,1
3270,滦,1121,埭,1
3270,滦,3050,泺,1
3270,滦,3198,渫,1
3270,滦,3222,湾,1
3270,滦,3306,潦,1
3270,滦,3323,澡,1
3270,滦,4387,簿,1
3270,滦,4593,缲,1
3271,滨,1436,宾,1
3271,滨,3110,浣,1
3271,滨,3131,涘,1
3271,滨,3139,涣,1
3271,滨,3239,溪,1
3271,滨,4589,缮,1
3272,滩,3024,泓,1
3272,滩,3299,潍,1
3272,滩,3333,濉,1
3272,滩,3972,睢,1
3272,滩,4209,稚,1
3272,滩,6567,阼,1
3272,滩,6622,雅,1
3272,滩,6626,雌,1
3273,滪,3210,湓,1
3273,滪,3334,濑,1
3273,滪,4587,缬,1
3274,滫,3216,湝,1
3275,滴,3193,渡,1
3275,滴,3209,湎,1
3275,滴,3341,瀌,1
3275,滴,4740,肩,1
3276,滹,3847,瘁,1
3276,滹,5701,谑,1
3277,漂,2989,沔,1
3277,漂,3164,淙,1
3277,漂,3295,漾,1
3277,漂,3307,潭,1
3277,漂,3337,濠,1
3277,漂,4542,综,1
3277,漂,4580,缥,1
3277,漂,6609,隙,1
3277,漂,6879,骠,1
3278,漆,421,凄,1
3278,漆,3295,漾,1
3278,漆,3306,潦,1
3278,漆,3840,痰,1
3278,漆,6825,馕,1
3280,漏,283,倔,1
3280,漏,2298,摒,1
3280,漏,3125,涌,1
3280,漏,3256,滑,1
3280,漏,3338,濡,1
3281,漓,3130,涕,1
3281,漓,3300,潏,1
3281,漓,3698,璃,1
3281,漓,4576,缡,1
3281,漓,5725,谪,1
3281,漓,5733,谲,1
3282,演,1708,庼,1
3282,演,3106,浜,1
3282,演,3174,深,1
3282,演,3187,渔,1
3282,演,3254,滍,1
3282,演,3314,潼,1
3282,演,3325,澧,1
3283,漕,3200,港,1
3284,漠,3131,涘,1
3284,漠,3184,渎,1
3284,漠,3252,滇,1
3284,漠,3254,滍,1
3285,漤,3236,溥,1
3286,漩,839,唢,1
3286,漩,940,嗾,1
3286,漩,3168,淡,1
3286,漩,3203,游,1
3286,漩,3273,滪,1
3286,漩,3333,濉,1
3288,漫,3242,溲,1
3288,漫,3459,熳,1
3288,漫,4581,缦,1
3289,漭,3098,浐,1
3289,漭,3301,潘,1
3290,漯,3174,深,1
3290,漯,3247,溻,1
3290,漯,4582,缧,1
3290,漯,6815,馊,1
3291,漱,2369,敝,1
3291,漱,3321,澎,1
3291,漱,4749,肷,1
3292,漳,1702,庳,1
3292,漳,3053,泽,1
3292,漳,3065,洚,1
3292,漳,3162,淖,1
3292,漳,3257,滓,1
3292,漳,3276,滹,1
3292,漳,3314,潼,1
3292,漳,4530,绰,1
3293,漶,6825,馕,1
3294,漹,3266,满,1
3294,漹,4569,缙,1
3294,漹,4576,缡,1
3295,漾,37,丶,1
3295,漾,3182,渌,1
3295,漾,3265,滠,1
3295,漾,3337,濠,1
3296,潆,1567,崇,1
3296,潆,3337,濠,1
3296,潆,5148,萘,1
3297,潇,3314,潼,1
3297,潇,5154,萧,1
3297,潇,7167,齑,1
3298,潋,3210,湓,1
3299,潍,3135,涟,1
3299,潍,3318,澉,1
3299,潍,4534,维,1
3299,潍,4596,缵,1
3299,潍,6892,骺,1
3300,潏,3275,滴,1
3301,潘,2573,杳,1
3301,潘,3171,淫,1
3301,潘,3773,番,1
3301,潘,3903,皤,1
3302,潜,3216,湝,1
3302,潜,3312,潸,1
3303,潞,3200,港,1
3303,潞,5729,谮,1
3303,潞,5906,踮,1
3304,潟,3202,渴,1
3305,潢,3266,满,1
3306,潦,3109,浡,1
3306,潦,3270,滦,1
3306,潦,3675,琴,1
3307,潭,3277,漂,1
3307,潭,3292,漳,1
3307,潭,3336,濞,1
3307,潭,3464,燎,1
3308,潮,2532,朝,1
3308,潮,3205,湃,1
3308,潮,3212,湖,1
3309,潲,3310,潴,1
3310,潴,3287,漪,1
3311,潵,2369,敝,1
3311,潵,3161,淑,1
3311,潵,3237,溦,1
3311,潵,3313,潺,1
3311,潵,3317,澈,1
3311,潵,5237,蔽,1
3312,潸,3302,潜,1
3314,潼,5720,谥,1
3314,潼,6116,遵,1
3315,潽,5733,谲,1
3316,澄,3129,涔,1
3316,澄,3169,淤,1
3316,澄,3261,滘,1
3316,澄,3267,滢,1
3316,澄,3325,澧,1
3316,澄,4596,缵,1
3316,澄,5247,蕰,1
3316,澄,6592,陪,1
3317,澈,3156,淆,1
3317,澈,3226,溆,1
3317,澈,3298,潋,1
3317,澈,5942,蹾,1
3317,澈,6009,辙,1
3317,澈,7096,鹬,1
3318,澉,3351,灏,1
3319,澌,962,嘶,1
3321,澎,1024,圉,1
3321,澎,1775,影,1
3321,澎,3109,浡,1
3321,澎,4373,篾,1
3322,澜,3852,瘌,1
3322,澜,6530,阃,1
3322,澜,6531,阄,1
3323,澡,918,嗓,1
3323,澡,3164,淙,1
3323,澡,3174,深,1
3323,澡,3238,溧,1
3323,澡,3250,滂,1
3325,澧,6113,遭,1
3326,澳,2005,懊,1
3326,澳,3139,涣,1
3326,澳,3160,淏,1
3326,澳,3218,湨,1
3326,澳,3233,溟,1
3326,澳,6587,院,1
3327,澴,4594,缳,1
3328,澶,2916,氇,1
3328,澶,3201,渲,1
3330,澼,346,僻,1
3330,澼,4634,群,1
3331,激,2379,敷,1
3331,激,3237,溦,1
3331,激,3251,滃,1
3331,激,3265,滠,1
3332,濂,3282,演,1
3333,濉,5682,诽,1
3334,濑,2008,懒,1
3335,濒,2971,汲,1
3335,濒,3138,涢,1
3335,濒,3273,滪,1
3335,濒,3291,漱,1
3335,濒,3299,潍,1
3335,濒,3334,濑,1
3335,濒,4587,缬,1
3337,濠,3332,濂,1
3338,濡,3336,濞,1
3340,濯,3349,灈,1
3340,濯,3696,璀,1
3341,瀌,3279,漉,1
3342,瀍,3863,瘥,1
3343,瀑,3327,澴,1
3343,瀑,3473,爆,1
3343,瀑,5724,谩,1
3347,瀵,79,二,1
3348,瀹,3191,渝,1
3349,灈,3340,濯,1
3350,灌,1596,嵯,1
3350,灌,3234,溠,1
3350,灌,3296,潆,1
3350,灌,5271,藐,1
3350,灌,6619,雀,1
3350,灌,7105,麂,1
3351,灏,37,丶,1
3353,火,1811,忆,1
3353,火,3368,炎,1
3353,火,3389,炽,1
3353,火,3408,烬,1
3353,火,3490,片,1
3354,灬,1808,心,1
3355,灭,641,又,1
3355,灭,1206,天,1
3355,灭,1209,夬,1
3355,灭,1513,屯,1
3356,灯,3361,灼,1
3356,灯,3387,炻,1
3356,灯,3389,炽,1
3357,灰,1490,尿,1
3357,灰,1679,庆,1
3357,灰,1680,庇,1
3357,灰,1694,庞,1
3357,灰,2017,戌,1
3357,灰,3796,疢,1
3357,灰,4967,花,1
3357,灰,4986,苑,1
3357,灰,5744,豕,1
3358,灵,2438,昆,1
3358,灵,2462,显,1
3359,灶,1259,妙,1
3359,灶,2990,沘,1
3359,灶,3011,油,1
3359,灶,3398,烛,1
3360,灸,1221,奂,1
3360,灸,3368,炎,1
3360,灸,4011,矣,1
3360,灸,5474,衮,1
3361,灼,3364,炀,1
3361,灼,3367,炊,1
3361,灼,3381,炯,1
3361,灼,3383,炳,1
3361,灼,4472,纳,1
3361,灼,5854,趵,1
3362,灾,38,丸,1
3362,灾,1399,它,1
3362,灾,1400,宄,1
3362,灾,1432,家,1
3362,灾,1436,宾,1
3362,灾,1440,寅,1
3362,灾,2983,沈,1
3362,灾,4234,突,1
3362,灾,4252,窥,1
3363,灿,3390,烀,1
3363,灿,3398,烛,1
3363,灿,3421,焖,1
3364,炀,306,偈,1
3364,炀,3387,炻,1
3364,炀,3446,煽,1
3364,炀,3614,玚,1
3364,炀,4008,矛,1
3364,炀,5386,蜴,1
3365,炅,3358,灵,1
3365,炅,3382,炱,1
3366,炉,3032,泞,1
3366,炉,3378,炬,1
3366,炉,3390,烀,1
3367,炊,2211,掀,1
3367,炊,2845,欧,1
3367,炊,3377,炫,1
3367,炊,3398,烛,1
3367,炊,3403,烦,1
3367,炊,6789,饮,1
3368,炎,31,丫,1
3368,炎,3358,灵,1
3368,炎,4761,背,1
3368,炎,5800,资,1
3368,炎,5836,走,1
3369,炒,1674,幼,1
3369,炒,1675,幽,1
3369,炒,3366,炉,1
3370,炔,3398,烛,1
3370,炔,5856,趺,1
3371,炕,94,亢,1
3371,炕,1051,坑,1
3371,炕,3361,灼,1
3371,炕,3377,炫,1
3371,炕,3423,焙,1
3373,炙,61,乘,1
3373,炙,790,品,1
3373,炙,3020,泉,1
3373,炙,3358,灵,1
3373,炙,3360,灸,1
3373,炙,3365,炅,1
3373,炙,5746,象,1
3374,炜,1633,帏,1
3375,炝,1852,怕,1
3376,炟,1855,怛,1
3376,炟,2614,柑,1
3376,炟,3399,烜,1
3376,炟,3401,烟,1
3377,炫,1889,恪,1
3377,炫,5801,赅,1
3378,炬,3384,炷,1
3378,炬,4014,矩,1
3378,炬,5873,距,1
3379,炭,1433,宸,1
3379,炭,2904,毙,1
3379,炭,5014,茄,1
3380,炮,1845,怆,1
3380,炮,1935,惋,1
3380,炮,3165,淝,1
3380,炮,3376,炟,1
3380,炮,3433,煌,1
3380,炮,5336,蛇,1
3381,炯,926,嗣,1
3381,炯,2528,朔,1
3381,炯,5383,蜩,1
3381,炯,5392,蝈,1
3382,炱,1858,怠,1
3383,炳,3410,烯,1
3383,炳,6393,锅,1
3383,炳,6930,魉,1
3384,炷,3359,灶,1
3384,炷,3392,烂,1
3384,炷,3393,烃,1
3384,炷,3435,煜,1
3385,炸,1826,忤,1
3385,炸,1847,怍,1
3385,炸,2623,柞,1
3385,炸,3366,炉,1
3385,炸,3378,炬,1
3385,炸,3395,烊,1
3385,炸,5345,蛘,1
3386,点,28,丧,1
3386,点,65,乞,1
3386,点,376,兰,1
3386,点,688,名,1
3386,点,1869,总,1
3386,点,2674,桌,1
3386,点,3106,浜,1
3386,点,4011,矣,1
3386,点,4260,立,1
3386,点,5288,虍,1
3386,点,5852,足,1
3387,炻,3378,炬,1
3387,炻,3418,焐,1
3388,炼,2382,斌,1
3388,炼,3390,烀,1
3388,炼,3420,焕,1
3388,炼,3437,煤,1
3389,炽,1315,娲,1
3389,炽,2603,枳,1
3389,炽,3363,灿,1
3389,炽,3398,烛,1
3390,烀,1331,婵,1
3390,烀,1861,怦,1
3390,烀,3405,烨,1
3391,烁,1280,姓,1
3391,烁,2633,柴,1
3391,烁,3390,烀,1
3391,烁,3396,烘,1
3391,烁,3469,燥,1
3392,烂,1919,悦,1
3392,烂,3432,煊,1
3393,烃,1276,始,1
3393,烃,1988,慨,1
3393,烃,3054,泾,1
3393,烃,3377,炫,1
3394,烈,1989,慰,1
3394,烈,2869,殂,1
3395,烊,3405,烨,1
3395,烊,3427,焯,1
3395,烊,3469,燥,1
3396,烘,3389,炽,1
3396,烘,3398,烛,1
3396,烘,3404,烧,1
3396,烘,5301,虹,1
3396,烘,5378,蜞,1
3397,烙,1547,峂,1
3397,烙,1889,恪,1
3397,烙,3303,潞,1
3397,烙,3393,烃,1
3397,烙,3408,烬,1
3398,烛,3376,炟,1
3398,烛,3402,烤,1
3398,烛,3440,煨,1
3398,烛,3474,爝,1
3399,烜,3376,炟,1
3399,烜,3378,炬,1
3399,烜,3419,焓,1
3399,烜,3435,煜,1
3401,烟,787,咽,1
3401,烟,1551,峒,1
3401,烟,3057,洇,1
3401,烟,3381,炯,1
3401,烟,3411,烷,1
3401,烟,3421,焖,1
3401,烟,3462,燃,1
3401,烟,4781,胭,1
3401,烟,6540,阍,1
3402,烤,2288,携,1
3402,烤,3423,焙,1
3402,烤,5408,蝼,1
3403,烦,3378,炬,1
3403,烦,3399,烜,1
3403,烦,5673,说,1
3403,烦,5773,贩,1
3403,烦,6717,项,1
3403,烦,6740,频,1
3404,烧,3396,烘,1
3404,烧,5325,蚬,1
3404,烧,5356,蛲,1
3404,烧,5560,览,1
3405,烨,1826,忤,1
3405,烨,5435,蟑,1
3406,烩,2688,桧,1
3406,烩,3450,熔,1
3407,烫,1320,婆,1
3407,烫,2512,曰,1
3407,烫,3362,灾,1
3407,烫,5652,诞,1
3407,烫,5849,趟,1
3408,烬,1144,堤,1
3408,烬,1257,妖,1
3408,烬,4440,紧,1
3408,烬,4667,耀,1
3408,烬,5376,蜚,1
3409,热,532,势,1
3409,热,2146,拯,1
3409,热,3454,熟,1
3409,热,4423,糌,1
3409,热,5850,趣,1
3409,热,6047,迦,1
3409,热,6050,迪,1
3409,热,6073,逑,1
3409,热,6080,逝,1
3410,烯,832,唏,1
3410,烯,1955,惴,1
3410,烯,2408,旆,1
3410,烯,2640,栉,1
3410,烯,3466,燔,1
3410,烯,4200,稀,1
3411,烷,1103,垸,1
3411,烷,1350,嫔,1
3411,烷,3404,烧,1
3411,烷,3435,煜,1
3411,烷,3450,熔,1
3411,烷,4507,绘,1
3412,烹,1389,孪,1
3412,烹,1848,怎,1
3412,烹,1886,恧,1
3412,烹,3441,煮,1
3412,烹,6012,辜,1
3413,烺,2732,棺,1
3414,烽,1871,怿,1
3414,烽,1930,悼,1
3414,烽,3140,涤,1
3414,烽,3406,烩,1
3414,烽,3416,焊,1
3414,烽,3669,琫,1
3414,烽,5363,蜂,1
3415,焉,1896,恶,1
3415,焉,2898,毒,1
3415,焉,3294,漹,1
3415,焉,4528,绮,1
3415,焉,5235,蔻,1
3415,焉,5752,豸,1
3416,焊,1795,得,1
3416,焊,2390,斝,1
3416,焊,3257,滓,1
3416,焊,3389,炽,1
3416,焊,4414,粹,1
3417,焌,3470,燧,1
3418,焐,1915,悟,1
3418,焐,3423,焙,1
3418,焐,3465,燏,1
3418,焐,4924,艚,1
3418,焐,7177,龉,1
3419,焓,1891,恬,1
3419,焓,3397,烙,1
3419,焓,3406,烩,1
3419,焓,3418,焐,1
3420,焕,841,唤,1
3420,焕,940,嗾,1
3420,焕,1942,惟,1
3420,焕,2005,懊,1
3420,焕,2199,换,1
3420,焕,3384,炷,1
3420,焕,3403,烦,1
3420,焕,3417,焌,1
3420,焕,3468,燠,1
3422,焘,572,医,1
3422,焘,1461,寿,1
3422,焘,4153,祯,1
3423,焙,1891,恬,1
3423,焙,3374,炜,1
3423,焙,3377,炫,1
3423,焙,3402,烤,1
3423,焙,3459,熳,1
3423,焙,3460,熵,1
3424,焚,4302,笼,1
3424,焚,5036,茭,1
3424,焚,5486,袈,1
3425,焜,4532,绲,1
3425,焜,5390,蜿,1
3426,焦,18,丘,1
3426,焦,154,企,1
3426,焦,190,位,1
3426,焦,1984,慝,1
3426,焦,2419,旦,1
3426,焦,3602,獯,1
3426,焦,3668,琪,1
3426,焦,6615,隹,1
3426,焦,6617,隽,1
3427,焯,1331,婵,1
3427,焯,1598,嶂,1
3427,焯,3395,烊,1
3428,焰,1321,婉,1
3428,焰,3456,熥,1
3428,焰,3466,燔,1
3428,焰,3474,爝,1
3429,焱,1763,彘,1
3429,焱,5284,蘧,1
3429,焱,5816,赕,1
3430,然,232,供,1
3430,然,802,哑,1
3430,然,2433,旺,1
3430,然,3454,熟,1
3431,煅,1806,徼,1
3432,煊,5380,蜢,1
3433,煌,901,喤,1
3433,煌,3404,烧,1
3433,煌,3414,烽,1
3433,煌,3432,煊,1
3433,煌,3435,煜,1
3433,煌,3450,熔,1
3433,煌,5373,蜕,1
3434,煎,386,兼,1
3434,煎,1962,愈,1
3434,煎,1978,慈,1
3434,煎,3394,烈,1
3434,煎,5433,蟊,1
3435,煜,1958,惺,1
3435,煜,3389,炽,1
3436,煞,1996,憝,1
3436,煞,1998,憨,1
3436,煞,2363,敏,1
3436,煞,6961,鲛,1
3437,煤,892,喋,1
3437,煤,1141,堞,1
3437,煤,3388,炼,1
3437,煤,3469,燥,1
3437,煤,3519,犍,1
3437,煤,5389,蜾,1
3438,煦,3439,照,1
3439,照,1863,怨,1
3439,照,2454,昭,1
3439,照,3438,煦,1
3440,煨,884,喂,1
3440,煨,3425,焜,1
3441,煮,14,专,1
3441,煮,5241,蕊,1
3441,煮,5316,蚕,1
3441,煮,7119,黄,1
3442,煲,4393,类,1
3443,煳,3580,猢,1
3443,煳,4652,翙,1
3445,煺,3413,烺,1
3445,煺,3459,熳,1
3445,煺,3471,燮,1
3445,煺,4845,腿,1
3446,煽,883,喁,1
3446,煽,2283,搦,1
3446,煽,3474,爝,1
3446,煽,5398,蝙,1
3447,熄,934,嗯,1
3447,熄,1341,媳,1
3447,熄,3389,炽,1
3447,熄,3411,烷,1
3447,熄,3440,煨,1
3447,熄,3462,燃,1
3448,熊,23,丝,1
3448,熊,3452,熙,1
3448,熊,4792,能,1
3449,熏,1848,怎,1
3449,熏,4409,粪,1
3449,熏,5544,襄,1
3450,熔,3402,烤,1
3450,熔,3411,烷,1
3450,熔,3420,焕,1
3450,熔,3451,熘,1
3450,熔,3850,瘆,1
3451,熘,3378,炬,1
3452,熙,3448,熊,1
3453,熜,934,嗯,1
3453,熜,3447,熄,1
3453,熜,5441,蟪,1
3454,熟,2882,殛,1
3454,熟,6047,迦,1
3454,熟,6874,骛,1
3454,熟,6932,魏,1
3456,熥,6626,雌,1
3460,熵,3446,煽,1
3460,熵,3465,燏,1
3460,熵,5401,蝤,1
3461,熹,1190,壹,1
3463,燊,2725,棨,1
3464,燎,963,嘹,1
3464,燎,3306,潦,1
3464,燎,5414,螈,1
3465,燏,1357,嫣,1
3466,燔,3391,烁,1
3467,燕,1970,感,1
3467,燕,5247,蕰,1
3468,燠,3451,熘,1
3468,燠,5456,蠼,1
3469,燥,1589,嵘,1
3469,燥,3390,烀,1
3469,燥,5410,蝾,1
3469,燥,5993,辉,1
3473,爆,1958,惺,1
3473,爆,3416,焊,1
3473,爆,4582,缧,1
3474,爝,3465,燏,1
3474,爝,5451,蠛,1
3475,爨,62,乙,1
3476,爪,621,厌,1
3476,爪,1680,庇,1
3476,爪,1808,心,1
3476,爪,2918,氏,1
3476,爪,4280,笊,1
3476,爪,4477,纸,1
3477,爬,2455,是,1
3477,爬,4042,砣,1
3477,爬,4739,肥,1
3478,爰,3479,爱,1
3478,爰,5055,荑,1
3479,爱,1317,娶,1
3479,爱,4339,箜,1
3479,爱,5553,覆,1
3480,爵,2465,晋,1
3480,爵,4650,翕,1
3480,爵,5226,蔚,1
3481,父,1372,孓,1
3482,爷,43,举,1
3482,爷,519,务,1
3482,爷,606,危,1
3482,爷,682,各,1
3482,爷,3481,父,1
3482,爷,4293,笨,1
3483,爸,4278,笆,1
3483,爸,6917,鬯,1
3484,爹,1378,孚,1
3484,爹,1384,季,1
3484,爹,2930,氡,1
3484,爹,4238,窆,1
3485,爻,50,义,1
3485,爻,3481,父,1
3486,爽,2365,敕,1
3486,爽,3813,疼,1
3487,爿,32,丬,1
3487,爿,3736,甘,1
3489,牂,4416,粽,1
3490,片,153,仿,1
3490,片,356,兄,1
3490,片,594,占,1
3490,片,2043,房,1
3490,片,2421,旨,1
3490,片,2964,污,1
3490,片,2985,沌,1
3490,片,4943,芍,1
3490,片,5288,虍,1
3491,版,2369,敝,1
3491,版,2375,敬,1
3491,版,3504,牧,1
3491,版,3761,畈,1
3491,版,5859,趿,1
3492,牌,4208,稗,1
3492,牌,5385,蜱,1
3492,牌,5943,蹿,1
3492,牌,5993,辉,1
3492,牌,6595,陴,1
3492,牌,6816,馋,1
3496,牙,56,乐,1
3496,牙,85,亓,1
3496,牙,417,冻,1
3496,牙,1390,孬,1
3496,牙,1667,干,1
3496,牙,2561,束,1
3496,牙,3525,犭,1
3496,牙,4008,矛,1
3496,牙,5952,身,1
3496,牙,5958,车,1
3496,牙,6034,迓,1
3497,牚,2723,棠,1
3497,牚,4232,穿,1
3497,牚,4406,粢,1
3498,牛,33,中,1
3498,牛,87,井,1
3498,牛,1469,尔,1
3498,牛,2386,斗,1
3498,牛,6312,钮,1
3499,牝,2860,此,1
3499,牝,4469,纰,1
3499,牝,5966,轮,1
3500,牟,35,串,1
3500,牟,168,伞,1
3500,牟,378,关,1
3500,牟,584,卑,1
3500,牟,3498,牛,1
3500,牟,3522,犟,1
3500,牟,4011,矣,1
3500,牟,4251,窣,1
3500,牟,6616,隼,1
3501,牡,4598,缸,1
3501,牡,4730,肚,1
3501,牡,4752,肽,1
3501,牡,5020,茌,1
3501,牡,6281,钍,1
3501,牡,7129,黜,1
3502,牢,584,卑,1
3502,牢,1243,奸,1
3502,牢,1402,宇,1
3502,牢,1412,宙,1
3502,牢,1417,实,1
3502,牢,3172,淬,1
3502,牢,3500,牟,1
3502,牢,4247,窜,1
3502,牢,4675,耍,1
3502,牢,4941,芊,1
3503,牦,3943,眊,1
3504,牧,653,叛,1
3504,牧,1779,彻,1
3504,牧,2080,技,1
3504,牧,2362,敌,1
3504,牧,2365,敕,1
3504,牧,2384,斑,1
3504,牧,3505,物,1
3505,物,468,判,1
3505,物,1044,均,1
3505,物,1897,恸,1
3505,物,2070,扮,1
3505,物,3516,犄,1
3505,物,3543,狗,1
3505,物,4735,肠,1
3505,物,5791,贻,1
3505,物,5963,轫,1
3505,物,6696,鞫,1
3506,牮,4548,缂,1
3506,牮,4550,缄,1
3507,牯,6318,钴,1
3508,牲,1862,性,1
3508,牲,1885,恤,1
3508,牲,2178,挫,1
3508,牲,2229,推,1
3508,牲,2708,械,1
3508,牲,3501,牡,1
3508,牲,3513,牿,1
3508,牲,4398,粒,1
3508,牲,4769,胜,1
3508,牲,5982,轾,1
3509,牵,1222,奄,1
3509,牵,1671,幸,1
3509,牵,3497,牚,1
3509,牵,5069,荦,1
3510,特,1520,岈,1
3510,特,1874,恃,1
3510,特,3205,湃,1
3510,特,3584,猫,1
3510,特,5895,踌,1
3510,特,6398,锊,1
3511,牺,2595,枥,1
3511,牺,2649,栖,1
3511,牺,3383,炳,1
3511,牺,4012,知,1
3511,牺,6393,锅,1
3511,牺,7124,黏,1
3512,牾,2184,捂,1
3512,牾,3513,牿,1
3512,牾,4430,糟,1
3513,牿,1287,姞,1
3513,牿,5964,转,1
3513,牿,6394,锆,1
3514,犀,4708,聋,1
3514,犀,6020,辱,1
3514,犀,6673,革,1
3515,犁,2744,椠,1
3516,犄,1127,埼,1
3516,犄,3574,猗,1
3517,犊,2260,揳,1
3517,犊,3493,牍,1
3517,犊,3713,璪,1
3517,犊,4413,粳,1
3518,犋,2717,棋,1
3519,犍,1323,婕,1
3519,犍,2913,毽,1
3519,犍,4837,腱,1
3519,犍,6685,鞋,1
3520,犏,2756,楝,1
3520,犏,6870,骗,1
3521,犒,2160,按,1
3521,犒,3516,犄,1
3521,犒,3973,督,1
3521,犒,4219,稿,1
3521,犒,6465,镐,1
3524,犬,595,卡,1
3524,犬,662,只,1
3524,犬,1206,天,1
3524,犬,1207,太,1
3525,犭,3933,直,1
3526,犯,2084,把,1
3526,犯,2560,杞,1
3526,犯,3533,狁,1
3527,犰,3532,犹,1
3527,犰,3539,狍,1
3528,犴,1243,奸,1
3528,犴,2063,扦,1
3528,犴,6855,骅,1
3529,状,160,伏,1
3529,状,3061,洑,1
3529,状,3640,珑,1
3530,犷,2065,扩,1
3530,犷,2431,旷,1
3531,犸,2174,挥,1
3531,犸,2567,杩,1
3531,犸,3573,猖,1
3531,犸,6000,辐,1
3532,犹,1278,姑,1
3532,犹,1827,忧,1
3532,犹,3533,狁,1
3532,犹,3764,畎,1
3532,犹,3954,眬,1
3533,狁,3539,狍,1
3533,狁,3569,猊,1
3534,狂,247,促,1
3534,狂,2060,托,1
3534,狂,2583,枉,1
3534,狂,3508,牲,1
3534,狂,3535,狃,1
3534,狂,3561,狸,1
3534,狂,5982,轾,1
3534,狂,6197,配,1
3534,狂,6390,锂,1
3536,狄,3532,犹,1
3536,狄,3552,狭,1
3536,狄,4180,秋,1
3536,狄,6834,驮,1
3537,狈,1056,坝,1
3537,狈,3539,狍,1
3537,狈,3545,狝,1
3537,狈,3556,狱,1
3537,狈,3602,獯,1
3538,狉,2882,殛,1
3538,狉,3575,猛,1
3539,狍,1383,孢,1
3540,狎,2108,押,1
3540,狎,3535,狃,1
3541,狐,2087,抓,1
3541,狐,3533,狁,1
3541,狐,3719,瓠,1
3541,狐,7114,麴,1
3542,狒,2238,掷,1
3543,狗,2121,拍,1
3543,狗,2129,拘,1
3543,狗,3535,狃,1
3543,狗,3546,狞,1
3543,狗,4787,胴,1
3543,狗,5753,豹,1
3544,狙,2869,殂,1
3544,狙,3561,狸,1
3544,狙,4400,粗,1
3544,狙,5567,觐,1
3544,狙,5843,趄,1
3544,狙,6618,难,1
3544,狙,6840,驵,1
3545,狝,3572,猕,1
3545,狝,4195,称,1
3546,狞,1398,宁,1
3546,狞,2140,拧,1
3546,狞,3530,犷,1
3546,狞,3545,狝,1
3546,狞,3553,狮,1
3546,狞,3574,猗,1
3546,狞,4710,聍,1
3547,狠,1088,垠,1
3547,狠,2715,棂,1
3547,狠,3537,狈,1
3547,狠,4201,稂,1
3547,狠,5760,貔,1
3548,狡,2299,摔,1
3548,狡,3567,猄,1
3548,狡,4191,秩,1
3548,狡,5824,赞,1
3549,狨,2144,拭,1
3549,狨,2801,槭,1
3550,狩,2189,捋,1
3550,狩,4416,粽,1
3551,独,3398,烛,1
3551,独,3570,猎,1
3551,独,3576,猜,1
3551,独,5308,蚀,1
3552,狭,4190,秧,1
3552,狭,6865,骐,1
3553,狮,1631,师,1
3553,狮,2622,柝,1
3553,狮,3542,狒,1
3553,狮,3572,猕,1
3553,狮,3580,猢,1
3553,狮,3600,獬,1
3554,狯,166,会,1
3554,狯,4507,绘,1
3555,狰,2186,捅,1
3555,狰,3574,猗,1
3555,狰,3577,猝,1
3555,狰,4345,箨,1
3555,狰,5658,诤,1
3556,狱,3588,猴,1
3557,狲,6214,酬,1
3558,狳,2875,殊,1
3558,狳,3249,滁,1
3558,狳,3578,猞,1
3560,狷,2194,捐,1
3560,狷,2234,掮,1
3560,狷,3555,狰,1
3560,狷,3585,猬,1
3561,狸,257,俚,1
3561,狸,1304,娌,1
3561,狸,2193,捏,1
3561,狸,3534,狂,1
3561,狸,3571,猓,1
3561,狸,4831,腥,1
3561,狸,6840,驵,1
3562,狺,2252,揞,1
3563,狻,7133,黢,1
3564,狼,1307,娘,1
3564,狼,1787,很,1
3564,狼,3539,狍,1
3564,狼,3547,狠,1
3564,狼,4201,稂,1
3565,猁,4064,硎,1
3566,猃,2198,捡,1
3566,猃,3575,猛,1
3567,猄,1202,够,1
3567,猄,5996,辌,1
3568,猇,2271,搋,1
3569,猊,1800,徨,1
3569,猊,2183,挽,1
3569,猊,3533,狁,1
3570,猎,2776,榍,1
3570,猎,3310,潴,1
3570,猎,3542,狒,1
3570,猎,3560,狷,1
3570,猎,3567,猄,1
3570,猎,3576,猜,1
3570,猎,6412,锘,1
3570,猎,6413,错,1
3571,猓,3587,猱,1
3571,猓,6418,锞,1
3571,猓,6867,骒,1
3572,猕,2283,搦,1
3572,猕,3545,狝,1
3572,猕,3557,狲,1
3573,猖,1315,娲,1
3573,猖,3560,狷,1
3573,猖,3579,猡,1
3573,猖,3592,猾,1
3573,猖,6845,驺,1
3573,猖,7036,鸦,1
3574,猗,2218,掎,1
3574,猗,3543,狗,1
3574,猗,3591,猹,1
3574,猗,6003,输,1
3575,猛,1947,惩,1
3575,猛,2491,暄,1
3575,猛,6997,鳁,1
3576,猜,1327,婧,1
3576,猜,3542,狒,1
3576,猜,3570,猎,1
3576,猜,3573,猖,1
3576,猜,3574,猗,1
3576,猜,3583,猪,1
3576,猜,3593,猿,1
3577,猝,2299,摔,1
3578,猞,1258,妗,1
3578,猞,6006,辖,1
3579,猡,3581,猥,1
3579,猡,5997,辍,1
3580,猢,3212,湖,1
3580,猢,4422,糊,1
3581,猥,2335,擐,1
3582,猩,1800,徨,1
3582,猩,2884,殣,1
3582,猩,3550,狩,1
3582,猩,3569,猊,1
3582,猩,3587,猱,1
3582,猩,3781,疆,1
3582,猩,4005,瞿,1
3582,猩,4562,缒,1
3582,猩,6237,醒,1
3583,猪,328,储,1
3583,猪,1148,堵,1
3583,猪,1801,循,1
3583,猪,2762,楮,1
3583,猪,3310,潴,1
3583,猪,3542,狒,1
3583,猪,3594,獍,1
3583,猪,4424,糍,1
3584,猫,3559,狴,1
3584,猫,3560,狷,1
3584,猫,3570,猎,1
3584,猫,3590,猸,1
3584,猫,3984,瞄,1
3584,猫,4223,穑,1
3584,猫,6414,锚,1
3584,猫,6876,骝,1
3585,猬,2194,捐,1
3585,猬,3579,猡,1
3585,猬,3581,猥,1
3585,猬,3592,猾,1
3586,献,504,剪,1
3587,猱,2106,抹,1
3587,猱,2245,揉,1
3587,猱,6249,醾,1
3588,猴,3572,猕,1
3588,猴,5761,貘,1
3589,猷,3597,獒,1
3589,猷,6205,酞,1
3590,猸,2307,摺,1
3590,猸,3585,猬,1
3592,猾,3256,滑,1
3592,猾,3560,狷,1
3592,猾,3576,猜,1
3592,猾,3590,猸,1
3592,猾,3680,瑁,1
3593,猿,1805,德,1
3593,猿,3562,狺,1
3593,猿,3594,獍,1
3594,獍,3596,獐,1
3596,獐,2808,樟,1
3597,獒,2875,殊,1
3597,獒,2935,氨,1
3597,獒,5818,赘,1
3599,獠,5996,辌,1
3600,獬,2337,擗,1
3600,獬,2802,槲,1
3601,獭,2326,撷,1
3601,獭,3334,濑,1
3603,獴,3296,潆,1
3603,獴,4123,礞,1
3603,獴,4217,稼,1
3604,獾,6701,韂,1
3605,玄,25,丢,1
3605,玄,82,亏,1
3605,玄,166,会,1
3605,玄,357,充,1
3605,玄,636,去,1
3605,玄,1821,忘,1
3605,玄,5581,言,1
3606,率,585,卒,1
3606,率,1422,室,1
3606,率,1428,宰,1
3606,率,1668,平,1
3606,率,4251,窣,1
3607,玉,83,云,1
3607,玉,86,五,1
3607,玉,3608,王,1
3607,玉,5467,衣,1
3607,玉,5740,豆,1
3607,玉,6021,辶,1
3608,王,6,三,1
3608,王,13,丑,1
3608,王,15,且,1
3608,王,50,义,1
3608,王,93,亡,1
3608,王,2968,汪,1
3609,玎,3633,珂,1
3610,玑,3626,现,1
3611,玕,2957,汗,1
3611,玕,5627,评,1
3611,玕,6282,钎,1
3612,玖,1105,埃,1
3612,玖,2355,改,1
3612,玖,2356,攻,1
3612,玖,2843,欣,1
3612,玖,3616,玟,1
3612,玖,3673,琰,1
3612,玖,4454,纠,1
3612,玖,5629,识,1
3612,玖,6717,项,1
3613,玙,3638,珏,1
3613,玙,3664,琤,1
3614,玚,1039,场,1
3614,玚,3619,玢,1
3614,玚,6782,饧,1
3615,玛,1613,巧,1
3615,玛,1745,弥,1
3615,玛,3051,泻,1
3615,玛,3618,玡,1
3618,玡,3611,玕,1
3618,玡,3633,珂,1
3618,玡,3663,琢,1
3618,玡,4032,砑,1
3618,玡,5614,讶,1
3619,玢,2976,汾,1
3619,玢,3613,玙,1
3619,玢,3614,玚,1
3620,玥,3632,珀,1
3621,玦,3663,琢,1
3621,玦,4599,缺,1
3622,玩,1051,坑,1
3622,玩,1265,妩,1
3622,玩,2417,既,1
3622,玩,2981,沅,1
3622,玩,3635,珉,1
3622,玩,3670,琬,1
3622,玩,6375,铳,1
3623,玫,2357,放,1
3623,玫,3626,现,1
3623,玫,3701,璈,1
3623,玫,4194,积,1
3623,玫,4478,纹,1
3623,玫,5621,设,1
3624,玮,5676,请,1
3625,环,2978,沂,1
3625,环,3611,玕,1
3625,环,3645,珥,1
3625,环,4893,舔,1
3625,环,6292,钚,1
3626,现,2596,枧,1
3626,现,3610,玑,1
3626,现,3621,玦,1
3626,现,3634,珈,1
3626,现,3654,理,1
3626,现,3668,琪,1
3626,现,3670,琬,1
3626,现,3673,琰,1
3626,现,4038,砚,1
3626,现,4878,至,1
3626,现,5555,观,1
3626,现,5556,规,1
3626,现,5559,觇,1
3627,玲,2409,旋,1
3627,玲,2609,柃,1
3627,玲,3054,泾,1
3627,玲,3631,玻,1
3627,玲,3637,珍,1
3627,玲,4077,硷,1
3627,玲,5350,蛤,1
3629,玷,3649,珰,1
3629,玷,3653,琅,1
3629,玷,5619,讼,1
3629,玷,5636,诎,1
3630,玺,4253,窦,1
3631,玻,3035,波,1
3631,玻,4051,破,1
3631,玻,4929,艰,1
3631,玻,5496,被,1
3631,玻,5638,诐,1
3631,玻,6342,铍,1
3632,珀,1094,垧,1
3633,珂,3617,玠,1
3633,珂,3891,百,1
3633,珂,5970,轲,1
3634,珈,608,却,1
3634,珈,3657,琊,1
3634,珈,4030,砌,1
3635,珉,2921,氓,1
3635,珉,3667,琨,1
3636,珊,1134,堋,1
3636,珊,1282,姗,1
3636,珊,2385,斓,1
3636,珊,3685,瑚,1
3636,珊,4078,硼,1
3636,珊,5871,跚,1
3636,珊,6488,镧,1
3637,珍,69,书,1
3637,珍,1613,巧,1
3638,珏,6314,钰,1
3639,珐,3638,珏,1
3639,珐,4061,硅,1
3639,珐,4261,竑,1
3639,珐,6360,铣,1
3640,珑,1077,垅,1
3640,珑,3652,球,1
3641,珙,3653,琅,1
3641,珙,3668,琪,1
3641,珙,6351,铙,1
3642,珞,2103,抬,1
3642,珞,3690,瑢,1
3643,珠,3652,球,1
3643,珠,3674,琳,1
3643,珠,4802,脒,1
3643,珠,5347,蛛,1
3644,珣,3687,瑜,1
3646,珧,3074,洮,1
3648,班,3658,琎,1
3648,班,3659,琏,1
3650,珲,5662,诨,1
3651,珽,6079,逛,1
3652,球,3618,玡,1
3652,球,3628,玳,1
3652,球,5803,赇,1
3653,琅,3114,浪,1
3653,琅,3564,狼,1
3653,琅,3671,琮,1
3653,琅,3682,瑕,1
3653,琅,4079,碇,1
3653,琅,4929,艰,1
3654,理,1107,埋,1
3654,理,2531,望,1
3654,理,2583,枉,1
3654,理,3699,璆,1
3654,理,4553,缇,1
3654,理,6589,陧,1
3654,理,6811,馆,1
3655,琇,5670,诱,1
3656,琉,418,冼,1
3656,琉,1149,塃,1
3656,琉,3622,玩,1
3656,琉,3670,琬,1
3656,琉,3784,疏,1
3656,琉,4073,硫,1
3656,琉,5655,诡,1
3656,琉,5938,蹴,1
3656,琉,6401,锍,1
3658,琎,3651,珽,1
3658,琎,5260,薤,1
3659,琏,1131,堆,1
3659,琏,2664,桀,1
3659,琏,3651,珽,1
3659,琏,3658,琎,1
3660,琐,3091,浈,1
3660,琐,3302,潜,1
3660,琐,3681,瑄,1
3660,琐,3700,璇,1
3660,琐,3707,璞,1
3660,琐,3715,瓒,1
3660,琐,5100,莰,1
3660,琐,5685,谀,1
3660,琐,6070,逍,1
3660,琐,6143,邵,1
3660,琐,6720,顼,1
3661,琚,2212,掂,1
3661,琚,3709,璠,1
3662,琛,3650,珲,1
3662,琛,3671,琮,1
3663,琢,3143,涨,1
3663,琢,3614,玚,1
3664,琤,3666,琦,1
3665,琥,3672,琯,1
3666,琦,6416,锜,1
3667,琨,3228,溉,1
3667,琨,6601,隈,1
3668,琪,1145,堪,1
3668,琪,3233,溟,1
3668,琪,3641,珙,1
3668,琪,4157,祺,1
3670,琬,5390,蜿,1
3671,琮,4542,综,1
3671,琮,5691,谆,1
3671,琮,6588,除,1
3672,琯,3146,涫,1
3672,琯,3661,琚,1
3672,琯,3696,璀,1
3673,琰,3686,瑛,1
3673,琰,3700,璇,1
3674,琳,858,啉,1
3674,琳,954,嘣,1
3674,琳,3158,淋,1
3674,琳,3645,珥,1
3674,琳,4825,腓,1
3674,琳,5577,觫,1
3674,琳,5717,谢,1
3674,琳,6805,饿,1
3675,琴,1334,婺,1
3675,琴,2151,拷,1
3675,琴,3655,琇,1
3675,琴,3699,璆,1
3675,琴,6265,錾,1
3676,琵,887,喆,1
3676,琵,3689,瑟,1
3676,琵,4233,窀,1
3676,琵,4880,臻,1
3676,琵,4893,舔,1
3676,琵,6907,髭,1
3677,琶,612,卺,1
3677,琶,2906,毡,1
3678,琼,424,凉,1
3678,琼,3615,玛,1
3678,琼,3623,玫,1
3678,琼,5854,趵,1
3678,琼,6588,除,1
3679,瑀,6923,魂,1
3680,瑁,3620,玥,1
3680,瑁,3696,璀,1
3681,瑄,2247,揎,1
3683,瑗,3655,琇,1
3683,瑗,3715,瓒,1
3683,瑗,4563,缓,1
3685,瑚,3620,玥,1
3686,瑛,3711,璨,1
3686,瑛,3838,痪,1
3687,瑜,5705,谕,1
3688,瑞,1955,惴,1
3688,瑞,3679,瑀,1
3688,瑞,3698,璃,1
3688,瑞,5924,蹐,1
3688,瑞,5946,躇,1
3688,瑞,6672,靥,1
3689,瑟,884,喂,1
3689,瑟,1813,忌,1
3689,瑟,1872,恁,1
3689,瑟,3676,琵,1
3689,瑟,4448,繁,1
3690,瑢,2778,榕,1
3690,瑢,6592,陪,1
3691,瑭,3875,瘾,1
3691,瑭,5736,谵,1
3692,瑰,3616,玟,1
3692,瑰,3667,琨,1
3693,瑶,1802,徭,1
3693,瑶,2295,摇,1
3693,瑶,3639,珐,1
3693,瑶,3649,珰,1
3693,瑶,3667,琨,1
3693,瑶,3683,瑗,1
3693,瑶,3709,璠,1
3693,瑶,6720,顼,1
3693,瑶,7012,鳐,1
3694,瑷,3221,湲,1
3696,璀,3688,瑞,1
3696,璀,3716,瓘,1
3697,璁,6881,骢,1
3698,璃,1358,嫦,1
3698,璃,5425,螭,1
3698,璃,6592,陪,1
3699,璆,6242,醪,1
3700,璇,4053,砸,1
3702,璋,6862,骍,1
3703,璎,3349,灈,1
3704,璐,3303,潞,1
3704,璐,3682,瑕,1
3704,璐,6882,骣,1
3706,璜,3305,潢,1
3706,璜,5031,茝,1
3707,璞,3695,瑾,1
3707,璞,3708,璟,1
3708,璟,3327,澴,1
3708,璟,4653,翚,1
3709,璠,1175,墦,1
3709,璠,2322,播,1
3709,璠,3301,潘,1
3710,璧,2914,氅,1
3710,璧,3735,甓,1
3710,璧,5546,襞,1
3710,璧,6271,鐾,1
3710,璧,6605,隐,1
3714,璺,7027,鳢,1
3715,瓒,6698,鞯,1
3716,瓘,3715,瓒,1
3717,瓜,163,众,1
3717,瓜,623,厕,1
3717,瓜,743,周,1
3717,瓜,5853,趴,1
3720,瓢,1385,孤,1
3720,瓢,1747,弧,1
3720,瓢,3731,甄,1
3721,瓣,2384,斑,1
3721,瓣,3720,瓢,1
3723,瓦,646,反,1
3723,瓦,1977,愿,1
3723,瓦,5034,茫,1
3723,瓦,5054,荐,1
3723,瓦,5110,莼,1
3723,瓦,5307,虿,1
3723,瓦,6129,邛,1
3724,瓮,434,凫,1
3724,瓮,789,哀,1
3724,瓮,4311,筑,1
3724,瓮,5479,衾,1
3724,瓮,6579,陌,1
3724,瓮,7183,龛,1
3725,瓯,5939,蹶,1
3725,瓯,6577,陉,1
3726,瓴,2374,敫,1
3726,瓴,6260,銍,1
3727,瓶,6285,钒,1
3727,瓶,6376,铴,1
3727,瓶,6737,颍,1
3728,瓷,612,卺,1
3728,瓷,977,器,1
3728,瓷,1034,圮,1
3728,瓷,4288,笞,1
3730,瓿,4891,舐,1
3731,甄,1618,巯,1
3731,甄,6301,钣,1
3731,甄,6658,霰,1
3732,甍,3728,瓷,1
3732,甍,3993,瞢,1
3732,甍,5261,薨,1
3733,甏,6906,髫,1
3735,甓,5546,襞,1
3735,甓,6271,鐾,1
3736,甘,4946,芑,1
3738,甚,5058,荙,1
3738,甚,5166,葚,1
3738,甚,7148,鼓,1
3739,甜,1737,弑,1
3739,甜,3620,玥,1
3739,甜,4071,硝,1
3739,甜,4301,笺,1
3739,甜,4484,绀,1
3740,生,359,先,1
3740,生,794,哇,1
3740,生,1050,坐,1
3740,生,1213,失,1
3740,生,2018,戍,1
3740,生,2900,比,1
3740,生,2905,毛,1
3740,生,3753,电,1
3740,生,6029,过,1
3740,生,6039,进,1
3740,生,6273,钅,1
3741,甥,5389,蜾,1
3741,甥,6393,锅,1
3741,甥,6425,锦,1
3742,用,687,同,1
3742,用,743,周,1
3742,用,1013,围,1
3742,用,3744,甪,1
3742,用,3749,田,1
3742,用,6509,问,1
3742,用,6513,闲,1
3742,用,6633,雨,1
3743,甩,3753,电,1
3744,甪,553,匈,1
3744,甪,1004,囟,1
3744,甪,3742,用,1
3745,甫,589,南,1
3745,甫,4992,苘,1
3746,甬,6671,面,1
3747,甭,1222,奄,1
3747,甭,3746,甬,1
3747,甭,4650,翕,1
3747,甭,6829,香,1
3748,甯,5579,觱,1
3749,田,1001,四,1
3749,田,1002,囝,1
3749,田,1005,因,1
3749,田,1006,囡,1
3749,田,1011,困,1
3749,田,2512,曰,1
3749,田,3144,涩,1
3749,田,3750,由,1
3750,由,393,冉,1
3750,由,1007,团,1
3750,由,2960,汝,1
3750,由,3749,田,1
3750,由,3753,电,1
3750,由,4724,肉,1
3750,由,6193,酉,1
3751,甲,31,丫,1
3751,甲,3742,用,1
3751,甲,3752,申,1
3752,申,33,中,1
3752,申,183,伸,1
3752,申,2954,汐,1
3752,申,3751,甲,1
3752,申,4719,肀,1
3753,电,3743,甩,1
3753,电,3750,由,1
3753,电,4882,臾,1
3754,男,400,写,1
3754,男,524,努,1
3754,男,534,勇,1
3754,男,659,另,1
3754,男,2436,昂,1
3754,男,3759,畀,1
3754,男,6637,雳,1
3755,甸,403,冠,1
3755,甸,554,匍,1
3755,甸,1003,回,1
3757,画,12,丐,1
3757,画,446,函,1
3757,画,5307,虿,1
3758,甾,1610,巢,1
3759,畀,2482,景,1
3760,畅,2008,懒,1
3760,畅,2513,曲,1
3760,畅,3505,物,1
3760,畅,4735,肠,1
3760,畅,5978,轺,1
3760,畅,6569,阿,1
3761,畈,2526,服,1
3761,畈,3762,畋,1
3762,畋,2358,政,1
3762,畋,5769,败,1
3763,界,595,卡,1
3763,界,1474,尜,1
3763,界,2487,晷,1
3763,界,2590,果,1
3763,界,3759,畀,1
3764,畎,1214,头,1
3765,畏,1433,宸,1
3765,畏,1857,思,1
3765,畏,1922,悬,1
3765,畏,4619,罴,1
3765,畏,5487,袋,1
3765,畏,5540,褰,1
3766,畔,4757,胂,1
3766,畔,5406,蝶,1
3767,留,4497,绍,1
3767,留,4533,绳,1
3767,留,5569,角,1
3767,留,5927,蹓,1
3767,留,6108,遛,1
3770,畜,4056,砻,1
3770,畜,5474,衮,1
3770,畜,5581,言,1
3770,畜,6710,音,1
3770,畜,6902,高,1
3771,略,2489,晾,1
3771,略,3642,珞,1
3771,略,4786,胳,1
3771,略,4803,脓,1
3771,略,6893,骼,1
3772,畦,691,吐,1
3772,畦,794,哇,1
3772,畦,4826,腔,1
3772,畦,5881,跬,1
3772,畦,6217,酰,1
3772,畦,6239,醛,1
3773,番,2465,晋,1
3773,番,3947,眚,1
3773,番,5186,蒌,1
3773,番,5264,薯,1
3773,番,6639,雷,1
3773,番,6829,香,1
3774,畯,1342,媵,1
3774,畯,3965,睃,1
3776,畴,6249,醾,1
3777,畸,1568,崎,1
3777,畸,3666,琦,1
3777,畸,3769,畛,1
3777,畸,3979,睹,1
3777,畸,4823,腑,1
3777,畸,6416,锜,1
3778,畹,5390,蜿,1
3780,疃,2505,曈,1
3780,疃,3774,畯,1
3780,疃,4925,艟,1
3781,疆,1365,嬗,1
3781,疆,4925,艟,1
3782,疋,1622,巴,1
3782,疋,5549,襻,1
3782,疋,6044,迢,1
3783,疍,2460,昼,1
3784,疏,1363,嬉,1
3784,疏,3622,玩,1
3784,疏,4073,硫,1
3784,疏,4450,繇,1
3784,疏,5921,蹉,1
3784,疏,6864,骏,1
3785,疑,2376,数,1
3785,疑,4543,绽,1
3785,疑,4783,胰,1
3785,疑,6118,避,1
3788,疖,3811,疸,1
3789,疗,1875,恋,1
3789,疗,2439,昉,1
3789,疗,3230,源,1
3789,疗,3794,疠,1
3789,疗,3813,疼,1
3789,疗,3822,痉,1
3789,疗,3826,痔,1
3789,疗,5185,蒋,1
3789,疗,5472,衫,1
3790,疙,3037,泥,1
3790,疙,3803,疮,1
3790,疙,3823,痊,1
3791,疚,418,冼,1
3791,疚,1388,孩,1
3791,疚,1447,寝,1
3791,疚,2364,救,1
3791,疚,3149,液,1
3791,疚,3196,渥,1
3791,疚,3612,玖,1
3791,疚,3660,琐,1
3791,疚,3815,疾,1
3791,疚,4326,筷,1
3791,疚,5659,该,1
3791,疚,6857,骇,1
3792,疝,3802,疭,1
3793,疟,3805,疰,1
3793,疟,3820,症,1
3793,疟,3833,痣,1
3795,疡,838,唠,1
3795,疡,2943,氵,1
3795,疡,3280,漏,1
3795,疡,3505,物,1
3795,疡,3794,疠,1
3795,疡,3801,疬,1
3795,疡,3809,疴,1
3795,疡,3830,痛,1
3795,疡,3831,痞,1
3796,疢,3548,狡,1
3796,疢,3810,疵,1
3796,疢,3840,痰,1
3796,疢,3845,痿,1
3796,疢,3861,瘢,1
3798,疤,364,兔,1
3798,疤,3803,疮,1
3798,疤,5655,诡,1
3799,疥,640,参,1
3799,疥,2665,桁,1
3799,疥,3809,疴,1
3799,疥,3812,疹,1
3799,疥,3815,疾,1
3799,疥,3831,痞,1
3799,疥,3846,瘀,1
3799,疥,3860,瘠,1
3800,疫,2089,投,1
3800,疫,3149,液,1
3800,疫,3193,渡,1
3800,疫,3807,疲,1
3800,疫,3815,疾,1
3800,疫,3837,痨,1
3800,疫,3851,瘊,1
3800,疫,3864,瘦,1
3801,疬,3795,疡,1
3801,疬,3819,病,1
3802,疭,1680,庇,1
3802,疭,3791,疚,1
3803,疮,60,乖,1
3803,疮,3798,疤,1
3803,疮,3823,痊,1
3804,疯,3070,洧,1
3804,疯,3656,琉,1
3804,疯,3801,疬,1
3804,疯,3816,痂,1
3804,疯,3844,痼,1
3805,疰,3834,痤,1
3805,疰,3845,痿,1
3806,疱,3798,疤,1
3807,疲,1201,夜,1
3807,疲,1688,底,1
3807,疲,1780,彼,1
3807,疲,3824,痍,1
3807,疲,3827,痕,1
3807,疲,3831,痞,1
3807,疲,3854,瘕,1
3807,疲,3858,瘛,1
3807,疲,3864,瘦,1
3807,疲,5908,踱,1
3808,疳,3814,疽,1
3808,疳,3828,痖,1
3810,疵,1261,妣,1
3810,疵,1680,庇,1
3810,疵,3816,痂,1
3812,疹,3329,澹,1
3812,疹,3789,疗,1
3812,疹,3817,痃,1
3812,疹,3823,痊,1
3812,疹,3843,痹,1
3812,疹,5710,谚,1
3813,疼,1946,惨,1
3813,疼,3847,瘁,1
3813,疼,3866,瘪,1
3813,疼,7107,麈,1
3814,疽,422,准,1
3814,疽,3844,痼,1
3814,疽,4186,租,1
3814,疽,6096,遁,1
3814,疽,6566,阻,1
3815,疾,1388,孩,1
3815,疾,3230,源,1
3815,疾,3612,玖,1
3815,疾,3796,疢,1
3815,疾,3812,疹,1
3815,疾,3817,痃,1
3815,疾,3834,痤,1
3815,疾,3840,痰,1
3816,痂,3788,疖,1
3817,痃,3812,疹,1
3817,痃,3842,痴,1
3819,病,3794,疠,1
3819,病,3842,痴,1
3820,症,422,准,1
3820,症,689,后,1
3820,症,1174,墟,1
3820,症,1413,定,1
3820,症,3798,疤,1
3820,症,3814,疽,1
3820,症,3827,痕,1
3820,症,3829,痘,1
3821,痈,1452,寥,1
3821,痈,1710,廉,1
3821,痈,2694,桷,1
3821,痈,3332,濂,1
3821,痈,3788,疖,1
3822,痉,1074,垂,1
3822,痉,1447,寝,1
3822,痉,1499,屋,1
3822,痉,3148,涯,1
3822,痉,3813,疼,1
3822,痉,3820,症,1
3822,痉,3829,痘,1
3823,痊,3803,疮,1
3823,痊,3822,痉,1
3823,痊,3848,瘃,1
3823,痊,3850,瘆,1
3825,痒,3702,璋,1
3825,痒,3826,痔,1
3825,痒,3834,痤,1
3825,痒,3871,瘴,1
3826,痔,3248,溽,1
3826,痔,3510,特,1
3826,痔,3805,疰,1
3826,痔,3812,疹,1
3826,痔,3833,痣,1
3826,痔,3847,瘁,1
3826,痔,3865,瘩,1
3827,痕,1875,恋,1
3827,痕,3085,派,1
3827,痕,3807,疲,1
3827,痕,3840,痰,1
3827,痕,3858,瘛,1
3827,痕,5271,藐,1
3827,痕,6774,飨,1
3828,痖,3808,疳,1
3829,痘,3790,疙,1
3829,痘,3805,疰,1
3829,痘,3817,痃,1
3829,痘,3827,痕,1
3829,痘,3828,痖,1
3829,痘,3878,癃,1
3829,痘,6592,陪,1
3830,痛,3275,滴,1
3830,痛,3691,瑭,1
3830,痛,3795,疡,1
3830,痛,5529,褊,1
3831,痞,279,倍,1
3831,痞,283,倔,1
3831,痞,1451,寤,1
3831,痞,3126,涎,1
3831,痞,3268,滤,1
3831,痞,3794,疠,1
3831,痞,3802,疭,1
3831,痞,3822,痉,1
3831,痞,3836,痧,1
3831,痞,3845,痿,1
3831,痞,3865,瘩,1
3831,痞,3869,瘰,1
3831,痞,4862,膺,1
3832,痢,1963,愉,1
3832,痢,3191,渝,1
3832,痢,3280,漏,1
3832,痢,3836,痧,1
3833,痣,3268,滤,1
3833,痣,3845,痿,1
3834,痤,3793,疟,1
3834,痤,3853,瘐,1
3835,痦,3838,痪,1
3835,痦,3865,瘩,1
3837,痨,3819,病,1
3838,痪,890,喉,1
3838,痪,2199,换,1
3838,痪,2254,握,1
3838,痪,2529,朕,1
3838,痪,3815,疾,1
3838,痪,3840,痰,1
3838,痪,4326,筷,1
3839,痫,3821,痈,1
3840,痰,3404,烧,1
3840,痰,3486,爽,1
3840,痰,3781,疆,1
3840,痰,3815,疾,1
3840,痰,3827,痕,1
3840,痰,3857,瘙,1
3840,痰,3879,癌,1
3840,痰,5647,诙,1
3841,痱,3848,瘃,1
3841,痱,3880,癍,1
3842,痴,2711,梽,1
3842,痴,3268,滤,1
3842,痴,3824,痍,1
3842,痴,3832,痢,1
3843,痹,1702,庳,1
3843,痹,2716,棉,1
3843,痹,3118,海,1
3843,痹,3796,疢,1
3843,痹,3868,瘭,1
3845,痿,1334,婺,1
3845,痿,3835,痦,1
3846,瘀,3831,痞,1
3847,瘁,230,侔,1
3847,瘁,1163,墀,1
3847,瘁,3276,滹,1
3847,瘁,3795,疡,1
3847,瘁,3818,痄,1
3847,瘁,3871,瘴,1
3847,瘁,3882,癖,1
3847,瘁,6862,骍,1
3849,瘅,3871,瘴,1
3852,瘌,3832,痢,1
3853,瘐,3838,痪,1
3854,瘕,3873,瘸,1
3854,瘕,3883,癜,1
3856,瘘,1582,崾,1
3856,瘘,5537,褥,1
3857,瘙,3879,癌,1
3858,瘛,3827,痕,1
3858,瘛,3879,癌,1
3859,瘟,3223,湿,1
3859,瘟,3807,疲,1
3859,瘟,3811,疸,1
3859,瘟,3824,痍,1
3859,瘟,3862,瘤,1
3859,瘟,3877,癀,1
3859,瘟,6100,遍,1
3860,瘠,3873,瘸,1
3861,瘢,3841,痱,1
3862,瘤,3698,璃,1
3862,瘤,3830,痛,1
3862,瘤,3873,瘸,1
3862,瘤,3879,癌,1
3862,瘤,4121,礌,1
3862,瘤,4862,膺,1
3863,瘥,2276,搓,1
3863,瘥,3878,癃,1
3864,瘦,3845,痿,1
3864,瘦,3876,瘿,1
3865,瘩,3329,澹,1
3865,瘩,3683,瑗,1
3865,瘩,3837,痨,1
3865,瘩,3850,瘆,1
3865,瘩,3887,癯,1
3866,瘪,1320,婆,1
3866,瘪,1709,庾,1
3866,瘪,3835,痦,1
3866,瘪,3858,瘛,1
3866,瘪,3863,瘥,1
3866,瘪,6078,通,1
3867,瘫,2004,懈,1
3867,瘫,2912,毹,1
3867,瘫,3818,痄,1
3867,瘫,3822,痉,1
3867,瘫,3851,瘊,1
3867,瘫,3880,癍,1
3868,瘭,429,凛,1
3869,瘰,3866,瘪,1
3869,瘰,3872,瘵,1
3870,瘳,3850,瘆,1
3870,瘳,5549,襻,1
3871,瘴,1703,庵,1
3871,瘴,3596,獐,1
3871,瘴,3702,璋,1
3871,瘴,3849,瘅,1
3871,瘴,4345,箨,1
3872,瘵,2872,殆,1
3872,瘵,3878,癃,1
3873,瘸,1658,幅,1
3873,瘸,3860,瘠,1
3873,瘸,4862,膺,1
3874,瘼,3863,瘥,1
3874,瘼,3871,瘴,1
3875,瘾,3423,焙,1
3875,瘾,3864,瘦,1
3875,瘾,3879,癌,1
3877,癀,3851,瘊,1
3877,癀,3874,瘼,1
3877,癀,3881,癔,1
3879,癌,3840,痰,1
3879,癌,3868,瘭,1
3879,癌,3878,癃,1
3879,癌,3881,癔,1
3879,癌,5718,谣,1
3880,癍,3841,痱,1
3880,癍,3867,瘫,1
3881,癔,1966,意,1
3881,癔,3562,狺,1
3881,癔,3827,痕,1
3881,癔,3845,痿,1
3883,癜,2890,殿,1
3883,癜,3861,瘢,1
3884,癞,2852,歃,1
3884,癞,3846,瘀,1
3884,癞,3851,瘊,1
3884,癞,3854,瘕,1
3885,癣,1719,廨,1
3885,癣,3324,澥,1
3885,癣,3847,瘁,1
3885,癣,3878,癃,1
3886,癫,3883,癜,1
3888,癸,1234,奘,1
3888,癸,1471,尖,1
3888,癸,3707,璞,1
3889,登,438,凳,1
3889,登,2866,死,1
3889,登,2988,沓,1
3889,登,4116,磴,1
3889,登,4383,簦,1
3889,登,5147,萑,1
3889,登,5426,螯,1
3890,白,2394,斥,1
3890,白,3723,瓦,1
3890,白,4897,舟,1
3890,白,5457,血,1
3890,白,6038,这,1
3891,百,403,冠,1
3891,百,571,区,1
3891,百,597,卣,1
3891,百,598,卤,1
3891,百,692,向,1
3891,百,1813,忌,1
3891,百,2523,有,1
3891,百,3021,泊,1
3891,百,3723,瓦,1
3891,百,4019,石,1
3891,百,4881,臼,1
3891,百,4994,苜,1
3891,百,5041,茵,1
3891,百,5855,趸,1
3892,皂,106,亳,1
3892,皂,1401,宅,1
3892,皂,1430,宴,1
3892,皂,2514,曳,1
3892,皂,5125,菟,1
3892,皂,5892,踅,1
3892,皂,6273,钅,1
3893,的,124,仍,1
3893,的,135,仞,1
3893,的,398,冖,1
3893,的,520,劢,1
3893,的,526,劬,1
3893,的,605,印,1
3893,的,704,吣,1
3893,的,790,品,1
3893,的,1457,对,1
3893,的,2435,昀,1
3893,的,4023,矽,1
3893,的,5742,豉,1
3893,的,6203,酚,1
3893,的,7053,鸹,1
3893,的,7153,鼩,1
3894,皆,727,告,1
3894,皆,845,售,1
3894,皆,889,喈,1
3894,皆,2421,旨,1
3894,皆,3947,眚,1
3894,皆,4288,笞,1
3894,皆,4292,符,1
3894,皆,4320,筠,1
3894,皆,4341,管,1
3894,皆,4441,紫,1
3894,皆,5146,萏,1
3895,皇,1406,完,1
3895,皇,1956,惶,1
3895,皇,7029,鸟,1
3896,皈,2363,敏,1
3896,皈,4904,般,1
3896,皈,5859,趿,1
3897,皋,78,事,1
3897,皋,584,卑,1
3897,皋,3020,泉,1
3897,皋,4896,舞,1
3898,皎,2891,毁,1
3899,皑,326,傥,1
3899,皑,3448,熊,1
3899,皑,3900,皓,1
3899,皑,7013,鳑,1
3900,皓,5669,诰,1
3900,皓,6223,酷,1
3901,皖,2469,晓,1
3901,皖,4552,缆,1
3901,皖,6974,鲩,1
3902,皙,1655,帽,1
3902,皙,2490,暂,1
3902,皙,3973,督,1
3902,皙,4324,筲,1
3903,皤,1599,嶓,1
3903,皤,6995,鲾,1
3904,皮,646,反,1
3904,皮,1177,墩,1
3904,皮,1530,岚,1
3904,皮,2080,技,1
3904,皮,2350,支,1
3904,皮,2888,段,1
3904,皮,4953,芟,1
3904,皮,5293,虔,1
3904,皮,6022,边,1
3905,皱,3631,玻,1
3905,皱,3906,皲,1
3905,皱,4461,级,1
3905,皱,6342,铍,1
3905,皱,6841,驶,1
3905,皱,6953,鲏,1
3906,皲,4774,胥,1
3907,皴,3484,爹,1
3907,皴,3906,皲,1
3908,皿,383,典,1
3908,皿,1003,回,1
3908,皿,2419,旦,1
3908,皿,6086,逦,1
3909,盂,89,亚,1
3909,盂,1281,委,1
3909,盂,3607,玉,1
3909,盂,3773,番,1
3909,盂,3910,盅,1
3909,盂,3915,盍,1
3909,盂,4303,笾,1
3909,盂,4409,粪,1
3910,盅,1824,忠,1
3910,盅,1918,患,1
3910,盅,3305,潢,1
3910,盅,4616,置,1
3911,盆,1046,坌,1
3911,盆,1421,宣,1
3911,盆,3912,盈,1
3911,盆,6435,锰,1
3911,盆,6935,鱼,1
3912,盈,655,叠,1
3912,盈,3920,盒,1
3912,盈,3925,盛,1
3912,盈,4294,笪,1
3912,盈,5377,蜜,1
3912,盈,6109,遢,1
3912,盈,6639,雷,1
3914,益,2460,昼,1
3914,益,3429,焱,1
3914,益,3917,盏,1
3916,盎,6121,邃,1
3917,盏,3921,盔,1
3917,盏,3925,盛,1
3918,盐,1112,埕,1
3918,盐,5157,萱,1
3918,盐,6052,迭,1
3919,监,3368,炎,1
3919,监,3758,甾,1
3919,监,4369,篮,1
3919,监,7168,齿,1
3920,盒,342,僮,1
3920,盒,2941,氲,1
3921,盔,2573,杳,1
3921,盔,3783,疍,1
3921,盔,3913,盉,1
3922,盖,886,善,1
3922,盖,1382,孟,1
3922,盖,3915,盍,1
3922,盖,3917,盏,1
3922,盖,3928,盫,1
3923,盗,1295,姿,1
3923,盗,3210,湓,1
3923,盗,3911,盆,1
3923,盗,4231,空,1
3923,盗,6051,迫,1
3923,盗,6093,逻,1
3923,盗,6973,鲨,1
3924,盘,3912,盈,1
3924,盘,5789,费,1
3925,盛,1139,堕,1
3925,盛,1296,威,1
3925,盛,2033,戤,1
3925,盛,2500,暨,1
3925,盛,3926,盟,1
3925,盛,4369,篮,1
3925,盛,5105,莶,1
3925,盛,5928,蹙,1
3926,盟,912,嗅,1
3926,盟,4369,篮,1
3926,盟,4647,翌,1
3928,盫,5253,蕾,1
3929,目,13,丑,1
3929,目,52,乌,1
3929,目,195,体,1
3929,目,488,剅,1
3929,目,687,同,1
3929,目,1010,园,1
3929,目,1015,囹,1
3929,目,1017,国,1
3929,目,2522,月,1
3929,目,4957,芦,1
3929,目,6314,钰,1
3929,目,6507,闫,1
3930,盯,2430,时,1
3930,盯,3931,盱,1
3931,盱,6255,野,1
3932,盲,857,商,1
3932,盲,1678,庄,1
3932,盲,3770,畜,1
3932,盲,4237,窅,1
3932,盲,4245,窗,1
3932,盲,4850,膏,1
3932,盲,5752,豸,1
3933,直,88,亘,1
3933,直,89,亚,1
3933,直,4294,笪,1
3933,直,4875,自,1
3934,相,1890,恫,1
3934,相,2580,极,1
3934,相,2654,栩,1
3934,相,2739,椎,1
3934,相,2774,榈,1
3934,相,4078,硼,1
3934,相,7091,鹧,1
3935,盹,3949,眠,1
3935,盹,3951,眦,1
3935,盹,3955,眭,1
3936,盼,708,吩,1
3936,盼,793,哆,1
3936,盼,3965,睃,1
3937,盾,208,佤,1
3937,盾,229,侑,1
3937,盾,237,侦,1
3937,盾,302,值,1
3937,盾,626,厝,1
3937,盾,743,周,1
3937,盾,1084,垕,1
3937,盾,2443,昏,1
3937,盾,4994,苜,1
3937,盾,6620,雁,1
3937,盾,6672,靥,1
3938,省,1570,崖,1
3938,省,4309,筏,1
3938,省,4699,耷,1
3938,省,4728,肖,1
3938,省,5115,菅,1
3938,省,5634,诌,1
3938,省,6619,雀,1
3938,省,6826,首,1
3939,眄,3957,眵,1
3939,眄,4846,膀,1
3940,眇,4732,肜,1
3941,眈,3954,眬,1
3941,眈,4742,肫,1
3942,眉,626,厝,1
3942,眉,4517,绢,1
3942,眉,5362,蜀,1
3943,眊,4742,肫,1
3944,看,2488,智,1
3944,看,2495,暑,1
3944,看,3768,畚,1
3944,看,3947,眚,1
3944,看,4883,舀,1
3944,看,5362,蜀,1
3944,看,6829,香,1
3945,眍,4755,胀,1
3947,眚,4353,箸,1
3948,真,361,克,1
3948,真,3933,直,1
3948,真,5059,荚,1
3948,真,5099,莫,1
3948,真,5196,蒸,1
3948,真,5202,蓂,1
3949,眠,91,亟,1
3949,眠,2458,昵,1
3949,眠,3943,眊,1
3949,眠,5875,跟,1
3951,眦,3029,泚,1
3952,眨,741,呤,1
3952,眨,3957,眵,1
3953,眩,3612,玖,1
3953,眩,3769,畛,1
3953,眩,4706,聆,1
3953,眩,4746,肱,1
3953,眩,4785,胲,1
3953,眩,4788,胶,1
3953,眩,4797,脍,1
3953,眩,4851,膑,1
3953,眩,5815,赔,1
3954,眬,2461,昽,1
3954,眬,3640,珑,1
3955,眭,3975,睦,1
3955,眭,6706,韪,1
3956,眯,2430,时,1
3956,眯,2461,昽,1
3956,眯,3978,睬,1
3956,眯,4837,腱,1
3957,眵,793,哆,1
3957,眵,7002,鳆,1
3958,眶,3945,眍,1
3958,眶,4845,腿,1
3959,眷,478,券,1
3959,眷,655,叠,1
3959,眷,2501,暮,1
3959,眷,3916,盎,1
3959,眷,3944,看,1
3959,眷,4672,耆,1
3960,眸,776,咩,1
3960,眸,5897,踔,1
3961,眺,2667,桃,1
3961,眺,2903,毗,1
3961,眺,3941,眈,1
3961,眺,3985,瞅,1
3961,眺,5389,蜾,1
3962,眼,884,喂,1
3962,眼,2660,根,1
3962,眼,3945,眍,1
3962,眼,4755,胀,1
3962,眼,5773,贩,1
3963,着,870,啬,1
3963,着,1617,差,1
3963,着,7167,齑,1
3964,睁,1464,将,1
3964,睁,1556,峥,1
3965,睃,3774,畯,1
3965,睃,3957,眵,1
3965,睃,4809,脧,1
3968,睑,3946,眙,1
3969,睚,3986,瞌,1
3970,睛,868,啧,1
3970,睛,2497,暗,1
3970,睛,3776,畴,1
3970,睛,4002,瞵,1
3970,睛,5822,赜,1
3970,睛,6410,锖,1
3970,睛,6978,鲭,1
3971,睡,2728,棰,1
3971,睡,3772,畦,1
3971,睡,3952,眨,1
3971,睡,4925,艟,1
3972,睢,6618,难,1
3973,督,3994,瞥,1
3973,督,4237,窅,1
3973,督,4850,膏,1
3973,督,7008,鳌,1
3975,睦,1153,塍,1
3975,睦,1653,帻,1
3975,睦,3992,瞠,1
3975,睦,4844,腾,1
3976,睨,6986,鲵,1
3977,睫,3971,睡,1
3977,睫,4783,胰,1
3977,睫,6248,醺,1
3978,睬,2472,晖,1
3978,睬,3957,眵,1
3978,睬,3964,睁,1
3978,睬,3974,睥,1
3978,睬,4810,脬,1
3978,睬,5903,踩,1
3978,睬,6225,酹,1
3979,睹,2479,晦,1
3979,睹,2497,暗,1
3979,睹,3946,眙,1
3979,睹,3953,眩,1
3979,睹,3965,睃,1
3979,睹,3970,睛,1
3979,睹,3975,睦,1
3979,睹,3984,瞄,1
3979,睹,4819,腊,1
3980,睽,3997,瞪,1
3982,睿,5205,蓉,1
3984,瞄,4814,脶,1
3984,瞄,4843,腽,1
3985,瞅,1959,愀,1
3985,瞅,2257,揪,1
3985,瞅,5745,豚,1
3987,瞍,920,嗖,1
3988,瞎,2473,晗,1
3988,瞎,2474,晚,1
3988,瞎,3987,瞍,1
3988,瞎,3989,瞑,1
3988,瞎,4861,膳,1
3990,瞒,3996,瞩,1
3990,瞒,4002,瞵,1
3990,瞒,4848,膈,1
3990,瞒,5926,蹒,1
3992,瞠,4001,瞳,1
3993,瞢,3732,甍,1
3993,瞢,6886,骨,1
3994,瞥,1334,婺,1
3994,瞥,3274,滫,1
3994,瞥,4004,瞽,1
3995,瞧,1994,憔,1
3995,瞧,2498,暝,1
3995,瞧,3438,煦,1
3995,瞧,3952,眨,1
3995,瞧,3997,瞪,1
3995,瞧,4760,胆,1
3995,瞧,4815,脸,1
3996,瞩,959,嘱,1
3996,瞩,4853,膙,1
3997,瞪,991,嚓,1
3997,瞪,2494,暌,1
3997,瞪,3965,睃,1
3997,瞪,3969,睚,1
3997,瞪,3980,睽,1
3997,瞪,4857,膣,1
3998,瞬,2475,晞,1
3998,瞬,4002,瞵,1
3998,瞬,4895,舜,1
3999,瞭,963,嘹,1
4001,瞳,1997,憧,1
4001,瞳,3972,睢,1
4001,瞳,3988,瞎,1
4001,瞳,4839,腹,1
4001,瞳,4865,臁,1
4001,瞳,4925,艟,1
4002,瞵,3289,漭,1
4002,瞵,3992,瞠,1
4002,瞵,5421,螣,1
4002,瞵,6010,辚,1
4003,瞻,980,噫,1
4003,瞻,2508,曜,1
4003,瞻,5444,蟾,1
4005,瞿,6649,霍,1
4007,矗,2503,暹,1
4007,矗,2910,毳,1
4007,矗,5452,蠡,1
4008,矛,814,哥,1
4008,矛,1627,市,1
4008,矛,1641,帚,1
4008,矛,2617,柔,1
4008,矛,5015,茅,1
4008,矛,6886,骨,1
4009,矜,1267,妫,1
4009,矜,3907,皴,1
4009,矜,4197,移,1
4010,矢,83,云,1
4010,矢,380,兵,1
4010,矢,662,只,1
4010,矢,1206,天,1
4010,矢,1208,夫,1
4010,矢,1217,夹,1
4010,矢,1417,实,1
4010,矢,3362,灾,1
4010,矢,4283,笑,1
4010,矢,4977,苄,1
4011,矣,236,侥,1
4011,矣,378,关,1
4011,矣,1105,埃,1
4011,矣,1221,奂,1
4011,矣,5063,荟,1
4011,矣,5774,贪,1
4012,知,1674,幼,1
4012,知,4299,笳,1
4012,知,5375,蜘,1
4012,知,6145,邸,1
4012,知,6159,郐,1
4012,知,6743,颖,1
4014,矩,4017,短,1
4014,矩,6321,钷,1
4014,矩,6492,镫,1
4015,矫,5539,褫,1
4017,短,1781,往,1
4017,短,4012,知,1
4017,短,4499,经,1
4018,矮,1328,婪,1
4018,矮,6459,镊,1
4019,石,620,压,1
4019,石,705,否,1
4019,石,1513,屯,1
4019,石,3608,王,1
4021,矸,1030,圩,1
4021,矸,2867,歼,1
4021,矸,4032,砑,1
4021,矸,4034,研,1
4021,矸,6200,酐,1
4022,矻,4048,砭,1
4022,矻,5134,菸,1
4023,矽,1766,形,1
4023,矽,2375,敬,1
4023,矽,4101,碶,1
4024,矾,1615,巩,1
4024,矾,3648,班,1
4024,矾,4020,矶,1
4024,矾,6726,颂,1
4025,矿,3366,炉,1
4026,砀,4027,码,1
4026,砀,4066,硒,1
4027,码,3615,玛,1
4027,码,4023,矽,1
4027,码,4026,砀,1
4027,码,4035,砖,1
4027,码,4051,破,1
4027,码,4066,硒,1
4027,码,4071,硝,1
4027,码,5078,药,1
4028,砂,2991,沙,1
4028,砂,4023,矽,1
4028,砂,4025,矿,1
4028,砂,4183,秒,1
4028,砂,4470,纱,1
4029,砉,1881,恚,1
4030,砌,4026,砀,1
4031,砍,4038,砚,1
4031,砍,4054,砹,1
4032,砑,859,啊,1
4033,砒,147,仳,1
4033,砒,4016,矬,1
4033,砒,4030,砌,1
4033,砒,4042,砣,1
4033,砒,4097,碱,1
4033,砒,5445,蠃,1
4034,研,1254,妍,1
4034,研,4030,砌,1
4034,研,4032,砑,1
4034,研,4050,砰,1
4034,研,5857,趼,1
4035,砖,3631,玻,1
4035,砖,3718,瓞,1
4035,砖,4037,砘,1
4035,砖,4048,砭,1
4035,砖,4060,硁,1
4035,砖,4075,硭,1
4035,砖,4263,站,1
4035,砖,6434,锯,1
4035,砖,6979,鲮,1
4036,砗,4027,码,1
4038,砚,3626,现,1
4038,砚,4030,砌,1
4038,砚,4037,砘,1
4038,砚,4039,砜,1
4038,砚,4069,硗,1
4038,砚,5563,觋,1
4039,砜,4043,砥,1
4040,砝,4061,硅,1
4041,砟,4045,砧,1
4042,砣,4037,砘,1
4042,砣,4045,砧,1
4042,砣,4062,硇,1
4043,砥,4103,碾,1
4044,砦,3216,湝,1
4044,砦,5584,訾,1
4045,砧,1989,慰,1
4045,砧,2878,殒,1
4045,砧,3673,琰,1
4045,砧,4028,砂,1
4045,砧,4071,硝,1
4045,砧,4263,站,1
4045,砧,5114,菂,1
4046,砩,6865,骐,1
4047,砬,4045,砧,1
4047,砬,4067,硕,1
4047,砬,4102,碹,1
4048,砭,4040,砝,1
4048,砭,4077,硷,1
4049,砮,4109,磐,1
4050,砰,1065,坪,1
4050,砰,2867,歼,1
4050,砰,2881,殚,1
4050,砰,4034,研,1
4050,砰,4036,砗,1
4050,砰,5459,衅,1
4051,破,159,伎,1
4051,破,875,啵,1
4051,破,1346,嫂,1
4051,破,3905,皱,1
4051,破,4037,砘,1
4051,破,4074,硬,1
4051,破,6841,驶,1
4052,砷,4084,碑,1
4053,砸,6578,陋,1
4055,砺,3647,珩,1
4058,砾,4106,磉,1
4058,砾,6916,鬣,1
4059,础,3143,涨,1
4059,础,4033,砒,1
4059,础,4043,砥,1
4059,础,4066,硒,1
4059,础,4084,碑,1
4059,础,4087,碘,1
4059,础,5636,诎,1
4059,础,6794,饳,1
4060,硁,4048,砭,1
4060,硁,4057,砼,1
4061,硅,4037,砘,1
4061,硅,4042,砣,1
4061,硅,4054,砹,1
4061,硅,4057,砼,1
4061,硅,4059,础,1
4061,硅,4085,碓,1
4061,硅,5881,跬,1
4063,硌,7123,黎,1
4064,硎,5871,跚,1
4066,硒,3062,洒,1
4066,硒,4026,砀,1
4066,硒,4053,砸,1
4066,硒,5990,辆,1
4066,硒,6248,醺,1
4067,硕,303,倾,1
4067,硕,2843,欣,1
4067,硕,3273,滪,1
4067,硕,4032,砑,1
4067,硕,4038,砚,1
4067,硕,4074,硬,1
4067,硕,4089,碛,1
4067,硕,6720,顼,1
4067,硕,6721,顽,1
4067,硕,6722,顾,1
4067,硕,6733,颉,1
4069,硗,1300,娆,1
4070,硚,1301,娇,1
4071,硝,4076,确,1
4073,硫,4086,碗,1
4073,硫,5931,蹦,1
4074,硬,246,便,1
4074,硬,2409,旋,1
4074,硬,2868,殁,1
4074,硬,4079,碇,1
4074,硬,5909,踵,1
4074,硬,6432,锭,1
4075,硭,4061,硅,1
4076,确,4098,碲,1
4077,硷,268,俭,1
4077,硷,1299,娅,1
4077,硷,4035,砖,1
4077,硷,4057,砼,1
4077,硷,4079,碇,1
4077,硷,4102,碹,1
4077,硷,6864,骏,1
4078,硼,1134,堋,1
4078,硼,4120,礅,1
4078,硼,5931,蹦,1
4079,碇,4099,碳,1
4080,碉,3620,玥,1
4080,碉,4099,碳,1
4080,碉,5688,调,1
4080,碉,6546,阔,1
4081,碌,4058,砾,1
4081,碌,4545,绿,1
4082,碍,4081,碌,1
4082,碍,4092,碡,1
4082,碍,4093,碣,1
4082,碍,4106,磉,1
4082,碍,4122,礓,1
4082,碍,5901,踢,1
4083,碎,1753,弹,1
4083,碎,2395,斧,1
4083,碎,3100,浒,1
4083,碎,5692,谇,1
4083,碎,6013,辞,1
4083,碎,6862,骍,1
4084,碑,2867,歼,1
4084,碑,4083,碎,1
4084,碑,4149,祥,1
4084,碑,4208,稗,1
4084,碑,6595,陴,1
4085,碓,3696,璀,1
4085,碓,4116,磴,1
4085,碓,4119,礁,1
4086,碗,614,卿,1
4086,碗,3670,琬,1
4086,碗,4022,矻,1
4086,碗,4042,砣,1
4086,碗,4053,砸,1
4087,碘,4035,砖,1
4087,碘,4069,硗,1
4087,碘,4101,碶,1
4089,碛,4524,绩,1
4091,碟,892,喋,1
4091,碟,1351,嫖,1
4091,碟,2875,殊,1
4091,碟,4110,磔,1
4091,碟,4115,磲,1
4091,碟,4118,磺,1
4091,碟,4123,礞,1
4091,碟,5697,谍,1
4091,碟,5914,蹀,1
4093,碣,3202,渴,1
4093,碣,4092,碡,1
4093,碣,5454,蠲,1
4095,碧,893,喏,1
4095,碧,4109,磐,1
4095,碧,4647,翌,1
4096,碰,852,唾,1
4096,碰,923,嗞,1
4096,碰,1498,届,1
4096,碰,1781,往,1
4096,碰,3126,涎,1
4096,碰,3828,痖,1
4096,碰,4104,磁,1
4096,碰,5921,蹉,1
4096,碰,6489,镨,1
4096,碰,6594,陲,1
4096,碰,6611,隧,1
4097,碱,2136,拣,1
4097,碱,2876,残,1
4097,碱,5648,诚,1
4098,碲,4564,缔,1
4098,碲,5917,蹄,1
4099,碳,335,像,1
4099,碳,4077,硷,1
4099,碳,4079,碇,1
4099,碳,4104,磁,1
4099,碳,4112,磙,1
4100,碴,3659,琏,1
4100,碴,4035,砖,1
4100,碴,4111,磕,1
4101,碶,3711,璨,1
4101,碶,4164,禊,1
4102,碹,3681,瑄,1
4103,碾,4053,砸,1
4103,碾,4108,磋,1
4103,碾,4112,磙,1
4103,碾,4123,礞,1
4104,磁,635,厶,1
4104,磁,923,嗞,1
4104,磁,3253,滋,1
4104,磁,4088,碚,1
4104,磁,4103,碾,1
4104,磁,4112,磙,1
4105,磅,1754,强,1
4105,磅,4108,磋,1
4105,磅,4118,磺,1
4105,磅,5719,谤,1
4106,磉,7015,鳔,1
4107,磊,4442,累,1
4108,磋,4047,砬,1
4108,磋,4088,碚,1
4109,磐,4049,砮,1
4111,磕,4040,砝,1
4111,磕,4088,碚,1
4111,磕,4089,碛,1
4111,磕,5925,蹑,1
4111,磕,6817,馌,1
4112,磙,4123,礞,1
4113,磨,830,唇,1
4113,磨,1507,屠,1
4113,磨,3865,瘩,1
4113,磨,4822,腐,1
4113,磨,6934,魔,1
4113,磨,7105,麂,1
4114,磬,5591,謦,1
4114,磬,6269,鏊,1
4115,磲,4081,碌,1
4115,磲,4106,磉,1
4116,磴,6884,骥,1
4117,磷,1600,嶙,1
4117,磷,3705,璘,1
4118,磺,4087,碘,1
4118,磺,4384,簧,1
4119,礁,2880,殖,1
4119,礁,6244,醮,1
4120,礅,4098,碲,1
4121,礌,2873,殇,1
4122,礓,4591,缰,1
4123,礞,5448,蠓,1
4124,礤,4091,碟,1
4124,礤,4106,磉,1
4127,示,102,京,1
4127,示,1371,孑,1
4127,示,1408,宓,1
4127,示,2394,斥,1
4127,示,2961,汞,1
4127,示,4128,礻,1
4127,示,4436,系,1
4127,示,4442,累,1
4127,示,4669,考,1
4127,示,5830,赤,1
4128,礻,1432,家,1
4128,礻,2944,永,1
4129,礼,2539,札,1
4129,礼,4131,祀,1
4130,社,1781,往,1
4130,社,4129,礼,1
4130,社,4131,祀,1
4130,社,4136,祉,1
4130,社,5301,虹,1
4130,社,5478,衽,1
4130,社,5482,袂,1
4130,社,5489,袒,1
4131,祀,5488,袍,1
4132,祁,613,卻,1
4132,祁,2530,朗,1
4132,祁,4408,粥,1
4132,祁,5473,衬,1
4132,祁,6152,郄,1
4132,祁,6156,郊,1
4133,祃,3051,泻,1
4133,祃,5526,裼,1
4133,祃,6712,韶,1
4134,祆,4158,祼,1
4134,祆,4191,秩,1
4134,祆,5482,袂,1
4135,祈,2400,新,1
4135,祈,4132,祁,1
4135,祈,4134,祆,1
4135,祈,4140,祗,1
4136,祉,2858,止,1
4136,祉,4130,社,1
4137,祎,466,初,1
4137,祎,4143,祜,1
4139,祖,2459,昶,1
4139,祖,4651,翘,1
4139,祖,5490,袖,1
4139,祖,5558,视,1
4139,祖,6050,迪,1
4141,祚,4041,砟,1
4141,祚,5669,诰,1
4143,祜,4503,结,1
4144,祝,165,伙,1
4144,祝,414,况,1
4144,祝,4134,祆,1
4144,祝,4162,禄,1
4144,祝,5565,觎,1
4144,祝,5973,轵,1
4145,神,183,伸,1
4145,神,1825,忡,1
4145,神,5490,袖,1
4146,祟,1466,尊,1
4146,祟,1544,岽,1
4146,祟,1573,崟,1
4146,祟,3323,澡,1
4146,祟,4441,紫,1
4146,祟,4443,絮,1
4146,祟,5094,莞,1
4146,祟,5208,蓐,1
4146,祟,5285,蘩,1
4147,祠,1752,弱,1
4147,祠,4133,祃,1
4147,祠,5545,襕,1
4148,祢,206,你,1
4148,祢,4133,祃,1
4148,祢,4195,称,1
4149,祥,1497,屉,1
4149,祥,2174,挥,1
4149,祥,2549,杆,1
4149,祥,2602,枰,1
4149,祥,2631,柱,1
4149,祥,2658,样,1
4149,祥,3395,烊,1
4149,祥,3825,痒,1
4149,祥,4141,祚,1
4149,祥,4163,禅,1
4149,祥,4564,缔,1
4149,祥,5505,裆,1
4149,祥,5506,裈,1
4150,祧,4157,祺,1
4151,票,1375,字,1
4151,票,1378,孚,1
4151,票,2663,栾,1
4151,票,4160,禀,1
4151,票,4405,粟,1
4151,票,4443,絮,1
4151,票,4444,絷,1
4151,票,5486,袈,1
4151,票,5552,覃,1
4151,票,6634,雩,1
4151,票,6635,雪,1
4151,票,6643,霁,1
4152,祭,1386,孥,1
4152,祭,1795,得,1
4152,祭,4060,硁,1
4152,祭,4308,筌,1
4152,祭,4448,繁,1
4152,祭,6911,鬃,1
4153,祯,4150,祧,1
4155,祷,264,俦,1
4155,祷,1697,庤,1
4155,祷,4137,祎,1
4155,祷,4168,禧,1
4155,祷,4571,缛,1
4155,祷,5534,褚,1
4155,祷,6967,鲢,1
4156,祸,5476,衲,1
4156,祸,5530,褐,1
4156,祸,5532,褓,1
4157,祺,2717,棋,1
4157,祺,4163,禅,1
4157,祺,6444,锺,1
4158,祼,5683,课,1
4160,禀,1466,尊,1
4160,禀,5285,蘩,1
4160,禀,5525,裹,1
4161,禁,1762,彗,1
4161,禁,1928,悸,1
4161,禁,2613,某,1
4161,禁,2630,柰,1
4161,禁,2734,棼,1
4162,禄,3848,瘃,1
4162,禄,4081,碌,1
4162,禄,4082,碍,1
4162,禄,4150,祧,1
4162,禄,5507,裉,1
4162,禄,5508,裎,1
4163,禅,1753,弹,1
4163,禅,4145,神,1
4163,禅,4164,禊,1
4164,禊,3291,漱,1
4164,禊,4166,禚,1
4165,福,2787,榴,1
4165,福,4862,膺,1
4165,福,5500,袷,1
4165,福,5517,裤,1
4165,福,5529,褊,1
4166,禚,4168,禧,1
4168,禧,4169,禳,1
4169,禳,1817,忑,1
4169,禳,4225,穰,1
4170,禹,78,事,1
4170,禹,201,佛,1
4170,禹,737,呙,1
4170,禹,1200,多,1
4170,禹,3281,漓,1
4170,禹,4229,穸,1
4171,禺,4886,舄,1
4172,离,2043,房,1
4172,离,2047,扅,1
4172,离,3281,漓,1
4172,离,4171,禺,1
4172,离,4173,禽,1
4172,离,5214,蓠,1
4172,离,5353,蛮,1
4172,离,5711,谛,1
4173,禽,438,凳,1
4173,禽,1642,帛,1
4173,禽,4370,篱,1
4173,禽,4576,缡,1
4173,禽,7183,龛,1
4174,禾,81,于,1
4174,禾,2052,手,1
4174,禾,2535,木,1
4174,禾,2537,末,1
4174,禾,2541,朱,1
4174,禾,2543,朵,1
4174,禾,2948,求,1
4174,禾,4889,舌,1
4174,禾,6250,采,1
4175,秀,1384,季,1
4175,秀,2553,李,1
4175,秀,4177,秃,1
4175,秀,5590,謇,1
4176,私,1583,嵇,1
4176,私,2542,朴,1
4176,私,4183,秒,1
4176,私,4185,秘,1
4176,私,4899,舢,1
4177,秃,435,凭,1
4177,秃,5013,范,1
4177,秃,7122,黍,1
4178,秆,2133,拜,1
4178,秆,4181,种,1
4178,秆,5461,衍,1
4178,秆,6150,邾,1
4179,秉,61,乘,1
4179,秉,1215,夷,1
4179,秉,4174,禾,1
4179,秉,6614,隶,1
4180,秋,2374,敫,1
4180,秋,2558,杖,1
4180,秋,2766,楸,1
4180,秋,3536,狄,1
4180,秋,4191,秩,1
4181,种,4145,神,1
4181,种,4187,秣,1
4181,种,6251,釉,1
4182,科,503,剩,1
4182,科,4181,种,1
4183,秒,1766,形,1
4183,秒,3516,犄,1
4183,秒,4181,种,1
4183,秒,4198,秽,1
4183,秒,4470,纱,1
4183,秒,4680,耖,1
4184,秕,1261,妣,1
4184,秕,2075,批,1
4184,秕,2625,柢,1
4184,秕,4199,秾,1
4185,秘,3556,狱,1
4185,秘,4180,秋,1
4185,秘,4184,秕,1
4185,秘,4195,称,1
4186,租,2114,担,1
4186,租,2455,是,1
4186,租,2681,桠,1
4186,租,3544,狙,1
4186,租,4194,积,1
4186,租,4400,粗,1
4186,租,5489,袒,1
4186,租,5843,趄,1
4188,秤,2700,梓,1
4188,秤,3489,牂,1
4188,秤,3508,牲,1
4188,秤,4149,祥,1
4188,秤,4178,秆,1
4188,秤,5975,轷,1
4188,秤,6252,释,1
4189,秦,1225,奉,1
4189,秦,1461,寿,1
4189,秦,2819,橐,1
4189,秦,3043,泰,1
4189,秦,4439,索,1
4189,秦,4708,聋,1
4189,秦,5453,蠢,1
4190,秧,3552,狭,1
4190,秧,4194,积,1
4191,秩,1214,头,1
4191,秩,2074,扶,1
4191,秩,2699,梏,1
4191,秩,3508,牲,1
4191,秩,3641,珙,1
4191,秩,4194,积,1
4191,秩,4199,秾,1
4191,秩,5974,轶,1
4191,秩,6433,键,1
4191,秩,6692,鞡,1
4194,积,2717,棋,1
4194,积,4144,祝,1
4194,积,4190,秧,1
4194,积,4199,秾,1
4194,积,4206,税,1
4194,积,4684,耜,1
4194,积,5967,软,1
4194,积,5973,轵,1
4195,称,2638,标,1
4195,称,2844,欤,1
4195,称,4009,矜,1
4195,称,4187,秣,1
4195,称,4202,稃,1
4195,称,4213,稳,1
4195,称,4217,稼,1
4195,称,4221,穄,1
4195,称,4416,粽,1
4195,称,6741,颓,1
4196,秸,1690,店,1
4196,秸,4199,秾,1
4196,秸,4204,程,1
4196,秸,4223,穑,1
4197,移,1349,嫒,1
4197,移,2235,掰,1
4197,移,2577,杼,1
4197,移,3578,猞,1
4197,移,4185,秘,1
4197,移,4198,秽,1
4197,移,4222,穆,1
4197,移,4418,糁,1
4197,移,5724,谩,1
4197,移,5817,赖,1
4198,秽,3124,涉,1
4198,秽,4196,秸,1
4198,秽,4205,稍,1
4198,秽,6622,雅,1
4200,稀,2290,搿,1
4200,稀,3410,烯,1
4200,稀,4293,笨,1
4200,稀,5748,豨,1
4201,稂,4199,秾,1
4204,程,422,准,1
4204,程,1749,弪,1
4204,程,2193,捏,1
4204,程,2631,柱,1
4204,程,2797,槛,1
4204,程,4224,穗,1
4204,程,5979,轻,1
4205,稍,2192,捎,1
4205,稍,2248,描,1
4205,稍,2702,梢,1
4205,稍,4198,秽,1
4205,稍,5934,蹭,1
4206,税,2163,挖,1
4206,税,2609,柃,1
4206,税,3533,狁,1
4206,税,4191,秩,1
4206,税,4194,积,1
4206,税,4209,稚,1
4206,税,4902,航,1
4208,稗,2741,椑,1
4208,稗,4530,绰,1
4209,稚,3562,狺,1
4209,稚,4197,移,1
4210,稞,3643,珠,1
4211,稠,2774,榈,1
4211,稠,3620,玥,1
4212,稣,6944,鲆,1
4212,稣,7011,鳏,1
4212,稣,7162,鼾,1
4213,稳,314,偬,1
4213,稳,1960,愁,1
4213,稳,4194,积,1
4213,稳,4201,稂,1
4213,稳,4204,程,1
4213,稳,4207,稔,1
4213,稳,5841,起,1
4215,稹,1981,慎,1
4215,稹,6818,馍,1
4216,稻,2680,桕,1
4216,稻,4222,穆,1
4216,稻,4223,穑,1
4216,稻,6932,魏,1
4217,稼,1345,嫁,1
4217,稼,1960,愁,1
4217,稼,2750,椽,1
4217,稼,2823,橡,1
4217,稼,4195,称,1
4217,稼,5996,辌,1
4217,稼,6009,辙,1
4217,稼,6498,镲,1
4218,稽,337,僚,1
4218,稽,2734,棼,1
4218,稽,3860,瘠,1
4218,稽,3959,眷,1
4218,稽,4223,穑,1
4218,稽,4430,糟,1
4219,稿,3576,猜,1
4219,稿,3698,璃,1
4219,稿,4202,稃,1
4219,稿,7053,鸹,1
4219,稿,7068,鹈,1
4220,穀,2892,毂,1
4220,穀,6683,鞁,1
4221,穄,2837,檫,1
4221,穄,2909,毯,1
4222,穆,4197,移,1
4223,穑,4921,艋,1
4224,穗,2349,攮,1
4224,穗,4202,稃,1
4224,穗,4213,稳,1
4224,穗,4693,耰,1
4225,穰,2346,攘,1
4226,穴,374,六,1
4226,穴,662,只,1
4226,穴,1400,宄,1
4226,穴,2402,於,1
4226,穴,2840,欠,1
4226,穴,2942,水,1
4226,穴,5762,贝,1
4227,究,1406,完,1
4227,究,1425,宪,1
4227,究,2257,揪,1
4227,究,4234,突,1
4227,究,4241,窑,1
4227,究,4302,笼,1
4228,穷,519,务,1
4228,穷,1426,宫,1
4228,穷,1427,宬,1
4228,穷,3754,男,1
4228,穷,4227,究,1
4228,穷,4887,舅,1
4228,穷,4979,苈,1
4231,空,90,些,1
4231,空,139,令,1
4231,空,1084,垕,1
4231,空,1406,完,1
4231,空,1416,宝,1
4231,空,1422,室,1
4231,空,1426,宫,1
4231,空,4242,窒,1
4232,穿,105,亲,1
4232,穿,3164,淙,1
4232,穿,3497,牚,1
4232,穿,4974,芽,1
4234,突,820,哭,1
4234,突,1139,堕,1
4234,突,1231,奕,1
4234,突,2051,扊,1
4234,突,5163,葖,1
4234,突,5307,虿,1
4235,窃,1400,宄,1
4235,窃,3619,玢,1
4235,窃,4239,窈,1
4235,窃,5045,茺,1
4236,窄,4247,窜,1
4236,窄,4251,窣,1
4236,窄,4258,窸,1
4236,窄,4297,笮,1
4236,窄,5486,袈,1
4236,窄,5581,言,1
4237,窅,1415,宜,1
4237,窅,1421,宣,1
4238,窆,4227,究,1
4240,窍,1406,完,1
4240,窍,1434,容,1
4240,窍,4228,穷,1
4241,窑,406,冥,1
4241,窑,1393,孳,1
4241,窑,4242,窒,1
4241,窑,4247,窜,1
4241,窑,4249,窟,1
4241,窑,4258,窸,1
4241,窑,5316,蚕,1
4242,窒,1416,宝,1
4242,窒,1436,宾,1
4242,窒,4233,窀,1
4242,窒,4256,窭,1
4244,窖,1273,妾,1
4244,窖,1436,宾,1
4244,窖,1507,屠,1
4244,窖,4230,穹,1
4244,窖,4256,窭,1
4244,窖,4673,耋,1
4244,窖,5739,豁,1
4245,窗,1443,富,1
4245,窗,3932,盲,1
4245,窗,4237,窅,1
4245,窗,4255,窬,1
4245,窗,4780,胬,1
4245,窗,4850,膏,1
4246,窘,1430,宴,1
4246,窘,1440,寅,1
4246,窘,1966,意,1
4246,窘,4244,窖,1
4246,窘,4247,窜,1
4246,窘,4254,窨,1
4246,窘,4265,竟,1
4247,窜,35,串,1
4247,窜,1639,帘,1
4247,窜,4245,窗,1
4247,窜,4251,窣,1
4248,窝,898,喜,1
4248,窝,1426,宫,1
4248,窝,3748,甯,1
4248,窝,4241,窑,1
4248,窝,4246,窘,1
4248,窝,4361,篙,1
4248,窝,6644,霄,1
4249,窟,1203,夤,1
4249,窟,2717,棋,1
4249,窟,6121,邃,1
4250,窠,4242,窒,1
4251,窣,1428,宰,1
4252,窥,6652,霓,1
4253,窦,2805,樊,1
4253,窦,4255,窬,1
4255,窬,5377,蜜,1
4257,窳,3179,淼,1
4260,立,55,乏,1
4260,立,82,亏,1
4260,立,95,交,1
4260,立,376,兰,1
4260,立,2859,正,1
4260,立,3607,玉,1
4260,立,4453,纟,1
4260,立,5581,言,1
4260,立,5836,走,1
4262,竖,3630,玺,1
4262,竖,4289,笠,1
4262,竖,4330,签,1
4262,竖,6259,鉴,1
4263,站,1066,坫,1
4263,站,2878,殒,1
4263,站,4500,绐,1
4263,站,6325,钻,1
4264,竞,357,充,1
4264,竞,2710,梵,1
4264,竞,4177,秃,1
4264,竞,5581,言,1
4265,竟,3724,瓮,1
4265,竟,4268,童,1
4265,竟,4625,羌,1
4265,竟,5094,莞,1
4266,章,43,举,1
4266,章,3606,率,1
4266,章,4850,膏,1
4266,章,5141,萆,1
4266,章,5268,藁,1
4267,竣,5516,裣,1
4267,竣,5621,设,1
4267,竣,6377,铵,1
4268,童,879,啻,1
4268,童,997,囊,1
4268,童,4265,竟,1
4268,童,4354,篁,1
4268,童,4383,簦,1
4268,童,4673,耋,1
4268,童,6265,錾,1
4270,竭,4320,筠,1
4270,竭,4555,缉,1
4270,竭,4557,缌,1
4270,竭,5395,蝎,1
4271,端,4270,竭,1
4271,端,4531,绱,1
4271,端,5454,蠲,1
4271,端,5529,褊,1
4271,端,5700,谐,1
4272,竹,518,加,1
4272,竹,577,卅,1
4272,竹,1038,圹,1
4272,竹,3546,狞,1
4272,竹,5596,订,1
4272,竹,6386,链,1
4274,竽,4275,竿,1
4274,竽,4306,等,1
4275,竿,2422,早,1
4275,竿,2428,旱,1
4275,竿,2901,毕,1
4275,竿,4281,笋,1
4275,竿,4283,笑,1
4275,竿,4347,箪,1
4275,竿,4940,芈,1
4275,竿,5992,辈,1
4275,竿,6553,阜,1
4276,笃,6853,骂,1
4276,笃,6871,骘,1
4276,笃,7050,鸶,1
4277,笄,4350,箭,1
4277,笄,4643,羿,1
4277,笄,6643,霁,1
4277,笄,6908,髯,1
4278,笆,738,呛,1
4278,笆,1519,岂,1
4278,笆,3483,爸,1
4279,笈,6617,隽,1
4280,笊,1824,忠,1
4280,笊,4311,筑,1
4281,笋,77,争,1
4281,笋,1113,埗,1
4281,笋,2165,挛,1
4281,笋,2390,斝,1
4281,笋,4276,笃,1
4281,笋,4282,笏,1
4281,笋,4319,筝,1
4282,笏,3795,疡,1
4282,笏,4735,肠,1
4282,笏,7048,鸳,1
4283,笑,378,关,1
4283,笑,379,兴,1
4283,笑,1417,实,1
4283,笑,2616,染,1
4283,笑,3365,炅,1
4283,笑,3442,煲,1
4283,笑,4010,矢,1
4283,笑,4011,矣,1
4283,笑,4304,筅,1
4283,笑,4314,策,1
4283,笑,4950,芙,1
4284,笔,356,兄,1
4284,笔,4275,竿,1
4284,笔,4304,筅,1
4284,笔,4723,肇,1
4284,笔,4973,芼,1
4284,笔,6273,钅,1
4285,笕,435,凭,1
4285,笕,4372,篼,1
4286,笙,1724,建,1
4286,笙,2824,橥,1
4286,笙,2968,汪,1
4286,笙,3267,滢,1
4286,笙,4289,笠,1
4286,笙,4293,笨,1
4286,笙,4834,腭,1
4286,笙,6254,重,1
4286,笙,6935,鱼,1
4287,笛,1004,囟,1
4287,笛,1791,後,1
4287,笛,4600,罂,1
4287,笛,4700,耸,1
4288,笞,1434,容,1
4288,笞,4276,笃,1
4288,笞,4376,簉,1
4289,笠,4262,竖,1
4289,笠,6917,鬯,1
4290,笤,993,嚣,1
4290,笤,1532,岜,1
4290,笤,1535,岩,1
4290,笤,1838,忿,1
4290,笤,2443,昏,1
4290,笤,4249,窟,1
4290,笤,4346,箩,1
4290,笤,4367,篦,1
4290,笤,4990,苕,1
4290,笤,6126,邕,1
4290,笤,6906,髫,1
4292,符,402,农,1
4292,符,403,冠,1
4292,符,617,厅,1
4292,符,1464,将,1
4292,符,4309,筏,1
4292,符,4341,管,1
4292,符,5009,苻,1
4292,符,5473,衬,1
4293,笨,1224,奈,1
4293,笨,4392,籴,1
4294,笪,4382,簠,1
4294,笪,6126,邕,1
4295,笫,4296,第,1
4295,笫,4372,篼,1
4295,笫,5748,豨,1
4296,第,1446,寓,1
4296,第,1652,常,1
4296,第,4008,矛,1
4296,第,4282,笏,1
4296,第,4306,等,1
4296,第,5010,茀,1
4296,第,7143,鼋,1
4298,笱,4276,笃,1
4298,笱,4331,简,1
4299,笳,3379,炭,1
4300,笸,5932,蹩,1
4301,笺,1305,娑,1
4301,笺,4277,笄,1
4301,笺,4279,笈,1
4301,笺,4283,笑,1
4301,笺,4309,筏,1
4301,笺,4360,篓,1
4301,笺,5098,莪,1
4301,笺,5487,袋,1
4301,笺,5540,褰,1
4301,笺,6515,间,1
4302,笼,364,兔,1
4302,笼,403,冠,1
4302,笼,2904,毙,1
4302,笼,4284,笔,1
4302,笼,4299,笳,1
4302,笼,4304,筅,1
4302,笼,4309,筏,1
4302,笼,5022,茏,1
4302,笼,7181,龙,1
4303,笾,6048,迨,1
4304,筅,359,先,1
4304,筅,1425,宪,1
4304,筅,4283,笑,1
4305,筇,4311,筑,1
4306,等,725,呆,1
4306,等,1375,字,1
4306,等,1460,导,1
4306,等,2155,拿,1
4306,等,2180,挲,1
4306,等,3497,牚,1
4306,等,4276,笃,1
4306,等,4292,符,1
4306,等,4355,篆,1
4306,等,4451,纂,1
4306,等,5097,莩,1
4306,等,6849,驾,1
4307,筋,540,勖,1
4307,筋,4644,翁,1
4307,筋,5087,莎,1
4308,筌,1573,崟,1
4308,筌,6259,鉴,1
4309,筏,1632,希,1
4309,筏,4301,笺,1
4309,筏,4323,筱,1
4309,筏,4458,纤,1
4309,筏,4477,纸,1
4310,筐,1570,崖,1
4310,筐,4300,笸,1
4310,筐,4341,管,1
4310,筐,4371,篷,1
4310,筐,4611,罡,1
4311,筑,555,匏,1
4311,筑,648,叔,1
4311,筑,1577,崩,1
4311,筑,3237,溦,1
4311,筑,3730,瓿,1
4311,筑,4302,笼,1
4311,筑,4305,筇,1
4311,筑,4360,篓,1
4311,筑,4516,绡,1
4311,筑,5739,豁,1
4311,筑,6394,锆,1
4311,筑,6629,雏,1
4312,筒,1527,岗,1
4312,筒,3758,甾,1
4312,筒,4516,绡,1
4313,答,647,发,1
4313,答,3484,爹,1
4313,答,3865,瘩,1
4313,答,4297,笮,1
4313,答,4302,笼,1
4313,答,4330,签,1
4313,答,4339,箜,1
4313,答,4383,簦,1
4313,答,4959,芩,1
4314,策,4293,笨,1
4314,策,4295,笫,1
4314,策,5019,茉,1
4315,筘,4321,筢,1
4316,筚,2390,斝,1
4316,筚,4606,罕,1
4317,筛,4336,箔,1
4317,筛,4518,绣,1
4317,筛,6337,铈,1
4318,筜,827,哿,1
4318,筜,4306,等,1
4319,筝,2471,晕,1
4319,筝,4275,竿,1
4319,筝,4291,笥,1
4319,筝,4318,筜,1
4319,筝,4335,箓,1
4319,筝,4381,簟,1
4320,筠,6408,锔,1
4320,筠,6438,锴,1
4321,筢,4931,艳,1
4323,筱,4383,簦,1
4324,筲,4312,筒,1
4324,筲,4862,膺,1
4325,筵,4326,筷,1
4325,筵,6049,迩,1
4326,筷,4225,穰,1
4326,筷,4357,篊,1
4326,筷,4561,缑,1
4326,筷,5570,觖,1
4326,筷,6349,铗,1
4326,筷,6450,镁,1
4327,筹,1460,导,1
4327,筹,3276,滹,1
4327,筹,4276,笃,1
4327,筹,4334,箐,1
4327,筹,4385,簪,1
4327,筹,4451,纂,1
4327,筹,6617,隽,1
4328,筻,5572,觜,1
4329,筼,736,员,1
4329,筼,4359,篑,1
4329,筼,4633,羡,1
4330,签,4238,窆,1
4330,签,4289,笠,1
4330,签,5105,莶,1
4331,简,268,俭,1
4331,简,4531,绱,1
4331,简,4996,苟,1
4331,简,6793,饲,1
4332,箅,4337,箕,1
4333,箍,3798,疤,1
4333,箍,4321,筢,1
4333,箍,4388,籀,1
4333,箍,6442,锸,1
4334,箐,4385,簪,1
4335,箓,4306,等,1
4335,箓,5746,象,1
4336,箔,1545,岿,1
4336,箔,3021,泊,1
4336,箔,3216,湝,1
4336,箔,4347,箪,1
4336,箔,4664,翳,1
4336,箔,5236,蔼,1
4337,箕,406,冥,1
4337,箕,3442,煲,1
4337,箕,4332,箅,1
4337,箕,4363,篝,1
4337,箕,4364,篡,1
4337,箕,5138,萁,1
4338,算,1732,弇,1
4338,算,2029,戛,1
4338,算,3948,真,1
4338,算,4296,第,1
4338,算,4304,筅,1
4338,算,4316,筚,1
4338,算,4364,篡,1
4338,算,4884,舁,1
4339,箜,639,叁,1
4339,箜,3916,盎,1
4339,箜,4310,筐,1
4340,箝,4345,箨,1
4340,箝,4351,箱,1
4340,箝,6001,辑,1
4341,管,3982,睿,1
4341,管,4276,笃,1
4341,管,4288,笞,1
4341,管,4300,笸,1
4341,管,4330,签,1
4341,管,4346,箩,1
4341,管,4367,篦,1
4341,管,7048,鸳,1
4342,箢,3785,疑,1
4342,箢,4372,篼,1
4343,箦,4384,簧,1
4344,箧,4310,筐,1
4344,箧,6123,邋,1
4345,箨,2325,撵,1
4345,箨,4301,笺,1
4345,箨,4327,筹,1
4346,箩,3479,爱,1
4346,箩,4339,箜,1
4347,箪,4287,笛,1
4347,箪,4316,筚,1
4347,箪,4381,簟,1
4347,箪,5922,蹊,1
4348,箫,386,兼,1
4348,箫,3480,爵,1
4348,箫,4296,第,1
4348,箫,4335,箓,1
4348,箫,4360,篓,1
4348,箫,4380,簖,1
4349,箬,4109,磐,1
4349,箬,4114,磬,1
4349,箬,4297,笮,1
4349,箬,5091,莙,1
4349,箬,5243,蕙,1
4350,箭,519,务,1
4350,箭,827,哿,1
4350,箭,4355,篆,1
4350,箭,4832,腧,1
4351,箱,3521,犒,1
4351,箱,4320,筠,1
4351,箱,4345,箨,1
4351,箱,4389,籁,1
4351,箱,4390,籍,1
4351,箱,4399,粕,1
4351,箱,6326,钼,1
4351,箱,6654,霜,1
4352,箴,5523,裴,1
4353,箸,4334,箐,1
4353,箸,4370,篱,1
4353,箸,4618,署,1
4353,箸,6831,馨,1
4355,篆,4314,策,1
4355,篆,4353,箸,1
4355,篆,5749,豪,1
4356,篇,2519,曾,1
4356,篇,4361,篙,1
4356,篇,4390,籍,1
4357,篊,2042,戾,1
4357,篊,4375,簇,1
4357,篊,4376,簉,1
4358,篌,4344,箧,1
4358,篌,4375,簇,1
4359,篑,4343,箦,1
4360,篓,1285,姜,1
4360,篓,1298,娄,1
4360,篓,1446,寓,1
4360,篓,1624,巽,1
4360,篓,4383,簦,1
4360,篓,5145,萎,1
4360,篓,5497,袭,1
4361,篙,3281,漓,1
4361,篙,4337,箕,1
4361,篙,4353,箸,1
4361,篙,4631,羞,1
4361,篙,7050,鸶,1
4363,篝,4359,篑,1
4363,篝,4617,罱,1
4364,篡,335,像,1
4364,篡,542,募,1
4364,篡,4355,篆,1
4364,篡,5217,蓦,1
4365,篢,1440,寅,1
4365,篢,4291,笥,1
4365,篢,4337,箕,1
4366,篥,4451,纂,1
4367,篦,3480,爵,1
4368,篪,4379,簏,1
4369,篮,2500,暨,1
4369,篮,3630,玺,1
4369,篮,3994,瞥,1
4369,篮,5212,蓝,1
4369,篮,5715,谠,1
4369,篮,6111,遥,1
4369,篮,6118,避,1
4370,篱,992,嚚,1
4370,篱,993,嚣,1
4370,篱,1593,嵩,1
4370,篱,2495,暑,1
4370,篱,4248,窝,1
4370,篱,4387,簿,1
4371,篷,1364,嬖,1
4371,篷,3255,滏,1
4371,篷,3329,澹,1
4371,篷,4376,簉,1
4371,篷,5102,莲,1
4371,篷,6611,隧,1
4374,簃,4390,籍,1
4374,簃,7084,鹞,1
4375,簇,4326,筷,1
4375,簇,4369,篮,1
4375,簇,4378,簌,1
4375,簇,5739,豁,1
4375,簇,6266,鍠,1
4376,簉,4325,筵,1
4376,簉,5851,趱,1
4376,簉,6062,适,1
4376,簉,6108,遛,1
4377,簋,4369,篮,1
4377,簋,7144,鼍,1
4378,簌,6961,鲛,1
4379,簏,4367,篦,1
4379,簏,4368,篪,1
4380,簖,2398,断,1
4381,簟,4251,窣,1
4381,簟,4700,耸,1
4382,簠,4370,篱,1
4382,簠,4377,簋,1
4382,簠,6123,邋,1
4384,簧,437,凰,1
4384,簧,1203,夤,1
4384,簧,4314,策,1
4384,簧,4360,篓,1
4384,簧,4363,篝,1
4384,簧,4364,篡,1
4384,簧,4382,簠,1
4384,簧,5544,襄,1
4384,簧,5779,贯,1
4384,簧,7121,黉,1
4385,簪,4275,竿,1
4386,簸,4380,簖,1
4386,簸,4389,籁,1
4386,簸,6753,颠,1
4386,簸,6981,鲰,1
4387,簿,3175,淳,1
4387,簿,4356,篇,1
4387,簿,4862,膺,1
4387,簿,6919,鬹,1
4388,籀,4374,簃,1
4389,籁,1586,嵌,1
4389,籁,4378,簌,1
4390,籍,4374,簃,1
4391,米,33,中,1
4391,米,87,井,1
4391,米,379,兴,1
4391,米,410,冰,1
4391,米,2053,扌,1
4391,米,2535,木,1
4391,米,2536,未,1
4391,米,2543,朵,1
4391,米,2615,柒,1
4391,米,2944,永,1
4391,米,3005,沭,1
4391,米,4174,禾,1
4391,米,4796,脊,1
4391,米,4882,臾,1
4392,籴,199,余,1
4393,类,360,光,1
4393,类,1231,奕,1
4393,类,3056,洄,1
4393,类,4402,粜,1
4393,类,5136,菼,1
4394,籼,4404,粞,1
4394,籼,4422,糊,1
4394,籼,6251,釉,1
4395,籽,1245,好,1
4395,籽,4410,粮,1
4396,粉,1204,夥,1
4396,粉,1276,始,1
4396,粉,2123,拐,1
4396,粉,2551,杉,1
4396,粉,3936,盼,1
4396,粉,4403,粝,1
4396,粉,4685,耠,1
4397,粑,2521,最,1
4397,粑,3165,淝,1
4398,粒,4191,秩,1
4398,粒,4401,粘,1
4398,粒,5979,轻,1
4399,粕,2125,拓,1
4399,粕,2158,指,1
4399,粕,4395,籽,1
4399,粕,4398,粒,1
4399,粕,4401,粘,1
4400,粗,2297,摊,1
4400,粗,2721,棘,1
4400,粗,4186,租,1
4401,粘,4396,粉,1
4401,粘,5833,赪,1
4401,粘,5842,趁,1
4401,粘,5969,轱,1
4401,粘,6704,韨,1
4401,粘,7120,黇,1
4401,粘,7124,黏,1
4402,粜,2733,棻,1
4402,粜,3463,燊,1
4402,粜,4146,祟,1
4402,粜,4406,粢,1
4405,粟,1235,奚,1
4405,粟,1448,寞,1
4405,粟,2617,柔,1
4405,粟,2671,案,1
4405,粟,3981,睾,1
4405,粟,4151,票,1
4405,粟,4295,笫,1
4405,粟,4718,聿,1
4405,粟,6644,霄,1
4406,粢,2695,梁,1
4406,粢,4412,粲,1
4407,粤,1429,害,1
4407,粤,1748,弩,1
4407,粤,6634,雩,1
4409,粪,388,冀,1
4409,粪,1298,娄,1
4409,粪,4029,砉,1
4409,粪,5042,茶,1
4409,粪,5168,葜,1
4409,粪,5196,蒸,1
4409,粪,7121,黉,1
4409,粪,7182,龚,1
4410,粮,2660,根,1
4410,粮,3413,烺,1
4410,粮,3564,狼,1
4410,粮,4413,粳,1
4410,粮,4695,耲,1
4410,粮,5003,苫,1
4411,粱,2590,果,1
4411,粱,4406,粢,1
4412,粲,1449,察,1
4412,粲,2725,棨,1
4412,粲,4415,粼,1
4412,粲,4714,聚,1
4413,粳,4398,粒,1
4413,粳,4419,糅,1
4413,粳,6737,颍,1
4413,粳,6744,颗,1
4413,粳,6827,馗,1
4414,粹,2687,桦,1
4414,粹,3395,烊,1
4414,粹,3489,牂,1
4414,粹,3577,猝,1
4414,粹,4424,糍,1
4414,粹,4678,耔,1
4414,粹,6252,释,1
4415,粼,4416,粽,1
4416,粽,4221,穄,1
4416,粽,4418,糁,1
4417,精,1327,婧,1
4417,精,2194,捐,1
4417,精,2776,榍,1
4417,精,4410,粮,1
4417,精,4423,糌,1
4417,精,4691,耩,1
4417,精,5409,蝽,1
4418,糁,2240,掺,1
4418,糁,4420,糇,1
4420,糇,3588,猴,1
4420,糇,4423,糌,1
4420,糇,4427,糗,1
4421,糈,3592,猾,1
4421,糈,4636,羯,1
4422,糊,4652,翙,1
4423,糌,4424,糍,1
4424,糍,923,嗞,1
4425,糕,4420,糇,1
4425,糕,4424,糍,1
4425,糕,4628,羔,1
4426,糖,270,俯,1
4426,糖,833,唐,1
4426,糖,2344,攉,1
4426,糖,2763,楯,1
4426,糖,4431,糠,1
4426,糖,4635,羧,1
4427,糗,3243,溴,1
4428,糙,2181,挹,1
4428,糙,2797,槛,1
4428,糙,4410,粮,1
4429,糜,1692,庚,1
4429,糜,1697,庤,1
4429,糜,2725,棨,1
4429,糜,3874,瘼,1
4429,糜,4434,糵,1
4429,糜,4447,縻,1
4429,糜,7118,麾,1
4430,糟,4691,耩,1
4430,糟,5424,螬,1
4431,糠,1991,慷,1
4431,糠,2284,搪,1
4431,糠,3510,特,1
4431,糠,3592,猾,1
4431,糠,4416,粽,1
4433,糯,2694,桷,1
4433,糯,2833,檑,1
4433,糯,3519,犍,1
4433,糯,4421,糈,1
4433,糯,5449,蠕,1
4434,糵,1466,尊,1
4434,糵,2834,檗,1
4434,糵,5061,荜,1
4435,糸,102,京,1
4436,系,56,乐,1
4436,系,102,京,1
4436,系,198,佘,1
4436,系,404,冢,1
4436,系,709,含,1
4436,系,1390,孬,1
4436,系,1469,尔,1
4436,系,1470,尕,1
4436,系,2155,拿,1
4436,系,2546,杀,1
4436,系,3412,烹,1
4436,系,4439,索,1
4436,系,5746,象,1
4436,系,5825,赟,1
4437,紊,43,举,1
4437,紊,4451,纂,1
4438,素,1459,寻,1
4438,素,1918,患,1
4438,素,2378,整,1
4438,素,2819,橐,1
4438,素,4189,秦,1
4438,素,4445,綦,1
4438,素,6648,霉,1
4439,索,1381,孝,1
4439,索,4435,糸,1
4439,索,5228,蔡,1
4439,索,5233,蔹,1
4440,紧,993,嚣,1
4440,紧,1386,孥,1
4440,紧,1884,恣,1
4440,紧,4442,累,1
4440,紧,4606,罕,1
4440,紧,4653,翚,1
4441,紫,1387,学,1
4441,紫,1544,岽,1
4441,紫,1926,悲,1
4441,紫,2902,毖,1
4441,紫,4274,竽,1
4441,紫,4355,篆,1
4441,紫,4443,絮,1
4441,紫,4449,繄,1
4442,累,351,儡,1
4442,累,1469,尔,1
4442,累,2428,旱,1
4442,累,2476,晟,1
4442,累,2482,景,1
4442,累,2590,果,1
4442,累,4440,紧,1
4442,累,4443,絮,1
4442,累,4608,罘,1
4443,絮,2506,曙,1
4443,絮,3089,浆,1
4443,絮,3296,潆,1
4443,絮,4440,紧,1
4444,絷,4161,禁,1
4445,綦,1126,基,1
4445,綦,4437,紊,1
4445,綦,4451,纂,1
4446,綮,2725,棨,1
4447,縻,2303,摩,1
4447,縻,4113,磨,1
4447,縻,5293,虔,1
4447,縻,6609,隙,1
4447,縻,7106,麇,1
4448,繁,3771,略,1
4448,繁,4146,祟,1
4448,繁,4306,等,1
4448,繁,5285,蘩,1
4448,繁,5592,警,1
4448,繁,5824,赞,1
4448,繁,6874,骛,1
4448,繁,6972,鲧,1
4450,繇,4448,繁,1
4450,繇,4883,舀,1
4450,繇,7084,鹞,1
4451,纂,1823,忝,1
4451,纂,4293,笨,1
4451,纂,4445,綦,1
4451,纂,6877,骞,1
4454,纠,121,仉,1
4454,纠,1279,姒,1
4454,纠,1406,完,1
4454,纠,2978,沂,1
4454,纠,4458,纤,1
4454,纠,4462,纨,1
4454,纠,4494,绊,1
4454,纠,5604,讪,1
4454,纠,5606,训,1
4455,纡,4458,纤,1
4456,红,0,々,1
4456,红,999,囗,1
4456,红,4464,纪,1
4457,纣,4455,纡,1
4457,纣,5473,衬,1
4458,纤,136,仟,1
4458,纤,3528,犴,1
4458,纤,3611,玕,1
4458,纤,4454,纠,1
4458,纤,4477,纸,1
4458,纤,4494,绊,1
4458,纤,5600,讦,1
4460,约,1246,妁,1
4460,约,1267,妫,1
4460,约,1778,役,1
4460,约,3356,灯,1
4460,约,3543,狗,1
4460,约,4455,纡,1
4460,约,4472,纳,1
4460,约,4482,纾,1
4460,约,6305,钧,1
4461,级,1041,圾,1
4461,级,1756,彀,1
4461,级,2362,敌,1
4461,级,2952,汉,1
4461,级,2995,没,1
4461,级,3161,淑,1
4461,级,3907,皴,1
4461,级,4471,纲,1
4461,级,4473,纴,1
4461,级,4478,纹,1
4461,级,4483,线,1
4461,级,4513,绞,1
4461,级,4560,缏,1
4461,级,4599,缺,1
4461,级,5875,跟,1
4461,级,6788,饭,1
4462,纨,4514,统,1
4462,纨,6295,钝,1
4463,纩,4523,绨,1
4464,纪,354,允,1
4464,纪,1034,圮,1
4464,纪,1248,妃,1
4464,纪,2950,汇,1
4464,纪,4459,纥,1
4464,纪,4491,织,1
4464,纪,4499,经,1
4464,纪,6275,钇,1
4464,纪,6313,钯,1
4465,纫,466,初,1
4465,纫,548,勾,1
4465,纫,1293,姻,1
4465,纫,2951,汈,1
4465,纫,3009,河,1
4465,纫,4538,绸,1
4465,纫,4646,翊,1
4465,纫,6159,郐,1
4466,纬,35,串,1
4466,纬,1790,律,1
4466,纬,3010,沸,1
4466,纬,4295,笫,1
4466,纬,4494,绊,1
4466,纬,4518,绣,1
4466,纬,4523,绨,1
4466,纬,4721,肄,1
4466,纬,6705,韩,1
4467,纭,1746,弦,1
4467,纭,4459,纥,1
4467,纭,4479,纺,1
4467,纭,4491,织,1
4467,纭,6354,铝,1
4468,纯,4464,纪,1
4468,纯,4502,绒,1
4468,纯,4558,缍,1
4468,纯,5636,诎,1
4470,纱,2431,旷,1
4470,纱,3022,泌,1
4470,纱,4183,秒,1
4470,纱,4554,缈,1
4470,纱,5469,补,1
4470,纱,6296,钞,1
4470,纱,6569,阿,1
4471,纲,188,佃,1
4471,纲,1316,娴,1
4471,纲,1786,徇,1
4471,纲,2420,旧,1
4471,纲,3001,沨,1
4471,纲,4490,细,1
4471,纲,4604,网,1
4471,纲,6300,钢,1
4472,纳,1280,姓,1
4472,纳,2588,枘,1
4472,纳,2969,汭,1
4472,纳,4465,纫,1
4472,纳,4549,缃,1
4472,纳,5615,讷,1
4473,纴,6314,钰,1
4474,纵,1863,怨,1
4474,纵,4491,织,1
4474,纵,5499,袱,1
4474,纵,5631,诉,1
4474,纵,6146,邹,1
4475,纶,175,伧,1
4475,纶,1781,往,1
4475,纶,2984,沉,1
4475,纶,2999,沦,1
4475,纶,3000,沧,1
4475,纶,4512,绝,1
4475,纶,4543,绽,1
4475,纶,5618,论,1
4475,纶,5861,跄,1
4475,纶,6847,驼,1
4476,纷,3012,治,1
4476,纷,3767,留,1
4476,纷,4282,笏,1
4476,纷,4482,纾,1
4476,纷,4500,绐,1
4476,纷,4506,绗,1
4476,纷,4510,绛,1
4476,纷,4519,绤,1
4477,纸,1312,娥,1
4477,纸,1781,往,1
4477,纸,2921,氓,1
4477,纸,4014,矩,1
4477,纸,4550,缄,1
4477,纸,5461,衍,1
4477,纸,6285,钒,1
4478,纹,1241,奴,1
4478,纹,2355,改,1
4478,纹,2374,敫,1
4478,纹,4474,纵,1
4478,纹,4513,绞,1
4478,纹,6032,运,1
4479,纺,2964,污,1
4479,纺,4467,纭,1
4479,纺,4470,纱,1
4479,纺,4476,纷,1
4479,纺,4503,结,1
4479,纺,4516,绡,1
4479,纺,4544,绾,1
4479,纺,4581,缦,1
4479,纺,6941,鲂,1
4480,纻,177,伫,1
4481,纽,1260,妞,1
4481,纽,1783,徂,1
4481,纽,3101,浓,1
4481,纽,4473,纴,1
4482,纾,4455,纡,1
4483,线,161,伐,1
4483,线,1312,娥,1
4483,线,4513,绞,1
4483,线,4565,缕,1
4483,线,4570,缚,1
4483,线,6451,镂,1
4487,练,417,冻,1
4487,练,1785,待,1
4487,练,1792,徐,1
4487,练,1961,愆,1
4487,练,4535,绵,1
4487,练,4542,综,1
4487,练,4565,缕,1
4488,组,189,但,1
4488,组,1789,徊,1
4488,组,3135,涟,1
4488,组,4186,租,1
4488,组,4481,纽,1
4488,组,4490,细,1
4488,组,4491,织,1
4488,组,5489,袒,1
4488,组,5628,诅,1
4489,绅,183,伸,1
4489,绅,1780,彼,1
4489,绅,2996,沣,1
4489,绅,3236,溥,1
4489,绅,4145,神,1
4490,细,1293,姻,1
4490,细,1789,徊,1
4490,细,2967,汩,1
4490,细,4471,纲,1
4490,细,4481,纽,1
4490,细,4488,组,1
4490,细,4497,绍,1
4490,细,4549,缃,1
4490,细,5871,跚,1
4491,织,271,俱,1
4491,织,1778,役,1
4491,织,4194,积,1
4491,织,4357,篊,1
4491,织,4480,纻,1
4491,织,4488,组,1
4492,终,224,侈,1
4492,终,3066,洛,1
4492,终,4459,纥,1
4494,绊,149,件,1
4494,绊,1790,律,1
4494,绊,2996,沣,1
4494,绊,4466,纬,1
4494,绊,4489,绅,1
4496,绌,4469,纰,1
4496,绌,4522,继,1
4497,绍,664,召,1
4497,绍,3013,沼,1
4497,绍,3661,琚,1
4497,绍,4490,细,1
4497,绍,4491,织,1
4497,绍,6424,锥,1
4498,绎,195,体,1
4498,绎,3053,泽,1
4498,绎,3115,浮,1
4498,绎,3255,滏,1
4498,绎,4573,缝,1
4498,绎,6343,铎,1
4498,绎,6399,锋,1
4498,绎,6850,驿,1
4499,经,187,伾,1
4499,经,2402,於,1
4499,经,3036,泣,1
4499,经,4060,硁,1
4499,经,4475,纶,1
4499,经,4492,终,1
4499,经,6055,迳,1
4499,经,6435,锰,1
4499,经,7123,黎,1
4500,绐,5862,跆,1
4501,绑,301,倻,1
4501,绑,4458,纤,1
4501,绑,4469,纰,1
4501,绑,4495,绋,1
4501,绑,4807,脚,1
4502,绒,248,俄,1
4502,绒,1312,娥,1
4502,绒,2382,斌,1
4502,绒,6805,饿,1
4503,结,170,传,1
4503,结,214,佰,1
4503,结,223,侄,1
4503,结,258,俜,1
4503,结,780,咭,1
4503,结,887,喆,1
4503,结,1287,姞,1
4503,结,1777,彷,1
4503,结,5645,诗,1
4503,结,5646,诘,1
4503,结,6394,锆,1
4504,绔,4576,缡,1
4505,绕,418,冼,1
4505,绕,1300,娆,1
4505,绕,1802,徭,1
4505,绕,4533,绳,1
4505,绕,6351,铙,1
4506,绗,3647,珩,1
4506,绗,4500,绐,1
4507,绘,2975,汽,1
4507,绘,3040,泫,1
4507,绘,4459,纥,1
4507,绘,4504,绔,1
4507,绘,4514,统,1
4507,绘,4579,缤,1
4507,绘,4797,脍,1
4507,绘,4893,舔,1
4507,绘,6333,铃,1
4508,给,182,伶,1
4508,给,684,合,1
4508,给,1856,怜,1
4508,给,3000,沧,1
4508,给,4207,稔,1
4508,给,4493,绉,1
4508,给,4503,结,1
4508,给,4528,绮,1
4508,给,4544,绾,1
4508,给,4584,缩,1
4508,给,6335,铅,1
4509,绚,203,佝,1
4509,绚,3017,泃,1
4509,绚,4539,绹,1
4509,绚,6307,钩,1
4509,绚,6798,饷,1
4509,绚,7173,龅,1
4510,绛,4345,箨,1
4510,绛,4498,绎,1
4511,络,205,佟,1
4511,络,1784,径,1
4511,络,3301,潘,1
4511,络,3397,烙,1
4511,络,4500,绐,1
4511,络,4518,绣,1
4511,络,4519,绤,1
4511,络,5501,袼,1
4512,绝,3034,泡,1
4512,绝,4475,纶,1
4512,绝,4533,绳,1
4512,绝,4562,缒,1
4513,绞,1288,姣,1
4513,绞,1791,後,1
4513,绞,4159,祾,1
4513,绞,4520,绥,1
4513,绞,4536,绶,1
4513,绞,4543,绽,1
4513,绞,4550,缄,1
4513,绞,5607,议,1
4513,绞,6372,铰,1
4514,统,1618,巯,1
4514,统,2925,氘,1
4514,统,3086,流,1
4514,统,3110,浣,1
4514,统,3175,淳,1
4514,统,4311,筑,1
4514,统,4469,纰,1
4514,统,5938,蹴,1
4514,统,6375,铳,1
4515,绠,4551,缅,1
4515,绠,4560,缏,1
4516,绡,4517,绢,1
4517,绢,252,俏,1
4517,绢,290,倡,1
4517,绢,306,偈,1
4517,绢,1503,屑,1
4517,绢,1798,徜,1
4517,绢,4487,练,1
4517,绢,4531,绱,1
4517,绢,4566,编,1
4517,绢,4636,羯,1
4517,绢,4984,苎,1
4517,绢,5849,趟,1
4517,绢,6408,锔,1
4517,绢,6726,颂,1
4518,绣,374,六,1
4518,绣,1155,塔,1
4518,绣,3655,琇,1
4518,绣,4487,练,1
4518,绣,4565,缕,1
4518,绣,6444,锺,1
4519,绤,255,俗,1
4519,绤,4500,绐,1
4519,绤,4508,给,1
4519,绤,4540,绺,1
4520,绥,1800,徨,1
4520,绥,2160,按,1
4520,绥,4357,篊,1
4520,绥,4513,绞,1
4520,绥,4536,绶,1
4520,绥,4558,缍,1
4520,绥,4589,缮,1
4520,绥,5889,跺,1
4520,绥,6451,镂,1
4521,绦,1745,弥,1
4521,绦,1792,徐,1
4521,绦,3258,滔,1
4521,绦,3270,滦,1
4521,绦,4545,绿,1
4521,绦,4568,缘,1
4522,继,1793,徒,1
4522,继,3018,泄,1
4522,继,3135,涟,1
4522,继,4484,绀,1
4522,继,4494,绊,1
4522,继,6926,魅,1
4523,绨,1802,徭,1
4524,绩,294,倩,1
4524,绩,868,啧,1
4524,绩,1290,姨,1
4524,绩,4526,绫,1
4524,绩,4572,缜,1
4524,绩,4578,缣,1
4524,绩,6410,锖,1
4525,绪,289,借,1
4525,绪,3137,涡,1
4525,绪,4528,绮,1
4525,绪,5379,蜡,1
4525,绪,6411,锗,1
4526,绫,4563,缓,1
4527,续,421,凄,1
4527,续,1717,廙,1
4527,续,4568,缘,1
4527,续,4586,缫,1
4527,续,5680,读,1
4527,续,6468,镓,1
4528,绮,4503,结,1
4528,绮,4508,给,1
4530,绰,296,倬,1
4530,绰,4494,绊,1
4530,绰,4513,绞,1
4530,绰,4542,综,1
4531,绱,1798,徜,1
4531,绱,6370,铮,1
4532,绲,6419,锟,1
4533,绳,276,俺,1
4533,绳,3111,浥,1
4533,绳,4552,缆,1
4533,绳,5391,蝇,1
4533,绳,5715,谠,1
4533,绳,6491,镪,1
4534,维,1131,堆,1
4534,维,1806,徼,1
4534,维,4544,绾,1
4534,维,4567,缗,1
4534,维,4575,缠,1
4534,维,5672,诳,1
4534,维,5686,谁,1
4534,维,6424,锥,1
4534,维,6629,雏,1
4534,维,6630,雒,1
4534,维,6724,颀,1
4535,绵,145,仰,1
4535,绵,1395,孺,1
4535,绵,4523,绨,1
4535,绵,5611,讳,1
4535,绵,6425,锦,1
4536,绶,4520,绥,1
4537,绷,1134,堋,1
4537,绷,3094,测,1
4537,绷,4549,缃,1
4537,绷,6488,镧,1
4537,绷,6491,镪,1
4538,绸,287,倜,1
4538,绸,425,凋,1
4538,绸,3067,洞,1
4538,绸,4270,竭,1
4538,绸,4489,绅,1
4538,绸,4509,绚,1
4538,绸,4549,缃,1
4538,绸,4550,缄,1
4538,绸,6421,锢,1
4539,绹,3141,润,1
4539,绹,4509,绚,1
4541,绻,292,倦,1
4541,绻,6428,锩,1
4542,综,206,你,1
4542,综,1182,壕,1
4542,综,1410,宗,1
4542,综,3069,津,1
4542,综,3143,涨,1
4542,综,4543,绽,1
4542,综,5690,谅,1
4542,综,5691,谆,1
4543,绽,327,傧,1
4543,绽,335,像,1
4543,绽,3170,淦,1
4543,绽,4515,绠,1
4543,绽,4527,续,1
4543,绽,4553,缇,1
4543,绽,5655,诡,1
4543,绽,6667,靛,1
4545,绿,1792,徐,1
4545,绿,4162,禄,1
4545,绿,4542,综,1
4545,绿,4568,缘,1
4545,绿,5746,象,1
4546,缀,1947,惩,1
4546,缀,3246,溺,1
4548,缂,4593,缲,1
4548,缂,6343,铎,1
4550,缄,249,俅,1
4550,缄,822,哲,1
4550,缄,2028,戚,1
4550,缄,4538,绸,1
4550,缄,5648,诚,1
4550,缄,6348,铖,1
4550,缄,6991,鲺,1
4551,缅,1585,嵋,1
4551,缅,4539,绹,1
4551,缅,4577,缢,1
4551,缅,5733,谲,1
4551,缅,6782,饧,1
4551,缅,7152,鼢,1
4552,缆,282,倓,1
4552,缆,4357,篊,1
4553,缇,333,傻,1
4554,缈,3204,渺,1
4555,缉,243,侮,1
4555,缉,3128,涓,1
4555,缉,3202,渴,1
4555,缉,3276,滹,1
4555,缉,4387,簿,1
4555,缉,4534,维,1
4555,缉,4548,缂,1
4555,缉,6814,馉,1
4557,缌,4532,绲,1
4557,缌,4582,缧,1
4557,缌,6440,锶,1
4558,缍,4518,绣,1
4558,缍,6423,锤,1
4559,缎,2538,本,1
4559,缎,2888,段,1
4559,缎,3226,溆,1
4559,缎,4536,绶,1
4559,缎,4595,缴,1
4559,缎,7088,鹣,1
4560,缏,4515,绠,1
4561,缑,4579,缤,1
4561,缑,6629,雏,1
4562,缒,6629,雏,1
4563,缓,4505,绕,1
4563,缓,4513,绞,1
4563,缓,4520,绥,1
4563,缓,4526,绫,1
4563,缓,4536,绶,1
4563,缓,4583,缨,1
4563,缓,5684,诿,1
4563,缓,5706,谖,1
4563,缓,6447,锾,1
4563,缓,6774,飨,1
4563,缓,6807,馁,1
4564,缔,2993,沛,1
4564,缔,4523,绨,1
4565,缕,3132,涛,1
4565,缕,4018,矮,1
4565,缕,4494,绊,1
4565,缕,4527,续,1
4565,缕,4541,绻,1
4565,缕,6790,饯,1
4566,编,2873,殇,1
4566,编,3156,淆,1
4566,编,3520,犏,1
4566,编,3830,痛,1
4566,编,4551,缅,1
4566,编,6100,遍,1
4566,编,6598,陷,1
4566,编,7006,鳊,1
4567,缗,2490,暂,1
4568,缘,335,像,1
4568,缘,3045,泳,1
4568,缘,3152,涿,1
4568,缘,3168,淡,1
4568,缘,4535,绵,1
4568,缘,4542,综,1
4568,缘,4582,缧,1
4568,缘,5750,豫,1
4570,缚,1790,律,1
4570,缚,4489,绅,1
4570,缚,4498,绎,1
4570,缚,4548,缂,1
4572,缜,3252,滇,1
4573,缝,269,修,1
4573,缝,4371,篷,1
4573,缝,4520,绥,1
4573,缝,4530,绰,1
4573,缝,4562,缒,1
4573,缝,6092,逸,1
4574,缟,350,儒,1
4574,缟,4576,缡,1
4574,缟,5634,诌,1
4575,缠,3187,渔,1
4575,缠,3834,痤,1
4575,缠,4215,稹,1
4575,缠,4514,统,1
4575,缠,4562,缒,1
4575,缠,4589,缮,1
4577,缢,5720,谥,1
4579,缤,327,傧,1
4579,缤,1350,嫔,1
4579,缤,4527,续,1
4579,缤,4543,绽,1
4579,缤,4558,缍,1
4579,缤,4563,缓,1
4579,缤,4572,缜,1
4579,缤,4593,缲,1
4579,缤,6469,镔,1
4579,缤,6824,馔,1
4580,缥,26,两,1
4580,缥,323,傈,1
4580,缥,6471,镖,1
4581,缦,3579,猡,1
4582,缧,298,倮,1
4582,缧,3290,漯,1
4582,缧,4557,缌,1
4583,缨,6815,馊,1
4583,缨,7065,鹅,1
4584,缩,255,俗,1
4584,缩,3446,煽,1
4585,缪,6481,镠,1
4587,缬,6741,颓,1
4588,缭,337,僚,1
4588,缭,3244,溶,1
4588,缭,3278,漆,1
4588,缭,4528,绮,1
4589,缮,4861,膳,1
4589,缮,6004,辔,1
4589,缮,6489,镨,1
4591,缰,3316,澄,1
4591,缰,4558,缍,1
4591,缰,4581,缦,1
4592,缱,4562,缒,1
4594,缳,348,儇,1
4595,缴,1177,墩,1
4595,缴,1804,徵,1
4595,缴,3298,潋,1
4595,缴,4559,缎,1
4595,缴,4563,缓,1
4595,缴,5689,谄,1
4598,缸,5741,豇,1
4599,缺,3621,玦,1
4599,缺,5856,趺,1
4599,缺,5893,踉,1
4600,罂,4376,簉,1
4601,罄,6831,馨,1
4604,网,2430,时,1
4604,网,4651,翘,1
4604,网,6518,闷,1
4604,网,6527,阀,1
4605,罔,743,周,1
4605,罔,1014,囵,1
4605,罔,1017,国,1
4605,罔,6521,闺,1
4605,罔,6526,闿,1
4606,罕,400,写,1
4606,罕,1402,宇,1
4606,罕,2422,早,1
4606,罕,4275,竿,1
4606,罕,4281,笋,1
4606,罕,4612,罢,1
4607,罗,400,写,1
4607,罗,654,叟,1
4607,罗,1194,复,1
4607,罗,1518,岁,1
4607,罗,2444,易,1
4607,罗,4230,穹,1
4607,罗,4442,累,1
4607,罗,4610,罟,1
4607,罗,4943,芍,1
4608,罘,2482,景,1
4608,罘,4442,累,1
4611,罡,2455,是,1
4612,罢,1624,巽,1
4612,罢,4607,罗,1
4612,罢,5377,蜜,1
4612,罢,7125,黑,1
4613,罨,5919,蹇,1
4614,罩,584,卑,1
4614,罩,1176,墨,1
4614,罩,2428,旱,1
4614,罩,3981,睾,1
4614,罩,4319,筝,1
4614,罩,4624,羊,1
4614,罩,5552,覃,1
4615,罪,3467,燕,1
4615,罪,5133,菲,1
4615,罪,6651,霏,1
4616,置,1176,墨,1
4616,置,2462,显,1
4616,置,4365,篢,1
4616,置,4409,粪,1
4616,置,4611,罡,1
4616,置,4614,罩,1
4616,置,4631,羞,1
4616,置,5553,覆,1
4618,署,397,冕,1
4618,署,4246,窘,1
4618,署,4349,箬,1
4618,署,5585,詈,1
4620,罹,2503,暹,1
4624,羊,1,一,1
4624,羊,43,举,1
4624,羊,586,卓,1
4624,羊,1187,声,1
4624,羊,1668,平,1
4624,羊,2896,每,1
4624,羊,2961,汞,1
4624,羊,4251,窣,1
4624,羊,6011,辛,1
4625,羌,364,兔,1
4625,羌,4264,竞,1
4625,羌,4626,美,1
4625,羌,5060,荛,1
4626,美,1236,奠,1
4626,美,4253,窦,1
4626,美,4402,粜,1
4626,美,4633,羡,1
4626,美,4638,羲,1
4627,羑,1617,差,1
4628,羔,1436,宾,1
4629,羚,2933,氦,1
4629,羚,4635,羧,1
4629,羚,5748,豨,1
4631,羞,5553,覆,1
4632,羟,5985,辁,1
4633,羡,107,亵,1
4633,羡,886,善,1
4633,羡,3183,渍,1
4633,羡,5293,虔,1
4633,羡,5968,轰,1
4634,群,4149,祥,1
4634,群,4200,稀,1
4634,群,5259,薜,1
4634,群,5345,蛘,1
4634,群,6850,驿,1
4634,群,6909,髹,1
4635,羧,6447,锾,1
4638,羲,2025,或,1
4639,羸,3412,烹,1
4640,羹,2819,橐,1
4640,羹,5267,薹,1
4642,羽,2525,朋,1
4642,羽,3067,洞,1
4642,羽,3543,狗,1
4642,羽,6286,钓,1
4643,羿,6252,释,1
4644,翁,4299,笳,1
4644,翁,5206,蓊,1
4645,翅,462,刘,1
4645,翅,4651,翘,1
4645,翅,5841,起,1
4645,翅,5843,趄,1
4645,翅,5849,趟,1
4645,翅,5850,趣,1
4645,翅,6086,逦,1
4646,翊,4537,绷,1
4646,翊,4772,胡,1
4647,翌,1330,婴,1
4647,翌,4095,碧,1
4648,翎,4484,绀,1
4648,翎,4651,翘,1
4649,翔,3565,猁,1
4649,翔,4652,翙,1
4650,翕,4644,翁,1
4651,翘,2913,毽,1
4651,翘,5172,葫,1
4652,翙,1759,当,1
4653,翚,3522,犟,1
4653,翚,4655,翠,1
4654,翟,895,喔,1
4654,翟,6659,露,1
4655,翠,3523,犨,1
4655,翠,3981,睾,1
4657,翥,4658,翦,1
4658,翦,6654,霜,1
4659,翩,3685,瑚,1
4660,翮,4659,翩,1
4661,翯,4664,翳,1
4661,翯,4666,翼,1
4663,翱,4665,翻,1
4664,翳,4374,簃,1
4664,翳,5466,衢,1
4665,翻,4649,翔,1
4666,翼,388,冀,1
4666,翼,1176,墨,1
4666,翼,1475,尝,1
4666,翼,4253,窦,1
4666,翼,4364,篡,1
4666,翼,4627,羑,1
4666,翼,4647,翌,1
4666,翼,4653,翚,1
4667,耀,1601,嶝,1
4667,耀,2917,氍,1
4667,耀,3349,灈,1
4667,耀,3462,燃,1
4667,耀,4432,糨,1
4667,耀,5328,蚱,1
4667,耀,5456,蠼,1
4667,耀,6491,镪,1
4668,老,14,专,1
4668,老,610,卷,1
4668,老,2072,扰,1
4668,老,4947,芒,1
4668,老,4981,苋,1
4668,老,5001,若,1
4669,考,1233,套,1
4669,考,1249,妄,1
4669,考,3371,炕,1
4669,考,5095,莠,1
4669,考,5958,车,1
4670,耄,4669,考,1
4671,者,1237,奢,1
4671,者,2451,春,1
4671,者,3894,皆,1
4671,者,3938,省,1
4671,者,4044,砦,1
4671,者,4056,砻,1
4671,者,4672,耆,1
4671,者,4885,舂,1
4671,者,4993,苛,1
4671,者,5054,荐,1
4671,者,5808,赌,1
4672,耆,2425,旮,1
4672,耆,5207,蓍,1
4673,耋,6263,鋆,1
4673,耋,6270,鏖,1
4674,而,3723,瓦,1
4674,而,3891,百,1
4674,而,4008,矛,1
4674,而,5550,西,1
4674,而,6569,阿,1
4675,耍,838,唠,1
4675,耍,1263,妥,1
4675,耍,1281,委,1
4675,耍,1430,宴,1
4675,耍,2029,戛,1
4675,耍,4407,粤,1
4675,耍,5083,荽,1
4675,耍,5307,虿,1
4675,耍,6636,雯,1
4675,耍,6638,零,1
4676,耐,4032,砑,1
4676,耐,6208,酣,1
4676,耐,6572,附,1
4677,耒,61,乘,1
4677,耒,4009,矜,1
4678,耔,7124,黏,1
4680,耖,2082,抄,1
4680,耖,4183,秒,1
4681,耗,6676,靴,1
4682,耘,5122,菘,1
4682,耘,6857,骇,1
4683,耙,2575,杷,1
4683,耙,4397,粑,1
4684,耜,4683,耙,1
4684,耜,4688,耦,1
4684,耜,5978,轺,1
4684,耜,6707,韫,1
4685,耠,4684,耜,1
4685,耠,6667,靛,1
4688,耦,6707,韫,1
4690,耨,2735,椁,1
4690,耨,4695,耲,1
4692,耪,2825,橦,1
4692,耪,4695,耲,1
4694,耱,2271,搋,1
4695,耲,2346,攘,1
4696,耳,637,厾,1
4696,耳,4875,自,1
4696,耳,6673,革,1
4697,耵,3931,盱,1
4697,耵,6194,酊,1
4698,耶,609,卵,1
4698,耶,3657,琊,1
4698,耶,3974,睥,1
4698,耶,4707,聊,1
4698,耶,4711,聒,1
4698,耶,4825,腓,1
4698,耶,6135,邪,1
4700,耸,2479,晦,1
4700,耸,2926,氙,1
4700,耸,2932,氤,1
4700,耸,4279,笈,1
4700,耸,4294,笪,1
4700,耸,4708,聋,1
4700,耸,5043,茸,1
4701,耻,560,匙,1
4701,耻,4703,耿,1
4701,耻,4730,肚,1
4702,耽,4792,能,1
4703,耿,3454,熟,1
4703,耿,4702,耽,1
4703,耿,4738,肤,1
4703,耿,6687,鞑,1
4704,聂,4107,磊,1
4704,聂,5782,贲,1
4704,聂,6755,颢,1
4706,聆,4711,聒,1
4707,聊,2632,柳,1
4708,聋,1076,垄,1
4708,聋,1225,奉,1
4708,聋,5180,葺,1
4709,职,2578,松,1
4709,职,2856,歌,1
4709,职,4682,耘,1
4712,联,2529,朕,1
4714,聚,4151,票,1
4714,聚,5274,藜,1
4714,聚,5486,袈,1
4714,聚,5525,裹,1
4714,聚,5754,豺,1
4714,聚,6020,辱,1
4716,聪,4185,秘,1
4716,聪,4709,职,1
4717,聱,6875,骜,1
4717,聱,7150,鼙,1
4719,肀,1484,尹,1
4720,肃,878,啸,1
4720,肃,4438,素,1
4720,肃,7139,黹,1
4721,肄,4722,肆,1
4721,肄,6092,逸,1
4722,肆,1119,埠,1
4722,肆,5313,蚌,1
4723,肇,6758,颦,1
4724,肉,391,内,1
4724,肉,1014,囵,1
4724,肉,2232,掬,1
4724,肉,3750,由,1
4724,肉,6544,阑,1
4725,肋,526,劬,1
4725,肋,540,勖,1
4725,肋,3940,眇,1
4725,肋,4393,类,1
4725,肋,4743,肭,1
4725,肋,4752,肽,1
4725,肋,4756,胁,1
4725,肋,4770,胝,1
4726,肌,745,呲,1
4726,肌,4702,耽,1
4726,肌,4731,肛,1
4726,肌,5853,趴,1
4728,肖,396,冒,1
4728,肖,1044,均,1
4728,肖,1431,宵,1
4728,肖,1464,将,1
4728,肖,2523,有,1
4728,肖,2994,沟,1
4728,肖,3891,百,1
4728,肖,4740,肩,1
4728,肖,4745,肯,1
4728,肖,4748,肴,1
4728,肖,4994,苜,1
4728,肖,4996,苟,1
4729,肘,1465,尉,1
4729,肘,1819,忖,1
4729,肘,4711,聒,1
4729,肘,6317,钳,1
4729,肘,6572,附,1
4730,肚,4701,耻,1
4730,肚,4802,脒,1
4731,肛,1811,忆,1
4731,肛,2433,旺,1
4731,肛,2942,水,1
4731,肛,3931,盱,1
4731,肛,4726,肌,1
4731,肛,4898,舡,1
4732,肜,4763,胎,1
4733,肝,3100,浒,1
4733,肝,3931,盱,1
4733,肝,3943,眊,1
4733,肝,3956,眯,1
4733,肝,4754,肿,1
4733,肝,4764,胖,1
4734,肟,4711,聒,1
4735,肠,3505,物,1
4735,肠,3760,畅,1
4735,肠,4736,股,1
4735,肠,4779,胫,1
4736,股,3774,畯,1
4736,股,3957,眵,1
4736,股,3965,睃,1
4736,股,3980,睽,1
4736,股,4828,腙,1
4736,股,4839,腹,1
4736,股,4904,般,1
4736,股,6766,飕,1
4737,肢,2027,战,1
4737,肢,3161,淑,1
4737,肢,4777,胩,1
4737,肢,5776,贬,1
4737,肢,5807,赋,1
4738,肤,4749,肷,1
4738,肤,6217,酰,1
4739,肥,1266,妪,1
4739,肥,4683,耙,1
4740,肩,1423,宥,1
4740,肩,1506,属,1
4740,肩,3963,着,1
4740,肩,4237,窅,1
4740,肩,4929,艰,1
4741,肪,1767,彤,1
4741,肪,2439,昉,1
4741,肪,2473,晗,1
4741,肪,2584,枋,1
4741,肪,3936,盼,1
4741,肪,4743,肭,1
4741,肪,4765,胗,1
4742,肫,2468,晒,1
4742,肫,4739,肥,1
4744,肮,2091,抗,1
4744,肮,2417,既,1
4744,肮,4746,肱,1
4744,肮,4779,胫,1
4744,肮,4785,胲,1
4744,肮,4801,脑,1
4744,肮,4813,脲,1
4744,肮,4902,航,1
4744,肮,6308,钪,1
4745,肯,2421,旨,1
4745,肯,2861,步,1
4745,肯,3938,省,1
4745,肯,4350,箭,1
4745,肯,4727,肓,1
4745,肯,4728,肖,1
4745,肯,4992,苘,1
4745,肯,7168,齿,1
4746,肱,4775,胧,1
4746,肱,4801,脑,1
4747,育,685,吉,1
4747,育,857,商,1
4747,育,1431,宵,1
4747,育,3963,着,1
4747,育,5510,裔,1
4747,育,6902,高,1
4748,肴,1237,奢,1
4748,肴,1423,宥,1
4748,肴,3156,淆,1
4748,肴,3944,看,1
4748,肴,4650,翕,1
4748,肴,5221,蓿,1
4748,肴,7167,齑,1
4750,肺,2111,拂,1
4750,肺,2525,朋,1
4750,肺,3936,盼,1
4750,肺,3956,眯,1
4750,肺,4741,肪,1
4750,肺,4751,肼,1
4750,肺,4757,胂,1
4750,肺,4811,脯,1
4750,肺,4825,腓,1
4752,肽,4762,胍,1
4752,肽,4770,胝,1
4752,肽,4777,胩,1
4752,肽,6205,酞,1
4753,肾,900,喟,1
4753,肾,3065,洚,1
4753,肾,3490,片,1
4753,肾,3950,眢,1
4753,肾,4312,筒,1
4753,肾,5768,贤,1
4754,肿,4737,肢,1
4754,肿,4751,肼,1
4754,肿,4764,胖,1
4754,肿,4817,腆,1
4755,胀,3764,畎,1
4755,胀,4752,肽,1
4755,胀,4777,胩,1
4755,胀,4784,胱,1
4755,胀,4798,脎,1
4755,胀,4802,脒,1
4755,胀,4803,脓,1
4755,胀,4838,腴,1
4755,胀,5770,账,1
4756,胁,858,啉,1
4756,胁,2721,棘,1
4756,胁,3216,湝,1
4756,胁,4743,肭,1
4756,胁,4803,脓,1
4756,胁,5745,豚,1
4757,胂,4750,肺,1
4757,胂,4754,肿,1
4757,胂,4768,胛,1
4758,胃,396,冒,1
4758,胃,1431,宵,1
4758,胃,3728,瓷,1
4758,胃,4171,禺,1
4758,胃,4609,罚,1
4758,胃,4617,罱,1
4758,胃,5362,蜀,1
4758,胃,6644,霄,1
4758,胃,6886,骨,1
4759,胄,1448,寞,1
4759,胄,3525,犭,1
4760,胆,3207,湉,1
4760,胆,4038,砚,1
4760,胆,4831,腥,1
4761,背,1324,婚,1
4761,背,2252,揞,1
4761,背,3680,瑁,1
4761,背,3894,皆,1
4761,背,4728,肖,1
4761,背,4753,肾,1
4761,背,5226,蔚,1
4762,胍,744,呱,1
4762,胍,4770,胝,1
4762,胍,4799,脏,1
4763,胎,4729,肘,1
4763,胎,4734,肟,1
4763,胎,4741,肪,1
4763,胎,4746,肱,1
4763,胎,4786,胳,1
4763,胎,4794,脆,1
4763,胎,4815,脸,1
4763,胎,4824,腒,1
4763,胎,5862,跆,1
4764,胖,3766,畔,1
4764,胖,4182,科,1
4764,胖,4729,肘,1
4764,胖,4791,胼,1
4764,胖,4816,脾,1
4764,胖,5459,衅,1
4765,胗,3769,畛,1
4765,胗,3957,眵,1
4765,胗,5491,袗,1
4766,胙,5133,菲,1
4767,胚,3439,照,1
4767,胚,3940,眇,1
4767,胚,3952,眨,1
4767,胚,4779,胫,1
4767,胚,4795,脉,1
4767,胚,4829,腚,1
4767,胚,4843,腽,1
4767,胚,4845,腿,1
4767,胚,5665,诬,1
4768,胛,4757,胂,1
4769,胜,1153,塍,1
4769,胜,3029,泚,1
4769,胜,3952,眨,1
4769,胜,3955,眭,1
4769,胜,3971,睡,1
4769,胜,4729,肘,1
4769,胜,4730,肚,1
4769,胜,4742,肫,1
4769,胜,4760,胆,1
4769,胜,4845,腿,1
4769,胜,5885,跶,1
4771,胞,3165,淝,1
4771,胞,4760,胆,1
4771,胞,4790,胺,1
4771,胞,4801,脑,1
4771,胞,5776,贬,1
4771,胞,6847,驼,1
4772,胡,3212,湖,1
4774,胥,3782,疋,1
4774,胥,6886,骨,1
4775,胧,2417,既,1
4775,胧,4752,肽,1
4775,胧,4790,胺,1
4775,胧,6575,陇,1
4776,胨,2452,昧,1
4776,胨,4798,脎,1
4777,胩,2529,朕,1
4777,胩,4755,胀,1
4778,胪,4766,胙,1
4779,胫,4786,胳,1
4779,胫,4797,脍,1
4780,胬,4753,肾,1
4780,胬,5160,落,1
4781,胭,4787,胴,1
4782,胯,37,丶,1
4782,胯,2161,挎,1
4782,胯,4765,胗,1
4782,胯,4797,脍,1
4782,胯,4805,脖,1
4782,胯,4859,膨,1
4782,胯,4860,膪,1
4782,胯,6242,醪,1
4783,胰,142,仪,1
4783,胰,4035,砖,1
4783,胰,4830,腠,1
4783,胰,4837,腱,1
4783,胰,4839,腹,1
4783,胰,4855,膜,1
4784,胱,218,佻,1
4784,胱,2469,晓,1
4784,胱,4744,肮,1
4784,胱,4783,胰,1
4785,胲,3953,眩,1
4785,胲,4797,脍,1
4786,胳,3704,璐,1
4786,胳,3900,皓,1
4786,胳,4793,脂,1
4786,胳,6368,铬,1
4787,胴,3067,洞,1
4788,胶,49,么,1
4788,胶,2474,晚,1
4788,胶,3898,皎,1
4788,胶,3952,眨,1
4788,胶,4737,肢,1
4788,胶,4785,胲,1
4788,胶,4790,胺,1
4788,胶,4812,脱,1
4788,胶,5773,贩,1
4788,胶,6224,酸,1
4789,胸,243,侮,1
4789,胸,2468,晒,1
4789,胸,3492,牌,1
4789,胸,4840,腺,1
4789,胸,6762,飑,1
4790,胺,2479,晦,1
4790,胺,3778,畹,1
4790,胺,4736,股,1
4790,胺,4765,胗,1
4790,胺,4788,胶,1
4790,胺,4803,脓,1
4790,胺,4828,腙,1
4790,胺,4836,腰,1
4790,胺,4839,腹,1
4790,胺,6570,陀,1
4791,胼,1645,帡,1
4791,胼,2529,朕,1
4792,能,3779,畿,1
4792,能,5495,袪,1
4792,能,5576,触,1
4792,能,5870,跗,1
4792,能,6629,雏,1
4793,脂,36,临,1
4793,脂,3984,瞄,1
4793,脂,4755,胀,1
4793,脂,4810,脬,1
4793,脂,4814,脶,1
4793,脂,4818,腈,1
4793,脂,4846,膀,1
4793,脂,5896,踏,1
4794,脆,2669,桅,1
4794,脆,4744,肮,1
4794,脆,4786,胳,1
4794,脆,4824,腒,1
4794,脆,4827,腕,1
4794,脆,4932,艴,1
4794,脆,5879,跪,1
4795,脉,1374,孕,1
4795,脉,7152,鼢,1
4796,脊,2523,有,1
4796,脊,3959,眷,1
4796,脊,5633,诋,1
4797,脍,3953,眩,1
4797,脍,4851,膑,1
4798,脎,2475,晞,1
4798,脎,4776,胨,1
4798,脎,4779,胫,1
4798,脎,4802,脒,1
4799,脏,3954,眬,1
4799,脏,3968,睑,1
4799,脏,4742,肫,1
4799,脏,4766,胙,1
4800,脐,3516,犄,1
4800,脐,3860,瘠,1
4800,脐,4782,胯,1
4800,脐,4786,胳,1
4800,脐,4846,膀,1
4801,脑,3143,涨,1
4801,脑,3953,眩,1
4801,脑,3998,瞬,1
4801,脑,4797,脍,1
4801,脑,4799,脏,1
4801,脑,4800,脐,1
4801,脑,4874,臧,1
4801,脑,4913,舷,1
4801,脑,6019,辰,1
4801,脑,6762,飑,1
4802,脒,3967,睐,1
4802,脒,4798,脎,1
4802,脒,4808,脞,1
4803,脓,402,农,1
4803,脓,3513,牿,1
4803,脓,3718,瓞,1
4803,脓,3962,眼,1
4803,脓,4199,秾,1
4803,脓,4826,腔,1
4805,脖,2885,殪,1
4805,脖,3992,瞠,1
4805,脖,4776,胨,1
4805,脖,4828,腙,1
4805,脖,4852,膘,1
4805,脖,6221,酵,1
4807,脚,952,嘟,1
4807,脚,2986,沏,1
4807,脚,4742,肫,1
4808,脞,4769,胜,1
4808,脞,4837,腱,1
4809,脧,4736,股,1
4810,脬,3931,盱,1
4810,脬,4828,腙,1
4810,脬,4834,腭,1
4811,脯,4818,腈,1
4811,脯,4837,腱,1
4811,脯,4870,臌,1
4812,脱,2474,晚,1
4812,脱,2524,朊,1
4812,脱,4712,联,1
4812,脱,6217,酰,1
4814,脶,2008,懒,1
4814,脶,4786,胳,1
4814,脶,4853,膙,1
4815,脸,867,啦,1
4815,脸,3439,照,1
4815,脸,3771,略,1
4815,脸,4779,胫,1
4815,脸,4793,脂,1
4815,脸,4797,脍,1
4815,脸,4915,船,1
4816,脾,1946,惨,1
4816,脾,4801,脑,1
4816,脾,4810,脬,1
4816,脾,6894,髀,1
4817,腆,4713,聘,1
4817,腆,4836,腰,1
4818,腈,1931,情,1
4818,腈,2485,晴,1
4818,腈,4783,胰,1
4818,腈,5421,螣,1
4819,腊,2497,暗,1
4819,腊,3979,睹,1
4819,腊,3984,瞄,1
4819,腊,4922,艏,1
4819,腊,5421,螣,1
4819,腊,6766,飕,1
4820,腋,2468,晒,1
4820,腋,4829,腚,1
4821,腌,3778,畹,1
4821,腌,3954,眬,1
4821,腌,3999,瞭,1
4822,腐,4804,脔,1
4822,腐,5823,赝,1
4822,腐,7091,鹧,1
4822,腐,7099,鹰,1
4823,腑,4743,肭,1
4823,腑,5400,蝣,1
4823,腑,5936,蹰,1
4826,腔,1153,塍,1
4826,腔,2228,控,1
4826,腔,3992,瞠,1
4826,腔,4706,聆,1
4826,腔,4765,胗,1
4826,腔,4790,胺,1
4826,腔,4806,脘,1
4826,腔,4837,腱,1
4827,腕,430,凝,1
4827,腕,2524,朊,1
4827,腕,4790,胺,1
4827,腕,4870,臌,1
4828,腙,4805,脖,1
4828,腙,4806,脘,1
4828,腙,4826,腔,1
4828,腙,4846,膀,1
4828,腙,4852,膘,1
4829,腚,4771,胞,1
4829,腚,4797,脍,1
4829,腚,4806,脘,1
4829,腚,4827,腕,1
4829,腚,6631,雕,1
4830,腠,1342,媵,1
4830,腠,4783,胰,1
4831,腥,2508,曜,1
4831,腥,4808,脞,1
4831,腥,4816,脾,1
4831,腥,4845,腿,1
4833,腩,4811,脯,1
4833,腩,4848,膈,1
4835,腮,2603,枳,1
4835,腮,3697,璁,1
4835,腮,4817,腆,1
4835,腮,4831,腥,1
4835,腮,6440,锶,1
4835,腮,6999,鳃,1
4836,腰,1257,妖,1
4836,腰,3997,瞪,1
4836,腰,4790,胺,1
4836,腰,4860,膪,1
4836,腰,5745,豚,1
4837,腱,3519,犍,1
4838,腴,3985,瞅,1
4838,腴,3987,瞍,1
4839,腹,1965,愎,1
4839,腹,4815,脸,1
4839,腹,4843,腽,1
4839,腹,4861,膳,1
4839,腹,5776,贬,1
4839,腹,6764,飓,1
4840,腺,3249,滁,1
4840,腺,4786,胳,1
4840,腺,4828,腙,1
4840,腺,5955,躲,1
4841,腻,4870,臌,1
4841,腻,5384,蜮,1
4842,腼,4801,脑,1
4844,腾,3259,滕,1
4844,腾,4003,瞻,1
4844,腾,4783,胰,1
4844,腾,4818,腈,1
4844,腾,4819,腊,1
4844,腾,4856,膝,1
4845,腿,3445,煺,1
4845,腿,4835,腮,1
4845,腿,4837,腱,1
4845,腿,4919,艇,1
4845,腿,5371,蜒,1
4845,腿,6765,飔,1
4845,腿,6770,飚,1
4846,膀,828,唁,1
4846,膀,4003,瞻,1
4846,膀,4765,胗,1
4846,膀,4782,胯,1
4846,膀,4836,腰,1
4846,膀,4861,膳,1
4846,膀,4868,臆,1
4847,膂,2414,旖,1
4847,膂,4324,筲,1
4849,膊,590,博,1
4849,膊,2803,槽,1
4850,膏,5253,蕾,1
4851,膑,4829,腚,1
4852,膘,1140,堙,1
4852,膘,2509,曝,1
4853,膙,3996,瞩,1
4854,膛,3980,睽,1
4854,膛,3997,瞪,1
4854,膛,4766,胙,1
4854,膛,4826,腔,1
4855,膜,4854,膛,1
4856,膝,2510,曦,1
4856,膝,2534,朦,1
4856,膝,3980,睽,1
4856,膝,3997,瞪,1
4856,膝,4776,胨,1
4856,膝,4805,脖,1
4856,膝,4830,腠,1
4856,膝,4852,膘,1
4858,膦,3259,滕,1
4858,膦,4837,腱,1
4859,膨,2483,晰,1
4861,膳,3988,瞎,1
4861,膳,4764,胖,1
4861,膳,4818,腈,1
4865,臁,4867,臃,1
4865,臁,4871,臑,1
4866,臂,850,唷,1
4866,臂,1179,壁,1
4866,臂,4385,簪,1
4866,臂,6906,髫,1
4868,臆,1778,役,1
4868,臆,4788,胶,1
4868,臆,4820,腋,1
4868,臆,4846,膀,1
4868,臆,4854,膛,1
4869,臊,1179,壁,1
4869,臊,3967,睐,1
4869,臊,3978,睬,1
4869,臊,4798,脎,1
4869,臊,4810,脬,1
4869,臊,4829,腚,1
4871,臑,4848,膈,1
4872,臜,5950,躜,1
4873,臣,6090,逵,1
4873,臣,6771,飞,1
4874,臧,5648,诚,1
4875,自,553,匈,1
4875,自,1012,囱,1
4875,自,3744,甪,1
4875,自,3891,百,1
4875,自,5952,身,1
4876,臬,2572,杲,1
4877,臭,638,县,1
4877,臭,1231,奕,1
4877,臭,3892,皂,1
4877,臭,4876,臬,1
4878,至,41,主,1
4878,至,726,呈,1
4878,至,1046,坌,1
4878,至,1263,妥,1
4878,至,1472,尘,1
4878,至,1814,忍,1
4878,至,4879,致,1
4878,至,5740,豆,1
4878,至,6838,驳,1
4879,致,1745,弥,1
4879,致,2358,政,1
4879,致,2368,敛,1
4879,致,2373,敦,1
4879,致,2888,段,1
4879,致,3504,牧,1
4879,致,4478,纹,1
4880,臻,6001,辑,1
4881,臼,184,伺,1
4881,臼,2512,曰,1
4881,臼,3028,泗,1
4881,臼,3890,白,1
4881,臼,4883,舀,1
4881,臼,5457,血,1
4882,臾,4888,舆,1
4883,舀,573,匾,1
4883,舀,2368,敛,1
4883,舀,3258,滔,1
4883,舀,5689,谄,1
4885,舂,2451,春,1
4885,舂,3415,焉,1
4887,舅,2404,旁,1
4887,舅,2511,曩,1
4888,舆,2379,敷,1
4889,舌,25,丢,1
4889,舌,193,佐,1
4889,舌,444,击,1
4889,舌,668,台,1
4889,舌,684,合,1
4889,舌,705,否,1
4889,舌,1185,壬,1
4889,舌,1281,委,1
4889,舌,3909,盂,1
4890,舍,3775,畲,1
4890,舍,4290,笤,1
4890,舍,4436,系,1
4890,舍,5479,衾,1
4890,舍,5581,言,1
4891,舐,3687,瑜,1
4891,舐,4415,粼,1
4891,舐,4477,纸,1
4892,舒,4307,筋,1
4892,舒,5460,行,1
4892,舒,6393,锅,1
4893,舔,4545,绿,1
4894,舛,2867,歼,1
4894,舛,2996,沣,1
4895,舜,260,俞,1
4895,舜,879,啻,1
4895,舜,3287,漪,1
4895,舜,5494,袤,1
4895,舜,6146,邹,1
4896,舞,3722,瓤,1
4896,舞,3768,畚,1
4896,舞,4266,章,1
4896,舞,4895,舜,1
4897,舟,552,匆,1
4897,舟,2556,村,1
4897,舟,4696,耳,1
4899,舢,467,删,1
4899,舢,4907,舰,1
4901,舨,2856,歌,1
4902,航,2270,搅,1
4902,航,4716,聪,1
4902,航,4908,舱,1
4902,航,4913,舷,1
4902,航,5573,觞,1
4903,舫,4914,舸,1
4903,舫,4918,艄,1
4904,般,2363,敏,1
4904,般,2889,殷,1
4904,般,3659,琏,1
4904,般,4198,秽,1
4904,般,4736,股,1
4904,般,4792,能,1
4904,般,4915,船,1
4904,般,6445,锻,1
4904,般,7065,鹅,1
4906,舯,4913,舷,1
4906,舯,4916,舻,1
4906,舯,5576,触,1
4907,舰,3901,皖,1
4907,舰,3941,眈,1
4907,舰,4902,航,1
4907,舰,4905,舭,1
4907,舰,5828,赢,1
4908,舱,4206,税,1
4908,舱,4907,舰,1
4908,舱,4911,舵,1
4908,舱,5861,跄,1
4909,舳,9,丌,1
4909,舳,4705,聃,1
4909,舳,4899,舢,1
4911,舵,6445,锻,1
4911,舵,7056,鸼,1
4912,舶,1319,婀,1
4912,舶,2435,昀,1
4912,舶,4908,舱,1
4912,舶,4915,船,1
4912,舶,6950,鲌,1
4913,舷,1345,嫁,1
4913,舷,3953,眩,1
4913,舷,4902,航,1
4913,舷,4920,艉,1
4915,船,4709,职,1
4915,船,4903,舫,1
4915,船,4904,般,1
4915,船,7056,鸼,1
4916,舻,6140,邱,1
4917,舾,4914,舸,1
4917,舾,7155,鼬,1
4918,艄,4922,艏,1
4918,艄,5752,豸,1
4919,艇,4845,腿,1
4919,艇,4898,舡,1
4920,艉,4913,舷,1
4920,艉,6925,魄,1
4921,艋,5380,蜢,1
4923,艘,2290,搿,1
4923,艘,7018,鳗,1
4926,艨,3296,潆,1
4926,艨,5448,蠓,1
4927,艮,3365,炅,1
4928,良,651,变,1
4928,良,1194,复,1
4928,良,1430,宴,1
4928,良,1687,应,1
4928,良,2042,戾,1
4928,良,2920,民,1
4928,良,4927,艮,1
4928,良,7104,鹿,1
4929,艰,1088,垠,1
4929,艰,1312,娥,1
4929,艰,1887,恨,1
4929,艰,4194,积,1
4929,艰,6972,鲧,1
4930,色,126,仑,1
4930,色,127,仓,1
4930,色,1525,岔,1
4930,色,1948,惫,1
4930,色,4278,笆,1
4930,色,7184,龟,1
4931,艳,2181,挹,1
4931,艳,3264,滟,1
4931,艳,4932,艴,1
4931,艳,5959,轧,1
4931,艳,6371,铯,1
4934,艺,14,专,1
4934,艺,93,亡,1
4934,艺,359,先,1
4934,艺,3677,琶,1
4936,艾,379,兴,1
4936,艾,670,史,1
4936,艾,4953,芟,1
4936,艾,4976,苁,1
4937,艿,4944,芎,1
4937,艿,4957,芦,1
4937,艿,4958,芨,1
4938,节,76,予,1
4938,节,1187,声,1
4938,节,4937,艿,1
4938,节,4977,苄,1
4939,芄,4935,艽,1
4940,芈,2894,毋,1
4940,芈,4933,艹,1
4941,芊,4275,竿,1
4941,芊,5008,苹,1
4941,芊,6011,辛,1
4942,芋,43,举,1
4942,芋,381,其,1
4942,芋,1187,声,1
4942,芋,4944,芎,1
4942,芋,4948,芗,1
4942,芋,4974,芽,1
4943,芍,4958,芨,1
4943,芍,4969,芴,1
4943,芍,4992,苘,1
4943,芍,5047,荀,1
4943,芍,5078,药,1
4944,芎,1751,弯,1
4944,芎,4963,芭,1
4944,芎,4968,芳,1
4945,芏,4878,至,1
4945,芏,4947,芒,1
4946,芑,1896,恶,1
4946,芑,4934,艺,1
4946,芑,4944,芎,1
4947,芒,363,兑,1
4947,芒,4934,艺,1
4947,芒,4971,芸,1
4947,芒,5021,茎,1
4948,芗,4969,芴,1
4949,芘,4960,芪,1
4949,芘,5018,茈,1
4949,芘,5110,莼,1
4950,芙,378,关,1
4950,芙,1095,垩,1
4950,芙,4439,索,1
4950,芙,4951,芜,1
4950,芙,4982,苌,1
4950,芙,5202,蓂,1
4951,芜,4950,芙,1
4951,芜,4955,芤,1
4951,芜,4971,芸,1
4951,芜,5056,荒,1
4951,芜,5060,荛,1
4951,芜,5241,蕊,1
4952,芝,4934,艺,1
4952,芝,4945,芏,1
4952,芝,4946,芑,1
4952,芝,4971,芸,1
4952,芝,5036,茭,1
4952,芝,5105,莶,1
4953,芟,5006,苴,1
4954,芡,5100,莰,1
4955,芤,3089,浆,1
4956,芥,3728,瓷,1
4956,芥,4938,节,1
4956,芥,4960,芪,1
4956,芥,5051,荇,1
4956,芥,5064,荠,1
4957,芦,68,乡,1
4957,芦,1187,声,1
4957,芦,4938,节,1
4957,芦,4984,苎,1
4958,芨,5189,蒙,1
4959,芩,3675,琴,1
4959,芩,4988,苓,1
4959,芩,7058,鸾,1
4960,芪,4367,篦,1
4960,芪,4949,芘,1
4960,芪,4967,花,1
4960,芪,5034,茫,1
4961,芫,5056,荒,1
4962,芬,152,份,1
4962,芬,530,劳,1
4962,芬,640,参,1
4962,芬,1684,庐,1
4962,芬,4979,苈,1
4962,芬,4985,苏,1
4962,芬,5021,茎,1
4962,芬,5027,茗,1
4962,芬,5054,荐,1
4963,芭,447,凿,1
4963,芭,3483,爸,1
4963,芭,3910,盅,1
4963,芭,4278,笆,1
4963,芭,4930,色,1
4963,芭,4946,芑,1
4963,芭,4995,苞,1
4963,芭,5025,茔,1
4963,芭,5175,葱,1
4964,芮,5104,莴,1
4965,芯,778,咫,1
4965,芯,1816,忐,1
4965,芯,1817,忑,1
4965,芯,1820,志,1
4965,芯,4984,苎,1
4966,芰,4953,芟,1
4966,芰,5036,茭,1
4967,花,402,农,1
4967,花,4668,老,1
4967,花,4960,芪,1
4967,花,5034,茫,1
4967,花,5044,茹,1
4967,花,5110,莼,1
4968,芳,1738,弓,1
4968,芳,2703,梦,1
4968,芳,2861,步,1
4968,芳,4306,等,1
4968,芳,4937,艿,1
4968,芳,4948,芗,1
4968,芳,4956,芥,1
4968,芳,4962,芬,1
4968,芳,4971,芸,1
4968,芳,5001,若,1
4968,芳,5024,茓,1
4968,芳,5027,茗,1
4968,芳,5055,荑,1
4968,芳,6710,音,1
4969,芴,4962,芬,1
4969,芴,4996,苟,1
4969,芴,5078,药,1
4970,芷,6054,述,1
4971,芸,4944,芎,1
4971,芸,4961,芫,1
4971,芸,4968,芳,1
4971,芸,5049,荄,1
4971,芸,5257,薏,1
4972,芹,1738,弓,1
4972,芹,4938,节,1
4972,芹,4974,芽,1
4972,芹,5051,荇,1
4972,芹,5144,萍,1
4973,芼,4284,笔,1
4974,芽,1,一,1
4974,芽,5015,茅,1
4974,芽,5090,莘,1
4974,芽,5097,莩,1
4974,芽,5123,菜,1
4975,芾,4314,策,1
4975,芾,4979,苈,1
4975,芾,5010,茀,1
4978,苇,1743,弟,1
4978,苇,4409,粪,1
4978,苇,4624,羊,1
4978,苇,5055,荑,1
4978,苇,5095,莠,1
4978,苇,5154,萧,1
4978,苇,6702,韦,1
4979,苈,5016,茆,1
4979,苈,5290,虏,1
4981,苋,3467,燕,1
4981,苋,4285,笕,1
4981,苋,5560,览,1
4982,苌,28,丧,1
4982,苌,4950,芙,1
4982,苌,4972,芹,1
4983,苍,127,仓,1
4983,苍,4668,老,1
4983,苍,4989,苔,1
4983,苍,5048,荃,1
4983,苍,5105,莶,1
4985,苏,2897,毐,1
4985,苏,3441,煮,1
4985,苏,4974,芽,1
4985,苏,5011,茁,1
4985,苏,5024,茓,1
4985,苏,5044,茹,1
4985,苏,5057,荔,1
4985,苏,5137,菽,1
4986,苑,796,哉,1
4986,苑,3350,灌,1
4986,苑,5013,范,1
4986,苑,5110,莼,1
4986,苑,5171,葩,1
4987,苒,395,再,1
4988,苓,5021,茎,1
4988,苓,5063,荟,1
4989,苔,415,冶,1
4989,苔,668,台,1
4989,苔,4288,笞,1
4989,苔,4960,芪,1
4989,苔,4990,苕,1
4989,苔,5007,苷,1
4989,苔,5021,茎,1
4989,苔,5027,茗,1
4989,苔,5088,莒,1
4989,苔,5089,莓,1
4989,苔,5105,莶,1
4989,苔,5129,菩,1
4990,苕,5003,苫,1
4990,苕,5024,茓,1
4990,苕,5027,茗,1
4990,苕,5088,莒,1
4991,苗,589,南,1
4991,苗,790,品,1
4991,苗,4965,芯,1
4991,苗,4969,芴,1
4991,苗,4992,苘,1
4991,苗,5028,茚,1
4991,苗,5040,茴,1
4991,苗,5046,茼,1
4991,苗,5053,荏,1
4991,苗,5108,莹,1
4991,苗,5117,菊,1
4991,苗,5135,菹,1
4991,苗,5140,萄,1
4991,苗,5141,萆,1
4991,苗,5362,蜀,1
4991,苗,6570,陀,1
4992,苘,5040,茴,1
4992,苘,5162,葑,1
4993,苛,667,可,1
4993,苛,1071,坷,1
4993,苛,1381,孝,1
4993,苛,1533,岢,1
4993,苛,3614,玚,1
4993,苛,4944,芎,1
4993,苛,4969,芴,1
4993,苛,5007,苷,1
4994,苜,4933,艹,1
4994,苜,4989,苔,1
4994,苜,5006,苴,1
4994,苜,5009,苻,1
4994,苜,5041,茵,1
4994,苜,5046,茼,1
4994,苜,5047,荀,1
4995,苞,447,凿,1
4995,苞,1689,庖,1
4995,苞,4996,苟,1
4996,苟,675,司,1
4996,苟,1127,埼,1
4996,苟,4298,笱,1
4996,苟,5027,茗,1
4996,苟,5040,茴,1
4996,苟,5071,荨,1
4996,苟,5362,蜀,1
4997,苠,5029,茛,1
4997,苠,5288,虍,1
4998,苡,4949,芘,1
4999,苣,4983,苍,1
5001,若,2520,替,1
5001,若,3944,看,1
5001,若,4669,考,1
5001,若,5022,茏,1
5001,若,5035,茬,1
5002,苦,1381,孝,1
5002,苦,4411,粱,1
5002,苦,4935,艽,1
5002,苦,4937,艿,1
5002,苦,4990,苕,1
5002,苦,5088,莒,1
5002,苦,5129,菩,1
5003,苫,99,亨,1
5003,苫,727,告,1
5003,苫,2441,昌,1
5003,苫,4948,芗,1
5003,苫,4966,芰,1
5003,苫,4989,苔,1
5003,苫,4990,苕,1
5003,苫,5051,荇,1
5003,苫,5084,莅,1
5003,苫,5186,蒌,1
5004,苯,2613,某,1
5004,苯,2617,柔,1
5004,苯,4293,笨,1
5004,苯,4975,芾,1
5004,苯,4985,苏,1
5004,苯,5038,茱,1
5004,苯,5101,莱,1
5004,苯,5139,萃,1
5004,苯,6015,辣,1
5005,英,1221,奂,1
5005,英,4950,芙,1
5005,英,4954,芡,1
5005,英,5018,茈,1
5005,英,5070,荧,1
5005,英,5099,莫,1
5005,英,5163,葖,1
5005,英,6713,页,1
5006,苴,5157,萱,1
5007,苷,5083,荽,1
5008,苹,43,举,1
5008,苹,77,争,1
5008,苹,1428,宰,1
5008,苹,4236,窄,1
5008,苹,4624,羊,1
5008,苹,4941,芊,1
5008,苹,4974,芽,1
5008,苹,5052,草,1
5008,苹,5744,豕,1
5008,苹,6011,辛,1
5009,苻,4993,苛,1
5009,苻,5161,葆,1
5010,茀,1740,弗,1
5010,茀,4978,苇,1
5011,茁,443,出,1
5011,茁,1895,恳,1
5011,茁,2382,斌,1
5011,茁,4978,苇,1
5011,茁,4982,苌,1
5011,茁,5000,苤,1
5011,茁,5027,茗,1
5011,茁,5038,茱,1
5011,茁,5111,莽,1
5011,茁,5122,菘,1
5011,茁,5127,菡,1
5011,茁,5134,菸,1
5011,茁,5241,蕊,1
5011,茁,6732,颈,1
5011,茁,7168,齿,1
5012,茂,4302,笼,1
5012,茂,5002,苦,1
5012,茂,5098,莪,1
5012,茂,5223,蔑,1
5013,范,4949,芘,1
5013,范,4981,苋,1
5013,范,5034,茫,1
5013,范,5039,茳,1
5013,范,5110,莼,1
5013,范,6713,页,1
5014,茄,42,丽,1
5014,茄,4975,芾,1
5014,茄,5086,莉,1
5015,茅,4968,芳,1
5015,茅,5071,荨,1
5015,茅,5123,菜,1
5015,茅,5192,蒡,1
5017,茇,5124,菝,1
5018,茈,4960,芪,1
5019,茉,2615,柒,1
5019,茉,4402,粜,1
5019,茉,4978,苇,1
5019,茉,4985,苏,1
5019,茉,5154,萧,1
5020,茌,5031,茝,1
5020,茌,5035,茬,1
5021,茎,1488,尽,1
5021,茎,4308,筌,1
5021,茎,4988,苓,1
5021,茎,5000,苤,1
5021,茎,5048,荃,1
5021,茎,5072,荩,1
5022,茏,1302,娈,1
5022,茏,5017,茇,1
5022,茏,5036,茭,1
5024,茓,3072,洪,1
5024,茓,3396,烘,1
5025,茔,5151,萤,1
5027,茗,4962,芬,1
5027,茗,5036,茭,1
5028,茚,4996,苟,1
5029,茛,5088,莒,1
5030,茜,5253,蕾,1
5031,茝,5225,蔗,1
5032,茧,3254,滍,1
5032,茧,4982,苌,1
5032,茧,5127,菡,1
5032,茧,5136,菼,1
5032,茧,5151,萤,1
5033,茨,3357,灰,1
5033,茨,5024,茓,1
5033,茨,5100,莰,1
5033,茨,5188,蒗,1
5034,茫,3133,涝,1
5034,茫,5084,莅,1
5034,茫,5136,菼,1
5034,茫,5210,蓓,1
5034,茫,6577,陉,1
5035,茬,1617,差,1
5035,茬,5007,苷,1
5035,茬,5053,荏,1
5035,茬,5136,菼,1
5035,茬,5170,董,1
5036,茭,5136,菼,1
5036,茭,5163,葖,1
5037,茯,5106,获,1
5038,茱,892,喋,1
5038,茱,1644,帝,1
5038,茱,5005,英,1
5038,茱,5019,茉,1
5038,茱,5123,菜,1
5040,茴,2421,旨,1
5040,茴,3891,百,1
5040,茴,4991,苗,1
5040,茴,5006,苴,1
5040,茴,5031,茝,1
5040,茴,5041,茵,1
5040,茴,5046,茼,1
5040,茴,5047,荀,1
5040,茴,5118,菌,1
5040,茴,5135,菹,1
5040,茴,5140,萄,1
5040,茴,5234,蔺,1
5040,茴,6195,酋,1
5041,茵,4875,自,1
5041,茵,4990,苕,1
5041,茵,4991,苗,1
5041,茵,5089,莓,1
5041,茵,6195,酋,1
5042,茶,1460,导,1
5042,茶,1892,恭,1
5042,茶,2733,棻,1
5042,茶,5037,茯,1
5042,茶,5097,莩,1
5042,茶,5101,莱,1
5042,茶,5123,菜,1
5042,茶,5148,萘,1
5043,茸,2897,毐,1
5043,茸,5006,苴,1
5043,茸,5007,苷,1
5043,茸,5083,荽,1
5043,茸,5180,葺,1
5043,茸,5204,蓇,1
5043,茸,6989,鲸,1
5044,茹,5105,莶,1
5044,茹,5122,菘,1
5044,茹,5241,蕊,1
5044,茹,5969,轱,1
5045,茺,4951,芜,1
5045,茺,4980,苊,1
5045,茺,5110,莼,1
5046,茼,4996,苟,1
5046,茼,5047,荀,1
5046,茼,5140,萄,1
5047,荀,4992,苘,1
5047,荀,5140,萄,1
5047,荀,5169,葡,1
5047,荀,5234,蔺,1
5047,荀,7044,鸯,1
5048,荃,5021,茎,1
5049,荄,5063,荟,1
5049,荄,5090,莘,1
5050,荆,489,削,1
5050,荆,496,剖,1
5050,荆,2532,朝,1
5050,荆,5086,莉,1
5050,荆,5195,蒴,1
5051,荇,4669,考,1
5052,草,586,卓,1
5052,草,1298,娄,1
5052,草,4987,苒,1
5052,草,5069,荦,1
5052,草,5071,荨,1
5053,荏,192,住,1
5053,荏,2666,桂,1
5053,荏,5110,莼,1
5053,荏,5219,蓰,1
5054,荐,1376,存,1
5054,荐,1381,孝,1
5054,荐,1957,惹,1
5054,荐,4292,符,1
5054,荐,4980,苊,1
5054,荐,5001,若,1
5054,荐,5035,茬,1
5054,荐,5057,荔,1
5054,荐,5164,著,1
5054,荐,5185,蒋,1
5055,荑,1215,夷,1
5056,荒,1881,恚,1
5056,荒,4638,羲,1
5056,荒,4951,芜,1
5056,荒,4955,芤,1
5056,荒,5049,荄,1
5056,荒,5062,荞,1
5056,荒,5112,菀,1
5056,荒,5209,蓑,1
5056,荒,5502,裁,1
5057,荔,1390,孬,1
5057,荔,4193,秭,1
5057,荔,5104,莴,1
5057,荔,5155,萨,1
5058,荙,6067,选,1
5059,荚,4393,类,1
5059,荚,4982,苌,1
5059,荚,5055,荑,1
5059,荚,5083,荽,1
5059,荚,5177,葵,1
5059,荚,5227,蔟,1
5061,荜,4316,筚,1
5062,荞,385,养,1
5062,荞,4977,苄,1
5062,荞,5095,莠,1
5062,荞,5129,菩,1
5062,荞,5134,菸,1
5064,荠,5015,茅,1
5064,荠,5083,荽,1
5064,荠,5113,菁,1
5064,荠,5262,薪,1
5065,荡,5146,萏,1
5065,荡,5236,蔼,1
5065,荡,6918,鬲,1
5066,荣,22,东,1
5066,荣,105,亲,1
5066,荣,1085,垛,1
5066,荣,4435,糸,1
5066,荣,5004,苯,1
5066,荣,5019,茉,1
5066,荣,5042,茶,1
5066,荣,5043,茸,1
5066,荣,5068,荥,1
5066,荣,5153,萦,1
5067,荤,1076,垄,1
5067,荤,2471,晕,1
5067,荤,5043,茸,1
5067,荤,5083,荽,1
5067,荤,5108,莹,1
5067,荤,5141,萆,1
5067,荤,5239,蕈,1
5067,荤,5254,薄,1
5067,荤,5991,辇,1
5068,荥,3047,泶,1
5068,荥,5066,荣,1
5069,荦,5025,茔,1
5069,荦,5052,草,1
5069,荦,5141,萆,1
5070,荧,862,啖,1
5070,荧,4969,芴,1
5070,荧,5026,茕,1
5070,荧,5151,萤,1
5070,荧,5509,裒,1
5073,荪,2727,森,1
5073,荪,5190,蒜,1
5074,荫,4987,苒,1
5074,荫,5191,蒟,1
5075,荬,5005,英,1
5077,荮,5087,莎,1
5077,荮,5162,葑,1
5078,药,2080,技,1
5078,药,5054,荐,1
5079,荷,4979,苈,1
5079,荷,5051,荇,1
5079,荷,5057,荔,1
5079,荷,5172,葫,1
5080,荸,2819,橐,1
5080,荸,5097,莩,1
5080,荸,5153,萦,1
5080,荸,5192,蒡,1
5080,荸,5201,蓁,1
5080,荸,5268,藁,1
5081,荻,5107,莸,1
5082,荼,2733,棻,1
5082,荼,5042,茶,1
5083,荽,5142,萋,1
5083,荽,5186,蒌,1
5084,莅,5003,苫,1
5084,莅,5210,蓓,1
5085,莆,5004,苯,1
5085,莆,5098,莪,1
5085,莆,5113,菁,1
5085,莆,5164,著,1
5085,莆,5277,藩,1
5085,莆,7139,黹,1
5086,莉,471,别,1
5086,莉,4967,花,1
5086,莉,5050,荆,1
5086,莉,5079,荷,1
5086,莉,5195,蒴,1
5087,莎,4948,芗,1
5087,莎,5034,茫,1
5088,莒,5003,苫,1
5088,莒,5212,蓝,1
5089,莓,5140,萄,1
5090,莘,5139,萃,1
5091,莙,1190,壹,1
5092,莛,5102,莲,1
5093,莜,2089,投,1
5093,莜,5126,菠,1
5095,莠,5145,萎,1
5095,莠,5207,蓍,1
5096,莨,5115,菅,1
5096,莨,5188,蒗,1
5096,莨,5211,蓖,1
5097,莩,1389,孪,1
5097,莩,1466,尊,1
5097,莩,5083,荽,1
5098,莪,2038,戳,1
5098,莪,5137,菽,1
5099,莫,588,卖,1
5099,莫,1236,奠,1
5099,莫,3382,炱,1
5099,莫,3892,皂,1
5099,莫,5049,荄,1
5099,莫,5136,菼,1
5099,莫,5163,葖,1
5100,莰,5158,萸,1
5101,莱,1459,寻,1
5101,莱,2744,椠,1
5101,莱,4405,粟,1
5101,莱,4718,聿,1
5101,莱,5010,茀,1
5101,莱,5019,茉,1
5101,莱,5060,荛,1
5101,莱,5113,菁,1
5101,莱,5242,蕖,1
5101,莱,6673,革,1
5102,莲,1170,墓,1
5102,莲,3198,渫,1
5102,莲,4371,篷,1
5102,莲,4873,臣,1
5102,莲,5212,蓝,1
5102,莲,6057,迸,1
5102,莲,6115,遴,1
5104,莴,5167,葛,1
5105,莶,1147,堲,1
5105,莶,1328,婪,1
5105,莶,4988,苓,1
5105,莶,6963,鲞,1
5106,获,384,兹,1
5106,获,2902,毖,1
5106,获,3373,炙,1
5106,获,3586,献,1
5106,获,5037,茯,1
5107,莸,5136,菼,1
5108,莹,1190,壹,1
5108,莹,5025,茔,1
5108,莹,5151,萤,1
5108,莹,5153,萦,1
5108,莹,5163,葖,1
5109,莺,5152,营,1
5109,莺,5178,葶,1
5109,莺,5192,蒡,1
5109,莺,5239,蕈,1
5109,莺,7058,鸾,1
5110,莼,4973,芼,1
5110,莼,5058,荙,1
5111,莽,385,养,1
5111,莽,5004,苯,1
5113,菁,1731,弄,1
5114,菂,4998,苡,1
5114,菂,5078,药,1
5115,菅,5025,茔,1
5115,菅,5157,萱,1
5116,菇,648,叔,1
5116,菇,5027,茗,1
5116,菇,5073,荪,1
5116,菇,5076,荭,1
5116,菇,5131,菰,1
5116,菇,5149,萜,1
5117,菊,530,劳,1
5117,菊,589,南,1
5117,菊,2519,曾,1
5117,菊,5118,菌,1
5117,菊,5140,萄,1
5118,菌,1008,囤,1
5118,菌,4991,苗,1
5118,菌,4995,苞,1
5118,菌,5047,荀,1
5118,菌,5117,菊,1
5118,菌,5254,薄,1
5119,菏,619,厉,1
5119,菏,1127,埼,1
5119,菏,1473,尚,1
5119,菏,4298,笱,1
5120,菔,5126,菠,1
5121,菖,3917,盏,1
5121,菖,4944,芎,1
5121,菖,5088,莒,1
5121,菖,5167,葛,1
5121,菖,5247,蕰,1
5122,菘,5044,茹,1
5123,菜,1459,寻,1
5123,菜,1544,岽,1
5123,菜,4402,粜,1
5123,菜,4977,苄,1
5123,菜,5071,荨,1
5123,菜,5097,莩,1
5123,菜,5180,葺,1
5123,菜,5186,蒌,1
5123,菜,5197,蒹,1
5123,菜,5201,蓁,1
5123,菜,5242,蕖,1
5123,菜,5262,薪,1
5123,菜,5268,藁,1
5125,菟,5072,荩,1
5126,菠,3149,液,1
5126,菠,3807,疲,1
5126,菠,3845,痿,1
5126,菠,5158,萸,1
5126,菠,5188,蒗,1
5126,菠,5194,蒲,1
5127,菡,5011,茁,1
5127,菡,5196,蒸,1
5129,菩,910,喾,1
5129,菩,4029,砉,1
5129,菩,5021,茎,1
5129,菩,5184,蒉,1
5129,菩,5192,蒡,1
5129,菩,5205,蓉,1
5131,菰,5230,蔬,1
5132,菱,4966,芰,1
5132,菱,5049,荄,1
5132,菱,5083,荽,1
5132,菱,5136,菼,1
5132,菱,5178,葶,1
5132,菱,5474,衮,1
5132,菱,7113,麦,1
5133,菲,2552,杌,1
5133,菲,4436,系,1
5133,菲,4615,罪,1
5133,菲,5149,萜,1
5133,菲,6668,非,1
5133,菲,6669,靠,1
5135,菹,5006,苴,1
5136,菼,5198,蒺,1
5138,萁,388,冀,1
5138,萁,4393,类,1
5138,萁,5099,莫,1
5138,萁,5166,葚,1
5138,萁,5202,蓂,1
5139,萃,5004,苯,1
5140,萄,4542,综,1
5140,萄,5047,荀,1
5140,萄,5089,莓,1
5140,萄,5183,蒈,1
5140,萄,5234,蔺,1
5141,萆,5254,薄,1
5142,萋,5197,蒹,1
5143,萌,2442,明,1
5143,萌,5114,菂,1
5143,萌,5191,蒟,1
5143,萌,5234,蔺,1
5144,萍,1696,庠,1
5144,萍,3058,洋,1
5144,萍,3130,涕,1
5144,萍,3172,淬,1
5144,萍,3257,滓,1
5144,萍,5104,莴,1
5145,萎,478,券,1
5145,萎,1281,委,1
5145,萎,4360,篓,1
5145,萎,5196,蒸,1
5145,萎,5243,蕙,1
5145,萎,5805,赉,1
5146,萏,2421,旨,1
5146,萏,2445,昔,1
5146,萏,4883,舀,1
5146,萏,5152,营,1
5147,萑,5031,茝,1
5147,萑,5053,荏,1
5148,萘,5042,茶,1
5150,萝,879,啻,1
5150,萝,1195,夏,1
5150,萝,4966,芰,1
5150,萝,5097,莩,1
5150,萝,5141,萆,1
5150,萝,5179,葸,1
5151,萤,4944,芎,1
5151,萤,5108,莹,1
5151,萤,5152,营,1
5151,萤,5188,蒗,1
5151,萤,5211,蓖,1
5152,营,910,喾,1
5152,营,3497,牚,1
5152,营,5023,茑,1
5152,营,5088,莒,1
5152,营,5109,莺,1
5152,营,5121,菖,1
5152,营,5149,萜,1
5152,营,5253,蕾,1
5152,营,5789,费,1
5153,萦,1379,孛,1
5153,萦,4439,索,1
5153,萦,5189,蒙,1
5154,萧,4247,窜,1
5154,萧,4657,翥,1
5154,萧,4720,肃,1
5154,萧,5071,荨,1
5154,萧,5101,莱,1
5154,萧,5265,薰,1
5154,萧,5266,薷,1
5154,萧,7139,黹,1
5155,萨,3098,浐,1
5155,萨,5093,莜,1
5155,萨,5160,落,1
5156,萩,3840,痰,1
5156,萩,5081,荻,1
5156,萩,5222,蔌,1
5157,萱,5267,薹,1
5158,萸,5075,荬,1
5158,萸,5220,蓼,1
5159,萼,964,嘻,1
5160,落,626,厝,1
5160,落,1098,垮,1
5160,落,1127,埼,1
5160,落,1155,塔,1
5160,落,5034,茫,1
5160,落,5709,谙,1
5160,落,5882,路,1
5163,葖,4234,突,1
5163,葖,5075,荬,1
5163,葖,5158,萸,1
5163,葖,5205,蓉,1
5164,著,3944,看,1
5164,著,4671,者,1
5164,著,5091,莙,1
5164,著,5113,菁,1
5164,著,5205,蓉,1
5164,著,5214,蓠,1
5164,著,5238,蕃,1
5164,著,5277,藩,1
5164,著,6710,音,1
5165,葙,2738,植,1
5165,葙,4687,耥,1
5166,葚,3738,甚,1
5167,葛,983,噶,1
5167,葛,5030,茜,1
5167,葛,5104,莴,1
5167,葛,5118,菌,1
5167,葛,5140,萄,1
5167,葛,5180,葺,1
5167,葛,5203,蓄,1
5167,葛,5204,蓇,1
5167,葛,5264,薯,1
5167,葛,6648,霉,1
5169,葡,5234,蔺,1
5170,董,4029,砉,1
5170,董,4265,竟,1
5170,董,4268,童,1
5170,董,5157,萱,1
5172,葫,4772,胡,1
5172,葫,5046,茼,1
5172,葫,6163,郚,1
5173,葬,5139,萃,1
5173,葬,5274,藜,1
5175,葱,1886,恧,1
5175,葱,1921,悫,1
5175,葱,1983,慕,1
5175,葱,2367,教,1
5175,葱,3296,潆,1
5175,葱,5209,蓑,1
5175,葱,5243,蕙,1
5176,葳,5182,蒇,1
5177,葵,2835,檠,1
5177,葵,3597,獒,1
5177,葵,5163,葖,1
5177,葵,5202,蓂,1
5178,葶,5080,荸,1
5178,葶,5239,蕈,1
5179,葸,5027,茗,1
5181,蒂,1623,巷,1
5181,蒂,5015,茅,1
5184,蒉,4343,箦,1
5184,蒉,5244,蕞,1
5184,蒉,5785,贵,1
5185,蒋,3826,痔,1
5185,蒋,4387,簿,1
5185,蒋,5126,菠,1
5185,蒋,5133,菲,1
5186,蒌,5095,莠,1
5186,蒌,5142,萋,1
5186,蒌,5145,萎,1
5186,蒌,5185,蒋,1
5187,蒎,5198,蒺,1
5187,蒎,5270,藏,1
5189,蒙,2025,或,1
5189,蒙,5027,茗,1
5189,蒙,5749,豪,1
5190,蒜,2016,戋,1
5190,蒜,5012,茂,1
5190,蒜,5054,荐,1
5190,蒜,5131,菰,1
5190,蒜,5235,蔻,1
5190,蒜,5278,藻,1
5191,蒟,3258,滔,1
5191,蒟,5236,蔼,1
5192,蒡,2404,旁,1
5194,蒲,3112,浦,1
5194,蒲,3263,滞,1
5194,蒲,4804,脔,1
5194,蒲,5085,莆,1
5194,蒲,5169,葡,1
5194,蒲,5224,蔓,1
5195,蒴,2528,朔,1
5195,蒴,5172,葫,1
5196,蒸,2571,杰,1
5196,蒸,3400,烝,1
5196,蒸,3441,煮,1
5196,蒸,5241,蕊,1
5196,蒸,5265,薰,1
5196,蒸,5338,蛊,1
5196,蒸,5739,豁,1
5197,蒹,386,兼,1
5198,蒺,3815,疾,1
5199,蒽,5150,萝,1
5199,蒽,5159,萼,1
5199,蒽,5175,葱,1
5199,蒽,5211,蓖,1
5199,蒽,7128,黛,1
5200,蒿,988,嚆,1
5200,蒿,5030,茜,1
5200,蒿,5146,萏,1
5200,蒿,5178,葶,1
5200,蒿,5229,蔫,1
5200,蒿,6902,高,1
5202,蓂,388,冀,1
5203,蓄,3770,畜,1
5203,蓄,3982,睿,1
5203,蓄,5164,著,1
5203,蓄,5205,蓉,1
5203,蓄,5257,薏,1
5203,蓄,6963,鲞,1
5205,蓉,2047,扅,1
5205,蓉,2404,旁,1
5205,蓉,3732,甍,1
5205,蓉,4445,綦,1
5205,蓉,5095,莠,1
5205,蓉,5136,菼,1
5205,蓉,5152,营,1
5206,蓊,4644,翁,1
5206,蓊,5195,蒴,1
5207,蓍,5183,蒈,1
5208,蓐,5209,蓑,1
5208,蓐,6020,辱,1
5209,蓑,5056,荒,1
5209,蓑,5096,莨,1
5209,蓑,5125,菟,1
5209,蓑,5504,装,1
5210,蓓,5281,蘑,1
5211,蓖,4960,芪,1
5212,蓝,1196,夔,1
5212,蓝,2626,查,1
5212,蓝,3921,盔,1
5212,蓝,3925,盛,1
5213,蓟,489,削,1
5214,蓠,4172,离,1
5214,蓠,5104,莴,1
5214,蓠,5229,蔫,1
5215,蓣,6755,颢,1
5216,蓥,4242,窒,1
5216,蓥,5108,莹,1
5217,蓦,542,募,1
5218,蓬,1176,墨,1
5218,蓬,3738,甚,1
5218,蓬,4371,篷,1
5218,蓬,5102,莲,1
5219,蓰,1797,徙,1
5219,蓰,4941,芊,1
5219,蓰,5185,蒋,1
5219,蓰,6897,髅,1
5220,蓼,5266,薷,1
5221,蓿,5236,蔼,1
5222,蔌,2855,歉,1
5222,蔌,5817,赖,1
5223,蔑,2029,戛,1
5223,蔑,4373,篾,1
5223,蔑,5176,葳,1
5223,蔑,5189,蒙,1
5224,蔓,3928,盫,1
5224,蔓,5192,蒡,1
5224,蔓,5261,薨,1
5224,蔓,7110,麓,1
5225,蔗,1689,庖,1
5225,蔗,5021,茎,1
5225,蔗,5170,董,1
5225,蔗,5196,蒸,1
5225,蔗,5240,蕉,1
5225,蔗,5281,蘑,1
5226,蔚,1465,尉,1
5227,蔟,5136,菼,1
5228,蔡,2334,擎,1
5228,蔡,4434,糵,1
5228,蔡,5114,菂,1
5228,蔡,5177,葵,1
5228,蔡,5196,蒸,1
5228,蔡,5255,薅,1
5228,蔡,5276,藤,1
5228,蔡,6879,骠,1
5229,蔫,3415,焉,1
5229,蔫,4944,芎,1
5229,蔫,5097,莩,1
5229,蔫,5164,著,1
5229,蔫,5238,蕃,1
5229,蔫,7058,鸾,1
5230,蔬,5122,菘,1
5230,蔬,5241,蕊,1
5230,蔬,6659,露,1
5230,蔬,6667,靛,1
5231,蔷,870,啬,1
5231,蔷,5164,著,1
5231,蔷,5207,蓍,1
5231,蔷,5229,蔫,1
5233,蔹,2376,数,1
5233,蔹,5213,蓟,1
5236,蔼,3283,漕,1
5236,蔼,5104,莴,1
5236,蔼,5167,葛,1
5236,蔼,5191,蒟,1
5237,蔽,2372,散,1
5237,蔽,2376,数,1
5237,蔽,4378,簌,1
5237,蔽,5246,蕨,1
5237,蔽,5263,薮,1
5238,蕃,5113,菁,1
5238,蕃,5186,蒌,1
5238,蕃,5264,薯,1
5239,蕈,5552,覃,1
5240,蕉,3426,焦,1
5240,蕉,5076,荭,1
5240,蕉,5088,莒,1
5240,蕉,5092,莛,1
5240,蕉,5147,萑,1
5240,蕉,5196,蒸,1
5240,蕉,5265,薰,1
5240,蕉,6617,隽,1
5241,蕊,5275,藠,1
5242,蕖,2733,棻,1
5242,蕖,3192,渠,1
5242,蕖,5278,藻,1
5243,蕙,5257,薏,1
5244,蕞,2521,最,1
5244,蕞,5030,茜,1
5246,蕨,2036,戬,1
5248,蕲,5262,薪,1
5248,蕲,6675,靳,1
5249,蕴,3197,温,1
5249,蕴,5210,蓓,1
5249,蕴,5230,蔬,1
5249,蕴,5236,蔼,1
5249,蕴,6204,酝,1
5251,蕺,2032,戢,1
5253,蕾,1957,惹,1
5253,蕾,2519,曾,1
5253,蕾,3993,瞢,1
5253,蕾,4622,罾,1
5253,蕾,5089,莓,1
5253,蕾,5183,蒈,1
5253,蕾,5203,蓄,1
5253,蕾,5230,蔬,1
5253,蕾,5268,藁,1
5253,蕾,5279,藿,1
5254,薄,2303,摩,1
5254,薄,2334,擎,1
5254,薄,3236,溥,1
5254,薄,3292,漳,1
5254,薄,3702,璋,1
5254,薄,4126,礴,1
5254,薄,5194,蒲,1
5254,薄,5284,蘧,1
5254,薄,6195,酋,1
5255,薅,5185,蒋,1
5256,薇,107,亵,1
5256,薇,2847,欷,1
5256,薇,5233,蔹,1
5257,薏,1966,意,1
5257,薏,5209,蓑,1
5258,薛,2337,擗,1
5258,薛,5051,荇,1
5258,薛,5155,萨,1
5258,薛,5206,蓊,1
5259,薜,5258,薛,1
5261,薨,5112,菀,1
5262,薪,384,兹,1
5262,薪,2400,新,1
5262,薪,4638,羲,1
5262,薪,5095,莠,1
5262,薪,5248,蕲,1
5262,薪,6743,颖,1
5262,薪,6888,骱,1
5264,薯,1450,寡,1
5264,薯,2495,暑,1
5264,薯,2501,暮,1
5264,薯,3461,熹,1
5264,薯,5091,莙,1
5264,薯,5164,著,1
5264,薯,5214,蓠,1
5265,薰,3449,熏,1
5265,薰,5170,董,1
5265,薰,5257,薏,1
5266,薷,5214,蓠,1
5266,薷,6642,需,1
5269,藉,5122,菘,1
5269,藉,5273,藕,1
5269,藉,5503,裂,1
5270,藏,4311,筑,1
5270,藏,5182,蒇,1
5271,藐,5222,蔌,1
5271,藐,5275,藠,1
5271,藐,5286,蘸,1
5271,藐,5759,貌,1
5272,藓,5258,薛,1
5273,藕,7088,鹣,1
5276,藤,335,像,1
5276,藤,4761,背,1
5277,藩,5147,萑,1
5277,藩,5212,蓝,1
5277,藩,5238,蕃,1
5277,藩,5586,詹,1
5278,藻,3323,澡,1
5278,藻,3463,燊,1
5278,藻,6020,辱,1
5279,藿,5238,蕃,1
5280,蘅,5206,蓊,1
5280,蘅,5465,衡,1
5281,蘑,1768,彦,1
5282,蘖,2835,檠,1
5282,蘖,5272,藓,1
5283,蘘,2511,曩,1
5284,蘧,5102,莲,1
5284,蘧,6117,遽,1
5285,蘩,4448,繁,1
5285,蘩,5274,藜,1
5285,蘩,5283,蘘,1
5286,蘸,5134,菸,1
5287,蘼,5279,藿,1
5287,蘼,6670,靡,1
5288,虍,5289,虎,1
5288,虍,5290,虏,1
5289,虎,360,光,1
5289,虎,2938,氮,1
5289,虎,4177,秃,1
5289,虎,5292,虑,1
5290,虏,1683,序,1
5290,虏,5289,虎,1
5291,虐,1424,宦,1
5291,虐,3793,疟,1
5291,虐,5701,谑,1
5291,虐,6218,酱,1
5292,虑,1117,埝,1
5292,虑,1805,德,1
5292,虑,1880,恙,1
5292,虑,1903,恿,1
5292,虑,1975,愧,1
5292,虑,3268,滤,1
5292,虑,5175,葱,1
5292,虑,5289,虎,1
5292,虑,5290,虏,1
5293,虔,1699,度,1
5294,虚,1700,座,1
5294,虚,2051,扊,1
5294,虚,5290,虏,1
5294,虚,5291,虐,1
5294,虚,5292,虑,1
5294,虚,6603,隍,1
5295,虞,3239,溪,1
5295,虞,5293,虔,1
5297,虫,33,中,1
5297,虫,636,去,1
5297,虫,662,只,1
5297,虫,3740,生,1
5298,虬,5301,虹,1
5298,虬,6274,钆,1
5299,虮,3734,甑,1
5299,虮,5325,蚬,1
5300,虱,1093,垦,1
5300,虱,2464,晃,1
5300,虱,5320,蚤,1
5300,虱,5351,蛩,1
5301,虹,938,嗷,1
5301,虹,1189,壶,1
5301,虹,1851,怔,1
5301,虹,4456,红,1
5301,虹,5379,蜡,1
5301,虹,5786,贶,1
5301,虹,7059,鸿,1
5302,虺,778,咫,1
5302,虺,5845,越,1
5303,虻,5333,蛀,1
5304,虼,5356,蛲,1
5304,虼,5371,蜒,1
5305,虽,25,丢,1
5305,虽,674,号,1
5305,虽,4614,罩,1
5305,虽,5307,虿,1
5305,虽,5316,蚕,1
5305,虽,5764,负,1
5306,虾,694,吓,1
5306,虾,5319,蚣,1
5306,虾,5340,蛎,1
5306,虾,5429,螺,1
5307,虿,5365,蜇,1
5308,蚀,844,唬,1
5308,蚀,5562,觊,1
5308,蚀,5629,识,1
5308,蚀,6783,饨,1
5309,蚁,2025,或,1
5309,蚁,3616,玟,1
5310,蚂,7060,鹀,1
5311,蚊,877,啷,1
5311,蚊,5303,虻,1
5311,蚊,5310,蚂,1
5311,蚊,5372,蜓,1
5311,蚊,5373,蜕,1
5313,蚌,864,啡,1
5313,蚌,1286,姝,1
5313,蚌,4036,砗,1
5313,蚌,5324,蚪,1
5313,蚌,5346,蛙,1
5313,蚌,5384,蜮,1
5313,蚌,5410,蝾,1
5313,蚌,5428,螵,1
5313,蚌,5436,蟒,1
5314,蚍,5361,蛾,1
5315,蚓,3760,畅,1
5315,蚓,5309,蚁,1
5315,蚓,5321,蚧,1
5316,蚕,2876,残,1
5316,蚕,4670,耄,1
5316,蚕,5307,虿,1
5316,蚕,5339,蛋,1
5317,蚜,3618,玡,1
5317,蚜,5383,蜩,1
5317,蚜,5414,螈,1
5317,蚜,6386,链,1
5318,蚝,2384,斑,1
5318,蚝,4932,艴,1
5319,蚣,5314,蚍,1
5319,蚣,5343,蛑,1
5319,蚣,5350,蛤,1
5319,蚣,5400,蝣,1
5319,蚣,6204,酝,1
5320,蚤,5316,蚕,1
5320,蚤,6258,釜,1
5321,蚧,5396,蝓,1
5322,蚨,5347,蛛,1
5324,蚪,1047,坍,1
5324,蚪,3633,珂,1
5324,蚪,5315,蚓,1
5324,蚪,5321,蚧,1
5324,蚪,5343,蛑,1
5326,蚯,411,冱,1
5326,蚯,5301,虹,1
5326,蚯,5303,虻,1
5326,蚯,5352,蛭,1
5326,蚯,5355,蛱,1
5326,蚯,6316,钲,1
5328,蚱,5313,蚌,1
5328,蚱,5321,蚧,1
5329,蚴,1069,坳,1
5331,蚶,1064,坩,1
5331,蚶,5327,蚰,1
5331,蚶,5383,蜩,1
5332,蚺,5407,蝻,1
5333,蛀,3384,炷,1
5333,蛀,3952,眨,1
5333,蛀,5303,虻,1
5333,蛀,5311,蚊,1
5333,蛀,5318,蚝,1
5333,蛀,5336,蛇,1
5333,蛀,5341,蛏,1
5333,蛀,5346,蛙,1
5334,蛄,5330,蚵,1
5334,蛄,5350,蛤,1
5335,蛆,1062,坦,1
5335,蛆,1789,徊,1
5335,蛆,4488,组,1
5335,蛆,5325,蚬,1
5335,蛆,5344,蛔,1
5335,蛆,5346,蛙,1
5335,蛆,5392,蝈,1
5335,蛆,6840,驵,1
5336,蛇,1292,姹,1
5336,蛇,2004,懈,1
5336,蛇,5311,蚊,1
5336,蛇,5348,蛞,1
5336,蛇,5400,蝣,1
5336,蛇,6339,铊,1
5336,蛇,6789,饮,1
5336,蛇,6847,驼,1
5337,蛉,5328,蚱,1
5337,蛉,7172,龄,1
5338,蛊,3915,盍,1
5339,蛋,3783,疍,1
5339,蛋,5305,虽,1
5339,蛋,5307,虿,1
5339,蛋,5320,蚤,1
5339,蛋,5377,蜜,1
5341,蛏,5993,辉,1
5342,蛐,5332,蚺,1
5342,蛐,5378,蜞,1
5343,蛑,5345,蛘,1
5343,蛑,5363,蜂,1
5343,蛑,5385,蜱,1
5343,蛑,5410,蝾,1
5343,蛑,5431,蟀,1
5343,蛑,5436,蟒,1
5344,蛔,5335,蛆,1
5344,蛔,5336,蛇,1
5345,蛘,3960,眸,1
5345,蛘,5313,蚌,1
5345,蛘,5341,蛏,1
5345,蛘,5343,蛑,1
5345,蛘,5410,蝾,1
5346,蛙,5318,蚝,1
5346,蛙,5356,蛲,1
5346,蛙,6626,雌,1
5347,蛛,5317,蚜,1
5347,蛛,5369,蜍,1
5347,蛛,5389,蜾,1
5347,蛛,5406,蝶,1
5347,蛛,5408,蝼,1
5347,蛛,5437,蟓,1
5347,蛛,5889,跺,1
5347,蛛,6331,铁,1
5348,蛞,5340,蛎,1
5349,蛟,779,咬,1
5350,蛤,1258,妗,1
5350,蛤,2720,棕,1
5350,蛤,2850,欺,1
5350,蛤,3397,烙,1
5350,蛤,4706,聆,1
5350,蛤,5304,虼,1
5350,蛤,6799,饸,1
5351,蛩,5323,蚩,1
5352,蛭,5333,蛀,1
5352,蛭,5335,蛆,1
5352,蛭,5427,螳,1
5353,蛮,1180,壅,1
5353,蛮,1302,娈,1
5353,蛮,1557,峦,1
5353,蛮,1751,弯,1
5353,蛮,3262,滚,1
5353,蛮,4971,芸,1
5353,蛮,5316,蚕,1
5353,蛮,5402,蝥,1
5353,蛮,5782,贲,1
5353,蛮,7058,鸾,1
5353,蛮,7143,鼋,1
5354,蛰,822,哲,1
5355,蛱,1553,峡,1
5355,蛱,5378,蜞,1
5356,蛲,1553,峡,1
5356,蛲,5366,蜈,1
5356,蛲,5886,跷,1
5359,蛸,1133,堉,1
5359,蛸,1905,悄,1
5360,蛹,1106,埇,1
5360,蛹,5359,蛸,1
5360,蛹,5398,蝙,1
5360,蛹,5411,螂,1
5360,蛹,5894,踊,1
5361,蛾,5382,蜥,1
5361,蛾,5384,蜮,1
5361,蛾,5451,蠛,1
5361,蛾,5938,蹴,1
5361,蛾,6805,饿,1
5362,蜀,4312,筒,1
5362,蜀,4613,罨,1
5363,蜂,812,哞,1
5363,蜂,1662,幛,1
5363,蜂,3414,烽,1
5363,蜂,4493,绉,1
5363,蜂,5345,蛘,1
5363,蜂,5369,蜍,1
5364,蜃,1508,屡,1
5364,蜃,5294,虚,1
5365,蜇,5376,蜚,1
5366,蜈,940,嗾,1
5366,蜈,1105,埃,1
5366,蜈,5331,蚶,1
5366,蜈,5352,蛭,1
5366,蜈,5355,蛱,1
5366,蜈,5419,螟,1
5366,蜈,5450,蠖,1
5367,蜉,5348,蛞,1
5367,蜉,5429,螺,1
5369,蜍,5347,蛛,1
5369,蜍,5406,蝶,1
5370,蜎,4517,绢,1
5371,蜒,5888,跹,1
5372,蜓,5322,蚨,1
5372,蜓,5347,蛛,1
5372,蜓,5355,蛱,1
5372,蜓,5380,蜢,1
5372,蜓,5413,螅,1
5373,蜕,430,凝,1
5373,蜕,5304,虼,1
5373,蜕,5326,蚯,1
5373,蜕,5381,蜣,1
5373,蜕,5391,蝇,1
5373,蜕,5786,贶,1
5373,蜕,6733,颉,1
5374,蜗,1116,埚,1
5374,蜗,5329,蚴,1
5374,蜗,5370,蜎,1
5374,蜗,5422,螨,1
5375,蜘,5329,蚴,1
5375,蜘,5355,蛱,1
5375,蜘,5437,蟓,1
5376,蜚,5323,蚩,1
5376,蜚,5402,蝥,1
5377,蜜,3368,炎,1
5377,蜜,3857,瘙,1
5377,蜜,4236,窄,1
5377,蜜,5151,萤,1
5378,蜞,5408,蝼,1
5379,蜡,1940,惜,1
5379,蜡,5408,蝼,1
5379,蜡,5420,螠,1
5379,蜡,5422,螨,1
5379,蜡,5424,螬,1
5379,蜡,6010,辚,1
5379,蜡,6708,韬,1
5381,蜣,5391,蝇,1
5383,蜩,5392,蝈,1
5383,蜩,5425,螭,1
5384,蜮,5361,蛾,1
5385,蜱,865,啤,1
5385,蜱,5343,蛑,1
5386,蜴,1587,嵎,1
5388,蜻,5359,蛸,1
5388,蜻,5424,螬,1
5388,蜻,5934,蹭,1
5389,蜾,5347,蛛,1
5389,蜾,5437,蟓,1
5389,蜾,5898,踝,1
5390,蜿,5349,蛟,1
5391,蝇,5318,蚝,1
5391,蝇,5390,蜿,1
5391,蝇,5397,蝗,1
5392,蝈,1551,峒,1
5393,蝉,1119,埠,1
5393,蝉,5345,蛘,1
5393,蝉,5363,蜂,1
5393,蝉,5410,蝾,1
5393,蝉,5429,螺,1
5393,蝉,5431,蟀,1
5393,蝉,5437,蟓,1
5393,蝉,5897,踔,1
5393,蝉,5943,蹿,1
5395,蝎,5374,蜗,1
5395,蝎,5379,蜡,1
5395,蝎,5401,蝤,1
5395,蝎,5420,螠,1
5395,蝎,6685,鞋,1
5395,蝎,6782,饧,1
5396,蝓,5368,蜊,1
5397,蝗,726,呈,1
5397,蝗,5424,螬,1
5397,蝗,5427,螳,1
5397,蝗,5428,螵,1
5397,蝗,5429,螺,1
5398,蝙,1106,埇,1
5398,蝙,3520,犏,1
5398,蝙,4584,缩,1
5398,蝙,5380,蜢,1
5398,蝙,5407,蝻,1
5398,蝙,5425,螭,1
5398,蝙,5446,蠊,1
5399,蝠,1158,塥,1
5399,蝠,1339,媪,1
5399,蝠,1658,幅,1
5399,蝠,5370,蜎,1
5399,蝠,5380,蜢,1
5399,蝠,5395,蝎,1
5399,蝠,5398,蝙,1
5399,蝠,5401,蝤,1
5399,蝠,5407,蝻,1
5400,蝣,5367,蜉,1
5401,蝤,5408,蝼,1
5401,蝤,5937,蹲,1
5402,蝥,7019,鳘,1
5403,蝮,5414,螈,1
5404,蝰,5448,蠓,1
5404,蝰,6628,雎,1
5405,蝴,3685,瑚,1
5405,蝴,5394,蝌,1
5405,蝴,5411,螂,1
5406,蝶,892,喋,1
5406,蝶,1172,墚,1
5408,蝼,1600,嶙,1
5408,蝼,5346,蛙,1
5409,蝽,5408,蝼,1
5409,蝽,5425,螭,1
5409,蝽,5439,蟠,1
5410,蝾,4593,缲,1
5411,螂,443,出,1
5412,螃,3402,烤,1
5412,螃,5442,蟮,1
5414,螈,3399,烜,1
5416,融,5570,觖,1
5416,融,5576,触,1
5418,螗,1156,塘,1
5418,螗,5414,螈,1
5420,螠,5380,蜢,1
5421,螣,1153,塍,1
5421,螣,3970,睛,1
5422,螨,3990,瞒,1
5425,螭,5422,螨,1
5425,螭,5931,蹦,1
5426,螯,5402,蝥,1
5426,螯,5423,螫,1
5426,螯,7135,黧,1
5428,螵,3991,瞟,1
5428,螵,5406,蝶,1
5428,螵,5429,螺,1
5428,螵,5437,蟓,1
5429,螺,5367,蜉,1
5429,螺,5419,螟,1
5429,螺,5428,螵,1
5429,螺,5904,踪,1
5429,螺,7133,黢,1
5431,蟀,1065,坪,1
5431,蟀,4414,粹,1
5431,蟀,5345,蛘,1
5431,蟀,5363,蜂,1
5431,蟀,5370,蜎,1
5431,蟀,5393,蝉,1
5431,蟀,5437,蟓,1
5431,蟀,6013,辞,1
5432,蟆,4527,续,1
5432,蟆,5419,螟,1
5432,蟆,5427,螳,1
5433,蟊,5452,蠡,1
5434,蟋,1341,媳,1
5435,蟑,1301,娇,1
5435,蟑,5345,蛘,1
5435,蟑,5404,蝰,1
5436,蟒,5410,蝾,1
5437,蟓,1177,墩,1
5438,蟛,5410,蝾,1
5439,蟠,5380,蜢,1
5440,蟥,5378,蜞,1
5440,蟥,5409,蝽,1
5440,蟥,5420,螠,1
5440,蟥,5422,螨,1
5440,蟥,5450,蠖,1
5440,蟥,5456,蠼,1
5441,蟪,4224,穗,1
5443,蟹,2802,槲,1
5443,蟹,5353,蛮,1
5443,蟹,5402,蝥,1
5443,蟹,6906,髫,1
5444,蟾,4003,瞻,1
5444,蟾,5412,螃,1
5445,蠃,1367,嬴,1
5445,蠃,5828,赢,1
5446,蠊,950,嘛,1
5446,蠊,5414,螈,1
5447,蠋,5310,蚂,1
5447,蠋,5425,螭,1
5448,蠓,5429,螺,1
5448,蠓,5437,蟓,1
5448,蠓,5450,蠖,1
5449,蠕,1369,孀,1
5449,蠕,5418,螗,1
5449,蠕,5425,螭,1
5449,蠕,5439,蟠,1
5453,蠢,4452,纛,1
5453,蠢,5430,螽,1
5453,蠢,5433,蟊,1
5453,蠢,5455,蠹,1
5455,蠹,5453,蠢,1
5456,蠼,5450,蠖,1
5457,血,55,乏,1
5457,血,257,俚,1
5457,血,791,哂,1
5457,血,5550,西,1
5459,衅,4489,绅,1
5459,衅,4894,舛,1
5460,行,85,亓,1
5460,行,128,仔,1
5460,行,4133,祃,1
5460,行,4272,竹,1
5460,行,5461,衍,1
5460,行,5622,访,1
5460,行,6280,钌,1
5461,衍,144,们,1
5461,衍,4506,绗,1
5461,衍,5463,街,1
5461,衍,7087,鹡,1
5462,衔,2290,搿,1
5462,衔,5461,衍,1
5462,衔,5464,衙,1
5462,衔,5466,衢,1
5463,街,1463,射,1
5463,街,3320,澍,1
5464,衙,5462,衔,1
5465,衡,253,俐,1
5465,衡,1878,恒,1
5465,衡,4506,绗,1
5467,衣,355,元,1
5467,衣,384,兹,1
5467,衣,402,农,1
5467,衣,713,启,1
5467,衣,1677,庀,1
5467,衣,1680,庇,1
5467,衣,1687,应,1
5467,衣,3357,灰,1
5467,衣,3373,炙,1
5467,衣,4128,礻,1
5467,衣,4136,祉,1
5467,衣,4928,良,1
5468,衤,2944,永,1
5468,衤,4128,礻,1
5469,补,165,伙,1
5469,补,1377,孙,1
5469,补,2542,朴,1
5469,补,3807,疲,1
5469,补,4180,秋,1
5469,补,5492,袜,1
5470,表,3358,灵,1
5470,表,5481,袁,1
5470,表,5494,袤,1
5470,表,5767,责,1
5470,表,6614,隶,1
5471,衩,4131,祀,1
5471,衩,4162,禄,1
5471,衩,5492,袜,1
5471,衩,5496,被,1
5471,衩,6289,钗,1
5472,衫,486,剂,1
5472,衫,3637,珍,1
5473,衬,1693,府,1
5475,衰,421,凄,1
5475,衰,789,哀,1
5475,衰,5474,衮,1
5475,衰,5477,衷,1
5475,衰,5486,袈,1
5475,衰,5497,袭,1
5476,衲,2588,枘,1
5476,衲,5615,讷,1
5477,衷,1704,庶,1
5477,衷,4177,秃,1
5477,衷,5522,裳,1
5477,衷,5525,裹,1
5478,衽,2968,汪,1
5481,袁,1220,奁,1
5481,袁,4439,索,1
5481,袁,5209,蓑,1
5481,袁,5470,表,1
5482,袂,4134,祆,1
5482,袂,4190,秧,1
5482,袂,5492,袜,1
5483,袄,3061,洑,1
5483,袄,3815,疾,1
5484,袅,1775,影,1
5484,袅,3382,炱,1
5485,袆,4317,筛,1
5486,袈,5503,裂,1
5486,袈,6849,驾,1
5487,袋,4280,笊,1
5487,袋,5504,装,1
5487,袋,5514,裟,1
5487,袋,5787,贷,1
5488,袍,1383,孢,1
5488,袍,1771,彪,1
5488,袍,4131,祀,1
5488,袍,6789,饮,1
5488,袍,6792,饱,1
5489,袒,2846,欲,1
5489,袒,5508,裎,1
5490,袖,5312,蚋,1
5490,袖,5476,衲,1
5490,袖,5496,被,1
5490,袖,5518,裥,1
5490,袖,6330,铀,1
5491,袗,5480,衿,1
5492,袜,4068,硖,1
5492,袜,4187,秣,1
5492,袜,5482,袂,1
5494,袤,5474,衮,1
5496,被,1780,彼,1
5496,被,4138,祓,1
5496,被,5498,袯,1
5496,被,5515,裢,1
5496,被,5832,赧,1
5497,袭,105,亲,1
5497,袭,2379,敷,1
5497,袭,5512,裘,1
5498,袯,4138,祓,1
5499,袱,2766,楸,1
5499,袱,3061,洑,1
5499,袱,6572,附,1
5500,袷,4141,祚,1
5500,袷,5669,诰,1
5501,袼,5491,袗,1
5501,袼,5500,袷,1
5501,袼,5511,裕,1
5502,裁,2039,戴,1
5502,裁,5098,莪,1
5502,裁,5182,蒇,1
5502,裁,5845,越,1
5503,裂,4302,笼,1
5504,装,1995,憖,1
5504,装,2711,梽,1
5504,装,3379,炭,1
5504,装,3548,狡,1
5504,装,4044,砦,1
5504,装,5487,袋,1
5505,裆,1795,得,1
5505,裆,2684,档,1
5505,裆,4143,祜,1
5505,裆,4155,祷,1
5505,裆,5508,裎,1
5506,裈,5519,裨,1
5507,裉,5875,跟,1
5507,裉,6581,限,1
5508,裎,3767,留,1
5508,裎,4204,程,1
5509,裒,5475,衰,1
5509,裒,5531,褒,1
5510,裔,857,商,1
5510,裔,6902,高,1
5511,裕,2412,族,1
5511,裕,3117,浴,1
5511,裕,5491,袗,1
5511,裕,5516,裣,1
5512,裘,5487,袋,1
5512,裘,5497,袭,1
5513,裙,4722,肆,1
5513,裙,5521,裱,1
5513,裙,5527,裾,1
5513,裙,6923,魂,1
5514,裟,5523,裴,1
5516,裣,268,俭,1
5516,裣,5541,褴,1
5516,裣,6591,险,1
5517,裤,2784,榫,1
5517,裤,4036,砗,1
5517,裤,5515,裢,1
5517,裤,6223,酷,1
5518,裥,3142,涧,1
5519,裨,3188,渖,1
5520,裰,4546,缀,1
5522,裳,997,囊,1
5522,裳,1433,宸,1
5522,裳,5211,蓖,1
5522,裳,5455,蠹,1
5522,裳,5481,袁,1
5522,裳,6121,邃,1
5523,裴,5376,蜚,1
5524,裸,2791,槊,1
5524,裸,4270,竭,1
5524,裸,5506,裈,1
5524,裸,5683,课,1
5525,裹,5264,薯,1
5525,裹,5283,蘘,1
5525,裹,5477,衷,1
5526,裼,5534,褚,1
5528,褂,5547,襟,1
5529,褊,5513,裙,1
5529,褊,5713,谝,1
5529,褊,7006,鳊,1
5530,褐,1335,婿,1
5530,褐,3304,潟,1
5530,褐,4139,祖,1
5530,褐,6414,锚,1
5531,褒,5497,袭,1
5533,褙,4516,绡,1
5534,褚,6411,锗,1
5535,褛,318,偻,1
5535,褛,4689,耧,1
5537,褥,4188,秤,1
5537,褥,4425,糕,1
5537,褥,4446,綮,1
5537,褥,5506,裈,1
5537,褥,5521,裱,1
5537,褥,5549,襻,1
5537,褥,5691,谆,1
5538,褪,545,勰,1
5539,褫,2411,旎,1
5539,褫,5541,褴,1
5540,褰,5590,謇,1
5542,褶,5539,褫,1
5542,褶,5700,谐,1
5543,襁,5542,褶,1
5545,襕,6488,镧,1
5546,襞,3735,甓,1
5547,襟,3285,漤,1
5547,襟,4157,祺,1
5547,襟,4570,缚,1
5547,襟,5508,裎,1
5547,襟,5549,襻,1
5547,襟,5695,谋,1
5548,襦,3338,濡,1
5548,襦,5513,裙,1
5548,襦,5543,襁,1
5548,襦,7157,鼱,1
5549,襻,4387,簿,1
5549,襻,5548,襦,1
5550,西,1044,均,1
5550,西,3645,珥,1
5550,西,5457,血,1
5550,西,6195,酋,1
5550,西,6636,雯,1
5550,西,6671,面,1
5551,要,654,叟,1
5551,要,1263,妥,1
5551,要,1317,娶,1
5551,要,1508,屡,1
5551,要,1943,惠,1
5551,要,5150,萝,1
5551,要,5794,贾,1
5551,要,6636,雯,1
5551,要,6648,霉,1
5551,要,6650,霎,1
5553,覆,6657,霭,1
5554,见,356,兄,1
5554,见,359,先,1
5554,见,405,冤,1
5554,见,1399,它,1
5554,见,5762,贝,1
5555,观,1300,娆,1
5555,观,2909,毯,1
5555,观,3648,班,1
5555,观,4038,砚,1
5555,观,5556,规,1
5556,规,2596,枧,1
5556,规,3626,现,1
5557,觅,104,亮,1
5557,觅,362,免,1
5557,觅,363,兑,1
5557,觅,1399,它,1
5557,觅,2923,氕,1
5557,觅,4285,笕,1
5557,觅,5673,说,1
5557,觅,5787,贷,1
5558,视,4131,祀,1
5558,视,4140,祗,1
5558,视,5482,袂,1
5558,视,5489,袒,1
5558,视,5759,貌,1
5558,视,5988,辄,1
5559,觇,5325,蚬,1
5560,览,3464,燎,1
5560,览,5125,菟,1
5561,觉,1222,奄,1
5561,觉,1475,尝,1
5561,觉,2982,沆,1
5561,觉,3268,滤,1
5561,觉,4372,篼,1
5561,觉,5715,谠,1
5561,觉,5785,贵,1
5561,觉,5793,贽,1
5561,觉,5811,赏,1
5562,觊,436,凯,1
5569,角,226,例,1
5569,角,1530,岚,1
5569,角,6519,闸,1
5569,角,6935,鱼,1
5570,觖,5482,袂,1
5570,觖,6748,颛,1
5571,觚,6727,颃,1
5573,觞,4528,绮,1
5573,觞,6987,鲶,1
5574,解,346,僻,1
5574,解,1577,崩,1
5574,解,2402,於,1
5574,解,3100,浒,1
5574,解,3324,澥,1
5574,解,3502,牢,1
5574,解,4455,纡,1
5574,解,4894,舛,1
5574,解,7066,鹆,1
5575,觥,4552,缆,1
5576,触,4792,能,1
5576,触,5577,觫,1
5576,触,6969,鲤,1
5576,触,7075,鹐,1
5577,觫,5492,袜,1
5578,觯,4593,缲,1
5579,觱,4351,箱,1
5579,觱,4885,舂,1
5579,觱,5510,裔,1
5580,觳,7150,鼙,1
5581,言,699,吝,1
5581,言,886,善,1
5581,言,1411,官,1
5581,言,1426,宫,1
5581,言,3605,玄,1
5581,言,4029,砉,1
5581,言,4230,穹,1
5581,言,4890,舍,1
5581,言,5039,茳,1
5581,言,6710,音,1
5582,訄,606,危,1
5582,訄,1482,尴,1
5584,訾,5257,薏,1
5585,詈,4619,罴,1
5586,詹,1570,崖,1
5586,詹,3789,疗,1
5586,詹,5590,謇,1
5587,誉,886,善,1
5587,誉,4437,紊,1
5587,誉,5584,訾,1
5587,誉,5585,詈,1
5587,誉,5586,詹,1
5587,誉,5588,誊,1
5587,誉,7044,鸯,1
5588,誊,640,参,1
5588,誊,1216,夸,1
5588,誊,1840,态,1
5588,誊,3959,眷,1
5588,誊,5587,誉,1
5589,誓,2288,携,1
5589,誓,4441,紫,1
5589,誓,5159,萼,1
5590,謇,6877,骞,1
5591,謦,1748,弩,1
5591,謦,4114,磬,1
5591,謦,4601,罄,1
5592,警,524,努,1
5592,警,4449,繄,1
5592,警,5283,蘘,1
5592,警,5285,蘩,1
5592,警,6910,髻,1
5593,譬,511,劈,1
5593,譬,3735,甓,1
5593,譬,4168,禧,1
5593,譬,5546,襞,1
5593,譬,6271,鐾,1
5594,讠,1735,弋,1
5594,讠,2943,氵,1
5595,计,522,动,1
5595,计,1725,廾,1
5595,计,2960,汝,1
5595,计,4463,纩,1
5596,订,3609,玎,1
5596,订,5601,讧,1
5596,订,5602,讨,1
5596,订,6504,门,1
5597,讣,1377,孙,1
5597,讣,2972,汴,1
5597,讣,3015,沾,1
5597,讣,5469,补,1
5597,讣,5595,计,1
5597,讣,5599,讥,1
5598,认,140,以,1
5598,认,2952,汉,1
5598,认,2979,沃,1
5598,认,3612,玖,1
5598,认,5607,议,1
5598,认,5629,识,1
5599,讥,121,仉,1
5599,讥,558,化,1
5599,讥,2958,汛,1
5599,讥,2974,汹,1
5599,讥,2982,沆,1
5599,讥,2984,沉,1
5599,讥,3031,泜,1
5599,讥,5606,训,1
5599,讥,5620,讽,1
5600,讦,2957,汗,1
5600,讦,3611,玕,1
5600,讦,4473,纴,1
5600,讦,5614,讶,1
5601,讧,5624,证,1
5602,讨,1457,对,1
5602,讨,3088,浅,1
5603,让,23,丝,1
5603,让,5601,讧,1
5603,让,5607,议,1
5604,讪,5603,让,1
5605,讫,1031,圪,1
5605,讫,2975,汽,1
5605,讫,3081,洺,1
5605,讫,5640,诒,1
5605,讫,5673,说,1
5605,讫,6785,饪,1
5606,训,1037,圳,1
5606,训,1607,川,1
5606,训,1608,州,1
5606,训,4454,纠,1
5606,训,5632,诊,1
5607,议,95,交,1
5607,议,118,仅,1
5607,议,138,代,1
5607,议,3022,泌,1
5607,议,5621,设,1
5607,议,5638,诐,1
5608,讯,3749,田,1
5608,讯,5623,诀,1
5608,讯,5626,诃,1
5608,讯,5633,诋,1
5608,讯,5637,诏,1
5609,记,772,咤,1
5609,记,1034,圮,1
5609,记,1677,庀,1
5609,记,2962,江,1
5609,记,2980,沄,1
5609,记,3034,泡,1
5609,记,3054,泾,1
5609,记,3081,洺,1
5609,记,4131,祀,1
5609,记,5605,讫,1
5609,记,5613,讵,1
5610,讲,1047,坍,1
5610,讲,2960,汝,1
5610,讲,3010,沸,1
5610,讲,3025,泔,1
5610,讲,3096,济,1
5611,讳,2996,沣,1
5612,讴,5624,证,1
5613,讵,5707,谗,1
5614,讶,156,伊,1
5614,讶,230,侔,1
5614,讶,3002,沩,1
5614,讶,5600,讦,1
5614,讶,5619,讼,1
5614,讶,5690,谅,1
5615,讷,5598,认,1
5616,许,2974,汹,1
5616,许,3038,注,1
5616,许,3098,浐,1
5616,许,3100,浒,1
5616,许,4475,纶,1
5616,许,4558,缍,1
5616,许,5627,评,1
5616,许,5658,诤,1
5616,许,5660,详,1
5617,讹,3031,泜,1
5617,讹,3085,派,1
5617,讹,3207,湉,1
5617,讹,3628,玳,1
5617,讹,4140,祗,1
5617,讹,6556,阡,1
5618,论,2984,沉,1
5618,论,3007,沱,1
5618,论,3117,浴,1
5618,论,3728,瓷,1
5618,论,5613,讵,1
5618,论,5625,诂,1
5618,论,5661,诧,1
5619,讼,143,仫,1
5619,讼,2980,沄,1
5619,讼,3084,洽,1
5619,讼,3085,派,1
5619,讼,3637,珍,1
5619,讼,5618,论,1
5619,讼,5620,讽,1
5619,讼,5632,诊,1
5619,讼,5640,诒,1
5619,讼,5891,跽,1
5620,讽,2384,斑,1
5620,讽,2402,於,1
5620,讽,2966,汨,1
5620,讽,4471,纲,1
5620,讽,5688,调,1
5620,讽,6527,阀,1
5620,讽,6563,阴,1
5621,设,1778,役,1
5621,设,2356,攻,1
5621,设,2848,欸,1
5621,设,2954,汐,1
5621,设,3215,湜,1
5621,设,4461,级,1
5621,设,5538,褪,1
5621,设,5634,诌,1
5621,设,5640,诒,1
5621,设,5668,误,1
5621,设,6407,锓,1
5622,访,1777,彷,1
5622,访,3015,沾,1
5622,访,4500,绐,1
5622,访,5619,讼,1
5622,访,5625,诂,1
5622,访,5632,诊,1
5622,访,5640,诒,1
5622,访,5645,诗,1
5622,访,5653,诟,1
5622,访,6561,防,1
5622,访,6795,饴,1
5623,诀,3068,洣,1
5623,诀,3293,漶,1
5623,诀,5685,谀,1
5623,诀,6349,铗,1
5624,证,167,伛,1
5624,证,411,冱,1
5624,证,1782,征,1
5624,证,2962,江,1
5624,证,2992,沚,1
5624,证,2997,沤,1
5624,证,5333,蛀,1
5624,证,5601,讧,1
5624,证,5613,讵,1
5625,诂,179,估,1
5625,诂,3014,沽,1
5625,诂,4261,竑,1
5625,诂,5646,诘,1
5625,诂,5651,话,1
5625,诂,5653,诟,1
5626,诃,3009,河,1
5626,诃,3633,珂,1
5626,诃,6509,问,1
5627,评,3041,泮,1
5627,评,3053,泽,1
5627,评,4050,砰,1
5627,评,4498,绎,1
5627,评,5630,诈,1
5627,评,5658,诤,1
5627,评,5692,谇,1
5627,评,6130,邝,1
5627,评,6944,鲆,1
5628,诅,1062,坦,1
5628,诅,3039,泪,1
5628,诅,3080,洹,1
5628,诅,4139,祖,1
5628,诅,5599,讥,1
5628,诅,5694,谊,1
5628,诅,6566,阻,1
5628,诅,6808,馃,1
5629,识,414,况,1
5629,识,1056,坝,1
5629,识,3631,玻,1
5629,识,4263,站,1
5629,识,5623,诀,1
5629,识,5636,诎,1
5629,识,5685,谀,1
5630,诈,1063,坨,1
5630,诈,3058,洋,1
5630,诈,3117,浴,1
5630,诈,3169,淤,1
5630,诈,4141,祚,1
5630,诈,4534,维,1
5630,诈,5640,诒,1
5630,诈,5784,贴,1
5631,诉,2954,汐,1
5631,诉,3032,泞,1
5631,诉,6049,迩,1
5632,诊,269,修,1
5632,诊,2978,沂,1
5632,诊,3129,涔,1
5632,诊,4470,纱,1
5632,诊,5634,诌,1
5632,诊,5710,谚,1
5633,诋,191,低,1
5633,诋,3628,玳,1
5633,诋,5614,讶,1
5633,诋,5631,诉,1
5634,诌,2988,沓,1
5634,诌,3164,淙,1
5634,诌,3217,湟,1
5634,诌,3275,滴,1
5634,诌,3649,珰,1
5634,诌,5625,诂,1
5635,词,687,同,1
5635,词,747,呵,1
5635,词,3009,河,1
5635,词,3890,白,1
5635,词,5634,诌,1
5635,词,5683,课,1
5635,词,6532,阅,1
5635,词,6793,饲,1
5636,诎,4059,础,1
5636,诎,5651,话,1
5636,诎,5654,诠,1
5637,诏,1060,坡,1
5637,诏,5628,诅,1
5637,诏,5666,语,1
5639,译,3041,泮,1
5639,译,3058,洋,1
5639,译,3102,浔,1
5639,译,3122,涅,1
5639,译,4149,祥,1
5639,译,5627,评,1
5639,译,5654,诠,1
5640,诒,3679,瑀,1
5640,诒,4263,站,1
5640,诒,4500,绐,1
5640,诒,5619,讼,1
5640,诒,5625,诂,1
5641,诓,3148,涯,1
5642,诔,3087,浃,1
5643,试,249,俅,1
5643,试,3628,玳,1
5643,试,5610,讲,1
5643,试,5648,诚,1
5645,诗,288,倞,1
5645,诗,417,冻,1
5645,诗,3058,洋,1
5645,诗,3102,浔,1
5645,诗,3109,浡,1
5645,诗,3132,涛,1
5645,诗,3175,淳,1
5645,诗,3190,渚,1
5645,诗,3320,澍,1
5645,诗,4503,结,1
5646,诘,217,佶,1
5646,诘,1820,志,1
5646,诘,3116,浯,1
5646,诘,5669,诰,1
5647,诙,2357,放,1
5647,诙,3048,泷,1
5647,诙,5646,诘,1
5647,诙,5648,诚,1
5648,诚,891,喊,1
5648,诚,1118,域,1
5648,诚,2015,戊,1
5648,诚,3048,泷,1
5648,诚,3088,浅,1
5648,诚,3225,溅,1
5648,诚,5734,谳,1
5649,诛,228,侏,1
5649,诛,2615,柒,1
5649,诛,3004,沫,1
5649,诛,3050,泺,1
5649,诛,3270,滦,1
5649,诛,3643,珠,1
5649,诛,4487,练,1
5649,诛,4494,绊,1
5649,诛,5482,袂,1
5649,诛,5492,袜,1
5649,诛,5614,讶,1
5649,诛,5623,诀,1
5649,诛,6075,途,1
5650,诜,212,佬,1
5650,诜,2668,桄,1
5650,诜,3063,洗,1
5650,诜,5681,诼,1
5651,话,2964,污,1
5651,话,3015,沾,1
5651,话,3084,洽,1
5651,话,3158,淋,1
5651,话,4503,结,1
5651,话,5348,蛞,1
5651,话,5625,诂,1
5651,话,5646,诘,1
5651,话,5677,诸,1
5652,诞,1722,延,1
5652,诞,3087,浃,1
5652,诞,3107,浞,1
5652,诞,6043,迟,1
5653,诟,1090,垢,1
5653,诟,3279,漉,1
5653,诟,4500,绐,1
5653,诟,5673,说,1
5654,诠,2406,旄,1
5654,诠,4077,硷,1
5654,诠,5653,诟,1
5654,诠,6364,铨,1
5654,诠,6615,隹,1
5655,诡,3037,泥,1
5655,诡,3279,漉,1
5655,诡,3294,漹,1
5655,诡,4514,统,1
5655,诡,5686,谁,1
5656,询,1459,寻,1
5656,询,3075,洱,1
5656,询,3142,涧,1
5656,询,3163,淘,1
5656,询,3209,湎,1
5656,询,3240,溯,1
5656,询,5626,诃,1
5656,询,5658,诤,1
5656,询,5671,诲,1
5656,询,5733,谲,1
5657,诣,330,催,1
5657,诣,3015,沾,1
5657,诣,3060,洎,1
5657,诣,3123,消,1
5657,诣,3199,渭,1
5657,诣,3258,滔,1
5657,诣,3673,琰,1
5657,诣,4517,绢,1
5657,诣,5613,讵,1
5657,诣,5646,诘,1
5657,诣,5709,谙,1
5657,诣,5718,谣,1
5658,诤,420,净,1
5658,诤,5654,诠,1
5658,诤,5671,诲,1
5659,该,783,咳,1
5659,该,1105,埃,1
5659,该,3071,洨,1
5659,该,3086,流,1
5659,该,5647,诙,1
5660,详,3234,溠,1
5660,详,3257,滓,1
5660,详,3702,璋,1
5660,详,4510,绛,1
5660,详,4548,缂,1
5660,详,5616,许,1
5660,详,5691,谆,1
5661,诧,1101,垲,1
5661,诧,2097,抡,1
5661,诧,2113,拄,1
5661,诧,2983,沈,1
5661,诧,3260,滗,1
5661,诧,5605,讫,1
5661,诧,5701,谑,1
5661,诧,5718,谣,1
5662,诨,420,净,1
5662,诨,1788,徉,1
5662,诨,3650,珲,1
5663,诩,4646,翊,1
5663,诩,5662,诨,1
5664,诫,2382,斌,1
5664,诫,4502,绒,1
5665,诬,410,冰,1
5665,诬,1616,巫,1
5665,诬,2968,汪,1
5665,诬,2985,沌,1
5665,诬,3148,涯,1
5665,诬,3150,涵,1
5665,诬,3194,渣,1
5665,诬,5624,证,1
5666,语,293,倨,1
5666,语,2184,捂,1
5666,语,2964,污,1
5666,语,3113,浩,1
5666,语,3182,渌,1
5666,语,3288,漫,1
5666,语,5651,话,1
5666,语,5707,谗,1
5666,语,5709,谙,1
5666,语,6383,铻,1
5666,语,7177,龉,1
5667,诮,1169,墒,1
5667,诮,3128,涓,1
5667,诮,3159,淌,1
5667,诮,4517,绢,1
5667,诮,5663,诩,1
5667,诮,5709,谙,1
5668,误,1314,娱,1
5668,误,3110,浣,1
5668,误,3119,浸,1
5668,误,3138,涢,1
5668,误,3139,涣,1
5668,误,3174,深,1
5668,误,3218,湨,1
5668,误,3271,滨,1
5668,误,3327,澴,1
5668,误,5675,诶,1
5669,诰,217,佶,1
5669,诰,3312,潸,1
5669,诰,4565,缕,1
5669,诰,5646,诘,1
5670,诱,225,侉,1
5670,诱,3145,涪,1
5670,诱,3180,清,1
5670,诱,3301,潘,1
5670,诱,5611,讳,1
5670,诱,5638,诐,1
5670,诱,5651,话,1
5670,诱,5710,谚,1
5670,诱,6071,透,1
5670,诱,6396,锈,1
5670,诱,6665,靖,1
5671,诲,230,侔,1
5671,诲,2405,旃,1
5671,诲,2410,旌,1
5671,诲,3008,沲,1
5671,诲,3011,油,1
5671,诲,3073,洫,1
5671,诲,3248,溽,1
5671,诲,4571,缛,1
5671,诲,5658,诤,1
5671,诲,5701,谑,1
5671,诲,5718,谣,1
5672,诳,2384,斑,1
5672,诳,5669,诰,1
5673,说,1919,悦,1
5673,说,3063,洗,1
5673,说,3110,浣,1
5673,说,3120,浼,1
5673,说,3153,淀,1
5673,说,3201,渲,1
5673,说,3660,琐,1
5673,说,3686,瑛,1
5673,说,4499,经,1
5673,说,4514,统,1
5673,说,5650,诜,1
5673,说,5659,该,1
5673,说,5698,谎,1
5673,说,6404,锐,1
5674,诵,270,俯,1
5674,诵,3128,涓,1
5674,诵,4517,绢,1
5674,诵,5631,诉,1
5674,诵,5667,诮,1
5674,诵,5731,谰,1
5675,诶,250,俊,1
5675,诶,261,俟,1
5675,诶,1105,埃,1
5675,诶,3239,溪,1
5675,诶,5663,诩,1
5675,诶,5668,误,1
5675,诶,5671,诲,1
5676,请,294,倩,1
5676,请,3070,洧,1
5676,请,3190,渚,1
5676,请,3315,潽,1
5676,请,4270,竭,1
5676,请,4487,练,1
5676,请,4516,绡,1
5676,请,4525,绪,1
5676,请,4569,缙,1
5676,请,5667,诮,1
5676,请,5677,诸,1
5676,请,5725,谪,1
5677,诸,3070,洧,1
5677,诸,3180,清,1
5677,诸,3266,满,1
5677,诸,4525,绪,1
5677,诸,5534,褚,1
5677,诸,5657,诣,1
5677,诸,5679,诺,1
5677,诸,6665,靖,1
5677,诸,6973,鲨,1
5678,诹,301,倻,1
5678,诹,5675,诶,1
5679,诺,3072,洪,1
5679,诺,3081,洺,1
5679,诺,3113,浩,1
5679,诺,3156,淆,1
5679,诺,3190,渚,1
5679,诺,3235,溢,1
5679,诺,3641,珙,1
5679,诺,5653,诟,1
5679,诺,5669,诰,1
5679,诺,5677,诸,1
5679,诺,5698,谎,1
5679,诺,6412,锘,1
5680,读,3090,浇,1
5680,读,3267,滢,1
5680,读,5659,该,1
5680,读,5684,诿,1
5681,诼,1177,墩,1
5681,诼,3045,泳,1
5681,诼,5678,诹,1
5682,诽,272,俳,1
5682,诽,3601,獭,1
5682,诽,4401,粘,1
5682,诽,4529,绯,1
5683,课,1172,墚,1
5683,课,3041,泮,1
5683,课,3069,津,1
5683,课,3102,浔,1
5683,课,3160,淏,1
5683,课,3176,混,1
5683,课,3215,湜,1
5683,课,3290,漯,1
5683,课,3323,澡,1
5683,课,3343,瀑,1
5683,课,4158,祼,1
5683,课,4582,缧,1
5683,课,5524,裸,1
5683,课,5649,诛,1
5683,课,5685,谀,1
5683,课,5699,谏,1
5684,诿,5670,诱,1
5684,诿,5671,诲,1
5684,诿,5681,诼,1
5685,谀,3044,泱,1
5685,谀,4583,缨,1
5685,谀,5684,诿,1
5685,谀,6815,馊,1
5686,谁,3060,洎,1
5686,谁,3101,浓,1
5686,谁,3148,涯,1
5686,谁,3299,潍,1
5686,谁,5617,讹,1
5686,谁,5630,诈,1
5686,谁,5641,诓,1
5686,谁,5689,谄,1
5686,谁,5730,谯,1
5687,谂,1805,德,1
5687,谂,5685,谀,1
5688,调,1293,姻,1
5688,调,3001,沨,1
5688,调,3136,涠,1
5688,调,5683,课,1
5689,谄,306,偈,1
5689,谄,5634,诌,1
5690,谅,2224,掠,1
5690,谅,3032,泞,1
5690,谅,3115,浮,1
5690,谅,3164,淙,1
5690,谅,3175,淳,1
5690,谅,3296,潆,1
5690,谅,3337,濠,1
5690,谅,5161,葆,1
5690,谅,5699,谏,1
5690,谅,5711,谛,1
5690,谅,5996,辌,1
5690,谅,6806,馀,1
5691,谆,224,侈,1
5691,谆,256,俘,1
5691,谆,1378,孚,1
5691,谆,3102,浔,1
5691,谆,3678,琼,1
5691,谆,4593,缲,1
5691,谆,5428,螵,1
5691,谆,5904,踪,1
5693,谈,4998,苡,1
5693,谈,5673,说,1
5693,谈,5708,谘,1
5693,谈,5715,谠,1
5693,谈,5771,货,1
5694,谊,302,值,1
5694,谊,3194,渣,1
5694,谊,5730,谯,1
5695,谋,323,傈,1
5695,谋,3134,涞,1
5695,谋,3198,渫,1
5695,谋,3214,湛,1
5695,谋,3227,溇,1
5695,谋,5094,莞,1
5695,谋,5654,诠,1
5695,谋,5698,谎,1
5697,谍,1795,得,1
5697,谍,3174,深,1
5697,谍,4593,缲,1
5697,谍,5693,谈,1
5698,谎,1149,塃,1
5698,谎,3090,浇,1
5698,谎,3327,澴,1
5698,谎,4505,绕,1
5698,谎,5144,萍,1
5699,谏,3127,涑,1
5699,谏,4269,竦,1
5700,谐,400,写,1
5700,谐,3128,涓,1
5700,谐,3283,漕,1
5700,谐,3688,瑞,1
5700,谐,3894,皆,1
5700,谐,5501,袼,1
5700,谐,5667,诮,1
5700,谐,5729,谮,1
5701,谑,3193,渡,1
5702,谒,3197,温,1
5702,谒,3253,滋,1
5702,谒,5676,请,1
5702,谒,5713,谝,1
5703,谓,3128,涓,1
5703,谓,3283,漕,1
5703,谓,3304,潟,1
5703,谓,3680,瑁,1
5704,谔,258,俜,1
5704,谔,3290,漯,1
5706,谖,3683,瑗,1
5706,谖,4563,缓,1
5707,谗,3115,浮,1
5707,谗,3187,渔,1
5708,谘,255,俗,1
5708,谘,3340,濯,1
5708,谘,4540,绺,1
5709,谙,1171,墙,1
5709,谙,3709,璠,1
5709,谙,4591,缰,1
5709,谙,5676,请,1
5709,谙,5711,谛,1
5710,谚,3189,渗,1
5710,谚,4518,绣,1
5710,谚,5632,诊,1
5710,谚,5659,该,1
5710,谚,5670,诱,1
5710,谚,5719,谤,1
5711,谛,3281,漓,1
5711,谛,4098,碲,1
5711,谛,4564,缔,1
5711,谛,5708,谘,1
5712,谜,3126,涎,1
5712,谜,3143,涨,1
5712,谜,3225,溅,1
5712,谜,3956,眯,1
5712,谜,4522,继,1
5712,谜,6089,逯,1
5712,谜,6099,遇,1
5713,谝,3125,涌,1
5714,谟,4572,缜,1
5715,谠,5667,诮,1
5716,谡,3265,滠,1
5717,谢,6392,锄,1
5718,谣,374,六,1
5718,谣,1802,徭,1
5718,谣,2907,毪,1
5718,谣,3261,滘,1
5719,谤,324,傍,1
5719,谤,3222,湾,1
5719,谤,3253,滋,1
5719,谤,3294,漹,1
5719,谤,3337,濠,1
5719,谤,3837,痨,1
5719,谤,5710,谚,1
5719,谤,6489,镨,1
5719,谤,7013,鳑,1
5720,谥,4577,缢,1
5720,谥,6100,遍,1
5721,谦,386,兼,1
5721,谦,3190,渚,1
5721,谦,3296,潆,1
5721,谦,3297,潇,1
5721,谦,3305,潢,1
5721,谦,4387,簿,1
5722,谧,3235,溢,1
5722,谧,4547,缁,1
5723,谨,3260,滗,1
5723,谨,3267,滢,1
5723,谨,3314,潼,1
5723,谨,5724,谩,1
5723,谨,6821,馑,1
5724,谩,426,凌,1
5724,谩,1164,墁,1
5724,谩,3215,湜,1
5724,谩,3694,瑷,1
5724,谩,5621,设,1
5724,谩,6822,馒,1
5724,谩,6863,骎,1
5725,谪,1169,墒,1
5725,谪,3698,璃,1
5725,谪,5705,谕,1
5725,谪,5709,谙,1
5725,谪,5733,谲,1
5727,谬,334,僇,1
5727,谬,3129,涔,1
5727,谬,3189,渗,1
5727,谬,3850,瘆,1
5727,谬,4222,穆,1
5728,谭,3209,湎,1
5728,谭,3217,湟,1
5729,谮,341,僭,1
5729,谮,3302,潜,1
5730,谯,3651,珽,1
5731,谰,1932,惆,1
5731,谰,3136,涠,1
5731,谰,5663,诩,1
5731,谰,6544,阑,1
5732,谱,974,噜,1
5732,谱,3180,清,1
5732,谱,3283,漕,1
5732,谱,3294,漹,1
5732,谱,3850,瘆,1
5732,谱,5700,谐,1
5736,谵,349,儋,1
5736,谵,3350,灌,1
5736,谵,5701,谑,1
5738,谷,114,仁,1
5738,谷,122,今,1
5738,谷,373,公,1
5738,谷,709,含,1
5738,谷,727,告,1
5738,谷,3084,洽,1
5738,谷,6775,餍,1
5739,豁,5757,貉,1
5739,豁,5929,蹜,1
5739,豁,6907,髭,1
5739,豁,7078,鹗,1
5740,豆,6,三,1
5740,豆,55,乏,1
5740,豆,722,吾,1
5740,豆,1195,夏,1
5740,豆,3412,烹,1
5740,豆,4238,窆,1
5741,豇,5740,豆,1
5743,豌,3656,琉,1
5743,豌,4514,统,1
5744,豕,2594,枣,1
5745,豚,3152,涿,1
5745,豚,4813,脲,1
5745,豚,4840,腺,1
5745,豚,4845,腿,1
5746,象,625,厚,1
5746,象,1432,家,1
5746,象,1531,岛,1
5746,象,4243,窕,1
5746,象,5261,薨,1
5747,豢,2148,拳,1
5747,豢,3043,泰,1
5747,豢,4189,秦,1
5747,豢,5746,象,1
5748,豨,4200,稀,1
5749,豪,102,京,1
5749,豪,989,嚎,1
5749,豪,4107,磊,1
5749,豪,5189,蒙,1
5750,豫,1395,孺,1
5750,豫,3182,渌,1
5750,豫,4213,稳,1
5750,豫,4217,稼,1
5750,豫,4435,糸,1
5751,豳,6235,醐,1
5752,豸,1761,彖,1
5752,豸,4318,筜,1
5753,豹,1752,弱,1
5753,豹,1770,彩,1
5753,豹,4665,翻,1
5753,豹,5752,豸,1
5754,豺,1463,射,1
5754,豺,1737,弑,1
5757,貉,3900,皓,1
5757,貉,5755,貂,1
5757,貉,5759,貌,1
5758,貊,6742,颔,1
5759,貌,4206,税,1
5759,貌,5757,貉,1
5759,貌,5760,貔,1
5761,貘,4592,缱,1
5762,贝,354,允,1
5762,贝,1485,尺,1
5762,贝,5554,见,1
5763,贞,360,光,1
5763,贞,736,员,1
5763,贞,2351,攴,1
5763,贞,4226,穴,1
5763,贞,5288,虍,1
5764,负,1221,奂,1
5764,负,5765,贡,1
5764,负,5768,贤,1
5764,负,5772,质,1
5764,负,5774,贪,1
5764,负,5797,赁,1
5764,负,6713,页,1
5765,贡,1494,屃,1
5765,贡,2052,手,1
5765,贡,3909,盂,1
5765,贡,5794,贾,1
5765,贡,7119,黄,1
5766,财,541,勘,1
5766,财,4729,肘,1
5766,财,5777,购,1
5766,财,6569,阿,1
5767,责,2437,昃,1
5767,责,4029,砉,1
5767,责,4669,考,1
5767,责,5789,费,1
5767,责,6663,青,1
5767,责,7113,麦,1
5768,贤,4329,筼,1
5768,贤,4753,肾,1
5768,贤,5771,货,1
5768,贤,5790,贺,1
5769,败,1288,姣,1
5769,败,2356,攻,1
5769,败,5773,贩,1
5770,账,702,吠,1
5770,账,721,吼,1
5770,账,1634,帐,1
5770,账,1960,愁,1
5770,账,4751,肼,1
5770,账,5322,蚨,1
5770,账,5792,贼,1
5771,货,282,倓,1
5771,货,582,华,1
5771,货,1707,庹,1
5771,货,4314,策,1
5771,货,4328,筻,1
5771,货,5790,贺,1
5772,质,237,侦,1
5772,质,311,做,1
5772,质,6714,顶,1
5772,质,7117,麽,1
5773,贩,719,吹,1
5773,贩,3761,畈,1
5773,贩,4323,筱,1
5773,贩,6788,饭,1
5774,贪,3920,盒,1
5774,贪,5764,负,1
5775,贫,139,令,1
5775,贫,5764,负,1
5775,贫,5765,贡,1
5775,贫,5800,资,1
5776,贬,3392,烂,1
5776,贬,3952,眨,1
5776,贬,4048,砭,1
5776,贬,4330,签,1
5776,贬,4566,编,1
5776,贬,5769,败,1
5776,贬,5791,贻,1
5776,贬,5810,赎,1
5777,购,4781,胭,1
5777,购,5773,贩,1
5778,贮,5773,贩,1
5778,贮,5776,贬,1
5778,贮,5799,赃,1
5779,贯,736,员,1
5779,贯,1707,庹,1
5779,贯,2437,昃,1
5779,贯,5790,贺,1
5781,贱,2031,戡,1
5781,贱,4309,筏,1
5781,贱,5347,蛛,1
5781,贱,5384,蜮,1
5781,贱,5792,贼,1
5783,贳,5779,贯,1
5783,贳,7119,黄,1
5784,贴,5317,蚜,1
5784,贴,5770,账,1
5784,贴,5778,贮,1
5784,贴,5862,跆,1
5784,贴,5890,跻,1
5784,贴,6325,钻,1
5784,贴,6945,鲇,1
5785,贵,3224,溃,1
5785,贵,5338,蛊,1
5785,贵,5763,贞,1
5785,贵,5779,贯,1
5785,贵,5783,贳,1
5785,贵,7121,黉,1
5787,贷,4329,筼,1
5788,贸,1635,帑,1
5788,贸,5126,菠,1
5788,贸,5637,诏,1
5788,贸,5796,赀,1
5789,费,381,其,1
5789,费,736,员,1
5789,费,1922,悬,1
5789,费,5184,蒉,1
5789,费,5782,贲,1
5789,费,5788,贸,1
5789,费,5793,贽,1
5790,贺,735,呗,1
5790,贺,4285,笕,1
5790,贺,5771,货,1
5790,贺,5788,贸,1
5790,贺,5825,赟,1
5790,贺,6849,驾,1
5792,贼,2028,戚,1
5792,贼,5664,诫,1
5793,贽,5789,费,1
5793,贽,5818,赘,1
5794,贾,569,匮,1
5794,贾,1435,宽,1
5794,贾,3382,炱,1
5794,贾,5788,贸,1
5794,贾,5800,资,1
5794,贾,5928,蹙,1
5794,贾,6639,雷,1
5794,贾,6646,震,1
5795,贿,1910,悔,1
5795,贿,3986,瞌,1
5795,贿,4198,秽,1
5795,贿,5758,貊,1
5795,贿,5808,赌,1
5795,贿,7138,黯,1
5796,赀,5768,贤,1
5797,赁,300,债,1
5797,赁,3442,煲,1
5797,赁,4329,筼,1
5797,赁,5783,贳,1
5797,赁,6986,鲵,1
5798,赂,3397,烙,1
5798,赂,3642,珞,1
5798,赂,5784,贴,1
5798,赂,5882,路,1
5798,赂,6933,魑,1
5799,赃,923,嗞,1
5799,赃,3371,炕,1
5799,赃,5791,贻,1
5800,资,736,员,1
5800,资,822,哲,1
5800,资,3105,浚,1
5800,资,3242,溲,1
5800,资,3360,灸,1
5800,资,4329,筼,1
5800,资,5768,贤,1
5800,资,5775,贫,1
5802,赆,5899,踞,1
5804,赈,1310,娠,1
5806,赊,4152,祭,1
5806,赊,5798,赂,1
5806,赊,7134,黥,1
5807,赋,2031,戡,1
5807,赋,4874,臧,1
5807,赋,5792,贼,1
5807,赋,6395,锇,1
5808,赌,3979,睹,1
5808,赌,5795,贿,1
5810,赎,3464,燎,1
5810,赎,5816,赕,1
5811,赏,1190,壹,1
5811,赏,3119,浸,1
5811,赏,4346,箩,1
5811,赏,4446,綮,1
5811,赏,5561,觉,1
5811,赏,5794,贾,1
5812,赐,899,喝,1
5812,赐,3425,焜,1
5812,赐,4753,肾,1
5812,赐,4814,脶,1
5812,赐,5395,蝎,1
5814,赓,833,唐,1
5815,赔,2485,晴,1
5815,赔,4828,腙,1
5815,赔,4867,臃,1
5815,赔,5367,蜉,1
5815,赔,5791,贻,1
5815,赔,5798,赂,1
5817,赖,2199,换,1
5817,赖,4827,腕,1
5817,赖,5967,软,1
5817,赖,6734,颊,1
5817,赖,6737,颍,1
5817,赖,6754,颡,1
5818,赘,5426,螯,1
5818,赘,5793,贽,1
5818,赘,5824,赞,1
5818,赘,6667,靛,1
5819,赙,3236,溥,1
5821,赛,1157,塞,1
5821,赛,4343,箦,1
5821,赛,5377,蜜,1
5824,赞,5818,赘,1
5824,赞,6906,髫,1
5824,赞,7149,鼗,1
5826,赠,5425,螭,1
5826,赠,5778,贮,1
5826,赠,5815,赔,1
5826,赠,6819,馏,1
5827,赡,5736,谵,1
5827,赡,5815,赔,1
5827,赡,5878,跨,1
5828,赢,3832,痢,1
5830,赤,1224,奈,1
5830,赤,1371,孑,1
5830,赤,2961,汞,1
5830,赤,4179,秉,1
5830,赤,4435,糸,1
5830,赤,4438,素,1
5831,赦,2364,救,1
5831,赦,2365,敕,1
5831,赦,2366,敖,1
5831,赦,2367,教,1
5831,赦,2369,敝,1
5831,赦,2371,敢,1
5831,赦,2844,欤,1
5831,赦,2847,欷,1
5831,赦,2857,歙,1
5831,赦,3898,皎,1
5831,赦,5263,薮,1
5831,赦,5833,赪,1
5831,赦,5967,软,1
5831,赦,6741,颓,1
5831,赦,7140,黻,1
5834,赫,1505,屙,1
5834,赫,4210,稞,1
5834,赫,5073,荪,1
5834,赫,5252,蕻,1
5834,赫,5969,轱,1
5834,赫,6698,鞯,1
5834,赫,6897,髅,1
5836,走,14,专,1
5836,走,1228,奏,1
5836,走,1298,娄,1
5836,走,2455,是,1
5836,走,2886,殳,1
5836,走,3358,灵,1
5836,走,5035,茬,1
5836,走,5855,趸,1
5836,走,6082,速,1
5836,走,7113,麦,1
5837,赳,2913,毽,1
5838,赴,5839,赵,1
5838,赴,5841,起,1
5839,赵,23,丝,1
5839,赵,3394,烈,1
5840,赶,3611,玕,1
5840,赶,5839,赵,1
5841,起,1189,壶,1
5841,起,1771,彪,1
5841,起,1989,慰,1
5841,起,6149,邽,1
5842,趁,3458,熬,1
5842,趁,4562,缒,1
5842,趁,5851,趱,1
5842,趁,6112,遨,1
5844,超,4682,耘,1
5844,超,5843,趄,1
5844,超,6040,远,1
5844,超,6735,颋,1
5844,超,7041,鸬,1
5845,越,2913,毽,1
5845,越,4689,耧,1
5845,越,5849,趟,1
5845,越,5850,趣,1
5845,越,5884,践,1
5845,越,6202,酗,1
5846,趋,3458,熬,1
5846,趋,5844,超,1
5846,趋,6386,链,1
5847,趑,6049,迩,1
5849,趟,3159,淌,1
5849,趟,4428,糙,1
5849,趟,5835,赭,1
5849,趟,5846,趋,1
5849,趟,5847,趑,1
5849,趟,6069,逋,1
5849,趟,6070,逍,1
5849,趟,6118,避,1
5849,趟,6929,魈,1
5850,趣,2262,揶,1
5850,趣,5845,越,1
5850,趣,6735,颋,1
5852,足,585,卒,1
5852,足,726,呈,1
5852,足,1540,岳,1
5852,足,1918,患,1
5852,足,2462,显,1
5852,足,2950,汇,1
5852,足,3107,浞,1
5852,足,3782,疋,1
5852,足,6083,造,1
5852,足,6124,邑,1
5853,趴,665,叭,1
5854,趵,536,勋,1
5854,趵,813,哟,1
5854,趵,5114,菂,1
5854,趵,6112,遨,1
5854,趵,6286,钓,1
5855,趸,5880,跫,1
5856,趺,4599,缺,1
5856,趺,5898,踝,1
5857,趼,4034,研,1
5857,趼,5875,跟,1
5858,趾,4701,耻,1
5858,趾,5856,趺,1
5858,趾,5867,跐,1
5858,趾,6794,饳,1
5859,趿,5869,跖,1
5859,趿,5883,跳,1
5860,跃,2417,既,1
5860,跃,4477,纸,1
5860,跃,4682,耘,1
5860,跃,4998,苡,1
5860,跃,5874,跞,1
5860,跃,6786,饫,1
5861,跄,5865,跎,1
5861,跄,5868,跑,1
5861,跄,6792,饱,1
5862,跆,6223,酷,1
5863,跋,2863,歧,1
5863,跋,5349,蛟,1
5863,跋,5872,跛,1
5863,跋,5884,践,1
5863,跋,7140,黻,1
5864,跌,3956,眯,1
5864,跌,5860,跃,1
5864,跌,5903,踩,1
5864,跌,5938,蹴,1
5865,跎,5862,跆,1
5865,跎,5868,跑,1
5865,跎,6739,颐,1
5866,跏,527,劭,1
5866,跏,4731,肛,1
5866,跏,5329,蚴,1
5866,跏,7130,黝,1
5867,跐,3951,眦,1
5867,跐,5883,跳,1
5868,跑,1383,孢,1
5868,跑,3375,炝,1
5868,跑,5336,蛇,1
5868,跑,5618,论,1
5868,跑,5873,距,1
5868,跑,5909,踵,1
5868,跑,6951,鲍,1
5869,跖,3387,炻,1
5871,跚,5837,赳,1
5872,跛,875,啵,1
5872,跛,1636,帔,1
5872,跛,5496,被,1
5872,跛,5912,踺,1
5872,跛,6211,酦,1
5873,距,1147,堲,1
5873,距,5865,跎,1
5873,距,5869,跖,1
5873,距,5882,路,1
5873,距,6578,陋,1
5874,跞,5889,跺,1
5874,跞,5903,踩,1
5875,跟,2463,晁,1
5875,跟,3547,狠,1
5875,跟,5859,趿,1
5875,跟,5873,距,1
5875,跟,5891,跽,1
5875,跟,5899,踞,1
5875,跟,5905,踬,1
5875,跟,6406,锒,1
5875,跟,6809,馄,1
5877,跤,3071,洨,1
5877,跤,5349,蛟,1
5877,跤,5870,跗,1
5878,跨,1098,垮,1
5878,跨,4504,绔,1
5878,跨,5536,褡,1
5878,跨,5941,蹽,1
5879,跪,4514,统,1
5879,跪,5390,蜿,1
5879,跪,5861,跄,1
5879,跪,5865,跎,1
5880,跫,1877,恐,1
5880,跫,4654,翟,1
5880,跫,6916,鬣,1
5881,跬,3054,泾,1
5881,跬,5909,踵,1
5881,跬,5921,蹉,1
5882,路,3436,煞,1
5882,路,5899,踞,1
5882,路,5913,踽,1
5882,路,5929,蹜,1
5882,路,6397,锉,1
5882,路,6800,饹,1
5882,路,6893,骼,1
5882,路,7035,鸥,1
5882,路,7170,龁,1
5883,跳,5871,跚,1
5884,践,2027,战,1
5884,践,4483,线,1
5884,践,4721,肄,1
5884,践,5787,贷,1
5884,践,5856,趺,1
5884,践,5889,跺,1
5884,践,5906,踮,1
5884,践,6315,钱,1
5884,践,6790,饯,1
5884,践,6932,魏,1
5885,跶,5888,跹,1
5886,跷,1554,峣,1
5886,跷,5356,蛲,1
5886,跷,5911,踹,1
5886,跷,5933,蹬,1
5887,跸,6584,陛,1
5887,跸,6855,骅,1
5888,跹,5885,跶,1
5888,跹,5909,踵,1
5889,跺,6386,链,1
5889,跺,6498,镲,1
5890,跻,5358,蛴,1
5890,跻,6854,骄,1
5890,跻,6960,鲚,1
5891,跽,5893,踉,1
5892,踅,2804,槿,1
5893,踉,5877,跤,1
5893,踉,5879,跪,1
5894,踊,4076,确,1
5894,踊,5930,蹢,1
5894,踊,5943,蹿,1
5894,踊,5947,躏,1
5895,踌,6380,铸,1
5896,踏,3302,潜,1
5896,踏,5862,跆,1
5896,踏,5889,跺,1
5896,踏,5927,蹓,1
5896,踏,5929,蹜,1
5897,踔,5891,跽,1
5898,踝,4110,磔,1
5898,踝,5897,踔,1
5898,踝,5912,踺,1
5899,踞,3680,瑁,1
5899,踞,4357,篊,1
5899,踞,5902,踣,1
5899,踞,6434,锯,1
5900,踟,5898,踝,1
5901,踢,5526,裼,1
5901,踢,5890,跻,1
5901,踢,6420,锡,1
5902,踣,828,唁,1
5902,踣,5873,距,1
5902,踣,6592,陪,1
5903,踩,3978,睬,1
5903,踩,5888,跹,1
5903,踩,5889,跺,1
5904,踪,4579,缤,1
5904,踪,4582,缧,1
5904,踪,5878,跨,1
5904,踪,5882,路,1
5904,踪,5891,跽,1
5904,踪,5944,躁,1
5904,踪,6468,镓,1
5904,踪,6471,镖,1
5904,踪,6498,镲,1
5905,踬,5900,踟,1
5905,踬,5939,蹶,1
5906,踮,3965,睃,1
5906,踮,5905,踬,1
5907,踯,5900,踟,1
5908,踱,3149,液,1
5908,踱,3694,瑷,1
5908,踱,4526,绫,1
5908,踱,5863,跋,1
5908,踱,6449,镀,1
5910,踶,5912,踺,1
5910,踶,5939,蹶,1
5911,踹,5946,躇,1
5912,踺,6089,逯,1
5913,踽,5909,踵,1
5913,踽,5926,蹒,1
5913,踽,5927,蹓,1
5914,蹀,5898,踝,1
5914,蹀,5950,躜,1
5915,蹁,4094,碥,1
5915,蹁,5398,蝙,1
5915,蹁,5418,螗,1
5916,蹂,2834,檗,1
5916,蹂,4580,缥,1
5916,蹂,5437,蟓,1
5916,蹂,5889,跺,1
5916,蹂,5903,踩,1
5916,蹂,5909,踵,1
5916,蹂,5937,蹲,1
5916,蹂,5938,蹴,1
5916,蹂,5944,躁,1
5916,蹂,6989,鲸,1
5917,蹄,4375,簇,1
5917,蹄,5922,蹊,1
5917,蹄,5943,蹿,1
5917,蹄,6018,辫,1
5918,蹅,3695,瑾,1
5918,蹅,5896,踏,1
5919,蹇,5377,蜜,1
5920,蹈,5862,跆,1
5920,蹈,5866,跏,1
5920,蹈,5913,踽,1
5920,蹈,6810,馅,1
5920,蹈,6823,馓,1
5922,蹊,6656,霪,1
5923,蹋,5925,蹑,1
5923,蹋,5930,蹢,1
5924,蹐,5896,踏,1
5925,蹑,6459,镊,1
5926,蹒,3266,满,1
5927,蹓,5913,踽,1
5927,蹓,5934,蹭,1
5927,蹓,5945,躅,1
5929,蹜,5862,跆,1
5929,蹜,5920,蹈,1
5929,蹜,5945,躅,1
5930,蹢,5915,蹁,1
5930,蹢,6478,镝,1
5931,蹦,3211,湔,1
5931,蹦,4271,端,1
5931,蹦,5923,蹋,1
5931,蹦,6859,骊,1
5932,蹩,2378,整,1
5933,蹬,4116,磴,1
5933,蹬,5918,蹅,1
5933,蹬,7028,鳤,1
5934,蹭,1754,强,1
5934,蹭,4590,缯,1
5934,蹭,5937,蹲,1
5935,蹯,6657,霭,1
5936,蹰,3330,澼,1
5937,蹲,5819,赙,1
5937,蹲,5944,躁,1
5939,蹶,5925,蹑,1
5939,蹶,5936,蹰,1
5940,蹼,5926,蹒,1
5940,蹼,6884,骥,1
5942,蹾,2504,暾,1
5942,蹾,6878,骟,1
5943,蹿,2883,殡,1
5943,蹿,4200,稀,1
5943,蹿,4548,缂,1
5943,蹿,5917,蹄,1
5944,躁,5889,跺,1
5944,躁,5922,蹊,1
5946,躇,5921,蹉,1
5946,躇,6466,镑,1
5946,躇,6820,馐,1
5947,躏,5915,蹁,1
5947,躏,5927,蹓,1
5947,躏,5949,躔,1
5949,躔,5909,踵,1
5952,身,54,乎,1
5952,身,78,事,1
5952,身,1194,复,1
5952,身,1642,帛,1
5952,身,3020,泉,1
5952,身,3496,牙,1
5952,身,3525,犭,1
5952,身,4696,耳,1
5952,身,4875,自,1
5953,躬,4711,聒,1
5953,躬,5952,身,1
5955,躲,1463,射,1
5955,躲,4736,股,1
5955,躲,5953,躬,1
5955,躲,5954,躯,1
5956,躺,284,倘,1
5957,軎,656,口,1
5957,軎,722,吾,1
5958,车,22,东,1
5958,车,401,军,1
5958,车,1371,孑,1
5958,车,1668,平,1
5958,车,3496,牙,1
5958,车,3500,牟,1
5959,轧,73,乳,1
5959,轧,4773,胤,1
5959,轧,4955,芤,1
5959,轧,5853,趴,1
5959,轧,5960,轨,1
5960,轨,537,勍,1
5960,轨,3398,烛,1
5960,轨,5959,轧,1
5960,轨,5969,轱,1
5961,轩,2396,斩,1
5961,轩,4697,耵,1
5961,轩,5840,赶,1
5961,轩,5975,轷,1
5963,轫,6703,韧,1
5963,轫,6769,飙,1
5964,转,4709,职,1
5964,转,5969,轱,1
5964,转,6005,辕,1
5966,轮,2097,抡,1
5966,轮,4681,耗,1
5966,轮,4685,耠,1
5966,轮,5969,轱,1
5966,轮,5986,辂,1
5966,轮,6275,钇,1
5966,轮,6873,骚,1
5967,软,2361,敉,1
5967,软,2844,欤,1
5967,软,4031,砍,1
5967,软,5497,袭,1
5967,软,5960,轨,1
5967,软,5963,轫,1
5967,软,5973,轵,1
5968,轰,792,哄,1
5968,轰,4633,羡,1
5969,轱,5964,转,1
5969,轱,5965,轭,1
5969,轱,5989,辅,1
5970,轲,5963,轫,1
5970,轲,5969,轱,1
5971,轳,5970,轲,1
5972,轴,1269,妯,1
5972,轴,2109,抽,1
5972,轴,3511,牺,1
5972,轴,4705,聃,1
5972,轴,6330,铀,1
5973,轵,5971,轳,1
5973,轵,5984,辀,1
5973,轵,6689,鞔,1
5974,轶,4599,缺,1
5974,轶,5973,轵,1
5975,轷,2133,拜,1
5975,轷,5976,轸,1
5976,轸,2240,掺,1
5976,轸,5974,轶,1
5977,轹,2396,斩,1
5977,轹,3785,疑,1
5977,轹,6334,铄,1
5978,轺,2132,招,1
5978,轺,5969,轱,1
5978,轺,6291,钙,1
5979,轻,1749,弪,1
5979,轻,4017,短,1
5979,轻,4632,羟,1
5979,轻,5978,轺,1
5979,轻,5985,辁,1
5979,轻,6173,郭,1
5979,轻,6685,鞋,1
5980,轼,2708,械,1
5981,载,2662,栽,1
5981,载,5098,莪,1
5981,载,5502,裁,1
5982,轾,1749,弪,1
5983,轿,2795,槔,1
5983,轿,4070,硚,1
5983,轿,5973,轵,1
5983,轿,6688,鞒,1
5983,轿,6693,鞣,1
5983,轿,6698,鞯,1
5983,轿,6854,骄,1
5984,辀,5977,轹,1
5984,辀,6346,铒,1
5985,辁,5979,轻,1
5985,辁,5982,轾,1
5985,辁,6364,铨,1
5986,辂,5979,轻,1
5986,辂,5987,较,1
5986,辂,6369,铭,1
5987,较,2359,故,1
5987,较,2653,校,1
5987,较,6009,辙,1
5987,较,6686,鞍,1
5987,较,6801,饺,1
5988,辄,6930,魉,1
5989,辅,1134,堋,1
5989,辅,5988,辄,1
5989,辅,6698,鞯,1
5990,辆,1069,坳,1
5990,辆,2649,栖,1
5990,辆,5989,辅,1
5991,辇,4723,肇,1
5992,辈,2180,挲,1
5992,辈,2633,柴,1
5992,辈,4708,聋,1
5992,辈,5376,蜚,1
5993,辉,4163,禅,1
5993,辉,5343,蛑,1
5994,辊,4532,绲,1
5995,辋,6007,辗,1
5996,辌,2737,椋,1
5998,辎,3696,璀,1
6000,辐,4662,翰,1
6000,辐,6458,镉,1
6000,辐,6694,鞧,1
6001,辑,5379,蜡,1
6003,输,1963,愉,1
6003,输,2871,殄,1
6003,输,4662,翰,1
6003,输,6878,骟,1
6004,辔,4558,缍,1
6005,辕,5750,豫,1
6005,辕,6007,辗,1
6006,辖,5982,轾,1
6006,辖,6477,镜,1
6006,辖,6498,镲,1
6006,辖,6686,鞍,1
6006,辖,6869,骖,1
6007,辗,389,冁,1
6007,辗,2899,毓,1
6007,辗,5990,辆,1
6007,辗,5994,辊,1
6009,辙,1359,嫩,1
6009,辙,2285,搬,1
6009,辙,6690,鞘,1
6011,辛,98,产,1
6011,辛,101,享,1
6011,辛,585,卒,1
6011,辛,586,卓,1
6011,辛,1235,奚,1
6011,辛,1669,年,1
6011,辛,1671,幸,1
6011,辛,1731,弄,1
6011,辛,2165,挛,1
6011,辛,3502,牢,1
6011,辛,4275,竿,1
6011,辛,4306,等,1
6011,辛,4942,芋,1
6012,辜,78,事,1
6012,辜,898,喜,1
6012,辜,1428,宰,1
6012,辜,2306,摹,1
6012,辜,5090,莘,1
6012,辜,6877,骞,1
6013,辞,1746,弦,1
6013,辞,3577,猝,1
6013,辞,4036,砗,1
6013,辞,4050,砰,1
6013,辞,6165,郜,1
6013,辞,6374,铲,1
6014,辟,5259,薜,1
6014,辟,5881,跬,1
6014,辟,6013,辞,1
6014,辟,6862,骍,1
6015,辣,4269,竦,1
6015,辣,5492,袜,1
6015,辣,6017,辩,1
6015,辣,6749,颜,1
6016,辨,2400,新,1
6016,辨,2406,旄,1
6016,辨,6632,雠,1
6016,辨,6664,靓,1
6017,辩,3721,瓣,1
6017,辩,4136,祉,1
6018,辫,2290,搿,1
6018,辫,6231,醉,1
6018,辫,6490,镩,1
6019,辰,631,厦,1
6019,辰,1433,宸,1
6019,辰,2480,晨,1
6019,辰,4012,知,1
6020,辱,622,厍,1
6020,辱,1084,垕,1
6020,辱,1488,尽,1
6022,边,17,世,1
6022,边,66,也,1
6022,边,516,办,1
6022,边,2913,毽,1
6022,边,3904,皮,1
6022,边,6038,这,1
6022,边,6050,迪,1
6023,辽,23,丝,1
6023,辽,2858,止,1
6023,辽,6044,迢,1
6024,达,1207,太,1
6024,达,2167,挞,1
6024,达,2950,汇,1
6024,达,3055,洁,1
6024,达,4313,答,1
6025,迁,18,丘,1
6025,迁,1723,廷,1
6025,迁,2947,汁,1
6025,迁,2979,沃,1
6025,迁,3135,涟,1
6025,迁,3359,灶,1
6025,迁,6024,达,1
6025,迁,6029,过,1
6026,迂,2919,氐,1
6026,迂,2968,汪,1
6026,迂,5840,赶,1
6026,迂,6054,述,1
6026,迂,6062,适,1
6026,迂,6075,途,1
6027,迄,6023,辽,1
6027,迄,6040,远,1
6027,迄,6055,迳,1
6027,迄,6067,选,1
6027,迄,6077,逗,1
6027,迄,6092,逸,1
6028,迅,13,丑,1
6028,迅,2958,汛,1
6028,迅,3006,沮,1
6028,迅,5608,讯,1
6028,迅,6039,进,1
6028,迅,6057,迸,1
6028,迅,6060,退,1
6028,迅,6102,遐,1
6029,过,6024,达,1
6029,过,6038,这,1
6029,过,6054,述,1
6029,过,6082,速,1
6030,迈,18,丘,1
6030,迈,643,及,1
6030,迈,3036,泣,1
6030,迈,6037,还,1
6030,迈,6048,迨,1
6031,迎,3027,泖,1
6031,迎,5685,谀,1
6031,迎,6068,逊,1
6032,运,716,吴,1
6032,运,2964,污,1
6032,运,2980,沄,1
6032,运,3071,洨,1
6032,运,5249,蕴,1
6032,运,6027,迄,1
6032,运,6035,返,1
6032,运,6038,这,1
6032,运,6065,逅,1
6032,运,6075,途,1
6032,运,6735,颋,1
6033,近,1723,廷,1
6033,近,2978,沂,1
6033,近,3135,涟,1
6033,近,6032,运,1
6033,近,6034,迓,1
6033,近,6035,返,1
6033,近,6036,迕,1
6033,近,6038,这,1
6033,近,6080,逝,1
6034,迓,5840,赶,1
6034,迓,6026,迂,1
6035,返,4492,终,1
6035,返,6030,迈,1
6036,迕,6034,迓,1
6037,还,16,丕,1
6037,还,563,匝,1
6037,还,1399,它,1
6037,还,2858,止,1
6037,还,5841,起,1
6037,还,5852,足,1
6037,还,6040,远,1
6037,还,6072,逐,1
6037,还,6082,速,1
6038,这,38,丸,1
6038,这,408,冬,1
6038,这,571,区,1
6038,这,6023,辽,1
6038,这,6032,运,1
6038,这,6049,迩,1
6039,进,90,些,1
6039,进,3135,涟,1
6039,进,6034,迓,1
6039,进,6050,迪,1
6040,远,24,丞,1
6040,远,574,匿,1
6040,远,620,压,1
6040,远,1595,嵬,1
6040,远,1609,巡,1
6040,远,1687,应,1
6040,远,3153,淀,1
6040,远,3454,熟,1
6040,远,6023,辽,1
6040,远,6037,还,1
6040,远,6038,这,1
6040,远,6061,送,1
6040,远,6067,选,1
6040,远,6072,逐,1
6040,远,6077,逗,1
6040,远,6092,逸,1
6041,违,1724,建,1
6041,违,2626,查,1
6041,违,2898,毒,1
6041,违,4287,笛,1
6041,违,5611,讳,1
6041,违,6073,逑,1
6042,连,1723,廷,1
6042,连,3083,洼,1
6042,连,4873,臣,1
6042,连,5025,茔,1
6042,连,5092,莛,1
6042,连,5102,莲,1
6042,连,6036,迕,1
6042,连,6041,违,1
6042,连,6064,逄,1
6042,连,6090,逵,1
6043,迟,3022,泌,1
6043,迟,6040,远,1
6044,迢,562,匜,1
6044,迢,3144,涩,1
6044,迢,3215,湜,1
6044,迢,6023,辽,1
6044,迢,6059,追,1
6044,迢,6077,逗,1
6045,迤,2681,桠,1
6045,迤,6091,逶,1
6048,迨,6059,追,1
6049,迩,1745,弥,1
6049,迩,6036,迕,1
6050,迪,6069,逋,1
6051,迫,189,但,1
6051,迫,3080,洹,1
6051,迫,3386,点,1
6051,迫,3757,画,1
6051,迫,6030,迈,1
6051,迫,6031,迎,1
6051,迫,6033,近,1
6051,迫,6059,追,1
6051,迫,6079,逛,1
6051,迫,6112,遨,1
6051,迫,6713,页,1
6052,迭,3113,浩,1
6052,迭,4597,缶,1
6052,迭,5649,诛,1
6052,迭,6061,送,1
6052,迭,6083,造,1
6052,迭,6586,陡,1
6053,迮,6065,逅,1
6054,述,3005,沭,1
6054,述,5836,走,1
6054,述,6029,过,1
6054,述,6037,还,1
6054,述,6039,进,1
6055,迳,6091,逶,1
6056,迷,670,史,1
6056,迷,3227,溇,1
6056,迷,5645,诗,1
6056,迷,5712,谜,1
6056,迷,6063,逃,1
6056,迷,6074,递,1
6056,迷,6076,逖,1
6056,迷,6112,遨,1
6057,迸,6034,迓,1
6057,迸,6070,逍,1
6057,迸,6115,遴,1
6058,迹,1497,屉,1
6058,迹,1704,庶,1
6058,迹,3135,涟,1
6058,迹,5665,诬,1
6058,迹,6032,运,1
6058,迹,6034,迓,1
6058,迹,6057,迸,1
6058,迹,6068,逊,1
6058,迹,6069,逋,1
6058,迹,6073,逑,1
6058,迹,6075,途,1
6058,迹,6095,逾,1
6058,迹,6098,遄,1
6058,迹,6735,颋,1
6058,迹,7167,齑,1
6059,追,1723,廷,1
6059,追,1920,您,1
6059,追,3006,沮,1
6059,追,3051,泻,1
6059,追,4376,簉,1
6059,追,6035,返,1
6059,追,6044,迢,1
6059,追,6049,迩,1
6059,追,6065,逅,1
6059,追,6077,逗,1
6059,追,6081,逞,1
6059,追,6087,逭,1
6059,追,6108,遛,1
6060,退,6077,逗,1
6061,送,1869,总,1
6061,送,2909,毯,1
6061,送,6066,逆,1
6061,送,6067,选,1
6061,送,6092,逸,1
6062,适,558,化,1
6062,适,1382,孟,1
6062,适,1701,庭,1
6062,适,1723,廷,1
6062,适,3082,活,1
6062,适,4303,笾,1
6062,适,4889,舌,1
6062,适,6026,迂,1
6062,适,6048,迨,1
6062,适,6065,逅,1
6063,逃,560,匙,1
6063,逃,6052,迭,1
6063,逃,6067,选,1
6063,逃,6076,逖,1
6064,逄,1193,备,1
6065,逅,3794,疠,1
6065,逅,6048,迨,1
6065,逅,6059,追,1
6065,逅,6079,逛,1
6065,逅,6096,遁,1
6066,逆,1424,宦,1
6066,逆,2985,沌,1
6066,逆,6053,迮,1
6066,逆,6054,述,1
6066,逆,6058,迹,1
6066,逆,6064,逄,1
6066,逆,6074,递,1
6066,逆,6075,途,1
6066,逆,6084,逡,1
6066,逆,6097,遂,1
6066,逆,6104,遒,1
6066,逆,6111,遥,1
6067,选,359,先,1
6067,选,1305,娑,1
6067,选,1793,徒,1
6067,选,6040,远,1
6067,选,6048,迨,1
6067,选,6061,送,1
6067,选,6062,适,1
6067,选,6092,逸,1
6067,选,6106,遗,1
6067,选,6112,遨,1
6068,逊,778,咫,1
6068,逊,5469,补,1
6068,逊,5858,趾,1
6068,逊,5888,跹,1
6068,逊,6072,逐,1
6068,逊,6076,逖,1
6070,逍,5849,趟,1
6070,逍,6069,逋,1
6071,透,1384,季,1
6071,透,1424,宦,1
6071,透,3193,渡,1
6071,透,3301,潘,1
6071,透,6062,适,1
6071,透,6065,逅,1
6071,透,6111,遥,1
6072,逐,2146,拯,1
6072,逐,3785,疑,1
6072,逐,6032,运,1
6072,逐,6063,逃,1
6072,逐,6081,逞,1
6074,递,6066,逆,1
6074,递,6075,途,1
6074,递,6089,逯,1
6074,递,6098,遄,1
6075,途,3121,涂,1
6075,途,6061,送,1
6075,途,6074,递,1
6075,途,6084,逡,1
6075,途,6091,逶,1
6075,途,6257,金,1
6076,逖,5885,跶,1
6076,逖,6047,迦,1
6077,逗,4325,筵,1
6077,逗,6023,辽,1
6078,通,3112,浦,1
6078,通,3118,海,1
6078,通,3187,渔,1
6078,通,6051,迫,1
6078,通,6057,迸,1
6078,通,6069,逋,1
6078,通,6074,递,1
6078,通,6100,遍,1
6078,通,6101,遏,1
6078,通,6105,道,1
6078,通,6109,遢,1
6079,逛,3534,狂,1
6079,逛,5652,诞,1
6079,逛,6045,迤,1
6079,逛,6084,逡,1
6079,逛,6120,邂,1
6079,逛,6122,邈,1
6080,逝,2182,挺,1
6080,逝,2345,攒,1
6080,逝,2398,断,1
6080,逝,6079,逛,1
6080,逝,6112,遨,1
6080,逝,6578,陋,1
6081,逞,726,呈,1
6081,逞,1112,埕,1
6081,逞,2503,暹,1
6081,逞,6027,迄,1
6081,逞,6052,迭,1
6081,逞,6107,遘,1
6082,速,690,吏,1
6082,速,1724,建,1
6082,速,2455,是,1
6082,速,2628,柬,1
6082,速,3738,甚,1
6082,速,6029,过,1
6082,速,6037,还,1
6082,速,6042,连,1
6082,速,6044,迢,1
6082,速,6058,迹,1
6082,速,6073,逑,1
6082,速,6090,逵,1
6083,造,1793,徒,1
6083,造,3194,渣,1
6083,造,4303,笾,1
6083,造,4562,缒,1
6083,造,4592,缱,1
6083,造,6041,违,1
6083,造,6071,透,1
6083,造,6091,逶,1
6083,造,6098,遄,1
6083,造,6107,遘,1
6083,造,6110,遣,1
6085,逢,1424,宦,1
6085,逢,1489,尾,1
6085,逢,3172,淬,1
6085,逢,3314,潼,1
6085,逢,3414,烽,1
6085,逢,4371,篷,1
6085,逢,4573,缝,1
6085,逢,6042,连,1
6085,逢,6081,逞,1
6085,逢,6097,遂,1
6085,逢,6111,遥,1
6086,逦,6058,迹,1
6087,逭,6059,追,1
6088,逮,5735,谴,1
6088,逮,6060,退,1
6088,逮,6082,速,1
6090,逵,3255,滏,1
6090,逵,6082,速,1
6090,逵,6084,逡,1
6090,逵,6097,遂,1
6091,逶,6071,透,1
6092,逸,1821,忘,1
6092,逸,4868,臆,1
6092,逸,5707,谗,1
6092,逸,6027,迄,1
6092,逸,6084,逡,1
6092,逸,6117,遽,1
6093,逻,6055,迳,1
6093,逻,6098,遄,1
6093,逻,6099,遇,1
6093,逻,6101,遏,1
6094,逼,446,函,1
6094,逼,3187,渔,1
6094,逼,6062,适,1
6094,逼,6100,遍,1
6095,逾,5837,赳,1
6095,逾,6058,迹,1
6095,逾,6075,途,1
6096,遁,3814,疽,1
6096,遁,5689,谄,1
6096,遁,6062,适,1
6096,遁,6065,逅,1
6096,遁,6070,逍,1
6096,遁,6080,逝,1
6096,遁,6105,道,1
6096,遁,6827,馗,1
6097,遂,1432,家,1
6097,遂,4362,篚,1
6097,遂,5260,薤,1
6097,遂,6066,逆,1
6097,遂,6089,逯,1
6097,遂,6100,遍,1
6097,遂,6112,遨,1
6097,遂,6121,邃,1
6098,遄,6100,遍,1
6099,遇,3081,洺,1
6099,遇,6045,迤,1
6099,遇,6065,逅,1
6099,遇,6093,逻,1
6099,遇,6102,遐,1
6100,遍,1443,富,1
6100,遍,2049,扈,1
6100,遍,4740,肩,1
6100,遍,6064,逄,1
6100,遍,6078,通,1
6100,遍,6096,遁,1
6100,遍,6104,遒,1
6100,遍,6117,遽,1
6101,遏,3187,渔,1
6101,遏,3197,温,1
6101,遏,6078,通,1
6101,遏,6089,逯,1
6101,遏,6093,逻,1
6101,遏,6107,遘,1
6101,遏,6109,遢,1
6102,遐,3682,瑕,1
6104,遒,3235,溢,1
6105,道,3362,灾,1
6105,道,3923,盗,1
6105,道,4376,簉,1
6105,道,6033,近,1
6105,道,6066,逆,1
6105,道,6094,逼,1
6105,道,6100,遍,1
6105,道,6116,遵,1
6105,道,6680,靼,1
6106,遗,5735,谴,1
6106,遗,6107,遘,1
6106,遗,6112,遨,1
6106,遗,6113,遭,1
6106,遗,6115,遴,1
6107,遘,6069,逋,1
6107,遘,6110,遣,1
6107,遘,6123,邋,1
6108,遛,6079,逛,1
6110,遣,3314,潼,1
6110,遣,5735,谴,1
6110,遣,6084,逡,1
6110,遣,6087,逭,1
6111,遥,6075,途,1
6111,遥,6091,逶,1
6111,遥,6110,遣,1
6112,遨,3917,盏,1
6112,遨,5847,趑,1
6112,遨,6068,逊,1
6112,遨,6119,邀,1
6113,遭,1442,寇,1
6113,遭,5247,蕰,1
6113,遭,5284,蘧,1
6113,遭,6099,遇,1
6113,遭,6107,遘,1
6114,遮,1875,恋,1
6114,遮,3148,涯,1
6114,遮,3341,瀌,1
6114,遮,3833,痣,1
6114,遮,6045,迤,1
6114,遮,6092,逸,1
6114,遮,6094,逼,1
6114,遮,6117,遽,1
6116,遵,2338,擘,1
6116,遵,5102,莲,1
6116,遵,5723,谨,1
6116,遵,6057,迸,1
6116,遵,6071,透,1
6116,遵,6082,速,1
6116,遵,6107,遘,1
6116,遵,6110,遣,1
6116,遵,6113,遭,1
6116,遵,6117,遽,1
6117,遽,6121,邃,1
6118,避,7132,黠,1
6119,邀,3331,激,1
6119,邀,4836,腰,1
6119,邀,6047,迦,1
6119,邀,6122,邈,1
6120,邂,6969,鲤,1
6121,邃,1454,寮,1
6122,邈,6111,遥,1
6124,邑,4963,芭,1
6125,邓,515,劝,1
6125,邓,645,双,1
6125,邓,2020,戏,1
6125,邓,6567,阼,1
6125,邓,6668,非,1
6128,邙,2965,汤,1
6129,邛,1041,圾,1
6129,邛,6127,邗,1
6129,邛,6128,邙,1
6130,邝,4132,祁,1
6130,邝,6127,邗,1
6131,邡,4772,胡,1
6131,邡,6151,郁,1
6132,邢,1766,形,1
6132,邢,4698,耶,1
6133,那,607,即,1
6133,那,819,哪,1
6133,那,1767,彤,1
6133,那,3634,珈,1
6133,那,6157,郎,1
6133,那,6628,雎,1
6134,邦,468,判,1
6134,邦,607,即,1
6134,邦,1740,弗,1
6134,邦,3615,玛,1
6134,邦,3787,疔,1
6134,邦,6129,邛,1
6134,邦,6150,邾,1
6135,邪,604,卯,1
6135,邪,2389,斜,1
6135,邪,4698,耶,1
6135,邪,6189,鄱,1
6135,邪,6839,驴,1
6137,邮,661,叩,1
6137,邮,1242,奶,1
6137,邮,1248,妃,1
6137,邮,1255,妒,1
6137,邮,1866,怫,1
6137,邮,4807,脚,1
6137,邮,6138,邯,1
6137,邮,6147,邺,1
6137,邮,6192,酆,1
6138,邯,2557,杓,1
6138,邯,5028,茚,1
6138,邯,6175,郴,1
6140,邱,609,卵,1
6140,邱,1674,幼,1
6140,邱,4529,绯,1
6140,邱,6128,邙,1
6140,邱,6129,邛,1
6140,邱,6148,邻,1
6140,邱,6172,郫,1
6141,邳,6140,邱,1
6142,邴,42,丽,1
6142,邴,6155,郈,1
6143,邵,605,印,1
6143,邵,607,即,1
6143,邵,819,哪,1
6143,邵,6133,那,1
6143,邵,6136,邬,1
6143,邵,6154,郇,1
6143,邵,6167,郡,1
6143,邵,6170,郧,1
6144,邶,6175,郴,1
6145,邸,6135,邪,1
6145,邸,6140,邱,1
6145,邸,6189,鄱,1
6146,邹,611,卸,1
6146,邹,613,卻,1
6146,邹,3905,皱,1
6146,邹,5755,貂,1
6146,邹,5836,走,1
6146,邹,6148,邻,1
6146,邹,6162,郗,1
6146,邹,6164,郛,1
6146,邹,6833,驭,1
6147,邺,3366,炉,1
6148,邻,613,卻,1
6148,邻,1745,弥,1
6148,邻,2368,敛,1
6148,邻,2393,斤,1
6148,邻,4460,约,1
6148,邻,6128,邙,1
6148,邻,6146,邹,1
6148,邻,6153,郅,1
6150,邾,6132,邢,1
6150,邾,6162,郗,1
6151,郁,145,仰,1
6151,郁,1755,弼,1
6151,郁,4132,祁,1
6151,郁,5453,蠢,1
6151,郁,6155,郈,1
6151,郁,6174,郯,1
6151,郁,6177,都,1
6151,郁,6666,静,1
6152,郄,554,匍,1
6153,郅,6161,郓,1
6153,郅,6164,郛,1
6153,郅,6297,钟,1
6155,郈,6139,邰,1
6156,郊,109,亸,1
6156,郊,613,卻,1
6156,郊,6131,邡,1
6156,郊,6141,邳,1
6157,郎,6182,鄌,1
6158,郏,6134,邦,1
6158,郏,6152,郄,1
6158,郏,6167,郡,1
6159,郐,753,命,1
6160,郑,1774,彰,1
6160,郑,6127,邗,1
6160,郑,6131,邡,1
6160,郑,6135,邪,1
6160,郑,6150,邾,1
6160,郑,6153,郅,1
6160,郑,6164,郛,1
6160,郑,7120,黇,1
6161,郓,4615,罪,1
6162,郗,498,剞,1
6163,郚,6171,部,1
6163,郚,6173,郭,1
6163,郚,6186,鄢,1
6164,郛,4643,羿,1
6164,郛,6490,镩,1
6165,郜,6180,鄂,1
6166,郝,4683,耙,1
6166,郝,6151,郁,1
6166,郝,6152,郄,1
6166,郝,6173,郭,1
6166,郝,6177,都,1
6166,郝,6186,鄢,1
6167,郡,1641,帚,1
6167,郡,3617,玠,1
6167,郡,6014,辟,1
6167,郡,6143,邵,1
6168,郢,6181,鄄,1
6168,郢,6190,鄹,1
6169,郦,42,丽,1
6169,郦,6226,酽,1
6170,郧,6155,郈,1
6170,郧,6156,郊,1
6170,郧,6168,郢,1
6171,部,2853,歆,1
6171,部,2988,沓,1
6171,部,6149,邽,1
6171,部,6186,鄢,1
6171,部,6297,钟,1
6171,部,6313,钯,1
6172,郫,4698,耶,1
6172,郫,6136,邬,1
6173,郭,4132,祁,1
6173,郭,6136,邬,1
6173,郭,6149,邽,1
6173,郭,6157,郎,1
6173,郭,6187,鄣,1
6174,郯,6164,郛,1
6174,郯,6190,鄹,1
6175,郴,1772,彬,1
6175,郴,2221,排,1
6175,郴,2606,枷,1
6175,郴,2747,椰,1
6175,郴,2777,榔,1
6175,郴,4422,糊,1
6175,郴,6166,郝,1
6176,郸,6173,郭,1
6177,都,6156,郊,1
6177,都,6162,郗,1
6177,都,6171,部,1
6177,都,6179,郿,1
6177,都,6184,鄙,1
6177,都,6189,鄱,1
6180,鄂,6165,郜,1
6180,鄂,6168,郢,1
6180,鄂,6192,酆,1
6182,鄌,6183,鄘,1
6183,鄘,6182,鄌,1
6184,鄙,6163,郚,1
6184,鄙,6166,郝,1
6184,鄙,6168,郢,1
6184,鄙,6170,郧,1
6184,鄙,6186,鄢,1
6185,鄞,6181,鄄,1
6187,鄣,6171,部,1
6188,鄯,4847,膂,1
6188,鄯,6185,鄞,1
6189,鄱,6163,郚,1
6189,鄱,6167,郡,1
6189,鄱,6186,鄢,1
6190,鄹,4714,聚,1
6191,酃,6181,鄄,1
6193,酉,26,两,1
6193,酉,6201,酒,1
6194,酊,6197,配,1
6194,酊,6198,酎,1
6195,酋,2519,曾,1
6195,酋,3187,渔,1
6195,酋,4984,苎,1
6195,酋,5118,菌,1
6195,酋,5135,菹,1
6195,酋,6066,逆,1
6195,酋,6193,酉,1
6196,酌,3893,的,1
6196,酌,5753,豹,1
6196,酌,7071,鹋,1
6197,配,4042,砣,1
6197,配,4898,舡,1
6197,配,6204,酝,1
6197,配,7154,鼫,1
6199,酏,6206,酡,1
6201,酒,266,俩,1
6201,酒,3125,涌,1
6201,酒,3197,温,1
6201,酒,3209,湎,1
6201,酒,3220,湮,1
6201,酒,3383,炳,1
6201,酒,6078,通,1
6201,酒,6193,酉,1
6202,酗,6212,酩,1
6202,酗,6225,酹,1
6202,酗,6231,醉,1
6203,酚,4026,砀,1
6203,酚,6142,邴,1
6203,酚,6202,酗,1
6203,酚,6251,釉,1
6203,酚,7152,鼢,1
6204,酝,3725,瓯,1
6204,酝,4274,竽,1
6204,酝,4891,舐,1
6204,酝,6212,酩,1
6205,酞,3586,献,1
6205,酞,6210,酥,1
6206,酡,5743,豌,1
6208,酣,4909,舳,1
6208,酣,6209,酤,1
6210,酥,2655,株,1
6210,酥,4039,砜,1
6210,酥,5874,跞,1
6210,酥,6198,酎,1
6210,酥,6207,酢,1
6210,酥,6211,酦,1
6210,酥,6225,酹,1
6210,酥,6235,醐,1
6210,酥,6236,醑,1
6211,酦,6223,酷,1
6212,酩,202,作,1
6212,酩,3861,瘢,1
6212,酩,7131,黟,1
6213,酪,3303,潞,1
6213,酪,6223,酷,1
6213,酪,6229,醅,1
6214,酬,4064,硎,1
6214,酬,6216,酯,1
6214,酬,6235,醐,1
6215,酮,2442,明,1
6215,酮,6988,鲷,1
6218,酱,973,噙,1
6218,酱,1127,埼,1
6218,酱,1355,嫠,1
6218,酱,5236,蔼,1
6219,酲,6234,醍,1
6219,酲,6237,醒,1
6219,酲,6246,醴,1
6220,酴,6203,酚,1
6220,酴,6210,酥,1
6220,酴,6230,醇,1
6221,酵,6205,酞,1
6221,酵,6230,醇,1
6221,酵,6236,醑,1
6221,酵,6972,鲧,1
6222,酶,4083,碎,1
6223,酷,4249,窟,1
6223,酷,6203,酚,1
6223,酷,6204,酝,1
6223,酷,6205,酞,1
6223,酷,6209,酤,1
6223,酷,6212,酩,1
6223,酷,6213,酪,1
6223,酷,6221,酵,1
6224,酸,2369,敝,1
6224,酸,3898,皎,1
6224,酸,4099,碳,1
6224,酸,6211,酦,1
6224,酸,6217,酰,1
6224,酸,6231,醉,1
6224,酸,6232,醋,1
6225,酹,7083,鹝,1
6227,酾,4066,硒,1
6227,酾,6245,醯,1
6227,酾,6966,鲡,1
6228,酿,3962,眼,1
6228,酿,6207,酢,1
6228,酿,6212,酩,1
6229,醅,6212,酩,1
6229,醅,6222,酶,1
6229,醅,6239,醛,1
6230,醇,6198,酎,1
6230,醇,6225,酹,1
6230,醇,6229,醅,1
6231,醉,4083,碎,1
6231,醉,5397,蝗,1
6232,醋,3309,潲,1
6232,醋,3900,皓,1
6232,醋,6211,酦,1
6234,醍,6242,醪,1
6234,醍,6996,鳀,1
6236,醑,1335,婿,1
6236,醑,6222,酶,1
6237,醒,3272,滩,1
6237,醒,4077,硷,1
6237,醒,4085,碓,1
6237,醒,4096,碰,1
6237,醒,6212,酩,1
6237,醒,6217,酰,1
6237,醒,6230,醇,1
6237,醒,6242,醪,1
6237,醒,7159,鼹,1
6238,醚,3718,瓞,1
6240,醢,4102,碹,1
6240,醢,6245,醯,1
6241,醣,1394,孵,1
6241,醣,6240,醢,1
6242,醪,334,僇,1
6242,醪,6246,醴,1
6243,醭,6244,醮,1
6244,醮,6220,酴,1
6244,醮,6240,醢,1
6245,醯,2899,毓,1
6248,醺,4119,礁,1
6250,采,401,军,1
6250,采,1263,妥,1
6250,采,2541,朱,1
6250,采,2543,朵,1
6250,采,2944,永,1
6250,采,4293,笨,1
6250,采,4392,籴,1
6250,采,4436,系,1
6251,釉,4422,糊,1
6251,釉,4665,翻,1
6251,釉,4705,聃,1
6252,释,2290,搿,1
6252,释,3998,瞬,1
6253,里,726,呈,1
6253,里,1176,墨,1
6253,里,2590,果,1
6253,里,3630,玺,1
6253,里,4407,粤,1
6253,里,5909,踵,1
6253,里,6273,钅,1
6254,重,41,主,1
6254,重,108,亶,1
6254,重,1430,宴,1
6254,重,3630,玺,1
6254,重,3740,生,1
6254,重,5353,蛮,1
6254,重,6553,阜,1
6254,重,6633,雨,1
6255,野,5917,蹄,1
6255,野,6192,酆,1
6255,野,6894,髀,1
6255,野,7134,黥,1
6256,量,397,冕,1
6256,量,1499,屋,1
6256,量,2467,晏,1
6256,量,2531,望,1
6256,量,4268,童,1
6256,量,4344,箧,1
6256,量,5108,莹,1
6256,量,6254,重,1
6257,金,139,令,1
6257,金,371,全,1
6257,金,726,呈,1
6257,金,1074,垂,1
6257,金,1227,奎,1
6257,金,1412,宙,1
6257,金,1525,岔,1
6257,金,2949,汆,1
6257,金,3775,畲,1
6257,金,4289,笠,1
6257,金,4597,缶,1
6257,金,4890,舍,1
6257,金,5294,虚,1
6257,金,5479,衾,1
6258,釜,1573,崟,1
6258,釜,4308,筌,1
6259,鉴,1436,宾,1
6259,鉴,1573,崟,1
6259,鉴,4318,筜,1
6259,鉴,4330,签,1
6259,鉴,4440,紧,1
6259,鉴,6258,釜,1
6260,銍,4204,程,1
6260,銍,6662,霾,1
6261,銎,4308,筌,1
6262,銮,3921,盔,1
6262,銮,6258,釜,1
6264,鋈,3255,滏,1
6265,錾,6269,鏊,1
6265,錾,7135,黧,1
6266,鍠,6969,鲤,1
6269,鏊,3458,熬,1
6269,鏊,6267,鍪,1
6269,鏊,7008,鳌,1
6270,鏖,7107,麈,1
6272,鑫,5452,蠡,1
6273,钅,7184,龟,1
6274,钆,4598,缸,1
6276,针,496,剖,1
6276,针,2911,毵,1
6276,针,5473,衬,1
6276,针,5595,计,1
6276,针,6282,钎,1
6276,针,6315,钱,1
6277,钉,1673,幻,1
6277,钉,3609,玎,1
6277,钉,4463,纩,1
6278,钊,457,刎,1
6279,钋,599,卦,1
6280,钌,6277,钉,1
6280,钌,6354,铝,1
6282,钎,3611,玕,1
6282,钎,5961,轩,1
6282,钎,5975,轷,1
6282,钎,6311,钭,1
6283,钏,6278,钊,1
6284,钐,6309,钫,1
6285,钒,2384,斑,1
6285,钒,4462,纨,1
6285,钒,5562,觊,1
6285,钒,6295,钝,1
6285,钒,6395,锇,1
6285,钒,6781,饥,1
6286,钓,476,制,1
6286,钓,6285,钒,1
6286,钓,6335,铅,1
6287,钔,6283,钏,1
6288,钕,6304,钦,1
6288,钕,6310,钬,1
6289,钗,6361,铤,1
6289,钗,6378,银,1
6290,钘,5857,趼,1
6291,钙,3150,涵,1
6291,钙,4482,纾,1
6291,钙,4496,绌,1
6291,钙,4503,结,1
6291,钙,4892,舒,1
6291,钙,6398,锊,1
6291,钙,6466,镑,1
6291,钙,6804,饽,1
6292,钚,6277,钉,1
6292,钚,6280,钌,1
6292,钚,6442,锸,1
6293,钛,6295,钝,1
6294,钜,4014,矩,1
6294,钜,6316,钲,1
6294,钜,6339,铊,1
6295,钝,6294,钜,1
6295,钝,6319,钵,1
6296,钞,1774,彰,1
6296,钞,5495,袪,1
6296,钞,6278,钊,1
6296,钞,6288,钕,1
6296,钞,6320,钶,1
6296,钞,6335,铅,1
6296,钞,6340,铋,1
6297,钟,608,却,1
6297,钟,4489,绅,1
6297,钟,5610,讲,1
6297,钟,6330,铀,1
6297,钟,6385,铽,1
6298,钠,1779,彻,1
6298,钠,4472,纳,1
6298,钠,5476,衲,1
6298,钠,5631,诉,1
6298,钠,6286,钓,1
6298,钠,6300,钢,1
6298,钠,6330,铀,1
6298,钠,6332,铂,1
6298,钠,6340,铋,1
6298,钠,6342,铍,1
6298,钠,6392,锄,1
6299,钡,2984,沉,1
6299,钡,3457,熨,1
6299,钡,3537,狈,1
6299,钡,4491,织,1
6299,钡,5562,觊,1
6299,钡,6307,钩,1
6299,钡,6327,钽,1
6299,钡,6376,铴,1
6300,钢,6303,钥,1
6300,钢,6329,钿,1
6300,钢,6356,铟,1
6301,钣,5773,贩,1
6301,钣,6304,钦,1
6301,钣,6406,锒,1
6301,钣,6788,饭,1
6302,钤,6366,铪,1
6302,钤,6374,铲,1
6302,钤,6469,镔,1
6303,钥,2530,朗,1
6303,钥,4471,纲,1
6303,钥,4646,翊,1
6303,钥,6298,钠,1
6303,钥,6300,钢,1
6303,钥,6305,钧,1
6303,钥,6328,钾,1
6303,钥,6347,铕,1
6303,钥,6356,铟,1
6303,钥,6629,雏,1
6304,钦,1787,很,1
6304,钦,2846,欲,1
6304,钦,2848,欸,1
6304,钦,2926,氙,1
6304,钦,6719,须,1
6304,钦,6789,饮,1
6305,钧,1044,均,1
6305,钧,3543,狗,1
6305,钧,4539,绹,1
6305,钧,6300,钢,1
6305,钧,6376,铴,1
6306,钨,1057,坞,1
6306,钨,4497,绍,1
6306,钨,4508,给,1
6306,钨,6352,铛,1
6306,钨,6417,锝,1
6306,钨,7031,鸡,1
6306,钨,7037,鸨,1
6306,钨,7057,鸽,1
6306,钨,7066,鹆,1
6306,钨,7084,鹞,1
6307,钩,4646,翊,1
6307,钩,5661,诧,1
6307,钩,6300,钢,1
6307,钩,6329,钿,1
6307,钩,6376,铴,1
6307,钩,6792,饱,1
6307,钩,6951,鲍,1
6308,钪,4902,航,1
6308,钪,6325,钻,1
6309,钫,6284,钐,1
6309,钫,6291,钙,1
6309,钫,6318,钴,1
6309,钫,6354,铝,1
6310,钬,4180,秋,1
6310,钬,6331,铁,1
6311,钭,4454,纠,1
6311,钭,6276,针,1
6312,钮,4803,脓,1
6312,钮,6313,钯,1
6312,钮,6314,钰,1
6312,钮,6327,钽,1
6312,钮,6361,铤,1
6312,钮,6764,飓,1
6312,钮,6793,饲,1
6312,钮,6942,鲃,1
6313,钯,6341,铌,1
6314,钰,6260,銍,1
6315,钱,1737,弑,1
6315,钱,2026,戗,1
6315,钱,2028,戚,1
6315,钱,3088,浅,1
6315,钱,4483,线,1
6315,钱,4502,绒,1
6315,钱,4792,能,1
6315,钱,5884,践,1
6315,钱,6276,针,1
6315,钱,6351,铙,1
6315,钱,6395,锇,1
6316,钲,6313,钯,1
6317,钳,1462,封,1
6317,钳,5462,衔,1
6317,钳,6315,钱,1
6317,钳,6330,铀,1
6317,钳,6348,铖,1
6317,钳,6390,锂,1
6318,钴,6325,钻,1
6318,钴,6366,铪,1
6318,钴,6377,铵,1
6319,钵,4457,纣,1
6319,钵,5492,袜,1
6319,钵,6292,钚,1
6319,钵,6298,钠,1
6319,钵,6315,钱,1
6319,钵,6322,钸,1
6319,钵,6343,铎,1
6319,钵,6350,铘,1
6319,钵,6363,铧,1
6319,钵,6384,铼,1
6320,钶,6307,钩,1
6320,钶,6353,铜,1
6321,钷,6294,钜,1
6321,钷,6680,靼,1
6322,钸,5989,辅,1
6322,钸,6337,铈,1
6322,钸,6791,饰,1
6323,钹,6426,锧,1
6323,钹,6943,鲅,1
6324,钺,6385,铽,1
6325,钻,4457,纣,1
6325,钻,4500,绐,1
6325,钻,6287,钔,1
6325,钻,6291,钙,1
6325,钻,6309,钫,1
6325,钻,6445,锻,1
6325,钻,7084,鹞,1
6326,钼,6329,钿,1
6326,钼,6346,铒,1
6326,钼,6353,铜,1
6326,钼,6985,鲴,1
6327,钽,4014,矩,1
6327,钽,6326,钼,1
6327,钽,6969,鲤,1
6328,钾,6290,钘,1
6329,钿,6312,钮,1
6329,钿,6320,钶,1
6329,钿,6327,钽,1
6329,钿,6330,铀,1
6330,铀,4490,细,1
6330,铀,6298,钠,1
6330,铀,6329,钿,1
6330,铀,6332,铂,1
6330,铀,6342,铍,1
6330,铀,6346,铒,1
6330,铀,6356,铟,1
6331,铁,200,佚,1
6331,铁,4191,秩,1
6331,铁,5683,课,1
6331,铁,5974,轶,1
6331,铁,6389,锁,1
6331,铁,6419,锟,1
6331,铁,6450,镁,1
6331,铁,6786,饫,1
6332,铂,3021,泊,1
6332,铂,3632,珀,1
6332,铂,3719,瓠,1
6332,铂,6321,钷,1
6332,铂,6325,钻,1
6332,铂,6329,钿,1
6332,铂,6379,铷,1
6332,铂,6442,锸,1
6332,铂,6950,鲌,1
6333,铃,3030,泛,1
6333,铃,3627,玲,1
6333,铃,4629,羚,1
6333,铃,5878,跨,1
6333,铃,6364,铨,1
6333,铃,6369,铭,1
6333,铃,6445,锻,1
6334,铄,4450,繇,1
6334,铄,6365,铩,1
6335,铅,415,冶,1
6335,铅,3394,烈,1
6335,铅,4500,绐,1
6335,铅,4508,给,1
6335,铅,4915,船,1
6335,铅,6284,钐,1
6335,铅,6285,钒,1
6335,铅,6325,钻,1
6335,铅,6369,铭,1
6335,铅,6431,锬,1
6335,铅,6795,饴,1
6335,铅,7080,鹚,1
6337,铈,6322,钸,1
6337,铈,6355,铞,1
6337,铈,6382,铺,1
6338,铉,6362,铥,1
6338,铉,6400,锌,1
6338,铉,6407,锓,1
6339,铊,6432,锭,1
6339,铊,6951,鲍,1
6340,铋,6367,铫,1
6340,铋,6442,锸,1
6341,铌,4532,绲,1
6341,铌,6378,银,1
6341,铌,6440,锶,1
6343,铎,4498,绎,1
6343,铎,6346,铒,1
6343,铎,6490,镩,1
6344,铐,4450,繇,1
6344,铐,6398,锊,1
6344,铐,6481,镠,1
6344,铐,6979,鲮,1
6345,铑,6333,铃,1
6345,铑,6431,锬,1
6346,铒,6328,钾,1
6346,铒,6462,镍,1
6347,铕,6322,钸,1
6347,铕,6388,销,1
6347,铕,6416,锜,1
6347,铕,6442,锸,1
6348,铖,6385,铽,1
6348,铖,6828,馘,1
6349,铗,6331,铁,1
6351,铙,6391,锃,1
6351,铙,6797,饶,1
6352,铛,3649,珰,1
6352,铛,4320,筠,1
6352,铛,4493,绉,1
6352,铛,5534,褚,1
6352,铛,6357,铠,1
6352,铛,6370,铮,1
6352,铛,6391,锃,1
6352,铛,6394,锆,1
6352,铛,6398,锊,1
6352,铛,6411,锗,1
6352,铛,6413,错,1
6352,铛,6414,锚,1
6352,铛,6467,镒,1
6353,铜,3067,洞,1
6353,铜,4648,翎,1
6353,铜,6326,钼,1
6353,铜,6358,铡,1
6353,铜,6793,饲,1
6354,铝,4491,织,1
6354,铝,4497,绍,1
6354,铝,4552,缆,1
6354,铝,5308,蚀,1
6354,铝,6325,钻,1
6354,铝,6393,锅,1
6354,铝,6394,锆,1
6354,铝,6413,错,1
6355,铞,6425,锦,1
6358,铡,4471,纲,1
6358,铡,6429,锪,1
6359,铢,2875,殊,1
6359,铢,6319,钵,1
6359,铢,6331,铁,1
6359,铢,6418,锞,1
6360,铣,1213,失,1
6360,铣,3063,洗,1
6360,铣,4468,纯,1
6360,铣,4491,织,1
6360,铣,6349,铗,1
6360,铣,6351,铙,1
6360,铣,6404,锐,1
6360,铣,6460,镋,1
6361,铤,6386,链,1
6362,铥,6338,铉,1
6362,铥,6351,铙,1
6362,铥,6361,铤,1
6364,铨,6366,铪,1
6365,铩,5748,豨,1
6366,铪,6368,铬,1
6366,铪,6435,锰,1
6367,铫,6443,锹,1
6368,铬,3436,煞,1
6368,铬,3642,珞,1
6368,铬,4508,给,1
6368,铬,6284,钐,1
6368,铬,6335,铅,1
6368,铬,6366,铪,1
6368,铬,6383,铻,1
6368,铬,6394,锆,1
6368,铬,6430,锫,1
6368,铬,6434,锯,1
6368,铬,6941,鲂,1
6369,铭,3436,煞,1
6369,铭,5739,豁,1
6369,铭,5757,貉,1
6369,铭,5862,跆,1
6369,铭,5986,辂,1
6369,铭,6325,钻,1
6369,铭,6354,铝,1
6369,铭,6366,铪,1
6369,铭,6375,铳,1
6369,铭,6394,锆,1
6369,铭,6412,锘,1
6369,铭,6470,镕,1
6369,铭,6986,鲵,1
6370,铮,109,亸,1
6370,铮,6400,锌,1
6370,铮,6425,锦,1
6370,铮,6666,静,1
6371,铯,6370,铮,1
6372,铰,2890,殿,1
6372,铰,3436,煞,1
6372,铰,4892,舒,1
6372,铰,6323,钹,1
6372,铰,6340,铋,1
6372,铰,6368,铬,1
6372,铰,6375,铳,1
6372,铰,6445,锻,1
6372,铰,6448,锿,1
6372,铰,6465,镐,1
6373,铱,233,依,1
6373,铱,3022,泌,1
6373,铱,6301,钣,1
6373,铱,6339,铊,1
6373,铱,6360,铣,1
6373,铱,6362,铥,1
6373,铱,6369,铭,1
6373,铱,6375,铳,1
6373,铱,6406,锒,1
6373,铱,6774,飨,1
6374,铲,3098,浐,1
6374,铲,4482,纾,1
6374,铲,6282,钎,1
6374,铲,6284,钐,1
6374,铲,6291,钙,1
6374,铲,6302,钤,1
6374,铲,6320,钶,1
6375,铳,3785,疑,1
6375,铳,6295,钝,1
6375,铳,6460,镋,1
6376,铴,6369,铭,1
6376,铴,6995,鲾,1
6377,铵,4410,粮,1
6377,铵,6330,铀,1
6378,银,1787,很,1
6378,银,5875,跟,1
6378,银,6341,铌,1
6378,银,6429,锪,1
6379,铷,6340,铋,1
6379,铷,6358,铡,1
6380,铸,6315,钱,1
6380,铸,6439,锵,1
6380,铸,6471,镖,1
6381,铹,6461,镌,1
6381,铹,6474,镙,1
6382,铺,6475,镚,1
6382,铺,6957,鲔,1
6383,铻,6294,钜,1
6383,铻,6434,锯,1
6383,铻,6470,镕,1
6383,铻,7177,龉,1
6384,铼,4722,肆,1
6384,铼,6359,铢,1
6385,铽,6324,钺,1
6385,铽,6348,铖,1
6386,链,3135,涟,1
6386,链,4562,缒,1
6386,链,6439,锵,1
6386,链,6480,镟,1
6387,铿,6436,锱,1
6387,铿,6492,镫,1
6388,销,1790,律,1
6388,销,3091,浈,1
6388,销,3156,淆,1
6388,销,6016,辨,1
6388,销,6352,铛,1
6388,销,6376,铴,1
6388,销,6414,锚,1
6388,销,6439,锵,1
6388,销,6810,馅,1
6389,锁,319,偾,1
6389,锁,1780,彼,1
6389,锁,3660,琐,1
6389,锁,4477,纸,1
6389,锁,4552,缆,1
6389,锁,4556,缋,1
6389,锁,6015,辣,1
6389,锁,6304,钦,1
6389,锁,6323,钹,1
6389,锁,6357,铠,1
6389,锁,6376,铴,1
6389,锁,6404,锐,1
6389,锁,6431,锬,1
6389,锁,6432,锭,1
6389,锁,6456,镇,1
6389,锁,6480,镟,1
6389,锁,6730,领,1
6390,锂,6440,锶,1
6392,锄,1779,彻,1
6392,锄,4554,缈,1
6392,锄,6326,钼,1
6392,锄,6329,钿,1
6392,锄,6409,锕,1
6393,锅,4270,竭,1
6393,锅,4551,缅,1
6393,锅,4576,缡,1
6393,锅,6298,钠,1
6393,锅,6376,铴,1
6393,锅,6420,锡,1
6393,锅,6495,镯,1
6394,锆,2699,梏,1
6394,锆,6366,铪,1
6394,锆,6383,铻,1
6395,锇,2363,敏,1
6395,锇,6348,铖,1
6395,锇,6367,铫,1
6396,锈,3250,滂,1
6396,锈,4569,缙,1
6396,锈,5670,诱,1
6396,锈,6354,铝,1
6396,锈,6423,锤,1
6396,锈,6461,镌,1
6397,锉,4485,绁,1
6397,锉,5649,诛,1
6397,锉,6312,钮,1
6397,锉,6361,铤,1
6397,锉,6364,铨,1
6397,锉,6367,铫,1
6397,锉,6386,链,1
6397,锉,6492,镫,1
6398,锊,6383,铻,1
6399,锋,4345,箨,1
6399,锋,6364,铨,1
6399,锋,6370,铮,1
6399,锋,6415,锛,1
6399,锋,6424,锥,1
6399,锋,6463,镎,1
6399,锋,6490,镩,1
6400,锌,4458,纤,1
6400,锌,4463,纩,1
6400,锌,4510,绛,1
6400,锌,4582,缧,1
6400,锌,4602,罅,1
6400,锌,6343,铎,1
6400,锌,6363,铧,1
6400,锌,6374,铲,1
6400,锌,6384,铼,1
6400,锌,6399,锋,1
6400,锌,6463,镎,1
6400,锌,6490,镩,1
6401,锍,6360,铣,1
6402,锎,6353,铜,1
6403,锏,6353,铜,1
6403,锏,7153,鼩,1
6404,锐,4552,缆,1
6404,锐,6308,钪,1
6404,锐,6340,铋,1
6404,锐,6360,铣,1
6404,锐,6375,铳,1
6404,锐,6389,锁,1
6404,锐,6401,锍,1
6404,锐,6419,锟,1
6404,锐,6469,镔,1
6404,锐,6477,镜,1
6405,锑,4523,绨,1
6405,锑,4578,缣,1
6405,锑,6357,铠,1
6406,锒,6378,银,1
6406,锒,6448,锿,1
6408,锔,4385,簪,1
6408,锔,6280,钌,1
6408,锔,6420,锡,1
6408,锔,6434,锯,1
6410,锖,6347,铕,1
6410,锖,6388,销,1
6410,锖,6416,锜,1
6411,锗,4525,绪,1
6411,锗,6383,铻,1
6411,锗,6412,锘,1
6411,锗,6416,锜,1
6411,锗,6489,镨,1
6412,锘,6383,铻,1
6412,锘,6394,锆,1
6412,锘,6813,馈,1
6413,错,328,储,1
6413,错,1148,堵,1
6413,错,2286,搭,1
6413,错,4565,缕,1
6413,错,4569,缙,1
6413,错,6335,铅,1
6413,错,6345,铑,1
6413,错,6412,锘,1
6413,错,6417,锝,1
6413,错,6489,镨,1
6413,错,6813,馈,1
6414,锚,310,偕,1
6414,锚,4531,绱,1
6414,锚,6318,钴,1
6414,锚,6382,铺,1
6414,锚,6388,销,1
6414,锚,6411,锗,1
6414,锚,6413,错,1
6414,锚,6436,锱,1
6414,锚,6438,锴,1
6414,锚,6467,镒,1
6414,锚,6478,镝,1
6414,锚,6489,镨,1
6414,锚,6495,镯,1
6414,锚,6694,鞧,1
6414,锚,6819,馏,1
6415,锛,6416,锜,1
6415,锛,6451,镂,1
6415,锛,6456,镇,1
6415,锛,7024,鳞,1
6416,锜,6344,铐,1
6416,锜,6380,铸,1
6417,锝,6420,锡,1
6417,锝,6457,镈,1
6418,锞,6867,骒,1
6419,锟,6341,铌,1
6419,锟,6378,银,1
6419,锟,6440,锶,1
6419,锟,6983,鲲,1
6420,锡,4320,筠,1
6420,锡,5526,裼,1
6420,锡,6393,锅,1
6420,锡,6422,锣,1
6420,锡,6440,锶,1
6420,锡,6452,镃,1
6420,锡,6814,馉,1
6421,锢,6985,鲴,1
6422,锣,1778,役,1
6422,锣,2745,椤,1
6422,锣,2891,毁,1
6422,锣,4536,绶,1
6422,锣,4581,缦,1
6422,锣,5716,谡,1
6422,锣,6390,锂,1
6422,锣,6393,锅,1
6422,锣,6492,镫,1
6422,锣,6984,鲳,1
6423,锤,6401,锍,1
6423,锤,6442,锸,1
6424,锥,329,傩,1
6424,锥,4500,绐,1
6424,锥,4534,维,1
6424,锥,6266,鍠,1
6424,锥,6436,锱,1
6424,锥,6439,锵,1
6424,锥,6461,镌,1
6424,锥,6491,镪,1
6424,锥,6628,雎,1
6424,锥,6629,雏,1
6425,锦,6337,铈,1
6425,锦,6405,锑,1
6425,锦,6418,锞,1
6425,锦,6486,镥,1
6426,锧,5100,莰,1
6426,锧,6389,锁,1
6426,锧,6434,锯,1
6427,锨,311,做,1
6427,锨,2857,歙,1
6427,锨,6389,锁,1
6427,锨,6431,锬,1
6427,锨,6445,锻,1
6428,锩,6451,镂,1
6428,锩,6467,镒,1
6429,锪,6369,铭,1
6429,锪,6470,镕,1
6430,锫,6394,锆,1
6430,锫,6470,镕,1
6432,锭,1780,彼,1
6432,锭,6357,铠,1
6432,锭,6361,铤,1
6432,锭,6404,锐,1
6432,锭,6789,饮,1
6433,键,3519,犍,1
6433,键,3658,琎,1
6433,键,7158,鼷,1
6434,锯,293,倨,1
6434,锯,3661,琚,1
6434,锯,5527,裾,1
6434,锯,6383,铻,1
6434,锯,6412,锘,1
6434,锯,6442,锸,1
6434,锯,6444,锺,1
6435,锰,3197,温,1
6435,锰,3911,盆,1
6435,锰,6327,钽,1
6435,锰,6442,锸,1
6435,锰,6452,镃,1
6435,锰,6467,镒,1
6435,锰,6494,镭,1
6436,锱,6464,镏,1
6438,锴,6411,锗,1
6438,锴,6413,错,1
6438,锴,6464,镏,1
6438,锴,6829,香,1
6440,锶,6419,锟,1
6440,锶,6999,鳃,1
6441,锷,6481,镠,1
6442,锸,6478,镝,1
6443,锹,3219,湫,1
6443,锹,6379,铷,1
6443,锹,6395,锇,1
6443,锹,6427,锨,1
6443,锹,6433,键,1
6444,锺,6423,锤,1
6445,锻,4595,缴,1
6445,锻,6301,钣,1
6445,锻,6427,锨,1
6445,锻,6443,锹,1
6445,锻,6631,雕,1
6446,锼,6361,铤,1
6446,锼,6437,锲,1
6446,锼,6440,锶,1
6446,锼,6815,馊,1
6447,锾,6453,镄,1
6448,锿,6406,锒,1
6449,镀,3193,渡,1
6449,镀,4561,缑,1
6449,镀,6301,钣,1
6449,镀,6342,铍,1
6449,镀,6448,锿,1
6449,镀,6479,镞,1
6450,镁,4561,缑,1
6450,镁,6431,锬,1
6450,镁,6444,锺,1
6450,镁,6447,锾,1
6450,镁,6451,镂,1
6450,镁,6463,镎,1
6450,镁,6502,镶,1
6453,镄,6413,错,1
6454,镅,6408,锔,1
6455,镆,6450,镁,1
6455,镆,6818,馍,1
6456,镇,6266,鍠,1
6456,镇,6444,锺,1
6456,镇,6451,镂,1
6456,镇,6457,镈,1
6456,镇,6469,镔,1
6456,镇,6980,鲯,1
6457,镈,6382,铺,1
6459,镊,3161,淑,1
6459,镊,6445,锻,1
6460,镋,6339,铊,1
6461,镌,6490,镩,1
6462,镍,2779,榘,1
6462,镍,4535,绵,1
6462,镍,4580,缥,1
6462,镍,5903,踩,1
6462,镍,6337,铈,1
6462,镍,6346,铒,1
6462,镍,6359,铢,1
6462,镍,6417,锝,1
6462,镍,6425,锦,1
6462,镍,6498,镲,1
6463,镎,6490,镩,1
6464,镏,6495,镯,1
6464,镏,7064,鹄,1
6465,镐,3521,犒,1
6465,镐,4165,福,1
6465,镐,4219,稿,1
6465,镐,4576,缡,1
6465,镐,6306,钨,1
6465,镐,6307,钩,1
6465,镐,6430,锫,1
6465,镐,6457,镈,1
6465,镐,6458,镉,1
6465,镐,6810,馅,1
6466,镑,4105,磅,1
6466,镑,4518,绣,1
6466,镑,6161,郓,1
6466,镑,6380,铸,1
6466,镑,6381,铹,1
6466,镑,6441,锷,1
6466,镑,6461,镌,1
6467,镒,6428,锩,1
6468,镓,6401,锍,1
6469,镔,6432,锭,1
6469,镔,6470,镕,1
6470,镕,3303,潞,1
6470,镕,3450,熔,1
6472,镗,6492,镫,1
6473,镘,6822,馒,1
6473,镘,7018,鳗,1
6474,镙,6417,锝,1
6476,镛,6496,镰,1
6477,镜,4144,祝,1
6477,镜,4514,统,1
6477,镜,6360,铣,1
6477,镜,6404,锐,1
6477,镜,6426,锧,1
6477,镜,6485,镤,1
6477,镜,6497,镱,1
6479,镞,6409,锕,1
6480,镟,6323,钹,1
6482,镡,6494,镭,1
6484,镣,1163,墀,1
6484,镣,2167,挞,1
6484,镣,3306,潦,1
6484,镣,4221,穄,1
6485,镤,6451,镂,1
6485,镤,6455,镆,1
6486,镥,6489,镨,1
6487,镦,4795,脉,1
6487,镦,6009,辙,1
6487,镦,6498,镲,1
6489,镨,6410,锖,1
6490,镩,6466,镑,1
6491,镪,6805,饿,1
6492,镫,6387,铿,1
6493,镬,6455,镆,1
6494,镭,1805,德,1
6494,镭,4555,缉,1
6494,镭,4576,缡,1
6494,镭,4590,缯,1
6494,镭,6464,镏,1
6494,镭,6478,镝,1
6495,镯,6474,镙,1
6496,镰,288,倞,1
6496,镰,3332,濂,1
6496,镰,3495,牖,1
6496,镰,4571,缛,1
6496,镰,4575,缠,1
6496,镰,6476,镛,1
6496,镰,6500,镴,1
6497,镱,6451,镂,1
6498,镲,6471,镖,1
6498,镲,6502,镶,1
6498,镲,6814,馉,1
6499,镳,6497,镱,1
6502,镶,3653,琅,1
6502,镶,4563,缓,1
6502,镶,6447,锾,1
6502,镶,6455,镆,1
6502,镶,6461,镌,1
6502,镶,6497,镱,1
6503,长,564,匠,1
6503,长,1075,垃,1
6503,长,1404,安,1
6503,长,1485,尺,1
6503,长,1869,总,1
6503,长,3524,犬,1
6504,门,398,冖,1
6504,门,1397,宀,1
6504,门,2401,方,1
6505,闩,2951,汈,1
6506,闪,392,冈,1
6506,闪,1607,川,1
6506,闪,2384,斑,1
6506,闪,2951,汈,1
6506,闪,2966,汨,1
6506,闪,6517,闶,1
6507,闫,3929,目,1
6508,闭,1531,岛,1
6508,闭,3744,甪,1
6508,闭,4471,纲,1
6508,闭,6527,阀,1
6508,闭,6544,阑,1
6509,问,203,佝,1
6509,问,553,匈,1
6509,问,3017,泃,1
6509,问,6505,闩,1
6509,问,6524,闽,1
6509,问,6569,阿,1
6510,闯,1002,囝,1
6510,闯,1003,回,1
6510,闯,1009,囫,1
6510,闯,1014,囵,1
6510,闯,5635,词,1
6510,闯,6508,闭,1
6510,闯,6521,闺,1
6510,闯,6522,闻,1
6510,闯,6526,闿,1
6510,闯,6533,阆,1
6511,闰,1010,园,1
6511,闰,1016,固,1
6511,闰,1017,国,1
6511,闰,3749,田,1
6511,闰,6507,闫,1
6511,闰,6510,闯,1
6511,闰,6521,闺,1
6512,闱,3010,沸,1
6512,闱,6552,阚,1
6513,闲,201,佛,1
6513,闲,3742,用,1
6513,闲,3744,甪,1
6513,闲,4604,网,1
6513,闲,6506,闪,1
6513,闲,6522,闻,1
6513,闲,6535,阈,1
6513,闲,6544,阑,1
6514,闳,1005,因,1
6514,闳,6523,闼,1
6514,闳,6538,阋,1
6515,间,1003,回,1
6515,间,1786,徇,1
6515,间,3009,河,1
6515,间,3079,洵,1
6515,间,3142,涧,1
6515,间,3434,煎,1
6515,间,6511,闰,1
6515,间,6518,闷,1
6515,间,6535,阈,1
6515,间,6538,阋,1
6516,闵,6511,闰,1
6518,闷,1808,心,1
6518,闷,3019,泅,1
6518,闷,6506,闪,1
6518,闷,6527,阀,1
6519,闸,4897,舟,1
6519,闸,6524,闽,1
6519,闸,6525,闾,1
6520,闹,3212,湖,1
6520,闹,4764,胖,1
6520,闹,6529,阂,1
6520,闹,6531,阄,1
6520,闹,6535,阈,1
6520,闹,6544,阑,1
6520,闹,6551,阙,1
6520,闹,6552,阚,1
6521,闺,1006,囡,1
6521,闺,1008,囤,1
6521,闺,1013,围,1
6521,闺,3024,泓,1
6521,闺,3102,浔,1
6521,闺,3163,淘,1
6521,闺,3236,溥,1
6521,闺,4605,罔,1
6521,闺,6511,闰,1
6521,闺,6526,闿,1
6521,闺,6529,阂,1
6521,闺,6532,阅,1
6521,闺,6539,阌,1
6521,闺,6544,阑,1
6521,闺,6549,阗,1
6522,闻,1017,国,1
6522,闻,1024,圉,1
6522,闻,3017,泃,1
6522,闻,5635,词,1
6522,闻,6511,闰,1
6522,闻,6519,闸,1
6522,闻,6540,阍,1
6522,闻,6543,阐,1
6524,闽,3039,泪,1
6524,闽,3067,洞,1
6524,闽,6512,闱,1
6524,闽,6514,闳,1
6524,闽,6525,闾,1
6524,闽,6526,闿,1
6524,闽,6530,阃,1
6524,闽,6533,阆,1
6524,闽,6537,阊,1
6525,闾,6510,闯,1
6525,闾,6524,闽,1
6525,闾,6526,闿,1
6525,闾,6532,阅,1
6525,闾,6539,阌,1
6525,闾,6541,阎,1
6526,闿,6538,阋,1
6526,闿,6539,阌,1
6526,闿,6547,阕,1
6527,阀,1412,宙,1
6527,阀,3057,洇,1
6527,阀,3744,甪,1
6527,阀,6508,闭,1
6527,阀,6533,阆,1
6527,阀,6539,阌,1
6527,阀,6540,阍,1
6528,阁,1002,囝,1
6528,阁,4013,矧,1
6528,阁,5688,调,1
6528,阁,6510,闯,1
6528,阁,6512,闱,1
6528,阁,6517,闶,1
6528,阁,6529,阂,1
6528,阁,6536,阉,1
6528,阁,6542,阏,1
6529,阂,2986,沏,1
6529,阂,6507,闫,1
6529,阂,6524,闽,1
6529,阂,6532,阅,1
6529,阂,6534,阇,1
6529,阂,6538,阋,1
6529,阂,6539,阌,1
6529,阂,6550,阘,1
6529,阂,6551,阙,1
6529,阂,6552,阚,1
6530,阃,6510,闯,1
6531,阄,6538,阋,1
6531,阄,6550,阘,1
6532,阅,687,同,1
6532,阅,3228,溉,1
6532,阅,6511,闰,1
6532,阅,6517,闶,1
6532,阅,6525,闾,1
6532,阅,6531,阄,1
6532,阅,6533,阆,1
6532,阅,6537,阊,1
6532,阅,6539,阌,1
6532,阅,6549,阗,1
6532,阅,6551,阙,1
6533,阆,6532,阅,1
6533,阆,6539,阌,1
6534,阇,3086,流,1
6534,阇,6514,闳,1
6535,阈,6520,闹,1
6535,阈,6540,阍,1
6536,阉,184,伺,1
6536,阉,1014,囵,1
6536,阉,6532,阅,1
6536,阉,6540,阍,1
6536,阉,6549,阗,1
6537,阊,6531,阄,1
6537,阊,6541,阎,1
6537,阊,6548,阖,1
6537,阊,6550,阘,1
6538,阋,6531,阄,1
6540,阍,6539,阌,1
6541,阎,1012,囱,1
6541,阎,6510,闯,1
6541,阎,6518,闷,1
6541,阎,6520,闹,1
6541,阎,6528,阁,1
6541,阎,6532,阅,1
6541,阎,6534,阇,1
6541,阎,6546,阔,1
6541,阎,6548,阖,1
6542,阏,6546,阔,1
6542,阏,6551,阙,1
6543,阐,1024,圉,1
6543,阐,6510,闯,1
6543,阐,6521,闺,1
6543,阐,6531,阄,1
6543,阐,6532,阅,1
6543,阐,6535,阈,1
6543,阐,6539,阌,1
6543,阐,6544,阑,1
6543,阐,6545,阒,1
6543,阐,6548,阖,1
6544,阑,6523,闼,1
6544,阑,6524,闽,1
6544,阑,6537,阊,1
6544,阑,6545,阒,1
6544,阑,6549,阗,1
6544,阑,6633,雨,1
6545,阒,1015,囹,1
6545,阒,6544,阑,1
6546,阔,3067,洞,1
6546,阔,3141,润,1
6546,阔,3340,濯,1
6546,阔,4762,胍,1
6546,阔,5317,蚜,1
6546,阔,5635,词,1
6546,阔,6525,闾,1
6546,阔,6527,阀,1
6546,阔,6534,阇,1
6546,阔,6542,阏,1
6547,阕,6539,阌,1
6548,阖,6526,闿,1
6548,阖,6531,阄,1
6549,阗,6521,闺,1
6551,阙,6550,阘,1
6551,阙,6552,阚,1
6552,阚,6542,阏,1
6553,阜,77,争,1
6553,阜,78,事,1
6553,阜,106,亳,1
6553,阜,1428,宰,1
6553,阜,1732,弇,1
6553,阜,2155,拿,1
6553,阜,2600,枭,1
6553,阜,3192,渠,1
6553,阜,6616,隼,1
6553,阜,6623,集,1
6554,阝,46,乃,1
6554,阝,1667,干,1
6555,队,140,以,1
6555,队,1839,怀,1
6555,队,5859,趿,1
6557,阢,6559,阮,1
6558,阪,653,叛,1
6559,阮,1988,慨,1
6559,阮,2981,沅,1
6559,阮,3110,浣,1
6559,阮,4744,肮,1
6559,阮,6019,辰,1
6559,阮,6587,院,1
6560,阱,3225,溅,1
6560,阱,4032,砑,1
6561,防,3082,活,1
6561,防,4741,肪,1
6561,防,5869,跖,1
6561,防,6573,际,1
6562,阳,607,即,1
6562,阳,3632,珀,1
6562,阳,5490,袖,1
6562,阳,6018,辫,1
6562,阳,6566,阻,1
6562,阳,6567,阼,1
6562,阳,6569,阿,1
6562,阳,6579,陌,1
6562,阳,7089,鹤,1
6563,阴,2525,朋,1
6563,阴,2530,朗,1
6563,阴,2532,朝,1
6563,阴,4646,翊,1
6563,阴,6572,附,1
6563,阴,6703,韧,1
6564,阵,622,厍,1
6564,阵,4036,砗,1
6564,阵,6573,际,1
6564,阵,6580,降,1
6564,阵,6594,陲,1
6565,阶,3185,渐,1
6565,阶,3617,玠,1
6565,阶,6399,锋,1
6565,阶,6569,阿,1
6565,阶,6579,陌,1
6565,阶,6888,骱,1
6566,阻,4488,组,1
6566,阻,4760,胆,1
6566,阻,5489,袒,1
6566,阻,5867,跐,1
6566,阻,6560,阱,1
6566,阻,7171,龃,1
6567,阼,4041,砟,1
6568,阽,1766,形,1
6568,阽,6559,阮,1
6569,阿,3488,牁,1
6569,阿,3633,珂,1
6569,阿,6546,阔,1
6569,阿,6597,陶,1
6569,阿,6793,饲,1
6570,陀,6561,防,1
6570,陀,6589,陧,1
6571,陂,2102,披,1
6571,陂,2526,服,1
6571,陂,6570,陀,1
6572,附,762,咐,1
6572,附,5226,蔚,1
6572,附,5329,蚴,1
6572,附,5870,跗,1
6572,附,6569,阿,1
6572,附,6949,鲋,1
6573,际,1911,悖,1
6573,际,3678,琼,1
6573,际,5278,藻,1
6573,际,6556,阡,1
6573,际,6564,阵,1
6573,际,6576,陈,1
6573,际,6588,除,1
6573,际,6596,陵,1
6574,陆,3026,法,1
6574,陆,4792,能,1
6574,陆,6592,陪,1
6574,陆,6599,隅,1
6575,陇,3652,球,1
6575,陇,6557,阢,1
6576,陈,417,冻,1
6576,陈,6567,阼,1
6576,陈,6573,际,1
6576,陈,7034,鸤,1
6578,陋,1502,屐,1
6578,陋,3383,炳,1
6578,陋,6604,随,1
6579,陌,3021,泊,1
6579,陌,5920,蹈,1
6579,陌,6578,陋,1
6579,陌,6598,陷,1
6580,降,584,卑,1
6580,降,3172,淬,1
6580,降,3664,琤,1
6580,降,5363,蜂,1
6580,降,5884,践,1
6580,降,6567,阼,1
6580,降,6603,隍,1
6580,降,6610,障,1
6581,限,800,哏,1
6581,限,6571,陂,1
6582,陔,6596,陵,1
6583,陕,200,佚,1
6583,陕,3374,炜,1
6583,陕,3956,眯,1
6583,陕,6897,髅,1
6584,陛,6592,陪,1
6585,陟,6586,陡,1
6586,陡,1793,徒,1
6586,陡,4068,硖,1
6586,陡,5355,蛱,1
6586,陡,6585,陟,1
6586,陡,6590,陨,1
6586,陡,6706,韪,1
6587,院,3411,烷,1
6587,院,4806,脘,1
6587,院,4826,腔,1
6587,院,6570,陀,1
6588,除,3249,滁,1
6588,除,3662,琛,1
6588,除,3671,琮,1
6588,除,5806,赊,1
6588,除,6568,阽,1
6588,除,6574,陆,1
6588,除,6576,陈,1
6588,除,6598,陷,1
6590,陨,2197,损,1
6590,陨,4503,结,1
6590,陨,6592,陪,1
6590,陨,6715,顷,1
6590,陨,6729,颅,1
6591,险,1560,峪,1
6591,险,2638,标,1
6591,险,2888,段,1
6591,险,3375,炝,1
6591,险,3968,睑,1
6591,险,5750,豫,1
6591,险,5909,踵,1
6591,险,6577,陉,1
6591,险,6588,除,1
6592,陪,262,信,1
6592,陪,1125,培,1
6592,陪,1633,帏,1
6592,陪,3735,甓,1
6592,陪,4088,碚,1
6592,陪,4922,艏,1
6592,陪,5582,訄,1
6592,陪,6582,陔,1
6592,陪,6602,隋,1
6592,陪,6605,隐,1
6593,陬,2316,撖,1
6594,陲,1179,壁,1
6594,陲,2207,捶,1
6595,陴,865,啤,1
6596,陵,836,唛,1
6596,陵,1974,愦,1
6596,陵,3583,猪,1
6596,陵,4279,笈,1
6596,陵,4809,脧,1
6596,陵,5716,谡,1
6596,陵,6979,鲮,1
6597,陶,306,偈,1
6597,陶,2479,晦,1
6597,陶,3163,淘,1
6597,陶,4605,罔,1
6597,陶,4643,羿,1
6597,陶,5488,袍,1
6597,陶,6599,隅,1
6598,陷,3680,瑁,1
6598,陷,4216,稻,1
6598,陷,5920,蹈,1
6598,陷,6580,降,1
6599,隅,883,喁,1
6599,隅,4814,脶,1
6599,隅,6601,隈,1
6600,隆,6577,陉,1
6600,隆,6580,降,1
6600,隆,6603,隍,1
6600,隆,6656,霪,1
6601,隈,6581,限,1
6602,隋,1574,崤,1
6602,隋,4866,臂,1
6602,隋,6665,靖,1
6603,隍,1800,徨,1
6603,隍,6589,陧,1
6603,隍,6600,隆,1
6604,随,5918,蹅,1
6604,随,6575,陇,1
6604,随,6586,陡,1
6604,随,6735,颋,1
6605,隐,778,咫,1
6605,隐,4213,稳,1
6605,隐,6587,院,1
6605,隐,6603,隍,1
6606,隔,4356,篇,1
6606,隔,4576,缡,1
6606,隔,4848,膈,1
6606,隔,5894,踊,1
6606,隔,6598,陷,1
6608,隘,3235,溢,1
6608,隘,6611,隧,1
6608,隘,6820,馐,1
6609,隙,2489,晾,1
6609,隙,3708,璟,1
6609,隙,4828,腙,1
6609,隙,6612,隰,1
6610,障,3292,漳,1
6610,障,3702,璋,1
6610,障,6556,阡,1
6610,障,6580,降,1
6611,隧,6570,陀,1
6611,隧,6576,陈,1
6611,隧,6608,隘,1
6611,隧,6612,隰,1
6614,隶,4179,秉,1
6614,隶,4714,聚,1
6615,隹,192,住,1
6615,隹,204,佞,1
6615,隹,422,准,1
6615,隹,3426,焦,1
6616,隼,582,华,1
6617,隽,4518,绣,1
6618,难,220,佾,1
6618,难,422,准,1
6618,难,754,咀,1
6618,难,895,喔,1
6618,难,997,囊,1
6618,难,1131,堆,1
6618,难,3385,炸,1
6618,难,4085,碓,1
6618,难,6125,邓,1
6618,难,6868,骓,1
6619,雀,3938,省,1
6619,雀,5277,藩,1
6619,雀,5605,讫,1
6620,雁,633,厩,1
6620,雁,1253,妊,1
6620,雁,2880,殖,1
6620,雁,3299,潍,1
6620,雁,4085,碓,1
6620,雁,5364,蜃,1
6620,雁,6624,雇,1
6621,雄,329,傩,1
6621,雄,4048,砭,1
6621,雄,5328,蚱,1
6621,雄,5329,蚴,1
6622,雅,2690,桩,1
6622,雅,2847,欷,1
6622,雅,5978,轺,1
6622,雅,6424,锥,1
6623,集,1795,得,1
6623,集,3630,玺,1
6623,集,6250,采,1
6624,雇,1511,屦,1
6624,雇,3173,淮,1
6624,雇,5289,虎,1
6624,雇,6619,雀,1
6624,雇,6620,雁,1
6625,雉,3972,睢,1
6626,雌,1560,峪,1
6626,雌,2297,摊,1
6626,雌,3173,淮,1
6626,雌,3972,睢,1
6627,雍,5760,貔,1
6627,雍,6173,郭,1
6628,雎,3969,睚,1
6628,雎,3995,瞧,1
6629,雏,2297,摊,1
6629,雏,3299,潍,1
6629,雏,3436,煞,1
6629,雏,4534,维,1
6629,雏,6628,雎,1
6629,雏,6685,鞋,1
6629,雏,6948,鲊,1
6630,雒,6625,雉,1
6630,雒,6629,雏,1
6631,雕,1651,帷,1
6631,雕,6197,配,1
6631,雕,6207,酢,1
6633,雨,395,再,1
6633,雨,628,厢,1
6633,雨,1924,悯,1
6633,雨,4549,缃,1
6634,雩,3222,湾,1
6634,雩,6641,雾,1
6635,雪,782,咱,1
6635,雪,6634,雩,1
6635,雪,6636,雯,1
6635,雪,6640,雹,1
6636,雯,6635,雪,1
6637,雳,1642,帛,1
6637,雳,5551,要,1
6637,雳,5805,赉,1
6637,雳,6641,雾,1
6637,雳,6646,震,1
6637,雳,6648,霉,1
6638,零,1716,廖,1
6638,零,4043,砥,1
6638,零,5220,蓼,1
6638,零,5551,要,1
6639,雷,3747,甭,1
6639,雷,6254,重,1
6639,雷,6635,雪,1
6640,雹,4664,翳,1
6640,雹,5094,莞,1
6641,雾,1384,季,1
6641,雾,4175,秀,1
6641,雾,4296,第,1
6641,雾,6643,霁,1
6642,需,896,喘,1
6642,需,3338,濡,1
6642,需,4172,离,1
6642,需,5266,薷,1
6642,需,6635,雪,1
6642,需,6637,雳,1
6642,需,6639,雷,1
6642,需,6643,霁,1
6643,霁,6641,雾,1
6644,霄,1995,憖,1
6644,霄,2465,晋,1
6644,霄,4866,臂,1
6644,霄,6640,雹,1
6644,霄,6646,震,1
6645,霆,6636,雯,1
6646,震,1455,寰,1
6646,震,5486,袈,1
6646,震,6652,霓,1
6648,霉,5551,要,1
6648,霉,6639,雷,1
6648,霉,6642,需,1
6648,霉,6650,霎,1
6649,霍,3340,濯,1
6649,霍,4259,窿,1
6649,霍,6254,重,1
6649,霍,6619,雀,1
6649,霍,6642,需,1
6650,霎,421,凄,1
6650,霎,1320,婆,1
6650,霎,4256,窭,1
6650,霎,5551,要,1
6650,霎,6648,霉,1
6651,霏,4615,罪,1
6652,霓,362,免,1
6652,霓,6640,雹,1
6653,霖,1444,寐,1
6653,霖,6654,霜,1
6653,霖,7146,鼐,1
6654,霜,3352,灞,1
6654,霜,5758,貊,1
6654,霜,6658,霰,1
6655,霞,5553,覆,1
6658,霰,6655,霞,1
6658,霰,6660,霸,1
6659,露,4374,簃,1
6659,露,4492,终,1
6659,露,6655,霞,1
6659,露,6657,霭,1
6659,露,6896,髂,1
6660,霸,3352,灞,1
6661,霹,3307,潭,1
6661,霹,4896,舞,1
6661,霹,6643,霁,1
6662,霾,1451,寤,1
6662,霾,6643,霁,1
6663,青,2898,毒,1
6663,青,3180,清,1
6663,青,3947,眚,1
6663,青,4748,肴,1
6663,青,5164,著,1
6663,青,5207,蓍,1
6663,青,5767,责,1
6663,青,6273,钅,1
6663,青,7113,麦,1
6664,靓,5556,规,1
6664,靓,5566,觏,1
6664,靓,5568,觑,1
6665,靖,1327,婧,1
6665,靖,3156,淆,1
6665,靖,3190,渚,1
6665,靖,4271,端,1
6665,靖,4574,缟,1
6665,靖,5709,谙,1
6666,静,1764,彝,1
6666,静,5986,辂,1
6666,静,6013,辞,1
6667,靛,4398,粒,1
6667,靛,5831,赦,1
6667,靛,6704,韨,1
6668,非,864,啡,1
6668,非,1186,壮,1
6668,非,2117,拈,1
6668,非,2394,斥,1
6668,非,2453,昨,1
6668,非,3385,炸,1
6668,非,4041,砟,1
6668,非,4400,粗,1
6668,非,4529,绯,1
6668,非,5133,菲,1
6668,非,5685,谀,1
6669,靠,3402,烤,1
6669,靠,4435,糸,1
6669,靠,5189,蒙,1
6669,靠,5242,蕖,1
6669,靠,5287,蘼,1
6670,靡,4429,糜,1
6670,靡,5287,蘼,1
6670,靡,7108,麋,1
6670,靡,7112,麟,1
6671,面,246,便,1
6671,面,624,厘,1
6671,面,664,召,1
6671,面,3839,痫,1
6671,面,3891,百,1
6671,面,4674,而,1
6671,面,5457,血,1
6673,革,78,事,1
6673,革,2613,某,1
6673,革,4942,芋,1
6673,革,5031,茝,1
6673,革,5038,茱,1
6673,革,5048,荃,1
6673,革,5061,荜,1
6673,革,5069,荦,1
6673,革,6256,量,1
6674,靰,2474,晚,1
6675,靳,2399,斯,1
6675,靳,5128,菥,1
6675,靳,6678,靸,1
6676,靴,4415,粼,1
6676,靴,5248,蕲,1
6676,靴,6678,靸,1
6679,靺,2721,棘,1
6681,靽,3179,淼,1
6682,靿,544,勩,1
6682,靿,6676,靴,1
6683,鞁,6675,靳,1
6683,鞁,6678,靸,1
6683,鞁,6686,鞍,1
6684,鞅,5974,轶,1
6684,鞅,6676,靴,1
6684,鞅,6689,鞔,1
6685,鞋,583,协,1
6685,鞋,3503,牦,1
6685,鞋,4434,糵,1
6685,鞋,5260,薤,1
6685,鞋,5982,轾,1
6685,鞋,6705,韩,1
6686,鞍,6329,钿,1
6688,鞒,6673,革,1
6688,鞒,6687,鞑,1
6690,鞘,5969,轱,1
6690,鞘,6015,辣,1
6690,鞘,6675,靳,1
6690,鞘,6695,鞨,1
6690,鞘,6698,鞯,1
6690,鞘,7102,鹳,1
6691,鞠,4539,绹,1
6692,鞡,6701,韂,1
6693,鞣,4419,糅,1
6694,鞧,4423,糌,1
6695,鞨,4636,羯,1
6695,鞨,7068,鹈,1
6696,鞫,6691,鞠,1
6697,鞭,2893,毅,1
6698,鞯,6221,酵,1
6698,鞯,6692,鞡,1
6699,鞲,6000,辐,1
6700,鞴,6698,鞯,1
6702,韦,521,劣,1
6702,韦,581,半,1
6702,韦,1187,声,1
6702,韦,1740,弗,1
6702,韦,2948,求,1
6702,韦,3754,男,1
6702,韦,4937,艿,1
6703,韧,5963,轫,1
6703,韧,5970,轲,1
6703,韧,6759,颧,1
6704,韨,6692,鞡,1
6705,韩,6668,非,1
6705,韩,6684,鞅,1
6708,韬,6810,馅,1
6709,韭,2383,斐,1
6709,韭,3439,照,1
6709,韭,5133,菲,1
6709,韭,6668,非,1
6709,韭,6717,项,1
6710,音,1273,妾,1
6710,音,2445,昔,1
6710,音,2465,晋,1
6710,音,2481,普,1
6710,音,3932,盲,1
6710,音,3982,睿,1
6710,音,5581,言,1
6711,韵,4133,祃,1
6711,韵,4892,舒,1
6711,韵,5753,豹,1
6712,韶,3730,瓿,1
6712,韶,4133,祃,1
6712,韶,7063,鹃,1
6713,页,361,克,1
6713,页,3407,烫,1
6713,页,5763,贞,1
6713,页,5765,贡,1
6714,顶,237,侦,1
6714,顶,2197,损,1
6714,顶,2878,殒,1
6715,顷,303,倾,1
6715,顷,735,呗,1
6715,顷,839,唢,1
6715,顷,5630,诈,1
6715,顷,6720,顼,1
6715,顷,6726,颂,1
6716,顸,6720,顼,1
6716,顸,6741,颓,1
6717,项,1321,婉,1
6717,项,2355,改,1
6717,项,2841,次,1
6718,顺,303,倾,1
6718,顺,811,哝,1
6718,顺,1631,师,1
6718,顺,2432,旸,1
6718,顺,3403,烦,1
6718,顺,4560,缏,1
6718,顺,6715,顷,1
6719,须,3403,烦,1
6719,须,4478,纹,1
6719,须,4543,绽,1
6719,须,6051,迫,1
6719,须,6715,顷,1
6719,须,6724,颀,1
6720,顼,3660,琐,1
6721,顽,1745,弥,1
6721,顽,4060,硁,1
6721,顽,4067,硕,1
6721,顽,4153,祯,1
6721,顽,6389,锁,1
6722,顾,5873,距,1
6722,顾,6590,陨,1
6722,顾,6721,顽,1
6722,顾,6724,颀,1
6723,顿,5833,赪,1
6723,顿,5847,趑,1
6723,顿,6739,颐,1
6724,颀,2843,欣,1
6724,颀,4067,硕,1
6724,颀,6715,顷,1
6724,颀,6722,顾,1
6725,颁,237,侦,1
6725,颁,2844,欤,1
6725,颁,2846,欲,1
6725,颁,3491,版,1
6725,颁,6724,颀,1
6725,颁,6750,额,1
6726,颂,303,倾,1
6726,颂,3273,滪,1
6726,颂,3660,琐,1
6726,颂,4515,绠,1
6726,颂,4587,缬,1
6726,颂,6736,颌,1
6727,颃,3073,洫,1
6727,颃,5496,被,1
6727,颃,6719,须,1
6727,颃,6721,顽,1
6728,预,5215,蓣,1
6728,预,6735,颋,1
6728,预,6749,颜,1
6730,领,2368,敛,1
6730,领,4491,织,1
6730,领,6304,钦,1
6730,领,6725,颁,1
6731,颇,2890,殿,1
6731,颇,4587,缬,1
6731,颇,6722,顾,1
6731,颇,6723,顿,1
6731,颇,6741,颓,1
6731,颇,6753,颠,1
6732,颈,1380,孜,1
6732,颈,1745,弥,1
6732,颈,1754,强,1
6732,颈,2843,欣,1
6732,颈,4031,砍,1
6732,颈,4074,硬,1
6732,颈,4118,磺,1
6732,颈,6739,颐,1
6732,颈,6740,频,1
6733,颉,6731,颇,1
6734,颊,2366,敖,1
6734,颊,3403,烦,1
6734,颊,4681,耗,1
6734,颊,5847,趑,1
6734,颊,6741,颓,1
6735,颋,6754,颡,1
6736,颌,6725,颁,1
6736,颌,6730,领,1
6736,颌,6732,颈,1
6736,颌,6746,颙,1
6737,颍,3335,濒,1
6739,颐,567,匦,1
6739,颐,3452,熙,1
6739,颐,3725,瓯,1
6739,颐,4873,臣,1
6740,频,1590,嵚,1
6740,频,2844,欤,1
6740,频,3351,灏,1
6740,频,6375,铳,1
6740,频,6689,鞔,1
6740,频,6723,顿,1
6740,频,6737,颍,1
6740,频,6747,颚,1
6741,颓,2906,毡,1
6741,颓,6427,锨,1
6741,颓,6719,须,1
6741,颓,6727,颃,1
6741,颓,6746,颙,1
6742,颔,6730,领,1
6743,颖,2847,欷,1
6743,颖,2851,款,1
6743,颖,3785,疑,1
6743,颖,5817,赖,1
6743,颖,6741,颓,1
6743,颖,6748,颛,1
6744,颗,1204,夥,1
6744,颗,3351,灏,1
6744,颗,6745,题,1
6744,颗,6757,颥,1
6745,题,1969,愚,1
6745,题,6744,颗,1
6745,题,6746,颙,1
6745,题,6747,颚,1
6747,颚,4349,箬,1
6747,颚,6180,鄂,1
6747,颚,6755,颢,1
6748,颛,6740,频,1
6748,颛,6746,颙,1
6748,颛,6752,颟,1
6749,颜,6721,顽,1
6749,颜,6738,颏,1
6749,颜,6752,颟,1
6749,颜,6756,颤,1
6750,额,2366,敖,1
6750,额,2856,歌,1
6750,额,6304,钦,1
6750,额,6755,颢,1
6750,额,6756,颤,1
6750,额,6757,颥,1
6751,颞,6190,鄹,1
6751,颞,6768,飘,1
6753,颠,6733,颉,1
6755,颢,1775,影,1
6755,颢,3351,灏,1
6755,颢,7136,黩,1
6756,颤,2373,敦,1
6756,颤,6738,颏,1
6756,颤,6757,颥,1
6756,颤,6759,颧,1
6757,颥,6754,颡,1
6758,颦,6915,鬟,1
6759,颧,5246,蕨,1
6759,颧,6697,鞭,1
6759,颧,6741,颓,1
6759,颧,6755,颢,1
6760,风,432,凡,1
6760,风,2358,政,1
6760,风,2958,汛,1
6760,风,3042,泯,1
6760,风,3743,甩,1
6760,风,4462,纨,1
6760,风,6257,金,1
6761,飐,6766,飕,1
6762,飑,6767,飗,1
6762,飑,6770,飚,1
6763,飒,1615,巩,1
6763,飒,4646,翊,1
6763,飒,6285,钒,1
6764,飓,3440,煨,1
6764,飓,6765,飔,1
6766,飕,6767,飗,1
6767,飗,6766,飕,1
6772,食,127,仓,1
6772,食,1833,念,1
6772,食,1858,怠,1
6772,食,4928,良,1
6772,食,5096,莨,1
6772,食,5479,衾,1
6772,食,5484,袅,1
6772,食,6273,钅,1
6773,飧,4328,筻,1
6773,飧,5802,赆,1
6773,飧,6774,飨,1
6774,飨,4543,绽,1
6774,飨,4544,绾,1
6775,餍,6928,魇,1
6776,餐,6772,食,1
6776,餐,6777,餮,1
6777,餮,6776,餐,1
6778,饔,6775,餍,1
6779,饕,3683,瑗,1
6779,饕,6776,餐,1
6779,饕,6777,餮,1
6780,饣,551,包,1
6781,饥,72,乱,1
6781,饥,4469,纰,1
6781,饥,5867,跐,1
6781,饥,6310,钬,1
6784,饩,6797,饶,1
6784,饩,7170,龁,1
6785,饪,6364,铨,1
6786,饫,5864,跌,1
6787,饬,4303,笾,1
6787,饬,6784,饩,1
6787,饬,6799,饸,1
6788,饭,3896,皈,1
6788,饭,4491,织,1
6788,饭,6726,颂,1
6788,饭,6798,饷,1
6789,饮,138,代,1
6789,饮,763,咒,1
6789,饮,4491,织,1
6789,饮,5557,觅,1
6789,饮,6304,钦,1
6789,饮,6581,限,1
6789,饮,6786,饫,1
6789,饮,6792,饱,1
6790,饯,3088,浅,1
6790,饯,4483,线,1
6790,饯,5781,贱,1
6790,饯,6351,铙,1
6790,饯,6783,饨,1
6791,饰,1826,忤,1
6791,饰,4307,筋,1
6791,饰,6370,铮,1
6792,饱,4053,砸,1
6792,饱,5861,跄,1
6792,饱,6371,铯,1
6792,饱,6784,饩,1
6792,饱,6951,鲍,1
6793,饲,5392,蝈,1
6793,饲,5464,衙,1
6793,饲,6305,钧,1
6793,饲,6320,钶,1
6794,饳,4059,础,1
6794,饳,4212,稣,1
6794,饳,5308,蚀,1
6795,饴,4063,硌,1
6795,饴,6799,饸,1
6796,饵,3075,洱,1
6796,饵,3150,涵,1
6796,饵,4509,绚,1
6797,饶,337,僚,1
6797,饶,4309,筏,1
6797,饶,4357,篊,1
6797,饶,4507,绘,1
6797,饶,4514,统,1
6797,饶,4792,能,1
6797,饶,6784,饩,1
6797,饶,6792,饱,1
6798,饷,6478,镝,1
6799,饸,5350,蛤,1
6799,饸,6366,铪,1
6799,饸,6809,馄,1
6800,饹,6813,馈,1
6801,饺,2355,改,1
6801,饺,4478,纹,1
6801,饺,6342,铍,1
6801,饺,6407,锓,1
6801,饺,6788,饭,1
6801,饺,6802,饻,1
6802,饻,233,依,1
6802,饻,3898,皎,1
6803,饼,4466,纬,1
6803,饼,6490,镩,1
6803,饼,6820,馐,1
6804,饽,4805,脖,1
6805,饿,815,哦,1
6805,饿,4072,硪,1
6805,饿,6423,锤,1
6805,饿,6790,饯,1
6805,饿,6806,馀,1
6805,饿,7075,鹐,1
6806,馀,4521,绦,1
6806,馀,6365,铩,1
6807,馁,6804,饽,1
6809,馄,3667,琨,1
6809,馄,5875,跟,1
6809,馄,6335,铅,1
6809,馄,6419,锟,1
6810,馅,6598,陷,1
6810,馅,6806,馀,1
6811,馆,2411,旎,1
6811,馆,4341,管,1
6811,馆,5308,蚀,1
6811,馆,5893,踉,1
6811,馆,5934,蹭,1
6811,馆,6369,铭,1
6812,馇,904,喳,1
6813,馈,3183,渍,1
6813,馈,4524,绩,1
6813,馈,6453,镄,1
6813,馈,6592,陪,1
6813,馈,6726,颂,1
6815,馊,5415,螋,1
6816,馋,3690,瑢,1
6816,馋,6822,馒,1
6817,馌,3231,溘,1
6817,馌,5308,蚀,1
6818,馍,919,嗔,1
6818,馍,1805,德,1
6818,馍,5356,蛲,1
6818,馍,5714,谟,1
6818,馍,6825,馕,1
6819,馏,3232,溜,1
6819,馏,4121,礌,1
6819,馏,4517,绢,1
6819,馏,4547,缁,1
6819,馏,5415,螋,1
6819,馏,5927,蹓,1
6822,馒,1660,幔,1
6822,馒,4526,绫,1
6822,馒,4596,缵,1
6822,馒,5724,谩,1
6822,馒,6811,馆,1
6822,馒,6815,馊,1
6825,馕,998,囔,1
6826,首,88,亘,1
6826,首,2409,旋,1
6826,首,2421,旨,1
6826,首,2932,氤,1
6826,首,3070,洧,1
6826,首,3746,甬,1
6826,首,3929,目,1
6826,首,4324,筲,1
6826,首,4727,肓,1
6826,首,4850,膏,1
6826,首,4889,舌,1
6826,首,5115,菅,1
6826,首,6105,道,1
6826,首,6710,音,1
6827,馗,3806,疱,1
6827,馗,6105,道,1
6829,香,727,告,1
6829,香,1801,循,1
6829,香,2443,昏,1
6829,香,2517,曹,1
6829,香,2630,柰,1
6829,香,3913,盉,1
6829,香,3932,盲,1
6829,香,4669,考,1
6829,香,5805,赉,1
6829,香,6254,重,1
6829,香,7058,鸾,1
6832,马,400,写,1
6832,马,441,凸,1
6832,马,664,召,1
6832,马,668,台,1
6832,马,814,哥,1
6832,马,1372,孓,1
6832,马,1759,当,1
6832,马,3891,百,1
6832,马,7032,鸢,1
6833,驭,2367,教,1
6833,驭,2952,汉,1
6834,驮,37,丶,1
6834,驮,1744,张,1
6834,驮,2844,欤,1
6834,驮,6205,酞,1
6835,驯,5606,训,1
6835,驯,5853,趴,1
6836,驰,5972,轴,1
6837,驱,1747,弧,1
6837,驱,6847,驼,1
6838,驳,1723,廷,1
6838,驳,3286,漩,1
6838,驳,6872,骙,1
6839,驴,1745,弥,1
6839,驴,3003,沪,1
6839,驴,6135,邪,1
6840,驵,6846,驻,1
6841,驶,2870,殃,1
6841,驶,5912,踺,1
6842,驷,3028,泗,1
6842,驷,6840,驵,1
6843,驸,1463,射,1
6843,驸,6572,附,1
6844,驹,2527,朐,1
6844,驹,5777,购,1
6844,驹,6856,骆,1
6844,驹,7163,齁,1
6846,驻,1746,弦,1
6846,驻,1749,弪,1
6846,驻,2882,殛,1
6846,驻,3725,瓯,1
6846,驻,5996,辌,1
6846,驻,6631,雕,1
6846,驻,6851,骀,1
6846,驻,6857,骇,1
6846,驻,6868,骓,1
6847,驼,1383,孢,1
6847,驼,2463,晁,1
6847,驼,5865,跎,1
6847,驼,5873,距,1
6847,驼,6839,驴,1
6849,驾,827,哿,1
6849,驾,1748,弩,1
6849,驾,2633,柴,1
6849,驾,4708,聋,1
6849,驾,5097,莩,1
6849,驾,6020,辱,1
6849,驾,6871,骘,1
6849,驾,6906,髫,1
6849,驾,7048,鸳,1
6852,骁,2910,毳,1
6853,骂,1386,孥,1
6853,骂,4607,罗,1
6853,骂,6849,驾,1
6853,骂,6871,骘,1
6854,骄,4800,脐,1
6854,骄,5857,趼,1
6854,骄,6688,鞒,1
6854,骄,6856,骆,1
6854,骄,6866,骑,1
6856,骆,3246,溺,1
6856,骆,3704,璐,1
6856,骆,4063,硌,1
6856,骆,5986,辂,1
6857,骇,1746,弦,1
6857,骇,6835,驯,1
6857,骇,6869,骖,1
6858,骈,1283,姘,1
6858,骈,4578,缣,1
6858,骈,6870,骗,1
6859,骊,6966,鲡,1
6860,骋,6866,骑,1
6860,骋,6884,骥,1
6861,验,1601,嶝,1
6861,验,1749,弪,1
6861,验,3952,眨,1
6861,验,4853,膙,1
6861,验,5985,辁,1
6861,验,6864,骏,1
6861,验,6869,骖,1
6862,骍,5903,踩,1
6862,骍,5943,蹿,1
6862,骍,6850,驿,1
6862,骍,6854,骄,1
6862,骍,6855,骅,1
6863,骎,372,八,1
6863,骎,6864,骏,1
6864,骏,1380,孜,1
6864,骏,2868,殁,1
6864,骏,3417,焌,1
6864,骏,3563,狻,1
6864,骏,3693,瑶,1
6864,骏,5750,豫,1
6865,骐,2884,殣,1
6866,骑,2873,殇,1
6866,骑,5895,踌,1
6866,骑,6860,骋,1
6867,骒,5898,踝,1
6867,骒,6880,骡,1
6868,骓,6622,雅,1
6870,骗,3520,犏,1
6870,骗,4094,碥,1
6871,骘,1364,嬖,1
6871,骘,7097,鹭,1
6872,骙,3980,睽,1
6875,骜,6874,骛,1
6875,骜,7051,鸷,1
6875,骜,7082,鹜,1
6877,骞,5919,蹇,1
6877,骞,7044,鸯,1
6878,骟,6870,骗,1
6879,骠,3277,漂,1
6879,骠,6883,骤,1
6880,骡,4594,缳,1
6880,骡,6867,骒,1
6880,骡,6869,骖,1
6880,骡,6883,骤,1
6880,骡,7015,鳔,1
6881,骢,6880,骡,1
6883,骤,6867,骒,1
6885,骧,995,嚷,1
6886,骨,4312,筒,1
6886,骨,4573,缝,1
6886,骨,4753,肾,1
6886,骨,4850,膏,1
6886,骨,4993,苛,1
6886,骨,6710,音,1
6887,骰,5580,觳,1
6890,骷,6887,骰,1
6890,骷,6892,骺,1
6890,骷,7132,黠,1
6891,骸,6755,颢,1
6891,骸,6887,骰,1
6892,骺,6891,骸,1
6893,骼,6212,酩,1
6893,骼,6631,雕,1
6893,骼,7079,鹘,1
6895,髁,6666,静,1
6895,髁,6894,髀,1
6896,髂,5824,赞,1
6896,髂,6667,靛,1
6897,髅,3259,滕,1
6897,髅,6243,醭,1
6897,髅,7070,鹊,1
6899,髌,4420,糇,1
6899,髌,6891,骸,1
6900,髑,5454,蠲,1
6901,髓,6887,骰,1
6902,高,101,享,1
6902,高,857,商,1
6902,高,1431,宵,1
6902,高,4170,禹,1
6902,高,4727,肓,1
6902,高,6195,酋,1
6903,髟,1773,彭,1
6903,髟,6284,钐,1
6904,髡,3597,獒,1
6907,髭,2013,戆,1
6909,髹,6843,驸,1
6910,髻,6915,鬟,1
6911,鬃,4448,繁,1
6911,鬃,6874,骛,1
6911,鬃,6906,髫,1
6911,鬃,6910,髻,1
6911,鬃,6914,鬓,1
6911,鬃,7082,鹜,1
6914,鬓,6915,鬟,1
6915,鬟,5503,裂,1
6916,鬣,6907,髭,1
6917,鬯,440,凶,1
6917,鬯,3260,滗,1
6921,鬼,242,侬,1
6921,鬼,403,冠,1
6921,鬼,1418,宠,1
6921,鬼,3144,涩,1
6921,鬼,5557,觅,1
6921,鬼,6640,雹,1
6922,魁,5807,赋,1
6922,魁,6927,魆,1
6923,魂,3120,浼,1
6923,魂,3697,璁,1
6923,魂,5743,豌,1
6923,魂,6932,魏,1
6923,魂,7053,鸹,1
6925,魄,3974,睥,1
6925,魄,6222,酶,1
6928,魇,1454,寮,1
6932,魏,1341,媳,1
6932,魏,5241,蕊,1
6932,魏,6006,辖,1
6932,魏,6741,颓,1
6932,魏,6885,骧,1
6934,魔,5531,褒,1
6934,魔,6928,魇,1
6934,魔,7104,鹿,1
6934,魔,7105,麂,1
6935,鱼,23,丝,1
6935,鱼,736,员,1
6935,鱼,1200,多,1
6935,鱼,2931,氢,1
6935,鱼,3187,渔,1
6935,鱼,3386,点,1
6935,鱼,3438,煦,1
6935,鱼,4875,自,1
6935,鱼,6105,道,1
6935,鱼,6671,面,1
6937,鱾,6983,鲲,1
6937,鱾,6991,鲺,1
6939,鲀,6197,配,1
6940,鲁,108,亶,1
6940,鲁,387,兽,1
6940,鲁,4346,箩,1
6940,鲁,4353,箸,1
6941,鲂,6945,鲇,1
6943,鲅,6961,鲛,1
6943,鲅,6979,鲮,1
6943,鲅,6998,鳂,1
6945,鲇,6941,鲂,1
6945,鲇,6953,鲏,1
6945,鲇,6961,鲛,1
6946,鲈,4463,纩,1
6946,鲈,6374,铲,1
6946,鲈,6839,驴,1
6947,鲉,6330,铀,1
6948,鲊,4041,砟,1
6951,鲍,368,兜,1
6951,鲍,555,匏,1
6951,鲍,4475,纶,1
6951,鲍,5868,跑,1
6951,鲍,6937,鱾,1
6951,鲍,6942,鲃,1
6951,鲍,6950,鲌,1
6951,鲍,6986,鲵,1
6952,鲎,1130,堂,1
6953,鲏,2363,敏,1
6953,鲏,6975,鲪,1
6956,鲒,6955,鲑,1
6958,鲕,6985,鲴,1
6961,鲛,6974,鲩,1
6962,鲜,1788,徉,1
6962,鲜,6965,鲠,1
6962,鲜,7024,鳞,1
6966,鲡,3734,甑,1
6966,鲡,6227,酾,1
6968,鲣,6219,酲,1
6968,鲣,6969,鲤,1
6969,鲤,6139,邰,1
6969,鲤,6253,里,1
6969,鲤,6260,銍,1
6969,鲤,6391,锃,1
6969,鲤,6964,鲟,1
6969,鲤,6968,鲣,1
6971,鲦,4212,稣,1
6971,鲦,6964,鲟,1
6971,鲦,6990,鲹,1
6971,鲦,7003,鳇,1
6972,鲧,3318,澉,1
6972,鲧,4450,繇,1
6972,鲧,7025,鳟,1
6973,鲨,4341,管,1
6973,鲨,4369,篮,1
6973,鲨,4371,篷,1
6974,鲩,7170,龁,1
6976,鲫,5907,踯,1
6976,鲫,6944,鲆,1
6976,鲫,6960,鲚,1
6977,鲬,926,嗣,1
6978,鲭,5439,蟠,1
6979,鲮,6961,鲛,1
6980,鲯,6947,鲉,1
6980,鲯,7136,黩,1
6981,鲰,4212,稣,1
6981,鲰,7020,鳙,1
6983,鲲,2921,氓,1
6983,鲲,6998,鳂,1
6984,鲳,6988,鲷,1
6986,鲵,4543,绽,1
6987,鲶,2013,戆,1
6987,鲶,6989,鲸,1
6987,鲶,7026,鳡,1
6988,鲷,4538,绸,1
6988,鲷,4646,翊,1
6988,鲷,6985,鲴,1
6988,鲷,7005,鳉,1
6989,鲸,2374,敫,1
6989,鲸,4212,稣,1
6989,鲸,5996,辌,1
6989,鲸,6463,镎,1
6989,鲸,6987,鲶,1
6990,鲹,6972,鲧,1
6991,鲺,5458,衄,1
6993,鲼,6979,鲮,1
6995,鲾,6918,鬲,1
6995,鲾,6992,鲻,1
6996,鳀,6967,鲢,1
6996,鳀,6969,鲤,1
6996,鳀,6997,鳁,1
6996,鳀,6998,鳂,1
6997,鳁,6984,鲳,1
6998,鳂,4553,缇,1
6998,鳂,6983,鲲,1
6998,鳂,7011,鳏,1
6999,鳃,1964,愍,1
6999,鳃,6975,鲪,1
6999,鳃,6987,鲶,1
7000,鳄,6990,鲹,1
7001,鳅,6443,锹,1
7001,鳅,6995,鲾,1
7003,鳇,6266,鍠,1
7004,鳈,37,丶,1
7004,鳈,7011,鳏,1
7005,鳉,6935,鱼,1
7006,鳊,5915,蹁,1
7006,鳊,6978,鲭,1
7006,鳊,7010,鳎,1
7008,鳌,6908,髯,1
7008,鳌,7019,鳘,1
7009,鳍,4584,缩,1
7010,鳎,5923,蹋,1
7010,鳎,6983,鲲,1
7012,鳐,5443,蟹,1
7012,鳐,6972,鲧,1
7012,鳐,6994,鲽,1
7013,鳑,1366,嬲,1
7015,鳔,6471,镖,1
7015,鳔,6994,鲽,1
7015,鳔,7016,鳕,1
7016,鳕,7020,鳙,1
7016,鳕,7025,鳟,1
7017,鳖,5932,蹩,1
7017,鳖,7008,鳌,1
7018,鳗,6224,酸,1
7024,鳞,6996,鳀,1
7024,鳞,7112,麟,1
7025,鳟,7009,鳍,1
7029,鸟,101,享,1
7029,鸟,409,冯,1
7029,鸟,1200,多,1
7029,鸟,1531,岛,1
7029,鸟,4482,纾,1
7029,鸟,5952,身,1
7029,鸟,6832,马,1
7030,鸠,1318,娼,1
7030,鸠,1341,媳,1
7030,鸠,5424,螬,1
7030,鸠,7040,鸫,1
7031,鸡,1341,媳,1
7031,鸡,3573,猖,1
7031,鸡,3615,玛,1
7031,鸡,7035,鸥,1
7032,鸢,4173,禽,1
7032,鸢,5023,茑,1
7033,鸣,775,咨,1
7033,鸣,793,哆,1
7033,鸣,840,唣,1
7033,鸣,853,唿,1
7033,鸣,1566,崆,1
7033,鸣,7059,鸿,1
7034,鸤,7041,鸬,1
7035,鸥,4027,码,1
7035,鸥,5859,趿,1
7035,鸥,5902,踣,1
7035,鸥,7039,鸪,1
7036,鸦,4202,稃,1
7036,鸦,6000,辐,1
7036,鸦,6135,邪,1
7036,鸦,6881,骢,1
7036,鸦,7031,鸡,1
7036,鸦,7053,鸹,1
7036,鸦,7065,鹅,1
7036,鸦,7067,鹇,1
7036,鸦,7116,麻,1
7038,鸩,7039,鸪,1
7038,鸩,7064,鹄,1
7038,鸩,7089,鹤,1
7039,鸪,7064,鹄,1
7040,鸫,2789,榻,1
7040,鸫,4197,移,1
7042,鸭,1204,夥,1
7042,鸭,2888,段,1
7042,鸭,3649,珰,1
7042,鸭,3777,畸,1
7042,鸭,5310,蚂,1
7042,鸭,6609,隙,1
7042,鸭,7038,鸩,1
7044,鸯,7032,鸢,1
7044,鸯,7050,鸶,1
7046,鸱,6764,飓,1
7046,鸱,7040,鸫,1
7046,鸱,7054,鸺,1
7047,鸲,1202,够,1
7047,鸲,7059,鸿,1
7047,鸲,7075,鹐,1
7048,鸳,1389,孪,1
7048,鸳,3889,登,1
7048,鸳,3950,眢,1
7048,鸳,6849,驾,1
7048,鸳,7044,鸯,1
7048,鸳,7058,鸾,1
7049,鸵,2417,既,1
7049,鸵,6946,鲈,1
7050,鸶,5465,衡,1
7052,鸸,7081,鹛,1
7053,鸹,4197,移,1
7053,鸹,7039,鸪,1
7053,鸹,7064,鹄,1
7054,鸺,7052,鸸,1
7054,鸺,7055,鸻,1
7054,鸺,7065,鹅,1
7055,鸻,5460,行,1
7055,鸻,7038,鸩,1
7055,鸻,7066,鹆,1
7055,鸻,7089,鹤,1
7056,鸼,4924,艚,1
7057,鸽,4202,稃,1
7057,鸽,6369,铭,1
7057,鸽,7046,鸱,1
7057,鸽,7055,鸻,1
7057,鸽,7059,鸿,1
7057,鸽,7089,鹤,1
7059,鸿,739,呜,1
7059,鸿,3051,泻,1
7059,鸿,3232,溜,1
7059,鸿,3659,琏,1
7059,鸿,5920,蹈,1
7059,鸿,7033,鸣,1
7060,鹀,3615,玛,1
7060,鹀,6932,魏,1
7061,鹁,7040,鸫,1
7061,鹁,7073,鹎,1
7061,鹁,7076,鹑,1
7062,鹂,7046,鸱,1
7063,鹃,2369,敝,1
7063,鹃,4792,能,1
7063,鹃,5899,踞,1
7063,鹃,6203,酚,1
7063,鹃,6894,髀,1
7063,鹃,7046,鸱,1
7063,鹃,7047,鸲,1
7063,鹃,7073,鹎,1
7063,鹃,7085,鹟,1
7063,鹃,7101,鹲,1
7064,鹄,7053,鸹,1
7064,鹄,7084,鹞,1
7065,鹅,1252,妈,1
7065,鹅,2600,枭,1
7065,鹅,2684,档,1
7065,鹅,4202,稃,1
7065,鹅,4216,稻,1
7065,鹅,4428,糙,1
7065,鹅,6439,锵,1
7065,鹅,7088,鹣,1
7066,鹆,7055,鸻,1
7066,鹆,7064,鹄,1
7067,鹇,7065,鹅,1
7069,鹉,2765,楷,1
7069,鹉,3672,琯,1
7069,鹉,4408,粥,1
7069,鹉,7065,鹅,1
7069,鹉,7088,鹣,1
7070,鹊,5172,葫,1
7070,鹊,5310,蚂,1
7070,鹊,6748,颛,1
7070,鹊,7072,鹌,1
7070,鹊,7089,鹤,1
7070,鹊,7093,鹩,1
7070,鹊,7096,鹬,1
7070,鹊,7101,鹲,1
7070,鹊,7102,鹳,1
7071,鹋,7039,鸪,1
7071,鹋,7061,鹁,1
7072,鹌,7093,鹩,1
7073,鹎,6553,阜,1
7073,鹎,7072,鹌,1
7074,鹏,2525,朋,1
7075,鹐,3051,泻,1
7075,鹐,7005,鳉,1
7075,鹐,7080,鹚,1
7075,鹐,7081,鹛,1
7075,鹐,7084,鹞,1
7075,鹐,7086,鹠,1
7076,鹑,109,亸,1
7076,鹑,7073,鹎,1
7077,鹕,5751,豳,1
7077,鹕,7062,鹂,1
7077,鹕,7076,鹑,1
7078,鹗,7068,鹈,1
7078,鹗,7077,鹕,1
7079,鹘,6901,髓,1
7080,鹚,7078,鹗,1
7080,鹚,7098,鹮,1
7081,鹛,7079,鹘,1
7081,鹛,7080,鹚,1
7082,鹜,7081,鹛,1
7083,鹝,7036,鸦,1
7083,鹝,7086,鹠,1
7084,鹞,7082,鹜,1
7085,鹟,6465,镐,1
7086,鹠,7084,鹞,1
7087,鹡,3480,爵,1
7087,鹡,7077,鹕,1
7087,鹡,7078,鹗,1
7088,鹣,7056,鸼,1
7088,鹣,7084,鹞,1
7089,鹤,6984,鲳,1
7089,鹤,7041,鸬,1
7089,鹤,7066,鹆,1
7089,鹤,7071,鹋,1
7089,鹤,7075,鹐,1
7089,鹤,7102,鹳,1
7090,鹦,7074,鹏,1
7090,鹦,7078,鹗,1
7090,鹦,7084,鹞,1
7090,鹦,7098,鹮,1
7091,鹧,7069,鹉,1
7091,鹧,7088,鹣,1
7091,鹧,7096,鹬,1
7092,鹨,7091,鹧,1
7093,鹩,7040,鸫,1
7093,鹩,7072,鹌,1
7093,鹩,7087,鹡,1
7093,鹩,7092,鹨,1
7093,鹩,7102,鹳,1
7094,鹪,7066,鹆,1
7094,鹪,7093,鹩,1
7095,鹫,7051,鸷,1
7095,鹫,7094,鹪,1
7096,鹬,7079,鹘,1
7096,鹬,7095,鹫,1
7099,鹰,4822,腐,1
7099,鹰,7058,鸾,1
7100,鹱,1249,妄,1
7100,鹱,6493,镬,1
7101,鹲,7084,鹞,1
7101,鹲,7093,鹩,1
7102,鹳,7093,鹩,1
7103,鹾,7023,鳝,1
7104,鹿,104,亮,1
7104,鹿,1504,展,1
7104,鹿,6775,餍,1
7105,麂,5814,赓,1
7105,麂,7104,鹿,1
7106,麇,6117,遽,1
7106,麇,7107,麈,1
7107,麈,1713,廑,1
7110,麓,1595,嵬,1
7110,麓,1710,廉,1
7110,麓,4368,篪,1
7111,麝,7108,麋,1
7113,麦,14,专,1
7113,麦,28,丧,1
7113,麦,1228,奏,1
7113,麦,1272,妻,1
7113,麦,1273,妾,1
7113,麦,1285,姜,1
7113,麦,3904,皮,1
7113,麦,4627,羑,1
7113,麦,5132,菱,1
7113,麦,5136,菼,1
7113,麦,5263,薮,1
7113,麦,5767,责,1
7114,麴,554,匍,1
7116,麻,476,制,1
7116,麻,1648,席,1
7116,麻,4776,胨,1
7119,黄,1886,恧,1
7119,黄,2445,昔,1
7119,黄,3441,煮,1
7119,黄,5033,茨,1
7119,黄,5059,荚,1
7119,黄,5158,萸,1
7119,黄,5170,董,1
7119,黄,5196,蒸,1
7119,黄,5397,蝗,1
7120,黇,6712,韶,1
7121,黉,910,喾,1
7121,黉,4359,篑,1
7122,黍,1384,季,1
7122,黍,1390,孬,1
7122,黍,1823,忝,1
7122,黍,2538,本,1
7122,黍,3178,添,1
7122,黍,4177,秃,1
7122,黍,4189,秦,1
7122,黍,4545,绿,1
7123,黎,4714,聚,1
7123,黎,4893,舔,1
7123,黎,5274,藜,1
7125,黑,406,冥,1
7125,黑,965,嘿,1
7125,黑,4244,窖,1
7125,黑,4611,罡,1
7125,黑,5585,詈,1
7125,黑,6253,里,1
7126,黔,2379,敷,1
7126,黔,4423,糌,1
7126,黔,4706,聆,1
7126,黔,5862,跆,1
7126,黔,7131,黟,1
7126,黔,7133,黢,1
7127,默,6834,驮,1
7127,默,7129,黜,1
7129,黜,7127,默,1
7129,黜,7130,黝,1
7129,黜,7132,黠,1
7129,黜,7134,黥,1
7131,黟,1204,夥,1
7133,黢,7138,黯,1
7134,黥,4450,繇,1
7134,黥,7098,鹮,1
7134,黥,7131,黟,1
7134,黥,7132,黠,1
7134,黥,7138,黯,1
7135,黧,6265,錾,1
7137,黪,5882,路,1
7137,黪,7160,鼻,1
7138,黯,3109,浡,1
7138,黯,6229,醅,1
7140,黻,5251,蕺,1
7145,鼎,1578,崭,1
7147,鼒,7146,鼐,1
7150,鼙,4717,聱,1
7151,鼠,1340,媲,1
7151,鼠,6809,馄,1
7152,鼢,7086,鹠,1
7152,鼢,7158,鼷,1
7153,鼩,6844,驹,1
7154,鼫,2374,敫,1
7154,鼫,6712,韶,1
7156,鼯,7085,鹟,1
7156,鼯,7159,鼹,1
7157,鼱,7112,麟,1
7158,鼷,3131,涘,1
7158,鼷,7159,鼹,1
7159,鼹,1263,妥,1
7159,鼹,4836,腰,1
7159,鼹,7156,鼯,1
7159,鼹,7158,鼷,1
7160,鼻,1466,尊,1
7160,鼻,5585,詈,1
7160,鼻,6256,量,1
7163,齁,513,劓,1
7163,齁,7157,鼱,1
7165,齉,7163,齁,1
7166,齐,123,介,1
7166,齐,374,六,1
7166,齐,699,吝,1
7166,齐,810,哜,1
7166,齐,1578,崭,1
7166,齐,4956,芥,1
7166,齐,4972,芹,1
7166,齐,5738,谷,1
7167,齑,3852,瘌,1
7168,齿,384,兹,1
7168,齿,1532,岜,1
7168,齿,6066,逆,1
7168,齿,6503,长,1
7170,龁,7165,齉,1
7170,龁,7172,龄,1
7172,龄,6667,靛,1
7172,龄,7120,黇,1
7172,龄,7170,龁,1
7172,龄,7178,龊,1
7173,龅,7171,龃,1
7174,龆,7177,龉,1
7176,龈,7178,龊,1
7178,龊,7173,龅,1
7179,龋,7075,鹐,1
7180,龌,7176,龈,1
7181,龙,354,允,1
7181,龙,355,元,1
7181,龙,1477,尤,1
7181,龙,1487,尼,1
7181,龙,2014,戈,1
7181,龙,2918,氏,1
7181,龙,4177,秃,1
7182,龚,1233,套,1
7182,龚,4284,笔,1
7182,龚,5377,蜜,1
7182,龚,5497,袭,1
7183,龛,5479,衾,1
7184,龟,106,亳,1
7184,龟,364,兔,1
7184,龟,551,包,1
7184,龟,1685,庑,1
7185,龠,6918,鬲,1
