class_id,train_support,test_support,support_tier,top1_accuracy,recall
0,765,201,head,0.9950248756218906,0.9950248756218906
1,541,144,head,1.0,1.0
2,537,142,mid,0.9436619718309859,0.9436619718309859
3,540,141,mid,0.9148936170212766,0.9148936170212766
4,540,143,mid,0.9020979020979021,0.9020979020979021
5,540,145,mid,0.9655172413793104,0.9655172413793104
6,537,144,mid,0.9791666666666666,0.9791666666666666
7,538,144,mid,0.9236111111111112,0.9236111111111112
8,541,144,head,0.9583333333333334,0.9583333333333334
9,214,59,tail,0.9661016949152542,0.9661016949152542
10,544,142,head,0.9295774647887324,0.9295774647887324
11,542,144,head,0.9513888888888888,0.9513888888888888
12,314,83,mid,0.9879518072289156,0.9879518072289156
13,543,143,head,0.965034965034965,0.965034965034965
14,540,143,mid,0.9370629370629371,0.9370629370629371
15,540,141,mid,0.8368794326241135,0.8368794326241135
16,216,59,tail,0.9830508474576272,0.9830508474576272
17,539,144,mid,0.9652777777777778,0.9652777777777778
18,534,145,mid,0.9586206896551724,0.9586206896551724
19,543,143,head,0.9370629370629371,0.9370629370629371
20,543,143,head,0.951048951048951,0.951048951048951
21,543,139,head,0.9784172661870504,0.9784172661870504
22,541,142,head,0.9014084507042254,0.9014084507042254
23,537,142,mid,0.9647887323943662,0.9647887323943662
24,216,59,tail,0.9491525423728814,0.9491525423728814
25,540,140,mid,0.9142857142857143,0.9142857142857143
26,539,141,mid,0.9290780141843972,0.9290780141843972
27,538,143,mid,0.972027972027972,0.972027972027972
28,536,142,mid,0.9084507042253521,0.9084507042253521
29,216,59,tail,0.9661016949152542,0.9661016949152542
30,542,142,head,0.9788732394366197,0.9788732394366197
31,538,144,mid,0.9583333333333334,0.9583333333333334
32,216,60,tail,0.9333333333333333,0.9333333333333333
33,537,143,mid,0.9230769230769231,0.9230769230769231
34,540,141,mid,0.900709219858156,0.900709219858156
35,540,142,mid,0.9577464788732394,0.9577464788732394
36,538,143,mid,0.965034965034965,0.965034965034965
37,216,59,tail,1.0,1.0
38,539,144,mid,1.0,1.0
39,539,140,mid,0.9714285714285714,0.9714285714285714
40,536,142,mid,0.9014084507042254,0.9014084507042254
41,540,141,mid,0.8865248226950354,0.8865248226950354
42,538,142,mid,0.9788732394366197,0.9788732394366197
43,540,142,mid,0.9788732394366197,0.9788732394366197
44,216,59,tail,0.9830508474576272,0.9830508474576272
45,213,60,tail,0.9166666666666666,0.9166666666666666
46,535,142,mid,0.9436619718309859,0.9436619718309859
47,541,144,head,0.8680555555555556,0.8680555555555556
48,216,57,tail,0.9473684210526315,0.9473684210526315
49,533,144,mid,0.9027777777777778,0.9027777777777778
50,540,144,mid,0.9027777777777778,0.9027777777777778
51,543,145,head,0.6551724137931034,0.6551724137931034
52,540,143,mid,0.8461538461538461,0.8461538461538461
53,540,143,mid,0.965034965034965,0.965034965034965
54,540,142,mid,0.8028169014084507,0.8028169014084507
55,539,142,mid,0.9366197183098591,0.9366197183098591
56,538,142,mid,0.9014084507042254,0.9014084507042254
57,521,140,mid,0.9,0.9
58,531,143,mid,0.916083916083916,0.916083916083916
59,539,143,mid,0.951048951048951,0.951048951048951
60,513,135,mid,0.8666666666666667,0.8666666666666667
61,549,141,head,0.9361702127659575,0.9361702127659575
62,537,144,mid,0.9652777777777778,0.9652777777777778
63,211,60,tail,0.9833333333333333,0.9833333333333333
64,541,143,head,0.9300699300699301,0.9300699300699301
65,534,143,mid,0.958041958041958,0.958041958041958
66,542,144,head,0.9722222222222222,0.9722222222222222
67,540,143,mid,0.916083916083916,0.916083916083916
68,537,144,mid,0.9375,0.9375
69,537,143,mid,0.972027972027972,0.972027972027972
70,215,60,tail,0.95,0.95
71,537,143,mid,0.916083916083916,0.916083916083916
72,540,142,mid,0.9929577464788732,0.9929577464788732
73,540,142,mid,0.9788732394366197,0.9788732394366197
74,538,144,mid,0.9791666666666666,0.9791666666666666
75,538,143,mid,0.951048951048951,0.951048951048951
76,542,143,head,0.972027972027972,0.972027972027972
77,540,144,mid,0.9652777777777778,0.9652777777777778
78,539,141,mid,0.9645390070921985,0.9645390070921985
79,542,142,head,0.9014084507042254,0.9014084507042254
80,215,58,tail,0.9482758620689655,0.9482758620689655
81,543,145,head,0.8620689655172413,0.8620689655172413
82,537,144,mid,0.8958333333333334,0.8958333333333334
83,541,144,head,0.9444444444444444,0.9444444444444444
84,541,142,head,0.9507042253521126,0.9507042253521126
85,216,60,tail,0.9666666666666667,0.9666666666666667
86,538,143,mid,0.8881118881118881,0.8881118881118881
87,540,142,mid,0.9295774647887324,0.9295774647887324
88,216,59,tail,1.0,1.0
89,540,143,mid,0.965034965034965,0.965034965034965
90,534,143,mid,0.951048951048951,0.951048951048951
91,216,59,tail,0.9661016949152542,0.9661016949152542
92,215,58,tail,0.9655172413793104,0.9655172413793104
93,541,144,head,0.8958333333333334,0.8958333333333334
94,538,143,mid,0.9090909090909091,0.9090909090909091
95,540,142,mid,0.9507042253521126,0.9507042253521126
96,538,140,mid,0.9642857142857143,0.9642857142857143
97,542,143,head,0.9020979020979021,0.9020979020979021
98,540,142,mid,0.9225352112676056,0.9225352112676056
99,518,137,mid,0.8540145985401459,0.8540145985401459
100,535,143,mid,0.951048951048951,0.951048951048951
101,541,142,head,0.9084507042253521,0.9084507042253521
102,541,144,head,0.8819444444444444,0.8819444444444444
103,539,142,mid,0.971830985915493,0.971830985915493
104,539,143,mid,0.9440559440559441,0.9440559440559441
105,537,144,mid,0.9583333333333334,0.9583333333333334
106,215,59,tail,0.864406779661017,0.864406779661017
107,216,58,tail,1.0,1.0
108,214,60,tail,0.9833333333333333,0.9833333333333333
109,216,60,tail,0.9833333333333333,0.9833333333333333
110,538,144,mid,0.9652777777777778,0.9652777777777778
111,216,60,tail,0.95,0.95
112,542,143,head,0.958041958041958,0.958041958041958
113,535,144,mid,0.9444444444444444,0.9444444444444444
114,535,144,mid,0.9444444444444444,0.9444444444444444
115,216,59,tail,0.9322033898305084,0.9322033898305084
116,216,60,tail,1.0,1.0
117,214,59,tail,0.9830508474576272,0.9830508474576272
118,542,143,head,0.8671328671328671,0.8671328671328671
119,537,144,mid,0.9861111111111112,0.9861111111111112
120,540,140,mid,0.9214285714285714,0.9214285714285714
121,217,60,mid,0.9666666666666667,0.9666666666666667
122,540,144,mid,0.9305555555555556,0.9305555555555556
123,540,142,mid,0.9577464788732394,0.9577464788732394
124,537,144,mid,0.9722222222222222,0.9722222222222222
125,539,142,mid,0.971830985915493,0.971830985915493
126,536,143,mid,0.958041958041958,0.958041958041958
127,542,143,head,0.9300699300699301,0.9300699300699301
128,539,143,mid,0.951048951048951,0.951048951048951
129,535,143,mid,0.8741258741258742,0.8741258741258742
130,536,143,mid,0.9790209790209791,0.9790209790209791
131,541,144,head,0.9513888888888888,0.9513888888888888
132,540,142,mid,0.9084507042253521,0.9084507042253521
133,541,142,head,0.9295774647887324,0.9295774647887324
134,216,59,tail,0.9661016949152542,0.9661016949152542
135,216,60,tail,0.95,0.95
136,533,143,mid,0.8321678321678322,0.8321678321678322
137,216,59,tail,0.9661016949152542,0.9661016949152542
138,540,140,mid,0.9357142857142857,0.9357142857142857
139,536,143,mid,0.8811188811188811,0.8811188811188811
140,539,143,mid,0.951048951048951,0.951048951048951
141,216,60,tail,1.0,1.0
142,539,143,mid,0.8811188811188811,0.8811188811188811
143,216,60,tail,1.0,1.0
144,535,143,mid,0.986013986013986,0.986013986013986
145,538,143,mid,0.972027972027972,0.972027972027972
146,539,144,mid,0.8888888888888888,0.8888888888888888
147,216,60,tail,0.9833333333333333,0.9833333333333333
148,215,60,tail,1.0,1.0
149,537,140,mid,0.8714285714285714,0.8714285714285714
150,536,143,mid,0.9370629370629371,0.9370629370629371
151,541,144,head,0.8819444444444444,0.8819444444444444
152,541,142,head,0.8661971830985915,0.8661971830985915
153,539,141,mid,0.8723404255319149,0.8723404255319149
154,538,144,mid,0.9791666666666666,0.9791666666666666
155,216,60,tail,0.95,0.95
156,537,144,mid,0.9513888888888888,0.9513888888888888
157,216,60,tail,0.9833333333333333,0.9833333333333333
158,537,142,mid,0.9225352112676056,0.9225352112676056
159,535,141,mid,0.9432624113475178,0.9432624113475178
160,542,141,head,0.9361702127659575,0.9361702127659575
161,536,142,mid,0.9225352112676056,0.9225352112676056
162,533,141,mid,0.8581560283687943,0.8581560283687943
163,540,143,mid,0.965034965034965,0.965034965034965
164,542,143,head,0.916083916083916,0.916083916083916
165,535,143,mid,0.9370629370629371,0.9370629370629371
166,540,141,mid,0.9432624113475178,0.9432624113475178
167,216,60,tail,1.0,1.0
168,538,143,mid,0.951048951048951,0.951048951048951
169,541,144,head,0.9583333333333334,0.9583333333333334
170,540,142,mid,0.9225352112676056,0.9225352112676056
171,216,59,tail,1.0,1.0
172,536,144,mid,0.9027777777777778,0.9027777777777778
173,216,59,tail,0.9661016949152542,0.9661016949152542
174,540,143,mid,0.8671328671328671,0.8671328671328671
175,216,60,tail,0.9666666666666667,0.9666666666666667
176,541,143,head,0.9440559440559441,0.9440559440559441
177,216,60,tail,0.9833333333333333,0.9833333333333333
178,543,142,head,0.8802816901408451,0.8802816901408451
179,541,142,head,0.8309859154929577,0.8309859154929577
180,216,60,tail,0.95,0.95
181,542,142,head,0.8802816901408451,0.8802816901408451
182,536,142,mid,0.9084507042253521,0.9084507042253521
183,539,142,mid,0.9014084507042254,0.9014084507042254
184,535,140,mid,0.8928571428571429,0.8928571428571429
185,538,140,mid,0.9428571428571428,0.9428571428571428
186,216,60,tail,0.9833333333333333,0.9833333333333333
187,216,60,tail,0.95,0.95
188,538,138,mid,0.9710144927536232,0.9710144927536232
189,541,142,head,0.9366197183098591,0.9366197183098591
190,540,142,mid,0.9366197183098591,0.9366197183098591
191,539,142,mid,0.9366197183098591,0.9366197183098591
192,539,143,mid,0.7552447552447552,0.7552447552447552
193,537,142,mid,0.9366197183098591,0.9366197183098591
194,543,143,head,0.916083916083916,0.916083916083916
195,540,142,mid,0.9084507042253521,0.9084507042253521
196,540,142,mid,0.9084507042253521,0.9084507042253521
197,216,60,tail,0.95,0.95
198,216,59,tail,0.9661016949152542,0.9661016949152542
199,541,144,head,0.7361111111111112,0.7361111111111112
200,216,59,tail,0.9322033898305084,0.9322033898305084
201,540,140,mid,0.9285714285714286,0.9285714285714286
202,540,144,mid,0.9097222222222222,0.9097222222222222
203,216,60,tail,0.9833333333333333,0.9833333333333333
204,216,59,tail,0.9491525423728814,0.9491525423728814
205,216,60,tail,0.9833333333333333,0.9833333333333333
206,535,144,mid,0.9097222222222222,0.9097222222222222
207,542,143,head,0.972027972027972,0.972027972027972
208,216,60,tail,1.0,1.0
209,216,58,tail,0.9827586206896551,0.9827586206896551
210,216,60,tail,0.9666666666666667,0.9666666666666667
211,538,144,mid,0.9722222222222222,0.9722222222222222
212,534,141,mid,0.9361702127659575,0.9361702127659575
213,538,144,mid,0.8958333333333334,0.8958333333333334
214,543,142,head,0.8873239436619719,0.8873239436619719
215,538,142,mid,0.8591549295774648,0.8591549295774648
216,216,60,tail,0.95,0.95
217,216,59,tail,0.9491525423728814,0.9491525423728814
218,216,60,tail,0.9666666666666667,0.9666666666666667
219,214,60,tail,0.9666666666666667,0.9666666666666667
220,216,60,tail,0.9666666666666667,0.9666666666666667
221,538,143,mid,0.9370629370629371,0.9370629370629371
222,216,59,tail,0.9661016949152542,0.9661016949152542
223,541,142,head,0.9084507042253521,0.9084507042253521
224,537,137,mid,0.9124087591240876,0.9124087591240876
225,216,60,tail,0.9666666666666667,0.9666666666666667
226,540,142,mid,0.9295774647887324,0.9295774647887324
227,535,143,mid,0.8951048951048951,0.8951048951048951
228,216,60,tail,0.9333333333333333,0.9333333333333333
229,216,60,tail,0.9166666666666666,0.9166666666666666
230,216,60,tail,0.9666666666666667,0.9666666666666667
231,535,139,mid,0.8920863309352518,0.8920863309352518
232,542,142,head,0.971830985915493,0.971830985915493
233,542,143,head,0.958041958041958,0.958041958041958
234,540,144,mid,0.9027777777777778,0.9027777777777778
235,539,143,mid,0.9370629370629371,0.9370629370629371
236,536,141,mid,0.9361702127659575,0.9361702127659575
237,540,145,mid,0.9724137931034482,0.9724137931034482
238,542,143,head,0.9440559440559441,0.9440559440559441
239,540,144,mid,0.9166666666666666,0.9166666666666666
240,533,142,mid,0.9014084507042254,0.9014084507042254
241,217,60,mid,0.95,0.95
242,216,60,tail,0.95,0.95
243,539,142,mid,0.9507042253521126,0.9507042253521126
244,540,142,mid,0.8943661971830986,0.8943661971830986
245,539,143,mid,0.965034965034965,0.965034965034965
246,540,143,mid,0.916083916083916,0.916083916083916
247,542,141,head,0.8936170212765957,0.8936170212765957
248,537,141,mid,0.950354609929078,0.950354609929078
249,216,59,tail,1.0,1.0
250,535,143,mid,0.9370629370629371,0.9370629370629371
251,216,59,tail,0.9830508474576272,0.9830508474576272
252,540,143,mid,0.8111888111888111,0.8111888111888111
253,535,141,mid,0.9574468085106383,0.9574468085106383
254,216,60,tail,0.9833333333333333,0.9833333333333333
255,535,142,mid,0.9366197183098591,0.9366197183098591
256,541,141,head,0.950354609929078,0.950354609929078
257,215,60,tail,0.9833333333333333,0.9833333333333333
258,216,60,tail,1.0,1.0
259,544,142,head,0.8943661971830986,0.8943661971830986
260,541,144,head,0.9652777777777778,0.9652777777777778
261,216,60,tail,0.95,0.95
262,540,142,mid,0.8873239436619719,0.8873239436619719
263,215,60,tail,0.9833333333333333,0.9833333333333333
264,216,60,tail,0.9833333333333333,0.9833333333333333
265,216,60,tail,0.9833333333333333,0.9833333333333333
266,539,142,mid,0.9647887323943662,0.9647887323943662
267,216,60,tail,0.9833333333333333,0.9833333333333333
268,537,141,mid,0.8794326241134752,0.8794326241134752
269,540,144,mid,0.9652777777777778,0.9652777777777778
270,537,141,mid,0.9787234042553191,0.9787234042553191
271,540,144,mid,0.9305555555555556,0.9305555555555556
272,216,60,tail,0.9666666666666667,0.9666666666666667
273,215,60,tail,0.9666666666666667,0.9666666666666667
274,216,60,tail,0.9666666666666667,0.9666666666666667
275,216,60,tail,0.9833333333333333,0.9833333333333333
276,542,141,head,0.9787234042553191,0.9787234042553191
277,216,60,tail,0.9833333333333333,0.9833333333333333
278,216,60,tail,0.95,0.95
279,541,140,head,0.8642857142857143,0.8642857142857143
280,216,60,tail,0.9833333333333333,0.9833333333333333
281,543,141,head,0.9148936170212766,0.9148936170212766
282,216,60,tail,0.9166666666666666,0.9166666666666666
283,539,144,mid,0.9722222222222222,0.9722222222222222
284,536,141,mid,0.8439716312056738,0.8439716312056738
285,539,142,mid,0.9436619718309859,0.9436619718309859
286,541,144,head,0.8958333333333334,0.8958333333333334
287,216,60,tail,0.9666666666666667,0.9666666666666667
288,216,60,tail,0.9666666666666667,0.9666666666666667
289,540,143,mid,0.9090909090909091,0.9090909090909091
290,540,141,mid,0.9716312056737588,0.9716312056737588
291,216,60,tail,0.9833333333333333,0.9833333333333333
292,540,144,mid,0.9583333333333334,0.9583333333333334
293,216,60,tail,0.9666666666666667,0.9666666666666667
294,214,60,tail,0.9833333333333333,0.9833333333333333
295,537,144,mid,0.9444444444444444,0.9444444444444444
296,216,60,tail,0.9333333333333333,0.9333333333333333
297,216,60,tail,0.95,0.95
298,216,60,tail,0.9833333333333333,0.9833333333333333
299,216,60,tail,0.9833333333333333,0.9833333333333333
300,540,143,mid,0.9020979020979021,0.9020979020979021
301,216,59,tail,0.9830508474576272,0.9830508474576272
302,542,143,head,0.9440559440559441,0.9440559440559441
303,539,145,mid,0.9310344827586207,0.9310344827586207
304,216,60,tail,1.0,1.0
305,537,143,mid,1.0,1.0
306,216,60,tail,0.9666666666666667,0.9666666666666667
307,216,60,tail,1.0,1.0
308,317,84,mid,0.9642857142857143,0.9642857142857143
309,538,144,mid,0.9722222222222222,0.9722222222222222
310,216,60,tail,0.9666666666666667,0.9666666666666667
311,541,144,head,0.9027777777777778,0.9027777777777778
312,540,143,mid,0.951048951048951,0.951048951048951
313,535,141,mid,0.9645390070921985,0.9645390070921985
314,216,60,tail,0.9333333333333333,0.9333333333333333
315,216,60,tail,0.9666666666666667,0.9666666666666667
316,540,142,mid,0.9295774647887324,0.9295774647887324
317,536,143,mid,0.965034965034965,0.965034965034965
318,216,60,tail,0.9666666666666667,0.9666666666666667
319,216,59,tail,0.9661016949152542,0.9661016949152542
320,541,141,head,0.9645390070921985,0.9645390070921985
321,535,144,mid,0.9444444444444444,0.9444444444444444
322,540,142,mid,0.9436619718309859,0.9436619718309859
323,436,120,mid,0.875,0.875
324,543,140,head,0.9571428571428572,0.9571428571428572
325,540,142,mid,0.9859154929577465,0.9859154929577465
326,216,60,tail,0.95,0.95
327,216,59,tail,1.0,1.0
328,541,142,head,0.9647887323943662,0.9647887323943662
329,216,59,tail,0.9491525423728814,0.9491525423728814
330,540,141,mid,0.9929078014184397,0.9929078014184397
331,542,141,head,0.950354609929078,0.950354609929078
332,216,59,tail,1.0,1.0
333,533,141,mid,0.9645390070921985,0.9645390070921985
334,216,60,tail,0.9666666666666667,0.9666666666666667
335,540,142,mid,0.9366197183098591,0.9366197183098591
336,216,59,tail,1.0,1.0
337,535,144,mid,0.9652777777777778,0.9652777777777778
338,213,58,tail,1.0,1.0
339,538,142,mid,0.9788732394366197,0.9788732394366197
340,216,59,tail,0.8983050847457628,0.8983050847457628
341,214,59,tail,0.9830508474576272,0.9830508474576272
342,216,59,tail,0.9661016949152542,0.9661016949152542
343,216,59,tail,1.0,1.0
344,437,117,mid,0.905982905982906,0.905982905982906
345,538,142,mid,0.9929577464788732,0.9929577464788732
346,538,143,mid,0.965034965034965,0.965034965034965
347,216,58,tail,0.9482758620689655,0.9482758620689655
348,216,58,tail,0.9655172413793104,0.9655172413793104
349,216,58,tail,1.0,1.0
350,540,144,mid,0.9652777777777778,0.9652777777777778
351,540,143,mid,0.986013986013986,0.986013986013986
352,541,142,head,0.9436619718309859,0.9436619718309859
353,216,59,tail,1.0,1.0
354,540,145,mid,0.9379310344827586,0.9379310344827586
355,543,145,head,0.8620689655172413,0.8620689655172413
356,540,144,mid,0.9375,0.9375
357,540,142,mid,0.9295774647887324,0.9295774647887324
358,540,142,mid,0.9014084507042254,0.9014084507042254
359,541,143,head,0.8951048951048951,0.8951048951048951
360,541,143,head,0.8881118881118881,0.8881118881118881
361,537,144,mid,0.9583333333333334,0.9583333333333334
362,535,144,mid,0.9236111111111112,0.9236111111111112
363,535,141,mid,0.950354609929078,0.950354609929078
364,538,142,mid,0.9084507042253521,0.9084507042253521
365,216,59,tail,1.0,1.0
366,216,59,tail,0.9661016949152542,0.9661016949152542
367,542,141,head,0.8581560283687943,0.8581560283687943
368,540,142,mid,0.9859154929577465,0.9859154929577465
369,540,143,mid,0.951048951048951,0.951048951048951
370,536,143,mid,0.9090909090909091,0.9090909090909091
371,539,144,mid,0.8472222222222222,0.8472222222222222
372,542,143,head,0.9300699300699301,0.9300699300699301
373,541,141,head,0.9574468085106383,0.9574468085106383
374,532,142,mid,0.9225352112676056,0.9225352112676056
375,215,59,tail,1.0,1.0
376,537,143,mid,0.958041958041958,0.958041958041958
377,540,143,mid,0.8951048951048951,0.8951048951048951
378,542,141,head,0.9361702127659575,0.9361702127659575
379,540,142,mid,0.9647887323943662,0.9647887323943662
380,544,141,head,0.9787234042553191,0.9787234042553191
381,539,144,mid,0.9722222222222222,0.9722222222222222
382,540,143,mid,0.9020979020979021,0.9020979020979021
383,536,141,mid,0.9858156028368794,0.9858156028368794
384,537,143,mid,0.986013986013986,0.986013986013986
385,541,143,head,0.958041958041958,0.958041958041958
386,535,142,mid,0.9859154929577465,0.9859154929577465
387,531,141,mid,0.950354609929078,0.950354609929078
388,538,143,mid,0.993006993006993,0.993006993006993
389,216,59,tail,1.0,1.0
390,216,60,tail,0.9833333333333333,0.9833333333333333
391,538,142,mid,0.9577464788732394,0.9577464788732394
392,539,142,mid,0.9084507042253521,0.9084507042253521
393,535,142,mid,0.9859154929577465,0.9859154929577465
394,543,143,head,0.951048951048951,0.951048951048951
395,542,144,head,0.9861111111111112,0.9861111111111112
396,538,143,mid,0.916083916083916,0.916083916083916
397,532,144,mid,0.9791666666666666,0.9791666666666666
398,216,59,tail,1.0,1.0
399,539,143,mid,0.9300699300699301,0.9300699300699301
400,540,143,mid,0.8811188811188811,0.8811188811188811
401,540,145,mid,0.903448275862069,0.903448275862069
402,539,143,mid,0.972027972027972,0.972027972027972
403,541,141,head,0.9929078014184397,0.9929078014184397
404,216,59,tail,1.0,1.0
405,538,144,mid,0.9375,0.9375
406,216,57,tail,0.9824561403508771,0.9824561403508771
407,215,57,tail,0.8947368421052632,0.8947368421052632
408,539,142,mid,0.9929577464788732,0.9929577464788732
409,542,142,head,0.9507042253521126,0.9507042253521126
410,540,141,mid,0.9219858156028369,0.9219858156028369
411,213,59,tail,0.9491525423728814,0.9491525423728814
412,543,142,head,0.9859154929577465,0.9859154929577465
413,539,144,mid,0.9305555555555556,0.9305555555555556
414,540,143,mid,0.9230769230769231,0.9230769230769231
415,533,141,mid,0.7304964539007093,0.7304964539007093
416,537,143,mid,0.8671328671328671,0.8671328671328671
417,536,142,mid,0.9577464788732394,0.9577464788732394
418,214,59,tail,0.7966101694915254,0.7966101694915254
419,216,57,tail,0.8596491228070176,0.8596491228070176
420,540,143,mid,0.9090909090909091,0.9090909090909091
421,538,142,mid,0.9436619718309859,0.9436619718309859
422,540,144,mid,0.8125,0.8125
423,216,59,tail,0.847457627118644,0.847457627118644
424,538,141,mid,0.8936170212765957,0.8936170212765957
425,540,140,mid,0.95,0.95
426,536,143,mid,0.9790209790209791,0.9790209790209791
427,539,141,mid,0.9290780141843972,0.9290780141843972
428,539,141,mid,0.9432624113475178,0.9432624113475178
429,533,142,mid,0.9507042253521126,0.9507042253521126
430,540,144,mid,0.9444444444444444,0.9444444444444444
431,541,141,head,0.8723404255319149,0.8723404255319149
432,540,141,mid,0.9574468085106383,0.9574468085106383
433,540,141,mid,0.9148936170212766,0.9148936170212766
434,315,81,mid,0.9506172839506173,0.9506172839506173
435,538,143,mid,0.9790209790209791,0.9790209790209791
436,536,142,mid,0.9295774647887324,0.9295774647887324
437,539,143,mid,0.965034965034965,0.965034965034965
438,533,142,mid,0.9295774647887324,0.9295774647887324
439,215,59,tail,0.9661016949152542,0.9661016949152542
440,540,143,mid,0.951048951048951,0.951048951048951
441,538,143,mid,0.965034965034965,0.965034965034965
442,539,142,mid,0.9929577464788732,0.9929577464788732
443,542,142,head,0.9507042253521126,0.9507042253521126
444,540,143,mid,0.965034965034965,0.965034965034965
445,216,59,tail,0.9491525423728814,0.9491525423728814
446,542,141,head,0.9148936170212766,0.9148936170212766
447,536,145,mid,0.993103448275862,0.993103448275862
448,540,142,mid,0.9014084507042254,0.9014084507042254
449,535,138,mid,0.8260869565217391,0.8260869565217391
450,216,60,tail,0.9833333333333333,0.9833333333333333
451,537,144,mid,0.9444444444444444,0.9444444444444444
452,540,142,mid,0.9507042253521126,0.9507042253521126
453,539,144,mid,0.9236111111111112,0.9236111111111112
454,216,60,tail,0.9833333333333333,0.9833333333333333
455,533,144,mid,0.9513888888888888,0.9513888888888888
456,216,60,tail,0.95,0.95
457,216,60,tail,1.0,1.0
458,540,143,mid,0.965034965034965,0.965034965034965
459,537,143,mid,0.972027972027972,0.972027972027972
460,216,60,tail,0.95,0.95
461,539,142,mid,0.9084507042253521,0.9084507042253521
462,534,142,mid,0.9436619718309859,0.9436619718309859
463,540,144,mid,0.9444444444444444,0.9444444444444444
464,542,141,head,0.9432624113475178,0.9432624113475178
465,543,142,head,0.8943661971830986,0.8943661971830986
466,543,143,head,0.951048951048951,0.951048951048951
467,538,143,mid,0.986013986013986,0.986013986013986
468,536,144,mid,0.9444444444444444,0.9444444444444444
469,533,144,mid,0.9027777777777778,0.9027777777777778
470,539,143,mid,0.8881118881118881,0.8881118881118881
471,542,141,head,0.9290780141843972,0.9290780141843972
472,216,59,tail,0.9830508474576272,0.9830508474576272
473,538,142,mid,0.9577464788732394,0.9577464788732394
474,539,141,mid,0.8652482269503546,0.8652482269503546
475,216,59,tail,0.9491525423728814,0.9491525423728814
476,539,143,mid,0.9370629370629371,0.9370629370629371
477,537,143,mid,0.9300699300699301,0.9300699300699301
478,540,143,mid,0.958041958041958,0.958041958041958
479,539,144,mid,0.9513888888888888,0.9513888888888888
480,543,143,head,0.6993006993006993,0.6993006993006993
481,538,144,mid,0.9722222222222222,0.9722222222222222
482,540,140,mid,0.9285714285714286,0.9285714285714286
483,216,60,tail,1.0,1.0
484,213,60,tail,1.0,1.0
485,540,141,mid,0.950354609929078,0.950354609929078
486,540,143,mid,0.965034965034965,0.965034965034965
487,538,143,mid,0.972027972027972,0.972027972027972
488,216,60,tail,0.9833333333333333,0.9833333333333333
489,540,144,mid,0.9444444444444444,0.9444444444444444
490,216,60,tail,0.7833333333333333,0.7833333333333333
491,539,142,mid,0.9647887323943662,0.9647887323943662
492,540,142,mid,0.9577464788732394,0.9577464788732394
493,538,140,mid,0.9214285714285714,0.9214285714285714
494,540,142,mid,0.9507042253521126,0.9507042253521126
495,216,60,tail,1.0,1.0
496,532,142,mid,0.9295774647887324,0.9295774647887324
497,216,60,tail,1.0,1.0
498,216,60,tail,1.0,1.0
499,216,60,tail,1.0,1.0
500,215,59,tail,0.9661016949152542,0.9661016949152542
501,543,142,head,0.9507042253521126,0.9507042253521126
502,539,143,mid,0.972027972027972,0.972027972027972
503,537,143,mid,0.958041958041958,0.958041958041958
504,539,141,mid,0.9929078014184397,0.9929078014184397
505,540,142,mid,0.9436619718309859,0.9436619718309859
506,542,141,head,0.9858156028368794,0.9858156028368794
507,216,60,tail,0.9833333333333333,0.9833333333333333
508,540,143,mid,0.9790209790209791,0.9790209790209791
509,216,60,tail,1.0,1.0
510,216,60,tail,0.9666666666666667,0.9666666666666667
511,537,144,mid,1.0,1.0
512,216,60,tail,1.0,1.0
513,216,60,tail,1.0,1.0
514,538,142,mid,0.9788732394366197,0.9788732394366197
515,538,142,mid,0.9577464788732394,0.9577464788732394
516,543,143,head,0.965034965034965,0.965034965034965
517,540,142,mid,0.9647887323943662,0.9647887323943662
518,539,143,mid,0.958041958041958,0.958041958041958
519,540,141,mid,0.9645390070921985,0.9645390070921985
520,215,60,tail,0.9333333333333333,0.9333333333333333
521,539,143,mid,0.965034965034965,0.965034965034965
522,540,141,mid,0.9432624113475178,0.9432624113475178
523,540,144,mid,0.9375,0.9375
524,540,144,mid,0.9444444444444444,0.9444444444444444
525,536,142,mid,0.9014084507042254,0.9014084507042254
526,215,60,tail,0.95,0.95
527,216,60,tail,0.9833333333333333,0.9833333333333333
528,540,144,mid,0.9722222222222222,0.9722222222222222
529,540,144,mid,0.9722222222222222,0.9722222222222222
530,537,142,mid,0.9225352112676056,0.9225352112676056
531,216,60,tail,0.9833333333333333,0.9833333333333333
532,537,144,mid,0.9583333333333334,0.9583333333333334
533,540,143,mid,0.9790209790209791,0.9790209790209791
534,542,141,head,0.9929078014184397,0.9929078014184397
535,537,144,mid,0.9930555555555556,0.9930555555555556
536,539,142,mid,0.9859154929577465,0.9859154929577465
537,216,60,tail,0.9833333333333333,0.9833333333333333
538,214,59,tail,0.9661016949152542,0.9661016949152542
539,540,143,mid,0.8951048951048951,0.8951048951048951
540,216,60,tail,1.0,1.0
541,540,141,mid,0.9929078014184397,0.9929078014184397
542,536,144,mid,0.9375,0.9375
543,538,144,mid,0.9444444444444444,0.9444444444444444
544,215,60,tail,1.0,1.0
545,216,60,tail,1.0,1.0
546,215,59,tail,0.9661016949152542,0.9661016949152542
547,539,144,mid,0.9027777777777778,0.9027777777777778
548,540,143,mid,0.8951048951048951,0.8951048951048951
549,540,145,mid,0.8758620689655172,0.8758620689655172
550,543,143,head,0.8881118881118881,0.8881118881118881
551,542,143,head,0.9370629370629371,0.9370629370629371
552,543,141,head,0.9361702127659575,0.9361702127659575
553,539,143,mid,0.8881118881118881,0.8881118881118881
554,216,59,tail,1.0,1.0
555,216,60,tail,1.0,1.0
556,216,58,tail,0.9827586206896551,0.9827586206896551
557,314,84,mid,0.8690476190476191,0.8690476190476191
558,540,141,mid,0.8936170212765957,0.8936170212765957
559,542,141,head,0.9361702127659575,0.9361702127659575
560,541,142,head,0.9647887323943662,0.9647887323943662
561,216,60,tail,0.9666666666666667,0.9666666666666667
562,216,60,tail,0.9833333333333333,0.9833333333333333
563,542,145,head,0.993103448275862,0.993103448275862
564,537,143,mid,0.9790209790209791,0.9790209790209791
565,539,144,mid,0.9513888888888888,0.9513888888888888
566,540,142,mid,0.9647887323943662,0.9647887323943662
567,215,60,tail,1.0,1.0
568,540,142,mid,0.971830985915493,0.971830985915493
569,216,60,tail,0.9666666666666667,0.9666666666666667
570,536,144,mid,0.9444444444444444,0.9444444444444444
571,540,144,mid,0.9375,0.9375
572,541,143,head,0.9790209790209791,0.9790209790209791
573,314,82,mid,0.9878048780487805,0.9878048780487805
574,532,143,mid,0.9370629370629371,0.9370629370629371
575,537,146,mid,0.958904109589041,0.958904109589041
576,538,143,mid,0.7692307692307693,0.7692307692307693
577,216,59,tail,1.0,1.0
578,539,144,mid,0.875,0.875
579,541,142,head,0.9154929577464789,0.9154929577464789
580,531,142,mid,0.9859154929577465,0.9859154929577465
581,543,140,head,0.8928571428571429,0.8928571428571429
582,540,142,mid,0.9366197183098591,0.9366197183098591
583,537,140,mid,0.9714285714285714,0.9714285714285714
584,544,144,head,0.9444444444444444,0.9444444444444444
585,540,143,mid,0.8811188811188811,0.8811188811188811
586,538,143,mid,0.951048951048951,0.951048951048951
587,540,141,mid,0.9361702127659575,0.9361702127659575
588,534,143,mid,0.9370629370629371,0.9370629370629371
589,539,143,mid,0.9790209790209791,0.9790209790209791
590,539,141,mid,0.9787234042553191,0.9787234042553191
591,544,142,head,0.9788732394366197,0.9788732394366197
592,536,140,mid,0.9428571428571428,0.9428571428571428
593,216,60,tail,0.95,0.95
594,543,145,head,0.9379310344827586,0.9379310344827586
595,540,142,mid,0.9507042253521126,0.9507042253521126
596,537,143,mid,0.965034965034965,0.965034965034965
597,216,60,tail,0.9833333333333333,0.9833333333333333
598,765,202,head,0.9554455445544554,0.9554455445544554
599,315,84,mid,0.8690476190476191,0.8690476190476191
600,541,143,head,0.9790209790209791,0.9790209790209791
601,216,58,tail,0.9827586206896551,0.9827586206896551
602,540,142,mid,0.971830985915493,0.971830985915493
603,216,60,tail,0.95,0.95
604,536,144,mid,0.8888888888888888,0.8888888888888888
605,544,143,head,0.9790209790209791,0.9790209790209791
606,539,144,mid,0.9583333333333334,0.9583333333333334
607,539,142,mid,0.9647887323943662,0.9647887323943662
608,538,143,mid,0.9300699300699301,0.9300699300699301
609,539,142,mid,0.9577464788732394,0.9577464788732394
610,538,143,mid,0.972027972027972,0.972027972027972
611,537,142,mid,0.971830985915493,0.971830985915493
612,215,58,tail,0.9655172413793104,0.9655172413793104
613,216,60,tail,0.9833333333333333,0.9833333333333333
614,539,144,mid,0.9930555555555556,0.9930555555555556
615,541,141,head,0.8936170212765957,0.8936170212765957
616,538,142,mid,0.9647887323943662,0.9647887323943662
617,534,143,mid,0.9230769230769231,0.9230769230769231
618,539,144,mid,0.9513888888888888,0.9513888888888888
619,538,143,mid,0.9440559440559441,0.9440559440559441
620,540,142,mid,0.9366197183098591,0.9366197183098591
621,540,144,mid,0.9791666666666666,0.9791666666666666
622,216,60,tail,0.9666666666666667,0.9666666666666667
623,543,142,head,0.9929577464788732,0.9929577464788732
624,537,141,mid,0.9574468085106383,0.9574468085106383
625,540,141,mid,0.9574468085106383,0.9574468085106383
626,216,60,tail,0.9666666666666667,0.9666666666666667
627,541,143,head,0.916083916083916,0.916083916083916
628,536,143,mid,0.993006993006993,0.993006993006993
629,216,59,tail,1.0,1.0
630,216,60,tail,0.9833333333333333,0.9833333333333333
631,540,143,mid,0.958041958041958,0.958041958041958
632,543,142,head,0.9929577464788732,0.9929577464788732
633,541,143,head,0.986013986013986,0.986013986013986
634,214,58,tail,1.0,1.0
635,212,57,tail,0.9649122807017544,0.9649122807017544
636,538,143,mid,0.9370629370629371,0.9370629370629371
637,216,60,tail,0.9666666666666667,0.9666666666666667
638,537,143,mid,0.9090909090909091,0.9090909090909091
639,533,142,mid,0.9225352112676056,0.9225352112676056
640,542,142,head,0.9366197183098591,0.9366197183098591
641,542,145,head,0.8620689655172413,0.8620689655172413
642,542,143,head,0.9370629370629371,0.9370629370629371
643,539,143,mid,0.8741258741258742,0.8741258741258742
644,541,144,head,0.9027777777777778,0.9027777777777778
645,538,142,mid,0.9647887323943662,0.9647887323943662
646,541,142,head,0.8591549295774648,0.8591549295774648
647,540,141,mid,0.9574468085106383,0.9574468085106383
648,534,143,mid,0.9300699300699301,0.9300699300699301
649,536,144,mid,0.9791666666666666,0.9791666666666666
650,539,143,mid,0.965034965034965,0.965034965034965
651,543,142,head,0.9154929577464789,0.9154929577464789
652,538,143,mid,0.958041958041958,0.958041958041958
653,537,144,mid,0.9583333333333334,0.9583333333333334
654,215,59,tail,0.9830508474576272,0.9830508474576272
655,540,141,mid,0.9787234042553191,0.9787234042553191
656,538,143,mid,0.42657342657342656,0.42657342657342656
657,541,141,head,0.9574468085106383,0.9574468085106383
658,540,143,mid,0.8461538461538461,0.8461538461538461
659,538,143,mid,0.916083916083916,0.916083916083916
660,316,83,mid,0.2891566265060241,0.2891566265060241
661,216,59,tail,0.9661016949152542,0.9661016949152542
662,540,143,mid,0.958041958041958,0.958041958041958
663,540,143,mid,0.965034965034965,0.965034965034965
664,541,144,head,0.9444444444444444,0.9444444444444444
665,540,141,mid,0.9858156028368794,0.9858156028368794
666,540,142,mid,0.9647887323943662,0.9647887323943662
667,540,144,mid,0.9027777777777778,0.9027777777777778
668,539,143,mid,0.9300699300699301,0.9300699300699301
669,216,60,tail,0.95,0.95
670,540,142,mid,0.9788732394366197,0.9788732394366197
671,542,144,head,0.9166666666666666,0.9166666666666666
672,216,60,tail,1.0,1.0
673,541,143,head,0.9790209790209791,0.9790209790209791
674,539,143,mid,0.9370629370629371,0.9370629370629371
675,538,143,mid,0.958041958041958,0.958041958041958
676,536,142,mid,0.971830985915493,0.971830985915493
677,216,60,tail,0.9833333333333333,0.9833333333333333
678,535,137,mid,0.8540145985401459,0.8540145985401459
679,317,84,mid,0.9285714285714286,0.9285714285714286
680,542,142,head,0.9154929577464789,0.9154929577464789
681,542,142,head,0.9507042253521126,0.9507042253521126
682,543,142,head,0.8380281690140845,0.8380281690140845
683,313,84,mid,0.9523809523809523,0.9523809523809523
684,540,142,mid,0.7816901408450704,0.7816901408450704
685,538,141,mid,0.900709219858156,0.900709219858156
686,541,141,head,0.9787234042553191,0.9787234042553191
687,540,142,mid,0.8943661971830986,0.8943661971830986
688,537,144,mid,0.9305555555555556,0.9305555555555556
689,539,143,mid,0.9090909090909091,0.9090909090909091
690,540,143,mid,0.9790209790209791,0.9790209790209791
691,540,143,mid,0.965034965034965,0.965034965034965
692,540,142,mid,0.823943661971831,0.823943661971831
693,216,60,tail,0.9833333333333333,0.9833333333333333
694,538,143,mid,0.965034965034965,0.965034965034965
695,539,141,mid,0.9361702127659575,0.9361702127659575
696,216,60,tail,0.9166666666666666,0.9166666666666666
697,537,143,mid,0.958041958041958,0.958041958041958
698,540,143,mid,0.9440559440559441,0.9440559440559441
699,537,143,mid,0.9440559440559441,0.9440559440559441
700,539,143,mid,0.9370629370629371,0.9370629370629371
701,536,141,mid,0.9219858156028369,0.9219858156028369
702,541,141,head,0.9787234042553191,0.9787234042553191
703,216,60,tail,0.8833333333333333,0.8833333333333333
704,216,60,tail,0.95,0.95
705,538,139,mid,0.9712230215827338,0.9712230215827338
706,543,142,head,0.9788732394366197,0.9788732394366197
707,540,140,mid,0.9714285714285714,0.9714285714285714
708,540,141,mid,0.9858156028368794,0.9858156028368794
709,539,142,mid,0.9366197183098591,0.9366197183098591
710,539,142,mid,0.9225352112676056,0.9225352112676056
711,539,139,mid,0.920863309352518,0.920863309352518
712,537,143,mid,0.9370629370629371,0.9370629370629371
713,539,143,mid,0.9440559440559441,0.9440559440559441
714,542,145,head,0.9448275862068966,0.9448275862068966
715,216,60,tail,0.95,0.95
716,541,143,head,0.8251748251748252,0.8251748251748252
717,540,143,mid,0.965034965034965,0.965034965034965
718,540,143,mid,0.9090909090909091,0.9090909090909091
719,540,143,mid,0.8391608391608392,0.8391608391608392
720,541,144,head,0.9444444444444444,0.9444444444444444
721,540,142,mid,0.971830985915493,0.971830985915493
722,540,142,mid,0.9295774647887324,0.9295774647887324
723,540,144,mid,0.9166666666666666,0.9166666666666666
724,216,60,tail,0.9833333333333333,0.9833333333333333
725,541,141,head,0.8581560283687943,0.8581560283687943
726,542,142,head,0.9084507042253521,0.9084507042253521
727,540,142,mid,0.8943661971830986,0.8943661971830986
728,216,60,tail,0.9666666666666667,0.9666666666666667
729,538,144,mid,0.9583333333333334,0.9583333333333334
730,215,59,tail,0.9491525423728814,0.9491525423728814
731,216,60,tail,0.9666666666666667,0.9666666666666667
732,216,59,tail,0.9322033898305084,0.9322033898305084
733,537,144,mid,0.9652777777777778,0.9652777777777778
734,216,60,tail,0.95,0.95
735,216,59,tail,0.9491525423728814,0.9491525423728814
736,543,144,head,0.9166666666666666,0.9166666666666666
737,216,60,tail,0.95,0.95
738,537,144,mid,0.9583333333333334,0.9583333333333334
739,535,143,mid,0.7762237762237763,0.7762237762237763
740,536,144,mid,0.9166666666666666,0.9166666666666666
741,216,59,tail,0.9152542372881356,0.9152542372881356
742,216,60,tail,0.9833333333333333,0.9833333333333333
743,540,143,mid,0.9020979020979021,0.9020979020979021
744,216,59,tail,0.9830508474576272,0.9830508474576272
745,216,60,tail,0.85,0.85
746,541,144,head,0.9305555555555556,0.9305555555555556
747,536,143,mid,0.9300699300699301,0.9300699300699301
748,216,60,tail,0.9833333333333333,0.9833333333333333
749,216,60,tail,0.9333333333333333,0.9333333333333333
750,536,142,mid,0.9225352112676056,0.9225352112676056
751,537,143,mid,0.9370629370629371,0.9370629370629371
752,535,142,mid,0.9788732394366197,0.9788732394366197
753,537,144,mid,0.9791666666666666,0.9791666666666666
754,540,142,mid,0.9788732394366197,0.9788732394366197
755,216,59,tail,0.9830508474576272,0.9830508474576272
756,216,60,tail,0.9833333333333333,0.9833333333333333
757,534,143,mid,0.9230769230769231,0.9230769230769231
758,539,141,mid,0.9361702127659575,0.9361702127659575
759,539,143,mid,0.9790209790209791,0.9790209790209791
760,540,143,mid,0.965034965034965,0.965034965034965
761,543,143,head,0.986013986013986,0.986013986013986
762,542,142,head,0.9507042253521126,0.9507042253521126
763,540,143,mid,0.9790209790209791,0.9790209790209791
764,216,60,tail,0.95,0.95
765,542,142,head,0.9436619718309859,0.9436619718309859
766,540,144,mid,0.9652777777777778,0.9652777777777778
767,538,143,mid,0.9370629370629371,0.9370629370629371
768,216,59,tail,0.9661016949152542,0.9661016949152542
769,216,60,tail,0.95,0.95
770,216,60,tail,0.9666666666666667,0.9666666666666667
771,216,60,tail,0.9166666666666666,0.9166666666666666
772,216,59,tail,0.9322033898305084,0.9322033898305084
773,216,60,tail,0.95,0.95
774,317,83,mid,0.9518072289156626,0.9518072289156626
775,541,142,head,0.971830985915493,0.971830985915493
776,216,60,tail,0.95,0.95
777,317,84,mid,0.75,0.75
778,216,59,tail,1.0,1.0
779,540,143,mid,0.8881118881118881,0.8881118881118881
780,216,60,tail,0.95,0.95
781,540,144,mid,0.9444444444444444,0.9444444444444444
782,543,144,head,0.9513888888888888,0.9513888888888888
783,537,142,mid,0.9225352112676056,0.9225352112676056
784,216,60,tail,0.9333333333333333,0.9333333333333333
785,540,145,mid,0.8620689655172413,0.8620689655172413
786,213,59,tail,0.9322033898305084,0.9322033898305084
787,538,143,mid,0.958041958041958,0.958041958041958
788,216,60,tail,0.9833333333333333,0.9833333333333333
789,543,141,head,0.9219858156028369,0.9219858156028369
790,536,144,mid,0.9722222222222222,0.9722222222222222
791,216,60,tail,0.95,0.95
792,540,142,mid,0.9507042253521126,0.9507042253521126
793,540,142,mid,0.9647887323943662,0.9647887323943662
794,539,142,mid,0.9225352112676056,0.9225352112676056
795,536,142,mid,0.9366197183098591,0.9366197183098591
796,542,142,head,0.9647887323943662,0.9647887323943662
797,216,60,tail,0.9666666666666667,0.9666666666666667
798,541,144,head,0.9375,0.9375
799,540,141,mid,0.9645390070921985,0.9645390070921985
800,216,60,tail,0.9666666666666667,0.9666666666666667
801,216,60,tail,0.95,0.95
802,539,143,mid,0.958041958041958,0.958041958041958
803,216,60,tail,0.9833333333333333,0.9833333333333333
804,216,59,tail,0.9491525423728814,0.9491525423728814
805,216,59,tail,0.9322033898305084,0.9322033898305084
806,216,60,tail,0.9666666666666667,0.9666666666666667
807,540,142,mid,0.852112676056338,0.852112676056338
808,216,60,tail,0.9666666666666667,0.9666666666666667
809,216,60,tail,0.9833333333333333,0.9833333333333333
810,216,60,tail,0.95,0.95
811,216,60,tail,0.95,0.95
812,216,60,tail,0.9166666666666666,0.9166666666666666
813,538,142,mid,0.971830985915493,0.971830985915493
814,539,141,mid,0.950354609929078,0.950354609929078
815,539,144,mid,0.9861111111111112,0.9861111111111112
816,216,60,tail,0.95,0.95
817,539,144,mid,0.8958333333333334,0.8958333333333334
818,540,141,mid,0.9574468085106383,0.9574468085106383
819,539,142,mid,0.9577464788732394,0.9577464788732394
820,526,138,mid,0.9347826086956522,0.9347826086956522
821,536,143,mid,0.958041958041958,0.958041958041958
822,536,144,mid,0.9444444444444444,0.9444444444444444
823,216,59,tail,1.0,1.0
824,543,142,head,0.9366197183098591,0.9366197183098591
825,504,130,mid,0.9307692307692308,0.9307692307692308
826,216,61,tail,0.9508196721311475,0.9508196721311475
827,216,59,tail,1.0,1.0
828,537,141,mid,0.9219858156028369,0.9219858156028369
829,537,143,mid,0.9090909090909091,0.9090909090909091
830,542,143,head,0.993006993006993,0.993006993006993
831,541,141,head,0.9645390070921985,0.9645390070921985
832,216,60,tail,0.9833333333333333,0.9833333333333333
833,537,142,mid,0.9295774647887324,0.9295774647887324
834,216,60,tail,0.95,0.95
835,216,57,tail,0.9649122807017544,0.9649122807017544
836,216,59,tail,0.9830508474576272,0.9830508474576272
837,216,60,tail,1.0,1.0
838,316,84,mid,0.9404761904761905,0.9404761904761905
839,216,59,tail,0.9830508474576272,0.9830508474576272
840,216,59,tail,1.0,1.0
841,539,142,mid,0.9507042253521126,0.9507042253521126
842,315,84,mid,0.8571428571428571,0.8571428571428571
843,216,59,tail,1.0,1.0
844,540,143,mid,0.993006993006993,0.993006993006993
845,539,143,mid,0.9300699300699301,0.9300699300699301
846,541,143,head,0.8951048951048951,0.8951048951048951
847,216,59,tail,0.9661016949152542,0.9661016949152542
848,542,141,head,0.9290780141843972,0.9290780141843972
849,216,60,tail,0.9833333333333333,0.9833333333333333
850,216,60,tail,0.9666666666666667,0.9666666666666667
851,216,60,tail,0.9833333333333333,0.9833333333333333
852,538,141,mid,0.9432624113475178,0.9432624113475178
853,216,60,tail,0.9333333333333333,0.9333333333333333
854,216,60,tail,0.9833333333333333,0.9833333333333333
855,539,144,mid,0.9236111111111112,0.9236111111111112
856,540,142,mid,0.9436619718309859,0.9436619718309859
857,538,144,mid,0.9375,0.9375
858,216,60,tail,0.9666666666666667,0.9666666666666667
859,542,142,head,0.9647887323943662,0.9647887323943662
860,216,60,tail,0.9833333333333333,0.9833333333333333
861,216,60,tail,0.9833333333333333,0.9833333333333333
862,216,60,tail,0.9833333333333333,0.9833333333333333
863,216,60,tail,1.0,1.0
864,541,142,head,0.9929577464788732,0.9929577464788732
865,531,144,mid,0.9236111111111112,0.9236111111111112
866,538,143,mid,0.8671328671328671,0.8671328671328671
867,539,143,mid,0.986013986013986,0.986013986013986
868,216,59,tail,0.9661016949152542,0.9661016949152542
869,540,144,mid,0.9930555555555556,0.9930555555555556
870,216,60,tail,0.95,0.95
871,216,59,tail,1.0,1.0
872,532,144,mid,0.9444444444444444,0.9444444444444444
873,318,82,mid,0.9146341463414634,0.9146341463414634
874,216,60,tail,0.9666666666666667,0.9666666666666667
875,216,60,tail,1.0,1.0
876,216,60,tail,0.9166666666666666,0.9166666666666666
877,216,60,tail,0.9833333333333333,0.9833333333333333
878,540,144,mid,0.9791666666666666,0.9791666666666666
879,216,60,tail,0.9833333333333333,0.9833333333333333
880,532,140,mid,0.9428571428571428,0.9428571428571428
881,216,60,tail,0.9666666666666667,0.9666666666666667
882,540,144,mid,0.9930555555555556,0.9930555555555556
883,216,60,tail,0.9833333333333333,0.9833333333333333
884,539,143,mid,0.9790209790209791,0.9790209790209791
885,216,60,tail,1.0,1.0
886,539,144,mid,0.9722222222222222,0.9722222222222222
887,216,59,tail,1.0,1.0
888,539,143,mid,0.986013986013986,0.986013986013986
889,216,59,tail,1.0,1.0
890,538,141,mid,0.9645390070921985,0.9645390070921985
891,541,141,head,0.9787234042553191,0.9787234042553191
892,216,60,tail,0.9833333333333333,0.9833333333333333
893,216,59,tail,0.9661016949152542,0.9661016949152542
894,216,59,tail,0.9491525423728814,0.9491525423728814
895,216,60,tail,1.0,1.0
896,540,142,mid,0.9507042253521126,0.9507042253521126
897,216,59,tail,0.9830508474576272,0.9830508474576272
898,539,143,mid,0.9440559440559441,0.9440559440559441
899,539,143,mid,0.9370629370629371,0.9370629370629371
900,216,60,tail,0.9166666666666666,0.9166666666666666
901,216,60,tail,0.9833333333333333,0.9833333333333333
902,539,143,mid,0.958041958041958,0.958041958041958
903,216,60,tail,0.9833333333333333,0.9833333333333333
904,541,145,head,0.9310344827586207,0.9310344827586207
905,215,59,tail,0.9661016949152542,0.9661016949152542
906,536,144,mid,0.9444444444444444,0.9444444444444444
907,215,60,tail,0.9833333333333333,0.9833333333333333
908,542,144,head,0.9791666666666666,0.9791666666666666
909,216,60,tail,0.9666666666666667,0.9666666666666667
910,215,60,tail,1.0,1.0
911,216,60,tail,0.95,0.95
912,537,143,mid,0.9440559440559441,0.9440559440559441
913,216,60,tail,0.9666666666666667,0.9666666666666667
914,216,60,tail,0.95,0.95
915,216,60,tail,0.9666666666666667,0.9666666666666667
916,216,60,tail,0.9833333333333333,0.9833333333333333
917,216,60,tail,0.9666666666666667,0.9666666666666667
918,538,144,mid,0.9513888888888888,0.9513888888888888
919,216,60,tail,1.0,1.0
920,216,60,tail,1.0,1.0
921,535,144,mid,0.9583333333333334,0.9583333333333334
922,216,59,tail,1.0,1.0
923,216,60,tail,0.95,0.95
924,216,60,tail,1.0,1.0
925,541,143,head,0.9790209790209791,0.9790209790209791
926,534,143,mid,0.993006993006993,0.993006993006993
927,316,82,mid,0.9024390243902439,0.9024390243902439
928,215,59,tail,1.0,1.0
929,317,84,mid,0.7380952380952381,0.7380952380952381
930,216,60,tail,0.9666666666666667,0.9666666666666667
931,216,60,tail,0.9666666666666667,0.9666666666666667
932,216,60,tail,1.0,1.0
933,215,60,tail,1.0,1.0
934,216,60,tail,0.95,0.95
935,215,60,tail,1.0,1.0
936,216,60,tail,0.9166666666666666,0.9166666666666666
937,216,60,tail,0.9666666666666667,0.9666666666666667
938,216,60,tail,0.9833333333333333,0.9833333333333333
939,533,143,mid,0.951048951048951,0.951048951048951
940,216,60,tail,1.0,1.0
941,316,83,mid,0.891566265060241,0.891566265060241
942,317,84,mid,0.9404761904761905,0.9404761904761905
943,216,59,tail,0.9830508474576272,0.9830508474576272
944,537,142,mid,0.971830985915493,0.971830985915493
945,216,60,tail,0.9833333333333333,0.9833333333333333
946,540,140,mid,0.9642857142857143,0.9642857142857143
947,216,60,tail,0.9666666666666667,0.9666666666666667
948,540,143,mid,0.9790209790209791,0.9790209790209791
949,215,59,tail,0.9830508474576272,0.9830508474576272
950,534,143,mid,0.965034965034965,0.965034965034965
951,216,59,tail,1.0,1.0
952,216,60,tail,0.9833333333333333,0.9833333333333333
953,215,60,tail,1.0,1.0
954,216,60,tail,1.0,1.0
955,216,60,tail,1.0,1.0
956,216,60,tail,0.9333333333333333,0.9333333333333333
957,216,59,tail,0.9661016949152542,0.9661016949152542
958,216,59,tail,1.0,1.0
959,540,144,mid,0.9513888888888888,0.9513888888888888
960,543,143,head,0.986013986013986,0.986013986013986
961,532,141,mid,0.9432624113475178,0.9432624113475178
962,538,143,mid,1.0,1.0
963,315,84,mid,0.9285714285714286,0.9285714285714286
964,538,142,mid,0.9295774647887324,0.9295774647887324
965,538,143,mid,0.951048951048951,0.951048951048951
966,216,60,tail,1.0,1.0
967,216,60,tail,0.9333333333333333,0.9333333333333333
968,216,60,tail,0.9833333333333333,0.9833333333333333
969,534,142,mid,0.9788732394366197,0.9788732394366197
970,216,60,tail,1.0,1.0
971,216,60,tail,1.0,1.0
972,216,60,tail,0.9833333333333333,0.9833333333333333
973,216,60,tail,1.0,1.0
974,216,60,tail,1.0,1.0
975,216,60,tail,0.9666666666666667,0.9666666666666667
976,216,60,tail,1.0,1.0
977,542,144,head,0.9444444444444444,0.9444444444444444
978,315,84,mid,0.9880952380952381,0.9880952380952381
979,541,142,head,0.9577464788732394,0.9577464788732394
980,216,60,tail,1.0,1.0
981,537,144,mid,1.0,1.0
982,216,60,tail,0.9833333333333333,0.9833333333333333
983,542,141,head,0.9645390070921985,0.9645390070921985
984,216,58,tail,0.9655172413793104,0.9655172413793104
985,216,60,tail,0.9833333333333333,0.9833333333333333
986,216,60,tail,1.0,1.0
987,216,60,tail,0.95,0.95
988,216,60,tail,0.95,0.95
989,539,141,mid,0.9645390070921985,0.9645390070921985
990,537,143,mid,0.9790209790209791,0.9790209790209791
991,216,59,tail,0.9322033898305084,0.9322033898305084
992,216,60,tail,0.9666666666666667,0.9666666666666667
993,537,142,mid,0.9154929577464789,0.9154929577464789
994,216,59,tail,0.9830508474576272,0.9830508474576272
995,540,144,mid,0.9930555555555556,0.9930555555555556
996,536,142,mid,0.9859154929577465,0.9859154929577465
997,535,143,mid,0.9790209790209791,0.9790209790209791
998,216,60,tail,0.9833333333333333,0.9833333333333333
999,216,60,tail,0.9,0.9
1000,535,141,mid,0.9219858156028369,0.9219858156028369
1001,534,141,mid,0.8794326241134752,0.8794326241134752
1002,216,60,tail,0.9,0.9
1003,539,142,mid,0.8802816901408451,0.8802816901408451
1004,216,60,tail,0.9666666666666667,0.9666666666666667
1005,543,144,head,0.9027777777777778,0.9027777777777778
1006,216,59,tail,0.8813559322033898,0.8813559322033898
1007,537,141,mid,0.9361702127659575,0.9361702127659575
1008,539,141,mid,0.9361702127659575,0.9361702127659575
1009,216,58,tail,0.9310344827586207,0.9310344827586207
1010,543,143,head,0.9090909090909091,0.9090909090909091
1011,538,143,mid,0.8181818181818182,0.8181818181818182
1012,542,140,head,0.8785714285714286,0.8785714285714286
1013,540,141,mid,0.9148936170212766,0.9148936170212766
1014,211,58,tail,0.9310344827586207,0.9310344827586207
1015,216,60,tail,0.95,0.95
1016,541,143,head,0.8461538461538461,0.8461538461538461
1017,540,142,mid,0.8028169014084507,0.8028169014084507
1018,540,142,mid,0.9014084507042254,0.9014084507042254
1019,216,59,tail,0.9322033898305084,0.9322033898305084
1020,530,143,mid,0.9440559440559441,0.9440559440559441
1021,216,59,tail,0.9322033898305084,0.9322033898305084
1022,542,144,head,0.9305555555555556,0.9305555555555556
1023,534,144,mid,0.9236111111111112,0.9236111111111112
1024,215,59,tail,0.9830508474576272,0.9830508474576272
1025,216,59,tail,0.9491525423728814,0.9491525423728814
1026,216,59,tail,0.9661016949152542,0.9661016949152542
1027,540,143,mid,0.6853146853146853,0.6853146853146853
1028,538,143,mid,0.9790209790209791,0.9790209790209791
1029,542,145,head,0.9241379310344827,0.9241379310344827
1030,215,59,tail,0.9661016949152542,0.9661016949152542
1031,216,60,tail,0.9666666666666667,0.9666666666666667
1032,215,60,tail,0.9333333333333333,0.9333333333333333
1033,540,142,mid,0.9577464788732394,0.9577464788732394
1034,215,59,tail,0.9322033898305084,0.9322033898305084
1035,216,60,tail,0.9166666666666666,0.9166666666666666
1036,540,142,mid,0.9647887323943662,0.9647887323943662
1037,215,60,tail,0.9833333333333333,0.9833333333333333
1038,216,60,tail,0.9666666666666667,0.9666666666666667
1039,541,141,head,0.8936170212765957,0.8936170212765957
1040,214,60,tail,0.9666666666666667,0.9666666666666667
1041,538,141,mid,0.9078014184397163,0.9078014184397163
1042,541,145,head,0.9517241379310345,0.9517241379310345
1043,216,60,tail,0.9333333333333333,0.9333333333333333
1044,537,143,mid,0.9020979020979021,0.9020979020979021
1045,541,141,head,0.8581560283687943,0.8581560283687943
1046,216,60,tail,0.9666666666666667,0.9666666666666667
1047,536,143,mid,0.958041958041958,0.958041958041958
1048,539,142,mid,0.8309859154929577,0.8309859154929577
1049,541,143,head,0.9790209790209791,0.9790209790209791
1050,540,144,mid,0.9027777777777778,0.9027777777777778
1051,539,141,mid,0.900709219858156,0.900709219858156
1052,538,144,mid,0.9444444444444444,0.9444444444444444
1053,535,143,mid,0.951048951048951,0.951048951048951
1054,538,142,mid,0.9507042253521126,0.9507042253521126
1055,216,60,tail,1.0,1.0
1056,542,142,head,0.9436619718309859,0.9436619718309859
1057,537,143,mid,0.958041958041958,0.958041958041958
1058,540,142,mid,0.8661971830985915,0.8661971830985915
1059,540,143,mid,0.9790209790209791,0.9790209790209791
1060,539,144,mid,0.9375,0.9375
1061,540,143,mid,0.958041958041958,0.958041958041958
1062,539,143,mid,0.9230769230769231,0.9230769230769231
1063,215,60,tail,0.8833333333333333,0.8833333333333333
1064,214,59,tail,0.9830508474576272,0.9830508474576272
1065,537,141,mid,0.900709219858156,0.900709219858156
1066,216,60,tail,0.9333333333333333,0.9333333333333333
1067,216,60,tail,0.9833333333333333,0.9833333333333333
1068,536,143,mid,0.958041958041958,0.958041958041958
1069,215,60,tail,0.9833333333333333,0.9833333333333333
1070,215,60,tail,0.9833333333333333,0.9833333333333333
1071,539,143,mid,0.9440559440559441,0.9440559440559441
1072,215,59,tail,0.9322033898305084,0.9322033898305084
1073,215,60,tail,0.95,0.95
1074,542,141,head,0.9787234042553191,0.9787234042553191
1075,520,131,mid,0.8854961832061069,0.8854961832061069
1076,538,142,mid,0.9788732394366197,0.9788732394366197
1077,216,60,tail,0.9833333333333333,0.9833333333333333
1078,216,60,tail,0.9666666666666667,0.9666666666666667
1079,541,143,head,0.986013986013986,0.986013986013986
1080,216,60,tail,0.9333333333333333,0.9333333333333333
1081,216,60,tail,0.9666666666666667,0.9666666666666667
1082,538,140,mid,0.9642857142857143,0.9642857142857143
1083,216,60,tail,0.9833333333333333,0.9833333333333333
1084,216,60,tail,0.9833333333333333,0.9833333333333333
1085,539,141,mid,0.9432624113475178,0.9432624113475178
1086,215,59,tail,0.9661016949152542,0.9661016949152542
1087,215,60,tail,0.9833333333333333,0.9833333333333333
1088,216,60,tail,0.9666666666666667,0.9666666666666667
1089,216,60,tail,0.9666666666666667,0.9666666666666667
1090,540,141,mid,0.9361702127659575,0.9361702127659575
1091,544,145,head,0.9310344827586207,0.9310344827586207
1092,216,60,tail,0.9333333333333333,0.9333333333333333
1093,538,143,mid,0.9790209790209791,0.9790209790209791
1094,216,60,tail,0.9666666666666667,0.9666666666666667
1095,215,58,tail,0.9827586206896551,0.9827586206896551
1096,540,141,mid,0.9574468085106383,0.9574468085106383
1097,215,60,tail,0.9833333333333333,0.9833333333333333
1098,538,144,mid,0.9652777777777778,0.9652777777777778
1099,216,60,tail,1.0,1.0
1100,216,60,tail,0.9333333333333333,0.9333333333333333
1101,215,59,tail,0.9830508474576272,0.9830508474576272
1102,216,60,tail,0.9833333333333333,0.9833333333333333
1103,216,60,tail,0.9833333333333333,0.9833333333333333
1104,542,141,head,0.9574468085106383,0.9574468085106383
1105,540,140,mid,0.9357142857142857,0.9357142857142857
1106,216,60,tail,1.0,1.0
1107,537,143,mid,0.9370629370629371,0.9370629370629371
1108,541,142,head,0.8943661971830986,0.8943661971830986
1109,215,59,tail,0.9322033898305084,0.9322033898305084
1110,213,60,tail,1.0,1.0
1111,538,144,mid,0.9583333333333334,0.9583333333333334
1112,215,59,tail,0.9322033898305084,0.9322033898305084
1113,216,60,tail,0.9833333333333333,0.9833333333333333
1114,216,60,tail,0.9666666666666667,0.9666666666666667
1115,214,60,tail,0.95,0.95
1116,215,60,tail,0.9666666666666667,0.9666666666666667
1117,216,60,tail,0.9833333333333333,0.9833333333333333
1118,543,144,head,0.9166666666666666,0.9166666666666666
1119,538,139,mid,0.9424460431654677,0.9424460431654677
1120,216,60,tail,0.9666666666666667,0.9666666666666667
1121,216,60,tail,0.9833333333333333,0.9833333333333333
1122,216,60,tail,0.9833333333333333,0.9833333333333333
1123,213,60,tail,0.9,0.9
1124,216,60,tail,1.0,1.0
1125,535,143,mid,0.9440559440559441,0.9440559440559441
1126,535,142,mid,0.9225352112676056,0.9225352112676056
1127,216,60,tail,0.95,0.95
1128,215,60,tail,0.9666666666666667,0.9666666666666667
1129,215,60,tail,0.9666666666666667,0.9666666666666667
1130,535,141,mid,0.9219858156028369,0.9219858156028369
1131,540,141,mid,0.9361702127659575,0.9361702127659575
1132,216,59,tail,0.9661016949152542,0.9661016949152542
1133,216,60,tail,0.9666666666666667,0.9666666666666667
1134,216,60,tail,0.9833333333333333,0.9833333333333333
1135,215,60,tail,0.9833333333333333,0.9833333333333333
1136,214,60,tail,0.9833333333333333,0.9833333333333333
1137,216,60,tail,1.0,1.0
1138,536,142,mid,0.9859154929577465,0.9859154929577465
1139,540,141,mid,0.9787234042553191,0.9787234042553191
1140,215,59,tail,1.0,1.0
1141,215,60,tail,0.9666666666666667,0.9666666666666667
1142,216,58,tail,0.9655172413793104,0.9655172413793104
1143,541,142,head,0.9788732394366197,0.9788732394366197
1144,533,139,mid,0.8129496402877698,0.8129496402877698
1145,540,143,mid,0.9790209790209791,0.9790209790209791
1146,541,143,head,0.986013986013986,0.986013986013986
1147,216,58,tail,0.9827586206896551,0.9827586206896551
1148,541,142,head,0.9366197183098591,0.9366197183098591
1149,216,60,tail,0.9833333333333333,0.9833333333333333
1150,216,59,tail,0.9830508474576272,0.9830508474576272
1151,216,60,tail,0.9666666666666667,0.9666666666666667
1152,537,143,mid,0.958041958041958,0.958041958041958
1153,216,60,tail,0.9833333333333333,0.9833333333333333
1154,535,143,mid,0.972027972027972,0.972027972027972
1155,535,142,mid,0.9154929577464789,0.9154929577464789
1156,540,143,mid,0.9300699300699301,0.9300699300699301
1157,539,145,mid,0.9310344827586207,0.9310344827586207
1158,216,58,tail,0.9827586206896551,0.9827586206896551
1159,538,141,mid,0.9574468085106383,0.9574468085106383
1160,214,59,tail,0.9830508474576272,0.9830508474576272
1161,216,59,tail,0.9830508474576272,0.9830508474576272
1162,216,60,tail,1.0,1.0
1163,214,59,tail,1.0,1.0
1164,216,59,tail,1.0,1.0
1165,540,143,mid,0.965034965034965,0.965034965034965
1166,536,142,mid,0.9859154929577465,0.9859154929577465
1167,216,59,tail,0.9830508474576272,0.9830508474576272
1168,215,58,tail,1.0,1.0
1169,538,143,mid,0.965034965034965,0.965034965034965
1170,537,143,mid,0.951048951048951,0.951048951048951
1171,538,144,mid,0.9861111111111112,0.9861111111111112
1172,214,59,tail,1.0,1.0
1173,539,143,mid,0.958041958041958,0.958041958041958
1174,540,144,mid,0.9652777777777778,0.9652777777777778
1175,216,59,tail,0.9152542372881356,0.9152542372881356
1176,537,141,mid,0.9858156028368794,0.9858156028368794
1177,540,141,mid,0.9716312056737588,0.9716312056737588
1178,215,60,tail,0.9666666666666667,0.9666666666666667
1179,543,144,head,0.9652777777777778,0.9652777777777778
1180,215,60,tail,0.9833333333333333,0.9833333333333333
1181,215,60,tail,0.9833333333333333,0.9833333333333333
1182,538,142,mid,0.9859154929577465,0.9859154929577465
1183,538,144,mid,0.9861111111111112,0.9861111111111112
1184,540,144,mid,0.5694444444444444,0.5694444444444444
1185,537,144,mid,0.8402777777777778,0.8402777777777778
1186,540,143,mid,0.9370629370629371,0.9370629370629371
1187,540,143,mid,0.9300699300699301,0.9300699300699301
1188,539,144,mid,0.9861111111111112,0.9861111111111112
1189,540,143,mid,0.965034965034965,0.965034965034965
1190,534,144,mid,0.9722222222222222,0.9722222222222222
1191,216,60,tail,0.8833333333333333,0.8833333333333333
1192,542,142,head,0.9859154929577465,0.9859154929577465
1193,544,143,head,0.958041958041958,0.958041958041958
1194,540,139,mid,0.9280575539568345,0.9280575539568345
1195,539,143,mid,0.8951048951048951,0.8951048951048951
1196,216,59,tail,1.0,1.0
1197,540,142,mid,0.9295774647887324,0.9295774647887324
1198,538,143,mid,0.958041958041958,0.958041958041958
1199,216,59,tail,1.0,1.0
1200,540,142,mid,0.9647887323943662,0.9647887323943662
1201,542,144,head,0.9652777777777778,0.9652777777777778
1202,542,142,head,0.9225352112676056,0.9225352112676056
1203,210,59,tail,1.0,1.0
1204,214,60,tail,0.9833333333333333,0.9833333333333333
1205,543,144,head,0.9444444444444444,0.9444444444444444
1206,539,143,mid,0.916083916083916,0.916083916083916
1207,537,143,mid,0.9300699300699301,0.9300699300699301
1208,540,141,mid,0.851063829787234,0.851063829787234
1209,216,59,tail,0.9661016949152542,0.9661016949152542
1210,317,84,mid,0.6309523809523809,0.6309523809523809
1211,541,143,head,0.9020979020979021,0.9020979020979021
1212,541,142,head,0.9788732394366197,0.9788732394366197
1213,537,144,mid,0.8819444444444444,0.8819444444444444
1214,540,142,mid,0.9577464788732394,0.9577464788732394
1215,538,141,mid,0.9219858156028369,0.9219858156028369
1216,538,144,mid,0.9861111111111112,0.9861111111111112
1217,539,142,mid,0.8732394366197183,0.8732394366197183
1218,540,142,mid,0.9577464788732394,0.9577464788732394
1219,215,59,tail,1.0,1.0
1220,216,59,tail,1.0,1.0
1221,216,60,tail,0.9833333333333333,0.9833333333333333
1222,541,143,head,0.965034965034965,0.965034965034965
1223,540,144,mid,0.9305555555555556,0.9305555555555556
1224,534,141,mid,0.9361702127659575,0.9361702127659575
1225,540,141,mid,0.9787234042553191,0.9787234042553191
1226,542,142,head,0.9507042253521126,0.9507042253521126
1227,540,144,mid,0.9652777777777778,0.9652777777777778
1228,536,144,mid,0.8958333333333334,0.8958333333333334
1229,540,143,mid,0.986013986013986,0.986013986013986
1230,541,141,head,0.9787234042553191,0.9787234042553191
1231,316,84,mid,0.9523809523809523,0.9523809523809523
1232,535,142,mid,0.9647887323943662,0.9647887323943662
1233,536,141,mid,0.9929078014184397,0.9929078014184397
1234,216,59,tail,1.0,1.0
1235,216,60,tail,0.9833333333333333,0.9833333333333333
1236,540,140,mid,0.95,0.95
1237,536,144,mid,0.9583333333333334,0.9583333333333334
1238,542,140,head,0.9571428571428572,0.9571428571428572
1239,216,59,tail,1.0,1.0
1240,538,144,mid,0.9513888888888888,0.9513888888888888
1241,538,143,mid,0.9230769230769231,0.9230769230769231
1242,539,142,mid,0.9436619718309859,0.9436619718309859
1243,538,141,mid,0.9361702127659575,0.9361702127659575
1244,539,143,mid,0.972027972027972,0.972027972027972
1245,539,142,mid,0.9154929577464789,0.9154929577464789
1246,216,60,tail,0.9833333333333333,0.9833333333333333
1247,538,144,mid,0.9166666666666666,0.9166666666666666
1248,216,60,tail,0.9166666666666666,0.9166666666666666
1249,539,142,mid,0.8873239436619719,0.8873239436619719
1250,537,142,mid,0.9507042253521126,0.9507042253521126
1251,540,142,mid,0.9014084507042254,0.9014084507042254
1252,536,142,mid,0.9295774647887324,0.9295774647887324
1253,536,144,mid,0.9513888888888888,0.9513888888888888
1254,216,60,tail,0.9666666666666667,0.9666666666666667
1255,541,140,head,0.9642857142857143,0.9642857142857143
1256,539,143,mid,0.9370629370629371,0.9370629370629371
1257,538,140,mid,0.9214285714285714,0.9214285714285714
1258,216,59,tail,0.9661016949152542,0.9661016949152542
1259,538,142,mid,0.9577464788732394,0.9577464788732394
1260,216,60,tail,1.0,1.0
1261,216,61,tail,0.9836065573770492,0.9836065573770492
1262,216,59,tail,0.9830508474576272,0.9830508474576272
1263,530,138,mid,0.9202898550724637,0.9202898550724637
1264,538,140,mid,0.9428571428571428,0.9428571428571428
1265,216,60,tail,1.0,1.0
1266,216,60,tail,0.95,0.95
1267,216,59,tail,0.9830508474576272,0.9830508474576272
1268,538,144,mid,0.9236111111111112,0.9236111111111112
1269,216,60,tail,1.0,1.0
1270,216,60,tail,0.9333333333333333,0.9333333333333333
1271,535,144,mid,0.9166666666666666,0.9166666666666666
1272,537,144,mid,0.9791666666666666,0.9791666666666666
1273,216,60,tail,0.9333333333333333,0.9333333333333333
1274,537,144,mid,0.8888888888888888,0.8888888888888888
1275,311,82,mid,0.9390243902439024,0.9390243902439024
1276,537,142,mid,0.8943661971830986,0.8943661971830986
1277,537,144,mid,0.7847222222222222,0.7847222222222222
1278,541,142,head,0.8450704225352113,0.8450704225352113
1279,214,60,tail,0.9833333333333333,0.9833333333333333
1280,538,144,mid,0.8958333333333334,0.8958333333333334
1281,539,142,mid,0.9436619718309859,0.9436619718309859
1282,216,59,tail,0.9491525423728814,0.9491525423728814
1283,216,60,tail,0.9666666666666667,0.9666666666666667
1284,542,143,head,0.986013986013986,0.986013986013986
1285,539,142,mid,0.9577464788732394,0.9577464788732394
1286,216,60,tail,0.9666666666666667,0.9666666666666667
1287,216,59,tail,1.0,1.0
1288,216,60,tail,0.9833333333333333,0.9833333333333333
1289,535,141,mid,0.9290780141843972,0.9290780141843972
1290,539,144,mid,0.9652777777777778,0.9652777777777778
1291,539,141,mid,0.9574468085106383,0.9574468085106383
1292,216,60,tail,1.0,1.0
1293,542,143,head,0.951048951048951,0.951048951048951
1294,216,59,tail,0.9830508474576272,0.9830508474576272
1295,539,140,mid,0.9428571428571428,0.9428571428571428
1296,541,142,head,0.9225352112676056,0.9225352112676056
1297,537,142,mid,0.9295774647887324,0.9295774647887324
1298,538,141,mid,0.9219858156028369,0.9219858156028369
1299,216,60,tail,0.9666666666666667,0.9666666666666667
1300,216,60,tail,1.0,1.0
1301,540,143,mid,0.958041958041958,0.958041958041958
1302,214,59,tail,0.9661016949152542,0.9661016949152542
1303,216,60,tail,1.0,1.0
1304,216,60,tail,0.9333333333333333,0.9333333333333333
1305,216,59,tail,0.9491525423728814,0.9491525423728814
1306,215,60,tail,0.9833333333333333,0.9833333333333333
1307,540,143,mid,0.9440559440559441,0.9440559440559441
1308,539,144,mid,0.9652777777777778,0.9652777777777778
1309,538,143,mid,0.8951048951048951,0.8951048951048951
1310,534,142,mid,0.9647887323943662,0.9647887323943662
1311,216,59,tail,1.0,1.0
1312,540,142,mid,0.9507042253521126,0.9507042253521126
1313,534,144,mid,0.9444444444444444,0.9444444444444444
1314,542,142,head,0.9647887323943662,0.9647887323943662
1315,216,60,tail,1.0,1.0
1316,216,60,tail,1.0,1.0
1317,536,144,mid,0.9583333333333334,0.9583333333333334
1318,216,60,tail,0.8833333333333333,0.8833333333333333
1319,216,60,tail,1.0,1.0
1320,538,143,mid,0.972027972027972,0.972027972027972
1321,540,144,mid,0.9583333333333334,0.9583333333333334
1322,216,60,tail,0.9666666666666667,0.9666666666666667
1323,215,59,tail,0.9661016949152542,0.9661016949152542
1324,539,142,mid,0.9788732394366197,0.9788732394366197
1325,216,59,tail,0.9830508474576272,0.9830508474576272
1326,216,60,tail,0.95,0.95
1327,216,59,tail,0.9830508474576272,0.9830508474576272
1328,539,143,mid,0.951048951048951,0.951048951048951
1329,216,59,tail,0.9830508474576272,0.9830508474576272
1330,545,142,head,0.971830985915493,0.971830985915493
1331,215,60,tail,0.9,0.9
1332,539,144,mid,0.9652777777777778,0.9652777777777778
1333,216,60,tail,0.9833333333333333,0.9833333333333333
1334,214,59,tail,0.9830508474576272,0.9830508474576272
1335,538,143,mid,0.9370629370629371,0.9370629370629371
1336,533,143,mid,0.9230769230769231,0.9230769230769231
1337,537,144,mid,0.9513888888888888,0.9513888888888888
1338,216,60,tail,0.9,0.9
1339,215,59,tail,0.9661016949152542,0.9661016949152542
1340,216,60,tail,1.0,1.0
1341,540,143,mid,0.9300699300699301,0.9300699300699301
1342,216,60,tail,1.0,1.0
1343,216,59,tail,0.9830508474576272,0.9830508474576272
1344,216,60,tail,1.0,1.0
1345,535,141,mid,0.9574468085106383,0.9574468085106383
1346,536,144,mid,0.9583333333333334,0.9583333333333334
1347,538,141,mid,0.9716312056737588,0.9716312056737588
1348,539,142,mid,0.9788732394366197,0.9788732394366197
1349,209,59,tail,0.8813559322033898,0.8813559322033898
1350,216,59,tail,1.0,1.0
1351,216,59,tail,0.9830508474576272,0.9830508474576272
1352,216,59,tail,0.9322033898305084,0.9322033898305084
1353,215,59,tail,1.0,1.0
1354,216,59,tail,0.9830508474576272,0.9830508474576272
1355,216,58,tail,1.0,1.0
1356,540,140,mid,0.9857142857142858,0.9857142857142858
1357,216,59,tail,0.9830508474576272,0.9830508474576272
1358,216,59,tail,0.9830508474576272,0.9830508474576272
1359,535,142,mid,1.0,1.0
1360,216,59,tail,1.0,1.0
1361,216,60,tail,0.9833333333333333,0.9833333333333333
1362,216,59,tail,1.0,1.0
1363,317,83,mid,0.963855421686747,0.963855421686747
1364,216,59,tail,0.9830508474576272,0.9830508474576272
1365,216,59,tail,1.0,1.0
1366,216,59,tail,1.0,1.0
1367,216,59,tail,0.7457627118644068,0.7457627118644068
1368,216,58,tail,1.0,1.0
1369,216,59,tail,1.0,1.0
1370,538,144,mid,0.5555555555555556,0.5555555555555556
1371,216,59,tail,0.8813559322033898,0.8813559322033898
1372,216,59,tail,0.9830508474576272,0.9830508474576272
1373,539,143,mid,0.972027972027972,0.972027972027972
1374,540,144,mid,0.9652777777777778,0.9652777777777778
1375,538,140,mid,0.9,0.9
1376,540,142,mid,0.9577464788732394,0.9577464788732394
1377,531,140,mid,0.9571428571428572,0.9571428571428572
1378,216,59,tail,0.9661016949152542,0.9661016949152542
1379,216,60,tail,1.0,1.0
1380,537,143,mid,0.9230769230769231,0.9230769230769231
1381,538,141,mid,0.9219858156028369,0.9219858156028369
1382,538,144,mid,0.8958333333333334,0.8958333333333334
1383,216,59,tail,1.0,1.0
1384,538,141,mid,0.900709219858156,0.900709219858156
1385,540,141,mid,0.9078014184397163,0.9078014184397163
1386,216,58,tail,1.0,1.0
1387,540,144,mid,0.9652777777777778,0.9652777777777778
1388,540,141,mid,0.9432624113475178,0.9432624113475178
1389,536,143,mid,0.8741258741258742,0.8741258741258742
1390,216,58,tail,1.0,1.0
1391,533,140,mid,0.9285714285714286,0.9285714285714286
1392,216,60,tail,1.0,1.0
1393,216,58,tail,1.0,1.0
1394,536,141,mid,0.9929078014184397,0.9929078014184397
1395,535,144,mid,0.9652777777777778,0.9652777777777778
1396,538,142,mid,0.9647887323943662,0.9647887323943662
1397,212,57,tail,1.0,1.0
1398,538,144,mid,0.9444444444444444,0.9444444444444444
1399,539,143,mid,0.958041958041958,0.958041958041958
1400,216,60,tail,0.9666666666666667,0.9666666666666667
1401,540,145,mid,0.9448275862068966,0.9448275862068966
1402,543,143,head,0.916083916083916,0.916083916083916
1403,538,144,mid,0.9652777777777778,0.9652777777777778
1404,543,142,head,0.9084507042253521,0.9084507042253521
1405,537,143,mid,0.916083916083916,0.916083916083916
1406,540,144,mid,0.9444444444444444,0.9444444444444444
1407,540,142,mid,0.9507042253521126,0.9507042253521126
1408,216,60,tail,0.9333333333333333,0.9333333333333333
1409,216,60,tail,0.9666666666666667,0.9666666666666667
1410,541,144,head,0.8402777777777778,0.8402777777777778
1411,540,142,mid,0.9154929577464789,0.9154929577464789
1412,541,143,head,0.965034965034965,0.965034965034965
1413,540,142,mid,0.9507042253521126,0.9507042253521126
1414,540,144,mid,0.9791666666666666,0.9791666666666666
1415,539,143,mid,0.958041958041958,0.958041958041958
1416,543,143,head,0.9300699300699301,0.9300699300699301
1417,540,144,mid,0.9166666666666666,0.9166666666666666
1418,543,143,head,0.958041958041958,0.958041958041958
1419,538,144,mid,0.9375,0.9375
1420,539,143,mid,0.8951048951048951,0.8951048951048951
1421,539,143,mid,0.9440559440559441,0.9440559440559441
1422,539,144,mid,0.8680555555555556,0.8680555555555556
1423,216,60,tail,0.95,0.95
1424,534,141,mid,0.9787234042553191,0.9787234042553191
1425,540,144,mid,0.9513888888888888,0.9513888888888888
1426,540,142,mid,0.9014084507042254,0.9014084507042254
1427,216,58,tail,1.0,1.0
1428,538,145,mid,0.9379310344827586,0.9379310344827586
1429,541,142,head,0.9436619718309859,0.9436619718309859
1430,540,142,mid,0.9788732394366197,0.9788732394366197
1431,538,143,mid,0.8881118881118881,0.8881118881118881
1432,538,142,mid,0.9295774647887324,0.9295774647887324
1433,215,60,tail,0.9833333333333333,0.9833333333333333
1434,538,144,mid,0.9027777777777778,0.9027777777777778
1435,536,144,mid,0.9305555555555556,0.9305555555555556
1436,543,141,head,0.950354609929078,0.950354609929078
1437,538,143,mid,0.958041958041958,0.958041958041958
1438,537,143,mid,0.986013986013986,0.986013986013986
1439,537,143,mid,0.9440559440559441,0.9440559440559441
1440,542,144,head,0.9444444444444444,0.9444444444444444
1441,535,143,mid,0.8951048951048951,0.8951048951048951
1442,536,142,mid,0.9788732394366197,0.9788732394366197
1443,541,141,head,0.9361702127659575,0.9361702127659575
1444,532,143,mid,0.958041958041958,0.958041958041958
1445,542,141,head,0.9219858156028369,0.9219858156028369
1446,543,144,head,0.9513888888888888,0.9513888888888888
1447,538,142,mid,0.971830985915493,0.971830985915493
1448,535,143,mid,0.9790209790209791,0.9790209790209791
1449,541,140,head,0.9642857142857143,0.9642857142857143
1450,540,141,mid,0.9929078014184397,0.9929078014184397
1451,215,59,tail,0.9830508474576272,0.9830508474576272
1452,531,143,mid,0.958041958041958,0.958041958041958
1453,538,142,mid,0.9507042253521126,0.9507042253521126
1454,216,60,tail,0.9833333333333333,0.9833333333333333
1455,216,60,tail,1.0,1.0
1456,538,141,mid,0.8014184397163121,0.8014184397163121
1457,538,142,mid,0.9859154929577465,0.9859154929577465
1458,536,143,mid,0.9230769230769231,0.9230769230769231
1459,540,143,mid,0.951048951048951,0.951048951048951
1460,540,142,mid,0.9507042253521126,0.9507042253521126
1461,540,144,mid,0.9444444444444444,0.9444444444444444
1462,539,142,mid,0.9859154929577465,0.9859154929577465
1463,539,144,mid,0.9861111111111112,0.9861111111111112
1464,538,141,mid,0.9716312056737588,0.9716312056737588
1465,534,142,mid,0.9647887323943662,0.9647887323943662
1466,539,141,mid,0.950354609929078,0.950354609929078
1467,540,142,mid,0.8802816901408451,0.8802816901408451
1468,538,144,mid,0.9930555555555556,0.9930555555555556
1469,541,142,head,0.9436619718309859,0.9436619718309859
1470,216,59,tail,0.9830508474576272,0.9830508474576272
1471,536,142,mid,0.9014084507042254,0.9014084507042254
1472,541,140,head,0.9285714285714286,0.9285714285714286
1473,540,144,mid,0.8402777777777778,0.8402777777777778
1474,214,57,tail,0.9824561403508771,0.9824561403508771
1475,540,144,mid,0.9305555555555556,0.9305555555555556
1476,215,59,tail,0.8135593220338984,0.8135593220338984
1477,540,142,mid,0.9014084507042254,0.9014084507042254
1478,215,59,tail,1.0,1.0
1479,540,144,mid,0.9583333333333334,0.9583333333333334
1480,216,60,tail,0.9833333333333333,0.9833333333333333
1481,538,143,mid,0.972027972027972,0.972027972027972
1482,216,59,tail,0.9830508474576272,0.9830508474576272
1483,532,144,mid,0.875,0.875
1484,541,142,head,0.9436619718309859,0.9436619718309859
1485,540,141,mid,0.9290780141843972,0.9290780141843972
1486,216,59,tail,1.0,1.0
1487,536,144,mid,0.9444444444444444,0.9444444444444444
1488,540,144,mid,0.9930555555555556,0.9930555555555556
1489,540,141,mid,0.9645390070921985,0.9645390070921985
1490,539,144,mid,0.9236111111111112,0.9236111111111112
1491,540,143,mid,0.965034965034965,0.965034965034965
1492,537,143,mid,0.972027972027972,0.972027972027972
1493,543,142,head,0.9788732394366197,0.9788732394366197
1494,216,59,tail,1.0,1.0
1495,540,143,mid,0.9790209790209791,0.9790209790209791
1496,539,143,mid,0.965034965034965,0.965034965034965
1497,537,142,mid,0.9859154929577465,0.9859154929577465
1498,537,142,mid,0.9577464788732394,0.9577464788732394
1499,538,142,mid,0.9154929577464789,0.9154929577464789
1500,537,143,mid,0.9230769230769231,0.9230769230769231
1501,538,143,mid,0.965034965034965,0.965034965034965
1502,216,60,tail,1.0,1.0
1503,540,143,mid,0.972027972027972,0.972027972027972
1504,542,143,head,0.965034965034965,0.965034965034965
1505,215,59,tail,1.0,1.0
1506,537,142,mid,0.9647887323943662,0.9647887323943662
1507,540,143,mid,0.972027972027972,0.972027972027972
1508,536,143,mid,0.972027972027972,0.972027972027972
1509,214,59,tail,0.9661016949152542,0.9661016949152542
1510,537,142,mid,0.9436619718309859,0.9436619718309859
1511,216,60,tail,0.9333333333333333,0.9333333333333333
1512,214,60,tail,0.9166666666666666,0.9166666666666666
1513,539,143,mid,0.993006993006993,0.993006993006993
1514,539,144,mid,0.9652777777777778,0.9652777777777778
1515,539,142,mid,0.9859154929577465,0.9859154929577465
1516,215,60,tail,0.9666666666666667,0.9666666666666667
1517,542,144,head,0.9375,0.9375
1518,539,142,mid,0.9436619718309859,0.9436619718309859
1519,535,142,mid,0.9366197183098591,0.9366197183098591
1520,216,60,tail,0.9666666666666667,0.9666666666666667
1521,216,60,tail,0.9333333333333333,0.9333333333333333
1522,216,60,tail,0.9666666666666667,0.9666666666666667
1523,216,60,tail,1.0,1.0
1524,212,59,tail,0.9152542372881356,0.9152542372881356
1525,535,142,mid,0.9577464788732394,0.9577464788732394
1526,316,84,mid,0.9166666666666666,0.9166666666666666
1527,542,142,head,0.9647887323943662,0.9647887323943662
1528,216,60,tail,0.9833333333333333,0.9833333333333333
1529,216,60,tail,0.9833333333333333,0.9833333333333333
1530,214,60,tail,0.9833333333333333,0.9833333333333333
1531,541,140,head,0.9571428571428572,0.9571428571428572
1532,216,59,tail,0.9830508474576272,0.9830508474576272
1533,216,60,tail,0.9333333333333333,0.9333333333333333
1534,216,60,tail,0.9333333333333333,0.9333333333333333
1535,540,142,mid,0.9577464788732394,0.9577464788732394
1536,214,60,tail,1.0,1.0
1537,216,58,tail,0.9655172413793104,0.9655172413793104
1538,535,141,mid,0.9361702127659575,0.9361702127659575
1539,216,60,tail,0.95,0.95
1540,543,144,head,0.9722222222222222,0.9722222222222222
1541,216,59,tail,0.9661016949152542,0.9661016949152542
1542,216,60,tail,0.9833333333333333,0.9833333333333333
1543,543,140,head,0.9857142857142858,0.9857142857142858
1544,216,60,tail,0.95,0.95
1545,538,143,mid,0.986013986013986,0.986013986013986
1546,216,60,tail,0.9833333333333333,0.9833333333333333
1547,215,59,tail,0.9830508474576272,0.9830508474576272
1548,216,58,tail,1.0,1.0
1549,213,59,tail,0.9830508474576272,0.9830508474576272
1550,216,60,tail,0.9833333333333333,0.9833333333333333
1551,216,60,tail,1.0,1.0
1552,536,143,mid,0.9440559440559441,0.9440559440559441
1553,540,141,mid,0.9148936170212766,0.9148936170212766
1554,216,59,tail,1.0,1.0
1555,216,60,tail,0.9833333333333333,0.9833333333333333
1556,216,59,tail,0.9830508474576272,0.9830508474576272
1557,534,139,mid,0.935251798561151,0.935251798561151
1558,216,59,tail,0.9491525423728814,0.9491525423728814
1559,541,141,head,0.9858156028368794,0.9858156028368794
1560,541,144,head,0.9375,0.9375
1561,539,144,mid,0.9652777777777778,0.9652777777777778
1562,541,142,head,0.9154929577464789,0.9154929577464789
1563,534,142,mid,0.9154929577464789,0.9154929577464789
1564,216,60,tail,1.0,1.0
1565,216,60,tail,0.95,0.95
1566,216,59,tail,0.9830508474576272,0.9830508474576272
1567,542,142,head,0.9366197183098591,0.9366197183098591
1568,539,144,mid,0.9305555555555556,0.9305555555555556
1569,541,142,head,0.9436619718309859,0.9436619718309859
1570,540,143,mid,0.9790209790209791,0.9790209790209791
1571,216,59,tail,1.0,1.0
1572,216,60,tail,0.9666666666666667,0.9666666666666667
1573,216,59,tail,0.9661016949152542,0.9661016949152542
1574,214,60,tail,0.9666666666666667,0.9666666666666667
1575,216,60,tail,1.0,1.0
1576,214,60,tail,0.95,0.95
1577,543,142,head,0.971830985915493,0.971830985915493
1578,539,144,mid,0.9513888888888888,0.9513888888888888
1579,216,60,tail,0.9833333333333333,0.9833333333333333
1580,215,60,tail,0.95,0.95
1581,216,60,tail,0.9333333333333333,0.9333333333333333
1582,216,60,tail,0.9666666666666667,0.9666666666666667
1583,216,60,tail,1.0,1.0
1584,213,60,tail,1.0,1.0
1585,216,60,tail,0.9666666666666667,0.9666666666666667
1586,534,142,mid,0.9366197183098591,0.9366197183098591
1587,216,60,tail,0.9833333333333333,0.9833333333333333
1588,216,59,tail,0.9830508474576272,0.9830508474576272
1589,216,60,tail,1.0,1.0
1590,216,60,tail,1.0,1.0
1591,215,60,tail,0.9833333333333333,0.9833333333333333
1592,215,60,tail,1.0,1.0
1593,215,60,tail,1.0,1.0
1594,215,60,tail,0.9833333333333333,0.9833333333333333
1595,215,60,tail,1.0,1.0
1596,216,60,tail,0.9833333333333333,0.9833333333333333
1597,213,60,tail,0.95,0.95
1598,216,60,tail,1.0,1.0
1599,216,60,tail,0.9833333333333333,0.9833333333333333
1600,216,60,tail,1.0,1.0
1601,216,60,tail,1.0,1.0
1602,215,59,tail,1.0,1.0
1603,216,60,tail,1.0,1.0
1604,216,60,tail,1.0,1.0
1605,540,144,mid,0.9861111111111112,0.9861111111111112
1606,216,60,tail,1.0,1.0
1607,534,142,mid,0.971830985915493,0.971830985915493
1608,540,142,mid,0.9225352112676056,0.9225352112676056
1609,540,143,mid,0.986013986013986,0.986013986013986
1610,542,143,head,0.958041958041958,0.958041958041958
1611,540,141,mid,0.9078014184397163,0.9078014184397163
1612,540,144,mid,0.9583333333333334,0.9583333333333334
1613,537,141,mid,0.9574468085106383,0.9574468085106383
1614,538,143,mid,0.9300699300699301,0.9300699300699301
1615,540,141,mid,0.9787234042553191,0.9787234042553191
1616,539,140,mid,0.9857142857142858,0.9857142857142858
1617,540,139,mid,0.9496402877697842,0.9496402877697842
1618,215,60,tail,0.9166666666666666,0.9166666666666666
1619,538,142,mid,0.7676056338028169,0.7676056338028169
1620,541,144,head,0.6736111111111112,0.6736111111111112
1621,539,143,mid,0.7272727272727273,0.7272727272727273
1622,542,141,head,0.950354609929078,0.950354609929078
1623,538,143,mid,0.9090909090909091,0.9090909090909091
1624,216,59,tail,1.0,1.0
1625,541,144,head,0.9652777777777778,0.9652777777777778
1626,542,143,head,0.965034965034965,0.965034965034965
1627,540,143,mid,0.9300699300699301,0.9300699300699301
1628,543,142,head,0.9366197183098591,0.9366197183098591
1629,525,135,mid,0.8888888888888888,0.8888888888888888
1630,541,141,head,0.9645390070921985,0.9645390070921985
1631,537,145,mid,0.9379310344827586,0.9379310344827586
1632,542,142,head,0.9788732394366197,0.9788732394366197
1633,216,60,tail,0.9833333333333333,0.9833333333333333
1634,539,144,mid,0.8888888888888888,0.8888888888888888
1635,215,60,tail,0.9833333333333333,0.9833333333333333
1636,216,60,tail,0.9833333333333333,0.9833333333333333
1637,539,144,mid,0.9513888888888888,0.9513888888888888
1638,540,143,mid,0.9440559440559441,0.9440559440559441
1639,536,142,mid,0.9084507042253521,0.9084507042253521
1640,216,60,tail,0.9833333333333333,0.9833333333333333
1641,540,144,mid,0.9861111111111112,0.9861111111111112
1642,543,141,head,0.9432624113475178,0.9432624113475178
1643,539,143,mid,0.965034965034965,0.965034965034965
1644,541,141,head,0.9574468085106383,0.9574468085106383
1645,214,60,tail,0.9833333333333333,0.9833333333333333
1646,541,141,head,0.950354609929078,0.950354609929078
1647,541,143,head,0.951048951048951,0.951048951048951
1648,540,143,mid,0.951048951048951,0.951048951048951
1649,541,141,head,0.9716312056737588,0.9716312056737588
1650,216,59,tail,0.9830508474576272,0.9830508474576272
1651,216,60,tail,0.9,0.9
1652,542,143,head,0.9440559440559441,0.9440559440559441
1653,216,59,tail,0.9830508474576272,0.9830508474576272
1654,216,60,tail,1.0,1.0
1655,539,144,mid,0.9791666666666666,0.9791666666666666
1656,537,144,mid,0.9722222222222222,0.9722222222222222
1657,216,60,tail,0.9833333333333333,0.9833333333333333
1658,540,142,mid,0.9647887323943662,0.9647887323943662
1659,539,142,mid,0.971830985915493,0.971830985915493
1660,315,84,mid,0.9166666666666666,0.9166666666666666
1661,535,143,mid,0.916083916083916,0.916083916083916
1662,214,59,tail,0.9661016949152542,0.9661016949152542
1663,216,60,tail,0.9833333333333333,0.9833333333333333
1664,216,60,tail,0.9833333333333333,0.9833333333333333
1665,541,142,head,0.9225352112676056,0.9225352112676056
1666,216,60,tail,0.9333333333333333,0.9333333333333333
1667,540,140,mid,0.9285714285714286,0.9285714285714286
1668,539,144,mid,0.9305555555555556,0.9305555555555556
1669,540,144,mid,0.8958333333333334,0.8958333333333334
1670,542,142,head,0.9507042253521126,0.9507042253521126
1671,540,142,mid,0.9154929577464789,0.9154929577464789
1672,216,60,tail,0.9666666666666667,0.9666666666666667
1673,517,128,mid,0.9453125,0.9453125
1674,540,143,mid,0.9300699300699301,0.9300699300699301
1675,541,143,head,0.9300699300699301,0.9300699300699301
1676,541,141,head,0.9361702127659575,0.9361702127659575
1677,215,60,tail,0.9666666666666667,0.9666666666666667
1678,541,143,head,0.9300699300699301,0.9300699300699301
1679,540,144,mid,0.9513888888888888,0.9513888888888888
1680,539,142,mid,0.971830985915493,0.971830985915493
1681,542,143,head,0.951048951048951,0.951048951048951
1682,216,60,tail,0.9833333333333333,0.9833333333333333
1683,540,144,mid,0.9444444444444444,0.9444444444444444
1684,539,141,mid,0.9645390070921985,0.9645390070921985
1685,216,60,tail,0.9833333333333333,0.9833333333333333
1686,539,142,mid,0.9154929577464789,0.9154929577464789
1687,544,143,head,0.972027972027972,0.972027972027972
1688,540,141,mid,0.9645390070921985,0.9645390070921985
1689,215,60,tail,0.95,0.95
1690,540,141,mid,0.9858156028368794,0.9858156028368794
1691,537,144,mid,0.9791666666666666,0.9791666666666666
1692,541,142,head,0.9507042253521126,0.9507042253521126
1693,541,142,head,0.9507042253521126,0.9507042253521126
1694,531,140,mid,0.9714285714285714,0.9714285714285714
1695,541,142,head,0.9436619718309859,0.9436619718309859
1696,215,59,tail,0.9491525423728814,0.9491525423728814
1697,216,60,tail,1.0,1.0
1698,216,60,tail,0.9833333333333333,0.9833333333333333
1699,540,140,mid,0.8857142857142857,0.8857142857142857
1700,540,142,mid,0.9436619718309859,0.9436619718309859
1701,533,142,mid,0.9647887323943662,0.9647887323943662
1702,216,60,tail,1.0,1.0
1703,315,83,mid,0.963855421686747,0.963855421686747
1704,537,141,mid,0.950354609929078,0.950354609929078
1705,539,143,mid,0.986013986013986,0.986013986013986
1706,539,142,mid,0.9859154929577465,0.9859154929577465
1707,216,60,tail,0.9833333333333333,0.9833333333333333
1708,216,60,tail,0.9833333333333333,0.9833333333333333
1709,208,58,tail,0.8275862068965517,0.8275862068965517
1710,537,141,mid,0.9716312056737588,0.9716312056737588
1711,536,142,mid,0.9366197183098591,0.9366197183098591
1712,216,60,tail,0.9166666666666666,0.9166666666666666
1713,216,60,tail,1.0,1.0
1714,215,60,tail,0.9833333333333333,0.9833333333333333
1715,539,142,mid,0.9577464788732394,0.9577464788732394
1716,533,141,mid,0.950354609929078,0.950354609929078
1717,216,60,tail,0.9333333333333333,0.9333333333333333
1718,213,58,tail,0.9655172413793104,0.9655172413793104
1719,215,60,tail,0.9833333333333333,0.9833333333333333
1720,214,60,tail,0.9666666666666667,0.9666666666666667
1721,216,60,tail,0.9333333333333333,0.9333333333333333
1722,539,143,mid,0.9300699300699301,0.9300699300699301
1723,539,142,mid,0.9436619718309859,0.9436619718309859
1724,538,142,mid,0.9366197183098591,0.9366197183098591
1725,215,60,tail,0.9,0.9
1726,216,59,tail,0.8983050847457628,0.8983050847457628
1727,540,144,mid,0.9583333333333334,0.9583333333333334
1728,216,60,tail,0.95,0.95
1729,540,143,mid,0.958041958041958,0.958041958041958
1730,540,142,mid,0.9436619718309859,0.9436619718309859
1731,540,142,mid,0.9295774647887324,0.9295774647887324
1732,216,60,tail,0.95,0.95
1733,216,60,tail,0.9833333333333333,0.9833333333333333
1734,543,142,head,0.9859154929577465,0.9859154929577465
1735,215,58,tail,0.9482758620689655,0.9482758620689655
1736,535,141,mid,0.9645390070921985,0.9645390070921985
1737,216,60,tail,1.0,1.0
1738,541,141,head,0.8794326241134752,0.8794326241134752
1739,543,144,head,0.9583333333333334,0.9583333333333334
1740,540,139,mid,0.9424460431654677,0.9424460431654677
1741,539,143,mid,0.965034965034965,0.965034965034965
1742,514,132,mid,0.8712121212121212,0.8712121212121212
1743,541,141,head,0.9574468085106383,0.9574468085106383
1744,543,145,head,0.9379310344827586,0.9379310344827586
1745,539,144,mid,0.9722222222222222,0.9722222222222222
1746,541,142,head,0.9647887323943662,0.9647887323943662
1747,539,143,mid,0.916083916083916,0.916083916083916
1748,216,60,tail,0.9333333333333333,0.9333333333333333
1749,216,59,tail,0.9830508474576272,0.9830508474576272
1750,216,60,tail,0.95,0.95
1751,538,143,mid,0.9300699300699301,0.9300699300699301
1752,538,143,mid,0.951048951048951,0.951048951048951
1753,539,142,mid,0.9366197183098591,0.9366197183098591
1754,540,144,mid,0.9583333333333334,0.9583333333333334
1755,216,60,tail,0.9666666666666667,0.9666666666666667
1756,215,60,tail,1.0,1.0
1757,216,60,tail,1.0,1.0
1758,542,140,head,0.9785714285714285,0.9785714285714285
1759,542,142,head,0.9084507042253521,0.9084507042253521
1760,537,142,mid,0.9647887323943662,0.9647887323943662
1761,215,60,tail,0.95,0.95
1762,215,59,tail,0.9152542372881356,0.9152542372881356
1763,213,59,tail,1.0,1.0
1764,531,143,mid,0.9790209790209791,0.9790209790209791
1765,216,60,tail,0.9833333333333333,0.9833333333333333
1766,539,144,mid,0.9583333333333334,0.9583333333333334
1767,538,142,mid,0.9436619718309859,0.9436619718309859
1768,537,142,mid,0.971830985915493,0.971830985915493
1769,215,60,tail,0.9666666666666667,0.9666666666666667
1770,541,142,head,0.9788732394366197,0.9788732394366197
1771,540,140,mid,0.9857142857142858,0.9857142857142858
1772,543,141,head,0.9929078014184397,0.9929078014184397
1773,538,143,mid,0.965034965034965,0.965034965034965
1774,538,145,mid,0.9793103448275862,0.9793103448275862
1775,543,144,head,0.9722222222222222,0.9722222222222222
1776,215,60,tail,1.0,1.0
1777,215,60,tail,0.9333333333333333,0.9333333333333333
1778,542,144,head,0.9444444444444444,0.9444444444444444
1779,541,142,head,0.9859154929577465,0.9859154929577465
1780,542,142,head,0.9507042253521126,0.9507042253521126
1781,540,141,mid,0.9219858156028369,0.9219858156028369
1782,540,145,mid,0.9586206896551724,0.9586206896551724
1783,215,60,tail,0.9166666666666666,0.9166666666666666
1784,539,142,mid,0.9014084507042254,0.9014084507042254
1785,541,141,head,0.9432624113475178,0.9432624113475178
1786,216,60,tail,0.9666666666666667,0.9666666666666667
1787,540,143,mid,0.9370629370629371,0.9370629370629371
1788,216,60,tail,0.95,0.95
1789,540,142,mid,0.9366197183098591,0.9366197183098591
1790,538,143,mid,0.9790209790209791,0.9790209790209791
1791,215,60,tail,0.9666666666666667,0.9666666666666667
1792,540,143,mid,0.9440559440559441,0.9440559440559441
1793,540,142,mid,0.9295774647887324,0.9295774647887324
1794,216,60,tail,1.0,1.0
1795,539,141,mid,0.9574468085106383,0.9574468085106383
1796,538,144,mid,0.8888888888888888,0.8888888888888888
1797,307,82,mid,0.7439024390243902,0.7439024390243902
1798,216,60,tail,0.9833333333333333,0.9833333333333333
1799,541,143,head,0.986013986013986,0.986013986013986
1800,216,60,tail,1.0,1.0
1801,537,143,mid,0.951048951048951,0.951048951048951
1802,215,60,tail,0.9666666666666667,0.9666666666666667
1803,535,144,mid,0.8819444444444444,0.8819444444444444
1804,215,60,tail,0.9666666666666667,0.9666666666666667
1805,541,140,head,0.9571428571428572,0.9571428571428572
1806,215,59,tail,0.9491525423728814,0.9491525423728814
1807,531,140,mid,0.8214285714285714,0.8214285714285714
1808,538,143,mid,0.972027972027972,0.972027972027972
1809,214,60,tail,0.9166666666666666,0.9166666666666666
1810,542,142,head,0.8591549295774648,0.8591549295774648
1811,542,144,head,0.9583333333333334,0.9583333333333334
1812,216,60,tail,1.0,1.0
1813,539,141,mid,0.9574468085106383,0.9574468085106383
1814,538,144,mid,0.9513888888888888,0.9513888888888888
1815,216,60,tail,1.0,1.0
1816,213,60,tail,0.9666666666666667,0.9666666666666667
1817,213,60,tail,0.9833333333333333,0.9833333333333333
1818,215,60,tail,0.95,0.95
1819,214,60,tail,0.9833333333333333,0.9833333333333333
1820,542,143,head,0.951048951048951,0.951048951048951
1821,539,143,mid,0.9300699300699301,0.9300699300699301
1822,538,144,mid,0.9583333333333334,0.9583333333333334
1823,216,60,tail,1.0,1.0
1824,538,141,mid,0.9645390070921985,0.9645390070921985
1825,215,60,tail,0.9833333333333333,0.9833333333333333
1826,216,59,tail,0.9491525423728814,0.9491525423728814
1827,531,141,mid,0.900709219858156,0.900709219858156
1828,216,60,tail,0.9333333333333333,0.9333333333333333
1829,540,144,mid,0.7569444444444444,0.7569444444444444
1830,211,60,tail,0.95,0.95
1831,216,60,tail,0.9833333333333333,0.9833333333333333
1832,540,140,mid,0.9428571428571428,0.9428571428571428
1833,540,144,mid,0.9513888888888888,0.9513888888888888
1834,214,60,tail,0.9833333333333333,0.9833333333333333
1835,540,143,mid,0.958041958041958,0.958041958041958
1836,541,142,head,0.9366197183098591,0.9366197183098591
1837,216,60,tail,0.9666666666666667,0.9666666666666667
1838,539,142,mid,0.9366197183098591,0.9366197183098591
1839,535,143,mid,0.9440559440559441,0.9440559440559441
1840,539,142,mid,0.9647887323943662,0.9647887323943662
1841,536,141,mid,0.9858156028368794,0.9858156028368794
1842,215,60,tail,1.0,1.0
1843,216,60,tail,0.9833333333333333,0.9833333333333333
1844,216,59,tail,0.9830508474576272,0.9830508474576272
1845,216,60,mid,0.9666666666666667,0.9666666666666667
1846,215,57,tail,0.9298245614035088,0.9298245614035088
1847,216,60,mid,0.95,0.95
1848,540,144,mid,0.9027777777777778,0.9027777777777778
1849,216,60,mid,0.9166666666666666,0.9166666666666666
1850,533,141,mid,0.9290780141843972,0.9290780141843972
1851,539,144,mid,0.9375,0.9375
1852,538,144,mid,0.8611111111111112,0.8611111111111112
1853,542,143,head,0.972027972027972,0.972027972027972
1854,216,60,mid,0.9666666666666667,0.9666666666666667
1855,216,60,mid,1.0,1.0
1856,537,142,mid,0.9084507042253521,0.9084507042253521
1857,537,143,mid,0.8041958041958042,0.8041958041958042
1858,540,141,mid,0.950354609929078,0.950354609929078
1859,215,60,tail,0.9833333333333333,0.9833333333333333
1860,538,143,mid,0.951048951048951,0.951048951048951
1861,215,60,tail,0.9833333333333333,0.9833333333333333
1862,535,143,mid,0.8951048951048951,0.8951048951048951
1863,542,143,head,0.951048951048951,0.951048951048951
1864,216,60,mid,0.9666666666666667,0.9666666666666667
1865,540,139,mid,0.920863309352518,0.920863309352518
1866,216,60,mid,0.9666666666666667,0.9666666666666667
1867,537,144,mid,0.9583333333333334,0.9583333333333334
1868,216,60,mid,0.9833333333333333,0.9833333333333333
1869,540,142,mid,0.9577464788732394,0.9577464788732394
1870,216,60,mid,0.9833333333333333,0.9833333333333333
1871,215,58,tail,0.9827586206896551,0.9827586206896551
1872,215,60,tail,0.95,0.95
1873,214,60,tail,0.9333333333333333,0.9333333333333333
1874,539,144,mid,0.8958333333333334,0.8958333333333334
1875,540,141,mid,0.9361702127659575,0.9361702127659575
1876,539,142,mid,0.8943661971830986,0.8943661971830986
1877,539,143,mid,0.972027972027972,0.972027972027972
1878,540,143,mid,0.9440559440559441,0.9440559440559441
1879,534,139,mid,0.920863309352518,0.920863309352518
1880,216,60,mid,0.9,0.9
1881,216,60,mid,0.9833333333333333,0.9833333333333333
1882,216,60,mid,0.9833333333333333,0.9833333333333333
1883,540,141,mid,0.9787234042553191,0.9787234042553191
1884,216,60,mid,0.9833333333333333,0.9833333333333333
1885,540,143,mid,0.986013986013986,0.986013986013986
1886,216,60,mid,0.9666666666666667,0.9666666666666667
1887,540,141,mid,0.9078014184397163,0.9078014184397163
1888,540,142,mid,0.8591549295774648,0.8591549295774648
1889,215,60,tail,0.95,0.95
1890,538,141,mid,0.8652482269503546,0.8652482269503546
1891,538,143,mid,0.9020979020979021,0.9020979020979021
1892,537,141,mid,0.950354609929078,0.950354609929078
1893,541,143,head,0.9440559440559441,0.9440559440559441
1894,536,138,mid,0.8768115942028986,0.8768115942028986
1895,537,141,mid,0.9645390070921985,0.9645390070921985
1896,540,142,mid,0.9577464788732394,0.9577464788732394
1897,215,60,tail,0.9666666666666667,0.9666666666666667
1898,215,60,tail,1.0,1.0
1899,214,60,tail,0.9666666666666667,0.9666666666666667
1900,215,59,tail,0.9661016949152542,0.9661016949152542
1901,536,143,mid,0.965034965034965,0.965034965034965
1902,216,60,mid,0.95,0.95
1903,539,143,mid,0.9370629370629371,0.9370629370629371
1904,215,60,tail,1.0,1.0
1905,537,143,mid,0.8041958041958042,0.8041958041958042
1906,540,141,mid,0.9787234042553191,0.9787234042553191
1907,215,60,tail,0.95,0.95
1908,540,141,mid,0.950354609929078,0.950354609929078
1909,216,59,mid,1.0,1.0
1910,537,143,mid,0.9370629370629371,0.9370629370629371
1911,216,60,mid,0.9666666666666667,0.9666666666666667
1912,216,60,mid,0.95,0.95
1913,214,60,tail,0.9833333333333333,0.9833333333333333
1914,216,60,mid,0.9666666666666667,0.9666666666666667
1915,540,143,mid,0.9230769230769231,0.9230769230769231
1916,543,142,head,0.971830985915493,0.971830985915493
1917,216,60,mid,0.95,0.95
1918,536,143,mid,0.9440559440559441,0.9440559440559441
1919,543,144,head,0.9305555555555556,0.9305555555555556
1920,540,143,mid,0.9230769230769231,0.9230769230769231
1921,216,60,mid,1.0,1.0
1922,540,145,mid,0.9724137931034482,0.9724137931034482
1923,215,60,tail,0.9833333333333333,0.9833333333333333
1924,537,143,mid,0.965034965034965,0.965034965034965
1925,216,60,mid,0.9833333333333333,0.9833333333333333
1926,543,142,head,0.9577464788732394,0.9577464788732394
1927,316,82,mid,0.8658536585365854,0.8658536585365854
1928,538,141,mid,0.9716312056737588,0.9716312056737588
1929,216,60,mid,0.95,0.95
1930,539,141,mid,0.8368794326241135,0.8368794326241135
1931,538,144,mid,0.8888888888888888,0.8888888888888888
1932,216,60,mid,0.9333333333333333,0.9333333333333333
1933,216,60,mid,0.9333333333333333,0.9333333333333333
1934,541,143,head,0.8671328671328671,0.8671328671328671
1935,538,142,mid,1.0,1.0
1936,536,141,mid,0.9716312056737588,0.9716312056737588
1937,535,142,mid,0.9295774647887324,0.9295774647887324
1938,216,60,mid,1.0,1.0
1939,216,60,mid,0.9166666666666666,0.9166666666666666
1940,539,142,mid,0.9084507042253521,0.9084507042253521
1941,216,60,mid,0.9833333333333333,0.9833333333333333
1942,538,142,mid,0.9225352112676056,0.9225352112676056
1943,535,142,mid,0.9436619718309859,0.9436619718309859
1944,536,141,mid,0.9858156028368794,0.9858156028368794
1945,534,141,mid,0.9432624113475178,0.9432624113475178
1946,543,143,head,0.965034965034965,0.965034965034965
1947,540,142,mid,0.9577464788732394,0.9577464788732394
1948,538,143,mid,0.9790209790209791,0.9790209790209791
1949,215,60,tail,1.0,1.0
1950,542,143,head,0.986013986013986,0.986013986013986
1951,540,142,mid,0.9225352112676056,0.9225352112676056
1952,540,142,mid,0.9436619718309859,0.9436619718309859
1953,540,142,mid,0.971830985915493,0.971830985915493
1954,541,144,head,0.9097222222222222,0.9097222222222222
1955,216,59,mid,1.0,1.0
1956,539,141,mid,0.9290780141843972,0.9290780141843972
1957,540,144,mid,0.9583333333333334,0.9583333333333334
1958,540,143,mid,0.9300699300699301,0.9300699300699301
1959,214,59,tail,0.9830508474576272,0.9830508474576272
1960,542,143,head,0.965034965034965,0.965034965034965
1961,216,60,mid,1.0,1.0
1962,544,145,head,0.9862068965517241,0.9862068965517241
1963,541,142,head,0.9225352112676056,0.9225352112676056
1964,216,60,mid,0.9833333333333333,0.9833333333333333
1965,214,60,tail,0.9833333333333333,0.9833333333333333
1966,541,144,head,0.8888888888888888,0.8888888888888888
1967,215,60,tail,0.9333333333333333,0.9333333333333333
1968,316,82,mid,0.8048780487804879,0.8048780487804879
1969,541,143,head,0.965034965034965,0.965034965034965
1970,542,141,head,0.8794326241134752,0.8794326241134752
1971,215,60,tail,0.9666666666666667,0.9666666666666667
1972,216,60,mid,0.9666666666666667,0.9666666666666667
1973,540,141,mid,0.9574468085106383,0.9574468085106383
1974,216,60,mid,0.9666666666666667,0.9666666666666667
1975,538,143,mid,0.972027972027972,0.972027972027972
1976,216,59,mid,0.9661016949152542,0.9661016949152542
1977,541,144,head,0.9513888888888888,0.9513888888888888
1978,538,142,mid,0.9507042253521126,0.9507042253521126
1979,216,60,mid,0.9666666666666667,0.9666666666666667
1980,538,142,mid,0.971830985915493,0.971830985915493
1981,537,144,mid,0.9791666666666666,0.9791666666666666
1982,536,142,mid,0.971830985915493,0.971830985915493
1983,533,143,mid,0.951048951048951,0.951048951048951
1984,216,59,mid,0.9830508474576272,0.9830508474576272
1985,537,143,mid,0.8951048951048951,0.8951048951048951
1986,214,60,tail,0.9666666666666667,0.9666666666666667
1987,540,143,mid,0.965034965034965,0.965034965034965
1988,522,142,mid,0.9436619718309859,0.9436619718309859
1989,541,142,head,0.9788732394366197,0.9788732394366197
1990,216,60,mid,1.0,1.0
1991,537,142,mid,0.9647887323943662,0.9647887323943662
1992,542,139,head,0.9856115107913669,0.9856115107913669
1993,534,143,mid,0.9230769230769231,0.9230769230769231
1994,315,81,mid,0.9135802469135802,0.9135802469135802
1995,210,59,tail,1.0,1.0
1996,216,60,mid,0.9833333333333333,0.9833333333333333
1997,215,60,tail,0.9,0.9
1998,541,140,head,0.9571428571428572,0.9571428571428572
1999,216,60,mid,0.9833333333333333,0.9833333333333333
2000,216,60,mid,0.9833333333333333,0.9833333333333333
2001,216,59,mid,0.9830508474576272,0.9830508474576272
2002,536,139,mid,0.9640287769784173,0.9640287769784173
2003,541,141,head,0.9219858156028369,0.9219858156028369
2004,540,141,mid,0.9716312056737588,0.9716312056737588
2005,540,139,mid,0.9640287769784173,0.9640287769784173
2006,211,58,tail,1.0,1.0
2007,216,60,mid,0.9833333333333333,0.9833333333333333
2008,534,142,mid,0.9788732394366197,0.9788732394366197
2009,213,60,tail,1.0,1.0
2010,537,143,mid,0.9370629370629371,0.9370629370629371
2011,216,60,mid,0.9833333333333333,0.9833333333333333
2012,215,59,tail,1.0,1.0
2013,216,60,mid,1.0,1.0
2014,543,142,head,0.8732394366197183,0.8732394366197183
2015,540,144,mid,0.9375,0.9375
2016,216,60,mid,0.9833333333333333,0.9833333333333333
2017,535,144,mid,0.8888888888888888,0.8888888888888888
2018,538,143,mid,0.8321678321678322,0.8321678321678322
2019,538,141,mid,0.9645390070921985,0.9645390070921985
2020,536,143,mid,0.9790209790209791,0.9790209790209791
2021,542,142,head,0.8309859154929577,0.8309859154929577
2022,540,144,mid,0.9375,0.9375
2023,539,143,mid,0.9370629370629371,0.9370629370629371
2024,215,60,tail,1.0,1.0
2025,538,142,mid,0.8943661971830986,0.8943661971830986
2026,216,60,mid,0.9666666666666667,0.9666666666666667
2027,541,144,head,0.9375,0.9375
2028,537,144,mid,0.9513888888888888,0.9513888888888888
2029,216,60,mid,1.0,1.0
2030,216,60,mid,1.0,1.0
2031,216,60,mid,1.0,1.0
2032,216,60,mid,1.0,1.0
2033,216,60,mid,1.0,1.0
2034,216,60,mid,1.0,1.0
2035,540,142,mid,0.9507042253521126,0.9507042253521126
2036,216,60,mid,1.0,1.0
2037,537,143,mid,0.972027972027972,0.972027972027972
2038,542,142,head,0.9647887323943662,0.9647887323943662
2039,540,142,mid,0.9788732394366197,0.9788732394366197
2040,540,143,mid,0.965034965034965,0.965034965034965
2041,216,60,mid,1.0,1.0
2042,215,59,tail,0.9830508474576272,0.9830508474576272
2043,541,142,head,0.9507042253521126,0.9507042253521126
2044,539,143,mid,0.9370629370629371,0.9370629370629371
2045,542,141,head,0.9645390070921985,0.9645390070921985
2046,214,60,tail,0.9166666666666666,0.9166666666666666
2047,215,59,tail,1.0,1.0
2048,539,143,mid,0.986013986013986,0.986013986013986
2049,216,60,mid,1.0,1.0
2050,216,60,mid,1.0,1.0
2051,214,60,tail,0.9666666666666667,0.9666666666666667
2052,538,144,mid,0.8611111111111112,0.8611111111111112
2053,216,60,mid,0.9333333333333333,0.9333333333333333
2054,542,142,head,0.9577464788732394,0.9577464788732394
2055,540,143,mid,0.972027972027972,0.972027972027972
2056,536,144,mid,0.9513888888888888,0.9513888888888888
2057,543,141,head,0.9716312056737588,0.9716312056737588
2058,539,141,mid,0.9929078014184397,0.9929078014184397
2059,534,140,mid,0.9357142857142857,0.9357142857142857
2060,539,142,mid,0.9366197183098591,0.9366197183098591
2061,537,144,mid,0.9583333333333334,0.9583333333333334
2062,539,144,mid,0.9375,0.9375
2063,538,142,mid,0.9295774647887324,0.9295774647887324
2064,540,144,mid,0.9930555555555556,0.9930555555555556
2065,537,143,mid,0.9230769230769231,0.9230769230769231
2066,215,60,tail,0.9666666666666667,0.9666666666666667
2067,538,142,mid,0.9788732394366197,0.9788732394366197
2068,542,143,head,0.8951048951048951,0.8951048951048951
2069,538,144,mid,0.9097222222222222,0.9097222222222222
2070,541,142,head,0.9366197183098591,0.9366197183098591
2071,540,143,mid,0.951048951048951,0.951048951048951
2072,535,143,mid,0.916083916083916,0.916083916083916
2073,543,142,head,0.9225352112676056,0.9225352112676056
2074,541,142,head,0.795774647887324,0.795774647887324
2075,537,144,mid,0.8888888888888888,0.8888888888888888
2076,215,60,tail,0.9,0.9
2077,541,142,head,0.971830985915493,0.971830985915493
2078,541,144,head,0.9513888888888888,0.9513888888888888
2079,540,143,mid,0.9300699300699301,0.9300699300699301
2080,539,140,mid,0.9214285714285714,0.9214285714285714
2081,216,60,mid,1.0,1.0
2082,542,142,head,0.9507042253521126,0.9507042253521126
2083,536,144,mid,0.8333333333333334,0.8333333333333334
2084,542,142,head,0.971830985915493,0.971830985915493
2085,533,143,mid,0.9300699300699301,0.9300699300699301
2086,535,142,mid,0.8661971830985915,0.8661971830985915
2087,536,144,mid,0.9097222222222222,0.9097222222222222
2088,216,59,mid,0.9491525423728814,0.9491525423728814
2089,540,143,mid,0.9440559440559441,0.9440559440559441
2090,540,141,mid,0.9361702127659575,0.9361702127659575
2091,540,144,mid,0.9166666666666666,0.9166666666666666
2092,541,145,head,0.896551724137931,0.896551724137931
2093,542,141,head,0.9432624113475178,0.9432624113475178
2094,538,144,mid,0.9930555555555556,0.9930555555555556
2095,216,59,mid,0.9661016949152542,0.9661016949152542
2096,538,144,mid,0.9305555555555556,0.9305555555555556
2097,531,143,mid,0.9230769230769231,0.9230769230769231
2098,538,142,mid,0.9154929577464789,0.9154929577464789
2099,540,143,mid,0.972027972027972,0.972027972027972
2100,544,143,head,0.8951048951048951,0.8951048951048951
2101,538,144,mid,0.9027777777777778,0.9027777777777778
2102,536,144,mid,0.9305555555555556,0.9305555555555556
2103,539,143,mid,0.9440559440559441,0.9440559440559441
2104,544,143,head,0.8951048951048951,0.8951048951048951
2105,540,140,mid,0.7714285714285715,0.7714285714285715
2106,537,144,mid,0.9444444444444444,0.9444444444444444
2107,216,60,mid,0.9833333333333333,0.9833333333333333
2108,538,143,mid,0.9370629370629371,0.9370629370629371
2109,541,142,head,0.9014084507042254,0.9014084507042254
2110,535,141,mid,0.9290780141843972,0.9290780141843972
2111,540,142,mid,0.9647887323943662,0.9647887323943662
2112,216,60,mid,0.9666666666666667,0.9666666666666667
2113,534,142,mid,0.8943661971830986,0.8943661971830986
2114,541,141,head,0.950354609929078,0.950354609929078
2115,541,143,head,0.8601398601398601,0.8601398601398601
2116,534,143,mid,0.9090909090909091,0.9090909090909091
2117,540,144,mid,0.9236111111111112,0.9236111111111112
2118,539,144,mid,0.8819444444444444,0.8819444444444444
2119,216,60,mid,1.0,1.0
2120,543,142,head,0.9014084507042254,0.9014084507042254
2121,539,144,mid,0.9305555555555556,0.9305555555555556
2122,536,142,mid,0.9014084507042254,0.9014084507042254
2123,541,141,head,0.9574468085106383,0.9574468085106383
2124,540,144,mid,0.9583333333333334,0.9583333333333334
2125,537,142,mid,0.8661971830985915,0.8661971830985915
2126,542,141,head,0.9078014184397163,0.9078014184397163
2127,539,141,mid,0.9361702127659575,0.9361702127659575
2128,316,83,mid,0.8795180722891566,0.8795180722891566
2129,540,143,mid,0.8951048951048951,0.8951048951048951
2130,539,144,mid,0.9236111111111112,0.9236111111111112
2131,216,60,mid,0.95,0.95
2132,540,144,head,0.9236111111111112,0.9236111111111112
2133,539,142,mid,0.9507042253521126,0.9507042253521126
2134,537,144,mid,0.9722222222222222,0.9722222222222222
2135,533,141,mid,0.9078014184397163,0.9078014184397163
2136,532,142,mid,0.9154929577464789,0.9154929577464789
2137,216,60,mid,0.9666666666666667,0.9666666666666667
2138,543,143,head,0.965034965034965,0.965034965034965
2139,533,142,mid,0.9507042253521126,0.9507042253521126
2140,531,144,mid,0.9305555555555556,0.9305555555555556
2141,543,142,head,0.8873239436619719,0.8873239436619719
2142,541,145,head,0.9379310344827586,0.9379310344827586
2143,539,144,mid,0.8611111111111112,0.8611111111111112
2144,538,143,mid,0.916083916083916,0.916083916083916
2145,216,60,mid,0.9666666666666667,0.9666666666666667
2146,531,143,mid,0.9440559440559441,0.9440559440559441
2147,540,142,head,0.9295774647887324,0.9295774647887324
2148,540,143,head,0.951048951048951,0.951048951048951
2149,537,142,mid,0.8732394366197183,0.8732394366197183
2150,216,60,mid,0.9833333333333333,0.9833333333333333
2151,536,144,mid,0.9236111111111112,0.9236111111111112
2152,536,144,mid,0.8888888888888888,0.8888888888888888
2153,528,137,mid,0.9781021897810219,0.9781021897810219
2154,538,144,mid,0.9166666666666666,0.9166666666666666
2155,537,143,mid,0.986013986013986,0.986013986013986
2156,543,143,head,0.9020979020979021,0.9020979020979021
2157,541,142,head,0.9225352112676056,0.9225352112676056
2158,542,145,head,0.8620689655172413,0.8620689655172413
2159,216,59,mid,0.9830508474576272,0.9830508474576272
2160,542,142,head,0.9225352112676056,0.9225352112676056
2161,539,144,mid,0.9583333333333334,0.9583333333333334
2162,538,141,mid,0.950354609929078,0.950354609929078
2163,531,140,mid,0.9285714285714286,0.9285714285714286
2164,541,142,head,0.9577464788732394,0.9577464788732394
2165,536,143,mid,0.9300699300699301,0.9300699300699301
2166,539,143,mid,0.958041958041958,0.958041958041958
2167,539,142,mid,0.9366197183098591,0.9366197183098591
2168,540,143,head,0.9020979020979021,0.9020979020979021
2169,531,142,mid,0.9647887323943662,0.9647887323943662
2170,541,141,head,0.9432624113475178,0.9432624113475178
2171,216,59,mid,0.9491525423728814,0.9491525423728814
2172,541,144,head,0.9652777777777778,0.9652777777777778
2173,540,143,head,0.972027972027972,0.972027972027972
2174,540,140,head,0.9,0.9
2175,216,59,mid,0.9830508474576272,0.9830508474576272
2176,543,141,head,0.9078014184397163,0.9078014184397163
2177,539,144,mid,0.8958333333333334,0.8958333333333334
2178,542,141,head,0.9432624113475178,0.9432624113475178
2179,541,144,head,0.9444444444444444,0.9444444444444444
2180,216,60,mid,0.9666666666666667,0.9666666666666667
2181,216,60,mid,0.9333333333333333,0.9333333333333333
2182,540,143,head,0.965034965034965,0.965034965034965
2183,539,144,mid,0.8958333333333334,0.8958333333333334
2184,539,141,mid,0.900709219858156,0.900709219858156
2185,216,60,mid,0.95,0.95
2186,540,142,head,0.9154929577464789,0.9154929577464789
2187,539,140,mid,0.9071428571428571,0.9071428571428571
2188,540,144,head,0.9236111111111112,0.9236111111111112
2189,215,60,tail,0.95,0.95
2190,542,142,head,0.9507042253521126,0.9507042253521126
2191,541,141,head,0.9645390070921985,0.9645390070921985
2192,540,144,head,0.8819444444444444,0.8819444444444444
2193,537,144,mid,0.9305555555555556,0.9305555555555556
2194,533,141,mid,0.8439716312056738,0.8439716312056738
2195,539,142,mid,0.9225352112676056,0.9225352112676056
2196,538,143,mid,0.9370629370629371,0.9370629370629371
2197,537,141,mid,0.9787234042553191,0.9787234042553191
2198,535,142,mid,0.852112676056338,0.852112676056338
2199,540,142,head,0.9154929577464789,0.9154929577464789
2200,541,142,head,0.9647887323943662,0.9647887323943662
2201,533,144,mid,0.9166666666666666,0.9166666666666666
2202,216,60,mid,0.9666666666666667,0.9666666666666667
2203,216,59,mid,0.9322033898305084,0.9322033898305084
2204,541,144,head,0.9236111111111112,0.9236111111111112
2205,216,60,mid,0.9666666666666667,0.9666666666666667
2206,216,60,mid,0.9666666666666667,0.9666666666666667
2207,540,141,head,0.9290780141843972,0.9290780141843972
2208,539,143,mid,0.9790209790209791,0.9790209790209791
2209,316,83,mid,0.8554216867469879,0.8554216867469879
2210,540,144,head,0.9583333333333334,0.9583333333333334
2211,541,143,head,0.951048951048951,0.951048951048951
2212,538,140,mid,0.9714285714285714,0.9714285714285714
2213,538,141,mid,0.9787234042553191,0.9787234042553191
2214,538,143,mid,0.965034965034965,0.965034965034965
2215,542,141,head,0.8936170212765957,0.8936170212765957
2216,216,60,mid,0.95,0.95
2217,540,143,head,0.9090909090909091,0.9090909090909091
2218,216,60,mid,0.95,0.95
2219,537,143,mid,0.951048951048951,0.951048951048951
2220,536,142,mid,0.9436619718309859,0.9436619718309859
2221,539,144,mid,0.9444444444444444,0.9444444444444444
2222,539,142,mid,0.9647887323943662,0.9647887323943662
2223,538,144,mid,0.9236111111111112,0.9236111111111112
2224,537,143,mid,0.8881118881118881,0.8881118881118881
2225,535,140,mid,0.9,0.9
2226,540,142,head,0.9929577464788732,0.9929577464788732
2227,540,142,head,0.9154929577464789,0.9154929577464789
2228,539,144,mid,0.8819444444444444,0.8819444444444444
2229,538,143,mid,0.9440559440559441,0.9440559440559441
2230,542,143,head,0.958041958041958,0.958041958041958
2231,542,141,head,0.8652482269503546,0.8652482269503546
2232,216,60,mid,0.9666666666666667,0.9666666666666667
2233,216,60,mid,0.9833333333333333,0.9833333333333333
2234,216,60,mid,0.9666666666666667,0.9666666666666667
2235,315,84,mid,0.6309523809523809,0.6309523809523809
2236,536,141,mid,0.9858156028368794,0.9858156028368794
2237,216,59,mid,0.9661016949152542,0.9661016949152542
2238,540,142,head,0.9859154929577465,0.9859154929577465
2239,541,142,head,0.8943661971830986,0.8943661971830986
2240,540,143,head,0.951048951048951,0.951048951048951
2241,215,60,tail,0.9833333333333333,0.9833333333333333
2242,216,60,mid,0.9833333333333333,0.9833333333333333
2243,216,59,mid,0.9830508474576272,0.9830508474576272
2244,216,60,mid,0.9833333333333333,0.9833333333333333
2245,536,144,mid,0.9097222222222222,0.9097222222222222
2246,538,142,mid,0.9577464788732394,0.9577464788732394
2247,216,60,mid,0.9666666666666667,0.9666666666666667
2248,537,144,mid,0.9166666666666666,0.9166666666666666
2249,541,141,head,0.9148936170212766,0.9148936170212766
2250,543,143,head,0.965034965034965,0.965034965034965
2251,542,142,head,0.9788732394366197,0.9788732394366197
2252,216,60,mid,0.9333333333333333,0.9333333333333333
2253,216,59,mid,1.0,1.0
2254,537,144,mid,0.9652777777777778,0.9652777777777778
2255,542,141,head,0.9645390070921985,0.9645390070921985
2256,540,142,head,0.9295774647887324,0.9295774647887324
2257,537,144,mid,0.9444444444444444,0.9444444444444444
2258,539,142,mid,0.9225352112676056,0.9225352112676056
2259,216,60,mid,0.9666666666666667,0.9666666666666667
2260,216,60,mid,0.9833333333333333,0.9833333333333333
2261,540,144,head,0.9722222222222222,0.9722222222222222
2262,216,60,mid,0.8666666666666667,0.8666666666666667
2263,216,60,mid,0.9833333333333333,0.9833333333333333
2264,537,143,mid,0.9790209790209791,0.9790209790209791
2265,216,60,mid,0.9666666666666667,0.9666666666666667
2266,216,59,mid,1.0,1.0
2267,535,142,mid,0.9577464788732394,0.9577464788732394
2268,541,140,head,0.9714285714285714,0.9714285714285714
2269,537,143,mid,0.9370629370629371,0.9370629370629371
2270,538,141,mid,0.950354609929078,0.950354609929078
2271,216,60,mid,1.0,1.0
2272,216,60,mid,0.9833333333333333,0.9833333333333333
2273,540,141,head,0.9290780141843972,0.9290780141843972
2274,543,140,head,0.9642857142857143,0.9642857142857143
2275,216,60,mid,0.9666666666666667,0.9666666666666667
2276,541,142,head,0.9436619718309859,0.9436619718309859
2277,538,144,mid,0.9930555555555556,0.9930555555555556
2278,216,60,mid,1.0,1.0
2279,539,142,mid,0.9788732394366197,0.9788732394366197
2280,540,140,head,0.8714285714285714,0.8714285714285714
2281,216,60,mid,1.0,1.0
2282,216,59,mid,0.9152542372881356,0.9152542372881356
2283,216,60,mid,0.9833333333333333,0.9833333333333333
2284,535,141,mid,0.9219858156028369,0.9219858156028369
2285,540,142,head,0.971830985915493,0.971830985915493
2286,539,142,mid,0.9366197183098591,0.9366197183098591
2287,216,60,mid,0.9666666666666667,0.9666666666666667
2288,539,142,mid,0.9577464788732394,0.9577464788732394
2289,532,139,mid,0.9136690647482014,0.9136690647482014
2290,216,59,mid,0.9661016949152542,0.9661016949152542
2291,216,60,mid,0.9666666666666667,0.9666666666666667
2292,540,144,head,0.9583333333333334,0.9583333333333334
2293,216,60,mid,0.95,0.95
2294,543,141,head,0.9645390070921985,0.9645390070921985
2295,539,142,mid,0.9647887323943662,0.9647887323943662
2296,541,142,head,0.9295774647887324,0.9295774647887324
2297,537,142,mid,0.9436619718309859,0.9436619718309859
2298,216,60,mid,0.9833333333333333,0.9833333333333333
2299,538,142,mid,0.8802816901408451,0.8802816901408451
2300,541,143,head,0.9370629370629371,0.9370629370629371
2301,216,60,mid,0.9833333333333333,0.9833333333333333
2302,542,142,head,0.9436619718309859,0.9436619718309859
2303,538,144,mid,0.9583333333333334,0.9583333333333334
2304,216,60,mid,0.9833333333333333,0.9833333333333333
2305,537,144,mid,0.9236111111111112,0.9236111111111112
2306,535,142,mid,0.9366197183098591,0.9366197183098591
2307,216,60,mid,0.9833333333333333,0.9833333333333333
2308,216,60,mid,0.9833333333333333,0.9833333333333333
2309,535,143,mid,0.965034965034965,0.965034965034965
2310,216,60,mid,0.95,0.95
2311,535,144,mid,0.9652777777777778,0.9652777777777778
2312,538,144,mid,0.9375,0.9375
2313,542,143,head,0.8951048951048951,0.8951048951048951
2314,540,144,head,0.8888888888888888,0.8888888888888888
2315,535,143,mid,0.9790209790209791,0.9790209790209791
2316,216,60,mid,0.9833333333333333,0.9833333333333333
2317,216,60,mid,0.9666666666666667,0.9666666666666667
2318,538,142,mid,0.9084507042253521,0.9084507042253521
2319,542,142,head,0.9014084507042254,0.9014084507042254
2320,538,142,mid,0.9788732394366197,0.9788732394366197
2321,540,142,head,0.971830985915493,0.971830985915493
2322,542,142,head,0.9647887323943662,0.9647887323943662
2323,539,141,mid,0.9361702127659575,0.9361702127659575
2324,540,142,head,0.9507042253521126,0.9507042253521126
2325,536,143,mid,0.972027972027972,0.972027972027972
2326,216,60,mid,0.9833333333333333,0.9833333333333333
2327,216,60,mid,0.9333333333333333,0.9333333333333333
2328,216,60,mid,1.0,1.0
2329,540,142,head,0.9577464788732394,0.9577464788732394
2330,216,60,mid,0.9833333333333333,0.9833333333333333
2331,539,143,mid,0.965034965034965,0.965034965034965
2332,539,144,mid,0.9722222222222222,0.9722222222222222
2333,543,142,head,0.9225352112676056,0.9225352112676056
2334,540,144,head,0.9375,0.9375
2335,216,60,mid,0.9833333333333333,0.9833333333333333
2336,539,143,mid,0.965034965034965,0.965034965034965
2337,216,60,mid,1.0,1.0
2338,216,60,mid,0.95,0.95
2339,537,142,mid,0.9577464788732394,0.9577464788732394
2340,216,60,mid,0.9333333333333333,0.9333333333333333
2341,216,59,mid,1.0,1.0
2342,540,142,head,0.9366197183098591,0.9366197183098591
2343,534,144,mid,0.9722222222222222,0.9722222222222222
2344,216,60,mid,0.9666666666666667,0.9666666666666667
2345,543,143,head,0.986013986013986,0.986013986013986
2346,539,143,mid,0.951048951048951,0.951048951048951
2347,216,59,mid,1.0,1.0
2348,536,144,mid,0.9791666666666666,0.9791666666666666
2349,214,60,tail,1.0,1.0
2350,538,143,mid,0.8811188811188811,0.8811188811188811
2351,215,59,tail,0.9661016949152542,0.9661016949152542
2352,216,60,mid,0.8333333333333334,0.8333333333333334
2353,539,144,mid,0.8819444444444444,0.8819444444444444
2354,216,60,mid,0.9833333333333333,0.9833333333333333
2355,542,141,head,0.8014184397163121,0.8014184397163121
2356,537,142,mid,0.9014084507042254,0.9014084507042254
2357,537,140,mid,0.8571428571428571,0.8571428571428571
2358,541,145,head,0.8896551724137931,0.8896551724137931
2359,541,141,head,0.9290780141843972,0.9290780141843972
2360,537,143,mid,0.972027972027972,0.972027972027972
2361,216,59,mid,0.9661016949152542,0.9661016949152542
2362,541,142,head,0.9436619718309859,0.9436619718309859
2363,535,144,mid,0.9722222222222222,0.9722222222222222
2364,537,141,mid,0.8794326241134752,0.8794326241134752
2365,214,60,tail,0.9666666666666667,0.9666666666666667
2366,540,142,head,0.9366197183098591,0.9366197183098591
2367,539,143,mid,0.916083916083916,0.916083916083916
2368,537,142,mid,0.9507042253521126,0.9507042253521126
2369,544,142,head,0.9084507042253521,0.9084507042253521
2370,537,141,mid,0.8297872340425532,0.8297872340425532
2371,542,140,head,0.9642857142857143,0.9642857142857143
2372,538,144,mid,0.9305555555555556,0.9305555555555556
2373,538,141,mid,0.950354609929078,0.950354609929078
2374,215,60,tail,0.9666666666666667,0.9666666666666667
2375,540,143,head,0.8741258741258742,0.8741258741258742
2376,532,143,mid,0.9300699300699301,0.9300699300699301
2377,539,143,mid,0.9790209790209791,0.9790209790209791
2378,540,144,head,0.9513888888888888,0.9513888888888888
2379,526,135,mid,0.9703703703703703,0.9703703703703703
2380,540,142,head,0.823943661971831,0.823943661971831
2381,541,145,head,0.9517241379310345,0.9517241379310345
2382,533,139,mid,0.9496402877697842,0.9496402877697842
2383,216,60,mid,1.0,1.0
2384,542,142,head,0.9647887323943662,0.9647887323943662
2385,216,60,mid,0.9833333333333333,0.9833333333333333
2386,540,141,head,0.9361702127659575,0.9361702127659575
2387,538,143,mid,0.9440559440559441,0.9440559440559441
2388,216,60,mid,1.0,1.0
2389,540,143,head,0.965034965034965,0.965034965034965
2390,216,60,mid,0.95,0.95
2391,542,145,head,0.9862068965517241,0.9862068965517241
2392,540,141,head,0.9787234042553191,0.9787234042553191
2393,539,143,mid,0.8881118881118881,0.8881118881118881
2394,543,142,head,0.9507042253521126,0.9507042253521126
2395,540,140,head,1.0,1.0
2396,540,145,head,0.9517241379310345,0.9517241379310345
2397,216,60,mid,0.9833333333333333,0.9833333333333333
2398,537,141,mid,0.9929078014184397,0.9929078014184397
2399,538,143,mid,0.965034965034965,0.965034965034965
2400,540,144,head,0.9583333333333334,0.9583333333333334
2401,539,141,mid,0.950354609929078,0.950354609929078
2402,213,58,tail,1.0,1.0
2403,535,144,mid,0.9444444444444444,0.9444444444444444
2404,534,144,mid,0.9375,0.9375
2405,211,60,tail,0.95,0.95
2406,216,60,mid,0.9666666666666667,0.9666666666666667
2407,531,141,mid,0.9078014184397163,0.9078014184397163
2408,215,60,tail,1.0,1.0
2409,540,144,head,0.9513888888888888,0.9513888888888888
2410,216,60,mid,0.9833333333333333,0.9833333333333333
2411,214,60,tail,0.9666666666666667,0.9666666666666667
2412,534,143,mid,0.9230769230769231,0.9230769230769231
2413,216,60,mid,0.9833333333333333,0.9833333333333333
2414,216,60,mid,1.0,1.0
2415,540,142,head,0.971830985915493,0.971830985915493
2416,540,143,head,0.916083916083916,0.916083916083916
2417,540,142,head,0.9366197183098591,0.9366197183098591
2418,538,143,mid,0.7062937062937062,0.7062937062937062
2419,540,142,head,0.9788732394366197,0.9788732394366197
2420,539,143,mid,0.9020979020979021,0.9020979020979021
2421,540,142,head,0.9366197183098591,0.9366197183098591
2422,541,144,head,0.9652777777777778,0.9652777777777778
2423,540,144,head,0.7916666666666666,0.7916666666666666
2424,538,144,mid,0.9652777777777778,0.9652777777777778
2425,216,60,mid,0.95,0.95
2426,215,60,tail,0.9833333333333333,0.9833333333333333
2427,216,60,mid,0.9333333333333333,0.9333333333333333
2428,540,142,head,0.9366197183098591,0.9366197183098591
2429,216,60,mid,0.8333333333333334,0.8333333333333334
2430,539,144,mid,0.8541666666666666,0.8541666666666666
2431,539,142,mid,0.9788732394366197,0.9788732394366197
2432,216,59,mid,0.9491525423728814,0.9491525423728814
2433,541,143,head,0.9440559440559441,0.9440559440559441
2434,215,59,tail,1.0,1.0
2435,216,59,mid,0.9491525423728814,0.9491525423728814
2436,542,141,head,0.8652482269503546,0.8652482269503546
2437,216,60,mid,0.9833333333333333,0.9833333333333333
2438,539,143,mid,0.965034965034965,0.965034965034965
2439,216,58,mid,0.9310344827586207,0.9310344827586207
2440,216,60,mid,0.9333333333333333,0.9333333333333333
2441,541,143,head,0.9020979020979021,0.9020979020979021
2442,537,144,mid,0.8888888888888888,0.8888888888888888
2443,539,143,mid,0.972027972027972,0.972027972027972
2444,538,141,mid,0.9645390070921985,0.9645390070921985
2445,541,143,head,0.9020979020979021,0.9020979020979021
2446,216,60,mid,1.0,1.0
2447,315,82,mid,0.9390243902439024,0.9390243902439024
2448,216,60,mid,0.95,0.95
2449,539,142,mid,0.9154929577464789,0.9154929577464789
2450,543,144,head,0.9444444444444444,0.9444444444444444
2451,543,142,head,0.8450704225352113,0.8450704225352113
2452,535,143,mid,0.8461538461538461,0.8461538461538461
2453,539,143,mid,0.8671328671328671,0.8671328671328671
2454,538,144,mid,0.9583333333333334,0.9583333333333334
2455,540,144,head,0.9444444444444444,0.9444444444444444
2456,216,60,mid,0.9666666666666667,0.9666666666666667
2457,214,60,tail,0.9166666666666666,0.9166666666666666
2458,316,83,mid,0.891566265060241,0.891566265060241
2459,216,60,mid,0.9666666666666667,0.9666666666666667
2460,540,143,head,0.9440559440559441,0.9440559440559441
2461,216,59,mid,0.864406779661017,0.864406779661017
2462,542,143,head,0.9370629370629371,0.9370629370629371
2463,216,60,mid,1.0,1.0
2464,538,143,mid,0.9370629370629371,0.9370629370629371
2465,539,143,mid,0.9440559440559441,0.9440559440559441
2466,540,143,head,0.8601398601398601,0.8601398601398601
2467,216,60,mid,0.9666666666666667,0.9666666666666667
2468,535,143,mid,0.8601398601398601,0.8601398601398601
2469,540,143,head,0.9370629370629371,0.9370629370629371
2470,215,60,tail,0.9666666666666667,0.9666666666666667
2471,542,145,head,0.9655172413793104,0.9655172413793104
2472,216,60,mid,0.9666666666666667,0.9666666666666667
2473,216,60,mid,0.9666666666666667,0.9666666666666667
2474,540,142,head,0.9225352112676056,0.9225352112676056
2475,215,60,tail,0.9833333333333333,0.9833333333333333
2476,216,59,mid,0.9661016949152542,0.9661016949152542
2477,216,60,mid,0.9833333333333333,0.9833333333333333
2478,538,142,mid,0.8943661971830986,0.8943661971830986
2479,538,143,mid,0.9370629370629371,0.9370629370629371
2480,543,139,head,0.9712230215827338,0.9712230215827338
2481,539,143,mid,0.951048951048951,0.951048951048951
2482,539,143,mid,0.9370629370629371,0.9370629370629371
2483,540,141,head,0.9432624113475178,0.9432624113475178
2484,216,60,mid,0.7333333333333333,0.7333333333333333
2485,540,143,head,0.8111888111888111,0.8111888111888111
2486,540,144,head,0.9513888888888888,0.9513888888888888
2487,216,60,mid,0.9833333333333333,0.9833333333333333
2488,540,142,head,0.9577464788732394,0.9577464788732394
2489,537,143,mid,0.958041958041958,0.958041958041958
2490,542,145,head,0.9517241379310345,0.9517241379310345
2491,216,60,mid,0.9666666666666667,0.9666666666666667
2492,212,57,tail,0.9824561403508771,0.9824561403508771
2493,539,141,mid,0.9716312056737588,0.9716312056737588
2494,214,60,tail,0.8666666666666667,0.8666666666666667
2495,539,143,mid,0.9370629370629371,0.9370629370629371
2496,537,142,mid,0.7464788732394366,0.7464788732394366
2497,543,142,head,0.9225352112676056,0.9225352112676056
2498,216,59,mid,0.9491525423728814,0.9491525423728814
2499,216,60,mid,0.8333333333333334,0.8333333333333334
2500,216,59,mid,1.0,1.0
2501,536,143,mid,0.9370629370629371,0.9370629370629371
2502,540,143,head,0.972027972027972,0.972027972027972
2503,216,60,mid,1.0,1.0
2504,216,60,mid,1.0,1.0
2505,214,60,tail,0.9166666666666666,0.9166666666666666
2506,537,143,mid,0.9790209790209791,0.9790209790209791
2507,215,60,tail,0.9666666666666667,0.9666666666666667
2508,216,60,mid,0.9833333333333333,0.9833333333333333
2509,538,144,mid,1.0,1.0
2510,210,59,tail,1.0,1.0
2511,216,59,mid,0.9830508474576272,0.9830508474576272
2512,542,145,head,0.7103448275862069,0.7103448275862069
2513,539,143,mid,0.972027972027972,0.972027972027972
2514,535,142,mid,0.9788732394366197,0.9788732394366197
2515,542,142,head,0.9577464788732394,0.9577464788732394
2516,216,60,mid,1.0,1.0
2517,541,143,head,0.8881118881118881,0.8881118881118881
2518,538,142,mid,0.9647887323943662,0.9647887323943662
2519,541,142,head,0.9436619718309859,0.9436619718309859
2520,539,143,mid,0.9440559440559441,0.9440559440559441
2521,538,144,mid,0.9583333333333334,0.9583333333333334
2522,544,144,head,0.8888888888888888,0.8888888888888888
2523,543,143,head,0.958041958041958,0.958041958041958
2524,216,60,mid,0.9166666666666666,0.9166666666666666
2525,536,144,mid,0.8819444444444444,0.8819444444444444
2526,541,142,head,0.971830985915493,0.971830985915493
2527,216,59,mid,0.8813559322033898,0.8813559322033898
2528,537,142,mid,0.9577464788732394,0.9577464788732394
2529,216,61,mid,0.9344262295081968,0.9344262295081968
2530,538,142,mid,0.9225352112676056,0.9225352112676056
2531,540,143,head,0.986013986013986,0.986013986013986
2532,542,143,head,0.9790209790209791,0.9790209790209791
2533,539,144,mid,0.9930555555555556,0.9930555555555556
2534,315,84,mid,0.9285714285714286,0.9285714285714286
2535,539,144,mid,0.8888888888888888,0.8888888888888888
2536,540,142,head,0.7816901408450704,0.7816901408450704
2537,533,144,mid,0.8472222222222222,0.8472222222222222
2538,544,143,head,0.951048951048951,0.951048951048951
2539,540,144,head,0.8888888888888888,0.8888888888888888
2540,538,142,mid,0.9295774647887324,0.9295774647887324
2541,540,144,head,0.9375,0.9375
2542,540,144,head,0.9166666666666666,0.9166666666666666
2543,540,141,head,0.9361702127659575,0.9361702127659575
2544,540,143,head,0.9300699300699301,0.9300699300699301
2545,537,143,mid,0.916083916083916,0.916083916083916
2546,536,145,mid,0.9172413793103448,0.9172413793103448
2547,542,143,head,0.9090909090909091,0.9090909090909091
2548,540,144,head,0.9236111111111112,0.9236111111111112
2549,540,142,head,0.8661971830985915,0.8661971830985915
2550,315,83,mid,0.9156626506024096,0.9156626506024096
2551,536,143,mid,0.9300699300699301,0.9300699300699301
2552,216,59,mid,0.9491525423728814,0.9491525423728814
2553,539,143,mid,0.972027972027972,0.972027972027972
2554,540,144,head,0.8611111111111112,0.8611111111111112
2555,541,142,head,0.9295774647887324,0.9295774647887324
2556,539,141,mid,0.9645390070921985,0.9645390070921985
2557,216,60,mid,0.9333333333333333,0.9333333333333333
2558,538,144,mid,0.9652777777777778,0.9652777777777778
2559,540,142,head,0.9225352112676056,0.9225352112676056
2560,216,60,mid,0.95,0.95
2561,538,143,mid,0.8461538461538461,0.8461538461538461
2562,540,139,head,0.8776978417266187,0.8776978417266187
2563,540,142,head,0.9507042253521126,0.9507042253521126
2564,539,143,mid,0.7692307692307693,0.7692307692307693
2565,215,60,tail,0.9333333333333333,0.9333333333333333
2566,540,142,head,0.8943661971830986,0.8943661971830986
2567,216,60,mid,0.9833333333333333,0.9833333333333333
2568,216,60,mid,0.9666666666666667,0.9666666666666667
2569,537,142,mid,0.8873239436619719,0.8873239436619719
2570,541,142,head,0.9154929577464789,0.9154929577464789
2571,539,142,mid,0.9436619718309859,0.9436619718309859
2572,216,59,mid,0.9661016949152542,0.9661016949152542
2573,210,58,tail,0.8620689655172413,0.8620689655172413
2574,216,60,mid,0.9,0.9
2575,216,60,mid,0.95,0.95
2576,215,59,tail,0.9152542372881356,0.9152542372881356
2577,216,59,mid,0.9491525423728814,0.9491525423728814
2578,539,143,mid,0.951048951048951,0.951048951048951
2579,541,142,head,0.8098591549295775,0.8098591549295775
2580,537,141,mid,0.8439716312056738,0.8439716312056738
2581,540,142,head,0.7746478873239436,0.7746478873239436
2582,216,60,mid,0.95,0.95
2583,541,143,head,0.8601398601398601,0.8601398601398601
2584,215,59,tail,0.8813559322033898,0.8813559322033898
2585,539,143,mid,0.8741258741258742,0.8741258741258742
2586,540,144,head,0.9444444444444444,0.9444444444444444
2587,539,143,mid,0.9020979020979021,0.9020979020979021
2588,216,60,mid,0.9833333333333333,0.9833333333333333
2589,536,144,mid,0.8888888888888888,0.8888888888888888
2590,540,140,head,0.9214285714285714,0.9214285714285714
2591,542,144,head,0.8819444444444444,0.8819444444444444
2592,216,60,mid,0.9833333333333333,0.9833333333333333
2593,539,143,mid,0.8881118881118881,0.8881118881118881
2594,542,144,head,1.0,1.0
2595,216,60,mid,0.9666666666666667,0.9666666666666667
2596,216,59,mid,0.9661016949152542,0.9661016949152542
2597,216,60,mid,0.9666666666666667,0.9666666666666667
2598,539,144,mid,0.9166666666666666,0.9166666666666666
2599,540,141,head,0.950354609929078,0.950354609929078
2600,216,60,mid,0.9833333333333333,0.9833333333333333
2601,535,144,mid,0.8888888888888888,0.8888888888888888
2602,216,60,mid,0.9333333333333333,0.9333333333333333
2603,216,60,mid,0.9333333333333333,0.9333333333333333
2604,216,60,mid,0.9666666666666667,0.9666666666666667
2605,536,142,mid,0.9577464788732394,0.9577464788732394
2606,538,143,mid,0.965034965034965,0.965034965034965
2607,216,60,mid,0.8,0.8
2608,216,60,mid,0.95,0.95
2609,216,60,mid,0.9833333333333333,0.9833333333333333
2610,542,142,head,0.9154929577464789,0.9154929577464789
2611,216,60,mid,0.9,0.9
2612,540,142,head,0.7816901408450704,0.7816901408450704
2613,538,144,mid,0.9444444444444444,0.9444444444444444
2614,540,142,head,0.9577464788732394,0.9577464788732394
2615,539,144,mid,0.9097222222222222,0.9097222222222222
2616,538,144,mid,0.8888888888888888,0.8888888888888888
2617,540,144,head,0.9861111111111112,0.9861111111111112
2618,216,60,mid,0.9833333333333333,0.9833333333333333
2619,216,60,mid,0.95,0.95
2620,216,60,mid,0.9333333333333333,0.9333333333333333
2621,541,142,head,0.9295774647887324,0.9295774647887324
2622,216,60,mid,0.9666666666666667,0.9666666666666667
2623,440,119,mid,0.957983193277311,0.957983193277311
2624,533,143,mid,0.8741258741258742,0.8741258741258742
2625,215,60,tail,0.9833333333333333,0.9833333333333333
2626,543,143,head,0.8811188811188811,0.8811188811188811
2627,216,60,mid,1.0,1.0
2628,536,142,mid,0.8943661971830986,0.8943661971830986
2629,538,144,mid,0.9236111111111112,0.9236111111111112
2630,216,59,mid,0.8983050847457628,0.8983050847457628
2631,542,144,head,0.8194444444444444,0.8194444444444444
2632,538,143,mid,0.9370629370629371,0.9370629370629371
2633,539,142,mid,0.9507042253521126,0.9507042253521126
2634,216,59,mid,0.9322033898305084,0.9322033898305084
2635,537,144,mid,0.9513888888888888,0.9513888888888888
2636,216,60,mid,0.9833333333333333,0.9833333333333333
2637,541,144,head,0.9791666666666666,0.9791666666666666
2638,543,140,head,0.9,0.9
2639,540,145,head,0.9379310344827586,0.9379310344827586
2640,216,60,mid,0.95,0.95
2641,216,60,mid,0.9833333333333333,0.9833333333333333
2642,535,141,mid,0.8368794326241135,0.8368794326241135
2643,216,60,mid,0.9833333333333333,0.9833333333333333
2644,216,59,mid,0.9322033898305084,0.9322033898305084
2645,536,143,mid,0.8811188811188811,0.8811188811188811
2646,536,143,mid,0.9790209790209791,0.9790209790209791
2647,216,60,mid,0.9,0.9
2648,539,142,mid,0.852112676056338,0.852112676056338
2649,539,142,mid,0.9436619718309859,0.9436619718309859
2650,539,142,mid,0.823943661971831,0.823943661971831
2651,216,60,mid,0.8833333333333333,0.8833333333333333
2652,215,60,tail,0.9333333333333333,0.9333333333333333
2653,539,143,mid,0.8951048951048951,0.8951048951048951
2654,216,59,mid,0.9830508474576272,0.9830508474576272
2655,540,142,head,0.9154929577464789,0.9154929577464789
2656,216,60,mid,0.95,0.95
2657,213,60,tail,0.95,0.95
2658,527,136,mid,0.8529411764705882,0.8529411764705882
2659,540,143,head,0.9440559440559441,0.9440559440559441
2660,541,142,head,0.9014084507042254,0.9014084507042254
2661,542,142,head,0.9084507042253521,0.9084507042253521
2662,540,142,head,0.9366197183098591,0.9366197183098591
2663,216,60,mid,1.0,1.0
2664,216,60,mid,0.9833333333333333,0.9833333333333333
2665,216,60,mid,0.9666666666666667,0.9666666666666667
2666,540,142,head,0.8661971830985915,0.8661971830985915
2667,536,142,mid,0.9084507042253521,0.9084507042253521
2668,216,60,mid,0.9666666666666667,0.9666666666666667
2669,540,142,head,0.9295774647887324,0.9295774647887324
2670,539,142,mid,0.9295774647887324,0.9295774647887324
2671,540,141,head,0.900709219858156,0.900709219858156
2672,216,59,mid,0.9491525423728814,0.9491525423728814
2673,216,60,mid,0.9833333333333333,0.9833333333333333
2674,540,143,head,0.9230769230769231,0.9230769230769231
2675,216,60,mid,0.9666666666666667,0.9666666666666667
2676,540,143,head,0.8951048951048951,0.8951048951048951
2677,536,144,mid,0.9513888888888888,0.9513888888888888
2678,535,142,mid,0.8732394366197183,0.8732394366197183
2679,540,141,head,0.8865248226950354,0.8865248226950354
2680,216,60,mid,0.9666666666666667,0.9666666666666667
2681,216,59,mid,0.9661016949152542,0.9661016949152542
2682,214,60,tail,0.95,0.95
2683,216,60,mid,0.9833333333333333,0.9833333333333333
2684,541,142,head,0.9084507042253521,0.9084507042253521
2685,215,60,tail,0.9666666666666667,0.9666666666666667
2686,540,142,head,0.9084507042253521,0.9084507042253521
2687,315,84,mid,0.8928571428571429,0.8928571428571429
2688,216,60,mid,0.9833333333333333,0.9833333333333333
2689,534,143,mid,0.9370629370629371,0.9370629370629371
2690,540,143,head,0.9440559440559441,0.9440559440559441
2691,216,60,mid,0.9666666666666667,0.9666666666666667
2692,216,60,mid,0.9833333333333333,0.9833333333333333
2693,540,141,head,0.8439716312056738,0.8439716312056738
2694,216,60,mid,0.9666666666666667,0.9666666666666667
2695,532,143,mid,0.9090909090909091,0.9090909090909091
2696,216,59,mid,0.9491525423728814,0.9491525423728814
2697,763,202,head,0.9207920792079208,0.9207920792079208
2698,541,141,head,0.9219858156028369,0.9219858156028369
2699,216,60,mid,0.9,0.9
2700,216,60,mid,0.8833333333333333,0.8833333333333333
2701,540,141,head,0.9716312056737588,0.9716312056737588
2702,538,143,mid,0.9300699300699301,0.9300699300699301
2703,537,144,mid,0.9444444444444444,0.9444444444444444
2704,540,142,head,0.9366197183098591,0.9366197183098591
2705,540,143,head,0.986013986013986,0.986013986013986
2706,537,142,mid,0.9577464788732394,0.9577464788732394
2707,536,141,mid,0.9574468085106383,0.9574468085106383
2708,539,143,mid,0.951048951048951,0.951048951048951
2709,539,144,mid,0.9513888888888888,0.9513888888888888
2710,216,60,mid,0.9666666666666667,0.9666666666666667
2711,215,60,tail,0.95,0.95
2712,216,59,mid,0.9491525423728814,0.9491525423728814
2713,536,143,mid,0.8811188811188811,0.8811188811188811
2714,215,59,tail,0.9322033898305084,0.9322033898305084
2715,216,60,mid,0.9666666666666667,0.9666666666666667
2716,535,143,mid,0.965034965034965,0.965034965034965
2717,538,144,mid,0.9583333333333334,0.9583333333333334
2718,539,141,mid,0.950354609929078,0.950354609929078
2719,540,142,head,0.9366197183098591,0.9366197183098591
2720,540,144,head,0.9027777777777778,0.9027777777777778
2721,539,142,mid,0.9647887323943662,0.9647887323943662
2722,539,144,mid,0.9583333333333334,0.9583333333333334
2723,534,142,mid,0.9577464788732394,0.9577464788732394
2724,215,60,tail,1.0,1.0
2725,216,60,mid,0.9666666666666667,0.9666666666666667
2726,216,60,mid,0.9833333333333333,0.9833333333333333
2727,539,144,mid,0.9791666666666666,0.9791666666666666
2728,216,60,mid,0.95,0.95
2729,538,143,mid,0.9090909090909091,0.9090909090909091
2730,539,143,mid,0.9230769230769231,0.9230769230769231
2731,216,59,mid,1.0,1.0
2732,541,140,head,0.9428571428571428,0.9428571428571428
2733,216,60,mid,0.9833333333333333,0.9833333333333333
2734,216,60,mid,1.0,1.0
2735,216,60,mid,0.9666666666666667,0.9666666666666667
2736,541,143,head,0.9370629370629371,0.9370629370629371
2737,216,60,mid,0.85,0.85
2738,538,145,mid,0.9103448275862069,0.9103448275862069
2739,540,143,head,0.8601398601398601,0.8601398601398601
2740,216,60,mid,0.95,0.95
2741,216,60,mid,0.9166666666666666,0.9166666666666666
2742,539,143,mid,0.9790209790209791,0.9790209790209791
2743,216,60,mid,0.9666666666666667,0.9666666666666667
2744,216,60,mid,0.9833333333333333,0.9833333333333333
2745,216,60,mid,1.0,1.0
2746,537,142,mid,0.971830985915493,0.971830985915493
2747,540,144,head,0.9097222222222222,0.9097222222222222
2748,216,60,mid,0.9833333333333333,0.9833333333333333
2749,216,60,mid,0.9833333333333333,0.9833333333333333
2750,540,141,head,0.9078014184397163,0.9078014184397163
2751,541,142,head,0.9225352112676056,0.9225352112676056
2752,216,60,mid,0.9666666666666667,0.9666666666666667
2753,539,144,mid,0.9444444444444444,0.9444444444444444
2754,216,60,mid,0.9666666666666667,0.9666666666666667
2755,542,143,head,0.972027972027972,0.972027972027972
2756,216,60,mid,1.0,1.0
2757,538,142,mid,0.9084507042253521,0.9084507042253521
2758,216,60,mid,0.9666666666666667,0.9666666666666667
2759,317,84,mid,0.9166666666666666,0.9166666666666666
2760,216,60,mid,0.9333333333333333,0.9333333333333333
2761,216,60,mid,0.9833333333333333,0.9833333333333333
2762,216,60,mid,0.95,0.95
2763,216,60,mid,0.9666666666666667,0.9666666666666667
2764,216,60,mid,0.9333333333333333,0.9333333333333333
2765,540,144,head,0.9375,0.9375
2766,216,59,mid,0.9661016949152542,0.9661016949152542
2767,215,60,tail,1.0,1.0
2768,535,143,mid,0.9300699300699301,0.9300699300699301
2769,216,60,mid,0.9666666666666667,0.9666666666666667
2770,544,141,head,0.9645390070921985,0.9645390070921985
2771,317,84,mid,0.9047619047619048,0.9047619047619048
2772,541,144,head,0.9097222222222222,0.9097222222222222
2773,216,60,mid,0.9166666666666666,0.9166666666666666
2774,216,60,mid,0.9166666666666666,0.9166666666666666
2775,214,60,tail,0.9833333333333333,0.9833333333333333
2776,216,60,mid,0.9666666666666667,0.9666666666666667
2777,538,143,mid,0.965034965034965,0.965034965034965
2778,316,83,mid,0.9156626506024096,0.9156626506024096
2779,216,60,mid,0.9666666666666667,0.9666666666666667
2780,317,83,mid,0.7349397590361446,0.7349397590361446
2781,542,138,head,0.9130434782608695,0.9130434782608695
2782,216,60,mid,1.0,1.0
2783,535,144,mid,0.9583333333333334,0.9583333333333334
2784,207,56,tail,0.9464285714285714,0.9464285714285714
2785,216,60,mid,0.9833333333333333,0.9833333333333333
2786,216,60,mid,0.9833333333333333,0.9833333333333333
2787,537,143,mid,0.965034965034965,0.965034965034965
2788,538,144,mid,0.9166666666666666,0.9166666666666666
2789,216,60,mid,1.0,1.0
2790,216,60,mid,0.9666666666666667,0.9666666666666667
2791,216,60,mid,0.9333333333333333,0.9333333333333333
2792,216,60,mid,1.0,1.0
2793,216,60,mid,0.9833333333333333,0.9833333333333333
2794,538,143,mid,0.958041958041958,0.958041958041958
2795,216,60,mid,0.9833333333333333,0.9833333333333333
2796,215,60,tail,0.9833333333333333,0.9833333333333333
2797,536,141,mid,0.9858156028368794,0.9858156028368794
2798,216,60,mid,0.9666666666666667,0.9666666666666667
2799,216,59,mid,0.9830508474576272,0.9830508474576272
2800,215,60,tail,0.9833333333333333,0.9833333333333333
2801,216,60,mid,1.0,1.0
2802,215,60,tail,1.0,1.0
2803,538,142,mid,0.9225352112676056,0.9225352112676056
2804,216,60,mid,0.9833333333333333,0.9833333333333333
2805,540,141,head,0.9858156028368794,0.9858156028368794
2806,216,60,mid,0.9833333333333333,0.9833333333333333
2807,216,60,mid,1.0,1.0
2808,540,145,head,0.9517241379310345,0.9517241379310345
2809,537,144,mid,0.8680555555555556,0.8680555555555556
2810,216,60,mid,0.95,0.95
2811,536,140,mid,0.9357142857142857,0.9357142857142857
2812,216,60,mid,0.9666666666666667,0.9666666666666667
2813,544,143,head,0.9440559440559441,0.9440559440559441
2814,213,59,tail,0.9491525423728814,0.9491525423728814
2815,216,60,mid,0.9666666666666667,0.9666666666666667
2816,215,59,tail,0.9830508474576272,0.9830508474576272
2817,316,84,mid,0.8809523809523809,0.8809523809523809
2818,535,144,mid,0.9444444444444444,0.9444444444444444
2819,216,59,mid,0.9830508474576272,0.9830508474576272
2820,317,84,mid,0.9047619047619048,0.9047619047619048
2821,542,141,head,0.9716312056737588,0.9716312056737588
2822,216,59,mid,0.9322033898305084,0.9322033898305084
2823,538,144,mid,0.8819444444444444,0.8819444444444444
2824,216,60,mid,1.0,1.0
2825,215,60,tail,0.9333333333333333,0.9333333333333333
2826,541,142,head,0.9859154929577465,0.9859154929577465
2827,216,60,mid,0.9833333333333333,0.9833333333333333
2828,214,59,tail,0.9830508474576272,0.9830508474576272
2829,537,142,mid,0.9366197183098591,0.9366197183098591
2830,540,142,head,0.9929577464788732,0.9929577464788732
2831,216,60,mid,0.9,0.9
2832,316,84,mid,0.9523809523809523,0.9523809523809523
2833,216,59,mid,0.8983050847457628,0.8983050847457628
2834,215,60,tail,0.95,0.95
2835,216,59,mid,0.9491525423728814,0.9491525423728814
2836,313,83,mid,0.891566265060241,0.891566265060241
2837,216,60,mid,0.9166666666666666,0.9166666666666666
2838,538,144,mid,0.9861111111111112,0.9861111111111112
2839,213,59,tail,0.9830508474576272,0.9830508474576272
2840,540,144,head,0.9444444444444444,0.9444444444444444
2841,544,141,head,0.9645390070921985,0.9645390070921985
2842,539,142,mid,0.9295774647887324,0.9295774647887324
2843,536,140,mid,0.9142857142857143,0.9142857142857143
2844,215,59,tail,0.9152542372881356,0.9152542372881356
2845,539,144,mid,0.9652777777777778,0.9652777777777778
2846,541,142,head,0.9647887323943662,0.9647887323943662
2847,216,60,mid,1.0,1.0
2848,216,60,mid,1.0,1.0
2849,216,60,mid,1.0,1.0
2850,537,144,mid,0.9791666666666666,0.9791666666666666
2851,540,144,head,0.9236111111111112,0.9236111111111112
2852,215,60,tail,1.0,1.0
2853,216,60,mid,0.9833333333333333,0.9833333333333333
2854,539,144,mid,0.9652777777777778,0.9652777777777778
2855,533,144,mid,0.9861111111111112,0.9861111111111112
2856,539,142,mid,0.9507042253521126,0.9507042253521126
2857,216,60,mid,1.0,1.0
2858,540,142,head,0.9507042253521126,0.9507042253521126
2859,541,146,head,0.9383561643835616,0.9383561643835616
2860,542,141,head,0.9148936170212766,0.9148936170212766
2861,542,141,head,0.9290780141843972,0.9290780141843972
2862,540,142,head,0.9788732394366197,0.9788732394366197
2863,539,143,mid,0.9300699300699301,0.9300699300699301
2864,537,142,mid,0.971830985915493,0.971830985915493
2865,540,141,head,0.9574468085106383,0.9574468085106383
2866,536,143,mid,0.951048951048951,0.951048951048951
2867,538,141,mid,0.9361702127659575,0.9361702127659575
2868,212,60,tail,0.95,0.95
2869,216,60,mid,0.9666666666666667,0.9666666666666667
2870,540,144,head,0.9583333333333334,0.9583333333333334
2871,214,60,tail,0.9333333333333333,0.9333333333333333
2872,539,142,mid,0.9507042253521126,0.9507042253521126
2873,216,58,mid,1.0,1.0
2874,538,143,mid,0.965034965034965,0.965034965034965
2875,537,144,mid,0.9444444444444444,0.9444444444444444
2876,542,140,head,0.9642857142857143,0.9642857142857143
2877,216,60,mid,0.9833333333333333,0.9833333333333333
2878,216,60,mid,0.9833333333333333,0.9833333333333333
2879,216,60,mid,0.9333333333333333,0.9333333333333333
2880,541,145,head,0.9793103448275862,0.9793103448275862
2881,215,60,tail,0.9833333333333333,0.9833333333333333
2882,216,60,mid,1.0,1.0
2883,216,60,mid,0.9833333333333333,0.9833333333333333
2884,216,60,mid,0.9833333333333333,0.9833333333333333
2885,214,60,tail,1.0,1.0
2886,216,60,mid,1.0,1.0
2887,536,142,mid,0.9647887323943662,0.9647887323943662
2888,540,142,head,0.8943661971830986,0.8943661971830986
2889,541,142,head,0.9788732394366197,0.9788732394366197
2890,540,141,head,0.9787234042553191,0.9787234042553191
2891,537,142,mid,0.9859154929577465,0.9859154929577465
2892,216,60,mid,0.95,0.95
2893,541,143,head,0.972027972027972,0.972027972027972
2894,539,141,mid,0.9290780141843972,0.9290780141843972
2895,537,143,mid,0.9300699300699301,0.9300699300699301
2896,535,144,mid,0.9375,0.9375
2897,216,59,mid,0.9491525423728814,0.9491525423728814
2898,540,142,head,0.9507042253521126,0.9507042253521126
2899,216,60,mid,1.0,1.0
2900,544,143,head,0.8461538461538461,0.8461538461538461
2901,543,142,head,0.9507042253521126,0.9507042253521126
2902,542,140,head,0.9785714285714285,0.9785714285714285
2903,535,144,mid,0.9166666666666666,0.9166666666666666
2904,542,143,head,0.972027972027972,0.972027972027972
2905,539,144,mid,0.9652777777777778,0.9652777777777778
2906,541,142,head,0.9788732394366197,0.9788732394366197
2907,216,60,mid,0.9833333333333333,0.9833333333333333
2908,531,135,mid,0.8148148148148148,0.8148148148148148
2909,537,143,mid,0.972027972027972,0.972027972027972
2910,216,60,mid,0.9833333333333333,0.9833333333333333
2911,216,60,mid,1.0,1.0
2912,216,60,mid,0.9833333333333333,0.9833333333333333
2913,215,60,tail,0.9833333333333333,0.9833333333333333
2914,216,60,mid,1.0,1.0
2915,216,60,mid,0.9833333333333333,0.9833333333333333
2916,216,60,mid,1.0,1.0
2917,216,60,mid,1.0,1.0
2918,539,144,mid,0.9097222222222222,0.9097222222222222
2919,216,60,mid,0.9666666666666667,0.9666666666666667
2920,539,142,mid,0.9366197183098591,0.9366197183098591
2921,537,143,mid,0.8531468531468531,0.8531468531468531
2922,540,144,head,0.9513888888888888,0.9513888888888888
2923,216,60,mid,1.0,1.0
2924,538,143,mid,0.916083916083916,0.916083916083916
2925,216,60,mid,0.9666666666666667,0.9666666666666667
2926,217,61,mid,0.9508196721311475,0.9508196721311475
2927,214,59,tail,0.9491525423728814,0.9491525423728814
2928,541,142,head,0.9225352112676056,0.9225352112676056
2929,540,140,head,0.9571428571428572,0.9571428571428572
2930,214,59,tail,0.9491525423728814,0.9491525423728814
2931,540,144,head,0.9097222222222222,0.9097222222222222
2932,216,59,mid,0.9830508474576272,0.9830508474576272
2933,540,140,head,0.8857142857142857,0.8857142857142857
2934,541,142,head,0.9436619718309859,0.9436619718309859
2935,540,142,head,0.823943661971831,0.823943661971831
2936,214,60,tail,0.9333333333333333,0.9333333333333333
2937,215,59,tail,0.9491525423728814,0.9491525423728814
2938,540,141,head,0.900709219858156,0.900709219858156
2939,536,142,mid,0.8732394366197183,0.8732394366197183
2940,537,144,mid,0.9444444444444444,0.9444444444444444
2941,215,59,tail,0.9661016949152542,0.9661016949152542
2942,538,143,mid,0.9370629370629371,0.9370629370629371
2943,216,60,mid,0.9166666666666666,0.9166666666666666
2944,542,142,head,0.9577464788732394,0.9577464788732394
2945,216,59,mid,0.7457627118644068,0.7457627118644068
2946,540,142,head,0.8098591549295775,0.8098591549295775
2947,540,144,head,0.8541666666666666,0.8541666666666666
2948,540,144,head,0.9444444444444444,0.9444444444444444
2949,211,59,tail,0.6271186440677966,0.6271186440677966
2950,539,142,mid,0.8873239436619719,0.8873239436619719
2951,213,59,tail,0.8983050847457628,0.8983050847457628
2952,540,140,head,0.9214285714285714,0.9214285714285714
2953,216,60,mid,0.9833333333333333,0.9833333333333333
2954,539,144,mid,0.9722222222222222,0.9722222222222222
2955,215,60,tail,0.9333333333333333,0.9333333333333333
2956,537,144,mid,0.7569444444444444,0.7569444444444444
2957,539,140,mid,0.8142857142857143,0.8142857142857143
2958,537,143,mid,0.8881118881118881,0.8881118881118881
2959,216,60,mid,1.0,1.0
2960,538,144,mid,0.8680555555555556,0.8680555555555556
2961,542,142,head,0.9225352112676056,0.9225352112676056
2962,537,143,mid,0.8041958041958042,0.8041958041958042
2963,541,143,head,0.965034965034965,0.965034965034965
2964,539,143,mid,0.9370629370629371,0.9370629370629371
2965,537,142,mid,0.9366197183098591,0.9366197183098591
2966,216,59,mid,0.7457627118644068,0.7457627118644068
2967,214,59,tail,0.7457627118644068,0.7457627118644068
2968,538,143,mid,0.8951048951048951,0.8951048951048951
2969,216,60,mid,0.9333333333333333,0.9333333333333333
2970,538,141,mid,0.9716312056737588,0.9716312056737588
2971,538,141,mid,0.8156028368794326,0.8156028368794326
2972,213,59,tail,0.9830508474576272,0.9830508474576272
2973,215,60,tail,0.95,0.95
2974,538,143,mid,0.951048951048951,0.951048951048951
2975,539,144,mid,0.8819444444444444,0.8819444444444444
2976,541,142,head,0.971830985915493,0.971830985915493
2977,520,141,mid,0.8723404255319149,0.8723404255319149
2978,540,144,head,0.9305555555555556,0.9305555555555556
2979,539,144,mid,0.9444444444444444,0.9444444444444444
2980,216,60,mid,0.9833333333333333,0.9833333333333333
2981,216,60,mid,0.95,0.95
2982,216,60,mid,0.9,0.9
2983,532,138,mid,0.8985507246376812,0.8985507246376812
2984,542,140,head,0.9,0.9
2985,216,60,mid,1.0,1.0
2986,540,144,head,0.9791666666666666,0.9791666666666666
2987,316,83,mid,0.4578313253012048,0.4578313253012048
2988,216,60,mid,0.9666666666666667,0.9666666666666667
2989,215,59,tail,1.0,1.0
2990,216,60,mid,0.9166666666666666,0.9166666666666666
2991,540,144,head,0.9652777777777778,0.9652777777777778
2992,216,60,mid,0.9666666666666667,0.9666666666666667
2993,533,144,mid,0.9375,0.9375
2994,540,140,head,0.9142857142857143,0.9142857142857143
2995,537,144,mid,0.7986111111111112,0.7986111111111112
2996,215,60,tail,0.9666666666666667,0.9666666666666667
2997,538,142,mid,0.795774647887324,0.795774647887324
2998,539,142,mid,0.9577464788732394,0.9577464788732394
2999,536,143,mid,0.8461538461538461,0.8461538461538461
3000,541,141,head,0.8794326241134752,0.8794326241134752
3001,216,60,mid,0.95,0.95
3002,212,58,tail,0.9827586206896551,0.9827586206896551
3003,541,143,head,0.8811188811188811,0.8811188811188811
3004,537,144,mid,0.8819444444444444,0.8819444444444444
3005,216,60,mid,0.95,0.95
3006,538,143,mid,0.8391608391608392,0.8391608391608392
3007,216,60,mid,0.95,0.95
3008,216,60,mid,0.9833333333333333,0.9833333333333333
3009,540,141,head,0.7304964539007093,0.7304964539007093
3010,539,142,mid,0.971830985915493,0.971830985915493
3011,541,143,head,0.9300699300699301,0.9300699300699301
3012,539,143,mid,0.7902097902097902,0.7902097902097902
3013,541,144,head,0.7986111111111112,0.7986111111111112
3014,541,142,head,0.7676056338028169,0.7676056338028169
3015,542,145,head,0.903448275862069,0.903448275862069
3016,540,142,head,0.8732394366197183,0.8732394366197183
3017,216,60,mid,0.9333333333333333,0.9333333333333333
3018,540,141,head,0.8865248226950354,0.8865248226950354
3019,538,143,mid,0.8391608391608392,0.8391608391608392
3020,539,143,mid,0.9440559440559441,0.9440559440559441
3021,540,142,head,0.7323943661971831,0.7323943661971831
3022,538,142,mid,0.9154929577464789,0.9154929577464789
3023,216,60,mid,1.0,1.0
3024,213,59,tail,0.9661016949152542,0.9661016949152542
3025,216,60,mid,0.9833333333333333,0.9833333333333333
3026,540,141,head,0.8936170212765957,0.8936170212765957
3027,216,60,mid,1.0,1.0
3028,215,60,tail,0.9666666666666667,0.9666666666666667
3029,215,60,tail,0.9333333333333333,0.9333333333333333
3030,540,141,head,0.900709219858156,0.900709219858156
3031,216,60,mid,0.9333333333333333,0.9333333333333333
3032,537,143,mid,0.958041958041958,0.958041958041958
3033,215,60,tail,0.9666666666666667,0.9666666666666667
3034,538,143,mid,0.8881118881118881,0.8881118881118881
3035,542,143,head,0.8041958041958042,0.8041958041958042
3036,538,143,mid,0.9440559440559441,0.9440559440559441
3037,536,144,mid,0.9097222222222222,0.9097222222222222
3038,540,143,head,0.916083916083916,0.916083916083916
3039,538,142,mid,0.6619718309859155,0.6619718309859155
3040,214,58,tail,0.9310344827586207,0.9310344827586207
3041,215,60,tail,0.9333333333333333,0.9333333333333333
3042,216,60,mid,0.9666666666666667,0.9666666666666667
3043,536,142,mid,0.9295774647887324,0.9295774647887324
3044,216,60,mid,0.95,0.95
3045,541,140,head,0.9428571428571428,0.9428571428571428
3046,541,143,head,0.951048951048951,0.951048951048951
3047,216,60,mid,1.0,1.0
3048,215,60,tail,1.0,1.0
3049,216,59,mid,0.9661016949152542,0.9661016949152542
3050,215,59,tail,0.9322033898305084,0.9322033898305084
3051,535,142,mid,0.9295774647887324,0.9295774647887324
3052,537,144,mid,0.9513888888888888,0.9513888888888888
3053,540,143,head,0.7832167832167832,0.7832167832167832
3054,215,60,tail,0.9666666666666667,0.9666666666666667
3055,540,142,head,0.6619718309859155,0.6619718309859155
3056,216,60,mid,0.8833333333333333,0.8833333333333333
3057,216,60,mid,0.95,0.95
3058,541,144,head,0.8819444444444444,0.8819444444444444
3059,215,60,tail,0.8,0.8
3060,216,60,mid,0.9166666666666666,0.9166666666666666
3061,216,60,mid,1.0,1.0
3062,536,143,mid,0.8111888111888111,0.8111888111888111
3063,541,144,head,0.6458333333333334,0.6458333333333334
3064,216,60,mid,0.95,0.95
3065,215,60,tail,0.9166666666666666,0.9166666666666666
3066,538,143,mid,0.8461538461538461,0.8461538461538461
3067,537,142,mid,0.8661971830985915,0.8661971830985915
3068,214,60,tail,0.7666666666666667,0.7666666666666667
3069,536,144,mid,0.9583333333333334,0.9583333333333334
3070,215,60,tail,1.0,1.0
3071,216,59,mid,0.9322033898305084,0.9322033898305084
3072,541,142,head,0.9154929577464789,0.9154929577464789
3073,216,60,mid,0.9833333333333333,0.9833333333333333
3074,216,60,mid,0.9833333333333333,0.9833333333333333
3075,540,142,head,0.971830985915493,0.971830985915493
3076,540,142,head,0.9859154929577465,0.9859154929577465
3077,216,60,mid,0.9666666666666667,0.9666666666666667
3078,216,60,mid,0.9666666666666667,0.9666666666666667
3079,216,60,mid,0.8666666666666667,0.8666666666666667
3080,216,60,mid,0.9833333333333333,0.9833333333333333
3081,216,60,mid,0.9166666666666666,0.9166666666666666
3082,538,143,mid,0.8251748251748252,0.8251748251748252
3083,538,143,mid,0.7482517482517482,0.7482517482517482
3084,535,144,mid,0.8333333333333334,0.8333333333333334
3085,534,142,mid,0.9577464788732394,0.9577464788732394
3086,539,143,mid,0.958041958041958,0.958041958041958
3087,216,60,mid,0.95,0.95
3088,537,144,mid,0.9375,0.9375
3089,537,142,mid,0.9507042253521126,0.9507042253521126
3090,539,142,mid,0.9436619718309859,0.9436619718309859
3091,216,60,mid,0.9666666666666667,0.9666666666666667
3092,216,60,mid,0.9833333333333333,0.9833333333333333
3093,540,144,head,0.9583333333333334,0.9583333333333334
3094,542,142,head,0.9436619718309859,0.9436619718309859
3095,216,60,mid,0.9666666666666667,0.9666666666666667
3096,541,143,head,0.958041958041958,0.958041958041958
3097,215,60,tail,0.9666666666666667,0.9666666666666667
3098,215,60,tail,0.9333333333333333,0.9333333333333333
3099,539,142,mid,0.7253521126760564,0.7253521126760564
3100,216,60,mid,1.0,1.0
3101,540,143,head,0.958041958041958,0.958041958041958
3102,214,60,tail,0.9833333333333333,0.9833333333333333
3103,216,60,mid,0.9833333333333333,0.9833333333333333
3104,527,145,mid,0.7172413793103448,0.7172413793103448
3105,537,143,mid,0.9300699300699301,0.9300699300699301
3106,216,60,mid,0.95,0.95
3107,216,61,mid,0.9508196721311475,0.9508196721311475
3108,216,60,mid,0.95,0.95
3109,216,60,mid,0.9666666666666667,0.9666666666666667
3110,216,61,mid,0.9180327868852459,0.9180327868852459
3111,216,59,mid,0.9830508474576272,0.9830508474576272
3112,540,143,head,0.972027972027972,0.972027972027972
3113,539,143,mid,0.6993006993006993,0.6993006993006993
3114,535,143,mid,0.951048951048951,0.951048951048951
3115,539,142,mid,0.9295774647887324,0.9295774647887324
3116,216,60,mid,0.95,0.95
3117,543,143,head,0.9090909090909091,0.9090909090909091
3118,541,142,head,0.8450704225352113,0.8450704225352113
3119,540,144,head,0.9513888888888888,0.9513888888888888
3120,216,61,mid,0.9672131147540983,0.9672131147540983
3121,538,142,mid,0.8732394366197183,0.8732394366197183
3122,539,144,mid,0.9097222222222222,0.9097222222222222
3123,540,143,head,0.6783216783216783,0.6783216783216783
3124,539,143,mid,0.9090909090909091,0.9090909090909091
3125,542,141,head,0.8368794326241135,0.8368794326241135
3126,534,141,mid,0.8723404255319149,0.8723404255319149
3127,216,60,mid,0.85,0.85
3128,216,60,mid,0.95,0.95
3129,209,59,tail,0.9322033898305084,0.9322033898305084
3130,536,143,mid,0.9440559440559441,0.9440559440559441
3131,215,60,tail,0.9333333333333333,0.9333333333333333
3132,538,143,mid,0.9300699300699301,0.9300699300699301
3133,537,141,mid,0.950354609929078,0.950354609929078
3134,215,60,tail,0.8666666666666667,0.8666666666666667
3135,539,142,mid,0.9225352112676056,0.9225352112676056
3136,216,61,mid,0.9180327868852459,0.9180327868852459
3137,538,141,mid,0.9148936170212766,0.9148936170212766
3138,216,60,mid,0.9166666666666666,0.9166666666666666
3139,538,142,mid,0.9014084507042254,0.9014084507042254
3140,541,142,head,0.9295774647887324,0.9295774647887324
3141,540,144,head,0.9236111111111112,0.9236111111111112
3142,536,142,mid,0.8802816901408451,0.8802816901408451
3143,540,145,head,0.9586206896551724,0.9586206896551724
3144,533,141,mid,0.9361702127659575,0.9361702127659575
3145,537,141,mid,0.8936170212765957,0.8936170212765957
3146,216,59,mid,0.9661016949152542,0.9661016949152542
3147,316,83,mid,0.9518072289156626,0.9518072289156626
3148,537,143,mid,0.958041958041958,0.958041958041958
3149,540,143,head,0.972027972027972,0.972027972027972
3150,540,142,head,0.9436619718309859,0.9436619718309859
3151,540,141,head,0.851063829787234,0.851063829787234
3152,215,59,tail,0.9322033898305084,0.9322033898305084
3153,541,141,head,0.8723404255319149,0.8723404255319149
3154,540,143,head,0.958041958041958,0.958041958041958
3155,217,60,mid,0.85,0.85
3156,526,139,mid,0.8776978417266187,0.8776978417266187
3157,216,61,mid,0.9672131147540983,0.9672131147540983
3158,539,143,mid,0.972027972027972,0.972027972027972
3159,537,143,mid,0.8391608391608392,0.8391608391608392
3160,216,60,mid,0.95,0.95
3161,535,140,mid,0.9142857142857143,0.9142857142857143
3162,534,143,mid,0.9440559440559441,0.9440559440559441
3163,537,141,mid,0.9361702127659575,0.9361702127659575
3164,216,60,mid,0.9,0.9
3165,216,60,mid,1.0,1.0
3166,216,60,mid,0.9166666666666666,0.9166666666666666
3167,216,60,mid,1.0,1.0
3168,540,142,head,0.8943661971830986,0.8943661971830986
3169,538,143,mid,0.9790209790209791,0.9790209790209791
3170,216,59,mid,0.9661016949152542,0.9661016949152542
3171,525,140,mid,0.8785714285714286,0.8785714285714286
3172,540,141,head,0.8226950354609929,0.8226950354609929
3173,539,142,mid,0.8591549295774648,0.8591549295774648
3174,540,144,head,0.8819444444444444,0.8819444444444444
3175,542,142,head,0.8591549295774648,0.8591549295774648
3176,539,142,mid,0.9366197183098591,0.9366197183098591
3177,538,143,mid,0.9790209790209791,0.9790209790209791
3178,536,142,mid,0.971830985915493,0.971830985915493
3179,216,60,mid,0.9833333333333333,0.9833333333333333
3180,540,144,head,0.7777777777777778,0.7777777777777778
3181,542,145,head,0.9724137931034482,0.9724137931034482
3182,216,59,mid,0.9830508474576272,0.9830508474576272
3183,539,143,mid,0.916083916083916,0.916083916083916
3184,216,60,mid,0.9666666666666667,0.9666666666666667
3185,539,142,mid,0.9859154929577465,0.9859154929577465
3186,216,60,mid,0.9833333333333333,0.9833333333333333
3187,543,143,head,0.916083916083916,0.916083916083916
3188,216,60,mid,0.9666666666666667,0.9666666666666667
3189,537,144,mid,0.9305555555555556,0.9305555555555556
3190,214,62,tail,0.9032258064516129,0.9032258064516129
3191,542,144,head,0.7569444444444444,0.7569444444444444
3192,539,143,mid,0.9440559440559441,0.9440559440559441
3193,539,141,mid,0.9858156028368794,0.9858156028368794
3194,540,144,head,0.9652777777777778,0.9652777777777778
3195,540,143,head,0.9790209790209791,0.9790209790209791
3196,216,60,mid,0.95,0.95
3197,541,144,head,0.9097222222222222,0.9097222222222222
3198,216,59,mid,0.9661016949152542,0.9661016949152542
3199,539,143,mid,0.8251748251748252,0.8251748251748252
3200,540,141,head,0.9716312056737588,0.9716312056737588
3201,217,60,mid,0.9166666666666666,0.9166666666666666
3202,537,144,mid,0.8472222222222222,0.8472222222222222
3203,542,143,head,0.958041958041958,0.958041958041958
3204,537,144,mid,0.9236111111111112,0.9236111111111112
3205,536,144,mid,0.9861111111111112,0.9861111111111112
3206,216,59,mid,0.9830508474576272,0.9830508474576272
3207,216,60,mid,1.0,1.0
3208,536,143,mid,0.8881118881118881,0.8881118881118881
3209,215,59,tail,1.0,1.0
3210,216,59,mid,0.9661016949152542,0.9661016949152542
3211,216,60,mid,0.95,0.95
3212,540,141,head,0.9361702127659575,0.9361702127659575
3213,540,144,head,0.9583333333333334,0.9583333333333334
3214,539,143,mid,0.8671328671328671,0.8671328671328671
3215,216,60,mid,0.9,0.9
3216,216,60,mid,0.9166666666666666,0.9166666666666666
3217,216,60,mid,0.9,0.9
3218,214,60,tail,0.9666666666666667,0.9666666666666667
3219,216,60,mid,0.9666666666666667,0.9666666666666667
3220,216,60,mid,0.9833333333333333,0.9833333333333333
3221,216,59,mid,0.8813559322033898,0.8813559322033898
3222,540,144,head,0.9375,0.9375
3223,539,142,mid,0.9366197183098591,0.9366197183098591
3224,539,143,mid,0.958041958041958,0.958041958041958
3225,536,140,mid,0.9714285714285714,0.9714285714285714
3226,216,60,mid,0.9666666666666667,0.9666666666666667
3227,216,60,mid,0.95,0.95
3228,538,142,mid,0.971830985915493,0.971830985915493
3229,216,60,mid,0.9666666666666667,0.9666666666666667
3230,542,145,head,0.9862068965517241,0.9862068965517241
3231,216,60,mid,1.0,1.0
3232,538,143,mid,0.958041958041958,0.958041958041958
3233,216,60,mid,0.9666666666666667,0.9666666666666667
3234,216,59,mid,0.9661016949152542,0.9661016949152542
3235,542,144,head,0.8402777777777778,0.8402777777777778
3236,216,60,mid,0.9833333333333333,0.9833333333333333
3237,216,60,mid,0.9333333333333333,0.9333333333333333
3238,216,60,mid,1.0,1.0
3239,537,142,mid,0.9436619718309859,0.9436619718309859
3240,524,141,mid,0.9716312056737588,0.9716312056737588
3241,216,59,mid,1.0,1.0
3242,216,58,mid,0.9827586206896551,0.9827586206896551
3243,216,60,mid,0.95,0.95
3244,539,142,mid,0.8943661971830986,0.8943661971830986
3245,216,60,mid,0.9666666666666667,0.9666666666666667
3246,538,143,mid,0.958041958041958,0.958041958041958
3247,216,60,mid,0.95,0.95
3248,216,60,mid,0.9666666666666667,0.9666666666666667
3249,543,141,head,0.9858156028368794,0.9858156028368794
3250,216,60,mid,0.95,0.95
3251,216,60,mid,1.0,1.0
3252,540,142,head,0.9507042253521126,0.9507042253521126
3253,539,144,mid,0.9583333333333334,0.9583333333333334
3254,216,60,mid,1.0,1.0
3255,213,59,tail,0.9491525423728814,0.9491525423728814
3256,541,141,head,0.900709219858156,0.900709219858156
3257,531,141,mid,0.9219858156028369,0.9219858156028369
3258,538,142,mid,0.9225352112676056,0.9225352112676056
3259,216,59,mid,0.9661016949152542,0.9661016949152542
3260,216,59,mid,1.0,1.0
3261,216,60,mid,0.9833333333333333,0.9833333333333333
3262,539,141,mid,0.9645390070921985,0.9645390070921985
3263,540,142,head,0.9788732394366197,0.9788732394366197
3264,215,59,tail,1.0,1.0
3265,216,59,mid,1.0,1.0
3266,537,143,mid,0.951048951048951,0.951048951048951
3267,216,60,mid,0.9333333333333333,0.9333333333333333
3268,537,142,mid,0.971830985915493,0.971830985915493
3269,538,143,mid,0.986013986013986,0.986013986013986
3270,535,142,mid,0.8661971830985915,0.8661971830985915
3271,538,142,mid,0.9154929577464789,0.9154929577464789
3272,538,141,mid,0.900709219858156,0.900709219858156
3273,215,59,tail,0.9491525423728814,0.9491525423728814
3274,216,59,mid,0.9661016949152542,0.9661016949152542
3275,541,142,head,0.8028169014084507,0.8028169014084507
3276,216,60,mid,0.9666666666666667,0.9666666666666667
3277,538,144,mid,0.875,0.875
3278,536,144,mid,0.9722222222222222,0.9722222222222222
3279,216,60,mid,0.9666666666666667,0.9666666666666667
3280,534,143,mid,0.951048951048951,0.951048951048951
3281,539,141,mid,0.950354609929078,0.950354609929078
3282,538,143,mid,0.9370629370629371,0.9370629370629371
3283,216,59,mid,1.0,1.0
3284,537,143,mid,0.8461538461538461,0.8461538461538461
3285,216,60,mid,1.0,1.0
3286,315,84,mid,0.9404761904761905,0.9404761904761905
3287,216,60,mid,0.95,0.95
3288,536,143,mid,0.8601398601398601,0.8601398601398601
3289,216,60,mid,0.95,0.95
3290,216,60,mid,0.9166666666666666,0.9166666666666666
3291,535,140,mid,0.8928571428571429,0.8928571428571429
3292,540,145,head,0.9379310344827586,0.9379310344827586
3293,216,60,mid,0.9666666666666667,0.9666666666666667
3294,215,60,tail,0.9666666666666667,0.9666666666666667
3295,540,144,head,0.9513888888888888,0.9513888888888888
3296,215,60,tail,0.9666666666666667,0.9666666666666667
3297,216,60,mid,0.9666666666666667,0.9666666666666667
3298,216,60,mid,0.9833333333333333,0.9833333333333333
3299,535,142,mid,0.9577464788732394,0.9577464788732394
3300,215,60,tail,0.9666666666666667,0.9666666666666667
3301,537,144,mid,0.9513888888888888,0.9513888888888888
3302,540,143,head,0.951048951048951,0.951048951048951
3303,536,143,mid,0.951048951048951,0.951048951048951
3304,216,60,mid,0.9833333333333333,0.9833333333333333
3305,216,60,mid,0.9833333333333333,0.9833333333333333
3306,536,143,mid,0.965034965034965,0.965034965034965
3307,534,141,mid,0.8652482269503546,0.8652482269503546
3308,541,142,head,0.9647887323943662,0.9647887323943662
3309,216,60,mid,1.0,1.0
3310,216,60,mid,0.9666666666666667,0.9666666666666667
3311,216,60,mid,0.9166666666666666,0.9166666666666666
3312,216,60,mid,0.9666666666666667,0.9666666666666667
3313,216,60,mid,1.0,1.0
3314,216,60,mid,1.0,1.0
3315,214,60,tail,0.9833333333333333,0.9833333333333333
3316,544,141,head,0.9290780141843972,0.9290780141843972
3317,541,140,head,0.9,0.9
3318,216,60,mid,1.0,1.0
3319,216,60,mid,1.0,1.0
3320,216,60,mid,1.0,1.0
3321,536,144,mid,0.9652777777777778,0.9652777777777778
3322,538,142,mid,0.9295774647887324,0.9295774647887324
3323,542,143,head,0.958041958041958,0.958041958041958
3324,215,60,tail,0.9833333333333333,0.9833333333333333
3325,216,60,mid,1.0,1.0
3326,542,141,head,0.9432624113475178,0.9432624113475178
3327,215,60,tail,0.9666666666666667,0.9666666666666667
3328,216,60,mid,0.9833333333333333,0.9833333333333333
3329,216,60,mid,0.9666666666666667,0.9666666666666667
3330,216,60,mid,0.9666666666666667,0.9666666666666667
3331,537,142,mid,0.9366197183098591,0.9366197183098591
3332,215,60,tail,0.9833333333333333,0.9833333333333333
3333,216,60,mid,0.9666666666666667,0.9666666666666667
3334,216,60,mid,0.9333333333333333,0.9333333333333333
3335,542,141,head,0.950354609929078,0.950354609929078
3336,216,60,mid,1.0,1.0
3337,216,60,mid,0.9833333333333333,0.9833333333333333
3338,216,60,mid,0.9333333333333333,0.9333333333333333
3339,216,59,mid,1.0,1.0
3340,216,60,mid,0.9666666666666667,0.9666666666666667
3341,215,60,tail,0.9833333333333333,0.9833333333333333
3342,213,59,tail,1.0,1.0
3343,531,143,mid,0.9370629370629371,0.9370629370629371
3344,216,59,mid,1.0,1.0
3345,216,59,mid,1.0,1.0
3346,216,60,mid,0.9833333333333333,0.9833333333333333
3347,216,60,mid,0.9833333333333333,0.9833333333333333
3348,216,60,mid,0.9833333333333333,0.9833333333333333
3349,215,60,tail,0.9333333333333333,0.9333333333333333
3350,541,142,head,0.971830985915493,0.971830985915493
3351,216,60,mid,0.9833333333333333,0.9833333333333333
3352,216,60,mid,1.0,1.0
3353,540,142,head,0.9366197183098591,0.9366197183098591
3354,216,60,mid,0.9833333333333333,0.9833333333333333
3355,537,143,mid,0.9790209790209791,0.9790209790209791
3356,542,142,head,0.9647887323943662,0.9647887323943662
3357,540,140,head,0.9714285714285714,0.9714285714285714
3358,537,142,mid,0.9225352112676056,0.9225352112676056
3359,540,145,head,0.9586206896551724,0.9586206896551724
3360,537,141,mid,0.9645390070921985,0.9645390070921985
3361,540,144,head,0.9375,0.9375
3362,541,142,head,0.9084507042253521,0.9084507042253521
3363,541,143,head,0.9790209790209791,0.9790209790209791
3364,214,59,tail,0.9152542372881356,0.9152542372881356
3365,216,60,mid,0.9333333333333333,0.9333333333333333
3366,538,142,mid,0.9647887323943662,0.9647887323943662
3367,541,141,head,0.9361702127659575,0.9361702127659575
3368,542,143,head,0.951048951048951,0.951048951048951
3369,540,142,head,0.971830985915493,0.971830985915493
3370,539,143,mid,0.965034965034965,0.965034965034965
3371,540,144,head,0.9722222222222222,0.9722222222222222
3372,216,60,mid,1.0,1.0
3373,540,143,head,0.9790209790209791,0.9790209790209791
3374,216,60,mid,0.9666666666666667,0.9666666666666667
3375,216,59,mid,0.9322033898305084,0.9322033898305084
3376,216,60,mid,0.9333333333333333,0.9333333333333333
3377,316,83,mid,0.891566265060241,0.891566265060241
3378,539,141,mid,0.9645390070921985,0.9645390070921985
3379,537,143,mid,0.9790209790209791,0.9790209790209791
3380,537,144,mid,0.9027777777777778,0.9027777777777778
3381,535,141,mid,0.9219858156028369,0.9219858156028369
3382,216,59,mid,0.9661016949152542,0.9661016949152542
3383,540,141,head,0.9432624113475178,0.9432624113475178
3384,216,60,mid,0.9166666666666666,0.9166666666666666
3385,540,143,head,0.9440559440559441,0.9440559440559441
3386,541,140,head,0.9428571428571428,0.9428571428571428
3387,216,59,mid,0.9322033898305084,0.9322033898305084
3388,535,142,mid,0.9366197183098591,0.9366197183098591
3389,542,139,head,0.9568345323741008,0.9568345323741008
3390,216,60,mid,0.9666666666666667,0.9666666666666667
3391,537,143,mid,0.972027972027972,0.972027972027972
3392,538,142,mid,0.9788732394366197,0.9788732394366197
3393,440,117,mid,0.9743589743589743,0.9743589743589743
3394,532,142,mid,0.9788732394366197,0.9788732394366197
3395,216,60,mid,0.9833333333333333,0.9833333333333333
3396,540,141,head,0.9361702127659575,0.9361702127659575
3397,535,143,mid,0.9440559440559441,0.9440559440559441
3398,536,141,mid,0.9432624113475178,0.9432624113475178
3399,216,60,mid,0.9,0.9
3400,216,60,mid,0.9666666666666667,0.9666666666666667
3401,540,144,head,0.9444444444444444,0.9444444444444444
3402,535,143,mid,0.972027972027972,0.972027972027972
3403,541,141,head,0.9148936170212766,0.9148936170212766
3404,540,144,head,0.9513888888888888,0.9513888888888888
3405,215,60,tail,0.9666666666666667,0.9666666666666667
3406,438,119,mid,0.9831932773109243,0.9831932773109243
3407,531,140,mid,0.9714285714285714,0.9714285714285714
3408,540,144,head,0.9583333333333334,0.9583333333333334
3409,538,145,mid,0.9517241379310345,0.9517241379310345
3410,541,143,head,0.951048951048951,0.951048951048951
3411,540,142,head,0.9436619718309859,0.9436619718309859
3412,520,140,mid,0.9785714285714285,0.9785714285714285
3413,215,60,tail,0.9833333333333333,0.9833333333333333
3414,541,141,head,0.9290780141843972,0.9290780141843972
3415,537,143,mid,0.972027972027972,0.972027972027972
3416,540,142,head,0.9295774647887324,0.9295774647887324
3417,215,60,tail,0.9666666666666667,0.9666666666666667
3418,216,60,mid,0.9166666666666666,0.9166666666666666
3419,216,60,mid,0.95,0.95
3420,536,143,mid,0.951048951048951,0.951048951048951
3421,216,60,mid,0.9333333333333333,0.9333333333333333
3422,215,60,tail,0.9333333333333333,0.9333333333333333
3423,543,143,head,0.8811188811188811,0.8811188811188811
3424,537,141,mid,0.950354609929078,0.950354609929078
3425,216,60,mid,0.9666666666666667,0.9666666666666667
3426,539,143,mid,0.9300699300699301,0.9300699300699301
3427,216,60,mid,0.9166666666666666,0.9166666666666666
3428,542,139,head,0.9568345323741008,0.9568345323741008
3429,216,60,mid,0.9666666666666667,0.9666666666666667
3430,537,144,mid,0.9652777777777778,0.9652777777777778
3431,215,60,tail,0.9833333333333333,0.9833333333333333
3432,216,59,mid,1.0,1.0
3433,540,142,head,0.9436619718309859,0.9436619718309859
3434,536,142,mid,0.9577464788732394,0.9577464788732394
3435,216,59,mid,0.9661016949152542,0.9661016949152542
3436,538,142,mid,0.9647887323943662,0.9647887323943662
3437,538,144,mid,0.9722222222222222,0.9722222222222222
3438,215,59,tail,0.9830508474576272,0.9830508474576272
3439,542,143,head,0.9790209790209791,0.9790209790209791
3440,216,60,mid,0.9833333333333333,0.9833333333333333
3441,541,141,head,0.9645390070921985,0.9645390070921985
3442,216,60,mid,0.9833333333333333,0.9833333333333333
3443,216,59,mid,1.0,1.0
3444,215,59,tail,0.8813559322033898,0.8813559322033898
3445,216,60,mid,0.9666666666666667,0.9666666666666667
3446,536,144,mid,0.9236111111111112,0.9236111111111112
3447,541,142,head,0.8873239436619719,0.8873239436619719
3448,539,143,mid,0.958041958041958,0.958041958041958
3449,538,141,mid,0.9716312056737588,0.9716312056737588
3450,540,143,head,0.9440559440559441,0.9440559440559441
3451,216,60,mid,0.95,0.95
3452,539,141,mid,0.9929078014184397,0.9929078014184397
3453,216,60,mid,0.95,0.95
3454,537,144,mid,0.9513888888888888,0.9513888888888888
3455,216,60,mid,0.9666666666666667,0.9666666666666667
3456,216,60,mid,0.9833333333333333,0.9833333333333333
3457,216,60,mid,1.0,1.0
3458,542,141,head,0.9929078014184397,0.9929078014184397
3459,215,60,tail,0.9333333333333333,0.9333333333333333
3460,216,60,mid,0.9666666666666667,0.9666666666666667
3461,216,60,mid,0.9833333333333333,0.9833333333333333
3462,538,140,mid,0.9857142857142858,0.9857142857142858
3463,213,60,tail,0.95,0.95
3464,537,142,mid,0.9788732394366197,0.9788732394366197
3465,214,60,tail,0.95,0.95
3466,216,60,mid,0.9833333333333333,0.9833333333333333
3467,542,143,head,0.958041958041958,0.958041958041958
3468,213,60,tail,0.9166666666666666,0.9166666666666666
3469,539,145,mid,0.9724137931034482,0.9724137931034482
3470,215,60,tail,0.9833333333333333,0.9833333333333333
3471,213,60,tail,1.0,1.0
3472,214,60,tail,1.0,1.0
3473,543,142,head,0.9929577464788732,0.9929577464788732
3474,215,60,tail,0.9666666666666667,0.9666666666666667
3475,211,58,tail,0.9827586206896551,0.9827586206896551
3476,533,141,mid,0.9219858156028369,0.9219858156028369
3477,538,142,mid,0.9788732394366197,0.9788732394366197
3478,216,60,mid,0.9833333333333333,0.9833333333333333
3479,542,141,head,0.9078014184397163,0.9078014184397163
3480,538,143,mid,0.9790209790209791,0.9790209790209791
3481,540,141,head,0.6595744680851063,0.6595744680851063
3482,540,142,head,0.9225352112676056,0.9225352112676056
3483,540,141,head,0.9716312056737588,0.9716312056737588
3484,538,141,mid,0.9787234042553191,0.9787234042553191
3485,216,57,mid,0.9649122807017544,0.9649122807017544
3486,538,142,mid,1.0,1.0
3487,215,59,tail,0.9661016949152542,0.9661016949152542
3488,214,60,tail,1.0,1.0
3489,214,60,tail,0.9666666666666667,0.9666666666666667
3490,537,144,mid,0.9583333333333334,0.9583333333333334
3491,544,141,head,0.9716312056737588,0.9716312056737588
3492,539,144,mid,0.9583333333333334,0.9583333333333334
3493,316,84,mid,0.9642857142857143,0.9642857142857143
3494,215,60,tail,1.0,1.0
3495,215,60,tail,1.0,1.0
3496,541,143,head,0.958041958041958,0.958041958041958
3497,215,60,tail,0.9666666666666667,0.9666666666666667
3498,540,144,head,0.9305555555555556,0.9305555555555556
3499,216,60,mid,0.9666666666666667,0.9666666666666667
3500,536,142,mid,0.9647887323943662,0.9647887323943662
3501,535,140,mid,0.9285714285714286,0.9285714285714286
3502,535,143,mid,0.9300699300699301,0.9300699300699301
3503,216,60,mid,0.9833333333333333,0.9833333333333333
3504,538,143,mid,0.9440559440559441,0.9440559440559441
3505,538,142,mid,0.971830985915493,0.971830985915493
3506,216,59,mid,0.9830508474576272,0.9830508474576272
3507,216,60,mid,1.0,1.0
3508,537,140,mid,0.8928571428571429,0.8928571428571429
3509,538,144,mid,0.9722222222222222,0.9722222222222222
3510,536,141,mid,0.900709219858156,0.900709219858156
3511,538,143,mid,0.9230769230769231,0.9230769230769231
3512,216,60,mid,1.0,1.0
3513,216,60,mid,0.95,0.95
3514,538,143,mid,0.965034965034965,0.965034965034965
3515,535,142,mid,0.9929577464788732,0.9929577464788732
3516,214,60,tail,0.9333333333333333,0.9333333333333333
3517,536,141,mid,0.9219858156028369,0.9219858156028369
3518,216,60,mid,0.9833333333333333,0.9833333333333333
3519,214,60,tail,0.9833333333333333,0.9833333333333333
3520,214,60,tail,0.95,0.95
3521,216,60,mid,0.9166666666666666,0.9166666666666666
3522,216,60,mid,1.0,1.0
3523,214,60,tail,1.0,1.0
3524,539,141,mid,0.9716312056737588,0.9716312056737588
3525,216,60,mid,1.0,1.0
3526,540,142,head,0.9577464788732394,0.9577464788732394
3527,216,60,mid,0.9666666666666667,0.9666666666666667
3528,216,60,mid,0.9666666666666667,0.9666666666666667
3529,541,144,head,0.9861111111111112,0.9861111111111112
3530,216,60,mid,0.9833333333333333,0.9833333333333333
3531,215,60,tail,0.9166666666666666,0.9166666666666666
3532,542,142,head,0.9507042253521126,0.9507042253521126
3533,216,60,mid,0.9833333333333333,0.9833333333333333
3534,539,143,mid,0.951048951048951,0.951048951048951
3535,215,60,tail,0.9666666666666667,0.9666666666666667
3536,534,137,mid,0.948905109489051,0.948905109489051
3537,543,141,head,0.9574468085106383,0.9574468085106383
3538,216,60,mid,0.9666666666666667,0.9666666666666667
3539,216,60,mid,0.9333333333333333,0.9333333333333333
3540,216,60,mid,0.9833333333333333,0.9833333333333333
3541,537,140,mid,0.9357142857142857,0.9357142857142857
3542,216,60,mid,0.9666666666666667,0.9666666666666667
3543,541,142,head,0.9647887323943662,0.9647887323943662
3544,539,141,mid,0.9574468085106383,0.9574468085106383
3545,215,60,tail,0.95,0.95
3546,539,143,mid,0.9440559440559441,0.9440559440559441
3547,539,142,mid,0.9084507042253521,0.9084507042253521
3548,539,143,mid,0.9440559440559441,0.9440559440559441
3549,214,60,tail,0.9666666666666667,0.9666666666666667
3550,215,60,tail,0.9666666666666667,0.9666666666666667
3551,540,141,head,0.9929078014184397,0.9929078014184397
3552,540,144,head,0.9513888888888888,0.9513888888888888
3553,539,144,mid,0.9722222222222222,0.9722222222222222
3554,216,60,mid,0.9666666666666667,0.9666666666666667
3555,540,145,head,0.9517241379310345,0.9517241379310345
3556,541,144,head,0.9930555555555556,0.9930555555555556
3557,215,60,tail,0.9666666666666667,0.9666666666666667
3558,216,60,mid,0.95,0.95
3559,214,60,tail,0.9833333333333333,0.9833333333333333
3560,213,60,tail,0.9166666666666666,0.9166666666666666
3561,538,143,mid,0.8951048951048951,0.8951048951048951
3562,216,60,mid,0.9833333333333333,0.9833333333333333
3563,215,60,tail,0.9833333333333333,0.9833333333333333
3564,538,143,mid,0.9300699300699301,0.9300699300699301
3565,216,60,mid,0.9833333333333333,0.9833333333333333
3566,216,60,mid,0.95,0.95
3567,215,59,tail,0.9152542372881356,0.9152542372881356
3568,215,60,tail,0.9333333333333333,0.9333333333333333
3569,215,60,tail,1.0,1.0
3570,536,143,mid,0.8811188811188811,0.8811188811188811
3571,214,60,tail,0.95,0.95
3572,215,60,tail,0.9333333333333333,0.9333333333333333
3573,540,141,head,0.9290780141843972,0.9290780141843972
3574,216,60,mid,0.95,0.95
3575,535,144,mid,0.9583333333333334,0.9583333333333334
3576,536,141,mid,0.9432624113475178,0.9432624113475178
3577,215,59,tail,0.9830508474576272,0.9830508474576272
3578,216,60,mid,0.9833333333333333,0.9833333333333333
3579,215,60,tail,0.9666666666666667,0.9666666666666667
3580,216,60,mid,0.9666666666666667,0.9666666666666667
3581,215,60,tail,1.0,1.0
3582,540,143,head,0.9440559440559441,0.9440559440559441
3583,540,143,head,0.8741258741258742,0.8741258741258742
3584,537,144,mid,0.9236111111111112,0.9236111111111112
3585,315,83,mid,0.8554216867469879,0.8554216867469879
3586,541,143,head,0.958041958041958,0.958041958041958
3587,215,60,tail,0.9833333333333333,0.9833333333333333
3588,540,143,head,0.9790209790209791,0.9790209790209791
3589,216,60,mid,0.9666666666666667,0.9666666666666667
3590,215,59,tail,0.9661016949152542,0.9661016949152542
3591,216,60,mid,0.95,0.95
3592,541,139,head,0.9424460431654677,0.9424460431654677
3593,542,144,head,0.9583333333333334,0.9583333333333334
3594,216,60,mid,0.9666666666666667,0.9666666666666667
3595,216,60,mid,0.9333333333333333,0.9333333333333333
3596,215,60,tail,0.9666666666666667,0.9666666666666667
3597,216,59,mid,0.9661016949152542,0.9661016949152542
3598,216,59,mid,0.9830508474576272,0.9830508474576272
3599,215,60,tail,0.95,0.95
3600,216,60,mid,0.9666666666666667,0.9666666666666667
3601,539,143,mid,0.9790209790209791,0.9790209790209791
3602,215,59,tail,1.0,1.0
3603,216,60,mid,0.9666666666666667,0.9666666666666667
3604,215,60,tail,0.9833333333333333,0.9833333333333333
3605,539,143,mid,0.9300699300699301,0.9300699300699301
3606,537,143,mid,0.9440559440559441,0.9440559440559441
3607,542,142,head,0.9577464788732394,0.9577464788732394
3608,541,145,head,0.896551724137931,0.896551724137931
3609,216,59,mid,1.0,1.0
3610,216,60,mid,0.9833333333333333,0.9833333333333333
3611,213,59,tail,0.8813559322033898,0.8813559322033898
3612,539,144,mid,0.8819444444444444,0.8819444444444444
3613,216,60,mid,0.9833333333333333,0.9833333333333333
3614,216,60,mid,0.9833333333333333,0.9833333333333333
3615,536,141,mid,0.9432624113475178,0.9432624113475178
3616,216,60,mid,0.9,0.9
3617,216,59,mid,0.9661016949152542,0.9661016949152542
3618,216,60,mid,0.9166666666666666,0.9166666666666666
3619,216,60,mid,0.9666666666666667,0.9666666666666667
3620,216,60,mid,0.9833333333333333,0.9833333333333333
3621,215,60,tail,0.9333333333333333,0.9333333333333333
3622,539,143,mid,0.951048951048951,0.951048951048951
3623,535,144,mid,0.4375,0.4375
3624,214,60,tail,0.9833333333333333,0.9833333333333333
3625,539,143,mid,0.9300699300699301,0.9300699300699301
3626,540,140,head,0.9,0.9
3627,537,142,mid,0.9577464788732394,0.9577464788732394
3628,214,60,tail,1.0,1.0
3629,316,84,mid,0.8571428571428571,0.8571428571428571
3630,216,60,mid,1.0,1.0
3631,541,142,head,0.9577464788732394,0.9577464788732394
3632,216,60,mid,0.95,0.95
3633,216,60,mid,0.95,0.95
3634,216,59,mid,0.9830508474576272,0.9830508474576272
3635,216,60,mid,0.9833333333333333,0.9833333333333333
3636,537,143,mid,0.9790209790209791,0.9790209790209791
3637,540,145,head,0.9310344827586207,0.9310344827586207
3638,216,60,mid,0.9833333333333333,0.9833333333333333
3639,438,119,mid,0.9747899159663865,0.9747899159663865
3640,215,60,tail,1.0,1.0
3641,215,60,tail,0.95,0.95
3642,216,60,mid,1.0,1.0
3643,540,143,head,0.916083916083916,0.916083916083916
3644,215,60,tail,0.9833333333333333,0.9833333333333333
3645,216,60,mid,1.0,1.0
3646,216,60,mid,1.0,1.0
3647,216,60,mid,0.9833333333333333,0.9833333333333333
3648,544,142,head,0.971830985915493,0.971830985915493
3649,215,60,tail,1.0,1.0
3650,216,60,mid,1.0,1.0
3651,216,60,mid,1.0,1.0
3652,540,144,head,0.9791666666666666,0.9791666666666666
3653,537,142,mid,0.9436619718309859,0.9436619718309859
3654,538,143,mid,0.958041958041958,0.958041958041958
3655,216,60,mid,1.0,1.0
3656,539,141,mid,0.9361702127659575,0.9361702127659575
3657,214,60,tail,1.0,1.0
3658,216,60,mid,0.9833333333333333,0.9833333333333333
3659,216,59,mid,0.9661016949152542,0.9661016949152542
3660,537,139,mid,0.920863309352518,0.920863309352518
3661,216,60,mid,0.9666666666666667,0.9666666666666667
3662,216,60,mid,0.9333333333333333,0.9333333333333333
3663,540,142,head,0.9295774647887324,0.9295774647887324
3664,216,60,mid,0.9666666666666667,0.9666666666666667
3665,216,59,mid,0.9830508474576272,0.9830508474576272
3666,216,60,mid,0.95,0.95
3667,216,60,mid,0.9166666666666666,0.9166666666666666
3668,216,60,mid,0.9333333333333333,0.9333333333333333
3669,214,60,tail,1.0,1.0
3670,216,60,mid,0.9666666666666667,0.9666666666666667
3671,216,60,mid,0.9666666666666667,0.9666666666666667
3672,215,60,tail,0.9666666666666667,0.9666666666666667
3673,216,60,mid,0.9666666666666667,0.9666666666666667
3674,539,143,mid,0.951048951048951,0.951048951048951
3675,534,143,mid,0.958041958041958,0.958041958041958
3676,534,144,mid,0.9375,0.9375
3677,538,143,mid,0.986013986013986,0.986013986013986
3678,537,144,mid,0.9097222222222222,0.9097222222222222
3679,213,60,tail,0.9833333333333333,0.9833333333333333
3680,215,60,tail,0.9666666666666667,0.9666666666666667
3681,216,60,mid,1.0,1.0
3682,216,60,mid,0.9833333333333333,0.9833333333333333
3683,216,60,mid,0.9333333333333333,0.9333333333333333
3684,216,59,mid,0.9830508474576272,0.9830508474576272
3685,540,142,head,0.9647887323943662,0.9647887323943662
3686,216,60,mid,0.95,0.95
3687,216,59,mid,1.0,1.0
3688,539,144,mid,0.9583333333333334,0.9583333333333334
3689,539,144,mid,0.9375,0.9375
3690,216,60,mid,0.95,0.95
3691,216,60,mid,0.9833333333333333,0.9833333333333333
3692,540,141,head,0.9148936170212766,0.9148936170212766
3693,538,144,mid,0.9027777777777778,0.9027777777777778
3694,215,60,tail,0.9,0.9
3695,216,59,mid,0.9491525423728814,0.9491525423728814
3696,216,60,mid,0.9833333333333333,0.9833333333333333
3697,216,60,mid,1.0,1.0
3698,537,142,mid,0.9295774647887324,0.9295774647887324
3699,216,60,mid,0.9666666666666667,0.9666666666666667
3700,216,59,mid,1.0,1.0
3701,214,60,tail,0.9833333333333333,0.9833333333333333
3702,216,59,mid,0.9830508474576272,0.9830508474576272
3703,216,59,mid,0.9661016949152542,0.9661016949152542
3704,216,60,mid,0.9833333333333333,0.9833333333333333
3705,214,60,tail,1.0,1.0
3706,216,59,mid,1.0,1.0
3707,215,60,tail,0.9833333333333333,0.9833333333333333
3708,215,60,tail,1.0,1.0
3709,216,60,mid,0.95,0.95
3710,317,82,mid,0.8170731707317073,0.8170731707317073
3711,216,60,mid,1.0,1.0
3712,216,60,mid,1.0,1.0
3713,216,60,mid,0.95,0.95
3714,214,59,tail,0.9661016949152542,0.9661016949152542
3715,216,60,mid,1.0,1.0
3716,215,60,tail,1.0,1.0
3717,539,142,mid,0.9084507042253521,0.9084507042253521
3718,214,60,tail,0.9833333333333333,0.9833333333333333
3719,215,60,tail,0.9833333333333333,0.9833333333333333
3720,535,143,mid,0.951048951048951,0.951048951048951
3721,540,140,head,0.9785714285714285,0.9785714285714285
3722,540,144,head,0.9930555555555556,0.9930555555555556
3723,537,143,mid,0.9440559440559441,0.9440559440559441
3724,536,140,mid,0.9785714285714285,0.9785714285714285
3725,216,60,mid,1.0,1.0
3726,216,59,mid,0.9152542372881356,0.9152542372881356
3727,538,143,mid,0.965034965034965,0.965034965034965
3728,543,142,head,0.9436619718309859,0.9436619718309859
3729,216,60,mid,1.0,1.0
3730,216,59,mid,1.0,1.0
3731,541,145,head,0.9793103448275862,0.9793103448275862
3732,216,60,mid,0.9666666666666667,0.9666666666666667
3733,215,60,tail,1.0,1.0
3734,216,60,mid,1.0,1.0
3735,215,60,tail,0.9666666666666667,0.9666666666666667
3736,543,142,head,0.9366197183098591,0.9366197183098591
3737,215,59,tail,1.0,1.0
3738,538,144,mid,0.9791666666666666,0.9791666666666666
3739,539,142,mid,0.971830985915493,0.971830985915493
3740,537,144,mid,0.9236111111111112,0.9236111111111112
3741,535,143,mid,0.972027972027972,0.972027972027972
3742,543,143,head,0.9370629370629371,0.9370629370629371
3743,537,142,mid,0.9859154929577465,0.9859154929577465
3744,213,60,tail,0.9333333333333333,0.9333333333333333
3745,541,142,head,0.9859154929577465,0.9859154929577465
3746,214,60,tail,0.9833333333333333,0.9833333333333333
3747,540,142,head,0.971830985915493,0.971830985915493
3748,214,60,tail,0.9666666666666667,0.9666666666666667
3749,540,142,head,0.9225352112676056,0.9225352112676056
3750,541,143,head,0.9370629370629371,0.9370629370629371
3751,533,140,mid,0.9714285714285714,0.9714285714285714
3752,540,144,head,0.9236111111111112,0.9236111111111112
3753,541,141,head,0.9290780141843972,0.9290780141843972
3754,539,143,mid,0.965034965034965,0.965034965034965
3755,540,140,head,0.8928571428571429,0.8928571428571429
3756,216,60,mid,0.9833333333333333,0.9833333333333333
3757,537,143,mid,1.0,1.0
3758,216,60,mid,0.9833333333333333,0.9833333333333333
3759,216,60,mid,0.95,0.95
3760,541,142,head,0.9859154929577465,0.9859154929577465
3761,216,60,mid,0.9666666666666667,0.9666666666666667
3762,216,59,mid,0.9661016949152542,0.9661016949152542
3763,540,143,head,0.972027972027972,0.972027972027972
3764,216,59,mid,0.9830508474576272,0.9830508474576272
3765,539,140,mid,0.9785714285714285,0.9785714285714285
3766,539,144,mid,0.9722222222222222,0.9722222222222222
3767,538,142,mid,0.971830985915493,0.971830985915493
3768,216,60,mid,0.9833333333333333,0.9833333333333333
3769,216,60,mid,1.0,1.0
3770,540,143,head,0.951048951048951,0.951048951048951
3771,539,143,mid,0.9300699300699301,0.9300699300699301
3772,539,143,mid,0.9020979020979021,0.9020979020979021
3773,540,141,head,0.9290780141843972,0.9290780141843972
3774,216,60,mid,0.95,0.95
3775,216,60,mid,1.0,1.0
3776,540,142,head,0.9859154929577465,0.9859154929577465
3777,536,142,mid,0.9647887323943662,0.9647887323943662
3778,216,60,mid,0.9833333333333333,0.9833333333333333
3779,216,60,mid,1.0,1.0
3780,216,60,mid,0.9666666666666667,0.9666666666666667
3781,537,143,mid,0.986013986013986,0.986013986013986
3782,216,60,mid,0.95,0.95
3783,216,60,mid,1.0,1.0
3784,536,144,mid,0.9513888888888888,0.9513888888888888
3785,539,144,mid,0.9513888888888888,0.9513888888888888
3786,215,59,tail,1.0,1.0
3787,216,60,mid,0.9833333333333333,0.9833333333333333
3788,213,60,tail,0.9833333333333333,0.9833333333333333
3789,536,141,mid,0.8723404255319149,0.8723404255319149
3790,539,141,mid,0.9716312056737588,0.9716312056737588
3791,540,144,head,0.9583333333333334,0.9583333333333334
3792,216,60,mid,0.9833333333333333,0.9833333333333333
3793,534,143,mid,0.951048951048951,0.951048951048951
3794,216,61,mid,0.9836065573770492,0.9836065573770492
3795,536,143,mid,0.958041958041958,0.958041958041958
3796,216,60,mid,0.9166666666666666,0.9166666666666666
3797,212,60,tail,0.9666666666666667,0.9666666666666667
3798,543,142,head,0.9507042253521126,0.9507042253521126
3799,539,141,mid,0.9645390070921985,0.9645390070921985
3800,541,144,head,0.9513888888888888,0.9513888888888888
3801,216,60,mid,0.95,0.95
3802,215,60,tail,0.9666666666666667,0.9666666666666667
3803,540,141,head,0.9219858156028369,0.9219858156028369
3804,539,142,mid,0.971830985915493,0.971830985915493
3805,216,60,mid,0.9333333333333333,0.9333333333333333
3806,215,60,tail,0.9666666666666667,0.9666666666666667
3807,539,144,mid,0.9305555555555556,0.9305555555555556
3808,216,60,mid,1.0,1.0
3809,216,59,mid,0.9830508474576272,0.9830508474576272
3810,538,142,mid,0.971830985915493,0.971830985915493
3811,216,60,mid,0.9833333333333333,0.9833333333333333
3812,540,145,head,0.9448275862068966,0.9448275862068966
3813,537,141,mid,0.9432624113475178,0.9432624113475178
3814,540,143,head,0.8321678321678322,0.8321678321678322
3815,540,143,head,0.8951048951048951,0.8951048951048951
3816,216,59,mid,0.9830508474576272,0.9830508474576272
3817,216,60,mid,1.0,1.0
3818,216,60,mid,0.9666666666666667,0.9666666666666667
3819,541,142,head,0.9084507042253521,0.9084507042253521
3820,542,144,head,0.9305555555555556,0.9305555555555556
3821,540,142,head,0.9225352112676056,0.9225352112676056
3822,540,143,head,0.9300699300699301,0.9300699300699301
3823,537,144,mid,0.9097222222222222,0.9097222222222222
3824,215,58,tail,1.0,1.0
3825,542,143,head,0.916083916083916,0.916083916083916
3826,536,142,mid,0.9929577464788732,0.9929577464788732
3827,540,143,head,0.972027972027972,0.972027972027972
3828,216,60,mid,0.9666666666666667,0.9666666666666667
3829,540,140,head,0.9214285714285714,0.9214285714285714
3830,540,143,head,0.972027972027972,0.972027972027972
3831,538,143,mid,0.9020979020979021,0.9020979020979021
3832,540,142,head,0.9154929577464789,0.9154929577464789
3833,216,59,mid,0.9661016949152542,0.9661016949152542
3834,215,60,tail,0.95,0.95
3835,216,60,mid,0.95,0.95
3836,216,60,mid,1.0,1.0
3837,214,60,tail,0.9833333333333333,0.9833333333333333
3838,538,142,mid,0.8943661971830986,0.8943661971830986
3839,215,60,tail,0.9833333333333333,0.9833333333333333
3840,538,141,mid,0.8723404255319149,0.8723404255319149
3841,216,60,mid,1.0,1.0
3842,543,142,head,0.9577464788732394,0.9577464788732394
3843,540,142,head,0.9788732394366197,0.9788732394366197
3844,216,60,mid,0.9833333333333333,0.9833333333333333
3845,216,60,mid,0.9666666666666667,0.9666666666666667
3846,216,60,mid,0.9833333333333333,0.9833333333333333
3847,540,141,head,0.8581560283687943,0.8581560283687943
3848,216,60,mid,0.9833333333333333,0.9833333333333333
3849,216,60,mid,0.9333333333333333,0.9333333333333333
3850,216,60,mid,1.0,1.0
3851,216,59,mid,1.0,1.0
3852,216,60,mid,0.95,0.95
3853,210,58,tail,0.8448275862068966,0.8448275862068966
3854,216,59,mid,0.9152542372881356,0.9152542372881356
3855,216,60,mid,0.9833333333333333,0.9833333333333333
3856,215,60,tail,0.9166666666666666,0.9166666666666666
3857,216,60,mid,1.0,1.0
3858,216,60,mid,0.9833333333333333,0.9833333333333333
3859,540,143,head,0.9370629370629371,0.9370629370629371
3860,216,60,mid,0.9833333333333333,0.9833333333333333
3861,216,58,mid,1.0,1.0
3862,537,143,mid,0.972027972027972,0.972027972027972
3863,216,59,mid,0.9661016949152542,0.9661016949152542
3864,540,144,head,0.7569444444444444,0.7569444444444444
3865,539,140,mid,0.9142857142857143,0.9142857142857143
3866,540,140,head,0.9642857142857143,0.9642857142857143
3867,537,142,mid,0.9436619718309859,0.9436619718309859
3868,215,60,tail,1.0,1.0
3869,216,60,mid,0.9833333333333333,0.9833333333333333
3870,216,60,mid,0.9666666666666667,0.9666666666666667
3871,541,145,head,0.9310344827586207,0.9310344827586207
3872,216,60,mid,0.95,0.95
3873,535,144,mid,0.9791666666666666,0.9791666666666666
3874,216,60,mid,0.95,0.95
3875,316,83,mid,0.9518072289156626,0.9518072289156626
3876,216,60,mid,0.9666666666666667,0.9666666666666667
3877,216,60,mid,0.9333333333333333,0.9333333333333333
3878,216,60,mid,1.0,1.0
3879,540,141,head,0.9574468085106383,0.9574468085106383
3880,216,60,mid,0.9666666666666667,0.9666666666666667
3881,216,59,mid,0.9491525423728814,0.9491525423728814
3882,216,60,mid,1.0,1.0
3883,215,60,tail,0.95,0.95
3884,317,83,mid,0.8433734939759037,0.8433734939759037
3885,538,143,mid,0.951048951048951,0.951048951048951
3886,216,60,mid,0.9666666666666667,0.9666666666666667
3887,216,60,mid,1.0,1.0
3888,537,140,mid,0.9642857142857143,0.9642857142857143
3889,546,142,head,0.9295774647887324,0.9295774647887324
3890,544,141,head,0.8297872340425532,0.8297872340425532
3891,541,141,head,0.9148936170212766,0.9148936170212766
3892,541,143,head,0.958041958041958,0.958041958041958
3893,542,141,head,0.9078014184397163,0.9078014184397163
3894,540,142,head,0.8873239436619719,0.8873239436619719
3895,539,143,mid,0.958041958041958,0.958041958041958
3896,216,60,mid,0.9833333333333333,0.9833333333333333
3897,537,139,mid,0.9280575539568345,0.9280575539568345
3898,216,60,mid,0.95,0.95
3899,539,142,mid,0.9507042253521126,0.9507042253521126
3900,216,60,mid,0.9666666666666667,0.9666666666666667
3901,539,142,mid,0.9577464788732394,0.9577464788732394
3902,216,60,mid,0.6833333333333333,0.6833333333333333
3903,215,60,tail,1.0,1.0
3904,538,143,mid,0.9440559440559441,0.9440559440559441
3905,540,142,head,0.9436619718309859,0.9436619718309859
3906,216,60,mid,0.9666666666666667,0.9666666666666667
3907,215,60,tail,0.9666666666666667,0.9666666666666667
3908,535,143,mid,0.9090909090909091,0.9090909090909091
3909,539,144,mid,0.875,0.875
3910,539,138,mid,0.9420289855072463,0.9420289855072463
3911,536,143,mid,0.9300699300699301,0.9300699300699301
3912,541,144,head,0.9513888888888888,0.9513888888888888
3913,216,60,mid,0.9833333333333333,0.9833333333333333
3914,541,144,head,0.9652777777777778,0.9652777777777778
3915,216,60,mid,1.0,1.0
3916,542,141,head,0.950354609929078,0.950354609929078
3917,543,145,head,0.9655172413793104,0.9655172413793104
3918,540,143,head,0.993006993006993,0.993006993006993
3919,539,142,mid,0.9225352112676056,0.9225352112676056
3920,539,143,mid,0.9370629370629371,0.9370629370629371
3921,538,144,mid,0.9791666666666666,0.9791666666666666
3922,539,140,mid,0.9357142857142857,0.9357142857142857
3923,541,142,head,0.9436619718309859,0.9436619718309859
3924,536,144,mid,1.0,1.0
3925,538,144,mid,0.9513888888888888,0.9513888888888888
3926,537,142,mid,0.9647887323943662,0.9647887323943662
3927,216,59,mid,1.0,1.0
3928,212,59,tail,0.9830508474576272,0.9830508474576272
3929,539,142,mid,0.8028169014084507,0.8028169014084507
3930,542,142,head,0.852112676056338,0.852112676056338
3931,216,60,mid,0.9166666666666666,0.9166666666666666
3932,536,142,mid,0.8802816901408451,0.8802816901408451
3933,537,140,mid,0.9642857142857143,0.9642857142857143
3934,540,143,head,0.9300699300699301,0.9300699300699301
3935,316,82,mid,0.6707317073170732,0.6707317073170732
3936,539,143,mid,0.9790209790209791,0.9790209790209791
3937,540,142,head,0.9295774647887324,0.9295774647887324
3938,539,144,mid,0.9305555555555556,0.9305555555555556
3939,216,60,mid,0.9666666666666667,0.9666666666666667
3940,216,60,mid,1.0,1.0
3941,216,60,mid,0.9666666666666667,0.9666666666666667
3942,537,144,mid,0.9861111111111112,0.9861111111111112
3943,215,60,tail,1.0,1.0
3944,540,145,head,0.8758620689655172,0.8758620689655172
3945,216,60,mid,0.9666666666666667,0.9666666666666667
3946,216,60,mid,1.0,1.0
3947,216,60,mid,0.9666666666666667,0.9666666666666667
3948,544,142,head,0.9436619718309859,0.9436619718309859
3949,539,144,mid,0.9166666666666666,0.9166666666666666
3950,216,60,mid,1.0,1.0
3951,216,60,mid,0.9333333333333333,0.9333333333333333
3952,538,142,mid,0.971830985915493,0.971830985915493
3953,539,142,mid,0.9436619718309859,0.9436619718309859
3954,216,60,mid,0.9166666666666666,0.9166666666666666
3955,216,60,mid,0.9666666666666667,0.9666666666666667
3956,538,144,mid,0.8680555555555556,0.8680555555555556
3957,216,60,mid,0.9833333333333333,0.9833333333333333
3958,539,141,mid,0.9929078014184397,0.9929078014184397
3959,538,144,mid,0.8819444444444444,0.8819444444444444
3960,216,60,mid,1.0,1.0
3961,540,141,head,0.9290780141843972,0.9290780141843972
3962,540,142,head,0.9366197183098591,0.9366197183098591
3963,538,143,mid,0.965034965034965,0.965034965034965
3964,540,145,head,0.9655172413793104,0.9655172413793104
3965,216,60,mid,0.9333333333333333,0.9333333333333333
3966,216,60,mid,1.0,1.0
3967,216,60,mid,0.9833333333333333,0.9833333333333333
3968,216,60,mid,0.95,0.95
3969,216,60,mid,0.95,0.95
3970,540,144,head,0.7013888888888888,0.7013888888888888
3971,539,143,mid,0.9440559440559441,0.9440559440559441
3972,216,60,mid,0.7833333333333333,0.7833333333333333
3973,540,141,head,0.9716312056737588,0.9716312056737588
3974,216,60,mid,0.9833333333333333,0.9833333333333333
3975,535,142,mid,0.9225352112676056,0.9225352112676056
3976,216,59,mid,0.9661016949152542,0.9661016949152542
3977,541,143,head,0.965034965034965,0.965034965034965
3978,541,142,head,0.9577464788732394,0.9577464788732394
3979,540,142,head,0.9577464788732394,0.9577464788732394
3980,212,59,tail,0.8813559322033898,0.8813559322033898
3981,216,60,mid,0.9833333333333333,0.9833333333333333
3982,216,60,mid,0.9833333333333333,0.9833333333333333
3983,216,60,mid,1.0,1.0
3984,536,140,mid,0.9714285714285714,0.9714285714285714
3985,541,142,head,0.9366197183098591,0.9366197183098591
3986,216,60,mid,0.9833333333333333,0.9833333333333333
3987,216,59,mid,0.9830508474576272,0.9830508474576272
3988,536,142,mid,0.9859154929577465,0.9859154929577465
3989,216,60,mid,0.8166666666666667,0.8166666666666667
3990,538,143,mid,0.951048951048951,0.951048951048951
3991,216,60,mid,0.9833333333333333,0.9833333333333333
3992,216,60,mid,0.9666666666666667,0.9666666666666667
3993,213,60,tail,0.9666666666666667,0.9666666666666667
3994,533,144,mid,0.9583333333333334,0.9583333333333334
3995,539,141,mid,0.9290780141843972,0.9290780141843972
3996,539,143,mid,0.965034965034965,0.965034965034965
3997,537,142,mid,0.9577464788732394,0.9577464788732394
3998,533,143,mid,0.986013986013986,0.986013986013986
3999,318,82,mid,0.9878048780487805,0.9878048780487805
4000,216,60,mid,1.0,1.0
4001,539,142,mid,0.8380281690140845,0.8380281690140845
4002,216,60,mid,0.9,0.9
4003,541,144,head,0.9861111111111112,0.9861111111111112
4004,216,60,mid,1.0,1.0
4005,216,60,mid,0.95,0.95
4006,213,60,tail,1.0,1.0
4007,542,142,head,1.0,1.0
4008,535,143,mid,0.9090909090909091,0.9090909090909091
4009,206,57,tail,0.9649122807017544,0.9649122807017544
4010,540,144,head,0.9097222222222222,0.9097222222222222
4011,541,142,head,0.9577464788732394,0.9577464788732394
4012,542,145,head,0.9724137931034482,0.9724137931034482
4013,215,60,tail,0.9833333333333333,0.9833333333333333
4014,539,143,mid,0.958041958041958,0.958041958041958
4015,533,141,mid,0.9858156028368794,0.9858156028368794
4016,216,60,mid,0.9666666666666667,0.9666666666666667
4017,534,142,mid,0.9577464788732394,0.9577464788732394
4018,540,139,head,0.9856115107913669,0.9856115107913669
4019,538,144,mid,0.9375,0.9375
4020,215,60,tail,0.95,0.95
4021,216,60,mid,0.95,0.95
4022,215,60,tail,0.9666666666666667,0.9666666666666667
4023,437,118,mid,0.9745762711864406,0.9745762711864406
4024,540,141,head,0.8439716312056738,0.8439716312056738
4025,539,143,mid,0.972027972027972,0.972027972027972
4026,214,60,tail,0.9666666666666667,0.9666666666666667
4027,539,141,mid,0.9645390070921985,0.9645390070921985
4028,540,144,head,0.9652777777777778,0.9652777777777778
4029,216,60,mid,1.0,1.0
4030,540,144,head,0.9930555555555556,0.9930555555555556
4031,539,141,mid,0.9645390070921985,0.9645390070921985
4032,216,60,mid,0.9833333333333333,0.9833333333333333
4033,535,144,mid,0.9791666666666666,0.9791666666666666
4034,539,143,mid,0.9370629370629371,0.9370629370629371
4035,540,144,head,0.9305555555555556,0.9305555555555556
4036,216,60,mid,0.9833333333333333,0.9833333333333333
4037,216,60,mid,0.9833333333333333,0.9833333333333333
4038,540,142,head,0.9507042253521126,0.9507042253521126
4039,216,60,mid,0.9333333333333333,0.9333333333333333
4040,216,60,mid,0.9833333333333333,0.9833333333333333
4041,216,60,mid,0.9833333333333333,0.9833333333333333
4042,216,60,mid,0.9833333333333333,0.9833333333333333
4043,216,60,mid,0.9666666666666667,0.9666666666666667
4044,216,60,mid,0.9833333333333333,0.9833333333333333
4045,541,145,head,0.9517241379310345,0.9517241379310345
4046,215,60,tail,0.9833333333333333,0.9833333333333333
4047,216,60,mid,0.9166666666666666,0.9166666666666666
4048,216,60,mid,0.95,0.95
4049,215,60,tail,0.9833333333333333,0.9833333333333333
4050,538,144,mid,0.8958333333333334,0.8958333333333334
4051,538,143,mid,0.951048951048951,0.951048951048951
4052,539,144,mid,0.9722222222222222,0.9722222222222222
4053,543,144,head,0.9861111111111112,0.9861111111111112
4054,216,60,mid,1.0,1.0
4055,216,60,mid,0.9833333333333333,0.9833333333333333
4056,216,60,mid,1.0,1.0
4057,216,60,mid,0.95,0.95
4058,537,143,mid,0.9230769230769231,0.9230769230769231
4059,542,143,head,0.9300699300699301,0.9300699300699301
4060,213,60,tail,0.9833333333333333,0.9833333333333333
4061,540,141,head,0.9219858156028369,0.9219858156028369
4062,216,60,mid,1.0,1.0
4063,216,60,mid,0.9833333333333333,0.9833333333333333
4064,215,60,tail,1.0,1.0
4065,216,60,mid,0.9833333333333333,0.9833333333333333
4066,436,118,mid,0.9915254237288136,0.9915254237288136
4067,539,143,mid,0.8951048951048951,0.8951048951048951
4068,216,60,mid,0.9833333333333333,0.9833333333333333
4069,216,60,mid,1.0,1.0
4070,215,60,tail,0.9833333333333333,0.9833333333333333
4071,540,143,head,0.993006993006993,0.993006993006993
4072,215,60,tail,1.0,1.0
4073,538,143,mid,0.972027972027972,0.972027972027972
4074,542,144,head,0.9583333333333334,0.9583333333333334
4075,216,60,mid,0.9666666666666667,0.9666666666666667
4076,540,144,head,0.9791666666666666,0.9791666666666666
4077,435,120,mid,0.9583333333333334,0.9583333333333334
4078,539,145,mid,0.9793103448275862,0.9793103448275862
4079,216,60,mid,0.9833333333333333,0.9833333333333333
4080,542,141,head,0.9716312056737588,0.9716312056737588
4081,538,143,mid,0.993006993006993,0.993006993006993
4082,539,141,mid,0.9645390070921985,0.9645390070921985
4083,539,141,mid,0.9290780141843972,0.9290780141843972
4084,541,139,head,0.9496402877697842,0.9496402877697842
4085,216,60,mid,0.9833333333333333,0.9833333333333333
4086,540,144,head,0.9652777777777778,0.9652777777777778
4087,540,142,head,0.9788732394366197,0.9788732394366197
4088,216,60,mid,0.9666666666666667,0.9666666666666667
4089,216,60,mid,0.9833333333333333,0.9833333333333333
4090,216,60,mid,1.0,1.0
4091,538,140,mid,0.9571428571428572,0.9571428571428572
4092,216,60,mid,0.9833333333333333,0.9833333333333333
4093,216,60,mid,0.9833333333333333,0.9833333333333333
4094,216,60,mid,0.95,0.95
4095,542,142,head,0.9788732394366197,0.9788732394366197
4096,533,143,mid,0.9370629370629371,0.9370629370629371
4097,538,143,mid,0.951048951048951,0.951048951048951
4098,216,60,mid,0.9833333333333333,0.9833333333333333
4099,535,143,mid,0.9790209790209791,0.9790209790209791
4100,541,142,head,0.9577464788732394,0.9577464788732394
4101,215,60,tail,0.9666666666666667,0.9666666666666667
4102,216,60,mid,0.9666666666666667,0.9666666666666667
4103,540,143,head,0.972027972027972,0.972027972027972
4104,540,142,head,0.9436619718309859,0.9436619718309859
4105,542,141,head,0.950354609929078,0.950354609929078
4106,216,60,mid,0.9833333333333333,0.9833333333333333
4107,538,143,mid,0.993006993006993,0.993006993006993
4108,536,141,mid,0.9645390070921985,0.9645390070921985
4109,535,144,mid,0.9861111111111112,0.9861111111111112
4110,216,59,mid,1.0,1.0
4111,536,142,mid,0.9647887323943662,0.9647887323943662
4112,216,60,mid,1.0,1.0
4113,537,142,mid,0.9366197183098591,0.9366197183098591
4114,216,60,mid,0.9666666666666667,0.9666666666666667
4115,216,60,mid,0.9833333333333333,0.9833333333333333
4116,216,60,mid,0.9833333333333333,0.9833333333333333
4117,538,142,mid,0.9859154929577465,0.9859154929577465
4118,537,143,mid,0.965034965034965,0.965034965034965
4119,538,143,mid,0.9300699300699301,0.9300699300699301
4120,215,60,tail,1.0,1.0
4121,216,60,mid,0.9833333333333333,0.9833333333333333
4122,216,60,mid,0.9833333333333333,0.9833333333333333
4123,216,58,mid,0.9827586206896551,0.9827586206896551
4124,216,60,mid,0.9666666666666667,0.9666666666666667
4125,216,60,mid,1.0,1.0
4126,215,59,tail,1.0,1.0
4127,539,144,mid,0.9027777777777778,0.9027777777777778
4128,216,60,mid,0.9833333333333333,0.9833333333333333
4129,536,143,mid,0.972027972027972,0.972027972027972
4130,537,144,mid,0.9375,0.9375
4131,215,60,tail,0.9833333333333333,0.9833333333333333
4132,539,142,mid,0.9436619718309859,0.9436619718309859
4133,214,59,tail,0.9661016949152542,0.9661016949152542
4134,213,60,tail,0.9,0.9
4135,534,143,mid,0.965034965034965,0.965034965034965
4136,216,60,mid,0.9833333333333333,0.9833333333333333
4137,213,60,tail,0.85,0.85
4138,216,60,mid,0.9666666666666667,0.9666666666666667
4139,540,142,head,0.9084507042253521,0.9084507042253521
4140,216,60,mid,1.0,1.0
4141,216,59,mid,0.9491525423728814,0.9491525423728814
4142,213,60,tail,0.95,0.95
4143,216,60,mid,0.9666666666666667,0.9666666666666667
4144,540,143,head,0.9090909090909091,0.9090909090909091
4145,540,144,head,0.9652777777777778,0.9652777777777778
4146,526,138,mid,0.8333333333333334,0.8333333333333334
4147,315,83,mid,0.9518072289156626,0.9518072289156626
4148,216,60,mid,0.9666666666666667,0.9666666666666667
4149,540,143,head,0.8811188811188811,0.8811188811188811
4150,216,60,mid,0.9666666666666667,0.9666666666666667
4151,536,144,mid,0.9097222222222222,0.9097222222222222
4152,536,143,mid,0.986013986013986,0.986013986013986
4153,215,60,tail,0.9833333333333333,0.9833333333333333
4154,214,60,tail,1.0,1.0
4155,541,140,head,0.9428571428571428,0.9428571428571428
4156,538,142,mid,0.9788732394366197,0.9788732394366197
4157,216,60,mid,0.95,0.95
4158,214,60,tail,0.9166666666666666,0.9166666666666666
4159,216,60,mid,1.0,1.0
4160,315,83,mid,0.963855421686747,0.963855421686747
4161,540,142,head,0.9647887323943662,0.9647887323943662
4162,538,142,mid,0.9507042253521126,0.9507042253521126
4163,216,60,mid,0.9,0.9
4164,216,60,mid,0.9833333333333333,0.9833333333333333
4165,539,142,mid,0.971830985915493,0.971830985915493
4166,215,60,tail,0.9833333333333333,0.9833333333333333
4167,216,60,mid,1.0,1.0
4168,216,60,mid,0.9833333333333333,0.9833333333333333
4169,216,59,mid,0.9661016949152542,0.9661016949152542
4170,542,143,head,0.9440559440559441,0.9440559440559441
4171,216,59,mid,1.0,1.0
4172,540,143,head,0.9370629370629371,0.9370629370629371
4173,539,144,mid,0.9722222222222222,0.9722222222222222
4174,540,141,head,0.9219858156028369,0.9219858156028369
4175,540,144,head,0.9722222222222222,0.9722222222222222
4176,534,143,mid,0.951048951048951,0.951048951048951
4177,537,142,mid,0.9859154929577465,0.9859154929577465
4178,539,142,mid,0.9366197183098591,0.9366197183098591
4179,542,143,head,0.972027972027972,0.972027972027972
4180,538,144,mid,0.9513888888888888,0.9513888888888888
4181,540,143,head,0.9790209790209791,0.9790209790209791
4182,540,144,head,0.9722222222222222,0.9722222222222222
4183,529,143,mid,0.9300699300699301,0.9300699300699301
4184,316,83,mid,0.8795180722891566,0.8795180722891566
4185,539,144,mid,0.9722222222222222,0.9722222222222222
4186,539,144,mid,0.9236111111111112,0.9236111111111112
4187,216,58,mid,0.9827586206896551,0.9827586206896551
4188,540,142,head,0.9225352112676056,0.9225352112676056
4189,540,142,head,0.852112676056338,0.852112676056338
4190,540,143,head,0.972027972027972,0.972027972027972
4191,536,143,mid,0.9090909090909091,0.9090909090909091
4192,316,83,mid,0.9397590361445783,0.9397590361445783
4193,215,60,tail,0.9833333333333333,0.9833333333333333
4194,539,143,mid,0.9440559440559441,0.9440559440559441
4195,542,142,head,0.9225352112676056,0.9225352112676056
4196,539,143,mid,0.972027972027972,0.972027972027972
4197,542,144,head,0.9097222222222222,0.9097222222222222
4198,535,140,mid,0.9714285714285714,0.9714285714285714
4199,215,60,tail,1.0,1.0
4200,540,142,head,0.971830985915493,0.971830985915493
4201,216,60,mid,0.95,0.95
4202,216,60,mid,0.9666666666666667,0.9666666666666667
4203,216,60,mid,0.9166666666666666,0.9166666666666666
4204,543,142,head,0.9577464788732394,0.9577464788732394
4205,540,144,head,0.9583333333333334,0.9583333333333334
4206,537,142,mid,0.9225352112676056,0.9225352112676056
4207,216,60,mid,0.9833333333333333,0.9833333333333333
4208,544,142,head,0.9788732394366197,0.9788732394366197
4209,537,142,mid,0.9295774647887324,0.9295774647887324
4210,216,60,mid,0.9833333333333333,0.9833333333333333
4211,542,140,head,0.9857142857142858,0.9857142857142858
4212,216,60,mid,0.95,0.95
4213,538,143,mid,0.9440559440559441,0.9440559440559441
4214,216,60,mid,1.0,1.0
4215,216,60,mid,0.9666666666666667,0.9666666666666667
4216,542,141,head,0.9787234042553191,0.9787234042553191
4217,534,142,mid,0.9507042253521126,0.9507042253521126
4218,531,141,mid,0.9574468085106383,0.9574468085106383
4219,539,141,mid,0.9219858156028369,0.9219858156028369
4220,215,59,tail,0.9491525423728814,0.9491525423728814
4221,214,60,tail,0.9666666666666667,0.9666666666666667
4222,534,142,mid,0.971830985915493,0.971830985915493
4223,214,60,tail,0.9666666666666667,0.9666666666666667
4224,538,143,mid,0.965034965034965,0.965034965034965
4225,215,60,tail,1.0,1.0
4226,540,144,head,0.9444444444444444,0.9444444444444444
4227,540,143,head,0.8601398601398601,0.8601398601398601
4228,537,143,mid,0.9370629370629371,0.9370629370629371
4229,216,60,mid,0.9666666666666667,0.9666666666666667
4230,216,60,mid,0.9666666666666667,0.9666666666666667
4231,539,143,mid,0.9230769230769231,0.9230769230769231
4232,541,142,head,0.9436619718309859,0.9436619718309859
4233,216,60,mid,0.9833333333333333,0.9833333333333333
4234,540,143,head,0.951048951048951,0.951048951048951
4235,539,144,mid,0.9583333333333334,0.9583333333333334
4236,540,143,head,0.9440559440559441,0.9440559440559441
4237,214,60,tail,0.9333333333333333,0.9333333333333333
4238,216,59,mid,0.9830508474576272,0.9830508474576272
4239,214,60,tail,0.9833333333333333,0.9833333333333333
4240,532,144,mid,0.9444444444444444,0.9444444444444444
4241,540,144,head,0.8958333333333334,0.8958333333333334
4242,539,143,mid,0.9300699300699301,0.9300699300699301
4243,216,60,mid,0.9833333333333333,0.9833333333333333
4244,538,142,mid,0.8661971830985915,0.8661971830985915
4245,542,141,head,0.9574468085106383,0.9574468085106383
4246,540,144,head,0.9375,0.9375
4247,539,142,mid,0.971830985915493,0.971830985915493
4248,538,142,mid,0.9295774647887324,0.9295774647887324
4249,537,144,mid,0.9652777777777778,0.9652777777777778
4250,216,60,mid,1.0,1.0
4251,213,60,tail,0.9666666666666667,0.9666666666666667
4252,537,143,mid,0.993006993006993,0.993006993006993
4253,216,60,mid,0.95,0.95
4254,216,60,mid,0.9666666666666667,0.9666666666666667
4255,216,59,mid,0.9830508474576272,0.9830508474576272
4256,215,60,tail,0.9666666666666667,0.9666666666666667
4257,214,60,tail,0.9833333333333333,0.9833333333333333
4258,212,60,tail,1.0,1.0
4259,533,141,mid,0.9929078014184397,0.9929078014184397
4260,539,142,mid,0.8661971830985915,0.8661971830985915
4261,215,60,tail,0.9833333333333333,0.9833333333333333
4262,537,143,mid,0.9090909090909091,0.9090909090909091
4263,542,145,head,0.9448275862068966,0.9448275862068966
4264,538,142,mid,0.823943661971831,0.823943661971831
4265,541,144,head,0.8611111111111112,0.8611111111111112
4266,539,145,mid,0.9586206896551724,0.9586206896551724
4267,537,144,mid,0.9097222222222222,0.9097222222222222
4268,540,142,head,0.9577464788732394,0.9577464788732394
4269,216,60,mid,0.95,0.95
4270,540,141,head,0.9290780141843972,0.9290780141843972
4271,542,142,head,0.9366197183098591,0.9366197183098591
4272,540,142,head,0.9507042253521126,0.9507042253521126
4273,216,60,mid,0.9666666666666667,0.9666666666666667
4274,216,60,mid,0.9666666666666667,0.9666666666666667
4275,540,141,head,0.8936170212765957,0.8936170212765957
4276,215,60,tail,0.95,0.95
4277,216,60,mid,0.9333333333333333,0.9333333333333333
4278,540,140,head,0.9357142857142857,0.9357142857142857
4279,214,60,tail,0.9666666666666667,0.9666666666666667
4280,216,60,mid,0.9666666666666667,0.9666666666666667
4281,536,143,mid,0.951048951048951,0.951048951048951
4282,216,60,mid,0.9333333333333333,0.9333333333333333
4283,541,143,head,0.8811188811188811,0.8811188811188811
4284,543,143,head,0.951048951048951,0.951048951048951
4285,215,58,tail,0.9827586206896551,0.9827586206896551
4286,317,82,mid,0.7926829268292683,0.7926829268292683
4287,539,142,mid,0.9647887323943662,0.9647887323943662
4288,216,60,mid,0.95,0.95
4289,216,60,mid,1.0,1.0
4290,316,83,mid,0.7228915662650602,0.7228915662650602
4291,216,60,mid,0.9666666666666667,0.9666666666666667
4292,542,142,head,0.9436619718309859,0.9436619718309859
4293,541,142,head,0.9788732394366197,0.9788732394366197
4294,216,60,mid,0.9666666666666667,0.9666666666666667
4295,216,59,mid,0.9491525423728814,0.9491525423728814
4296,539,141,mid,0.7446808510638298,0.7446808510638298
4297,216,60,mid,1.0,1.0
4298,216,60,mid,0.9333333333333333,0.9333333333333333
4299,217,60,mid,0.9666666666666667,0.9666666666666667
4300,216,60,mid,0.9833333333333333,0.9833333333333333
4301,537,141,mid,0.9361702127659575,0.9361702127659575
4302,539,142,mid,0.9647887323943662,0.9647887323943662
4303,216,60,mid,1.0,1.0
4304,216,60,mid,0.9666666666666667,0.9666666666666667
4305,216,59,mid,0.9830508474576272,0.9830508474576272
4306,540,142,head,0.8732394366197183,0.8732394366197183
4307,539,144,mid,0.9583333333333334,0.9583333333333334
4308,216,59,mid,0.9491525423728814,0.9491525423728814
4309,540,141,head,0.9574468085106383,0.9574468085106383
4310,538,144,mid,0.9305555555555556,0.9305555555555556
4311,541,141,head,0.900709219858156,0.900709219858156
4312,540,142,head,0.8732394366197183,0.8732394366197183
4313,541,142,head,0.8661971830985915,0.8661971830985915
4314,543,143,head,0.958041958041958,0.958041958041958
4315,215,60,tail,0.9666666666666667,0.9666666666666667
4316,216,60,mid,0.9833333333333333,0.9833333333333333
4317,538,142,mid,0.971830985915493,0.971830985915493
4318,216,60,mid,0.9833333333333333,0.9833333333333333
4319,315,83,mid,0.8313253012048193,0.8313253012048193
4320,216,60,mid,0.9833333333333333,0.9833333333333333
4321,216,60,mid,0.9833333333333333,0.9833333333333333
4322,216,59,mid,0.9830508474576272,0.9830508474576272
4323,216,60,mid,0.9666666666666667,0.9666666666666667
4324,216,60,mid,0.95,0.95
4325,216,60,mid,0.95,0.95
4326,537,143,mid,0.972027972027972,0.972027972027972
4327,542,141,head,0.9361702127659575,0.9361702127659575
4328,216,60,mid,0.9833333333333333,0.9833333333333333
4329,216,60,mid,0.9333333333333333,0.9333333333333333
4330,537,142,mid,0.9014084507042254,0.9014084507042254
4331,538,143,mid,0.9300699300699301,0.9300699300699301
4332,215,60,tail,0.9333333333333333,0.9333333333333333
4333,539,141,mid,0.9716312056737588,0.9716312056737588
4334,216,60,mid,0.9833333333333333,0.9833333333333333
4335,215,60,tail,0.9666666666666667,0.9666666666666667
4336,542,140,head,0.9357142857142857,0.9357142857142857
4337,537,141,mid,0.9929078014184397,0.9929078014184397
4338,537,143,mid,0.7902097902097902,0.7902097902097902
4339,216,60,mid,0.9,0.9
4340,216,60,mid,0.9833333333333333,0.9833333333333333
4341,542,141,head,0.9148936170212766,0.9148936170212766
4342,216,60,mid,0.95,0.95
4343,215,60,tail,0.9,0.9
4344,216,60,mid,0.95,0.95
4345,216,60,mid,0.9666666666666667,0.9666666666666667
4346,537,142,mid,0.971830985915493,0.971830985915493
4347,216,60,mid,0.9333333333333333,0.9333333333333333
4348,315,81,mid,0.9012345679012346,0.9012345679012346
4349,216,60,mid,0.9166666666666666,0.9166666666666666
4350,537,142,mid,0.9647887323943662,0.9647887323943662
4351,539,143,mid,0.9090909090909091,0.9090909090909091
4352,216,60,mid,0.9333333333333333,0.9333333333333333
4353,216,60,mid,0.9166666666666666,0.9166666666666666
4354,216,60,mid,1.0,1.0
4355,540,143,head,0.958041958041958,0.958041958041958
4356,538,144,mid,0.9791666666666666,0.9791666666666666
4357,216,60,mid,0.9666666666666667,0.9666666666666667
4358,216,60,mid,0.9833333333333333,0.9833333333333333
4359,216,60,mid,0.9833333333333333,0.9833333333333333
4360,536,142,mid,0.9295774647887324,0.9295774647887324
4361,539,140,mid,0.9142857142857143,0.9142857142857143
4362,216,60,mid,0.9833333333333333,0.9833333333333333
4363,215,60,tail,0.9666666666666667,0.9666666666666667
4364,537,140,mid,0.9857142857142858,0.9857142857142858
4365,216,60,mid,0.9666666666666667,0.9666666666666667
4366,216,60,mid,0.9833333333333333,0.9833333333333333
4367,216,59,mid,0.9661016949152542,0.9661016949152542
4368,214,59,tail,0.9830508474576272,0.9830508474576272
4369,537,143,mid,0.951048951048951,0.951048951048951
4370,539,143,mid,0.9300699300699301,0.9300699300699301
4371,536,143,mid,0.916083916083916,0.916083916083916
4372,216,60,mid,1.0,1.0
4373,216,60,mid,1.0,1.0
4374,216,60,mid,0.9833333333333333,0.9833333333333333
4375,543,141,head,0.9716312056737588,0.9716312056737588
4376,216,60,mid,0.95,0.95
4377,216,60,mid,0.95,0.95
4378,216,57,mid,0.9298245614035088,0.9298245614035088
4379,216,60,mid,0.9833333333333333,0.9833333333333333
4380,216,60,mid,0.9666666666666667,0.9666666666666667
4381,216,59,mid,0.9661016949152542,0.9661016949152542
4382,215,60,tail,0.95,0.95
4383,216,60,mid,1.0,1.0
4384,537,142,mid,0.9225352112676056,0.9225352112676056
4385,216,60,mid,0.9666666666666667,0.9666666666666667
4386,315,83,mid,0.927710843373494,0.927710843373494
4387,538,142,mid,0.9507042253521126,0.9507042253521126
4388,216,60,mid,0.9666666666666667,0.9666666666666667
4389,216,60,mid,0.9333333333333333,0.9333333333333333
4390,539,142,mid,0.9647887323943662,0.9647887323943662
4391,540,144,head,0.8472222222222222,0.8472222222222222
4392,216,59,mid,1.0,1.0
4393,539,143,mid,0.9440559440559441,0.9440559440559441
4394,216,60,mid,0.95,0.95
4395,537,143,mid,0.951048951048951,0.951048951048951
4396,542,141,head,0.9645390070921985,0.9645390070921985
4397,216,59,mid,0.9322033898305084,0.9322033898305084
4398,538,142,mid,0.9436619718309859,0.9436619718309859
4399,537,141,mid,0.9078014184397163,0.9078014184397163
4400,543,143,head,0.965034965034965,0.965034965034965
4401,541,146,head,0.9315068493150684,0.9315068493150684
4402,216,59,mid,0.9491525423728814,0.9491525423728814
4403,216,59,mid,1.0,1.0
4404,216,59,mid,0.9830508474576272,0.9830508474576272
4405,537,143,mid,0.8811188811188811,0.8811188811188811
4406,216,60,mid,0.9666666666666667,0.9666666666666667
4407,538,144,mid,0.9513888888888888,0.9513888888888888
4408,537,140,mid,1.0,1.0
4409,540,140,head,0.95,0.95
4410,534,140,mid,0.9428571428571428,0.9428571428571428
4411,539,141,mid,0.8297872340425532,0.8297872340425532
4412,216,59,mid,0.9830508474576272,0.9830508474576272
4413,438,118,mid,0.9830508474576272,0.9830508474576272
4414,540,142,head,0.9507042253521126,0.9507042253521126
4415,216,60,mid,0.9833333333333333,0.9833333333333333
4416,216,60,mid,0.95,0.95
4417,540,144,head,0.9305555555555556,0.9305555555555556
4418,216,60,mid,0.9666666666666667,0.9666666666666667
4419,216,60,mid,0.9666666666666667,0.9666666666666667
4420,214,60,tail,0.9666666666666667,0.9666666666666667
4421,216,59,mid,1.0,1.0
4422,540,143,head,0.958041958041958,0.958041958041958
4423,216,60,mid,0.9833333333333333,0.9833333333333333
4424,216,59,mid,1.0,1.0
4425,539,140,mid,0.9642857142857143,0.9642857142857143
4426,538,142,mid,0.9366197183098591,0.9366197183098591
4427,216,60,mid,0.9833333333333333,0.9833333333333333
4428,539,142,mid,0.9788732394366197,0.9788732394366197
4429,537,144,mid,0.8819444444444444,0.8819444444444444
4430,541,144,head,0.9652777777777778,0.9652777777777778
4431,533,143,mid,0.9230769230769231,0.9230769230769231
4432,216,60,mid,1.0,1.0
4433,539,144,mid,0.9583333333333334,0.9583333333333334
4434,215,60,tail,0.8166666666666667,0.8166666666666667
4435,216,60,mid,0.8833333333333333,0.8833333333333333
4436,540,143,head,0.7622377622377622,0.7622377622377622
4437,541,143,head,0.965034965034965,0.965034965034965
4438,535,142,mid,0.9084507042253521,0.9084507042253521
4439,537,142,mid,0.8873239436619719,0.8873239436619719
4440,539,143,mid,0.972027972027972,0.972027972027972
4441,538,142,mid,0.9154929577464789,0.9154929577464789
4442,537,142,mid,0.9225352112676056,0.9225352112676056
4443,538,143,mid,0.9370629370629371,0.9370629370629371
4444,216,59,mid,0.9491525423728814,0.9491525423728814
4445,216,59,mid,0.9830508474576272,0.9830508474576272
4446,213,56,tail,0.9285714285714286,0.9285714285714286
4447,216,60,mid,0.9166666666666666,0.9166666666666666
4448,539,141,mid,0.9219858156028369,0.9219858156028369
4449,216,60,mid,0.9833333333333333,0.9833333333333333
4450,214,60,tail,0.9166666666666666,0.9166666666666666
4451,533,142,mid,0.971830985915493,0.971830985915493
4452,216,60,mid,1.0,1.0
4453,216,56,mid,0.9642857142857143,0.9642857142857143
4454,540,142,head,0.9436619718309859,0.9436619718309859
4455,216,59,mid,0.9830508474576272,0.9830508474576272
4456,541,143,head,0.9090909090909091,0.9090909090909091
4457,216,59,mid,0.9661016949152542,0.9661016949152542
4458,536,143,mid,0.8531468531468531,0.8531468531468531
4459,216,58,mid,1.0,1.0
4460,542,143,head,0.8951048951048951,0.8951048951048951
4461,540,143,head,0.8391608391608392,0.8391608391608392
4462,216,59,mid,0.9830508474576272,0.9830508474576272
4463,216,59,mid,0.9830508474576272,0.9830508474576272
4464,538,142,mid,0.8873239436619719,0.8873239436619719
4465,537,143,mid,0.958041958041958,0.958041958041958
4466,540,142,head,0.8802816901408451,0.8802816901408451
4467,216,59,mid,0.9322033898305084,0.9322033898305084
4468,542,141,head,0.9432624113475178,0.9432624113475178
4469,216,59,mid,0.9830508474576272,0.9830508474576272
4470,538,143,mid,0.9230769230769231,0.9230769230769231
4471,541,142,head,0.9366197183098591,0.9366197183098591
4472,537,143,mid,0.9230769230769231,0.9230769230769231
4473,216,60,mid,0.9666666666666667,0.9666666666666667
4474,538,141,mid,0.9716312056737588,0.9716312056737588
4475,536,142,mid,0.9295774647887324,0.9295774647887324
4476,540,142,head,0.8591549295774648,0.8591549295774648
4477,541,143,head,0.8951048951048951,0.8951048951048951
4478,539,142,mid,0.9154929577464789,0.9154929577464789
4479,539,140,mid,0.85,0.85
4480,215,60,tail,0.9833333333333333,0.9833333333333333
4481,538,142,mid,0.9084507042253521,0.9084507042253521
4482,216,58,mid,0.9827586206896551,0.9827586206896551
4483,538,143,mid,0.9020979020979021,0.9020979020979021
4484,217,59,mid,1.0,1.0
4485,215,58,tail,0.9655172413793104,0.9655172413793104
4486,216,58,mid,1.0,1.0
4487,538,142,mid,0.9647887323943662,0.9647887323943662
4488,540,144,head,0.8402777777777778,0.8402777777777778
4489,539,141,mid,0.9787234042553191,0.9787234042553191
4490,541,143,head,0.9020979020979021,0.9020979020979021
4491,540,145,head,0.9379310344827586,0.9379310344827586
4492,537,144,mid,0.9583333333333334,0.9583333333333334
4493,216,59,mid,1.0,1.0
4494,542,140,head,0.8785714285714286,0.8785714285714286
4495,216,59,mid,1.0,1.0
4496,216,59,mid,0.9661016949152542,0.9661016949152542
4497,538,144,mid,0.9027777777777778,0.9027777777777778
4498,540,142,head,0.8943661971830986,0.8943661971830986
4499,541,143,head,0.8811188811188811,0.8811188811188811
4500,214,59,tail,0.9322033898305084,0.9322033898305084
4501,542,142,head,0.971830985915493,0.971830985915493
4502,536,143,mid,0.9230769230769231,0.9230769230769231
4503,539,143,mid,0.9020979020979021,0.9020979020979021
4504,215,59,tail,1.0,1.0
4505,538,144,mid,0.9166666666666666,0.9166666666666666
4506,216,59,mid,0.9830508474576272,0.9830508474576272
4507,538,139,mid,0.8848920863309353,0.8848920863309353
4508,533,142,mid,0.8028169014084507,0.8028169014084507
4509,539,142,mid,0.8169014084507042,0.8169014084507042
4510,216,59,mid,0.9661016949152542,0.9661016949152542
4511,537,142,mid,0.8591549295774648,0.8591549295774648
4512,540,142,head,0.9507042253521126,0.9507042253521126
4513,532,141,mid,0.8226950354609929,0.8226950354609929
4514,538,141,mid,0.9645390070921985,0.9645390070921985
4515,216,59,mid,1.0,1.0
4516,216,59,mid,0.9661016949152542,0.9661016949152542
4517,537,142,mid,0.8098591549295775,0.8098591549295775
4518,540,144,head,0.9375,0.9375
4519,215,60,tail,0.9333333333333333,0.9333333333333333
4520,531,144,mid,0.8958333333333334,0.8958333333333334
4521,535,141,mid,0.9078014184397163,0.9078014184397163
4522,538,142,mid,0.9225352112676056,0.9225352112676056
4523,216,59,mid,0.9491525423728814,0.9491525423728814
4524,537,141,mid,0.851063829787234,0.851063829787234
4525,540,143,head,0.8741258741258742,0.8741258741258742
4526,216,59,mid,0.9830508474576272,0.9830508474576272
4527,540,143,head,0.9020979020979021,0.9020979020979021
4528,216,59,mid,0.9491525423728814,0.9491525423728814
4529,216,58,mid,1.0,1.0
4530,537,140,mid,0.9357142857142857,0.9357142857142857
4531,216,59,mid,0.8813559322033898,0.8813559322033898
4532,216,59,mid,0.9491525423728814,0.9491525423728814
4533,536,144,mid,0.9305555555555556,0.9305555555555556
4534,541,142,head,0.9295774647887324,0.9295774647887324
4535,537,143,mid,0.951048951048951,0.951048951048951
4536,216,59,mid,0.9830508474576272,0.9830508474576272
4537,544,142,head,0.9507042253521126,0.9507042253521126
4538,543,142,head,0.9084507042253521,0.9084507042253521
4539,216,60,mid,1.0,1.0
4540,216,59,mid,1.0,1.0
4541,216,59,mid,0.9661016949152542,0.9661016949152542
4542,540,144,head,0.8680555555555556,0.8680555555555556
4543,539,145,mid,0.8758620689655172,0.8758620689655172
4544,216,59,mid,0.9830508474576272,0.9830508474576272
4545,538,142,mid,0.8802816901408451,0.8802816901408451
4546,540,143,head,0.958041958041958,0.958041958041958
4547,216,59,mid,1.0,1.0
4548,216,59,mid,0.9661016949152542,0.9661016949152542
4549,216,58,mid,0.9827586206896551,0.9827586206896551
4550,537,142,mid,0.9295774647887324,0.9295774647887324
4551,535,143,mid,0.9300699300699301,0.9300699300699301
4552,538,142,mid,0.9929577464788732,0.9929577464788732
4553,216,59,mid,0.9830508474576272,0.9830508474576272
4554,216,59,mid,0.9830508474576272,0.9830508474576272
4555,539,140,mid,0.9285714285714286,0.9285714285714286
4556,216,58,mid,0.9655172413793104,0.9655172413793104
4557,216,59,mid,0.9661016949152542,0.9661016949152542
4558,216,59,mid,0.9830508474576272,0.9830508474576272
4559,532,139,mid,0.9136690647482014,0.9136690647482014
4560,216,59,mid,1.0,1.0
4561,215,58,tail,0.9827586206896551,0.9827586206896551
4562,216,59,mid,0.9830508474576272,0.9830508474576272
4563,539,141,mid,0.9290780141843972,0.9290780141843972
4564,540,141,head,0.9290780141843972,0.9290780141843972
4565,536,143,mid,0.9020979020979021,0.9020979020979021
4566,540,142,head,0.8802816901408451,0.8802816901408451
4567,213,59,tail,0.9661016949152542,0.9661016949152542
4568,543,142,head,0.9295774647887324,0.9295774647887324
4569,216,60,mid,1.0,1.0
4570,542,142,head,0.8943661971830986,0.8943661971830986
4571,216,60,mid,1.0,1.0
4572,216,60,mid,1.0,1.0
4573,541,139,head,0.9424460431654677,0.9424460431654677
4574,216,60,mid,0.9833333333333333,0.9833333333333333
4575,540,143,head,0.9790209790209791,0.9790209790209791
4576,216,60,mid,1.0,1.0
4577,216,60,mid,0.9666666666666667,0.9666666666666667
4578,216,60,mid,0.9833333333333333,0.9833333333333333
4579,315,80,mid,0.8875,0.8875
4580,216,60,mid,0.9333333333333333,0.9333333333333333
4581,215,59,tail,0.9661016949152542,0.9661016949152542
4582,216,60,mid,0.95,0.95
4583,540,143,head,0.958041958041958,0.958041958041958
4584,537,143,mid,0.9790209790209791,0.9790209790209791
4585,216,60,mid,0.9666666666666667,0.9666666666666667
4586,216,60,mid,1.0,1.0
4587,216,60,mid,0.9666666666666667,0.9666666666666667
4588,317,83,mid,0.8313253012048193,0.8313253012048193
4589,538,142,mid,0.9577464788732394,0.9577464788732394
4590,216,60,mid,0.9666666666666667,0.9666666666666667
4591,316,84,mid,0.9642857142857143,0.9642857142857143
4592,216,60,mid,1.0,1.0
4593,216,60,mid,0.95,0.95
4594,216,60,mid,0.9666666666666667,0.9666666666666667
4595,540,143,head,0.8811188811188811,0.8811188811188811
4596,215,59,tail,1.0,1.0
4597,215,60,tail,0.9833333333333333,0.9833333333333333
4598,534,141,mid,0.9787234042553191,0.9787234042553191
4599,537,143,mid,0.965034965034965,0.965034965034965
4600,216,60,mid,1.0,1.0
4601,216,60,mid,0.9666666666666667,0.9666666666666667
4602,216,60,mid,1.0,1.0
4603,542,142,head,0.9788732394366197,0.9788732394366197
4604,541,143,head,0.9440559440559441,0.9440559440559441
4605,213,60,tail,0.95,0.95
4606,539,140,mid,0.95,0.95
4607,537,143,mid,0.9300699300699301,0.9300699300699301
4608,216,60,mid,0.9833333333333333,0.9833333333333333
4609,539,142,mid,0.9929577464788732,0.9929577464788732
4610,216,60,mid,1.0,1.0
4611,216,60,mid,0.9833333333333333,0.9833333333333333
4612,543,140,head,0.9428571428571428,0.9428571428571428
4613,216,60,mid,0.9833333333333333,0.9833333333333333
4614,539,143,mid,0.9370629370629371,0.9370629370629371
4615,538,142,mid,0.9507042253521126,0.9507042253521126
4616,540,143,head,0.965034965034965,0.965034965034965
4617,216,60,mid,1.0,1.0
4618,540,142,head,0.9225352112676056,0.9225352112676056
4619,215,60,tail,1.0,1.0
4620,216,60,mid,0.9833333333333333,0.9833333333333333
4621,214,60,tail,1.0,1.0
4622,215,60,tail,0.9666666666666667,0.9666666666666667
4623,216,60,mid,1.0,1.0
4624,540,144,head,0.9375,0.9375
4625,535,144,mid,0.9930555555555556,0.9930555555555556
4626,532,144,mid,0.9513888888888888,0.9513888888888888
4627,216,59,mid,0.9661016949152542,0.9661016949152542
4628,538,141,mid,0.900709219858156,0.900709219858156
4629,539,143,mid,0.965034965034965,0.965034965034965
4630,216,57,mid,1.0,1.0
4631,540,143,head,0.986013986013986,0.986013986013986
4632,215,60,tail,0.9833333333333333,0.9833333333333333
4633,540,143,head,0.972027972027972,0.972027972027972
4634,538,144,mid,0.9583333333333334,0.9583333333333334
4635,216,59,mid,1.0,1.0
4636,216,59,mid,0.9661016949152542,0.9661016949152542
4637,216,59,mid,1.0,1.0
4638,214,59,tail,0.9830508474576272,0.9830508474576272
4639,215,59,tail,0.9491525423728814,0.9491525423728814
4640,537,142,mid,0.971830985915493,0.971830985915493
4641,216,59,mid,1.0,1.0
4642,541,142,head,0.971830985915493,0.971830985915493
4643,216,60,mid,1.0,1.0
4644,543,143,head,0.916083916083916,0.916083916083916
4645,537,142,mid,0.9436619718309859,0.9436619718309859
4646,215,60,tail,0.9833333333333333,0.9833333333333333
4647,540,143,head,0.986013986013986,0.986013986013986
4648,315,83,mid,0.963855421686747,0.963855421686747
4649,540,144,head,0.9652777777777778,0.9652777777777778
4650,216,60,mid,0.9666666666666667,0.9666666666666667
4651,536,142,mid,0.9929577464788732,0.9929577464788732
4652,216,59,mid,1.0,1.0
4653,216,60,mid,0.95,0.95
4654,542,142,head,0.9647887323943662,0.9647887323943662
4655,540,141,head,1.0,1.0
4656,216,60,mid,1.0,1.0
4657,216,60,mid,0.9833333333333333,0.9833333333333333
4658,216,60,mid,0.9833333333333333,0.9833333333333333
4659,317,82,mid,0.9634146341463414,0.9634146341463414
4660,216,60,mid,0.9833333333333333,0.9833333333333333
4661,215,60,tail,0.9833333333333333,0.9833333333333333
4662,536,140,mid,0.9928571428571429,0.9928571428571429
4663,536,141,mid,0.9858156028368794,0.9858156028368794
4664,215,60,tail,0.9666666666666667,0.9666666666666667
4665,541,142,head,0.9647887323943662,0.9647887323943662
4666,540,144,head,0.9375,0.9375
4667,542,144,head,0.9652777777777778,0.9652777777777778
4668,534,141,mid,0.9219858156028369,0.9219858156028369
4669,538,144,mid,0.9166666666666666,0.9166666666666666
4670,216,59,mid,0.9830508474576272,0.9830508474576272
4671,542,145,head,0.9241379310344827,0.9241379310344827
4672,216,60,mid,0.9833333333333333,0.9833333333333333
4673,215,60,tail,0.9666666666666667,0.9666666666666667
4674,541,142,head,0.9436619718309859,0.9436619718309859
4675,530,141,mid,0.8368794326241135,0.8368794326241135
4676,539,143,mid,0.9300699300699301,0.9300699300699301
4677,213,60,tail,0.9833333333333333,0.9833333333333333
4678,215,59,tail,1.0,1.0
4679,542,142,head,0.9929577464788732,0.9929577464788732
4680,214,60,tail,0.9666666666666667,0.9666666666666667
4681,541,142,head,0.9859154929577465,0.9859154929577465
4682,540,144,head,0.9861111111111112,0.9861111111111112
4683,541,141,head,0.9574468085106383,0.9574468085106383
4684,216,58,mid,0.9655172413793104,0.9655172413793104
4685,216,59,mid,0.9830508474576272,0.9830508474576272
4686,215,60,tail,0.9833333333333333,0.9833333333333333
4687,216,60,mid,1.0,1.0
4688,216,60,mid,0.9833333333333333,0.9833333333333333
4689,215,60,tail,0.9666666666666667,0.9666666666666667
4690,214,60,tail,0.9666666666666667,0.9666666666666667
4691,215,59,tail,1.0,1.0
4692,535,144,mid,0.9861111111111112,0.9861111111111112
4693,212,59,tail,1.0,1.0
4694,216,60,mid,0.9666666666666667,0.9666666666666667
4695,214,59,tail,0.9830508474576272,0.9830508474576272
4696,540,141,head,0.9858156028368794,0.9858156028368794
4697,214,59,tail,0.9322033898305084,0.9322033898305084
4698,537,144,mid,0.9166666666666666,0.9166666666666666
4699,216,60,mid,0.9833333333333333,0.9833333333333333
4700,538,143,mid,0.958041958041958,0.958041958041958
4701,542,142,head,0.9788732394366197,0.9788732394366197
4702,540,141,head,0.9929078014184397,0.9929078014184397
4703,540,142,head,0.9577464788732394,0.9577464788732394
4704,540,142,head,1.0,1.0
4705,213,59,tail,0.9661016949152542,0.9661016949152542
4706,216,60,mid,0.9833333333333333,0.9833333333333333
4707,536,143,mid,0.993006993006993,0.993006993006993
4708,536,143,mid,0.965034965034965,0.965034965034965
4709,541,145,head,0.9724137931034482,0.9724137931034482
4710,216,60,mid,1.0,1.0
4711,215,60,tail,0.9833333333333333,0.9833333333333333
4712,536,142,mid,0.9507042253521126,0.9507042253521126
4713,532,142,mid,0.9859154929577465,0.9859154929577465
4714,539,144,mid,0.9583333333333334,0.9583333333333334
4715,215,60,tail,1.0,1.0
4716,543,142,head,0.9647887323943662,0.9647887323943662
4717,216,60,mid,0.9833333333333333,0.9833333333333333
4718,216,60,mid,1.0,1.0
4719,214,60,tail,0.9833333333333333,0.9833333333333333
4720,538,142,mid,0.9859154929577465,0.9859154929577465
4721,541,143,head,0.986013986013986,0.986013986013986
4722,538,143,mid,0.972027972027972,0.972027972027972
4723,531,142,mid,0.9929577464788732,0.9929577464788732
4724,539,143,mid,0.958041958041958,0.958041958041958
4725,536,141,mid,0.8581560283687943,0.8581560283687943
4726,538,141,mid,0.9858156028368794,0.9858156028368794
4727,216,60,mid,0.8333333333333334,0.8333333333333334
4728,540,142,head,0.8873239436619719,0.8873239436619719
4729,540,144,head,0.9444444444444444,0.9444444444444444
4730,541,142,head,0.9295774647887324,0.9295774647887324
4731,541,142,head,0.9436619718309859,0.9436619718309859
4732,216,60,mid,0.9833333333333333,0.9833333333333333
4733,541,142,head,0.8943661971830986,0.8943661971830986
4734,216,60,mid,1.0,1.0
4735,542,143,head,0.8741258741258742,0.8741258741258742
4736,536,141,mid,0.9290780141843972,0.9290780141843972
4737,541,145,head,0.9172413793103448,0.9172413793103448
4738,541,140,head,0.9357142857142857,0.9357142857142857
4739,540,141,head,0.9645390070921985,0.9645390070921985
4740,538,143,mid,0.8531468531468531,0.8531468531468531
4741,533,141,mid,0.8297872340425532,0.8297872340425532
4742,216,60,mid,0.9833333333333333,0.9833333333333333
4743,216,60,mid,1.0,1.0
4744,540,140,head,0.8,0.8
4745,538,143,mid,0.9230769230769231,0.9230769230769231
4746,216,60,mid,0.9666666666666667,0.9666666666666667
4747,542,145,head,0.6827586206896552,0.6827586206896552
4748,312,83,mid,0.9036144578313253,0.9036144578313253
4749,216,60,mid,0.9666666666666667,0.9666666666666667
4750,540,141,head,0.9361702127659575,0.9361702127659575
4751,216,60,mid,1.0,1.0
4752,215,59,tail,0.9322033898305084,0.9322033898305084
4753,538,142,mid,0.971830985915493,0.971830985915493
4754,540,144,head,0.875,0.875
4755,540,144,head,0.9166666666666666,0.9166666666666666
4756,540,141,head,0.950354609929078,0.950354609929078
4757,216,59,mid,0.9830508474576272,0.9830508474576272
4758,540,142,head,0.8802816901408451,0.8802816901408451
4759,216,60,mid,0.95,0.95
4760,541,142,head,0.9788732394366197,0.9788732394366197
4761,542,143,head,0.9440559440559441,0.9440559440559441
4762,216,59,mid,0.9830508474576272,0.9830508474576272
4763,537,142,mid,0.8591549295774648,0.8591549295774648
4764,539,144,mid,0.9097222222222222,0.9097222222222222
4765,215,60,tail,0.9333333333333333,0.9333333333333333
4766,216,60,mid,0.95,0.95
4767,536,144,mid,0.9722222222222222,0.9722222222222222
4768,216,59,mid,0.9661016949152542,0.9661016949152542
4769,539,144,mid,0.8333333333333334,0.8333333333333334
4770,216,59,mid,0.9830508474576272,0.9830508474576272
4771,543,142,head,0.9225352112676056,0.9225352112676056
4772,538,142,mid,0.9647887323943662,0.9647887323943662
4773,216,60,mid,1.0,1.0
4774,216,60,mid,0.95,0.95
4775,316,83,mid,0.6987951807228916,0.6987951807228916
4776,216,60,mid,0.9833333333333333,0.9833333333333333
4777,216,60,mid,0.9833333333333333,0.9833333333333333
4778,216,60,mid,1.0,1.0
4779,216,60,mid,1.0,1.0
4780,216,60,mid,1.0,1.0
4781,216,60,mid,0.9833333333333333,0.9833333333333333
4782,540,144,head,0.9513888888888888,0.9513888888888888
4783,540,142,head,0.9788732394366197,0.9788732394366197
4784,216,60,mid,0.9,0.9
4785,216,59,mid,0.9830508474576272,0.9830508474576272
4786,541,142,head,0.9647887323943662,0.9647887323943662
4787,215,60,tail,0.9666666666666667,0.9666666666666667
4788,538,143,mid,0.9020979020979021,0.9020979020979021
4789,540,143,head,0.9020979020979021,0.9020979020979021
4790,541,140,head,0.9285714285714286,0.9285714285714286
4791,216,59,mid,0.9830508474576272,0.9830508474576272
4792,538,144,mid,0.9583333333333334,0.9583333333333334
4793,542,144,head,0.9375,0.9375
4794,542,142,head,0.9295774647887324,0.9295774647887324
4795,539,143,mid,0.958041958041958,0.958041958041958
4796,536,142,mid,0.9225352112676056,0.9225352112676056
4797,216,60,mid,1.0,1.0
4798,216,59,mid,0.9152542372881356,0.9152542372881356
4799,541,143,head,0.9370629370629371,0.9370629370629371
4800,538,141,mid,0.950354609929078,0.950354609929078
4801,537,144,mid,0.9236111111111112,0.9236111111111112
4802,216,60,mid,0.9166666666666666,0.9166666666666666
4803,536,142,mid,0.9577464788732394,0.9577464788732394
4804,216,58,mid,0.9827586206896551,0.9827586206896551
4805,542,143,head,0.9370629370629371,0.9370629370629371
4806,216,60,mid,0.9666666666666667,0.9666666666666667
4807,540,143,head,0.965034965034965,0.965034965034965
4808,216,59,mid,0.9830508474576272,0.9830508474576272
4809,215,60,tail,0.9333333333333333,0.9333333333333333
4810,216,60,mid,0.95,0.95
4811,540,142,head,0.9295774647887324,0.9295774647887324
4812,540,142,head,0.8943661971830986,0.8943661971830986
4813,216,60,mid,0.9833333333333333,0.9833333333333333
4814,216,60,mid,0.9333333333333333,0.9333333333333333
4815,539,141,mid,0.8652482269503546,0.8652482269503546
4816,537,144,mid,0.875,0.875
4817,539,142,mid,0.9788732394366197,0.9788732394366197
4818,216,59,mid,0.9661016949152542,0.9661016949152542
4819,539,142,mid,0.9225352112676056,0.9225352112676056
4820,540,143,head,0.951048951048951,0.951048951048951
4821,317,84,mid,0.9880952380952381,0.9880952380952381
4822,542,141,head,0.9716312056737588,0.9716312056737588
4823,542,142,head,0.9788732394366197,0.9788732394366197
4824,216,60,mid,0.9833333333333333,0.9833333333333333
4825,216,60,mid,1.0,1.0
4826,535,143,mid,0.9440559440559441,0.9440559440559441
4827,541,142,head,0.9295774647887324,0.9295774647887324
4828,216,60,mid,0.9166666666666666,0.9166666666666666
4829,216,60,mid,0.95,0.95
4830,216,60,mid,0.9833333333333333,0.9833333333333333
4831,540,143,head,0.9300699300699301,0.9300699300699301
4832,216,60,mid,1.0,1.0
4833,215,60,tail,0.9833333333333333,0.9833333333333333
4834,216,60,mid,1.0,1.0
4835,540,144,head,0.9375,0.9375
4836,541,143,head,0.916083916083916,0.916083916083916
4837,216,59,mid,1.0,1.0
4838,214,60,tail,0.9833333333333333,0.9833333333333333
4839,541,141,head,0.9361702127659575,0.9361702127659575
4840,540,144,head,0.9652777777777778,0.9652777777777778
4841,512,135,mid,0.9777777777777777,0.9777777777777777
4842,216,60,mid,0.9833333333333333,0.9833333333333333
4843,216,60,mid,1.0,1.0
4844,532,140,mid,0.95,0.95
4845,540,143,head,0.9230769230769231,0.9230769230769231
4846,545,142,head,0.9154929577464789,0.9154929577464789
4847,215,59,tail,1.0,1.0
4848,216,60,mid,1.0,1.0
4849,541,143,head,0.993006993006993,0.993006993006993
4850,540,141,head,0.9787234042553191,0.9787234042553191
4851,216,60,mid,0.9666666666666667,0.9666666666666667
4852,540,142,head,0.9154929577464789,0.9154929577464789
4853,216,59,mid,0.9830508474576272,0.9830508474576272
4854,537,143,mid,0.8881118881118881,0.8881118881118881
4855,537,143,mid,0.965034965034965,0.965034965034965
4856,535,141,mid,0.9219858156028369,0.9219858156028369
4857,216,60,mid,1.0,1.0
4858,214,59,tail,0.864406779661017,0.864406779661017
4859,536,144,mid,0.9791666666666666,0.9791666666666666
4860,216,60,mid,1.0,1.0
4861,537,141,mid,0.9787234042553191,0.9787234042553191
4862,216,60,mid,1.0,1.0
4863,216,60,mid,0.9833333333333333,0.9833333333333333
4864,538,142,mid,0.9859154929577465,0.9859154929577465
4865,215,59,tail,0.9661016949152542,0.9661016949152542
4866,543,142,head,0.971830985915493,0.971830985915493
4867,537,143,mid,1.0,1.0
4868,541,143,head,0.951048951048951,0.951048951048951
4869,315,84,mid,0.8690476190476191,0.8690476190476191
4870,216,60,mid,1.0,1.0
4871,216,60,mid,1.0,1.0
4872,214,60,tail,1.0,1.0
4873,540,143,head,0.951048951048951,0.951048951048951
4874,215,59,tail,0.9152542372881356,0.9152542372881356
4875,538,144,mid,0.9375,0.9375
4876,216,60,mid,0.9833333333333333,0.9833333333333333
4877,541,142,head,0.9647887323943662,0.9647887323943662
4878,541,142,head,0.9436619718309859,0.9436619718309859
4879,542,142,head,0.9225352112676056,0.9225352112676056
4880,541,145,head,0.9862068965517241,0.9862068965517241
4881,540,144,head,0.9583333333333334,0.9583333333333334
4882,216,60,mid,0.9166666666666666,0.9166666666666666
4883,542,144,head,0.9375,0.9375
4884,214,59,tail,1.0,1.0
4885,216,60,mid,0.95,0.95
4886,216,60,mid,0.9833333333333333,0.9833333333333333
4887,540,144,head,0.9861111111111112,0.9861111111111112
4888,540,142,head,0.9929577464788732,0.9929577464788732
4889,535,144,mid,0.9375,0.9375
4890,540,143,head,0.9230769230769231,0.9230769230769231
4891,216,60,mid,0.9666666666666667,0.9666666666666667
4892,534,143,mid,0.965034965034965,0.965034965034965
4893,534,141,mid,0.9787234042553191,0.9787234042553191
4894,216,60,mid,0.9666666666666667,0.9666666666666667
4895,539,142,mid,0.971830985915493,0.971830985915493
4896,540,141,head,0.9929078014184397,0.9929078014184397
4897,541,143,head,0.9790209790209791,0.9790209790209791
4898,216,60,mid,1.0,1.0
4899,216,60,mid,0.9833333333333333,0.9833333333333333
4900,216,59,mid,0.9830508474576272,0.9830508474576272
4901,216,61,mid,1.0,1.0
4902,540,142,head,0.9295774647887324,0.9295774647887324
4903,216,59,mid,0.9661016949152542,0.9661016949152542
4904,543,142,head,0.8943661971830986,0.8943661971830986
4905,216,59,mid,1.0,1.0
4906,216,59,mid,0.9830508474576272,0.9830508474576272
4907,534,143,mid,0.958041958041958,0.958041958041958
4908,540,143,head,0.972027972027972,0.972027972027972
4909,216,60,mid,0.9666666666666667,0.9666666666666667
4910,216,59,mid,0.9661016949152542,0.9661016949152542
4911,539,142,mid,0.9436619718309859,0.9436619718309859
4912,543,143,head,0.972027972027972,0.972027972027972
4913,540,142,head,0.971830985915493,0.971830985915493
4914,216,59,mid,1.0,1.0
4915,542,142,head,0.971830985915493,0.971830985915493
4916,216,59,mid,0.9830508474576272,0.9830508474576272
4917,216,60,mid,0.9833333333333333,0.9833333333333333
4918,216,60,mid,1.0,1.0
4919,540,142,head,0.9929577464788732,0.9929577464788732
4920,216,59,mid,0.9661016949152542,0.9661016949152542
4921,215,60,tail,0.9833333333333333,0.9833333333333333
4922,216,60,mid,0.95,0.95
4923,539,142,mid,0.9647887323943662,0.9647887323943662
4924,216,60,mid,0.9666666666666667,0.9666666666666667
4925,216,60,mid,1.0,1.0
4926,216,60,mid,0.9833333333333333,0.9833333333333333
4927,216,60,mid,0.9833333333333333,0.9833333333333333
4928,538,143,mid,0.958041958041958,0.958041958041958
4929,538,141,mid,0.9432624113475178,0.9432624113475178
4930,539,144,mid,0.9166666666666666,0.9166666666666666
4931,538,140,mid,0.9642857142857143,0.9642857142857143
4932,216,60,mid,0.9833333333333333,0.9833333333333333
4933,215,59,tail,0.9661016949152542,0.9661016949152542
4934,540,143,head,0.8951048951048951,0.8951048951048951
4935,216,59,mid,0.9830508474576272,0.9830508474576272
4936,543,140,head,0.9857142857142858,0.9857142857142858
4937,214,59,tail,0.9491525423728814,0.9491525423728814
4938,539,142,mid,0.971830985915493,0.971830985915493
4939,216,58,mid,0.9655172413793104,0.9655172413793104
4940,215,59,tail,0.9491525423728814,0.9491525423728814
4941,215,59,tail,0.9491525423728814,0.9491525423728814
4942,542,142,head,0.9014084507042254,0.9014084507042254
4943,538,144,mid,0.9444444444444444,0.9444444444444444
4944,216,59,mid,0.9661016949152542,0.9661016949152542
4945,216,59,mid,0.9661016949152542,0.9661016949152542
4946,216,59,mid,0.9322033898305084,0.9322033898305084
4947,537,143,mid,0.8041958041958042,0.8041958041958042
4948,216,59,mid,0.9830508474576272,0.9830508474576272
4949,216,59,mid,0.9491525423728814,0.9491525423728814
4950,315,84,mid,0.8333333333333334,0.8333333333333334
4951,541,144,head,0.8263888888888888,0.8263888888888888
4952,540,144,head,0.9444444444444444,0.9444444444444444
4953,215,59,tail,1.0,1.0
4954,215,59,tail,0.9152542372881356,0.9152542372881356
4955,216,60,mid,1.0,1.0
4956,539,143,mid,0.916083916083916,0.916083916083916
4957,538,142,mid,0.9859154929577465,0.9859154929577465
4958,216,59,mid,0.9322033898305084,0.9322033898305084
4959,212,58,tail,0.9655172413793104,0.9655172413793104
4960,215,58,tail,0.9482758620689655,0.9482758620689655
4961,213,59,tail,0.847457627118644,0.847457627118644
4962,541,142,head,0.9014084507042254,0.9014084507042254
4963,543,142,head,0.9436619718309859,0.9436619718309859
4964,215,59,tail,0.9830508474576272,0.9830508474576272
4965,538,144,mid,0.9513888888888888,0.9513888888888888
4966,216,59,mid,0.9830508474576272,0.9830508474576272
4967,540,141,head,0.8936170212765957,0.8936170212765957
4968,540,142,head,0.8098591549295775,0.8098591549295775
4969,216,59,mid,0.9830508474576272,0.9830508474576272
4970,215,59,tail,1.0,1.0
4971,216,59,mid,0.9491525423728814,0.9491525423728814
4972,540,144,head,0.9305555555555556,0.9305555555555556
4973,215,60,tail,0.9833333333333333,0.9833333333333333
4974,537,144,mid,0.9444444444444444,0.9444444444444444
4975,216,59,mid,0.9322033898305084,0.9322033898305084
4976,216,59,mid,0.9491525423728814,0.9491525423728814
4977,216,58,mid,0.9827586206896551,0.9827586206896551
4978,539,140,mid,0.9214285714285714,0.9214285714285714
4979,216,58,mid,0.9482758620689655,0.9482758620689655
4980,216,59,mid,1.0,1.0
4981,216,59,mid,0.9322033898305084,0.9322033898305084
4982,216,59,mid,0.9661016949152542,0.9661016949152542
4983,538,140,mid,0.9142857142857143,0.9142857142857143
4984,213,59,tail,1.0,1.0
4985,537,143,mid,0.9440559440559441,0.9440559440559441
4986,541,144,head,0.9166666666666666,0.9166666666666666
4987,216,59,mid,0.9830508474576272,0.9830508474576272
4988,215,59,tail,0.9322033898305084,0.9322033898305084
4989,537,141,mid,0.950354609929078,0.950354609929078
4990,216,59,mid,0.9661016949152542,0.9661016949152542
4991,532,143,mid,0.8461538461538461,0.8461538461538461
4992,215,57,tail,0.8245614035087719,0.8245614035087719
4993,539,143,mid,0.8881118881118881,0.8881118881118881
4994,216,59,mid,0.8813559322033898,0.8813559322033898
4995,543,143,head,0.9230769230769231,0.9230769230769231
4996,542,142,head,0.7112676056338029,0.7112676056338029
4997,216,59,mid,0.9661016949152542,0.9661016949152542
4998,215,59,tail,0.9491525423728814,0.9491525423728814
4999,216,59,mid,0.9661016949152542,0.9661016949152542
5000,216,59,mid,0.9830508474576272,0.9830508474576272
5001,540,144,head,0.8819444444444444,0.8819444444444444
5002,539,144,mid,0.8958333333333334,0.8958333333333334
5003,538,143,mid,0.9090909090909091,0.9090909090909091
5004,541,142,head,0.9084507042253521,0.9084507042253521
5005,543,143,head,0.8881118881118881,0.8881118881118881
5006,216,59,mid,0.9491525423728814,0.9491525423728814
5007,216,58,mid,0.9827586206896551,0.9827586206896551
5008,536,143,mid,0.7832167832167832,0.7832167832167832
5009,216,59,mid,0.9661016949152542,0.9661016949152542
5010,213,60,tail,0.9333333333333333,0.9333333333333333
5011,540,143,head,0.9230769230769231,0.9230769230769231
5012,536,143,mid,0.986013986013986,0.986013986013986
5013,540,142,head,0.9436619718309859,0.9436619718309859
5014,538,143,mid,0.951048951048951,0.951048951048951
5015,534,143,mid,0.9790209790209791,0.9790209790209791
5016,216,59,mid,0.9661016949152542,0.9661016949152542
5017,216,59,mid,0.9830508474576272,0.9830508474576272
5018,216,59,mid,0.9661016949152542,0.9661016949152542
5019,315,83,mid,0.7108433734939759,0.7108433734939759
5020,214,58,tail,0.896551724137931,0.896551724137931
5021,541,144,head,0.9513888888888888,0.9513888888888888
5022,215,59,tail,1.0,1.0
5023,216,58,mid,0.9655172413793104,0.9655172413793104
5024,213,59,tail,0.9661016949152542,0.9661016949152542
5025,216,59,mid,0.9830508474576272,0.9830508474576272
5026,215,59,tail,0.9491525423728814,0.9491525423728814
5027,216,59,mid,0.9322033898305084,0.9322033898305084
5028,216,59,mid,0.9661016949152542,0.9661016949152542
5029,216,58,mid,0.7586206896551724,0.7586206896551724
5030,214,58,tail,0.9655172413793104,0.9655172413793104
5031,216,60,mid,1.0,1.0
5032,537,141,mid,0.9361702127659575,0.9361702127659575
5033,540,142,head,0.9225352112676056,0.9225352112676056
5034,539,143,mid,0.9020979020979021,0.9020979020979021
5035,538,140,mid,0.9357142857142857,0.9357142857142857
5036,216,59,mid,0.9491525423728814,0.9491525423728814
5037,216,57,mid,0.9649122807017544,0.9649122807017544
5038,216,59,mid,0.8983050847457628,0.8983050847457628
5039,213,59,tail,0.9661016949152542,0.9661016949152542
5040,316,84,mid,0.7857142857142857,0.7857142857142857
5041,539,139,mid,0.8345323741007195,0.8345323741007195
5042,538,141,mid,0.8156028368794326,0.8156028368794326
5043,540,143,head,0.9300699300699301,0.9300699300699301
5044,534,145,mid,0.903448275862069,0.903448275862069
5045,215,58,tail,0.9655172413793104,0.9655172413793104
5046,216,59,mid,0.9322033898305084,0.9322033898305084
5047,215,58,tail,0.9137931034482759,0.9137931034482759
5048,215,59,tail,1.0,1.0
5049,214,60,tail,0.9666666666666667,0.9666666666666667
5050,540,142,head,0.9577464788732394,0.9577464788732394
5051,216,59,mid,0.9830508474576272,0.9830508474576272
5052,543,143,head,0.8741258741258742,0.8741258741258742
5053,216,59,mid,0.8983050847457628,0.8983050847457628
5054,532,142,mid,0.9436619718309859,0.9436619718309859
5055,216,58,mid,0.9827586206896551,0.9827586206896551
5056,538,143,mid,0.9370629370629371,0.9370629370629371
5057,540,142,head,0.9788732394366197,0.9788732394366197
5058,215,59,tail,0.9491525423728814,0.9491525423728814
5059,538,141,mid,0.9219858156028369,0.9219858156028369
5060,214,59,tail,0.9830508474576272,0.9830508474576272
5061,216,59,mid,1.0,1.0
5062,315,83,mid,0.9036144578313253,0.9036144578313253
5063,214,59,tail,0.9661016949152542,0.9661016949152542
5064,317,84,mid,0.9642857142857143,0.9642857142857143
5065,542,142,head,0.9507042253521126,0.9507042253521126
5066,536,144,mid,0.8680555555555556,0.8680555555555556
5067,539,140,mid,0.9,0.9
5068,216,59,mid,0.9661016949152542,0.9661016949152542
5069,216,59,mid,0.9661016949152542,0.9661016949152542
5070,542,142,head,0.9225352112676056,0.9225352112676056
5071,216,59,mid,1.0,1.0
5072,216,59,mid,1.0,1.0
5073,216,58,mid,0.9482758620689655,0.9482758620689655
5074,540,144,head,0.9375,0.9375
5075,215,59,tail,1.0,1.0
5076,215,59,tail,0.9322033898305084,0.9322033898305084
5077,213,59,tail,0.9491525423728814,0.9491525423728814
5078,539,143,mid,0.9300699300699301,0.9300699300699301
5079,540,143,head,0.9370629370629371,0.9370629370629371
5080,315,84,mid,0.9404761904761905,0.9404761904761905
5081,215,58,tail,0.8793103448275862,0.8793103448275862
5082,216,59,mid,0.847457627118644,0.847457627118644
5083,216,59,mid,0.9322033898305084,0.9322033898305084
5084,216,59,mid,0.9491525423728814,0.9491525423728814
5085,538,144,mid,0.9444444444444444,0.9444444444444444
5086,537,143,mid,0.9230769230769231,0.9230769230769231
5087,540,144,head,0.9583333333333334,0.9583333333333334
5088,215,59,tail,0.9322033898305084,0.9322033898305084
5089,215,58,tail,0.9827586206896551,0.9827586206896551
5090,216,57,mid,0.9824561403508771,0.9824561403508771
5091,216,59,mid,0.9322033898305084,0.9322033898305084
5092,216,59,mid,0.9830508474576272,0.9830508474576272
5093,216,59,mid,0.9661016949152542,0.9661016949152542
5094,216,58,mid,0.9655172413793104,0.9655172413793104
5095,216,59,mid,0.9661016949152542,0.9661016949152542
5096,215,59,tail,0.8135593220338984,0.8135593220338984
5097,215,59,tail,0.9322033898305084,0.9322033898305084
5098,216,59,mid,0.9491525423728814,0.9491525423728814
5099,537,143,mid,0.9440559440559441,0.9440559440559441
5100,215,59,tail,0.9661016949152542,0.9661016949152542
5101,538,141,mid,0.8865248226950354,0.8865248226950354
5102,535,142,mid,0.9084507042253521,0.9084507042253521
5103,216,59,mid,1.0,1.0
5104,216,59,mid,1.0,1.0
5105,216,59,mid,0.9491525423728814,0.9491525423728814
5106,538,143,mid,0.7902097902097902,0.7902097902097902
5107,215,59,tail,0.8813559322033898,0.8813559322033898
5108,543,144,head,0.9097222222222222,0.9097222222222222
5109,315,84,mid,0.8571428571428571,0.8571428571428571
5110,215,59,tail,0.9830508474576272,0.9830508474576272
5111,538,144,mid,0.9722222222222222,0.9722222222222222
5112,215,60,tail,0.9833333333333333,0.9833333333333333
5113,216,59,mid,0.9830508474576272,0.9830508474576272
5114,214,59,tail,0.9661016949152542,0.9661016949152542
5115,215,60,tail,0.9666666666666667,0.9666666666666667
5116,542,141,head,0.9078014184397163,0.9078014184397163
5117,540,143,head,0.951048951048951,0.951048951048951
5118,539,144,mid,0.9166666666666666,0.9166666666666666
5119,539,143,mid,0.9090909090909091,0.9090909090909091
5120,215,59,tail,1.0,1.0
5121,216,59,mid,0.9661016949152542,0.9661016949152542
5122,216,59,mid,0.9830508474576272,0.9830508474576272
5123,541,142,head,0.8169014084507042,0.8169014084507042
5124,215,59,tail,1.0,1.0
5125,214,59,tail,1.0,1.0
5126,543,142,head,0.971830985915493,0.971830985915493
5127,215,60,tail,0.9666666666666667,0.9666666666666667
5128,216,59,mid,1.0,1.0
5129,538,143,mid,0.951048951048951,0.951048951048951
5130,216,60,mid,0.9833333333333333,0.9833333333333333
5131,215,59,tail,0.9830508474576272,0.9830508474576272
5132,538,142,mid,0.9507042253521126,0.9507042253521126
5133,541,142,head,0.9577464788732394,0.9577464788732394
5134,215,60,tail,1.0,1.0
5135,215,59,tail,1.0,1.0
5136,216,59,mid,0.9661016949152542,0.9661016949152542
5137,214,59,tail,1.0,1.0
5138,214,59,tail,0.9491525423728814,0.9491525423728814
5139,214,61,tail,0.9672131147540983,0.9672131147540983
5140,536,139,mid,0.9280575539568345,0.9280575539568345
5141,216,59,mid,0.9661016949152542,0.9661016949152542
5142,215,58,tail,0.9827586206896551,0.9827586206896551
5143,535,144,mid,0.9375,0.9375
5144,539,144,mid,0.9513888888888888,0.9513888888888888
5145,537,143,mid,0.6223776223776224,0.6223776223776224
5146,212,60,tail,0.9333333333333333,0.9333333333333333
5147,216,59,mid,0.9830508474576272,0.9830508474576272
5148,216,59,mid,0.8983050847457628,0.8983050847457628
5149,214,59,tail,1.0,1.0
5150,540,143,head,0.9300699300699301,0.9300699300699301
5151,543,144,head,0.9791666666666666,0.9791666666666666
5152,542,143,head,0.8881118881118881,0.8881118881118881
5153,215,60,tail,0.9666666666666667,0.9666666666666667
5154,536,142,mid,0.9436619718309859,0.9436619718309859
5155,540,144,head,0.9583333333333334,0.9583333333333334
5156,216,59,mid,0.9830508474576272,0.9830508474576272
5157,215,58,tail,1.0,1.0
5158,214,59,tail,0.9491525423728814,0.9491525423728814
5159,216,60,mid,1.0,1.0
5160,539,143,mid,0.951048951048951,0.951048951048951
5161,215,60,tail,1.0,1.0
5162,214,60,tail,1.0,1.0
5163,212,58,tail,0.9310344827586207,0.9310344827586207
5164,541,142,head,0.8661971830985915,0.8661971830985915
5165,214,59,tail,0.9661016949152542,0.9661016949152542
5166,214,59,tail,0.9830508474576272,0.9830508474576272
5167,540,142,head,0.9084507042253521,0.9084507042253521
5168,216,60,mid,1.0,1.0
5169,535,144,mid,0.9236111111111112,0.9236111111111112
5170,536,141,mid,0.9148936170212766,0.9148936170212766
5171,216,60,mid,1.0,1.0
5172,541,143,head,0.9230769230769231,0.9230769230769231
5173,540,143,head,0.993006993006993,0.993006993006993
5174,215,60,tail,1.0,1.0
5175,543,141,head,0.9148936170212766,0.9148936170212766
5176,215,60,tail,0.9333333333333333,0.9333333333333333
5177,536,143,mid,0.916083916083916,0.916083916083916
5178,214,60,tail,0.9833333333333333,0.9833333333333333
5179,215,60,tail,0.85,0.85
5180,215,60,tail,0.9833333333333333,0.9833333333333333
5181,537,139,mid,0.9424460431654677,0.9424460431654677
5182,214,60,tail,0.9666666666666667,0.9666666666666667
5183,215,60,tail,0.9833333333333333,0.9833333333333333
5184,215,60,tail,0.95,0.95
5185,539,142,mid,0.9788732394366197,0.9788732394366197
5186,215,60,tail,0.9,0.9
5187,215,59,tail,0.9830508474576272,0.9830508474576272
5188,216,60,mid,0.9666666666666667,0.9666666666666667
5189,538,144,mid,0.9375,0.9375
5190,537,142,mid,0.9507042253521126,0.9507042253521126
5191,215,59,tail,0.9322033898305084,0.9322033898305084
5192,216,59,mid,0.9491525423728814,0.9491525423728814
5193,216,60,mid,1.0,1.0
5194,533,142,mid,0.9366197183098591,0.9366197183098591
5195,216,60,mid,1.0,1.0
5196,540,142,head,0.9436619718309859,0.9436619718309859
5197,214,60,tail,0.9833333333333333,0.9833333333333333
5198,215,59,tail,1.0,1.0
5199,215,60,tail,0.75,0.75
5200,317,84,mid,0.7738095238095238,0.7738095238095238
5201,216,60,mid,1.0,1.0
5202,214,59,tail,0.9830508474576272,0.9830508474576272
5203,538,142,mid,0.9366197183098591,0.9366197183098591
5204,214,58,tail,0.9655172413793104,0.9655172413793104
5205,538,144,mid,0.9027777777777778,0.9027777777777778
5206,216,60,mid,0.9666666666666667,0.9666666666666667
5207,216,60,mid,0.9333333333333333,0.9333333333333333
5208,215,60,tail,0.9833333333333333,0.9833333333333333
5209,536,142,mid,0.9647887323943662,0.9647887323943662
5210,216,60,mid,1.0,1.0
5211,544,142,head,0.9859154929577465,0.9859154929577465
5212,537,143,mid,0.965034965034965,0.965034965034965
5213,540,141,head,1.0,1.0
5214,216,60,mid,0.9833333333333333,0.9833333333333333
5215,214,60,tail,0.9666666666666667,0.9666666666666667
5216,216,60,mid,0.9666666666666667,0.9666666666666667
5217,216,60,mid,1.0,1.0
5218,536,145,mid,0.9586206896551724,0.9586206896551724
5219,211,57,tail,0.9473684210526315,0.9473684210526315
5220,216,60,mid,1.0,1.0
5221,216,60,mid,1.0,1.0
5222,215,59,tail,0.8983050847457628,0.8983050847457628
5223,536,142,mid,0.9788732394366197,0.9788732394366197
5224,534,141,mid,0.9716312056737588,0.9716312056737588
5225,536,144,mid,0.9444444444444444,0.9444444444444444
5226,540,142,head,0.9788732394366197,0.9788732394366197
5227,216,60,mid,0.9666666666666667,0.9666666666666667
5228,541,142,head,0.9014084507042254,0.9014084507042254
5229,532,143,mid,0.916083916083916,0.916083916083916
5230,537,143,mid,0.986013986013986,0.986013986013986
5231,538,143,mid,0.916083916083916,0.916083916083916
5232,216,60,mid,1.0,1.0
5233,215,60,tail,0.95,0.95
5234,215,60,tail,0.9666666666666667,0.9666666666666667
5235,215,59,tail,0.9830508474576272,0.9830508474576272
5236,540,142,head,0.9788732394366197,0.9788732394366197
5237,543,142,head,0.9507042253521126,0.9507042253521126
5238,216,60,mid,0.95,0.95
5239,216,60,mid,0.9833333333333333,0.9833333333333333
5240,538,143,mid,0.951048951048951,0.951048951048951
5241,537,143,mid,0.993006993006993,0.993006993006993
5242,216,60,mid,0.95,0.95
5243,216,60,mid,0.9666666666666667,0.9666666666666667
5244,216,60,mid,1.0,1.0
5245,216,60,mid,1.0,1.0
5246,214,60,tail,0.9666666666666667,0.9666666666666667
5247,216,59,mid,0.9661016949152542,0.9661016949152542
5248,215,60,tail,0.9666666666666667,0.9666666666666667
5249,541,145,head,0.8068965517241379,0.8068965517241379
5250,215,60,tail,1.0,1.0
5251,216,60,mid,0.9666666666666667,0.9666666666666667
5252,216,60,mid,1.0,1.0
5253,530,140,mid,0.9642857142857143,0.9642857142857143
5254,546,143,head,0.951048951048951,0.951048951048951
5255,216,60,mid,0.9833333333333333,0.9833333333333333
5256,316,84,mid,0.9404761904761905,0.9404761904761905
5257,215,60,tail,0.9666666666666667,0.9666666666666667
5258,538,143,mid,0.8671328671328671,0.8671328671328671
5259,216,59,mid,0.8983050847457628,0.8983050847457628
5260,216,60,mid,1.0,1.0
5261,216,59,mid,0.9830508474576272,0.9830508474576272
5262,538,144,mid,0.9236111111111112,0.9236111111111112
5263,216,60,mid,1.0,1.0
5264,539,142,mid,0.9154929577464789,0.9154929577464789
5265,214,60,tail,0.9666666666666667,0.9666666666666667
5266,216,58,mid,0.9827586206896551,0.9827586206896551
5267,216,59,mid,1.0,1.0
5268,215,60,tail,1.0,1.0
5269,540,143,head,0.9440559440559441,0.9440559440559441
5270,543,142,head,0.9859154929577465,0.9859154929577465
5271,535,142,mid,0.9647887323943662,0.9647887323943662
5272,216,58,mid,1.0,1.0
5273,537,142,mid,0.9788732394366197,0.9788732394366197
5274,216,60,mid,1.0,1.0
5275,216,59,mid,1.0,1.0
5276,533,139,mid,0.9856115107913669,0.9856115107913669
5277,541,141,head,0.9645390070921985,0.9645390070921985
5278,540,145,head,0.9655172413793104,0.9655172413793104
5279,216,59,mid,0.9661016949152542,0.9661016949152542
5280,216,59,mid,0.9661016949152542,0.9661016949152542
5281,533,141,mid,0.9716312056737588,0.9716312056737588
5282,216,60,mid,0.8833333333333333,0.8833333333333333
5283,216,59,mid,1.0,1.0
5284,215,60,tail,1.0,1.0
5285,216,60,mid,0.9833333333333333,0.9833333333333333
5286,538,143,mid,0.9790209790209791,0.9790209790209791
5287,216,60,mid,0.9666666666666667,0.9666666666666667
5288,210,60,tail,0.95,0.95
5289,538,143,mid,0.958041958041958,0.958041958041958
5290,539,142,mid,0.9788732394366197,0.9788732394366197
5291,534,141,mid,0.9361702127659575,0.9361702127659575
5292,538,142,mid,0.9295774647887324,0.9295774647887324
5293,215,60,tail,1.0,1.0
5294,540,143,head,0.951048951048951,0.951048951048951
5295,542,144,head,0.9791666666666666,0.9791666666666666
5296,216,59,mid,1.0,1.0
5297,542,144,head,0.9513888888888888,0.9513888888888888
5298,216,60,mid,0.95,0.95
5299,216,59,mid,0.9491525423728814,0.9491525423728814
5300,532,142,mid,0.9859154929577465,0.9859154929577465
5301,540,143,head,0.9370629370629371,0.9370629370629371
5302,213,59,tail,0.9661016949152542,0.9661016949152542
5303,216,60,mid,0.9833333333333333,0.9833333333333333
5304,213,60,tail,0.9333333333333333,0.9333333333333333
5305,536,143,mid,0.9440559440559441,0.9440559440559441
5306,534,143,mid,0.965034965034965,0.965034965034965
5307,215,59,tail,0.9830508474576272,0.9830508474576272
5308,540,144,head,0.9583333333333334,0.9583333333333334
5309,541,144,head,0.9513888888888888,0.9513888888888888
5310,536,143,mid,0.951048951048951,0.951048951048951
5311,539,143,mid,0.951048951048951,0.951048951048951
5312,214,60,tail,1.0,1.0
5313,536,140,mid,0.9428571428571428,0.9428571428571428
5314,210,59,tail,0.9830508474576272,0.9830508474576272
5315,317,83,mid,0.9397590361445783,0.9397590361445783
5316,543,143,head,0.958041958041958,0.958041958041958
5317,540,141,head,0.9787234042553191,0.9787234042553191
5318,215,59,tail,0.9830508474576272,0.9830508474576272
5319,316,82,mid,0.9024390243902439,0.9024390243902439
5320,542,144,head,0.9722222222222222,0.9722222222222222
5321,215,58,tail,0.9655172413793104,0.9655172413793104
5322,216,60,mid,0.95,0.95
5323,214,59,tail,1.0,1.0
5324,316,83,mid,0.9156626506024096,0.9156626506024096
5325,214,60,tail,0.9666666666666667,0.9666666666666667
5326,315,83,mid,0.9156626506024096,0.9156626506024096
5327,216,60,mid,0.9,0.9
5328,214,60,tail,0.9666666666666667,0.9666666666666667
5329,214,60,tail,0.9666666666666667,0.9666666666666667
5330,214,60,tail,1.0,1.0
5331,213,58,tail,0.9827586206896551,0.9827586206896551
5332,210,60,tail,0.9833333333333333,0.9833333333333333
5333,536,144,mid,0.8888888888888888,0.8888888888888888
5334,214,59,tail,0.9661016949152542,0.9661016949152542
5335,539,144,mid,0.9444444444444444,0.9444444444444444
5336,537,144,mid,0.9513888888888888,0.9513888888888888
5337,315,83,mid,0.9759036144578314,0.9759036144578314
5338,540,141,head,0.950354609929078,0.950354609929078
5339,541,142,head,0.9436619718309859,0.9436619718309859
5340,215,59,tail,1.0,1.0
5341,214,59,tail,0.9661016949152542,0.9661016949152542
5342,211,60,tail,0.9666666666666667,0.9666666666666667
5343,214,60,tail,0.9166666666666666,0.9166666666666666
5344,540,143,head,0.972027972027972,0.972027972027972
5345,216,60,mid,0.9333333333333333,0.9333333333333333
5346,541,142,head,0.9225352112676056,0.9225352112676056
5347,541,143,head,0.9300699300699301,0.9300699300699301
5348,215,60,tail,0.9666666666666667,0.9666666666666667
5349,209,56,tail,0.9285714285714286,0.9285714285714286
5350,537,141,mid,0.9432624113475178,0.9432624113475178
5351,215,60,tail,0.9833333333333333,0.9833333333333333
5352,215,60,tail,0.9666666666666667,0.9666666666666667
5353,539,143,mid,0.9300699300699301,0.9300699300699301
5354,541,145,head,0.9379310344827586,0.9379310344827586
5355,215,60,tail,0.95,0.95
5356,215,60,tail,0.95,0.95
5357,214,60,tail,0.9833333333333333,0.9833333333333333
5358,215,60,tail,1.0,1.0
5359,214,60,tail,0.9333333333333333,0.9333333333333333
5360,543,144,head,0.9652777777777778,0.9652777777777778
5361,541,142,head,0.971830985915493,0.971830985915493
5362,539,143,mid,0.972027972027972,0.972027972027972
5363,540,140,head,0.9214285714285714,0.9214285714285714
5364,211,60,tail,0.9833333333333333,0.9833333333333333
5365,213,60,tail,0.9833333333333333,0.9833333333333333
5366,316,83,mid,0.891566265060241,0.891566265060241
5367,215,60,tail,0.9833333333333333,0.9833333333333333
5368,216,60,mid,1.0,1.0
5369,216,60,mid,0.9666666666666667,0.9666666666666667
5370,216,59,mid,0.9491525423728814,0.9491525423728814
5371,532,141,mid,0.950354609929078,0.950354609929078
5372,314,83,mid,0.6867469879518072,0.6867469879518072
5373,539,140,mid,0.9571428571428572,0.9571428571428572
5374,540,143,head,0.9230769230769231,0.9230769230769231
5375,541,144,head,0.9722222222222222,0.9722222222222222
5376,216,60,mid,0.95,0.95
5377,538,144,mid,0.9513888888888888,0.9513888888888888
5378,215,60,tail,0.9833333333333333,0.9833333333333333
5379,539,144,mid,0.9375,0.9375
5380,216,59,mid,1.0,1.0
5381,215,60,tail,0.9833333333333333,0.9833333333333333
5382,215,60,tail,1.0,1.0
5383,215,60,tail,0.9666666666666667,0.9666666666666667
5384,215,60,tail,0.9833333333333333,0.9833333333333333
5385,215,60,tail,0.9333333333333333,0.9333333333333333
5386,216,60,mid,1.0,1.0
5387,214,60,tail,1.0,1.0
5388,316,83,mid,0.8674698795180723,0.8674698795180723
5389,216,60,mid,0.9833333333333333,0.9833333333333333
5390,214,60,tail,0.9666666666666667,0.9666666666666667
5391,541,141,head,0.9858156028368794,0.9858156028368794
5392,214,60,tail,0.9666666666666667,0.9666666666666667
5393,542,143,head,0.8811188811188811,0.8811188811188811
5394,317,83,mid,0.9518072289156626,0.9518072289156626
5395,537,144,mid,0.8819444444444444,0.8819444444444444
5396,216,59,mid,0.9830508474576272,0.9830508474576272
5397,538,142,mid,0.971830985915493,0.971830985915493
5398,316,83,mid,0.9036144578313253,0.9036144578313253
5399,316,83,mid,0.8072289156626506,0.8072289156626506
5400,214,60,tail,0.9666666666666667,0.9666666666666667
5401,215,60,tail,0.9666666666666667,0.9666666666666667
5402,215,59,tail,1.0,1.0
5403,215,59,tail,0.9830508474576272,0.9830508474576272
5404,214,60,tail,0.9833333333333333,0.9833333333333333
5405,540,141,head,0.9716312056737588,0.9716312056737588
5406,542,140,head,0.95,0.95
5407,215,59,tail,1.0,1.0
5408,216,59,mid,0.9830508474576272,0.9830508474576272
5409,215,59,tail,0.9830508474576272,0.9830508474576272
5410,215,59,tail,0.9322033898305084,0.9322033898305084
5411,212,59,tail,0.9830508474576272,0.9830508474576272
5412,315,83,mid,0.927710843373494,0.927710843373494
5413,215,60,tail,1.0,1.0
5414,214,59,tail,0.9661016949152542,0.9661016949152542
5415,216,60,mid,1.0,1.0
5416,537,142,mid,1.0,1.0
5417,215,60,tail,0.9833333333333333,0.9833333333333333
5418,215,60,tail,0.9666666666666667,0.9666666666666667
5419,532,142,mid,0.9929577464788732,0.9929577464788732
5420,216,59,mid,0.9830508474576272,0.9830508474576272
5421,216,59,mid,0.9661016949152542,0.9661016949152542
5422,216,60,mid,0.95,0.95
5423,216,60,mid,0.95,0.95
5424,216,60,mid,1.0,1.0
5425,216,60,mid,0.9666666666666667,0.9666666666666667
5426,216,60,mid,0.95,0.95
5427,214,60,tail,0.9833333333333333,0.9833333333333333
5428,216,60,mid,0.9666666666666667,0.9666666666666667
5429,538,143,mid,0.958041958041958,0.958041958041958
5430,215,60,tail,0.9833333333333333,0.9833333333333333
5431,313,81,mid,0.7901234567901234,0.7901234567901234
5432,317,83,mid,0.8795180722891566,0.8795180722891566
5433,215,60,tail,1.0,1.0
5434,317,83,mid,0.927710843373494,0.927710843373494
5435,216,60,mid,0.95,0.95
5436,214,60,tail,0.95,0.95
5437,215,60,tail,0.95,0.95
5438,214,60,tail,0.9833333333333333,0.9833333333333333
5439,216,60,mid,0.95,0.95
5440,317,83,mid,0.9397590361445783,0.9397590361445783
5441,215,60,tail,0.9666666666666667,0.9666666666666667
5442,213,60,tail,0.9666666666666667,0.9666666666666667
5443,532,144,mid,0.9652777777777778,0.9652777777777778
5444,216,60,mid,1.0,1.0
5445,216,59,mid,0.8305084745762712,0.8305084745762712
5446,216,60,mid,0.9833333333333333,0.9833333333333333
5447,216,59,mid,0.9661016949152542,0.9661016949152542
5448,216,60,mid,0.9666666666666667,0.9666666666666667
5449,538,144,mid,0.9722222222222222,0.9722222222222222
5450,215,58,tail,0.9827586206896551,0.9827586206896551
5451,216,60,mid,0.9833333333333333,0.9833333333333333
5452,216,60,mid,1.0,1.0
5453,541,141,head,1.0,1.0
5454,216,59,mid,1.0,1.0
5455,216,60,mid,1.0,1.0
5456,216,60,mid,1.0,1.0
5457,540,142,head,0.971830985915493,0.971830985915493
5458,216,60,mid,1.0,1.0
5459,540,143,head,0.9790209790209791,0.9790209790209791
5460,540,144,head,0.8958333333333334,0.8958333333333334
5461,534,141,mid,0.9645390070921985,0.9645390070921985
5462,530,137,mid,0.8978102189781022,0.8978102189781022
5463,539,141,mid,0.8581560283687943,0.8581560283687943
5464,540,142,head,0.9788732394366197,0.9788732394366197
5465,540,143,head,0.9440559440559441,0.9440559440559441
5466,215,60,tail,1.0,1.0
5467,541,144,head,0.9097222222222222,0.9097222222222222
5468,214,60,tail,0.9666666666666667,0.9666666666666667
5469,542,141,head,0.950354609929078,0.950354609929078
5470,541,142,head,0.9225352112676056,0.9225352112676056
5471,315,83,mid,0.963855421686747,0.963855421686747
5472,537,140,mid,0.9714285714285714,0.9714285714285714
5473,542,140,head,0.9928571428571429,0.9928571428571429
5474,216,58,mid,0.9655172413793104,0.9655172413793104
5475,535,143,mid,0.8881118881118881,0.8881118881118881
5476,216,60,mid,0.9666666666666667,0.9666666666666667
5477,540,144,head,0.9375,0.9375
5478,215,60,tail,0.9833333333333333,0.9833333333333333
5479,216,60,mid,0.9833333333333333,0.9833333333333333
5480,213,58,tail,0.896551724137931,0.896551724137931
5481,541,143,head,0.965034965034965,0.965034965034965
5482,215,60,tail,0.9833333333333333,0.9833333333333333
5483,543,142,head,0.7464788732394366,0.7464788732394366
5484,216,60,mid,1.0,1.0
5485,216,58,mid,0.8275862068965517,0.8275862068965517
5486,216,60,mid,0.95,0.95
5487,537,141,mid,0.9787234042553191,0.9787234042553191
5488,536,144,mid,0.9513888888888888,0.9513888888888888
5489,537,141,mid,0.9361702127659575,0.9361702127659575
5490,540,143,head,0.9440559440559441,0.9440559440559441
5491,216,58,mid,0.9310344827586207,0.9310344827586207
5492,535,140,mid,0.9357142857142857,0.9357142857142857
5493,216,60,mid,1.0,1.0
5494,215,58,tail,0.9827586206896551,0.9827586206896551
5495,216,58,mid,0.8275862068965517,0.8275862068965517
5496,543,142,head,0.9577464788732394,0.9577464788732394
5497,541,144,head,0.9652777777777778,0.9652777777777778
5498,216,58,mid,0.9827586206896551,0.9827586206896551
5499,540,142,head,0.9929577464788732,0.9929577464788732
5500,214,60,tail,0.9333333333333333,0.9333333333333333
5501,216,60,mid,0.9666666666666667,0.9666666666666667
5502,542,143,head,0.9790209790209791,0.9790209790209791
5503,537,143,mid,0.986013986013986,0.986013986013986
5504,540,143,head,0.9370629370629371,0.9370629370629371
5505,316,82,mid,0.8902439024390244,0.8902439024390244
5506,216,58,mid,0.9655172413793104,0.9655172413793104
5507,216,60,mid,0.9666666666666667,0.9666666666666667
5508,214,60,tail,0.9833333333333333,0.9833333333333333
5509,216,58,mid,0.9482758620689655,0.9482758620689655
5510,541,144,head,0.9722222222222222,0.9722222222222222
5511,542,144,head,0.875,0.875
5512,216,60,mid,0.9666666666666667,0.9666666666666667
5513,540,143,head,0.972027972027972,0.972027972027972
5514,216,60,mid,0.9666666666666667,0.9666666666666667
5515,215,60,tail,1.0,1.0
5516,216,60,mid,0.95,0.95
5517,538,143,mid,0.9370629370629371,0.9370629370629371
5518,216,60,mid,0.9833333333333333,0.9833333333333333
5519,214,59,tail,0.9322033898305084,0.9322033898305084
5520,216,59,mid,0.9830508474576272,0.9830508474576272
5521,215,59,tail,1.0,1.0
5522,537,144,mid,0.9236111111111112,0.9236111111111112
5523,537,143,mid,0.958041958041958,0.958041958041958
5524,531,142,mid,0.6338028169014085,0.6338028169014085
5525,540,142,head,0.9084507042253521,0.9084507042253521
5526,215,60,tail,0.9833333333333333,0.9833333333333333
5527,215,60,tail,0.9333333333333333,0.9333333333333333
5528,539,142,mid,0.9929577464788732,0.9929577464788732
5529,216,60,mid,0.9666666666666667,0.9666666666666667
5530,540,143,head,0.8881118881118881,0.8881118881118881
5531,540,140,head,0.9714285714285714,0.9714285714285714
5532,215,60,tail,1.0,1.0
5533,216,60,mid,0.9833333333333333,0.9833333333333333
5534,216,60,mid,0.9833333333333333,0.9833333333333333
5535,215,60,tail,0.9833333333333333,0.9833333333333333
5536,216,60,mid,1.0,1.0
5537,538,143,mid,0.951048951048951,0.951048951048951
5538,539,142,mid,0.9577464788732394,0.9577464788732394
5539,215,60,tail,0.95,0.95
5540,214,60,tail,0.9666666666666667,0.9666666666666667
5541,216,58,mid,1.0,1.0
5542,216,60,mid,0.9666666666666667,0.9666666666666667
5543,216,59,mid,0.9830508474576272,0.9830508474576272
5544,540,144,head,0.9722222222222222,0.9722222222222222
5545,216,57,mid,1.0,1.0
5546,216,60,mid,0.9666666666666667,0.9666666666666667
5547,539,143,mid,0.951048951048951,0.951048951048951
5548,215,60,tail,0.9666666666666667,0.9666666666666667
5549,214,60,tail,0.9666666666666667,0.9666666666666667
5550,540,142,head,0.8802816901408451,0.8802816901408451
5551,541,144,head,0.8472222222222222,0.8472222222222222
5552,215,60,tail,1.0,1.0
5553,540,142,head,0.9788732394366197,0.9788732394366197
5554,539,141,mid,0.9432624113475178,0.9432624113475178
5555,540,140,head,0.9285714285714286,0.9285714285714286
5556,541,142,head,0.9507042253521126,0.9507042253521126
5557,535,144,mid,0.9513888888888888,0.9513888888888888
5558,538,143,mid,0.9090909090909091,0.9090909090909091
5559,216,60,mid,0.9833333333333333,0.9833333333333333
5560,539,143,mid,0.8811188811188811,0.8811188811188811
5561,538,143,mid,0.8951048951048951,0.8951048951048951
5562,215,60,tail,0.9333333333333333,0.9333333333333333
5563,216,60,mid,1.0,1.0
5564,216,60,mid,0.9666666666666667,0.9666666666666667
5565,216,60,mid,0.9833333333333333,0.9833333333333333
5566,216,60,mid,0.9833333333333333,0.9833333333333333
5567,216,59,mid,1.0,1.0
5568,216,60,mid,1.0,1.0
5569,540,143,head,0.9300699300699301,0.9300699300699301
5570,215,60,tail,0.9833333333333333,0.9833333333333333
5571,216,60,mid,0.9666666666666667,0.9666666666666667
5572,216,60,mid,0.9666666666666667,0.9666666666666667
5573,216,60,mid,0.9833333333333333,0.9833333333333333
5574,539,143,mid,0.9230769230769231,0.9230769230769231
5575,216,59,mid,0.9322033898305084,0.9322033898305084
5576,540,141,head,0.9361702127659575,0.9361702127659575
5577,215,60,tail,0.9666666666666667,0.9666666666666667
5578,215,60,tail,0.9666666666666667,0.9666666666666667
5579,215,58,tail,0.9827586206896551,0.9827586206896551
5580,216,60,mid,0.9833333333333333,0.9833333333333333
5581,542,144,head,0.9236111111111112,0.9236111111111112
5582,216,57,mid,0.9824561403508771,0.9824561403508771
5583,216,59,mid,0.9661016949152542,0.9661016949152542
5584,216,60,mid,0.9833333333333333,0.9833333333333333
5585,216,60,mid,1.0,1.0
5586,540,145,head,0.9793103448275862,0.9793103448275862
5587,543,144,head,0.9583333333333334,0.9583333333333334
5588,535,140,mid,0.9571428571428572,0.9571428571428572
5589,538,143,mid,0.965034965034965,0.965034965034965
5590,216,59,mid,0.9830508474576272,0.9830508474576272
5591,216,59,mid,0.9322033898305084,0.9322033898305084
5592,538,144,mid,0.9444444444444444,0.9444444444444444
5593,535,144,mid,0.9652777777777778,0.9652777777777778
5594,216,60,mid,1.0,1.0
5595,539,142,mid,0.704225352112676,0.704225352112676
5596,540,141,head,0.8085106382978723,0.8085106382978723
5597,541,141,head,0.9574468085106383,0.9574468085106383
5598,538,144,mid,0.9166666666666666,0.9166666666666666
5599,537,143,mid,0.9090909090909091,0.9090909090909091
5600,217,59,mid,0.9322033898305084,0.9322033898305084
5601,214,59,tail,0.9491525423728814,0.9491525423728814
5602,535,141,mid,0.950354609929078,0.950354609929078
5603,534,142,mid,0.9084507042253521,0.9084507042253521
5604,216,59,mid,0.9152542372881356,0.9152542372881356
5605,537,144,mid,0.8194444444444444,0.8194444444444444
5606,540,143,head,0.951048951048951,0.951048951048951
5607,542,142,head,0.8943661971830986,0.8943661971830986
5608,536,143,mid,0.8461538461538461,0.8461538461538461
5609,538,142,mid,0.8380281690140845,0.8380281690140845
5610,539,143,mid,0.972027972027972,0.972027972027972
5611,535,142,mid,0.971830985915493,0.971830985915493
5612,216,59,mid,0.9322033898305084,0.9322033898305084
5613,216,59,mid,0.9661016949152542,0.9661016949152542
5614,538,144,mid,0.8958333333333334,0.8958333333333334
5615,216,59,mid,0.8305084745762712,0.8305084745762712
5616,540,143,head,0.8391608391608392,0.8391608391608392
5617,540,142,head,0.9366197183098591,0.9366197183098591
5618,539,144,mid,0.7777777777777778,0.7777777777777778
5619,532,143,mid,0.9090909090909091,0.9090909090909091
5620,540,141,head,0.7446808510638298,0.7446808510638298
5621,539,141,mid,0.7872340425531915,0.7872340425531915
5622,540,140,head,0.85,0.85
5623,539,144,mid,0.8402777777777778,0.8402777777777778
5624,541,143,head,0.8811188811188811,0.8811188811188811
5625,215,58,tail,0.8620689655172413,0.8620689655172413
5626,216,59,mid,0.9491525423728814,0.9491525423728814
5627,537,143,mid,0.8881118881118881,0.8881118881118881
5628,535,144,mid,0.7777777777777778,0.7777777777777778
5629,538,143,mid,0.8881118881118881,0.8881118881118881
5630,538,145,mid,0.9172413793103448,0.9172413793103448
5631,539,143,mid,0.9370629370629371,0.9370629370629371
5632,540,143,head,0.9370629370629371,0.9370629370629371
5633,216,59,mid,0.7966101694915254,0.7966101694915254
5634,526,138,mid,0.855072463768116,0.855072463768116
5635,543,143,head,0.8461538461538461,0.8461538461538461
5636,216,58,mid,0.896551724137931,0.896551724137931
5637,214,56,tail,0.8392857142857143,0.8392857142857143
5638,216,58,mid,0.9137931034482759,0.9137931034482759
5639,542,143,head,0.7902097902097902,0.7902097902097902
5640,216,59,mid,0.8983050847457628,0.8983050847457628
5641,216,59,mid,0.9322033898305084,0.9322033898305084
5642,216,59,mid,0.9322033898305084,0.9322033898305084
5643,537,144,mid,0.9375,0.9375
5644,216,59,mid,0.847457627118644,0.847457627118644
5645,540,143,head,0.8881118881118881,0.8881118881118881
5646,216,58,mid,0.8275862068965517,0.8275862068965517
5647,216,59,mid,0.9152542372881356,0.9152542372881356
5648,542,143,head,0.8951048951048951,0.8951048951048951
5649,540,143,head,0.6293706293706294,0.6293706293706294
5650,216,59,mid,0.9661016949152542,0.9661016949152542
5651,540,142,head,0.7323943661971831,0.7323943661971831
5652,536,141,mid,0.8439716312056738,0.8439716312056738
5653,216,59,mid,0.9661016949152542,0.9661016949152542
5654,215,59,tail,0.8813559322033898,0.8813559322033898
5655,540,140,head,0.95,0.95
5656,540,144,head,0.6805555555555556,0.6805555555555556
5657,537,143,mid,0.8251748251748252,0.8251748251748252
5658,215,58,tail,0.9310344827586207,0.9310344827586207
5659,541,141,head,0.9574468085106383,0.9574468085106383
5660,540,143,head,0.7832167832167832,0.7832167832167832
5661,538,141,mid,0.8794326241134752,0.8794326241134752
5662,216,59,mid,0.8983050847457628,0.8983050847457628
5663,216,59,mid,0.9322033898305084,0.9322033898305084
5664,539,142,mid,0.9507042253521126,0.9507042253521126
5665,538,144,mid,0.9652777777777778,0.9652777777777778
5666,543,142,head,0.7464788732394366,0.7464788732394366
5667,216,59,mid,0.7966101694915254,0.7966101694915254
5668,541,143,head,0.8881118881118881,0.8881118881118881
5669,215,59,tail,0.864406779661017,0.864406779661017
5670,541,145,head,0.9172413793103448,0.9172413793103448
5671,538,142,mid,0.7394366197183099,0.7394366197183099
5672,216,58,mid,0.9827586206896551,0.9827586206896551
5673,537,143,mid,0.8531468531468531,0.8531468531468531
5674,539,141,mid,0.7446808510638298,0.7446808510638298
5675,215,58,tail,0.8448275862068966,0.8448275862068966
5676,536,143,mid,0.7692307692307693,0.7692307692307693
5677,540,144,head,0.6180555555555556,0.6180555555555556
5678,216,59,mid,0.9661016949152542,0.9661016949152542
5679,538,144,mid,0.9444444444444444,0.9444444444444444
5680,540,140,head,0.6571428571428571,0.6571428571428571
5681,216,59,mid,0.8305084745762712,0.8305084745762712
5682,540,142,head,0.9577464788732394,0.9577464788732394
5683,538,144,mid,0.8888888888888888,0.8888888888888888
5684,216,59,mid,0.9152542372881356,0.9152542372881356
5685,215,58,tail,0.9310344827586207,0.9310344827586207
5686,537,143,mid,0.7412587412587412,0.7412587412587412
5687,216,58,mid,0.9827586206896551,0.9827586206896551
5688,540,140,head,0.9,0.9
5689,216,59,mid,0.9830508474576272,0.9830508474576272
5690,536,141,mid,0.8439716312056738,0.8439716312056738
5691,540,143,head,0.7902097902097902,0.7902097902097902
5692,216,59,mid,0.9661016949152542,0.9661016949152542
5693,538,143,mid,0.7762237762237763,0.7762237762237763
5694,541,143,head,0.9370629370629371,0.9370629370629371
5695,535,144,mid,0.8888888888888888,0.8888888888888888
5696,216,59,mid,0.9322033898305084,0.9322033898305084
5697,540,141,head,0.7588652482269503,0.7588652482269503
5698,533,142,mid,0.9577464788732394,0.9577464788732394
5699,216,59,mid,0.9152542372881356,0.9152542372881356
5700,539,143,mid,0.6643356643356644,0.6643356643356644
5701,214,59,tail,1.0,1.0
5702,318,84,mid,0.7142857142857143,0.7142857142857143
5703,541,143,head,0.8111888111888111,0.8111888111888111
5704,216,58,mid,0.9827586206896551,0.9827586206896551
5705,216,59,mid,0.8983050847457628,0.8983050847457628
5706,216,59,mid,0.864406779661017,0.864406779661017
5707,538,142,mid,0.9507042253521126,0.9507042253521126
5708,216,57,mid,0.9649122807017544,0.9649122807017544
5709,216,59,mid,0.9322033898305084,0.9322033898305084
5710,538,143,mid,0.986013986013986,0.986013986013986
5711,216,59,mid,0.9491525423728814,0.9491525423728814
5712,538,143,mid,0.951048951048951,0.951048951048951
5713,216,58,mid,0.9310344827586207,0.9310344827586207
5714,216,59,mid,0.8983050847457628,0.8983050847457628
5715,216,59,mid,0.9491525423728814,0.9491525423728814
5716,216,59,mid,0.9491525423728814,0.9491525423728814
5717,540,141,head,0.9716312056737588,0.9716312056737588
5718,535,144,mid,0.8888888888888888,0.8888888888888888
5719,542,140,head,0.7071428571428572,0.7071428571428572
5720,216,59,mid,0.8813559322033898,0.8813559322033898
5721,537,143,mid,0.9440559440559441,0.9440559440559441
5722,215,59,tail,0.9830508474576272,0.9830508474576272
5723,541,143,head,0.9370629370629371,0.9370629370629371
5724,539,143,mid,0.7832167832167832,0.7832167832167832
5725,216,59,mid,0.8813559322033898,0.8813559322033898
5726,216,59,mid,1.0,1.0
5727,537,143,mid,0.9230769230769231,0.9230769230769231
5728,532,143,mid,0.8111888111888111,0.8111888111888111
5729,212,59,tail,0.9661016949152542,0.9661016949152542
5730,216,59,mid,0.9661016949152542,0.9661016949152542
5731,536,143,mid,0.8531468531468531,0.8531468531468531
5732,537,144,mid,0.7986111111111112,0.7986111111111112
5733,216,59,mid,0.864406779661017,0.864406779661017
5734,216,59,mid,1.0,1.0
5735,535,144,mid,0.9444444444444444,0.9444444444444444
5736,216,59,mid,0.8305084745762712,0.8305084745762712
5737,215,59,tail,1.0,1.0
5738,539,142,mid,0.9295774647887324,0.9295774647887324
5739,539,142,mid,0.9788732394366197,0.9788732394366197
5740,541,141,head,0.950354609929078,0.950354609929078
5741,216,60,mid,0.9833333333333333,0.9833333333333333
5742,216,60,mid,1.0,1.0
5743,537,144,mid,0.9652777777777778,0.9652777777777778
5744,216,60,mid,1.0,1.0
5745,215,60,tail,0.9666666666666667,0.9666666666666667
5746,541,142,head,0.9295774647887324,0.9295774647887324
5747,539,141,mid,0.9432624113475178,0.9432624113475178
5748,216,59,mid,0.9830508474576272,0.9830508474576272
5749,541,141,head,0.950354609929078,0.950354609929078
5750,539,143,mid,0.951048951048951,0.951048951048951
5751,214,60,tail,0.95,0.95
5752,216,59,mid,0.9491525423728814,0.9491525423728814
5753,542,142,head,0.9859154929577465,0.9859154929577465
5754,540,142,head,0.9788732394366197,0.9788732394366197
5755,216,60,mid,0.9833333333333333,0.9833333333333333
5756,213,59,tail,1.0,1.0
5757,538,143,mid,0.993006993006993,0.993006993006993
5758,216,60,mid,0.9833333333333333,0.9833333333333333
5759,537,144,mid,0.9861111111111112,0.9861111111111112
5760,216,60,mid,1.0,1.0
5761,216,60,mid,1.0,1.0
5762,543,142,head,0.9436619718309859,0.9436619718309859
5763,542,145,head,0.9448275862068966,0.9448275862068966
5764,540,142,head,0.8943661971830986,0.8943661971830986
5765,542,141,head,0.9432624113475178,0.9432624113475178
5766,543,142,head,0.9788732394366197,0.9788732394366197
5767,539,145,mid,0.8827586206896552,0.8827586206896552
5768,541,144,head,0.9652777777777778,0.9652777777777778
5769,544,140,head,0.9285714285714286,0.9285714285714286
5770,541,145,head,0.9586206896551724,0.9586206896551724
5771,535,140,mid,0.8714285714285714,0.8714285714285714
5772,539,143,mid,0.916083916083916,0.916083916083916
5773,540,142,head,0.9647887323943662,0.9647887323943662
5774,537,141,mid,0.9645390070921985,0.9645390070921985
5775,537,143,mid,0.9300699300699301,0.9300699300699301
5776,542,143,head,0.958041958041958,0.958041958041958
5777,542,141,head,0.9290780141843972,0.9290780141843972
5778,539,144,mid,0.9791666666666666,0.9791666666666666
5779,540,142,head,0.9436619718309859,0.9436619718309859
5780,512,134,mid,0.9925373134328358,0.9925373134328358
5781,538,142,mid,0.9507042253521126,0.9507042253521126
5782,216,60,mid,0.9833333333333333,0.9833333333333333
5783,216,59,mid,0.9830508474576272,0.9830508474576272
5784,539,142,mid,0.8943661971830986,0.8943661971830986
5785,540,142,head,0.9577464788732394,0.9577464788732394
5786,216,60,mid,1.0,1.0
5787,541,141,head,0.9219858156028369,0.9219858156028369
5788,539,144,mid,0.9791666666666666,0.9791666666666666
5789,542,142,head,0.9577464788732394,0.9577464788732394
5790,539,141,mid,0.9574468085106383,0.9574468085106383
5791,216,60,mid,0.9666666666666667,0.9666666666666667
5792,537,145,mid,0.9379310344827586,0.9379310344827586
5793,216,60,mid,0.9333333333333333,0.9333333333333333
5794,538,143,mid,0.958041958041958,0.958041958041958
5795,537,143,mid,0.958041958041958,0.958041958041958
5796,216,60,mid,0.9833333333333333,0.9833333333333333
5797,532,139,mid,0.8992805755395683,0.8992805755395683
5798,539,143,mid,0.965034965034965,0.965034965034965
5799,538,140,mid,0.9642857142857143,0.9642857142857143
5800,538,143,mid,0.9440559440559441,0.9440559440559441
5801,213,60,tail,1.0,1.0
5802,216,60,mid,0.9666666666666667,0.9666666666666667
5803,216,60,mid,1.0,1.0
5804,216,60,mid,1.0,1.0
5805,216,60,mid,0.9833333333333333,0.9833333333333333
5806,536,141,mid,0.9645390070921985,0.9645390070921985
5807,540,141,head,0.9716312056737588,0.9716312056737588
5808,540,142,head,0.9859154929577465,0.9859154929577465
5809,213,60,tail,1.0,1.0
5810,537,144,mid,1.0,1.0
5811,539,144,mid,0.9513888888888888,0.9513888888888888
5812,536,140,mid,0.9285714285714286,0.9285714285714286
5813,216,59,mid,1.0,1.0
5814,216,60,mid,0.9833333333333333,0.9833333333333333
5815,539,142,mid,0.9436619718309859,0.9436619718309859
5816,216,60,mid,1.0,1.0
5817,535,143,mid,0.9370629370629371,0.9370629370629371
5818,539,144,mid,0.9791666666666666,0.9791666666666666
5819,216,60,mid,0.9833333333333333,0.9833333333333333
5820,541,141,head,0.9787234042553191,0.9787234042553191
5821,539,144,mid,0.9513888888888888,0.9513888888888888
5822,214,58,tail,1.0,1.0
5823,216,59,mid,1.0,1.0
5824,540,144,head,0.9722222222222222,0.9722222222222222
5825,215,59,tail,1.0,1.0
5826,540,141,head,0.9716312056737588,0.9716312056737588
5827,538,142,mid,0.9788732394366197,0.9788732394366197
5828,540,144,head,0.6597222222222222,0.6597222222222222
5829,539,141,mid,1.0,1.0
5830,541,141,head,0.9645390070921985,0.9645390070921985
5831,535,140,mid,0.8928571428571429,0.8928571428571429
5832,216,60,mid,1.0,1.0
5833,216,59,mid,0.9830508474576272,0.9830508474576272
5834,538,143,mid,0.951048951048951,0.951048951048951
5835,216,60,mid,1.0,1.0
5836,540,142,head,0.9295774647887324,0.9295774647887324
5837,216,59,mid,0.9830508474576272,0.9830508474576272
5838,540,142,head,0.9647887323943662,0.9647887323943662
5839,540,144,head,0.9930555555555556,0.9930555555555556
5840,541,141,head,0.9929078014184397,0.9929078014184397
5841,539,144,mid,0.9444444444444444,0.9444444444444444
5842,542,140,head,0.95,0.95
5843,216,60,mid,0.9666666666666667,0.9666666666666667
5844,543,142,head,0.9647887323943662,0.9647887323943662
5845,542,145,head,0.9517241379310345,0.9517241379310345
5846,538,143,mid,0.958041958041958,0.958041958041958
5847,216,60,mid,0.9666666666666667,0.9666666666666667
5848,214,60,tail,1.0,1.0
5849,536,143,mid,0.965034965034965,0.965034965034965
5850,539,144,mid,0.9861111111111112,0.9861111111111112
5851,216,60,mid,1.0,1.0
5852,540,144,head,0.9236111111111112,0.9236111111111112
5853,537,143,mid,0.986013986013986,0.986013986013986
5854,213,60,tail,0.9166666666666666,0.9166666666666666
5855,216,60,mid,0.9833333333333333,0.9833333333333333
5856,214,59,tail,0.9661016949152542,0.9661016949152542
5857,212,60,tail,0.9666666666666667,0.9666666666666667
5858,537,143,mid,0.986013986013986,0.986013986013986
5859,215,60,tail,0.95,0.95
5860,543,145,head,0.9310344827586207,0.9310344827586207
5861,216,60,mid,0.95,0.95
5862,216,59,mid,0.9830508474576272,0.9830508474576272
5863,539,142,mid,1.0,1.0
5864,541,138,head,0.8188405797101449,0.8188405797101449
5865,216,60,mid,0.95,0.95
5866,216,60,mid,0.9166666666666666,0.9166666666666666
5867,214,59,tail,0.9830508474576272,0.9830508474576272
5868,536,143,mid,0.9300699300699301,0.9300699300699301
5869,209,57,tail,0.9649122807017544,0.9649122807017544
5870,213,60,tail,0.9833333333333333,0.9833333333333333
5871,216,59,mid,0.9830508474576272,0.9830508474576272
5872,317,82,mid,0.8414634146341463,0.8414634146341463
5873,540,144,head,0.9305555555555556,0.9305555555555556
5874,214,59,tail,0.9322033898305084,0.9322033898305084
5875,540,141,head,0.8936170212765957,0.8936170212765957
5876,216,60,mid,0.9833333333333333,0.9833333333333333
5877,204,55,tail,0.8,0.8
5878,539,144,mid,0.9722222222222222,0.9722222222222222
5879,540,142,head,0.971830985915493,0.971830985915493
5880,216,60,mid,0.95,0.95
5881,216,60,mid,0.9833333333333333,0.9833333333333333
5882,538,143,mid,0.8881118881118881,0.8881118881118881
5883,540,143,head,0.9440559440559441,0.9440559440559441
5884,537,142,mid,0.9154929577464789,0.9154929577464789
5885,216,59,mid,0.9830508474576272,0.9830508474576272
5886,316,83,mid,0.891566265060241,0.891566265060241
5887,216,60,mid,1.0,1.0
5888,216,60,mid,0.9833333333333333,0.9833333333333333
5889,539,141,mid,0.9078014184397163,0.9078014184397163
5890,219,61,mid,0.9508196721311475,0.9508196721311475
5891,216,60,mid,0.9666666666666667,0.9666666666666667
5892,216,60,mid,0.9833333333333333,0.9833333333333333
5893,216,60,mid,0.95,0.95
5894,543,143,head,0.972027972027972,0.972027972027972
5895,542,143,head,0.9790209790209791,0.9790209790209791
5896,535,142,mid,0.8802816901408451,0.8802816901408451
5897,216,60,mid,0.9833333333333333,0.9833333333333333
5898,216,60,mid,0.9666666666666667,0.9666666666666667
5899,536,143,mid,0.951048951048951,0.951048951048951
5900,216,59,mid,0.9830508474576272,0.9830508474576272
5901,535,142,mid,0.9577464788732394,0.9577464788732394
5902,216,60,mid,1.0,1.0
5903,540,142,head,0.9014084507042254,0.9014084507042254
5904,540,144,head,0.9444444444444444,0.9444444444444444
5905,216,60,mid,0.9666666666666667,0.9666666666666667
5906,216,60,mid,0.9833333333333333,0.9833333333333333
5907,216,60,mid,1.0,1.0
5908,317,83,mid,0.891566265060241,0.891566265060241
5909,216,60,mid,1.0,1.0
5910,214,58,tail,0.9827586206896551,0.9827586206896551
5911,216,60,mid,0.9833333333333333,0.9833333333333333
5912,216,60,mid,0.9666666666666667,0.9666666666666667
5913,216,60,mid,0.9166666666666666,0.9166666666666666
5914,216,60,mid,0.9666666666666667,0.9666666666666667
5915,216,60,mid,0.95,0.95
5916,315,83,mid,0.891566265060241,0.891566265060241
5917,539,140,mid,0.9571428571428572,0.9571428571428572
5918,216,59,mid,0.9491525423728814,0.9491525423728814
5919,216,60,mid,0.9833333333333333,0.9833333333333333
5920,540,142,head,0.9647887323943662,0.9647887323943662
5921,216,60,mid,1.0,1.0
5922,213,60,tail,0.9666666666666667,0.9666666666666667
5923,533,143,mid,0.951048951048951,0.951048951048951
5924,214,59,tail,0.9830508474576272,0.9830508474576272
5925,214,60,tail,0.9833333333333333,0.9833333333333333
5926,216,60,mid,0.95,0.95
5927,215,59,tail,0.9830508474576272,0.9830508474576272
5928,215,60,tail,1.0,1.0
5929,216,59,mid,0.9830508474576272,0.9830508474576272
5930,215,59,tail,0.9661016949152542,0.9661016949152542
5931,544,140,head,0.9714285714285714,0.9714285714285714
5932,215,60,tail,0.9333333333333333,0.9333333333333333
5933,540,141,head,0.9645390070921985,0.9645390070921985
5934,541,139,head,0.9640287769784173,0.9640287769784173
5935,216,60,mid,0.9833333333333333,0.9833333333333333
5936,215,60,tail,0.9833333333333333,0.9833333333333333
5937,539,142,mid,0.9859154929577465,0.9859154929577465
5938,216,60,mid,1.0,1.0
5939,216,59,mid,0.9661016949152542,0.9661016949152542
5940,216,60,mid,0.9833333333333333,0.9833333333333333
5941,216,60,mid,0.9833333333333333,0.9833333333333333
5942,214,60,tail,0.95,0.95
5943,542,141,head,0.9929078014184397,0.9929078014184397
5944,540,143,head,0.951048951048951,0.951048951048951
5945,216,60,mid,0.9666666666666667,0.9666666666666667
5946,543,140,head,0.9857142857142858,0.9857142857142858
5947,315,82,mid,0.9512195121951219,0.9512195121951219
5948,216,60,mid,1.0,1.0
5949,213,59,tail,1.0,1.0
5950,216,60,mid,1.0,1.0
5951,214,59,tail,1.0,1.0
5952,539,144,mid,0.9652777777777778,0.9652777777777778
5953,541,142,head,0.9859154929577465,0.9859154929577465
5954,540,144,head,1.0,1.0
5955,532,141,mid,0.9787234042553191,0.9787234042553191
5956,530,142,mid,0.9788732394366197,0.9788732394366197
5957,216,59,mid,0.9661016949152542,0.9661016949152542
5958,542,143,head,0.916083916083916,0.916083916083916
5959,540,143,head,0.965034965034965,0.965034965034965
5960,540,140,head,0.9428571428571428,0.9428571428571428
5961,535,143,mid,0.965034965034965,0.965034965034965
5962,216,59,mid,1.0,1.0
5963,216,60,mid,0.9833333333333333,0.9833333333333333
5964,540,144,head,0.9583333333333334,0.9583333333333334
5965,216,59,mid,0.9830508474576272,0.9830508474576272
5966,537,141,mid,0.9787234042553191,0.9787234042553191
5967,540,144,head,0.9305555555555556,0.9305555555555556
5968,539,143,mid,0.972027972027972,0.972027972027972
5969,215,59,tail,0.9661016949152542,0.9661016949152542
5970,216,60,mid,0.95,0.95
5971,216,60,mid,0.9833333333333333,0.9833333333333333
5972,541,144,head,0.9305555555555556,0.9305555555555556
5973,216,60,mid,0.95,0.95
5974,216,60,mid,0.95,0.95
5975,215,57,tail,0.9649122807017544,0.9649122807017544
5976,215,60,tail,0.9666666666666667,0.9666666666666667
5977,214,59,tail,0.9152542372881356,0.9152542372881356
5978,215,60,tail,0.9666666666666667,0.9666666666666667
5979,538,144,mid,0.9097222222222222,0.9097222222222222
5980,216,59,mid,0.9830508474576272,0.9830508474576272
5981,542,144,head,0.9513888888888888,0.9513888888888888
5982,215,59,tail,0.9491525423728814,0.9491525423728814
5983,537,142,mid,0.9366197183098591,0.9366197183098591
5984,216,60,mid,1.0,1.0
5985,216,60,mid,0.9333333333333333,0.9333333333333333
5986,216,60,mid,0.9666666666666667,0.9666666666666667
5987,537,141,mid,0.950354609929078,0.950354609929078
5988,216,59,mid,1.0,1.0
5989,536,140,mid,0.9571428571428572,0.9571428571428572
5990,539,142,mid,0.9647887323943662,0.9647887323943662
5991,216,60,mid,0.9666666666666667,0.9666666666666667
5992,542,143,head,0.9300699300699301,0.9300699300699301
5993,535,141,mid,0.9574468085106383,0.9574468085106383
5994,439,120,mid,0.975,0.975
5995,215,59,tail,1.0,1.0
5996,216,60,mid,0.9833333333333333,0.9833333333333333
5997,216,60,mid,0.9833333333333333,0.9833333333333333
5998,216,59,mid,1.0,1.0
5999,215,60,tail,0.9833333333333333,0.9833333333333333
6000,540,142,head,0.9647887323943662,0.9647887323943662
6001,539,142,mid,0.9859154929577465,0.9859154929577465
6002,217,60,mid,1.0,1.0
6003,538,144,mid,0.9513888888888888,0.9513888888888888
6004,216,59,mid,1.0,1.0
6005,542,144,head,0.9930555555555556,0.9930555555555556
6006,540,142,head,0.9647887323943662,0.9647887323943662
6007,539,144,mid,0.9513888888888888,0.9513888888888888
6008,216,60,mid,1.0,1.0
6009,540,145,head,0.9724137931034482,0.9724137931034482
6010,216,60,mid,1.0,1.0
6011,540,144,head,0.9097222222222222,0.9097222222222222
6012,531,140,mid,0.95,0.95
6013,531,140,mid,0.9642857142857143,0.9642857142857143
6014,540,142,head,0.9436619718309859,0.9436619718309859
6015,538,143,mid,0.9790209790209791,0.9790209790209791
6016,540,142,head,0.9295774647887324,0.9295774647887324
6017,540,140,head,0.8,0.8
6018,539,140,mid,0.8928571428571429,0.8928571428571429
6019,542,142,head,0.9859154929577465,0.9859154929577465
6020,540,144,head,0.9652777777777778,0.9652777777777778
6021,214,60,tail,0.9333333333333333,0.9333333333333333
6022,542,143,head,0.9440559440559441,0.9440559440559441
6023,539,143,mid,0.965034965034965,0.965034965034965
6024,541,141,head,0.9290780141843972,0.9290780141843972
6025,537,144,mid,0.8125,0.8125
6026,538,145,mid,0.8275862068965517,0.8275862068965517
6027,535,144,mid,0.9652777777777778,0.9652777777777778
6028,539,142,mid,0.9577464788732394,0.9577464788732394
6029,539,142,mid,0.9647887323943662,0.9647887323943662
6030,539,143,mid,0.9090909090909091,0.9090909090909091
6031,542,144,head,0.9861111111111112,0.9861111111111112
6032,540,143,head,0.8461538461538461,0.8461538461538461
6033,539,143,mid,0.9230769230769231,0.9230769230769231
6034,216,60,mid,0.95,0.95
6035,541,142,head,0.9647887323943662,0.9647887323943662
6036,216,60,mid,0.9666666666666667,0.9666666666666667
6037,538,141,mid,0.9361702127659575,0.9361702127659575
6038,537,143,mid,0.9370629370629371,0.9370629370629371
6039,536,143,mid,0.965034965034965,0.965034965034965
6040,541,145,head,0.8758620689655172,0.8758620689655172
6041,539,143,mid,0.9790209790209791,0.9790209790209791
6042,540,142,head,0.852112676056338,0.852112676056338
6043,542,141,head,0.9929078014184397,0.9929078014184397
6044,540,142,head,0.9295774647887324,0.9295774647887324
6045,216,59,mid,0.9661016949152542,0.9661016949152542
6046,215,59,tail,1.0,1.0
6047,216,59,mid,1.0,1.0
6048,216,60,mid,0.9833333333333333,0.9833333333333333
6049,216,59,mid,0.9661016949152542,0.9661016949152542
6050,540,142,head,0.9859154929577465,0.9859154929577465
6051,536,142,mid,0.9225352112676056,0.9225352112676056
6052,541,141,head,0.9290780141843972,0.9290780141843972
6053,216,59,mid,0.9830508474576272,0.9830508474576272
6054,537,143,mid,0.9090909090909091,0.9090909090909091
6055,216,60,mid,1.0,1.0
6056,537,144,mid,0.9236111111111112,0.9236111111111112
6057,541,143,head,0.9090909090909091,0.9090909090909091
6058,537,142,mid,0.9084507042253521,0.9084507042253521
6059,540,143,head,0.8881118881118881,0.8881118881118881
6060,539,141,mid,0.9574468085106383,0.9574468085106383
6061,536,141,mid,0.9290780141843972,0.9290780141843972
6062,540,144,head,0.8680555555555556,0.8680555555555556
6063,537,142,mid,0.9366197183098591,0.9366197183098591
6064,216,60,mid,0.9666666666666667,0.9666666666666667
6065,216,60,mid,0.95,0.95
6066,538,144,mid,0.8958333333333334,0.8958333333333334
6067,539,143,mid,0.9020979020979021,0.9020979020979021
6068,540,143,head,0.965034965034965,0.965034965034965
6069,216,60,mid,1.0,1.0
6070,216,60,mid,0.9833333333333333,0.9833333333333333
6071,538,142,mid,0.9014084507042254,0.9014084507042254
6072,540,143,head,0.951048951048951,0.951048951048951
6073,215,60,tail,0.95,0.95
6074,542,142,head,0.9436619718309859,0.9436619718309859
6075,539,142,mid,0.9295774647887324,0.9295774647887324
6076,214,60,tail,0.9666666666666667,0.9666666666666667
6077,540,141,head,0.9716312056737588,0.9716312056737588
6078,540,143,head,0.9230769230769231,0.9230769230769231
6079,539,141,mid,0.9787234042553191,0.9787234042553191
6080,540,144,head,0.9444444444444444,0.9444444444444444
6081,542,142,head,0.9366197183098591,0.9366197183098591
6082,536,142,mid,0.9225352112676056,0.9225352112676056
6083,540,142,head,0.8380281690140845,0.8380281690140845
6084,216,60,mid,1.0,1.0
6085,541,141,head,0.75177304964539,0.75177304964539
6086,216,60,mid,0.9833333333333333,0.9833333333333333
6087,216,60,mid,0.9666666666666667,0.9666666666666667
6088,540,140,head,0.9714285714285714,0.9714285714285714
6089,216,60,mid,1.0,1.0
6090,216,60,mid,0.95,0.95
6091,215,60,tail,0.9833333333333333,0.9833333333333333
6092,539,143,mid,0.951048951048951,0.951048951048951
6093,538,142,mid,0.9788732394366197,0.9788732394366197
6094,544,142,head,0.9084507042253521,0.9084507042253521
6095,540,145,head,0.9862068965517241,0.9862068965517241
6096,540,142,head,0.9577464788732394,0.9577464788732394
6097,531,142,mid,0.9084507042253521,0.9084507042253521
6098,216,59,mid,0.9830508474576272,0.9830508474576272
6099,543,142,head,0.9295774647887324,0.9295774647887324
6100,544,142,head,0.9436619718309859,0.9436619718309859
6101,538,140,mid,0.9142857142857143,0.9142857142857143
6102,216,59,mid,0.9661016949152542,0.9661016949152542
6103,216,60,mid,1.0,1.0
6104,212,60,tail,1.0,1.0
6105,541,142,head,0.8380281690140845,0.8380281690140845
6106,537,143,mid,0.9230769230769231,0.9230769230769231
6107,215,60,tail,1.0,1.0
6108,216,60,mid,1.0,1.0
6109,215,60,tail,0.9833333333333333,0.9833333333333333
6110,537,142,mid,0.9507042253521126,0.9507042253521126
6111,541,143,head,0.9370629370629371,0.9370629370629371
6112,216,60,mid,0.9666666666666667,0.9666666666666667
6113,539,145,mid,0.9586206896551724,0.9586206896551724
6114,539,144,mid,0.9375,0.9375
6115,216,60,mid,0.9833333333333333,0.9833333333333333
6116,537,142,mid,0.9436619718309859,0.9436619718309859
6117,216,60,mid,1.0,1.0
6118,542,143,head,0.965034965034965,0.965034965034965
6119,540,144,head,0.9791666666666666,0.9791666666666666
6120,216,60,mid,0.9833333333333333,0.9833333333333333
6121,216,60,mid,0.9833333333333333,0.9833333333333333
6122,216,60,mid,0.9833333333333333,0.9833333333333333
6123,216,60,mid,1.0,1.0
6124,541,142,head,0.971830985915493,0.971830985915493
6125,541,142,head,0.9577464788732394,0.9577464788732394
6126,216,60,mid,0.9833333333333333,0.9833333333333333
6127,215,58,tail,0.9827586206896551,0.9827586206896551
6128,216,59,mid,0.9830508474576272,0.9830508474576272
6129,216,58,mid,0.9655172413793104,0.9655172413793104
6130,215,59,tail,0.9661016949152542,0.9661016949152542
6131,216,59,mid,0.9661016949152542,0.9661016949152542
6132,536,143,mid,0.916083916083916,0.916083916083916
6133,539,144,mid,0.9583333333333334,0.9583333333333334
6134,542,142,head,0.9014084507042254,0.9014084507042254
6135,540,142,head,0.9366197183098591,0.9366197183098591
6136,216,59,mid,0.9830508474576272,0.9830508474576272
6137,543,143,head,0.9790209790209791,0.9790209790209791
6138,540,142,head,0.9436619718309859,0.9436619718309859
6139,215,59,tail,0.9830508474576272,0.9830508474576272
6140,540,144,head,0.9791666666666666,0.9791666666666666
6141,215,59,tail,1.0,1.0
6142,215,59,tail,0.9830508474576272,0.9830508474576272
6143,539,143,mid,0.9370629370629371,0.9370629370629371
6144,215,59,tail,0.9491525423728814,0.9491525423728814
6145,216,59,mid,0.9830508474576272,0.9830508474576272
6146,540,142,head,0.9295774647887324,0.9295774647887324
6147,214,59,tail,0.9830508474576272,0.9830508474576272
6148,539,143,mid,0.8461538461538461,0.8461538461538461
6149,216,59,mid,1.0,1.0
6150,216,60,mid,0.9666666666666667,0.9666666666666667
6151,543,143,head,0.965034965034965,0.965034965034965
6152,216,60,mid,1.0,1.0
6153,216,60,mid,0.9833333333333333,0.9833333333333333
6154,216,60,mid,0.95,0.95
6155,216,60,mid,0.95,0.95
6156,539,142,mid,0.9295774647887324,0.9295774647887324
6157,538,142,mid,0.971830985915493,0.971830985915493
6158,216,59,mid,0.9491525423728814,0.9491525423728814
6159,216,60,mid,0.9666666666666667,0.9666666666666667
6160,540,143,head,0.9230769230769231,0.9230769230769231
6161,216,60,mid,0.95,0.95
6162,216,59,mid,0.9661016949152542,0.9661016949152542
6163,216,60,mid,0.9833333333333333,0.9833333333333333
6164,216,58,mid,0.9655172413793104,0.9655172413793104
6165,216,60,mid,0.9833333333333333,0.9833333333333333
6166,541,141,head,0.9787234042553191,0.9787234042553191
6167,536,143,mid,0.951048951048951,0.951048951048951
6168,216,60,mid,0.9666666666666667,0.9666666666666667
6169,216,60,mid,0.9666666666666667,0.9666666666666667
6170,542,144,head,0.9722222222222222,0.9722222222222222
6171,543,143,head,0.8741258741258742,0.8741258741258742
6172,216,59,mid,0.9830508474576272,0.9830508474576272
6173,540,142,head,0.9577464788732394,0.9577464788732394
6174,215,60,tail,0.9833333333333333,0.9833333333333333
6175,540,140,head,0.9071428571428571,0.9071428571428571
6176,540,142,head,0.9647887323943662,0.9647887323943662
6177,540,142,head,0.9225352112676056,0.9225352112676056
6178,215,60,tail,1.0,1.0
6179,216,59,mid,1.0,1.0
6180,540,141,head,0.9574468085106383,0.9574468085106383
6181,216,60,mid,1.0,1.0
6182,216,61,mid,0.9180327868852459,0.9180327868852459
6183,216,59,mid,0.9830508474576272,0.9830508474576272
6184,543,142,head,0.9647887323943662,0.9647887323943662
6185,216,60,mid,0.9833333333333333,0.9833333333333333
6186,215,60,tail,0.9833333333333333,0.9833333333333333
6187,215,60,tail,1.0,1.0
6188,216,60,mid,1.0,1.0
6189,216,60,mid,0.9666666666666667,0.9666666666666667
6190,216,60,mid,0.9833333333333333,0.9833333333333333
6191,213,59,tail,0.9830508474576272,0.9830508474576272
6192,211,59,tail,1.0,1.0
6193,540,143,head,0.8671328671328671,0.8671328671328671
6194,216,59,mid,0.9661016949152542,0.9661016949152542
6195,539,142,mid,0.9507042253521126,0.9507042253521126
6196,537,143,mid,0.986013986013986,0.986013986013986
6197,538,144,mid,0.9444444444444444,0.9444444444444444
6198,216,60,mid,1.0,1.0
6199,216,59,mid,0.9830508474576272,0.9830508474576272
6200,216,60,mid,0.9833333333333333,0.9833333333333333
6201,541,144,head,0.8333333333333334,0.8333333333333334
6202,540,143,head,0.986013986013986,0.986013986013986
6203,541,142,head,0.9436619718309859,0.9436619718309859
6204,543,145,head,0.9655172413793104,0.9655172413793104
6205,438,116,mid,0.9827586206896551,0.9827586206896551
6206,215,60,tail,0.9666666666666667,0.9666666666666667
6207,216,60,mid,1.0,1.0
6208,540,141,head,0.9858156028368794,0.9858156028368794
6209,216,59,mid,1.0,1.0
6210,536,143,mid,0.9300699300699301,0.9300699300699301
6211,214,60,tail,0.9666666666666667,0.9666666666666667
6212,216,60,mid,0.9,0.9
6213,531,141,mid,0.8723404255319149,0.8723404255319149
6214,542,141,head,0.9716312056737588,0.9716312056737588
6215,540,143,head,0.986013986013986,0.986013986013986
6216,216,60,mid,1.0,1.0
6217,216,60,mid,0.9833333333333333,0.9833333333333333
6218,537,143,mid,0.972027972027972,0.972027972027972
6219,215,59,tail,0.9491525423728814,0.9491525423728814
6220,216,60,mid,0.9333333333333333,0.9333333333333333
6221,539,142,mid,0.9577464788732394,0.9577464788732394
6222,537,144,mid,0.9930555555555556,0.9930555555555556
6223,540,144,head,0.9097222222222222,0.9097222222222222
6224,538,143,mid,0.9370629370629371,0.9370629370629371
6225,216,59,mid,0.9830508474576272,0.9830508474576272
6226,216,60,mid,1.0,1.0
6227,216,60,mid,0.9833333333333333,0.9833333333333333
6228,540,144,head,0.9722222222222222,0.9722222222222222
6229,216,60,mid,0.95,0.95
6230,541,142,head,0.9647887323943662,0.9647887323943662
6231,539,144,mid,0.9722222222222222,0.9722222222222222
6232,540,143,head,0.9370629370629371,0.9370629370629371
6233,216,60,mid,1.0,1.0
6234,215,60,tail,0.9333333333333333,0.9333333333333333
6235,216,60,mid,1.0,1.0
6236,216,60,mid,0.9833333333333333,0.9833333333333333
6237,538,144,mid,0.7916666666666666,0.7916666666666666
6238,537,144,mid,0.9930555555555556,0.9930555555555556
6239,438,119,mid,0.9915966386554622,0.9915966386554622
6240,216,60,mid,0.9833333333333333,0.9833333333333333
6241,216,60,mid,0.9833333333333333,0.9833333333333333
6242,216,60,mid,0.9666666666666667,0.9666666666666667
6243,216,60,mid,0.9833333333333333,0.9833333333333333
6244,214,59,tail,0.9830508474576272,0.9830508474576272
6245,215,60,tail,0.9833333333333333,0.9833333333333333
6246,216,59,mid,1.0,1.0
6247,216,60,mid,1.0,1.0
6248,216,60,mid,0.9833333333333333,0.9833333333333333
6249,215,60,tail,1.0,1.0
6250,541,142,head,0.9295774647887324,0.9295774647887324
6251,539,144,mid,0.9861111111111112,0.9861111111111112
6252,539,144,mid,0.9861111111111112,0.9861111111111112
6253,539,142,mid,0.9436619718309859,0.9436619718309859
6254,538,142,mid,0.9014084507042254,0.9014084507042254
6255,540,141,head,0.9716312056737588,0.9716312056737588
6256,535,142,mid,0.9577464788732394,0.9577464788732394
6257,540,143,head,0.8741258741258742,0.8741258741258742
6258,531,141,mid,0.9432624113475178,0.9432624113475178
6259,532,140,mid,0.95,0.95
6260,215,60,tail,1.0,1.0
6261,216,60,mid,0.95,0.95
6262,216,60,mid,0.9666666666666667,0.9666666666666667
6263,213,60,tail,1.0,1.0
6264,216,60,mid,1.0,1.0
6265,215,60,tail,0.95,0.95
6266,216,60,mid,0.9833333333333333,0.9833333333333333
6267,215,59,tail,1.0,1.0
6268,216,59,mid,1.0,1.0
6269,216,59,mid,0.9322033898305084,0.9322033898305084
6270,215,60,tail,0.95,0.95
6271,216,60,mid,1.0,1.0
6272,216,60,mid,1.0,1.0
6273,216,60,mid,0.9833333333333333,0.9833333333333333
6274,216,60,mid,0.9833333333333333,0.9833333333333333
6275,216,60,mid,1.0,1.0
6276,540,145,head,0.9379310344827586,0.9379310344827586
6277,540,142,head,0.9154929577464789,0.9154929577464789
6278,216,59,mid,0.9830508474576272,0.9830508474576272
6279,216,60,mid,0.9666666666666667,0.9666666666666667
6280,214,60,tail,0.9833333333333333,0.9833333333333333
6281,216,60,mid,1.0,1.0
6282,535,144,mid,0.9305555555555556,0.9305555555555556
6283,216,60,mid,0.9833333333333333,0.9833333333333333
6284,216,60,mid,0.9833333333333333,0.9833333333333333
6285,538,142,mid,0.9154929577464789,0.9154929577464789
6286,540,140,head,0.9071428571428571,0.9071428571428571
6287,216,60,mid,0.95,0.95
6288,216,59,mid,0.9830508474576272,0.9830508474576272
6289,214,60,tail,1.0,1.0
6290,216,60,mid,1.0,1.0
6291,540,141,head,0.950354609929078,0.950354609929078
6292,216,60,mid,0.95,0.95
6293,216,60,mid,0.9666666666666667,0.9666666666666667
6294,214,60,tail,0.9333333333333333,0.9333333333333333
6295,541,142,head,0.9647887323943662,0.9647887323943662
6296,540,141,head,0.9432624113475178,0.9432624113475178
6297,540,144,head,0.9583333333333334,0.9583333333333334
6298,540,144,head,0.9166666666666666,0.9166666666666666
6299,541,143,head,0.9370629370629371,0.9370629370629371
6300,542,142,head,0.9366197183098591,0.9366197183098591
6301,216,60,mid,0.9833333333333333,0.9833333333333333
6302,210,58,tail,0.8793103448275862,0.8793103448275862
6303,542,144,head,0.7916666666666666,0.7916666666666666
6304,538,144,mid,0.8680555555555556,0.8680555555555556
6305,539,144,mid,0.7569444444444444,0.7569444444444444
6306,540,142,head,0.9295774647887324,0.9295774647887324
6307,540,141,head,0.851063829787234,0.851063829787234
6308,216,60,mid,0.95,0.95
6309,216,60,mid,0.95,0.95
6310,216,59,mid,0.9152542372881356,0.9152542372881356
6311,216,60,mid,0.9833333333333333,0.9833333333333333
6312,539,143,mid,0.9090909090909091,0.9090909090909091
6313,216,60,mid,1.0,1.0
6314,216,60,mid,0.9666666666666667,0.9666666666666667
6315,539,144,mid,0.9027777777777778,0.9027777777777778
6316,216,60,mid,0.9833333333333333,0.9833333333333333
6317,539,144,mid,0.9652777777777778,0.9652777777777778
6318,216,60,mid,0.9833333333333333,0.9833333333333333
6319,540,143,head,0.916083916083916,0.916083916083916
6320,216,60,mid,0.9666666666666667,0.9666666666666667
6321,216,58,mid,0.9655172413793104,0.9655172413793104
6322,216,60,mid,0.9666666666666667,0.9666666666666667
6323,216,60,mid,0.9833333333333333,0.9833333333333333
6324,215,59,tail,0.9322033898305084,0.9322033898305084
6325,540,142,head,0.8098591549295775,0.8098591549295775
6326,216,60,mid,0.9333333333333333,0.9333333333333333
6327,216,60,mid,0.9666666666666667,0.9666666666666667
6328,536,141,mid,0.9716312056737588,0.9716312056737588
6329,215,60,tail,0.9333333333333333,0.9333333333333333
6330,542,143,head,0.9090909090909091,0.9090909090909091
6331,540,143,head,0.8531468531468531,0.8531468531468531
6332,542,141,head,0.900709219858156,0.900709219858156
6333,537,143,mid,0.8671328671328671,0.8671328671328671
6334,216,60,mid,0.9666666666666667,0.9666666666666667
6335,537,144,mid,0.8819444444444444,0.8819444444444444
6336,538,144,mid,0.9722222222222222,0.9722222222222222
6337,216,60,mid,0.9833333333333333,0.9833333333333333
6338,216,60,mid,0.9666666666666667,0.9666666666666667
6339,216,60,mid,0.9666666666666667,0.9666666666666667
6340,216,59,mid,0.9661016949152542,0.9661016949152542
6341,216,60,mid,0.95,0.95
6342,216,60,mid,0.9666666666666667,0.9666666666666667
6343,216,60,mid,0.95,0.95
6344,313,82,mid,0.926829268292683,0.926829268292683
6345,215,59,tail,0.9491525423728814,0.9491525423728814
6346,216,60,mid,0.9833333333333333,0.9833333333333333
6347,216,60,mid,0.9333333333333333,0.9333333333333333
6348,216,60,mid,0.9,0.9
6349,216,60,mid,0.95,0.95
6350,216,60,mid,1.0,1.0
6351,216,60,mid,0.95,0.95
6352,315,81,mid,0.8395061728395061,0.8395061728395061
6353,540,143,head,0.8601398601398601,0.8601398601398601
6354,538,143,mid,0.9230769230769231,0.9230769230769231
6355,215,60,tail,0.95,0.95
6356,216,60,mid,0.95,0.95
6357,216,60,mid,1.0,1.0
6358,540,143,head,0.9790209790209791,0.9790209790209791
6359,216,60,mid,0.9166666666666666,0.9166666666666666
6360,540,143,head,0.8811188811188811,0.8811188811188811
6361,215,59,tail,1.0,1.0
6362,215,60,tail,0.9833333333333333,0.9833333333333333
6363,216,60,mid,1.0,1.0
6364,216,60,mid,0.9666666666666667,0.9666666666666667
6365,209,59,tail,0.9322033898305084,0.9322033898305084
6366,216,60,mid,0.9666666666666667,0.9666666666666667
6367,216,60,mid,1.0,1.0
6368,540,142,head,0.852112676056338,0.852112676056338
6369,532,142,mid,0.823943661971831,0.823943661971831
6370,216,60,mid,0.9333333333333333,0.9333333333333333
6371,215,60,tail,0.9833333333333333,0.9833333333333333
6372,539,142,mid,0.8450704225352113,0.8450704225352113
6373,540,144,head,0.9097222222222222,0.9097222222222222
6374,543,143,head,0.9440559440559441,0.9440559440559441
6375,216,60,mid,0.9833333333333333,0.9833333333333333
6376,216,59,mid,0.9830508474576272,0.9830508474576272
6377,216,60,mid,1.0,1.0
6378,540,142,head,0.9366197183098591,0.9366197183098591
6379,216,60,mid,0.9666666666666667,0.9666666666666667
6380,539,143,mid,0.9230769230769231,0.9230769230769231
6381,216,59,mid,0.9491525423728814,0.9491525423728814
6382,539,144,mid,0.9583333333333334,0.9583333333333334
6383,216,58,mid,0.9482758620689655,0.9482758620689655
6384,216,60,mid,0.9666666666666667,0.9666666666666667
6385,207,57,tail,0.9649122807017544,0.9649122807017544
6386,537,141,mid,0.9078014184397163,0.9078014184397163
6387,216,59,mid,0.9830508474576272,0.9830508474576272
6388,540,142,head,0.9084507042253521,0.9084507042253521
6389,535,144,mid,0.8402777777777778,0.8402777777777778
6390,216,60,mid,0.95,0.95
6391,216,60,mid,1.0,1.0
6392,543,142,head,0.9929577464788732,0.9929577464788732
6393,541,140,head,0.9357142857142857,0.9357142857142857
6394,216,60,mid,0.9666666666666667,0.9666666666666667
6395,216,59,mid,0.9152542372881356,0.9152542372881356
6396,540,144,head,0.9375,0.9375
6397,316,83,mid,0.3614457831325301,0.3614457831325301
6398,215,60,tail,0.9833333333333333,0.9833333333333333
6399,540,139,head,0.8129496402877698,0.8129496402877698
6400,539,142,mid,0.9084507042253521,0.9084507042253521
6401,216,60,mid,0.8666666666666667,0.8666666666666667
6402,216,60,mid,0.95,0.95
6403,215,59,tail,0.9661016949152542,0.9661016949152542
6404,538,144,mid,0.875,0.875
6405,538,141,mid,0.950354609929078,0.950354609929078
6406,216,60,mid,0.9833333333333333,0.9833333333333333
6407,212,58,tail,1.0,1.0
6408,216,60,mid,0.95,0.95
6409,216,60,mid,0.9833333333333333,0.9833333333333333
6410,216,59,mid,0.9661016949152542,0.9661016949152542
6411,441,119,mid,0.8739495798319328,0.8739495798319328
6412,216,60,mid,0.9333333333333333,0.9333333333333333
6413,542,141,head,0.7304964539007093,0.7304964539007093
6414,536,143,mid,0.9300699300699301,0.9300699300699301
6415,216,60,mid,0.9833333333333333,0.9833333333333333
6416,216,60,mid,0.9833333333333333,0.9833333333333333
6417,214,60,tail,0.9666666666666667,0.9666666666666667
6418,216,60,mid,0.9833333333333333,0.9833333333333333
6419,216,60,mid,0.9666666666666667,0.9666666666666667
6420,541,143,head,0.9370629370629371,0.9370629370629371
6421,215,60,tail,0.9166666666666666,0.9166666666666666
6422,538,142,mid,0.9366197183098591,0.9366197183098591
6423,542,141,head,0.8794326241134752,0.8794326241134752
6424,540,144,head,0.9305555555555556,0.9305555555555556
6425,541,145,head,0.9379310344827586,0.9379310344827586
6426,215,60,tail,0.95,0.95
6427,540,144,head,0.9513888888888888,0.9513888888888888
6428,216,60,mid,1.0,1.0
6429,215,59,tail,0.9661016949152542,0.9661016949152542
6430,215,60,tail,0.9666666666666667,0.9666666666666667
6431,214,60,tail,0.9666666666666667,0.9666666666666667
6432,542,142,head,0.9014084507042254,0.9014084507042254
6433,538,141,mid,0.9432624113475178,0.9432624113475178
6434,540,144,head,0.9444444444444444,0.9444444444444444
6435,536,142,mid,0.971830985915493,0.971830985915493
6436,216,60,mid,0.9833333333333333,0.9833333333333333
6437,216,59,mid,1.0,1.0
6438,216,60,mid,0.9833333333333333,0.9833333333333333
6439,215,60,tail,1.0,1.0
6440,216,60,mid,0.9833333333333333,0.9833333333333333
6441,215,60,tail,0.9833333333333333,0.9833333333333333
6442,216,60,mid,0.9833333333333333,0.9833333333333333
6443,533,143,mid,0.958041958041958,0.958041958041958
6444,216,60,mid,0.9833333333333333,0.9833333333333333
6445,536,139,mid,0.9424460431654677,0.9424460431654677
6446,216,60,mid,0.9833333333333333,0.9833333333333333
6447,216,60,mid,0.9833333333333333,0.9833333333333333
6448,216,59,mid,1.0,1.0
6449,539,140,mid,0.8928571428571429,0.8928571428571429
6450,535,144,mid,0.9652777777777778,0.9652777777777778
6451,216,60,mid,0.9666666666666667,0.9666666666666667
6452,216,60,mid,1.0,1.0
6453,216,60,mid,1.0,1.0
6454,216,60,mid,0.95,0.95
6455,216,60,mid,0.9666666666666667,0.9666666666666667
6456,542,145,head,0.896551724137931,0.896551724137931
6457,216,60,mid,0.9833333333333333,0.9833333333333333
6458,216,59,mid,0.9830508474576272,0.9830508474576272
6459,438,120,mid,0.975,0.975
6460,216,60,mid,0.9666666666666667,0.9666666666666667
6461,216,60,mid,0.9833333333333333,0.9833333333333333
6462,536,141,mid,0.8936170212765957,0.8936170212765957
6463,216,60,mid,0.9833333333333333,0.9833333333333333
6464,216,60,mid,0.9833333333333333,0.9833333333333333
6465,538,141,mid,0.9078014184397163,0.9078014184397163
6466,542,141,head,0.950354609929078,0.950354609929078
6467,216,60,mid,0.9833333333333333,0.9833333333333333
6468,216,60,mid,0.9833333333333333,0.9833333333333333
6469,216,60,mid,0.9833333333333333,0.9833333333333333
6470,216,60,mid,0.9333333333333333,0.9333333333333333
6471,216,60,mid,1.0,1.0
6472,215,60,tail,0.9833333333333333,0.9833333333333333
6473,215,60,tail,0.95,0.95
6474,216,60,mid,0.95,0.95
6475,216,60,mid,0.9833333333333333,0.9833333333333333
6476,216,59,mid,1.0,1.0
6477,537,143,mid,0.9230769230769231,0.9230769230769231
6478,216,58,mid,1.0,1.0
6479,216,60,mid,0.95,0.95
6480,214,59,tail,0.9491525423728814,0.9491525423728814
6481,216,60,mid,1.0,1.0
6482,216,60,mid,0.9666666666666667,0.9666666666666667
6483,216,59,mid,0.9661016949152542,0.9661016949152542
6484,535,140,mid,0.9214285714285714,0.9214285714285714
6485,215,59,tail,1.0,1.0
6486,216,60,mid,0.9666666666666667,0.9666666666666667
6487,216,59,mid,0.9491525423728814,0.9491525423728814
6488,216,60,mid,0.9666666666666667,0.9666666666666667
6489,216,60,mid,0.9666666666666667,0.9666666666666667
6490,216,60,mid,0.9833333333333333,0.9833333333333333
6491,216,59,mid,0.9830508474576272,0.9830508474576272
6492,216,60,mid,0.9833333333333333,0.9833333333333333
6493,215,60,tail,1.0,1.0
6494,537,141,mid,0.9432624113475178,0.9432624113475178
6495,214,60,tail,0.9833333333333333,0.9833333333333333
6496,536,142,mid,0.9507042253521126,0.9507042253521126
6497,216,60,mid,0.9333333333333333,0.9333333333333333
6498,216,60,mid,0.95,0.95
6499,215,59,tail,0.9830508474576272,0.9830508474576272
6500,216,59,mid,1.0,1.0
6501,216,57,mid,1.0,1.0
6502,539,142,mid,0.9507042253521126,0.9507042253521126
6503,543,142,head,0.9507042253521126,0.9507042253521126
6504,538,144,mid,0.9236111111111112,0.9236111111111112
6505,215,60,tail,0.9833333333333333,0.9833333333333333
6506,538,143,mid,0.9440559440559441,0.9440559440559441
6507,215,60,tail,0.9833333333333333,0.9833333333333333
6508,540,142,head,0.9014084507042254,0.9014084507042254
6509,541,143,head,0.8671328671328671,0.8671328671328671
6510,543,142,head,0.8802816901408451,0.8802816901408451
6511,540,144,head,0.8680555555555556,0.8680555555555556
6512,216,60,mid,0.9833333333333333,0.9833333333333333
6513,539,142,mid,0.9154929577464789,0.9154929577464789
6514,216,60,mid,0.9666666666666667,0.9666666666666667
6515,538,142,mid,0.852112676056338,0.852112676056338
6516,215,60,tail,0.9666666666666667,0.9666666666666667
6517,215,60,tail,0.95,0.95
6518,534,141,mid,0.9290780141843972,0.9290780141843972
6519,538,142,mid,0.971830985915493,0.971830985915493
6520,535,142,mid,0.9154929577464789,0.9154929577464789
6521,538,141,mid,0.8936170212765957,0.8936170212765957
6522,538,144,mid,0.9027777777777778,0.9027777777777778
6523,215,59,tail,0.9830508474576272,0.9830508474576272
6524,537,144,mid,0.9236111111111112,0.9236111111111112
6525,216,60,mid,0.8666666666666667,0.8666666666666667
6526,215,60,tail,0.9666666666666667,0.9666666666666667
6527,539,142,mid,0.9366197183098591,0.9366197183098591
6528,540,141,head,0.9078014184397163,0.9078014184397163
6529,538,143,mid,0.9230769230769231,0.9230769230769231
6530,212,60,tail,0.9833333333333333,0.9833333333333333
6531,209,60,tail,0.95,0.95
6532,543,144,head,0.8541666666666666,0.8541666666666666
6533,214,60,tail,0.9166666666666666,0.9166666666666666
6534,216,60,mid,0.95,0.95
6535,216,60,mid,0.9333333333333333,0.9333333333333333
6536,538,142,mid,0.9084507042253521,0.9084507042253521
6537,215,59,tail,0.9661016949152542,0.9661016949152542
6538,215,60,tail,0.9333333333333333,0.9333333333333333
6539,215,60,tail,0.95,0.95
6540,215,60,tail,1.0,1.0
6541,537,144,mid,0.875,0.875
6542,215,60,tail,0.9333333333333333,0.9333333333333333
6543,542,143,head,0.951048951048951,0.951048951048951
6544,537,141,mid,0.900709219858156,0.900709219858156
6545,215,60,tail,0.9666666666666667,0.9666666666666667
6546,540,144,head,0.9166666666666666,0.9166666666666666
6547,216,60,mid,0.9666666666666667,0.9666666666666667
6548,216,60,mid,0.95,0.95
6549,216,60,mid,0.95,0.95
6550,216,60,mid,1.0,1.0
6551,216,60,mid,0.9666666666666667,0.9666666666666667
6552,214,60,tail,0.95,0.95
6553,541,138,head,0.927536231884058,0.927536231884058
6554,216,59,mid,0.9322033898305084,0.9322033898305084
6555,540,141,head,0.9787234042553191,0.9787234042553191
6556,216,60,mid,1.0,1.0
6557,214,59,tail,0.9830508474576272,0.9830508474576272
6558,216,60,mid,1.0,1.0
6559,539,144,mid,0.9513888888888888,0.9513888888888888
6560,316,84,mid,0.9761904761904762,0.9761904761904762
6561,538,142,mid,0.9225352112676056,0.9225352112676056
6562,542,143,head,0.8671328671328671,0.8671328671328671
6563,540,144,head,0.9027777777777778,0.9027777777777778
6564,540,143,head,0.9370629370629371,0.9370629370629371
6565,538,143,mid,0.9440559440559441,0.9440559440559441
6566,539,142,mid,0.9507042253521126,0.9507042253521126
6567,216,60,mid,0.9833333333333333,0.9833333333333333
6568,216,60,mid,0.9666666666666667,0.9666666666666667
6569,542,140,head,0.9785714285714285,0.9785714285714285
6570,536,143,mid,0.965034965034965,0.965034965034965
6571,216,60,mid,0.9666666666666667,0.9666666666666667
6572,541,142,head,0.9436619718309859,0.9436619718309859
6573,538,142,mid,0.9436619718309859,0.9436619718309859
6574,539,142,mid,0.971830985915493,0.971830985915493
6575,537,142,mid,0.9647887323943662,0.9647887323943662
6576,532,136,mid,0.8235294117647058,0.8235294117647058
6577,215,60,tail,1.0,1.0
6578,538,141,mid,0.9645390070921985,0.9645390070921985
6579,537,144,mid,0.9652777777777778,0.9652777777777778
6580,534,141,mid,0.950354609929078,0.950354609929078
6581,539,143,mid,0.951048951048951,0.951048951048951
6582,215,60,tail,0.9833333333333333,0.9833333333333333
6583,536,144,mid,0.9722222222222222,0.9722222222222222
6584,540,143,head,0.993006993006993,0.993006993006993
6585,216,60,mid,0.9833333333333333,0.9833333333333333
6586,540,142,head,0.9507042253521126,0.9507042253521126
6587,541,143,head,0.958041958041958,0.958041958041958
6588,543,142,head,0.9295774647887324,0.9295774647887324
6589,216,59,mid,0.9830508474576272,0.9830508474576272
6590,541,144,head,0.9513888888888888,0.9513888888888888
6591,540,142,head,0.9366197183098591,0.9366197183098591
6592,538,143,mid,0.9300699300699301,0.9300699300699301
6593,214,59,tail,0.9830508474576272,0.9830508474576272
6594,216,59,mid,0.9830508474576272,0.9830508474576272
6595,216,59,mid,1.0,1.0
6596,539,143,mid,0.958041958041958,0.958041958041958
6597,535,140,mid,0.95,0.95
6598,536,143,mid,0.958041958041958,0.958041958041958
6599,541,142,head,0.971830985915493,0.971830985915493
6600,537,143,mid,0.972027972027972,0.972027972027972
6601,216,59,mid,0.9830508474576272,0.9830508474576272
6602,534,143,mid,0.951048951048951,0.951048951048951
6603,216,59,mid,0.9322033898305084,0.9322033898305084
6604,538,143,mid,0.9790209790209791,0.9790209790209791
6605,542,141,head,0.9716312056737588,0.9716312056737588
6606,540,142,head,0.9788732394366197,0.9788732394366197
6607,216,59,mid,1.0,1.0
6608,540,140,head,0.9714285714285714,0.9714285714285714
6609,538,143,mid,0.958041958041958,0.958041958041958
6610,541,145,head,0.9724137931034482,0.9724137931034482
6611,536,143,mid,0.9790209790209791,0.9790209790209791
6612,215,59,tail,1.0,1.0
6613,215,60,tail,0.9833333333333333,0.9833333333333333
6614,536,142,mid,0.9647887323943662,0.9647887323943662
6615,216,59,mid,0.9661016949152542,0.9661016949152542
6616,214,60,tail,0.9666666666666667,0.9666666666666667
6617,216,60,mid,0.9666666666666667,0.9666666666666667
6618,539,144,mid,0.9513888888888888,0.9513888888888888
6619,538,144,mid,0.9027777777777778,0.9027777777777778
6620,538,143,mid,0.951048951048951,0.951048951048951
6621,539,143,mid,0.9370629370629371,0.9370629370629371
6622,538,143,mid,0.9370629370629371,0.9370629370629371
6623,538,143,mid,0.9440559440559441,0.9440559440559441
6624,541,142,head,0.9577464788732394,0.9577464788732394
6625,214,60,tail,0.9666666666666667,0.9666666666666667
6626,537,138,mid,0.9782608695652174,0.9782608695652174
6627,538,143,mid,0.972027972027972,0.972027972027972
6628,216,60,mid,0.8833333333333333,0.8833333333333333
6629,543,141,head,0.9148936170212766,0.9148936170212766
6630,216,60,mid,0.9666666666666667,0.9666666666666667
6631,540,141,head,0.950354609929078,0.950354609929078
6632,216,60,mid,0.9833333333333333,0.9833333333333333
6633,543,144,head,0.9375,0.9375
6634,216,60,mid,0.9666666666666667,0.9666666666666667
6635,540,144,head,0.9722222222222222,0.9722222222222222
6636,216,60,mid,0.9833333333333333,0.9833333333333333
6637,315,83,mid,0.927710843373494,0.927710843373494
6638,531,143,mid,0.958041958041958,0.958041958041958
6639,540,142,head,0.9507042253521126,0.9507042253521126
6640,540,143,head,0.986013986013986,0.986013986013986
6641,540,142,head,0.9577464788732394,0.9577464788732394
6642,540,144,head,0.9652777777777778,0.9652777777777778
6643,215,60,tail,1.0,1.0
6644,540,144,head,0.9513888888888888,0.9513888888888888
6645,216,60,mid,0.95,0.95
6646,540,143,head,0.972027972027972,0.972027972027972
6647,215,60,tail,0.9833333333333333,0.9833333333333333
6648,535,143,mid,0.9440559440559441,0.9440559440559441
6649,540,140,head,0.9642857142857143,0.9642857142857143
6650,313,82,mid,0.9390243902439024,0.9390243902439024
6651,215,59,tail,0.9830508474576272,0.9830508474576272
6652,536,144,mid,0.9930555555555556,0.9930555555555556
6653,538,142,mid,0.971830985915493,0.971830985915493
6654,539,143,mid,0.986013986013986,0.986013986013986
6655,539,140,mid,0.9857142857142858,0.9857142857142858
6656,215,59,tail,1.0,1.0
6657,216,60,mid,1.0,1.0
6658,216,59,mid,0.9830508474576272,0.9830508474576272
6659,539,141,mid,0.9574468085106383,0.9574468085106383
6660,542,140,head,0.9857142857142858,0.9857142857142858
6661,537,143,mid,0.9790209790209791,0.9790209790209791
6662,213,60,tail,0.9833333333333333,0.9833333333333333
6663,540,144,head,0.8958333333333334,0.8958333333333334
6664,216,60,mid,0.9833333333333333,0.9833333333333333
6665,540,144,head,0.9097222222222222,0.9097222222222222
6666,540,143,head,0.972027972027972,0.972027972027972
6667,539,140,mid,0.9785714285714285,0.9785714285714285
6668,539,142,mid,0.9084507042253521,0.9084507042253521
6669,538,142,mid,0.9788732394366197,0.9788732394366197
6670,536,144,mid,0.9791666666666666,0.9791666666666666
6671,537,142,mid,0.9295774647887324,0.9295774647887324
6672,216,59,mid,1.0,1.0
6673,542,140,head,0.9,0.9
6674,216,59,mid,0.9661016949152542,0.9661016949152542
6675,539,143,mid,0.9370629370629371,0.9370629370629371
6676,538,141,mid,0.9645390070921985,0.9645390070921985
6677,543,142,head,0.9859154929577465,0.9859154929577465
6678,216,60,mid,0.9833333333333333,0.9833333333333333
6679,216,59,mid,1.0,1.0
6680,216,58,mid,1.0,1.0
6681,216,59,mid,1.0,1.0
6682,216,60,mid,0.9666666666666667,0.9666666666666667
6683,216,60,mid,0.95,0.95
6684,216,60,mid,0.9666666666666667,0.9666666666666667
6685,535,142,mid,0.9647887323943662,0.9647887323943662
6686,541,142,head,0.9788732394366197,0.9788732394366197
6687,216,60,mid,0.9833333333333333,0.9833333333333333
6688,216,60,mid,0.95,0.95
6689,216,60,mid,1.0,1.0
6690,538,144,mid,0.9652777777777778,0.9652777777777778
6691,539,142,mid,0.971830985915493,0.971830985915493
6692,216,58,mid,0.9827586206896551,0.9827586206896551
6693,216,60,mid,0.9833333333333333,0.9833333333333333
6694,216,60,mid,1.0,1.0
6695,216,60,mid,0.9833333333333333,0.9833333333333333
6696,216,60,mid,0.9833333333333333,0.9833333333333333
6697,540,142,head,0.9929577464788732,0.9929577464788732
6698,216,60,mid,0.9833333333333333,0.9833333333333333
6699,216,60,mid,1.0,1.0
6700,215,59,tail,0.9491525423728814,0.9491525423728814
6701,215,60,tail,1.0,1.0
6702,540,144,head,0.9444444444444444,0.9444444444444444
6703,536,144,mid,0.9861111111111112,0.9861111111111112
6704,216,60,mid,0.9666666666666667,0.9666666666666667
6705,538,139,mid,0.9928057553956835,0.9928057553956835
6706,216,60,mid,1.0,1.0
6707,216,60,mid,0.9833333333333333,0.9833333333333333
6708,216,60,mid,0.9833333333333333,0.9833333333333333
6709,540,142,head,0.9647887323943662,0.9647887323943662
6710,543,144,head,0.9444444444444444,0.9444444444444444
6711,542,144,head,0.9861111111111112,0.9861111111111112
6712,539,142,mid,0.971830985915493,0.971830985915493
6713,541,142,head,0.971830985915493,0.971830985915493
6714,541,141,head,0.9290780141843972,0.9290780141843972
6715,536,144,mid,0.9236111111111112,0.9236111111111112
6716,215,60,tail,0.9833333333333333,0.9833333333333333
6717,537,142,mid,0.9014084507042254,0.9014084507042254
6718,534,143,mid,0.965034965034965,0.965034965034965
6719,540,142,head,0.9577464788732394,0.9577464788732394
6720,216,60,mid,0.9833333333333333,0.9833333333333333
6721,535,143,mid,0.8391608391608392,0.8391608391608392
6722,541,142,head,0.971830985915493,0.971830985915493
6723,541,141,head,0.9716312056737588,0.9716312056737588
6724,215,60,tail,0.9833333333333333,0.9833333333333333
6725,544,142,head,0.9366197183098591,0.9366197183098591
6726,537,142,mid,0.971830985915493,0.971830985915493
6727,215,59,tail,0.9491525423728814,0.9491525423728814
6728,542,142,head,0.9647887323943662,0.9647887323943662
6729,539,143,mid,0.972027972027972,0.972027972027972
6730,537,141,mid,0.8368794326241135,0.8368794326241135
6731,531,143,mid,0.958041958041958,0.958041958041958
6732,539,143,mid,0.9370629370629371,0.9370629370629371
6733,215,59,tail,1.0,1.0
6734,538,143,mid,0.972027972027972,0.972027972027972
6735,213,59,tail,0.9830508474576272,0.9830508474576272
6736,214,59,tail,0.9152542372881356,0.9152542372881356
6737,215,60,tail,0.9666666666666667,0.9666666666666667
6738,214,60,tail,1.0,1.0
6739,540,142,head,0.9788732394366197,0.9788732394366197
6740,536,140,mid,0.9571428571428572,0.9571428571428572
6741,540,142,head,0.9788732394366197,0.9788732394366197
6742,211,60,tail,0.85,0.85
6743,540,140,head,0.8571428571428571,0.8571428571428571
6744,535,143,mid,0.972027972027972,0.972027972027972
6745,537,142,mid,0.971830985915493,0.971830985915493
6746,216,60,mid,1.0,1.0
6747,215,60,tail,0.95,0.95
6748,216,60,mid,0.95,0.95
6749,541,144,head,0.9652777777777778,0.9652777777777778
6750,540,142,head,0.9366197183098591,0.9366197183098591
6751,215,60,tail,1.0,1.0
6752,214,60,tail,1.0,1.0
6753,542,141,head,0.9787234042553191,0.9787234042553191
6754,215,60,tail,1.0,1.0
6755,215,60,tail,0.9833333333333333,0.9833333333333333
6756,541,141,head,0.9787234042553191,0.9787234042553191
6757,213,60,tail,0.9666666666666667,0.9666666666666667
6758,213,60,tail,0.9666666666666667,0.9666666666666667
6759,537,144,mid,0.9722222222222222,0.9722222222222222
6760,541,142,head,0.8943661971830986,0.8943661971830986
6761,216,60,mid,0.9333333333333333,0.9333333333333333
6762,216,60,mid,0.9833333333333333,0.9833333333333333
6763,314,83,mid,0.8795180722891566,0.8795180722891566
6764,216,60,mid,0.9833333333333333,0.9833333333333333
6765,213,60,tail,0.9666666666666667,0.9666666666666667
6766,216,60,mid,0.9833333333333333,0.9833333333333333
6767,215,60,tail,1.0,1.0
6768,536,144,mid,0.9930555555555556,0.9930555555555556
6769,215,60,tail,1.0,1.0
6770,216,60,mid,1.0,1.0
6771,540,142,head,0.9788732394366197,0.9788732394366197
6772,540,144,head,0.9375,0.9375
6773,216,60,mid,0.9666666666666667,0.9666666666666667
6774,216,60,mid,0.9666666666666667,0.9666666666666667
6775,216,60,mid,1.0,1.0
6776,542,143,head,0.972027972027972,0.972027972027972
6777,216,60,mid,1.0,1.0
6778,216,59,mid,0.9661016949152542,0.9661016949152542
6779,216,60,mid,0.9666666666666667,0.9666666666666667
6780,216,60,mid,0.9666666666666667,0.9666666666666667
6781,539,142,mid,0.9647887323943662,0.9647887323943662
6782,215,60,tail,0.9833333333333333,0.9833333333333333
6783,216,60,mid,1.0,1.0
6784,216,60,mid,0.9333333333333333,0.9333333333333333
6785,216,60,mid,1.0,1.0
6786,216,60,mid,0.9666666666666667,0.9666666666666667
6787,214,60,tail,0.95,0.95
6788,540,142,head,0.9436619718309859,0.9436619718309859
6789,540,143,head,0.965034965034965,0.965034965034965
6790,538,141,mid,0.8936170212765957,0.8936170212765957
6791,538,143,mid,0.951048951048951,0.951048951048951
6792,543,143,head,0.958041958041958,0.958041958041958
6793,538,142,mid,0.9577464788732394,0.9577464788732394
6794,216,59,mid,0.9661016949152542,0.9661016949152542
6795,216,60,mid,0.95,0.95
6796,541,142,head,0.9577464788732394,0.9577464788732394
6797,539,144,mid,0.8680555555555556,0.8680555555555556
6798,216,60,mid,0.9833333333333333,0.9833333333333333
6799,216,59,mid,0.9152542372881356,0.9152542372881356
6800,214,60,tail,0.95,0.95
6801,539,142,mid,0.9014084507042254,0.9014084507042254
6802,214,60,tail,1.0,1.0
6803,540,143,head,0.972027972027972,0.972027972027972
6804,216,60,mid,0.9666666666666667,0.9666666666666667
6805,539,142,mid,0.9154929577464789,0.9154929577464789
6806,216,60,mid,0.9,0.9
6807,535,142,mid,0.9859154929577465,0.9859154929577465
6808,216,60,mid,0.95,0.95
6809,215,60,tail,0.95,0.95
6810,539,143,mid,0.951048951048951,0.951048951048951
6811,542,142,head,0.971830985915493,0.971830985915493
6812,216,60,mid,1.0,1.0
6813,539,144,mid,0.9583333333333334,0.9583333333333334
6814,216,60,mid,0.9833333333333333,0.9833333333333333
6815,216,60,mid,1.0,1.0
6816,540,142,head,0.9647887323943662,0.9647887323943662
6817,216,59,mid,0.9830508474576272,0.9830508474576272
6818,315,83,mid,0.8795180722891566,0.8795180722891566
6819,537,143,mid,0.9440559440559441,0.9440559440559441
6820,216,60,mid,1.0,1.0
6821,216,60,mid,1.0,1.0
6822,538,143,mid,0.916083916083916,0.916083916083916
6823,215,60,tail,1.0,1.0
6824,214,60,tail,1.0,1.0
6825,215,58,tail,1.0,1.0
6826,540,143,head,0.8881118881118881,0.8881118881118881
6827,216,59,mid,0.9830508474576272,0.9830508474576272
6828,216,59,mid,1.0,1.0
6829,536,144,mid,0.8958333333333334,0.8958333333333334
6830,216,60,mid,1.0,1.0
6831,214,59,tail,1.0,1.0
6832,538,144,mid,0.9722222222222222,0.9722222222222222
6833,540,143,head,0.986013986013986,0.986013986013986
6834,531,142,mid,0.9788732394366197,0.9788732394366197
6835,540,143,head,0.986013986013986,0.986013986013986
6836,542,141,head,0.9078014184397163,0.9078014184397163
6837,540,144,head,0.9791666666666666,0.9791666666666666
6838,542,142,head,0.9859154929577465,0.9859154929577465
6839,538,142,mid,0.9788732394366197,0.9788732394366197
6840,216,59,mid,0.9661016949152542,0.9661016949152542
6841,537,144,mid,1.0,1.0
6842,216,59,mid,0.9661016949152542,0.9661016949152542
6843,216,58,mid,0.9482758620689655,0.9482758620689655
6844,540,143,head,0.986013986013986,0.986013986013986
6845,212,58,tail,0.9827586206896551,0.9827586206896551
6846,540,144,head,0.9513888888888888,0.9513888888888888
6847,540,143,head,0.916083916083916,0.916083916083916
6848,216,59,mid,0.9661016949152542,0.9661016949152542
6849,533,141,mid,0.8297872340425532,0.8297872340425532
6850,216,59,mid,1.0,1.0
6851,216,59,mid,0.9830508474576272,0.9830508474576272
6852,216,59,mid,1.0,1.0
6853,538,143,mid,0.8881118881118881,0.8881118881118881
6854,540,142,head,0.9507042253521126,0.9507042253521126
6855,214,59,tail,0.9830508474576272,0.9830508474576272
6856,538,143,mid,0.958041958041958,0.958041958041958
6857,540,142,head,0.9577464788732394,0.9577464788732394
6858,216,59,mid,0.9661016949152542,0.9661016949152542
6859,216,58,mid,0.9655172413793104,0.9655172413793104
6860,540,141,head,0.9787234042553191,0.9787234042553191
6861,541,141,head,0.9148936170212766,0.9148936170212766
6862,214,60,tail,0.95,0.95
6863,215,60,tail,0.95,0.95
6864,540,144,head,0.9305555555555556,0.9305555555555556
6865,216,59,mid,0.9830508474576272,0.9830508474576272
6866,538,143,mid,0.965034965034965,0.965034965034965
6867,216,59,mid,1.0,1.0
6868,216,58,mid,0.9655172413793104,0.9655172413793104
6869,216,59,mid,0.9830508474576272,0.9830508474576272
6870,534,144,mid,0.9444444444444444,0.9444444444444444
6871,216,59,mid,0.9830508474576272,0.9830508474576272
6872,213,59,tail,1.0,1.0
6873,539,143,mid,0.9790209790209791,0.9790209790209791
6874,216,59,mid,0.847457627118644,0.847457627118644
6875,216,59,mid,1.0,1.0
6876,216,59,mid,1.0,1.0
6877,215,60,tail,0.9666666666666667,0.9666666666666667
6878,215,58,tail,0.9655172413793104,0.9655172413793104
6879,216,59,mid,1.0,1.0
6880,539,143,mid,0.972027972027972,0.972027972027972
6881,216,59,mid,0.9661016949152542,0.9661016949152542
6882,216,59,mid,1.0,1.0
6883,540,142,head,0.9788732394366197,0.9788732394366197
6884,215,59,tail,1.0,1.0
6885,216,58,mid,1.0,1.0
6886,538,143,mid,0.958041958041958,0.958041958041958
6887,216,60,mid,1.0,1.0
6888,216,60,mid,1.0,1.0
6889,216,60,mid,1.0,1.0
6890,216,60,mid,0.95,0.95
6891,538,142,mid,0.9647887323943662,0.9647887323943662
6892,216,60,mid,0.9833333333333333,0.9833333333333333
6893,216,60,mid,0.9666666666666667,0.9666666666666667
6894,216,60,mid,0.95,0.95
6895,216,60,mid,0.9666666666666667,0.9666666666666667
6896,216,60,mid,0.9333333333333333,0.9333333333333333
6897,216,60,mid,0.9666666666666667,0.9666666666666667
6898,215,60,tail,1.0,1.0
6899,216,59,mid,0.9322033898305084,0.9322033898305084
6900,216,59,mid,1.0,1.0
6901,537,143,mid,0.993006993006993,0.993006993006993
6902,541,142,head,0.9788732394366197,0.9788732394366197
6903,216,60,mid,0.9833333333333333,0.9833333333333333
6904,216,59,mid,0.9830508474576272,0.9830508474576272
6905,216,60,mid,1.0,1.0
6906,216,60,mid,0.9833333333333333,0.9833333333333333
6907,216,60,mid,0.9666666666666667,0.9666666666666667
6908,214,60,tail,1.0,1.0
6909,216,59,mid,0.9830508474576272,0.9830508474576272
6910,216,60,mid,0.9666666666666667,0.9666666666666667
6911,536,143,mid,0.958041958041958,0.958041958041958
6912,216,59,mid,0.9661016949152542,0.9661016949152542
6913,216,60,mid,1.0,1.0
6914,312,83,mid,0.963855421686747,0.963855421686747
6915,216,60,mid,1.0,1.0
6916,216,59,mid,0.9830508474576272,0.9830508474576272
6917,215,59,tail,0.9661016949152542,0.9661016949152542
6918,216,59,mid,1.0,1.0
6919,216,60,mid,1.0,1.0
6920,216,60,mid,1.0,1.0
6921,542,142,head,0.9647887323943662,0.9647887323943662
6922,537,144,mid,0.9652777777777778,0.9652777777777778
6923,538,142,mid,0.9507042253521126,0.9507042253521126
6924,215,60,tail,0.9833333333333333,0.9833333333333333
6925,536,143,mid,0.972027972027972,0.972027972027972
6926,213,58,tail,0.9827586206896551,0.9827586206896551
6927,214,60,tail,1.0,1.0
6928,216,59,mid,0.9491525423728814,0.9491525423728814
6929,216,60,mid,0.9833333333333333,0.9833333333333333
6930,216,59,mid,0.9661016949152542,0.9661016949152542
6931,215,60,tail,1.0,1.0
6932,540,144,head,0.9722222222222222,0.9722222222222222
6933,215,59,tail,0.9830508474576272,0.9830508474576272
6934,538,144,mid,0.9791666666666666,0.9791666666666666
6935,542,143,head,0.9440559440559441,0.9440559440559441
6936,216,60,mid,1.0,1.0
6937,215,60,tail,0.9666666666666667,0.9666666666666667
6938,216,60,mid,0.9833333333333333,0.9833333333333333
6939,216,60,mid,0.9833333333333333,0.9833333333333333
6940,539,142,mid,0.9788732394366197,0.9788732394366197
6941,216,60,mid,0.95,0.95
6942,216,60,mid,1.0,1.0
6943,215,59,tail,0.9491525423728814,0.9491525423728814
6944,216,60,mid,1.0,1.0
6945,216,60,mid,0.9333333333333333,0.9333333333333333
6946,216,60,mid,0.9333333333333333,0.9333333333333333
6947,216,59,mid,1.0,1.0
6948,216,60,mid,0.9666666666666667,0.9666666666666667
6949,216,60,mid,0.9833333333333333,0.9833333333333333
6950,216,60,mid,0.9833333333333333,0.9833333333333333
6951,544,143,head,0.9440559440559441,0.9440559440559441
6952,216,59,mid,0.9830508474576272,0.9830508474576272
6953,216,60,mid,0.9833333333333333,0.9833333333333333
6954,216,60,mid,0.95,0.95
6955,216,60,mid,0.9833333333333333,0.9833333333333333
6956,216,60,mid,0.9666666666666667,0.9666666666666667
6957,216,60,mid,0.9833333333333333,0.9833333333333333
6958,216,58,mid,0.9482758620689655,0.9482758620689655
6959,215,60,tail,0.9666666666666667,0.9666666666666667
6960,215,59,tail,0.9830508474576272,0.9830508474576272
6961,213,59,tail,0.847457627118644,0.847457627118644
6962,540,143,head,0.951048951048951,0.951048951048951
6963,216,60,mid,1.0,1.0
6964,216,60,mid,1.0,1.0
6965,216,60,mid,1.0,1.0
6966,216,60,mid,0.9666666666666667,0.9666666666666667
6967,216,59,mid,0.9830508474576272,0.9830508474576272
6968,216,60,mid,0.9333333333333333,0.9333333333333333
6969,539,143,mid,0.958041958041958,0.958041958041958
6970,215,60,tail,1.0,1.0
6971,216,60,mid,0.9833333333333333,0.9833333333333333
6972,216,59,mid,0.9152542372881356,0.9152542372881356
6973,215,60,tail,0.95,0.95
6974,215,60,tail,0.8833333333333333,0.8833333333333333
6975,216,59,mid,0.9830508474576272,0.9830508474576272
6976,312,83,mid,0.9759036144578314,0.9759036144578314
6977,216,59,mid,0.9661016949152542,0.9661016949152542
6978,216,60,mid,0.9833333333333333,0.9833333333333333
6979,216,60,mid,0.9833333333333333,0.9833333333333333
6980,216,60,mid,0.95,0.95
6981,215,60,tail,1.0,1.0
6982,216,59,mid,1.0,1.0
6983,216,60,mid,0.95,0.95
6984,216,59,mid,0.9830508474576272,0.9830508474576272
6985,216,59,mid,0.9830508474576272,0.9830508474576272
6986,216,59,mid,0.9830508474576272,0.9830508474576272
6987,216,60,mid,0.9666666666666667,0.9666666666666667
6988,216,59,mid,0.9661016949152542,0.9661016949152542
6989,541,143,head,0.9090909090909091,0.9090909090909091
6990,216,60,mid,1.0,1.0
6991,211,58,tail,0.9655172413793104,0.9655172413793104
6992,216,60,mid,1.0,1.0
6993,216,60,mid,0.9833333333333333,0.9833333333333333
6994,216,60,mid,1.0,1.0
6995,214,59,tail,0.9661016949152542,0.9661016949152542
6996,216,60,mid,0.9666666666666667,0.9666666666666667
6997,216,60,mid,0.9666666666666667,0.9666666666666667
6998,215,60,tail,0.9666666666666667,0.9666666666666667
6999,537,144,mid,0.9652777777777778,0.9652777777777778
7000,317,83,mid,0.9518072289156626,0.9518072289156626
7001,216,60,mid,0.9833333333333333,0.9833333333333333
7002,216,60,mid,1.0,1.0
7003,215,60,tail,0.9666666666666667,0.9666666666666667
7004,216,61,mid,0.9672131147540983,0.9672131147540983
7005,215,59,tail,0.9830508474576272,0.9830508474576272
7006,216,60,mid,0.95,0.95
7007,216,60,mid,1.0,1.0
7008,216,60,mid,0.9666666666666667,0.9666666666666667
7009,315,82,mid,0.9634146341463414,0.9634146341463414
7010,216,59,mid,0.9491525423728814,0.9491525423728814
7011,216,60,mid,1.0,1.0
7012,216,60,mid,0.9166666666666666,0.9166666666666666
7013,216,60,mid,0.9666666666666667,0.9666666666666667
7014,216,60,mid,1.0,1.0
7015,216,60,mid,0.9833333333333333,0.9833333333333333
7016,216,60,mid,1.0,1.0
7017,541,141,head,0.9574468085106383,0.9574468085106383
7018,215,60,tail,1.0,1.0
7019,215,60,tail,1.0,1.0
7020,213,59,tail,0.9661016949152542,0.9661016949152542
7021,216,60,mid,0.9833333333333333,0.9833333333333333
7022,215,60,tail,1.0,1.0
7023,216,60,mid,1.0,1.0
7024,537,143,mid,0.965034965034965,0.965034965034965
7025,216,59,mid,1.0,1.0
7026,214,60,tail,1.0,1.0
7027,216,60,mid,1.0,1.0
7028,216,57,mid,0.9824561403508771,0.9824561403508771
7029,539,143,mid,0.7832167832167832,0.7832167832167832
7030,316,83,mid,0.5421686746987951,0.5421686746987951
7031,538,143,mid,0.965034965034965,0.965034965034965
7032,209,56,tail,0.9642857142857143,0.9642857142857143
7033,538,143,mid,0.7062937062937062,0.7062937062937062
7034,216,59,mid,1.0,1.0
7035,539,143,mid,0.9370629370629371,0.9370629370629371
7036,539,143,mid,0.9370629370629371,0.9370629370629371
7037,216,60,mid,0.9833333333333333,0.9833333333333333
7038,216,60,mid,0.95,0.95
7039,216,60,mid,0.9833333333333333,0.9833333333333333
7040,216,60,mid,0.9333333333333333,0.9333333333333333
7041,216,60,mid,0.9833333333333333,0.9833333333333333
7042,538,140,mid,0.95,0.95
7043,216,60,mid,0.9833333333333333,0.9833333333333333
7044,540,141,head,0.9787234042553191,0.9787234042553191
7045,216,60,mid,0.9666666666666667,0.9666666666666667
7046,216,60,mid,0.9666666666666667,0.9666666666666667
7047,216,59,mid,0.9830508474576272,0.9830508474576272
7048,540,142,head,0.9014084507042254,0.9014084507042254
7049,532,140,mid,0.8857142857142857,0.8857142857142857
7050,216,60,mid,0.9666666666666667,0.9666666666666667
7051,216,60,mid,1.0,1.0
7052,216,60,mid,0.95,0.95
7053,216,60,mid,0.9666666666666667,0.9666666666666667
7054,216,60,mid,0.9333333333333333,0.9333333333333333
7055,216,60,mid,0.9,0.9
7056,216,60,mid,1.0,1.0
7057,540,142,head,0.852112676056338,0.852112676056338
7058,216,60,mid,0.9833333333333333,0.9833333333333333
7059,540,141,head,0.9645390070921985,0.9645390070921985
7060,216,60,mid,0.95,0.95
7061,216,60,mid,0.9833333333333333,0.9833333333333333
7062,216,60,mid,0.9833333333333333,0.9833333333333333
7063,540,143,head,0.8391608391608392,0.8391608391608392
7064,215,60,tail,0.95,0.95
7065,541,142,head,0.9225352112676056,0.9225352112676056
7066,216,60,mid,0.95,0.95
7067,216,59,mid,0.9830508474576272,0.9830508474576272
7068,215,59,tail,0.9491525423728814,0.9491525423728814
7069,315,83,mid,0.9759036144578314,0.9759036144578314
7070,538,144,mid,0.875,0.875
7071,216,60,mid,0.9333333333333333,0.9333333333333333
7072,216,59,mid,1.0,1.0
7073,216,60,mid,0.9666666666666667,0.9666666666666667
7074,539,144,mid,0.9930555555555556,0.9930555555555556
7075,214,60,tail,0.95,0.95
7076,215,59,tail,0.9491525423728814,0.9491525423728814
7077,214,60,tail,0.9666666666666667,0.9666666666666667
7078,216,60,mid,0.9333333333333333,0.9333333333333333
7079,216,60,mid,1.0,1.0
7080,216,60,mid,0.9666666666666667,0.9666666666666667
7081,216,60,mid,0.9666666666666667,0.9666666666666667
7082,216,60,mid,0.8666666666666667,0.8666666666666667
7083,216,60,mid,0.95,0.95
7084,216,60,mid,0.9666666666666667,0.9666666666666667
7085,216,60,mid,0.9833333333333333,0.9833333333333333
7086,216,60,mid,0.9666666666666667,0.9666666666666667
7087,216,60,mid,0.9333333333333333,0.9333333333333333
7088,216,60,mid,0.9333333333333333,0.9333333333333333
7089,538,141,mid,0.9645390070921985,0.9645390070921985
7090,316,83,mid,0.9156626506024096,0.9156626506024096
7091,216,60,mid,0.95,0.95
7092,216,60,mid,0.9833333333333333,0.9833333333333333
7093,216,60,mid,0.95,0.95
7094,214,60,tail,0.95,0.95
7095,215,59,tail,0.9661016949152542,0.9661016949152542
7096,214,60,tail,0.9833333333333333,0.9833333333333333
7097,216,59,mid,0.9661016949152542,0.9661016949152542
7098,216,60,mid,1.0,1.0
7099,541,143,head,0.972027972027972,0.972027972027972
7100,215,60,tail,0.9666666666666667,0.9666666666666667
7101,216,60,mid,1.0,1.0
7102,216,60,mid,0.9833333333333333,0.9833333333333333
7103,216,60,mid,1.0,1.0
7104,535,143,mid,0.972027972027972,0.972027972027972
7105,216,60,mid,0.9666666666666667,0.9666666666666667
7106,213,60,tail,0.8166666666666667,0.8166666666666667
7107,213,60,tail,0.9333333333333333,0.9333333333333333
7108,216,60,mid,0.9333333333333333,0.9333333333333333
7109,214,58,tail,1.0,1.0
7110,534,143,mid,0.965034965034965,0.965034965034965
7111,213,60,tail,0.9833333333333333,0.9833333333333333
7112,215,59,tail,1.0,1.0
7113,534,138,mid,0.8985507246376812,0.8985507246376812
7114,216,59,mid,0.9830508474576272,0.9830508474576272
7115,317,83,mid,0.9759036144578314,0.9759036144578314
7116,537,142,mid,0.9436619718309859,0.9436619718309859
7117,216,60,mid,0.9333333333333333,0.9333333333333333
7118,216,60,mid,0.9833333333333333,0.9833333333333333
7119,538,142,mid,0.9436619718309859,0.9436619718309859
7120,216,60,mid,0.9833333333333333,0.9833333333333333
7121,214,59,tail,0.9661016949152542,0.9661016949152542
7122,537,143,mid,0.9300699300699301,0.9300699300699301
7123,539,143,mid,0.9790209790209791,0.9790209790209791
7124,216,60,mid,1.0,1.0
7125,540,144,head,0.8958333333333334,0.8958333333333334
7126,529,140,mid,0.9428571428571428,0.9428571428571428
7127,532,143,mid,0.986013986013986,0.986013986013986
7128,213,60,tail,1.0,1.0
7129,216,60,mid,0.9666666666666667,0.9666666666666667
7130,216,60,mid,1.0,1.0
7131,216,60,mid,0.9666666666666667,0.9666666666666667
7132,216,60,mid,0.9833333333333333,0.9833333333333333
7133,213,60,tail,0.95,0.95
7134,215,60,tail,0.9333333333333333,0.9333333333333333
7135,214,59,tail,1.0,1.0
7136,216,59,mid,0.9661016949152542,0.9661016949152542
7137,216,60,mid,0.9666666666666667,0.9666666666666667
7138,216,60,mid,0.9666666666666667,0.9666666666666667
7139,216,60,mid,1.0,1.0
7140,213,60,tail,0.9833333333333333,0.9833333333333333
7141,216,60,mid,1.0,1.0
7142,215,60,tail,0.9833333333333333,0.9833333333333333
7143,216,60,mid,1.0,1.0
7144,214,60,tail,1.0,1.0
7145,541,142,head,0.9859154929577465,0.9859154929577465
7146,216,60,mid,1.0,1.0
7147,216,60,mid,0.9833333333333333,0.9833333333333333
7148,540,141,head,0.9716312056737588,0.9716312056737588
7149,216,60,mid,1.0,1.0
7150,215,59,tail,0.9830508474576272,0.9830508474576272
7151,538,143,mid,0.986013986013986,0.986013986013986
7152,216,60,mid,0.9666666666666667,0.9666666666666667
7153,215,60,tail,0.9666666666666667,0.9666666666666667
7154,216,60,mid,0.9833333333333333,0.9833333333333333
7155,216,60,mid,1.0,1.0
7156,216,60,mid,1.0,1.0
7157,217,59,mid,0.9830508474576272,0.9830508474576272
7158,214,60,tail,0.9666666666666667,0.9666666666666667
7159,216,59,mid,0.9661016949152542,0.9661016949152542
7160,535,141,mid,0.9858156028368794,0.9858156028368794
7161,216,60,mid,1.0,1.0
7162,216,59,mid,1.0,1.0
7163,216,60,mid,0.9833333333333333,0.9833333333333333
7164,216,60,mid,1.0,1.0
7165,213,58,tail,0.9827586206896551,0.9827586206896551
7166,540,144,head,0.9375,0.9375
7167,212,60,tail,0.9833333333333333,0.9833333333333333
7168,542,142,head,0.9577464788732394,0.9577464788732394
7169,216,60,mid,1.0,1.0
7170,203,54,tail,0.9259259259259259,0.9259259259259259
7171,216,59,mid,1.0,1.0
7172,537,143,mid,0.986013986013986,0.986013986013986
7173,216,60,mid,1.0,1.0
7174,216,60,mid,0.9833333333333333,0.9833333333333333
7175,215,58,tail,1.0,1.0
7176,216,60,mid,0.9833333333333333,0.9833333333333333
7177,216,60,mid,1.0,1.0
7178,216,60,mid,0.9666666666666667,0.9666666666666667
7179,537,143,mid,0.986013986013986,0.986013986013986
7180,216,60,mid,1.0,1.0
7181,538,143,mid,0.9370629370629371,0.9370629370629371
7182,540,142,head,0.9788732394366197,0.9788732394366197
7183,216,60,mid,1.0,1.0
7184,525,136,mid,0.8970588235294118,0.8970588235294118
7185,214,58,tail,0.9827586206896551,0.9827586206896551
