target,target_label,prediction,prediction_label,count
6397,锉,4016,矬,56
656,口,999,囗,49
2780,榛,2764,楱,41
3970,睛,2485,晴,38
1370,子,1371,孑,35
2512,曰,2418,日,33
1619,己,1620,已,30
576,千,1667,干,29
1184,士,598,卤,28
5595,计,2947,汁,28
660,叨,678,叼,27
2418,日,2512,曰,26
5674,诵,3125,涌,26
1620,已,1619,己,25
1621,巳,1620,已,25
3864,瘦,3853,瘐,25
7029,鸟,52,乌,25
7033,鸣,739,呜,25
3481,父,2352,攵,24
5728,谭,3307,潭,24
480,刺,490,剌,23
1210,夭,1206,天,23
51,之,6021,辶,22
5697,谍,3198,渫,22
5703,谓,3199,渭,22
5719,谤,3250,滂,22
2949,汆,2945,氽,21
3082,活,5651,话,21
5666,语,3116,浯,21
5671,诲,3118,海,21
5700,谐,3216,湝,21
3055,洁,5646,诘,20
5677,诸,3190,渚,20
5691,谆,3175,淳,20
1027,土,598,卤,19
2083,抉,2074,扶,19
3180,清,5676,请,19
4265,竟,4264,竞,19
4411,粱,2695,梁,19
5596,订,2946,汀,19
5620,讽,3001,沨,19
5724,谩,3288,漫,19
739,呜,7033,鸣,18
2908,毫,106,亳,18
5372,蜓,5371,蜒,18
5524,裸,4158,祼,18
5639,译,3053,泽,18
5649,诛,3064,洙,18
5651,话,3082,活,18
5732,谱,3315,潽,18
7030,鸠,7038,鸩,18
1144,堤,2249,提,17
1185,壬,3608,王,17
2496,暖,2499,暧,17
2946,汀,5596,订,17
2958,汛,5608,讯,17
2995,没,5621,设,17
3062,洒,6201,酒,17
3623,玫,3616,玟,17
4296,第,4295,笫,17
4725,肋,523,助,17
4747,育,4727,肓,17
5618,论,2999,沦,17
5628,诅,3006,沮,17
5652,诞,3126,涎,17
5660,详,3058,洋,17
5686,谁,3173,淮,17
2074,扶,2083,抉,16
3191,渝,5705,谕,16
4001,瞳,2505,曈,16
5676,请,3180,清,16
6576,陈,6564,阵,16
60,乖,61,乘,15
99,亨,101,享,15
2947,汁,5595,计,15
3113,浩,5669,诰,15
3118,海,5671,诲,15
3284,漠,5714,谟,15
3902,皙,2484,晳,15
4338,算,4332,箅,15
5621,设,2995,没,15
5680,读,3184,渎,15
5731,谰,3322,澜,15
129,仕,151,任,14
1620,已,1621,巳,14
2235,掰,2290,搿,14
2987,沐,3005,沭,14
3099,浑,5662,诨,14
3288,漫,5724,谩,14
5693,谈,3168,淡,14
6026,迂,6025,迁,14
15,且,2419,旦,13
54,乎,2052,手,13
415,冶,3012,治,13
449,刁,448,刀,13
999,囗,656,口,13
1456,寸,2053,扌,13
1888,恩,1857,思,13
2128,拗,1069,坳,13
2945,氽,2949,汆,13
2956,汕,5604,讪,13
2977,沁,3022,泌,13
3014,沽,5625,诂,13
3275,滴,5725,谪,13
3623,玫,3612,玖,13
3935,盹,4742,肫,13
4947,芒,4952,芝,13
5656,询,3079,洵,13
192,住,6615,隹,12
578,升,1727,开,12
807,哗,805,哔,12
1784,径,4499,经,12
1796,徘,4529,绯,12
1807,徽,1803,微,12
2537,末,2536,未,12
2957,汗,5600,讦,12
2999,沦,5618,论,12
3083,洼,5644,诖,12
4996,苟,4992,苘,12
5019,茉,5038,茱,12
5608,讯,2958,汛,12
6399,锋,6343,铎,12
678,叼,660,叨,11
1829,快,1849,怏,11
2370,敞,2369,敝,11
2966,汨,2967,汩,11
2997,沤,5612,讴,11
3123,消,3159,淌,11
3125,涌,5674,诵,11
3126,涎,5652,诞,11
3175,淳,5691,谆,11
4264,竞,4265,竟,11
4775,胧,2461,昽,11
5041,茵,5118,菌,11
5106,获,5107,莸,11
5249,蕴,5247,蕰,11
5828,赢,5445,蠃,11
6721,顽,6727,颃,11
57,乒,380,兵,10
355,元,2416,无,10
431,几,352,儿,10
1277,姐,1270,妲,10
1349,嫒,1338,媛,10
1742,弛,6836,驰,10
1970,感,1936,惑,10
2141,拨,2126,拔,10
2163,挖,2228,控,10
2536,未,2537,末,10
2624,柠,2140,拧,10
2967,汩,2966,汨,10
3035,波,5638,诐,10
3058,洋,5660,详,10
3172,淬,5692,谇,10
3199,渭,5703,谓,10
3307,潭,5728,谭,10
4517,绢,3128,涓,10
5199,蒽,5179,葸,10
5633,诋,3031,泜,10
5864,跌,5856,趺,10
6025,迁,6026,迂,10
51,之,93,亡,9
86,五,3608,王,9
118,仅,646,反,9
152,份,172,伤,9
162,休,195,体,9
199,余,198,佘,9
279,倍,262,信,9
352,儿,431,几,9
639,叁,640,参,9
719,吹,735,呗,9
777,咪,746,味,9
1045,坊,1032,圬,9
1048,坎,1056,坝,9
1056,坝,1048,坎,9
1709,庾,1712,廋,9
1797,徙,1793,徒,9
1857,思,1888,恩,9
2436,昂,2457,昴,9
3009,河,5626,诃,9
3063,洗,418,冼,9
3159,淌,3123,消,9
3173,淮,5686,谁,9
3322,澜,5731,谰,9
3608,王,86,五,9
3853,瘐,3864,瘦,9
3909,盂,1382,孟,9
4008,矛,76,予,9
4543,绽,3153,淀,9
4588,缭,3306,潦,9
4595,缴,3331,激,9
4675,耍,5551,要,9
4744,肮,2524,朊,9
5096,莨,5029,茛,9
5483,袄,4134,祆,9
5605,讫,2955,汔,9
6032,运,6040,远,9
6212,酩,6213,酪,9
344,僳,323,傈,8
418,冼,3063,洗,8
469,刨,465,创,8
490,剌,480,刺,8
547,勺,1197,夕,8
557,匕,3,七,8
1118,域,1108,城,8
1471,尖,1472,尘,8
1726,廿,3736,甘,8
1934,惊,1933,惇,8
1988,慨,2770,概,8
2105,抵,2076,扺,8
2452,昧,746,味,8
2457,昴,2436,昂,8
2466,晌,798,响,8
2499,暧,2496,暖,8
2542,朴,2056,扑,8
2564,来,2561,束,8
2585,析,2092,折,8
2645,栏,2139,拦,8
2667,桃,2162,挑,8
2693,桶,2186,捅,8
2818,橇,2321,撬,8
2894,毋,2895,母,8
2962,江,2950,汇,8
2962,江,5601,讧,8
3006,沮,5628,诅,8
3053,泽,5639,译,8
3063,洗,5650,诜,8
3235,溢,5720,谥,8
3814,疽,3811,疸,8
3989,瞑,2498,暝,8
4146,祟,1567,崇,8
4158,祼,5524,裸,8
4262,竖,1053,坚,8
4435,糸,4436,系,8
4436,系,4435,糸,8
4476,纷,2976,汾,8
4521,绦,3140,涤,8
4618,署,2495,暑,8
5034,茫,5039,茳,8
5042,茶,5082,荼,8
5388,蜻,5409,蝽,8
5625,诂,3014,沽,8
5668,误,3160,淏,8
5681,诼,3152,涿,8
5690,谅,5691,谆,8
5702,谒,3202,渴,8
5787,贷,5771,货,8
5797,赁,435,凭,8
6040,远,6032,运,8
6201,酒,3062,洒,8
6213,酪,6212,酩,8
6237,醒,6219,酲,8
6513,闲,6508,闭,8
6564,阵,6576,陈,8
7108,麋,7106,麇,8
52,乌,7029,鸟,7
79,二,92,亠,7
161,伐,138,代,7
164,优,160,伏,7
172,伤,152,份,7
184,伺,196,何,7
364,兔,362,免,7
396,冒,2441,昌,7
438,凳,3889,登,7
448,刀,449,刁,7
644,友,2350,支,7
1228,奏,4189,秦,7
1384,季,2553,李,7
1476,尢,1477,尤,7
2018,戍,2017,戌,7
2053,扌,1456,寸,7
2539,札,2055,扎,7
2564,来,4677,耒,7
2569,杭,2091,抗,7
2626,查,2573,杳,7
2666,桂,2157,挂,7
2772,榆,2243,揄,7
2803,槽,4430,糟,7
2921,氓,3042,泯,7
2975,汽,2955,汔,7
3013,沼,5637,诏,7
3156,淆,3108,浠,7
3184,渎,5680,读,7
3202,渴,5702,谒,7
3214,湛,5696,谌,7
3380,炮,3375,炝,7
3585,猬,3560,狷,7
3612,玖,3623,玫,7
3616,玟,3623,玫,7
3623,玫,2355,改,7
3949,眠,3962,眼,7
4134,祆,5483,袄,7
4144,祝,5558,视,7
4405,粟,2650,栗,7
4483,线,3088,浅,7
4490,细,188,佃,7
4517,绢,4555,缉,7
4518,绣,6396,锈,7
4727,肓,4747,育,7
4854,膛,3992,瞠,7
4930,色,6124,邑,7
4933,艹,1725,廾,7
5081,荻,5106,获,7
5106,获,5081,荻,7
5107,莸,5106,获,7
5116,菇,5044,茹,7
5258,薛,5259,薜,7
5394,蝌,5368,蜊,7
5609,记,4464,纪,7
5615,讷,2969,汭,7
5634,诌,5689,谄,7
5690,谅,424,凉,7
5736,谵,3329,澹,7
5828,赢,1367,嬴,7
5877,跤,5890,跻,7
6017,辩,6018,辫,7
6018,辫,6017,辩,7
6085,逢,6064,逄,7
6148,邻,6159,郐,7
6307,钩,6305,钧,7
6562,阳,6563,阴,7
6714,顶,6717,项,7
6849,驾,2605,架,7
6961,鲛,6960,鲚,7
7049,鸵,4911,舵,7
28,丧,5470,表,6
40,为,514,力,6
49,么,1672,幺,6
58,乓,380,兵,6
61,乘,60,乖,6
81,于,1667,干,6
102,京,101,享,6
146,仲,183,伸,6
160,伏,164,优,6
183,伸,146,仲,6
287,倜,231,侗,6
358,兆,559,北,6
433,凤,6760,风,6
615,厂,2,丁,6
646,反,118,仅,6
701,吟,741,呤,6
758,咋,2453,昨,6
785,咸,2021,成,6
1011,困,1007,团,6
1027,土,1184,士,6
1123,埴,1159,填,6
1371,孑,1370,子,6
1467,小,1809,忄,6
1477,尤,3524,犬,6
1568,崎,1552,峙,6
1849,怏,1829,快,6
1905,悄,1941,惝,6
2018,戍,2021,成,6
2086,抒,2577,杼,6
2135,拢,2072,扰,6
2152,拼,2652,栟,6
2276,搓,2793,槎,6
2380,文,2352,攵,6
2485,晴,3970,睛,6
2494,暌,3980,睽,6
2573,杳,2626,查,6
2612,柏,2680,桕,6
2642,栋,2644,栎,6
2648,栓,2149,拴,6
2684,档,2170,挡,6
2695,梁,4411,粱,6
2738,植,2678,桓,6
2753,楔,2260,揳,6
2809,模,2305,摸,6
2817,橄,2316,撖,6
3012,治,5640,诒,6
3016,沿,3012,治,6
3039,泪,3006,沮,6
3066,洛,3081,洺,6
3104,浙,3155,淅,6
3168,淡,5693,谈,6
3216,湝,5700,谐,6
3223,湿,3197,温,6
3479,爱,3478,爰,6
3694,瑷,3683,瑗,6
3755,甸,2423,旬,6
3884,癞,3886,癫,6
3972,睢,6628,雎,6
4191,秩,4190,秧,6
4209,稚,2739,椎,6
4391,米,2536,未,6
4434,糵,5282,蘖,6
4468,纯,6783,饨,6
4488,组,3006,沮,6
4525,绪,5677,诸,6
4566,编,5713,谝,6
4729,肘,2430,时,6
4741,肪,4734,肟,6
4775,胧,3954,眬,6
4942,芋,4941,芊,6
4952,芝,4947,芒,6
4961,芫,4951,芜,6
5044,茹,5116,菇,6
5101,莱,5123,菜,6
5119,菏,4992,苘,6
5145,萎,5186,蒌,6
5462,衔,5463,街,6
5485,袆,4137,祎,6
5551,要,4675,耍,6
5598,认,5597,讣,6
5612,讴,2997,沤,6
5644,诖,3083,洼,6
5646,诘,3055,洁,6
5662,诨,3099,浑,6
5667,诮,3123,消,6
5675,诶,3131,涘,6
5720,谥,3235,溢,6
5735,谴,6110,遣,6
5868,跑,5861,跄,6
6052,迭,6067,选,6
6101,遏,6099,遇,6
6305,钧,6307,钩,6
6369,铭,6368,铬,6
6445,锻,4559,缎,6
6509,问,6515,间,6
7049,鸵,6847,驼,6
7106,麇,7108,麋,6
68,乡,1765,彡,5
122,今,139,令,5
139,令,55,乏,5
158,伍,151,任,5
178,伯,214,佰,5
246,便,221,使,5
262,信,279,倍,5
340,僬,3426,焦,5
355,元,94,亢,5
370,入,372,八,5
372,八,110,人,5
382,具,638,县,5
419,冽,3059,洌,5
465,创,469,刨,5
477,刷,502,剧,5
543,勤,539,勒,5
549,勿,552,匆,5
550,匀,658,句,5
581,半,34,丰,5
617,厅,4,万,5
641,又,45,乂,5
685,吉,14,专,5
692,向,196,何,5
745,呲,703,吡,5
841,唤,831,唉,5
929,嗦,913,嗉,5
1003,回,1001,四,5
1075,垃,2118,拉,5
1208,夫,1209,夬,5
1370,子,1372,孓,5
1382,孟,3909,盂,5
1557,峦,1875,恋,5
1562,峰,1549,峄,5
1629,帅,1631,师,5
1699,度,1682,庋,5
1711,廊,1715,廓,5
1762,彗,1987,慧,5
2017,戌,2018,戍,5
2052,手,54,乎,5
2098,抢,2097,抡,5
2144,拭,2078,找,5
2168,挟,2074,扶,5
2183,挽,2199,换,5
2194,捐,2251,揖,5
2195,捕,2273,搏,5
2228,控,2163,挖,5
2249,提,1144,堤,5
2273,搏,590,博,5
2314,撒,2319,撤,5
2372,散,2375,敬,5
2418,日,2522,月,5
2419,旦,15,且,5
2423,旬,658,句,5
2423,旬,3755,甸,5
2428,旱,2422,早,5
2453,昨,758,咋,5
2453,昨,4766,胙,5
2495,暑,4618,署,5
2497,暗,894,喑,5
2522,月,2418,日,5
2554,杏,2573,杳,5
2556,村,2555,材,5
2579,板,2073,扳,5
2593,枢,2096,抠,5
2628,柬,2561,束,5
2630,柰,1224,奈,5
2631,柱,2113,拄,5
2632,柳,2085,抑,5
2678,桓,1878,恒,5
2719,棒,2201,捧,5
2736,椅,2218,掎,5
2765,楷,2256,揩,5
2994,沟,3017,泃,5
3006,沮,3039,泪,5
3066,洛,3117,浴,5
3239,溪,3131,涘,5
3398,烛,3551,独,5
3444,煸,3446,煽,5
3476,爪,3717,瓜,5
3481,父,1191,夂,5
3811,疸,3814,疽,5
3920,盒,3911,盆,5
3980,睽,2494,暌,5
4038,砚,4031,砍,5
4137,祎,5485,袆,5
4244,窖,4241,窑,5
4290,笤,4276,笃,5
4361,篙,1593,嵩,5
4431,糠,4426,糖,5
4461,级,2971,汲,5
4479,纺,153,仿,5
4498,绎,4510,绛,5
4503,结,3055,洁,5
4505,绕,3090,浇,5
4508,给,3084,洽,5
4509,绚,1786,徇,5
4509,绚,3079,洵,5
4513,绞,3071,洨,5
4524,绩,4556,缋,5
4527,续,3184,渎,5
4542,综,3164,淙,5
4545,绿,3182,渌,5
4559,缎,6445,锻,5
4566,编,309,偏,5
4570,缚,322,傅,5
4570,缚,3236,溥,5
4733,肝,2427,旰,5
4740,肩,2046,扃,5
4815,脸,3968,睑,5
4951,芜,4961,芫,5
4993,苛,4996,苟,5
4995,苞,4963,芭,5
5003,苫,5002,苦,5
5029,茛,5096,莨,5
5118,菌,5041,茵,5
5194,蒲,5254,薄,5
5281,蘑,4113,磨,5
5319,蚣,5321,蚧,5
5395,蝎,5447,蠋,5
5558,视,4144,祝,5
5616,许,2957,汗,5
5623,诀,413,决,5
5626,诃,3009,河,5
5629,识,4491,织,5
5640,诒,3012,治,5
5661,诧,3007,沱,5
5686,谁,4534,维,5
5696,谌,3214,湛,5
5718,谣,6111,遥,5
5762,贝,2840,欠,5
6054,述,6073,逑,5
6193,酉,5550,西,5
6277,钉,6280,钌,5
6286,钓,6307,钩,5
6304,钦,6299,钡,5
6369,铭,4511,络,5
6401,锍,6375,铳,5
6411,锗,6413,错,5
6484,镣,4588,缭,5
6515,间,6509,问,5
6563,阴,6562,阳,5
6836,驰,1742,弛,5
6857,骇,1388,孩,5
7033,鸣,697,吗,5
3,七,557,匕,4
22,东,5958,车,4
34,丰,581,半,4
46,乃,448,刀,4
54,乎,1668,平,4
75,了,2,丁,4
93,亡,51,之,4
101,享,99,亨,4
120,仇,115,仂,4
132,付,5602,讨,4
139,令,122,今,4
142,仪,165,伙,4
168,伞,1669,年,4
179,估,193,佐,4
179,估,194,佑,4
195,体,162,休,4
196,何,692,向,4
231,侗,287,倜,4
236,侥,4505,绕,4
244,侯,285,候,4
252,俏,284,倘,4
281,倒,226,例,4
284,倘,4531,绱,4
374,六,2401,方,4
392,冈,6760,风,4
400,写,52,乌,4
405,冤,364,兔,4
407,冫,2943,氵,4
413,决,5623,诀,4
415,冶,5640,诒,4
425,凋,5688,调,4
474,到,472,刭,4
523,助,4725,肋,4
525,劫,608,却,4
548,勾,549,勿,4
549,勿,550,匀,4
553,匈,548,勾,4
598,卤,1027,土,4
598,卤,1184,士,4
619,厉,689,后,4
638,县,1922,悬,4
658,句,550,匀,4
671,右,4019,石,4
682,各,699,吝,4
684,合,375,兮,4
699,吝,682,各,4
712,吮,711,吭,4
716,吴,2440,昊,4
725,呆,2543,朵,4
746,味,2452,昧,4
751,呻,4052,砷,4
829,唆,779,咬,4
993,嚣,977,器,4
1005,因,1016,固,4
1029,在,1612,左,4
1051,坑,2091,抗,4
1053,坚,4262,竖,4
1065,坪,1049,坏,4
1155,塔,2286,搭,4
1213,失,1211,央,4
1251,妇,1245,好,4
1251,妇,1253,妊,4
1296,威,785,咸,4
1336,媒,3437,煤,4
1389,孪,1384,季,4
1411,官,1426,宫,4
1420,客,1434,容,4
1422,室,4242,窒,4
1483,尸,1485,尺,4
1485,尺,662,只,4
1553,峡,1565,崃,4
1625,巾,33,中,4
1634,帐,5770,账,4
1661,幕,542,募,4
1686,库,622,厍,4
1712,廋,1709,庾,4
1723,廷,1722,延,4
1731,弄,1729,异,4
1738,弓,75,了,4
1821,忘,1820,志,4
1856,怜,1894,恰,4
1869,总,363,兑,4
1879,恕,1850,怒,4
1890,恫,1932,惆,4
1894,恰,1859,怡,4
1930,悼,1951,惮,4
1942,惟,1651,帷,4
1951,惮,1930,悼,4
1963,愉,2772,榆,4
2025,或,2021,成,4
2037,戮,2038,戳,4
2097,抡,2098,抢,4
2104,抱,2098,抢,4
2113,拄,2118,拉,4
2117,拈,2103,抬,4
2126,拔,2141,拨,4
2144,拭,5643,试,4
2158,指,2194,捐,4
2186,捅,1106,埇,4
2186,捅,2693,桶,4
2193,捏,2114,担,4
2198,捡,2122,拎,4
2199,换,2176,挨,4
2199,换,2183,挽,4
2201,捧,2719,棒,4
2217,掌,3497,牚,4
2280,搞,3521,犒,4
2300,摘,2280,搞,4
2318,撞,2825,橦,4
2319,撤,2316,撖,4
2323,撮,2292,摄,4
2346,攘,1183,壤,4
2352,攵,1191,夂,4
2360,效,2357,放,4
2380,文,1191,夂,4
2384,斑,3651,珽,4
2407,旅,2409,旋,4
2429,旴,2427,旰,4
2484,晳,3902,皙,4
2543,朵,725,呆,4
2570,杯,2088,抔,4
2591,枝,2080,技,4
2642,栋,2136,拣,4
2679,桔,2699,梏,4
2693,桶,2694,桷,4
2702,梢,2192,捎,4
2704,梧,2184,捂,4
2737,椋,2735,椁,4
2750,椽,2242,掾,4
2774,榈,2676,桐,4
2781,榜,2275,搒,4
2813,樱,2310,撄,4
2829,檀,2332,擅,4
2887,殴,2845,欧,4
2938,氮,2937,氪,4
2943,氵,407,冫,4
2944,永,2942,水,4
2950,汇,2962,江,4
3001,沨,5620,讽,4
3003,沪,3049,泸,4
3009,河,6509,问,4
3013,沼,4497,绍,4
3021,泊,3060,洎,4
3034,泡,3000,沧,4
3039,泪,2966,汨,4
3053,泽,3065,洚,4
3053,泽,5627,评,4
3081,洺,3066,洛,4
3082,活,3012,治,4
3104,浙,3185,渐,4
3113,浩,3055,洁,4
3123,消,5667,诮,4
3139,涣,3131,涘,4
3141,润,3142,涧,4
3151,涸,3057,洇,4
3155,淅,3104,浙,4
3190,渚,5677,诸,4
3191,渝,3211,湔,4
3349,灈,3340,濯,4
3403,烦,3367,炊,4
3447,熄,3453,熜,4
3547,狠,3564,狼,4
3570,猎,3583,猪,4
3583,猪,3570,猎,4
3643,珠,5649,诛,4
3744,甪,5569,角,4
3789,疗,3787,疔,4
3822,痉,3823,痊,4
3831,痞,3822,痉,4
3847,瘁,3825,痒,4
3885,癣,3882,癖,4
3908,皿,1001,四,4
3911,盆,5775,贫,4
3932,盲,4727,肓,4
3951,眦,2903,毗,4
3954,眬,2461,昽,4
3956,眯,2452,昧,4
3975,睦,3955,眭,4
4024,矾,4039,砜,4
4139,祖,5489,袒,4
4227,究,4228,穷,4
4240,窍,4235,窃,4
4310,筐,4344,箧,4
4327,筹,4306,等,4
4332,箅,4338,算,4
4369,篮,5212,蓝,4
4371,篷,5218,蓬,4
4387,簿,5254,薄,4
4389,籁,4378,簌,4
4456,红,112,亿,4
4464,纪,5609,记,4
4470,纱,2991,沙,4
4475,纶,174,伦,4
4477,纸,3031,泜,4
4494,绊,181,伴,4
4513,绞,4478,纹,4
4520,绥,6807,馁,4
4530,绰,3162,淖,4
4533,绳,3186,渑,4
4551,缅,3209,湎,4
4564,缔,5711,谛,4
4565,缕,3227,溇,4
4595,缴,1806,徼,4
4669,考,1381,孝,4
4730,肚,4731,肛,4
4737,肢,4788,胶,4
4741,肪,2439,昉,4
4754,肿,4757,胂,4
4758,胃,4759,胄,4
4816,脾,3974,睥,4
4819,腊,4818,腈,4
4836,腰,4852,膘,4
4875,自,3890,白,4
4950,芙,5059,荚,4
4991,苗,5041,茵,4
4992,苘,5046,茼,4
5062,荞,5064,荠,4
5066,荣,5038,茱,4
5067,荤,5069,荦,4
5123,菜,5101,莱,4
5169,葡,5140,萄,4
5177,葵,5228,蔡,4
5282,蘖,4434,糵,4
5333,蛀,5352,蛭,4
5371,蜒,5372,蜓,4
5495,袪,4142,祛,4
5554,见,399,冗,4
5561,觉,367,党,4
5569,角,3744,甪,4
5607,议,2973,汶,4
5609,记,2959,汜,4
5637,诏,3013,沼,4
5656,询,3017,泃,4
5686,谁,422,准,4
5693,谈,3673,琰,4
5699,谏,3127,涑,4
5705,谕,3191,渝,4
5714,谟,3284,漠,4
5725,谪,3275,滴,4
5733,谲,3300,潏,4
5864,跌,5876,跣,4
5947,躏,5930,蹢,4
5979,轻,5982,轾,4
6003,输,2243,揄,4
6012,辜,1671,幸,4
6017,辩,6016,辨,4
6067,选,6052,迭,4
6074,递,6066,逆,4
6083,造,6067,选,4
6105,道,6104,遒,4
6106,遗,6110,遣,4
6303,钥,6326,钼,4
6304,钦,6789,饮,4
6305,钧,6286,钓,4
6333,铃,6302,钤,4
6354,铝,6335,铅,4
6368,铬,6369,铭,4
6372,铰,6801,饺,4
6404,锐,6460,镋,4
6423,锤,6444,锺,4
6425,锦,4535,绵,4
6532,阅,6538,阋,4
6619,雀,1569,崔,4
6622,雅,4209,稚,4
6628,雎,3972,睢,4
6633,雨,26,两,4
6665,靖,5676,请,4
6725,颁,6726,颂,4
6742,颔,6736,颌,4
6743,颖,6737,颍,4
6763,飒,3001,沨,4
6874,骛,7082,鹜,4
7070,鹊,7064,鹄,4
7184,龟,362,免,4
4,万,617,厅,3
5,丈,1205,大,3
26,两,5550,西,3
33,中,1625,巾,3
33,中,3752,申,3
47,久,2352,攵,3
50,义,45,乂,3
62,乙,1619,己,3
81,于,576,千,3
82,亏,1738,弓,3
82,亏,2401,方,3
83,云,82,亏,3
93,亡,5594,讠,3
106,亳,2908,毫,3
120,仇,4462,纨,3
125,从,140,以,3
127,仓,126,仑,3
141,仨,190,位,3
152,份,4476,纷,3
169,伟,4466,纬,3
174,伦,175,伧,3
182,伶,240,侩,3
183,伸,4489,绅,3
190,位,192,住,3
206,你,128,仔,3
213,佯,181,伴,3
214,佰,178,伯,3
215,佳,6615,隹,3
221,使,246,便,3
253,俐,226,例,3
256,俘,288,倞,3
259,保,298,倮,3
313,健,6433,键,3
323,傈,344,僳,3
350,儒,3338,濡,3
362,免,364,兔,3
367,党,5561,觉,3
371,全,6257,金,3
394,册,1282,姗,3
399,冗,5554,见,3
416,冷,3033,泠,3
418,冼,5650,诜,3
420,净,5658,诤,3
422,准,3805,疰,3
423,凇,3166,淞,3
427,减,5648,诚,3
430,凝,3785,疑,3
446,函,445,凼,3
449,刁,67,习,3
464,刚,463,则,3
494,剔,471,别,3
496,剖,481,刻,3
530,劳,4962,芬,3
539,勒,543,勤,3
542,募,1661,幕,3
548,勾,553,匈,3
551,包,4930,色,3
558,化,2900,比,3
558,化,2918,氏,3
571,区,6771,飞,3
585,卒,3606,率,3
586,卓,2674,桌,3
592,卞,595,卡,3
596,卢,2040,户,3
604,卯,609,卵,3
608,却,525,劫,3
609,卵,604,卯,3
615,厂,1676,广,3
636,去,444,击,3
642,叉,641,又,3
658,句,549,勿,3
659,另,3754,男,3
671,右,657,古,3
688,名,682,各,3
692,向,203,佝,3
703,吡,745,呲,3
738,呛,757,咆,3
805,哔,807,哗,3
820,哭,977,器,3
842,唧,877,啷,3
854,啁,787,咽,3
856,啄,761,咏,3
866,啥,795,哈,3
936,嗳,2499,暧,3
1001,四,2512,曰,3
1012,囱,598,卤,3
1012,囱,1004,囟,3
1016,固,1005,因,3
1017,国,1010,园,3
1027,土,1611,工,3
1029,在,671,右,3
1041,圾,1060,坡,3
1050,坐,3740,生,3
1051,坑,1054,坛,3
1058,坟,2356,攻,3
1075,垃,4398,粒,3
1157,塞,1422,室,3
1170,墓,1126,基,3
1184,士,3,七,3
1186,壮,559,北,3
1187,声,596,卢,3
1191,夂,2352,攵,3
1192,处,1198,外,3
1205,大,5,丈,3
1206,天,1208,夫,3
1208,夫,1211,央,3
1209,夬,1208,夫,3
1232,奖,2689,桨,3
1270,妲,1277,姐,3
1271,妹,1286,姝,3
1278,姑,1287,姞,3
1326,婢,1331,婵,3
1367,嬴,5828,赢,3
1375,字,1402,宇,3
1388,孩,6857,骇,3
1417,实,3362,灾,3
1419,审,1412,宙,3
1426,宫,1411,官,3
1426,宫,1443,富,3
1473,尚,4728,肖,3
1477,尤,1476,尢,3
1512,屮,33,中,3
1531,岛,7029,鸟,3
1533,岢,4993,苛,3
1576,崧,5122,菘,3
1611,工,62,乙,3
1612,左,657,古,3
1619,己,62,乙,3
1631,师,1629,帅,3
1634,帐,1844,怅,3
1637,帕,1852,怕,3
1665,幢,1997,憧,3
1666,幪,5448,蠓,3
1668,平,54,乎,3
1672,幺,49,么,3
1675,幽,445,凼,3
1676,广,80,亍,3
1721,廴,1372,孓,3
1722,延,1723,廷,3
1724,建,6082,速,3
1725,廾,4933,艹,3
1729,异,1670,并,3
1735,弋,2014,戈,3
1738,弓,82,亏,3
1740,弗,87,井,3
1796,徘,272,俳,3
1807,徽,1804,徵,3
1822,忙,2565,杧,3
1829,快,3370,炔,3
1836,忽,1814,忍,3
1850,怒,1879,恕,3
1865,怪,1871,怿,3
1887,恨,1864,怩,3
1890,恫,2676,桐,3
1891,恬,1859,怡,3
1894,恰,1856,怜,3
1895,恳,1813,忌,3
1920,您,1916,悠,3
1927,悴,1929,悻,3
1933,惇,1934,惊,3
2002,憾,2329,撼,3
2005,懊,3468,燠,3
2014,戈,1735,弋,3
2021,成,785,咸,3
2021,成,2018,戍,3
2022,我,2078,找,3
2035,截,796,哉,3
2040,户,1483,尸,3
2072,扰,2135,拢,3
2072,扰,2169,挠,3
2073,扳,2100,报,3
2073,扳,2579,板,3
2091,抗,2569,杭,3
2092,折,1040,圻,3
2102,披,1060,坡,3
2109,抽,2620,柚,3
2114,担,1062,坦,3
2115,拆,2092,折,3
2117,拈,2601,枯,3
2118,拉,2139,拦,3
2120,拌,2090,抖,3
2139,拦,2645,栏,3
2149,拴,2113,拄,3
2154,拾,2070,扮,3
2154,拾,2103,抬,3
2162,挑,2667,桃,3
2172,挣,3555,狰,3
2176,挨,1105,埃,3
2177,挪,2262,揶,3
2198,捡,2713,检,3
2209,捺,2320,撩,3
2223,掘,1129,堀,3
2227,接,2160,按,3
2229,推,2739,椎,3
2231,措,2252,揞,3
2239,掸,2215,掉,3
2249,提,2188,捉,3
2262,揶,2177,挪,3
2286,搭,1155,塔,3
2311,撅,2822,橛,3
2321,撬,2818,橇,3
2352,攵,3481,父,3
2355,改,2356,攻,3
2357,放,2360,效,3
2368,敛,4478,纹,3
2369,敝,2370,敞,3
2375,敬,2372,散,3
2380,文,51,之,3
2387,料,2090,抖,3
2393,斤,617,厅,3
2416,无,355,元,3
2420,旧,1758,归,3
2422,早,2428,旱,3
2430,时,4729,肘,3
2442,明,2525,朋,3
2468,晒,791,哂,3
2469,晓,804,哓,3
2505,曈,4001,瞳,3
2512,曰,2419,旦,3
2529,朕,4791,胼,3
2536,未,2541,朱,3
2536,未,4391,米,3
2540,术,2535,木,3
2540,术,2948,求,3
2549,杆,2063,扦,3
2550,杈,2548,权,3
2561,束,2564,来,3
2566,杨,2068,扬,3
2580,极,2100,报,3
2580,极,2579,板,3
2580,极,2589,枚,3
2581,构,2557,杓,3
2581,构,2607,枸,3
2607,枸,2581,构,3
2619,柙,2108,押,3
2621,柜,2124,拒,3
2652,栟,2152,拼,3
2653,校,2706,梭,3
2674,桌,586,卓,3
2674,桌,4876,臬,3
2686,桥,2171,挢,3
2687,桦,2784,榫,3
2697,梅,1910,悔,3
2699,梏,2679,桔,3
2713,检,2609,柃,3
2720,棕,2638,标,3
2739,椎,2229,推,3
2747,椰,2262,揶,3
2757,楞,1972,愣,3
2757,楞,2604,枵,3
2768,楼,2269,搂,3
2771,榄,2264,揽,3
2791,槊,1154,塑,3
2823,橡,2750,椽,3
2840,欠,47,久,3
2858,止,7,上,3
2863,歧,1523,岐,3
2865,歹,4,万,3
2919,氐,2918,氏,3
2922,气,65,乞,3
2922,气,6273,钅,3
2924,氖,2925,氘,3
2933,氦,2931,氢,3
2939,氯,2929,氟,3
2950,汇,4464,纪,3
2950,汇,5601,讧,3
2955,汔,2975,汽,3
2971,汲,2995,没,3
2982,沆,2981,沅,3
2999,沦,3000,沧,3
3000,沧,2999,沦,3
3000,沧,3034,泡,3
3014,沽,3055,洁,3
3022,泌,1810,必,3
3030,泛,3036,泣,3
3036,泣,3030,泛,3
3052,泼,4486,绂,3
3055,洁,3026,法,3
3064,洙,5649,诛,3
3068,洣,3004,沫,3
3089,浆,2689,桨,3
3116,浯,5666,语,3
3117,浴,3066,洛,3
3121,涂,3115,浮,3
3122,涅,3217,湟,3
3127,涑,3134,涞,3
3139,涣,3120,浼,3
3142,涧,3141,润,3
3147,涮,847,唰,3
3151,涸,425,凋,3
3151,涸,3136,涠,3
3153,淀,3107,浞,3
3161,淑,3226,溆,3
3183,渍,3224,溃,3
3198,渫,5697,谍,3
3221,湲,5706,谖,3
3222,湾,3250,滂,3
3224,溃,3183,渍,3
3243,溴,3218,湨,3
3250,滂,5719,谤,3
3288,漫,3119,浸,3
3288,漫,3242,溲,3
3291,漱,3334,濑,3
3299,潍,3173,淮,3
3358,灵,1760,录,3
3360,灸,3373,炙,3
3362,灾,1400,宄,3
3377,炫,3406,烩,3
3383,炳,3403,烦,3
3388,炼,3391,烁,3
3416,焊,1908,悍,3
3423,焙,3418,焐,3
3427,焯,1930,悼,3
3453,熜,3447,熄,3
3468,燠,2005,懊,3
3479,爱,650,受,3
3511,牺,4404,粞,3
3517,犊,3510,特,3
3555,狰,2172,挣,3
3561,狸,3582,猩,3
3611,玕,3625,环,3
3623,玫,2356,攻,3
3663,琢,3152,涿,3
3674,琳,3158,淋,3
3692,瑰,6923,魂,3
3710,璧,1179,壁,3
3717,瓜,3476,爪,3
3720,瓢,6768,飘,3
3726,瓴,6730,领,3
3736,甘,1726,廿,3
3740,生,1050,坐,3
3771,略,5798,赂,3
3773,番,6829,香,3
3798,疤,3806,疱,3
3801,疬,3794,疠,3
3803,疮,3806,疱,3
3815,疾,3791,疚,3
3825,痒,3847,瘁,3
3871,瘴,3847,瘁,3
3890,白,3891,百,3
3890,白,4881,臼,3
3891,百,3890,白,3
3929,目,1003,回,3
3930,盯,3756,町,3
3931,盱,3930,盯,3
3944,看,4671,者,3
3949,眠,2458,昵,3
3968,睑,4815,脸,3
3985,瞅,881,啾,3
3992,瞠,4854,膛,3
3997,瞪,970,噔,3
4039,砜,4024,矾,3
4050,砰,4021,矸,3
4113,磨,7117,麽,3
4130,社,4129,礼,3
4142,祛,5495,袪,3
4146,祟,4402,粜,3
4178,秆,2549,杆,3
4178,秆,4188,秤,3
4184,秕,2582,枇,3
4189,秦,1228,奏,3
4205,稍,2702,梢,3
4206,税,2714,棁,3
4219,稿,2790,槁,3
4219,稿,3521,犒,3
4242,窒,1422,室,3
4263,站,3015,沾,3
4267,竣,3105,浚,3
4286,笙,4308,筌,3
4330,签,639,叁,3
4391,米,2537,末,3
4407,粤,1238,奥,3
4430,糟,2803,槽,3
4444,絷,2164,挚,3
4458,纤,136,仟,3
4466,纬,169,伟,3
4466,纬,4495,绋,3
4466,纬,5611,讳,3
4468,纯,2985,沌,3
4472,纳,2969,汭,3
4472,纳,6298,钠,3
4479,纺,5622,访,3
4488,组,1783,徂,3
4491,织,5629,识,3
4494,绊,3041,泮,3
4497,绍,3013,沼,3
4498,绎,3053,泽,3
4500,绐,4508,给,3
4507,绘,3095,浍,3
4508,给,4507,绘,3
4508,给,4511,络,3
4508,给,6799,饸,3
4509,绚,5656,询,3
4517,绢,4516,绡,3
4522,继,5712,谜,3
4531,绱,4516,绡,3
4556,缋,4524,绩,3
4563,缓,5706,谖,3
4579,缤,3271,滨,3
4599,缺,5856,趺,3
4604,网,392,冈,3
4628,羔,1880,恙,3
4697,耵,3930,盯,3
4698,耶,649,取,3
4735,肠,2432,旸,3
4741,肪,4732,肜,3
4756,胁,4725,肋,3
4758,胃,396,冒,3
4766,胙,2453,昨,3
4788,胶,4809,脧,3
4796,脊,4761,背,3
4815,脸,4797,脍,3
4882,臾,654,叟,3
4885,舂,2451,春,3
4958,芨,4937,艿,3
4962,芬,4969,芴,3
4986,苑,4955,芤,3
4988,苓,4959,芩,3
4991,苗,4987,苒,3
4992,苘,4996,苟,3
4995,苞,4983,苍,3
4996,苟,4943,芍,3
4996,苟,4993,苛,3
5001,若,5002,苦,3
5002,苦,5001,若,3
5005,英,5059,荚,3
5016,茆,5028,茚,3
5019,茉,5101,莱,3
5020,茌,5053,荏,3
5033,茨,4954,芡,3
5040,茴,4991,苗,3
5040,茴,4992,苘,3
5052,草,6673,革,3
5059,荚,4393,类,3
5074,荫,5143,萌,3
5078,药,5077,荮,3
5140,萄,5169,葡,3
5148,萘,5082,荼,3
5152,营,5115,菅,3
5154,萧,5101,莱,3
5164,著,5231,蔷,3
5200,蒿,5214,蓠,3
5218,蓬,5102,莲,3
5228,蔡,2334,擎,3
5229,蔫,5023,茑,3
5231,蔷,5238,蕃,3
5262,薪,5128,菥,3
5269,藉,4390,籍,3
5305,虽,736,员,3
5315,蚓,5368,蜊,3
5327,蚰,5332,蚺,3
5338,蛊,3916,盎,3
5349,蛟,5311,蚊,3
5352,蛭,5333,蛀,3
5359,蛸,5370,蜎,3
5363,蜂,1562,峰,3
5431,蟀,5435,蟑,3
5460,行,4455,纡,3
5470,表,28,丧,3
5480,衿,5491,袗,3
5489,袒,4139,祖,3
5504,装,5523,裴,3
5550,西,6193,酉,3
5587,誉,5588,誊,3
5592,警,5591,謦,3
5600,讦,5616,许,3
5601,讧,2962,江,3
5602,讨,132,付,3
5604,讪,2956,汕,3
5607,议,2953,汊,3
5616,许,5600,讦,3
5619,讼,5618,论,3
5622,访,2964,污,3
5624,证,2992,沚,3
5625,诂,5646,诘,3
5635,词,184,伺,3
5636,诎,4496,绌,3
5637,诏,4497,绍,3
5638,诐,3035,波,3
5648,诚,427,减,3
5650,诜,3063,洗,3
5656,询,4509,绚,3
5657,诣,3128,涓,3
5669,诰,3113,浩,3
5680,读,4527,续,3
5689,谄,5634,诌,3
5694,谊,3187,渔,3
5695,谋,5697,谍,3
5706,谖,3221,湲,3
5732,谱,5709,谙,3
5738,谷,682,各,3
5749,豪,5746,象,3
5797,赁,5771,货,3
5798,赂,3771,略,3
5841,起,5844,超,3
5844,超,5841,起,3
5856,趺,5864,跌,3
5860,跃,5856,趺,3
5860,跃,5864,跌,3
5861,跄,5868,跑,3
5896,踏,5924,蹐,3
5899,踞,5873,距,3
5903,踩,5904,踪,3
6021,辶,51,之,3
6030,迈,6033,近,3
6056,迷,6054,述,3
6057,迸,6039,进,3
6057,迸,6066,逆,3
6064,逄,6085,逢,3
6066,逆,6057,迸,3
6071,透,6091,逶,3
6078,通,6051,迫,3
6082,速,6088,逮,3
6094,逼,6078,通,3
6099,遇,6101,遏,3
6223,酷,6217,酰,3
6257,金,371,全,3
6282,钎,4458,纤,3
6286,钓,4460,约,3
6286,钓,6305,钧,3
6291,钙,2989,沔,3
6295,钝,4468,纯,3
6296,钞,4470,纱,3
6300,钢,4471,纲,3
6302,钤,6333,铃,3
6303,钥,6353,铜,3
6304,钦,5967,软,3
6312,钮,4481,纽,3
6315,钱,6790,饯,3
6321,钷,6294,钜,3
6335,铅,6325,钻,3
6335,铅,6354,铝,3
6352,铛,3649,珰,3
6368,铬,4511,络,3
6372,铰,4513,绞,3
6384,铼,6349,铗,3
6389,锁,6388,销,3
6396,锈,4518,绣,3
6399,锋,6400,锌,3
6404,锐,5673,说,3
6413,错,6411,锗,3
6421,锢,6356,铟,3
6454,镅,6408,锔,3
6456,镇,4572,缜,3
6502,镶,6448,锿,3
6508,闭,6513,闲,3
6510,闯,6522,闻,3
6511,闰,6509,问,3
6541,阎,6537,阊,3
6569,阿,6563,阴,3
6621,雄,4085,碓,3
6644,霄,1431,宵,3
6673,革,5052,草,3
6727,颃,6721,顽,3
6736,颌,6730,领,3
6760,风,392,冈,3
6793,饲,184,伺,3
6797,饶,4505,绕,3
6822,馒,4581,缦,3
6853,骂,4276,笃,3
6870,骗,6878,骟,3
6945,鲇,6954,鲐,3
6974,鲩,6986,鲵,3
6989,鲸,6972,鲧,3
7057,鸽,7045,鸰,3
7082,鹜,6874,骛,3
7107,麈,6270,鏖,3
7125,黑,4612,罢,3
2,丁,75,了,2
2,丁,615,厂,2
3,七,45,乂,2
6,三,2943,氵,2
7,上,1027,土,2
8,下,10,不,2
10,不,4019,石,2
14,专,5836,走,2
15,且,2418,日,2
19,丙,26,两,2
20,业,3409,热,2
22,东,56,乐,2
23,丝,21,丛,2
25,丢,636,去,2
26,两,6633,雨,2
27,严,98,产,2
30,个,31,丫,2
33,中,3498,牛,2
36,临,3919,监,2
39,丹,4897,舟,2
41,主,4878,至,2
45,乂,641,又,2
47,久,1191,夂,2
47,久,1672,幺,2
48,乇,2905,毛,2
49,么,373,公,2
49,么,1765,彡,2
51,之,6,三,2
51,之,1611,工,2
51,之,1721,廴,2
52,乌,400,写,2
54,乎,3496,牙,2
55,乏,139,令,2
56,乐,22,东,2
56,乐,4174,禾,2
58,乓,57,乒,2
65,乞,2922,气,2
67,习,449,刁,2
67,习,1757,彐,2
68,乡,4453,纟,2
71,买,3358,灵,2
71,买,6832,马,2
73,乳,72,乱,2
78,事,34,丰,2
79,二,407,冫,2
81,于,80,亍,2
94,亢,355,元,2
99,亨,1375,字,2
102,京,424,凉,2
102,京,1375,字,2
105,亲,6011,辛,2
110,人,372,八,2
118,仅,142,仪,2
122,今,375,兮,2
123,介,2393,斤,2
126,仑,6780,饣,2
127,仓,551,包,2
129,仕,558,化,2
131,仗,162,休,2
132,付,4457,纣,2
133,仙,558,化,2
136,仟,148,仵,2
136,仟,151,任,2
140,以,2900,比,2
142,仪,138,代,2
145,仰,604,卯,2
146,仲,149,件,2
151,任,158,伍,2
153,仿,4479,纺,2
154,企,4260,立,2
160,伏,702,吠,2
164,优,1827,忧,2
166,会,122,今,2
170,传,215,佳,2
171,伢,5614,讶,2
172,伤,4476,纷,2
174,伦,197,佗,2
174,伦,4475,纶,2
176,伪,115,仂,2
179,估,217,佶,2
181,伴,4494,绊,2
182,伶,1856,怜,2
184,伺,687,同,2
185,似,144,们,2
187,伾,1839,怀,2
189,但,235,侣,2
189,但,4488,组,2
192,住,190,位,2
193,佐,179,估,2
194,佑,193,佐,2
197,佗,174,伦,2
198,佘,199,余,2
199,余,1410,宗,2
210,佧,173,伥,2
213,佯,1788,徉,2
213,佯,3058,洋,2
214,佰,229,侑,2
215,佳,192,住,2
223,侄,215,佳,2
223,侄,6615,隹,2
233,依,180,伲,2
234,侠,221,使,2
240,侩,262,信,2
248,俄,6805,饿,2
250,俊,1791,後,2
252,俏,4516,绡,2
255,俗,4519,绤,2
260,俞,1962,愈,2
268,俭,182,伶,2
271,俱,189,但,2
276,俺,3177,淹,2
279,倍,255,俗,2
281,倒,253,俐,2
282,倓,261,俟,2
284,倘,252,俏,2
285,候,244,侯,2
286,倚,225,侉,2
286,倚,4528,绮,2
292,倦,4541,绻,2
293,倨,283,倔,2
300,债,5797,赁,2
309,偏,254,俑,2
310,偕,5700,谐,2
311,做,347,儆,2
316,偶,315,偲,2
322,傅,4570,缚,2
331,傲,347,儆,2
333,傻,245,侵,2
334,僇,5727,谬,2
337,僚,3306,潦,2
354,允,94,亢,2
354,允,359,先,2
355,元,83,云,2
356,兄,662,只,2
360,光,359,先,2
360,光,379,兴,2
361,克,363,兑,2
367,党,5560,览,2
370,入,110,人,2
370,入,449,刁,2
371,全,134,仝,2
372,八,370,入,2
374,六,47,久,2
378,关,4283,笑,2
387,兽,2519,曾,2
392,冈,4604,网,2
397,冕,2464,晃,2
401,军,2422,早,2
409,冯,400,写,2
410,冰,2942,水,2
413,决,3044,泱,2
414,况,2984,沉,2
415,冶,3015,沾,2
420,净,77,争,2
421,凄,1272,妻,2
422,准,5686,谁,2
424,凉,3164,淙,2
424,凉,3175,淳,2
428,凑,3241,溱,2
429,凛,424,凉,2
431,几,372,八,2
441,凸,695,吕,2
444,击,636,去,2
448,刀,514,力,2
455,刊,458,刑,2
462,刘,461,列,2
462,刘,486,剂,2
464,刚,457,刎,2
464,刚,460,刖,2
465,创,493,剑,2
471,别,492,剐,2
473,刮,461,列,2
476,制,471,别,2
477,刷,3147,涮,2
482,刽,493,剑,2
482,刽,6278,钊,2
486,剂,496,剖,2
492,剐,494,剔,2
493,剑,472,刭,2
493,剑,482,刽,2
493,剑,6278,钊,2
494,剔,505,副,2
503,剩,470,利,2
506,割,496,剖,2
514,力,3525,犭,2
517,功,677,叻,2
521,劣,659,另,2
524,努,1635,帑,2
526,劬,4725,肋,2
528,励,520,劢,2
533,勃,537,勍,2
546,勹,390,冂,2
551,包,3743,甩,2
552,匆,3755,甸,2
561,匚,1611,工,2
562,匜,563,匝,2
579,午,576,千,2
584,卑,6553,阜,2
585,卒,6011,辛,2
590,博,2273,搏,2
592,卞,8,下,2
594,占,695,吕,2
595,卡,6503,长,2
599,卦,6279,钋,2
603,卮,616,厄,2
607,即,6157,郎,2
617,厅,2393,斤,2
620,压,3607,玉,2
624,厘,625,厚,2
636,去,6503,长,2
638,县,382,具,2
638,县,2447,昙,2
641,又,642,叉,2
644,友,1612,左,2
647,发,95,交,2
647,发,1518,岁,2
651,变,7113,麦,2
655,叠,2677,桑,2
656,口,398,冖,2
657,古,685,吉,2
658,句,692,向,2
660,叨,661,叩,2
660,叨,677,叻,2
662,只,31,丫,2
667,可,67,习,2
675,司,67,习,2
678,叼,661,叩,2
679,叽,665,叭,2
683,吆,756,咄,2
684,合,166,会,2
685,吉,636,去,2
687,同,2522,月,2
692,向,3890,白,2
695,吕,664,召,2
705,否,2554,杏,2
709,含,4890,舍,2
713,启,4740,肩,2
716,吴,378,关,2
718,吸,676,叹,2
721,吼,703,吡,2
723,呀,680,吁,2
723,呀,752,呼,2
726,呈,6273,钅,2
727,告,685,吉,2
735,呗,719,吹,2
736,员,6713,页,2
738,呛,681,吃,2
741,呤,3627,玲,2
743,周,687,同,2
757,咆,706,吧,2
757,咆,738,呛,2
760,咎,2448,昝,2
775,咨,3728,瓷,2
789,哀,5509,裒,2
807,哗,812,哞,2
812,哞,865,啤,2
825,哼,769,咛,2
828,唁,825,哼,2
831,唉,841,唤,2
831,唉,862,啖,2
842,唧,819,哪,2
845,售,3426,焦,2
846,唯,782,咱,2
846,唯,6618,难,2
852,唾,3971,睡,2
853,唿,934,嗯,2
865,啤,874,啴,2
865,啤,4084,碑,2
866,啥,828,唁,2
880,啼,5917,蹄,2
894,喑,828,唁,2
899,喝,848,唱,2
906,喷,837,唝,2
912,嗅,975,噢,2
913,嗉,931,嗪,2
918,嗓,979,噪,2
927,嗤,872,啮,2
939,嗽,881,啾,2
941,嘀,850,唷,2
942,嘁,891,喊,2
946,嘎,911,嗄,2
948,嘘,844,唬,2
963,嘹,3999,瞭,2
964,嘻,828,唁,2
1000,囚,1005,因,2
1001,四,1003,回,2
1002,囝,1006,囡,2
1003,回,6509,问,2
1005,因,1000,囚,2
1007,团,1011,困,2
1008,囤,1011,困,2
1011,困,1008,囤,2
1011,困,1013,围,2
1011,困,1016,固,2
1016,固,687,同,2
1018,图,1015,囹,2
1022,圆,1010,园,2
1039,场,2068,扬,2
1044,均,1039,场,2
1045,坊,1125,培,2
1049,坏,3625,环,2
1052,块,413,决,2
1052,块,2083,抉,2
1054,坛,1032,圬,2
1058,坟,1045,坊,2
1058,坟,1048,坎,2
1060,坡,2102,披,2
1062,坦,2114,担,2
1063,坨,1086,垞,2
1065,坪,2101,抨,2
1066,坫,2117,拈,2
1070,坶,1274,姆,2
1071,坷,1044,均,2
1073,坼,2115,拆,2
1078,垆,2099,护,2
1086,垞,1063,坨,2
1091,垣,1062,坦,2
1091,垣,1097,垭,2
1098,垮,2161,挎,2
1108,城,5648,诚,2
1115,埙,1116,埚,2
1125,培,3423,焙,2
1126,基,3738,甚,2
1128,埽,1164,墁,2
1129,堀,2223,掘,2
1130,堂,367,党,2
1148,堵,1171,墙,2
1152,塌,3247,溻,2
1156,塘,2284,搪,2
1174,墟,1173,增,2
1175,墦,2322,播,2
1184,士,1027,土,2
1187,声,98,产,2
1191,夂,47,久,2
1194,复,1195,夏,2
1195,夏,1194,复,2
1197,夕,547,勺,2
1198,外,593,卟,2
1198,外,1192,处,2
1202,够,3957,眵,2
1202,够,7047,鸲,2
1206,天,1210,夭,2
1206,天,2416,无,2
1207,太,1205,大,2
1211,央,413,决,2
1213,失,1208,夫,2
1213,失,3740,生,2
1223,奇,1218,夺,2
1236,奠,1466,尊,2
1237,奢,5164,著,2
1241,奴,645,双,2
1241,奴,1251,妇,2
1245,好,1252,妈,2
1249,妄,1273,妾,2
1255,妒,3366,炉,2
1257,妖,1265,妩,2
1257,妖,1301,娇,2
1259,妙,3369,炒,2
1264,妨,1287,姞,2
1273,妾,1302,娈,2
1274,姆,1277,姐,2
1275,姊,1311,娣,2
1276,始,1242,奶,2
1276,始,1280,姓,2
1277,姐,1304,娌,2
1278,姑,1276,始,2
1281,委,1298,娄,2
1289,姥,1265,妩,2
1289,姥,3402,烤,2
1293,姻,3401,烟,2
1295,姿,5800,资,2
1297,娃,1280,姓,2
1309,娟,1315,娲,2
1309,娟,1318,娼,2
1317,娶,4714,聚,2
1320,婆,1305,娑,2
1331,婵,1326,婢,2
1335,婿,1337,媚,2
1338,媛,1349,嫒,2
1370,子,81,于,2
1375,字,1410,宗,2
1381,孝,4669,考,2
1385,孤,2087,抓,2
1385,孤,3541,狐,2
1387,学,1375,字,2
1389,孪,101,享,2
1402,宇,1375,字,2
1403,守,1398,宁,2
1404,安,1401,宅,2
1410,宗,1375,字,2
1416,宝,1399,它,2
1417,实,1405,宋,2
1421,宣,1415,宜,2
1422,室,1416,宝,2
1425,宪,1406,完,2
1428,宰,6011,辛,2
1431,宵,4758,胃,2
1434,容,1420,客,2
1441,密,5377,蜜,2
1458,寺,1218,夺,2
1465,尉,1989,慰,2
1466,尊,4160,禀,2
1467,小,2053,扌,2
1472,尘,1471,尖,2
1479,尧,356,兄,2
1483,尸,601,卩,2
1483,尸,1676,广,2
1498,届,1691,庙,2
1499,屋,1493,层,2
1504,展,6019,辰,2
1514,山,1512,屮,2
1518,岁,1468,少,2
1524,岑,1573,崟,2
1525,岔,1838,忿,2
1525,岔,3911,盆,2
1538,岭,1560,峪,2
1556,峥,1562,峰,2
1560,峪,1566,崆,2
1563,峻,1558,峧,2
1565,崃,1553,峡,2
1569,崔,1570,崖,2
1577,崩,5143,萌,2
1580,崴,5176,葳,2
1581,崽,1595,嵬,2
1607,川,666,叮,2
1609,巡,1606,巛,2
1611,工,92,亠,2
1614,巨,672,叵,2
1614,巨,6771,飞,2
1618,巯,3784,疏,2
1619,己,1621,巳,2
1619,己,3608,王,2
1623,巷,4983,苍,2
1638,帖,5784,贴,2
1639,帘,4228,穷,2
1647,帧,1638,帖,2
1665,幢,1662,幛,2
1667,干,576,千,2
1669,年,1668,平,2
1671,幸,6012,辜,2
1673,幻,4465,纫,2
1674,幼,1673,幻,2
1676,广,31,丫,2
1678,庄,1677,庀,2
1679,庆,621,厌,2
1680,庇,3810,疵,2
1688,底,1693,府,2
1693,府,1688,底,2
1716,廖,1452,寥,2
1716,廖,3870,瘳,2
1717,廙,3843,痹,2
1723,廷,6062,适,2
1724,建,6088,逮,2
1747,弧,1385,孤,2
1752,弱,6844,驹,2
1752,弱,6845,驺,2
1769,彧,2025,或,2
1778,役,5621,设,2
1780,彼,3035,波,2
1785,待,227,侍,2
1786,徇,4509,绚,2
1789,徊,4490,细,2
1798,徜,284,倘,2
1806,徼,4595,缴,2
1809,忄,1467,小,2
1810,必,3022,泌,2
1814,忍,1857,思,2
1825,忡,1629,帅,2
1827,忧,164,优,2
1829,快,1052,块,2
1829,快,1876,恍,2
1835,忻,1815,忏,2
1839,怀,2570,杯,2
1846,怊,1915,悟,2
1848,怎,1540,岳,2
1848,怎,1817,忑,2
1852,怕,2612,柏,2
1856,怜,182,伶,2
1862,性,3508,牲,2
1878,恒,2678,桓,2
1878,恒,3399,烜,2
1889,恪,3397,烙,2
1893,息,1906,悉,2
1910,悔,3118,海,2
1911,悖,1933,惇,2
1918,患,3293,漶,2
1919,悦,1876,恍,2
1930,悼,2731,棹,2
1932,惆,1938,惘,2
1936,惑,1970,感,2
1937,惕,1124,埸,2
1941,惝,1905,悄,2
1945,惧,1855,怛,2
1950,惭,3185,渐,2
1951,惮,3427,焯,2
1953,惰,1931,情,2
1956,惶,3433,煌,2
1957,惹,5257,薏,2
1960,愁,1954,想,2
1963,愉,5396,蝓,2
1966,意,4265,竟,2
1968,愕,1972,愣,2
1969,愚,7125,黑,2
1982,慑,2292,摄,2
1985,慢,3459,熳,2
1993,憎,1173,增,2
1995,憖,1960,愁,2
2010,懦,4433,糯,2
2015,戊,2017,戌,2
2015,戊,2018,戍,2
2017,戌,2021,成,2
2017,戌,3088,浅,2
2019,戎,2023,戒,2
2023,戒,2019,戎,2
2025,或,1736,式,2
2028,戚,785,咸,2
2046,扃,4740,肩,2
2052,手,3498,牛,2
2057,扒,2056,扑,2
2061,扛,2562,杠,2
2067,扫,2062,扣,2
2068,扬,2129,拘,2
2068,扬,3505,物,2
2070,扮,2123,拐,2
2076,扺,2105,抵,2
2076,扺,2110,抿,2
2079,承,1760,录,2
2080,技,2591,枝,2
2084,把,2104,抱,2
2085,抑,145,仰,2
2085,抑,2632,柳,2
2085,抑,6144,邶,2
2086,抒,2099,护,2
2086,抒,2140,拧,2
2089,投,2197,损,2
2092,折,2056,扑,2
2097,抡,2060,托,2
2098,抢,2598,枪,2
2098,抢,2636,栀,2
2100,报,2073,扳,2
2101,抨,2174,挥,2
2102,披,2100,报,2
2104,抱,2084,把,2
2104,抱,2097,抡,2
2108,押,2191,捍,2
2108,押,2619,柙,2
2109,抽,2121,拍,2
2110,抿,2076,扺,2
2110,抿,2100,报,2
2113,拄,2157,挂,2
2113,拄,2631,柱,2
2114,担,4186,租,2
2115,拆,2121,拍,2
2118,拉,1075,垃,2
2120,拌,2106,抹,2
2121,拍,2612,柏,2
2122,拎,2149,拴,2
2125,拓,2088,抔,2
2127,拖,2181,挹,2
2130,拙,2178,挫,2
2132,招,2125,拓,2
2135,拢,1077,垅,2
2136,拣,2642,栋,2
2139,拦,2118,拉,2
2140,拧,2624,柠,2
2143,括,2651,栝,2
2146,拯,2130,拙,2
2147,拱,3641,珙,2
2149,拴,2122,拎,2
2149,拴,2648,栓,2
2151,拷,2656,栲,2
2152,拼,2131,拚,2
2156,持,2175,挦,2
2157,挂,2113,拄,2
2158,指,2231,措,2
2160,按,2672,桉,2
2168,挟,2083,抉,2
2176,挨,2199,换,2
2178,挫,2113,拄,2
2178,挫,2157,挂,2
2179,振,2272,搌,2
2184,捂,2704,梧,2
2185,捃,2184,捂,2
2186,捅,2694,桷,2
2190,捌,2205,捯,2
2191,捍,1908,悍,2
2192,捎,2702,梢,2
2194,捐,2192,捎,2
2194,捐,2761,楫,2
2198,捡,2118,拉,2
2198,捡,2154,拾,2
2199,换,2188,捉,2
2202,捩,2179,振,2
2204,据,2110,抿,2
2204,据,2740,椐,2
2205,捯,2190,捌,2
2209,捺,2161,挎,2
2214,授,2150,拶,2
2215,掉,2239,掸,2
2215,掉,2731,棹,2
2216,掊,2252,揞,2
2225,探,1172,墚,2
2225,探,2174,挥,2
2229,推,1131,堆,2
2237,掴,2187,捆,2
2240,掺,2151,拷,2
2245,揉,2282,搡,2
2249,提,2265,揾,2
2269,搂,2768,楼,2
2284,搪,1156,塘,2
2288,携,2798,槜,2
2296,摈,2799,槟,2
2297,摊,2229,推,2
2300,摘,2234,掮,2
2309,撂,2301,摞,2
2313,撑,2239,掸,2
2313,撑,2317,撙,2
2319,撤,2312,撇,2
2322,播,2331,擂,2
2323,撮,2316,撖,2
2327,撸,2827,橹,2
2333,操,2225,探,2
2333,操,2239,掸,2
2333,操,3469,燥,2
2339,擞,3701,璈,2
2350,支,1721,廴,2
2350,支,2351,攴,2
2351,攴,2350,支,2
2355,改,2973,汶,2
2355,改,3612,玖,2
2355,改,3623,玫,2
2356,攻,1058,坟,2
2358,政,2356,攻,2
2359,故,2362,敌,2
2362,敌,2359,故,2
2364,救,2580,极,2
2364,救,2589,枚,2
2366,敖,2362,敌,2
2372,散,2376,数,2
2379,敷,2376,数,2
2380,文,1721,廴,2
2381,斋,4172,离,2
2401,方,82,亏,2
2403,施,4512,绝,2
2407,旅,2412,族,2
2423,旬,687,同,2
2427,旰,2429,旴,2
2439,昉,4741,肪,2
2447,昙,638,县,2
2448,昝,760,咎,2
2451,春,3959,眷,2
2452,昧,3956,眯,2
2458,昵,740,呢,2
2460,昼,1488,尽,2
2462,显,2456,昱,2
2464,晃,397,冕,2
2470,晔,807,哗,2
2478,晤,835,唔,2
2481,普,2465,晋,2
2485,晴,4818,腈,2
2486,晶,790,品,2
2489,晾,825,哼,2
2497,暗,851,唼,2
2505,曈,3780,疃,2
2512,曰,656,口,2
2515,更,690,吏,2
2517,曹,5121,菖,2
2524,朊,4744,肮,2
2525,朋,4787,胴,2
2526,服,4736,股,2
2527,朐,2435,昀,2
2527,朐,4789,胸,2
2535,木,2538,本,2
2537,末,34,丰,2
2537,末,4677,耒,2
2538,本,34,丰,2
2538,本,1628,布,2
2538,本,2535,木,2
2542,朴,2587,林,2
2545,朽,2551,杉,2
2547,杂,2543,朵,2
2554,杏,2626,查,2
2555,材,2556,村,2
2557,杓,2581,构,2
2558,杖,2074,扶,2
2561,束,2628,柬,2
2561,束,4677,耒,2
2562,杠,2061,扛,2
2562,杠,2559,杜,2
2564,来,4391,米,2
2569,杭,2552,杌,2
2571,杰,444,击,2
2574,杵,2549,杆,2
2575,杷,2084,把,2
2576,杻,2069,扭,2
2580,极,2548,权,2
2581,构,2129,拘,2
2582,枇,2075,批,2
2584,枋,2551,杉,2
2584,枋,2555,材,2
2587,林,2555,材,2
2587,林,2556,村,2
2590,果,2572,杲,2
2591,枝,2653,校,2
2593,枢,2670,框,2
2598,枪,2098,抢,2
2601,枯,2618,柘,2
2607,枸,2557,杓,2
2607,枸,2647,栒,2
2610,柄,2588,枘,2
2611,柈,2120,拌,2
2612,柏,2121,拍,2
2613,某,5019,茉,2
2615,柒,2543,朵,2
2616,染,2543,朵,2
2618,柘,2125,拓,2
2620,柚,2109,抽,2
2621,柜,2593,枢,2
2631,柱,2583,枉,2
2631,柱,2645,栏,2
2633,柴,2615,柒,2
2633,柴,4441,紫,2
2635,柿,2584,枋,2
2647,栒,2607,枸,2
2648,栓,2645,栏,2
2650,栗,4405,粟,2
2655,株,2574,杵,2
2658,样,2775,榉,2
2660,根,2110,抿,2
2660,根,2718,棍,2
2662,栽,5981,载,2
2666,桂,2675,桎,2
2669,桅,2598,枪,2
2676,桐,3934,相,2
2677,桑,2079,承,2
2678,桓,2612,柏,2
2679,桔,2145,拮,2
2680,桕,2612,柏,2
2694,桷,2693,桶,2
2698,梆,6144,邶,2
2705,梨,3515,犁,2
2706,梭,2653,校,2
2708,械,2801,槭,2
2713,检,2648,栓,2
2718,棍,2660,根,2
2720,棕,2737,椋,2
2720,棕,4416,粽,2
2728,棰,2207,捶,2
2729,棱,2653,校,2
2729,棱,2706,梭,2
2729,棱,4159,祾,2
2732,棺,2783,榨,2
2739,椎,4209,稚,2
2741,椑,2203,捭,2
2741,椑,2731,棹,2
2746,椭,2800,槠,2
2747,椰,6175,郴,2
2752,楂,2738,植,2
2760,楦,2247,揎,2
2764,楱,2780,榛,2
2770,概,1988,慨,2
2772,榆,1963,愉,2
2773,榇,2700,梓,2
2780,榛,2282,搡,2
2788,榷,2302,摧,2
2808,樟,2700,梓,2
2833,檑,2331,擂,2
2836,檩,2829,檀,2
2843,欣,4749,肷,2
2845,欧,5563,觋,2
2859,正,1614,巨,2
2900,比,559,北,2
2900,比,2860,此,2
2918,氏,558,化,2
2920,民,1487,尼,2
2920,民,4927,艮,2
2921,氓,3635,珉,2
2927,氚,2925,氘,2
2930,氡,2938,氮,2
2933,氦,2937,氪,2
2935,氨,2937,氪,2
2939,氯,2934,氧,2
2939,氯,2935,氨,2
2946,汀,6504,门,2
2952,汉,2953,汊,2
2953,汊,2952,汉,2
2954,汐,2973,汶,2
2955,汔,5605,讫,2
2961,汞,2944,永,2
2966,汨,3039,泪,2
2968,汪,3038,注,2
2969,汭,4472,纳,2
2973,汶,2952,汉,2
2976,汾,4476,纷,2
2979,沃,2970,汰,2
2983,沈,3101,浓,2
2991,沙,140,以,2
2991,沙,4470,纱,2
2993,沛,3127,涑,2
2995,没,2971,汲,2
2999,沦,4475,纶,2
3004,沫,2996,沣,2
3006,沮,4488,组,2
3009,河,2964,污,2
3010,沸,5610,讲,2
3012,治,415,冶,2
3012,治,3015,沾,2
3012,治,3084,洽,2
3015,沾,3014,沽,2
3015,沾,4263,站,2
3017,泃,2994,沟,2
3017,泃,3009,河,2
3018,泄,2963,池,2
3026,法,3040,泫,2
3026,法,3055,洁,2
3029,泚,2990,沘,2
3030,泛,3033,泠,2
3033,泠,416,冷,2
3036,泣,3038,注,2
3036,泣,3153,淀,2
3037,泥,3042,泯,2
3038,注,2975,汽,2
3039,泪,3060,洎,2
3039,泪,3067,洞,2
3041,泮,2996,沣,2
3045,泳,410,冰,2
3046,泵,3020,泉,2
3049,泸,3003,沪,2
3051,泻,3290,漯,2
3051,泻,5662,诨,2
3053,泽,3102,浔,2
3055,洁,3145,涪,2
3058,洋,3041,泮,2
3059,洌,419,冽,2
3063,洗,3090,浇,2
3067,洞,425,凋,2
3067,洞,5688,调,2
3068,洣,3064,洙,2
3085,派,3031,泜,2
3087,浃,3134,涞,2
3088,浅,4483,线,2
3094,测,3059,洌,2
3098,浐,3049,泸,2
3101,浓,2983,沈,2
3104,浙,823,哳,2
3104,浙,2398,断,2
3108,浠,3156,淆,2
3110,浣,3120,浼,2
3115,浮,424,凉,2
3122,涅,3223,湿,2
3123,消,3128,涓,2
3124,涉,3098,浐,2
3127,涑,5699,谏,2
3134,涞,3004,沫,2
3134,涞,3087,浃,2
3140,涤,3121,涂,2
3142,涧,3209,湎,2
3142,涧,5656,询,2
3147,涮,3059,洌,2
3150,涵,2974,汹,2
3151,涸,3056,洄,2
3152,涿,5681,诼,2
3153,淀,3036,泣,2
3160,淏,3218,湨,2
3162,淖,3058,洋,2
3171,淫,5718,谣,2
3173,淮,422,准,2
3174,深,3290,漯,2
3187,渔,3201,渲,2
3192,渠,2615,柒,2
3197,温,3187,渔,2
3199,渭,3128,涓,2
3204,渺,3940,眇,2
3204,渺,4554,缈,2
3208,湍,5911,踹,2
3217,湟,3122,涅,2
3218,湨,3243,溴,2
3222,湾,1751,弯,2
3225,溅,5781,贱,2
3227,溇,5684,诿,2
3228,溉,1988,慨,2
3232,溜,3154,淄,2
3235,溢,3210,湓,2
3244,溶,3145,涪,2
3258,滔,5689,谄,2
3270,滦,3238,溧,2
3271,滨,3282,演,2
3272,滩,3333,濉,2
3275,滴,3258,滔,2
3277,漂,429,凛,2
3277,漂,3238,溧,2
3277,漂,3290,漯,2
3286,漩,2409,旋,2
3286,漩,3299,潍,2
3315,潽,5732,谱,2
3326,澳,1238,奥,2
3334,濑,3291,漱,2
3359,灶,4130,社,2
3365,炅,2438,昆,2
3375,炝,1845,怆,2
3375,炝,3380,炮,2
3376,炟,1855,怛,2
3381,炯,798,响,2
3382,炱,1858,怠,2
3386,点,1221,奂,2
3387,炻,3378,炬,2
3394,烈,5503,裂,2
3399,烜,1878,恒,2
3403,烦,3378,炬,2
3410,烯,4200,稀,2
3412,烹,101,享,2
3414,烽,3395,烊,2
3416,焊,3395,烊,2
3417,焌,1913,悛,2
3421,焖,6518,闷,2
3433,煌,1956,惶,2
3446,煽,3444,煸,2
3459,熳,1985,慢,2
3473,爆,3469,燥,2
3478,爰,3479,爱,2
3481,父,47,久,2
3482,爷,682,各,2
3482,爷,2395,斧,2
3482,爷,5738,谷,2
3498,牛,87,井,2
3501,牡,3508,牲,2
3504,牧,3505,物,2
3505,物,3760,畅,2
3508,牲,3501,牡,2
3510,特,1874,恃,2
3510,特,3507,牯,2
3517,犊,2743,椟,2
3524,犬,1205,大,2
3530,犷,2065,扩,2
3537,狈,3536,狄,2
3539,狍,2104,抱,2
3539,狍,3543,狗,2
3543,狗,2129,拘,2
3544,狙,3561,狸,2
3546,狞,2140,拧,2
3546,狞,3550,狩,2
3552,狭,2168,挟,2
3559,狴,2178,挫,2
3568,猇,2271,搋,2
3573,猖,3560,狷,2
3592,猾,3560,狷,2
3599,獠,2320,撩,2
3605,玄,83,云,2
3605,玄,96,亥,2
3605,玄,1672,幺,2
3606,率,6011,辛,2
3607,玉,83,云,2
3621,玦,5623,诀,2
3622,玩,1051,坑,2
3622,玩,5609,记,2
3629,玷,3613,玙,2
3631,玻,5638,诐,2
3633,珂,1071,坷,2
3635,珉,2921,氓,2
3656,琉,3670,琬,2
3671,琮,3164,淙,2
3676,琵,3677,琶,2
3676,琵,3689,瑟,2
3678,琼,3671,琮,2
3683,瑗,3694,瑷,2
3685,瑚,3212,湖,2
3689,瑟,2902,毖,2
3693,瑶,5718,谣,2
3704,璐,3303,潞,2
3717,瓜,373,公,2
3728,瓷,3724,瓮,2
3749,田,3742,用,2
3750,由,6022,边,2
3752,申,3750,由,2
3752,申,3751,甲,2
3753,电,3752,申,2
3755,甸,552,匆,2
3759,畀,3763,界,2
3770,畜,1443,富,2
3772,畦,3955,眭,2
3777,畸,1568,崎,2
3784,疏,6857,骇,2
3794,疠,3801,疬,2
3800,疫,3791,疚,2
3812,疹,3850,瘆,2
3815,疾,3838,痪,2
3820,症,3828,痖,2
3822,痉,3805,疰,2
3823,痊,3790,疙,2
3823,痊,3805,疰,2
3830,痛,3839,痫,2
3831,痞,3812,疹,2
3832,痢,3852,瘌,2
3856,瘘,3845,痿,2
3871,瘴,3825,痒,2
3875,瘾,3878,癃,2
3890,白,4875,自,2
3892,皂,6273,钅,2
3895,皇,726,呈,2
3897,皋,4876,臬,2
3899,皑,3901,皖,2
3908,皿,5457,血,2
3910,盅,5338,蛊,2
3911,盆,3920,盒,2
3911,盆,6935,鱼,2
3922,盖,3914,益,2
3930,盯,3931,盱,2
3931,盱,2429,旴,2
3932,盲,4237,窅,2
3933,直,3948,真,2
3933,直,5006,苴,2
3936,盼,708,吩,2
3937,盾,5772,质,2
3944,看,2451,春,2
3952,眨,3968,睑,2
3959,眷,2451,春,2
3959,眷,6963,鲞,2
3961,眺,3951,眦,2
3963,着,3944,看,2
3967,睐,3956,眯,2
3969,睚,3958,眶,2
3978,睬,3967,睐,2
3979,睹,2497,暗,2
3991,瞟,4852,膘,2
3993,瞢,5204,蓇,2
3999,瞭,963,嘹,2
4002,瞵,4858,膦,2
4010,矢,1206,天,2
4014,矩,6294,钜,2
4019,石,671,右,2
4024,矾,4020,矶,2
4024,矾,4033,砒,2
4048,砭,4060,硁,2
4050,砰,4036,砗,2
4058,砾,4036,砗,2
4060,硁,4057,砼,2
4063,硌,6213,酪,2
4067,硕,4031,砍,2
4084,碑,5519,裨,2
4086,碗,3778,畹,2
4094,碥,4076,确,2
4096,碰,4104,磁,2
4108,磋,4104,磁,2
4119,礁,4085,碓,2
4127,示,97,亦,2
4127,示,1370,子,2
4149,祥,2658,样,2
4155,祷,6380,铸,2
4171,禺,2444,易,2
4174,禾,56,乐,2
4174,禾,2052,手,2
4174,禾,4127,示,2
4183,秒,4180,秋,2
4183,秒,4181,种,2
4183,秒,4185,秘,2
4184,秕,2075,批,2
4186,租,4400,粗,2
4188,秤,4178,秆,2
4188,秤,4182,科,2
4189,秦,2673,桊,2
4189,秦,4438,素,2
4190,秧,4191,秩,2
4194,积,2603,枳,2
4196,秸,2679,桔,2
4197,移,4196,秸,2
4197,移,4216,稻,2
4198,秽,4197,移,2
4201,稂,2660,根,2
4202,稃,2692,桴,2
4203,稆,4194,积,2
4212,稣,6210,酥,2
4213,稳,4207,稔,2
4226,穴,2840,欠,2
4231,空,1422,室,2
4234,突,1417,实,2
4241,窑,4244,窖,2
4248,窝,4361,篙,2
4260,立,6021,辶,2
4270,竭,5702,谒,2
4271,端,4531,绱,2
4272,竹,1038,圹,2
4274,竽,4275,竿,2
4276,笃,6871,骘,2
4288,笞,4313,答,2
4290,笤,1838,忿,2
4293,笨,4314,策,2
4295,笫,4296,第,2
4296,第,4314,策,2
4306,等,4327,筹,2
4310,筐,4300,笸,2
4313,答,4288,笞,2
4319,筝,77,争,2
4319,筝,4281,笋,2
4330,签,1573,崟,2
4330,签,5105,莶,2
4331,简,4298,笱,2
4341,管,4346,箩,2
4348,箫,4335,箓,2
4351,箱,4340,箝,2
4352,箴,1427,宬,2
4360,篓,4301,笺,2
4361,篙,4370,篱,2
4371,篷,6085,逢,2
4391,米,2541,朱,2
4395,籽,4678,耔,2
4399,粕,2680,桕,2
4399,粕,4401,粘,2
4414,粹,4398,粒,2
4425,糕,4398,粒,2
4425,糕,4424,糍,2
4426,糖,2284,搪,2
4426,糖,4431,糠,2
4438,素,1381,孝,2
4453,纟,68,乡,2
4456,红,2962,江,2
4456,红,5601,讧,2
4458,纤,4455,纡,2
4460,约,2954,汐,2
4461,级,157,伋,2
4461,级,5762,贝,2
4465,纫,135,仞,2
4471,纲,5620,讽,2
4475,纶,2999,沦,2
4476,纷,4506,绗,2
4479,纺,1777,彷,2
4480,纻,177,伫,2
4481,纽,6312,钮,2
4483,线,6790,饯,2
4485,绁,4484,绀,2
4487,练,417,冻,2
4488,组,189,但,2
4488,组,4481,纽,2
4488,组,5628,诅,2
4492,终,205,佟,2
4494,绊,149,件,2
4497,绍,5637,诏,2
4498,绎,5639,译,2
4499,经,3054,泾,2
4499,经,4464,纪,2
4500,绐,5640,诒,2
4502,绒,4550,缄,2
4505,绕,236,侥,2
4508,给,4500,绐,2
4511,络,3066,洛,2
4512,绝,4475,纶,2
4516,绡,4517,绢,2
4520,绥,4563,缓,2
4522,继,4496,绌,2
4524,绩,3183,渍,2
4527,续,5680,读,2
4530,绰,296,倬,2
4534,维,5686,谁,2
4538,绸,425,凋,2
4538,绸,5688,调,2
4546,缀,863,啜,2
4550,缄,4097,碱,2
4550,缄,5648,诚,2
4555,缉,4517,绢,2
4568,缘,3045,泳,2
4568,缘,4542,综,2
4580,缥,3277,漂,2
4582,缧,3290,漯,2
4583,缨,3285,漤,2
4593,缲,3323,澡,2
4595,缴,331,傲,2
4628,羔,3922,盖,2
4634,群,6014,辟,2
4634,群,6167,郡,2
4653,翚,4655,翠,2
4659,翩,4660,翮,2
4674,而,6633,雨,2
4675,耍,1281,委,2
4677,耒,2564,来,2
4685,耠,4684,耜,2
4692,耪,2781,榜,2
4698,耶,6135,邪,2
4727,肓,3932,盲,2
4728,肖,1473,尚,2
4732,肜,1767,彤,2
4733,肝,4754,肿,2
4734,肟,4741,肪,2
4736,股,4788,胶,2
4744,肮,4741,肪,2
4747,育,3932,盲,2
4747,育,6710,音,2
4748,肴,1632,希,2
4750,肺,4757,胂,2
4763,胎,3946,眙,2
4763,胎,4741,肪,2
4764,胖,4754,肿,2
4771,胞,4739,肥,2
4771,胞,6762,飑,2
4776,胨,4798,脎,2
4785,胲,3953,眩,2
4789,胸,4735,肠,2
4795,脉,5745,豚,2
4799,脏,4767,胚,2
4811,脯,2477,晡,2
4811,脯,4833,腩,2
4812,脱,4784,胱,2
4826,腔,4829,腚,2
4836,腰,4790,胺,2
4839,腹,4809,脧,2
4844,腾,5421,螣,2
4845,腿,3445,煺,2
4869,臊,3966,睇,2
4873,臣,1614,巨,2
4878,至,3607,玉,2
4878,至,5740,豆,2
4879,致,2358,政,2
4879,致,4478,纹,2
4889,舌,657,古,2
4908,舱,4911,舵,2
4910,舴,4916,舻,2
4913,舷,4903,舫,2
4922,艏,4918,艄,2
4923,艘,4904,般,2
4934,艺,4946,芑,2
4947,芒,4934,艺,2
4947,芒,4945,芏,2
4949,芘,5018,茈,2
4954,芡,5033,茨,2
4957,芦,4938,节,2
4962,芬,4979,苈,2
4965,芯,1820,志,2
4965,芯,5241,蕊,2
4968,芳,4944,芎,2
4972,芹,4956,芥,2
4983,苍,1623,巷,2
4983,苍,4995,苞,2
4986,苑,5171,葩,2
5002,苦,5003,苫,2
5004,苯,5042,茶,2
5005,英,4950,芙,2
5008,苹,4624,羊,2
5008,苹,4957,芦,2
5012,茂,5223,蔑,2
5021,茎,1126,基,2
5035,茬,5054,荐,2
5038,茱,5066,荣,2
5040,茴,4996,苟,2
5044,茹,5014,茄,2
5052,草,5090,莘,2
5054,荐,4671,者,2
5056,荒,5045,茺,2
5059,荚,4950,芙,2
5062,荞,385,养,2
5064,荠,5062,荞,2
5066,荣,5019,茉,2
5066,荣,5042,茶,2
5067,荤,5141,萆,2
5076,荭,5039,茳,2
5081,荻,5156,萩,2
5082,荼,5042,茶,2
5082,荼,5148,萘,2
5083,荽,5097,莩,2
5086,莉,479,刹,2
5099,莫,5075,荬,2
5102,莲,6042,连,2
5117,菊,5140,萄,2
5117,菊,5169,葡,2
5123,菜,5038,茱,2
5129,菩,4989,苔,2
5133,菲,6668,非,2
5145,萎,5083,荽,2
5152,营,5088,莒,2
5167,葛,5104,莴,2
5169,葡,554,匍,2
5170,董,5265,薰,2
5172,葫,4772,胡,2
5179,葸,5199,蒽,2
5186,蒌,5145,萎,2
5190,蒜,5073,荪,2
5207,蓍,4672,耆,2
5208,蓐,6020,辱,2
5225,蔗,1704,庶,2
5231,蔷,5113,菁,2
5249,蕴,6997,鳁,2
5258,薛,5051,荇,2
5258,薛,5272,藓,2
5259,薜,5258,薛,2
5281,蘑,5225,蔗,2
5292,虑,5289,虎,2
5303,虻,5304,虼,2
5304,虼,5303,虻,2
5309,蚁,5311,蚊,2
5311,蚊,5349,蛟,2
5313,蚌,5346,蛙,2
5316,蚕,5339,蛋,2
5326,蚯,5301,虹,2
5338,蛊,3910,盅,2
5343,蛑,5345,蛘,2
5347,蛛,5313,蚌,2
5355,蛱,5322,蚨,2
5366,蜈,1314,娱,2
5366,蜈,5381,蜣,2
5393,蝉,5385,蜱,2
5393,蝉,5410,蝾,2
5395,蝎,5374,蜗,2
5399,蝠,1658,幅,2
5402,蝥,5423,螫,2
5406,蝶,5410,蝾,2
5423,螫,5426,螯,2
5428,螵,5406,蝶,2
5431,蟀,5343,蛑,2
5431,蟀,5363,蜂,2
5434,蟋,5439,蟠,2
5437,蟓,5448,蠓,2
5439,蟠,5434,蟋,2
5440,蟥,5379,蜡,2
5445,蠃,5828,赢,2
5448,蠓,5437,蟓,2
5463,街,5462,衔,2
5465,衡,5462,衔,2
5468,衤,5467,衣,2
5472,衫,5491,袗,2
5473,衬,2556,村,2
5474,衮,366,兖,2
5475,衰,789,哀,2
5475,衰,5477,衷,2
5477,衷,789,哀,2
5488,袍,3380,炮,2
5490,袖,4145,神,2
5496,被,1780,彼,2
5498,袯,4138,祓,2
5500,袷,5516,裣,2
5511,裕,5500,袷,2
5516,裣,4077,硷,2
5523,裴,5504,装,2
5527,裾,5513,裙,2
5530,褐,5526,裼,2
5531,褒,5509,裒,2
5538,褪,3445,煺,2
5550,西,5457,血,2
5555,观,2842,欢,2
5555,观,3626,现,2
5560,览,4285,笕,2
5562,觊,436,凯,2
5581,言,2404,旁,2
5595,计,113,什,2
5596,订,6504,门,2
5597,讣,5598,认,2
5599,讥,2958,汛,2
5601,讧,4456,红,2
5602,讨,4457,纣,2
5603,让,2992,沚,2
5603,让,5624,证,2
5605,讫,4459,纥,2
5608,讯,6028,迅,2
5609,记,2950,汇,2
5609,记,2962,江,2
5611,讳,4466,纬,2
5614,讶,171,伢,2
5614,讶,3618,玡,2
5617,讹,2990,沘,2
5618,论,5619,讼,2
5621,设,2973,汶,2
5622,访,4479,纺,2
5622,访,5632,诊,2
5623,诀,3621,玦,2
5624,证,1782,征,2
5624,证,2997,沤,2
5624,证,5613,讵,2
5627,评,3041,泮,2
5627,评,5600,讦,2
5628,诅,3080,洹,2
5628,诅,4488,组,2
5631,诉,2978,沂,2
5632,诊,3637,珍,2
5635,词,5626,诃,2
5639,译,5627,评,2
5639,译,5660,详,2
5645,诗,3102,浔,2
5645,诗,3109,浡,2
5646,诘,5669,诰,2
5649,诛,3068,洣,2
5651,话,3015,沾,2
5651,话,5633,诋,2
5651,话,5666,语,2
5656,询,3644,珣,2
5659,该,1083,垓,2
5659,该,3040,泫,2
5660,详,5616,许,2
5661,诧,1086,垞,2
5661,诧,3260,滗,2
5668,误,5675,诶,2
5669,诰,4503,结,2
5670,诱,4518,绣,2
5670,诱,6071,透,2
5676,请,294,倩,2
5676,请,6665,靖,2
5679,诺,3190,渚,2
5683,课,3174,深,2
5684,诿,297,倭,2
5688,调,425,凋,2
5688,调,3151,涸,2
5707,谗,6816,馋,2
5718,谣,3171,淫,2
5724,谩,4581,缦,2
5727,谬,3699,璆,2
5735,谴,4592,缱,2
5762,贝,5554,见,2
5764,负,736,员,2
5764,负,5763,贞,2
5764,负,6713,页,2
5765,贡,6713,页,2
5767,责,5782,贲,2
5771,货,5787,贷,2
5772,质,1494,屃,2
5775,贫,5774,贪,2
5791,贻,5784,贴,2
5792,贼,5781,贱,2
5807,赋,5792,贼,2
5815,赔,3423,焙,2
5831,赦,2368,敛,2
5831,赦,5832,赧,2
5836,走,6024,达,2
5852,足,6037,还,2
5868,跑,3380,炮,2
5872,跛,5859,趿,2
5879,跪,5868,跑,2
5883,跳,3961,眺,2
5886,跷,6797,饶,2
5889,跺,5874,跞,2
5934,蹭,5826,赠,2
5952,身,3496,牙,2
5958,车,22,东,2
5961,轩,3611,玕,2
5982,轾,5979,轻,2
5992,辈,5991,辇,2
6007,辗,6008,辘,2
6016,辨,6017,辩,2
6018,辫,6016,辨,2
6020,辱,1697,庤,2
6025,迁,2968,汪,2
6026,迂,6029,过,2
6028,迅,5608,讯,2
6033,近,6030,迈,2
6034,迓,6026,迂,2
6035,返,6030,迈,2
6038,这,6035,返,2
6048,迨,6065,逅,2
6056,迷,6073,逑,2
6058,迹,6057,迸,2
6061,送,6066,逆,2
6061,送,6081,逞,2
6062,适,6071,透,2
6074,递,6097,遂,2
6075,途,6049,迩,2
6077,逗,6081,逞,2
6078,通,6094,逼,2
6081,逞,6027,迄,2
6081,逞,6066,逆,2
6082,速,6056,迷,2
6083,造,6090,逵,2
6085,逢,6075,途,2
6092,逸,6040,远,2
6093,逻,6101,遏,2
6094,逼,6077,逗,2
6097,遂,6121,邃,2
6105,道,6070,逍,2
6110,遣,5735,谴,2
6111,遥,6081,逞,2
6114,遮,1704,庶,2
6124,邑,4930,色,2
6130,邝,6127,邗,2
6134,邦,6150,邾,2
6138,邯,6137,邮,2
6144,邶,6147,邺,2
6148,邻,6146,邹,2
6156,郊,2360,效,2
6157,郎,607,即,2
6158,郏,6134,邦,2
6167,郡,6143,邵,2
6177,都,6151,郁,2
6180,鄂,6164,郛,2
6218,酱,1355,嫠,2
6224,酸,3898,皎,2
6231,醉,6226,酽,2
6232,醋,6223,酷,2
6240,醢,6245,醯,2
6250,采,2052,手,2
6252,释,2133,拜,2
6259,鉴,3919,监,2
6270,鏖,7107,麈,2
6282,钎,6276,针,2
6286,钓,6280,钌,2
6292,钚,6277,钉,2
6294,钜,4014,矩,2
6297,钟,4489,绅,2
6298,钠,4472,纳,2
6298,钠,6286,钓,2
6298,钠,6300,钢,2
6299,钡,6304,钦,2
6307,钩,6286,钓,2
6325,钻,4263,站,2
6325,钻,6309,钫,2
6325,钻,6318,钴,2
6325,钻,6354,铝,2
6326,钼,6303,钥,2
6328,钾,4489,绅,2
6330,铀,3011,油,2
6330,铀,5972,轴,2
6331,铁,6349,铗,2
6332,铂,6346,铒,2
6333,铃,3627,玲,2
6335,铅,4500,绐,2
6339,铊,6371,铯,2
6343,铎,6399,锋,2
6348,铖,6324,钺,2
6349,铗,6331,铁,2
6352,铛,4493,绉,2
6353,铜,6300,钢,2
6353,铜,6303,钥,2
6354,铝,4491,织,2
6355,铞,6393,锅,2
6360,铣,6349,铗,2
6373,铱,6406,锒,2
6373,铱,6802,饻,2
6389,锁,3660,琐,2
6395,锇,6805,饿,2
6397,锉,6387,铿,2
6399,锋,4510,绛,2
6414,锚,6413,错,2
6432,锭,4543,绽,2
6433,键,313,健,2
6434,锯,5899,踞,2
6445,锻,6427,锨,2
6462,镍,4521,绦,2
6462,镍,6425,锦,2
6477,镜,4514,统,2
6477,镜,6404,锐,2
6477,镜,6460,镋,2
6478,镝,6465,镐,2
6480,镟,6479,镞,2
6494,镭,6464,镏,2
6496,镰,3332,濂,2
6497,镱,6477,镜,2
6503,长,1485,尺,2
6504,门,390,冂,2
6509,问,692,向,2
6509,问,6518,闷,2
6511,闰,6507,闫,2
6518,闷,6515,间,2
6520,闹,6512,闱,2
6521,闺,6526,闿,2
6522,闻,6543,阐,2
6525,闾,5635,词,2
6525,闾,6537,阊,2
6531,阄,6543,阐,2
6532,阅,6511,闰,2
6532,阅,6525,闾,2
6543,阐,6519,闸,2
6543,阐,6522,闻,2
6544,阑,6524,闽,2
6554,阝,601,卩,2
6561,防,6585,陟,2
6576,陈,6573,际,2
6578,陋,3383,炳,2
6583,陕,3087,浃,2
6591,险,6586,陡,2
6598,陷,6579,陌,2
6602,隋,1953,惰,2
6603,隍,6589,陧,2
6615,隹,192,住,2
6619,雀,5147,萑,2
6619,雀,6624,雇,2
6620,雁,6621,雄,2
6623,集,6616,隼,2
6631,雕,3972,睢,2
6631,雕,6244,醮,2
6639,雷,6648,霉,2
6671,面,5457,血,2
6673,革,5008,苹,2
6717,项,6714,顶,2
6717,项,6720,顼,2
6724,颀,2843,欣,2
6730,领,6719,须,2
6730,领,6725,颁,2
6730,领,6726,颂,2
6730,领,6736,颌,2
6742,颔,6730,领,2
6743,颖,2851,款,2
6763,飒,5620,讽,2
6790,饯,5781,贱,2
6790,饯,6315,钱,2
6791,饰,6787,饬,2
6797,饶,6351,铙,2
6801,饺,4513,绞,2
6801,饺,6802,饻,2
6805,饿,248,俄,2
6810,馅,6819,馏,2
6812,馇,904,喳,2
6818,馍,6455,镆,2
6819,馏,6464,镏,2
6826,首,2421,旨,2
6826,首,2445,昔,2
6826,首,3932,盲,2
6829,香,2626,查,2
6833,驭,1380,孜,2
6847,驼,6839,驴,2
6847,驼,7049,鸵,2
6849,驾,827,哿,2
6849,驾,4276,笃,2
6849,驾,6853,骂,2
6864,骏,6857,骇,2
6883,骤,6867,骒,2
6928,魇,1703,庵,2
6962,鲜,6944,鲆,2
6972,鲧,6971,鲦,2
6976,鲫,6958,鲕,2
7017,鳖,7019,鳘,2
7036,鸦,7040,鸫,2
7048,鸳,1863,怨,2
7054,鸺,7046,鸱,2
7055,鸻,7066,鹆,2
7057,鸽,7053,鸹,2
7057,鸽,7066,鹆,2
7059,鸿,7033,鸣,2
7070,鹊,7071,鹋,2
7088,鹣,7068,鹈,2
7089,鹤,7038,鸩,2
7090,鹦,7078,鹗,2
7110,麓,4379,簏,2
7113,麦,28,丧,2
7122,黍,1823,忝,2
7125,黑,1176,墨,2
7125,黑,4619,罴,2
7148,鼓,5742,豉,2
7166,齐,59,乔,2
7184,龟,7142,黾,2
1,一,92,亠,1
3,七,50,义,1
3,七,66,也,1
3,七,93,亡,1
3,七,1184,士,1
3,七,1476,尢,1
3,七,1735,弋,1
4,万,8,下,1
4,万,94,亢,1
4,万,449,刁,1
4,万,664,召,1
4,万,2393,斤,1
6,三,51,之,1
6,三,92,亠,1
6,三,3608,王,1
7,上,45,乂,1
7,上,79,二,1
7,上,598,卤,1
7,上,656,口,1
7,上,2858,止,1
7,上,6780,饣,1
8,下,37,丶,1
8,下,53,乍,1
8,下,1184,士,1
8,下,6771,飞,1
9,丌,4,万,1
9,丌,87,井,1
10,不,8,下,1
10,不,49,么,1
10,不,62,乙,1
10,不,2538,本,1
11,与,594,占,1
11,与,5958,车,1
13,丑,602,卫,1
13,丑,1616,巫,1
13,丑,2419,旦,1
14,专,55,乏,1
14,专,7113,麦,1
15,且,1013,围,1
15,且,2895,母,1
15,且,3740,生,1
15,且,3908,皿,1
15,且,3929,目,1
15,且,5554,见,1
16,丕,6037,还,1
17,世,1247,如,1
17,世,2895,母,1
18,丘,565,匡,1
18,丘,602,卫,1
18,丘,1612,左,1
18,丘,4260,立,1
18,丘,4453,纟,1
19,丙,2394,斥,1
19,丙,5550,西,1
19,丙,6193,酉,1
20,业,65,乞,1
20,业,89,亚,1
20,业,2900,比,1
21,丛,4453,纟,1
22,东,2052,手,1
22,东,2537,末,1
22,东,2561,束,1
22,东,3948,真,1
23,丝,4273,竺,1
23,丝,5457,血,1
25,丢,1407,宏,1
25,丢,2905,毛,1
25,丢,6273,钅,1
26,两,583,协,1
26,两,649,取,1
27,严,1484,尹,1
27,严,4957,芦,1
28,丧,870,啬,1
28,丧,4931,艳,1
28,丧,4982,苌,1
28,丧,5767,责,1
29,丨,1809,忄,1
30,个,372,八,1
30,个,576,千,1
30,个,6780,饣,1
31,丫,30,个,1
31,丫,75,了,1
31,丫,111,亻,1
31,丫,4624,羊,1
32,丬,67,习,1
32,丬,3487,爿,1
33,中,2858,止,1
34,丰,33,中,1
34,丰,1456,寸,1
34,丰,2052,手,1
34,丰,2386,斗,1
34,丰,2538,本,1
34,丰,6702,韦,1
35,串,69,书,1
35,串,3069,津,1
35,串,3134,涞,1
36,临,1852,怕,1
36,临,1894,恰,1
36,临,6718,顺,1
38,丸,64,九,1
39,丹,393,冉,1
39,丹,432,凡,1
39,丹,1725,廾,1
39,丹,2386,斗,1
39,丹,2895,母,1
40,为,38,丸,1
40,为,408,冬,1
40,为,453,切,1
40,为,1758,归,1
40,为,4460,约,1
41,主,2905,毛,1
41,主,2943,氵,1
41,主,3740,生,1
41,主,4260,立,1
41,主,4453,纟,1
41,主,6021,辶,1
41,主,6273,钅,1
42,丽,623,厕,1
42,丽,1577,崩,1
42,丽,6216,酯,1
43,举,3509,牵,1
43,举,4381,簟,1
43,举,4624,羊,1
44,丿,2053,扌,1
45,乂,2953,汊,1
45,乂,7170,龁,1
46,乃,390,冂,1
46,乃,643,及,1
46,乃,3036,泣,1
47,久,0,々,1
47,久,374,六,1
47,久,1206,天,1
47,久,2840,欠,1
47,久,4010,矢,1
49,么,7172,龄,1
50,义,5,丈,1
50,义,2380,文,1
50,义,3353,火,1
51,之,0,々,1
51,之,355,元,1
51,之,1399,它,1
51,之,1672,幺,1
51,之,2352,攵,1
51,之,2943,氵,1
51,之,5594,讠,1
52,乌,6136,邬,1
53,乍,94,亢,1
53,乍,151,任,1
54,乎,168,伞,1
54,乎,1398,宁,1
55,乏,93,亡,1
55,乏,127,仓,1
55,乏,134,仝,1
55,乏,209,佥,1
55,乏,355,元,1
55,乏,4260,立,1
56,乐,1375,字,1
56,乐,3937,盾,1
56,乐,4897,舟,1
58,乓,1263,妥,1
58,乓,1896,恶,1
58,乓,3355,灭,1
59,乔,359,先,1
60,乖,2948,求,1
60,乖,2993,沛,1
61,乘,746,味,1
61,乘,2079,承,1
61,乘,2617,柔,1
61,乘,3522,犟,1
61,乘,4179,秉,1
61,乘,4314,策,1
62,乙,4928,良,1
62,乙,4937,艿,1
63,乜,66,也,1
64,九,514,力,1
64,九,1476,尢,1
64,九,1811,忆,1
65,乞,122,今,1
65,乞,134,仝,1
65,乞,4233,窀,1
65,乞,4453,纟,1
65,乞,6273,钅,1
66,也,1622,巴,1
66,也,6022,边,1
67,习,448,刀,1
67,习,667,可,1
68,乡,1200,多,1
69,书,1038,圹,1
69,书,5010,茀,1
69,书,6702,韦,1
70,乩,2055,扎,1
71,买,716,吴,1
71,买,1206,天,1
71,买,1417,实,1
71,买,1739,引,1
71,买,6044,迢,1
75,了,4,万,1
75,了,1738,弓,1
75,了,2943,氵,1
76,予,2600,枭,1
76,予,2942,水,1
77,争,456,刍,1
77,争,2935,氨,1
78,事,1187,声,1
78,事,2561,束,1
78,事,6702,韦,1
79,二,6,三,1
79,二,1611,工,1
80,亍,81,于,1
80,亍,1667,干,1
80,亍,2052,手,1
81,于,1371,孑,1
81,于,1483,尸,1
81,于,2052,手,1
82,亏,4,万,1
82,亏,76,予,1
82,亏,99,亨,1
82,亏,674,号,1
82,亏,4669,考,1
83,云,374,六,1
83,云,1672,幺,1
84,互,15,且,1
84,互,18,丘,1
84,互,1093,垦,1
84,互,5740,豆,1
85,亓,355,元,1
86,五,18,丘,1
86,五,64,九,1
86,五,84,互,1
86,五,722,吾,1
86,五,2571,杰,1
87,井,580,卉,1
87,井,1186,壮,1
87,井,1740,弗,1
87,井,2090,抖,1
87,井,2120,拌,1
87,井,3010,沸,1
88,亘,84,互,1
89,亚,24,丞,1
90,些,1519,岂,1
91,亟,24,丞,1
91,亟,3400,烝,1
92,亠,407,冫,1
93,亡,41,主,1
93,亡,1397,宀,1
93,亡,6021,辶,1
93,亡,6780,饣,1
94,亢,373,公,1
94,亢,699,吝,1
94,亢,1612,左,1
94,亢,2091,抗,1
94,亢,4260,立,1
95,交,651,变,1
95,交,1240,女,1
95,交,4953,芟,1
96,亥,4453,纟,1
96,亥,4474,纵,1
97,亦,102,京,1
97,亦,1669,年,1
97,亦,2944,永,1
97,亦,3786,疒,1
97,亦,6058,迹,1
98,产,68,乡,1
98,产,1676,广,1
98,产,3605,玄,1
98,产,6011,辛,1
99,亨,75,了,1
99,亨,103,亭,1
99,亨,1470,尕,1
99,亨,2811,横,1
100,亩,1387,学,1
100,亩,1412,宙,1
100,亩,1691,庙,1
101,享,103,亭,1
101,享,1285,姜,1
101,享,1375,字,1
102,京,103,亭,1
102,京,105,亲,1
103,亭,76,予,1
103,亭,99,亨,1
103,亭,101,享,1
103,亭,1426,宫,1
103,亭,4341,管,1
103,亭,5581,言,1
103,亭,6902,高,1
104,亮,106,亳,1
104,亮,357,充,1
105,亲,101,享,1
105,亲,2563,条,1
105,亲,2617,柔,1
105,亲,4011,矣,1
108,亶,45,乂,1
109,亸,108,亶,1
110,人,37,丶,1
110,人,370,入,1
111,亻,30,个,1
111,亻,110,人,1
112,亿,137,仡,1
112,亿,1811,忆,1
112,亿,4456,红,1
113,什,136,仟,1
113,什,2947,汁,1
114,仁,18,丘,1
114,仁,21,丛,1
114,仁,112,亿,1
114,仁,129,仕,1
114,仁,141,仨,1
114,仁,177,伫,1
115,仂,120,仇,1
115,仂,176,伪,1
115,仂,517,功,1
117,仄,570,匹,1
118,仅,2952,汉,1
119,仆,1198,外,1
119,仆,1809,忄,1
120,仇,112,亿,1
120,仇,147,仳,1
120,仇,174,伦,1
120,仇,410,冰,1
121,仉,120,仇,1
121,仉,5599,讥,1
122,今,55,乏,1
123,介,94,亢,1
123,介,113,什,1
123,介,163,众,1
123,介,710,听,1
123,介,3476,爪,1
124,仍,115,仂,1
124,仍,121,仉,1
124,仍,157,伋,1
124,仍,235,侣,1
124,仍,3525,犭,1
125,从,118,仅,1
125,从,593,卟,1
125,从,5598,认,1
126,仑,127,仓,1
126,仑,154,企,1
126,仑,2905,毛,1
127,仓,65,乞,1
127,仓,738,呛,1
127,仓,6780,饣,1
128,仔,179,估,1
128,仔,3890,白,1
128,仔,4478,纹,1
129,仕,113,什,1
129,仕,158,伍,1
129,仕,1029,在,1
129,仕,3083,洼,1
130,他,558,化,1
130,他,2963,池,1
130,他,3018,泄,1
131,仗,119,仆,1
131,仗,129,仕,1
131,仗,132,付,1
131,仗,142,仪,1
132,付,3396,烘,1
133,仙,147,仳,1
133,仙,179,估,1
133,仙,2956,汕,1
133,仙,4028,砂,1
134,仝,6273,钅,1
134,仝,6364,铨,1
135,仞,196,何,1
135,仞,1004,囟,1
136,仟,128,仔,1
136,仟,150,价,1
136,仟,578,升,1
136,仟,752,呼,1
136,仟,1815,忏,1
136,仟,2394,斥,1
136,仟,4272,竹,1
136,仟,4458,纤,1
136,仟,6025,迁,1
137,仡,141,仨,1
137,仡,174,伦,1
138,代,161,伐,1
138,代,558,化,1
138,代,3005,沭,1
138,代,4483,线,1
139,令,134,仝,1
139,令,371,全,1
139,令,375,兮,1
140,以,125,从,1
140,以,593,卟,1
140,以,1607,川,1
140,以,5598,认,1
142,仪,1,一,1
142,仪,45,乂,1
142,仪,131,仗,1
142,仪,174,伦,1
142,仪,282,倓,1
142,仪,4478,纹,1
143,仫,133,仙,1
144,们,124,仍,1
144,们,137,仡,1
144,们,196,何,1
145,仰,2044,所,1
145,仰,2085,抑,1
145,仰,6129,邛,1
146,仲,130,他,1
146,仲,412,冲,1
146,仲,4181,种,1
146,仲,4470,纱,1
146,仲,4906,舯,1
149,件,136,仟,1
149,件,146,仲,1
149,件,181,伴,1
149,件,183,伸,1
149,件,200,佚,1
149,件,230,侔,1
149,件,5602,讨,1
149,件,5616,许,1
150,价,144,们,1
150,价,174,伦,1
150,价,255,俗,1
150,价,4506,绗,1
151,任,192,住,1
151,任,202,作,1
151,任,558,化,1
151,任,1784,径,1
151,任,2968,汪,1
151,任,6785,饪,1
152,份,2965,汤,1
152,份,3619,玢,1
152,份,6799,饸,1
153,仿,152,份,1
153,仿,312,停,1
153,仿,2964,污,1
153,仿,6561,防,1
154,企,209,佥,1
155,伉,137,仡,1
156,伊,119,仆,1
157,伋,109,亸,1
157,伋,4461,级,1
158,伍,157,伋,1
158,伍,187,伾,1
158,伍,189,但,1
158,伍,192,住,1
158,伍,2968,汪,1
159,伎,157,伋,1
159,伎,170,传,1
159,伎,179,估,1
159,伎,221,使,1
159,伎,1682,庋,1
159,伎,2080,技,1
159,伎,2354,攸,1
159,伎,2960,汝,1
160,伏,210,佧,1
160,伏,621,厌,1
160,伏,1827,忧,1
161,伐,113,什,1
161,伐,2015,戊,1
161,伐,3088,浅,1
162,休,707,吨,1
162,休,2708,械,1
162,休,4458,纤,1
163,众,49,么,1
163,众,1606,巛,1
163,众,1679,庆,1
163,众,1687,应,1
164,优,194,佑,1
165,伙,140,以,1
165,伙,160,伏,1
165,伙,1916,悠,1
165,伙,6786,饫,1
166,会,709,含,1
166,会,2922,气,1
166,会,5581,言,1
168,伞,154,企,1
168,伞,3498,牛,1
169,伟,201,佛,1
170,传,159,伎,1
170,传,179,估,1
170,传,217,佶,1
170,传,256,俘,1
170,传,1539,岱,1
171,伢,136,仟,1
172,伤,153,仿,1
172,伤,689,后,1
172,伤,4487,练,1
173,伥,160,伏,1
173,伥,217,佶,1
173,伥,1744,张,1
174,伦,153,仿,1
174,伦,180,伲,1
174,伦,192,住,1
174,伦,5624,证,1
176,伪,1397,宀,1
176,伪,1674,幼,1
176,伪,4462,纨,1
176,伪,5777,购,1
178,伯,194,佑,1
178,伯,3021,泊,1
178,伯,3937,盾,1
179,估,153,仿,1
179,估,177,伫,1
179,估,689,后,1
180,伲,37,丶,1
180,伲,151,任,1
181,伴,149,件,1
181,伴,228,侏,1
181,伴,230,侔,1
181,伴,2120,拌,1
182,伶,1833,念,1
182,伶,2122,拎,1
182,伶,2976,汾,1
182,伶,3627,玲,1
183,伸,156,伊,1
183,伸,201,佛,1
183,伸,1825,忡,1
184,伺,203,佝,1
184,伺,554,匍,1
184,伺,579,午,1
184,伺,4065,硐,1
184,伺,5635,词,1
184,伺,6793,饲,1
185,似,133,仙,1
185,似,140,以,1
185,似,165,伙,1
185,似,4554,缈,1
186,伽,180,伲,1
187,伾,157,伋,1
187,伾,167,伛,1
189,但,158,伍,1
189,但,271,俱,1
189,但,1855,怛,1
190,位,23,丝,1
190,位,214,佰,1
190,位,247,促,1
190,位,1856,怜,1
190,位,4499,经,1
190,位,5659,该,1
191,低,4477,纸,1
191,低,5633,诋,1
192,住,151,任,1
192,住,158,伍,1
192,住,175,伧,1
192,住,202,作,1
192,住,223,侄,1
192,住,1781,往,1
192,住,5654,诠,1
193,佐,194,佑,1
193,佐,3790,疙,1
194,佑,179,估,1
194,佑,229,侑,1
194,佑,3014,沽,1
195,体,275,俸,1
195,体,2989,沔,1
195,体,4036,砗,1
195,体,5692,谇,1
196,何,184,伺,1
196,何,203,佝,1
196,何,216,佴,1
196,何,798,响,1
196,何,3009,河,1
196,何,4470,纱,1
197,佗,192,住,1
199,余,168,伞,1
199,余,1370,子,1
199,余,1403,守,1
199,余,2563,条,1
199,余,2945,氽,1
199,余,4436,系,1
199,余,6257,金,1
199,余,6273,钅,1
200,佚,210,佧,1
201,佛,169,伟,1
201,佛,211,佩,1
201,佛,3010,沸,1
201,佛,4495,绋,1
202,作,149,件,1
202,作,174,伦,1
202,作,213,佯,1
202,作,758,咋,1
202,作,845,售,1
202,作,4534,维,1
202,作,5630,诈,1
206,你,145,仰,1
206,你,256,俘,1
206,你,288,倞,1
206,你,346,僻,1
206,你,1792,徐,1
206,你,2843,欣,1
206,你,3050,泺,1
207,佣,4490,细,1
211,佩,207,佣,1
211,佩,310,偕,1
212,佬,170,传,1
212,佬,193,佐,1
212,佬,236,侥,1
212,佬,276,俺,1
212,佬,279,倍,1
213,佯,4494,绊,1
213,佯,5660,详,1
214,佰,192,住,1
214,佰,237,侦,1
214,佰,255,俗,1
214,佰,266,俩,1
214,佰,4551,缅,1
214,佰,5984,辀,1
215,佳,217,佶,1
215,佳,223,侄,1
215,佳,245,侵,1
215,佳,322,傅,1
215,佳,1781,往,1
215,佳,3083,洼,1
215,佳,5644,诖,1
216,佴,217,佶,1
216,佴,5627,评,1
217,佶,186,伽,1
217,佶,193,佐,1
218,佻,220,佾,1
219,佼,241,侪,1
219,佼,3071,洨,1
219,佼,4513,绞,1
220,佾,228,侏,1
221,使,4515,绠,1
222,侃,225,侉,1
223,侄,190,位,1
223,侄,4060,硁,1
223,侄,4459,纥,1
224,侈,274,俶,1
224,侈,279,倍,1
224,侈,311,做,1
224,侈,654,叟,1
224,侈,3957,眵,1
224,侈,4197,移,1
224,侈,6807,馁,1
225,侉,229,侑,1
225,侉,4782,胯,1
226,例,253,俐,1
227,侍,215,佳,1
227,侍,322,傅,1
227,侍,1379,孛,1
227,侍,1697,庤,1
227,侍,4482,纾,1
227,侍,5645,诗,1
228,侏,149,件,1
228,侏,222,侃,1
228,侏,2664,桀,1
228,侏,5649,诛,1
229,侑,216,佴,1
229,侑,252,俏,1
229,侑,2405,旃,1
230,侔,242,侬,1
231,侗,184,伺,1
231,侗,203,佝,1
231,侗,3067,洞,1
231,侗,3381,炯,1
232,供,792,哄,1
233,依,190,位,1
233,依,273,俵,1
233,依,4514,统,1
234,侠,200,佚,1
234,侠,233,依,1
234,侠,3087,浃,1
234,侠,3552,狭,1
234,侠,5856,趺,1
234,侠,6583,陕,1
235,侣,128,仔,1
235,侣,167,伛,1
235,侣,214,佰,1
235,侣,217,佶,1
235,侣,290,倡,1
235,侣,304,偃,1
236,侥,212,佬,1
236,侥,295,倪,1
236,侥,3090,浇,1
236,侥,5289,虎,1
237,侦,5763,贞,1
237,侦,6719,须,1
238,侧,133,仙,1
238,侧,253,俐,1
238,侧,509,劁,1
238,侧,623,厕,1
238,侧,3094,测,1
239,侨,136,仟,1
239,侨,150,价,1
239,侨,229,侑,1
239,侨,255,俗,1
239,侨,2686,桥,1
240,侩,23,丝,1
240,侩,255,俗,1
240,侩,373,公,1
240,侩,2864,歪,1
240,侩,3406,烩,1
240,侩,4507,绘,1
241,侪,218,佻,1
241,侪,810,哜,1
242,侬,219,佼,1
243,侮,130,他,1
243,侮,230,侔,1
243,侮,3118,海,1
243,侮,5671,诲,1
244,侯,261,俟,1
244,侯,288,倞,1
244,侯,2412,族,1
244,侯,4514,统,1
245,侵,254,俑,1
245,侵,333,傻,1
245,侵,1787,很,1
245,侵,3119,浸,1
246,便,156,伊,1
246,便,244,侯,1
246,便,2045,扁,1
247,促,118,仅,1
247,促,180,伲,1
247,促,187,伾,1
247,促,190,位,1
247,促,221,使,1
247,促,222,侃,1
247,促,2843,欣,1
247,促,3107,浞,1
248,俄,2022,我,1
248,俄,4502,绒,1
250,俊,255,俗,1
250,俊,333,傻,1
250,俊,829,唆,1
250,俊,1913,悛,1
250,俊,3109,浡,1
250,俊,4513,绞,1
250,俊,4536,绶,1
252,俏,294,倩,1
252,俏,330,催,1
252,俏,4517,绢,1
252,俏,4644,翁,1
252,俏,4761,背,1
252,俏,5667,诮,1
253,俐,281,倒,1
254,俑,5674,诵,1
255,俗,152,份,1
255,俗,224,侈,1
255,俗,240,侩,1
255,俗,3117,浴,1
255,俗,4542,综,1
255,俗,5653,诟,1
256,俘,128,仔,1
256,俘,6804,饽,1
259,保,128,仔,1
259,保,228,侏,1
259,保,332,傺,1
260,俞,199,余,1
260,俞,491,前,1
261,俟,200,佚,1
261,俟,237,侦,1
261,俟,244,侯,1
262,信,182,伶,1
262,信,4503,结,1
262,信,6617,隽,1
263,俣,244,侯,1
264,俦,227,侍,1
264,俦,230,侔,1
266,俩,1839,怀,1
266,俩,3062,洒,1
268,俭,174,伦,1
268,俭,190,位,1
268,俭,255,俗,1
268,俭,262,信,1
268,俭,504,剪,1
268,俭,2053,扌,1
268,俭,2154,拾,1
268,俭,3012,治,1
268,俭,3016,沿,1
268,俭,4534,维,1
268,俭,5294,虚,1
268,俭,6591,险,1
269,修,124,仍,1
269,修,176,伪,1
269,修,280,倏,1
269,修,349,儋,1
270,俯,252,俏,1
271,俱,257,俚,1
271,俱,302,值,1
271,俱,1159,填,1
271,俱,3072,洪,1
271,俱,4572,缜,1
272,俳,218,佻,1
272,俳,1796,徘,1
273,俵,187,伾,1
274,俶,210,佧,1
274,俶,273,俵,1
275,俸,325,傣,1
276,俺,212,佬,1
277,俾,296,倬,1
278,倌,291,倥,1
278,倌,3146,涫,1
278,倌,4544,绾,1
279,倍,256,俘,1
279,倍,324,傍,1
279,倍,6430,锫,1
279,倍,6592,陪,1
280,倏,285,候,1
281,倒,238,侧,1
281,倒,623,厕,1
281,倒,1804,徵,1
281,倒,2205,捯,1
281,倒,3097,浏,1
282,倓,173,伥,1
282,倓,274,俶,1
283,倔,180,伲,1
284,倘,286,倚,1
284,倘,328,储,1
284,倘,1941,惝,1
284,倘,2046,扃,1
284,倘,4426,糖,1
285,候,263,俣,1
285,候,3588,猴,1
285,候,4048,砭,1
285,候,4358,篌,1
286,倚,170,传,1
286,倚,1127,埼,1
286,倚,3516,犄,1
286,倚,3666,琦,1
287,倜,743,周,1
288,倞,256,俘,1
288,倞,282,倓,1
289,借,252,俏,1
289,借,279,倍,1
289,借,307,偌,1
289,借,626,厝,1
289,借,1940,惜,1
290,倡,235,侣,1
290,倡,4574,缟,1
291,倥,182,伶,1
292,倦,212,佬,1
292,倦,3200,港,1
293,倨,180,伲,1
294,倩,300,债,1
294,倩,3180,清,1
295,倪,240,侩,1
295,倪,1173,增,1
295,倪,3110,浣,1
295,倪,4806,脘,1
295,倪,6986,鲵,1
296,倬,202,作,1
297,倭,318,偻,1
297,倭,5684,诿,1
299,倴,288,倞,1
300,债,294,倩,1
300,债,5767,责,1
301,倻,299,倴,1
302,值,178,伯,1
302,值,216,佴,1
302,值,229,侑,1
302,值,1084,垕,1
302,值,3937,盾,1
302,值,5613,讵,1
303,倾,3403,烦,1
303,倾,6724,颀,1
303,倾,6726,颂,1
303,倾,6741,颓,1
305,假,346,僻,1
305,假,4559,缎,1
306,偈,3202,渴,1
307,偌,289,借,1
307,偌,5679,诺,1
308,偎,235,侣,1
309,偏,36,临,1
309,偏,2045,扁,1
310,偕,3216,湝,1
311,做,331,傲,1
311,做,2354,攸,1
311,做,3077,洳,1
311,做,5770,账,1
312,停,225,侉,1
312,停,256,俘,1
312,停,342,僮,1
314,偬,321,傀,1
314,偬,5292,虑,1
314,偬,6921,鬼,1
316,偶,290,倡,1
316,偶,306,偈,1
316,偶,321,傀,1
316,偶,1531,岛,1
316,偶,1956,惶,1
316,偶,6599,隅,1
317,偷,1555,峤,1
318,偻,4565,缕,1
319,偾,5797,赁,1
320,偿,326,傥,1
320,偿,336,僖,1
320,偿,339,僧,1
320,偿,4581,缦,1
321,傀,277,俾,1
321,傀,295,倪,1
321,傀,314,偬,1
321,傀,1975,愧,1
321,傀,4464,纪,1
322,傅,227,侍,1
322,傅,590,博,1
322,傅,2303,摩,1
322,傅,3236,溥,1
323,傈,298,倮,1
324,傍,6623,集,1
326,傥,320,偿,1
326,傥,5581,言,1
328,储,5495,袪,1
329,傩,3272,滩,1
330,催,318,偻,1
331,傲,1803,微,1
331,傲,3331,激,1
331,傲,6112,遨,1
331,傲,6555,队,1
333,傻,219,佼,1
333,傻,250,俊,1
333,傻,277,俾,1
333,傻,291,倥,1
333,傻,631,厦,1
333,傻,3242,溲,1
333,傻,5716,谡,1
335,像,288,倞,1
335,像,312,停,1
335,像,2823,橡,1
335,像,4550,缄,1
335,像,4568,缘,1
335,像,5690,谅,1
337,僚,2320,撩,1
339,僧,3490,片,1
339,僧,4590,缯,1
340,僬,4225,穰,1
340,僬,5730,谯,1
342,僮,3314,潼,1
344,僳,335,像,1
344,僳,3238,溧,1
346,僻,3330,澼,1
348,儇,3327,澴,1
350,儒,339,僧,1
350,儒,987,嚅,1
350,儒,2010,懦,1
351,儡,1082,垒,1
352,儿,125,从,1
353,兀,94,亢,1
354,允,357,充,1
354,允,2860,此,1
354,允,6032,运,1
355,元,1206,天,1
355,元,6021,辶,1
355,元,6040,远,1
356,兄,414,况,1
356,兄,2922,气,1
356,兄,4967,花,1
356,兄,5554,见,1
357,充,354,允,1
357,充,355,元,1
357,充,366,兖,1
357,充,1414,宛,1
358,兆,3074,洮,1
359,先,354,允,1
359,先,360,光,1
359,先,552,匆,1
359,先,1213,失,1
359,先,2861,步,1
359,先,2923,氕,1
359,先,5504,装,1
360,光,104,亮,1
360,光,355,元,1
360,光,357,充,1
360,光,767,咙,1
361,克,1612,左,1
361,克,1820,志,1
362,免,356,兄,1
362,免,366,兖,1
362,免,1221,奂,1
362,免,4011,矣,1
362,免,5158,萸,1
363,兑,4464,纪,1
363,兑,4625,羌,1
363,兑,5005,英,1
363,兑,5289,虎,1
364,兔,357,充,1
364,兔,363,兑,1
364,兔,5477,衷,1
364,兔,6921,鬼,1
366,兖,5474,衮,1
367,党,5070,荧,1
367,党,5289,虎,1
367,党,5522,裳,1
367,党,5811,赏,1
367,党,6652,霓,1
369,兢,3676,琵,1
369,兢,4716,聪,1
369,兢,6360,铣,1
369,兢,6685,鞋,1
370,入,448,刀,1
371,全,65,乞,1
371,全,126,仑,1
371,全,139,令,1
371,全,452,分,1
371,全,1046,坌,1
371,全,4308,筌,1
371,全,5048,荃,1
372,八,111,亻,1
372,八,448,刀,1
373,公,49,么,1
373,公,83,云,1
373,公,3723,瓦,1
373,公,5738,谷,1
374,六,83,云,1
374,六,123,介,1
374,六,592,卞,1
374,六,1485,尺,1
374,六,2840,欠,1
374,六,6619,雀,1
375,兮,684,合,1
376,兰,6,三,1
376,兰,3386,点,1
376,兰,4242,窒,1
377,共,4934,艺,1
377,共,4960,芪,1
377,共,4968,芳,1
377,共,4977,苄,1
377,共,5002,苦,1
378,关,41,主,1
378,关,1206,天,1
378,关,1210,夭,1
378,关,1670,并,1
378,关,4011,矣,1
379,兴,83,云,1
379,兴,374,六,1
380,兵,58,乓,1
380,兵,3948,真,1
380,兵,5740,豆,1
381,其,382,具,1
381,其,2613,某,1
381,其,3738,甚,1
381,其,5768,贤,1
382,具,15,且,1
382,具,379,兴,1
382,具,595,卡,1
382,具,2455,是,1
382,具,3948,真,1
384,兹,2848,欸,1
385,养,1617,差,1
385,养,3963,着,1
385,养,4625,羌,1
385,养,6663,青,1
386,兼,4740,肩,1
387,兽,886,善,1
387,兽,5071,荨,1
387,兽,6940,鲁,1
388,冀,4409,粪,1
390,冂,999,囗,1
391,内,1625,巾,1
391,内,2420,旧,1
391,内,6506,闪,1
392,冈,391,内,1
392,冈,1001,四,1
392,冈,3749,田,1
394,册,577,卅,1
394,册,4756,胁,1
395,再,625,厚,1
395,再,5981,载,1
396,冒,2421,旨,1
396,冒,2449,星,1
396,冒,2460,昼,1
396,冒,4607,罗,1
399,冗,53,乍,1
399,冗,65,乞,1
399,冗,353,兀,1
399,冗,354,允,1
399,冗,356,兄,1
400,写,75,了,1
400,写,552,匆,1
400,写,2708,械,1
400,写,4607,罗,1
400,写,5003,苫,1
400,写,6832,马,1
400,写,7029,鸟,1
401,军,400,写,1
401,军,2467,晏,1
401,军,4284,笔,1
401,军,4606,罕,1
402,农,1241,奴,1
402,农,3904,皮,1
405,冤,1813,忌,1
405,冤,1857,思,1
405,冤,4264,竞,1
406,冥,382,具,1
407,冫,1,一,1
407,冫,31,丫,1
407,冫,5594,讠,1
409,冯,1374,孕,1
409,冯,3051,泻,1
410,冰,1259,妙,1
411,冱,46,乃,1
411,冱,3106,浜,1
412,冲,2963,池,1
412,冲,3041,泮,1
413,决,1471,尖,1
413,决,2841,次,1
414,况,352,儿,1
414,况,360,光,1
415,冶,416,冷,1
415,冶,668,台,1
415,冶,684,合,1
415,冶,1133,堉,1
415,冶,3016,沿,1
415,冶,3081,洺,1
415,冶,3082,活,1
415,冶,3154,淄,1
415,冶,4435,糸,1
416,冷,122,今,1
416,冷,139,令,1
416,冷,624,厘,1
416,冷,1521,岌,1
416,冷,3030,泛,1
417,冻,3050,泺,1
417,冻,5633,诋,1
417,冻,5645,诗,1
418,冼,1186,壮,1
420,净,587,单,1
421,凄,1074,垂,1
422,准,846,唯,1
422,准,866,啥,1
422,准,3173,淮,1
422,准,3561,狸,1
422,准,4534,维,1
422,准,6619,雀,1
423,凇,2578,松,1
424,凉,102,京,1
424,凉,409,冯,1
424,凉,3678,琼,1
424,凉,5690,谅,1
425,凋,798,响,1
425,凋,3067,洞,1
426,凌,1137,堎,1
426,凌,3071,洨,1
426,凌,3105,浚,1
426,凌,7113,麦,1
427,减,785,咸,1
427,减,891,喊,1
427,减,3225,溅,1
427,减,5643,试,1
428,凑,3168,淡,1
429,凛,1720,廪,1
429,凛,3239,溪,1
430,凝,2140,拧,1
430,凝,7178,龊,1
431,几,62,乙,1
432,凡,1619,己,1
432,凡,2900,比,1
432,凡,2918,氏,1
432,凡,6760,风,1
433,凤,3743,甩,1
434,凫,4264,竞,1
435,凭,308,偎,1
435,凭,2975,汽,1
435,凭,4289,笠,1
436,凯,1590,嵚,1
436,凯,2368,敛,1
436,凯,4792,能,1
436,凯,6786,饫,1
436,凯,7064,鹄,1
437,凰,3433,煌,1
438,凳,4304,筅,1
439,凵,62,乙,1
439,凵,635,厶,1
440,凶,374,六,1
440,凶,1514,山,1
440,凶,2860,此,1
441,凸,674,号,1
441,凸,2989,沔,1
442,凹,3544,狙,1
443,出,23,丝,1
443,出,688,名,1
443,出,3639,珐,1
444,击,685,吉,1
444,击,2536,未,1
445,凼,1675,幽,1
446,函,443,出,1
446,函,636,去,1
446,函,2051,扊,1
446,函,3607,玉,1
446,函,3757,画,1
447,凿,5243,蕙,1
448,刀,46,乃,1
448,刀,390,冂,1
448,刀,601,卩,1
448,刀,3016,沿,1
449,刁,13,丑,1
449,刁,451,刃,1
449,刁,1456,寸,1
449,刁,4008,矛,1
451,刃,448,刀,1
452,分,11,与,1
452,分,400,写,1
452,分,448,刀,1
452,分,618,历,1
452,分,3482,爷,1
452,分,3487,爿,1
452,分,4272,竹,1
453,切,517,功,1
453,切,678,叼,1
453,切,1674,幼,1
453,切,1812,忉,1
453,切,2357,放,1
455,刊,6127,邗,1
456,刍,6,三,1
456,刍,11,与,1
456,刍,726,呈,1
456,刍,1759,当,1
458,刑,455,刊,1
458,刑,2629,柯,1
459,划,500,剡,1
460,刖,464,刚,1
460,刖,2525,朋,1
460,刖,4802,脒,1
461,列,462,刘,1
461,列,471,别,1
461,列,472,刭,1
462,刘,459,划,1
462,刘,463,则,1
462,刘,3607,玉,1
463,则,457,刎,1
463,则,464,刚,1
463,则,476,制,1
463,则,663,叫,1
463,则,747,呵,1
465,创,463,则,1
465,创,472,刭,1
465,创,4454,纠,1
465,创,6278,钊,1
466,初,531,劾,1
466,初,4132,祁,1
468,判,480,刺,1
468,判,490,剌,1
469,刨,440,凶,1
469,刨,457,刎,1
469,刨,551,包,1
469,刨,4454,纠,1
470,利,458,刑,1
470,利,461,列,1
470,利,479,刹,1
470,利,3928,盫,1
470,利,4183,秒,1
470,利,6278,钊,1
471,别,458,刑,1
471,别,473,刮,1
471,别,3485,爻,1
471,别,5853,趴,1
472,刭,461,列,1
473,刮,354,允,1
473,刮,470,利,1
474,到,281,倒,1
474,到,446,函,1
474,到,481,刻,1
474,到,3617,玠,1
474,到,4454,纠,1
474,到,4879,致,1
474,到,6278,钊,1
474,到,6305,钧,1
475,刳,18,丘,1
475,刳,1224,奈,1
476,制,498,剞,1
476,制,506,割,1
476,制,3155,淅,1
476,制,6358,铡,1
477,刷,253,俐,1
477,刷,464,刚,1
477,刷,480,刺,1
477,刷,554,匍,1
478,券,610,卷,1
478,券,2043,房,1
478,券,5588,誊,1
479,刹,470,利,1
479,刹,485,剁,1
479,刹,503,剩,1
480,刺,468,判,1
480,刺,6734,颊,1
481,刻,488,剅,1
481,刻,496,剖,1
481,刻,6763,飒,1
482,刽,465,创,1
485,剁,470,利,1
485,剁,471,别,1
485,剁,507,剽,1
486,剂,462,刘,1
486,剂,479,刹,1
487,剃,507,剽,1
487,剃,508,剿,1
488,剅,505,副,1
489,削,460,刖,1
489,削,6675,靳,1
491,前,473,刮,1
491,前,489,削,1
491,前,2961,汞,1
491,前,3746,甬,1
491,前,4745,肯,1
491,前,5143,萌,1
492,剐,477,刷,1
493,剑,226,例,1
493,剑,465,创,1
493,剑,4454,纠,1
494,剔,483,刿,1
494,剔,492,剐,1
494,剔,500,剡,1
496,剖,482,刽,1
496,剖,506,割,1
496,剖,6171,部,1
496,剖,6290,钘,1
497,剜,483,刿,1
498,剞,5086,莉,1
500,剡,468,判,1
501,剥,2944,永,1
501,剥,5086,莉,1
503,剩,476,制,1
503,剩,480,刺,1
503,剩,490,剌,1
505,副,474,到,1
505,副,483,刿,1
506,割,484,剀,1
507,剽,6198,酎,1
508,剿,253,俐,1
509,劁,493,剑,1
514,力,1468,少,1
515,劝,523,助,1
515,劝,720,吻,1
515,劝,1267,妫,1
516,办,40,为,1
516,办,514,力,1
517,功,2356,攻,1
519,务,452,分,1
519,务,3482,爷,1
520,劢,529,劲,1
520,劢,2872,殆,1
521,劣,360,光,1
521,劣,1627,市,1
521,劣,1631,师,1
521,劣,5812,赐,1
522,动,517,功,1
522,动,607,即,1
522,动,1674,幼,1
522,动,2568,杪,1
524,努,521,劣,1
524,努,1850,怒,1
524,努,4228,穷,1
525,劫,1626,币,1
525,劫,2633,柴,1
525,劫,2986,沏,1
528,励,533,勃,1
528,励,633,厩,1
528,励,3309,潲,1
528,励,3928,盫,1
528,励,4052,砷,1
529,劲,522,动,1
530,劳,3133,涝,1
530,劳,3497,牚,1
530,劳,4978,苇,1
530,劳,5026,茕,1
531,劾,481,刻,1
532,势,524,努,1
532,势,5589,誓,1
533,勃,3195,渤,1
533,勃,7061,鹁,1
534,勇,4228,穷,1
535,勉,364,兔,1
536,勋,535,勉,1
538,勐,5793,贽,1
539,勒,533,勃,1
539,勒,538,勐,1
539,勒,5010,茀,1
541,勘,2850,欺,1
542,募,5202,蓂,1
543,勤,529,劲,1
543,勤,537,勍,1
543,勤,540,勖,1
543,勤,6165,郜,1
543,勤,6185,鄞,1
546,勹,111,亻,1
546,勹,547,勺,1
547,勺,0,々,1
547,勺,546,勹,1
547,勺,548,勾,1
547,勺,658,句,1
547,勺,2423,旬,1
548,勾,658,句,1
549,勿,468,判,1
549,勿,548,勾,1
549,勿,658,句,1
549,勿,675,司,1
550,匀,2522,月,1
550,匀,6505,闩,1
551,包,1836,忽,1
551,包,6780,饣,1
551,包,7184,龟,1
552,匆,68,乡,1
552,匆,548,勾,1
552,匆,549,勿,1
552,匆,550,匀,1
552,匆,2423,旬,1
552,匆,4604,网,1
553,匈,552,匆,1
553,匈,720,吻,1
553,匈,1000,囚,1
553,匈,1001,四,1
553,匈,2423,旬,1
553,匈,4522,继,1
556,匐,1022,圆,1
557,匕,45,乂,1
557,匕,2858,止,1
558,化,129,仕,1
558,化,130,他,1
558,化,147,仳,1
559,北,1035,圯,1
559,北,2055,扎,1
559,北,2066,扪,1
559,北,2612,柏,1
559,北,3022,泌,1
559,北,3074,洮,1
560,匙,5933,蹬,1
560,匙,6068,逊,1
560,匙,6745,题,1
563,匝,5550,西,1
564,匠,566,匣,1
564,匠,622,厍,1
565,匡,572,医,1
565,匡,1614,巨,1
565,匡,6771,飞,1
566,匣,624,厘,1
568,匪,1878,恒,1
569,匮,6106,遗,1
570,匹,568,匪,1
570,匹,571,区,1
570,匹,6037,还,1
571,区,1621,巳,1
571,区,2096,抠,1
571,区,2859,正,1
571,区,7181,龙,1
572,医,631,厦,1
572,医,6036,迕,1
573,匾,6100,遍,1
574,匿,2915,氆,1
575,十,1667,干,1
575,十,1735,弋,1
575,十,2053,扌,1
576,千,81,于,1
576,千,3496,牙,1
578,升,39,丹,1
578,升,129,仕,1
579,午,53,乍,1
579,午,168,伞,1
579,午,1612,左,1
579,午,1667,干,1
579,午,1728,弁,1
579,午,2394,斥,1
579,午,4624,羊,1
580,卉,1230,奔,1
580,卉,1943,惠,1
581,半,1513,屯,1
581,半,1669,年,1
581,半,3498,牛,1
581,半,3740,生,1
581,半,4719,肀,1
581,半,5493,袢,1
582,华,168,伞,1
582,华,622,厍,1
582,华,807,哗,1
582,华,2901,毕,1
583,协,1061,坤,1
583,协,2168,挟,1
583,协,2489,晾,1
584,卑,401,军,1
584,卑,1428,宰,1
584,卑,4884,舁,1
584,卑,6011,辛,1
585,卒,27,严,1
585,卒,582,华,1
585,卒,1408,宓,1
585,卒,1671,幸,1
585,卒,1700,座,1
585,卒,2412,族,1
586,卓,1428,宰,1
587,单,102,京,1
587,单,584,卑,1
587,单,1387,学,1
587,单,2519,曾,1
587,单,3751,甲,1
587,单,4624,羊,1
588,卖,1033,圭,1
588,卖,3368,炎,1
589,南,3746,甬,1
590,博,322,傅,1
591,卜,110,人,1
591,卜,1809,忄,1
592,卞,94,亢,1
592,卞,374,六,1
592,卞,4127,示,1
592,卞,5594,讠,1
593,卟,669,叱,1
593,卟,764,咔,1
594,占,657,古,1
594,占,662,只,1
594,占,1816,忐,1
595,卡,374,六,1
595,卡,1725,廾,1
595,卡,2393,斤,1
595,卡,3524,犬,1
598,卤,692,向,1
598,卤,1004,囟,1
598,卤,1012,囱,1
599,卦,5469,补,1
599,卦,5597,讣,1
600,卧,568,匪,1
601,卩,1483,尸,1
602,卫,6,三,1
602,卫,4260,立,1
605,印,5457,血,1
605,印,6130,邝,1
605,印,6140,邱,1
606,危,364,兔,1
606,危,1570,崖,1
606,危,1678,庄,1
606,危,4930,色,1
607,即,1627,市,1
607,即,6143,邵,1
608,却,453,切,1
608,却,611,卸,1
608,却,6158,郏,1
608,却,6166,郝,1
609,卵,605,印,1
609,卵,3620,玥,1
609,卵,6140,邱,1
609,卵,6145,邸,1
609,卵,6154,郇,1
609,卵,6156,郊,1
610,卷,1617,差,1
610,卷,4177,秃,1
610,卷,4631,羞,1
611,卸,5443,蟹,1
614,卿,4707,聊,1
615,厂,44,丿,1
616,厄,562,匜,1
616,厄,603,卮,1
617,厅,30,个,1
617,厅,1411,官,1
618,历,19,丙,1
618,历,619,厉,1
618,历,3928,盫,1
619,厉,179,估,1
619,厉,618,历,1
620,压,353,兀,1
620,压,689,后,1
620,压,1808,心,1
620,压,5058,荙,1
622,厍,627,原,1
622,厍,1686,库,1
624,厘,566,匣,1
624,厘,1084,垕,1
624,厘,1718,廛,1
624,厘,6077,逗,1
625,厚,101,享,1
625,厚,624,厘,1
625,厚,627,原,1
625,厚,1933,惇,1
627,原,617,厅,1
627,原,625,厚,1
627,原,1702,庳,1
627,原,3924,盘,1
628,厢,2525,朋,1
628,厢,3511,牺,1
628,厢,7116,麻,1
631,厦,625,厚,1
631,厦,2419,旦,1
631,厦,4873,臣,1
631,厦,5126,菠,1
633,厩,6722,顾,1
635,厶,668,台,1
636,去,83,云,1
638,县,4971,芸,1
639,叁,1398,宁,1
640,参,375,兮,1
640,参,1765,彡,1
640,参,3675,琴,1
640,参,4128,礻,1
641,又,50,义,1
641,又,1372,孓,1
642,叉,1191,夂,1
642,叉,2953,汊,1
643,及,46,乃,1
643,及,125,从,1
643,及,163,众,1
643,及,644,友,1
643,及,646,反,1
643,及,1380,孜,1
643,及,2360,效,1
643,及,3723,瓦,1
643,及,5790,贺,1
643,及,7142,黾,1
644,友,95,交,1
644,友,646,反,1
644,友,2356,攻,1
644,友,2523,有,1
644,友,2865,歹,1
645,双,676,叹,1
645,双,1241,奴,1
646,反,142,仪,1
646,反,641,又,1
646,反,644,友,1
646,反,1684,庐,1
646,反,2865,歹,1
646,反,3723,瓦,1
648,叔,652,叙,1
648,叔,1241,奴,1
648,叔,2367,教,1
648,叔,6038,这,1
648,叔,6703,韧,1
649,取,648,叔,1
650,受,95,交,1
650,受,139,令,1
650,受,4231,空,1
651,变,14,专,1
651,变,246,便,1
651,变,650,受,1
651,变,1302,娈,1
652,叙,648,叔,1
653,叛,6134,邦,1
653,叛,6734,颊,1
653,叛,6740,频,1
654,叟,3242,溲,1
654,叟,6636,雯,1
655,叠,4268,童,1
656,口,0,々,1
656,口,7,上,1
656,口,352,儿,1
656,口,390,冂,1
656,口,407,冫,1
656,口,431,几,1
656,口,448,刀,1
656,口,557,匕,1
656,口,662,只,1
656,口,1611,工,1
656,口,2512,曰,1
657,古,94,亢,1
657,古,999,囗,1
657,古,1184,士,1
657,古,2401,方,1
657,古,3014,沽,1
657,古,3891,百,1
658,句,547,勺,1
658,句,548,勾,1
658,句,2423,旬,1
658,句,3890,白,1
658,句,6509,问,1
659,另,524,努,1
659,另,686,吊,1
659,另,2426,旯,1
659,另,2444,易,1
659,另,4228,穷,1
660,叨,398,冖,1
660,叨,665,叭,1
660,叨,718,吸,1
660,叨,754,咀,1
661,叩,660,叨,1
661,叩,677,叻,1
662,只,140,以,1
662,只,356,兄,1
662,只,380,兵,1
662,只,695,吕,1
662,只,1485,尺,1
662,只,3386,点,1
662,只,5762,贝,1
664,召,1738,弓,1
664,召,3891,百,1
665,叭,660,叨,1
666,叮,661,叩,1
666,叮,678,叼,1
666,叮,1607,川,1
666,叮,3930,盯,1
667,可,449,刁,1
667,可,658,句,1
668,台,354,允,1
668,台,657,古,1
668,台,664,召,1
668,台,684,合,1
668,台,705,否,1
668,台,727,告,1
668,台,2421,旨,1
668,台,3482,爷,1
668,台,4453,纟,1
668,台,4889,舌,1
669,叱,410,冰,1
669,叱,661,叩,1
670,史,5,丈,1
670,史,690,吏,1
670,史,2515,更,1
671,右,668,台,1
671,右,1029,在,1
671,右,1376,存,1
671,右,3026,法,1
673,叶,593,卟,1
673,叶,663,叫,1
674,号,662,只,1
674,号,2861,步,1
674,号,4230,穹,1
674,号,4453,纟,1
675,司,449,刁,1
675,司,1739,引,1
675,司,2423,旬,1
675,司,6507,闫,1
676,叹,118,仅,1
676,叹,2952,汉,1
677,叻,693,吒,1
678,叼,677,叻,1
678,叼,720,吻,1
678,叼,747,呵,1
678,叼,1071,坷,1
679,叽,669,叱,1
680,吁,673,叶,1
680,吁,752,呼,1
680,吁,1030,圩,1
680,吁,6147,邺,1
681,吃,712,吮,1
681,吃,738,呛,1
681,吃,771,咣,1
681,吃,772,咤,1
681,吃,1031,圪,1
682,各,688,名,1
682,各,689,后,1
682,各,4889,舌,1
682,各,5738,谷,1
683,吆,696,吖,1
683,吆,884,喂,1
683,吆,1276,始,1
683,吆,3953,眩,1
684,合,122,今,1
684,合,127,仓,1
684,合,134,仝,1
684,合,705,否,1
684,合,727,告,1
684,合,4436,系,1
684,合,4890,舍,1
685,吉,722,吾,1
685,吉,727,告,1
685,吉,1188,壳,1
685,吉,1738,弓,1
685,吉,1759,当,1
686,吊,1626,币,1
687,同,675,司,1
687,同,1003,回,1
687,同,1005,因,1
687,同,3929,目,1
687,同,6507,闫,1
687,同,6509,问,1
687,同,6515,间,1
688,名,684,合,1
688,名,1200,多,1
688,名,5752,豸,1
689,后,57,乒,1
689,后,124,仍,1
689,后,153,仿,1
689,后,177,伫,1
689,后,619,厉,1
689,后,684,合,1
689,后,790,品,1
689,后,3893,的,1
690,吏,2515,更,1
691,吐,669,叱,1
691,吐,2433,旺,1
691,吐,4730,肚,1
692,向,128,仔,1
692,向,135,仞,1
692,向,144,们,1
692,向,184,伺,1
692,向,1417,实,1
692,向,2512,曰,1
693,吒,696,吖,1
695,吕,456,刍,1
695,吕,594,占,1
695,吕,662,只,1
695,吕,1387,学,1
695,吕,6195,酋,1
696,吖,669,叱,1
696,吖,728,呋,1
696,吖,776,咩,1
696,吖,832,唏,1
697,吗,409,冯,1
697,吗,739,呜,1
697,吗,835,唔,1
697,吗,1252,妈,1
697,吗,2430,时,1
698,君,1445,寒,1
698,君,5001,若,1
698,君,5300,虱,1
699,吝,685,吉,1
699,吝,700,吞,1
699,吝,722,吾,1
699,吝,5581,言,1
699,吝,5738,谷,1
699,吝,7166,齐,1
700,吞,1488,尽,1
701,吟,416,冷,1
701,吟,795,哈,1
701,吟,935,嗲,1
703,吡,559,北,1
703,吡,735,呗,1
703,吡,1542,岷,1
704,吣,715,吲,1
705,否,689,后,1
705,否,700,吞,1
705,否,5581,言,1
707,吨,3753,电,1
707,吨,4742,肫,1
708,吩,701,吟,1
708,吩,720,吻,1
709,含,4889,舌,1
709,含,5774,贪,1
709,含,7183,龛,1
710,听,665,叭,1
710,听,679,叽,1
711,吭,414,况,1
711,吭,681,吃,1
711,吭,712,吮,1
711,吭,730,呒,1
711,吭,2439,昉,1
712,吮,771,咣,1
712,吮,981,噬,1
713,启,1821,忘,1
713,启,3012,治,1
713,启,5288,虍,1
713,启,5738,谷,1
714,吱,718,吸,1
714,吱,765,咕,1
714,吱,920,嗖,1
714,吱,5836,走,1
715,吲,747,呵,1
715,吲,755,咂,1
715,吲,3169,淤,1
716,吴,96,亥,1
716,吴,1221,奂,1
716,吴,3365,炅,1
716,吴,4877,臭,1
716,吴,4878,至,1
717,吵,517,功,1
717,吵,793,哆,1
718,吸,714,吱,1
718,吸,799,哎,1
718,吸,829,唆,1
718,吸,3615,玛,1
718,吸,6788,饭,1
719,吹,694,吓,1
719,吹,702,吠,1
719,吹,811,哝,1
719,吹,2841,次,1
719,吹,2845,欧,1
720,吻,5901,踢,1
721,吼,718,吸,1
721,吼,761,咏,1
722,吾,360,光,1
722,吾,684,合,1
722,吾,700,吞,1
723,呀,2431,旷,1
723,呀,4032,砑,1
724,呃,703,吡,1
725,呆,401,军,1
725,呆,686,吊,1
725,呆,1459,寻,1
725,呆,1669,年,1
725,呆,4391,米,1
725,呆,4677,耒,1
725,呆,6503,长,1
726,呈,716,吴,1
726,呈,2449,星,1
726,呈,3895,皇,1
726,呈,4284,笔,1
726,呈,4878,至,1
726,呈,5305,虽,1
727,告,25,丢,1
727,告,359,先,1
727,告,1033,圭,1
727,告,1535,岩,1
727,告,2421,旨,1
727,告,2445,昔,1
728,呋,730,呒,1
728,呋,746,味,1
729,呐,677,叻,1
729,呐,762,咐,1
730,呒,731,呓,1
731,呓,681,吃,1
731,呓,732,呔,1
732,呔,702,吠,1
732,呔,734,呖,1
733,呕,801,哐,1
733,呕,2997,沤,1
734,呖,724,呃,1
734,呖,742,呦,1
735,呗,737,呙,1
735,呗,1056,坝,1
735,呗,1528,岘,1
736,员,1221,奂,1
736,员,5763,贞,1
736,员,5764,负,1
736,员,5765,贡,1
736,员,5794,贾,1
737,呙,686,吊,1
737,呙,704,吣,1
737,呙,4964,芮,1
738,呛,126,仑,1
739,呜,697,吗,1
739,呜,1057,坞,1
740,呢,800,哏,1
740,呢,2458,昵,1
740,呢,2921,氓,1
740,呢,3962,眼,1
741,呤,701,吟,1
741,呤,768,咚,1
741,呤,808,哙,1
742,呦,720,吻,1
742,呦,770,咝,1
742,呦,2128,拗,1
743,周,854,啁,1
743,周,1013,围,1
743,周,1016,固,1
743,周,6548,阖,1
744,呱,741,呤,1
744,呱,4762,胍,1
745,呲,771,咣,1
745,呲,2903,毗,1
746,味,777,咪,1
746,味,836,唛,1
746,味,1271,妹,1
746,味,3004,沫,1
747,呵,266,俩,1
747,呵,666,叮,1
747,呵,667,可,1
747,呵,710,听,1
747,呵,750,呸,1
747,呵,854,啁,1
747,呵,6518,闷,1
747,呵,6569,阿,1
748,呶,742,呦,1
749,呷,744,呱,1
749,呷,751,呻,1
750,呸,16,丕,1
750,呸,23,丝,1
750,呸,694,吓,1
750,呸,794,哇,1
750,呸,802,哑,1
751,呻,412,冲,1
751,呻,749,呷,1
752,呼,680,吁,1
752,呼,747,呵,1
752,呼,807,哗,1
753,命,3482,爷,1
753,命,6139,邰,1
753,命,6165,郜,1
754,咀,735,呗,1
754,咀,818,哩,1
754,咀,1277,姐,1
755,咂,57,乒,1
756,咄,745,呲,1
756,咄,748,呶,1
757,咆,782,咱,1
758,咋,710,听,1
758,咋,711,吭,1
758,咋,846,唯,1
759,和,4181,种,1
761,咏,747,呵,1
762,咐,786,咻,1
763,咒,438,凳,1
763,咒,712,吮,1
764,咔,749,呷,1
765,咕,691,吐,1
765,咕,780,咭,1
765,咕,3055,洁,1
765,咕,6318,钴,1
766,咖,717,吵,1
767,咙,724,呃,1
767,咙,740,呢,1
767,咙,3640,珑,1
768,咚,769,咛,1
769,咛,756,咄,1
770,咝,801,哐,1
771,咣,702,吠,1
771,咣,728,呋,1
771,咣,806,哕,1
772,咤,811,哝,1
773,咦,804,哓,1
774,咧,715,吲,1
775,咨,4753,肾,1
776,咩,772,咤,1
777,咪,761,咏,1
777,咪,809,哚,1
777,咪,2979,沃,1
779,咬,714,吱,1
779,咬,750,呸,1
779,咬,829,唆,1
779,咬,860,啐,1
779,咬,5311,蚊,1
780,咭,791,哂,1
780,咭,1137,堎,1
781,咯,795,哈,1
781,咯,3771,略,1
781,咯,4231,空,1
781,咯,4290,笤,1
782,咱,758,咋,1
783,咳,771,咣,1
783,咳,779,咬,1
783,咳,828,唁,1
783,咳,831,唉,1
783,咳,1432,家,1
783,咳,2469,晓,1
784,咴,803,哒,1
785,咸,796,哉,1
786,咻,788,咿,1
786,咻,3158,淋,1
786,咻,3529,状,1
787,咽,854,啁,1
788,咿,749,呷,1
788,咿,797,哌,1
789,哀,104,亮,1
789,哀,1433,宸,1
789,哀,5475,衰,1
790,品,662,只,1
790,品,695,吕,1
790,品,795,哈,1
790,品,2486,晶,1
790,品,3026,法,1
791,哂,784,咴,1
791,哂,798,响,1
791,哂,2468,晒,1
792,哄,804,哓,1
792,哄,808,哙,1
792,哄,3396,烘,1
793,哆,813,哟,1
793,哆,815,哦,1
793,哆,6853,骂,1
794,哇,714,吱,1
794,哇,969,噎,1
794,哇,1112,埕,1
794,哇,1553,峡,1
794,哇,3772,畦,1
794,哇,5346,蛙,1
795,哈,681,吃,1
795,哈,701,吟,1
795,哈,808,哙,1
795,哈,4313,答,1
796,哉,2016,戋,1
796,哉,2027,战,1
796,哉,2035,截,1
796,哉,2036,戬,1
796,哉,5981,载,1
797,哌,744,呱,1
797,哌,808,哙,1
798,响,720,吻,1
798,响,734,呖,1
798,响,817,哨,1
798,响,1550,峋,1
798,响,2466,晌,1
798,响,3543,狗,1
798,响,5344,蛔,1
798,响,6798,饷,1
799,哎,792,哄,1
799,哎,2027,战,1
799,哎,4936,艾,1
799,哎,5012,茂,1
800,哏,2472,晖,1
801,哐,565,匡,1
801,哐,765,咕,1
801,哐,802,哑,1
802,哑,730,呒,1
803,哒,773,咦,1
804,哓,805,哔,1
806,哕,771,咣,1
806,哕,786,咻,1
807,哗,582,华,1
807,哗,834,唑,1
807,哗,860,啐,1
807,哗,864,啡,1
807,哗,2470,晔,1
807,哗,2867,歼,1
808,哙,809,哚,1
809,哚,810,哜,1
810,哜,776,咩,1
810,哜,781,咯,1
811,哝,784,咴,1
811,哝,800,哏,1
812,哞,749,呷,1
812,哞,809,哚,1
812,哞,836,唛,1
812,哞,3960,眸,1
813,哟,723,呀,1
814,哥,1459,寻,1
814,哥,2561,束,1
815,哦,744,呱,1
815,哦,6805,饿,1
816,哧,826,哽,1
817,哨,798,响,1
817,哨,855,啃,1
817,哨,1561,峭,1
818,哩,706,吧,1
818,哩,754,咀,1
818,哩,840,唣,1
818,哩,911,嗄,1
818,哩,984,噻,1
819,哪,1308,娜,1
819,哪,4707,聊,1
820,哭,7,上,1
820,哭,379,兴,1
821,哮,816,哧,1
821,哮,963,嘹,1
821,哮,5808,赌,1
822,哲,1138,堑,1
822,哲,2484,晳,1
822,哲,3918,盐,1
823,哳,2483,晰,1
824,哺,2477,晡,1
825,哼,409,冯,1
825,哼,2479,晦,1
826,哽,835,唔,1
826,哽,4074,硬,1
828,唁,808,哙,1
828,唁,911,嗄,1
828,唁,4105,磅,1
828,唁,6620,雁,1
829,唆,831,唉,1
829,唆,862,啖,1
829,唆,1563,峻,1
830,唇,709,含,1
831,唉,730,呒,1
831,唉,829,唆,1
833,唐,1411,官,1
833,唐,1683,序,1
833,唐,1705,康,1
833,唐,1706,庸,1
833,唐,5814,赓,1
834,唑,770,咝,1
834,唑,5876,跣,1
835,唔,2478,晤,1
836,唛,816,哧,1
837,唝,868,啧,1
837,唝,6590,陨,1
838,唠,1980,慌,1
839,唢,817,哨,1
841,唤,719,吹,1
841,唤,979,噪,1
841,唤,1142,堠,1
841,唤,2450,映,1
841,唤,2474,晚,1
842,唧,1631,师,1
844,唬,948,嘘,1
844,唬,3665,琥,1
845,售,262,信,1
845,售,835,唔,1
845,售,5666,语,1
845,售,6617,隽,1
845,售,6871,骘,1
845,售,6990,鲹,1
846,唯,422,准,1
846,唯,801,哐,1
847,唰,819,哪,1
848,唱,697,吗,1
848,唱,739,呜,1
848,唱,2988,沓,1
849,唳,841,唤,1
850,唷,925,嗡,1
850,唷,4753,肾,1
852,唾,794,哇,1
852,唾,834,唑,1
852,唾,984,噻,1
853,唿,1877,恐,1
855,啃,812,哞,1
855,啃,817,哨,1
855,啃,900,喟,1
855,啃,4745,肯,1
855,啃,4753,肾,1
856,啄,3663,琢,1
856,啄,5681,诼,1
857,商,4245,窗,1
857,商,5510,裔,1
857,商,6902,高,1
858,啉,816,哧,1
858,啉,2587,林,1
858,啉,3674,琳,1
862,啖,831,唉,1
862,啖,3168,淡,1
863,啜,932,嗫,1
864,啡,819,哪,1
865,啤,749,呷,1
865,啤,752,呼,1
865,啤,807,哗,1
865,啤,812,哞,1
865,啤,928,嗥,1
865,啤,1119,埠,1
865,啤,6595,陴,1
866,啥,752,呼,1
866,啥,831,唉,1
866,啥,924,嗟,1
866,啥,3170,淦,1
866,啥,4288,笞,1
867,啦,2118,拉,1
868,啧,906,喷,1
872,啮,855,啃,1
872,啮,884,喂,1
872,啮,3766,畔,1
872,啮,4066,硒,1
872,啮,7168,齿,1
873,啰,825,哼,1
874,啴,776,咩,1
874,啴,953,嘡,1
876,啶,3007,沱,1
876,啶,3153,淀,1
878,啸,1650,帱,1
878,啸,2483,晰,1
879,啻,324,傍,1
880,啼,961,嘴,1
880,啼,1641,帚,1
880,啼,4098,碲,1
881,啾,815,哦,1
881,啾,3985,瞅,1
881,啾,4180,秋,1
882,喀,681,吃,1
882,喀,828,唁,1
884,喂,872,啮,1
884,喂,934,嗯,1
884,喂,965,嘿,1
885,喃,5407,蝻,1
886,善,722,吾,1
886,善,5581,言,1
886,善,5587,誉,1
888,喇,490,剌,1
889,喈,3894,皆,1
890,喉,841,唤,1
890,喉,1640,帙,1
891,喊,942,嘁,1
892,喋,3198,渫,1
893,喏,917,嗒,1
896,喘,848,唱,1
896,喘,922,嗝,1
896,喘,927,嗤,1
896,喘,3208,湍,1
898,喜,1190,壹,1
898,喜,4029,砉,1
898,喜,5129,菩,1
898,喜,5307,虿,1
898,喜,5581,言,1
898,喜,6940,鲁,1
899,喝,872,啮,1
899,喝,883,喁,1
899,喝,900,喟,1
899,喝,1937,惕,1
899,喝,2516,曷,1
900,喟,848,唱,1
900,喟,889,喈,1
900,喟,5779,贯,1
901,喤,840,唣,1
902,喧,2491,暄,1
903,喱,840,唣,1
904,喳,907,喹,1
904,喳,2469,晓,1
904,喳,3194,渣,1
904,喳,6812,馇,1
906,喷,794,哇,1
906,喷,868,啧,1
908,喻,1963,愉,1
911,嗄,884,喂,1
911,嗄,7033,鸣,1
912,嗅,831,唉,1
912,嗅,865,啤,1
913,嗉,3241,溱,1
914,嗌,916,嗑,1
915,嗍,939,嗽,1
916,嗑,4111,磕,1
917,嗒,905,喵,1
918,嗓,843,唪,1
918,嗓,912,嗅,1
921,嗜,850,唷,1
921,嗜,894,喑,1
921,嗜,2485,晴,1
923,嗞,384,兹,1
925,嗡,4324,筲,1
927,嗤,956,嘧,1
927,嗤,976,噤,1
929,嗦,816,哧,1
929,嗦,821,哮,1
929,嗦,825,哼,1
931,嗪,892,喋,1
934,嗯,800,哏,1
934,嗯,883,喁,1
936,嗳,2496,暖,1
939,嗽,938,嗷,1
939,嗽,3291,漱,1
941,嘀,3275,滴,1
941,嘀,3460,熵,1
944,嘉,4107,磊,1
944,嘉,4650,翕,1
946,嘎,912,嗅,1
947,嘏,2493,暇,1
948,嘘,4096,碰,1
949,嘚,854,啁,1
949,嘚,900,喟,1
950,嘛,762,咐,1
950,嘛,821,哮,1
950,嘛,6750,额,1
956,嘧,991,嚓,1
959,嘱,921,嗜,1
959,嘱,973,噙,1
959,嘱,1571,崛,1
959,嘱,3996,瞩,1
959,嘱,7048,鸳,1
961,嘴,889,喈,1
961,嘴,896,喘,1
961,嘴,5572,觜,1
963,嘹,862,啖,1
963,嘹,991,嚓,1
964,嘻,916,嗑,1
964,嘻,974,噜,1
964,嘻,3948,真,1
965,嘿,808,哙,1
965,嘿,818,哩,1
966,噀,965,嘿,1
967,噌,894,喑,1
968,噍,3995,瞧,1
969,噎,913,嗉,1
969,噎,990,嚏,1
969,噎,1189,壶,1
973,噙,959,嘱,1
975,噢,912,嗅,1
977,器,820,哭,1
977,器,993,嚣,1
977,器,4619,罴,1
979,噪,3713,璪,1
981,噬,852,唾,1
983,噶,899,喝,1
983,噶,5236,蔼,1
984,噻,852,唾,1
984,噻,913,嗉,1
988,嚆,896,喘,1
988,嚆,1362,嫱,1
988,嚆,3990,瞒,1
989,嚎,894,喑,1
989,嚎,913,嗉,1
989,嚎,982,噱,1
990,嚏,953,嘡,1
993,嚣,992,嚚,1
993,嚣,1966,意,1
993,嚣,2902,毖,1
993,嚣,5257,薏,1
994,嚯,2508,曜,1
995,嚷,5544,襄,1
996,嚼,880,啼,1
997,囊,2169,挠,1
998,囔,999,囗,1
999,囗,439,凵,1
999,囗,1002,囝,1
1000,囚,590,博,1
1000,囚,1001,四,1
1000,囚,1003,回,1
1000,囚,1007,团,1
1000,囚,4604,网,1
1000,囚,4724,肉,1
1000,囚,6506,闪,1
1001,四,660,叨,1
1001,四,1014,囵,1
1001,四,1857,思,1
1001,四,2522,月,1
1001,四,3749,田,1
1001,四,6044,迢,1
1002,囝,1007,团,1
1002,囝,4605,罔,1
1003,回,672,叵,1
1003,回,2114,担,1
1003,回,2419,旦,1
1003,回,2512,曰,1
1004,囟,598,卤,1
1004,囟,5457,血,1
1005,因,1001,四,1
1005,因,1003,回,1
1005,因,1017,国,1
1005,因,2895,母,1
1005,因,3929,目,1
1006,囡,1002,囝,1
1006,囡,1008,囤,1
1006,囡,1014,囵,1
1006,囡,3749,田,1
1007,团,6508,闭,1
1008,囤,1005,因,1
1008,囤,1007,团,1
1008,囤,1013,围,1
1008,囤,1017,国,1
1008,囤,2567,杩,1
1008,囤,6533,阆,1
1009,囫,1002,囝,1
1009,囫,1015,囹,1
1009,囫,1022,圆,1
1009,囫,6539,阌,1
1009,囫,6543,阐,1
1010,园,1002,囝,1
1010,园,1011,困,1
1010,园,1017,国,1
1010,园,1199,夙,1
1010,园,4875,自,1
1011,困,1005,因,1
1012,囱,1003,回,1
1012,囱,3163,淘,1
1012,囱,3744,甪,1
1012,囱,4875,自,1
1012,囱,5457,血,1
1013,围,1000,囚,1
1013,围,1015,囹,1
1013,围,1024,圉,1
1013,围,1025,圊,1
1013,围,3749,田,1
1013,围,5583,訇,1
1014,囵,1009,囫,1
1015,囹,1014,囵,1
1015,囹,1018,图,1
1015,囹,1019,囿,1
1016,固,743,周,1
1016,固,1000,囚,1
1016,固,1013,围,1
1016,固,6521,闺,1
1017,国,687,同,1
1017,国,1000,囚,1
1017,国,1002,囝,1
1017,国,1006,囡,1
1017,国,1008,囤,1
1017,国,1013,围,1
1017,国,1016,固,1
1017,国,6511,闰,1
1017,国,6535,阈,1
1018,图,1001,四,1
1018,图,1017,国,1
1018,图,3929,目,1
1018,图,4604,网,1
1018,图,6532,阅,1
1019,囿,1021,圄,1
1019,囿,1025,圊,1
1019,囿,6046,迥,1
1020,圃,554,匍,1
1020,圃,1013,围,1
1020,圃,1017,国,1
1020,圃,6520,闹,1
1020,圃,6524,闽,1
1021,圄,1023,圈,1
1021,圄,1025,圊,1
1022,圆,1003,回,1
1022,圆,1008,囤,1
1022,圆,1166,墅,1
1022,圆,2895,母,1
1022,圆,6529,阂,1
1023,圈,1021,圄,1
1023,圈,1022,圆,1
1024,圉,1026,圜,1
1025,圊,1019,囿,1
1025,圊,1024,圉,1
1025,圊,6548,阖,1
1026,圜,1633,帏,1
1027,土,7,上,1
1027,土,86,五,1
1027,土,3608,王,1
1028,圣,1459,寻,1
1028,圣,4878,至,1
1029,在,620,压,1
1029,在,1680,庇,1
1029,在,2583,枉,1
1030,圩,1038,圹,1
1030,圩,3638,珏,1
1031,圪,1051,坑,1
1031,圪,2955,汔,1
1032,圬,1613,巧,1
1032,圬,2981,沅,1
1032,圬,3613,玙,1
1033,圭,3083,洼,1
1033,圭,4945,芏,1
1033,圭,4973,芼,1
1034,圮,2560,杞,1
1034,圮,7176,龈,1
1035,圯,2084,把,1
1036,地,1035,圯,1
1036,地,1097,垭,1
1036,地,3398,烛,1
1038,圹,2065,扩,1
1038,圹,3786,疒,1
1039,场,1044,均,1
1039,场,2067,扫,1
1039,场,2566,杨,1
1039,场,3364,炀,1
1039,场,3614,玚,1
1040,圻,710,听,1
1040,圻,2092,折,1
1040,圻,5321,蚧,1
1041,圾,1043,坂,1
1041,圾,1044,均,1
1041,圾,1075,垃,1
1041,圾,2089,投,1
1041,圾,2360,效,1
1042,址,41,主,1
1042,址,1036,地,1
1042,址,1616,巫,1
1042,址,2071,扯,1
1043,坂,2073,扳,1
1043,坂,3761,畈,1
1043,坂,6788,饭,1
1044,均,1071,坷,1
1044,均,1094,垧,1
1044,均,1100,垱,1
1044,均,2129,拘,1
1045,坊,1054,坛,1
1045,坊,1613,巧,1
1045,坊,5319,蚣,1
1047,坍,394,册,1
1047,坍,1078,垆,1
1048,坎,1043,坂,1
1048,坎,1044,均,1
1048,坎,1052,块,1
1048,坎,1085,垛,1
1049,坏,1054,坛,1
1049,坏,1065,坪,1
1050,坐,1033,圭,1
1050,坐,4273,竺,1
1050,坐,4286,笙,1
1050,坐,6052,迭,1
1051,坑,1075,垃,1
1051,坑,1077,垅,1
1052,块,2161,挎,1
1052,块,3621,玦,1
1053,坚,1472,尘,1
1054,坛,1233,套,1
1056,坝,3537,狈,1
1057,坞,1066,坫,1
1057,坞,1110,埒,1
1057,坞,1933,惇,1
1058,坟,1034,圮,1
1058,坟,1041,圾,1
1058,坟,2359,故,1
1058,坟,3548,狡,1
1058,坟,4954,芡,1
1058,坟,5311,蚊,1
1059,坠,1139,堕,1
1060,坡,4868,臆,1
1061,坤,1064,坩,1
1061,坤,2109,抽,1
1062,坦,1091,垣,1
1062,坦,5628,诅,1
1063,坨,1036,地,1
1065,坪,1119,埠,1
1065,坪,3390,烀,1
1066,坫,1051,坑,1
1066,坫,1063,坨,1
1068,坯,1034,圮,1
1068,坯,1049,坏,1
1069,坳,2128,拗,1
1071,坷,2394,斥,1
1071,坷,3645,珥,1
1071,坷,6669,靠,1
1072,坻,1313,娩,1
1072,坻,2105,抵,1
1074,垂,1272,妻,1
1074,垂,2594,枣,1
1074,垂,6254,重,1
1075,垃,1125,培,1
1075,垃,2139,拦,1
1075,垃,2565,杧,1
1076,垄,7182,龚,1
1077,垅,2135,拢,1
1079,型,4896,舞,1
1080,垌,2676,桐,1
1081,垍,1091,垣,1
1081,垍,1131,堆,1
1081,垍,2121,拍,1
1082,垒,2331,擂,1
1082,垒,3913,盉,1
1082,垒,6256,量,1
1083,垓,2659,核,1
1084,垕,223,侄,1
1085,垛,1403,守,1
1085,垛,2225,探,1
1087,垟,2422,早,1
1089,垡,236,侥,1
1090,垢,1173,增,1
1090,垢,3632,珀,1
1091,垣,1878,恒,1
1091,垣,3080,洹,1
1092,垤,1049,坏,1
1094,垧,798,响,1
1094,垧,2607,枸,1
1096,垫,2583,枉,1
1096,垫,3409,热,1
1098,垮,1127,埼,1
1098,垮,5517,裤,1
1099,垯,1145,堪,1
1099,垯,2167,挞,1
1100,垱,2139,拦,1
1100,垱,3649,珰,1
1101,垲,1519,岂,1
1102,垴,1035,圯,1
1103,垸,1136,堍,1
1104,埂,2701,梗,1
1105,埃,261,俟,1
1105,埃,1086,垞,1
1105,埃,1112,埕,1
1105,埃,1119,埠,1
1105,埃,1136,堍,1
1105,埃,2176,挨,1
1107,埋,257,俚,1
1107,埋,624,厘,1
1107,埋,818,哩,1
1107,埋,1062,坦,1
1107,埋,1075,垃,1
1107,埋,1131,堆,1
1107,埋,1952,惯,1
1107,埋,3654,理,1
1107,埋,6148,邻,1
1108,城,1072,坻,1
1109,埏,1722,延,1
1109,埏,2182,挺,1
1109,埏,5371,蜒,1
1111,埔,1148,堵,1
1111,埔,2195,捕,1
1112,埕,1092,垤,1
1112,埕,2193,捏,1
1113,埗,1144,堤,1
1115,埙,2197,损,1
1115,埙,6715,顷,1
1116,埚,1252,妈,1
1117,埝,3697,璁,1
1118,域,1111,埔,1
1118,域,1117,埝,1
1119,埠,1120,埤,1
1120,埤,1110,埒,1
1120,埤,2203,捭,1
1121,埭,2724,棣,1
1122,埯,2230,掩,1
1125,培,1045,坊,1
1125,培,1075,垃,1
1125,培,5676,请,1
1125,培,5709,谙,1
1126,基,5021,茎,1
1126,基,5034,茫,1
1126,基,5048,荃,1
1127,埼,1098,垮,1
1127,埼,2218,掎,1
1129,堀,1090,垢,1
1130,堂,1422,室,1
1130,堂,1475,尝,1
1130,堂,2723,棠,1
1130,堂,4231,空,1
1130,堂,5048,荃,1
1131,堆,1279,姒,1
1131,堆,2229,推,1
1131,堆,6621,雄,1
1132,堇,5141,萆,1
1133,堉,1169,墒,1
1133,堉,4436,系,1
1135,堌,4186,租,1
1136,堍,2183,挽,1
1138,堑,1097,垭,1
1138,堑,2490,暂,1
1138,堑,2744,椠,1
1139,堕,5861,跄,1
1141,堞,4452,纛,1
1143,堡,259,保,1
1143,堡,1089,垡,1
1144,堤,1107,埋,1
1144,堤,2604,枵,1
1144,堤,3215,湜,1
1145,堪,1091,垣,1
1145,堪,1155,塔,1
1146,堰,1091,垣,1
1148,堵,1127,埼,1
1148,堵,1133,堉,1
1148,堵,2145,拮,1
1148,堵,3055,洁,1
1151,塆,1098,垮,1
1151,塆,2296,摈,1
1152,塌,1309,娟,1
1152,塌,3667,琨,1
1153,塍,4854,膛,1
1154,塑,1079,型,1
1154,塑,2528,朔,1
1155,塔,349,儋,1
1155,塔,2151,拷,1
1155,塔,2265,揾,1
1155,塔,3306,潦,1
1155,塔,4313,答,1
1156,塘,1098,垮,1
1156,塘,1167,墈,1
1156,塘,1168,墉,1
1156,塘,3229,溏,1
1157,塞,1445,寒,1
1157,塞,2287,搴,1
1158,塥,1106,埇,1
1159,填,919,嗔,1
1159,填,1091,垣,1
1159,填,1145,堪,1
1159,填,3252,滇,1
1159,填,3668,琪,1
1160,塬,1345,嫁,1
1160,塬,5414,螈,1
1161,塮,1114,埘,1
1162,塾,3454,熟,1
1165,境,1051,坑,1
1165,境,1083,垓,1
1165,境,1149,塃,1
1165,境,3656,琉,1
1166,墅,90,些,1
1166,墅,6255,野,1
1167,墈,541,勘,1
1169,墒,941,嘀,1
1169,墒,1106,埇,1
1169,墒,1133,堉,1
1169,墒,1356,嫡,1
1169,墒,2300,摘,1
1170,墓,1132,堇,1
1170,墓,5201,蓁,1
1171,墙,1362,嫱,1
1173,增,1063,坨,1
1173,增,1133,堉,1
1173,增,1993,憎,1
1173,增,4584,缩,1
1173,增,4590,缯,1
1174,墟,388,冀,1
1175,墦,1171,墙,1
1175,墦,5439,蟠,1
1177,墩,2504,暾,1
1179,壁,1059,坠,1
1179,壁,1364,嬖,1
1179,壁,6014,辟,1
1180,壅,1713,廑,1
1181,壑,3982,睿,1
1182,壕,1345,嫁,1
1183,壤,2346,攘,1
1184,士,5,丈,1
1184,士,41,主,1
1184,士,1240,女,1
1184,士,1611,工,1
1185,壬,48,乇,1
1186,壮,114,仁,1
1186,壮,1862,性,1
1186,壮,2559,杜,1
1186,壮,2562,杠,1
1187,声,2062,扣,1
1188,壳,1495,居,1
1189,壶,5172,葫,1
1190,壹,3915,盍,1
1190,壹,5205,蓉,1
1190,壹,5267,薹,1
1191,夂,0,々,1
1191,夂,1197,夕,1
1193,备,682,各,1
1193,备,1226,奋,1
1193,备,3770,畜,1
1194,复,631,厦,1
1194,复,651,变,1
1194,复,5775,贫,1
1195,夏,534,勇,1
1195,夏,631,厦,1
1195,夏,651,变,1
1195,夏,654,叟,1
1195,夏,789,哀,1
1195,夏,3046,泵,1
1195,夏,3479,爱,1
1195,夏,4229,穸,1
1195,夏,5855,趸,1
1197,夕,75,了,1
1197,夕,374,六,1
1197,夕,1191,夂,1
1197,夕,2394,斥,1
1198,外,119,仆,1
1198,外,578,升,1
1198,外,2866,死,1
1199,夙,226,例,1
1199,夙,433,凤,1
1200,多,793,哆,1
1200,多,1245,好,1
1200,多,4226,穴,1
1200,多,4607,罗,1
1201,夜,1680,庇,1
1201,夜,1701,庭,1
1201,夜,4125,礳,1
1201,夜,5093,莜,1
1202,够,4788,胶,1
1202,够,4834,腭,1
1205,大,8,下,1
1205,大,374,六,1
1205,大,1477,尤,1
1205,大,3353,火,1
1205,大,3524,犬,1
1206,天,355,元,1
1206,天,1476,尢,1
1206,天,1485,尺,1
1206,天,1727,开,1
1206,天,2979,沃,1
1206,天,3355,灭,1
1206,天,3608,王,1
1207,太,5,丈,1
1207,太,1476,尢,1
1207,太,1485,尺,1
1207,太,3476,爪,1
1208,夫,1217,夹,1
1208,夫,1485,尺,1
1209,夬,595,卡,1
1210,夭,1185,壬,1
1210,夭,1205,大,1
1210,夭,4174,禾,1
1211,央,670,史,1
1211,央,1209,夬,1
1211,央,1213,失,1
1211,央,1471,尖,1
1211,央,1824,忠,1
1211,央,5297,虫,1
1211,央,5836,走,1
1212,夯,1187,声,1
1212,夯,1230,奔,1
1213,失,359,先,1
1213,失,418,冼,1
1213,失,670,史,1
1213,失,1471,尖,1
1213,失,4010,矢,1
1214,头,413,决,1
1214,头,702,吠,1
1214,头,1205,大,1
1214,头,1208,夫,1
1215,夷,1290,姨,1
1215,夷,5055,荑,1
1215,夷,6702,韦,1
1215,夷,7113,麦,1
1216,夸,375,兮,1
1216,夸,1686,库,1
1217,夹,22,东,1
1217,夹,728,呋,1
1217,夹,1208,夫,1
1217,夹,1209,夬,1
1217,夹,1214,头,1
1218,夺,22,东,1
1218,夺,417,冻,1
1218,夺,1223,奇,1
1218,夺,1458,寺,1
1218,夺,1460,导,1
1221,奂,4010,矢,1
1222,奄,1226,奋,1
1223,奇,814,哥,1
1223,奇,4993,苛,1
1224,奈,22,东,1
1224,奈,1216,夸,1
1224,奈,1218,夺,1
1224,奈,1379,孛,1
1224,奈,2553,李,1
1225,奉,43,举,1
1225,奉,6663,青,1
1226,奋,1222,奄,1
1226,奋,1223,奇,1
1226,奋,2421,旨,1
1226,奋,2523,有,1
1226,奋,3891,百,1
1228,奏,2246,揍,1
1228,奏,2819,橐,1
1230,奔,1730,弃,1
1231,奕,1733,弈,1
1231,奕,2663,栾,1
1231,奕,4877,臭,1
1233,套,1227,奎,1
1236,奠,4626,美,1
1236,奠,5026,茕,1
1236,奠,5099,莫,1
1237,奢,1233,套,1
1237,奢,4173,禽,1
1237,奢,4671,者,1
1238,奥,382,具,1
1238,奥,3020,泉,1
1238,奥,4877,臭,1
1239,奭,2459,昶,1
1240,女,3,七,1
1240,女,54,乎,1
1240,女,89,亚,1
1240,女,2014,戈,1
1240,女,4933,艹,1
1241,奴,676,叹,1
1241,奴,1245,好,1
1241,奴,1247,如,1
1241,奴,2359,故,1
1242,奶,453,切,1
1242,奶,608,却,1
1242,奶,1247,如,1
1243,奸,1262,妤,1
1243,奸,5038,茱,1
1243,奸,5648,诚,1
1244,她,2900,比,1
1245,好,1243,奸,1
1245,好,1251,妇,1
1246,妁,1251,妇,1
1247,如,598,卤,1
1247,如,1242,奶,1
1247,如,1251,妇,1
1247,如,1259,妙,1
1248,妃,1244,她,1
1248,妃,1266,妪,1
1249,妄,851,唼,1
1249,妄,1404,安,1
1250,妆,2078,找,1
1250,妆,3529,状,1
1251,妇,3890,白,1
1252,妈,552,匆,1
1252,妈,1245,好,1
1252,妈,1262,妤,1
1252,妈,1274,姆,1
1252,妈,7035,鸥,1
1253,妊,1276,始,1
1253,妊,1278,姑,1
1253,妊,1280,姓,1
1254,妍,1243,奸,1
1255,妒,1262,妤,1
1255,妒,2632,柳,1
1256,妓,1288,姣,1
1256,妓,2558,杖,1
1256,妓,2863,歧,1
1257,妖,59,乔,1
1257,妖,1052,块,1
1257,妖,1253,妊,1
1257,妖,2844,欤,1
1257,妖,3693,瑶,1
1258,妗,1267,妫,1
1258,妗,1276,始,1
1258,妗,1303,娉,1
1259,妙,548,勾,1
1259,妙,1251,妇,1
1259,妙,2991,沙,1
1260,妞,1277,姐,1
1261,妣,1258,妗,1
1263,妥,1404,安,1
1263,妥,2896,每,1
1263,妥,2905,毛,1
1263,妥,3478,爰,1
1263,妥,4301,笺,1
1263,妥,5740,豆,1
1263,妥,6807,馁,1
1264,妨,1242,奶,1
1264,妨,1267,妫,1
1264,妨,1276,始,1
1267,妫,1251,妇,1
1268,妮,1088,垠,1
1268,妮,1248,妃,1
1268,妮,1306,娓,1
1270,妲,1062,坦,1
1270,妲,1247,如,1
1271,妹,1336,媒,1
1271,妹,5347,蛛,1
1272,妻,421,凄,1
1272,妻,1317,娶,1
1273,妾,1249,妄,1
1273,妾,1263,妥,1
1273,妾,1285,姜,1
1273,妾,5186,蒌,1
1274,姆,1293,姻,1
1274,姆,1336,媒,1
1275,姊,1255,妒,1
1276,始,1264,妨,1
1276,始,1278,姑,1
1276,始,1318,娼,1
1276,始,2103,抬,1
1277,姐,754,咀,1
1277,姐,1260,妞,1
1277,姐,1767,彤,1
1277,姐,2424,旭,1
1277,姐,3544,狙,1
1277,姐,4488,组,1
1278,姑,1245,好,1
1278,姑,1247,如,1
1278,姑,1264,妨,1
1278,姑,3613,玙,1
1279,姒,1282,姗,1
1280,姓,1252,妈,1
1280,姓,1253,妊,1
1280,姓,1276,始,1
1280,姓,1277,姐,1
1280,姓,1286,姝,1
1280,姓,1297,娃,1
1280,姓,1862,性,1
1280,姓,5318,蚝,1
1281,委,1263,妥,1
1282,姗,1274,姆,1
1283,姘,1311,娣,1
1283,姘,6803,饼,1
1284,姚,1261,妣,1
1285,姜,4626,美,1
1285,姜,5083,荽,1
1285,姜,5142,萋,1
1286,姝,1271,妹,1
1288,姣,1256,妓,1
1289,姥,1300,娆,1
1289,姥,1313,娩,1
1289,姥,1323,婕,1
1290,姨,597,卣,1
1290,姨,1307,娘,1
1290,姨,1346,嫂,1
1291,姬,3378,炬,1
1292,姹,1063,坨,1
1292,姹,1304,娌,1
1293,姻,1274,姆,1
1293,姻,1277,姐,1
1293,姻,2676,桐,1
1295,姿,1263,妥,1
1296,威,248,俄,1
1296,威,2021,成,1
1297,娃,1131,堆,1
1297,娃,1253,妊,1
1297,娃,1278,姑,1
1297,娃,1287,姞,1
1297,娃,1300,娆,1
1298,娄,1273,妾,1
1298,娄,1281,委,1
1298,娄,1328,婪,1
1298,娄,3227,溇,1
1298,娄,4393,类,1
1298,娄,5830,赤,1
1299,娅,1097,垭,1
1299,娅,1247,如,1
1302,娈,1273,妾,1
1304,娌,1107,埋,1
1304,娌,1274,姆,1
1304,娌,1326,婢,1
1304,娌,3561,狸,1
1305,娑,1295,姿,1
1306,娓,1268,妮,1
1307,娘,1288,姣,1
1307,娘,1340,媲,1
1307,娘,3564,狼,1
1308,娜,1255,妒,1
1308,娜,1284,姚,1
1309,娟,1356,嫡,1
1310,娠,1090,垢,1
1310,娠,1301,娇,1
1310,娠,1306,娓,1
1310,娠,1307,娘,1
1312,娥,2022,我,1
1312,娥,5361,蛾,1
1313,娩,1292,姹,1
1314,娱,1313,娩,1
1314,娱,5922,蹊,1
1316,娴,1293,姻,1
1317,娶,1053,坚,1
1317,娶,1146,堰,1
1317,娶,1302,娈,1
1318,娼,1252,妈,1
1318,娼,1309,娟,1
1318,娼,1337,媚,1
1318,娼,1339,媪,1
1319,婀,1134,堋,1
1321,婉,1292,姹,1
1321,婉,1313,娩,1
1321,婉,1347,嫉,1
1321,婉,1414,宛,1
1322,婊,1290,姨,1
1322,婊,1310,娠,1
1323,婕,1290,姨,1
1324,婚,1318,娼,1
1325,婞,1354,嫜,1
1328,婪,2703,梦,1
1328,婪,3424,焚,1
1328,婪,5991,辇,1
1329,婳,1293,姻,1
1329,婳,1326,婢,1
1329,婳,4551,缅,1
1330,婴,4600,罂,1
1332,婶,1292,姹,1
1332,婶,1331,婵,1
1333,婷,1262,妤,1
1333,婷,1325,婞,1
1334,婺,1317,娶,1
1335,婿,1327,婧,1
1335,婿,1343,媸,1
1335,婿,1357,嫣,1
1335,婿,4569,缙,1
1337,媚,1268,妮,1
1337,媚,1318,娼,1
1337,媚,2759,楣,1
1339,媪,1318,娼,1
1341,媳,1292,姹,1
1341,媳,1303,娉,1
1341,媳,3453,熜,1
1341,媳,5891,跽,1
1345,嫁,1314,娱,1
1346,嫂,920,嗖,1
1346,嫂,1341,媳,1
1346,嫂,3468,燠,1
1348,嫌,1277,姐,1
1351,嫖,945,嘌,1
1352,嫘,1303,娉,1
1353,嫚,1349,嫒,1
1356,嫡,1337,媚,1
1360,嫪,5727,谬,1
1363,嬉,1325,婞,1
1364,嬖,2834,檗,1
1367,嬴,4639,羸,1
1370,子,11,与,1
1370,子,75,了,1
1370,子,576,千,1
1370,子,1467,小,1
1370,子,1667,干,1
1370,子,3607,玉,1
1371,孑,449,刁,1
1371,孑,2052,手,1
1372,孓,1721,廴,1
1372,孓,2865,歹,1
1373,孔,20,业,1
1373,孔,2434,旻,1
1374,孕,1375,字,1
1374,孕,1484,尹,1
1374,孕,2079,承,1
1375,字,4675,耍,1
1376,存,126,仑,1
1376,存,2523,有,1
1377,孙,97,亦,1
1377,孙,1373,孔,1
1378,孚,1386,孥,1
1378,孚,1387,学,1
1378,孚,5097,莩,1
1379,孛,1375,字,1
1380,孜,643,及,1
1380,孜,2355,改,1
1380,孜,2357,放,1
1380,孜,2358,政,1
1380,孜,2359,故,1
1380,孜,3612,玖,1
1380,孜,4023,矽,1
1380,孜,4025,矿,1
1381,孝,821,哮,1
1381,孝,1384,季,1
1381,孝,5054,荐,1
1382,孟,664,召,1
1382,孟,3358,灵,1
1384,季,1389,孪,1
1384,季,1731,弄,1
1384,季,4175,秀,1
1385,孤,1377,孙,1
1385,孤,1380,孜,1
1385,孤,1747,弧,1
1385,孤,3720,瓢,1
1385,孤,4746,肱,1
1386,孥,1748,弩,1
1387,学,569,匮,1
1387,学,1398,宁,1
1389,孪,1751,弯,1
1389,孪,2165,挛,1
1389,孪,2663,栾,1
1389,孪,2703,梦,1
1389,孪,7029,鸟,1
1391,孰,537,勍,1
1391,孰,2373,敦,1
1391,孰,2960,汝,1
1395,孺,2322,播,1
1395,孺,4117,磷,1
1395,孺,4433,糯,1
1396,孽,1393,孳,1
1397,宀,92,亠,1
1398,宁,58,乓,1
1398,宁,76,予,1
1398,宁,99,亨,1
1398,宁,1375,字,1
1398,宁,1397,宀,1
1398,宁,1399,它,1
1398,宁,1403,守,1
1398,宁,1405,宋,1
1398,宁,1738,弓,1
1398,宁,3032,泞,1
1399,它,126,仑,1
1399,它,1401,宅,1
1399,它,3114,浪,1
1401,宅,1416,宝,1
1401,宅,1425,宪,1
1401,宅,1436,宾,1
1401,宅,1677,庀,1
1401,宅,6780,饣,1
1403,守,1375,字,1
1403,守,1402,宇,1
1403,守,1458,寺,1
1404,安,1249,妄,1
1404,安,1418,宠,1
1404,安,2359,故,1
1405,宋,1375,字,1
1405,宋,1417,实,1
1405,宋,1544,岽,1
1405,宋,2541,朱,1
1405,宋,2547,杂,1
1405,宋,2616,染,1
1406,完,360,光,1
1406,完,1400,宄,1
1406,完,1410,宗,1
1406,完,1435,宽,1
1406,完,4625,羌,1
1407,宏,1400,宄,1
1407,宏,1418,宠,1
1407,宏,1768,彦,1
1407,宏,4874,臧,1
1407,宏,5297,虫,1
1408,宓,1418,宠,1
1408,宓,1427,宬,1
1408,宓,1810,必,1
1408,宓,4239,窈,1
1409,宕,1407,宏,1
1409,宕,5001,若,1
1410,宗,105,亲,1
1410,宗,1224,奈,1
1410,宗,1402,宇,1
1410,宗,1432,家,1
1410,宗,2546,杀,1
1410,宗,2671,案,1
1410,宗,3164,淙,1
1411,官,1404,安,1
1411,官,1415,宜,1
1411,官,1424,宦,1
1411,官,1433,宸,1
1411,官,1446,寓,1
1411,官,4236,窄,1
1412,宙,100,亩,1
1412,宙,1545,岿,1
1413,定,1416,宝,1
1413,定,3362,灾,1
1413,定,4260,立,1
1413,定,4928,良,1
1413,定,6021,辶,1
1413,定,6060,退,1
1414,宛,4227,究,1
1415,宜,88,亘,1
1415,宜,1421,宣,1
1415,宜,2978,沂,1
1415,宜,3933,直,1
1416,宝,1406,完,1
1416,宝,1411,官,1
1416,宝,1869,总,1
1417,实,378,关,1
1417,实,4234,突,1
1418,宠,713,启,1
1418,宠,1407,宏,1
1418,宠,1434,容,1
1419,审,168,伞,1
1419,审,1404,安,1
1419,审,3502,牢,1
1420,客,1411,官,1
1420,客,1422,室,1
1420,客,4240,窍,1
1420,客,4246,窘,1
1420,客,5738,谷,1
1421,宣,100,亩,1
1421,宣,1399,它,1
1421,宣,4237,窅,1
1421,宣,4245,窗,1
1421,宣,6935,鱼,1
1422,室,1401,宅,1
1422,室,1417,实,1
1423,宥,1431,宵,1
1423,宥,4245,窗,1
1423,宥,4740,肩,1
1424,宦,1415,宜,1
1426,宫,5581,言,1
1428,宰,3502,牢,1
1429,害,387,兽,1
1429,害,2519,曾,1
1429,害,6710,音,1
1430,宴,6091,逶,1
1431,宵,1423,宥,1
1431,宵,1424,宦,1
1431,宵,1446,寓,1
1431,宵,2519,曾,1
1431,宵,2573,杳,1
1431,宵,2940,氰,1
1431,宵,6644,霄,1
1431,宵,6886,骨,1
1432,家,1410,宗,1
1432,家,1761,彖,1
1432,家,3020,泉,1
1432,家,5746,象,1
1433,宸,3102,浔,1
1434,容,626,厝,1
1434,容,4230,穹,1
1434,容,5129,菩,1
1434,容,5468,衤,1
1434,容,5581,言,1
1435,宽,104,亮,1
1435,宽,5045,茺,1
1435,宽,5794,贾,1
1437,宿,1443,富,1
1437,宿,1639,帘,1
1437,宿,3830,痛,1
1437,宿,5221,蓿,1
1438,寂,2373,敦,1
1439,寄,286,倚,1
1439,寄,385,养,1
1439,寄,1410,宗,1
1440,寅,406,冥,1
1440,寅,1424,宦,1
1441,密,948,嘘,1
1441,密,1426,宫,1
1442,寇,37,丶,1
1442,寇,4651,翘,1
1443,富,1424,宦,1
1443,富,1426,宫,1
1443,富,1434,容,1
1443,富,1567,崇,1
1443,富,4248,窝,1
1443,富,4250,窠,1
1443,富,6902,高,1
1444,寐,4158,祼,1
1445,寒,1157,塞,1
1445,寒,2930,氡,1
1445,寒,5072,荩,1
1445,寒,5821,赛,1
1445,寒,6638,零,1
1446,寓,1438,寂,1
1446,寓,1443,富,1
1446,寓,3754,男,1
1446,寓,4235,窃,1
1446,寓,6902,高,1
1447,寝,3815,疾,1
1447,寝,4154,祲,1
1448,寞,1238,奥,1
1448,寞,6652,霓,1
1449,察,4440,紧,1
1450,寡,5590,謇,1
1451,寤,601,卩,1
1452,寥,1449,察,1
1452,寥,5540,褰,1
1453,寨,2287,搴,1
1453,寨,5821,赛,1
1453,寨,6044,迢,1
1454,寮,1445,寒,1
1456,寸,2052,手,1
1456,寸,2054,才,1
1457,对,6125,邓,1
1458,寺,11,与,1
1458,寺,1223,奇,1
1458,寺,4942,芋,1
1458,寺,5830,赤,1
1458,寺,5958,车,1
1459,寻,1668,平,1
1459,寻,1760,录,1
1459,寻,6835,驯,1
1460,导,1729,异,1
1460,导,6020,辱,1
1461,寿,1218,夺,1
1462,封,4457,纣,1
1462,封,4679,耕,1
1462,封,6305,钧,1
1464,将,2661,格,1
1464,将,3089,浆,1
1464,将,3132,涛,1
1465,尉,2389,斜,1
1465,尉,6556,阡,1
1466,尊,1236,奠,1
1466,尊,1387,学,1
1466,尊,2663,栾,1
1466,尊,5254,薄,1
1467,小,38,丸,1
1467,小,372,八,1
1467,小,1370,子,1
1467,小,2942,水,1
1468,少,1398,宁,1
1469,尔,584,卑,1
1469,尔,1374,孕,1
1469,尔,1375,字,1
1469,尔,1378,孚,1
1470,尕,1374,孕,1
1471,尖,1209,夬,1
1471,尖,1213,失,1
1472,尘,41,主,1
1472,尘,1519,岂,1
1472,尘,3740,生,1
1472,尘,4391,米,1
1472,尘,4945,芏,1
1473,尚,284,倘,1
1473,尚,657,古,1
1473,尚,1527,岗,1
1473,尚,3017,泃,1
1473,尚,3938,省,1
1473,尚,4996,苟,1
1473,尚,5040,茴,1
1474,尜,1823,忝,1
1475,尝,367,党,1
1475,尝,3497,牚,1
1475,尝,4236,窄,1
1475,尝,5094,莞,1
1475,尝,5587,誉,1
1475,尝,5632,诊,1
1476,尢,1205,大,1
1476,尢,1816,忐,1
1477,尤,2014,戈,1
1477,尤,2416,无,1
1477,尤,7181,龙,1
1478,尥,2424,旭,1
1479,尧,4961,芫,1
1480,尬,7038,鸩,1
1482,尴,3269,滥,1
1483,尸,448,刀,1
1483,尸,1208,夫,1
1483,尸,2040,户,1
1483,尸,3751,甲,1
1484,尹,27,严,1
1484,尹,1483,尸,1
1484,尹,1731,弄,1
1485,尺,1206,天,1
1485,尺,2840,欠,1
1487,尼,1497,屉,1
1487,尼,2438,昆,1
1487,尼,2900,比,1
1487,尼,4927,艮,1
1488,尽,1494,屃,1
1488,尽,1499,屋,1
1489,尾,6273,钅,1
1490,尿,1498,届,1
1490,尿,1705,康,1
1490,尿,3357,灰,1
1491,局,1495,居,1
1491,局,3159,淌,1
1492,屁,1490,尿,1
1492,屁,2438,昆,1
1492,屁,2920,民,1
1493,层,166,会,1
1493,层,1495,居,1
1493,层,2980,沄,1
1495,居,1281,委,1
1495,居,1493,层,1
1495,居,2920,民,1
1496,屈,1493,层,1
1496,屈,5364,蜃,1
1498,届,1495,居,1
1498,届,1507,屠,1
1499,屋,1487,尼,1
1499,屋,1489,尾,1
1499,屋,1496,屈,1
1499,屋,1686,库,1
1499,屋,3783,疍,1
1500,屎,1490,尿,1
1500,屎,1509,屣,1
1500,屎,2042,戾,1
1501,屏,1489,尾,1
1501,屏,1729,异,1
1503,屑,1491,局,1
1503,屑,3937,盾,1
1504,展,1493,层,1
1504,展,2051,扊,1
1506,属,1492,屁,1
1506,属,1493,层,1
1506,属,1496,屈,1
1506,属,6672,靥,1
1508,屡,1504,展,1
1508,屡,2047,扅,1
1508,屡,4641,羼,1
1510,履,1509,屣,1
1510,履,2047,扅,1
1510,履,2890,殿,1
1511,屦,1509,屣,1
1512,屮,3015,沾,1
1513,屯,707,吨,1
1513,屯,1240,女,1
1514,山,440,凶,1
1514,山,2860,此,1
1515,屹,1516,屺,1
1515,屹,1566,崆,1
1515,屹,1919,悦,1
1516,屺,1520,岈,1
1517,屿,227,侍,1
1517,屿,1572,崞,1
1517,屿,7059,鸿,1
1518,岁,443,出,1
1518,岁,647,发,1
1518,岁,2865,歹,1
1518,岁,4229,穸,1
1518,岁,4607,罗,1
1519,岂,1532,岜,1
1519,岂,4934,艺,1
1519,岂,4946,芑,1
1521,岌,1518,岁,1
1521,岌,4958,芨,1
1523,岐,1558,峧,1
1524,岑,4238,窆,1
1524,岑,4629,羚,1
1524,岑,4959,芩,1
1525,岔,1848,怎,1
1525,岔,1858,怠,1
1526,岖,1528,岘,1
1526,岖,1547,峂,1
1526,岖,1851,怔,1
1527,岗,813,哟,1
1527,岗,1530,岚,1
1527,岗,1579,崮,1
1527,岗,4747,育,1
1530,岚,1527,岗,1
1531,岛,2516,曷,1
1531,岛,2926,氙,1
1534,岣,798,响,1
1535,岩,379,兴,1
1535,岩,4740,肩,1
1535,岩,5001,若,1
1537,岬,57,乒,1
1537,岬,1549,峄,1
1538,岭,1547,峂,1
1538,岭,3627,玲,1
1538,岭,5337,蛉,1
1540,岳,380,兵,1
1540,岳,674,号,1
1541,岵,765,咕,1
1541,岵,1638,帖,1
1543,岸,43,举,1
1543,岸,1225,奉,1
1543,岸,4277,笄,1
1544,岽,2633,柴,1
1544,岽,5042,茶,1
1545,岿,1577,崩,1
1545,岿,5473,衬,1
1548,峃,5812,赐,1
1549,峄,1562,峰,1
1550,峋,1534,岣,1
1552,峙,855,啃,1
1552,峙,1589,嵘,1
1552,峙,1874,恃,1
1552,峙,5645,诗,1
1553,峡,746,味,1
1553,峡,1217,夹,1
1553,峡,5355,蛱,1
1558,峧,1288,姣,1
1558,峧,1572,崞,1
1559,峨,815,哦,1
1560,峪,255,俗,1
1560,峪,795,哈,1
1560,峪,1575,崦,1
1560,峪,3936,盼,1
1560,峪,4786,胳,1
1562,峰,3065,洚,1
1563,峻,829,唆,1
1563,峻,1517,屿,1
1563,峻,1560,峪,1
1563,峻,1562,峰,1
1563,峻,2494,暌,1
1567,崇,1387,学,1
1567,崇,1449,察,1
1567,崇,1535,岩,1
1567,崇,1720,廪,1
1567,崇,2723,棠,1
1567,崇,4402,粜,1
1567,崇,4438,素,1
1567,崇,5178,葶,1
1567,崇,6121,邃,1
1568,崎,1517,屿,1
1569,崔,4005,瞿,1
1569,崔,4236,窄,1
1569,崔,5147,萑,1
1569,崔,6619,雀,1
1569,崔,6826,首,1
1570,崖,5031,茝,1
1572,崞,825,哼,1
1573,崟,4241,窑,1
1573,崟,6257,金,1
1574,崤,1561,峭,1
1577,崩,1134,堋,1
1578,崭,384,兹,1
1578,崭,1590,嵚,1
1578,崭,2400,新,1
1578,崭,4402,粜,1
1578,崭,5248,蕲,1
1582,崾,1563,峻,1
1582,崾,1589,嵘,1
1582,崾,1592,嵝,1
1585,嵋,900,喟,1
1592,嵝,909,喽,1
1594,嵫,948,嘘,1
1597,嵴,1528,岘,1
1598,嶂,3292,漳,1
1602,嶷,3785,疑,1
1605,巍,5131,菰,1
1605,巍,6477,镜,1
1607,川,32,丬,1
1607,川,450,刂,1
1607,川,457,刎,1
1607,川,663,叫,1
1607,川,3529,状,1
1608,州,394,册,1
1608,州,454,刈,1
1608,州,577,卅,1
1608,州,663,叫,1
1608,州,1037,圳,1
1608,州,1900,恻,1
1608,州,2195,捕,1
1608,州,3369,炒,1
1608,州,4433,糯,1
1608,州,4679,耕,1
1609,巡,6063,逃,1
1610,巢,3323,澡,1
1610,巢,4347,箪,1
1611,工,561,匚,1
1611,工,1027,土,1
1611,工,1513,屯,1
1611,工,1721,廴,1
1612,左,1029,在,1
1612,左,1075,垃,1
1612,左,5958,车,1
1613,巧,409,冯,1
1613,巧,1032,圬,1
1613,巧,1034,圮,1
1613,巧,2964,污,1
1614,巨,18,丘,1
1614,巨,84,互,1
1614,巨,361,克,1
1614,巨,565,匡,1
1614,巨,4873,臣,1
1614,巨,6124,邑,1
1616,巫,24,丞,1
1616,巫,6635,雪,1
1617,差,4625,羌,1
1617,差,4631,羞,1
1618,巯,4073,硫,1
1619,己,561,匚,1
1619,己,2859,正,1
1620,已,62,乙,1
1620,已,1398,宁,1
1621,巳,1614,巨,1
1621,巳,1622,巴,1
1621,巳,2858,止,1
1622,巴,441,凸,1
1623,巷,610,卷,1
1623,巷,4668,老,1
1623,巷,4980,苊,1
1623,巷,4999,苣,1
1623,巷,5021,茎,1
1623,巷,5035,茬,1
1625,巾,514,力,1
1625,巾,517,功,1
1625,巾,1809,忄,1
1626,币,113,什,1
1626,币,1627,市,1
1626,币,4174,禾,1
1627,市,57,乒,1
1627,市,76,予,1
1627,市,1626,币,1
1627,市,1691,庙,1
1628,布,1029,在,1
1628,布,4938,节,1
1628,布,5014,茄,1
1629,帅,577,卅,1
1629,帅,677,叻,1
1629,帅,1625,巾,1
1629,帅,1825,忡,1
1629,帅,1866,怫,1
1629,帅,1924,悯,1
1630,帆,1634,帐,1
1630,帆,3462,燃,1
1630,帆,5299,虮,1
1631,师,206,你,1
1631,师,3374,炜,1
1632,希,4748,肴,1
1632,希,5010,茀,1
1633,帏,1640,帙,1
1634,帐,1636,帔,1
1634,帐,1640,帙,1
1634,帐,4755,胀,1
1635,帑,524,努,1
1635,帑,1650,帱,1
1636,帔,1060,坡,1
1636,帔,1635,帑,1
1636,帔,1659,幌,1
1637,帕,859,啊,1
1637,帕,5777,购,1
1638,帖,1634,帐,1
1638,帖,1854,怙,1
1638,帖,1944,惦,1
1639,帘,401,军,1
1639,帘,1644,帝,1
1639,帘,4236,窄,1
1639,帘,4247,窜,1
1639,帘,6702,韦,1
1640,帙,1636,帔,1
1641,帚,1652,常,1
1642,帛,35,串,1
1642,帛,584,卑,1
1642,帛,686,吊,1
1642,帛,1632,希,1
1642,帛,2436,昂,1
1642,帛,3020,泉,1
1642,帛,3754,男,1
1643,帜,1634,帐,1
1643,帜,1638,帖,1
1644,帝,530,劳,1
1644,帝,753,命,1
1644,帝,1639,帘,1
1644,帝,1646,带,1
1644,帝,6157,郎,1
1645,帡,2652,栟,1
1645,帡,4791,胼,1
1646,带,1623,巷,1
1646,带,1628,布,1
1646,带,1652,常,1
1646,带,7139,黹,1
1647,帧,1643,帜,1
1647,帧,5408,蝼,1
1648,席,1627,市,1
1648,席,1639,帘,1
1649,帮,1711,廊,1
1651,帷,1942,惟,1
1651,帷,3272,滩,1
1651,帷,3333,濉,1
1652,常,1644,帝,1
1653,帻,1647,帧,1
1655,帽,1658,幅,1
1655,帽,1967,愔,1
1656,幂,1428,宰,1
1656,幂,3897,皋,1
1656,幂,4655,翠,1
1658,幅,1993,憎,1
1659,幌,1958,惺,1
1659,幌,5698,谎,1
1660,幔,1663,幞,1
1660,幔,1965,愎,1
1660,幔,3459,熳,1
1661,幕,2501,暮,1
1661,幕,5062,荞,1
1661,幕,5181,蒂,1
1662,幛,1665,幢,1
1665,幢,2825,橦,1
1666,幪,2534,朦,1
1666,幪,2838,檬,1
1667,干,8,下,1
1667,干,81,于,1
1667,干,407,冫,1
1667,干,575,十,1
1667,干,579,午,1
1667,干,4178,秆,1
1668,平,31,丫,1
1668,平,1667,干,1
1668,平,1669,年,1
1668,平,2052,手,1
1668,平,2564,来,1
1668,平,3608,王,1
1668,平,4719,肀,1
1669,年,401,军,1
1669,年,579,午,1
1669,年,2422,早,1
1669,年,3500,牟,1
1669,年,3751,甲,1
1669,年,5958,车,1
1670,并,378,关,1
1670,并,1230,奔,1
1670,并,1729,异,1
1670,并,1731,弄,1
1670,并,4149,祥,1
1671,幸,98,产,1
1671,幸,4236,窄,1
1671,幸,4438,素,1
1671,幸,4941,芊,1
1671,幸,6011,辛,1
1672,幺,3605,玄,1
1673,幻,1674,幼,1
1673,幻,3609,玎,1
1674,幼,115,仂,1
1674,幼,522,动,1
1675,幽,443,出,1
1675,幽,6051,迫,1
1675,幽,6566,阻,1
1676,广,81,于,1
1676,广,407,冫,1
1676,广,615,厂,1
1676,广,1765,彡,1
1678,庄,53,乍,1
1678,庄,94,亢,1
1678,庄,134,仝,1
1678,庄,620,压,1
1678,庄,713,启,1
1678,庄,1681,床,1
1678,庄,1687,应,1
1679,庆,2042,戾,1
1679,庆,3131,涘,1
1679,庆,3796,疢,1
1680,庇,4129,礼,1
1681,床,56,乐,1
1681,床,1705,康,1
1681,床,3121,涂,1
1683,序,619,厉,1
1683,序,1644,帝,1
1683,序,1648,席,1
1683,序,1684,庐,1
1683,序,1848,怎,1
1683,序,5290,虏,1
1684,庐,172,伤,1
1684,庐,1683,序,1
1686,库,1696,庠,1
1686,库,4447,縻,1
1686,库,5002,苦,1
1687,应,5294,虚,1
1687,应,6021,辶,1
1687,应,6816,馋,1
1689,庖,4980,苊,1
1691,庙,266,俩,1
1691,庙,571,区,1
1691,庙,1680,庇,1
1692,庚,833,唐,1
1692,庚,1056,坝,1
1692,庚,3139,涣,1
1694,庞,1695,废,1
1694,庞,6575,陇,1
1695,废,621,厌,1
1695,废,1712,廋,1
1696,庠,3825,痒,1
1699,度,4958,芨,1
1700,座,1499,屋,1
1700,座,1570,崖,1
1700,座,3823,痊,1
1701,庭,2459,昶,1
1701,庭,2515,更,1
1701,庭,3867,瘫,1
1701,庭,5116,菇,1
1703,庵,276,俺,1
1703,庵,1492,屁,1
1703,庵,1694,庞,1
1704,庶,1497,屉,1
1704,庶,1687,应,1
1704,庶,1705,康,1
1704,庶,2043,房,1
1704,庶,3447,熄,1
1706,庸,1718,廛,1
1707,庹,833,唐,1
1708,庼,3840,痰,1
1709,庾,1692,庚,1
1710,廉,5364,蜃,1
1711,廊,6155,郈,1
1712,廋,3864,瘦,1
1715,廓,1711,廊,1
1716,廖,1151,塆,1
1718,廛,1710,廉,1
1719,廨,1702,庳,1
1720,廪,3869,瘰,1
1721,廴,51,之,1
1721,廴,2380,文,1
1722,延,380,兵,1
1722,延,4260,立,1
1722,延,6045,迤,1
1723,廷,6025,迁,1
1725,廾,39,丹,1
1726,廿,1240,女,1
1727,开,87,井,1
1727,开,578,升,1
1727,开,1668,平,1
1729,异,6279,钋,1
1730,弃,1249,妄,1
1730,弃,1731,弄,1
1730,弃,6011,辛,1
1731,弄,1671,幸,1
1731,弄,1730,弃,1
1732,弇,1230,奔,1
1733,弈,2663,栾,1
1736,式,2014,戈,1
1736,式,2021,成,1
1736,式,2862,武,1
1736,式,3736,甘,1
1738,弓,4,万,1
1738,弓,400,写,1
1738,弓,664,召,1
1738,弓,675,司,1
1738,弓,685,吉,1
1738,弓,1429,害,1
1738,弓,1765,彡,1
1738,弓,3786,疒,1
1739,引,667,可,1
1739,引,5635,词,1
1740,弗,35,串,1
1740,弗,1670,并,1
1740,弗,5789,费,1
1741,弘,1739,引,1
1741,弘,4033,砒,1
1742,弛,1744,张,1
1743,弟,376,兰,1
1743,弟,1387,学,1
1743,弟,4008,矛,1
1743,弟,4978,苇,1
1743,弟,5154,萧,1
1744,张,3621,玦,1
1744,张,3639,珐,1
1745,弥,1753,弹,1
1745,弥,2355,改,1
1745,弥,2976,汾,1
1745,弥,3045,泳,1
1745,弥,6838,驳,1
1746,弦,2964,污,1
1746,弦,6338,铉,1
1746,弦,6857,骇,1
1747,弧,3085,派,1
1747,弧,4551,缅,1
1747,弧,5597,讣,1
1748,弩,6848,驽,1
1749,弪,4060,硁,1
1750,弭,4488,组,1
1751,弯,99,亨,1
1751,弯,640,参,1
1751,弯,1384,季,1
1751,弯,3222,湾,1
1751,弯,5589,誓,1
1752,弱,4678,耔,1
1753,弹,1745,弥,1
1753,弹,3175,淳,1
1753,弹,4494,绊,1
1754,强,1744,张,1
1754,强,1746,弦,1
1755,弼,3317,澈,1
1757,彐,67,习,1
1758,归,1834,忸,1
1759,当,41,主,1
1759,当,1758,归,1
1759,当,4943,芍,1
1760,录,1761,彖,1
1760,录,2079,承,1
1760,录,2856,歌,1
1760,录,2942,水,1
1760,录,2961,汞,1
1760,录,3358,灵,1
1760,录,5746,象,1
1766,形,72,乱,1
1766,形,455,刊,1
1766,形,473,刮,1
1767,彤,394,册,1
1767,彤,1259,妙,1
1767,彤,4798,脎,1
1767,彤,4913,舷,1
1768,彦,1730,弃,1
1768,彦,4669,考,1
1768,彦,6877,骞,1
1770,彩,124,仍,1
1770,彩,759,和,1
1771,彪,5472,衫,1
1773,彭,1190,壹,1
1773,彭,6903,髟,1
1774,彰,1771,彪,1
1774,彰,6284,钐,1
1775,影,5953,躬,1
1778,役,1729,异,1
1779,彻,2986,沏,1
1780,彼,3149,液,1
1780,彼,4522,继,1
1780,彼,5496,被,1
1780,彼,5638,诐,1
1781,往,192,住,1
1781,往,1782,征,1
1781,往,1784,径,1
1781,往,3038,注,1
1781,往,3384,炷,1
1781,往,4473,纴,1
1781,往,4534,维,1
1781,往,6331,铁,1
1782,征,133,仙,1
1782,征,187,伾,1
1782,征,4475,纶,1
1782,征,4562,缒,1
1782,征,5624,证,1
1782,征,6023,辽,1
1783,徂,189,但,1
1783,徂,1789,徊,1
1783,徂,3535,狃,1
1783,徂,4139,祖,1
1783,徂,4488,组,1
1784,径,704,吣,1
1784,径,1749,弪,1
1784,径,1781,往,1
1784,径,3393,烃,1
1784,径,4456,红,1
1785,待,256,俘,1
1785,待,1792,徐,1
1785,待,4457,纣,1
1785,待,4482,纾,1
1787,很,180,伲,1
1787,很,3547,狠,1
1788,徉,181,伴,1
1788,徉,4149,祥,1
1789,徊,189,但,1
1789,徊,1012,囱,1
1789,徊,1673,幻,1
1789,徊,1873,恂,1
1789,徊,4471,纲,1
1789,徊,4509,绚,1
1789,徊,5972,轴,1
1790,律,4466,纬,1
1791,後,250,俊,1
1791,後,1778,役,1
1792,徐,128,仔,1
1792,徐,192,住,1
1792,徐,4507,绘,1
1793,徒,1780,彼,1
1793,徒,5836,走,1
1794,徕,4483,线,1
1795,得,216,佴,1
1795,得,1792,徐,1
1795,得,4582,缧,1
1796,徘,864,啡,1
1796,徘,5682,诽,1
1797,徙,2861,步,1
1797,徙,4528,绮,1
1797,徙,4543,绽,1
1797,徙,4553,缇,1
1798,徜,4331,简,1
1798,徜,4531,绱,1
1799,御,1711,廊,1
1799,御,5462,衔,1
1801,循,203,佝,1
1801,循,3749,田,1
1801,循,4534,维,1
1801,循,4567,缗,1
1801,循,4584,缩,1
1801,循,5651,话,1
1803,微,1806,徼,1
1803,微,1807,徽,1
1803,微,3237,溦,1
1803,微,3331,激,1
1803,微,4595,缴,1
1804,徵,1807,徽,1
1805,德,235,侣,1
1805,德,4224,穗,1
1807,徽,4595,缴,1
1807,徽,4596,缵,1
1807,徽,5256,薇,1
1808,心,133,仙,1
1808,心,352,儿,1
1808,心,704,吣,1
1808,心,1514,山,1
1808,心,3354,灬,1
1809,忄,30,个,1
1809,忄,32,丬,1
1810,必,20,业,1
1810,必,125,从,1
1810,必,126,仑,1
1810,必,165,伙,1
1810,必,440,凶,1
1810,必,516,办,1
1810,必,665,叭,1
1810,必,688,名,1
1810,必,1808,心,1
1810,必,3485,爻,1
1810,必,4129,礼,1
1811,忆,1034,圮,1
1811,忆,2060,托,1
1811,忆,5301,虹,1
1813,忌,1850,怒,1
1813,忌,1895,恳,1
1814,忍,1875,恋,1
1814,忍,1877,恐,1
1816,忐,5288,虍,1
1816,忐,6692,鞡,1
1817,忑,1816,忐,1
1818,忒,1296,威,1
1818,忒,2862,武,1
1819,忖,2430,时,1
1820,志,22,东,1
1820,志,1813,忌,1
1820,志,1824,忠,1
1821,忘,357,充,1
1821,忘,1833,念,1
1821,忘,1840,态,1
1821,忘,1858,怠,1
1822,忙,1811,忆,1
1822,忙,3366,炉,1
1822,忙,3384,炷,1
1823,忝,1529,岙,1
1824,忠,1820,志,1
1826,忤,1815,忏,1
1827,忧,1077,垅,1
1827,忧,1830,忭,1
1827,忧,2641,栊,1
1827,忧,3529,状,1
1827,忧,4744,肮,1
1828,忪,1867,怯,1
1828,忪,2578,松,1
1829,快,683,吆,1
1829,快,1844,怅,1
1829,快,3510,特,1
1830,忭,1847,怍,1
1830,忭,1934,惊,1
1830,忭,2623,柞,1
1832,忱,1811,忆,1
1832,忱,1825,忡,1
1832,忱,1827,忧,1
1832,忱,1939,惚,1
1832,忱,5770,账,1
1833,念,55,乏,1
1833,念,139,令,1
1833,念,709,含,1
1833,念,1817,忑,1
1833,念,1838,忿,1
1833,念,1860,急,1
1833,念,6772,食,1
1834,忸,2576,杻,1
1835,忻,1040,圻,1
1835,忻,2060,托,1
1835,忻,5769,败,1
1836,忽,1824,忠,1
1836,忽,1838,忿,1
1836,忽,1841,怂,1
1838,忿,1525,岔,1
1838,忿,1858,怠,1
1838,忿,1860,急,1
1839,怀,1049,坏,1
1839,怀,1669,年,1
1839,怀,2569,杭,1
1840,态,3,七,1
1840,态,166,会,1
1840,态,1879,恕,1
1841,怂,1050,坐,1
1841,怂,1824,忠,1
1842,怃,1864,怩,1
1843,怄,1851,怔,1
1844,怅,1827,忧,1
1845,怆,1515,屹,1
1845,怆,1899,恺,1
1846,怊,3013,沼,1
1847,怍,202,作,1
1847,怍,4766,胙,1
1848,怎,1869,总,1
1848,怎,2926,氙,1
1848,怎,6273,钅,1
1850,怒,1836,忽,1
1850,怒,4780,胬,1
1850,怒,6921,鬼,1
1851,怔,1828,忪,1
1851,怔,1846,怊,1
1851,怔,1878,恒,1
1851,怔,6568,阽,1
1852,怕,178,伯,1
1852,怕,782,咱,1
1852,怕,1637,帕,1
1852,怕,1847,怍,1
1852,怕,1873,恂,1
1852,怕,2121,拍,1
1852,怕,3380,炮,1
1853,怖,1631,师,1
1853,怖,2230,掩,1
1854,怙,1862,性,1
1856,怜,1828,忪,1
1856,怜,1837,忾,1
1856,怜,2122,拎,1
1856,怜,2609,柃,1
1856,怜,4734,肟,1
1856,怜,5337,蛉,1
1857,思,405,冤,1
1857,思,662,只,1
1857,思,1814,忍,1
1857,思,1824,忠,1
1857,思,1895,恳,1
1857,思,6253,里,1
1858,怠,1273,妾,1
1858,怠,1848,怎,1
1858,怠,1906,悉,1
1859,怡,1847,怍,1
1859,怡,1891,恬,1
1860,急,364,兔,1
1860,急,1858,怠,1
1860,急,1906,悉,1
1860,急,1948,惫,1
1860,急,3386,点,1
1860,急,6772,食,1
1861,怦,2602,枰,1
1862,性,1280,姓,1
1862,性,1867,怯,1
1862,性,1914,悝,1
1862,性,1923,悭,1
1862,性,4808,脞,1
1863,怨,1836,忽,1
1863,怨,1850,怒,1
1863,怨,1879,恕,1
1863,怨,1884,恣,1
1864,怩,1972,愣,1
1865,怪,1053,坚,1
1865,怪,2634,柽,1
1865,怪,3534,狂,1
1865,怪,5341,蛏,1
1867,怯,1842,怃,1
1869,总,1821,忘,1
1869,总,4474,纵,1
1872,恁,830,唇,1
1873,恂,1890,恫,1
1873,恂,2647,栒,1
1873,恂,3644,珣,1
1874,恃,1464,将,1
1874,恃,1819,忖,1
1874,恃,1910,悔,1
1874,恃,1911,悖,1
1874,恃,1928,悸,1
1874,恃,2156,持,1
1874,恃,3388,炼,1
1875,恋,1302,娈,1
1875,恋,1557,峦,1
1875,恋,1896,恶,1
1875,恋,1998,憨,1
1875,恋,6058,迹,1
1876,恍,1827,忧,1
1876,恍,3357,灰,1
1876,恍,3371,炕,1
1878,恒,5968,轰,1
1880,恙,1285,姜,1
1880,恙,1872,恁,1
1880,恙,1881,恚,1
1880,恙,4625,羌,1
1880,恙,4628,羔,1
1881,恚,1880,恙,1
1885,恤,1852,怕,1
1886,恧,1860,急,1
1886,恧,1903,恿,1
1887,恨,1846,怊,1
1887,恨,1917,悢,1
1887,恨,2110,抿,1
1887,恨,3413,烺,1
1888,恩,1814,忍,1
1888,恩,1824,忠,1
1888,恩,2476,晟,1
1889,恪,4786,胳,1
1890,恫,859,啊,1
1890,恫,1293,姻,1
1890,恫,2774,榈,1
1890,恫,6563,阴,1
1891,恬,1815,忏,1
1891,恬,1822,忙,1
1891,恬,1854,怙,1
1891,恬,3082,活,1
1892,恭,1225,奉,1
1892,恭,1474,尜,1
1892,恭,1490,尿,1
1892,恭,4436,系,1
1892,恭,4445,綦,1
1893,息,668,台,1
1893,息,1857,思,1
1893,息,3757,画,1
1894,恰,1946,惨,1
1894,恰,2692,桴,1
1894,恰,4763,胎,1
1895,恳,1093,垦,1
1896,恶,25,丢,1
1896,恶,3409,热,1
1896,恶,3415,焉,1
1896,恶,3948,真,1
1896,恶,4965,芯,1
1899,恺,3380,炮,1
1901,恼,1852,怕,1
1901,恼,4801,脑,1
1902,恽,1930,悼,1
1902,恽,2174,挥,1
1903,恿,1886,恧,1
1903,恿,1893,息,1
1905,悄,252,俏,1
1905,悄,1940,惜,1
1905,悄,2702,梢,1
1905,悄,3128,涓,1
1905,悄,5657,诣,1
1906,悉,1824,忠,1
1906,悉,3773,番,1
1907,悌,1979,慊,1
1908,悍,1930,悼,1
1908,悍,1958,惺,1
1908,悍,3416,焊,1
1910,悔,1835,忻,1
1910,悔,2116,拇,1
1913,悛,1965,愎,1
1913,悛,3417,焌,1
1914,悝,579,午,1
1914,悝,1846,怊,1
1915,悟,1125,培,1
1915,悟,1867,怯,1
1915,悟,1891,恬,1
1915,悟,1958,惺,1
1915,悟,2003,懂,1
1916,悠,1850,怒,1
1916,悠,1926,悲,1
1917,悢,1887,恨,1
1918,患,1824,忠,1
1918,患,1984,慝,1
1918,患,6082,速,1
1919,悦,1935,惋,1
1919,悦,2714,棁,1
1919,悦,4206,税,1
1920,您,1872,恁,1
1920,您,3546,狞,1
1920,您,5487,袋,1
1922,悬,2455,是,1
1924,悯,2680,桕,1
1924,悯,3421,焖,1
1925,悱,4825,腓,1
1926,悲,377,共,1
1926,悲,775,咨,1
1927,悴,1826,忤,1
1927,悴,1847,怍,1
1927,悴,1861,怦,1
1927,悴,1930,悼,1
1927,悴,4414,粹,1
1928,悸,1933,惇,1
1928,悸,4681,耗,1
1929,悻,1927,悴,1
1929,悻,2009,懔,1
1929,悻,2700,梓,1
1930,悼,1878,恒,1
1930,悼,1908,悍,1
1930,悼,1929,悻,1
1930,悼,1958,惺,1
1930,悼,3414,烽,1
1931,情,1905,悄,1
1931,情,1940,惜,1
1931,情,1953,惰,1
1931,情,1967,愔,1
1932,惆,425,凋,1
1932,惆,1890,恫,1
1934,惊,1891,恬,1
1934,惊,2224,掠,1
1934,惊,2653,校,1
1935,惋,4827,腕,1
1936,惑,2031,戡,1
1936,惑,6351,铙,1
1936,惑,7026,鳡,1
1937,惕,3364,炀,1
1937,惕,4282,笏,1
1939,惚,1944,惦,1
1939,惚,5342,蛐,1
1940,惜,1911,悖,1
1940,惜,1931,情,1
1940,惜,1967,愔,1
1940,惜,2231,措,1
1942,惟,1131,堆,1
1942,惟,1949,惬,1
1942,惟,3433,煌,1
1943,惠,1233,套,1
1943,惠,1848,怎,1
1943,惠,1896,恶,1
1943,惠,2479,晦,1
1944,惦,1560,峪,1
1944,惦,1934,惊,1
1945,惧,271,俱,1
1945,惧,1643,帜,1
1945,惧,1981,慎,1
1946,惨,2699,梏,1
1947,惩,1848,怎,1
1947,惩,3426,焦,1
1948,惫,1893,息,1
1948,惫,3483,爸,1
1950,惭,2311,撅,1
1951,惮,776,咩,1
1951,惮,1826,忤,1
1951,惮,1907,悌,1
1951,惮,2239,掸,1
1951,惮,5393,蝉,1
1952,惯,450,刂,1
1952,惯,1974,愦,1
1952,惯,1982,慑,1
1952,惯,2002,憾,1
1952,惯,2796,槚,1
1953,惰,1967,愔,1
1953,惰,2719,棒,1
1954,想,1062,坦,1
1954,想,1877,恐,1
1954,想,1879,恕,1
1954,想,1926,悲,1
1954,想,3934,相,1
1954,想,5838,赴,1
1954,想,7123,黎,1
1956,惶,1140,堙,1
1956,惶,1958,惺,1
1956,惶,2000,憬,1
1956,惶,2464,晃,1
1956,惶,2678,桓,1
1956,惶,4831,腥,1
1956,惶,6259,鉴,1
1957,惹,1886,恧,1
1957,惹,5481,袁,1
1958,惺,1112,埕,1
1958,惺,1865,怪,1
1958,惺,1902,恽,1
1958,惺,2193,捏,1
1960,愁,1875,恋,1
1960,愁,3424,焚,1
1962,愈,1858,怠,1
1963,愉,2233,掭,1
1963,愉,2243,揄,1
1966,意,106,亳,1
1966,意,1860,急,1
1966,意,5257,薏,1
1967,愔,1941,惝,1
1969,愚,3288,漫,1
1970,感,1296,威,1
1970,感,1833,念,1
1970,感,1879,恕,1
1970,感,1926,悲,1
1970,感,2002,憾,1
1970,感,2028,戚,1
1971,愠,1974,愦,1
1972,愣,1955,惴,1
1973,愤,1647,帧,1
1973,愤,1653,帻,1
1973,愤,1976,愫,1
1973,愤,3224,溃,1
1974,愦,1972,愣,1
1975,愧,36,临,1
1975,愧,1917,悢,1
1975,愧,2794,槐,1
1975,愧,3425,焜,1
1977,愿,627,原,1
1977,愿,1920,您,1
1977,愿,1984,慝,1
1977,愿,6775,餍,1
1978,慈,384,兹,1
1978,慈,1813,忌,1
1978,慈,1869,总,1
1978,慈,1964,愍,1
1978,慈,1996,憝,1
1978,慈,5243,蕙,1
1980,慌,1149,塃,1
1980,慌,1919,悦,1
1980,慌,1955,惴,1
1980,慌,2147,拱,1
1981,慎,1919,悦,1
1981,慎,5695,谋,1
1982,慑,4853,膙,1
1983,慕,1170,墓,1
1983,慕,3897,皋,1
1983,慕,5153,萦,1
1983,慕,5241,蕊,1
1984,慝,1895,恳,1
1985,慢,1164,墁,1
1985,慢,1660,幔,1
1985,慢,1831,忮,1
1985,慢,1913,悛,1
1986,慥,1891,恬,1
1987,慧,580,卉,1
1987,慧,1992,憋,1
1987,慧,5166,葚,1
1989,慰,1465,尉,1
1991,慷,4865,臁,1
1991,慷,5437,蟓,1
1992,憋,1998,憨,1
1993,憎,1894,恰,1
1994,憔,1091,垣,1
1994,憔,1855,怛,1
1994,憔,2814,樵,1
1997,憧,2003,懂,1
1997,憧,2505,曈,1
1997,憧,2825,橦,1
1997,憧,3881,癔,1
1998,憨,3448,熊,1
2003,懂,1958,惺,1
2003,懂,1997,憧,1
2004,懈,1950,惭,1
2004,懈,2257,揪,1
2004,懈,3018,泄,1
2007,懑,5243,蕙,1
2008,懒,939,嗽,1
2008,懒,1647,帧,1
2010,懦,1805,德,1
2010,懦,1937,惕,1
2014,戈,577,卅,1
2014,戈,1736,式,1
2014,戈,1810,必,1
2015,戊,1036,地,1
2015,戊,7181,龙,1
2016,戋,2014,戈,1
2017,戌,2016,戋,1
2017,戌,2019,戎,1
2017,戌,5012,茂,1
2018,戍,161,伐,1
2018,戍,1818,忒,1
2019,戎,2017,戌,1
2019,戎,2020,戏,1
2020,戏,5781,贱,1
2021,成,70,乩,1
2021,成,2017,戌,1
2021,成,2019,戎,1
2021,成,2023,戒,1
2021,成,2027,战,1
2021,成,2028,戚,1
2022,我,2027,战,1
2023,戒,1586,嵌,1
2023,戒,1736,式,1
2023,戒,2021,成,1
2023,戒,3652,球,1
2025,或,2019,戎,1
2025,或,3088,浅,1
2026,戗,465,创,1
2026,戗,2027,战,1
2027,战,161,伐,1
2027,战,4483,线,1
2028,戚,2021,成,1
2028,戚,2630,柰,1
2028,戚,5780,贰,1
2035,截,1118,域,1
2035,截,5270,藏,1
2039,戴,796,哉,1
2040,户,3786,疒,1
2043,房,713,启,1
2043,房,1493,层,1
2043,房,3189,渗,1
2043,房,4747,育,1
2044,所,663,叫,1
2044,所,2396,斩,1
2044,所,2397,斫,1
2044,所,3356,灯,1
2044,所,6157,郎,1
2044,所,6565,阶,1
2045,扁,4531,绱,1
2045,扁,4740,肩,1
2045,扁,5776,贬,1
2046,扃,1491,局,1
2048,扇,2045,扁,1
2051,扊,3921,盔,1
2052,手,41,主,1
2052,手,81,于,1
2052,手,581,半,1
2052,手,1371,孑,1
2052,手,1384,季,1
2052,手,1403,守,1
2052,手,1460,导,1
2052,手,1668,平,1
2052,手,2053,扌,1
2053,扌,1371,孑,1
2053,扌,2535,木,1
2054,才,1456,寸,1
2055,扎,1811,忆,1
2055,扎,2060,托,1
2055,扎,2097,抡,1
2056,扑,1048,坎,1
2057,扒,662,只,1
2057,扒,2544,机,1
2058,打,666,叮,1
2058,打,2106,抹,1
2059,扔,1048,坎,1
2059,扔,1772,彬,1
2059,扔,2130,拙,1
2059,扔,2132,招,1
2060,托,559,北,1
2060,托,2091,抗,1
2060,托,2093,抚,1
2060,托,2143,括,1
2060,托,2583,枉,1
2060,托,2900,比,1
2061,扛,2055,扎,1
2061,扛,2113,拄,1
2061,扛,4431,糠,1
2062,扣,2059,扔,1
2062,扣,2121,拍,1
2062,扣,2544,机,1
2062,扣,2603,枳,1
2063,扦,1030,圩,1
2063,扦,2060,托,1
2063,扦,2120,拌,1
2063,扦,2549,杆,1
2064,执,2076,扺,1
2065,扩,1038,圹,1
2065,扩,2063,扦,1
2065,扩,2081,抃,1
2065,扩,2099,护,1
2065,扩,4938,节,1
2066,扪,1608,州,1
2067,扫,2061,扛,1
2067,扫,2069,扭,1
2067,扫,2629,柯,1
2068,扬,1039,场,1
2068,扬,2085,抑,1
2068,扬,2566,杨,1
2068,扬,2567,杩,1
2068,扬,2965,汤,1
2068,扬,3795,疡,1
2069,扭,2067,扫,1
2069,扭,2116,拇,1
2069,扭,2208,捷,1
2069,扭,4481,纽,1
2070,扮,2057,扒,1
2070,扮,2099,护,1
2070,扮,2103,抬,1
2070,扮,2243,揄,1
2070,扮,3721,瓣,1
2071,扯,1042,址,1
2071,扯,2124,拒,1
2071,扯,2139,拦,1
2072,扰,1827,忧,1
2072,扰,2162,挑,1
2072,扰,2586,枕,1
2072,扰,3532,犹,1
2073,扳,653,叛,1
2073,扳,1043,坂,1
2073,扳,2076,扺,1
2073,扳,2087,抓,1
2073,扳,2115,拆,1
2074,扶,1052,块,1
2074,扶,2093,抚,1
2074,扶,2168,挟,1
2074,扶,2587,林,1
2075,批,2076,扺,1
2075,批,2094,抛,1
2076,扺,1072,坻,1
2077,扼,724,呃,1
2077,扼,3526,犯,1
2078,找,2158,指,1
2078,找,5980,轼,1
2079,承,410,冰,1
2079,承,957,嘬,1
2079,承,4008,矛,1
2079,承,4731,肛,1
2079,承,6091,逶,1
2080,技,2073,扳,1
2080,技,2089,投,1
2080,技,2102,披,1
2082,抄,2059,扔,1
2082,抄,2568,杪,1
2083,抉,1052,块,1
2083,抉,1849,怏,1
2083,抉,2064,执,1
2083,抉,2084,把,1
2083,抉,2093,抚,1
2084,把,2066,扪,1
2084,把,2096,抠,1
2084,把,2298,摒,1
2085,抑,2221,排,1
2085,抑,2262,揶,1
2085,抑,6031,迎,1
2086,抒,2059,扔,1
2086,抒,2123,拐,1
2086,抒,2258,揭,1
2087,抓,1049,坏,1
2087,抓,2076,扺,1
2087,抓,2091,抗,1
2087,抓,2105,抵,1
2088,抔,1068,坯,1
2088,抔,2570,杯,1
2089,投,1778,役,1
2089,投,2188,捉,1
2089,投,3504,牧,1
2090,抖,2063,扦,1
2090,抖,2120,拌,1
2090,抖,2387,料,1
2090,抖,3369,炒,1
2091,抗,1051,坑,1
2091,抗,2061,扛,1
2091,抗,2081,抃,1
2091,抗,2087,抓,1
2091,抗,2113,拄,1
2091,抗,2143,括,1
2091,抗,2160,按,1
2091,抗,2565,杧,1
2091,抗,2578,松,1
2091,抗,2661,格,1
2091,抗,4682,耘,1
2092,折,1835,忻,1
2092,折,2060,托,1
2092,折,2063,扦,1
2092,折,2140,拧,1
2092,折,4135,祈,1
2096,抠,2124,拒,1
2096,抠,2146,拯,1
2096,抠,2593,枢,1
2097,抡,1063,坨,1
2097,抡,2103,抬,1
2097,抡,2104,抱,1
2097,抡,2127,拖,1
2097,抡,2198,捡,1
2098,抢,1383,孢,1
2098,抢,2127,拖,1
2098,抢,2181,挹,1
2099,护,1048,坎,1
2099,护,2172,挣,1
2099,护,2299,摔,1
2099,护,4188,秤,1
2100,报,1115,埙,1
2100,报,2104,抱,1
2100,报,2197,损,1
2100,报,2526,服,1
2100,报,2580,极,1
2101,抨,1065,坪,1
2101,抨,1110,埒,1
2101,抨,2063,扦,1
2101,抨,2120,拌,1
2101,抨,2146,拯,1
2101,抨,2203,捭,1
2101,抨,2602,枰,1
2102,披,1636,帔,1
2102,披,2089,投,1
2102,披,2211,掀,1
2103,抬,2154,拾,1
2103,抬,2158,指,1
2104,抱,2113,拄,1
2104,抱,2127,拖,1
2104,抱,3539,狍,1
2105,抵,2092,折,1
2105,抵,2115,拆,1
2105,抵,2119,拊,1
2105,抵,2578,松,1
2105,抵,2625,柢,1
2105,抵,4140,祗,1
2106,抹,2587,林,1
2106,抹,2655,株,1
2106,抹,2712,梾,1
2107,抻,2108,押,1
2108,押,2107,抻,1
2108,押,2138,拥,1
2108,押,2174,挥,1
2109,抽,2071,扯,1
2109,抽,2116,拇,1
2109,抽,2195,捕,1
2109,抽,2797,槛,1
2110,抿,1268,妮,1
2110,抿,1306,娓,1
2110,抿,2552,杌,1
2111,拂,2152,拼,1
2111,拂,2208,捷,1
2112,拃,2623,柞,1
2113,拄,2229,推,1
2113,拄,2675,桎,1
2114,担,1855,怛,1
2114,担,2193,捏,1
2115,拆,1073,坼,1
2115,拆,2062,扣,1
2115,拆,2112,拃,1
2115,拆,2119,拊,1
2115,拆,2136,拣,1
2115,拆,2622,柝,1
2116,拇,1070,坶,1
2116,拇,2108,押,1
2117,拈,237,侦,1
2117,拈,2158,指,1
2117,拈,2160,按,1
2117,拈,2584,枋,1
2118,拉,2122,拎,1
2118,拉,2659,核,1
2119,拊,2115,拆,1
2120,拌,581,半,1
2120,拌,2611,柈,1
2120,拌,4940,芈,1
2121,拍,1852,怕,1
2121,拍,2062,扣,1
2121,拍,2158,指,1
2121,拍,2186,捅,1
2121,拍,4399,粕,1
2122,拎,182,伶,1
2122,拎,1856,怜,1
2122,拎,2154,拾,1
2122,拎,2198,捡,1
2122,拎,2609,柃,1
2122,拎,2688,桧,1
2123,拐,2070,扮,1
2123,拐,2190,捌,1
2123,拐,2258,揭,1
2124,拒,565,匡,1
2124,拒,2084,把,1
2124,拒,2118,拉,1
2124,拒,2139,拦,1
2124,拒,2621,柜,1
2124,拒,2670,框,1
2125,拓,1049,坏,1
2125,拓,2087,抓,1
2125,拓,2132,招,1
2125,拓,2212,掂,1
2125,拓,2220,掐,1
2125,拓,2618,柘,1
2126,拔,2073,扳,1
2126,拔,2080,技,1
2126,拔,2102,披,1
2127,拖,2098,抢,1
2127,拖,4931,艳,1
2128,拗,2109,抽,1
2128,拗,2238,掷,1
2129,拘,2121,拍,1
2129,拘,2219,掏,1
2129,拘,2557,杓,1
2130,拙,358,兆,1
2130,拙,443,出,1
2130,拙,2145,拮,1
2132,招,2059,扔,1
2132,招,2084,把,1
2132,招,2121,拍,1
2132,招,2145,拮,1
2133,拜,57,乒,1
2133,拜,4149,祥,1
2133,拜,4188,秤,1
2133,拜,6134,邦,1
2133,拜,6252,释,1
2133,拜,6282,钎,1
2133,拜,6569,阿,1
2134,拟,2066,扪,1
2134,拟,2075,批,1
2135,拢,1108,城,1
2135,拢,2078,找,1
2135,拢,2093,抚,1
2135,拢,2641,栊,1
2135,拢,5966,轮,1
2136,拣,2139,拦,1
2136,拣,2269,搂,1
2136,拣,2273,搏,1
2138,拥,2108,押,1
2138,拥,2116,拇,1
2138,拥,2262,揶,1
2139,拦,1075,垃,1
2140,拧,1252,妈,1
2140,拧,2551,杉,1
2140,拧,3498,牛,1
2140,拧,4416,粽,1
2141,拨,2089,投,1
2141,拨,2147,拱,1
2142,择,1087,垟,1
2142,择,1871,怿,1
2142,择,2101,抨,1
2142,择,2175,挦,1
2142,择,2225,探,1
2142,择,2299,摔,1
2142,择,2658,样,1
2143,括,2095,抟,1
2143,括,2185,捃,1
2143,括,2224,掠,1
2143,括,2589,枚,1
2143,括,4711,聒,1
2144,拭,5980,轼,1
2145,拮,2216,掊,1
2145,拮,2679,桔,1
2146,拯,1097,垭,1
2146,拯,2583,枉,1
2147,拱,232,供,1
2147,拱,2168,挟,1
2147,拱,2169,挠,1
2147,拱,2231,措,1
2147,拱,2305,摸,1
2147,拱,2699,梏,1
2147,拱,3517,犊,1
2148,拳,105,亲,1
2148,拳,1225,奉,1
2148,拳,4189,秦,1
2149,拴,2135,拢,1
2149,拴,2139,拦,1
2149,拴,2157,挂,1
2149,拴,2178,挫,1
2149,拴,2225,探,1
2149,拴,3561,狸,1
2151,拷,2086,抒,1
2151,拷,2136,拣,1
2151,拷,2143,括,1
2151,拷,2161,挎,1
2151,拷,2171,挢,1
2151,拷,2240,掺,1
2151,拷,2692,桴,1
2151,拷,4669,考,1
2152,拼,2278,搛,1
2153,拽,2130,拙,1
2154,拾,2679,桔,1
2155,拿,77,争,1
2155,拿,4436,系,1
2156,持,1874,恃,1
2156,持,2157,挂,1
2156,持,2273,搏,1
2156,持,5645,诗,1
2157,挂,2106,抹,1
2157,挂,2139,拦,1
2157,挂,3790,疙,1
2158,指,1380,孜,1
2158,指,2117,拈,1
2158,指,2121,拍,1
2158,指,2248,描,1
2158,指,2256,揩,1
2158,指,5700,谐,1
2158,指,5849,趟,1
2160,按,2227,接,1
2160,按,4199,秾,1
2161,挎,1216,夸,1
2161,挎,2140,拧,1
2161,挎,2151,拷,1
2163,挖,2242,掾,1
2163,挖,2249,提,1
2163,挖,3244,溶,1
2164,挚,2142,择,1
2164,挚,2226,掣,1
2164,挚,7051,鸷,1
2165,挛,99,亨,1
2165,挛,1557,峦,1
2165,挛,1733,弈,1
2165,挛,1751,弯,1
2165,挛,3606,率,1
2165,挛,4319,筝,1
2166,挝,2069,扭,1
2166,挝,2071,扯,1
2166,挝,2094,抛,1
2166,挝,2134,拟,1
2166,挝,2792,槌,1
2167,挞,2084,把,1
2167,挞,2166,挝,1
2167,挞,6024,达,1
2168,挟,2106,抹,1
2168,挟,2288,携,1
2168,挟,5107,莸,1
2169,挠,2157,挂,1
2169,挠,2682,桡,1
2169,挠,3090,浇,1
2169,挠,4801,脑,1
2170,挡,1100,垱,1
2170,挡,2684,档,1
2170,挡,2685,桤,1
2170,挡,3649,珰,1
2171,挢,2173,挤,1
2172,挣,2101,抨,1
2172,挣,2484,晳,1
2172,挣,3664,琤,1
2173,挤,2661,格,1
2173,挤,5064,荠,1
2174,挥,2101,抨,1
2174,挥,2203,捭,1
2174,挥,2342,擦,1
2174,挥,2745,椤,1
2174,挥,2808,樟,1
2175,挦,2189,捋,1
2176,挨,2147,拱,1
2176,挨,2706,梭,1
2177,挪,2085,抑,1
2177,挪,2162,挑,1
2177,挪,2221,排,1
2177,挪,2698,梆,1
2178,挫,2130,拙,1
2178,挫,2294,摆,1
2178,挫,3508,牲,1
2178,挫,6413,错,1
2179,振,1975,愧,1
2179,振,2077,扼,1
2179,振,2110,抿,1
2179,振,2199,换,1
2180,挲,3306,潦,1
2180,挲,5514,裟,1
2181,挹,1909,悒,1
2181,挹,2084,把,1
2181,挹,2251,揖,1
2181,挹,2726,棬,1
2181,挹,4931,艳,1
2182,挺,1109,埏,1
2182,挺,2188,捉,1
2183,挽,1313,娩,1
2183,挽,2091,抗,1
2183,挽,2163,挖,1
2183,挽,2267,搀,1
2183,挽,2296,摈,1
2183,挽,2732,棺,1
2184,捂,2179,振,1
2184,捂,2231,措,1
2184,捂,2286,搭,1
2184,捂,5129,菩,1
2185,捃,2132,招,1
2185,捃,2204,据,1
2186,捅,2138,拥,1
2186,捅,2251,揖,1
2186,捅,3125,涌,1
2187,捆,2114,担,1
2187,捆,2237,掴,1
2188,捉,247,促,1
2188,捉,2089,投,1
2188,捉,2197,损,1
2188,捉,2755,楚,1
2188,捉,4609,罚,1
2189,捋,1110,埒,1
2189,捋,2245,揉,1
2189,捋,2692,桴,1
2191,捍,2137,拤,1
2191,捍,2174,挥,1
2191,捍,2193,捏,1
2191,捍,2215,掉,1
2191,捍,3582,猩,1
2192,捎,2121,拍,1
2192,捎,2194,捐,1
2192,捎,2248,描,1
2193,捏,2078,找,1
2194,捐,2158,指,1
2194,捐,2197,损,1
2194,捐,2258,揭,1
2194,捐,2694,桷,1
2195,捕,1111,埔,1
2195,捕,2250,插,1
2196,捞,2111,拂,1
2196,捞,2275,搒,1
2196,捞,2838,檬,1
2196,捞,4686,耢,1
2197,损,1115,埙,1
2197,损,2089,投,1
2197,损,2683,桢,1
2197,损,6714,顶,1
2198,捡,2139,拦,1
2198,捡,2176,挨,1
2198,捡,2188,捉,1
2198,捡,2678,桓,1
2198,捡,4331,简,1
2199,换,2124,拒,1
2199,换,2241,掼,1
2200,捣,1057,坞,1
2200,捣,2219,掏,1
2201,捧,2149,拴,1
2201,捧,2233,掭,1
2201,捧,3669,琫,1
2202,捩,2199,换,1
2203,捭,1120,埤,1
2203,捭,2239,掸,1
2204,据,2143,括,1
2207,捶,2143,括,1
2207,捶,2728,棰,1
2208,捷,1323,婕,1
2208,捷,2127,拖,1
2209,捺,2149,拴,1
2209,捺,2154,拾,1
2209,捺,4416,粽,1
2210,捻,1117,埝,1
2210,捻,2122,拎,1
2210,捻,2139,拦,1
2210,捻,2688,桧,1
2211,掀,2134,拟,1
2211,掀,2222,掖,1
2211,掀,2266,揿,1
2211,掀,2364,救,1
2211,掀,2632,柳,1
2213,掇,3676,琵,1
2214,授,2261,援,1
2214,授,2653,校,1
2214,授,2706,梭,1
2215,掉,2073,扳,1
2215,掉,2113,拄,1
2215,掉,2172,挣,1
2217,掌,99,亨,1
2217,掌,103,亭,1
2217,掌,1402,宇,1
2217,掌,2723,棠,1
2218,掎,2161,挎,1
2218,掎,2736,椅,1
2218,掎,2773,榇,1
2219,掏,2129,拘,1
2219,掏,2232,掬,1
2219,掏,2647,栒,1
2219,掏,3407,烫,1
2220,掐,2117,拈,1
2220,掐,2200,捣,1
2220,掐,2250,插,1
2220,掐,2680,桕,1
2221,排,1925,悱,1
2221,排,2162,挑,1
2221,排,2698,梆,1
2222,掖,2100,报,1
2223,掘,2077,扼,1
2223,掘,2254,握,1
2224,掠,1160,塬,1
2224,掠,2160,按,1
2224,掠,2313,撑,1
2224,掠,2720,棕,1
2224,掠,2737,椋,1
2224,掠,4395,籽,1
2225,探,1085,垛,1
2225,探,2106,抹,1
2225,探,2142,择,1
2225,探,2224,掠,1
2225,探,2333,操,1
2227,接,2118,拉,1
2227,接,2214,授,1
2227,接,2269,搂,1
2228,控,1103,垸,1
2228,控,2118,拉,1
2228,控,2122,拎,1
2228,控,2247,揎,1
2228,控,2254,握,1
2228,控,2783,榨,1
2228,控,2806,樗,1
2229,推,2103,抬,1
2230,掩,1122,埯,1
2230,掩,2183,挽,1
2231,措,2158,指,1
2231,措,2178,挫,1
2231,措,2184,捂,1
2231,措,2194,捐,1
2231,措,2248,描,1
2231,措,2274,搐,1
2232,掬,2187,捆,1
2232,掬,2219,掏,1
2234,掮,1106,埇,1
2234,掮,2194,捐,1
2236,掳,2293,摅,1
2238,掷,6175,郴,1
2239,掸,1087,垟,1
2239,掸,2101,抨,1
2239,掸,2136,拣,1
2239,掸,2224,掠,1
2239,掸,2225,探,1
2239,掸,2229,推,1
2239,掸,2658,样,1
2240,掺,640,参,1
2240,掺,1946,惨,1
2240,掺,2551,杉,1
2245,揉,3708,璟,1
2246,揍,1105,埃,1
2246,揍,4186,租,1
2247,揎,2332,擅,1
2248,描,2219,掏,1
2248,描,2231,措,1
2248,描,2269,搂,1
2248,描,3584,猫,1
2249,提,2261,援,1
2249,提,6005,辕,1
2250,插,1982,慑,1
2250,插,2195,捕,1
2250,插,2220,掐,1
2251,揖,2252,揞,1
2251,揖,3702,璋,1
2252,揞,2158,指,1
2252,揞,2216,掊,1
2252,揞,2231,措,1
2254,握,2202,捩,1
2254,握,2206,捱,1
2254,握,2223,掘,1
2254,握,2228,控,1
2254,握,2277,搔,1
2254,握,2675,桎,1
2255,揣,2171,挢,1
2255,揣,2186,捅,1
2256,揩,2231,措,1
2256,揩,2248,描,1
2256,揩,2295,摇,1
2256,揩,2765,楷,1
2257,揪,2766,楸,1
2257,揪,2770,概,1
2257,揪,4722,肆,1
2258,揭,2123,拐,1
2258,揭,2129,拘,1
2258,揭,2249,提,1
2258,揭,2251,揖,1
2258,揭,2265,揾,1
2259,揲,1141,堞,1
2259,揲,2289,搽,1
2261,援,1338,媛,1
2261,援,2227,接,1
2261,援,2295,摇,1
2262,揶,2316,撖,1
2264,揽,2771,榄,1
2265,揾,1339,媪,1
2265,揾,2767,楹,1
2265,揾,3575,猛,1
2266,揿,2281,搠,1
2267,搀,2091,抗,1
2267,搀,2183,挽,1
2268,搁,2187,捆,1
2268,搁,2237,掴,1
2269,搂,2227,接,1
2269,搂,2666,桂,1
2270,搅,2183,挽,1
2273,搏,2156,持,1
2273,搏,2195,捕,1
2273,搏,2614,柑,1
2275,搒,2196,捞,1
2275,搒,2284,搪,1
2275,搒,2286,搭,1
2275,搒,2336,擒,1
2276,搓,2091,抗,1
2276,搓,2139,拦,1
2276,搓,2231,措,1
2277,搔,2811,横,1
2279,搜,1103,垸,1
2279,搜,1104,埂,1
2279,搜,1346,嫂,1
2279,搜,2214,授,1
2279,搜,2260,揳,1
2280,搞,2200,捣,1
2280,搞,2220,掐,1
2280,搞,2255,揣,1
2280,搞,2274,搐,1
2280,搞,2790,槁,1
2282,搡,2225,探,1
2282,搡,2333,操,1
2283,搦,3246,溺,1
2284,搪,833,唐,1
2284,搪,2125,拓,1
2284,搪,2212,掂,1
2284,搪,2288,携,1
2284,搪,2304,摭,1
2285,搬,3333,濉,1
2285,搬,4431,糠,1
2286,搭,2289,搽,1
2286,搭,6024,达,1
2287,搴,1453,寨,1
2288,携,2189,捋,1
2288,携,6135,邪,1
2289,搽,2106,抹,1
2289,搽,2136,拣,1
2290,搿,2235,掰,1
2290,搿,3572,猕,1
2292,摄,1159,填,1
2293,摅,2329,撼,1
2293,摅,5833,赪,1
2294,摆,2291,摁,1
2295,摇,2149,拴,1
2295,摇,2176,挨,1
2295,摇,2296,摈,1
2296,摈,2176,挨,1
2296,摈,2227,接,1
2296,摈,2228,控,1
2296,摈,2241,掼,1
2296,摈,2603,枳,1
2299,摔,2142,择,1
2299,摔,2172,挣,1
2299,摔,2191,捍,1
2299,摔,2215,掉,1
2299,摔,2228,控,1
2299,摔,2256,揩,1
2299,摔,2317,撙,1
2299,摔,2325,撵,1
2299,摔,2328,撺,1
2299,摔,2687,桦,1
2300,摘,1169,墒,1
2300,摘,2158,指,1
2302,摧,2254,握,1
2302,摧,2344,攉,1
2302,摧,2732,棺,1
2302,摧,2783,榨,1
2303,摩,1705,康,1
2303,摩,2165,挛,1
2303,摩,2338,擘,1
2303,摩,4113,磨,1
2303,摩,4429,糜,1
2304,摭,2293,摅,1
2305,摸,2147,拱,1
2305,摸,2168,挟,1
2305,摸,2169,挠,1
2305,摸,2248,描,1
2305,摸,2809,模,1
2306,摹,1661,幕,1
2306,摹,4451,纂,1
2307,摺,1395,孺,1
2312,撇,2316,撖,1
2312,撇,2319,撤,1
2313,撑,1566,崆,1
2313,撑,2113,拄,1
2313,撑,2189,捋,1
2313,撑,2289,搽,1
2314,撒,1177,墩,1
2314,撒,2372,散,1
2314,撒,3311,潵,1
2314,撒,3701,璈,1
2316,撖,2319,撤,1
2317,撙,2009,懔,1
2317,撙,2239,掸,1
2317,撙,2313,撑,1
2317,撙,2815,樽,1
2318,撞,2095,抟,1
2318,撞,2139,拦,1
2318,撞,2227,接,1
2318,撞,2276,搓,1
2318,撞,2807,樘,1
2318,撞,2808,樟,1
2319,撤,2283,搦,1
2319,撤,6009,辙,1
2320,撩,2212,掂,1
2320,撩,2218,掎,1
2320,撩,3599,獠,1
2322,播,1175,墦,1
2322,播,2274,搐,1
2323,撮,2251,揖,1
2323,撮,2276,搓,1
2323,撮,2311,撅,1
2324,撰,2296,摈,1
2325,撵,2256,揩,1
2325,撵,2337,擗,1
2325,撵,3198,渫,1
2329,撼,2002,憾,1
2329,撼,2660,根,1
2331,擂,2344,攉,1
2331,擂,2349,攮,1
2331,擂,2833,檑,1
2331,擂,4442,累,1
2331,擂,4725,肋,1
2332,擅,2118,拉,1
2332,擅,2344,攉,1
2332,擅,2829,檀,1
2333,操,2199,换,1
2333,操,2245,揉,1
2333,操,2276,搓,1
2333,操,3323,澡,1
2334,擎,1386,孥,1
2334,擎,5239,蕈,1
2336,擒,2831,檎,1
2338,擘,1364,嬖,1
2338,擘,2834,檗,1
2339,擞,1359,嫩,1
2339,擞,2197,损,1
2340,擢,2302,摧,1
2342,擦,2228,控,1
2342,擦,2837,檫,1
2343,攀,4161,禁,1
2344,攉,2331,擂,1
2344,攉,3340,濯,1
2345,攒,2241,掼,1
2346,攘,2349,攮,1
2348,攫,2279,搜,1
2348,攫,5793,贽,1
2350,支,5836,走,1
2352,攵,646,反,1
2352,攵,1240,女,1
2352,攵,2380,文,1
2353,收,647,发,1
2353,收,676,叹,1
2353,收,2841,次,1
2353,收,3353,火,1
2353,收,3504,牧,1
2355,改,1380,孜,1
2355,改,2357,放,1
2355,改,2358,政,1
2355,改,2366,敖,1
2355,改,2952,汉,1
2355,改,2971,汲,1
2355,改,3625,环,1
2355,改,4461,级,1
2356,攻,2355,改,1
2356,攻,2358,政,1
2356,攻,5607,议,1
2357,放,1438,寂,1
2357,放,2355,改,1
2357,放,2368,敛,1
2357,放,2371,敢,1
2357,放,7031,鸡,1
2358,政,719,吹,1
2358,政,2887,殴,1
2358,政,2888,段,1
2358,政,3750,由,1
2358,政,4879,致,1
2359,故,799,哎,1
2359,故,1048,坎,1
2359,故,2356,攻,1
2359,故,2357,放,1
2359,故,2375,敬,1
2359,故,4031,砍,1
2360,效,1257,妖,1
2360,效,2373,敦,1
2360,效,6171,部,1
2361,敉,4420,糇,1
2362,敌,72,乱,1
2362,敌,2355,改,1
2362,敌,2357,放,1
2362,敌,3504,牧,1
2362,敌,3623,玫,1
2362,敌,6013,辞,1
2363,敏,2368,敛,1
2363,敏,2376,数,1
2363,敏,5237,蔽,1
2363,敏,6788,饭,1
2364,救,1118,域,1
2364,救,2073,扳,1
2364,救,2182,挺,1
2364,救,2361,敉,1
2364,救,2367,教,1
2364,救,4395,籽,1
2364,救,4424,糍,1
2364,救,5831,赦,1
2365,敕,2364,救,1
2366,敖,2357,放,1
2366,敖,2367,教,1
2366,敖,2376,数,1
2366,敖,2379,敷,1
2367,教,2359,故,1
2367,教,2366,敖,1
2367,教,2373,敦,1
2367,教,2376,数,1
2367,教,2851,款,1
2367,教,5054,荐,1
2368,敛,2355,改,1
2368,敛,5233,蔹,1
2369,敝,2361,敉,1
2369,敝,2589,枚,1
2369,敝,2632,柳,1
2369,敝,3491,版,1
2370,敞,2375,敬,1
2370,敞,3762,畋,1
2371,敢,5831,赦,1
2372,散,648,叔,1
2372,散,2371,敢,1
2373,敦,2357,放,1
2373,敦,2367,教,1
2373,敦,2400,新,1
2373,敦,6173,郭,1
2373,敦,6372,铰,1
2375,敬,2357,放,1
2375,敬,2370,敞,1
2375,敬,2377,敲,1
2375,敬,5126,菠,1
2375,敬,5831,赦,1
2376,数,1317,娶,1
2376,数,2363,敏,1
2376,数,2365,敕,1
2376,数,2367,教,1
2376,数,5263,薮,1
2376,数,5311,蚊,1
2377,敲,1644,帝,1
2377,敲,2893,毅,1
2378,整,1748,弩,1
2378,整,1762,彗,1
2378,整,1850,怒,1
2378,整,2755,楚,1
2378,整,4601,罄,1
2379,敷,2372,散,1
2379,敷,2374,敫,1
2379,敷,2850,欺,1
2379,敷,4879,致,1
2380,文,47,久,1
2380,文,1372,孓,1
2380,文,4172,离,1
2380,文,6021,辶,1
2381,斋,1730,弃,1
2381,斋,2521,最,1
2381,斋,3415,焉,1
2382,斌,1391,孰,1
2382,斌,5528,褂,1
2382,斌,5807,赋,1
2386,斗,32,丬,1
2386,斗,34,丰,1
2386,斗,2052,手,1
2386,斗,3498,牛,1
2387,料,4182,科,1
2388,斛,5459,衅,1
2389,斜,4468,纯,1
2389,斜,4756,胁,1
2391,斟,2399,斯,1
2392,斡,4710,聍,1
2392,斡,5975,轷,1
2392,斡,6861,验,1
2393,斤,4,万,1
2393,斤,4458,纤,1
2394,斥,53,乍,1
2394,斥,128,仔,1
2394,斥,593,卟,1
2394,斥,656,口,1
2394,斥,1197,夕,1
2396,斩,1254,妍,1
2396,斩,1578,崭,1
2396,斩,2060,托,1
2396,斩,2092,折,1
2396,斩,5960,轨,1
2396,斩,6017,辩,1
2398,断,440,凶,1
2398,断,5838,赴,1
2398,断,6565,阶,1
2399,斯,541,勘,1
2399,斯,2446,昕,1
2399,斯,5116,菇,1
2400,新,4679,耕,1
2400,新,5128,菥,1
2400,新,6749,颜,1
2401,方,68,乡,1
2401,方,83,云,1
2401,方,94,亢,1
2401,方,374,六,1
2401,方,1627,市,1
2402,於,1749,弪,1
2402,於,4480,纻,1
2403,施,1742,弛,1
2403,施,2409,旋,1
2403,施,3008,沲,1
2403,施,4042,砣,1
2403,施,4562,缒,1
2403,施,6774,飨,1
2404,旁,2928,氛,1
2404,旁,5192,蒡,1
2405,旃,4918,艄,1
2405,旃,6633,雨,1
2407,旅,233,依,1
2407,旅,1746,弦,1
2407,旅,3730,瓿,1
2407,旅,4077,硷,1
2409,旋,2403,施,1
2409,旋,2979,沃,1
2409,旋,6667,靛,1
2411,旎,4794,脆,1
2412,族,2410,旌,1
2412,族,3131,涘,1
2412,族,3139,涣,1
2412,族,3584,猫,1
2412,族,4191,秩,1
2412,族,5489,袒,1
2414,旖,2735,椁,1
2415,旗,886,善,1
2415,旗,6450,镁,1
2416,无,93,亡,1
2416,无,1206,天,1
2416,无,1477,尤,1
2416,无,4951,芜,1
2417,既,3626,现,1
2417,既,3667,琨,1
2418,日,390,冂,1
2418,日,439,凵,1
2418,日,571,区,1
2418,日,3929,目,1
2418,日,4881,臼,1
2420,旧,548,勾,1
2420,旧,1001,四,1
2420,旧,2966,汨,1
2420,旧,3021,泊,1
2420,旧,3060,洎,1
2422,早,579,午,1
2422,早,2901,毕,1
2423,旬,4875,自,1
2423,旬,5656,询,1
2425,旮,3891,百,1
2426,旯,356,兄,1
2426,旯,1617,差,1
2426,旯,2464,晃,1
2428,旱,726,呈,1
2428,旱,3897,皋,1
2429,旴,680,吁,1
2430,时,666,叮,1
2430,时,673,叶,1
2430,时,2442,明,1
2430,时,6572,附,1
2431,旷,4733,肝,1
2432,旸,3614,玚,1
2432,旸,4735,肠,1
2433,旺,2429,旴,1
2433,旺,3534,狂,1
2433,旺,3952,眨,1
2433,旺,3955,眭,1
2433,旺,6137,邮,1
2434,旻,1200,多,1
2435,昀,861,啕,1
2435,昀,2442,明,1
2435,昀,2466,晌,1
2435,昀,2527,朐,1
2436,昂,1641,帚,1
2436,昂,1642,帛,1
2436,昂,1857,思,1
2436,昂,4674,而,1
2438,昆,5618,论,1
2439,昉,2430,时,1
2439,昉,3762,畋,1
2439,昉,3936,盼,1
2439,昉,4734,肟,1
2439,昉,4788,胶,1
2440,昊,716,吴,1
2440,昊,2428,旱,1
2440,昊,4877,臭,1
2441,昌,396,冒,1
2441,昌,1723,廷,1
2441,昌,4759,胄,1
2441,昌,6886,骨,1
2442,明,701,吟,1
2442,明,745,呲,1
2442,明,2433,旺,1
2442,明,3952,眨,1
2443,昏,2441,昌,1
2444,易,549,勿,1
2444,易,659,另,1
2444,易,1124,埸,1
2444,易,3232,溜,1
2444,易,5779,贯,1
2445,昔,822,哲,1
2445,昔,2465,晋,1
2445,昔,4727,肓,1
2445,昔,4745,肯,1
2445,昔,5002,苦,1
2445,昔,5113,菁,1
2445,昔,5147,萑,1
2446,昕,710,听,1
2447,昙,406,冥,1
2447,昙,2482,景,1
2447,昙,3765,畏,1
2447,昙,4612,罢,1
2448,昝,4291,笥,1
2449,星,726,呈,1
2449,星,1093,垦,1
2449,星,1422,室,1
2449,星,1508,屡,1
2449,星,1570,崖,1
2449,星,2476,晟,1
2449,星,3343,瀑,1
2449,星,3358,灵,1
2449,星,4878,至,1
2450,映,878,啸,1
2450,映,1849,怏,1
2450,映,2870,殃,1
2450,映,4738,肤,1
2450,映,5889,跺,1
2451,春,478,券,1
2451,春,1439,寄,1
2451,春,4672,耆,1
2451,春,4885,舂,1
2451,春,5805,赉,1
2452,昧,2450,映,1
2452,昧,5649,诛,1
2452,昧,6210,酥,1
2453,昨,1556,峥,1
2453,昨,3946,眙,1
2453,昨,3952,眨,1
2453,昨,6668,非,1
2454,昭,2478,晤,1
2454,昭,3946,眙,1
2455,是,1387,学,1
2455,是,2434,旻,1
2455,是,2456,昱,1
2455,是,4611,罡,1
2455,是,5836,走,1
2455,是,5852,足,1
2456,昱,2449,星,1
2456,昱,2462,显,1
2458,昵,3962,眼,1
2458,昵,4920,艉,1
2459,昶,3213,湘,1
2459,昶,5489,袒,1
2460,昼,3783,疍,1
2461,昽,2469,晓,1
2462,显,15,且,1
2462,显,726,呈,1
2463,晁,358,兆,1
2464,晃,356,兄,1
2464,晃,1176,墨,1
2464,晃,2463,晁,1
2464,晃,3371,炕,1
2465,晋,722,吾,1
2465,晋,1896,恶,1
2465,晋,2481,普,1
2465,晋,4268,童,1
2465,晋,4747,育,1
2465,晋,4999,苣,1
2465,晋,5164,著,1
2465,晋,5794,贾,1
2466,晌,2435,昀,1
2466,晌,2442,明,1
2466,晌,2527,朐,1
2466,晌,3381,炯,1
2466,晌,6403,锏,1
2468,晒,3958,眶,1
2468,晒,5869,跖,1
2469,晓,719,吹,1
2469,晓,4784,胱,1
2471,晕,586,卓,1
2471,晕,1428,宰,1
2471,晕,2217,掌,1
2471,晕,6711,韵,1
2472,晖,2903,毗,1
2472,晖,3752,申,1
2472,晖,4831,腥,1
2474,晚,771,咣,1
2474,晚,2469,晓,1
2474,晚,3941,眈,1
2474,晚,3995,瞧,1
2475,晞,832,唏,1
2477,晡,824,哺,1
2477,晡,4811,脯,1
2478,晤,2454,昭,1
2478,晤,2497,暗,1
2479,晦,802,哑,1
2479,晦,930,嗨,1
2479,晦,1910,悔,1
2479,晦,2435,昀,1
2479,晦,2468,晒,1
2479,晦,3964,睁,1
2479,晦,5795,贿,1
2479,晦,6222,酶,1
2480,晨,1922,悬,1
2480,晨,2335,擐,1
2480,晨,6019,辰,1
2481,普,612,卺,1
2481,普,1429,害,1
2481,普,3959,眷,1
2481,普,6710,音,1
2482,景,674,号,1
2482,景,725,呆,1
2482,景,3754,男,1
2483,晰,923,嗞,1
2483,晰,2398,断,1
2483,晰,3985,瞅,1
2484,晳,822,哲,1
2484,晳,2763,楯,1
2485,晴,894,喑,1
2485,晴,1953,惰,1
2485,晴,2430,时,1
2485,晴,2478,晤,1
2485,晴,3777,畸,1
2486,晶,5455,蠹,1
2488,智,700,吞,1
2488,智,2490,暂,1
2488,智,3724,瓮,1
2489,晾,34,丰,1
2489,晾,4828,腙,1
2490,暂,822,哲,1
2490,暂,2158,指,1
2491,暄,902,喧,1
2492,暅,1878,恒,1
2493,暇,3682,瑕,1
2495,暑,638,县,1
2495,暑,5164,著,1
2496,暖,3774,畯,1
2496,暖,4809,脧,1
2497,暗,848,唱,1
2497,暗,2485,晴,1
2497,暗,3776,畴,1
2499,暧,936,嗳,1
2501,暮,381,其,1
2501,暮,542,募,1
2501,暮,3982,睿,1
2502,暴,2464,晃,1
2502,暴,2671,案,1
2505,曈,2491,暄,1
2506,曙,1150,塄,1
2506,曙,2294,摆,1
2506,曙,3708,璟,1
2507,曛,852,唾,1
2507,曛,5421,螣,1
2511,曩,5209,蓑,1
2512,曰,1001,四,1
2512,曰,1620,已,1
2512,曰,3890,白,1
2512,曰,6505,闩,1
2513,曲,40,为,1
2513,曲,1834,忸,1
2514,曳,2014,戈,1
2514,曳,2016,戋,1
2515,更,670,史,1
2516,曷,5167,葛,1
2517,曹,3283,漕,1
2517,曹,3993,瞢,1
2517,曹,5023,茑,1
2517,曹,5232,蔸,1
2517,曹,6113,遭,1
2518,曼,1195,夏,1
2518,曼,2434,旻,1
2519,曾,1475,尝,1
2519,曾,5522,裳,1
2519,曾,7121,黉,1
2520,替,2445,昔,1
2520,替,2751,椿,1
2520,替,5409,蝽,1
2521,最,60,乖,1
2521,最,1760,录,1
2521,最,2371,敢,1
2521,最,2457,昴,1
2521,最,2480,晨,1
2521,最,6614,隶,1
2522,月,687,同,1
2523,有,1071,坷,1
2523,有,1226,奋,1
2524,朊,4726,肌,1
2524,朊,4770,胝,1
2525,朋,2442,明,1
2525,朋,4772,胡,1
2525,朋,4825,腓,1
2525,朋,6562,阳,1
2525,朋,6563,阴,1
2527,朐,4771,胞,1
2528,朔,3620,玥,1
2528,朔,6740,频,1
2530,朗,469,刨,1
2530,朗,6157,郎,1
2530,朗,6303,钥,1
2530,朗,6363,铧,1
2531,望,1154,塑,1
2531,望,3767,留,1
2531,望,5644,诖,1
2532,朝,4501,绑,1
2534,朦,3259,滕,1
2534,朦,4828,腙,1
2535,木,2053,扌,1
2535,木,2540,术,1
2535,木,2942,水,1
2535,木,6702,韦,1
2536,未,595,卡,1
2536,未,1208,夫,1
2536,未,2053,扌,1
2536,未,2535,木,1
2536,未,4174,禾,1
2537,末,1405,宋,1
2537,末,2535,木,1
2537,末,2541,朱,1
2537,末,3004,沫,1
2537,末,4391,米,1
2538,本,2394,斥,1
2538,本,2547,杂,1
2538,本,2564,来,1
2539,札,2542,朴,1
2539,札,2559,杜,1
2539,札,2562,杠,1
2540,术,2942,水,1
2540,术,3524,犬,1
2540,术,4174,禾,1
2540,术,4391,米,1
2541,朱,1213,失,1
2541,朱,2536,未,1
2541,朱,3498,牛,1
2541,朱,4391,米,1
2542,朴,4183,秒,1
2543,朵,2547,杂,1
2543,朵,4174,禾,1
2543,朵,4293,笨,1
2544,机,2542,朴,1
2544,机,2552,杌,1
2544,机,2599,枫,1
2545,朽,1891,恬,1
2545,朽,2577,杼,1
2545,朽,2584,枋,1
2545,朽,2610,柄,1
2545,朽,2618,柘,1
2545,朽,2651,栝,1
2545,朽,2815,樽,1
2545,朽,4734,肟,1
2546,杀,123,介,1
2546,杀,199,余,1
2546,杀,1218,夺,1
2546,杀,2052,手,1
2546,杀,4677,耒,1
2546,杀,6503,长,1
2547,杂,28,丧,1
2547,杂,56,乐,1
2547,杂,725,呆,1
2547,杂,4392,籴,1
2547,杂,5785,贵,1
2547,杂,5958,车,1
2548,权,646,反,1
2548,权,648,叔,1
2548,权,649,取,1
2549,杆,1243,奸,1
2549,杆,2060,托,1
2549,杆,2574,杵,1
2549,杆,2585,析,1
2549,杆,2602,枰,1
2549,杆,2611,柈,1
2549,杆,2687,桦,1
2551,杉,1772,彬,1
2551,杉,2058,打,1
2551,杉,2086,抒,1
2551,杉,2542,朴,1
2553,李,14,专,1
2553,李,34,丰,1
2553,李,1223,奇,1
2554,杏,37,丶,1
2554,杏,478,券,1
2554,杏,636,去,1
2554,杏,705,否,1
2554,杏,1033,圭,1
2554,杏,1472,尘,1
2554,杏,2571,杰,1
2554,杏,4177,秃,1
2554,杏,7032,鸢,1
2555,材,1462,封,1
2555,材,2587,林,1
2556,村,2558,杖,1
2557,杓,2588,枘,1
2557,杓,2647,栒,1
2558,杖,131,仗,1
2558,杖,2361,敉,1
2558,杖,2548,权,1
2559,杜,2061,扛,1
2559,杜,2558,杖,1
2559,杜,2562,杠,1
2559,杜,2583,枉,1
2559,杜,3359,灶,1
2559,杜,4130,社,1
2560,杞,2539,札,1
2560,杞,2685,桤,1
2561,束,34,丰,1
2561,束,690,吏,1
2561,束,1217,夹,1
2561,束,1405,宋,1
2561,束,2541,朱,1
2561,束,5005,英,1
2561,束,5699,谏,1
2561,束,6614,隶,1
2562,杠,2063,扦,1
2562,杠,2207,捶,1
2562,杠,2539,札,1
2562,杠,2544,机,1
2562,杠,2549,杆,1
2562,杠,2583,枉,1
2562,杠,2631,柱,1
2562,杠,5601,讧,1
2563,条,199,余,1
2563,条,408,冬,1
2563,条,682,各,1
2563,条,2543,朵,1
2563,条,2671,案,1
2564,来,1217,夹,1
2564,来,4438,素,1
2564,来,5101,莱,1
2565,杧,1822,忙,1
2565,杧,2608,柁,1
2565,杧,2638,标,1
2565,杧,2659,核,1
2565,杧,3954,眬,1
2566,杨,2557,杓,1
2566,杨,2607,枸,1
2566,杨,2815,樽,1
2566,杨,4148,祢,1
2566,杨,6703,韧,1
2567,杩,2545,朽,1
2567,杩,2629,柯,1
2568,杪,2578,松,1
2569,杭,2103,抬,1
2569,杭,2583,枉,1
2569,杭,2584,枋,1
2569,杭,2636,栀,1
2569,杭,2713,检,1
2570,杯,1049,坏,1
2570,杯,2542,朴,1
2570,杯,2587,林,1
2570,杯,2642,栋,1
2570,杯,2730,棵,1
2571,杰,1824,忠,1
2571,杰,2554,杏,1
2572,杲,725,呆,1
2572,杲,2613,某,1
2573,杳,2988,沓,1
2574,杵,1826,忤,1
2574,杵,2585,析,1
2574,杵,2687,桦,1
2575,杷,2608,柁,1
2576,杻,2696,梃,1
2577,杼,2086,抒,1
2577,杼,2545,朽,1
2578,松,2061,扛,1
2578,松,2551,杉,1
2578,松,2586,枕,1
2578,松,2599,枫,1
2578,松,2609,柃,1
2579,板,653,叛,1
2579,板,2585,析,1
2579,板,2589,枚,1
2579,板,2622,柝,1
2579,板,2625,柢,1
2579,板,2653,校,1
2579,板,3623,玫,1
2579,板,6714,顶,1
2580,极,2115,拆,1
2580,极,2570,杯,1
2580,极,2603,枳,1
2580,极,2638,标,1
2580,极,2706,梭,1
2581,构,1873,恂,1
2581,构,2116,拇,1
2581,构,2219,掏,1
2581,构,2661,格,1
2581,构,2713,检,1
2581,构,3505,物,1
2582,枇,1261,妣,1
2582,枇,2544,机,1
2583,枉,2061,扛,1
2583,枉,2225,探,1
2583,枉,2560,杞,1
2583,枉,2565,杧,1
2583,枉,2631,柱,1
2583,枉,5840,赶,1
2583,枉,5979,轻,1
2584,枋,2569,杭,1
2584,枋,2601,枯,1
2585,析,1040,圻,1
2585,析,1835,忻,1
2585,析,2549,杆,1
2585,析,2622,柝,1
2585,析,2624,柠,1
2585,析,2632,柳,1
2585,析,2643,栌,1
2586,枕,2135,拢,1
2586,枕,2582,枇,1
2586,枕,2596,枧,1
2587,林,1740,弗,1
2587,林,2063,扦,1
2587,林,2090,抖,1
2587,林,2106,抹,1
2587,林,2655,株,1
2588,枘,2109,抽,1
2589,枚,1380,孜,1
2589,枚,2359,故,1
2589,枚,2364,救,1
2589,枚,2548,权,1
2589,枚,2557,杓,1
2589,枚,2562,杠,1
2589,枚,2579,板,1
2589,枚,2591,枝,1
2589,枚,2653,校,1
2589,枚,2661,格,1
2590,果,725,呆,1
2590,果,4171,禺,1
2590,果,6253,里,1
2591,枝,1831,忮,1
2591,枝,2214,授,1
2591,枝,2589,枚,1
2591,枝,4737,肢,1
2591,枝,5137,菽,1
2592,枞,2134,拟,1
2593,枢,2135,拢,1
2593,枢,2579,板,1
2593,枢,2621,柜,1
2594,枣,6638,零,1
2595,枥,2610,柄,1
2595,枥,2649,栖,1
2598,枪,1832,忱,1
2598,枪,2560,杞,1
2598,枪,2565,杧,1
2598,枪,2621,柜,1
2599,枫,2579,板,1
2599,枫,2580,极,1
2599,枫,2586,枕,1
2599,枫,2596,枧,1
2599,枫,2672,桉,1
2600,枭,1531,岛,1
2601,枯,1442,寇,1
2601,枯,1854,怙,1
2601,枯,2117,拈,1
2601,枯,2559,杜,1
2601,枯,2591,枝,1
2601,枯,2679,桔,1
2601,枯,2699,梏,1
2601,枯,4143,祜,1
2602,枰,1861,怦,1
2602,枰,2101,抨,1
2602,枰,2549,杆,1
2602,枰,2658,样,1
2602,枰,3390,烀,1
2603,枳,117,仄,1
2603,枳,2599,枫,1
2604,枵,2704,梧,1
2606,枷,2566,杨,1
2606,枷,2588,枘,1
2607,枸,2612,柏,1
2608,柁,2598,枪,1
2609,柃,2122,拎,1
2609,柃,4984,苎,1
2610,柄,2595,枥,1
2610,柄,2629,柯,1
2610,柄,2635,柿,1
2610,柄,2649,栖,1
2610,柄,2742,椒,1
2611,柈,2078,找,1
2611,柈,2775,榉,1
2612,柏,2579,板,1
2612,柏,2595,枥,1
2612,柏,2598,枪,1
2612,柏,2623,柞,1
2612,柏,2647,栒,1
2612,柏,2676,桐,1
2612,柏,3934,相,1
2613,某,5002,苦,1
2613,某,5038,茱,1
2613,某,5101,莱,1
2614,柑,2116,拇,1
2614,柑,2158,指,1
2615,柒,409,冯,1
2615,柒,2616,染,1
2615,柒,2633,柴,1
2615,柒,3068,洣,1
2615,柒,3198,渫,1
2615,柒,5123,菜,1
2616,染,1211,央,1
2616,染,1305,娑,1
2616,染,2695,梁,1
2616,染,3134,涞,1
2617,柔,725,呆,1
2617,柔,2677,桑,1
2621,柜,2670,框,1
2621,柜,2678,桓,1
2622,柝,2115,拆,1
2622,柝,2612,柏,1
2623,柞,2621,柜,1
2623,柞,2739,椎,1
2624,柠,430,凝,1
2624,柠,2638,标,1
2624,柠,2640,栉,1
2624,柠,2720,棕,1
2625,柢,2076,扺,1
2626,查,1226,奋,1
2626,查,2460,昼,1
2626,查,3194,渣,1
2626,查,3921,盔,1
2628,柬,2650,栗,1
2628,柬,4097,碱,1
2628,柬,6614,隶,1
2629,柯,2545,朽,1
2629,柯,2551,杉,1
2629,柯,2555,材,1
2629,柯,2576,杻,1
2629,柯,2649,栖,1
2629,柯,2736,椅,1
2630,柰,2553,李,1
2631,柱,2623,柞,1
2631,柱,2648,栓,1
2631,柱,2661,格,1
2631,柱,2666,桂,1
2632,柳,2635,柿,1
2632,柳,2747,椰,1
2633,柴,3064,洙,1
2633,柴,3463,燊,1
2633,柴,4608,罘,1
2634,柽,1871,怿,1
2634,柽,2142,择,1
2635,柿,2070,扮,1
2635,柿,2577,杼,1
2635,柿,2632,柳,1
2636,栀,1845,怆,1
2637,栅,2722,棚,1
2638,标,1376,存,1
2638,标,2570,杯,1
2638,标,2587,林,1
2638,标,2658,样,1
2638,标,4195,称,1
2639,栈,1822,忙,1
2639,栈,2078,找,1
2639,栈,2641,栊,1
2639,栈,2711,梽,1
2640,栉,2111,拂,1
2640,栉,2707,梯,1
2641,栊,2582,枇,1
2642,栋,2156,持,1
2642,栋,2712,梾,1
2643,栌,2099,护,1
2644,栎,2622,柝,1
2644,栎,2625,柢,1
2645,栏,34,丰,1
2645,栏,2648,栓,1
2645,栏,3392,烂,1
2646,树,2555,材,1
2647,栒,2676,桐,1
2648,栓,1862,性,1
2648,栓,2551,杉,1
2648,栓,2631,柱,1
2648,栓,2713,检,1
2649,栖,2121,拍,1
2649,栖,2250,插,1
2649,栖,2595,枥,1
2649,栖,2610,柄,1
2649,栖,2612,柏,1
2649,栖,2678,桓,1
2649,栖,2693,桶,1
2649,栖,4404,粞,1
2650,栗,2515,更,1
2650,栗,2671,案,1
2650,栗,4151,票,1
2651,栝,999,囗,1
2651,栝,2699,梏,1
2653,校,34,丰,1
2653,校,2126,拔,1
2653,校,2584,枋,1
2653,校,2589,枚,1
2653,校,2591,枝,1
2653,校,2729,棱,1
2653,校,2737,椋,1
2653,校,3548,狡,1
2655,株,2106,抹,1
2655,株,2587,林,1
2655,株,2712,梾,1
2655,株,2730,棵,1
2655,株,3513,牿,1
2656,栲,2781,榜,1
2656,栲,2793,槎,1
2657,栳,2682,桡,1
2657,栳,2762,楮,1
2658,样,2101,抨,1
2658,样,2684,档,1
2658,样,2700,梓,1
2658,样,2731,棹,1
2658,样,4149,祥,1
2659,核,1388,孩,1
2659,核,2569,杭,1
2659,核,2589,枚,1
2659,核,2661,格,1
2659,核,2682,桡,1
2660,根,1088,垠,1
2660,根,1291,姬,1
2660,根,1887,恨,1
2660,根,2715,棂,1
2660,根,2770,概,1
2660,根,4410,粮,1
2660,根,7176,龈,1
2661,格,1204,夥,1
2661,格,2645,栏,1
2661,格,2699,梏,1
2661,格,2704,梧,1
2661,格,4063,硌,1
2665,桁,2577,杼,1
2665,桁,2584,枋,1
2666,桂,1092,垤,1
2666,桂,2113,拄,1
2666,桂,2559,杜,1
2666,桂,2631,柱,1
2666,桂,2726,棬,1
2666,桂,2807,樘,1
2667,桃,2582,枇,1
2667,桃,2606,枷,1
2667,桃,5140,萄,1
2669,桅,2077,扼,1
2669,桅,2670,框,1
2670,框,1726,廿,1
2670,框,2223,掘,1
2670,框,2621,柜,1
2670,框,2739,椎,1
2671,案,105,亲,1
2671,案,401,军,1
2671,案,1405,宋,1
2671,案,1428,宰,1
2671,案,1430,宴,1
2671,案,1667,干,1
2672,桉,2697,梅,1
2673,桊,2148,拳,1
2675,桎,2631,柱,1
2675,桎,2701,梗,1
2676,桐,1890,恫,1
2676,桐,2138,拥,1
2676,桐,2599,枫,1
2676,桐,2607,枸,1
2676,桐,2647,栒,1
2676,桐,2826,橱,1
2676,桐,4211,稠,1
2677,桑,2617,柔,1
2678,桓,1091,垣,1
2678,桓,2621,柜,1
2678,桓,2738,植,1
2679,桔,1867,怯,1
2679,桔,2567,杩,1
2679,桔,2601,枯,1
2679,桔,2651,栝,1
2679,桔,2704,梧,1
2680,桕,2565,杧,1
2681,桠,2583,枉,1
2682,桡,236,侥,1
2682,桡,2169,挠,1
2684,档,1941,惝,1
2684,档,2685,桤,1
2684,档,2702,梢,1
2684,档,2803,槽,1
2685,桤,1899,恺,1
2686,桥,2668,桄,1
2686,桥,5321,蚧,1
2687,桦,2574,杵,1
2687,桦,2602,枰,1
2687,桦,2773,榇,1
2688,桧,2648,栓,1
2689,桨,3089,浆,1
2689,桨,4406,粢,1
2690,桩,2204,据,1
2690,桩,2569,杭,1
2690,桩,2619,柙,1
2690,桩,2623,柞,1
2690,桩,2631,柱,1
2691,桫,2551,杉,1
2692,桴,4202,稃,1
2693,桶,2566,杨,1
2693,桶,2649,栖,1
2695,梁,2464,晃,1
2695,梁,2590,果,1
2697,梅,92,亠,1
2697,梅,2172,挣,1
2697,梅,2194,捐,1
2697,梅,2670,框,1
2697,梅,2694,桷,1
2697,梅,2713,检,1
2697,梅,2772,榆,1
2698,梆,2162,挑,1
2698,梆,2619,柙,1
2698,梆,2747,椰,1
2698,梆,4414,粹,1
2699,梏,2604,枵,1
2699,梏,2765,楷,1
2700,梓,2602,枰,1
2700,梓,2652,栟,1
2700,梓,2731,棹,1
2701,梗,1104,埂,1
2701,梗,2579,板,1
2701,梗,4413,粳,1
2701,梗,6201,酒,1
2702,梢,1905,悄,1
2702,梢,2555,材,1
2703,梦,1328,婪,1
2703,梦,1995,憖,1
2703,梦,2520,替,1
2703,梦,2734,棼,1
2703,梦,2755,楚,1
2703,梦,3424,焚,1
2704,梧,1915,悟,1
2704,梧,2216,掊,1
2704,梧,2661,格,1
2704,梧,2679,桔,1
2704,梧,3418,焐,1
2705,梨,3500,牟,1
2706,梭,2176,挨,1
2706,梭,2591,枝,1
2706,梭,2672,桉,1
2707,梯,1979,慊,1
2707,梯,2234,掮,1
2707,梯,2684,档,1
2707,梯,2728,棰,1
2707,梯,2736,椅,1
2708,械,611,卸,1
2708,械,1108,城,1
2708,械,1559,峨,1
2709,梳,2183,挽,1
2709,梳,2659,核,1
2710,梵,2755,楚,1
2711,梽,2657,栳,1
2712,梾,1912,悚,1
2712,梾,2655,株,1
2712,梾,2721,棘,1
2713,检,1117,埝,1
2713,检,2118,拉,1
2713,检,2139,拦,1
2713,检,2198,捡,1
2713,检,2551,杉,1
2713,检,2628,柬,1
2713,检,3968,睑,1
2714,棁,1919,悦,1
2715,棂,2660,根,1
2716,棉,1642,帛,1
2716,棉,2010,懦,1
2716,棉,2635,柿,1
2716,棉,2707,梯,1
2716,棉,6425,锦,1
2717,棋,2193,捏,1
2717,棋,2305,摸,1
2717,棋,2749,椹,1
2718,棍,2335,擐,1
2718,棍,2582,枇,1
2719,棒,2808,樟,1
2719,棒,3669,琫,1
2720,棕,2308,摽,1
2720,棕,2773,榇,1
2720,棕,2815,樽,1
2721,棘,5347,蛛,1
2722,棚,1134,堋,1
2722,棚,2262,揶,1
2723,棠,1130,堂,1
2723,棠,2617,柔,1
2723,棠,2819,橐,1
2723,棠,3497,牚,1
2723,棠,4439,索,1
2724,棣,2712,梾,1
2725,棨,2650,栗,1
2729,棱,1973,愤,1
2729,棱,2305,摸,1
2729,棱,2659,核,1
2729,棱,2757,楞,1
2730,棵,2655,株,1
2730,棵,2686,桥,1
2730,棵,4210,稞,1
2732,棺,2284,搪,1
2732,棺,2608,柁,1
2732,棺,2678,桓,1
2732,棺,2739,椎,1
2732,棺,2807,樘,1
2733,棻,3046,泵,1
2733,棻,5123,菜,1
2735,椁,2224,掠,1
2736,椅,2699,梏,1
2737,椋,1934,惊,1
2737,椋,2638,标,1
2737,椋,2815,樽,1
2737,椋,2823,橡,1
2738,植,2203,捭,1
2738,植,2248,描,1
2738,植,2752,楂,1
2738,植,2761,楫,1
2738,植,6456,镇,1
2739,椎,1942,惟,1
2739,椎,2592,枞,1
2739,椎,2623,柞,1
2739,椎,2631,柱,1
2739,椎,2648,栓,1
2739,椎,2669,桅,1
2739,椎,2696,梃,1
2739,椎,6621,雄,1
2740,椐,2651,栝,1
2740,椐,4824,腒,1
2741,椑,2795,槔,1
2742,椒,2680,桕,1
2742,椒,3161,淑,1
2744,椠,1138,堑,1
2745,椤,2757,楞,1
2746,椭,2738,植,1
2746,椭,6134,邦,1
2747,椰,2632,柳,1
2747,椰,2644,栎,1
2747,椰,2746,椭,1
2747,椰,6137,邮,1
2748,椴,2826,橱,1
2748,椴,3431,煅,1
2750,椽,2823,橡,1
2750,椽,2838,檬,1
2750,椽,4217,稼,1
2751,椿,2812,樯,1
2751,椿,4417,精,1
2754,楗,2620,柚,1
2755,楚,3677,琶,1
2755,楚,5102,莲,1
2756,楝,2712,梾,1
2757,楞,416,冷,1
2757,楞,1968,愕,1
2757,楞,2275,搒,1
2757,楞,2745,椤,1
2757,楞,2806,樗,1
2758,楠,2694,桷,1
2759,楣,1337,媚,1
2759,楣,2763,楯,1
2759,楣,2776,榍,1
2760,楦,2829,檀,1
2761,楫,2251,揖,1
2768,楼,2147,拱,1
2768,楼,2657,栳,1
2769,榀,2603,枳,1
2769,榀,2789,榻,1
2770,概,2586,枕,1
2772,榆,2638,标,1
2773,榇,2225,探,1
2773,榇,2672,桉,1
2773,榇,2720,棕,1
2774,榈,2268,搁,1
2775,榉,2645,栏,1
2775,榉,2808,樟,1
2776,榍,2810,樨,1
2776,榍,3521,犒,1
2777,榔,2177,挪,1
2777,榔,2698,梆,1
2778,榕,2228,控,1
2778,榕,2586,枕,1
2778,榕,2659,核,1
2778,榕,2732,棺,1
2778,榕,2737,椋,1
2779,榘,4412,粲,1
2780,榛,2136,拣,1
2781,榜,1333,婷,1
2781,榜,1894,恰,1
2781,榜,2704,梧,1
2781,榜,2737,椋,1
2783,榨,2760,楦,1
2786,榱,2346,攘,1
2787,榴,2194,捐,1
2787,榴,2833,檑,1
2788,榷,329,傩,1
2788,榷,3272,滩,1
2790,槁,2280,搞,1
2794,槐,1836,忽,1
2794,槐,1975,愧,1
2794,槐,2598,枪,1
2794,槐,3447,熄,1
2796,槚,2833,檑,1
2797,槛,1482,尴,1
2797,槛,2685,桤,1
2797,槛,2765,楷,1
2798,槜,2288,携,1
2801,槭,2028,戚,1
2801,槭,2708,械,1
2803,槽,2273,搏,1
2803,槽,2307,摺,1
2803,槽,2704,梧,1
2803,槽,2765,楷,1
2805,樊,4888,舆,1
2807,樘,2804,槿,1
2808,樟,1354,嫜,1
2808,樟,4414,粹,1
2809,模,2193,捏,1
2809,模,2811,横,1
2809,模,4427,糗,1
2810,樨,1087,垟,1
2810,樨,2272,搌,1
2810,樨,2828,橼,1
2811,横,2278,搛,1
2811,横,2657,栳,1
2811,横,2668,桄,1
2811,横,2678,桓,1
2811,横,2825,橦,1
2811,横,5210,蓓,1
2811,横,5465,衡,1
2813,樱,2768,楼,1
2814,樵,2670,框,1
2814,樵,2831,檎,1
2815,樽,2810,樨,1
2816,樾,2835,檠,1
2817,橄,2579,板,1
2819,橐,2822,橛,1
2820,橘,1169,墒,1
2820,橘,2833,檑,1
2820,橘,3300,潏,1
2822,橛,2792,槌,1
2823,橡,2242,掾,1
2823,橡,2786,榱,1
2825,橦,1914,悝,1
2825,橦,1997,憧,1
2825,橦,2318,撞,1
2825,橦,2821,橙,1
2826,橱,2556,村,1
2827,橹,2327,撸,1
2827,橹,2815,樽,1
2828,橼,2750,椽,1
2828,橼,2833,檑,1
2829,檀,1165,境,1
2830,檄,2314,撒,1
2831,檎,2336,擒,1
2831,檎,2827,橹,1
2832,檐,2212,掂,1
2833,檑,2829,檀,1
2833,檑,2834,檗,1
2834,檗,2692,桴,1
2834,檗,4977,苄,1
2836,檩,2009,懔,1
2836,檩,2313,撑,1
2836,檩,2317,撙,1
2836,檩,2773,榇,1
2836,檩,2838,檬,1
2837,檫,3589,猷,1
2838,檬,1666,幪,1
2838,檬,2242,掾,1
2840,欠,373,公,1
2840,欠,662,只,1
2840,欠,5554,见,1
2840,欠,5762,贝,1
2841,次,719,吹,1
2841,次,5762,贝,1
2842,欢,3362,灾,1
2842,欢,3651,珽,1
2842,欢,4929,艰,1
2842,欢,5555,观,1
2843,欣,188,佃,1
2843,欣,1056,坝,1
2843,欣,1484,尹,1
2843,欣,3389,炽,1
2843,欣,6724,颀,1
2844,欤,6789,饮,1
2845,欧,2358,政,1
2846,欲,2357,放,1
2846,欲,4031,砍,1
2846,欲,6404,锐,1
2848,欸,2360,效,1
2849,欹,2856,歌,1
2851,款,1380,孜,1
2851,款,2366,敖,1
2851,款,2373,敦,1
2851,款,2849,欹,1
2851,款,5092,莛,1
2851,款,5564,觌,1
2851,款,5967,软,1
2853,歆,6711,韵,1
2854,歇,1366,嬲,1
2854,歇,2856,歌,1
2854,歇,6746,颙,1
2855,歉,652,叙,1
2855,歉,2266,揿,1
2855,歉,5222,蔌,1
2856,歌,1745,弥,1
2856,歌,2843,欣,1
2856,歌,2849,欹,1
2856,歌,2853,歆,1
2858,止,4616,置,1
2859,正,23,丝,1
2859,正,563,匝,1
2859,正,571,区,1
2859,正,602,卫,1
2860,此,442,凹,1
2860,此,559,北,1
2860,此,2900,比,1
2860,此,2983,沈,1
2861,步,594,占,1
2861,步,674,号,1
2861,步,3490,片,1
2861,步,4391,米,1
2861,步,4941,芊,1
2861,步,6740,频,1
2862,武,637,厾,1
2862,武,1736,式,1
2862,武,2355,改,1
2862,武,5643,试,1
2863,歧,1568,崎,1
2864,歪,705,否,1
2864,歪,4878,至,1
2865,歹,646,反,1
2865,歹,1518,岁,1
2866,死,4129,礼,1
2867,歼,1243,奸,1
2867,歼,2397,斫,1
2867,歼,2881,殚,1
2867,歼,6944,鲆,1
2868,殁,649,取,1
2868,殁,2869,殂,1
2869,殂,1277,姐,1
2869,殂,2873,殇,1
2870,殃,4037,砘,1
2871,殄,2879,殓,1
2871,殄,3637,珍,1
2871,殄,4782,胯,1
2872,殆,2877,殍,1
2872,殆,6851,骀,1
2874,殉,3543,狗,1
2875,殊,2876,残,1
2875,殊,4058,砾,1
2875,殊,4802,脒,1
2876,残,2020,戏,1
2876,残,2021,成,1
2877,殍,4810,脬,1
2879,殓,2873,殇,1
2879,殓,4077,硷,1
2880,殖,2738,植,1
2884,殣,6821,馑,1
2888,段,166,会,1
2888,段,631,厦,1
2888,段,648,叔,1
2888,段,1256,妓,1
2888,段,1314,娱,1
2888,段,1510,履,1
2888,段,1778,役,1
2888,段,2868,殁,1
2888,段,2887,殴,1
2888,段,3623,玫,1
2888,段,3800,疫,1
2888,段,4559,缎,1
2888,段,4629,羚,1
2889,殷,6887,骰,1
2890,殿,4870,臌,1
2890,殿,6722,顾,1
2892,毂,1756,彀,1
2893,毅,2377,敲,1
2893,毅,5126,菠,1
2894,毋,156,伊,1
2894,毋,3742,用,1
2895,母,1005,因,1
2895,母,1240,女,1
2895,母,2522,月,1
2895,母,2860,此,1
2895,母,2894,毋,1
2895,母,3749,田,1
2896,每,1669,年,1
2896,每,4626,美,1
2896,每,4963,芭,1
2896,每,6257,金,1
2897,毐,1189,壶,1
2897,毐,2894,毋,1
2897,毐,2898,毒,1
2898,毒,2897,毐,1
2900,比,66,也,1
2900,比,1036,地,1
2900,比,2918,氏,1
2900,比,2947,汁,1
2901,毕,579,午,1
2901,毕,4941,芊,1
2902,毖,1824,忠,1
2903,毗,703,吡,1
2903,毗,4905,舭,1
2904,毙,4252,窥,1
2905,毛,41,主,1
2906,毡,6325,钻,1
2908,毫,367,党,1
2908,毫,7184,龟,1
2909,毯,2906,毡,1
2909,毯,3673,琰,1
2909,毯,4651,翘,1
2909,毯,6431,锬,1
2911,毵,5824,赞,1
2913,毽,3519,犍,1
2918,氏,113,什,1
2918,氏,138,代,1
2918,氏,576,千,1
2918,氏,2900,比,1
2918,氏,2947,汁,1
2918,氏,4483,线,1
2920,民,2438,昆,1
2921,氓,1088,垠,1
2921,氓,3114,浪,1
2921,氓,3949,眠,1
2921,氓,5633,诋,1
2922,气,209,佥,1
2922,气,1416,宝,1
2922,气,1422,室,1
2922,气,3892,皂,1
2924,氖,4282,笏,1
2924,氖,5765,贡,1
2927,氚,2457,昴,1
2928,氛,2924,氖,1
2928,氛,2931,氢,1
2928,氛,2938,氮,1
2928,氛,4232,穿,1
2928,氛,4296,第,1
2929,氟,1656,幂,1
2929,氟,2932,氤,1
2929,氟,2938,氮,1
2929,氟,2940,氰,1
2931,氢,2924,氖,1
2931,氢,2928,氛,1
2931,氢,2930,氡,1
2931,氢,2933,氦,1
2933,氦,2935,氨,1
2933,氦,2938,氮,1
2934,氧,2923,氕,1
2934,氧,2939,氯,1
2935,氨,2934,氧,1
2935,氨,2936,氩,1
2935,氨,2938,氮,1
2935,氨,5338,蛊,1
2936,氩,2926,氙,1
2936,氩,2934,氧,1
2937,氪,2938,氮,1
2937,氪,2940,氰,1
2938,氮,2940,氰,1
2938,氮,6285,钒,1
2939,氯,2940,氰,1
2940,氰,2924,氖,1
2940,氰,2937,氪,1
2940,氰,2939,氯,1
2940,氰,2941,氲,1
2941,氲,1421,宣,1
2942,水,766,咖,1
2942,水,2052,手,1
2942,水,2944,永,1
2943,氵,6,三,1
2943,氵,5594,讠,1
2944,永,97,亦,1
2944,永,5468,衤,1
2946,汀,57,乒,1
2946,汀,1673,幻,1
2946,汀,2957,汗,1
2946,汀,2964,污,1
2946,汀,5626,诃,1
2947,汁,575,十,1
2947,汁,5602,讨,1
2948,求,1736,式,1
2950,汇,1516,屺,1
2950,汇,2968,汪,1
2951,汈,2954,汐,1
2951,汈,6505,闩,1
2952,汉,118,仅,1
2952,汉,2352,攵,1
2953,汊,5607,议,1
2954,汐,409,冯,1
2954,汐,2991,沙,1
2955,汔,3120,浼,1
2956,汕,1514,山,1
2956,汕,2959,汜,1
2956,汕,2974,汹,1
2956,汕,3011,油,1
2957,汗,2947,汁,1
2957,汗,2968,汪,1
2957,汗,3003,沪,1
2957,汗,3366,炉,1
2957,汗,4458,纤,1
2957,汗,5616,许,1
2958,汛,4462,纨,1
2958,汛,6508,闭,1
2960,汝,1513,屯,1
2960,汝,2380,文,1
2960,汝,2973,汶,1
2960,汝,3018,泄,1
2960,汝,3093,浊,1
2960,汝,4478,纹,1
2961,汞,1760,录,1
2961,汞,2079,承,1
2961,汞,3046,泵,1
2961,汞,4127,示,1
2962,江,431,几,1
2962,江,1485,尺,1
2962,江,4464,纪,1
2962,江,4499,经,1
2963,池,3018,泄,1
2964,污,82,亏,1
2964,污,3024,泓,1
2964,污,3082,活,1
2964,污,4479,纺,1
2964,污,4482,纾,1
2964,污,4508,给,1
2964,污,5622,访,1
2965,汤,552,匆,1
2965,汤,1039,场,1
2965,汤,1613,巧,1
2965,汤,2994,沟,1
2965,汤,3017,泃,1
2965,汤,3045,泳,1
2966,汨,189,但,1
2966,汨,2420,旧,1
2966,汨,3006,沮,1
2966,汨,3021,泊,1
2967,汩,3039,泪,1
2967,汩,6509,问,1
2967,汩,6562,阳,1
2968,汪,411,冱,1
2968,汪,1553,峡,1
2968,汪,2957,汗,1
2968,汪,3054,泾,1
2968,汪,4499,经,1
2968,汪,5600,讦,1
2970,汰,3048,泷,1
2971,汲,646,反,1
2971,汲,648,叔,1
2971,汲,2921,氓,1
2971,汲,2952,汉,1
2971,汲,2958,汛,1
2971,汲,2973,汶,1
2971,汲,3035,波,1
2971,汲,3088,浅,1
2971,汲,3119,浸,1
2971,汲,4461,级,1
2971,汲,5638,诐,1
2972,汴,97,亦,1
2973,汶,4478,纹,1
2974,汹,2990,沘,1
2974,汹,3022,泌,1
2975,汽,681,吃,1
2975,汽,3012,治,1
2975,汽,3026,法,1
2975,汽,4499,经,1
2975,汽,4514,统,1
2975,汽,5605,讫,1
2976,汾,3012,治,1
2976,汾,3049,泸,1
2976,汾,3124,涉,1
2977,沁,1808,心,1
2977,沁,2950,汇,1
2977,沁,2956,汕,1
2977,沁,2974,汹,1
2977,沁,3717,瓜,1
2978,沂,2393,斤,1
2978,沂,2957,汗,1
2978,沂,3027,泖,1
2978,沂,3078,洴,1
2978,沂,3085,派,1
2978,沂,3785,疑,1
2978,沂,5626,诃,1
2979,沃,418,冼,1
2979,沃,2546,杀,1
2979,沃,2953,汊,1
2979,沃,2999,沦,1
2979,沃,5623,诀,1
2980,沄,2964,污,1
2980,沄,3026,法,1
2981,沅,2955,汔,1
2983,沈,2900,比,1
2983,沈,3007,沱,1
2983,沈,3029,泚,1
2983,沈,3048,泷,1
2983,沈,3086,流,1
2984,沉,2841,次,1
2984,沉,2983,沈,1
2984,沉,4227,究,1
2984,沉,5620,讽,1
2987,沐,2993,沛,1
2987,沐,3004,沫,1
2987,沐,3041,泮,1
2987,沐,3068,洣,1
2988,沓,35,串,1
2988,沓,3123,消,1
2988,沓,3894,皆,1
2989,沔,3236,溥,1
2990,沘,3029,泚,1
2990,沘,4469,纰,1
2991,沙,717,吵,1
2991,沙,3009,河,1
2991,沙,3204,渺,1
2992,沚,1042,址,1
2992,沚,2956,汕,1
2992,沚,2977,沁,1
2992,沚,5624,证,1
2993,沛,1627,市,1
2993,沛,2976,汾,1
2993,沛,4263,站,1
2993,沛,5611,讳,1
2993,沛,5622,访,1
2994,沟,3152,涿,1
2994,沟,3163,淘,1
2995,没,1361,嫫,1
2995,没,2868,殁,1
2995,没,2973,汶,1
2995,没,2981,沅,1
2995,没,3107,浞,1
2995,没,4267,竣,1
2995,没,5634,诌,1
2996,沣,3041,泮,1
2996,沣,3083,洼,1
2996,沣,4494,绊,1
2997,沤,2959,汜,1
2997,沤,2962,江,1
2997,沤,5613,讵,1
2998,沥,411,冱,1
2998,沥,3013,沼,1
2998,沥,3062,洒,1
2998,沥,3137,涡,1
2999,沦,2950,汇,1
2999,沦,3008,沲,1
2999,沦,3015,沾,1
2999,沦,3018,泄,1
2999,沦,5689,谄,1
3000,沧,2975,汽,1
3000,沧,4475,纶,1
3000,沧,5641,诓,1
3002,沩,3123,消,1
3003,沪,2991,沙,1
3003,沪,2993,沛,1
3003,沪,3098,浐,1
3003,沪,3100,浒,1
3004,沫,413,决,1
3004,沫,2987,沐,1
3004,沫,3068,洣,1
3004,沫,3134,涞,1
3004,沫,5611,讳,1
3004,沫,5649,诛,1
3005,沭,5610,讲,1
3006,沮,411,冱,1
3006,沮,2968,汪,1
3006,沮,3122,涅,1
3006,沮,5683,课,1
3007,沱,3034,泡,1
3007,沱,5661,诧,1
3009,河,1071,坷,1
3009,河,2522,月,1
3009,河,2951,汈,1
3009,河,2994,沟,1
3009,河,3017,泃,1
3009,河,3067,洞,1
3009,河,3075,洱,1
3009,河,4470,纱,1
3009,河,4604,网,1
3009,河,5622,访,1
3010,沸,3130,涕,1
3010,沸,3312,潸,1
3011,油,2967,汩,1
3011,油,5615,讷,1
3012,治,3016,沿,1
3012,治,3082,活,1
3012,治,5636,诎,1
3013,沼,3942,眉,1
3014,沽,179,估,1
3014,沽,765,咕,1
3014,沽,2989,沔,1
3014,沽,3116,浯,1
3015,沾,415,冶,1
3015,沾,2976,汾,1
3015,沾,3012,治,1
3015,沾,3049,泸,1
3015,沾,3084,洽,1
3015,沾,5657,诣,1
3016,沿,415,冶,1
3016,沿,2967,汩,1
3016,沿,2984,沉,1
3016,沿,2995,没,1
3016,沿,3013,沼,1
3016,沿,3015,沾,1
3016,沿,3081,洺,1
3016,沿,3084,洽,1
3018,泄,1036,地,1
3018,泄,3051,泻,1
3018,泄,3077,洳,1
3018,泄,5636,诎,1
3019,泅,1000,囚,1
3019,泅,2967,汩,1
3019,泅,3025,泔,1
3019,泅,3028,泗,1
3019,泅,3056,洄,1
3019,泅,6201,酒,1
3020,泉,1469,尔,1
3020,泉,4876,臬,1
3020,泉,6250,采,1
3021,泊,2954,汐,1
3021,泊,2966,汨,1
3021,泊,3073,洫,1
3021,泊,3128,涓,1
3021,泊,5686,谁,1
3022,泌,140,以,1
3022,泌,2841,次,1
3022,泌,2974,汹,1
3022,泌,2977,沁,1
3022,泌,2995,没,1
3022,泌,3074,洮,1
3024,泓,3059,洌,1
3024,泓,6548,阖,1
3025,泔,3039,泪,1
3026,法,3072,洪,1
3028,泗,3019,泅,1
3029,泚,2903,毗,1
3030,泛,3014,沽,1
3030,泛,3038,注,1
3030,泛,3080,洹,1
3030,泛,4499,经,1
3030,泛,4513,绞,1
3031,泜,3009,河,1
3032,泞,411,冱,1
3032,泞,2069,扭,1
3032,泞,2976,汾,1
3033,泠,3084,洽,1
3033,泠,5629,识,1
3034,泡,551,包,1
3034,泡,2841,次,1
3034,泡,3007,沱,1
3034,泡,3056,洄,1
3034,泡,3111,浥,1
3034,泡,4475,纶,1
3034,泡,4771,胞,1
3035,波,2971,汲,1
3035,波,3013,沼,1
3035,波,3052,泼,1
3035,波,3114,浪,1
3035,波,6715,顷,1
3036,泣,3015,沾,1
3036,泣,6357,铠,1
3037,泥,1268,妮,1
3037,泥,2999,沦,1
3037,泥,3022,泌,1
3037,泥,3186,渑,1
3038,注,1678,庄,1
3038,注,2968,汪,1
3038,注,3007,沱,1
3038,注,3036,泣,1
3038,注,5654,诠,1
3039,泪,1538,岭,1
3039,泪,2420,旧,1
3039,泪,2729,棱,1
3039,泪,2967,汩,1
3039,泪,3057,洇,1
3039,泪,4490,细,1
3040,泫,3033,泠,1
3040,泫,3605,玄,1
3040,泫,5659,该,1
3041,泮,3068,洣,1
3041,泮,4494,绊,1
3042,泯,3031,泜,1
3042,泯,3037,泥,1
3042,泯,3635,珉,1
3043,泰,1760,录,1
3043,泰,1892,恭,1
3043,泰,4438,素,1
3045,泳,2944,永,1
3045,泳,3005,沭,1
3045,泳,4545,绿,1
3046,泵,5744,豕,1
3047,泶,3295,漾,1
3048,泷,3640,珑,1
3049,泸,2996,沣,1
3050,泺,2979,沃,1
3050,泺,3052,泼,1
3050,泺,3082,活,1
3051,泻,409,冯,1
3051,泻,3066,洛,1
3051,泻,3099,浑,1
3051,泻,3115,浮,1
3051,泻,3164,淙,1
3051,泻,3202,渴,1
3051,泻,5634,诌,1
3051,泻,5645,诗,1
3051,泻,5717,谢,1
3052,泼,2971,汲,1
3052,泼,2979,沃,1
3052,泼,3791,疚,1
3053,泽,3058,洋,1
3053,泽,3172,淬,1
3053,泽,4498,绎,1
3053,泽,4606,罕,1
3053,泽,5616,许,1
3054,泾,428,凑,1
3055,洁,258,俜,1
3055,洁,2968,汪,1
3055,洁,3014,沽,1
3055,洁,3051,泻,1
3055,洁,3113,浩,1
3055,洁,3116,浯,1
3055,洁,4503,结,1
3055,洁,4524,绩,1
3056,洄,2967,汩,1
3056,洄,3006,沮,1
3056,洄,3028,泗,1
3057,洇,3039,泪,1
3058,洋,41,主,1
3058,洋,1087,垟,1
3058,洋,3162,淖,1
3058,洋,3292,漳,1
3058,洋,5627,评,1
3059,洌,3097,浏,1
3060,洎,3021,泊,1
3060,洎,3039,泪,1
3060,洎,4488,组,1
3062,洒,2974,汹,1
3062,洒,3028,泗,1
3062,洒,3209,湎,1
3063,洗,359,先,1
3063,洗,2982,沆,1
3063,洗,2985,沌,1
3063,洗,3113,浩,1
3063,洗,3120,浼,1
3063,洗,4514,统,1
3063,洗,5673,说,1
3064,洙,3004,沫,1
3064,洙,3068,洣,1
3065,洚,3053,泽,1
3065,洚,3064,洙,1
3065,洚,3099,浑,1
3065,洚,3140,涤,1
3066,洛,415,冶,1
3066,洛,671,右,1
3066,洛,1889,恪,1
3066,洛,2984,沉,1
3066,洛,3642,珞,1
3067,洞,2420,旧,1
3067,洞,3019,泅,1
3067,洞,3039,泪,1
3067,洞,3057,洇,1
3067,洞,6509,问,1
3068,洣,3005,沭,1
3068,洣,3041,泮,1
3068,洣,3127,涑,1
3068,洣,5649,诛,1
3069,津,2996,沣,1
3069,津,3134,涞,1
3069,津,3297,潇,1
3070,洧,3123,消,1
3070,洧,3156,淆,1
3071,洨,2973,汶,1
3071,洨,4513,绞,1
3071,洨,5619,讼,1
3072,洪,377,共,1
3072,洪,1052,块,1
3072,洪,2972,汴,1
3072,洪,5355,蛱,1
3076,洲,3181,渊,1
3076,洲,3636,珊,1
3078,洴,5610,讲,1
3079,洵,3017,泃,1
3079,洵,5635,词,1
3079,洵,5656,询,1
3079,洵,6515,间,1
3081,洺,2973,汶,1
3081,洺,4511,络,1
3082,活,3014,沽,1
3082,活,4479,纺,1
3082,活,4517,绢,1
3083,洼,3026,法,1
3083,洼,3038,注,1
3083,洼,3054,泾,1
3083,洼,3055,洁,1
3083,洼,3194,渣,1
3083,洼,3231,溘,1
3084,洽,2976,汾,1
3084,洽,3012,治,1
3084,洽,3033,泠,1
3084,洽,3095,浍,1
3084,洽,3117,浴,1
3084,洽,3145,涪,1
3084,洽,3210,湓,1
3084,洽,5619,讼,1
3084,洽,5630,诈,1
3085,派,5617,讹,1
3086,流,3120,浼,1
3086,流,4514,统,1
3087,浃,3004,沫,1
3088,浅,2021,成,1
3088,浅,6073,逑,1
3089,浆,721,吼,1
3090,浇,236,侥,1
3090,浇,418,冼,1
3090,浇,2169,挠,1
3090,浇,2615,柒,1
3090,浇,3026,法,1
3090,浇,4505,绕,1
3091,浈,3224,溃,1
3091,浈,3660,琐,1
3092,浉,1631,师,1
3093,浊,413,决,1
3093,浊,3072,洪,1
3093,浊,3254,滍,1
3093,浊,5297,虫,1
3094,测,238,侧,1
3094,测,3076,洲,1
3094,测,3097,浏,1
3095,浍,3121,涂,1
3095,浍,4507,绘,1
3096,济,2978,沂,1
3096,济,3205,湃,1
3096,济,3617,玠,1
3096,济,5622,访,1
3097,浏,499,剟,1
3099,浑,401,军,1
3099,浑,3038,注,1
3099,浑,3058,洋,1
3099,浑,3121,涂,1
3099,浑,3188,渖,1
3099,浑,3294,漹,1
3099,浑,3327,澴,1
3101,浓,1731,弄,1
3102,浔,1795,得,1
3103,浕,1488,尽,1
3104,浙,2585,析,1
3104,浙,3010,沸,1
3104,浙,3319,澌,1
3104,浙,6175,郴,1
3105,浚,2995,没,1
3105,浚,3071,洨,1
3105,浚,4011,矣,1
3105,浚,4536,绶,1
3105,浚,5659,该,1
3106,浜,3113,浩,1
3106,浜,3326,澳,1
3107,浞,3153,淀,1
3107,浞,3188,渖,1
3108,浠,832,唏,1
3108,浠,1632,希,1
3108,浠,2993,沛,1
3109,浡,3050,泺,1
3110,浣,701,吟,1
3110,浣,2975,汽,1
3110,浣,3086,流,1
3113,浩,3026,法,1
3113,浩,3063,洗,1
3113,浩,4503,结,1
3113,浩,5634,诌,1
3114,浪,3086,流,1
3114,浪,3176,混,1
3114,浪,3564,狼,1
3114,浪,3653,琅,1
3115,浮,3058,洋,1
3115,浮,3175,淳,1
3116,浯,3066,洛,1
3117,浴,255,俗,1
3117,浴,3113,浩,1
3117,浴,3116,浯,1
3117,浴,3145,涪,1
3117,浴,4519,绤,1
3118,海,3008,沲,1
3118,海,3079,洵,1
3118,海,3154,淄,1
3118,海,6671,面,1
3119,浸,1288,姣,1
3119,浸,3035,波,1
3119,浸,3288,漫,1
3119,浸,5724,谩,1
3119,浸,6863,骎,1
3120,浼,3220,湮,1
3120,浼,5697,谍,1
3121,涂,199,余,1
3121,涂,2616,染,1
3121,涂,3050,泺,1
3121,涂,3140,涤,1
3121,涂,3174,深,1
3121,涂,4293,笨,1
3122,涅,2624,柠,1
3122,涅,3197,温,1
3123,消,817,哨,1
3123,消,3096,济,1
3123,消,3156,淆,1
3123,消,3199,渭,1
3123,消,5657,诣,1
3123,消,5676,请,1
3124,涉,2964,污,1
3124,涉,2991,沙,1
3124,涉,3041,泮,1
3124,涉,3123,消,1
3124,涉,3159,淌,1
3124,涉,3294,漹,1
3125,涌,1106,埇,1
3125,涌,3188,渖,1
3125,涌,3275,滴,1
3126,涎,1722,延,1
3126,涎,6761,飐,1
3126,涎,6762,飑,1
3127,涑,3004,沫,1
3128,涓,3123,消,1
3128,涓,3137,涡,1
3128,涓,4517,绢,1
3129,涔,3052,泼,1
3129,涔,4593,缲,1
3130,涕,1743,弟,1
3130,涕,6074,递,1
3131,涘,3120,浼,1
3131,涘,3243,溴,1
3132,涛,2098,抢,1
3133,涝,2993,沛,1
3133,涝,3263,滞,1
3133,涝,3305,潢,1
3133,涝,5119,菏,1
3134,涞,3068,洣,1
3134,涞,3127,涑,1
3134,涞,5642,诔,1
3135,涟,3042,泯,1
3135,涟,3100,浒,1
3135,涟,3659,琏,1
3135,涟,4573,缝,1
3135,涟,5393,蝉,1
3136,涠,3141,润,1
3136,涠,3151,涸,1
3136,涠,3164,淙,1
3136,涠,5688,调,1
3137,涡,3128,涓,1
3137,涡,3159,淌,1
3137,涡,5693,谈,1
3138,涢,2971,汲,1
3138,涢,3137,涡,1
3139,涣,841,唤,1
3139,涣,2979,沃,1
3139,涣,3091,浈,1
3139,涣,3106,浜,1
3139,涣,3271,滨,1
3140,涤,417,冻,1
3140,涤,3053,泽,1
3140,涤,3174,深,1
3141,润,3060,洎,1
3141,润,3125,涌,1
3141,润,6524,闽,1
3142,涧,3017,泃,1
3142,涧,3056,洄,1
3142,涧,3632,珀,1
3142,涧,6515,间,1
3144,涩,6054,述,1
3145,涪,2047,扅,1
3145,涪,3066,洛,1
3145,涪,3117,浴,1
3145,涪,3222,湾,1
3145,涪,3231,溘,1
3145,涪,3244,溶,1
3145,涪,4519,绤,1
3145,涪,5634,诌,1
3145,涪,5709,谙,1
3145,涪,5902,踣,1
3145,涪,6592,陪,1
3146,涫,3672,琯,1
3148,涯,3196,渥,1
3149,液,427,减,1
3150,涵,410,冰,1
3150,涵,446,函,1
3150,涵,3168,淡,1
3150,涵,3211,湔,1
3150,涵,5636,诎,1
3151,涸,2986,沏,1
3153,淀,1413,定,1
3153,淀,3007,沱,1
3153,淀,3071,洨,1
3153,淀,3144,涩,1
3153,淀,3820,症,1
3153,淀,4543,绽,1
3154,淄,4547,缁,1
3155,淅,3185,渐,1
3156,淆,3180,清,1
3156,淆,5181,蒂,1
3156,淆,5713,谝,1
3157,淇,3242,溲,1
3157,淇,3284,漠,1
3158,淋,2587,林,1
3158,淋,3205,湃,1
3158,淋,5610,讲,1
3159,淌,3035,波,1
3159,淌,3125,涌,1
3159,淌,3128,涓,1
3159,淌,3338,濡,1
3159,淌,3381,炯,1
3159,淌,4531,绱,1
3159,淌,4551,缅,1
3159,淌,5956,躺,1
3160,淏,5668,误,1
3160,淏,5683,课,1
3161,淑,648,叔,1
3161,淑,3158,淋,1
3161,淑,3331,激,1
3162,淖,586,卓,1
3162,淖,3053,泽,1
3162,淖,3217,湟,1
3163,淘,2219,掏,1
3163,淘,4724,肉,1
3163,淘,6511,闰,1
3163,淘,6524,闽,1
3164,淙,3146,涫,1
3164,淙,3153,淀,1
3164,淙,3174,深,1
3166,淞,423,凇,1
3168,淡,308,偎,1
3168,淡,3087,浃,1
3168,淡,3131,涘,1
3168,淡,3265,滠,1
3169,淤,3052,泼,1
3169,淤,3203,游,1
3169,淤,6102,遐,1
3171,淫,1084,垕,1
3171,淫,3078,洴,1
3171,淫,3115,浮,1
3171,淫,3122,涅,1
3171,淫,3217,湟,1
3171,淫,3221,湲,1
3171,淫,3234,溠,1
3171,淫,3260,滗,1
3171,淫,5654,诠,1
3172,淬,3065,洚,1
3172,淬,3098,浐,1
3172,淬,3260,滗,1
3173,淮,3085,派,1
3173,淮,3299,潍,1
3173,淮,4534,维,1
3173,淮,5636,诎,1
3174,深,627,原,1
3174,深,1172,墚,1
3174,深,1405,宋,1
3174,深,2957,汗,1
3174,深,3121,涂,1
3174,深,3127,涑,1
3174,深,3164,淙,1
3174,深,5668,误,1
3175,淳,424,凉,1
3175,淳,3115,浮,1
3175,淳,3164,淙,1
3176,混,2463,晁,1
3176,混,3042,泯,1
3176,混,3186,渑,1
3176,混,3667,琨,1
3177,淹,2999,沦,1
3179,淼,3089,浆,1
3180,清,3132,涛,1
3180,清,3156,淆,1
3180,清,3190,渚,1
3180,清,3199,渭,1
3180,清,3263,滞,1
3180,清,4092,碡,1
3180,清,6663,青,1
3181,渊,495,剕,1
3181,渊,3322,澜,1
3182,渌,3045,泳,1
3183,渍,3037,泥,1
3183,渍,3138,涢,1
3184,渎,1417,实,1
3185,渐,2398,断,1
3185,渐,3104,浙,1
3185,渐,6675,靳,1
3187,渔,3030,泛,1
3187,渔,3060,洎,1
3187,渔,3231,溘,1
3187,渔,3258,滔,1
3187,渔,6027,迄,1
3187,渔,6935,鱼,1
3188,渖,3182,渌,1
3189,渗,2972,汴,1
3189,渗,4446,綮,1
3190,渚,3156,淆,1
3190,渚,3209,湎,1
3190,渚,3219,湫,1
3190,渚,5534,褚,1
3191,渝,6100,遍,1
3192,渠,3243,溴,1
3192,渠,4411,粱,1
3193,渡,3800,疫,1
3193,渡,3864,瘦,1
3193,渡,5701,谑,1
3194,渣,2626,查,1
3194,渣,3055,洁,1
3194,渣,3183,渍,1
3194,渣,3292,漳,1
3194,渣,6973,鲨,1
3195,渤,3265,滠,1
3195,渤,5734,谳,1
3196,渥,3122,涅,1
3196,渥,3241,溱,1
3197,温,3247,溻,1
3197,温,3269,滥,1
3197,温,3435,煜,1
3199,渭,3202,渴,1
3199,渭,3247,溻,1
3199,渭,3256,滑,1
3199,渭,3302,潜,1
3200,港,1623,巷,1
3200,港,3129,涔,1
3200,港,4541,绻,1
3201,渲,4932,艴,1
3201,渲,5694,谊,1
3202,渴,737,呙,1
3202,渴,905,喵,1
3202,渴,3111,浥,1
3202,渴,3137,涡,1
3202,渴,3159,淌,1
3202,渴,3199,渭,1
3202,渴,6101,遏,1
3203,游,3169,淤,1
3203,游,3246,溺,1
3203,游,3318,澉,1
3204,渺,3079,洵,1
3204,渺,3242,溲,1
3204,渺,6544,阑,1
3205,湃,1161,塮,1
3205,湃,2387,料,1
3206,湄,4517,绢,1
3207,湉,1891,恬,1
3208,湍,896,喘,1
3208,湍,2444,易,1
3208,湍,3014,沽,1
3209,湎,3079,洵,1
3210,湓,3118,海,1
3210,湓,3196,渥,1
3211,湔,3206,湄,1
3211,湔,5726,谫,1
3212,湖,4391,米,1
3212,湖,4422,糊,1
3212,湖,4772,胡,1
3213,湘,766,咖,1
3213,湘,869,啪,1
3213,湘,3077,洳,1
3213,湘,3934,相,1
3214,湛,3200,港,1
3214,湛,5695,谋,1
3215,湜,1144,堤,1
3215,湜,2455,是,1
3215,湜,3122,涅,1
3215,湜,3160,淏,1
3215,湜,4553,缇,1
3215,湜,6088,逮,1
3216,湝,3302,潜,1
3217,湟,3326,澳,1
3217,湟,6656,霪,1
3219,湫,3226,溆,1
3220,湮,3217,湟,1
3222,湾,3189,渗,1
3222,湾,3261,滘,1
3223,湿,3107,浞,1
3223,湿,3170,淦,1
3223,湿,3176,混,1
3223,湿,3187,渔,1
3224,溃,1165,境,1
3224,溃,5715,谠,1
3225,溅,5807,赋,1
3226,溆,3161,淑,1
3226,溆,3201,渲,1
3228,溉,3114,浪,1
3230,源,1186,壮,1
3230,源,3099,浑,1
3230,源,3148,涯,1
3230,源,5690,谅,1
3232,溜,3051,泻,1
3232,溜,3128,涓,1
3235,溢,3190,渚,1
3235,溢,3231,溘,1
3235,溢,3234,溠,1
3235,溢,3269,滥,1
3235,溢,3301,潘,1
3237,溦,1803,微,1
3237,溦,2370,敞,1
3239,溪,3171,淫,1
3239,溪,3221,湲,1
3239,溪,5675,诶,1
3240,溯,2528,朔,1
3240,溯,2966,汨,1
3240,溯,3078,洴,1
3240,溯,5735,谴,1
3241,溱,428,凑,1
3242,溲,3210,湓,1
3244,溶,3040,泫,1
3244,溶,3051,泻,1
3244,溶,3200,港,1
3244,溶,3262,滚,1
3246,溺,3182,渌,1
3246,溺,3203,游,1
3246,溺,3308,潮,1
3246,溺,5663,诩,1
3247,溻,351,儡,1
3247,溻,3102,浔,1
3248,溽,4571,缛,1
3248,溽,6020,辱,1
3251,滃,3246,溺,1
3252,滇,3243,溴,1
3252,滇,3284,漠,1
3252,滇,3305,潢,1
3253,滋,3015,沾,1
3253,滋,3024,泓,1
3253,滋,5679,诺,1
3253,滋,5726,谫,1
3255,滏,3065,洚,1
3255,滏,3170,淦,1
3255,滏,3177,淹,1
3256,滑,3123,消,1
3256,滑,3128,涓,1
3256,滑,3199,渭,1
3256,滑,3206,湄,1
3256,滑,4517,绢,1
3256,滑,5657,诣,1
3257,滓,3176,混,1
3257,滓,3292,漳,1
3257,滓,5144,萍,1
3258,滔,36,临,1
3258,滔,3128,涓,1
3258,滔,3132,涛,1
3258,滔,3232,溜,1
3258,滔,4883,舀,1
3261,滘,3197,温,1
3261,滘,3244,溶,1
3262,滚,5474,衮,1
3263,滞,4564,缔,1
3266,满,3190,渚,1
3266,满,5119,菏,1
3266,满,5711,谛,1
3267,滢,5108,莹,1
3267,滢,5723,谨,1
3267,滢,5735,谴,1
3268,滤,1174,墟,1
3268,滤,2982,沆,1
3268,滤,3665,琥,1
3269,滥,3223,湿,1
3270,滦,2663,栾,1
3270,滦,3050,泺,1
3270,滦,3162,淖,1
3270,滦,3175,淳,1
3270,滦,3222,湾,1
3271,滨,1436,宾,1
3271,滨,3044,泱,1
3271,滨,3239,溪,1
3271,滨,3244,溶,1
3271,滨,3270,滦,1
3271,滨,3315,潽,1
3271,滨,5675,诶,1
3272,滩,3972,睢,1
3273,滪,6746,颙,1
3274,滫,3216,湝,1
3275,滴,4740,肩,1
3276,滹,5701,谑,1
3277,漂,424,凉,1
3277,漂,3032,泞,1
3277,漂,3164,淙,1
3277,漂,3296,潆,1
3277,漂,3307,潭,1
3277,漂,4542,综,1
3278,漆,2051,扊,1
3278,漆,3347,瀵,1
3279,漉,7104,鹿,1
3280,漏,2254,握,1
3280,漏,3206,湄,1
3280,漏,3880,癍,1
3281,漓,1443,富,1
3281,漓,3140,涤,1
3281,漓,3300,潏,1
3281,漓,5733,谲,1
3282,演,1440,寅,1
3282,演,3174,深,1
3282,演,3187,渔,1
3282,演,3201,渲,1
3282,演,3224,溃,1
3282,演,3227,溇,1
3282,演,3305,潢,1
3284,漠,3157,淇,1
3284,漠,3184,渎,1
3284,漠,3243,溴,1
3284,漠,3254,滍,1
3286,漩,3168,淡,1
3286,漩,3169,淤,1
3286,漩,3700,璇,1
3288,漫,3459,熳,1
3289,漭,3368,炎,1
3290,漯,3122,涅,1
3290,漯,3174,深,1
3290,漯,4582,缧,1
3291,漱,2369,敝,1
3291,漱,3166,淞,1
3291,漱,4749,肷,1
3291,漱,6731,颇,1
3292,漳,1702,庳,1
3292,漳,3038,注,1
3292,漳,3058,洋,1
3292,漳,3162,淖,1
3292,漳,4548,缂,1
3293,漶,3227,溇,1
3295,漾,37,丶,1
3295,漾,3182,渌,1
3295,漾,3265,滠,1
3295,漾,3315,潽,1
3296,潆,3109,浡,1
3296,潆,3337,濠,1
3297,潇,5154,萧,1
3298,潋,3237,溦,1
3299,潍,4534,维,1
3300,潏,3275,滴,1
3301,潘,2415,旗,1
3301,潘,3221,湲,1
3302,潜,5700,谐,1
3303,潞,3704,璐,1
3304,潟,3202,渴,1
3304,潟,3232,溜,1
3306,潦,2656,栲,1
3307,潭,429,凛,1
3307,潭,3162,淖,1
3307,潭,3277,漂,1
3308,潮,2532,朝,1
3308,潮,3212,湖,1
3310,潴,3287,漪,1
3310,潴,3900,皓,1
3311,潵,3317,澈,1
3312,潸,3302,潜,1
3313,潺,3280,漏,1
3314,潼,3328,澶,1
3316,澄,3222,湾,1
3316,澄,3233,溟,1
3316,澄,5723,谨,1
3316,澄,6591,险,1
3316,澄,6592,陪,1
3317,澈,3237,溦,1
3317,澈,3298,潋,1
3317,澈,3318,澉,1
3321,澎,1242,奶,1
3321,澎,2007,懑,1
3321,澎,3320,澍,1
3322,澜,6532,阅,1
3322,澜,6544,阑,1
3323,澡,979,噪,1
3323,澡,3164,淙,1
3323,澡,3174,深,1
3323,澡,3238,溧,1
3324,澥,3188,渖,1
3326,澳,3139,涣,1
3326,澳,3243,溴,1
3326,澳,6587,院,1
3327,澴,4594,缳,1
3328,澶,3201,渲,1
3331,激,1806,徼,1
3331,激,3161,淑,1
3331,激,3237,溦,1
3331,激,3298,潋,1
3331,激,3317,澈,1
3331,激,3701,璈,1
3332,濂,3282,演,1
3334,濑,2008,懒,1
3335,濒,3273,滪,1
3335,濒,3298,潋,1
3335,濒,3351,灏,1
3335,濒,6719,须,1
3338,濡,3010,沸,1
3338,濡,3336,濞,1
3341,瀌,3279,漉,1
3343,瀑,5724,谩,1
3347,瀵,79,二,1
3348,瀹,3191,渝,1
3350,灌,3267,滢,1
3350,灌,3732,甍,1
3350,灌,5679,诺,1
3350,灌,6619,雀,1
3351,灏,1611,工,1
3353,火,1205,大,1
3353,火,1811,忆,1
3353,火,2999,沦,1
3354,灬,1808,心,1
3355,灭,8,下,1
3356,灯,666,叮,1
3356,灯,1673,幻,1
3357,灰,140,以,1
3357,灰,784,咴,1
3357,灰,1490,尿,1
3357,灰,1679,庆,1
3357,灰,1687,应,1
3358,灵,2440,昊,1
3358,灵,3365,炅,1
3359,灶,129,仕,1
3359,灶,1250,妆,1
3359,灶,1259,妙,1
3359,灶,3398,烛,1
3360,灸,95,交,1
3360,灸,4010,矢,1
3361,灼,3356,灯,1
3361,灼,5777,购,1
3362,灾,368,兜,1
3362,灾,1413,定,1
3362,灾,1418,宠,1
3363,灿,3369,炒,1
3364,炀,4008,矛,1
3365,炅,356,兄,1
3365,炅,2455,是,1
3365,炅,3358,灵,1
3366,炉,1255,妒,1
3367,炊,3371,炕,1
3367,炊,3389,炽,1
3367,炊,6789,饮,1
3368,炎,31,丫,1
3368,炎,2902,毖,1
3368,炎,3358,灵,1
3368,炎,3360,灸,1
3368,炎,4982,苌,1
3369,炒,3361,灼,1
3369,炒,3366,炉,1
3370,炔,1829,快,1
3370,炔,3396,烘,1
3371,炕,94,亢,1
3371,炕,3377,炫,1
3373,炙,790,品,1
3373,炙,1221,奂,1
3373,炙,3360,灸,1
3374,炜,1633,帏,1
3375,炝,3363,灿,1
3376,炟,1062,坦,1
3377,炫,5801,赅,1
3378,炬,4014,矩,1
3379,炭,360,光,1
3379,炭,1407,宏,1
3379,炭,1433,宸,1
3379,炭,4099,碳,1
3379,炭,5014,茄,1
3380,炮,1811,忆,1
3381,炯,3401,烟,1
3381,炯,3421,焖,1
3381,炯,3443,煳,1
3381,炯,6353,铜,1
3382,炱,4011,矣,1
3383,炳,3410,烯,1
3383,炳,6782,饧,1
3384,炷,3377,炫,1
3384,炷,3392,烂,1
3384,炷,3433,煌,1
3385,炸,1826,忤,1
3385,炸,2623,柞,1
3385,炸,3395,烊,1
3386,点,361,克,1
3386,点,376,兰,1
3386,点,1838,忿,1
3386,点,1869,总,1
3386,点,5852,足,1
3386,点,6935,鱼,1
3387,炻,3418,焐,1
3388,炼,1785,待,1
3388,炼,3385,炸,1
3388,炼,3420,焕,1
3389,炽,1315,娲,1
3389,炽,3363,灿,1
3389,炽,3398,烛,1
3390,烀,3405,烨,1
3391,烁,3361,灼,1
3391,烁,3396,烘,1
3392,烂,3393,烃,1
3393,烃,3054,泾,1
3393,烃,3392,烂,1
3393,烃,3417,焌,1
3395,烊,3405,烨,1
3396,烘,799,哎,1
3396,烘,3370,炔,1
3396,烘,3377,炫,1
3396,烘,3398,烛,1
3396,烘,3404,烧,1
3396,烘,5301,虹,1
3396,烘,5378,蜞,1
3397,烙,1889,恪,1
3397,烙,3378,炬,1
3397,烙,3393,烃,1
3398,烛,3389,炽,1
3399,烜,3376,炟,1
3399,烜,3435,煜,1
3400,烝,24,丞,1
3401,烟,787,咽,1
3401,烟,3057,洇,1
3401,烟,6523,闼,1
3402,烤,929,嗦,1
3402,烤,2151,拷,1
3402,烤,3391,烁,1
3403,烦,1056,坝,1
3403,烦,6717,项,1
3404,烧,1300,娆,1
3404,烧,3411,烷,1
3404,烧,5299,虮,1
3405,烨,5435,蟑,1
3406,烩,3420,焕,1
3407,烫,402,农,1
3407,烫,2512,曰,1
3407,烫,5849,趟,1
3408,烬,1268,妮,1
3409,热,532,势,1
3409,热,1096,垫,1
3410,烯,832,唏,1
3410,烯,1955,惴,1
3411,烷,1103,垸,1
3411,烷,1475,尝,1
3411,烷,3404,烧,1
3412,烹,447,凿,1
3413,烺,4201,稂,1
3414,烽,1930,悼,1
3414,烽,3140,涤,1
3414,烽,3416,焊,1
3414,烽,3447,熄,1
3414,烽,4498,绎,1
3415,焉,3479,爱,1
3416,焊,848,唱,1
3416,焊,2191,捍,1
3416,焊,3389,炽,1
3416,焊,4414,粹,1
3418,焐,3423,焙,1
3419,焓,3397,烙,1
3420,焕,940,嗾,1
3420,焕,2005,懊,1
3420,焕,2199,换,1
3420,焕,3393,烃,1
3420,焕,3403,烦,1
3421,焖,3381,炯,1
3422,焘,572,医,1
3422,焘,1461,寿,1
3422,焘,4153,祯,1
3423,焙,3392,烂,1
3423,焙,3408,烬,1
3423,焙,3450,熔,1
3424,焚,2710,梵,1
3426,焦,18,丘,1
3426,焦,154,企,1
3426,焦,435,凭,1
3426,焦,1062,坦,1
3426,焦,2419,旦,1
3426,焦,6617,隽,1
3427,焯,1331,婵,1
3427,焯,3395,烊,1
3428,焰,3451,熘,1
3428,焰,5778,贮,1
3429,焱,5136,菼,1
3429,焱,5816,赕,1
3430,然,232,供,1
3430,然,1280,姓,1
3433,煌,901,喤,1
3433,煌,1659,幌,1
3433,煌,3435,煜,1
3434,煎,386,兼,1
3435,煜,3389,炽,1
3436,煞,2363,敏,1
3436,煞,3448,熊,1
3437,煤,3469,燥,1
3438,煦,3439,照,1
3439,照,2454,昭,1
3439,照,3430,然,1
3439,照,3438,煦,1
3440,煨,884,喂,1
3440,煨,3425,焜,1
3441,煮,14,专,1
3441,煮,1957,惹,1
3441,煮,1966,意,1
3441,煮,5196,蒸,1
3442,煲,234,侠,1
3445,煺,3413,烺,1
3446,煽,959,嘱,1
3446,煽,3456,熥,1
3447,熄,358,兆,1
3447,熄,3411,烷,1
3448,熊,4792,能,1
3449,熏,2628,柬,1
3449,熏,6254,重,1
3450,熔,3411,烷,1
3450,熔,3423,焙,1
3450,熔,3428,焰,1
3450,熔,5412,螃,1
3452,熙,3448,熊,1
3453,熜,934,嗯,1
3456,熥,1566,崆,1
3456,熥,3372,炖,1
3457,熨,6887,骰,1
3460,熵,3465,燏,1
3462,燃,3363,灿,1
3464,燎,963,嘹,1
3467,燕,1970,感,1
3467,燕,5225,蔗,1
3467,燕,5241,蕊,1
3469,燥,5369,蜍,1
3469,燥,5993,辉,1
3472,燹,4074,硬,1
3473,爆,298,倮,1
3473,爆,4379,簏,1
3473,爆,5993,辉,1
3475,爨,1611,工,1
3476,爪,3750,由,1
3477,爬,638,县,1
3477,爬,3532,犹,1
3478,爰,5132,菱,1
3479,爱,4339,箜,1
3479,爱,4346,箩,1
3480,爵,1466,尊,1
3480,爵,5752,豸,1
3481,父,50,义,1
3481,父,641,又,1
3481,父,2840,欠,1
3482,爷,43,举,1
3482,爷,606,危,1
3482,爷,688,名,1
3482,爷,3481,父,1
3482,爷,4297,笮,1
3483,爸,3482,爷,1
3483,爸,4983,苍,1
3484,爹,2563,条,1
3484,爹,2930,氡,1
3485,爻,50,义,1
3485,爻,3481,父,1
3487,爿,32,丬,1
3487,爿,4957,芦,1
3489,牂,2239,掸,1
3490,片,356,兄,1
3490,片,2900,比,1
3490,片,3014,沽,1
3490,片,3740,生,1
3490,片,4943,芍,1
3491,版,3504,牧,1
3491,版,3761,畈,1
3491,版,6788,饭,1
3492,牌,311,做,1
3492,牌,1562,峰,1
3492,牌,6595,陴,1
3493,牍,3517,犊,1
3496,牙,56,乐,1
3496,牙,1667,干,1
3496,牙,2040,户,1
3497,牚,2723,棠,1
3497,牚,4232,穿,1
3498,牛,33,中,1
3498,牛,579,午,1
3498,牛,581,半,1
3498,牛,6312,钮,1
3499,牝,5969,轱,1
3500,牟,378,关,1
3500,牟,3768,畚,1
3500,牟,4011,矣,1
3501,牡,2559,杜,1
3501,牡,3499,牝,1
3501,牡,3507,牯,1
3501,牡,6281,钍,1
3502,牢,401,军,1
3502,牢,1402,宇,1
3502,牢,3500,牟,1
3502,牢,6011,辛,1
3503,牦,3508,牲,1
3504,牧,1058,坟,1
3504,牧,2061,扛,1
3504,牧,2358,政,1
3505,物,468,判,1
3505,物,1044,均,1
3508,牲,1280,姓,1
3508,牲,2135,拢,1
3508,牲,2178,挫,1
3508,牲,3512,牾,1
3508,牲,4769,胜,1
3509,牵,586,卓,1
3509,牵,4699,耷,1
3510,特,1464,将,1
3510,特,1785,待,1
3510,特,2156,持,1
3510,特,2172,挣,1
3510,特,2387,料,1
3510,特,3826,痔,1
3510,特,4202,稃,1
3510,特,5367,蜉,1
3511,牺,759,和,1
3511,牺,2649,栖,1
3511,牺,3383,炳,1
3511,牺,4598,缸,1
3513,牿,6006,辖,1
3513,牿,6394,锆,1
3514,犀,1503,屑,1
3514,犀,2779,榘,1
3514,犀,6020,辱,1
3515,犁,2705,梨,1
3517,犊,2305,摸,1
3517,犊,3493,牍,1
3517,犊,3513,牿,1
3517,犊,4527,续,1
3520,犏,1990,慵,1
3521,犒,2280,搞,1
3521,犒,2790,槁,1
3521,犒,3510,特,1
3521,犒,4219,稿,1
3524,犬,595,卡,1
3524,犬,1206,天,1
3526,犯,2084,把,1
3526,犯,3533,狁,1
3527,犰,3532,犹,1
3528,犴,2063,扦,1
3528,犴,3611,玕,1
3529,状,358,兆,1
3529,状,1827,忧,1
3531,犸,2567,杩,1
3532,犹,164,优,1
3532,犹,2072,扰,1
3532,犹,3536,狄,1
3532,犹,3556,狱,1
3532,犹,4775,胧,1
3534,狂,129,仕,1
3534,狂,3526,犯,1
3535,狃,2069,扭,1
3535,狃,3544,狙,1
3536,狄,3527,犰,1
3536,狄,3537,狈,1
3536,狄,3551,独,1
3536,狄,4180,秋,1
3536,狄,6834,驮,1
3537,狈,3526,犯,1
3537,狈,5556,规,1
3537,狈,6299,钡,1
3538,狉,3575,猛,1
3540,狎,2108,押,1
3541,狐,1385,孤,1
3541,狐,2087,抓,1
3541,狐,3533,狁,1
3541,狐,3729,瓻,1
3542,狒,2111,拂,1
3544,狙,1277,姐,1
3544,狙,2114,担,1
3544,狙,3526,犯,1
3545,狝,3546,狞,1
3545,狝,4148,祢,1
3546,狞,1398,宁,1
3547,狠,3536,狄,1
3548,狡,1288,姣,1
3548,狡,2299,摔,1
3548,狡,2407,旅,1
3548,狡,3552,狭,1
3548,狡,4788,胶,1
3549,狨,2708,械,1
3550,狩,2189,捋,1
3550,狩,3546,狞,1
3552,狭,3564,狼,1
3552,狭,3587,猱,1
3552,狭,4068,硖,1
3553,狮,1631,师,1
3553,狮,2585,析,1
3554,狯,166,会,1
3554,狯,5979,轻,1
3555,狰,3058,洋,1
3555,狰,3574,猗,1
3557,狲,7021,鳚,1
3558,狳,2225,探,1
3558,狳,3555,狰,1
3560,狷,2194,捐,1
3560,狷,3585,猬,1
3561,狸,257,俚,1
3561,狸,2193,捏,1
3562,狺,2216,掊,1
3564,狼,2921,氓,1
3564,狼,3547,狠,1
3567,猄,2224,掠,1
3567,猄,3574,猗,1
3569,猊,2163,挖,1
3570,猎,2231,措,1
3570,猎,3510,特,1
3570,猎,3560,狷,1
3570,猎,3576,猜,1
3570,猎,3584,猫,1
3570,猎,4819,腊,1
3571,猓,2730,棵,1
3571,猓,3587,猱,1
3572,猕,3557,狲,1
3573,猖,2158,指,1
3573,猖,3582,猩,1
3573,猖,6845,驺,1
3573,猖,7031,鸡,1
3574,猗,2218,掎,1
3575,猛,3591,猹,1
3575,猛,4815,脸,1
3576,猜,3570,猎,1
3576,猜,3585,猬,1
3576,猜,3592,猾,1
3576,猜,3594,獍,1
3577,猝,2299,摔,1
3580,猢,2281,搠,1
3581,猥,2261,援,1
3582,猩,3539,狍,1
3582,猩,3555,狰,1
3583,猪,1148,堵,1
3583,猪,3576,猜,1
3583,猪,4525,绪,1
3584,猫,2248,描,1
3584,猫,3570,猎,1
3584,猫,3573,猖,1
3584,猫,3590,猸,1
3584,猫,3649,珰,1
3584,猫,6414,锚,1
3585,猬,3581,猥,1
3585,猬,3590,猸,1
3585,猬,3592,猾,1
3585,猬,4517,绢,1
3586,献,338,僦,1
3586,献,3589,猷,1
3587,猱,2245,揉,1
3588,猴,285,候,1
3589,猷,3597,獒,1
3589,猷,6205,酞,1
3591,猹,2263,揸,1
3592,猾,3576,猜,1
3592,猾,3585,猬,1
3592,猾,3680,瑁,1
3593,猿,3562,狺,1
3594,獍,1165,境,1
3594,獍,3596,獐,1
3596,獐,2808,樟,1
3597,獒,2875,殊,1
3598,獗,2311,撅,1
3599,獠,337,僚,1
3600,獬,2337,擗,1
3604,獾,2344,攉,1
3605,玄,93,亡,1
3605,玄,166,会,1
3605,玄,357,充,1
3605,玄,2943,氵,1
3606,率,585,卒,1
3606,率,807,哗,1
3606,率,4266,章,1
3607,玉,86,五,1
3607,玉,3608,王,1
3608,王,1184,士,1
3608,王,1611,工,1
3608,王,1619,己,1
3611,玕,2957,汗,1
3611,玕,3645,珥,1
3611,玕,6282,钎,1
3612,玖,1048,坎,1
3612,玖,2355,改,1
3612,玖,2356,攻,1
3612,玖,3616,玟,1
3612,玖,3673,琰,1
3612,玖,4454,纠,1
3612,玖,6717,项,1
3613,玙,3650,珲,1
3615,玛,409,冯,1
3615,玛,3115,浮,1
3615,玛,3613,玙,1
3618,玡,3611,玕,1
3618,玡,3663,琢,1
3618,玡,4032,砑,1
3618,玡,5614,讶,1
3619,玢,2976,汾,1
3621,玦,3623,玫,1
3621,玦,3646,珧,1
3622,玩,3656,琉,1
3623,玫,4879,致,1
3623,玫,5607,议,1
3623,玫,6555,队,1
3625,环,1049,坏,1
3625,环,2587,林,1
3625,环,3101,浓,1
3626,现,2596,枧,1
3626,现,2958,汛,1
3626,现,3625,环,1
3626,现,3654,理,1
3626,现,3668,琪,1
3626,现,4038,砚,1
3626,现,4878,至,1
3626,现,5555,观,1
3626,现,5556,规,1
3627,玲,741,呤,1
3627,玲,2975,汽,1
3627,玲,3033,泠,1
3627,玲,3619,玢,1
3627,玲,3637,珍,1
3627,玲,5618,论,1
3629,玷,1066,坫,1
3629,玷,4263,站,1
3631,玻,3035,波,1
3633,珂,3618,玡,1
3633,珂,6569,阿,1
3635,珉,2110,抿,1
3637,珍,1098,垮,1
3637,珍,1613,巧,1
3637,珍,3627,玲,1
3637,珍,5632,诊,1
3639,珐,3026,法,1
3641,珙,3668,琪,1
3641,珙,3706,璜,1
3643,珠,5650,诜,1
3644,珣,3687,瑜,1
3648,班,3626,现,1
3651,珽,3126,涎,1
3653,琅,3114,浪,1
3653,琅,3564,狼,1
3653,琅,6406,锒,1
3653,琅,6923,魂,1
3653,琅,7104,鹿,1
3654,理,1107,埋,1
3654,理,2531,望,1
3654,理,5489,袒,1
3655,琇,5670,诱,1
3656,琉,1149,塃,1
3656,琉,3622,玩,1
3659,琏,3658,琎,1
3660,琐,3123,消,1
3660,琐,3620,玥,1
3660,琐,3686,瑛,1
3660,琐,6389,锁,1
3661,琚,2212,掂,1
3662,琛,2225,探,1
3662,琛,3174,深,1
3662,琛,3643,珠,1
3663,琢,3614,玚,1
3663,琢,5672,诳,1
3664,琤,3666,琦,1
3666,琦,3613,玙,1
3666,琦,6585,陟,1
3667,琨,3176,混,1
3668,琪,1145,堪,1
3668,琪,3233,溟,1
3668,琪,3641,珙,1
3673,琰,3168,淡,1
3674,琳,3645,珥,1
3675,琴,6265,錾,1
3676,琵,2438,昆,1
3677,琶,1034,圮,1
3677,琶,1532,岜,1
3677,琶,3918,盐,1
3678,琼,1387,学,1
3678,琼,2224,掠,1
3678,琼,3613,玙,1
3678,琼,3615,玛,1
3678,琼,5367,蜉,1
3678,琼,5690,谅,1
3678,琼,6588,除,1
3680,瑁,3685,瑚,1
3686,瑛,4051,破,1
3689,瑟,1295,姿,1
3689,瑟,1813,忌,1
3689,瑟,3404,烧,1
3689,瑟,3676,琵,1
3689,瑟,3677,琶,1
3690,瑢,3244,溶,1
3692,瑰,3623,玫,1
3692,瑰,3670,琬,1
3692,瑰,6932,魏,1
3693,瑶,2295,摇,1
3693,瑶,3639,珐,1
3693,瑶,3678,琼,1
3693,瑶,3679,瑀,1
3693,瑶,3706,璜,1
3693,瑶,4507,绘,1
3693,瑶,5650,诜,1
3694,瑷,3693,瑶,1
3696,璀,3688,瑞,1
3698,璃,3679,瑀,1
3698,璃,3706,璜,1
3698,璃,4576,缡,1
3698,璃,5425,螭,1
3702,璋,3596,獐,1
3703,璎,4583,缨,1
3707,璞,3708,璟,1
3707,璞,7121,黉,1
3709,璠,3684,瑙,1
3710,璧,1364,嬖,1
3710,璧,6271,鐾,1
3712,璩,3711,璨,1
3713,璪,2333,操,1
3716,瓘,3696,璀,1
3717,瓜,549,勿,1
3717,瓜,623,厕,1
3718,瓞,4037,砘,1
3720,瓢,1385,孤,1
3720,瓢,1747,弧,1
3721,瓣,3722,瓤,1
3721,瓣,6016,辨,1
3723,瓦,72,乱,1
3723,瓦,572,医,1
3723,瓦,646,反,1
3723,瓦,2918,氏,1
3724,瓮,1752,弱,1
3727,瓶,3425,焜,1
3727,瓶,6298,钠,1
3731,甄,3726,瓴,1
3732,甍,2517,曹,1
3732,甍,5261,薨,1
3738,甚,1762,彗,1
3738,甚,4963,芭,1
3738,甚,5031,茝,1
3739,甜,3894,皆,1
3739,甜,4454,纠,1
3739,甜,6828,馘,1
3740,生,3,七,1
3740,生,2018,戍,1
3740,生,2905,毛,1
3740,生,3753,电,1
3740,生,6039,进,1
3742,用,3744,甪,1
3742,用,3752,申,1
3743,甩,551,包,1
3744,甪,553,匈,1
3744,甪,3742,用,1
3745,甫,6829,香,1
3746,甬,5569,角,1
3747,甭,1239,奭,1
3747,甭,3746,甬,1
3749,田,1003,回,1
3749,田,1006,囡,1
3749,田,1007,团,1
3749,田,2512,曰,1
3749,田,3743,甩,1
3749,田,4481,纽,1
3750,由,33,中,1
3750,由,393,冉,1
3750,由,2513,曲,1
3750,由,3749,田,1
3750,由,4724,肉,1
3751,甲,31,丫,1
3751,甲,3752,申,1
3752,申,33,中,1
3752,申,4719,肀,1
3753,电,707,吨,1
3753,电,1513,屯,1
3753,电,2514,曳,1
3753,电,3743,甩,1
3753,电,6039,进,1
3754,男,3759,畀,1
3754,男,4615,罪,1
3755,甸,658,句,1
3755,甸,1003,回,1
3755,甸,4281,笋,1
3758,甾,1610,巢,1
3758,甾,4287,笛,1
3760,畅,3246,溺,1
3760,畅,4735,肠,1
3761,畈,748,呶,1
3761,畈,5773,贩,1
3762,畋,3623,玫,1
3763,界,595,卡,1
3763,界,2590,果,1
3766,畔,5313,蚌,1
3767,留,5788,贸,1
3767,留,6108,遛,1
3768,畚,3959,眷,1
3770,畜,1302,娈,1
3770,畜,5121,菖,1
3770,畜,5203,蓄,1
3770,畜,6902,高,1
3771,略,781,咯,1
3771,略,2489,晾,1
3771,略,3637,珍,1
3772,畦,691,吐,1
3772,畦,4826,腔,1
3772,畦,6219,酲,1
3773,番,5145,萎,1
3773,番,5164,著,1
3774,畯,829,唆,1
3774,畯,2496,暖,1
3777,畸,1127,埼,1
3777,畸,2475,晞,1
3777,畸,6205,酞,1
3781,疆,2344,攉,1
3781,疆,4925,艟,1
3782,疋,1485,尺,1
3782,疋,1622,巴,1
3782,疋,5549,襻,1
3784,疏,1618,巯,1
3784,疏,2163,挖,1
3784,疏,3622,玩,1
3784,疏,4073,硫,1
3785,疑,1581,崽,1
3785,疑,4543,绽,1
3785,疑,4783,胰,1
3785,疑,6118,避,1
3785,疑,6685,鞋,1
3787,疔,3789,疗,1
3789,疗,702,吠,1
3789,疗,2638,标,1
3789,疗,3193,渡,1
3789,疗,3826,痔,1
3789,疗,5472,衫,1
3790,疙,3822,痉,1
3791,疚,783,咳,1
3791,疚,2261,援,1
3791,疚,3800,疫,1
3791,疚,3815,疾,1
3792,疝,3802,疭,1
3793,疟,3805,疰,1
3793,疟,3820,症,1
3794,疠,3789,疗,1
3795,疡,2068,扬,1
3795,疡,2943,氵,1
3795,疡,3133,涝,1
3795,疡,3789,疗,1
3796,疢,3802,疭,1
3796,疢,3810,疵,1
3796,疢,3815,疾,1
3796,疢,3840,痰,1
3796,疢,4326,筷,1
3798,疤,3037,泥,1
3798,疤,3793,疟,1
3798,疤,3803,疮,1
3799,疥,3815,疾,1
3800,疫,2995,没,1
3800,疫,3807,疲,1
3802,疭,1680,庇,1
3803,疮,1845,怆,1
3803,疮,3798,疤,1
3804,疯,3792,疝,1
3804,疯,3810,疵,1
3805,疰,3793,疟,1
3805,疰,3833,痣,1
3806,疱,1689,庖,1
3806,疱,3811,疸,1
3807,疲,1679,庆,1
3807,疲,1780,彼,1
3807,疲,3800,疫,1
3807,疲,3827,痕,1
3807,疲,3837,痨,1
3810,疵,1680,庇,1
3812,疹,3789,疗,1
3812,疹,3791,疚,1
3812,疹,3817,痃,1
3813,疼,1946,惨,1
3814,疽,6566,阻,1
3815,疾,3800,疫,1
3816,痂,3788,疖,1
3819,病,3280,漏,1
3819,病,3791,疚,1
3819,病,3801,疬,1
3819,病,3804,疯,1
3820,症,689,后,1
3820,症,3792,疝,1
3820,症,3798,疤,1
3820,症,3829,痘,1
3820,症,6654,霜,1
3821,痈,1501,屏,1
3821,痈,2300,摘,1
3821,痈,3125,涌,1
3821,痈,3830,痛,1
3821,痈,3839,痫,1
3822,痉,1499,屋,1
3822,痉,3790,疙,1
3822,痉,3829,痘,1
3822,痉,3855,瘗,1
3823,痊,3813,疼,1
3825,痒,3826,痔,1
3825,痒,3834,痤,1
3826,痔,3510,特,1
3826,痔,3825,痒,1
3828,痖,3814,疽,1
3829,痘,1997,憧,1
3829,痘,3790,疙,1
3829,痘,3805,疰,1
3829,痘,3822,痉,1
3829,痘,3835,痦,1
3829,痘,3878,癃,1
3830,痛,3691,瑭,1
3830,痛,3795,疡,1
3831,痞,283,倔,1
3831,痞,3486,爽,1
3831,痞,3862,瘤,1
3831,痞,4862,膺,1
3833,痣,3845,痿,1
3834,痤,3805,疰,1
3835,痦,3865,瘩,1
3838,痪,2199,换,1
3838,痪,2254,握,1
3838,痪,2412,族,1
3838,痪,3815,疾,1
3838,痪,3840,痰,1
3839,痫,3821,痈,1
3840,痰,3815,疾,1
3840,痰,3827,痕,1
3840,痰,3846,瘀,1
3840,痰,3875,瘾,1
3840,痰,3879,癌,1
3840,痰,4694,耱,1
3842,痴,3832,痢,1
3843,痹,1702,庳,1
3843,痹,3336,濞,1
3843,痹,3868,瘭,1
3846,瘀,3831,痞,1
3847,瘁,1927,悴,1
3847,瘁,2299,摔,1
3847,瘁,3805,疰,1
3847,瘁,3871,瘴,1
3848,瘃,3824,痍,1
3849,瘅,3871,瘴,1
3850,瘆,3812,疹,1
3854,瘕,3830,痛,1
3856,瘘,3876,瘿,1
3859,瘟,3435,煜,1
3859,瘟,3811,疸,1
3863,瘥,3805,疰,1
3864,瘦,3800,疫,1
3864,瘦,3807,疲,1
3865,瘩,3712,璩,1
3865,瘩,3863,瘥,1
3866,瘪,1709,庾,1
3866,瘪,3811,疸,1
3866,瘪,3853,瘐,1
3867,瘫,3371,炕,1
3867,瘫,3813,疼,1
3867,瘫,3816,痂,1
3867,瘫,3818,痄,1
3867,瘫,3880,癍,1
3867,瘫,4150,祧,1
3869,瘰,3230,源,1
3871,瘴,3837,痨,1
3872,瘵,2877,殍,1
3877,癀,3874,瘼,1
3877,癀,3881,癔,1
3879,癌,3336,濞,1
3879,癌,3840,痰,1
3879,癌,3881,癔,1
3880,癍,3841,痱,1
3881,癔,3817,痃,1
3881,癔,3827,痕,1
3881,癔,3845,痿,1
3883,癜,2890,殿,1
3884,癞,2852,歃,1
3884,癞,3858,瘛,1
3884,癞,3883,癜,1
3885,癣,3879,癌,1
3886,癫,3883,癜,1
3886,癫,6734,颊,1
3888,癸,1232,奖,1
3888,癸,4302,笼,1
3889,登,438,凳,1
3889,登,2866,死,1
3889,登,3950,眢,1
3889,登,4383,簦,1
3890,白,158,伍,1
3890,白,692,向,1
3890,白,2394,斥,1
3891,百,84,互,1
3891,百,1614,巨,1
3891,百,2421,旨,1
3891,百,2573,杳,1
3891,百,2865,歹,1
3891,百,3750,由,1
3891,百,3942,眉,1
3891,百,4019,石,1
3891,百,5634,诌,1
3892,皂,212,佬,1
3892,皂,1401,宅,1
3892,皂,2514,曳,1
3893,的,124,仍,1
3893,的,398,冖,1
3893,的,520,劢,1
3893,的,526,劬,1
3893,的,692,向,1
3893,的,1377,孙,1
3894,皆,1533,岢,1
3894,皆,1542,岷,1
3894,皆,2421,旨,1
3894,皆,2520,替,1
3894,皆,6710,音,1
3895,皇,1862,性,1
3895,皇,3892,皂,1
3897,皋,1656,幂,1
3898,皎,3896,皈,1
3899,皑,3900,皓,1
3900,皓,3113,浩,1
3900,皓,6223,酷,1
3901,皖,2469,晓,1
3901,皖,3899,皑,1
3901,皖,6974,鲩,1
3902,皙,822,哲,1
3902,皙,1655,帽,1
3902,皙,1762,彗,1
3902,皙,2490,暂,1
3904,皮,359,先,1
3904,皮,643,及,1
3904,皮,646,反,1
3904,皮,670,史,1
3904,皮,4936,艾,1
3905,皱,1780,彼,1
3906,皲,4774,胥,1
3906,皲,6683,鞁,1
3907,皴,3906,皲,1
3907,皴,6156,郊,1
3908,皿,1003,回,1
3908,皿,2419,旦,1
3908,皿,3028,泗,1
3909,盂,3194,渣,1
3909,盂,3911,盆,1
3909,盂,3913,盉,1
3910,盅,1824,忠,1
3910,盅,1918,患,1
3911,盆,1046,坌,1
3911,盆,1525,岔,1
3912,盈,3783,疍,1
3912,盈,3911,盆,1
3912,盈,6935,鱼,1
3913,盉,3909,盂,1
3914,益,3889,登,1
3915,盍,3922,盖,1
3916,盎,5338,蛊,1
3917,盏,3921,盔,1
3917,盏,3922,盖,1
3919,监,36,临,1
3919,监,902,喧,1
3919,监,5376,蜚,1
3919,监,6048,迨,1
3919,监,6973,鲨,1
3919,监,7168,齿,1
3922,盖,3909,盂,1
3923,盗,4294,笪,1
3923,盗,6935,鱼,1
3924,盘,108,亶,1
3925,盛,1936,惑,1
3925,盛,1970,感,1
3926,盟,3919,监,1
3926,盟,4647,翌,1
3927,盥,3926,盟,1
3929,目,15,且,1
3929,目,2418,日,1
3929,目,2419,旦,1
3929,目,2512,曰,1
3929,目,2522,月,1
3929,目,3736,甘,1
3929,目,5007,苷,1
3930,盯,666,叮,1
3930,盯,2430,时,1
3930,盯,2431,旷,1
3932,盲,857,商,1
3932,盲,1421,宣,1
3932,盲,2401,方,1
3932,盲,4747,育,1
3932,盲,6826,首,1
3933,直,4696,耳,1
3934,相,1890,恫,1
3934,相,2607,枸,1
3934,相,2629,柯,1
3934,相,2739,椎,1
3934,相,4772,胡,1
3935,盹,2903,毗,1
3935,盹,3943,眊,1
3937,盾,194,佑,1
3937,盾,229,侑,1
3937,盾,302,值,1
3937,盾,2158,指,1
3937,盾,2443,昏,1
3937,盾,4994,苜,1
3938,省,1527,岗,1
3938,省,2626,查,1
3938,省,4991,苗,1
3938,省,4993,苛,1
3938,省,5115,菅,1
3938,省,5634,诌,1
3939,眄,2478,晤,1
3941,眈,3935,盹,1
3942,眉,1491,局,1
3942,眉,5362,蜀,1
3944,看,3773,番,1
3944,看,3963,着,1
3944,看,4245,窗,1
3944,看,6829,香,1
3945,眍,2433,旺,1
3947,眚,4353,箸,1
3948,真,361,克,1
3948,真,3933,直,1
3948,真,4439,索,1
3948,真,5138,萁,1
3948,真,5196,蒸,1
3949,眠,3651,珽,1
3949,眠,4824,腒,1
3950,眢,2488,智,1
3951,眦,2461,昽,1
3952,眨,741,呤,1
3952,眨,5776,贬,1
3953,眩,3622,玩,1
3953,眩,3936,盼,1
3953,眩,4797,脍,1
3953,眩,4913,舷,1
3953,眩,5778,贮,1
3956,眯,777,咪,1
3956,眯,2461,昽,1
3956,眯,3978,睬,1
3956,眯,4769,胜,1
3956,眯,4802,脒,1
3957,眵,793,哆,1
3958,眶,4801,脑,1
3959,眷,3944,看,1
3959,眷,3963,着,1
3959,眷,4671,者,1
3959,眷,4885,舂,1
3960,眸,2472,晖,1
3960,眸,3964,睁,1
3961,眺,2667,桃,1
3961,眺,3941,眈,1
3962,眼,2458,昵,1
3962,眼,3581,猥,1
3962,眼,3949,眠,1
3962,眼,5770,账,1
3962,眼,6765,飔,1
3963,着,1617,差,1
3963,着,3983,瞀,1
3963,着,4631,羞,1
3964,睁,752,呼,1
3965,睃,829,唆,1
3965,睃,4809,脧,1
3967,睐,3977,睫,1
3970,睛,3979,睹,1
3970,睛,4841,腻,1
3971,睡,2728,棰,1
3971,睡,3952,眨,1
3972,睢,6631,雕,1
3973,督,655,叠,1
3973,督,2528,朔,1
3973,督,3994,瞥,1
3975,睦,3772,畦,1
3977,睫,2450,映,1
3977,睫,4837,腱,1
3978,睬,834,唑,1
3978,睬,2489,晾,1
3978,睬,3956,眯,1
3978,睬,3991,瞟,1
3979,睹,3946,眙,1
3979,睹,3953,眩,1
3979,睹,5808,赌,1
3980,睽,3997,瞪,1
3982,睿,5205,蓉,1
3984,瞄,905,喵,1
3985,瞅,1959,愀,1
3985,瞅,2257,揪,1
3985,瞅,3961,眺,1
3985,瞅,4825,腓,1
3988,瞎,2454,昭,1
3988,瞎,3953,眩,1
3988,瞎,4782,胯,1
3990,瞒,2483,晰,1
3990,瞒,4814,脶,1
3990,瞒,4819,腊,1
3990,瞒,4848,膈,1
3990,瞒,5926,蹒,1
3994,瞥,2490,暂,1
3994,瞥,3973,督,1
3994,瞥,3983,瞀,1
3994,瞥,7017,鳖,1
3995,瞧,968,噍,1
3995,瞧,1994,憔,1
3995,瞧,3439,照,1
3995,瞧,4812,脱,1
3995,瞧,5933,蹬,1
3996,瞩,959,嘱,1
3997,瞪,3980,睽,1
3997,瞪,3999,瞭,1
3998,瞬,6803,饼,1
4001,瞳,1165,境,1
4001,瞳,2507,曛,1
4001,瞳,3780,疃,1
4001,瞳,3971,睡,1
4001,瞳,3972,睢,1
4001,瞳,4839,腹,1
4002,瞵,1600,嶙,1
4003,瞻,5827,赡,1
4005,瞿,994,嚯,1
4007,矗,5116,菇,1
4008,矛,2617,柔,1
4008,矛,6256,量,1
4009,矜,1360,嫪,1
4009,矜,3907,皴,1
4010,矢,377,共,1
4010,矢,1211,央,1
4010,矢,1213,失,1
4011,矣,4982,苌,1
4012,知,1586,嵌,1
4012,知,5375,蜘,1
4016,矬,6397,锉,1
4017,短,1075,垃,1
4017,短,3384,炷,1
4017,短,4012,知,1
4017,短,4014,矩,1
4018,矮,1328,婪,1
4019,石,355,元,1
4019,石,1185,壬,1
4019,石,1614,巨,1
4020,矶,4024,矾,1
4021,矸,2867,歼,1
4023,矽,224,侈,1
4023,矽,3750,由,1
4023,矽,4031,砍,1
4023,矽,4068,硖,1
4024,矾,1615,巩,1
4024,矾,4038,砚,1
4025,矿,4021,矸,1
4025,矿,4041,砟,1
4026,砀,4027,码,1
4027,码,4023,矽,1
4027,码,4035,砖,1
4027,码,4267,竣,1
4028,砂,2991,沙,1
4028,砂,4183,秒,1
4030,砌,4026,砀,1
4031,砍,2579,板,1
4031,砍,2845,欧,1
4031,砍,2846,欲,1
4031,砍,4038,砚,1
4032,砑,3618,玡,1
4033,砒,147,仳,1
4033,砒,1367,嬴,1
4034,研,1254,妍,1
4034,研,4050,砰,1
4035,砖,311,做,1
4035,砖,3631,玻,1
4035,砖,4045,砧,1
4035,砖,4048,砭,1
4035,砖,6732,颈,1
4036,砗,4050,砰,1
4036,砗,4061,硅,1
4038,砚,3626,现,1
4038,砚,4020,矶,1
4039,砜,4031,砍,1
4039,砜,4043,砥,1
4040,砝,4061,硅,1
4042,砣,4045,砧,1
4045,砧,237,侦,1
4045,砧,3629,玷,1
4045,砧,4027,码,1
4045,砧,4071,硝,1
4047,砬,6618,难,1
4048,砭,4067,硕,1
4049,砮,1386,孥,1
4050,砰,4034,研,1
4051,破,714,吱,1
4051,破,875,啵,1
4051,破,3905,皱,1
4051,破,4054,砹,1
4052,砷,4084,碑,1
4055,砺,4035,砖,1
4055,砺,4066,硒,1
4058,砾,3928,盫,1
4059,础,4028,砂,1
4059,础,4072,硪,1
4061,硅,3055,洁,1
4061,硅,4035,砖,1
4061,硅,4037,砘,1
4061,硅,4047,砬,1
4061,硅,4057,砼,1
4061,硅,4059,础,1
4061,硅,4077,硷,1
4061,硅,4100,碴,1
4066,硒,3819,病,1
4067,硕,4038,砚,1
4067,硕,4089,碛,1
4067,硕,6717,项,1
4067,硕,6721,顽,1
4067,硕,6723,顿,1
4071,硝,4027,码,1
4073,硫,4086,碗,1
4074,硬,246,便,1
4074,硬,650,受,1
4074,硬,4058,砾,1
4074,硬,4079,碇,1
4075,硭,4087,碘,1
4076,确,254,俑,1
4076,确,4071,硝,1
4077,硷,268,俭,1
4077,硷,4057,砼,1
4077,硷,6861,验,1
4078,硼,5931,蹦,1
4079,碇,4047,砬,1
4080,碉,3620,玥,1
4080,碉,4065,硐,1
4080,碉,5688,调,1
4080,碉,6985,鲴,1
4082,碍,2180,挲,1
4082,碍,3713,璪,1
4082,碍,4026,砀,1
4082,碍,4081,碌,1
4082,碍,4093,碣,1
4082,碍,5898,踝,1
4083,碎,136,仟,1
4083,碎,4036,砗,1
4083,碎,4050,砰,1
4083,碎,4098,碲,1
4083,碎,6013,辞,1
4083,碎,6231,醉,1
4084,碑,277,俾,1
4084,碑,2410,旌,1
4084,碑,2867,歼,1
4086,碗,4042,砣,1
4086,碗,4053,砸,1
4087,碘,4059,础,1
4088,碚,4105,磅,1
4089,碛,300,债,1
4090,碜,4116,磴,1
4091,碟,2875,殊,1
4091,碟,5697,谍,1
4091,碟,5914,蹀,1
4092,碡,4111,磕,1
4095,碧,893,喏,1
4095,碧,5589,誓,1
4096,碰,930,嗨,1
4096,碰,6489,镨,1
4096,碰,6618,难,1
4097,碱,2136,拣,1
4097,碱,2876,残,1
4097,碱,5648,诚,1
4099,碳,3673,琰,1
4099,碳,4112,磙,1
4100,碴,2880,殖,1
4100,碴,4035,砖,1
4100,碴,4111,磕,1
4100,碴,5918,蹅,1
4103,碾,4085,碓,1
4103,碾,4108,磋,1
4104,磁,635,厶,1
4104,磁,4088,碚,1
4104,磁,4090,碜,1
4104,磁,4929,艰,1
4105,磅,4090,碜,1
4107,磊,4442,累,1
4107,磊,6627,雍,1
4107,磊,7154,鼫,1
4108,磋,4047,砬,1
4108,磋,5381,蜣,1
4109,磐,4915,船,1
4111,磕,916,嗑,1
4111,磕,4035,砖,1
4111,磕,4040,砝,1
4111,磕,4088,碚,1
4111,磕,5338,蛊,1
4113,磨,5586,詹,1
4118,磺,4087,碘,1
4118,磺,4384,簧,1
4119,礁,340,僬,1
4121,礌,4080,碉,1
4124,礤,4091,碟,1
4127,示,592,卞,1
4127,示,700,吞,1
4127,示,1371,孑,1
4127,示,4438,素,1
4127,示,4624,羊,1
4128,礻,2537,末,1
4128,礻,2944,永,1
4128,礻,6130,邝,1
4129,礼,4130,社,1
4129,礼,4131,祀,1
4130,社,3534,狂,1
4130,社,4131,祀,1
4130,社,4136,祉,1
4130,社,5301,虹,1
4132,祁,6131,邡,1
4133,祃,5496,被,1
4134,祆,5482,袂,1
4135,祈,4140,祗,1
4136,祉,2858,止,1
4137,祎,4143,祜,1
4139,祖,4157,祺,1
4139,祖,5558,视,1
4139,祖,5628,诅,1
4141,祚,4041,砟,1
4143,祜,4503,结,1
4144,祝,4709,职,1
4144,祝,5555,观,1
4145,神,183,伸,1
4145,神,751,呻,1
4145,神,5490,袖,1
4146,祟,2674,桌,1
4146,祟,4439,索,1
4146,祟,5082,荼,1
4147,祠,5518,裥,1
4148,祢,206,你,1
4148,祢,4133,祃,1
4148,祢,4195,称,1
4149,祥,2133,拜,1
4149,祥,2152,拼,1
4149,祥,2239,掸,1
4149,祥,2602,枰,1
4149,祥,3825,痒,1
4149,祥,4141,祚,1
4149,祥,4156,祸,1
4149,祥,4163,禅,1
4150,祧,4157,祺,1
4151,票,101,享,1
4151,票,105,亲,1
4151,票,1375,字,1
4151,票,2650,栗,1
4151,票,5551,要,1
4151,票,6646,震,1
4152,祭,3678,琼,1
4153,祯,4150,祧,1
4154,祲,245,侵,1
4156,祸,266,俩,1
4157,祺,4163,禅,1
4160,禀,4439,索,1
4160,禀,7105,麂,1
4161,禁,1928,悸,1
4161,禁,2703,梦,1
4162,禄,3652,球,1
4162,禄,4082,碍,1
4162,禄,4545,绿,1
4163,禅,4149,祥,1
4163,禅,4164,禊,1
4163,禅,5506,裈,1
4164,禊,4030,砌,1
4164,禊,4166,禚,1
4165,福,1276,始,1
4165,福,5530,褐,1
4166,禚,4168,禧,1
4168,禧,4169,禳,1
4169,禳,1817,忑,1
4170,禹,1384,季,1
4170,禹,1404,安,1
4170,禹,4171,禺,1
4172,离,3281,漓,1
4172,离,3415,焉,1
4172,离,4437,紊,1
4172,离,5353,蛮,1
4172,离,5746,象,1
4173,禽,1642,帛,1
4173,禽,2928,氛,1
4173,禽,4370,篱,1
4173,禽,4576,缡,1
4173,禽,5587,誉,1
4174,禾,1626,币,1
4174,禾,2537,末,1
4174,禾,2540,术,1
4174,禾,2541,朱,1
4174,禾,2546,杀,1
4175,秀,1384,季,1
4175,秀,6829,香,1
4176,私,2542,朴,1
4176,私,4435,糸,1
4177,秃,435,凭,1
4177,秃,1074,垂,1
4178,秆,2133,拜,1
4178,秆,3611,玕,1
4178,秆,4182,科,1
4179,秉,1215,夷,1
4179,秉,4174,禾,1
4179,秉,6614,隶,1
4180,秋,2552,杌,1
4180,秋,2558,杖,1
4180,秋,3536,狄,1
4180,秋,4176,私,1
4181,种,2107,抻,1
4181,种,4182,科,1
4181,种,6251,釉,1
4182,科,4181,种,1
4183,秒,1766,形,1
4183,秒,2082,抄,1
4183,秒,2568,杪,1
4183,秒,3505,物,1
4184,秕,2606,枷,1
4185,秘,4184,秕,1
4186,租,628,厢,1
4186,租,4139,祖,1
4186,租,4194,积,1
4186,租,5489,袒,1
4186,租,5852,足,1
4187,秣,2587,林,1
4187,秣,4191,秩,1
4187,秣,4192,秫,1
4188,秤,2133,拜,1
4188,秤,2602,枰,1
4188,秤,3489,牂,1
4189,秦,2451,春,1
4189,秦,4439,索,1
4189,秦,5201,蓁,1
4190,秧,146,仲,1
4190,秧,4199,秾,1
4191,秩,1640,帙,1
4191,秩,2074,扶,1
4191,秩,3508,牲,1
4191,秩,3621,玦,1
4191,秩,4194,积,1
4191,秩,4599,缺,1
4192,秫,2587,林,1
4194,积,4190,秧,1
4194,积,4904,般,1
4194,积,5973,轵,1
4195,称,2638,标,1
4195,称,2852,歃,1
4195,称,4202,稃,1
4195,称,4208,稗,1
4195,称,4213,稳,1
4196,秸,217,佶,1
4196,秸,4203,稆,1
4196,秸,4216,稻,1
4197,移,224,侈,1
4197,移,2240,掺,1
4197,移,4187,秣,1
4197,移,4202,稃,1
4197,移,4222,穆,1
4197,移,5526,裼,1
4197,移,5753,豹,1
4198,秽,2653,校,1
4198,秽,3124,涉,1
4198,秽,4203,稆,1
4198,秽,4205,稍,1
4199,秾,2641,栊,1
4200,稀,1632,希,1
4200,稀,6622,雅,1
4203,稆,6354,铝,1
4204,程,2193,捏,1
4204,程,2583,枉,1
4204,程,4398,粒,1
4205,稍,4198,秽,1
4205,稍,4687,耥,1
4206,税,2091,抗,1
4206,税,2183,挽,1
4206,税,3899,皑,1
4206,税,4191,秩,1
4206,税,4201,稂,1
4208,稗,296,倬,1
4208,稗,2741,椑,1
4208,稗,4188,秤,1
4209,稚,2229,推,1
4209,稚,2792,槌,1
4209,稚,3507,牯,1
4209,稚,6622,雅,1
4210,稞,2730,棵,1
4211,稠,2774,榈,1
4211,稠,3620,玥,1
4211,稠,5995,辋,1
4212,稣,6944,鲆,1
4213,稳,2578,松,1
4213,稳,4194,积,1
4213,稳,4199,秾,1
4213,稳,4201,稂,1
4215,稹,6456,镇,1
4216,稻,4165,福,1
4216,稻,4222,穆,1
4216,稻,4223,穑,1
4217,稼,1345,嫁,1
4217,稼,4195,称,1
4217,稼,4926,艨,1
4218,稽,286,倚,1
4218,稽,5510,裔,1
4218,稽,5657,诣,1
4219,稿,4197,移,1
4219,稿,7036,鸦,1
4220,穀,2892,毂,1
4221,穄,2837,檫,1
4222,穆,2798,槜,1
4222,穆,4197,移,1
4222,穆,4214,稷,1
4223,穑,4219,稿,1
4224,穗,2349,攮,1
4224,穗,4225,穰,1
4226,穴,93,亡,1
4226,穴,391,内,1
4226,穴,1400,宄,1
4227,究,366,兖,1
4227,究,1406,完,1
4227,究,1407,宏,1
4227,究,2257,揪,1
4227,究,4232,穿,1
4227,究,4233,窀,1
4227,究,4242,窒,1
4228,穷,1411,官,1
4228,穷,4251,窣,1
4228,穷,4968,芳,1
4228,穷,4974,芽,1
4231,空,1406,完,1
4231,空,1421,宣,1
4232,穿,1439,寄,1
4232,穿,3164,淙,1
4232,穿,4437,紊,1
4232,穿,4974,芽,1
4233,窀,4244,窖,1
4234,突,1436,宾,1
4234,突,3605,玄,1
4235,窃,1400,宄,1
4235,窃,2381,斋,1
4236,窄,1434,容,1
4236,窄,4297,笮,1
4236,窄,5377,蜜,1
4237,窅,1415,宜,1
4237,窅,1421,宣,1
4237,窅,4245,窗,1
4238,窆,4242,窒,1
4240,窍,1439,寄,1
4240,窍,4227,究,1
4240,窍,4228,穷,1
4240,窍,4249,窟,1
4241,窑,1453,寨,1
4241,窑,2671,案,1
4241,窑,4249,窟,1
4241,窑,4600,罂,1
4242,窒,1157,塞,1
4242,窒,1416,宝,1
4242,窒,1436,宾,1
4242,窒,4233,窀,1
4243,窕,3827,痕,1
4244,窖,910,喾,1
4244,窖,1429,害,1
4244,窖,1436,宾,1
4244,窖,1507,屠,1
4244,窖,5377,蜜,1
4244,窖,6470,镕,1
4245,窗,1437,宿,1
4245,窗,1443,富,1
4245,窗,3916,盎,1
4245,窗,3932,盲,1
4245,窗,4237,窅,1
4246,窘,1440,寅,1
4246,窘,4247,窜,1
4246,窘,4349,箬,1
4247,窜,35,串,1
4247,窜,4245,窗,1
4248,窝,898,喜,1
4248,窝,1426,宫,1
4248,窝,1443,富,1
4248,窝,1593,嵩,1
4249,窟,2814,樵,1
4250,窠,4242,窒,1
4252,窥,5433,蟊,1
4253,窦,1157,塞,1
4253,窦,4241,窑,1
4254,窨,6940,鲁,1
4257,窳,6828,馘,1
4259,窿,6600,隆,1
4260,立,6,三,1
4260,立,41,主,1
4260,立,209,佥,1
4260,立,376,兰,1
4260,立,2401,方,1
4260,立,4453,纟,1
4260,立,5740,豆,1
4260,立,5836,走,1
4260,立,6254,重,1
4262,竖,5554,见,1
4263,站,4270,竭,1
4263,站,4500,绐,1
4263,站,5629,识,1
4263,站,6325,钻,1
4264,竞,357,充,1
4265,竟,1406,完,1
4265,竟,1966,意,1
4266,章,5239,蕈,1
4267,竣,4526,绫,1
4267,竣,5621,设,1
4267,竣,6084,逡,1
4268,童,4242,窒,1
4269,竦,4487,练,1
4270,竭,3202,渴,1
4270,竭,5513,裙,1
4270,竭,5530,褐,1
4270,竭,5945,躅,1
4271,端,4566,编,1
4272,竹,1815,忏,1
4272,竹,3546,狞,1
4272,竹,4482,纾,1
4272,竹,6286,钓,1
4273,竺,90,些,1
4273,竺,365,兕,1
4275,竿,1669,年,1
4275,竿,2422,早,1
4275,竿,2901,毕,1
4275,竿,4274,竽,1
4275,竿,4606,罕,1
4276,笃,4287,笛,1
4276,笃,6853,骂,1
4277,笄,4292,符,1
4277,笄,4643,羿,1
4278,笆,1519,岂,1
4278,笆,4930,色,1
4278,笆,6124,邑,1
4279,笈,1791,後,1
4280,笊,1433,宸,1
4282,笏,4319,筝,1
4282,笏,4735,肠,1
4283,笑,716,吴,1
4283,笑,1471,尖,1
4283,笑,2572,杲,1
4283,笑,4010,矢,1
4283,笑,4234,突,1
4283,笑,4527,续,1
4284,笔,726,呈,1
4284,笔,1050,坐,1
4284,笔,1401,宅,1
4284,笔,2438,昆,1
4284,笔,4275,竿,1
4284,笔,4973,芼,1
4285,笕,5557,觅,1
4286,笙,727,告,1
4286,笙,1141,堞,1
4286,笙,4284,笔,1
4286,笙,4293,笨,1
4286,笙,4294,笪,1
4286,笙,4304,筅,1
4286,笙,5351,蛩,1
4286,笙,6935,鱼,1
4287,笛,100,亩,1
4287,笛,5800,资,1
4289,笠,802,哑,1
4289,笠,5486,袈,1
4290,笤,993,嚣,1
4290,笤,4288,笞,1
4290,笤,4291,笥,1
4290,笤,4313,答,1
4291,笥,1533,岢,1
4291,笥,4298,笱,1
4291,笥,4312,筒,1
4292,符,2394,斥,1
4292,符,4313,答,1
4292,符,7037,鸨,1
4294,笪,6126,邕,1
4295,笫,4193,秭,1
4296,第,1743,弟,1
4296,第,4008,矛,1
4296,第,4306,等,1
4296,第,4319,筝,1
4296,第,4700,耸,1
4297,笮,4308,筌,1
4298,笱,4291,笥,1
4298,笱,4331,简,1
4300,笸,4310,筐,1
4301,笺,3088,浅,1
4301,笺,4279,笈,1
4301,笺,4284,笔,1
4301,笺,4302,笼,1
4301,笺,6515,间,1
4304,筅,359,先,1
4305,筇,4311,筑,1
4306,等,1374,孕,1
4306,等,1458,寺,1
4306,等,4232,穿,1
4306,等,4274,竽,1
4306,等,4283,笑,1
4306,等,4296,第,1
4307,筋,4701,耻,1
4308,筌,1573,崟,1
4308,筌,6259,鉴,1
4308,筌,6262,銮,1
4309,筏,1728,弁,1
4309,筏,4323,筱,1
4310,筐,1570,崖,1
4311,筑,4305,筇,1
4311,筑,4336,箔,1
4311,筑,4360,篓,1
4311,筑,6302,钤,1
4312,筒,1473,尚,1
4312,筒,3758,甾,1
4312,筒,4287,笛,1
4312,筒,4324,筲,1
4312,筒,4331,简,1
4312,筒,6793,饲,1
4313,答,427,减,1
4313,答,1524,岑,1
4313,答,1848,怎,1
4313,答,3865,瘩,1
4313,答,4962,芬,1
4314,策,4293,笨,1
4314,策,4360,篓,1
4314,策,5019,茉,1
4315,筘,4321,筢,1
4316,筚,2901,毕,1
4317,筛,2408,旆,1
4317,筛,6337,铈,1
4319,筝,4274,竽,1
4319,筝,4275,竿,1
4319,筝,4318,筜,1
4320,筠,6388,销,1
4321,筢,4931,艳,1
4323,筱,4090,碜,1
4324,筲,4312,筒,1
4324,筲,4334,箐,1
4325,筵,4369,篮,1
4325,筵,4376,簉,1
4325,筵,6049,迩,1
4327,筹,2287,搴,1
4327,筹,4451,纂,1
4328,筻,3894,皆,1
4329,筼,736,员,1
4329,筼,4359,篑,1
4330,签,4238,窆,1
4330,签,6261,銎,1
4331,简,268,俭,1
4331,简,284,倘,1
4331,简,4312,筒,1
4331,简,7034,鸤,1
4333,箍,6321,钷,1
4333,箍,6677,靶,1
4334,箐,4385,簪,1
4335,箓,4306,等,1
4336,箔,3021,泊,1
4336,箔,3258,滔,1
4336,箔,4320,筠,1
4336,箔,4555,缉,1
4336,箔,4569,缙,1
4336,箔,6810,馅,1
4337,箕,4364,篡,1
4338,算,4277,笄,1
4338,算,4304,筅,1
4338,算,4884,舁,1
4339,箜,639,叁,1
4339,箜,4294,笪,1
4339,箜,5157,萱,1
4340,箝,4345,箨,1
4340,箝,4351,箱,1
4341,管,1652,常,1
4341,管,4313,答,1
4341,管,4339,箜,1
4341,管,4385,簪,1
4341,管,4850,膏,1
4341,管,5902,踣,1
4341,管,6396,锈,1
4342,箢,4285,笕,1
4342,箢,6951,鲍,1
4343,箦,4359,篑,1
4344,箧,4310,筐,1
4345,箨,4412,粲,1
4346,箩,1194,复,1
4346,箩,3479,爱,1
4346,箩,5150,萝,1
4347,箪,4287,笛,1
4347,箪,4339,箜,1
4348,箫,5154,萧,1
4349,箬,5091,莙,1
4350,箭,908,喻,1
4350,箭,4228,穷,1
4350,箭,4356,篇,1
4351,箱,4186,租,1
4351,箱,4388,籀,1
4351,箱,4390,籍,1
4351,箱,4399,粕,1
4351,箱,4417,精,1
4351,箱,5165,葙,1
4353,箸,4318,筜,1
4353,箸,4334,箐,1
4353,箸,4385,簪,1
4355,篆,1432,家,1
4355,篆,4714,聚,1
4355,篆,5746,象,1
4356,篇,1411,官,1
4356,篇,4361,篙,1
4357,篊,3106,浜,1
4360,篓,4346,箩,1
4360,篓,4359,篑,1
4360,篓,5145,萎,1
4360,篓,6091,逶,1
4361,篙,3300,潏,1
4361,篙,4318,筜,1
4361,篙,4346,箩,1
4363,篝,4359,篑,1
4364,篡,1170,墓,1
4365,篢,4343,箦,1
4365,篢,4384,簧,1
4366,篥,4335,箓,1
4367,篦,7184,龟,1
4369,篮,2500,暨,1
4369,篮,3921,盔,1
4369,篮,4330,签,1
4369,篮,5377,蜜,1
4369,篮,5932,蹩,1
4370,篱,1593,嵩,1
4370,篱,4173,禽,1
4370,篱,4361,篙,1
4371,篷,4354,篁,1
4371,篷,6091,逶,1
4372,篼,4285,笕,1
4374,簃,4218,稽,1
4375,簇,4358,篌,1
4375,簇,6266,鍠,1
4376,簉,4325,筵,1
4376,簉,6044,迢,1
4376,簉,6091,逶,1
4377,簋,4369,篮,1
4378,簌,4326,筷,1
4381,簟,4614,罩,1
4381,簟,5552,覃,1
4382,簠,4377,簋,1
4384,簧,437,凰,1
4384,簧,1203,夤,1
4384,簧,3928,盫,1
4384,簧,4329,筼,1
4384,簧,4361,篙,1
4384,簧,4383,簦,1
4384,簧,7121,黉,1
4385,簪,4275,竿,1
4386,簸,1603,巅,1
4387,簿,4327,筹,1
4387,簿,4357,篊,1
4387,簿,4862,膺,1
4389,籁,4375,簇,1
4390,籍,5269,藉,1
4391,米,33,中,1
4391,米,581,半,1
4391,米,1471,尖,1
4391,米,2546,杀,1
4391,米,5001,若,1
4392,籴,199,余,1
4392,籴,6250,采,1
4393,类,1298,娄,1
4393,类,3056,洄,1
4393,类,4409,粪,1
4394,籼,6251,釉,1
4395,籽,1245,好,1
4395,籽,4397,粑,1
4396,粉,2551,杉,1
4396,粉,2635,柿,1
4396,粉,4401,粘,1
4396,粉,5350,蛤,1
4396,粉,5862,跆,1
4398,粒,2118,拉,1
4398,粒,2565,杧,1
4398,粒,2645,栏,1
4398,粒,4401,粘,1
4398,粒,5817,赖,1
4399,粕,653,叛,1
4399,粕,1637,帕,1
4399,粕,2121,拍,1
4399,粕,2125,拓,1
4399,粕,2612,柏,1
4399,粕,4398,粒,1
4399,粕,4423,糌,1
4400,粗,2114,担,1
4401,粘,4395,籽,1
4401,粘,4396,粉,1
4401,粘,4398,粒,1
4401,粘,4682,耘,1
4401,粘,7129,黜,1
4402,粜,105,亲,1
4402,粜,3463,燊,1
4405,粟,78,事,1
4405,粟,2617,柔,1
4405,粟,4151,票,1
4405,粟,6644,霄,1
4406,粢,2695,梁,1
4406,粢,4412,粲,1
4407,粤,6910,髻,1
4409,粪,388,冀,1
4410,粮,98,产,1
4410,粮,2660,根,1
4410,粮,4201,稂,1
4410,粮,5311,蚊,1
4411,粱,2590,果,1
4411,粱,4406,粢,1
4412,粲,2725,棨,1
4412,粲,4415,粼,1
4413,粳,2361,敉,1
4413,粳,4395,籽,1
4413,粳,4419,糅,1
4414,粹,2687,桦,1
4414,粹,3395,烊,1
4415,粼,4416,粽,1
4416,粽,4418,糁,1
4417,精,2702,梢,1
4417,精,2812,樯,1
4417,精,5388,蜻,1
4418,糁,4420,糇,1
4420,糇,4423,糌,1
4422,糊,3443,煳,1
4423,糌,4424,糍,1
4425,糕,4628,羔,1
4426,糖,833,唐,1
4426,糖,2806,樗,1
4426,糖,4692,耪,1
4427,糗,3243,溴,1
4428,糙,2181,挹,1
4429,糜,1697,庤,1
4429,糜,1707,庹,1
4429,糜,2303,摩,1
4429,糜,4447,縻,1
4429,糜,7108,麋,1
4431,糠,1991,慷,1
4431,糠,2224,掠,1
4431,糠,2284,搪,1
4433,糯,3450,熔,1
4433,糯,4421,糈,1
4433,糯,4835,腮,1
4434,糵,2834,檗,1
4434,糵,5061,荜,1
4435,糸,102,京,1
4436,系,102,京,1
4436,系,105,亲,1
4436,系,199,余,1
4436,系,4438,素,1
4436,系,5581,言,1
4436,系,5764,负,1
4437,紊,4146,祟,1
4438,素,1943,惠,1
4438,素,2376,数,1
4438,素,2553,李,1
4438,素,4151,票,1
4438,素,4439,索,1
4438,素,4442,累,1
4438,素,5746,象,1
4439,索,1379,孛,1
4439,索,1474,尜,1
4439,索,2553,李,1
4439,索,2723,棠,1
4439,索,4437,紊,1
4439,索,4438,素,1
4439,索,5153,萦,1
4440,紧,4444,絷,1
4440,紧,4446,綮,1
4441,紫,1387,学,1
4441,紫,2633,柴,1
4441,紫,5153,萦,1
4441,紫,5584,訾,1
4442,累,351,儡,1
4442,累,725,呆,1
4442,累,2482,景,1
4442,累,5484,袅,1
4443,絮,1386,孥,1
4443,絮,2605,架,1
4443,絮,4440,紧,1
4443,絮,4441,紫,1
4443,絮,5486,袈,1
4444,絷,4161,禁,1
4446,綮,2725,棨,1
4446,綮,5153,萦,1
4447,縻,4379,簏,1
4447,縻,6609,隙,1
4447,縻,7106,麇,1
4448,繁,4306,等,1
4448,繁,5824,赞,1
4448,繁,6972,鲧,1
4450,繇,7084,鹞,1
4450,繇,7093,鹩,1
4451,纂,1474,尜,1
4451,纂,1823,忝,1
4451,纂,4445,綦,1
4454,纠,121,仉,1
4454,纠,663,叫,1
4454,纠,1261,妣,1
4454,纠,4135,祈,1
4454,纠,4227,究,1
4454,纠,4458,纤,1
4454,纠,4494,绊,1
4454,纠,5606,训,1
4456,红,114,仁,1
4456,红,6785,饪,1
4457,纣,4455,纡,1
4458,纤,113,什,1
4458,纤,2957,汗,1
4458,纤,4454,纠,1
4458,纤,4477,纸,1
4458,纤,4494,绊,1
4458,纤,5600,讦,1
4460,约,391,内,1
4460,约,1267,妫,1
4460,约,1673,幻,1
4460,约,1778,役,1
4460,约,4506,绗,1
4460,约,4509,绚,1
4461,级,3161,淑,1
4461,级,3491,版,1
4461,级,4471,纲,1
4461,级,4474,纵,1
4461,级,4478,纹,1
4461,级,4513,绞,1
4461,级,4553,缇,1
4461,级,6439,锵,1
4462,纨,6797,饶,1
4464,纪,112,亿,1
4464,纪,431,几,1
4464,纪,1034,圮,1
4464,纪,1248,妃,1
4464,纪,1863,怨,1
4464,纪,2950,汇,1
4464,纪,4475,纶,1
4464,纪,4481,纽,1
4464,纪,4491,织,1
4465,纫,453,切,1
4465,纫,1242,奶,1
4465,纫,4472,纳,1
4465,纫,4646,翊,1
4465,纫,5608,讯,1
4466,纬,4494,绊,1
4466,纬,4529,绯,1
4466,纬,5485,袆,1
4467,纭,4507,绘,1
4467,纭,6937,鱾,1
4468,纯,2974,汹,1
4468,纯,4464,纪,1
4469,纰,2990,沘,1
4470,纱,176,伪,1
4470,纱,1673,幻,1
4470,纱,3369,炒,1
4470,纱,4028,砂,1
4470,纱,6569,阿,1
4471,纲,188,佃,1
4471,纲,2420,旧,1
4471,纲,3019,泅,1
4471,纲,3421,焖,1
4471,纲,6300,钢,1
4472,纳,26,两,1
4472,纳,4462,纨,1
4472,纳,4465,纫,1
4474,纵,6146,邹,1
4475,纶,175,伧,1
4475,纶,1782,征,1
4475,纶,5618,论,1
4476,纷,708,吩,1
4476,纷,3012,治,1
4476,纷,4500,绐,1
4476,纷,4523,绨,1
4477,纸,1254,妍,1
4477,纸,2978,沂,1
4477,纸,4469,纰,1
4478,纹,643,及,1
4478,纹,1241,奴,1
4478,纹,2973,汶,1
4478,纹,3030,泛,1
4478,纹,3071,洨,1
4478,纹,3616,玟,1
4478,纹,4461,级,1
4478,纹,4474,纵,1
4479,纺,152,份,1
4479,纺,172,伤,1
4479,纺,1613,巧,1
4479,纺,1741,弘,1
4479,纺,2964,污,1
4479,纺,4470,纱,1
4479,纺,4476,纷,1
4481,纽,1260,妞,1
4481,纽,3101,浓,1
4481,纽,4490,细,1
4481,纽,6364,铨,1
4483,线,2017,戌,1
4483,线,2024,戕,1
4483,线,4502,绒,1
4487,练,4524,绩,1
4488,组,4139,祖,1
4488,组,4186,租,1
4488,组,4490,细,1
4488,组,4491,织,1
4489,绅,146,仲,1
4489,绅,183,伸,1
4489,绅,751,呻,1
4489,绅,1674,幼,1
4489,绅,2947,汁,1
4490,细,156,伊,1
4490,细,3011,油,1
4490,细,4538,绸,1
4490,细,5344,蛔,1
4491,织,4194,积,1
4491,织,4474,纵,1
4491,织,4488,组,1
4491,织,5598,认,1
4491,织,6354,铝,1
4491,织,6719,须,1
4492,终,269,修,1
4492,终,4459,纥,1
4492,终,4511,络,1
4493,绉,6810,馅,1
4494,绊,2996,沣,1
4494,绊,4466,纬,1
4497,绍,2998,沥,1
4497,绍,4491,织,1
4498,绎,3058,洋,1
4498,绎,3257,滓,1
4498,绎,5654,诠,1
4499,经,23,丝,1
4499,经,223,侄,1
4499,经,524,努,1
4499,经,1749,弪,1
4499,经,2402,於,1
4499,经,3030,泛,1
4499,经,4508,给,1
4499,经,6333,铃,1
4499,经,6432,锭,1
4501,绑,3029,泚,1
4501,绑,6150,邾,1
4501,绑,6172,郫,1
4502,绒,1312,娥,1
4502,绒,4483,线,1
4502,绒,5643,试,1
4502,绒,5664,诫,1
4503,结,170,传,1
4503,结,214,佰,1
4503,结,217,佶,1
4503,结,223,侄,1
4503,结,887,喆,1
4503,结,1278,姑,1
4503,结,1784,径,1
4503,结,5625,诂,1
4503,结,5645,诗,1
4503,结,5646,诘,1
4503,结,6394,锆,1
4504,绔,4528,绮,1
4505,绕,359,先,1
4505,绕,1300,娆,1
4505,绕,4499,经,1
4505,绕,6797,饶,1
4506,绗,3647,珩,1
4507,绘,3040,泫,1
4507,绘,4015,矫,1
4507,绘,4797,脍,1
4508,给,152,份,1
4508,给,371,全,1
4508,给,4499,经,1
4508,给,5757,貉,1
4509,绚,203,佝,1
4509,绚,2423,旬,1
4509,绚,3381,炯,1
4509,绚,4460,约,1
4509,绚,6798,饷,1
4510,绛,4493,绉,1
4510,绛,4498,绎,1
4510,绛,6399,锋,1
4511,络,3397,烙,1
4511,络,4508,给,1
4511,络,4519,绤,1
4511,络,5501,袼,1
4511,络,6800,饹,1
4512,绝,3008,沲,1
4512,绝,3111,浥,1
4512,绝,4533,绳,1
4513,绞,219,佼,1
4513,绞,402,农,1
4513,绞,1778,役,1
4513,绞,4154,祲,1
4513,绞,4267,竣,1
4514,统,2975,汽,1
4514,统,3086,流,1
4514,统,6375,铳,1
4515,绠,246,便,1
4516,绡,4531,绱,1
4517,绢,290,倡,1
4517,绢,1062,坦,1
4517,绢,4491,织,1
4517,绢,4566,编,1
4517,绢,4575,缠,1
4517,绢,5454,蠲,1
4517,绢,6719,须,1
4518,绣,79,二,1
4518,绣,4487,练,1
4518,绣,4565,缕,1
4518,绣,5670,诱,1
4518,绣,6461,镌,1
4519,绤,255,俗,1
4519,绤,4540,绺,1
4520,绥,1146,堰,1
4520,绥,4512,绝,1
4520,绥,4513,绞,1
4520,绥,4536,绶,1
4520,绥,6377,铵,1
4521,绦,1745,弥,1
4521,绦,3050,泺,1
4521,绦,3174,深,1
4521,绦,3258,滔,1
4521,绦,6365,铩,1
4522,继,3018,泄,1
4522,继,3135,涟,1
4522,继,4484,绀,1
4523,绨,3130,涕,1
4523,绨,6405,锑,1
4524,绩,294,倩,1
4524,绩,300,债,1
4524,绩,868,啧,1
4524,绩,3403,烦,1
4524,绩,4526,绫,1
4524,绩,4541,绻,1
4525,绪,5657,诣,1
4525,绪,6411,锗,1
4526,绫,4503,结,1
4526,绫,4563,缓,1
4527,续,1692,庚,1
4527,续,3347,瀵,1
4530,绰,4542,综,1
4531,绱,1798,徜,1
4531,绱,6467,镒,1
4532,绲,3176,混,1
4532,绲,6809,馄,1
4533,绳,3111,浥,1
4533,绳,4512,绝,1
4533,绳,5391,蝇,1
4534,维,3173,淮,1
4534,维,5653,诟,1
4534,维,6625,雉,1
4535,绵,5397,蝗,1
4535,绵,6425,锦,1
4536,绶,4563,缓,1
4537,绷,1134,堋,1
4537,绷,1316,娴,1
4537,绷,4078,硼,1
4538,绸,287,倜,1
4538,绸,4270,竭,1
4538,绸,4490,细,1
4539,绹,4490,细,1
4541,绻,6428,锩,1
4542,综,1375,字,1
4542,综,1410,宗,1
4542,综,1792,徐,1
4542,综,3089,浆,1
4542,综,3121,涂,1
4542,综,3671,琮,1
4542,综,4487,练,1
4542,综,4580,缥,1
4542,综,5411,螂,1
4542,综,5683,课,1
4542,综,5691,谆,1
4542,综,5904,踪,1
4543,绽,4512,绝,1
4543,绽,4513,绞,1
4544,绾,6811,馆,1
4545,绿,3020,泉,1
4545,绿,4568,缘,1
4546,缀,350,儒,1
4546,缀,3203,游,1
4546,缀,7086,鹠,1
4547,缁,3154,淄,1
4548,缂,4593,缲,1
4548,缂,6343,铎,1
4549,缃,3213,湘,1
4550,缄,427,减,1
4550,缄,785,咸,1
4550,缄,2021,成,1
4550,缄,2118,拉,1
4550,缄,4538,绸,1
4551,缅,4476,纷,1
4551,缅,4480,纻,1
4551,缅,4577,缢,1
4551,缅,5674,诵,1
4551,缅,6392,锄,1
4553,缇,333,傻,1
4554,缈,3204,渺,1
4555,缉,243,侮,1
4555,缉,3292,漳,1
4557,缌,4532,绲,1
4558,缍,6423,锤,1
4559,缎,2538,本,1
4559,缎,2888,段,1
4559,缎,3242,溲,1
4559,缎,5678,诹,1
4560,缏,4515,绠,1
4563,缓,3221,湲,1
4563,缓,4513,绞,1
4563,缓,4520,绥,1
4563,缓,4583,缨,1
4563,缓,6807,馁,1
4564,缔,3188,渖,1
4565,缕,318,偻,1
4565,缕,1298,娄,1
4565,缕,4018,矮,1
4565,缕,4468,纯,1
4565,缕,4494,绊,1
4565,缕,4524,绩,1
4565,缕,4577,缢,1
4565,缕,6790,饯,1
4566,编,2045,扁,1
4566,编,3156,淆,1
4566,编,4576,缡,1
4568,缘,335,像,1
4568,缘,3578,猞,1
4568,缘,4545,绿,1
4570,缚,4487,练,1
4570,缚,4530,绰,1
4570,缚,4548,缂,1
4570,缚,6457,镈,1
4573,缝,1884,恣,1
4573,缝,3659,琏,1
4573,缝,4498,绎,1
4573,缝,6085,逢,1
4573,缝,6105,道,1
4573,缝,6118,避,1
4574,缟,5078,药,1
4574,缟,6465,镐,1
4575,缠,3834,痤,1
4575,缠,4208,稗,1
4575,缠,4514,统,1
4578,缣,5721,谦,1
4579,缤,1350,嫔,1
4579,缤,4543,绽,1
4579,缤,4572,缜,1
4579,缤,4582,缧,1
4579,缤,4589,缮,1
4579,缤,6469,镔,1
4581,缦,3288,漫,1
4581,缦,5724,谩,1
4583,缨,3703,璎,1
4584,缩,255,俗,1
4584,缩,4590,缯,1
4586,缫,1610,巢,1
4588,缭,337,僚,1
4588,缭,3244,溶,1
4588,缭,4528,绮,1
4589,缮,336,僖,1
4589,缮,3315,潽,1
4589,缮,5442,蟮,1
4589,缮,6489,镨,1
4590,缯,3283,漕,1
4591,缰,345,僵,1
4591,缰,3328,澶,1
4592,缱,4562,缒,1
4592,缱,5735,谴,1
4594,缳,348,儇,1
4594,缳,3327,澴,1
4595,缴,5465,衡,1
4598,缸,4012,知,1
4598,缸,5741,豇,1
4599,缺,6349,铗,1
4600,罂,3926,盟,1
4601,罄,6831,馨,1
4603,罐,6821,馑,1
4604,网,687,同,1
4604,网,6518,闷,1
4605,罔,743,周,1
4605,罔,1017,国,1
4605,罔,6521,闺,1
4606,罕,586,卓,1
4606,罕,1428,宰,1
4606,罕,2428,旱,1
4606,罕,4275,竿,1
4607,罗,5852,足,1
4610,罟,2456,昱,1
4611,罡,2455,是,1
4612,罢,4607,罗,1
4614,罩,3981,睾,1
4614,罩,4624,羊,1
4615,罪,790,品,1
4615,罪,5133,菲,1
4615,罪,6161,郓,1
4616,置,1421,宣,1
4616,置,2462,显,1
4616,置,4365,篢,1
4616,置,4614,罩,1
4616,置,4631,羞,1
4616,置,7119,黄,1
4617,罱,5362,蜀,1
4618,署,1450,寡,1
4624,羊,1,一,1
4624,羊,43,举,1
4624,羊,1743,弟,1
4624,羊,2865,歹,1
4624,羊,2961,汞,1
4625,羌,3120,浼,1
4625,羌,5060,荛,1
4625,羌,5289,虎,1
4626,美,378,关,1
4626,美,386,兼,1
4626,美,4253,窦,1
4626,美,4625,羌,1
4629,羚,1617,差,1
4630,羝,6334,铄,1
4632,羟,5982,轾,1
4633,羡,5198,蒺,1
4638,羲,2021,成,1
4639,羸,1367,嬴,1
4640,羹,2819,橐,1
4640,羹,4626,美,1
4644,翁,4650,翕,1
4645,翅,1270,妲,1
4645,翅,5848,趔,1
4645,翅,5850,趣,1
4645,翅,6125,邓,1
4646,翊,4648,翎,1
4648,翎,4474,纵,1
4649,翔,3565,猁,1
4651,翘,4645,翅,1
4651,翘,4665,翻,1
4653,翚,3522,犟,1
4654,翟,4005,瞿,1
4656,翡,3560,狷,1
4657,翥,2939,氯,1
4659,翩,2530,朗,1
4661,翯,4666,翼,1
4661,翯,6919,鬹,1
4663,翱,4665,翻,1
4664,翳,2330,擀,1
4665,翻,2362,敌,1
4665,翻,4649,翔,1
4665,翻,4652,翙,1
4665,翻,4660,翮,1
4666,翼,388,冀,1
4666,翼,4409,粪,1
4666,翼,6914,鬓,1
4667,耀,955,嘤,1
4667,耀,3349,灈,1
4667,耀,3455,熠,1
4668,老,14,专,1
4668,老,4952,芝,1
4669,考,640,参,1
4669,考,3371,炕,1
4669,考,5002,苦,1
4669,考,5958,车,1
4670,耄,1381,孝,1
4671,者,2445,昔,1
4671,者,2451,春,1
4671,者,4525,绪,1
4671,者,6826,首,1
4672,耆,5207,蓍,1
4673,耋,1126,基,1
4674,而,3723,瓦,1
4674,而,4008,矛,1
4674,而,5550,西,1
4674,而,6671,面,1
4675,耍,1399,它,1
4675,耍,2029,戛,1
4675,耍,6638,零,1
4676,耐,6198,酎,1
4676,耐,6572,附,1
4677,耒,2536,未,1
4677,耒,4009,矜,1
4678,耔,2361,敉,1
4680,耖,2082,抄,1
4680,耖,4183,秒,1
4681,耗,6676,靴,1
4682,耘,6590,陨,1
4683,耙,2084,把,1
4683,耙,4397,粑,1
4683,耙,4681,耗,1
4684,耜,4682,耘,1
4690,耨,4695,耲,1
4690,耨,5537,褥,1
4695,耲,2346,攘,1
4696,耳,4875,自,1
4698,耶,604,卯,1
4698,耶,609,卵,1
4698,耶,4707,聊,1
4698,耶,4766,胙,1
4698,耶,6138,邯,1
4698,耶,6172,郫,1
4700,耸,4708,聋,1
4700,耸,5043,茸,1
4703,耿,4702,耽,1
4703,耿,4738,肤,1
4706,聆,4711,聒,1
4707,聊,2632,柳,1
4708,聋,3509,牵,1
4709,职,3526,犯,1
4711,聒,4055,砺,1
4712,联,6620,雁,1
4713,聘,4834,腭,1
4714,聚,4405,粟,1
4714,聚,5486,袈,1
4714,聚,5540,褰,1
4714,聚,6653,霖,1
4716,聪,4709,职,1
4716,聪,6724,颀,1
4720,肃,878,啸,1
4721,肄,4722,肆,1
4721,肄,6092,逸,1
4722,肆,3624,玮,1
4722,肆,6681,靽,1
4723,肇,6758,颦,1
4724,肉,391,内,1
4724,肉,1057,坞,1
4724,肉,6514,闳,1
4725,肋,3940,眇,1
4725,肋,4393,类,1
4728,肖,1044,均,1
4728,肖,1374,孕,1
4728,肖,2523,有,1
4728,肖,4759,胄,1
4728,肖,4994,苜,1
4728,肖,5569,角,1
4729,肘,4730,肚,1
4730,肚,4752,肽,1
4730,肚,4754,肿,1
4730,肚,4802,脒,1
4731,肛,2433,旺,1
4731,肛,4726,肌,1
4731,肛,4730,肚,1
4731,肛,4733,肝,1
4733,肝,3931,盱,1
4733,肝,4764,胖,1
4735,肠,2435,昀,1
4735,肠,3760,畅,1
4735,肠,4842,腼,1
4736,股,2526,服,1
4736,股,4829,腚,1
4736,股,4839,腹,1
4737,肢,714,吱,1
4737,肢,1831,忮,1
4737,肢,2095,抟,1
4737,肢,2526,服,1
4737,肢,2863,歧,1
4737,肢,4736,股,1
4737,肢,4777,胩,1
4737,肢,4812,脱,1
4738,肤,4752,肽,1
4738,肤,4777,胩,1
4738,肤,4784,胱,1
4739,肥,1244,她,1
4739,肥,2084,把,1
4740,肩,100,亩,1
4740,肩,1473,尚,1
4740,肩,2519,曾,1
4740,肩,4929,艰,1
4741,肪,4763,胎,1
4742,肫,4755,胀,1
4744,肮,2091,抗,1
4744,肮,4795,脉,1
4744,肮,4801,脑,1
4744,肮,4812,脱,1
4744,肮,4902,航,1
4745,肯,648,叔,1
4745,肯,4727,肓,1
4745,肯,4728,肖,1
4745,肯,6886,骨,1
4746,肱,4755,胀,1
4747,育,1821,忘,1
4747,育,2421,旨,1
4747,育,2451,春,1
4747,育,3963,着,1
4748,肴,1237,奢,1
4748,肴,1423,宥,1
4748,肴,1437,宿,1
4748,肴,3963,着,1
4750,肺,3764,畎,1
4750,肺,3936,盼,1
4750,肺,4741,肪,1
4750,肺,4754,肿,1
4752,肽,4762,胍,1
4752,肽,4777,胩,1
4752,肽,4800,脐,1
4753,肾,3174,深,1
4753,肾,5768,贤,1
4754,肿,4737,肢,1
4754,肿,4751,肼,1
4754,肿,4768,胛,1
4755,胀,4752,肽,1
4755,胀,4784,胱,1
4755,胀,5770,账,1
4756,胁,3216,湝,1
4757,胂,4768,胛,1
4759,胄,397,冕,1
4759,胄,4008,矛,1
4759,胄,4758,胃,1
4760,胆,4709,职,1
4761,背,2252,揞,1
4761,背,4717,聱,1
4761,背,4728,肖,1
4762,胍,4770,胝,1
4763,胎,4744,肮,1
4764,胖,3956,眯,1
4764,胖,4802,脒,1
4765,胗,5491,袗,1
4767,胚,3945,眍,1
4767,胚,4766,胙,1
4767,胚,4769,胜,1
4767,胚,4815,脸,1
4768,胛,4757,胂,1
4769,胜,3951,眦,1
4769,胜,3952,眨,1
4769,胜,3995,瞧,1
4769,胜,4730,肚,1
4769,胜,4742,肫,1
4769,胜,4808,脞,1
4770,胝,4781,胭,1
4771,胞,2104,抱,1
4771,胞,4908,舱,1
4772,胡,6563,阴,1
4774,胥,3782,疋,1
4775,胧,4752,肽,1
4777,胩,2529,朕,1
4777,胩,4755,胀,1
4779,胫,4767,胚,1
4779,胫,4786,胳,1
4782,胯,1,一,1
4782,胯,821,哮,1
4782,胯,2161,挎,1
4782,胯,4805,脖,1
4783,胰,142,仪,1
4783,胰,4738,肤,1
4783,胰,4837,腱,1
4784,胱,4744,肮,1
4784,胱,4803,脓,1
4787,胴,1890,恫,1
4787,胴,3067,洞,1
4788,胶,643,及,1
4788,胶,779,咬,1
4788,胶,3504,牧,1
4788,胶,4737,肢,1
4788,胶,4744,肮,1
4788,胶,4820,腋,1
4789,胸,5745,豚,1
4789,胸,6597,陶,1
4790,胺,4836,腰,1
4790,胺,4838,腴,1
4792,能,3229,溏,1
4792,能,6139,邰,1
4792,能,6174,郯,1
4793,脂,2497,暗,1
4793,脂,4741,肪,1
4794,脆,4744,肮,1
4794,脆,4771,胞,1
4794,脆,5879,跪,1
4795,脉,4756,胁,1
4795,脉,6764,飓,1
4796,脊,427,减,1
4796,脊,2523,有,1
4796,脊,4727,肓,1
4796,脊,4745,肯,1
4798,脎,2475,晞,1
4799,脏,3949,眠,1
4799,脏,3971,睡,1
4799,脏,4794,脆,1
4800,脐,2497,暗,1
4800,脐,3777,畸,1
4800,脐,4782,胯,1
4800,脐,4786,胳,1
4800,脐,6688,鞒,1
4801,脑,1901,恼,1
4801,脑,4786,胳,1
4801,脑,5421,螣,1
4802,脒,2452,昧,1
4802,脒,4798,脎,1
4803,脓,402,农,1
4803,脓,4199,秾,1
4805,脖,4810,脬,1
4805,脖,4828,腙,1
4805,脖,4846,膀,1
4805,脖,4852,膘,1
4807,脚,4750,肺,1
4808,脞,4769,胜,1
4809,脧,4788,胶,1
4810,脬,3390,烀,1
4810,脬,4202,稃,1
4810,脬,4828,腙,1
4811,脯,4757,胂,1
4811,脯,4818,腈,1
4812,脱,4742,肫,1
4812,脱,4744,肮,1
4812,脱,4806,脘,1
4812,脱,6838,驳,1
4814,脶,4853,膙,1
4814,脶,4858,膦,1
4815,脸,4779,胫,1
4815,脸,4826,腔,1
4816,脾,3960,眸,1
4817,腆,4819,腊,1
4818,腈,1931,情,1
4818,腈,2485,晴,1
4818,腈,6453,镄,1
4819,腊,2497,暗,1
4819,腊,4793,脂,1
4820,腋,4788,胶,1
4820,腋,4823,腑,1
4821,腌,3778,畹,1
4826,腔,2228,控,1
4826,腔,4812,脱,1
4826,腔,4854,膛,1
4826,腔,4857,膣,1
4827,腕,1935,惋,1
4827,腕,4790,胺,1
4827,腕,4826,腔,1
4828,腙,4805,脖,1
4828,腙,4806,脘,1
4828,腙,4826,腔,1
4828,腙,4840,腺,1
4829,腚,4785,胲,1
4829,腚,6762,飑,1
4830,腠,4783,胰,1
4831,腥,3650,珲,1
4831,腥,4808,脞,1
4831,腥,4814,脶,1
4831,腥,4819,腊,1
4833,腩,4811,脯,1
4835,腮,3537,狈,1
4835,腮,6765,飔,1
4835,腮,6998,鳂,1
4836,腰,1257,妖,1
4836,腰,4810,脬,1
4836,腰,4838,腴,1
4836,腰,4839,腹,1
4839,腹,3987,瞍,1
4839,腹,4736,股,1
4839,腹,4820,腋,1
4839,腹,4863,膻,1
4840,腺,4786,胳,1
4840,腺,4795,脉,1
4840,腺,4828,腙,1
4841,腻,3997,瞪,1
4841,腻,4787,胴,1
4844,腾,3259,滕,1
4844,腾,4783,胰,1
4844,腾,4856,膝,1
4845,腿,3962,眼,1
4845,腿,4767,胚,1
4845,腿,4837,腱,1
4845,腿,4919,艇,1
4845,腿,6770,飚,1
4846,膀,36,临,1
4849,膊,590,博,1
4849,膊,5819,赙,1
4850,膏,5204,蓇,1
4850,膏,5253,蕾,1
4850,膏,6886,骨,1
4852,膘,931,嗪,1
4852,膘,1160,塬,1
4852,膘,3980,睽,1
4852,膘,3991,瞟,1
4852,膘,4810,脬,1
4852,膘,4828,腙,1
4852,膘,4836,腰,1
4852,膘,4840,腺,1
4852,膘,4849,膊,1
4854,膛,3991,瞟,1
4854,膛,4778,胪,1
4854,膛,4826,腔,1
4854,膛,4855,膜,1
4855,膜,6243,醭,1
4856,膝,3259,滕,1
4856,膝,3967,睐,1
4856,膝,4803,脓,1
4856,膝,4805,脖,1
4857,膣,3992,瞠,1
4858,膦,4002,瞵,1
4858,膦,4783,胰,1
4860,膪,4846,膀,1
4861,膳,4764,胖,1
4861,膳,4818,腈,1
4861,膳,4846,膀,1
4864,臀,4866,臂,1
4865,臁,4867,臃,1
4865,臁,4871,臑,1
4866,臂,1179,壁,1
4866,臂,4864,臀,1
4867,臃,4820,腋,1
4868,臆,1778,役,1
4868,臆,3995,瞧,1
4868,臆,4809,脧,1
4868,臆,6497,镱,1
4869,臊,4802,脒,1
4869,臊,4810,脬,1
4872,臜,4817,腆,1
4873,臣,565,匡,1
4873,臣,2515,更,1
4873,臣,6042,连,1
4873,臣,6771,飞,1
4874,臧,427,减,1
4875,自,184,伺,1
4875,自,565,匡,1
4875,自,692,向,1
4875,自,3929,目,1
4876,臬,2572,杲,1
4877,臭,1093,垦,1
4879,致,1380,孜,1
4879,致,2355,改,1
4879,致,2368,敛,1
4879,致,3623,玫,1
4880,臻,3654,理,1
4881,臼,3890,白,1
4881,臼,5457,血,1
4881,臼,6509,问,1
4882,臾,1238,奥,1
4882,臾,4607,罗,1
4883,舀,2421,旨,1
4883,舀,4881,臼,1
4887,舅,534,勇,1
4888,舆,1238,奥,1
4889,舌,444,击,1
4889,舌,668,台,1
4889,舌,684,合,1
4889,舌,705,否,1
4889,舌,1185,壬,1
4889,舌,3909,盂,1
4890,舍,166,会,1
4890,舍,199,余,1
4890,舍,1429,害,1
4891,舐,2830,檄,1
4891,舐,3635,珉,1
4892,舒,652,叙,1
4892,舒,5460,行,1
4893,舔,4545,绿,1
4893,舔,5834,赫,1
4894,舛,2867,歼,1
4894,舛,2996,沣,1
4895,舜,996,嚼,1
4895,舜,2928,氛,1
4895,舜,4894,舛,1
4895,舜,5552,覃,1
4896,舞,3605,玄,1
4897,舟,552,匆,1
4897,舟,1457,对,1
4899,舢,4907,舰,1
4902,航,4744,肮,1
4902,航,4903,舫,1
4902,航,4913,舷,1
4903,舫,394,册,1
4903,舫,4914,舸,1
4904,般,2363,敏,1
4904,般,3898,皎,1
4904,般,3899,皑,1
4904,般,4736,股,1
4904,般,4915,船,1
4904,般,7056,鸼,1
4906,舯,5576,触,1
4907,舰,7003,鳇,1
4908,舱,5861,跄,1
4909,舳,9,丌,1
4909,舳,4899,舢,1
4911,舵,4771,胞,1
4911,舵,4902,航,1
4911,舵,4906,舯,1
4911,舵,4908,舱,1
4912,舶,2466,晌,1
4912,舶,3632,珀,1
4912,舶,4908,舱,1
4912,舶,4909,舳,1
4912,舶,4911,舵,1
4912,舶,4915,船,1
4912,舶,4918,艄,1
4913,舷,4902,航,1
4917,舾,4914,舸,1
4920,艉,6925,魄,1
4921,艋,5380,蜢,1
4923,艘,3631,玻,1
4923,艘,3987,瞍,1
4924,艚,6457,镈,1
4926,艨,5189,蒙,1
4927,艮,382,具,1
4927,艮,2920,民,1
4927,艮,4928,良,1
4928,良,1194,复,1
4928,良,1200,多,1
4928,良,2920,民,1
4928,良,7104,鹿,1
4929,艰,1297,娃,1
4929,艰,1307,娘,1
4929,艰,1887,恨,1
4930,色,126,仑,1
4930,色,4728,肖,1
4931,艳,6275,钇,1
4932,艴,4428,糙,1
4934,艺,93,亡,1
4934,艺,1479,尧,1
4934,艺,4947,芒,1
4934,艺,4973,芼,1
4934,艺,4983,苍,1
4936,艾,4952,芝,1
4937,艿,4175,秀,1
4937,艿,4957,芦,1
4937,艿,4968,芳,1
4938,节,76,予,1
4938,节,1187,声,1
4939,芄,4935,艽,1
4940,芈,4933,艹,1
4941,芊,6011,辛,1
4942,芋,5008,苹,1
4943,芍,52,乌,1
4943,芍,4937,艿,1
4943,芍,4996,苟,1
4943,芍,5047,荀,1
4943,芍,5078,药,1
4944,芎,4963,芭,1
4944,芎,4968,芳,1
4944,芎,5178,葶,1
4945,芏,3608,王,1
4945,芏,4947,芒,1
4946,芑,4934,艺,1
4946,芑,4944,芎,1
4946,芑,4963,芭,1
4946,芑,4973,芼,1
4947,芒,363,兑,1
4947,芒,377,共,1
4947,芒,664,召,1
4947,芒,5021,茎,1
4949,芘,4967,花,1
4949,芘,5110,莼,1
4950,芙,378,关,1
4950,芙,2547,杂,1
4950,芙,4951,芜,1
4950,芙,4973,芼,1
4950,芙,5005,英,1
4950,芙,5032,茧,1
4951,芜,4935,艽,1
4951,芜,4950,芙,1
4952,芝,4945,芏,1
4952,芝,4946,芑,1
4952,芝,4961,芫,1
4952,芝,4971,芸,1
4952,芝,4984,苎,1
4953,芟,5125,菟,1
4954,芡,4981,苋,1
4954,芡,5024,茓,1
4956,芥,377,共,1
4956,芥,4938,节,1
4956,芥,5064,荠,1
4957,芦,596,卢,1
4957,芦,4948,芗,1
4958,芨,5029,茛,1
4960,芪,4949,芘,1
4962,芬,478,券,1
4962,芬,619,厉,1
4962,芬,1212,夯,1
4962,芬,4989,苔,1
4962,芬,6848,驽,1
4963,芭,4946,芑,1
4963,芭,4991,苗,1
4963,芭,4995,苞,1
4963,芭,6124,邑,1
4965,芯,1816,忐,1
4965,芯,4976,苁,1
4966,芰,5017,茇,1
4967,花,4960,芪,1
4967,花,5020,茌,1
4967,花,5034,茫,1
4968,芳,377,共,1
4968,芳,1567,崇,1
4968,芳,1738,弓,1
4968,芳,4962,芬,1
4968,芳,4989,苔,1
4968,芳,4999,苣,1
4968,芳,5002,苦,1
4968,芳,5015,茅,1
4968,芳,5113,菁,1
4969,芴,4996,苟,1
4970,芷,3467,燕,1
4971,芸,4961,芫,1
4972,芹,685,吉,1
4972,芹,2393,斤,1
4972,芹,4938,节,1
4972,芹,4960,芪,1
4972,芹,5051,荇,1
4973,芼,4284,笔,1
4974,芽,2943,氵,1
4974,芽,4942,芋,1
4974,芽,5008,苹,1
4974,芽,5139,萃,1
4975,芾,4314,策,1
4975,芾,4978,苇,1
4975,芾,4979,苈,1
4975,芾,5010,茀,1
4976,苁,4998,苡,1
4978,苇,1743,弟,1
4978,苇,4944,芎,1
4978,苇,5010,茀,1
4978,苇,5090,莘,1
4978,苇,6702,韦,1
4979,苈,5030,茜,1
4979,苈,5290,虏,1
4981,苋,4954,芡,1
4981,苋,5560,览,1
4983,苍,127,仓,1
4983,苍,610,卷,1
4983,苍,4989,苔,1
4983,苍,4999,苣,1
4985,苏,530,劳,1
4985,苏,4719,肀,1
4985,苏,4939,芄,1
4985,苏,5014,茄,1
4985,苏,5137,菽,1
4985,苏,7119,黄,1
4986,苑,5126,菠,1
4986,苑,5841,起,1
4989,苔,668,台,1
4989,苔,4288,笞,1
4989,苔,4946,芑,1
4989,苔,5007,苷,1
4989,苔,5011,茁,1
4989,苔,5088,莒,1
4989,苔,5089,莓,1
4990,苕,2445,昔,1
4990,苕,4937,艿,1
4990,苕,4963,芭,1
4990,苕,5027,茗,1
4991,苗,524,努,1
4991,苗,589,南,1
4991,苗,1473,尚,1
4991,苗,5013,范,1
4991,苗,5028,茚,1
4991,苗,5040,茴,1
4991,苗,5117,菊,1
4991,苗,5118,菌,1
4992,苘,2897,毐,1
4992,苘,5047,荀,1
4993,苛,1071,坷,1
4993,苛,1533,岢,1
4993,苛,5079,荷,1
4993,苛,7119,黄,1
4994,苜,4933,艹,1
4994,苜,4992,苘,1
4994,苜,5040,茴,1
4994,苜,5146,萏,1
4995,苞,1689,庖,1
4995,苞,5013,范,1
4995,苞,5047,荀,1
4996,苟,667,可,1
4996,苟,5047,荀,1
4996,苟,5065,荡,1
4996,苟,5079,荷,1
4996,苟,5119,菏,1
4998,苡,4949,芘,1
4999,苣,4983,苍,1
4999,苣,5031,茝,1
5001,若,671,右,1
5001,若,4671,者,1
5001,若,4968,芳,1
5002,苦,685,吉,1
5002,苦,699,吝,1
5002,苦,912,嗅,1
5002,苦,5011,茁,1
5003,苫,377,共,1
5003,苫,695,吕,1
5003,苫,4968,芳,1
5003,苫,5011,茁,1
5003,苫,5129,菩,1
5004,苯,2613,某,1
5004,苯,2617,柔,1
5004,苯,5101,莱,1
5005,英,4954,芡,1
5005,英,4982,苌,1
5005,英,5032,茧,1
5005,英,6713,页,1
5005,英,7119,黄,1
5006,苴,3933,直,1
5006,苴,4994,苜,1
5008,苹,1428,宰,1
5008,苹,1671,幸,1
5008,苹,4941,芊,1
5008,苹,4942,芋,1
5008,苹,5090,莘,1
5008,苹,5123,菜,1
5008,苹,6673,革,1
5010,茀,1740,弗,1
5010,茀,4978,苇,1
5010,茀,5055,荑,1
5011,茁,443,出,1
5011,茁,705,否,1
5011,茁,1496,屈,1
5011,茁,4962,芬,1
5011,茁,5038,茱,1
5011,茁,5058,荙,1
5011,茁,5183,蒈,1
5011,茁,5241,蕊,1
5012,茂,2862,武,1
5013,范,1626,币,1
5013,范,4949,芘,1
5013,范,4980,苊,1
5013,范,4986,苑,1
5013,范,5034,茫,1
5013,范,5110,莼,1
5014,茄,42,丽,1
5014,茄,5299,虮,1
5015,茅,4968,芳,1
5015,茅,5071,荨,1
5017,茇,5022,茏,1
5018,茈,4960,芪,1
5019,茉,105,亲,1
5019,茉,4677,耒,1
5019,茉,4975,芾,1
5019,茉,5004,苯,1
5019,茉,5123,菜,1
5021,茎,1499,屋,1
5023,茑,5140,萄,1
5024,茓,377,共,1
5024,茓,3072,洪,1
5024,茓,3396,烘,1
5024,茓,4954,芡,1
5024,茓,5789,费,1
5026,茕,5068,荥,1
5027,茗,4968,芳,1
5030,茜,737,呙,1
5032,茧,3254,滍,1
5032,茧,4982,苌,1
5032,茧,5011,茁,1
5032,茧,5127,菡,1
5033,茨,3072,洪,1
5033,茨,5034,茫,1
5033,茨,5100,莰,1
5034,茫,6577,陉,1
5035,茬,1617,差,1
5035,茬,4980,苊,1
5036,茭,4966,芰,1
5036,茭,5045,茺,1
5036,茭,5136,菼,1
5037,茯,5106,获,1
5037,茯,5107,莸,1
5038,茱,1644,帝,1
5038,茱,5042,茶,1
5038,茱,5101,莱,1
5039,茳,5144,萍,1
5040,茴,3891,百,1
5040,茴,4994,苜,1
5040,茴,5041,茵,1
5040,茴,5047,荀,1
5041,茵,4875,自,1
5041,茵,4963,芭,1
5041,茵,5140,萄,1
5042,茶,1460,导,1
5042,茶,2733,棻,1
5042,茶,5038,茱,1
5042,茶,5066,荣,1
5042,茶,5123,菜,1
5042,茶,5148,萘,1
5043,茸,4266,章,1
5043,茸,4700,耸,1
5043,茸,5008,苹,1
5043,茸,5089,莓,1
5043,茸,5204,蓇,1
5043,茸,6826,首,1
5045,茺,4980,苊,1
5045,茺,5056,荒,1
5046,茼,4996,苟,1
5046,茼,5140,萄,1
5047,荀,4996,苟,1
5047,荀,5169,葡,1
5050,荆,7070,鹊,1
5052,草,4393,类,1
5052,草,5008,苹,1
5052,草,5069,荦,1
5052,草,5141,萆,1
5053,荏,192,住,1
5053,荏,4967,花,1
5053,荏,5219,蓰,1
5054,荐,1376,存,1
5054,荐,4292,符,1
5054,荐,5221,蓿,1
5055,荑,1215,夷,1
5056,荒,4438,素,1
5056,荒,4961,芫,1
5056,荒,5112,菀,1
5056,荒,5167,葛,1
5057,荔,6637,雳,1
5059,荚,4626,美,1
5059,荚,4951,芜,1
5059,荚,4973,芼,1
5059,荚,5005,英,1
5059,荚,5101,莱,1
5059,荚,5138,萁,1
5061,荜,3467,燕,1
5061,荜,4316,筚,1
5063,荟,4264,竞,1
5065,荡,5078,药,1
5065,荡,5087,莎,1
5066,荣,1085,垛,1
5066,荣,1379,孛,1
5066,荣,4985,苏,1
5066,荣,5004,苯,1
5066,荣,5005,英,1
5066,荣,5069,荦,1
5066,荣,5071,荨,1
5067,荤,2471,晕,1
5068,荥,5070,荧,1
5069,荦,5052,草,1
5070,荧,3047,泶,1
5070,荧,4954,芡,1
5070,荧,4969,芴,1
5070,荧,5005,英,1
5070,荧,5026,茕,1
5070,荧,5151,萤,1
5071,荨,5015,茅,1
5073,荪,5106,获,1
5074,荫,2897,毐,1
5077,荮,5009,苻,1
5077,荮,5078,药,1
5078,药,2080,技,1
5078,药,4964,芮,1
5078,药,5065,荡,1
5079,荷,2445,昔,1
5079,荷,4993,苛,1
5079,荷,4996,苟,1
5079,荷,5009,苻,1
5079,荷,5051,荇,1
5079,荷,5057,荔,1
5079,荷,5086,莉,1
5079,荷,5119,菏,1
5080,荸,2573,杳,1
5080,荸,2819,橐,1
5080,荸,5148,萘,1
5080,荸,5192,蒡,1
5083,荽,5142,萋,1
5083,荽,5186,蒌,1
5085,莆,1646,带,1
5085,莆,4975,芾,1
5085,莆,5164,著,1
5085,莆,5194,蒲,1
5086,莉,471,别,1
5086,莉,485,剁,1
5086,莉,501,剥,1
5086,莉,5128,菥,1
5086,莉,5195,蒴,1
5087,莎,3133,涝,1
5087,莎,5039,茳,1
5087,莎,5119,菏,1
5088,莒,4984,苎,1
5088,莒,5152,营,1
5089,莓,5167,葛,1
5091,莙,1237,奢,1
5093,莜,5126,菠,1
5095,莠,5238,蕃,1
5096,莨,5188,蒗,1
5097,莩,5083,荽,1
5098,莪,6897,髅,1
5099,莫,381,其,1
5099,莫,588,卖,1
5099,莫,3892,皂,1
5099,莫,5005,英,1
5099,莫,5138,萁,1
5100,莰,5033,茨,1
5101,莱,4624,羊,1
5101,莱,4718,聿,1
5101,莱,5010,茀,1
5101,莱,5038,茱,1
5101,莱,5059,荚,1
5101,莱,5197,蒹,1
5101,莱,6673,革,1
5102,莲,4873,臣,1
5104,莴,5057,荔,1
5105,莶,16,丕,1
5105,莶,4988,苓,1
5105,莶,6963,鲞,1
5106,获,1481,就,1
5106,获,5037,茯,1
5106,获,5133,菲,1
5106,获,5156,萩,1
5107,莸,5081,荻,1
5108,莹,5025,茔,1
5108,莹,5048,荃,1
5108,莹,5068,荥,1
5108,莹,5151,萤,1
5109,莺,1466,尊,1
5109,莺,4276,笃,1
5109,莺,5023,茑,1
5109,莺,5152,营,1
5109,莺,5153,萦,1
5110,莼,5032,茧,1
5111,莽,1731,弄,1
5113,菁,5231,蔷,1
5114,菂,5143,萌,1
5115,菅,5025,茔,1
5115,菅,5096,莨,1
5115,菅,5152,营,1
5116,菇,1315,娲,1
5116,菇,5027,茗,1
5116,菇,5131,菰,1
5116,菇,5149,萜,1
5116,菇,5269,藉,1
5117,菊,589,南,1
5117,菊,4996,苟,1
5118,菌,1011,困,1
5118,菌,3746,甬,1
5118,菌,4991,苗,1
5119,菏,619,厉,1
5119,菏,1127,埼,1
5119,菏,4943,芍,1
5119,菏,5079,荷,1
5119,菏,5191,蒟,1
5121,菖,2517,曹,1
5121,菖,4944,芎,1
5121,菖,5224,蔓,1
5123,菜,105,亲,1
5123,菜,2613,某,1
5123,菜,5019,茉,1
5123,菜,5067,荤,1
5123,菜,5097,莩,1
5123,菜,5153,萦,1
5123,菜,5186,蒌,1
5123,菜,5248,蕲,1
5126,菠,5120,菔,1
5126,菠,5224,蔓,1
5127,菡,5011,茁,1
5127,菡,5196,蒸,1
5129,菩,4029,砉,1
5129,菩,5205,蓉,1
5130,菪,5094,莞,1
5132,菱,4966,芰,1
5132,菱,5036,茭,1
5132,菱,7113,麦,1
5133,菲,3818,痄,1
5133,菲,4615,罪,1
5135,菹,5006,苴,1
5138,萁,5099,莫,1
5138,萁,5166,葚,1
5140,萄,2219,掏,1
5140,萄,4542,综,1
5140,萄,4996,苟,1
5140,萄,5117,菊,1
5142,萋,5186,蒌,1
5143,萌,2442,明,1
5144,萍,3058,洋,1
5144,萍,3098,浐,1
5144,萍,3263,滞,1
5144,萍,4745,肯,1
5144,萍,5141,萆,1
5145,萎,886,善,1
5145,萎,1281,委,1
5145,萎,1906,悉,1
5145,萎,4966,芰,1
5145,萎,5132,菱,1
5145,萎,5142,萋,1
5146,萏,3902,皙,1
5146,萏,4883,舀,1
5146,萏,4989,苔,1
5146,萏,5634,诌,1
5147,萑,5240,蕉,1
5150,萝,1195,夏,1
5150,萝,5097,莩,1
5150,萝,5104,莴,1
5150,萝,5141,萆,1
5150,萝,5152,营,1
5151,萤,5108,莹,1
5152,营,1426,宫,1
5152,营,4944,芎,1
5152,营,5253,蕾,1
5153,萦,5094,莞,1
5154,萧,386,兼,1
5154,萧,7139,黹,1
5155,萨,5116,菇,1
5156,萩,3840,痰,1
5156,萩,5081,荻,1
5157,萱,5267,薹,1
5158,萸,5220,蓼,1
5160,落,626,厝,1
5160,落,1155,塔,1
5160,落,5034,茫,1
5161,葆,5147,萑,1
5163,葖,4234,突,1
5163,葖,5205,蓉,1
5164,著,2495,暑,1
5164,著,3944,看,1
5164,著,5113,菁,1
5164,著,5129,菩,1
5164,著,5209,蓑,1
5164,著,5782,贲,1
5166,葚,3738,甚,1
5167,葛,5057,荔,1
5167,葛,5089,莓,1
5167,葛,5150,萝,1
5167,葛,5180,葺,1
5170,董,1126,基,1
5170,董,1132,堇,1
5170,董,4268,童,1
5170,董,5112,菀,1
5170,董,7119,黄,1
5172,葫,4992,苘,1
5173,葬,5139,萃,1
5175,葱,1903,恿,1
5175,葱,1921,悫,1
5175,葱,1970,感,1
5175,葱,1983,慕,1
5175,葱,5167,葛,1
5175,葱,5199,蒽,1
5176,葳,5182,蒇,1
5177,葵,1228,奏,1
5177,葵,5168,葜,1
5181,蒂,4975,芾,1
5181,蒂,5205,蓉,1
5183,蒈,5146,萏,1
5184,蒉,4359,篑,1
5184,蒉,5785,贵,1
5185,蒋,4862,膺,1
5185,蒋,5054,荐,1
5185,蒋,5126,菠,1
5186,蒌,1661,幕,1
5186,蒌,5142,萋,1
5189,蒙,1432,家,1
5189,蒙,5153,萦,1
5189,蒙,5208,蓐,1
5189,蒙,5744,豕,1
5190,蒜,2025,或,1
5191,蒟,5079,荷,1
5192,蒡,2404,旁,1
5192,蒡,5217,蓦,1
5194,蒲,3112,浦,1
5194,蒲,3263,滞,1
5194,蒲,5085,莆,1
5196,蒸,3467,燕,1
5196,蒸,4409,粪,1
5196,蒸,5127,菡,1
5196,蒸,7120,黇,1
5197,蒹,386,兼,1
5199,蒽,5041,茵,1
5200,蒿,1593,嵩,1
5200,蒿,4850,膏,1
5200,蒿,5121,菖,1
5202,蓂,388,冀,1
5203,蓄,3770,畜,1
5203,蓄,5129,菩,1
5203,蓄,5214,蓠,1
5203,蓄,5253,蕾,1
5203,蓄,5585,詈,1
5205,蓉,1420,客,1
5205,蓉,1434,容,1
5205,蓉,5063,荟,1
5205,蓉,5115,菅,1
5205,蓉,5130,菪,1
5205,蓉,5152,营,1
5205,蓉,5192,蒡,1
5205,蓉,5220,蓼,1
5207,蓍,5164,著,1
5208,蓐,2480,晨,1
5209,蓑,5096,莨,1
5212,蓝,3913,盉,1
5212,蓝,7017,鳖,1
5214,蓠,4172,离,1
5215,蓣,6747,颚,1
5217,蓦,542,募,1
5218,蓬,4371,篷,1
5218,蓬,5092,莛,1
5218,蓬,5216,蓥,1
5219,蓰,1989,慰,1
5219,蓰,4957,芦,1
5219,蓰,5210,蓓,1
5222,蔌,2855,歉,1
5223,蔑,4373,篾,1
5223,蔑,5189,蒙,1
5224,蔓,3461,熹,1
5224,蔓,5150,萝,1
5224,蔓,5267,薹,1
5225,蔗,1689,庖,1
5225,蔗,5031,茝,1
5225,蔗,7119,黄,1
5226,蔚,1465,尉,1
5226,蔚,5054,荐,1
5227,蔟,5215,蓣,1
5228,蔡,4447,縻,1
5228,蔡,5097,莩,1
5228,蔡,5285,蘩,1
5229,蔫,5167,葛,1
5229,蔫,7058,鸾,1
5230,蔬,5131,菰,1
5230,蔬,5286,蘸,1
5231,蔷,2517,曹,1
5233,蔹,5213,蓟,1
5233,蔹,5227,蔟,1
5236,蔼,5065,荡,1
5236,蔼,5167,葛,1
5236,蔼,5277,藩,1
5237,蔽,2372,散,1
5237,蔽,2375,敬,1
5237,蔽,5137,菽,1
5240,蕉,3426,焦,1
5240,蕉,5076,荭,1
5240,蕉,5196,蒸,1
5241,蕊,4107,磊,1
5242,蕖,5123,菜,1
5246,蕨,630,厥,1
5247,蕰,5249,蕴,1
5248,蕲,5262,薪,1
5249,蕴,4581,缦,1
5249,蕴,5034,茫,1
5249,蕴,5136,菼,1
5249,蕴,5212,蓝,1
5249,蕴,5236,蔼,1
5249,蕴,6204,酝,1
5251,蕺,2032,戢,1
5253,蕾,7156,鼯,1
5254,薄,3236,溥,1
5254,薄,4126,礴,1
5254,薄,5144,萍,1
5254,薄,5194,蒲,1
5254,薄,6195,酋,1
5255,薅,1310,娠,1
5256,薇,5126,菠,1
5256,薇,5237,蔽,1
5258,薛,5155,萨,1
5262,薪,2400,新,1
5262,薪,5098,莪,1
5262,薪,5133,菲,1
5262,薪,5196,蒸,1
5263,薮,2376,数,1
5264,薯,542,募,1
5264,薯,5113,菁,1
5264,薯,5231,蔷,1
5265,薰,3449,熏,1
5265,薰,5203,蓄,1
5266,薷,6642,需,1
5269,藉,5116,菇,1
5269,藉,5503,裂,1
5270,藏,5251,蕺,1
5271,藐,5107,莸,1
5271,藐,5275,藠,1
5271,藐,5759,貌,1
5272,藓,5258,薛,1
5273,藕,4688,耦,1
5273,藕,5154,萧,1
5276,藤,3259,滕,1
5276,藤,4761,背,1
5277,藩,1718,廛,1
5277,藩,5238,蕃,1
5278,藻,5282,蘖,1
5278,藻,7106,麇,1
5280,蘅,5465,衡,1
5281,蘑,5287,蘼,1
5282,蘖,1396,孽,1
5282,蘖,2834,檗,1
5285,蘩,4448,繁,1
5286,蘸,4100,碴,1
5286,蘸,5134,菸,1
5287,蘼,6670,靡,1
5288,虍,1677,庀,1
5288,虍,5289,虎,1
5288,虍,5290,虏,1
5289,虎,357,充,1
5289,虎,1690,店,1
5290,虏,1683,序,1
5290,虏,2043,房,1
5290,虏,5289,虎,1
5291,虐,1433,宸,1
5291,虐,2049,扈,1
5291,虐,3793,疟,1
5291,虐,5293,虔,1
5291,虐,5530,褐,1
5292,虑,1886,恧,1
5292,虑,3881,癔,1
5292,虑,5294,虚,1
5293,虔,1695,废,1
5293,虔,5291,虐,1
5294,虚,1713,廑,1
5294,虚,5289,虎,1
5294,虚,5291,虐,1
5295,虞,3284,漠,1
5295,虞,5291,虐,1
5297,虫,33,中,1
5297,虫,443,出,1
5297,虫,559,北,1
5297,虫,1211,央,1
5297,虫,2861,步,1
5297,虫,3353,火,1
5298,虬,5301,虹,1
5300,虱,5307,虿,1
5301,虹,792,哄,1
5301,虹,1054,坛,1
5301,虹,1189,壶,1
5301,虹,1253,妊,1
5301,虹,1643,帜,1
5301,虹,5306,虾,1
5301,虹,7059,鸿,1
5302,虺,3477,爬,1
5303,虻,5336,蛇,1
5304,虼,1031,圪,1
5304,虼,5373,蜕,1
5305,虽,3763,界,1
5305,虽,5339,蛋,1
5305,虽,7142,黾,1
5306,虾,694,吓,1
5306,虾,6137,邮,1
5307,虿,5365,蜇,1
5308,蚀,3093,浊,1
5308,蚀,3398,烛,1
5308,蚀,6794,饳,1
5310,蚂,3615,玛,1
5310,蚂,5392,蝈,1
5311,蚊,6137,邮,1
5313,蚌,864,啡,1
5313,蚌,4036,砗,1
5313,蚌,5324,蚪,1
5313,蚌,5410,蝾,1
5313,蚌,5436,蟒,1
5314,蚍,5375,蜘,1
5315,蚓,2190,捌,1
5315,蚓,3628,玳,1
5316,蚕,1233,套,1
5316,蚕,2876,残,1
5317,蚜,5348,蛞,1
5318,蚝,5336,蛇,1
5319,蚣,5303,虻,1
5319,蚣,5436,蟒,1
5320,蚤,5316,蚕,1
5321,蚧,5343,蛑,1
5322,蚨,4738,肤,1
5322,蚨,5347,蛛,1
5324,蚪,463,则,1
5324,蚪,5313,蚌,1
5324,蚪,5315,蚓,1
5326,蚯,3106,浜,1
5326,蚯,5303,虻,1
5326,蚯,5334,蛄,1
5326,蚯,6033,近,1
5328,蚱,5306,虾,1
5331,蚶,5327,蚰,1
5331,蚶,5334,蛄,1
5333,蛀,5318,蚝,1
5333,蛀,5336,蛇,1
5333,蛀,5337,蛉,1
5333,蛀,5346,蛙,1
5334,蛄,5330,蚵,1
5335,蛆,251,俎,1
5335,蛆,3401,烟,1
5336,蛇,3366,炉,1
5336,蛇,5303,虻,1
5336,蛇,5334,蛄,1
5336,蛇,5343,蛑,1
5336,蛇,6847,驼,1
5337,蛉,5350,蛤,1
5337,蛉,5352,蛭,1
5338,蛊,3915,盍,1
5339,蛋,3783,疍,1
5339,蛋,5305,虽,1
5341,蛏,5349,蛟,1
5341,蛏,5363,蜂,1
5343,蛑,5385,蜱,1
5343,蛑,5394,蝌,1
5344,蛔,5330,蚵,1
5344,蛔,5392,蝈,1
5346,蛙,794,哇,1
5346,蛙,5333,蛀,1
5346,蛙,5352,蛭,1
5347,蛛,5649,诛,1
5347,蛛,6331,铁,1
5349,蛟,779,咬,1
5350,蛤,3397,烙,1
5350,蛤,5337,蛉,1
5350,蛤,6588,除,1
5350,蛤,7172,龄,1
5352,蛭,5336,蛇,1
5353,蛮,1302,娈,1
5353,蛮,1751,弯,1
5353,蛮,4264,竞,1
5354,蛰,2153,拽,1
5354,蛰,3409,热,1
5354,蛰,5793,贽,1
5355,蛱,1553,峡,1
5356,蛲,1553,峡,1
5356,蛲,3404,烧,1
5356,蛲,5373,蜕,1
5359,蛸,1561,峭,1
5360,蛹,5340,蛎,1
5361,蛾,5314,蚍,1
5361,蛾,5384,蜮,1
5362,蜀,4758,胃,1
5363,蜂,985,噼,1
5363,蜂,4492,终,1
5363,蜂,5341,蛏,1
5363,蜂,5343,蛑,1
5363,蜂,5345,蛘,1
5363,蜂,5385,蜱,1
5364,蜃,3514,犀,1
5366,蜈,5352,蛭,1
5366,蜈,5385,蜱,1
5367,蜉,1324,婚,1
5369,蜍,5347,蛛,1
5370,蜎,5359,蛸,1
5370,蜎,5388,蜻,1
5372,蜓,1109,埏,1
5372,蜓,5322,蚨,1
5372,蜓,5341,蛏,1
5372,蜓,5355,蛱,1
5372,蜓,5652,诞,1
5373,蜕,5304,虼,1
5373,蜕,5326,蚯,1
5373,蜕,5381,蜣,1
5373,蜕,5400,蝣,1
5374,蜗,1318,娼,1
5374,蜗,5370,蜎,1
5374,蜗,5395,蝎,1
5374,蜗,5401,蝤,1
5374,蜗,5422,螨,1
5375,蜘,5900,踟,1
5377,蜜,1441,密,1
5377,蜜,3368,炎,1
5377,蜜,4244,窖,1
5377,蜜,5316,蚕,1
5377,蜜,6659,露,1
5378,蜞,2749,椹,1
5379,蜡,894,喑,1
5379,蜡,1148,堵,1
5379,蜡,1940,惜,1
5379,蜡,5422,螨,1
5383,蜩,5392,蝈,1
5384,蜮,1118,域,1
5385,蜱,865,啤,1
5385,蜱,5389,蜾,1
5388,蜻,5370,蜎,1
5391,蝇,5318,蚝,1
5391,蝇,5373,蜕,1
5392,蝈,5335,蛆,1
5392,蝈,5383,蜩,1
5393,蝉,1087,垟,1
5393,蝉,5345,蛘,1
5393,蝉,5355,蛱,1
5393,蝉,5363,蜂,1
5393,蝉,5429,螺,1
5393,蝉,5437,蟓,1
5393,蝉,5897,踔,1
5395,蝎,1337,媚,1
5395,蝎,5386,蜴,1
5395,蝎,5399,蝠,1
5395,蝎,6685,鞋,1
5397,蝗,726,呈,1
5398,蝙,3444,煸,1
5398,蝙,5360,蛹,1
5398,蝙,5401,蝤,1
5399,蝠,1158,塥,1
5399,蝠,1339,媪,1
5399,蝠,5360,蛹,1
5399,蝠,5370,蜎,1
5401,蝤,5379,蜡,1
5401,蝤,5937,蹲,1
5403,蝮,5418,螗,1
5404,蝰,5346,蛙,1
5404,蝰,5941,蹽,1
5405,蝴,5342,蛐,1
5406,蝶,892,喋,1
5406,蝶,5367,蜉,1
5406,蝶,5369,蜍,1
5407,蝻,5360,蛹,1
5409,蝽,5438,蟛,1
5410,蝾,5406,蝶,1
5410,蝾,5944,躁,1
5411,螂,2777,榔,1
5411,螂,5297,虫,1
5412,螃,3402,烤,1
5412,螃,5444,蟾,1
5414,螈,3399,烜,1
5415,螋,6766,飕,1
5421,螣,4818,腈,1
5422,螨,3990,瞒,1
5423,螫,1178,墼,1
5425,螭,5374,蜗,1
5429,螺,5367,蜉,1
5431,蟀,1325,婞,1
5431,蟀,5370,蜎,1
5432,蟆,892,喋,1
5432,蟆,3396,烘,1
5434,蟋,5408,蝼,1
5435,蟑,5345,蛘,1
5435,蟑,5408,蝼,1
5435,蟑,5431,蟀,1
5436,蟒,5410,蝾,1
5436,蟒,5432,蟆,1
5437,蟓,761,咏,1
5438,蟛,5436,蟒,1
5443,蟹,2004,懈,1
5443,蟹,5377,蜜,1
5443,蟹,6999,鳃,1
5445,蠃,1367,嬴,1
5446,蠊,3332,濂,1
5447,蠋,5395,蝎,1
5449,蠕,1369,孀,1
5449,蠕,5398,蝙,1
5453,蠢,5433,蟊,1
5457,血,18,丘,1
5457,血,1004,囟,1
5457,血,5550,西,1
5459,衅,3766,畔,1
5459,衅,4494,绊,1
5460,行,3003,沪,1
5460,行,4463,纩,1
5460,行,4482,纾,1
5460,行,5600,讦,1
5461,衍,144,们,1
5461,衍,150,价,1
5461,衍,196,何,1
5461,衍,4403,粝,1
5461,衍,4506,绗,1
5462,衔,1799,御,1
5462,衔,5464,衙,1
5463,街,3320,澍,1
5463,街,5464,衙,1
5463,街,5473,衬,1
5464,衙,4350,箭,1
5464,衙,5465,衡,1
5465,衡,1878,恒,1
5465,衡,5464,衙,1
5467,衣,1680,庇,1
5467,衣,3357,灰,1
5467,衣,4128,礻,1
5467,衣,4130,社,1
5468,衤,2944,永,1
5469,补,165,伙,1
5469,补,3807,疲,1
5469,补,4180,秋,1
5469,补,5492,袜,1
5470,表,5467,衣,1
5470,表,5481,袁,1
5472,衫,1766,形,1
5472,衫,4129,礼,1
5475,衰,363,兑,1
5475,衰,5494,袤,1
5475,衰,5509,裒,1
5477,衷,28,丧,1
5477,衷,362,免,1
5477,衷,1704,庶,1
5477,衷,5470,表,1
5477,衷,5494,袤,1
5477,衷,5522,裳,1
5477,衷,5544,襄,1
5478,衽,2968,汪,1
5481,袁,636,去,1
5481,袁,789,哀,1
5481,袁,5522,裳,1
5481,袁,5782,贲,1
5482,袂,4134,祆,1
5482,袂,5685,谀,1
5483,袄,5492,袜,1
5484,袅,5746,象,1
5485,袆,6705,韩,1
5486,袈,6849,驾,1
5487,袋,4280,笊,1
5487,袋,5514,裟,1
5487,袋,5787,贷,1
5488,袍,3539,狍,1
5488,袍,5558,视,1
5489,袒,4144,祝,1
5490,袖,5489,袒,1
5491,袗,3637,珍,1
5491,袗,5472,衫,1
5491,袗,5511,裕,1
5492,袜,4187,秣,1
5492,袜,5482,袂,1
5494,袤,2819,橐,1
5496,被,3905,皱,1
5496,被,4138,祓,1
5497,袭,5474,衮,1
5497,袭,5486,袈,1
5499,袱,5473,衬,1
5499,袱,7175,龇,1
5500,袷,255,俗,1
5500,袷,4141,祚,1
5500,袷,5511,裕,1
5502,裁,403,冠,1
5502,裁,1818,忒,1
5502,裁,2039,戴,1
5502,裁,5981,载,1
5504,装,1960,愁,1
5504,装,3765,畏,1
5504,装,5477,衷,1
5505,裆,2684,档,1
5505,裆,4143,祜,1
5505,裆,4155,祷,1
5505,裆,5508,裎,1
5505,裆,5533,褙,1
5507,裉,1787,很,1
5508,裎,6387,铿,1
5510,裔,4804,脔,1
5511,裕,3117,浴,1
5511,裕,5501,袼,1
5512,裘,5487,袋,1
5513,裙,5507,裉,1
5516,裣,5541,褴,1
5517,裤,4058,砾,1
5517,裤,5506,裈,1
5517,裤,5537,褥,1
5517,裤,6223,酷,1
5518,裥,3142,涧,1
5519,裨,2716,棉,1
5520,裰,4546,缀,1
5522,裳,2723,棠,1
5522,裳,5514,裟,1
5523,裴,1926,悲,1
5524,裸,4115,磲,1
5524,裸,4270,竭,1
5524,裸,5506,裈,1
5525,裹,4256,窭,1
5525,裹,5475,衰,1
5526,裼,3304,潟,1
5526,裼,5530,褐,1
5527,裾,4495,绋,1
5529,褊,5513,裙,1
5529,褊,5713,谝,1
5530,褐,1937,惕,1
5530,褐,4167,禤,1
5530,褐,4270,竭,1
5531,褒,1875,恋,1
5535,褛,318,偻,1
5535,褛,4689,耧,1
5537,褥,322,傅,1
5537,褥,4188,秤,1
5537,褥,5515,裢,1
5537,褥,5521,裱,1
5537,褥,5532,褓,1
5538,褪,5507,裉,1
5539,褫,2411,旎,1
5539,褫,5541,褴,1
5539,褫,5736,谵,1
5540,褰,1433,宸,1
5542,褶,5513,裙,1
5542,褶,5539,褫,1
5543,襁,5542,褶,1
5544,襄,5474,衮,1
5544,襄,5525,裹,1
5545,襕,3322,澜,1
5545,襕,5731,谰,1
5546,襞,5504,装,1
5547,襟,4221,穄,1
5547,襟,5492,袜,1
5548,襦,5543,襁,1
5548,襦,6665,靖,1
5549,襻,5548,襦,1
5550,西,453,切,1
5550,西,563,匝,1
5550,西,5087,莎,1
5550,西,6201,酒,1
5551,要,654,叟,1
5551,要,1263,妥,1
5551,要,1302,娈,1
5551,要,5794,贾,1
5553,覆,6655,霞,1
5554,见,359,先,1
5554,见,3447,熄,1
5554,见,5762,贝,1
5556,规,2596,枧,1
5556,规,3626,现,1
5556,规,5325,蚬,1
5557,觅,606,危,1
5557,觅,1399,它,1
5557,觅,4265,竟,1
5557,觅,5024,茓,1
5557,觅,5771,货,1
5557,觅,5774,贪,1
5558,视,4180,秋,1
5560,览,362,免,1
5560,览,6259,鉴,1
5561,觉,1188,壳,1
5561,觉,2982,沆,1
5561,觉,4372,篼,1
5561,觉,5785,贵,1
5561,觉,5794,贾,1
5564,觌,6753,颠,1
5569,角,281,倒,1
5569,角,6519,闸,1
5569,角,6935,鱼,1
5573,觞,4576,缡,1
5574,解,926,嗣,1
5574,解,2388,斛,1
5574,解,3100,浒,1
5574,解,6131,邡,1
5574,解,6944,鲆,1
5574,解,6964,鲟,1
5575,觥,4552,缆,1
5575,觥,5570,觖,1
5576,触,4792,能,1
5576,触,4906,舯,1
5576,触,5308,蚀,1
5576,触,5416,融,1
5576,触,5570,觖,1
5576,触,6938,鱿,1
5577,觫,4269,竦,1
5578,觯,4593,缲,1
5580,觳,6831,馨,1
5581,言,96,亥,1
5581,言,3605,玄,1
5581,言,6710,音,1
5583,訇,556,匐,1
5584,訾,1151,塆,1
5586,詹,3789,疗,1
5587,誉,898,喜,1
5587,誉,5586,詹,1
5588,誊,640,参,1
5588,誊,1216,夸,1
5588,誊,3959,眷,1
5589,誓,4444,絷,1
5589,誓,7051,鸷,1
5590,謇,6877,骞,1
5591,謦,4114,磬,1
5591,謦,5585,詈,1
5591,謦,6910,髻,1
5592,警,3675,琴,1
5592,警,4341,管,1
5592,警,4888,舆,1
5592,警,5285,蘩,1
5592,警,5589,誓,1
5593,譬,3735,甓,1
5594,讠,93,亡,1
5595,计,5597,讣,1
5595,计,5602,讨,1
5596,订,3609,玎,1
5597,讣,2947,汁,1
5597,讣,3005,沭,1
5597,讣,6279,钋,1
5598,认,140,以,1
5598,认,2952,汉,1
5599,讥,112,亿,1
5599,讥,1615,巩,1
5599,讥,2962,江,1
5599,讥,2990,沘,1
5599,讥,5597,讣,1
5599,讥,5619,讼,1
5600,讦,2957,汗,1
5600,讦,5627,评,1
5603,让,23,丝,1
5603,让,5607,议,1
5605,讫,2975,汽,1
5605,讫,2982,沆,1
5605,讫,3030,泛,1
5605,讫,3638,珏,1
5605,讫,5609,记,1
5606,训,1037,圳,1
5606,训,5622,访,1
5607,议,95,交,1
5607,议,138,代,1
5607,议,142,仪,1
5607,议,2947,汁,1
5607,议,2952,汉,1
5607,议,4478,纹,1
5608,讯,1007,团,1
5608,讯,3749,田,1
5608,讯,5620,讽,1
5609,记,2968,汪,1
5609,记,3034,泡,1
5609,记,5599,讥,1
5609,记,5601,讧,1
5609,记,5603,让,1
5609,记,5605,讫,1
5611,讳,2993,沛,1
5611,讳,3002,沩,1
5612,讴,5624,证,1
5613,讵,5625,诂,1
5613,讵,5641,诓,1
5614,讶,3050,泺,1
5614,讶,3662,琛,1
5614,讶,5616,许,1
5614,讶,6336,铆,1
5615,讷,5598,认,1
5616,许,148,仵,1
5616,许,2956,汕,1
5616,许,3049,泸,1
5616,许,4498,绎,1
5616,许,5661,诧,1
5617,讹,2983,沈,1
5617,讹,3085,派,1
5617,讹,4477,纸,1
5617,讹,5672,诳,1
5617,讹,6572,附,1
5618,论,3012,治,1
5618,论,3034,泡,1
5618,论,4475,纶,1
5618,论,5613,讵,1
5618,论,5640,诒,1
5618,论,5653,诟,1
5619,讼,744,呱,1
5619,讼,2841,次,1
5619,讼,5617,讹,1
5619,讼,5622,访,1
5619,讼,5651,话,1
5620,讽,2951,汈,1
5620,讽,3019,泅,1
5620,讽,4471,纲,1
5620,讽,5688,调,1
5621,设,1778,役,1
5621,设,2355,改,1
5621,设,3016,沿,1
5621,设,4461,级,1
5621,设,5507,裉,1
5621,设,5629,识,1
5621,设,5634,诌,1
5621,设,5640,诒,1
5622,访,255,俗,1
5622,访,1045,坊,1
5622,访,1777,彷,1
5622,访,5614,讶,1
5622,访,5640,诒,1
5622,访,5645,诗,1
5623,诀,1052,块,1
5623,诀,1829,快,1
5623,诀,3044,泱,1
5623,诀,3072,洪,1
5623,诀,3087,浃,1
5623,诀,3106,浜,1
5623,诀,5482,袂,1
5624,证,5625,诂,1
5624,证,5686,谁,1
5624,证,6316,钲,1
5625,诂,5651,话,1
5626,诃,3633,珂,1
5626,诃,6509,问,1
5627,评,5630,诈,1
5627,评,5660,详,1
5627,评,6944,鲆,1
5628,诅,1062,坦,1
5628,诅,6566,阻,1
5629,识,414,况,1
5629,识,415,冶,1
5629,识,1056,坝,1
5629,识,3621,玦,1
5629,识,5619,讼,1
5629,识,5621,设,1
5629,识,5646,诘,1
5629,识,5650,诜,1
5629,识,6043,迟,1
5630,诈,202,作,1
5630,诈,4141,祚,1
5630,诈,4534,维,1
5630,诈,5652,诞,1
5630,诈,5660,详,1
5631,诉,3085,派,1
5631,诉,3230,源,1
5631,诉,5599,讥,1
5631,诉,6033,近,1
5632,诊,2964,污,1
5632,诊,3098,浐,1
5632,诊,3115,浮,1
5632,诊,4519,绤,1
5632,诊,5619,讼,1
5632,诊,5622,访,1
5633,诋,191,低,1
5633,诋,5614,讶,1
5633,诋,5631,诉,1
5634,诌,2988,沓,1
5634,诌,3038,注,1
5634,诌,3187,渔,1
5634,诌,3314,潼,1
5634,诌,4493,绉,1
5635,词,687,同,1
5635,词,2522,月,1
5635,词,2951,汈,1
5635,词,3009,河,1
5635,词,3021,泊,1
5635,词,3067,洞,1
5635,词,3644,珣,1
5635,词,5656,询,1
5635,词,6525,闾,1
5635,词,6532,阅,1
5635,词,6793,饲,1
5636,诎,5644,诖,1
5637,诏,3144,涩,1
5637,诏,5666,语,1
5639,译,2133,拜,1
5639,译,3058,洋,1
5639,译,3122,涅,1
5639,译,4498,绎,1
5639,译,5662,诨,1
5640,诒,415,冶,1
5640,诒,3015,沾,1
5640,诒,5619,讼,1
5640,诒,5625,诂,1
5641,诓,3080,洹,1
5641,诓,3148,涯,1
5642,诔,3004,沫,1
5642,诔,3643,珠,1
5643,试,249,俅,1
5643,试,5602,讨,1
5643,试,5664,诫,1
5644,诖,215,佳,1
5644,诖,3095,浍,1
5645,诗,323,傈,1
5645,诗,1458,寺,1
5645,诗,3083,洼,1
5645,诗,3132,涛,1
5645,诗,4503,结,1
5645,诗,5646,诘,1
5646,诘,3145,涪,1
5646,诘,4503,结,1
5647,诙,1883,恢,1
5647,诙,3048,泷,1
5647,诙,5646,诘,1
5648,诚,1108,城,1
5648,诚,2990,沘,1
5648,诚,4140,祗,1
5648,诚,4550,缄,1
5649,诛,228,侏,1
5649,诛,3004,沫,1
5649,诛,3643,珠,1
5649,诛,6056,迷,1
5650,诜,418,冼,1
5650,诜,5647,诙,1
5651,话,2964,污,1
5651,话,3158,淋,1
5651,话,3638,珏,1
5651,话,5625,诂,1
5651,话,5669,诰,1
5651,话,5670,诱,1
5652,诞,3107,浞,1
5652,诞,3272,滩,1
5652,诞,6077,逗,1
5653,诟,1090,垢,1
5653,诟,2998,沥,1
5653,诟,5650,诜,1
5654,诠,3170,淦,1
5654,诠,5653,诟,1
5654,诠,6075,途,1
5655,诡,3279,漉,1
5655,诡,3805,疰,1
5655,诡,4514,统,1
5655,诡,5702,谒,1
5656,询,1459,寻,1
5656,询,3060,洎,1
5656,询,3123,消,1
5656,询,5626,诃,1
5656,询,6509,问,1
5656,询,6518,闷,1
5657,诣,3060,洎,1
5657,诣,3258,滔,1
5657,诣,3649,珰,1
5657,诣,4517,绢,1
5657,诣,5689,谄,1
5657,诣,5700,谐,1
5657,诣,5703,谓,1
5657,诣,6216,酯,1
5658,诤,420,净,1
5658,诤,3664,琤,1
5658,诤,5654,诠,1
5658,诤,5660,详,1
5658,诤,5671,诲,1
5659,该,783,咳,1
5659,该,3091,浈,1
5659,该,5647,诙,1
5660,详,1788,徉,1
5660,详,3702,璋,1
5660,详,5639,译,1
5660,详,5658,诤,1
5661,诧,2097,抡,1
5661,诧,2163,挖,1
5661,诧,2982,沆,1
5661,诧,5605,讫,1
5661,诧,5618,论,1
5662,诨,420,净,1
5662,诨,3650,珲,1
5662,诨,5993,辉,1
5663,诩,5662,诨,1
5664,诫,427,减,1
5664,诫,3309,潲,1
5664,诫,4502,绒,1
5664,诫,5643,试,1
5664,诫,5648,诚,1
5664,诫,5699,谏,1
5665,诬,1616,巫,1
5665,诬,3150,涵,1
5665,诬,3194,渣,1
5666,语,3026,法,1
5666,语,3145,涪,1
5666,语,3222,湾,1
5666,语,5646,诘,1
5666,语,5709,谙,1
5666,语,6383,铻,1
5667,诮,252,俏,1
5667,诮,4516,绡,1
5667,诮,5657,诣,1
5667,诮,5660,详,1
5667,诮,5663,诩,1
5667,诮,5709,谙,1
5668,误,244,侯,1
5668,误,3131,涘,1
5669,诰,5667,诮,1
5670,诱,3301,潘,1
5670,诱,3944,看,1
5670,诱,4470,纱,1
5670,诱,5611,讳,1
5670,诱,5684,诿,1
5671,诲,3008,沲,1
5671,诲,3011,油,1
5671,诲,3115,浮,1
5671,诲,4535,绵,1
5671,诲,4555,缉,1
5671,诲,5689,谄,1
5671,诲,6201,酒,1
5672,诳,3113,浩,1
5672,诳,3534,狂,1
5673,说,237,侦,1
5673,说,2982,沆,1
5673,说,3110,浣,1
5673,说,3120,浼,1
5673,说,4499,经,1
5673,说,4514,统,1
5673,说,5659,该,1
5673,说,5680,读,1
5673,说,5715,谠,1
5674,诵,1106,埇,1
5674,诵,3821,痈,1
5674,诵,4517,绢,1
5674,诵,4584,缩,1
5674,诵,5631,诉,1
5674,诵,5667,诮,1
5674,诵,5713,谝,1
5675,诶,3105,浚,1
5675,诶,5672,诳,1
5676,请,1931,情,1
5676,请,3159,淌,1
5676,请,3202,渴,1
5676,请,4487,练,1
5676,请,5667,诮,1
5676,请,5677,诸,1
5677,诸,217,佶,1
5677,诸,328,储,1
5677,诸,3156,淆,1
5677,诸,4525,绪,1
5677,诸,5657,诣,1
5677,诸,5676,请,1
5677,诸,5679,诺,1
5678,诹,301,倻,1
5678,诹,5675,诶,1
5679,诺,3113,浩,1
5679,诺,3266,满,1
5679,诺,3305,潢,1
5679,诺,5719,谤,1
5680,读,3139,涣,1
5680,读,3267,滢,1
5680,读,5659,该,1
5680,读,5693,谈,1
5680,读,5714,谟,1
5681,诼,5678,诹,1
5681,诼,6072,逐,1
5682,诽,6668,非,1
5683,课,3041,泮,1
5683,课,3290,漯,1
5683,课,4158,祼,1
5683,课,5697,谍,1
5683,课,5699,谏,1
5684,诿,5670,诱,1
5684,诿,5681,诼,1
5685,谀,3242,溲,1
5685,谀,5684,诿,1
5686,谁,3060,洎,1
5686,谁,3196,渥,1
5686,谁,5617,讹,1
5686,谁,5630,诈,1
5686,谁,5672,诳,1
5686,谁,6626,雌,1
5687,谂,3037,泥,1
5687,谂,5685,谀,1
5687,谂,5689,谄,1
5688,调,1293,姻,1
5688,调,3019,泅,1
5688,调,3067,洞,1
5688,调,3079,洵,1
5688,调,3136,涠,1
5688,调,3141,润,1
5688,调,4538,绸,1
5688,调,5683,课,1
5690,谅,2224,掠,1
5690,谅,3032,泞,1
5690,谅,3175,淳,1
5690,谅,3678,琼,1
5691,谆,256,俘,1
5691,谆,1378,孚,1
5691,谆,1572,崞,1
5691,谆,3203,游,1
5691,谆,4530,绰,1
5692,谇,3172,淬,1
5693,谈,428,凑,1
5693,谈,3016,沿,1
5693,谈,4998,苡,1
5693,谈,5660,详,1
5693,谈,5715,谠,1
5693,谈,6431,锬,1
5694,谊,411,冱,1
5694,谊,3201,渲,1
5694,谊,3681,瑄,1
5695,谋,2615,柒,1
5695,谋,3157,淇,1
5695,谋,3174,深,1
5695,谋,3312,潸,1
5697,谍,5695,谋,1
5698,谎,1149,塃,1
5698,谎,1980,慌,1
5698,谎,5230,蔬,1
5698,谎,5536,褡,1
5698,谎,5697,谍,1
5700,谐,289,借,1
5700,谐,400,写,1
5700,谐,3123,消,1
5700,谐,3894,皆,1
5700,谐,5657,诣,1
5700,谐,5667,诮,1
5700,谐,5677,诸,1
5700,谐,5709,谙,1
5702,谒,306,偈,1
5702,谒,2258,揭,1
5702,谒,3197,温,1
5702,谒,5696,谌,1
5703,谓,3128,涓,1
5703,谓,3256,滑,1
5703,谓,3300,潏,1
5703,谓,3680,瑁,1
5704,谔,3233,溟,1
5704,谔,6441,锷,1
5706,谖,4563,缓,1
5707,谗,3103,浕,1
5707,谗,3217,湟,1
5707,谗,5631,诉,1
5707,谗,6923,魂,1
5708,谘,3016,沿,1
5709,谙,2327,撸,1
5709,谙,4574,缟,1
5709,谙,5676,请,1
5709,谙,5711,谛,1
5710,谚,2989,沔,1
5710,谚,3850,瘆,1
5710,谚,5632,诊,1
5710,谚,5709,谙,1
5711,谛,1644,帝,1
5711,谛,4564,缔,1
5711,谛,5708,谘,1
5712,谜,3126,涎,1
5712,谜,3181,渊,1
5712,谜,4522,继,1
5712,谜,5652,诞,1
5712,谜,5696,谌,1
5712,谜,5735,谴,1
5713,谝,4566,编,1
5713,谝,5674,诵,1
5715,谠,5673,说,1
5716,谡,6093,逻,1
5717,谢,2785,榭,1
5718,谣,374,六,1
5718,谣,3258,滔,1
5718,谣,3693,瑶,1
5718,谣,5704,谔,1
5719,谤,324,傍,1
5719,谤,3229,溏,1
5719,谤,3253,滋,1
5719,谤,3337,濠,1
5719,谤,3690,瑢,1
5719,谤,5658,诤,1
5719,谤,5710,谚,1
5719,谤,5733,谲,1
5720,谥,4577,缢,1
5721,谦,386,兼,1
5721,谦,3296,潆,1
5721,谦,3297,潇,1
5721,谦,3315,潽,1
5721,谦,4578,缣,1
5722,谧,3269,滥,1
5723,谨,3314,潼,1
5723,谨,6656,霪,1
5724,谩,426,凌,1
5724,谩,3119,浸,1
5724,谩,3708,璟,1
5724,谩,5621,设,1
5724,谩,5716,谡,1
5724,谩,6822,馒,1
5725,谪,5674,诵,1
5725,谪,5676,请,1
5727,谬,3124,涉,1
5727,谬,3129,涔,1
5727,谬,4585,缪,1
5728,谭,3058,洋,1
5728,谭,3257,滓,1
5728,谭,3314,潼,1
5729,谮,341,僭,1
5730,谯,340,僬,1
5730,谯,1062,坦,1
5731,谰,3136,涠,1
5732,谱,857,商,1
5736,谵,3255,滏,1
5738,谷,1894,恰,1
5738,谷,3501,牡,1
5738,谷,4313,答,1
5738,谷,6619,雀,1
5739,豁,5511,裕,1
5740,豆,55,乏,1
5740,豆,84,互,1
5740,豆,380,兵,1
5740,豆,4260,立,1
5740,豆,4878,至,1
5741,豇,5740,豆,1
5743,豌,3670,琬,1
5743,豌,3778,畹,1
5743,豌,4086,碗,1
5743,豌,5617,讹,1
5745,豚,5681,诼,1
5746,象,404,冢,1
5746,象,1432,家,1
5746,象,1761,彖,1
5746,象,3020,泉,1
5746,象,4172,离,1
5747,豢,2148,拳,1
5747,豢,2673,桊,1
5747,豢,4189,秦,1
5748,豨,4200,稀,1
5749,豪,102,京,1
5749,豪,989,嚎,1
5749,豪,5189,蒙,1
5750,豫,3848,瘃,1
5750,豫,3932,盲,1
5750,豫,4217,稼,1
5750,豫,6468,镓,1
5750,豫,6728,预,1
5751,豳,5402,蝥,1
5751,豳,6215,酮,1
5752,豸,1761,彖,1
5752,豸,3364,炀,1
5753,豹,3543,狗,1
5753,豹,5752,豸,1
5754,豺,4468,纯,1
5757,貉,5986,辂,1
5758,貊,6750,额,1
5759,貌,3569,猊,1
5759,貌,4907,舰,1
5760,貔,6425,锦,1
5762,贝,354,允,1
5762,贝,1485,尺,1
5763,贞,359,先,1
5763,贞,736,员,1
5763,贞,1678,庄,1
5763,贞,2351,攴,1
5763,贞,3386,点,1
5763,贞,5762,贝,1
5763,贞,5764,负,1
5764,负,362,免,1
5764,负,664,召,1
5764,负,1221,奂,1
5764,负,1678,庄,1
5764,负,5765,贡,1
5765,贡,592,卞,1
5765,贡,5764,负,1
5765,贡,5767,责,1
5767,责,3358,灵,1
5767,责,4944,芎,1
5767,责,5789,费,1
5767,责,7113,麦,1
5768,贤,379,兴,1
5768,贤,4753,肾,1
5768,贤,5560,览,1
5768,贤,5796,赀,1
5769,败,2356,攻,1
5769,败,5778,贮,1
5770,账,702,吠,1
5770,账,1634,帐,1
5770,账,5784,贴,1
5770,账,5786,贶,1
5770,账,6805,饿,1
5771,货,582,华,1
5771,货,3479,爱,1
5771,货,4328,筻,1
5771,货,5788,贸,1
5772,质,3357,灰,1
5772,质,6715,顷,1
5772,质,6741,颓,1
5773,贩,649,取,1
5773,贩,676,叹,1
5773,贩,4323,筱,1
5774,贪,3920,盒,1
5775,贫,139,令,1
5775,贫,606,危,1
5775,贫,2923,氕,1
5775,贫,3911,盆,1
5776,贬,741,呤,1
5776,贬,3952,眨,1
5776,贬,4566,编,1
5777,购,1654,帼,1
5777,购,4789,胸,1
5778,贮,5773,贩,1
5778,贮,5776,贬,1
5779,贯,1435,宽,1
5781,贱,5792,贼,1
5781,贱,5801,赅,1
5781,贱,6790,饯,1
5783,贳,4981,苋,1
5784,贴,5791,贻,1
5784,贴,5877,跤,1
5784,贴,6761,飐,1
5787,贷,1539,岱,1
5787,贷,5796,赀,1
5788,贸,697,吗,1
5788,贸,4285,笕,1
5789,费,381,其,1
5789,费,736,员,1
5789,费,5782,贲,1
5789,费,5788,贸,1
5790,贺,5796,赀,1
5790,贺,5800,资,1
5790,贺,6849,驾,1
5792,贼,5664,诫,1
5792,贼,5807,赋,1
5793,贽,5789,费,1
5793,贽,5790,贺,1
5794,贾,5788,贸,1
5794,贾,5800,资,1
5794,贾,5809,赍,1
5795,贿,4198,秽,1
5795,贿,5808,赌,1
5795,贿,6347,铕,1
5796,赀,5768,贤,1
5797,赁,5783,贳,1
5798,赂,6800,饹,1
5799,赃,867,啦,1
5799,赃,5784,贴,1
5800,资,775,咨,1
5800,资,3360,灸,1
5800,资,5768,贤,1
5800,资,5774,贪,1
5803,赇,5781,贱,1
5806,赊,1387,学,1
5806,赊,5798,赂,1
5807,赋,800,哏,1
5807,赋,2391,斟,1
5808,赌,855,啃,1
5809,赍,5785,贵,1
5811,赏,1435,宽,1
5811,赏,5561,觉,1
5811,赏,5800,资,1
5812,赐,4735,肠,1
5812,赐,5777,购,1
5814,赓,833,唐,1
5815,赔,3392,烂,1
5815,赔,4824,腒,1
5815,赔,5806,赊,1
5817,赖,2197,损,1
5817,赖,2365,敕,1
5817,赖,4389,籁,1
5817,赖,6723,顿,1
5818,赘,5824,赞,1
5821,赛,1157,塞,1
5821,赛,1445,寒,1
5821,赛,5377,蜜,1
5821,赛,5767,责,1
5821,赛,5805,赉,1
5824,赞,5790,贺,1
5826,赠,974,噜,1
5827,赡,4003,瞻,1
5827,赡,5815,赔,1
5828,赢,4639,羸,1
5830,赤,97,亦,1
5830,赤,1381,孝,1
5830,赤,1670,并,1
5830,赤,2961,汞,1
5830,赤,5785,贵,1
5831,赦,2073,扳,1
5831,赦,2363,敏,1
5831,赦,2364,救,1
5831,赦,2366,敖,1
5831,赦,2367,教,1
5831,赦,2369,敝,1
5831,赦,2371,敢,1
5831,赦,2376,数,1
5831,赦,4879,致,1
5831,赦,5967,软,1
5834,赫,1741,弘,1
5834,赫,4137,祎,1
5834,赫,6705,韩,1
5836,走,14,专,1
5836,走,55,乏,1
5836,走,1228,奏,1
5836,走,1485,尺,1
5836,走,5852,足,1
5836,走,6082,速,1
5836,走,7113,麦,1
5837,赳,5845,越,1
5838,赴,5839,赵,1
5840,赶,5839,赵,1
5841,起,3452,熙,1
5841,起,5839,赵,1
5842,趁,1773,彭,1
5842,趁,5846,趋,1
5843,趄,2114,担,1
5844,超,6037,还,1
5845,越,5849,趟,1
5845,越,7169,龀,1
5846,趋,3458,熬,1
5846,趋,5847,趑,1
5847,趑,5850,趣,1
5849,趟,3159,淌,1
5849,趟,6056,迷,1
5849,趟,6070,逍,1
5852,足,571,区,1
5852,足,585,卒,1
5852,足,2462,显,1
5852,足,3782,疋,1
5852,足,6124,邑,1
5853,趴,665,叭,1
5854,趵,2371,敢,1
5854,趵,5753,豹,1
5857,趼,4034,研,1
5858,趾,4701,耻,1
5858,趾,5853,趴,1
5859,趿,2971,汲,1
5859,趿,5869,跖,1
5860,跃,4682,耘,1
5861,跄,5865,跎,1
5865,跎,5868,跑,1
5866,跏,5854,趵,1
5867,跐,3951,眦,1
5868,跑,1383,孢,1
5868,跑,5865,跎,1
5868,跑,5888,跹,1
5868,跑,7173,龅,1
5872,跛,1636,帔,1
5872,跛,5496,被,1
5872,跛,6211,酦,1
5873,距,1782,征,1
5873,距,5861,跄,1
5873,距,5882,路,1
5873,距,5909,踵,1
5874,跞,5889,跺,1
5874,跞,5903,踩,1
5875,跟,1787,很,1
5875,跟,1887,恨,1
5875,跟,5891,跽,1
5875,跟,5899,踞,1
5875,跟,5908,踱,1
5876,跣,5856,趺,1
5877,跤,5349,蛟,1
5877,跤,5854,趵,1
5878,跨,1098,垮,1
5878,跨,3769,畛,1
5878,跨,5350,蛤,1
5878,跨,5941,蹽,1
5879,跪,4514,统,1
5880,跫,1877,恐,1
5880,跫,4654,翟,1
5882,路,5902,踣,1
5882,路,6800,饹,1
5883,跳,3646,珧,1
5883,跳,5867,跐,1
5883,跳,5871,跚,1
5884,践,2027,战,1
5884,践,2034,戥,1
5884,践,3925,盛,1
5884,践,4483,线,1
5884,践,5886,跷,1
5884,践,6790,饯,1
5886,跷,5876,跣,1
5889,跺,5903,踩,1
5889,跺,6365,铩,1
5889,跺,6386,链,1
5890,跻,5358,蛴,1
5891,跽,5893,踉,1
5893,踉,5877,跤,1
5893,踉,6406,锒,1
5894,踊,4076,确,1
5894,踊,5915,蹁,1
5895,踌,6410,锖,1
5896,踏,3287,漪,1
5896,踏,5862,跆,1
5896,踏,6795,饴,1
5897,踔,5891,跽,1
5898,踝,4110,磔,1
5898,踝,5897,踔,1
5899,踞,5527,裾,1
5900,踟,5898,踝,1
5901,踢,5910,踶,1
5903,踩,2834,檗,1
5903,踩,3978,睬,1
5903,踩,5874,跞,1
5903,踩,5922,蹊,1
5903,踩,5944,躁,1
5904,踪,4542,综,1
5904,踪,6474,镙,1
5904,踪,6609,隙,1
5905,踬,5900,踟,1
5905,踬,6426,锧,1
5906,踮,5905,踬,1
5908,踱,3791,疚,1
5908,踱,5349,蛟,1
5908,踱,5863,跋,1
5908,踱,5905,踬,1
5911,踹,5914,蹀,1
5913,踽,5909,踵,1
5913,踽,5935,蹯,1
5915,蹁,4094,碥,1
5915,蹁,5398,蝙,1
5915,蹁,5418,螗,1
5915,蹁,5894,踊,1
5916,蹂,5437,蟓,1
5916,蹂,5889,跺,1
5916,蹂,5944,躁,1
5917,蹄,6933,魑,1
5918,蹅,4100,碴,1
5918,蹅,5896,踏,1
5918,蹅,6812,馇,1
5919,蹇,1157,塞,1
5919,蹇,5821,赛,1
5920,蹈,5862,跆,1
5920,蹈,6798,饷,1
5921,蹉,5940,蹼,1
5922,蹊,3239,溪,1
5923,蹋,5901,踢,1
5923,蹋,5945,躅,1
5927,蹓,5934,蹭,1
5929,蹜,5927,蹓,1
5930,蹢,2497,暗,1
5930,蹢,5915,蹁,1
5931,蹦,954,嘣,1
5931,蹦,4531,绱,1
5933,蹬,970,噔,1
5933,蹬,1601,嶝,1
5933,蹬,3316,澄,1
5933,蹬,4116,磴,1
5934,蹭,5937,蹲,1
5934,蹭,6873,骚,1
5936,蹰,4874,臧,1
5937,蹲,5944,躁,1
5939,蹶,3969,睚,1
5939,蹶,6233,醌,1
5940,蹼,5950,躜,1
5941,蹽,6484,镣,1
5942,蹾,5908,踱,1
5944,躁,3713,璪,1
5944,躁,5903,踩,1
5945,躅,5447,蠋,1
5946,躇,6410,锖,1
5949,躔,903,喱,1
5949,躔,5909,踵,1
5952,身,1406,完,1
5953,躬,4903,舫,1
5954,躯,1526,岖,1
5954,躯,4701,耻,1
5955,躲,1463,射,1
5955,躲,4736,股,1
5955,躲,4808,脞,1
5955,躲,5953,躬,1
5956,躺,284,倘,1
5957,軎,656,口,1
5957,軎,4029,砉,1
5958,车,581,半,1
5958,车,1668,平,1
5958,车,3500,牟,1
5959,轧,1373,孔,1
5959,轧,5960,轨,1
5960,轨,537,勍,1
5960,轨,583,协,1
5960,轨,5959,轧,1
5961,轩,1243,奸,1
5961,轩,2396,斩,1
5963,轫,5960,轨,1
5964,转,5967,软,1
5966,轮,2097,抡,1
5966,轮,4401,粘,1
5966,轮,4681,耗,1
5967,软,2843,欣,1
5967,软,2844,欤,1
5967,软,5563,觋,1
5967,软,5963,轫,1
5967,软,6304,钦,1
5968,轰,792,哄,1
5969,轱,4196,秸,1
5969,轱,5965,轭,1
5970,轲,5963,轫,1
5970,轲,5969,轱,1
5971,轳,5970,轲,1
5972,轴,5984,辀,1
5972,轴,6683,鞁,1
5973,轵,5971,轳,1
5974,轶,5973,轵,1
5974,轶,6331,铁,1
5975,轷,5976,轸,1
5976,轸,5974,轶,1
5976,轸,5986,辂,1
5977,轹,2076,扺,1
5977,轹,5975,轷,1
5977,轹,6334,铄,1
5978,轺,2132,招,1
5979,轻,4632,羟,1
5979,轻,5985,辁,1
5981,载,5098,莪,1
5983,轿,2133,拜,1
5983,轿,2396,斩,1
5983,轿,4015,矫,1
5983,轿,6688,鞒,1
5983,轿,6854,骄,1
5985,辁,2149,拴,1
5985,辁,6622,雅,1
5986,辂,5979,轻,1
5986,辂,5998,辎,1
5986,辂,6368,铬,1
5987,较,2359,故,1
5987,较,2653,校,1
5987,较,6686,鞍,1
5987,较,6801,饺,1
5989,辅,5980,轼,1
5989,辅,5983,轿,1
5989,辅,6382,铺,1
5990,辆,3383,炳,1
5990,辆,5989,辅,1
5991,辇,2164,挚,1
5992,辈,401,军,1
5992,辈,1734,弊,1
5992,辈,2180,挲,1
5992,辈,2633,柴,1
5993,辉,3492,牌,1
5994,辊,4532,绲,1
5995,辋,6007,辗,1
5996,辌,2737,椋,1
5997,辍,3785,疑,1
5998,辎,3684,瑙,1
6000,辐,2490,暂,1
6000,辐,6458,镉,1
6001,辑,2251,揖,1
6003,输,5396,蝓,1
6003,输,5976,轸,1
6005,辕,6007,辗,1
6006,辖,5987,较,1
6007,辗,389,冁,1
6007,辗,5994,辊,1
6009,辙,5411,螂,1
6009,辙,5835,赭,1
6011,辛,1671,幸,1
6011,辛,2395,斧,1
6011,辛,4275,竿,1
6011,辛,4624,羊,1
6011,辛,5008,苹,1
6011,辛,6012,辜,1
6011,辛,6273,钅,1
6012,辜,3461,熹,1
6012,辜,3981,睾,1
6013,辞,3508,牲,1
6014,辟,4083,碎,1
6014,辟,5897,踔,1
6014,辟,6013,辞,1
6015,辣,2400,新,1
6015,辣,4269,竦,1
6015,辣,6749,颜,1
6016,辨,1377,孙,1
6016,辨,3648,班,1
6017,辩,4130,社,1
6017,辩,4149,祥,1
6017,辩,4163,禅,1
6018,辫,3721,瓣,1
6018,辫,4544,绾,1
6019,辰,1504,展,1
6020,辱,622,厍,1
6020,辱,830,唇,1
6020,辱,1488,尽,1
6022,边,63,乜,1
6022,边,66,也,1
6022,边,516,办,1
6022,边,6044,迢,1
6023,辽,23,丝,1
6023,辽,2419,旦,1
6023,辽,2962,江,1
6023,辽,2968,汪,1
6023,辽,6030,迈,1
6023,辽,6038,这,1
6024,达,1207,太,1
6024,达,2167,挞,1
6024,达,3083,洼,1
6024,达,4313,答,1
6024,达,6022,边,1
6024,达,6054,述,1
6025,迁,1609,巡,1
6025,迁,5627,评,1
6025,迁,6036,迕,1
6025,迁,6054,述,1
6026,迂,4455,纡,1
6026,迂,6036,迕,1
6026,迂,6075,途,1
6027,迄,6032,运,1
6027,迄,6048,迨,1
6028,迅,446,函,1
6028,迅,2958,汛,1
6028,迅,6039,进,1
6029,过,6024,达,1
6029,过,6026,迂,1
6030,迈,18,丘,1
6030,迈,643,及,1
6030,迈,6037,还,1
6030,迈,6044,迢,1
6032,运,5249,蕴,1
6032,运,5841,起,1
6032,运,6037,还,1
6033,近,6031,迎,1
6033,近,6035,返,1
6033,近,6036,迕,1
6033,近,6038,这,1
6034,迓,6042,连,1
6035,返,6051,迫,1
6035,返,6055,迳,1
6037,还,563,匝,1
6037,还,1614,巨,1
6037,还,6032,运,1
6037,还,6054,述,1
6037,还,6072,逐,1
6038,这,1723,廷,1
6038,这,2968,汪,1
6038,这,6023,辽,1
6038,这,6049,迩,1
6039,进,3018,泄,1
6039,进,6050,迪,1
6040,远,355,元,1
6040,远,357,充,1
6040,远,620,压,1
6040,远,1609,巡,1
6040,远,3036,泣,1
6040,远,6023,辽,1
6040,远,6035,返,1
6040,远,6037,还,1
6040,远,6038,这,1
6040,远,6043,迟,1
6040,远,6092,逸,1
6041,违,6024,达,1
6041,违,6082,速,1
6041,违,6099,遇,1
6042,连,3083,洼,1
6042,连,3135,涟,1
6042,连,6034,迓,1
6042,连,6036,迕,1
6043,迟,6024,达,1
6043,迟,6040,远,1
6043,迟,6060,退,1
6044,迢,672,叵,1
6044,迢,3107,浞,1
6044,迢,3144,涩,1
6044,迢,6023,辽,1
6044,迢,6059,追,1
6044,迢,6077,逗,1
6045,迤,4930,色,1
6045,迤,6114,遮,1
6046,迥,15,且,1
6048,迨,6051,迫,1
6048,迨,6083,造,1
6049,迩,6036,迕,1
6050,迪,2419,旦,1
6051,迫,189,但,1
6051,迫,672,叵,1
6051,迫,3757,画,1
6051,迫,6050,迪,1
6051,迫,6059,追,1
6051,迫,6120,邂,1
6051,迫,6713,页,1
6052,迭,418,冼,1
6052,迭,6024,达,1
6052,迭,6061,送,1
6052,迭,6082,速,1
6052,迭,6083,造,1
6053,迮,6048,迨,1
6054,述,3005,沭,1
6054,述,6037,还,1
6054,述,6039,进,1
6056,迷,1724,建,1
6056,迷,6063,逃,1
6056,迷,6082,速,1
6058,迹,3757,画,1
6058,迹,6034,迓,1
6058,迹,6049,迩,1
6058,迹,6067,选,1
6058,迹,6068,逊,1
6058,迹,6090,逵,1
6058,迹,6098,遄,1
6059,追,1977,愿,1
6059,追,3006,沮,1
6059,追,3080,洹,1
6059,追,6042,连,1
6059,追,6048,迨,1
6059,追,6049,迩,1
6059,追,6103,遑,1
6060,退,4927,艮,1
6060,退,6044,迢,1
6061,送,6040,远,1
6061,送,6067,选,1
6061,送,6092,逸,1
6061,送,6097,遂,1
6062,适,558,化,1
6062,适,3082,活,1
6062,适,4376,簉,1
6062,适,4889,舌,1
6062,适,6025,迁,1
6062,适,6034,迓,1
6062,适,6044,迢,1
6063,逃,560,匙,1
6064,逄,1193,备,1
6064,逄,6036,迕,1
6065,逅,6059,追,1
6066,逆,6054,述,1
6066,逆,6058,迹,1
6066,逆,6061,送,1
6066,逆,6062,适,1
6066,逆,6075,途,1
6066,逆,6083,造,1
6066,逆,6100,遍,1
6067,选,3063,洗,1
6067,选,5058,荙,1
6067,选,6043,迟,1
6067,选,6048,迨,1
6067,选,6083,造,1
6067,选,6084,逡,1
6067,选,6098,遄,1
6068,逊,5469,补,1
6068,逊,5858,趾,1
6068,逊,5888,跹,1
6068,逊,6072,逐,1
6070,逍,6069,逋,1
6071,透,1384,季,1
6071,透,3082,活,1
6071,透,3222,湾,1
6071,透,5670,诱,1
6071,透,6041,违,1
6071,透,6083,造,1
6071,透,6110,遣,1
6072,逐,6068,逊,1
6072,逐,6097,遂,1
6074,递,6098,遄,1
6075,途,199,余,1
6075,途,3121,涂,1
6075,途,6061,送,1
6075,途,6074,递,1
6075,途,6085,逢,1
6075,途,6091,逶,1
6075,途,6092,逸,1
6075,途,6095,逾,1
6076,逖,3430,然,1
6076,逖,6068,逊,1
6077,逗,5852,足,1
6077,逗,6032,运,1
6077,逗,6094,逼,1
6078,通,3125,涌,1
6078,通,6101,遏,1
6078,通,6604,随,1
6079,逛,5652,诞,1
6080,逝,2182,挺,1
6080,逝,6073,逑,1
6080,逝,6112,遨,1
6081,逞,726,呈,1
6081,逞,1143,堡,1
6081,逞,2503,暹,1
6081,逞,3122,涅,1
6081,逞,3131,涘,1
6081,逞,4262,竖,1
6082,速,15,且,1
6082,速,690,吏,1
6082,速,6058,迹,1
6083,造,5669,诰,1
6083,造,6091,逶,1
6083,造,6098,遄,1
6083,造,6107,遘,1
6083,造,6596,陵,1
6085,逢,420,净,1
6085,逢,3065,洚,1
6085,逢,4573,缝,1
6085,逢,6070,逍,1
6085,逢,6097,遂,1
6085,逢,6103,遑,1
6085,逢,6121,邃,1
6086,逦,6058,迹,1
6088,逮,5735,谴,1
6088,逮,6082,速,1
6090,逵,2626,查,1
6090,逵,6091,逶,1
6090,逵,6112,遨,1
6092,逸,4854,膛,1
6093,逻,4607,罗,1
6093,逻,6090,逵,1
6094,逼,573,匾,1
6094,逼,6100,遍,1
6094,逼,6113,遭,1
6095,逾,3757,画,1
6096,遁,6065,逅,1
6096,遁,6080,逝,1
6097,遂,1432,家,1
6097,遂,6066,逆,1
6097,遂,6100,遍,1
6099,遇,6060,退,1
6099,遇,6066,逆,1
6099,遇,6093,逻,1
6099,遇,6098,遄,1
6100,遍,713,启,1
6100,遍,4740,肩,1
6101,遏,3187,渔,1
6101,遏,6023,辽,1
6102,遐,3682,瑕,1
6105,道,1421,宣,1
6105,道,3434,煎,1
6105,道,6033,近,1
6105,道,6051,迫,1
6105,道,6058,迹,1
6105,道,6066,逆,1
6105,道,6078,通,1
6105,道,6083,造,1
6105,道,6094,逼,1
6106,遗,6084,逡,1
6106,遗,6098,遄,1
6106,遗,6113,遭,1
6106,遗,6115,遴,1
6110,遣,6106,遗,1
6111,遥,5718,谣,1
6111,遥,6075,途,1
6111,遥,6092,逸,1
6111,遥,6108,遛,1
6113,遭,1569,崔,1
6113,遭,5247,蕰,1
6113,遭,5338,蛊,1
6113,遭,6069,逋,1
6114,遮,3148,涯,1
6114,遮,3833,痣,1
6116,遵,1466,尊,1
6116,遵,5723,谨,1
6116,遵,6057,迸,1
6116,遵,6094,逼,1
6116,遵,6097,遂,1
6116,遵,6104,遒,1
6118,避,1304,娌,1
6118,避,3330,澼,1
6118,避,5840,赶,1
6119,邀,3331,激,1
6119,邀,4836,腰,1
6119,邀,6047,迦,1
6120,邂,6108,遛,1
6121,邃,4250,窠,1
6122,邈,6111,遥,1
6124,邑,4963,芭,1
6125,邓,6567,阼,1
6126,邕,4278,笆,1
6129,邛,6128,邙,1
6132,邢,604,卯,1
6132,邢,607,即,1
6132,邢,6135,邪,1
6132,邢,6140,邱,1
6132,邢,6145,邸,1
6133,那,6144,邶,1
6134,邦,3629,玷,1
6134,邦,6158,郏,1
6135,邪,2389,斜,1
6135,邪,6132,邢,1
6135,邪,6133,那,1
6135,邪,6150,邾,1
6137,邮,1630,帆,1
6137,邮,1925,悱,1
6137,邮,6147,邺,1
6138,邯,1044,均,1
6138,邯,5028,茚,1
6140,邱,1674,幼,1
6140,邱,6128,邙,1
6140,邱,6145,邸,1
6143,邵,6139,邰,1
6143,邵,6140,邱,1
6144,邶,2108,押,1
6146,邹,3905,皱,1
6146,邹,5836,走,1
6146,邹,6139,邰,1
6146,邹,6163,郚,1
6146,邹,6170,郧,1
6146,邹,6833,驭,1
6147,邺,3393,烃,1
6148,邻,123,介,1
6148,邻,605,印,1
6148,邻,4460,约,1
6148,邻,6164,郛,1
6150,邾,611,卸,1
6150,邾,5463,街,1
6150,邾,6135,邪,1
6151,郁,5453,蠢,1
6151,郁,6162,郗,1
6151,郁,6177,都,1
6153,郅,6297,钟,1
6155,郈,6140,邱,1
6156,郊,1724,建,1
6156,郊,4132,祁,1
6156,郊,6131,邡,1
6156,郊,6140,邱,1
6156,郊,6173,郭,1
6157,郎,2530,朗,1
6159,郐,753,命,1
6160,郑,87,井,1
6160,郑,1774,彰,1
6160,郑,6132,邢,1
6160,郑,6146,邹,1
6160,郑,6153,郅,1
6160,郑,6164,郛,1
6160,郑,6174,郯,1
6160,郑,6188,鄯,1
6163,郚,6171,部,1
6164,郛,4721,肄,1
6164,郛,6173,郭,1
6164,郛,6187,鄣,1
6166,郝,4683,耙,1
6166,郝,5831,赦,1
6166,郝,6177,都,1
6167,郡,1641,帚,1
6167,郡,6163,郚,1
6169,郦,42,丽,1
6170,郧,6155,郈,1
6171,部,537,勍,1
6171,部,2927,氚,1
6171,部,4132,祁,1
6171,部,6131,邡,1
6171,部,6149,邽,1
6171,部,6163,郚,1
6171,部,6173,郭,1
6171,部,6187,鄣,1
6171,部,6942,鲃,1
6172,郫,4698,耶,1
6173,郭,6131,邡,1
6173,郭,6171,部,1
6173,郭,6187,鄣,1
6174,郯,6145,邸,1
6175,郴,1772,彬,1
6175,郴,2221,排,1
6175,郴,2698,梆,1
6175,郴,6144,邶,1
6176,郸,6172,郫,1
6176,郸,6181,鄄,1
6177,都,608,却,1
6177,都,6166,郝,1
6177,都,6179,郿,1
6180,鄂,6168,郢,1
6183,鄘,6182,鄌,1
6184,鄙,6151,郁,1
6184,鄙,6171,部,1
6185,鄞,6181,鄄,1
6190,鄹,4714,聚,1
6191,酃,6181,鄄,1
6193,酉,100,亩,1
6193,酉,3409,热,1
6193,酉,6201,酒,1
6195,酋,3187,渔,1
6195,酋,4984,苎,1
6195,酋,6671,面,1
6195,酋,6826,首,1
6196,酌,3762,畋,1
6196,酌,3893,的,1
6197,配,2582,枇,1
6197,配,4598,缸,1
6197,配,6204,酝,1
6198,酎,6208,酣,1
6200,酐,6194,酊,1
6201,酒,1541,岵,1
6201,酒,6193,酉,1
6201,酒,7059,鸿,1
6202,酗,6200,酐,1
6203,酚,3557,狲,1
6203,酚,6739,颐,1
6204,酝,43,举,1
6204,酝,4913,舷,1
6204,酝,6197,配,1
6204,酝,6213,酪,1
6205,酞,3586,献,1
6205,酞,6209,酤,1
6205,酞,6210,酥,1
6209,酤,6223,酷,1
6210,酥,4058,砾,1
6210,酥,4072,硪,1
6210,酥,6200,酐,1
6211,酦,6217,酰,1
6211,酦,6223,酷,1
6212,酩,689,后,1
6213,酪,6229,醅,1
6213,酪,6856,骆,1
6218,酱,3728,瓷,1
6219,酲,6234,醍,1
6220,酴,6210,酥,1
6220,酴,6221,酵,1
6221,酵,6225,酹,1
6221,酵,6230,醇,1
6222,酶,6216,酯,1
6223,酷,4249,窟,1
6223,酷,4922,艏,1
6223,酷,5575,觥,1
6223,酷,6204,酝,1
6223,酷,6209,酤,1
6223,酷,6213,酪,1
6223,酷,6216,酯,1
6224,酸,2370,敞,1
6224,酸,6211,酦,1
6224,酸,6217,酰,1
6224,酸,6231,醉,1
6225,酹,6220,酴,1
6227,酾,4066,硒,1
6228,酿,6204,酝,1
6229,醅,6212,酩,1
6230,醇,6196,酌,1
6230,醇,6225,酹,1
6231,醉,985,噼,1
6231,醉,4083,碎,1
6231,醉,5397,蝗,1
6231,醉,6207,酢,1
6232,醋,3310,潴,1
6233,醌,3962,眼,1
6234,醍,6237,醒,1
6234,醍,6242,醪,1
6234,醍,6996,鳀,1
6237,醒,6212,酩,1
6237,醒,6233,醌,1
6237,醒,6234,醍,1
6237,醒,6620,雁,1
6240,醢,3780,疃,1
6241,醣,6242,醪,1
6242,醪,3699,璆,1
6242,醪,6246,醴,1
6243,醭,6239,醛,1
6243,醭,6244,醮,1
6245,醯,2899,毓,1
6250,采,2633,柴,1
6250,采,4174,禾,1
6250,采,4392,籴,1
6250,采,4436,系,1
6251,釉,4665,翻,1
6251,釉,5972,轴,1
6252,释,3998,瞬,1
6253,里,726,呈,1
6253,里,2449,星,1
6253,里,5909,踵,1
6253,里,7125,黑,1
6254,重,41,主,1
6254,重,1074,垂,1
6254,重,1713,廑,1
6254,重,3630,玺,1
6254,重,3740,生,1
6254,重,3892,皂,1
6254,重,6091,逶,1
6254,重,6633,雨,1
6255,野,3766,畔,1
6256,量,5108,莹,1
6257,金,154,企,1
6257,金,198,佘,1
6257,金,209,佥,1
6257,金,709,含,1
6257,金,3775,畲,1
6257,金,5740,豆,1
6258,釜,1948,惫,1
6258,釜,3483,爸,1
6258,釜,4308,筌,1
6259,鉴,408,冬,1
6259,鉴,5504,装,1
6259,鉴,6258,釜,1
6261,銎,1573,崟,1
6261,銎,6259,鉴,1
6269,鏊,6265,錾,1
6269,鏊,7008,鳌,1
6276,针,4458,纤,1
6276,针,5473,衬,1
6276,针,5595,计,1
6276,针,6317,钳,1
6277,钉,1673,幻,1
6277,钉,2429,旴,1
6277,钉,4463,纩,1
6277,钉,6287,钔,1
6278,钊,469,刨,1
6279,钋,599,卦,1
6280,钌,6277,钉,1
6282,钎,1040,圻,1
6282,钎,6311,钭,1
6282,钎,6363,铧,1
6284,钐,6309,钫,1
6284,钐,6374,铲,1
6285,钒,4461,级,1
6285,钒,6763,飒,1
6285,钒,6781,饥,1
6286,钓,6285,钒,1
6286,钓,6320,钶,1
6287,钔,6278,钊,1
6288,钕,6331,铁,1
6291,钙,2913,毽,1
6291,钙,4455,纡,1
6291,钙,4482,纾,1
6291,钙,6441,锷,1
6292,钚,6314,钰,1
6293,钛,6310,钬,1
6293,钛,6394,锆,1
6294,钜,6313,钯,1
6294,钜,6314,钰,1
6294,钜,6321,钷,1
6295,钝,6294,钜,1
6295,钝,6319,钵,1
6296,钞,4142,祛,1
6296,钞,6284,钐,1
6297,钟,6149,邽,1
6297,钟,6330,铀,1
6297,钟,6385,铽,1
6298,钠,5631,诉,1
6298,钠,6330,铀,1
6298,钠,6393,锅,1
6299,钡,2984,沉,1
6299,钡,3537,狈,1
6299,钡,4491,织,1
6299,钡,6335,铅,1
6299,钡,6389,锁,1
6300,钢,6299,钡,1
6300,钢,6303,钥,1
6301,钣,3491,版,1
6302,钤,6469,镔,1
6303,钥,6283,钏,1
6303,钥,6305,钧,1
6303,钥,6317,钳,1
6303,钥,6328,钾,1
6304,钦,529,劲,1
6304,钦,684,合,1
6304,钦,4491,织,1
6305,钧,1044,均,1
6305,钧,4460,约,1
6305,钧,4509,绚,1
6306,钨,4506,绗,1
6306,钨,4511,络,1
6306,钨,6352,铛,1
6306,钨,6420,锡,1
6306,钨,7037,鸨,1
6306,钨,7040,鸫,1
6306,钨,7057,鸽,1
6307,钩,2994,沟,1
6307,钩,4460,约,1
6307,钩,4509,绚,1
6307,钩,6287,钔,1
6307,钩,6792,饱,1
6309,钫,6293,钛,1
6309,钫,6318,钴,1
6310,钬,4180,秋,1
6310,钬,6299,钡,1
6310,钬,6331,铁,1
6311,钭,6282,钎,1
6312,钮,4803,脓,1
6312,钮,6208,酣,1
6314,钰,6364,铨,1
6315,钱,2026,戗,1
6315,钱,2034,戥,1
6315,钱,3088,浅,1
6315,钱,4483,线,1
6315,钱,6297,钟,1
6317,钳,4484,绀,1
6317,钳,5528,褂,1
6317,钳,5610,讲,1
6318,钴,6309,钫,1
6318,钴,6325,钻,1
6319,钵,4487,练,1
6319,钵,6292,钚,1
6319,钵,6318,钴,1
6319,钵,6330,铀,1
6319,钵,6350,铘,1
6319,钵,6359,铢,1
6319,钵,6363,铧,1
6320,钶,6303,钥,1
6322,钸,6337,铈,1
6323,钹,4486,绂,1
6323,钹,6301,钣,1
6324,钺,6315,钱,1
6325,钻,3015,沾,1
6325,钻,6335,铅,1
6325,钻,6369,铭,1
6326,钼,6327,钽,1
6326,钼,6329,钿,1
6327,钽,6378,银,1
6327,钽,6969,鲤,1
6328,钾,6297,钟,1
6329,钿,6312,钮,1
6329,钿,6327,钽,1
6330,铀,4490,细,1
6330,铀,6296,钞,1
6330,铀,6298,钠,1
6330,铀,6392,锄,1
6331,铁,200,佚,1
6331,铁,5623,诀,1
6331,铁,5864,跌,1
6331,铁,6342,铍,1
6331,铁,6359,铢,1
6331,铁,6360,铣,1
6331,铁,6786,饫,1
6332,铂,3021,泊,1
6332,铂,3726,瓴,1
6332,铂,6298,钠,1
6332,铂,6321,钷,1
6332,铂,6325,钻,1
6333,铃,3033,泠,1
6333,铃,3800,疫,1
6333,铃,6364,铨,1
6333,铃,6372,铰,1
6333,铃,6425,锦,1
6334,铄,6365,铩,1
6335,铅,4491,织,1
6335,铅,6397,锉,1
6335,铅,6431,锬,1
6335,铅,6945,鲇,1
6336,铆,3027,泖,1
6337,铈,6309,钫,1
6338,铉,6362,铥,1
6338,铉,6380,铸,1
6339,铊,6313,钯,1
6341,铌,6378,银,1
6344,铐,4159,祾,1
6344,铐,6380,铸,1
6344,铐,6416,锜,1
6344,铐,6438,锴,1
6345,铑,6351,铙,1
6347,铕,6318,钴,1
6347,铕,6322,钸,1
6347,铕,6332,铂,1
6347,铕,6388,销,1
6347,铕,6411,锗,1
6347,铕,6416,锜,1
6348,铖,6315,钱,1
6351,铙,6360,铣,1
6351,铙,6797,饶,1
6352,铛,5505,裆,1
6352,铛,6318,钴,1
6352,铛,6357,铠,1
6352,铛,6394,锆,1
6352,铛,6413,错,1
6352,铛,6472,镗,1
6353,铜,3067,洞,1
6353,铜,4538,绸,1
6353,铜,6326,钼,1
6353,铜,6421,锢,1
6353,铜,6552,阚,1
6354,铝,235,侣,1
6354,铝,4497,绍,1
6354,铝,6325,钻,1
6354,铝,6431,锬,1
6355,铞,6431,锬,1
6358,铡,3094,测,1
6358,铡,4550,缄,1
6359,铢,5974,轶,1
6359,铢,6319,钵,1
6359,铢,6331,铁,1
6359,铢,6384,铼,1
6359,铢,6418,锞,1
6360,铣,1213,失,1
6360,铣,3063,洗,1
6360,铣,4454,纠,1
6360,铣,6331,铁,1
6360,铣,6351,铙,1
6360,铣,6394,锆,1
6360,铣,6404,锐,1
6361,铤,5652,诞,1
6362,铥,6361,铤,1
6364,铨,6366,铪,1
6366,铪,6333,铃,1
6366,铪,6354,铝,1
6368,铬,688,名,1
6368,铬,6366,铪,1
6368,铬,6430,锫,1
6369,铭,5501,袼,1
6369,铭,5757,貉,1
6369,铭,5882,路,1
6369,铭,5986,辂,1
6369,铭,6335,铅,1
6370,铮,6400,锌,1
6370,铮,6666,静,1
6371,铯,6370,铮,1
6372,铰,4015,矫,1
6372,铰,6288,钕,1
6372,铰,6340,铋,1
6372,铰,6369,铭,1
6372,铰,6373,铱,1
6372,铰,6375,铳,1
6372,铰,6465,镐,1
6373,铱,2979,沃,1
6373,铱,5865,跎,1
6373,铱,6292,钚,1
6373,铱,6301,钣,1
6373,铱,6360,铣,1
6374,铲,3003,沪,1
6374,铲,4463,纩,1
6374,铲,6280,钌,1
6374,铲,6284,钐,1
6374,铲,6291,钙,1
6374,铲,6400,锌,1
6375,铳,3785,疑,1
6375,铳,6308,钪,1
6375,铳,6401,锍,1
6376,铴,6393,锅,1
6377,铵,6289,钗,1
6378,银,1787,很,1
6378,银,5875,跟,1
6378,银,6339,铊,1
6380,铸,4487,练,1
6380,铸,6398,锊,1
6380,铸,6410,锖,1
6380,铸,6451,镂,1
6382,铺,1111,埔,1
6382,铺,5989,辅,1
6382,铺,6388,销,1
6383,铻,6294,钜,1
6383,铻,6362,铥,1
6384,铼,6359,铢,1
6385,铽,6348,铖,1
6386,链,3135,涟,1
6386,链,6361,铤,1
6386,链,6487,镦,1
6387,铿,6327,钽,1
6388,销,3138,涢,1
6388,销,3156,淆,1
6388,销,4516,绡,1
6388,销,6303,钥,1
6388,销,6332,铂,1
6388,销,6347,铕,1
6388,销,6810,馅,1
6389,锁,237,侦,1
6389,锁,1780,彼,1
6389,锁,4475,纶,1
6389,锁,4552,缆,1
6389,锁,4556,缋,1
6389,锁,6339,铊,1
6389,锁,6342,铍,1
6389,锁,6404,锐,1
6389,锁,6426,锧,1
6389,锁,6456,镇,1
6389,锁,6460,镋,1
6390,锂,6440,锶,1
6392,锄,4554,缈,1
6392,锄,6326,钼,1
6393,锅,1801,循,1
6393,锅,4270,竭,1
6393,锅,4576,缡,1
6393,锅,6298,钠,1
6393,锅,6355,铞,1
6393,锅,6376,铴,1
6393,锅,6419,锟,1
6394,锆,2699,梏,1
6395,锇,6324,钺,1
6395,锇,6348,铖,1
6395,锇,6367,铫,1
6396,锈,5651,话,1
6396,锈,5670,诱,1
6397,锉,4481,纽,1
6397,锉,4485,绁,1
6397,锉,5636,诎,1
6397,锉,6325,钻,1
6397,锉,6394,锆,1
6398,锊,6407,锓,1
6399,锋,4498,绎,1
6399,锋,6423,锤,1
6399,锋,6490,镩,1
6400,锌,213,佯,1
6400,锌,4463,纩,1
6400,锌,4555,缉,1
6400,锌,6370,铮,1
6400,锌,6374,铲,1
6400,锌,6399,锋,1
6404,锐,5373,蜕,1
6404,锐,6360,铣,1
6404,锐,6477,镜,1
6405,锑,4523,绨,1
6405,锑,4578,缣,1
6405,锑,6337,铈,1
6405,锑,6357,铠,1
6408,锔,6280,钌,1
6408,锔,6434,锯,1
6408,锔,6458,镉,1
6411,锗,4525,绪,1
6411,锗,6347,铕,1
6411,锗,6383,铻,1
6411,锗,6412,锘,1
6411,锗,6430,锫,1
6413,错,2286,搭,1
6413,错,3695,瑾,1
6413,错,4565,缕,1
6413,错,6345,铑,1
6413,错,6394,锆,1
6413,错,6410,锖,1
6413,错,6412,锘,1
6413,错,6414,锚,1
6413,错,6438,锴,1
6413,错,6457,镈,1
6413,错,6489,镨,1
6414,锚,6318,钴,1
6414,锚,6382,铺,1
6417,锝,6420,锡,1
6419,锟,6378,银,1
6419,锟,6440,锶,1
6420,锡,4270,竭,1
6420,锡,6355,铞,1
6420,锡,6376,铴,1
6421,锢,6353,铜,1
6422,锣,1778,役,1
6422,锣,4323,筱,1
6422,锣,4581,缦,1
6422,锣,6446,锼,1
6422,锣,6474,镙,1
6423,锤,4558,缍,1
6424,锥,4500,绐,1
6424,锥,4534,维,1
6424,锥,5686,谁,1
6424,锥,6333,铃,1
6424,锥,6361,铤,1
6425,锦,6355,铞,1
6426,锧,6393,锅,1
6426,锧,6442,锸,1
6427,锨,311,做,1
6428,锩,6411,锗,1
6429,锪,6369,铭,1
6429,锪,6440,锶,1
6430,锫,6394,锆,1
6432,锭,1780,彼,1
6432,锭,6372,铰,1
6432,锭,7178,龊,1
6433,键,3519,犍,1
6433,键,3658,琎,1
6433,键,4522,继,1
6433,键,6361,铤,1
6434,锯,3661,琚,1
6434,锯,6394,锆,1
6434,锯,6444,锺,1
6435,锰,4497,绍,1
6435,锰,6494,镭,1
6438,锴,6413,错,1
6438,锴,6436,锱,1
6438,锴,6489,镨,1
6440,锶,6420,锡,1
6440,锶,6429,锪,1
6443,锹,3985,瞅,1
6443,锹,6379,铷,1
6443,锹,7001,鳅,1
6445,锻,6301,钣,1
6445,锻,6342,铍,1
6446,锼,6437,锲,1
6446,锼,6815,馊,1
6447,锾,3683,瑗,1
6449,镀,3193,渡,1
6449,镀,5908,踱,1
6450,镁,6469,镔,1
6450,镁,6485,镤,1
6454,镅,6421,锢,1
6455,镆,6818,馍,1
6456,镇,6455,镆,1
6456,镇,6493,镬,1
6456,镇,6717,项,1
6457,镈,6382,铺,1
6459,镊,3161,淑,1
6460,镋,6404,锐,1
6460,镋,6477,镜,1
6461,镌,6476,镛,1
6462,镍,4530,绰,1
6462,镍,6384,铼,1
6462,镍,6796,饵,1
6463,镎,6370,铮,1
6464,镏,6495,镯,1
6465,镐,4165,福,1
6465,镐,4219,稿,1
6465,镐,4574,缟,1
6465,镐,4576,缡,1
6465,镐,6291,钙,1
6465,镐,6449,镀,1
6465,镐,6810,馅,1
6466,镑,4564,缔,1
6466,镑,6374,铲,1
6466,镑,6400,锌,1
6466,镑,6461,镌,1
6467,镒,6460,镋,1
6469,镔,6432,锭,1
6469,镔,6456,镇,1
6470,镕,3450,熔,1
6470,镕,6412,锘,1
6473,镘,4581,缦,1
6473,镘,6446,锼,1
6473,镘,6822,馒,1
6477,镜,4144,祝,1
6477,镜,4368,篪,1
6477,镜,6401,锍,1
6477,镜,6497,镱,1
6482,镡,6471,镖,1
6484,镣,963,嘹,1
6484,镣,2167,挞,1
6484,镣,6498,镲,1
6485,镤,6451,镂,1
6486,镥,6489,镨,1
6487,镦,2363,敏,1
6492,镫,6397,锉,1
6494,镭,6478,镝,1
6494,镭,6819,馏,1
6495,镯,6474,镙,1
6496,镰,283,倔,1
6496,镰,4542,综,1
6496,镰,4578,缣,1
6498,镲,6471,镖,1
6498,镲,6823,馓,1
6499,镳,6469,镔,1
6501,镵,1604,巉,1
6502,镶,4563,缓,1
6502,镶,4594,缳,1
6502,镶,6501,镵,1
6502,镶,6825,馕,1
6503,长,363,兑,1
6503,长,1210,夭,1
6503,长,3524,犬,1
6503,长,4928,良,1
6504,门,4,万,1
6504,门,1397,宀,1
6506,闪,19,丙,1
6506,闪,392,冈,1
6506,闪,1607,川,1
6506,闪,6509,问,1
6506,闪,6518,闷,1
6506,闪,6760,风,1
6508,闭,4991,苗,1
6508,闭,6544,阑,1
6509,问,678,叼,1
6509,问,2522,月,1
6510,闯,3163,淘,1
6510,闯,6508,闭,1
6510,闯,6524,闽,1
6511,闰,6515,间,1
6511,闰,6521,闺,1
6511,闰,6524,闽,1
6511,闰,6528,阁,1
6513,闲,3742,用,1
6513,闲,3744,甪,1
6514,闳,6521,闺,1
6515,间,2423,旬,1
6515,间,5344,蛔,1
6515,间,5626,诃,1
6515,间,6066,逆,1
6515,间,6511,闰,1
6515,间,6519,闸,1
6515,间,6524,闽,1
6515,间,6528,阁,1
6516,闵,6511,闰,1
6517,闶,6529,阂,1
6517,闶,6532,阅,1
6518,闷,1758,归,1
6518,闷,3011,油,1
6518,闷,6506,闪,1
6518,闷,6509,问,1
6519,闸,6513,闲,1
6519,闸,6524,闽,1
6520,闹,6544,阑,1
6520,闹,6552,阚,1
6521,闺,1011,困,1
6521,闺,1016,固,1
6521,闺,3102,浔,1
6521,闺,6511,闰,1
6521,闺,6524,闽,1
6522,闻,6510,闯,1
6522,闻,6511,闰,1
6522,闻,6519,闸,1
6523,闼,6524,闽,1
6524,闽,6511,闰,1
6524,闽,6514,闳,1
6524,闽,6531,阄,1
6525,闾,6507,闫,1
6525,闾,6521,闺,1
6525,闾,6524,闽,1
6525,闾,6532,阅,1
6526,闿,6521,闺,1
6526,闿,6532,阅,1
6527,阀,1412,宙,1
6527,阀,3744,甪,1
6527,阀,6518,闷,1
6527,阀,6546,阔,1
6528,阁,6521,闺,1
6528,阁,6540,阍,1
6528,阁,6541,阎,1
6529,阂,6524,闽,1
6529,阂,6532,阅,1
6530,阃,6524,闽,1
6532,阅,1010,园,1
6532,阅,6516,闵,1
6532,阅,6533,阆,1
6532,阅,6539,阌,1
6533,阆,6532,阅,1
6535,阈,6513,闲,1
6535,阈,6524,闽,1
6536,阉,6531,阄,1
6536,阉,6532,阅,1
6538,阋,6531,阄,1
6541,阎,6510,闯,1
6541,阎,6520,闹,1
6541,阎,6531,阄,1
6541,阎,6536,阉,1
6541,阎,6540,阍,1
6542,阏,6546,阔,1
6542,阏,6551,阙,1
6543,阐,6520,闹,1
6543,阐,6524,闽,1
6543,阐,6531,阄,1
6543,阐,6544,阑,1
6544,阑,6511,闰,1
6544,阑,6522,闻,1
6544,阑,6531,阄,1
6544,阑,6543,阐,1
6544,阑,6545,阒,1
6545,阒,1018,图,1
6545,阒,6544,阑,1
6546,阔,3141,润,1
6546,阔,3401,烟,1
6546,阔,5688,调,1
6546,阔,6510,闯,1
6546,阔,6515,间,1
6546,阔,6518,闷,1
6546,阔,6527,阀,1
6546,阔,6563,阴,1
6548,阖,6514,闳,1
6548,阖,6534,阇,1
6549,阗,6532,阅,1
6549,阗,6544,阑,1
6552,阚,6520,闹,1
6553,阜,77,争,1
6553,阜,586,卓,1
6553,阜,1428,宰,1
6553,阜,1668,平,1
6553,阜,4876,臬,1
6553,阜,5952,身,1
6554,阝,46,乃,1
6555,队,665,叭,1
6555,队,6557,阢,1
6556,阡,6564,阵,1
6557,阢,6559,阮,1
6559,阮,2417,既,1
6559,阮,3110,浣,1
6559,阮,4744,肮,1
6560,阱,4034,研,1
6561,防,3625,环,1
6561,防,6555,队,1
6561,防,6565,阶,1
6561,防,6573,际,1
6562,阳,607,即,1
6562,阳,6018,辫,1
6562,阳,6566,阻,1
6563,阴,2442,明,1
6563,阴,2530,朗,1
6563,阴,6572,附,1
6564,阵,2136,拣,1
6564,阵,6573,际,1
6565,阶,2044,所,1
6565,阶,6561,防,1
6565,阶,6580,降,1
6566,阻,189,但,1
6566,阻,754,咀,1
6566,阻,5867,跐,1
6566,阻,6560,阱,1
6569,阿,3633,珂,1
6569,阿,6562,阳,1
6569,阿,6564,阵,1
6570,陀,6561,防,1
6570,陀,6589,陧,1
6571,陂,2102,披,1
6572,附,762,咐,1
6572,附,6565,阶,1
6573,际,3050,泺,1
6573,际,6204,酝,1
6573,际,6564,阵,1
6573,际,6572,附,1
6573,际,6609,隙,1
6574,陆,6586,陡,1
6575,陇,767,咙,1
6575,陇,3640,珑,1
6575,陇,3652,球,1
6575,陇,6557,阢,1
6576,陈,417,冻,1
6576,陈,4058,砾,1
6576,陈,4776,胨,1
6576,陈,6572,附,1
6578,陋,6604,随,1
6579,陌,6578,陋,1
6579,陌,6590,陨,1
6580,降,3058,洋,1
6580,降,3172,淬,1
6580,降,6610,障,1
6581,限,6601,隈,1
6581,限,6607,隗,1
6583,陕,3374,炜,1
6585,陟,6586,陡,1
6586,陡,803,哒,1
6586,陡,1793,徒,1
6586,陡,6067,选,1
6586,陡,6585,陟,1
6586,陡,6590,陨,1
6586,陡,6596,陵,1
6587,院,1166,墅,1
6587,院,3411,烷,1
6587,院,6605,隐,1
6588,除,3164,淙,1
6588,除,3205,湃,1
6588,除,6573,际,1
6588,除,6574,陆,1
6588,除,6576,陈,1
6588,除,6591,险,1
6588,除,7034,鸤,1
6590,陨,359,先,1
6590,陨,2197,损,1
6590,陨,6606,隔,1
6590,陨,6715,顷,1
6591,险,1560,峪,1
6591,险,2505,曈,1
6591,险,3392,烂,1
6591,险,6573,际,1
6591,险,6588,除,1
6592,陪,2497,暗,1
6592,陪,3145,涪,1
6592,陪,3423,焙,1
6592,陪,5808,赌,1
6592,陪,6602,隋,1
6594,陲,624,厘,1
6596,陵,836,唛,1
6596,陵,4526,绫,1
6596,陵,5877,跤,1
6597,陶,861,啕,1
6597,陶,865,啤,1
6597,陶,2219,掏,1
6598,陷,5920,蹈,1
6598,陷,6606,隔,1
6599,隅,316,偶,1
6599,隅,883,喁,1
6599,隅,3232,溜,1
6600,隆,6580,降,1
6603,隍,1800,徨,1
6603,隍,1956,惶,1
6603,隍,6600,隆,1
6603,隍,6607,隗,1
6604,随,6096,遁,1
6605,隐,1838,忿,1
6605,隐,3203,游,1
6605,隐,6587,院,1
6608,隘,3235,溢,1
6608,隘,4843,腽,1
6609,隙,2489,晾,1
6609,隙,5904,踪,1
6609,隙,6588,除,1
6609,隙,6592,陪,1
6610,障,6556,阡,1
6610,障,6580,降,1
6611,隧,6570,陀,1
6611,隧,6573,际,1
6614,隶,4720,肃,1
6614,隶,6702,韦,1
6615,隹,204,佞,1
6616,隼,6623,集,1
6617,隽,3222,湾,1
6618,难,1131,堆,1
6618,难,1277,姐,1
6618,难,1942,惟,1
6618,难,2378,整,1
6618,难,4085,碓,1
6618,难,6125,邓,1
6618,难,6764,飓,1
6619,雀,360,光,1
6619,雀,3938,省,1
6619,雀,5170,董,1
6619,雀,5277,藩,1
6620,雁,633,厩,1
6620,雁,2690,桩,1
6620,雁,4085,碓,1
6621,雄,6626,雌,1
6622,雅,2739,椎,1
6623,集,264,俦,1
6623,集,3192,渠,1
6623,集,6250,采,1
6624,雇,1703,庵,1
6624,雇,3173,淮,1
6624,雇,3823,痊,1
6624,雇,6620,雁,1
6626,雌,1538,岭,1
6626,雌,1584,嵊,1
6627,雍,4575,缠,1
6627,雍,6622,雅,1
6628,雎,3969,睚,1
6628,雎,4534,维,1
6629,雏,3972,睢,1
6629,雏,6333,铃,1
6629,雏,6632,雠,1
6629,雏,6892,骺,1
6630,雒,6629,雏,1
6631,雕,1651,帷,1
6631,雕,4902,航,1
6633,雨,42,丽,1
6634,雩,6638,零,1
6634,雩,6641,雾,1
6635,雪,3938,省,1
6637,雳,1642,帛,1
6637,雳,5551,要,1
6637,雳,6634,雩,1
6637,雳,6642,需,1
6638,零,4654,翟,1
6638,零,5551,要,1
6638,零,6636,雯,1
6639,雷,3767,留,1
6640,雹,1623,巷,1
6640,雹,6874,骛,1
6641,雾,478,券,1
6641,雾,6638,零,1
6642,需,896,喘,1
6642,需,6637,雳,1
6642,需,6639,雷,1
6642,需,6641,雾,1
6644,霄,6639,雷,1
6644,霄,6646,震,1
6644,霄,6848,驽,1
6646,震,1433,宸,1
6648,霉,5552,覃,1
6648,霉,6642,需,1
6649,霍,4240,窍,1
6649,霍,5279,藿,1
6649,霍,6254,重,1
6649,霍,6619,雀,1
6649,霍,6646,震,1
6649,霍,6659,露,1
6650,霎,1317,娶,1
6650,霎,3892,皂,1
6650,霎,6648,霉,1
6651,霏,4615,罪,1
6652,霓,367,党,1
6652,霓,405,冤,1
6654,霜,6660,霸,1
6655,霞,6646,震,1
6658,霰,6655,霞,1
6659,露,7172,龄,1
6660,霸,3352,灞,1
6660,霸,5195,蒴,1
6662,霾,6643,霁,1
6663,青,904,喳,1
6663,青,1225,奉,1
6663,青,1461,寿,1
6663,青,5113,菁,1
6664,靓,5556,规,1
6665,靖,4271,端,1
6665,靖,4574,缟,1
6665,靖,6791,饰,1
6665,靖,6978,鲭,1
6666,静,109,亸,1
6666,静,4722,肆,1
6667,靛,4398,粒,1
6667,靛,6664,靓,1
6668,非,800,哏,1
6668,非,1809,忄,1
6668,非,2117,拈,1
6668,非,3378,炬,1
6668,非,4400,粗,1
6668,非,5133,菲,1
6669,靠,97,亦,1
6669,靠,3402,烤,1
6670,靡,4429,糜,1
6671,面,188,佃,1
6671,面,664,召,1
6671,面,3746,甬,1
6671,面,3891,百,1
6671,面,5550,西,1
6673,革,4938,节,1
6673,革,4941,芊,1
6673,革,4942,芋,1
6673,革,4948,芗,1
6673,革,5066,荣,1
6673,革,5101,莱,1
6674,靰,4744,肮,1
6675,靳,5128,菥,1
6675,靳,5248,蕲,1
6676,靴,6176,郸,1
6677,靶,6674,靰,1
6682,靿,543,勤,1
6683,鞁,6675,靳,1
6683,鞁,6678,靸,1
6684,鞅,5974,轶,1
6684,鞅,6676,靴,1
6684,鞅,6678,靸,1
6685,鞋,583,协,1
6685,鞋,2666,桂,1
6686,鞍,1774,彰,1
6688,鞒,6185,鄞,1
6688,鞒,6684,鞅,1
6690,鞘,6675,靳,1
6690,鞘,6694,鞧,1
6691,鞠,1274,姆,1
6695,鞨,7068,鹈,1
6698,鞯,6690,鞘,1
6700,鞴,6699,鞲,1
6702,韦,34,丰,1
6702,韦,35,串,1
6702,韦,1740,弗,1
6702,韦,4978,苇,1
6704,韨,2126,拔,1
6707,韫,2265,揾,1
6709,韭,1926,悲,1
6709,韭,3612,玖,1
6709,韭,5133,菲,1
6709,韭,6668,非,1
6710,音,2445,昔,1
6710,音,5572,觜,1
6710,音,5581,言,1
6711,韵,5753,豹,1
6711,韵,6408,锔,1
6713,页,361,克,1
6713,页,736,员,1
6713,页,1692,庚,1
6713,页,5765,贡,1
6714,顶,1104,埂,1
6714,顶,2197,损,1
6715,顷,1040,圻,1
6715,顷,6717,项,1
6717,项,2841,次,1
6717,项,6715,顷,1
6718,顺,839,唢,1
6718,顺,846,唯,1
6718,顺,1631,师,1
6718,顺,6715,顷,1
6719,须,4478,纹,1
6719,须,4491,织,1
6719,须,4572,缜,1
6719,须,6789,饮,1
6720,顼,6721,顽,1
6721,顽,3612,玖,1
6721,顽,6732,颈,1
6722,顾,2845,欧,1
6722,顾,6590,陨,1
6723,顿,1268,妮,1
6723,顿,6722,顾,1
6725,颁,2844,欤,1
6725,颁,6304,钦,1
6726,颂,6719,须,1
6726,颂,6725,颁,1
6727,颃,6732,颈,1
6728,预,4009,矜,1
6728,预,5215,蓣,1
6728,预,6716,顸,1
6728,预,6854,骄,1
6729,颅,6719,须,1
6730,领,2368,敛,1
6730,领,3726,瓴,1
6730,领,6031,迎,1
6730,领,6732,颈,1
6731,颇,4587,缬,1
6732,颈,303,倾,1
6732,颈,2355,改,1
6732,颈,4031,砍,1
6732,颈,4067,硕,1
6732,颈,6720,顼,1
6732,颈,6726,颂,1
6732,颈,6739,颐,1
6734,颊,3403,烦,1
6734,颊,3626,现,1
6734,颊,5556,规,1
6736,颌,4067,硕,1
6736,颌,6725,颁,1
6737,颍,6743,颖,1
6739,颐,2845,欧,1
6739,颐,4873,臣,1
6740,频,1590,嵚,1
6740,频,5558,视,1
6740,频,6737,颍,1
6741,颓,6719,须,1
6741,颓,6727,颃,1
6741,颓,6740,频,1
6743,颖,2847,欷,1
6743,颖,2848,欸,1
6743,颖,3785,疑,1
6743,颖,5973,轵,1
6743,颖,6740,频,1
6744,颗,6746,颙,1
6745,题,560,匙,1
6745,题,5844,超,1
6745,题,6746,颙,1
6747,颚,6180,鄂,1
6747,颚,6634,雩,1
6749,颜,6727,颃,1
6749,颜,6739,颐,1
6750,额,2362,敌,1
6750,额,2846,欲,1
6750,额,6749,颜,1
6750,额,6755,颢,1
6750,额,6756,颤,1
6750,额,6757,颥,1
6753,颠,6759,颧,1
6755,颢,1775,影,1
6756,颤,3734,甑,1
6758,颦,4381,簟,1
6759,颧,5256,薇,1
6759,颧,6739,颐,1
6760,风,158,伍,1
6760,风,432,凡,1
6760,风,433,凤,1
6761,飐,6766,飕,1
6763,飒,1615,巩,1
6763,飒,4646,翊,1
6763,飒,6285,钒,1
6771,飞,2512,曰,1
6772,食,139,令,1
6772,食,1833,念,1
6772,食,1838,忿,1
6773,飧,704,吣,1
6774,飨,4543,绽,1
6778,饔,5096,莨,1
6778,饔,5531,褒,1
6779,饕,5504,装,1
6780,饣,126,仑,1
6780,饣,551,包,1
6781,饥,5599,讥,1
6786,饫,5860,跃,1
6787,饬,6784,饩,1
6788,饭,6789,饮,1
6789,饮,138,代,1
6789,饮,4272,竹,1
6789,饮,5308,蚀,1
6789,饮,5629,识,1
6789,饮,5859,趿,1
6789,饮,6304,钦,1
6789,饮,6788,饭,1
6789,饮,6792,饱,1
6790,饯,3088,浅,1
6790,饯,6351,铙,1
6790,饯,6797,饶,1
6792,饱,6795,饴,1
6793,饲,4013,矧,1
6793,饲,4481,纽,1
6794,饳,4059,础,1
6795,饴,6354,铝,1
6796,饵,3075,洱,1
6797,饶,292,倦,1
6797,饶,1149,塃,1
6797,饶,3090,浇,1
6797,饶,5886,跷,1
6797,饶,6784,饩,1
6799,饸,5651,话,1
6799,饸,6809,馄,1
6800,饹,6813,馈,1
6801,饺,2355,改,1
6801,饺,5349,蛟,1
6801,饺,6372,铰,1
6801,饺,6788,饭,1
6804,饽,6812,馇,1
6805,饿,4072,硪,1
6805,饿,6395,锇,1
6806,馀,5806,赊,1
6806,馀,6405,锑,1
6807,馁,4520,绥,1
6807,馁,6801,饺,1
6807,馁,6806,馀,1
6808,馃,6418,锞,1
6809,馄,6335,铅,1
6809,馄,6419,锟,1
6811,馆,3672,琯,1
6811,馆,4544,绾,1
6813,馈,6800,饹,1
6816,馋,5707,谗,1
6816,馋,6470,镕,1
6817,馌,5308,蚀,1
6818,馍,2498,暝,1
6818,馍,6797,饶,1
6818,馍,6821,馑,1
6819,馏,3232,溜,1
6819,馏,4121,礌,1
6819,馏,5927,蹓,1
6822,馒,1660,幔,1
6822,馒,1985,慢,1
6822,馒,6473,镘,1
6822,馒,6815,馊,1
6826,首,3746,甬,1
6826,首,4727,肓,1
6826,首,4748,肴,1
6826,首,4875,自,1
6826,首,4889,舌,1
6826,首,4994,苜,1
6826,首,5634,诌,1
6826,首,6195,酋,1
6827,馗,3814,疽,1
6829,香,14,专,1
6829,香,727,告,1
6829,香,1817,忑,1
6829,香,3773,番,1
6829,香,4174,禾,1
6829,香,4177,秃,1
6829,香,7058,鸾,1
6832,马,52,乌,1
6832,马,1759,当,1
6832,马,1895,恳,1
6832,马,3891,百,1
6833,驭,648,叔,1
6833,驭,6146,邹,1
6834,驮,2856,歌,1
6834,驮,3638,珏,1
6835,驯,5606,训,1
6836,驰,1244,她,1
6837,驱,5954,躯,1
6837,驱,6868,骓,1
6839,驴,3003,沪,1
6842,驷,3028,泗,1
6843,驸,762,咐,1
6843,驸,6572,附,1
6844,驹,6839,驴,1
6846,驻,1746,弦,1
6846,驻,5996,辌,1
6846,驻,6833,驭,1
6846,驻,6847,驼,1
6846,驻,6868,骓,1
6847,驼,6846,驻,1
6847,驼,6851,骀,1
6848,驽,1386,孥,1
6849,驾,5992,辈,1
6849,驾,6848,驽,1
6851,骀,3946,眙,1
6851,骀,6864,骏,1
6852,骁,6351,铙,1
6853,骂,825,哼,1
6853,骂,1386,孥,1
6853,骂,1518,岁,1
6853,骂,1624,巽,1
6853,骂,1759,当,1
6853,骂,6849,驾,1
6854,骄,5983,轿,1
6856,骆,4063,硌,1
6856,骆,5882,路,1
6856,骆,6861,验,1
6857,骇,1746,弦,1
6857,骇,6859,骊,1
6858,骈,2152,拼,1
6858,骈,4578,缣,1
6861,验,2871,殄,1
6861,验,2879,殓,1
6861,验,4779,胫,1
6861,验,5985,辁,1
6861,验,6591,险,1
6861,验,6846,驻,1
6862,骍,3489,牂,1
6862,骍,6858,骈,1
6863,骎,266,俩,1
6863,骎,6880,骡,1
6864,骏,5784,贴,1
6865,骐,6884,骥,1
6866,骑,6845,驺,1
6867,骒,5898,踝,1
6868,骓,6622,雅,1
6870,骗,4094,碥,1
6874,骛,7097,鹭,1
6875,骜,6874,骛,1
6877,骞,5919,蹇,1
6877,骞,7044,鸯,1
6878,骟,6870,骗,1
6880,骡,6883,骤,1
6880,骡,7011,鳏,1
6886,骨,2441,昌,1
6886,骨,4993,苛,1
6891,骸,2854,歇,1
6891,骸,4913,舷,1
6891,骸,6887,骰,1
6891,骸,6899,髌,1
6893,骼,6212,酩,1
6895,髁,6894,髀,1
6895,髁,6897,髅,1
6896,髂,4423,糌,1
6896,髂,6631,雕,1
6896,髂,6899,髌,1
6897,髅,7070,鹊,1
6899,髌,4168,禧,1
6902,高,101,享,1
6902,高,2519,曾,1
6907,髭,6905,髦,1
6911,鬃,6269,鏊,1
6911,鬃,6906,髫,1
6911,鬃,7082,鹜,1
6912,鬈,6906,髫,1
6914,鬓,6911,鬃,1
6914,鬓,6915,鬟,1
6915,鬟,4714,聚,1
6917,鬯,445,凼,1
6921,鬼,1943,惠,1
6921,鬼,5477,衷,1
6922,魁,6926,魅,1
6923,魂,2411,旎,1
6923,魂,3692,瑰,1
6923,魂,4512,绝,1
6923,魂,5687,谂,1
6924,魃,6926,魅,1
6925,魄,3974,睥,1
6928,魇,1454,寮,1
6930,魉,6578,陋,1
6932,魏,1341,媳,1
6932,魏,1605,巍,1
6932,魏,6006,辖,1
6932,魏,6907,髭,1
6934,魔,7104,鹿,1
6935,鱼,23,丝,1
6935,鱼,1014,囵,1
6935,鱼,2896,每,1
6935,鱼,6671,面,1
6935,鱼,7184,龟,1
6937,鱾,6942,鲃,1
6940,鲁,387,兽,1
6945,鲇,6943,鲅,1
6946,鲈,4463,纩,1
6946,鲈,5971,轳,1
6946,鲈,6839,驴,1
6949,鲋,5870,跗,1
6949,鲋,6970,鲥,1
6951,鲍,4042,砣,1
6951,鲍,4475,纶,1
6951,鲍,5868,跑,1
6951,鲍,6942,鲃,1
6952,鲎,1130,堂,1
6953,鲏,6342,铍,1
6954,鲐,6945,鲇,1
6956,鲒,6955,鲑,1
6961,鲛,4035,砖,1
6961,鲛,6953,鲏,1
6962,鲜,4494,绊,1
6962,鲜,7024,鳞,1
6966,鲡,6227,酾,1
6968,鲣,6387,铿,1
6968,鲣,6996,鳀,1
6969,鲤,726,呈,1
6969,鲤,5478,衽,1
6969,鲤,6390,锂,1
6969,鲤,6968,鲣,1
6969,鲤,6996,鳀,1
6969,鲤,7003,鳇,1
6970,鲥,6949,鲋,1
6971,鲦,6955,鲑,1
6972,鲧,3331,激,1
6973,鲨,1581,崽,1
6973,鲨,4369,篮,1
6974,鲩,5905,踬,1
6974,鲩,6989,鲸,1
6974,鲩,6998,鳂,1
6976,鲫,6936,鱽,1
6980,鲯,6248,醺,1
6980,鲯,6317,钳,1
6984,鲳,5920,蹈,1
6987,鲶,5891,跽,1
6987,鲶,6972,鲧,1
6988,鲷,4538,绸,1
6989,鲸,4212,稣,1
6989,鲸,4879,致,1
6989,鲸,6987,鲶,1
6989,鲸,7013,鳑,1
6989,鲸,7025,鳟,1
6991,鲺,5458,衄,1
6995,鲾,6918,鬲,1
6997,鳁,6984,鲳,1
6998,鳂,4553,缇,1
6999,鳃,6951,鲍,1
7000,鳄,7013,鳑,1
7001,鳅,6995,鲾,1
7003,鳇,6969,鲤,1
7004,鳈,407,冫,1
7004,鳈,4212,稣,1
7004,鳈,6996,鳀,1
7005,鳉,6935,鱼,1
7006,鳊,5915,蹁,1
7006,鳊,6878,骟,1
7006,鳊,6978,鲭,1
7008,鳌,1649,帮,1
7008,鳌,6269,鏊,1
7009,鳍,6978,鲭,1
7009,鳍,7016,鳕,1
7009,鳍,7028,鳤,1
7010,鳎,6983,鲲,1
7012,鳐,5443,蟹,1
7012,鳐,6972,鲧,1
7013,鳑,4432,糨,1
7016,鳕,7020,鳙,1
7017,鳖,3973,督,1
7017,鳖,3994,瞥,1
7019,鳘,7017,鳖,1
7023,鳝,6975,鲪,1
7029,鸟,6832,马,1
7030,鸠,7033,鸣,1
7030,鸠,7039,鸪,1
7031,鸡,7033,鸣,1
7031,鸡,7035,鸥,1
7032,鸢,1466,尊,1
7033,鸣,701,吟,1
7033,鸣,775,咨,1
7033,鸣,793,哆,1
7033,鸣,840,唣,1
7035,鸥,2845,欧,1
7035,鸥,7034,鸤,1
7035,鸥,7046,鸱,1
7035,鸥,7060,鹀,1
7036,鸦,3674,琳,1
7036,鸦,4222,穆,1
7036,鸦,5979,轻,1
7036,鸦,6135,邪,1
7036,鸦,7031,鸡,1
7036,鸦,7043,鸮,1
7038,鸩,7039,鸪,1
7038,鸩,7066,鹆,1
7039,鸪,7064,鹄,1
7040,鸫,6695,鞨,1
7040,鸫,7036,鸦,1
7042,鸭,5310,蚂,1
7042,鸭,6398,锊,1
7044,鸯,2148,拳,1
7044,鸯,2898,毒,1
7045,鸰,7057,鸽,1
7046,鸱,7035,鸥,1
7047,鸲,1202,够,1
7048,鸳,6849,驾,1
7048,鸳,7051,鸷,1
7048,鸳,7058,鸾,1
7048,鸳,7082,鹜,1
7049,鸵,7075,鹐,1
7052,鸸,6230,醇,1
7052,鸸,7062,鹂,1
7053,鸹,7039,鸪,1
7054,鸺,7055,鸻,1
7055,鸻,2290,搿,1
7055,鸻,5460,行,1
7055,鸻,7089,鹤,1
7056,鸼,7067,鹇,1
7057,鸽,1792,徐,1
7057,鸽,6306,钨,1
7057,鸽,7059,鸿,1
7057,鸽,7064,鹄,1
7058,鸾,5353,蛮,1
7058,鸾,7051,鸷,1
7059,鸿,3051,泻,1
7059,鸿,3158,淋,1
7059,鸿,3647,珩,1
7060,鹀,3615,玛,1
7062,鹂,7052,鸸,1
7063,鹃,489,削,1
7063,鹃,3899,皑,1
7063,鹃,7056,鸼,1
7063,鹃,7079,鹘,1
7063,鹃,7083,鹝,1
7065,鹅,1252,妈,1
7065,鹅,2490,暂,1
7065,鹅,2702,梢,1
7065,鹅,7067,鹇,1
7065,鹅,7069,鹉,1
7066,鹆,7057,鸽,1
7066,鹆,7064,鹄,1
7069,鹉,7065,鹅,1
7070,鹊,4027,码,1
7070,鹊,5114,菂,1
7070,鹊,6712,韶,1
7070,鹊,7077,鹕,1
7070,鹊,7083,鹝,1
7071,鹋,7061,鹁,1
7071,鹋,7070,鹊,1
7073,鹎,3506,牮,1
7073,鹎,7072,鹌,1
7074,鹏,467,删,1
7075,鹐,7059,鸿,1
7075,鹐,7063,鹃,1
7076,鹑,7073,鹎,1
7077,鹕,7062,鹂,1
7077,鹕,7076,鹑,1
7078,鹗,7077,鹕,1
7080,鹚,7078,鹗,1
7081,鹛,7063,鹃,1
7081,鹛,7080,鹚,1
7082,鹜,7081,鹛,1
7083,鹝,7036,鸦,1
7083,鹝,7086,鹠,1
7084,鹞,7082,鹜,1
7087,鹡,1577,崩,1
7088,鹣,7084,鹞,1
7089,鹤,7072,鹌,1
7089,鹤,7174,龆,1
7090,鹦,7074,鹏,1
7090,鹦,7084,鹞,1
7091,鹧,7088,鹣,1
7092,鹨,7091,鹧,1
7093,鹩,6666,静,1
7093,鹩,7092,鹨,1
7094,鹪,7093,鹩,1
7095,鹫,7094,鹪,1
7096,鹬,7081,鹛,1
7096,鹬,7095,鹫,1
7099,鹰,3348,瀹,1
7100,鹱,1249,妄,1
7104,鹿,569,匮,1
7104,鹿,3279,漉,1
7104,鹿,7105,麂,1
7105,麂,7104,鹿,1
7106,麇,3342,瀍,1
7106,麇,4405,粟,1
7106,麇,4429,糜,1
7106,麇,7107,麈,1
7110,麓,1570,崖,1
7111,麝,7108,麋,1
7113,麦,1228,奏,1
7113,麦,3478,爰,1
7113,麦,3904,皮,1
7113,麦,5470,表,1
7114,麴,3744,甪,1
7115,麸,5322,蚨,1
7115,麸,6834,驮,1
7116,麻,950,嘛,1
7116,麻,1648,席,1
7118,麾,4113,磨,1
7119,黄,1903,恿,1
7119,黄,1957,惹,1
7119,黄,5170,董,1
7119,黄,5265,薰,1
7119,黄,5397,蝗,1
7120,黇,5248,蕲,1
7121,黉,4640,羹,1
7122,黍,61,乘,1
7122,黍,2538,本,1
7122,黍,3043,泰,1
7122,黍,4177,秃,1
7125,黑,965,嘿,1
7125,黑,1429,害,1
7125,黑,2456,昱,1
7127,默,3764,畎,1
7129,黜,7127,默,1
7129,黜,7134,黥,1
7131,黟,1204,夥,1
7134,黥,5428,螵,1
7134,黥,7136,黩,1
7134,黥,7138,黯,1
7137,黪,5882,路,1
7137,黪,6886,骨,1
7138,黯,3278,漆,1
7138,黯,6229,醅,1
7142,黾,5305,虽,1
7148,鼓,5831,赦,1
7151,鼠,6809,馄,1
7152,鼢,3936,盼,1
7158,鼷,5922,蹊,1
7158,鼷,7159,鼹,1
7159,鼹,1317,娶,1
7159,鼹,7156,鼯,1
7160,鼻,6256,量,1
7163,齁,7157,鼱,1
7165,齉,7163,齁,1
7166,齐,713,启,1
7166,齐,6710,音,1
7168,齿,72,乱,1
7168,齿,1532,岜,1
7170,龁,7165,齉,1
7170,龁,7172,龄,1
7172,龄,6667,靛,1
7176,龈,7178,龊,1
7177,龉,7172,龄,1
7178,龊,7171,龃,1
7179,龋,5913,踽,1
7179,龋,7152,鼢,1
7181,龙,431,几,1
7181,龙,432,凡,1
7181,龙,1477,尤,1
7181,龙,1487,尼,1
7181,龙,2015,戊,1
7181,龙,2918,氏,1
7182,龚,4284,笔,1
7184,龟,106,亳,1
7184,龟,551,包,1
7184,龟,3892,皂,1
7184,龟,4878,至,1
7184,龟,6921,鬼,1
7185,龠,1443,富,1
