target,target_label,prediction,prediction_label,count
656,口,999,囗,66
1370,子,1371,孑,64
3623,玫,3616,玟,47
51,之,6021,辶,42
2780,榛,2764,楱,41
3083,洼,5644,诖,40
1184,士,598,卤,38
6397,锉,4016,矬,38
1027,土,598,卤,37
3113,浩,5669,诰,35
5666,语,3116,浯,35
1619,己,1620,已,34
2512,曰,2418,日,34
3864,瘦,3853,瘐,34
5620,讽,3001,沨,34
3063,洗,418,冼,33
5483,袄,4134,祆,33
3970,睛,2485,晴,32
5680,读,3184,渎,32
480,刺,490,剌,31
5595,计,2947,汁,31
5649,诛,3064,洙,31
5677,诸,3190,渚,30
5719,谤,3250,滂,30
5106,获,5107,莸,29
5697,谍,3198,渫,29
3099,浑,5662,诨,28
3284,漠,5714,谟,28
3481,父,2352,攵,28
7033,鸣,739,呜,28
2962,江,5601,讧,27
3055,洁,5646,诘,27
1456,寸,2053,扌,26
3013,沼,5637,诏,26
5732,谱,3315,潽,26
3014,沽,5625,诂,25
5700,谐,3216,湝,25
5651,话,3082,活,24
7030,鸠,7038,鸩,24
1210,夭,1206,天,23
1620,已,1619,己,23
1829,快,1849,怏,23
2074,扶,2083,抉,23
2418,日,2512,曰,23
2496,暖,2499,暧,23
4996,苟,4992,苘,23
5671,诲,3118,海,23
660,叨,678,叼,22
1620,已,1621,巳,22
2956,汕,5604,讪,22
2997,沤,5612,讴,22
3235,溢,5720,谥,22
3275,滴,5725,谪,22
4747,育,4727,肓,22
6333,铃,6302,钤,22
576,千,1667,干,21
2946,汀,5596,订,21
2949,汆,2945,氽,21
2957,汗,5600,讦,21
5524,裸,4158,祼,21
2235,掰,2290,搿,20
2947,汁,5595,计,20
3012,治,5640,诒,20
3066,洛,3081,洺,20
4001,瞳,2505,曈,20
5656,询,3079,洵,20
5728,谭,3307,潭,20
2987,沐,3005,沭,19
3035,波,5638,诐,19
3039,泪,2966,汨,19
3063,洗,5650,诜,19
3172,淬,5692,谇,19
5674,诵,3125,涌,19
5693,谈,3168,淡,19
3902,皙,2484,晳,18
4947,芒,4952,芝,18
5034,茫,5039,茳,18
5596,订,2946,汀,18
5639,译,3053,泽,18
5676,请,3180,清,18
5703,谓,3199,渭,18
5828,赢,5445,蠃,18
5864,跌,5856,趺,18
6213,酪,6212,酩,18
6721,顽,6727,颃,18
1208,夫,1209,夬,17
2975,汽,2955,汔,17
2995,没,5621,设,17
3118,海,5671,诲,17
4338,算,4332,箅,17
4411,粱,2695,梁,17
4436,系,4435,糸,17
5249,蕴,5247,蕰,17
5686,谁,3173,淮,17
6576,陈,6564,阵,17
1144,堤,2249,提,16
1277,姐,1270,妲,16
2436,昂,2457,昴,16
3009,河,5626,诃,16
3123,消,5667,诮,16
3175,淳,5691,谆,16
4265,竟,4264,竞,16
4744,肮,2524,朊,16
5628,诅,3006,沮,16
6085,逢,6064,逄,16
79,二,92,亠,15
99,亨,101,享,15
192,住,6615,隹,15
199,余,198,佘,15
449,刁,448,刀,15
739,呜,7033,鸣,15
1796,徘,4529,绯,15
2908,毫,106,亳,15
3104,浙,3155,淅,15
3180,清,5676,请,15
3191,渝,5705,谕,15
3199,渭,5703,谓,15
3288,漫,5724,谩,15
3623,玫,3612,玖,15
4725,肋,523,助,15
5605,讫,2955,汔,15
5652,诞,3126,涎,15
5691,谆,3175,淳,15
5724,谩,3288,漫,15
60,乖,61,乘,14
678,叼,660,叨,14
2370,敞,2369,敝,14
4934,艺,4946,芑,14
5019,茉,5038,茱,14
5042,茶,5082,荼,14
5621,设,2995,没,14
5731,谰,3322,澜,14
415,冶,3012,治,13
719,吹,735,呗,13
842,唧,877,啷,13
1185,壬,3608,王,13
1621,巳,1620,已,13
1742,弛,6836,驰,13
1807,徽,1803,微,13
2105,抵,2076,扺,13
2626,查,2573,杳,13
2958,汛,5608,讯,13
3006,沮,5628,诅,13
3082,活,5651,话,13
3125,涌,5674,诵,13
3935,盹,4742,肫,13
4264,竞,4265,竟,13
54,乎,2052,手,12
93,亡,5594,讠,12
396,冒,2441,昌,12
1784,径,4499,经,12
2228,控,2163,挖,12
2485,晴,3970,睛,12
2537,末,2536,未,12
2967,汩,2966,汨,12
2977,沁,3022,泌,12
3062,洒,6201,酒,12
3126,涎,5652,诞,12
3214,湛,5696,谌,12
3736,甘,1726,廿,12
3789,疗,3787,疔,12
5041,茵,5118,菌,12
50,义,45,乂,11
57,乒,380,兵,11
129,仕,151,任,11
1045,坊,1032,圬,11
2014,戈,1735,弋,11
2104,抱,2098,抢,11
2945,氽,2949,汆,11
2999,沦,5618,论,11
3173,淮,5686,谁,11
4769,胜,4808,脞,11
4951,芜,4961,芫,11
5106,获,5081,荻,11
5199,蒽,5179,葸,11
5608,讯,2958,汛,11
5660,详,3058,洋,11
5787,贷,5771,货,11
6026,迂,6025,迁,11
7029,鸟,52,乌,11
415,冶,5640,诒,10
490,剌,480,刺,10
578,升,1727,开,10
807,哗,805,哔,10
1797,徙,1793,徒,10
1888,恩,1857,思,10
1934,惊,1933,惇,10
2966,汨,2967,汩,10
3021,泊,3060,洎,10
3151,涸,3057,洇,10
3156,淆,3108,浠,10
3168,淡,5693,谈,10
3202,渴,5702,谒,10
3258,滔,5689,谄,10
3814,疽,3811,疸,10
3823,痊,3805,疰,10
3930,盯,4697,耵,10
3972,睢,6628,雎,10
4146,祟,1567,崇,10
4508,给,4500,绐,10
4517,绢,3128,涓,10
4628,羔,1880,恙,10
4741,肪,4734,肟,10
5040,茴,4992,苘,10
5615,讷,2969,汭,10
5618,论,2999,沦,10
5702,谒,3202,渴,10
6032,运,6040,远,10
6237,醒,6219,酲,10
6423,锤,6444,锺,10
66,也,63,乜,9
152,份,172,伤,9
164,优,160,伏,9
355,元,2416,无,9
370,入,372,八,9
416,冷,3033,泠,9
423,凇,3166,淞,9
615,厂,2,丁,9
639,叁,640,参,9
684,合,375,兮,9
1056,坝,1048,坎,9
1477,尤,1476,尢,9
1709,庾,1712,廋,9
2083,抉,2074,扶,9
2141,拨,2126,拔,9
2350,支,2351,攴,9
2466,晌,798,响,9
2485,晴,4818,腈,9
2585,析,2092,折,9
2612,柏,2680,桕,9
2624,柠,2140,拧,9
2631,柱,2675,桎,9
2642,栋,2644,栎,9
2667,桃,2162,挑,9
2818,橇,2321,撬,9
2962,江,2950,汇,9
3853,瘐,3864,瘦,9
4008,矛,76,予,9
4296,第,4295,笫,9
4492,终,205,佟,9
4595,缴,1806,徼,9
4754,肿,4757,胂,9
4952,芝,4947,芒,9
5372,蜓,5371,蜒,9
5388,蜻,5409,蝽,9
5634,诌,5689,谄,9
5668,误,3160,淏,9
5736,谵,3329,澹,9
5828,赢,1367,嬴,9
6054,述,6073,逑,9
6331,铁,6349,铗,9
6563,阴,6562,阳,9
162,休,195,体,8
279,倍,262,信,8
431,几,352,儿,8
446,函,445,凼,8
646,反,118,仅,8
777,咪,746,味,8
1228,奏,4189,秦,8
1349,嫒,1338,媛,8
1471,尖,1472,尘,8
1562,峰,1549,峄,8
1667,干,576,千,8
1686,库,622,厍,8
1850,怒,1879,恕,8
1905,悄,1941,惝,8
2018,戍,2017,戌,8
2018,戍,2021,成,8
2086,抒,2577,杼,8
2352,攵,1191,夂,8
2428,旱,2422,早,8
2536,未,2537,末,8
2542,朴,2056,扑,8
2666,桂,2157,挂,8
2693,桶,2694,桷,8
2736,椅,2218,掎,8
2905,毛,48,乇,8
3053,泽,5639,译,8
3307,潭,5728,谭,8
3476,爪,3717,瓜,8
3479,爱,3478,爰,8
3481,父,1191,夂,8
4262,竖,1053,坚,8
4479,纺,1777,彷,8
4527,续,3184,渎,8
4811,脯,2477,晡,8
4854,膛,3992,瞠,8
5109,莺,5023,茑,8
5116,菇,5044,茹,8
5258,薛,5259,薜,8
5395,蝎,5447,蠋,8
5560,览,4285,笕,8
5690,谅,5691,谆,8
5896,踏,5924,蹐,8
6017,辩,6018,辫,8
6025,迁,6026,迂,8
6193,酉,5550,西,8
6201,酒,3062,洒,8
6368,铬,6369,铭,8
6399,锋,6343,铎,8
6760,风,392,冈,8
7049,鸵,4911,舵,8
40,为,514,力,7
47,久,1191,夂,7
86,五,3608,王,7
102,京,101,享,7
118,仅,646,反,7
146,仲,183,伸,7
172,伤,152,份,7
183,伸,146,仲,7
246,便,221,使,7
262,信,279,倍,7
352,儿,431,几,7
364,兔,362,免,7
419,冽,3059,洌,7
438,凳,3889,登,7
701,吟,741,呤,7
758,咋,2453,昨,7
1003,回,1001,四,7
1048,坎,1056,坝,7
1118,域,1108,城,7
1271,妹,1286,姝,7
1426,宫,1411,官,7
1477,尤,3524,犬,7
1483,尸,601,卩,7
1619,己,62,乙,7
1699,度,1682,庋,7
1726,廿,3736,甘,7
1796,徘,272,俳,7
1958,惺,1914,悝,7
2135,拢,2072,扰,7
2183,挽,2199,换,7
2198,捡,2154,拾,7
2423,旬,658,句,7
2452,昧,746,味,7
2453,昨,4766,胙,7
2539,札,2055,扎,7
2564,来,2561,束,7
2564,来,4677,耒,7
2581,构,2607,枸,7
2645,栏,2139,拦,7
2693,桶,2186,捅,7
2753,楔,2260,揳,7
2817,橄,2316,撖,7
2894,毋,2895,母,7
2918,氏,2919,氐,7
2921,氓,3042,泯,7
3012,治,415,冶,7
3030,泛,3033,泠,7
3039,泪,3006,沮,7
3058,洋,5660,详,7
3123,消,3159,淌,7
3153,淀,3107,浞,7
3161,淑,3226,溆,7
3322,澜,5731,谰,7
3608,王,86,五,7
3616,玟,3623,玫,7
3623,玫,2355,改,7
3755,甸,2423,旬,7
3908,皿,1001,四,7
3932,盲,4727,肓,7
4024,矾,4039,砜,7
4080,碉,4065,硐,7
4144,祝,5558,视,7
4191,秩,4190,秧,7
4405,粟,2650,栗,7
4521,绦,3140,涤,7
4524,绩,4556,缋,7
4588,缭,3306,潦,7
4675,耍,5551,要,7
4735,肠,2432,旸,7
4815,脸,3968,睑,7
5003,苫,5002,苦,7
5033,茨,4954,芡,7
5044,茹,5116,菇,7
5056,荒,5045,茺,7
5096,莨,5029,茛,7
5145,萎,5186,蒌,7
5467,衣,5468,衤,7
5690,谅,424,凉,7
5735,谴,6110,遣,7
5797,赁,435,凭,7
5868,跑,5861,跄,7
5877,跤,5890,跻,7
5979,轻,5982,轾,7
6305,钧,6307,钩,7
6369,铭,6368,铬,7
6562,阳,6563,阴,7
6598,陷,6579,陌,7
6665,靖,5676,请,7
6849,驾,2605,架,7
6853,骂,4276,笃,7
6961,鲛,6960,鲚,7
3,七,45,乂,6
15,且,2419,旦,6
22,东,5958,车,6
49,么,1672,幺,6
51,之,93,亡,6
58,乓,380,兵,6
68,乡,1765,彡,6
81,于,1667,干,6
371,全,134,仝,6
382,具,638,县,6
414,况,418,冼,6
418,冼,3063,洗,6
433,凤,6760,风,6
523,助,4725,肋,6
525,劫,608,却,6
539,勒,543,勤,6
599,卦,6279,钋,6
757,咆,738,呛,6
999,囗,656,口,6
1011,困,1007,团,6
1063,坨,1086,垞,6
1155,塔,2286,搭,6
1384,季,2553,李,6
1557,峦,1875,恋,6
1822,忙,2565,杧,6
1903,恿,1886,恧,6
1988,慨,2770,概,6
2097,抡,2098,抢,6
2098,抢,2097,抡,6
2152,拼,2652,栟,6
2194,捐,2251,揖,6
2422,早,2428,旱,6
2430,时,4729,肘,6
2453,昨,758,咋,6
2457,昴,2436,昂,6
2495,暑,4618,署,6
2537,末,4677,耒,6
2554,杏,2573,杳,6
2556,村,2555,材,6
2569,杭,2091,抗,6
2570,杯,2088,抔,6
2587,林,2555,材,6
2591,枝,2080,技,6
2631,柱,2113,拄,6
2632,柳,2085,抑,6
2648,栓,2149,拴,6
2737,椋,2735,椁,6
2768,楼,2269,搂,6
2781,榜,2275,搒,6
2803,槽,4430,糟,6
2813,樱,2310,撄,6
3003,沪,3049,泸,6
3009,河,6509,问,6
3012,治,3015,沾,6
3039,泪,3060,洎,6
3053,泽,3065,洚,6
3113,浩,3055,洁,6
3127,涑,3134,涞,6
3145,涪,3116,浯,6
3213,湘,4549,缃,6
3291,漱,3334,濑,6
3447,熄,3453,熜,6
3694,瑷,3683,瑗,6
3803,疮,3806,疱,6
3909,盂,1382,孟,6
3949,眠,3962,眼,6
3956,眯,2452,昧,6
4050,砰,4021,矸,6
4134,祆,5483,袄,6
4260,立,6021,辶,6
4431,糠,4426,糖,6
4456,红,5601,讧,6
4461,级,2971,汲,6
4468,纯,2985,沌,6
4476,纷,2976,汾,6
4488,组,1783,徂,6
4490,细,188,佃,6
4513,绞,219,佼,6
4517,绢,4516,绡,6
4517,绢,4555,缉,6
4530,绰,3162,淖,6
4533,绳,3186,渑,6
4543,绽,3153,淀,6
4566,编,309,偏,6
4618,署,2495,暑,6
4729,肘,2430,时,6
4764,胖,4802,脒,6
5118,菌,5041,茵,6
5119,菏,4992,苘,6
5485,袆,4137,祎,6
5550,西,6193,酉,6
5569,角,3744,甪,6
5603,让,2992,沚,6
5609,记,4464,纪,6
5616,许,5600,讦,6
5633,诋,3031,泜,6
5662,诨,3099,浑,6
5667,诮,3123,消,6
5681,诼,3152,涿,6
5705,谕,3191,渝,6
5721,谦,4578,缣,6
5724,谩,4581,缦,6
5733,谲,3300,潏,6
6018,辫,6017,辩,6
6106,遗,6110,遣,6
6212,酩,6213,酪,6
6277,钉,6280,钌,6
6304,钦,6299,钡,6
6628,雎,3972,睢,6
6717,项,6720,顼,6
6730,领,6742,颔,6
6763,飒,3001,沨,6
6791,饰,6787,饬,6
7049,鸵,6847,驼,6
3,七,557,匕,5
67,习,449,刁,5
82,亏,1738,弓,5
106,亳,2908,毫,5
122,今,139,令,5
136,仟,148,仵,5
161,伐,138,代,5
174,伦,175,伧,5
178,伯,214,佰,5
184,伺,196,何,5
192,住,223,侄,5
196,何,203,佝,5
196,何,692,向,5
213,佯,181,伴,5
215,佳,6615,隹,5
252,俏,284,倘,5
259,保,298,倮,5
344,僳,323,傈,5
350,儒,3338,濡,5
355,元,94,亢,5
371,全,6273,钅,5
418,冼,5650,诜,5
448,刀,449,刁,5
469,刨,465,创,5
548,勾,549,勿,5
557,匕,3,七,5
692,向,203,佝,5
712,吮,711,吭,5
745,呲,703,吡,5
807,哗,2470,晔,5
1012,囱,1004,囟,5
1050,坐,3740,生,5
1054,坛,1032,圬,5
1123,埴,1159,填,5
1184,士,1027,土,5
1224,奈,2630,柰,5
1278,姑,1287,姞,5
1473,尚,4992,苘,5
1499,屋,1489,尾,5
1553,峡,1565,崃,5
1622,巴,1621,巳,5
1688,底,1693,府,5
1715,廓,1711,廊,5
1803,微,1804,徵,5
1865,怪,1871,怿,5
1879,恕,1850,怒,5
1890,恫,2676,桐,5
1970,感,1936,惑,5
2052,手,54,乎,5
2109,抽,2620,柚,5
2120,拌,2090,抖,5
2163,挖,2228,控,5
2177,挪,2262,揶,5
2195,捕,2273,搏,5
2380,文,2352,攵,5
2442,明,2525,朋,5
2494,暌,3980,睽,5
2499,暧,2496,暖,5
2536,未,4677,耒,5
2566,杨,2068,扬,5
2573,杳,2626,查,5
2579,板,2073,扳,5
2579,板,2622,柝,5
2593,枢,2096,抠,5
2628,柬,2561,束,5
2630,柰,1224,奈,5
2658,样,2775,榉,5
2678,桓,2621,柜,5
2679,桔,2699,梏,5
2684,档,2170,挡,5
2695,梁,4411,粱,5
2719,棒,2201,捧,5
2747,椰,2262,揶,5
2750,椽,2242,掾,5
2765,楷,2256,揩,5
2772,榆,2243,揄,5
2829,檀,2332,擅,5
2860,此,2900,比,5
2920,民,1487,尼,5
2922,气,6273,钅,5
2954,汐,2973,汶,5
2982,沆,2981,沅,5
3034,泡,3000,沧,5
3036,泣,3030,泛,5
3104,浙,3185,渐,5
3159,淌,3123,消,5
3159,淌,4531,绱,5
3198,渫,5697,谍,5
3277,漂,3238,溧,5
3302,潜,3312,潸,5
3380,炮,3375,炝,5
3584,猫,2248,描,5
3847,瘁,3825,痒,5
3930,盯,3756,町,5
3933,直,5006,苴,5
4014,矩,6294,钜,5
4038,砚,4031,砍,5
4194,积,2603,枳,5
4430,糟,2803,槽,5
4434,糵,5282,蘖,5
4458,纤,4455,纡,5
4461,级,157,伋,5
4466,纬,4495,绋,5
4470,纱,2991,沙,5
4479,纺,153,仿,5
4488,组,3006,沮,5
4497,绍,5637,诏,5
4498,绎,4510,绛,5
4508,给,3084,洽,5
4518,绣,6396,锈,5
4542,综,3164,淙,5
4545,绿,3182,渌,5
4551,缅,3209,湎,5
4566,编,5713,谝,5
4595,缴,3331,激,5
4733,肝,2427,旰,5
4740,肩,2046,扃,5
4741,肪,2439,昉,5
4775,胧,2461,昽,5
4875,自,3890,白,5
4933,艹,1725,廾,5
4942,芋,4941,芊,5
4961,芫,4951,芜,5
4992,苘,5046,茼,5
4996,苟,5047,荀,5
5012,茂,5098,莪,5
5101,莱,5123,菜,5
5107,莸,5106,获,5
5393,蝉,5385,蜱,5
5462,衔,5463,街,5
5495,袪,4142,祛,5
5555,观,2842,欢,5
5558,视,4144,祝,5
5561,觉,367,党,5
5609,记,2959,汜,5
5675,诶,3131,涘,5
5686,谁,4534,维,5
5693,谈,3673,琰,5
5706,谖,3221,湲,5
5718,谣,6111,遥,5
5727,谬,3699,璆,5
6026,迂,6034,迓,5
6030,迈,6033,近,5
6105,道,6104,遒,5
6286,钓,4460,约,5
6305,钧,6286,钓,5
6413,错,6411,锗,5
6520,闹,6512,闱,5
6536,阉,6531,阄,5
6717,项,6714,顶,5
6819,馏,6464,镏,5
7057,鸽,7066,鹆,5
7063,鹃,7079,鹘,5
7108,麋,7106,麇,5
28,丧,5470,表,4
33,中,3752,申,4
46,乃,448,刀,4
67,习,1757,彐,4
81,于,1371,孑,4
83,云,82,亏,4
94,亢,355,元,4
120,仇,115,仂,4
139,令,55,乏,4
139,令,134,仝,4
142,仪,165,伙,4
176,伪,115,仂,4
179,估,217,佶,4
184,伺,687,同,4
190,位,141,仨,4
194,佑,179,估,4
221,使,246,便,4
223,侄,6615,隹,4
231,侗,287,倜,4
281,倒,226,例,4
340,僬,3426,焦,4
357,充,366,兖,4
372,八,110,人,4
373,公,1672,幺,4
392,冈,4604,网,4
413,决,3044,泱,4
422,准,3805,疰,4
464,刚,460,刖,4
464,刚,463,则,4
465,创,469,刨,4
482,刽,6278,钊,4
528,励,520,劢,4
553,匈,548,勾,4
581,半,34,丰,4
608,却,525,劫,4
617,厅,4,万,4
617,厅,2393,斤,4
627,原,625,厚,4
638,县,1922,悬,4
660,叨,677,叻,4
675,司,67,习,4
682,各,699,吝,4
692,向,196,何,4
709,含,4890,舍,4
725,呆,2543,朵,4
746,味,2452,昧,4
760,咎,2448,昝,4
785,咸,2021,成,4
829,唆,779,咬,4
866,啥,795,哈,4
880,啼,5917,蹄,4
906,喷,868,啧,4
963,嘹,3999,瞭,4
993,嚣,977,器,4
1027,土,1184,士,4
1029,在,1612,左,4
1065,坪,1049,坏,4
1075,垃,2118,拉,4
1211,央,1209,夬,4
1213,失,1211,央,4
1217,夹,1209,夬,4
1296,威,785,咸,4
1297,娃,1280,姓,4
1336,媒,3437,煤,4
1371,孑,1370,子,4
1375,字,1402,宇,4
1410,宗,1402,宇,4
1467,小,1809,忄,4
1476,尢,1477,尤,4
1485,尺,1206,天,4
1519,岂,1532,岜,4
1576,崧,5122,菘,4
1625,巾,33,中,4
1629,帅,1631,师,4
1631,师,1629,帅,4
1634,帐,5770,账,4
1665,幢,1997,憧,4
1673,幻,4465,纫,4
1676,广,80,亍,4
1716,廖,3870,瘳,4
1721,廴,1372,孓,4
1722,延,1723,廷,4
1723,廷,1722,延,4
1725,廾,4933,艹,4
1738,弓,75,了,4
1738,弓,82,亏,4
1762,彗,1987,慧,4
1807,徽,1804,徵,4
1849,怏,1829,快,4
1857,思,1888,恩,4
1930,悼,1951,惮,4
1933,惇,1934,惊,4
2017,戌,2018,戍,4
2021,成,785,咸,4
2021,成,2027,战,4
2037,戮,2038,戳,4
2044,所,2397,斫,4
2102,披,1060,坡,4
2105,抵,2625,柢,4
2109,抽,2107,抻,4
2115,拆,2121,拍,4
2118,拉,2113,拄,4
2120,拌,2611,柈,4
2122,拎,2609,柃,4
2125,拓,2618,柘,4
2126,拔,2141,拨,4
2128,拗,1069,坳,4
2135,拢,2641,栊,4
2143,括,2651,栝,4
2144,拭,5643,试,4
2149,拴,2113,拄,4
2168,挟,2074,扶,4
2187,捆,2237,掴,4
2193,捏,2114,担,4
2198,捡,2122,拎,4
2223,掘,1129,堀,4
2249,提,1144,堤,4
2262,揶,2177,挪,4
2273,搏,590,博,4
2357,放,2360,效,4
2362,敌,2359,故,4
2369,敝,2370,敞,4
2380,文,1191,夂,4
2401,方,82,亏,4
2407,旅,2409,旋,4
2418,日,2522,月,4
2419,旦,15,且,4
2423,旬,3755,甸,4
2429,旴,2427,旰,4
2441,昌,695,吕,4
2447,昙,638,县,4
2451,春,4885,舂,4
2452,昧,3967,睐,4
2468,晒,791,哂,4
2469,晓,804,哓,4
2481,普,2465,晋,4
2486,晶,790,品,4
2497,暗,894,喑,4
2512,曰,999,囗,4
2525,朋,4787,胴,4
2540,术,2535,木,4
2557,杓,2581,构,4
2561,束,2564,来,4
2561,束,2628,柬,4
2601,枯,2618,柘,4
2611,柈,2120,拌,4
2679,桔,2145,拮,4
2702,梢,2192,捎,4
2739,椎,2229,推,4
2809,模,2305,摸,4
2863,歧,1523,岐,4
2887,殴,2845,欧,4
2921,氓,3635,珉,4
2944,永,2942,水,4
2946,汀,6504,门,4
2950,汇,2962,江,4
2950,汇,5601,讧,4
2983,沈,3101,浓,4
2984,沉,2982,沆,4
2994,沟,3017,泃,4
3001,沨,5620,讽,4
3041,泮,2996,沣,4
3052,泼,4486,绂,4
3055,洁,3026,法,4
3058,洋,3041,泮,4
3064,洙,5649,诛,4
3066,洛,3117,浴,4
3068,洣,3004,沫,4
3089,浆,2689,桨,4
3176,混,4532,绲,4
3204,渺,4554,缈,4
3223,湿,3197,温,4
3224,溃,4556,缋,4
3239,溪,3131,涘,4
3277,漂,4580,缥,4
3299,潍,3173,淮,4
3377,炫,3406,烩,4
3398,烛,3551,独,4
3444,煸,3446,煽,4
3446,煽,3444,煸,4
3508,牲,3503,牦,4
3546,狞,2140,拧,4
3561,狸,3582,猩,4
3583,猪,3576,猜,4
3612,玖,3616,玟,4
3612,玖,3623,玫,4
3615,玛,3613,玙,4
3710,璧,6271,鐾,4
3749,田,3742,用,4
3752,申,3750,由,4
3752,申,3751,甲,4
3772,畦,3955,眭,4
3793,疟,3805,疰,4
3811,疸,3814,疽,4
3820,症,3828,痖,4
3832,痢,3852,瘌,4
3838,痪,3815,疾,4
3864,瘦,3800,疫,4
3884,癞,3886,癫,4
3890,白,4881,臼,4
3909,盂,3913,盉,4
3911,盆,5775,贫,4
3929,目,2512,曰,4
3959,眷,2451,春,4
3962,眼,3949,眠,4
3989,瞑,2498,暝,4
4039,砜,4024,矾,4
4137,祎,5485,袆,4
4184,秕,2582,枇,4
4188,秤,2602,枰,4
4209,稚,2739,椎,4
4227,究,1400,宄,4
4240,窍,4235,窃,4
4242,窒,1422,室,4
4244,窖,4241,窑,4
4260,立,6,三,4
4270,竭,5702,谒,4
4278,笆,1532,岜,4
4286,笙,4308,筌,4
4290,笤,4990,苕,4
4313,答,4288,笞,4
4327,筹,4306,等,4
4351,箱,5165,葙,4
4391,米,2536,未,4
4466,纬,169,伟,4
4468,纯,6783,饨,4
4472,纳,2969,汭,4
4475,纶,174,伦,4
4483,线,3088,浅,4
4488,组,5628,诅,4
4494,绊,181,伴,4
4507,绘,3095,浍,4
4509,绚,1786,徇,4
4509,绚,3079,洵,4
4509,绚,5656,询,4
4524,绩,3183,渍,4
4559,缎,6445,锻,4
4565,缕,3227,溇,4
4570,缚,322,傅,4
4570,缚,3236,溥,4
4698,耶,649,取,4
4727,肓,4747,育,4
4730,肚,4731,肛,4
4756,胁,4725,肋,4
4775,胧,3954,眬,4
4796,脊,4761,背,4
4819,腊,4818,腈,4
4882,臾,654,叟,4
4902,航,4903,舫,4
4930,色,6124,邑,4
4950,芙,5059,荚,4
5002,苦,5001,若,4
5033,茨,5100,莰,4
5066,荣,5038,茱,4
5070,荧,4954,芡,4
5140,萄,5169,葡,4
5145,萎,5142,萋,4
5169,葡,5140,萄,4
5194,蒲,5254,薄,4
5398,蝙,3444,煸,4
5434,蟋,5439,蟠,4
5463,街,5462,衔,4
5463,街,5464,衙,4
5511,裕,5500,袷,4
5530,褐,5526,裼,4
5574,解,2388,斛,4
5598,认,5597,讣,4
5607,议,2973,汶,4
5623,诀,3621,玦,4
5624,证,2992,沚,4
5629,识,4491,织,4
5635,词,5626,诃,4
5637,诏,3013,沼,4
5640,诒,3012,治,4
5645,诗,3102,浔,4
5648,诚,427,减,4
5661,诧,3007,沱,4
5670,诱,4518,绣,4
5682,诽,4529,绯,4
5684,诿,297,倭,4
5686,谁,422,准,4
5702,谒,306,偈,4
5707,谗,6816,馋,4
5725,谪,3275,滴,4
5735,谴,4592,缱,4
5762,贝,2840,欠,4
5903,踩,5874,跞,4
5979,轻,5985,辁,4
6026,迂,6036,迕,4
6033,近,6030,迈,4
6040,远,6032,运,4
6052,迭,6067,选,4
6057,迸,6039,进,4
6057,迸,6066,逆,4
6067,选,6052,迭,4
6071,透,6091,逶,4
6132,邢,6127,邗,4
6159,郐,6148,邻,4
6299,钡,6304,钦,4
6303,钥,6326,钼,4
6307,钩,6286,钓,4
6312,钮,4481,纽,4
6315,钱,6790,饯,4
6325,钻,6318,钴,4
6331,铁,6359,铢,4
6354,铝,6335,铅,4
6396,锈,4518,绣,4
6404,锐,6460,镋,4
6445,锻,4559,缎,4
6504,门,390,冂,4
6513,闲,6508,闭,4
6515,间,6509,问,4
6521,闺,6511,闰,4
6564,阵,6576,陈,4
6619,雀,1569,崔,4
6727,颃,6721,顽,4
6818,馍,6455,镆,4
6829,香,2573,杳,4
6836,驰,1742,弛,4
7033,鸣,697,吗,4
7057,鸽,7045,鸰,4
7110,麓,4379,簏,4
7125,黑,4612,罢,4
4,万,617,厅,3
8,下,1205,大,3
10,不,4019,石,3
23,丝,21,丛,3
25,丢,636,去,3
33,中,1625,巾,3
34,丰,4719,肀,3
46,乃,6554,阝,3
47,久,2352,攵,3
54,乎,1668,平,3
67,习,675,司,3
75,了,2,丁,3
81,于,80,亍,3
81,于,576,千,3
95,交,3071,洨,3
97,亦,3787,疔,3
101,享,99,亨,3
104,亮,106,亳,3
114,仁,141,仨,3
118,仅,2952,汉,3
125,从,140,以,3
125,从,5598,认,3
126,仑,6780,饣,3
132,付,5602,讨,3
133,仙,5604,讪,3
138,代,558,化,3
139,令,122,今,3
149,件,148,仵,3
149,件,228,侏,3
149,件,230,侔,3
152,份,3619,玢,3
153,仿,1777,彷,3
160,伏,164,优,3
168,伞,1669,年,3
172,伤,6787,饬,3
174,伦,4475,纶,3
178,伯,3021,泊,3
179,估,194,佑,3
183,伸,4489,绅,3
184,伺,203,佝,3
189,但,1783,徂,3
192,住,190,位,3
195,体,162,休,3
201,佛,4495,绋,3
214,佰,208,佤,3
214,佰,229,侑,3
223,侄,215,佳,3
231,侗,184,伺,3
268,俭,182,伶,3
284,倘,4531,绱,3
285,候,244,侯,3
286,倚,4528,绮,3
303,倾,6724,颀,3
322,傅,4570,缚,3
339,僧,4590,缯,3
359,先,360,光,3
367,党,4264,竞,3
371,全,6257,金,3
374,六,2401,方,3
392,冈,6760,风,3
420,净,5658,诤,3
425,凋,5688,调,3
427,减,5648,诚,3
430,凝,3785,疑,3
431,几,999,囗,3
436,凯,484,剀,3
449,刁,67,习,3
455,刊,458,刑,3
462,刘,486,剂,3
477,刷,502,剧,3
482,刽,493,剑,3
494,剔,471,别,3
503,剩,470,利,3
530,劳,4962,芬,3
543,勤,539,勒,3
549,勿,552,匆,3
550,匀,658,句,3
557,匕,45,乂,3
558,化,129,仕,3
558,化,2918,氏,3
586,卓,2674,桌,3
590,博,2273,搏,3
591,卜,1809,忄,3
598,卤,1184,士,3
603,卮,616,厄,3
609,卵,604,卯,3
615,厂,1676,广,3
616,厄,603,卮,3
619,厉,689,后,3
636,去,444,击,3
638,县,2447,昙,3
644,友,1612,左,3
646,反,1191,夂,3
659,另,3754,男,3
671,右,4019,石,3
680,吁,752,呼,3
680,吁,2429,旴,3
685,吉,14,专,3
687,同,1002,囝,3
688,名,682,各,3
689,后,619,厉,3
699,吝,682,各,3
703,吡,745,呲,3
727,告,685,吉,3
736,员,5764,负,3
751,呻,4052,砷,3
787,咽,854,啁,3
789,哀,5477,衷,3
820,哭,977,器,3
842,唧,819,哪,3
912,嗅,975,噢,3
929,嗦,913,嗉,3
1001,四,1000,囚,3
1016,固,1005,因,3
1017,国,1002,囝,3
1017,国,6511,闰,3
1027,土,1611,工,3
1029,在,671,右,3
1045,坊,2584,枋,3
1051,坑,2091,抗,3
1058,坟,2356,攻,3
1091,垣,1062,坦,3
1098,垮,2161,挎,3
1108,城,1118,域,3
1184,士,3,七,3
1191,夂,2352,攵,3
1192,处,1198,外,3
1197,夕,1191,夂,3
1202,够,7047,鸲,3
1209,夬,1208,夫,3
1237,奢,5164,著,3
1241,奴,1251,妇,3
1252,妈,1245,好,3
1257,妖,1265,妩,3
1280,姓,1286,姝,3
1293,姻,3401,烟,3
1326,婢,1331,婵,3
1370,子,1372,孓,3
1381,孝,4669,考,3
1382,孟,3909,盂,3
1385,孤,3541,狐,3
1389,孪,1384,季,3
1398,宁,80,亍,3
1406,完,1400,宄,3
1410,宗,1375,字,3
1411,官,1426,宫,3
1416,宝,1401,宅,3
1419,审,3502,牢,3
1422,室,4242,窒,3
1428,宰,6011,辛,3
1434,容,5738,谷,3
1441,密,5377,蜜,3
1458,寺,1218,夺,3
1467,小,591,卜,3
1471,尖,1213,失,3
1473,尚,4728,肖,3
1498,届,1495,居,3
1512,屮,33,中,3
1525,岔,1838,忿,3
1526,岖,1843,怄,3
1527,岗,1530,岚,3
1533,岢,4993,苛,3
1553,峡,5355,蛱,3
1568,崎,1552,峙,3
1569,崔,5147,萑,3
1611,工,62,乙,3
1611,工,92,亠,3
1611,工,1027,土,3
1618,巯,3784,疏,3
1620,已,999,囗,3
1623,巷,610,卷,3
1623,巷,4983,苍,3
1628,布,1627,市,3
1634,帐,1844,怅,3
1661,幕,542,募,3
1668,平,2052,手,3
1675,幽,445,凼,3
1679,庆,621,厌,3
1680,庇,3810,疵,3
1712,廋,1709,庾,3
1724,建,6082,速,3
1729,异,1670,并,3
1731,弄,1729,异,3
1735,弋,2014,戈,3
1759,当,456,刍,3
1769,彧,2025,或,3
1809,忄,1467,小,3
1829,快,1052,块,3
1848,怎,1817,忑,3
1848,怎,1869,总,3
1874,恃,1819,忖,3
1875,恋,1557,峦,3
1891,恬,1859,怡,3
1894,恰,1856,怜,3
1945,惧,271,俱,3
1945,惧,1855,怛,3
1956,惶,3433,煌,3
1963,愉,2772,榆,3
1985,慢,3459,熳,3
2002,憾,2329,撼,3
2005,懊,3468,燠,3
2015,戊,2017,戌,3
2019,戎,2023,戒,3
2021,成,2018,戍,3
2022,我,2078,找,3
2035,截,796,哉,3
2045,扁,2046,扃,3
2053,扌,1456,寸,3
2058,打,2066,扪,3
2061,扛,2562,杠,3
2068,扬,3505,物,3
2069,扭,2576,杻,3
2072,扰,2169,挠,3
2074,扶,2168,挟,3
2075,批,2582,枇,3
2080,技,2095,抟,3
2087,抓,2076,扺,3
2092,折,1040,圻,3
2100,报,2073,扳,3
2101,抨,2602,枰,3
2102,披,2100,报,3
2104,抱,1383,孢,3
2105,抵,2119,拊,3
2108,押,2107,抻,3
2110,抿,2076,扺,3
2113,拄,2118,拉,3
2113,拄,2157,挂,3
2115,拆,2092,折,3
2115,拆,2119,拊,3
2115,拆,2622,柝,3
2116,拇,1070,坶,3
2117,拈,2103,抬,3
2125,拓,2088,抔,3
2125,拓,2132,招,3
2152,拼,2131,拚,3
2157,挂,2113,拄,3
2158,指,2194,捐,3
2160,按,2672,桉,3
2168,挟,2083,抉,3
2170,挡,2684,档,3
2184,捂,3512,牾,3
2186,捅,1106,埇,3
2194,捐,2192,捎,3
2198,捡,2713,检,3
2199,换,2176,挨,3
2204,据,2110,抿,3
2204,据,2740,椐,3
2209,捺,2218,掎,3
2225,探,2174,挥,3
2252,揞,2216,掊,3
2254,握,2206,捱,3
2257,揪,2766,楸,3
2285,搬,2316,撖,3
2300,摘,2280,搞,3
2314,撒,2319,撤,3
2319,撤,2316,撖,3
2323,撮,2292,摄,3
2323,撮,2316,撖,3
2333,操,2225,探,3
2346,攘,1183,壤,3
2350,支,644,友,3
2355,改,2973,汶,3
2355,改,3616,玟,3
2355,改,4879,致,3
2360,效,2357,放,3
2364,救,2589,枚,3
2380,文,51,之,3
2380,文,1372,孓,3
2393,斤,617,厅,3
2416,无,355,元,3
2418,日,999,囗,3
2420,旧,1758,归,3
2420,旧,2967,汩,3
2458,昵,740,呢,3
2462,显,2456,昱,3
2484,晳,3902,皙,3
2512,曰,2419,旦,3
2517,曹,5121,菖,3
2522,月,2418,日,3
2525,朋,2442,明,3
2526,服,4736,股,3
2529,朕,4791,胼,3
2534,朦,4926,艨,3
2535,木,2538,本,3
2536,未,2541,朱,3
2540,术,2053,扌,3
2542,朴,2568,杪,3
2549,杆,2063,扦,3
2549,杆,2574,杵,3
2550,杈,2548,权,3
2562,杠,2061,扛,3
2574,杵,2549,杆,3
2580,极,2589,枚,3
2581,构,2557,杓,3
2590,果,2572,杲,3
2607,枸,2647,栒,3
2610,柄,2595,枥,3
2612,柏,4399,粕,3
2621,柜,2124,拒,3
2642,栋,2136,拣,3
2650,栗,4405,粟,3
2652,栟,2152,拼,3
2658,样,3395,烊,3
2662,栽,5981,载,3
2669,桅,2636,栀,3
2674,桌,586,卓,3
2678,桓,1878,恒,3
2686,桥,2171,挢,3
2687,桦,2784,榫,3
2699,梏,2679,桔,3
2700,梓,2658,样,3
2704,梧,2184,捂,3
2713,检,2609,柃,3
2713,检,2648,栓,3
2718,棍,2660,根,3
2728,棰,2207,捶,3
2730,棵,4210,稞,3
2738,植,2678,桓,3
2791,槊,1154,塑,3
2808,樟,2700,梓,3
2823,橡,2750,椽,3
2840,欠,5762,贝,3
2843,欣,6724,颀,3
2897,毐,2898,毒,3
2898,毒,2897,毐,3
2900,比,559,北,3
2903,毗,703,吡,3
2922,气,65,乞,3
2931,氢,2930,氡,3
2933,氦,2931,氢,3
2946,汀,116,仃,3
2952,汉,2953,汊,3
2971,汲,157,伋,3
2971,汲,2995,没,3
2975,汽,5605,讫,3
2990,沘,3029,泚,3
2991,沙,4470,纱,3
2995,没,2971,汲,3
2999,沦,3007,沱,3
3004,沫,2996,沣,3
3004,沫,5642,诔,3
3006,沮,3039,泪,3
3009,河,3017,泃,3
3012,治,3084,洽,3
3014,沽,3055,洁,3
3016,沿,3012,治,3
3018,泄,2963,池,3
3018,泄,4485,绁,3
3022,泌,1810,必,3
3030,泛,2955,汔,3
3030,泛,3054,泾,3
3031,泜,5633,诋,3
3034,泡,2999,沦,3
3037,泥,3042,泯,3
3039,泪,2420,旧,3
3039,泪,2967,汩,3
3039,泪,5628,诅,3
3059,洌,419,冽,3
3062,洒,3028,泗,3
3084,洽,3033,泠,3
3084,洽,5640,诒,3
3122,涅,3217,湟,3
3126,涎,3651,珽,3
3134,涞,5642,诔,3
3139,涣,3120,浼,3
3139,涣,3131,涘,3
3152,涿,5681,诼,3
3159,淌,5667,诮,3
3163,淘,4539,绹,3
3171,淫,5718,谣,3
3174,深,3662,琛,3
3174,深,5683,课,3
3176,混,3042,泯,3
3183,渍,3224,溃,3
3190,渚,5677,诸,3
3191,渝,3211,湔,3
3197,温,3138,涢,3
3199,渭,3128,涓,3
3224,溃,3183,渍,3
3263,滞,3133,涝,3
3281,漓,4576,缡,3
3286,漩,3700,璇,3
3315,潽,5732,谱,3
3317,澈,3318,澉,3
3329,澹,5736,谵,3
3383,炳,3403,烦,3
3392,烂,3393,烃,3
3397,烙,1889,恪,3
3416,焊,1908,悍,3
3426,焦,6615,隹,3
3433,煌,1956,惶,3
3479,爱,650,受,3
3498,牛,33,中,3
3517,犊,3510,特,3
3532,犹,2072,扰,3
3547,狠,3564,狼,3
3552,狭,2168,挟,3
3564,狼,3547,狠,3
3570,猎,3583,猪,3
3585,猬,900,喟,3
3585,猬,3560,狷,3
3585,猬,3590,猸,3
3605,玄,83,云,3
3611,玕,3625,环,3
3625,环,6292,钚,3
3626,现,2596,枧,3
3629,玷,3613,玙,3
3636,珊,1282,姗,3
3660,琐,6720,顼,3
3683,瑗,3694,瑷,3
3692,瑰,6923,魂,3
3693,瑶,5718,谣,3
3710,璧,1179,壁,3
3717,瓜,3476,爪,3
3720,瓢,6768,飘,3
3750,由,2513,曲,3
3798,疤,3806,疱,3
3812,疹,3850,瘆,3
3815,疾,3838,痪,3
3831,痞,3822,痉,3
3838,痪,3851,瘊,3
3856,瘘,3845,痿,3
3890,白,3891,百,3
3890,白,4875,自,3
3891,百,3890,白,3
3911,盆,1046,坌,3
3929,目,1003,回,3
3929,目,2418,日,3
3931,盱,3930,盯,3
3968,睑,4815,脸,3
3970,睛,4818,腈,3
3975,睦,3955,眭,3
3980,睽,2494,暌,3
4010,矢,1213,失,3
4024,矾,4020,矶,3
4025,矿,4021,矸,3
4077,硷,4057,砼,3
4119,礁,4085,碓,3
4127,示,4174,禾,3
4134,祆,5482,袂,3
4151,票,2650,栗,3
4158,祼,5524,裸,3
4174,禾,56,乐,3
4178,秆,2549,杆,3
4178,秆,3528,犴,3
4192,秫,4187,秣,3
4196,秸,4203,稆,3
4213,稳,4207,稔,3
4227,究,4228,穷,3
4232,穿,4974,芽,3
4260,立,4453,纟,3
4265,竟,1966,意,3
4267,竣,3105,浚,3
4275,竿,4274,竽,3
4290,笤,4276,笃,3
4306,等,4327,筹,3
4310,筐,4344,箧,3
4312,筒,5046,茼,3
4313,答,4308,筌,3
4330,签,4289,笠,3
4331,简,4298,笱,3
4387,簿,5254,薄,3
4395,籽,4678,耔,3
4399,粕,2121,拍,3
4407,粤,1238,奥,3
4425,糕,4398,粒,3
4426,糖,2284,搪,3
4435,糸,4436,系,3
4438,素,1381,孝,3
4439,索,5153,萦,3
4456,红,112,亿,3
4458,纤,4473,纴,3
4464,纪,4456,红,3
4464,纪,5609,记,3
4465,纫,135,仞,3
4466,纬,5611,讳,3
4472,纳,5615,讷,3
4472,纳,6298,钠,3
4476,纷,708,吩,3
4479,纺,5622,访,3
4489,绅,183,伸,3
4490,细,6329,钿,3
4502,绒,4550,缄,3
4502,绒,5664,诫,3
4503,结,3055,洁,3
4511,络,3066,洛,3
4511,络,4519,绤,3
4513,绞,3071,洨,3
4513,绞,4478,纹,3
4525,绪,3190,渚,3
4525,绪,5677,诸,3
4538,绸,5688,调,3
4556,缋,4524,绩,3
4560,缏,4515,绠,3
4565,缕,318,偻,3
4588,缭,337,僚,3
4603,罐,3716,瓘,3
4634,群,6167,郡,3
4736,股,4788,胶,3
4741,肪,4732,肜,3
4754,肿,4751,肼,3
4763,胎,3946,眙,3
4766,胙,2453,昨,3
4771,胞,4739,肥,3
4775,胧,4746,肱,3
4812,脱,4784,胱,3
4816,脾,3974,睥,3
4836,腰,4852,膘,3
4839,腹,4809,脧,3
4852,膘,4828,腙,3
4879,致,2355,改,3
4934,艺,4935,艽,3
4958,芨,4937,艿,3
4967,花,4960,芪,3
4967,花,5020,茌,3
4968,芳,4944,芎,3
4986,苑,4955,芤,3
4988,苓,4959,芩,3
4993,苛,4992,苘,3
4995,苞,4983,苍,3
4996,苟,4943,芍,3
5001,若,5002,苦,3
5008,苹,5090,莘,3
5018,茈,4949,芘,3
5019,茉,4677,耒,3
5020,茌,5053,荏,3
5035,茬,5054,荐,3
5040,茴,4991,苗,3
5042,茶,5038,茱,3
5059,荚,4393,类,3
5064,荠,5062,荞,3
5066,荣,5042,茶,3
5076,荭,5039,茳,3
5078,药,4943,芍,3
5081,荻,5106,获,3
5123,菜,5038,茱,3
5123,菜,5101,莱,3
5148,萘,5082,荼,3
5152,营,5115,菅,3
5167,葛,5104,莴,3
5170,董,1132,堇,3
5177,葵,5228,蔡,3
5186,蒌,5145,萎,3
5200,蒿,5214,蓠,3
5218,蓬,5102,莲,3
5231,蔷,5238,蕃,3
5258,薛,5272,藓,3
5281,蘑,4113,磨,3
5305,虽,736,员,3
5309,蚁,5311,蚊,3
5311,蚊,5349,蛟,3
5319,蚣,5321,蚧,3
5327,蚰,5342,蛐,3
5333,蛀,5352,蛭,3
5336,蛇,5303,虻,3
5349,蛟,5311,蚊,3
5371,蜒,5372,蜓,3
5395,蝎,5386,蜴,3
5398,蝙,3520,犏,3
5431,蟀,5345,蛘,3
5431,蟀,5435,蟑,3
5440,蟥,5422,螨,3
5445,蠃,5828,赢,3
5470,表,28,丧,3
5475,衰,789,哀,3
5554,见,399,冗,3
5557,觅,362,免,3
5595,计,113,什,3
5596,订,6504,门,3
5597,讣,5598,认,3
5600,讦,5616,许,3
5602,讨,4457,纣,3
5604,讪,2956,汕,3
5608,讯,6028,迅,3
5609,记,5601,讧,3
5616,许,2957,汗,3
5617,讹,2990,沘,3
5623,诀,413,决,3
5624,证,5612,讴,3
5627,评,3041,泮,3
5636,诎,4496,绌,3
5638,诐,3035,波,3
5649,诛,228,侏,3
5649,诛,3004,沫,3
5656,询,2994,沟,3
5657,诣,3128,涓,3
5661,诧,1086,垞,3
5664,诫,5648,诚,3
5673,说,3120,浼,3
5674,诵,254,俑,3
5676,请,294,倩,3
5677,诸,5534,褚,3
5680,读,4527,续,3
5682,诽,272,俳,3
5696,谌,3214,湛,3
5697,谍,5695,谋,3
5714,谟,3284,漠,3
5718,谣,3171,淫,3
5720,谥,3235,溢,3
5727,谬,4585,缪,3
5732,谱,5709,谙,3
5765,贡,6713,页,3
5767,责,5805,赉,3
5771,货,5787,贷,3
5784,贴,5791,贻,3
5798,赂,5791,贻,3
5844,超,5841,起,3
5849,趟,5846,趋,3
5860,跃,5856,趺,3
5860,跃,5864,跌,3
5868,跑,5865,跎,3
5899,踞,5873,距,3
6017,辩,6016,辨,3
6025,迁,6036,迕,3
6028,迅,5608,讯,3
6033,近,6036,迕,3
6042,连,6036,迕,3
6066,逆,6057,迸,3
6067,选,6083,造,3
6083,造,6067,选,3
6094,逼,6078,通,3
6148,邻,6146,邹,3
6156,郊,6173,郭,3
6177,都,6151,郁,3
6254,重,1074,垂,3
6270,鏖,7107,麈,3
6295,钝,4468,纯,3
6296,钞,4470,纱,3
6297,钟,4489,绅,3
6300,钢,4471,纲,3
6302,钤,6333,铃,3
6303,钥,6353,铜,3
6304,钦,6789,饮,3
6307,钩,6305,钧,3
6317,钳,4484,绀,3
6321,钷,6294,钜,3
6325,钻,6309,钫,3
6325,钻,6335,铅,3
6330,铀,5972,轴,3
6335,铅,6325,钻,3
6352,铛,3649,珰,3
6360,铣,6331,铁,3
6368,铬,4511,络,3
6368,铬,6366,铪,3
6373,铱,6448,锿,3
6378,银,1787,很,3
6384,铼,6349,铗,3
6397,锉,6387,铿,3
6399,锋,4510,绛,3
6399,锋,6400,锌,3
6401,锍,6375,铳,3
6404,锐,5673,说,3
6411,锗,6413,错,3
6425,锦,4535,绵,3
6425,锦,6355,铞,3
6434,锯,5899,踞,3
6456,镇,4572,缜,3
6497,镱,6477,镜,3
6508,闭,6513,闲,3
6509,问,6515,间,3
6532,阅,6529,阂,3
6541,阎,6537,阊,3
6554,阝,601,卩,3
6622,雅,4209,稚,3
6623,集,6616,隼,3
6633,雨,26,两,3
6671,面,4674,而,3
6725,颁,6726,颂,3
6730,领,6736,颌,3
6742,颔,6736,颌,3
6743,颖,6737,颍,3
6788,饭,6301,钣,3
6797,饶,6351,铙,3
6805,饿,248,俄,3
6818,馍,5714,谟,3
6822,馒,4581,缦,3
6857,骇,1388,孩,3
6874,骛,7082,鹜,3
6999,鳃,6998,鳂,3
7017,鳖,7019,鳘,3
7035,鸥,7060,鹀,3
7036,鸦,7040,鸫,3
7122,黍,1823,忝,3
7184,龟,7142,黾,3
2,丁,615,厂,2
4,万,1738,弓,2
4,万,4019,石,2
5,丈,1205,大,2
6,三,79,二,2
6,三,92,亠,2
6,三,3608,王,2
7,上,92,亠,2
7,上,598,卤,2
10,不,4128,礻,2
13,丑,1757,彐,2
14,专,5836,走,2
15,且,3740,生,2
15,且,3929,目,2
19,丙,26,两,2
19,丙,618,历,2
22,东,3496,牙,2
26,两,6633,雨,2
33,中,1512,屮,2
34,丰,581,半,2
34,丰,2052,手,2
39,丹,2895,母,2
39,丹,4897,舟,2
41,主,6021,辶,2
45,乂,641,又,2
47,久,0,々,2
47,久,1672,幺,2
48,乇,2905,毛,2
49,么,373,公,2
49,么,1765,彡,2
51,之,1611,工,2
52,乌,7029,鸟,2
55,乏,134,仝,2
56,乐,22,东,2
56,乐,2052,手,2
56,乐,4174,禾,2
58,乓,18,丘,2
59,乔,4174,禾,2
61,乘,60,乖,2
64,九,1476,尢,2
71,买,6832,马,2
75,了,80,亍,2
75,了,1738,弓,2
79,二,1,一,2
79,二,407,冫,2
82,亏,375,兮,2
82,亏,2401,方,2
83,云,1672,幺,2
93,亡,6021,辶,2
98,产,27,严,2
98,产,2040,户,2
98,产,6011,辛,2
99,亨,1375,字,2
101,享,103,亭,2
102,京,4127,示,2
105,亲,101,享,2
105,亲,2563,条,2
114,仁,112,亿,2
114,仁,177,伫,2
118,仅,142,仪,2
120,仇,112,亿,2
120,仇,4462,纨,2
123,介,113,什,2
123,介,2393,斤,2
124,仍,144,们,2
124,仍,157,伋,2
127,仓,65,乞,2
127,仓,126,仑,2
127,仓,551,包,2
129,仕,558,化,2
132,付,4457,纣,2
133,仙,558,化,2
136,仟,151,任,2
140,以,125,从,2
140,以,665,叭,2
140,以,2900,比,2
140,以,5598,认,2
142,仪,4478,纹,2
146,仲,149,件,2
149,件,200,佚,2
150,价,191,低,2
151,任,141,仨,2
151,任,175,伧,2
154,企,4260,立,2
156,伊,2185,捃,2
161,伐,113,什,2
164,优,1827,忧,2
165,伙,173,伥,2
165,伙,185,似,2
168,伞,3500,牟,2
169,伟,4466,纬,2
174,伦,197,佗,2
176,伪,3002,沩,2
178,伯,2121,拍,2
181,伴,149,件,2
182,伶,1856,怜,2
182,伶,3033,泠,2
185,似,133,仙,2
185,似,144,们,2
189,但,1855,怛,2
190,位,155,伉,2
190,位,182,伶,2
191,低,5633,诋,2
196,何,184,伺,2
197,佗,174,伦,2
198,佘,199,余,2
199,余,77,争,2
206,你,128,仔,2
206,你,288,倞,2
212,佬,307,偌,2
214,佰,178,伯,2
215,佳,192,住,2
215,佳,5644,诖,2
221,使,4515,绠,2
223,侄,192,住,2
226,例,281,倒,2
227,侍,1785,待,2
234,侠,221,使,2
235,侣,217,佶,2
235,侣,290,倡,2
236,侥,4069,硗,2
236,侥,4505,绕,2
239,侨,150,价,2
240,侩,262,信,2
243,侮,230,侔,2
244,侯,285,候,2
247,促,3107,浞,2
248,俄,6805,饿,2
252,俏,229,侑,2
252,俏,4516,绡,2
252,俏,5667,诮,2
253,俐,226,例,2
255,俗,4519,绤,2
260,俞,1962,愈,2
262,信,217,佶,2
268,俭,190,位,2
271,俱,189,但,2
276,俺,3177,淹,2
279,倍,255,俗,2
286,倚,225,侉,2
286,倚,3574,猗,2
289,借,626,厝,2
290,倡,235,侣,2
292,倦,3200,港,2
303,倾,6726,颂,2
308,偎,348,儇,2
308,偎,3581,猥,2
311,做,347,儆,2
323,傈,344,僳,2
335,像,288,倞,2
335,像,4568,缘,2
344,僳,3238,溧,2
346,僻,3330,澼,2
354,允,359,先,2
355,元,83,云,2
355,元,356,兄,2
356,兄,360,光,2
356,兄,662,只,2
357,充,354,允,2
358,兆,559,北,2
360,光,379,兴,2
361,克,363,兑,2
362,免,363,兑,2
363,兑,362,免,2
366,兖,357,充,2
366,兖,5474,衮,2
367,党,5561,觉,2
370,入,110,人,2
371,全,139,令,2
374,六,47,久,2
374,六,85,亓,2
374,六,4128,礻,2
376,兰,6,三,2
377,共,4977,苄,2
379,兴,662,只,2
380,兵,57,乒,2
399,冗,5554,见,2
400,写,52,乌,2
400,写,7029,鸟,2
401,军,4606,罕,2
405,冤,364,兔,2
407,冫,44,丿,2
407,冫,2943,氵,2
410,冰,2942,水,2
413,决,1209,夬,2
413,决,5623,诀,2
415,冶,3081,洺,2
415,冶,3082,活,2
417,冻,3050,泺,2
421,凄,1272,妻,2
424,凉,102,京,2
424,凉,1375,字,2
424,凉,5690,谅,2
429,凛,424,凉,2
431,几,372,八,2
436,凯,5562,觊,2
448,刀,514,力,2
448,刀,601,卩,2
453,切,1812,忉,2
459,划,454,刈,2
464,刚,457,刎,2
465,创,463,则,2
479,刹,485,剁,2
481,刻,474,到,2
482,刽,465,创,2
492,剐,494,剔,2
493,剑,482,刽,2
493,剑,4454,纠,2
493,剑,6283,钏,2
514,力,3525,犭,2
515,劝,1267,妫,2
517,功,115,仂,2
517,功,677,叻,2
522,动,517,功,2
524,努,1748,弩,2
547,勺,546,勹,2
547,勺,550,匀,2
547,勺,658,句,2
547,勺,1197,夕,2
548,勾,553,匈,2
550,匀,548,勾,2
551,包,6780,饣,2
553,匈,1004,囟,2
558,化,130,他,2
559,北,1186,壮,2
559,北,2990,沘,2
561,匚,1611,工,2
563,匝,562,匜,2
565,匡,1614,巨,2
566,匣,624,厘,2
571,区,570,匹,2
571,区,6771,飞,2
575,十,4933,艹,2
577,卅,1608,州,2
579,午,576,千,2
581,半,5958,车,2
585,卒,1671,幸,2
585,卒,3606,率,2
587,单,584,卑,2
588,卖,5075,荬,2
589,南,885,喃,2
591,卜,110,人,2
592,卞,8,下,2
592,卞,595,卡,2
594,占,657,古,2
594,占,1816,忐,2
595,卡,6503,长,2
604,卯,609,卵,2
607,即,6143,邵,2
607,即,6157,郎,2
608,却,6149,邽,2
624,厘,1718,廛,2
636,去,6503,长,2
638,县,382,具,2
641,又,45,乂,2
641,又,1191,夂,2
641,又,1721,廴,2
642,叉,641,又,2
644,友,2350,支,2
646,反,1043,坂,2
647,发,95,交,2
647,发,1518,岁,2
651,变,1302,娈,2
655,叠,2677,桑,2
656,口,398,冖,2
656,口,431,几,2
658,句,549,勿,2
658,句,550,匀,2
658,句,6509,问,2
660,叨,735,呗,2
661,叩,677,叻,2
667,可,4,万,2
667,可,67,习,2
671,右,657,古,2
674,号,1738,弓,2
678,叼,661,叩,2
679,叽,669,叱,2
681,吃,795,哈,2
684,合,134,仝,2
685,吉,636,去,2
687,同,675,司,2
687,同,6509,问,2
689,后,603,卮,2
690,吏,2515,更,2
691,吐,6281,钍,2
692,向,135,仞,2
692,向,1004,囟,2
692,向,4992,苘,2
697,吗,739,呜,2
699,吝,7166,齐,2
711,吭,730,呒,2
712,吮,719,吹,2
716,吴,378,关,2
716,吴,2440,昊,2
723,呀,680,吁,2
726,呈,2456,昱,2
726,呈,3895,皇,2
726,呈,6273,钅,2
727,告,359,先,2
727,告,4889,舌,2
731,呓,681,吃,2
733,呕,801,哐,2
733,呕,1843,怄,2
740,呢,2458,昵,2
743,周,1016,固,2
746,味,878,啸,2
747,呵,667,可,2
747,呵,678,叼,2
747,呵,6569,阿,2
751,呻,1061,坤,2
764,咔,702,吠,2
774,咧,715,吲,2
782,咱,798,响,2
783,咳,779,咬,2
785,咸,1296,威,2
805,哔,807,哗,2
807,哗,752,呼,2
812,哞,865,啤,2
818,哩,757,咆,2
825,哼,739,呜,2
828,唁,780,咭,2
831,唉,841,唤,2
833,唐,1706,庸,2
841,唤,831,唉,2
842,唧,661,叩,2
846,唯,6618,难,2
848,唱,899,喝,2
852,唾,835,唔,2
865,啤,874,啴,2
865,啤,928,嗥,2
865,啤,4084,碑,2
866,啥,808,哙,2
873,啰,900,喟,2
873,啰,2745,椤,2
876,啶,3153,淀,2
898,喜,5129,菩,2
899,喝,848,唱,2
899,喝,883,喁,2
902,喧,2491,暄,2
906,喷,837,唝,2
918,嗓,979,噪,2
921,嗜,4672,耆,2
929,嗦,945,嘌,2
936,嗳,2499,暧,2
942,嘁,891,喊,2
946,嘎,911,嗄,2
947,嘏,2493,暇,2
948,嘘,844,唬,2
965,嘿,818,哩,2
983,噶,899,喝,2
1000,囚,1005,因,2
1001,四,1003,回,2
1001,四,3908,皿,2
1002,囝,1006,囡,2
1003,回,6509,问,2
1004,囟,598,卤,2
1005,因,1011,困,2
1005,因,1016,固,2
1005,因,3929,目,2
1007,团,1011,困,2
1008,囤,1011,困,2
1010,园,1002,囝,2
1011,困,1005,因,2
1012,囱,598,卤,2
1016,固,687,同,2
1016,固,743,周,2
1017,国,1010,园,2
1017,国,1013,围,2
1018,图,1010,园,2
1018,图,1022,圆,2
1022,圆,1010,园,2
1022,圆,1025,圊,2
1025,圊,1019,囿,2
1027,土,7,上,2
1029,在,5958,车,2
1034,圮,2560,杞,2
1039,场,1044,均,2
1041,圾,157,伋,2
1041,圾,1043,坂,2
1042,址,1066,坫,2
1042,址,2071,扯,2
1044,均,1094,垧,2
1049,坏,3625,环,2
1051,坑,1054,坛,2
1051,坑,1066,坫,2
1052,块,413,决,2
1052,块,3621,玦,2
1057,坞,1066,坫,2
1058,坟,1041,圾,2
1058,坟,1045,坊,2
1058,坟,1048,坎,2
1060,坡,2102,披,2
1062,坦,2114,担,2
1066,坫,2117,拈,2
1071,坷,1044,均,2
1074,垂,6254,重,2
1086,垞,1063,坨,2
1091,垣,1097,垭,2
1091,垣,1878,恒,2
1107,埋,1062,坦,2
1107,埋,3654,理,2
1110,埒,2189,捋,2
1115,埙,1116,埚,2
1126,基,3738,甚,2
1128,埽,1164,墁,2
1129,堀,2223,掘,2
1130,堂,1084,垕,2
1132,堇,5170,董,2
1144,堤,2188,捉,2
1152,塌,3247,溻,2
1155,塔,917,嗒,2
1156,塘,2284,搪,2
1157,塞,1445,寒,2
1159,填,1123,埴,2
1159,填,3252,滇,2
1165,境,1103,垸,2
1175,墦,2322,播,2
1185,壬,48,乇,2
1187,声,4938,节,2
1193,备,1226,奋,2
1194,复,1195,夏,2
1195,夏,3479,爱,2
1197,夕,547,勺,2
1198,外,1192,处,2
1202,够,3957,眵,2
1205,大,5,丈,2
1206,天,1209,夬,2
1206,天,1210,夭,2
1206,天,2416,无,2
1207,太,1476,尢,2
1207,太,1612,左,2
1211,央,1213,失,2
1211,央,4882,臾,2
1213,失,1209,夬,2
1224,奈,1218,夺,2
1232,奖,2689,桨,2
1236,奠,1466,尊,2
1236,奠,5099,莫,2
1245,好,1262,妤,2
1249,妄,1273,妾,2
1251,妇,1245,好,2
1251,妇,1260,妞,2
1253,妊,1258,妗,2
1255,妒,3366,炉,2
1256,妓,1288,姣,2
1257,妖,1253,妊,2
1257,妖,1301,娇,2
1259,妙,2568,杪,2
1263,妥,1273,妾,2
1264,妨,1242,奶,2
1268,妮,1067,坭,2
1268,妮,1306,娓,2
1270,妲,1277,姐,2
1273,妾,1249,妄,2
1273,妾,1302,娈,2
1274,姆,1070,坶,2
1276,始,1242,奶,2
1276,始,1280,姓,2
1277,姐,1304,娌,2
1281,委,1298,娄,2
1284,姚,1261,妣,2
1285,姜,1273,妾,2
1295,姿,5800,资,2
1297,娃,1278,姑,2
1298,娄,1281,委,2
1304,娌,1107,埋,2
1307,娘,1268,妮,2
1309,娟,1318,娼,2
1317,娶,4714,聚,2
1318,娼,1309,娟,2
1328,婪,2703,梦,2
1331,婵,1326,婢,2
1336,媒,1286,姝,2
1367,嬴,4639,羸,2
1371,孑,2052,手,2
1374,孕,1370,子,2
1374,孕,1378,孚,2
1375,字,1379,孛,2
1385,孤,1747,弧,2
1385,孤,2076,扺,2
1387,学,1375,字,2
1391,孰,4462,纨,2
1399,它,1401,宅,2
1401,宅,6273,钅,2
1403,守,1398,宁,2
1410,宗,198,佘,2
1413,定,6021,辶,2
1417,实,3362,灾,2
1419,审,1412,宙,2
1420,客,5738,谷,2
1421,宣,1415,宜,2
1422,室,1416,宝,2
1425,宪,1406,完,2
1428,宰,3981,睾,2
1434,容,1420,客,2
1434,容,5581,言,2
1440,寅,1415,宜,2
1441,密,956,嘧,2
1453,寨,2287,搴,2
1456,寸,2054,才,2
1458,寺,5958,车,2
1465,尉,1989,慰,2
1472,尘,1471,尖,2
1472,尘,4945,芏,2
1477,尤,7181,龙,2
1483,尸,1485,尺,2
1483,尸,2040,户,2
1485,尺,662,只,2
1485,尺,1209,夬,2
1490,尿,1492,屁,2
1493,层,1499,屋,2
1499,屋,1487,尼,2
1499,屋,1493,层,2
1500,屎,1490,尿,2
1504,展,6019,辰,2
1506,属,1496,屈,2
1514,山,439,凵,2
1519,岂,4946,芑,2
1530,岚,1527,岗,2
1531,岛,2600,枭,2
1531,岛,7029,鸟,2
1552,峙,5645,诗,2
1556,峥,1562,峰,2
1562,峰,1556,峥,2
1563,峻,1560,峪,2
1565,崃,1553,峡,2
1578,崭,5248,蕲,2
1581,崽,1595,嵬,2
1586,嵌,5100,莰,2
1609,巡,1606,巛,2
1611,工,561,匚,2
1614,巨,565,匡,2
1617,差,4625,羌,2
1619,己,93,亡,2
1637,帕,1852,怕,2
1638,帖,5784,贴,2
1647,帧,1638,帖,2
1655,帽,1658,幅,2
1666,幪,5448,蠓,2
1667,干,81,于,2
1667,干,579,午,2
1668,平,54,乎,2
1669,年,401,军,2
1669,年,2422,早,2
1671,幸,6011,辛,2
1672,幺,49,么,2
1676,广,81,于,2
1679,庆,2042,戾,2
1681,床,56,乐,2
1693,府,1698,庥,2
1700,座,1499,屋,2
1711,廊,1715,廓,2
1727,开,87,井,2
1753,弹,2881,殚,2
1766,形,458,刑,2
1780,彼,5638,诐,2
1781,往,192,住,2
1781,往,1784,径,2
1781,往,4473,纴,2
1785,待,227,侍,2
1785,待,1795,得,2
1789,徊,4490,细,2
1792,徐,128,仔,2
1803,微,1799,御,2
1806,徼,4595,缴,2
1808,心,1476,尢,2
1808,心,5604,讪,2
1820,志,1816,忐,2
1826,忤,1815,忏,2
1827,忧,160,伏,2
1827,忧,1832,忱,2
1827,忧,1868,怵,2
1829,快,3370,炔,2
1836,忽,1814,忍,2
1839,怀,2088,抔,2
1840,态,1207,太,2
1846,怊,1915,悟,2
1850,怒,1386,孥,2
1852,怕,1637,帕,2
1852,怕,2612,柏,2
1856,怜,1837,忾,2
1856,怜,2122,拎,2
1862,性,3508,牲,2
1863,怨,1850,怒,2
1869,总,363,兑,2
1874,恃,1464,将,2
1874,恃,2156,持,2
1878,恒,3399,烜,2
1880,恙,1881,恚,2
1885,恤,1852,怕,2
1887,恨,1864,怩,2
1887,恨,1917,悢,2
1890,恫,1932,惆,2
1891,恬,1854,怙,2
1895,恳,1813,忌,2
1905,悄,6070,逍,2
1911,悖,1933,惇,2
1913,悛,1965,愎,2
1915,悟,2184,捂,2
1915,悟,3512,牾,2
1917,悢,1887,恨,2
1930,悼,3427,焯,2
1937,惕,1124,埸,2
1940,惜,1967,愔,2
1942,惟,1651,帷,2
1950,惭,3185,渐,2
1951,惮,2239,掸,2
1952,惯,1974,愦,2
1952,惯,2241,掼,2
1953,惰,1967,愔,2
1956,惶,1958,惺,2
1957,惹,5257,薏,2
1963,愉,5396,蝓,2
1966,意,4265,竟,2
1969,愚,4171,禺,2
1981,慎,1159,填,2
1985,慢,1660,幔,2
1993,憎,1173,增,2
1995,憖,1960,愁,2
2004,懈,3324,澥,2
2010,懦,4433,糯,2
2014,戈,2053,扌,2
2017,戌,2019,戎,2
2017,戌,2021,成,2
2019,戎,2017,戌,2
2023,戒,2019,戎,2
2025,或,1769,彧,2
2025,或,2021,成,2
2027,战,4483,线,2
2043,房,713,启,2
2046,扃,4740,肩,2
2052,手,1371,孑,2
2056,扑,2057,扒,2
2056,扑,2542,朴,2
2057,扒,2056,扑,2
2058,打,2061,扛,2
2059,扔,2132,招,2
2062,扣,2544,机,2
2065,扩,1038,圹,2
2068,扬,2059,扔,2
2068,扬,2129,拘,2
2068,扬,2566,杨,2
2069,扭,2067,扫,2
2072,扰,2641,栊,2
2073,扳,1043,坂,2
2073,扳,2100,报,2
2073,扳,2115,拆,2
2073,扳,2579,板,2
2074,扶,2106,抹,2
2075,批,2071,扯,2
2075,批,2076,扺,2
2076,扺,2075,批,2
2077,扼,2084,把,2
2078,找,1077,垅,2
2078,找,2639,栈,2
2079,承,5744,豕,2
2080,技,2591,枝,2
2085,抑,145,仰,2
2085,抑,2262,揶,2
2085,抑,6144,邶,2
2086,抒,2099,护,2
2086,抒,2123,拐,2
2087,抓,1049,坏,2
2091,抗,2578,松,2
2091,抗,2982,沆,2
2092,折,2056,扑,2
2103,抬,822,哲,2
2108,押,2191,捍,2
2108,押,2619,柙,2
2109,抽,2121,拍,2
2110,抿,2100,报,2
2114,担,2193,捏,2
2115,拆,2088,抔,2
2117,拈,1066,坫,2
2117,拈,2601,枯,2
2117,拈,3507,牯,2
2118,拉,1075,垃,2
2118,拉,2139,拦,2
2122,拎,2149,拴,2
2124,拒,2084,把,2
2126,拔,2080,技,2
2127,拖,2181,挹,2
2132,招,2125,拓,2
2135,拢,1077,垅,2
2136,拣,4776,胨,2
2139,拦,2645,栏,2
2140,拧,2624,柠,2
2144,拭,2106,抹,2
2147,拱,2305,摸,2
2148,拳,1225,奉,2
2148,拳,2673,桊,2
2148,拳,4189,秦,2
2149,拴,2648,栓,2
2151,拷,2656,栲,2
2154,拾,2145,拮,2
2161,挎,1098,垮,2
2162,挑,2221,排,2
2162,挑,2667,桃,2
2172,挣,3555,狰,2
2176,挨,1105,埃,2
2176,挨,2199,换,2
2179,振,2272,搌,2
2182,挺,1109,埏,2
2182,挺,2696,梃,2
2184,捂,2175,挦,2
2184,捂,2704,梧,2
2186,捅,2693,桶,2
2187,捆,2241,掼,2
2188,捉,2089,投,2
2188,捉,2249,提,2
2189,捋,2692,桴,2
2191,捍,1908,悍,2
2195,捕,2250,插,2
2201,捧,2719,棒,2
2207,捶,2728,棰,2
2209,捺,2161,挎,2
2209,捺,3558,狳,2
2210,捻,2122,拎,2
2211,掀,2266,揿,2
2214,授,2089,投,2
2215,掉,2142,择,2
2215,掉,2203,捭,2
2215,掉,2731,棹,2
2217,掌,3497,牚,2
2219,掏,2232,掬,2
2224,掠,2737,椋,2
2229,推,1131,堆,2
2231,措,2194,捐,2
2237,掴,2187,捆,2
2239,掸,2203,捭,2
2240,掺,4418,糁,2
2248,描,2195,捕,2
2249,提,2265,揾,2
2252,揞,2274,搐,2
2258,揭,2265,揾,2
2268,搁,2237,掴,2
2274,搐,2252,揞,2
2276,搓,2793,槎,2
2279,搜,2102,披,2
2280,搞,2790,槁,2
2284,搪,1156,塘,2
2294,摆,2193,捏,2
2294,摆,2291,摁,2
2296,摈,2799,槟,2
2297,摊,2229,推,2
2302,摧,3696,璀,2
2309,撂,2301,摞,2
2311,撅,2822,橛,2
2314,撒,3311,潵,2
2321,撬,2818,橇,2
2322,播,1175,墦,2
2327,撸,2827,橹,2
2331,擂,2833,檑,2
2336,擒,2831,檎,2
2350,支,1721,廴,2
2350,支,5836,走,2
2351,攴,2350,支,2
2352,攵,3481,父,2
2355,改,2356,攻,2
2355,改,3623,玫,2
2356,攻,2355,改,2
2356,攻,2973,汶,2
2358,政,2356,攻,2
2367,教,2359,故,2
2367,教,2376,数,2
2368,敛,4478,纹,2
2372,散,5093,莜,2
2376,数,2361,敉,2
2377,敲,2853,歆,2
2379,敷,2376,数,2
2381,斋,4172,离,2
2387,料,2090,抖,2
2396,斩,5963,轫,2
2401,方,1738,弓,2
2419,旦,2418,日,2
2419,旦,2512,曰,2
2427,旰,2429,旴,2
2448,昝,760,咎,2
2449,星,2476,晟,2
2452,昧,3956,眯,2
2455,是,2456,昱,2
2458,昵,180,伲,2
2458,昵,3949,眠,2
2460,昼,1488,尽,2
2460,昼,3783,疍,2
2477,晡,4811,脯,2
2478,晤,2454,昭,2
2479,晦,930,嗨,2
2489,晾,825,哼,2
2490,暂,6265,錾,2
2497,暗,851,唼,2
2505,曈,4001,瞳,2
2519,曾,387,兽,2
2522,月,3929,目,2
2530,朗,6157,郎,2
2535,木,4174,禾,2
2536,未,4391,米,2
2537,末,34,丰,2
2537,末,2053,扌,2
2537,末,2541,朱,2
2538,本,2535,木,2
2543,朵,725,呆,2
2543,朵,2547,杂,2
2546,杀,2547,杂,2
2547,杂,22,东,2
2547,杂,2543,朵,2
2551,杉,2058,打,2
2554,杏,685,吉,2
2555,材,2556,村,2
2559,杜,2562,杠,2
2561,束,4677,耒,2
2562,杠,2539,札,2
2562,杠,2549,杆,2
2562,杠,2559,杜,2
2564,来,1217,夹,2
2571,杰,2554,杏,2
2573,杳,2554,杏,2
2575,杷,2084,把,2
2578,松,143,仫,2
2578,松,1828,忪,2
2578,松,2551,杉,2
2579,板,2589,枚,2
2580,极,2100,报,2
2581,构,2129,拘,2
2582,枇,2075,批,2
2583,枉,2113,拄,2
2583,枉,2631,柱,2
2583,枉,2666,桂,2
2584,枋,2555,材,2
2586,枕,2596,枧,2
2587,林,2556,村,2
2589,枚,2361,敉,2
2589,枚,2591,枝,2
2590,果,725,呆,2
2593,枢,2575,杷,2
2598,枪,2098,抢,2
2599,枫,2580,极,2
2602,枰,2101,抨,2
2607,枸,2581,构,2
2610,柄,2649,栖,2
2612,柏,2121,拍,2
2613,某,5038,茱,2
2616,染,2615,柒,2
2616,染,2695,梁,2
2620,柚,2109,抽,2
2622,柝,2115,拆,2
2624,柠,2577,杼,2
2629,柯,2576,杻,2
2629,柯,2607,枸,2
2633,柴,2615,柒,2
2633,柴,4441,紫,2
2634,柽,2142,择,2
2635,柿,2584,枋,2
2635,柿,2595,枥,2
2642,栋,2156,持,2
2647,栒,2607,枸,2
2648,栓,2645,栏,2
2650,栗,1095,垩,2
2650,栗,4151,票,2
2653,校,2591,枝,2
2653,校,3548,狡,2
2655,株,2574,杵,2
2658,样,2761,楫,2
2660,根,2110,抿,2
2660,根,2715,棂,2
2666,桂,2675,桎,2
2667,桃,2582,枇,2
2674,桌,4876,臬,2
2676,桐,2774,榈,2
2676,桐,3934,相,2
2679,桔,2601,枯,2
2679,桔,2704,梧,2
2685,桤,1899,恺,2
2689,桨,3089,浆,2
2689,桨,4406,粢,2
2690,桩,2206,捱,2
2690,桩,2641,栊,2
2697,梅,2694,桷,2
2706,梭,2653,校,2
2708,械,2801,槭,2
2711,梽,2657,栳,2
2713,检,2198,捡,2
2719,棒,2764,楱,2
2720,棕,2638,标,2
2720,棕,2773,榇,2
2720,棕,4416,粽,2
2722,棚,2654,栩,2
2729,棱,1137,堎,2
2729,棱,4159,祾,2
2730,棵,2644,栎,2
2732,棺,2783,榨,2
2736,椅,2711,梽,2
2739,椎,4209,稚,2
2741,椑,4208,稗,2
2750,椽,2823,橡,2
2757,楞,1972,愣,2
2757,楞,2604,枵,2
2757,楞,2745,椤,2
2759,楣,1337,媚,2
2759,楣,2234,掮,2
2759,楣,2776,榍,2
2760,楦,2247,揎,2
2764,楱,2780,榛,2
2771,榄,2264,揽,2
2771,榄,2683,桢,2
2772,榆,1963,愉,2
2773,榇,2700,梓,2
2783,榨,2778,榕,2
2788,榷,2302,摧,2
2811,横,2804,槿,2
2812,樯,1171,墙,2
2820,橘,2300,摘,2
2831,檎,2336,擒,2
2833,檑,2331,擂,2
2836,檩,2737,椋,2
2836,檩,2829,檀,2
2851,款,5967,软,2
2858,止,7,上,2
2859,正,16,丕,2
2859,正,672,叵,2
2865,歹,4,万,2
2875,殊,1286,姝,2
2895,母,2894,毋,2
2900,比,669,叱,2
2903,毗,3951,眦,2
2904,毙,4342,箢,2
2909,毯,3673,琰,2
2918,氏,558,化,2
2924,氖,2925,氘,2
2927,氚,2925,氘,2
2928,氛,2924,氖,2
2933,氦,2937,氪,2
2935,氨,2932,氤,2
2935,氨,2937,氪,2
2935,氨,2938,氮,2
2937,氪,2940,氰,2
2938,氮,2939,氯,2
2940,氰,2937,氪,2
2940,氰,5746,象,2
2942,水,2944,永,2
2943,氵,407,冫,2
2943,氵,5594,讠,2
2946,汀,2951,汈,2
2946,汀,3609,玎,2
2951,汈,6505,闩,2
2952,汉,2973,汶,2
2957,汗,3003,沪,2
2958,汛,6508,闭,2
2960,汝,1250,妆,2
2960,汝,2973,汶,2
2960,汝,3071,洨,2
2961,汞,2944,永,2
2963,池,1036,地,2
2964,污,5622,访,2
2965,汤,3017,泃,2
2968,汪,2985,沌,2
2968,汪,3038,注,2
2968,汪,4473,纴,2
2969,汭,4472,纳,2
2971,汲,4461,级,2
2975,汽,3054,泾,2
2976,汾,4476,纷,2
2984,沉,2955,汔,2
2984,沉,2976,汾,2
2984,沉,3120,浼,2
2993,沛,3127,涑,2
2996,沣,3041,泮,2
2997,沤,2968,汪,2
2999,沦,2955,汔,2
2999,沦,2973,汶,2
2999,沦,3000,沧,2
2999,沦,4475,纶,2
3000,沧,2999,沦,2
3000,沧,3034,泡,2
3006,沮,2966,汨,2
3006,沮,4488,组,2
3009,河,1071,坷,2
3009,河,2951,汈,2
3010,沸,1740,弗,2
3010,沸,4495,绋,2
3010,沸,5610,讲,2
3011,油,2969,汭,2
3012,治,3016,沿,2
3012,治,3081,洺,2
3013,沼,664,召,2
3013,沼,4497,绍,2
3015,沾,3016,沿,2
3015,沾,3049,泸,2
3016,沿,415,冶,2
3016,沿,3081,洺,2
3019,泅,1000,囚,2
3019,泅,3028,泗,2
3021,泊,2967,汩,2
3022,泌,2977,沁,2
3030,泛,3036,泣,2
3036,泣,3038,注,2
3037,泥,180,伲,2
3038,注,5654,诠,2
3041,泮,4494,绊,2
3046,泵,3020,泉,2
3051,泻,409,冯,2
3053,泽,3058,洋,2
3053,泽,4498,绎,2
3055,洁,4503,结,2
3058,洋,1087,垟,2
3058,洋,3065,洚,2
3059,洌,3097,浏,2
3066,洛,3642,珞,2
3067,洞,425,凋,2
3067,洞,5688,调,2
3081,洺,3066,洛,2
3082,活,3012,治,2
3083,洼,3038,注,2
3084,洽,415,冶,2
3084,洽,2976,汾,2
3084,洽,3095,浍,2
3085,派,3031,泜,2
3085,派,5617,讹,2
3086,流,3120,浼,2
3087,浃,3134,涞,2
3088,浅,4483,线,2
3093,浊,3044,泱,2
3094,测,463,则,2
3098,浐,3049,泸,2
3099,浑,401,军,2
3099,浑,3174,深,2
3104,浙,2398,断,2
3104,浙,2585,析,2
3105,浚,829,唆,2
3105,浚,3071,洨,2
3110,浣,3120,浼,2
3115,浮,3175,淳,2
3117,浴,4519,绤,2
3119,浸,6863,骎,2
3121,涂,3115,浮,2
3121,涂,3140,涤,2
3121,涂,3164,淙,2
3121,涂,6806,馀,2
3123,消,3070,洧,2
3128,涓,4517,绢,2
3130,涕,6074,递,2
3132,涛,3241,溱,2
3134,涞,3087,浃,2
3135,涟,3659,琏,2
3135,涟,6042,连,2
3137,涡,1116,埚,2
3141,润,3142,涧,2
3142,涧,3056,洄,2
3142,涧,3141,润,2
3142,涧,5656,询,2
3144,涩,3107,浞,2
3145,涪,3250,滂,2
3145,涪,5709,谙,2
3147,涮,847,唰,2
3148,涯,3196,渥,2
3148,涯,3822,痉,2
3151,涸,3067,洞,2
3154,淄,4547,缁,2
3155,淅,3104,浙,2
3166,淞,423,凇,2
3168,淡,3673,琰,2
3171,淫,3217,湟,2
3171,淫,3260,滗,2
3171,淫,4520,绥,2
3173,淮,422,准,2
3173,淮,3060,洎,2
3174,深,3099,浑,2
3183,渍,3138,涢,2
3184,渎,5680,读,2
3187,渔,3201,渲,2
3189,渗,5632,诊,2
3190,渚,1148,堵,2
3192,渠,3198,渫,2
3199,渭,3202,渴,2
3202,渴,3128,涓,2
3204,渺,3940,眇,2
3213,湘,3934,相,2
3216,湝,5700,谐,2
3218,湨,3160,淏,2
3221,湲,5706,谖,2
3222,湾,1751,弯,2
3235,溢,3231,溘,2
3235,溢,3269,滥,2
3250,滂,5719,谤,2
3253,滋,3024,泓,2
3256,滑,3206,湄,2
3257,滓,3307,潭,2
3258,滔,3015,沾,2
3270,滦,2663,栾,2
3270,滦,3238,溧,2
3271,滨,3110,浣,2
3272,滩,3333,濉,2
3275,滴,3300,潏,2
3277,漂,3164,淙,2
3281,漓,3300,潏,2
3281,漓,3698,璃,2
3286,漩,2409,旋,2
3288,漫,3119,浸,2
3288,漫,3242,溲,2
3288,漫,4581,缦,2
3290,漯,4582,缧,2
3303,潞,3704,璐,2
3307,潭,3257,滓,2
3326,澳,1238,奥,2
3331,激,3298,潋,2
3335,濒,3273,滪,2
3349,灈,3340,濯,2
3359,灶,4130,社,2
3361,灼,2557,杓,2
3362,灾,1400,宄,2
3364,炀,3614,玚,2
3371,炕,3384,炷,2
3375,炝,3380,炮,2
3388,炼,3391,烁,2
3394,烈,5503,裂,2
3403,烦,3367,炊,2
3415,焉,3294,漹,2
3426,焦,2419,旦,2
3427,焯,1930,悼,2
3439,照,2454,昭,2
3447,熄,5413,螅,2
3449,熏,6254,重,2
3459,熳,1985,慢,2
3468,燠,2005,懊,2
3501,牡,3499,牝,2
3501,牡,3508,牲,2
3504,牧,2353,收,2
3510,特,2189,捋,2
3510,特,3507,牯,2
3511,牺,4404,粞,2
3524,犬,1205,大,2
3524,犬,1477,尤,2
3529,状,1827,忧,2
3530,犷,2065,扩,2
3534,狂,3527,犰,2
3539,狍,3543,狗,2
3541,狐,1385,孤,2
3544,狙,2114,担,2
3545,狝,4195,称,2
3546,狞,4710,聍,2
3552,狭,3551,独,2
3555,狰,2172,挣,2
3561,狸,257,俚,2
3561,狸,1304,娌,2
3567,猄,2224,掠,2
3570,猎,3584,猫,2
3573,猖,3560,狷,2
3575,猛,3591,猹,2
3582,猩,3561,狸,2
3583,猪,3570,猎,2
3583,猪,5534,褚,2
3584,猫,3570,猎,2
3584,猫,3984,瞄,2
3595,獏,2305,摸,2
3599,獠,2320,撩,2
3605,玄,96,亥,2
3606,率,585,卒,2
3606,率,6011,辛,2
3607,玉,48,乇,2
3607,玉,1672,幺,2
3608,王,16,丕,2
3608,王,1185,壬,2
3622,玩,2981,沅,2
3626,现,5555,观,2
3627,玲,3033,泠,2
3629,玷,1066,坫,2
3629,玷,3642,珞,2
3631,玻,5638,诐,2
3633,珂,1071,坷,2
3637,珍,5632,诊,2
3654,理,257,俚,2
3654,理,4210,稞,2
3674,琳,3158,淋,2
3676,琵,3677,琶,2
3685,瑚,3212,湖,2
3689,瑟,2902,毖,2
3693,瑶,3683,瑗,2
3726,瓴,6730,领,2
3741,甥,2123,拐,2
3742,用,6519,闸,2
3750,由,393,冉,2
3750,由,6022,边,2
3752,申,33,中,2
3759,畀,3763,界,2
3770,畜,6902,高,2
3771,略,4786,胳,2
3773,番,6829,香,2
3774,畯,3965,睃,2
3787,疔,3789,疗,2
3800,疫,3791,疚,2
3801,疬,3794,疠,2
3813,疼,3822,痉,2
3815,疾,3791,疚,2
3815,疾,3800,疫,2
3821,痈,3830,痛,2
3822,痉,3805,疰,2
3823,痊,3822,痉,2
3825,痒,3805,疰,2
3828,痖,3829,痘,2
3830,痛,3839,痫,2
3840,痰,3815,疾,2
3871,瘴,3847,瘁,2
3879,癌,3859,瘟,2
3890,白,692,向,2
3893,的,520,劢,2
3895,皇,3892,皂,2
3905,皱,4051,破,2
3905,皱,6342,铍,2
3908,皿,5457,血,2
3910,盅,1824,忠,2
3912,盈,3911,盆,2
3914,益,3922,盖,2
3929,目,15,且,2
3929,目,4875,自,2
3932,盲,4747,育,2
3933,直,3948,真,2
3934,相,2237,掴,2
3935,盹,3943,眊,2
3937,盾,5772,质,2
3944,看,4671,者,2
3949,眠,2458,昵,2
3956,眯,3967,睐,2
3956,眯,4802,脒,2
3958,眶,3945,眍,2
3959,眷,3944,看,2
3962,眼,2526,服,2
3965,睃,4809,脧,2
3970,睛,3979,睹,2
3978,睬,3967,睐,2
3985,瞅,881,啾,2
3991,瞟,4852,膘,2
3993,瞢,5204,蓇,2
3994,瞥,1734,弊,2
4003,瞻,5444,蟾,2
4010,矢,1206,天,2
4010,矢,1221,奂,2
4016,矬,6397,锉,2
4017,短,4014,矩,2
4019,石,10,不,2
4021,矸,2867,歼,2
4024,矾,4033,砒,2
4034,研,4021,矸,2
4035,砖,4048,砭,2
4050,砰,4036,砗,2
4058,砾,4032,砑,2
4058,砾,4036,砗,2
4061,硅,4075,硭,2
4067,硕,4031,砍,2
4083,碎,4050,砰,2
4091,碟,5914,蹀,2
4108,磋,4104,磁,2
4113,磨,7117,麽,2
4127,示,4128,礻,2
4130,社,4129,礼,2
4139,祖,5489,袒,2
4142,祛,5495,袪,2
4146,祟,4402,粜,2
4149,祥,2658,样,2
4149,祥,4163,禅,2
4151,票,101,享,2
4170,禹,4171,禺,2
4173,禽,973,噙,2
4180,秋,4176,私,2
4183,秒,2568,杪,2
4183,秒,4185,秘,2
4186,租,2869,殂,2
4189,秦,1225,奉,2
4189,秦,1228,奏,2
4189,秦,2673,桊,2
4194,积,4203,稆,2
4196,秸,2679,桔,2
4198,秽,4197,移,2
4201,稂,2660,根,2
4202,稃,2692,桴,2
4205,稍,2702,梢,2
4206,税,2714,棁,2
4212,稣,6210,酥,2
4219,稿,3521,犒,2
4226,穴,2840,欠,2
4228,穷,4227,究,2
4236,窄,4297,笮,2
4236,窄,5581,言,2
4240,窍,4230,穹,2
4241,窑,4244,窖,2
4242,窒,1416,宝,2
4244,窖,1429,害,2
4248,窝,1426,宫,2
4248,窝,1446,寓,2
4248,窝,1593,嵩,2
4260,立,41,主,2
4274,竽,4275,竿,2
4281,笋,4274,竽,2
4283,笑,716,吴,2
4283,笑,1221,奂,2
4283,笑,4011,矣,2
4284,笔,4973,芼,2
4286,笙,3740,生,2
4288,笞,4313,答,2
4295,笫,4296,第,2
4296,第,1743,弟,2
4306,等,4274,竽,2
4306,等,4292,符,2
4312,筒,6793,饲,2
4313,答,5738,谷,2
4314,策,4293,笨,2
4319,筝,77,争,2
4330,签,639,叁,2
4330,签,4313,答,2
4338,算,1732,弇,2
4341,管,4346,箩,2
4341,管,5115,菅,2
4343,箦,4384,簧,2
4346,箩,1194,复,2
4352,箴,1427,宬,2
4360,篓,4256,窭,2
4360,篓,4301,笺,2
4361,篙,4370,篱,2
4365,篢,4343,箦,2
4370,篱,4361,篙,2
4371,篷,5218,蓬,2
4390,籍,5269,藉,2
4391,米,2537,末,2
4393,类,4409,粪,2
4395,籽,2361,敉,2
4398,粒,2118,拉,2
4398,粒,4401,粘,2
4405,粟,5551,要,2
4411,粱,4406,粢,2
4426,糖,4431,糠,2
4429,糜,2303,摩,2
4436,系,105,亲,2
4436,系,1470,尕,2
4439,索,4438,素,2
4440,紧,4444,絷,2
4441,紫,2633,柴,2
4458,纤,2957,汗,2
4460,约,1246,妁,2
4461,级,4474,纵,2
4464,纪,1034,圮,2
4464,纪,1248,妃,2
4464,纪,1782,征,2
4464,纪,2900,比,2
4464,纪,2959,汜,2
4467,纭,4507,绘,2
4475,纶,6792,饱,2
4476,纷,152,份,2
4476,纷,4500,绐,2
4478,纹,2973,汶,2
4479,纺,4476,纷,2
4481,纽,1260,妞,2
4481,纽,6312,钮,2
4485,绁,4484,绀,2
4488,组,4491,织,2
4491,织,5629,识,2
4491,织,6719,须,2
4494,绊,3041,泮,2
4498,绎,5639,译,2
4499,经,1784,径,2
4499,经,3054,泾,2
4499,经,4464,纪,2
4499,经,4508,给,2
4500,绐,4508,给,2
4501,绑,4529,绯,2
4501,绑,6150,邾,2
4503,结,5646,诘,2
4507,绘,4508,给,2
4508,给,4476,纷,2
4508,给,4504,绔,2
4508,给,4507,绘,2
4508,给,4511,络,2
4509,绚,203,佝,2
4509,绚,3644,珣,2
4510,绛,4498,绎,2
4510,绛,4521,绦,2
4511,络,4508,给,2
4512,绝,175,伧,2
4512,绝,4475,纶,2
4516,绡,4517,绢,2
4520,绥,4563,缓,2
4521,绦,4510,绛,2
4522,继,4485,绁,2
4524,绩,300,债,2
4525,绪,307,偌,2
4525,绪,6411,锗,2
4530,绰,296,倬,2
4531,绱,4516,绡,2
4534,维,3173,淮,2
4534,维,5686,谁,2
4550,缄,5648,诚,2
4563,缓,5706,谖,2
4564,缔,5711,谛,2
4566,编,2045,扁,2
4568,缘,4545,绿,2
4578,缣,5721,谦,2
4579,缤,327,傧,2
4579,缤,3271,滨,2
4583,缨,3703,璎,2
4591,缰,345,僵,2
4599,缺,3621,玦,2
4607,罗,2434,旻,2
4616,置,2456,昱,2
4626,美,4625,羌,2
4628,羔,25,丢,2
4628,羔,3922,盖,2
4634,群,6014,辟,2
4644,翁,4650,翕,2
4646,翊,4648,翎,2
4665,翻,4649,翔,2
4668,老,14,专,2
4669,考,1381,孝,2
4675,耍,1281,委,2
4676,耐,6198,酎,2
4677,耒,2564,来,2
4678,耔,4395,籽,2
4683,耙,4681,耗,2
4697,耵,3930,盯,2
4700,耸,4699,耷,2
4725,肋,3940,眇,2
4727,肓,3932,盲,2
4728,肖,1044,均,2
4728,肖,4740,肩,2
4731,肛,4898,舡,2
4735,肠,2527,朐,2
4735,肠,3505,物,2
4737,肢,4788,胶,2
4741,肪,4903,舫,2
4745,肯,2421,旨,2
4748,肴,1632,希,2
4753,肾,5768,贤,2
4758,胃,4759,胄,2
4759,胄,4758,胃,2
4761,背,4796,脊,2
4769,胜,4729,肘,2
4771,胞,2527,朐,2
4771,胞,4794,脆,2
4771,胞,4908,舱,2
4775,胧,4742,肫,2
4775,胧,4752,肽,2
4788,胶,4809,脧,2
4789,胸,6597,陶,2
4794,脆,4771,胞,2
4800,脐,4782,胯,2
4802,脒,4798,脎,2
4811,脯,4833,腩,2
4815,脸,4826,腔,2
4822,腐,4862,膺,2
4828,腙,4840,腺,2
4831,腥,4843,腽,2
4852,膘,3991,瞟,2
4852,膘,4849,膊,2
4858,膦,4002,瞵,2
4866,臂,4864,臀,2
4874,臧,427,减,2
4883,舀,5689,谄,2
4889,舌,657,古,2
4889,舌,727,告,2
4892,舒,6280,钌,2
4902,航,2524,朊,2
4904,般,4915,船,2
4906,舯,4909,舳,2
4908,舱,4911,舵,2
4922,艏,4918,艄,2
4929,艰,1088,垠,2
4941,芊,6011,辛,2
4947,芒,4945,芏,2
4951,芜,5045,茺,2
4952,芝,4961,芫,2
4956,芥,4972,芹,2
4962,芬,530,劳,2
4963,芭,4946,芑,2
4965,芯,4976,苁,2
4965,芯,5241,蕊,2
4967,花,4949,芘,2
4978,苇,5010,茀,2
4981,苋,4954,芡,2
4983,苍,1623,巷,2
4983,苍,4946,芑,2
4983,苍,4995,苞,2
4986,苑,5171,葩,2
4991,苗,5025,茔,2
4991,苗,5118,菌,2
4993,苛,4996,苟,2
4993,苛,5047,荀,2
4993,苛,5079,荷,2
4996,苟,4969,芴,2
4996,苟,4993,苛,2
4996,苟,5046,茼,2
4996,苟,5119,菏,2
5004,苯,5042,茶,2
5005,英,4950,芙,2
5008,苹,4624,羊,2
5008,苹,5052,草,2
5008,苹,6673,革,2
5010,茀,1740,弗,2
5013,范,4981,苋,2
5016,茆,5028,茚,2
5021,茎,1126,基,2
5029,茛,5096,莨,2
5033,茨,4998,苡,2
5039,茳,5076,荭,2
5041,茵,4991,苗,2
5052,草,4941,芊,2
5052,草,5141,萆,2
5052,草,6673,革,2
5053,荏,5020,茌,2
5059,荚,4950,芙,2
5059,荚,5138,萁,2
5062,荞,4956,芥,2
5066,荣,5068,荥,2
5067,荤,5069,荦,2
5074,荫,5143,萌,2
5079,荷,5009,苻,2
5079,荷,5047,荀,2
5079,荷,5119,菏,2
5081,荻,5107,莸,2
5081,荻,5156,萩,2
5084,莅,4984,苎,2
5101,莱,5038,茱,2
5106,获,5037,茯,2
5119,菏,5191,蒟,2
5132,菱,5036,茭,2
5144,萍,1696,庠,2
5145,萎,1285,姜,2
5145,萎,5083,荽,2
5150,萝,5152,营,2
5151,萤,5108,莹,2
5170,董,5265,薰,2
5172,葫,4772,胡,2
5175,葱,5179,葸,2
5181,蒂,4975,芾,2
5190,蒜,5073,荪,2
5200,蒿,1593,嵩,2
5205,蓉,5129,菩,2
5205,蓉,5130,菪,2
5219,蓰,1797,徙,2
5225,蔗,1704,庶,2
5237,蔽,2375,敬,2
5265,薰,5170,董,2
5269,藉,4390,籍,2
5272,藓,5258,薛,2
5277,藩,5238,蕃,2
5281,蘑,5225,蔗,2
5290,虏,1683,序,2
5291,虐,5294,虚,2
5292,虑,5289,虎,2
5301,虹,5303,虻,2
5304,虼,5303,虻,2
5313,蚌,5346,蛙,2
5319,蚣,5303,虻,2
5326,蚯,5303,虻,2
5333,蛀,5318,蚝,2
5335,蛆,5325,蚬,2
5338,蛊,3910,盅,2
5338,蛊,3915,盍,2
5338,蛊,3916,盎,2
5346,蛙,5352,蛭,2
5347,蛛,1286,姝,2
5347,蛛,5313,蚌,2
5353,蛮,4264,竞,2
5355,蛱,5322,蚨,2
5359,蛸,5370,蜎,2
5365,蜇,5354,蛰,2
5366,蜈,1314,娱,2
5370,蜎,5359,蛸,2
5372,蜓,6361,铤,2
5374,蜗,1116,埚,2
5374,蜗,5425,螭,2
5393,蝉,5345,蛘,2
5393,蝉,5943,蹿,2
5398,蝙,5360,蛹,2
5398,蝙,5425,螭,2
5399,蝠,1658,幅,2
5425,螭,5374,蜗,2
5431,蟀,5343,蛑,2
5434,蟋,5413,螅,2
5439,蟠,5434,蟋,2
5440,蟥,5379,蜡,2
5449,蠕,5398,蝙,2
5463,街,4457,纣,2
5465,衡,5462,衔,2
5468,衤,5467,衣,2
5474,衮,366,兖,2
5475,衰,5509,裒,2
5477,衷,789,哀,2
5480,衿,5491,袗,2
5481,袁,789,哀,2
5489,袒,4139,祖,2
5492,袜,4187,秣,2
5496,被,1780,彼,2
5500,袷,5516,裣,2
5504,装,5523,裴,2
5506,裈,5662,诨,2
5511,裕,5501,袼,2
5523,裴,5504,装,2
5525,裹,5477,衷,2
5527,裾,5513,裙,2
5531,褒,5509,裒,2
5550,西,5457,血,2
5556,规,2596,枧,2
5557,觅,5771,货,2
5562,觊,436,凯,2
5569,角,3746,甬,2
5581,言,3605,玄,2
5594,讠,93,亡,2
5595,计,5602,讨,2
5596,订,116,仃,2
5600,讦,2957,汗,2
5601,讧,4456,红,2
5602,讨,132,付,2
5605,讫,5640,诒,2
5607,议,142,仪,2
5607,议,2953,汊,2
5608,讯,5610,讲,2
5609,记,2955,汔,2
5611,讳,4466,纬,2
5612,讴,2997,沤,2
5614,讶,171,伢,2
5614,讶,3618,玡,2
5616,许,148,仵,2
5618,论,3048,泷,2
5618,论,4475,纶,2
5618,论,5653,诟,2
5619,讼,2980,沄,2
5619,讼,5618,论,2
5619,讼,5640,诒,2
5620,讽,5633,诋,2
5622,访,2964,污,2
5622,访,4479,纺,2
5623,诀,1052,块,2
5623,诀,3087,浃,2
5624,证,5601,讧,2
5625,诂,3014,沽,2
5625,诂,5646,诘,2
5626,诃,3009,河,2
5627,评,5600,讦,2
5628,诅,4488,组,2
5631,诉,2978,沂,2
5632,诊,5622,访,2
5633,诋,191,低,2
5634,诌,3187,渔,2
5634,诌,4493,绉,2
5635,词,184,伺,2
5635,词,3067,洞,2
5639,译,4498,绎,2
5644,诖,3083,洼,2
5646,诘,3055,洁,2
5646,诘,4503,结,2
5649,诛,3050,泺,2
5649,诛,5492,袜,2
5651,话,5625,诂,2
5651,话,5666,语,2
5652,诞,1109,埏,2
5656,询,3017,泃,2
5656,询,3644,珣,2
5657,诣,3216,湝,2
5659,该,1083,垓,2
5660,详,5616,许,2
5660,详,5639,译,2
5665,诬,1616,巫,2
5666,语,5669,诰,2
5667,诮,252,俏,2
5668,误,5675,诶,2
5670,诱,6071,透,2
5671,诲,243,侮,2
5671,诲,5634,诌,2
5674,诵,5667,诮,2
5677,诸,5709,谙,2
5679,诺,289,借,2
5679,诺,307,偌,2
5679,诺,3190,渚,2
5680,读,5714,谟,2
5682,诽,3074,洮,2
5683,课,298,倮,2
5683,课,3174,深,2
5686,谁,2410,旌,2
5688,调,425,凋,2
5688,调,3067,洞,2
5688,调,3151,涸,2
5690,谅,3567,猄,2
5692,谇,3172,淬,2
5693,谈,282,倓,2
5695,谋,3157,淇,2
5695,谋,3198,渫,2
5702,谒,4270,竭,2
5703,谓,3128,涓,2
5719,谤,324,傍,2
5723,谨,3314,潼,2
5723,谨,3695,瑾,2
5723,谨,6821,馑,2
5724,谩,3215,湜,2
5731,谰,3136,涠,2
5738,谷,682,各,2
5763,贞,5764,负,2
5764,负,736,员,2
5764,负,5763,贞,2
5764,负,6713,页,2
5767,责,7113,麦,2
5769,败,5773,贩,2
5770,账,2903,毗,2
5771,货,5797,赁,2
5773,贩,5769,败,2
5773,贩,6788,饭,2
5775,贫,606,危,2
5797,赁,5771,货,2
5800,资,5774,贪,2
5809,赍,5785,贵,2
5815,赔,6229,醅,2
5821,赛,5805,赉,2
5831,赦,2367,教,2
5831,赦,5833,赪,2
5836,走,14,专,2
5841,起,5844,超,2
5842,趁,5846,趋,2
5846,趋,5842,趁,2
5864,跌,5876,跣,2
5872,跛,875,啵,2
5875,跟,5893,踉,2
5875,跟,6581,限,2
5875,跟,7176,龈,2
5879,跪,5861,跄,2
5883,跳,3646,珧,2
5883,跳,3961,眺,2
5884,践,4483,线,2
5886,跷,4505,绕,2
5886,跷,5876,跣,2
5889,跺,5874,跞,2
5889,跺,5898,踝,2
5894,踊,5915,蹁,2
5899,踞,5527,裾,2
5955,躲,1463,射,2
5958,车,1371,孑,2
5964,转,2095,抟,2
5972,轴,2620,柚,2
5977,轹,5975,轷,2
5977,轹,6334,铄,2
5982,轾,5979,轻,2
5993,辉,5506,裈,2
6007,辗,5994,辊,2
6011,辛,1671,幸,2
6020,辱,1697,庤,2
6025,迁,2968,汪,2
6026,迂,6029,过,2
6033,近,6065,逅,2
6037,还,6072,逐,2
6041,违,6024,达,2
6044,迢,3107,浞,2
6048,迨,6065,逅,2
6058,迹,6049,迩,2
6059,追,6087,逭,2
6059,追,6103,遑,2
6060,退,6044,迢,2
6062,适,3082,活,2
6062,适,6071,透,2
6063,逃,445,凼,2
6071,透,5670,诱,2
6073,逑,6054,述,2
6074,递,6066,逆,2
6075,途,3170,淦,2
6077,逗,6055,迳,2
6083,造,5669,诰,2
6083,造,6090,逵,2
6085,逢,6075,途,2
6097,遂,6066,逆,2
6099,遇,6101,遏,2
6101,遏,6099,遇,2
6116,遵,1466,尊,2
6118,避,3330,澼,2
6134,邦,6149,邽,2
6134,邦,6150,邾,2
6140,邱,6128,邙,2
6148,邻,6159,郐,2
6156,郊,2360,效,2
6156,郊,4132,祁,2
6157,郎,607,即,2
6158,郏,6134,邦,2
6171,部,6173,郭,2
6171,部,6297,钟,2
6180,鄂,6164,郛,2
6184,鄙,6177,都,2
6193,酉,26,两,2
6196,酌,4023,矽,2
6201,酒,3209,湎,2
6213,酪,4063,硌,2
6223,酷,6209,酤,2
6223,酷,6217,酰,2
6224,酸,6231,醉,2
6228,酿,4042,砣,2
6232,醋,6223,酷,2
6237,醒,6233,醌,2
6250,采,2052,手,2
6251,釉,5972,轴,2
6253,里,726,呈,2
6257,金,209,佥,2
6257,金,371,全,2
6259,鉴,3919,监,2
6276,针,6279,钋,2
6277,钉,6287,钔,2
6282,钎,4458,纤,2
6282,钎,6276,针,2
6285,钒,6781,饥,2
6286,钓,6305,钧,2
6286,钓,6307,钩,2
6298,钠,4472,纳,2
6299,钡,6310,钬,2
6303,钥,3620,玥,2
6304,钦,5967,软,2
6305,钧,4460,约,2
6309,钫,6318,钴,2
6310,钬,6331,铁,2
6312,钮,6326,钼,2
6317,钳,6326,钼,2
6319,钵,6292,钚,2
6319,钵,6363,铧,2
6325,钻,6354,铝,2
6328,钾,4489,绅,2
6330,铀,3011,油,2
6331,铁,5974,轶,2
6333,铃,3627,玲,2
6333,铃,4507,绘,2
6333,铃,4629,羚,2
6335,铅,6354,铝,2
6336,铆,6350,铘,2
6343,铎,6399,锋,2
6344,铐,2656,栲,2
6352,铛,4493,绉,2
6352,铛,6309,钫,2
6353,铜,6300,钢,2
6353,铜,6326,钼,2
6355,铞,6393,锅,2
6356,铟,6421,锢,2
6359,铢,6331,铁,2
6360,铣,6349,铗,2
6369,铭,4511,络,2
6369,铭,5986,辂,2
6372,铰,5349,蛟,2
6372,铰,6801,饺,2
6378,银,6341,铌,2
6378,银,6406,锒,2
6382,铺,6347,铕,2
6385,铽,6348,铖,2
6388,销,4516,绡,2
6388,销,6347,铕,2
6389,锁,3660,琐,2
6389,锁,6388,销,2
6392,锄,6326,钼,2
6395,锇,6805,饿,2
6397,锉,6364,铨,2
6404,锐,6308,钪,2
6405,锑,4523,绨,2
6413,错,6394,锆,2
6414,锚,905,喵,2
6414,锚,6413,错,2
6421,锢,6356,铟,2
6432,锭,4543,绽,2
6432,锭,6372,铰,2
6433,键,313,健,2
6434,锯,3661,琚,2
6449,镀,6301,钣,2
6462,镍,6418,锞,2
6465,镐,6478,镝,2
6473,镘,4581,缦,2
6477,镜,6497,镱,2
6480,镟,6479,镞,2
6484,镣,4588,缭,2
6494,镭,6464,镏,2
6503,长,3524,犬,2
6504,门,116,仃,2
6505,闩,2951,汈,2
6506,闪,6518,闷,2
6509,问,692,向,2
6509,问,1534,岣,2
6510,闯,6522,闻,2
6511,闰,6507,闫,2
6511,闰,6509,问,2
6513,闲,6535,阈,2
6518,闷,6509,问,2
6522,闻,6515,间,2
6525,闾,6537,阊,2
6532,阅,4605,罔,2
6536,阉,6534,阇,2
6541,阎,6531,阄,2
6543,阐,6522,闻,2
6555,队,6557,阢,2
6559,阮,6557,阢,2
6562,阳,6566,阻,2
6565,阶,6569,阿,2
6569,阿,6563,阴,2
6572,附,5870,跗,2
6574,陆,6583,陕,2
6575,陇,767,咙,2
6586,陡,6585,陟,2
6592,陪,4088,碚,2
6602,隋,1953,惰,2
6606,隔,6598,陷,2
6619,雀,3938,省,2
6619,雀,5147,萑,2
6629,雏,6628,雎,2
6635,雪,6634,雩,2
6646,震,6652,霓,2
6663,青,1461,寿,2
6663,青,3947,眚,2
6673,革,5052,草,2
6675,靳,5248,蕲,2
6700,鞴,6699,鞲,2
6711,韵,5753,豹,2
6714,顶,1494,屃,2
6714,顶,2197,损,2
6714,顶,6717,项,2
6715,顷,1048,坎,2
6717,项,6724,颀,2
6725,颁,6736,颌,2
6730,领,6719,须,2
6730,领,6726,颂,2
6736,颌,6730,领,2
6743,颖,2851,款,2
6763,飒,5620,讽,2
6771,飞,1817,忑,2
6772,食,1838,忿,2
6781,饥,121,仉,2
6790,饯,4483,线,2
6793,饲,184,伺,2
6797,饶,236,侥,2
6801,饺,4513,绞,2
6801,饺,6372,铰,2
6822,馒,6473,镘,2
6826,首,3932,盲,2
6826,首,4727,肓,2
6826,首,4875,自,2
6826,首,4994,苜,2
6832,马,3891,百,2
6847,驼,6839,驴,2
6847,驼,7049,鸵,2
6849,驾,4276,笃,2
6849,驾,6853,骂,2
6853,骂,6849,驾,2
6856,骆,4063,硌,2
6883,骤,6867,骒,2
6886,骨,2441,昌,2
6914,鬓,6911,鬃,2
6945,鲇,6954,鲐,2
6946,鲈,5971,轳,2
6970,鲥,6949,鲋,2
6988,鲷,4538,绸,2
6988,鲷,6985,鲴,2
6989,鲸,6972,鲧,2
6989,鲸,7025,鳟,2
7000,鳄,6441,锷,2
7000,鳄,6990,鲹,2
7000,鳄,7013,鳑,2
7009,鳍,6978,鲭,2
7048,鸳,1863,怨,2
7057,鸽,7055,鸻,2
7059,鸿,7033,鸣,2
7063,鹃,7081,鹛,2
7064,鹄,7057,鸽,2
7070,鹊,7064,鹄,2
7070,鹊,7071,鹋,2
7082,鹜,6874,骛,2
7106,麇,7108,麋,2
7107,麈,6270,鏖,2
7113,麦,14,专,2
7113,麦,5470,表,2
7134,黥,7138,黯,2
7148,鼓,5742,豉,2
7179,龋,5913,踽,2
7181,龙,1476,尢,2
7181,龙,1477,尤,2
7181,龙,1677,庀,2
7184,龟,362,免,2
0,々,546,勹,1
1,一,92,亠,1
2,丁,75,了,1
2,丁,80,亍,1
2,丁,1611,工,1
3,七,63,乜,1
3,七,126,仑,1
3,七,561,匚,1
3,七,1476,尢,1
3,七,1612,左,1
4,万,409,冯,1
4,万,667,可,1
4,万,1397,宀,1
4,万,2393,斤,1
4,万,3525,犭,1
4,万,3723,瓦,1
5,丈,598,卤,1
5,丈,670,史,1
6,三,51,之,1
6,三,2943,氵,1
6,三,4453,纟,1
7,上,0,々,1
7,上,79,二,1
7,上,407,冫,1
7,上,557,匕,1
7,上,1027,土,1
7,上,1621,巳,1
7,上,2858,止,1
8,下,9,丌,1
8,下,10,不,1
8,下,591,卜,1
8,下,1372,孓,1
8,下,2416,无,1
8,下,6771,飞,1
9,丌,87,井,1
9,丌,390,冂,1
10,不,8,下,1
10,不,16,丕,1
10,不,30,个,1
10,不,2537,末,1
10,不,2538,本,1
11,与,1371,孑,1
12,丐,2989,沔,1
13,丑,89,亚,1
13,丑,571,区,1
13,丑,602,卫,1
14,专,636,去,1
14,专,1479,尧,1
14,专,2054,才,1
14,专,2351,攴,1
14,专,4453,纟,1
14,专,4669,考,1
15,且,1669,年,1
15,且,1726,廿,1
15,且,2418,日,1
15,且,3908,皿,1
15,且,5554,见,1
15,且,6038,这,1
17,世,1247,如,1
17,世,2895,母,1
18,丘,0,々,1
18,丘,380,兵,1
18,丘,602,卫,1
18,丘,4260,立,1
18,丘,5457,血,1
19,丙,1613,巧,1
19,丙,1615,巩,1
19,丙,4674,而,1
19,丙,5631,诉,1
20,业,64,九,1
20,业,89,亚,1
20,业,90,些,1
20,业,140,以,1
20,业,379,兴,1
20,业,6039,进,1
21,丛,571,区,1
21,丛,1810,必,1
21,丛,4273,竺,1
21,丛,4453,纟,1
22,东,56,乐,1
22,东,417,冻,1
22,东,2052,手,1
23,丝,4273,竺,1
23,丝,4463,纩,1
23,丝,5457,血,1
25,丢,1407,宏,1
25,丢,6273,钅,1
25,丢,6362,铥,1
26,两,19,丙,1
26,两,395,再,1
26,两,2588,枘,1
26,两,5476,衲,1
26,两,5550,西,1
27,严,57,乒,1
27,严,98,产,1
27,严,1484,尹,1
28,丧,1217,夹,1
28,丧,5767,责,1
30,个,372,八,1
30,个,439,凵,1
30,个,576,千,1
30,个,1776,彳,1
30,个,2393,斤,1
31,丫,30,个,1
31,丫,407,冫,1
31,丫,601,卩,1
31,丫,3353,火,1
31,丫,4624,羊,1
32,丬,67,习,1
32,丬,3487,爿,1
33,中,34,丰,1
33,中,1191,夂,1
33,中,2996,沣,1
34,丰,2053,扌,1
34,丰,2386,斗,1
34,丰,2538,本,1
34,丰,3752,申,1
34,丰,6702,韦,1
35,串,581,半,1
35,串,1740,弗,1
35,串,3069,津,1
35,串,4718,聿,1
35,串,6702,韦,1
36,临,1852,怕,1
36,临,1971,愠,1
36,临,3444,煸,1
36,临,6718,顺,1
38,丸,64,九,1
39,丹,432,凡,1
39,丹,3490,片,1
40,为,38,丸,1
40,为,391,内,1
40,为,1207,太,1
40,为,1758,归,1
40,为,3002,沩,1
40,为,4460,约,1
41,主,371,全,1
41,主,1185,壬,1
41,主,2380,文,1
41,主,3740,生,1
41,主,4453,纟,1
41,主,4878,至,1
41,主,4945,芏,1
41,主,5594,讠,1
41,主,6254,重,1
42,丽,623,厕,1
42,丽,2525,朋,1
42,丽,3808,疳,1
42,丽,6232,醋,1
43,举,3509,牵,1
44,丿,2053,扌,1
45,乂,50,义,1
45,乂,2953,汊,1
45,乂,7170,龁,1
46,乃,1200,多,1
47,久,374,六,1
47,久,2840,欠,1
47,久,3355,灭,1
49,么,47,久,1
49,么,439,凵,1
49,么,635,厶,1
49,么,4478,纹,1
50,义,642,叉,1
50,义,1240,女,1
50,义,2973,汶,1
50,义,3353,火,1
50,义,3593,猿,1
51,之,0,々,1
51,之,47,久,1
51,之,62,乙,1
51,之,63,乜,1
51,之,92,亠,1
51,之,1191,夂,1
51,之,1397,宀,1
51,之,1721,廴,1
51,之,4260,立,1
51,之,4453,纟,1
51,之,5594,讠,1
52,乌,11,与,1
52,乌,1371,孑,1
52,乌,4276,笃,1
53,乍,94,亢,1
53,乍,141,仨,1
53,乍,151,任,1
53,乍,594,占,1
53,乍,5958,车,1
54,乎,81,于,1
54,乎,752,呼,1
54,乎,1371,孑,1
54,乎,1669,年,1
54,乎,3496,牙,1
54,乎,4457,纣,1
55,乏,93,亡,1
55,乏,127,仓,1
55,乏,139,令,1
55,乏,209,佥,1
55,乏,651,变,1
55,乏,6273,钅,1
56,乐,2394,斥,1
56,乐,3050,泺,1
56,乐,4915,船,1
56,乐,5958,车,1
56,乐,6250,采,1
57,乒,27,严,1
57,乒,58,乓,1
58,乓,57,乒,1
58,乓,1263,妥,1
58,乓,1540,岳,1
58,乓,1896,恶,1
58,乓,4260,立,1
58,乓,5613,讵,1
59,乔,359,先,1
59,乔,700,吞,1
60,乖,759,和,1
60,乖,1769,彧,1
60,乖,2993,沛,1
61,乘,3515,犁,1
61,乘,4179,秉,1
62,乙,4,万,1
62,乙,48,乇,1
62,乙,407,冫,1
62,乙,561,匚,1
62,乙,999,囗,1
62,乙,1613,巧,1
62,乙,3752,申,1
62,乙,4946,芑,1
62,乙,5594,讠,1
64,九,514,力,1
65,乞,122,今,1
65,乞,137,仡,1
65,乞,597,卣,1
65,乞,2922,气,1
65,乞,2955,汔,1
65,乞,4459,纥,1
65,乞,6273,钅,1
66,也,1240,女,1
67,习,448,刀,1
67,习,2053,扌,1
68,乡,122,今,1
68,乡,2052,手,1
69,书,78,事,1
69,书,3490,片,1
69,书,5369,蜍,1
71,买,1417,实,1
71,买,3358,灵,1
71,买,4928,良,1
71,买,5744,豕,1
72,乱,473,刮,1
73,乳,6164,郛,1
75,了,4,万,1
75,了,407,冫,1
75,了,1371,孑,1
76,予,1371,孑,1
76,予,1760,录,1
76,予,2600,枭,1
77,争,456,刍,1
77,争,587,单,1
78,事,1187,声,1
78,事,2561,束,1
78,事,6702,韦,1
79,二,16,丕,1
79,二,1611,工,1
81,于,54,乎,1
81,于,1484,尹,1
81,于,2052,手,1
81,于,2053,扌,1
82,亏,4,万,1
82,亏,83,云,1
82,亏,674,号,1
82,亏,1381,孝,1
82,亏,1765,彡,1
83,云,65,乞,1
83,云,85,亓,1
83,云,374,六,1
83,云,3355,灭,1
83,云,4960,芪,1
84,互,15,且,1
84,互,18,丘,1
84,互,6832,马,1
85,亓,4127,示,1
86,五,20,业,1
86,五,24,丞,1
86,五,722,吾,1
86,五,1485,尺,1
86,五,2865,歹,1
86,五,3461,熹,1
86,五,3607,玉,1
86,五,4019,石,1
87,井,468,判,1
87,井,2611,柈,1
87,井,3010,沸,1
87,井,5004,苯,1
87,井,5313,蚌,1
88,亘,3891,百,1
89,亚,24,丞,1
89,亚,1616,巫,1
90,些,2901,毕,1
90,些,3392,烂,1
91,亟,24,丞,1
91,亟,3400,烝,1
92,亠,407,冫,1
93,亡,41,主,1
93,亡,51,之,1
93,亡,561,匚,1
93,亡,1397,宀,1
93,亡,1721,廴,1
93,亡,2840,欠,1
93,亡,6780,饣,1
94,亢,83,云,1
94,亢,357,充,1
94,亢,360,光,1
94,亢,399,冗,1
94,亢,431,几,1
94,亢,1672,幺,1
94,亢,1726,廿,1
94,亢,2091,抗,1
95,交,651,变,1
95,交,789,哀,1
95,交,1240,女,1
95,交,1701,庭,1
95,交,6021,辶,1
96,亥,4453,纟,1
96,亥,4474,纵,1
97,亦,85,亓,1
97,亦,592,卞,1
97,亦,1377,孙,1
97,亦,1627,市,1
97,亦,1669,年,1
97,亦,1777,彷,1
97,亦,4127,示,1
97,亦,4174,禾,1
97,亦,6058,迹,1
98,产,640,参,1
98,产,1644,帝,1
98,产,1676,广,1
99,亨,75,了,1
99,亨,1378,孚,1
99,亨,2811,横,1
99,亨,2864,歪,1
99,亨,3605,玄,1
100,亩,1412,宙,1
100,亩,1690,店,1
100,亩,1691,庙,1
100,亩,4287,笛,1
100,亩,4727,肓,1
101,享,1371,孑,1
101,享,1375,字,1
102,京,1375,字,1
102,京,1378,孚,1
102,京,1469,尔,1
103,亭,99,亨,1
103,亭,1374,孕,1
103,亭,5088,莒,1
103,亭,5581,言,1
104,亮,1188,壳,1
104,亮,5557,觅,1
104,亮,6902,高,1
105,亲,102,京,1
105,亲,199,余,1
105,亲,1458,寺,1
105,亲,2617,柔,1
105,亲,6011,辛,1
106,亳,1401,宅,1
108,亶,45,乂,1
109,亸,108,亶,1
110,人,37,丶,1
110,人,370,入,1
110,人,372,八,1
110,人,1205,大,1
111,亻,1676,广,1
112,亿,126,仑,1
112,亿,137,仡,1
112,亿,174,伦,1
113,什,56,乐,1
113,什,115,仂,1
113,什,132,付,1
113,什,136,仟,1
113,什,149,件,1
113,什,2947,汁,1
113,什,5600,讦,1
115,仂,120,仇,1
115,仂,176,伪,1
117,仄,570,匹,1
117,仄,3723,瓦,1
118,仅,157,伋,1
118,仅,558,化,1
118,仅,2953,汊,1
119,仆,153,仿,1
119,仆,1198,外,1
119,仆,1809,忄,1
119,仆,4176,私,1
120,仇,558,化,1
120,仇,2960,汝,1
121,仉,5599,讥,1
122,今,55,乏,1
122,今,375,兮,1
122,今,1833,念,1
123,介,68,乡,1
123,介,116,仃,1
123,介,150,价,1
123,介,163,众,1
123,介,373,公,1
123,介,1207,太,1
123,介,1512,屮,1
124,仍,115,仂,1
124,仍,135,仞,1
124,仍,172,伤,1
124,仍,2059,扔,1
124,仍,3525,犭,1
124,仍,4497,绍,1
125,从,119,仆,1
125,从,157,伋,1
125,从,1191,夂,1
125,从,6555,队,1
126,仑,127,仓,1
126,仑,134,仝,1
126,仑,557,匕,1
126,仑,684,合,1
126,仑,2905,毛,1
126,仑,6273,钅,1
128,仔,157,伋,1
128,仔,3890,白,1
128,仔,4881,臼,1
129,仕,113,什,1
129,仕,115,仂,1
129,仕,158,伍,1
129,仕,192,住,1
129,仕,210,佧,1
129,仕,598,卤,1
129,仕,1029,在,1
129,仕,4473,纴,1
129,仕,5644,诖,1
129,仕,6785,饪,1
130,他,562,匜,1
130,他,2963,池,1
130,他,6145,邸,1
131,仗,113,什,1
131,仗,119,仆,1
131,仗,132,付,1
131,仗,162,休,1
132,付,1256,妓,1
132,付,1819,忖,1
133,仙,119,仆,1
133,仙,147,仳,1
133,仙,179,估,1
133,仙,185,似,1
133,仙,188,佃,1
133,仙,2956,汕,1
134,仝,4057,砼,1
135,仞,132,付,1
136,仟,128,仔,1
136,仟,132,付,1
136,仟,143,仫,1
136,仟,150,价,1
136,仟,171,伢,1
136,仟,578,升,1
136,仟,1815,忏,1
136,仟,4272,竹,1
136,仟,4458,纤,1
136,仟,4470,纱,1
136,仟,5975,轷,1
136,仟,6025,迁,1
137,仡,141,仨,1
138,代,113,什,1
138,代,161,伐,1
138,代,1736,式,1
139,令,0,々,1
139,令,375,兮,1
139,令,684,合,1
140,以,45,乂,1
140,以,593,卟,1
140,以,669,叱,1
140,以,717,吵,1
141,仨,53,乍,1
141,仨,114,仁,1
142,仪,1,一,1
142,仪,45,乂,1
142,仪,131,仗,1
142,仪,282,倓,1
142,仪,2354,攸,1
142,仪,3485,爻,1
142,仪,5607,议,1
144,们,137,仡,1
144,们,196,何,1
144,们,1608,州,1
144,们,1673,幻,1
145,仰,144,们,1
145,仰,604,卯,1
145,仰,605,印,1
145,仰,2085,抑,1
145,仰,6129,邛,1
145,仰,6151,郁,1
145,仰,6155,郈,1
146,仲,148,仵,1
146,仲,1825,忡,1
146,仲,2947,汁,1
146,仲,4181,种,1
146,仲,4906,舯,1
147,仳,145,仰,1
149,件,181,伴,1
149,件,183,伸,1
149,件,5602,讨,1
149,件,5627,评,1
149,件,6311,钭,1
150,价,144,们,1
150,价,202,作,1
150,价,203,佝,1
150,价,255,俗,1
150,价,6565,阶,1
151,任,158,伍,1
151,任,192,住,1
151,任,558,化,1
151,任,4134,祆,1
151,任,4473,纴,1
151,任,6026,迂,1
151,任,6615,隹,1
151,任,6785,饪,1
152,份,2965,汤,1
152,份,3758,甾,1
152,份,4476,纷,1
152,份,4500,绐,1
152,份,4881,臼,1
152,份,5632,诊,1
153,仿,124,仍,1
153,仿,144,们,1
153,仿,150,价,1
153,仿,152,份,1
153,仿,2965,汤,1
153,仿,6561,防,1
153,仿,6617,隽,1
154,企,127,仓,1
154,企,209,佥,1
154,企,4930,色,1
155,伉,137,仡,1
156,伊,216,佴,1
156,伊,3744,甪,1
156,伊,6130,邝,1
157,伋,109,亸,1
157,伋,305,假,1
157,伋,6023,辽,1
158,伍,151,任,1
158,伍,157,伋,1
158,伍,177,伫,1
158,伍,189,但,1
158,伍,2968,汪,1
158,伍,5625,诂,1
159,伎,157,伋,1
159,伎,193,佐,1
159,伎,1682,庋,1
159,伎,2080,技,1
159,伎,2354,攸,1
160,伏,131,仗,1
160,伏,138,代,1
160,伏,210,佧,1
160,伏,621,厌,1
160,伏,702,吠,1
160,伏,5037,茯,1
161,伐,164,优,1
161,伐,210,佧,1
161,伐,2015,戊,1
161,伐,2017,戌,1
162,休,229,侑,1
162,休,2978,沂,1
162,休,2985,沌,1
162,休,4187,秣,1
162,休,5692,谇,1
162,休,6808,馃,1
163,众,125,从,1
163,众,1672,幺,1
163,众,1808,心,1
164,优,194,佑,1
165,伙,115,仂,1
165,伙,160,伏,1
165,伙,200,佚,1
165,伙,3536,狄,1
165,伙,6786,饫,1
166,会,139,令,1
166,会,709,含,1
168,伞,493,剑,1
168,伞,2945,氽,1
169,伟,181,伴,1
169,伟,201,佛,1
169,伟,272,俳,1
170,传,193,佐,1
170,传,205,佟,1
170,传,215,佳,1
172,伤,153,仿,1
172,伤,2964,污,1
172,伤,4487,练,1
172,伤,4523,绨,1
173,伥,160,伏,1
174,伦,211,佩,1
174,伦,689,后,1
174,伦,5624,证,1
174,伦,6792,饱,1
176,伪,241,侪,1
178,伯,203,佝,1
179,估,115,仂,1
179,估,170,传,1
179,估,177,伫,1
179,估,193,佐,1
179,估,307,偌,1
179,估,689,后,1
179,估,3014,沽,1
179,估,4143,祜,1
180,伲,37,丶,1
180,伲,141,仨,1
181,伴,116,仃,1
181,伴,132,付,1
181,伴,169,伟,1
181,伴,228,侏,1
181,伴,1790,律,1
181,伴,2120,拌,1
181,伴,3041,泮,1
181,伴,3068,洣,1
181,伴,4494,绊,1
182,伶,137,仡,1
182,伶,240,侩,1
182,伶,1894,恰,1
182,伶,2122,拎,1
182,伶,2210,捻,1
182,伶,2354,攸,1
182,伶,6615,隹,1
183,伸,156,伊,1
183,伸,200,佚,1
183,伸,207,佣,1
183,伸,1061,坤,1
184,伺,167,伛,1
184,伺,579,午,1
184,伺,692,向,1
184,伺,4065,硐,1
184,伺,6793,饲,1
185,似,140,以,1
185,似,4554,缈,1
186,伽,180,伲,1
187,伾,157,伋,1
187,伾,167,伛,1
187,伾,193,佐,1
188,佃,287,倜,1
188,佃,4490,细,1
189,但,158,伍,1
189,但,235,侣,1
189,但,257,俚,1
189,但,1056,坝,1
190,位,192,住,1
190,位,209,佥,1
190,位,237,侦,1
190,位,247,促,1
190,位,2964,污,1
190,位,4499,经,1
190,位,6615,隹,1
191,低,208,佤,1
191,低,3031,泜,1
191,低,3717,瓜,1
191,低,4477,纸,1
192,住,148,仵,1
192,住,151,任,1
192,住,174,伦,1
192,住,204,佞,1
192,住,1781,往,1
192,住,3038,注,1
192,住,3890,白,1
193,佐,115,仂,1
193,佐,179,估,1
193,佐,194,佑,1
193,佐,1612,左,1
193,佐,3583,猪,1
193,佐,5625,诂,1
194,佑,155,伉,1
194,佑,278,倌,1
194,佑,4746,肱,1
195,体,215,佳,1
195,体,228,侏,1
195,体,249,俅,1
195,体,622,厍,1
195,体,4510,绛,1
195,体,6571,陂,1
196,何,206,你,1
196,何,216,佴,1
196,何,226,例,1
196,何,3009,河,1
196,何,6569,阿,1
197,佗,130,他,1
198,佘,6257,金,1
199,余,56,乐,1
199,余,101,享,1
199,余,168,伞,1
199,余,1370,子,1
199,余,1403,守,1
199,余,2052,手,1
200,佚,148,仵,1
201,佛,147,仳,1
201,佛,183,伸,1
201,佛,393,冉,1
201,佛,3010,沸,1
202,作,149,件,1
202,作,155,伉,1
202,作,178,伯,1
202,作,210,佧,1
202,作,213,佯,1
202,作,689,后,1
202,作,845,售,1
202,作,1782,征,1
202,作,1847,怍,1
202,作,2982,沆,1
202,作,6567,阼,1
205,佟,4492,终,1
206,你,152,份,1
206,你,256,俘,1
206,你,1846,怊,1
206,你,2843,欣,1
206,你,4162,禄,1
206,你,6031,迎,1
206,你,6049,迩,1
207,佣,2138,拥,1
207,佣,4490,细,1
210,佧,173,伥,1
211,佩,145,仰,1
211,佩,152,份,1
211,佩,157,伋,1
211,佩,207,佣,1
211,佩,4787,胴,1
212,佬,170,传,1
212,佬,193,佐,1
212,佬,200,佚,1
212,佬,215,佳,1
212,佬,236,侥,1
212,佬,276,俺,1
212,佬,292,倦,1
212,佬,1876,恍,1
212,佬,5001,若,1
212,佬,6345,铑,1
213,佯,230,侔,1
213,佯,263,俣,1
213,佯,288,倞,1
213,佯,1087,垟,1
213,佯,1788,徉,1
213,佯,3058,洋,1
213,佯,3395,烊,1
214,佰,153,仿,1
214,佰,194,佑,1
214,佰,244,侯,1
214,佰,290,倡,1
214,佰,2131,拚,1
214,佰,5689,谄,1
215,佳,132,付,1
215,佳,169,伟,1
215,佳,223,侄,1
215,佳,293,倨,1
215,佳,1084,垕,1
215,佳,1682,庋,1
215,佳,3083,洼,1
215,佳,4522,继,1
216,佴,217,佶,1
217,佶,186,伽,1
218,佻,220,佾,1
219,佼,241,侪,1
220,佾,228,侏,1
221,使,131,仗,1
221,使,159,伎,1
221,使,161,伐,1
221,使,194,佑,1
221,使,234,侠,1
221,使,6841,驶,1
222,侃,150,价,1
222,侃,225,侉,1
223,侄,190,位,1
223,侄,291,倥,1
223,侄,1084,垕,1
223,侄,1781,往,1
223,侄,4514,统,1
224,侈,190,位,1
224,侈,191,低,1
224,侈,219,佼,1
224,侈,274,俶,1
224,侈,306,偈,1
224,侈,654,叟,1
224,侈,4197,移,1
224,侈,4493,绉,1
225,侉,229,侑,1
226,例,238,侧,1
226,例,267,俪,1
227,侍,217,佶,1
227,侍,1458,寺,1
227,侍,1697,庤,1
227,侍,1795,得,1
227,侍,5644,诖,1
228,侏,149,件,1
228,侏,222,侃,1
229,侑,216,佴,1
229,侑,2405,旃,1
230,侔,242,侬,1
230,侔,243,侮,1
230,侔,296,倬,1
231,侗,189,但,1
231,侗,3067,洞,1
231,侗,4065,硐,1
231,侗,6562,阳,1
232,供,4171,禺,1
233,依,190,位,1
233,依,3085,派,1
233,依,6019,辰,1
234,侠,200,佚,1
234,侠,218,佻,1
234,侠,249,俅,1
234,侠,271,俱,1
234,侠,1794,徕,1
234,侠,3552,狭,1
234,侠,6583,陕,1
235,侣,128,仔,1
235,侣,157,伋,1
236,侥,232,供,1
236,侥,295,倪,1
236,侥,731,呓,1
236,侥,2682,桡,1
236,侥,3090,浇,1
237,侦,5763,贞,1
237,侦,5772,质,1
237,侦,6719,须,1
238,侧,133,仙,1
238,侧,460,刖,1
238,侧,509,劁,1
238,侧,623,厕,1
238,侧,4554,缈,1
239,侨,219,佼,1
239,侨,229,侑,1
239,侨,2171,挢,1
239,侨,2686,桥,1
239,侨,4070,硚,1
240,侩,141,仨,1
240,侩,174,伦,1
240,侩,210,佧,1
240,侩,268,俭,1
240,侩,373,公,1
240,侩,1828,忪,1
240,侩,3095,浍,1
240,侩,4507,绘,1
241,侪,218,佻,1
241,侪,3096,济,1
242,侬,219,佼,1
243,侮,130,他,1
243,侮,172,伤,1
243,侮,220,佾,1
243,侮,2896,每,1
243,侮,3118,海,1
244,侯,200,佚,1
244,侯,263,俣,1
244,侯,288,倞,1
244,侯,3587,猱,1
244,侯,3815,疾,1
244,侯,6615,隹,1
245,侵,254,俑,1
245,侵,1447,寝,1
245,侵,3119,浸,1
246,便,156,伊,1
246,便,219,佼,1
246,便,247,促,1
246,便,2045,扁,1
246,便,4074,硬,1
246,便,4515,绠,1
247,促,118,仅,1
247,促,190,位,1
247,促,221,使,1
247,促,4543,绽,1
247,促,5855,趸,1
247,促,6049,迩,1
247,促,6724,颀,1
248,俄,207,佣,1
248,俄,249,俅,1
249,俅,6073,逑,1
250,俊,219,佼,1
250,俊,224,侈,1
250,俊,255,俗,1
250,俊,261,俟,1
250,俊,829,唆,1
250,俊,1791,後,1
250,俊,1913,悛,1
250,俊,3109,浡,1
250,俊,4526,绫,1
252,俏,220,佾,1
252,俏,4531,绱,1
252,俏,4644,翁,1
252,俏,4761,背,1
253,俐,318,偻,1
253,俐,5368,蜊,1
255,俗,152,份,1
255,俗,153,仿,1
255,俗,174,伦,1
255,俗,205,佟,1
255,俗,230,侔,1
255,俗,291,倥,1
255,俗,1884,恣,1
256,俘,148,仵,1
256,俘,304,偃,1
256,俘,312,停,1
256,俘,1378,孚,1
259,保,156,伊,1
259,保,213,佯,1
259,保,222,侃,1
259,保,228,侏,1
259,保,332,傺,1
259,保,3174,深,1
260,俞,199,余,1
261,俟,237,侦,1
261,俟,244,侯,1
261,俟,282,倓,1
262,信,153,仿,1
262,信,182,伶,1
262,信,190,位,1
262,信,240,侩,1
262,信,258,俜,1
262,信,845,售,1
262,信,3145,涪,1
263,俣,244,侯,1
263,俣,259,保,1
264,俦,230,侔,1
266,俩,26,两,1
266,俩,1055,坜,1
266,俩,3062,洒,1
266,俩,4066,硒,1
268,俭,141,仨,1
268,俭,242,侬,1
268,俭,251,俎,1
268,俭,255,俗,1
268,俭,262,信,1
268,俭,504,剪,1
268,俭,2053,扌,1
268,俭,2122,拎,1
268,俭,3201,渲,1
268,俭,6591,险,1
269,修,124,仍,1
269,修,205,佟,1
270,俯,205,佟,1
270,俯,264,俦,1
271,俱,216,佴,1
271,俱,232,供,1
271,俱,257,俚,1
271,俱,263,俣,1
271,俱,919,嗔,1
271,俱,1945,惧,1
271,俱,3157,淇,1
272,俳,218,佻,1
273,俵,187,伾,1
274,俶,227,侍,1
274,俶,273,俵,1
277,俾,1120,埤,1
278,倌,3672,琯,1
279,倍,182,伶,1
279,倍,256,俘,1
279,倍,271,俱,1
279,倍,297,倭,1
279,倍,324,傍,1
279,倍,2216,掊,1
281,倒,238,侧,1
281,倒,473,刮,1
281,倒,509,劁,1
281,倒,1804,徵,1
281,倒,4454,纠,1
282,倓,173,伥,1
282,倓,261,俟,1
282,倓,274,俶,1
283,倔,180,伲,1
284,倘,201,佛,1
284,倘,203,佝,1
284,倘,229,侑,1
284,倘,286,倚,1
284,倘,2046,扃,1
284,倘,4426,糖,1
285,候,263,俣,1
285,候,890,喉,1
285,候,2354,攸,1
285,候,2412,族,1
285,候,3588,猴,1
286,倚,159,伎,1
286,倚,1127,埼,1
286,倚,3666,琦,1
287,倜,231,侗,1
288,倞,256,俘,1
288,倞,282,倓,1
289,借,137,仡,1
289,借,220,佾,1
289,借,307,偌,1
289,借,1940,惜,1
290,倡,1318,娼,1
290,倡,4574,缟,1
291,倥,182,伶,1
292,倦,212,佬,1
294,倩,275,俸,1
294,倩,300,债,1
295,倪,240,侩,1
295,倪,1173,增,1
295,倪,6986,鲵,1
296,倬,204,佞,1
297,倭,318,偻,1
299,倴,288,倞,1
300,债,294,倩,1
300,债,319,偾,1
300,债,1653,帻,1
300,债,3183,渍,1
300,债,4556,缋,1
300,债,5767,责,1
301,倻,299,倴,1
302,值,178,伯,1
302,值,194,佑,1
302,值,2626,查,1
302,值,2880,殖,1
302,值,3080,洹,1
302,值,3933,直,1
302,值,3937,盾,1
302,值,4462,纨,1
303,倾,185,似,1
305,假,311,做,1
305,假,331,傲,1
305,假,1778,役,1
306,偈,316,偶,1
308,偎,257,俚,1
308,偎,298,倮,1
308,偎,306,偈,1
308,偎,315,偲,1
308,偎,3176,混,1
309,偏,254,俑,1
309,偏,1955,惴,1
309,偏,4356,篇,1
309,偏,4566,编,1
309,偏,5713,谝,1
311,做,1803,微,1
311,做,2354,攸,1
311,做,2986,沏,1
312,停,128,仔,1
312,停,4482,纾,1
312,停,4504,绔,1
313,健,4489,绅,1
313,健,6349,铗,1
314,偬,308,偎,1
314,偬,1836,忽,1
316,偶,257,俚,1
316,偶,290,倡,1
316,偶,303,倾,1
316,偶,315,偲,1
316,偶,3767,留,1
317,偷,1963,愉,1
317,偷,3211,湔,1
317,偷,3687,瑜,1
317,偷,5705,谕,1
319,偾,5797,赁,1
320,偿,225,侉,1
320,偿,240,侩,1
320,偿,278,倌,1
320,偿,326,傥,1
320,偿,336,僖,1
320,偿,5704,谔,1
320,偿,6397,锉,1
321,傀,277,俾,1
321,傀,335,像,1
321,傀,1872,恁,1
321,傀,1975,愧,1
322,傅,227,侍,1
322,傅,298,倮,1
322,傅,590,博,1
322,傅,3236,溥,1
323,傈,298,倮,1
324,傍,342,僮,1
324,傍,2781,榜,1
324,傍,3222,湾,1
326,傥,3135,涟,1
328,储,2800,槠,1
328,储,4040,砝,1
328,储,5534,褚,1
328,储,6411,锗,1
329,傩,1651,帷,1
329,傩,3272,滩,1
330,催,242,侬,1
330,催,268,俭,1
330,催,5147,萑,1
331,傲,347,儆,1
331,傲,2354,攸,1
333,傻,224,侈,1
333,傻,245,侵,1
333,傻,250,俊,1
333,傻,277,俾,1
333,傻,295,倪,1
333,傻,631,厦,1
333,傻,5716,谡,1
333,傻,6815,馊,1
334,僇,5727,谬,1
335,像,249,俅,1
335,像,312,停,1
335,像,2823,橡,1
337,僚,2320,撩,1
337,僚,3306,潦,1
337,僚,4588,缭,1
338,僦,248,俄,1
339,僧,1173,增,1
339,僧,1725,廾,1
340,僬,6616,隼,1
342,僮,257,俚,1
344,僳,298,倮,1
345,僵,4122,礓,1
348,儇,3327,澴,1
350,儒,254,俑,1
350,儒,987,嚅,1
351,儡,1082,垒,1
351,儡,4557,缌,1
352,儿,125,从,1
354,允,94,亢,1
354,允,112,亿,1
354,允,605,印,1
354,允,1400,宄,1
354,允,5554,见,1
354,允,6021,辶,1
354,允,6032,运,1
355,元,85,亓,1
355,元,1206,天,1
355,元,1476,尢,1
355,元,4961,芫,1
355,元,6021,辶,1
355,元,6040,远,1
356,兄,414,况,1
356,兄,2426,旯,1
356,兄,2922,气,1
357,充,94,亢,1
357,充,355,元,1
357,充,1530,岚,1
357,充,5764,负,1
358,兆,218,佻,1
358,兆,410,冰,1
358,兆,1844,怅,1
358,兆,4742,肫,1
358,兆,6562,阳,1
358,兆,6668,非,1
359,先,1213,失,1
359,先,1305,娑,1
359,先,1476,尢,1
359,先,1672,幺,1
359,先,2923,氕,1
359,先,4010,矢,1
360,光,94,亢,1
360,光,355,元,1
360,光,357,充,1
360,光,594,占,1
360,光,595,卡,1
360,光,730,呒,1
360,光,1479,尧,1
360,光,5001,若,1
360,光,5581,言,1
361,克,366,兖,1
361,克,1476,尢,1
361,克,1820,志,1
361,克,2523,有,1
362,免,357,充,1
362,免,364,兔,1
362,免,366,兖,1
362,免,1221,奂,1
362,免,1406,完,1
362,免,4011,矣,1
362,免,5158,萸,1
362,免,6935,鱼,1
363,兑,736,员,1
363,兑,1475,尝,1
363,兑,1617,差,1
363,兑,6274,钆,1
364,兔,1400,宄,1
364,兔,1838,忿,1
366,兖,5045,茺,1
367,党,326,傥,1
367,党,360,光,1
367,党,362,免,1
367,党,366,兖,1
367,党,1130,堂,1
367,党,1652,常,1
367,党,1896,恶,1
367,党,3120,浼,1
367,党,3728,瓷,1
367,党,5789,费,1
367,党,6652,霓,1
368,兜,509,劁,1
369,兢,1618,巯,1
369,兢,5801,赅,1
369,兢,5822,赜,1
370,入,45,乂,1
370,入,448,刀,1
370,入,449,刁,1
370,入,3525,犭,1
371,全,65,乞,1
371,全,127,仓,1
371,全,154,企,1
371,全,199,余,1
371,全,456,刍,1
371,全,2886,殳,1
371,全,5654,诠,1
372,八,29,丨,1
372,八,37,丶,1
372,八,44,丿,1
372,八,111,亻,1
372,八,370,入,1
372,八,448,刀,1
373,公,49,么,1
373,公,705,否,1
373,公,1619,己,1
373,公,5738,谷,1
374,六,30,个,1
374,六,40,为,1
374,六,123,介,1
374,六,592,卞,1
374,六,1206,天,1
374,六,2840,欠,1
374,六,2972,汴,1
374,六,4127,示,1
375,兮,2401,方,1
376,兰,2697,梅,1
376,兰,4231,空,1
377,共,360,光,1
377,共,1896,恶,1
377,共,4934,艺,1
377,共,4954,芡,1
377,共,5002,苦,1
377,共,5024,茓,1
377,共,5032,茧,1
378,关,716,吴,1
378,关,1206,天,1
378,关,1209,夬,1
378,关,4011,矣,1
378,关,4878,至,1
378,关,5467,衣,1
379,兴,83,云,1
379,兴,377,共,1
379,兴,1471,尖,1
379,兴,4134,祆,1
379,兴,6147,邺,1
380,兵,58,乓,1
380,兵,3948,真,1
380,兵,5740,豆,1
381,其,377,共,1
381,其,2613,某,1
382,具,15,且,1
382,具,374,六,1
382,具,418,冼,1
382,具,1211,央,1
382,具,2426,旯,1
382,具,2440,昊,1
382,具,3358,灵,1
382,具,3948,真,1
383,典,5785,贵,1
384,兹,4263,站,1
385,养,1617,差,1
385,养,3944,看,1
385,养,3963,着,1
385,养,5494,袤,1
386,兼,2855,歉,1
386,兼,4740,肩,1
387,兽,542,募,1
387,兽,886,善,1
387,兽,910,喾,1
387,兽,2519,曾,1
387,兽,4095,碧,1
387,兽,6940,鲁,1
388,冀,4409,粪,1
388,冀,4666,翼,1
388,冀,6259,鉴,1
388,冀,7182,龚,1
390,冂,116,仃,1
390,冂,656,口,1
390,冂,999,囗,1
390,冂,6504,门,1
391,内,1758,归,1
391,内,2969,汭,1
391,内,4724,肉,1
391,内,6506,闪,1
392,冈,1001,四,1
392,冈,2522,月,1
393,冉,39,丹,1
393,冉,1191,夂,1
393,冉,3750,由,1
393,冉,4705,聃,1
394,册,453,切,1
394,册,577,卅,1
394,册,1134,堋,1
394,册,1282,姗,1
394,册,2526,服,1
395,再,393,冉,1
395,再,4987,苒,1
395,再,5981,载,1
396,冒,2444,易,1
396,冒,3894,皆,1
396,冒,4758,胃,1
396,冒,4994,苜,1
397,冕,2426,旯,1
397,冕,2440,昊,1
397,冕,5094,莞,1
399,冗,112,亿,1
399,冗,353,兀,1
399,冗,695,吕,1
400,写,68,乡,1
400,写,375,兮,1
400,写,409,冯,1
400,写,2708,械,1
400,写,4276,笃,1
400,写,4607,罗,1
400,写,6129,邛,1
400,写,6832,马,1
401,军,1460,导,1
401,军,2422,早,1
401,军,2467,晏,1
401,军,2934,氧,1
402,农,811,哝,1
402,农,1241,奴,1
402,农,6044,迢,1
405,冤,362,免,1
405,冤,366,兖,1
405,冤,1813,忌,1
405,冤,4612,罢,1
405,冤,5125,菟,1
406,冥,244,侯,1
406,冥,382,具,1
407,冫,5594,讠,1
408,冬,58,乓,1
409,冯,52,乌,1
409,冯,400,写,1
409,冯,1403,守,1
409,冯,2989,沔,1
409,冯,3613,玙,1
409,冯,7029,鸟,1
410,冰,2535,木,1
410,冰,2991,沙,1
411,冱,375,兮,1
412,冲,2963,池,1
412,冲,3011,油,1
412,冲,3041,泮,1
413,决,418,冼,1
413,决,2963,池,1
413,决,3087,浃,1
414,况,352,儿,1
414,况,2984,沉,1
414,况,3081,洺,1
414,况,5629,识,1
415,冶,416,冷,1
415,冶,668,台,1
415,冶,3015,沾,1
415,冶,3066,洛,1
415,冶,4500,绐,1
416,冷,122,今,1
416,冷,139,令,1
416,冷,624,厘,1
416,冷,741,呤,1
416,冷,3030,泛,1
417,冻,4724,肉,1
417,冻,5633,诋,1
417,冻,5645,诗,1
418,冼,2539,札,1
418,冼,5673,说,1
419,冽,3852,瘌,1
420,净,77,争,1
420,净,587,单,1
420,净,2172,挣,1
420,净,3049,泸,1
420,净,3964,睁,1
421,凄,1323,婕,1
421,凄,3088,浅,1
421,凄,3134,涞,1
421,凄,3184,渎,1
421,凄,3227,溇,1
422,准,866,啥,1
422,准,1131,堆,1
422,准,3060,洎,1
422,准,3173,淮,1
422,准,3299,潍,1
422,准,3808,疳,1
422,准,3938,省,1
422,准,4534,维,1
422,准,5686,谁,1
423,凇,4176,私,1
424,凉,409,冯,1
424,凉,2737,椋,1
424,凉,3102,浔,1
424,凉,3109,浡,1
424,凉,3164,淙,1
424,凉,3175,淳,1
424,凉,3567,猄,1
424,凉,3679,瑀,1
424,凉,3820,症,1
425,凋,427,减,1
425,凋,3067,洞,1
425,凋,3809,疴,1
426,凌,428,凑,1
426,凌,1137,堎,1
426,凌,3105,浚,1
426,凌,7113,麦,1
427,减,891,喊,1
427,减,4550,缄,1
427,减,5643,试,1
428,凑,4880,臻,1
429,凛,3164,淙,1
429,凛,3174,深,1
430,凝,2140,拧,1
430,凝,7178,龊,1
431,几,3,七,1
431,几,112,亿,1
431,几,353,兀,1
431,几,432,凡,1
432,凡,547,勺,1
432,凡,2900,比,1
432,凡,3081,洺,1
432,凡,3526,犯,1
433,凤,1199,夙,1
433,凤,1680,庇,1
433,凤,3743,甩,1
434,凫,362,免,1
434,凫,4264,竞,1
435,凭,4285,笕,1
435,凭,7151,鼠,1
436,凯,1234,奘,1
436,凯,2368,敛,1
436,凯,6781,饥,1
436,凯,6789,饮,1
437,凰,1024,圉,1
437,凰,1942,惟,1
437,凰,5583,訇,1
440,凶,5604,讪,1
441,凸,659,另,1
441,凸,674,号,1
441,凸,2425,旮,1
441,凸,5671,诲,1
442,凹,1834,忸,1
443,出,69,书,1
443,出,140,以,1
443,出,688,名,1
443,出,2858,止,1
443,出,3639,珐,1
443,出,5297,虫,1
444,击,14,专,1
444,击,636,去,1
444,击,2535,木,1
444,击,4720,肃,1
444,击,6702,韦,1
445,凼,410,冰,1
445,凼,1675,幽,1
446,函,1672,幺,1
446,函,1926,悲,1
446,函,5127,菡,1
446,函,6431,锬,1
447,凿,6110,遣,1
448,刀,4,万,1
448,刀,40,为,1
448,刀,390,冂,1
448,刀,451,刃,1
448,刀,4497,绍,1
449,刁,13,丑,1
449,刁,451,刃,1
449,刁,547,勺,1
449,刁,1757,彐,1
449,刁,4774,胥,1
450,刂,390,冂,1
451,刃,67,习,1
451,刃,448,刀,1
451,刃,453,切,1
451,刃,1812,忉,1
451,刃,2951,汈,1
452,分,448,刀,1
452,分,1212,夯,1
452,分,3487,爿,1
452,分,4272,竹,1
453,切,517,功,1
453,切,583,协,1
453,切,677,叻,1
453,切,1039,场,1
453,切,1055,坜,1
453,切,3101,浓,1
455,刊,472,刭,1
455,刊,3620,玥,1
458,刑,455,刊,1
458,刑,2316,撖,1
458,刑,2552,杌,1
459,划,2557,杓,1
460,刖,4802,脒,1
461,列,471,别,1
461,列,472,刭,1
462,刘,461,列,1
462,刘,463,则,1
462,刘,1192,处,1
463,则,464,刚,1
463,则,469,刨,1
463,则,485,剁,1
463,则,663,叫,1
463,则,3059,洌,1
465,创,4454,纠,1
465,创,6287,钔,1
466,初,135,仞,1
466,初,531,劾,1
466,初,4132,祁,1
466,初,4883,舀,1
467,删,1282,姗,1
468,判,490,剌,1
468,判,2387,料,1
469,刨,551,包,1
469,刨,3094,测,1
470,利,455,刊,1
470,利,458,刑,1
470,利,461,列,1
470,利,468,判,1
470,利,479,刹,1
470,利,2057,扒,1
470,利,3617,玠,1
470,利,4183,秒,1
470,利,5825,赟,1
470,利,6278,钊,1
471,别,458,刑,1
471,别,492,剐,1
471,别,502,剧,1
471,别,2421,旨,1
471,别,6835,驯,1
472,刭,474,到,1
473,刮,461,列,1
473,刮,470,利,1
473,刮,483,刿,1
473,刮,496,剖,1
474,到,281,倒,1
474,到,462,刘,1
474,到,472,刭,1
474,到,481,刻,1
474,到,505,副,1
474,到,577,卅,1
474,到,3620,玥,1
474,到,4454,纠,1
474,到,4879,致,1
474,到,5606,训,1
474,到,6278,钊,1
474,到,6305,钧,1
475,刳,1224,奈,1
475,刳,6024,达,1
476,制,468,判,1
476,制,471,别,1
476,制,473,刮,1
476,制,475,刳,1
476,制,498,剞,1
476,制,6150,邾,1
477,刷,460,刖,1
477,刷,847,唰,1
477,刷,1465,尉,1
477,刷,3048,泷,1
477,刷,3147,涮,1
477,刷,6214,酬,1
478,券,610,卷,1
478,券,2673,桊,1
478,券,2923,氕,1
479,刹,455,刊,1
479,刹,458,刑,1
479,刹,503,剩,1
479,刹,554,匍,1
480,刺,468,判,1
480,刺,2542,朴,1
480,刺,5359,蛸,1
481,刻,496,剖,1
481,刻,5606,训,1
484,剀,436,凯,1
485,剁,460,刖,1
485,剁,6835,驯,1
486,剂,462,刘,1
486,剂,496,剖,1
486,剂,7166,齐,1
486,剂,7167,齑,1
487,剃,6283,钏,1
489,削,496,剖,1
489,削,3097,浏,1
489,削,6666,静,1
491,前,97,亦,1
491,前,489,削,1
492,剐,471,别,1
493,剑,281,倒,1
493,剑,465,创,1
493,剑,488,剅,1
493,剑,6278,钊,1
493,剑,6287,钔,1
494,剔,497,剜,1
496,剖,481,刻,1
496,剖,488,剅,1
496,剖,498,剞,1
496,剖,1047,坍,1
496,剖,6171,部,1
501,剥,759,和,1
501,剥,5086,莉,1
503,剩,476,制,1
503,剩,490,剌,1
504,剪,4658,翦,1
505,副,474,到,1
505,副,483,刿,1
506,割,473,刮,1
506,割,474,到,1
506,割,484,剀,1
514,力,448,刀,1
515,劝,517,功,1
515,劝,742,呦,1
516,办,40,为,1
516,办,514,力,1
516,办,518,加,1
516,办,2053,扌,1
517,功,520,劢,1
517,功,527,劭,1
517,功,2356,攻,1
519,务,3482,爷,1
520,劢,461,列,1
521,劣,360,光,1
521,劣,734,呖,1
521,劣,1631,师,1
521,劣,2444,易,1
522,动,520,劢,1
522,动,531,劾,1
522,动,1674,幼,1
522,动,1897,恸,1
522,动,3002,沩,1
522,动,4239,窈,1
523,助,1267,妫,1
524,努,4228,穷,1
525,劫,522,动,1
525,劫,533,勃,1
525,劫,2986,沏,1
526,劬,5866,跏,1
528,励,4052,砷,1
528,励,5825,赟,1
529,劲,523,助,1
529,劲,538,勐,1
529,劲,1674,幼,1
530,劳,1379,孛,1
530,劳,3133,涝,1
530,劳,4937,艿,1
530,劳,4938,节,1
531,劾,481,刻,1
531,劾,537,勍,1
532,势,1748,弩,1
533,勃,3195,渤,1
534,勇,3754,男,1
535,勉,364,兔,1
536,勋,544,勩,1
539,勒,541,勘,1
541,勘,2850,欺,1
542,募,1661,幕,1
542,募,2501,暮,1
542,募,5099,莫,1
542,募,6641,雾,1
543,勤,525,劫,1
543,勤,538,勐,1
543,勤,6187,鄣,1
546,勹,547,勺,1
547,勺,407,冫,1
547,勺,6505,闩,1
548,勾,128,仔,1
548,勾,462,刘,1
548,勾,550,匀,1
548,勾,658,句,1
549,勿,135,仞,1
549,勿,163,众,1
549,勿,457,刎,1
549,勿,547,勺,1
549,勿,548,勾,1
549,勿,550,匀,1
549,勿,551,包,1
549,勿,675,司,1
550,匀,547,勺,1
550,匀,549,勿,1
550,匀,2418,日,1
550,匀,2512,曰,1
550,匀,2522,月,1
550,匀,6505,闩,1
551,包,127,仓,1
551,包,833,唐,1
551,包,1622,巴,1
551,包,3743,甩,1
551,包,4930,色,1
551,包,7184,龟,1
552,匆,392,冈,1
552,匆,548,勾,1
552,匆,549,勿,1
552,匆,658,句,1
552,匆,3755,甸,1
553,匈,550,匀,1
553,匈,2420,旧,1
553,匈,2994,沟,1
553,匈,4604,网,1
553,匈,6804,饽,1
556,匐,1443,富,1
557,匕,48,乇,1
557,匕,92,亠,1
557,匕,439,凵,1
558,化,138,代,1
558,化,147,仳,1
558,化,669,叱,1
558,化,1034,圮,1
558,化,1678,庄,1
558,化,2900,比,1
558,化,4464,纪,1
559,北,358,兆,1
559,北,410,冰,1
559,北,1035,圯,1
559,北,2055,扎,1
559,北,2097,抡,1
559,北,3526,犯,1
560,匙,1025,圊,1
560,匙,5838,赴,1
562,匜,563,匝,1
563,匝,564,匠,1
564,匠,617,厅,1
564,匠,622,厍,1
564,匠,6030,迈,1
564,匠,6077,逗,1
565,匡,6771,飞,1
566,匣,569,匮,1
566,匣,1702,庳,1
566,匣,2007,懑,1
568,匪,272,俳,1
568,匪,563,匝,1
568,匪,3399,烜,1
570,匹,562,匜,1
570,匹,568,匪,1
570,匹,571,区,1
570,匹,672,叵,1
570,匹,6037,还,1
571,区,129,仕,1
571,区,1266,妪,1
571,区,7181,龙,1
572,医,6036,迕,1
572,医,6577,陉,1
573,匾,6100,遍,1
574,匿,345,僵,1
574,匿,2915,氆,1
574,匿,5302,虺,1
575,十,1456,寸,1
575,十,1667,干,1
575,十,1735,弋,1
576,千,81,于,1
576,千,575,十,1
576,千,1370,子,1
576,千,3496,牙,1
576,千,5600,讦,1
578,升,1725,廾,1
578,升,3611,玕,1
578,升,4897,舟,1
579,午,81,于,1
579,午,1612,左,1
579,午,2394,斥,1
579,午,3496,牙,1
579,午,4624,羊,1
579,午,5958,车,1
580,卉,1230,奔,1
580,卉,1943,惠,1
581,半,1669,年,1
581,半,4719,肀,1
581,半,5493,袢,1
582,华,2901,毕,1
582,华,6616,隼,1
583,协,206,你,1
583,协,2168,挟,1
584,卑,58,乓,1
584,卑,401,军,1
584,卑,3669,琫,1
584,卑,4884,舁,1
584,卑,4941,芊,1
585,卒,582,华,1
585,卒,2412,族,1
585,卒,3502,牢,1
585,卒,6011,辛,1
586,卓,2422,早,1
586,卓,6011,辛,1
587,单,11,与,1
587,单,378,关,1
587,单,586,卓,1
587,单,874,啴,1
587,单,1374,孕,1
587,单,1670,并,1
587,单,4624,羊,1
588,卖,5830,赤,1
591,卜,370,入,1
592,卞,94,亢,1
592,卞,374,六,1
592,卞,4127,示,1
592,卞,5594,讠,1
593,卟,669,叱,1
593,卟,764,咔,1
594,占,363,兑,1
594,占,547,勺,1
594,占,659,另,1
594,占,688,名,1
594,占,695,吕,1
594,占,2421,旨,1
594,占,3490,片,1
595,卡,374,六,1
595,卡,1240,女,1
595,卡,3524,犬,1
596,卢,57,乒,1
596,卢,594,占,1
596,卢,1187,声,1
596,卢,2040,户,1
596,卢,5288,虍,1
598,卤,1012,囱,1
598,卤,1027,土,1
598,卤,1189,壶,1
599,卦,1033,圭,1
599,卦,2056,扑,1
599,卦,4394,籼,1
599,卦,6149,邽,1
600,卧,6228,酿,1
601,卩,6554,阝,1
602,卫,51,之,1
602,卫,601,卩,1
604,卯,135,仞,1
604,卯,6129,邛,1
604,卯,6145,邸,1
605,印,601,卩,1
605,印,661,叩,1
605,印,1626,币,1
605,印,2393,斤,1
605,印,2991,沙,1
605,印,3027,泖,1
605,印,3744,甪,1
605,印,6129,邛,1
605,印,6130,邝,1
605,印,6140,邱,1
605,印,6145,邸,1
606,危,603,卮,1
606,危,1677,庀,1
606,危,2049,扈,1
606,危,2608,柁,1
606,危,6921,鬼,1
607,即,6129,邛,1
607,即,6167,郡,1
608,却,453,切,1
608,却,6165,郜,1
609,卵,3620,玥,1
609,卵,3744,甪,1
609,卵,6136,邬,1
609,卵,6156,郊,1
609,卵,6157,郎,1
610,卷,1617,差,1
610,卷,3892,皂,1
610,卷,3959,眷,1
610,卷,4177,秃,1
611,卸,607,即,1
611,卸,5443,蟹,1
612,卺,3400,烝,1
614,卿,4707,聊,1
614,卿,6144,邶,1
615,厂,111,亻,1
615,厂,1197,夕,1
616,厄,1222,奄,1
616,厄,1677,庀,1
617,厅,113,什,1
617,厅,618,历,1
617,厅,624,厘,1
618,历,734,呖,1
618,历,1626,币,1
618,历,5825,赟,1
619,厉,117,仄,1
619,厉,375,兮,1
619,厉,618,历,1
619,厉,4979,苈,1
619,厉,5625,诂,1
620,压,689,后,1
620,压,999,囗,1
620,压,1612,左,1
620,压,1677,庀,1
621,厌,620,压,1
621,厌,3357,灰,1
622,厍,400,写,1
622,厍,1686,库,1
622,厍,6020,辱,1
623,厕,238,侧,1
623,厕,267,俪,1
624,厘,566,匣,1
624,厘,625,厚,1
624,厘,903,喱,1
624,厘,1084,垕,1
624,厘,1304,娌,1
624,厘,1689,庖,1
624,厘,3937,盾,1
625,厚,627,原,1
625,厚,1933,惇,1
625,厚,1977,愿,1
625,厚,3811,疸,1
625,厚,4944,芎,1
626,厝,289,借,1
627,原,2737,椋,1
627,原,2895,母,1
627,原,3046,泵,1
628,厢,1134,堋,1
628,厢,5975,轷,1
631,厦,625,厚,1
631,厦,1682,庋,1
631,厦,1701,庭,1
631,厦,4984,苎,1
633,厩,6260,銍,1
633,厩,6722,顾,1
635,厶,668,台,1
635,厶,1512,屮,1
636,去,83,云,1
636,去,638,县,1
636,去,1209,夬,1
636,去,1738,弓,1
636,去,1820,志,1
638,县,4971,芸,1
639,叁,1398,宁,1
640,参,595,卡,1
640,参,674,号,1
640,参,4276,笃,1
640,参,4669,考,1
641,又,601,卩,1
641,又,1209,夬,1
641,又,1240,女,1
641,又,1372,孓,1
641,又,2352,攵,1
642,叉,1191,夂,1
642,叉,2953,汊,1
643,及,46,乃,1
643,及,64,九,1
643,及,125,从,1
643,及,219,佼,1
643,及,641,又,1
643,及,644,友,1
643,及,1372,孓,1
643,及,1380,孜,1
643,及,1487,尼,1
643,及,1514,山,1
643,及,1521,岌,1
643,及,1721,廴,1
643,及,3616,玟,1
643,及,6558,阪,1
643,及,7142,黾,1
644,友,117,仄,1
644,友,2523,有,1
644,友,2865,歹,1
644,友,3485,爻,1
645,双,676,叹,1
645,双,1241,奴,1
645,双,1288,姣,1
646,反,142,仪,1
646,反,644,友,1
646,反,1240,女,1
646,反,2394,斥,1
646,反,2865,歹,1
646,反,2973,汶,1
646,反,3723,瓦,1
647,发,1831,忮,1
648,叔,652,叙,1
648,叔,1241,奴,1
648,叔,2367,教,1
648,叔,5831,赦,1
648,叔,5839,赵,1
649,取,798,响,1
649,取,4711,聒,1
650,受,654,叟,1
650,受,1521,岌,1
650,受,2351,攴,1
650,受,2518,曼,1
650,受,3478,爰,1
650,受,4953,芟,1
650,受,6772,食,1
651,变,14,专,1
651,变,246,便,1
651,变,6636,雯,1
652,叙,1241,奴,1
652,叙,1438,寂,1
652,叙,6292,钚,1
653,叛,1882,恝,1
654,叟,3242,溲,1
655,叠,3314,潼,1
656,口,0,々,1
656,口,7,上,1
656,口,352,儿,1
656,口,390,冂,1
656,口,448,刀,1
656,口,546,勹,1
656,口,557,匕,1
656,口,662,只,1
656,口,1611,工,1
656,口,1726,廿,1
656,口,2419,旦,1
656,口,2512,曰,1
657,古,94,亢,1
657,古,361,克,1
657,古,671,右,1
657,古,685,吉,1
657,古,1726,廿,1
657,古,3891,百,1
657,古,4934,艺,1
657,古,5625,诂,1
658,句,203,佝,1
658,句,547,勺,1
658,句,548,勾,1
658,句,1004,囟,1
658,句,2423,旬,1
659,另,532,势,1
659,另,686,吊,1
659,另,2886,殳,1
659,另,2923,氕,1
659,另,4228,穷,1
660,叨,2512,曰,1
662,只,356,兄,1
662,只,380,兵,1
662,只,404,冢,1
662,只,636,去,1
662,只,695,吕,1
662,只,1209,夬,1
662,只,1409,宕,1
662,只,1485,尺,1
662,只,1776,彳,1
663,叫,673,叶,1
663,叫,704,吣,1
663,叫,723,呀,1
663,叫,1702,庳,1
664,召,695,吕,1
664,召,1738,弓,1
664,召,1814,忍,1
664,召,2920,民,1
664,召,3891,百,1
664,召,4019,石,1
664,召,5084,莅,1
665,叭,372,八,1
665,叭,593,卟,1
665,叭,660,叨,1
666,叮,673,叶,1
666,叮,678,叼,1
666,叮,696,吖,1
666,叮,2429,旴,1
667,可,86,五,1
667,可,666,叮,1
667,可,1071,坷,1
667,可,1372,孓,1
667,可,1721,廴,1
668,台,57,乒,1
668,台,179,估,1
668,台,354,允,1
668,台,684,合,1
668,台,688,名,1
668,台,727,告,1
668,台,3487,爿,1
668,台,4453,纟,1
668,台,4878,至,1
668,台,4889,舌,1
668,台,6780,饣,1
669,叱,661,叩,1
670,史,32,丬,1
670,史,451,刃,1
670,史,690,吏,1
670,史,1844,怅,1
671,右,668,台,1
671,右,1029,在,1
671,右,1825,忡,1
671,右,2955,汔,1
672,叵,999,囗,1
673,叶,593,卟,1
673,叶,663,叫,1
673,叶,2947,汁,1
674,号,376,兰,1
674,号,662,只,1
675,司,449,刁,1
675,司,2423,旬,1
676,叹,2356,攻,1
676,叹,2952,汉,1
677,叻,693,吒,1
678,叼,677,叻,1
678,叼,734,呖,1
678,叼,735,呗,1
678,叼,747,呵,1
678,叼,6936,鱽,1
679,叽,121,仉,1
679,叽,665,叭,1
679,叽,703,吡,1
680,吁,749,呷,1
680,吁,1030,圩,1
680,吁,1520,岈,1
680,吁,4455,纡,1
681,吃,137,仡,1
681,吃,731,呓,1
681,吃,738,呛,1
681,吃,741,呤,1
681,吃,804,哓,1
681,吃,1031,圪,1
681,吃,4022,矻,1
682,各,0,々,1
682,各,64,九,1
682,各,408,冬,1
682,各,519,务,1
682,各,668,台,1
682,各,688,名,1
682,各,775,咨,1
682,各,4889,舌,1
682,各,5738,谷,1
683,吆,143,仫,1
683,吆,752,呼,1
683,吆,897,喙,1
683,吆,1269,妯,1
684,合,99,亨,1
684,合,122,今,1
684,合,126,仑,1
684,合,209,佥,1
684,合,452,分,1
684,合,456,刍,1
684,合,700,吞,1
684,合,705,否,1
684,合,727,告,1
684,合,2922,气,1
684,合,4890,舍,1
685,吉,722,吾,1
685,吉,727,告,1
685,吉,3891,百,1
686,吊,1626,币,1
687,同,390,冂,1
687,同,1003,回,1
687,同,2522,月,1
687,同,3929,目,1
687,同,6515,间,1
688,名,519,务,1
688,名,1672,幺,1
688,名,5752,豸,1
689,后,57,乒,1
689,后,177,伫,1
689,后,217,佶,1
689,后,617,厅,1
689,后,1251,妇,1
689,后,4969,芴,1
690,吏,670,史,1
691,吐,669,叱,1
691,吐,733,呕,1
691,吐,4730,肚,1
692,向,128,仔,1
692,向,144,们,1
692,向,184,伺,1
692,向,658,句,1
692,向,689,后,1
692,向,1094,垧,1
692,向,1430,宴,1
692,向,3744,甪,1
692,向,3890,白,1
693,吒,696,吖,1
693,吒,772,咤,1
694,吓,593,卟,1
694,吓,1198,外,1
694,吓,1809,忄,1
695,吕,594,占,1
695,吕,662,只,1
695,吕,664,召,1
695,吕,726,呈,1
695,吕,737,呙,1
695,吕,1371,孑,1
695,吕,2441,昌,1
696,吖,445,凼,1
696,吖,728,呋,1
696,吖,771,咣,1
696,吖,776,咩,1
697,吗,203,佝,1
697,吗,678,叼,1
697,吗,1386,孥,1
697,吗,2430,时,1
697,吗,3615,玛,1
699,吝,456,刍,1
699,吝,700,吞,1
699,吝,4260,立,1
699,吝,5738,谷,1
699,吝,6710,音,1
700,吞,699,吝,1
700,吞,1381,孝,1
700,吞,1474,尜,1
700,吞,1488,尽,1
701,吟,416,冷,1
701,吟,808,哙,1
701,吟,935,嗲,1
701,吟,2439,昉,1
701,吟,3769,畛,1
701,吟,4009,矜,1
702,吠,799,哎,1
702,吠,3529,状,1
703,吡,735,呗,1
704,吣,669,叱,1
704,吣,715,吲,1
705,否,14,专,1
705,否,16,丕,1
705,否,695,吕,1
705,否,2554,杏,1
705,否,2988,沓,1
705,否,4953,芟,1
707,吨,3935,盹,1
707,吨,4037,砘,1
708,吩,720,吻,1
709,含,139,令,1
709,含,166,会,1
709,含,684,合,1
709,含,1833,念,1
709,含,6795,饴,1
709,含,7183,龛,1
710,听,85,亓,1
710,听,661,叩,1
710,听,663,叫,1
710,听,2446,昕,1
711,吭,418,冼,1
711,吭,681,吃,1
711,吭,710,听,1
711,吭,712,吮,1
711,吭,724,呃,1
711,吭,2982,沆,1
711,吭,5304,虼,1
711,吭,6308,钪,1
712,吮,707,吨,1
712,吮,5786,贶,1
713,启,415,冶,1
713,启,688,名,1
713,启,4012,知,1
713,启,5288,虍,1
714,吱,779,咬,1
714,吱,920,嗖,1
714,吱,1256,妓,1
714,吱,2359,故,1
714,吱,3904,皮,1
715,吲,718,吸,1
715,吲,755,咂,1
715,吲,854,啁,1
715,吲,2972,汴,1
716,吴,4010,矢,1
716,吴,4626,美,1
716,吴,4878,至,1
717,吵,793,哆,1
717,吵,799,哎,1
717,吵,2991,沙,1
717,吵,3369,炒,1
717,吵,3940,眇,1
718,吸,676,叹,1
718,吸,714,吱,1
718,吸,854,啁,1
718,吸,2362,敌,1
718,吸,3762,畋,1
718,吸,5859,趿,1
719,吹,694,吓,1
719,吹,2841,次,1
719,吹,4031,砍,1
720,吻,203,佝,1
721,吼,761,咏,1
721,吼,5299,虮,1
722,吾,360,光,1
722,吾,698,君,1
722,吾,1209,夬,1
722,吾,1420,客,1
722,吾,2425,旮,1
722,吾,2864,歪,1
722,吾,3116,浯,1
722,吾,5581,言,1
723,呀,171,伢,1
723,呀,752,呼,1
723,呀,835,唔,1
723,呀,4032,砑,1
724,呃,703,吡,1
724,呃,711,吭,1
725,呆,105,亲,1
725,呆,686,吊,1
725,呆,1669,年,1
725,呆,2052,手,1
725,呆,2572,杲,1
725,呆,2590,果,1
725,呆,6250,采,1
726,呈,456,刍,1
726,呈,725,呆,1
726,呈,2449,星,1
726,呈,4284,笔,1
727,告,25,丢,1
727,告,722,吾,1
727,告,1033,圭,1
727,告,2445,昔,1
727,告,2861,步,1
727,告,3512,牾,1
727,告,4435,糸,1
727,告,5001,若,1
727,告,5669,诰,1
728,呋,730,呒,1
728,呋,764,咔,1
729,呐,517,功,1
729,呐,696,吖,1
729,呐,748,呶,1
729,呐,4743,肭,1
730,呒,731,呓,1
731,呓,732,呔,1
732,呔,702,吠,1
732,呔,734,呖,1
732,呔,765,咕,1
733,呕,741,呤,1
734,呖,724,呃,1
735,呗,718,吸,1
735,呗,719,吹,1
735,呗,737,呙,1
736,员,300,债,1
736,员,606,危,1
736,员,1494,屃,1
736,员,5763,贞,1
736,员,5765,贡,1
736,员,6713,页,1
737,呙,686,吊,1
737,呙,704,吣,1
737,呙,4964,芮,1
738,呛,126,仑,1
738,呛,681,吃,1
738,呛,757,咆,1
738,呛,2097,抡,1
739,呜,697,吗,1
740,呢,180,伲,1
740,呢,718,吸,1
740,呢,724,呃,1
740,呢,758,咋,1
740,呢,800,哏,1
740,呢,895,喔,1
740,呢,4243,窕,1
740,呢,6341,铌,1
741,呤,701,吟,1
741,呤,768,咚,1
741,呤,795,哈,1
742,呦,770,咝,1
743,周,687,同,1
743,周,1015,囹,1
743,周,3025,泔,1
743,周,5046,茼,1
743,周,6534,阇,1
743,周,6548,阖,1
744,呱,741,呤,1
744,呱,4762,胍,1
745,呲,771,咣,1
746,味,707,吨,1
746,味,728,呋,1
746,味,764,咔,1
746,味,777,咪,1
746,味,2106,抹,1
746,味,2541,朱,1
746,味,3004,沫,1
746,味,4894,舛,1
747,呵,1,一,1
747,呵,666,叮,1
747,呵,680,吁,1
747,呵,715,吲,1
747,呵,750,呸,1
748,呶,742,呦,1
749,呷,744,呱,1
749,呷,751,呻,1
750,呸,16,丕,1
750,呸,23,丝,1
750,呸,694,吓,1
750,呸,4767,胚,1
751,呻,412,冲,1
751,呻,749,呷,1
752,呼,680,吁,1
752,呼,1520,岈,1
753,命,166,会,1
753,命,260,俞,1
753,命,790,品,1
753,命,6171,部,1
754,咀,818,哩,1
754,咀,3544,狙,1
755,咂,57,乒,1
755,咂,791,哂,1
756,咄,745,呲,1
756,咄,748,呶,1
757,咆,706,吧,1
758,咋,710,听,1
758,咋,711,吭,1
758,咋,765,咕,1
758,咋,812,哞,1
759,和,470,利,1
759,和,4181,种,1
762,咐,782,咱,1
762,咐,786,咻,1
762,咐,1819,忖,1
762,咐,2119,拊,1
763,咒,365,兕,1
763,咒,1476,尢,1
764,咔,749,呷,1
765,咕,691,吐,1
765,咕,694,吓,1
765,咕,780,咭,1
765,咕,3055,洁,1
765,咕,5625,诂,1
765,咕,6318,钴,1
766,咖,677,叻,1
766,咖,823,哳,1
766,咖,3527,犰,1
766,咖,3634,珈,1
767,咙,702,吠,1
767,咙,704,吣,1
767,咙,724,呃,1
767,咙,772,咤,1
767,咙,804,哓,1
767,咙,2461,昽,1
768,咚,769,咛,1
769,咛,749,呷,1
769,咛,756,咄,1
770,咝,801,哐,1
771,咣,728,呋,1
771,咣,730,呒,1
771,咣,806,哕,1
771,咣,1554,峣,1
772,咤,738,呛,1
772,咤,757,咆,1
772,咤,811,哝,1
772,咤,1086,垞,1
773,咦,804,哓,1
774,咧,419,冽,1
774,咧,847,唰,1
774,咧,888,喇,1
775,咨,2999,沦,1
775,咨,4759,胄,1
776,咩,772,咤,1
777,咪,786,咻,1
777,咪,809,哚,1
777,咪,909,喽,1
777,咪,4174,禾,1
777,咪,4802,脒,1
779,咬,97,亦,1
779,咬,750,呸,1
779,咬,758,咋,1
779,咬,841,唤,1
779,咬,860,啐,1
779,咬,876,啶,1
779,咬,3071,洨,1
779,咬,3898,皎,1
779,咬,4083,碎,1
779,咬,5349,蛟,1
779,咬,6802,饻,1
780,咭,791,哂,1
780,咭,1137,堎,1
781,咯,771,咣,1
781,咯,795,哈,1
781,咯,1889,恪,1
781,咯,3771,略,1
781,咯,4313,答,1
781,咯,5798,赂,1
781,咯,6800,饹,1
782,咱,3060,洎,1
783,咳,771,咣,1
783,咳,793,哆,1
783,咳,829,唆,1
783,咳,837,唝,1
783,咳,841,唤,1
783,咳,1083,垓,1
783,咳,5801,赅,1
784,咴,803,哒,1
785,咸,1970,感,1
785,咸,2017,戌,1
785,咸,3737,甙,1
785,咸,4054,砹,1
786,咻,788,咿,1
786,咻,2587,林,1
786,咻,3061,洑,1
787,咽,791,哂,1
787,咽,4781,胭,1
788,咿,797,哌,1
789,哀,104,亮,1
789,哀,1433,宸,1
789,哀,5475,衰,1
790,品,2486,晶,1
790,品,5689,谄,1
791,哂,784,咴,1
792,哄,683,吆,1
792,哄,731,呓,1
792,哄,765,咕,1
792,哄,773,咦,1
792,哄,799,哎,1
792,哄,3396,烘,1
793,哆,721,吼,1
793,哆,2478,晤,1
793,哆,4276,笃,1
793,哆,4511,络,1
794,哇,681,吃,1
794,哇,714,吱,1
794,哇,777,咪,1
794,哇,852,唾,1
794,哇,1092,垤,1
794,哇,3772,畦,1
794,哇,5346,蛙,1
795,哈,371,全,1
795,哈,681,吃,1
795,哈,701,吟,1
795,哈,741,呤,1
795,哈,828,唁,1
795,哈,6799,饸,1
796,哉,785,咸,1
796,哉,2016,戋,1
796,哉,2021,成,1
796,哉,2027,战,1
796,哉,2035,截,1
797,哌,744,呱,1
797,哌,808,哙,1
798,响,720,吻,1
798,响,734,呖,1
798,响,744,呱,1
798,响,791,哂,1
798,响,817,哨,1
798,响,1534,岣,1
798,响,1758,归,1
798,响,3421,焖,1
798,响,4475,纶,1
798,响,6717,项,1
798,响,6798,饷,1
799,哎,792,哄,1
799,哎,5012,茂,1
799,哎,6226,酽,1
800,哏,812,哞,1
801,哐,765,咕,1
802,哑,755,咂,1
802,哑,1097,垭,1
802,哑,5665,诬,1
803,哒,773,咦,1
804,哓,805,哔,1
806,哕,771,咣,1
806,哕,786,咻,1
806,哕,2461,昽,1
807,哗,812,哞,1
807,哗,874,啴,1
808,哙,701,吟,1
808,哙,809,哚,1
808,哙,3406,烩,1
809,哚,810,哜,1
809,哚,4293,笨,1
809,哚,5889,跺,1
810,哜,776,咩,1
810,哜,781,咯,1
810,哜,7166,齐,1
811,哝,800,哏,1
812,哞,149,件,1
812,哞,776,咩,1
812,哞,836,唛,1
812,哞,3960,眸,1
813,哟,723,呀,1
813,哟,762,咐,1
813,哟,831,唉,1
813,哟,4460,约,1
814,哥,54,乎,1
814,哥,78,事,1
814,哥,1200,多,1
814,哥,1272,妻,1
814,哥,4008,矛,1
814,哥,5957,軎,1
815,哦,6395,锇,1
816,哧,826,哽,1
817,哨,806,哕,1
817,哨,900,喟,1
817,哨,1561,峭,1
817,哨,4324,筲,1
817,哨,4516,绡,1
818,哩,1304,娌,1
818,哩,2454,昭,1
818,哩,2498,暝,1
819,哪,2177,挪,1
819,哪,6169,郦,1
820,哭,379,兴,1
820,哭,4933,艹,1
821,哮,1100,垱,1
821,哮,3570,猎,1
822,哲,2198,捡,1
822,哲,2216,掊,1
822,哲,2490,暂,1
822,哲,4990,苕,1
823,哳,3104,浙,1
824,哺,817,哨,1
825,哼,99,亨,1
825,哼,769,咛,1
825,哼,828,唁,1
825,哼,860,啐,1
825,哼,1333,婷,1
825,哼,3115,浮,1
826,哽,835,唔,1
826,哽,4074,硬,1
828,唁,808,哙,1
828,唁,825,哼,1
828,唁,835,唔,1
828,唁,866,啥,1
828,唁,882,喀,1
828,唁,2439,昉,1
828,唁,4105,磅,1
828,唁,6620,雁,1
829,唆,793,哆,1
829,唆,831,唉,1
829,唆,914,嗌,1
829,唆,1563,峻,1
829,唆,3071,洨,1
829,唆,6059,追,1
830,唇,4288,笞,1
831,唉,829,唆,1
833,唐,1411,官,1
833,唐,1705,康,1
833,唐,3229,溏,1
834,唑,770,咝,1
836,唛,816,哧,1
836,唛,835,唔,1
838,唠,2196,捞,1
839,唢,817,哨,1
840,唣,772,咤,1
841,唤,2412,族,1
841,唤,4234,突,1
841,唤,5307,虿,1
844,唬,948,嘘,1
844,唬,1917,悢,1
845,售,153,仿,1
845,售,258,俜,1
845,售,835,唔,1
845,售,1920,您,1
845,售,3116,浯,1
845,售,3426,焦,1
845,售,6615,隹,1
845,售,7050,鸶,1
846,唯,329,傩,1
846,唯,422,准,1
846,唯,712,吮,1
846,唯,762,咐,1
846,唯,782,咱,1
846,唯,797,哌,1
846,唯,801,哐,1
846,唯,895,喔,1
846,唯,968,噍,1
846,唯,1131,堆,1
846,唯,1651,帷,1
846,唯,1899,恺,1
846,唯,2410,旌,1
846,唯,3972,睢,1
847,唰,819,哪,1
848,唱,697,吗,1
848,唱,2508,曜,1
848,唱,2988,沓,1
850,唷,817,哨,1
851,唼,1330,婴,1
852,唾,802,哑,1
852,唾,834,唑,1
852,唾,901,喤,1
852,唾,907,喹,1
852,唾,1079,型,1
852,唾,3971,睡,1
852,唾,4558,缍,1
852,唾,6594,陲,1
853,唿,934,嗯,1
853,唿,1877,恐,1
854,啁,787,咽,1
855,啃,806,哕,1
855,啃,810,哜,1
855,啃,900,喟,1
855,啃,4745,肯,1
856,啄,404,冢,1
856,啄,761,咏,1
856,啄,3152,涿,1
856,啄,5681,诼,1
857,商,1223,奇,1
857,商,2046,扃,1
857,商,4245,窗,1
857,商,4584,缩,1
857,商,6902,高,1
859,啊,7042,鸭,1
862,啖,831,唉,1
862,啖,889,喈,1
862,啖,3168,淡,1
864,啡,745,呲,1
864,啡,4529,绯,1
865,啤,749,呷,1
865,啤,752,呼,1
865,啤,807,哗,1
865,啤,826,哽,1
865,啤,975,噢,1
865,啤,1119,埠,1
866,啥,708,吩,1
866,啥,739,呜,1
866,啥,835,唔,1
866,啥,841,唤,1
866,啥,924,嗟,1
866,啥,936,嗳,1
866,啥,968,噍,1
866,啥,3170,淦,1
866,啥,3578,猞,1
868,啧,835,唔,1
868,啧,836,唛,1
869,啪,823,哳,1
869,啪,6845,驺,1
872,啮,862,啖,1
872,啮,930,嗨,1
872,啮,970,噔,1
872,啮,1113,埗,1
872,啮,7168,齿,1
873,啰,806,哕,1
873,啰,825,哼,1
873,啰,920,嗖,1
873,啰,3579,猡,1
874,啴,776,咩,1
876,啶,990,嚏,1
876,啶,3003,沪,1
876,啶,4543,绽,1
878,啸,943,嘈,1
878,啸,2483,晰,1
880,啼,1641,帚,1
880,啼,4098,碲,1
881,啾,3219,湫,1
881,啾,3985,瞅,1
882,喀,681,吃,1
882,喀,835,唔,1
882,喀,893,喏,1
884,喂,872,啮,1
884,喂,900,喟,1
884,喂,3581,猥,1
886,善,722,吾,1
886,善,1235,奚,1
886,善,4451,纂,1
886,善,5113,菁,1
886,善,5581,言,1
888,喇,476,制,1
888,喇,960,嘲,1
890,喉,244,侯,1
890,喉,797,哌,1
890,喉,4561,缑,1
890,喉,4785,胲,1
891,喊,427,减,1
891,喊,942,嘁,1
891,喊,3889,登,1
891,喊,4097,碱,1
892,喋,3198,渫,1
892,喋,5697,谍,1
894,喑,828,唁,1
896,喘,922,嗝,1
896,喘,3688,瑞,1
896,喘,6813,馈,1
898,喜,1190,壹,1
898,喜,2553,李,1
898,喜,3461,熹,1
898,喜,4029,砉,1
898,喜,5307,虿,1
898,喜,5957,軎,1
898,喜,6940,鲁,1
899,喝,664,召,1
899,喝,791,哂,1
899,喝,1937,惕,1
899,喝,2479,晦,1
899,喝,2516,曷,1
899,喝,5702,谒,1
900,喟,889,喈,1
900,喟,2241,掼,1
901,喤,840,唣,1
901,喤,953,嘡,1
902,喧,738,呛,1
902,喧,828,唁,1
902,喧,1573,崟,1
904,喳,780,咭,1
904,喳,906,喷,1
904,喳,3194,渣,1
904,喳,4100,碴,1
906,喷,714,吱,1
906,喷,839,唢,1
906,喷,2499,暧,1
908,喻,317,偷,1
908,喻,3211,湔,1
911,嗄,932,嗫,1
911,嗄,934,嗯,1
911,嗄,946,嘎,1
912,嗅,865,啤,1
913,嗉,868,啧,1
913,嗉,931,嗪,1
913,嗉,4444,絷,1
914,嗌,916,嗑,1
916,嗑,3986,瞌,1
916,嗑,4111,磕,1
918,嗓,821,哮,1
918,嗓,892,喋,1
918,嗓,912,嗅,1
921,嗜,2485,晴,1
921,嗜,4847,膂,1
923,嗞,384,兹,1
924,嗟,971,噗,1
925,嗡,3251,滃,1
926,嗣,4914,舸,1
927,嗤,771,咣,1
927,嗤,892,喋,1
927,嗤,5377,蜜,1
929,嗦,816,哧,1
929,嗦,821,哮,1
929,嗦,825,哼,1
929,嗦,3296,潆,1
929,嗦,4439,索,1
932,嗫,5925,蹑,1
934,嗯,883,喁,1
939,嗽,881,啾,1
939,嗽,3291,漱,1
941,嘀,922,嗝,1
941,嘀,4312,筒,1
941,嘀,5725,谪,1
941,嘀,5930,蹢,1
943,嘈,967,噌,1
946,嘎,912,嗅,1
946,嘎,4074,硬,1
948,嘘,4096,碰,1
950,嘛,761,咏,1
950,嘛,858,啉,1
950,嘛,885,喃,1
950,嘛,2020,戏,1
950,嘛,4549,缃,1
956,嘧,991,嚓,1
959,嘱,734,呖,1
959,嘱,895,喔,1
959,嘱,3996,瞩,1
960,嘲,915,嗍,1
961,嘴,889,喈,1
961,嘴,896,喘,1
961,嘴,925,嗡,1
961,嘴,4356,篇,1
962,嘶,3319,澌,1
963,嘹,897,喙,1
963,嘹,4347,箪,1
964,嘻,897,喙,1
964,嘻,898,喜,1
964,嘻,909,喽,1
964,嘻,913,嗉,1
964,嘻,974,噜,1
965,嘿,681,吃,1
965,嘿,975,噢,1
967,噌,924,嗟,1
967,噌,2519,曾,1
968,噍,340,僬,1
969,噎,913,嗉,1
969,噎,921,嗜,1
969,噎,953,嘡,1
969,噎,964,嘻,1
969,噎,1189,壶,1
970,噔,3997,瞪,1
975,噢,912,嗅,1
977,器,820,哭,1
977,器,4612,罢,1
978,噩,4300,笸,1
978,噩,4322,筮,1
978,噩,6082,速,1
979,噪,809,哚,1
979,噪,874,啴,1
979,噪,3469,燥,1
979,噪,3713,璪,1
981,噬,4322,筮,1
983,噶,5247,蕰,1
987,嚅,3338,濡,1
988,嚆,2477,晡,1
989,嚎,793,哆,1
989,嚎,821,哮,1
990,嚏,911,嗄,1
990,嚏,969,噎,1
991,嚓,976,噤,1
993,嚣,1966,意,1
993,嚣,3377,炫,1
993,嚣,4370,篱,1
993,嚣,4384,簧,1
993,嚣,7139,黹,1
994,嚯,2508,曜,1
995,嚷,998,囔,1
995,嚷,1183,壤,1
995,嚷,5544,襄,1
996,嚼,880,啼,1
996,嚼,987,嚅,1
996,嚼,3111,浥,1
997,囊,1455,寰,1
997,囊,2169,挠,1
997,囊,2511,曩,1
997,囊,3461,熹,1
997,囊,5125,菟,1
998,囔,997,囊,1
998,囔,999,囗,1
999,囗,439,凵,1
999,囗,1002,囝,1
999,囗,1371,孑,1
1000,囚,67,习,1
1000,囚,999,囗,1
1000,囚,1001,四,1
1000,囚,1007,团,1
1000,囚,1014,囵,1
1000,囚,1070,坶,1
1000,囚,6506,闪,1
1000,囚,6513,闲,1
1001,四,660,叨,1
1001,四,706,吧,1
1001,四,999,囗,1
1001,四,1009,囫,1
1001,四,1010,园,1
1001,四,1857,思,1
1001,四,2512,曰,1
1001,四,2522,月,1
1001,四,2967,汩,1
1001,四,3749,田,1
1001,四,6064,逄,1
1002,囝,1007,团,1
1003,回,658,句,1
1003,回,1009,囫,1
1003,回,1062,坦,1
1003,回,2512,曰,1
1003,回,4883,舀,1
1005,因,743,周,1
1005,因,1006,囡,1
1005,因,1014,囵,1
1005,因,1017,国,1
1005,因,3749,田,1
1006,囡,1014,囵,1
1007,团,445,凼,1
1007,团,1002,囝,1
1007,团,1003,回,1
1007,团,1009,囫,1
1007,团,3749,田,1
1007,团,5610,讲,1
1007,团,6508,闭,1
1008,囤,445,凼,1
1008,囤,1002,囝,1
1008,囤,1005,因,1
1008,囤,1013,围,1
1008,囤,1017,国,1
1008,囤,2567,杩,1
1008,囤,3742,用,1
1009,囫,1015,囹,1
1009,囫,1034,圮,1
1009,囫,6539,阌,1
1010,园,675,司,1
1010,园,1008,囤,1
1010,园,1017,国,1
1010,园,1019,囿,1
1010,园,2462,显,1
1010,园,4605,罔,1
1010,园,6510,闯,1
1011,困,554,匍,1
1011,困,743,周,1
1011,困,1002,囝,1
1011,困,1006,囡,1
1011,困,1008,囤,1
1011,困,1013,围,1
1012,囱,552,匆,1
1012,囱,692,向,1
1012,囱,1003,回,1
1012,囱,3163,淘,1
1012,囱,6671,面,1
1013,围,1002,囝,1
1013,围,1016,固,1
1013,围,1025,圊,1
1013,围,2420,旧,1
1013,围,3754,男,1
1013,围,4759,胄,1
1014,囵,1009,囫,1
1015,囹,1019,囿,1
1016,固,1002,囝,1
1016,固,1006,囡,1
1016,固,1024,圉,1
1016,固,2418,日,1
1016,固,6521,闺,1
1017,国,1001,四,1
1017,国,1005,因,1
1017,国,1006,囡,1
1017,国,1008,囤,1
1017,国,1016,固,1
1017,国,1021,圄,1
1018,图,1000,囚,1
1018,图,1002,囝,1
1018,图,1014,囵,1
1018,图,1015,囹,1
1018,图,1017,国,1
1018,图,4604,网,1
1019,囿,1021,圄,1
1019,囿,1022,圆,1
1019,囿,6095,逾,1
1020,圃,554,匍,1
1020,圃,1013,围,1
1020,圃,1022,圆,1
1020,圃,1023,圈,1
1020,圃,3852,瘌,1
1020,圃,5118,菌,1
1020,圃,6520,闹,1
1020,圃,6549,阗,1
1021,圄,1025,圊,1
1021,圄,1026,圜,1
1022,圆,802,哑,1
1022,圆,4605,罔,1
1022,圆,5362,蜀,1
1022,圆,6039,进,1
1022,圆,6193,酉,1
1022,圆,6549,阗,1
1023,圈,1024,圉,1
1023,圈,1026,圜,1
1023,圈,2237,掴,1
1023,圈,4605,罔,1
1023,圈,6548,阖,1
1024,圉,1026,圜,1
1025,圊,1024,圉,1
1025,圊,6548,阖,1
1026,圜,1022,圆,1
1026,圜,1633,帏,1
1027,土,86,五,1
1027,土,561,匚,1
1027,土,657,古,1
1027,土,1472,尘,1
1027,土,2053,扌,1
1028,圣,16,丕,1
1028,圣,1459,寻,1
1029,在,1680,庇,1
1029,在,3805,疰,1
1030,圩,1038,圹,1
1030,圩,1065,坪,1
1031,圪,2955,汔,1
1032,圬,1045,坊,1
1032,圬,2989,沔,1
1032,圬,3613,玙,1
1033,圭,1126,基,1
1033,圭,1472,尘,1
1033,圭,5025,茔,1
1033,圭,6273,钅,1
1034,圮,3547,狠,1
1036,地,1035,圯,1
1036,地,1097,垭,1
1038,圹,3786,疒,1
1039,场,1055,坜,1
1039,场,1094,垧,1
1039,场,1124,埸,1
1039,场,2068,扬,1
1039,场,2566,杨,1
1039,场,3614,玚,1
1040,圻,2092,折,1
1041,圾,1060,坡,1
1041,圾,1073,坼,1
1041,圾,2089,投,1
1041,圾,2580,极,1
1041,圾,5638,诐,1
1042,址,41,主,1
1042,址,1099,垯,1
1042,址,1109,埏,1
1042,址,2992,沚,1
1042,址,5302,虺,1
1043,坂,2073,扳,1
1043,坂,5311,蚊,1
1044,均,1039,场,1
1044,均,1071,坷,1
1044,均,2129,拘,1
1044,均,2435,昀,1
1045,坊,1031,圪,1
1045,坊,1058,坟,1
1045,坊,1125,培,1
1045,坊,1613,巧,1
1045,坊,2439,昉,1
1047,坍,1037,圳,1
1047,坍,1070,坶,1
1047,坍,2587,林,1
1048,坎,1044,均,1
1048,坎,1052,块,1
1048,坎,1115,埙,1
1048,坎,2085,抑,1
1049,坏,1065,坪,1
1049,坏,1839,怀,1
1050,坐,654,叟,1
1050,坐,3630,玺,1
1050,坐,4273,竺,1
1050,坐,4278,笆,1
1050,坐,5603,让,1
1051,坑,712,吮,1
1051,坑,1031,圪,1
1051,坑,1034,圮,1
1051,坑,2982,沆,1
1052,块,2083,抉,1
1052,块,2145,拮,1
1052,块,2147,拱,1
1052,块,5974,轶,1
1053,坚,1472,尘,1
1053,坚,4262,竖,1
1054,坛,1045,坊,1
1054,坛,1686,库,1
1056,坝,1037,圳,1
1056,坝,1062,坦,1
1056,坝,1115,埙,1
1056,坝,2596,枧,1
1056,坝,2986,沏,1
1057,坞,1102,垴,1
1057,坞,1159,填,1
1057,坞,1464,将,1
1058,坟,219,佼,1
1058,坟,2359,故,1
1058,坟,3623,玫,1
1058,坟,5311,蚊,1
1059,坠,794,哇,1
1059,坠,1139,堕,1
1059,坠,4273,竺,1
1060,坡,5638,诐,1
1061,坤,2620,柚,1
1061,坤,5327,蚰,1
1062,坦,1068,坯,1
1062,坦,1091,垣,1
1062,坦,1123,埴,1
1062,坦,1270,妲,1
1062,坦,2095,抟,1
1062,坦,5628,诅,1
1064,坩,3025,泔,1
1065,坪,1030,圩,1
1065,坪,1078,垆,1
1065,坪,1087,垟,1
1065,坪,2101,抨,1
1065,坪,6311,钭,1
1066,坫,1063,坨,1
1066,坫,1075,垃,1
1068,坯,1034,圮,1
1068,坯,1049,坏,1
1070,坶,1274,姆,1
1071,坷,1039,场,1
1071,坷,1094,垧,1
1071,坷,1110,埒,1
1071,坷,3633,珂,1
1071,坷,6129,邛,1
1071,坷,6669,靠,1
1072,坻,2105,抵,1
1072,坻,3725,瓯,1
1073,坼,2115,拆,1
1074,垂,978,噩,1
1074,垂,1272,妻,1
1074,垂,2594,枣,1
1075,垃,1031,圪,1
1075,垃,1125,培,1
1075,垃,2117,拈,1
1075,垃,2139,拦,1
1075,垃,2565,杧,1
1076,垄,4945,芏,1
1076,垄,7182,龚,1
1077,垅,2135,拢,1
1077,垅,3640,珑,1
1078,垆,1087,垟,1
1078,垆,2099,护,1
1079,型,2531,望,1
1080,垌,2676,桐,1
1081,垍,2121,拍,1
1082,垒,2331,擂,1
1082,垒,4369,篮,1
1082,垒,5025,茔,1
1082,垒,6256,量,1
1085,垛,809,哚,1
1085,垛,1110,埒,1
1085,垛,1172,墚,1
1085,垛,2225,探,1
1086,垞,1061,坤,1
1089,垡,1539,岱,1
1090,垢,1043,坂,1
1090,垢,1287,姞,1
1090,垢,3632,珀,1
1090,垢,5640,诒,1
1091,垣,1043,坂,1
1091,垣,1123,埴,1
1091,垣,2678,桓,1
1091,垣,3080,洹,1
1091,垣,6720,顼,1
1092,垤,1049,坏,1
1092,垤,1086,垞,1
1094,垧,798,响,1
1096,垫,2178,挫,1
1096,垫,2583,枉,1
1096,垫,3409,热,1
1096,垫,5354,蛰,1
1098,垮,1127,埼,1
1098,垮,1613,巧,1
1098,垮,5517,裤,1
1100,垱,1075,垃,1
1100,垱,2170,挡,1
1101,垲,1519,岂,1
1102,垴,1035,圯,1
1104,埂,1043,坂,1
1104,埂,1164,墁,1
1104,埂,2701,梗,1
1105,埃,1083,垓,1
1105,埃,1087,垟,1
1105,埃,1112,埕,1
1105,埃,1136,堍,1
1105,埃,2176,挨,1
1105,埃,2202,捩,1
1107,埋,1048,坎,1
1107,埋,1068,坯,1
1107,埋,1304,娌,1
1107,埋,2213,掇,1
1107,埋,2294,摆,1
1107,埋,5683,课,1
1109,埏,1722,延,1
1109,埏,5371,蜒,1
1111,埔,2195,捕,1
1112,埕,1092,垤,1
1113,埗,1144,堤,1
1115,埙,2197,损,1
1117,埝,1144,堤,1
1117,埝,3697,璁,1
1118,域,1066,坫,1
1118,域,1111,埔,1
1118,域,2801,槭,1
1118,域,5384,蜮,1
1119,埠,1087,垟,1
1119,埠,1163,墀,1
1120,埤,749,呷,1
1120,埤,1110,埒,1
1121,埭,2724,棣,1
1122,埯,2230,掩,1
1123,埴,1081,垍,1
1125,培,1032,圬,1
1125,培,1066,坫,1
1125,培,1083,垓,1
1125,培,1098,垮,1
1125,培,1110,埒,1
1125,培,1287,姞,1
1125,培,1915,悟,1
1125,培,3145,涪,1
1125,培,3423,焙,1
1125,培,3708,璟,1
1126,基,4970,芷,1
1126,基,5048,荃,1
1126,基,5170,董,1
1127,埼,1098,垮,1
1127,埼,2218,掎,1
1129,堀,1055,坜,1
1130,堂,209,佥,1
1130,堂,367,党,1
1130,堂,1046,坌,1
1130,堂,1387,学,1
1130,堂,2723,棠,1
1130,堂,4044,砦,1
1130,堂,5048,荃,1
1130,堂,6256,量,1
1131,堆,422,准,1
1131,堆,1081,垍,1
1131,堆,1942,惟,1
1131,堆,2229,推,1
1131,堆,4940,芈,1
1133,堉,1092,垤,1
1134,堋,1047,坍,1
1135,堌,3245,溷,1
1136,堍,2183,挽,1
1138,堑,2490,暂,1
1139,堕,6584,陛,1
1141,堞,2259,揲,1
1141,堞,4640,羹,1
1143,堡,259,保,1
1143,堡,1046,坌,1
1143,堡,5007,苷,1
1144,堤,1104,埂,1
1144,堤,1115,埙,1
1144,堤,2604,枵,1
1144,堤,3215,湜,1
1145,堪,1064,坩,1
1145,堪,1097,垭,1
1145,堪,1155,塔,1
1145,堪,1159,填,1
1146,堰,1094,垧,1
1148,堵,1133,堉,1
1148,堵,2145,拮,1
1148,堵,5409,蝽,1
1148,堵,5677,诸,1
1152,塌,1116,埚,1
1152,塌,1309,娟,1
1152,塌,2048,扇,1
1152,塌,3667,琨,1
1154,塑,1162,塾,1
1154,塑,2531,望,1
1154,塑,2791,槊,1
1154,塑,4636,羯,1
1154,塑,7171,龃,1
1155,塔,349,儋,1
1155,塔,2228,控,1
1155,塔,2656,栲,1
1156,塘,1111,埔,1
1156,塘,1160,塬,1
1156,塘,1161,塮,1
1156,塘,1173,增,1
1156,塘,3691,瑭,1
1157,塞,984,噻,1
1157,塞,1176,墨,1
1157,塞,1453,寨,1
1157,塞,5166,葚,1
1159,填,919,嗔,1
1159,填,1091,垣,1
1159,填,1145,堪,1
1159,填,2215,掉,1
1159,填,4572,缜,1
1161,塮,1114,埘,1
1162,塾,1096,垫,1
1165,境,980,噫,1
1165,境,1051,坑,1
1165,境,1149,塃,1
1165,境,1183,壤,1
1166,墅,1059,坠,1
1166,墅,1992,憋,1
1166,墅,6255,野,1
1166,墅,7138,黯,1
1169,墒,1116,埚,1
1169,墒,1133,堉,1
1169,墒,2186,捅,1
1169,墒,2300,摘,1
1170,墓,1126,基,1
1170,墓,1132,堇,1
1170,墓,5201,蓁,1
1171,墙,870,啬,1
1171,墙,1125,培,1
1171,墙,1148,堵,1
1171,墙,1362,嫱,1
1173,增,284,倘,1
1173,增,1063,坨,1
1173,增,3283,漕,1
1173,增,5657,诣,1
1174,墟,1100,垱,1
1174,墟,1122,埯,1
1174,墟,1173,增,1
1174,墟,4304,筅,1
1175,墦,5439,蟠,1
1177,墩,1806,徼,1
1178,墼,4601,罄,1
1179,壁,1089,垡,1
1179,壁,2834,檗,1
1179,壁,3735,甓,1
1179,壁,6014,辟,1
1181,壑,3982,睿,1
1182,壕,335,像,1
1183,壤,2346,攘,1
1183,壤,5544,襄,1
1184,士,657,古,1
1184,士,1240,女,1
1184,士,1472,尘,1
1184,士,1611,工,1
1184,士,2053,扌,1
1185,壬,598,卤,1
1185,壬,1371,孑,1
1185,壬,4597,缶,1
1185,壬,6025,迁,1
1186,壮,559,北,1
1186,壮,1844,怅,1
1186,壮,2061,扛,1
1186,壮,3534,狂,1
1187,声,98,产,1
1187,声,596,卢,1
1187,声,2040,户,1
1187,声,2365,敕,1
1188,壳,1486,尻,1
1189,壶,5172,葫,1
1190,壹,1189,壶,1
1190,壹,3915,盍,1
1190,壹,3947,眚,1
1190,壹,7058,鸾,1
1191,夂,0,々,1
1191,夂,47,久,1
1191,夂,3481,父,1
1193,备,682,各,1
1194,复,631,厦,1
1194,复,651,变,1
1194,复,4966,芰,1
1195,夏,380,兵,1
1195,夏,534,勇,1
1195,夏,631,厦,1
1195,夏,1194,复,1
1195,夏,4966,芰,1
1195,夏,5742,豉,1
1195,夏,5855,趸,1
1197,夕,47,久,1
1197,夕,450,刂,1
1197,夕,658,句,1
1197,夕,1397,宀,1
1198,外,68,乡,1
1198,外,593,卟,1
1198,外,2866,死,1
1200,多,688,名,1
1200,多,793,哆,1
1200,多,1373,孔,1
1200,多,3484,爹,1
1200,多,4226,穴,1
1201,夜,1,一,1
1201,夜,1691,庙,1
1201,夜,5093,莜,1
1201,夜,6130,邝,1
1202,够,6230,醇,1
1202,够,6795,饴,1
1205,大,8,下,1
1205,大,657,古,1
1205,大,1207,太,1
1205,大,1476,尢,1
1205,大,1477,尤,1
1205,大,3353,火,1
1205,大,3524,犬,1
1206,天,8,下,1
1206,天,71,买,1
1206,天,140,以,1
1206,天,374,六,1
1206,天,1208,夫,1
1206,天,1476,尢,1
1206,天,2393,斤,1
1206,天,2979,沃,1
1206,天,3087,浃,1
1206,天,4010,矢,1
1206,天,4174,禾,1
1207,太,5,丈,1
1207,太,636,去,1
1207,太,3476,爪,1
1207,太,3524,犬,1
1208,夫,5,丈,1
1208,夫,413,决,1
1208,夫,636,去,1
1208,夫,1217,夹,1
1208,夫,2537,末,1
1209,夬,595,卡,1
1210,夭,1205,大,1
1210,夭,1672,幺,1
1210,夭,2416,无,1
1210,夭,4174,禾,1
1211,央,413,决,1
1211,央,728,呋,1
1211,央,1471,尖,1
1211,央,3353,火,1
1211,央,5297,虫,1
1211,央,6032,运,1
1212,夯,3482,爷,1
1213,失,200,佚,1
1213,失,359,先,1
1213,失,378,关,1
1213,失,413,决,1
1213,失,1208,夫,1
1213,失,2541,朱,1
1213,失,3498,牛,1
1213,失,3499,牝,1
1213,失,4010,矢,1
1213,失,4982,苌,1
1213,失,5322,蚨,1
1214,头,1208,夫,1
1214,头,3353,火,1
1214,头,5598,认,1
1215,夷,5055,荑,1
1215,夷,7113,麦,1
1216,夸,375,兮,1
1216,夸,1686,库,1
1217,夹,22,东,1
1217,夹,1208,夫,1
1217,夹,1214,头,1
1217,夹,1215,夷,1
1217,夹,1471,尖,1
1217,夹,3355,灭,1
1217,夹,5470,表,1
1218,夺,1223,奇,1
1218,夺,1458,寺,1
1219,夼,1223,奇,1
1221,奂,1211,央,1
1222,奄,3177,淹,1
1222,奄,4475,纶,1
1223,奇,814,哥,1
1223,奇,870,啬,1
1223,奇,1218,夺,1
1223,奇,1226,奋,1
1223,奇,4993,苛,1
1224,奈,198,佘,1
1224,奈,1216,夸,1
1224,奈,1379,孛,1
1224,奈,5082,荼,1
1225,奉,3669,琫,1
1226,奋,3891,百,1
1227,奎,1074,垂,1
1227,奎,1218,夺,1
1228,奏,2246,揍,1
1228,奏,2819,橐,1
1231,奕,428,凑,1
1231,奕,1273,妾,1
1231,奕,1471,尖,1
1231,奕,1733,弈,1
1232,奖,378,关,1
1232,奖,4283,笑,1
1233,套,1227,奎,1
1233,套,4699,耷,1
1233,套,5202,蓂,1
1236,奠,2908,毫,1
1236,奠,4626,美,1
1236,奠,4877,臭,1
1237,奢,2481,普,1
1238,奥,1417,实,1
1238,奥,4234,突,1
1238,奥,4876,臬,1
1238,奥,4877,臭,1
1240,女,3,七,1
1240,女,63,乜,1
1240,女,579,午,1
1240,女,1371,孑,1
1240,女,1672,幺,1
1240,女,1726,廿,1
1240,女,2352,攵,1
1240,女,7181,龙,1
1241,奴,646,反,1
1241,奴,1247,如,1
1241,奴,2359,故,1
1241,奴,2548,权,1
1242,奶,453,切,1
1242,奶,608,却,1
1243,奸,148,仵,1
1243,奸,5648,诚,1
1243,奸,5958,车,1
1244,她,1269,妯,1
1244,她,2900,比,1
1245,好,1243,奸,1
1245,好,1246,妁,1
1245,好,1251,妇,1
1245,好,1252,妈,1
1247,如,194,佑,1
1247,如,453,切,1
1247,如,459,划,1
1247,如,1246,妁,1
1247,如,1259,妙,1
1247,如,1828,忪,1
1248,妃,1034,圮,1
1248,妃,1266,妪,1
1249,妄,1399,它,1
1249,妄,1404,安,1
1249,妄,5145,萎,1
1250,妆,1827,忧,1
1250,妆,1831,忮,1
1250,妆,1985,慢,1
1250,妆,2078,找,1
1250,妆,3529,状,1
1251,妇,641,又,1
1251,妇,1253,妊,1
1252,妈,1246,妁,1
1252,妈,1262,妤,1
1252,妈,2567,杩,1
1252,妈,5341,蛏,1
1253,妊,1247,如,1
1253,妊,1248,妃,1
1253,妊,1278,姑,1
1254,妍,1243,奸,1
1255,妒,69,书,1
1255,妒,1242,奶,1
1256,妓,1241,奴,1
1256,妓,1246,妁,1
1256,妓,1831,忮,1
1256,妓,2361,敉,1
1257,妖,59,乔,1
1257,妖,1052,块,1
1257,妖,3693,瑶,1
1257,妖,4134,祆,1
1257,妖,5317,蚜,1
1258,妗,1267,妫,1
1258,妗,5842,趁,1
1259,妙,553,匈,1
1259,妙,1241,奴,1
1259,妙,4645,翅,1
1261,妣,1258,妗,1
1262,妤,1255,妒,1
1263,妥,557,匕,1
1263,妥,1249,妄,1
1263,妥,1285,姜,1
1263,妥,1404,安,1
1263,妥,1949,惬,1
1263,妥,2905,毛,1
1264,妨,1045,坊,1
1264,妨,1258,妗,1
1264,妨,1262,妤,1
1264,妨,1278,姑,1
1271,妹,1326,婢,1
1271,妹,1336,媒,1
1272,妻,1298,娄,1
1272,妻,5142,萋,1
1273,妾,1263,妥,1
1274,姆,1260,妞,1
1274,姆,1277,姐,1
1274,姆,3721,瓣,1
1275,姊,1255,妒,1
1275,姊,1311,娣,1
1275,姊,1358,嫦,1
1276,始,1066,坫,1
1276,始,1101,垲,1
1276,始,1264,妨,1
1276,始,1315,娲,1
1277,姐,1062,坦,1
1277,姐,1260,妞,1
1277,姐,1269,妯,1
1277,姐,1783,徂,1
1277,姐,1852,怕,1
1277,姐,3544,狙,1
1277,姐,3934,相,1
1277,姐,4186,租,1
1277,姐,4488,组,1
1278,姑,1242,奶,1
1278,姑,1247,如,1
1278,姑,1264,妨,1
1278,姑,1276,始,1
1278,姑,3613,玙,1
1279,姒,1282,姗,1
1280,姓,1297,娃,1
1280,姓,1343,媸,1
1280,姓,5318,蚝,1
1281,委,1302,娈,1
1283,姘,1311,娣,1
1283,姘,6803,饼,1
1285,姜,1249,妄,1
1285,姜,4360,篓,1
1285,姜,4626,美,1
1285,姜,5186,蒌,1
1286,姝,1271,妹,1
1289,姥,90,些,1
1289,姥,1254,妍,1
1289,姥,1300,娆,1
1289,姥,1322,婊,1
1289,姥,6698,鞯,1
1290,姨,88,亘,1
1290,姨,1280,姓,1
1290,姨,1322,婊,1
1290,姨,1584,嵊,1
1291,姬,1248,妃,1
1291,姬,1268,妮,1
1291,姬,3378,炬,1
1293,姻,787,咽,1
1293,姻,1260,妞,1
1293,姻,1269,妯,1
1293,姻,1274,姆,1
1293,姻,1904,悃,1
1293,姻,4781,胭,1
1294,姽,1268,妮,1
1295,姿,1240,女,1
1296,威,4097,碱,1
1297,娃,1276,始,1
1297,娃,1335,婿,1
1297,娃,2631,柱,1
1298,娄,78,事,1
1298,娄,1733,弈,1
1298,娄,3227,溇,1
1298,娄,4393,类,1
1298,娄,5083,荽,1
1299,娅,1247,如,1
1304,娌,3561,狸,1
1306,娓,1268,妮,1
1307,娘,1088,垠,1
1307,娘,1288,姣,1
1307,娘,1289,姥,1
1307,娘,3413,烺,1
1307,娘,3564,狼,1
1308,娜,1259,妙,1
1308,娜,6336,铆,1
1309,娟,1315,娲,1
1309,娟,1356,嫡,1
1310,娠,1090,垢,1
1310,娠,1322,婊,1
1310,娠,1350,嫔,1
1312,娥,2022,我,1
1312,娥,5361,蛾,1
1313,娩,1265,妩,1
1313,娩,1294,姽,1
1313,娩,1304,娌,1
1313,娩,6689,鞔,1
1314,娱,1313,娩,1
1314,娱,1361,嫫,1
1317,娶,4753,肾,1
1319,婀,1134,堋,1
1320,婆,1295,姿,1
1320,婆,1305,娑,1
1321,婉,1294,姽,1
1321,婉,1313,娩,1
1321,婉,1345,嫁,1
1321,婉,1414,宛,1
1322,婊,1327,婧,1
1323,婕,1290,姨,1
1324,婚,1318,娼,1
1328,婪,5991,辇,1
1329,婳,4551,缅,1
1330,婴,1263,妥,1
1330,婴,1305,娑,1
1330,婴,1328,婪,1
1330,婴,2988,沓,1
1331,婵,1358,嫦,1
1332,婶,1292,姹,1
1335,婿,1318,娼,1
1335,婿,1327,婧,1
1335,婿,1337,媚,1
1335,婿,1343,媸,1
1335,婿,1357,嫣,1
1335,婿,4774,胥,1
1335,婿,6236,醑,1
1337,媚,1268,妮,1
1337,媚,1335,婿,1
1337,媚,3590,猸,1
1338,媛,1349,嫒,1
1338,媛,2261,援,1
1339,媪,1318,娼,1
1341,媳,1800,徨,1
1341,媳,3447,熄,1
1345,嫁,1350,嫔,1
1345,嫁,6468,镓,1
1346,嫂,1060,坡,1
1346,嫂,1341,媳,1
1346,嫂,2273,搏,1
1346,嫂,3242,溲,1
1347,嫉,1359,嫩,1
1348,嫌,1260,妞,1
1352,嫘,1303,娉,1
1353,嫚,1349,嫒,1
1356,嫡,1337,媚,1
1367,嬴,5828,赢,1
1370,子,1667,干,1
1371,孑,449,刁,1
1372,孓,1721,廴,1
1373,孔,2434,旻,1
1373,孔,6709,韭,1
1374,孕,1484,尹,1
1375,字,101,享,1
1375,字,1370,子,1
1375,字,1374,孕,1
1375,字,1378,孚,1
1375,字,1386,孥,1
1375,字,3175,淳,1
1375,字,4276,笃,1
1376,存,154,企,1
1376,存,671,右,1
1377,孙,455,刊,1
1377,孙,461,列,1
1377,孙,1245,好,1
1377,孙,1373,孔,1
1380,孜,643,及,1
1380,孜,2358,政,1
1380,孜,2365,敕,1
1380,孜,2876,残,1
1380,孜,3612,玖,1
1380,孜,3616,玟,1
1380,孜,4025,矿,1
1381,孝,1224,奈,1
1381,孝,1384,季,1
1382,孟,2456,昱,1
1382,孟,2617,柔,1
1382,孟,3358,灵,1
1382,孟,5457,血,1
1384,季,1371,孑,1
1384,季,1378,孚,1
1384,季,1733,弈,1
1384,季,4175,秀,1
1385,孤,2087,抓,1
1385,孤,5131,菰,1
1387,学,57,乒,1
1387,学,532,势,1
1387,学,1379,孛,1
1387,学,1403,守,1
1388,孩,1083,垓,1
1388,孩,6857,骇,1
1389,孪,1381,孝,1
1389,孪,1751,弯,1
1389,孪,2165,挛,1
1389,孪,2553,李,1
1389,孪,5551,要,1
1391,孰,537,勍,1
1391,孰,2373,敦,1
1391,孰,3730,瓿,1
1391,孰,6768,飘,1
1395,孺,2255,揣,1
1395,孺,4433,糯,1
1395,孺,5548,襦,1
1396,孽,5282,蘖,1
1397,宀,92,亠,1
1398,宁,57,乒,1
1398,宁,391,内,1
1398,宁,1375,字,1
1398,宁,1399,它,1
1398,宁,1403,守,1
1398,宁,1738,弓,1
1398,宁,3032,泞,1
1398,宁,4226,穴,1
1399,它,126,仑,1
1399,它,1400,宄,1
1399,它,1472,尘,1
1399,它,1677,庀,1
1399,它,5609,记,1
1400,宄,4227,究,1
1401,宅,772,咤,1
1401,宅,1399,它,1
1401,宅,1425,宪,1
1401,宅,1436,宾,1
1401,宅,1472,尘,1
1401,宅,1677,庀,1
1402,宇,77,争,1
1402,宇,420,净,1
1402,宇,1375,字,1
1402,宇,1398,宁,1
1402,宇,2041,戽,1
1402,宇,4274,竽,1
1403,守,1404,安,1
1404,安,95,交,1
1404,安,1249,妄,1
1404,安,1401,宅,1
1404,安,1416,宝,1
1404,安,2548,权,1
1404,安,2896,每,1
1404,安,3750,由,1
1405,宋,1221,奂,1
1405,宋,1375,字,1
1405,宋,1403,守,1
1405,宋,2541,朱,1
1405,宋,2616,染,1
1405,宋,3502,牢,1
1405,宋,4291,笥,1
1406,完,99,亨,1
1406,完,1409,宕,1
1406,完,1410,宗,1
1406,完,3110,浣,1
1406,完,4231,空,1
1407,宏,1418,宠,1
1407,宏,1441,密,1
1407,宏,1768,彦,1
1407,宏,3605,玄,1
1407,宏,4226,穴,1
1407,宏,5297,虫,1
1408,宓,1418,宠,1
1409,宕,5001,若,1
1410,宗,105,亲,1
1410,宗,1224,奈,1
1410,宗,3164,淙,1
1410,宗,4608,罘,1
1411,官,124,仍,1
1411,官,1046,坌,1
1411,官,1404,安,1
1411,官,1409,宕,1
1411,官,3146,涫,1
1411,官,5581,言,1
1412,宙,100,亩,1
1412,宙,3038,注,1
1413,定,65,乞,1
1413,定,4928,良,1
1413,定,5875,跟,1
1414,宛,1432,家,1
1415,宜,1421,宣,1
1415,宜,2978,沂,1
1415,宜,3933,直,1
1415,宜,4875,自,1
1415,宜,5006,苴,1
1416,宝,1399,它,1
1416,宝,1406,完,1
1416,宝,1408,宓,1
1416,宝,1411,官,1
1417,实,378,关,1
1417,实,1211,央,1
1417,实,1685,庑,1
1418,宠,1407,宏,1
1418,宠,1408,宓,1
1418,宠,1435,宽,1
1418,宠,1439,寄,1
1418,宠,4302,笼,1
1419,审,168,伞,1
1419,审,1627,市,1
1419,审,3751,甲,1
1419,审,6131,邡,1
1420,客,1411,官,1
1420,客,1434,容,1
1420,客,4235,窃,1
1420,客,4236,窄,1
1421,宣,108,亶,1
1421,宣,1422,室,1
1421,宣,4245,窗,1
1421,宣,4260,立,1
1421,宣,6935,鱼,1
1422,室,1180,壅,1
1422,室,1401,宅,1
1422,室,1406,完,1
1422,室,1413,定,1
1422,室,1424,宦,1
1422,室,1443,富,1
1422,室,4231,空,1
1423,宥,1431,宵,1
1425,宪,362,免,1
1425,宪,4234,突,1
1426,宫,1409,宕,1
1426,宫,1443,富,1
1426,宫,1697,庤,1
1426,宫,5581,言,1
1428,宰,401,军,1
1428,宰,3502,牢,1
1428,宰,3847,瘁,1
1429,害,1273,妾,1
1429,害,1411,官,1
1429,害,5957,軎,1
1430,宴,1302,娈,1
1430,宴,1404,安,1
1430,宴,4256,窭,1
1430,宴,4675,耍,1
1431,宵,967,噌,1
1431,宵,2519,曾,1
1431,宵,4179,秉,1
1431,宵,4728,肖,1
1431,宵,4753,肾,1
1431,宵,4759,胄,1
1432,家,404,冢,1
1432,家,1761,彖,1
1432,家,3020,泉,1
1432,家,5746,象,1
1433,宸,6507,闫,1
1433,宸,6646,震,1
1434,容,366,兖,1
1434,容,1409,宕,1
1434,容,1437,宿,1
1434,容,3244,溶,1
1434,容,4230,穹,1
1434,容,4288,笞,1
1434,容,4989,苔,1
1434,容,5957,軎,1
1435,宽,356,兄,1
1435,宽,1406,完,1
1435,宽,1424,宦,1
1435,宽,4227,究,1
1435,宽,4285,笕,1
1435,宽,5821,赛,1
1438,寂,2373,敦,1
1438,寂,3807,疲,1
1439,寄,286,倚,1
1439,寄,385,养,1
1439,寄,1410,宗,1
1439,寄,2148,拳,1
1439,寄,2287,搴,1
1439,寄,4237,窅,1
1440,寅,1421,宣,1
1440,寅,1424,宦,1
1440,寅,5323,蚩,1
1441,密,1426,宫,1
1441,密,1947,惩,1
1441,密,4241,窑,1
1442,寇,37,丶,1
1442,寇,1430,宴,1
1442,寇,5844,超,1
1443,富,1421,宣,1
1443,富,1424,宦,1
1443,富,1434,容,1
1443,富,1440,寅,1
1443,富,1446,寓,1
1443,富,3770,畜,1
1443,富,6952,鲎,1
1445,寒,1157,塞,1
1445,寒,5072,荩,1
1445,寒,5590,謇,1
1446,寓,1430,宴,1
1446,寓,3754,男,1
1446,寓,4235,窃,1
1446,寓,4248,窝,1
1446,寓,6902,高,1
1447,寝,424,凉,1
1448,寞,1435,宽,1
1448,寞,6652,霓,1
1449,察,4440,紧,1
1449,察,4847,膂,1
1450,寡,478,券,1
1450,寡,1429,害,1
1450,寡,5290,虏,1
1451,寤,9,丌,1
1452,寥,1449,察,1
1452,寥,3475,爨,1
1452,寥,5220,蓼,1
1453,寨,4234,突,1
1453,寨,5821,赛,1
1454,寮,1409,宕,1
1456,寸,5,丈,1
1456,寸,2052,手,1
1457,对,1819,忖,1
1457,对,2556,村,1
1457,对,6125,邓,1
1458,寺,11,与,1
1458,寺,1379,孛,1
1458,寺,2897,毐,1
1458,寺,4942,芋,1
1459,寻,1460,导,1
1459,寻,1760,录,1
1459,寻,6835,驯,1
1461,寿,1381,孝,1
1463,射,4730,肚,1
1464,将,1874,恃,1
1464,将,1933,惇,1
1464,将,3089,浆,1
1464,将,3132,涛,1
1466,尊,1298,娄,1
1466,尊,1387,学,1
1466,尊,2663,栾,1
1466,尊,4160,禀,1
1466,尊,5071,荨,1
1467,小,372,八,1
1467,小,450,刂,1
1467,小,1240,女,1
1467,小,1370,子,1
1467,小,1468,少,1
1467,小,2053,扌,1
1467,小,2942,水,1
1468,少,1765,彡,1
1468,少,1809,忄,1
1469,尔,0,々,1
1469,尔,584,卑,1
1469,尔,1370,子,1
1469,尔,1374,孕,1
1469,尔,2423,旬,1
1469,尔,2945,氽,1
1469,尔,4127,示,1
1469,尔,6780,饣,1
1470,尕,1469,尔,1
1471,尖,379,兴,1
1471,尖,1209,夬,1
1471,尖,3368,炎,1
1471,尖,4391,米,1
1472,尘,41,主,1
1472,尘,1050,坐,1
1472,尘,4391,米,1
1472,尘,6619,雀,1
1473,尚,284,倘,1
1473,尚,857,商,1
1473,尚,1517,屿,1
1473,尚,1873,恂,1
1473,尚,3017,泃,1
1473,尚,3159,淌,1
1473,尚,3890,白,1
1473,尚,4745,肯,1
1473,尚,4996,苟,1
1474,尜,1823,忝,1
1475,尝,95,交,1
1475,尝,367,党,1
1475,尝,775,咨,1
1475,尝,1493,层,1
1475,尝,2861,步,1
1475,尝,4971,芸,1
1475,尝,5063,荟,1
1475,尝,5094,莞,1
1475,尝,5587,誉,1
1476,尢,354,允,1
1476,尢,6503,长,1
1477,尤,354,允,1
1477,尤,2014,戈,1
1477,尤,2416,无,1
1478,尥,2424,旭,1
1479,尧,356,兄,1
1479,尧,804,哓,1
1479,尧,1476,尢,1
1479,尧,2416,无,1
1479,尧,4961,芫,1
1481,就,702,吠,1
1481,就,3532,犹,1
1483,尸,451,刃,1
1483,尸,1208,夫,1
1483,尸,1209,夬,1
1483,尸,1484,尹,1
1483,尸,1735,弋,1
1483,尸,3751,甲,1
1483,尸,6554,阝,1
1484,尹,27,严,1
1484,尹,698,君,1
1484,尹,1483,尸,1
1484,尹,1731,弄,1
1485,尺,514,力,1
1485,尺,3782,疋,1
1487,尼,603,卮,1
1487,尼,689,后,1
1487,尼,698,君,1
1487,尼,1273,妾,1
1487,尼,1489,尾,1
1487,尼,3499,牝,1
1487,尼,4533,绳,1
1488,尽,1485,尺,1
1488,尽,1489,尾,1
1488,尽,3103,浕,1
1489,尾,1487,尼,1
1489,尾,6273,钅,1
1490,尿,1486,尻,1
1490,尿,1500,屎,1
1490,尿,2050,扉,1
1490,尿,2079,承,1
1491,局,1486,尻,1
1491,局,1495,居,1
1491,局,3159,淌,1
1492,屁,1486,尻,1
1492,屁,1680,庇,1
1493,层,1495,居,1
1493,层,2043,房,1
1493,层,2980,沄,1
1493,层,3040,泫,1
1493,层,5339,蛋,1
1495,居,1493,层,1
1495,居,3944,看,1
1496,屈,1493,层,1
1496,屈,1494,屃,1
1496,屈,1497,屉,1
1497,屉,1487,尼,1
1498,届,1691,庙,1
1499,屋,244,侯,1
1499,屋,1092,垤,1
1499,屋,1496,屈,1
1499,屋,3783,疍,1
1500,屎,1486,尻,1
1500,屎,1681,床,1
1500,屎,3134,涞,1
1500,屎,3514,犀,1
1501,屏,1489,尾,1
1501,屏,1732,弇,1
1503,屑,1124,埸,1
1503,屑,1495,居,1
1503,屑,3830,痛,1
1503,屑,3937,盾,1
1504,展,1489,尾,1
1504,展,1493,层,1
1504,展,1500,屎,1
1504,展,3667,琨,1
1506,属,1498,届,1
1507,屠,1200,多,1
1507,屠,1499,屋,1
1507,屠,5534,褚,1
1508,屡,1500,屎,1
1508,屡,1507,屠,1
1508,屡,2047,扅,1
1508,屡,4641,羼,1
1510,履,1502,屐,1
1510,履,1509,屣,1
1510,履,2890,殿,1
1511,屦,1508,屡,1
1512,屮,1608,州,1
1512,屮,2351,攴,1
1513,屯,3,七,1
1513,屯,63,乜,1
1513,屯,707,吨,1
1513,屯,1209,夬,1
1514,山,662,只,1
1514,山,1397,宀,1
1514,山,1512,屮,1
1514,山,2386,斗,1
1514,山,2860,此,1
1514,山,5604,讪,1
1515,屹,1566,崆,1
1515,屹,5560,览,1
1517,屿,1523,岐,1
1517,屿,1541,岵,1
1517,屿,1568,崎,1
1517,屿,3094,测,1
1518,岁,647,发,1
1518,岁,1200,多,1
1518,岁,1519,岂,1
1518,岁,1521,岌,1
1518,岁,1535,岩,1
1518,岁,2861,步,1
1518,岁,2865,歹,1
1518,岁,3490,片,1
1519,岂,4459,纥,1
1521,岌,4279,笈,1
1521,岌,4958,芨,1
1523,岐,1558,峧,1
1523,岐,2863,歧,1
1524,岑,1573,崟,1
1524,岑,4959,芩,1
1525,岔,1848,怎,1
1525,岔,3911,盆,1
1526,岖,1516,屺,1
1526,岖,1851,怔,1
1527,岗,598,卤,1
1527,岗,748,呶,1
1527,岗,1521,岌,1
1527,岗,1579,崮,1
1527,岗,4312,筒,1
1527,岗,6516,闵,1
1531,岛,52,乌,1
1531,岛,2444,易,1
1531,岛,2926,氙,1
1531,岛,4644,翁,1
1534,岣,1550,峋,1
1535,岩,1409,宕,1
1535,岩,1816,忐,1
1535,岩,4608,罘,1
1535,岩,4971,芸,1
1535,岩,5027,茗,1
1537,岬,784,咴,1
1538,岭,1560,峪,1
1538,岭,1566,崆,1
1538,岭,1856,怜,1
1538,岭,5337,蛉,1
1540,岳,14,专,1
1540,岳,380,兵,1
1540,岳,2919,氐,1
1540,岳,4597,缶,1
1541,岵,1638,帖,1
1543,岸,43,举,1
1543,岸,1729,异,1
1544,岽,2633,柴,1
1544,岽,5004,苯,1
1545,岿,1577,崩,1
1545,岿,3787,疔,1
1549,峄,1562,峰,1
1550,峋,1534,岣,1
1552,峙,1517,屿,1
1552,峙,1565,崃,1
1552,峙,1874,恃,1
1553,峡,1217,夹,1
1553,峡,1542,岷,1
1553,峡,3004,沫,1
1557,峦,5475,衰,1
1558,峧,1523,岐,1
1558,峧,1572,崞,1
1559,峨,1536,岫,1
1560,峪,240,侩,1
1560,峪,255,俗,1
1560,峪,1575,崦,1
1560,峪,5904,踪,1
1560,峪,7035,鸥,1
1561,峭,1600,嶙,1
1562,峰,1597,嵴,1
1562,峰,3065,洚,1
1562,峰,4606,罕,1
1563,峻,1141,堞,1
1563,峻,1517,屿,1
1563,峻,1558,峧,1
1563,峻,3997,瞪,1
1567,崇,1387,学,1
1567,崇,1521,岌,1
1567,崇,2482,景,1
1567,崇,2723,棠,1
1567,崇,4402,粜,1
1567,崇,4435,糸,1
1567,崇,4438,素,1
1567,崇,5066,荣,1
1567,崇,6121,邃,1
1568,崎,1517,屿,1
1568,崎,5367,蜉,1
1569,崔,3696,璀,1
1569,崔,4005,瞿,1
1569,崔,6619,雀,1
1569,崔,6826,首,1
1570,崖,6615,隹,1
1573,崟,6257,金,1
1573,崟,6259,鉴,1
1575,崦,1556,峥,1
1577,崩,1134,堋,1
1577,崩,1545,岿,1
1577,崩,2525,朋,1
1577,崩,5143,萌,1
1578,崭,5035,茬,1
1578,崭,5128,菥,1
1580,崴,785,咸,1
1580,崴,5176,葳,1
1582,崾,1589,嵘,1
1585,嵋,855,啃,1
1586,嵌,839,唢,1
1586,嵌,1590,嵚,1
1594,嵫,948,嘘,1
1597,嵴,1528,岘,1
1605,巍,5230,蔬,1
1605,巍,6774,飨,1
1607,川,450,刂,1
1607,川,666,叮,1
1607,川,678,叼,1
1607,川,1608,州,1
1607,川,6504,门,1
1608,州,394,册,1
1608,州,577,卅,1
1608,州,1607,川,1
1608,州,3529,状,1
1608,州,4419,糅,1
1608,州,4679,耕,1
1609,巡,5495,袪,1
1610,巢,4296,第,1
1610,巢,4586,缫,1
1611,工,16,丕,1
1611,工,602,卫,1
1611,工,1184,士,1
1611,工,1721,廴,1
1611,工,5594,讠,1
1611,工,5601,讧,1
1611,工,6021,辶,1
1612,左,18,丘,1
1612,左,657,古,1
1612,左,1029,在,1
1612,左,1075,垃,1
1612,左,5958,车,1
1613,巧,46,乃,1
1613,巧,409,冯,1
1613,巧,1030,圩,1
1613,巧,1032,圬,1
1613,巧,2964,污,1
1614,巨,657,古,1
1614,巨,672,叵,1
1614,巨,1621,巳,1
1614,巨,4873,臣,1
1614,巨,6554,阝,1
1614,巨,6771,飞,1
1615,巩,3610,玑,1
1615,巩,5615,讷,1
1616,巫,24,丞,1
1616,巫,5957,軎,1
1617,差,4029,砉,1
1617,差,4627,羑,1
1617,差,4631,羞,1
1618,巯,3656,琉,1
1619,己,48,乇,1
1619,己,561,匚,1
1619,己,999,囗,1
1619,己,1621,巳,1
1619,己,1622,巴,1
1619,己,1757,彐,1
1619,己,2859,正,1
1619,己,3608,王,1
1619,己,6554,阝,1
1620,已,62,乙,1
1620,已,601,卩,1
1620,已,1483,尸,1
1620,已,4946,芑,1
1620,已,6021,辶,1
1621,巳,672,叵,1
1621,巳,999,囗,1
1621,巳,1483,尸,1
1621,巳,1614,巨,1
1621,巳,1622,巴,1
1621,巳,4927,艮,1
1622,巴,66,也,1
1622,巴,999,囗,1
1622,巴,1539,岱,1
1622,巴,3782,疋,1
1623,巷,4668,老,1
1623,巷,4999,苣,1
1623,巷,5001,若,1
1623,巷,5021,茎,1
1623,巷,5035,茬,1
1625,巾,517,功,1
1625,巾,1512,屮,1
1625,巾,1809,忄,1
1626,币,146,仲,1
1626,币,161,伐,1
1626,币,578,升,1
1626,币,605,印,1
1626,币,618,历,1
1627,市,57,乒,1
1627,市,76,予,1
1627,市,1626,币,1
1627,市,1691,庙,1
1627,市,2401,方,1
1627,市,3482,爷,1
1627,市,4128,礻,1
1627,市,4295,笫,1
1629,帅,677,叻,1
1629,帅,1053,坚,1
1629,帅,1625,巾,1
1629,帅,1825,忡,1
1629,帅,1866,怫,1
1629,帅,4814,脶,1
1630,帆,5314,蚍,1
1631,师,97,亦,1
1631,师,2976,汾,1
1632,希,5010,茀,1
1632,希,5722,谧,1
1633,帏,1640,帙,1
1634,帐,1640,帙,1
1635,帑,1650,帱,1
1636,帔,1635,帑,1
1637,帕,1534,岣,1
1637,帕,2680,桕,1
1638,帖,1633,帏,1
1638,帖,1634,帐,1
1638,帖,1636,帔,1
1638,帖,1854,怙,1
1638,帖,1859,怡,1
1639,帘,1400,宄,1
1639,帘,1644,帝,1
1639,帘,4236,窄,1
1640,帙,1636,帔,1
1641,帚,1548,峃,1
1642,帛,1743,弟,1
1642,帛,2436,昂,1
1643,帜,1634,帐,1
1643,帜,1638,帖,1
1643,帜,1828,忪,1
1644,帝,530,劳,1
1644,帝,1212,夯,1
1644,帝,1639,帘,1
1644,帝,6011,辛,1
1644,帝,6791,饰,1
1645,帡,4791,胼,1
1646,带,1639,帘,1
1646,带,1652,常,1
1646,带,5090,莘,1
1647,帧,1643,帜,1
1647,帧,1653,帻,1
1648,席,1627,市,1
1648,席,1652,常,1
1651,帷,1657,幄,1
1651,帷,1942,惟,1
1652,常,1635,帑,1
1652,常,1644,帝,1
1653,帻,1647,帧,1
1655,帽,1967,愔,1
1655,帽,4758,胃,1
1655,帽,4818,腈,1
1656,幂,4545,绿,1
1657,幄,1651,帷,1
1658,幅,5149,萜,1
1659,幌,3425,焜,1
1659,幌,5698,谎,1
1660,幔,1658,幅,1
1660,幔,1965,愎,1
1660,幔,3459,熳,1
1661,幕,1983,慕,1
1661,幕,2501,暮,1
1662,幛,1665,幢,1
1664,幡,5439,蟠,1
1665,幢,1651,帷,1
1665,幢,1662,幛,1
1666,幪,2838,檬,1
1666,幪,3603,獴,1
1667,干,8,下,1
1667,干,575,十,1
1667,干,1668,平,1
1667,干,2053,扌,1
1667,干,2416,无,1
1668,平,34,丰,1
1668,平,1667,干,1
1668,平,2016,戋,1
1668,平,3500,牟,1
1668,平,4174,禾,1
1668,平,4719,肀,1
1669,年,168,伞,1
1669,年,579,午,1
1669,年,586,卓,1
1669,年,2541,朱,1
1669,年,2901,毕,1
1669,年,3502,牢,1
1669,年,4624,羊,1
1669,年,5958,车,1
1669,年,6036,迕,1
1669,年,6616,隼,1
1670,并,378,关,1
1670,并,3746,甬,1
1670,并,5616,许,1
1671,幸,1224,奈,1
1671,幸,1379,孛,1
1671,幸,2700,梓,1
1671,幸,5090,莘,1
1671,幸,6012,辜,1
1673,幻,3543,狗,1
1673,幻,3609,玎,1
1674,幼,115,仂,1
1674,幼,124,仍,1
1674,幼,522,动,1
1674,幼,531,劾,1
1674,幼,1673,幻,1
1674,幼,4516,绡,1
1675,幽,446,函,1
1675,幽,1525,岔,1
1675,幽,2398,断,1
1675,幽,6051,迫,1
1676,广,98,产,1
1676,广,615,厂,1
1676,广,1371,孑,1
1676,广,1483,尸,1
1676,广,2040,户,1
1676,广,2943,氵,1
1678,庄,53,乍,1
1678,庄,94,亢,1
1678,庄,134,仝,1
1678,庄,620,压,1
1678,庄,1029,在,1
1678,庄,1681,床,1
1678,庄,1690,店,1
1678,庄,5020,茌,1
1679,庆,3131,涘,1
1679,庆,3796,疢,1
1680,庇,1492,屁,1
1680,庇,4129,礼,1
1681,床,162,休,1
1681,床,1679,庆,1
1681,床,1698,庥,1
1681,床,3121,涂,1
1682,庋,3193,渡,1
1683,序,47,久,1
1683,序,102,京,1
1683,序,619,厉,1
1683,序,1684,庐,1
1683,序,2577,杼,1
1683,序,6019,辰,1
1684,庐,1683,序,1
1684,庐,5670,诱,1
1686,库,1683,序,1
1686,库,5002,苦,1
1687,应,16,丕,1
1687,应,134,仝,1
1687,应,190,位,1
1687,应,209,佥,1
1687,应,3816,痂,1
1687,应,6021,辶,1
1687,应,6591,险,1
1688,底,5633,诋,1
1690,店,1678,庄,1
1690,店,1700,座,1
1691,庙,100,亩,1
1691,庙,5302,虺,1
1692,庚,833,唐,1
1692,庚,1705,康,1
1692,庚,2843,欣,1
1692,庚,3087,浃,1
1693,府,5009,苻,1
1694,庞,1682,庋,1
1694,庞,6575,陇,1
1695,废,338,僦,1
1695,废,3478,爰,1
1696,庠,3825,痒,1
1699,度,159,伎,1
1699,度,4279,笈,1
1700,座,1302,娈,1
1700,座,1496,屈,1
1700,座,1557,峦,1
1700,座,5288,虍,1
1700,座,5353,蛮,1
1701,庭,633,厩,1
1701,庭,1347,嫉,1
1703,庵,222,侃,1
1704,庶,1687,应,1
1704,庶,2043,房,1
1704,庶,3447,熄,1
1704,庶,3833,痣,1
1705,康,1681,床,1
1706,庸,1718,廛,1
1707,庹,626,厝,1
1710,廉,5364,蜃,1
1711,廊,6151,郁,1
1711,廊,6179,郿,1
1712,廋,3864,瘦,1
1715,廓,2045,扁,1
1715,廓,2048,扇,1
1716,廖,1452,寥,1
1717,廙,3843,痹,1
1718,廛,1705,康,1
1720,廪,429,凛,1
1722,延,1027,土,1
1722,延,1209,夬,1
1722,延,2877,殍,1
1723,廷,4628,羔,1
1723,廷,5092,莛,1
1723,廷,6025,迁,1
1724,建,1121,埭,1
1724,建,3069,津,1
1724,建,6088,逮,1
1725,廾,1726,廿,1
1727,开,85,亓,1
1727,开,578,升,1
1727,开,1668,平,1
1729,异,2396,斩,1
1730,弃,1249,妄,1
1730,弃,6011,辛,1
1731,弄,580,卉,1
1731,弄,1230,奔,1
1731,弄,1730,弃,1
1731,弄,2564,来,1
1732,弇,4338,算,1
1733,弈,2663,栾,1
1734,弊,2407,旅,1
1736,式,459,划,1
1736,式,1209,夬,1
1736,式,2021,成,1
1736,式,2022,我,1
1736,式,2862,武,1
1736,式,6503,长,1
1738,弓,664,召,1
1738,弓,1372,孓,1
1738,弓,1484,尹,1
1738,弓,1765,彡,1
1738,弓,2456,昱,1
1738,弓,2920,民,1
1738,弓,4889,舌,1
1739,引,75,了,1
1739,引,461,列,1
1739,引,517,功,1
1740,弗,1209,夬,1
1740,弗,2522,月,1
1740,弗,5789,费,1
1741,弘,143,仫,1
1741,弘,1470,尕,1
1741,弘,1739,引,1
1741,弘,1746,弦,1
1742,弛,1744,张,1
1742,弛,6865,骐,1
1743,弟,376,兰,1
1743,弟,1387,学,1
1743,弟,4008,矛,1
1743,弟,5581,言,1
1744,张,2990,沘,1
1744,张,3653,琅,1
1745,弥,2976,汾,1
1745,弥,4058,砾,1
1745,弥,6049,迩,1
1746,弦,2871,殄,1
1746,弦,3040,泫,1
1746,弦,4576,缡,1
1746,弦,6857,骇,1
1747,弧,1385,孤,1
1747,弧,1615,巩,1
1747,弧,2402,於,1
1749,弪,4060,硁,1
1749,弪,4632,羟,1
1751,弯,99,亨,1
1751,弯,3222,湾,1
1751,弯,4944,芎,1
1751,弯,5095,莠,1
1752,弱,2874,殉,1
1752,弱,4623,羁,1
1752,弱,4678,耔,1
1752,弱,5653,诟,1
1752,弱,6843,驸,1
1752,弱,6844,驹,1
1752,弱,6851,骀,1
1753,弹,1788,徉,1
1753,弹,3115,浮,1
1753,弹,3188,渖,1
1753,弹,6862,骍,1
1754,强,1744,张,1
1754,强,5305,虽,1
1758,归,67,习,1
1758,归,1834,忸,1
1759,当,521,劣,1
1759,当,1518,岁,1
1759,当,3910,盅,1
1759,当,4878,至,1
1760,录,2944,永,1
1760,录,2961,汞,1
1760,录,6614,隶,1
1765,彡,68,乡,1
1766,形,455,刊,1
1766,形,4176,私,1
1766,形,4732,肜,1
1767,彤,1242,奶,1
1767,彤,1766,形,1
1767,彤,4732,肜,1
1767,彤,4903,舫,1
1768,彦,5581,言,1
1770,彩,2400,新,1
1770,彩,5953,躬,1
1771,彪,4016,矬,1
1771,彪,5841,起,1
1771,彪,6924,魃,1
1773,彭,1750,弭,1
1773,彭,1775,影,1
1773,彭,6903,髟,1
1774,彰,5953,躬,1
1775,影,471,别,1
1775,影,1774,彰,1
1775,影,5953,躬,1
1777,彷,4479,纺,1
1778,役,224,侈,1
1778,役,1729,异,1
1778,役,4461,级,1
1778,役,5621,设,1
1779,彻,466,初,1
1779,彻,2986,沏,1
1779,彻,4501,绑,1
1780,彼,3905,皱,1
1780,彼,5496,被,1
1781,往,1782,征,1
1781,往,3038,注,1
1781,往,3384,炷,1
1781,往,4459,纥,1
1781,往,4496,绌,1
1781,往,4534,维,1
1782,征,1606,巛,1
1782,征,4475,纶,1
1782,征,5624,证,1
1782,征,6316,钲,1
1783,徂,3535,狃,1
1783,徂,4488,组,1
1784,径,1749,弪,1
1784,径,1781,往,1
1784,径,1793,徒,1
1784,径,4060,硁,1
1784,径,4456,红,1
1784,径,4459,纥,1
1784,径,4475,纶,1
1785,待,264,俦,1
1785,待,4457,纣,1
1785,待,5645,诗,1
1785,待,6416,锜,1
1786,徇,4509,绚,1
1787,很,1088,垠,1
1787,很,3547,狠,1
1787,很,3564,狼,1
1787,很,4496,绌,1
1787,很,5507,裉,1
1787,很,5773,贩,1
1788,徉,5493,袢,1
1789,徊,178,伯,1
1789,徊,1226,奋,1
1789,徊,1673,幻,1
1789,徊,4471,纲,1
1790,律,1794,徕,1
1790,律,4522,继,1
1792,徐,206,你,1
1792,徐,4493,绉,1
1793,徒,170,传,1
1793,徒,4456,红,1
1793,徒,5646,诘,1
1793,徒,5836,走,1
1794,徕,1790,律,1
1794,徕,3004,沫,1
1795,得,259,保,1
1795,得,4306,等,1
1795,得,4582,缧,1
1795,得,5819,赙,1
1796,徘,5682,诽,1
1797,徙,3107,浞,1
1797,徙,3545,狝,1
1797,徙,4528,绮,1
1797,徙,4553,缇,1
1798,徜,4531,绱,1
1799,御,5462,衔,1
1799,御,5568,觑,1
1801,循,2435,昀,1
1801,循,4534,维,1
1801,循,4567,缗,1
1801,循,6305,钧,1
1803,微,274,俶,1
1803,微,1807,徽,1
1803,微,3331,激,1
1803,微,4474,纵,1
1803,微,4595,缴,1
1803,微,5482,袂,1
1804,徵,1803,微,1
1805,德,273,俵,1
1805,德,1793,徒,1
1805,德,4557,缌,1
1805,德,5530,褐,1
1807,徽,1510,履,1
1807,徽,4595,缴,1
1808,心,110,人,1
1808,心,113,什,1
1808,心,114,仁,1
1808,心,133,仙,1
1808,心,557,匕,1
1808,心,999,囗,1
1808,心,2900,比,1
1808,心,3363,灿,1
1809,忄,30,个,1
1810,必,50,义,1
1810,必,125,从,1
1810,必,140,以,1
1810,必,200,佚,1
1810,必,373,公,1
1810,必,440,凶,1
1810,必,516,办,1
1810,必,688,名,1
1810,必,1253,妊,1
1810,必,1399,它,1
1810,必,1677,庀,1
1810,必,1735,弋,1
1810,必,1808,心,1
1810,必,2959,汜,1
1811,忆,1401,宅,1
1811,忆,1812,忉,1
1811,忆,2055,扎,1
1811,忆,5301,虹,1
1811,忆,6275,钇,1
1813,忌,1810,必,1
1813,忌,1820,志,1
1813,忌,1821,忘,1
1813,忌,1895,恳,1
1813,忌,2919,氐,1
1813,忌,3820,症,1
1814,忍,1877,恐,1
1816,忐,6692,鞡,1
1817,忑,1816,忐,1
1818,忒,1296,威,1
1820,志,657,古,1
1820,志,1813,忌,1
1820,志,1821,忘,1
1820,志,1872,恁,1
1821,忘,68,乡,1
1821,忘,93,亡,1
1821,忘,163,众,1
1821,忘,1713,廑,1
1821,忘,1820,志,1
1821,忘,1833,念,1
1821,忘,1875,恋,1
1822,忙,1830,忭,1
1822,忙,1834,忸,1
1822,忙,1837,忾,1
1822,忙,4272,竹,1
1824,忠,4597,缶,1
1826,忤,1861,怦,1
1827,忧,164,优,1
1827,忧,1077,垅,1
1827,忧,2641,栊,1
1827,忧,3529,状,1
1828,忪,2578,松,1
1829,快,372,八,1
1829,快,1633,帏,1
1829,快,1876,恍,1
1829,快,2124,拒,1
1829,快,3621,玦,1
1830,忭,1934,惊,1
1830,忭,2638,标,1
1832,忱,242,侬,1
1832,忱,1629,帅,1
1832,忱,1634,帐,1
1832,忱,3941,眈,1
1833,念,139,令,1
1833,念,198,佘,1
1833,念,753,命,1
1833,念,1117,埝,1
1833,念,1821,忘,1
1833,念,1848,怎,1
1834,忸,2576,杻,1
1835,忻,1040,圻,1
1835,忻,1815,忏,1
1835,忻,2060,托,1
1835,忻,2585,析,1
1835,忻,5769,败,1
1836,忽,662,只,1
1836,忽,1838,忿,1
1836,忽,1857,思,1
1837,忾,1899,恺,1
1837,忾,2975,汽,1
1838,忿,364,兔,1
1838,忿,1525,岔,1
1838,忿,1858,怠,1
1839,怀,1049,坏,1
1839,怀,1868,怵,1
1839,怀,2365,敕,1
1839,怀,2570,杯,1
1839,怀,2586,枕,1
1840,态,5063,荟,1
1841,怂,1672,幺,1
1841,怂,1872,恁,1
1841,怂,2919,氐,1
1841,怂,4273,竺,1
1845,怆,1899,恺,1
1845,怆,2598,枪,1
1846,怊,664,召,1
1847,怍,202,作,1
1848,怎,25,丢,1
1848,怎,1672,幺,1
1848,怎,1690,店,1
1848,怎,1833,念,1
1848,怎,1875,恋,1
1848,怎,1918,患,1
1848,怎,2926,氙,1
1848,怎,4873,臣,1
1850,怒,1836,忽,1
1851,怔,1828,忪,1
1851,怔,6568,阽,1
1852,怕,782,咱,1
1852,怕,1081,垍,1
1852,怕,1091,垣,1
1852,怕,2121,拍,1
1853,怖,1629,帅,1
1853,怖,1839,怀,1
1854,怙,1541,岵,1
1854,怙,1862,性,1
1856,怜,182,伶,1
1856,怜,1828,忪,1
1856,怜,1846,怊,1
1856,怜,1847,怍,1
1856,怜,1894,恰,1
1856,怜,2648,栓,1
1857,思,400,写,1
1857,思,662,只,1
1857,思,1814,忍,1
1857,思,1824,忠,1
1857,思,1836,忽,1
1857,思,1984,慝,1
1858,怠,1273,妾,1
1858,怠,1838,忿,1
1858,怠,1848,怎,1
1858,怠,1906,悉,1
1859,怡,1891,恬,1
1860,急,364,兔,1
1860,急,1816,忐,1
1860,急,1880,恙,1
1860,急,1903,恿,1
1860,急,1906,悉,1
1860,急,3605,玄,1
1860,急,5484,袅,1
1861,怦,2602,枰,1
1862,性,1280,姓,1
1862,性,1723,廷,1
1862,性,1758,归,1
1862,性,1819,忖,1
1862,性,1997,憧,1
1862,性,4808,脞,1
1862,性,6050,迪,1
1863,怨,1879,恕,1
1863,怨,1884,恣,1
1863,怨,1947,惩,1
1863,怨,1998,憨,1
1865,怪,1053,坚,1
1865,怪,1092,垤,1
1865,怪,1914,悝,1
1865,怪,2634,柽,1
1865,怪,3534,狂,1
1866,怫,201,佛,1
1866,怫,1925,悱,1
1867,怯,1827,忧,1
1867,怯,1883,恢,1
1868,怵,1827,忧,1
1868,怵,1830,忭,1
1869,总,4474,纵,1
1869,总,5852,足,1
1872,恁,1895,恳,1
1873,恂,2647,栒,1
1874,恃,1911,悖,1
1874,恃,1976,愫,1
1874,恃,1979,慊,1
1875,恋,357,充,1
1875,恋,1302,娈,1
1875,恋,1886,恧,1
1875,恋,1896,恶,1
1875,恋,6058,迹,1
1876,恍,1829,快,1
1876,恍,1899,恺,1
1876,恍,1919,悦,1
1876,恍,3357,灰,1
1876,恍,3392,烂,1
1877,恐,5873,距,1
1878,恒,1855,怛,1
1878,恒,2678,桓,1
1878,恒,5968,轰,1
1879,恕,1242,奶,1
1879,恕,1247,如,1
1879,恕,1672,幺,1
1879,恕,1841,怂,1
1880,恙,1872,恁,1
1881,恚,1880,恙,1
1883,恢,1898,恹,1
1883,恢,1935,惋,1
1884,恣,2842,欢,1
1886,恧,1838,忿,1
1886,恧,5855,趸,1
1887,恨,1787,很,1
1887,恨,1846,怊,1
1887,恨,1883,恢,1
1887,恨,2110,抿,1
1888,恩,1622,巴,1
1888,恩,1814,忍,1
1888,恩,1964,愍,1
1888,恩,5076,荭,1
1889,恪,2661,格,1
1890,恫,859,啊,1
1890,恫,2525,朋,1
1890,恫,2754,楗,1
1890,恫,4787,胴,1
1891,恬,1101,垲,1
1891,恬,1815,忏,1
1891,恬,1842,怃,1
1891,恬,1867,怯,1
1891,恬,3082,活,1
1892,恭,78,事,1
1892,恭,1823,忝,1
1892,恭,2613,某,1
1892,恭,2673,桊,1
1892,恭,3043,泰,1
1892,恭,7122,黍,1
1893,息,1614,巨,1
1893,息,1857,思,1
1893,息,1858,怠,1
1893,息,1906,悉,1
1893,息,6921,鬼,1
1894,恰,1828,忪,1
1894,恰,1837,忾,1
1894,恰,1847,怍,1
1894,恰,1889,恪,1
1894,恰,2551,杉,1
1894,恰,2651,栝,1
1894,恰,5500,袷,1
1895,恳,1093,垦,1
1895,恳,1896,恶,1
1895,恳,6060,退,1
1896,恶,25,丢,1
1896,恶,1879,恕,1
1896,恶,1943,惠,1
1896,恶,4669,考,1
1896,恶,4965,芯,1
1901,恼,1102,垴,1
1901,恼,1828,忪,1
1901,恼,1843,怄,1
1901,恼,1852,怕,1
1901,恼,4801,脑,1
1902,恽,2174,挥,1
1902,恽,2472,晖,1
1903,恿,1882,恝,1
1903,恿,5179,葸,1
1903,恿,6921,鬼,1
1905,悄,252,俏,1
1905,悄,817,哨,1
1905,悄,2192,捎,1
1905,悄,2702,梢,1
1905,悄,3312,潸,1
1906,悉,1896,恶,1
1906,悉,2571,杰,1
1907,悌,2707,梯,1
1908,悍,1902,恽,1
1908,悍,1933,惇,1
1908,悍,3416,焊,1
1909,悒,3186,渑,1
1910,悔,1819,忖,1
1910,悔,1901,恼,1
1910,悔,2116,拇,1
1910,悔,3118,海,1
1912,悚,2010,懦,1
1914,悝,579,午,1
1914,悝,1846,怊,1
1915,悟,1125,培,1
1915,悟,1758,归,1
1915,悟,1889,恪,1
1915,悟,1910,悔,1
1915,悟,1914,悝,1
1915,悟,2151,拷,1
1916,悠,177,伫,1
1916,悠,1872,恁,1
1916,悠,1877,恐,1
1916,悠,1893,息,1
1916,悠,1999,憩,1
1917,悢,1901,恼,1
1918,患,1824,忠,1
1918,患,3293,漶,1
1919,悦,1980,慌,1
1919,悦,2714,棁,1
1919,悦,4206,税,1
1920,您,1872,恁,1
1920,您,1875,恋,1
1920,您,1893,息,1
1920,您,1916,悠,1
1920,您,3546,狞,1
1920,您,3767,留,1
1920,您,4557,缌,1
1922,悬,2455,是,1
1924,悯,3428,焰,1
1926,悲,1824,忠,1
1926,悲,2383,斐,1
1926,悲,4965,芯,1
1926,悲,6709,韭,1
1927,悴,1826,忤,1
1927,悴,1929,悻,1
1928,悸,1933,惇,1
1928,悸,2553,李,1
1928,悸,3205,湃,1
1929,悻,1861,怦,1
1929,悻,1979,慊,1
1929,悻,2700,梓,1
1930,悼,1878,恒,1
1930,悼,1908,悍,1
1930,悼,1929,悻,1
1930,悼,2215,掉,1
1930,悼,2718,棍,1
1930,悼,2731,棹,1
1930,悼,3414,烽,1
1931,情,1871,怿,1
1931,情,1874,恃,1
1931,情,1905,悄,1
1931,情,1953,惰,1
1931,情,1967,愔,1
1932,惆,1938,惘,1
1933,惇,1910,悔,1
1934,惊,1182,壕,1
1934,惊,1907,悌,1
1934,惊,2224,掠,1
1934,惊,2735,椁,1
1934,惊,2737,椋,1
1935,惋,5390,蜿,1
1936,惑,1877,恐,1
1936,惑,1970,感,1
1936,惑,3394,烈,1
1936,惑,5502,裁,1
1936,惑,6351,铙,1
1937,惕,2584,枋,1
1937,惕,4282,笏,1
1937,惕,5526,裼,1
1939,惚,1944,惦,1
1939,惚,5342,蛐,1
1940,惜,1148,堵,1
1940,惜,1874,恃,1
1940,惜,2762,楮,1
1940,惜,4966,芰,1
1942,惟,1659,幌,1
1942,惟,1891,恬,1
1942,惟,2739,椎,1
1942,惟,6868,骓,1
1943,惠,1848,怎,1
1943,惠,1984,慝,1
1943,惠,2479,晦,1
1943,惠,3422,焘,1
1943,惠,4611,罡,1
1944,惦,1560,峪,1
1944,惦,5906,踮,1
1945,惧,1849,怏,1
1945,惧,2005,懊,1
1945,惧,3157,淇,1
1945,惧,3518,犋,1
1946,惨,640,参,1
1946,惨,1968,愕,1
1946,惨,2347,攥,1
1947,惩,435,凭,1
1947,惩,1782,征,1
1947,惩,1848,怎,1
1947,惩,1916,悠,1
1947,惩,4491,织,1
1948,惫,402,农,1
1948,惫,1893,息,1
1948,惫,1962,愈,1
1950,惭,1321,婉,1
1950,惭,1835,忻,1
1951,惮,776,咩,1
1951,惮,1826,忤,1
1951,惮,1911,悖,1
1951,惮,1929,悻,1
1952,惯,450,刂,1
1952,惯,1973,愤,1
1953,惰,1127,埼,1
1954,想,369,兢,1
1954,想,1062,坦,1
1954,想,1879,恕,1
1954,想,2291,摁,1
1954,想,2656,栲,1
1954,想,3409,热,1
1954,想,3934,相,1
1956,惶,2000,憬,1
1956,惶,2009,懔,1
1956,惶,2464,晃,1
1956,惶,2678,桓,1
1956,惶,3217,湟,1
1956,惶,6603,隍,1
1957,惹,4999,苣,1
1958,惺,1107,埋,1
1958,惺,1902,恽,1
1958,惺,2193,捏,1
1959,愀,1950,惭,1
1960,愁,2213,掇,1
1960,愁,4199,秾,1
1962,愈,1858,怠,1
1963,愉,317,偷,1
1963,愉,2233,掭,1
1966,意,606,危,1
1966,意,1881,恚,1
1966,意,5257,薏,1
1966,意,5581,言,1
1967,愔,4834,腭,1
1968,愕,1972,愣,1
1968,愕,2604,枵,1
1969,愚,3120,浼,1
1969,愚,5305,虽,1
1970,感,785,咸,1
1970,感,1926,悲,1
1970,感,2501,暮,1
1970,感,3925,盛,1
1970,感,6927,魆,1
1971,愠,1974,愦,1
1972,愣,1955,惴,1
1973,愤,1647,帧,1
1973,愤,1929,悻,1
1973,愤,1976,愫,1
1973,愤,1997,憧,1
1974,愦,2757,楞,1
1975,愧,1919,悦,1
1975,愧,1939,惚,1
1975,愧,6103,遑,1
1977,愿,369,兢,1
1977,愿,1920,您,1
1977,愿,1984,慝,1
1977,愿,6075,途,1
1978,慈,384,兹,1
1978,慈,1869,总,1
1978,慈,1880,恙,1
1978,慈,5243,蕙,1
1980,慌,5698,谎,1
1981,慎,2809,模,1
1982,慑,1965,愎,1
1982,慑,2213,掇,1
1982,慑,2292,摄,1
1983,慕,1170,墓,1
1983,慕,3897,皋,1
1983,慕,5082,荼,1
1983,慕,5241,蕊,1
1983,慕,5244,蕞,1
1985,慢,1164,墁,1
1985,慢,1831,忮,1
1985,慢,1965,愎,1
1985,慢,2000,憬,1
1987,慧,580,卉,1
1987,慧,1762,彗,1
1989,慰,1465,尉,1
1989,慰,1870,怼,1
1989,慰,7111,麝,1
1991,慷,1990,慵,1
1991,慷,4431,糠,1
1992,憋,1998,憨,1
1993,憎,967,噌,1
1993,憎,1658,幅,1
1993,憎,5826,赠,1
1994,憔,340,僬,1
1994,憔,1855,怛,1
1994,憔,1878,恒,1
1994,憔,1942,惟,1
1997,憧,342,僮,1
1997,憧,1662,幛,1
1997,憧,1665,幢,1
1997,憧,2003,懂,1
1997,憧,2505,曈,1
1997,憧,3881,癔,1
1998,憨,1992,憋,1
1998,憨,3448,熊,1
1998,憨,5402,蝥,1
1998,憨,7092,鹨,1
1999,憩,6932,魏,1
2002,憾,1889,恪,1
2003,懂,1958,惺,1
2003,懂,1980,慌,1
2003,懂,1997,憧,1
2003,懂,3404,烧,1
2004,懈,1963,愉,1
2004,懈,2319,撤,1
2004,懈,3018,泄,1
2005,懊,912,嗅,1
2005,懊,1945,惧,1
2005,懊,5385,蜱,1
2007,懑,5243,蕙,1
2010,懦,1990,慵,1
2010,懦,2007,懑,1
2010,懦,4871,臑,1
2014,戈,69,书,1
2014,戈,577,卅,1
2014,戈,1736,式,1
2014,戈,2015,戊,1
2014,戈,2020,戏,1
2014,戈,2540,术,1
2015,戊,161,伐,1
2015,戊,2021,成,1
2015,戊,2078,找,1
2015,戊,2629,柯,1
2015,戊,2942,水,1
2015,戊,6760,风,1
2016,戋,1298,娄,1
2017,戌,2014,戈,1
2017,戌,2016,戋,1
2018,戍,1818,忒,1
2019,戎,1736,式,1
2020,戏,2996,沣,1
2020,戏,6568,阽,1
2021,成,1108,城,1
2021,成,2017,戌,1
2021,成,2019,戎,1
2021,成,4023,矽,1
2022,我,2019,戎,1
2022,我,2027,战,1
2022,我,2034,戥,1
2023,戒,2021,成,1
2023,戒,2547,杂,1
2025,或,1736,式,1
2025,或,2023,戒,1
2025,或,2027,战,1
2025,或,2876,残,1
2026,戗,465,创,1
2026,戗,2027,战,1
2027,战,1077,垅,1
2027,战,2024,戕,1
2027,战,5856,趺,1
2028,戚,785,咸,1
2028,戚,1296,威,1
2028,戚,2017,戌,1
2032,戢,796,哉,1
2035,截,1118,域,1
2035,截,2662,栽,1
2035,截,5241,蕊,1
2038,戳,5938,蹴,1
2039,戴,796,哉,1
2040,户,75,了,1
2040,户,601,卩,1
2040,户,1197,夕,1
2040,户,1483,尸,1
2043,房,262,信,1
2043,房,2047,扅,1
2043,房,3189,渗,1
2043,房,3794,疠,1
2043,房,4727,肓,1
2043,房,5210,蓓,1
2044,所,1040,圻,1
2044,所,2026,戗,1
2044,所,2396,斩,1
2044,所,2446,昕,1
2044,所,5306,虾,1
2045,扁,3209,湎,1
2045,扁,4740,肩,1
2045,扁,5776,贬,1
2047,扅,1695,废,1
2048,扇,2421,旨,1
2048,扇,4740,肩,1
2051,扊,3921,盔,1
2052,手,41,主,1
2052,手,581,半,1
2052,手,592,卞,1
2052,手,1384,季,1
2052,手,1402,宇,1
2052,手,1672,幺,1
2052,手,2053,扌,1
2052,手,3498,牛,1
2053,扌,1371,孑,1
2054,才,2053,扌,1
2055,扎,2096,抠,1
2056,扑,1054,坛,1
2056,扑,2055,扎,1
2056,扑,2081,抃,1
2057,扒,662,只,1
2058,打,2,丁,1
2058,打,2053,扌,1
2058,打,2106,抹,1
2059,扔,1048,坎,1
2059,扔,2218,掎,1
2060,托,693,吒,1
2060,托,2058,打,1
2060,托,2077,扼,1
2060,托,2088,抔,1
2060,托,2093,抚,1
2060,托,2143,括,1
2060,托,2560,杞,1
2060,托,2583,枉,1
2061,扛,2058,打,1
2061,扛,2062,扣,1
2061,扛,2087,抓,1
2061,扛,2113,拄,1
2061,扛,4431,糠,1
2062,扣,2059,扔,1
2063,扦,2060,托,1
2063,扦,2101,抨,1
2063,扦,2112,拃,1
2063,扦,2120,拌,1
2063,扦,2203,捭,1
2064,执,2071,扯,1
2064,执,2076,扺,1
2065,扩,1030,圩,1
2065,扩,2063,扦,1
2065,扩,2099,护,1
2067,扫,2062,扣,1
2067,扫,2069,扭,1
2067,扫,2104,抱,1
2067,扫,2129,拘,1
2067,扫,2557,杓,1
2068,扬,1039,场,1
2068,扬,2283,搦,1
2068,扬,2965,汤,1
2068,扬,3795,疡,1
2069,扭,2059,扔,1
2069,扭,2083,抉,1
2069,扭,2107,抻,1
2069,扭,2113,拄,1
2069,扭,4481,纽,1
2070,扮,2057,扒,1
2070,扮,2098,抢,1
2070,扮,2123,拐,1
2070,扮,2131,拚,1
2070,扮,2243,揄,1
2070,扮,3721,瓣,1
2071,扯,1042,址,1
2071,扯,2124,拒,1
2071,扯,2139,拦,1
2072,扰,2055,扎,1
2072,扰,2135,拢,1
2072,扰,2162,挑,1
2072,扰,3532,犹,1
2072,扰,3533,狁,1
2073,扳,2077,扼,1
2073,扳,2107,抻,1
2073,扳,2119,拊,1
2073,扳,2659,核,1
2074,扶,2587,林,1
2075,批,2066,扪,1
2076,扺,1072,坻,1
2076,扺,2105,抵,1
2076,扺,2110,抿,1
2078,找,2022,我,1
2078,找,2158,指,1
2079,承,165,伙,1
2079,承,410,冰,1
2079,承,1760,录,1
2079,承,1767,彤,1
2079,承,2509,曝,1
2079,承,2944,永,1
2079,承,4008,矛,1
2079,承,6089,逯,1
2080,技,1380,孜,1
2080,技,2073,扳,1
2080,技,2089,投,1
2080,技,2126,拔,1
2082,抄,2134,拟,1
2082,抄,2568,杪,1
2082,抄,2587,林,1
2083,抉,1849,怏,1
2083,抉,2064,执,1
2083,抉,2093,抚,1
2083,抉,2137,拤,1
2083,抉,4190,秧,1
2084,把,1036,地,1
2084,把,2560,杞,1
2084,把,3526,犯,1
2085,抑,6031,迎,1
2086,抒,2058,打,1
2086,抒,2067,扫,1
2086,抒,2084,把,1
2086,抒,2140,拧,1
2086,抒,2175,挦,1
2087,抓,2088,抔,1
2087,抓,2091,抗,1
2087,抓,2105,抵,1
2089,投,1913,悛,1
2089,投,2057,扒,1
2089,投,2118,拉,1
2089,投,2603,枳,1
2090,抖,2107,抻,1
2090,抖,2120,拌,1
2090,抖,3390,烀,1
2090,抖,4182,科,1
2091,抗,1051,坑,1
2091,抗,2061,扛,1
2091,抗,2087,抓,1
2091,抗,2093,抚,1
2091,抗,2097,抡,1
2091,抗,2118,拉,1
2091,抗,2143,括,1
2091,抗,4682,耘,1
2091,抗,4711,聒,1
2092,折,2076,扺,1
2092,折,2085,抑,1
2092,折,2140,拧,1
2092,折,2585,析,1
2092,折,4135,祈,1
2093,抚,730,呒,1
2093,抚,1265,妩,1
2093,抚,2060,托,1
2093,抚,2072,扰,1
2096,抠,2104,抱,1
2096,抠,2124,拒,1
2097,抡,2060,托,1
2097,抡,2103,抬,1
2097,抡,2104,抱,1
2097,抡,2112,拃,1
2097,抡,2143,括,1
2097,抡,2198,捡,1
2098,抢,1383,孢,1
2098,抢,2127,拖,1
2098,抢,2598,枪,1
2099,护,1048,坎,1
2099,护,2065,扩,1
2099,护,2121,拍,1
2099,护,2172,挣,1
2099,护,2299,摔,1
2099,护,2643,栌,1
2100,报,1066,坫,1
2100,报,2104,抱,1
2100,报,2123,拐,1
2100,报,2137,拤,1
2100,报,2526,服,1
2100,报,2580,极,1
2101,抨,1065,坪,1
2101,抨,2063,扦,1
2101,抨,2174,挥,1
2101,抨,2203,捭,1
2101,抨,7039,鸪,1
2102,披,1636,帔,1
2103,抬,2117,拈,1
2103,抬,2143,括,1
2103,抬,2145,拮,1
2103,抬,2154,拾,1
2103,抬,2158,指,1
2104,抱,1101,垲,1
2104,抱,2084,把,1
2104,抱,2127,拖,1
2105,抵,1072,坻,1
2105,抵,2092,折,1
2105,抵,3556,狱,1
2106,抹,2120,拌,1
2106,抹,2168,挟,1
2106,抹,2587,林,1
2106,抹,2712,梾,1
2106,抹,4187,秣,1
2108,押,2063,扦,1
2108,押,2138,拥,1
2108,押,2174,挥,1
2108,押,2273,搏,1
2109,抽,2071,扯,1
2109,抽,2116,拇,1
2109,抽,2187,捆,1
2109,抽,2250,插,1
2109,抽,3511,牺,1
2110,抿,1306,娓,1
2110,抿,2077,扼,1
2110,抿,6308,钪,1
2111,拂,773,咦,1
2111,拂,2090,抖,1
2111,拂,3010,沸,1
2111,拂,3542,狒,1
2113,拄,2060,托,1
2113,拄,2064,执,1
2113,拄,2097,抡,1
2113,拄,2149,拴,1
2113,拄,2229,推,1
2113,拄,2247,揎,1
2113,拄,2631,柱,1
2113,拄,4204,程,1
2114,担,1062,坦,1
2114,担,3814,疽,1
2114,担,5843,趄,1
2115,拆,1073,坼,1
2115,拆,2062,扣,1
2115,拆,2140,拧,1
2115,拆,2203,捭,1
2116,拇,2219,掏,1
2116,拇,2232,掬,1
2117,拈,423,凇,1
2117,拈,1638,帖,1
2117,拈,2132,招,1
2117,拈,2145,拮,1
2117,拈,2584,枋,1
2117,拈,3533,狁,1
2118,拉,141,仨,1
2118,拉,2095,抟,1
2118,拉,2122,拎,1
2120,拌,581,半,1
2120,拌,2106,抹,1
2120,拌,3552,狭,1
2121,拍,1044,均,1
2121,拍,2105,抵,1
2121,拍,2145,拮,1
2121,拍,2186,捅,1
2122,拎,1856,怜,1
2122,拎,2061,扛,1
2122,拎,2145,拮,1
2122,拎,3566,猃,1
2122,拎,5985,辁,1
2123,拐,2089,投,1
2123,拐,2190,捌,1
2123,拐,2196,捞,1
2124,拒,1614,巨,1
2124,拒,2071,扯,1
2124,拒,2118,拉,1
2124,拒,2139,拦,1
2124,拒,2181,挹,1
2124,拒,5613,讵,1
2124,拒,6771,飞,1
2125,拓,2059,扔,1
2125,拓,2091,抗,1
2125,拓,2145,拮,1
2125,拓,2212,掂,1
2125,拓,2220,掐,1
2126,拔,2073,扳,1
2126,拔,2102,披,1
2126,拔,2683,桢,1
2128,拗,2266,揿,1
2129,拘,2121,拍,1
2129,拘,2169,挠,1
2129,拘,2557,杓,1
2129,拘,2607,枸,1
2129,拘,3580,猢,1
2130,拙,443,出,1
2130,拙,1036,地,1
2130,拙,2178,挫,1
2130,拙,2184,捂,1
2131,拚,2152,拼,1
2132,招,2059,扔,1
2132,招,2110,抿,1
2132,招,2121,拍,1
2132,招,2154,拾,1
2133,拜,57,乒,1
2133,拜,3611,玕,1
2133,拜,4188,秤,1
2134,拟,2075,批,1
2134,拟,2592,枞,1
2135,拢,2078,找,1
2135,拢,2087,抓,1
2135,拢,2093,抚,1
2135,拢,2126,拔,1
2135,拢,5098,莪,1
2136,拣,2118,拉,1
2136,拣,2156,持,1
2136,拣,2209,捺,1
2136,拣,2269,搂,1
2136,拣,2642,栋,1
2136,拣,2644,栎,1
2137,拤,2074,扶,1
2138,拥,1106,埇,1
2139,拦,1075,垃,1
2140,拧,2065,扩,1
2140,拧,2070,扮,1
2140,拧,2104,抱,1
2140,拧,2551,杉,1
2140,拧,3498,牛,1
2140,拧,3647,珩,1
2142,择,1386,孥,1
2142,择,1464,将,1
2142,择,2110,抿,1
2142,择,2172,挣,1
2142,择,2634,柽,1
2142,择,6850,驿,1
2143,括,1090,垢,1
2143,括,1495,居,1
2143,括,2063,扦,1
2143,括,2103,抬,1
2143,括,2112,拃,1
2143,括,2132,招,1
2143,括,2589,枚,1
2144,拭,2078,找,1
2144,拭,2090,抖,1
2146,拯,2067,扫,1
2146,拯,2114,担,1
2146,拯,2130,拙,1
2146,拯,2160,按,1
2146,拯,2265,揾,1
2147,拱,232,供,1
2147,拱,2231,措,1
2147,拱,2717,棋,1
2148,拳,478,券,1
2149,拴,2097,抡,1
2149,拴,2122,拎,1
2149,拴,2139,拦,1
2149,拴,2142,择,1
2149,拴,2154,拾,1
2149,拴,2178,挫,1
2149,拴,3558,狳,1
2149,拴,5985,辁,1
2151,拷,1099,垯,1
2151,拷,2074,扶,1
2151,拷,2086,抒,1
2151,拷,2095,抟,1
2151,拷,2136,拣,1
2151,拷,2143,括,1
2151,拷,2145,拮,1
2151,拷,2259,揲,1
2151,拷,2692,桴,1
2151,拷,4669,考,1
2152,拼,2278,搛,1
2152,拼,2567,杩,1
2153,拽,2107,抻,1
2154,拾,2066,扪,1
2154,拾,2103,抬,1
2154,拾,2140,拧,1
2154,拾,2149,拴,1
2154,拾,2584,枋,1
2155,拿,77,争,1
2155,拿,4436,系,1
2156,持,264,俦,1
2156,持,1874,恃,1
2156,持,2157,挂,1
2156,持,2175,挦,1
2156,持,2184,捂,1
2156,持,2218,掎,1
2156,持,2252,揞,1
2156,持,3510,特,1
2156,持,3826,痔,1
2157,挂,2106,抹,1
2157,挂,2139,拦,1
2158,指,889,喈,1
2158,指,1318,娼,1
2158,指,1380,孜,1
2158,指,2121,拍,1
2158,指,2145,拮,1
2158,指,2192,捎,1
2158,指,2231,措,1
2158,指,2243,揄,1
2158,指,2248,描,1
2158,指,2256,揩,1
2158,指,3819,病,1
2160,按,2227,接,1
2160,按,2310,撄,1
2160,按,3510,特,1
2161,挎,1216,夸,1
2161,挎,2086,抒,1
2161,挎,2154,拾,1
2161,挎,2184,捂,1
2161,挎,2218,掎,1
2162,挑,1284,姚,1
2163,挖,2181,挹,1
2163,挖,2196,捞,1
2163,挖,2275,搒,1
2163,挖,5661,诧,1
2164,挚,2178,挫,1
2164,挚,4444,絷,1
2164,挚,7051,鸷,1
2165,挛,99,亨,1
2165,挛,4265,竟,1
2166,挝,2069,扭,1
2166,挝,2094,抛,1
2166,挝,2134,拟,1
2166,挝,2167,挞,1
2166,挝,3068,洣,1
2166,挝,3658,琎,1
2167,挞,1099,垯,1
2167,挞,2076,扺,1
2167,挞,2145,拮,1
2167,挞,2166,挝,1
2167,挞,2601,枯,1
2167,挞,5838,赴,1
2168,挟,2147,拱,1
2168,挟,2208,捷,1
2168,挟,2288,携,1
2168,挟,5081,荻,1
2168,挟,5974,轶,1
2169,挠,2076,扺,1
2169,挠,2157,挂,1
2169,挠,4801,脑,1
2170,挡,1100,垱,1
2170,挡,2184,捂,1
2171,挢,2173,挤,1
2172,挣,1119,埠,1
2172,挣,2101,抨,1
2172,挣,2142,择,1
2173,挤,2088,抔,1
2173,挤,2218,掎,1
2173,挤,5890,跻,1
2174,挥,622,厍,1
2174,挥,2156,持,1
2174,挥,2207,捶,1
2174,挥,2215,掉,1
2174,挥,2658,样,1
2175,挦,2189,捋,1
2176,挨,2305,摸,1
2176,挨,2333,操,1
2176,挨,2668,桄,1
2176,挨,3563,狻,1
2177,挪,2085,抑,1
2177,挪,2221,排,1
2178,挫,598,卤,1
2178,挫,2113,拄,1
2178,挫,2118,拉,1
2178,挫,2157,挂,1
2178,挫,6413,错,1
2179,振,2110,抿,1
2179,振,2233,掭,1
2179,振,5187,蒎,1
2179,振,5365,蜇,1
2180,挲,417,冻,1
2180,挲,1305,娑,1
2181,挹,1909,悒,1
2181,挹,2251,揖,1
2181,挹,3798,疤,1
2182,挺,2076,扺,1
2182,挺,2178,挫,1
2182,挺,2792,槌,1
2183,挽,1136,堍,1
2183,挽,2091,抗,1
2183,挽,2163,挖,1
2183,挽,2267,搀,1
2183,挽,2737,椋,1
2183,挽,6714,顶,1
2184,捂,2124,拒,1
2184,捂,2216,掊,1
2184,捂,2228,控,1
2184,捂,2699,梏,1
2184,捂,3562,狺,1
2184,捂,5088,莒,1
2185,捃,2132,招,1
2186,捅,2138,拥,1
2186,捅,2172,挣,1
2186,捅,2234,掮,1
2186,捅,2241,掼,1
2186,捅,2298,摒,1
2187,捆,1904,悃,1
2187,捆,2105,抵,1
2187,捆,2109,抽,1
2187,捆,2114,担,1
2187,捆,2138,拥,1
2188,捉,376,兰,1
2188,捉,2181,挹,1
2188,捉,2197,损,1
2188,捉,5789,费,1
2189,捋,1110,埒,1
2189,捋,2175,挦,1
2190,捌,5848,趔,1
2191,捍,1871,怿,1
2191,捍,2215,掉,1
2192,捎,2121,拍,1
2192,捎,2158,指,1
2192,捎,2171,挢,1
2192,捎,2231,措,1
2192,捎,2248,描,1
2192,捎,2702,梢,1
2192,捎,5667,诮,1
2193,捏,1140,堙,1
2193,捏,2174,挥,1
2193,捏,2191,捍,1
2193,捏,2249,提,1
2193,捏,4204,程,1
2194,捐,1315,娲,1
2194,捐,2158,指,1
2194,捐,2197,损,1
2194,捐,2234,掮,1
2194,捐,2258,揭,1
2194,捐,2761,楫,1
2195,捕,2107,抻,1
2195,捕,2192,捎,1
2196,捞,2111,拂,1
2196,捞,2270,搅,1
2196,捞,2305,摸,1
2197,损,2211,掀,1
2197,损,6714,顶,1
2198,捡,2095,抟,1
2198,捡,2118,拉,1
2198,捡,2139,拦,1
2198,捡,2178,挫,1
2198,捡,2242,掾,1
2198,捡,4331,简,1
2199,换,1136,堍,1
2199,换,2124,拒,1
2199,换,2160,按,1
2199,换,2183,挽,1
2199,换,2197,损,1
2199,换,2203,捭,1
2199,换,2341,擤,1
2200,捣,2070,扮,1
2200,捣,2242,掾,1
2200,捣,2280,搞,1
2200,捣,7076,鹑,1
2201,捧,2172,挣,1
2201,捧,2764,楱,1
2201,捧,3669,琫,1
2204,据,2206,捱,1
2204,据,2272,搌,1
2204,据,2651,栝,1
2205,捯,2190,捌,1
2207,捶,2146,拯,1
2207,捶,2178,挫,1
2207,捶,2710,梵,1
2207,捶,3508,牲,1
2208,捷,1323,婕,1
2208,捷,2188,捉,1
2209,捺,2198,捡,1
2209,捺,2308,摽,1
2210,捻,2098,抢,1
2210,捻,2336,擒,1
2211,掀,2213,掇,1
2211,掀,2315,撕,1
2211,掀,5831,赦,1
2212,掂,2293,摅,1
2213,掇,5354,蛰,1
2214,授,2261,援,1
2215,掉,1123,埴,1
2215,掉,2239,掸,1
2215,掉,5052,草,1
2216,掊,2252,揞,1
2217,掌,1130,堂,1
2217,掌,1402,宇,1
2217,掌,1428,宰,1
2217,掌,2155,拿,1
2217,掌,4232,穿,1
2218,掎,2161,挎,1
2218,掎,3516,犄,1
2219,掏,2237,掴,1
2219,掏,3407,烫,1
2219,掏,5140,萄,1
2220,掐,2068,扬,1
2220,掐,2117,拈,1
2220,掐,2229,推,1
2220,掐,2250,插,1
2220,掐,4842,腼,1
2221,排,1925,悱,1
2222,掖,1102,垴,1
2222,掖,2302,摧,1
2223,掘,2110,抿,1
2223,掘,2254,握,1
2223,掘,2295,摇,1
2223,掘,2296,摈,1
2224,掠,1071,坷,1
2224,掠,2081,抃,1
2224,掠,2653,校,1
2224,掠,2735,椁,1
2224,掠,3388,炼,1
2224,掠,4395,籽,1
2225,探,2224,掠,1
2225,探,2232,掬,1
2225,探,2245,揉,1
2225,探,2644,栎,1
2227,接,1250,妆,1
2227,接,2097,抡,1
2227,接,2160,按,1
2227,接,2214,授,1
2227,接,2252,揞,1
2228,控,2118,拉,1
2228,控,2247,揎,1
2228,控,2565,杧,1
2229,推,2103,抬,1
2229,推,2113,拄,1
2229,推,2297,摊,1
2230,掩,2183,挽,1
2230,掩,2218,掎,1
2231,措,2103,抬,1
2231,措,2145,拮,1
2231,措,2151,拷,1
2231,措,2178,挫,1
2231,措,2252,揞,1
2232,掬,2187,捆,1
2234,掮,2192,捎,1
2234,掮,2194,捐,1
2236,掳,2293,摅,1
2239,掸,1087,垟,1
2239,掸,2101,抨,1
2239,掸,2178,挫,1
2239,掸,2224,掠,1
2239,掸,2229,推,1
2239,掸,2245,揉,1
2239,掸,2255,揣,1
2240,掺,640,参,1
2240,掺,2151,拷,1
2240,掺,2551,杉,1
2240,掺,3189,渗,1
2242,掾,2750,椽,1
2243,揄,2772,榆,1
2245,揉,2175,挦,1
2246,揍,2244,揆,1
2246,揍,4186,租,1
2247,揎,2332,擅,1
2248,描,2192,捎,1
2248,描,2256,揩,1
2248,描,3584,猫,1
2249,提,2188,捉,1
2249,提,2261,援,1
2249,提,6005,辕,1
2250,插,1982,慑,1
2250,插,2195,捕,1
2250,插,2220,掐,1
2251,揖,2189,捋,1
2251,揖,2761,楫,1
2252,揞,2194,捐,1
2254,握,411,冱,1
2254,握,2202,捩,1
2254,握,2204,据,1
2254,握,2272,搌,1
2254,握,3834,痤,1
2255,揣,2186,捅,1
2255,揣,3577,猝,1
2256,揩,2220,掐,1
2256,揩,2225,探,1
2256,揩,2231,措,1
2256,揩,2248,描,1
2256,揩,2765,楷,1
2257,揪,1,一,1
2257,揪,2319,撤,1
2258,揭,2123,拐,1
2258,揭,2557,杓,1
2258,揭,4636,羯,1
2259,揲,1141,堞,1
2261,援,1338,媛,1
2261,援,2227,接,1
2262,揶,2316,撖,1
2267,搀,2091,抗,1
2267,搀,2183,挽,1
2268,搁,2121,拍,1
2269,搂,1298,娄,1
2269,搂,2227,接,1
2269,搂,2601,枯,1
2269,搂,2768,楼,1
2270,搅,2183,挽,1
2273,搏,2156,持,1
2273,搏,2758,楠,1
2274,搐,2300,摘,1
2274,搐,3680,瑁,1
2275,搒,2196,捞,1
2275,搒,2284,搪,1
2275,搒,2286,搭,1
2275,搒,2781,榜,1
2276,搓,1153,塍,1
2276,搓,2139,拦,1
2276,搓,2185,捃,1
2276,搓,2231,措,1
2276,搓,2275,搒,1
2276,搓,3863,瘥,1
2279,搜,1142,堠,1
2279,搜,2214,授,1
2279,搜,2260,揳,1
2279,搜,2308,摽,1
2280,搞,2046,扃,1
2280,搞,2220,掐,1
2280,搞,2234,掮,1
2280,搞,2252,揞,1
2280,搞,3521,犒,1
2282,搡,2225,探,1
2284,搪,833,唐,1
2284,搪,2125,拓,1
2284,搪,2219,掏,1
2285,搬,4431,糠,1
2286,搭,1155,塔,1
2286,搭,2151,拷,1
2286,搭,2289,搽,1
2286,搭,6024,达,1
2287,搴,6877,骞,1
2288,携,2327,撸,1
2288,携,2665,桁,1
2288,携,2798,槜,1
2288,携,6135,邪,1
2289,搽,2106,抹,1
2289,搽,2136,拣,1
2289,搽,2259,揲,1
2290,搿,2235,掰,1
2290,搿,3572,猕,1
2292,摄,2346,攘,1
2293,摅,5833,赪,1
2294,摆,2242,掾,1
2294,摆,2276,搓,1
2294,摆,2308,摽,1
2295,摇,2149,拴,1
2296,摈,2073,扳,1
2296,摈,2228,控,1
2296,摈,2246,揍,1
2297,摊,2654,栩,1
2299,摔,1120,埤,1
2299,摔,1927,悴,1
2299,摔,2113,拄,1
2299,摔,2142,择,1
2299,摔,2172,挣,1
2299,摔,2215,掉,1
2299,摔,2775,榉,1
2300,摘,1169,墒,1
2300,摘,2186,捅,1
2300,摘,2255,揣,1
2300,摘,2275,搒,1
2301,摞,2184,捂,1
2302,摧,2163,挖,1
2302,摧,2234,掮,1
2302,摧,2340,擢,1
2303,摩,1683,序,1
2303,摩,1697,庤,1
2303,摩,1705,康,1
2303,摩,2338,擘,1
2303,摩,3514,犀,1
2303,摩,4113,磨,1
2303,摩,4447,縻,1
2303,摩,6634,雩,1
2305,摸,1361,嫫,1
2305,摸,1388,孩,1
2305,摸,2088,抔,1
2305,摸,2147,拱,1
2305,摸,2248,描,1
2305,摸,2743,椟,1
2305,摸,3595,獏,1
2305,摸,3874,瘼,1
2306,摹,542,募,1
2306,摹,1661,幕,1
2311,撅,3598,獗,1
2312,撇,2319,撤,1
2313,撑,2113,拄,1
2313,撑,2172,挣,1
2313,撑,2174,挥,1
2313,撑,2224,掠,1
2313,撑,2234,掮,1
2313,撑,2775,榉,1
2314,撒,2372,散,1
2315,撕,1772,彬,1
2316,撖,2319,撤,1
2316,撖,2817,橄,1
2318,撞,2175,挦,1
2318,撞,2198,捡,1
2318,撞,2242,掾,1
2318,撞,2299,摔,1
2319,撤,1385,孤,1
2319,撤,2211,掀,1
2319,撤,2243,揄,1
2319,撤,2312,撇,1
2319,撤,6009,辙,1
2320,撩,3599,獠,1
2321,撬,2750,椽,1
2322,播,2195,捕,1
2322,播,2274,搐,1
2322,播,2331,擂,1
2323,撮,2251,揖,1
2323,撮,2276,搓,1
2324,撰,2310,撄,1
2325,撵,2256,揩,1
2325,撵,2259,揲,1
2325,撵,3276,滹,1
2326,撷,2314,撒,1
2328,撺,2299,摔,1
2329,撼,2002,憾,1
2329,撼,2256,揩,1
2329,撼,2291,摁,1
2331,擂,4442,累,1
2331,擂,4725,肋,1
2332,擅,2139,拦,1
2332,擅,2252,揞,1
2333,操,2189,捋,1
2333,操,2191,捍,1
2333,操,2239,掸,1
2333,操,2245,揉,1
2333,操,2278,搛,1
2333,操,2282,搡,1
2333,操,2324,撰,1
2333,操,2773,榇,1
2333,操,3469,燥,1
2333,操,3473,爆,1
2334,擎,3089,浆,1
2334,擎,5239,蕈,1
2336,擒,5425,螭,1
2338,擘,1364,嬖,1
2338,擘,6271,鐾,1
2339,擞,2073,扳,1
2339,擞,3701,璈,1
2342,擦,2228,控,1
2342,擦,2347,攥,1
2342,擦,2837,檫,1
2342,擦,4221,穄,1
2343,攀,4161,禁,1
2344,攉,2331,擂,1
2345,攒,2241,掼,1
2346,攘,2216,掊,1
2346,攘,2261,援,1
2348,攫,5793,贽,1
2350,支,642,叉,1
2352,攵,2356,攻,1
2352,攵,4936,艾,1
2353,收,647,发,1
2353,收,676,叹,1
2353,收,1250,妆,1
2353,收,3353,火,1
2353,收,3504,牧,1
2353,收,4741,肪,1
2353,收,4749,肷,1
2353,收,6718,顺,1
2355,改,2357,放,1
2355,改,3033,泠,1
2355,改,5601,讧,1
2355,改,5638,诐,1
2355,改,6558,阪,1
2356,攻,1041,圾,1
2356,攻,1058,坟,1
2356,攻,1380,孜,1
2356,攻,2073,扳,1
2356,攻,6717,项,1
2357,放,648,叔,1
2357,放,1745,弥,1
2357,放,2363,敏,1
2357,放,2846,欲,1
2357,放,4461,级,1
2357,放,5612,讴,1
2357,放,7031,鸡,1
2358,政,676,叹,1
2358,政,2362,敌,1
2358,政,2431,旷,1
2358,政,2888,段,1
2358,政,3616,玟,1
2358,政,3762,畋,1
2358,政,4879,致,1
2358,政,5859,趿,1
2359,故,118,仅,1
2359,故,799,哎,1
2359,故,1048,坎,1
2359,故,1380,孜,1
2359,故,2357,放,1
2359,故,2375,敬,1
2359,故,2852,歃,1
2359,故,4031,砍,1
2360,效,1257,妖,1
2360,效,4272,竹,1
2361,敉,3504,牧,1
2361,敉,4422,糊,1
2362,敌,72,乱,1
2362,敌,648,叔,1
2362,敌,3623,玫,1
2362,敌,4023,矽,1
2362,敌,7053,鸹,1
2363,敏,649,取,1
2363,敏,2358,政,1
2363,敏,5859,趿,1
2364,救,2073,扳,1
2364,救,2160,按,1
2364,救,2362,敌,1
2364,救,2365,敕,1
2364,救,2367,教,1
2364,救,2580,极,1
2364,救,2986,沏,1
2364,救,3623,玫,1
2364,救,4749,肷,1
2364,救,7168,齿,1
2366,敖,2362,敌,1
2366,敖,2367,教,1
2366,敖,2376,数,1
2366,敖,2379,敷,1
2367,教,1957,惹,1
2367,教,4879,致,1
2368,敛,176,伪,1
2368,敛,6788,饭,1
2369,敝,2361,敉,1
2369,敝,2375,敬,1
2369,敝,2589,枚,1
2369,敝,2632,柳,1
2370,敞,2375,敬,1
2370,敞,2376,数,1
2370,敞,2849,欹,1
2371,敢,648,叔,1
2371,敢,1201,夜,1
2371,敢,2367,教,1
2371,敢,3791,疚,1
2372,散,653,叛,1
2372,散,2367,教,1
2372,散,2375,敬,1
2372,散,2376,数,1
2372,散,2680,桕,1
2372,散,6722,顾,1
2373,敦,2357,放,1
2373,敦,2360,效,1
2373,敦,2367,教,1
2373,敦,5473,衬,1
2373,敦,6173,郭,1
2373,敦,6280,钌,1
2375,敬,2363,敏,1
2375,敬,2844,欤,1
2375,敬,2849,欹,1
2375,敬,3762,畋,1
2375,敬,4023,矽,1
2375,敬,6833,驭,1
2376,数,157,伋,1
2376,数,2366,敖,1
2376,数,3504,牧,1
2376,数,4404,粞,1
2376,数,5263,薮,1
2377,敲,2893,毅,1
2378,整,1748,弩,1
2378,整,1926,悲,1
2378,整,4006,矍,1
2379,敷,1272,妻,1
2379,敷,2374,敫,1
2379,敷,2850,欺,1
2379,敷,6833,驭,1
2380,文,5,丈,1
2380,文,95,交,1
2380,文,1197,夕,1
2380,文,1721,廴,1
2380,文,2840,欠,1
2380,文,4172,离,1
2381,斋,1730,弃,1
2381,斋,3484,爹,1
2381,斋,5581,言,1
2382,斌,1289,姥,1
2382,斌,1312,娥,1
2382,斌,5807,赋,1
2384,斑,3651,珽,1
2384,斑,5609,记,1
2384,斑,6785,饪,1
2386,斗,32,丬,1
2386,斗,34,丰,1
2386,斗,2947,汁,1
2386,斗,5958,车,1
2387,料,4394,籼,1
2389,斜,149,件,1
2389,斜,476,制,1
2389,斜,4315,筘,1
2389,斜,4464,纪,1
2389,斜,4756,胁,1
2391,斟,2399,斯,1
2392,斡,2198,捡,1
2392,斡,5975,轷,1
2392,斡,6222,酶,1
2393,斤,4,万,1
2393,斤,85,亓,1
2393,斤,116,仃,1
2393,斤,123,介,1
2393,斤,4458,纤,1
2394,斥,53,乍,1
2394,斥,591,卜,1
2394,斥,2393,斤,1
2394,斥,2418,日,1
2396,斩,1319,婀,1
2396,斩,3647,珩,1
2397,斫,4034,研,1
2397,斫,4058,砾,1
2398,断,445,凼,1
2398,断,2446,昕,1
2398,断,3155,淅,1
2398,断,3319,澌,1
2399,斯,541,勘,1
2399,斯,2446,昕,1
2399,斯,5252,蕻,1
2400,新,1377,孙,1
2400,新,1391,孰,1
2400,新,4630,羝,1
2401,方,4,万,1
2401,方,83,云,1
2401,方,1683,序,1
2403,施,130,他,1
2403,施,2409,旋,1
2403,施,2411,旎,1
2403,施,2459,昶,1
2403,施,3008,沲,1
2403,施,4543,绽,1
2403,施,6031,迎,1
2403,施,6774,飨,1
2404,旁,1768,彦,1
2404,旁,2928,氛,1
2404,旁,3250,滂,1
2404,旁,4244,窖,1
2405,旃,4918,艄,1
2406,旄,2410,旌,1
2407,旅,233,依,1
2407,旅,1753,弹,1
2407,旅,2408,旆,1
2407,旅,2411,旎,1
2407,旅,2412,族,1
2407,旅,4077,硷,1
2407,旅,4283,笑,1
2407,旅,4477,纸,1
2407,旅,5187,蒎,1
2407,旅,6802,饻,1
2409,旋,1749,弪,1
2409,旋,2403,施,1
2409,旋,3030,泛,1
2409,旋,5834,赫,1
2411,旎,2669,桅,1
2411,旎,4794,脆,1
2412,族,1300,娆,1
2412,族,2406,旄,1
2412,族,2410,旌,1
2412,族,2529,朕,1
2412,族,3139,涣,1
2412,族,4139,祖,1
2412,族,5675,诶,1
2412,族,6479,镞,1
2416,无,48,乇,1
2416,无,83,云,1
2416,无,359,先,1
2416,无,1206,天,1
2416,无,1476,尢,1
2416,无,2920,民,1
2417,既,3626,现,1
2417,既,5317,蚜,1
2417,既,6557,阢,1
2418,日,67,习,1
2418,日,392,冈,1
2418,日,1374,孕,1
2418,日,1607,川,1
2418,日,3749,田,1
2418,日,6515,间,1
2419,旦,139,令,1
2419,旦,3929,目,1
2419,旦,4453,纟,1
2419,旦,4881,臼,1
2420,旧,2418,日,1
2420,旧,2966,汨,1
2420,旧,3620,玥,1
2420,旧,5602,讨,1
2421,旨,4996,苟,1
2422,早,586,卓,1
2422,早,2901,毕,1
2423,旬,549,勿,1
2423,旬,552,匆,1
2423,旬,692,向,1
2423,旬,5656,询,1
2423,旬,6515,间,1
2424,旭,518,加,1
2424,旭,1855,怛,1
2424,旭,2575,杷,1
2424,旭,5628,诅,1
2425,旮,2573,杳,1
2425,旮,4796,脊,1
2426,旯,2464,晃,1
2427,旰,3931,盱,1
2427,旰,6556,阡,1
2428,旱,1378,孚,1
2428,旱,5585,詈,1
2428,旱,6168,郢,1
2429,旴,680,吁,1
2429,旴,3931,盱,1
2430,时,131,仗,1
2430,时,132,付,1
2430,时,449,刁,1
2430,时,673,叶,1
2430,时,762,咐,1
2430,时,1114,埘,1
2430,时,1457,对,1
2430,时,1819,忖,1
2431,旷,2065,扩,1
2431,旷,2427,旰,1
2431,旷,3787,疔,1
2432,旸,2068,扬,1
2432,旸,3614,玚,1
2432,旸,4735,肠,1
2433,旺,693,吒,1
2433,旺,2418,日,1
2433,旺,2427,旰,1
2433,旺,2429,旴,1
2433,旺,3945,眍,1
2433,旺,3952,眨,1
2433,旺,3955,眭,1
2433,旺,6964,鲟,1
2435,昀,2450,映,1
2435,昀,2477,晡,1
2435,昀,2527,朐,1
2436,昂,686,吊,1
2436,昂,1639,帘,1
2436,昂,2444,易,1
2436,昂,3358,灵,1
2438,昆,434,凫,1
2438,昆,3358,灵,1
2438,昆,5618,论,1
2438,昆,7142,黾,1
2439,昉,2430,时,1
2439,昉,3762,畋,1
2439,昉,3946,眙,1
2439,昉,4734,肟,1
2439,昉,4788,胶,1
2440,昊,716,吴,1
2440,昊,2428,旱,1
2440,昊,4877,臭,1
2441,昌,396,冒,1
2441,昌,674,号,1
2441,昌,1723,廷,1
2441,昌,4759,胄,1
2441,昌,4875,自,1
2441,昌,4999,苣,1
2442,明,140,以,1
2442,明,2432,旸,1
2442,明,2454,昭,1
2442,明,2470,晔,1
2442,明,3620,玥,1
2442,明,3762,畋,1
2442,明,3969,睚,1
2442,明,4751,肼,1
2442,明,4766,胙,1
2444,易,659,另,1
2444,易,1937,惕,1
2444,易,4969,芴,1
2444,易,6599,隅,1
2445,昔,1090,垢,1
2445,昔,2231,措,1
2445,昔,2421,旨,1
2445,昔,4962,芬,1
2445,昔,4999,苣,1
2445,昔,5002,苦,1
2445,昔,5043,茸,1
2445,昔,5147,萑,1
2445,昔,6710,音,1
2447,昙,406,冥,1
2447,昙,4971,芸,1
2447,昙,6634,雩,1
2449,星,376,兰,1
2449,星,1570,崖,1
2449,星,1958,惺,1
2449,星,2467,晏,1
2449,星,3365,炅,1
2449,星,4286,笙,1
2449,星,6254,重,1
2450,映,140,以,1
2450,映,2478,晤,1
2450,映,2845,欧,1
2450,映,3621,玦,1
2451,春,1228,奏,1
2451,春,2898,毒,1
2451,春,3944,看,1
2451,春,3947,眚,1
2451,春,4672,耆,1
2452,昧,777,咪,1
2452,昧,2430,时,1
2452,昧,2450,映,1
2452,昧,2461,昽,1
2452,昧,3004,沫,1
2452,昧,4802,脒,1
2452,昧,6210,酥,1
2453,昨,1556,峥,1
2453,昨,2435,昀,1
2453,昨,2526,服,1
2453,昨,3101,浓,1
2453,昨,3946,眙,1
2453,昨,3952,眨,1
2453,昨,5328,蚱,1
2454,昭,833,唐,1
2454,昭,3946,眙,1
2454,昭,4739,肥,1
2455,是,378,关,1
2455,是,2426,旯,1
2455,是,2434,旻,1
2455,是,4238,窆,1
2455,是,4611,罡,1
2455,是,4876,臬,1
2455,是,5852,足,1
2458,昵,2461,昽,1
2461,昽,2469,晓,1
2461,昽,3640,珑,1
2461,昽,3954,眬,1
2461,昽,4775,胧,1
2462,显,790,品,1
2462,显,4970,芷,1
2464,晃,356,兄,1
2464,晃,397,冕,1
2464,晃,1659,幌,1
2465,晋,870,啬,1
2465,晋,1896,恶,1
2465,晋,2988,沓,1
2465,晋,4747,育,1
2465,晋,5146,萏,1
2465,晋,5164,著,1
2465,晋,6663,青,1
2465,晋,6710,音,1
2466,晌,1534,岣,1
2466,晌,2435,昀,1
2466,晌,2442,明,1
2466,晌,2527,朐,1
2466,晌,4078,硼,1
2466,晌,4787,胴,1
2466,晌,5777,购,1
2468,晒,1055,坜,1
2468,晒,2492,暅,1
2468,晒,3939,眄,1
2468,晒,3991,瞟,1
2468,晒,4066,硒,1
2468,晒,4917,舾,1
2469,晓,712,吮,1
2469,晓,4784,胱,1
2471,晕,401,军,1
2471,晕,3502,牢,1
2471,晕,3509,牵,1
2471,晕,5069,荦,1
2471,晕,6711,韵,1
2472,晖,393,冉,1
2474,晚,418,冼,1
2474,晚,2008,懒,1
2474,晚,2469,晓,1
2474,晚,2498,暝,1
2474,晚,2499,暧,1
2474,晚,3120,浼,1
2474,晚,3901,皖,1
2474,晚,4812,脱,1
2478,晤,835,唔,1
2478,晤,2497,暗,1
2478,晤,3512,牾,1
2478,晤,3953,眩,1
2478,晤,3988,瞎,1
2478,晤,6592,陪,1
2479,晦,905,喵,1
2479,晦,1910,悔,1
2479,晦,2472,晖,1
2479,晦,4842,腼,1
2479,晦,5795,贿,1
2479,晦,6222,酶,1
2480,晨,273,俵,1
2480,晨,1980,慌,1
2481,普,2441,昌,1
2481,普,3315,潽,1
2481,普,5113,菁,1
2482,景,674,号,1
2482,景,725,呆,1
2482,景,1375,字,1
2482,景,1378,孚,1
2482,景,1761,彖,1
2482,景,3343,瀑,1
2482,景,3754,男,1
2482,景,4384,簧,1
2483,晰,3166,淞,1
2484,晳,2763,楯,1
2485,晴,2497,暗,1
2485,晴,2506,曙,1
2486,晶,7024,鳞,1
2488,智,700,吞,1
2488,智,2443,昏,1
2488,智,3671,琮,1
2488,智,3973,督,1
2488,智,6625,雉,1
2489,晾,35,串,1
2489,晾,2439,昉,1
2489,晾,3966,睇,1
2489,晾,4805,脖,1
2489,晾,4852,膘,1
2490,暂,2158,指,1
2490,暂,2396,斩,1
2490,暂,2484,晳,1
2490,暂,5007,苷,1
2491,暄,902,喧,1
2492,暅,1878,恒,1
2493,暇,859,啊,1
2493,暇,1542,岷,1
2495,暑,2502,暴,1
2496,暖,1338,媛,1
2496,暖,2214,授,1
2496,暖,3478,爰,1
2496,暖,3774,畯,1
2497,暗,969,噎,1
2497,暗,2485,晴,1
2497,暗,2505,曈,1
2497,暗,4818,腈,1
2498,暝,3989,瞑,1
2501,暮,542,募,1
2501,暮,2573,杳,1
2501,暮,4007,矗,1
2501,暮,4947,芒,1
2501,暮,5121,菖,1
2502,暴,2464,晃,1
2502,暴,2495,暑,1
2502,暴,6181,鄄,1
2505,曈,880,啼,1
2505,曈,2491,暄,1
2506,曙,2294,摆,1
2507,曛,3903,皤,1
2507,曛,3971,睡,1
2512,曰,550,匀,1
2512,曰,593,卟,1
2512,曰,594,占,1
2512,曰,6505,闩,1
2512,曰,6507,闫,1
2513,曲,40,为,1
2513,曲,383,典,1
2513,曲,1064,坩,1
2513,曲,3753,电,1
2514,曳,69,书,1
2514,曳,3753,电,1
2515,更,690,吏,1
2515,更,3782,疋,1
2515,更,6031,迎,1
2515,更,6713,页,1
2517,曹,2445,昔,1
2517,曹,3283,漕,1
2517,曹,5023,茑,1
2517,曹,5146,萏,1
2517,曹,5152,营,1
2517,曹,5957,軎,1
2517,曹,6113,遭,1
2517,曹,7058,鸾,1
2519,曾,1173,增,1
2519,曾,1718,廛,1
2520,替,2751,椿,1
2521,最,60,乖,1
2521,最,2371,敢,1
2521,最,3897,皋,1
2521,最,4985,苏,1
2522,月,39,丹,1
2522,月,658,句,1
2522,月,687,同,1
2522,月,2512,曰,1
2522,月,6507,闫,1
2522,月,6509,问,1
2523,有,100,亩,1
2523,有,1376,存,1
2523,有,4994,苜,1
2524,朊,4726,肌,1
2524,朊,4744,肮,1
2525,朋,4781,胭,1
2525,朋,4825,腓,1
2525,朋,6563,阴,1
2526,服,649,取,1
2526,服,1636,帔,1
2527,朐,2466,晌,1
2527,朐,4771,胞,1
2528,朔,531,劾,1
2528,朔,2059,扔,1
2528,朔,6303,钥,1
2528,朔,6740,频,1
2529,朕,4712,联,1
2530,朗,469,刨,1
2530,朗,6303,钥,1
2531,望,3122,涅,1
2531,望,5644,诖,1
2532,朝,3308,潮,1
2534,朦,4123,礞,1
2534,朦,4805,脖,1
2534,朦,4852,膘,1
2534,朦,5448,蠓,1
2535,木,2053,扌,1
2535,木,2540,术,1
2535,木,2942,水,1
2535,木,6702,韦,1
2536,未,595,卡,1
2536,未,1209,夬,1
2536,未,1458,寺,1
2536,未,2016,戋,1
2536,未,2054,才,1
2536,未,2535,木,1
2537,末,2564,来,1
2538,本,22,东,1
2538,本,34,丰,1
2538,本,1628,布,1
2538,本,2053,扌,1
2538,本,5958,车,1
2539,札,2542,朴,1
2539,札,2544,机,1
2540,术,3745,甫,1
2540,术,4174,禾,1
2540,术,4391,米,1
2541,朱,1405,宋,1
2541,朱,1672,幺,1
2541,朱,2052,手,1
2541,朱,2536,未,1
2542,朴,2556,村,1
2542,朴,2662,栽,1
2542,朴,5962,轪,1
2543,朵,1405,宋,1
2543,朵,1484,尹,1
2543,朵,2052,手,1
2543,朵,2572,杲,1
2543,朵,4293,笨,1
2544,机,2542,朴,1
2545,朽,2551,杉,1
2545,朽,2567,杩,1
2545,朽,2577,杼,1
2545,朽,2584,枋,1
2545,朽,2618,柘,1
2545,朽,2728,棰,1
2545,朽,4403,粝,1
2546,杀,123,介,1
2546,杀,1218,夺,1
2546,杀,1405,宋,1
2546,杀,2563,条,1
2546,杀,3463,燊,1
2547,杂,402,农,1
2547,杂,3089,浆,1
2547,杂,5958,车,1
2548,权,649,取,1
2548,权,1628,布,1
2548,权,2560,杞,1
2548,权,2603,枳,1
2549,杆,2060,托,1
2549,杆,2585,析,1
2549,杆,2602,枰,1
2549,杆,2611,柈,1
2550,杈,2953,汊,1
2550,杈,6289,钗,1
2551,杉,1772,彬,1
2551,杉,2542,朴,1
2551,杉,2544,机,1
2551,杉,2568,杪,1
2551,杉,2651,栝,1
2551,杉,3633,珂,1
2551,杉,5976,轸,1
2553,李,1218,夺,1
2553,李,1223,奇,1
2553,李,1379,孛,1
2553,李,2573,杳,1
2553,李,2630,柰,1
2554,杏,37,丶,1
2554,杏,444,击,1
2554,杏,478,券,1
2554,杏,705,否,1
2554,杏,1226,奋,1
2554,杏,2553,李,1
2554,杏,2571,杰,1
2554,杏,4177,秃,1
2554,杏,5957,軎,1
2554,杏,6505,闩,1
2555,材,2568,杪,1
2555,材,2587,林,1
2555,材,2654,栩,1
2556,村,2053,扌,1
2556,村,2577,杼,1
2557,杓,2588,枘,1
2558,杖,131,仗,1
2558,杖,2083,抉,1
2558,杖,2102,披,1
2558,杖,2548,权,1
2559,杜,2061,扛,1
2559,杜,2539,札,1
2559,杜,2558,杖,1
2559,杜,2583,枉,1
2559,杜,3359,灶,1
2559,杜,4130,社,1
2560,杞,1516,屺,1
2560,杞,2685,桤,1
2561,束,1272,妻,1
2561,束,2168,挟,1
2561,束,2541,朱,1
2561,束,4719,肀,1
2561,束,5038,茱,1
2562,杠,2063,扦,1
2562,杠,2146,拯,1
2562,杠,2583,枉,1
2562,杠,2631,柱,1
2562,杠,2634,柽,1
2562,杠,3291,漱,1
2562,杠,3723,瓦,1
2562,杠,5741,豇,1
2563,条,408,冬,1
2563,条,682,各,1
2563,条,5764,负,1
2564,来,2541,朱,1
2564,来,2663,栾,1
2564,来,5101,莱,1
2564,来,6250,采,1
2564,来,6614,隶,1
2565,杧,2559,杜,1
2565,杧,2583,枉,1
2565,杧,2609,柃,1
2566,杨,2557,杓,1
2566,杨,2574,杵,1
2566,杨,2576,杻,1
2566,杨,2595,枥,1
2566,杨,2607,枸,1
2566,杨,2833,檑,1
2566,杨,4148,祢,1
2567,杩,2629,柯,1
2568,杪,2578,松,1
2569,杭,1051,坑,1
2569,杭,2103,抬,1
2569,杭,2552,杌,1
2569,杭,2584,枋,1
2569,杭,2585,析,1
2569,杭,2636,栀,1
2569,杭,2669,桅,1
2570,杯,1049,坏,1
2570,杯,2552,杌,1
2570,杯,2568,杪,1
2570,杯,2603,枳,1
2570,杯,2618,柘,1
2570,杯,2655,株,1
2570,杯,4190,秧,1
2571,杰,444,击,1
2571,杰,1529,岙,1
2571,杰,1824,忠,1
2572,杲,2613,某,1
2573,杳,1226,奋,1
2574,杵,1826,忤,1
2574,杵,2585,析,1
2575,杷,2608,柁,1
2576,杻,2672,桉,1
2577,杼,2644,栎,1
2578,松,423,凇,1
2578,松,2061,扛,1
2578,松,2584,枋,1
2578,松,2592,枞,1
2578,松,2599,枫,1
2578,松,2608,柁,1
2578,松,2609,柃,1
2578,松,2625,柢,1
2578,松,2652,栟,1
2579,板,653,叛,1
2579,板,1380,孜,1
2579,板,2580,极,1
2579,板,2585,析,1
2579,板,2618,柘,1
2579,板,2632,柳,1
2579,板,2653,校,1
2579,板,5349,蛟,1
2579,板,6558,阪,1
2580,极,1041,圾,1
2580,极,2115,拆,1
2580,极,2134,拟,1
2580,极,2570,杯,1
2580,极,2579,板,1
2580,极,2599,枫,1
2580,极,2603,枳,1
2580,极,2706,梭,1
2581,构,759,和,1
2581,构,2067,扫,1
2581,构,2219,掏,1
2581,构,2593,枢,1
2581,构,2632,柳,1
2581,构,2661,格,1
2581,构,2694,桷,1
2581,构,4396,粉,1
2582,枇,2544,机,1
2583,枉,2099,护,1
2583,枉,2125,拓,1
2583,枉,2130,拙,1
2583,枉,2562,杠,1
2583,枉,2565,杧,1
2583,枉,2568,杪,1
2583,枉,2634,柽,1
2583,枉,5840,赶,1
2584,枋,2601,枯,1
2584,枋,2638,标,1
2585,析,1835,忻,1
2585,析,2076,扺,1
2585,析,2087,抓,1
2585,析,2545,朽,1
2585,析,2549,杆,1
2585,析,2595,枥,1
2585,析,2622,柝,1
2585,析,2632,柳,1
2586,枕,2135,拢,1
2586,枕,2588,枘,1
2586,枕,4199,秾,1
2587,林,1740,弗,1
2587,林,2088,抔,1
2587,林,2090,抖,1
2587,林,2592,枞,1
2587,林,2655,株,1
2587,林,4187,秣,1
2589,枚,648,叔,1
2589,枚,1380,孜,1
2589,枚,2367,教,1
2589,枚,2548,权,1
2589,枚,2562,杠,1
2589,枚,2565,杧,1
2589,枚,2579,板,1
2589,枚,2585,析,1
2589,枚,2592,枞,1
2589,枚,2653,校,1
2589,枚,2661,格,1
2589,枚,3504,牧,1
2590,果,35,串,1
2590,果,382,具,1
2590,果,4171,禺,1
2591,枝,69,书,1
2591,枝,1831,忮,1
2591,枝,2073,扳,1
2591,枝,2583,枉,1
2591,枝,2653,校,1
2591,枝,4737,肢,1
2593,枢,423,凇,1
2593,枢,2579,板,1
2593,枢,2583,枉,1
2593,枢,2627,柩,1
2593,枢,2670,框,1
2594,枣,6638,零,1
2595,枥,2656,栲,1
2596,枧,2599,枫,1
2597,枨,4191,秩,1
2598,枪,2551,杉,1
2598,枪,2621,柜,1
2598,枪,2643,栌,1
2598,枪,2683,桢,1
2598,枪,4131,祀,1
2599,枫,2138,拥,1
2599,枫,2586,枕,1
2599,枫,3212,湖,1
2601,枯,1442,寇,1
2601,枯,2125,拓,1
2601,枯,2145,拮,1
2601,枯,2545,朽,1
2601,枯,2559,杜,1
2601,枯,2584,枋,1
2601,枯,2591,枝,1
2601,枯,2651,栝,1
2601,枯,2666,桂,1
2601,枯,2679,桔,1
2601,枯,2704,梧,1
2601,枯,3507,牯,1
2601,枯,4143,祜,1
2601,枯,4203,稆,1
2602,枰,2574,杵,1
2603,枳,117,仄,1
2603,枳,2599,枫,1
2603,枳,2659,核,1
2605,架,6850,驿,1
2606,枷,2555,材,1
2606,枷,2649,栖,1
2606,枷,2769,榀,1
2607,枸,2129,拘,1
2607,枸,2557,杓,1
2608,柁,2566,杨,1
2608,柁,2589,枚,1
2608,柁,2598,枪,1
2609,柃,2123,拐,1
2610,柄,2742,椒,1
2610,柄,4195,称,1
2611,柈,2658,样,1
2612,柏,2579,板,1
2612,柏,2581,构,1
2612,柏,2595,枥,1
2612,柏,2598,枪,1
2612,柏,2607,枸,1
2612,柏,2621,柜,1
2612,柏,2622,柝,1
2612,柏,2763,楯,1
2612,柏,3934,相,1
2613,某,2537,末,1
2613,某,4945,芏,1
2613,某,4950,芙,1
2613,某,5019,茉,1
2614,柑,2116,拇,1
2614,柑,2121,拍,1
2615,柒,2543,朵,1
2615,柒,2616,染,1
2615,柒,2633,柴,1
2615,柒,3064,洙,1
2615,柒,3192,渠,1
2615,柒,3198,渫,1
2615,柒,4940,芈,1
2615,柒,5645,诗,1
2616,染,809,哚,1
2616,染,1305,娑,1
2616,染,2689,桨,1
2616,染,3643,珠,1
2616,染,4759,胄,1
2617,柔,1459,寻,1
2617,柔,2600,枭,1
2618,柘,2125,拓,1
2619,柙,2203,捭,1
2620,柚,1269,妯,1
2621,柜,2575,杷,1
2621,柜,2593,枢,1
2621,柜,2627,柩,1
2621,柜,2670,框,1
2621,柜,3806,疱,1
2621,柜,5613,讵,1
2623,柞,2112,拃,1
2623,柞,2739,椎,1
2623,柞,2784,榫,1
2624,柠,430,凝,1
2624,柠,2566,杨,1
2624,柠,2567,杩,1
2624,柠,2638,标,1
2624,柠,2672,桉,1
2624,柠,2720,棕,1
2625,柢,2076,扺,1
2626,查,1226,奋,1
2626,查,3913,盉,1
2626,查,4699,耷,1
2626,查,5006,苴,1
2628,柬,4097,碱,1
2628,柬,5957,軎,1
2629,柯,2129,拘,1
2629,柯,2218,掎,1
2629,柯,2568,杪,1
2629,柯,2619,柙,1
2629,柯,2649,栖,1
2629,柯,2654,栩,1
2629,柯,2697,梅,1
2629,柯,2815,樽,1
2629,柯,4197,移,1
2629,柯,5491,袗,1
2629,柯,5970,轲,1
2630,柰,1230,奔,1
2630,柰,2553,李,1
2631,柱,1075,垃,1
2631,柱,1545,岿,1
2631,柱,2565,杧,1
2631,柱,2568,杪,1
2631,柱,2634,柽,1
2631,柱,2645,栏,1
2631,柱,2648,栓,1
2631,柱,2661,格,1
2631,柱,2666,桂,1
2631,柱,2728,棰,1
2632,柳,2595,枥,1
2632,柳,2623,柞,1
2632,柳,2635,柿,1
2633,柴,1624,巽,1
2633,柴,2543,朵,1
2633,柴,2791,槊,1
2635,柿,2070,扮,1
2635,柿,2632,柳,1
2635,柿,2737,椋,1
2636,栀,612,卺,1
2637,栅,2766,楸,1
2638,标,1376,存,1
2638,标,2156,持,1
2638,标,2553,李,1
2638,标,2570,杯,1
2638,标,2587,林,1
2638,标,2622,柝,1
2638,标,2642,栋,1
2638,标,2644,栎,1
2638,标,2658,样,1
2638,标,3545,狝,1
2638,标,4395,籽,1
2639,栈,1844,怅,1
2639,栈,2078,找,1
2639,栈,2106,抹,1
2639,栈,2672,桉,1
2639,栈,2682,桡,1
2639,栈,2728,棰,1
2640,栉,2111,拂,1
2640,栉,2577,杼,1
2641,栊,2569,杭,1
2642,栋,2655,株,1
2644,栎,2583,枉,1
2644,栎,2625,柢,1
2644,栎,2697,梅,1
2645,栏,34,丰,1
2645,栏,2118,拉,1
2645,栏,2648,栓,1
2645,栏,2685,桤,1
2645,栏,2713,检,1
2645,栏,3392,烂,1
2645,栏,3955,眭,1
2646,树,1819,忖,1
2646,树,2556,村,1
2646,树,2667,桃,1
2647,栒,2129,拘,1
2648,栓,1942,惟,1
2648,栓,2118,拉,1
2648,栓,2631,柱,1
2648,栓,2634,柽,1
2648,栓,2675,桎,1
2648,栓,2713,检,1
2648,栓,2728,棰,1
2649,栖,791,哂,1
2649,栖,2127,拖,1
2649,栖,2194,捐,1
2649,栖,2610,柄,1
2649,栖,2620,柚,1
2649,栖,3934,相,1
2650,栗,2671,案,1
2650,栗,4608,罘,1
2650,栗,5163,葖,1
2651,栝,999,囗,1
2651,栝,2644,栎,1
2651,栝,2661,格,1
2653,校,34,丰,1
2653,校,427,减,1
2653,校,1558,峧,1
2653,校,2089,投,1
2653,校,2220,掐,1
2653,校,2364,救,1
2653,校,2589,枚,1
2653,校,2729,棱,1
2653,校,2768,楼,1
2655,株,2106,抹,1
2655,株,2699,梏,1
2655,株,2712,梾,1
2655,株,2730,棵,1
2655,株,4187,秣,1
2656,栲,2604,枵,1
2657,栳,2682,桡,1
2658,样,2101,抨,1
2658,样,2191,捍,1
2658,样,2602,枰,1
2658,样,2611,柈,1
2658,样,2700,梓,1
2658,样,2707,梯,1
2658,样,2793,槎,1
2659,核,1083,垓,1
2659,核,1388,孩,1
2659,核,2589,枚,1
2659,核,2631,柱,1
2659,核,2653,校,1
2659,核,2668,桄,1
2659,核,2672,桉,1
2659,核,2729,棱,1
2659,核,6582,陔,1
2660,根,608,却,1
2660,根,1088,垠,1
2660,根,2732,棺,1
2660,根,2770,概,1
2660,根,4201,稂,1
2661,格,2154,拾,1
2661,格,2584,枋,1
2661,格,2699,梏,1
2661,格,2704,梧,1
2661,格,3512,牾,1
2665,桁,2577,杼,1
2665,桁,2624,柠,1
2666,桂,1092,垤,1
2666,桂,2113,拄,1
2666,桂,2559,杜,1
2666,桂,2565,杧,1
2666,桂,2651,栝,1
2666,桂,2704,梧,1
2666,桂,2711,梽,1
2666,桂,2724,棣,1
2666,桂,2752,楂,1
2666,桂,2768,楼,1
2667,桃,2654,栩,1
2667,桃,5140,萄,1
2668,桄,2682,桡,1
2668,桄,2683,桢,1
2669,桅,2077,扼,1
2669,桅,2598,枪,1
2669,桅,2618,柘,1
2670,框,1726,廿,1
2670,框,2593,枢,1
2670,框,2740,椐,1
2670,框,3792,疝,1
2671,案,105,亲,1
2671,案,1428,宰,1
2671,案,1544,岽,1
2671,案,1667,干,1
2671,案,2695,梁,1
2671,案,4152,祭,1
2671,案,4250,窠,1
2674,桌,587,单,1
2674,桌,3020,泉,1
2676,桐,1080,垌,1
2676,桐,2129,拘,1
2676,桐,2138,拥,1
2676,桐,2237,掴,1
2676,桐,2772,榆,1
2677,桑,1460,导,1
2677,桑,2617,柔,1
2677,桑,3746,甬,1
2678,桓,2114,担,1
2678,桓,2124,拒,1
2678,桓,2146,拯,1
2678,桓,2612,柏,1
2678,桓,2680,桕,1
2678,桓,2713,检,1
2678,桓,2731,棹,1
2678,桓,2738,植,1
2678,桓,3080,洹,1
2679,桔,1867,怯,1
2679,桔,2158,指,1
2679,桔,2657,栳,1
2679,桔,2724,棣,1
2679,桔,2800,槠,1
2679,桔,4196,秸,1
2680,桕,2607,枸,1
2680,桕,2623,柞,1
2681,桠,3828,痖,1
2682,桡,236,侥,1
2683,桢,2659,核,1
2684,档,1278,姑,1
2684,档,2566,杨,1
2684,档,2685,桤,1
2684,档,2736,椅,1
2684,档,2812,樯,1
2685,桤,2668,桄,1
2686,桥,1301,娇,1
2686,桥,2224,掠,1
2686,桥,2651,栝,1
2687,桦,805,哔,1
2687,桦,2602,枰,1
2687,桦,3405,烨,1
2688,桧,2609,柃,1
2688,桧,3558,狳,1
2690,桩,2565,杧,1
2690,桩,2569,杭,1
2690,桩,2623,柞,1
2690,桩,2631,柱,1
2690,桩,2643,栌,1
2692,桴,4202,稃,1
2693,桶,2086,抒,1
2693,桶,2194,捐,1
2693,桶,2577,杼,1
2693,桶,2649,栖,1
2693,桶,2762,楮,1
2693,桶,2790,槁,1
2694,桷,2693,桶,1
2695,梁,2590,果,1
2695,梁,3238,溧,1
2695,梁,4610,罟,1
2695,梁,5683,课,1
2697,梅,590,博,1
2697,梅,1834,忸,1
2697,梅,2116,拇,1
2697,梅,2194,捐,1
2697,梅,2401,方,1
2697,梅,2670,框,1
2697,梅,2768,楼,1
2697,梅,5089,莓,1
2697,梅,5594,讠,1
2698,梆,2075,批,1
2698,梆,2619,柙,1
2698,梆,2696,梃,1
2698,梆,6144,邶,1
2698,梆,6175,郴,1
2699,梏,2604,枵,1
2700,梓,4414,粹,1
2701,梗,2672,桉,1
2701,梗,4413,粳,1
2701,梗,6201,酒,1
2702,梢,1905,悄,1
2702,梢,2555,材,1
2702,梢,2584,枋,1
2702,梢,2622,柝,1
2702,梢,2694,桷,1
2702,梢,2758,楠,1
2703,梦,2699,梏,1
2703,梦,2734,棼,1
2703,梦,2755,楚,1
2704,梧,2149,拴,1
2704,梧,2603,枳,1
2704,梧,2651,栝,1
2704,梧,2661,格,1
2704,梧,3512,牾,1
2704,梧,4682,耘,1
2705,梨,2791,槊,1
2705,梨,3500,牟,1
2705,梨,3515,犁,1
2706,梭,2579,板,1
2706,梭,2591,枝,1
2706,梭,2672,桉,1
2706,梭,3563,狻,1
2706,梭,3637,珍,1
2707,梯,2245,揉,1
2707,梯,2635,柿,1
2707,梯,2728,棰,1
2707,梯,2736,椅,1
2707,梯,2768,楼,1
2707,梯,3469,燥,1
2708,械,611,卸,1
2708,械,1108,城,1
2708,械,2641,栊,1
2709,梳,2220,掐,1
2709,梳,2659,核,1
2709,梳,4073,硫,1
2711,梽,2656,栲,1
2712,梾,2721,棘,1
2713,检,1077,垅,1
2713,检,2095,抟,1
2713,检,2118,拉,1
2713,检,2145,拮,1
2713,检,2628,柬,1
2713,检,2645,栏,1
2713,检,2769,榀,1
2713,检,3968,睑,1
2714,棁,1919,悦,1
2714,棁,2668,桄,1
2714,棁,4206,税,1
2716,棉,1642,帛,1
2716,棉,2635,柿,1
2716,棉,2707,梯,1
2716,棉,2741,椑,1
2716,棉,2795,槔,1
2717,棋,2193,捏,1
2717,棋,2305,摸,1
2717,棋,2749,椹,1
2718,棍,2335,擐,1
2720,棕,2308,摽,1
2720,棕,2735,椁,1
2720,棕,2781,榜,1
2720,棕,2799,槟,1
2720,棕,2823,橡,1
2720,棕,2837,檫,1
2721,棘,4269,竦,1
2722,棚,1134,堋,1
2722,棚,2177,挪,1
2723,棠,1130,堂,1
2723,棠,1671,幸,1
2723,棠,3497,牚,1
2723,棠,4402,粜,1
2725,棨,5042,茶,1
2727,森,4657,翥,1
2727,森,5073,荪,1
2729,棱,2089,投,1
2729,棱,2641,栊,1
2729,棱,2653,校,1
2729,棱,2706,梭,1
2729,棱,2757,楞,1
2730,棵,2175,挦,1
2730,棵,2301,摞,1
2730,棵,2686,桥,1
2731,棹,1930,悼,1
2732,棺,2636,栀,1
2732,棺,2648,栓,1
2732,棺,2737,椋,1
2732,棺,2807,樘,1
2735,椁,1933,惇,1
2736,椅,2790,槁,1
2736,椅,3516,犄,1
2737,椋,1934,惊,1
2737,椋,2638,标,1
2737,椋,2823,橡,1
2738,植,1123,埴,1
2738,植,2248,描,1
2738,植,2263,揸,1
2738,植,2552,杌,1
2738,植,2566,杨,1
2738,植,2880,殖,1
2738,植,4488,组,1
2739,椎,2592,枞,1
2739,椎,2623,柞,1
2739,椎,2631,柱,1
2739,椎,2690,桩,1
2739,椎,2814,樵,1
2740,椐,2204,据,1
2740,椐,2651,栝,1
2740,椐,4824,腒,1
2741,椑,2203,捭,1
2741,椑,2731,棹,1
2742,椒,274,俶,1
2742,椒,2316,撖,1
2742,椒,2680,桕,1
2742,椒,2772,榆,1
2743,椟,2753,楔,1
2744,椠,1138,堑,1
2746,椭,2337,擗,1
2746,椭,2738,植,1
2746,椭,6134,邦,1
2747,椰,2629,柯,1
2747,椰,2632,柳,1
2747,椰,2746,椭,1
2747,椰,5988,辄,1
2747,椰,6154,郇,1
2747,椰,6175,郴,1
2748,椴,2285,搬,1
2748,椴,3431,煅,1
2750,椽,2737,椋,1
2750,椽,4217,稼,1
2751,椿,4417,精,1
2751,椿,5526,裼,1
2752,楂,2738,植,1
2753,楔,6437,锲,1
2754,楗,2724,棣,1
2755,楚,3677,琶,1
2755,楚,5132,菱,1
2755,楚,5789,费,1
2757,楞,416,冷,1
2757,楞,2275,搒,1
2757,楞,2806,樗,1
2758,楠,2694,桷,1
2759,楣,2761,楫,1
2759,楣,2763,楯,1
2760,楦,2829,檀,1
2761,楫,2251,揖,1
2765,楷,2804,槿,1
2765,楷,3680,瑁,1
2768,楼,2156,持,1
2768,楼,2657,栳,1
2768,楼,2672,桉,1
2768,楼,2724,棣,1
2769,榀,2566,杨,1
2769,榀,2603,枳,1
2769,榀,2789,榻,1
2771,榄,2685,桤,1
2771,榄,2714,棁,1
2773,榇,2624,柠,1
2773,榇,2720,棕,1
2774,榈,2647,栒,1
2774,榈,2676,桐,1
2775,榉,2640,栉,1
2775,榉,2808,樟,1
2776,榍,2298,摒,1
2777,榔,2059,扔,1
2777,榔,2698,梆,1
2778,榕,2163,挖,1
2778,榕,2659,核,1
2778,榕,2737,椋,1
2778,榕,2783,榨,1
2778,榕,2793,槎,1
2778,榕,2837,檫,1
2778,榕,3578,猞,1
2780,榛,1976,愫,1
2780,榛,2201,捧,1
2780,榛,2712,梾,1
2781,榜,2604,枵,1
2783,榨,2623,柞,1
2783,榨,2739,椎,1
2783,榨,2760,楦,1
2784,榫,2773,榇,1
2784,榫,2828,橼,1
2787,榴,2194,捐,1
2787,榴,6464,镏,1
2788,榷,329,傩,1
2788,榷,1942,惟,1
2788,榷,6630,雒,1
2790,槁,2280,搞,1
2790,槁,2829,檀,1
2793,槎,2276,搓,1
2794,槐,2291,摁,1
2794,槐,6921,鬼,1
2797,槛,2685,桤,1
2800,槠,2738,植,1
2800,槠,2762,楮,1
2803,槽,2307,摺,1
2803,槽,2349,攮,1
2803,槽,2762,楮,1
2805,樊,4647,翌,1
2808,樟,1354,嫜,1
2808,樟,2299,摔,1
2808,樟,3596,獐,1
2809,模,2193,捏,1
2809,模,2275,搒,1
2809,模,2717,棋,1
2809,模,2729,棱,1
2809,模,2743,椟,1
2809,模,2786,榱,1
2809,模,4427,糗,1
2810,樨,1087,垟,1
2810,樨,2223,掘,1
2810,樨,2828,橼,1
2811,横,2186,捅,1
2811,横,2276,搓,1
2811,横,2678,桓,1
2811,横,3305,潢,1
2811,横,5465,衡,1
2813,樱,2745,椤,1
2814,樵,2670,框,1
2814,樵,2681,桠,1
2814,樵,2760,楦,1
2814,樵,2831,檎,1
2815,樽,2810,樨,1
2816,樾,2835,檠,1
2817,橄,2618,柘,1
2819,橐,2822,橛,1
2820,橘,1169,墒,1
2820,橘,2833,檑,1
2821,橙,2244,揆,1
2821,橙,2275,搒,1
2822,橛,2713,检,1
2823,橡,2224,掠,1
2823,橡,2242,掾,1
2823,橡,2273,搏,1
2823,橡,2737,椋,1
2825,橦,1914,悝,1
2825,橦,1997,憧,1
2825,橦,2318,撞,1
2826,橱,2646,树,1
2827,橹,2327,撸,1
2827,橹,2815,樽,1
2828,橼,2566,杨,1
2828,橼,2833,檑,1
2829,檀,1092,垤,1
2830,檄,2748,椴,1
2831,檎,2697,梅,1
2831,檎,2827,橹,1
2832,檐,2271,搋,1
2832,檐,2293,摅,1
2832,檐,2790,槁,1
2832,檐,2810,樨,1
2833,檑,2834,檗,1
2834,檗,2692,桴,1
2834,檗,2725,棨,1
2834,檗,4977,苄,1
2835,檠,2334,擎,1
2836,檩,2009,懔,1
2836,檩,2308,摽,1
2836,檩,2773,榇,1
2837,檫,2342,擦,1
2837,檫,2775,榉,1
2837,檫,3589,猷,1
2838,檬,1666,幪,1
2838,檬,2242,掾,1
2840,欠,1672,幺,1
2840,欠,2352,攵,1
2841,次,6719,须,1
2842,欢,719,吹,1
2842,欢,826,哽,1
2842,欢,2701,梗,1
2842,欢,2841,次,1
2842,欢,3616,玟,1
2842,欢,5555,观,1
2843,欣,223,侄,1
2843,欣,2844,欤,1
2843,欣,4031,砍,1
2843,欣,4194,积,1
2843,欣,4453,纟,1
2843,欣,4749,肷,1
2843,欣,6789,饮,1
2844,欤,5967,软,1
2845,欧,311,做,1
2845,欧,2887,殴,1
2845,欧,3367,炊,1
2845,欧,3612,玖,1
2846,欲,1803,微,1
2846,欲,2357,放,1
2846,欲,4031,砍,1
2846,欲,4148,祢,1
2846,欲,6406,锒,1
2846,欲,6789,饮,1
2846,欲,7045,鸰,1
2851,款,2061,扛,1
2851,款,2366,敖,1
2851,款,2849,欹,1
2851,款,2856,歌,1
2851,款,6728,预,1
2853,歆,6711,韵,1
2854,歇,1366,嬲,1
2854,歇,2374,敫,1
2854,歇,2846,欲,1
2854,歇,2856,歌,1
2854,歇,6746,颙,1
2855,歉,4637,羰,1
2855,歉,4879,致,1
2856,歌,1745,弥,1
2856,歌,2843,欣,1
2856,歌,2849,欹,1
2858,止,79,二,1
2858,止,1514,山,1
2858,止,5603,让,1
2858,止,5805,赉,1
2859,正,563,匝,1
2859,正,570,匹,1
2859,正,635,厶,1
2859,正,1611,工,1
2860,此,707,吨,1
2860,此,1468,少,1
2860,此,1516,屺,1
2860,此,2963,池,1
2860,此,3499,牝,1
2860,此,6147,邺,1
2860,此,7169,龀,1
2861,步,98,产,1
2861,步,1473,尚,1
2861,步,1518,岁,1
2861,步,3490,片,1
2861,步,4298,笱,1
2861,步,4391,米,1
2861,步,4518,绣,1
2861,步,4745,肯,1
2862,武,1296,威,1
2862,武,1736,式,1
2862,武,2025,或,1
2862,武,2710,梵,1
2863,歧,1058,坟,1
2863,歧,1568,崎,1
2864,歪,705,否,1
2864,歪,4878,至,1
2864,歪,5092,莛,1
2865,歹,644,友,1
2865,歹,1518,岁,1
2866,死,1373,孔,1
2866,死,4469,纰,1
2867,歼,1243,奸,1
2867,歼,4021,矸,1
2867,歼,4050,砰,1
2867,歼,4084,碑,1
2867,歼,4455,纡,1
2868,殁,649,取,1
2868,殁,2869,殂,1
2869,殂,2873,殇,1
2870,殃,1849,怏,1
2870,殃,4068,硖,1
2870,殃,5974,轶,1
2871,殄,2879,殓,1
2871,殄,4090,碜,1
2871,殄,4765,胗,1
2872,殆,2877,殍,1
2872,殆,6851,骀,1
2874,殉,1383,孢,1
2874,殉,4023,矽,1
2875,殊,2870,殃,1
2875,殊,5649,诛,1
2876,残,2020,戏,1
2876,残,3549,狨,1
2876,残,4483,线,1
2876,残,6790,饯,1
2877,殍,4810,脬,1
2878,殒,6724,颀,1
2884,殣,6821,馑,1
2887,殴,5563,觋,1
2888,段,157,伋,1
2888,段,245,侵,1
2888,段,648,叔,1
2888,段,1778,役,1
2888,段,2362,敌,1
2888,段,2580,极,1
2888,段,2868,殁,1
2888,段,2887,殴,1
2888,段,3504,牧,1
2888,段,6315,钱,1
2890,殿,6724,颀,1
2891,毁,4499,经,1
2892,毂,1756,彀,1
2892,毂,4220,穀,1
2893,毅,4267,竣,1
2894,毋,1260,妞,1
2894,毋,3742,用,1
2894,毋,4719,肀,1
2895,母,17,世,1
2895,母,392,冈,1
2895,母,1005,因,1
2895,母,1260,妞,1
2896,每,77,争,1
2896,每,1004,囟,1
2896,每,2934,氧,1
2896,每,3500,牟,1
2896,每,4897,舟,1
2896,每,4930,色,1
2897,毐,598,卤,1
2897,毐,2894,毋,1
2898,毒,6663,青,1
2900,比,63,乜,1
2900,比,1052,块,1
2900,比,2860,此,1
2900,比,2947,汁,1
2900,比,2963,池,1
2900,比,5298,虬,1
2901,毕,579,午,1
2901,毕,1119,埠,1
2901,毕,4941,芊,1
2902,毖,1408,宓,1
2902,毖,1824,忠,1
2902,毖,2909,毯,1
2904,毙,5373,蜕,1
2905,毛,41,主,1
2906,毡,6325,钻,1
2906,毡,6721,顽,1
2908,毫,418,冼,1
2908,毫,4268,童,1
2909,毯,2913,毽,1
2909,毯,2915,氆,1
2911,毵,1797,徙,1
2916,氇,2915,氆,1
2918,氏,113,什,1
2918,氏,1606,巛,1
2918,氏,2900,比,1
2918,氏,2947,汁,1
2918,氏,5595,计,1
2919,氐,2918,氏,1
2920,民,4927,艮,1
2921,氓,1088,垠,1
2921,氓,3114,浪,1
2921,氓,5799,赃,1
2922,气,6,三,1
2924,氖,452,分,1
2924,氖,1761,彖,1
2924,氖,2928,氛,1
2925,氘,2927,氚,1
2926,氙,2929,氟,1
2926,氙,2932,氤,1
2928,氛,1761,彖,1
2928,氛,2930,氡,1
2928,氛,2933,氦,1
2928,氛,2938,氮,1
2928,氛,4232,穿,1
2928,氛,4296,第,1
2928,氛,4299,笳,1
2929,氟,2935,氨,1
2930,氡,1761,彖,1
2930,氡,2938,氮,1
2931,氢,1732,弇,1
2931,氢,2923,氕,1
2931,氢,2924,氖,1
2931,氢,2936,氩,1
2931,氢,2937,氪,1
2933,氦,2935,氨,1
2934,氧,2937,氪,1
2934,氧,2939,氯,1
2934,氧,4179,秉,1
2935,氨,2467,晏,1
2935,氨,2926,氙,1
2935,氨,2928,氛,1
2935,氨,6281,钍,1
2936,氩,2931,氢,1
2936,氩,2934,氧,1
2937,氪,2933,氦,1
2938,氮,2617,柔,1
2938,氮,2933,氦,1
2938,氮,2937,氪,1
2938,氮,4173,禽,1
2938,氮,5525,裹,1
2938,氮,6335,铅,1
2939,氯,1860,急,1
2939,氯,2923,氕,1
2939,氯,2933,氦,1
2939,氯,2934,氧,1
2939,氯,2935,氨,1
2939,氯,2941,氲,1
2940,氰,2924,氖,1
2940,氰,2941,氲,1
2941,氲,1421,宣,1
2942,水,677,叻,1
2942,水,2052,手,1
2944,永,593,卟,1
2946,汀,2,丁,1
2946,汀,57,乒,1
2946,汀,546,勹,1
2946,汀,2943,氵,1
2946,汀,3009,河,1
2947,汁,4457,纣,1
2947,汁,5602,讨,1
2948,求,198,佘,1
2948,求,2961,汞,1
2948,求,6073,逑,1
2950,汇,1373,孔,1
2950,汇,2955,汔,1
2950,汇,2959,汜,1
2950,汇,3371,炕,1
2950,汇,4464,纪,1
2950,汇,5618,论,1
2951,汈,2969,汭,1
2951,汈,3102,浔,1
2952,汉,45,乂,1
2952,汉,118,仅,1
2952,汉,999,囗,1
2952,汉,6760,风,1
2953,汊,2952,汉,1
2954,汐,2995,没,1
2954,汐,3016,沿,1
2954,汐,4023,矽,1
2955,汔,2975,汽,1
2955,汔,3120,浼,1
2956,汕,133,仙,1
2956,汕,140,以,1
2956,汕,409,冯,1
2956,汕,1808,心,1
2956,汕,2959,汜,1
2956,汕,2974,汹,1
2956,汕,2992,沚,1
2956,汕,3011,油,1
2956,汕,3150,涵,1
2956,汕,5636,诎,1
2957,汗,2060,托,1
2957,汗,2947,汁,1
2957,汗,3356,灯,1
2957,汗,5595,计,1
2957,汗,5616,许,1
2958,汛,2966,汨,1
2958,汛,3042,泯,1
2958,汛,3078,洴,1
2958,汛,4462,纨,1
2960,汝,1677,庀,1
2960,汝,2985,沌,1
2960,汝,3048,泷,1
2960,汝,3088,浅,1
2960,汝,4477,纸,1
2960,汝,5607,议,1
2960,汝,5617,讹,1
2960,汝,6288,钕,1
2961,汞,1760,录,1
2961,汞,2079,承,1
2962,江,431,几,1
2962,江,2946,汀,1
2962,江,4456,红,1
2962,江,5741,豇,1
2963,池,130,他,1
2963,池,3018,泄,1
2964,污,82,亏,1
2964,污,409,冯,1
2964,污,1032,圬,1
2964,污,1613,巧,1
2964,污,2946,汀,1
2964,污,3794,疠,1
2964,污,5625,诂,1
2965,汤,1039,场,1
2965,汤,2951,汈,1
2965,汤,2976,汾,1
2965,汤,6516,闵,1
2966,汨,2420,旧,1
2966,汨,3006,沮,1
2966,汨,3017,泃,1
2966,汨,3039,泪,1
2966,汨,4490,细,1
2967,汩,3021,泊,1
2967,汩,3039,泪,1
2967,汩,6509,问,1
2967,汩,6562,阳,1
2968,汪,411,冱,1
2968,汪,1034,圮,1
2968,汪,2957,汗,1
2968,汪,2979,沃,1
2968,汪,2982,沆,1
2968,汪,2992,沚,1
2968,汪,3036,泣,1
2968,汪,3080,洹,1
2968,汪,3182,渌,1
2968,汪,5601,讧,1
2968,汪,6036,迕,1
2969,汭,3011,油,1
2970,汰,732,呔,1
2970,汰,1207,太,1
2970,汰,2979,沃,1
2970,汰,3048,泷,1
2971,汲,646,反,1
2971,汲,2951,汈,1
2971,汲,2952,汉,1
2971,汲,2954,汐,1
2971,汲,3001,沨,1
2971,汲,3042,泯,1
2971,汲,3137,涡,1
2971,汲,5638,诐,1
2971,汲,6129,邛,1
2971,汲,6506,闪,1
2972,汴,2946,汀,1
2973,汶,2355,改,1
2973,汶,2952,汉,1
2973,汶,4478,纹,1
2974,汹,2959,汜,1
2974,汹,2990,沘,1
2974,汹,3014,沽,1
2974,汹,3022,泌,1
2974,汹,3029,泚,1
2974,汹,3057,洇,1
2974,汹,3150,涵,1
2974,汹,5604,讪,1
2975,汽,137,仡,1
2975,汽,3000,沧,1
2975,汽,3030,泛,1
2975,汽,3036,泣,1
2975,汽,3110,浣,1
2975,汽,3260,滗,1
2975,汽,4514,统,1
2976,汾,2951,汈,1
2976,汾,3023,泐,1
2976,汾,3619,玢,1
2976,汾,5640,诒,1
2977,沁,117,仄,1
2977,沁,2955,汔,1
2977,沁,2985,沌,1
2977,沁,3076,洲,1
2977,沁,3356,灯,1
2977,沁,3628,玳,1
2977,沁,5604,讪,1
2978,沂,2393,斤,1
2978,沂,3027,泖,1
2978,沂,3031,泜,1
2978,沂,3075,洱,1
2978,沂,3785,疑,1
2978,沂,3787,疔,1
2978,沂,5610,讲,1
2979,沃,1214,头,1
2979,沃,2953,汊,1
2979,沃,3050,泺,1
2979,沃,3087,浃,1
2979,沃,5303,虻,1
2980,沄,3030,泛,1
2980,沄,4467,纭,1
2981,沅,2982,沆,1
2981,沅,3622,玩,1
2981,沅,5609,记,1
2982,沆,2972,汴,1
2983,沈,1630,帆,1
2983,沈,2950,汇,1
2983,沈,3037,泥,1
2983,沈,3044,泱,1
2983,沈,3086,流,1
2983,沈,3212,湖,1
2984,沉,399,冗,1
2984,沉,712,吮,1
2984,沉,2841,次,1
2984,沉,3001,沨,1
2984,沉,3039,泪,1
2985,沌,4468,纯,1
2987,沐,2972,汴,1
2987,沐,2993,沛,1
2987,沐,3041,泮,1
2987,沐,3068,洣,1
2987,沐,4269,竦,1
2990,沘,4469,纰,1
2991,沙,717,吵,1
2991,沙,2956,汕,1
2991,沙,3009,河,1
2991,沙,3098,浐,1
2991,沙,3940,眇,1
2992,沚,2956,汕,1
2992,沚,5624,证,1
2993,沛,1627,市,1
2993,沛,2976,汾,1
2993,沛,2996,沣,1
2993,沛,5485,袆,1
2993,沛,5611,讳,1
2993,沛,5622,访,1
2994,沟,203,佝,1
2994,沟,3118,海,1
2994,沟,3163,淘,1
2995,没,1361,嫫,1
2995,没,1778,役,1
2995,没,2089,投,1
2995,没,2355,改,1
2995,没,2616,染,1
2995,没,2973,汶,1
2995,没,3002,沩,1
2995,没,3030,泛,1
2995,没,3107,浞,1
2996,沣,3069,津,1
2996,沣,3083,洼,1
2997,沤,427,减,1
2997,沤,2900,比,1
2997,沤,2962,江,1
2997,沤,2974,汹,1
2997,沤,2985,沌,1
2997,沤,3031,泜,1
2997,沤,5624,证,1
2998,沥,734,呖,1
2998,沥,2991,沙,1
2998,沥,3027,泖,1
2998,沥,6506,闪,1
2999,沦,3008,沲,1
2999,沦,3034,泡,1
2999,沦,3216,湝,1
2999,沦,5613,讵,1
3000,沧,738,呛,1
3000,沧,1399,它,1
3000,沧,1476,尢,1
3000,沧,1845,怆,1
3000,沧,2955,汔,1
3000,沧,3008,沲,1
3000,沧,5641,诓,1
3001,沨,2974,汹,1
3003,沪,1065,坪,1
3003,沪,2991,沙,1
3003,沪,3098,浐,1
3003,沪,3786,疒,1
3003,沪,5616,许,1
3004,沫,3044,泱,1
3004,沫,3064,洙,1
3004,沫,3087,浃,1
3004,沫,3127,涑,1
3004,沫,3134,涞,1
3004,沫,5602,讨,1
3004,沫,5611,讳,1
3004,沫,5649,诛,1
3005,沭,3529,状,1
3005,沭,5633,诋,1
3005,沭,6039,进,1
3006,沮,1689,庖,1
3006,沮,2967,汩,1
3006,沮,3060,洎,1
3006,沮,3150,涵,1
3006,沮,5603,让,1
3006,沮,6326,钼,1
3007,沱,1063,坨,1
3007,沱,3000,沧,1
3007,沱,3034,泡,1
3007,沱,5661,诧,1
3009,河,196,何,1
3009,河,451,刃,1
3009,河,658,句,1
3009,河,2946,汀,1
3009,河,2964,污,1
3009,河,3059,洌,1
3009,河,3067,洞,1
3009,河,3128,涓,1
3009,河,3633,珂,1
3009,河,4476,纷,1
3009,河,5614,讶,1
3009,河,6504,门,1
3009,河,6515,间,1
3010,沸,3049,泸,1
3010,沸,5611,讳,1
3011,油,2966,汨,1
3011,油,2974,汹,1
3011,油,4490,细,1
3012,治,179,估,1
3012,治,3082,活,1
3012,治,3153,淀,1
3012,治,3210,湓,1
3012,治,5637,诏,1
3013,沼,214,佰,1
3013,沼,2959,汜,1
3014,沽,2951,汈,1
3014,沽,3026,法,1
3014,沽,3116,浯,1
3014,沽,3613,玙,1
3014,沽,4503,结,1
3014,沽,5644,诖,1
3014,沽,5646,诘,1
3015,沾,415,冶,1
3015,沾,2976,汾,1
3015,沾,2991,沙,1
3015,沾,3012,治,1
3015,沾,3014,沽,1
3015,沾,3036,泣,1
3015,沾,4263,站,1
3015,沾,5039,茳,1
3015,沾,5625,诂,1
3015,沾,5653,诟,1
3015,沾,6568,阽,1
3016,沿,2984,沉,1
3016,沿,2992,沚,1
3016,沿,3017,泃,1
3016,沿,3084,洽,1
3016,沿,5637,诏,1
3016,沿,5640,诒,1
3016,沿,5689,谄,1
3017,泃,2951,汈,1
3017,泃,2967,汩,1
3017,泃,2994,沟,1
3018,泄,2959,汜,1
3018,泄,3051,泻,1
3019,泅,2420,旧,1
3019,泅,2951,汈,1
3019,泅,2966,汨,1
3019,泅,3025,泔,1
3019,泅,3039,泪,1
3019,泅,3056,洄,1
3019,泅,3057,洇,1
3019,泅,3060,洎,1
3020,泉,1469,尔,1
3020,泉,3373,炙,1
3020,泉,5953,躬,1
3021,泊,1081,垍,1
3021,泊,1094,垧,1
3021,泊,2951,汈,1
3021,泊,2954,汐,1
3021,泊,2966,汨,1
3021,泊,3012,治,1
3021,泊,3017,泃,1
3021,泊,3073,洫,1
3021,泊,3128,涓,1
3021,泊,3209,湎,1
3021,泊,5686,谁,1
3022,泌,2841,次,1
3022,泌,2974,汹,1
3022,泌,2991,沙,1
3022,泌,3001,沨,1
3022,泌,3002,沩,1
3022,泌,3074,洮,1
3022,泌,4474,纵,1
3024,泓,3059,洌,1
3024,泓,6510,闯,1
3025,泔,2966,汨,1
3025,泔,4484,绀,1
3026,法,143,仫,1
3026,法,418,冼,1
3026,法,2980,沄,1
3026,法,2985,沌,1
3026,法,3040,泫,1
3026,法,3055,洁,1
3026,法,3093,浊,1
3026,法,3095,浍,1
3026,法,5646,诘,1
3028,泗,3056,洄,1
3029,泚,2860,此,1
3029,泚,2990,沘,1
3030,泛,2975,汽,1
3030,泛,3000,沧,1
3030,泛,3194,渣,1
3030,泛,4499,经,1
3031,泜,4477,纸,1
3031,泜,5617,讹,1
3032,泞,1613,巧,1
3032,泞,2069,扭,1
3032,泞,2954,汐,1
3032,泞,2969,汭,1
3032,泞,5622,访,1
3033,泠,5704,谔,1
3034,泡,551,包,1
3034,泡,2104,抱,1
3034,泡,2959,汜,1
3034,泡,3007,沱,1
3034,泡,3111,浥,1
3034,泡,4771,胞,1
3034,泡,6792,饱,1
3035,波,157,伋,1
3035,波,2971,汲,1
3035,波,3001,沨,1
3035,波,3028,泗,1
3035,波,3052,泼,1
3035,波,3242,溲,1
3035,波,6571,陂,1
3036,泣,190,位,1
3036,泣,2982,沆,1
3036,泣,3015,沾,1
3036,泣,3040,泫,1
3036,泣,4231,空,1
3036,泣,5662,诨,1
3037,泥,1067,坭,1
3037,泥,1268,妮,1
3037,泥,1492,屁,1
3037,泥,2921,氓,1
3037,泥,2959,汜,1
3037,泥,2971,汲,1
3037,泥,3024,泓,1
3037,泥,3048,泷,1
3037,泥,3107,浞,1
3038,注,1678,庄,1
3038,注,2955,汔,1
3038,注,2968,汪,1
3038,注,2975,汽,1
3038,注,2982,沆,1
3038,注,2999,沦,1
3038,注,3036,泣,1
3038,注,3173,淮,1
3038,注,4473,纴,1
3038,注,4499,经,1
3038,注,5644,诖,1
3038,注,6036,迕,1
3039,泪,2522,月,1
3039,泪,2729,棱,1
3039,泪,2954,汐,1
3039,泪,3025,泔,1
3039,泪,3042,泯,1
3039,泪,3056,洄,1
3039,泪,3057,洇,1
3039,泪,3067,洞,1
3039,泪,3151,涸,1
3039,泪,3246,溺,1
3039,泪,3680,瑁,1
3039,泪,4488,组,1
3039,泪,6326,钼,1
3040,泫,3036,泣,1
3040,泫,3605,玄,1
3040,泫,5659,该,1
3041,泮,581,半,1
3041,泮,3068,洣,1
3042,泯,3031,泜,1
3042,泯,3037,泥,1
3042,泯,3635,珉,1
3043,泰,2673,桊,1
3043,泰,4438,素,1
3044,泱,413,决,1
3045,泳,2944,永,1
3045,泳,2994,沟,1
3045,泳,4545,绿,1
3045,泳,4646,翊,1
3046,泵,3382,炱,1
3046,泵,5744,豕,1
3049,泸,2996,沣,1
3049,泸,3003,沪,1
3051,泻,622,厍,1
3051,泻,625,厚,1
3051,泻,3066,洛,1
3051,泻,3071,洨,1
3051,泻,3615,玛,1
3051,泻,4133,祃,1
3051,泻,5662,诨,1
3051,泻,5717,谢,1
3052,泼,1438,寂,1
3052,泼,2971,汲,1
3052,泼,2979,沃,1
3052,泼,3105,浚,1
3053,泽,622,厍,1
3053,泽,1087,垟,1
3053,泽,2902,毖,1
3053,泽,3102,浔,1
3053,泽,3172,淬,1
3053,泽,5627,评,1
3053,泽,6850,驿,1
3055,洁,217,佶,1
3055,洁,409,冯,1
3055,洁,1387,学,1
3055,洁,3014,沽,1
3055,洁,3021,泊,1
3055,洁,3069,津,1
3055,洁,3109,浡,1
3055,洁,3113,浩,1
3055,洁,3145,涪,1
3055,洁,4524,绩,1
3055,洁,5514,裟,1
3055,洁,5622,访,1
3056,洄,3006,沮,1
3056,洄,3136,涠,1
3056,洄,3620,玥,1
3057,洇,3151,涸,1
3058,洋,713,启,1
3058,洋,2191,捍,1
3058,洋,3121,涂,1
3058,洋,3257,滓,1
3058,洋,3292,漳,1
3058,洋,3786,疒,1
3058,洋,4624,羊,1
3058,洋,5627,评,1
3059,洌,226,例,1
3060,洎,3039,泪,1
3062,洒,2681,桠,1
3062,洒,2998,沥,1
3062,洒,3209,湎,1
3062,洒,5550,西,1
3062,洒,5604,讪,1
3063,洗,414,况,1
3063,洗,2923,氕,1
3063,洗,2955,汔,1
3063,洗,2959,汜,1
3063,洗,2981,沅,1
3063,洗,2982,沆,1
3063,洗,3026,法,1
3063,洗,3072,洪,1
3063,洗,3090,浇,1
3063,洗,3110,浣,1
3063,洗,3113,浩,1
3063,洗,3120,浼,1
3065,洚,3042,泯,1
3065,洚,3053,泽,1
3065,洚,3099,浑,1
3065,洚,3140,涤,1
3066,洛,205,佟,1
3066,洛,1889,恪,1
3066,洛,3012,治,1
3066,洛,3397,烙,1
3066,洛,4990,苕,1
3067,洞,1890,恫,1
3067,洞,2420,旧,1
3067,洞,2966,汨,1
3067,洞,3039,泪,1
3067,洞,3057,洇,1
3067,洞,3142,涧,1
3067,洞,5635,词,1
3067,洞,6509,问,1
3068,洣,3005,沭,1
3068,洣,3041,泮,1
3068,洣,3065,洚,1
3068,洣,3127,涑,1
3068,洣,3134,涞,1
3068,洣,3174,深,1
3069,津,2996,沣,1
3069,津,3297,潇,1
3070,洧,3123,消,1
3070,洧,5671,诲,1
3071,洨,2973,汶,1
3071,洨,2976,汾,1
3071,洨,4513,绞,1
3072,洪,377,共,1
3072,洪,383,典,1
3072,洪,2972,汴,1
3072,洪,3064,洙,1
3072,洪,3106,浜,1
3072,洪,3157,淇,1
3072,洪,3641,珙,1
3072,洪,4958,芨,1
3072,洪,5610,讲,1
3072,洪,5636,诎,1
3075,洱,2966,汨,1
3075,洱,3006,沮,1
3075,洱,3157,淇,1
3076,洲,1608,州,1
3076,洲,5606,训,1
3076,洲,5648,诚,1
3078,洴,6803,饼,1
3079,洵,3009,河,1
3079,洵,3017,泃,1
3079,洵,3039,泪,1
3079,洵,3141,润,1
3079,洵,5656,询,1
3080,洹,411,冱,1
3081,洺,2954,汐,1
3081,洺,3013,沼,1
3082,活,179,估,1
3082,活,2982,沆,1
3082,活,3014,沽,1
3082,活,3084,洽,1
3082,活,3116,浯,1
3082,活,5348,蛞,1
3082,活,5622,访,1
3082,活,5669,诰,1
3082,活,5689,谄,1
3083,洼,1033,圭,1
3083,洼,1092,垤,1
3083,洼,3026,法,1
3083,洼,3055,洁,1
3083,洼,3184,渎,1
3083,洼,3194,渣,1
3083,洼,3234,溠,1
3084,洽,2473,晗,1
3084,洽,2955,汔,1
3084,洽,3052,泼,1
3084,洽,3070,洧,1
3084,洽,3081,洺,1
3084,洽,3116,浯,1
3084,洽,3794,疠,1
3084,洽,5619,讼,1
3084,洽,5630,诈,1
3084,洽,5654,诠,1
3084,洽,5709,谙,1
3085,派,2999,沦,1
3085,派,3042,泯,1
3085,派,4467,纭,1
3085,派,4477,纸,1
3086,流,1685,庑,1
3086,流,5900,踟,1
3088,浅,2017,戌,1
3088,浅,3956,眯,1
3088,浅,5643,试,1
3088,浅,5648,诚,1
3088,浅,5714,谟,1
3089,浆,2242,掾,1
3089,浆,3065,洚,1
3090,浇,236,侥,1
3090,浇,804,哓,1
3090,浇,1479,尧,1
3090,浇,1554,峣,1
3090,浇,3004,沫,1
3090,浇,3026,法,1
3090,浇,3665,琥,1
3090,浇,4505,绕,1
3091,浈,3224,溃,1
3091,浈,3660,琐,1
3091,浈,4153,祯,1
3091,浈,4556,缋,1
3092,浉,1631,师,1
3092,浉,3027,泖,1
3092,浉,3553,狮,1
3093,浊,410,冰,1
3093,浊,3306,潦,1
3093,浊,5297,虫,1
3094,测,238,侧,1
3094,测,3076,洲,1
3094,测,3097,浏,1
3095,浍,2980,沄,1
3095,浍,3110,浣,1
3095,浍,3121,涂,1
3096,济,1262,妤,1
3096,济,1301,娇,1
3096,济,2999,沦,1
3096,济,3053,泽,1
3096,济,3071,洨,1
3096,济,3185,渐,1
3096,济,5622,访,1
3097,浏,3086,流,1
3098,浐,2972,汴,1
3099,浑,411,冱,1
3099,浑,3058,洋,1
3099,浑,3065,洚,1
3099,浑,3134,涞,1
3099,浑,5645,诗,1
3101,浓,811,哝,1
3101,浓,1731,弄,1
3101,浓,2983,沈,1
3101,浓,4746,肱,1
3102,浔,1795,得,1
3104,浙,1040,圻,1
3104,浙,2044,所,1
3104,浙,2092,折,1
3104,浙,3010,沸,1
3104,浙,3319,澌,1
3105,浚,650,受,1
3105,浚,2973,汶,1
3105,浚,3084,洽,1
3105,浚,3288,漫,1
3107,浞,3153,淀,1
3107,浞,3188,渖,1
3107,浞,3215,湜,1
3108,浠,832,唏,1
3108,浠,1632,希,1
3108,浠,2993,沛,1
3108,浠,3156,淆,1
3109,浡,3115,浮,1
3110,浣,2975,汽,1
3110,浣,3271,滨,1
3110,浣,4959,芩,1
3112,浦,2477,晡,1
3112,浦,2993,沛,1
3112,浦,3070,洧,1
3112,浦,3236,溥,1
3113,浩,258,俜,1
3113,浩,3026,法,1
3113,浩,3064,洙,1
3113,浩,3216,湝,1
3113,浩,4503,结,1
3113,浩,5640,诒,1
3113,浩,5650,诜,1
3113,浩,5666,语,1
3113,浩,5679,诺,1
3114,浪,3086,流,1
3114,浪,3168,淡,1
3114,浪,3176,混,1
3114,浪,3564,狼,1
3115,浮,625,厚,1
3115,浮,1245,好,1
3115,浮,1374,孕,1
3115,浮,2973,汶,1
3115,浮,3058,洋,1
3115,浮,3109,浡,1
3115,浮,3198,渫,1
3116,浯,3512,牾,1
3116,浯,5666,语,1
3117,浴,3016,沿,1
3117,浴,3040,泫,1
3117,浴,3066,洛,1
3117,浴,3081,洺,1
3117,浴,6561,防,1
3118,海,411,冱,1
3118,海,692,向,1
3118,海,2513,曲,1
3119,浸,650,受,1
3119,浸,1558,峧,1
3119,浸,3054,泾,1
3119,浸,3109,浡,1
3119,浸,3294,漹,1
3119,浸,5724,谩,1
3120,浼,3220,湮,1
3120,浼,5697,谍,1
3121,涂,420,净,1
3121,涂,2616,染,1
3121,涂,3102,浔,1
3121,涂,3175,淳,1
3121,涂,3182,渌,1
3121,涂,5654,诠,1
3122,涅,257,俚,1
3122,涅,2624,柠,1
3122,涅,3006,沮,1
3122,涅,3171,淫,1
3122,涅,3197,温,1
3122,涅,3223,湿,1
3123,消,1824,忠,1
3123,消,3002,沩,1
3123,消,3060,洎,1
3123,消,3118,海,1
3123,消,3128,涓,1
3123,消,3258,滔,1
3123,消,3283,漕,1
3123,消,4516,绡,1
3124,涉,2861,步,1
3124,涉,2964,污,1
3124,涉,2989,沔,1
3124,涉,3058,洋,1
3124,涉,3115,浮,1
3124,涉,5636,诎,1
3124,涉,6070,逍,1
3125,涌,254,俑,1
3125,涌,1106,埇,1
3125,涌,3746,甬,1
3125,涌,5663,诩,1
3125,涌,6977,鲬,1
3126,涎,329,傩,1
3126,涎,1109,埏,1
3126,涎,2992,沚,1
3126,涎,6026,迂,1
3126,涎,6764,飓,1
3127,涑,3004,沫,1
3127,涑,5699,谏,1
3128,涓,3137,涡,1
3129,涔,3052,泼,1
3129,涔,4593,缲,1
3130,涕,1743,弟,1
3130,涕,3071,洨,1
3130,涕,3125,涌,1
3130,涕,4523,绨,1
3131,涘,3120,浼,1
3131,涘,3239,溪,1
3132,涛,264,俦,1
3132,涛,1650,帱,1
3132,涛,2210,捻,1
3133,涝,1564,崂,1
3133,涝,3263,滞,1
3133,涝,3305,潢,1
3133,涝,4962,芬,1
3133,涝,5711,谛,1
3135,涟,3114,浪,1
3135,涟,3238,溧,1
3135,涟,6034,迓,1
3135,涟,6077,逗,1
3135,涟,6386,链,1
3136,涠,3164,淙,1
3136,涠,5688,调,1
3137,涡,3128,涓,1
3137,涡,3159,淌,1
3137,涡,5693,谈,1
3138,涢,3137,涡,1
3138,涢,6720,顼,1
3139,涣,841,唤,1
3139,涣,2979,沃,1
3139,涣,3087,浃,1
3139,涣,3106,浜,1
3139,涣,3168,淡,1
3139,涣,3271,滨,1
3139,涣,5659,该,1
3139,涣,5675,诶,1
3140,涤,3051,泻,1
3140,涤,3058,洋,1
3140,涤,3065,洚,1
3140,涤,3115,浮,1
3140,涤,3121,涂,1
3141,润,692,向,1
3141,润,2968,汪,1
3141,润,2986,沏,1
3141,润,3067,洞,1
3141,润,4490,细,1
3141,润,6511,闰,1
3141,润,6527,阀,1
3142,涧,1789,徊,1
3142,涧,3079,洵,1
3142,涧,3539,狍,1
3142,涧,5606,训,1
3142,涧,6533,阆,1
3143,涨,173,伥,1
3143,涨,3045,泳,1
3143,涨,3085,派,1
3144,涩,6049,迩,1
3145,涪,279,倍,1
3145,涪,2047,扅,1
3145,涪,2943,氵,1
3145,涪,3084,洽,1
3145,涪,3095,浍,1
3145,涪,3175,淳,1
3145,涪,3222,湾,1
3145,涪,3234,溠,1
3145,涪,5634,诌,1
3145,涪,5666,语,1
3145,涪,5902,踣,1
3148,涯,3083,洼,1
3148,涯,3805,疰,1
3149,液,418,冼,1
3149,液,3085,派,1
3150,涵,445,凼,1
3150,涵,446,函,1
3150,涵,2977,沁,1
3150,涵,3006,沮,1
3150,涵,3116,浯,1
3150,涵,3182,渌,1
3150,涵,5538,褪,1
3150,涵,5636,诎,1
3150,涵,5666,语,1
3151,涸,425,凋,1
3151,涸,1938,惘,1
3151,涸,2420,旧,1
3151,涸,3056,洄,1
3151,涸,3136,涠,1
3151,涸,3207,湉,1
3151,涸,4538,绸,1
3151,涸,5688,调,1
3151,涸,6091,逶,1
3153,淀,1413,定,1
3153,淀,3007,沱,1
3153,淀,3036,泣,1
3153,淀,3071,洨,1
3153,淀,3098,浐,1
3153,淀,3220,湮,1
3153,淀,3820,症,1
3153,淀,4512,绝,1
3153,淀,5609,记,1
3154,淄,3216,湝,1
3154,淄,3258,滔,1
3155,淅,2585,析,1
3155,淅,3185,渐,1
3155,淅,6565,阶,1
3156,淆,1568,崎,1
3156,淆,3070,洧,1
3156,淆,3132,涛,1
3156,淆,3190,渚,1
3156,淆,4700,耸,1
3156,淆,5713,谝,1
3157,淇,3242,溲,1
3158,淋,858,啉,1
3158,淋,1868,怵,1
3158,淋,3312,潸,1
3158,淋,3674,琳,1
3159,淌,1517,屿,1
3159,淌,3009,河,1
3159,淌,3300,潏,1
3159,淌,5666,语,1
3159,淌,5956,躺,1
3160,淏,3122,涅,1
3160,淏,3218,湨,1
3160,淏,5683,课,1
3161,淑,274,俶,1
3161,淑,648,叔,1
3161,淑,2960,汝,1
3162,淖,3058,洋,1
3162,淖,3065,洚,1
3162,淖,3109,浡,1
3162,淖,6580,降,1
3163,淘,3017,泃,1
3163,淘,3662,琛,1
3163,淘,6531,阄,1
3163,淘,6546,阔,1
3164,淙,3124,涉,1
3164,淙,3146,涫,1
3164,淙,3153,淀,1
3164,淙,3671,琮,1
3165,淝,4683,耙,1
3168,淡,117,仄,1
3168,淡,308,偎,1
3168,淡,3070,洧,1
3168,淡,3131,涘,1
3168,淡,3265,滠,1
3169,淤,3203,游,1
3169,淤,6023,辽,1
3169,淤,6264,鋈,1
3171,淫,3030,泛,1
3171,淫,3058,洋,1
3171,淫,3121,涂,1
3171,淫,3170,淦,1
3171,淫,3220,湮,1
3171,淫,5644,诖,1
3171,淫,5654,诠,1
3172,淬,3058,洋,1
3172,淬,3065,洚,1
3172,淬,3071,洨,1
3172,淬,3098,浐,1
3173,淮,495,剕,1
3173,淮,3085,派,1
3173,淮,3299,潍,1
3173,淮,5730,谯,1
3173,淮,6626,雌,1
3174,深,259,保,1
3174,深,1172,墚,1
3174,深,1374,孕,1
3174,深,1405,宋,1
3174,深,3050,泺,1
3174,深,3121,涂,1
3174,深,3164,淙,1
3174,深,3290,漯,1
3174,深,5662,诨,1
3175,淳,424,凉,1
3175,淳,3109,浡,1
3175,淳,3115,浮,1
3175,淳,3145,涪,1
3175,淳,3164,淙,1
3176,混,2463,晁,1
3176,混,3008,沲,1
3176,混,3667,琨,1
3177,淹,907,喹,1
3177,淹,1222,奄,1
3177,淹,2999,沦,1
3178,添,1823,忝,1
3178,添,2233,掭,1
3178,添,3182,渌,1
3179,淼,3089,浆,1
3180,清,913,嗉,1
3180,清,1327,婧,1
3180,清,3055,洁,1
3180,清,3070,洧,1
3180,清,3128,涓,1
3180,清,3132,涛,1
3180,清,3156,淆,1
3180,清,3315,潽,1
3180,清,3666,琦,1
3180,清,6663,青,1
3181,渊,495,剕,1
3181,渊,3322,澜,1
3183,渍,3132,涛,1
3185,渐,1950,惭,1
3185,渐,3104,浙,1
3185,渐,3321,澎,1
3187,渔,1687,应,1
3187,渔,3036,泣,1
3187,渔,3120,浼,1
3187,渔,3209,湎,1
3187,渔,3304,潟,1
3187,渔,4575,缠,1
3187,渔,6935,鱼,1
3188,渖,3182,渌,1
3189,渗,2047,扅,1
3189,渗,3068,洣,1
3189,渗,5710,谚,1
3190,渚,3070,洧,1
3190,渚,3209,湎,1
3190,渚,3219,湫,1
3190,渚,5534,褚,1
3191,渝,3511,牺,1
3191,渝,4307,筋,1
3192,渠,2615,柒,1
3192,渠,2633,柴,1
3192,渠,2663,栾,1
3192,渠,3241,溱,1
3192,渠,6623,集,1
3193,渡,3071,洨,1
3193,渡,3865,瘩,1
3194,渣,3055,洁,1
3194,渣,3080,洹,1
3194,渣,3183,渍,1
3194,渣,3301,潘,1
3194,渣,3347,瀵,1
3194,渣,5644,诖,1
3195,渤,3318,澉,1
3196,渥,3241,溱,1
3197,温,2265,揾,1
3197,温,3173,淮,1
3197,温,3201,渲,1
3197,温,3215,湜,1
3197,温,6707,韫,1
3199,渭,3067,洞,1
3199,渭,3167,淠,1
3199,渭,3256,滑,1
3199,渭,3283,漕,1
3200,港,1529,岙,1
3200,港,3129,涔,1
3200,港,4541,绻,1
3201,渲,3264,滟,1
3201,渲,5694,谊,1
3202,渴,306,偈,1
3202,渴,1124,埸,1
3202,渴,3111,浥,1
3202,渴,3159,淌,1
3202,渴,3176,混,1
3202,渴,4171,禺,1
3202,渴,5030,茜,1
3202,渴,6101,遏,1
3203,游,3246,溺,1
3203,游,3318,澉,1
3203,游,5400,蝣,1
3203,游,6572,附,1
3204,渺,2991,沙,1
3204,渺,3006,沮,1
3205,湃,2841,次,1
3205,湃,4506,绗,1
3208,湍,2457,昴,1
3208,湍,3014,沽,1
3208,湍,3108,浠,1
3208,湍,3145,涪,1
3208,湍,4171,禺,1
3208,湍,4271,端,1
3209,湎,3125,涌,1
3209,湎,4551,缅,1
3210,湓,3118,海,1
3210,湓,3196,渥,1
3211,湔,3206,湄,1
3211,湔,5726,谫,1
3212,湖,3213,湘,1
3212,湖,3580,猢,1
3212,湖,3685,瑚,1
3212,湖,4422,糊,1
3212,湖,4772,胡,1
3212,湖,4940,芈,1
3213,湘,2965,汤,1
3213,湘,3212,湖,1
3213,湘,5866,跏,1
3214,湛,3200,港,1
3214,湛,5695,谋,1
3214,湛,5723,谨,1
3215,湜,2249,提,1
3215,湜,2455,是,1
3215,湜,3107,浞,1
3215,湜,3122,涅,1
3215,湜,3288,漫,1
3215,湜,3293,漶,1
3215,湜,4553,缇,1
3216,湝,4590,缯,1
3217,湟,106,亳,1
3218,湨,3243,溴,1
3219,湫,3226,溆,1
3219,湫,4180,秋,1
3220,湮,3217,湟,1
3221,湲,4563,缓,1
3222,湾,1151,塆,1
3222,湾,3189,渗,1
3222,湾,3250,滂,1
3222,湾,5704,谔,1
3223,湿,290,倡,1
3223,湿,3107,浞,1
3223,湿,3217,湟,1
3223,湿,3242,溲,1
3224,溃,3168,淡,1
3224,溃,5772,质,1
3225,溅,1559,峨,1
3225,溅,5781,贱,1
3226,溆,3201,渲,1
3227,溇,1831,忮,1
3227,溇,4565,缕,1
3227,溇,5684,诿,1
3228,溉,1988,慨,1
3228,溉,3114,浪,1
3228,溉,5317,蚜,1
3228,溉,6219,酲,1
3229,溏,1990,慵,1
3230,源,1160,塬,1
3230,源,3148,涯,1
3230,源,3313,潺,1
3230,源,5690,谅,1
3232,溜,3012,治,1
3232,溜,3128,涓,1
3232,溜,3216,湝,1
3232,溜,3767,留,1
3233,溟,3160,淏,1
3233,溟,3252,滇,1
3233,溟,3288,漫,1
3235,溢,1875,恋,1
3235,溢,3190,渚,1
3235,溢,3316,澄,1
3235,溢,4577,缢,1
3237,溦,1803,微,1
3237,溦,3331,激,1
3239,溪,1235,奚,1
3239,溪,3171,淫,1
3239,溪,3221,湲,1
3239,溪,5675,诶,1
3240,溯,915,嗍,1
3240,溯,2528,朔,1
3240,溯,3017,泃,1
3240,溯,3078,洴,1
3240,溯,5720,谥,1
3241,溱,428,凑,1
3242,溲,3210,湓,1
3243,溴,3218,湨,1
3244,溶,1434,容,1
3244,溶,3038,注,1
3244,溶,3051,泻,1
3244,溶,3116,浯,1
3244,溶,3145,涪,1
3244,溶,3261,滘,1
3244,溶,3690,瑢,1
3244,溶,4519,绤,1
3244,溶,6592,陪,1
3246,溺,3045,泳,1
3246,溺,3251,滃,1
3246,溺,3308,潮,1
3246,溺,5663,诩,1
3247,溻,351,儡,1
3250,滂,1556,峥,1
3250,滂,3133,涝,1
3251,滃,5717,谢,1
3252,滇,919,嗔,1
3252,滇,3106,浜,1
3252,滇,3157,淇,1
3252,滇,3243,溴,1
3252,滇,4572,缜,1
3253,滋,2964,污,1
3253,滋,3026,法,1
3253,滋,3176,混,1
3253,滋,5679,诺,1
3254,滍,3282,演,1
3255,滏,3170,淦,1
3256,滑,3128,涓,1
3256,滑,3304,潟,1
3256,滑,4774,胥,1
3256,滑,5700,谐,1
3257,滓,1428,宰,1
3257,滓,3292,漳,1
3257,滓,5661,诧,1
3258,滔,3132,涛,1
3258,滔,3232,溜,1
3262,滚,233,依,1
3262,滚,3337,濠,1
3262,滚,5474,衮,1
3263,滞,3283,漕,1
3263,滞,3296,潆,1
3263,滞,5144,萍,1
3266,满,3231,溘,1
3266,满,3262,滚,1
3266,满,3305,潢,1
3266,满,5030,茜,1
3266,满,5194,蒲,1
3266,满,5709,谙,1
3266,满,5711,谛,1
3267,滢,3196,渥,1
3268,滤,424,凉,1
3268,滤,3081,洺,1
3269,滥,3224,溃,1
3269,滥,5722,谧,1
3270,滦,323,傈,1
3270,滦,2547,杂,1
3270,滦,3134,涞,1
3270,滦,3140,涤,1
3270,滦,3170,淦,1
3270,滦,3175,淳,1
3270,滦,3222,湾,1
3271,滨,327,傧,1
3271,滨,1436,宾,1
3271,滨,3044,泱,1
3271,滨,3106,浜,1
3271,滨,3131,涘,1
3271,滨,3239,溪,1
3271,滨,3315,潽,1
3271,滨,4579,缤,1
3271,滨,5629,识,1
3272,滩,422,准,1
3272,滩,4085,碓,1
3272,滩,4815,脸,1
3272,滩,5663,诩,1
3272,滩,6625,雉,1
3273,滪,6719,须,1
3274,滫,3310,潴,1
3275,滴,3056,洄,1
3275,滴,3250,滂,1
3275,滴,3258,滔,1
3275,滴,3844,痼,1
3275,滴,4574,缟,1
3275,滴,4740,肩,1
3276,滹,5701,谑,1
3277,漂,424,凉,1
3277,漂,2308,摽,1
3277,漂,3051,泻,1
3277,漂,3220,湮,1
3277,漂,3290,漯,1
3277,漂,3307,潭,1
3277,漂,3338,濡,1
3277,漂,4544,绾,1
3277,漂,5714,谟,1
3278,漆,3109,浡,1
3278,漆,3134,涞,1
3278,漆,5441,蟪,1
3279,漉,7104,鹿,1
3280,漏,2254,握,1
3280,漏,3206,湄,1
3280,漏,3266,满,1
3280,漏,3839,痫,1
3281,漓,3133,涝,1
3281,漓,3208,湍,1
3282,演,1440,寅,1
3282,演,3146,涫,1
3282,演,3174,深,1
3282,演,3201,渲,1
3282,演,3254,滍,1
3282,演,3305,潢,1
3282,演,3347,瀵,1
3282,演,6497,镱,1
3283,漕,2517,曹,1
3284,漠,3157,淇,1
3284,漠,3184,渎,1
3284,漠,3874,瘼,1
3286,漩,940,嗾,1
3286,漩,3168,淡,1
3286,漩,3273,滪,1
3286,漩,3299,潍,1
3288,漫,3459,熳,1
3288,漫,5293,虔,1
3289,漭,2996,沣,1
3290,漯,3099,浑,1
3290,漯,3174,深,1
3291,漱,423,凇,1
3291,漱,2369,敝,1
3291,漱,2565,杧,1
3292,漳,1702,庳,1
3292,漳,3083,洼,1
3292,漳,3098,浐,1
3292,漳,3162,淖,1
3292,漳,5711,谛,1
3292,漳,5728,谭,1
3294,漹,3415,焉,1
3295,漾,37,丶,1
3295,漾,3182,渌,1
3295,漾,3315,潽,1
3295,漾,3343,瀑,1
3295,漾,3373,炙,1
3296,潆,3109,浡,1
3296,潆,3175,淳,1
3296,潆,3337,濠,1
3297,潇,3208,湍,1
3298,潋,3203,游,1
3299,潍,3203,游,1
3299,潍,4534,维,1
3301,潘,1175,墦,1
3301,潘,2573,杳,1
3301,潘,3194,渣,1
3301,潘,3312,潸,1
3301,潘,3315,潽,1
3301,潘,3773,番,1
3302,潜,2520,替,1
3302,潜,5729,谮,1
3303,潞,5543,襁,1
3305,潢,3706,璜,1
3306,潦,3109,浡,1
3306,潦,3216,湝,1
3306,潦,6613,隳,1
3307,潭,3336,濞,1
3307,潭,4530,绰,1
3307,潭,5552,覃,1
3308,潮,2532,朝,1
3308,潮,3240,溯,1
3311,潵,2372,散,1
3311,潵,3313,潺,1
3311,潵,3317,澈,1
3313,潺,3247,溻,1
3314,潼,3201,渲,1
3315,潽,5709,谙,1
3316,澄,3060,洎,1
3316,澄,3201,渲,1
3316,澄,3271,滨,1
3316,澄,3303,潞,1
3316,澄,4585,缪,1
3316,澄,6592,陪,1
3317,澈,3085,派,1
3317,澈,3086,流,1
3317,澈,3298,潋,1
3317,澈,3311,潵,1
3317,澈,5942,蹾,1
3321,澎,2398,断,1
3321,澎,3320,澍,1
3322,澜,4269,竦,1
3322,澜,6530,阃,1
3322,澜,6544,阑,1
3323,澡,3064,洙,1
3323,澡,3102,浔,1
3323,澡,3162,淖,1
3323,澡,3164,淙,1
3323,澡,3174,深,1
3323,澡,4593,缲,1
3324,澥,3269,滥,1
3324,澥,5574,解,1
3326,澳,975,噢,1
3326,澳,1717,廙,1
3326,澳,3160,淏,1
3326,澳,3243,溴,1
3326,澳,6587,院,1
3327,澴,4594,缳,1
3328,澶,3146,涫,1
3328,澶,3342,瀍,1
3330,澼,346,僻,1
3331,激,3351,灏,1
3334,濑,2008,懒,1
3334,濑,3291,漱,1
3335,濒,1305,娑,1
3335,濒,3282,演,1
3335,濒,3291,漱,1
3335,濒,6719,须,1
3341,瀌,3279,漉,1
3343,瀑,2509,曝,1
3343,瀑,3288,漫,1
3347,瀵,999,囗,1
3348,瀹,3191,渝,1
3350,灌,3604,獾,1
3350,灌,4589,缮,1
3350,灌,6619,雀,1
3351,灏,407,冫,1
3353,火,636,去,1
3353,火,1811,忆,1
3353,火,2841,次,1
3353,火,2999,沦,1
3353,火,6503,长,1
3354,灬,1808,心,1
3355,灭,5,丈,1
3355,灭,117,仄,1
3355,灭,1206,天,1
3355,灭,2061,扛,1
3355,灭,3782,疋,1
3356,灯,3366,炉,1
3356,灯,3756,町,1
3357,灰,1679,庆,1
3357,灰,3373,炙,1
3357,灰,5647,诙,1
3358,灵,1760,录,1
3358,灵,2438,昆,1
3358,灵,3365,炅,1
3358,灵,4927,艮,1
3359,灶,129,仕,1
3359,灶,1267,妫,1
3359,灶,2992,沚,1
3359,灶,3384,炷,1
3359,灶,3398,烛,1
3359,灶,6281,钍,1
3360,灸,1221,奂,1
3360,灸,1761,彖,1
3360,灸,3373,炙,1
3360,灸,4010,矢,1
3360,灸,4011,矣,1
3361,灼,3356,灯,1
3361,灼,3375,炝,1
3361,灼,5777,购,1
3362,灾,1404,安,1
3362,灾,1433,宸,1
3362,灾,2949,汆,1
3362,灾,3365,炅,1
3362,灾,3796,疢,1
3362,灾,4227,究,1
3364,炀,152,份,1
3364,炀,4969,芴,1
3365,炅,2438,昆,1
3365,炅,2464,晃,1
3366,炉,1255,妒,1
3367,炊,1839,怀,1
3367,炊,2842,欢,1
3367,炊,6789,饮,1
3368,炎,2841,次,1
3368,炎,3358,灵,1
3368,炎,3360,灸,1
3368,炎,3365,炅,1
3368,炎,3533,狁,1
3369,炒,3363,灿,1
3369,炒,6144,邶,1
3370,炔,1849,怏,1
3370,炔,3385,炸,1
3370,炔,3396,烘,1
3370,炔,5322,蚨,1
3371,炕,94,亢,1
3371,炕,3361,灼,1
3373,炙,1192,处,1
3373,炙,1221,奂,1
3373,炙,3358,灵,1
3373,炙,3360,灸,1
3373,炙,5081,荻,1
3373,炙,5746,象,1
3374,炜,1633,帏,1
3375,炝,1845,怆,1
3375,炝,3451,熘,1
3376,炟,1064,坩,1
3376,炟,1855,怛,1
3377,炫,3384,炷,1
3377,炫,3413,烺,1
3378,炬,3375,炝,1
3378,炬,4014,矩,1
3378,炬,6847,驼,1
3379,炭,1433,宸,1
3379,炭,2042,戾,1
3380,炮,1383,孢,1
3380,炮,1885,恤,1
3380,炮,3367,炊,1
3380,炮,3428,焰,1
3380,炮,7038,鸩,1
3381,炯,1890,恫,1
3381,炯,3401,烟,1
3381,炯,5392,蝈,1
3381,炯,6353,铜,1
3382,炱,668,台,1
3382,炱,1858,怠,1
3382,炱,4011,矣,1
3383,炳,1631,师,1
3383,炳,3372,炖,1
3383,炳,3391,烁,1
3383,炳,6782,饧,1
3384,炷,3393,烃,1
3385,炸,1847,怍,1
3385,炸,1930,悼,1
3385,炸,2623,柞,1
3385,炸,3384,炷,1
3385,炸,3418,焐,1
3386,点,65,乞,1
3386,点,688,名,1
3386,点,1221,奂,1
3386,点,1869,总,1
3386,点,2674,桌,1
3386,点,6021,辶,1
3387,炻,3418,焐,1
3388,炼,632,厨,1
3388,炼,1698,庥,1
3388,炼,3414,烽,1
3389,炽,3367,炊,1
3389,炽,3398,烛,1
3389,炽,3427,焯,1
3389,炽,3451,熘,1
3391,烁,3361,灼,1
3391,烁,3468,燠,1
3392,烂,1837,忾,1
3392,烂,3378,炬,1
3393,烃,3054,泾,1
3393,烃,3371,炕,1
3394,烈,461,列,1
3394,烈,2869,殂,1
3394,烈,4879,致,1
3395,烊,1087,垟,1
3395,烊,3405,烨,1
3396,烘,799,哎,1
3396,烘,3371,炕,1
3396,烘,3389,炽,1
3396,烘,3404,烧,1
3396,烘,5301,虹,1
3397,烙,2651,栝,1
3397,烙,3393,烃,1
3397,烙,3418,焐,1
3397,烙,3423,焙,1
3397,烙,5341,蛏,1
3398,烛,3564,狼,1
3399,烜,3376,炟,1
3399,烜,3435,煜,1
3400,烝,24,丞,1
3401,烟,3057,洇,1
3401,烟,3372,炖,1
3401,烟,3381,炯,1
3402,烤,1891,恬,1
3402,烤,2151,拷,1
3402,烤,2577,杼,1
3402,烤,5803,赇,1
3403,烦,303,倾,1
3403,烦,718,吸,1
3403,烦,3378,炬,1
3403,烦,3393,烃,1
3403,烦,6717,项,1
3404,烧,1300,娆,1
3404,烧,1554,峣,1
3404,烧,1876,恍,1
3404,烧,3374,炜,1
3404,烧,3396,烘,1
3404,烧,5299,虮,1
3405,烨,1929,悻,1
3406,烩,1894,恰,1
3406,烩,3393,烃,1
3407,烫,1838,忿,1
3407,烫,2965,汤,1
3407,烫,2967,汩,1
3407,烫,3368,炎,1
3407,烫,5652,诞,1
3407,烫,5849,趟,1
3408,烬,1121,埭,1
3408,烬,1248,妃,1
3409,热,532,势,1
3410,烯,832,唏,1
3410,烯,1955,惴,1
3410,烯,3466,燔,1
3410,烯,4200,稀,1
3411,烷,1103,垸,1
3411,烷,3404,烧,1
3411,烷,3406,烩,1
3411,烷,4507,绘,1
3411,烷,6587,院,1
3412,烹,101,享,1
3412,烹,1459,寻,1
3412,烹,5105,莶,1
3413,烺,1307,娘,1
3414,烽,3140,涤,1
3414,烽,3395,烊,1
3414,烽,3416,焊,1
3414,烽,4510,绛,1
3415,焉,3479,爱,1
3415,焉,3666,琦,1
3415,焉,5089,莓,1
3416,焊,848,唱,1
3416,焊,2191,捍,1
3416,焊,3389,炽,1
3416,焊,3395,烊,1
3417,焌,1913,悛,1
3418,焐,3423,焙,1
3419,焓,3397,烙,1
3420,焕,841,唤,1
3420,焕,940,嗾,1
3420,焕,2199,换,1
3420,焕,3393,烃,1
3420,焕,3403,烦,1
3421,焖,1924,悯,1
3421,焖,3381,炯,1
3422,焘,565,匡,1
3422,焘,1461,寿,1
3422,焘,4153,祯,1
3423,焙,1844,怅,1
3423,焙,3387,炻,1
3423,焙,3393,烃,1
3423,焙,3397,烙,1
3423,焙,3406,烩,1
3423,焙,3418,焐,1
3426,焦,18,丘,1
3426,焦,23,丝,1
3426,焦,141,仨,1
3426,焦,271,俱,1
3426,焦,340,僬,1
3426,焦,845,售,1
3426,焦,1872,恁,1
3426,焦,5730,谯,1
3426,焦,6616,隼,1
3426,焦,6617,隽,1
3427,焯,3162,淖,1
3427,焯,3390,烀,1
3428,焰,3421,焖,1
3428,焰,3451,熘,1
3428,焰,6810,馅,1
3429,焱,5136,菼,1
3430,然,4273,竺,1
3430,然,6054,述,1
3433,煌,901,喤,1
3433,煌,1659,幌,1
3433,煌,3418,焐,1
3433,煌,3432,煊,1
3433,煌,3435,煜,1
3433,煌,3450,熔,1
3434,煎,16,丕,1
3434,煎,386,兼,1
3434,煎,491,前,1
3434,煎,1978,慈,1
3435,煜,3389,炽,1
3436,煞,2363,敏,1
3436,煞,3394,烈,1
3436,煞,3448,熊,1
3437,煤,1336,媒,1
3437,煤,1934,惊,1
3437,煤,3396,烘,1
3437,煤,3494,牒,1
3438,煦,2454,昭,1
3440,煨,3416,焊,1
3440,煨,3425,焜,1
3441,煮,14,专,1
3441,煮,1892,恭,1
3442,煲,4882,臾,1
3443,煳,3381,炯,1
3445,煺,3425,焜,1
3446,煽,950,嘛,1
3446,煽,3428,焰,1
3446,煽,3432,煊,1
3446,煽,3456,熥,1
3446,煽,6878,骟,1
3447,熄,358,兆,1
3447,熄,840,唣,1
3447,熄,3389,炽,1
3447,熄,3404,烧,1
3447,熄,3411,烷,1
3448,熊,4792,能,1
3449,熏,3412,烹,1
3449,熏,5957,軎,1
3449,熏,7125,黑,1
3449,熏,7128,黛,1
3450,熔,1566,崆,1
3450,熔,2656,栲,1
3450,熔,3377,炫,1
3450,熔,3411,烷,1
3450,熔,3423,焙,1
3450,熔,3428,焰,1
3450,熔,5412,螃,1
3453,熜,3447,熄,1
3453,熜,4557,缌,1
3454,熟,532,势,1
3454,熟,1391,孰,1
3454,熟,3400,烝,1
3454,熟,3409,热,1
3454,熟,6327,钽,1
3456,熥,1566,崆,1
3457,熨,6887,骰,1
3458,熬,14,专,1
3460,熵,1356,嫡,1
3460,熵,3465,燏,1
3462,燃,6004,辔,1
3463,燊,2725,棨,1
3464,燎,963,嘹,1
3464,燎,5438,蟛,1
3466,燔,1664,幡,1
3467,燕,5011,茁,1
3467,燕,5225,蔗,1
3469,燥,3420,焕,1
3469,燥,3473,爆,1
3469,燥,5993,辉,1
3473,爆,3259,滕,1
3473,爆,3435,煜,1
3473,爆,3459,熳,1
3473,爆,3469,燥,1
3475,爨,999,囗,1
3476,爪,9,丌,1
3476,爪,112,亿,1
3476,爪,117,仄,1
3476,爪,138,代,1
3476,爪,1476,尢,1
3476,爪,1687,应,1
3476,爪,2017,戌,1
3477,爬,382,具,1
3477,爬,6942,鲃,1
3478,爰,3479,爱,1
3479,爱,3221,湲,1
3480,爵,5103,莳,1
3481,父,47,久,1
3481,父,50,义,1
3481,父,646,反,1
3481,父,1721,廴,1
3481,父,2840,欠,1
3481,父,3485,爻,1
3482,爷,43,举,1
3482,爷,688,名,1
3482,爷,2395,斧,1
3482,爷,3481,父,1
3483,爸,3482,爷,1
3483,爸,4930,色,1
3484,爹,2563,条,1
3485,爻,3481,父,1
3487,爿,32,丬,1
3487,爿,3025,泔,1
3490,片,375,兮,1
3490,片,435,凭,1
3490,片,2401,方,1
3490,片,2964,污,1
3490,片,3503,牦,1
3490,片,3753,电,1
3490,片,4943,芍,1
3491,版,2369,敝,1
3491,版,3504,牧,1
3491,版,3761,畈,1
3492,牌,4178,秆,1
3492,牌,4275,竿,1
3492,牌,4520,绥,1
3492,牌,5343,蛑,1
3492,牌,5385,蜱,1
3493,牍,2743,椟,1
3493,牍,3517,犊,1
3495,牖,3444,煸,1
3496,牙,56,乐,1
3496,牙,1667,干,1
3496,牙,2054,才,1
3497,牚,2723,棠,1
3497,牚,4232,穿,1
3498,牛,87,井,1
3498,牛,149,件,1
3498,牛,579,午,1
3498,牛,2052,手,1
3498,牛,6312,钮,1
3499,牝,5969,轱,1
3500,牟,378,关,1
3500,牟,3768,畚,1
3500,牟,4011,矣,1
3501,牡,2583,枉,1
3501,牡,3507,牯,1
3501,牡,5020,茌,1
3501,牡,6281,钍,1
3502,牢,168,伞,1
3502,牢,401,军,1
3502,牢,1402,宇,1
3502,牢,1419,审,1
3502,牢,1427,宬,1
3502,牢,3500,牟,1
3502,牢,4941,芊,1
3503,牦,4681,耗,1
3504,牧,1070,坶,1
3504,牧,2053,扌,1
3504,牧,2361,敉,1
3504,牧,3499,牝,1
3504,牧,3505,物,1
3505,物,468,判,1
3505,物,1044,均,1
3505,物,3760,畅,1
3506,牮,5069,荦,1
3508,牲,1042,址,1
3508,牲,1280,姓,1
3508,牲,1862,性,1
3508,牲,3501,牡,1
3508,牲,4016,矬,1
3508,牲,4769,胜,1
3509,牵,586,卓,1
3509,牵,4699,耷,1
3510,特,1464,将,1
3510,特,1785,待,1
3510,特,1874,恃,1
3510,特,2156,持,1
3510,特,5367,蜉,1
3511,牺,2094,抛,1
3511,牺,2649,栖,1
3511,牺,3383,炳,1
3511,牺,3501,牡,1
3511,牺,7124,黏,1
3513,牿,6006,辖,1
3514,犀,1503,屑,1
3514,犀,6020,辱,1
3515,犁,2705,梨,1
3517,犊,2194,捐,1
3517,犊,2743,椟,1
3517,犊,3493,牍,1
3517,犊,3513,牿,1
3520,犏,2284,搪,1
3521,犒,3510,特,1
3521,犒,4219,稿,1
3524,犬,595,卡,1
3524,犬,1206,天,1
3526,犯,2560,杞,1
3526,犯,3533,狁,1
3526,犯,3539,狍,1
3527,犰,3532,犹,1
3528,犴,2063,扦,1
3528,犴,3530,犷,1
3529,状,160,伏,1
3529,状,3764,畎,1
3532,犹,3527,犰,1
3532,犹,3536,狄,1
3532,犹,3628,玳,1
3534,狂,518,加,1
3534,狂,2060,托,1
3534,狂,5982,轾,1
3535,狃,3544,狙,1
3536,狄,3527,犰,1
3536,狄,3537,狈,1
3536,狄,4180,秋,1
3536,狄,6076,逖,1
3537,狈,3545,狝,1
3537,狈,6299,钡,1
3538,狉,1838,忿,1
3539,狍,2104,抱,1
3540,狎,2108,押,1
3541,狐,2087,抓,1
3541,狐,3533,狁,1
3542,狒,2111,拂,1
3542,狒,2238,掷,1
3543,狗,518,加,1
3543,狗,549,勿,1
3543,狗,1786,徇,1
3543,狗,2129,拘,1
3543,狗,2527,朐,1
3543,狗,3574,猗,1
3543,狗,4787,胴,1
3544,狙,3561,狸,1
3544,狙,4186,租,1
3546,狞,518,加,1
3546,狞,769,咛,1
3546,狞,1398,宁,1
3547,狠,2110,抿,1
3547,狠,3536,狄,1
3548,狡,1288,姣,1
3548,狡,2653,校,1
3548,狡,3552,狭,1
3548,狡,3563,狻,1
3548,狡,3577,猝,1
3548,狡,3762,畋,1
3548,狡,4788,胶,1
3550,狩,3546,狞,1
3551,独,3542,狒,1
3552,狭,1794,徕,1
3552,狭,3542,狒,1
3553,狮,1631,师,1
3553,狮,2640,栉,1
3554,狯,166,会,1
3555,狰,3574,猗,1
3555,狰,5658,诤,1
3557,狲,5473,衬,1
3558,狳,2189,捋,1
3560,狷,2192,捎,1
3561,狸,3595,獏,1
3561,狸,4843,腽,1
3562,狺,2216,掊,1
3564,狼,3595,獏,1
3570,猎,2196,捞,1
3570,猎,2231,措,1
3570,猎,2762,楮,1
3570,猎,3510,特,1
3570,猎,3560,狷,1
3570,猎,3576,猜,1
3570,猎,3590,猸,1
3570,猎,5379,蜡,1
3571,猓,2245,揉,1
3572,猕,3557,狲,1
3573,猖,3575,猛,1
3573,猖,3579,猡,1
3573,猖,3581,猥,1
3573,猖,3590,猸,1
3574,猗,2218,掎,1
3575,猛,1339,媪,1
3575,猛,2491,暄,1
3575,猛,3573,猖,1
3576,猜,294,倩,1
3576,猜,3570,猎,1
3576,猜,3574,猗,1
3576,猜,3592,猾,1
3579,猡,3581,猥,1
3582,猩,3539,狍,1
3582,猩,3550,狩,1
3582,猩,3566,猃,1
3582,猩,3587,猱,1
3582,猩,3604,獾,1
3582,猩,4222,穆,1
3583,猪,3584,猫,1
3583,猪,4089,碛,1
3583,猪,5035,茬,1
3584,猫,3573,猖,1
3584,猫,3590,猸,1
3585,猬,3581,猥,1
3586,献,338,僦,1
3586,献,589,南,1
3586,献,1827,忧,1
3586,献,5734,谳,1
3588,猴,4561,缑,1
3589,猷,3597,獒,1
3591,猹,2263,揸,1
3592,猾,2194,捐,1
3592,猾,3560,狷,1
3592,猾,3570,猎,1
3593,猿,288,倞,1
3593,猿,3594,獍,1
3594,獍,3596,獐,1
3597,獒,2875,殊,1
3598,獗,2311,撅,1
3601,獭,3588,猴,1
3603,獴,1666,幪,1
3605,玄,82,亏,1
3605,玄,374,六,1
3605,玄,636,去,1
3605,玄,1407,宏,1
3606,率,77,争,1
3607,玉,83,云,1
3607,玉,3608,王,1
3607,玉,4927,艮,1
3608,王,13,丑,1
3608,王,45,乂,1
3608,王,48,乇,1
3608,王,84,互,1
3608,王,134,仝,1
3608,王,1184,士,1
3608,王,1206,天,1
3608,王,1611,工,1
3611,玕,3679,瑀,1
3612,玖,1083,垓,1
3612,玖,2355,改,1
3612,玖,2356,攻,1
3612,玖,2841,次,1
3612,玖,4454,纠,1
3612,玖,6716,顸,1
3613,玙,3664,琤,1
3614,玚,1039,场,1
3615,玛,409,冯,1
3615,玛,1745,弥,1
3615,玛,3609,玎,1
3615,玛,3649,珰,1
3615,玛,4133,祃,1
3618,玡,3611,玕,1
3618,玡,3663,琢,1
3618,玡,4032,砑,1
3618,玡,5614,讶,1
3619,玢,2976,汾,1
3620,玥,3643,珠,1
3621,玦,3635,珉,1
3621,玦,3663,琢,1
3622,玩,1051,坑,1
3622,玩,1090,垢,1
3622,玩,3656,琉,1
3622,玩,5563,觋,1
3622,玩,5605,讫,1
3622,玩,6308,钪,1
3622,玩,6559,阮,1
3623,玫,1043,坂,1
3623,玫,1380,孜,1
3623,玫,2356,攻,1
3623,玫,2357,放,1
3623,玫,2973,汶,1
3623,玫,6716,顸,1
3625,环,1049,坏,1
3625,环,2088,抔,1
3625,环,2587,林,1
3625,环,3617,玠,1
3625,环,3639,珐,1
3625,环,6127,邗,1
3626,现,1056,坝,1
3626,现,3081,洺,1
3626,现,3612,玖,1
3626,现,3654,理,1
3626,现,3668,琪,1
3626,现,4020,矶,1
3626,现,4464,纪,1
3626,现,5556,规,1
3626,现,5637,诏,1
3626,现,6720,顼,1
3627,玲,1117,埝,1
3627,玲,3619,玢,1
3627,玲,3637,珍,1
3627,玲,4057,砼,1
3627,玲,7172,龄,1
3629,玷,4203,稆,1
3629,玷,4263,站,1
3629,玷,6325,钻,1
3631,玻,1780,彼,1
3635,珉,2921,氓,1
3636,珊,5871,跚,1
3637,珍,69,书,1
3637,珍,1098,垮,1
3637,珍,3609,玎,1
3639,珐,3026,法,1
3641,珙,3072,洪,1
3641,珙,3621,玦,1
3642,珞,3656,琉,1
3643,珠,2106,抹,1
3643,珠,3624,玮,1
3643,珠,3652,球,1
3643,珠,4802,脒,1
3643,珠,5492,袜,1
3643,珠,5649,诛,1
3643,珠,5974,轶,1
3645,珥,4705,聃,1
3648,班,3651,珽,1
3648,班,5599,讥,1
3651,珽,2182,挺,1
3651,珽,3126,涎,1
3652,球,2766,楸,1
3652,球,3628,玳,1
3653,琅,1088,垠,1
3653,琅,3114,浪,1
3653,琅,4201,稂,1
3653,琅,6378,银,1
3653,琅,6406,锒,1
3654,理,1107,埋,1
3654,理,2531,望,1
3654,理,3186,渑,1
3654,理,3561,狸,1
3654,理,6390,锂,1
3655,琇,1928,悸,1
3656,琉,1149,塃,1
3656,琉,1618,巯,1
3656,琉,3086,流,1
3656,琉,3670,琬,1
3658,琎,6039,进,1
3659,琏,3658,琎,1
3659,琏,4036,砗,1
3660,琐,839,唢,1
3660,琐,2842,欢,1
3660,琐,3649,珰,1
3660,琐,3673,琰,1
3660,琐,4071,硝,1
3660,琐,4205,稍,1
3660,琐,6579,陌,1
3662,琛,3650,珲,1
3663,琢,3152,涿,1
3663,琢,3614,玚,1
3663,琢,4568,缘,1
3663,琢,5681,诼,1
3663,琢,6716,顸,1
3664,琤,3666,琦,1
3666,琦,3613,玙,1
3667,琨,3176,混,1
3668,琪,5641,诓,1
3669,琫,3241,溱,1
3671,琮,3164,淙,1
3671,琮,4542,综,1
3674,琳,858,啉,1
3674,琳,3645,珥,1
3675,琴,3669,琫,1
3675,琴,6638,零,1
3676,琵,887,喆,1
3676,琵,3638,珏,1
3677,琶,612,卺,1
3677,琶,1532,岜,1
3677,琶,2906,毡,1
3677,琶,5861,跄,1
3678,琼,206,你,1
3678,琼,913,嗉,1
3678,琼,3230,源,1
3678,琼,3609,玎,1
3678,琼,3615,玛,1
3678,琼,3666,琦,1
3678,琼,3671,琮,1
3678,琼,5367,蜉,1
3678,琼,5690,谅,1
3678,琼,6573,际,1
3678,琼,6588,除,1
3680,瑁,3620,玥,1
3683,瑗,2261,援,1
3685,瑚,4772,胡,1
3687,瑜,2243,揄,1
3688,瑞,1955,惴,1
3688,瑞,3679,瑀,1
3688,瑞,4271,端,1
3689,瑟,1926,悲,1
3689,瑟,3615,玛,1
3689,瑟,5716,谡,1
3690,瑢,6592,陪,1
3692,瑰,1284,姚,1
3692,瑰,3616,玟,1
3692,瑰,6720,顼,1
3693,瑶,2295,摇,1
3693,瑶,3659,琏,1
3693,瑶,3661,琚,1
3693,瑶,3694,瑷,1
3693,瑶,3713,璪,1
3693,瑶,4507,绘,1
3693,瑶,5650,诜,1
3696,璀,3688,瑞,1
3698,璃,1113,埗,1
3698,璃,3655,琇,1
3698,璃,3679,瑀,1
3698,璃,4576,缡,1
3702,璋,6610,障,1
3707,璞,1361,嫫,1
3707,璞,3347,瀵,1
3709,璠,1175,墦,1
3709,璠,3684,瑙,1
3710,璧,3735,甓,1
3716,瓘,3695,瑾,1
3717,瓜,185,似,1
3717,瓜,373,公,1
3717,瓜,623,厕,1
3717,瓜,744,呱,1
3717,瓜,2076,扺,1
3717,瓜,2420,旧,1
3720,瓢,1385,孤,1
3721,瓣,2400,新,1
3721,瓣,6016,辨,1
3723,瓦,70,乩,1
3723,瓦,565,匡,1
3723,瓦,646,反,1
3723,瓦,1612,左,1
3723,瓦,2394,斥,1
3723,瓦,2900,比,1
3723,瓦,2919,氐,1
3724,瓮,364,兔,1
3724,瓮,709,含,1
3724,瓮,1752,弱,1
3727,瓶,4404,粞,1
3728,瓷,409,冯,1
3728,瓷,3735,甓,1
3731,甄,3726,瓴,1
3731,甄,6181,鄄,1
3731,甄,6301,钣,1
3738,甚,381,其,1
3738,甚,4963,芭,1
3738,甚,4999,苣,1
3739,甜,1285,姜,1
3739,甜,1750,弭,1
3739,甜,3620,玥,1
3739,甜,4484,绀,1
3739,甜,6865,骐,1
3740,生,7,上,1
3740,生,1050,坐,1
3740,生,1213,失,1
3740,生,1484,尹,1
3740,生,1513,屯,1
3740,生,2018,戍,1
3740,生,2543,朵,1
3740,生,2905,毛,1
3740,生,3498,牛,1
3740,生,3753,电,1
3740,生,6253,里,1
3741,甥,521,劣,1
3741,甥,3520,犏,1
3741,甥,5386,蜴,1
3741,甥,6474,镙,1
3742,用,3744,甪,1
3743,甩,551,包,1
3743,甩,1814,忍,1
3744,甪,3742,用,1
3744,甪,5569,角,1
3745,甫,1706,庸,1
3745,甫,4992,苘,1
3746,甬,3744,甪,1
3746,甬,5569,角,1
3746,甬,6633,雨,1
3747,甭,1239,奭,1
3747,甭,2573,杳,1
3748,甯,3747,甭,1
3749,田,390,冂,1
3749,田,400,写,1
3749,田,433,凤,1
3749,田,1001,四,1
3749,田,1005,因,1
3749,田,1006,囡,1
3749,田,1007,团,1
3749,田,3743,甩,1
3750,由,3749,田,1
3750,由,5550,西,1
3750,由,6633,雨,1
3751,甲,31,丫,1
3751,甲,1871,怿,1
3751,甲,3742,用,1
3751,甲,3752,申,1
3752,申,393,冉,1
3752,申,4719,肀,1
3753,电,551,包,1
3753,电,1513,屯,1
3753,电,2514,曳,1
3753,电,3752,申,1
3753,电,5018,茈,1
3754,男,2436,昂,1
3754,男,3759,畀,1
3754,男,4295,笫,1
3755,甸,552,匆,1
3755,甸,553,匈,1
3755,甸,658,句,1
3755,甸,2932,氤,1
3757,画,6086,逦,1
3758,甾,1610,巢,1
3760,畅,720,吻,1
3760,畅,4735,肠,1
3760,畅,6782,饧,1
3761,畈,3762,畋,1
3763,界,584,卑,1
3763,界,595,卡,1
3763,界,2590,果,1
3763,界,3358,灵,1
3765,畏,2480,晨,1
3766,畔,776,咩,1
3766,畔,4757,胂,1
3767,留,3364,炀,1
3767,留,4753,肾,1
3767,留,5637,诏,1
3767,留,5788,贸,1
3767,留,6108,遛,1
3768,畚,1082,垒,1
3770,畜,3748,甯,1
3770,畜,3902,皙,1
3770,畜,3915,盍,1
3770,畜,5203,蓄,1
3770,畜,5581,言,1
3771,略,2489,晾,1
3771,略,3642,珞,1
3771,略,3900,皓,1
3771,略,4820,腋,1
3771,略,6800,饹,1
3772,畦,794,哇,1
3772,畦,2430,时,1
3772,畦,2469,晓,1
3772,畦,3766,畔,1
3772,畦,5795,贿,1
3772,畦,5881,跬,1
3772,畦,6219,酲,1
3772,畦,6239,醛,1
3773,番,2573,杳,1
3773,番,3768,畚,1
3773,番,5238,蕃,1
3773,番,5572,觜,1
3774,畯,6224,酸,1
3777,畸,1568,崎,1
3777,畸,3756,町,1
3777,畸,6205,酞,1
3781,疆,4592,缱,1
3781,疆,6861,验,1
3782,疋,5549,襻,1
3784,疏,1618,巯,1
3784,疏,3622,玩,1
3784,疏,4073,硫,1
3784,疏,6220,酴,1
3784,疏,6477,镜,1
3785,疑,736,员,1
3785,疑,1602,嶷,1
3785,疑,4783,胰,1
3785,疑,6118,避,1
3785,疑,6738,颏,1
3785,疑,7178,龊,1
3788,疖,3798,疤,1
3789,疗,824,哺,1
3789,疗,1449,察,1
3789,疗,2275,搒,1
3789,疗,2638,标,1
3789,疗,3809,疴,1
3789,疗,3813,疼,1
3789,疗,3826,痔,1
3789,疗,5472,衫,1
3790,疙,3803,疮,1
3790,疙,3823,痊,1
3791,疚,783,咳,1
3791,疚,2261,援,1
3791,疚,2439,昉,1
3793,疟,3820,症,1
3795,疡,407,冫,1
3795,疡,3789,疗,1
3795,疡,3794,疠,1
3795,疡,3799,疥,1
3795,疡,3801,疬,1
3796,疢,3815,疾,1
3796,疢,3828,痖,1
3797,疣,2980,沄,1
3798,疤,3789,疗,1
3798,疤,3803,疮,1
3799,疥,2171,挢,1
3799,疥,3817,痃,1
3799,疥,4707,聊,1
3801,疬,3788,疖,1
3801,疬,3828,痖,1
3802,疭,1680,庇,1
3803,疮,1845,怆,1
3803,疮,3790,疙,1
3804,疯,42,丽,1
3804,疯,3794,疠,1
3804,疯,3819,病,1
3805,疰,3833,痣,1
3806,疱,1689,庖,1
3806,疱,3803,疮,1
3807,疲,1692,庚,1
3807,疲,1780,彼,1
3807,疲,3835,痦,1
3809,疴,3789,疗,1
3810,疵,1680,庇,1
3810,疵,3029,泚,1
3812,疹,3789,疗,1
3812,疹,3817,痃,1
3814,疽,1855,怛,1
3815,疾,327,傧,1
3815,疾,3818,痄,1
3815,疾,3853,瘐,1
3819,病,384,兹,1
3819,病,2610,柄,1
3819,病,3280,漏,1
3819,病,3791,疚,1
3819,病,5476,衲,1
3820,症,3798,疤,1
3820,症,3809,疴,1
3820,症,3818,痄,1
3820,症,5978,轺,1
3821,痈,1106,埇,1
3821,痈,1696,庠,1
3821,痈,3125,涌,1
3821,痈,3788,疖,1
3821,痈,3834,痤,1
3821,痈,3839,痫,1
3822,痉,1499,屋,1
3822,痉,3196,渥,1
3822,痉,3790,疙,1
3822,痉,3806,疱,1
3822,痉,3813,疼,1
3822,痉,3823,痊,1
3823,痊,1400,宄,1
3823,痊,3790,疙,1
3823,痊,3803,疮,1
3823,痊,3834,痤,1
3823,痊,3869,瘰,1
3825,痒,2133,拜,1
3825,痒,3809,疴,1
3825,痒,3826,痔,1
3825,痒,3834,痤,1
3825,痒,3847,瘁,1
3825,痒,3849,瘅,1
3826,痔,1697,庤,1
3826,痔,3805,疰,1
3826,痔,3831,痞,1
3827,痕,415,冶,1
3829,痘,833,唐,1
3829,痘,1997,憧,1
3829,痘,2821,橙,1
3829,痘,3791,疚,1
3829,痘,3805,疰,1
3829,痘,3820,症,1
3829,痘,3835,痦,1
3829,痘,3862,瘤,1
3830,痛,2186,捅,1
3830,痛,3691,瑭,1
3830,痛,3844,痼,1
3830,痛,3857,瘙,1
3831,痞,3126,涎,1
3831,痞,3423,焙,1
3831,痞,3794,疠,1
3831,痞,3812,疹,1
3831,痞,3818,痄,1
3831,痞,3845,痿,1
3831,痞,3862,瘤,1
3831,痞,4862,膺,1
3834,痤,1700,座,1
3834,痤,3805,疰,1
3835,痦,3857,瘙,1
3837,痨,3794,疠,1
3838,痪,2199,换,1
3838,痪,2254,握,1
3840,痰,3827,痕,1
3840,痰,3879,癌,1
3842,痴,5445,蠃,1
3843,痹,4643,羿,1
3846,瘀,3831,痞,1
3847,瘁,230,侔,1
3847,瘁,3795,疡,1
3847,瘁,3871,瘴,1
3848,瘃,3824,痍,1
3849,瘅,3825,痒,1
3849,瘅,3828,痖,1
3849,瘅,3830,痛,1
3849,瘅,3871,瘴,1
3853,瘐,3838,痪,1
3853,瘐,3876,瘿,1
3854,瘕,3830,痛,1
3856,瘘,1582,崾,1
3856,瘘,3826,痔,1
3859,瘟,2878,殒,1
3859,瘟,3811,疸,1
3862,瘤,6876,骝,1
3863,瘥,2276,搓,1
3864,瘦,3845,痿,1
3864,瘦,3861,瘢,1
3865,瘩,3578,猞,1
3865,瘩,3701,璈,1
3865,瘩,3803,疮,1
3866,瘪,1709,庾,1
3866,瘪,2275,搒,1
3866,瘪,3806,疱,1
3866,瘪,3811,疸,1
3866,瘪,3856,瘘,1
3867,瘫,3818,痄,1
3867,瘫,3878,癃,1
3867,瘫,3880,癍,1
3869,瘰,3230,源,1
3870,瘳,825,哼,1
3871,瘴,3825,痒,1
3871,瘴,4850,膏,1
3872,瘵,1389,孪,1
3872,瘵,1449,察,1
3873,瘸,4862,膺,1
3874,瘼,3871,瘴,1
3875,瘾,3878,癃,1
3877,癀,3874,瘼,1
3879,癌,3336,濞,1
3879,癌,3816,痂,1
3879,癌,3857,瘙,1
3881,癔,3856,瘘,1
3881,癔,3871,瘴,1
3881,癔,3875,瘾,1
3881,癔,4785,胲,1
3883,癜,2890,殿,1
3884,癞,1959,愀,1
3885,癣,3882,癖,1
3885,癣,3883,癜,1
3886,癫,3883,癜,1
3888,癸,2440,昊,1
3888,癸,4010,矢,1
3889,登,2866,死,1
3889,登,3863,瘥,1
3889,登,4383,簦,1
3890,白,135,仞,1
3890,白,658,句,1
3890,白,1004,囟,1
3890,白,2394,斥,1
3890,白,2425,旮,1
3891,百,53,乍,1
3891,百,456,刍,1
3891,百,2523,有,1
3891,百,2865,歹,1
3891,百,3750,由,1
3891,百,4019,石,1
3891,百,4873,臣,1
3891,百,4875,自,1
3891,百,5007,苷,1
3891,百,5738,谷,1
3892,皂,1401,宅,1
3892,皂,2514,曳,1
3893,的,135,仞,1
3893,的,152,份,1
3893,的,526,劬,1
3893,的,769,咛,1
3893,的,790,品,1
3893,的,1371,孑,1
3893,的,1808,心,1
3893,的,2435,昀,1
3893,的,3298,潋,1
3893,的,3531,犸,1
3893,的,3896,皈,1
3893,的,3898,皎,1
3893,的,4023,矽,1
3893,的,6203,酚,1
3893,的,6505,闩,1
3894,皆,889,喈,1
3894,皆,1164,墁,1
3894,皆,2421,旨,1
3894,皆,2484,晳,1
3894,皆,4292,符,1
3894,皆,4298,笱,1
3894,皆,6710,音,1
3895,皇,726,呈,1
3895,皇,1997,憧,1
3896,皈,2363,敏,1
3897,皋,4876,臬,1
3899,皑,326,傥,1
3899,皑,3901,皖,1
3901,皖,326,傥,1
3901,皖,2469,晓,1
3901,皖,4806,脘,1
3901,皖,5759,貌,1
3901,皖,6974,鲩,1
3902,皙,1762,彗,1
3902,皙,2730,棵,1
3904,皮,359,先,1
3904,皮,643,及,1
3904,皮,646,反,1
3904,皮,3072,洪,1
3904,皮,4958,芨,1
3904,皮,5638,诐,1
3905,皱,1780,彼,1
3906,皲,4774,胥,1
3906,皲,6683,鞁,1
3907,皴,3906,皲,1
3908,皿,2419,旦,1
3908,皿,6046,迥,1
3909,盂,89,亚,1
3909,盂,5789,费,1
3910,盅,3916,盎,1
3910,盅,5338,蛊,1
3910,盅,6059,追,1
3911,盆,209,佥,1
3911,盆,3775,畲,1
3911,盆,4231,空,1
3912,盈,1203,夤,1
3912,盈,2456,昱,1
3912,盈,3913,盉,1
3912,盈,3920,盒,1
3912,盈,6935,鱼,1
3914,益,3920,盒,1
3914,益,6963,鲞,1
3916,盎,3922,盖,1
3917,盏,3915,盍,1
3918,盐,23,丝,1
3918,盐,6973,鲨,1
3918,盐,7168,齿,1
3919,监,36,临,1
3919,监,2861,步,1
3919,监,3269,滥,1
3919,监,4282,笏,1
3919,监,5722,谧,1
3919,监,6048,迨,1
3920,盒,1443,富,1
3920,盒,3911,盆,1
3922,盖,886,善,1
3922,盖,1189,壶,1
3922,盖,3914,益,1
3922,盖,5767,责,1
3923,盗,775,咨,1
3923,盗,3919,监,1
3923,盗,4294,笪,1
3923,盗,6973,鲨,1
3924,盘,108,亶,1
3924,盘,2462,显,1
3925,盛,1936,惑,1
3925,盛,6812,馇,1
3926,盟,754,咀,1
3926,盟,3919,监,1
3926,盟,4647,翌,1
3929,目,1002,囝,1
3929,目,1010,园,1
3929,目,2996,沣,1
3929,目,3736,甘,1
3929,目,3890,白,1
3930,盯,666,叮,1
3930,盯,2058,打,1
3930,盯,2430,时,1
3930,盯,3931,盱,1
3930,盯,4642,羽,1
3931,盱,2429,旴,1
3932,盲,857,商,1
3932,盲,4999,苣,1
3933,直,4875,自,1
3934,相,2442,明,1
3934,相,2612,柏,1
3934,相,2654,栩,1
3934,相,2676,桐,1
3934,相,2739,椎,1
3934,相,2740,椐,1
3934,相,2774,榈,1
3936,盼,708,吩,1
3936,盼,793,哆,1
3936,盼,2070,扮,1
3936,盼,3931,盱,1
3936,盼,3946,眙,1
3936,盼,6787,饬,1
3937,盾,229,侑,1
3937,盾,302,值,1
3937,盾,2158,指,1
3937,盾,3060,洎,1
3937,盾,6672,靥,1
3938,省,1527,岗,1
3938,省,4993,苛,1
3938,省,6615,隹,1
3939,眄,1151,塆,1
3942,眉,1491,局,1
3944,看,2421,旨,1
3944,看,2495,暑,1
3944,看,3963,着,1
3944,看,6829,香,1
3947,眚,4360,篓,1
3948,真,361,克,1
3948,真,1893,息,1
3948,真,3933,直,1
3948,真,4876,臬,1
3948,真,5099,莫,1
3948,真,5138,萁,1
3948,真,7182,龚,1
3949,眠,2442,明,1
3949,眠,2903,毗,1
3949,眠,4824,腒,1
3951,眦,2903,毗,1
3952,眨,741,呤,1
3953,眩,2439,昉,1
3953,眩,2565,杧,1
3953,眩,3769,畛,1
3953,眩,3952,眨,1
3953,眩,4797,脍,1
3954,眬,2461,昽,1
3955,眭,3967,睐,1
3955,眭,3975,睦,1
3956,眯,777,咪,1
3956,眯,834,唑,1
3956,眯,2430,时,1
3956,眯,2450,映,1
3956,眯,2479,晦,1
3956,眯,3508,牲,1
3956,眯,3978,睬,1
3957,眵,793,哆,1
3958,眶,3972,睢,1
3959,眷,3963,着,1
3959,眷,4796,脊,1
3959,眷,6963,鲞,1
3960,眸,1951,惮,1
3960,眸,5343,蛑,1
3961,眺,2667,桃,1
3961,眺,3951,眦,1
3961,眺,4803,脓,1
3962,眼,402,农,1
3962,眼,2458,昵,1
3962,眼,3954,眬,1
3962,眼,4755,胀,1
3963,着,3944,看,1
3964,睁,3390,烀,1
3964,睁,3974,睥,1
3965,睃,829,唆,1
3969,睚,3958,眶,1
3970,睛,868,啧,1
3970,睛,4783,胰,1
3971,睡,2728,棰,1
3971,睡,3952,眨,1
3971,睡,4769,胜,1
3973,督,655,叠,1
3974,睥,4816,脾,1
3975,睦,3772,畦,1
3975,睦,4159,祾,1
3977,睫,2450,映,1
3977,睫,3967,睐,1
3977,睫,5781,贱,1
3977,睫,5819,赙,1
3978,睬,2489,晾,1
3978,睬,3964,睁,1
3978,睬,4802,脒,1
3978,睬,5903,踩,1
3978,睬,7012,鳐,1
3979,睹,3946,眙,1
3979,睹,3978,睬,1
3979,睹,4802,脒,1
3980,睽,3997,瞪,1
3984,瞄,905,喵,1
3984,瞄,1937,惕,1
3984,瞄,2477,晡,1
3984,瞄,3955,眭,1
3985,瞅,2257,揪,1
3986,瞌,916,嗑,1
3988,瞎,316,偶,1
3988,瞎,1596,嵯,1
3988,瞎,2478,晤,1
3988,瞎,4846,膀,1
3988,瞎,4861,膳,1
3990,瞒,3985,瞅,1
3990,瞒,4819,腊,1
3990,瞒,4848,膈,1
3992,瞠,4854,膛,1
3994,瞥,2488,智,1
3994,瞥,2490,暂,1
3994,瞥,3312,潸,1
3994,瞥,3973,督,1
3995,瞧,1994,憔,1
3995,瞧,3438,煦,1
3995,瞧,3439,照,1
3995,瞧,3952,眨,1
3995,瞧,3972,睢,1
3995,瞧,3989,瞑,1
3995,瞧,4859,膨,1
3996,瞩,959,嘱,1
3997,瞪,970,噔,1
3997,瞪,3980,睽,1
3997,瞪,4221,穄,1
3997,瞪,4857,膣,1
3999,瞭,963,嘹,1
4001,瞳,1997,憧,1
4001,瞳,4839,腹,1
4001,瞳,4846,膀,1
4002,瞵,3705,璘,1
4002,瞵,4858,膦,1
4003,瞻,4846,膀,1
4003,瞻,7028,鳤,1
4005,瞿,994,嚯,1
4008,矛,1459,寻,1
4008,矛,1627,市,1
4008,矛,1743,弟,1
4008,矛,2617,柔,1
4008,矛,4774,胥,1
4009,矜,1749,弪,1
4009,矜,3907,皴,1
4009,矜,6302,钤,1
4010,矢,58,乓,1
4010,矢,1209,夬,1
4010,矢,1210,夭,1
4010,矢,3360,灸,1
4011,矣,1213,失,1
4011,矣,3184,渎,1
4011,矣,3382,炱,1
4012,知,4017,短,1
4012,知,4598,缸,1
4012,知,6932,魏,1
4014,矩,4012,知,1
4015,矫,6625,雉,1
4017,短,1781,往,1
4017,短,4012,知,1
4017,短,6338,铉,1
4019,石,4,万,1
4019,石,646,反,1
4019,石,671,右,1
4019,石,5640,诒,1
4020,矶,4024,矾,1
4022,矻,4057,砼,1
4023,矽,2513,曲,1
4023,矽,4070,硚,1
4024,矾,147,仳,1
4024,矾,4065,硐,1
4025,矿,4023,矽,1
4025,矿,6141,邳,1
4026,砀,4071,硝,1
4027,码,4023,矽,1
4027,码,4032,砑,1
4027,码,4063,硌,1
4027,码,4071,硝,1
4027,码,4133,祃,1
4027,码,4581,缦,1
4027,码,7052,鸸,1
4028,砂,4023,矽,1
4028,砂,4183,秒,1
4028,砂,4470,纱,1
4030,砌,4026,砀,1
4031,砍,4067,硕,1
4031,砍,4074,硬,1
4031,砍,4749,肷,1
4032,砑,3618,玡,1
4033,砒,147,仳,1
4033,砒,3880,癍,1
4033,砒,4020,矶,1
4033,砒,4024,矾,1
4034,研,1254,妍,1
4034,研,2397,斫,1
4034,研,2867,歼,1
4034,研,4050,砰,1
4034,研,5857,趼,1
4035,砖,1075,垃,1
4035,砖,3631,玻,1
4037,砘,5302,虺,1
4038,砚,3626,现,1
4040,砝,4061,硅,1
4042,砣,4045,砧,1
4045,砧,4027,码,1
4045,砧,4028,砂,1
4045,砧,5625,诂,1
4045,砧,6761,飐,1
4048,砭,4057,砼,1
4048,砭,4060,硁,1
4050,砰,1065,坪,1
4050,砰,4025,矿,1
4050,砰,4034,研,1
4050,砰,6556,阡,1
4051,破,714,吱,1
4051,破,3631,玻,1
4051,破,3905,皱,1
4051,破,4052,砷,1
4051,破,4054,砹,1
4051,破,5496,被,1
4051,破,5638,诐,1
4052,砷,3540,狎,1
4053,砸,5873,距,1
4057,砼,4060,硁,1
4058,砾,2644,栎,1
4058,砾,4033,砒,1
4058,砾,4043,砥,1
4058,砾,4212,稣,1
4058,砾,5825,赟,1
4058,砾,7031,鸡,1
4059,础,4072,硪,1
4060,硁,4048,砭,1
4060,硁,4057,砼,1
4061,硅,1121,埭,1
4061,硅,3083,洼,1
4061,硅,4035,砖,1
4061,硅,4036,砗,1
4061,硅,4040,砝,1
4061,硅,4059,础,1
4061,硅,4085,碓,1
4066,硒,4026,砀,1
4067,硕,303,倾,1
4067,硕,863,啜,1
4067,硕,2847,欷,1
4067,硕,4026,砀,1
4067,硕,4032,砑,1
4067,硕,4038,砚,1
4067,硕,4043,砥,1
4067,硕,4060,硁,1
4067,硕,4089,碛,1
4067,硕,6717,项,1
4067,硕,6721,顽,1
4067,硕,6726,颂,1
4067,硕,6732,颈,1
4067,硕,6739,颐,1
4071,硝,527,劭,1
4073,硫,3784,疏,1
4073,硫,4022,矻,1
4074,硬,826,哽,1
4074,硬,2868,殁,1
4074,硬,4048,砭,1
4074,硬,4068,硖,1
4074,硬,4079,碇,1
4074,硬,6139,邰,1
4076,确,4066,硒,1
4076,确,4093,碣,1
4076,确,4098,碲,1
4077,硷,2872,殆,1
4078,硼,954,嘣,1
4079,碇,4543,绽,1
4080,碉,5688,调,1
4080,碉,6546,阔,1
4082,碍,4036,砗,1
4082,碍,4081,碌,1
4082,碍,4093,碣,1
4082,碍,5526,裼,1
4082,碍,6417,锝,1
4083,碎,1753,弹,1
4083,碎,3650,珲,1
4083,碎,4036,砗,1
4083,碎,4060,硁,1
4083,碎,4070,硚,1
4083,碎,4084,碑,1
4083,碎,6013,辞,1
4084,碑,277,俾,1
4084,碑,625,厚,1
4084,碑,4050,砰,1
4084,碑,4083,碎,1
4084,碑,5519,裨,1
4084,碑,6971,鲦,1
4086,碗,3670,琬,1
4086,碗,3901,皖,1
4086,碗,4022,矻,1
4086,碗,4053,砸,1
4086,碗,4079,碇,1
4086,碗,5743,豌,1
4087,碘,2870,殃,1
4087,碘,4059,础,1
4089,碛,300,债,1
4091,碟,2875,殊,1
4091,碟,5645,诗,1
4091,碟,5697,谍,1
4094,碥,4076,确,1
4095,碧,893,喏,1
4095,碧,6263,鋆,1
4096,碰,2681,桠,1
4096,碰,4047,砬,1
4096,碰,4075,硭,1
4096,碰,4104,磁,1
4096,碰,6489,镨,1
4096,碰,6618,难,1
4096,碰,7137,黪,1
4097,碱,2136,拣,1
4097,碱,5648,诚,1
4098,碲,1358,嫦,1
4098,碲,4564,缔,1
4100,碴,4037,砘,1
4100,碴,5918,蹅,1
4101,碶,4116,磴,1
4103,碾,4108,磋,1
4104,磁,635,厶,1
4104,磁,1594,嵫,1
4104,磁,4047,砬,1
4104,磁,4073,硫,1
4105,磅,4055,砺,1
4105,磅,4088,碚,1
4105,磅,4090,碜,1
4105,磅,4166,禚,1
4107,磊,4442,累,1
4108,磋,4022,矻,1
4108,磋,4088,碚,1
4108,磋,4090,碜,1
4108,磋,4125,礳,1
4108,磋,6820,馐,1
4111,磕,4035,砖,1
4111,磕,4040,砝,1
4111,磕,4089,碛,1
4113,磨,1507,屠,1
4113,磨,4447,縻,1
4113,磨,5210,蓓,1
4113,磨,5586,詹,1
4113,磨,7116,麻,1
4116,磴,6885,骧,1
4117,磷,3705,璘,1
4117,磷,6115,遴,1
4118,磺,4087,碘,1
4118,磺,4384,簧,1
4119,礁,340,僬,1
4122,礓,345,僵,1
4124,礤,4091,碟,1
4126,礴,4125,礳,1
4127,示,62,乙,1
4127,示,85,亓,1
4127,示,1370,子,1
4127,示,1371,孑,1
4127,示,1408,宓,1
4127,示,2394,斥,1
4127,示,2972,汴,1
4127,示,4438,素,1
4127,示,5744,豕,1
4129,礼,4130,社,1
4129,礼,4131,祀,1
4130,社,129,仕,1
4130,社,1781,往,1
4130,社,3534,狂,1
4130,社,4134,祆,1
4130,社,4136,祉,1
4130,社,5617,讹,1
4132,祁,531,劾,1
4132,祁,6131,邡,1
4133,祃,2567,杩,1
4133,祃,3051,泻,1
4136,祉,2858,止,1
4136,祉,4130,社,1
4137,祎,5611,讳,1
4138,祓,5498,袯,1
4139,祖,1783,徂,1
4139,祖,3006,沮,1
4139,祖,4131,祀,1
4139,祖,4186,租,1
4139,祖,5558,视,1
4139,祖,5628,诅,1
4139,祖,6566,阻,1
4140,祗,4043,砥,1
4141,祚,4041,砟,1
4141,祚,5630,诈,1
4143,祜,4503,结,1
4144,祝,414,况,1
4144,祝,4134,祆,1
4144,祝,4709,职,1
4145,神,183,伸,1
4145,神,3064,洙,1
4145,神,5490,袖,1
4146,祟,101,享,1
4146,祟,2155,拿,1
4146,祟,5075,荬,1
4146,祟,7121,黉,1
4148,祢,4133,祃,1
4149,祥,60,乖,1
4149,祥,1788,徉,1
4149,祥,2631,柱,1
4149,祥,2700,梓,1
4149,祥,3395,烊,1
4149,祥,4141,祚,1
4149,祥,4637,羰,1
4149,祥,5506,裈,1
4150,祧,1284,姚,1
4150,祧,4157,祺,1
4151,票,103,亭,1
4151,票,2165,挛,1
4151,票,2519,曾,1
4151,票,2663,栾,1
4151,票,4608,罘,1
4151,票,5551,要,1
4151,票,6634,雩,1
4152,祭,1386,孥,1
4152,祭,3558,狳,1
4153,祯,4150,祧,1
4154,祲,3119,浸,1
4155,祷,4570,缚,1
4155,祷,5517,裤,1
4155,祷,5537,褥,1
4155,祷,6380,铸,1
4157,祺,4163,禅,1
4160,禀,6268,鎏,1
4161,禁,1762,彗,1
4161,禁,1928,悸,1
4161,禁,2613,某,1
4161,禁,2734,棼,1
4162,禄,4082,碍,1
4162,禄,4545,绿,1
4162,禄,6981,鲰,1
4163,禅,4084,碑,1
4163,禅,4149,祥,1
4163,禅,4164,禊,1
4163,禅,5519,裨,1
4164,禊,4166,禚,1
4165,福,1799,御,1
4165,福,5511,裕,1
4166,禚,4168,禧,1
4168,禧,4169,禳,1
4169,禳,1817,忑,1
4170,禹,737,呙,1
4170,禹,1404,安,1
4171,禺,2444,易,1
4172,离,2861,步,1
4172,离,3281,漓,1
4172,离,3415,焉,1
4172,离,5214,蓠,1
4173,禽,5587,誉,1
4174,禾,1378,孚,1
4174,禾,2052,手,1
4174,禾,2535,木,1
4174,禾,2536,未,1
4174,禾,2541,朱,1
4174,禾,4127,示,1
4175,秀,1384,季,1
4175,秀,2553,李,1
4175,秀,6829,香,1
4176,私,2592,枞,1
4176,私,4183,秒,1
4176,私,4184,秕,1
4177,秃,435,凭,1
4177,秃,1074,垂,1
4178,秆,2133,拜,1
4178,秆,3611,玕,1
4178,秆,4181,种,1
4178,秆,4182,科,1
4178,秆,4188,秤,1
4178,秆,6164,郛,1
4179,秉,1221,奂,1
4179,秉,4677,耒,1
4179,秉,6614,隶,1
4180,秋,2766,楸,1
4180,秋,4183,秒,1
4181,种,6251,釉,1
4182,科,2387,料,1
4182,科,2389,斜,1
4182,科,3181,渊,1
4182,科,4181,种,1
4183,秒,1766,形,1
4183,秒,4180,秋,1
4183,秒,4181,种,1
4183,秒,4680,耖,1
4184,秕,759,和,1
4184,秕,4891,舐,1
4185,秘,72,乱,1
4185,秘,2365,敕,1
4185,秘,4183,秒,1
4185,秘,6340,铋,1
4186,租,470,利,1
4186,租,2455,是,1
4186,租,2459,昶,1
4186,租,3544,狙,1
4186,租,4400,粗,1
4186,租,6840,驵,1
4187,秣,4191,秩,1
4188,秤,3503,牦,1
4188,秤,4182,科,1
4188,秤,4187,秣,1
4188,秤,4193,秭,1
4188,秤,5975,轷,1
4189,秦,105,亲,1
4189,秦,1224,奈,1
4189,秦,5201,蓁,1
4190,秧,3181,渊,1
4190,秧,3370,炔,1
4191,秩,1640,帙,1
4191,秩,2074,扶,1
4191,秩,3508,牲,1
4191,秩,3621,玦,1
4191,秩,4220,穀,1
4191,秩,6841,驶,1
4194,积,4187,秣,1
4194,积,5629,识,1
4194,积,5973,轵,1
4195,称,470,利,1
4195,称,2638,标,1
4195,称,3510,特,1
4195,称,3545,狝,1
4195,称,3613,玙,1
4195,称,4148,祢,1
4195,称,4178,秆,1
4195,称,4180,秋,1
4195,称,4202,稃,1
4195,称,4207,稔,1
4195,称,4208,稗,1
4195,称,4213,稳,1
4196,秸,4181,种,1
4197,移,2240,掺,1
4197,移,2557,杓,1
4197,移,2748,椴,1
4197,移,2785,榭,1
4197,移,4184,秕,1
4197,移,4187,秣,1
4197,移,4198,秽,1
4197,移,4202,稃,1
4197,移,4216,稻,1
4197,移,5710,谚,1
4197,移,5753,豹,1
4198,秽,3680,瑁,1
4198,秽,4200,稀,1
4198,秽,5498,袯,1
4199,秾,2641,栊,1
4200,稀,1632,希,1
4200,稀,4317,筛,1
4203,稆,6354,铝,1
4204,程,2583,枉,1
4204,程,4176,私,1
4204,程,5985,辁,1
4204,程,6219,酲,1
4205,稍,2192,捎,1
4205,稍,3309,潲,1
4205,稍,4183,秒,1
4205,稍,4199,秾,1
4205,稍,4516,绡,1
4206,税,2183,挽,1
4206,税,3533,狁,1
4206,税,4197,移,1
4206,税,4203,稆,1
4206,税,6212,酩,1
4208,稗,2107,抻,1
4208,稗,2203,捭,1
4208,稗,2741,椑,1
4209,稚,2229,推,1
4209,稚,3511,牺,1
4209,稚,6622,雅,1
4210,稞,2730,棵,1
4211,稠,2774,榈,1
4211,稠,3620,玥,1
4212,稣,6944,鲆,1
4213,稳,4185,秘,1
4213,稳,4194,积,1
4215,稹,919,嗔,1
4215,稹,2752,楂,1
4216,稻,4203,稆,1
4216,稻,4223,穑,1
4216,稻,4224,穗,1
4217,稼,1345,嫁,1
4217,稼,2242,掾,1
4217,稼,2750,椽,1
4217,稼,2838,檬,1
4217,稼,3179,淼,1
4217,稼,4195,称,1
4218,稽,286,倚,1
4218,稽,2425,旮,1
4218,稽,2765,楷,1
4218,稽,4223,穑,1
4218,稽,4708,聋,1
4219,稿,4197,移,1
4219,稿,4215,稹,1
4222,穆,4204,程,1
4224,穗,2349,攮,1
4224,穗,4716,聪,1
4226,穴,93,亡,1
4226,穴,374,六,1
4226,穴,1209,夬,1
4226,穴,1397,宀,1
4226,穴,2841,次,1
4227,究,2257,揪,1
4227,究,2923,氕,1
4227,究,4232,穿,1
4227,究,4233,窀,1
4228,穷,521,劣,1
4228,穷,1411,官,1
4228,穷,2043,房,1
4228,穷,4239,窈,1
4230,穹,1573,崟,1
4231,空,1406,完,1
4231,空,1422,室,1
4231,空,4232,穿,1
4231,空,4238,窆,1
4232,穿,1449,察,1
4234,突,1413,定,1
4234,突,1425,宪,1
4234,突,2042,戾,1
4234,突,3605,玄,1
4235,窃,3619,玢,1
4235,窃,4239,窈,1
4236,窄,366,兖,1
4236,窄,1434,容,1
4236,窄,4244,窖,1
4236,窄,4247,窜,1
4236,窄,4989,苔,1
4237,窅,1421,宣,1
4237,窅,3932,盲,1
4237,窅,4245,窗,1
4238,窆,4233,窀,1
4240,窍,4227,究,1
4240,窍,4228,穷,1
4241,窑,105,亲,1
4241,窑,1966,意,1
4241,窑,4247,窜,1
4242,窒,1157,塞,1
4242,窒,1425,宪,1
4242,窒,4233,窀,1
4244,窖,898,喜,1
4244,窖,910,喾,1
4244,窖,1436,宾,1
4244,窖,1440,寅,1
4244,窖,1507,屠,1
4245,窗,3748,甯,1
4246,窘,1440,寅,1
4246,窘,1595,嵬,1
4246,窘,3796,疢,1
4246,窘,4228,穷,1
4247,窜,35,串,1
4247,窜,1652,常,1
4247,窜,4250,窠,1
4248,窝,7143,鼋,1
4249,窟,423,凇,1
4249,窟,1433,宸,1
4252,窥,5568,觑,1
4258,窸,4244,窖,1
4260,立,85,亓,1
4260,立,209,佥,1
4260,立,376,兰,1
4260,立,2401,方,1
4260,立,5601,讧,1
4262,竖,2456,昱,1
4263,站,2405,旃,1
4263,站,3015,沾,1
4263,站,4500,绐,1
4263,站,5625,诂,1
4263,站,5651,话,1
4263,站,6128,邙,1
4263,站,6325,钻,1
4264,竞,357,充,1
4264,竞,1425,宪,1
4264,竞,1479,尧,1
4264,竞,4980,苊,1
4265,竟,2923,氕,1
4266,章,5052,草,1
4266,章,6011,辛,1
4267,竣,1791,後,1
4267,竣,4513,绞,1
4267,竣,6084,逡,1
4268,童,1644,帝,1
4268,童,4265,竟,1
4269,竦,3062,洒,1
4269,竦,3127,涑,1
4270,竭,1754,强,1
4270,竭,5530,褐,1
4270,竭,6695,鞨,1
4271,端,3208,湍,1
4271,端,3688,瑞,1
4271,端,4551,缅,1
4271,端,4566,编,1
4271,端,5689,谄,1
4272,竹,1038,圹,1
4272,竹,1835,忻,1
4272,竹,2044,所,1
4272,竹,2946,汀,1
4272,竹,3546,狞,1
4273,竺,6023,辽,1
4274,竽,4306,等,1
4275,竿,1669,年,1
4275,竿,2901,毕,1
4275,竿,4606,罕,1
4275,竿,4624,羊,1
4275,竿,6273,钅,1
4276,笃,4288,笞,1
4276,笃,6853,骂,1
4276,笃,6871,骘,1
4277,笄,3759,畀,1
4278,笆,4289,笠,1
4278,笆,4930,色,1
4278,笆,4946,芑,1
4279,笈,4274,竽,1
4280,笊,2437,昃,1
4282,笏,4735,肠,1
4283,笑,378,关,1
4283,笑,404,冢,1
4283,笑,725,呆,1
4283,笑,1471,尖,1
4283,笑,4365,篢,1
4284,笔,726,呈,1
4284,笔,2438,昆,1
4284,笔,4275,竿,1
4284,笔,4304,筅,1
4284,笔,4483,线,1
4285,笕,5557,觅,1
4286,笙,1495,居,1
4286,笙,2449,星,1
4286,笙,2605,架,1
4286,笙,2968,汪,1
4286,笙,3260,滗,1
4286,笙,4293,笨,1
4286,笙,4294,笪,1
4286,笙,4304,筅,1
4286,笙,4325,筵,1
4286,笙,5025,茔,1
4286,笙,5909,踵,1
4287,笛,100,亩,1
4287,笛,3758,甾,1
4287,笛,4315,筘,1
4287,笛,4322,筮,1
4289,笠,4318,筜,1
4290,笤,713,启,1
4290,笤,1046,坌,1
4290,笤,1838,忿,1
4290,笤,4044,砦,1
4290,笤,4288,笞,1
4290,笤,4291,笥,1
4290,笤,4344,箧,1
4291,笥,4298,笱,1
4292,符,402,农,1
4292,符,2394,斥,1
4292,符,4968,芳,1
4292,符,5009,苻,1
4293,笨,43,举,1
4293,笨,4247,窜,1
4293,笨,4314,策,1
4294,笪,4332,箅,1
4294,笪,4700,耸,1
4296,第,3130,涕,1
4296,第,3478,爰,1
4296,第,4008,矛,1
4296,第,4287,笛,1
4296,第,4306,等,1
4296,第,4314,策,1
4296,第,4319,筝,1
4296,第,5010,茀,1
4298,笱,4331,简,1
4298,笱,5704,谔,1
4301,笺,2016,戋,1
4301,笺,4279,笈,1
4301,笺,4281,笋,1
4301,笺,4284,笔,1
4301,笺,5098,莪,1
4301,笺,6515,间,1
4302,笼,1418,宠,1
4302,笼,3640,珑,1
4302,笼,4309,筏,1
4302,笼,7181,龙,1
4304,筅,359,先,1
4305,筇,4311,筑,1
4306,等,52,乌,1
4306,等,1403,守,1
4306,等,1458,寺,1
4306,等,1460,导,1
4306,等,4232,穿,1
4306,等,4301,笺,1
4307,筋,523,助,1
4307,筋,4725,肋,1
4308,筌,6259,鉴,1
4309,筏,1728,弁,1
4309,筏,4352,箴,1
4310,筐,4300,笸,1
4310,筐,6952,鲎,1
4311,筑,4302,笼,1
4311,筑,4305,筇,1
4311,筑,4320,筠,1
4311,筑,4360,篓,1
4311,筑,4462,纨,1
4311,筑,5134,菸,1
4311,筑,5988,辄,1
4311,筑,6398,锊,1
4312,筒,4291,笥,1
4312,筒,4324,筲,1
4312,筒,4331,简,1
4312,筒,6782,饧,1
4313,答,478,券,1
4313,答,891,喊,1
4313,答,1524,岑,1
4313,答,3419,焓,1
4313,答,3865,瘩,1
4313,答,4330,签,1
4313,答,6259,鉴,1
4314,策,1458,寺,1
4314,策,4296,第,1
4314,策,4392,籴,1
4316,筚,582,华,1
4317,筛,3801,疬,1
4319,筝,1533,岢,1
4319,筝,2148,拳,1
4319,筝,4276,笃,1
4319,筝,4281,笋,1
4319,筝,4306,等,1
4319,筝,4318,筜,1
4319,筝,4606,罕,1
4323,筱,4374,簃,1
4324,筲,4312,筒,1
4324,筲,4334,箐,1
4325,筵,4376,簉,1
4325,筵,6049,迩,1
4327,筹,3497,牚,1
4327,筹,3776,畴,1
4327,筹,4334,箐,1
4327,筹,5162,葑,1
4328,筻,4287,笛,1
4328,筻,4314,策,1
4329,筼,5775,贫,1
4329,筼,5811,赏,1
4330,签,23,丝,1
4330,签,891,喊,1
4330,签,1062,坦,1
4330,签,1573,崟,1
4330,签,4238,窆,1
4330,签,5105,莶,1
4330,签,6259,鉴,1
4330,签,6264,鋈,1
4331,简,190,位,1
4331,简,4165,福,1
4331,简,6305,钧,1
4331,简,6515,间,1
4332,箅,2390,斝,1
4332,箅,4338,算,1
4333,箍,4340,箝,1
4335,箓,4306,等,1
4336,箔,3021,泊,1
4336,箔,3258,滔,1
4336,箔,4280,笊,1
4336,箔,4555,缉,1
4336,箔,5135,菹,1
4336,箔,5206,蓊,1
4336,箔,6791,饰,1
4337,箕,4364,篡,1
4337,箕,5138,萁,1
4337,箕,6786,饫,1
4337,箕,7128,黛,1
4338,算,1194,复,1
4338,算,4316,筚,1
4338,算,4367,篦,1
4338,算,4884,舁,1
4339,箜,639,叁,1
4339,箜,3916,盎,1
4339,箜,4300,笸,1
4340,箝,4315,筘,1
4340,箝,4351,箱,1
4341,管,879,啻,1
4341,管,4262,竖,1
4341,管,4295,笫,1
4341,管,4850,膏,1
4341,管,5902,踣,1
4341,管,6004,辔,1
4342,箢,4285,笕,1
4343,箦,4359,篑,1
4345,箨,6148,邻,1
4346,箩,650,受,1
4346,箩,4279,笈,1
4346,箩,5150,萝,1
4348,箫,4360,篓,1
4348,箫,5154,萧,1
4349,箬,4288,笞,1
4349,箬,5091,莙,1
4350,箭,478,券,1
4350,箭,7050,鸶,1
4351,箱,3794,疠,1
4351,箱,4315,筘,1
4351,箱,4340,箝,1
4351,箱,4390,籍,1
4351,箱,4566,编,1
4353,箸,4288,笞,1
4353,箸,4334,箐,1
4355,篆,1761,彖,1
4355,篆,4714,聚,1
4356,篇,4313,答,1
4357,篊,3138,涢,1
4357,篊,4369,篮,1
4360,篓,1285,姜,1
4360,篓,1298,娄,1
4360,篓,4283,笑,1
4360,篓,4359,篑,1
4361,篙,1593,嵩,1
4361,篙,3300,潏,1
4361,篙,4337,箕,1
4361,篙,4382,簠,1
4361,篙,4574,缟,1
4362,篚,4322,筮,1
4363,篝,4343,箦,1
4364,篡,1170,墓,1
4365,篢,5774,贪,1
4369,篮,3269,滥,1
4369,篮,3921,盔,1
4369,篮,3923,盗,1
4369,篮,4376,簉,1
4369,篮,5212,蓝,1
4369,篮,6094,逼,1
4369,篮,6104,遒,1
4370,篱,3434,煎,1
4370,篱,4356,篇,1
4370,篱,4367,篦,1
4370,篱,5214,蓠,1
4370,篱,5264,薯,1
4371,篷,1788,徉,1
4371,篷,2503,暹,1
4371,篷,4005,瞿,1
4371,篷,4310,筐,1
4371,篷,5102,莲,1
4372,篼,4285,笕,1
4374,簃,4218,稽,1
4375,簇,2412,族,1
4376,簉,6083,造,1
4377,簋,7144,鼍,1
4381,簟,4700,耸,1
4381,簟,6553,阜,1
4383,簦,7019,鳘,1
4384,簧,437,凰,1
4384,簧,1656,幂,1
4384,簧,3412,烹,1
4384,簧,4265,竟,1
4384,簧,4337,箕,1
4384,簧,4359,篑,1
4384,簧,4365,篢,1
4384,簧,4369,篮,1
4385,簪,4276,笃,1
4386,簸,2399,斯,1
4386,簸,2850,欺,1
4387,簿,1230,奔,1
4387,簿,5103,莳,1
4387,簿,7102,鹳,1
4389,籁,4322,筮,1
4389,籁,4378,簌,1
4390,籍,4374,簃,1
4390,籍,6411,锗,1
4391,米,87,井,1
4391,米,516,办,1
4391,米,581,半,1
4391,米,764,咔,1
4391,米,2053,扌,1
4391,米,2564,来,1
4391,米,3068,洣,1
4391,米,4677,耒,1
4391,米,4719,肀,1
4392,籴,199,余,1
4393,类,1298,娄,1
4393,类,3056,洄,1
4394,籼,6251,釉,1
4396,粉,1276,始,1
4396,粉,4403,粝,1
4396,粉,4685,耠,1
4396,粉,5812,赐,1
4398,粒,2565,杧,1
4398,粒,4191,秩,1
4399,粕,2125,拓,1
4399,粕,2620,柚,1
4399,粕,4398,粒,1
4399,粕,4401,粘,1
4400,粗,2721,棘,1
4400,粗,4186,租,1
4401,粘,1638,帖,1
4401,粘,3507,牯,1
4401,粘,4396,粉,1
4401,粘,4398,粒,1
4401,粘,4682,耘,1
4401,粘,4684,耜,1
4402,粜,105,亲,1
4405,粟,1221,奂,1
4405,粟,2663,栾,1
4405,粟,4151,票,1
4405,粟,4250,窠,1
4406,粢,2689,桨,1
4406,粢,4412,粲,1
4407,粤,6634,雩,1
4407,粤,6910,髻,1
4409,粪,447,凿,1
4409,粪,4393,类,1
4410,粮,1240,女,1
4410,粮,4201,稂,1
4410,粮,4397,粑,1
4411,粱,2590,果,1
4411,粱,5514,裟,1
4411,粱,5683,课,1
4412,粲,4415,粼,1
4413,粳,4395,籽,1
4414,粹,2618,柘,1
4414,粹,3395,烊,1
4414,粹,4398,粒,1
4414,粹,4426,糖,1
4415,粼,4416,粽,1
4416,粽,4418,糁,1
4417,精,1327,婧,1
4417,精,2776,榍,1
4417,精,3512,牾,1
4417,精,4390,籍,1
4418,糁,4420,糇,1
4420,糇,4423,糌,1
4421,糈,1335,婿,1
4422,糊,3580,猢,1
4423,糌,4424,糍,1
4425,糕,4628,羔,1
4426,糖,833,唐,1
4426,糖,1772,彬,1
4426,糖,4692,耪,1
4427,糗,3243,溴,1
4428,糙,1986,慥,1
4428,糙,2124,拒,1
4429,糜,1696,庠,1
4429,糜,1720,廪,1
4429,糜,4447,縻,1
4430,糟,2349,攮,1
4431,糠,1991,慷,1
4431,糠,4413,粳,1
4431,糠,4805,脖,1
4433,糯,1395,孺,1
4433,糯,4421,糈,1
4433,糯,5812,赐,1
4434,糵,2834,檗,1
4434,糵,5061,荜,1
4435,糸,102,京,1
4436,系,22,东,1
4436,系,76,予,1
4436,系,101,享,1
4436,系,102,京,1
4436,系,198,佘,1
4436,系,1374,孕,1
4436,系,2155,拿,1
4436,系,2924,氖,1
4436,系,4008,矛,1
4436,系,4438,素,1
4436,系,6273,钅,1
4437,紊,5201,蓁,1
4437,紊,6085,逢,1
4438,素,1228,奏,1
4438,素,1384,季,1
4438,素,1881,恚,1
4438,素,2553,李,1
4438,素,4442,累,1
4438,素,4445,綦,1
4439,索,1381,孝,1
4439,索,1474,尜,1
4439,索,2573,杳,1
4439,索,4437,紊,1
4439,索,5163,葖,1
4439,索,5830,赤,1
4440,紧,1474,尜,1
4440,紧,3016,沿,1
4440,紧,3089,浆,1
4440,紧,4152,祭,1
4441,紫,443,出,1
4441,紫,1378,孚,1
4441,紫,1387,学,1
4441,紫,1544,岽,1
4441,紫,2689,桨,1
4441,紫,4443,絮,1
4441,紫,5153,萦,1
4441,紫,5584,訾,1
4442,累,351,儡,1
4442,累,1857,思,1
4442,累,2444,易,1
4442,累,2482,景,1
4442,累,4355,篆,1
4443,絮,625,厚,1
4443,絮,897,喙,1
4443,絮,1386,孥,1
4443,絮,4152,祭,1
4443,絮,4444,絷,1
4443,絮,5486,袈,1
4444,絷,2164,挚,1
4446,綮,2725,棨,1
4446,綮,6609,隙,1
4447,縻,5281,蘑,1
4448,繁,256,俘,1
4448,繁,4306,等,1
4448,繁,4443,絮,1
4448,繁,6005,辕,1
4450,繇,7093,鹩,1
4451,纂,1474,尜,1
4451,纂,1823,忝,1
4451,纂,4445,綦,1
4453,纟,68,乡,1
4454,纠,121,仉,1
4454,纠,1261,妣,1
4454,纠,4227,究,1
4454,纠,4457,纣,1
4454,纠,5631,诉,1
4456,红,2962,江,1
4456,红,4467,纭,1
4456,红,6281,钍,1
4456,红,6781,饥,1
4457,纣,4455,纡,1
4458,纤,113,什,1
4458,纤,136,仟,1
4458,纤,148,仵,1
4458,纤,3115,浮,1
4458,纤,4454,纠,1
4458,纤,4477,纸,1
4458,纤,4494,绊,1
4458,纤,5600,讦,1
4460,约,124,仍,1
4460,约,4554,缈,1
4461,级,131,仗,1
4461,级,1778,役,1
4461,级,2362,敌,1
4461,级,2886,殳,1
4461,级,4472,纳,1
4461,级,4477,纸,1
4461,级,4478,纹,1
4461,级,4500,绐,1
4461,级,5762,贝,1
4461,级,6342,铍,1
4463,纩,4025,矿,1
4464,纪,112,亿,1
4464,纪,354,允,1
4464,纪,399,冗,1
4464,纪,1268,妮,1
4464,纪,2950,汇,1
4464,纪,4475,纶,1
4464,纪,6290,钘,1
4465,纫,661,叩,1
4465,纫,1242,奶,1
4465,纫,4471,纲,1
4466,纬,1790,律,1
4466,纬,3374,炜,1
4466,纬,4494,绊,1
4466,纬,4721,肄,1
4467,纭,6738,颏,1
4468,纯,4484,绀,1
4468,纯,5636,诎,1
4469,纰,147,仳,1
4469,纰,4477,纸,1
4470,纱,115,仂,1
4470,纱,4183,秒,1
4470,纱,4463,纩,1
4470,纱,6569,阿,1
4471,纲,2420,旧,1
4471,纲,3001,沨,1
4471,纲,4490,细,1
4471,纲,6300,钢,1
4472,纳,115,仂,1
4472,纳,4474,纵,1
4472,纳,4485,绁,1
4473,纴,151,任,1
4473,纴,4458,纤,1
4473,纴,4464,纪,1
4474,纵,2592,枞,1
4474,纵,6146,邹,1
4475,纶,175,伧,1
4475,纶,1782,征,1
4475,纶,2984,沉,1
4475,纶,2999,沦,1
4475,纶,4514,统,1
4475,纶,5640,诒,1
4475,纶,5752,豸,1
4476,纷,172,伤,1
4476,纷,452,分,1
4476,纷,3619,玢,1
4476,纷,4479,纺,1
4476,纷,4506,绗,1
4476,纷,4555,缉,1
4477,纸,191,低,1
4477,纸,1312,娥,1
4477,纸,2076,扺,1
4477,纸,2978,沂,1
4477,纸,3031,泜,1
4477,纸,5633,诋,1
4478,纹,1058,坟,1
4478,纹,1288,姣,1
4478,纹,2352,攵,1
4478,纹,2354,攸,1
4478,纹,2356,攻,1
4478,纹,2357,放,1
4478,纹,3616,玟,1
4478,纹,4474,纵,1
4478,纹,6023,辽,1
4479,纺,172,伤,1
4479,纺,1613,巧,1
4479,纺,1765,彡,1
4479,纺,2584,枋,1
4479,纺,2964,污,1
4479,纺,2982,沆,1
4479,纺,4467,纭,1
4479,纺,4470,纱,1
4480,纻,177,伫,1
4481,纽,156,伊,1
4481,纽,167,伛,1
4481,纽,1781,往,1
4481,纽,1834,忸,1
4481,纽,3101,浓,1
4481,纽,3170,淦,1
4481,纽,3535,狃,1
4481,纽,4473,纴,1
4481,纽,4485,绁,1
4482,纾,4455,纡,1
4483,线,228,侏,1
4483,线,249,俅,1
4483,线,2017,戌,1
4483,线,2022,我,1
4483,线,2024,戕,1
4483,线,4462,纨,1
4483,线,6790,饯,1
4485,绁,4481,纽,1
4487,练,3050,泺,1
4487,练,4505,绕,1
4487,练,4526,绫,1
4488,组,189,但,1
4488,组,1062,坦,1
4488,组,1789,徊,1
4488,组,4186,租,1
4488,组,6046,迥,1
4489,绅,1061,坤,1
4489,绅,3752,申,1
4489,绅,4490,细,1
4489,绅,5610,讲,1
4490,细,4455,纡,1
4490,细,4471,纲,1
4490,细,4481,纽,1
4490,细,4538,绸,1
4490,细,6356,铟,1
4491,织,155,伉,1
4491,织,189,但,1
4491,织,271,俱,1
4491,织,1607,川,1
4491,织,1778,役,1
4491,织,4194,积,1
4491,织,4463,纩,1
4491,织,4474,纵,1
4491,织,4476,纷,1
4491,织,5598,认,1
4491,织,5973,轵,1
4491,织,6354,铝,1
4492,终,768,咚,1
4492,终,1547,峂,1
4492,终,4589,缮,1
4492,终,6800,饹,1
4494,绊,149,件,1
4494,绊,1788,徉,1
4494,绊,2996,沣,1
4494,绊,4466,纬,1
4494,绊,4489,绅,1
4494,绊,6681,靽,1
4497,绍,124,仍,1
4497,绍,3013,沼,1
4498,绎,128,仔,1
4498,绎,3053,泽,1
4498,绎,3182,渌,1
4499,经,23,丝,1
4499,经,137,仡,1
4499,经,184,伺,1
4499,经,223,侄,1
4499,经,1034,圮,1
4499,经,1049,坏,1
4499,经,1749,弪,1
4499,经,3397,烙,1
4499,经,4459,纥,1
4499,经,4461,级,1
4499,经,4497,绍,1
4499,经,6369,铭,1
4500,绐,5640,诒,1
4501,绑,301,倻,1
4501,绑,4559,缎,1
4502,绒,1312,娥,1
4502,绒,4457,纣,1
4502,绒,4483,线,1
4503,结,128,仔,1
4503,结,217,佶,1
4503,结,223,侄,1
4503,结,258,俜,1
4503,结,1278,姑,1
4503,结,1287,姞,1
4503,结,3014,沽,1
4503,结,3049,泸,1
4503,结,3639,珐,1
4503,结,4497,绍,1
4503,结,4504,绔,1
4503,结,5632,诊,1
4503,结,6041,违,1
4503,结,6956,鲒,1
4505,绕,236,侥,1
4505,绕,359,先,1
4505,绕,1300,娆,1
4505,绕,3090,浇,1
4505,绕,4069,硗,1
4505,绕,4206,税,1
4505,绕,4553,缇,1
4505,绕,6351,铙,1
4505,绕,6852,骁,1
4507,绘,240,侩,1
4507,绘,3033,泠,1
4507,绘,3406,烩,1
4507,绘,4459,纥,1
4507,绘,4467,纭,1
4507,绘,4797,脍,1
4508,给,255,俗,1
4508,给,375,兮,1
4508,给,1276,始,1
4508,给,2976,汾,1
4508,给,4459,纥,1
4508,给,4467,纭,1
4508,给,5500,袷,1
4508,给,6366,铪,1
4508,给,6799,饸,1
4509,绚,206,你,1
4509,绚,4460,约,1
4509,绚,4517,绢,1
4509,绚,4539,绹,1
4509,绚,4551,缅,1
4511,络,1784,径,1
4511,络,3081,洺,1
4511,络,3397,烙,1
4511,络,3642,珞,1
4511,络,4462,纨,1
4511,络,4492,终,1
4511,络,4510,绛,1
4511,络,6800,饹,1
4512,绝,3008,沲,1
4512,绝,3111,浥,1
4512,绝,4480,纻,1
4513,绞,631,厦,1
4513,绞,643,及,1
4513,绞,1672,幺,1
4513,绞,1778,役,1
4513,绞,3504,牧,1
4513,绞,4159,祾,1
4513,绞,4461,级,1
4513,绞,4536,绶,1
4514,统,2982,沆,1
4514,统,3086,流,1
4514,统,3490,片,1
4514,统,4459,纥,1
4514,统,4482,纾,1
4514,统,4513,绞,1
4514,统,6375,铳,1
4516,绡,4531,绱,1
4517,绢,306,偈,1
4517,绢,1062,坦,1
4517,绢,3138,涢,1
4517,绢,4531,绱,1
4517,绢,4574,缟,1
4517,绢,5370,蜎,1
4518,绣,372,八,1
4518,绣,3655,琇,1
4518,绣,4565,缕,1
4518,绣,5670,诱,1
4518,绣,5797,赁,1
4518,绣,6812,馇,1
4519,绤,255,俗,1
4519,绤,4511,络,1
4520,绥,2160,按,1
4520,绥,2960,汝,1
4520,绥,4483,线,1
4520,绥,4500,绐,1
4520,绥,4512,绝,1
4520,绥,4536,绶,1
4520,绥,6377,铵,1
4520,绥,6807,馁,1
4521,绦,223,侄,1
4521,绦,3258,滔,1
4521,绦,4460,约,1
4521,绦,6806,馀,1
4521,绦,6971,鲦,1
4522,继,4484,绀,1
4522,继,4970,芷,1
4523,绨,6074,递,1
4524,绩,331,傲,1
4524,绩,1327,婧,1
4524,绩,4505,绕,1
4524,绩,4565,缕,1
4524,绩,4578,缣,1
4525,绪,5657,诣,1
4527,续,4526,绫,1
4527,续,5680,读,1
4528,绮,286,倚,1
4528,绮,4508,给,1
4529,绯,1796,徘,1
4530,绰,3427,焯,1
4530,绰,4542,综,1
4531,绱,1798,徜,1
4533,绳,2984,沉,1
4533,绳,4468,纯,1
4533,绳,5391,蝇,1
4534,维,4506,绗,1
4534,维,6625,雉,1
4535,绵,4495,绋,1
4535,绵,4542,综,1
4535,绵,4576,缡,1
4537,绷,3600,獬,1
4537,绷,6403,锏,1
4538,绸,287,倜,1
4538,绸,425,凋,1
4538,绸,854,啁,1
4538,绸,1789,徊,1
4538,绸,3067,洞,1
4538,绸,4211,稠,1
4538,绸,4490,细,1
4538,绸,4549,缃,1
4539,绹,4509,绚,1
4541,绻,6428,锩,1
4542,综,206,你,1
4542,综,424,凉,1
4542,综,1410,宗,1
4542,综,1792,徐,1
4542,综,4578,缣,1
4542,综,4580,缥,1
4542,综,5646,诘,1
4542,综,5691,谆,1
4543,绽,247,促,1
4543,绽,1780,彼,1
4543,绽,2995,没,1
4543,绽,4480,纻,1
4543,绽,4512,绝,1
4543,绽,4553,缇,1
4544,绾,6811,馆,1
4545,绿,3045,泳,1
4545,绿,4521,绦,1
4545,绿,4553,缇,1
4545,绿,4568,缘,1
4546,缀,323,傈,1
4546,缀,2213,掇,1
4546,缀,3203,游,1
4547,缁,3154,淄,1
4548,缂,4593,缲,1
4550,缄,249,俅,1
4550,缄,427,减,1
4550,缄,1075,垃,1
4550,缄,1539,岱,1
4551,缅,523,助,1
4551,缅,3021,泊,1
4551,缅,4476,纷,1
4551,缅,4549,缃,1
4551,缅,5702,谒,1
4551,缅,5929,蹜,1
4551,缅,6201,酒,1
4552,缆,282,倓,1
4553,缇,315,偲,1
4554,缈,3204,渺,1
4555,缉,243,侮,1
4555,缉,3292,漳,1
4555,缉,4567,缗,1
4556,缋,5905,踬,1
4559,缎,1394,孵,1
4559,缎,2538,本,1
4559,缎,2888,段,1
4559,缎,3219,湫,1
4559,缎,3242,溲,1
4559,缎,4469,纰,1
4561,缑,4579,缤,1
4562,缒,4592,缱,1
4563,缓,524,努,1
4563,缓,1791,後,1
4563,缓,3221,湲,1
4563,缓,4279,笈,1
4563,缓,5659,该,1
4564,缔,4468,纯,1
4564,缔,4523,绨,1
4564,缔,4542,综,1
4565,缕,307,偌,1
4565,缕,2768,楼,1
4565,缕,4457,纣,1
4565,缕,4483,线,1
4565,缕,4577,缢,1
4565,缕,5408,蝼,1
4565,缕,6451,镂,1
4566,编,3520,犏,1
4566,编,3795,疡,1
4567,缗,3216,湝,1
4568,缘,2242,掾,1
4568,缘,3152,涿,1
4568,缘,3578,猞,1
4568,缘,4542,综,1
4570,缚,4521,绦,1
4570,缚,4530,绰,1
4570,缚,4548,缂,1
4570,缚,6457,镈,1
4572,缜,4570,缚,1
4573,缝,205,佟,1
4573,缝,3414,烽,1
4573,缝,3659,琏,1
4573,缝,4498,绎,1
4573,缝,6085,逢,1
4574,缟,5078,药,1
4575,缠,3342,瀍,1
4575,缠,3834,痤,1
4575,缠,4462,纨,1
4577,缢,330,催,1
4577,缢,3235,溢,1
4579,缤,3106,浜,1
4579,缤,4543,绽,1
4579,缤,4572,缜,1
4579,缤,4590,缯,1
4579,缤,5690,谅,1
4579,缤,6469,镔,1
4580,缥,562,匜,1
4581,缦,5724,谩,1
4582,缧,4557,缌,1
4583,缨,3285,漤,1
4584,缩,255,俗,1
4585,缪,334,僇,1
4585,缪,5727,谬,1
4585,缪,6481,镠,1
4586,缫,1610,巢,1
4588,缭,4528,绮,1
4588,缭,4585,缪,1
4588,缭,4586,缫,1
4588,缭,5941,蹽,1
4588,缭,6484,镣,1
4588,缭,6993,鲼,1
4589,缮,3234,溠,1
4590,缯,339,僧,1
4591,缰,3328,澶,1
4591,缰,4122,礓,1
4592,缱,5735,谴,1
4593,缲,3323,澡,1
4595,缴,331,傲,1
4595,缴,1714,廒,1
4595,缴,4568,缘,1
4595,缴,4590,缯,1
4598,缸,2926,氙,1
4598,缸,4597,缶,1
4598,缸,5741,豇,1
4599,缺,5482,袂,1
4599,缺,5856,趺,1
4600,罂,5933,蹬,1
4601,罄,6831,馨,1
4601,罄,7019,鳘,1
4604,网,392,冈,1
4604,网,454,刈,1
4604,网,1002,囝,1
4604,网,6506,闪,1
4605,罔,1017,国,1
4606,罕,586,卓,1
4606,罕,1428,宰,1
4606,罕,4275,竿,1
4606,罕,4281,笋,1
4607,罗,1518,岁,1
4607,罗,4229,穸,1
4607,罗,4230,穹,1
4607,罗,4942,芋,1
4612,罢,3765,畏,1
4612,罢,4607,罗,1
4614,罩,401,军,1
4614,罩,2428,旱,1
4614,罩,3981,睾,1
4614,罩,4347,箪,1
4614,罩,5180,葺,1
4615,罪,1129,堀,1
4615,罪,2463,晁,1
4615,罪,3818,痄,1
4616,置,1421,宣,1
4616,置,3963,着,1
4616,置,4409,粪,1
4616,置,4614,罩,1
4618,署,1176,墨,1
4618,署,1507,屠,1
4618,署,4327,筹,1
4618,署,4349,箬,1
4618,署,4619,罴,1
4619,罴,2456,昱,1
4619,罴,7125,黑,1
4624,羊,1,一,1
4624,羊,2961,汞,1
4624,羊,3786,疒,1
4624,羊,4941,芊,1
4624,羊,5069,荦,1
4624,羊,6554,阝,1
4625,羌,356,兄,1
4625,羌,378,关,1
4625,羌,1880,恙,1
4625,羌,5060,荛,1
4626,美,378,关,1
4626,美,1285,姜,1
4626,美,4343,箦,1
4626,美,6858,骈,1
4627,羑,4633,羡,1
4628,羔,376,兰,1
4629,羚,1617,差,1
4629,羚,6366,铪,1
4633,羡,4627,羑,1
4634,群,5345,蛘,1
4634,群,6850,驿,1
4636,羯,6495,镯,1
4638,羲,2076,扺,1
4639,羸,4727,肓,1
4640,羹,4626,美,1
4640,羹,5197,蒹,1
4642,羽,2527,朐,1
4642,羽,3535,狃,1
4642,羽,6509,问,1
4645,翅,4651,翘,1
4645,翅,5843,趄,1
4645,翅,5850,趣,1
4645,翅,6563,阴,1
4648,翎,4474,纵,1
4649,翔,479,刹,1
4649,翔,487,剃,1
4653,翚,4655,翠,1
4654,翟,3439,照,1
4654,翟,4005,瞿,1
4654,翟,5147,萑,1
4659,翩,5545,襕,1
4663,翱,4665,翻,1
4665,翻,473,刮,1
4666,翼,1475,尝,1
4666,翼,5049,荄,1
4666,翼,5512,裘,1
4667,耀,3455,熠,1
4668,老,1077,垅,1
4668,老,1677,庀,1
4669,考,1375,字,1
4669,考,1495,居,1
4669,考,3371,炕,1
4669,考,4668,老,1
4670,耄,4669,考,1
4671,者,870,啬,1
4671,者,1723,廷,1
4671,者,2445,昔,1
4671,者,5001,若,1
4671,者,6826,首,1
4672,耆,5207,蓍,1
4673,耋,1076,垄,1
4674,而,618,历,1
4674,而,692,向,1
4674,而,1226,奋,1
4674,而,4008,矛,1
4674,而,5550,西,1
4674,而,6713,页,1
4675,耍,1401,宅,1
4675,耍,1886,恧,1
4675,耍,6643,霁,1
4677,耒,4009,矜,1
4679,耕,394,册,1
4680,耖,2082,抄,1
4682,耘,6582,陔,1
4683,耙,2575,杷,1
4683,耙,4397,粑,1
4684,耜,4203,稆,1
4684,耜,4688,耦,1
4685,耠,4203,稆,1
4685,耠,4687,耥,1
4690,耨,4695,耲,1
4692,耪,2781,榜,1
4692,耪,4691,耩,1
4695,耲,2346,攘,1
4696,耳,4875,自,1
4697,耵,3931,盱,1
4698,耶,604,卯,1
4698,耶,609,卵,1
4698,耶,4697,耵,1
4698,耶,4707,聊,1
4698,耶,4766,胙,1
4698,耶,6141,邳,1
4698,耶,6172,郫,1
4700,耸,15,且,1
4700,耸,4708,聋,1
4701,耻,4730,肚,1
4703,耿,4180,秋,1
4703,耿,4702,耽,1
4703,耿,4738,肤,1
4703,耿,4755,胀,1
4703,耿,6310,钬,1
4706,聆,4711,聒,1
4708,聋,3509,牵,1
4709,职,1822,忙,1
4709,职,2584,枋,1
4709,职,5973,轵,1
4712,联,2529,朕,1
4712,联,6620,雁,1
4713,聘,258,俜,1
4713,聘,4834,腭,1
4714,聚,1906,悉,1
4714,聚,5486,袈,1
4714,聚,5754,豺,1
4714,聚,7122,黍,1
4716,聪,2714,棁,1
4716,聪,4185,秘,1
4716,聪,4851,膑,1
4719,肀,33,中,1
4719,肀,1484,尹,1
4721,肄,4722,肆,1
4721,肄,6092,逸,1
4722,肆,3624,玮,1
4722,肆,3669,琫,1
4722,肆,6681,靽,1
4724,肉,391,内,1
4724,肉,1939,惚,1
4724,肉,6532,阅,1
4725,肋,115,仂,1
4725,肋,4393,类,1
4728,肖,1473,尚,1
4728,肖,2547,杂,1
4728,肖,3543,狗,1
4728,肖,3938,省,1
4728,肖,4759,胄,1
4728,肖,4992,苘,1
4729,肘,4711,聒,1
4729,肘,4802,脒,1
4730,肚,460,刖,1
4730,肚,3501,牡,1
4730,肚,4729,肘,1
4730,肚,4802,脒,1
4730,肚,6834,驮,1
4731,肛,460,刖,1
4731,肛,2427,旰,1
4731,肛,4730,肚,1
4732,肜,1767,彤,1
4732,肜,2431,旷,1
4732,肜,4734,肟,1
4733,肝,2867,歼,1
4733,肝,2903,毗,1
4733,肝,4754,肿,1
4735,肠,4814,脶,1
4735,肠,4842,腼,1
4736,股,2888,段,1
4736,股,4771,胞,1
4736,股,4809,脧,1
4737,肢,14,专,1
4737,肢,1256,妓,1
4737,肢,1831,忮,1
4737,肢,2526,服,1
4737,肢,4749,肷,1
4737,肢,6342,铍,1
4738,肤,792,哄,1
4738,肤,4749,肷,1
4738,肤,4752,肽,1
4738,肤,4777,胩,1
4738,肤,4784,胱,1
4738,肤,5322,蚨,1
4739,肥,4731,肛,1
4740,肩,2519,曾,1
4740,肩,4929,艰,1
4740,肩,4992,苘,1
4740,肩,6810,馅,1
4741,肪,2584,枋,1
4741,肪,3936,盼,1
4741,肪,4766,胙,1
4741,肪,4814,脶,1
4741,肪,6561,防,1
4742,肫,4739,肥,1
4744,肮,1845,怆,1
4744,肮,2091,抗,1
4744,肮,2439,昉,1
4744,肮,4741,肪,1
4744,肮,4766,胙,1
4744,肮,4801,脑,1
4744,肮,4818,腈,1
4744,肮,4902,航,1
4744,肮,6308,钪,1
4745,肯,1585,嵋,1
4745,肯,2444,易,1
4745,肯,4728,肖,1
4745,肯,6886,骨,1
4747,育,456,刍,1
4747,育,1821,忘,1
4747,育,2451,春,1
4747,育,3932,盲,1
4747,育,4237,窅,1
4747,育,4435,糸,1
4748,肴,1237,奢,1
4748,肴,1423,宥,1
4748,肴,1437,宿,1
4750,肺,460,刖,1
4750,肺,2452,昧,1
4750,肺,3936,盼,1
4750,肺,4741,肪,1
4750,肺,4757,胂,1
4752,肽,4762,胍,1
4753,肾,613,卻,1
4753,肾,1871,怿,1
4753,肾,2995,没,1
4753,肾,4972,芹,1
4754,肿,1825,忡,1
4754,肿,4737,肢,1
4754,肿,4766,胙,1
4754,肿,4802,脒,1
4755,胀,1634,帐,1
4755,胀,3074,洮,1
4755,胀,3951,眦,1
4755,胀,4752,肽,1
4755,胀,4777,胩,1
4756,胁,3216,湝,1
4756,胁,4749,肷,1
4757,胂,4768,胛,1
4758,胃,396,冒,1
4758,胃,695,吕,1
4758,胃,2445,昔,1
4758,胃,4728,肖,1
4759,胄,3525,犭,1
4760,胆,3165,淝,1
4760,胆,4779,胫,1
4761,背,2710,梵,1
4761,背,3216,湝,1
4761,背,4717,聱,1
4761,背,4728,肖,1
4761,背,7051,鸷,1
4762,胍,4770,胝,1
4763,胎,2439,昉,1
4763,胎,2527,朐,1
4763,胎,4732,肜,1
4763,胎,4766,胙,1
4763,胎,4786,胳,1
4763,胎,5791,贻,1
4764,胖,3966,睇,1
4764,胖,4754,肿,1
4764,胖,4757,胂,1
4764,胖,5493,袢,1
4766,胙,6567,阼,1
4767,胚,2146,拯,1
4767,胚,4779,胫,1
4767,胚,4815,脸,1
4768,胛,4754,肿,1
4769,胜,1629,帅,1
4769,胜,3955,眭,1
4769,胜,4732,肜,1
4769,胜,4742,肫,1
4771,胞,2104,抱,1
4771,胞,4749,肷,1
4771,胞,6762,飑,1
4772,胡,6563,阴,1
4774,胥,3782,疋,1
4775,胧,3951,眦,1
4775,胧,4784,胱,1
4775,胧,4808,脞,1
4776,胨,4798,脎,1
4777,胩,4755,胀,1
4782,胯,1,一,1
4782,胯,4805,脖,1
4783,胰,142,仪,1
4783,胰,4738,肤,1
4783,胰,4830,腠,1
4784,胱,4744,肮,1
4784,胱,4806,脘,1
4784,胱,4812,脱,1
4785,胲,3953,眩,1
4786,胳,4741,肪,1
4786,胳,4779,胫,1
4786,胳,6856,骆,1
4787,胴,2525,朋,1
4787,胴,3067,洞,1
4788,胶,157,伋,1
4788,胶,779,咬,1
4788,胶,3504,牧,1
4788,胶,3987,瞍,1
4788,胶,4737,肢,1
4789,胸,1873,恂,1
4789,胸,2468,晒,1
4789,胸,2527,朐,1
4789,胸,3543,狗,1
4789,胸,4781,胭,1
4790,胺,4785,胲,1
4790,胺,4788,胶,1
4790,胺,4836,腰,1
4792,能,3035,波,1
4792,能,4048,砭,1
4792,能,4483,线,1
4792,能,6828,馘,1
4793,脂,1941,惝,1
4793,脂,2497,暗,1
4793,脂,3128,涓,1
4793,脂,3513,牿,1
4793,脂,4741,肪,1
4793,脂,4818,腈,1
4793,脂,6216,酯,1
4794,脆,1864,怩,1
4795,脉,4837,腱,1
4795,脉,5745,豚,1
4796,脊,2573,杳,1
4796,脊,2988,沓,1
4796,脊,3808,疳,1
4796,脊,4727,肓,1
4798,脎,2475,晞,1
4798,脎,4200,稀,1
4799,脏,3945,眍,1
4799,脏,3955,眭,1
4799,脏,4003,瞻,1
4799,脏,4767,胚,1
4800,脐,4765,胗,1
4800,脐,4797,脍,1
4801,脑,1102,垴,1
4801,脑,1844,怅,1
4801,脑,1901,恼,1
4802,脒,2452,昧,1
4802,脒,3956,眯,1
4803,脓,402,农,1
4803,脓,4199,秾,1
4805,脖,1911,悖,1
4805,脖,2499,暧,1
4805,脖,4852,膘,1
4807,脚,4768,胛,1
4807,脚,4853,膙,1
4810,脬,3931,盱,1
4810,脬,4828,腙,1
4811,脯,1868,怵,1
4811,脯,2195,捕,1
4811,脯,2485,晴,1
4811,脯,4743,肭,1
4811,脯,4776,胨,1
4811,脯,4787,胴,1
4812,脱,3486,爽,1
4812,脱,4716,聪,1
4814,脶,4853,膙,1
4814,脶,4858,膦,1
4815,脸,2527,朐,1
4815,脸,4779,胫,1
4815,脸,4812,脱,1
4815,脸,4843,腽,1
4816,脾,1946,惨,1
4816,脾,3960,眸,1
4816,脾,4834,腭,1
4817,腆,4924,艚,1
4818,腈,6453,镄,1
4819,腊,1967,愔,1
4819,腊,2497,暗,1
4819,腊,3990,瞒,1
4819,腊,4784,胱,1
4819,腊,4793,脂,1
4820,腋,1852,怕,1
4820,腋,4788,胶,1
4821,腌,3972,睢,1
4822,腐,2833,檑,1
4823,腑,270,俯,1
4826,腔,2228,控,1
4826,腔,4779,胫,1
4826,腔,4784,胱,1
4826,腔,4806,脘,1
4826,腔,4815,脸,1
4826,腔,4829,腚,1
4826,腔,4836,腰,1
4826,腔,4857,膣,1
4827,腕,1321,婉,1
4827,腕,1822,忙,1
4827,腕,3778,畹,1
4828,腙,4805,脖,1
4828,腙,4806,脘,1
4828,腙,4826,腔,1
4829,腚,4806,脘,1
4829,腚,4809,脧,1
4830,腠,4783,胰,1
4831,腥,4783,胰,1
4831,腥,4806,脘,1
4831,腥,4808,脞,1
4831,腥,4824,腒,1
4833,腩,4811,脯,1
4835,腮,2291,摁,1
4835,腮,3962,眼,1
4835,腮,4787,胴,1
4836,腰,1257,妖,1
4836,腰,3991,瞟,1
4836,腰,4788,胶,1
4836,腰,4790,胺,1
4836,腰,4863,膻,1
4836,腰,4871,臑,1
4838,腴,2450,映,1
4839,腹,3762,畋,1
4839,腹,3987,瞍,1
4839,腹,4820,腋,1
4839,腹,4826,腔,1
4839,腹,4863,膻,1
4839,腹,6764,飓,1
4840,腺,4786,胳,1
4840,腺,4795,脉,1
4841,腻,5384,蜮,1
4842,腼,4801,脑,1
4844,腾,2656,栲,1
4844,腾,3259,滕,1
4844,腾,4783,胰,1
4844,腾,4818,腈,1
4844,腾,4856,膝,1
4844,腾,5421,螣,1
4845,腿,1986,慥,1
4845,腿,3126,涎,1
4845,腿,3445,煺,1
4845,腿,4843,腽,1
4845,腿,5538,褪,1
4846,膀,3957,眵,1
4846,膀,4824,腒,1
4846,膀,4860,膪,1
4847,膂,2607,枸,1
4849,膊,2485,晴,1
4849,膊,4823,腑,1
4849,膊,4842,腼,1
4849,膊,5819,赙,1
4849,膊,6821,馑,1
4850,膏,6886,骨,1
4851,膑,4829,腚,1
4852,膘,4810,脬,1
4852,膘,4836,腰,1
4852,膘,4865,臁,1
4854,膛,2453,昨,1
4854,膛,3991,瞟,1
4854,膛,4826,腔,1
4854,膛,4855,膜,1
4854,膛,4857,膣,1
4855,膜,3838,痪,1
4855,膜,4851,膑,1
4856,膝,4779,胫,1
4856,膝,4805,脖,1
4858,膦,4802,脒,1
4859,膨,3951,眦,1
4861,膳,3966,睇,1
4861,膳,4764,胖,1
4861,膳,4818,腈,1
4863,膻,2332,擅,1
4864,臀,4866,臂,1
4866,臂,1179,壁,1
4866,臂,3680,瑁,1
4866,臂,7099,鹰,1
4868,臆,1778,役,1
4868,臆,4788,胶,1
4868,臆,4829,腚,1
4868,臆,6497,镱,1
4869,臊,3966,睇,1
4869,臊,3974,睥,1
4869,臊,4737,肢,1
4869,臊,4810,脬,1
4869,臊,4828,腙,1
4869,臊,4853,膙,1
4872,臜,5950,躜,1
4873,臣,565,匡,1
4873,臣,620,压,1
4873,臣,4927,艮,1
4873,臣,5031,茝,1
4873,臣,5855,趸,1
4873,臣,6090,逵,1
4873,臣,6771,飞,1
4874,臧,2002,憾,1
4875,自,565,匡,1
4875,自,1004,囟,1
4875,自,3060,洎,1
4875,自,3744,甪,1
4875,自,5952,身,1
4876,臬,2572,杲,1
4876,臬,4877,臭,1
4877,臭,5305,虽,1
4877,臭,5973,轵,1
4878,至,48,乇,1
4878,至,86,五,1
4878,至,378,关,1
4878,至,2905,毛,1
4878,至,3607,玉,1
4878,至,4945,芏,1
4878,至,5740,豆,1
4879,致,2353,收,1
4879,致,2358,政,1
4879,致,2373,敦,1
4879,致,3616,玟,1
4879,致,4478,纹,1
4881,臼,151,任,1
4881,臼,678,叼,1
4881,臼,2966,汨,1
4881,臼,3890,白,1
4881,臼,5457,血,1
4883,舀,3258,滔,1
4883,舀,5634,诌,1
4885,舂,2451,春,1
4885,舂,5470,表,1
4887,舅,1673,幻,1
4888,舆,4572,缜,1
4889,舌,48,乇,1
4889,舌,1185,壬,1
4889,舌,1210,夭,1
4889,舌,1495,居,1
4889,舌,4597,缶,1
4889,舌,5765,贡,1
4890,舍,166,会,1
4890,舍,199,余,1
4890,舍,6273,钅,1
4891,舐,1312,娥,1
4891,舐,6500,镴,1
4892,舒,4678,耔,1
4893,舔,2233,掭,1
4893,舔,4545,绿,1
4893,舔,5834,赫,1
4895,舜,2389,斜,1
4895,舜,3998,瞬,1
4895,舜,4510,绛,1
4896,舞,1273,妾,1
4897,舟,552,匆,1
4897,舟,1457,对,1
4897,舟,1727,开,1
4897,舟,3744,甪,1
4897,舟,4481,纽,1
4899,舢,4907,舰,1
4902,航,467,删,1
4902,航,4913,舷,1
4903,舫,4914,舸,1
4903,舫,4926,艨,1
4904,般,157,伋,1
4904,般,2363,敏,1
4904,般,2454,昭,1
4904,般,4736,股,1
4904,般,5833,赪,1
4905,舭,4907,舰,1
4907,舰,5565,觎,1
4908,舱,4022,矻,1
4908,舱,4902,航,1
4909,舳,2393,斤,1
4909,舳,4899,舢,1
4910,舴,4911,舵,1
4911,舵,4902,航,1
4911,舵,4906,舯,1
4911,舵,4910,舴,1
4912,舶,3632,珀,1
4912,舶,3946,眙,1
4912,舶,4902,航,1
4912,舶,4908,舱,1
4912,舶,4915,船,1
4913,舷,1766,形,1
4913,舷,4903,舫,1
4915,船,4913,舷,1
4916,舻,4910,舴,1
4919,艇,3958,眶,1
4919,艇,4900,舣,1
4920,艉,4905,舭,1
4923,艘,3987,瞍,1
4923,艘,4904,般,1
4923,艘,5977,轹,1
4926,艨,5189,蒙,1
4928,良,651,变,1
4928,良,1404,安,1
4928,良,2920,民,1
4928,良,4949,芘,1
4928,良,7104,鹿,1
4929,艰,1244,她,1
4929,艰,1299,娅,1
4929,艰,1887,恨,1
4930,色,126,仑,1
4930,色,127,仓,1
4930,色,551,包,1
4931,艳,6134,邦,1
4934,艺,62,乙,1
4934,艺,4951,芜,1
4934,艺,4952,芝,1
4936,艾,2351,攴,1
4936,艾,4054,砹,1
4936,艾,4976,苁,1
4937,艿,4957,芦,1
4938,节,76,予,1
4939,芄,4935,艽,1
4940,芈,4933,艹,1
4942,芋,43,举,1
4942,芋,4968,芳,1
4942,芋,4977,苄,1
4942,芋,6011,辛,1
4943,芍,52,乌,1
4943,芍,4938,节,1
4943,芍,4992,苘,1
4943,芍,4996,苟,1
4943,芍,5047,荀,1
4943,芍,5078,药,1
4944,芎,4946,芑,1
4944,芎,5178,葶,1
4945,芏,3608,王,1
4945,芏,4947,芒,1
4946,芑,4944,芎,1
4946,芑,4963,芭,1
4947,芒,360,光,1
4947,芒,664,召,1
4947,芒,2456,昱,1
4947,芒,4934,艺,1
4947,芒,4961,芫,1
4947,芒,4977,苄,1
4947,芒,5001,若,1
4947,芒,6021,辶,1
4949,芘,5018,茈,1
4949,芘,6281,钍,1
4950,芙,378,关,1
4950,芙,2440,昊,1
4950,芙,4951,芜,1
4950,芙,4973,芼,1
4950,芙,4982,苌,1
4950,芙,5005,英,1
4950,芙,5038,茱,1
4950,芙,5138,萁,1
4951,芜,4950,芙,1
4951,芜,5027,茗,1
4951,芜,5056,荒,1
4952,芝,6,三,1
4952,芝,4289,笠,1
4952,芝,4935,艽,1
4952,芝,4945,芏,1
4952,芝,4946,芑,1
4952,芝,4966,芰,1
4952,芝,4971,芸,1
4952,芝,5088,莒,1
4952,芝,6021,辶,1
4954,芡,4981,苋,1
4954,芡,5024,茓,1
4954,芡,5033,茨,1
4956,芥,377,共,1
4956,芥,4938,节,1
4956,芥,4965,芯,1
4956,芥,5051,荇,1
4956,芥,5064,荠,1
4957,芦,1187,声,1
4957,芦,4938,节,1
4960,芪,4967,花,1
4962,芬,478,券,1
4962,芬,689,后,1
4962,芬,4959,芩,1
4962,芬,5022,茏,1
4962,芬,5027,茗,1
4962,芬,6877,骞,1
4963,芭,4983,苍,1
4963,芭,4984,苎,1
4964,芮,4170,禹,1
4964,芮,4943,芍,1
4965,芯,1264,妨,1
4965,芯,1808,心,1
4965,芯,1816,忐,1
4966,芰,3478,爰,1
4966,芰,5001,若,1
4966,芰,5017,茇,1
4967,花,5110,莼,1
4968,芳,910,喾,1
4968,芳,1738,弓,1
4968,芳,4948,芗,1
4968,芳,4972,芹,1
4968,芳,4979,苈,1
4968,芳,5071,荨,1
4968,芳,5113,菁,1
4968,芳,5192,蒡,1
4971,芸,4961,芫,1
4972,芹,685,吉,1
4972,芹,2393,斤,1
4972,芹,4941,芊,1
4972,芹,4954,芡,1
4972,芹,4956,芥,1
4972,芹,5062,荞,1
4973,芼,2449,星,1
4973,芼,4284,笔,1
4974,芽,1,一,1
4974,芽,4941,芊,1
4974,芽,5008,苹,1
4974,芽,5069,荦,1
4974,芽,5101,莱,1
4975,芾,4314,策,1
4975,芾,4978,苇,1
4975,芾,4979,苈,1
4975,芾,5010,茀,1
4976,苁,4998,苡,1
4978,苇,78,事,1
4978,苇,1743,弟,1
4978,苇,4944,芎,1
4983,苍,4989,苔,1
4983,苍,4999,苣,1
4985,苏,4719,肀,1
4985,苏,4935,艽,1
4985,苏,4966,芰,1
4985,苏,4969,芴,1
4985,苏,4979,苈,1
4986,苑,5013,范,1
4986,苑,5076,荭,1
4986,苑,5126,菠,1
4989,苔,377,共,1
4989,苔,668,台,1
4989,苔,2484,晳,1
4989,苔,4288,笞,1
4989,苔,4956,芥,1
4989,苔,5007,苷,1
4989,苔,5021,茎,1
4989,苔,5082,荼,1
4990,苕,4937,艿,1
4990,苕,4963,芭,1
4991,苗,589,南,1
4991,苗,1382,孟,1
4991,苗,4987,苒,1
4991,苗,4992,苘,1
4991,苗,4994,苜,1
4991,苗,5028,茚,1
4991,苗,5150,萝,1
4992,苘,4996,苟,1
4992,苘,5251,蕺,1
4993,苛,1071,坷,1
4993,苛,2445,昔,1
4993,苛,4943,芍,1
4993,苛,4944,芎,1
4993,苛,4968,芳,1
4993,苛,4969,芴,1
4994,苜,2445,昔,1
4994,苜,4933,艹,1
4994,苜,4992,苘,1
4995,苞,1689,庖,1
4995,苞,4946,芑,1
4995,苞,4963,芭,1
4995,苞,4970,芷,1
4995,苞,4992,苘,1
4995,苞,5127,菡,1
4996,苟,1473,尚,1
4996,苟,4298,笱,1
4996,苟,4989,苔,1
4996,苟,5079,荷,1
4998,苡,4949,芘,1
4998,苡,5143,萌,1
4999,苣,4983,苍,1
5001,若,671,右,1
5001,若,1535,岩,1
5001,若,4671,者,1
5001,若,5000,苤,1
5001,若,5054,荐,1
5002,苦,22,东,1
5002,苦,4234,突,1
5002,苦,4989,苔,1
5002,苦,5003,苫,1
5002,苦,5669,诰,1
5003,苫,775,咨,1
5003,苫,1200,多,1
5003,苫,4962,芬,1
5003,苫,5011,茁,1
5003,苫,5021,茎,1
5003,苫,5088,莒,1
5004,苯,2613,某,1
5004,苯,2617,柔,1
5004,苯,2663,栾,1
5004,苯,5007,苷,1
5004,苯,5019,茉,1
5004,苯,5044,茹,1
5005,英,1221,奂,1
5005,英,2515,更,1
5005,英,4954,芡,1
5005,英,5032,茧,1
5005,英,5075,荬,1
5005,英,5136,菼,1
5005,英,5158,萸,1
5005,英,5163,葖,1
5005,英,7119,黄,1
5006,苴,4994,苜,1
5007,苷,1273,妾,1
5008,苹,1428,宰,1
5008,苹,4942,芋,1
5008,苹,5004,苯,1
5008,苹,5105,莶,1
5008,苹,5958,车,1
5009,苻,6564,阵,1
5010,茀,4978,苇,1
5010,茀,5055,荑,1
5011,茁,1470,尕,1
5011,茁,1496,屈,1
5011,茁,1540,岳,1
5011,茁,4962,芬,1
5011,茁,5104,莴,1
5011,茁,5307,虿,1
5012,茂,5145,萎,1
5013,范,3483,爸,1
5013,范,4949,芘,1
5013,范,4980,苊,1
5013,范,4986,苑,1
5013,范,5039,茳,1
5013,范,5110,莼,1
5013,范,5187,蒎,1
5013,范,6713,页,1
5015,茅,4968,芳,1
5015,茅,5066,荣,1
5015,茅,5071,荨,1
5015,茅,5192,蒡,1
5019,茉,5101,莱,1
5019,茉,5137,菽,1
5019,茉,5201,蓁,1
5021,茎,1028,圣,1
5021,茎,3823,痊,1
5021,茎,5025,茔,1
5021,茎,5048,荃,1
5024,茓,3072,洪,1
5024,茓,3396,烘,1
5024,茓,4954,芡,1
5026,茕,5047,荀,1
5027,茗,5001,若,1
5027,茗,5076,荭,1
5030,茜,5214,蓠,1
5032,茧,4982,苌,1
5033,茨,5136,菼,1
5033,茨,5188,蒗,1
5034,茫,3033,泠,1
5034,茫,3072,洪,1
5034,茫,4075,硭,1
5034,茫,4947,芒,1
5034,茫,5020,茌,1
5034,茫,6577,陉,1
5035,茬,1617,差,1
5035,茬,5020,茌,1
5035,茬,5042,茶,1
5036,茭,5163,葖,1
5036,茭,5263,薮,1
5037,茯,5106,获,1
5038,茱,5005,英,1
5038,茱,5066,荣,1
5040,茴,870,啬,1
5040,茴,1379,孛,1
5040,茴,4994,苜,1
5040,茴,5006,苴,1
5040,茴,5030,茜,1
5040,茴,5047,荀,1
5040,茴,5065,荡,1
5040,茴,5079,荷,1
5040,茴,5135,菹,1
5040,茴,5157,萱,1
5041,茵,100,亩,1
5041,茵,3891,百,1
5042,茶,2613,某,1
5042,茶,4956,芥,1
5042,茶,4959,芩,1
5042,茶,5066,荣,1
5043,茸,1454,寮,1
5043,茸,2445,昔,1
5043,茸,4727,肓,1
5043,茸,4993,苛,1
5043,茸,5083,荽,1
5043,茸,5121,菖,1
5044,茹,4982,苌,1
5044,茹,5014,茄,1
5045,茺,4980,苊,1
5045,茺,5056,荒,1
5046,茼,4996,苟,1
5046,茼,5140,萄,1
5047,荀,4992,苘,1
5047,荀,4996,苟,1
5047,荀,5169,葡,1
5049,荄,4971,芸,1
5049,荄,5059,荚,1
5050,荆,474,到,1
5050,荆,489,削,1
5050,荆,5576,触,1
5052,草,586,卓,1
5052,草,4409,粪,1
5052,草,5069,荦,1
5052,草,5090,莘,1
5053,荏,5161,葆,1
5054,荐,4292,符,1
5054,荐,4671,者,1
5055,荑,1215,夷,1
5056,荒,4951,芜,1
5056,荒,5083,荽,1
5059,荚,4626,美,1
5059,荚,4967,花,1
5059,荚,5005,英,1
5059,荚,5075,荬,1
5059,荚,5101,莱,1
5061,荜,2901,毕,1
5062,荞,385,养,1
5063,荟,4959,芩,1
5064,荠,4956,芥,1
5064,荠,5186,蒌,1
5065,荡,4969,芴,1
5065,荡,5057,荔,1
5066,荣,105,亲,1
5066,荣,1085,垛,1
5066,荣,1379,孛,1
5066,荣,2547,杂,1
5066,荣,5082,荼,1
5067,荤,622,厍,1
5067,荤,5052,草,1
5068,荥,5066,荣,1
5068,荥,5070,荧,1
5069,荦,5025,茔,1
5069,荦,5067,荤,1
5070,荧,4969,芴,1
5070,荧,5026,茕,1
5070,荧,5068,荥,1
5070,荧,5075,荬,1
5070,荧,5151,萤,1
5074,荫,5043,茸,1
5074,荫,5234,蔺,1
5077,荮,5009,苻,1
5077,荮,5078,药,1
5078,药,4965,芯,1
5078,药,5054,荐,1
5078,药,5104,莴,1
5078,药,5114,菂,1
5079,荷,3914,益,1
5079,荷,4992,苘,1
5079,荷,5051,荇,1
5079,荷,5143,萌,1
5080,荸,5097,莩,1
5081,荻,2021,成,1
5081,荻,5037,茯,1
5082,荼,5042,茶,1
5083,荽,5097,莩,1
5083,荽,5142,萋,1
5084,莅,5147,萑,1
5085,莆,4975,芾,1
5085,莆,5028,茚,1
5085,莆,5164,著,1
5085,莆,7139,黹,1
5086,莉,471,别,1
5086,莉,479,刹,1
5086,莉,485,剁,1
5086,莉,501,剥,1
5086,莉,5050,荆,1
5086,莉,5262,薪,1
5086,莉,6160,郑,1
5087,莎,2991,沙,1
5087,莎,4937,艿,1
5087,莎,4998,苡,1
5087,莎,5039,茳,1
5088,莒,4984,苎,1
5088,莒,4990,苕,1
5089,莓,2898,毒,1
5090,莘,5139,萃,1
5096,莨,5091,莙,1
5096,莨,5188,蒗,1
5096,莨,5209,蓑,1
5097,莩,2553,李,1
5098,莪,5251,蕺,1
5099,莫,1232,奖,1
5099,莫,3892,皂,1
5099,莫,5005,英,1
5099,莫,5049,荄,1
5099,莫,5075,荬,1
5100,莰,5033,茨,1
5101,莱,2663,栾,1
5101,莱,4402,粜,1
5101,莱,4624,羊,1
5101,莱,4718,聿,1
5101,莱,4974,芽,1
5101,莱,5008,苹,1
5101,莱,5019,茉,1
5102,莲,1392,孱,1
5102,莲,6042,连,1
5103,莳,5007,苷,1
5105,莶,4970,芷,1
5105,莶,5048,荃,1
5105,莶,6963,鲞,1
5106,获,5133,菲,1
5107,莸,5168,葜,1
5108,莹,5048,荃,1
5108,莹,5068,荥,1
5108,莹,5094,莞,1
5109,莺,1969,愚,1
5109,莺,5152,营,1
5109,莺,5153,萦,1
5109,莺,5217,蓦,1
5110,莼,4973,芼,1
5111,莽,1731,弄,1
5111,莽,4951,芜,1
5115,菅,5025,茔,1
5116,菇,1246,妁,1
5116,菇,1253,妊,1
5116,菇,5014,茄,1
5116,菇,5131,菰,1
5117,菊,910,喾,1
5117,菊,5047,荀,1
5117,菊,5140,萄,1
5117,菊,5169,葡,1
5118,菌,1011,困,1
5118,菌,4991,苗,1
5118,菌,4994,苜,1
5118,菌,5157,萱,1
5119,菏,619,厉,1
5119,菏,1127,埼,1
5119,菏,4937,艿,1
5119,菏,4943,芍,1
5119,菏,5079,荷,1
5119,菏,5087,莎,1
5119,菏,5254,薄,1
5121,菖,5238,蕃,1
5121,菖,5247,蕰,1
5123,菜,3463,燊,1
5123,菜,4443,絮,1
5123,菜,5019,茉,1
5123,菜,5042,茶,1
5123,菜,5082,荼,1
5123,菜,5098,莪,1
5123,菜,6673,革,1
5125,菟,1595,嵬,1
5125,菟,4997,苠,1
5126,菠,1060,坡,1
5126,菠,3807,疲,1
5126,菠,5120,菔,1
5126,菠,5187,蒎,1
5127,菡,5011,茁,1
5129,菩,886,善,1
5129,菩,4968,芳,1
5129,菩,5027,茗,1
5129,菩,5060,荛,1
5129,菩,5090,莘,1
5129,菩,5205,蓉,1
5129,菩,5207,蓍,1
5130,菪,5088,莒,1
5132,菱,4966,芰,1
5132,菱,7113,麦,1
5133,菲,2439,昉,1
5133,菲,2623,柞,1
5133,菲,2925,氘,1
5133,菲,3818,痄,1
5135,菹,5006,苴,1
5136,菼,1235,奚,1
5138,萁,3948,真,1
5138,萁,5099,莫,1
5140,萄,4542,综,1
5140,萄,4969,芴,1
5140,萄,5150,萝,1
5141,萆,5052,草,1
5142,萋,5145,萎,1
5143,萌,42,丽,1
5143,萌,2442,明,1
5143,萌,5074,荫,1
5144,萍,3109,浡,1
5144,萍,5065,荡,1
5144,萍,5212,蓝,1
5145,萎,4966,芰,1
5145,萎,5136,菼,1
5146,萏,4989,苔,1
5146,萏,5634,诌,1
5147,萑,3805,疰,1
5147,萑,5240,蕉,1
5150,萝,2518,曼,1
5150,萝,2865,歹,1
5150,萝,5097,莩,1
5150,萝,5104,莴,1
5150,萝,5202,蓂,1
5151,萤,1189,壶,1
5151,萤,4981,苋,1
5151,萤,5115,菅,1
5151,萤,5353,蛮,1
5152,营,1379,孛,1
5152,营,3325,澧,1
5152,营,4944,芎,1
5152,营,5088,莒,1
5152,营,5253,蕾,1
5153,萦,1379,孛,1
5153,萦,4439,索,1
5154,萧,386,兼,1
5154,萧,1168,墉,1
5154,萧,4179,秉,1
5154,萧,5101,莱,1
5156,萩,3840,痰,1
5156,萩,5081,荻,1
5158,萸,5168,葜,1
5158,萸,5220,蓼,1
5160,落,1155,塔,1
5160,落,4998,苡,1
5160,落,5034,茫,1
5163,葖,5205,蓉,1
5164,著,2495,暑,1
5164,著,3944,看,1
5164,著,4353,箸,1
5164,著,5091,莙,1
5164,著,5113,菁,1
5164,著,5129,菩,1
5164,著,5231,蔷,1
5166,葚,3738,甚,1
5167,葛,4982,苌,1
5167,葛,5180,葺,1
5167,葛,5913,踽,1
5169,葡,554,匍,1
5169,葡,4969,芴,1
5169,葡,5041,茵,1
5170,董,3461,熹,1
5170,董,4268,童,1
5170,董,6254,重,1
5170,董,6256,量,1
5170,董,7119,黄,1
5172,葫,5079,荷,1
5173,葬,5139,萃,1
5175,葱,1921,悫,1
5175,葱,3296,潆,1
5175,葱,5023,茑,1
5177,葵,1228,奏,1
5177,葵,5148,萘,1
5177,葵,5168,葜,1
5179,葸,5175,葱,1
5179,葸,5199,蒽,1
5180,葺,6012,辜,1
5181,蒂,1646,带,1
5181,蒂,4356,篇,1
5184,蒉,4343,箦,1
5184,蒉,5785,贵,1
5186,蒌,5142,萋,1
5189,蒙,1432,家,1
5189,蒙,5153,萦,1
5189,蒙,5208,蓐,1
5189,蒙,5744,豕,1
5190,蒜,34,丰,1
5190,蒜,4678,耔,1
5190,蒜,5054,荐,1
5190,蒜,5262,薪,1
5191,蒟,3128,涓,1
5191,蒟,5078,药,1
5192,蒡,2404,旁,1
5194,蒲,1503,屑,1
5194,蒲,3112,浦,1
5194,蒲,4975,芾,1
5195,蒴,2528,朔,1
5196,蒸,377,共,1
5196,蒸,1936,惑,1
5196,蒸,3386,点,1
5196,蒸,3467,燕,1
5196,蒸,4970,芷,1
5196,蒸,5000,苤,1
5196,蒸,5240,蕉,1
5197,蒹,386,兼,1
5199,蒽,1984,慝,1
5199,蒽,5041,茵,1
5200,蒿,988,嚆,1
5200,蒿,5113,菁,1
5200,蒿,6902,高,1
5201,蓁,4189,秦,1
5202,蓂,1624,巽,1
5203,蓄,5164,著,1
5203,蓄,5200,蒿,1
5203,蓄,5205,蓉,1
5203,蓄,5267,薹,1
5204,蓇,4850,膏,1
5204,蓇,5024,茓,1
5205,蓉,1420,客,1
5205,蓉,1434,容,1
5205,蓉,4959,芩,1
5205,蓉,5027,茗,1
5205,蓉,5049,荄,1
5205,蓉,5063,荟,1
5205,蓉,5208,蓐,1
5205,蓉,5216,蓥,1
5207,蓍,2465,晋,1
5207,蓍,4672,耆,1
5207,蓍,5164,著,1
5208,蓐,1433,宸,1
5209,蓑,107,亵,1
5209,蓑,3461,熹,1
5209,蓑,5096,莨,1
5211,蓖,4960,芪,1
5211,蓖,5029,茛,1
5211,蓖,5275,藠,1
5212,蓝,3350,灌,1
5212,蓝,3914,益,1
5212,蓝,3921,盔,1
5213,蓟,489,削,1
5213,蓟,5086,莉,1
5214,蓠,4804,脔,1
5214,蓠,5229,蔫,1
5215,蓣,6728,预,1
5216,蓥,5108,莹,1
5217,蓦,542,募,1
5218,蓬,4371,篷,1
5218,蓬,5021,茎,1
5219,蓰,1113,埗,1
5219,蓰,4972,芹,1
5220,蓼,4585,缪,1
5222,蔌,2855,歉,1
5223,蔑,2029,戛,1
5223,蔑,4373,篾,1
5223,蔑,4962,芬,1
5225,蔗,616,厄,1
5225,蔗,1570,崖,1
5225,蔗,1957,惹,1
5225,蔗,4947,芒,1
5225,蔗,5096,莨,1
5226,蔚,1465,尉,1
5228,蔡,4151,票,1
5228,蔡,4152,祭,1
5228,蔡,5011,茁,1
5228,蔡,5097,莩,1
5228,蔡,5255,薅,1
5228,蔡,5282,蘖,1
5229,蔫,3415,焉,1
5229,蔫,5023,茑,1
5229,蔫,5097,莩,1
5229,蔫,5109,莺,1
5229,蔫,5167,葛,1
5230,蔬,2249,提,1
5230,蔬,5122,菘,1
5231,蔷,870,啬,1
5231,蔷,5113,菁,1
5231,蔷,5164,著,1
5232,蔸,6904,髡,1
5233,蔹,5213,蓟,1
5236,蔼,306,偈,1
5236,蔼,5065,荡,1
5236,蔼,5078,药,1
5236,蔼,5247,蕰,1
5236,蔼,6657,霭,1
5237,蔽,5114,菂,1
5237,蔽,5136,菼,1
5237,蔽,5137,菽,1
5238,蕃,5277,藩,1
5239,蕈,5552,覃,1
5240,蕉,672,叵,1
5240,蕉,3409,热,1
5240,蕉,3426,焦,1
5240,蕉,5006,苴,1
5240,蕉,5147,萑,1
5241,蕊,5275,藠,1
5242,蕖,5123,菜,1
5246,蕨,4895,舜,1
5248,蕲,5262,薪,1
5249,蕴,4577,缢,1
5249,蕴,5034,茫,1
5249,蕴,5136,菼,1
5249,蕴,6204,酝,1
5249,蕴,6997,鳁,1
5251,蕺,2032,戢,1
5253,蕾,5203,蓄,1
5253,蕾,5286,蘸,1
5254,薄,103,亭,1
5254,薄,1466,尊,1
5254,薄,3236,溥,1
5254,薄,4126,礴,1
5254,薄,5144,萍,1
5254,薄,6195,酋,1
5255,薅,1310,娠,1
5256,薇,4998,苡,1
5258,薛,5051,荇,1
5258,薛,5155,萨,1
5258,薛,5213,蓟,1
5262,薪,2400,新,1
5262,薪,3319,澌,1
5262,薪,5128,菥,1
5264,薯,542,募,1
5264,薯,5095,莠,1
5265,薰,3449,熏,1
5266,薷,6642,需,1
5269,藉,5116,菇,1
5269,藉,5503,裂,1
5270,藏,1296,威,1
5270,藏,2676,桐,1
5270,藏,5038,茱,1
5271,藐,5107,莸,1
5271,藐,5219,蓰,1
5271,藐,5759,貌,1
5276,藤,3259,滕,1
5276,藤,4994,苜,1
5277,藩,336,僖,1
5277,藩,3993,瞢,1
5277,藩,6831,馨,1
5278,藻,5038,茱,1
5278,藻,5161,葆,1
5278,藻,6020,辱,1
5279,藿,6110,遣,1
5280,蘅,5465,衡,1
5281,蘑,5210,蓓,1
5282,蘖,1396,孽,1
5282,蘖,2834,檗,1
5286,蘸,3467,燕,1
5286,蘸,5134,菸,1
5287,蘼,6670,靡,1
5288,虍,1677,庀,1
5288,虍,5289,虎,1
5288,虍,5290,虏,1
5289,虎,155,伉,1
5289,虎,357,充,1
5289,虎,606,危,1
5289,虎,833,唐,1
5289,虎,5292,虑,1
5291,虐,3793,疟,1
5291,虐,5290,虏,1
5291,虐,5292,虑,1
5291,虐,5293,虔,1
5292,虑,1975,愧,1
5292,虑,2519,曾,1
5293,虔,5291,虐,1
5294,虚,1713,廑,1
5294,虚,5289,虎,1
5294,虚,5290,虏,1
5295,虞,3239,溪,1
5295,虞,5290,虏,1
5297,虫,33,中,1
5297,虫,636,去,1
5297,虫,1209,夬,1
5297,虫,1286,姝,1
5297,虫,3753,电,1
5298,虬,5299,虮,1
5298,虬,5301,虹,1
5300,虱,637,厾,1
5300,虱,5307,虿,1
5301,虹,1189,壶,1
5301,虹,1253,妊,1
5301,虹,2061,扛,1
5301,虹,3389,炽,1
5301,虹,5317,蚜,1
5301,虹,5379,蜡,1
5301,虹,7059,鸿,1
5303,虻,5304,虼,1
5303,虻,5318,蚝,1
5304,虼,5335,蛆,1
5305,虽,25,丢,1
5305,虽,3150,涵,1
5305,虽,5323,蚩,1
5305,虽,5364,蜃,1
5306,虾,694,吓,1
5306,虾,1400,宄,1
5308,蚀,711,吭,1
5308,蚀,6314,钰,1
5308,蚀,6794,饳,1
5309,蚁,5314,蚍,1
5310,蚂,3445,煺,1
5310,蚂,3531,犸,1
5310,蚂,3613,玙,1
5311,蚊,3762,畋,1
5311,蚊,5303,虻,1
5311,蚊,5310,蚂,1
5311,蚊,6137,邮,1
5313,蚌,1925,悱,1
5313,蚌,2224,掠,1
5313,蚌,4036,砗,1
5313,蚌,5318,蚝,1
5313,蚌,5324,蚪,1
5313,蚌,5387,蜷,1
5314,蚍,5322,蚨,1
5315,蚓,5299,虮,1
5315,蚓,5321,蚧,1
5316,蚕,2876,残,1
5316,蚕,5307,虿,1
5317,蚜,5330,蚵,1
5317,蚜,5352,蛭,1
5318,蚝,5336,蛇,1
5319,蚣,786,咻,1
5319,蚣,4467,纭,1
5319,蚣,5343,蛑,1
5320,蚤,1493,层,1
5320,蚤,2847,欷,1
5324,蚪,5313,蚌,1
5324,蚪,5315,蚓,1
5324,蚪,5385,蜱,1
5326,蚯,18,丘,1
5326,蚯,5334,蛄,1
5326,蚯,5352,蛭,1
5326,蚯,5378,蜞,1
5327,蚰,5312,蚋,1
5327,蚰,6330,铀,1
5328,蚱,5321,蚧,1
5331,蚶,5327,蚰,1
5331,蚶,5334,蛄,1
5331,蚶,5383,蜩,1
5333,蛀,1280,姓,1
5333,蛀,5336,蛇,1
5333,蛀,5346,蛙,1
5333,蛀,5367,蜉,1
5333,蛀,5398,蝙,1
5334,蛄,5330,蚵,1
5335,蛆,4560,缏,1
5335,蛆,5331,蚶,1
5335,蛆,5392,蝈,1
5336,蛇,3366,炉,1
5336,蛇,5334,蛄,1
5336,蛇,5865,跎,1
5336,蛇,6339,铊,1
5336,蛇,6847,驼,1
5337,蛉,3627,玲,1
5337,蛉,5304,虼,1
5337,蛉,5345,蛘,1
5337,蛉,5349,蛟,1
5337,蛉,5350,蛤,1
5337,蛉,5352,蛭,1
5339,蛋,1493,层,1
5339,蛋,3783,疍,1
5341,蛏,5420,螠,1
5342,蛐,5332,蚺,1
5343,蛑,5345,蛘,1
5344,蛔,5314,蚍,1
5344,蛔,5327,蚰,1
5344,蛔,5330,蚵,1
5344,蛔,5335,蛆,1
5344,蛔,5336,蛇,1
5344,蛔,5342,蛐,1
5344,蛔,5392,蝈,1
5345,蛘,5410,蝾,1
5346,蛙,794,哇,1
5346,蛙,5313,蚌,1
5346,蛙,5333,蛀,1
5346,蛙,5348,蛞,1
5346,蛙,5372,蜓,1
5346,蛙,5373,蜕,1
5346,蛙,5391,蝇,1
5346,蛙,5881,跬,1
5347,蛛,200,佚,1
5347,蛛,1912,悚,1
5347,蛛,5318,蚝,1
5347,蛛,5384,蜮,1
5347,蛛,5389,蜾,1
5347,蛛,5408,蝼,1
5349,蛟,779,咬,1
5349,蛟,1636,帔,1
5350,蛤,2399,斯,1
5350,蛤,5337,蛉,1
5350,蛤,6588,除,1
5350,蛤,6799,饸,1
5350,蛤,7089,鹤,1
5352,蛭,5333,蛀,1
5352,蛭,5346,蛙,1
5353,蛮,1713,廑,1
5353,蛮,1751,弯,1
5353,蛮,5307,虿,1
5353,蛮,5365,蜇,1
5354,蛰,3409,热,1
5354,蛰,5365,蜇,1
5354,蛰,5793,贽,1
5355,蛱,1553,峡,1
5355,蛱,5313,蚌,1
5355,蛱,5378,蜞,1
5356,蛲,1553,峡,1
5356,蛲,5366,蜈,1
5359,蛸,5327,蚰,1
5360,蛹,1106,埇,1
5360,蛹,5312,蚋,1
5361,蛾,5384,蜮,1
5361,蛾,6395,锇,1
5361,蛾,6805,饿,1
5362,蜀,2516,曷,1
5362,蜀,4759,胄,1
5362,蜀,5047,荀,1
5363,蜂,860,啐,1
5363,蜂,1547,峂,1
5363,蜂,1562,峰,1
5363,蜂,5341,蛏,1
5363,蜂,5385,蜱,1
5364,蜃,3757,画,1
5365,蜇,5353,蛮,1
5366,蜈,3384,炷,1
5366,蜈,5322,蚨,1
5366,蜈,5331,蚶,1
5366,蜈,5369,蜍,1
5366,蜈,5381,蜣,1
5367,蜉,5414,螈,1
5371,蜒,5311,蚊,1
5371,蜒,5418,螗,1
5371,蜒,6361,铤,1
5372,蜓,2696,梃,1
5372,蜓,3651,珽,1
5372,蜓,5322,蚨,1
5372,蜓,5355,蛱,1
5372,蜓,5361,蛾,1
5372,蜓,5652,诞,1
5373,蜕,2714,棁,1
5373,蜕,5325,蚬,1
5373,蜕,5326,蚯,1
5373,蜕,5352,蛭,1
5373,蜕,5356,蛲,1
5373,蜕,5375,蜘,1
5373,蜕,5381,蜣,1
5374,蜗,1115,埙,1
5374,蜗,5370,蜎,1
5374,蜗,5422,螨,1
5375,蜘,5322,蚨,1
5376,蜚,5351,蛩,1
5377,蜜,1424,宦,1
5377,蜜,1427,宬,1
5377,蜜,1441,密,1
5377,蜜,2847,欷,1
5377,蜜,3398,烛,1
5377,蜜,5323,蚩,1
5377,蜜,5339,蛋,1
5377,蜜,5443,蟹,1
5379,蜡,1148,堵,1
5379,蜡,1940,惜,1
5383,蜩,5392,蝈,1
5383,蜩,5428,螵,1
5385,蜱,865,啤,1
5385,蜱,5389,蜾,1
5388,蜻,1362,嫱,1
5389,蜾,5385,蜱,1
5389,蜾,5406,蝶,1
5390,蜿,5336,蛇,1
5392,蝈,5383,蜩,1
5393,蝉,1087,垟,1
5393,蝉,5369,蜍,1
5393,蝉,5410,蝾,1
5393,蝉,5429,螺,1
5393,蝉,5897,踔,1
5394,蝌,5368,蜊,1
5394,蝌,5382,蜥,1
5395,蝎,3425,焜,1
5395,蝎,5310,蚂,1
5395,蝎,5352,蛭,1
5395,蝎,6679,靺,1
5395,蝎,6695,鞨,1
5397,蝗,3433,煌,1
5397,蝗,3740,生,1
5397,蝗,5427,螳,1
5399,蝠,1158,塥,1
5399,蝠,4848,膈,1
5399,蝠,5360,蛹,1
5399,蝠,5370,蜎,1
5399,蝠,5425,螭,1
5399,蝠,6995,鲾,1
5400,蝣,5367,蜉,1
5401,蝤,5408,蝼,1
5401,蝤,7025,鳟,1
5403,蝮,5418,螗,1
5406,蝶,892,喋,1
5406,蝶,5410,蝾,1
5408,蝼,5352,蛭,1
5409,蝽,5355,蛱,1
5410,蝾,5944,躁,1
5411,螂,5297,虫,1
5412,螃,2275,搒,1
5412,螃,3402,烤,1
5412,螃,5442,蟮,1
5412,螃,5444,蟾,1
5414,螈,2468,晒,1
5416,融,5570,觖,1
5419,螟,1643,帜,1
5419,螟,3439,照,1
5419,螟,5325,蚬,1
5419,螟,5366,蜈,1
5421,螣,1153,塍,1
5421,螣,4783,胰,1
5421,螣,4844,腾,1
5423,螫,5402,蝥,1
5426,螯,5402,蝥,1
5426,螯,5423,螫,1
5427,螳,5373,蜕,1
5429,螺,1352,嫘,1
5429,螺,5367,蜉,1
5429,螺,5386,蜴,1
5431,蟀,1326,婢,1
5431,蟀,5363,蜂,1
5431,蟀,5370,蜎,1
5431,蟀,5393,蝉,1
5431,蟀,5692,谇,1
5432,蟆,1592,嵝,1
5432,蟆,5378,蜞,1
5434,蟋,5408,蝼,1
5435,蟑,5345,蛘,1
5435,蟑,5431,蟀,1
5436,蟒,5410,蝾,1
5437,蟓,5448,蠓,1
5438,蟛,5343,蛑,1
5440,蟥,3305,潢,1
5443,蟹,1180,壅,1
5443,蟹,2004,懈,1
5443,蟹,5376,蜚,1
5449,蠕,5548,襦,1
5453,蠢,5433,蟊,1
5457,血,1004,囟,1
5457,血,5550,西,1
5457,血,6031,迎,1
5459,衅,4489,绅,1
5459,衅,4494,绊,1
5460,行,80,亍,1
5460,行,85,亓,1
5460,行,1673,幻,1
5460,行,1777,彷,1
5460,行,2978,沂,1
5460,行,4455,纡,1
5460,行,4460,约,1
5460,行,4463,纩,1
5460,行,4464,纪,1
5460,行,5600,讦,1
5460,行,5622,访,1
5461,衍,144,们,1
5461,衍,145,仰,1
5461,衍,4469,纰,1
5461,衍,5460,行,1
5461,衍,6377,铵,1
5462,衔,614,卿,1
5462,衔,4506,绗,1
5462,衔,5460,行,1
5463,街,4455,纡,1
5463,街,4464,纪,1
5464,衙,5465,衡,1
5465,衡,1878,恒,1
5465,衡,4554,缈,1
5465,衡,5461,衍,1
5465,衡,5463,街,1
5465,衡,6970,鲥,1
5467,衣,355,元,1
5467,衣,1679,庆,1
5467,衣,1680,庇,1
5467,衣,3357,灰,1
5467,衣,3607,玉,1
5467,衣,4129,礼,1
5467,衣,4927,艮,1
5468,衤,2944,永,1
5468,衤,4128,礻,1
5468,衤,5616,许,1
5469,补,165,伙,1
5469,补,2102,披,1
5469,补,4150,祧,1
5470,表,3944,看,1
5470,表,6019,辰,1
5471,衩,4131,祀,1
5471,衩,6289,钗,1
5472,衫,1766,形,1
5472,衫,5469,补,1
5472,衫,5491,袗,1
5473,衬,2119,拊,1
5473,衬,2556,村,1
5475,衰,273,俵,1
5475,衰,360,光,1
5476,衲,2969,汭,1
5477,衷,362,免,1
5477,衷,2786,榱,1
5477,衷,3605,玄,1
5477,衷,5470,表,1
5477,衷,5509,裒,1
5477,衷,7104,鹿,1
5478,衽,2968,汪,1
5480,衿,5500,袷,1
5481,袁,1455,寰,1
5481,袁,1820,志,1
5481,袁,5470,表,1
5482,袂,3044,泱,1
5483,袄,5482,袂,1
5485,袆,6705,韩,1
5486,袈,6849,驾,1
5487,袋,5787,贷,1
5488,袍,3380,炮,1
5488,袍,4131,祀,1
5488,袍,5558,视,1
5489,袒,1783,徂,1
5489,袒,1855,怛,1
5489,袒,3454,熟,1
5489,袒,4136,祉,1
5489,袒,5508,裎,1
5489,袒,7171,龃,1
5490,袖,5489,袒,1
5490,袖,6442,锸,1
5491,袗,5472,衫,1
5491,袗,5480,衿,1
5492,袜,228,侏,1
5492,袜,4037,砘,1
5492,袜,4190,秧,1
5492,袜,5473,衬,1
5492,袜,5521,裱,1
5496,被,157,伋,1
5496,被,4140,祗,1
5496,被,4143,祜,1
5496,被,4145,神,1
5496,被,5832,赧,1
5496,被,6571,陂,1
5497,袭,4056,砻,1
5497,袭,5183,蒈,1
5497,袭,5474,衮,1
5497,袭,5486,袈,1
5497,袭,5512,裘,1
5498,袯,4138,祓,1
5499,袱,5870,跗,1
5500,袷,5511,裕,1
5500,袷,5708,谘,1
5501,袼,5500,袷,1
5502,裁,138,代,1
5502,裁,2035,截,1
5502,裁,2039,戴,1
5502,裁,5497,袭,1
5503,裂,5514,裟,1
5504,装,840,唣,1
5504,装,4976,苁,1
5504,装,5349,蛟,1
5505,裆,1798,徜,1
5505,裆,2684,档,1
5505,裆,4133,祃,1
5507,裉,1887,恨,1
5507,裉,3114,浪,1
5508,裎,6391,锃,1
5509,裒,789,哀,1
5510,裔,4804,脔,1
5511,裕,3117,浴,1
5511,裕,5536,褡,1
5512,裘,5487,袋,1
5513,裙,5527,裾,1
5516,裣,3269,滥,1
5516,裣,4077,硷,1
5517,裤,4050,砰,1
5517,裤,4088,碚,1
5517,裤,5537,褥,1
5518,裥,3142,涧,1
5519,裨,4163,禅,1
5521,裱,5534,褚,1
5522,裳,2723,棠,1
5522,裳,4373,篾,1
5522,裳,5514,裟,1
5523,裴,1926,悲,1
5523,裴,5486,袈,1
5524,裸,3571,猓,1
5524,裸,4082,碍,1
5524,裸,4091,碟,1
5524,裸,4210,稞,1
5524,裸,6808,馃,1
5525,裹,106,亳,1
5525,裹,1446,寓,1
5525,裹,5540,褰,1
5526,裼,5530,褐,1
5526,裼,6420,锡,1
5527,裾,293,倨,1
5529,褊,4566,编,1
5529,褊,5513,裙,1
5530,褐,1587,嵎,1
5530,褐,1798,徜,1
5530,褐,4156,祸,1
5530,褐,4167,禤,1
5530,褐,6599,隅,1
5531,褒,5525,裹,1
5534,褚,6411,锗,1
5535,褛,318,偻,1
5535,褛,4689,耧,1
5537,褥,1310,娠,1
5537,褥,3107,浞,1
5537,褥,4188,秤,1
5537,褥,4571,缛,1
5538,褪,3445,煺,1
5538,褪,4667,耀,1
5538,褪,5507,裉,1
5539,褫,3228,溉,1
5539,褫,5541,褴,1
5542,褶,5539,褫,1
5543,襁,5542,褶,1
5544,襄,5479,衾,1
5544,襄,5525,裹,1
5545,襕,3322,澜,1
5546,襞,3735,甓,1
5547,襟,1394,孵,1
5547,襟,4162,禄,1
5547,襟,4221,穄,1
5548,襦,5543,襁,1
5549,襻,5548,襦,1
5550,西,26,两,1
5550,西,562,匜,1
5550,西,791,哂,1
5550,西,1069,坳,1
5550,西,1626,币,1
5550,西,3028,泗,1
5551,要,1095,垩,1
5551,要,1263,妥,1
5551,要,1404,安,1
5551,要,2029,戛,1
5551,要,3479,爱,1
5551,要,4675,耍,1
5553,覆,6822,馒,1
5554,见,402,农,1
5554,见,5560,览,1
5554,见,5762,贝,1
5554,见,6039,进,1
5555,观,414,况,1
5555,观,2903,毗,1
5556,规,1056,坝,1
5556,规,2603,枳,1
5556,规,3376,炟,1
5556,规,5325,蚬,1
5557,觅,363,兑,1
5557,觅,434,凫,1
5557,觅,3300,潏,1
5557,觅,4285,笕,1
5557,觅,5561,觉,1
5557,觅,5765,贡,1
5558,视,3569,猊,1
5558,视,4131,祀,1
5558,视,5482,袂,1
5558,视,5556,规,1
5560,览,3368,炎,1
5561,觉,1636,帔,1
5561,觉,1743,弟,1
5561,觉,4285,笕,1
5561,觉,5673,说,1
5561,觉,5785,贵,1
5563,觋,3610,玑,1
5569,角,1200,多,1
5569,角,6519,闸,1
5569,角,6935,鱼,1
5570,觖,2369,敝,1
5572,觜,3894,皆,1
5573,觞,2873,殇,1
5574,解,2530,朗,1
5574,解,3324,澥,1
5574,解,4041,砟,1
5574,解,5343,蛑,1
5574,解,5578,觯,1
5574,解,6131,邡,1
5574,解,6944,鲆,1
5575,觥,3586,献,1
5575,觥,4558,缍,1
5576,触,4792,能,1
5576,触,5570,觖,1
5576,触,6938,鱿,1
5578,觯,4593,缲,1
5581,言,99,亨,1
5581,言,709,含,1
5581,言,5129,菩,1
5581,言,6710,音,1
5583,訇,3922,盖,1
5584,訾,1151,塆,1
5586,詹,3812,疹,1
5587,誉,898,喜,1
5587,誉,910,喾,1
5587,誉,992,嚚,1
5587,誉,1475,尝,1
5588,誊,1216,夸,1
5588,誊,3675,琴,1
5588,誊,4885,舂,1
5588,誊,5129,菩,1
5588,誊,5587,誉,1
5589,誓,4441,紫,1
5591,謦,1748,弩,1
5592,警,1317,娶,1
5592,警,3675,琴,1
5592,警,5160,落,1
5592,警,5265,薰,1
5592,警,5591,謦,1
5593,譬,2338,擘,1
5594,讠,2943,氵,1
5595,计,4457,纣,1
5596,订,1673,幻,1
5596,订,2951,汈,1
5596,订,5460,行,1
5596,订,5624,证,1
5596,订,5626,诃,1
5597,讣,119,仆,1
5597,讣,2947,汁,1
5597,讣,2987,沐,1
5597,讣,5602,讨,1
5597,讣,6279,钋,1
5598,认,372,八,1
5598,认,1672,幺,1
5599,讥,112,亿,1
5599,讥,121,仉,1
5599,讥,2990,沘,1
5599,讥,2992,沚,1
5599,讥,5615,讷,1
5599,讥,5620,讽,1
5599,讥,5650,诜,1
5600,讦,2867,歼,1
5601,讧,2962,江,1
5603,让,1782,征,1
5603,让,2990,沘,1
5603,让,4456,红,1
5603,让,4480,纻,1
5603,让,5601,讧,1
5603,让,5624,证,1
5605,讫,1031,圪,1
5605,讫,1397,宀,1
5605,讫,2975,汽,1
5605,讫,2982,沆,1
5605,讫,4459,纥,1
5605,讫,5594,讠,1
5605,讫,5601,讧,1
5605,讫,5625,诂,1
5606,训,1037,圳,1
5606,训,3094,测,1
5606,训,4454,纠,1
5606,训,5622,访,1
5606,训,6283,钏,1
5607,议,95,交,1
5607,议,118,仅,1
5608,讯,3749,田,1
5608,讯,5620,讽,1
5608,讯,6508,闭,1
5609,记,352,儿,1
5609,记,558,化,1
5609,记,2950,汇,1
5609,记,2962,江,1
5609,记,2980,沄,1
5609,记,2981,沅,1
5609,记,3034,泡,1
5609,记,3054,泾,1
5609,记,5599,讥,1
5609,记,5605,讫,1
5609,记,5624,证,1
5609,记,5689,谄,1
5610,讲,5600,讦,1
5611,讳,169,伟,1
5612,讴,5624,证,1
5613,讵,5641,诓,1
5614,讶,136,仟,1
5614,讶,156,伊,1
5614,讶,488,剅,1
5614,讶,1681,床,1
5614,讶,5627,评,1
5614,讶,5681,诼,1
5614,讶,6034,迓,1
5615,讷,4472,纳,1
5615,讷,5476,衲,1
5615,讷,5598,认,1
5616,许,2131,拚,1
5616,许,2574,杵,1
5616,许,3065,洚,1
5616,许,3100,浒,1
5616,许,4458,纤,1
5616,许,4463,纩,1
5616,许,4483,线,1
5616,许,5661,诧,1
5617,讹,1186,壮,1
5617,讹,1606,巛,1
5617,讹,2076,扺,1
5617,讹,3085,派,1
5617,讹,4469,纰,1
5617,讹,5633,诋,1
5618,论,2959,汜,1
5618,论,3015,沾,1
5618,论,5288,虍,1
5618,论,5603,让,1
5618,论,5613,讵,1
5618,论,5625,诂,1
5618,论,6049,迩,1
5619,讼,1747,弧,1
5619,讼,2841,次,1
5619,讼,2960,汝,1
5619,讼,3166,淞,1
5619,讼,5600,讦,1
5619,讼,5606,训,1
5619,讼,5622,访,1
5619,讼,5632,诊,1
5620,讽,451,刃,1
5620,讽,5615,讷,1
5620,讽,5688,调,1
5620,讽,6506,闪,1
5621,设,1778,役,1
5621,设,2355,改,1
5621,设,2356,攻,1
5621,设,4461,级,1
5621,设,5629,识,1
5621,设,5640,诒,1
5621,设,5681,诼,1
5622,访,235,侣,1
5622,访,1045,坊,1
5622,访,1777,彷,1
5622,访,2972,汴,1
5622,访,2980,沄,1
5622,访,3081,洺,1
5622,访,3787,疔,1
5622,访,3794,疠,1
5622,访,5614,讶,1
5622,访,5625,诂,1
5622,访,5645,诗,1
5623,诀,1829,快,1
5623,诀,3044,泱,1
5623,诀,3068,洣,1
5623,诀,3116,浯,1
5623,诀,5482,袂,1
5623,诀,5642,诔,1
5624,证,2859,正,1
5624,证,2950,汇,1
5624,证,3080,洹,1
5624,证,3820,症,1
5624,证,5665,诬,1
5625,诂,6318,钴,1
5626,诃,3633,珂,1
5626,诃,6509,问,1
5627,评,156,伊,1
5627,评,5616,许,1
5627,评,5630,诈,1
5627,评,5662,诨,1
5627,评,6944,鲆,1
5628,诅,1062,坦,1
5628,诅,2966,汨,1
5628,诅,3039,泪,1
5628,诅,3073,洫,1
5628,诅,3080,洹,1
5628,诅,4139,祖,1
5628,诅,5599,讥,1
5628,诅,6566,阻,1
5628,诅,6808,馃,1
5629,识,415,冶,1
5629,识,662,只,1
5629,识,1056,坝,1
5629,识,3044,泱,1
5629,识,3072,洪,1
5629,识,3077,洳,1
5629,识,5598,认,1
5629,识,5609,记,1
5629,识,5621,设,1
5629,识,5638,诐,1
5629,识,5646,诘,1
5630,诈,202,作,1
5630,诈,2453,昨,1
5630,诈,3818,痄,1
5630,诈,4534,维,1
5630,诈,5597,讣,1
5631,诉,191,低,1
5631,诉,2394,斥,1
5631,诉,3032,泞,1
5631,诉,3050,泺,1
5631,诉,5599,讥,1
5631,诉,5653,诟,1
5631,诉,6033,近,1
5632,诊,2978,沂,1
5632,诊,3040,泫,1
5632,诊,3115,浮,1
5632,诊,3637,珍,1
5632,诊,4585,缪,1
5632,诊,5491,袗,1
5632,诊,6284,钐,1
5634,诌,456,刍,1
5634,诌,2973,汶,1
5634,诌,2988,沓,1
5634,诌,3038,注,1
5634,诌,3060,洎,1
5634,诌,3649,珰,1
5634,诌,5613,讵,1
5635,词,425,凋,1
5635,词,687,同,1
5635,词,2951,汈,1
5635,词,2965,汤,1
5635,词,4642,羽,1
5635,词,6511,闰,1
5635,词,6517,闶,1
5635,词,6793,饲,1
5635,词,6964,鲟,1
5636,诎,5654,诠,1
5637,诏,5666,语,1
5639,译,2133,拜,1
5639,译,3058,洋,1
5639,译,3065,洚,1
5639,译,5627,评,1
5639,译,5660,详,1
5639,译,5662,诨,1
5639,译,5692,谇,1
5639,译,6343,铎,1
5640,诒,415,冶,1
5640,诒,5625,诂,1
5641,诓,3080,洹,1
5642,诔,228,侏,1
5642,诔,3134,涞,1
5643,试,249,俅,1
5643,试,4550,缄,1
5643,试,5602,讨,1
5643,试,5610,讲,1
5643,试,5648,诚,1
5643,试,5664,诫,1
5644,诖,215,佳,1
5644,诖,1697,庤,1
5645,诗,286,倚,1
5645,诗,3109,浡,1
5645,诗,3132,涛,1
5645,诗,3510,特,1
5645,诗,4487,练,1
5645,诗,5644,诖,1
5645,诗,5646,诘,1
5645,诗,5669,诰,1
5646,诘,1287,姞,1
5646,诘,3116,浯,1
5646,诘,4276,笃,1
5646,诘,5680,读,1
5647,诙,1883,恢,1
5647,诙,5646,诘,1
5648,诚,1108,城,1
5648,诚,2015,戊,1
5648,诚,4550,缄,1
5648,诚,4998,苡,1
5648,诚,5643,试,1
5649,诛,1286,姝,1
5649,诛,3041,泮,1
5649,诛,3068,洣,1
5649,诛,3134,涞,1
5649,诛,3643,珠,1
5649,诛,4494,绊,1
5649,诛,5614,讶,1
5650,诜,3063,洗,1
5650,诜,5647,诙,1
5651,话,2982,沆,1
5651,话,3064,洙,1
5651,话,3143,涨,1
5651,话,4479,纺,1
5651,话,5640,诒,1
5651,话,5679,诺,1
5652,诞,2992,沚,1
5652,诞,3107,浞,1
5652,诞,3153,淀,1
5652,诞,6060,退,1
5653,诟,2998,沥,1
5653,诟,5650,诜,1
5654,诠,5653,诟,1
5655,诡,1294,姽,1
5655,诡,2982,沆,1
5655,诡,3279,漉,1
5655,诡,5613,讵,1
5655,诡,5709,谙,1
5656,询,1459,寻,1
5656,询,1550,峋,1
5656,询,3009,河,1
5656,询,4509,绚,1
5656,询,4539,绹,1
5656,询,5615,讷,1
5656,询,5728,谭,1
5657,诣,2158,指,1
5657,诣,2769,榀,1
5657,诣,3066,洛,1
5657,诣,3138,涢,1
5657,诣,3156,淆,1
5657,诣,3258,滔,1
5657,诣,5662,诨,1
5657,诣,5667,诮,1
5657,诣,5689,谄,1
5658,诤,420,净,1
5658,诤,4482,纾,1
5658,诤,5654,诠,1
5658,诤,5660,详,1
5658,诤,5671,诲,1
5659,该,96,亥,1
5659,该,3071,洨,1
5659,该,5647,诙,1
5659,该,6582,陔,1
5660,详,1788,徉,1
5660,详,3041,泮,1
5660,详,4149,祥,1
5660,详,4614,罩,1
5660,详,4728,肖,1
5660,详,5634,诌,1
5660,详,5658,诤,1
5660,详,5692,谇,1
5661,诧,435,凭,1
5661,诧,2163,挖,1
5661,诧,2955,汔,1
5661,诧,3187,渔,1
5661,诧,5706,谖,1
5662,诨,420,净,1
5663,诩,5662,诨,1
5664,诫,427,减,1
5664,诫,2023,戒,1
5664,诫,4502,绒,1
5664,诫,5642,诔,1
5665,诬,2985,沌,1
5665,诬,3073,洫,1
5665,诬,3194,渣,1
5665,诬,5627,评,1
5666,语,244,侯,1
5666,语,2604,枵,1
5666,语,2972,汴,1
5666,语,5637,诏,1
5666,语,5651,话,1
5666,语,5709,谙,1
5666,语,6383,铻,1
5667,诮,3128,涓,1
5667,诮,4516,绡,1
5667,诮,5663,诩,1
5667,诮,5709,谙,1
5668,误,244,侯,1
5668,误,3138,涢,1
5668,误,4527,续,1
5669,诰,3113,浩,1
5669,诰,5650,诜,1
5669,诰,5667,诮,1
5669,诰,5700,谐,1
5670,诱,25,丢,1
5670,诱,3301,潘,1
5670,诱,3652,球,1
5670,诱,3655,琇,1
5670,诱,4175,秀,1
5670,诱,4521,绦,1
5670,诱,5611,讳,1
5671,诲,2405,旃,1
5671,诲,3077,洳,1
5671,诲,3115,浮,1
5671,诲,3209,湎,1
5671,诲,5658,诤,1
5671,诲,6045,迤,1
5672,诳,5669,诰,1
5673,说,414,况,1
5673,说,2982,沆,1
5673,说,3091,浈,1
5673,说,3201,渲,1
5673,说,4464,纪,1
5673,说,5629,识,1
5673,说,5715,谠,1
5673,说,5817,赖,1
5673,说,6404,锐,1
5674,诵,1106,埇,1
5674,诵,3128,涓,1
5674,诵,3209,湎,1
5674,诵,4479,纺,1
5674,诵,4517,绢,1
5674,诵,5631,诉,1
5674,诵,5655,诡,1
5675,诶,250,俊,1
5675,诶,261,俟,1
5675,诶,5672,诳,1
5676,请,286,倚,1
5676,请,4320,筠,1
5676,请,4535,绵,1
5676,请,5625,诂,1
5676,请,5646,诘,1
5676,请,6665,靖,1
5677,诸,229,侑,1
5677,诸,319,偾,1
5677,诸,1148,堵,1
5677,诸,3156,淆,1
5677,诸,4525,绪,1
5677,诸,5665,诬,1
5677,诸,5679,诺,1
5678,诹,301,倻,1
5678,诹,5675,诶,1
5679,诺,3113,浩,1
5679,诺,3198,渫,1
5679,诺,5653,诟,1
5679,诺,5677,诸,1
5679,诺,5698,谎,1
5679,诺,6412,锘,1
5680,读,1417,实,1
5680,读,2743,椟,1
5680,读,5623,诀,1
5680,读,5699,谏,1
5681,诼,3663,琢,1
5681,诼,5678,诹,1
5682,诽,1796,徘,1
5682,诽,4766,胙,1
5682,诽,6982,鲱,1
5683,课,3064,洙,1
5683,课,3069,津,1
5683,课,6808,馃,1
5684,诿,5670,诱,1
5684,诿,5681,诼,1
5685,谀,5684,诿,1
5685,谀,6815,馊,1
5686,谁,3060,洎,1
5686,谁,3196,渥,1
5686,谁,3207,湉,1
5686,谁,3299,潍,1
5686,谁,5689,谄,1
5687,谂,1117,埝,1
5687,谂,3144,涩,1
5687,谂,5685,谀,1
5687,谂,5691,谆,1
5688,调,1293,姻,1
5688,调,3028,泗,1
5688,调,3056,洄,1
5688,调,3136,涠,1
5688,调,4538,绸,1
5688,调,5683,课,1
5688,调,5703,谓,1
5690,谅,206,你,1
5690,谅,2224,掠,1
5690,谅,3032,泞,1
5690,谅,3071,洨,1
5690,谅,3164,淙,1
5690,谅,3175,淳,1
5690,谅,3678,琼,1
5690,谅,5161,葆,1
5690,谅,5630,诈,1
5691,谆,206,你,1
5691,谆,256,俘,1
5691,谆,1378,孚,1
5691,谆,1933,惇,1
5691,谆,3102,浔,1
5691,谆,3236,溥,1
5691,谆,4530,绰,1
5691,谆,7035,鸥,1
5693,谈,3796,疢,1
5693,谈,5647,诙,1
5693,谈,5673,说,1
5693,谈,5715,谠,1
5694,谊,411,冱,1
5694,谊,1123,埴,1
5694,谊,3187,渔,1
5694,谊,3314,潼,1
5694,谊,4586,缫,1
5695,谋,3227,溇,1
5695,谋,3236,溥,1
5695,谋,3668,琪,1
5695,谋,4542,综,1
5695,谋,4998,苡,1
5695,谋,5696,谌,1
5695,谋,5697,谍,1
5697,谍,892,喋,1
5697,谍,1141,堞,1
5697,谍,5693,谈,1
5697,谍,5696,谌,1
5698,谎,1149,塃,1
5698,谎,1980,慌,1
5698,谎,5230,蔬,1
5698,谎,5695,谋,1
5700,谐,400,写,1
5700,谐,3052,泼,1
5700,谐,3894,皆,1
5700,谐,5667,诮,1
5700,谐,5677,诸,1
5700,谐,5689,谄,1
5700,谐,5924,蹐,1
5702,谒,3197,温,1
5702,谒,3258,滔,1
5702,谒,5725,谪,1
5702,谒,6548,阖,1
5703,谓,900,喟,1
5703,谓,3256,滑,1
5703,谓,3283,漕,1
5703,谓,3290,漯,1
5703,谓,3615,玛,1
5703,谓,3680,瑁,1
5704,谔,1972,愣,1
5705,谕,317,偷,1
5706,谖,4563,缓,1
5707,谗,3120,浼,1
5707,谗,5658,诤,1
5708,谘,327,傧,1
5709,谙,2252,揞,1
5709,谙,4591,缰,1
5709,谙,5676,请,1
5709,谙,5711,谛,1
5710,谚,2989,沔,1
5710,谚,5632,诊,1
5710,谚,5709,谙,1
5711,谛,1644,帝,1
5711,谛,4564,缔,1
5711,谛,5708,谘,1
5712,谜,4522,继,1
5712,谜,5617,讹,1
5712,谜,5649,诛,1
5712,谜,5735,谴,1
5713,谝,3125,涌,1
5713,谝,4566,编,1
5715,谠,326,傥,1
5715,谠,367,党,1
5715,谠,5667,诮,1
5717,谢,1161,塮,1
5717,谢,4729,肘,1
5718,谣,591,卜,1
5718,谣,1802,徭,1
5718,谣,3095,浍,1
5718,谣,3258,滔,1
5718,谣,3693,瑶,1
5718,谣,5636,诎,1
5718,谣,6806,馀,1
5719,谤,1151,塆,1
5719,谤,3337,濠,1
5719,谤,5675,诶,1
5719,谤,5710,谚,1
5719,谤,5725,谪,1
5720,谥,3210,湓,1
5720,谥,3914,益,1
5720,谥,4577,缢,1
5721,谦,3332,濂,1
5722,谧,3269,滥,1
5723,谨,1132,堇,1
5723,谨,3267,滢,1
5724,谩,426,凌,1
5724,谩,3708,璟,1
5724,谩,5716,谡,1
5724,谩,6822,馒,1
5725,谪,5674,诵,1
5725,谪,5676,请,1
5727,谬,3129,涔,1
5728,谭,852,唾,1
5728,谭,3058,洋,1
5728,谭,3257,滓,1
5728,谭,3292,漳,1
5728,谭,5703,谓,1
5729,谮,341,僭,1
5730,谯,340,僬,1
5730,谯,3651,珽,1
5731,谰,3332,濂,1
5731,谰,5705,谕,1
5732,谱,886,善,1
5732,谱,2465,晋,1
5738,谷,374,六,1
5738,谷,613,卻,1
5738,谷,689,后,1
5738,谷,699,吝,1
5738,谷,1776,彳,1
5738,谷,3501,牡,1
5738,谷,5460,行,1
5738,谷,6366,铪,1
5739,豁,4375,簇,1
5740,豆,6,三,1
5740,豆,58,乓,1
5740,豆,88,亘,1
5740,豆,4453,纟,1
5740,豆,4878,至,1
5743,豌,1618,巯,1
5743,豌,3670,琬,1
5743,豌,4086,碗,1
5745,豚,3152,涿,1
5746,象,1761,彖,1
5746,象,1893,息,1
5746,象,7058,鸾,1
5747,豢,1224,奈,1
5747,豢,2148,拳,1
5747,豢,3043,泰,1
5747,豢,4189,秦,1
5749,豪,102,京,1
5749,豪,989,嚎,1
5749,豪,2928,氛,1
5749,豪,3043,泰,1
5749,豪,6097,遂,1
5750,豫,3848,瘃,1
5750,豫,4435,糸,1
5750,豫,6468,镓,1
5750,豫,6728,预,1
5752,豸,1761,彖,1
5753,豹,3543,狗,1
5753,豹,5752,豸,1
5753,豹,6711,韵,1
5754,豺,2555,材,1
5754,豺,4466,纬,1
5757,貉,5755,貂,1
5757,貉,5986,辂,1
5759,貌,3569,猊,1
5759,貌,4206,税,1
5762,贝,354,允,1
5762,贝,5554,见,1
5763,贞,595,卡,1
5763,贞,662,只,1
5763,贞,1612,左,1
5763,贞,2351,攴,1
5764,负,47,久,1
5764,负,1221,奂,1
5764,负,2840,欠,1
5764,负,5460,行,1
5764,负,6719,须,1
5765,贡,2052,手,1
5765,贡,4954,芡,1
5765,贡,5764,负,1
5765,贡,5767,责,1
5766,财,678,叼,1
5767,责,2897,毐,1
5767,责,5005,英,1
5767,责,5789,费,1
5767,责,6702,韦,1
5768,贤,379,兴,1
5768,贤,4753,肾,1
5769,败,2356,攻,1
5770,账,702,吠,1
5770,账,1634,帐,1
5770,账,5322,蚨,1
5771,货,582,华,1
5771,货,2443,昏,1
5771,货,5763,贞,1
5771,货,5768,贤,1
5772,质,229,侑,1
5772,质,3357,灰,1
5772,质,6724,颀,1
5773,贩,676,叹,1
5773,贩,3491,版,1
5773,贩,3896,皈,1
5775,贫,139,令,1
5775,贫,3911,盆,1
5775,贫,5774,贪,1
5775,贫,5797,赁,1
5776,贬,741,呤,1
5776,贬,4566,编,1
5777,购,859,啊,1
5777,购,4789,胸,1
5778,贮,177,伫,1
5778,贮,5769,败,1
5778,贮,5773,贩,1
5778,贮,5792,贼,1
5779,贯,2437,昃,1
5779,贯,5785,贵,1
5779,贯,5793,贽,1
5779,贯,5794,贾,1
5780,贰,2862,武,1
5780,贰,5981,载,1
5781,贱,2452,昧,1
5781,贱,6790,饯,1
5783,贳,4981,苋,1
5784,贴,3613,玙,1
5784,贴,5778,贮,1
5784,贴,5786,贶,1
5784,贴,5862,跆,1
5784,贴,5882,路,1
5785,贵,3224,溃,1
5785,贵,3910,盅,1
5785,贵,5767,责,1
5785,贵,5779,贯,1
5788,贸,1115,埙,1
5788,贸,1846,怊,1
5788,贸,5796,赀,1
5789,费,736,员,1
5790,贺,6849,驾,1
5791,贻,5784,贴,1
5792,贼,2023,戒,1
5792,贼,5664,诫,1
5792,贼,5781,贱,1
5792,贼,6805,饿,1
5793,贽,5789,费,1
5794,贾,1707,庹,1
5794,贾,3472,燹,1
5794,贾,5779,贯,1
5794,贾,5818,赘,1
5795,贿,4198,秽,1
5795,贿,5751,豳,1
5796,赀,5768,贤,1
5797,赁,5788,贸,1
5798,赂,3771,略,1
5798,赂,3946,眙,1
5798,赂,4786,胳,1
5798,赂,6800,饹,1
5799,赃,5791,贻,1
5800,资,695,吕,1
5800,资,775,咨,1
5800,资,2840,欠,1
5800,资,4226,穴,1
5802,赆,5791,贻,1
5803,赇,5781,贱,1
5806,赊,1381,孝,1
5806,赊,5798,赂,1
5807,赋,6805,饿,1
5810,赎,6485,镤,1
5811,赏,1190,壹,1
5811,赏,1435,宽,1
5811,赏,4627,羑,1
5811,赏,5561,觉,1
5812,赐,839,唢,1
5812,赐,3364,炀,1
5812,赐,5777,购,1
5812,赐,5901,踢,1
5814,赓,1692,庚,1
5815,赔,5806,赊,1
5817,赖,2197,损,1
5817,赖,2365,敕,1
5817,赖,3334,濑,1
5817,赖,4389,籁,1
5818,赘,2822,橛,1
5818,赘,5824,赞,1
5820,赚,1979,慊,1
5821,赛,1157,塞,1
5821,赛,5377,蜜,1
5824,赞,5788,贸,1
5824,赞,5796,赀,1
5826,赠,214,佰,1
5826,赠,4121,礌,1
5826,赠,5934,蹭,1
5827,赡,4003,瞻,1
5827,赡,5444,蟾,1
5827,赡,5815,赔,1
5828,赢,1708,庼,1
5828,赢,4639,羸,1
5830,赤,1371,孑,1
5830,赤,1474,尜,1
5830,赤,4435,糸,1
5831,赦,2366,敖,1
5831,赦,2376,数,1
5831,赦,4023,矽,1
5831,赦,4879,致,1
5831,赦,5832,赧,1
5831,赦,5967,软,1
5834,赫,2666,桂,1
5834,赫,4009,矜,1
5834,赫,6705,韩,1
5834,赫,6897,髅,1
5835,赭,5834,赫,1
5836,走,1208,夫,1
5836,走,1228,奏,1
5836,走,2455,是,1
5836,走,2456,昱,1
5836,走,5852,足,1
5836,走,6021,辶,1
5837,赳,3658,琎,1
5838,赴,599,卦,1
5838,赴,5839,赵,1
5840,赶,5741,豇,1
5840,赶,5839,赵,1
5841,起,5836,走,1
5842,趁,3458,熬,1
5842,趁,3659,琏,1
5842,趁,5844,超,1
5843,趄,5844,超,1
5844,超,5310,蚂,1
5844,超,6037,还,1
5844,超,6579,陌,1
5845,越,2032,戢,1
5845,越,2708,械,1
5846,趋,5847,趑,1
5846,趋,7149,鼗,1
5849,趟,313,健,1
5849,趟,3159,淌,1
5849,趟,6070,逍,1
5850,趣,6593,陬,1
5852,足,356,兄,1
5852,足,585,卒,1
5852,足,1470,尕,1
5852,足,2462,显,1
5852,足,3003,沪,1
5852,足,3782,疋,1
5852,足,4927,艮,1
5852,足,6037,还,1
5853,趴,665,叭,1
5853,趴,5764,负,1
5855,趸,6019,辰,1
5856,趺,5860,跃,1
5856,趺,5864,跌,1
5856,趺,5898,踝,1
5857,趼,4034,研,1
5857,趼,5874,跞,1
5858,趾,560,匙,1
5858,趾,4701,耻,1
5858,趾,5853,趴,1
5859,趿,5869,跖,1
5860,跃,4134,祆,1
5860,跃,4194,积,1
5861,跄,3539,狍,1
5861,跄,5865,跎,1
5861,跄,5868,跑,1
5863,跋,5498,袯,1
5863,跋,6323,钹,1
5864,跌,1052,块,1
5864,跌,1723,廷,1
5864,跌,2417,既,1
5864,跌,6786,饫,1
5865,跎,3806,疱,1
5865,跎,6339,铊,1
5866,跏,527,劭,1
5866,跏,5900,踟,1
5867,跐,5883,跳,1
5868,跑,3375,炝,1
5868,跑,6615,隹,1
5868,跑,6792,饱,1
5868,跑,7173,龅,1
5871,跚,5858,趾,1
5872,跛,1636,帔,1
5872,跛,5496,被,1
5872,跛,5638,诐,1
5872,跛,5742,豉,1
5872,跛,5859,趿,1
5872,跛,6211,酦,1
5872,跛,6571,陂,1
5873,距,4014,矩,1
5873,距,5859,趿,1
5873,距,5861,跄,1
5873,距,5869,跖,1
5873,距,5882,路,1
5874,跞,5903,踩,1
5875,跟,800,哏,1
5875,跟,875,啵,1
5875,跟,1787,很,1
5875,跟,5859,趿,1
5875,跟,5899,踞,1
5875,跟,6837,驱,1
5876,跣,5864,跌,1
5877,跤,5349,蛟,1
5877,跤,5854,趵,1
5877,跤,5859,趿,1
5878,跨,1098,垮,1
5878,跨,5854,趵,1
5878,跨,6302,钤,1
5879,跪,1294,姽,1
5879,跪,5390,蜿,1
5879,跪,5882,路,1
5880,跫,1877,恐,1
5882,路,3642,珞,1
5882,路,5876,跣,1
5882,路,5897,踔,1
5882,路,5902,踣,1
5882,路,5909,踵,1
5882,路,6387,铿,1
5882,路,6893,骼,1
5883,跳,5867,跐,1
5883,跳,5871,跚,1
5884,践,3925,盛,1
5884,践,4502,绒,1
5884,践,5356,蛲,1
5884,践,6315,钱,1
5884,践,6790,饯,1
5886,跷,6797,饶,1
5886,跷,6852,骁,1
5889,跺,403,冠,1
5889,跺,3174,深,1
5889,跺,4521,绦,1
5889,跺,5903,踩,1
5889,跺,6785,饪,1
5889,跺,6806,馀,1
5890,跻,5358,蛴,1
5890,跻,6854,骄,1
5891,跽,5893,踉,1
5893,踉,5877,跤,1
5894,踊,4076,确,1
5894,踊,5927,蹓,1
5895,踌,3132,涛,1
5895,踌,6380,铸,1
5896,踏,1597,嵴,1
5896,踏,4516,绡,1
5896,踏,5862,跆,1
5896,踏,5935,蹯,1
5897,踔,5891,跽,1
5897,踔,5943,蹿,1
5898,踝,4158,祼,1
5898,踝,5897,踔,1
5899,踞,5891,跽,1
5899,踞,5906,踮,1
5899,踞,6341,铌,1
5900,踟,5898,踝,1
5901,踢,4026,砀,1
5901,踢,5945,躅,1
5901,踢,6420,锡,1
5903,踩,5884,践,1
5903,踩,5904,踪,1
5903,踩,5916,蹂,1
5903,踩,5944,躁,1
5904,踪,2773,榇,1
5904,踪,4542,综,1
5904,踪,5414,螈,1
5904,踪,6474,镙,1
5904,踪,6974,鲩,1
5905,踬,5900,踟,1
5905,踬,6426,锧,1
5906,踮,5905,踬,1
5908,踱,3791,疚,1
5908,踱,5516,裣,1
5908,踱,5863,跋,1
5909,踵,5881,跬,1
5909,踵,5918,蹅,1
5911,踹,5914,蹀,1
5913,踽,5909,踵,1
5913,踽,5926,蹒,1
5915,蹁,5398,蝙,1
5915,蹁,5418,螗,1
5916,蹂,3587,猱,1
5916,蹂,4419,糅,1
5916,蹂,5874,跞,1
5916,蹂,5889,跺,1
5916,蹂,5898,踝,1
5917,蹄,5711,谛,1
5917,蹄,5943,蹿,1
5918,蹅,4100,碴,1
5918,蹅,5896,踏,1
5919,蹇,5821,赛,1
5920,蹈,5399,蝠,1
5920,蹈,5900,踟,1
5920,蹈,5913,踽,1
5922,蹊,3218,湨,1
5923,蹋,4516,绡,1
5923,蹋,5894,踊,1
5923,蹋,5901,踢,1
5923,蹋,5915,蹁,1
5924,蹐,5533,褙,1
5924,蹐,5929,蹜,1
5926,蹒,3266,满,1
5926,蹒,5917,蹄,1
5927,蹓,853,唿,1
5930,蹢,5915,蹁,1
5931,蹦,3716,瓘,1
5931,蹦,6475,镚,1
5932,蹩,2378,整,1
5933,蹬,1601,嶝,1
5933,蹬,3316,澄,1
5933,蹬,4075,硭,1
5934,蹭,4118,磺,1
5934,蹭,5826,赠,1
5934,蹭,5924,蹐,1
5934,蹭,5937,蹲,1
5937,蹲,3587,猱,1
5937,蹲,5944,躁,1
5942,蹾,940,嗾,1
5942,蹾,2504,暾,1
5942,蹾,5912,踺,1
5943,蹿,2883,殡,1
5943,蹿,5917,蹄,1
5944,躁,3713,璪,1
5944,躁,4450,繇,1
5944,躁,5889,跺,1
5944,躁,5903,踩,1
5944,躁,5922,蹊,1
5945,躅,5901,踢,1
5946,躇,6410,锖,1
5949,躔,4575,缠,1
5952,身,52,乌,1
5952,身,1406,完,1
5952,身,3487,爿,1
5952,身,3496,牙,1
5953,躬,4903,舫,1
5954,躯,1526,岖,1
5954,躯,4701,耻,1
5955,躲,3978,睬,1
5955,躲,4736,股,1
5956,躺,284,倘,1
5956,躺,4559,缎,1
5957,軎,727,告,1
5957,軎,1611,工,1
5958,车,22,东,1
5958,车,581,半,1
5958,车,1668,平,1
5959,轧,5960,轨,1
5960,轨,120,仇,1
5960,轨,5962,轪,1
5960,轨,6674,靰,1
5961,轩,1243,奸,1
5961,轩,2396,斩,1
5961,轩,3611,玕,1
5961,轩,4455,纡,1
5961,轩,4697,耵,1
5961,轩,5975,轷,1
5964,转,5969,轱,1
5964,转,6883,骤,1
5966,轮,2097,抡,1
5966,轮,5969,轱,1
5966,轮,6149,邽,1
5967,软,2844,欤,1
5967,软,4031,砍,1
5967,软,5963,轫,1
5967,软,5964,转,1
5967,软,5965,轭,1
5967,软,5973,轵,1
5967,软,6304,钦,1
5968,轰,792,哄,1
5969,轱,5965,轭,1
5970,轲,5963,轫,1
5970,轲,5969,轱,1
5971,轳,5970,轲,1
5972,轴,3513,牿,1
5972,轴,4351,箱,1
5972,轴,4549,缃,1
5972,轴,5990,辆,1
5972,轴,6251,釉,1
5973,轵,5971,轳,1
5974,轶,5973,轵,1
5974,轶,6331,铁,1
5975,轷,5976,轸,1
5976,轸,5974,轶,1
5977,轹,2396,斩,1
5979,轻,4632,羟,1
5979,轻,5967,软,1
5981,载,1462,封,1
5981,载,2662,栽,1
5982,轾,1138,堑,1
5983,轿,4015,矫,1
5983,轿,5964,转,1
5983,轿,5973,轵,1
5983,轿,5974,轶,1
5983,轿,6565,阶,1
5983,轿,6854,骄,1
5985,辁,5982,轾,1
5987,较,2359,故,1
5987,较,4788,胶,1
5987,较,5966,轮,1
5987,较,5967,软,1
5989,辅,3510,特,1
5989,辅,6382,铺,1
5990,辆,1134,堋,1
5990,辆,6000,辐,1
5992,辈,2633,柴,1
5992,辈,5991,辇,1
5993,辉,3405,烨,1
5993,辉,3492,牌,1
5996,辌,2737,椋,1
6000,辐,2873,殇,1
6000,辐,5982,轾,1
6000,辐,5996,辌,1
6000,辐,6458,镉,1
6001,辑,2251,揖,1
6003,输,1319,婀,1
6003,输,2243,揄,1
6003,输,2772,榆,1
6003,输,5396,蝓,1
6006,辖,2871,殄,1
6006,辖,5976,轸,1
6006,辖,5983,轿,1
6006,辖,6003,输,1
6009,辙,5835,赭,1
6011,辛,1273,妾,1
6011,辛,1669,年,1
6011,辛,2395,斧,1
6011,辛,2428,旱,1
6011,辛,2922,气,1
6011,辛,3606,率,1
6011,辛,4275,竿,1
6011,辛,4624,羊,1
6012,辜,1671,幸,1
6012,辜,2155,拿,1
6012,辜,5090,莘,1
6013,辞,473,刮,1
6013,辞,2359,故,1
6013,辞,4036,砗,1
6013,辞,4204,程,1
6014,辟,1087,垟,1
6014,辟,4050,砰,1
6014,辟,4083,碎,1
6014,辟,4634,群,1
6014,辟,5887,跸,1
6015,辣,4269,竦,1
6015,辣,6018,辫,1
6015,辣,6341,铌,1
6015,辣,6384,铼,1
6016,辨,3648,班,1
6016,辨,6439,锵,1
6016,辨,6622,雅,1
6017,辩,2881,殚,1
6017,辩,2992,沚,1
6017,辩,4141,祚,1
6017,辩,4630,羝,1
6018,辫,4580,缥,1
6018,辫,6622,雅,1
6019,辰,4927,艮,1
6020,辱,622,厍,1
6020,辱,713,启,1
6021,辶,51,之,1
6021,辶,95,交,1
6022,边,63,乜,1
6022,边,66,也,1
6022,边,516,办,1
6022,边,3750,由,1
6023,辽,63,乜,1
6023,辽,411,冱,1
6023,辽,1721,廴,1
6023,辽,2858,止,1
6023,辽,5609,记,1
6023,辽,6030,迈,1
6024,达,1207,太,1
6024,达,2167,挞,1
6024,达,3083,洼,1
6024,达,4313,答,1
6024,达,6029,过,1
6024,达,6054,述,1
6025,迁,2947,汁,1
6025,迁,2978,沂,1
6025,迁,2985,沌,1
6025,迁,3050,泺,1
6025,迁,3782,疋,1
6026,迂,81,于,1
6026,迂,2951,汈,1
6026,迂,4455,纡,1
6026,迂,6023,辽,1
6027,迄,23,丝,1
6027,迄,5632,诊,1
6027,迄,6036,迕,1
6027,迄,6048,迨,1
6028,迅,2958,汛,1
6028,迅,2966,汨,1
6028,迅,3749,田,1
6029,过,6026,迂,1
6029,过,6054,述,1
6029,过,6073,逑,1
6030,迈,441,凸,1
6030,迈,643,及,1
6030,迈,4019,石,1
6030,迈,6022,边,1
6030,迈,6023,辽,1
6030,迈,6037,还,1
6030,迈,6044,迢,1
6030,迈,6048,迨,1
6031,迎,609,卵,1
6031,迎,3027,泖,1
6032,运,82,亏,1
6032,运,564,匠,1
6032,运,2980,沄,1
6032,运,3040,泫,1
6032,运,5249,蕴,1
6032,运,6023,辽,1
6032,运,6030,迈,1
6033,近,18,丘,1
6033,近,441,凸,1
6033,近,2978,沂,1
6033,近,6035,返,1
6033,近,6038,这,1
6034,迓,6026,迂,1
6035,返,2954,汐,1
6035,返,6030,迈,1
6035,返,6033,近,1
6035,返,6038,这,1
6035,返,6051,迫,1
6035,返,6086,逦,1
6037,还,154,企,1
6037,还,6054,述,1
6037,还,6055,迳,1
6037,还,6780,饣,1
6038,这,51,之,1
6038,这,571,区,1
6038,这,1006,囡,1
6038,这,2380,文,1
6038,这,2954,汐,1
6038,这,3786,疒,1
6038,这,6049,迩,1
6038,这,6051,迫,1
6039,进,3025,泔,1
6039,进,3072,洪,1
6039,进,6028,迅,1
6039,进,6050,迪,1
6040,远,620,压,1
6040,远,1621,巳,1
6040,远,2959,汜,1
6040,远,2981,沅,1
6040,远,4462,纨,1
6040,远,6027,迄,1
6040,远,6033,近,1
6040,远,6037,还,1
6040,远,6077,逗,1
6041,违,5611,讳,1
6041,违,6082,速,1
6042,连,215,佳,1
6042,连,3135,涟,1
6042,连,5102,莲,1
6042,连,5644,诖,1
6042,连,6034,迓,1
6043,迟,3103,浕,1
6044,迢,672,叵,1
6044,迢,6023,辽,1
6044,迢,6059,追,1
6044,迢,6077,逗,1
6048,迨,6062,适,1
6049,迩,6027,迄,1
6049,迩,6036,迕,1
6050,迪,6022,边,1
6051,迫,88,亘,1
6051,迫,189,但,1
6051,迫,672,叵,1
6051,迫,3021,泊,1
6051,迫,3060,洎,1
6051,迫,3080,洹,1
6051,迫,6033,近,1
6051,迫,6105,道,1
6052,迭,3113,浩,1
6052,迭,4597,缶,1
6052,迭,6056,迷,1
6054,述,3005,沭,1
6054,述,4970,芷,1
6054,述,6026,迂,1
6054,述,6039,进,1
6056,迷,445,凼,1
6056,迷,3004,沫,1
6056,迷,6039,进,1
6056,迷,6054,述,1
6056,迷,6070,逍,1
6056,迷,6073,逑,1
6056,迷,6082,速,1
6057,迸,3078,洴,1
6057,迸,6067,选,1
6058,迹,23,丝,1
6058,迹,89,亚,1
6058,迹,3050,泺,1
6058,迹,6057,迸,1
6058,迹,6073,逑,1
6058,迹,6103,遑,1
6058,迹,6104,遒,1
6059,追,1723,廷,1
6059,追,3006,沮,1
6059,追,3032,泞,1
6059,追,3080,洹,1
6059,追,4999,苣,1
6059,追,6048,迨,1
6059,追,6110,遣,1
6060,退,4927,艮,1
6060,退,6043,迟,1
6061,送,6040,远,1
6061,送,6066,逆,1
6061,送,6074,递,1
6061,送,6097,遂,1
6062,适,558,化,1
6062,适,565,匡,1
6062,适,3909,盂,1
6062,适,4889,舌,1
6062,适,6025,迁,1
6062,适,6048,迨,1
6063,逃,1609,巡,1
6063,逃,6053,迮,1
6063,逃,6076,逖,1
6064,逄,6085,逢,1
6065,逅,5653,诟,1
6065,逅,6059,追,1
6066,逆,2907,毪,1
6066,逆,6042,连,1
6066,逆,6049,迩,1
6066,逆,6061,送,1
6066,逆,6074,递,1
6067,选,1401,宅,1
6067,选,3189,渗,1
6067,选,6027,迄,1
6067,选,6038,这,1
6067,选,6090,逵,1
6068,逊,5469,补,1
6068,逊,6058,迹,1
6071,透,1384,季,1
6071,透,3082,活,1
6071,透,5878,跨,1
6071,透,6034,迓,1
6072,逐,24,丞,1
6072,逐,445,凼,1
6072,逐,5681,诼,1
6072,逐,6037,还,1
6072,逐,6097,遂,1
6074,递,3130,涕,1
6075,途,3121,涂,1
6075,途,6027,迄,1
6075,途,6059,追,1
6075,途,6064,逄,1
6075,途,6091,逶,1
6076,逖,2398,断,1
6077,逗,672,叵,1
6077,逗,5088,莒,1
6077,逗,5740,豆,1
6077,逗,6023,辽,1
6077,逗,6062,适,1
6077,逗,6094,逼,1
6078,通,2462,显,1
6078,通,3209,湎,1
6078,通,4551,缅,1
6078,通,5141,萆,1
6078,通,6051,迫,1
6079,逛,1251,妇,1
6079,逛,5652,诞,1
6079,逛,6076,逖,1
6080,逝,3104,浙,1
6080,逝,6033,近,1
6080,逝,6112,遨,1
6080,逝,6386,链,1
6081,逞,726,呈,1
6081,逞,1112,埕,1
6081,逞,1880,恙,1
6081,逞,3107,浞,1
6081,逞,5508,裎,1
6081,逞,5644,诖,1
6081,逞,6027,迄,1
6081,逞,6103,遑,1
6081,逞,6124,邑,1
6082,速,421,凄,1
6082,速,690,吏,1
6082,速,6029,过,1
6082,速,6041,违,1
6082,速,6056,迷,1
6082,速,6058,迹,1
6082,速,6072,逐,1
6082,速,6088,逮,1
6083,造,2824,橥,1
6083,造,3036,泣,1
6083,造,3201,渲,1
6083,造,6106,遗,1
6083,造,6107,遘,1
6085,逢,420,净,1
6085,逢,3065,洚,1
6085,逢,4371,篷,1
6085,逢,4573,缝,1
6085,逢,6070,逍,1
6085,逢,6074,递,1
6086,逦,6033,近,1
6087,逭,6059,追,1
6088,逮,6060,退,1
6088,逮,6082,速,1
6090,逵,907,喹,1
6090,逵,6084,逡,1
6090,逵,6112,遨,1
6092,逸,4868,臆,1
6092,逸,6040,远,1
6092,逸,6067,选,1
6092,逸,6923,魂,1
6093,逻,6038,这,1
6093,逻,6044,迢,1
6093,逻,6084,逡,1
6093,逻,6101,遏,1
6094,逼,3111,浥,1
6094,逼,3187,渔,1
6094,逼,5855,趸,1
6094,逼,6062,适,1
6094,逼,6077,逗,1
6094,逼,6113,遭,1
6094,逼,6902,高,1
6095,逾,6075,途,1
6096,遁,2738,植,1
6096,遁,5689,谄,1
6096,遁,6065,逅,1
6097,遂,1432,家,1
6097,遂,6072,逐,1
6097,遂,6074,递,1
6097,遂,6112,遨,1
6097,遂,6121,邃,1
6099,遇,6045,迤,1
6099,遇,6060,退,1
6099,遇,6093,逻,1
6099,遇,6104,遒,1
6100,遍,1869,总,1
6100,遍,3428,焰,1
6100,遍,4550,缄,1
6100,遍,4740,肩,1
6101,遏,3102,浔,1
6101,遏,3111,浥,1
6101,遏,3202,渴,1
6101,遏,6109,遢,1
6102,遐,3682,瑕,1
6105,道,3047,泶,1
6105,道,5720,谥,1
6105,道,6033,近,1
6105,道,6059,追,1
6105,道,6062,适,1
6105,道,6066,逆,1
6105,道,6070,逍,1
6105,道,6078,通,1
6105,道,6086,逦,1
6105,道,6110,遣,1
6105,道,6116,遵,1
6105,道,6973,鲨,1
6106,遗,569,匮,1
6106,遗,3910,盅,1
6106,遗,6098,遄,1
6106,遗,6113,遭,1
6106,遗,6115,遴,1
6110,遣,2503,暹,1
6110,遣,3923,盗,1
6110,遣,5735,谴,1
6110,遣,6059,追,1
6110,遣,6106,遗,1
6111,遥,4571,缛,1
6111,遥,5718,谣,1
6111,遥,6081,逞,1
6111,遥,6103,遑,1
6113,遭,3312,潸,1
6113,遭,3338,濡,1
6113,遭,5179,葸,1
6113,遭,5212,蓝,1
6113,遭,6107,遘,1
6113,遭,6831,馨,1
6114,遮,1704,庶,1
6114,遮,1875,恋,1
6114,遮,3148,涯,1
6114,遮,3341,瀌,1
6114,遮,6065,逅,1
6114,遮,7058,鸾,1
6116,遵,4366,篥,1
6116,遵,5714,谟,1
6116,遵,6064,逄,1
6116,遵,6101,遏,1
6117,遽,5293,虔,1
6118,避,6102,遐,1
6119,邀,3321,澎,1
6119,邀,3331,激,1
6119,邀,4836,腰,1
6119,邀,6102,遐,1
6120,邂,6112,遨,1
6121,邃,4250,窠,1
6122,邈,6111,遥,1
6124,邑,4930,色,1
6125,邓,645,双,1
6125,邓,661,叩,1
6128,邙,6130,邝,1
6129,邛,6128,邙,1
6130,邝,6127,邗,1
6131,邡,4132,祁,1
6132,邢,607,即,1
6132,邢,1766,形,1
6132,邢,4698,耶,1
6132,邢,6141,邳,1
6132,邢,6145,邸,1
6132,邢,7056,鸼,1
6133,那,819,哪,1
6133,那,3400,烝,1
6133,那,4732,肜,1
6134,邦,1740,弗,1
6134,邦,3615,玛,1
6134,邦,6158,郏,1
6135,邪,759,和,1
6135,邪,2389,斜,1
6135,邪,4698,耶,1
6135,邪,6127,邗,1
6135,邪,6153,郅,1
6135,邪,6189,鄱,1
6138,邯,6137,邮,1
6138,邯,6165,郜,1
6140,邱,1674,幼,1
6140,邱,6145,邸,1
6140,邱,6149,邽,1
6141,邳,6140,邱,1
6143,邵,527,劭,1
6143,邵,819,哪,1
6143,邵,6154,郇,1
6144,邶,6147,邺,1
6146,邹,3905,皱,1
6146,邹,5836,走,1
6146,邹,6131,邡,1
6146,邹,6136,邬,1
6146,邹,6163,郚,1
6146,邹,6677,靶,1
6146,邹,6725,颁,1
6146,邹,6839,驴,1
6148,邻,123,介,1
6148,邻,416,冷,1
6148,邻,605,印,1
6148,邻,608,却,1
6148,邻,6136,邬,1
6148,邻,6140,邱,1
6148,邻,6153,郅,1
6148,邻,7045,鸰,1
6149,邽,6134,邦,1
6150,邾,3520,犏,1
6150,邾,4178,秆,1
6151,郁,6162,郗,1
6151,郁,6177,都,1
6151,郁,6184,鄙,1
6151,郁,7072,鹌,1
6155,郈,6140,邱,1
6156,郊,6131,邡,1
6156,郊,6140,邱,1
6157,郎,6128,邙,1
6157,郎,6136,邬,1
6157,郎,6376,铴,1
6159,郐,611,卸,1
6159,郐,753,命,1
6160,郑,698,君,1
6160,郑,4629,羚,1
6160,郑,6153,郅,1
6160,郑,7069,鹉,1
6161,郓,6173,郭,1
6162,郗,6177,都,1
6164,郛,5026,茕,1
6165,郜,6148,邻,1
6166,郝,4683,耙,1
6166,郝,6177,都,1
6167,郡,607,即,1
6167,郡,1632,希,1
6167,郡,6143,邵,1
6168,郢,6185,鄞,1
6169,郦,42,丽,1
6170,郧,536,勋,1
6170,郧,736,员,1
6170,郧,6155,郈,1
6170,郧,6174,郯,1
6171,部,4464,纪,1
6171,部,6146,邹,1
6171,部,6163,郚,1
6171,部,6165,郜,1
6172,郫,4698,耶,1
6173,郭,6131,邡,1
6173,郭,6164,郛,1
6173,郭,6171,部,1
6173,郭,6187,鄣,1
6174,郯,59,乔,1
6174,郯,6160,郑,1
6175,郴,1772,彬,1
6175,郴,2596,枧,1
6175,郴,2619,柙,1
6175,郴,6138,邯,1
6176,郸,587,单,1
6176,郸,6172,郫,1
6176,郸,6185,鄞,1
6177,都,608,却,1
6177,都,6166,郝,1
6180,鄂,6171,部,1
6183,鄘,6182,鄌,1
6184,鄙,6155,郈,1
6189,鄱,6177,都,1
6190,鄹,4714,聚,1
6191,酃,6190,鄹,1
6193,酉,1015,囹,1
6193,酉,6194,酊,1
6193,酉,6615,隹,1
6195,酋,90,些,1
6195,酋,4984,苎,1
6196,酌,813,哟,1
6197,配,2544,机,1
6197,配,5563,觋,1
6197,配,6200,酐,1
6197,配,6204,酝,1
6197,配,6217,酰,1
6200,酐,6194,酊,1
6201,酒,1498,届,1
6201,酒,3028,泗,1
6201,酒,3060,洎,1
6201,酒,3077,洳,1
6201,酒,3125,涌,1
6201,酒,6193,酉,1
6201,酒,6715,顷,1
6202,酗,6200,酐,1
6203,酚,3836,痧,1
6203,酚,4057,砼,1
6203,酚,6739,颐,1
6204,酝,43,举,1
6204,酝,6197,配,1
6205,酞,6210,酥,1
6207,酢,6216,酯,1
6210,酥,4058,砾,1
6210,酥,4072,硪,1
6210,酥,4110,磔,1
6210,酥,6225,酹,1
6211,酦,6223,酷,1
6211,酦,6953,鲏,1
6212,酩,6155,郈,1
6212,酩,6229,醅,1
6213,酪,3303,潞,1
6213,酪,6203,酚,1
6213,酪,6223,酷,1
6213,酪,6229,醅,1
6213,酪,6856,骆,1
6215,酮,1551,峒,1
6215,酮,2525,朋,1
6215,酮,6208,酣,1
6219,酲,6234,醍,1
6220,酴,6210,酥,1
6220,酴,6221,酵,1
6220,酴,6225,酹,1
6221,酵,6223,酷,1
6221,酵,6225,酹,1
6221,酵,6232,醋,1
6222,酶,6216,酯,1
6222,酶,6598,陷,1
6223,酷,4249,窟,1
6223,酷,5575,觥,1
6223,酷,6203,酚,1
6223,酷,6204,酝,1
6223,酷,6216,酯,1
6223,酷,7056,鸼,1
6224,酸,2369,敝,1
6224,酸,3898,皎,1
6224,酸,4045,砧,1
6224,酸,6216,酯,1
6225,酹,6220,酴,1
6227,酾,6193,酉,1
6228,酿,3792,疝,1
6228,酿,4199,秾,1
6228,酿,5893,踉,1
6228,酿,6206,酡,1
6229,醅,6249,醾,1
6230,醇,6198,酎,1
6231,醉,985,噼,1
6231,醉,1131,堆,1
6231,醉,4083,碎,1
6231,醉,6226,酽,1
6232,醋,3900,皓,1
6232,醋,4922,艏,1
6232,醋,6221,酵,1
6233,醌,6215,酮,1
6233,醌,6228,酿,1
6234,醍,6215,酮,1
6234,醍,6996,鳀,1
6237,醒,2410,旌,1
6237,醒,4060,硁,1
6237,醒,4085,碓,1
6237,醒,6234,醍,1
6237,醒,6239,醛,1
6237,醒,6246,醴,1
6238,醚,3718,瓞,1
6240,醢,6237,醒,1
6241,醣,2285,搬,1
6242,醪,6243,醭,1
6243,醭,6244,醮,1
6244,醮,6249,醾,1
6245,醯,2899,毓,1
6250,采,199,余,1
6250,采,1669,年,1
6250,采,1681,床,1
6250,采,2541,朱,1
6250,采,2633,柴,1
6250,采,4174,禾,1
6250,采,4436,系,1
6251,釉,4665,翻,1
6252,释,2133,拜,1
6252,释,3205,湃,1
6253,里,1046,坌,1
6253,里,2455,是,1
6253,里,2456,昱,1
6253,里,2590,果,1
6253,里,6273,钅,1
6254,重,1033,圭,1
6254,重,1176,墨,1
6254,重,1272,妻,1
6254,重,1713,廑,1
6254,重,3630,玺,1
6254,重,4174,禾,1
6254,重,6633,雨,1
6255,野,3390,烀,1
6255,野,4482,纾,1
6255,野,6161,郓,1
6255,野,6744,颗,1
6256,量,3754,男,1
6256,量,4973,芼,1
6256,量,5089,莓,1
6257,金,199,余,1
6257,金,709,含,1
6257,金,1962,愈,1
6257,金,2949,汆,1
6257,金,3630,玺,1
6257,金,4890,舍,1
6258,釜,4371,篷,1
6259,鉴,408,冬,1
6259,鉴,1573,崟,1
6259,鉴,6258,釜,1
6261,銎,6259,鉴,1
6264,鋈,3914,益,1
6269,鏊,6267,鍪,1
6273,钅,6780,饣,1
6276,针,5595,计,1
6276,针,6277,钉,1
6276,针,6317,钳,1
6277,钉,199,余,1
6277,钉,1673,幻,1
6277,钉,3609,玎,1
6277,钉,6278,钊,1
6278,钊,6287,钔,1
6279,钋,599,卦,1
6279,钋,6280,钌,1
6280,钌,6277,钉,1
6282,钎,4454,纠,1
6282,钎,5473,衬,1
6282,钎,6290,钘,1
6282,钎,6311,钭,1
6282,钎,6363,铧,1
6284,钐,6309,钫,1
6285,钒,4534,维,1
6285,钒,6394,锆,1
6285,钒,6763,飒,1
6286,钓,2557,杓,1
6286,钓,6280,钌,1
6286,钓,6287,钔,1
6286,钓,6325,钻,1
6286,钓,6366,铪,1
6287,钔,6278,钊,1
6288,钕,6301,钣,1
6291,钙,12,丐,1
6291,钙,2989,沔,1
6291,钙,4503,结,1
6291,钙,6328,钾,1
6291,钙,6398,锊,1
6292,钚,6277,钉,1
6292,钚,6280,钌,1
6293,钛,6310,钬,1
6294,钜,4014,矩,1
6294,钜,6325,钻,1
6294,钜,6383,铻,1
6295,钝,6293,钛,1
6295,钝,6783,饨,1
6296,钞,4142,祛,1
6296,钞,6284,钐,1
6296,钞,6310,钬,1
6296,钞,6340,铋,1
6297,钟,1825,忡,1
6297,钟,2389,斜,1
6297,钟,6330,铀,1
6298,钠,526,劬,1
6298,钠,4554,缈,1
6298,钠,6286,钓,1
6298,钠,6342,铍,1
6299,钡,3537,狈,1
6299,钡,4465,纫,1
6299,钡,4497,绍,1
6299,钡,6285,钒,1
6299,钡,6301,钣,1
6299,钡,6376,铴,1
6300,钢,4649,翔,1
6300,钢,6283,钏,1
6300,钢,6298,钠,1
6300,钢,6303,钥,1
6300,钢,6403,锏,1
6301,钣,5773,贩,1
6301,钣,6342,铍,1
6301,钣,6449,镀,1
6303,钥,2530,朗,1
6303,钥,6283,钏,1
6303,钥,6305,钧,1
6303,钥,6317,钳,1
6304,钦,209,佥,1
6304,钦,2368,敛,1
6304,钦,2844,欤,1
6304,钦,2846,欲,1
6304,钦,4491,织,1
6305,钧,1044,均,1
6305,钧,4509,绚,1
6305,钧,6278,钊,1
6305,钧,6302,钤,1
6305,钧,6311,钭,1
6305,钧,6332,铂,1
6306,钨,2567,杩,1
6306,钨,3133,涝,1
6306,钨,4508,给,1
6306,钨,6376,铴,1
6306,钨,6429,锪,1
6307,钩,2994,沟,1
6307,钩,4315,筘,1
6307,钩,4509,绚,1
6307,钩,6303,钥,1
6307,钩,6329,钿,1
6307,钩,6429,锪,1
6307,钩,6792,饱,1
6310,钬,4180,秋,1
6311,钭,6282,钎,1
6311,钭,6303,钥,1
6312,钮,1260,妞,1
6312,钮,4085,碓,1
6312,钮,4803,脓,1
6312,钮,6281,钍,1
6312,钮,6329,钿,1
6312,钮,6356,铟,1
6314,钰,6316,钲,1
6314,钰,6364,铨,1
6315,钱,3088,浅,1
6315,钱,4529,绯,1
6315,钱,6297,钟,1
6315,钱,6324,钺,1
6317,钳,3025,泔,1
6317,钳,5463,街,1
6317,钳,6318,钴,1
6317,钳,6332,铂,1
6317,钳,6356,铟,1
6318,钴,6309,钫,1
6318,钴,6325,钻,1
6319,钵,4269,竦,1
6319,钵,6293,钛,1
6320,钶,6353,铜,1
6324,钺,6315,钱,1
6325,钻,3015,沾,1
6325,钻,4463,纩,1
6325,钻,4500,绐,1
6325,钻,6260,銍,1
6325,钻,6291,钙,1
6325,钻,6306,钨,1
6326,钼,6303,钥,1
6326,钼,6329,钿,1
6326,钼,6346,铒,1
6327,钽,6294,钜,1
6327,钽,6446,锼,1
6328,钾,6290,钘,1
6329,钿,6312,钮,1
6329,钿,6327,钽,1
6330,铀,2620,柚,1
6330,铀,6297,钟,1
6330,铀,6329,钿,1
6330,铀,6332,铂,1
6330,铀,6392,锄,1
6331,铁,200,佚,1
6331,铁,3044,泱,1
6331,铁,3621,玦,1
6331,铁,4191,秩,1
6331,铁,6360,铣,1
6331,铁,6387,铿,1
6331,铁,6431,锬,1
6332,铂,178,伯,1
6332,铂,3632,珀,1
6332,铂,6298,钠,1
6332,铂,6326,钼,1
6332,铂,6330,铀,1
6332,铂,6347,铕,1
6332,铂,6446,锼,1
6332,铂,6950,鲌,1
6333,铃,741,呤,1
6333,铃,4879,致,1
6333,铃,6366,铪,1
6333,铃,6372,铰,1
6333,铃,6789,饮,1
6334,铄,6365,铩,1
6335,铅,3389,炽,1
6335,铅,4203,稆,1
6335,铅,4491,织,1
6335,铅,4500,绐,1
6335,铅,4508,给,1
6335,铅,4915,船,1
6335,铅,6260,銍,1
6335,铅,6302,钤,1
6335,铅,6366,铪,1
6336,铆,2857,歙,1
6336,铆,3027,泖,1
6337,铈,6309,钫,1
6337,铈,6336,铆,1
6337,铈,6405,锑,1
6338,铉,6362,铥,1
6338,铉,6372,铰,1
6338,铉,6400,锌,1
6340,铋,6379,铷,1
6341,铌,6378,银,1
6344,铐,6345,铑,1
6344,铐,6380,铸,1
6344,铐,6416,锜,1
6344,铐,6438,锴,1
6344,铐,6979,鲮,1
6345,铑,6351,铙,1
6347,铕,6322,钸,1
6347,铕,6388,销,1
6347,铕,6414,锚,1
6349,铗,6331,铁,1
6351,铙,6797,饶,1
6352,铛,5634,诌,1
6352,铛,6284,钐,1
6352,铛,6318,钴,1
6352,铛,6357,铠,1
6353,铜,1080,垌,1
6353,铜,4065,硐,1
6353,铜,4147,祠,1
6353,铜,6403,锏,1
6353,铜,6421,锢,1
6353,铜,6793,饲,1
6354,铝,235,侣,1
6354,铝,4497,绍,1
6354,铝,4532,绲,1
6354,铝,6325,钻,1
6354,铝,6394,锆,1
6354,铝,6431,锬,1
6355,铞,6336,铆,1
6355,铞,6337,铈,1
6356,铟,6329,钿,1
6357,铠,6360,铣,1
6358,铡,238,侧,1
6358,铡,482,刽,1
6358,铡,4471,纲,1
6358,铡,6283,钏,1
6359,铢,2655,株,1
6359,铢,6319,钵,1
6359,铢,6334,铄,1
6359,铢,6384,铼,1
6360,铣,2541,朱,1
6360,铣,4464,纪,1
6360,铣,5650,诜,1
6360,铣,6351,铙,1
6360,铣,6362,铥,1
6360,铣,6375,铳,1
6361,铤,6383,铻,1
6362,铥,6361,铤,1
6363,铧,6282,钎,1
6364,铨,6366,铪,1
6365,铩,6386,链,1
6366,铪,6354,铝,1
6367,铫,6373,铱,1
6368,铬,688,名,1
6368,铬,781,咯,1
6368,铬,1889,恪,1
6368,铬,4203,稆,1
6368,铬,6394,锆,1
6369,铭,5757,貉,1
6369,铭,5882,路,1
6369,铭,5953,躬,1
6369,铭,6212,酩,1
6369,铭,6366,铪,1
6369,铭,6412,锘,1
6370,铮,3664,琤,1
6370,铮,5658,诤,1
6370,铮,6400,锌,1
6370,铮,6405,锑,1
6371,铯,6370,铮,1
6372,铰,1102,垴,1
6372,铰,3071,洨,1
6372,铰,4513,绞,1
6372,铰,4563,缓,1
6372,铰,6301,钣,1
6372,铰,6306,钨,1
6372,铰,6338,铉,1
6372,铰,6340,铋,1
6372,铰,6375,铳,1
6372,铰,6802,饻,1
6372,铰,6960,鲚,1
6373,铱,233,依,1
6373,铱,5598,认,1
6373,铱,6292,钚,1
6373,铱,6301,钣,1
6373,铱,6304,钦,1
6373,铱,6310,钬,1
6373,铱,6360,铣,1
6373,铱,6385,铽,1
6373,铱,6406,锒,1
6374,铲,3098,浐,1
6374,铲,4482,纾,1
6374,铲,6284,钐,1
6374,铲,6341,铌,1
6374,铲,6363,铧,1
6374,铲,6946,鲈,1
6375,铳,6308,钪,1
6375,铳,6373,铱,1
6375,铳,6401,锍,1
6378,银,5755,貂,1
6378,银,5875,跟,1
6378,银,6289,钗,1
6378,银,6419,锟,1
6380,铸,4292,符,1
6380,铸,4487,练,1
6380,铸,4571,缛,1
6380,铸,6471,镖,1
6382,铺,3112,浦,1
6382,铺,4489,绅,1
6382,铺,5989,辅,1
6382,铺,6355,铞,1
6382,铺,6388,销,1
6383,铻,6294,钜,1
6383,铻,6380,铸,1
6384,铼,6359,铢,1
6386,链,3135,涟,1
6386,链,4016,矬,1
6386,链,6361,铤,1
6386,链,6388,销,1
6387,铿,6492,镫,1
6388,销,3091,浈,1
6388,销,4525,绪,1
6388,销,6332,铂,1
6388,销,6346,铒,1
6388,销,6810,馅,1
6389,锁,839,唢,1
6389,锁,1780,彼,1
6389,锁,4514,统,1
6389,锁,4552,缆,1
6389,锁,4556,缋,1
6389,锁,6070,逍,1
6389,锁,6318,钴,1
6389,锁,6319,钵,1
6389,锁,6342,铍,1
6389,锁,6404,锐,1
6389,锁,6426,锧,1
6389,锁,6431,锬,1
6389,锁,6456,镇,1
6389,锁,6460,镋,1
6389,锁,6469,镔,1
6390,锂,6440,锶,1
6390,锂,6444,锺,1
6393,锅,1116,埚,1
6393,锅,1315,娲,1
6393,锅,3137,涡,1
6393,锅,4472,纳,1
6393,锅,4576,缡,1
6393,锅,6298,钠,1
6393,锅,6307,钩,1
6393,锅,6355,铞,1
6393,锅,6458,镉,1
6394,锆,6318,钴,1
6395,锇,6367,铫,1
6396,锈,3655,琇,1
6396,锈,5670,诱,1
6396,锈,6344,铐,1
6396,锈,6410,锖,1
6397,锉,200,佚,1
6397,锉,4485,绁,1
6397,锉,6314,钰,1
6397,锉,6325,钻,1
6397,锉,6339,铊,1
6398,锊,6407,锓,1
6399,锋,2133,拜,1
6399,锋,3825,痒,1
6399,锋,4498,绎,1
6399,锋,6364,铨,1
6399,锋,6424,锥,1
6399,锋,6806,馀,1
6400,锌,4463,纩,1
6400,锌,4510,绛,1
6400,锌,6013,辞,1
6400,锌,6370,铮,1
6400,锌,6374,铲,1
6400,锌,6793,饲,1
6402,锎,6488,镧,1
6404,锐,3626,现,1
6404,锐,4514,统,1
6404,锐,5373,蜕,1
6404,锐,6315,钱,1
6404,锐,6477,镜,1
6405,锑,1799,御,1
6405,锑,6352,铛,1
6406,锒,6378,银,1
6408,锔,6341,铌,1
6408,锔,6434,锯,1
6408,锔,6501,镵,1
6411,锗,4525,绪,1
6411,锗,6351,铙,1
6411,锗,6383,铻,1
6411,锗,6412,锘,1
6412,锘,6800,饹,1
6413,错,2231,措,1
6413,错,2286,搭,1
6413,错,4484,绀,1
6413,错,6345,铑,1
6413,错,6347,铕,1
6413,错,6352,铛,1
6413,错,6410,锖,1
6413,错,6412,锘,1
6413,错,6813,馈,1
6414,锚,6318,钴,1
6414,锚,6382,铺,1
6414,锚,6412,锘,1
6417,锝,6420,锡,1
6419,锟,6313,钯,1
6420,锡,4535,绵,1
6420,锡,4553,缇,1
6420,锡,4566,编,1
6420,锡,6284,钐,1
6420,锡,6355,铞,1
6420,锡,6454,镅,1
6422,锣,4461,级,1
6422,锣,4526,绫,1
6422,锣,4581,缦,1
6422,锣,6342,铍,1
6422,锣,6393,锅,1
6423,锤,4558,缍,1
6423,锤,6308,钪,1
6423,锤,6399,锋,1
6423,锤,6815,馊,1
6424,锥,23,丝,1
6424,锥,4534,维,1
6424,锥,5686,谁,1
6424,锥,6341,铌,1
6424,锥,6361,铤,1
6424,锥,6630,雒,1
6425,锦,4542,综,1
6425,锦,6337,铈,1
6425,锦,6458,镉,1
6426,锧,6389,锁,1
6427,锨,303,倾,1
6429,锪,6440,锶,1
6432,锭,1749,弪,1
6432,锭,1780,彼,1
6432,锭,6339,铊,1
6432,锭,6404,锐,1
6433,键,3658,琎,1
6433,键,4522,继,1
6433,键,5912,踺,1
6433,键,6361,铤,1
6434,锯,5527,裾,1
6434,锯,6301,钣,1
6434,锯,6334,铄,1
6434,锯,6383,铻,1
6434,锯,6394,锆,1
6434,锯,6406,锒,1
6434,锯,6412,锘,1
6435,锰,4566,编,1
6435,锰,4577,缢,1
6438,锴,1324,婚,1
6440,锶,6456,镇,1
6441,锷,6422,锣,1
6442,锸,6478,镝,1
6443,锹,3219,湫,1
6443,锹,3985,瞅,1
6443,锹,4529,绯,1
6443,锹,4568,缘,1
6444,锺,6362,铥,1
6444,锺,6423,锤,1
6445,锻,6301,钣,1
6445,锻,6483,镢,1
6445,锻,6631,雕,1
6446,锼,6360,铣,1
6446,锼,6469,镔,1
6446,锼,6815,馊,1
6447,锾,3683,瑗,1
6447,锾,6393,锅,1
6448,锿,6373,铱,1
6449,镀,4536,绶,1
6449,镀,4561,缑,1
6449,镀,5908,踱,1
6449,镀,6308,钪,1
6449,镀,6321,钷,1
6449,镀,6323,钹,1
6450,镁,4563,缓,1
6450,镁,4572,缜,1
6450,镁,4589,缮,1
6450,镁,6909,髹,1
6455,镆,6818,馍,1
6456,镇,246,便,1
6456,镇,3726,瓴,1
6456,镇,6338,铉,1
6456,镇,6455,镆,1
6456,镇,6460,镋,1
6457,镈,6382,铺,1
6459,镊,4546,缀,1
6462,镍,1792,徐,1
6462,镍,5385,蜱,1
6462,镍,6337,铈,1
6462,镍,6363,铧,1
6462,镍,6417,锝,1
6462,镍,6425,锦,1
6464,镏,3946,眙,1
6464,镏,6495,镯,1
6465,镐,3521,犒,1
6465,镐,4219,稿,1
6465,镐,4574,缟,1
6465,镐,4576,缡,1
6465,镐,6000,辐,1
6465,镐,6416,锜,1
6465,镐,6457,镈,1
6465,镐,6810,馅,1
6466,镑,6381,铹,1
6466,镑,6398,锊,1
6466,镑,6430,锫,1
6466,镑,6461,镌,1
6467,镒,6428,锩,1
6469,镔,6432,锭,1
6470,镕,3450,熔,1
6470,镕,6430,锫,1
6472,镗,6467,镒,1
6474,镙,6417,锝,1
6477,镜,1165,境,1
6477,镜,4505,绕,1
6477,镜,4556,缋,1
6477,镜,6294,钜,1
6477,镜,6338,铉,1
6477,镜,6360,铣,1
6477,镜,6404,锐,1
6477,镜,6430,锫,1
6477,镜,6469,镔,1
6479,镞,6480,镟,1
6482,镡,6471,镖,1
6484,镣,963,嘹,1
6484,镣,2095,抟,1
6484,镣,5941,蹽,1
6486,镥,6489,镨,1
6487,镦,2363,敏,1
6489,镨,6438,锴,1
6491,镪,6794,饳,1
6494,镭,4590,缯,1
6494,镭,6094,逼,1
6496,镰,283,倔,1
6496,镰,3332,濂,1
6496,镰,3871,瘴,1
6496,镰,4578,缣,1
6499,镳,6008,辘,1
6499,镳,6469,镔,1
6502,镶,4169,禳,1
6502,镶,4563,缓,1
6502,镶,6448,锿,1
6502,镶,6497,镱,1
6503,长,17,世,1
6503,长,1485,尺,1
6503,长,1735,弋,1
6503,长,3490,片,1
6504,门,29,丨,1
6504,门,44,丿,1
6504,门,93,亡,1
6504,门,1397,宀,1
6504,门,1607,川,1
6504,门,2401,方,1
6504,门,5626,诃,1
6504,门,6505,闩,1
6505,闩,678,叼,1
6506,闪,19,丙,1
6506,闪,1607,川,1
6506,闪,2946,汀,1
6506,闪,2966,汨,1
6506,闪,3804,疯,1
6507,闫,3929,目,1
6508,闭,552,匆,1
6508,闭,598,卤,1
6508,闭,6522,闻,1
6509,问,203,佝,1
6509,问,687,同,1
6509,问,2522,月,1
6509,问,2959,汜,1
6509,问,3009,河,1
6509,问,5626,诃,1
6509,问,6504,门,1
6509,问,6505,闩,1
6509,问,6517,闶,1
6510,闯,1002,囝,1
6510,闯,1070,坶,1
6510,闯,3051,泻,1
6510,闯,6545,阒,1
6511,闰,1002,囝,1
6511,闰,3227,溇,1
6511,闰,3749,田,1
6511,闰,4605,罔,1
6511,闰,6521,闺,1
6511,闰,6529,阂,1
6512,闱,6520,闹,1
6512,闱,6552,阚,1
6513,闲,3744,甪,1
6515,间,1786,徇,1
6515,间,3017,泃,1
6515,间,3434,煎,1
6515,间,5344,蛔,1
6515,间,5656,询,1
6515,间,6510,闯,1
6515,间,6525,闾,1
6517,闶,6525,闾,1
6518,闷,1492,屁,1
6518,闷,3067,洞,1
6518,闷,4604,网,1
6518,闷,5606,训,1
6518,闷,6506,闪,1
6518,闷,6507,闫,1
6518,闷,6515,间,1
6518,闷,6516,闵,1
6519,闸,3744,甪,1
6519,闸,5569,角,1
6520,闹,6517,闶,1
6520,闹,6544,阑,1
6520,闹,6918,鬲,1
6521,闺,1024,圉,1
6521,闺,1070,坶,1
6521,闺,1429,害,1
6521,闺,5118,菌,1
6521,闺,6532,阅,1
6521,闺,6548,阖,1
6522,闻,3017,泃,1
6522,闻,3746,甬,1
6522,闻,6510,闯,1
6522,闻,6511,闰,1
6522,闻,6512,闱,1
6522,闻,6549,阗,1
6524,闽,1013,围,1
6524,闽,3039,泪,1
6524,闽,3060,洎,1
6524,闽,3237,溦,1
6524,闽,3744,甪,1
6524,闽,6514,闳,1
6524,闽,6532,阅,1
6524,闽,6535,阈,1
6524,闽,6537,阊,1
6524,闽,6538,阋,1
6524,闽,6551,阙,1
6525,闾,6507,闫,1
6525,闾,6532,阅,1
6525,闾,6538,阋,1
6526,闿,6532,阅,1
6526,闿,6538,阋,1
6527,阀,3755,甸,1
6527,阀,6519,闸,1
6528,阁,861,啕,1
6528,阁,1012,囱,1
6528,阁,3064,洙,1
6528,阁,6526,闿,1
6528,阁,6534,阇,1
6528,阁,6536,阉,1
6529,阂,1010,园,1
6529,阂,6507,闫,1
6529,阂,6514,闳,1
6529,阂,6551,阙,1
6531,阄,1026,圜,1
6531,阄,6538,阋,1
6532,阅,5635,词,1
6532,阅,5648,诚,1
6532,阅,6509,问,1
6532,阅,6511,闰,1
6532,阅,6517,闶,1
6532,阅,6524,闽,1
6532,阅,6525,闾,1
6532,阅,6533,阆,1
6532,阅,6538,阋,1
6533,阆,6516,闵,1
6534,阇,6548,阖,1
6537,阊,6541,阎,1
6537,阊,6550,阘,1
6538,阋,6533,阆,1
6541,阎,3251,滃,1
6541,阎,6510,闯,1
6541,阎,6526,闿,1
6541,阎,6530,阃,1
6541,阎,6539,阌,1
6541,阎,6540,阍,1
6542,阏,3059,洌,1
6542,阏,6551,阙,1
6543,阐,4539,绹,1
6543,阐,6519,闸,1
6543,阐,6529,阂,1
6544,阑,3852,瘌,1
6544,阑,6521,闺,1
6544,阑,6522,闻,1
6544,阑,6524,闽,1
6544,阑,6533,阆,1
6544,阑,6545,阒,1
6544,阑,6552,阚,1
6545,阒,6535,阈,1
6546,阔,3067,洞,1
6546,阔,4787,胴,1
6546,阔,6509,问,1
6546,阔,6519,闸,1
6546,阔,6525,闾,1
6546,阔,6533,阆,1
6546,阔,6540,阍,1
6546,阔,6547,阕,1
6546,阔,6691,鞠,1
6548,阖,6514,闳,1
6549,阗,6532,阅,1
6552,阚,6551,阙,1
6553,阜,77,争,1
6553,阜,2422,早,1
6553,阜,6616,隼,1
6553,阜,6623,集,1
6555,队,119,仆,1
6555,队,5598,认,1
6557,阢,6559,阮,1
6559,阮,711,吭,1
6559,阮,2417,既,1
6559,阮,6594,陲,1
6560,阱,1070,坶,1
6560,阱,4027,码,1
6560,阱,4751,肼,1
6561,防,1741,弘,1
6561,防,4734,肟,1
6561,防,6555,队,1
6561,防,6569,阿,1
6561,防,6573,际,1
6561,防,6576,陈,1
6562,阳,267,俪,1
6562,阳,607,即,1
6562,阳,2129,拘,1
6562,阳,5405,蝴,1
6562,阳,6579,陌,1
6563,阴,2442,明,1
6563,阴,2522,月,1
6563,阴,2966,汨,1
6563,阴,4772,胡,1
6563,阴,6569,阿,1
6563,阴,6572,附,1
6564,阵,4036,砗,1
6564,阵,6573,际,1
6564,阵,6580,降,1
6565,阶,3617,玠,1
6565,阶,6561,防,1
6565,阶,6580,降,1
6566,阻,754,咀,1
6566,阻,2869,殂,1
6566,阻,3039,泪,1
6566,阻,5335,蛆,1
6566,阻,6589,陧,1
6569,阿,3009,河,1
6569,阿,6556,阡,1
6569,阿,6562,阳,1
6570,陀,6561,防,1
6570,陀,6571,陂,1
6571,陂,2102,披,1
6572,附,762,咐,1
6572,附,1693,府,1
6573,际,128,仔,1
6573,际,1745,弥,1
6573,际,2390,斝,1
6573,际,3032,泞,1
6573,际,6588,除,1
6573,际,6609,隙,1
6574,陆,6586,陡,1
6575,陇,3048,泷,1
6575,陇,3669,琫,1
6576,陈,6588,除,1
6576,陈,7034,鸤,1
6578,陋,6604,随,1
6579,陌,6569,阿,1
6579,陌,6578,陋,1
6580,降,3065,洚,1
6580,降,3172,淬,1
6580,降,6594,陲,1
6580,降,6610,障,1
6581,限,233,依,1
6581,限,800,哏,1
6581,限,6590,陨,1
6581,限,6601,隈,1
6581,限,6607,隗,1
6583,陕,3374,炜,1
6583,陕,6349,铗,1
6583,陕,6557,阢,1
6584,陛,2139,拦,1
6584,陛,6589,陧,1
6585,陟,6586,陡,1
6586,陡,1793,徒,1
6586,陡,6714,顶,1
6587,院,772,咤,1
6587,院,3901,皖,1
6587,院,6557,阢,1
6587,院,6559,阮,1
6587,院,6570,陀,1
6587,院,6605,隐,1
6588,除,3121,涂,1
6588,除,3249,滁,1
6588,除,3558,狳,1
6588,除,6573,际,1
6588,除,6574,陆,1
6588,除,6576,陈,1
6588,除,7034,鸤,1
6590,陨,354,允,1
6590,陨,2197,损,1
6590,陨,6561,防,1
6590,陨,6715,顷,1
6591,险,1560,峪,1
6591,险,2198,捡,1
6591,险,2505,曈,1
6591,险,6573,际,1
6591,险,6577,陉,1
6591,险,6588,除,1
6592,陪,2252,揞,1
6592,陪,3423,焙,1
6592,陪,5815,赔,1
6592,陪,5902,踣,1
6592,陪,6588,除,1
6592,陪,6602,隋,1
6592,陪,6605,隐,1
6593,陬,301,倻,1
6597,陶,281,倒,1
6597,陶,818,哩,1
6597,陶,861,啕,1
6597,陶,1383,孢,1
6597,陶,2219,掏,1
6597,陶,5290,虏,1
6598,陷,6571,陂,1
6599,隅,883,喁,1
6599,隅,4171,禺,1
6600,隆,4286,笙,1
6600,隆,6579,陌,1
6600,隆,6580,降,1
6603,隍,6589,陧,1
6604,随,930,嗨,1
6604,随,6080,逝,1
6604,随,6100,遍,1
6604,随,6586,陡,1
6605,隐,6573,际,1
6605,隐,6609,隙,1
6605,隐,6622,雅,1
6605,隐,6792,饱,1
6606,隔,922,嗝,1
6608,隘,3201,渲,1
6608,隘,4843,腽,1
6609,隙,2489,晾,1
6609,隙,5904,踪,1
6609,隙,6573,际,1
6609,隙,6588,除,1
6610,障,3702,璋,1
6610,障,6556,阡,1
6610,障,6580,降,1
6611,隧,1689,庖,1
6611,隧,6576,陈,1
6614,隶,2724,棣,1
6614,隶,4718,聿,1
6614,隶,4720,肃,1
6615,隹,192,住,1
6615,隹,204,佞,1
6616,隼,6623,集,1
6617,隽,845,售,1
6617,隽,1777,彷,1
6618,难,422,准,1
6618,难,997,囊,1
6618,难,1131,堆,1
6618,难,1938,惘,1
6618,难,1942,惟,1
6618,难,2841,次,1
6618,难,2869,殂,1
6618,难,4085,碓,1
6619,雀,360,光,1
6619,雀,1690,店,1
6619,雀,6615,隹,1
6619,雀,6624,雇,1
6620,雁,6621,雄,1
6620,雁,6685,鞋,1
6621,雄,1131,堆,1
6621,雄,6626,雌,1
6622,雅,2739,椎,1
6622,雅,5965,轭,1
6622,雅,6868,骓,1
6623,集,298,倮,1
6623,集,1238,奥,1
6623,集,4876,臬,1
6624,雇,5495,袪,1
6624,雇,6620,雁,1
6627,雍,1451,寤,1
6628,雎,3995,瞧,1
6628,雎,6626,雌,1
6629,雏,2004,懈,1
6629,雏,6260,銍,1
6629,雏,6333,铃,1
6629,雏,6424,锥,1
6629,雏,6868,骓,1
6630,雒,6629,雏,1
6631,雕,3334,濑,1
6631,雕,3972,睢,1
6631,雕,6212,酩,1
6631,雕,6241,醣,1
6633,雨,42,丽,1
6633,雨,1070,坶,1
6634,雩,4407,粤,1
6634,雩,6638,零,1
6635,雪,1429,害,1
6635,雪,1759,当,1
6635,雪,6636,雯,1
6637,雳,5551,要,1
6637,雳,6634,雩,1
6637,雳,6647,霈,1
6638,零,419,冽,1
6638,零,1960,愁,1
6638,零,4151,票,1
6638,零,6636,雯,1
6638,零,6775,餍,1
6639,雷,3758,甾,1
6639,雷,6648,霉,1
6640,雹,4946,芑,1
6640,雹,7050,鸶,1
6641,雾,1731,弄,1
6641,雾,6638,零,1
6642,需,1896,恶,1
6642,需,3338,濡,1
6642,需,5338,蛊,1
6642,需,6639,雷,1
6642,需,6641,雾,1
6644,霄,1431,宵,1
6644,霄,1503,屑,1
6644,霄,3773,番,1
6644,霄,4324,筲,1
6644,霄,6646,震,1
6645,霆,6254,重,1
6646,震,4280,笊,1
6648,霉,6645,霆,1
6648,霉,6656,霪,1
6649,霍,994,嚯,1
6649,霍,4177,秃,1
6649,霍,5279,藿,1
6649,霍,5433,蟊,1
6649,霍,6640,雹,1
6649,霍,6656,霪,1
6650,霎,6636,雯,1
6652,霓,366,兖,1
6655,霞,6658,霰,1
6660,霸,2532,朝,1
6660,霸,5195,蒴,1
6660,霸,6700,鞴,1
6661,霹,6643,霁,1
6662,霾,1451,寤,1
6662,霾,6643,霁,1
6663,青,1543,岸,1
6663,青,3180,清,1
6663,青,4671,者,1
6663,青,4727,肓,1
6663,青,5113,菁,1
6663,青,5164,著,1
6663,青,6902,高,1
6665,靖,1327,婧,1
6665,靖,3777,畸,1
6665,靖,4271,端,1
6665,靖,6410,锖,1
6666,静,4678,耔,1
6666,静,5578,觯,1
6666,静,6013,辞,1
6666,静,6664,靓,1
6667,靛,4398,粒,1
6667,靛,6753,颠,1
6668,非,410,冰,1
6668,非,758,咋,1
6668,非,1725,廾,1
6668,非,1942,惟,1
6668,非,2112,拃,1
6668,非,3648,班,1
6668,非,5133,菲,1
6669,靠,3402,烤,1
6669,靠,4436,系,1
6670,靡,4429,糜,1
6670,靡,7118,麾,1
6671,面,664,召,1
6671,面,1004,囟,1
6671,面,3891,百,1
6671,面,4558,缍,1
6671,面,6078,通,1
6673,革,4699,耷,1
6673,革,4969,芴,1
6673,革,5008,苹,1
6673,革,5025,茔,1
6674,靰,4902,航,1
6675,靳,5154,萧,1
6675,靳,6674,靰,1
6676,靴,4415,粼,1
6676,靴,6675,靳,1
6677,靶,534,勇,1
6677,靶,1248,妃,1
6677,靶,5566,觏,1
6681,靽,5493,袢,1
6683,鞁,6675,靳,1
6685,鞋,583,协,1
6685,鞋,1300,娆,1
6686,鞍,6330,铀,1
6686,鞍,6687,鞑,1
6688,鞒,6674,靰,1
6690,鞘,5114,菂,1
6695,鞨,7076,鹑,1
6697,鞭,5832,赧,1
6698,鞯,6690,鞘,1
6699,鞲,4691,耩,1
6700,鞴,6698,鞯,1
6702,韦,69,书,1
6702,韦,78,事,1
6702,韦,1743,弟,1
6707,韫,4843,腽,1
6708,韬,5920,蹈,1
6709,韭,1926,悲,1
6709,韭,2355,改,1
6709,韭,5133,菲,1
6709,韭,6668,非,1
6710,音,722,吾,1
6710,音,1273,妾,1
6710,音,2445,昔,1
6710,音,5581,言,1
6712,韶,4144,祝,1
6712,韶,4497,绍,1
6713,页,736,员,1
6713,页,1494,屃,1
6713,页,5763,贞,1
6713,页,5765,贡,1
6715,顷,1040,圻,1
6715,顷,1106,埇,1
6715,顷,3091,浈,1
6715,顷,6717,项,1
6715,顷,6724,颀,1
6717,项,1104,埂,1
6717,项,1494,屃,1
6718,顺,1631,师,1
6718,顺,2927,氚,1
6718,顺,6715,顷,1
6719,须,4478,纹,1
6719,须,4749,肷,1
6719,须,6051,迫,1
6720,顼,6716,顸,1
6721,顽,1745,弥,1
6721,顽,4067,硕,1
6721,顽,4074,硬,1
6721,顽,5624,证,1
6721,顽,6716,顸,1
6721,顽,6720,顼,1
6722,顾,2845,欧,1
6722,顾,6299,钡,1
6722,顾,6590,陨,1
6723,顿,2596,枧,1
6723,顿,6720,顼,1
6723,顿,6722,顾,1
6723,顿,6734,颊,1
6724,颀,303,倾,1
6724,颀,2843,欣,1
6724,颀,6722,顾,1
6725,颁,2844,欤,1
6725,颁,6724,颀,1
6726,颂,2844,欤,1
6726,颂,6475,镚,1
6726,颂,6719,须,1
6726,颂,6720,顼,1
6726,颂,6730,领,1
6727,颃,6789,饮,1
6728,预,4009,矜,1
6728,预,6716,顸,1
6728,预,6724,颀,1
6728,预,6893,骼,1
6729,颅,6719,须,1
6729,颅,6725,颁,1
6730,领,6299,钡,1
6730,领,6304,钦,1
6730,领,6732,颈,1
6730,领,6789,饮,1
6731,颇,6741,颓,1
6732,颈,4031,砍,1
6732,颈,4067,硕,1
6732,颈,4749,肷,1
6732,颈,6720,顼,1
6732,颈,6726,颂,1
6734,颊,2683,桢,1
6734,颊,3403,烦,1
6734,颊,3610,玑,1
6737,颍,6743,颖,1
6739,颐,4873,臣,1
6739,颐,6731,颇,1
6740,频,5562,觊,1
6740,频,6728,预,1
6740,频,6899,髌,1
6740,频,7103,鹾,1
6741,颓,4499,经,1
6741,颓,4587,缬,1
6741,颓,6727,颃,1
6742,颔,6590,陨,1
6743,颖,2848,欸,1
6743,颖,3785,疑,1
6744,颗,6745,题,1
6745,题,1969,愚,1
6745,题,5860,跃,1
6747,颚,5704,谔,1
6747,颚,6180,鄂,1
6749,颜,3273,滪,1
6749,颜,6728,预,1
6749,颜,6752,颟,1
6750,额,3791,疚,1
6750,额,6304,钦,1
6750,额,6742,颔,1
6750,额,6749,颜,1
6750,额,6755,颢,1
6753,颠,6759,颧,1
6755,颢,1775,影,1
6756,颤,6727,颃,1
6757,颥,6744,颗,1
6759,颧,5566,觏,1
6760,风,432,凡,1
6760,风,833,唐,1
6760,风,2958,汛,1
6760,风,3001,沨,1
6760,风,4462,纨,1
6762,飑,6761,飐,1
6763,飒,1047,坍,1
6763,飒,4469,纰,1
6763,飒,4646,翊,1
6763,飒,5608,讯,1
6765,飔,6764,飓,1
6772,食,127,仓,1
6772,食,1833,念,1
6772,食,3724,瓮,1
6773,飧,4273,竺,1
6778,饔,3854,瘕,1
6778,饔,5096,莨,1
6779,饕,3712,璩,1
6780,饣,551,包,1
6781,饥,3610,玑,1
6781,饥,5599,讥,1
6781,饥,6275,钇,1
6784,饩,4022,矻,1
6787,饬,6784,饩,1
6788,饭,6558,阪,1
6788,饭,6786,饫,1
6788,饭,6798,饷,1
6789,饮,168,伞,1
6789,饮,206,你,1
6789,饮,4272,竹,1
6789,饮,5308,蚀,1
6789,饮,6304,钦,1
6789,饮,6783,饨,1
6789,饮,6786,饫,1
6789,饮,6788,饭,1
6790,饯,6315,钱,1
6790,饯,6351,铙,1
6790,饯,6797,饶,1
6791,饰,1626,币,1
6791,饰,4476,纷,1
6791,饰,5324,蚪,1
6792,饱,4285,笕,1
6792,饱,5861,跄,1
6792,饱,5868,跑,1
6792,饱,6784,饩,1
6793,饲,747,呵,1
6793,饲,4460,约,1
6793,饲,6514,闳,1
6793,饲,6792,饱,1
6793,饲,6798,饷,1
6794,饳,4059,础,1
6794,饳,6786,饫,1
6795,饴,6810,馅,1
6796,饵,3075,洱,1
6796,饵,6950,鲌,1
6797,饶,1300,娆,1
6797,饶,2417,既,1
6797,饶,3090,浇,1
6797,饶,4285,笕,1
6797,饶,4467,纭,1
6797,饶,4505,绕,1
6797,饶,5356,蛲,1
6797,饶,6784,饩,1
6797,饶,6809,馄,1
6799,饸,6354,铝,1
6799,饸,6795,饴,1
6800,饹,6813,馈,1
6801,饺,6719,须,1
6801,饺,6784,饩,1
6802,饻,6801,饺,1
6805,饿,4072,硪,1
6806,馀,5806,赊,1
6806,馀,6365,铩,1
6806,馀,6474,镙,1
6807,馁,4520,绥,1
6808,馃,6418,锞,1
6809,馄,6419,锟,1
6809,馄,6795,饴,1
6810,馅,5689,谄,1
6810,馅,6598,陷,1
6810,馅,6795,饴,1
6810,馅,6798,饷,1
6811,馆,3023,泐,1
6811,馆,4544,绾,1
6811,馆,5308,蚀,1
6811,馆,6799,饸,1
6811,馆,6802,饻,1
6811,馆,6816,馋,1
6813,馈,4556,缋,1
6813,馈,6799,饸,1
6813,馈,6820,馐,1
6816,馋,291,倥,1
6817,馌,5308,蚀,1
6818,馍,4358,篌,1
6818,馍,5100,莰,1
6819,馏,5927,蹓,1
6819,馏,6807,馁,1
6822,馒,1660,幔,1
6822,馒,5716,谡,1
6822,馒,6801,饺,1
6822,馒,6807,馁,1
6822,馒,6815,馊,1
6826,首,2445,昔,1
6826,首,3891,百,1
6826,首,4607,罗,1
6826,首,5667,诮,1
6826,首,6195,酋,1
6827,馗,3814,疽,1
6829,香,14,专,1
6829,香,1384,季,1
6829,香,1777,彷,1
6829,香,2554,杏,1
6829,香,3740,生,1
6829,香,3773,番,1
6829,香,3913,盉,1
6829,香,4175,秀,1
6829,香,6071,透,1
6829,香,7058,鸾,1
6832,马,52,乌,1
6832,马,1621,巳,1
6832,马,5007,苷,1
6833,驭,1380,孜,1
6833,驭,6136,邬,1
6833,驭,6837,驱,1
6833,驭,6842,驷,1
6834,驮,1,一,1
6834,驮,6851,骀,1
6835,驯,5606,训,1
6837,驱,5954,躯,1
6837,驱,6836,驰,1
6837,驱,6846,驻,1
6838,驳,1749,弪,1
6838,驳,2844,欤,1
6838,驳,6845,驺,1
6839,驴,6143,邵,1
6840,驵,2869,殂,1
6841,驶,6836,驰,1
6842,驷,6840,驵,1
6843,驸,6198,酎,1
6843,驸,6572,附,1
6846,驻,1746,弦,1
6846,驻,5985,辁,1
6846,驻,6697,鞭,1
6846,驻,6833,驭,1
6846,驻,6847,驼,1
6846,驻,6851,骀,1
6847,驼,4654,翟,1
6847,驼,6836,驰,1
6847,驼,6846,驻,1
6847,驼,6856,骆,1
6849,驾,5992,辈,1
6850,驿,2133,拜,1
6851,骀,6856,骆,1
6853,骂,400,写,1
6853,骂,821,哮,1
6853,骂,5023,茑,1
6854,骄,6866,骑,1
6856,骆,3318,澉,1
6856,骆,3704,璐,1
6856,骆,6845,驺,1
6857,骇,1746,弦,1
6858,骈,1283,姘,1
6858,骈,5820,赚,1
6861,验,1388,孩,1
6861,验,1749,弪,1
6861,验,2879,殓,1
6861,验,4009,矜,1
6861,验,4815,脸,1
6861,验,5976,轸,1
6861,验,6852,骁,1
6861,验,6868,骓,1
6861,验,6869,骖,1
6862,骍,3489,牂,1
6862,骍,6869,骖,1
6863,骎,44,丿,1
6863,骎,6864,骏,1
6863,骎,6880,骡,1
6864,骏,1746,弦,1
6864,骏,4267,竣,1
6864,骏,6857,骇,1
6864,骏,6863,骎,1
6865,骐,3668,琪,1
6866,骑,6845,驺,1
6868,骓,6622,雅,1
6870,骗,3520,犏,1
6870,骗,6878,骟,1
6873,骚,2230,掩,1
6874,骛,7097,鹭,1
6878,骟,6870,骗,1
6880,骡,6474,镙,1
6880,骡,6867,骒,1
6886,骨,4759,胄,1
6886,骨,4850,膏,1
6886,骨,4993,苛,1
6891,骸,6887,骰,1
6891,骸,6899,髌,1
6893,骼,6212,酩,1
6895,髁,6894,髀,1
6896,髂,1437,宿,1
6896,髂,6893,骼,1
6896,髂,7159,鼹,1
6897,髅,7064,鹄,1
6899,髌,5902,踣,1
6902,高,1375,字,1
6902,高,1697,庤,1
6902,高,2381,斋,1
6902,高,4172,离,1
6902,高,5121,菖,1
6903,髟,1773,彭,1
6905,髦,3677,琶,1
6907,髭,6905,髦,1
6909,髹,6911,鬃,1
6911,鬃,6914,鬓,1
6912,鬈,6905,髦,1
6914,鬓,6913,鬏,1
6915,鬟,4714,聚,1
6916,鬣,3720,瓢,1
6917,鬯,440,凶,1
6921,鬼,5457,血,1
6921,鬼,6646,震,1
6922,魁,6921,鬼,1
6922,魁,6926,魅,1
6923,魂,314,偬,1
6923,魂,3120,浼,1
6923,魂,3692,瑰,1
6923,魂,4512,绝,1
6923,魂,5687,谂,1
6924,魃,6926,魅,1
6925,魄,3974,睥,1
6928,魇,1454,寮,1
6928,魇,1703,庵,1
6932,魏,1605,巍,1
6932,魏,6006,辖,1
6932,魏,6741,颓,1
6934,魔,6607,隗,1
6934,魔,7104,鹿,1
6935,鱼,52,乌,1
6935,鱼,1221,奂,1
6935,鱼,3080,洹,1
6935,鱼,6671,面,1
6945,鲇,6941,鲂,1
6946,鲈,4470,纱,1
6949,鲋,5870,跗,1
6950,鲌,6332,铂,1
6951,鲍,4042,砣,1
6951,鲍,6792,饱,1
6951,鲍,6798,饷,1
6951,鲍,6950,鲌,1
6951,鲍,6959,鲙,1
6953,鲏,3905,皱,1
6954,鲐,5862,跆,1
6954,鲐,6945,鲇,1
6956,鲒,6955,鲑,1
6957,鲔,6347,铕,1
6958,鲕,6985,鲴,1
6961,鲛,6953,鲏,1
6961,鲛,7103,鹾,1
6962,鲜,4458,纤,1
6962,鲜,4494,绊,1
6962,鲜,6944,鲆,1
6966,鲡,6227,酾,1
6968,鲣,6387,铿,1
6968,鲣,6969,鲤,1
6968,鲣,6994,鲽,1
6969,鲤,726,呈,1
6969,鲤,3534,狂,1
6969,鲤,5574,解,1
6969,鲤,6968,鲣,1
6971,鲦,6990,鲹,1
6972,鲧,6196,酌,1
6972,鲧,6989,鲸,1
6973,鲨,910,喾,1
6974,鲩,6939,鲀,1
6976,鲫,6139,邰,1
6976,鲫,6146,邹,1
6976,鲫,6946,鲈,1
6978,鲭,5895,踌,1
6980,鲯,6965,鲠,1
6983,鲲,2382,斌,1
6984,鲳,6184,鄙,1
6986,鲵,6974,鲩,1
6989,鲸,1773,彭,1
6989,鲸,2735,椁,1
6989,鲸,4879,致,1
6989,鲸,6951,鲍,1
6989,鲸,6964,鲟,1
6989,鲸,7013,鳑,1
6991,鲺,6944,鲆,1
6995,鲾,6918,鬲,1
6997,鳁,6984,鲳,1
6999,鳃,6429,锪,1
6999,鳃,6789,饮,1
6999,鳃,6986,鲵,1
7000,鳄,7023,鳝,1
7000,鳄,7028,鳤,1
7001,鳅,6443,锹,1
7001,鳅,6995,鲾,1
7002,鳆,6981,鲰,1
7003,鳇,6969,鲤,1
7004,鳈,1,一,1
7005,鳉,6935,鱼,1
7006,鳊,5915,蹁,1
7006,鳊,7010,鳎,1
7008,鳌,3767,留,1
7008,鳌,6269,鏊,1
7010,鳎,6983,鲲,1
7012,鳐,5443,蟹,1
7012,鳐,6972,鲧,1
7013,鳑,5438,蟛,1
7013,鳑,6994,鲽,1
7016,鳕,7020,鳙,1
7017,鳖,2490,暂,1
7017,鳖,3994,瞥,1
7017,鳖,5932,蹩,1
7020,鳙,6241,醣,1
7024,鳞,4117,磷,1
7029,鸟,46,乃,1
7029,鸟,1389,孪,1
7029,鸟,6832,马,1
7030,鸠,6621,雄,1
7031,鸡,3579,猡,1
7031,鸡,7033,鸣,1
7031,鸡,7035,鸥,1
7032,鸢,1382,孟,1
7033,鸣,400,写,1
7035,鸥,2845,欧,1
7036,鸦,4202,稃,1
7036,鸦,4203,稆,1
7036,鸦,4884,舁,1
7036,鸦,6135,邪,1
7036,鸦,6860,骋,1
7036,鸦,7031,鸡,1
7038,鸩,3051,泻,1
7040,鸫,6695,鞨,1
7040,鸫,7036,鸦,1
7042,鸭,1204,夥,1
7042,鸭,3957,眵,1
7042,鸭,5310,蚂,1
7042,鸭,6457,镈,1
7042,鸭,6609,隙,1
7042,鸭,7060,鹀,1
7042,鸭,7073,鹎,1
7043,鸮,7078,鹗,1
7045,鸰,7043,鸮,1
7045,鸰,7057,鸽,1
7047,鸲,1202,够,1
7048,鸳,6849,驾,1
7048,鸳,7032,鸢,1
7048,鸳,7058,鸾,1
7048,鸳,7082,鹜,1
7049,鸵,74,乾,1
7049,鸵,197,佗,1
7049,鸵,6836,驰,1
7049,鸵,6846,驻,1
7051,鸷,532,势,1
7052,鸸,4022,矻,1
7052,鸸,7062,鹂,1
7053,鸹,7039,鸪,1
7055,鸻,5460,行,1
7056,鸼,4912,舶,1
7057,鸽,555,匏,1
7057,鸽,6306,钨,1
7057,鸽,7053,鸹,1
7057,鸽,7059,鸿,1
7059,鸿,2990,沘,1
7059,鸿,3002,沩,1
7060,鹀,3615,玛,1
7063,鹃,2486,晶,1
7063,鹃,4027,码,1
7063,鹃,5526,裼,1
7063,鹃,7043,鸮,1
7063,鹃,7068,鹈,1
7063,鹃,7070,鹊,1
7063,鹃,7087,鹡,1
7065,鹅,1252,妈,1
7065,鹅,7067,鹇,1
7066,鹆,7057,鸽,1
7070,鹊,2367,教,1
7070,鹊,4133,祃,1
7070,鹊,5103,莳,1
7070,鹊,5114,菂,1
7071,鹋,7070,鹊,1
7073,鹎,3744,甪,1
7073,鹎,7072,鹌,1
7074,鹏,4825,腓,1
7075,鹐,6782,饧,1
7076,鹑,7073,鹎,1
7077,鹕,7076,鹑,1
7078,鹗,7077,鹕,1
7079,鹘,7063,鹃,1
7080,鹚,7078,鹗,1
7081,鹛,7080,鹚,1
7082,鹜,7081,鹛,1
7083,鹝,7036,鸦,1
7084,鹞,6370,铮,1
7084,鹞,7082,鹜,1
7087,鹡,508,剿,1
7088,鹣,7068,鹈,1
7088,鹣,7084,鹞,1
7089,鹤,5310,蚂,1
7089,鹤,7038,鸩,1
7089,鹤,7087,鹡,1
7090,鹦,7084,鹞,1
7091,鹧,7088,鹣,1
7092,鹨,7091,鹧,1
7093,鹩,6187,鄣,1
7093,鹩,7092,鹨,1
7094,鹪,7093,鹩,1
7095,鹫,7094,鹪,1
7096,鹬,7081,鹛,1
7096,鹬,7083,鹝,1
7096,鹬,7095,鹫,1
7099,鹰,4862,膺,1
7100,鹱,4727,肓,1
7101,鹲,7068,鹈,1
7104,鹿,2769,榀,1
7104,鹿,3279,漉,1
7104,鹿,7105,麂,1
7105,麂,7104,鹿,1
7106,麇,3342,瀍,1
7106,麇,4429,糜,1
7106,麇,7107,麈,1
7108,麋,4429,糜,1
7111,麝,7108,麋,1
7113,麦,28,丧,1
7113,麦,95,交,1
7113,麦,1228,奏,1
7113,麦,1272,妻,1
7113,麦,2016,戋,1
7113,麦,3904,皮,1
7113,麦,4966,芰,1
7114,麴,6544,阑,1
7116,麻,1648,席,1
7116,麻,2555,材,1
7119,黄,377,共,1
7119,黄,1440,寅,1
7119,黄,5170,董,1
7119,黄,5265,薰,1
7119,黄,5397,蝗,1
7122,黍,886,善,1
7122,黍,2538,本,1
7125,黑,965,嘿,1
7125,黑,1429,害,1
7125,黑,4616,置,1
7125,黑,6253,里,1
7126,黔,4706,聆,1
7126,黔,6903,髟,1
7126,黔,7068,鹈,1
7126,黔,7130,黝,1
7129,黜,7130,黝,1
7129,黜,7134,黥,1
7131,黟,1204,夥,1
7133,黢,7138,黯,1
7134,黥,6911,鬃,1
7134,黥,7132,黠,1
7137,黪,4758,胃,1
7137,黪,5632,诊,1
7138,黯,4487,练,1
7138,黯,6229,醅,1
7145,鼎,6744,颗,1
7146,鼐,7145,鼎,1
7151,鼠,1879,恕,1
7151,鼠,4609,罚,1
7151,鼠,4891,舐,1
7151,鼠,6809,馄,1
7152,鼢,6794,饳,1
7153,鼩,7152,鼢,1
7154,鼫,2374,敫,1
7154,鼫,4497,绍,1
7158,鼷,5922,蹊,1
7158,鼷,7159,鼹,1
7159,鼹,1364,嬖,1
7159,鼹,7156,鼯,1
7160,鼻,928,嗥,1
7160,鼻,1095,垩,1
7160,鼻,3759,畀,1
7160,鼻,6256,量,1
7163,齁,513,劓,1
7163,齁,7157,鼱,1
7165,齉,7163,齁,1
7166,齐,59,乔,1
7166,齐,699,吝,1
7166,齐,4128,礻,1
7168,齿,1532,岜,1
7170,龁,7165,齉,1
7170,龁,7172,龄,1
7172,龄,6959,鲙,1
7178,龊,7171,龃,1
7181,龙,48,乇,1
7181,龙,431,几,1
7181,龙,3048,泷,1
7182,龚,4308,筌,1
7182,龚,5295,虞,1
7184,龟,106,亳,1
7184,龟,364,兔,1
7184,龟,1401,宅,1
7184,龟,1595,嵬,1
7184,龟,2426,旯,1
7184,龟,3744,甪,1
7184,龟,4930,色,1
7185,龠,1443,富,1
